mid,group,risk_class,content,text_len_chars,punct_density,first_person_ratio,data_token_ratio,avg_sentence_len
4504565208086027,wemedia,risk,#新冠后遗症#目前，全球已经有超过430万人感染了新冠病毒。因新冠病毒离世的病患，更是超出了29万！人类对于这场肆虐全球的瘟疫束手无策，病毒至今仍在各国传播和蔓延。而那些在这场浩劫中幸存下来的人们，依然在病痛中挣扎。据报道，在疫情重灾区的欧美国家，越来越多的“康复”病患出现了后遗症...,144.0,0.006944444444444444,0.0,0.016129032258064516,36.0
4504804603450936,wemedia,risk,【美国遭儿童流行病警报 或与#新冠后遗症#有关】日前，美国波士顿儿科医院的医生，进行了一项针对感染新冠病毒肺炎的儿童，肺部组织断层切片的专项研究。研究结果表明，感染新冠肺炎的儿童，肺部部分组织将严重纤维化，造成的后遗症不可忽视。根据波士顿儿科医院的检测，20岁左右成年人感染新冠病毒肺炎后，根据感染病症严重程度的不同，有三分之二的概率可能导致肺部“毛玻璃化”病变，有一半的概率会存在肺部阴影，形成肺部肿块，进一步造成肺部积液，导致患者即便康复，也将遭受肺功能丧失、肺活量减少、呼吸困难的病痛折磨。而针对未成年儿童感染的情况，研究结果表明，和Sars病毒及Mers病毒（中东冠装病毒）感染者类似。一般情况下来说，儿童感染新冠病毒肺炎后症状要比成年人稍轻。但是，如果儿童先期患有慢性疾病，则新冠肺炎造成的病状和后遗症，要比成年人更为严重。与此同时，当地时间5月10日，美国纽约州发现85例儿童感染“炎症综合征”，症状与中毒性休克综合征和川崎病相似，被怀疑与新冠病毒有关。病症已致3名儿童死亡。科莫表示，这可能预示着儿童面临大流行病的风险； 大多数患病的孩子并未表现出新冠肺炎典型症状，但新冠病毒或抗体检测均呈阳性 。纽约州卫生部门近日表示，这种被称作“小儿多系统炎症综合征”疾病被怀疑与新冠肺炎有关，症状与中毒性休克综合征和川崎病相似，可能出现发烧、肠胃病症和皮疹，所有医院如发现病例应立即上报。纽约市方面此前已发布健康警报，提醒医生留意类似病例，在必要时及时联络当地卫生部门，同时提醒家长，如果孩子出现相关症状及时就医。,659.0,0.0,0.0,0.008532423208191127,54.916666666666664
4539939314472210,mainstream,risk,糖尿、脱发、抑郁……逐渐浮出水面的新冠后遗症  #新冠后遗症# #钟南山称新冠无明显肺部后遗症# #新冠肺炎治愈后是否有后遗症# O网页链接,70.0,0.0,0.0,0.0,70.0
4560757477346498,wemedia,risk,读到这篇文章 O网页链接。第一次听说“脑雾”。新冠的种种后遗症，这一种尤其可怕。我应该开始读日记了。明天说不定会轮到我呢？这个年纪，已经开始担心老年症呆。#新冠后遗症#,84.0,0.011904761904761904,0.028169014084507043,0.0,14.0
4581007384642242,mainstream,risk,【#新冠后遗症不容忽视#】头疼恶心、肌肉疼痛、记忆里衰退、脱发……一些新冠肺炎转阴患者仍然遭受着#新冠后遗症#。一位意大利患者称“我们觉得自己像幽灵”，并呼吁更多关注。#新冠病毒最可怕的后遗症# LCGTN记者团的微博视频,111.0,0.0,0.022727272727272728,0.0,55.5
4581021029505153,mainstream,risk,【#新冠后遗症不容忽视#】头疼恶心、肌肉疼痛、记忆里衰退、脱发……一些新冠肺炎转阴患者仍然遭受着#新冠后遗症#。一位意大利患者称“我们觉得自己像幽灵”，并呼吁更多关注。#新冠病毒最可怕的后遗症# LCGTN记者团的微博视频,111.0,0.0,0.022727272727272728,0.0,55.5
4588149744080845,mainstream,risk,【感染新冠病毒或引发精神病和长期后遗症】美国国立卫生研究院举办了讨论“新冠长期症状”问题的研讨会，这指的是在首次感染后，一些病人的症状会持续数周或数月。美国CDC最近也列出了一些患者所经历的持续性症状，包括胸痛、脑雾、疲劳和脱发等。还有一些患者讲述了新冠长期症状带来的影响，包括勃起功能障碍、内分泌失衡、幻觉和类似失智症的症状，这些问题都可能会严重影响日常生活。另外，新冠病毒甚至还会导致严重的精神病症状。#感染新冠或引发精神病和长期后遗症# #新冠后遗症#  O网页链接 L洛杉矶华人资讯网的微博视频,251.0,0.0,0.0,0.0,62.75
4591505303417170,wemedia,risk,#新冠后遗症# 1月9日，《柳叶刀》上的最新研究随访了2020年初曾在武汉金银潭医院住院的1733名新冠病人。研究发现，有76%的人确诊新冠六个月后仍有至少一项症状，包括肌肉无力、疲劳和睡眠障碍，其他心理症状譬如焦虑、抑郁也十分常见。此外，这篇文章还提到患者六个月后抗体水平较感染之初降低，存在再度感染的风险。 2北京·百万庄大街2号院,168.0,0.0,0.0,0.04929577464788732,56.0
4593617966210971,mainstream,risk,脱发还不算完……新冠后遗症“肺硬化、疲劳感” : 韩民族日报 #新冠后遗症# O网页链接对新冠确诊者后遗症调查显示，康复3个月后出现相对较重的脱发和运动时气喘症状，6个月后出现相对较重的疲劳感，部分确诊者还观察到肺功能下降或肺纤维化，并出现精神抑郁感和创伤后紧张障碍症状。韩国中央防疫对策本部(防对本)第二副本部长权埈郁14日在例行记者会上发布了一项“新冠患者临床后遗症研究”的中期结果，该研究由疾病管理厅国立保健研究院和国立中央医疗院进行，对40名成年人确诊者每三个月进行一次检查和问卷调查。权埈郁表示：“部分患者出现了肺功能下降，但随着时间的推移逐渐恢复。在肺部CT观察到，3个月时肺部仍有大面积炎症，6个月后大部分情况有所好转，但出现部分肺纤维化。”肺纤维化指肺硬化现象。他接着解释说：“40为被访者中有中轻症、中症、重症患者，各年龄段分布均匀。肺功能下降方面，60岁以上高龄患者和新冠重症患者较为严重。精神病学后遗症的情况是，随着时间的推移，抑郁感没有减缓，反而出现了创伤后紧张障碍加深的倾向。”O网页链接,457.0,0.0,0.0,0.019753086419753086,57.125
4596827083244697,wemedia,risk,#新冠后遗症# 这是一个切实存在的问题。。。不要以为不会死就满不在乎，让尔痛苦地生。最好防御，最好不得。。。福奇警告：新冠引发的长期症状是一大问题 O福奇警告：新冠引发的长期症状是一大问题,94.0,0.0,0.0,0.0,13.428571428571429
4598011101453805,mainstream,risk,新冠治愈后：四成患者依然在承受“这一”后遗症 #新冠# #新冠后遗症# #新冠肺炎后遗症# #新冠肺炎治愈后是否有后遗症# O网页链接,67.0,0.0,0.0,0.0,67.0
4598533153620668,mainstream,risk,【“自从得了新冠，看见食物就想吐”】克莱尔在去年3月感染了新冠，和许多人一样，她失去了嗅觉。她说她再也不想忍受看见食物就想吐的日子了。她看见自己曾经喜欢的外卖都觉得很恶心，因为它们散发着不新鲜的香水味，而且每次把东西放进烤箱时，都有一种令人难以抗拒的化学物质或烧焦的味道。自从去年夏天以来，她一直只吃面包和奶酪，她也只能忍受那个味道；有时候一点力气也没有，而且浑身酸痛。新冠在很大程度上影响了她的生活，她大部分时间都在哭，觉得异常痛苦。据BBC统计，约65%的新冠病毒患者失去了嗅觉和味觉，其中约10%的人会发展为“定性嗅觉功能障碍”，这意味着当你闻到不存在的东西时，那个气味就像变质了一样让人无法享受。有些人甚至觉得某些事物像尸体腐烂发出的那种酸臭味...这种状况持续久了还可能会引发躁郁症。目前大概全球1亿新冠患者中有多达650万人可能正经历长期的新冠带来的躁郁症。#英国疫情# #新冠病毒最可怕的后遗症# #新冠后遗症#,413.0,0.0,0.0027472527472527475,0.013736263736263736,45.888888888888886
4610950143937042,mainstream,risk,见鬼Tesla你敢坐吗？口罩要带好 男子得新冠=不育？！【漏网新闻】Tesla最近很火竟然还火到见鬼了！开Tesla路经墓地的朋友们要注意了，你的爱车很可能看到一些你看不到的东西。科学家研究发现，得过新冠的男子很可能会出现无精症！男士们听了专家的这番话可能会被吓得带好三层口罩。Tesla #特斯拉# #马斯克# #见鬼# #灵异事件# #新冠后遗症# #无精症# #modelX# #AI# #天价小费#  L天下衛視的微博视频,216.0,0.023148148148148147,0.0,0.0,30.857142857142858
4617718915663732,mainstream,risk,【#新冠后遗症# 】难忍新冠后遗症 得州Roadhouse创始人自杀身亡【侨报网综合讯】连锁餐厅“得克萨斯客栈”（Texas Roadhouse）的创始人和CEO肯特·泰勒，近日因难忍新冠肺炎后遗症的困扰而自杀。O网页链接,111.0,0.0,0.0,0.0,111.0
4625583860356063,wemedia,risk,你知道吗？新冠后遗症比新冠病毒本身更可怕。我们能做的就是加强防护，接种疫苗就是方法之一。那么你接种新冠疫苗了吗？#新冠后遗症# #疫苗接种# #兜小得科普#  L我是兜小得的微博视频,91.0,0.02197802197802198,0.02631578947368421,0.0,22.75
4642676982944238,wemedia,risk,大家都说科兴打完几乎没什么不良反应，我第一针结束后也没什么反应，第二针的接种卡写是科兴的，一直以为自己打的是科兴直到今第二针结束原来是北生Oh～No我开始心理作用地觉得不舒服了 #关注新冠肺炎##新冠后遗症##新冠接种#,110.0,0.0,0.030927835051546393,0.0,110.0
4659298556447438,mainstream,risk,【健康医疗】#新冠疫情# #新冠后遗症# 截至2021年3月12日全球累计确诊新冠肺炎病例11906万例，累计治愈9129万例，治愈率达到76.7%。然而新冠肺炎治愈的标准仅仅是肺炎症状好转，多次核酸检测呈现阴性，新冠后遗症却并不包含在“治愈的标准”中。目前针对新冠肺炎后遗症的临床统计和医学观察尚处在起步阶段，有限的信息显示新冠肺炎后续的最常见症状包括疲劳、呼吸困难、咳嗽、身体部位疼痛、发烧、认知障碍等，严重的并发症较少。这些持续的症状给患者和公共卫生从业人员带来新的挑战。研究显示大多数的新冠肺炎治愈者短期内很难恢复到患病前的工作状态。详情请戳：O新冠肺炎“新”挑战——后遗症,291.0,0.0,0.0,0.024390243902439025,58.2
4679613408349034,wemedia,risk,发布了头条文章：《泰国专家敦促新冠康复者定期进行肾脏检查》 #泰国疫情# #新冠后遗症#  O泰国专家敦促新冠康复者定期进行肾脏检查,66.0,0.0,0.0,0.0,66.0
4685415632606947,mainstream,risk,#新冠后遗症#又称长期新冠，用来描述在患急性新冠肺炎后未能恢复到以前健康状态的情况。目前，全球累计确认新冠患者人数已超过2.2亿，累计痊愈人数将近2亿。然而，有近半数患者在痊愈后仍然受到多种后遗症的困扰。随着疫情曲线趋于平缓，后遗症问题日益突出，并逐渐从个人健康问题上升至社会问题，影响着防疫政策的变动。本文聚焦于新冠后遗症的最新研究结果，从公共医疗支持和家庭环境两方面梳理现有的康复治疗措施，并尝试给出初步建议。详情请戳：O面对新冠后遗症，该怎么办？,226.0,0.004424778761061947,0.0,0.009708737864077669,37.666666666666664
4694025947581553,mainstream,risk,#儿童新冠后遗症或被严重低估#近日以色列的相关调查及临床实践表明，新冠肺炎对儿童的威胁可能被严重低估，儿童感染新冠病毒后可能面临多种长期、严重的后遗症，且这些后遗症的诊断和治疗都需要进一步研究。据悉，从2020年4月至今，以色列发现约100名新冠肺炎康复儿童患上“儿童多系统炎症综合征（PIMS）”。所谓PIMS通常在感染新冠病毒8周到10周后出现，其开始表现为胃痛、皮疹和发烧，但可能发展成危及生命的心脏损伤，需要及时住院治疗。2021年10月9日，一名16岁的以色列少年因患PIMS死亡。霍夫农还说，很多儿童的后遗症表现为味觉和嗅觉缺失，其感到食物的味道完全改变了，因此会出现挑食等现象，导致严重的营养不良。（健识局 廿十三）#新冠后遗症##儿童新冠症状#,330.0,0.0,0.0,0.032490974729241874,66.0
4707215397356132,wemedia,risk,#新冠后遗症#睡眠困难、呼吸急促、疲劳和关节疼痛是在随访中观察到的常见症状，近三分之一的非严重病例有这些症状。在近1年的随访中，新冠肺炎幸存者仍存在多系统问题，包括呼吸功能、生活质量、焦虑和抑郁等。此外，非重症患者也有一定的后遗症，非重症患者IgG阴性比例高于重症患者。因此，在该人群中开展随访并预防新冠再感染是必要的。,160.0,0.0,0.0,0.007042253521126761,40.0
4707220052509744,wemedia,risk,#新冠后遗症#睡眠困难、呼吸急促、疲劳和关节疼痛，这不是上班后遗症吗？,35.0,0.02857142857142857,0.0,0.0,35.0
4707257495060761,wemedia,risk,"#新冠后遗症# 所以还是建议打了两针的，赶紧打第三针,进馆在防疫方面，我们做得很好，但也不要心存侥幸，毕竟没有完全消灭新冠病毒。不管，年轻与否，体质好坏新冠的后遗症都会让你难受一生，再会上面的损伤大多数是不可逆的。",107.0,0.0,0.010638297872340425,0.0,53.5
4707343525216283,wemedia,risk,#新冠后遗症#是永久性伤害吗？希望疫情快点消失吧，戴好口罩😷,30.0,0.03333333333333333,0.0,0.0,30.0
4707354547585775,wemedia,risk,#新冠后遗症#这就是永久伤害了。。,17.0,0.0,0.0,0.0,8.5
4709252498720296,mainstream,risk,#新冠后遗症#   #关注新冠肺炎#  #奥密克戎变异株#  发布了头条文章：《JAMA丨头痛、焦虑、呼吸困难……那些新冠幸存者，现在怎么样了？》  OJAMA丨头痛、焦虑、呼吸困难……那些新冠幸存者，现在怎么样了？,108.0,0.018518518518518517,0.0,0.0,54.0
4715307720247276,wemedia,risk,潜龙爆料幽默话题武汉协和医院团队发表新冠后遗症最新研究结果：即便是轻症，出院近一年仍存在多系统问题 #新冠病毒##新冠后遗症##潜龙爆料幽默话题##蛛网搜奇趣##杭州##我的大余杭# L潜龙爆笑的微博视频,103.0,0.0,0.011627906976744186,0.0,103.0
4725576927806708,wemedia,risk,男同胞们要特别注意了，新冠后遗症国外最新研究结果，JJ变小，勃起障碍回想“他好，我也好”的那个广告，你们明白严重性了吗？#新冠后遗症##男性新冠后遗症#1月13日，俄罗斯卫星通讯社消息，英国伦敦大学学院对新冠病毒感染者后遗症近期一项研究显示，统计数据中有近5%的成年男性，在感染新冠病毒后出现了睾丸和阴茎体积减小的情况，另外还有15%的人反映经历了勃起功能丧失。《世界男性健康杂志》刊登的研究解释了新冠病毒会引起血管功能障碍和内皮功能障碍，这俩促成了男性的勃起功能障碍。听着挺高深的，咱简单理解就是得了新冠，就有可能你也不好了，她也不好了估计西方那些反对防疫的“自由派”们，看到这个研究报告会不会连骂三声“F**K”也许历史会告诉世界答案，后面几十年，西方昂撒人口急剧下滑配图太难了，谁能给赞助一下合适的图啊 2天津,358.0,0.002793296089385475,0.0031545741324921135,0.015772870662460567,119.33333333333333
4726617449959081,mainstream,risk,影响长度可还行？！ #新冠后遗症#   O新冠后遗症，或永久损伤男性性功能，你怕了吗,42.0,0.047619047619047616,0.0,0.0,21.0
4727101728753175,wemedia,risk,【近千澳人打完加强针后出现不良反应！TGA：18人出现罕见心脏炎症】澳洲广播公司1月17日报道称，澳大利亚药品监管机构TGA确认，部分接种者打完新冠加强针后出现了与心脏有关的罕见不良反应。报道称，与mRNA疫苗相关的严重罕见副作用包括：心肌炎、心包炎或心脏周围内膜炎症。TGA表示，在接种辉瑞疫苗的人群中，每10万人会出现1-2例心肌炎，莫德纳则为2-3例。TGA强调，心肌炎“通常很轻微，经过数日治疗和休息后一般即会痊愈”，但仍约有一半的病例需要住院治疗。详情点击：O近千澳人打完加强针后出现不良反应！TGA：18人出现罕见心脏炎症#澳大利亚##新冠后遗症#,280.0,0.007142857142857143,0.0,0.03862660944206009,46.666666666666664
4727711329420433,mainstream,risk,#学术头条快讯# 【脑脊液为感染新冠后的“脑雾”提供线索】康奈尔医学院的研究人员通过腰椎穿刺分析了17名新冠患者的脑脊液，在13名有脑雾症状的患者中10名发现了脑脊液蛋白质水平异常升高，者意味着全身炎症和脑部发炎。 穿刺的平均时间为感染后10个月。原文链接：O网页链接O网页链接#新冠后遗症#,146.0,0.0,0.0,0.031496062992125984,73.0
4728085846687766,wemedia,risk,#微博新知博主# #新冠# #新冠后遗症# 新冠患者即使无症状或轻度感染，注意力和记忆力在数月时间内也会有所下降？牛津大学实验心理学系和纳菲尔德临床神经科学系的研究人员表明，患有新冠病毒但在日常生活中没有长期出现新冠病毒症状的人在长达 6-9 个月的时间里会表现出注意力和记忆力下降。论文发表在《Brain Communications》。研究的意义：新冠后遗症一直是一个比较热门的议题，而大脑又可以说是人体最重要的一个器官，所以研究新冠感染后可能对大脑产生的长期影响本身就很有价值。加上该项研究纳入的研究人群，主要还是平均年龄28岁的年轻群体，且基本都是轻症患者，所以至少还有两个意义：I. 别仗着年轻就牛逼II.别觉得自己身体好，就不怕被感染。研究方法：简单来讲，就是找了两组人，一组是曾经感染了新冠的（把症状比较重的剔除掉了），一组是自述没有感染的（这里面有8个人，后面被发现抗原检测是感染的，也被剔除掉了）。然后通过一系列的测试，来比较两组人的表现是否具有显著性差异。具体的测试，我也不是很懂，但感觉蛮有意思的，我都有点想玩。研究结论：一个好消息，一个坏消息，你先听那个？先来坏的吧：就是感染过新冠的人，在测试的准确度上比起健康组别，确实有明显的下降，而且即便测试只有9分钟，感染过新冠的人从第一分钟起，就更容易感到疲惫。反正，笼统来看也可以说是专注力和记忆力有所下降吧。还有好消息？额，就当苦中作个乐吧，就是即便感染过新冠，但自信基本都还是在线的，因为在虽然测试的结果显示出了两个组别的差异，但是在自评的结果上，两组人员的情况基本没有差异（也就是说，感染了新冠的人员，自己并不觉的容易疲惫，睡眠不好，记忆力下降等等....）。研究的局限性：最主要的我觉得，还是样本量的问题，COIVD组别53人，对照组83人，且在认知测试的时候，两组人员还有进一步的减少，所以可能后续还需要进一步的验证，才能让结论更有信服力。另外也是由于样本量的问题，对于其它年龄段的感染者是否有同样的症状也还是未知数。其次就是对于造成损伤的机理还不清楚，虽然前段时间也有报道，通过尸检，也确实在感染者大脑也发现了新冠病毒，但这些病毒是否直接或间接的导致了这些后遗症呢？目前暂无定论。最后，就是这种后遗症是否会一直持续下去，还是会在更长的时间后，逐步恢复，也许要进一步的持续观察。,979.0,0.0040858018386108275,0.005875440658049354,0.008225616921269096,54.388888888888886
4728103554782154,mainstream,risk,"#新冠# #新冠后遗症# 新冠患者即使无症状或轻度感染，注意力和记忆力在数月时间内也会有所下降？牛津大学实验心理学系和纳菲尔德临床神经科学系的研究人员表明，患有新冠病毒但在日常生活中没有长期出现新冠病毒症状的人在长达 6-9 个月的时间里会表现出注意力和记忆力下降。论文发表在《Brain Communications》。提起新冠持续症状和后遗症，就不得不提所谓的“长期新冠肺炎（Long Covid）”。据外媒BGR报道，全球最大规模的“Long COVID”研究认为，许多患者在初次感染新冠病毒后，至少6个月内都会出现COVID-19症状。事实上，关于长期新冠肺炎的研究已经持续了一段时间。在Pubmed以“Long Covid”为关键词进行搜索，可以得到大约900多个相关研究和综述的结果，大部分文章的top word都集中在了Post-COVID Conditions、Long Covid，也即新冠后遗症和长期新冠肺炎领域。2021年7月15日发表在《柳叶刀》子刊《EClinical Medicine》上的一项研究称，那些经历了""长期新冠""的患者，累计报告了200多种症状，涵盖人体10个器官系统。《美国肾脏病学杂志》去年11月份发表的文章也提到了患者可能存在急性新冠肺炎后可能出现肾脏事件的风险增加。另外，尽管目前长期新冠肺炎的发病率尚不明了，但关于新冠后遗症的随访研究已经有了一些结果。2021年8月28日发表在柳叶刀杂志的一项纳入1276名新冠病人，平均随访时间12个月的大型研究显示，接近50%的病人在出院后一年内仍不同程度受到新冠影响。图源网络，侵删",686.0,0.0014577259475218659,0.0,0.03359683794466403,62.36363636363637
4742422955294793,mainstream,risk,新西兰已有不少孩子出现“非典型”新冠症状！遇到这些情况立即送院…儿童亦可患“后遗症”！#新西兰##海外疫情##儿童##新冠后遗症#O新西兰已有不少孩子出现“非典型”新冠症状！遇到这些情况立即送院…儿童亦可患“后遗症”！,109.0,0.03669724770642202,0.0,0.0,27.25
4742485429193100,mainstream,risk,【半数康复者出现#新冠后遗症# 】东京都世田谷区针对大约9000名新冠病毒既往感染者提出了希望配合参与问卷调查的请求。2021年7月到8月期间，共计收到3710份有效回答。表示在出院日或疗养结束日以后“出现过后遗症”或“现在还有后遗症症状”的受访者比例达到48.1%。从性别来看，女性（54.3%）大幅高于男性（41.9%）。从年龄来看，30到39岁（53.0%）、40到49岁（54.2%）、50到59岁（54.6%）这三个年龄段比例较高。针对回答“出现过后遗症”或“有后遗症”的受访者进一步询问具体症状（多选）的结果显示，选择“嗅觉障碍”的受访者最多，占比为54.4%，然后依次是“全身倦怠感”（50.0%）、“味觉障碍”（44.8%）、“咳嗽”（34.5%）、“呼吸困难”（29.8%）、“头痛”（25.4%）等。关于持续三个月以上、对日常生活造成影响的症状，选择嗅觉障碍的受访者最多，占比为38.7%，然后依次是全身倦怠感（28.0%）、味觉障碍（21.7%）、注意力下降（20.5%）、睡眠障碍（18.5%）、呼吸困难（17.6%）等。另外，既往感染者的疗养时间平均为15.5天，从时间长短来看，“13到15天”的受访者最多，占比为29.6%，然后依次是“8到10天”（25.8%）、“20天以上”（17.5%）、“7天以下”（16.9%）等。更多请看日本网：O网页链接日本 #新冠病毒# #新冠病人痊愈后出现多种后遗症# #嗅觉障碍#,624.0,0.0,0.0,0.09523809523809523,78.0
4744586796204125,mainstream,risk,新西兰“失去对确诊数的控制”…住院率飙升，医院严重缺人；轻症或仍有脑改变！做好这些避免“后遗症”#新西兰##海外疫情##新冠后遗症##新冠脑改变#O新西兰“失去对确诊数的控制”…住院率飙升，医院严重缺人；轻症或仍有脑改变！做好这些避免“后遗症”,122.0,0.01639344262295082,0.0,0.0,30.5
4744865307432162,wemedia,risk,#新冠后遗症# 最近又出来一个研究，是牛津大学研究团队在【自然】杂志的一篇文章，内容表示新冠这个病毒可能让人大脑灰质数量及脑组织萎缩，最终可能让你提前进入衰老期，最少提前10年。新冠到现在已有2年，除了疫苗，目前学界一直有新的研究发现，对于它产生的后遗症及持续的破坏力，都还没有定论；这时候谁还对你鼓吹这是大号感冒，那基本等同于跟你有仇了......,175.0,0.0,0.0,0.013157894736842105,87.5
4745136145961993,wemedia,risk,#牛津大学# 最新研究揭露重大后遗症！感染新冠后人的脑容量会变小，神经出现退化，认知力会减弱，随着年龄增长愈发明显，中老年大脑退化率可能增加两倍！研究发现，与同龄人相比，新冠康复者在认知测试的表现上得分较低。这是迄今为止证明感染会对神经系统造成长期损害的最有力研究。#新冠后遗症#,140.0,0.014285714285714285,0.0,0.0,35.0
4746511869545921,mainstream,risk,#新冠病毒或加速大脑萎缩#近日，英国牛津大学发表在《自然》杂志上的一项研究表明，新冠病毒可能会导致大脑萎缩，患者大脑中控制情绪和记忆区域的灰质可能会因此减少。研究还发现，一些新冠患者还会出现包括注意力、专注力、信息处理速度下降和记忆力受损等情况。研究人员表示，这些影响是否可以部分逆转，或者是否会长期存在，还需要进一步调查。#新冠后遗症# L搜狐视频移动客户端的微博视频,185.0,0.0,0.0,0.0,61.666666666666664
4746879538041348,wemedia,risk,#新冠后遗症#后遗症多达16条 L小鸡呀天的微博视频,26.0,0.0,0.0,0.045454545454545456,26.0
4746881329005595,wemedia,risk,新冠后遗症：即便是非重症患者，在确诊新冠近1年后，依旧存在多系统问题，如睡眠困难、呼吸急促、乏力和关节疼痛等身体症状，以及焦虑、抑郁等心理问题。#新冠后遗症# L种草达人猪哥的微博视频,92.0,0.0,0.0,0.0125,92.0
4746882679049390,wemedia,risk,#新冠后遗症#新冠还有后遗症？美国亿万富翁都治不好，国外的新冠有多可怕？ L娱中生有的微博视频,47.0,0.0425531914893617,0.0,0.0,23.5
4746884729540771,wemedia,risk,#新冠后遗症#后遗症多达16条 L小鸡呀天的微博视频,26.0,0.0,0.0,0.045454545454545456,26.0
4746885899747796,mainstream,risk,#新冠后遗症#新冠后遗症有多可怕？武汉协和医院研究成果发布，太可怕了O网页链接,39.0,0.02564102564102564,0.0,0.0,39.0
4746886403589925,wemedia,risk,#新冠后遗症#额……怎么感觉新冠后遗症很多症状抑郁症患者或多或少都有并且还是长期伴随那种所以各位还是惜命吧，做好防护，少到处跑。别说什么打了疫苗顶多是轻症，后遗症的代价承受不起呀,89.0,0.0,0.0,0.0,89.0
4746888504935561,wemedia,risk,#新冠后遗症#叫嚣开放共存的不是蠢就是坏，看看吉林医护人员的手因为长期戴防护手套都烂成什么样子了，现在每日增加一千多尚且需要全省支援，一旦进行所谓的开放共存，感染人数由每天一两千变成每天一两万，还让不让医护人员活了？到时全国全面开花，各地尚且自顾不暇，上哪里去要增援？东北地区本来因为天气严寒室内外温差大，高血压心脏病患者极多，再感染新冠，这些人的性命又如何保障？,182.0,0.016483516483516484,0.0,0.0,60.666666666666664
4746888773899234,wemedia,risk,#新冠后遗症#其实早在2020年湖北省人民政府就曾发文提示：感染新冠肺炎的适龄男性应进行生育能力检查。后来世界各地学者的研究也证实，新冠的确会影响生育能力，其中损害程度，男性要明显大于女性。,95.0,0.0,0.0,0.011904761904761904,47.5
4746892421890226,wemedia,risk,#新冠后遗症# 看着身边确诊隔离回来的 天天咳嗽 本来身体挺好的  得了这病体抗力啥的都差了(ᇂ_ᇂ|||),54.0,0.0,0.0,0.0,54.0
4746892757699399,wemedia,risk,#新冠后遗症# 确实有后遗症啊，不要扯什么共存致死率低，是不死就行的吗？治得好就可以觉得感染没关系了吗？是人都不想生病吧。,61.0,0.03278688524590164,0.0,0.0,20.333333333333332
4746894133430087,mainstream,risk,新冠后遗症：即便是非重症患者，在确诊新冠近1年后，依旧存在多系统问题，如睡眠困难、呼吸急促、乏力和关节疼痛等身体症状，以及焦虑、抑郁等心理问题。#新冠后遗症# L种草达人猪哥的微博视频,92.0,0.0,0.0,0.0125,92.0
4746894570161810,wemedia,risk,#新冠后遗症#脑萎缩➕各种后遗症保护好自己,21.0,0.0,0.05555555555555555,0.0,21.0
4746894946864915,mainstream,risk,新冠后遗症：即便是非重症患者，在确诊新冠近1年后，依旧存在多系统问题，如睡眠困难、呼吸急促、乏力和关节疼痛等身体症状，以及焦虑、抑郁等心理问题。#新冠后遗症# L种草达人猪哥的微博视频   2成都,98.0,0.0,0.0,0.024096385542168676,98.0
4746895643379683,wemedia,risk,#新冠后遗症#我怕的是新冠？还不是怕这后遗症,22.0,0.045454545454545456,0.05263157894736842,0.0,22.0
4746897128164507,wemedia,risk,#新冠后遗症#然而一直有论调认为新冠攻击性降低甚至比流感还要低……再低我也不想得，谁想得自己得去,48.0,0.0,0.046511627906976744,0.0,48.0
4746897493333038,wemedia,risk,新冠后遗症：即便是非重症患者，在确诊新冠近1年后，依旧存在多系统问题，如睡眠困难、呼吸急促、乏力和关节疼痛等身体症状，以及焦虑、抑郁等心理问题。#新冠后遗症# L种草达人猪哥的微博视频,92.0,0.0,0.0,0.0125,92.0
4746898651746607,wemedia,risk,#新冠后遗症#突然想起一句话“好像大家都忘了新冠是会死人的”,30.0,0.0,0.0,0.0,30.0
4746898621595818,wemedia,risk,#新冠后遗症#唉~真的是，快点过去吧🙏🏻,20.0,0.0,0.0,0.0,20.0
4746899297407805,wemedia,risk,#新冠后遗症#这种日子什么时候到头啊,18.0,0.0,0.0,0.0,18.0
4746899649464642,wemedia,risk,#新冠后遗症#他们都说，jj会变短 2杭州·长河,24.0,0.0,0.0,0.05555555555555555,24.0
4746900199181215,wemedia,risk,#新冠后遗症#可怕可怕 ，还是注意点好,19.0,0.0,0.0,0.0,19.0
4746900656099560,wemedia,risk,#新冠后遗症#只能说庆幸我得的是变异株的新冠…别的没啥，就是要两个月了嗓子也没完全好，不能大声说话。但是有个同事得的不是变异株，她最近记忆力不太好，每天用的电脑的开机密码都能突然忘了，输了好几个都不对，我很久以前登过两次她的电脑，所以最后是我告诉她的密码,127.0,0.0,0.02586206896551724,0.0,127.0
4746900609440699,wemedia,risk,#新冠后遗症#身体上的疾病不好康复心理阴影也同样折磨人我崽上学的时候口罩带子断掉了下学的时候把口鼻缩在领子里出来的活脱一偷地雷的小特务我看着他好好笑笑完又心酸,79.0,0.0,0.025974025974025976,0.0,79.0
4746900987711578,wemedia,risk,#新冠后遗症#好可怕，希望快点有特效药。,20.0,0.0,0.0,0.0,20.0
4746901297040822,wemedia,risk,#新冠后遗症#好可怕呀，做好防护吧,17.0,0.0,0.0,0.0,17.0
4746901864580803,wemedia,risk,#新冠后遗症#新冠最常见的持续症状是疲劳、气短、咳嗽、关节痛和胸痛。其他问题包括认知障碍、注意力不集中、抑郁、肌肉疼痛、头痛、嗅觉障碍、心跳加快和间歇性发烧。患有新冠后综合征的风险因素，包括高血压、吸烟、糖尿病、肥胖和其他基础疾病的人更有可能患上严重的新冠。新冠病毒已被证明对全身各个器官包括心脏、肾脏和血管系统及嗅觉等都有损害作用。对大多数人来说，轻度或中度新冠症状会持续约两周。但有些人即使在疾病的急性期康复后也会遇到挥之不去的后续健康问题。在这些患者中，他们体内不再有活的冠状病毒，新冠检测结果也呈阴性。但尽管如此，他们仍可能变得非常虚弱。 L水至尊的微博视频,283.0,0.0,0.0,0.0,35.375
4746902131970344,wemedia,risk,#新冠后遗症#  办公室就在讨论，女孩子说最怕的就是味觉失调，几个男在乎的是生育能力,42.0,0.0,0.0,0.0,42.0
4746902178631056,wemedia,risk,#新冠后遗症#说白了，就是肺损伤了，一个肺切除了部分，这些类似的症状也存在！,38.0,0.02631578947368421,0.0,0.0,38.0
4746902525971723,wemedia,risk,#新冠后遗症#看过一个报道，最严重的后遗症是大舌头和男性生殖器变小，好像还发表在了权威的医学期刊上大家一定要带好口罩 没事少出去。3.8CM！ 2北京,75.0,0.013333333333333334,0.0,0.03125,37.5
4746902501067712,wemedia,risk,#新冠后遗症#还是躺平吧，一切听天由命,19.0,0.0,0.0,0.0,19.0
4746902392799919,wemedia,risk,#新冠后遗症#dy刷到一个外国20岁小姐姐说嗅觉倒错，吃东西会闻到下水道的恶臭味，每次聚会都强忍着不敢表露，嗅觉倒错十个月，医生说如果这种情形持续一年可能无法恢复。真的好可怕啊。,89.0,0.0,0.0,0.012658227848101266,44.5
4746902560314212,wemedia,risk,#新冠后遗症#新冠不可怕，可怕的这些后遗症睡眠困难、呼吸急促、乏力和关节疼痛等身体症状，以及焦虑、抑郁等心理问题。,57.0,0.0,0.0,0.0,57.0
4746902791261391,wemedia,risk,#新冠后遗症#那些说平时也会有这些症状的  确实是存在但这个后遗症是指本来没有这些症状  但是新冠痊愈之后出现了这些症状  而且会是长期性的所以还是不要轻易拿这些开玩笑  是挺可怕的一件事   大概会潜移默化的伴随很久很久….,113.0,0.0,0.0,0.0,113.0
4746903160621562,wemedia,risk,#新冠后遗症#所以这些后遗症是一定会有还是说看个人身体情况？？,31.0,0.06451612903225806,0.0,0.0,15.5
4746903642969331,wemedia,risk,#新冠后遗症#感觉新冠不可怕后遗症才可怕,20.0,0.0,0.0,0.0,20.0
4746903948366775,wemedia,risk,#新冠后遗症#昨天刚刷到一个味觉倒错的……真的好可怕，疫情快结束🙏,33.0,0.0,0.0,0.0,33.0
4746904536093249,wemedia,risk,#新冠后遗症#其实有后遗症确实是蛮可怕的但是当下也没办法了呀，先给控制下来才是正道,41.0,0.0,0.0,0.0,41.0
4746905748507862,wemedia,risk,#新冠后遗症#创亖那些唧唧歪歪喊躺平共存的人，以兔庞大的人口基数，医疗系统就等着崩了，到时轮不轮得上去医院还两说，死的不只是新冠患者，还有得不到救助的普通病人,79.0,0.0,0.0,0.0,79.0
4746905794645694,wemedia,risk,#新冠后遗症#根据权威医学媒体证实，新冠患者在康复后的一段时间里，至少会出现一项后遗症，包括但不限于疲劳、头痛、注意力障碍、脱发、呼吸困难和其他后遗症，最新研究也表明，感染新冠会导致大脑皮层变薄，跟昨天牛津发的大脑损伤可能有关系不过遗憾的是，现有研究都没提到后遗症和各种症状，多久能康复？是暂时还是终身，是能缓解还是不可逆，是看个体还是普遍，因为时间不长，病毒变异太快，这些都还没能研究清楚，我们能做的还是做好防护，能少出门就少出门，别以为真的是大型流感，到时候拿自己身体开玩笑，那就不好玩了,246.0,0.0040650406504065045,0.00904977375565611,0.0,246.0
4746905802769801,wemedia,risk,#新冠后遗症#继续发一遍，有关新冠后遗症。高喊群体免疫学习国外躺平的看看，你们能接受身上出现这些症状吗🙃,52.0,0.0,0.0,0.0,52.0
4746905588337340,wemedia,risk,我们人口14亿，每个决定都深思熟虑过有些人脑壳有包，就觉得众人皆醉他独醒成天喊着经济不行了，要效仿别国群体免疫群体免疫的代价是死亡人数和#新冠后遗症#真开放了，医疗跟不上，估计比谁都急人都没了要钱有什么用？咱们普通老百姓，想不到多高深的层面上去我始终相信并支持国家会用最好的方案防疫,141.0,0.0070921985815602835,0.015267175572519083,0.007633587786259542,141.0
4746908884799465,mainstream,risk,【#牛津大学研究发现新冠病毒或加速大脑萎缩#】据外媒报道，英国牛津大学发表在《自然》杂志上的一项研究表明，#新冠病毒可能导致大脑萎缩#。一些新冠患者会出现包括注意力、专注力、信息处理速度下降和记忆力受损等情况。研究人员表示，这些影响是否可以部分逆转，或者是否会长期存在，还需进一步调查。#新冠后遗症# @央视频 L央视频的微博视频,165.0,0.0,0.0,0.0,55.0
4746911351573004,mainstream,risk,【#牛津大学研究发现新冠病毒或加速大脑萎缩#】据外媒报道，英国牛津大学发表在《自然》杂志上的一项研究表明，#新冠病毒可能导致大脑萎缩#。一些新冠患者会出现包括注意力、专注力、信息处理速度下降和记忆力受损等情况。研究人员表示，这些影响是否可以部分逆转，或者是否会长期存在，还需进一步调查。#新冠后遗症# @央视频 L央视频的微博视频,165.0,0.0,0.0,0.0,55.0
4746912073517067,wemedia,risk,#新冠后遗症#救命我求求别洗这个 新冠就是一种很严重的病让你断胳膊断腿，做个大病手术，也能恢复好不至于死 你乐意呀？？什么有基础病的才严重难道只限于八九十岁老人吗？人过了三四十机体都在走下坡路了，尤其是社畜人，人到中年的谁没有基础病啊，谁能拍着胸脯说自己体质好啊？更别说体弱的过敏的有哮喘的等等等等不用看任何科学研究 就随便去看看一些得新冠的博主 一个个都难受成什么样儿了况且新冠又不像天花 二次三次感染的大有人在好吧 动不动得场大病的话是个人都知道意味着什么吧这吹死亡率低到底有什么意义我也反对过度防疫 反对僵化政策 但是既然一开始选择了这条清零的路线 大家一起什么罪都遭了现在至少不要说瞎话吧,298.0,0.013422818791946308,0.01079136690647482,0.0,74.5
4746912153208364,wemedia,risk,#新冠后遗症#不用得新冠，已经开始变傻了,20.0,0.0,0.0,0.0,20.0
4746912781308454,mainstream,risk,【#牛津大学研究发现新冠病毒或加速大脑萎缩#】据外媒报道，英国牛津大学发表在《自然》杂志上的一项研究表明，#新冠病毒可能导致大脑萎缩#。一些新冠患者会出现包括注意力、专注力、信息处理速度下降和记忆力受损等情况。研究人员表示，这些影响是否可以部分逆转，或者是否会长期存在，还需进一步调查。#新冠后遗症#L央视频的微博视频,159.0,0.0,0.0,0.0,53.0
4746912948814232,mainstream,risk,【#牛津大学研究发现新冠病毒或加速大脑萎缩#】据外媒报道，英国牛津大学发表在《自然》杂志上的一项研究表明，#新冠病毒可能导致大脑萎缩#。一些新冠患者会出现包括注意力、专注力、信息处理速度下降和记忆力受损等情况。研究人员表示，这些影响是否可以部分逆转，或者是否会长期存在，还需进一步调查。#新冠后遗症#L央视频的微博视频,159.0,0.0,0.0,0.0,53.0
4746913549913564,wemedia,risk,#新冠后遗症# 我觉得拒绝和新冠病毒共存很大原因是控制了这么久都有成效，现在放开那么之前很多努力都白费了，我们国家的医疗资源没那么充足的，一旦普遍存在，国家的医疗资源绝对匮乏，床位、呼吸机、药物等等，到时候就有很多人会因为无法及时得到救治死去，看看外国因为新冠死的多不多，你能保证你家人身边人感染后能及时获得医疗资源吗？,160.0,0.00625,0.0136986301369863,0.0,160.0
4746913759625519,mainstream,risk,#全球正发生# 【美国各地放宽口罩令 多方人士批评：毫无远见！完全无视易感人群生命】 美国政治新闻网站（Politico）3月13日刊文称，现如今美国拜登政府迫不及待地想“度过”新冠疫情，各州卫生官员正解除学校和室内公共场所佩戴口罩的规定，全美企业也要求员工返岗工作。然而，对于数百万美国人来说，疫情远未结束，很多人因患有慢性病等疾病而非常容易感染新冠肺炎。易感人群认为，拜登政府取消佩戴口罩要求的决定毫无远见并且十分危险，完全没有考虑到不想被感染的人。前白宫官员伊泽基尔·伊曼纽尔（Ezekiel Emanuel）指出，鉴于目前的确诊病例数仍保持在相对较高的水平，取消佩戴口罩的建议“为时过早”。残疾人权益倡导者马修·科特兰（Matthew Cortland）表示，政府放松防疫措施令他们感到很不安，这些措施本来可以保护易感人群。他批评说：“他们的指导方针贬低了慢性病患者、免疫力低下者和残疾人生命的价值。”#	新冠后遗症# O美国各地放宽口罩令 多方人士批评：毫无远见！完全无视易感人群生命,447.0,0.0044742729306487695,0.0,0.0055248618784530384,55.875
4746913629344242,wemedia,risk,#新冠后遗症# 《自然》杂志上周发表研究：即使在温和的新冠感染几个月后，还是能观察到大脑与味觉相关组织的轻微损坏与加速损伤。而且整个大脑容量也有小量减少。但目前研究还不能证实这一改变是否是可以逆转的（大脑自身也有复杂的修复功能）。各大欧美主流媒体都报道了，下个月就要回公司上班了,139.0,0.0,0.0,0.0,46.333333333333336
4746913615709193,mainstream,risk,【聚划算百亿补贴疯狂送 O网页链接】#新冠后遗症#目前反馈的新冠病毒最常见的后遗症包括：味觉障碍、记忆力下降、学习能力下降、男性生殖功能下降，基本都属于神经性损伤，都属于不可逆的损伤。 俏芙蓉纤婵日本夜间果蔬糖果蔬台湾水果发酵膳食纤维 C用 月销量5000+ 俏芙蓉纤婵日本夜间果蔬糖果蔬台湾水果发酵膳食纤维 C,156.0,0.0,0.0,0.007407407407407408,156.0
4746913881002608,mainstream,risk,【#牛津大学研究发现新冠病毒或加速大脑萎缩#】据外媒报道，英国牛津大学发表在《自然》杂志上的一项研究表明，#新冠病毒可能导致大脑萎缩#。一些新冠患者会出现包括注意力、专注力、信息处理速度下降和记忆力受损等情况。研究人员表示，这些影响是否可以部分逆转，或者是否会长期存在，还需进一步调查。#新冠后遗症# @央视频 L央视频的微博视频,165.0,0.0,0.0,0.0,55.0
4746914049037713,wemedia,risk,#新冠后遗症# “可能导致”“或加速”“是否可以部分逆转”……全是一堆说了等于没说的话。甚至包括这条“一些新冠患者会出现包括注意力、专注力、信息处理速度下降和记忆力受损等情况”——像不像手机玩多了的症状。“你跺你也麻！”关键，这是《自然》杂志上的一项研究，注意是一项，没说它对，没说它错。也没说有很多权威杂志研究是这样的。就算权威研究里很多是这样的结论，但科学界依然没有确认这是事实或者定理。所以说了半天等于没说。更有甚者，他们怀疑你在给张文宏的“不要躺平论”打硬广。他们反倒更加抵制“不要躺平论”了。比如这条热搜下面，就跟着张文宏的热搜。所以这则新闻的舆论效果很差。我当然支持张文宏的言论，但是很多媒体的宣传恰恰是在帮倒忙。我倒觉得，你干脆说，新冠可能降低男性的性能力，比这则新闻有用得多。#微博新知博主#,354.0,0.002824858757062147,0.006600660066006601,0.0,27.23076923076923
4746914212350530,wemedia,risk,#新冠后遗症#疫情常态下都害怕出后遗症了,20.0,0.0,0.0,0.0,20.0
4746914228604581,wemedia,risk,#新冠后遗症#谁要躺平赶紧去当志愿者，我不想躺平，我不想被感染,31.0,0.0,0.07407407407407407,0.0,31.0
4746915126183962,mainstream,risk,【#牛津大学研究发现新冠病毒或加速大脑萎缩#】据外媒报道，英国牛津大学发表在《自然》杂志上的一项研究表明，#新冠病毒可能导致大脑萎缩#。一些新冠患者会出现包括注意力、专注力、信息处理速度下降和记忆力受损等情况。研究人员表示，这些影响是否可以部分逆转，或者是否会长期存在，还需进一步调查。#新冠后遗症# @央视频L央视频的微博视频,164.0,0.0,0.0,0.0,54.666666666666664
4746915700546457,wemedia,risk,#新冠后遗症# 据外媒报道，英国牛津大学发表在《自然》杂志上的一项研究表明，新冠病毒可能导致大脑萎缩。一些新冠患者会出现包括注意力、专注力、信息处理速度下降和记忆力受损等情况。研究人员表示，这些影响是否可以部分逆转，或者是否会长期存在，还需进一步调查。L央视频的微博视频,135.0,0.0,0.0,0.0,45.0
4746916121020700,wemedia,risk,#新冠后遗症#就算治好了后遗症会很多吧，一定要做好防护。,28.0,0.0,0.0,0.0,28.0
4746916330737882,wemedia,risk,#新冠后遗症#新冠后遗症真的太可怕了看到有个外国人说后遗症，她失去了味觉，吃任何东西都是垃圾味道太可怕了，时刻警惕新冠,59.0,0.0,0.0,0.0,59.0
4746916128885999,mainstream,risk,【#牛津大学研究发现新冠病毒或加速大脑萎缩#】据外媒报道，英国牛津大学发表在《自然》杂志上的一项研究表明，#新冠病毒可能导致大脑萎缩#。一些新冠患者会出现包括注意力、专注力、信息处理速度下降和记忆力受损等情况。研究人员表示，这些影响是否可以部分逆转，或者是否会长期存在，还需进一步调查。#新冠后遗症# @央视频L央视频的微博视频,164.0,0.0,0.0,0.0,54.666666666666664
4746916707699388,wemedia,risk,#新冠后遗症#什么时候是个头儿？ 2无锡 L肖申克的九叔吗的微博视频,34.0,0.029411764705882353,0.0,0.034482758620689655,34.0
4746916753050144,wemedia,risk,#新冠后遗症#今天弟弟妹妹学校有一个别的班发烧的同学 中午直接全校学生老师回家 说在家上半个月网课 啥时候结束啊 真的 一听yq这个字眼超难受,71.0,0.0,0.0,0.0,71.0
4746916875210067,wemedia,risk,#新冠后遗症#我寻思有些人，让你得个普通肺炎你都嫌晦气吧，怎么还上赶着得新冠呢是不是觉得轮不到自己，是不是觉得轮到自己后遗症也轮不到自己放开了医疗系统被击穿抱怨没地方治病是不是又是你啊,92.0,0.0,0.04597701149425287,0.0,92.0
4746917042979431,wemedia,risk,你知道新冠病毒最喜欢藏在哪里吗？危险就在我们身边！ #新冠后遗症# L于晨读书的微博视频,44.0,0.045454545454545456,0.02631578947368421,0.0,22.0
4746917042457496,wemedia,risk,你知道新冠病毒最喜欢藏在哪里吗？危险就在我们身边！ #新冠后遗症# L于晨读书的微博视频,44.0,0.045454545454545456,0.02631578947368421,0.0,22.0
4746917043242708,wemedia,risk,你知道新冠病毒最喜欢藏在哪里吗？危险就在我们身边！ #新冠后遗症# L于晨读书的微博视频,44.0,0.045454545454545456,0.02631578947368421,0.0,22.0
4746917043506020,wemedia,risk,你知道新冠病毒最喜欢藏在哪里吗？危险就在我们身边！ #新冠后遗症# L于晨读书的微博视频,44.0,0.045454545454545456,0.02631578947368421,0.0,22.0
4746917038523361,wemedia,risk,你知道新冠病毒最喜欢藏在哪里吗？危险就在我们身边！ #新冠后遗症# L于晨读书的微博视频,44.0,0.045454545454545456,0.02631578947368421,0.0,22.0
4746917034067823,wemedia,risk,你知道新冠病毒最喜欢藏在哪里吗？危险就在我们身边！ #新冠后遗症# L于晨读书的微博视频,44.0,0.045454545454545456,0.02631578947368421,0.0,22.0
4746917038525081,wemedia,risk,你知道新冠病毒最喜欢藏在哪里吗？危险就在我们身边！ #新冠后遗症# L于晨读书的微博视频,44.0,0.045454545454545456,0.02631578947368421,0.0,22.0
4746917151768642,wemedia,risk,新冠没结束，新冠病毒后遗症就出来了？心肺大脑生殖系统，要警惕  #新冠后遗症# O网页链接,45.0,0.022222222222222223,0.0,0.0,45.0
4746917152822448,wemedia,risk,新冠没结束，新冠病毒后遗症就出来了？心肺大脑生殖系统，要警惕  #新冠后遗症# O网页链接,45.0,0.022222222222222223,0.0,0.0,45.0
4746917152295024,wemedia,risk,新冠没结束，新冠病毒后遗症就出来了？心肺大脑生殖系统，要警惕  #新冠后遗症# O网页链接,45.0,0.022222222222222223,0.0,0.0,45.0
4746917148624262,wemedia,risk,新冠没结束，新冠病毒后遗症就出来了？心肺大脑生殖系统，要警惕  #新冠后遗症# O网页链接,45.0,0.022222222222222223,0.0,0.0,45.0
4746917147838897,wemedia,risk,新冠没结束，新冠病毒后遗症就出来了？心肺大脑生殖系统，要警惕  #新冠后遗症# O网页链接,45.0,0.022222222222222223,0.0,0.0,45.0
4746917143384198,wemedia,risk,新冠没结束，新冠病毒后遗症就出来了？心肺大脑生殖系统，要警惕  #新冠后遗症# O网页链接,45.0,0.022222222222222223,0.0,0.0,45.0
4746917139451049,wemedia,risk,新冠没结束，新冠病毒后遗症就出来了？心肺大脑生殖系统，要警惕  #新冠后遗症# O网页链接,45.0,0.022222222222222223,0.0,0.0,45.0
4746917512218752,mainstream,risk,【鲸视频：#牛津大学研究发现新冠病毒或加速大脑萎缩#】据外媒报道，英国牛津大学发表在《自然》杂志上的一项研究表明，#新冠病毒可能导致大脑萎缩#。一些新冠患者会出现包括注意力、专注力、信息处理速度下降和记忆力受损等情况。研究人员表示，这些影响是否可以部分逆转，或者是否会长期存在，还需进一步调查。#新冠后遗症# @央视频 L央视频的微博视频,169.0,0.0,0.0,0.0,56.333333333333336
4746917818925819,wemedia,risk,#新冠后遗症#是是是，感冒，熬夜都会有相同的后遗症，但是你看看香港的致死率，抛开概率说这些的人你这是耍流氓，建议国家，选出一个地方来，把这些不怕死的要躺平的放一起，不做任何措施，也不管境外输入，直接往里放,102.0,0.0,0.0,0.0,102.0
4746917697293744,wemedia,risk,#新冠后遗症#有个国外的女生味觉和嗅觉出现问题了 她吃东西闻到和尝道的味道是非常非常臭的 而且情况已经持续10个月了 还有人说对大脑有影响 真的好恐怖    疫情滚蛋好吗？,86.0,0.011627906976744186,0.0,0.013513513513513514,86.0
4746917643289055,mainstream,risk,【#牛津大学研究发现新冠病毒或加速大脑萎缩#】据外媒报道，英国牛津大学发表在《自然》杂志上的一项研究表明，#新冠病毒可能导致大脑萎缩#。一些新冠患者会出现包括注意力、专注力、信息处理速度下降和记忆力受损等情况。研究人员表示，这些影响是否可以部分逆转，或者是否会长期存在，还需进一步调查。#新冠后遗症# @央视频 L央视频的微博视频,165.0,0.0,0.0,0.0,55.0
4746918045682787,mainstream,risk,【双毒合一！#德尔塔克戎变体开始传播#】据外媒报道：美国趣味科学网站3月11日消息，法国科学家通过基因组测序首次证实，此前已引起不少关注的新冠病毒“德尔塔克戎”（deltacron）变体确实存在，其结合了新冠病毒德尔塔变体和奥密克戎变体中的变异。目前，美国和欧洲都报告了相关病例。#新冠后遗症# L爱济南发布的微博视频,159.0,0.006289308176100629,0.0,0.015267175572519083,53.0
4746918255133339,mainstream,risk,山西经济管理干部学院#新冠后遗症#       小编和大家一起看一看感染了新冠病毒的少部分治愈者会出现轻度或重度的后遗症，具体情况如下：一，轻度后遗症1、肺部损害：治愈后的患者，肺部容易出现肺纤维化的现象，进而导致干咳、哮喘、呼吸急促等病症相继而出。2身体不良反应，肌肉酸痛、乏力、易疲劳等身体不适的症状。二，重度后遗症1、男性生殖能力下降，治愈后容易出现缺氧、缺血的病症导致血流量减少容易造成肾脏损伤，导致精子质量降低、性欲低下等问题2、免疫功能下降，使体内新冠病毒中和抗体的水平下降，出现中风、脑出血的可能。      但是值得庆幸的是大部分的了新冠的人治愈了以后无后遗症，所以说大家一定到做好防疫措施，共同抗疫加油！,312.0,0.003205128205128205,0.0,0.014925373134328358,78.0
4746919467029384,wemedia,risk,#新冠后遗症#害怕😱但没有说居家办公，还得天天去上班。,27.0,0.0,0.0,0.0,27.0
4746919879117527,wemedia,risk,心源性晕厥中国卫生人才网医护之家护士职业资格证护考平台初级护师护士招聘心源性晕厥#新冠后遗症# O网页链接,59.0,0.0,0.0,0.0,59.0
4746920143094442,wemedia,risk,【#牛津大学研究发现新冠病毒或加速大脑萎缩#】据外媒报道，英国牛津大学发表在《自然》杂志上的一项研究表明，#新冠病毒可能导致大脑萎缩#。一些新冠患者会出现包括注意力、专注力、信息处理速度下降和记忆力受损等情况。研究人员表示，这些影响是否可以部分逆转，或者是否会长期存在，还需进一步调查。#新冠后遗症# @央视频 L央视频的微博视频,165.0,0.0,0.0,0.0,55.0
4746919962477151,wemedia,risk,#新冠后遗症# 看了一圈，发现有人说脑损伤这个是假的。。。。拜托，这是牛津团队发表在自然杂志的，自然杂志在学界的地位有多高自己去百度一下吧；更何况，新冠到现在，国外关于后遗症的论文不下上百篇，很多媒体为了避免造成恐慌，都是选择性的说一些，要说这也是假的，那就真无语了。,134.0,0.0,0.008620689655172414,0.0,22.333333333333332
4746920377188660,wemedia,risk,#新冠后遗症#意思就是说，虽然现在死不了，但是会慢性死亡，比直接死更痛苦,36.0,0.0,0.0,0.0,36.0
4746920578517178,wemedia,risk,#新冠后遗症#味觉障碍、记忆力下降、学习能力下降，男性生殖功能下降，dd会缩小以上这些都属于神经性损伤，都属于不可逆的损伤，尤其是最后两项，MLGB，要老命,78.0,0.0,0.0,0.0,78.0
4746920592150341,mainstream,risk,【#牛津大学研究发现新冠病毒或加速大脑萎缩#】据外媒报道，英国牛津大学发表在《自然》杂志上的一项研究表明，#新冠病毒可能导致大脑萎缩#。一些新冠患者会出现包括注意力、专注力、信息处理速度下降和记忆力受损等情况。研究人员表示，这些影响是否可以部分逆转，或者是否会长期存在，还需进一步调查。#新冠后遗症# @央视频#网易号播报#L央视频的微博视频,171.0,0.0,0.0,0.0,57.0
4746920628587510,mainstream,risk,#学联分享# 【#新冠后遗症# 】据外媒报道，英国牛津大学发表在《自然》杂志上的一项研究表明，新冠病毒可能导致大脑萎缩。一些新冠患者会出现包括注意力、专注力、信息处理速度下降和记忆力受损等情况。via@央视频 L央视频的微博视频,114.0,0.0,0.0,0.0,57.0
4746920785088041,wemedia,risk,#新冠后遗症#出门包里放了很多日常所需物品，就怕安排在哪就地隔离了,33.0,0.0,0.0,0.0,33.0
4746920821526985,wemedia,risk,新浪发现 || #新冠后遗症# @新浪新闻  O#新冠后遗症#新冠还有后遗症？美国亿万富翁都治不好，国外的新冠有多可怕？,60.0,0.03333333333333333,0.0,0.0,30.0
4746921401389085,mainstream,risk,#新冠后遗症#据外媒报道，英国牛津大学发表在《自然》杂志上的一项研究表明，新冠病毒可能导致大脑萎缩。一些新冠患者会出现包括注意力、专注力、信息处理速度下降和记忆力受损等情况。研究人员表示，这些影响是否可以部分逆转，或者是否会长期存在，还需进一步调查。#新浪保险i保日# L新浪保险的微博视频,145.0,0.0,0.0,0.0,48.333333333333336
4746922038137519,mainstream,risk,【鲸视频：#牛津大学研究发现新冠病毒或加速大脑萎缩#】据外媒报道，英国牛津大学发表在《自然》杂志上的一项研究表明，#新冠病毒可能导致大脑萎缩#。一些新冠患者会出现包括注意力、专注力、信息处理速度下降和记忆力受损等情况。研究人员表示，这些影响是否可以部分逆转，或者是否会长期存在，还需进一步调查。#新冠后遗症# @央视频 L央视频的微博视频,169.0,0.0,0.0,0.0,56.333333333333336
4746922532798603,mainstream,risk,【#牛津大学研究发现新冠病毒或加速大脑萎缩#】据外媒报道，英国牛津大学发表在《自然》杂志上的一项研究表明，#新冠病毒可能导致大脑萎缩#。一些新冠患者会出现包括注意力、专注力、信息处理速度下降和记忆力受损等情况。研究人员表示，这些影响是否可以部分逆转，或者是否会长期存在，还需进一步调查。#新冠后遗症# @央视频 L央视频的微博视频,165.0,0.0,0.0,0.0,55.0
4746922969268899,wemedia,risk,【#牛津大学研究发现新冠病毒或加速大脑萎缩#】据外媒报道，英国牛津大学发表在《自然》杂志上的一项研究表明，#新冠病毒可能导致大脑萎缩#。一些新冠患者会出现包括注意力、专注力、信息处理速度下降和记忆力受损等情况。研究人员表示，这些影响是否可以部分逆转，或者是否会长期存在，还需进一步调查。#新冠后遗症# @央视频 L央视频的微博视频,165.0,0.0,0.0,0.0,55.0
4746923028778609,wemedia,risk,#新冠后遗症#什么时候可以结束啊——,18.0,0.0,0.0,0.0,18.0
4746923313463514,wemedia,risk,#新冠后遗症# 好 以后我做什么都可以赖在新冠头上 别人骂我我就说我这是新冠后遗症🙏🏻,43.0,0.0,0.1111111111111111,0.0,43.0
4746923439034021,mainstream,risk,#新冠后遗症# 【新冠或致大脑萎缩，使人提前衰老10岁】#牛津大学研究发现新冠病毒或加速大脑萎缩# 近日，一项发表于《自然》杂志的研究表明，感染新冠病毒可能导致患者大脑灰质数量下降和脑组织损伤，还会削弱大脑执行复杂任务的能力。来自牛津大学的研究人员估计，新冠对大脑认知功能的损害相当于提前衰老了1-10岁。后期大脑可能会进行自我修复，但恢复程度未知。#蓝V视界#  L第1眼视频的微博视频,194.0,0.0,0.005952380952380952,0.023809523809523808,64.66666666666667
4746923884675721,mainstream,risk,【#牛津大学研究发现新冠病毒或加速大脑萎缩#】据外媒报道，英国牛津大学发表在《自然》杂志上的一项研究表明，#新冠病毒可能导致大脑萎缩#。一些新冠患者会出现包括注意力、专注力、信息处理速度下降和记忆力受损等情况。研究人员表示，这些影响是否可以部分逆转，或者是否会长期存在，还需进一步调查。#新冠后遗症# @央视频L央视频的微博视频,164.0,0.0,0.0,0.0,54.666666666666664
4746924130830329,mainstream,risk,【#牛津大学研究发现新冠病毒或加速大脑萎缩#】据外媒报道，英国牛津大学发表在《自然》杂志上的一项研究表明，#新冠病毒可能导致大脑萎缩#。一些新冠患者会出现包括注意力、专注力、信息处理速度下降和记忆力受损等情况。研究人员表示，这些影响是否可以部分逆转，或者是否会长期存在，还需进一步调查。#新冠后遗症# @央视频 L央视频的微博视频,165.0,0.0,0.0,0.0,55.0
4746924068702844,wemedia,risk,#新冠后遗症#？觉得不严重可以病毒共存躺平的 先确诊阳性感受一下后遗症有哪些 不要哭不要闹就当普通感冒 好不好(?) 反正这福气你们受得了 住大雷音寺舍利子存身披着袈裟还怕啥病毒啊,90.0,0.022222222222222223,0.0,0.0,45.0
4746924463489041,wemedia,risk,#新冠后遗症#可怕 2台州·台州天台山,19.0,0.0,0.0,0.06666666666666667,19.0
4746924525883253,mainstream,risk,【#牛津大学研究发现新冠病毒或加速大脑萎缩#】据外媒报道，英国牛津大学发表在《自然》杂志上的一项研究表明，#新冠病毒可能导致大脑萎缩#。一些新冠患者会出现包括注意力、专注力、信息处理速度下降和记忆力受损等情况。研究人员表示，这些影响是否可以部分逆转，或者是否会长期存在，还需进一步调查。#新冠后遗症#L央视频的微博视频,159.0,0.0,0.0,0.0,53.0
4746924765481206,wemedia,risk,"#最新消息# “新冠”后遗症有多可怕?专家最新研究成功,男性朋友要注意了! #新冠后遗症# L子言子墨的日常的微博视频",59.0,0.03389830508474576,0.0,0.0,29.5
4746924839929839,wemedia,risk,#新冠后遗症#疫情到底什么时候能结束啊,19.0,0.0,0.0,0.0,19.0
4746924878202999,wemedia,risk,#新冠后遗症# 新冠后遗症的问题要研究清楚，这个大家还是很关心的。,33.0,0.0,0.0,0.0,33.0
4746925435783175,mainstream,risk,#新冠后遗症# 【新冠或致大脑萎缩，使人提前衰老10岁】#牛津大学研究发现新冠病毒或加速大脑萎缩# 近日，一项发表于《自然》杂志的研究表明，感染新冠病毒可能导致患者大脑灰质数量下降和脑组织损伤，还会削弱大脑执行复杂任务的能力。来自牛津大学的研究人员估计，新冠对大脑认知功能的损害相当于提前衰老了1-10岁。后期大脑可能会进行自我修复，但恢复程度未知。#蓝V视界#  L第1眼视频的微博视频,194.0,0.0,0.005952380952380952,0.023809523809523808,64.66666666666667
4746925808814432,wemedia,risk,#新冠后遗症#任何鼓吹放开共存的都是垃圾，不解释。,25.0,0.0,0.0,0.0,25.0
4746926489341378,wemedia,risk,#新冠后遗症#是不是要分一分新冠的哪种病毒🦠？现在这说法 有点吓到人了,35.0,0.02857142857142857,0.0,0.0,35.0
4746926810995476,wemedia,risk,#新冠后遗症#大脑萎缩那也是美国先吧,18.0,0.0,0.0,0.0,18.0
4746928086845616,wemedia,risk,#新冠后遗症#可不能学国外摆烂哈防疫真的辛苦了看着后遗症我又带上了口罩.....,40.0,0.0,0.030303030303030304,0.0,40.0
4746928044638896,mainstream,risk,【#新冠后遗症# 】新冠病毒导致的大脑灰质减少和组织受损程度可能大于未感染的人自然出现的此类情况，在两次扫描间新冠肺炎患者额外失去了0.2%至2%的大脑灰质，与嗅觉有关的大脑区域组织受损，研究还发现一些新冠患者还会出现包括注意力、专注力、信息处理速度下降和记忆力受损的情况，这些影响是否可以部分逆转或者是否会长期存在，还需要进一步调查 L中国网络焦点台的微博视频,181.0,0.0,0.0,0.012121212121212121,181.0
4746928681916373,mainstream,risk,【#牛津大学研究发现新冠病毒或加速大脑萎缩#】据外媒报道，英国牛津大学发表在《自然》杂志上的一项研究表明，#新冠病毒可能导致大脑萎缩#。一些新冠患者会出现包括注意力、专注力、信息处理速度下降和记忆力受损等情况。研究人员表示，这些影响是否可以部分逆转，或者是否会长期存在，还需进一步调查。#新冠后遗症# @央视频L央视频的微博视频,164.0,0.0,0.0,0.0,54.666666666666664
4746928459876443,mainstream,risk,【#牛津大学研究发现新冠病毒或加速大脑萎缩#】据外媒报道，英国牛津大学发表在《自然》杂志上的一项研究表明，#新冠病毒可能导致大脑萎缩#。一些新冠患者会出现包括注意力、专注力、信息处理速度下降和记忆力受损等情况。研究人员表示，这些影响是否可以部分逆转，或者是否会长期存在，还需进一步调查。#新冠后遗症# @央视频 L央视频的微博视频,165.0,0.0,0.0,0.0,55.0
4746928761340567,mainstream,risk,【#牛津大学研究发现新冠病毒或加速大脑萎缩#】据外媒报道，英国牛津大学发表在《自然》杂志上的一项研究表明，#新冠病毒可能导致大脑萎缩#。一些新冠患者会出现包括注意力、专注力、信息处理速度下降和记忆力受损等情况。研究人员表示，这些影响是否可以部分逆转，或者是否会长期存在，还需进一步调查。#新冠后遗症# @央视频 L央视频的微博视频,165.0,0.0,0.0,0.0,55.0
4746929085615756,wemedia,risk,【#牛津大学研究发现新冠病毒或加速大脑萎缩#】据外媒报道，英国牛津大学发表在《自然》杂志上的一项研究表明，#新冠病毒可能导致大脑萎缩#。一些新冠患者会出现包括注意力、专注力、信息处理速度下降和记忆力受损等情况。研究人员表示，这些影响是否可以部分逆转，或者是否会长期存在，还需进一步调查。#新冠后遗症# @央视频 L央视频的微博视频 2沧州,169.0,0.0,0.0,0.006896551724137931,56.333333333333336
4746929123361184,wemedia,risk,深圳身边事#深圳首例确诊产妇宝宝阴性# 据外媒报道，英国牛津大学发表在《自然》杂志上的一项研究表明，#新冠病毒可能导致大脑萎缩#。一些新冠患者会出现包括注意力、专注力、信息处理速度下降和记忆力受损等情况。研究人员表示，这些影响是否可以部分逆转，或者是否会长期存在，还需进一步调查。#新冠后遗症#  L央视频的微博视频,159.0,0.0,0.0,0.0,53.0
4746929383146570,wemedia,risk,#新冠后遗症#昨天看到一个视频，一个小姐姐得了新冠之后吃什么东西都是一股腐烂味而且已经十个月了，可能以后都是这样了，真的很痛苦一定要保护好自己,71.0,0.0,0.015151515151515152,0.0,71.0
4746929525229537,wemedia,risk,#新冠后遗症#啊@深藏blue额 《小脑萎缩》‖@淇0616 一定要平安,36.0,0.0,0.0,0.047619047619047616,36.0
4746929793663136,mainstream,risk,【#牛津大学研究发现新冠病毒或加速大脑萎缩#】据外媒报道，英国牛津大学发表在《自然》杂志上的一项研究表明，#新冠病毒可能导致大脑萎缩#。一些新冠患者会出现包括注意力、专注力、信息处理速度下降和记忆力受损等情况。研究人员表示，这些影响是否可以部分逆转，或者是否会长期存在，还需进一步调查。#新冠后遗症# @央视频 L央视频的微博视频,165.0,0.0,0.0,0.0,55.0
4746929986079881,mainstream,risk,【#牛津大学研究发现新冠病毒或加速大脑萎缩#】据外媒报道，英国牛津大学发表在《自然》杂志上的一项研究表明，#新冠病毒可能导致大脑萎缩#。一些新冠患者会出现包括注意力、专注力、信息处理速度下降和记忆力受损等情况。研究人员表示，这些影响是否可以部分逆转，或者是否会长期存在，还需进一步调查。#新冠后遗症# @央视频L央视频的微博视频,164.0,0.0,0.0,0.0,54.666666666666664
4746930560961880,wemedia,risk,"#最新消息# 新冠后遗症有多可怕?最新研究数据公布,给全世界提了个醒 #新冠后遗症# L2023来了的微博视频",55.0,0.01818181818181818,0.0,0.023809523809523808,55.0
4746930674991205,wemedia,risk,#新冠后遗症#前一阵子在没爆出来的时候就在小破站观看了相关视频 新冠的后遗症可能会直接影响生活 国家为了防疫真的做了很多努力 想不明白竟然还有人要学习国外跟病毒共存 不得不感叹人类的多样性,94.0,0.0,0.0,0.0,94.0
4746930843028420,mainstream,risk,【#牛津大学研究发现新冠病毒或加速大脑萎缩#】据外媒报道，英国牛津大学发表在《自然》杂志上的一项研究表明，#新冠病毒可能导致大脑萎缩#。一些新冠患者会出现包括注意力、专注力、信息处理速度下降和记忆力受损等情况。研究人员表示，这些影响是否可以部分逆转，或者是否会长期存在，还需进一步调查。#新冠后遗症# L央视频的微博视频,160.0,0.0,0.0,0.0,53.333333333333336
4746930897029765,mainstream,risk,【#牛津大学研究发现新冠病毒或加速大脑萎缩#】据外媒报道，英国牛津大学发表在《自然》杂志上的一项研究表明，#新冠病毒可能导致大脑萎缩#。一些新冠患者会出现包括注意力、专注力、信息处理速度下降和记忆力受损等情况。研究人员表示，这些影响是否可以部分逆转，或者是否会长期存在，还需进一步调查。#新冠后遗症# @央视频 L央视频的微博视频,165.0,0.0,0.0,0.0,55.0
4746931135318848,mainstream,risk,【#牛津大学研究发现新冠病毒或加速大脑萎缩#】据外媒报道，英国牛津大学发表在《自然》杂志上的一项研究表明，#新冠病毒可能导致大脑萎缩#。一些新冠患者会出现包括注意力、专注力、信息处理速度下降和记忆力受损等情况。研究人员表示，这些影响是否可以部分逆转，或者是否会长期存在，还需进一步调查。#新冠后遗症# @央视频 L央视频的微博视频,165.0,0.0,0.0,0.0,55.0
4746931647283319,mainstream,risk,【#牛津大学研究发现新冠病毒或加速大脑萎缩#】据外媒报道，英国牛津大学发表在《自然》杂志上的一项研究表明，#新冠病毒可能导致大脑萎缩#。一些新冠患者会出现包括注意力、专注力、信息处理速度下降和记忆力受损等情况。研究人员表示，这些影响是否可以部分逆转，或者是否会长期存在，还需进一步调查。#新冠后遗症# @央视频 L央视频的微博视频 2呼和浩特,171.0,0.0,0.0,0.006802721088435374,57.0
4746932209584617,wemedia,risk,#新冠后遗症#好可怕啊，大家要保护好自己！,21.0,0.047619047619047616,0.058823529411764705,0.0,21.0
4746933228275754,wemedia,risk,#新冠后遗症#太可怕了一定要注意安全,18.0,0.0,0.0,0.0,18.0
4746933640627231,mainstream,risk,【#牛津大学研究发现新冠病毒或加速大脑萎缩#】据外媒报道，英国牛津大学发表在《自然》杂志上的一项研究表明，#新冠病毒可能导致大脑萎缩#。一些新冠患者会出现包括注意力、专注力、信息处理速度下降和记忆力受损等情况。研究人员表示，这些影响是否可以部分逆转，或者是否会长期存在，还需进一步调查。#新冠后遗症# @央视频 L央视频的微博视频 2绵阳,169.0,0.0,0.0,0.006896551724137931,56.333333333333336
4746934012871647,mainstream,risk,#新冠后遗症##小中微推# 【张伯礼：国外奥密克戎过半有持续症状或后遗症，不能掉以轻心】#张伯礼谈奥密克戎初期症状#：有人说奥密克戎的症状不太重，像大号感冒，但其实还不一样。在国外有50%-60%出现持续症状或后遗症，而一般流感不会出现那么多，不能掉以轻心。 L人民日报的微博视频,140.0,0.0,0.0,0.017241379310344827,70.0
4746934188770462,mainstream,risk,#新冠后遗症#【张伯礼：国外奥密克戎过半有持续症状或后遗症，不能掉以轻心】#张伯礼谈奥密克戎初期症状#：有人说奥密克戎的症状不太重，像大号感冒，但其实还不一样。在国外有50%-60%出现持续症状或后遗症，而一般流感不会出现那么多，不能掉以轻心。 L人民日报的微博视频,133.0,0.0,0.0,0.017857142857142856,66.5
4746934319056748,wemedia,risk,#新冠后遗症#说放开的狗b们不如先得个三五遍再来讨论后遗症这个问题,33.0,0.0,0.0,0.0,33.0
4746934406873428,mainstream,risk,【#牛津大学研究发现新冠病毒或加速大脑萎缩#】据外媒报道，英国牛津大学发表在《自然》杂志上的一项研究表明，#新冠病毒可能导致大脑萎缩#。一些新冠患者会出现包括注意力、专注力、信息处理速度下降和记忆力受损等情况。研究人员表示，这些影响是否可以部分逆转，或者是否会长期存在，还需进一步调查。#新冠后遗症# @央视频 L央视频的微博视频,165.0,0.0,0.0,0.0,55.0
4746934550529603,wemedia,risk,#新冠后遗症#【#牛津大学研究发现新冠病毒或加速大脑萎缩#】据外媒报道，英国牛津大学发表在《自然》杂志上的一项研究表明，#新冠病毒可能导致大脑萎缩#。一些新冠患者会出现包括注意力、专注力、信息处理速度下降和记忆力受损等情况。研究人员表示，这些影响是否可以部分逆转，或者是否会长期存在，还需进一步调查。#新冠后遗症# @央视频 L央视频的微博视频,172.0,0.0,0.0,0.0,57.333333333333336
4746934872445044,mainstream,risk,【#牛津大学研究发现新冠病毒或加速大脑萎缩#】据外媒报道，英国牛津大学发表在《自然》杂志上的一项研究表明，#新冠病毒可能导致大脑萎缩#。一些新冠患者会出现包括注意力、专注力、信息处理速度下降和记忆力受损等情况。研究人员表示，这些影响是否可以部分逆转，或者是否会长期存在，还需进一步调查。#新冠后遗症# @央视频 L央视频的微博视频,165.0,0.0,0.0,0.0,55.0
4746935157656732,wemedia,risk,#新冠后遗症# 牛津大学发现新冠患者病好了之后，大脑萎缩最高可达2%！主要的影响是神经系统损伤，有注意力下降、记忆力下降、情绪问题、味觉下降、男性生殖能力下降等等，是否能逐渐恢复还在进一步研究中。#随手医学科普# 看来这病毒🦠对人类的影响挺大的，让人食不知味的同时还会变笨,136.0,0.007352941176470588,0.0,0.00847457627118644,68.0
4746935707371897,wemedia,risk,#新冠后遗症#  研究的毒株不是现在的奥密克戎,23.0,0.0,0.0,0.0,23.0
4746935862821878,wemedia,risk,#新冠后遗症#别说新冠后遗症了，我们公司前一阵流感就好多同事请假，高烧不退，我先天天低烧到现在一个月了还在咳嗽，我可太不喜欢生病了。还有我奶奶几年前高烧得得肺炎，从此以后一点油烟闻不得，更怕发烧，她每次感冒爸爸妈妈都整宿陪着。有人不怕新冠，不怕感冒，我怕，很多呼吸疾病的病人怕。都在说美国的人没事，美国已经死了多少人，是付出过代价的，他们每四个人就得过新冠，疫苗的接种率也非常高，在奥密克戎之前的德尔塔时期以及更早前就有大批人得过，这些人身体里本身就已经有抗体，和被保护的很好的我们不一样。但这些抗体也是他们付出了我们不愿承受也不想承受的代价换来的。,275.0,0.0,0.027888446215139442,0.0,55.0
4746936014343368,mainstream,risk,【#牛津大学研究发现新冠病毒或加速大脑萎缩#】据外媒报道，英国牛津大学发表在《自然》杂志上的一项研究表明，#新冠病毒可能导致大脑萎缩#。一些新冠患者会出现包括注意力、专注力、信息处理速度下降和记忆力受损等情况。研究人员表示，这些影响是否可以部分逆转，或者是否会长期存在，还需进一步调查。#新冠后遗症# L央视频的微博视频,160.0,0.0,0.0,0.0,53.333333333333336
4746936731044794,mainstream,risk,牛津大学的最新研究标明，新冠可引发大脑萎缩，老年人尤为明显。得一次新冠，相当于衰老1-10岁。3月7日，英国牛津大学发表于《自然》（Nature）的一项新研究发现——新冠肺炎会导致患者大脑的嗅觉、记忆相关区域发生退行性变化，即使是轻症也不例外。研究参与者的大脑平均萎缩了0.2%~2%，研究人员推测，新冠对大脑认知功能的损害相当于提前衰老了1岁至10岁。#新冠后遗症##新冠#,188.0,0.0,0.0,0.05194805194805195,47.0
4746936747299087,mainstream,risk,【永嘉33个核酸采样点一览表！赶紧收藏！】#温州公安践行“三能”要求# @永嘉发布  @平安永嘉  另点击了解：#德尔塔克戎变体开始传播# #新冠后遗症# #张文宏称疫情目前处于指数级上升初期#,97.0,0.020618556701030927,0.0,0.013888888888888888,48.5
4746936512416400,wemedia,risk,#新冠后遗症#怎么这么多人嘲讽这个新闻，这个本来就有后遗症啊……我爸就是医生，他说之前重症病人会用大量抗生素会伤害到自身免疫力的。现在症状是轻了用不到抗生素啥的，但它本质上是一种攻击呼吸系统还破坏免疫力的病毒啊，可能病毒减弱了攻击性让人觉得好像没什么，但它也是有攻击伤害的啊。,138.0,0.0,0.007874015748031496,0.0,69.0
4746936819385781,mainstream,risk,【#牛津大学研究发现新冠病毒或加速大脑萎缩#】据外媒报道，英国牛津大学发表在《自然》杂志上的一项研究表明，#新冠病毒可能导致大脑萎缩#。一些新冠患者会出现包括注意力、专注力、信息处理速度下降和记忆力受损等情况。研究人员表示，这些影响是否可以部分逆转，或者是否会长期存在，还需进一步调查。#新冠后遗症# @央视频 L央视频的微博视频 2济宁,169.0,0.0,0.0,0.006896551724137931,56.333333333333336
4746937036967467,mainstream,risk,【#牛津大学研究发现新冠病毒或加速大脑萎缩#】据外媒报道，英国牛津大学发表在《自然》杂志上的一项研究表明，#新冠病毒可能导致大脑萎缩#。一些新冠患者会出现包括注意力、专注力、信息处理速度下降和记忆力受损等情况。研究人员表示，这些影响是否可以部分逆转，或者是否会长期存在，还需进一步调查。#新冠后遗症# @央视频 L央视频的微博视频,165.0,0.0,0.0,0.0,55.0
4746937183769282,mainstream,risk,#新冠后遗症#生理上的后遗症本就很多了谁曾想2022年了已经生活中的后遗症还是这么严重......,49.0,0.0,0.0,0.02631578947368421,49.0
4746937670308286,wemedia,risk,谁总结的太有才了：有人看到大巴车、救护车或者民警到小区，就非常担心，会胡思乱想，担心小区里是不是有疫情了。下面简单整理汇总一下，大差不离，觉得有用的，欢迎点赞收藏:1、大白+大巴+120+民警=阳了;2、大白+大巴+综合执法=密接;3、只有120=居民不舒服了;4、警戒线围起来=有密接，捅完阴了就解:5、直接上铁板=确诊;6、铁板+警戒线=某楼重灾区，其他楼管控;7，来车直接拉走=芭比Q了;8志愿者派出去的勇士有女的=大筛，半天活完事;9、志愿者派出去的都是男的=阳了，14封控+14隔离，没商量;但愿别遇上！#新冠后遗症##为什么近期无症状感染者占比多##没有疫情的大学生活什么样#,294.0,0.003401360544217687,0.0,0.055793991416309016,29.4
4746938081872756,wemedia,risk,#新冠后遗症#昨天在小破站看了一个UP：Choybalsan 的视频，他人在瑞典，周边（包括他的瑞典女友）都得过新冠了。但是他坚持不认为国内具备躺平（包括他本人，因为他本人有哮喘）政策。视频比较长我总结一下：①人口基数。抛开剂量谈毒性都是扯淡，抛开基数不谈，去摆烂是很荒谬的。②可能我们看到很多国外博主（包括刘墉）痊愈了，没什么呀？但是真正高危的人群呢？这位博主在视频里形容当地养老院是“屠杀式”的，他的当地朋友家老人因为新冠后的并发症离世了，形容只是“年纪大了也没办法”，但是这些老人也没有能力发视频出来告诉你病痛很难受、我可能不行了。中国人对父母的感情是不同的，我肯定不能看着父母年纪大了就摆烂的。③看看我们的身体素质。这个up主的瑞典女友一周运动4次，一有空就扛着50-70斤的登山装备去爬山，有一说一，我周围2楼3楼都要坐电梯的大有人在，中国人均寿命提高了，但是这和身体素质不是能直接挂等号的，但凡你连爬5楼都呼哧带喘的，也别太指望自己是“小感冒”那波人。④患者会造成脑萎缩。我同事好几个都有娃了，小朋友才小学，年轻人抗一抗、身体好，孩子呢？本来就不聪明，还从起跑线上倒退3步，没有家长会接受的。,502.0,0.00597609561752988,0.018604651162790697,0.01627906976744186,38.61538461538461
4746938518077796,wemedia,risk,#新冠后遗症#新冠「后遗症」从何而来？（健康界）,24.0,0.041666666666666664,0.0,0.0,24.0
4746938484524338,mainstream,risk,【#牛津大学研究发现新冠病毒或加速大脑萎缩#】据外媒报道，英国牛津大学发表在《自然》杂志上的一项研究表明，#新冠病毒可能导致大脑萎缩#。一些新冠患者会出现包括注意力、专注力、信息处理速度下降和记忆力受损等情况。研究人员表示，这些影响是否可以部分逆转，或者是否会长期存在，还需进一步调查。#新冠后遗症# L央视频的微博视频,160.0,0.0,0.0,0.0,53.333333333333336
4746939117603931,wemedia,risk,#新冠后遗症#大脑受伤不轻，安全防范意识不可无。 2平凉,28.0,0.0,0.0,0.043478260869565216,28.0
4746939242906455,mainstream,risk,【#牛津大学研究发现新冠病毒或加速大脑萎缩#】据外媒报道，英国牛津大学发表在《自然》杂志上的一项研究表明，#新冠病毒可能导致大脑萎缩#。一些新冠患者会出现包括注意力、专注力、信息处理速度下降和记忆力受损等情况。研究人员表示，这些影响是否可以部分逆转，或者是否会长期存在，还需进一步调查。#新冠后遗症# @央视频 L央视频的微博视频,165.0,0.0,0.0,0.0,55.0
4746939382629742,wemedia,risk,#新冠后遗症#啊 那我本来就笨 这不更痴傻了,22.0,0.0,0.05555555555555555,0.0,22.0
4746940719827843,mainstream,risk,#振东健康# 【#牛津大学研究发现新冠病毒或加速大脑萎缩#】据外媒报道，英国牛津大学发表在《自然》杂志上的一项研究表明，#新冠病毒可能导致大脑萎缩#。一些新冠患者会出现包括注意力、专注力、信息处理速度下降和记忆力受损等情况。研究人员表示，这些影响是否可以部分逆转，或者是否会长期存在，还需进一步调查。#新冠后遗症# @央视频 L央视频的微博视频,172.0,0.0,0.0,0.0,57.333333333333336
4746940757313113,wemedia,risk,#新冠后遗症#我坦白了 我怕后遗症我怕得病 你们不怕的觉得无所谓的出去呗 别在中国呆了好吧,45.0,0.0,0.075,0.0,45.0
4746940799257405,mainstream,risk,#每天推荐西南科大##牛津大学研究发现新冠病毒或加速大脑萎缩#据外媒报道，英国牛津大学发表在《自然》杂志上的一项研究表明，#新冠病毒可能导致大脑萎缩#。一些新冠患者会出现包括注意力、专注力、信息处理速度下降和记忆力受损等情况。研究人员表示，这些影响是否可以部分逆转，或者是否会长期存在，还需进一步调查。#新冠后遗症# 虽有乌云遇皎月，但坚持下去，总会守得云开见月明。@央视频 L央视频的微博视频 2绵阳,201.0,0.0,0.0,0.005747126436781609,50.25
4746941093120862,mainstream,risk,【#牛津大学研究发现新冠病毒或加速大脑萎缩#】据外媒报道，英国牛津大学发表在《自然》杂志上的一项研究表明，#新冠病毒可能导致大脑萎缩#。一些新冠患者会出现包括注意力、专注力、信息处理速度下降和记忆力受损等情况。研究人员表示，这些影响是否可以部分逆转，或者是否会长期存在，还需进一步调查。#新冠后遗症# @央视频 L央视频的微博视频 @人民日报海外版-海外网 2西安,182.0,0.0,0.0,0.0064516129032258064,60.666666666666664
4746941214491009,mainstream,risk,【#牛津大学研究发现新冠病毒或加速大脑萎缩#】据外媒报道，英国牛津大学发表在《自然》杂志上的一项研究表明，#新冠病毒可能导致大脑萎缩#。一些新冠患者会出现包括注意力、专注力、信息处理速度下降和记忆力受损等情况。研究人员表示，这些影响是否可以部分逆转，或者是否会长期存在，还需进一步调查。#新冠后遗症# @央视频L央视频的微博视频,164.0,0.0,0.0,0.0,54.666666666666664
4746941285534168,wemedia,risk,【#牛津大学研究发现新冠病毒或加速大脑萎缩#】据外媒报道，英国牛津大学发表在《自然》杂志上的一项研究表明，#新冠病毒可能导致大脑萎缩#。一些新冠患者会出现包括注意力、专注力、信息处理速度下降和记忆力受损等情况。研究人员表示，这些影响是否可以部分逆转，或者是否会长期存在，还需进一步调查。#新冠后遗症#L央视频的微博视频,159.0,0.0,0.0,0.0,53.0
4746941659614388,mainstream,risk,【#牛津大学研究发现新冠病毒或加速大脑萎缩#】据外媒报道，英国牛津大学发表在《自然》杂志上的一项研究表明，#新冠病毒可能导致大脑萎缩#。一些新冠患者会出现包括注意力、专注力、信息处理速度下降和记忆力受损等情况。研究人员表示，这些影响是否可以部分逆转，或者是否会长期存在，还需进一步调查。#新冠后遗症#L央视频的微博视频,159.0,0.0,0.0,0.0,53.0
4746942027925941,wemedia,risk,#新冠后遗症#！！所以疫情常态化还会实行吗,21.0,0.09523809523809523,0.0,0.0,10.5
4746942234759549,wemedia,risk,#新冠后遗症#未来的老公你好，如果你看到这条微博，请务必保护好自己，不要得新冠，我不想你不行,46.0,0.0,0.05,0.0,46.0
4746942225580726,mainstream,risk,【#牛津大学研究发现新冠病毒或加速大脑萎缩#】据外媒报道，英国牛津大学发表在《自然》杂志上的一项研究表明，#新冠病毒可能导致大脑萎缩#。一些新冠患者会出现包括注意力、专注力、信息处理速度下降和记忆力受损等情况。研究人员表示，这些影响是否可以部分逆转，或者是否会长期存在，还需进一步调查。#新冠后遗症# L央视频的微博视频,160.0,0.0,0.0,0.0,53.333333333333336
4746942046011709,mainstream,risk,【#牛津大学研究发现新冠病毒或加速大脑萎缩#】据外媒报道，英国牛津大学发表在《自然》杂志上的一项研究表明，#新冠病毒可能导致大脑萎缩#。一些新冠患者会出现包括注意力、专注力、信息处理速度下降和记忆力受损等情况。研究人员表示，这些影响是否可以部分逆转，或者是否会长期存在，还需进一步调查。#新冠后遗症# @央视频 L央视频的微博视频,165.0,0.0,0.0,0.0,55.0
4746942452335910,mainstream,risk,【#牛津大学研究发现新冠病毒或加速大脑萎缩#】据外媒报道，英国牛津大学发表在《自然》杂志上的一项研究表明，#新冠病毒可能导致大脑萎缩#。一些新冠患者会出现包括注意力、专注力、信息处理速度下降和记忆力受损等情况。研究人员表示，这些影响是否可以部分逆转，或者是否会长期存在，还需进一步调查。#新冠后遗症#L央视频的微博视频,159.0,0.0,0.0,0.0,53.0
4746943156194608,wemedia,risk,泰安【#牛津大学研究发现新冠病毒或加速大脑萎缩#】据外媒报道，英国牛津大学发表在《自然》杂志上的一项研究表明，#新冠病毒可能导致大脑萎缩#。一些新冠患者会出现包括注意力、专注力、信息处理速度下降和记忆力受损等情况。研究人员表示，这些影响是否可以部分逆转，或者是否会长期存在，还需进一步调查。#新冠后遗症# @央视频 L央视频的微博视频 2泰安,172.0,0.0,0.0,0.006802721088435374,57.333333333333336
4746943068636764,wemedia,risk,#新冠后遗症#以为是什么，点开一看原来是牛津大学研究发现新冠病毒或加速大脑萎缩……当然毫不怀疑研究可能是它的道理，但这个没有很具体临床数据的，听听就好啦。这么说吧，抽烟喝酒烫头都可能加速脑萎缩的，不信你去搜搜,104.0,0.0,0.0,0.0,104.0
4746943082006871,wemedia,risk,#新冠后遗症#  #牛津大学研究发现新冠病毒或加速大脑萎缩#  你相信吗 ---L央视频的微博视频,49.0,0.0,0.0,0.0,49.0
4746943677337312,mainstream,risk,【#牛津大学研究发现新冠病毒或加速大脑萎缩#】据外媒报道，英国牛津大学发表在《自然》杂志上的一项研究表明，#新冠病毒可能导致大脑萎缩#。一些新冠患者会出现包括注意力、专注力、信息处理速度下降和记忆力受损等情况。研究人员表示，这些影响是否可以部分逆转，或者是否会长期存在，还需进一步调查。#新冠后遗症# @央视频 L央视频的微博视频,165.0,0.0,0.0,0.0,55.0
4746943694115279,mainstream,risk,【#牛津大学研究发现新冠病毒或加速大脑萎缩#】据外媒报道，英国牛津大学发表在《自然》杂志上的一项研究表明，#新冠病毒可能导致大脑萎缩#。一些新冠患者会出现包括注意力、专注力、信息处理速度下降和记忆力受损等情况。研究人员表示，这些影响是否可以部分逆转，或者是否会长期存在，还需进一步调查。#新冠后遗症# @央视频 L央视频的微博视频,165.0,0.0,0.0,0.0,55.0
4746943903039726,mainstream,risk,【#牛津大学研究发现新冠病毒或加速大脑萎缩#】据外媒报道，英国牛津大学发表在《自然》杂志上的一项研究表明，#新冠病毒可能导致大脑萎缩#。一些新冠患者会出现包括注意力、专注力、信息处理速度下降和记忆力受损等情况。研究人员表示，这些影响是否可以部分逆转，或者是否会长期存在，还需进一步调查。#新冠后遗症# @央视频 L央视频的微博视频,165.0,0.0,0.0,0.0,55.0
4746944204769010,mainstream,risk,【#牛津大学研究发现新冠病毒或加速大脑萎缩#】据外媒报道，英国牛津大学发表在《自然》杂志上的一项研究表明，#新冠病毒可能导致大脑萎缩#。一些新冠患者会出现包括注意力、专注力、信息处理速度下降和记忆力受损等情况。研究人员表示，这些影响是否可以部分逆转，或者是否会长期存在，还需进一步调查。#新冠后遗症# @央视频 L央视频的微博视频,165.0,0.0,0.0,0.0,55.0
4746944436766643,mainstream,risk,【#牛津大学研究发现新冠病毒或加速大脑萎缩#】据外媒报道，英国牛津大学发表在《自然》杂志上的一项研究表明，#新冠病毒可能导致大脑萎缩#。一些新冠患者会出现包括注意力、专注力、信息处理速度下降和记忆力受损等情况。研究人员表示，这些影响是否可以部分逆转，或者是否会长期存在，还需进一步调查。#新冠后遗症#L央视频的微博视频,159.0,0.0,0.0,0.0,53.0
4746944796427532,mainstream,risk,【#牛津大学研究发现新冠病毒或加速大脑萎缩#】据外媒报道，英国牛津大学发表在《自然》杂志上的一项研究表明，#新冠病毒可能导致大脑萎缩#。一些新冠患者会出现包括注意力、专注力、信息处理速度下降和记忆力受损等情况。研究人员表示，这些影响是否可以部分逆转，或者是否会长期存在，还需进一步调查。#新冠后遗症# @央视频 L央视频的微博视频,165.0,0.0,0.0,0.0,55.0
4746945401459000,wemedia,risk,#新冠后遗症#兄弟们划重点！！！保护好自己做好防护目前反馈的新冠病毒最常见的后遗症包括：味觉障碍、记忆力下降、学习能力下降、男性生殖功能下降，基本都属于神经性损伤，不可逆,85.0,0.03529411764705882,0.013513513513513514,0.0,28.333333333333332
4746945685881366,wemedia,risk,#新冠后遗症#瑟瑟发抖还是哪儿也别去安全,20.0,0.0,0.0,0.0,20.0
4746945573424690,wemedia,risk,#新冠后遗症#我朋友说新冠过后膝盖腰经常疼，不知道什么情况,29.0,0.0,0.038461538461538464,0.0,29.0
4746946495648492,wemedia,risk,#新冠后遗症# 说实话，最近我看了很多讲新冠的视频，确确实实奥密克戎跟之前的毒株相比虽然传染力大大增强，但是毒性下降了，所以一部分人得了以后跟感冒差不多或者是无症状感染者，当然这个也跟很多人打了疫苗有关，但是我最担心的还是新冠后遗症问题。如果真的像研究人员说的，一些新冠患者会出现包括注意力、专注力、信息处理速度下降和记忆力受损等情况。而且研究人员还表示，这些影响是否可以部分逆转，或者是否会长期存在，还需进一步调查。这么看的话，还是踏实一点做好个人防护，虽然我很期待开放，但是我感觉现在这个时间点，一旦开放或者跟欧美一样搞群体免疫的话，看欧美那几个国家的死亡率的话，不用后遗症，国内这么大的人口基数，光死亡率还有医疗资源挤兑估计就很麻烦了。还是再等等吧。#微博新知博主#,336.0,0.0,0.013071895424836602,0.0,67.2
4746946948630151,wemedia,risk,#新冠后遗症#疫情可以反反复复的开始 我的青春只有这一次了,29.0,0.0,0.038461538461538464,0.0,29.0
4746947569123421,wemedia,risk,#新冠后遗症#注意防护！！！带好口罩！！！可能会是一生的痛！！！,32.0,0.28125,0.0,0.0,3.5555555555555554
4746948827152914,mainstream,risk,【#牛津大学研究发现新冠病毒或加速大脑萎缩#】据外媒报道，英国牛津大学发表在《自然》杂志上的一项研究表明，#新冠病毒可能导致大脑萎缩#。一些新冠患者会出现包括注意力、专注力、信息处理速度下降和记忆力受损等情况。研究人员表示，这些影响是否可以部分逆转，或者是否会长期存在，还需进一步调查。#新冠后遗症# @央视频 L央视频的微博视频 2北京,169.0,0.0,0.0,0.006896551724137931,56.333333333333336
4746948701848050,mainstream,risk,#牛津大学研究发现新冠病毒或加速大脑萎缩# 据外媒报道，英国牛津大学发表在《自然》杂志上的一项研究表明，#新冠病毒可能导致大脑萎缩#。一些新冠患者会出现包括注意力、专注力、信息处理速度下降和记忆力受损等情况。研究人员表示，这些影响是否可以部分逆转，或者是否会长期存在，还需进一步调查。#新冠后遗症# @央视频 L央视频的微博视频,164.0,0.0,0.0,0.0,54.666666666666664
4746949301897896,wemedia,risk,#新冠后遗症#…………我看你像脑萎缩！,19.0,0.05263157894736842,0.08333333333333333,0.0,19.0
4746949318151738,mainstream,risk,【#牛津大学研究发现新冠病毒或加速大脑萎缩#】据外媒报道，英国牛津大学发表在《自然》杂志上的一项研究表明，#新冠病毒可能导致大脑萎缩#。一些新冠患者会出现包括注意力、专注力、信息处理速度下降和记忆力受损等情况。研究人员表示，这些影响是否可以部分逆转，或者是否会长期存在，还需进一步调查。#新冠后遗症#L央视频的微博视频,159.0,0.0,0.0,0.0,53.0
4746949405708647,mainstream,risk,【#牛津大学研究发现新冠病毒或加速大脑萎缩#】据外媒报道，英国牛津大学发表在《自然》杂志上的一项研究表明，#新冠病毒可能导致大脑萎缩#。一些新冠患者会出现包括注意力、专注力、信息处理速度下降和记忆力受损等情况。研究人员表示，这些影响是否可以部分逆转，或者是否会长期存在，还需进一步调查。#新冠后遗症# @央视频 L央视频的微博视频,165.0,0.0,0.0,0.0,55.0
4746949418289855,mainstream,risk,【#牛津大学研究发现新冠病毒或加速大脑萎缩#】据外媒报道，英国牛津大学发表在《自然》杂志上的一项研究表明，#新冠病毒可能导致大脑萎缩#。一些新冠患者会出现包括注意力、专注力、信息处理速度下降和记忆力受损等情况。研究人员表示，这些影响是否可以部分逆转，或者是否会长期存在，还需进一步调查。#新冠后遗症# @央视频 L央视频的微博视频,165.0,0.0,0.0,0.0,55.0
4746949749900163,mainstream,risk,#原哥放映室# 【#牛津大学研究发现新冠病毒或加速大脑萎缩#!】据外媒报道，英国牛津大学发表在《自然》杂志上的一项研究表明，#新冠病毒可能导致大脑萎缩#。一些新冠患者会出现包括注意力、专注力、信息处理速度下降和记忆力受损等情况。研究人员表示，这些影响是否可以部分逆转，或者是否会长期存在，还需进一步调查。#新冠后遗症# @央视频 L央视频的微博视频,174.0,0.005747126436781609,0.0,0.0,43.5
4746950002345848,mainstream,risk,#新冠后遗症# 据外媒报道，英国牛津大学发表在《自然》杂志上的一项研究表明，新冠病毒可能导致大脑萎缩。一些新冠患者会出现包括注意力、专注力、信息处理速度下降和记忆力受损等情况。新冠肺炎病毒的危害十分严重，大家一定要认真对待疫情防护，不要放松警惕哦。        当前国内疫情多发频发，防控形势依然复杂严峻。虽然武汉疫情已经有所缓解，但是大家依然需要戴好口罩做好疫情防护哦～,187.0,0.0,0.0,0.0,46.75
4746950022268719,wemedia,risk,#新冠后遗症#生活环境本来就够恶劣了…还来生理上的心情如图,29.0,0.0,0.0,0.0,29.0
4746949913479371,wemedia,risk,#新冠后遗症#【#牛津大学研究发现新冠病毒或加速大脑萎缩#】据外媒报道，英国牛津大学发表在《自然》杂志上的一项研究表明，#新冠病毒可能导致大脑萎缩#。一些新冠患者会出现包括注意力、专注力、信息处理速度下降和记忆力受损等情况。研究人员表示，这些影响是否可以部分逆转，或者是否会长期存在，还需进一步调查。#新冠后遗症#L央视频的微博视频,166.0,0.0,0.0,0.0,55.333333333333336
4746950119001863,mainstream,risk,【#牛津大学研究发现新冠病毒或加速大脑萎缩#】据外媒报道，英国牛津大学发表在《自然》杂志上的一项研究表明，#新冠病毒可能导致大脑萎缩#。一些新冠患者会出现包括注意力、专注力、信息处理速度下降和记忆力受损等情况。研究人员表示，这些影响是否可以部分逆转，或者是否会长期存在，还需进一步调查。#新冠后遗症# @央视频 L央视频的微博视频,165.0,0.0,0.0,0.0,55.0
4746950417842684,wemedia,risk,#新冠后遗症#疫情快点消失呀后遗症也是有点恐怖😱,24.0,0.0,0.0,0.0,24.0
4746951314112664,wemedia,risk,#新冠后遗症#呃，得了新冠根本都是害处，害己还害人，也有治不好的人没了，治好可能后遗症。所以，别放松，都防护好吧。从21年上半年就想着快了快了，快好了，一年又过去了…前几天一天上千确诊。。。,95.0,0.0,0.0,0.01282051282051282,19.0
4746951113049482,mainstream,risk,【#牛津大学研究发现新冠病毒或加速大脑萎缩#】据外媒报道，英国牛津大学发表在《自然》杂志上的一项研究表明，#新冠病毒可能导致大脑萎缩#。一些新冠患者会出现包括注意力、专注力、信息处理速度下降和记忆力受损等情况。研究人员表示，这些影响是否可以部分逆转，或者是否会长期存在，还需进一步调查。#新冠后遗症# @央视频 L央视频的微博视频,165.0,0.0,0.0,0.0,55.0
4746951633144064,wemedia,risk,#新冠后遗症#疫情什么时候能结束啊？不说了，去捅嗓子眼了,28.0,0.03571428571428571,0.0,0.0,28.0
4746952149043667,mainstream,risk,#健康之初# 【#牛津大学研究发现新冠病毒或加速大脑萎缩#】据外媒报道，英国牛津大学发表在《自然》杂志上的一项研究表明，#新冠病毒可能导致大脑萎缩#。一些新冠患者会出现包括注意力、专注力、信息处理速度下降和记忆力受损等情况。研究人员表示，这些影响是否可以部分逆转，或者是否会长期存在，还需进一步调查。#新冠后遗症#  L央视频的微博视频,168.0,0.0,0.0,0.0,56.0
4746952211696142,mainstream,risk,【#牛津大学研究发现新冠病毒或加速大脑萎缩#】据外媒报道，英国牛津大学发表在《自然》杂志上的一项研究表明，#新冠病毒可能导致大脑萎缩#。一些新冠患者会出现包括注意力、专注力、信息处理速度下降和记忆力受损等情况。研究人员表示，这些影响是否可以部分逆转，或者是否会长期存在，还需进一步调查。#新冠后遗症#L央视频的微博视频,159.0,0.0,0.0,0.0,53.0
4746952480395713,wemedia,risk,#新冠后遗症#话说是大脑萎缩，打了灭活的我已经后遗了,26.0,0.0,0.043478260869565216,0.0,26.0
4746952682506862,wemedia,risk,【#牛津大学研究发现新冠病毒或加速大脑萎缩#】据外媒报道，英国牛津大学发表在《自然》杂志上的一项研究表明，#新冠病毒可能导致大脑萎缩#。一些新冠患者会出现包括注意力、专注力、信息处理速度下降和记忆力受损等情况。研究人员表示，这些影响是否可以部分逆转，或者是否会长期存在，还需进一步调查。#新冠后遗症# @央视频 L央视频的微博视频,165.0,0.0,0.0,0.0,55.0
4746953747074745,wemedia,risk,#新冠后遗症#新冠最可怕的不是致死率了 而是后遗症？,26.0,0.038461538461538464,0.0,0.0,26.0
4746954523803877,wemedia,risk,#新冠后遗症##微博新知博主#      丁香医生认为这件事情不能拿出来讨论，是学界研究的问题。我表示不同意。新冠疫情事关你我，病毒传播的时候可不管你是不是学界的。一切与新冠病毒的有关的话题都可以讨论，每个人都可以发表意见。如果学界一直没有研究上的进展，那么就可以当这回事不存在吗？当然不，科学家说不出个所以然，但是对于老百姓来说我该怎么办？就香港疫情来说，最震撼的事情就是一些还不到5岁的孩子感染后死亡，这才让某些香港人闭嘴，重视起严防严控。大家要对于新冠病毒有个正确的认识，这个病毒不单是会入侵脑部，还要人命。让大家提高警觉，主动防疫，这才是目的。,276.0,0.007246376811594203,0.012295081967213115,0.004098360655737705,30.666666666666668
4746955454679965,wemedia,risk,【#牛津大学研究发现新冠病毒或加速大脑萎缩#】据外媒报道，英国牛津大学发表在《自然》杂志上的一项研究表明，#新冠病毒可能导致大脑萎缩#。一些新冠患者会出现包括注意力、专注力、信息处理速度下降和记忆力受损等情况。研究人员表示，这些影响是否可以部分逆转，或者是否会长期存在，还需进一步调查。#新冠后遗症# @央视频L央视频的微博视频,164.0,0.0,0.0,0.0,54.666666666666664
4746955450484911,mainstream,risk,#新冠后遗症# 新冠病毒导致的大脑灰质减少和组织受损程度可能大于未感染的人自然出现的此类情况，在两次扫描间新冠肺炎患者额外失去了0.2%至2%的大脑灰质，与嗅觉有关的大脑区域组织受损，研究还发现一些新冠患者还会出现包括注意力、专注力、信息处理速度下降和记忆力受损的情况，这些影响是否可以部分逆转或者是否会长期存在，还需要进一步调查 L星广网络传媒的微博视频,178.0,0.0,0.0,0.012195121951219513,178.0
4746956293540310,wemedia,risk,#新冠后遗症#文章都说了一些患者，而且轻重症后遗症情况也不一样吧，现在现在这种情况拿没完成或是不完整的研究成果宣扬后遗症，真的好吗？,66.0,0.015151515151515152,0.0,0.0,66.0
4746957329793110,wemedia,risk,#新冠后遗症#新冠对人体的伤害远不止于此，恢复期也比较漫长！,30.0,0.03333333333333333,0.0,0.0,30.0
4746957156781918,wemedia,risk,#新冠后遗症#新冠相关内容上有很多误导信息，有夸大的，相信不用我举例了；也有打着“科普”、“消解恐慌”旗号误导大众的。面对新冠，担心该担心的比如它的整体感染率，造成的受影响总人数明显增加了。这些不能因为重症率、死亡率比之前delta有所降低就忽视掉。这增加的人数就足以击穿我们本来就脆弱的医疗了。——事实上一些人正在忽视这一点关注应该关注的。比如说到后遗症，他确实存在，但不应该被夸大，也不应该被忽视。现在积累了这么多病例，无论哪一种都是对他们的二次伤害，他们值得被重视和关注，但也要看到大多数在1年内康复。关于脑萎缩的后遗症，其实关于新冠对大脑影响的研究挺多的，不过目前来看，确有发生，但是机制不明，也不是人人都有。但别过度渲染，动不动就超级毒株啥的。#微博公开课##微博新知博主##知识buff加成计划#,354.0,0.0,0.006557377049180328,0.003278688524590164,35.4
4746957694435439,wemedia,risk,#新冠后遗症#新冠最可怕的不是致死率了，而是后遗症？ 2吕梁,30.0,0.03333333333333333,0.0,0.04,30.0
4746957984108850,mainstream,risk,【#牛津大学研究发现新冠病毒或加速大脑萎缩#】据外媒报道，英国牛津大学发表在《自然》杂志上的一项研究表明，#新冠病毒可能导致大脑萎缩#。一些新冠患者会出现包括注意力、专注力、信息处理速度下降和记忆力受损等情况。研究人员表示，这些影响是否可以部分逆转，或者是否会长期存在，还需进一步调查。#新冠后遗症# @央视频 L央视频的微博视频,165.0,0.0,0.0,0.0,55.0
4746957933774578,mainstream,risk,【#牛津大学研究发现新冠病毒或加速大脑萎缩#】据外媒报道，英国牛津大学发表在《自然》杂志上的一项研究表明，#新冠病毒可能导致大脑萎缩#。一些新冠患者会出现包括注意力、专注力、信息处理速度下降和记忆力受损等情况。研究人员表示，这些影响是否可以部分逆转，或者是否会长期存在，还需进一步调查。#新冠后遗症# @央视频 L央视频的微博视频,165.0,0.0,0.0,0.0,55.0
4746957949504654,wemedia,risk,#新冠后遗症#说躺平的，请去国外体验全套新冠大礼包,25.0,0.0,0.0,0.0,25.0
4746958318603740,mainstream,risk,【#牛津大学研究发现新冠病毒或加速大脑萎缩#】据外媒报道，英国牛津大学发表在《自然》杂志上的一项研究表明，#新冠病毒可能导致大脑萎缩#。一些新冠患者会出现包括注意力、专注力、信息处理速度下降和记忆力受损等情况。研究人员表示，这些影响是否可以部分逆转，或者是否会长期存在，还需进一步调查。#新冠后遗症# @央视频 L央视频的微博视频,165.0,0.0,0.0,0.0,55.0
4746959016169627,mainstream,risk,【#牛津大学研究发现新冠病毒或加速大脑萎缩#】据外媒报道，英国牛津大学发表在《自然》杂志上的一项研究表明，#新冠病毒可能导致大脑萎缩#。一些新冠患者会出现包括注意力、专注力、信息处理速度下降和记忆力受损等情况。研究人员表示，这些影响是否可以部分逆转，或者是否会长期存在，还需进一步调查。#新冠后遗症# @央视频 L央视频的微博视频,165.0,0.0,0.0,0.0,55.0
4746959576895356,mainstream,risk,【#牛津大学研究发现新冠病毒或加速大脑萎缩#】据外媒报道，英国牛津大学发表在《自然》杂志上的一项研究表明，#新冠病毒可能导致大脑萎缩#。一些新冠患者会出现包括注意力、专注力、信息处理速度下降和记忆力受损等情况。研究人员表示，这些影响是否可以部分逆转，或者是否会长期存在，还需进一步调查。#新冠后遗症# @央视频 L央视频的微博视频 2绵阳,169.0,0.0,0.0,0.006896551724137931,56.333333333333336
4746959686469657,wemedia,risk,#新冠后遗症#你能接受去饭店吃饭摘掉口罩后的提心吊胆吗？你能接受去看亲朋好友时纠结是否要摘下口罩吗？你能接受公司每天要求在家核酸检测，阴性后才能去上班吗？如果不能或不确定，那最好不要躺平。出门带好口罩，回家洗手+消毒。即使你打过3针疫苗，住在上海或北京这种医疗资源充足的地方，也要想想。如果现在就躺平，病毒扩散到青海、甘肃、新疆和西藏这些医疗资源落后的地区，会死多少人？他们也是中国人，为了他们，值得坚持动态清零的政策,209.0,0.019138755980861243,0.0,0.005319148936170213,29.857142857142858
4746959863157455,mainstream,risk,【#牛津大学研究发现新冠病毒或加速大脑萎缩#】据外媒报道，英国牛津大学发表在《自然》杂志上的一项研究表明，#新冠病毒可能导致大脑萎缩#。一些新冠患者会出现包括注意力、专注力、信息处理速度下降和记忆力受损等情况。研究人员表示，这些影响是否可以部分逆转，或者是否会长期存在，还需进一步调查。#新冠后遗症# @央视频 L央视频的微博视频,165.0,0.0,0.0,0.0,55.0
4746960659809086,wemedia,risk,【#牛津大学研究发现新冠病毒或加速大脑萎缩#】据外媒报道，英国牛津大学发表在《自然》杂志上的一项研究表明，#新冠病毒可能导致大脑萎缩#。一些新冠患者会出现包括注意力、专注力、信息处理速度下降和记忆力受损等情况。研究人员表示，这些影响是否可以部分逆转，或者是否会长期存在，还需进一步调查。#新冠后遗症# @央视频 L央视频的微博视频,165.0,0.0,0.0,0.0,55.0
4746960516680752,mainstream,risk,【#牛津大学研究发现新冠病毒或加速大脑萎缩#】据外媒报道，英国牛津大学发表在《自然》杂志上的一项研究表明，#新冠病毒可能导致大脑萎缩#。一些新冠患者会出现包括注意力、专注力、信息处理速度下降和记忆力受损等情况。研究人员表示，这些影响是否可以部分逆转，或者是否会长期存在，还需进一步调查。#新冠后遗症# @央视频L央视频的微博视频,164.0,0.0,0.0,0.0,54.666666666666664
4746960420996628,mainstream,risk,【潍坊网警：感染后这些隐匿症状你了解吗？】眼下，奥密克戎变异株出现防范难点，我们应该如何甄别预防？#新冠后遗症#,56.0,0.03571428571428571,0.02127659574468085,0.0,28.0
4746960710405097,wemedia,risk,"#新冠后遗症#听说, 嗅觉味觉都会影响, 闻食物就像垃圾味道, 这可不行啊, 我还要吃吃吃呢！这波疫情快点结束吧, 我好孩怕！ 2上海",67.0,0.029850746268656716,0.038461538461538464,0.019230769230769232,33.5
4746960986703575,mainstream,risk,【#牛津大学研究发现新冠病毒或加速大脑萎缩#】据外媒报道，英国牛津大学发表在《自然》杂志上的一项研究表明，#新冠病毒可能导致大脑萎缩#。一些新冠患者会出现包括注意力、专注力、信息处理速度下降和记忆力受损等情况。研究人员表示，这些影响是否可以部分逆转，或者是否会长期存在，还需进一步调查。#新冠后遗症#L央视频的微博视频,159.0,0.0,0.0,0.0,53.0
4746961170992378,mainstream,risk,新冠后遗症：即便是非重症患者，在确诊新冠近1年后，依旧存在多系统问题，如睡眠困难、呼吸急促、乏力和关节疼痛等身体症状，以及焦虑、抑郁等心理问题。#新冠后遗症# L种草达人猪哥的微博视频,92.0,0.0,0.0,0.0125,92.0
4746961283978396,wemedia,risk,【#牛津大学研究发现新冠病毒或加速大脑萎缩#】据外媒报道，英国牛津大学发表在《自然》杂志上的一项研究表明，#新冠病毒可能导致大脑萎缩#。一些新冠患者会出现包括注意力、专注力、信息处理速度下降和记忆力受损等情况。研究人员表示，这些影响是否可以部分逆转，或者是否会长期存在，还需进一步调查。#新冠后遗症# @央视频 L央视频的微博视频 2西安,169.0,0.0,0.0,0.006896551724137931,56.333333333333336
4746961489498015,wemedia,risk,#新冠后遗症#不管别人信不信，我是信了。甭管损害是否可逆，病S率有多低，真正降临到自己或者家人身上都是一场灾难。病毒不会因为假装看不见就放弃传播，也不会因为不相信它的危害性就不对造成伤害。我永远都不希望自己或者身边的人成为其中的一个数字。,119.0,0.0,0.03669724770642202,0.0,29.75
4746962023221634,mainstream,risk,【#牛津大学研究发现新冠病毒或加速大脑萎缩#】据外媒报道，英国牛津大学发表在《自然》杂志上的一项研究表明，#新冠病毒可能导致大脑萎缩#。一些新冠患者会出现包括注意力、专注力、信息处理速度下降和记忆力受损等情况。研究人员表示，这些影响是否可以部分逆转，或者是否会长期存在，还需进一步调查。#新冠后遗症# @央视频 L央视频的微博视频,165.0,0.0,0.0,0.0,55.0
4746962316559453,wemedia,risk,#新冠后遗症#本来记性就不好。千万不能在得这个了,24.0,0.0,0.0,0.0,24.0
4746962644240186,wemedia,risk,#新冠后遗症# 那些美国欧洲国家全民智商水平要下降一个台阶了！大中国赶超的机会来了。 2郑州,46.0,0.021739130434782608,0.0,0.025,23.0
4746962601248133,mainstream,risk,【#牛津大学研究发现新冠病毒或加速大脑萎缩#】据外媒报道，英国牛津大学发表在《自然》杂志上的一项研究表明，#新冠病毒可能导致大脑萎缩#。一些新冠患者会出现包括注意力、专注力、信息处理速度下降和记忆力受损等情况。研究人员表示，这些影响是否可以部分逆转，或者是否会长期存在，还需进一步调查。#新冠后遗症# @央视频 L央视频的微博视频,165.0,0.0,0.0,0.0,55.0
4746962550916302,mainstream,risk,【#牛津大学研究发现新冠病毒或加速大脑萎缩#】据外媒报道，英国牛津大学发表在《自然》杂志上的一项研究表明，#新冠病毒可能导致大脑萎缩#。一些新冠患者会出现包括注意力、专注力、信息处理速度下降和记忆力受损等情况。研究人员表示，这些影响是否可以部分逆转，或者是否会长期存在，还需进一步调查。#新冠后遗症# @央视频 L央视频的微博视频,165.0,0.0,0.0,0.0,55.0
4746962588927039,mainstream,risk,【#牛津大学研究发现新冠病毒或加速大脑萎缩#】#经导微资讯# 据外媒报道，英国牛津大学发表在《自然》杂志上的一项研究表明，#新冠病毒可能导致大脑萎缩#。一些新冠患者会出现包括注意力、专注力、信息处理速度下降和记忆力受损等情况。研究人员表示，这些影响是否可以部分逆转，或者是否会长期存在，还需进一步调查。#新冠后遗症# @央视频 L央视频的微博视频,173.0,0.0,0.0,0.0,57.666666666666664
4746962883053407,mainstream,risk,【#牛津大学研究发现新冠病毒或加速大脑萎缩#】据外媒报道，英国牛津大学发表在《自然》杂志上的一项研究表明，#新冠病毒可能导致大脑萎缩#。一些新冠患者会出现包括注意力、专注力、信息处理速度下降和记忆力受损等情况。研究人员表示，这些影响是否可以部分逆转，或者是否会长期存在，还需进一步调查。#新冠后遗症# @央视频 L央视频的微博视频,165.0,0.0,0.0,0.0,55.0
4746963667388041,mainstream,risk,【#牛津大学研究发现新冠病毒或加速大脑萎缩#】据外媒报道，英国牛津大学发表在《自然》杂志上的一项研究表明，#新冠病毒可能导致大脑萎缩#。一些新冠患者会出现包括注意力、专注力、信息处理速度下降和记忆力受损等情况。研究人员表示，这些影响是否可以部分逆转，或者是否会长期存在，还需进一步调查。#新冠后遗症# @央视频 L央视频的微博视频,165.0,0.0,0.0,0.0,55.0
4746963687838026,mainstream,risk,【#牛津大学研究发现新冠病毒或加速大脑萎缩#】据外媒报道，英国牛津大学发表在《自然》杂志上的一项研究表明，#新冠病毒可能导致大脑萎缩#。一些新冠患者会出现包括注意力、专注力、信息处理速度下降和记忆力受损等情况。研究人员表示，这些影响是否可以部分逆转，或者是否会长期存在，还需进一步调查。#新冠后遗症# （央视频）L央视频的微博视频,165.0,0.0,0.0,0.0,55.0
4746964401132441,mainstream,risk,【#新冠后遗症##新冠或永久损伤男性性功能# 】在整个疫情中，的确一直有关于勃起障碍和新冠的担忧。3 月，一个以意大利 100 名男性为样本的研究发现新冠与勃起障碍之间存在相关性。得过新冠的男性的 ED 预估风险比正常水平高5.5 倍。当然这个研究规模非常小，不是很可靠的证据。去年11 月，也有一群泌尿科医生表示对「covid dick」的担心。当然核心还是为了劝大家赶紧打新冠疫苗，「为了人类的未来」 #性功能障碍# #藏医药# #甘露海三因疗法#,226.0,0.0,0.0,0.022727272727272728,45.2
4746964501530316,wemedia,risk,#新冠后遗症#我得新冠了，第三次本来不想说的但现在新冠病毒，这么猖狂，客观说出自己的经历，应该会安慰很多无辜群众的心吧❤️疫情#新冠# L北欧三宝妈的微博视频,80.0,0.0,0.029411764705882353,0.0,80.0
4746965227146004,wemedia,risk,#新冠后遗症#看到外国有个小姐姐吃啥都是腐烂味就觉得很吓人,29.0,0.0,0.0,0.0,29.0
4746965721813392,mainstream,risk,#新冠后遗症#【#牛津大学研究发现新冠病毒或加速大脑萎缩#】据外媒报道，英国牛津大学发表在《自然》杂志上的一项研究表明，#新冠病毒可能导致大脑萎缩#。一些新冠患者会出现包括注意力、专注力、信息处理速度下降和记忆力受损等情况。研究人员表示，这些影响是否可以部分逆转，或者是否会长期存在，还需进一步调查。#新冠后遗症#L央视频的微博视频,166.0,0.0,0.0,0.0,55.333333333333336
4746965906620958,mainstream,risk,【#牛津大学研究发现新冠病毒或加速大脑萎缩#】据外媒报道，英国牛津大学发表在《自然》杂志上的一项研究表明，#新冠病毒可能导致大脑萎缩#。一些新冠患者会出现包括注意力、专注力、信息处理速度下降和记忆力受损等情况。研究人员表示，这些影响是否可以部分逆转，或者是否会长期存在，还需进一步调查。#新冠后遗症# @央视频 L央视频的微博视频 #西安疫情#,172.0,0.0,0.0,0.0,57.333333333333336
4746966209397544,mainstream,risk,【#牛津大学研究发现新冠病毒或加速大脑萎缩#】据外媒报道，英国牛津大学发表在《自然》杂志上的一项研究表明，#新冠病毒可能导致大脑萎缩#。一些新冠患者会出现包括注意力、专注力、信息处理速度下降和记忆力受损等情况。研究人员表示，这些影响是否可以部分逆转，或者是否会长期存在，还需进一步调查。#新冠后遗症# （央视频）L央视频的微博视频,165.0,0.0,0.0,0.0,55.0
4746966456075790,mainstream,risk,【#牛津大学研究发现新冠病毒或加速大脑萎缩#】据外媒报道，英国牛津大学发表在《自然》杂志上的一项研究表明，#新冠病毒可能导致大脑萎缩#。一些新冠患者会出现包括注意力、专注力、信息处理速度下降和记忆力受损等情况。研究人员表示，这些影响是否可以部分逆转，或者是否会长期存在，还需进一步调查。#新冠后遗症# @央视频 L央视频的微博视频,165.0,0.0,0.0,0.0,55.0
4746966959656318,wemedia,risk,#新冠后遗症#手指发黑，重学走路！美国41岁新冠患者出院，哭诉：新冠病毒是真实的 L未知世界大全的微博视频,53.0,0.018867924528301886,0.0,0.022222222222222223,53.0
4746967115366611,wemedia,risk,#新冠后遗症#疫情快点结束吧，好可怕,18.0,0.0,0.0,0.0,18.0
4746971032584835,mainstream,risk,【#牛津大学研究发现新冠病毒或加速大脑萎缩#】据外媒报道，英国牛津大学发表在《自然》杂志上的一项研究表明，#新冠病毒可能导致大脑萎缩#。一些新冠患者会出现包括注意力、专注力、信息处理速度下降和记忆力受损等情况。研究人员表示，这些影响是否可以部分逆转，或者是否会长期存在，还需进一步调查。#新冠后遗症# @央视频 L央视频的微博视频,165.0,0.0,0.0,0.0,55.0
4746971958478578,mainstream,risk,【#牛津大学研究发现新冠病毒或加速大脑萎缩#】据外媒报道，英国牛津大学发表在《自然》杂志上的一项研究表明，#新冠病毒可能导致大脑萎缩#。一些新冠患者会出现包括注意力、专注力、信息处理速度下降和记忆力受损等情况。研究人员表示，这些影响是否可以部分逆转，或者是否会长期存在，还需进一步调查。#新冠后遗症# @央视频 L央视频的微博视频,165.0,0.0,0.0,0.0,55.0
4746972152727584,mainstream,risk,【#牛津大学研究发现新冠病毒或加速大脑萎缩#】据外媒报道，英国牛津大学发表在《自然》杂志上的一项研究表明，#新冠病毒可能导致大脑萎缩#。一些新冠患者会出现包括注意力、专注力、信息处理速度下降和记忆力受损等情况。研究人员表示，这些影响是否可以部分逆转，或者是否会长期存在，还需进一步调查。#新冠后遗症# @央视频 L央视频的微博视频,165.0,0.0,0.0,0.0,55.0
4746972446328187,mainstream,risk,#新冠后遗症#【#牛津大学研究发现新冠病毒或加速大脑萎缩#】据外媒报道，英国牛津大学发表在《自然》杂志上的一项研究表明，#新冠病毒可能导致大脑萎缩#。一些新冠患者会出现包括注意力、专注力、信息处理速度下降和记忆力受损等情况。研究人员表示，这些影响是否可以部分逆转，或者是否会长期存在，还需进一步调查。  L央视频的微博视频,161.0,0.0,0.0,0.0,53.666666666666664
4746972848983020,wemedia,risk,#新冠后遗症# 【新冠造成大脑萎缩？主要是针对的嗅觉和认知部分，是否能康复还未知】牛津大学的研究说了什么呢？首先声明这是一篇预印本论文，结论仅供参考。他们调查785名英国生物样本库参与者(年龄51-81岁)的大脑变化，一共扫描两次。在这两次期间401人感染了新冠，其中15人住院；另外384例没有感染作为对照组。他们发现的结果是：（1）眶额皮质和海马旁回的灰质厚度和组织对比更大的减少，这些区域和气味有关。（2）与初级嗅觉皮质功能连接的区域的组织损伤标记更大的变化，（3）整体大脑大小更大的减少，与未感染的参与者相比，这些影响的变化范围从 0.2% 到 2% 不等，这一部分主要是与认知有关的小脑结构。（4）受感染的参与者在这两个时间点之间也表现出平均更大的认知衰退，认知功能包括记忆、语言、推理。（5）他们执行复杂任务的心理能力也表现出更大的下降，这种心理恶化部分与这些大脑异常有关。这就是所谓的萎缩——即体积变小。这些改变有以下特点：（1）所有这些负面影响在年龄较大时更为显著；（2）研究中患者以轻度为主；（3）他们对比了其他肺炎，发现这是新冠肺炎特有的。并且排除15例住院患者后，仍然可以看到这些影像和认知改变。作者认为可能的原因有：（1）因为感染期间嗅觉退化导致用进废退；（2）出现了神经炎症（3）有可能是疾病通过嗅觉途径传播导致的。但是目前并不知道这些改变是暂时的还是永久的，可以确定的是不是人人都有，但具体比例这个研究没看见。虽然现在的研究显示，大多数新冠后遗症会在1年内康复，但由于新冠感染人数众多，积累下来的患者也有不少了，哪怕是罕见病我们都应该关注与重视，对于正在被病痛折磨的他们，更应该施以援手。无论是夸大加剧他们和大众恐慌，还是忽视导致他们的诉求得不到响应，这都是不可取的。#微博公开课# #微博新知博主# #知识buff加成计划#,777.0,0.002574002574002574,0.0014947683109118087,0.03139013452914798,38.85
4746973472625082,wemedia,risk,#新冠后遗症#心灵上已经有后遗症了,17.0,0.0,0.0,0.0,17.0
4746973762031948,wemedia,risk,【#牛津大学研究发现新冠病毒或加速大脑萎缩#】据外媒报道，英国牛津大学发表在《自然》杂志上的一项研究表明，#新冠病毒可能导致大脑萎缩#。一些新冠患者会出现包括注意力、专注力、信息处理速度下降和记忆力受损等情况。研究人员表示，这些影响是否可以部分逆转，或者是否会长期存在，还需进一步调查。#新冠后遗症#L央视频的微博视频,159.0,0.0,0.0,0.0,53.0
4746973770678929,wemedia,risk,#新冠后遗症#高考加油# #疫情# 记不清具体是几月几日，刚刚离去的疫情，转身又回来了，而且这次的回归声势浩大，不仅仅是一个城市、一个省份，而是多地开花——无奈之下，一个又一个城市按下了暂停键，做核酸又成了我们每天睁开眼就要完成的任务，刚刚恢复的工作、生活，又变得不正常了。上班簇，每天不知道能不能去上班，到了办公室，又担心办公楼会不会被封、下班还能不能正常回到家；到家了，又担心明天能不能正常出门上班，就这样一天天在担心中度过，怕再次被封控，可能这就是新冠留下的后遗症吧~同学们，也是每天不能安心上课，今天去上课了，可能明天就是在家网课，这不现在已经多地学校停课，同学们又开启了网课模式。对于正常生活、学习的不确定性，也就产生了对于未来不确定性的担忧，而此时对于考生们的影响便是不能专心备考了~其实无论疫情会有怎么的发展，高考总是要来的，也许考试时间会变、也许考场地点会变，但是我们要走进考场、迎接这场考试的事实不会改变，那么无论现在是在学校上课，还是在家网课，让我们做好学习计划，把每天的学习生活安排的劳逸结合，以一种向上、向前的态度去过好每一天！既然高考，不会因为疫情而取消，我们也不希望高考因为疫情而延期、而取消，那么就让我们开心面对吧，加油、冲吧！高考 #疫情[超话]# #高考#,546.0,0.003663003663003663,0.010482180293501049,0.0,109.2
4746974111208597,wemedia,risk,#新冠后遗症#其实这热搜也没有所谓的制造焦虑 只是给予适当的研究结果 让我们都一起更了解新冠！毕竟，谁也无法阻止新冠不是吗？我觉得让大家了解到真实的情况是很有必要的自己先了解自己可能会/已经被感染上的病毒的后遗症不是很正常吗万一到时候中了 啥也不知道,125.0,0.016,0.034482758620689655,0.0,62.5
4746974514121717,wemedia,risk,#新冠后遗症#有多可怕？新冠肺炎虽然攻击的是呼吸系统，但对全身几乎所有的器官都有影响！#闪光达人创作营#L于晨读书的微博视频,62.0,0.03225806451612903,0.0,0.0,31.0
4746975011934852,mainstream,risk,【#牛津大学研究发现新冠病毒或加速大脑萎缩#】据外媒报道，英国牛津大学发表在《自然》杂志上的一项研究表明，#新冠病毒可能导致大脑萎缩#。一些新冠患者会出现包括注意力、专注力、信息处理速度下降和记忆力受损等情况。研究人员表示，这些影响是否可以部分逆转，或者是否会长期存在，还需进一步调查。#新冠后遗症# @央视频 L央视频的微博视频,165.0,0.0,0.0,0.0,55.0
4746977294946857,wemedia,risk,#新冠后遗症#所以到底后遗症是什么啊。。。这个词条下面都是些什么东西啊，就不能好好科普吗,44.0,0.0,0.0,0.0,14.666666666666666
4746978288208532,wemedia,risk,#新冠后遗症#悉尼小姐姐告诉你新冠痊愈后身体的感觉，和以前的身体有一些不同的情况#闪光达人创作营#L嘻哈电影的微博视频,59.0,0.0,0.0,0.0,59.0
4746978288207494,wemedia,risk,#新冠后遗症#小姐姐自述嗅觉倒错后的体验#闪光达人创作营#L身边鉴赏家的微博视频,40.0,0.0,0.0,0.0,40.0
4746978287944821,wemedia,risk,#新冠后遗症#有多可怕？新冠肺炎虽然攻击的是呼吸系统，但对全身几乎所有的器官都有影响！#闪光达人创作营#L于晨读书的微博视频,62.0,0.03225806451612903,0.0,0.0,31.0
4746980062922125,wemedia,risk,#新冠后遗症#所以会有哪些后遗症？,17.0,0.058823529411764705,0.0,0.0,17.0
4746980297805063,mainstream,risk,【#牛津大学研究发现新冠病毒或加速大脑萎缩#】据外媒报道，英国牛津大学发表在《自然》杂志上的一项研究表明，#新冠病毒可能导致大脑萎缩#。一些新冠患者会出现包括注意力、专注力、信息处理速度下降和记忆力受损等情况。研究人员表示，这些影响是否可以部分逆转，或者是否会长期存在，还需进一步调查。#新冠后遗症# L央视频的微博视频,160.0,0.0,0.0,0.0,53.333333333333336
4746981013979874,wemedia,risk,#新冠后遗症#我真的焯了 本准中考生慌的一批快让孩子回学校吧,30.0,0.0,0.037037037037037035,0.0,30.0
4746981559502820,wemedia,risk,#新冠后遗症#新冠肺炎新旧症状大对比，感染德尔塔毒株后可能会出现什么症状？ L玩闹动物城的微博视频,49.0,0.02040816326530612,0.0,0.0,49.0
4746981559762998,wemedia,risk,#新冠后遗症#悉尼小姐姐告诉你新冠痊愈后身体的感觉，和以前的身体有一些不同的情况 L嘻哈电影的微博视频,51.0,0.0,0.0,0.0,51.0
4746981560028740,wemedia,risk,#新冠后遗症#新冠“后遗症”有多可怕？武汉协和医院数据曝光，揭开康复者现状 L宅腐科技控的微博视频,49.0,0.02040816326530612,0.0,0.0,49.0
4746981556359434,mainstream,risk,【#牛津大学研究发现新冠病毒或加速大脑萎缩#】据外媒报道，英国牛津大学发表在《自然》杂志上的一项研究表明，#新冠病毒可能导致大脑萎缩#。一些新冠患者会出现包括注意力、专注力、信息处理速度下降和记忆力受损等情况。研究人员表示，这些影响是否可以部分逆转，或者是否会长期存在，还需进一步调查。#新冠后遗症#via央视频 L央视频的微博视频,166.0,0.0,0.0,0.0,55.333333333333336
4746983787202491,mainstream,risk,【#牛津大学研究发现新冠病毒或加速大脑萎缩#】据外媒报道，英国牛津大学发表在《自然》杂志上的一项研究表明，#新冠病毒可能导致大脑萎缩#。一些新冠患者会出现包括注意力、专注力、信息处理速度下降和记忆力受损等情况。研究人员表示，这些影响是否可以部分逆转，或者是否会长期存在，还需进一步调查。#新冠后遗症# @央视频 L央视频的微博视频,165.0,0.0,0.0,0.0,55.0
4746985229518196,mainstream,risk,【#牛津大学研究发现新冠病毒或加速大脑萎缩#】据外媒报道，英国牛津大学发表在《自然》杂志上的一项研究表明，#新冠病毒可能导致大脑萎缩#。一些新冠患者会出现包括注意力、专注力、信息处理速度下降和记忆力受损等情况。研究人员表示，这些影响是否可以部分逆转，或者是否会长期存在，还需进一步调查。#新冠后遗症# @央视频 央视频的微博视频收起L央视频的微博视频,175.0,0.0,0.0,0.0,58.333333333333336
4746988329109161,mainstream,risk,【🚫#新冠不是大号流感#  #新冠后遗症#不容忽视❗❗】⭐“新冠后遗症”被认为是一种新疾病2020年9月，世界卫生组织（WHO）在《国际疾病分类》中为“新冠后状态”创建了相关代码。2021年10月6日，WHO与各国协商后，首次公布“新冠后状态”的官方临床病例定义。WHO指出，“新冠后状态”就是新冠后遗症，通常发生在确诊新冠的3个月后，症状持续至少2个月，至少存在1种无法通过其他诊断来解释的症状。常见症状包括疲劳、呼吸急促、认知障碍及其他症状，影响日常生活。这些症状可能持续存在，随着时间推移，可能出现波动或复发。WHO评估后发现，全球约有2600万人遭受了新冠后遗症的困扰。⭐有人呼吸困难，有人认知障碍21年10月23日，国际医学名刊《美国医学杂志》（JAMA）发表了一项关于新冠后遗症的系统回顾研究。研究团队检索了11个数据库，确定57项研究，涉及250351名新冠肺炎幸存者，平均年龄为54.4岁，他们都在新冠肺炎急性感染期30天及以后接受过后遗症评估。研究发现，超过一半的新冠肺炎幸存者在康复6个月后仍在经历后遗症，最常见的症状涉及肺部异常、功能性活动障碍和心理健康障碍。11月23日，武汉协和医院团队在《医学前沿》上发表研究“新冠肺炎确诊1年后的后遗症评估”，指出，即使是新冠肺炎的非重症患者，在确诊后近一年仍会出现睡眠困难、乏力、关节疼痛、焦虑、抑郁等新冠后遗症。⭐#新冠后遗症的症状# 大概分为以下5类：1、肺部症状研究显示，约有62%的新冠肺炎患者出现肺功能异常的后遗症，症状包括呼吸困难、咳嗽、肺弥散功能异常、肺磨玻璃密度影、支气管扩张和肺纤维化等。2、神经症状病毒可能会攻击大脑中的神经细胞，继而出现一系列神经系统症状，包括：注意力不集中（约占23.8%）、记忆缺失（约占18.6%）、认知障碍（约占17.1%），因病毒对神经攻击导致的味觉障碍（约占11.2%）和嗅觉障碍（约占13.4%，以及头痛（约占8.7%）。3、精神症状研究表明，约有30%的新冠患者在急性期后被确诊患有广泛性焦虑障碍，约25%的患者有睡眠障碍，约20%的患者有抑郁症，约12.5%患者得了创伤后应激障碍。4、运动障碍新冠后遗症中的运动障碍主要分三种，包括：一般功能障碍（约占44%），灵活性下降（约占20%）、运动耐力下降（约占15%）。5、其他症状还可能出现心血管疾病、胃肠疾病、皮肤病、耳鼻喉疾病的相关症状，包括关节和肌肉疼痛、疲劳或肌无力、发烧、流感样症状、体重减轻、腹痛、腹泻、食欲下降、呕吐、脱发、皮疹、喉咙痛、胸痛、心悸等。,1067.0,0.0,0.0,0.04800936768149883,71.13333333333334
4747007736677364,mainstream,risk,【#牛津大学研究发现新冠病毒或加速大脑萎缩# 】据外媒报道，英国牛津大学发表在《自然》杂志上的一项研究表明，#新冠病毒可能导致大脑萎缩#。一些新冠患者会出现包括注意力、专注力、信息处理速度下降和记忆力受损等情况。研究人员表示，这些影响是否可以部分逆转，或者是否会长期存在，还需进一步调查。#新冠后遗症# L央视频的微博视频,161.0,0.0,0.0,0.0,53.666666666666664
4747011512075616,mainstream,risk,【#牛津大学研究发现新冠病毒或加速大脑萎缩#】据外媒报道，英国牛津大学发表在《自然》杂志上的一项研究表明，#新冠病毒可能导致大脑萎缩#。一些新冠患者会出现包括注意力、专注力、信息处理速度下降和记忆力受损等情况。研究人员表示，这些影响是否可以部分逆转，或者是否会长期存在，还需进一步调查。#新冠后遗症# L央视频的微博视频,160.0,0.0,0.0,0.0,53.333333333333336
4747011607236423,wemedia,risk,#牛津大学研究发现新冠病毒或加速大脑萎缩# 据外媒报道，英国牛津大学发表在《自然》杂志上的一项研究表明，#新冠病毒可能导致大脑萎缩#。一些新冠患者会出现包括注意力、专注力、信息处理速度下降和记忆力受损等情况。研究人员表示，这些影响是否可以部分逆转，或者是否会长期存在，还需进一步调查。#新冠后遗症# L钱辉_医学美容的微博视频,163.0,0.0,0.0,0.0,54.333333333333336
4747025595501877,mainstream,risk,#新冠后遗症##重庆城市科技学院# 疫情快快退散吧！得了新冠可能会有以下后遗症！让我们走进视频一起来看看吧(via：@央视频)L央视频的微博视频,72.0,0.027777777777777776,0.01694915254237288,0.0,36.0
4747042054997114,wemedia,risk,【#牛津大学研究发现新冠病毒或加速大脑萎缩#】据外媒报道，英国牛津大学发表在《自然》杂志上的一项研究表明，#新冠病毒可能导致大脑萎缩#。一些新冠患者会出现包括注意力、专注力、信息处理速度下降和记忆力受损等情况。研究人员表示，这些影响是否可以部分逆转，或者是否会长期存在，还需进一步调查。#新冠后遗症# @央视频 L央视频的微博视频,165.0,0.0,0.0,0.0,55.0
4747054289257439,mainstream,risk,【#牛津大学研究发现新冠病毒或加速大脑萎缩#】据外媒报道，英国牛津大学发表在《自然》杂志上的一项研究表明，#新冠病毒可能导致大脑萎缩#。一些新冠患者会出现包括注意力、专注力、信息处理速度下降和记忆力受损等情况。研究人员表示，这些影响是否可以部分逆转，或者是否会长期存在，还需进一步调查。#新冠后遗症# L央视频的微博视频,160.0,0.0,0.0,0.0,53.333333333333336
4747055694348854,mainstream,risk,#小江分享# 【#牛津大学研究发现新冠病毒或加速大脑萎缩#】据外媒报道，英国牛津大学发表在《自然》杂志上的一项研究表明，#新冠病毒可能导致大脑萎缩#。一些新冠患者会出现包括注意力、专注力、信息处理速度下降和记忆力受损等情况。研究人员表示，这些影响是否可以部分逆转，或者是否会长期存在，还需进一步调查。#新冠后遗症# @央视频 L央视频的微博视频,172.0,0.0,0.0,0.0,57.333333333333336
4747058256811166,mainstream,risk,【#牛津大学研究发现新冠病毒或加速大脑萎缩#】据外媒报道，英国牛津大学发表在《自然》杂志上的一项研究表明，#新冠病毒可能导致大脑萎缩#。一些新冠患者会出现包括注意力、专注力、信息处理速度下降和记忆力受损等情况。研究人员表示，这些影响是否可以部分逆转，或者是否会长期存在，还需进一步调查。#新冠后遗症# @央视频 L央视频的微博视频,165.0,0.0,0.0,0.0,55.0
4747064434754907,mainstream,risk,【#牛津大学研究发现新冠病毒或加速大脑萎缩#】据外媒报道，英国牛津大学发表在《自然》杂志上的一项研究表明，#新冠病毒可能导致大脑萎缩#。一些新冠患者会出现包括注意力、专注力、信息处理速度下降和记忆力受损等情况。研究人员表示，这些影响是否可以部分逆转，或者是否会长期存在，还需进一步调查。#新冠后遗症# @央视频 L央视频的微博视频,165.0,0.0,0.0,0.0,55.0
4747137654718576,wemedia,risk,#新冠后遗症##新冠病毒最可怕的后遗症##关注新冠肺炎# 新冠肺炎有严重后遗症，感染病毒的患者，多久能彻底恢复健康？ @新浪新闻 L新冠肺炎有严重后遗症，感染病毒的患者，多久能彻底恢复健康？,95.0,0.021052631578947368,0.0,0.0,47.5
4747179551360213,mainstream,risk,【#牛津大学研究发现新冠病毒或加速大脑萎缩#】据外媒报道，英国牛津大学发表在《自然》杂志上的一项研究表明，#新冠病毒可能导致大脑萎缩#。一些新冠患者会出现包括注意力、专注力、信息处理速度下降和记忆力受损等情况。研究人员表示，这些影响是否可以部分逆转，或者是否会长期存在，还需进一步调查。#新冠后遗症# @央视频 L央视频的微博视频,165.0,0.0,0.0,0.0,55.0
4747190348283961,wemedia,risk,"#那些被疫情偷走的时光# 之前看到一个说法是1,000万买了套学区房，结果三年大部分时间在家上网课。#新冠后遗症# 太可怕，还是好好在家，注意防疫抗疫啊！#微博新知博主#",85.0,0.011764705882352941,0.0,0.028985507246376812,42.5
4747192714135951,mainstream,risk,【#牛津大学研究发现新冠病毒或加速大脑萎缩#】据外媒报道，英国牛津大学发表在《自然》杂志上的一项研究表明，#新冠病毒可能导致大脑萎缩#。一些新冠患者会出现包括注意力、专注力、信息处理速度下降和记忆力受损等情况。研究人员表示，这些影响是否可以部分逆转，或者是否会长期存在，还需进一步调查。#新冠后遗症# @央视频  L央视频的微博视频,166.0,0.0,0.0,0.0,55.333333333333336
4747213470959375,wemedia,risk,【#牛津大学研究发现新冠病毒或加速大脑萎缩#!】据外媒报道，英国牛津大学发表在《自然》杂志上的一项研究表明，#新冠病毒可能导致大脑萎缩#。一些新冠患者会出现包括注意力、专注力、信息处理速度下降和记忆力受损等情况。研究人员表示，这些影响是否可以部分逆转，或者是否会长期存在，还需进一步调查。#新冠后遗症# @央视频 L央视频的微博视频,166.0,0.006024096385542169,0.0,0.0,41.5
4747230449765281,mainstream,risk,【#牛津大学研究发现新冠病毒或加速大脑萎缩#】据外媒报道，英国牛津大学发表在《自然》杂志上的一项研究表明，#新冠病毒可能导致大脑萎缩#。一些新冠患者会出现包括注意力、专注力、信息处理速度下降和记忆力受损等情况。研究人员表示，这些影响是否可以部分逆转，或者是否会长期存在，还需进一步调查。#新冠后遗症# L央视频的微博视频,160.0,0.0,0.0,0.0,53.333333333333336
4747246644759037,mainstream,risk,【#牛津大学研究发现新冠病毒或加速大脑萎缩#】据外媒报道，英国牛津大学发表在《自然》杂志上的一项研究表明，#新冠病毒可能导致大脑萎缩#。一些新冠患者会出现包括注意力、专注力、信息处理速度下降和记忆力受损等情况。研究人员表示，这些影响是否可以部分逆转，或者是否会长期存在，还需进一步调查。#新冠后遗症# @央视频 L央视频的微博视频,165.0,0.0,0.0,0.0,55.0
4747250331027166,mainstream,risk,【#牛津大学研究发现新冠病毒或加速大脑萎缩#】据外媒报道，英国牛津大学发表在《自然》杂志上的一项研究表明，#新冠病毒可能导致大脑萎缩#。一些新冠患者会出现包括注意力、专注力、信息处理速度下降和记忆力受损等情况。研究人员表示，这些影响是否可以部分逆转，或者是否会长期存在，还需进一步调查。#新冠后遗症# @央视频  L央视频的微博视频,166.0,0.0,0.0,0.0,55.333333333333336
4747295935434111,wemedia,risk,#新冠后遗症#hg搞得新冠就仿佛得个小感冒一样😅😅😅能不能重视起来啊🙏🙏后遗症不是随便说说的,46.0,0.0,0.0,0.0,46.0
4747301987287097,mainstream,risk,【#牛津大学研究发现新冠病毒或加速大脑萎缩#】据外媒报道，英国牛津大学发表在《自然》杂志上的一项研究表明，#新冠病毒可能导致大脑萎缩#。一些新冠患者会出现包括注意力、专注力、信息处理速度下降和记忆力受损等情况。研究人员表示，这些影响是否可以部分逆转，或者是否会长期存在，还需进一步调查。#新冠后遗症# @央视频 L央视频的微博视频,165.0,0.0,0.0,0.0,55.0
4747348254919629,mainstream,risk,【#牛津大学研究发现新冠病毒或加速大脑萎缩#】据外媒报道，英国牛津大学发表在《自然》杂志上的一项研究表明，#新冠病毒可能导致大脑萎缩#。一些新冠患者会出现包括注意力、专注力、信息处理速度下降和记忆力受损等情况。研究人员表示，这些影响是否可以部分逆转，或者是否会长期存在，还需进一步调查。#新冠后遗症# @央视频 央视频的微博视频收起L央视频的微博视频,175.0,0.0,0.0,0.0,58.333333333333336
4747381394120531,mainstream,risk,新冠加强针能预防病毒变异株吗？#我国新冠疫苗接种突破32亿剂次# #新冠加强针##新冠后遗症##新冠病毒或加速大脑萎缩# L彩虹医生的微博视频,71.0,0.014084507042253521,0.01694915254237288,0.01694915254237288,71.0
4747687113788529,mainstream,risk,【#牛津大学研究发现新冠病毒或加速大脑萎缩#】据外媒报道，英国牛津大学发表在《自然》杂志上的一项研究表明，#新冠病毒可能导致大脑萎缩#。一些新冠患者会出现包括注意力、专注力、信息处理速度下降和记忆力受损等情况。研究人员表示，这些影响是否可以部分逆转，或者是否会长期存在，还需进一步调查。#新冠后遗症# L央视频的微博视频,160.0,0.0,0.0,0.0,53.333333333333336
4747688882473187,mainstream,risk,【#牛津大学研究发现新冠病毒或加速大脑萎缩#】据外媒报道，英国牛津大学发表在《自然》杂志上的一项研究表明，#新冠病毒可能导致大脑萎缩#。一些新冠患者会出现包括注意力、专注力、信息处理速度下降和记忆力受损等情况。研究人员表示，这些影响是否可以部分逆转，或者是否会长期存在，还需进一步调查。#新冠后遗症# L央视频的微博视频,160.0,0.0,0.0,0.0,53.333333333333336
4747690988800146,wemedia,risk,新冠后遗症：即便是非重症患者，在确诊新冠近1年后，依旧存在多系统问题，如睡眠困难、呼吸急促、乏力和关节疼痛等身体症状，以及焦虑、抑郁等心理问题。#新冠后遗症# （种草达人猪哥）L种草达人猪哥的微博视频,100.0,0.0,0.0,0.011627906976744186,100.0
4747693962563108,wemedia,risk,疫情上次发了我的新冠日记，说了一下我的新冠后遗症这个事，好多小仙女都在问我怎么样了，我已经预约了24小时心脏监测，后续看恢复情况#新冠后遗症##抗疫行动##疫情# L北欧三宝妈的微博视频,94.0,0.0,0.04938271604938271,0.012345679012345678,94.0
4747741374976320,mainstream,risk,大脑萎缩，丁丁变短，奇怪的新冠后遗症 #新冠后遗症##新冠病毒最可怕的后遗症##新冠病毒或加速大脑萎缩# L彩虹医生的微博视频,63.0,0.0,0.0,0.0,63.0
4748106715890971,mainstream,risk,#新冠病毒或加速大脑萎缩##新冠后遗症# 3月8日，顶级期刊《自然》以“加速预览”的形式，发布了牛津大学Gwenaëlle Douaud团队的重要研究成果。新冠后遗症都有什么？我们该如何预防和应对？超6000字长文深度解析👇 O新冠后遗症都有什么？我们该如何预防和应对？超6000字长文深度解析,147.0,0.027210884353741496,0.01818181818181818,0.03636363636363636,29.4
4748332330910103,wemedia,risk,疫情 发布了头条文章：《恐怖！新冠后遗症首次曝光，真相残酷，无法想象！》  O恐怖！新冠后遗症首次曝光，真相残酷，无法想象！ #新冠后遗症#,71.0,0.056338028169014086,0.0,0.0,17.75
4750140247901423,mainstream,risk,@凤凰霍伟伟 #聚焦新冠肺炎疫情##新冠后遗症# 时隔两年，首批到武汉调查“非典型肺炎”的专家组成员北京大学第一医院呼吸内科主任王广发医生 @北大呼吸发哥 接受采访，详细谈了谈他新冠痊愈之后的后遗症，以及武汉调查“肺炎”对他的心理影响。（整个采访历时近一小时，还谈及对疫情判断等内容，其他采访完成制作后上传）  L凤凰霍伟伟的微博视频,167.0,0.0,0.0,0.0,167.0
4750634785445257,mainstream,risk,男性生育能力受損、女性容易得疲勞綜合症雖然不是所有的康復者都會出現後遺症但感染新冠對身體健康肯定是有打擊的大家不能掉以輕心↓#新冠後遺症#O新冠患者康復後有「男言之隱」？治療方法是……,92.0,0.010869565217391304,0.0,0.0,92.0
4750672107407120,wemedia,risk,#聚焦新冠肺炎疫情##新冠后遗症# 时隔两年，首批到武汉调查“非典型肺炎”的专家组成员北京大学第一医院呼吸内科主任王广发医生 @北大呼吸发哥 接受采访，详细谈了谈他新冠痊愈之后的后遗症，以及武汉调查“肺炎”对他的心理影响。（整个采访历时近一小时，还谈及对疫情判断等内容，其他采访完成制作后上传）  L凤凰霍伟伟的微博视频#微博vc计划# #微博新知博主##五个一百正能量##视野##民生##万象##热点##天下##社会热门#,212.0,0.0,0.0,0.0,212.0
4750926256280463,wemedia,risk,一项新研究指出，感染新冠病毒会让人在未来一年内患糖尿病的风险增加40%。乍一看好像挺吓人，但如果我们如果仔细分析，其实这个40%并没多高，如果你本身在未来一年患糖尿病的几率为10%，而如果这个几率再增加40%，就会变成14%，因此，理性看待一些研究分析数据，是非常重要的。但无论如何，这样的研究也揭示了新冠病毒感染对身体健康带来另一种可能的远期影响，该研究发现，即使不超重，新冠感染后未来一年的糖尿病风险也增加了 59%，在糖尿病风险最低的人中则增加了 38%。而更需要注意的是有糖尿病风险因素的人群，如肥胖或已经出现血糖超标的糖尿病前期人群中，这个风险更值得注意，新冠感染会加速这一过程并加大发展为糖尿病的风险。而在新论文所附的社论中，专家也指出，新冠感染增加糖尿病风险的长期影响是“深远的”，在美国，“这将转化为数以百万计的新糖尿病患者”。该研究发表于本周的《柳叶刀糖尿病与内分泌学》杂志上。#新冠后遗症##糖尿病#,410.0,0.0,0.0028011204481792717,0.0196078431372549,68.33333333333333
4751940317611107,mainstream,risk,【中大研究：逾两成新冠康复者有干眼症！感染愈严重愈易出现】不少新冠肺炎患者康复后都出现后遗症，例如体能转差，有疲劳综合症，而中大医学院最新研究显示，新冠康复者有较高机会出现干眼症，更有两成康复者出现一种或以上与干眼症相关的症状，例如视力模糊、痕痒及疼痛或灼热感。当患者新冠感染程度愈严重，康复后患干眼症的风险就愈高。#疫情# #香港# #新冠后遗症# O网页链接,181.0,0.0055248618784530384,0.0,0.0,60.333333333333336
4752719367900014,mainstream,risk,#新冠后遗症#【逾八成治愈者经受后遗症之苦 韩国部分医院增设“长新冠”门诊】在首尔光化门广场附近工作的36岁职场人士朴某一个月前确诊感染新冠病毒，在经历了一周的居家治疗后，他开始正常上班工作，但朴某对记者表示，最近正在被严重失眠折磨，新冠痊愈后注意力和精力明显不如以前，时不时胸口疼痛导致的剧烈咳嗽让同事对他“避让三分”。截止3月30日零时，韩国新冠病毒累计确诊人数已超过1200万，像朴某这样正在经历“新冠后遗症”之苦的群体正在增多。目前人们已知的新冠后遗症主要有咳嗽、疲劳、胸痛、味觉嗅觉丧失以及认知能力下降等，后遗症持续的时间短则数周，长则一年。感染病毒后引发长期并发症的现象也被称为“长期新冠（long COVID）”。O网页链接,319.0,0.0,0.0,0.014598540145985401,79.75
4753907768889124,wemedia,risk,最近很多人私信小妖怪说 自己或家人感染了奥密克戎，非常担心会留下后遗症我身边确实有部分人感染德塔病毒出现长期味觉消失，脱发，还有肺部感染以及其他生理方面的后遗症但是我身边认识的感染奥密克戎的是轻症和无症状，目前没有显现出明显的后遗症这次疫情主要是奥密克戎，私信我的朋友们不要太害怕了，小妖怪抱抱你我反对奥密克戎等于普通流感的说法🙅因为确实太受罪了，而且后遗症这件事儿还得看长期，大家都不知道多年后会发生什么没有感染的努力做好防护，感染了得朋友们多听医嘱啦！只是想分享下自己的经历，不是专业的医学生，如果哪里说错了欢迎评论区温柔的指出～#奥密克戎# ，#新冠后遗症# ，#新冠康复#  L我是小妖怪的人的微博视频 2焦作,309.0,0.003236245954692557,0.02491103202846975,0.0035587188612099642,309.0
4754881191871205,mainstream,risk,韩新冠后遗症青壮年比老年人更明显 #新冠后遗症# O网页链接,30.0,0.0,0.0,0.0,30.0
4755016755447840,mainstream,risk,元岁荣养浅谈新冠后遗症的危害及防治第一集：心脑血管#元岁荣养##nmn##新冠后遗症# L元岁荣养的微博视频,54.0,0.0,0.0,0.0,54.0
4756019106545764,mainstream,risk,“眼珠像要掉出来一样”“学习能力明显下降”……孩子们诉说的长期新冠症状 : 韩民族日报 #新冠后遗症# O网页链接上初二的郑某去年11月17日被确诊感染新冠病毒。在十天的隔离中，有轻微发烧和咽喉痛症状，没有到需要住院的程度。虽然想看来只是轻症，但问题是在解除隔离之后。失去嗅觉和味觉的症状持续了一个月。感觉所有的气味都是难闻的汽油味，把香水拿到眼皮底下也闻不到香味。就在嗅觉逐渐恢复的时候，突然一阵难忍的头痛和眼压痛袭来。平时很少表露疼痛感的郑某说：“感觉眼珠就像要掉出来一样”。由于经常呕吐，郑某在解除隔离两个月后的今年1月末不得不去急诊室。他想是不是得了别的病，做了各种检查，结果还是正常。截至7日0时，韩国累计1477万例新冠确诊病例中，不满20岁的儿童青少年确诊病例占26%。不少儿童青少年确诊病例像成人一样经历着不明原因的后遗症即“长期新冠症状”（long Covid)。从英国统计局的资料来看，报告有长期新冠症状（long Covid)的16岁以下儿童青少年从去年10月的7.7万人增至今年1月的11.9万人。虽然韩国尚未进行这项统计，但在奥密克戎扩散后，越来越多的父母在网上发帖称自己的子女有新冠后遗症的困扰。《韩民族日报》对经历新冠后遗症的4名儿童青少年的父母进行了采访，后遗症的症状表现为集中力下降、头痛、咳嗽、低烧、皮肤疾病、肠炎等与成人类似。顺天乡大学感染内科教授金铎（音）表示，目前还没有报告指出德尔塔和奥密克戎的后遗症会表现出不同的症状。但感染德尔塔会迅速发展成重症，因此导致的不可逆后遗症的概率比奥密克戎更高”。O网页链接,675.0,0.0,0.001718213058419244,0.024054982817869417,42.1875
4756355360228718,wemedia,risk,【#新冠后遗症#】新冠又一后遗症出现，增加血栓患病风险，肺栓塞隐患大增，甚至危及生命！澳洲专家却给出了不同观点！ O最新研究公布: 新冠感染者患血栓概率增加33倍!? 澳洲专家却说…,91.0,0.04395604395604396,0.0,0.013513513513513514,22.75
4757143267313475,mainstream,risk,元岁荣养浅谈新冠后遗症的危害及防治第二集：肾脏损害#元岁荣养# #NMN# #新冠后遗症# L元岁荣养的微博视频,56.0,0.0,0.0,0.0,56.0
4757399149480940,mainstream,risk,根据世界卫生组织2021年10月公布的临床病例定义，新冠后遗症通常发生在感染新冠发病后的3个月内，症状至少持续2个月，并且无法由其他诊断来解释。新冠痊愈后，究竟会产生哪些后遗症？以下我们盘点了感染新冠后七大可能会出现的新冠后遗症。#新冠后遗症# O真相残酷！你所不知道的新冠后遗症,140.0,0.014285714285714285,0.008,0.032,35.0
4762305940948091,wemedia,risk,"有此视频为证，看完这些千奇百怪的#新冠后遗症#，你还觉得#新冠是大号感冒#吗，生活在国外的网红华人告诉你亲眼所见事实……新冠绝不是流感，原因有三。1.新冠不分季节流行,2.当季无法获得免疫力，得完还得,3.变异速度异常的快且无法预判变异趋势，同时拥有强大的融合力，可以与其他病毒融合。 L金蝴蝶探索者的微博视频",155.0,0.0,0.0,0.022388059701492536,77.5
4762458289865390,mainstream,risk,比起疫情何时能够完结，另一个最多人关心的议题，就是 #长新冠#（#新冠后遗症#）【别小看新冠轻症 后遗症可能一直持续】根据英国医务人员的指南，持续超过12周且无法用其他原因解释的症状，应该属于「长新冠」。这些症状可能包括：✔极度疲倦✔气短、胸痛或紧绷✔记忆力和注意力问题✔味觉和嗅觉的变化✔关节痛要对抗「长新冠」，首要提升免疫力💪🏻除了补充维他命🍊、运动🏃🏻和改善生活作息⏰，你还可以选择💁💡细胞活化动力光+点滴：增强免疫力、恢复体力。💡心脉动：促进身体血液循环、改善心肌功能、分担心脏负担。💡脑能量：调节脑部免疫功能及脑部滋养因子，减少脑部受损氧化机率，增加记忆力。💡CES疗法：强化α波、调节情绪、缓解焦虑及郁抑达到放松，进而改善失眠。#英爵健康管理团队# #预防医学# #预防胜于治疗#,346.0,0.0,0.0,0.0036101083032490976,69.2
4762534965675238,mainstream,risk,“刘在锡哥哥，我大姨妈两个月没来……”美珠自曝新冠后遗症 #新冠后遗症# #LOVELYZ# #李美珠# O网页链接,58.0,0.0,0.02702702702702703,0.0,58.0
4763171237138175,mainstream,risk,【凤凰连麦｜脑雾及呼吸急促为“长新冠”典型病征】越来越多的#新冠确诊#患者在康复之后，又确诊罹患了长新冠，什么叫做长新冠，主要症状有那些，会持续多久，引发关注。 其中，长新冠患者出现的脑雾现象又是什么？ 透过我们的报道，带你一起了解。@鳳凰林秀芹 #新冠后遗症# #关注新冠肺炎#  L凤凰名人馆的微博视频,153.0,0.006535947712418301,0.008,0.0,51.0
4764433774019898,wemedia,risk,#新冠后遗症#新冠有什么后遗症不清楚，很多仅仅是一些机构预测或可能！例如：男性生殖功能下降，dd会缩小，味觉障碍、记忆力下降！  但抖音的后遗症就很明显，伤脑子…,81.0,0.024691358024691357,0.0,0.0,40.5
4764608337019659,mainstream,risk,【香港七成半康復者受後遺症困擾　“長新冠”欠支援】香港港第五波疫情逐步放緩，每日新增個案維持在數百宗，不過染疫的後遺症卻逐漸困擾部分已康復的市民，“長新冠”的治療和支援不容忽視。新青年論壇在4月20日至25日進行電話訪問調查，隨機訪問了967名18歲至84歲市民，當中有25.7%受訪者過去3個月曾感染新冠病毒。曾受感染的受訪者中有75.8%表示有後遺症問題，當中12.4%人及3.9%人分別表示自己有“幾嚴重”和“非常嚴重”的後遺症。除此之外，機構訪問了這些康復者的心理壓力程度，逾7成受訪者表示承受一定程度的心理壓力，“非常大壓力”的更佔比15.4％，有26.3%則表示“完全沒有壓力”。對於政府就新冠後遺症及相關情緒困擾的支援是否足夠，77.4%曾染疫受訪者認為治療支援“唔太足夠”及“非常唔足夠”，而心理情緒的支援則有80.3%認為不足。就此，團體建議政府設立電子問卷，統計“長新冠”患者數據，並設立一站式跨專科指定“長新冠” 治療復康中心、引入及加強宣傳中醫藥“長新冠”復康服務、提供“長新冠”引發的精神健康問題復康支援等等。市民的健康是社會發展的根基，新冠的“後遺症”由衞生層面已顯現至民生生活和經濟發展，問題不容忽視。（大公文匯全媒體）L香港文匯網的微博视频 #香港疫情# #新冠后遗症# #守护香港# #香港# 香港,567.0,0.0,0.002145922746781116,0.034334763948497854,81.0
4764701063906872,mainstream,risk,【七成半康復者受後遺症困擾　「長新冠」欠支援 】新青年論壇在4月20日至25日進行電話訪問調查，隨機訪問了967名18歲至84歲市民，當中有25.7%受訪者過去3個月曾感染新冠病毒。曾受感染的受訪者中有75.8%表示有後遺症問題，當中12.4%人及3.9%人分別表示自己有「幾嚴重」和「非常嚴重」的後遺症。除此之外，機構訪問了這些康復者的心理壓力程度，逾7成受訪者表示承受一定程度的心理壓力，「非常大壓力」的更佔比15.4％，有26.3%則表示「完全沒有壓力」。對於政府就新冠後遺症及相關情緒困擾的支O网页链接#新冠后遗症# #長新冠# #心理#,273.0,0.0,0.0045871559633027525,0.06422018348623854,91.0
4765073811439998,wemedia,risk,据《星岛日报》报道，香港中文大学医学院院长陈家亮昨日（4月30日）在电台节目中表示，中大医学院研究后发现，香港每4名康复者中就有3人受新冠长期综合后遗症困扰，最常见是疲倦、失眠、记忆力差或脱发，促请医管局正视新冠长期后遗症所带来的潜在问题，确保香港医疗系统可更有效应对冠病长期后遗症的威胁。陈家亮表示，不时遇到新冠康复者反映很多身体上的不适，例如他们以往可以每天跑步一个多小时，但康复后爬两层楼梯已感乏力、并有持续咳嗽、失眠、记性转差等症状，但反复检测都显示已不带病毒，故医学界称之为“新冠长期综合后遗症”。陈家亮说，中大辖下的香港微生物菌群创新中心已开展研究，分析超过1200个粪便样本的细菌基因，发现新冠长期后遗症患者拥有独特的肠道微生态，可称为“新冠长期后遗症型肠道微生态”，能用作预测新冠康复者罹患新冠长期后遗症的风险，或为持续症状的人士诊断是否患有长期后遗症。#新冠后遗症# #医药#,397.0,0.0,0.0,0.014084507042253521,132.33333333333334
4765401450548579,wemedia,risk,#重症新冠# #新冠后遗症# 英国最新研究：经历新冠重症会影响认知能力 或相当于老了20岁随着欧美国家经历多轮疫情冲击后，有关新冠长期后遗症（Long Covid）的研究也逐渐充实起来。据英国《天空新闻》报道，来自该国剑桥大学和伦敦帝国学院的研究人员发现，经历新冠严重症状的患者，认知能力的退化等同于经历正常人50岁至70岁的变化。从量化的角度来说，相当于丢掉了10点智商（IQ）。虽然研究的规模不算大，结论本身还有待更多报告相互验证，但研究本身也揭示出新冠感染的影响甚至在病毒本身清除后半年仍然存在。此外，认知层面的影响最多只能渐进式的恢复，甚至有些症状不重的患者也存在类似的影响。,292.0,0.0,0.0,0.01593625498007968,58.4
4767614579249120,mainstream,risk,关于新冠后遗症（二）来自日本经济新闻的报道新冠后遗症患者：患者1⃣️：40代 男性后遗症：新冠无症状感染者，转阴2个月后开始出现恐慌，痢疾，食欲不振这些症状在新冠感染之前从没出现过，严重时影响工作，多次不得不休假患者2⃣️：40代 女性后遗症：后背痛，肌肉紧张，头痛，突然站起来容易发昏，疲劳感一直持续，夜间难以入眠，精神恍惚榊原直树根据临床经验将新冠后遗症分为以下3种：(1) 精神障碍：接近于抑郁症，情绪低落，注意力低下(2）自律神经系统障碍：头痛、头晕、呼吸急促(3) 关节系统障碍：各关节疼痛，脊柱肌痛除上述以外，还经常遇到患者脱发的现象。我院治疗下肢浮肿在中药使用上有显著疗效对于新冠后遗症造成的全身循环系统疾病，我院推荐用中药调理中药的治疗效果因人而异，一般建议服用1个月后看看患者恢复情况再做调整如果有新冠后遗症的困扰，欢迎私信咨询哦榊原直树 医生介绍毕业于金泽大学医学院 在日本宇宙航空研究开发机构（JAXA）担任客座教授之后，成为东京血管外科诊所的首席医生。 他是日本外科协会的医学顾问和专家，日本血管外科协会的血管专家，日本心脏病学协会的专家等。 血管外科领域的顶级外科医生之一。#日本医美##医美整形在日本#赴日整形#赴日整形翻译#@日本医通佳日株式会社 @霓虹大佬徐#新冠后遗症#,552.0,0.0,0.0041841004184100415,0.02092050209205021,138.0
4768249017273030,wemedia,risk,#新冠后遗症##加强疫情防控人人有责##共同守沪#逾千名武汉金银潭出院患者2年后超半数仍有后遗症,48.0,0.0,0.0,0.023809523809523808,48.0
4769321009546483,mainstream,risk,【#接种两针新冠疫苗可使后遗症风险减半#】目前，新冠疫情仍在持续蔓延，后遗症也成为了一个严重问题。有关专家就此表示，通过接种疫苗，可以降低后遗症风险。请看我们的采访。一位苦于后遗症的女士（20多岁）说：“有些药要在出现痛感之前吃，有些药则是出现痛感之后吃。经常会想不起来自己到底吃了药没有。”这位看着眼前药物大吐苦水的女士居住在福冈县。2021年5月和2022年1月两次感染新冠病毒，在近一年时间里一直饱受后遗症的折磨。她继续说道：“基本上就是一直觉得很疲倦，状态好的时候和不好的时候，差别很大。”她还是一位抚养两个年幼女儿的单亲妈妈。对于照顾孩子的她来说，各种症状中最伤脑筋的是尝不出食物味道的“味觉障碍”。她说：“有一次做了好久没有做过的蛋包饭，结果小女儿说太甜了。大女儿一边安慰我说好吃，一边勉强地全部吃了下去。想起来会让我绷不住了，心里觉得很对不起她们。”希望让正在长身体的孩子们吃上美味的饭菜，为此她增加了易于随时调味的咖喱等菜式，但内心还是期待早日恢复正常的味觉。她说：“现在在形容菜肴时，我只能用松脆、暄软这种表示口感的词。我希望像普通人一样，能用甜的、辣的等来表达味道。如果可以，我真想回到一年之前。”目前，不少人虽然没有转为重症，但饱受后遗症的困扰。而最近一项研究结果显示，预防感染的“武器”疫苗，具有防止出现后遗症的效果。英国伦敦大学发布的报告称，与没有接种或只接种过一剂新冠疫苗的人相比，接种过两剂疫苗的人出现后遗症的比例仅为一半左右。英国卫生部门总结称，在其他多个研究项目中也证实了疫苗可以减轻后遗症风险或症状。专攻免疫学的久留米大学医学系主任教授沟口充志认为，从疫苗的“预防重症效果”而言，上述研究结果是合理的。沟口教授说：“从免疫学的角度来看，毫无疑问这也是符合预期的。病毒侵入体内后，会大肆破坏我们身体的各种组织。后遗症就是在某些组织遭到破坏后出现的。而如果这些破坏受到遏制或被弱化，那么后遗症也会相应减少。”这就是说，疫苗遏制病毒肆虐的这种重症化预防效果，进而也抑制了之后可能出现的后遗症。在年轻人群接种第三剂加强针进展缓慢的背景下，沟口教授表示，从“预防后遗症”的角度出发，也希望大家积极考虑接种疫苗。沟口教授说：“如果留下了后遗症，记忆力或者说专注力将会下降。年轻人虽然没有重症化风险，但应该最担心这个问题，所以接种疫苗还是有好处的。”未来还有可能发现新的变种病毒，在这种情况下，我们或许还要从降低后遗症风险的角度，来看待接种疫苗的问题。更多请看日本网：O网页链接日本 #接种# #新冠后遗症#,1066.0,0.0,0.009513742071881607,0.005285412262156448,34.38709677419355
4770470262473117,mainstream,risk,关于新冠后遗症（三）世界卫生保健组织（WHO）把新冠后遗症定义为：症状至少持续至少2个月，无法被确诊为其他疾病的症状。症状大多为：易疲劳，气短，头痛，脱发等。奥密克戎与之前的毒株相比，后遗症的影响似乎更为广泛大多数患者转阳后全勤出勤，结果由于后遗症的苦恼又不得不请假休息。榊原直树医生建议各位患者，在新冠康复初期，可以从短时间出勤开始，等身体状态恢复好的时候再转为全勤国立国际医疗研究中心曾在2021年10月份发过一遍问卷调查。大概4个人中有1个人会有后遗症，后遗症会持续半年左右。但是，这是在500个人范围内的调查，并不能代表大众数据未来一段时间，考虑到被新冠后遗症困扰的患者会增多，关注患者的身心健康，除了专业医生给的诊断建议也希望社会各界都能给予理解和关怀东京血管外科开设的有在线诊疗有任何需求，欢迎私信咨询我们哦#日本医美##医美整形在日本#东京血管外科医院🏥##新冠后遗症##赴日整形#赴日整形翻译#@日本医通佳日株式会社 @霓虹大佬徐,423.0,0.0,0.00267379679144385,0.016042780748663103,84.6
4772247522246938,mainstream,risk,出现新冠后遗症怎么办？BMJ：感染后接种疫苗可将发生率降低8.8%5月18日，BMJ发表了英国国家统计局大型队列研究论文，结果表明在感染病毒之后进行疫苗补接，可以将新冠后遗症的发生率稳定降低8.8%。#新冠后遗症# O出现新冠后遗症怎么办？BMJ：感染后接种疫苗可将发生率降低8.8%,142.0,0.014084507042253521,0.0,0.0423728813559322,47.333333333333336
4773697129284038,mainstream,risk,【新冠后遗症老年感染者风险更高 疫苗保护力有限】一项最新的关于新冠后遗症的研究发现，接种过疫苗后出现突破性感染的人依旧会出现后遗症，且老年群体面临更高的后遗症风险。周三发表在《自然医学》期刊上的研究显示，约三分之一的突破性感染者出现了新冠后遗症，而疫苗对于避免后遗症出现的保护力非常有限。总体而言，与未接种疫苗的新冠感染者相比，接种了疫苗的人在感染后6个月内出现持续或新症状的几率降低了15%，但发生肺部或凝血障碍的风险可降低50%。另据疾控中心的报告，在65岁及以上年龄组的人群中，每4名感染者中就有1人在首次感染后的一年内，会出现至少一种潜在的新冠后遗症，高于65岁以下的成年群体中，每5人有1人的比例。#美国疫情##新冠病毒##新冠后遗症#奥密克戎#凤凰新闻#新闻 【新闻、视频、纪录片、看电视，尽在凤凰秀，点击下载：O网页链接 】,371.0,0.0,0.0,0.027777777777777776,92.75
4773740762631053,mainstream,risk,【美国疾控中心：超两成新冠患者可出现后遗症】#新冠后遗症# #关注新冠肺炎# L搜狐健康的微博视频,49.0,0.0,0.0,0.0,49.0
4773843322015678,mainstream,risk,【美国疾控中心：超两成新冠患者可出现后遗症】#新冠后遗症#L搜狐健康的微博视频,39.0,0.0,0.0,0.0,39.0
4789554328633706,wemedia,risk,令人震惊！#澳洲#多达40万人出现#新冠后遗症#，预计人数会进一步增加尽管大多数感染新冠肺炎的人都会经历短暂的疾病，但据估计，约5%的新冠肺炎感染者会出现长期症状，包括呼吸短促、疲劳、发烧、头痛和“脑雾”。#澳洲##新冠后遗症##关注新冠肺炎#,122.0,0.00819672131147541,0.0,0.020202020202020204,61.0
4789554328633699,mainstream,risk,令人震惊！#澳洲#多达40万人出现#新冠后遗症#，预计人数会进一步增加尽管大多数感染新冠肺炎的人都会经历短暂的疾病，但据估计，约5%的新冠肺炎感染者会出现长期症状，包括呼吸短促、疲劳、发烧、头痛和“脑雾”。#澳洲##新冠后遗症##关注新冠肺炎#,122.0,0.00819672131147541,0.0,0.020202020202020204,61.0
4793213355296890,wemedia,risk,新冠感染后的长期后遗症问题，值得持续关注。长期 COVID 有许多不同的名称：长期 COVID、急性后 COVID-19，甚至是慢性 COVID。这是一个通用术语，用于描述人们在感染新冠病毒后可能出现的一系列持续健康问题。美国疾病预防控制中心的最新数据显示，在美国，每3 名成年人中就有 1人（7.5%）在首次感染病毒后症状持续至少 3 个月。另一份早期报告发现，年龄在 18 至 64岁之间的五分之一的 COVID-19 幸存者和至少 65 岁的幸存者中有四分之一的健康状况可能与他们之前感染该病毒有关。新冠病毒感染本身的急性期可持续长达14天。但是，如果你感染病毒已经 30 天了，而且你的症状仍然存在并且没有改善，这表明你感染了某种程度的长期新冠病毒。超过 200 种症状可能与长期 COVID 相关，其中最突出的是干扰日常生活的持续疲劳。除此之外，还可能会出现以下症状——心肺症状：呼吸急促、咳嗽、胸痛、心悸神经系统症状：脑雾、头痛、睡眠问题、站立时头晕、针刺感、气味或味道的变化、抑郁或焦虑消化系统症状：胃痛、腹泻其他症状：关节疼痛，肌肉痛，月经周期改变、皮疹等对于新冠感染出现重症的患者，还可能会出现以下并发症的风险——2型糖尿病肾功能衰竭肺栓塞或肺部血栓心肌炎，心脏炎症等  #新冠后遗症#,552.0,0.0,0.0,0.029345372460496615,69.0
4793368884807736,mainstream,risk,#女子不堪新冠后遗症申请安乐##新冠后遗症#近日，加拿大一名50多岁女子，因不堪新冠肺炎后遗症对其身体、精神和经济上的多重折磨与打击，已申请安乐死。据加拿大电视网（CTV）日前报道，50多岁的特雷茜·汤普森来自加拿大的多伦多市。在感染新冠之前，她的职业是一名厨师。但自26个月前感染新冠病毒后，汤普森不仅失去收入来源，她的体能也因新冠后遗症下降，身体总会觉得严重疲劳，视觉到了傍晚会模糊不清，消化能力大不如前，嗅觉和味觉也被病毒破坏了……她所在的加拿大安大略省虽然有支持残疾人的经济帮扶项目，每个月能提供1000多加元的救助金，但新冠后遗症却没被明确列入该项目的帮扶项目中。汤普森认为摆在她面前的只剩下两条路：“要么慢慢地、痛苦地死去，要么迅速结束生命”。于是，她决定申请安乐死。（健识局 廿十三）,349.0,0.0,0.0,0.013201320132013201,58.166666666666664
4793609663285154,wemedia,risk,#女子不堪新冠后遗症申请安乐##新冠后遗症#近日，加拿大一名50多岁女子，因不堪新冠肺炎后遗症对其身体、精神和经济上的多重折磨与打击，已申请安乐死。据加拿大电视网（CTV）日前报道，50多岁的特雷茜·汤普森来自加拿大的多伦多市。在感染新冠之前，她的职业是一名厨师，需要长时间从事体力...来自 健识局 的讨论 O#女子不堪新冠后遗症申请安乐##新冠后遗症#近日，加拿大一名50多岁女子，因不堪新冠肺炎后遗症对其身体、精神和经济上的多...,219.0,0.0,0.0,0.016483516483516484,109.5
4795068009417266,wemedia,risk,#流感后遗症#  感冒11天了，不知道算不算好了，没鼻涕 不咳嗽了。但每天早上起来还是喉咙充血 ，嗜睡，乏力，关节酸疼，很虚弱。肌肉可见的松弛下垂了 ，体能恢复不到原来的8成，不知何时恢复过去。我感觉比我国外朋友 #新冠后遗症# 厉害？蛙跳为什么这么累？一座400米的桥，走过去没感觉，跑过去很轻松，为什么蛙跳过去，累的要死？前天的恢复蛙跳，事前和事后都充分的放松和拉伸，24小时内轻微酸痛，其后腿疼屁股疼 腰酸背痛，下午要继续 L翟峰搞清这世界的微博视频,228.0,0.013157894736842105,0.010582010582010581,0.021164021164021163,38.0
4795794547278550,mainstream,risk,#新冠后遗症# 新冠虽然治愈了，但这4个后遗症毁了我的生活,29.0,0.0,0.04,0.04,29.0
4796516508896118,mainstream,risk,【#5%的新冠感染者嗅觉或味觉长期丧失#】据美国全国广播公司(NBC)报道，一项新的研究表明，从全球范围来看，大约5%的新冠感染者患有长期嗅觉或味觉丧失，约75%的这类患者的嗅觉或者味觉会在30天内恢复。斯坦福大学鼻科医生帕特尔(Zara Patel)称，失去嗅觉与老年人的死亡率升高有关，并且对人们的情绪和心理健康有重大影响。帕特尔表示，“现在全球有数百万人嗅觉能力下降，这可能是一场新的公共卫生危机。”#新冠后遗症#O网页链接,215.0,0.0,0.0,0.022598870056497175,71.66666666666667
4798755968391246,mainstream,risk,发布了头条文章：《最新研究！5%新冠感染者长期“失去”嗅觉或味觉》 #新冠# #新冠后遗症#  O最新研究！5%新冠感染者长期“失去”嗅觉或味觉,72.0,0.027777777777777776,0.0,0.03773584905660377,36.0
4799444526304597,mainstream,risk,发布了头条文章：《新冠致秀发稀疏 汉方解心头烦恼》 O新冠致秀发稀疏 汉方解心头烦恼新冠感染即使治愈后，有些人还会有味觉、嗅觉及脱发等后遗症。这些问题，正是汉方的用武之地。#日本# #霓虹# #东京# 东京 #日本东京# #中医# 中医  #新冠后遗症# #脱发# #汉方药诚心堂# 在线预约中医咨询 O网页链接诚心堂药局的汉方咨询完全采用预约制，如想找中医师咨询，请一定提前预约哦！请看  O新冠致秀发稀疏 汉方解心头烦恼,214.0,0.004672897196261682,0.0,0.0,71.33333333333333
4800155259248471,mainstream,risk,近期有专家将勃起功能障碍和脱发加进了后遗症~~#新冠后遗症# L搜狐健康的微博视频,41.0,0.0,0.0,0.0,41.0
4801266108338033,mainstream,risk,#新冠##新冠后遗症# 新冠让一个葡萄酒女作家失去嗅觉！ 记者兼散文家 Alice Feiring 被英国《金融时报》誉为“天然葡萄酒女王” 。Feiring 获得了令人梦寐以求的 James Beard 葡萄酒新闻奖，以及许多其他奖项。她为报纸和杂志撰稿，包括《纽约时报》、《纽约杂志》、《时代》 、 《 AFAR 》 、 《美酒世界》和深受喜爱的葡萄酒杂志《 Noble Rot 》 。她还经常出现在公共广播中。她以前的书包括《自然葡萄酒为人民》 、 《葡萄酒的肮脏指南》、《为了对葡萄酒的热爱》、裸酒：让葡萄顺其自然，以及她备受争议的 2008 年处女作《葡萄酒与爱情之战》或《我如何从帕克化中拯救世界》。不幸的是，在2022年她在一次出差中不幸感染了新冠病毒，随之而来的嗅觉障碍症让她彻底陷入了恐慌中——不仅无法鉴赏出葡萄酒中的各种香气，就连生活中各种刺激性大的味道也无法感知！“一个闻不到，更谈不上品味的葡萄酒作家？谁会相信我？” 万幸的是一周后，随着她自己的治愈，嗅觉障碍症也一并消失，并未造成严重的影响。感兴趣的朋友可以看看她的BLOG分享的她的这一段离奇的经历。,489.0,0.0081799591002045,0.008356545961002786,0.005571030640668524,44.45454545454545
4802692301720538,mainstream,risk,【「長新冠」易現腦霧症狀，專家倡及早「養腦」】對於部分新冠康復者出現「長新冠」後遺症，如疲勞、呼吸急促、喪失味覺及「腦霧」，腦霧症狀包括記憶力衰退、專注力不足等，精神科專科醫生麥棨諾及臨床心理學家黃沛霖日前召開記者會講解腦霧症狀及治療方法，並呼籲大眾及早採用醫學營養、健腦運動及充足睡眠養腦，維持腦部健康。#新冠後遺症#  O网页链接,167.0,0.0,0.0,0.0,167.0
4803113687188346,mainstream,risk,【#新冠后遗症#到底可不可怕？】8月初，英国国家统计局发布报告显示，英国有180万人正受“新冠后遗症”症状的影响。美国政府估算，美国可能有2300万人受“新冠后遗症”的摧残，其中约有100万人无法就业。新冠后遗症到底是什么，为何有人对它惶恐不安，为何又有人不以为然，我们普通人又可以做什么来保护自己呢？本期#图图科学说#为你解开“新冠后遗症”的迷津。（张之豪）,180.0,0.011111111111111112,0.013605442176870748,0.027210884353741496,36.0
4803874844317169,wemedia,risk,8月18日（木）【新冠后遗症】コロナに感染した後、何らかの症状が続く“コロナ後遺症”。咳や頭痛、微熱だけでなく、「脱毛」や「意識もうろう」という報告も。当初は“コロナ後遺症”に「懐疑的だった」という医師は、息子の感染をきっかけに「直視せざるを得ない」と警鐘を鳴らします。このように後遺症に対しての理解がなかなか進んでいない状況で、実際、ひなた在宅クリニック山王の田代院長も、当初はコロナウイルスの後遺症に懐疑的だったそうなんです。しかし、変化がありました。というのも、往診患者の約10％が、療養期間が終了して酸素飽和度が正常に戻った後も、強い倦怠感や咳が続くなど体調不良を訴えているということなんです。日语#日语学习##日本留学##日语##新冠后遗症# L日语老师宗远的微博视频,340.0,0.0,0.0,0.02127659574468085,56.666666666666664
4804581253714952,wemedia,risk,"【#新冠后遗症#】尽管新冠限制解除之后，生活仿佛在回归常态，但事实上新冠疫情依旧在持续，澳洲每天还是有大批人确诊感染。澳洲到底已经有多少人中招了？新冠痊愈之后真的会有后遗症吗？ O澳洲确诊近1000万! 有这些症状代表患长新冠, 这样做才能免受影响！",125.0,0.032,0.0,0.009433962264150943,25.0
4808059904590187,wemedia,risk,美国布鲁金斯智库的研究全美目前约有1600万18岁-65岁之间的美国人患有新冠长期后遗症，占劳动力比例的8%。根据《柳叶刀》杂志的数据，约有20%的“长新冠”患者失业，另外45%的患者工作时间减少，相当于200万-400万全职工作的美国人无法工作，由此带来的直接收入损失可能高达每年2300亿美元。英国央行的数据显示，受新冠后遗症影响，英国16岁-64岁人口的劳动参与率下降了1.3%。@余季塘 @冷静_1980 #关注新冠肺炎# #新冠后遗症#,223.0,0.0,0.0,0.0755813953488372,74.33333333333333
4808791537224447,wemedia,risk,据报道:今年夏天是日本疫情发生以来第一个“不受出行限制”的夏天，各项活动恢复如常。又正值日本传统节日“盂兰盆节”假期，不少民众外出探亲旅行。表面上看，人们的日常生活似乎正在恢复，但背后的病毒传播却到了“灾难程度”。“如今即便是事故受伤、脑中风乃至心脏病等患者都很难入院，我们救不了本来能救下的生命。”京都大学医学部附属医院等14家京都府内接收新冠重症患者的医疗机构，在各自官网首页发表联合声明，警告第七波新冠疫情蔓延已达“灾害级别”，医疗系统正在陷入崩溃，呼吁民众务必做好个人防护并及时接种全程疫苗，切勿将新冠肺炎单纯视作感冒。日本替代中国进行了一次全面开放的防疫实验，证明效果很差。 #日本疫情# #新冠后遗症# #关注新冠肺炎#,316.0,0.0,0.0036101083032490976,0.0036101083032490976,52.666666666666664
4809415427885830,wemedia,risk,200个蛙跳 200个俯卧撑 ，青少年 应该轻松加愉快的完成吧！我用了35分钟 ，明显的是心脏🫀出毛病 ，单纯的俯卧撑 ，心都要跳出来的感觉，脸黄嘴白 缺血。#新冠后遗症#  20天感冒之后 又过去20天 ，身体始终无法恢复到之前，心肺🫁像被换成 老人 病人 L翟峰搞清这世界的微博视频,143.0,0.006993006993006993,0.009174311926605505,0.045871559633027525,71.5
4811126027849573,wemedia,risk,“我患新冠后遗症第21个月了，它让我身体虚弱，生活被改变，整个人灵魂都痛苦，然后我15岁的儿子也第一次阳了。说我吓坏了都不足以形容我对他的担心。我们活在地狱里。”“我很难过，希望你都好。”“谢谢，我最大的恐惧是我儿子和我一样得新冠后遗症。我努力活在当下，暂时我们没事。”“我刚和一个在德国的好友聊天。她自己得了2次，她儿子2次。她认识的人里有2个人，只有40多岁，得完新冠以后中风死了。她告诉我她有一些朋友患上#新冠后遗症# ，现在无法出门。这些都是最近4～5个月内发生的。”“其实在新冠来临之前，每个人就应该在患传染病的时候待在家里，不得不出门的时候也该戴口罩。无法让人理解，我们在一场杀死了几百万人的疫情中间，还做不到这些。”“2022年前8个月，新冠死亡＞20万。每天死500人。预计有1600万适龄劳力得新冠后遗症。有2～400万因此完全无法工作。学校学生大量缺席。医疗人员负担极大。”“为什么学着和新冠共存意味着我们必须接受所爱的人死去和患上新冠后遗症？而不是商家学着习惯隔离期以及改进通风系统？”,454.0,0.004405286343612335,0.044386422976501305,0.0391644908616188,21.61904761904762
4811130314165577,wemedia,risk,“我尽我所能保持一个积极的心态，但我现在得了#新冠后遗症# 并因此不得不卖掉我的房子，这也太绝望了。我无法工作，因此我失去了收入。让我心碎，压力山大，太不公平！”“这实在是太恶心了。我不是消极，我是气死了！我也不得不卖了我的房子。我的故事：父母去世了，我是单身母亲，因为意外灾害失去了房子，车窗破了，带着我9个月和3岁的孩子寻找安全处所，买了个便宜的房子，然后支付了大学学费，但现在我患上了新冠后遗症，我又失去了一切。没有得到任何帮助，为什么？”“在你跌落的时候没有安全网去接住你。他们在你健康的时候拿走你的税，当你真的病了他们不理你。当你没有收入和按揭的保险，你每一个人都有可能遭遇这些。而保险很多人买不起。这就是现实，非常不公平。”“令人难受。我也是因为新冠后遗症，失去了工作，也失去了我曾经拥有的最爱的房子。人们不应该因为新冠后遗症或者癌症而被迫失去房子和梦想，然而这就是现实。”“这真的让人崩溃让人难过。新冠后遗症从我这夺走了健康，职业，房屋。然而我们得不到任何帮助。”,439.0,0.00683371298405467,0.05221932114882506,0.005221932114882507,23.105263157894736
4811634768609917,wemedia,risk,Her Majesty The Queen 女王陛下，在96岁去世。她不是95岁死，不是97岁死，也许本来可以长命百岁，但偏偏在96岁，得完新冠后半年就去世了。女王得新冠后，身体状况明显下降，过去半年基本不怎么出镜，大家都看到了。没想到啊，女王本人和病毒共存失败。 #英国女王去世# #新冠后遗症#,149.0,0.0,0.0,0.037037037037037035,37.25
4814270871372700,wemedia,risk,"#微博新知博主##新冠后遗症##美国疫情# 研究发现，老年人中的 Covid-19 与阿尔茨海默病风险增加有关 研究人员在对超过 600 万份健康记录的分析中发现了与新发痴呆症的相关性。 马克·约翰逊 2022 年 9 月 15 日下午 6:16 美东时间张作风点评：1. 这仅仅是一个相关研究，虽然样本量大，但是阿尔兹默病的最后诊断並没有使用最好的诊断方法，这样可能会引起一些可能偏倚。所以需要等待其它的同类研究来验证。2.凯斯西储大学是美国前50名最佳大学之一（前44名）。美国第一个诺贝尔奖得主出自该大学。美国著名的排名前五名的Cleveland Hospitals医院也在同一城市。 凯斯西储的研究人员发现，每 1,000 名感染新冠病毒的老年人中，有 7 人将在一年内被诊断出患有阿尔茨海默病，略高于未感染新冠病毒的人的千分之五的诊断率。 一项使用超过 600 万 65 岁以上美国人的电子健康记录的研究发现，患有 covid-19 的人在一年内接受新诊断阿尔茨海默病的风险更大。 这项由凯斯西储大学医学院的研究人员领导并发表在《阿尔茨海默病杂志》上的研究并未表明 covid-19 会导致阿尔茨海默病，但增加了越来越多的研究表明两者之间存在联系。 结果表明，研究人员应该追踪从新冠病毒中康复的老年患者，看看他们是否继续表现出记忆力减退、脑功能下降或阿尔茨海默病的迹象。 该研究发现，每 1,000 名患有 covid-19 的老年人中，有 7 人将在一年内被诊断出患有阿尔茨海默氏症，略高于未感染 COVID-19 的老年人的千分之五的诊断率。 “我们知道新冠病毒会影响大脑，但我认为没有人研究过阿尔茨海默病的新诊断，”该研究的合著者之一、凯斯西储大学医学院的研究教授帕梅拉戴维斯说。 同事 Rong Xu 说，她原本预计感染新冠病毒的老年人中会有所增加，但“对增加的程度和发生的速度感到惊讶”。 没有参与这项研究的德克萨斯大学圣安东尼奥分校大脑发育、调节和修复实验室主任加布里埃尔·德埃劳斯金说，这项研究虽然“重要且有用”，但“有限”。 他警告说，阿尔茨海默病的诊断不一定是该病的确认。 医生有时会根据行为变化或对记忆测试的反应来诊断阿尔茨海默氏症。 这些被认为不如成像或脊髓液测试测量两种类型的蛋白质，β-淀粉样蛋白和磷酸化 tau，它们在阿尔茨海默氏症患者的大脑中异常积聚。 寻找结构变化（例如某些区域的缩小）的脑部扫描是另一个更准确的指标。 “有些人看起来很像患有阿尔茨海默病，但他们没有患有阿尔茨海默病，”de Erausquin 说，并补充说，“长期感染新冠病毒的人有被诊断出患有阿尔茨海默病的风险。” 在他们的论文中，凯斯西储的研究人员承认，这项研究受到阿尔茨海默病诊断不准确的可能性的限制。 然而，戴维斯说，她认为医生不太可能将长期的新冠病毒误认为是阿尔茨海默氏症。 她说：“给某人贴上阿尔茨海默病的标签不同于脑雾和与长期新冠病毒相关的混乱。”  “当医生诊断出阿尔茨海默病时，它代表了严重的认知障碍。”凯斯西储研究使用了代表全国近 70 个医疗中心患者的数据库。 科学家们专注于在 2020 年 2 月 2 日至 2021 年 5 月 30 日的 15 个月期间进行医疗访问的 65 岁以上的患者，将他们分为两组：被诊断出患有 covid-19 的患者和没有被诊断出患有 COVID-19 的患者。 在研究期间的大部分时间里，电子记录系统都没有包含长期 covid 的代码，这使得在感染 covid 后仍有持续健康问题的患者可能被误诊为阿尔茨海默氏症。 尽管如此，这项新研究增加了越来越多的研究，以检验 covid-19 与阿尔茨海默病之间的关系。 凯斯西储的一些研究人员较早进行的一项研究检查了近 6200 万 18 岁以上的美国人的电子健康记录，发现痴呆症患者患 covid-19 的风险明显高于非痴呆症患者。 纽约大学朗格尼阿尔茨海默病中心主任 Thomas Wisniewski 提出了这样一种可能性，即一些患者在感染 covid-19 时可能已经在前往阿尔茨海默病的路上，导致他们的大脑“受到第二次打击”。 他说，科学家需要研究出现在 covid-19 患者身上的阿尔茨海默氏症生物标志物是否“随着时间的推移而增加，它们是否会导致更快的疾病轨迹？” 哥伦比亚大学瓦格洛斯内科和外科医生学院的科学家研究了少数已故的 covid-19 患者的大脑，发现他们的受体有缺陷，被认为是阿尔茨海默病的一个指标。 第二项研究观察了既往没有痴呆病史的住院 covid-19 患者的血清（血液的一种成分），他们发现的神经退行性疾病标记物的水平与阿尔茨海默病患者的水平相当。",1947.0,0.0005136106831022085,0.00129366106080207,0.027166882276843468,60.84375
4814984524333646,wemedia,risk,#新冠后遗症# 7月份20天感冒之后，心肺功能还是没法恢复，甚至我都怀疑得了心脏病。6月份时， 我做英国特种兵训练 一组2分半 之内。那场感冒之后，要4分左右，昨天试着 加快， 中途不休息， 🫀骤停感觉， 头晕， 左耳充血到耳鸣，被迫放弃。心脏发动机不行了？！能恢复吗 L翟峰搞清这世界的微博视频,148.0,0.013513513513513514,0.01680672268907563,0.04201680672268908,29.6
4817492004308136,wemedia,risk,恢复了 ！昨晚 沙排后做特种兵训练（ 心肺体能） ，终于回到3分钟内，接着做了第二组，都2分40秒左右 。做第3组 3分半，兴奋 有劲 不疲惫，心脏没有出现爆裂感…康复了 ！7月12生病，8月初感冒症状消失，9月20号左右 心肺损伤恢复， 体能恢复我感觉就是#新冠后遗症# 还有其它后遗症吗？ 鸡鸡 L翟峰搞清这世界的微博视频,163.0,0.018404907975460124,0.007751937984496124,0.07751937984496124,40.75
4823727004455042,mainstream,risk,【#奥密克戎毒株或导致脑雾#】新一波疫情扩散以来，日本各地感染人数出现了急剧增长。在这种背景下，人们非常关心新冠后遗症的问题。我们就此采访了在冈山大学医院“新冠后期护理门诊”接诊后遗症患者的该院副院长大塚文男。——之前的后遗症多为嗅觉味觉障碍——副院长大塚文男介绍说，医院在2021年2月15日开设后期护理门诊，至今已有1年半时间。前来就诊的患者总计约370人。2021年2月到7月前后，主要是阿尔法毒株在传播，7月中后期到盂兰盆节这段时间主要是德尔塔毒株肆虐。【流行时间】（年月为顶峰时间）第1波　2020年4月　※原始毒株第2波　2020年8月第3波　2021年1月第4波　2021年5月　※阿尔法毒株第5波　2021年8月　※德尔塔毒株第6波　2022年2月　※奥密克戎毒株第7波　2022年8月大塚副院长说，当时冈山县单日新增300例阳性感染者就会感到“真多”，且相当一部分人都转变为重症。从症状来看，德尔塔之前的毒株造成“嗅觉和味觉障碍”非常多，另外“脱发”也比较常见。——奥密克戎导致倦怠感增多——大塚副院长说，奥密克戎流行已经超过半年，在观察了100例左右的后遗症患者后，感觉到了“性质上的”区别。嗅觉和味觉障碍的患者减少，取而代之的是“倦怠感”后遗症患者增多。他们容易疲劳，无法集中精神工作。那种总想躺着的倦怠感异乎寻常；并且，与之相伴的“头痛、睡眠障碍”开始变得突出。感觉头很重，难以入睡，即使入睡，马上会醒过来。据大塚副院长介绍，虽然不是医学诊断名称，但那种头脑反应迟钝、呆滞的现象，被称作“脑雾”。症状表现多种多样，比如刚说过的话马上就忘，反复做好几次同样的事情，无法驾驭开车或操控机器等复杂的事情。德尔塔毒株流行期间，“脑雾”患者略有增多，而到了奥密克戎毒株扩散之后，给人的印象是，这类患者还在持续增加。在德尔塔毒株流行期间，最常见的是嗅觉和味觉障碍，即使在10多岁的年轻人群中也很明显，但现在几乎没有这类症状了。倦怠感和头痛，特别是头痛的问题比较麻烦，导致一些孩子无法上学。去年在德尔塔毒株流行时期也是如此，夏天结束后新学期开始，之后迎来对于孩子们来说负担较重的考试季。在这种时候，如果形成持续性病毒感染，出现后遗症，就会影响注意力和精力，显然是不好的事情。全文请看日本网：O网页链接日本 #奥密克戎# #脑雾# #新冠后遗症#,978.0,0.0,0.0012195121951219512,0.04024390243902439,46.57142857142857
4824420634068082,mainstream,risk,#新冠后遗症可持续数周数月甚至更长时间##新冠后遗症# L江西新闻广播的微博视频,40.0,0.0,0.0,0.0,40.0
4824776130693693,wemedia,risk,新冠后遗症对身体的伤害已再三被证实。外在表现为精气损失严重，患者感觉严重疲劳很难恢复。目前经过的后遗症患者，恢复都非常顺利。截图是一位患者的愈后评价，她说只经过三次针灸治疗就恢复了。有类似情况的去找中医图四-六是出诊前的，图三回来后看到的。好看吗？#新冠后遗症##新冠病毒最可怕的后遗症# 2美国·明尼阿波利斯/布卢明顿希尔顿花园酒店(Hilton Garden Inn Minneapolis/Bloomington),210.0,0.004761904761904762,0.0,0.006493506493506494,35.0
4825249038731500,mainstream,risk,【#新冠后遗症#或影响超1.4亿人 #谭德塞#发文警告】新冠疫情即将走完第三个年头。数据显示，目前全球感染人数超6亿，累计死亡人数超过656万。新冠后遗症正被越来越多讨论和关注。有研究认为，全球有近1.45亿人至少存在一种长期新冠症状。世卫组织总干事谭德塞12日在英国《卫报》刊登署名文章，警告“长新冠”（新冠长期后遗症）正在“摧毁无数人的生活和生计”，并对各国卫生系统和经济造成严重破坏，敦促各国立即采取“紧急且持续”的措施应对“长新冠”这一“非常严重”的危机。O网页链接,237.0,0.0,0.0,0.02512562814070352,47.4
4826545736124044,mainstream,risk,【研究发现新冠感染或加速器官老化】一项最新的研究发现，新冠感染会导致患者的身体器官出现加速老化的现象。华盛顿大学圣路易斯分校的流行病学家阿里的团队对全美数百万新冠患者进行长达两年半的研究发现，许多患者的肾脏、心脏和大脑，都存在加速老化问题。研究还表明，尽管多数器官加速老化，都发生在重症患者体内，也有部分轻症患者出现这一现象。加州大学旧金山分校的传染病专家佩鲁索解释称，之所以出现这一现象，原因之一是新冠病毒会留在人体内，引发炎症和自体免疫问题，改变体内有益菌群。不过阿里相信，患者体内的器官加速老化现象，会随时间的推移，而逐渐停止。（图源： ABC7）美国#新冠##新冠后遗症##器官老化#凤凰新闻 【新闻、视频、纪录片、看电视，尽在凤凰秀，点击下载：https://.fengshows.com/share/download.html?channelID=n04 】,387.0,0.002583979328165375,0.0,0.006825938566552901,64.5
4827510384366723,wemedia,risk,"当然失望，半年前就很期待的10月2号的Ringo Starr 和他的全明星乐队音乐会，因为这位前甲壳虫乐队的鼓手🉐了新冠，在10月1号那天得到通知: 暂时取消。幸好音乐会是在明州，不然机票和宾馆都取消不了。后来助理说: 你给他治疗吧，音乐会可以早点开出来🤗。大概10天后,  报道看他在加州演出了两场。而上周四又收到email: 退票了。因为在两周内，他二次测出新冠阳性，因此取消了他北美行的全部音乐会 三年前Ringo Starr 和他的全明星乐队来明州的时候我听了现场，可真的是全明星乐队，他选的音乐人，个个的棒，现在依然感觉太美了，所以再次期待。希望 Ringo Starr早日康复，更不要有任何后遗症，毕竟已经82岁了，还盼着听他的音乐会呢。至于如何预防新冠，疫苗肯定是指望不上了。我曾经想过，要不要把我们个人及诊所预防的经历，和大家分享中医#新冠##新冠后遗症# 2美国·明尼阿波利斯/布卢明顿希尔顿花园酒店(Hilton Garden Inn Minneapolis/Bloomington)",453.0,0.0,0.00906344410876133,0.021148036253776436,56.625
4829574061887357,wemedia,risk,【从未远去的新冠：变异毒株不断出现，长期后遗症影响逐渐显露】#世界大变局##新冠后遗症# 由于感染人数持续居高不下，欧美国家越来越多的人受到被称作“长新冠”的新冠后遗症困扰。世卫组织估计，约10%到20%新冠感染者可能受到中长期新冠后遗症困扰，包括疲倦、呼吸困难和认知功能障碍等。荷兰格罗宁根大学近期发表的一项调查显示，疫情早期感染新冠病毒的患者约有12.7%痊愈后出现长期后遗症。美国智库布鲁金斯学会近期发布的研究报告显示，约1600万处于工作年龄的美国人表示自己有新冠后遗症，其中200万至400万人无法工作。据美国疾病控制和预防中心报告，近五分之一新冠感染者痊愈后仍有后遗症，包括疲惫、心动过速、呼吸急促、认知困难、慢性疼痛、感官功能异常、肌肉无力等。英国国家统计局近日发布数据显示，英国感染新冠后出现长期后遗症的人数已超过230万，约占英国总人口的3.5%。大量出现的“长新冠”症状携带者，对一些国家的社会医疗保险系统和经济造成严峻考验。据哈佛大学经济学家卡特勒估计，约有350万美国人因“长新冠”失业，造成的五年薪资损失约为1万亿美元，相当于每年约2000亿美元。鉴于当前及未来一段时期内全球新冠疫情传播的严峻状况，世卫组织当地时间19日表示，新冠疫情目前依然构成“国际关注的突发公共卫生事件”。根据该组织发布的数据，全球已报告了超过6.2亿例新冠确诊病例和650多万例新冠死亡病例，而实际数字很可能要高得多。O网页链接,615.0,0.0,0.0018656716417910447,0.026119402985074626,61.5
4830959667511796,mainstream,risk,近3年來，香港累積新冠確診個案（核酸檢測＋抗原快測）逾188萬，患者康復後的長新冠問題逐步在社會浮現。面對難纏的無形對手，我們可以如何破解？摸清敵人的底細很重要，在了解長新冠的「套路」後，我們就可以從日常着手，見招拆招。O网页链接 L點新聞dotdotnews的微博视频 #新冠後遺症#,143.0,0.006993006993006993,0.017543859649122806,0.017543859649122806,47.666666666666664
4831348994874456,wemedia,risk,#山西首次发现奥密克戎BF.7变异株##新冠后遗症# BF.7相对于BA.4或者BA.5具有更强的传染力、扩散性、逃逸性、隐蔽性，代际间隔更短，极易造成大面积传播。我国内地，之前，至少已经有5个地方检出。在深圳有一病例是与路人相遇后就造成了传播。新冠后遗症也就是现在称为常新冠的研究数据，也有14点多，也就是将近15%。所以，在外戴好口罩，做好防疫是非常重要的。大家平安康泰！#微博新知博主#,196.0,0.00510204081632653,0.006211180124223602,0.043478260869565216,32.666666666666664
4831609470063941,wemedia,risk,【新冠到底有没有后遗症？这些研究已经有了结论】#新冠肺炎##新冠病毒##新冠后遗症##新冠肺炎治愈后是否有后遗症# O网页链接,63.0,0.015873015873015872,0.0,0.0,63.0
4832015998779810,wemedia,risk,身边曾经被传染过的朋友告诉我：“自从那以后感觉免疫力下降了，动不动就感冒，鼻子总是不通气，嗅觉不太灵敏”，“经常感觉胸闷，之前没用出现这种情况”“感觉记忆力变差了，注意力无法集中”~~~我们知道，新冠病毒首先会入侵心肺系统，是否会产生永久性的影响，还没有进一步的研究成果显示。但患者康复以后，确有很多人出现心肺功能下降的情况。此外，2020年8月中国科学院深圳先进技术研究院黄建东教授、香港大学袁国勇教授等曾发表论文，证实新冠病毒能够感染体外培养的人类神经祖细胞和大脑类器官。新冠病毒能够到达患者的大脑中枢神经系统，损害神经元功能和活力。遥想当年很多人非典康复者，多年都在股骨头坏死的折磨中度过。所以我们还是要尽量做好个人防护，听从疫情防控安排，不要存在侥幸心理，不要羡慕国外的“躺平”，要知道他们都是被迫躺平的！#新冠后遗症##若中国选择躺平半年或致150万人死亡##太原抗疫在行动#,393.0,0.002544529262086514,0.008695652173913044,0.008695652173913044,65.5
4833409907819387,wemedia,risk,#11月15日全球人口将达80亿##疫情# 影响？截至2021年中期，全球人口达到79.1亿，较1950年中期的25亿增长了216%。从正常情况下，世界上，任何一年，都有超过五千万人死亡。六百多万人因新冠病毒死亡，也可以随着时间恢复，可怕的是#新冠后遗症# 影响。截至2022年8月10日，全球累积新冠确诊病例5.87亿，占到全球总人口的7.4%；累积死亡病例642.7万，占到全球总人口的0.08%。曾有一种错觉，隔离期间“无所事事”，通常意味着更多的性生活和更多的受孕。人们害怕在疫情期间不得不去医院检查或生产，为避免危险，延迟生育。文献研究，疫情、饥荒、地震等灾难性事件的发生，将平均导致9个月后出生率下降10%~15%左右。#微博新知博主#,324.0,0.0030864197530864196,0.0,0.07171314741035857,36.0
4833520196787040,wemedia,risk,【 O新冠后遗症 - 一个无法忽视的风险 】#滕州##滕州疫情##新冠肺炎##新冠后遗症#,45.0,0.0,0.0,0.0,45.0
4835410184769512,wemedia,risk,#新冠后遗症#没得新冠，但感觉得了后遗症，害怕出去，害怕接到陌生电话，害怕接到短信。。今天早上从梦里哭醒的。。心里防线说有点绷不住了,66.0,0.0,0.0,0.0,16.5
4836007952257784,mainstream,risk,#感染新冠是什么体验# 我失去了味觉……心脏像失控了一样……呼吸对我来说变得困难……《柳叶刀·呼吸病学》一项新研究总结了1192名康复者2年来的健康状况。在这项全球新冠最长随访中，55%康复者表示至今仍存在#新冠后遗症#，包括肺功能下降、睡眠困难、心悸、疼痛、肌无力、焦虑等。可见，感染新冠不是小事，接种疫苗并做好防护措施十分必要，不扎堆不添乱，让我们一起共同展“疫”！,185.0,0.005405405405405406,0.02,0.02,61.666666666666664
4836719004746693,wemedia,risk,#新冠后遗症##加强疫情防控#中印尼打造高水平合作新格局沙媒文章 G20峰会为缓解全球危机带来希望调查显示 “新冠后遗症”显现加剧英国劳动力短缺,72.0,0.0,0.0,0.016129032258064516,72.0
4838684309065800,mainstream,risk,【調查：香港近八成染疫者疑患「長新冠」】#香港疫情#香港至今有超過200萬人曾感染新冠病毒，超過總人口的25%。據一項「了解新冠肺炎康復者有否出現長新冠症狀」的網上問卷調查結果顯示，僅59%受訪者表示知道什麼是長新冠症狀，卻有77%受訪者懷疑自己出現過長新冠症狀。近90%受訪者期望政府提供中醫服務協助患者調理身體，近80%希望政府針對性地協助他們治療後遺症。#新冠後遺症# O网页链接,193.0,0.0,0.006172839506172839,0.037037037037037035,64.33333333333333
4839237557426281,wemedia,risk,我发布了：美国新冠后遗症患者中有16 %症状严重以致无法工作？真相是…#蔚你点评 #新冠后遗症 #快影造热计划 @主持人李蔚 @快手热点 @快手主持人(O4030... ##快手# @快手 #蔚你点评##新冠后遗症##美国##新闻#新闻 L主持人李蔚的快手视频,131.0,0.007633587786259542,0.011235955056179775,0.02247191011235955,131.0
4839284609389039,wemedia,risk,我发布了：美国新冠后遗症患者中有16 %症状严重以致无法工作？这条视频告诉你真相…#蔚你点评 #新冠后遗症 #快影造热计划 @主持人李蔚 @快手热点 @快手主持人... ##快手# @快手 #蔚你点评#蔚你点评#新闻#新闻#跟新浪看热点##美国##新冠后遗症# L主持人李蔚的快手视频,144.0,0.006944444444444444,0.009615384615384616,0.009615384615384616,144.0
4839398955290994,wemedia,risk,截至22日，广州已启用19个方舱医院，累计出舱1.1万余人。这批出舱人员还有没有传染性？会不会复阳？又会不会出现后遗症？对此，南方+记者采访了中山大学附属第三医院感染科教授崇雨田。我们来梳理一下大家关心的问题，专家是怎么解答的。#新冠后遗症##广州已有1.1万余人出舱# L电视人曾小强的微博视频,148.0,0.02027027027027027,0.0078125,0.03125,24.666666666666668
4841149918091318,wemedia,risk,妈呀，新冠后遗症太可怕了！#新冠后遗症##苏州疫情# 2苏州,30.0,0.03333333333333333,0.0,0.043478260869565216,30.0
4841917235595089,wemedia,risk,#新华社科普长新冠#  从这位专家的话来看，长新冠貌似只是一部分学者根据持有观念推出的新词，至于所谓的“长新冠”到底属不属于#新冠后遗症# ？  这位专家所言，嗅觉丧失、关节痛、记忆力下降等多种症状都不算在内，那后遗症还是否存在？既然不算作后遗症，将来患病后，有这些医疗症状，相应的治疗类型又是什么呢 #长新冠#,156.0,0.01282051282051282,0.0,0.0,78.0
4842699494785318,wemedia,risk,新冠后遗症的危害！#新冠后遗症##新冠后遗症危害有多大##关注新冠后遗症##福贝双增健康生活##每日安利##拼的就是免疫力# L互联网安利达姐的微博视频,76.0,0.013157894736842105,0.0,0.0,76.0
4842964775872056,wemedia,risk,这应该是最冷清的#大唐不夜城# ，也是最严重的#新冠后遗症# L吾梦朋波走逆歪的微博视频,44.0,0.0,0.0,0.0,44.0
4843432541165983,mainstream,risk,发布了头条文章：《纽约大学研究表明：感染新冠病毒会破坏肠道菌群》 #新冠后遗症# #新冠感染自救#  O纽约大学研究表明：感染新冠病毒会破坏肠道菌群,74.0,0.0,0.0,0.0,74.0
4844404597071799,wemedia,risk,#新冠后遗症#好了快半个月了 除了现在说话感觉是抽了十年烟的烟嗓以外 好像没什么了 感觉可以去唱摇滚了,51.0,0.0,0.0,0.0,51.0
4844511844371520,mainstream,risk,#新冠疫情# 【英国公司推出“新冠App”，可告知用户病症波动情况】据报道，一款新的应用程序可以帮助那些遭受新冠肺炎后遗症的患者更好地应对他们的病情，让他们更清楚地了解哪些措施能帮助或者影响他们的健康。#世界卫生组织# （WHO）将#新冠后遗症# （长期新冠）患者定义为，在新冠痊愈后仍有持续两个月及以上的轻微症状，其典型症状包括头痛、疲劳、虚弱和发烧。有些患者会练习“作息节奏”，也就是通过平衡每天的活动和休息时间来恢复，以抑制症状。如果他们过于用力（疲惫），就会使病情变得更糟。这款名为“Visible（可视）”的新应用程序旨在通过收集日常活动数据，来帮助人们管理这一过程，以了解他们的症状是如何波动的。用户每天早上需要将手指放在手机摄像头上 60 秒，应用会测量他们的心率变异性，即逐次心跳周期差异的变化情况，可以简单理解为两次心跳时间间隔的微小变化，其原理是记录用户皮肤颜色的微小变化来测量脉搏。每天晚上，用户要对当天出现的长期#新冠症状# 的严重程度进行评分，评分范围为 0 到 3 分。0 表示无症状，3 表示症状严重。美国心脏协会的研究发现，在长期新冠患者中，心率变异性降低的症状很常见，这与神经系统压力较大有关。追踪心率变异性可以更容易地预测一个人何时可能变得疲劳。Visible 使用这些数据创建了 1 到 10 的“作息节奏分数”（8-10 表示最近的节奏良好，4-6 表示未来几天可能需要更多的休息，1-3 表示这个人应该更注意休息）来帮助用户决定应该何时放松。戳链接查看详情：O英国公司推出“新冠App”，可告知用户病症波动情况,676.0,0.0,0.0,0.023008849557522124,61.45454545454545
4844821007042809,mainstream,risk,发布了头条文章：《41.6%的美国人曾感染新冠！其中一半人都不知道自己曾感染。》 大家好，我是童宜棠互联网儿童医院专业育婴师，同时也是一位90后妈妈，在这里为大家分享育儿经验、儿童护理、儿童常见疾病的诊疗知识，共同守护宝宝的健康！今天为大家带来一期干货，喜欢的话请点赞收藏，有关健康方面的疑惑也可私信博主哦#疫情# #疫情防控# #新冠肺炎# #新冠病毒最可怕的后遗症# #疫情# #新冠后遗症可持续数周数月甚至更长时间# #新冠后遗症# #新冠病毒# #新冠状病毒# 疫情 #疫情防控#  O41.6%的美国人曾感染新冠！其中一半人都不知道自己曾感染。,278.0,0.01079136690647482,0.013636363636363636,0.013636363636363636,55.6
4844985831129221,mainstream,risk,【#新冠后遗症#影响劳动力市场 美国经济损失或超万亿】“长新冠”（Long Covid）正在影响美国人的工作方式。患病后一系列长期症状使得有些人根本无法工作。长新冠对劳动力的总体影响难以量化。据估计，可能有数十万至数百万人因新冠后遗症离岗。这或将推高通胀。全美有数百万人出现后遗症，且可能持续数月或数年。有一些是在患病几周后，出现严重耳痛。“感觉就像有人在往耳朵里面插刀子。”41岁的夏洛特·霍尔特奎斯特（Charlotte Hultquist）表示。她会因踩到地板上的玩具或小物体而不停摔倒，最终她了解到平衡问题与耳痛是由前庭神经受损引起的。经过严格的测试，一位理疗师告诉她，她目前是“1岁孩子学走路的平衡能力”。此外，她感觉身体似乎有1000磅重，且无法调节体温，导致身体在冷热间剧烈波动。O网页链接,352.0,0.0,0.0,0.01048951048951049,29.333333333333332
4845065308998603,mainstream,risk,发布了头条文章：《感染奥密克戎变异株，会有后遗症吗？》 #新冠后遗症# #新冠后遗症# 后遗症  O感染奥密克戎变异株，会有后遗症吗？,68.0,0.029411764705882353,0.0,0.0,34.0
4845094512886541,wemedia,risk,是的，我三个月得了两次新冠。不隐瞒我🐑了又🐑的事了！什么情况下容易得新冠？得新冠有啥症状？得了新冠吃什么药、有什么注意事项？新冠后遗症是啥样的？容我跟你一一道来#什么是新冠后遗症有哪些症状##新冠后遗症##新冠症状##vlogmas# L戴爱笔的微博视频,127.0,0.03937007874015748,0.029411764705882353,0.0,21.166666666666668
4845188436462181,wemedia,risk,街访 | 疫情结束，你有新冠后遗症吗?当下虽然可以说开始准备迈向结束疫情的生活，但是对许多人来说却仅仅是一个开始。快三年了，疫情离我们很近，又很远，大家的心态从恐惧到嫌弃，种种心路历程。本期街坊，对路人关于新冠病毒感染以及后遗症情况做了一个简短的调查，我们希望可以从得过新冠受访者真实的分享中，让大家对新冠病毒感染后的心态有更多的了解疫情 #海外# #我们正式迈向结束疫情生活的道路# #新冠后遗症# #德国# L德国派PIE的微博视频,219.0,0.0045662100456621,0.015957446808510637,0.0,73.0
4845226559278493,wemedia,risk,#得了新冠怎么自愈#  新冠真的不是感冒发烧，比它们严重多了，请大家一定要做好防护，保护好自己！每天做好消毒消杀！#阳性居家要注意什么# #新冠后遗症##亿点曝光计划# #感染新冠后为什么会全身酸疼#  LWJ时尚志的微博视频,113.0,0.017699115044247787,0.011111111111111112,0.0,56.5
4845635049881715,wemedia,risk,专家说羊了治愈后没有后遗症，这个观点一哥很不认同，后遗症还是很厉害的#新冠后遗症#,41.0,0.0,0.0,0.0,41.0
4845963270950029,wemedia,risk,"香港中文大学医学院今年7月起展开为期3个月的研究，冀招募1万名新冠康复者进行网上问卷调查，至今已访问近7,000人，初步调查发现70%康复者持续出现“长新冠”问题。希望大家不要放松警惕，做好个人防护。#新冠后遗症#",107.0,0.0,0.0,0.06521739130434782,53.5
4846184751178984,mainstream,risk,#重症# #新冠患者# #阳性# #新冠后遗症# #成马大健康网# 大健康 2022 年 12 月 12 日 – 死于严重 COVID-19 的人的脑组织与至少 71 岁的人相似，促使哈佛医学院研究人员建议康复的 COVID-19 患者寻求神经系统随访护理。发布了头条文章：《研究表明：严重的新冠症状在分子水平上老化脑组织》  O研究表明：严重的新冠症状在分子水平上老化脑组织,189.0,0.0,0.0,0.04580152671755725,189.0
4846205258172081,mainstream,risk,#新冠后遗症##广西都市频道#  关于疫情防控防护和治疗传言澄清：感染新冠会有严重后遗症（来源：人民日报） L广西都市频道的微博视频,66.0,0.0,0.0,0.0,66.0
4846260789977744,mainstream,risk,#新冠后遗症##广西都市频道#  关于疫情防控防护和治疗传言澄清：感染新冠会有严重后遗症（来源：人民日报） L广西都市频道的微博视频,66.0,0.0,0.0,0.0,66.0
4846261763053810,mainstream,risk,#新冠后遗症##广西都市频道#  关于疫情防控防护和治疗传言澄清：感染新冠会有严重后遗症（来源：人民日报） L广西都市频道的微博视频,66.0,0.0,0.0,0.0,66.0
4846685769964226,wemedia,risk,#新冠后遗症#我的后遗症是变得没素质+变成通讯录,24.0,0.0,0.047619047619047616,0.0,24.0
4846815234491534,mainstream,risk,【CDC: 美国超过3500人死于新冠后遗症】根据一项最新的政府研究，超过3500名美国民众死于新冠后遗症。疾控中心对从2020年1月至2022年6月期间的死亡证明，进行分析后发现，新冠后遗症导致3544人死亡，成为直接或间接死因，这也就意味着在此期间与新冠相关的超过100万例死亡病例中，新冠后遗症的比例不到1%。另外，研究还发现，新冠后遗症死亡人数在2月达到393例的顶峰，且男性死者略多于女性，且在老年群体中最为常见。根据疾控中心的定义，确诊患者在康复后症状仍至少持续四周以上，包括乏力、呼吸困难、头痛、脑雾、关节和肌肉疼痛等。目前尚不清楚新冠发展成后遗症的具体原因，研究仍在进行之中。（图源： Los Angeles Times）美国疫情#新冠后遗症#凤凰新闻 【新闻、视频、纪录片、看电视，尽在凤凰秀，点击下载：O网页链接 】,371.0,0.0,0.0,0.03793103448275862,74.2
4846992402681941,mainstream,risk,【瑞士呼吸芳疗养生专用精油芳香鼻吸棒】【瑞士药房首选品牌】确诊后，记忆力消退、浑身乏力怎么办？来自瑞士的AromaStick全天然鼻吸棒FOCUS专注棒专注提神；ENERG能量棒能量满满；🎄🎄🎄健康从呼吸开始！我的生活，用我自己的AromaStick!🎄🎄🎄#瑞士##鼻吸棒##呼吸养生##精油芳疗##健康从呼吸开始# #防疫# #新冠后遗症# AromaStick瑞士呼吸芳疗有机精油清凉油鼻通学生防困开车提神醒脑,208.0,0.014423076923076924,0.021739130434782608,0.0,41.6
4846993555853509,wemedia,risk,#新冠后遗症# 本来过敏性鼻炎就导致嗅觉不灵敏，这下好了，嗅觉完全失灵，味觉也失灵一半，嘴里还发苦，这后遗症比新冠发作还让我难受，每天吃饭真正意义上的味同嚼蜡,79.0,0.0,0.014285714285714285,0.0,79.0
4847079141415734,wemedia,risk,真的不是我要发疯，我要咳出精神病了，什么方法止咳啊，新冠后遗症真要命🙉#缓解新冠咳嗽的方法##咳嗽##新冠后遗症#,57.0,0.0,0.0425531914893617,0.0,57.0
4847235479114852,wemedia,risk,#新冠后遗症#有人的后遗症是嘴里发苦吗，吃什么都是苦的，不吃东西咽口水都是苦的，有啥解决办法吗,47.0,0.0,0.0,0.0,47.0
4847807805262804,wemedia,risk,#转阴后失去味觉怎么办#  国外一位小姐姐转阴后失去味觉 她试了下“煎橙子拌红糖”发现很有用！ 你还有什么转阴后恢复味觉的好法子吗？院士专家告诉你别担心，自然恢复#转阴后失去味觉怎么办##新冠后遗症# L清风雅韵客的微博视频,112.0,0.017857142857142856,0.0,0.0,56.0
4848026018122975,wemedia,risk,#新冠后遗症# 以前老是有争论，患新冠后有没有后遗症？现在第一🐑差不多都转阴了吧，大家说说自身的感受，新冠究竟有没有后遗症？现在只能看短期的，那些所谓长期究得出的结论都是瞎扯，总共也才三年，哪来的长期研究#钟南山说无症状感染者基本无新冠后遗症# 2北京,126.0,0.015873015873015872,0.0,0.009009009009009009,63.0
4848067515518767,wemedia,risk,#新冠后遗症#嗜睡，每天睡十多个小时，就是睡不够。,25.0,0.0,0.0,0.0,25.0
4848098935312078,wemedia,risk,#新冠后遗症# 嗅觉失灵了……！！！什么味都闻不到了！！！我的嗅觉！！,35.0,0.22857142857142856,0.045454545454545456,0.0,4.375
4848414954621307,wemedia,risk,说说阳转阴后的症状#新冠后遗症# 睡多少都觉得很困，每天都特别困,32.0,0.0,0.0,0.0,32.0
4848541349971395,wemedia,risk,我就想知道杨康后啥时候能洗头这个小月子做到几号？？我头发还能洗开吗？？？#新冠后遗症#,43.0,0.11627906976744186,0.05555555555555555,0.0,8.6
4848729189001042,wemedia,risk,#新冠后遗症# 新冠后遗症之味觉嗅觉减退。之前一女生，62，脑部手术后，多年嗅觉减退，闻不到饭菜的香味。当时她以调理睡眠求治，以8号包泡脚，配合艾灸命门。泡到第五次时，睡眠问题进展不明显，但是嗅觉问题神奇般恢复正常。这段时间碰到各种嗅觉味觉的后遗症问题。以疾病康复期的血弱气尽为辨证要点。用7、8、9三种泡脚包辨证使用。效果很好。一般3—7次可以感受到效果。配合艾灸1—2个穴位。,190.0,0.0,0.0,0.054878048780487805,19.0
4848732854293004,mainstream,risk,钟南山并不认同后遗症是很严重的新冠造成的问题。“整个世界产生的有关抑郁、焦虑、失眠等接近25%-30%，新冠好了，这些情况还是存在，包括记忆力不好、所谓的‘脑雾’等情况。”#新冠后遗症# O网页链接,99.0,0.0,0.0,0.02531645569620253,49.5
4848784900627813,mainstream,risk,#新冠后遗症# 由于对新事物缺少了解的惶惑不安，新冠病毒（COVID-19）在人群中的杀伤力可能会超过病毒本身的能力。如果应对一场感冒，或者流感，我们也许不会如此急迫地“囤药、在发热门诊排长队、呼叫120”，因为我们能够冷静地控制药物使用、不去挤占真正有需要的患者的宝贵资源。新冠后遗症真的存在吗？阳过、阳康的你怎么看？发布了头条文章：《有人发病1年后仍感肌无力、心悸，新冠后遗症是个谎言吗？》  O有人发病1年后仍感肌无力、心悸，新冠后遗症是个谎言吗？,227.0,0.01762114537444934,0.010582010582010581,0.021164021164021163,37.833333333333336
4848845262160668,wemedia,risk,日本大阪大学和大阪府丰中市开展的一项新调查发现，大约有5%新冠感染者会经历1个月及以上的新冠后遗症#关注新冠肺炎##新冠后遗症#,64.0,0.0,0.0,0.034482758620689655,64.0
4849160336971145,mainstream,risk,听说大家#阳了# 之后都有一点#新冠后遗症# 同事说最近吃饭都没有味觉了#转阴后失去味觉怎么办# 但是小编是吃嘛嘛香，哈哈哈，这就是#吃货# 的区别吧还有大家担心的#猫咪# 会不会感染#新冠# 这个概率是比较小的哈，毕竟小编都看到网上很多都是自家宠物照顾自己就是有部分#今日份逆子# 把自己倒的水给喝了，哈哈哈不知道你家猫咪的吃喝状态咋样#比比“揭”示,176.0,0.0,0.013513513513513514,0.0,176.0
4849164846106498,mainstream,risk,熊猫和朋友们今日份讨论:🐏过以后的“虚”究竟是怎样的一种“虚”呢？且看一代语言带师韩主任在线答疑——本🐼听完不禁醍醐灌顶茅塞顿开恍然大悟!家人们，你们有啥#新冠后遗症# 呢？#新冠康复日记##新冠肺炎##关注新冠肺炎##肿瘤#肿瘤#肠癌##结直肠癌在身边##癌症#癌症#抗癌##胃癌##医学科普##守护全世界最好的韩主任#,163.0,0.018404907975460124,0.0,0.0,54.333333333333336
4849414798054755,wemedia,risk,#新冠后遗症# 新冠阳了之后什么症状都没有  就是胸闷气短呼吸不舒服  有一样的姐妹吗,43.0,0.0,0.0,0.0,43.0
4849840502608063,wemedia,risk,我jiao着，新冠最大的后遗症就是，感官和知觉的延迟，甚至消失。目前我的其他症状基本好转，但是嗅觉和味觉基本消失，吃东西很难受，味同嚼蜡！而且真的，现在整个人就是不得劲，反应变迟钝了，然后其他感官知觉非常缓慢，比如触觉不灵敏，再比如饱腹感，我吃东西甚至很难准确把我到自己，到底吃没吃饱#新冠后遗症#,149.0,0.006711409395973154,0.03875968992248062,0.0,74.5
4849855748639189,wemedia,risk,#新冠后遗症#一吃饭就想吐怎么办…..,19.0,0.0,0.0,0.0,19.0
4849863726989473,wemedia,risk,#新冠后遗症# ，有正在经历的么？最明显的感受是什么？#新冠后遗症可持续数周数月甚至更长时间# 感染新冠后你正在经历哪个最明显的新冠后遗症？,70.0,0.04285714285714286,0.0,0.0,23.333333333333332
4849869204495937,wemedia,risk,#新冠后遗症# 这新冠到底有没有后遗症啊 别把我憋死现在坐沙发上 左右转一下找东西，脑袋就晕喘不上气，吃饭吃一半还要停下来喘一下气,65.0,0.0,0.017241379310344827,0.0,65.0
4849944273619342,mainstream,risk,面对疫情，不必恐慌。让我们用植物精油的力量，守护您的健康!瑞士AromaStick品牌鼻吸棒是芳香疗法的代表品牌，我们的鼻吸棒全部在瑞士生产，而且是按照瑞士制药行业GMP全自动无菌生产线标准生产，我们的生产工艺技术获得欧盟专利，我们的鼻吸棒有瑞士药监局的证书，还有瑞士有机认证证书，畅销全世界32个国家和地区。很多朋友们都喜欢我们阿尔卑斯山的自然纯净的环境，也喜欢我们AromaStick全天然鼻吸棒。发布了头条文章：《【贺荷芳香疗法】新冠后遗症，味/嗅觉丧失怎么办？》 #瑞士##鼻吸棒##呼吸养生##精油芳疗##健康从呼吸开始##防疫##新冠后遗症# O【贺荷芳香疗法】新冠后遗症，味/嗅觉丧失怎么办？,303.0,0.009900990099009901,0.025,0.004166666666666667,50.5
4849982463547686,wemedia,risk,有没有和我一样，新冠第五天，闻不见香水味，闻不见脚臭味#新冠后遗症#,34.0,0.0,0.034482758620689655,0.0,34.0
4850155247374787,wemedia,risk,【得意医普原创视频】疫情期保命术！不用买啥，只需一把尺子或一个压舌板。保护，咽痛也能用！#恢复期要注意什么##突发心慌心悸警惕病毒性心肌炎#  #感染新冠两周后心肌会有反应# #新冠后遗症# #新冠肺炎#    L得意医普DEEP的微博视频,120.0,0.016666666666666666,0.0,0.0,40.0
4850162575089516,wemedia,risk,🐏后我妈跟我说话，我总是：“啊，啊，啊”我妈说：“我听说xinguan后遗症有头疼屁股疼的，没听说过聋的啊”新冠后遗症难道啥都有#新冠后遗症#,71.0,0.0,0.09615384615384616,0.0,71.0
4850185836955427,wemedia,risk,#新冠后遗症# 震惊～几天后才发现自己没了嗅觉～但有味觉～～,30.0,0.0,0.043478260869565216,0.0,30.0
4850242002094784,wemedia,risk,怎么整啊 一点味都闻不到 今天鼻子已经通气了 可刚刚下去给狗狗收拾便便的时候一丁点味道都没有 我都快拿起来尝尝了#新冠康复日记##新冠后遗症##咳嗽#,75.0,0.0,0.015384615384615385,0.0,75.0
4850270704503967,wemedia,risk,新冠后遗症，你有吗？#新冠后遗症##新冠发病7天内身体会发生什么变化##圣诞节# 2北京 L包包有power的微博视频,59.0,0.01694915254237288,0.0,0.044444444444444446,59.0
4850271404168685,wemedia,risk,真的没有人的后遗症是腰疼嘛#新冠后遗症# LCaiiiiiiih的微博视频,37.0,0.0,0.0,0.0,37.0
4850271609947416,wemedia,risk,#新冠后遗症##嗅觉味觉多久会恢复正常# 没有了味觉和嗅觉，就像，就像吸血鬼喝不到人血的无力感！失去了灵魂，只剩下躯壳！,60.0,0.03333333333333333,0.0,0.0,30.0
4850271953362843,wemedia,risk,#新冠后遗症# 最近几天每天都跟宿醉第二天早上的感觉似的。1. 困，但是觉少；2. 弯腰低头就头疼；3.味觉半挂，吃啥都没味，嗅觉也半挂，能闻到一点；4. 总觉着自己有点不舒服但说不出来是哪；5.老忘事，扭头就忘了自己刚要干啥…,114.0,0.0,0.021739130434782608,0.05434782608695652,22.8
4850304070197454,wemedia,risk,新冠后遗症…奶少了好多了作为一只优质的奶牛……这几天的奶我都无语了…必须给nina加奶粉才能让她吃饱…也不知道还要过多久才能恢复正常#新冠后遗症##哺乳期#,78.0,0.0,0.015151515151515152,0.0,78.0
4850305746866905,wemedia,risk,#新冠后遗症# ：闻不见味道，吃东西只能吃到咸味，一直咳嗽，痰多，稍微活动大一点心率就使劲往上飙呼吸困难,52.0,0.0,0.0,0.0,52.0
4850308138926515,wemedia,risk,一天总有好几个瞬间感觉自己晕得要过去了 我的救命watch买的很合时宜 #新冠后遗症#,43.0,0.0,0.05714285714285714,0.0,43.0
4850348860379439,wemedia,risk,婚戒分享来啦!阳了以后手指直接瘦了一个圈号，我要努力吃胖胖！！！#婚戒##尚美戒指##新冠后遗症# LMs52416的微博视频,63.0,0.06349206349206349,0.022727272727272728,0.022727272727272728,15.75
4850574656541521,wemedia,risk,#新冠后遗症# 最近没有嗅觉，就是因为没有嗅觉所以闻不到酒香，最近已经好久没喝酒了。#给还没羊的人留一句经验#,55.0,0.0,0.0,0.0,55.0
4850601466271539,wemedia,risk,#小🐑人后遗症##新冠后遗症# 感觉我感染的是〈不想上班株〉，阳了之后休了9天，在家没啥反应，一到公司做工位上，我就开始乏力，浑身微疼不舒服,70.0,0.0,0.03508771929824561,0.017543859649122806,70.0
4850608504311925,wemedia,risk,#新冠后遗症#一坐直脑袋里面非常非常非常疼 一顿饭都吃不完 一道大题都写不好 字也变得非常非常非常丑,50.0,0.0,0.0,0.0,50.0
4850859911943169,wemedia,risk,#失去嗅觉##新冠康复日记##新冠后遗症# 感染的第五天，鼻塞流涕的症状消失的同时，失去了嗅觉,47.0,0.0,0.0,0.0,47.0
4850963070587945,wemedia,risk,#新冠后遗症#我的嗅觉味觉啥时候能恢复啊吃东西都不香了,27.0,0.0,0.04,0.0,27.0
4850986818479868,wemedia,risk,#新冠后遗症# 目前来看我的后遗症大概就是心脏问题之前呼哧带喘都比较难达到的心率现在只需要动一动...不知道过几天恢复运动能不能好一点,67.0,0.0,0.01639344262295082,0.0,67.0
4850993852060600,wemedia,risk,几乎整夜无眠……身体电量5%最近的关键词是血氧吸氧制氧机CT胸闷头疼失眠简直是稻城亚丁三件套#新冠后遗症#,53.0,0.0,0.0,0.02127659574468085,53.0
4851049115953585,wemedia,risk,有没有人新冠后遗症头晕的啊已经一个星期了 退烧了别的状况啥也没有纯纯头晕  坐着晕躺着晕站着也晕明明没动却感觉周围都在晃#新冠后遗症#,67.0,0.0,0.0,0.0,67.0
4851088030698815,wemedia,risk,#新冠后遗症##新冠后遗症# 已经第二个晚上睡不着了，闭上眼睛就是：“君不见，高堂明镜悲白发，朝如青丝暮成雪，人生得意须尽欢，莫使金樽空对月，天生我材必有用，千金散尽还复来…君不见，黄河之水天上来，奔流到海不复回…”“东临碣石以观沧海，水何澹澹，山岛竦峙”“老夫聊发少年狂，左牵黄，右擎苍，锦帽貂裘，千骑卷平冈。为报倾城随太守，亲射虎，看孙郎。酒酣胸胆尚开张。鬓微霜，又何妨！”,189.0,0.005291005291005291,0.006535947712418301,0.0,47.25
4851092826101351,wemedia,risk,#北京新冠# 现在大半夜的，我在使劲儿打哈欠、流鼻涕（就现在打哈欠的时候流，平时不流）、不自觉的流眼泪，喝了好多水，披着被子自己在这啃苹果，不然感觉自己要憋死了。我杨过两周了。前天晚上心悸发冷气短，自己给自己送到了医院，看了急诊、心血管内科、内分泌内科，检查了全血、血常规、心肌血、甲亢、心脏、尿、血糖、血压，都没问题。只是我的心率从阳前的60增加到了现在的90，不过医生说没问题。那我的问题在哪呢？据说新冠会激发人的“基础病”。那么我现在是被激发了什么病呢？医生问我有没有基础病，我实在是没想起来我有啥基础病。现在想了一下，可能是在上一段婚姻里被气的，尤其是坐月子的时候被气的：气短。如果我没离婚，我可能已经被气死了！现在不自觉的流眼泪流鼻涕，都是脑袋里的水！妈妈和孩子在安静得睡着，爸爸也平安，我也就放心了。80后单亲妈妈#阳过阳康的真实感受##北京疫情##人生感悟##离婚##海淀医院##新冠后遗症# 2北京,409.0,0.009779951100244499,0.043731778425655975,0.011661807580174927,34.083333333333336
4851282668685801,wemedia,risk,我的🦵只要离开🛏️站起来就会无力发抖是真的虚#新冠后遗症#,29.0,0.0,0.041666666666666664,0.0,29.0
4851297742231068,wemedia,risk,#新冠康复日记##新冠后遗症# 交流病情 走个楼梯喘大气 一直睡不够 你们呢 2广州,42.0,0.0,0.0,0.030303030303030304,42.0
4851328326574155,wemedia,risk,报复性食欲 又要来了#新冠后遗症#,17.0,0.0,0.0,0.0,17.0
4851328347545315,wemedia,risk,#新冠后遗症# 一天24个小时有20个小时想卧床不起 被子温暖地包住我让我好像重回故乡 如果问我想要什么样的生活 那就是去到和床相处得更久的地方,72.0,0.0,0.046875,0.03125,72.0
4851334581327170,wemedia,risk,新冠好了总觉得浑身不得劲儿，怎么吃才能改善？#微博健康公开课##涨知识##新冠后遗症# L疤痕医生李淑敏的微博视频,57.0,0.017543859649122806,0.0,0.0,57.0
4851563355704614,wemedia,risk,我的新冠后遗症大概就是嗜睡吧 天天感觉怎么睡都睡不醒#新冠后遗症#,33.0,0.0,0.03333333333333333,0.0,33.0
4851599148589283,wemedia,risk,#新冠后遗症# 好困啊，打开电脑就想睡觉，这是不是新冠后遗症,30.0,0.0,0.0,0.0,30.0
4851660042279980,wemedia,risk,我一直以为我的新冠后遗症是咳昨天晚上才发现我的新冠后遗症是我闻不到味道了——失去嗅觉#新冠后遗症#,49.0,0.0,0.08888888888888889,0.0,49.0
4851675871318228,wemedia,risk,不要说之前之后了，后遗症我到现在都还在咳#新冠后遗症# L章鱼熊猫金乐的微博视频,40.0,0.0,0.027777777777777776,0.0,40.0
4851693420815147,wemedia,risk,#新冠后遗症# 中招感染新冠病毒阳了已经第十二天了，半天偶尔还是会咳嗽一下，有痰。鼻子里面还有点鼻涕。前两天左耳朵里面疼一下，疼一下，现在听起声音来有点闷闷的，早晨用棉签捅了一下耳朵，发现棉签上带有一点血，应该是细菌感染引起了中耳炎。需要搞点消炎药了。,126.0,0.0,0.0,0.0,31.5
4851700651266647,mainstream,risk,大家杨康后遗症都是什么呢？#新冠后遗症##杨康后遗症# L君林天下国际商务的微博视频,42.0,0.023809523809523808,0.0,0.0,42.0
4851701376880712,wemedia,risk,好了以后一直想睡觉 有没有和我一样的宝子#新冠后遗症#,27.0,0.0,0.041666666666666664,0.0,27.0
4851728500917234,wemedia,risk,别人后遗症都是咳嗽嗓子疼，而我是胃口差，本就不大的饭量变得和小鸽子一样，终于知道为什么我胖不了了？！#新冠后遗症# 2石家庄,62.0,0.03225806451612903,0.037037037037037035,0.018518518518518517,31.0
4851739661967017,wemedia,risk,从15号发烧开始今天是第15天，核酸检测结果阴了！终于阳康了！这些天虽然没有症状但是内心忐忑 ，天天担心什么时候转阴！大家都放宽心做好防护措施！后遗症还是有的，有痰咳不出早起有点鼻塞。阳康后免疫系统还要修养。#阳康 ##核酸阳性第几天会转阴##新冠后遗症 ##新冠康复##核酸阴性# L我就是我-队长嗨郑州的微博视频,158.0,0.02531645569620253,0.015151515151515152,0.015151515151515152,26.333333333333332
4851926871310797,wemedia,risk,新冠后症状不仅存在于「生理」，也存在于「心理」，一方面是由于缺少定期运动给身体带来了「不安全感」，另一方面是害怕感染或二次感染的「焦虑感」。是感染前或是康复后，生活依旧要照常，加强免疫，注重个人防护和卫生，保持距离，始终是我们需要遵循的。相信健康的体能和正常的生活都会慢慢回来。先从增加运动频率开始，再增加运动持续时间，最后再增加运动强度。新冠康复不等于结束，更可能是「新冠后症状」的开始。对于跑者，不论是预防、感染、或是康复，每一个阶段都不能忽视，锻炼的目的是带来健康，不要因为对于新冠某一环节的忽视造成反向影响。跑步健身#新冠后遗症##新冠康复日记##运动就是坚持##超能新星汇##运动教室# #感染新冠两周后心肌会有反应#  LMr_少陵的微博视频 2北京,333.0,0.0,0.0035842293906810036,0.0035842293906810036,55.5
4851929895146316,wemedia,risk,一切都是新冠的错昨天上午网上开庭，法官咳嗽得厉害，都不容易呀我自己虽然转阴了几天，但是一直没什么精神，而且别人一听我说话，就觉得我还没完全恢复——喉咙还很不舒服下午去法官办公室交资料，另一个女孩子法官问到：你阳了好了没有？为了别让她产生被我阳的恐惧，也为了表示礼貌，我赶紧地：转阴了，好几天了后来才发现人家戴着耳机🎧打电话说着说着有些累了，坐着说话，开始吐槽：阳过之后，我觉得自己像个神经，有时觉得人生不过如此，万一高烧时一下没扛过去就这么挂掉了，太划不来；有时又觉得，上帝借由这个机会让我珍重时间和生命，以后不要虚度光阴，好好把专业知识琢磨好，做出事出来法官：还想什么学习，别想多了，放轻松些说着说着，我发现一件恐怖的事：天啦！我的戒指怎么不见了？！！！人家笑我：不是婚戒吧？我去，结婚时，三金一金都没得，哪里来的婚戒人家：很贵吧？我去，珍珠戒指能有好贵，但是，是有个人送我的，很重要，真不能丢呀会到哪里呢？中午用电饭锅煮饺子后洗碗时怕洗洁精沾到脱下来放到律所吧台上了？不会的吧？赶紧给财务小姐姐打电话她在吧台以及热水壶茶水间，没看到，担心我着急，让我别挂电话，在我办公室接着找在办公桌上看到了，帮我收到抽屉里至于为什么要脱下来放在办公桌上，为什么又没力气戴回来，我真的一点都记不起来了好了，晚上让别人给我送东西，转账后，闪送费也忘记付了幸好这个美女人好脾气好我大言不惭：真忘记了，新冠后遗症真是一千个理由里最好用的一个一切，都是新冠的错#新冠后遗症##新冠后遗症可持续数周数月甚至更长时间##感染新冠是什么体验#,658.0,0.016717325227963525,0.03747870528109029,0.0,54.833333333333336
4851941017918737,wemedia,risk,#新冠康复日记##新冠后遗症#谁能懂🐑康后只睡8.5H的痛苦，在地铁车厢吹着挨门边的风吹得眼睛刺痛，到公司楼下乘坐电梯被人狠狠推了一把，我闭眼呼吸能感觉我的心跳很快 2广州,86.0,0.0,0.02666666666666667,0.02666666666666667,86.0
4851963643298291,wemedia,risk,血氧仪用了好几天 一直都是99反倒佳明运动手表 从92到100波动哪个准呢#新冠后遗症##血氧仪##血氧饱和度为何如此重要#,62.0,0.0,0.0,0.06,62.0
4851977148702837,wemedia,risk,你以为转阴就好了然后就是各种后遗症，我这都好了一周多了，这两天又开始皮肤过敏了来都来了再验个血看看身体指标吧#新冠后遗症# 2上海,65.0,0.0,0.016666666666666666,0.016666666666666666,65.0
4852010099410487,wemedia,risk,日常今天来说说🐏后的后遗症。大人:偶尔咳嗽两声，不能太累， 不能做大运动，昨天追了孩子几圈之后，心脏一阵刺痛，过程大概两个多小时，休息躺平之后，就缓解了，问了女性朋友，同样也发生过， 尤其本身就有心脏问题的女性朋友，更应该注意一下，好多男性朋友说，爬楼梯，上喘不接下气，根本爬不了太高的楼梯了，而且医院现在属于爆满，普通感冒不至于去医院，医院都是吃了普通感冒药没有作用才去的，我这两天就属于拖地都不行，拖个地，就心慌，心累，必须马上休息。孩子:朋友家孩子，断断续续咳嗽了半个多月，昨天一起玩了之后，晚上咳嗽加重，之前咳嗽再严重都没事，今天一查，支气管肺炎，要求住院输液，但医院小朋友太多，自己买药回家做雾化，观察两天看看。自己家孩子，目前只发烧一天，没有一次咳嗽流鼻涕什么的，所以每天也是在观察，好了之后没有其他症状，但是掉头发，孩子掉头发，以前都不会，偶尔扎头发能扯掉几根，但不会这么被动的掉很多。提醒大家，家🈶孩子的，一定要多注意一下，半个月之内，最好不要让孩子太活跃了，少蹦蹦跳跳一些，以免出现不良情况，🐏的过程出现发烧流鼻涕，避免洗澡🚿，可以毛巾擦拭，每天给孩子海盐水洗鼻子，清理鼻腔，不管有没有流鼻涕，都可以洗，尤其出门和进门，都要洗一洗，避免打喷嚏的时候，可能引起肺部不适，导致咳嗽，在家多喝水，吃水果蔬菜。#新冠后遗症##咳嗽不停是不是新冠感染在加重##阳了洗澡会不会加重症状#,597.0,0.0,0.005825242718446602,0.0,119.4
4852110350358840,wemedia,risk,#如果阳了怎么办##抗疫行动##医行天下##新冠病毒中医预防药方##孩子阳了后如何退烧##长新冠##新冠后遗症# 近三年来看诊的一万多人次新冠患者中，喵后不适、多次感染的不少。长新冠综合症的确存在且难以在短期内消除，中药对症治疗的效果非常显著。其实，喵后不适/长新冠的治疗与新冠感染者相同。通过公众号300多篇相关文章及患者反馈，与大家分享了此病的病因、原理和治疗方案，以及日常防护和养生保健。祝愿大家身心健康，顺利度过疫情期，早日战胜新冠、喵后不适或长新冠综合症。O后遗症 | 转阴不代表根治O网页链接O顽固后遗症持续一年，彻底治愈只消一月半,272.0,0.0,0.0,0.00425531914893617,54.4
4852120408824396,wemedia,risk,“阳康”以后除了严重干咳以及身体上的乏力之外，更大的一个心理变化是郁郁寡欢，患得患失。每天早上一睁眼就很恍惚，分不清是梦境还是现实，就觉得生活太难了。。。翻看2019年的照片和视频，仿佛上个世纪一般。当今天拧瓶盖儿都没有力气拧开的时候，心态彻底崩了。#中青年阳了7天内会发生什么##转阴后咳嗽是一个打扫战场过程##新冠康复日记##新冠后遗症#,171.0,0.0,0.0,0.0136986301369863,28.5
4852206001455747,wemedia,risk,#新冠后遗症# 现在是凌晨2点42分我还没有睡着自从阳性以后，我发现自己开始失眠奇怪的是，生病时，是难受的睡不着，现在是没有睡意，睡不着。以前我总是十点多就困，基本上十一点多就睡着了。现在一直#失眠怎么办#,103.0,0.0,0.0449438202247191,0.02247191011235955,51.5
4852306958362057,wemedia,risk,我耳鸣了 无所谓 以后我会把我身体出现的所有异常状况归结为#新冠后遗症#,36.0,0.0,0.09375,0.0,36.0
4852310666121450,wemedia,risk,#长新冠##新冠后遗症#新冠转阴后一周，出现心慌、胸闷状况，去医院检查，医生说近期因为这种情况来看病的挺多的，做个检查吧，心肌酶、心电图、心脏彩超…虽然有心跳快、心脏隐痛的情况，但检查结果显示没有问题，应该是新冠导致的，还没有好利索。呼吸科更是热火朝天，医生问了两句，就说去拍个片子吧，医生也是轻车熟路。医生说感染了新冠要多休息，可是不能不上班啊，问问医生怎么办，医生说没办法，他们更是要上班，加班…,200.0,0.0,0.0,0.0,100.0
4852310834158017,mainstream,risk,#新冠后遗症##长新冠##新冠肺炎治愈后是否有后遗症# 【新冠会增加长期脑部问题的风险】最近的一项研究发现，冠状病毒的确会对大脑有一些影响。研究人员设置了3组人群：第一组是2020年3月1日~2021年1月15日内感染新冠，且在感染后前30天内存活下来的人，共15.4万人；第二组是在同一时间段内没有感染新冠的560多万人，作为对照组；第三组是在2018年3月至2019年12月31日期间的580多万人，作为新冠病毒感染前的历史对照组。三组人群的数据均来自美国最大的综合医疗保健系统，研究人员通过汇总分析他们的大脑健康状况，发现新冠患者：1、会出现记忆问题记忆问题，是最常见的长期新冠症状之一。与对照组相比，感染病毒的患者出现记忆问题的风险增加了77% 。2、患阿尔茨海默病的风险增加。与对照组相比，每1000名新冠患者患上阿尔茨海默症的数量增加了两例。有阿尔茨海默症倾向的人，可能会更快患上这种疾病。3、患缺血性中风的风险高50%。一些研究表明，新冠病毒会攻击血管内壁，然后引发中风或癫痫。这有助于解释为什么没有危险因素的人会突然中风。患癫痫的可能性高80%；患焦虑或抑郁等精神健康疾病的可能性高43%；患轻度至重度头痛的可能性高35%；患运动障碍的可能性高42%，包括无意识的肌肉收缩、震颤和其他类似帕金森症的症状；出现视力模糊、眼睛干涩和视网膜炎症等眼部问题的可能性也增加了30%；出现耳鸣或听力异常的可能性增加了22%。总之，新冠患者患上一系列神经系统疾病的风险有所增加，包括中风、认知和记忆问题、抑郁、焦虑和偏头痛等。,664.0,0.0,0.0,0.04938271604938271,34.94736842105263
4852359420706919,mainstream,risk,#新冠后遗症# #长新冠# #专家称第二波疫情风暴会很低# 【新冠提高患糖尿病的风险】一篇2022年9月发表的文献综述，里面探究了新冠对糖尿病患者，以及有患糖尿病高危因素的人群的影响。研究人员发现，冠状病毒会和糖尿病相互影响，导致病情更加复杂，且更容易出现并发症，相关的机制有：· 葡萄糖水平升高，导致氧化应激和炎症；· 新冠病毒会结合腺泡细胞上的血管紧张素转换酶，引起组织损伤；· 高血糖会抑制淋巴细胞增殖，而新冠病毒会通过分泌糖皮质激素和儿茶酚胺，引发糖尿病患者更高的应激反应和葡萄糖水平，进而导致免疫功能受损，增加潜在感染风险。同时，对于糖尿病前期和有患糖尿病高危因素的人群来说，新冠病毒也会增加他们患糖尿病的风险。研究人员发现新冠病毒会影响血液中的细胞成分，加重炎症、高血糖水平和胰岛素抵抗，进而导致分泌胰岛素的胰岛β细胞受损，增加患糖尿病的风险。新冠病毒可能会对患者产生三大长期影响：一是认知功能障碍，可能会导致老年痴呆症；二是增强糖尿病前期患者患糖尿病的风险；三是会加重糖尿病的并发症，比如心肌病或肌肉功能障碍。,462.0,0.0,0.0,0.004878048780487805,51.333333333333336
4852393957134672,mainstream,risk,#恢复期9类健康问题如何应对# 新冠病毒感染者恢复期人群目前主要存在以下健康问题：呼吸急促、体力活动与锻炼受限、体力下降和疲劳感、声音嘶哑与咳嗽、吞咽问题、嗅觉味觉问题、焦虑抑郁和睡眠问题、身体疼痛等。我们推荐使用瑞士呼吸芳疗养生套餐--贺荷阿萝玛全天然鼻吸棒进行嗅觉训练。 #多数嗅觉味觉下降一个月内会恢复# 面对疫情，不必恐慌。让我们用植物精油的力量，守护您的健康! 贺荷阿萝玛AromaStick全天然鼻吸棒，从纯天然、有机植物精油提取，获有专利的罐装、悬浮过滤技术、多年临床研究结果、超过500名医生和药剂师的撰写报告……是瞬间起作用的瑞士天然鼻吸棒，让您立即感受大自然的力量。且小巧便携，方便您随时随地使用。❄❄❄健康从呼吸开始！我的生活，用我自己的AromaStick!❄❄❄#瑞士##鼻吸棒##呼吸养生##精油芳疗##健康从呼吸开始# #防疫# #新冠后遗症#,387.0,0.007751937984496124,0.016339869281045753,0.006535947712418301,48.375
4852418766181375,mainstream,risk,阳康后洗头掉发严重？脱发株？恢复发量看这里#女子阳后9天洗头掉发如毛线团##新冠后遗症##丝科慕#,49.0,0.04081632653061224,0.0,0.024390243902439025,24.5
4852504296426819,wemedia,risk,#新冠后遗症#转阴之后第5天，前面连续两天开庭体力基本耗尽！新冠后的乏力确实无解。其他症状咳嗽依然咳到了现在，伴随着胸闷，着实难受！失眠的感觉说实话真的不好！平时11点睡觉，这几天不到3点绝对睡不着！每天4个小时的睡眠乏力想摆脱都摆脱不掉。其他后遗症减轻不少，最起码嗅觉恢复了，感觉好了很多。,146.0,0.0273972602739726,0.0,0.03076923076923077,20.857142857142858
4852516963228868,wemedia,risk,#新冠后遗症# 我真服了，真的离谱死了我的后遗症竟然是吃所有点肉都是松花蛋的味道，我和我妈都一样，一开始还以为是肉坏了，啊啊啊吃不了肉你还不如把我杀了,75.0,0.0,0.07352941176470588,0.0,75.0
4852559872001406,wemedia,risk,#新冠后遗症#失眠算不算我要疯了…,17.0,0.0,0.07142857142857142,0.0,17.0
4852580985078572,wemedia,risk,#失眠##新冠后遗症# 记录干瞪眼的日子  专家你出来解释一下 这是小感冒？,38.0,0.02631578947368421,0.0,0.0,38.0
4852665937036877,mainstream,risk,#新冠后遗症# #长新冠# #新冠肺炎治愈后是否有后遗症# 【新冠感染后会影响心理健康？】2022年发表在《柳叶刀精神病学》的一篇论文，就探究了新冠对人的心理健康和生活满意度的影响。这项研究的数据来自2020年4月~2021年4月的11项研究，包含54442名感染过新冠和未感染过新冠的参与者。参与者最低年龄为16岁，最高年龄为90岁以上，其中61.0%为女性，39.0%为男性。研究人员统计并分析了他们的心理困扰程度、抑郁水平、焦虑水平以及生活满意度，结果发现： [魔法信件]自我报告感染了新冠的患者，有着更高的心理困扰程度、抑郁水平和焦虑水平，且生活满意度更低；[魔法信件]所有年龄组中，新冠对老年人的心理健康影响最大，50岁及以上，自我报告感染的人群心理健康程度更差，因为他们会更加担忧自己的健康状况；[魔法信件]自我报告感染新冠、但血清呈阴性的参与者，比没有自我报告感染且血清呈阴性参与者的心理健康水平更差，也就是说，「以为自己阳了，其实没阳」也会产生较大的心理负担；[魔法信件]新冠对心理健康产生的不利影响，没有因为时间的推移而减少，潜在影响持久，且可能需要较长时间的心理治疗。,494.0,0.0020242914979757085,0.014492753623188406,0.028985507246376812,61.75
4852715395747964,wemedia,risk,你得的是什么猪？#新冠康复日记##新冠后遗症# L小伍的移动面包的微博视频,37.0,0.02702702702702703,0.0,0.0,37.0
4852762557286651,wemedia,risk,感染新冠病毒前后男子精子的变化O网页链接#疫情防控##新冠后遗症#,33.0,0.0,0.0,0.0,33.0
4852775323702400,mainstream,risk,肿瘤患者“阳了”后症状会更严重吗？医院现有肿瘤患者如何治疗？浙江省肿瘤医院最新解答#肿瘤患者##新冠后遗症# L杭州24小时的微博视频,67.0,0.029850746268656716,0.0,0.017543859649122806,33.5
4853010805298339,wemedia,risk,#2023第1天##2023新年心愿# 今天终于感觉气能喘匀乎了。在2022最后几天把自己从生命悬崖救了回来。希望家人们都平安健康，得皆所愿。单亲妈妈80后#新冠后遗症#,87.0,0.0,0.015625,0.078125,29.0
4853506870349736,wemedia,risk,#新冠后遗症# 前两天以为扁桃体发炎 今天终于测到弱阳 还是没有逃过 没有发烧 晚上有点水泥鼻 偶尔咳 少痰 嗅觉和味觉 暂时失去 香水味道闻不到 甜的发腻的奥利奥没感知 希望自己赶紧好起来吧,96.0,0.0,0.012195121951219513,0.0,96.0
4853552399007381,wemedia,risk,#新冠后遗症# 新冠感染好了，但是无嗅觉，下午偷着抽了颗烟，结果感觉抽了个寂寞，啥味儿没有，就感觉自己叼着跟纸棍嘬了几口，,61.0,0.0,0.019230769230769232,0.0,61.0
4853607473619176,wemedia,risk,#新冠后遗症# 有杨康后睡眠质量下降的吗,20.0,0.0,0.0,0.0,20.0
4853724666661052,wemedia,risk,新冠感染后，很多人担心在恢复运动时出现危险，世卫组织的专业建议，吕铮老师一次性详细解读，内容很长，干货满满，请看官们耐心观看。#吕铮老师的文献解读# 运动康复 #新冠康复日记# #关注新冠肺炎# 跑步 运动 #新冠后遗症# #阳过后小心病毒性心肌炎# @百迈康诺运动康复中心 @奥运私人教练沈韦羲 @康复医学治疗师赵炳楠 @SportsPT洪大侠 @运动康复治疗师-邢剑 @扣子聊关节 @运动康复治疗师葛杰 @运动康复治疗师马驰明 L骨科康复师吕铮的微博视频,232.0,0.0,0.0,0.0,232.0
4853766820470115,wemedia,risk,#新冠后遗症# 我的小锤敲骨头比别人来的晚太多了,24.0,0.0,0.047619047619047616,0.0,24.0
4853782960148306,wemedia,risk,新冠转阴康复后的后遗症：对大多数人来讲，就像是大病初愈一样。不少网友形容这次不幸阳过，又阳康转阴后的感觉，虽然转阴已经7天，甚至更长时间了，但依旧是浑身无力，不要说干活了，就算是下个楼，扔个垃圾，打个水，买点儿菜回来，就气喘吁吁，感觉要晕过去一样。而且，我们也看到了自媒体上曝出，真的晕过去，瘫坐甚至瘫倒在地的案例分享，好在，就是力竭，静坐静躺一会儿，就好了。这让我想起了两个词：大病初愈，元气大伤。真的是这样，新冠康复之后，也就是阳转阴康复后，这次对于相当一部分，也可以说是绝大多数人来讲，还有一个“养”身体的过程。就好比，大病初愈，医生写出院医嘱：在家休息一周，一个月，甚至更长时间。保守估计，新冠康复后，至少需要休息，不干体力活，不恢复正常工作，让自己有一周到两周的“休养”期，加强防护期，否则，这期间更容易复阳，甚至出现其他身体问题。对于后遗症更明显的人，恐怕这个休息时间，得延长到一个月。这一点，确实是大家始料未及的。不得不说，这就是无常的生活啊。#新冠康复# #新冠后遗症#,443.0,0.0,0.0079155672823219,0.002638522427440633,44.3
4853809744721029,wemedia,risk,#新冠后遗症# 鼻塞、卡痰、流鼻涕，怎样才能好啊 2太原,28.0,0.0,0.0,0.047619047619047616,28.0
4853815931044047,wemedia,risk,杨康后“坐月子”是夸大其词么？#记录真实生活##内容过于真实##阳康多久可以返岗##给阳过阳康们的指南##阳过阳康的真实感受##新冠后遗症##新冠后如何恢复# 2上海 LEllenfish的微博视频,99.0,0.010101010101010102,0.0,0.014084507042253521,99.0
4853817302324257,mainstream,risk,#脑雾# #新冠后遗症# #阳康后为什么会出现脑雾# #阳康多久可以返岗# #成马大健康网# 大健康 最近，脑雾（brain fog ）这个话题引起广泛的关注，甚至冲上热搜榜第一，甚至有研究者，给出了发生脑雾的机制。发布了头条文章：《感染新冠病毒容易得脑雾吗？》  O感染新冠病毒容易得脑雾吗？,148.0,0.013513513513513514,0.0,0.0,49.333333333333336
4853824713393354,wemedia,risk,想问问各位有跟我一样只能弓着背才舒服一点，时间长了还觉得喘不过气后背像压了一块大石头走几步就虚汗，头昏，眼睛疲劳眼压高，整个人一整天精力只能支持一两个小时剩下时间都虚弱不堪这种情况去医院能给恢复好么？#合肥疫情##新冠后遗症# 2合肥·华润万象城,123.0,0.008130081300813009,0.008928571428571428,0.008928571428571428,123.0
4853842942107557,mainstream,risk,#新冠后遗症# 有没有#阳康# 了的朋友，出现了这些症状：总是犯困、脑子转不动、注意力无法集中！也许你是#脑雾# 啦！这时我们可以通过从食物中大量摄入#DHA# 等不饱和脂肪酸，来提高中枢神经系统中的DHA浓度，从而起到改善“脑雾”的效果。比如平时多吃沙丁鱼、鲔鱼、三文鱼、金枪鱼、秋刀鱼等富含DHA的深海鱼。[锦鲤附体]除了食补，直接吃DHA补充剂也是很好的选择。比如：#康麦斯牌忆立清胶囊# 。一粒忆立清胶囊就含有244mgDHA，不管是阳过后被脑雾影响生活，还是日常用脑强度大，用它来补充DHA都很适合哦！,256.0,0.01171875,0.005050505050505051,0.005050505050505051,36.57142857142857
4853874206183241,mainstream,risk,发布了头条文章：《新冠感染者转阴后的注意事项！！转阴不是结束！》 #新冠防疫手册# #新冠疫情# #奥密克戎如何防护# #新冠新毒株大概率已进入印度# #感染新冠是什么体验# #新冠后遗症#  O新冠感染者转阴后的注意事项！！转阴不是结束！,120.0,0.05,0.0,0.0,20.0
4853902812119215,wemedia,risk,新冠转阴后1-2周，这样做，彻底清除病毒！医学期刊Nature近日发表的论文指出，在感染初代新冠病毒230天后，仍能从脑部检查出病毒。这意味着：1.发烧并不是坏事，是身体清除病毒的过程。2.这提醒我们，转阴后的1~2个星期，我们应该帮助身体更彻底清除病毒，这是不复发的关键。怎么做呢？大家根据以下2类状况，这样做：记得点赞收藏起来1、出虚汗、心慌 Nature最新发表的论文指出，除了肺，新冠攻击最多的是心肌、神经组织，转阴只代表你不向外排毒，并不代表身体内的病毒彻底消失。中医讲汗为心之液，当心肺功能不足，心脏容易缺氧，就会出汗。同样，心慌是心肌无力的表现，出现这些症状一定要休息。此外，可以用人参炖鸡汤。人参入心经，补心气，让心跳更有力。容易上火的人日常可以用西洋参。心慌的可以用辅酶Q10来帮助心肌细胞更好产生ATP，提升心脏功能。2、疲劳、脑雾第二类的后遗症，是疲劳、总是提不起精神，脑的思考能力，大打折扣，就所谓脑雾。这些人，跨下站起来还会头晕。根源可能是肾上腺透支了。身体在对抗病毒感染时会引发炎症，像发热、小刀刺嗓子都是典型的炎症反应。而肾上腺会分泌抗炎激素糖皮质醇，它抑制身体的炎症，防止炎症风暴对身体的损伤。所以想要解决脑雾、慢性疲劳，必须要恢复肾上腺生成皮质醇的能力。建议大家：1)吃足胆固醇、B族维生素，它们是皮质醇合成的原材料，可以每天吃1~2个鸡蛋，每周吃一块猪肝。2)避免引发炎症的食物，不要身体刚恢复就急着干饭，尤其是那些油炸、包装的含有反式脂肪酸的食物，会加重身体的炎症，这对本身就虚弱的肾上腺是一种负担。建议在每天补充维生素D之后再补充一粒鱼油，或者吃一点姜黄素、花青素、益生菌这些抗炎成分。3)稳定血糖，皮质醇还有维持血糖、血压的作用，当血糖、血压偏低时，皮质醇就会升高血糖、血压。低血糖对皮质醇缺乏是很大的刺激，所以恢复期尽量不要吃面包、粥这类容易导致血糖忽高忽低的食物，容易加剧疲劳。另外由于血压很受体态的影响，也要叮嘱家里的老人，康复后切忌起身过猛，容易低血压头晕，摔倒。4)避免咖啡因，酒精。不要急着用咖啡因来提神，咖啡因会压榨肾上腺，来提升注意力。可以用甘草茶来替代，甘草是一种可以提升肾上腺功能的草药，可以提升精力，升高偏低的血压，但是高血压的人不能喝。同样酒精对肾上腺刺激非常大，醒酒后身体会很虚弱，跟身体刚转阴的感觉很像，一定不能喝酒。5)放开吃喝前先看看舌苔，很多人好转后发现舌苔比以前厚腻，黄了，说明身体有湿热，说明胃肠道功能很差，吃进来的营养根本吸收不了，成了垃圾。这时候你需要的不是补，而是少吃大鱼大肉，让脾胃休息休息，适当轻断食来启动细胞自噬打扫身体的垃圾，晚上用花椒熬水泡泡脚，帮身体祛湿会好的更快。6)最后，一定要睡足够的觉！这次感染，让我知道，最管用的真不是布洛芬、连花清瘟，而是睡觉。#阳康后为什么会出现脑雾##新冠后遗症##新冠康复日记##新冠肺炎防治营养膳食指导# L静姐姐吃的学问的微博视频,1233.0,0.0024330900243309003,0.0028011204481792717,0.017740429505135387,38.53125
4853904393113560,mainstream,risk,新冠羊了会导致tuo发吗？最近很多宝宝跟伊伊说，新冠阳了，好不容易熬过全身疼痛、水泥封鼻、宝娟环节后，没想到被”tuo发“搞破防了~[流泪][流泪][流泪]其实，大家不用太过担心。咱们得了新冠后，会有几天不洗头，因为不洗头而导致的掉发是咱们的头发正常代谢哦。另外也有部分原因是因为咱们得新冠期间，身体比较虚弱引起的。当然咱们精神紧张也会导致头发diao落哦~那么肯定会有人问，已经掉发了怎么办呀？🤔听伊伊说🔊🌟首先，保持身心舒畅、尽量不要太过紧张🌟其次，在饮食上，也可以吃一些营养丰富的食物，比如奶类、肉类等🌟另外，咱们也得做好头部清洁工作。建议用一些防tuo类的洗护用品。比如可以用用咱们家的生姜防tuo洗发水和育发液，改善咱们的头皮环境。头皮环境好了，才能稳住发根不掉发哟~希望大家保护好自己苟到”天命圈“，坚挺到zui后，头发也是~👩‍🦰 #脱发# #新冠后遗症# #新冠康复日记# #感染新冠后为什么会脱发#,408.0,0.004901960784313725,0.0030120481927710845,0.0,51.0
4853913175983349,wemedia,risk,#新冠后遗症# 有人知道心跳110 用去测心肌酶吗 心脏扑通扑通扑通太有存在感了,40.0,0.0,0.0,0.030303030303030304,40.0
4853984626213563,wemedia,risk,#新冠后遗症#大概我阳的那几天睡多了，我现在是一点也不困啊还有我还是咳嗽还是有痰，还很容易饿，但是吃几口就不想吃了什么时候才能好起来啊,67.0,0.0,0.04838709677419355,0.0,67.0
4854010026395831,wemedia,risk,本来想计划2023呢可是 yang过之后感觉额就这么过吧活着一天算一天今天看小红书也有这样感受的人所以这是后遗症吗？#奥米克戎##新冠后遗症# 所以我还要计划23吗,82.0,0.012195121951219513,0.014705882352941176,0.029411764705882353,82.0
4854192910372782,mainstream,risk,为防止焦虑情绪蔓延，让大家更科学地认识到新冠病毒，正确认识阳后对男性生殖系统的影响，提供阳后正确的生活指引，云商会举办以“浅谈新冠与男性生殖健康”为主题的线上健康讲座。新冠 #新冠后遗症#  O云商会线上健康科普讲座即将开讲 专家浅谈新冠与男性生殖健康,127.0,0.0,0.0,0.0,127.0
4854232400534754,wemedia,risk,#新冠后遗症# O杭州一车主高速驾车逆行引发事故，家属称其染新冠后记忆减退,37.0,0.0,0.0,0.0,37.0
4854233117756697,mainstream,risk,发布了头条文章：《老是记不住，是体内的瘀血阻挡了你的记忆》 #因记性差发生过哪些糗事# #新冠后遗症# #记忆力衰退# #记性能差到什么地步#  O老是记不住，是体内的瘀血阻挡了你的记忆,93.0,0.0,0.0,0.0,93.0
4854242530306011,mainstream,risk,【那些肿瘤患者没有挺过这个冬天，如何避免悲剧发生？】最近群里有多位抗癌成功的患者却因为新冠去世？肿瘤患者和家属应该如何尽量避免悲剧发生？  L熊猫和朋友们的微博视频 #胃癌# #肿瘤防治科普# #肿瘤# 肿瘤#肠癌# #结直肠癌在身边# #科学就医我行动# #癌症# 癌症#新冠# #新冠后遗症# #阳后有必要拍肺部ct吗# #中青年阳了7天内会发生什么# #保护好老人及有基础病的家人# #微博健康# #微博健康公开课# #微博健康讲堂# #微博健康在关注# #微博健康锦鲤护体# #微博健康达人#,252.0,0.011904761904761904,0.0053475935828877,0.0053475935828877,84.0
4854255854820530,wemedia,risk,#新冠后遗症# 吃啥都是苦的   闻啥都是臭的   饭都吃不下了   勉强吧菜吃完了,42.0,0.0,0.0,0.0,42.0
4854263220540482,mainstream,risk,看着每次洗头时下水池一簇簇的头发，不知道有没有人和言言一样，感觉“阳康”后的脱发量明显高于平常？甚至还有科学家把休止期脱发，明确归类到了新冠后遗症之一来研究。看到这里，言言真是有些慌了神。新冠后遗症到底有哪些，真的会导致脱发吗？还有人说新冠后的脱发在女性中发病率更高？别着急，虽然种种数据被石锤，但当我们知己知彼就能告别焦虑！#阳康后脱发# #新冠后遗症# #休止期脱发# O你正大量脱发吗？这可能是更可怕的新冠后遗症！,210.0,0.02857142857142857,0.005434782608695652,0.0,26.25
4854276633400051,wemedia,risk,阳康后10大后遗症，你目前在经历啥？#健康科普##新冠病毒##新冠后遗症# 2北京 L中医王博士的微博视频,53.0,0.018867924528301886,0.0,0.047619047619047616,53.0
4854279652773696,wemedia,risk,后遗症来了，我天生的#双眼皮# 竟然有痕了，原来没有的！#新冠后遗症##运载46万盒连花清瘟货车高速上起火#,54.0,0.018518518518518517,0.023255813953488372,0.023255813953488372,54.0
4854324134157707,wemedia,risk,#新冠后遗症可持续数周数月甚至更长时间##新冠后遗症# 新冠后遗症我也中招了，咳嗽、失眠、乏力、爬个楼能喘半天，一天到晚困困困，还有日常emo，不想出门只想摆烂……也有不少人说，她们的后遗症是失眠、还有大姨妈紊乱，你们有后遗症吗？,115.0,0.008695652173913044,0.010526315789473684,0.0,115.0
4854335643846167,wemedia,risk,#感染新冠会影响记忆力吗#【杭州一车主高速驾车逆行引发事故，家属称其染新冠后记忆减退】#男子高速逆行家属称阳康后记忆力减退# 家属称一周前男子感染新冠，现在明显感觉他记忆力减退，语无伦次，出事故家人也很后悔。交警判定罚200扣12分，扣留驾驶证，发放满分学习通知书。一朋友新冠后体检做CT，发现肺部纹理增多、有炎症～～#新冠后遗症#,166.0,0.0,0.0,0.014184397163120567,83.0
4854338109572818,wemedia,risk,今天真的累到爆了💥不知道是不是#新冠后遗症# 今天还没走多少路就撑不住了，每次都要休息一阵子才能再继续！今天去拍了CT、办了延期、和医生沟通完顺便做了个检查。确定了下一次移植的时间。医生看了看之前的检查记录，按理说成功率应该挺高，但不知道为什么没成！好在还有优质的胚胎和囊胚。今天医生还问我，想要一个还是两个？我说想要两个（虽然我嘴上说只要一个😂），罪受都受了，最好是两个只是不想再经历取卵，真的太痛苦了，医生说不会，这些足够了！今天碰到了同一天取卵的姐妹，移植当天没见到她，那时候她就已经取了4次了，但也是没成功。这次是她又一次移植了，今天碰到她是在等结果，但是她说应该是失败了，她自己没测到，说估计又要继续促了……她是和我们同一天，唯一一个不打麻药就取卵的，我不知道那是种什么感受反正下了手术台，她蹦蹦哒哒就回家了PS：今天看了别人11周➕2的B超单子，医生说都能看到人形了，小小的，我第一次见！,400.0,0.0125,0.019830028328611898,0.0084985835694051,44.44444444444444
4854401036451940,wemedia,risk,新冠痛了两天以后一直到现在平时也没怎么咳了（快两周了），今天突然半夜嗓子痒醒，忍不住想咳的那种，好担心自己会死掉#新冠康复日记##新冠后遗症##新冠康复期要注意什么#,83.0,0.0,0.013888888888888888,0.0,83.0
4854477502285079,wemedia,risk,今早追着车跑了10到20米，其实并不快，就是比走快了那么一点点🤏感觉心脏都要蹦出来了，坐上车测心率，2分钟前151次/分钟，过了一会从151降到132降到104降到96，才没有了那种心脏要蹦出来的感觉自从“杨康”以后，心率明显比以前要快很多，坐着不动，心率都能跳到85上下，不知道有没有和我感觉一样的#新冠后遗症#,157.0,0.0,0.007751937984496124,0.06976744186046512,157.0
4854541802281103,wemedia,risk,#新冠后遗症# 有没有人阳康后还头晕的？,20.0,0.05,0.0,0.0,20.0
4854541840026248,wemedia,risk,#新冠后遗症#食欲不振，偶尔会咳嗽,17.0,0.0,0.0,0.0,17.0
4854582192636753,mainstream,risk,发布了头条文章：《“阳后”异常出血？月经紊乱？异常漏尿？...是新冠后遗症？》 女子阳后子宫异常出血、异常漏尿、月经紊乱... 是新冠后遗症？还是身体在报警？背后隐藏着哪些危险因素？详解来了~#阳康# #新冠病毒# #新冠后遗症# #妇科病# #徐州瑞博医院#  O“阳后”异常出血？月经紊乱？异常漏尿？...是新冠后遗症？,162.0,0.06790123456790123,0.0,0.0,14.727272727272727
4854602233026271,wemedia,risk,#新冠后遗症# 转阴10多天了，工作稍微忙点，就开始头晕，而且至少半天以上，第二天才会有所恢复！以前也经常头痛头晕，但从来没这么严重，头晕到没法干活！啥时才能恢复正常状态,85.0,0.023529411764705882,0.0,0.0136986301369863,42.5
4854616737189341,mainstream,risk,发布了头条文章：《国外研究发现：感染新冠可致眼病》 #新冠后遗症# #疫情#  O国外研究发现：感染新冠可致眼病,56.0,0.0,0.0,0.0,56.0
4854713273550609,wemedia,risk,#阳之后的症状#我今天又发现一个症状，不能提重东西，提完之后，我就手腕上面一截痛，以前两只手提，都没有问题，现在稍微干点体力活，不是这痛就是哪儿痛，不能跑不能跳的，比我生完孩子还虚弱，这得多久才能彻底恢复啊。#新冠后遗症#,111.0,0.0,0.03125,0.0,111.0
4854817619445607,mainstream,risk,发布了头条文章：《硬科普 | 就怕病毒走了“心”，心肌炎真能要命！》 #阳过后小心病毒性心肌炎# #阳过后你有心肌炎症状吗# #心肌炎# #新冠后遗症# #新冠肺炎#  O硬科普 | 就怕病毒走了“心”，心肌炎真能要命！,110.0,0.01818181818181818,0.0,0.0,55.0
4854837155467188,wemedia,risk,阳康后十天左右牙龈肿痛睡不着觉，大家有没有这种现象？北京#新冠肺炎##新冠康复日记##新冠##新冠后遗症#,54.0,0.018518518518518517,0.0,0.0,54.0
4854842868630371,mainstream,risk,阳过之后总是感觉迷迷糊糊？做什么事情都提不起精神？前脚说完后脚就忘了？你可能是得了冲上热搜的“脑雾”——后遗症...莲记禾小金盾 喝起来吧！除了超级水果沙棘，特别添加新资源食品：【PQQ】——被称为大脑的营养 对记忆力减退、精神不集中有改善～#健康生活# #健康# #新冠后遗症# #提高免疫力#,148.0,0.02702702702702703,0.0,0.0,37.0
4854853869765292,wemedia,risk,有🐏后上半背疼的吗，至今嗅觉味觉还没有完全恢复，虽然没有去确诊，但是种种症状都应了#味觉嗅觉减退是阳后遗症吗##新冠后遗症#,62.0,0.0,0.0,0.0,62.0
4854865454960888,wemedia,risk,#新冠后遗症# 有人阳康后大腿后面疼吗拉伸很疼,23.0,0.0,0.0,0.0,23.0
4854872735744712,wemedia,risk,新冠后，很多人出虚汗、心慌，可以用《伤寒论》中的方子来治！       新冠这段时间以来，从临床来看，各种后遗症都有。特别是心慌、出虚汗的比较多！       为啥新冠后会出现心慌这个症状呢？       综合最近各种渠道得到的信息，可能有以下两个原因：       第一，有可能这次的新冠病毒对心肌有一定的侵害（媒体报导不少了），这导致心慌问题的发生。       第二，是大家发烧期间，很多人都吃布洛芬，吃完布洛芬后，会大量出汗，而汗为心之液，出汗过多，就会损伤心脏，出现心慌。       上述第二种情况，应该是很多的，当时看了一个报道，说全国每天要消耗4亿片布洛芬，这是多么大的量，很多人就因为这样发汗导致心慌了。       比如有一个病号，就说当时发烧怕冷，就吃了两片布洛芬，盖上被子发汗。结果浑身出汗，胸部、腹部、大腿、背部全是汗，被子都被打湿了。虽然退烧了，但是从此留下心慌症状，都持续半个月了，非常难受，平时坐着都心慌。       看完他的描述，基本就是知道了对策，因为《伤寒论》中就讲到了这种情况。     《伤寒论》64条说：“发汗后，其人叉手自冒心，心下悸，欲得按者，桂枝甘草汤主之。”       这段话就是说，得了伤寒，病人浑身怕冷，医生给病人开了发汗散寒药，结果发汗后，病人心慌严重，得用双手交叉，按在心脏上面才觉舒服，对这种病症，就得用桂枝甘草汤治疗。      《伤寒论》第118条也说：“火逆。下之，因烧针烦躁者，桂枝甘草龙骨牡蛎汤主之。”       这一条更猛，是说医生为了给病人治疗伤寒怕冷，用的是火法，这个火法有很多，其中有一种，叫做烧针，就是医生把针灸烧红了给病人扎，病人见了烧的通红的针要扎自己，吓得浑身出汗，等医生再一扎进去强刺激，病人更是大量出汗。       这样操作，虽然出汗了、退烧了，但是病人从此出现了烦躁的症状，这里的烦躁，就包括心慌、胆怯的那种感觉，心脏砰砰直跳，烦躁不安。       这两条，说的都是发汗太过，导致心慌的问题。       前面说过，“汗为心之液”，随着发汗过多，不但伤害了心液，还伤害了心阳。出汗伤心阴好理解，为什么出汗还会损害心阳呢？       因为汗液作为一种阴液，有承载阳气的作用，这叫“津能载气”，随着心液丢失，心脏的阳气也会随之耗散。      心阴、心阳耗损后，有什么后果呢？      中医讲，心藏神，心神就依靠心阴、心阳的滋养才能安稳。现在心阳、心阴都受损了，就会导致心神不安，于是出现心慌心悸。     《伤寒论》提出，对此可以用桂枝甘草汤，再加龙骨、牡蛎来治疗。       组方：炙甘草10克、桂枝15克、生龙骨30克、煅牡蛎30克。水煎服，每天三次。一共就4味药，非常简洁。       这个方子有什么作用呢？就是温补心阳、镇心安神的。      这就是桂枝甘草龙骨牡蛎汤，对于发汗后引起的心慌比较管用，治了这几十例，都反馈很有效果，吃个两三天心慌就好了。       发汗过多引起虚汗、心慌的，赶紧吃起来吧，而且这个药非常便宜。有心慌的、出虚汗的朋友，转发给他们用用吧。#虚汗##心慌##新冠##新冠后遗症##伤寒论#,1317.0,0.004555808656036446,0.0010162601626016261,0.008130081300813009,39.90909090909091
4854935377677337,wemedia,risk,不会吧，阳了竟然会变瞎，难道眼睛也会阳？#阳了##新冠病毒很可能存在眼部趋向性##新冠##新冠后遗症##新冠防疫手册# L花姐聊宫颈的微博视频,71.0,0.014084507042253521,0.0,0.0,71.0
4854964084281749,mainstream,risk,【#急性心肌炎# 是#新冠后遗症# 吗？#阳康后坐月子# 有必要吗？】网传新冠会后会出现急性心肌炎，这是真的吗？阳康后真的需要修养一个月吗？病后不运动科学吗？ L凤凰鉴证组FH的微博视频,93.0,0.053763440860215055,0.0,0.0,18.6
4854975006253763,wemedia,risk,#新冠后遗症#家人们阳康好了之后 现在嗓子经常痒 一直咳嗽但就算轻轻咳嗽都会干哕 这是后遗症吗还是复阳前兆,53.0,0.0,0.0,0.0,53.0
4855038122400272,wemedia,risk,友友们，我好像开始手抖了可能是#新冠后遗症# 包括但不限于：容易疲倦、醒得早；畏寒，喉咙有痰（但不咳嗽），刚才开始还手抖了。但是我一直测的都是一条杠，一个月了。症状还是有的，刚开始两天体温35.7度，头昏昏沉沉的，稍微活动就气喘，只是不发烧，难道我还在潜伏期？不要啊！这样我有没有抗体都不知道大家呢？如何了,153.0,0.0196078431372549,0.031007751937984496,0.007751937984496124,25.5
4855052876908552,wemedia,risk,#新冠后遗症#不知道为啥，但是我现在写字真的好丑啊，手真的不受我控制,34.0,0.0,0.06666666666666667,0.0,34.0
4855069986784923,wemedia,risk,新冠病毒感染对神经系统和生殖系统的影响，中医如何治疗和预防（一）#新冠##新冠后遗症##面瘫##小脑萎缩##早泄##中医##健康# L中医学与康复医学的小门徒的微博视频,84.0,0.0,0.0,0.0,84.0
4855184293626119,wemedia,risk,发布了头条文章：《长新冠 患病率和危险因素的相关讨论！》#新冠后遗症# #新冠病毒最可怕的后遗症# #微博健康公开课#  O长新冠 患病率和危险因素的相关讨论！,80.0,0.025,0.0,0.0,40.0
4855197639378698,wemedia,risk,#新冠# 小时候过年给同学们送贺卡，觉得写“身体健康”太俗了，觉得我们这么小，谁还不健康着呢？现在，觉得能“身体健康“最奢侈了！阳过一个月了，上班之后气短越来越严重了！#阳过阳康的真实感受#80后#北京疫情#单亲妈妈#新冠后遗症#,117.0,0.02564102564102564,0.010752688172043012,0.010752688172043012,39.0
4855244510726951,wemedia,risk,【润肺止咳方治新冠咳嗽1则】咳嗽、咳痰是感染新冠后最容易出现的后遗症之一。本病若不好好治疗，及时治疗，往往会出现咳嗽不已，迁延不愈，有的甚至绵延一个月不愈。更有少部分高龄，基础病患者出现“大白肺”，危及生命。如何及时治疗是一个重要的问题。笔者基于传统中医思维模式，立足于临床，反复验证，得新冠润肺止咳方，用于治疗感染新冠后出现的咳嗽，咳痰，大多疗效甚佳。如某患者，男，成人（约30岁），新冠后咳嗽不已，已有二十余日，且逐渐加重，伴有少量白痰。就以新冠润肺止咳方（本方具体成分已公布，请查看前面微博），组方：荆芥15g、苏梗15g、蜜百部15g、蜜白前15g、生甘草10g、桔梗10g、蜜紫菀15g、橘红15g、乌梅30g、金银花15g、鱼腥草30g、炒杏仁10g、南沙参30g、太子参30g、当归30g、蜜麻黄10g、五味子10g，生姜3片，大枣3个。5剂，水煎服，日一剂。服药5日，咳嗽基本痊愈，仅留下轻微咳嗽，于是将上面药方药物减量，组方：荆芥10g、苏梗10g、蜜百部10g、蜜白前10g、生甘草10g、桔梗10g、蜜紫菀10g、橘红10g、乌梅20g、金银花15g、枸杞20g、炒杏仁10g、南沙参15g、太子参15g、当归15g、蜜麻黄10g、炒白芍15g，生姜3片，大枣3个。7剂，水煎服，日一剂。用这个善后调理。#临证验案# 382  #时间中医# 79 #新冠后遗症# 1特地联系厂家将新冠润肺止咳方做成颗粒剂。有需要者可以用微信扫码，购买。,629.0,0.0,0.0,0.10087719298245613,48.38461538461539
4855279058950565,wemedia,risk,这个新冠后遗症还真是多啊。重度失眠一个月终于缓解了后，发现心慌又明显了起来。邋遢了一个月，这几天终于睡了个好觉觉得有点精力了，这也快过年了于是收拾了一点家家务，结果好家伙，心悸的差点跳出嗓子眼！特么的这个后遗症到底还有多少！#新冠后遗症#,119.0,0.01680672268907563,0.0,0.0,29.75
4855283749488764,wemedia,risk,焦虑才是最大的新冠后遣症！半夜觉得有一点点不舒服，就赶快跑去手术室给自己上了一下监护，白天还是去买了一个指夹式的#动物眼科医生##焦虑##新冠后遗症# 2重庆·重庆名视动物医院,88.0,0.011363636363636364,0.012987012987012988,0.012987012987012988,88.0
4855289142051214,wemedia,risk,#新冠后遗症#头疼，浑身感觉没力气。稍微活动一下都累到不行。洗个澡累得半死,37.0,0.0,0.0,0.0,18.5
4855298601522675,mainstream,risk,【以前的你vs阳康后的你】以前的你过年囤货：瓜子、花生、饼干、糖果……现在的你过年囤货：口罩、酒精、抗原、💊……快来看看，你中招了吗？#你的年货我的年货好像不一样##新冠后遗症# L古汉养生精官博的微博视频,103.0,0.009708737864077669,0.0125,0.0,103.0
4855359683169001,wemedia,risk,#新冠病毒很可能存在眼部趋向性##新冠后遗症#   阳过以后大约几天忘了就开始后眼皮跳，至今还在跳，我以为我没休息好，恶补好几天睡眠依然跳，来搜搜有没有一样的，果然很多人都有这个症状，跳的好心烦，咋办哟。,102.0,0.0,0.022988505747126436,0.0,102.0
4855384152219127,wemedia,risk,#新冠后遗症#半个多月了，抗原早恢复阴性了，只是到现在依然全身不舒服。头疼胃不舒服，胸口堵得慌，间或性轻微刺痛，几近大门不出， 二门不迈了，晃悠着走路都感觉累。昨天中午做饭做到一半，感觉头晕手脚无力微麻，赶快躺平休息，这种情况发生过好几次了。紧接着下午预约了胸片冲到医院，然后发现自己时间看错了，原来是两天后的查了血常规C反应蛋白，还有心肌酶之类的，除了贫血之外都挺正常，后来因为时间问题把胸片退了，暂时也不打算去查了。到现在依然各种不舒服，对于胃不好，胃肠道功能紊乱，低血压贫血的亚健康人群而言，恢复起来真心有点太慢了。现在的状态是情绪稍微激动就一身汗，坐着打个十分钟电话发现又一身汗，很容易心慌气短，估计往年气血不足的毛病又显现了吧快赶快恢复正常吧，快点回到身体健康的状态,338.0,0.0,0.0032679738562091504,0.0,67.6
4855410177081927,wemedia,risk,我的#新冠后遗症# 是突然失去味觉和嗅觉三四天，恢复味觉后，吃上2023年的第一口草莓蛋糕，喝上了第一杯奶茶，看了第一部电影，果然生活还是得有滋有味才有趣,77.0,0.0,0.015151515151515152,0.015151515151515152,77.0
4855697681162002,mainstream,risk,【视知研究所Vol.76/ 关于新冠后遗症，我们到底知道多少？】朋友们好久不见。这段时间，我们在北京朝阳区的办公室里，同事们前仆后继地阳了一多半。好消息是，除了发烧、喉咙痛之外，基本上都没有什么严重的症状。但也有同事担心，到底会不会有什么后遗症呢？我说现在好多专家都出来说了，奥密克戎感染基本上不会有后遗症呀。同事说那些我也看到了，可是一个月之前不是还有不少专家和报道说新冠后遗症很可怕，会导致气短、脑雾、脑萎缩甚至丧失劳动能力什么的，还有长新冠患者到白宫门口抗议，几百万人因为后遗症失去工作balabala，怎么突然就没事儿了呢？为了解答同事的这个困惑，我们去翻了几十篇论文和资料，在有限的能力范围内，试着搞清楚新冠后遗症到底是真的很严重，还是真的不严重，还是有的会严重有的不严重，以及，为什么对后遗症的认识这么千差万别。本期视知研究所，我们就从这里开始研究一下。 #新冠后遗症# #新冠肺炎# #疫情# #奥密克戎# #健康# #专家回应阳康后出现脑雾症状# #科普# L视知TV的微博视频,447.0,0.006711409395973154,0.015915119363395226,0.002652519893899204,49.666666666666664
4855712775674847,wemedia,risk,#树屋热点追踪# | #新冠后遗症# | #vlog2022# 在前些天我们发布的视频中，曾介绍过日本已经开展过一次达到4000人的大规模新冠后遗症调查，大家也对此非常关注，纷纷表达了自己在阳康以后的“后遗症”感受。不过另一方面，在日本，仍然有许多人在很长时间以后依然有持续的后遗症，并且已经有人开始申请新冠后遗症的工伤鉴定，未来在国内也有可能做到吗？ L树屋短视频的微博视频,188.0,0.005319148936170213,0.013071895424836602,0.013071895424836602,94.0
4855744539657602,wemedia,risk,#v光计划##新冠后遗症##医生称超30%阳康可能面临脱发风险#  新冠影响生殖系统？新款导致经期变化？新冠致脱发？真的假的？ L舒中胜的微博视频,73.0,0.0547945205479452,0.0,0.017241379310344827,18.25
4855759483965005,wemedia,risk,热门话题#新冠后遗症# ‖关于“阳过”之后的后遗症及应对措施，东北这位女专家说的比较客观……  #东北话##防疫百态##专家提示心血管病需警惕新冠感染# L塞外纪录的微博视频,88.0,0.0,0.0,0.0,88.0
4855981714178702,wemedia,risk,#新冠后遗症#头痛 睡不着觉 脾气不好 没力气……,25.0,0.0,0.0,0.0,25.0
4855992208595358,wemedia,risk,#新冠后遗症#阳的第二天來的大姨妈半个月了还在，现在天天头晕目眩现在在医院排队,39.0,0.0,0.0,0.0,39.0
4856012010687263,wemedia,risk,在目前的形势下，几乎家家户户都出现了不同程度的新冠症状，新冠后遗症也随之成为大家的关注点，其实更准确的来说，新冠后遗症应该被称作“新冠后症状”或“新冠肺炎长期症状”。新冠肺炎长期症状会在感染后3个月内出现，持续至少2个月，并且无法由其他诊断解释的症状。所以并不是“阳康”后就代表了健康，新冠肺炎长期症状会埋伏在我们的身体里，使我们受到各种各样的影响。新冠后遗症有多可怕：它会攻击我们的肺部，导致肺部出现肺纤维化高发的现象，加剧40%患糖尿病的风险以及冠心病、中风的风险，同时会降低我们的认知水平。与此同时，全球医疗专家团队一直在探索有效的康复方式，而在这时，干细胞治疗给一切带来了希望与转机。#Motif银座Clinic##新冠后遗症##干细胞治疗#,325.0,0.0,0.014234875444839857,0.010676156583629894,65.0
4856122253777876,wemedia,risk,#新冠后遗症##新冠病毒# 【新冠小科普】1、很多人认为COVID-19是一种呼吸系统疾病，但为何各人症状表现各不相同，有人头痛欲裂，而有人痛如腰斩？它的致病机理到底是什么？2、通常感染后会出现哪些症状？见图原文链接：O疫苗全面解析篇不同地方的栓塞表现出哪些不同的症状？1）脑部栓塞：轻的像头痛头晕，脑袋蒙蒙的（脑雾），发烧脸部发红，重症如：中风。。2）肺部栓塞：咳嗽，多痰，气急，呼吸困难，氧饱和下降，拍片显示肺部毛玻璃，肺炎，大白肺。。3）心脏栓塞：胸闷气短，心肌炎，心脏骤停。。4）身体栓塞：腰痛，下肢酸痛。。,258.0,0.015503875968992248,0.0,0.034482758620689655,21.5
4856129991219853,wemedia,risk,#抗疫行动#抗疫求助#医行天下##如果阳了怎么办##新冠后遗症# 新冠疫情，患者反馈三看到大家好起来真是高兴，经过三年的经验累积，我们的2号治疗方也在不断调整，有效应对各类新冠及变异病毒 ~ 通吃。（反馈见图）这个病的后遗症很严重，病毒容易潜伏在人体第二第三免疫系统之间，不容易清除。有些人出现久咳、乏力、痰多等各种症状，还有些人的症状持续了一年多，难以想象身体承受了多么严重的破坏。这也就是清淡饮食的道理，日常家里多备点壹号方预防药、艾条、老白茶等，务必好好遵守防疫预防。一旦感染尽早就诊，尽可能把破坏降到最低点。修复是漫长的，寿命是有限的，每人总有走的那天。中医的攻于疾病、利于养生、精于养心调性，值得学习，身心一起调才是真正的财富，公众号（医行天下处处自在）4百多篇原创文章等着你。,345.0,0.0,0.0033444816053511705,0.006688963210702341,49.285714285714285
4856183598875335,wemedia,risk,失眠是新冠后遗症吗？#新冠后遗症#,17.0,0.058823529411764705,0.0,0.0,17.0
4856240145957231,wemedia,risk,最近两天嗅觉和味觉一直在稳步恢复当中 尤其是味觉 已经能吃到食物本身的味道了 但昨天夜里睡着后鼻腔中一直萦绕着一种异常难闻的味道（这辈子都没闻到过 压根无法形容）每一次呼吸都伴随着令人作呕的赶脚……🤮真是服了Omicron这个老6了 到底还有多少折磨人的本事啊！ #新冠后遗症#,139.0,0.007194244604316547,0.0,0.008403361344537815,139.0
4856303715353288,mainstream,risk,发布了头条文章：《#感染新冠后为何眼睛怕光、爱流泪？#眼科专家答疑》 #眼睛酸胀# #感染新冠后眼睛出现不适怎么办# #新冠后遗症# #感染新冠后眼睛酸痛怎么办# #眼睛怕光# O感染新冠后为何眼睛怕光、爱流泪？眼科专家答疑,112.0,0.017857142857142856,0.0,0.0,56.0
4856315937554534,mainstream,risk,#长新冠# #新冠后遗症# #新型冠状病毒# #阳康#  #疫情防控# #成马大健康网# 大健康 越来越多的人表示自己“阳康”后出现身体乏力、疲惫、走路轻飘飘的症状。发布了头条文章：《注意！阳康后长期疲惫，警惕“长新冠”！》  O注意！阳康后长期疲惫，警惕“长新冠”！,135.0,0.02962962962962963,0.010638297872340425,0.0,27.0
4856326930829529,wemedia,risk,#新冠后遗症#以前便便一直很正常，🐏了的第六天开始，便秘了，半个月过去了，一直便秘，必须用开塞露，要不就排不干净，感觉肠道很干燥的那种。不知道啥时候能恢复,77.0,0.0,0.0,0.0,77.0
4856328457292565,wemedia,risk,#新冠后遗症#有没有和我一样便秘的！！！以前便便很正常，自从🐏了的第六天就肠道干燥，便便一粒一粒的，非得用开塞露不可。这是病毒攻击肠道、菌群失衡了吗？有没有和我一样的后遗症啊？？？！！！半个月了还没好,100.0,0.1,0.024390243902439025,0.0,9.090909090909092
4856389442732225,wemedia,risk,疫情还没稳定，老师学生都没恢复太好学校恢复早6：30-晚10：30作息时间查完寝室就11：30了这个作息我怕我活不了几天先发一下记录一些人丑陋的嘴脸#疫情下的生活##新冠后遗症#,89.0,0.0,0.02666666666666667,0.08,89.0
4856418639022310,wemedia,risk,近日媒体报导了一家有名的日本医院院长对于新冠后遗症的看法🎤：在他诊疗过600位患者后总结出了一个共同点——他们🐑康后喉咙与鼻子分界处有炎症，对此这位院长提出的他认为有效的治疗方法之一：上咽喉摩擦疗法，用沾有药水的棉签进行多次反复摩擦有炎症的地方，⌚️时间持续1分钟，可以起到有效缓解症状的作用，同时对于平日里的疲劳感、呼吸困难、身体疼痛等情况，也可以得到改善的效果。如果有🐑康后正在受后遗症困扰的朋友看到这条博文，不妨试试上咽喉摩擦疗法来缓解症状。#Motif银座Clinic##新冠后遗症##上咽喉摩擦疗法#,255.0,0.0,0.0,0.009174311926605505,127.5
4856494233227332,wemedia,risk,#新冠后遗症# 有人阳了以后眼睛出问题的吗？我阳康后看电脑，白底黑字的时候总看到字是彩色的……,47.0,0.02127659574468085,0.025,0.0,47.0
4856519114359724,wemedia,risk,#长新冠##新冠后遗症##抗疫行动##提高免疫力##医行天下# 后遗症/转阴不代表根治这波疫情已经持续了1个多月，大家比较关心的问题有两个，一个是复阳，一个是后遗症，今天先讲后遗症：自武汉疫情以来，我们收到了很多后遗症患者的求助，这些后遗症患者都有一个共同点：症状减轻已转阴，但迟迟未能彻底康复。有些无症状的人，比起感染前会有气短的问题。主要症状如下：睡眠差、胸闷、身体酸痛、头痛、白痰、乏力、微咳、下肢肿胀、咽炎等。他们来求诊前，大多数经过中医或西医的治疗，还有一些人自行处理。在治疗过程中的主要问题是，没能根治。为什么会这样？因为身体出现了症状，或者我们医院的说法叫炎症，在处理炎症的过程中，我们忽略了两个极为重要的因素：第一，身体本身有很强的自我恢复能力，但被这颗“原子弹”破坏得太厉害了。有些是不可逆的，比如脑部、心脏、脊髓的损伤，而肠胃、 肝脏、 肾脏的损伤都可以慢慢自行恢复。药物的原理是协助人体免疫力自行康复，任何违背上述用药原理的，西医的说法叫做副作用，中医叫做药缘性中毒。第二，现在的医学已经证明，新冠症状的根源是进入体内的病毒引起的栓塞，如何去除体内栓塞是关键点。无论是中医还是西医，这点是核心要素。疫苗后遗症产生的问题也就是疫苗导致的栓塞，而我们的治疗药很好的解决了这个核心问题。中医的最高境界不是治病是养生，生病只能说明你不健康了。养生离不开养心修身，所以我们教大家站桩静坐。每天几分钟，不分男女老少都可以做到。每天少花点时间在微信上，多花点时间在身体上，毕竟没了健康一切都是零。公众号（医行天下处处自在）上和大家分享了很多养生修炼的方法，还有用心开发的很多养生保健产品，大家都可以去看看。武汉疫情以来很多人经常说，自从生病后用了这些简单易行的养生法，生活改变了，身体比得病之前更好了。大家务必沉下心来，仔细看下公众号上的407篇原创文章，篇篇精华，值得反复阅读领悟。这个病毒在寒湿体质中存活时间长，治疗及巩固恢复期间，务必忌口所有阴寒类动物蛋白质，改用植物性蛋白，防止后遗症加速身体器官的逐步衰退，日常多喝热水，早睡早起，每天VC500毫克。多关注了解学习公众号上分享的站桩、静坐、艾灸等健康养生法，帮助身体尽快恢复。更多患者信息记录和反馈见微信原文：O后遗症 | 转阴不代表根治,953.0,0.001049317943336831,0.007151370679380214,0.003575685339690107,45.38095238095238
4856534562244453,wemedia,risk,#新冠后遗症# 阳康以后失眠好严重，明明困的不行但就是睡不着,30.0,0.0,0.0,0.0,30.0
4856645212180279,mainstream,risk,发布了头条文章：《“阳后”异常出血？月经紊乱？异常漏尿？...是新冠后遗症？》 #新冠后遗症# #子宫异常出血# #月经紊乱# #异常漏尿# #徐州瑞博医院#  O“阳后”异常出血？月经紊乱？异常漏尿？...是新冠后遗症？,111.0,0.07207207207207207,0.0,0.0,13.875
4856659354322256,mainstream,risk,“我们家族买了八台，兄弟姐妹全买了。”“我们给老母亲也买了一台，我母亲百岁高龄，血氧—度掉到90以下，吸完立即恢复到95以上。”“我女儿发烧39度6，吃退烧药降不下来，吸氢氧机很快降到38度多，第2天降到37度多，恢复很快。”以上谈话内容来自于著名国际战略专家金一南教授。从2022年10月份开始，金教授和家人成为潓美氢氧气雾化机使用者，很短时间内老母亲、三个姐姐、哥哥和弟弟都成为潓美氢氧气雾化机热心用户，疫情传播期间起到了很好的保护家人作用。#氢氧雾化机# #医疗器械# #新冠后遗症#,245.0,0.0,0.019704433497536946,0.04433497536945813,49.0
4856685985009163,wemedia,risk,阳了之后，触目惊心的掉头发。每天拖地都好多。估计还没到老，就秃了各位有没有治脱发，生发的方子呀甩过来甩过来#年轻人该如何预防脱发##新冠后遗症#,72.0,0.0,0.0,0.0,36.0
4856691700797239,wemedia,risk,最近一直睡不好，入睡难，醒的早，不知道是不是新冠的后遗症？！#新冠后遗症# 2石家庄,42.0,0.047619047619047616,0.0,0.029411764705882353,21.0
4856704539298143,wemedia,risk,医生称超30%阳康可能面临脱发风险，45至60天左右会出现脱发高峰 #新冠后遗症##新冠后遗症可持续数周数月甚至更长时间##脱发是新冠感染的后遗症吗##新冠治愈者出现严重脱发后遗症##医生称超30%阳康可能面临脱发风险# 2北京 L小雨姐姐讲故事的微博视频,128.0,0.0,0.0,0.046296296296296294,128.0
4856712203602020,wemedia,risk,【迷迭香黄油烤口蘑】                这是戴太的又一佳作。        迷迭香别名“海洋之露”、“艾菊”，属被子植物门灌木，最高可长到两米。原产于欧洲北非地中海沿岸，中国引种历史可追溯到曹魏时代。        迷迭香是传统食用香料，富含抗氧化性物质，常用于油炸煎烤食物，并能提取抗氧化剂和迷迭香精油，广泛应用于医药、食品、日化等行业。        我家种植了两盆迷迭香，随吃随采，经常剪秃，到现在还没开过花。想来是气得够呛，心说“我长的不够你吃的”！        所以要家庭制作西式煎烤菜肴，养植迷迭香很有必要。只是要特别注意不能太过贪吃，像我似的，下剪刀太过频繁，以致把植株剪成光杆司令，形如我的秃脑瓢也似！        据说，严重脱发是新冠后遗症的一个普遍症状。如果确有其事，估计再有十天半拉月，北京人是应脱尽脱，谢顶秃瓢满街走了！        这很壮观，也让我很欣慰。所以，选择光溜溜的口蘑做菜，先找找感觉。#美食##美食分享##手机随拍##厨艺##迷迭香##口蘑是什么神仙食材##新冠后遗症#,463.0,0.0064794816414686825,0.014749262536873156,0.0,38.583333333333336
4856765722133709,mainstream,risk,发布了头条文章：《又有新症状！阳康后警惕脸部器官发炎》 #角膜炎# #新冠# #新冠后遗症#  O又有新症状！阳康后警惕脸部器官发炎,66.0,0.030303030303030304,0.0,0.0,33.0
4856816683193890,wemedia,risk,感谢是后遗症吗？反正朋友说了之后，我感觉我也状况更明显了，反应迟钝，或许我本来就很反应迟钝。但是现在过红绿灯，我看着眼前的绿灯变红灯走不过去了，我才反应过来，我没必要等变灯啊，我可以在绿灯时候过去的。后知后觉啊#后知后觉##新冠后遗症#,118.0,0.00847457627118644,0.0673076923076923,0.0,39.333333333333336
4857032530460853,wemedia,risk,#新冠后遗症##新冠后遗症可持续数周数月甚至更长时间# 我是2022年12月17日阳的，27日前后转阴，这些日子以来身体真的是感觉被掏空了，绝大多数时候都是有气无力的。每天都咳咳咳，有时候感觉呼吸都快不畅了，完全睡不好，最近大脑感觉经常断片，特别容易疲惫和忘记事情。有一次出行，把身份证、手机等重要物品差点弄丢了，烦忧了几个小时之后才找到。现在2023年的开端，工作中好多事情收尾和谋划，也想着前面几周只是完成日常工作，休息躺平了好几周，是时候回归正常了，也需要好好的动动脑和身子骨了。但是，明显感觉力不从心，好希望快点挥复正常！,265.0,0.0037735849056603774,0.004366812227074236,0.021834061135371178,53.0
4857041468003560,mainstream,risk,【#新冠后遗症# 】这场感染远不止攻击呼吸系统！当所有人在关注“白肺”时，导致“猝死”的它已悄悄上线！实际上，这场感染远不止呼吸系统，狡猾的新冠病毒还可能会攻击心脏，诱发心肌炎，对有些人来说，这可能是一场生死浩劫！识别心肌炎，警惕以下症状表现：●心跳过快或心律失常●极度乏力、呼吸困难、胸痛、胸闷●晕厥●发烧咳嗽等症状多日不退●下肢水肿、右上腹疼痛，可能提示心力衰竭●发热、呼吸困难、四肢冰冷或出现斑点、少尿、意识不清排除心肌炎的基础检查：1、心脏彩超、十二导联全自动分析心电图；2、相关血液检查：如针对血栓风险评估的D-二聚体，针对心肌细胞损伤评估的血清肌酸激酶测定（CK）、血清肌酸酶同工酶活性测定（CK-MB）、乳酸脱氢酶测定(LDH)、超酶C反应蛋白测定（hsCRP）。✔疑似心肌炎检查：针对新冠感染后疑似病毒性心肌炎人群和过往有心脏基础疾病人群，建议在以上检查基础上增加心脏磁共振检查。心脏磁共振（MRI）检查1、评估新冠感染是否导致心肌损害及严重程度2、评估过往心脏疾病史人群感染新冠后，心肌损害病变程度#感染新冠##后遗症##心肌炎##阳过后小心病毒性心肌炎##心脏磁共振##体检##心肌炎检查#,505.0,0.005940594059405941,0.0,0.00963855421686747,84.16666666666667
4857055351933638,wemedia,risk,阳后，感觉身体像被掏空，体力差，咋回事#新冠后遗症 #你有这些症状吗 #新冠 #阳康# L花姐聊宫颈的微博视频,55.0,0.0,0.0,0.0,55.0
4857119184782963,wemedia,risk,中医#新冠后遗症##中药# 最近大家阳了以后都出现了各种各样的后遗症，有的出汗多，有的疲劳发力，有的视力下降，有的胃口差，嗅味觉减退，有的失眠等等。中药对新冠后遗症还是很有优势的。从临床来看，阳康后确实需要好好调理。,109.0,0.0,0.0,0.0,36.333333333333336
4857130114353727,wemedia,risk,#提高免疫力##长新冠##新冠后遗症# 怎么处理新冠感染留下的后遗症？因为种种原因，很多人耽误了治疗，或者没有得到最为有效的治疗方法，因此留下了新冠后遗症。比如年纪越大，有基础病，感染时间越长的患者，新冠对身体造成的血栓会更加严重。关于新冠的致死病因，在前几期公众号的推文中有过介绍。由于身体脏腑及血管被破坏而造成的血栓，会影响身体的血液循环；同时，血栓缺氧等又会造成脏腑器官的衰竭，这个就是所谓的新冠后遗症。当我们身体在后天被破坏的很严重时，比如这次新冠，我们用的方法是除了药物、站桩、静坐，营养学等，还同步启动先天的经络系统，来达到治愈的目的。我们采用这种方法促进了患者的恢复，同时，针对很多康复者可能在2-3个月内因体内抗体降低，而再次被感染的情况，我们采取了这种天然的保持方法，让免疫力保持在一个高度，彻底清除病毒，让感染者不再复发。而事实证明，经过半年多的跟踪随访，严格按照我们方法保持的康复者一直没有复发，也没有出现后遗症。在这里，要提醒那些那些被感染者：在症状消除后的2-3月内，必须要做到彻底根治！千万不要错过这2-3个月，因为这是根治的最佳时间。并且，以我们现在的体能，一旦错过，将很难再次恢复。务必每天坚持外——站桩、内——静坐 ，有形的无形的一起调理。务必忌口所有海鲜肉类，多五谷杂粮、蔬菜水果，早睡早起。最后，祝愿大家身体健康！如果遇到新冠方面的困扰，请及时联系我们，我们会第一时间帮助大家！,608.0,0.006578947368421052,0.014953271028037384,0.011214953271028037,38.0
4857135576647843,wemedia,risk,#新冠后遗症# 阳过之后真的是伤元气吧，刚刚看到一篇文章说大姨妈推迟就是身体的反应，气血不足，这几天一直不舒服，就是下不来推迟了12天了。 2武汉,73.0,0.0,0.0,0.031746031746031744,73.0
4857160372591776,wemedia,risk,#新冠后遗症# 有没有人🐑了之后胃不好了的，🐑之前铁胃🐑之后不能吃辣不能喝凉的真服了呀,43.0,0.0,0.0,0.0,43.0
4857160880101402,wemedia,risk,阳过之后心跳加速，是得了心肌炎吗？#阳康##新冠##阳了##阳了##新冠后遗症##阳过后小心病毒性心肌炎# L花姐聊宫颈的微博视频,65.0,0.015384615384615385,0.0,0.0,65.0
4857176151294239,wemedia,risk,新冠会影响骨科手术的临床效果#新冠后遗症##医学科普# L运动医学胖医生的微博视频,41.0,0.0,0.0,0.0,41.0
4857210457297184,wemedia,risk,#新冠后遗症#最近很容易犯困，嗜睡。。昨晚11点一直昏睡到今天中午11点，下午3.4点又开始犯困了，晚上10点多眼皮就开始打架了,64.0,0.0,0.0,0.07547169811320754,32.0
4857238559131925,wemedia,risk,这特么是什么血压？从来都是血压偏低前几天去医院拍片子一测血压居然偏高了十一月测量还是正常血压太惊讶了然后每天开始测量血压有点怕因为严重怀疑🐏了之后导致的喝了两天芹菜汁咱也不知道有用没用反正变成中间的正常血压了上网查了一下所以想坚持喝十天左右喝了四天然后恢复成我偏低的血压了但我不知道是不是因为喝了芹菜汁因为据说这个其实要长期坚持喝才会有效果喝几天貌似也没什么效果也可能🐏了之后就没睡好过休息不好导致血压高？或者这半年来照顾妈妈太过劳累？反正现在降下来了我还是很开心的但就是晕啊高了也晕低了也晕🐏了之后的后遗症太多了#新冠##新冠后遗症#,268.0,0.011194029850746268,0.011627906976744186,0.0,89.33333333333333
4857381043574043,mainstream,risk,“阳康”后感觉记忆力下降了，这是为什么？记忆力下降、注意力降低、反应迟钝新冠虽然转阴但是后遗症不少很多友友都怀疑自己是不是得了“脑雾”-“脑雾”最早用来描述慢性疲劳综合症主要表现为思维和反应迟缓精神容易感到疲劳或者无法集中注意力做一件事情等-感染新冠带来的身心疲乏虚弱、记忆力衰退等的确会让我们在一定程度上出现”脑雾“的症状但是尚无研究能够明确新冠和“脑雾”之间的因果性因此友友们也不必过于担忧＞＞＞＞＞＞那么该如何缓解新冠后出现的“脑雾”症状呢？下面跟随小山的视角一起来看看！#富山药品##健康养生##专家回应阳康后出现脑雾症状##新冠后遗症##银杏叶DHA##银杏叶#,286.0,0.01048951048951049,0.00816326530612245,0.0,95.33333333333333
4857396738657819,wemedia,risk,大家有没有一种感觉，得了新冠之后嗓子疼的咽口水都像吞刀片，实在太难受了，今天我来告诉你应该怎样缓解痛苦#新冠后遗症 ##我的门诊故事##新冠康复如何做到清淡饮食# L九院蔡鸣医生的微博视频,94.0,0.0,0.024096385542168676,0.0,94.0
4857404657502858,mainstream,risk,发布了头条文章：《新冠病毒感染诱发心肌炎，这5种中成药，您一定要知道：》 #心肌炎# #新冠用药# #新冠后遗症# O新冠病毒感染诱发心肌炎，这5种中成药，您一定要知道：,85.0,0.0,0.0,0.030303030303030304,85.0
4857435242106360,wemedia,risk,新冠后遗症有多可怕大脑肾脏心脏加速老化面对千万不要头痛医头脚痛医脚吃太多的只能暂时缓解症状的西药反而更加重了心脏、肝脏和肾脏的负担#新冠后遗症##肾脏##心脏##大脑# 2中国台湾·臺北 L顏佑亮-到台灣治病的微博视频,109.0,0.0,0.0,0.010416666666666666,109.0
4857504019778431,mainstream,risk,"#新冠感染“转阴”后咳嗽、胸闷，容易转成肺炎、心肌炎吗？#不少人在新冠感染“转阴”之后，还持续伴有诸多的不适症状，比如咳嗽、胸闷、乏力等等。有朋友担心这些症状的持续是否会导致肺炎、心肌炎等更严重的情况？这次，嘉会全科医生就来为大家解答有关新冠病毒感染恢复期的常见疑问。【转阴后却出现肺炎，是什么原因？如何避免新冠感染治疗不及时而导致的肺炎？】奥密克戎变异株主要攻击上呼吸道，少数蔓延到下呼吸道。转阴后出现肺炎可能继发细菌感染。如果您是高危人群（年龄≥65岁，未接种COVID-19疫苗，患有心血管疾病、慢性肾病、慢性阻塞性肺疾病、糖尿病、神经认知障碍和肥胖症，肿瘤、器官移植受者和其他正在服用免疫抑制药物者）请早诊断，早治疗，必要时在医生指导下使用新冠相关抗病毒药物。【“阳”过都要做肺部CT吗？在什么情况下建议去医院检查？】不是所有“阳”过的人都需要做胸部CT。容易进展成重症人群包括年龄≥65岁，未接种COVID-19疫苗，患有心血管疾病、慢性肾病、慢性阻塞性肺疾病、糖尿病、神经认知障碍和肥胖症，肿瘤、器官移植受者和其他正在服用免疫抑制药物者，建议在医生评估后必要时进行肺部CT评估。如果您出现以下危险信号请线下就诊：呼吸困难，持续性胸痛，嗜睡，口唇发绀等请到医院就诊。【肺炎在治疗上难度大吗？很多人担心肺炎，尤其是“白肺”很难治愈，是这样的吗？】新冠造成的病毒性肺炎一般是自限性的，通过休息，对症治疗可逐渐康复。部分患者可合并细菌、真菌、支原体等其他致病菌感染。 “白肺”是指影像学表现，一般是指重症肺炎患者在X光或CT检查下的肺部呈现一大片的白色状态。健康的肺是由通气功能正常的肺泡组成，这样的肺泡充满空气，在X线或CT上都是透光的，显示为“黑色”。当肺部白色覆盖面积达到了70％以上，才叫""白肺""。因新冠感染导致的“白肺”一般可见于新冠感染的重症高危人群，目前对于肺炎甚至其引起的呼吸衰竭有规范化的临床治疗方案，对于新冠感染重症高危人群，建议早评估，早诊疗。【胸闷是否就代表是心肌炎？什么情况下应该去检查？】心肌炎没有特异表现，有轻也有重。心肌炎可由细菌，病毒等病原体感染导致。多在感染1-3周后发生，可表现为心律失常，人感觉心悸、胸痛、气促等症状。严重心肌炎时可出现心力衰竭。不是所有的胸闷都是心肌炎的表现。新冠感染患者出现发热时能造成心率加快，体温每升高1℃成人的心率平均会增加10次/分。如果有持续胸痛、胸闷、气促、呼吸困难等请及时到医院就诊。【高烧过后持续咳嗽是否需要去检查？是否应该早吃抗生素“预防”发展成细菌肺炎？】新冠感染后咳嗽是普遍现象，多数两周内自愈。超过两周仍咳个不停，排除了肺炎外，比较常见的原因有新冠病毒引起的气道高敏反应、新冠病毒感染后鼻后滴流综合征，以及新冠病毒感染后诱发不典型哮喘等。如果出现咳血、夜间咳嗽加重、咳大量黄脓痰、再次发烧、胸痛，胸闷气短、呼吸困难、下肢水肿或咳嗽超3周，逐渐消瘦等，建议及时就医。抗生素对于病毒感染没有治疗作用。以“预防”为目的，过度的使用抗生素，可能导致毒副作用以及促成细菌对抗生素耐药性增加，仅在有明确的继发细菌感染时才考虑使用抗生素，请在医生指导下规范使用抗生素。【如果有肺炎，吊水会好得更快吗？】“吊水”常见得包括静脉使用抗生素，静脉补液对症支持治疗。新冠感染造成的病毒性肺炎一般是自限性的，且抗生素对于病毒感染没有治疗作用，通过休息，对症处理可逐渐康复。部分患者可能出现继发细菌、真菌、支原体等致病菌的感染，非重症肺炎，在医师指导下对症支持管理或必要时口服药物治疗可逐渐康复。对于居家观察症状逐渐加重、口服药物治疗效果欠佳、某些特殊情况下无法进行口服药物治疗及重症肺炎患者，需要考虑静脉用药治疗可能。#嘉会全科##新冠##心肌炎##肺炎##新冠后遗症#上海嘉会国际医院2上海·上海嘉会国际医院",1588.0,0.00818639798488665,0.0,0.007994186046511628,36.93023255813954
4857516905730261,wemedia,risk,新冠2个后遗症，中医怎么对症治疗。#我的门诊故事# #肿瘤科医生 # #新冠后遗症# #中医# L肿瘤科医生施俊博士的微博视频,63.0,0.0,0.020833333333333332,0.020833333333333332,63.0
4857575710138689,wemedia,risk,健忘？犯懒？#新冠后遗症# 最近给客户寄快递，寄了主件忘配件，这种事之前在我身上从没发生过；给狗子做新年加餐，以前都是打成泥再用磨具盘煎好分装，现在快蒸模式，熟了就行本王乏了#新冠康复日记# 2上海,99.0,0.020202020202020204,0.011764705882352941,0.011764705882352941,33.0
4857596349781887,wemedia,risk,#新冠后遗症# 我阳康快一个月了，每天都有轻微的头疼感觉。而且心脏一直有不适感，而且运动后明显喘不上气，之前能跑十公里，现在跑二百米都得喘大气！      说奥密克戎是小感冒的专家真的该挨千刀万剐，这么强攻击免疫系统跟心肺的病毒能叫小感冒？这特么就是小艾滋病！,130.0,0.023076923076923078,0.008928571428571428,0.0,32.5
4857614540998208,wemedia,risk,#新冠后遗症##新冠后遗症可持续数周数月甚至更长时间##新冠病毒最可怕的后遗症# 我的新冠后遗症主要是：一是失眠，二是脱发，三是健忘，四是疲惫。唉！一声叹息……,80.0,0.0125,0.015384615384615385,0.0,40.0
4857771540874384,wemedia,risk,中医 新冠后失眠一案，也可以说没用一味助眠药，这个是风湿渐入少阳上焦焦膜，郁热扰动心包引起的。最近忙着看新冠后遗，所谓后遗，一则疫气伤正，素来体虚之人一时难以修复。常见一些心慌 气短 疲倦 乏力 纳差 失眠 头晕等症，可以试以红景天加五指毛桃煮水服用，有鼻涕喷嚏稍怕冷的姜枣茶可以喝起来。二则由于新冠湿邪缠绵，难以素去，素来痰湿重的人多见低热缠绵 咳嗽无痰 身酸软痛无力 嗅觉 味觉失灵，腹泻等症，一般据症配中药方剂更好，也可以试试扁豆花 木棉花 佩兰泡水频服。一般在7—10天基本自行痊愈，如果还没好建议就诊中医，外感后遗是很多慢性病 杂病 疑难病的开端，不可小觑。#新冠##新冠后遗症#,296.0,0.0,0.0,0.007905138339920948,59.2
4857898863174171,wemedia,risk,新冠后遗症有多可怕以色列一个大型研究发轻症者的后遗症一年内可完全消失#新冠后遗症##失去嗅觉##失去味觉##脑雾##慢性疲劳# L顏佑亮-到台灣治病的微博视频,79.0,0.0,0.0,0.0,79.0
4858140375912954,mainstream,risk,14种常见#新冠后遗症# ，看看你中了几个？#xbb可能缩短免疫保护期#,36.0,0.027777777777777776,0.0,0.038461538461538464,36.0
4858146230900458,wemedia,risk,【新冠润肺止咳方再治验】咳嗽、咳痰是新冠最常见后遗症之一。本病往往会咳嗽迁延不愈。新冠润肺止咳方（具体成分已公布，请查看前面微博）治疗新冠咳嗽，咳痰，大多疗效甚佳。试再举一例。如肖某某，女，73岁，2023年1月5日初诊。近一月来偶有活动后胸闷，半月前感染新冠后出现咳嗽，咳痰，直至于今。伴有大便闭结，口渴，血压不稳定，心跳快，87次以上。舌红苔白厚腻脉浮滑。诊为咳嗽，痰热蕴结证。组方：荆芥20g、薤白30g、蜜百部15g、白前 15g、甘草片10g、桔梗10g、蜜紫菀15g、陈皮 15g、乌梅30 g、金荞麦30g、瓜萎30g、炒苦杏仁10g、北沙参30g、太子参30g、炒积实15g、当归30g、蜜麻黄15g、干姜 10g、大枣20g。5剂，水煎服，日一剂，早晚分两次服用。6日后复诊，咳嗽、咳痰消失，大便较前十分通畅，变软，眠可，偶尔醒后难以入眠，仍心跳偏快。此为心阳不振，阳不潜藏所致。当温振心阳，潜阳降火，将前方去掉荆芥、蜜百部、白前、蜜紫菀、金荞麦、炒苦杏仁、麸炒枳实。加桂枝20g、白芍15g、茯苓30g、清半夏9g、生牡蛎（先煎）30g、火麻仁30g、丹参30g。续服7剂，以善其后。#临证验案# 383 #时间中医# 80 #新冠后遗症# 2新冠润肺止咳方颗粒剂。有需要者可以用微信识别二维码，购买。,561.0,0.0,0.0,0.09181141439205956,31.166666666666668
4858183480508510,wemedia,risk,#新冠后遗症##阳康后康养# 听说有亲戚阳后血压升很高，就有可能是新冠使的肝里火旺导致的血压升高，然后我自己也感觉肝里蛰伏着一丝丝隐藏着的邪火，随时等着宿主身体虚弱的时候出来给出致命一击。所以感觉多按按肝经上的期门穴和章门穴挺好，平时也可以多吃点养肝护肝的食物和药膳之类的。自己感觉，期门穴特按去别疼，剧痛那种，章门还好点，所以痛的这么厉害了肯定肝里有状况,178.0,0.0,0.018404907975460124,0.0,89.0
4858453324991936,wemedia,risk,【新冠后皮肤过敏治验】据目前观察，新冠后遗症很多，例如咳嗽、咳痰、肺间质纤维化、老年痴呆、抑郁、焦虑、关节疼痛、月经不调、乏力、虚弱、食欲不振、白血病、肿瘤、淋巴瘤、肌肉酸痛、心肌炎、阳痿、嗅觉失常、味觉失常、不孕不育、掉发等等。对后遗症的治疗需要及时，有效。治疗的好，病症也可以较快的缓解。例如用中药曾治疗一位皮肤过敏十分严重的患者，一周即显著好转。袁某某，女，44岁，2023年1月7日初诊。这个患者一进门就说，“还认得我吗？”我仔细看了看，有点印象，关键是还带着口罩，这我哪能认得出。等患者摘下口罩，我一下认出来了，“是几年之前看过你的皮肤过敏，皮肤通红，是吗？”随后患者说，“对，就是几年之前找您看过。有5年没有犯了，这次得了新冠以后皮肤红又犯了。”为什么我印象这么深刻呢？因为5年前，患者给我的感觉太深刻了。我对患者说：“5年前，您把整个头都包裹的严严实实的，只漏出两个眼睛，是吗？”患者笑了，“对，上次找您看是包住头，这次找您看也是戴口罩，蒙住脸。”我说别着急，咱们还会再好的。患者在新冠后出现皮肤过敏，迄今20余日，整个面部皮肤通红，发痒。右侧头耳痛胀，平时容易疲劳乏力，心慌心，跳快，自觉心里凉（透心凉），四肢、手足心、腰部有热痒感，乳房胀痛，二便可，纳眠可，舌红舌苔白厚而干。两脉弱濡滑。诊断: 风热蕴结，阴亏血热，痰湿内蕴。处方：金银花25g、连翘15g、黄苓15g、玄参15g、蝉蜕12g、赤芍15g、炒苍术15g、茯苓15g、陈皮15g、生薏苡仁30g、党参20g、川芎12g、肉桂（后下）12g、干姜15g、炙甘草10g、全当归15g、大枣（擘开）2枚。7剂，水煎服，一日一剂，早晚分两次服用。一周后复诊，面部皮肤显著好转（90%以上），仅眼睛周围略有，头耳无痛胀，不易疲劳乏力，无心慌心跳心里凉（服药二三日即好转），四肢手足心腰部无热痒感，纳眠可，二便可。患者自述每当吃坚果多时，容易出现皮肤发红。故于上方略作修改，将玄参、川芎去掉，加荆芥15g、枸杞子15g，以着重加重养肝肾阴，清肝明目。续服一周善后。#临证验案# 384 #时间中医# 81 #新冠后遗症# 3清肺排毒汤颗粒，微信识别二维码，下单即可购买。现货，默认顺丰快递。,930.0,0.004301075268817204,0.011126564673157162,0.04450625869262865,34.44444444444444
4858493577992644,mainstream,risk,阳后无症状只是有点喘不上气，不用太在意？错错错❌特殊时期，全网的“血氧仪”都卖断货了。严重的新冠肺yan特別容易造成隐形缺氧（SilentHypoxia）或快乐缺氧（HappyHypoxia）。喘不上气一定要及时采取措施！瑞士🇨🇭大概是在一年前放开，自那之后瑞士Pharmalp凡木安的元气片在也受到各大药店药剂师的大力推荐👍。元气片中含有阿尔卑斯红景天，维生素B1和镁，它能提高血液的携氧能力和细胞利用氧的能力并纠正缺氧，以保障服用者的身体健康，改善阳性反应后出现的乏力和不适。想要轻松度过“疫“时代，元气片一定要买！#身体健康##瑞士pharmalp凡木安##大时代##瑞士##好物推荐##囤货使人快乐##好物分享##提高免疫力##缺氧##新冠##新冠康复日记##新冠肺炎##关注新冠肺炎##新冠后遗症# O网页链接,360.0,0.008333333333333333,0.0,0.003787878787878788,51.42857142857143
4858534853871864,wemedia,risk,胖也是新冠后遗症吧。一个多月的新冠及其恢复期，胖了五斤多因为不敢运动，还越来越胖。年前就这样了，春节之后要慢慢恢复运动和节食了。#新冠后遗症##新冠后遗症可持续数周数月甚至更长时间#,91.0,0.0,0.0,0.0,30.333333333333332
4858535228213037,wemedia,risk,#新冠后遗症# 家人们，两个月来三次姨妈，正常吗。你们有这样情况吗。我查了网上也有其他的类似的。,48.0,0.0,0.025,0.0,16.0
4858550788297775,wemedia,risk,#新冠后遗症##阳康后康养# 刚好我一个亲戚也是阳康后咽干等不适症状，面色也是看起来很不好，估计肝里有也实火，我就推荐了她一个养肝茶的方子回去试试，配方:金银花、菊花、枸杞、决明子、牛蒡根，开水冲泡5-8分钟，每天喝1-3杯，养肝、护肝、养胃,121.0,0.0,0.02,0.04,121.0
4858573840977111,wemedia,risk,关于#新冠后遗症# 让我时不时心慌的问题，玛德马上就过年了，我真的好想喝可乐，好想喝奶茶，可是不敢喝啊救命我又不喜欢酸味的，今年过年喝什么呀，不会天天喝奶吧,78.0,0.0,0.043478260869565216,0.0,78.0
4858634410924036,wemedia,risk,今天就是早起，做了一点事，就感觉很累，瞌睡。以前没有这样的感觉，还是新冠后遗症。大家现在的状态如何？#新冠后遗症# O网页链接,63.0,0.015873015873015872,0.0,0.0,21.0
4858674943894511,wemedia,risk,桃子公主成长记 6岁17天·新冠是不是有“懒”这个后遗症？都大年二十五了，就想在家躺平，互相鼓励了半天就只在南门儿贴了个春联，别的啥都没干呢…#东营##新冠康复日记##新冠后遗症##感染新冠是什么体验#,102.0,0.00980392156862745,0.0,0.024096385542168676,102.0
4858815717316683,wemedia,risk,【新冠后纳差、反酸治验】新冠非常容易引起食欲不振。记得我当时患新冠时，一点食欲也没有，新冠一周下来，我的体重减轻了五六斤。也相当于减肥了，比我往常用尽办法减去的体重还要多。但是很多人在新冠结束后仍食欲不振，纳差，甚至反酸等问题，此时用开胃进食汤为主加减治疗，效果显著。试举一例如下：詹某某，女，72岁，2023年1月4日初诊。主诉：纳差、反酸半个月。现病史：纳差、反酸半个月，面色，活动受限，大便干燥，每天1行，小便调。舌红苔白脉沉弱。诊断：纳差，反酸。脾胃不足，寒湿生热证。处方：太子参15g、炒白术15g 、茯苓15g 、甘草片10g、陈皮15g、清半夏9g、广藿香（后下）15 g 、木香10g 、丁香10g 、厚朴10g 、砂仁（后下）10g 、生麦芽30g、莲子30g、焦神曲30g、黄连片10g、瓦楞子（先煎）15g、海螵蛸（先煎）15 g、山药15 g、北柴胡6g、大枣15g。7剂，水煎服，日一剂，早晚分两次服用。健康指导：保持心情舒畅，适当运动，不适随诊。一周后复诊，患者异常高兴，原来一点食欲没有，服药后疗效显著，仅仅服用一两剂，即食欲大振，看食物就感觉饥饿，很香，很想吃，大便正常，平素睡眠夜间容易醒来。遂于上方去掉海螵蛸，加上莲子心15g、麦冬15g、合欢花15g、白芍15g，清心泻火，安神定志，有助于睡眠，以善其后。#临证验案# 385 #时间中医# 82 #新冠后遗症# 4清肺排毒汤颗粒，微信识别二维码，下单即可购买。现货，默认顺丰快递。,635.0,0.0,0.0064516129032258064,0.07096774193548387,37.35294117647059
4858816599166289,mainstream,risk,脑子里感觉雾蒙蒙的，难道是“脑雾综合症”？“脑雾(Brain fog)”指“被雾笼罩的大脑”的意思，就像脑子里罩上一层雾一样，感觉脑子发蒙，并且无法明确表达想法和表现的状态。虽然脑雾综合症不是疾病，但是因为脑神经轻微的炎症而产生的。但如果放置不管的话，集中力和认知能力会下降，对日常生活造成影响。那让我们来看看日常生活中脑雾综合症有哪些表现。为什么会产生脑雾综合症？诱发脑雾综合症的代表原因就是因为不正确的生活习惯导致的压力，疲劳等，荷尔蒙的变化也会产生影响。在女性荷尔蒙极具减少的更年期会常常出现脑雾综合症。像男性服用了防脱发药物的话，会抑制男性荷尔蒙，也会产生此种症状。此外，随着新冠确诊患者的增加，出现脑雾综合症的人群也在逐渐增加。脑雾综合症会有哪些症状呢？虽然脑雾综合症不是诱发身体痛症的疾病，但会引起集中力和注意力的下降，无力感，疲劳感等，也会降低认知功能，并降低生活质量。并且忽视这些症状，不以为是的话，得老年痴呆症的可能性也会增加，所以已达出现以上症状的话，就要及时去医院确认病症。脑雾综合症自我诊断1. 对话中特定单词想不起来的情况很多。2. 脑袋发蒙，有困倦和发堵的感觉。3. 无法集中，脑子里的想法无法好好表现出来。4. 两件事情很难同时进行。5. 经常抑郁，没有食欲。6. 思考能力下降，语讷7. 脖颈发硬，发胀，头痛8. 睡眠不好，但又突然发困以上的症状中，出现4个以上时，就要怀疑是“脑雾综合症”。脑雾综合症有什么可以改善的方法吗？1. 规律的运动有氧运动可以增加脑血流量的增加，增进肾上腺素等荷尔蒙的分泌，从而可以使记忆中枢-海马体的活性化，有助于精神健康。并且不仅可以清楚在能量产生的过程中产生的身体排泄物，开可以排出精神上的排泄物，从而改善综合症的症状。2. 健康的生活习惯规律适当的睡眠和休息，压力管理，禁烟禁酒，均衡的营养摄取等都有助于改善脑雾综合症。#首尔圣母医院##脑雾##新冠后遗症##脑雾综合症# ▶医院中文主页： O网页链接▶ (微信 ID :miyeonck)▶ 诊疗咨询： ihcc@catholic.ac.kr,881.0,0.004540295119182747,0.0027210884353741495,0.014965986394557823,38.30434782608695
4858840564369999,mainstream,risk,小🐏人如何避免后遗症？来自日本医生的建议星酱在国内的朋友好多都成了“杨过”和“杨康”。第一批小阳人们虽然发烧等主要症状控制住了，但还是伴有头疼，咳嗽，失去味觉等后遗症，并且迟迟不愈。.由于日本对于新冠开放的时间比较早，对于愈后的信息会比国内多一些。因此星酱急忙向熟知的医生朋友请教了，阳了之后如何避免和改善后遗症。.①避免疲劳 重点！哪怕觉得有一点懒不想做，也尽量不要做！什么都不做想必大家都会刷手机，其实即便是躺着看短视频，对于大脑来说也是很累的。所以趁这个机会给身体彻底放一个假吧~做家务、照顾小朋友以及看护病人也不能太勉强自己。不要洗澡洗头，时间尽量延后，实在受不了了可以擦拭身体。.回到工作岗位后，为了补上之前落下的工作而发愤图强，因此复阳的人也很多。特别是上下班通勤时间超过1小时以上也是很劳累的，视情况可以中途下车休息片刻。感染新冠60天内都属于需要特别注意的时期，适当“躺平”吧~.②控制饮酒吸烟，少吃甜食和油腻食物不要因为症状减轻就贪杯哦~另外，吃过多甜食和油腻食物，会对消化系统造成负担，容易导致后遗症加重。.③清洗鼻子加漱口据美国的调查报告称，每天2次用生理盐水清洗鼻子加漱口，不但可以减轻流涕咽痛的症状，还能将因新冠感染住院甚至死亡的概率减少9分之1。.④尝试针灸和中药中医博大精深，在日本也很受用的。对于恢复期难以恢复的症状，可以找正规的中医进行调理，让恢复事半功倍。.⑤补充锌和氨基酸很多小伙伴阳了后，失去了嗅觉和味觉，吃饭都不香了。甚至有人出现了脱发，让原本就不富裕的头发数量更加雪上加霜。很可能是由于缺锌造成的。建议去正规医疗机构测量血液中的锌含量后进行补充。补充氨基酸可以有效改善疲劳感。.⑥进行呼吸康复训练日本有一个网站【longcovid.jp】，会发布关于新冠后遗症的信息。这里面介绍了一种呼吸康复训练，如图所示。将腿放在枕头或纸箱上，膝盖成直角，左右胳膊下面放上垫子，进行正常呼吸5-10分钟。#新冠康复日记##新冠后遗症##养生##新冠恢复期失眠怎么办#,848.0,0.003537735849056604,0.0013477088948787063,0.009433962264150943,35.333333333333336
4858859930257629,wemedia,risk,发布了头条文章：《警惕「长新冠」，疲劳比例恐高达34.8%，干细胞可逆转新冠病毒的损害》 间充质干细胞已被证明在细胞再生和减少体内炎症细胞因子方面有效。间充质干细胞是一种具有自我复制和多向分化潜能的干细胞，它不仅能促进损伤组织的再生与修复，还拥有良好的免疫调节能力。当免疫系统激活不足时，间充质干细胞可以促进炎症，当免疫系统过度激活时，间充质干细胞可以抑制炎症，以避免自我过度攻击。通过调控免疫细胞的增殖、分化和功能状态，调节炎症因子水平，对于各种炎症相关疾病具有很好的应用前景。自新冠疫情以来，国内外在干细胞治疗新冠肺炎及其长期影响领域相继有研究成果输出。#干细胞# #新冠肺炎# #新冠后遗症# #提高免疫力#  O警惕「长新冠」，疲劳比例恐高达34.8%，干细胞可逆转新冠病毒的损害,344.0,0.0,0.006711409395973154,0.006711409395973154,68.8
4858903743437778,wemedia,risk,【新冠影响精卵质量？阳康后多久能备孕？干细胞可以修复吗？】最近，很多感染过新冠的人都「阳康」了。不少备孕夫妻却陷入了焦虑：阳了以后影响生育能力吗？精子和卵子质量受影响吗？阳康后多久能怀孕？多久能同房？现在热门的干细胞可以修复生殖系统的问题吗？这里给你答案。#新冠后遗症# #卵巢早衰# #备孕# #无精症# #干细胞#,159.0,0.050314465408805034,0.0,0.0,15.9
4859178100720283,wemedia,risk,【新冠后乏力治验】乏力也是新冠后遗症之一，对此，可以用续命汤（《金匮要略》中有名无方，《古今录验》补充完整方剂组成）治疗。《古今录验》续命汤组成：“麻黄、桂枝、当归、人参、石膏、干姜、甘草各三两，川芎一两，杏仁四十枚”，主治的是“中风痱，身体不能自收，口不能言，冒昧不知痛处，或拘急不得转侧”，煎服法：“上九味，以水一斗，煮取四升，温服一升，当小汗。薄覆脊，凭几坐，汗出则愈，不汗更服”。“续命”二字即为延续生命之义。新冠后遗症之乏力也可以用续命汤吗？当然也可以。因为新冠后乏力的产生为风寒侵袭身体，随后出现气血亏虚所致，故其病机为气血亏虚，风寒邪气留恋未去所致。续命汤中人参、干姜、当归、川芎为补益气血，温补中焦之药，麻黄、桂枝、杏仁、炙甘草实为宣散气机之药，生石膏还可清除余热。故用本方治疗新冠后乏力，并不不当。试举一例如下：李某某，女，70岁，2023年1月3日初诊。患者20日前感染新冠，随后出现全身乏力，近5因家中琐事儿心情不畅导致乏力加重，并伴有口苦，口中粘腻，精神欠佳。舌苔白厚腻，脉沉弱。诊断：寒湿化热证处方：生麻黄6g、桂枝15g、防风10g、羌活10g、生石膏30g、薄荷（后下）12g、干姜20g、炙甘草10g、川芎10g、北柴胡25g、清半夏15g、黄连片10g、党参片20g、当归12g、茯苓15g、炒白芍15g、麸炒白术15g。7剂，水煎服，日一剂，早晚分两次服用。一周后复诊，病症显著好转，患者自述能坐住在一个地方（原本坐不住），精神佳，略有口苦，走路多时出汗较多。遂于上方加乌梅15g，以滋阴生津，且可收敛汗液，收敛肝气。续服一周，以善其后。#临证验案# 386 #时间中医# 83 #新冠后遗症# 5#经方临证录#52 #伤寒心得集# 42清肺排毒汤颗粒，微信识别二维码，下单即可购买。现货，默认顺丰快递。,770.0,0.0012987012987012987,0.0,0.05128205128205128,40.526315789473685
4859178348709476,mainstream,risk,【新冠影响精卵质量？阳康后多久能备孕？干细胞可以修复吗？】最近，很多感染过新冠的人都「阳康」了。不少备孕夫妻却陷入了焦虑：阳了以后影响生育能力吗？精子和卵子质量受影响吗？阳康后多久能怀孕？多久能同房？现在热门的干细胞可以修复生殖系统的问题吗？这里给你答案。#新冠后遗症# #卵巢早衰# #备孕# #无精症# #干细胞#,159.0,0.050314465408805034,0.0,0.0,15.9
4859318120223849,wemedia,risk,真的很冷，这个天气太不利于我养病，持续低烧中，养到何时才能正常呀#天气预报# 🌨#新冠后遗症#,47.0,0.0,0.02631578947368421,0.0,47.0
4859502270611508,wemedia,risk,#新冠后遗症# 失眠这个真的很痛苦。据纽约时报说是52.4%的人在新冠一个月左右会开始失眠，6个月左右可以恢复。最平平无奇的一个后遗症，但是国内报道的好像很少前几天以为是喝了咖啡的原因。这两天没喝也失眠，就确定了我是新冠后遗症了#陆虎 求婚#宁波 2宁波,128.0,0.0,0.009009009009009009,0.02702702702702703,42.666666666666664
4859599280673436,wemedia,risk,新冠康复后，我的后遗症就是消化系统加速了，前脚吃了饭，后脚就饿了，上洗手间也频繁了，感觉自己被换了一副鸭肠子，肚皮就是个过水丘，什么也留不住，经常饥肠辘辘的。（西窗记）#新冠后遗症#,91.0,0.0,0.02564102564102564,0.0,91.0
4859761323149716,wemedia,risk,過敏煩死了！新冠後遺症之一就是更頻繁的發生過敏除了吃抗組織胺，如何可以徹低改善過敏的發生#過敏##發炎##新冠後遺症##新冠確診怎麼辦# 2中国台湾·臺北 L顏佑亮-到台灣治病的微博视频,93.0,0.010752688172043012,0.0,0.012658227848101266,93.0
4859793774218701,wemedia,risk,问就是炫饭株后遗症，是这样的，不是我本人想要吃的#新冠后遗症# 并且在一声声夸奖中迷失自我，我身边人的锅,52.0,0.0,0.06521739130434782,0.0,52.0
4859844420960280,wemedia,risk,阳康之后 就开始半夜失眠睡不着，白天又特别嗜睡#新冠后遗症# 2海口,34.0,0.0,0.0,0.034482758620689655,34.0
4859848816853678,wemedia,risk,新冠后遗症之一：失眠总算是有体会了#新冠后遗症# 2贵阳,28.0,0.0,0.0,0.041666666666666664,28.0
4859902881956788,wemedia,risk,【新冠后疲劳乏力治验】感染新冠后疲劳乏力，多是中气不足，气血亏损。可以用《古今录验》续命汤，李东垣升阳散火汤等治疗。例如王某某，男，69岁，2022年12月30日就诊。主诉：疲劳乏力感10日。现病史：因10日前感染新冠，随后出现全身不适，疲劳乏力，出虚汗，睡眠差，纳可，二便可，舌红苔白厚脉弱。诊断：气血亏虚。处方：防风10g、羌活10g、升麻10g、葛根30g、炒白芍15g、北柴胡10g、炙黄芪20g、党参片15g、麸炒白术15g、炙甘草10g、广陈皮5g、茯苓15g、黄芩片15g、川芎10g、当归10g、干姜15g。7剂，水煎服，日一剂，早晚分两次服用。一周后复诊，病症明显好转，无汗出，眠可，略有疲劳。查体后发现肺部略有炎症性病变。故于上方加干鱼腥草30g、蜜麻黄10g、蜜枇杷叶（包煎）20g。续服7剂，以善其后。#临证验案# 388 #时间中医# 85 #新冠后遗症# 7,393.0,0.0,0.0,0.10948905109489052,32.75
4859951958459903,mainstream,risk,发布了头条文章：《原来新冠后遗症是这样的......》 #新冠# #新冠后遗症# #新冠后遗症可持续数周数月甚至更长时间# #疫情#  O原来新冠后遗症是这样的......,86.0,0.0,0.0,0.0,86.0
4860031663347608,mainstream,risk,高风险可持续6个月！#阳了##新冠后遗症##咳嗽##阳性后肺栓塞风险高33倍##新冠病毒# L健识局的微博视频,55.0,0.01818181818181818,0.0,0.047619047619047616,55.0
4860095802901063,wemedia,risk,#新冠后遗症# 这段时间国内开始大量后遗症患者，国内疫情还是很严重，海外上周开始也陆续出现了，最近还有很多疫苗后遗症导致的心脏血栓也来了！后遗症有哪些症状？这些后遗症患者都有一个共同点：症状减轻已转阴，但迟迟未能彻底康复。有些无症状的人，比起感染前会有气短的问题。1）心血管系统：急性冠脉综合征，心衰，心悸，心律不齐2）呼吸系统：咳嗽，气短，低氧血症3）肾脏：急性肾损伤，慢性肾病4）肌肉骨骼系统：关节痛，肌无力5）全身：身体不适，疲劳，贫血6）精神系统 ：焦虑，抑郁，睡眠障碍，药物滥用7）神经系统：中风，头痛，记忆障碍，嗅觉障碍8）代谢/内分泌系统 ：肥胖，糖尿病，高血脂9）胃肠系统：便秘，腹泻，胃酸反流10）皮肤病：脱发，湿疹11）凝血异常：血栓早发现早治疗！,334.0,0.008982035928143712,0.0,0.040293040293040296,66.8
4860688046231693,wemedia,risk,【新冠后血糖不稳半个月】刘某某，男，2022年12月27日初诊。患者自述20余日前感染新冠后，近半月出现血糖不稳定，忽高忽低。患者且有全身不适，手心热，夜间手心热较重，如同冒火，服用牛黄上清片疗效欠佳。脚后跟凉，在室外时间久了脚后跟冷的甚至出现疼痛，小腹冰冷，饭后容易腹胀。面色发黑，睡眠欠佳。既往：糖尿病18年。失眠3年。舌红苔白厚脉细滑弱。诊为糖尿病，失眠，证型：虚寒虚热，痰热阴亏。予以健脾和胃、清心虚热、补火助阳治疗，方剂选玉泉散、青蒿鳖甲汤、四逆汤加减治疗。处方：生黄芪15g、山药30g、青蒿（后下）20g、麦冬15g、阿胶珠10g、生地黄15g、牡丹皮15g、鬼箭羽30g、知母15g、葛根15g、醋五味子10g、鸡内金30g、黑附子（先煎）10g、肉桂（后下）10g、醋鳖甲（先煎）20g、干姜10g。7剂，水煎服，日一剂。早晚分两次服用。一周后复诊，病症整体好转50%以上。手心热减轻，仍有是吗，腹胀满减轻，略有腰痛。续服上方7剂。又一周后三诊，病症整体好转80%以上。血糖稳定。手心略有热感，眠可，略有腰痛，胃脘痞胀，腹胀。此为脾胃略有寒湿，故于首诊方去山药、醋五味子，及清热之青蒿、牡丹皮，加花椒15g、麸炒白术15g、茯苓15g、白芍15g，以温脾行气，和胃消痞，散寒止痛，以善其后。#临证验案# 390 #时间中医# 87 #新冠后遗症# 9,584.0,0.0,0.0,0.07710280373831775,29.2
4860710209980082,mainstream,risk,#阳光长城慢病防治# #健康科普# #新冠后遗症# 最近西安交通大学第二附属医院呼吸与危重症医学科的杨拴盈主任给我们讲了一个现象，呼吸科爆满的情况下，发现许多患者当中，有很大一部分人的症状实际上是必须要得到重视的，他们并不属于呼吸科范畴，但却是新冠“阳”后很危险的一些反应，有这些症状的人，一定要直接去挂神经内科。发布了头条文章：《呼吸科医生呼吁“阳”后有这些症状的，别挂呼吸科了，直接去神经内科》  O呼吸科医生呼吁“阳”后有这些症状的，别挂呼吸科了，直接去神经内科,234.0,0.0,0.0049504950495049506,0.0,234.0
4860948084949681,wemedia,risk,#新冠后遗症#不知道是不是后遗症 今晚两点多睡下四点多就疼醒了 左边胸口连着腹部都疼 疼到现在都睡不着了,52.0,0.0,0.0,0.0,52.0
4860964132619332,wemedia,risk,这个星期，下载了一个背单词的app。我发现它的最大作用是可以鉴定下脑雾是否消失了，头懵懵的状态好起来一些没有头几天，简直怀疑自己老年痴呆了，新单词，看过，重复，下一秒就完全忘记。这几天终于有所改善。至少，下一秒大概能记得怎么念，重复几遍能记得怎么拼写了！虽然记忆力还是远差于正常状况，但是不再有那种可怕的瞬间断片的感觉了！#发现自己记忆力堪忧的瞬间##新冠后遗症#,182.0,0.01098901098901099,0.018633540372670808,0.0,36.4
4861331800588996,mainstream,risk,发布了头条文章：《转阴半年内的症状，你必须知道怎么办》 #阳康后# #新冠后遗症# #脑雾# #脱发# #研究发现罹患新冠会损伤大脑认知功能#  O转阴半年内的症状，你必须知道怎么办,91.0,0.0,0.0,0.0,91.0
4861408275601935,wemedia,risk,新冠肺炎 阳康后耳鸣失眠 新冠后遗症 中医针灸#针灸##中医##新冠后遗症# L中医周晓卿主任的微博视频,52.0,0.0,0.0,0.0,52.0
4861439174512197,wemedia,risk,阳康后持续低热，肿么了？最近很多朋友都问新冠后持续低热是怎么回事？今天就来聊聊这个话题～话题比较长，咱们分成（原理-居家养护-退热方法）几个部分。首先我们先来谈谈人为什么要发热呢？一个正常的人是不会无缘无故发热的，发热实际上是人体的自救，或者说是人体在主动清除，排出有害物质。比如说这次的新冠病毒，当病毒通过皮肤侵入人体的时候，人体的免疫系统就会启动，全身的气血就会到达皮肤这个最外层的防御系统，来抵抗新冠病毒，防止病毒入侵。打个比方:新冠是敌军，皮肤是城墙，免疫系统/气血是我方守军。我军与敌军在城墙上打拉锯战。这个过程人体就会出现发热，寒战，打喷嚏。所以大家就会发现，一出汗就容易退热，为什么，就是因为出汗就代表着把敌军驱除了，我方胜利，军队自然就可以从城墙上撤回城里，就不会发热了。那么，聪明的你猜猜看，发热前常常出现的寒战，是人体在干什么呢？#新冠后遗症##中医##中医养生##新冠##健康养生# 2洛阳,406.0,0.009852216748768473,0.011299435028248588,0.002824858757062147,36.90909090909091
4861448751156362,wemedia,risk,#新冠后遗症#其实，新冠的后遗症，大概就是让人在自己的基础上加10岁。18岁的人，到28岁，状态也不会差；28到38，38到48，也都还好，要根据身体情况注意发福；48到58，就这里痛那里痛，初老痕迹骤现；58到68，68到78，78到88，88到98，越往后越艰难。当然，有些人本来体质好，要活108，到了68、78、88也都还好，有些人本来能活80，可能就到不了88了。,187.0,0.0,0.007407407407407408,0.17037037037037037,31.166666666666668
4861637108171283,wemedia,risk,阳过后的后遗症之一是失眠！！！#新冠后遗症# 2遵义·鸭溪镇,30.0,0.1,0.0,0.043478260869565216,10.0
4861767182191378,wemedia,risk,新冠肺炎 新冠后遗症 阳康后膝关节疼痛 中医针灸#中医##针灸##新冠后遗症##膝关节疼痛# L中医周晓卿主任的微博视频,60.0,0.0,0.0,0.0,60.0
4861947142473153,mainstream,risk,"#新冠后遗症# 近段时间，有一家biotech通过战略聚焦“新冠后遗症”这一未满足的临床需求，进行艰难逆袭。据相关估计，Long COVID- 19症状（新冠病毒后遗症，或者叫“长期新冠”）影响全球约1亿患者，疲劳是最常报告的症状。最新的估计表明，15-20%的COVID - 19患者有持续的健康问题，多达400万美国人因长期COVID症状而失业，长期COVID - 19导致了约1万亿美元的收入损失和5,440亿美元的医疗支出增加。 O大涨70%，这家Biotech靠“新冠后遗症”治疗药物翻身？",250.0,0.004,0.0,0.06432748538011696,62.5
4862435368109476,wemedia,risk,#凡膳皆药寓医于食# #新冠后遗症# 排第一的…         是饮食习惯天天离不开，各种速成肉奶蛋和鱼虾类高营养高蛋白，需要再肠道里通过腐烂模式代谢的贵族食物！！！         疫情三年有太多的生命用健康论证了，三高和心脑血管类基础疾病群体，最容易被病毒入侵，#凡膳皆毒# 几乎所有速成的高营养高蛋白食物，早已是通往基础疾病的捷径㊙️还敢天天吃的应该都是家里有长生矿的✍🏽 L醉南邊的微博视频,200.0,0.015,0.0,0.0,66.66666666666667
4862474522199012,wemedia,risk,新冠后遗症 咳嗽频繁咳嗽 胸闷 中医针灸#新冠后遗症##针灸##缓解新冠咳嗽的方法##胸闷# 2深圳·北京中医药大学深圳医院 L中医周晓卿主任的微博视频,76.0,0.0,0.0,0.016129032258064516,76.0
4862685316123930,wemedia,risk,#新冠后遗症# 我是差不多去年 12中旬阳的，至今已经一个半月的时间。第一次出现症状的时还可记忆尤深，因为那天刚好嫌前几天穿羽绒服有点热，可以换了件博外套，记得当时就是吃完中午饭回公司的路上，一阵风吹过，突然打了个哆嗦，我当时就知道情况可能不妙。果然，当天下午就出现发烧症状，回家还可以洗了个很烫的热水澡，记得第二天晚上那发汗，整个人就跟从海里刚捞起来一样，第一次这样窘迫，记忆很深。随后一周内，公司基本被荡平，那是后话了。我的症状持续的时间不短，大约一周左右整体精神恢复到之前的状态，就是咳嗽的症状至少持续了半个月的时间。在此期间一直有鼻涕和咳痰。然后因为听闻心肌炎的威名，一直也没敢运动，直到状态基本痊愈的一月初，才第一次恢复性的开始打球。谁知道，当天整个球场就到了两个人，我俩就包场投了1个多小时的篮，随后的一周，人数就开始逐渐回暖了。目前的情况，运动的体能和爆发力貌似没有什么影响，只不过因为健身房关门装修的缘故，加上春节的丰盛伙食，体重应该是涨了几斤，待节后健身房开门，半个月给干回去（就是游泳而已，不是重体能训练）。所以，所谓新冠后遗症，目前在我的身上貌似还没什么特别的地方凸显，个人案例，仅供参考。明日正式开启搬砖模式，各位兄弟姐妹，你们做好准备了吗？#微博新知博主##微博健康公开课##假期结束你想上班吗#,561.0,0.0017825311942959,0.01,0.004,51.0
4862775941398560,wemedia,risk,#新冠后遗症# 20岁的年纪80岁的身体，昨晚怎么那么早就让我睡着了，才凌晨12点,41.0,0.0,0.030303030303030304,0.09090909090909091,41.0
4862842262258588,wemedia,risk,#新冠后遗症# 脱发、疲劳、焦虑、眼痛…… O脱发、疲劳、眼痛，春节后你有这些新冠“后遗症”吗？,48.0,0.020833333333333332,0.0,0.0,48.0
4863032972282579,wemedia,risk,#疫情三年##新冠治疗##长新冠##新冠后遗症##提高免疫力##医行天下##抗疫行动##如果阳了怎么办##新冠病毒##新冠病毒为什么致命##新冠肺炎##大白肺# 权威解析｜新冠死亡与大白肺（微信全文链接）O权威解析｜新冠死亡与大白肺国内一些媒体认为这次疫情是低风险流感，一些刊物说是暑湿疫等，三年来我们在公众号等很多网络平台陆续分享了诸多新冠方面的专业学术文章。身在海外可以快速查阅大量最新文献资料，现结合2020年武汉救助，以及之后海内外21国看诊经验，再次为大家普及这方面的知识。栓塞与血管性疾病德国病理学家、汉堡大学法医研究所所长Klaus Püschel教授的团队对192具尸体做了解剖，尸检结果发现很多死者身上有血栓即血凝块。死亡原因中，20%感染者因原有基础疾病，30%因肺栓塞，50%因血栓导致的其他器官衰竭而死亡。2010年在台湾做学术讨论时曾讲过，人不是老死的是堵死的。衰老和一切重大疾病的直接原因是体内瘀堵，身体越瘀堵、器官老化的就越快。这次新冠的一个特性其实就是，加快身体各部位栓塞，导致各器官因缺氧而衰亡。你是否发现身体像是衰老了10年20年？50岁年龄却是70岁的身体状态？从另一层面来说，它提醒我们衰老与死亡，提醒我们无常的到来。一夜之间感染，数日之内变老即是如此。还记得那些重症患者？虽然最后转阴了，但身体各处已被破坏得太严重，身体无力进行自我修复。这时必须借用对症的中草药、正确的治疗方法，帮助身体恢复。近三年来我在公众号上分享的文章，均来自海内外看诊近2万患者的治疗经验、诊疗记录及患者反馈，认真看完定会受益无穷。早期文章中提过：感染新冠病毒后，身体出现过激免疫反应“细胞因子风暴”，进而诱发肺部血栓及血管堵塞症。血液中的血小板误以为是体内出血，因此开始自救产生凝血所致。从这次国内疫情也可以看出，一些老年人因为原有的心、肺、肾、肝、颈椎等基础病影响，形成血栓的风险增加了。这个病毒似乎具有高度智慧，专门攻击人体薄弱环节。可以说自身哪里有问题，哪里的症状就被放大。《华盛顿邮报》中的《医生们发现了新冠病毒攻击人体的新方式》一文中提到，所谓“新方式”指：新冠病毒对人体的攻击不单是瞅准了肺部，而是多脏器的全面攻击。医生们从积累病例中发现：很多患者死于中风或肺栓塞，乃至其他多器官的直接堵死。说到底，是因为血管里形成的血块进入大脑或肺部等其他脏器，有些病毒则直接攻击脑部、心脏，导致了炎症的产生。顶尖医学刊物《柳叶刀》的研究发现，这恐怕是因为新冠病毒直接攻击了体内的内皮细胞。内皮细胞是什么？其实是血管内壁，是身体中的内皮细胞，而血管最密集的地方在肺部。这就很容易解释新冠肺炎并非是呼吸系统疾病，而是一种血管疾病。很多海外医学杂志媒体其实都有报道，这并非像很多人说的大号流感。大白肺与疏通脏腑栓塞2022年8月美国宾大医学院的研究报告显示，新冠导致的血栓风险比普通病症高60%-89%。这就很容易解释目前出现的一个现象‘白肺’，其实跟当年武汉的肺部磨玻璃样是一个类型。肺部含有全身最多的血管，肺部感染栓塞后，肺部血氧不足衰亡了。所以疏通肺部血栓是关键，无论中西医都必须要考虑这点。大白肺是当下引人关注的话题，而体内任一器官感染都会得大白肺。死亡原因除了大白肺，还可能是心脏大白肺、脑部大白肺等等，新冠感染后会导致全身血栓。治疗过程中，眼光别单纯关注在大白肺上。我们用了三年的2号治疗方（23年版新2号方）之所以临床效果那么好，其中一点就是含有疏通血栓的成分。详情可见26版海内外与上海义诊反馈，以及最新诊疗反馈。前面提到了病毒损伤机体内皮细胞，大脑中的大量极细微毛细血管也会受到攻击。脑部组织因为血栓导致缺氧，大脑缺氧超过4分钟会死亡。目前的心脑血管疾病治疗中，老an gong 的疏通效果最好 —— 因为它含有天然犀牛角、麝香和牛黄。An gong 的发明者吴鞠通，1783年检校《四库全书》时得见明代医家吴又可的《温疫论》—— 世界上第一部关于疫情的医书。有感于医者墨守伤寒治法不知变通，他撰写了《温病条辨》七卷，提出了温病三焦辨证学说。这一问题在目前的新冠治疗中仍旧存在：尽管很多中医帮助患者们减轻了一些临床症状，但复阳与后遗症层出不穷。疫情最开始给医生们形成的误导是，这个病毒好像是在攻击肺部。但实际上它的目标是：血管～！遍布全身的血管都在遭受攻击。血管内壁受损后形成的血块一旦松落，就会随血液进入脑或肺部等脏器，导致中风、肺栓塞、肝脏受损或肾衰竭等。一些医学专家在武汉疫情早期也发现这一问题，推出了an gong牛黄丸。An gong除了可以对治高热外，还有个非其莫属的作用是疏通心脑部血栓。早期an gong之所以有这一特效是因为含有天然麝香、牛黄和犀牛角，后来再生产的an gong丸里就没有这些天然成分了。市面老an gong 1颗已是十万多，10颗75年an gong在20年1月香港苏富比打包拍卖成交价350万港币。目前全世界医学发展技术最好的国家也只能做开颅术而非脑部手术，但70%的脑血栓中风都是在脑部。中风后患者常见的口眼歪斜、言语不清、行动丧失、严重瘫痪、乃至植物人等，都是这个原因。海外新冠感染者中，中风年龄多在40岁之后。记得我当年在这个年龄段，由于长期熬夜看诊出现中风前兆，最后依靠半颗老an gong 化险为夷。生命只有一次，没资本赌，也输不起。相关阅读：an gong 的小故事O安宫的小故事武汉病案中的新冠病毒被定义为B型新冠病毒，大多攻击肺部，造成肺部栓塞。其他国家的不同毒株导致的病症各不相同，加拿大一位著名明星因腿部栓塞继而坏死，为避免进一步感染而截肢。世界各地出现的类似问题，如胸闷、头痛、背痛、关节痛等，也是这个原因。想想自己体内有多少瘀堵，瘀堵的血栓又如何清理。栓塞通常由静脉血栓引发，而很多静脉血栓发生在腿部。道家有句古话，腿部经脉难打通；一旦打通妙不可言。站桩静坐，是疏通下肢血栓的最好办法。经脉不通则体内栓塞缓慢形成，经脉畅通则健步如飞。医院救助模式我们再来看看医院的一些救助模式：一、输液。主要有葡萄糖、生理盐水，维持身体正常新陈代谢。一般长时间昏迷的患者需要，能进食的完全可以通过饮食获取。二、抗生素。用来对付细菌感染可以，对病毒感染没用。三、激素。SAAS期间使用过，最终导致骨头坏死。之后的武汉与上海疫情以及现在的临床治疗中，仍是乐此不疲、用得最多。为何用激素？降低免疫力。这点大家是否觉得很奇怪，为何不是提高免疫力，反而是降低？这有点像移植后的排斥反应。病毒攻击体内某些器官的时候，机体免疫系统开始工作。因为病毒太强，导致双方损伤惨重，战火蔓延至其他脏器，最终殃及池鱼。免疫系统无差别地攻击病毒，而病毒又与脏器相互融合，导致器官不断受损。激素的作用就是降低攻城部队的战斗力，避免同归于尽。我们应该提高战斗力，迅速击溃来犯之敌。与此同时清理被战火破坏的战场，尽快清扫通道中的栓塞，恢复正常的血液循环。这是我的治病思路，来自于丰富的临床经验以及科学数据。这也是为何三年来看诊近2万人次获得优良反馈，后遗症患者极少，3位高龄离世者有基础疾病，死亡率0.015%。一位患者说，‘看了三年新冠，有如此成绩，您最有发言权’。仅以此文献给医学同行们，希望能真正解答一些问题，同时指出问题症结所在。也希望能借此普及一下新冠方面的知识，尤其是现在各种信息、治疗方法满天飞的时候。愿更多人了解新冠的致病原理、治疗原则，意识到从提高免疫力、清除体内血栓入手才是根本。不足之处，请见谅。,3080.0,0.0022727272727272726,0.004116766467065869,0.012350299401197605,34.22222222222222
4863313450895312,wemedia,risk,你真的“阳康”了吗？#白肺##新冠后遗症##烟台体检##医星康源医疗##亚健康# L烟台问家的微博视频,51.0,0.0196078431372549,0.0,0.0,51.0
4863316641984310,wemedia,risk,#新冠后遗症##疲劳##长新冠# #新冠康复# 后出现“疲劳”、“心跳过速”等后遗症的小伙伴可以看一下这个意大利的最新研究结果。具体服药请遵医嘱，但多补充维生素C是不会错的~ps. 一般情况下，后遗症会持续3~6个月，然后消失，心肌炎症状也是一样。#长新冠##long covid##新冠后遗症像各种症状不同组合#,157.0,0.0,0.0,0.017094017094017096,78.5
4863362822047481,wemedia,risk,#长新冠##新冠后遗症# 每天都有很多这类患者，有感染后遗症的 ，有yimiao 后遗症的， 大多数月后出现，及时找有经验的医治，这个病其实很多人是不会治的。,79.0,0.0,0.0,0.0,79.0
4863580568820903,wemedia,risk,【最新研究：过半新冠原始毒株感染者康复后面临中度以上长期后遗症】#新冠感染##新冠后遗症##新冠防控##疫情防控##新冠病毒# O网页链接,69.0,0.0,0.0,0.0,69.0
4864214923739454,wemedia,risk,#新冠后遗症# #灵魂升维# #futureisnow# 我第一次因为这个病知道人类大脑真的只是一个带过滤功能的显示屏，你在直接和自己灵魂对话，大脑真的down机，我现在打字感觉都不经过脑子的感觉，运作方式和以前不一样 我要怎么表达，就是我灵魂直接指挥我打字，可以说出以前不想或者绝对不愿说的话，但凡我脑子过滤二审我也发不出来了。大脑本身就是充满bug，所以说阿尔兹海默症患者在末期获得了全知觉，他们灵魂跳过大脑直接读取数据，又能认出自己儿子女儿了，因为小时候被对门邻居的“老年痴呆”阿婆总是拉住喊孙女，阴影很大，但邻居也说 最后能认出所有人，这不是回光返照，只是她的灵魂开始工作，大脑彻底弃用。盲人在濒死体验时获得了视觉，能精确描述景象，所以我们的大脑就是来迷惑表演。脑子绝对赞同的我以后都要打个问号。,352.0,0.0,0.03642384105960265,0.0,88.0
4864400815557313,wemedia,risk,新冠后遗症 嗅觉味觉减退#新冠后遗症##新冠可能导致味觉嗅觉短期丧失# 2深圳·北京中医药大学深圳医院 L中医周晓卿主任的微博视频,65.0,0.0,0.0,0.017543859649122806,65.0
4864440439411373,wemedia,risk,#新冠后遗症# 完全学不进去也是新冠后遗症吧,22.0,0.0,0.0,0.0,22.0
4864666683578911,wemedia,risk,#新冠后遗症# 35+的女性朋友，🐏后一个月，左耳听力极速下降，血压狂飙！住院半个月，完全听不见，聋了。现在积极配合医生进行针灸治疗，医生也不敢保证听力是否会恢复。更甚者，困病程长可能双耳失聪。朋友们，一定要做好防护！不要再次被感染！,117.0,0.02564102564102564,0.0,0.010309278350515464,19.5
4864808371619845,wemedia,risk,这次耳聋 医生诊断结果 病毒感染 侵犯内耳神经 所以 我由衷的建议大家 在没完全阳康 好透之前 先别急着练 低姿俯卧撑 #突发性耳聋# #新冠后遗症# 2上海·龙柏地区,84.0,0.0,0.014925373134328358,0.014925373134328358,84.0
4865352960314366,wemedia,risk,各位 喜讯传来喜讯传来 在连吊了三天盐水 之后 我的右耳 恢复了一丢丢 以前只能听到 吱吱吱~~ 现在 把耳机音量开到大 可以听到些 迷糊的文字 #突发性耳聋##新冠后遗症##兔然好转# 2上海·龙柏地段医院,104.0,0.0,0.012195121951219513,0.012195121951219513,104.0
4865393963306794,wemedia,risk,"耳机自带的""环境音""功能 对耳聋的朋友 超级 友好 听力提升 20% 肯定有的 #突发性耳聋##新冠后遗症# 2上海·翌骏广告公司",65.0,0.0,0.0,0.041666666666666664,65.0
4865434346325182,wemedia,risk,新冠后580万人数据分析近日，美国圣路易斯医疗保健系统和华盛顿大学医学院联合，通过研究在库的580万人数据，分析6个月内再次感染导致的健康风险，包括各种器官系统的全因死亡率、住院治疗和后遗症。⚠️与未感染者相比，再感染患者死亡率和住院风险增幅显著，全身各器官均有受到后遗症影响，感染次数越多，累积后遗症风险越高，且新冠感染急性期健康风险在6个月后仍然存在。这篇研究不光是样本量足够多，还使用逆概率加权生存模型进行了再感染人全因死亡率、住院率和器官系统的健康风险，是目前首次同时描述再感染的短期和长期健康风险的研究。首先，他们统计了再次感染后遗症的风险和负担。与未发生再感染的患者相比，发生再感染的患者在6个月时每千人全因死亡负担增加115%。再感染患者的住院负担增加 214%，且至少有一种新冠;感染后遗症负担增加74%。在后遗症方面，再感染愚者肺部后遗症的负担增加240%，肺外器官系统疾病包括心血管疾病增加193%、凝血和血液病增加205%、疲劳增加 127%、胃肠疾病增加134%、肾脏疾病增加249%、心理健康障碍增加 99%、糖尿病增加 69%、肌肉骨骼疾病增加62%和神经障碍负担增加 56%。而且，这些数据无关疫苗接种，也就是说，无论是否接种过疫苗，再感染与更高的全因死亡率、住院率、至少一种后遗症和不同器官系统的后遗症风险相关。其次，他们还对多次感染的后遗症累积风险和负担进行了评估，结果同样不容乐观。数据显示，一次感染、两次、三次或更多次感染的患者住院负担分别增加了 40%、302%、528%，至少有一种新冠感染后遗症负担分别增加了 24%、 57%、67%。再感染患者肺部后遗症的负担分别增加了 87%、238%、308%，肺外器官系统疾病包括心血管疾病分别增加了 54%、186%、335%，凝血和血液病分别增加了 62%、194%、324%，疲劳分别增加了43%、139%、224%，胃肠疾病分别增加了 28%、119%、198%，肾脏疾病分别增加了 38%、189%、389%，心理健康障碍分别增加了 26%、89%、122%，糖尿病分别增加了 35%、106%、185%，肌肉骨骼疾病分别增加了 23%、 52%、80%和神经障碍负担分别增加了 25%、 69%、117%。总之，这项来自580万人的大数据研究结果表明，再次感染新冠，不仅会进一步危害身体健康，还可能留下终身的后遗症，万万不可小觑。#新冠##后疫情时代##关注新冠肺炎##新冠后遗症##健康#,1044.0,0.0,0.0,0.06909547738693467,80.3076923076923
4865512355922600,mainstream,risk,随着全球感染人数达到5.23 亿，越来越多的研究人员把精力放在了研究#新冠后遗症# 上。瑞典一项研究对100多万名新冠病例进行了数月的追踪和观察，以确定新冠是怎么影响感染者康复后出现血栓风险的。研究结果表明，人们在感染新冠后的几个月内，#深静脉血栓# 形成和#肺栓塞# 的风险有明显增加。 O别以为“阳康”了就没事了，30天内这种致命疾病的风险增加了33倍！,179.0,0.00558659217877095,0.0,0.026490066225165563,44.75
4865545600763135,wemedia,risk,阳康一个多月后，出现持续低烧，被诊断为新冠持续性症状，看来这个病毒🦠真是了得啊，一个多月还没给它干干净，目前发热门诊人数不多(第一次进去)，但进去的时候还是有点犹豫～#新冠后遗症#,90.0,0.0,0.0,0.0,90.0
4865844532482708,wemedia,risk,“阳康”后可能出现的“后遗症”，你遇到了么？ 新冠 #长新冠# #新冠后遗症# #医学通识# 薄世宁 L薄世宁的微博视频,62.0,0.016129032258064516,0.0,0.0,62.0
4866071012314456,wemedia,risk,吊盐水 至今第五天 听力 和昨天差不多 音量开到 正常大小 文字 还是听不清楚 #新冠后遗症##突发性耳聋# 2上海·龙柏地段医院,65.0,0.0,0.0,0.0196078431372549,65.0
4866458004490068,wemedia,risk,第六天了 还是听不清文字 #新冠后遗症##突发性耳聋#  L难般聊聊的微博视频 2上海·龙柏地段医院,50.0,0.0,0.0,0.025,50.0
4866542226113332,wemedia,risk,#新冠肺炎# 从感染到现在已经快两个月了，一直咳嗽，打了吊针，打了针，拿了药(胶囊，头孢，咳嗽糖浆，甘草片……)现在还没好，晚上不怎么咳嗽，白天咳，咳得胸口疼，医院人很多，想知道要不要去医院拍个ct#新冠后遗症#,106.0,0.0,0.0,0.0,106.0
4866690703687950,wemedia,risk,你们的新冠真的好了吗？我老是突发性的疲劳 据说是慢性疲劳综合征 #慢性疲劳##慢性疲劳综合征##新冠后遗症##长新冠# 有没有靠谱的方子推荐呀！我现在先吸会儿氧,80.0,0.025,0.029850746268656716,0.0,40.0
4866796518116130,wemedia,risk,今天是连续吊盐水 第七天 估计是张信哲的歌 太熟了 大脑对歌词 有点记忆功能 其他人的歌词 依旧听不出 #新冠后遗症##突发性耳聋# 2上海·龙柏地段医院,77.0,0.0,0.0,0.015873015873015872,77.0
4866851509372925,wemedia,risk,#新冠后遗症# 新冠真的不简单，阳后快2个月了，早上泡了杯陈皮白茶，懒得掰开，略浓，喝了两杯心跳的咚咚的,52.0,0.0,0.0,0.022727272727272728,52.0
4866856160333678,wemedia,risk,新冠肺炎 反复发烧恶心呕吐#新冠后遗症# L中医周晓卿主任的微博视频,34.0,0.0,0.0,0.0,34.0
4866889317353613,wemedia,risk,七天 吊了个寂寞 #新冠后遗症##突发性耳聋# 2上海·上海中医药大学附属曙光医院（西部）,45.0,0.0,0.0,0.02857142857142857,45.0
4866997781007019,wemedia,risk,阳康之后，有了鼻炎这算是后遗症吗#这个秀是一定要选吗##新冠后遗症# 2上海,38.0,0.0,0.0,0.03125,38.0
4867235111503563,mainstream,risk,咳嗽、疲劳难缓解，这类“长新冠”症状真没办法消除吗？听英国皇家心肺专科医院专家分享：如何应对“长新冠” #新冠后遗症##新冠病毒去哪了它会消失吗# L盛诺一家官方微博的微博视频,88.0,0.011363636363636364,0.0,0.0,88.0
4867300195041720,wemedia,risk,昨天挂了一个25元普通号 🏥前面排队600多个人 今天挂了个200元特需号 🏥前面排了6个人左右 #新冠后遗症##突发性耳聋# 2上海·复旦大学附属眼耳鼻喉科医院,81.0,0.0,0.0,0.078125,81.0
4867543297426155,wemedia,risk,‼️新型冠状病毒对于人眼攻击的第二大类最常见的方式，是会造成全身出血凝血血液动力学的改变，从而造成眼部出血性的疾病。✔️有的病人，白眼球上面红了一大块，血红血红的特别明显，觉得很吓人。其实这就是由于局部的毛细血管破裂造成的，不需要用药，但是可能对于发生的人来说，心理负担比较重，觉得很焦虑。✔️再说说眼睛里面的感染，前面我们说这种皮肤表面在白眼球上的感染，还有一类是眼睛在后段的出血主，要是在黄斑区可能会有少量的出血，出现这种情况就会引发视物变形或者是视力的明显下降，这种情况需要及时来医院就诊。✔️有的时候，如果出血量特别的大或者是本身有一些原发性的疾病，比如说高血压或者糖尿病，血管质量本身就不是特别好，就有可能会出血出到玻璃体腔里，造成视力的严重下降，这些情况下，医生一般都会给予一些局部的对症处理，使用一些药物等等。希望出血可以自行吸收，同时呢也会建议保持一个比较制动的状态，尽量少活动，如果血不能够吸收，就是需要手术进行了。#新冠后遗症##眼科科普#,430.0,0.0,0.0025906735751295338,0.0,71.66666666666667
4867597767806552,mainstream,risk,发布了头条文章：《不再担心新冠，却被长期新冠后遗症纠缠不清》 你，阳康之后是否还会心累心慌？是否感觉体力不如从前？ 做好营养补充！#健康# #新冠后遗症# #营养#  O不再担心新冠，却被长期新冠后遗症纠缠不清,105.0,0.02857142857142857,0.0,0.0,35.0
4867606987669776,wemedia,risk,今天 去参观了一下 下周一的 住宿环境 和妇科 在同一个区 #新冠后遗症##突发性耳聋# 2上海·上海中医药大学附属曙光医院(东院),66.0,0.0,0.0,0.019230769230769232,66.0
4867609994986743,wemedia,risk,推迟了13天的大姨妈，今天终于来了，可真吓人了#新冠后遗症#,30.0,0.0,0.0,0.04,30.0
4867616592629848,wemedia,risk,阳康后仍然焦虑、抑郁、失眠，怎么办？ #长新冠##新冠后遗症##微博健康公开课# L杨宁医生的微博视频,51.0,0.0196078431372549,0.0,0.0,51.0
4868637545205792,mainstream,risk,#感染新冠真的可怕吗# #二次感染# #nature# #新冠后遗症# #健康风险# #成马大健康网# 大健康 日前，新冠感染的第一波高峰已至，但大部分第一波感染的人尚未完全恢复。春节的临近伴随着XBB系列毒株的进入，人们普遍担心二次或多次感染的后果，更有微信聊天截图疯传二次感染会造成更严重的后果。要了解事实真相，我们应该首先参考一下已有过多轮感染的其他国家的经验。今天，我们从科研的角度深入了解580万人的数据，了解真实世界里多次感染新冠病的后果。殷鉴不远，我们应该客观理性的面对新冠疫情，而非被各种妄言裹挟。发布了头条文章：《最新！580万人的数据，告诉你多次感染新冠病毒的后果》  O最新！580万人的数据，告诉你多次感染新冠病毒的后果,323.0,0.006191950464396285,0.011235955056179775,0.011235955056179775,46.142857142857146
4868662941451820,wemedia,risk,新冠肺炎 阳康后乏力气短#新冠后遗症# L中医周晓卿主任的微博视频,33.0,0.0,0.0,0.0,33.0
4868666313671193,wemedia,risk,空床位 还没有腾出来 在病房区域的 走廊上 已经开始 消费起来了 #新冠后遗症##突发性耳聋# 2上海·上海中医药大学附属曙光医院(东院),69.0,0.0,0.0,0.01818181818181818,69.0
4868777890549581,wemedia,risk,来这 吃住不愁 工作不误 我感觉 要给个 五星好评 #新冠后遗症##突发性耳聋# 2上海·上海中医药大学附属曙光医院(东院),62.0,0.0,0.020833333333333332,0.020833333333333332,62.0
4868963685896177,wemedia,risk,现在医生看到我 叫我→“独龙” “突”在上海话里面读“dú”的音 “突”发性耳“聋” 简称“独龙”了 #新冠后遗症##突发性耳聋# 2上海·上海中医药大学附属曙光医院(东院),87.0,0.0,0.03333333333333333,0.016666666666666666,87.0
4868977162194392,wemedia,risk,#新冠后遗症# 一晚上的失眠之后，我决定不再勉强自己，选择在2·14这天自动退出艺博馆志愿者的两个群，删除了相关人员，从今往后不再有交集。给本就不易的生活少了一份焦虑，也给自己的退休生活多点自由自在。（当志愿者最重要的是要开心啊😃）我本人从12月底得过新冠之后整个人心态变得了无生气，没有了学习的欲望，只想随着性子过，想干啥就干啥！该吃吃该喝喝该玩玩，开心就好。看到昨天新发的150页的讲解资料（之前发的31页的资料我已经学习过多遍、翻阅了许多资料并手写了部分讲解词｜在得新冠之前），连翻看的心思都没有。即便如此也本来是想今天到馆里实地学习观摩一番，有利于自己接下来的考核，也想着在2.26之内考出来（要求全体志愿者3.5之前考出来），甚至名单都已填好上交了。可我的内心一点都不快乐，胸口一直有块石头压着一般，透不过气，眉头也没舒展过，夜里更是无法入眠！如此这般，确实是在给自己添堵。于是，我行我素了一番操作之后，如释重负，可以安心补觉了！情人节虽然没有收到老公的礼物，说实话无所谓，以往也本就没有，不过我自己昨晚在京东上剁手了，买了垂涎许久的三脚架和滤镜。所以现在不再有考学等诸如此类的压力，心里开始舒坦起来了（附言：突然发现自己性格转变有些大，以往学习新技能、讲解考核等等从未担心，只有满腔的热情，势要拿下的决心，现在真的没有了，新冠后遗症？我觉得我心理得病了……我猜猜哈：抑郁初期症状？更年期反复？算了，不管啦#带着边框一起拍##就这一刻# ）#今日边框打卡#,633.0,0.009478672985781991,0.028933092224231464,0.012658227848101266,48.69230769230769
4868981582204097,wemedia,risk,大清早 护工就把我安排了 所有体检项目 一个个做掉 #新冠后遗症##突发性耳聋# 2上海·上海中医药大学附属曙光医院(东院),62.0,0.0,0.02,0.02,62.0
4868990097162641,wemedia,risk,泡杯香浓的 咖啡 ☕开启 吊盐水时段 #新冠后遗症##突发性耳聋# 2上海·上海中医药大学附属曙光医院(东院),55.0,0.0,0.0,0.023809523809523808,55.0
4869038797490616,wemedia,risk,耳朵 头顶 大腿都打上 金针了 #新冠后遗症##突发性耳聋# 2上海·上海中医药大学附属曙光医院(东院),52.0,0.0,0.0,0.025,52.0
4869149900147740,wemedia,risk,夜里 做核磁共振的人 多的 超乎我的想象了 #新冠后遗症##突发性耳聋# 2上海·上海中医药大学附属曙光医院(东院),58.0,0.0,0.021739130434782608,0.021739130434782608,58.0
4869351616807332,wemedia,risk,吊针~金针~贴针~💉 统统给我 一起上 #新冠后遗症##突发性耳聋# 2上海·上海中医药大学附属曙光医院(东院),56.0,0.0,0.024390243902439025,0.024390243902439025,56.0
4869356414047577,wemedia,risk,【关注长期新冠后遗症丨阳康后的养肺利器：干细胞外泌体雾化】干细胞外泌体对组织修复有疗效，包括促进血管生成、抗凋亡、抗纤维化、抗炎和免疫调节作用。这也是雾化外泌体能够有效治疗新冠的原因。干细胞外泌体的临床应用优势还在于其易扩增、易获得和易长时间保存。外泌体雾化疗法通过鼻腔吸入形式，利用外泌体独有的因子和蛋白质修复被新冠肺炎损伤的肺部，抑制免疫系统风暴，从而系统性治疗新冠病毒对肺部的损伤。2021年，发表在《Stem Cells and Development》上的一文指出，间充质干细胞来源外泌体在治疗重症新冠肺炎患者成效显著，康复率高达71%。#干细胞# #外泌体# #新冠后遗症# #肺纤维化# #阳康后遗症#,308.0,0.0,0.0,0.008130081300813009,61.6
4869363855787753,wemedia,risk,今天又加了 一个高科技 鼓膜治疗仪 #新冠后遗症##突发性耳聋# 2上海·上海中医药大学附属曙光医院(东院),54.0,0.0,0.0,0.023255813953488372,54.0
4869553714365062,mainstream,risk,【关注长期新冠后遗症丨阳康后的养肺利器：干细胞外泌体雾化】干细胞外泌体对组织修复有疗效，包括促进血管生成、抗凋亡、抗纤维化、抗炎和免疫调节作用。这也是雾化外泌体能够有效治疗新冠的原因。干细胞外泌体的临床应用优势还在于其易扩增、易获得和易长时间保存。外泌体雾化疗法通过鼻腔吸入形式，利用外泌体独有的因子和蛋白质修复被新冠肺炎损伤的肺部，抑制免疫系统风暴，从而系统性治疗新冠病毒对肺部的损伤。2021年，发表在《Stem Cells and Development》上的一文指出，间充质干细胞来源外泌体在治疗重症新冠肺炎患者成效显著，康复率高达71%。#干细胞# #外泌体# #新冠后遗症# #阳康后遗症# #肺纤维化#,308.0,0.0,0.0,0.008130081300813009,61.6
4869679699461253,wemedia,risk,这次 无敌大窗景观病床位 🛏️早上看日出🌅 白天晒太阳🌞晚上观明月 绝对五星好评 #新冠后遗症##突发性耳聋# 2上海·上海中医药大学附属曙光医院(东院),77.0,0.0,0.0,0.016666666666666666,77.0
4869697431929497,wemedia,risk,咖啡配 吊水 住院 才有味 #新冠后遗症##突发性耳聋# 2上海·上海中医药大学附属曙光医院(东院),50.0,0.0,0.0,0.02631578947368421,50.0
4869725542944876,mainstream,risk,#新冠病毒去哪了它会消失吗##新冠后遗症#新冠 不讨论疫情了，不代表没有新冠后遗症！10个可能是后遗症的情况，看看你有几个？衍生青冠皇，专治后遗，强化肺部费好一身舒，神气又精灵！匠心品牌，源于香港甄选天然，草本食养,108.0,0.027777777777777776,0.0,0.01098901098901099,36.0
4869751522459820,wemedia,risk,瓜子+午餐+咖啡 开启一天的办公 赚点医药费出来 #新冠后遗症##突发性耳聋# 2上海·上海中医药大学附属曙光医院(东院),61.0,0.0,0.0,0.020833333333333332,61.0
4869763463908433,wemedia,risk,医生问我 有没有好转点 我说没进展 还是老样子 于是就 多给我扎了几针 #新冠后遗症##突发性耳聋# 2上海·上海中医药大学附属曙光医院(东院),72.0,0.0,0.05172413793103448,0.017241379310344827,72.0
4869771084171145,mainstream,risk,有研究显示：感染新冠后，患糖尿病风险增加2.35倍O有研究显示：感染新冠后，患糖尿病风险增加2.35倍# 新冠#新冠肺炎#糖尿病并发症##新冠感染#新冠肺炎#新冠后遗症#新冠病毒增加糖尿病风险#新冠状病毒#关注新冠肺炎#感染新冠是什么体验#吴尊友谈新冠病毒环境传人三条件#,136.0,0.0,0.0,0.017543859649122806,136.0
4869778358141424,wemedia,risk,全程自己操作 无需医生护士 #新冠后遗症##突发性耳聋# 2上海·上海中医药大学附属曙光医院(东院),50.0,0.0,0.025,0.025,50.0
4870045735848092,wemedia,risk,刷牙洗脸 泡咖啡 坐等 护士来吊针 #新冠后遗症##突发性耳聋# 2上海·上海中医药大学附属曙光医院(东院),54.0,0.0,0.0,0.023809523809523808,54.0
4870120869203723,wemedia,risk,住院治疗期间的 最后一次打金针 #新冠后遗症##突发性耳聋# 2上海·上海中医药大学附属曙光医院(东院),52.0,0.0,0.0,0.023809523809523808,52.0
4870130612568460,wemedia,risk,#每天摸鱼打卡##花式摸鱼现场##新冠后遗症#天啊，新冠后遗症都2个月了还在各种换着花样折磨人，这个症状治好点，又有其他症状，搞什么鬼！,68.0,0.014705882352941176,0.0,0.017543859649122806,68.0
4870346967351555,wemedia,risk,下午二点 挂了一个专家号 开了出院后 在家喝的中药 要麻烦医院 代煎代寄服务 七点收到信息 快递已发出 #新冠后遗症##突发性耳聋# 2上海·上海中医药大学附属曙光医院(东院),88.0,0.0,0.0,0.013888888888888888,88.0
4870410552214069,wemedia,risk,泡一泡☕ 吊一吊💉一个上午 过去了#新冠后遗症##突发性耳聋# 2上海·上海中医药大学附属曙光医院(东院),53.0,0.0,0.0,0.024390243902439025,53.0
4870432962642770,wemedia,risk,今天 又上了一台高科技产品 这个医院的招数 算是用尽了 #新冠后遗症##突发性耳聋# 2上海·上海中医药大学附属曙光医院(东院),64.0,0.0,0.0,0.019230769230769232,64.0
4870525224487418,wemedia,risk,来青城山打平安櫵，道法自然 ，大道至简爬了半天，感觉新冠后遗症缓解了很多  #道法自然##道法自然山水人间##新冠后遗症# 2成都·青城山前山,71.0,0.0,0.0,0.017543859649122806,71.0
4870776011097267,wemedia,risk,早餐 吊水 仪器 入院 七日至此 所有流程 走完 聋子 依旧聋子 #新冠后遗症##突发性耳聋# 2上海·上海中医药大学附属曙光医院(东院),69.0,0.0,0.0,0.019230769230769232,69.0
4870875784675642,wemedia,risk,🎤 总结性发言：医院 用尽所有手段 聋子进来 聋子出去 七天住了一个 寂寞 #新冠后遗症##突发性耳聋##未康出院# 2上海·上海中医药大学附属曙光医院(东院),80.0,0.0,0.0,0.01639344262295082,80.0
4871163052297153,mainstream,risk,[奋斗]阳了，咩了好像突然在我们生活中消失了一样。[成人礼]事实上，根据中国疾控中心2月18日最新发布的《全国新型冠状病毒疫情情况》，新冠感染者虽然已大幅降低，但是新冠感染人数仍然存在，每天新增感染者在5000例以上。当然，即使新冠突然消失，白肺也不会消失！因为，它可不止因为新冠~深圳蓝生脑科医院专家提醒：不仅是新冠病毒，呼吸道合胞病毒、流感病毒等多个病原体和一些细菌都可以引发肺部炎症。相对来说，有基础疾病的高龄患者，尤其是有慢性阻塞性肺炎、结构性肺病、糖尿病、肥胖症等疾病者感染新冠后，是危重症高发人群。具体来讲，这四类人特别容易被白肺盯上！1. 高龄人群，年龄在 65 岁以上；2.未接种过疫苗的；3.有各种慢性基础疾病的人，包括慢性肺病、心脏病、糖尿病、肥胖症、肿瘤病人，使用免疫抑制剂的人群，需要定期透析治疗的人群；4.病情进展较快者。那么，哪些人感染后特别需要做肺部CT呢？①有基础疾病的人群，特别是患慢阻肺、支气管疾病、肺癌、心衰、肾衰等疾病的患者都要格外小心。②阳康后出现有痰中带血、夜间咳嗽加重、咳大量黄色浓痰、再次发热、气短、呼吸困难、胸痛、咳嗽等症状时间超过2周；③阳时使用了退烧药，但呼吸持续高于39摄氏度超过3天且没有下降趋势。④阳时出现胸闷，呼吸困难等症状，指脉血氧饱和度≤93%；[举杠铃]现在，你也看到啦~#杭州两所中小学出现新冠阳性学生##杭州校方回应出现阳性学生#都登上了热搜，为了你的家人们，一键收藏好啦！#曾光提醒新冠并没有消失##每日新增阳性5000例以上##近期新增2例变异毒株##开学第一天##找工作后才明白的事##健康##体检##年度检查##家长##上班族##孩子##青少年##白领##打工人##上班##白肺##白肺是怎么出现的##新冠去哪儿##新冠后遗症##二次感染新冠是什么体验##新冠康复日记##上学##个人有必要做新冠抗体检测吗#,794.0,0.005037783375314861,0.0015408320493066256,0.02157164869029276,49.625
4871234678425404,wemedia,risk,先买了5次高压氧舱 试试效果 #新冠后遗症##突发性耳聋# 2上海·复旦大学附属中山医院门诊急诊部,49.0,0.0,0.0,0.04878048780487805,49.0
4871234556269267,wemedia,risk,新冠感染，六大后遗症，看看你占了几个？建议转发收藏#新冠后遗症# L区俊文医生的微博视频,44.0,0.022727272727272728,0.0,0.0,44.0
4871235022360524,wemedia,risk,【新冠后失眠治验】何某某，女，36岁。2022年12月下旬，患者感染新冠基本痊愈后出现失眠，难以入眠，甚至到凌晨2:00都无法入睡，一晚上轻轻睡了3小时，又醒了，醒后难以再次入眠。略有咳嗽还有，晚上躺着咳得多，盗汗，甚至汗湿衣背，晨起后自觉头重脚轻。此为营卫不和，汗液不固，虚热扰心所致。当调和营卫，镇心安神，敛汗止汗。以桂枝汤合桂枝甘草龙骨牡蛎汤、甘麦大枣汤加味治疗。处方：桂枝15g、白芍15g、炙甘草10g、生姜5片、生龙骨（先煎）30g、麦冬15g、合欢花15g、茯苓30g、生牡蛎（先煎）30g、浮小麦30g、丹参15g、竹叶10g、生石膏30g、法半夏9g、党参15g、大枣5个。5剂，水煎服，日一剂。用法：生龙骨生牡蛎先煎半小时后放其他药，待大火烧开锅后换用小火煎煮30分钟。患者服用两日，就反馈：“范医生，这两天吃了您新开的方子，终于能睡着觉了，太感谢您了！今天吃第三剂。”2个月后随访，患者仍睡眠安好。#临证验案# 406#时间中医# 99 #新冠后遗症# 11 #伤寒心得集# 48 #经方临证录# 58,462.0,0.0021645021645021645,0.0,0.08823529411764706,38.5
4871986989238609,wemedia,risk,托老姐的福 又干了几针 #新冠后遗症##突发性耳聋#,26.0,0.0,0.0,0.0,26.0
4872007374868569,mainstream,risk,《新冠后持续咳嗽，拍CT查出磨玻璃结节、肾结石等，影响买保险吗？》 #新冠后遗症# #带病投保#  O新冠后持续咳嗽，拍CT查出磨玻璃结节、肾结石等，影响买保险吗？,82.0,0.024390243902439025,0.0,0.0,41.0
4872313915314661,wemedia,risk,終於戰勝新冠後遺症科技前沿超有感療程腦霧疲勞不見抗老美顏瘦身一起來#干細胞##新冠後遺症##抗老化##exosome##脂联素##减肥# L顏佑亮-到台灣治病的微博视频,84.0,0.0,0.0,0.0,84.0
4872701388260914,mainstream,risk,我国已发现7例XBB.1.5输入病例！O我国已发现7例XBB.1.5输入病例！#新冠#XBB.1.5#中小学生感染#杭州两所中小学出现新冠阳性学生#新冠后遗症#新冠肺炎新冠新冠肺炎#新冠感染#,97.0,0.020618556701030927,0.02702702702702703,0.06756756756756757,48.5
4872740006532099,wemedia,risk,今天才接诊10位患者，怎么感觉去了半条命，好累。新冠之后，精力不济，容易累，大多数人应该都是这样。对年轻人来说，休息是最有效的，但能够真正休息到位的很少。老年人倒是有充足的休息时间，但气血不足、脏腑虚衰，也很难短时间内完全养好。还是靠中医药善后吧，做做针灸推拿按摩正骨，吃点滋补药好好调理。#新冠后遗症#,152.0,0.0,0.0,0.007575757575757576,30.4
4872949212908433,mainstream,risk,【阳康“#后遗症#”尚存？春季养生注意这几点】很多患者在新冠病毒感染康复期会感觉疲劳乏力、胸闷气短、时有干咳等，尤其在上楼或者运动时更为明显。@江苏省中医院 呼吸与危重症医学科副主任、副主任中医师何海浪表示，中医认为这是温病后期，气阴两伤，尚未完全恢复，可以使用一些益气养阴，补益正气的中医药进行调理，同时注意春季养生要点，以加快康复。O阳康“后遗症”尚存？春季养生注意这几点#新冠后遗症##阳康#,199.0,0.010050251256281407,0.0,0.0,49.75
4873078067431817,wemedia,risk,买了一个 新武器 试试 有没有效果 #新冠后遗症##突发性耳聋# 2上海·翌骏广告公司,43.0,0.0,0.0,0.030303030303030304,43.0
4873343167893019,mainstream,risk,发布了头条文章：《新冠后遗症？日本约四成大学生“感到孤独和被孤立”》 日本留学 #日本社会# #新冠后遗症#  O新冠后遗症？日本约四成大学生“感到孤独和被孤立”,82.0,0.024390243902439025,0.0,0.0,41.0
4873695280234832,wemedia,risk,做了一个疗程 完全没效果 依然无怨无悔 又去续了费 #新冠后遗症##突发性耳聋# 2上海·复旦大学附属中山医院,55.0,0.0,0.0,0.022222222222222223,55.0
4874057571369842,wemedia,risk,今天高压氧舱里 二位老人睡着了 那个呼噜打的 此起彼伏欢乐开怀 #新冠后遗症##突发性耳聋# 2上海·复旦大学附属中山医院,61.0,0.0,0.0,0.0196078431372549,61.0
4874198587539555,wemedia,risk,曝光一个善变的女人哈哈～可能有的人被确诊了焦虑症，有的被确诊了植物神经紊乱，有的是心理的，但也都跟生理相关，你会发现好几个互相联通，也和情绪互相影响。也就是身体不好，影响情绪，情绪不好影响身体，比如颈椎、失眠、焦虑、心慌、肠胃等。看图5⃣️6⃣️就会知道，植物神经功关系着整体，不仅有头痛、失眠烦躁、厌食、焦虑抑郁等大脑功能紊乱的症状，而且还会出现循环、消化、内分泌代谢，生殖系统等功能失调的症状。大部分都是脏腑功能失调引起的，近期则更多是阳了引起的。很多人都是做了一堆检查都是没有任何器质性的症状表现，但自觉症状繁多，精神负担极重，总怀疑自己得了什么病又查不出…你看，先因功能性改变，身体确实不舒服，最后又因为查不出无法解决，引发精神压力互为影响，进入恶性循环。 所以，多关注身体功能，少关注疾病。人体才是最精密的仪器，从科学提升身体自愈力去努力吧。🙏#焦虑##焦虑症##植物神经紊乱##新冠后遗症##关注新冠肺炎##营养##健康#,417.0,0.0,0.0028169014084507044,0.005633802816901409,59.57142857142857
4874535457524131,wemedia,risk,医院拔火罐 和按摩店不一样的地方是 先在你身上打洞 打完洞位置上再拔罐 #新冠后遗症##突发性耳聋#,50.0,0.0,0.0,0.0,50.0
4874623307748882,wemedia,risk,今天是突发性耳聋 整整一个月 跑了三家医院 尝试了各种方案 我也接受现实 心态也放平稳了 #新冠后遗症##突发性耳聋# 2上海,63.0,0.0,0.019230769230769232,0.019230769230769232,63.0
4874626843019448,wemedia,risk,#新冠后遗症# 前几天看到微博上有人说，稳定了10几年、几乎没有痕迹的眉下去皮切口瘢痕，在新冠以后疯狂增生……今天门诊看到一位鼻整形术后假体感染的患者，明确地诉说自己是在XG以后突然出现的小柱旁肿胀渗出……目前我个人只能说有相关性，是否有因果关系，还无法证明,129.0,0.0,0.017543859649122806,0.008771929824561403,129.0
4874921522235169,wemedia,risk,脑子想踩急刹，但是脚却迟迟不行动；感觉自己变迟钝了咋办？#新冠后遗症##脑雾##变傻##医学科普# L急诊科-魏兵的微博视频,62.0,0.016129032258064516,0.02040816326530612,0.0,31.0
4875218180640740,wemedia,risk,#新冠后遗症# 这次新冠老人多有基础病，很多人感染后治疗不及时、不对症就产生了后遗症。所以在治疗后遗症的时候需要同时考虑基础病，基础病好了，后遗症也好了 ，后遗症好的快，需要一并治疗基础。,94.0,0.0,0.0,0.0,47.0
4875637560443335,mainstream,risk,作为一种会影响全身多系统的疾病，新冠感染后出现睡眠障碍的人群确实有增多。韩腾医生介绍，基本大家都经历过了一轮感染，新冠感染期间发热、鼻塞、咽痛、头疼等不适症状势必会影响睡眠，对于一些有基础病的患者，可能还会出现一些原发疾病的加重。比如我们的慢阻肺病患者、哮喘患者，本身就有一个慢性的肺部基础疾病，那在遇到这种冠状病毒感染的时候，即便不是病毒性肺炎，只是一个上呼吸道的感染，也有可能会诱发慢阻肺病或哮喘的急性加重，那当务之急是要先把自己的治疗药物规律用好，如果症状仍得不到有效控制，建议患者及时到呼吸科门诊就诊进行病情评估和调整治疗。最近这段时间，关于睡不好的咨询确实会多一些，一方面新冠感染后部分患者会伴随相当长时间的咳嗽、乏力等不适，这些症状可以影响患者睡眠；另一方面，新冠感染对全身多系统都会造成影响，包括我们的中枢神经系统，有些患者会出现记忆力下降、“脑雾”、心境障碍，进而引起患者情绪波动、睡眠障碍都是比较常见的。虽然我们和新冠共存了三年之久，但是很多人对新冠的认识还是非常有限的，当面对人群感染增加以及周围出现重症患者时，一定程度上会造成心理恐惧，尤其新冠对老年伴随心肺基础疾病的患者而言，确实存在更高的重症风险，这在一定程度上造成患者的紧张和担心，在面对这种生活变化或者应激状态的时候，就会出现失眠、入睡困难、早醒，总觉得睡不踏实这种情况。对于大部分人而言还是短期的，过了这个应激状态之后，慢慢就会恢复。#健康科普# #睡眠障碍# #失眠# #新冠后遗症#,634.0,0.0,0.006980802792321117,0.0,90.57142857142857
4876201846638057,wemedia,risk,杨过之后一直精气神不足，睡眠质量差，怎么补#改善睡眠质量##新冠后遗症# 2西安,40.0,0.0,0.0,0.030303030303030304,40.0
4876616377831629,mainstream,risk,【#长新冠#可能和这六个习惯有关】有些人的“新冠后遗症”真的很长，我家一个亲戚说几个月了时不时的会咳嗽，前几天还感染了甲流。长新冠指的是初次感染新冠病毒后，症状至少持续了4周，有估计说可能有20-40%的人会这样。近期，哈佛大学陈曾熙公共卫生学院研究团队发现，参与他们长新冠研究的人中，最常见的是疲劳，其次是嗅觉味觉问题，还有人主诉呼吸急促或容易迷失方向。接着，研究者又发现，在参与者中，保持健康体重、不吸烟、每周至少150分钟中等以上强度的运动、吃高质量饮食、酒精不过量（5-15克/天）、充足睡眠，这6项健康生活方式，做到得越多，长新冠的症状越低。是不是可以这么理解，对付长新冠，你得帮身体加把劲儿而不能做猪队友，你的生活方式越不健康，身体就越收拾不了新冠留下的残局？#新冠后遗症#,343.0,0.0029154518950437317,0.003389830508474576,0.023728813559322035,68.6
4876718575456223,wemedia,risk,#新冠后遗症# 每天都有不少人咨询，二个多月了还出现各类症状，大家想想为什么，这次走了那么多老人，剩下的会一点没事吗？年轻人好透的都不多更何况老人家。,75.0,0.013333333333333334,0.0,0.0,37.5
4877060319478264,wemedia,risk,今天 除了打金针 💉还上了个 新武器 #新冠后遗症##突发性耳聋#,33.0,0.0,0.0,0.0,33.0
4877789099987752,mainstream,risk,“我感觉我已经不是原来的自己了！”，O6500万人被“长新冠”笼罩，做好这件事很重要！ 或许你和全世界其他6500万人一样，在新冠“阳康”几个月后，依然有疲劳、持续咳嗽、失眠、焦虑或抑郁、注意力和记忆力下降等“新冠后遗症”（长新冠）的症状。而女性、老年人（尤其有基础疾病者）、超重与肥胖者、吸烟者、未接种疫苗者出现“长新冠”的风险更高。研究表明，接种二价mRNA疫苗，即可以降低二次感染率，也可以大大降低“长新冠”的风险。愿大家及时接种新冠疫苗加强针，避免再次感染，也远离新冠后遗症（长新冠）！#微博健康在关注# #新冠后遗症# #可去香港打复必泰二价疫苗# #长新冠# #甲流与新冠会叠加感染吗# O6500万人被“长新冠”笼罩，做好这件事很重要！,325.0,0.012307692307692308,0.012,0.012,46.42857142857143
4877794012037227,wemedia,risk,“新冠之后，身上遍发湿疹，点滴、打针，吃药都试过（后来通过问诊是吃西药）”，找我扎针，开了三副中药，有点见效了。方子为当归、地黄、通草、牛蒡子、生石膏、知母、苍术、荆芥、蝉蜕、防风、火麻仁、、甘草。#湿疹##新冠后遗症#,110.0,0.0,0.012345679012345678,0.0,55.0
4878045595305455,wemedia,risk,高压氧舱 我一共去做了整整十次 发觉残疾人的素质 还是非常高的 无人放屁脱鞋等 不文明行为发生 #新冠后遗症##突发性耳聋# 2上海·复旦大学附属中山医院,77.0,0.0,0.015384615384615385,0.015384615384615385,77.0
4878170194707936,wemedia,risk,#新冠后遗症# 新冠后咳嗽了两个月没彻底好透，拿着CT看了两次医生说无碍，也无需吃药，CT显示右肺上叶胸膜下少许条索影，有懂的么,64.0,0.0,0.0,0.0,64.0
4878543203598850,mainstream,risk,距离大家阳康已经过了几个月了，今天我们再来聊聊新冠后遗症！研究表明新冠感染或症状发作后的15天-2个月，最容易发生眼部感染。糖精们经历了眼部感染的问题吗？新冠是如何一步一步危及眼部的健康呢？今天言言就和糖精们一起来聊聊新冠疫情对眼睛的伤害，而我们应该怎样做才能呵护眼睛呢。#新冠后遗症# O网页链接,149.0,0.020134228187919462,0.014705882352941176,0.014705882352941176,29.8
4879104204083039,wemedia,risk,继抗衰老、抗炎、抑制肿瘤生长、促进毛发生长、减肥、心血管保护等多项新发现后，二甲双胍这个老牌降糖药近日又给我们带来了新的惊喜。今年3月6日，美国明尼苏达大学医学院助理教授 Carolyn Bramante 领导的团队在柳叶刀旗下预印本平台 SSRN 发表了一篇文章，在业界激起不小的震动。这项随机、多中心、四盲平行对照 III 期研究的长期随访结果试验证实：在新冠感染早期服用二甲双胍，可使新冠后遗症的风险降低42%；如果在症状出现后4天内开始服用二甲双胍，则能进一步使新冠后遗症发生风险降低63%。#新冠后遗症##新冠后遗症可持续数周数月甚至更长时间#,277.0,0.0,0.004405286343612335,0.022026431718061675,69.25
4879166346366065,wemedia,risk,#新冠后遗症##新冠后遗症可持续数周数月甚至更长时间# 心痛、心悸特效穴——治愈系棒棒哒 经络穴位书籍图解穴位 L幸福能量疗愈体系创始人_赵馨的微博视频,77.0,0.0,0.0,0.0,77.0
4879308134549902,wemedia,risk,因为新冠之后一直胸闷气短咳嗽去了医院，以为是肺有后遗症，结果拍了片子被诊断为咳嗽变异性哮喘。#咳嗽变异性哮喘##新冠后遗症#,62.0,0.0,0.0,0.0,62.0
4879537579496553,wemedia,risk,失眠日记3:昨天中午爬山1小时，晚上散步1小时，22点左右上床睡觉，明明身体感觉很累但就是睡不着，隐隐感觉体内有点发热（可能与中午晒过被子有关），期间一直感觉醒着。一直闭眼躺到1点四十几分，遂起夜，之后彻底醒了，但是眼皮很重，腰很酸（昨天爬山、走路累的），还有点热，躺了一会后换了条薄点的被子。之后脑袋开始胡思乱想：睡不着怎么办之类...又过了好一会，隔壁的鸡开始断断续续打鸣，我告诉自己不要在意，选择性的忽视它，集中注意在自己的呼吸上。又过了好一会，终于有一点倦意了，翻个身，又醒了...之后平躺找回睡意，然后就迷迷糊糊的，一直半睡半醒到5点多，拿起手机看了会时间继续睡（因为感觉没睡够），一直到接近7点，虽然还是很困，但绝对起床，起来后感觉整个人好累好累，眼睛里也全是加深的红血丝...现在我的感觉还是全身乏力，虽然之前没有感染新冠的症状，但怀疑是无症状，现在后遗症出来了（乏力，失眠），有人说有些严重的人可能会持续数月。结合生肖来看，今年属鼠的命犯太岁，难怪开年以来一直诸事不顺#失眠##新冠后遗症可持续数周数月甚至更长时间##新冠后遗症##犯太岁#,478.0,0.0,0.009708737864077669,0.01699029126213592,119.5
4879590616728721,mainstream,risk,心肌炎是临床常见的心血管急症，尤其在新冠疫情实施“乙类乙管”后，由于新冠病毒的侵袭，导致心肌炎的患病率上升，且多为急性发病，已引起临床的高度重视。#新冠后遗症# #阳过后小心病毒性心肌炎# 同时，急性心肌炎与应激性心肌病在诊断方面的辨别较为困难。基于此，特邀中国医学科学院阜外医院伏蕊主任，结合国内外文献、指南共识，详细讲解急性心肌炎的诊治流程，以供临床参考。O病毒侵袭后导致心肌炎成为临床难题！权威专家详解诊治方法,208.0,0.004807692307692308,0.0,0.0,52.0
4881304858134748,wemedia,risk,新冠后遗症 失眠 胃痛腹痛 中医针灸#中医##针灸##新冠后遗症# 2深圳·北京中医药大学深圳医院 L中医周晓卿主任的微博视频,63.0,0.0,0.0,0.0196078431372549,63.0
4881325385062678,wemedia,risk,夫妻俩阳后，大爷是肺癌＋新冠后遗症，阿姨，阳康后感觉还差点儿，吃着中药得都扛过来了#新冠后遗症#新冠#肺癌#中医中药 L中医肿瘤牛小培的微博视频,75.0,0.0,0.0,0.0,75.0
4881457204167923,wemedia,risk,#甲流##怎样预防甲流和诺如病毒##预防流感##新冠后遗症##感染甲流病毒该如何治疗# 医行公益 | 三日免费治疗派发活动圆满上一周，我们进行了为期三天的免费治疗药派发活动。主要针对曾经在我们这里看过诊的（仅限中国），不限何时、不限何病，与我们有缘的大众们。累计派发了2079包治疗新冠后遗症、巩固新冠治疗及提高免疫力的药品。举行这个活动，一来是反馈一路支持我们的新老朋友们；二来我们在海内外临床上发现，很多患者用了一个疗程恢复的效果不错，就停止了治疗，以为全好了。大家普遍的感觉就是，药很好、差不多了。其实新冠不同于其他病，治个差不多往往导致很多的后遗症问题。记得在武汉时我们统计过，大多数人都是2个疗程全好透的。然后我们额外在这个基础上，又免费赠送了提高免疫力的1号方一个疗程、用于巩固。赠送的第三个原因是，疫情三年来不少人家庭经济负担过重。我们通过赠送的方式减轻大家的经济负担，同时也是为了更好地巩固之前的治疗。线上看诊耗费的精力体力能量不是常人所能理解的，大家早日康复也是对医者的一种尊重。通过赠药活动，最终我们希望大家能早日康复，杜绝这个顽固病毒导致的后遗症，更希望大家能学会养生。世界格局已经诸多变化，天灾人祸不断，作为一个千年文化大国，怎能独善其身。男儿当自强，人生的价值在于更多的责任与担当，让我们一起努力~小医生  2023年3月14日小医生の提醒流感期间家里可以每天烧点艾草，我认识的几位师兄老人，每天早晚站桩、点艾条杀菌灯三年来没被感染过。,631.0,0.0,0.019642857142857142,0.010714285714285714,42.06666666666667
4881700323070481,wemedia,risk,#新冠后遗症# 阳康后大家有没有一样的:除了身体素质下降，脑子不好使之外，道德修养和思想觉悟反而提高的。,52.0,0.0,0.0,0.0,52.0
4882042632015996,wemedia,risk,中医#咳嗽##甲流##新冠后遗症# 最近甲流，新冠后遗症引起的咳嗽非常多，有的一咳咳好几个月不会好，中医治疗效果也很好。正所谓：咳不离于肺，也不止于肺；肺不伤不咳，脾不伤不久咳。,90.0,0.0,0.0,0.0,30.0
4882213118942307,wemedia,risk,大家有没有新冠变阳后的后遗症？反正我现在味觉差的太多了，吃啥都不香了。饭量为减少了。#新冠后遗症##关注新冠后遗症#,58.0,0.017241379310344827,0.02,0.0,19.333333333333332
4883630452903690,wemedia,risk,有感而发 新冠给我的两个后遗症：结膜炎，频繁复发还有就是上完厕所记不得冲水。。我真服了 在阳之前从来从来不会，但阳后已经数不清多少次了。。。#新冠后遗症# #新冠后遗症患者# #如何防止新冠后遗症#,99.0,0.0,0.024691358024691357,0.0,19.8
4883669518910202,wemedia,risk,#心梗##新冠后遗症#新冠后一定要注意，很多人心脏出了问题，心脏有问题需要及时处理，它跟发动机一样有隐疾会突然骤停。古代有个老药用犀牛角做的叫angong 牛黄丸，也是中国瘟疫第一人吴鞠通发明的。,98.0,0.0,0.0,0.0,49.0
4883904920291604,wemedia,risk,"身体出现这些表现可能是新冠后遗症❗👉新冠病毒来势汹汹造成了大范围的感染，相信不少人都经历了各种各样的不良反应，但随着高峰期的过去，有很多人的身体状态并没有恢复到以前的身体状态，有些人持续不断的咳嗽、浑身乏力等等这都是新冠的后遗症。.🌻在门诊中我也接诊过很多新冠后遗症的患者，有持续不断的咳嗽、身体乏力、记忆力下降等等症状，经过一段时间的调理，患者反应疗效还是很好的。今天给大家总结几点新冠后遗症的症状，快自查你有没有这些症状。.1️⃣记忆力减退：即便是刻意集中精神去完成某件事，也会因为""大脑不清醒、运作不正常""而无法集中。.2️⃣吃不下、睡不好：病毒入侵后会攻击身体的各个系统，包括消化系统、神经系统等，从而让人食欲不佳，睡眠质量变差。.3️⃣疲劳、乏力：俗话说""病去如抽丝""，因为免疫活动在短期内过于频繁，机体的代谢负担增加，继而导致疲劳。.4️⃣脱发严重：病毒感染会影响到机体的正常运作，包括头皮毛囊的营养供给也会发生变化。.5️⃣呼吸系统异常：受体质差异的影响，不同的人在感染后肺部损伤的程度不同，如果损伤较重，会直接影响到人体的呼吸功能，引发呼吸困难。.⚠️⚠️⚠️新冠过后你的身体出现了哪些症状？#中医##健康##新冠##新冠后遗症##中医调理#",529.0,0.001890359168241966,0.002232142857142857,0.011160714285714286,58.77777777777778
4883947290366487,mainstream,risk,#新冠后遗症# 【新研究解释“长新冠”：#新冠病毒或能改变人类细胞基因组# 】美国得克萨斯大学休斯顿健康科学中心科学家揭示：感染新冠病毒后，人体细胞的基因组结构可能会发生变化，这一变化此前从未在其他冠状病毒中发现。该研究不仅有助解释人感染新冠病毒后出现的免疫方面的症状，还能解释“长新冠”。相关论文刊发于23日出版的《自然·微生物学》杂志。 L环球网健康的微博视频,182.0,0.0,0.0,0.006369426751592357,60.666666666666664
4883978018359299,mainstream,risk,#新冠后遗症# 【新研究解释“长新冠”：#新冠病毒或能改变人类细胞基因组# 】美国得克萨斯大学休斯顿健康科学中心科学家揭示：感染新冠病毒后，人体细胞的基因组结构可能会发生变化，这一变化此前从未在其他冠状病毒中发现。该研究不仅有助解释人感染新冠病毒后出现的免疫方面的症状，还能解释“长新冠”。相关论文刊发于23日出版的《自然·微生物学》杂志。 L环球网健康的微博视频,182.0,0.0,0.0,0.006369426751592357,60.666666666666664
4884642395590013,wemedia,risk,国外研究数据说新冠后遗症:通常心脏方面的症状会被没有经验的医生误诊为焦虑症等精神疾病。长期身心受此影响的也会导致～长期残疾…即使初次感染没有后遗症，第二次第三次反复感染后遗症的几率会更大。新冠不可小觑🙏#焦虑症##精神疾病##长新冠##新冠##新冠后遗症#,128.0,0.0,0.0,0.0,64.0
4884642757611229,wemedia,risk,【心悸、心跳过快、心慌、胸闷胸痛】的朋友对照下自己的情况👇有可能是心脏神经官能症植物神经紊乱1⃣️有症状先去医院检查确认，这很重要。2⃣️查不出器质性问题，考虑营养干预加速身体修复，好好养身体。#胸闷心悸等是心肌炎症状吗##长新冠##植物神经紊乱患者有哪些症状表现##心脏神经官能症##新冠后遗症#,149.0,0.0,0.008064516129032258,0.016129032258064516,74.5
4884729344821955,wemedia,risk,#新冠后遗症##医行天下##新冠肺炎##咳嗽##新冠治疗##感染新冠后为什么会脱发##新冠康复日记##新冠恢复期失眠怎么办#诊疗：新冠后咳嗽有痰，后背寒凉易醒脱发 💊后遗症的人还是不少，每个人的情况都不同，现在有基础病的很多，这位坚持治了足足一个月全好了。患者：能有将近一个月，每晚无论几点睡觉，下半夜四点左右准能醒来，再难入睡。醒来便是吐痰擤鼻涕，我认为经过一宿一沉淀，痰湿都涌上嗓子上来，而且后背大椎或下面都感觉寒。这就是我的感觉，还有头发干枯，大把的掉，以前也掉，但现在好像更严重了杨医生：是的没及时治的后遗症，尽早治坚持治，我处理了很多这样的……患者：杨医生，我的药吃完了，这次的药太见效了，应该是基本上好了。。。这次的药把得新冠后遗症留下的鼻涕咳嗽呀，治疗的太见效了，太谢谢您了,344.0,0.0,0.013651877133105802,0.0,57.333333333333336
4885078176172471,wemedia,risk,#新冠后遗症##新冠治疗##甲流##甲流症状##孩子反复发烧该怎么办##反复发烧##诊疗日常##医行天下# 海外朋友问诊，一周了发烧反复不退  最近海外各地都爆发了新一波的新冠，身边的几个小朋友们全军覆没，这次症状普遍较重跟国内一样的症状。这病的病情特点特别反复。,132.0,0.0,0.0,0.0,66.0
4885086183103516,wemedia,risk,阳康后，记忆力减退、注意力难以集中——怎么办？#新冠后遗症##甲流高发期如何做好防护##家庭健康守护计划#微博问答 经络穴位书籍图解穴位 L幸福能量疗愈体系创始人_赵馨的微博视频,90.0,0.011111111111111112,0.0,0.0,90.0
4885180907782593,wemedia,risk,争论新冠后遗症浪费时间 不如关注如何自救 这几天说到很多人心跳加快、胸闷心慌、心悸... 戳我看完整笔记>>O网页链接 (更多 @美好的圆溜溜 的笔记内容都在@小红书 立刻下载 APP：O应用详情)#失眠##睡不着治愈所##植物神经紊乱##焦虑症##新冠后遗症##阳过后小心病毒性心肌炎##健康##健康科普#,154.0,0.0,0.008620689655172414,0.0,154.0
4885311669405359,wemedia,risk,我们沿海海鲜大多是白灼、清蒸，所以都要配上醋。最近在一家海鲜饭店吃饭，我倒了一点醋，闻到一股子醋陈掉的臭味。喊服务员换了一瓶新的，还是一股子很上头的味，直钻天灵盖那种。跟同桌的招呼换醋，都说没闻到，以为是我自己鼻子灵，然后没在意。最近吃早餐，锅贴蘸醋，也发现醋有“味道”，这几天早上我送我儿子上学，他妈烧的是水饺，然后配的醋，在车内密闭的空间内，越闻越上头，有点恶心好想吐。直到现在我才意识到，我的嗅觉是不是出问题了，最近闻的醋都有“味道”，特别上头。联想到新冠的时候，我的嗅觉都消失了，闻不出味道，这是不是就是新冠的后遗症，嗅觉“永久性”DEbuff嘛？有一样的经历朋友吗？#新冠后遗症#,295.0,0.006779661016949152,0.036,0.0,36.875
4886056610824500,wemedia,risk,"新冠周报丨世卫组织：知道大家对新冠疲惫和厌倦了，但新毒株XBB.1.16真是需要高度警惕！ O新冠周报丨世卫组织：知道大家对新冠疲惫和厌倦了，但新毒株XBB.1.16真是需要高度警惕！在过去的一周，全球新冠疫情持续缓解；但在印度爆发的XBB.1.16疫情还是引发了大家最新的关注。尤其是世卫组织（WHO）在3月29日的通报会中，特意提到：我们正在监测的一种变体 - XBB.1.16。它与 XBB.1.5 非常相似，但它在刺突蛋白中有一个额外的突变突变；目前实验室研究中表明这种突变增加了传染性，并可能增加致病性【1】。鉴于XBB.1.16在印度引发新冠病例/病死的快速增长，2023年3月22日，WHO将XBB.1.16列入检测突变株（variants under monitoring）之列，其他五个依次是：BQ.1, BA.2.75, CH.1.1, XBB, XBF。#新冠后遗症#",395.0,0.005063291139240506,0.003663003663003663,0.05860805860805861,49.375
4886071002008579,wemedia,risk,14亿人预期寿命每下降1年，按人均寿命75、现有中位数40来粗略估算，等于4000万人级别的大屠杀。看清楚，全国预期寿命每下降一岁，等于4000万级别的大屠杀。且随着预期寿命的不断下滑，会不断叠加。放开之前我说张x宏是中华五千年造成破坏历史第一人，没有一丝一毫的情绪发泄，就是描述简单事实罢了。#新冠后遗症##上海预期寿命下降#,164.0,0.0,0.007194244604316547,0.04316546762589928,41.0
4886486254618329,wemedia,risk,总想聊聊疫情以后，我们是怎么胖的不要慌/当你身体“运作正常”一切会好～一场疫情，累及了我们全身的器官和血液健康，还包括了我们的神经损伤，体内炎症加重，睡眠变差，老病复发。对于减重，依然还是回归底层逻辑，从健康全面的饮食开始，多休息，适当做适合自己的运动，多饮水，保持足够的抗氧化剂将炎症稳下来。#疫情##关注新冠肺炎##新冠后遗症##吃着吃着就胖了##减肥##减肥瘦身##ARIIX爱睿希#,195.0,0.0,0.025157232704402517,0.0,97.5
4887081962177732,mainstream,risk,【#奥密克戎毒株或引发睡眠障碍#】日本冈山大学医院的调查显示，奥密克戎毒株引发的后遗症与原始新冠毒株及德尔塔毒株相比，发生睡眠障碍的患者比例更高。冈山大学医院于2021年2月开设了专门针对新冠后遗症的“新冠康复门诊”。截至去年12月底，共接诊526名患者，医院以这些患者为样本，分析了原始毒株、德尔塔和奥密克戎的后遗症，发现感染三种毒株后出现最多的症状均为疲劳感，但感染奥密克戎的患者中发生睡眠障碍的人增至27%，与原始毒株（12%）和德尔塔（13%）相比，发病率增长超一倍。那么，睡眠障碍是一种怎样的疾病呢？据冈山大学医院副院长大塚文男介绍，睡眠障碍是一种由于感到睡眠不足而引发身体、精神和社交障碍的状态，其失眠症状可分为以下四大类：（1）入睡障碍性失眠，即入睡困难；（2）保持睡眠障碍性失眠，即睡眠过程中频繁醒来；（3）终末性失眠，即清晨早醒；（4）熟睡障碍，即无法进入熟睡状态。感染原始毒株、德尔塔和奥密克戎后发生睡眠障碍的患者，其失眠症状的类型为：75%为入睡障碍性失眠，48%为熟睡障碍，40%为保持睡眠障碍性失眠，7%为终末性失眠。这4种症状亦见于奥密克戎后遗症造成的睡眠障碍。还有患者表示，尽管夜间没有失眠症状，但白天会感觉到强烈的睡意，出现多眠症状。此外，在其他症状方面，奥密克戎造成的疲劳感和头痛所占比例高于原始毒株和德尔塔，而味觉障碍和嗅觉障碍所占比例则有所降低。以上便是不同毒株在后遗症方面的变化。那么，睡眠障碍的症状一般会持续多久？此外，奥密克戎亚型毒株XBB.1.5在后遗症方面是否还会发生变化呢？对此，我们采访了冈山大学医院副院长大塚文男。——哪个年龄段的人容易发生睡眠障碍？从年龄上看，在全部新冠后遗症患者中，30-59岁的相对年轻人群占了60%。不过在有无睡眠障碍方面，不同年龄段的患者占比没有明显差异。——睡眠障碍一般会持续多久？新冠后遗症造成的睡眠障碍可能伴随疲劳感、头痛等其他症状，睡眠障碍的严重程度也会因这些症状而异。如果是轻度失眠，只要引导患者调整好生活习惯，便可以改善。有些患者在必要的情况下也可以服用安眠药治疗。一般来说，睡眠障碍可以通过妥善治疗得到改善，不过奥密克戎流行后，这类后遗症显著增多，个体差异也比较大，因此对症状的发展过程还需要再观察一段时间。——目前关于奥密克戎后遗症中的睡眠障碍还有哪些发现？在奥密克戎的后遗症中，许多患者既存在睡眠障碍，同时也伴有疲劳感及头痛、脑雾等头脑昏沉的症状，身体上的这些不适可能会使睡眠障碍进一步恶化，而且发生睡眠障碍的病例多伴随脑雾症状。因此我们认为，不应单独治疗睡眠障碍，而是要将其他症状也考虑在内，针对所有新冠后遗症进行综合诊疗。——是否有关于新冠后遗症恢复时间的数据？我们对感染各类毒株患者的恢复情况进行了汇总，目前完成治疗的患者占一半以上。截至现在，77%的原始毒株后遗症患者和74%的德尔塔后遗症患者已经治愈，而64%的奥密克戎后遗症患者仍在复诊。平均而言，从感染到恢复大约需要180天。——您认为出现后遗症的原因是什么？我们还不清楚后遗症的具体发病机制是什么，目前已经明确的是，感染病毒会使身体和精神处于双重疲劳状态。如果病毒感染使得诱发炎症的细胞因子增多，内脏和组织就会受损。此外，人体免疫系统试图消灭病毒时，可能会发生过度免疫反应，健康的细胞也会受到攻击，而且对微小的血栓残留、病毒碎片发生的免疫反应，也有可能对组织或细胞造成损伤。目前这方面的研究还在进行当中。——为什么不同毒株的后遗症呈现出差异？不同毒株所导致的后遗症呈现出差异，其中的原因我们尚不明确。不过，就像新冠感染急性期的症状因毒株而异一样，不同变异株对组织和细胞的影响也可能存在差异。不同毒株引发的后遗症症状不同，这一点或许也能佐证新冠后遗症是与病毒感染相关联的病症。——奥密克戎亚型毒株XBB.1.5已经出现流行迹象，同一毒株的不同亚型所导致的后遗症也会有所不同吗？存在这种可能。在原始毒株和德尔塔的#后遗症#中，味觉、嗅觉障碍和脱发占比很高，但#奥密克戎#占主导后，这些症状便减少了。XBB.1.5是由多种类型的新冠病毒组合产生的变异病毒，其后遗症目前尚不明确。由于XBB.1.5源自BA.2，我们认为其后遗症应当也具有奥密克戎后遗症的特点，不过仍需要继续关注国外的相关数据。——我们可以采取哪些预防措施呢？预防新冠后遗症，最重要的是补充水分、均衡营养，调整睡眠和起居等生活节奏，注意有规律地生活，尽量保存体力。目前还没有针对#新冠后遗症#的特效药。避免出现长期后遗症，最重要的是预防感染。应当接种疫苗，并继续采取其他基本的防护措施。避免感染当然是重中之重，如果感染，那就应当尽可能避免留下长期后遗症。我们可以做到的是采取基本的防护措施，除此之外，还应补充水分、均衡营养，调整睡眠和起居等生活节奏，有规律地生活。希望大家继续注意做好防护，确保自己的身体健康。更多请看日本网：O网页链接日本 #新冠后遗症# #日本奥密克戎感染者现多种后遗症# 睡眠障碍,2064.0,0.005329457364341085,0.0049532195927352776,0.015410016510731976,38.943396226415096
4887486411052241,wemedia,risk,#医行天下##新冠后遗症##新冠治疗##提高免疫力##甲流##预防流感#  合集｜进行了全球3年新冠救治的医生说…🌸 这几天我身边的几个小伙伴们感染了，苦不堪言，这个时候他们才知道原来这个病是那么的厉害我为何每天像祥林嫂一样唠叨，🌷4年来，第4个年头了，不间断的累积了足足2万人次的看诊经验，给今天有缘看到这篇文章的朋友们，介绍并分享些建议。🌷这里再次重提，离开了健康，一切的一切都是零。🌷如何去除血管各处的栓塞是挽救各器官乃至我们生命的关键；与此同时，如何提高免疫力来对抗病毒对身体的伤害，更是重中之重。🌷希望更多人能从我们这里掌握正确的预防方法；得到有效的诊疗及救治药品；同时尽可能避免后遗症，因为目前大多数人仅靠自身免疫力暂时战胜病毒，但未能在第一时间及时有效排出体内栓塞，导致身体各器官的衰竭。就是我们说的后遗症问题。而后遗症可能伴随你终生。O合集｜进行了全球3年新冠救治的医生说…,395.0,0.0,0.014367816091954023,0.014367816091954023,43.888888888888886
4891877574188244,wemedia,risk,#新冠后遗症##脚麻##咳嗽#咳嗽 第五个月了，没想到还有那么多人每天来看后遗症的,42.0,0.0,0.0,0.0,42.0
4892901195123275,wemedia,risk,新冠休止期脱发后遗症什么时候能结束啊，我已经严重脱发一个多月了，搜了一下广场看到大家都在掉心里勉强得到点安慰#新冠后遗症#,61.0,0.0,0.017543859649122806,0.0,61.0
4893329085699260,wemedia,risk,#新冠后遗症#阳康后已经感冒第四次了以前顶多一年感冒一次咋整啊,31.0,0.0,0.0,0.0,31.0
4893659378485472,wemedia,risk,#新冠##新冠后遗症##新冠后遗症可持续数周数月甚至更长时间# 你们新冠后遗症是什么？我是两个多月直接胖了十五斤！再就是肺结节，医生说需要比较长时间才能恢复～,79.0,0.02531645569620253,0.014705882352941176,0.0,39.5
4894535244846247,wemedia,risk,#新冠后遗症#体力变差，感冒也难自愈，CPR五个循环做不下来，“01 02 03 ……30”喊两遍就喘的不行，果然，有些许废了,63.0,0.0,0.0,0.09302325581395349,63.0
4897634341619953,mainstream,risk,#新冠后遗症折磨了多少人# 新冠感染后有不少人留下了咽喉痒，咳嗽咳痰的后遗症，这其中有一部分是新冠感染肺导致的，有些则没有新冠肺炎表现，就是一直咳，咽喉痒，有些还有胸闷乏力症状。这些人普通人接触不到，但我们门诊上每天都有因此来看病的患者，他们分成以下几种情况。1、新冠感染肺留下间质性肺病后遗症，这部分患者通常年龄较大，有些有基础性疾病，比如慢阻肺，感染后双下肺留下间质性肺病表现，有些有长期咳嗽气喘，有些则没有症状，如果咳嗽气喘严重除了使用止咳化痰药物之外，还可以使用抗纤维化药物，如果没有症状，肺功能也没有下降可以观察，暂不用药，戒烟戒酒，提高免疫力，避免再次感染。2、还有一些人没有新冠肺炎表现，但的确有咳嗽咳痰伴有胸闷乏力症状，这一部分患者有些之前就有呼吸系统问题，比如咽喉炎，鼻咽炎，气管炎等等，感染新冠后这些问题症状加重，持续咳嗽，这时候要找原因，比如是过敏性问题导致的咳嗽变异性哮喘，普通止咳药物效果不好，需要抗过敏加抗哮喘药治疗才有效。3、还有一部分人，本身精神比较焦虑，感染新冠后总是害怕自己没有痊愈，心慌乏力心跳快，则有可能是焦虑症引起的，我前两天遇到一位，网上语言安慰后好一些。（作者：呼吸科大夫胡）#微博健康公开课##新冠后遗症##新冠后遗症可持续数周数月甚至更长时间#,547.0,0.0,0.006147540983606557,0.006147540983606557,109.4
4897987300689304,mainstream,risk,#新冠后遗症# #血管# #心血管疾病# #成马大健康网# 大健康 近日，一项来自多国学者进行的研究显示，即使是轻症新冠，也会对让血管“变老”。发布了头条文章：《轻症新冠会让血管“变老”！多国学者研究》  O轻症新冠会让血管“变老”！多国学者研究,124.0,0.016129032258064516,0.0,0.0,41.333333333333336
4898855541544469,wemedia,risk,全家都倒下了，测出来是阴，但是就是难受，吃东西啥味都没有。这种时候才知道五感的重要，我跟涵仔说：如果有人给我五百万让我失去味觉和嗅觉，我不愿意。#新冠后遗症#,79.0,0.0,0.057971014492753624,0.0,39.5
4904236880763230,mainstream,risk,【#港中大医学院# 研究证实口服微胶囊活菌配方SIM01有效纾缓 #新冠后遗症#】香港七成 #新冠患者# 于确诊约半年仍有最少一种 #后遗症# 征状，但目前仍缺乏针对性的解决方法。港中大医学院研究团队最近完成一项大型的三盲、随机、安慰剂对照临床研究，证实新冠后遗症患者透过服用港中大研发的口服微胶囊活菌配方（SIM01）改善肠道微生态后，能够纾缓不同系统及器官的后遗症征状，包括肠胃问题、疲倦、难以集中精神、记忆力问题及整体不舒服。研究结果刚于全球最权威的肠胃科国际会议「消化病学术周」上发表。详情：O网页链接,255.0,0.0,0.0,0.009345794392523364,85.0
4905012423038349,wemedia,risk,不是腿疼就是脖子疼，这一天天的#新冠后遗症#,22.0,0.0,0.0,0.0,22.0
4905308683766383,wemedia,risk,#医行天下##血栓##长新冠##新冠后遗症##提高免疫力##心梗# 从近期的情况来看，大家普遍症状不轻，还是高烧+咳嗽。尤其是这次，很多人咳嗽的时间特别长。很多人问我主要原因，其实一来中国人口太多太密集，二来很多人刚在几个月前经历了一波大的疫情。因为缺乏有效的治疗，身体尚未康复，有很多后遗症。二次感染，雪上加霜。我看了很多海内外的文章，只有一些国家的机构说到了点子上，就是这个病的根源-----血栓，大家看看图中这段文字就明白了。当初樊登的父亲也是类似这样的问题，这类情况的确非常多，我身边就有很多。因为血栓对大脑、心脏、脊髓（造血）造成的伤害是不可逆的，所以大家明白为何最近白血病、心脏病、脑梗的病人越来越多了吗。小医生,312.0,0.0,0.011320754716981131,0.0,39.0
4905322470706681,wemedia,risk,#国医的精诚力量# 昨天到社区义诊，失眠，乏力等症状的比较多#新冠后遗症# 2北京,41.0,0.0,0.0,0.030303030303030304,41.0
4905343832298053,wemedia,risk,烦死了，新冠后遗症。夏天的需要抱着暖水袋，谁懂下雨天气转凉就不舒服，去医院查也没大毛病，就是小问题自己熬#新冠后遗症##新冠后遗症失眠#,68.0,0.0,0.01694915254237288,0.0,68.0
4905578801662429,wemedia,risk,#新冠后遗症##自汗怕冷# 本周一来了一个外地的女性，46岁，新冠后自汗很厉害，怕冷，怕风身体沉重5个多月。坐下就哭，说看了很多西医，检查结果没啥事，就是治不好，痛苦死了，有的医生让患者多穿衣服，患者说，我又不傻，冷了怎么会不知道多穿衣服？但是衣服穿多了更出汗更难受。患者脉浮数，舌淡红，薄白苔。其实这是典型的防己黄芪汤症。所以，不会者难于上青天。难者不会会者不难，此之谓也。,188.0,0.005319148936170213,0.006289308176100629,0.012578616352201259,26.857142857142858
4906060056367353,wemedia,risk,失眠 乏力 心悸 脸色差 新冠后遗症彻底康复 你敢相信❓ 素未蒙面的网友，相识于年初疫... 戳我看完整笔记>>O网页链接 (更多 @美好的圆溜溜 的笔记内容都在@小红书 立刻下载 APP：O应用详情)#新冠肺炎##新冠后遗症##失眠##乏力##心悸#,126.0,0.0,0.011111111111111112,0.0,126.0
4906071859400311,wemedia,risk,接着继续分享好消息高校老师女儿和老公的改善皮肤白了、毛孔细了、几十年的肠胃问题改善了✔️年初她家是一家三口都感染了新冠。记得她老公之前是从药房买辅酶Q10补充，但是呢没吃出效果，所以对保健品有点失去信心…所以一开始他比较排斥好在辅酶Q10还是愿意尝试的我也没想到光是ARIIX的辅酶Q10，短期内也能感受到效果，于是其他产品也愿意慢慢吃上了～大约还是两周时间:他和女儿的皮肤状态双双都变好，变白，且毛孔也细了✔️（应该是吃上了葡萄籽）再就是后来、他主动说几十年的肠胃问题解决了✔️（图3⃣️）你们有这样的肠胃问题吗❓从小肠胃弱，拉肚子工作之后愈发不好，一到换季或是变天，就容易不舒服，嘴巴也难受。中药和偏方都试过，都解决不了。没想到被ARIIX细胞营养顺带着给修复了✔️虽然我知道原因，但也惊讶于修复得那么快那么好，毕竟这是困扰了几十年的老问题啊…👍顺便一提:后疫情时代，有肠胃问题的朋友真的要重视肠胃调理。撇开肠胃谈免疫、一切都是纸上谈兵。身体所有器官需要的养料都来自肠胃，肠胃健康是免疫健康的基石。#新冠肺炎##新冠后遗症##肠胃不好的人一定要看看##肠道健康##拼的就是免疫力##ARIIX爱睿希#,502.0,0.0,0.004694835680751174,0.009389671361502348,83.66666666666667
4906105399937047,wemedia,risk,阳康后几十年的肠胃问题解决了‼️从肠计疫 接着分享上一篇笔记的后续: 高校老师的女... 戳我看完整笔记>>O网页链接 (更多 @美好的圆溜溜 的笔记内容都在@小红书 立刻下载 APP：O应用详情)#肠道健康##新冠肺炎##新冠后遗症##拼的就是免疫力##ARIIX爱睿希#,137.0,0.0,0.01,0.0,137.0
4906240915014154,wemedia,risk,"免疫学家 Akiko Iwasaki：“我们还没有结束 Covid，甚至还没有结束”#新冠共存模式##微博新知博主##长期新冠##新冠病毒##长新冠##结束新冠大流行并不意味着疫情消失##新冠后遗症# 张作风按语：这是一篇关于长新冠（新冠后遗症）的访谈，读后觉得很好，就翻成中文和大家分享。 这位耶鲁大学教授和长期的 Covid 专家讲述了为什么这种病毒会导致这么多人持续成为长新冠，以及她作为科学界有色人种女性所面临的挑战卫报记者 大卫考克斯 2023 年 5 月 27 日星期六 10:00 EDT 根据最新估计，全世界可能有超过 6500 万人患有某种形式的长期新冠肺炎，鉴于缺乏可用的治疗选择，这个惊人的数字只会继续增加。 耶鲁大学医学院免疫学教授 Akiko Iwasaki 是引领这场试图解开长期 Covid 复杂性的竞赛的科学家之一。 在整个大流行过程中，岩崎一直处于众多研究突破的最前沿，从理解为什么男性更容易感染 Sars-CoV-2 病毒、使一些人意外易感的自身免疫以及为什么一小部分人经历过心脏病 对 Covid-19 疫苗产生的炎症反应。 最近，Iwasaki 获得了久负盛名的 Else Kröner Fresenius 医学研究奖，价值 250 万欧元（220 万英镑），部分原因是她正在进行的长期 Covid 研究。 我们是否越来越了解长期 Covid 的一些原因？ Long Covid 是一个笼统的术语，可能描述了具有不同原因的多种疾病。 我们仍然没有答案，但有些假设的可能性越来越大，而另一些假设的可能性越来越小。 现在有更多证据表明，在感染数月后，各种组织中要么存在病毒蛋白，要么存在病毒 RNA。 长期的 Covid 症状可能是由 EB 病毒等潜伏病毒的重新激活引起的假设也越来越流行。 另一个想法是，由于急性 Sars-CoV-2 感染引起的炎症，感染部位和远端器官（例如大脑）都会发生变化。 我们去年发表了一篇论文，证明即使是轻微的 Sars-CoV-2 呼吸道感染也会导致大脑的长期变化。 现在已经有200多种症状与长期Covid有关，几乎影响到人体的每一个器官系统。 慢性疲劳综合症 (ME/CFS) 患者也有许多经历。 在这两种疾病的生物学中发现了哪些相似之处？ 您可能听说过的一种是微血块，这种情况似乎发生在长期 Covid 和潜在 ME/CFS 的很大一部分人身上。 这些是血液中的微小凝块，可能会损害氧气交换和循环的其他重要功能。 组织利用血氧的方式似乎也受到了损害，这可能是由于微凝块和线粒体功能障碍造成的。 我一直在想——这些来自长期 Covid 的见解如何帮助患有 ME/CFS 和其他感染后急性期（如莱姆病后）的人？ 我很高兴获得这个新奖项，因为它表明长期 Covid 和 ME/CFS 是具有全球意义的疾病。 这是对患有 ME/CFS 数十年之久的人们的肯定和认可，考虑到它造成的痛苦程度，这种疾病大多被忽视并且完全未被研究。长期Covid正在探索哪些新的治疗途径？ 我们正在开始一项临床试验，其中 50 名患者将接受抗病毒药物 Paxlovid 治疗，另外 50 名患者将接受安慰剂。 这是为了探究持续的病毒感染是否会导致一部分人长期感染新冠病毒。 我们不是给他们传统的五天疗程，而是给他们一个 15 天的疗程，看看是否能消除问题的根源，即复制病毒的残余。 你是一位多产的推特用户，拥有超过 200,000 名推特粉丝。 科学交流的平台有多重要？ 我没想到会有这么多粉丝！ 我现在必须更加小心我所说的话，以及我说话的方式，因为这很容易被误解。 但 Twitter 一直是一个不可思议的平台。 几秒钟之内，人们就可以了解最新的科学发现及其含义。 我也经常向发布症状的人以及对他们有帮助的事情学习。 我认为继续在推特上发布基于事实的科学内容对我来说仍然非常重要——那里有很多错误信息和虚假信息。 但有些日子我甚至不想打开它。 不幸的是，有很多喷子和辱骂性评论，有时会有与我冲突的极端观点的人，或者那些仍然不相信长期 Covid 是真实的并认为这一切都在人们头脑中的人。 您还谈到了现实生活中的有毒环境，尤其是在学术界，您曾提出欺凌和性别歧视问题。 这仍然是一个大问题。 不知何故，欺凌和虐待初级员工从未受到惩罚。 人们只是继续这样做，他们就会得到晋升并获得资助。 这种欺凌行为的发生是因为许多教授拥有如此大的权力而不受约束。 学生和博士后研究人员依靠他们的推荐信来找到下一份工作，因此他们基本上可以被扣为人质。 你还提到作为科学界杰出的有色人种女性意味着你必须忍受其他学者更大程度的有害行为。 你认为科学界存在种族主义问题吗？ 我想是这样。 它非常隐蔽，所以很难确定，但我确实觉得我花了更多时间思考如何回复电子邮件，因为我的背景，因为我是女性，因为我是有色人种， 有很多措辞的技巧，并确保它足够自信，但听起来并不冒犯。 这场斗争，我相信其他人正在经历的一场斗争，是双倍的工作。 另一个挑战是你被要求在每个委员会任职，因为他们需要让每个委员会都多样化和公平。 我明白这一点，但这只意味着像我这样的人需要做更多的工作，而花在研究上的时间会更少。 本月早些时候，世界卫生组织将 Covid-19 的状态从“国际关注的紧急情况”下调，而拜登政府已正式宣布结束 Covid-19 公共卫生紧急事件。 您对此有何看法——大流行还会有一些曲折吗？ 我理解为什么必须终止紧急声明，因为经济影响和其他事情。 但与此同时，我们还没有结束 Covid，甚至还没有结束。 该病毒将与我们同在，这就是为什么我们确实需要考虑未来与流行变体相匹配的加强疫苗，以及进一步逃避我们现有免疫力的新变体的可能性。 我知道人们想从大流行中继续前进，但病毒仍然存在，人们正在被感染，并且有可能发展出长期的 Covid。 我仍然戴着口罩并尽可能地遵循预防措施。",2440.0,0.003278688524590164,0.017063081695966906,0.010341261633919338,44.36363636363637
4907866190251308,mainstream,risk,发布了头条文章：《“二阳”现象加剧，干细胞成为解决新冠“基础合并症”的有效利器！》 总的来说，干细胞疗法是干预多种长期新冠症状的一剂良药。而在全球科学家的共同努力下，相信干细胞疗法还将为饱受后遗症折磨的患者提供更全面的方案，让更多人摆脱后疫情时代的阴霾。#肺纤维化# #新冠后遗症# #二阳发展为长新冠可能性更大#  O“二阳”现象加剧，干细胞成为解决新冠“基础合并症”的有效利器！,191.0,0.010471204188481676,0.0,0.0,47.75
4908153474646090,mainstream,risk,【新冠后遗症研究动态】虽然新冠感染导致的重症及死亡率有所下降，但关联后遗症却在增加，且机制不明。日前，日本慈惠大学研究团队发表下述研究结论：1.新冠后遗症脑神经症状（怠倦感、抑郁等）因鼻腔内的突起蛋白质(S1蛋白质)引发，作用机制探明2.此前，利用突起蛋白质的经鼻疫苗因怠倦感副作用而陷入研发困境，这也恰好证明了突起蛋白质对后遗症的影响3.突起蛋白质作用下，抑制炎症的乙酰胆碱形成减少，利用多奈哌齐来增加脑内乙酰胆碱的临床试验正在进行中4.基于上述成果，利用清除病原性的突起蛋白质的经鼻疫苗或将实现《iScience》登载了关联报告。#新冠后遗症#,274.0,0.0,0.0,0.02092050209205021,137.0
4908242800479646,wemedia,risk,#医行天下##新冠后遗症# 新冠后遗症=睡不着、心跳加快、乏力、咳嗽、低烧… 到底怎么回事？疫情四年来，我们在全球各地处理了2万余人次的新冠及各类变异病毒感染者，以专业的医疗技术帮助很多人从疫情中迅速恢复。公众号等平台发布了相关的致病机理、治疗要点、防护知识及日常养生保健法，养生群里也是不厌其烦地天天提醒大家注意，毕竟生命只有一次。要知道这不是普通病毒，如果处理不好，对身体会有不同程度的长远期影响...2022年底全面解封后，一波疫情席卷中国大地。据钟南山院士在近期会议中提到，目前全国大概已有85%的人感染过，人数已超过12亿。去年12月至今，我们每天都收到很多患者求诊。常见症状有睡不着、心跳加快、乏力、咳嗽、低烧...，到底是怎么回事？请点击链接了解后遗症O网页链接,338.0,0.005917159763313609,0.006920415224913495,0.01730103806228374,48.285714285714285
4908501389021141,wemedia,risk,新冠后遗症之出虚汗，桂枝加附子汤#新冠后遗症##新冠后遗症失眠#中医O新冠后遗症之出虚汗，桂枝加附子汤,52.0,0.0,0.0,0.0,52.0
4908670549493715,wemedia,risk,#新冠后遗症# 每天吃的巨多 什么都想吃 没有嗅觉和味觉,28.0,0.0,0.0,0.0,28.0
4909159915455769,wemedia,risk,长新冠对人群健康的影响张作风长新冠，也被称为SARS-CoV-2感染后的持续症状（PASC）或长程新冠，国内也有人称为新冠后遗症。是指个体在新冠病毒感染急性阶段之后持续出现症状或出现新症状的一种状况。不管其初始感染的严重程度如何。它可以影响各个年龄段的人群。长期COVID-19的平均持续时间会因个体而异。有些人可能会出现几周的症状，而另一些人可能会持续数月甚至更长时间。目前没有确切的长期COVID-19持续时间，因为它取决于各种因素，如初始感染的严重程度、个体的免疫反应和整体健康状况。长新冠是一个相对较新的状况，很多研究仍在进行中之中来了解其长期影响。在大流行的不同阶段，由于不同的新冠病毒亚型对器官的攻击程度不同，所以长新冠的临床表现，持续时间也会不一样。在最近一年半中流行的新冠病毒亚型奥密克戎的攻击部位比较集中在上呼吸道，估计造成长新冠的危险危害应该相对比较轻些。虽然大部分的感染者可能完全康复，但有证据表明新冠病毒会对某些高危人群，年迈和免疫力下降的人群，以及慢性疾病的人群可能会产生长期的健康影响。到目前为止，因观察时间有限，还不清楚长新冠是否会成为某些个人的终身健康问题。长新冠以广泛的症状为特点，可以影响身体的多个器官系统。这些症状在初始COVID-19感染的急性阶段之后持续数周或数月。尽管长期COVID-19的确切原因仍在研究中，但人们普遍认为它是由病毒持续感染、免疫反应紊乱和长期组织损伤等多种因素共同导致的。世界卫生组织（WHO）和美国疾病控制与预防中心（CDC）针对长期COVID-19提供了各自的定义： WHO对长新冠的定义：WHO将长期COVID-19定义为在COVID-19急性阶段之后可以持续数周或数月的一系列症状。这些症状不能通过其他诊断解释，并且可能发生在COVID-19检测结果呈阳性或出现相容性疾病的个体中。长期COVID-19的症状可能影响不同的身体系统，包括疲劳、思维或集中困难（脑雾）、睡眠问题和持续性咳嗽等。 美国CDC对SARS-CoV-2感染后持续后遗症（PASC）的定义：美国CDC将长期COVID-19称为SARS-CoV-2感染后持续后遗症（PASC）。根据CDC的定义，PASC是指人们在首次感染SARS-CoV-2病毒后四周或更长时间内经历的一系列新的、复发的或持续存在的健康问题。这些健康问题可能影响呼吸系统、心血管系统、神经系统等多个身体系统。 在持续时间上：世卫组织WHO没有具体说明症状被视为长期COVID-19所需的持续时间，而CDC将PASC定义为首次感染后持续存在四周或更长时间的健康问题。在感染确认上：WHO包括COVID-19检测结果呈阳性或出现相容性疾病的个体，而CDC明确提到感染了SARS-CoV-2病毒的个体。在症状或健康问题上：WHO的定义强调了所经历的一系列症状，而CDC的定义则强调了新出现的、复发的或持续存在的健康问题。在受影响的系统上：CDC的定义明确提到了呼吸系统、心血管系统、神经系统等多个身体系统，而WHO的定义提到了影响不同身体系统的症状，但没有具体指明哪些系统。随着对长期COVID-19进行更多研究，这些定义也会在不断发展，并为预防和医疗专业人员提供指导，以更好地了解和管理这种状况。 主要症状：长期COVID-19的症状在个体之间可能存在较大的差异，并且随着时间的推移可能会出现新的症状。一些常见症状包括： 疲劳和虚弱：持续疲劳，严重影响日常活动。呼吸问题：呼吸急促、胸痛或呼吸困难。认知问题：脑雾、记忆问题、注意力难以集中。持续咳嗽：长时间持续的咳嗽。关节和肌肉疼痛：肌肉和关节持续的疼痛和不适。头痛：频繁持续的头痛。睡眠障碍：失眠或睡眠模式紊乱。嗅觉和味觉丧失：持久的嗅觉和味觉丧失或改变。情绪变化：焦虑、抑郁和情绪波动。其他症状：消化问题、心脏悸动、皮疹等。代谢改变：胆固醇的改变长期COVID-19的诊断：长期COVID-19的诊断主要基于详细的病史和症状评估。医疗专业人员可能会进行各种测试，包括血液检查、影像扫描、肺功能测试和心脏评估，以排除其他潜在症状的原因。通常情况下，如果症状在COVID-19急性感染阶段后持续超过四周，就被认为可能是长期COVID-19。 长期COVID-19的治疗：由于长期COVID-19是一种复杂而不断变化的状况，目前尚未建立特定的治愈或治疗方案。长期COVID-19的管理主要集中在缓解症状和改善整体健康。治疗方法可能包括： 缓解症状：通过药物或生活方式改变来缓解特定症状，如疼痛、疲劳或睡眠障碍。康复治疗：物理治疗、职业治疗和肺康复计划，以改善力量、活动能力和呼吸功能。多学科护理：涉及医生、物理治疗师、心理学家和营养师等各种医疗专业人员的协作努力，制定个性化的治疗计划。支持性护理：提供心理健康支持、咨询和患者教育，帮助个体应对长期COVID-19带来的情绪和心理挑战。对人群健康的影响：长期COVID-19对人群健康产生深远影响。其持久的症状会显著影响个人的生活质量、工作能力和整体功能。此外，由于长期COVID-19患者数量有可能会增加，对医疗系统和资源的负担成为重大问题。该状况的长期后果和社会经济影响仍在研究中，但早期证据表明可能存在长期残疾和经济后果。 长期COVID-19是影响从急性COVID-19感染中恢复的一部分个体的状况。广泛的症状范围和持久的病程对患者和医疗系统都带来了挑战。随着对该状况的理解的进一步提高，我们希望能够发展出更好的诊断方法和治疗。 #微博新知博主# #新冠后遗症# #张作风教授文章#,2296.0,0.0,0.0005313496280552603,0.01647183846971307,43.320754716981135
4909481135964318,wemedia,risk,新冠后抑郁情绪和睡眠障碍竟和肠道菌群有关 今天和一位生于医学世家，且自己在功能医学... 戳我看完整笔记>>O网页链接 (更多 @美好的圆溜溜 的笔记内容都在@小红书 立刻下载 APP：O应用详情)#新冠##新冠肺炎##新冠后遗症##长新冠##二阳#,125.0,0.0,0.021052631578947368,0.0,125.0
4909680142844490,wemedia,risk,炎症通过脑肠轴蔓延到大脑🧠 不及时控制的话，会引起脑萎缩。脑萎缩其实就是神经元的死亡。不光是新冠🦠会引起脑萎缩哈，还有长时间的情志刺激、愤怒、焦虑、抑郁，这些刺激都会导致大脑神经元死亡，数量逐渐减少。所以做人嘛～多放松多解压～太卷不值得#新冠后遗症##肠道健康##益生菌##肠道微生物##抑郁症##压力##健康##脑萎缩#,161.0,0.0,0.0,0.0,53.666666666666664
4909788729182582,wemedia,risk,新冠阳后整一个月了。味觉好像没啥问题了，嗅觉异常还没好，偶尔也能闻得到食物应该有的味道，但是大部分时间鼻子里都是浓重的烧干草/麦秸的味道劳累的时候味道就更重（没有什么比人际交往更累人的了……）#新冠后遗症#,103.0,0.0,0.0,0.0,103.0
4909828411491001,wemedia,risk,新冠查不出器质性病变但真实难受的原因在这 看到小红书上很多人饱受这个问题折磨 其实... 戳我看完整笔记>>O网页链接 (更多 @美好的圆溜溜 的笔记内容都在@小红书 立刻下载 APP：O应用详情)#新冠肺炎##新冠##新冠后遗症##二阳##健康#,124.0,0.0,0.010638297872340425,0.0,124.0
4910933917564944,wemedia,risk,自从一阳的时候是敏阳阳以后，我这天生双眼皮就时不时肿一下，跟人家刚去做医美割了欧式双眼皮一个德行，真的是无语死了。不知道其他症状例如嗓子疼的阳们后遗症是不是嗓子也会经常不舒服，我这双眼皮啊真的是让我扛不住的丑，作为爱美的秤子好不容易五官里有个好看的地方，还给我整这出，真让人伤心😔。听说很多后遗症都是容易累，容易疲倦，我最近都有做锻炼了，希望能有个好身体吧。其他人现在都是什么症状呢？好奇。#二阳##新冠后遗症#,206.0,0.0048543689320388345,0.026881720430107527,0.0,41.2
4910938958856748,wemedia,risk,最全植物神经紊乱修复营养‼️少走弯路 植物神经紊乱目前没有直接的药物方案，全世... 戳我看完整笔记>>O网页链接 (更多 @美好的圆溜溜 的笔记内容都在@小红书 立刻下载 APP：O应用详情)#植物神经紊乱##新冠后遗症##新冠肺炎##焦虑症##失眠##睡不着要怎么办啊##抑郁症#,142.0,0.0,0.009433962264150943,0.0,142.0
4911038451942113,wemedia,risk,上周阳康后特别开心，感觉自己完全恢复了。没想到这周身体出现了几个小问题：眼角长了一个麦粒肿；腿上红肿了一片；还经常失眠。所以这是阳康后免疫力低下引起的吗？生活#新冠后遗症#,87.0,0.011494252873563218,0.012987012987012988,0.0,17.4
4911234716010343,wemedia,risk,植物神经紊乱恢复｜减少生活中的“耗”‼️（上 上一篇笔记阐述了怎么用营养养护植物神经，... 戳我看完整笔记>>O网页链接 (更多 @美好的圆溜溜 的笔记内容都在@小红书 立刻下载 APP：O应用详情)#植物神经紊乱##神经官能症##焦虑##焦虑症##抑郁症##失眠##新冠后遗症失眠##情绪##肠胃不好的人一定要看看##新冠肺炎##新冠后遗症#,173.0,0.0,0.008,0.0,173.0
4911372066095690,wemedia,risk,#新冠后遗症# 问得没得过新冠，阳没阳过，已经没有意义了！现在的问题是，你有或者曾经有新冠后遗症吗？都有什么表现？欢迎聊聊~我是凌辰四五点钟的时候出汗，几乎每天如此，将近5个月后才消失。您呢？#二阳#,100.0,0.04,0.011904761904761904,0.011904761904761904,20.0
4911387530494460,wemedia,risk,#新冠后遗症#啊啊啊啊，阳完半个月了，整宿整宿睡不着，睡之前还喝了安神补脑液和谷维素，刺五加，好像并没有什么用，前几晚是睡到半夜3/4点莫名其妙醒了然后就睡不着了，昨晚喝了那么多药，结果倒好，直接4点才睡着早上9点又醒了平常坐那都会腿软手抖，有时候还会胸闷气短喘不上气再这么下去我感觉我要猝死了,147.0,0.0,0.014925373134328358,0.029850746268656716,147.0
4911525166322806,wemedia,risk,#新冠后遗症# 妈呀，阳了之后到现在一直尝不出太大味道，也闻不到味儿，刚刚喝汤，喝了很大一口，没喝出味儿，但我感觉应该是咸了，就莫名其妙有一种齁嗓子的感觉,77.0,0.0,0.014925373134328358,0.0,77.0
4911715328722935,wemedia,risk,总憋气‼️呼吸中止症竟和你我都脱不了干系 你会经常因为注意力太集中而忘了呼吸习惯性... 戳我看完整笔记>>O网页链接 (更多 @美好的圆溜溜 的笔记内容都在@小红书 立刻下载 APP：O应用详情)#植物神经紊乱##焦虑症##胸闷气短##新冠后遗症##呼吸中止症#,132.0,0.0,0.019801980198019802,0.0,132.0
4911715563868157,wemedia,risk,一呼一吸皆是修行 不健康的人都有呼吸问题 我们现代人由于社会步调太快、生活紧张，从... 戳我看完整笔记>>O网页链接 (更多 @美好的圆溜溜 的笔记内容都在@小红书 立刻下载 APP：O应用详情)#呼吸##熏香##胸闷气短##呼吸中止症##植物神经紊乱##焦虑症##新冠后遗症#,140.0,0.0,0.019230769230769232,0.0,140.0
4911951086358904,wemedia,risk,吃喝小群里，年初和我并列进入新冠未阳决赛圈的另一选手，在最近的北京新冠反弹中，中枪了。她自己扛了七天，低烧，我们都劝她去医院拍片，所幸没到肺部，现在终于康复了，不过嗅觉在康复后一周内几乎丧失，现在是第二周有一定恢复，不过还是挺明显嗅觉不灵敏，味觉倒是没事。用她的话说，现在铲猫屎时比较轻松我还是日常戴口罩，虽然也去了人多的酒展，摘口罩品酒，不过没感染。也不知道是疫苗作用，还是我防御到位，现在还在安全决赛圈。这玩意儿，阴魂不散啊！#新冠第二波##新冠后遗症#,229.0,0.004366812227074236,0.024752475247524754,0.0,45.8
4912049073684546,wemedia,risk,"新冠调查：我们真正想要答案的问题冠状病毒公共调查洛比·阿基诺拉，瑞秋·德索萨和斯图尔特·塔克伍德的图表尼克·特里格尔（Nick Triggle）尼克·特里格尔（Nick Triggle）卫生记者英国对新冠肺炎疫情的应对和影响展开了一项大规模调查，于周二正式开始，进行首个证据收集阶段。我们每个人都未能幸免于这场大流行的影响，我们都有疑问。我向那些置身于新冠风暴中的人们提出了一个问题，他们中的每一个人都想要得到回答。 短暂的灰色分割线 洛比·阿基诺拉本来计划在2020年3月的封锁开始时返回他在沃里克郡皇家利明顿斯帕的家庭住所，庆祝他的29岁生日。 相反，他呆在家里，与父母和四个兄弟姐妹分开。一个月后，他的父亲菲米去世了。 洛比说：“这改变了我的一生。”“他在我们家的客厅隔离，也是他去世的地方。他当时60岁，身体健康。我们从来没有想到他会死。” 图片洛比和他的父亲菲米 图片说明，洛比·阿基诺拉希望确保他父亲菲米和其他人的死亡不是毫无意义的菲米是英国新冠肺炎中近250,000人的其中一位受害者。作为新冠丧失家庭正义运动组织的一员，洛比希望确保这些死亡不是“毫无意义的”。 对他来说，关键问题是：在下一次大流行时，我们如何更好地保护人们？ 其中一个关键因素是要弄清楚为什么属于少数族裔的人们面临更高的风险。洛比说，他们的不良后果与生理原因无关，而是与社会有关——少数族裔人士在工作和住房条件上所经历的情况。 图表显示新冠肺炎死亡人数英国新冠肺炎调查是什么，需要多长时间？但是，死于新冠肺炎以及仍然面临后遗症（被称为长期新冠病毒后遗症）的人们并不是病毒的唯一受害者。在疫情开始时，英国政府的首席医疗顾问克里斯·维蒂爵士警告说，间接成本也是巨大的。孩子们无法上学，企业关闭，非新冠相关的治疗推迟，禁止交往，这一切阻止了社交活动，无法在亲人生命最后的日子里与他们相聚。 这些后果的遗留问题包括心理健康问题不断上升、学业丧失以及经济打击。此外，由于错过了对癌症和心脏病等疾病的治疗，非新冠相关死亡率和健康问题仍然居高不下。 因此，调查的一个关键部分必须是研究政府为何实施了限制措施，以及这些措施是否始终是必要的。 一位在疫情中发挥重要角色的高级公共卫生官员将出席并作证，他表示很难看出一旦病毒出现，第一次封锁如何可以避免。简单地说：“我们不知道我们在处理什么。”但是在第一波疫情结束后，科学家们了解得更多，政府不应该如此迅速地重新实施限制措施。 在2020年秋季的80天里，英格兰从几乎没有限制，到聚会人数限制为“六人规则”，再到地区分层的限制措施，再到全国封锁，最后再次回到分层限制。 这位公共卫生官员说：“我们有太多的规则和法规，人们无法跟上。”该官员要求不透露姓名，因为根据规定，他们不能在调查之前公开发表言论。“这是非常自上而下和严厉的方式。这与灾难期间的所有有效方法背道而驰。” 因此，他们想知道：英国是如何出现如此复杂和混乱的规则的？ 该官员说：“瑞典做的其中一件事就是依靠他们人口的强烈社会意识。”“在英国，我们没有足够地信任公众-这是有害的。 “我们本可以向他们提供良好的信息和指导，让他们行动。总体来说，公众一直都表现得很谨慎和负责任。”而将学校关闭只允许最脆弱的孩子和关键工作者的孩子上学，这是疫情期间最大的制度性失败。 英格兰儿童专员瑞秋·德索萨女爵士对此非常担心，她担心这对儿童产生的影响-即使现在，学校出勤率也低于疫情前的水平。 因此，她最关心的问题是：我们将如何支持儿童的恢复，并在未来的疫情中避免这样的伤害？ “当他们需要额外的支持时，无论是因为他们担心自己的心理健康还是因为他们在学校中落后，他们都希望能够得到迅速的支持，”瑞秋女爵士说。 对于公共卫生总监协会主席吉姆·麦克马纳斯教授来说，问题归结为一个基本问题：我们如何在未来的疫情中避免封锁措施？ 他说：“只有在我们做好充分准备、在最早的阶段采取行动并建立良好的测试和接触追踪机制时，我们才能做到这一点。” “英国以及欧洲和北美大部分地区在这种规模的大流行病方面准备不足，这让我们付出了代价。” 英国决定在3月下旬停止社区测试。在英格兰，直到5月份才推出国家级大规模接触追踪系统，直到9月份政府才开始向被要求隔离的人员提供病假工资。 对于护理院所的支持方式也是需要讨论的另一个议题。 在最初几个月中，大约有40%的新冠死亡案例发生在养老院，这是因为缺乏测试和个人防护装备、大量使用代理人员以及将医院患者集体转移到养老院的决定导致病毒在该行业中蔓延。 此外，英国国民保健服务（NHS）工作者希望审查2010年代的紧缩政策所起到的作用。 成人护理员斯图尔特·塔克伍德之前从未在重症监护室工作过，但在第一波和第二波疫情期间被派往那里工作。他说：“我们需要一个独立的调查，以了解过去十年对我们的影响。” 他指的是2010年至2020年期间，英国政府实施的财政紧缩政策，其中包括削减NHS的预算、减少床位和工作人员等。 这位护理员说：“我们需要考虑为什么在这次大流行病中，那么多的NHS员工离开了工作岗位。”他补充说，政府对NHS的投资不仅仅是关于为患者提供更好的医疗保健，而是对员工的尊重和保护。 这些都是在英国新冠肺炎调查中亟待回答的关键问题。这项调查计划在2022年底前完成，以确保英国在未来面对类似危机时能够做出更好的应对和决策。#微博新知博主##新冠后遗症##新冠防疫手册# #新冠# #新冠大流行反思#",2243.0,0.002229157378510923,0.011270491803278689,0.00819672131147541,41.53703703703704
4912055335519027,wemedia,risk,"中国-老挝铁路正在铺设道路中国在老挝这个东南亚内陆国家的森林深处修建一条最先进的高速铁路。这条铁路旨在带来繁荣。但是一些科学家担心它还可能带来其他风险：可能的新的大流行。路透社的数据分析显示，建设铁路会推动森林砍伐，可能会增加蝙蝠病毒感染人类的风险。中国为中国-老挝铁路提供了融资，这是一条从中国南部边境通往老挝首都的高速铁路。它在森林覆盖的地形中切出了422公里的道路，该地地区是许多蝙蝠物种的栖息地，其中一些蝙蝠携带与当前大流行病毒相似的病毒。 图表显示 为加快商品出口到中国，该铁路线大致与一条新的超级高速公路平行。沿着这些路线，发展和旅游已经加速，科学家警告说，这可能增加新的流行病原体从偏远地区传播到其他国家的风险。 图表显示 加剧这一风险的是，蝙蝠是老挝文化和经济的一部分。政府授予收集这一地区散布的大量洞穴中的石灰石粪便（即蝙蝠粪便）的收割者特许权。这种粪便被用作肥料。 图表显示 对于一些人来说，蝙蝠是当地的食物。这些动物在市场和街头摊位上烤制和串烧出售。科学家在一个市场的样本中发现了冠状病毒。 作者：Ryan McNeill, Deborah J. Nelson, Allison Martell 和 Michael Ovaska提交日期：2023年5月16日，格林威治标准时间 #微博新知博主# #新冠大流行反思# #新冠# #新冠后遗症#",581.0,0.0,0.0,0.008547008547008548,41.5
4912070079023046,wemedia,risk,她的症状表明她可能患有长期COVID。但那是否太明显了？医生对病例做出假设，而这些假设有时可能会影响他们的判断。 作者：Lisa Sanders，医学博士2023年6月7日这位61岁的女性举起洗衣篮，然后阴郁地盯着从地下室上来的楼梯。每一天都感觉越来越艰难。甚至在上半程之前，她就能感觉到自己的心跳加快，听到自己喘粗气的声音。她抓住木制扶手，以防她再次感到头晕。一旦她爬到家里的主楼层，她把负担放下，几乎摔倒在客厅沙发中。 这位女性几个月前首次注意到自己经常感到气短。她想知道这是否是因为她的体重。她喜欢自己的外貌，但她怀疑她通常的主治医生，一位在耶鲁医学院的医疗小组中备受信任的专业人员，如果她能减轻几磅体重会很高兴。她的女儿担心她的气短可能是她几年前感染COVID后的后遗症。 当她的右腿开始疼痛时，她终于打电话给她的主治医师办公室。气短和腿痛的结合使她的医疗专业人员担心患者的腿部有血栓脱落并梗阻在肺部。她让她去进行腿部超声检查。没有血栓，这是一个解脱，但她仍然感到气短。 转介至长期COVID中心从那时起，她似乎每周都要进行一次视频咨询。每次访问都集中在她众多不同症状中的最新症状。有一周她头晕得走路都困难。下一周她分享了她最近体重下降的担忧：两周内减轻了10磅。还有一次她看到与她的护士一起工作的医生。当他们在彼此之间通过链接的电脑对视时，医生认为头晕可能是因为她喝水不够。她的气短和心跳加快可能是由于缺乏锻炼。在下一次视频访问中，她的医生说她可能患有POTS——体位性直立性心动过速综合征。在这种罕见的疾病中，患者站起来时心率加快，即心动过速。在恢复COVID感染后，有时会在患者中出现这种症状。 随着每一个新的关注点，都有更多的测试。她进行了超声检查和胸部X射线检查；心脏超声检查显示她的心脏正常；还进行了一种称为Holter监测器的检查，这是一种可穿戴设备，可追踪24小时的心跳。检查结果显示，她的心脏有时跳得很快。她进行了脑部MRI检查、胸部CT扫描和大量的血液检查。经过所有这些检查后，患者感到沮丧和恐惧，因为没有人能解释为什么她突然感觉如此糟糕。她被转诊到神经学家、心脏病学家和耶鲁大学长期COVID多学科护理中心。 她首先在长期COVID中心就诊，我是该中心的医疗主任。那个4月的早晨，她告诉我她一直感到气短。她不得不辞去作为收银员的工作。当她描述她迅速恶化时，她的眼睛变得闪亮起来。她的心脏和肺已经接受了广泛的评估，唯一的异常是在Holter监测器测试中发现的。像她的护理专业人员一样，我想知道她是否患有POTS。当然，我在长期COVID患者中经常看到POTS。最近的一项研究估计，高达14％的患者在从COVID-19康复后发展出POTS。 通过一项称为主动站立测试的测试可以诊断这种疾病。在这个测试中，监测患者仰卧和站立10分钟时的心率和血压。如果在心率增加至少30次/分钟的同时，血压保持稳定，那么就可以诊断为POTS。 当给患者进行测试时，她只站了几分钟就开始头晕和气短，测试不得不提前停止。她的心率已经增加，从101次/分钟增加到了140次/分钟。POTS尚不能解释，但被认为表示自主神经系统受损。通常情况下，站立会引发从腿部和下半身向上运动到心脏的快速增加的血液，以便将血液重新分配到上半身和大脑。在POTS中，这种情况不会发生，为了让足够的血液供应到大脑，心脏必须跳得更快，通常是远远超过正常范围。在这位患者的案例中，就像我看到的许多其他患者一样，心率的增加是不够的，患者会感到头晕。POTS通常出现在病毒感染后。虽然有药物可以帮助，但首要的治疗方法是增加体内存储的水分，并使用压缩装置帮助将血液从下肢送回心脏。 我不确定所有这位患者的症状是否都可以归因于POTS，但我认为治疗POTS是正确的第一步。我鼓励她多喝水，并开了所需的压缩装置。两周后，当她告诉我她的心脏仍然跳得很快时，我开始给她开了一种减缓心率的药物。 之后的几个星期，她再次来到我的诊所。她告诉我她的心脏状况好转了，但她在减肥：“当我照镜子时，我几乎认不出我的脸了。”她通常丰满的圆脸看起来平坦而消瘦。她在三个月内减掉了25磅。这让我停下了。减肥不是POTS的常见症状。我是否诊断错误了？ 图片一个女人拿着她的脸的照片。由Ina Jang进行的照片插图 跳过了一个关键步骤突然间，她的症状变得完全不同。我根据转诊她来我们中心的医生认为她的症状是长期COVID的结果而对她的病例进行了假设。但事实上，我们谁也不知道她是否患有长期COVID。 她的体重下降引起了我的注意。她没有改变饮食习惯或锻炼方式。她还有其他症状吗？她是否有食欲不振或消化不良？她是否有任何其他疾病史或家族病史？我问她有关这些问题，并进行了更详细的体格检查。 她告诉我她没有食欲不振或消化不良，但她的食量减少了。她说她感到口干，喝水也无济于事。她告诉我她感觉到自己的喉咙中有一个“球”，吞咽时感觉不畅。她没有其他疾病史，她的家族病史也没有什么异常。 当我检查她的喉咙时，我注意到她的甲状腺腺体肿大。这是一个重要的发现。甲状腺是一个位于颈部前方的腺体，它控制着新陈代谢的速度和其他重要的生理过程。甲状腺功能异常可能导致体重变化、能量水平的波动以及其他各种症状。 我为她安排了甲状腺功能测试，并进行了甲状腺超声检查来评估甲状腺的结构。结果显示她的甲状腺功能低下，即甲状腺素水平过低，这被称为低甲状腺素血症。甲状腺超声检查显示她的甲状腺腺体肿大，但没有明显的结节或其他异常。 这个发现解释了她的症状，包括体重减轻、食欲不振、口干和喉咙不适。低甲状腺素血症可以导致代谢减慢，使人感到疲劳和体力不佳。它还可以影响胃肠道功能，导致食欲减退和消化问题。喉咙不适可能是由于甲状腺肿大压迫气管或食管。 我给她开了甲状腺替代治疗，即口服甲状腺激素。随着时间的推移，她的症状逐渐得到改善。她的体重恢复了正常，并恢复了食欲。口干和喉咙不适的感觉也减轻了。 这个病例告诉我们在评估患者时要保持开放的思维，并考虑到可能存在的其他潜在疾病。长期COVID和POTS虽然可能与她的症状有关，但低甲状腺素血症也可以解释她的情况。定期的随访和进一步的评估是确保她得到适当治疗的关键。 请注意，在实际临床实践中，准确的诊断需要全面评估和进一步的实验室和影像学检查。如果您或您认识的人有类似的症状，请咨询合格的医疗专业人员以获取个性化的诊断和治疗建议。 #微博新知博主# #慢性非传染性疾病# #新冠后遗症# #新冠#,2674.0,0.0018698578908002991,0.014655172413793103,0.00603448275862069,27.567010309278352
4912215218459856,wemedia,risk,Nature自然杂志不要反复感染反复感染，即使是像XBB这样的轻微病毒，仍然会导致像长COVD这样的健康问题。弱势群体:如老年人，仍然有患重病的风险。#新冠肺炎##戴好口罩依然很关键##口罩##长新冠##新冠后遗症##二阳#,112.0,0.0,0.0,0.0,56.0
4912275422711234,wemedia,risk,"新研究报告称，数百万感染新冠病毒的人仍然无法闻到或尝到味道：“许多人从未完全恢复嗅觉和味觉” 根据新的研究，近 2800 万美国人可能仍在应对与 COVID 相关的味觉和/或嗅觉丧失。 艾琳普拉特 美国东部时间 2023 年 6 月 12 日下午 2:49 根据哈佛大学附属麻省布里格姆将军的最新研究，近 2800 万美国人可能仍在应对与 COVID 相关的味觉和/或嗅觉丧失。 盖蒂图片社 伴随早期 COVID 感染而来的味觉和嗅觉丧失对于那些没有患病的人来说可能看起来很新奇。 但这不适用于经历过这些奇怪症状的数百万患者——而且许多患者仍然如此。 研究人员在本月发表在 The Laryngoscope 杂志上的一篇文章中估计，自大流行开始以来，近三分之二感染 COVID 的美国人部分或完全失去了嗅觉和/或味觉。 虽然大多数人恢复了，但近 600 万美国人可能仍在应对挥之不去的症状，哈佛大学附属 Mass Eye Ear 耳鼻喉科教授、该研究的作者尼尔·巴塔查亚博士告诉《财富》杂志。 “许多人从未完全康复，”Bhattacharyya 说。 该研究检查了近 30,000 名美国成年人的数据，这些成年人在 2021 年接受了有关 COVID 症状的调查。参与者从急性感染中康复后，近四分之三的人报告说他们恢复了嗅觉。 但研究人员发现，到 2021 年底，近 24% 的人没有完全恢复嗅觉，超过 3% 的人没有恢复任何嗅觉。 当谈到恢复味觉（或缺乏味觉）时，数字看起来相似。 研究人员还指出，患者的 COVID 症状越严重，他们失去味觉和/或嗅觉的可能性就越大，恢复的可能性也就越小。 对日常生活的影响 在大流行初期，人们将注意力放在味觉和/或嗅觉丧失上，作为 COVID 的一种新诊断标准。 “但我们有点忘记了症状仍然是后端的一种痛苦，”Bhattacharyya 说。  “如果你失去了嗅觉，你找回来了吗？ 大约有四分之一的机会你没有。 这太可怕了。” 他补充说，这些症状并不“像你想象的那样温和”。 它们会“导致为愉悦而进食的减少，在更极端的情况下，它会导致抑郁和体重减轻。” 患有这种感觉功能障碍的人无法充分享受食物，从而导致生活质量下降。 而且他们可能无法检测到气体泄漏、烟雾、腐烂食物和其他潜在危险的气味。 对于厨师和侍酒师等从事烹饪行业的人来说，残疾甚至会影响工作。 Bhattacharyya 的一名患者由于 COVID 引起的嗅觉丧失而减掉了 50 磅。 “病人没有进食，病得很重，也很沮丧，”他说。 没有这些感官，“食物就没有味道了。 患者告诉我的经典事情是，食物尝起来像硬纸板。” 如果您出现症状该怎么办 随着世界从大流行的迷雾中走出来，越来越多的患者出现在 Bhattacharyya 的办公室，抱怨他们无法闻到或尝到味道——至少不完全是。 “许多人认为它会自行好转，”但一年后，情况并没有好转，他说。 研究人员仍有许多悬而未决的问题，包括 COVID 如何以及为何影响某些人而不是其他人的感官，以及患者何时可以完全恢复知觉（如果有的话）。 Bhattacharyya 说，当患者确实康复时，它不是在可预测的时间表上。 他补充说，患者症状持续的时间似乎越长，他们康复的可能性就越小。 Bhattacharyya 说，目前还没有针对这种疾病的标准治疗方法，他将受影响的患者称为“一群有点被忽视的人”。 他鼓励那些有症状的人向他们的初级保健提供者报告他们，他们可能会将他们转介给耳鼻喉科医生。 他说，另一种情况——也许是一种可治疗的情况，如慢性鼻窦炎和息肉——可能是罪魁祸首。 如果没有，他们将受到关注，如果治疗在路上变得可用。 如何保护您的感官免受 COVID 的侵害 该研究的作者写道，如果您的提供者推荐，该研究支持接种 COVID 疫苗和服用抗病毒药物 Paxlovid 的情况，因为两者都有可能减轻 COVID 症状的严重程度。 对于那些尚未受到影响的人来说，好消息是：随着病毒的进化，症状也在进化。 哈佛大学和斯坦福大学支持的 Zoe Health Study 去年年底报告说，味觉和嗅觉丧失在 COVID 患者中不再常见。 #微博新知博主# #新冠后遗症#",1748.0,0.0005720823798627002,0.001539645881447267,0.011547344110854504,46.0
4912632718688623,wemedia,risk,这新冠变异猪有点离谱啊，影响我的嗅觉就算了，居然还能影响视神经？刚才刷牙的时候，无意间冲着镜子笑了一下，我居然在镜子里看到了蒋光头的样子新冠#新冠后遗症##幻觉#,82.0,0.012195121951219513,0.027777777777777776,0.0,82.0
4912782396360604,wemedia,risk,感谢苏炳添说真话‼️为什么新冠后遗症各不同 苏炳添退赛了… 也是全身检查指标没问题，... 戳我看完整笔记>>O网页链接 (更多 @美好的圆溜溜 的笔记内容都在@小红书 立刻下载 APP：O应用详情)#新冠肺炎##新冠后遗症##长新冠#,118.0,0.0,0.011363636363636364,0.0,118.0
4912995095021486,wemedia,risk,#新冠后遗症#新冠#我的阳康日记# 今天是感染新冠的第5天。早起会头晕（可能与开一晚上空调有关），精神状态尚可，喉咙也没有昨天那么疼了，咳嗽相较昨天也有所好转（可能与我这几天喝了止咳糖浆有关）。不过，嗓子还是沙哑的，嗅觉功能仍暂时被封印。离谱的是，到了晚上8点之后，鼻子跟开了闹钟一样，会定时塞住，晚上睡觉的时候鼻子的堵塞感尤为强烈，昨天差点因此透不过气来,179.0,0.0,0.01282051282051282,0.01282051282051282,59.666666666666664
4913001793326059,wemedia,risk,日常 哪里🈶那种可以专门看阳后的门诊？？ #新冠后遗症#,29.0,0.06896551724137931,0.0,0.0,14.5
4914815590470528,mainstream,risk,一位新冠患者的“生无可恋”#新冠后遗症#  O一位新冠患者的“生无可恋”,36.0,0.0,0.0,0.0,36.0
4915692019647353,wemedia,risk,看到有很网友 被“新冠后遗症”折腾的一塌糊涂，也是感同身受。 第一波的时候，我咳嗽了两个多月，甚至疑似咳伤了一条软肋[笑哭R]，走个楼梯就喘得不得了。用了大概三个月，人才恢复了大半。 其实，“新冠后遗症”应该指，被“新冠”急性期折腾后，部分脏器功能损失的情况。有部分是功能性丧失，即永久性功能丧失。例如我们的肺部，是无法再生的！！！ “长新冠”应该是病毒长时间在体内后，可能引起的各种脏器变异的情况。 长新冠期间...新冠病毒将在我们体内逗留很久，并长期持续不断作用我们相关脏器。 也许几个月，也许一两年后，才能被全部“新陈代谢”掉。也就是我们被“植入”这段代码的相关细胞，完全被我国新生细胞替代。 但是在此期间，请勿过多的运动，劳累等。出门也要戴口罩，防止免疫力低下的时候，被其它细菌和病毒感染！切记！我们面对的不仅仅是新冠。 关于中医方面，确实有一定调理作用，有助于我们加快新新细胞重生。但是，就算一个方子，100年前管用，现在却不一定！因为药材的养殖方式和种植方式变了。#二阳##新冠后遗症##健康养生#,455.0,0.013186813186813187,0.021108179419525065,0.002638522427440633,23.94736842105263
4916951110916405,wemedia,risk,首阳后遗症，不知道是不是之前的疲惫感被释放了出来，还是身体状况不佳不能像康健时候能压抑住身体里的负面情绪。尤其是一到傍晚，好抑郁好难过好焦虑，觉得生活没有希望，没有尽头。大家阳后有这种情绪吗？#新冠后遗症#,103.0,0.009708737864077669,0.0,0.0,34.333333333333336
4916968547159198,wemedia,risk,#新冠后遗症#阳康二十天了，现在做平板支撑，自重深蹲，任何抗阻训练就头痛，胀痛，炸了一样的。,46.0,0.0,0.0,0.0,46.0
4917171539151606,wemedia,risk,#新冠后遗症# 家人们 阳了以后直接扁桃体炎肉眼可见 痰中带血阳康后几天又很符合咽炎的症状异物感   不过不确定 因为医生说扁桃体发炎肿起来了 也会有异物感  气管炎的症状  咳痰，多为白色的黏痰或者白色泡沫痰，早上、晚上痰多  又非常吻合我问医生是气管炎吗   他说可能是咽炎   然后我给他看我发炎的扁桃体    跟他确认了确实在发炎在家人们无语了  怎么能几个炎症一起来   都第24天了家人们,200.0,0.0,0.01818181818181818,0.006060606060606061,200.0
4917195752079537,wemedia,risk,#中医##咳嗽# #新冠后遗症# 5岁的一个小朋友，新冠感染恢复后咳嗽月余，尤其是晚上一躺下就咳得厉害，脸色舌色都不好。开了一周的药，家长回复我说吃了药之后咳嗽就缓解了许多，就是中药小朋友吃起来很费劲，要哄着来。确实中药苦，小朋友很多都吃不下，哄着能吃还好说，实在不吃的还是得做成膏方，能接受度高一些。 2武汉·泓微堂中医,161.0,0.0,0.007246376811594203,0.014492753623188406,53.666666666666664
4917645281596043,wemedia,risk,#新冠后遗症# 首阳一个月咳嗽一个月确诊哮喘，心肌缺血,27.0,0.0,0.0,0.0,27.0
4917938434608822,wemedia,risk,新冠如果能用中医正确处理，会是件好事阳过的人都知道，身体哪里薄弱它就会攻击哪里，这是因为新冠病毒进入身体的层次比较深，身体各个部位它都能攻击到，而不像普通感冒那样，一般只攻击到肺身体就像一个弹簧，新冠会给身体额外一个压力，让这个弹簧压的更紧更低，正确处理后会把更低处，也就是身体更深层次的痰湿、寒热邪一起去掉，从而让身体更健康，对将来出现中风心梗等大病来说，是提前拔了病根#二阳##新冠肺炎##新冠后遗症#,203.0,0.0,0.0,0.0,203.0
4918246719357458,wemedia,risk,专家说的话就直接无视吧...说一点听不懂的话，编一点“新名词”，各有各的目的。我相信，评论区的声音可能才更接近身边的真实（看得见、听得到），确实我们有不少感染案例来自于医院。看过一篇文章，好像美国cdc统计，大约有15%的术后死亡案例，来自于医院的术后感染。不过我们国家好像没有这方面的数据，不过我相信，北上广的医疗条件应该不比美国差多少，可能也是类似于这个数据（我父亲也是术后发生感染，就再也没有恢复过来，直到被熬到去世）。其它的地方医疗资源应该比北上广差，所以这个数字可能更高一点吧。总之，医院里的耐药菌（俗称超级细菌）比生活中多，这也是不争的事实事实。所以，在医院，特别是重症监护室，感染是需要特别注意的。#二阳##健康##新冠后遗症#,321.0,0.0,0.01824817518248175,0.0036496350364963502,45.857142857142854
4919437444518217,wemedia,risk,“新冠”让苏炳添这样的世界冠军的健康也大受打击，希望2024年，他能恢复常态，为祖国再获荣誉。这也说明，新冠转阴后，不等于伤害就结束了，我们需要一个比较长的时间，来逐渐恢复身体的各项机能和状态。咏IT的话来说，新冠就是一个底层代码，我们需要用新的细胞来代谢掉这些被感染过的细胞，因为这些细胞中，或多或少，还有一些代码存在。另外，这些代码，也是我们常说的对新冠的免疫能力，因为有这段代码在身体里，所以，新冠病毒再进入体内的时候，发现已经是“污染”过的机体，所以就不来硬的了。这时候，我们一些发烧一类的应激反应是不会有的。但是，体内代谢完后，我们对新冠可能又失去了免疫能力（新冠理论上无法写入我们遗传基因）。这可能就是一种自然平衡吧，福祸相依。#阳了##防疫##新冠##健康养生##健康##新冠后遗症#,349.0,0.0,0.020202020202020204,0.003367003367003367,49.857142857142854
4919474568301984,mainstream,risk,这位乘医疗专机到达成都的患者，数月前阳了之后断断续续出现胸痛、心律失常等症状，近日突然加重，在昆明治疗数日后决定去华西医院“求解”。#新冠后遗症##长新冠##医疗转运#航空医疗转运[超话]#航空医疗转运 L经纬航空医疗OAMA的微博视频,119.0,0.0,0.0,0.0,119.0
4920505783817021,mainstream,risk,【EMI重磅 | 张文宏团队随访2万多感染者长达一年，揭示“长新冠”临床异质性现象】【阅读详情】👉OEMI重磅 | 张文宏团队随访2万多感染者长达一年，揭示“长新冠”临床异质性现象最近，@复旦大学附属华山医院 @张文宏 团队在Taylor & Francis旗下国际期刊Emerging Microbes & Infections 上发表了一篇题为《关于上海新冠奥密克戎患者长新冠症状造成的系统性影响的一年期随访研究》的论文。 该研究对上海2022年3月至6月爆发的Omicron （奥密克戎）BA.2疫情中首次感染新冠的2万余名患者，进行了长达一年的随访，发现中国奥密克戎感染人群队列提示：“长新冠”呈现“异质性”与随时间衰减效应。【阅读完整论文】👉O网页链接#病毒学##新冠后遗症##流行病学#免疫学#医学微生物学#学术期刊论文发表期刊投稿#国际期刊#,381.0,0.0,0.0,0.025925925925925925,190.5
4920632518902427,wemedia,risk,#肺炎##新冠肺炎#肺炎#医行天下##乏力##咳嗽#咳嗽#怕冷##气喘##睡眠障碍##胸闷##咳痰##新冠后遗症#  既是疗愈更是修行，无条件信任终收获健康从容2021年5月，新冠患者来稿我们一家三口长居意大利，意大利每天感染人数自疫情爆发以来，只增不减。当地政府虽说三申五令要求大家出门戴口罩、勤洗手、保持社交距离等，但实际执行起来却是敷衍草率。比如：口罩永远戴不好，总是露出高挺挺的鼻子；封了城禁止店铺开门做生意，却依然允许出国旅行探亲访友。 在这样的氛围中抗疫了一年，很幸运身边熟识的朋友也都无人感染，时间久了我们也逐渐对意大利的疫情麻木大意了。我们都以为newnormal的生活就会一直这样正常地过下去，直到2020年12月，新冠肺炎病毒悄声无息地找上了我。麻木大意中被感染 害怕到欲哭无泪12月2日，浑身发冷；12月4日，开始发烧、气喘、咳嗽厉害。我有哮喘和支气管炎，但是之前从未发烧，我意识到这次生病不寻常，但心里仍抱有一丝侥幸，没有直接吃药；12月7日，通过家庭医生和医院安排做了核酸检测，约一周后被通知结果为阳性，我确诊了。同时，怕冷咳嗽气喘的症状更严重，十分乏力，以至于说话走路都觉得异常累；12月10日，本地方舱医院寄来莲花清瘟胶囊、热宁河、阿司匹林等药品，我还有常规使用的川贝枇杷膏，开始根据说明书自己服药。服药后不再发烧，其他症状依旧；12月16日，第二次做核酸检测，检测结果在24日平安夜才出来，已经转阴。转阴后不再发烧，但其他症状还在。检测结果出来之前，我曾咨询家庭医生如何治疗现在的症状，得到的回复只是“发烧就吃退烧药，如果呼吸困难再来找我”。但其实那几天睡觉时就已经有些呼吸急促的情况，加之我又有哮喘和支气管炎这两个基础病，“害怕”两个字完全占据了内心。我害怕自己恢复不了，害怕连累老公和儿子，我束手无策，已经吓到哭不出眼泪。🙏所幸没有连累家人 心里有了些安慰12月16日，老公、儿子和我一同做了核酸检测。平安夜检测结果出来，老公核酸阴性，儿子是弱阳性。好在他们身体反应不大。在检测之前老公发烧两天，期间服用莲花清瘟，出汗较多，检测时已是阴性，不知道这次发烧是不是病毒感染所致；8岁的儿子检测是弱阳性，但没什么症状，1月4日他第二次检测结果显示转阴。实在幸运没有连累到家人，家中只有我一个病人，这也算让我心里有了些安慰。机缘巧合遇见杨医生 悉心治疗后完全康复16日核酸检测虽然已经转阴，但我的身体症状并没有减轻，好在胃口一直不错，饭量甚至还增加了。这段时间吃过莲花清瘟，也买过号称是针对我症状的中药，但服用后并没有任何好转。机缘巧合下，我在某微信群里加到一个同在欧洲确诊的陌生年轻人，他把我拉到了杨医生的免费义诊群，说杨医生全球义诊群已经帮助很多人从新冠肺炎中康复。当时的我，种种症状缠身，身体很虚弱，我甚至绝望地想：“横竖都是死，不如跟这些陌生的朋友们一样完全托付给杨医生治疗，兴许就好了呢？”🙏事实证明我的无条件信任救了自己！杨医生了解了我们一家的病情后，1月初给我和儿子提供了治疗方案，每个疗程结束后还会根据康复情况进行下一步治疗，欧洲的义工朋友也配合为我们寄送药品。 儿子看诊时弱阳性已转阴，无症状仙方1号，1次/天；1月6日起，共服用6天。目前健康状况良好。我看诊时阳性已转阴，但症状依旧，乏力、怕冷、咳嗽、多痰、胸闷气喘、睡不好觉。服用反馈如下：仙方2号，3次/天1，1月4日口苦、舌苔泛白、咳嗽、睡眠差。2，1月13日不咳嗽，怕冷、睡眠差、喉咙异物感。3，1月27日不咳嗽不怕冷，睡眠好转，喉咙偶有异物感。4，2月3日舌苔泛白减轻，喉咙异物感减轻，体力恢复很多。5，2月16日疗程5-6，喉咙少痰，其他症状都已消失。6，3月11日停药，身体完全恢复，所有症状消失。好好吃药乖乖吃 身体会诚实地告诉你答案一场大病其实也是一次修行，身体好了心静了，良好的生活习惯和平静的心态是伴随我们一生的财富。既然选择了完全信任，我便坚定地遵照杨医生嘱咐，在整个治疗过程中坚持全素饮食、每天补充维生素C、每日静心打坐。再加上杨医生神奇的药方，就这样完全康复了！暂停其他治疗药物饮食全素，戒蛋奶荤腥油腻每日补充维生素C注意充分休息，打坐静心我在义诊群旁观到一些案例，病人服药期间不忌口、不注意休息、依旧吃喝玩乐，最后导致病情反反复复。服药期间遵医嘱是必须的，无论什么疾病，配合医生治疗才能取得理想效果。身体是最诚实的。我自身体质较弱，种种严重的症状让我害怕恢复不好会落下什么后遗症，这也是我坚持遵医嘱的动力。坦率说全素饮食对于一般人的确有些困难，但能坚持一阵子也就习惯了。停药至今所有病症都没有再出现，睡眠好了、体能充足，完完全全复原了。最神奇的是，经过杨医生的调理，我之前经常牙龈出血的状况也不见了，杨医生不仅根治了我的新冠肺炎，竟也顺便治好了其他一些小毛小病。不要拒绝陌生人的善意 世界比我们想象的更有爱在意大利多年，始终过着上班回家两点一线波澜不惊的生活，万万没想到居然蹭到了新冠肺炎的大热点。祸兮福所倚，虚惊一场后我们更懂得与家人朋友互相扶持，更珍惜自己和家人的身体健康。身边不乏有看官对杨医生的行医方法和药方表示质疑，我能理解在人与人的关系越发淡薄的时代，遇上席卷全球的新冠疫情，很多人放不下心中的戒备，草木皆兵。但亲身经历了一场疫病后，现在的世界对于我比任何时候都更生机勃勃充满希望。因为杨医生和义诊群的义工们让我清楚看见了人间大爱，他们顶住了汹涌的质疑和压力，始终为遭受病痛的朋友们负重前行。来自陌生人无条件的点滴善意将不断为我们拨开世俗的纷扰，注入勇敢生活的勇气！,2305.0,0.0017353579175704988,0.022156573116691284,0.0241260462826194,41.160714285714285
4920774118607278,wemedia,risk,"什么是“长期新冠疫苗综合症”？与新冠疫苗相关的长期症状让医生感到困惑马克·拉拉尼拉（Marc Lallanilla）2023年7月6日下午4:31更新你可能听说过“长期新冠”，即患者无法摆脱新冠的持续症状。但是你可能从来没有听说过“长期新冠疫苗综合症”。现在出现了“长期新冠疫苗综合症” 是一组罕见的，但令人困惑的症状，这些症状在接种新冠疫苗后持续数月仍在影响一部分人。 “你见到一个或两个患者，你会想这是否是巧合，”哈佛医学院的神经学家和研究员安妮·路易斯·奥克兰德（Anne Louise Oaklander）博士告诉科学杂志。 “但是当你见到10个、20个（患者）时，”她说，“有烟就有火。” 这种情况非常罕见 - 即使比少数报道的长期新冠病例更少 - 医学专家仍在分析数据以确定背后可能的原因。 “长期新冠疫苗综合症”可能与长期新冠的症状相似：头痛、剧烈疲劳以及心率和血压异常。 患者还告诉他们的医生，他们在接种COVID-19疫苗后的几周、几天甚至几小时内出现了刺痛、电击般的感觉、灼痛和血液循环问题。 其他患者出现了与姿势性直立性心动过速综合征（POTS）相似的症状，包括虚弱、心率和血压波动、疲劳和脑雾。 长期新冠疫苗综合症的症状可能与长期新冠的症状相似：头痛、剧烈疲劳以及心率和血压异常。纽约邮报图 对反疫苗者的担忧许多医生不愿公开讨论长期新冠疫苗综合征的可能性，担心这将被反疫苗阴谋论者利用，试图抹黑拯救了数百万人生命的疫苗。 食品和药物管理局疫苗部主任彼得·马克斯博士说：“我们不能排除罕见病例。”医生“可能要认真对待（疫苗的）副作用的概念。” 但马克斯和其他人担心可能会产生“耸人听闻的标题”，这可能会误导公众，因为COVID-19疫苗的益处远远超过风险。 耶鲁大学的心脏医生哈兰·克鲁姆霍尔兹（Harlan Krumholz）表示：“如果我真的是一名科学家，我有责任保持开放的态度，了解是否有什么可以做的事情。” 克鲁姆霍尔兹补充说：“我相信这些副作用确实存在一些问题。” 克鲁姆霍尔兹和他的同事耶鲁大学的免疫学家岩崎明子（Akiko Iwasaki）发起了一项名为LISTEN（Listen to Immune, Symptom and Treatment Experiences Now）的疫苗后研究。 他们的研究目的是“通过收集参与者的症状和病史信息，了解长期COVID、疫苗后不良事件以及相应的免疫反应。” 疾病控制和预防中心承认“任何疫苗都可能引起副作用”，并补充说这些副作用大多是“轻微的（例如，胳膊疼痛或低烧），并在几天内消失。” 例如，灭活流感疫苗在极少数情况下可能导致格林-巴利综合征（GBS），这是一种免疫性疾病，会导致肌肉无力，有时甚至瘫痪。 而疾病控制和预防中心报告称，在重组带状疱疹疫苗接种后，“疲劳、肌肉疼痛、头痛、发抖、发热、腹痛和恶心是常见的副作用”。 但对于绝大多数人来说，疫苗是安全和有效的，任何副作用通常都是暂时的和轻微的。 可能是姿势性直立性心动过速综合征（POTS）吗？尽管如此，来自全球各地的医生和研究人员报告了大量有趣的长期新冠疫苗综合症的病例 - 尤其是与COVID-19感染或更少的情况下与疫苗接种有关的POTS病例。 克利夫兰诊所表示，当人们从躺下到站立时，姿势性直立性心动过速综合征（POTS）会引发一系列症状，如心率加快、头晕和疲劳。 这种病症可能发生在怀孕期间、头部受伤或其他创伤后、手术后或病毒性单核细胞增多症之类的感染后。 研究人员继续调查姿势性直立性心动过速综合征（POTS）的病例，无论是COVID-19感染后还是疫苗接种后。 国立卫生研究院在2022年12月的一份报告中指出：“研究人员在研究COVID-19疫苗与不常见副作用之间的联系时发现，在接种疫苗后，有稍微增加了患有姿势性直立性心动过速综合征（POTS）的人数。” 该机构还补充说：“然而，与因COVID而患有POTS的人相比，这种关联出现的频率要低五倍。” #新冠后遗症# #新冠# #新冠状病毒# #新冠状病毒# #微博新知博主#",1692.0,0.001182033096926714,0.0030721966205837174,0.010752688172043012,56.4
4921354677133069,wemedia,risk,从小到大，发烧次数屈指可数，自从新冠之后老是感冒发烧，白天没事，一到晚上就开始头昏发烧🤒这会不会是新冠后遗症#新冠后遗症#,61.0,0.0,0.0,0.0,61.0
4922625559626539,wemedia,risk,【《柳叶刀》：新冠患者治愈半年后，主要有这三类症状】   #新冠感染##新冠后遗症##长新冠##新冠病毒#O《柳叶刀》：新冠患者治愈半年后，主要有这三类症状,78.0,0.0,0.0,0.0,78.0
4922806808349727,wemedia,risk,#医行天下##新冠后遗症# 一些顽固后遗症，如果一直没处理会怎么样？🙋病人反馈：杨医生:刚刚照镜子，发现我有舌苔了!6月18日给您发的舌照，我完全没有舌苔。两周的药还没有喝完，已经有舌苔了!您的药见效非常快~!妙手神医，感恩您🙏🙏🙏杨医生：对症了就会立竿见影，身体就会往好的方向发展，反之如果不及时处理身体就加速衰退，最近我遇到很多只有短短几年没见的一些熟人，都发现老得特别快，这里面有身体的问题但也有很多新的问题,207.0,0.01932367149758454,0.016853932584269662,0.011235955056179775,41.4
4922808763160386,wemedia,risk,#新冠后遗症##医行天下##坐骨神经痛#坐骨神经痛  每个人的症状会各有不同，根治才能杜绝后患🙋病人反馈：杨医生好，跟您反馈一下，我老公感染了新冠之后，他的坐骨神经痛加重了，一度特别困扰他。但吃了您的药和老安宫后，今天突然意识到已经不疼了感谢您，感恩三宝加持🙏,131.0,0.0,0.009009009009009009,0.0,131.0
4926379713633205,wemedia,risk,#新冠后遗症##疑难杂症##结节##医行天下##胃炎##艾灸##血栓#  患者来信 | 带给我健康的，才是我真正的贵人杨医生好，义工们好：      今天我要分享通过杨医师的治疗，获得身体健康的快乐。     去年12月25日，我新冠病毒发热、（喉咙）吞刀片、肚子疼的得不行。到了洗手间，不知怎的就晕倒在洗手间，是自己醒来的。我想，人好脆弱，不经意间自己就要过去了…      一个人在家坚持9天，身体已经被病毒严重破坏，去医院挂11天盐水。喉咙痛好了点，也可以吃点东西了；但是早晨起来，头晕、脸通红、反复肺炎、咳嗽、背部疼、全身疼，说不出的难受。白天，一阵背部热导致全身很热；一阵寒冷，穿再多再厚的衣服就像赤膊和没穿衣一样。晚上，背部刺寒睡不着。心想这样难受，活不下去……      在我最煎熬的时候，上天赐我老朋友出现。 她和我讲述杨医生的专业：当时她新冠后心跳一分钟120-150跳，多亏及时服用杨医生（👉老安宫半颗O安宫的小故事）就得到平静，然后喝了杨医师的浓缩中药越来越好。看她气色很好，更年轻了，我很羡慕！      我毫不犹豫选择相信（相信就有福报），我要祈求杨医生救我的命。通过上海H义工的帮助，得到了杨医生的医治。再次感谢我的老朋友，感谢义工们，感谢杨医师高尚的医德医技。你们是我的贵人，有了你们，才有我今天健康的生活。治疗过程与疗效分享     一、2月14号中午，喝到了杨医生的中药七天（一个疗程）。我的身体一阵烘热一阵寒冷这个毛病好了，晚上能睡着了，头晕也好多了，整个身体舒服很多。      二、服新冠治疗药第二个疗程，喝了第一天，我肚子胀气厉害，因为我有糜烂性胃炎。感谢杨医生从百忙中指导我，👉艾灸O网页链接（中脘、神阙、足三里），三个晚上不要吃晚饭，清淡饮食，鸡蛋牛奶不要吃。我听话照做，每天认真喝中药、艾灸。几天艾灸，肚子胀气的毛病好了。      4月11号到4月23号，我吃了血栓宁。听群里杨医生说：老药药性厉害，每天早晚各半粒，可以吃五天。我天数吃多了，引起胃疼。按照平时，我又要去医院做胃镜、吃中药几次才好。这次，我选择杨医生的艾灸直接灸胃，灸出了好多好多的水。几天下来胃不痛了，直到现在都很好。（我经历过做胃镜，遇到业务不熟悉的，简直太痛苦了）（现在省钱省事）感悟杨医生的艾条太神奇了，不是亲身体会还不知道呢，太开心了。      新冠病毒，五十天以后才有缘遇到杨医生，耽搁了最佳的治疗时间。全身很多的病毒结节，大的比花生大，小的很多很多。感觉这里刺痛，用手摸摸一个结节；那里刺痛，又是一个病毒结节。好想把病毒结节彻底清除，但我没有办法。      我的朋友对我真好，我半夜醒来看到微信。对我说，杨医生有老药血栓宁，堪称小安宫。我服了血栓宁20颗，大的结节变小了，小的结节没有了。感悟杨医生的老药是个宝，非常感谢杨医生救苦救难。,1185.0,0.0008438818565400844,0.034518828451882845,0.013598326359832637,31.18421052631579
4926789263296587,wemedia,risk,#中医##疲劳##体虚##新冠后遗症# 78岁老人家，5月2号阳了，既然还有阳的，之后就出现各种虚，走不了多久腿就无力，身上疲倦乏力，整日没精力，老想闭眼睛，自汗，怕风。以前的老毛病失眠也复发加重。入睡困难，中途醒就睡不着了。靠安眠药入睡。7月8号一直守方调理到现在。今日复诊反馈好转八成左右，走路有力气了，整天也不会老想闭着眼睛了，也不会疲倦乏力了。睡明也好转了，中途醒了也能睡回去。原本很担心很焦虑身体恢复不了，现在心淡定下来了。问什么时候可以停药，我的建议是在守方一周，然后就3天一剂吃吃停停，自至恢复如初。,257.0,0.0,0.004545454545454545,0.02727272727272727,28.555555555555557
4926809311811150,wemedia,risk,准备做一个快乐且健康的胖子：去年好不容易把体重从210斤掉到了180多斤，也有一身肌肉，但是自从去年欧洲羊完以后，一直情绪低落，身体各种奇怪的慢性疲劳和偏头痛，直到五月确诊为强直性脊柱炎AS中期患者。据说病程已发展十来年，背整晚整晚痛睡不着，运动的时候活动受限。前段时间由于投资失误加之身心俱疲，又被评估为#中度抑郁#， 这一连环的伤病让我无法再控制饮食。。于是我彻底放飞自我，不再减肥，只是偶尔健身，经常深夜还要点汉堡，每顿吃两到三晚米饭，不再摄入大量蛋白质改为高碳饮食。#新冠后遗症# 然后医生给我开了十多只生物制剂可善挺，我都按时接种，近期亦出现了耐药，炎症因子开始在我体内复发，让我整夜无眠并且白天昏昏沉沉。至此，短短60天已经胖了三十斤。 2乐山·西南交通大学峨眉校区,339.0,0.0,0.02348993288590604,0.013422818791946308,48.42857142857143
4927542894532385,wemedia,risk,今年一次新冠一次甲流以后一直咳嗽，4月份去检查说是变异型哮喘，好不容易喝中药调理好了然后湿疹，寻麻疹，甲状腺滤泡囊肿全都找上门了，真好 #新冠后遗症#,75.0,0.0,0.0,0.014925373134328358,75.0
4928203509991714,wemedia,risk,#中医##掉发##新冠后遗症# 女患38岁，新冠后从3月份开始掉头发严重，梳头，洗头掉的严重。容易出汗，气短乏力容易疲倦。吃多容易腹胀。月经提前5天，量少，有血块，经前期胸痛不能碰。大便2-3天一次，干结。———气血亏虚型———用归脾汤加减两周。今天微信反馈，掉发有好转了，洗头都没之前掉发那么厉害了。谢谢她的反馈。见效还得继续吃，巩固住，补气血就像煲老火靓汤一样。要有足够耐心，不然很快又耗掉的。所以日常没事不要随便耗损自己的身体，得新冠那是被疾病耗伤的没得选。,232.0,0.0,0.005208333333333333,0.026041666666666668,21.09090909090909
4928528636183859,wemedia,risk,#中医#米粒灸#新冠后遗症# 昨天还和院长聊天，最近都碰到了哪些新冠后遗症，说着说着今天就来了好几个，来月经后症状加重，按照院长传授的清暑益气汤加减法，范医生的米粒灸方，当时就缓解 我是知识的搬运工 2武汉·武汉顺时岐舍中医门诊部,116.0,0.0,0.009900990099009901,0.009900990099009901,116.0
4929179268679579,wemedia,risk,#新冠后遗症#昨晚睡下后嗓子发痒，含服喉镇丸，企图压下去未果，用力咳嗽才轻松点，然而痒感依然强烈，越痒越咳，越咳越痒。用手机查信息方知，新冠后数月仍旧咳嗽的约占两三成！耐心看了几个医生的视频，说病结在于咽喉经病毒感染后变敏感了，给出的解决方法无外乎两种：一是用抗过敏、抗组胺药，二是用吸入式糖皮质激素药，这两种方法都是治标，让咽喉不那么敏感，并不治本，关键是不知道何为病本。哎。,189.0,0.005291005291005291,0.0,0.0,47.25
4929857450413155,wemedia,risk,#新冠后遗症#我一直低烧，除了低烧其他没什么症状，两个月了一直在37.1度左右，查了血常规都正常，上周喝了中药还是烧今天又去看中医说我虚，自从阳完之后就上不来气，胸闷气短的，干啥也没劲。特么的新冠，这该不会就是我的后遗症吧，日🙅,114.0,0.0,0.030303030303030304,0.010101010101010102,114.0
4929894725716196,wemedia,risk,最近看了很多阳后出现后遗症的患者。普遍反馈阳后体质下降了。尤其老年人，还有一些工作打工人。感觉回血速度明显下降。疲倦，乏力，提不起精神。#新冠后遗症#,75.0,0.0,0.0,0.0,15.0
4930983038293829,wemedia,risk,我门诊遇到新冠后遗症病人，主要以上呼吸道和心脏病变为主，症状为咳嗽，咽干、痒、痛，有痰或者有痰难喀或咽有痰感实际无痰，心悸心累胸闷短气等等。病机常为余热留肺，痰热互结，邪犯心包等等。       我个人是根据情况辩证组方，因为感觉没有比较好的成方完全对应，另外我习惯还要根据观察到的咽喉病变情况加减用药。银翘散，贝母瓜篓散，生脉散，东垣清暑益气汤，柴胡加龙骨牡蛎等都可以借鉴加减，一些药对也很好用。#新冠后遗症# 剂量是一日半，仅供同道参考。 2重庆,225.0,0.0,0.015625,0.005208333333333333,45.0
4931810972410232,wemedia,risk,患者新冠后一月，一直头晕，没有力气。三仁汤加减5剂药后反馈。#新冠后遗症#中医#中医##中医话健康# 2昆明,55.0,0.0,0.0,0.046511627906976744,27.5
4932203392533266,wemedia,risk,#中医##新冠后遗症##咳嗽# 虽然对新冠后遗症的关注时间不长，自己临床时间也很短，但最近碰到各种不同主诉的门诊，网诊新冠后遗症病人开始多样化。失眠，胸闷，心悸，疲劳，咳嗽，喉间异物感，月经不调，闭经，病机上层出不穷，病位上飘忽不定。现在如果碰到个新冠后遗症的病人，诊疗时间比其他病人至少要多花一倍的时间，下一波还不知道什么时候来，这玩意太狠了…… 2武汉·武汉顺时岐舍中医门诊部,190.0,0.0,0.006172839506172839,0.006172839506172839,95.0
4932264796095190,wemedia,risk,#新冠后遗症#第三次羊，每次间隔3个月,19.0,0.0,0.0,0.0625,19.0
4933290387046467,wemedia,risk,#医行天下##新冠后遗症##疫情##新冠变异##低烧##心脑血管疾病##新冠治疗#  突发！新冠“强变异”杀回多伦多！‘’大批华人发烧+喉咙吞刀片‘’， 这则消息大家都看到了。最近的确看诊的人数增加，加上今年阳气升发不力，人体免疫力底下，还有不少数月来一直未见好的后遗症患者。今天一位已经感染3个月的来求诊，为何说她感染了三个月，就因为她至今还在低烧中。防护，第一时间找对合适的医生非常重要。北京统计，2021年心脑血管疾病增加了58%。有关疫情、疫苗、后遗症，大家可以去看公众号4百多篇原创文章。,249.0,0.008032128514056224,0.0,0.01990049751243781,31.125
4933484335859266,wemedia,risk,#中医##新冠后遗症# 这是个外地来求医的患者，人非常和蔼，新冠后的症状也非常典型……女，38岁，去年底新冠后心悸心慌，胸闷，心前区刺痛，疲劳乏力，头晕，多梦，记忆力下降。辨证为气阴两虚，用清暑益气汤加减，结合患者焦虑，睡眠差，再加养血柔肝，7副药后复诊，前症明显好转，心悸胸闷已无，头晕已无，头晕，多梦明显减轻，继续吃几副中药，争取本月就停药 2武汉·武汉顺时岐舍中医门诊部,188.0,0.0,0.0,0.01935483870967742,188.0
4933644009085732,wemedia,risk,#新冠治疗##新冠后遗症##医行天下# 📍最近海外各地爆发了奥米克隆的超强变异体，昨天一天就处理了好几个，很多还是身边的朋友。📍疫情过了这么多年，大家都懈怠了，我自己也很多时候都麻木了。每当疫情到来时很多同行还在抓耳挠腮不知道该怎么处理的时候，到现在都还乱开药，也非常固执听不进，其实从武汉开始就已经是这样了。而我对这个病毒无论是怎么变，我都拿捏着它死死的。📍昨天一位好朋友看了一些报导，很多海外长新冠患者生不如死，说我真的避免了太多人的后遗症功德无量。人身短暂，人身难得。群里很多是修行的人，知道这个身体的宝贵性。疫情不怕，只要第一时间处理就可以了。📍我前几天遇到好几个多年没见的人，都发现他们很年轻就衰老得如此迅速（公众号有介绍）。还有一位不听打了足足4针，才2年没见就... 还有一位找了不下8位医生，花费数万越来越严重，早上都起不来了。所以，及时对症处理是最重要的。,387.0,0.0,0.017595307917888565,0.008797653958944282,35.18181818181818
4934218599629989,wemedia,risk,#中医##新冠后遗症# 这是个幸运的新冠后遗症患者，5月首阳，症状不算重，吃药效果也很好，第一周药吃完感觉挺舒服，好的差不多了，就不想再吃药了，劝了两次才来。女，26岁，新冠后遗留咳嗽1月余，夜间加重，咽痒痛，口苦，多梦，活动时心悸胸闷，腹胀。考虑太阴湿热兼少阳痰热，用杏仁汤合半个温胆，7副药后咳嗽大减，咽痛，口苦，心悸胸闷，腹胀均消失，还有些口干疲劳，继续守方调整，再加些补肾养血药（新冠伤肾），继续吃一周就停药了。,210.0,0.0,0.0,0.022988505747126436,70.0
4934388724272903,wemedia,risk,#中医##新冠后遗症# 因为二阳的时候没什么症状，咽痒半天就好了，犯了经验主义错误，上周三阳，嗓子吞刀片折磨了我好几天，最后还是吃了药才好。今晚我妈突然说发烧了，咽痛，头晕，估计也是中招了，不敢怠慢，因为家里没什么药，就点刺少商，商阳放血，针曲池，手法推拿肺腧，风门，烧退了一点，咽痒痛缓解了很多。这三阳太狠了，明天还是要搞点药吃 2武汉·武汉顺时岐舍中医门诊部,181.0,0.0,0.012987012987012988,0.006493506493506494,90.5
4934713679023000,wemedia,risk,#新冠后遗症#新冠第五天，没啥症状了，但感觉自己现在好虚，动不动就出汗，拎东西也拎不动，手脚都无力，但没办法，明天要上班了，没有假了。还好工作不累，在办公室慢慢养着吧，真是病来如山倒，病去如抽丝！,98.0,0.01020408163265306,0.012048192771084338,0.0,49.0
4934997763167369,wemedia,risk,#中医##新冠后遗症# 新冠后味觉嗅觉消失/减退，可是试试服用藿香正气水（嗅觉减退可以直接滴在鼻内黏膜上），亲测有效 2武汉·武汉顺时岐舍中医门诊部,74.0,0.0,0.0,0.016129032258064516,74.0
4935023591166291,wemedia,risk,#医行天下##新冠治疗##新冠后遗症##失眠##乏力##低烧##咳嗽##心跳加快# 新冠后遗症=睡不着、心跳加快、乏力、咳嗽、低烧… 到底怎么回事？疫情四年来，我们在全球各地处理了2万余人次的新冠及各类变异病毒感染者，以专业的医疗技术帮助很多人从疫情中迅速恢复。公众号等平台发布了相关的致病机理、治疗要点、防护知识及日常养生保健法，养生群里也是不厌其烦地天天提醒大家注意，毕竟生命只有一次。要知道这不是普通病毒，如果处理不好，对身体会有不同程度的长远期影响...2022年底全面解封后，一波疫情席卷中国大地。据钟南山院士在近期会议中提到，目前全国大概已有85%的人感染过，人数已超过12亿。去年12月至今，我们每天都收到很多患者求诊。常见症状有睡不着、心跳加快、乏力、咳嗽、低烧...，到底是怎么回事？患者求诊时的症状：见图,362.0,0.0055248618784530384,0.006666666666666667,0.016666666666666666,51.714285714285715
4935107082981182,wemedia,risk,身边三阳的人不少…大家还是要做好防护和身体营养储备哟～营养补充是有用的✔️不光在我身上实践出有用，没有任何后遗症。最近一位大学老师也刚来反馈，去年一样落下的后遗症可把人折腾惨了…于是找到我寻求改善后遗症的方法试试～如今全家二阳了，有乖乖在营养补充，都没事～这是在又一家人身上实践出的最好的对比毫无防备没有营养补充🆚有全方位细胞级营养补充 真的不一样～马上又补了两瓶葡萄籽，她自己感受到葡萄籽不能少#新冠三阳的人开始陆续出现##新冠##新冠后遗症##拼的就是免疫力##细胞营养素##ARIIX爱睿希#,249.0,0.0,0.013824884792626729,0.0,249.0
4936062672047407,wemedia,risk,#中医#米粒灸#新冠后遗症# 安徽来的患者，新冠二阳后遗症，心区痛，心跳快，背痛，找田医生@中医田应旭 开药症状明显缓解，最近工作疲劳症状轻度反弹，昨天就诊院长让患者找我米粒灸治疗，辨证施灸，今天反馈不适症状一次就明显缓解，告知患者穴位，让患者在家自行米粒灸。新冠后遗症，米粒灸大有可为！ 2武汉·武汉顺时岐舍中医门诊部,161.0,0.006211180124223602,0.0072992700729927005,0.0072992700729927005,80.5
4936085371359670,wemedia,risk,#中医##新冠后遗症# 最近接诊了一个咳嗽变异性哮喘的小朋友，来门诊三次，本来已经好了一多半，昨晚突然加重，仔细观察后发现原来是阳了……气死我了，好不容易快治好了，新冠一来全都打回原形 2武汉·武汉顺时岐舍中医门诊部,108.0,0.0,0.010752688172043012,0.010752688172043012,108.0
4936126773336758,wemedia,risk,#新冠##新冠后遗症##门诊心得# 自从有了新冠之后，我的患者群里就分成了两大类的患者，一类是不看新冠后遗症的患者，另一类是来看新冠后遗症的患者。比较奇怪的是：那些新冠前找我看病的老患者，即使有阳过也基本没有出现过新冠后遗症。我仔细研究了一下，可能是和我在去年11月份给老患者制定的治疗新冠的方案有关，换而言之，就是用过这种方案进行预防和治疗新冠的患者，出现新冠后遗症的概率很低，并且有不少患者至今全家未阳。新冠病毒感染后的后遗症症状那么多，到底是怎么一回事？我从自己的角度尝试解释一下，不一定对，但是临床上非常管用。这个病毒我们中医几乎翻遍了所有的古籍，找寻了所有的古方，各路专家纷纷提出各种假说，寒毒、热毒、疫毒、湿毒等等。老百姓也看的眼花缭乱。我想说的是其实很简单，他是一种攻击精血的病毒，打个比方：好比西游记中的白骨精，吃人不用隔水蒸，只要吸你一口精血，你就干瘪了。后遗症同理，所以感染病毒后，人体出现各种器官功能的衰退，出现各种奇奇怪怪的症状，其实如果是懂传统文化的人一看就明白，就是精血亏后，脏腑提早衰老了。所以老年人受不住，会加速慢性病的失控。生活中过度耗精血或者是有基础疾病的年轻人也扛不住，五脏哪里有缺点，哪里就要出点问题。月经期的妇女，每逢经期，易感不说，后遗症也容易在月经期反复发作和加重。精血问题受损，西医自然是查不出来的，也很难控制和治疗的。新冠后造成的所有疾病，都是先伤血，后伤精。从而出现心血亏耗，脾血不足，肝血亏虚，肾精亏耗的各种典型或者综合症状。另外贴三个典型医案给各位研究下，无一不是从补精血为基础，再找各个靶点脏器治疗，有血瘀的化瘀，有毒的解毒，有邪的散邪而已。如果基本面的问题不能解决，那么就好比在旱地上行舟，自然是动弹不得，越陷越深了。我们可能很难从预防上面解决问题，但是如果换一种思路，在感染后减少对人体的更多伤害也是好事。希望从后遗症这个泥潭中第一个挣脱出来的还是我们中国人。省流总结：从精血论治，肝肾同治固本，祛邪解毒为辅。肝藏血，肾藏精，精血同源。正气存内邪不可干，但不是只有阳气才是正气，精血也是生命之源。,879.0,0.0011376564277588168,0.012690355329949238,0.0012690355329949238,39.95454545454545
4936180280066536,mainstream,risk,新冠会不会增加自身免疫性疾病的风险#新冠后遗症#  O新冠会不会增加自身免疫性疾病的风险？,45.0,0.022222222222222223,0.0,0.0,45.0
4936455677805688,wemedia,risk,#新冠治疗##新冠后遗症# 小医生随笔（10）——孝今天是二阳、后遗症的讲解，还是不少人来，虽然很多都讲了足足四年，仍有那么多后遗症患者。除了讲到公众号有的那些专业信息，这次提到了ICU里那位独活下来的妈妈。她说基本上在那个偏僻的小地方医院，很多孩子放弃了对父母的抢救，为什么？想想很多父母自从有了我们之后，他们风里来雨里去的时候、路上的时间陪伴孩子们的时候、辛苦一生的收入带孩子们参加各种课程各种学习的时候，父母会觉得一切理所当然，因为父母觉得孩子是他们身上的一块肉；而给我们这块肉的，我们自己的父母呢？殊不知我们的这些行为来自我们自己父母的“爱”，这种千百年间根深蒂固的爱！同样将来也言传身教影响我们的下一代，最终孩子们也是如此对待他们的孩子，却不会这么对待他们的父母，很多时候错误的观念影响着一代代人。父母竭尽所能为了下一代，牺牲了很多很多，短暂的人生却不曾真正拥有过，最后我们快乐了吗？孩子们快乐了吗？当我们走的时候，孩子们会继承父母的财产、父母的珠宝，但却会烧掉所有父母的衣物，哪怕是一件全新的。很多人老了只会孤零零一个人度过残生，一个人来一个人走。孩子们可能在他们不忙的时候来应付一下来看你，很多也是百般不情愿。他们将来会更忙，他们需要更多精力照顾他们自己和他们的孩子；而等你想明白的那天，已经走到了尽头。这其实是今天我真正讲的后遗症，我也告诉了大家解决的方法。,587.0,0.008517887563884156,0.024574669187145556,0.001890359168241966,39.13333333333333
4936748474043666,wemedia,risk,#新冠##新冠后遗症#失眠#门诊心得# 今天说说睡眠那点事，尤其是新冠后遗症后的失眠问题。我也发现了大家对中医的基础知识，或者说对中国文化的基础知识了解的非常少，不过还好我们都说中文，写中文，我会继续用简单、直白的文字来给大家科普。但是这只代表本人对于疾病的看法，着重于临床实用，很主观。如果您有别的看法，那一定是您对，不必和我较真。西医说：睡眠又是人体重要的生理活动，每天近三分之一的时间除了可以给我们补充体力，还能促进机体的发育和修复，增强免疫力，调节神经的紊乱等等，是维护脏腑之间平衡的重要方法。从中医角度来讲，如果说阴阳中的“阳”管脏器的功能性问题，而“阴”管脏器的器质性问题，粗暴的说：“阳”负责强不强的问题，“阴”负责有没有的问题。所以中国人都说阴阳，从不说阳阴，因为物质第一性，更重要，有没有是解决生存，强不强是解决优劣。而“睡觉是人身第一大补”：补的是以阴方面为重的问题，比如生长发育，各类细胞的修复，我们即使不吃补药，只要睡好觉，身体自己会把从食物中吸收的养分转化为自己的精华，从而起到补阴生阳的作用。所以长期睡觉差，就会造成严重的心脑系统疾病（脑梗、冠心病、心律失常等）、各类代谢疾病问题（血脂异常、肝肾功能异常等）、各种情绪问题（抑郁症、焦虑症等）、神经失调问题（耳石症、神经性耳鸣等）。那么造成我们睡眠不好的主因是什么？或许中医人会说各种原因都能导致失眠，但是失眠有没有共通的一种被影响的机制，或者是叫做底层逻辑的东西？其实每个中国人都知道却又讲不清楚。还好每个中国字都有阴阳，都有中医医理。睡觉不好的关键点在于“烦”这个字上，而烦的根源在于不“顺”。很多人的睡眠差，都是烦于各种不顺心，比如：工作劳累、情绪挫败、身体不适、年老身体机能下降、生活习惯和入睡环境的无法纠正等因素。“烦”和“顺”两个字右侧都是一个“页”字代表了人的头部，引申意为上部，“烦”字左侧是“火”字，代表了火热，“顺”字左侧是“川”字则代表了大量水。头上有火则烦，头上有水则顺，这是老祖宗讲的字外之音。我们中医认为，失眠的底层逻辑，在于心火和肾水的不交汇，专业术语叫做心肾不交。心火和肾水，在人体内代表了阳和阴，需要时时交互相会。有点像神话故事中的牛郎织女，什么都无法阻止他们的互相吸引。自然界水往低处流，火烧起来往上升，来源于道家的中医认为人的生命是夺天地造化的产物，所以体内的循环和自然界相反。健康的人体是心火往下行，肾水往上走，交汇而形成阴阳平衡，就带来了健康人的头脑清凉，心平气和，脚底不冷，腰脐发热种种表现。我们可以观察小孩子，小孩子容易睡得好，睡眠质量高，被叫做婴儿般的睡眠。他们甚至可以光着脚在地上行走，跑的又快又不怕冷，这是因为心火可以走到下肢；而老年人和早衰的成年人就不行，下肢无力又冷，甚至是肚脐都是冷的，这是因为心火困于身体上部不能达到躯体的中下部，自然下半身冰冷如水。所以一旦火蓄积在上而不下，心过于热；水在下而不能上，肾过于寒，必然心肾不交。我们要让心不过热而下行，肾不过寒而上行，两相引则两相合，自然失眠可解。而另外其他辨证论治所述的：肝郁火旺、心脾肝血虚、胆气虚、痰湿、食积等等分型都是在干扰心肾相合过程的阻碍，在保证不离主旨的情况下一一化解即可。而新冠后遗症后的失眠，在机制上也是同样的道理，举举例：有上中焦（胸腹部）有痰阻吞咽出问题从而一直觉得闷睡不好的；有气血不能到四肢末梢，从而觉得四肢麻木乏力，甚至全身游走性疼痛而睡不好的；有本身火旺，阳后心火更加亢盛，心火不能降下来，从而整晚胡思乱想、眨巴眼睛睡不着的；有本身阴虚，阳后精（肾水）血（肝血）更加消耗，肾水不能升上去，肝血不能滋养内脏，出现口干、大便干、烦热、低热等等虚烦表现睡不好的；有阳后血虚厉害，血管里没有多少血，所以心脏只能加班输血到身体全身，所以长期心跳加快不愈，还能晚上听到咚咚声睡不好的；诸如此类，各式各样，如果只使用敛精、振奋阳气、泻火的方法，是不是像一个负债累累的人还想通过省钱、胡乱贷款、人间蒸发等相对消极方法去解决问题，那么猴年马月能还清借债呢？,1678.0,0.0017878426698450535,0.00816326530612245,0.0,47.94285714285714
4937589776453128,mainstream,risk,#新冠后遗症#“三阳”来了？最新研究表明：多次感染或持续感染将造成认知障碍，点击视频#Dr.G来解答# L金斯瑞的微博视频,61.0,0.01639344262295082,0.0,0.0,61.0
4937851949550929,wemedia,risk,今天上午刚刚看了一位女士，34岁，莫名其妙的疲劳乏力，嗜睡，10多天了，始终没有改善，而且不愿吃饭，没有食欲，嗓子不舒服，声音沙哑。望诊：面色萎黄，舌底脉络瘀，诊脉：弦细略涩。诊断：新冠病毒感染后遗症心脉淤滞，脾胃失和，气血两虚。处方：破格救心汤加味。#新冠病毒感染##新冠后遗症##新冠后遗症可持续数周数月甚至更长时间##新冠病毒最可怕的后遗症##新冠肺炎治愈后是否有后遗症#,189.0,0.0,0.0,0.01282051282051282,47.25
4938628619836891,wemedia,risk,#中医##新冠后遗症# 最近发现有些新冠后遗留咳嗽虽然病程久，但并不严重，邪气有一部分停留在表没有完全入里，对表里占比的辨证是接下来想做的一个课题。女，26岁，新冠后遗留咳嗽1月余，咽痒，少痰，咽痛，心悸，胸闷，腹胀，口苦，苔腻。用杏仁汤化裁，兼行气化痰，服药7剂后咳嗽明显减轻，咽痛口苦消失，心悸胸闷消失，再服7副，今日回访咳嗽已好，但晨起疲劳，后续慢慢给她补补~ 2武汉·武汉顺时岐舍中医门诊部,199.0,0.0,0.0,0.029940119760479042,99.5
4940040646429244,wemedia,risk,发布了头条文章：《周围开始三阳？新冠反复感染已成定局，干细胞能为你做些什么？》 干细胞有一个非常显著的特性——免疫调节特性，可以调节如抗原提呈细胞、T细胞、B细胞和自然杀伤NK细胞等重要免疫细胞的免疫功能。间充质干细胞（MSC，mesenchymal stem cells）是干细胞家族的重要成员，其对免疫系统的调节特性具有双向性，在免疫力低下时候，起到增强免疫的作用；而对过强的免疫反应，会产生抑制作用。#干细胞回输# #新冠肺炎# #三阳# #亚健康# #新冠后遗症#  O周围开始三阳？新冠反复感染已成定局，干细胞能为你做些什么？,268.0,0.014925373134328358,0.0,0.0,38.285714285714285
4941977508384842,wemedia,risk,🐑了后，是我的行动变缓慢后 把我的神经也变缓慢了吗？为什么我听歌感觉每首都比之前快了一倍  以为音乐APP的原因，我看自己录的视频也像开了2倍速…尤其小自由那首歌#新冠后遗症#,88.0,0.011363636363636364,0.06578947368421052,0.013157894736842105,88.0
4942218474816248,wemedia,risk,新冠后遗症咳嗽，患者说见效太快，浪费了。应该吃完巩固一下的，哪有那么神。#咳嗽##新冠后遗症# 2重庆,51.0,0.0,0.0,0.024390243902439025,25.5
4942309765154964,mainstream,risk,干细胞抗衰Cell：重症新冠肺炎可能导致长期的先天免疫系统变化由纽约市威尔康奈尔医学院的Steven Z. Josefowicz博士领导的研究人员检查了38名从严重新冠感染和其他严重疾病中康复的人以及19名健康人血液样本中的免疫细胞和分子。这些研究结果表明，SARS-CoV-2可导致基因表达发生变化，最终促进炎症细胞因子的产生，其中的一种细胞因子甚至在疾病结束后仍能诱导造血干细胞发生这些变化，从而使这一过程持续下去。#新冠肺炎##免疫细胞##提升免疫力##新冠后遗症##三阳#,241.0,0.0,0.0,0.015463917525773196,120.5
4942365724511625,wemedia,risk,干细胞Cell：重症新冠肺炎可能导致长期的先天免疫系统变化由纽约市威尔康奈尔医学院的Steven Z. Josefowicz博士领导的研究人员检查了38名从严重新冠感染和其他严重疾病中康复的人以及19名健康人血液样本中的免疫细胞和分子。这些研究结果表明，SARS-CoV-2可导致基因表达发生变化，最终促进炎症细胞因子的产生，其中的一种细胞因子甚至在疾病结束后仍能诱导造血干细胞发生这些变化，从而使这一过程持续下去。#新冠肺炎##免疫细胞##提升免疫力##新冠后遗症##三阳#,239.0,0.0,0.0,0.015625,119.5
4943422227484084,wemedia,risk,#新冠 耳鸣#请问各位，新冠后遗症耳鸣，有啥治疗方法？#治疗##新冠后遗症#,38.0,0.02631578947368421,0.0,0.0,38.0
4943819177723017,wemedia,risk,二阳了（不确定是不是二阳因为有症状才测）第一天喉咙痛，有痰（前一晚吃了烧鸭，前二三晚吃了饼干面包干），第二天嗓子痒咳嗽，有痰，鼻塞，头晕，然后发热晚上才量37.5度，低烧，抗原测出强阳。第三天，手臂发麻，脚发软。第四天，依旧头晕，晚上嗅觉时不时恢复一点，弱阳。希望新冠对我好点不想那么快死掉🙏#新冠后遗症##二阳#,157.0,0.0,0.007751937984496124,0.007751937984496124,52.333333333333336
4944349567127509,wemedia,risk,发布了头条文章：《免疫细胞或可成为治疗“长新冠”的一剂良药》 近日，大家“二阳”、“三阳”也都逐步“阳康”，慢慢回归正常生活。然而，有一种非常普遍的愈后现象——即使在转阴后，很多人身体仍然虚弱、咳嗽、容易疲劳。不少朋友就听说了“长新冠”这一名词，最为常见的症状是疲劳、呼吸急促和睡眠障碍或失眠。以NK细胞为代表的免疫细胞回输疗法在治疗新冠后遗症过程中展示了不俗的表现……#nk细胞# #免疫细胞疗法# #提升免疫力# #新冠后遗症# #亚健康#  O免疫细胞或可成为治疗“长新冠”的一剂良药,245.0,0.0,0.0,0.0,81.66666666666667
4944748282906339,wemedia,risk,#中医##新冠后遗症# 从信阳来的患者，31岁，事业有为，还是老样子——新冠后身体不适、医院检查无异常、影响。来找我时中恩心慌，心脏发紧，劳累后加重，口黏，疲劳身重，多梦，舌苔腻，脉细软略弦，尺沉。非常典型的新冠后遗症，以痰湿内蕴为主，用温胆合生脉饮加减，10剂后心区不适已无，心脏发紧，心慌，胸闷均消失。果然年轻人还是底子好啊，吃起药来疗效快，复诊合瓜蒌薤白通心阳，再吃10剂考虑让他停药了。前两天和师姐聊了会，各医院，各科室的住院部其实都能碰上不少这类病人，只是还没有系统分析，也没有治疗思路。我听后感叹还是小瞧了这类群体的体量，太庞大了，门诊碰见了就治呗 2武汉·武汉顺时岐舍中医门诊部,296.0,0.0,0.00796812749003984,0.01593625498007968,59.2
4945158631590412,wemedia,risk,#中医##新冠后遗症# 下午来了个多梦的病人，详细问了20分钟，从2年前的工作压力精神衰弱开始问起，还是找不到发病源头。突然想到她说加重半年，以前梦不算多，问了句3月是不是阳了，果然是新冠后开始出现的问题。以后病人来后除了常规问诊套餐外，一定还要再追加新冠史。 2武汉·武汉顺时岐舍中医门诊部,146.0,0.0,0.0,0.03125,48.666666666666664
4945210003162063,wemedia,risk,#新冠后遗症# 从去年12月到现在9月，一直被新冠后遗症困扰，之前是频繁心慌憋气，然后消化功能减退，什么都食不下咽吃两口就吃不下去了，半年之内瘦了15斤。前一阵细菌感染高烧不退钾低贫血，还总是惊恐自己虚弱的会随时猝死,108.0,0.0,0.010416666666666666,0.03125,108.0
4945905743037678,wemedia,risk,#中医##新冠后遗症# 三阳后出现胸口痛，味觉嗅觉减退，汗多，疲劳乏力，大便不成形，长期熬夜，一诊10付药，所有症状明显好转。像这类新冠后遗症，属于气阴两伤，补足气阴即可。 2长沙·经俞堂国医馆,97.0,0.0,0.0,0.02564102564102564,48.5
4947733242185334,wemedia,risk,大家好，我是北京公立三甲医院，中医心血管曲家珍教授。从事中西医结合诊疗心血管病近50年了。最近门诊接触了很多怀疑自己心肌缺血过来问诊的，有些确实是心肌缺血，有些其实没什么问题，仔细跟他们聊过才知道，很多都是阳过之后，感觉到了不舒服心肌缺血是指心脏的血液灌注减少，导致心脏的供氧减少，心肌能量代谢不正常，不能支持心脏正常工作的一种病理状态。最近就是门诊来了一个27岁的男性患者，他说前几天突然心脏不舒服，看见网上各种铺天盖地的心脏问题，选择来医院。到了医院医生开了心电图，查了血，测量血压;医生说血压偏低，心电图出来了，有点心肌缺血!据他描述，最近就是中午吃完午饭，或者是下午突然会感觉阵阵的不适，那种难受说不上来，感觉一下子身体就软了……缓了好一会才缓解但这种不适感让他觉得有点怕自己还年轻，刚结婚有了孩子，害怕自己有什么毛病……比较焦虑心肌缺血都有哪些表现呢？可以对照看下(1)劳累或精神紧张时出现胸骨后或心前区闷痛，或紧缩样疼痛，并向左肩、左上臂放射，持续3—5分钟，休息后自行缓解者，时伴有大汗。(2)体力活动时出现胸闷、心悸、气短，休息时自行缓解者。(3)出现与运动有关的咽喉痛及烧灼感、紧缩感，牙痛等。(4)饱餐、寒冷、饮酒后出现胸痛、胸闷者。(5)夜晚睡眠枕头低时，感到胸闷憋气，需要高枕卧位方感舒适者;熟睡、或白天平卧时突然胸痛、心悸、呼吸困难，需立即坐起或站立方能缓解者。(6)性生活或用力排便时出现心慌、胸闷、气急或胸痛不适。(7)突发的心动过缓、血压降低或晕厥者。心肌缺血中医如何辨证治疗呢？1．寒滞心脉证：心痛剧烈，胸闷短气，心悸，恶寒肢冷，面色苍白，唇紫，舌淡紫，苔白，脉弦紧或沉伏，或结代。治以温通血脉。应用温阳汤。2．心血瘀阻证：心痛如刺，剧烈难忍，胸闷心悸，面唇青紫，舌暗或有瘀点，脉弦涩或结代。治以活血化瘀，理气宽心。给以活血汤。3．痰热阻心证：胸闷如窒，心痛不休，口苦口干，或体胖痰多而稠，舌红，苔黄腻，脉弦滑。清热化痰宽胸。给以化痰通络汤。4．气阴两虚证：胸闷心痛，短气，神疲乏力，心烦失眠，眩晕，汗出，便结，舌红少苔，脉细数无力或促或代。治以补益心气、滋补心阴。5．心阳不振证：胸痛剧烈，胸闷气短，面色苍灰，焦虑不安，四肢厥冷，冷汗不止，口唇青紫，舌质紫暗，苔白滑，脉微细或结代。不过也不要过分的去焦虑担心，情志心态对于心血管问题也有很大影响，我是曲家珍，如果你也有心肌缺血困扰，可以在下方说下你的情况#心肌缺血##健康##新冠后遗症#,1037.0,0.0028929604628736743,0.0056625141562853904,0.01812004530011325,37.035714285714285
4948518140382232,wemedia,risk,#中医##新冠后遗症# 河南来的老哥，新冠后失眠，胸闷，心慌，气短，工作压力大，疲劳乏力，非常典型的胸痛彻背。医院检查心肌酶无异常。来医馆找我面诊1次，后续网诊1次，治疗思路化痰，养阴，通阳。一共20副药。前10副胸闷心慌明显好转，调整方子再进10副，今日回访效果很好，胸痛胸闷已无。嘱咐近期都不错熬夜，剧烈运动，安心养一段时间，问题不大✓最后放张顺时酸梅膏~ 2武汉·武汉顺时岐舍中医门诊部,196.0,0.0,0.006172839506172839,0.037037037037037035,39.2
4948893391915136,wemedia,risk,#新冠治疗##医行天下##新冠后遗症##咳嗽##鼻炎##肺炎##心慌##失眠##免疫力低下##房颤##高血压##血栓##手麻#  几拨疫情后的你们还好吗？一些临床常见后遗症的介绍“阳康”后，都还好吗？自2022年12月后国内经历了两场大疫，很多人或多或少出现了一些顽固后遗症。或许很多人以为自己只是个案，其实大多数人都有以下类似的问题，这里有小孩、有成人，也有老人。各类后遗症五花八门，但不外乎有肺结节、肺部阴影、久咳、心跳加快、睡眠障碍、下肢无力疼痛、低烧、手或脚肿胀、腰酸腰痛、肠胃消化系统等的问题，甚至也遇到畸形胎死胎（虽无直接证明，但有理由怀疑）。我们发现一些有基础病的患者，其原有基础病几乎都被放大。这些症状，很多人已有10个月以上而且迟迟未能得到缓解，后经朋友介绍辗转找到我们。团队从2020年武汉起至今，一直参与武汉-海外21国-上海等各地线上线下看诊救助，获得了近两万余人次的临床一手案例，挽救了无数人的生命，后遗症几乎完全根治。公众号同步分享了近40版的各地临床患者治疗反馈及部分患者来稿或感谢信，还有无数海内外第一手临床剖析案例。您可以从中对号入座，找到适合自己的养生、防护及相应解决方案。后遗症患者诊前症状（图1~9）患者治疗反馈（图10~15）O几拨疫情后的你们还好吗？一些临床常见后遗症的介绍,559.0,0.005366726296958855,0.008547008547008548,0.021367521367521368,50.81818181818182
4949517830983116,wemedia,risk,#中医##皮肤##皮肤过敏##新冠后遗症# 女40岁， 21年打完新冠疫苗后出现脸上和身体皮肤容易过敏加重，吃发物加重。脸上身体皮肤发红，发痒已经2年了。来就诊时脸部红红的像醉酒一样。眼睛干涩有飞蚊症，耳朵听力下降，胸闷心悸心慌，胃口差。这时候急则治其标，先把皮肤的问题搞定，再治耳鸣和飞蚊症。皮肤问题属于———营卫不和三焦不调——小柴胡+桂枝汤加减一周。二诊反馈；脸部和身体皮肤发红发痒情况好了，继续调理耳鸣和飞蚊症问题，这就需要补肝肾补气血了。 所以说治病不能急，要分先后，按步骤操作。不要一手抓。搞一个十全包治方，一劳永逸。这是不正常的。,272.0,0.0,0.0,0.013157894736842105,22.666666666666668
4949612333370565,wemedia,risk,【#无忧差评# 】#新冠病毒# 新冠催人老！《柳叶刀》子刊：新冠病毒感染加速大脑衰老、认知衰退并影响男性性功能！在这里我只能愤愤不平的发差评，为什么女性性功能不受影响？是研究者还是我的认知衰退了？#新冠后遗症#,105.0,0.0380952380952381,0.023255813953488372,0.0,26.25
4950175770479978,wemedia,risk,#中医##新冠后遗症##咳嗽# 王某某，男，65岁，新冠二阳后反复咳嗽，咯痰9个月，再发加重1个月。咳嗽白天严重，咯白色粘稠痰、量多，鼻塞，白色稠涕，怕冷，味觉嗅觉消失，疲劳，活动则喘，一诊5付药，咳嗽基本消失，咯痰白黄相间、量减少，鼻涕无，疲劳无。二诊继续搞就完了，再坚持一下，痊愈可期 2长沙·经俞堂国医馆,155.0,0.0,0.0,0.040983606557377046,77.5
4950457779224971,mainstream,risk,【CDC: 约1800万美国人报告曾有「新冠后遗症」】根据美国疾控中心周二发布的最新统计数据，数百万美国人表示曾有过「新冠后遗症」，有些人表示目前仍在与之抗争。根据2022年美国人口普查的估计，去年6.9%的成年人，相当于约1800万美国人，报告曾有过后遗症，而3.4%，约880万人表示他们目前有后遗症。同时，占1.5%，大约100万的美国儿童曾经有过后遗症，而占0.5%，大约36万人报告目前患有后遗症。 「新冠后遗症」，又称「新冠长期症状」，是指患者体内感染源清除后至少四周仍出现相关症状的情况。在某些情况下，症状可能持续数月或数年。疾控中心称，症状各不相同，包括疲劳、呼吸困难、头痛、脑雾、关节和肌肉疼痛，以及味觉和嗅觉的持续丧失。目前尚不清楚是什么原因导致人们有「新冠后遗症」，但研究正在进行中。美国#新冠后遗症#疫情健康 【新闻、视频、纪录片、看电视，尽在凤凰美洲网：O网页链接】,399.0,0.0,0.0,0.031446540880503145,57.0
4950882586461101,mainstream,risk,🌟柳叶刀子刊：新冠后疲劳比例高达34.8%！🤧整天觉得又累又困？😮‍💨或许跟你「阳过」有关！看干细胞如何解决🙌#新冠后遗症# #长新冠# O每天又累又困？可能是因为几个月前你经历了这件事,93.0,0.043010752688172046,0.0,0.014084507042253521,23.25
4951241836466525,wemedia,risk,#中医##新冠后遗症# 安徽来的患者，女，30岁，年初怀孕期间感染新冠，胸闷，心慌心悸，心脏紧闷感，疲劳乏力，偏头痛，睡眠差，眼光眼痒，易焦虑。舌淡苔腻。辨证属痰湿中阻，气阴两虚，用东垣清暑益气汤加减味，因为对方子没有完全吃透，所以直接用了原方没有化裁，开了10付药，昨日回访，口干黏明显减轻，胸闷心慌心悸心痛心脏紧闷均消失，情绪缓解，头痛头晕减少，继续守方调整10付，考虑停药。算是新冠后遗症的常见证型之一，李东垣的方子真的非常好用 2武汉·武汉顺时岐舍中医门诊部,233.0,0.0,0.0,0.02040816326530612,77.66666666666667
4954126544797895,wemedia,risk,女子新冠阳康后胸闷气短，胃胀乏力，焦虑烦躁，躯体化症状很多 #新冠后遗症#焦虑症#胸闷气短# L心内科苏慧敏的微博视频,60.0,0.0,0.0,0.0,60.0
4954607890731609,mainstream,risk,"干细胞抗衰新冠催人老！《柳叶刀》子刊：新冠病毒感染加速大脑衰老、认知衰退并影响男性功能2023年9月12日，国际期刊《柳叶刀》子刊EBio Medicine发表了一篇研究论文，该项研究探讨了SARS-CoV-2感染对GnRH神经元的潜在影响，这些神经元在调控生殖和大脑功能中起着重要的作用。一些新冠患者在感染后仍然经历持续的低睾丸激素水平，这可能与GnRH神经元的功能受损有关。这为解释""长期新冠""患者出现的一系列症状，包括认知问题、疲劳和嗅觉问题，提供了新的线索。实验结果暗示SARS-CoV-2感染可能会对GnRH神经元产生负面影响，这可能对生殖和激素系统产生重要影响。#干细胞##外泌体##NK细胞##抗衰老##亚健康##提升免疫力##新冠后遗症#",328.0,0.003048780487804878,0.0,0.019762845849802372,65.6
4955264512950966,wemedia,risk,"干细胞新冠催人老！《柳叶刀》子刊：新冠病毒感染加速大脑衰老、认知衰退并影响男性功能2023年9月12日，国际期刊《柳叶刀》子刊EBio Medicine发表了一篇研究论文，该项研究探讨了SARS-CoV-2感染对GnRH神经元的潜在影响，这些神经元在调控生殖和大脑功能中起着重要的作用。一些新冠患者在感染后仍然经历持续的低睾丸激素水平，这可能与GnRH神经元的功能受损有关。这为解释""长期新冠""患者出现的一系列症状，包括认知问题、疲劳和嗅觉问题，提供了新的线索。实验结果暗示SARS-CoV-2感染可能会对GnRH神经元产生负面影响，这可能对生殖和激素系统产生重要影响。#干细胞##外泌体##NK细胞##抗衰老##亚健康##提升免疫力##新冠后遗症#",326.0,0.003067484662576687,0.0,0.0199203187250996,65.2
4955570929141198,wemedia,risk,#9月新增本土新冠死亡病例45例#【中疾控：#9月本土新增新冠重症病例398例#】中国疾控中心最新通报全国新冠病毒感染重症和死亡病例报告情况，9月1日至30日，我国31个省（自治区、直辖市）及新疆生产建设兵团报告新增重症病例398例、死亡病例45例，其中新冠病毒感染导致呼吸功能衰竭死亡病例1例、基础疾病合并新冠病毒感染死亡病例44例我国31个省（自治区、直辖市）及新疆生产建设兵团发热门诊（诊室）诊疗量从2023年9月1日的11.6万波动上升，9月18日达近期峰值17.7万后波动下降，9月30日为14.1万。流感样病例新冠病毒阳性率从2023年第35周的18.6%，波动下降至第39周的10.5%9月1日至30日，我国31个省（自治区、直辖市）及新疆生产建设兵团共报送11629例本土病例新冠病毒基因组有效序列，均为奥密克戎变异株，涵盖96个进化分支，主要流行株为XBB系列变异株，占比前三位的分别为XBB.1.9及其亚分支、XBB.1.22及其亚分支、XBB.1.16及其亚分支根据采样日期，XBB及其亚分支的占比持续高位，2023年第35周（8月28日至9月3日）为99.7%，36周至38周保持在99.8%，第39周（9月25日至10月1日）为100.0%#新冠#没有消失，网友也在前不久曝出喜宴饮酒过度再加上#新冠后遗症#而过世的例子在感到肺部不适下，本人也打算戒烟现已立冬，还请各位多多注意身体，健康不可忽视,611.0,0.0,0.006198347107438017,0.10950413223140495,611.0
4956092050965426,wemedia,risk,看病有时思维确实得灵活，我经常容易思维定势，但有时确实还挺活。比如最近接了一个新冠后遗症，就是自汗出比较明显，之前用过固表之法效果不大。观其真脉证:自汗出而不恶寒，汗出粘滞，脉左沉弦。汗出黏，按理可为湿邪，但脉却沉弦，故诊为肺被痰湿郁阻，肺卫开合不利，而自汗出，方用二陈加郁金香附等药，七剂，效果明显，后因感冒，汗出略反复，再以前法加减巩固，汗出即转正常。#新冠后遗症#,185.0,0.0,0.00625,0.0,46.25
4956093132048584,wemedia,risk,长新冠，所谓的新冠后遗症，现代医学检查不出来问题，但就是觉得不舒服，难受，中医调理效果尚可。#新冠后遗症##关注新冠后遗症#中医,65.0,0.0,0.0,0.0,65.0
4956170156771646,wemedia,risk,#新冠后遗症# 感冒导致嗅不出味道，也尝不出滋味，每感冒一次这种症状持续的时间就会延长一点。原来没觉得嗅觉和味觉有什么了不起的，但现在没了这两样的我就像个失去感知磁场的鸽子，没有实感，迟钝失航。,97.0,0.0,0.011494252873563218,0.0,48.5
4956687641609780,wemedia,risk,#中医##新冠后遗症# 易出汗，磨牙，性格急躁，专注力变差，胆小，胸闷心慌说新冠没有后遗症只是普通感冒的人，普通感冒能退烧后性情大变？能让9岁娃1年只长1cm？ 2武汉·武汉顺时岐舍中医门诊部,96.0,0.020833333333333332,0.0,0.05063291139240506,48.0
4956754147019176,wemedia,risk,#中医##新冠后遗症# 河南开封来的患者（最近发现我的新冠后遗症患者群体里，本地的不多，反而河南的特别多，而且有医缘）。女，32岁，10年荨麻疹病史，今年5月新冠后爆发，后背，四肢为主，红，热，痒，少量皮损，夜间加重。胸闷，心慌，多汗，口苦，腰腿酸，易疲劳。虽然病了10年，再仔细问诊后发现，其实是个10年的湿热表证。同时体质属痰热，又碰上新冠伤了气阴。表里同治。第一次用了10剂甘露温胆加减，荨麻疹发作明显减轻（期间没忍住吃了鱼鲜复发，气死了……）。胸闷心慌出汗均缓解，继续再吃10剂（期间又彭启斌流感停药几天，继续生气💢），荨麻疹面积大范围减少，胸闷心慌消失。乏力感明显减轻。又开了10付药，说吃完了就去找郭师傅正骨，后期想备孕，再慢慢调理,322.0,0.0,0.003816793893129771,0.030534351145038167,35.77777777777778
4957539672525533,wemedia,risk,溃疡型结肠炎改善✔️每天都被朋友的好消息@所以我爱工作～我们家跟糖糖老师结缘是因为帮助她家调理严重的新冠后遗症也是因为当时太严重，在健康和金钱之间，糖糖老师果断选择了高配营养试试～（后来我才在网上看到，原来有不少人因为新冠后遗症，看病吃药住院加上尝试了各种民间方法，花掉十几万几十万都不见好的居然不在少数…而我们给糖糖老师搭配的高配营养2万都不到）看起来很难解决的新冠后遗症，其实在真正高品质细胞级别的营养全面补充下，2个月就恢复了～状态甚至比感染新冠之前还要好于是糖糖老师也想给她父母提升下免疫力，结果，她父亲的惊人变化我之前有分享过，今早她妈妈也发来了好消息:困扰多年的溃疡型结肠炎改善肚子发胀、发凉的症状消失，终于可以正常睡觉了👏 真是可喜可贺也给了我一整天的好心情#结肠炎##肠道健康##调理肠道##新冠##新冠后遗症##营养##提高免疫力##健康#,379.0,0.0,0.017699115044247787,0.0058997050147492625,379.0
4958238330063266,mainstream,risk,【新冠后遗症研究动态】近日，美国耶鲁大学研究团队发现：1.倦怠感、气短等后遗症持续1年以上人群，其血液中B及T特定免疫细胞增加、体内潜伏的疱疹病毒活性化获得确认 2.上述人群的应激反应关联激素皮质醇是没有后遗症及未感染新冠人群的一半（皮质醇作用：使身体保持一定状态、维持生理功能平衡稳定），该研究成果为新冠后遗症的正确诊断及治疗法的研发打下基础，《Nature》登载了关联报告。#新冠后遗症#,196.0,0.0,0.0,0.01764705882352941,196.0
4958527691427324,wemedia,risk,病友9.23因为新冠后遗症来找我拿脉后预判发现有脑梗倾向半个月后去医院检查果然应验预判#中医##罗愚##新冠后遗症##脑梗##国医的精诚力量# 2武汉·雨之堂中医(东亭门诊部),88.0,0.0,0.013888888888888888,0.027777777777777776,88.0
4959349471709853,wemedia,risk,#中医##新冠后遗症##小儿大健康# 男娃，9岁，去年底新冠发烧39度后变得急躁，专注力差，5月二阳，后一直遗留有咽部不适，喜欢清嗓子，立秋后出汗特别多，同时鼻窦炎，磨牙，容易紧张，紧张时胸闷心慌，脉滑细。我对新冠的认识认为主要是湿热余邪留恋，同时伤肾。用宣肺化痰药的同时，加了小剂量的六味地黄丸。二诊服药3付，盗汗就明显收住了，后续吃药14剂，到现在磨牙，出汗都明显缓解，情绪逐渐稳定，家长还想继续调理，我觉得再吃几服药就可以停药了。这新冠还是狠，男女老少全不放过啊 2武汉·武汉顺时岐舍中医门诊部,250.0,0.0,0.009389671361502348,0.028169014084507043,62.5
4959580457011726,wemedia,risk,#中医##新冠后遗症# 这个患者是一个来看鼻炎的小朋友的爸爸，也是我这新冠后遗症病人里，恢复最快的之一了。42岁，新冠后遗留心跳加快，胸闷，心悸，心慌，偶尔还会一过性心绞痛，怕风冷，口干，咽部有痰，易疲劳，脉细滑。我认为属于新冠后痰湿留恋，营卫不足，心阳不通，患者工作压力大偶尔失眠致心血不足。治疗上用温胆加味，化痰，清热，养血，同时照顾营卫。7副药后心慌心悸明显减轻，口苦已无，心绞痛半月内未发作，舌苔逐渐变薄，体力显著恢复。因为是裂痕舌+剥苔，等这周的药吃完就先停药，等入冬后再帮他用膏方调理。 2武汉·武汉顺时岐舍中医门诊部,265.0,0.0,0.008888888888888889,0.013333333333333334,44.166666666666664
4959951392081634,wemedia,risk,#中医##新冠后遗症# 老人家很多时候都不愿意跟儿孙辈的说自己身体上的不适，总是自己硬撑着。要不是之前十一的时候回去一趟，都还不知道我奶一直胸闷心悸，嘴上埋怨一下有啥毛病都不跟我说，也赶紧给号个脉，门诊上班之后把药煎出来。这不后来吃了药人就好多了。 2武汉·泓微堂中医,134.0,0.0,0.03361344537815126,0.008403361344537815,44.666666666666664
4962109760995767,wemedia,risk,#中医##新冠后遗症# 这是我治疗新冠后遗症疗效最快的一个病人，山东来的老大哥，上个月新冠后开始变得抑郁焦虑，国庆时探亲，分开时突然悲观，夜间独处时加重。同时伴有胸闷心慌，气短，乏力，失眠，多梦。我定位在少阳厥阴，痰湿留恋，郁阻于心包焦膜，郁中有亢。用柴胡加龙骨牡蛎汤加味。舒气解郁兼和解安神，效果竟然出奇的好。仅喝2付药，胸闷心悸气短大减，夜间思虑明显减少。7付药喝药，症状基本消失，唯独剩下失眠（近期来武汉与朋友游玩，借助他人家中，睡不安稳）。守方调整再用7付，吃完就停药了。新冠后遗症从来都不等同于焦虑症，抑郁症，但新冠后遗症却会引发这些，借师兄@中医田应旭 在门诊上的话来说：“哪有那么巧，一个普通感冒肺炎后全国多出了几千万的抑郁症？？？” 2武汉·武汉顺时岐舍中医门诊部,340.0,0.008823529411764706,0.006872852233676976,0.013745704467353952,30.90909090909091
4964075234923432,wemedia,risk,这季完全反映了当代人的身体状况啊阳过之后身体都挺差的嘛～#当代人的身体状况##花儿与少年##迪丽热巴花儿与少年##健康##新冠后遗症# L美好的圆溜溜的微博视频,80.0,0.0,0.0,0.0,80.0
4964240377250076,wemedia,risk,头痛、失眠、连躺数日...悉尼华人妈妈确诊新冠1年仍未愈，遭各种严重后遗症折磨 据《每日电讯报》报道，悉尼华人妈妈苏蓉（Rong Su，音译）1年多前感染了新冠，但她仍经常卧床数日，并继续遭受剧烈头痛、失眠、胸痛和脑雾的折磨。O网页链接#新冠肺炎# #长新冠# #新冠后遗症#,138.0,0.0,0.0,0.018691588785046728,138.0
4964641132511630,wemedia,risk,最近心梗去世频发我自己买了速效救心丸但是真正心梗的时候人是动不了的 但是手能动这个自救的方法一定要记住在未来 迷信西一的和学习中医的迷信西方文化的和学习儒释道的会是两种人生一边会越来越差 一边会越来越好#新冠##新冠后遗症##心梗##猝死##支原体肺炎# L张铭洺m的微博视频,138.0,0.0,0.016129032258064516,0.0,138.0
4964651165288070,wemedia,risk,#中医##新冠后遗症# “治痿独取阳明”有些话说不清哪里好，可就是谁都替代不了~男，30岁，5月新冠后遗留味觉嗅觉消失，失眠，咳嗽，流鼻涕，口干，咽干，易汗，汗出黏而不顺畅，乏力，身体沉重，疲劳易累。辨证发现属于阳明气分湿热兼下焦湿热在表。用甘露消毒丹合苍苦茵陈赤小豆汤加减。7付药后症状缓解8成，再吃7付后继续减轻，还剩1成，最近工作压力变大，自己感觉胸口痛喜按，改方加旋覆花，葱白，仿旋覆花汤。吃完停药。对这类病程久的疾病，就是用20％的时间改善80％的症状，再用80％的时间收最后20％的尾巴。 2武汉·武汉顺时岐舍中医门诊部,266.0,0.0,0.0045662100456621,0.0502283105022831,44.333333333333336
4965568605323784,wemedia,risk,#中医##新冠后遗症# 梁某，女 40 岁，近日来胸闷短气不足以息，心慌心悸，怕冷，身无力，舌淡苔白，左寸沉弱，余脉细软。当时脑子里突然想起几句歌诀“桂枝去芍意何居，胸满阴弥要急除，若见恶寒阳不振，更加附子一枚俱”和张锡纯的“升陷汤”治疗胸中大气下陷短气不足以息，再结合患者脉证，当即决定使用桂枝去芍药加附子汤合升陷汤加减，方子开好后当时心里就有谱了，效果应该不错，一周后询问，不适之症已经十去七八，原方再进一周告愈。 2武汉·泓微堂中医,219.0,0.0,0.0,0.010810810810810811,109.5
4966489813159159,wemedia,risk,#新型冠状病毒##新冠病毒##美国实验室病毒##新冠后遗症##长新冠# 西瓜不甜来打我🌝的笔记 10/29:EG.5是有史以来zui 严重的🦠🤔 因只引起轻微的急性症状(干咳、流鼻... （分享自@小紅書）#小紅書精選#O网页链接,115.0,0.0,0.012658227848101266,0.0379746835443038,115.0
4966963449430354,wemedia,risk,这一年来，门诊有三分之一的患者是患有长期的新冠后遗症。症状是：荨麻疹，咳嗽，健忘，肛门痒，嗓子不舒服，乏力，失眠。我个人认为是病毒潜伏在粘膜层，因为从首阳开始就是火毒邪，一上来就是里证，所以原来的普通解表的中成药就不太好用了。后来改了思路用半表半里，和解少阳之大法，加上养阴清肺解毒，一点点的把余毒解除。另外三分之一的患者因为新冠后又遭遇二阳，三阳，流感。导致原来的基础病或者慢性病都在发作，所以需要在处方基础病上加点和解，养阴解毒的药方能安好。#我国首次发现23个长新冠标志物##新冠后遗症#中医#微博健康公开课#,259.0,0.0,0.00881057268722467,0.004405286343612335,43.166666666666664
4967618500886654,wemedia,risk,去年底新冠之后，后遗症就是，偶尔会全身骨头缝里面疼的厉害，酸痛的那种#新冠后遗症#,41.0,0.0,0.0,0.0,41.0
4971405616874039,wemedia,risk,长新冠原因找到，血清素低迷是主因，火锅能否赶走新冠后遗症？#新冠后遗症##我国首次发现23个长新冠标志物#科普#辣椒素#麻辣火锅 @微博时事 @哆啦A莹呀 @苑庆攀 L李旭的散装生物学的微博视频,99.0,0.010101010101010102,0.0125,0.0125,99.0
4972258301056063,wemedia,risk,#生活##生活碎片##新冠##新冠后遗症##新冠病毒最可怕的后遗症##新冠肺炎治愈后是否有后遗症# 越来越觉得新冠“阳康”后，后遗症太大了。身体素质和原来差的不是一星半点，而且，最主要的是脑子不好使了……,102.0,0.0,0.0,0.0,102.0
4973514639542279,wemedia,risk,#新冠后遗症#自从去年新冠之后明显感觉整体的免疫力不如之前了，很容易被各种季节性的流感困扰，容易感冒……有同样感觉的人吗？ 2合肥,65.0,0.015384615384615385,0.0,0.017543859649122806,65.0
4973821010381019,wemedia,risk,新冠带来的后遗症，经常胸闷心慌气短，病根竟是它#新冠后遗症# #向国医经典致敬# #中医式生活# L戎光主任的微博视频,59.0,0.0,0.0,0.0,59.0
4974352704209264,wemedia,risk,#新冠后遗症#去年年底二阳后貌似把我的唾液腺给干没了此刻正经历第n次因为嘴巴喉咙干痒被咳醒 不想起床去喝水想着分泌点唾液润润喉咙 结果没得唾液貌似真的好久好久没有过吞口水这个动作了,90.0,0.0,0.011627906976744186,0.0,90.0
4976604369651808,mainstream,risk,【长新冠研究刊登于国际医学期刊】#新冠后遗症#（又称#长新冠#）是指新冠患者康复后持续出现多个系统或多个器官的征状，全球约四成康复者受着不同程度的困扰。 以往由于新冠后遗症的成因不明，导致缺乏有效治疗。#港中大医学院#联同#香港微生物菌群创新中心#（Microbiota I-Center，MagIC）研究团队，早前发现新冠后遗症患者的肠道微生物出现非常独特的失衡状态，很可能是新冠后遗症的主要成因。 研究团队最近完成一项大型的双盲、随机、安慰剂对照临床研究（RECOVERY STUDY），证实服用中大研发的微囊锁活菌配方（SIM01）能够有效纾缓新冠后遗症，尤其是肠胃不适、疲倦、注意力下降、记忆力减退及整体不适等征状，并改善肠道微生态失衡。 研究结果刚于国际医学期刊《刺针传染病学》（The Lancet Infectious Diseases）上发表。 详情: O网页链接研究全文: O网页链接,401.0,0.0,0.0,0.003436426116838488,80.2
4977080054058786,wemedia,risk,一份真实的睡眠改善过程记录📝从新冠后夜夜睡不好，影响学习和生活，难受到忍不住香阿妈哭哭🥲到昨天第一次说:睡得挺好的～时间、每天睡眠的变化👇为什么需要营养补充❓自己看每一位朋友的改善都会令我很开心👭#新冠后遗症##新冠肺炎##失眠##睡眠##睡眠弱势群体##健康##健康生活#,137.0,0.0,0.017699115044247787,0.0,137.0
4977100937497238,wemedia,risk,#美国实验室病毒##新型冠状病毒##新冠后遗症# momo的笔记 我一直比较注意防护，是今年4月底5月初第一次阳的。阳完两个月也就是7月份测了下cd4是4... （分享自@小紅書）#小紅書精選#O网页链接,102.0,0.0,0.01282051282051282,0.0641025641025641,102.0
4979626721679102,wemedia,risk,#商汤科技# 商汤董事长睡梦中离世，中国人工智能AI行业的损失巨大。。。#新冠后遗症# 概率大，预计又是后遗症心脑血管疾病，这次寒潮也会引爆一大批……,75.0,0.0,0.0,0.0,25.0
4981020655091871,wemedia,risk,#向国医经典致敬##典籍里的中医##门诊日志##新冠后遗症# 女，42岁，北京患者，新冠后出现顽固性失眠心慌，百治不效，来泰安上医仁家诊所找我，经中药治疗1个多月，基本痊愈。,87.0,0.0,0.014492753623188406,0.028985507246376812,87.0
4986213670326500,wemedia,risk,今天突然发现，去年底阳了之后，免疫力就变得非常不好，以前几乎从来不感冒，所以在阳的时候都忘了发烧是什么感觉，阳过后的今年一整年，已经感冒好几次，现在连水痘都来了，快40岁的人出水痘不说，还伴随感冒发烧喉咙痛，这还是我坚持锻炼了，否则不知道会多严重，感觉大家还是重视起来，新冠的后遗症可能还没有显现。#新冠后遗症#,156.0,0.0,0.007194244604316547,0.007194244604316547,156.0
4987433203269757,wemedia,risk,澳洲路怒行为激增，多为男性驾驶员，或是新冠带来的又一“后遗症”据报道，多年的新冠似乎又给我们带来了一份不想要的礼物--在新冠疫情让我们变得脾气暴躁之后，路怒症事件急剧增加。Budget Direct 和Monash University的最新研究显示，38% 的澳大利亚人表示，他们曾被其他道路使用者大声斥责、咒骂或做出粗鲁的手势。O网页链接 #澳洲# #路怒症# #新冠后遗症#,190.0,0.0,0.014492753623188406,0.007246376811594203,95.0
4988957909847928,mainstream,risk,"【新冠后总觉得累、更易疲劳？Nature子刊最新：“长新冠”患者持续疲劳的原因找到了！】年末，新冠病毒突变株JN.1全球肆虐，再一次将“新冠疫情”推入了人们的视野。2023年8月，JN.1在欧洲卢森堡被首次发现。凭借其超过30个S蛋白突变和更强的免疫逃逸能力，JN.1在全球范围内高速传播。全美最新统计数据显示，截至2024年1月6日的两周内，新变异毒株JN.1“一马当先”，占美国所有新冠感染病例的61.6%，迅速超越了“前浪”HV.1。与此同时，住院患者人数和死亡人数分别升高了20.4%和12.5%。然而，重创美国的不只有新冠病毒，叠加了呼吸道合胞病毒和流感后的“三重打击”下，给医院带去了较大的压力。卫生专家也警告说，美国正在与他们所见过的最严重的冬季寒冷季节作斗争。亚洲地区率先遭遇此轮新冠感染潮的是新加坡。仅一周的时间（12月3-9日），新加坡报告新增感染人数高达56,043人，约占总人口数的1%。除单周新增感染数飙升至去年全年的最高之外，同期的住院数和重症监护数也在增加。新加坡传染病专家梁浩楠医生强调，相比奥密克戎毒株刚出现的时候，新加坡本轮感染要“糟糕两倍以上”，但公布出来的数据只不过是“冰山一角”。为了缓解诊疗压力，新加坡已经重新开启了“方舱医院”，并恢复每日疫情报告。反观我国，据国家生物信息中心数据，JN.1在今年10月11日已于上海报告。中疾控发布会上发言人也表示，“JN.1变异株目前占比较低，但呈上升趋势，有可能逐步发展成为国内流行株。”万万不可掉以轻心，仍需警惕并避免感染。其实，在一波又一波的感染之后，新冠病毒毒力增强的可能性较小。目前报告出来的JN.1感染症状，包括常见的高烧、咳嗽、呼吸困难、疲惫、肌肉酸痛、流涕、腹泻、剧烈头疼等等，并未出现更新或更严重的症状。因此，更令人担忧的，依然是感染新冠后长期影响人们的症状——新冠后遗症或长新冠。「长新冠」是个老生常谈的问题，但随着“阳-阳康-复阳”的不断循环往复，不少人切身地感受到了长新冠的威力。比如：阳康之后，总觉得更易疲劳以及乏力；尤其是对于喜欢运动的人来说，感染新冠之后恢复运动或者健身之后，反而感觉更容易疲劳以及浑身酸痛。这背后的“罪魁祸首”究竟是什么？身体到底遭遇了怎样的“重创”呢？近日，Nature Communication上最新刊登的研究，揭示了长新冠患者运动能力下降以及运动后不适（PEM）的病理生理学——感染新冠病毒之后，长新冠患者的骨骼肌结构会出现变化，包括骨骼肌中局部和全部代谢紊乱、严重的运动诱发肌病和含淀粉样蛋白沉积物的组织浸润，从而诱导PEM的恶化。该研究为长新冠患者“阳后持续疲劳”的症状提供了合理解释。同时，也给“爱运动/爱健身”的人以警示：不建议长新冠患者过度运动，还应适可而止。因为加强运动后症状反而会恶化，所以一些常用和经典的康复和物理治疗形式反而会适得其反。先前收集的数据显示，运动耐力受限和运动后不适（PEM）是长新冠的常见症状之一，即在急性脑力或者体力活动之后，疲劳和疼痛相关症状均有所加剧。但背后的病理生理学机制仍不明确。为了探明“罪魁祸首”，研究者首先收集到25名“长新冠”患者，这些新冠肺炎患者将由2名经验丰富的临床医生来判定，并依照世界卫生组织制定的标准来确认是否确诊为“长新冠”，同时另一个重要的纳入标准为“被DSQ-PEM诊断为PEM”。此外，还纳入年龄和性别与前者匹配的、轻度新冠感染后完全恢复的21名参与者作为对照组。结果并不令人意外。与对照组相比，长新冠患者的心肺运动测试表现更差，即锻炼能力更为有限。具体来说，长新冠患者的最大摄氧量（V̇O2max）和峰值功率输出明显更低；同时，有着更低的最大通气量和最大呼气末二氧化碳分压（PETCO2），这意味着长新冠患者在运动时有着更差的通气功能。问题究竟出在哪里？是心血管系统受损？还是骨骼肌出现了变化呢？事实上，长新冠患者的心血管系统并未受到损害，于是排除这一因素。而进一步的检查显示，在患者运动时，最大氧脉搏、气体交换阈值和外周氧气萃取水平均有所下降，提示长新冠患者的外周骨骼肌受到损伤。定位到骨骼肌之后，研究者进一步评估了其结构和功能的变化，试图找到打开“潘多拉魔盒”的“钥匙”。控制骨骼肌大小一定的情况下，长新冠患者无法达到与健康对照组相同的峰值功率输出。可见，患者运动表现的下降可部分归因于骨骼肌力量和疲劳特征的内在改变。进一步，研究者在长新冠患者的大腿股外侧肌中，发现了远高于健康对照组的高度易疲劳的糖酵解纤维占比；尤其是女性长新冠患者中，甚至还观察到抗疲劳I型纤维的横截面积更小。此外，健康对照组中，线粒体含量的标志物——琥珀酸脱氢酶（SDH）的活性与V̇O2max有着很强的相关性，但长新冠患者中两者却不相关。虽然长新冠患者体内的氧化磷酸化能力明显较低，但SDH活性没有出现变化；也就是说，是线粒体呼吸的质量有所下降，而不是线粒体酶活性降低。上述数据说明，长新冠患者的运动能力下降的可能原因在于：骨骼肌中更高比例的高度易疲劳的糖酵解纤维以及更低的线粒体功能，同时更低的毛细血管化和通气系统也可能带来一定的限制。进一步，研究者观察并总结道，PEM的病理生理学包括以下几个方面：1、最大线粒体呼吸的减少和线粒体含量降低：研究者在诱发PEM之前和之后的一天分别测量了骨骼肌中的线粒体呼吸情况，发现运动后长新冠患者的SDH活性明显低于健康对照组。2、淀粉样蛋白的沉积物在骨骼肌中堆积：基线时，长新冠患者骨骼肌中的含淀粉样蛋白沉积物的浓度就更高，而运动后更是明显增加。3、严重的肌肉组织损伤迹象：有很大一部分长新冠患者体内出现了小萎缩纤维和灶性坏死，且在运动后明显增加。同时，骨骼肌是一种可塑性组织，长新冠患者体内骨骼肌再生迹象也更为明显，由此可解释长新冠患者在经历PEM时出现的肌肉疼痛、疲劳和虚弱感。4、运动诱导的T细胞反应钝化：观察免疫细胞发现，长新冠患者的骨骼肌中出现CD68+巨噬细胞浸润；此外，运动还导致CD3+T细胞在骨骼肌组织内积累，但PEM患者中这种反应被削弱了。综上所述，运动能力降低是长新冠的标志之一，会给患者的日常生活带去沉重负担。经过对比和排除，研究者定位到了骨骼肌的病理生理异常——具体来说，长新冠患者的运动能力明显降低，主要是由于骨骼肌代谢的改变以及高度易疲劳的糖酵解纤维的增加；而在剧烈运动之后，运动后不适会有所加剧，其病理生理包括骨骼肌线粒体酶活性降低和肌肉组织损伤的迹象。正如通讯作者所述，长新冠中的疲劳症状是生物学改变所致。肌肉需要能量才能运动；而从细胞水平来看，骨骼肌线粒体功能的下降和产生的能量减少，势必会导致运动能力降低以及更强烈的运动后不适。因此，小编想提醒大家：阳康之后的运动一定要循序渐进，你的肌肉可能还没从新冠病毒的阴影下缓过来，所以千万不要逞强。来源：梅斯医学#新冠后遗症##长新冠##医学前沿#",2828.0,0.0024752475247524753,0.00040899795501022495,0.015132924335378323,44.1875
4992998293113448,wemedia,risk,【清暑益气汤治疗新冠后遗症-头晕头痛脑鸣】男，30岁。5月前感染新冠、甲流，住院治疗缓解后，出现持续性头晕、头痛、脑鸣、心悸乏力，偶咳白色粘痰，大便稀溏，小便频数而黄，口干口腻不欲饮水。不耐风寒。舌暗红苔稍黄腻舌下脉瘀，脉滑而弱。此痰湿内阻，气虚夹瘀之候，病人住院输液治疗，虽发热，咳嗽基本缓解，但根据目前症状想是输液挂水造成中阳不运，痰湿内阻，气血乏源。气虚推动无力，血行不畅，加之痰湿阻滞，清阳不升，清窍失养，头晕头痛脑鸣由此作焉。气血不足，心失所养故心悸。口干不欲饮水，小便频繁，乃气虚湿阻，失于气化。小便黄，舌苔黄腻，乃郁热而致，切勿以实热对待。以清暑益气汤加减治疗。方用：苍术 白术 茯苓 泽泻 青皮 陈皮 升麻 葛根 神曲 益智仁 五指毛桃 鸡血藤 麦冬 党参 芦根 山楂6剂二诊，头晕、头痛、脑鸣明显缓解，心悸、咳痰已无，口干减轻，大便仍溏，小便仍频。舌头腻苔明显变薄，脉滑弱带涩。上方去芦根加郁金，6剂。三诊，脑鸣头晕头痛已无，偶觉胸部牵扯痛，舌脉如前。上方去党参、神曲，加枳壳、麦芽。6剂后因外感来诊，告知上次服完药后已无特殊不适。中医#新冠后遗症##清暑益气汤# @西山不可刘#国医的精诚力量#,508.0,0.0,0.0,0.012048192771084338,31.75
4993385937240632,wemedia,risk,新冠后遗症失眠终于可以睡整觉啦～香港某大学的班级第一名🥇去年二阳后深受新冠后遗症困扰——睡眠障碍、心悸现在尝试了营养素一个多月终于开始睡整觉了‼️激动得她课堂中都忍不住给我报喜#新冠后遗症##失眠##3亿中国人有睡眠障碍##健康##健康生活##partnerco#,132.0,0.0,0.009523809523809525,0.009523809523809525,132.0
4994103294558449,wemedia,risk,#国医的精诚力量##中医##新冠后遗症#  接上次的微博，高3小朋友二诊后，头晕头疼，咽部呼吸不畅，记忆力好很多，胃痛改善，恶心改善一堆症状！！现在入睡困难，反应迟钝还有，继续第三次治疗，今天扎个针调神,101.0,0.019801980198019802,0.0,0.012195121951219513,50.5
5001350335695537,wemedia,risk,#新冠后遗症# 新冠肺炎是否会导致长期肺部后遗症仍不得而知。《European Radiology》2024年2月发表的一个研究，评估因新冠肺炎住院的患者中持续肺纤维化病变的患病率、导致纤维化病变的预测因素，还评估了这些病变对呼吸系统的临床影响。结果为：  1)19%的新冠肺炎住院患者在4个月时CT有纤维化病变，在16个月时仍然存在。  2)新冠肺炎纤维化病变与任何浸润性肺部疾病模式均不相同。  3)在多变量分析中，CT肺纤维化病变的预测因素是肺栓塞（OR = 9.0）、高流量吸氧（OR = 6.37）和机械通气（OR = 3.49)。  4)新冠肺炎纤维化病变会导致肺功能测试异常，但未导致临床呼吸症状。通俗解读：新冠肺炎住院治疗患者16个月后仍有约1/5患者CT显示存在肺纤维化，虽然没有明显临床症状，但呼吸功能测试有异常，值得后续关注和研究。题目：Radiological pulmonary sequelae after COVID-19 and correlation with clinical and functional pulmonary evaluation: results of a prospective cohort，链接：【金山文档】 radiological pulmonary sequelae afte source eur radiol so 2023O网页链接,603.0,0.0,0.0,0.0513595166163142,86.14285714285714
IwBG92Krg,mainstream,risk,"【一个医生的康复之路：接诊了一个新冠肺炎危重症患者后，他发现自己被感染了……】他说：信念、信任和合作是战胜新冠肺炎的关键。One day after treating a COVID-19 patient in severe condition, a Chinese doctor found out he was infected with the deadly virus. With a month-long treatment,  ​​​",223.0,0.0,0.0125,0.0125,223.0
KpAum9e1A,mainstream,risk,【#研究称长期新冠症状达200多种#，涵盖人体10个器官系统】一些新冠肺炎患者可能会在感染消失后出现持续数周或数月的症状，这种症状有时被称为“后新冠综合征”或“长期新冠”（long COVID）。7月15日发表在《柳叶刀》子刊《EClinical Medicine》上的一项研究称，那些经历了“长期新冠”的患者，累计报 ​​​,163.0,0.0,0.0,0.03636363636363636,163.0
JFUZltTVo,mainstream,risk,"【全球或有数百万新冠康复者有长期后遗症 WHO将开会研讨】全球可能有数百万人在感染新冠肺炎康复后，仍饱受长期后遗症折磨，世界卫生组织（WHO）将针对这些长期症状首度召开全球性研讨会，以期找出解决之道。

对于染疫病患为何在过了急性发病期后，不但似乎难以痊愈，还饱受严重疲倦、认知问题、记忆 ​​​",148.0,0.0,0.0,0.0,148.0
M8fjTB7zl,mainstream,risk,【就实论事 | 疫情的代价】疲劳、头痛、咳嗽、疼痛、呼吸困难、记忆力衰退……大量感染过新冠病毒的人们承受着新冠后遗症或“长新冠”所带来的痛苦。可偏偏有些国家将政治凌驾于科学之上，妄言疫情已经结束，或鼓吹“共存论”。这种不负责任的行为带来了哪些沉痛代价？特约时事评论员艾那•唐根为您就 ​​​,145.0,0.006896551724137931,0.0,0.0,48.333333333333336
M7uzNquCG,mainstream,risk,【#世事Infocus#：长新冠难解，#美国疫情真的结束了吗#？】近日，美国总统拜登在接受美国CBS采访时宣称“美国疫情已结束”，引起许多美媒和民众的不满。其中，因感染新冠而饱受后遗症折磨的“长新冠”患者尤为愤怒，喊话政府重视“长新冠”问题。“长新冠”有多可怕？美国新冠疫情真的结束了吗？来听CG ​​​,152.0,0.019736842105263157,0.0,0.0,30.4
M7nTKc8h3,mainstream,risk,【#美2300万人受长新冠困扰#】“长新冠” 一般是指新冠患者在感染病毒3个月后仍存在胸痛、呼吸困难、肌肉疼痛、味觉嗅觉丧失、乏力等各种症状，并持续2个月以上。尽管拜登日前宣布美国新冠疫情“已结束”，但仍有大量美国民众饱受“长新冠”的困扰，甚至有人选择结束自己的生命。（CGTN报道员Ediz Tiya ​​​,155.0,0.0,0.008547008547008548,0.02564102564102564,77.5
M7dSJhvnH,mainstream,risk,"【漫话天下丨美国抗疫不力之痛——“长新冠”Just a heads up — ""Long COVID""】近日，拜登在接受哥伦比亚广播公司采访时表示，疫情已经结束，这招致了许多卫生专家的批评。实际上，由于美国政府应对疫情不力，数百万美国人仍在与被称为“长新冠”的新冠后遗症作斗争。 Following his latest interview ​​​",174.0,0.0,0.0,0.0,87.0
M7cTQ8wiq,mainstream,risk,【海客谈：推特热搜的“长期新冠”是什么？】登上推特热搜的“长期新冠”是什么？新冠疫情暴发至今已有两年半，分散在世界各地，成千上万感染者们的生活因此发生了前所未有的改变：他们日常生活的能力正在减弱。时至今日，依然没有有效的治疗方法。2021年10月，世界卫生组织将这种疾病命名为“持续性新 ​​​,147.0,0.013605442176870748,0.0,0.01639344262295082,36.75
M6WB9dJDR,mainstream,risk,【#部分美国长新冠患者曾考虑自杀#】尽管拜登日前宣称美国新冠疫情“已结束”，大量美国民众仍饱受“长新冠”（新冠后遗症）的困扰。据美国政府问责局报告，截至今年2月，预计约有770万至2300万美国人受“长新冠”影响。不为人知的是，许多“长新冠”患者曾因痛苦而考虑结束自己的生命…（CGTN报道员Ed ​​​,152.0,0.0,0.008547008547008548,0.02564102564102564,76.0
LuefZcCKB,mainstream,risk,【拍客独家：全球抗疫记 我与新冠长期症状斗争的故事】24岁的路易斯在英格兰东部的埃塞克斯郡出生和长大。他是一名充满活力的广告公司主管，也是一位有感召力的视频博主。2020年的夏天，路易斯感染上了新冠肺炎。虽然现在他已不具传染性，但新冠肺炎带来的一些长期症状，在许多方面影响着路易斯的日常 ​​​,147.0,0.0,0.0078125,0.015625,49.0
K57sDAjr9,mainstream,risk,【#张伯礼谈新冠后遗症#】在专访张伯礼院士时，CGTN记者@记者吴国秀 特意替好奇的网友们提问，“新冠是否会对男性生殖功能造成损害？”张伯礼院士说，国外的报告中确实显示会对生殖系统、内分泌系统等产生一些影响，有的还比较严重。但中国大概只有10%~15%的患者会出现如焦虑、失眠、脱发、食欲不振等 ​​​,151.0,0.006622516556291391,0.0,0.01652892561983471,75.5
K4snfFlBE,mainstream,risk,【#韩国一人在接种阿斯利康疫苗后死亡# 尚不确定是否与疫苗接种有直接联系】韩国高阳市一名50多岁的人士在2日上午接种阿斯利康新冠疫苗后，2日下午出现心脏病发作和呼吸困难等问题，在接受急救后恢复；3日上午再次心脏病发作，抢救无效死亡。据了解，这名人士是高阳市一家疗养院的入住人员，患有心脏病 ​​​,148.0,0.0,0.0,0.030534351145038167,74.0
KmQVz7Q2h,mainstream,risk,"【新冠肺炎并未“重男轻女”】薇琪·伯恩的新冠肺炎症状始于发烧和“小咳嗽”。当情况恶化到呼吸困难、需要由医护人员帮助吸氧时，48岁的她被吓坏了。

　　7个月之后，伯恩告别了新冠肺炎，但痊愈似乎遥遥无期。她告诉英国广播公司（BBC），她的视力变差了，健康状况时而“波动”，各种病痛缠身。遛狗 ​​​",148.0,0.0,0.0,0.017391304347826087,37.0
M7e4UAfex,mainstream,risk,"【漫话天下丨美国抗疫不力之痛——“长新冠”Just a heads up — ""Long COVID""】近日，拜登在接受哥伦比亚广播公司采访时表示，疫情已经结束，这招致了许多卫生专家的批评。实际上，由于美国政府应对疫情不力，数百万美国人仍在与被称为“长新冠”的新冠后遗症作斗争。 ​​​",143.0,0.0,0.0,0.0,71.5
Lxw6o0wCk,mainstream,risk,【#以色列5例不明原因儿童肝炎重症#：排除其他可能，#以色列团队提出长新冠儿童肝炎#】全球不明原因儿童肝炎病例仍在上升，最新的数据来自日本，截至上周新增11例，目前已累计47例。世界卫生组织的汇总显示，全球有34个国家报告了大约700例的不明原因儿童肝炎病例，还有112例疑似，至少38名进行肝移植 ​​​,153.0,0.0,0.0,0.05555555555555555,153.0
LxctBDRV8,mainstream,risk,【#长新冠为何会疲劳脑雾#？#顶刊揭示新冠病毒引发神经炎症#】随着全球数亿人感染新冠病毒，“长新冠”（Long Covid，新冠长期影响）问题开始浮出水面。美国疾控中心的最新数据显示，美国至少有五分之一的新冠感染者出现长新冠症状。英国则有200万人有长新冠症状，在奥密克戎流行期间报告长新冠的有61. ​​​,154.0,0.006493506493506494,0.0,0.01652892561983471,51.333333333333336
LwBlPaGmx,mainstream,risk,【#长新冠与大脑神经炎症相关#：脑内小胶质细胞高度活跃】随着全球至少数亿人感染新冠病毒，随之而来的“长新冠”（long Covid，新冠肺炎的长期影响）成为了另外一场大流行。疲惫、注意力难以集中、味觉嗅觉失灵，是长新冠的常见症状。来自荷兰鹿特丹大学医学中心的最新研究显示，长新冠患者的这些症状 ​​​,150.0,0.0,0.0,0.0,75.0
LvU5rs00l,mainstream,risk,【#200万英国人患上长新冠#：疲劳、呼吸急促、肌肉疼痛】6月1日，英国国家统计局发布最新报告，截至5月1日，#英国共有200万人报告长新冠#（long COVID），即在感染过新冠后患上新冠长期症状或新冠后遗症。在这200万人中，有140万人表示在首次感染后，至少已经历了12周的“长新冠”症状。据英国天空新闻 ​​​,160.0,0.0,0.0,0.07627118644067797,80.0
LvPZRxaQT,mainstream,risk,【英国国家统计局：#200万英国人经历长新冠#，奥密克戎占三成】当地时间6月1日，英国国家统计局发布该国最新“长新冠”报告，截至5月1日，英国共有200万人报告“长新冠”（long Covid），占人口3.1%。在奥密克戎流行期间报告长新冠的有61.9万人占比为31%。 在英国国家统计局5月6日发布的前一期长新冠报 ​​​,162.0,0.0,0.0,0.09090909090909091,81.0
LvyJUvL5u,mainstream,risk,【#梅西谈新冠后遗症#：对肺部有影响，有一个半月甚至无法跑步】阿根廷足球巨星梅西当地时间5月30日在阿根廷广播公司TYC Sports采访时透露，感染新冠给他留下了后遗症。梅西透露，“它给我留下了后遗症。它给我的肺部留下了后遗症。我回来了，但因为我的肺部受到了影响，我有一个半月的时间甚至无法跑 ​​​,151.0,0.0,0.04032258064516129,0.016129032258064516,50.333333333333336
LuDx9tI0J,mainstream,risk,【美国6340万份电子病历研究：#研究称五分之一新冠患者出现长新冠#】美国疾控中心（CDC）当地时间5月24日发布样本量达到6340万条电子病历记录的重磅研究：感染新冠的成年人中，有近五分之一出现“长新冠”（long COVID，新冠肺炎的长期影响）。研究指出，新冠幸存者罹患肺栓塞或呼吸系统疾病的风险是未 ​​​,157.0,0.0,0.0,0.03333333333333333,157.0
LrRcU2hpB,mainstream,risk,#美国数百万儿童出现长期新冠肺炎症状# 【#美专家呼吁重视儿童长期新冠肺炎症状# 】据央视援引美国有线电视新闻网（CNN）当地时间5月6日报道，美国数百万儿童出现“长期新冠肺炎（Long Covid）”症状。根据美国儿科学会的数据，自新冠疫情暴发以来，已有近1300万儿童确诊新冠肺炎。研究表明，这些儿童 ​​​,156.0,0.0,0.0,0.025210084033613446,78.0
L7Zw0pFER,mainstream,risk,"【#美尸检发现新冠病毒可在心脏大脑持续数月#  揭示“长期新冠”机制】很长一段时间，人们一直在讨论“长期新冠”（long Covid）的症状，这些症状在一些新冠患者身上持续长达数月甚至一两年，这些现象困扰着研究人员，科学家希望揭开新冠症状持续背后的机制。#新冠病毒可在心脏大脑持续数月#  
日前， ​​​",153.0,0.0,0.0,0.0,153.0
KvRobuVqa,mainstream,risk,【柳叶刀：#感染者长新冠症状可持续一年#，88%恢复原工作】随着新冠疫情的持续蔓延，了解“长新冠”(long covid)对新冠幸存者的影响显得愈发紧迫。迄今对新冠住院幸存者最大的纵向队列研究显示，至少有一种后遗症症状的患者比例从6个月时的68%下降到12个月时的 49%。更多患者在12个月就诊时出现焦虑或 ​​​,158.0,0.0,0.0,0.04878048780487805,79.0
KpzttqSak,mainstream,risk,#长期新冠症状达200多种#【研究：“长期新冠”症状达200多种，涵盖人体10个器官系统】一些新冠肺炎患者可能会在感染消失后出现持续数周或数月的症状，这种症状有时被称为“后新冠综合征”或“长期新冠”（long COVID）。7月15日发表在《柳叶刀》子刊《EClinical Medicine》上的一项研究称，那些经历了 ​​​,164.0,0.0,0.0,0.045871559633027525,164.0
KBLcyyOPu,mainstream,risk,#凤凰看点#【英录得逾百万“长新冠”病例】新冠疫情持续近两年，“长期新冠症状”（Long Covid）引起各国警惕。“长新冠”被定义为首次怀疑感染新冠病毒后持续超过四周的新冠相关症状，包括呼吸困难、疲劳、认知问题等。英国国家统计局（ONS）公布最新数据指，截至9月5日的一个月内，至少110万英国人受 ​​​,154.0,0.0,0.0,0.02586206896551724,77.0
NARzDzPgm,mainstream,risk,【新研究显示#美国有4700多万人曾患长新冠#】英国伦敦大学和达特茅斯大学的学者对Long-COVID和症状流行情况进行了大规模调查，结果表明，到2022年底，美国大约每7个人中就有1人经历过Long-COVID。根据发表在《PLOS ONE》杂志上的研究结果，经历过Long-COVID与焦虑和情绪低落有关，也与持续的身体行动问 ​​​,169.0,0.0,0.0,0.03418803418803419,169.0
M2ZgqfFR2,mainstream,risk,"【美智库：#美国1630万工作人口患长新冠#，折合最多400万人无法工作】#美国最多400万人因新冠无法工作#  时至今日，美国累计感染新冠肺炎的病例已经超过9400万，累计死亡病例也超过100万。更糟糕的是，不少美国患者康复后仍然持续出现症状，形成新冠长期后遗症，拖累工作与生活。

当地时间24日，美国 ​​​",157.0,0.0,0.0,0.05,78.5
LwTYW7Ft7,mainstream,risk,"夏仁巍：“新冠长期症状”让23岁的我卧床不起，期待重拾过往的自己

我先是感染了新冠病毒，然后2021年3月的一天我突然觉得疲惫不堪，这种感觉前所未有。一开始我没想到和新冠病毒有关，我逐渐注意到自己的其它症状，比如短暂失去嗅觉和味觉，还有一些和新冠患者常见症状类似的情况。

然后我就去看了 ​​​",149.0,0.0,0.06349206349206349,0.023809523809523808,74.5
LuG9V7s4U,mainstream,risk,【美国6340万份电子病历研究：#研究称五分之一新冠患者出现长新冠#】美国疾控中心（CDC）当地时间5月24日发布样本量达到6340万条电子病历记录的重磅研究：感染新冠的成年人中，有近五分之一出现“长新冠”（long COVID，新冠肺炎的长期影响）。研究指出，新冠幸存者罹患肺栓塞或呼吸系统疾病的风险是未 ​​​,157.0,0.0,0.0,0.03333333333333333,157.0
Lso5Ta9zd,mainstream,risk,"无法逆转？永久损伤？耶鲁大学免疫学教授岩崎明子聊long covid：“这是同时进行的另一场大流行！”

“对于重症患者，康复后long covid的发病率高达50%；对于轻症患者，包括无症状感染者在内，三个月内long covid的发生风险在5%-30%之间。”

“我不想给大家造成long covid无法康复的印象……但确实不 ​​​",170.0,0.01764705882352941,0.009259259259259259,0.027777777777777776,34.0
MmR9TBWyH,mainstream,risk,"#山西# #胡律师说法#  【胡律师说法 | 员工阳过后出现脑雾，企业不能以“不胜任工作”为由任性开除】许多网友阳过后吐槽自己变得不太聪明，注意力集中时间变短、记忆衰退、反应迟钝，这些表现被定义为脑雾（brain fog）。
脑雾并非新冠专属，在此之前已经被用来形容慢性疲劳综合症注意力和执行力障碍等 ​​​",154.0,0.0,0.008403361344537815,0.0,154.0
LsCQH93Zj,mainstream,risk,【#全球新冠最长随访#：逾千名金银潭出院患者2年后超半数仍有后遗症】随着COVID-19大流行的持续，越来越多的临床和研究证据表明，相当大比例COVID-19康复患者的多个器官和系统产生了长期影响。不过，类似研究的随访时间相对较短，均不超过1年。而且，在大多数研究中，缺乏感染前健康状况基线，也缺乏与 ​​​,154.0,0.0,0.0,0.03225806451612903,77.0
MkaHZnLR8,mainstream,risk,"【关注“长新冠”：美国近400万人因“长新冠”后遗症无法工作】Selon les estimations, près de 4 millions de personnes aux États-Unis sont incapables de travailler en raison des effets à long terme d'une infection à la COVID. Près de trois ans depuis le début de la pandémie, il existe ​​​",256.0,0.0,0.0,0.03076923076923077,256.0
KhQBRdsty,mainstream,risk,【越南宣布发现新冠病毒变异毒株混合体】越南卫生部长阮青龙29日宣布该国发现新的新冠病毒变异毒株，它是此前在英国和印度发现的变异毒株的混合体。阮青龙当天在越南全国新冠疫情防控视频会议上说，这种变异毒株混合体“非常危险”，传播性更强，能在空气中迅速传播。这一新发现的毒株混合体尚未命名。 ​​​,145.0,0.0,0.0,0.007751937984496124,48.333333333333336
LwDOMkRGK,mainstream,risk,【#长新冠与大脑神经炎症相关#：脑内小胶质细胞高度活跃】随着全球至少数亿人感染新冠病毒，随之而来的“长新冠”（long Covid，新冠肺炎的长期影响）成为了另外一场大流行。疲惫、注意力难以集中、味觉嗅觉失灵，是长新冠的常见症状。来自荷兰鹿特丹大学医学中心的最新研究显示，长新冠患者的这些症状 ​​​,150.0,0.0,0.0,0.0,75.0
Mpjttf5p7,mainstream,risk,"香港大学大规模研究，新冠一年半后，死亡风险仍然很高

2023年1月19日，中国香港大学的研究人员在《欧洲心脏病学会》期刊"" Cardiovascular Research ""上发表了一篇题为"" Association of COVID-19 with short- and long-term risk of cardiovascular disease and mortality：a prospective cohort in UK ​​​",223.0,0.0,0.0,0.05,223.0
N9z7TpWCx,mainstream,risk,【#科学家首次发现长新冠遗传风险因素#：与一种肺癌基因显著相关】既往研究表明，新冠重症可能增加罹患长新冠（Long COVID）的风险。但一项由全球逾四十家知名科研机构共同参与的大规模全基因组研究发现，一种与肺癌有关的FOXP4基因突变和长新冠的关联程度更为密切，该研究或为识别长新冠的遗传风险因 ​​​,152.0,0.0,0.0,0.008,152.0
KpA7JwyKq,mainstream,risk,#长期新冠症状超过200种#【“长期新冠”患者，累计报告200多种症状】#长期新冠患者累计报告200多种症状# 一些新冠肺炎患者可能会在感染消失后出现持续数周或数月的症状，这种症状有时被称为“后新冠综合征”或“长期新冠”（long COVID）。7月15日发表在《柳叶刀》子刊《EClinical Medicine》上的一项 ​​​,166.0,0.0,0.0,0.045871559633027525,166.0
KlMuL5snP,mainstream,risk,"【#新冠轻症患者会出现长期新冠症状#】英国《自然·医学》24日发表的一项针对新冠肺炎患者的研究分析首次发现，超半数居家隔离的青壮年（16—30岁）轻症患者在最初感染后的6个月，出现了长期持续的呼吸困难、味觉嗅觉丧失、疲劳或注意力不集中、记忆力下降的症状。

新冠肺炎恢复后的长期并发症在重症住 ​​​",150.0,0.0,0.0,0.032,150.0
M7uNockgQ,mainstream,risk,【#世事Infocus#：长新冠难解，#美国疫情真的结束了吗#？】近日，美国总统拜登在接受美国CBS采访时宣称“美国疫情已结束”，引起许多美媒和民众的不满。其中，因感染新冠而饱受后遗症折磨的“长新冠”患者尤为愤怒，喊话政府重视“长新冠”问题。“长新冠”有多可怕？美国新冠疫情真的结束了吗？来听CG ​​​,152.0,0.019736842105263157,0.0,0.0,30.4
LFfttDww6,mainstream,risk,#双语# 研究：全球5%新冠患者将长期存在嗅觉味觉功能障碍 Covid study finds millions have long-term smell or taste problems - 新冠肺炎的后遗症可能比你想象的更持久。一项跨国研究显示，全球约5%的新冠肺炎患者会长期存在嗅觉或味觉丧失问题，尤其是女性患者。http://t.cn/A6akE91E ​​​,185.0,0.0,0.0,0.041237113402061855,92.5
Nys4v1SQI,mainstream,risk,【最新研究：因流感住院者或患“长流感”】我们听说过“长新冠”（long COVID），但一项新的研究发现，有些人实际上可能会患上“长流感”（long flu）。两者的区别是，“长流感”的症状通常涉及肺部，而“长新冠”可攻击任何器官系统，包括肺、心脏、大脑和肾脏。http://t.cn/A6lC543C ​​​,155.0,0.0,0.010526315789473684,0.021052631578947368,77.5
MjIiGzmPg,mainstream,risk,【CDC首次发布：“长新冠”已导致至少3500名美国人死亡】根据美国疾病控制与预防中心（CDC）下属国家卫生统计中心周三发布的最新研究显示，在新冠疫情大流行爆发后的30个月时间内，“长期新冠症状”（Long COVID，又称“新冠后遗症”）已导致至少3500名美国人死亡。这也是联邦卫生机构首次发布美国因“ ​​​,157.0,0.0,0.0,0.02586206896551724,157.0
M2WWK0x0f,mainstream,risk,"【美智库：全美1630万工作人口患“长新冠”，折合最多400万人无法工作】
#美国1630万工作人口患长新冠#
#美国最多400万人因新冠无法工作#
时至今日，美国累计感染新冠肺炎的病例已经超过9400万，累计死亡病例也超过100万。更糟糕的是，不少美国患者康复后仍然持续出现症状，形成新冠长期后遗症，拖累工 ​​​",158.0,0.0,0.0,0.05,158.0
LDaPNkC7T,mainstream,risk,"【#100万美国人因长新冠丢掉工作# 】当地时间19日上午，美国众议院小组委员会举行了致力于“了解和解决长期新冠及其后果”的听证会。据小组委员会提供的数据，美国目前感染过新冠病毒的成年人中约有五分之一仍带有“长新冠”症状，大约有100万美国人受相关症状拖累而被迫离开就业市场。

根据世界卫生 ​​​",150.0,0.0,0.0,0.024,75.0
LwTkLm5iJ,mainstream,risk,"英国青年、清华大学2021级苏世民学者夏仁巍：“新冠长期症状”让23岁的我卧床不起，期待重拾过往的自己

我先是感染了新冠病毒，然后2021年3月的一天我突然觉得疲惫不堪，这种感觉前所未有。一开始我没想到和新冠病毒有关，我逐渐注意到自己的其它症状，比如短暂失去嗅觉和味觉，还有一些和新冠患者常 ​​​",150.0,0.0,0.05555555555555555,0.031746031746031744,150.0
KvRwhsXAj,wemedia,risk,【柳叶刀：#感染者长新冠症状可持续一年#，88%恢复原工作】随着新冠疫情的持续蔓延，了解“长新冠”(long covid)对新冠幸存者的影响显得愈发紧迫。迄今对新冠住院幸存者最大的纵向队列研究显示，至少有一种后遗症症状的患者比例从6个月时的68%下降到12个月时的 49%。更多患者在12个月就诊时出现焦虑或 ​​​,158.0,0.0,0.0,0.04878048780487805,79.0
LwU1oxGLY,mainstream,risk,"英国青年、清华大学2021级苏世民学者夏仁巍：“新冠长期症状”让23岁的我卧床不起，期待重拾过往的自己

我先是感染了新冠病毒，然后2021年3月的一天我突然觉得疲惫不堪，这种感觉前所未有。一开始我没想到和新冠病毒有关，我逐渐注意到自己的其它症状，比如短暂失去嗅觉和味觉，还有一些和新冠患者常 ​​​",150.0,0.0,0.05555555555555555,0.031746031746031744,150.0
KaGdKkkx8,mainstream,risk,【#世卫称有望在几个月内控制新冠疫情# #世卫警告新冠肺炎不是流感#】周一，世界卫生组织总干事谭德塞在新闻发布会上再次警告称，一些年轻人对感染新冠病毒不以为然，但事实上有年轻健康的患者死于新冠肺炎。即使是对于康复者而言，新冠病毒也可能造成诸多长期后遗症。但谭德塞仍强调，只要各国保证公 ​​​,146.0,0.0,0.0,0.0,73.0
Mono8gII2,wemedia,risk,【“阳康”后超25%人群患有睡眠障碍？#如何判断睡眠是否出现问题#】#好的睡眠应该是什么样子# 专家表示，睡眠不好有个标准：当躺在床上关灯后，如果超过30分钟还睡不着的话，或已经具有入睡困难的问题。或者在起夜后30分钟仍无法入睡，或为睡眠维持困难。早醒同样为失眠表现。全球有数据研究显示，在新 ​​​,150.0,0.006666666666666667,0.0,0.024390243902439025,37.5
MnUIQzEKg,wemedia,risk,【“阳康”后超25%人群患有睡眠障碍？#睡眠出现问题的三大表现#】#为什么阳了后会失眠# 专家表示，睡眠不好有个标准：当躺在床上关灯后，如果超过30分钟还睡不着的话，或已经具有入睡困难的问题。或者在起夜后30分钟仍无法入睡，或为睡眠维持困难。早醒同样为失眠表现。全球有数据研究显示，在新冠康复 ​​​,150.0,0.006666666666666667,0.0,0.024390243902439025,37.5
MmrKT1wnM,wemedia,risk,【#感染新冠后为什么会脱发#？】#专家说感染新冠后脱发比较普遍# 近日，有网友表示在感染新冠后出现了脱发的现象。新冠感染后为什么会出现脱发？脱发是新冠感染的后遗症吗？多长时间可以恢复？清华大学附属北京清华长庚医院皮肤科副主任医师段晓涵表示：感染新冠之后出现脱发的情况，是比较普遍的。感 ​​​,146.0,0.0273972602739726,0.0,0.0,24.333333333333332
Mm7FFcpBh,wemedia,risk,【奥密克戎七问七答：#元旦聚餐旅行会二次感染吗#？】临近元旦，部分地方新增感染者仍处于快速增长期，#国内是否会产生新的变异株#？很多患者转阴后，仍然存在咳嗽、嗅觉味觉减退等症状，这属于后遗症吗？假期聚餐旅行会二次感染吗？感染新冠会变“白肺“ 吗？我们该如何与新冠长期共存?  ​​​,141.0,0.0425531914893617,0.008695652173913044,0.0,23.5
KaH8YAkpt,mainstream,risk,【#世卫称有望在几个月内控制新冠疫情# 】周一，世界卫生组织总干事谭德塞在新闻发布会上再次警告称，一些年轻人对感染新冠病毒不以为然，但事实上有年轻健康的患者死于新冠肺炎。即使是对于康复者而言，新冠病毒也可能造成诸多长期后遗症。但谭德塞仍强调，只要各国保证公平疫苗接种，全面做好公共卫 ​​​,145.0,0.0,0.0,0.0,72.5
Mmsx54ElK,mainstream,risk,【#感染新冠后为什么会脱发#？】#专家说感染新冠后脱发比较普遍# 近日，有网友表示在感染新冠后出现了脱发的现象。新冠感染后为什么会出现脱发？脱发是新冠感染的后遗症吗？多长时间可以恢复？清华大学附属北京清华长庚医院皮肤科副主任医师段晓涵表示：感染新冠之后出现脱发的情况，是比较普遍的。感 ​​​,146.0,0.0273972602739726,0.0,0.0,24.333333333333332
Iv2KsDCgp,mainstream,risk,【福州市卫健委通报2月19日新冠肺炎疫情情况】2月19日，福州1名新型冠状病毒肺炎危重症患者经省、市专家全力抢救无效，不幸去世。患者，男，84岁，为确诊患者的密切接触者，2月9日采集患者咽拭子检测为新型冠状病毒核酸阳性，经省、市专家会诊确诊为新冠肺炎患者，既往有脑梗塞后遗症、慢性肾功能不全 ​​​,149.0,0.0,0.0,0.0625,149.0
Iv2oiiQrC,mainstream,risk,"【#福建首例新冠肺炎死亡病例# 病情详解[蜡烛]患者为福州晋安区病例】据福州市卫健委通报的新型冠状病毒肺炎疫情情况，截至2月19日24时，福州市死亡1例，为晋安区病例。2月19日，福州1名新型冠状病毒肺炎危重症患者经省、市专家全力抢救无效，不幸去世。

患者，男，84岁，为确诊患者的密切接触者，2月 ​​​",154.0,0.0,0.0,0.072,77.0
LstoI4igC,mainstream,risk,【上海新增228例本土确诊和1259例本土无症状】据上海市卫健委：5月10日0—24时，上海新增本土新冠肺炎确诊病例228例和无症状感染者1259例，其中198例确诊病例为既往无症状感染者转归，30例确诊病例和1259例无症状感染者在隔离管控中发现。新增本土死亡7例。平均年龄87.3岁，最小年龄75岁，最大年龄98岁 ​​​,163.0,0.0,0.0,0.11904761904761904,81.5
MsEkNap1T,mainstream,risk,"【#西安开设新冠后遗症专病门诊#】很多人阳康后，落下很多“后遗症”：咳嗽、咽痛咽痒、胸闷气短，不明原因的头晕、乏力以及肺间质纤维化等症状，这些症状也被称为长新冠综合症。

   针对新冠感染者“转阴”后存在的不适症状，西安市胸科医院筹备呼吸与危重症医学科专家组，特开设专病门诊解决咳嗽、 ​​​",147.0,0.0,0.0,0.0,147.0
LsW6f960H,mainstream,risk,【上海新增本土确诊194例和本土无症状1487例】据上海市卫健委：5月13日0—24时，上海新增本土新冠肺炎确诊病例194例和无症状感染者1487例，其中140例确诊病例为既往无症状感染者转归，54例确诊病例和1486例无症状感染者在隔离管控中发现。新增本土死亡1例。该患者为84岁男性，合并有心律失常、高血压、 ​​​,160.0,0.0,0.0,0.104,80.0
LsLXIg77a,mainstream,risk,【上海新增227例本土确诊病例和1869例本土无症状感染者】5月12日0—24时，上海新增本土新冠肺炎确诊病例227例和无症状感染者1869例，其中167例确诊病例为既往无症状感染者转归，60例确诊病例和1865例无症状感染者在隔离管控中发现。新增本土死亡病例2例，系两例年龄分别为88岁、89岁的老年患者，合并有 ​​​,161.0,0.0,0.0,0.11023622047244094,161.0
LstsSkT3q,mainstream,risk,"【上海新增228例本土确诊和1259例本土无症状】据上海市卫健委：5月10日0—24时，上海新增本土新冠肺炎确诊病例228例和无症状感染者1259例，其中198例确诊病例为既往无症状感染者转归，30例确诊病例和1259例无症状感染者在隔离管控中发现。

   新增本土死亡7例。平均年龄87.3岁，最小年龄75岁，最大年 ​​​",164.0,0.0,0.0,0.11382113821138211,82.0
LquUl7R0H,mainstream,risk,【#上海新增1292例本土确诊病例和9330例本土无症状#】4月27日0—24时，上海新增本土新冠肺炎确诊病例1292例（含既往无症状感染者转为确诊病例858例）和无症状感染者9330例，432例确诊病例和9140例无症状感染者在隔离管控中发现，其余在相关风险人群排查中发现。新增本土死亡47例。平均年龄84.7岁，最小 ​​​,164.0,0.0,0.0,0.10569105691056911,82.0
Lq2WnvqWJ,mainstream,risk,【上海新增2472例本土确诊病例和16983例本土无症状感染者】4月24日0—24时，上海新增本土新冠肺炎确诊病例2472例和无症状感染者16983例，其中846例确诊病例为此前无症状感染者转归，1557例确诊病例和16835例无症状感染者在隔离管控中发现，其余在相关风险人群排查中发现。新增本土死亡病例51例。平均年 ​​​,163.0,0.0,0.0,0.0967741935483871,81.5
MnxAwxsiC,mainstream,risk,【#阳康后超30%的人可能脱发# 医生：这种情况可以恢复】近期，“医生称超30%阳康可能面临脱发风险”等话题，在社交平台引发热议。网友调侃说：阳过后，脱发却成了苦恼的事情之一，让本就不富裕的脑袋雪上加霜。#感染新冠后为什么会大量掉头发#？“脱发”是新冠后遗症吗？《生命时报》综合多位专家的观 ​​​,149.0,0.013422818791946308,0.0,0.01694915254237288,37.25
M3LDzqxYp,mainstream,risk,【#新冠后遗症影响美国1600万人# 】美国智库布鲁金斯研究所前不久发表了关于新冠后遗症对社会影响的报告。报告称，18~65岁的美国人群中，大约有1600万人患有新冠后遗症，受后遗症影响，离开工作的人有200万~400万人，美国的劳动力因此减少了约1.8%。新冠后遗症具体有哪些症状？环球时报健康客户端记者 ​​​,157.0,0.006369426751592357,0.0,0.056451612903225805,52.333333333333336
LtSslBsQr,mainstream,risk,【#1192位新冠康复者后遗症调查公布#】5月12日，《柳叶刀·呼吸病学》刊登我国一项新研究，总结了1192名康复者2年来的健康状况。在这项全球新冠最长随访中，55%康复者表示至今仍存在后遗症，包括肺功能下降、睡眠困难、心悸、疼痛、肌无力、焦虑等。#新冠病毒会对人体造成哪些长期影响#？该如何应对后遗 ​​​,154.0,0.006493506493506494,0.008333333333333333,0.05,51.333333333333336
LsVg23jE9,mainstream,risk,【#上海新增本土确诊194例和本土无症状1487例#】据上海市卫健委：5月13日0—24时，上海新增本土新冠肺炎确诊病例194例和无症状感染者1487例，其中140例确诊病例为既往无症状感染者转归，54例确诊病例和1486例无症状感染者在隔离管控中发现。新增本土死亡1例。该患者为84岁男性，合并有心律失常、高血压 ​​​,161.0,0.0,0.0,0.104,80.5
LsLRm7cRb,mainstream,risk,【#上海新增227例本土确诊病例和1869例本土无症状感染者#】5月12日0—24时，上海新增本土新冠肺炎确诊病例227例和无症状感染者1869例，其中167例确诊病例为既往无症状感染者转归，60例确诊病例和1865例无症状感染者在隔离管控中发现。新增本土死亡病例2例，系两例年龄分别为88岁、89岁的老年患者，合并 ​​​,162.0,0.0,0.0,0.1111111111111111,162.0
Lst0kl2EU,mainstream,risk,【#上海新增228例本土确诊和1259例本土无症状#】据上海市卫健委：5月10日0—24时，上海新增本土新冠肺炎确诊病例228例和无症状感染者1259例，其中198例确诊病例为既往无症状感染者转归，30例确诊病例和1259例无症状感染者在隔离管控中发现。新增本土死亡7例。平均年龄87.3岁，最小年龄75岁，最大年龄98 ​​​,164.0,0.0,0.0,0.12,82.0
LsjySDy4s,mainstream,risk,【#上海新增234例本土确诊病例和2780例本土无症状感染者#】5月9日0—24时，上海新增本土新冠肺炎确诊病例234例和无症状感染者2780例，其中156例确诊病例为既往无症状感染者转归，78例确诊病例和2775例无症状感染者在隔离管控中发现。新增本土死亡病例6例。平均年龄79.5岁，最小年龄65岁，最大年龄90岁 ​​​,163.0,0.0,0.0,0.11904761904761904,81.5
Lq28YFwdy,mainstream,risk,【上海新增2472例本土确诊病例和16983例本土无症状感染者】4月24日0—24时，上海新增本土新冠肺炎确诊病例2472例和无症状感染者16983例，其中846例确诊病例为此前无症状感染者转归，1557例确诊病例和16835例无症状感染者在隔离管控中发现，其余在相关风险人群排查中发现。新增本土死亡病例51例。平均年 ​​​,163.0,0.0,0.0,0.0967741935483871,81.5
L35nMsCyy,mainstream,risk,"【#中国团队新冠后遗症研究#：出院近一年，仍会呼吸急促、抑郁】感染新冠肺炎一年后，新冠患者们怎么样了？武汉协和医院的研究团队给出了最新研究成果。

11月23日，中国《医学前沿》期刊刊登了一篇华中科技大学同济医学院附属协和医院（简称武汉协和医院）团队发表的论文。研究发现，即便是非重症患者 ​​​",148.0,0.006756756756756757,0.0,0.016260162601626018,49.333333333333336
KaGn3Fr72,mainstream,risk,【#世卫称有望在几个月内控制新冠疫情# 】世界卫生组织总干事谭德塞周一表示，在一些已经解封的国家，尽管新冠病毒仍在快速传播，但餐馆和娱乐场所已是人满为患。有的人甚至会认为，只要年龄相对年轻，即使感染新冠病毒也不要紧。但事实上有年轻健康的患者死于新冠肺炎，并且我们仍不了解新冠肺炎的长 ​​​,145.0,0.0,0.0078125,0.0,72.5
K2NTmBylb,mainstream,risk,【中疾控主任：#新冠肺炎可能成为长期流行的传染病#】在最新发布的中疾控周报中，中国疾病预防控制中心主任高福表示，展望未来，2021年依旧有许多不确定因素，其中之一就是新冠肺炎或将成为全球或局部地区长期流行的传染性疾病。此外，新冠肺炎的许多新特征被陆续报出，比如被感染的患者可能将面对长期 ​​​,147.0,0.0,0.0,0.0078125,147.0
JtAUn1bXK,mainstream,risk,【日本最新调查：新冠治愈者出现脱发、健忘等后遗症】据日本时事通信社报道，日本和歌山县公布了一项关于新冠肺炎治愈患者后遗症的调查结果。结果显示，该县内因感染新冠肺炎入院治疗的治愈患者中，有约半数人出现疑似后遗症的症状。除了嗅觉、味觉障碍、倦怠感等患者常见的症状外，还出现了脱发、记忆 ​​​,144.0,0.0,0.0,0.0,72.0
LjRK9kDOR,wemedia,risk,【#牛津大学研究发现新冠病毒或加速大脑萎缩#】据外媒报道，英国牛津大学发表在《自然》杂志上的一项研究表明，#新冠病毒可能导致大脑萎缩#。一些新冠患者会出现包括注意力、专注力、信息处理速度下降和记忆力受损等情况。研究人员表示，这些影响是否可以部分逆转，或者是否会长期存在，还需进一步调查 ​​​,146.0,0.0,0.0,0.0,73.0
MsE6mpjnu,mainstream,risk,"【#西安开设新冠后遗症专病门诊#】很多人阳康后，落下很多“后遗症”：咳嗽、咽痛咽痒、胸闷气短，不明原因的头晕、乏力以及肺间质纤维化等症状，这些症状也被称为长新冠综合症。

   针对新冠感染者“转阴”后存在的不适症状，西安市胸科医院筹备呼吸与危重症医学科专家组，特开设专病门诊解决咳嗽、 ​​​",147.0,0.0,0.0,0.0,147.0
MpjhEpMRj,mainstream,risk,"【#李谷一回应缺席春晚#：新冠病情恢复慢】
1月21日，歌唱家李谷一于其个人社交账号发文，解释今年自己参加不了春晚的原因：

大家好，我是你们的老朋友李谷一，我今年是在医院治病，参加不了春晚了，陪不了大家过2023的新年！只是太遗憾！剧组一直在等我出医院，但我的新冠病情恢复的慢，还在后遗症反 ​​​",150.0,0.013333333333333334,0.04065040650406504,0.024390243902439025,75.0
Mm7WB3iaC,mainstream,risk,【奥密克戎七问七答：#元旦聚餐旅行会二次感染吗#？】临近元旦，部分地方新增感染者仍处于快速增长期，#国内是否会产生新的变异株#？很多患者转阴后，仍然存在咳嗽、嗅觉味觉减退等症状，这属于后遗症吗？假期聚餐旅行会二次感染吗？感染新冠会变“白肺“ 吗？我们该如何与新冠长期共存?  ​​​,141.0,0.0425531914893617,0.008695652173913044,0.0,23.5
LsVfHFUje,mainstream,risk,【上海新增本土确诊194例和本土无症状1487例】据上海市卫健委：5月13日0—24时，上海新增本土新冠肺炎确诊病例194例和无症状感染者1487例，其中140例确诊病例为既往无症状感染者转归，54例确诊病例和1486例无症状感染者在隔离管控中发现。新增本土死亡1例。该患者为84岁男性，合并有心律失常、高血压、 ​​​,160.0,0.0,0.0,0.104,80.0
LpJxrkZbx,mainstream,risk,【上海新增2736例本土确诊和20634例本土无症状】4月22日0—24时，上海新增本土新冠肺炎确诊病例2736例和无症状感染者20634例，其中1120例确诊病例为此前无症状感染者转归，1542例确诊病例和20490例无症状感染者在隔离管控中发现，其余在相关风险人群排查中发现。新增本土死亡12例。平均年龄88.2岁，最 ​​​,165.0,0.0,0.0,0.10655737704918032,82.5
K2QOk8WCk,mainstream,risk,【中疾控主任：#新冠肺炎可能成为长期流行的传染病#】在最新发布的中疾控周报中，中国疾病预防控制中心主任高福表示，展望未来，2021年依旧有许多不确定因素，其中之一就是新冠肺炎或将成为全球或局部地区长期流行的传染性疾病。此外，新冠肺炎的许多新特征被陆续报出，比如被感染的患者可能将面对长期 ​​​,147.0,0.0,0.0,0.0078125,147.0
KaGxK7XS7,mainstream,risk,【#世卫称有望在几个月内控制新冠疫情# 】周一，世界卫生组织总干事谭德塞在新闻发布会上再次警告称，一些年轻人对感染新冠病毒不以为然，但事实上有年轻健康的患者死于新冠肺炎。即使是对于康复者而言，新冠病毒也可能造成诸多长期后遗症。但谭德塞仍强调，只要各国保证公平疫苗接种，全面做好公共卫 ​​​,145.0,0.0,0.0,0.0,72.5
OskOYlzFA,mainstream,risk,"【新冠病毒更加耐热了？免疫力下降或是新冠流行原因】世界卫生组织日前警告，新冠病毒感染正在全球范围内激增，并且这种情况不太可能很快得到改善。巴黎奥运会期间，至少有40名运动员的新冠病毒和其它呼吸道感染疾病的检测结果呈阳性。#广东本轮新冠感染年轻人症状更明显#

①国内阳性率有所上升，夏季 ​​​",147.0,0.006802721088435374,0.0,0.0078125,49.0
NFi2BB9u5,mainstream,risk,"【#女孩流感后咳嗽到尿失禁#！#会不会咳着咳着就成肺炎了#？】最近，你身边有没有“咳”声一片？#刀片嗓喉咙肿一查全阴性#

咳嗽带血腥味、咳嗽到撕心裂肺地疼、咳嗽到尿失禁……流感之后，不少人进入到咳嗽期，或长或短，咳嗽地或深或浅，无论哪种，都非常折磨人。

流感后为什么咳嗽不断？咳嗽多久后 ​​​",149.0,0.026845637583892617,0.0,0.0,29.8
N5Jlfm43L,mainstream,risk,"【瞳孔突然变成三角形，是新冠后遗症？】前几天，网上有人发帖称：“前天右边眼睛有点痒，有点红，以为是红眼病或麦粒肿，昨天早上买了盐酸左氧氟沙星来滴，好一点了，今早去眼科挂号看，医生说你的瞳孔怎么是三角形的，吓了我一跳……”

这位发帖的网友附上了给眼睛拍的照片，并称：“一夜之间瞳孔就 ​​​",145.0,0.006896551724137931,0.008403361344537815,0.0,145.0
N3nXiEBUK,mainstream,risk,【#多次感染对身体的危害有多大#？专家：导致身体的免疫力低下】#专家称不排除二阳后还会有三阳#“二阳”之后还会有“三阳”吗？最近，不少“二阳”的人已经痊愈，普遍反映症状很轻微。甚至还有人表示，症状轻就算以后“三阳”“四阳”也不怕了；还有人认为，“阳”过几次后免疫力会被训练得更好？那多 ​​​,146.0,0.02054794520547945,0.0,0.0,29.2
MtLqh6FEv,mainstream,risk,"【#新冠感染高峰过后如何守护双心健康# 】#每日新增阳性5000例以上# 新冠疫情感染高峰一过，身边“阳康”后的亲朋好友聚会，常常会聊起“胸闷”和“心慌”这两个词。他们中的大部分已经去医院反复就诊，血指标，常规心电图及24小时心电图、心超、肺CT均正常。#新增确诊病例主要是没阳过的#

然而，这些 ​​​",153.0,0.0,0.0,0.017094017094017096,76.5
Mndkh0J61,mainstream,risk,【“阳康”后脱发？专家的话扎心：超30%的人可能面临脱发风险，春节后将迎来高峰】#医生称超30%阳康可能面临脱发风险# 继咳嗽、失眠、脑雾等“新冠后遗症”后，脱发也在榜单上占据了一席之地。不少“阳康”们正在经历着掉头发的苦恼，好多网友吐槽说“本不富裕的脑袋顶更是雪上加霜”。 ​​​,141.0,0.0070921985815602835,0.0,0.018018018018018018,47.0
Mms5HaLpK,mainstream,risk,【#感染新冠后为什么会脱发#？】#专家说感染新冠后脱发比较普遍# 近日，有网友表示在感染新冠后出现了脱发的现象。新冠感染后为什么会出现脱发？脱发是新冠感染的后遗症吗？多长时间可以恢复？清华大学附属北京清华长庚医院皮肤科副主任医师段晓涵表示：感染新冠之后出现脱发的情况，是比较普遍的。感 ​​​,146.0,0.0273972602739726,0.0,0.0,24.333333333333332
MlZYnaqPa,mainstream,risk,"【#新冠相关心肌炎危险吗#？专家：不必惊慌】#新冠相关心肌炎如何确诊# 新冠病毒能引发心肌炎？严重者还会心力衰竭？尤其是青壮年感染之后需要格外关注心肌炎？近日，“新冠相关心肌炎”引发了大众的特别关注。

心肌炎是感染新冠病毒后特有的危急重症？

人体任何组织脏器均有可能发生炎症，心肌也概 ​​​",148.0,0.033783783783783786,0.0,0.0,24.666666666666668
K2OLY4XT6,wemedia,risk,【中疾控主任：#新冠肺炎可能成为长期流行的传染病#】在最新发布的中疾控周报中，中国疾病预防控制中心主任高福表示，展望未来，2021年依旧有许多不确定因素，其中之一就是新冠肺炎或将成为全球或局部地区长期流行的传染性疾病。此外，新冠肺炎的许多新特征被陆续报出，比如被感染的患者可能将面对长期 ​​​,147.0,0.0,0.0,0.0078125,147.0
MlxBossKu,wemedia,risk,"【#重症白肺死亡率40%以上#，专家：#新冠造成白肺的概率不是很高#】“白肺”也叫急性呼吸窘迫综合征（ARDS），一般指重症肺炎患者在X光或CT检查下的表现，肺部显影呈一大片的白色状而得名。

央视前主持人樊登的父亲去世时，肺部已大面积变白；很多老人送医时已出现“沉默性缺氧”……在这个就医高峰的 ​​​",152.0,0.0,0.0,0.008403361344537815,76.0
MkzyF3Qk5,wemedia,risk,【#专家称重复感染死亡风险翻倍#】一篇近日发表在《自然医学》的论文显示，与仅感染一次新冠的患者相比，重复感染者的死亡风险增加一倍多，住院风险、患肺部疾病、心脏病的可能性高出三倍多，而且患神经系统疾病的可能性高出60%。研究人员还发现，重复感染后的第一个月，患者疾病风险升高最为明显，在 ​​​,146.0,0.0,0.0,0.008064516129032258,146.0
Maf83drNR,wemedia,risk,#新冠后遗症可持续数周数月甚至更长时间# 【吴尊友：新冠后遗症覆盖范围广 症状可持续数周、数月甚至更长时间】10月13日，在国务院联防联控机制新闻发布会上，中国疾控中心流行病学首席专家吴尊友表示，新冠后遗症又叫新冠长期症状，世界卫生组织在2021年10月份给出的临床定义，新冠后遗症通常发生在感 ​​​,151.0,0.0,0.0,0.03125,151.0
Lq2ySshGP,wemedia,risk,【#上海新增2472例本土确诊16983例本土无症状#】#关注新冠肺炎#4月24日0—24时，上海新增本土新冠肺炎确诊病例2472例和无症状感染者16983例，其中846例确诊病例为此前无症状感染者转归，1557例确诊病例和16835例无症状感染者在隔离管控中发现，其余在相关风险人群排查中发现。新增本土死亡病例51例。平 ​​​,165.0,0.0,0.0,0.09836065573770492,82.5
K3GAmk9GX,wemedia,risk,【#世卫专家提醒重视新冠造成的长期影响#】世界卫生组织欧洲区域办事处主任克卢格25日说，近来欧洲地区新冠感染率总体呈下降趋势，但世卫组织关注到“新冠后遗症”对健康等方面造成的长期影响，将其视为“后疫情”时期的首要任务。克卢格当天在哥本哈根召开的线上新闻发布会上说，十分之一的欧洲新冠患 ​​​,146.0,0.0,0.0,0.0078125,146.0
K2OLvFx46,wemedia,risk,【中疾控主任：#新冠肺炎可能成为长期流行的传染病#】在最新发布的中疾控周报中，中国疾病预防控制中心主任高福表示，展望未来，2021年依旧有许多不确定因素，其中之一就是新冠肺炎或将成为全球或局部地区长期流行的传染性疾病。此外，新冠肺炎的许多新特征被陆续报出，比如被感染的患者可能将面对长期 ​​​,147.0,0.0,0.0,0.0078125,147.0
IuX6UDb2F,wemedia,risk,"【#云南首例新冠肺炎死亡病例#：72岁男性，患糖尿病等疾病】记者19日从云南省卫生健康委了解到，当日0时至12时，该省出现首例新冠肺炎死亡病例。死亡患者为72岁男性，云南玉溪人。
1月31日，该名患者因发热伴畏寒、咳嗽，至玉溪市人民医院发热门诊就诊后隔离观察，2月1日病毒核酸检测阳性，以“新型冠 ​​​",152.0,0.0,0.0,0.072,76.0
N3oOgcoN4,mainstream,risk,#二阳过后你的身体有什么变化# 最近，关于“二阳”的讨论越来越多，甚至已经有人“三阳”了 ，#多次感染对身体的危害有多大#？上海市肺科医院呼吸内科副主任胡洋5月30日在其微信公号刊文表示，一般来说，新冠感染之后，患者的白细胞和中性粒细胞都会降低，这本身会导致身体的免疫力低下，这种低下有的 ​​​,148.0,0.006756756756756757,0.0,0.016129032258064516,148.0
Mpj1mmYJ5,mainstream,risk,"【#李谷一回应缺席春晚#】1月21日，李谷一在其个人社交媒体上发文表示，今年在医院治病，参加不了春晚。她表示，“我的新冠病情恢复的慢，还在后遗症反应中。”

此前，央视主持人张泽群曾在微博上透露，由于刚刚“阳康”，身体抱恙的李谷一只能缺席兔年春晚。

另据文汇报，1983年至今的40年春晚，只 ​​​",151.0,0.0,0.008547008547008548,0.03418803418803419,50.333333333333336
Mo9e2vA86,mainstream,risk,【日本团队发布工作人群新冠“后遗症”风险估算：因乏力或者呼吸困难等症状就诊的比例与未感染者相同症状比例最大达7倍】据共同社1月13日报道，日本名古屋工业大学教授平田晃正等团队将2018年度以来持续就诊的约125万人份的数据为基础进行了估算，其汇总结果显示，感染新冠病毒者因乏力或者呼吸困难等 ​​​,149.0,0.0,0.0,0.03816793893129771,149.0
MmDt55AF4,mainstream,risk,"#杭州不少人阳后出现妇科问题# 据@钱江晚报 近日，杭州市第一人民医院妇科因为月经失调、白带异常来看病的患者也不少，很多人都表示，自己在“阳过”后，出现了各种妇科问题，不知道算不算新冠的后遗症。杭州市第一人民医院妇科朱红丽医师表示：“大姨妈”不正常“造访”，不用太焦虑。

要了解月经问 ​​​",147.0,0.0,0.008333333333333333,0.0,73.5
MjT6YwdwU,mainstream,risk,"#老人小孩阳了怎么办##新冠居家照护指南# 确诊者什么情况下才需要去医院？一家人内部有人阳了，如何有效隔离？针对老人和小孩的照护，需要注意哪些问题？我们是否需要担心新冠后遗症问题？

12月以来，国家发布关于进一步优化落实新冠肺炎疫情防控措施的通知，允许具备居家隔离条件的无症状感染者和轻 ​​​",148.0,0.02702702702702703,0.0078125,0.0078125,37.0
LsVlIBHJ3,mainstream,risk,"【上海新增本土确诊194例和本土无症状1487例 #上海杨浦实行全域静态管理#】

据上海市卫健委：5月13日0—24时，上海新增本土新冠肺炎确诊病例194例和无症状感染者1487例，其中140例确诊病例为既往无症状感染者转归，54例确诊病例和1486例无症状感染者在隔离管控中发现。新增本土死亡1例。该患者为84岁 ​​​",162.0,0.0,0.0,0.104,81.0
LsM51zgkc,mainstream,risk,【上海新增227例本土确诊病例和1869例本土无症状感染者】据@央视新闻 5月12日0—24时，上海新增本土新冠肺炎确诊病例227例和无症状感染者1869例，其中167例确诊病例为既往无症状感染者转归，60例确诊病例和1865例无症状感染者在隔离管控中发现。新增本土死亡病例2例，系两例年龄分别为88岁、89岁的老年 ​​​,162.0,0.0,0.0,0.11023622047244094,162.0
Lst6s2veY,mainstream,risk,"【#上海新增本土确诊228例无症状1259例#】据上海市卫健委：5月10日0—24时，上海新增本土新冠肺炎确诊病例228例和无症状感染者1259例，其中198例确诊病例为既往无症状感染者转归，30例确诊病例和1259例无症状感染者在隔离管控中发现。

新增本土死亡7例。平均年龄87.3岁，最小年龄75岁，最大年龄98岁。 ​​​",165.0,0.0,0.0,0.12195121951219512,55.0
MmjiYoKkW,wemedia,risk,【#感染新冠后出现脱发怎么办#？】近日，有网友表示在感染新冠后出现了脱发的现象。新冠感染后为什么会出现脱发？脱发是新冠感染的后遗症吗？多长时间可以恢复？清华大学附属北京清华长庚医院皮肤科副主任医师段晓涵表示，病毒有可能引起毛囊周围的炎症反应，此外，焦虑、休息不好等原因也会引起休止期 ​​​,145.0,0.027586206896551724,0.0,0.0,29.0
Lr78fbVM0,mainstream,risk,"【上海昨天新增本土死亡病例32例，平均年龄84.1岁，其中28例未接种疫苗】5月2日上午10:00，上海举行疫情防控工作新闻发布会，上海市副市长刘多，上海市卫生健康委副主任赵丹丹，上海市大数据中心党委副书记邵军，上海市疾控中心传染病防治所、消毒与感染控制科主任朱仁义介绍本市疫情防控最新情况。

 ​​​",152.0,0.0,0.0,0.0546875,152.0
LqEVekfCm,mainstream,risk,【上海昨日新增本土死亡病例52例，平均年龄84.02岁，均未接种新冠疫苗】4月29日上午10:00，上海举行新冠肺炎疫情防控新闻发布会。市卫生健康委副主任赵丹丹介绍，4月28日，新增本土死亡病例52例，平均年龄84.02岁。52位患者伴有多脏器严重的基础疾病，包括食道癌、胰腺癌、脑膜瘤、黑色素瘤等晚期恶性 ​​​,157.0,0.0,0.0,0.088,78.5
LqcxA37oB,mainstream,risk,【上海本土新增“1661+15319”，死亡52例！昨天暴雨3名大白被刮跑？最新情况→】上海市卫健委今早（26日）通报：2022年4月25日0—24时，新增本土新冠肺炎确诊病例1661例和无症状感染者15319例，其中968例确诊病例为此前无症状感染者转归，675例确诊病例和15120例无症状感染者在隔离管控中发现，其余在 ​​​,166.0,0.012048192771084338,0.0,0.12931034482758622,83.0
LpTOSeVQZ,mainstream,risk,"【上海昨日新增死亡病例39例，平均年龄78.7岁，均未接种新冠肺炎病毒疫苗】4月24日上午10:00，上海举行新冠肺炎疫情防控新闻发布会，市卫生健康委副主任赵丹丹、申康医院发展中心主任王兴鹏、嘉定区副区长李峰介绍本市疫情防控最新情况。

赵丹丹介绍，截至4月23日24时，在定点医疗机构接受治疗的重型 ​​​",154.0,0.0,0.0,0.0703125,154.0
LoZ56nLAD,mainstream,risk,【上海昨日新增死亡病例3例，均为高龄】4月18日上午10:00，上海举行新冠肺炎疫情防控新闻发布会。市卫生健康委一级巡视员吴乾渝介绍，截至4月17日24时，定点医疗机构接受治疗的重型患者有16例。4月17日，新增死亡病例3例。均为高龄，同时合并急性冠脉综合征、糖尿病、高血压、脑梗后遗症等严重的基础疾 ​​​,154.0,0.0,0.0,0.09375,51.333333333333336
MnVvQy10d,wemedia,risk,【“阳康”后超25%人群患有睡眠障碍？#睡眠出现问题的三大表现#】#关灯后30分钟内睡不着或有睡眠问题# 专家表示，睡眠不好有个标准：当躺在床上关灯后，如果超过30分钟还睡不着的话，或已经具有入睡困难的问题。或者在起夜后30分钟仍无法入睡，或为睡眠维持困难。早醒同样为失眠表现。全球有数据研究显 ​​​,151.0,0.006622516556291391,0.0,0.03225806451612903,37.75
Lq29xzRb9,wemedia,risk,#疫情速报# 【上海新增2472例本土确诊病例和16983例本土无症状感染者】4月24日0—24时，上海新增本土新冠肺炎确诊病例2472例和无症状感染者16983例，其中846例确诊病例为此前无症状感染者转归，1557例确诊病例和16835例无症状感染者在隔离管控中发现，其余在相关风险人群排查中发现。新增本土死亡病例5 ​​​,164.0,0.0,0.0,0.0967741935483871,164.0
J3JhG3x6e,wemedia,risk,【#英首相感染后视力受损#：我多年来第一次要戴眼镜】5月25日，英国首相鲍里斯·约翰逊透露，自己感染新冠病毒后视力变差，多年来首次需要戴眼镜。但世卫组织尚未将视力受损，列为感染新冠病毒症状之一。3月27日，约翰逊宣布自己感染病毒，后因病情严重被送进ICU病房。#聚焦新冠肺炎疫情#@世面  ​​​,148.0,0.0,0.024793388429752067,0.03305785123966942,49.333333333333336
K3GJEtjHa,mainstream,risk,【#英国18岁少年参加新冠人体挑战试验#：愿承担一切风险】据《卫报》报道，英国一名18岁少年主动报名参加新冠病毒“人体挑战试验”。他承认无法预判试验可能带来的风险，也对可能产生的后遗症等情况感到担忧，但他表示“愿意承担一切风险”。2月17日，英国成为全球首个批准新冠病毒人体试验的国家，第 ​​​,148.0,0.0,0.0,0.032520325203252036,74.0
K3GxhE2kG,mainstream,risk,【世卫#专家提醒重视新冠造成的长期影响#】世界卫生组织欧洲区域办事处主任克卢格25日说，近来欧洲地区新冠感染率总体呈下降趋势，但世卫组织关注到“新冠后遗症”对健康等方面造成的长期影响，将其视为“后疫情”时期的首要任务。克卢格当天在哥本哈根召开的线上新闻发布会上说，十分之一的欧洲新冠患 ​​​,146.0,0.0,0.0,0.0078125,146.0
LrItLxafy,mainstream,risk,【上海新增本土死亡12例】#关注新冠肺炎# 据健康上海12320：2022年5月5日0—24时，上海新增本土新冠肺炎确诊病例245例和无症状感染者4024例；新增本土死亡12例，平均年龄84.08岁，最小年龄59岁，最大年龄95岁。12位患者均合并有严重的慢性基础疾病以及恶性肿瘤，包括原发性肝癌伴转移、冠心病、心功能 ​​​,163.0,0.0,0.0,0.11475409836065574,81.5
L35zqEAmQ,mainstream,risk,【#中国团队新冠后遗症研究#：出院近一年，仍会呼吸急促、抑郁】感染新冠肺炎一年后，新冠患者们怎么样了？。23日，中国《医学前沿》期刊刊登了一篇武汉协和医院团队发表的论文。研究发现，即便是非重症患者，在确诊新冠近1年后，依旧存在多系统问题，如睡眠困难、呼吸急促、乏力和关节疼痛等身体症状 ​​​,146.0,0.00684931506849315,0.0,0.01652892561983471,48.666666666666664
LtSZKq3uj,wemedia,risk,【#1192位新冠康复者后遗症调查公布#】5月12日，《柳叶刀·呼吸病学》刊登我国一项新研究，总结了1192名康复者2年来的健康状况。在这项全球新冠最长随访中，55%康复者表示至今仍存在后遗症，包括肺功能下降、睡眠困难、心悸、疼痛、肌无力、焦虑等。#新冠病毒会对人体造成哪些长期影响#？该如何应对后遗 ​​​,154.0,0.006493506493506494,0.008333333333333333,0.05,51.333333333333336
L372JEAf1,wemedia,risk,"【#中国团队新冠后遗症研究#：出院近一年，仍会呼吸急促、抑郁】感染新冠肺炎一年后，新冠患者们怎么样了？武汉协和医院的研究团队给出了最新研究成果。

11月23日，中国《医学前沿》期刊刊登了一篇华中科技大学同济医学院附属协和医院（简称武汉协和医院）团队发表的论文。研究发现，即便是非重症患者 ​​​",148.0,0.006756756756756757,0.0,0.016260162601626018,49.333333333333336
IEmjUncVf,wemedia,risk,#新型冠状病毒感染肺炎#【专家：新冠肺炎重症或危重症患者要重视肺纤维化的发生和发展】新冠肺炎患者是否会出现肺纤维化？如何预防患者出院后后遗症的发生？北京大学第一医院感染疾病科主任王贵强21日在#国务院联防联控机制#新闻发布会上作了回答。戳视频↓ http://t.cn/A6w8ZZzF ​​​  ​​​,152.0,0.013157894736842105,0.0,0.02631578947368421,50.666666666666664
KaJlKzX6n,mainstream,risk,【#世卫称有望在几个月内控制新冠疫情##世卫警告新冠肺炎不是流感#】周一，世界卫生组织总干事谭德塞在新闻发布会上再次警告称，一些年轻人对感染新冠病毒不以为然，但事实上有年轻健康的患者死于新冠肺炎。即使是对于康复者而言，新冠病毒也可能造成诸多长期后遗症。但谭德塞仍强调，只要各国保证公平 ​​​,146.0,0.0,0.0,0.0,73.0
MiMFtzyJp,mainstream,risk,#做好个人防护的8个小贴士#【严重者可导致肝衰竭！同济药师提醒：新冠居家治疗要避免重复、超剂量、超次数用药】日前，新冠防疫居家自我管理指引发布，其中有退烧药、止痛药以及复方感冒药、止咳药等药物。从奥密克戎的症状特点来看，发烧、头痛、肌肉酸痛、咳嗽等症状会出现，类似感冒。患者居家期间 ​​​,145.0,0.006896551724137931,0.00819672131147541,0.00819672131147541,48.333333333333336
MlwUfFPyx,wemedia,risk,"【#重症白肺死亡率40%以上#，专家：#新冠造成白肺的概率不是很高#】“白肺”也叫急性呼吸窘迫综合征（ARDS），一般指重症肺炎患者在X光或CT检查下的表现，肺部显影呈一大片的白色状而得名。

央视前主持人樊登的父亲去世时，肺部已大面积变白；很多老人送医时已出现“沉默性缺氧”……在这个就医高峰的 ​​​",152.0,0.0,0.0,0.008403361344537815,76.0
MaeWnhd8x,wemedia,risk,#甘团分享##新冠后遗症可持续数周数月甚至更长时间# 【吴尊友：新冠后遗症覆盖范围广 症状可持续数周、数月甚至更长时间】10月13日，在国务院联防联控机制新闻发布会上，中国疾控中心流行病学首席专家吴尊友表示，新冠后遗症又叫新冠长期症状，世界卫生组织在2021年10月份给出的临床定义，新冠后遗症通 ​​​,152.0,0.0,0.0,0.031496062992125984,152.0
Lap553xaP,wemedia,risk,#甘小青知识官# 【“奥密克戎”或带有感冒病毒基因[吃惊]】#国外奥密克戎过半有持续症状或后遗症#尽管针对新冠变异株“奥密克戎”仍有诸多未解谜团，但通过基因序列的分析，研究人员发现，“奥密克戎”变异株可能由新冠病毒与另一种导致普通感冒的病毒基因片段组合进化而来。奥密克戎有多大威胁？关于 ​​​,147.0,0.006802721088435374,0.0,0.0,73.5
KaGJKd4Zm,wemedia,risk,#甘团情报站# 【#世卫称有望在几个月内控制新冠疫情##世卫警告新冠肺炎不是流感#】周一，世界卫生组织总干事谭德塞在新闻发布会上再次警告称，一些年轻人对感染新冠病毒不以为然，但事实上有年轻健康的患者死于新冠肺炎。即使是对于康复者而言，新冠病毒也可能造成诸多长期后遗症。但谭德塞仍强调，只 ​​​,147.0,0.0,0.0,0.0,73.5
J8MSeC9DU,mainstream,risk,【#北京近期新冠肺炎患者出现嗅觉味觉改变#，#专家称大多患者嗅觉味觉能逐步恢复#】近期，在北京的新冠肺炎疫情防控新闻发布会上，北京地坛医院副院长吴国安通报，新冠肺炎确诊患者相继出现非典型症状，其中33人出现嗅觉改变，21人出现味觉改变。不少人担心，嗅觉、味觉的改变，是否会成为患者无法被根 ​​​,148.0,0.0,0.0,0.015873015873015872,148.0
Mpk16acLT,mainstream,risk,"【#李谷一回应缺席春晚#】1月21日，李谷一在其个人社交媒体上发文表示，今年在医院治病，参加不了春晚。她表示，“我的新冠病情恢复的慢，还在后遗症反应中。”

此前，央视主持人张泽群曾在微博上透露，由于刚刚“阳康”，身体抱恙的李谷一只能缺席兔年春晚。

另据文汇报，1983年至今的40年春晚，只 ​​​",151.0,0.0,0.008547008547008548,0.03418803418803419,50.333333333333336
MmseZzn86,mainstream,risk,【#感染新冠后为什么会脱发#？】#专家说感染新冠后脱发比较普遍# 近日，有网友表示在感染新冠后出现了脱发的现象。新冠感染后为什么会出现脱发？脱发是新冠感染的后遗症吗？多长时间可以恢复？清华大学附属北京清华长庚医院皮肤科副主任医师段晓涵表示：感染新冠之后出现脱发的情况，是比较普遍的。感 ​​​,146.0,0.0273972602739726,0.0,0.0,24.333333333333332
LqX3D63su,mainstream,risk,#疫情防控#【上海新增788例本土确诊病例和7084例本土无症状感染者】4月30日0—24时，上海新增本土新冠肺炎确诊病例788例和无症状感染者7084例，其中683例确诊病例为既往无症状感染者转归，105例确诊病例和7084例无症状感染者在隔离管控中发现。新增本土死亡38例。平均年龄80.9岁，最小年龄50岁，最大年 ​​​,164.0,0.0,0.0,0.112,82.0
KaHqqCuLD,mainstream,risk,#疫情防控#【#世卫称有望在几个月内控制新冠疫情# #世卫警告新冠肺炎不是流感#】周一，世界卫生组织总干事谭德塞在新闻发布会上再次警告称，一些年轻人对感染新冠病毒不以为然，但事实上有年轻健康的患者死于新冠肺炎。即使是对于康复者而言，新冠病毒也可能造成诸多长期后遗症。但谭德塞仍强调，只要 ​​​,147.0,0.0,0.0,0.0,73.5
N3p07nnfe,mainstream,risk,#专家称不排除二阳后还会有三阳#【为什么阳过以后还会再阳？专家解答】近日，新冠病毒二次感染的话题引发关注。当前新冠病毒流行情况怎样？为什么“阳”过以后还会再“阳”？#阳的次数越多症状是否越重#，对身体的伤害是否越大？是否会留下后遗症？针对相关问题，国务院联防联控机制组织专家进行了解答 ​​​,146.0,0.03424657534246575,0.0,0.0,24.333333333333332
J6g3Z8POD,mainstream,risk,【周知！#湖北新冠治愈者康复费用无需个人承担#】呼吸与危重症专家童朝晖：部分新冠肺炎重症和危重症患者，出院后留下一些后遗症，需要继续康复。但不少需要康复的患者，因担心费用问题，没有及时到医院进行康复治疗。现在我们联络组明晰了，湖北患者的康复费用不需要自己承担。（央视） ​​​,138.0,0.007246376811594203,0.01694915254237288,0.0,34.5
K3FHO3I9O,mainstream,risk,"#世卫专家提醒重视新冠后遗症##新冠后遗症像各种症状不同组合#【世卫专家提醒重视新冠造成的长期影响[话筒]】世界卫生组织欧洲区域办事处主任克卢格25日说，近来欧洲地区新冠感染率总体呈下降趋势，但世卫组织关注到“新冠后遗症”对健康等方面造成的长期影响，将其视为“后疫情”时期的首要任务。

　 ​​​",149.0,0.0,0.0,0.008,149.0
K2Rgz9E3F,mainstream,risk,【中疾控主任：#新冠肺炎可能成为长期流行的传染病#】在最新发布的中疾控周报中，中国疾病预防控制中心主任高福表示，展望未来，2021年依旧有许多不确定因素，其中之一就是新冠肺炎或将成为全球或局部地区长期流行的传染性疾病。此外，新冠肺炎的许多新特征被陆续报出，比如被感染的患者可能将面对长期 ​​​,147.0,0.0,0.0,0.0078125,147.0
MsdiWt0ml,wemedia,risk,"【“阳康”后免疫力下降，谨防带状疱疹趁虚而入！】立春之后，上海进入冬春换季之际，乍暖还寒，病毒活动强度有所增强，也是一些常见的慢性病、感染性疾病乘虚而入的高发时节，带状疱疹就是其中之一。

近日，记者从奉贤区金海社区卫生服务中心新开设的带状疱疹及后遗神经痛专病门诊了解到，春运结束， ​​​",145.0,0.006896551724137931,0.0,0.0,72.5
LpJL1840B,mainstream,risk,【上海新增2736例本土确诊和20634例本土无症状】4月22日0—24时，上海新增本土新冠肺炎确诊病例2736例和无症状感染者20634例，其中1120例确诊病例为此前无症状感染者转归，1542例确诊病例和20490例无症状感染者在隔离管控中发现，其余在相关风险人群排查中发现。新增本土死亡12例。平均年龄88.2岁，最 ​​​,165.0,0.0,0.0,0.10655737704918032,82.5
K3GaJ9K7W,mainstream,risk,【#英国18岁少年参加新冠人体挑战试验#：愿承担一切风险】据《卫报》报道，英国一名18岁少年主动报名参加新冠病毒“人体挑战试验”。他承认无法预判试验可能带来的风险，也对可能产生的后遗症等情况感到担忧，但他表示“愿意承担一切风险”。2月17日，英国成为全球首个批准新冠病毒人体试验的国家，第 ​​​,148.0,0.0,0.0,0.032520325203252036,74.0
K2Omda8nj,mainstream,risk,【中疾控主任：#新冠肺炎可能成为长期流行的传染病#】在最新发布的中疾控周报中，中国疾病预防控制中心主任高福表示，展望未来，2021年依旧有许多不确定因素，其中之一就是新冠肺炎或将成为全球或局部地区长期流行的传染性疾病。此外，新冠肺炎的许多新特征被陆续报出，比如被感染的患者可能将面对长期 ​​​,147.0,0.0,0.0,0.0078125,147.0
JquCOiHRv,mainstream,risk,【最新研究：感染#新冠痊愈后可能会脱发#[并不简单]】据日本放送协会(NHK)23日报道，近日，日本国立国际医疗研究中心对新冠治愈患者的后遗症情况进行了跟踪调查。此次调查对象共63人，平均年龄48.1岁。结果显示，部分治愈患者出现气喘和长时间嗅觉失灵等后遗症。而在针对其中58人的追加调查中，发现有1 ​​​,154.0,0.0,0.0,0.03968253968253968,51.333333333333336
K5T6jv1Qs,mainstream,risk,"【#张伯礼谈新冠康复后遗症#：确实存在，但总的概率和程度比国外要少要轻】3月12日，在@新京报贝壳财经 《科技强国×健康》视频访谈中，张伯礼“问诊”格力电器董事长兼总裁董明珠。

对于新冠患者康复的后遗症问题。张伯礼表示，后遗症问题确实存在，国外叫长期症状，欧美报告不少，我们国家也有。我一 ​​​",149.0,0.0,0.016666666666666666,0.016666666666666666,49.666666666666664
LqvpJcf4i,mainstream,risk,【上海新增1292例本土确诊病例和9330例本土无症状感染者】4月27日0—24时，上海新增本土新冠肺炎确诊病例1292例（含既往无症状感染者转为确诊病例858例）和无症状感染者9330例，432例确诊病例和9140例无症状感染者在隔离管控中发现，其余在相关风险人群排查中发现。新增本土死亡47例。平均年龄84.7岁， ​​​,163.0,0.0,0.0,0.10483870967741936,81.5
LpbVssALc,mainstream,risk,"【#上海目前重型患者21例#】#关注新冠肺炎# 今天（19日）举行的上海市疫情防控新闻发布会消息，截至4月18日24时，在定点医疗机构接受治疗的重型患者有21例。

4月18日新增死亡病例7例，年龄从60岁到101岁，合并冠心病、糖尿病、高血压、脑梗后遗症、脑出血等严重的基础疾病，均未接种新冠病毒疫苗，上 ​​​",157.0,0.0,0.0,0.09016393442622951,157.0
Lstitgg4S,mainstream,risk,【上海新增228例本土确诊和1259例本土无症状】据上海市卫健委：5月10日0—24时，上海新增本土新冠肺炎确诊病例228例和无症状感染者1259例，其中198例确诊病例为既往无症状感染者转归，30例确诊病例和1259例无症状感染者在隔离管控中发现。新增本土死亡7例。平均年龄87.3岁，最小年龄75岁，最大年龄98岁 ​​​,163.0,0.0,0.0,0.11904761904761904,81.5
LquCv58Hz,mainstream,risk,【上海新增1292例本土确诊病例和9330例本土无症状感染者】4月27日0—24时，上海新增本土新冠肺炎确诊病例1292例（含既往无症状感染者转为确诊病例858例）和无症状感染者9330例，432例确诊病例和9140例无症状感染者在隔离管控中发现，其余在相关风险人群排查中发现。新增本土死亡47例。平均年龄84.7岁， ​​​,163.0,0.0,0.0,0.10483870967741936,81.5
Lq2k7fBrc,mainstream,risk,【上海新增2472例本土确诊病例和16983例本土无症状感染者】4月24日0—24时，上海新增本土新冠肺炎确诊病例2472例和无症状感染者16983例，其中846例确诊病例为此前无症状感染者转归，1557例确诊病例和16835例无症状感染者在隔离管控中发现，其余在相关风险人群排查中发现。新增本土死亡病例51例。平均年 ​​​,163.0,0.0,0.0,0.0967741935483871,81.5
MpjAsrA7o,mainstream,risk,【#李谷一回应缺席春晚#】1月21日，李谷一在其个人社交媒体上发文表示，今年在医院治病，参加不了春晚。她表示，“我的新冠病情恢复的慢，还在后遗症反应中。”此前，央视主持人张泽群曾在微博上透露，由于刚刚“阳康”，身体抱恙的李谷一只能缺席兔年春晚。另据文汇报，1983年至今的40年春晚，只有两 ​​​,149.0,0.0,0.008403361344537815,0.03361344537815126,49.666666666666664
Mahd2CnDb,wemedia,risk,【吴尊友：#新冠后遗症可持续数周数月甚至更长时间# 】10月13日，中国疾控中心流行病学首席专家吴尊友表示，新冠后遗症又叫新冠长期症状，新冠后遗症通常发生在感染新冠发病后的3个月内，可以是急性感染康复后出现某些新症状，或者原先急性感染期某些症状持续存在，症状至少持续2个月，可以反复发生， ​​​,148.0,0.0,0.0,0.03125,148.0
Mag7kDt3b,wemedia,risk,【吴尊友：#新冠后遗症可持续数周数月甚至更长时间# 】10月13日，中国疾控中心流行病学首席专家吴尊友表示，新冠后遗症又叫新冠长期症状，新冠后遗症通常发生在感染新冠发病后的3个月内，可以是急性感染康复后出现某些新症状，或者原先急性感染期某些症状持续存在，症状至少持续2个月，可以反复发生， ​​​,148.0,0.0,0.0,0.03125,148.0
L3eIooMi2,wemedia,risk,"【#中国团队新冠后遗症研究#：出院近一年，仍会呼吸急促、抑郁】感染新冠肺炎一年后，新冠患者们怎么样了？武汉协和医院的研究团队给出了最新研究成果。

11月23日，中国《医学前沿》期刊刊登了一篇华中科技大学同济医学院附属协和医院（简称武汉协和医院）团队发表的论文。研究发现，即便是非重症患者 ​​​",148.0,0.006756756756756757,0.0,0.016260162601626018,49.333333333333336
MgYzlvWz5,wemedia,risk,"【美媒：研究显示新冠病毒或改变大脑微循环】据美国《时代》周刊网站11月21日报道，尽管世界正在学习与新冠病毒共处，但科学家仍有许多问题没有解决，并不清楚这种传染病会如何影响我们的身体和大脑——不仅包括在患病期间的影响，还包括长期影响。

有科研团队向北美放射学会年会提交报告称，他们发现 ​​​",147.0,0.0,0.007936507936507936,0.015873015873015872,147.0
KaGCsns3M,wemedia,risk,【#世卫称有望在几个月内控制新冠疫情# #世卫警告新冠肺炎不是流感#】周一，世界卫生组织总干事谭德塞在新闻发布会上再次警告称，一些年轻人对感染新冠病毒不以为然，但事实上有年轻健康的患者死于新冠肺炎。即使是对于康复者而言，新冠病毒也可能造成诸多长期后遗症。但谭德塞仍强调，只要各国保证公 ​​​,146.0,0.0,0.0,0.0,73.0
KaIvpdSPw,mainstream,risk,【#世卫称有望在几个月内控制新冠疫情# #世卫警告新冠肺炎不是流感#】当地时间4月12日，世界卫生组织总干事谭德塞在新闻发布会上再次警告称，一些年轻人对感染新冠病毒不以为然，但事实上有年轻健康的患者死于新冠肺炎。即使是对于康复者而言，新冠病毒也可能造成诸多长期后遗症。但谭德塞仍强调，只要 ​​​,148.0,0.0,0.0,0.015503875968992248,74.0
Lstqb2MkA,wemedia,risk,【#上海新增本土确诊228例无症状1259例##上海新增7例本土死亡#】据@健康上海12320 ：5月10日0—24时，上海新增本土新冠肺炎确诊病例228例和无症状感染者1259例，其中198例确诊病例为既往无症状感染者转归，30例确诊病例和1259例无症状感染者在隔离管控中发现。新增本土死亡7例。平均年龄87.3岁，最小年 ​​​,167.0,0.0,0.0,0.12195121951219512,83.5
Mpjmc3hYB,mainstream,risk,"【#李谷一回应缺席春晚#】
1月21日，李谷一在其个人社交媒体上发文表示，今年在医院治病，参加不了春晚。她表示，“我的新冠病情恢复的慢，还在后遗症反应中。”此前，央视主持人张泽群曾在微博上透露，由于刚刚“阳康”，身体抱恙的李谷一只能缺席兔年春晚。1983年至今的40年春晚，只有两年没听到李谷 ​​​",150.0,0.0,0.008333333333333333,0.03333333333333333,50.0
LaqAVw20R,mainstream,risk,"武桂珍#对话环球人物#【#武桂珍谈奥密克戎应对措施#：#疫苗是应对传染病最有效最廉价的武器#】
世卫组织近日表示，奥密克戎毒株具有显著的传播优势，并正在迅速取代其他毒株。#国外奥密克戎过半有持续症状或后遗症#，不能掉以轻心。
长期来看，新冠病毒不断产生新的变异株，我们需要采取哪些应对措施？ ​​​",149.0,0.006711409395973154,0.008064516129032258,0.0,49.666666666666664
JkgyJhsCg,mainstream,risk,【#疫情下的911幸存者#：面临后遗症与新冠病毒的双重挑战】911事件已过去19周年，它对当时附近的幸存者造成的伤害不仅是精神上的阴影，也留下了身体的后遗症，比如几十种癌症之一。新冠疫情之下，脆弱的身体抵抗病毒的能力更弱，他们的人生如何再次发生巨大的改变？@全球视频大魔王  ​​​,141.0,0.0070921985815602835,0.0,0.025423728813559324,70.5
MiUpIxfi9,wemedia,risk,"【“心理压力远大于病毒伤害”，浙江6名新冠康复者讲述亲历】
连日来，随着全国各地持续推出优化调整疫情防控措施，公众在欣喜曙光之余也不免表露出些许顾虑：奥密克戎变异株致病率到底多高？普通人感染症状如何？应该怎么治疗？康复后有没有后遗症？……

今年早些时候，义乌一些市民不慎“中招”，感 ​​​",146.0,0.0273972602739726,0.0,0.008264462809917356,36.5
N19TE2eMf,mainstream,risk,【#高福表示长新冠是基本事实# ，感染次数越多，后遗症风险越高】据《每日经济新闻》报道，近日，由国家感染性疾病临床医学研究中心、中国人民解放军总医院第五医学中心主办的国家感染性疾病临床医学研究中心2023年学术年会在北京召开。中科院院士高福在发言中表示，长新冠是一个基本事实，不要回避， ​​​,147.0,0.0,0.0,0.008064516129032258,147.0
MosjEqG1q,mainstream,risk,【三大表现！#如何自判睡眠是否出现问题#】#阳康过程中睡眠障碍为主要体现#专家表示，睡眠不好有个标准：当躺在床上关灯后，如果超过30分钟还睡不着的话，或已经具有入睡困难的问题。或者在起夜后30分钟仍无法入睡，或为睡眠维持困难。早醒同样为失眠表现。全球有数据研究显示，在新冠康复过程中，睡眠 ​​​,148.0,0.006756756756756757,0.0,0.016,37.0
MnXROkHav,mainstream,risk,【“阳康”后超25%人群患有睡眠障碍？#睡眠出现问题的三大表现#】#关灯后30分钟内睡不着或有睡眠问题# 专家表示，睡眠不好有个标准：当躺在床上关灯后，如果超过30分钟还睡不着的话，或已经具有入睡困难的问题。或者在起夜后30分钟仍无法入睡，或为睡眠维持困难。早醒同样为失眠表现。全球有数据研究显 ​​​,151.0,0.006622516556291391,0.0,0.03225806451612903,37.75
KFRrgzfH2,mainstream,risk,"【命运弄人！台北男子一家染疫仅他幸免 打AZ疫苗后却猝死】据台媒3日报道，疫情期间，台北市某家庭暴发群聚感染，但父亲因独住安养院幸运未染疫，没想到该男子却在打完AZ疫苗后猝死，令医师感叹“命运弄人”。

据台湾“东森新闻云”报道，台北市立联合医院胸腔科一名医师3日在社交媒体上发文称，台北 ​​​",148.0,0.006756756756756757,0.0,0.016129032258064516,74.0
Lr7m8sWbx,mainstream,risk,"【#上海本土新增“727+6606”#】上海市卫健委5月2日通报：5月1日0—24时，上海市新增新冠肺炎本土确诊病例727例，本土无症状感染者6606例，其中529例确诊病例为既往无症状感染者转归，198例确诊病例和6548例无症状感染者在隔离管控中发现。
5月1日0—24时，新增本土死亡32例。平均年龄84.1岁，最小年龄 ​​​",167.0,0.0,0.0,0.1557377049180328,83.5
MijlRvTG1,mainstream,risk,【感染新冠会怎样？看看新冠康复者的自述，他们经历了这些】近期，随着全国多地优化调整疫情防控政策，公众对奥密克戎变异株的关切再次达到顶点。有人内心焦虑，亦有人已不惧病毒，只是一些问题依然回荡在脑海：奥密克戎变异株致病性到底多高？普通人感染症状多严重？应该如何治疗？康复后会留下后遗症 ​​​,144.0,0.027777777777777776,0.0,0.0,28.8
LuKzFmnfn,mainstream,risk,#疫情阻击动态#【#上海新增本土确诊48例无症状290例#】2022年5月25日0—24时，上海新增本土新冠肺炎确诊病例48例和无症状感染者290例，其中31例确诊病例为既往无症状感染者转归，17例确诊病例和290例无症状感染者在隔离管控中发现。新增本土死亡1例。患者女性，63岁，合并有急性消化道大出血、脑外伤后 ​​​,161.0,0.0,0.0,0.1111111111111111,80.5
LqWWN9I9B,mainstream,risk,#疫情阻击动态#【上海新增788例本土确诊病例和7084例本土无症状感染者】4月30日0—24时，上海新增本土新冠肺炎确诊病例788例和无症状感染者7084例，其中683例确诊病例为既往无症状感染者转归，105例确诊病例和7084例无症状感染者在隔离管控中发现。新增本土死亡38例。平均年龄80.9岁，最小年龄50岁，最 ​​​,164.0,0.0,0.0,0.112,82.0
MmDE3jX1E,wemedia,risk,【#杭州不少人阳后出现妇科问题#】 近期，不少“阳过”的女性，又有了新烦恼：在杭州市第一人民医院妇科，最近因为月经失调、白带异常来看病的患者也不少，很多人都表示，自己在“阳过”后，出现了各种妇科问题，不知道算不算新冠的后遗症。究竟和“阳了”有没有关系？发布了头条文章：《“阳过”后月 ​​​,145.0,0.006896551724137931,0.008695652173913044,0.0,72.5
MiZq3whVD,wemedia,risk,#钟南山回应新冠后遗症#【#阳性第2天身体有多大变化#：一咳嗽整个头皮被拉扯】12月10日，记者贾晶云自我居家隔离的第2天。#新冠患者康复日记# 直播中小贾称，不敢大声咳嗽，一咳嗽就感觉整个头皮被拉直了，“嘣嘣”地拉，比较难受。另外，还会不停地喝水，促进排泄，一天要喝5到6杯近500毫升的水。网友 ​​​,153.0,0.0,0.00819672131147541,0.05737704918032787,51.0
MhAHYaNnW,wemedia,risk,"#大美全南[超话]#【#新华社科普长新冠#】新华社11月25日文章：随着全球新冠病毒感染基数持续扩大，欧美等国越来越多的人受到“长新冠”困扰。“长新冠”让人们意识到，新冠病毒感染不仅仅是急性事件，其后较长时间内的一系列症状无论对于个体健康影响还是公共卫生负担，均不容忽视。

　　如何定义

　 ​​​",151.0,0.0,0.0,0.01680672268907563,75.5
Mm7n1tSyX,mainstream,risk,【奥密克戎七问七答：#元旦聚餐旅行会二次感染吗#？】临近元旦，部分地方新增感染者仍处于快速增长期，#国内是否会产生新的变异株#？很多患者转阴后，仍然存在咳嗽、嗅觉味觉减退等症状，这属于后遗症吗？假期聚餐旅行会二次感染吗？感染新冠会变“白肺“ 吗？我们该如何与新冠长期共存?  ​​​,141.0,0.0425531914893617,0.008695652173913044,0.0,23.5
K2NYGmIUC,mainstream,risk,【中疾控主任：#新冠肺炎可能成为长期流行的传染病#】在最新发布的中疾控周报中，中国疾病预防控制中心主任高福表示，展望未来，2021年依旧有许多不确定因素，其中之一就是新冠肺炎或将成为全球或局部地区长期流行的传染性疾病。此外，新冠肺炎的许多新特征被陆续报出，比如被感染的患者可能将面对长期 ​​​,147.0,0.0,0.0,0.0078125,147.0
MpjrgmWAB,mainstream,risk,"【#李谷一回应缺席春晚#】1月21日，李谷一在其个人社交媒体上发文表示，今年在医院治病，参加不了春晚。她表示，“我的新冠病情恢复的慢，还在后遗症反应中。”

此前，央视主持人张泽群曾在微博上透露，由于刚刚“阳康”，身体抱恙的李谷一只能缺席兔年春晚。

另据文汇报，1983年至今的40年春晚，只 ​​​",151.0,0.0,0.008547008547008548,0.03418803418803419,50.333333333333336
MmsZKryjD,mainstream,risk,【#感染新冠后为什么会脱发#？】#专家说感染新冠后脱发比较普遍# 近日，有网友表示在感染新冠后出现了脱发的现象。新冠感染后为什么会出现脱发？脱发是新冠感染的后遗症吗？多长时间可以恢复？清华大学附属北京清华长庚医院皮肤科副主任医师段晓涵表示：感染新冠之后出现脱发的情况，是比较普遍的。感 ​​​,146.0,0.0273972602739726,0.0,0.0,24.333333333333332
Lq7bE9o3A,wemedia,risk,【日本：近1成新冠患者出院一年后仍有后遗症】日本厚生劳动省研究班23日在京都市举行的日本呼吸器官学会公布调查结果称，感染新冠病毒住院的患者中有约10%在出院一年后仍可能留有后遗症。报道称，掌握情况的693人中，出院一年后仍到医疗机构就诊、确认到或为后遗症的症状的人占9.8%。从主要症状来看， ​​​,150.0,0.0,0.0,0.03875968992248062,75.0
LjHdBuMLK,wemedia,risk,【#牛津大学研究发现新冠病毒或加速大脑萎缩#】据外媒报道，英国牛津大学发表在《自然》杂志上的一项研究表明，#新冠病毒可能导致大脑萎缩#。一些新冠患者会出现包括注意力、专注力、信息处理速度下降和记忆力受损等情况。研究人员表示，这些影响是否可以部分逆转，或者是否会长期存在，还需进一步调查 ​​​,146.0,0.0,0.0,0.0,73.0
Mm5d6cBZp,mainstream,risk,【奥密克戎七问七答：#元旦聚餐旅行会二次感染吗#？】临近元旦，部分地方新增感染者仍处于快速增长期，#国内是否会产生新的变异株#？很多患者转阴后，仍然存在咳嗽、嗅觉味觉减退等症状，这属于后遗症吗？假期聚餐旅行会二次感染吗？感染新冠会变“白肺“ 吗？我们该如何与新冠长期共存?  ​​​,141.0,0.0425531914893617,0.008695652173913044,0.0,23.5
Kt7EU0qT1,mainstream,risk,【#日本女子新冠康复后无法正常生活#】日本疫情仍在蔓延，东京涩谷一家医院的新冠后遗症门诊患者也越来越多。一名40多岁的女性4月感染新冠肺炎，目前已康复，但现在还是无法正常生活，连朋友都不敢见。另一位大学生患者表示，康复后身体一直感觉很疲惫，心理压力很大。#日媒称轻症患者易受后遗症困扰#  ​​​,148.0,0.0,0.0,0.015748031496062992,49.333333333333336
IuWYegock,mainstream,risk,"【#云南首例新冠肺炎死亡病例#：72岁男性，患糖尿病等疾病】记者19日从云南省卫生健康委了解到，当日0时至12时，该省出现首例新冠肺炎死亡病例。死亡患者为72岁男性，云南玉溪人。
1月31日，该名患者因发热伴畏寒、咳嗽，至玉溪市人民医院发热门诊就诊后隔离观察，2月1日病毒核酸检测阳性，以“新型冠 ​​​",152.0,0.0,0.0,0.072,76.0
MkAHg91OX,mainstream,risk,"【 #新冠发病1年后有人仍感肌无力心悸# 】  #阳康后再次感染新毒株的几率有多高# 《柳叶刀》发表了一项中国研究者完成的关于出院新冠幸存者随访研究显示，绝大多数新冠肺炎出院患者发病1年后仍至少存在疲劳与肌肉无力、睡眠障碍、脱发、嗅觉失灵、心悸、关节疼痛等异常症状中的一项。 

迄今，各种证据 ​​​",151.0,0.0,0.0,0.016260162601626018,151.0
Lr93fkkmx,mainstream,risk,【#上海新增本土死亡32例平均年龄84.1岁#】记者从5月2日举行的上海市新冠肺炎疫情防控新闻发布会上获悉，5月1日，上海新增本土死亡病例32例，平均年龄84.1岁。32位患者合并有严重的多脏器疾病及肿瘤，包括冠心病、心功能不全、急性冠脉综合征、重度高血压、脑梗死及后遗症、阿尔兹海默症、糖尿病、慢性 ​​​,154.0,0.0,0.0,0.07086614173228346,154.0
MmrRuyoUC,mainstream,risk,【#感染新冠后为什么会脱发#？】#专家说感染新冠后脱发比较普遍# 近日，有网友表示在感染新冠后出现了脱发的现象。新冠感染后为什么会出现脱发？脱发是新冠感染的后遗症吗？多长时间可以恢复？清华大学附属北京清华长庚医院皮肤科副主任医师段晓涵表示：感染新冠之后出现脱发的情况，是比较普遍的。感 ​​​,146.0,0.0273972602739726,0.0,0.0,24.333333333333332
Lst0hlw6X,mainstream,risk,【上海新增228例本土确诊和1259例本土无症状】据上海市卫健委：5月10日0—24时，上海新增本土新冠肺炎确诊病例228例和无症状感染者1259例，其中198例确诊病例为既往无症状感染者转归，30例确诊病例和1259例无症状感染者在隔离管控中发现。新增本土死亡7例。平均年龄87.3岁，最小年龄75岁，最大年龄98岁 ​​​,163.0,0.0,0.0,0.11904761904761904,81.5
LquA2AtEf,mainstream,risk,【上海新增1292例本土确诊病例和9330例本土无症状感染者】4月27日0—24时，上海新增本土新冠肺炎确诊病例1292例（含既往无症状感染者转为确诊病例858例）和无症状感染者9330例，432例确诊病例和9140例无症状感染者在隔离管控中发现，其余在相关风险人群排查中发现。新增本土死亡47例。平均年龄84.7岁， ​​​,163.0,0.0,0.0,0.10483870967741936,81.5
Lq2sdzEot,mainstream,risk,【上海新增2472例本土确诊病例和16983例本土无症状感染者】4月24日0—24时，上海新增本土新冠肺炎确诊病例2472例和无症状感染者16983例，其中846例确诊病例为此前无症状感染者转归，1557例确诊病例和16835例无症状感染者在隔离管控中发现，其余在相关风险人群排查中发现。新增本土死亡病例51例。平均年 ​​​,163.0,0.0,0.0,0.0967741935483871,81.5
K2Ov0DJAl,mainstream,risk,【中疾控主任：#新冠肺炎可能成为长期流行的传染病#】在最新发布的中疾控周报中，中国疾病预防控制中心主任高福表示，展望未来，2021年依旧有许多不确定因素，其中之一就是新冠肺炎或将成为全球或局部地区长期流行的传染性疾病。此外，新冠肺炎的许多新特征被陆续报出，比如被感染的患者可能将面对长期 ​​​,147.0,0.0,0.0,0.0078125,147.0
J6fVxb51F,mainstream,risk,【周知！#湖北新冠治愈者康复费用无需个人承担#】呼吸与危重症专家童朝晖：部分新冠肺炎重症和危重症患者，出院后留下一些后遗症，需要继续康复。但不少需要康复的患者，因担心费用问题，没有及时到医院进行康复治疗。现在我们联络组明晰了，湖北患者的康复费用不需要自己承担。（央视新闻）  ​​​,141.0,0.0070921985815602835,0.016666666666666666,0.0,35.25
KaGwPaz6G,mainstream,risk,【#世卫称有望在几个月内控制新冠疫情# #世卫警告新冠肺炎不是流感#】周一，世界卫生组织总干事谭德塞在新闻发布会上再次警告称，一些年轻人对感染新冠病毒不以为然，但事实上有年轻健康的患者死于新冠肺炎。即使是对于康复者而言，新冠病毒也可能造成诸多长期后遗症。但谭德塞仍强调，只要各国保证公 ​​​,146.0,0.0,0.0,0.0,73.0
K2Oqom9mu,mainstream,risk,【中疾控主任：#新冠肺炎可能成为长期流行的传染病#】在最新发布的中疾控周报中，中国疾病预防控制中心主任高福表示，展望未来，2021年依旧有许多不确定因素，其中之一就是新冠肺炎或将成为全球或局部地区长期流行的传染性疾病。此外，新冠肺炎的许多新特征被陆续报出，比如被感染的患者可能将面对长期 ​​​,147.0,0.0,0.0,0.0078125,147.0
Lpb79gW9Y,wemedia,risk,"【#上海目前重型患者21例#】#关注新冠肺炎# 今天（19日）举行的上海市疫情防控新闻发布会消息，截至4月18日24时，在定点医疗机构接受治疗的重型患者有21例。

4月18日新增死亡病例7例，年龄从60岁到101岁，合并冠心病、糖尿病、高血压、脑梗后遗症、脑出血等严重的基础疾病，均未接种新冠病毒疫苗，上 ​​​",157.0,0.0,0.0,0.09016393442622951,157.0
Ml6kfycCu,mainstream,risk,【#转阴后为什么会味觉嗅觉减退#】近期多位网友反映，感染康复后出现味觉、嗅觉减退的症状。国外研究表明，嗅觉丧失很可能是身体的免疫系统对新冠病毒感染作出的反应。医生表示，这并非是新冠后遗症，只能说是感染的症状之一，大多数#感染后味觉减退1个月内可恢复#，如果味觉嗅觉减退的情况超过一个月 ​​​,146.0,0.0,0.0,0.007874015748031496,73.0
LsLROpM7X,mainstream,risk,【上海新增227例本土确诊病例和1869例本土无症状感染者】5月12日0—24时，上海新增本土新冠肺炎确诊病例227例和无症状感染者1869例，其中167例确诊病例为既往无症状感染者转归，60例确诊病例和1865例无症状感染者在隔离管控中发现。新增本土死亡病例2例，系两例年龄分别为88岁、89岁的老年患者，合并有 ​​​,161.0,0.0,0.0,0.11023622047244094,161.0
Lst49zwdv,mainstream,risk,【上海新增228例本土确诊和1259例本土无症状】据上海市卫健委：5月10日0—24时，上海新增本土新冠肺炎确诊病例228例和无症状感染者1259例，其中198例确诊病例为既往无症状感染者转归，30例确诊病例和1259例无症状感染者在隔离管控中发现。新增本土死亡7例。平均年龄87.3岁，最小年龄75岁，最大年龄98岁 ​​​,163.0,0.0,0.0,0.11904761904761904,81.5
LpJkCqk96,mainstream,risk,【上海新增2736例本土确诊和20634例本土无症状】4月22日0—24时，上海新增本土新冠肺炎确诊病例2736例和无症状感染者20634例，其中1120例确诊病例为此前无症状感染者转归，1542例确诊病例和20490例无症状感染者在隔离管控中发现，其余在相关风险人群排查中发现。#上海22日新增本土死亡12例#。平均年龄8 ​​​,166.0,0.0,0.0,0.11382113821138211,83.0
KaGycw1tE,wemedia,risk,【#世卫称有望在几个月内控制新冠疫情# 】周一，世界卫生组织总干事谭德塞在新闻发布会上再次警告称，一些年轻人对感染新冠病毒不以为然，但事实上有年轻健康的患者死于新冠肺炎。即使是对于康复者而言，新冠病毒也可能造成诸多长期后遗症。但谭德塞仍强调，只要各国保证公平疫苗接种，全面做好公共卫 ​​​,145.0,0.0,0.0,0.0,72.5
LuKATyiop,mainstream,risk,【上海新增本土确诊病例48例、无症状感染者290例】2022年5月25日0—24时，上海新增本土新冠肺炎确诊病例48例和无症状感染者290例，其中31例确诊病例为既往无症状感染者转归，17例确诊病例和290例无症状感染者在隔离管控中发现。新增本土死亡1例。患者女性，63岁，合并有急性消化道大出血、脑外伤后遗症 ​​​,159.0,0.0,0.0,0.11023622047244094,79.5
Mpkgz3FLH,mainstream,risk,【#李谷一回应缺席春晚# 】#网络中国节·春节# 1月21日，李谷一在个人社交媒体上发文称，今年在医院治病，参加不了春晚。她表示，“我的新冠病情恢复的慢，还在后遗症反应中。” 1983年至今的40年春晚，只有两年没听到李谷一唱《难忘今宵》。一次是1983年，彼时，这首歌尚未诞生；另一次是2012年，《难 ​​​,156.0,0.0,0.008849557522123894,0.05309734513274336,39.0
Mms7TDn0G,mainstream,risk,【#感染新冠后为什么会脱发#？】#专家说感染新冠后脱发比较普遍# 近日，有网友表示在感染新冠后出现了脱发的现象。新冠感染后为什么会出现脱发？脱发是新冠感染的后遗症吗？多长时间可以恢复？清华大学附属北京清华长庚医院皮肤科副主任医师段晓涵表示：感染新冠之后出现脱发的情况，是比较普遍的。感 ​​​,146.0,0.0273972602739726,0.0,0.0,24.333333333333332
MoqUN9z5Q,mainstream,risk,【三大表现！#如何自判睡眠是否出现问题#】#阳康过程中睡眠障碍为主要体现#专家表示，睡眠不好有个标准：当躺在床上关灯后，如果超过30分钟还睡不着的话，或已经具有入睡困难的问题。或者在起夜后30分钟仍无法入睡，或为睡眠维持困难。早醒同样为失眠表现。全球有数据研究显示，在新冠康复过程中，睡眠 ​​​,148.0,0.006756756756756757,0.0,0.016,37.0
MnW7QdUGR,mainstream,risk,【“阳康”后超25%人群患有睡眠障碍？#睡眠出现问题的三大表现#】#关灯后30分钟内睡不着或有睡眠问题# 专家表示，睡眠不好有个标准：当躺在床上关灯后，如果超过30分钟还睡不着的话，或已经具有入睡困难的问题。或者在起夜后30分钟仍无法入睡，或为睡眠维持困难。早醒同样为失眠表现。全球有数据研究显 ​​​,151.0,0.006622516556291391,0.0,0.03225806451612903,37.75
Mm6Ygsk9j,mainstream,risk,#陪你慢慢变好# 【奥密克戎七问七答：#元旦聚餐旅行会二次感染吗#？】临近元旦，部分地方新增感染者仍处于快速增长期，国内是否会产生新的变异株？很多患者转阴后，仍然存在咳嗽、嗅觉味觉减退等症状，这属于后遗症吗？假期聚餐旅行会二次感染吗？感染新冠会变“白肺“ 吗？我们该如何与新冠长期共存?  ​​​,148.0,0.04054054054054054,0.008264462809917356,0.0,24.666666666666668
Lqv4pu9H6,mainstream,risk,【上海新增1292例本土确诊病例和9330例本土无症状感染者】4月27日0—24时，上海新增本土新冠肺炎确诊病例1292例（含既往无症状感染者转为确诊病例858例）和无症状感染者9330例，432例确诊病例和9140例无症状感染者在隔离管控中发现，其余在相关风险人群排查中发现。新增本土死亡47例。平均年龄84.7岁， ​​​,163.0,0.0,0.0,0.10483870967741936,81.5
Lq2Al9amf,mainstream,risk,【上海新增2472例本土确诊病例和16983例本土无症状感染者】4月24日0—24时，上海新增本土新冠肺炎确诊病例2472例和无症状感染者16983例，其中846例确诊病例为此前无症状感染者转归，1557例确诊病例和16835例无症状感染者在隔离管控中发现，其余在相关风险人群排查中发现。新增本土死亡病例51例。平均年 ​​​,163.0,0.0,0.0,0.0967741935483871,81.5
Mn3zq81iB,mainstream,risk,"#感染新冠后该怎么办# 【疫线科普丨感染新冠后有啥后遗症？嗅觉味觉丧失，易疲劳，咋办？】新冠的康复是一个连续过程。近日，大象新闻接到很多“阳康”热线，问题集中在味觉嗅觉丧失，上班明显疲惫，啥时候恢复运动？会不会有新冠后遗症等热点问题。

大象新闻记者采访河南省内权威专家，并根据《北京 ​​​",146.0,0.02054794520547945,0.0,0.0,29.2
K1Rnw7QtK,mainstream,risk,【#后疫情时代纪录片康复者# 丨51岁新冠康复者雪山归来，人生没有过不去的坎儿】新冠笼罩的2020已经过去，新冠康复者，他们曾处在这场风暴的中心，与死神面对面地交手，如今他们怎么样了？新冠肺炎后遗症到底有多严重？这是大家心中共同的疑惑，特别是对于新冠康复者来说……#新冠康复者登上哈巴雪山#  ​​​,150.0,0.013333333333333334,0.0,0.016129032258064516,75.0
K1I8AFGyw,mainstream,risk,【#后疫情时代纪录片康复者#  | 戴着面具生活的日子，终于过去了】前两天，我在网上看到一个问题：“那些新冠康复者后来都怎么样了？”有网友留言，新冠治愈者大多都有后遗症，尤其是重症患者，长期饱受各种隐性疾病的折磨，苦不堪言。也有人说，“我总觉得自己犯了罪。” 还有一个留言，让我的心隐隐 ​​​,147.0,0.006802721088435374,0.03389830508474576,0.0,49.0
M0qNds8k1,mainstream,risk,【#拜登发言时咳嗽不止# #白宫承认拜登出现新冠后遗症# 】7月21日，拜登首次感染新冠。7月27日，拜登新冠检测转阴，结束隔离。30日，拜登新冠病毒检测再次呈阳性。8月7日，拜登新冠检测结果为阴性，重返公共事务工作。周二，刚从新冠隔离区出来的美国总统拜登在白宫发表演讲期间反复咳嗽，并在与参议院 ​​​,152.0,0.0,0.0,0.056,38.0
Lq5KNEVcw,mainstream,risk,【#日本近1成新冠患者出院1年后仍有后遗症#】据看看新闻KNEWS，日本厚生劳动省研究班23日在京都市举行的日本呼吸器官学会公布调查结果称，感染新冠病毒住院的患者中有约10%在出院一年后仍可能留有后遗症。报道称，掌握情况的693人中，出院一年后仍到医疗机构就诊、确认到或为后遗症的症状的人占9.8%。 ​​​,154.0,0.0,0.0,0.046875,77.0
K2Pfkek08,mainstream,risk,【中疾控主任：#新冠肺炎可能成为长期流行的传染病#】在最新发布的中疾控周报中，中国疾病预防控制中心主任高福表示，展望未来，2021年依旧有许多不确定因素，其中之一就是新冠肺炎或将成为全球或局部地区长期流行的传染性疾病。此外，新冠肺炎的许多新特征被陆续报出，比如被感染的患者可能将面对长期 ​​​,147.0,0.0,0.0,0.0078125,147.0
MpiStAaBH,mainstream,risk,"【#李谷一回应缺席春晚#】1月21日，李谷一在其个人社交媒体上发文表示，今年在医院治病，参加不了春晚。她表示，“我的新冠病情恢复的慢，还在后遗症反应中。”

春晚40年，缔造无数经典回忆和深入骨髓的名场面。登台次数最多的冯巩，一句“我想死你们啦”承载了无数人的青春记忆。《难忘今宵》是每年 ​​​",148.0,0.0,0.01680672268907563,0.025210084033613446,37.0
Mms0VCO0W,mainstream,risk,"【#感染新冠后为什么会脱发#】近日，有网友表示在感染新冠后出现了脱发的现象。新冠感染后为什么会出现脱发？脱发是新冠感染的后遗症吗？
清华大学附属北京清华长庚医院皮肤科副主任医师 段晓涵表示，感染新冠之后出现脱发的一个情况，还是比较普遍的。感染新冠之后，第一个是病毒它有可能会引起毛囊周 ​​​",146.0,0.0136986301369863,0.0,0.0,36.5
MaeGelJnr,mainstream,risk,#新冠后遗症可持续数周数月甚至更长时间#【吴尊友：#新冠后遗症覆盖范围广# 症状可持续数周、数月甚至更长时间】10月13日，在国务院联防联控机制新闻发布会上，中国疾控中心流行病学首席专家吴尊友表示，新冠后遗症又叫新冠长期症状，世界卫生组织在2021年10月份给出的临床定义，新冠后遗症通常发生在 ​​​,151.0,0.0,0.0,0.031496062992125984,151.0
LC8lIlpOx,mainstream,risk,"#严禁在就业上歧视新冠康复者#【消除新冠歧视刻不容缓】一些新冠痊愈后的人，正在遭受另一种“后遗症”。
几天前，有人遭受就业歧视、被迫露宿上海街头引发关注。露宿街头并非孤例，网传躲在虹桥卫生间的阿芬，同样因为“阳过”找工作屡屡碰壁，被迫寄居火车站，后来在多方帮助下才顺利找到工作。
更让 ​​​",146.0,0.0,0.0,0.0,48.666666666666664
LBZLTks5h,mainstream,risk,"#西街夜读# 【消除新冠歧视刻不容缓】一些新冠痊愈后的人，正在遭受另一种“后遗症”。
几天前，有人遭受就业歧视、被迫露宿上海街头引发关注。露宿街头并非孤例，网传躲在虹桥卫生间的阿芬，同样因为“阳过”找工作屡屡碰壁，被迫寄居火车站，后来在多方帮助下才顺利找到工作。
更让人忧心的是，在有 ​​​",146.0,0.0,0.0,0.0,48.666666666666664
Lzw6wroVX,mainstream,risk,"#感染新冠更易患神经退行性疾病#【研究：#新冠阳性者患神经退行性疾病风险较高#】丹麦研究人员24日在欧洲神经病学学会第八届会议上发布研究成果，显示感染新冠病毒的人后续患神经退行性疾病的风险更高。
　　神经退行性疾病由神经元和（或）其髓鞘的丧失所致，会随时间推移恶化，出现功能障碍，包括脑 ​​​",147.0,0.0,0.0,0.008,147.0
LvwDm3OsT,mainstream,risk,#网红博主自曝因得过新冠失业#【博主自曝因曾感染新冠被解雇，别让歧视也成了后遗症！】“我从来没有想过会因为新冠，失去我的第一份工作。”5月29日，有博主在社交媒体上讲述了自己被迫离职的经历。据悉，该博主曾在乌克兰留学期间感染新冠病毒，痊愈后回国在某机构担任俄语老师。近日，因机构得知博 ​​​,146.0,0.00684931506849315,0.024,0.016,36.5
Lvs3wjGNC,mainstream,risk,"#西街夜读#【别让歧视也成了新冠后遗症】 
 
“我从来没有想过会因为新冠，失去我的第一份工作。”5月29日，有博主在社交媒体上讲述了自己被迫离职的经历。
 
据悉，该博主曾在乌克兰留学期间感染新冠病毒，痊愈后回国在某机构担任俄语老师。近日，因机构得知博主曾感染过新冠病毒，于是以此为由要求该 ​​​",150.0,0.0,0.024390243902439025,0.016260162601626018,50.0
LurEcsYGW,mainstream,risk,【#上海新增本土确诊58例无症状422例# 】5月23日0—24时，上海新增本土新冠肺炎确诊病例58例和无症状感染者422例，其中39例确诊病例为既往无症状感染者转归，19例确诊病例和422例无症状感染者在隔离管控中发现。新增本土死亡1例，患者女性，85岁，合并有高血压3级（极高危）、脑梗死后遗症、阿尔茨海默 ​​​,159.0,0.0,0.0,0.112,159.0
Lq3h4hBXK,mainstream,risk,【上海：重型患者196例，危重型患者23例，#上海新增本土死亡病例51例#】25日举行的上海市疫情防控新闻发布会上获悉，截至4月24日24时，在定点医疗机构接受治疗的重型患者196例、危重型患者23例。4月24日，新增本土死亡病例51例。平均年龄84.2岁，80岁以上高龄老人共37位，最大年龄100岁。51位患者基础 ​​​,163.0,0.0,0.0,0.13709677419354838,54.333333333333336
LmIbK6oF4,mainstream,risk,【#在密接隔离点如何避免交叉感染# ？通常要隔离多久？来看专家解读】#邻居是阳性我该怎么办# ？我是密接，通常要隔离多久？在密接隔离点，如何避免交叉感染？我怎么知道，是否已经得了新冠？我在公司上班，如何预防新冠？奥密克戎有200种后遗症？会致死？奥密克戎，用什么药物治疗？我确诊新冠了，要 ​​​,148.0,0.06756756756756757,0.0423728813559322,0.00847457627118644,14.8
K2OPM5hW2,mainstream,risk,【中疾控主任：#新冠肺炎可能成为长期流行的传染病#】在最新发布的中疾控周报中，中国疾病预防控制中心主任高福表示，展望未来，2021年依旧有许多不确定因素，其中之一就是新冠肺炎或将成为全球或局部地区长期流行的传染性疾病。此外，新冠肺炎的许多新特征被陆续报出，比如被感染的患者可能将面对长期 ​​​,147.0,0.0,0.0,0.0078125,147.0
MnyuugWUL,mainstream,risk,#医院新冠康复门诊已接诊近300人#【走访广州新冠康复门诊，有医院已接诊近300位阳康患者】近日，广州有多家医院开设“新冠康复门诊”，帮助阳康患者治疗各种新冠“后遗症”。1月9日，南都、N视频记者走访广州医科大学附属中医医院新冠感染康复调理门诊，现场不少阳康患者在进行诊疗。有阳康患者存在耳 ​​​,149.0,0.0,0.0,0.032,74.5
LuiwsD6h8,mainstream,risk,【#最早一批新冠患者健康状况#如何？有啥后遗症？】新冠肺炎疫情爆发至今已经2年半时间过去。最早得病的一批患者，他们的健康状况如何？是否受到新冠肺炎后遗症的影响？近期，《柳叶刀·呼吸医学》杂志发表了一项中国研究者的队列研究，关注了曾因新冠住院的患者在康复2年后的健康情况。研究者认为，虽 ​​​,146.0,0.0273972602739726,0.0,0.016,24.333333333333332
L9lzwbt6L,mainstream,risk,#男子新冠痊愈后感染奥密克戎致嗅觉失灵#【在南非感染奥密克戎的中国男子核酸转阴：有后遗症，嗅觉失灵】去年12月初，南都曾报道从江苏南通外派到南非工作大半年的小郝，在感染新冠康复半年后，再次“中招”奥密克戎的经历。1月4日，南都记者再次联系小郝了解到，他的核酸检测结果已转为阴性，但留下的 ​​​,147.0,0.0,0.0,0.023622047244094488,147.0
JaYcDdOvz,mainstream,risk,【#新冠肺炎会让人丢失嗅觉味觉#吗？】味觉和嗅觉改变是一种新冠后遗症吗？事实上，就算你没有出现发热、干咳等新冠肺炎典型症状，然后突然发现自己在闻东西或者进食时嗅觉能力下降、甚至失去了嗅觉，那可就要小心了。你最好立即自我隔离，并应该检测是否已经感染新冠病毒。专家的建议是，大部分的嗅觉 ​​​,145.0,0.013793103448275862,0.015873015873015872,0.0,36.25
MpjBGCp7K,mainstream,risk,"【#李谷一回应缺席春晚#】1月21日，李谷一在其个人社交媒体上发文表示，今年在医院治病，参加不了春晚。她表示，“我的新冠病情恢复的慢，还在后遗症反应中。”

此前，央视主持人张泽群曾在微博上透露，由于刚刚“阳康”，身体抱恙的李谷一只能缺席兔年春晚。

另据文汇报，1983年至今的40年春晚，只 ​​​",151.0,0.0,0.008547008547008548,0.03418803418803419,50.333333333333336
L35OyAlGs,mainstream,risk,【#新冠治愈者可能出现呼吸困难等后遗症#，可能导致心理问题】11月23日，中国《医学前沿》期刊刊登了一篇武汉协和医院团队发表的论文，称即便是非重症患者，在确诊新冠近1年后，依旧存在多系统问题，如睡眠困难、呼吸急促、乏力和关节疼痛等身体症，是最常见的后遗症。另外，出院患者的心理问题也不容 ​​​,147.0,0.0,0.0,0.024193548387096774,147.0
MmrlZF24v,mainstream,risk,【#感染新冠后为什么会脱发#？】#专家说感染新冠后脱发比较普遍# 近日，有网友表示在感染新冠后出现了脱发的现象。新冠感染后为什么会出现脱发？脱发是新冠感染的后遗症吗？多长时间可以恢复？清华大学附属北京清华长庚医院皮肤科副主任医师段晓涵表示：感染新冠之后出现脱发的情况，是比较普遍的。感 ​​​,146.0,0.0273972602739726,0.0,0.0,24.333333333333332
J6fT22Luj,mainstream,risk,【周知！#湖北新冠治愈者康复费用无需个人承担#】呼吸与危重症专家童朝晖：部分新冠肺炎重症和危重症患者，出院后留下一些后遗症，需要继续康复。但不少需要康复的患者，因担心费用问题，没有及时到医院进行康复治疗。现在我们联络组明晰了，湖北患者的康复费用不需要自己承担。（央视新闻）  ​​​,141.0,0.0070921985815602835,0.016666666666666666,0.0,35.25
IArK40TnV,mainstream,risk,【不寂寞·爱相守|病愈之后，每天暴走两万步！过度焦虑如何化解？】 心理医生发现，一位老年新冠肺炎康复患者在康复隔离期间出现胃肠道反应，老人担心这是新冠肺炎的后遗症，十分焦虑。于是，每天在隔离点的房间内暴走两万步，想通过锻炼提高免疫力。结果，过量运动和失眠让他的身体状况越来越差。病已 ​​​,145.0,0.013793103448275862,0.0,0.0,29.0
M9Pzvx8qQ,mainstream,risk,【美欧与新冠疫情“共存”的最新代价】美国彭博社报道，在美国，“与新冠共存”的代价比公共卫生专家预测的高得多。今年迄今，美国已有超过22.6万人因感染新冠死亡，长期新冠后遗症已经成了与新冠疫情本身“平行”的疫情，成百万上千万人患长期新冠症状，如果不研发出更好的疫苗和治疗方式，这一数字还 ​​​,146.0,0.0,0.0,0.008064516129032258,146.0
JtBwU4mnX,mainstream,risk,【日本最新调查：新冠治愈者出现脱发、健忘等后遗症】据日本时事通信社报道，日本和歌山县公布了一项关于新冠肺炎治愈患者后遗症的调查结果。结果显示，该县内因感染新冠肺炎入院治疗的治愈患者中，有约半数人出现疑似后遗症的症状。除了嗅觉、味觉障碍、倦怠感等患者常见的症状外，还出现了脱发、记忆 ​​​,144.0,0.0,0.0,0.0,72.0
MpiG00wyN,mainstream,risk,"#李谷一回应缺席2023兔年春晚# 1月21日，李谷一在其个人社交媒体上发文表示，今年在医院治病，参加不了春晚。她表示，“我的新冠病情恢复的慢，还在后遗症反应中。”

此前，央视主持人张泽群曾在微博上透露，由于刚刚“阳康”，身体抱恙的李谷一只能缺席兔年春晚。另据文汇报，1983年至今的40年春晚， ​​​",153.0,0.0,0.008403361344537815,0.04201680672268908,51.0
LuKw9xq0H,mainstream,risk,【上海新增本土确诊病例48例、无症状感染者290例】2022年5月25日0—24时，上海新增本土新冠肺炎确诊病例48例和无症状感染者290例，其中31例确诊病例为既往无症状感染者转归，17例确诊病例和290例无症状感染者在隔离管控中发现。新增本土死亡1例。患者女性，63岁，合并有急性消化道大出血、脑外伤后遗症 ​​​,159.0,0.0,0.0,0.11023622047244094,79.5
Lst55cXcj,mainstream,risk,【上海新增228例本土确诊和1259例本土无症状】据上海市卫健委：5月10日0—24时，上海新增本土新冠肺炎确诊病例228例和无症状感染者1259例，其中198例确诊病例为既往无症状感染者转归，30例确诊病例和1259例无症状感染者在隔离管控中发现。新增本土死亡7例。平均年龄87.3岁，最小年龄75岁，最大年龄98岁 ​​​,163.0,0.0,0.0,0.11904761904761904,81.5
LpJAIgLHL,mainstream,risk,【上海新增2736例本土确诊和20634例本土无症状】4月22日0—24时，上海新增本土新冠肺炎确诊病例2736例和无症状感染者20634例，其中1120例确诊病例为此前无症状感染者转归，1542例确诊病例和20490例无症状感染者在隔离管控中发现，其余在相关风险人群排查中发现。新增本土死亡12例。平均年龄88.2岁，最 ​​​,165.0,0.0,0.0,0.10655737704918032,82.5
JquosuBsB,mainstream,risk,【最新研究：感染#新冠痊愈后可能会脱发#】据日本放送协会(NHK)23日报道，近日，日本国立国际医疗研究中心对新冠治愈患者的后遗症情况进行了跟踪调查。此次调查对象共63人，平均年龄48.1岁。结果显示，部分治愈患者出现气喘和长时间嗅觉失灵等后遗症。而在针对其中58人的追加调查中，发现有14人(男性9 ​​​,154.0,0.0,0.0,0.047619047619047616,51.333333333333336
LtU94xQrF,wemedia,risk,【#1192位新冠康复者后遗症调查公布#】5月12日，《柳叶刀·呼吸病学》刊登我国一项新研究，总结了1192名康复者2年来的健康状况。在这项全球新冠最长随访中，55%康复者表示至今仍存在后遗症，包括肺功能下降、睡眠困难、心悸、疼痛、肌无力、焦虑等。#新冠病毒会对人体造成哪些长期影响#？该如何应对后遗 ​​​,154.0,0.006493506493506494,0.008333333333333333,0.05,51.333333333333336
LoZe5Fwkh,mainstream,risk,【上海4月17日新增死亡病例3例，均为高龄且未接种新冠疫苗】4月18日上海市疫情防控新闻发布会上，市卫生健康委一级巡视员吴乾渝通报，4月17日，新增死亡病例3例，均为高龄，同时合并急性冠脉综合征、糖尿病、高血压、脑梗后遗症等严重的基础疾病，均未接种新冠肺炎病毒疫苗。入院后病情加重，抢救无效 ​​​,149.0,0.0,0.0,0.0625,149.0
MmtsW2eHM,mainstream,risk,【#感染新冠后为什么会脱发#？】#专家说感染新冠后脱发比较普遍# 近日，有网友表示在感染新冠后出现了脱发的现象。新冠感染后为什么会出现脱发？脱发是新冠感染的后遗症吗？多长时间可以恢复？清华大学附属北京清华长庚医院皮肤科副主任医师段晓涵表示：感染新冠之后出现脱发的情况，是比较普遍的。感 ​​​,146.0,0.0273972602739726,0.0,0.0,24.333333333333332
LpqVi2cKq,mainstream,risk,"#健康知识科普# 【防疫小常识：新冠疫苗最全“接种禁忌”来了！附“老年人接种新冠疫苗倡议书”】

从我国广东、江苏散发疫情的疫情来看，未接种新冠疫苗的老年人出现重症风险明显高于已接种的老年人，出现重症的感染者中90%以上是没有接种新冠疫苗的。

不少老人或其家属对老人接种新冠疫苗还是有顾虑 ​​​",149.0,0.006711409395973154,0.008064516129032258,0.008064516129032258,74.5
Kt7F2hQyO,mainstream,risk,【#日本女子新冠康复后无法正常生活#】日本疫情仍在蔓延，东京涩谷一家医院的新冠后遗症门诊患者也越来越多。一名40多岁的女性4月感染新冠肺炎，目前已康复，但现在还是无法正常生活，连朋友都不敢见。另一位大学生患者表示，康复后身体一直感觉很疲惫，心理压力很大。#日媒称轻症患者易受后遗症困扰#  ​​​,148.0,0.0,0.0,0.015748031496062992,49.333333333333336
Lquy2gVEs,wemedia,risk,【上海新增1292例本土确诊病例和9330例本土无症状感染者】#上海27日新增本土死亡病例47例# 4月27日0—24时，上海新增本土新冠肺炎确诊病例1292例（含既往无症状感染者转为确诊病例858例）和无症状感染者9330例，432例确诊病例和9140例无症状感染者在隔离管控中发现，其余在相关风险人群排查中发现。新 ​​​,163.0,0.0,0.0,0.10483870967741936,163.0
Lq35KpuDk,wemedia,risk,"【上海新增本土死亡51例，最大年龄100岁】#上海新增2472例本土确诊16983例本土无症状#  #上海24日新增本土死亡51例# 
2022年4月24日0—24时，上海新增本土新冠肺炎确诊病例2472例和无症状感染者16983例，其中846例确诊病例为此前无症状感染者转归，1557例确诊病例和16835例无症状感染者在隔离管控中发 ​​​",172.0,0.0,0.0,0.13333333333333333,172.0
LpTqd4JCp,wemedia,risk,【刚刚通报！上海新增死亡39例，最大年龄98岁】#上海23日新增本土死亡39例# 上海市卫健委今早(24日)通报：2022年4月23日0—24时，新增本土新冠肺炎确诊病例1401例和无症状感染者19657例，其中541例确诊病例为此前无症状感染者转归，816例确诊病例和19421例无症状感染者在隔离管控中发现，其余在相关风 ​​​,166.0,0.006024096385542169,0.0,0.12295081967213115,166.0
LlW49k5I7,mainstream,risk,【#新冠病毒或会影响大脑和生殖系统#】据@青流视频 报道：近日，英国牛津大学发表在《自然》杂志上的一项研究显示：新冠病毒可能会导致大脑萎缩。ACE2受体除了在呼吸系统、消化系统、排泄系统细胞中高表达外，男性睾丸和女性卵巢中也明显高于其他组织、器官。这使得新冠病毒对人体生殖方面的影响，同样 ​​​,148.0,0.0,0.0,0.008130081300813009,74.0
KtPpiACAq,mainstream,risk,【#美国亚裔一家15口派对后全部感染# #美14岁亚裔儿童患新冠精神性后遗症#】8月9日，据外媒报道，美国加州15口人的亚裔家庭，举办生日派对后全部感染新冠。家中14岁的小儿子患上新冠精神性后遗症，变得激动易怒。6月中旬，家庭15名成员在密闭室内举办生日派对，随后家庭成员接连确诊并进行新冠康复治疗 ​​​,153.0,0.0,0.0,0.06201550387596899,76.5
MmrP3fVck,mainstream,risk,【#感染新冠后为什么会脱发#？】#专家说感染新冠后脱发比较普遍# 近日，有网友表示在感染新冠后出现了脱发的现象。新冠感染后为什么会出现脱发？脱发是新冠感染的后遗症吗？多长时间可以恢复？清华大学附属北京清华长庚医院皮肤科副主任医师段晓涵表示：感染新冠之后出现脱发的情况，是比较普遍的。感 ​​​,146.0,0.0273972602739726,0.0,0.0,24.333333333333332
MbPo33o0N,mainstream,risk,"【美媒：研究显示新冠病毒或引发儿童糖尿病】据美国石英财经网站10月21日报道，一些初步研究显示，曾感染过新冠病毒的儿童患1型糖尿病的概率可能上升至高达77%。

报道称，多项研究表明，糖尿病患者人数上升与新冠病毒有关。加利福尼亚大学圣迭戈分校的一项研究发现，从2020年3月到2021年3月，医院确诊 ​​​",154.0,0.0,0.0,0.06299212598425197,77.0
MaLV1DQGQ,mainstream,risk,"【美国急诊科医生撰文：新冠后遗症不容小觑】美国《财富》杂志网站10月6日刊登美国急诊科医生卡罗琳·巴伯的一篇文章，题为《中风、心脏病和猝死：美国了解感染新冠病毒的长期风险吗》，全文摘编如下：

我有一个35岁的熟人死于出血性脑中风，一个40多岁的朋友和另一个70多岁的朋友经常出现严重头晕，他 ​​​",150.0,0.0,0.008,0.04,150.0
LEyoV49XZ,mainstream,risk,"【#5%新冠患者味嗅觉难恢复#】据埃菲社7月27日报道，新冠肺炎有一系列的后遗症。约5%的成年患者、尤其是女性患者，可能会长期存在味觉或嗅觉丧失问题。

发表在《英国医学杂志》上的一项新研究指出，全世界共有超过5.5亿例新冠肺炎确诊病例，这意味着分别有约1500万和1200万患者面临长期的嗅觉和味觉功 ​​​",155.0,0.0,0.0,0.05555555555555555,77.5
LBVq1q7HZ,mainstream,risk,"【#美国出现BA.5感染潮#：“就像重新扔一次骰子”】#美专家称感染BA.5就像重新扔一次骰子# 据美国《华盛顿邮报》网站7月10日报道，美国决定宣布“疫情结束了”，但新冠病毒并不同意。奥密克戎毒株最新亚型BA.5已经迅速在美国占据主导地位。

这波感染潮的规模尚不清楚，因为大多数人要么在家检测，要么 ​​​",155.0,0.0,0.0,0.040983606557377046,77.5
LwXONg2ah,mainstream,risk,"#研究称新冠后遗症或来自脑部异变#【研究发现：新冠后遗症或来自脑部异变】据日本《每日新闻》6月7日报道，新冠肺炎康复后仍然持续半年以上的后遗症已经成为社会问题。虽然详细的发病机理仍不明确，但专注于脑部的研究正在引起关注。会不会由此带来新的治疗方法呢？

“疲劳感和健忘的情况都很严重。” ​​​",147.0,0.006802721088435374,0.0,0.015873015873015872,36.75
LvpTZhf9J,mainstream,risk,"【新冠后遗症或源于人体内残存“病毒碎片”】#新冠后遗症或源于人体内残存病毒碎片# 据日本《读卖新闻》5月29日报道，关于引发新冠后遗症的原因，国内外都在研究，但尚无定论。

其中一个假说是“病毒残存说”。具体是指，尽管患者感染新冠病毒后出现的发热等症状被治愈，但病毒仍在体内残留，持续攻击 ​​​",148.0,0.0,0.0,0.01639344262295082,74.0
LsMaMtfZf,mainstream,risk,【上海新增227例本土确诊病例和1869例本土无症状感染者】5月12日0—24时，上海新增本土新冠肺炎确诊病例227例和无症状感染者1869例，其中167例确诊病例为既往无症状感染者转归，60例确诊病例和1865例无症状感染者在隔离管控中发现。新增本土死亡病例2例，系两例年龄分别为88岁、89岁的老年患者，合并有 ​​​,161.0,0.0,0.0,0.11023622047244094,161.0
Lst3zyK71,mainstream,risk,【上海新增228例本土确诊和1259例本土无症状】据上海市卫健委：5月10日0—24时，上海新增本土新冠肺炎确诊病例228例和无症状感染者1259例，其中198例确诊病例为既往无症状感染者转归，30例确诊病例和1259例无症状感染者在隔离管控中发现。新增本土死亡7例。平均年龄87.3岁，最小年龄75岁，最大年龄98岁 ​​​,163.0,0.0,0.0,0.11904761904761904,81.5
LpWwtt0Xt,mainstream,risk,【日媒：#日本近一成新冠患者出院一年后仍有后遗症#】据共同社4月24日报道，日本厚生劳动省研究班23日在京都市举行的日本呼吸器官学会公布调查结果称，感染新冠病毒住院的患者中有约10%在出院一年后仍可能留有后遗症。这是分析了约700名新冠中等症状以上的患者后得出的结果。后遗症最多的症状为肌肉力 ​​​,150.0,0.0,0.0,0.03816793893129771,75.0
Lp0k1kzyf,mainstream,risk,"【外媒：研究发现新冠患者粪便带“毒”或长达数月】#研究发现新冠患者粪便带毒或长达数月# 据新加坡《联合早报》网站4月17日报道，研究员发现，新冠患者的粪便在染病后的几个月内仍携带新冠病毒。这引发人们对病毒持续存在会影响免疫系统进而导致长期新冠后遗症的担忧。

美国加州斯坦福大学的研究员对 ​​​",148.0,0.0,0.0,0.015748031496062992,74.0
MijfIgtAd,mainstream,risk,"【感染新冠会怎样？看看新冠康复者的自述，他们经历了这些】近期，随着全国多地优化调整疫情防控政策，公众对奥密克戎变异株的关切再次达到顶点。

有人内心焦虑，亦有人已不惧病毒，只是一些问题依然回荡在脑海：

奥密克戎变异株致病性到底多高？

普通人感染症状多严重？

应该如何治疗？

康复后会 ​​​",149.0,0.026845637583892617,0.0,0.0,29.8
Lr8kmlsLk,mainstream,risk,【#上海新增本土死亡病例32例平均年龄84.1岁# 】记者从5月2日举行的上海市新冠肺炎疫情防控新闻发布会上获悉，5月1日，上海新增本土死亡病例32例，平均年龄84.1岁。32位患者合并有严重的多脏器疾病及肿瘤，包括冠心病、心功能不全、急性冠脉综合征、重度高血压、脑梗死及后遗症、阿尔兹海默症、糖尿病 ​​​,154.0,0.0,0.0,0.07086614173228346,154.0
KaGuGuYMP,mainstream,risk,【#世卫称有望在几个月内控制新冠疫情##世卫警告新冠肺炎不是流感#】周一，世界卫生组织总干事谭德塞在新闻发布会上再次警告称，一些年轻人对感染新冠病毒不以为然，但事实上有年轻健康的患者死于新冠肺炎。即使是对于康复者而言，新冠病毒也可能造成诸多长期后遗症。但谭德塞仍强调，只要各国保证公平 ​​​,146.0,0.0,0.0,0.0,73.0
MaeQW2nQV,mainstream,risk,【吴尊友：#新冠后遗症覆盖范围广# 症状可持续数周、数月甚至更长时间】10月13日，在国务院联防联控机制新闻发布会上，中国疾控中心流行病学首席专家吴尊友表示，新冠后遗症又叫新冠长期症状，世界卫生组织在2021年10月份给出的临床定义，新冠后遗症通常发生在感染新冠发病后的3个月内，可以是急性感染 ​​​,151.0,0.0,0.0,0.0390625,151.0
KaGBv2bst,mainstream,risk,【#世卫称有望在几个月内控制新冠疫情# #世卫警告新冠肺炎不是流感#】周一，世界卫生组织总干事谭德塞在新闻发布会上再次警告称，一些年轻人对感染新冠病毒不以为然，但事实上有年轻健康的患者死于新冠肺炎。即使是对于康复者而言，新冠病毒也可能造成诸多长期后遗症。但谭德塞仍强调，只要各国保证公 ​​​,146.0,0.0,0.0,0.0,73.0
K2PnLzmok,mainstream,risk,【中疾控主任：#新冠肺炎可能成为长期流行的传染病#】在最新发布的中疾控周报中，中国疾病预防控制中心主任高福表示，展望未来，2021年依旧有许多不确定因素，其中之一就是新冠肺炎或将成为全球或局部地区长期流行的传染性疾病。此外，新冠肺炎的许多新特征被陆续报出，比如被感染的患者可能将面对长期 ​​​,147.0,0.0,0.0,0.0078125,147.0
IuXj5BASD,mainstream,risk,"【#云南首例新冠肺炎死亡病例#：72岁男性，患糖尿病等疾病】记者19日从云南省卫生健康委了解到，当日0时至12时，该省出现首例新冠肺炎死亡病例。死亡患者为72岁男性，云南玉溪人。
1月31日，该名患者因发热伴畏寒、咳嗽，至玉溪市人民医院发热门诊就诊后隔离观察，2月1日病毒核酸检测阳性，以“新型冠 ​​​",152.0,0.0,0.0,0.072,76.0
JDTRSwzom,mainstream,risk,【中大：患者易出现「长新冠」症状】#香港# 新冠疫情持续，#香港中文大学# 中文大学医学院一项最新研究发现，新冠肺炎患者的肠道内缺乏三种可调节免疫力益菌，容易出现「长新冠」症状，即患者康复出院后，肠道微生态失衡仍然持续，持续出现记性差、失眠、呼吸困难和脱发等后遗症超过12周。 ​​​,142.0,0.0,0.0,0.008695652173913044,142.0
J6h2S3AcP,mainstream,risk,【周知！#湖北新冠治愈者康复费用无需个人承担# 】呼吸与危重症专家童朝晖：部分新冠肺炎重症和危重症患者，出院后留下一些后遗症，需要继续康复。但不少需要康复的患者，因担心费用问题，没有及时到医院进行康复治疗。现在我们联络组明晰了，湖北患者的康复费用不需要自己承担。（央视新闻） ​​​,141.0,0.0070921985815602835,0.016666666666666666,0.0,35.25
M7lpuC92y,wemedia,risk,"【美国最新研究：推算，美国660万人因感染新冠出现脑损伤】#研究推测美国六百万人因新冠出现脑损伤# 据路透社消息，当地时间9月22日，美国研究团队报告称，与从未感染过新冠病毒的人相比，感染过病毒的人在一年后出现脑损伤的风险要高出7%。

据报道，这项耗时一年的研究分析了数百万份隐藏个人信息的 ​​​",150.0,0.0,0.0,0.031496062992125984,150.0
LjHmHycDE,wemedia,risk,【#牛津大学研究发现新冠病毒或加速大脑萎缩#】据外媒报道，英国牛津大学发表在《自然》杂志上的一项研究表明，#新冠病毒可能导致大脑萎缩#。一些新冠患者会出现包括注意力、专注力、信息处理速度下降和记忆力受损等情况。研究人员表示，这些影响是否可以部分逆转，或者是否会长期存在，还需进一步调查 ​​​,146.0,0.0,0.0,0.0,73.0
L616ke4rk,mainstream,risk,【我国学者揭示新冠病毒感染可加速肺衰老】近日，在线发表于《自然—细胞生物学》杂志的一项成果中，我国学者深度解析了老年新冠肺炎（COVID-19）患者肺组织的细胞和分子病理表型组特征，进一步认识了COVID-19肺损伤的关键细胞和分子机制、建立了肺衰老与COVID-19损伤的科学联系，为提高重症和危重症诊 ​​​,156.0,0.0,0.01639344262295082,0.02459016393442623,156.0
MplLDrQwd,mainstream,risk,【#李谷一回应缺席今年春晚#：新冠病情恢复慢】#央视主持人透露春晚没有李谷一原因# 1月21日，李谷一在其个人社交媒体上发文表示，今年在医院治病，参加不了春晚。她表示，“我的新冠病情恢复得慢，还在后遗症反应中”。此前，央视主持人张泽群曾在微博上透露，由于刚刚“阳康”，身体抱恙的李谷一只能 ​​​,148.0,0.0,0.008264462809917356,0.01652892561983471,74.0
LjHNWDqJi,mainstream,risk,【#牛津大学研究发现新冠病毒或加速大脑萎缩#】据外媒报道，英国牛津大学发表在《自然》杂志上的一项研究表明，#新冠病毒可能导致大脑萎缩#。一些新冠患者会出现包括注意力、专注力、信息处理速度下降和记忆力受损等情况。研究人员表示，这些影响是否可以部分逆转，或者是否会长期存在，还需进一步调查 ​​​,146.0,0.0,0.0,0.0,73.0
J3KIRoGiF,mainstream,risk,【#英首相称感染后视力受损#：我多年来第一次要戴眼镜】5月25日，英国首相鲍里斯·约翰逊透露，自己感染新冠病毒后视力变差，多年来首次需要戴眼镜。但世卫组织尚未将视力受损，列为感染新冠病毒症状之一。3月27日，约翰逊宣布自己感染病毒，后因病情严重被送进ICU病房。@新京报我们视频   ​​​,145.0,0.0,0.03361344537815126,0.03361344537815126,48.333333333333336
LsVijgOUa,mainstream,risk,【上海新增本土确诊194例和本土无症状1487例】据上海市卫健委：5月13日0—24时，上海新增本土新冠肺炎确诊病例194例和无症状感染者1487例，其中140例确诊病例为既往无症状感染者转归，54例确诊病例和1486例无症状感染者在隔离管控中发现。新增本土死亡1例。该患者为84岁男性，合并有心律失常、高血压、 ​​​,160.0,0.0,0.0,0.104,80.0
LstcM9wDR,mainstream,risk,【上海新增228例本土确诊和1259例本土无症状】据上海市卫健委：5月10日0—24时，上海新增本土新冠肺炎确诊病例228例和无症状感染者1259例，其中198例确诊病例为既往无症状感染者转归，30例确诊病例和1259例无症状感染者在隔离管控中发现。新增本土死亡7例。平均年龄87.3岁，最小年龄75岁，最大年龄98岁 ​​​,163.0,0.0,0.0,0.11904761904761904,81.5
LrHWBeG91,mainstream,risk,【上海昨日新增本土245+4024，死亡12例】上海市卫健委今早（6日）通报：2022年5月5日0—24时，上海新增本土新冠肺炎确诊病例245例和无症状感染者4024例，其中181例确诊病例为既往无症状感染者转归，64例确诊病例和4001例无症状感染者在隔离管控中发现。新增境外输入无症状感染者2例，均在闭环管控中发 ​​​,162.0,0.0,0.0,0.12096774193548387,162.0
LpJrA9hba,mainstream,risk,【上海新增2736例本土确诊和20634例本土无症状】4月22日0—24时，上海新增本土新冠肺炎确诊病例2736例和无症状感染者20634例，其中1120例确诊病例为此前无症状感染者转归，1542例确诊病例和20490例无症状感染者在隔离管控中发现，其余在相关风险人群排查中发现。新增本土死亡12例。平均年龄88.2岁，最 ​​​,165.0,0.0,0.0,0.10655737704918032,82.5
MmBT7A4To,mainstream,risk,【#感染恢复期失眠味觉下降怎么办#？中医科学院广安门医院答红星新闻】#在恢复期不要病情一好转就放任不管# 中国中医科学院广安门医院急诊科主任齐文升表示，如果在恢复期调理不当，甚至停药过早，往往会出现一些后遗症状，还可能出现病情反复。所以在好转以后要注意以下几个问题。首先要注意生活起居 ​​​,146.0,0.00684931506849315,0.0,0.0,48.666666666666664
MkL2uhLSx,mainstream,risk,#研究称新冠病毒会影响视力和深度知觉#【国外最新研究：新冠病毒会影响视力和深度知觉，但没有留下后遗症】#新冠病毒或导致部分人出现视力模糊# 据报道，科学家们使用动物模型证实，新冠病毒会影响感染者的眼睛视力，引发视网膜炎症，导致视力模糊和深度知觉差。据悉，该项研究由澳大利亚格里菲斯大学 ​​​,146.0,0.0,0.0,0.0,146.0
LlS3kwzlq,mainstream,risk,【新研究：#新冠脑雾症或与癌症患者的化疗脑相似#】此前有研究表明，一些新冠患者在最初感染新冠病毒数月后，仍有可能会出现疲乏、“脑雾”（brain fog）、心率加快等一系列的不适症状。科学界正在探究这些新冠长期后遗症的发病机制，以及潜在的治疗方案。据外媒报道，美国一项最新研究表明，有“脑雾 ​​​,149.0,0.0,0.0,0.0,74.5
KEo4O5MLu,mainstream,risk,"【#高达84%新冠感染者出现后遗症#，#研究表明新冠病毒能杀死脑细胞#】随着新冠病毒继续在全球各国肆虐，感染新冠病毒后的后遗症，已经引起了科学家们的关注。所谓新冠后遗症，即在首次感染新冠病毒后可能出现的一系列新的、复发或持续的健康问题。

其中，根据美国疾控中心（CDC）的官方信息，感染新冠 ​​​",150.0,0.0,0.0,0.008130081300813009,75.0
JrAr8wX64,mainstream,risk,"【大脑老化10年？最新研究发现：#新冠病毒会导致智商大幅下降#】据《新闻周刊》报道，研究人员此前已发现新冠病毒会产生一系列的后遗症，包括失去味觉、全身乏力、血栓、中风等。但是，英国科学家最近的一项新发现可谓令人震惊——感染了新冠病毒的人，其脑功能可能遭受严重影响大脑最多会衰老10岁。
 ​​​",147.0,0.006802721088435374,0.0,0.01652892561983471,49.0
Iuq8PFNvr,mainstream,risk,【两次疫情都在一线！#医生谈新冠病毒与SARS差别#：传播更快隐蔽性更强】#武汉新型冠状病毒肺炎疫情防控# 广东省中医院珠海医院呼吸科主任黄东晖，2003年“非典”期间，持续收治抢救病人后不幸被传染，病情危重，后来还留下后遗症。这一次，当新型冠状肺炎疫情来袭时，他义无反顾，再一次主动请缨，报 ​​​,150.0,0.006666666666666667,0.0,0.008333333333333333,75.0
Lr94FFj3n,wemedia,risk,#上海5月1日新增本土死亡32例#【#上海目前接受治疗重型患者441例# 危重型93例】5月2日10:00，上海市举行新冠肺炎疫情防控工作新闻发布会，市卫生健康委副主任赵丹丹介绍，截至5月1日24时，在定点医疗机构接受治疗的重型患者441例、危重型93例。5月1日，新增本土死亡病例32例，平均年龄84.1岁。32位患者 ​​​,164.0,0.0,0.0,0.14728682170542637,82.0
LAJ3PeyK2,mainstream,risk,"【美机构估计：#美国目前有2576万人出现新冠肺炎后遗症#】#美国两党就新抗疫资金方案争执不下# 美国普查局和美国国家卫生统计中心进行的一项最新调查显示，近1/5曾感染过新冠肺炎的受访者表示正遭受“新冠肺炎长期症状”的折磨。美国舆论认为，这将对许多美国人的健康产生深远影响。

根据美国约翰斯· ​​​",151.0,0.0,0.0,0.023809523809523808,75.5
LsVze2kBU,mainstream,risk,【上海新增本土确诊194例和本土无症状1487例】据上海市卫健委：5月13日0—24时，上海新增本土新冠肺炎确诊病例194例和无症状感染者1487例，其中140例确诊病例为既往无症状感染者转归，54例确诊病例和1486例无症状感染者在隔离管控中发现。新增本土死亡1例。该患者为84岁男性，合并有心律失常、高血压、 ​​​,160.0,0.0,0.0,0.104,80.0
MmjsceLCx,mainstream,risk,#脱发是新冠感染的后遗症吗#【#感染新冠后出现脱发怎么办#？】近日，有网友表示在感染新冠后出现了脱发的现象。新冠感染后为什么会出现脱发？脱发是新冠感染的后遗症吗？多长时间可以恢复？清华大学附属北京清华长庚医院皮肤科副主任医师段晓涵表示，病毒有可能引起毛囊周围的炎症反应，此外，焦虑、休 ​​​,146.0,0.0273972602739726,0.0,0.0,29.2
Mmi4xiHC2,mainstream,risk,#脱发是新冠感染的后遗症吗#【#感染新冠后出现脱发怎么办#？】近日，有网友表示在感染新冠后出现了脱发的现象。新冠感染后为什么会出现脱发？脱发是新冠感染的后遗症吗？多长时间可以恢复？清华大学附属北京清华长庚医院皮肤科副主任医师段晓涵表示，病毒有可能引起毛囊周围的炎症反应，此外，焦虑、休 ​​​,146.0,0.0273972602739726,0.0,0.0,29.2
MjTN1FUZq,mainstream,risk,【#钟南山：越晚“变阳”，症状或越轻#】新冠病毒“北强南弱”？越早“阳”越好？高烧咽痛这么难受也算轻症？感染奥密克戎有后遗症吗？会出现反复感染吗？学校怎么做好上课和防控？内地会出现类似香港今年上半年的疫情高病死率吗？为何要接种异种疫苗……对于当下大众最为关心的问题，12月15日下午，中 ​​​,147.0,0.047619047619047616,0.0,0.01694915254237288,21.0
IuqhKdNVv,mainstream,risk,【两次疫情都在一线！#医生谈新冠病毒与SARS差别#：传播更快隐蔽性更强】广东省中医院珠海医院呼吸科主任黄东晖，2003年“非典”期间，持续收治抢救病人后不幸被传染，病情危重，后来还留下后遗症。这一次，当新型冠状肺炎疫情来袭时，他义无反顾，再一次主动请缨，报名参加广东省第二批援助湖北医疗队 ​​​,149.0,0.006711409395973154,0.0,0.00819672131147541,74.5
KaEsa00cq,mainstream,risk,【#世卫称有望在几个月内控制新冠疫情##世卫警告新冠肺炎不是流感#】周一，世界卫生组织总干事谭德塞在新闻发布会上再次警告称，一些年轻人对感染新冠病毒不以为然，但事实上有年轻健康的患者死于新冠肺炎。即使是对于康复者而言，新冠病毒也可能造成诸多长期后遗症。但谭德塞仍强调，只要各国保证公平 ​​​,146.0,0.0,0.0,0.0,73.0
J73RPr1Nm,mainstream,risk,【#查尔斯王子味觉嗅觉尚未恢复#】6月 16日，英国查尔斯王子携夫人卡米拉看望医院工作人员。自3月王室宣布感染其新冠肺炎消息，查尔斯已结束隔离恢复健康，当日他谈及康复经历，称自己的味觉和嗅觉尚未完全恢复。在看望医务人员期间，夫妇两人始终与大家保持2米社交距离，用双手合十礼代替握手。@世面  ​​​,149.0,0.0,0.0078125,0.03125,49.666666666666664
LjHrn77f8,mainstream,risk,【#牛津大学研究发现新冠病毒或加速大脑萎缩#】据外媒报道，英国牛津大学发表在《自然》杂志上的一项研究表明，#新冠病毒可能导致大脑萎缩#。一些新冠患者会出现包括注意力、专注力、信息处理速度下降和记忆力受损等情况。研究人员表示，这些影响是否可以部分逆转，或者是否会长期存在，还需进一步调查 ​​​,146.0,0.0,0.0,0.0,73.0
K2O1NABz8,mainstream,risk,【中疾控主任：#新冠肺炎可能成为长期流行的传染病#】在最新发布的中疾控周报中，中国疾病预防控制中心主任高福表示，展望未来，2021年依旧有许多不确定因素，其中之一就是新冠肺炎或将成为全球或局部地区长期流行的传染性疾病。此外，新冠肺炎的许多新特征被陆续报出，比如被感染的患者可能将面对长期 ​​​,147.0,0.0,0.0,0.0078125,147.0
M7lo6ml3y,wemedia,risk,"#环球博览# 【#研究推测美国六百万人因新冠出现脑损伤#】【美国最新研究：推算，美国660万人因感染新冠出现脑损伤】#研究推测美国六百万人因新冠出现脑损伤# 据路透社消息，当地时间9月22日，美国研究团队报告称，与从未感染过新冠病毒的人相比，感染过病毒的人在一年后出现脑损伤的风险要高出7%。

据 ​​​",153.0,0.0,0.0,0.03225806451612903,153.0
KaGry1PH6,wemedia,risk,【#世卫称有望在几个月内控制新冠疫情#，警告新冠肺炎不是流感】周一，世界卫生组织总干事谭德塞在新闻发布会上再次警告称，一些年轻人对感染新冠病毒不以为然，但事实上有年轻健康的患者死于新冠肺炎。即使是对于康复者而言，新冠病毒也可能造成诸多长期后遗症。但谭德塞仍强调，只要各国保证公平疫苗 ​​​,145.0,0.0,0.0,0.0,72.5
K2Oa8DUCS,wemedia,risk,#声音# 【中疾控主任：#新冠肺炎可能成为长期流行的传染病#】在最新发布的中疾控周报中，中国疾病预防控制中心主任高福表示，展望未来，2021年依旧有许多不确定因素，其中之一就是新冠肺炎或将成为全球或局部地区长期流行的传染性疾病。此外，新冠肺炎的许多新特征被陆续报出，比如被感染的患者可能将 ​​​,148.0,0.0,0.0,0.007936507936507936,148.0
KE5634F7C,mainstream,risk,【新冠肺炎康复后超三成人群可能会留有200余种后遗症】“ 随着新冠肺炎在全球流行，医学工作者对其研究进一步加深，发现此病毒几乎侵犯人体所有器官，继而出现不同的合并症。”中国疾病预防控制中心免疫规划首席专家说，“新冠肺炎康复后有1/3-1/2的人群可能会留有200 余种后遗症，主要症状有头痛、失 ​​​,151.0,0.0,0.0,0.047619047619047616,151.0
MaeL8rALw,mainstream,risk,【吴尊友：#新冠后遗症可持续数周数月甚至更长时间#】10月13日，在国务院联防联控机制新闻发布会上，中国疾控中心流行病学首席专家吴尊友表示，新冠后遗症又叫新冠长期症状，世界卫生组织在2021年10月份给出的临床定义，新冠后遗症通常发生在感染新冠发病后的3个月内，可以是急性感染康复后出现某些新 ​​​,150.0,0.0,0.0,0.03875968992248062,150.0
LjGP3Frjt,mainstream,risk,【#牛津大学研究发现新冠病毒或加速大脑萎缩#】据外媒报道，英国牛津大学发表在《自然》杂志上的一项研究表明，#新冠病毒可能导致大脑萎缩#。一些新冠患者会出现包括注意力、专注力、信息处理速度下降和记忆力受损等情况。研究人员表示，这些影响是否可以部分逆转，或者是否会长期存在，还需进一步调查 ​​​,146.0,0.0,0.0,0.0,73.0
K3GwtcUqa,mainstream,risk,【世卫#专家提醒重视新冠造成的长期影响#】世界卫生组织欧洲区域办事处主任克卢格25日说，近来欧洲地区新冠感染率总体呈下降趋势，但世卫组织关注到“新冠后遗症”对健康等方面造成的长期影响，将其视为“后疫情”时期的首要任务。克卢格当天在哥本哈根召开的线上新闻发布会上说，十分之一的欧洲新冠患 ​​​,146.0,0.0,0.0,0.0078125,146.0
K2OhAgVJq,mainstream,risk,【中疾控主任：#新冠肺炎可能成为长期流行的传染病#】在最新发布的中疾控周报中，中国疾病预防控制中心主任高福表示，展望未来，2021年依旧有许多不确定因素，其中之一就是新冠肺炎或将成为全球或局部地区长期流行的传染性疾病。此外，新冠肺炎的许多新特征被陆续报出，比如被感染的患者可能将面对长期 ​​​,147.0,0.0,0.0,0.0078125,147.0
LurM7yhQT,mainstream,risk,【上海新增本土确诊58例、无症状感染者422例】2022年5月23日0—24时，上海新增本土新冠肺炎确诊病例58例和无症状感染者422例，其中39例确诊病例为既往无症状感染者转归，19例确诊病例和422例无症状感染者在隔离管控中发现。新增本土死亡1例，患者女性，85岁，合并有高血压3级（极高危）、脑梗死后遗症 ​​​,159.0,0.0,0.0,0.12,159.0
LsVrLAuwH,mainstream,risk,【上海新增本土确诊194例和本土无症状1487例】据上海市卫健委：5月13日0—24时，上海新增本土新冠肺炎确诊病例194例和无症状感染者1487例，其中140例确诊病例为既往无症状感染者转归，54例确诊病例和1486例无症状感染者在隔离管控中发现。新增本土死亡1例。该患者为84岁男性，合并有心律失常、高血压、 ​​​,160.0,0.0,0.0,0.104,80.0
LsLTjf8FL,mainstream,risk,【上海新增227例本土确诊病例和1869例本土无症状感染者】5月12日0—24时，上海新增本土新冠肺炎确诊病例227例和无症状感染者1869例，其中167例确诊病例为既往无症状感染者转归，60例确诊病例和1865例无症状感染者在隔离管控中发现。新增本土死亡病例2例，系两例年龄分别为88岁、89岁的老年患者，合并有 ​​​,161.0,0.0,0.0,0.11023622047244094,161.0
Lr8OFlh21,mainstream,risk,【#上海新增本土死亡32例平均年龄84.1岁#】记者从5月2日举行的上海市新冠肺炎疫情防控新闻发布会上获悉，5月1日，上海新增本土死亡病例32例，平均年龄84.1岁。32位患者合并有严重的多脏器疾病及肿瘤，包括冠心病、心功能不全、急性冠脉综合征、重度高血压、脑梗死及后遗症、阿尔兹海默症、糖尿病、慢性 ​​​,154.0,0.0,0.0,0.07086614173228346,154.0
LpJmB6qJ6,mainstream,risk,【上海新增2736例本土确诊和20634例本土无症状】4月22日0—24时，上海新增本土新冠肺炎确诊病例2736例和无症状感染者20634例，其中1120例确诊病例为此前无症状感染者转归，1542例确诊病例和20490例无症状感染者在隔离管控中发现，其余在相关风险人群排查中发现。新增本土死亡12例。平均年龄88.2岁，最 ​​​,165.0,0.0,0.0,0.10655737704918032,82.5
LpK1UnAzF,mainstream,risk,【上海新增2736例本土确诊和20634例本土无症状】4月22日0—24时，上海新增本土新冠肺炎确诊病例2736例和无症状感染者20634例，其中1120例确诊病例为此前无症状感染者转归，1542例确诊病例和20490例无症状感染者在隔离管控中发现，其余在相关风险人群排查中发现。新增本土死亡12例。平均年龄88.2岁，最 ​​​,165.0,0.0,0.0,0.10655737704918032,82.5
KaHzM47UH,wemedia,risk,【#世卫称有望在几个月内控制新冠疫情# 】周一，世界卫生组织总干事谭德塞在新闻发布会上再次警告称，一些年轻人对感染新冠病毒不以为然，但事实上有年轻健康的患者死于新冠肺炎。即使是对于康复者而言，新冠病毒也可能造成诸多长期后遗症。但谭德塞仍强调，只要各国保证公平疫苗接种，全面做好公共卫 ​​​,145.0,0.0,0.0,0.0,72.5
K3GxQdsWp,wemedia,risk,【#世卫专家提醒重视新冠造成的长期影响#】世界卫生组织欧洲区域办事处主任克卢格25日说，近来欧洲地区新冠感染率总体呈下降趋势，但世卫组织关注到“新冠后遗症”对健康等方面造成的长期影响，将其视为“后疫情”时期的首要任务。克卢格当天在哥本哈根召开的线上新闻发布会上说，十分之一的欧洲新冠患 ​​​,146.0,0.0,0.0,0.0078125,146.0
LBe2fp47X,mainstream,risk,7月7日，歌手彭佳慧宣布将于10月1日在台北小巨蛋举办“怎样RUN WILD”演唱会。她表示，“怎样RUN WILD”的含义是突破与自由，不受成见束缚。为了备战演唱会，她最近提早开始练唱、尤其是运动量增加不少。值得注意的是，彭佳慧5月初感染了新冠，至今仍有咳嗽、胸闷等后遗症，希望到时的演出能呈现最佳状 ​​​,155.0,0.0,0.0,0.040983606557377046,51.666666666666664
LstAJ2EXU,mainstream,risk,【上海新增228例本土确诊和1259例本土无症状】据上海市卫健委：5月10日0—24时，上海新增本土新冠肺炎确诊病例228例和无症状感染者1259例，其中198例确诊病例为既往无症状感染者转归，30例确诊病例和1259例无症状感染者在隔离管控中发现。新增本土死亡7例。平均年龄87.3岁，最小年龄75岁，最大年龄98岁 ​​​,163.0,0.0,0.0,0.11904761904761904,81.5
J74lui9yl,mainstream,risk,【#查尔斯王子味觉嗅觉尚未恢复#】6月 16日，英国查尔斯王子携夫人卡米拉看望医院工作人员。自3月王室宣布感染其新冠肺炎消息，查尔斯已结束隔离恢复健康，当日他谈及康复经历，称自己的味觉和嗅觉尚未完全恢复。在看望医务人员期间，夫妇两人始终与大家保持2米社交距离，用双手合十礼代替握手。@世面 ​​​,148.0,0.0,0.0078125,0.03125,49.333333333333336
M7ogPB5Mx,mainstream,risk,【#世事Infocus#：长新冠难解，#美国疫情真的结束了吗#？】近日，美国总统拜登在接受美国CBS采访时宣称“美国疫情已结束”，引起许多美媒和民众的不满。其中，因感染新冠而饱受后遗症折磨的“长新冠”患者尤为愤怒，喊话政府重视“长新冠”问题。“长新冠”有多可怕？美国新冠疫情真的结束了吗？来听CG ​​​,152.0,0.019736842105263157,0.0,0.0,30.4
M6VOimKp1,mainstream,risk,【#部分美国长新冠患者曾考虑自杀#】尽管拜登日前宣称美国新冠疫情“已结束”，大量美国民众仍饱受“长新冠”（新冠后遗症）的困扰。据美国政府问责局报告，截至今年2月，预计约有770万至2300万美国人受“长新冠”影响。不为人知的是，许多“长新冠”患者曾因痛苦而考虑结束自己的生命…（CGTN报道员Ed ​​​,152.0,0.0,0.008547008547008548,0.02564102564102564,76.0
M6CEnAG5g,mainstream,risk,【#美国近400万人因长新冠离职#】美国疾控中心（CDC）称，大量新冠患者正在忍受“长新冠”（新冠后遗症）的折磨。“长新冠”一般指新冠患者在感染3个月后仍存在头晕、呼吸急促、注意力难集中、嗅味觉丧失等症状，并持续2个月以上。美舆论指出，“长新冠”是人类历史上最大的“致残事件”，美国政府的不 ​​​,149.0,0.0,0.0,0.02586206896551724,74.5
M4ZlpwnYL,mainstream,risk,【#10月起泰国新冠疫情将降级# 患者仍受长期新冠症状困扰】继泰国于今年放宽了入境防疫措施后，有报道称泰国将从10月起把新冠病毒降为与流感同级。尽管泰国的旅游业正在逐步复苏，受长期新冠症状困扰的人却并不少。对于他们来说，焦虑、疲倦、注意力下降等新冠后遗症可能持续至少三个月。（via：CGTN报 ​​​,151.0,0.0,0.0,0.016,50.333333333333336
K54CF78Ik,mainstream,risk,【羞羞但很重要[污]#张伯礼谈新冠后遗症#】小团在专访时特地问帮网友们问了问大家好奇的“新冠是否会对男性生殖功能造成损害”。张伯礼院士说，国外的报告中确实显示会对生殖系统、内分泌系统等产生一些影响，有的还比较重。但中国大概只有10%~15%会出现如焦虑、失眠、脱发、食欲不振等长期症状，程度 ​​​,149.0,0.0,0.0,0.016260162601626018,74.5
LuLzwbLCy,wemedia,risk,【上海新增本土确诊病例48例、无症状感染者290例】2022年5月25日0—24时，上海新增本土新冠肺炎确诊病例48例和无症状感染者290例，其中31例确诊病例为既往无症状感染者转归，17例确诊病例和290例无症状感染者在隔离管控中发现。新增本土死亡1例。患者女性，63岁，合并有急性消化道大出血、脑外伤后遗症 ​​​,159.0,0.0,0.0,0.11023622047244094,79.5
Lus6FECfs,wemedia,risk,【上海新增本土确诊58例、无症状感染者422例】2022年5月23日0—24时，上海新增本土新冠肺炎确诊病例58例和无症状感染者422例，其中39例确诊病例为既往无症状感染者转归，19例确诊病例和422例无症状感染者在隔离管控中发现。新增本土死亡1例，患者女性，85岁，合并有高血压3级（极高危）、脑梗死后遗症 ​​​,159.0,0.0,0.0,0.12,159.0
MhUcr6tgS,mainstream,risk,#香港战疫# 【第五波疫情11名11岁以下儿童染疫死亡 杨何蓓茵吁家长尽早带幼童打针】#香港# 特区政府于荃湾愉景新城举行亲子嘉年华，公务员事务局局长杨何蓓茵今日(3日)在现场致辞时表示，根据卫生部门的统计，第五波疫情至今，香港已有11名11岁或以下确诊新冠病毒的儿童离世，家长应正视风险，不应低估 ​​​,153.0,0.0,0.0,0.0390625,153.0
MdgRGnwgL,mainstream,risk,【#美国近2400万成年人患有“长期新冠”后遗症#】根据美国疾病控制与预防中心的数据，美国近2400万名成年人患有“长期新冠”后遗症。其中，西弗吉尼亚州报告“长期新冠”症状的比例最高，达49%，佛蒙特州的比例最低，为22%。此外，超过四分之一的佛罗里达州新冠患者表示经历了“长期新冠”后遗症。另根 ​​​,152.0,0.0,0.0,0.03418803418803419,50.666666666666664
M9wFpvtQH,mainstream,risk,"【调查：近八成曾确诊儿童现“长新冠” 逾五成有“脑雾”】#香港[超话]# 社区组织协会与儿童权利关注会的调查显示，香港近八成曾确诊新冠病毒的基层儿童，怀疑出现长新冠症状，其中有50.8%儿童有“脑雾”，其次是极度疲劳、失眠等。
调查在今年8月至9月进行，有120名曾确诊的基层学童及家长参与，研究 ​​​",152.0,0.0,0.0,0.03361344537815126,152.0
M4xsJzWba,mainstream,risk,"【美媒：美国数百万人因“长新冠”丢掉工作 政府应出来应对】据美国《国会山报》5日报道，新冠后遗症正在影响美国的劳动力市场，约有数百万美国人受“长新冠”相关症状拖累而被迫离开就业市场。

这些“长新冠”患者通常在感染新冠后的几个月持续出现症状，常见症状包括疲劳、呼吸急促、头晕、嗅觉或味 ​​​",146.0,0.0,0.0,0.008264462809917356,146.0
M2SuIEs4u,mainstream,risk,"【智库：数百万人因长新冠无法工作 美国年经济损失逾万亿】华府智库布鲁金斯研究所发现，感染新冠的长期后遗症持续导致高达400万美国人无法工作，评估“长新冠”问题一年至少造成1680亿美元(约13104亿港元)薪资损失。

据CNN今天(26日)报道，疫情持续导致美国劳动力供应笼罩阴霾。布鲁金斯研究所报告称 ​​​",156.0,0.0,0.0,0.032520325203252036,78.0
LD41EFcJ7,mainstream,risk,#疫情# 【因不堪忍受新冠后遗症及失业打击 加拿大一女子申请安乐死】据观察者网援引加拿大CTV电视台报道，近日，多伦多50多岁妇女特蕾西·汤普森因不堪忍受新冠后遗症以及经济问题等多重压力，申请了安乐死。她告诉媒体，自己还热爱生活，也不想死，但对于她的状况来说，不过是痛苦而缓慢地死去还是迅速 ​​​,149.0,0.0,0.007874015748031496,0.007874015748031496,149.0
LuLE5l1Bd,mainstream,risk,"【香港疫下12.4%受访者现创伤后遗症！症状有这些……】香港理工大学研究发现新冠肺炎疫情下，过去一年逾一成港人出现精神创伤后遗症。所幸近日疫情持续受控，香港昨日新增251宗确诊，包括28宗输入个案，及多2患者死亡；Omicron变种病毒个案及各感染群组续有零星新增个案。

香港理工大学昨日公布，在20 ​​​",155.0,0.0064516129032258064,0.0,0.04065040650406504,38.75
LuKLh8gL8,mainstream,risk,"【上海新增本土确诊病例48例、无症状感染者290例】2022年5月25日0—24时，上海新增本土新冠肺炎确诊病例48例和无症状感染者290例，其中31例确诊病例为既往无症状感染者转归，17例确诊病例和290例无症状感染者在隔离管控中发现。

新增本土死亡1例，患者为一名女性，63岁，合并有急性消化道大出血、脑外 ​​​",160.0,0.0,0.0,0.1111111111111111,160.0
LuFMMtlsV,mainstream,risk,"【理大研究：逾一成港人疫后一年患精神创伤后遗症】香港理工大学今日（25日）公布一项混合式研究调查，结果显示有12.4%的受访者出现创伤后遗症症状；而失业或没有收入及教育程度较低的受访者，较大机会出现创伤后遗症的征状。

该项研究于2020年12月至2021年2月期间开展，以电话访问超过3000名市民，了 ​​​",156.0,0.0,0.0,0.056,78.0
KaGxbxpRe,mainstream,risk,【#世卫称有望在几个月内控制新冠疫情# #世卫警告新冠肺炎不是流感#】世界卫生组织总干事谭德塞在新闻发布会上再次警告称，一些年轻人对感染新冠病毒不以为然，但事实上有年轻健康的患者死于新冠肺炎。即使是对于康复者而言，新冠病毒也可能造成诸多长期后遗症。但谭德塞仍强调，只要各国保证公平疫苗 ​​​,146.0,0.0,0.0,0.0,73.0
LpJlbxR7M,mainstream,risk,【上海新增2736例本土确诊和20634例本土无症状】4月22日0—24时，上海新增本土新冠肺炎确诊病例2736例和无症状感染者20634例，其中1120例确诊病例为此前无症状感染者转归，1542例确诊病例和20490例无症状感染者在隔离管控中发现，其余在相关风险人群排查中发现。新增本土死亡12例。平均年龄88.2岁，最 ​​​,165.0,0.0,0.0,0.10655737704918032,82.5
MnusbzvN3,mainstream,risk,【#肺部CT检查需求暴增# #体检企业推阳康体检套餐#】第一批奥密克戎感染患者逐渐转阴，但咳嗽、胸闷气短等症状仍在持续。“新冠后遗症”、“白肺”“心肌炎”等成了新冠康复患者新的焦虑来源。为求心安，“阳康”人群涌向了医院和体检中心。长江证券研报中表示，2015年~2020年，中国医疗影像设备市场增 ​​​,152.0,0.0,0.0,0.017241379310344827,50.666666666666664
LiWAfDtGP,mainstream,risk,"【#牛津研究称新冠或致脑萎缩#】
近日，牛津大学发表在《自然》期刊的最新研究揭露了一些可能出现的新冠后遗症。研究显示，新冠病毒会导致大脑萎缩，并造成与记忆力和嗅觉有关的大脑区域损伤。这项研究对785名年龄分布在51至81岁之间的研究对象先后进行了两次脑部核磁共振扫描，其中400多人在两次扫描 ​​​",150.0,0.0,0.0,0.031496062992125984,75.0
Mmz7Zl5jg,mainstream,risk,【#感染新冠后为什么会脱发#？】#专家说感染新冠后脱发比较普遍# 近日，有网友表示在感染新冠后出现了脱发的现象。新冠感染后为什么会出现脱发？脱发是新冠感染的后遗症吗？多长时间可以恢复？清华大学附属北京清华长庚医院皮肤科副主任医师段晓涵表示：感染新冠之后出现脱发的情况，是比较普遍的。感 ​​​,146.0,0.0273972602739726,0.0,0.0,24.333333333333332
MmyT1dOYZ,mainstream,risk,【#感染新冠后为什么会脱发#？】#专家说感染新冠后脱发比较普遍# 近日，有网友表示在感染新冠后出现了脱发的现象。新冠感染后为什么会出现脱发？脱发是新冠感染的后遗症吗？多长时间可以恢复？清华大学附属北京清华长庚医院皮肤科副主任医师段晓涵表示：感染新冠之后出现脱发的情况，是比较普遍的。感 ​​​,146.0,0.0273972602739726,0.0,0.0,24.333333333333332
Lqm2uujQt,mainstream,risk,【上海累计报告535600例本土阳性感染者】4月27日上午10:00，上海举行疫情防控工作新闻发布会，市卫生健康委副主任赵丹丹介绍，4月26日，上海新增本土死亡48例。平均年龄80.85岁。48位患者合并患有严重的多脏器基础疾病，包括脑出血、脑梗后遗症、冠心病、心肌梗死、严重心功能不全、重度高血压、阿尔兹 ​​​,157.0,0.0,0.0,0.08130081300813008,78.5
KEvgd2RAk,mainstream,risk,【84%感染者出现后遗症 最新研究：新冠病毒还能杀死脑细胞】随着新冠病毒继续在全球各国肆虐，感染新冠病毒后的后遗症，已经引起了科学家们的关注。所谓新冠后遗症，即在首次感染新冠病毒后可能出现的一系列新的、复发或持续的健康问题。其中，根据美国疾控中心（CDC）的官方信息，感染新冠病毒的长期 ​​​,147.0,0.0,0.0,0.008,73.5
MmiynEP3u,mainstream,risk,#脱发是新冠感染的后遗症吗#【#感染新冠后出现脱发怎么办#？】近日，有网友表示在感染新冠后出现了脱发的现象。新冠感染后为什么会出现脱发？脱发是新冠感染的后遗症吗？多长时间可以恢复？清华大学附属北京清华长庚医院皮肤科副主任医师段晓涵表示，病毒有可能引起毛囊周围的炎症反应，此外，焦虑、休 ​​​,146.0,0.0273972602739726,0.0,0.0,29.2
MkzVB1EGe,mainstream,risk,【#专家称重复感染死亡风险翻倍#】一篇近日发表在《自然医学》的论文显示，与仅感染一次新冠的患者相比，重复感染者的死亡风险增加一倍多，住院风险、患肺部疾病、心脏病的可能性高出三倍多，而且患神经系统疾病的可能性高出60%。研究人员还发现，重复感染后的第一个月，患者疾病风险升高最为明显，在 ​​​,146.0,0.0,0.0,0.008064516129032258,146.0
LurUh7un8,mainstream,risk,【上海新增本土确诊58例、无症状感染者422例】2022年5月23日0—24时，上海新增本土新冠肺炎确诊病例58例和无症状感染者422例，其中39例确诊病例为既往无症状感染者转归，19例确诊病例和422例无症状感染者在隔离管控中发现。新增本土死亡1例，患者女性，85岁，合并有高血压3级（极高危）、脑梗死后遗症 ​​​,159.0,0.0,0.0,0.12,159.0
LsMoZojxM,mainstream,risk,【上海新增227例本土确诊病例和1869例本土无症状感染者】5月12日0—24时，上海新增本土新冠肺炎确诊病例227例和无症状感染者1869例，其中167例确诊病例为既往无症状感染者转归，60例确诊病例和1865例无症状感染者在隔离管控中发现。新增本土死亡病例2例，系两例年龄分别为88岁、89岁的老年患者，合并有 ​​​,161.0,0.0,0.0,0.11023622047244094,161.0
LstoU7Rjp,mainstream,risk,【上海新增228例本土确诊和1259例本土无症状】据上海市卫健委：5月10日0—24时，上海新增本土新冠肺炎确诊病例228例和无症状感染者1259例，其中198例确诊病例为既往无症状感染者转归，30例确诊病例和1259例无症状感染者在隔离管控中发现。新增本土死亡7例。平均年龄87.3岁，最小年龄75岁，最大年龄98岁 ​​​,163.0,0.0,0.0,0.11904761904761904,81.5
LpJsisyME,mainstream,risk,【上海新增2736例本土确诊和20634例本土无症状】4月22日0—24时，上海新增本土新冠肺炎确诊病例2736例和无症状感染者20634例，其中1120例确诊病例为此前无症状感染者转归，1542例确诊病例和20490例无症状感染者在隔离管控中发现，其余在相关风险人群排查中发现。新增本土死亡12例。平均年龄88.2岁，最 ​​​,165.0,0.0,0.0,0.10655737704918032,82.5
KaGLNxfpZ,wemedia,risk,【#世卫称有望在几个月内控制新冠疫情##世卫警告新冠肺炎不是流感#】周一，世界卫生组织总干事谭德塞在新闻发布会上再次警告称，一些年轻人对感染新冠病毒不以为然，但事实上有年轻健康的患者死于新冠肺炎。即使是对于康复者而言，新冠病毒也可能造成诸多长期后遗症。但谭德塞仍强调，只要各国保证公平 ​​​,146.0,0.0,0.0,0.0,73.0
Ml6dar5MT,mainstream,risk,【#阳后味觉减退可以吞芥末吗#？专家：不可取】近日，一位感染新冠病毒的95后小伙在嗅觉、味觉失灵后，短短5分钟内，试图通过咀嚼柠檬、口吞芥末、猛喝酱油来唤醒嗅觉、味觉。甚至有网友“以毒攻毒”——吃鲱鱼罐头、喝白花蛇草水。那么，芥末唤醒味觉法可取吗？#味觉嗅觉减退是阳后遗症吗#？多久可以 ​​​ http://mapi/bf9f2bfdly1h9f4yhzvs0j20p0095tas,192.0,0.015625,0.0,0.08333333333333333,38.4
LjHIAcOkv,mainstream,risk,【#牛津大学研究发现新冠病毒或加速大脑萎缩#】据外媒报道，英国牛津大学发表在《自然》杂志上的一项研究表明，#新冠病毒可能导致大脑萎缩#。一些新冠患者会出现包括注意力、专注力、信息处理速度下降和记忆力受损等情况。研究人员表示，这些影响是否可以部分逆转，或者是否会长期存在，还需进一步调查 ​​​,146.0,0.0,0.0,0.0,73.0
K2OiNmqsE,mainstream,risk,【中疾控主任：#新冠肺炎可能成为长期流行的传染病#】在最新发布的中疾控周报中，中国疾病预防控制中心主任高福表示，展望未来，2021年依旧有许多不确定因素，其中之一就是新冠肺炎或将成为全球或局部地区长期流行的传染性疾病。此外，新冠肺炎的许多新特征被陆续报出，比如被感染的患者可能将面对长期 ​​​,147.0,0.0,0.0,0.0078125,147.0
K1JTKiT5k,mainstream,risk,【#后疫情时代纪录片康复者#  | 戴着面具生活的日子，终于过去了】前两天，我在网上看到一个问题：“那些新冠康复者后来都怎么样了？”有网友留言，新冠治愈者大多都有后遗症，尤其是重症患者，长期饱受各种隐性疾病的折磨，苦不堪言。也有人说，“我总觉得自己犯了罪。” 还有一个留言，让我的心隐隐 ​​​,147.0,0.006802721088435374,0.03389830508474576,0.0,49.0
K2OS7fXTE,mainstream,risk,【中疾控主任：#新冠肺炎可能成为长期流行的传染病#】在最新发布的中疾控周报中，中国疾病预防控制中心主任高福表示，展望未来，2021年依旧有许多不确定因素，其中之一就是新冠肺炎或将成为全球或局部地区长期流行的传染性疾病。此外，新冠肺炎的许多新特征被陆续报出，比如被感染的患者可能将面对长期 ​​​,147.0,0.0,0.0,0.0078125,147.0
MmrNXfTL3,mainstream,risk,【#感染新冠后为什么会脱发#？】#专家说感染新冠后脱发比较普遍# 近日，有网友表示在感染新冠后出现了脱发的现象。新冠感染后为什么会出现脱发？脱发是新冠感染的后遗症吗？多长时间可以恢复？清华大学附属北京清华长庚医院皮肤科副主任医师段晓涵表示：感染新冠之后出现脱发的情况，是比较普遍的。感 ​​​,146.0,0.0273972602739726,0.0,0.0,24.333333333333332
K2OzBbeZh,mainstream,risk,【中疾控主任：#新冠肺炎可能成为长期流行的传染病#】在最新发布的中疾控周报中，中国疾病预防控制中心主任高福表示，展望未来，2021年依旧有许多不确定因素，其中之一就是新冠肺炎或将成为全球或局部地区长期流行的传染性疾病。此外，新冠肺炎的许多新特征被陆续报出，比如被感染的患者可能将面对长期 ​​​,147.0,0.0,0.0,0.0078125,147.0
MlWKrwgPt,mainstream,risk,"【#肺部CT检查需求暴增#，#体检机构阳康体检套餐销量破14万#】
“新十条”落地将近一个月，第一批奥密克戎感染患者逐渐转阴，但咳嗽、胸闷气短等症状仍在持续。“新冠后遗症”“白肺”“心肌炎”等成了新冠康复患者新的焦虑来源。为求心安，“阳康”人群涌向了医院和体检中心。医院肺部CT检查人数在近 ​​​",149.0,0.0,0.0,0.008547008547008548,49.666666666666664
Lq4IY9FbI,mainstream,risk,【日本：近1成新冠患者出院一年后仍有后遗症】#日本近1成新冠患者出院一年后仍有后遗症#日本厚生劳动省研究班23日在京都市举行的日本呼吸器官学会公布调查结果称，感染新冠病毒住院的患者中有约10%在出院一年后仍可能留有后遗症。报道称，掌握情况的693人中，出院一年后仍到医疗机构就诊、确认到或为后 ​​​,150.0,0.0,0.0,0.03816793893129771,150.0
LjHesk0Dw,mainstream,risk,【#牛津大学研究发现新冠病毒或加速大脑萎缩#】据外媒报道，英国牛津大学发表在《自然》杂志上的一项研究表明，#新冠病毒可能导致大脑萎缩#。一些新冠患者会出现包括注意力、专注力、信息处理速度下降和记忆力受损等情况。研究人员表示，这些影响是否可以部分逆转，或者是否会长期存在，还需进一步调查 ​​​,146.0,0.0,0.0,0.0,73.0
LiWKdzgwn,mainstream,risk,【#牛津研究称新冠或致脑萎缩#】近日，牛津大学发表在《自然》期刊的最新研究揭露了一些可能出现的新冠后遗症。研究显示，新冠病毒会导致大脑萎缩，并造成与记忆力和嗅觉有关的大脑区域损伤。这项研究对785名年龄分布在51至81岁之间的研究对象先后进行了两次脑部核磁共振扫描，其中400多人在两次扫描之 ​​​,150.0,0.0,0.0,0.03125,75.0
LfIDZF5Xe,mainstream,risk,#新冠后遗症影响有多大#？【#赵思家称无症状新冠患者会有后遗症#】新冠后遗症影响有多大？牛津大学实验心理学系和纳菲尔德临床神经科学系的研究人员表明，患有新冠病毒但在日常生活中没有长期出现新冠病毒症状的人，在长达6-9个月的时间里会表现出注意力和记忆力下降。论文发表在《Brain Communication ​​​,157.0,0.012738853503184714,0.0,0.016260162601626018,52.333333333333336
K4stZx9Ru,mainstream,risk,"【#美男子感染新冠一年后仍呼吸困难#】据福克斯新闻网报道，美国得克萨斯州男子汤米·吉利斯（Tommy Gillis）近日称，距他感染新冠病毒已过去一年，但他仍在治疗肺部损伤的后遗症，存在呼吸困难的情况。吉利斯希望用他的亲身经历来告诫人们，感染新冠病毒后会对身体带来长期的影响。

他的康复医生布列 ​​​",152.0,0.0,0.0,0.0,76.0
K3H7W3EtG,mainstream,risk,【#世卫专家提醒重视新冠造成的长期影响#】世界卫生组织欧洲区域办事处主任克卢格25日说，近来欧洲地区新冠感染率总体呈下降趋势，但世卫组织关注到“新冠后遗症”对健康等方面造成的长期影响，将其视为“后疫情”时期的首要任务。克卢格当天在哥本哈根召开的线上新闻发布会上说，十分之一的欧洲新冠患 ​​​,146.0,0.0,0.0,0.0078125,146.0
MagGrfjHk,mainstream,risk,【吴尊友：预防新冠后遗症最好的方法是预防新冠病毒感染】新冠肺炎暴发已经近三年，全球累计确诊病例超6亿，这些病例可能产生的后遗症有哪些？国务院联防联控机制新闻发布会上，中国疾控中心流行病学首席专家吴尊友回应说，据全球研究结果，新冠后遗症包括：乏力或疲倦、思维障碍或不能集中精力、呼吸 ​​​,144.0,0.006944444444444444,0.0,0.0078125,144.0
LDTolFkta,mainstream,risk,"【日媒：研究人员称#女性比男性更易出现新冠后遗症# 保护好你身边的女生[悲伤]】
新冠后遗症似乎也有性别差异。据日本《每日新闻》20日报道，日本研究人员发现，女性比男性更易出现新冠后遗症，尤其是咳嗽、脱发和味觉障碍。京都大学人类免疫学教授上野秀喜在检查大约70名新冠肺炎感染者的血液样本后发 ​​​",149.0,0.0,0.0,0.015873015873015872,74.5
LiYTtaKz4,mainstream,risk,"【#牛津研究称新冠或致脑萎缩#】
近日，牛津大学发表在《自然》期刊的最新研究揭露了一些可能出现的新冠后遗症。研究显示，新冠病毒会导致大脑萎缩，并造成与记忆力和嗅觉有关的大脑区域损伤。这项研究对785名年龄分布在51至81岁之间的研究对象先后进行了两次脑部核磁共振扫描，其中400多人在两次扫描 ​​​",150.0,0.0,0.0,0.031496062992125984,75.0
KsatBhRpy,mainstream,risk,"【#新冠疫苗后遗症在韩国被认定为工伤#】
韩联社8月6日消息，韩国雇佣劳动部下属劳动福祉公团6日表示，工作疾病判定委员会审议认定接种新冠疫苗后出现四肢麻痹等不良反应症状的助理护士A某为工伤。这是疫苗接种后遗症首次在韩国被认定为工伤。
A某是京畿道一家医院的助理护士，今年3月12日接种阿斯利康 ​​​",150.0,0.0,0.0,0.03731343283582089,75.0
J1nHmjiSi,mainstream,risk,【新冠病毒的后遗症太可怕：远不止是肺损伤与男性不育】#新冠病毒后遗症# 耶鲁大学医学院的心脏病专家约瑟夫•布伦南说:“我们面临的困难在于找出其带来的长期影响。”虽然有些病人可能会完全康复，但他和其他专家担心，新冠肺炎患者会遭受长期的损害，包括肺疤痕、心脏损伤、神经和精神健康影响等。 ​​​,145.0,0.0,0.008064516129032258,0.0,72.5
OqwCXEDZq,mainstream,risk,"【为什么新冠之后总在咳嗽？】据江苏疾控：随着本轮流行的继续发展，近期新冠病毒感染的情况可能变多。
新冠后，为什么很多人长期咳嗽，咽喉部痒咳嗽剧烈？上海市肺科医院呼吸科主任医师胡洋表示，这都是气管敏感度高惹的祸。
咳嗽是呼吸道常见的后遗症，有些人肺上没有病灶，但仍然咳嗽不止，多数是咽 ​​​",145.0,0.013793103448275862,0.0,0.0,36.25
Maiik6ijq,mainstream,risk,【吴尊友：预防新冠后遗症最好的方法是预防新冠病毒感染】新冠肺炎暴发已经近三年，全球累计确诊病例超6亿，这些病例可能产生的后遗症有哪些？国务院联防联控机制新闻发布会上，中国疾控中心流行病学首席专家吴尊友回应说，据全球研究结果，新冠后遗症包括：乏力或疲倦、思维障碍或不能集中精力、呼吸 ​​​,144.0,0.006944444444444444,0.0,0.0078125,144.0
LqyIUdJWN,mainstream,risk,"【上海新增本土1292+9330，新增本土死亡47例】4月27日0—24时，上海新增本土新冠肺炎确诊病例1292例（含既往无症状感染者转为确诊病例858例）和无症状感染者9330例，实际新增本土阳性感染者9764例，432例确诊病例和9140例无症状感染者在隔离管控中发现，其余在相关风险人群排查中发现。
新增本土死亡47 ​​​",165.0,0.0,0.0,0.11475409836065574,165.0
LquGhbjfN,mainstream,risk,【#上海新增本土确诊1292例无症状9330例#】#上海27日新增本土死亡47例# 4月27日0—24时，上海新增本土新冠肺炎确诊病例1292例（含既往无症状感染者转为确诊病例858例）和无症状感染者9330例，432例确诊病例和9140例无症状感染者在隔离管控中发现，其余在相关风险人群排查中发现。新增本土死亡47例。平 ​​​,165.0,0.0,0.0,0.11475409836065574,82.5
Lq6fh1zQW,mainstream,risk,"【上海：重型患者196例 危重型患者23例 新增本土死亡病例51例】总台记者从今天（25日）举行的上海市疫情防控新闻发布会上获悉，截至4月24日24时，在定点医疗机构接受治疗的重型患者196例、危重型患者23例。
4月24日，新增本土死亡病例51例。平均年龄84.2岁，80岁以上高龄老人共37位，最大年龄100岁。51 ​​​",164.0,0.0,0.0,0.13709677419354838,54.666666666666664
Lq2Gvxdhu,mainstream,risk,【#上海新增2472例本土确诊病例和16983例本土无症状感染者#】#上海24日新增本土死亡51例# 4月24日0—24时，上海新增本土新冠肺炎确诊病例2472例和无症状感染者16983例，其中846例确诊病例为此前无症状感染者转归，1557例确诊病例和16835例无症状感染者在隔离管控中发现，其余在相关风险人群排查中发现 ​​​,166.0,0.0,0.0,0.10569105691056911,166.0
LpJLtv2Z9,mainstream,risk,【#上海新增2736例本土确诊和20634例本土无症状#】4月22日0—24时，上海新增本土新冠肺炎确诊病例2736例和无症状感染者20634例，其中1120例确诊病例为此前无症状感染者转归，1542例确诊病例和20490例无症状感染者在隔离管控中发现，其余在相关风险人群排查中发现。新增本土死亡12例。平均年龄88.2岁， ​​​,166.0,0.0,0.0,0.10743801652892562,83.0
KaJc1u2Er,mainstream,risk,【#世卫称有望在几个月内控制新冠疫情# 警告新冠肺炎不是流感】#周刊君与你共同战疫# 周一，世界卫生组织总干事谭德塞在新闻发布会上再次警告称，一些年轻人对感染新冠病毒不以为然，但事实上有年轻健康的患者死于新冠肺炎。即使是对于康复者而言，新冠病毒也可能造成诸多长期后遗症。但谭德塞仍强调， ​​​,147.0,0.0,0.0,0.0,73.5
K2UXBjwPg,mainstream,risk,【中疾控主任：#新冠肺炎可能成为长期流行的传染病#】在最新发布的中疾控周报中，中国疾病预防控制中心主任高福表示，展望未来，2021年依旧有许多不确定因素，其中之一就是新冠肺炎或将成为全球或局部地区长期流行的传染性疾病。此外，新冠肺炎的许多新特征被陆续报出，比如被感染的患者可能将面对长期 ​​​,147.0,0.0,0.0,0.0078125,147.0
JyCyBeoLy,mainstream,risk,#海外网评#【美国30万人死于新冠，疫苗能为悲剧画上句号吗？】“每天，亲人死于新冠肺炎的家庭数量都在以骇人的速度增长。”当地时间12月14日，美国新冠肺炎死亡病例超过30万后，CNN发出这样的悲鸣。时下，美国已启动新冠疫苗接种，但疫苗能为30万人死于新冠的悲剧画上句号吗？答案，仍在风中飘荡。一 ​​​,151.0,0.013245033112582781,0.0,0.040983606557377046,30.2
Mpj95D2N8,mainstream,risk,#李谷一回应缺席春晚#今日李谷一在其个人社交媒体上发文表示，今年在医院治病，参加不了春晚。她表示，“我的新冠病情恢复的慢，还在后遗症反应中”，此前央视主持人张泽群曾在微博上透露，由于刚刚“阳康”，身体抱恙的李谷一只能缺席兔年春晚，另据文汇报，1983年至今的40年春晚，只有两年没听到李谷 ​​​,148.0,0.0,0.008130081300813009,0.016260162601626018,148.0
NysrOj3td,wemedia,risk,"很多人跟我反映，说疫情后有时心脏会突然“刺痛”一下，有点干扰到呼吸，深呼吸也会扯着胸口疼，可是几秒后又跟没事人一样。

担心是新冠的后遗症，导致心脏出了问题，那么这种突然的刺痛，到底是不是心脏疾病呢？

我们先来描述下是不是这种胸口痛的症状：
1、疼痛区域在胸骨中间靠左的位置；
2、痛感 ​​​",148.0,0.006756756756756757,0.016260162601626018,0.016260162601626018,49.333333333333336
MmrC8uZMt,mainstream,risk,【#感染新冠后为什么会脱发#？】#专家说感染新冠后脱发比较普遍# 近日，有网友表示在感染新冠后出现了脱发的现象。新冠感染后为什么会出现脱发？脱发是新冠感染的后遗症吗？多长时间可以恢复？清华大学附属北京清华长庚医院皮肤科副主任医师段晓涵表示：感染新冠之后出现脱发的情况，是比较普遍的。感 ​​​,146.0,0.0273972602739726,0.0,0.0,24.333333333333332
Lp8GM8nRu,mainstream,risk,【上海现有重型患者21例】上海市卫健委一级巡视员吴乾渝介绍，截至4月18日24时，在定点医疗机构接受治疗的重型患者有21例。4月18日新增死亡病例7例，年龄从60岁到101岁，合并冠心病、糖尿病、高血压、脑梗后遗症、脑出血等严重的基础疾病，均未接种新冠病毒疫苗，上述的7例入院后病情加重，抢救无效死 ​​​,153.0,0.0,0.0,0.08661417322834646,153.0
K2Oqa92hO,mainstream,risk,【中疾控主任：#新冠肺炎可能成为长期流行的传染病#】在最新发布的中疾控周报中，中国疾病预防控制中心主任高福表示，2021年依旧有许多不确定因素，其中之一就是新冠肺炎或将成为全球或局部地区长期流行的传染性疾病。此外，新冠肺炎的许多新特征被陆续报出，比如被感染的患者可能将面对长期的后遗症、 ​​​,147.0,0.0,0.0,0.0078125,147.0
Lvyz2uICe,mainstream,risk,"【梅西：新冠后遗症，害得我们出局了】在接受阿根廷媒体《TYC》采访时，梅西谈到了此前感染新冠病毒对自己的影响：

“新冠对我冲击挺大的。我有大部分人的所有症状。咳嗽、嗓子痛、发烧。而且我的肺部有后遗症。病好后也一度无法训练。我痊愈后大概有一个半月没法跑步，因为我肺部受到了影响。”

“ ​​​",147.0,0.0,0.05982905982905983,0.0,24.5
J4PAp6VAc,mainstream,risk,"【英媒：新冠轻症患者也可能有长期后遗症】英媒今日发出提醒，即使是轻症患者，康复后也可能遭受长期的健康问题，比如肺部损伤。

详情见：http://t.cn/A62OVt1x 

#英国疫情##欧洲新冠肺炎病例进展##全球防疫的迷幻操作##英国新冠肺炎病例进展##全球疫情##海外抗疫日记##德国疫情##意大利疫情# ​​​",161.0,0.0,0.0,0.017857142857142856,161.0
MpjgNsR3A,mainstream,risk,【李谷一回应缺席春晚，身体还在恢复中，40年春晚只缺席2次】1月21日，李谷一在其个人社交媒体上发文表示，今年在医院治病，参加不了春晚。她表示，“我的新冠病情恢复的慢，还在后遗症反应中。”此前，央视主持人张泽群曾在微博上透露，由于刚刚“阳康”，身体抱恙的李谷一只能缺席兔年春晚。 ​​​,143.0,0.0,0.00847457627118644,0.03389830508474576,47.666666666666664
LoqJXb30d,mainstream,risk,"【抗疫“躺平”后，英国正在承受这些“后遗症”】英国新冠病毒感染水平已攀升至历史最高水平，但依照该国政府宣布的“与新冠共存”计划，英国绝大多数地区已解除所有防控限制措施，并取消了针对新冠的入境限制措施，将“政府防控转向个人责任”。

　　然而，无论从公众健康经受的真实风险、病毒持续变 ​​​",145.0,0.0,0.0,0.0,145.0
MgvchuVVQ,mainstream,risk,"【#广州已有1.1万余人出舱#，他们有传染性吗？会二次感染吗？】11月23日，广州市卫生健康委副主任、新闻发言人张屹在疫情防控新闻发布会上介绍，截至22日广州已启用19个方舱医院，累计出舱1.1万余人。

这批出舱人员还有传染性吗，会复阳吗，会有后遗症吗？围绕市民群众关心的问题，南方+记者采访了中 ​​​",153.0,0.0196078431372549,0.0,0.04838709677419355,38.25
KaGcfbam4,mainstream,risk,【#世卫称有望在几个月内控制新冠疫情##世卫警告新冠肺炎不是流感#】当地时间4月12日，世界卫生组织总干事谭德塞在新闻发布会上再次警告称，一些年轻人对感染新冠病毒不以为然，但事实上有年轻健康的患者死于新冠肺炎。即使是对于康复者而言，新冠病毒也可能造成诸多长期后遗症。但谭德塞仍强调，只要 ​​​,147.0,0.0,0.0,0.015503875968992248,73.5
MpjxDaMag,mainstream,risk,【#李谷一回应缺席春晚#】1月21日，李谷一在其个人社交媒体上发文表示，今年在医院治病，参加不了春晚。她表示，“我的新冠病情恢复的慢，还在后遗症反应中。”此前，央视主持人张泽群曾在微博上透露，由于刚刚“阳康”，身体抱恙的李谷一只能缺席兔年春晚。另据文汇报，1983年至今的40年春晚，只有两 ​​​,149.0,0.0,0.008403361344537815,0.03361344537815126,49.666666666666664
KaGiWomHB,mainstream,risk,【#世卫称有望在几个月内控制新冠疫情##世卫警告新冠肺炎不是流感#】周一，世界卫生组织总干事谭德塞在新闻发布会上再次警告称，一些年轻人对感染新冠病毒不以为然，但事实上有年轻健康的患者死于新冠肺炎。即使是对于康复者而言，新冠病毒也可能造成诸多长期后遗症。但谭德塞仍强调，只要各国保证公平 ​​​,146.0,0.0,0.0,0.0,73.0
K7pxXjyIG,mainstream,risk,【#难忍新冠后遗症美国一CEO自杀#】3月18日，美国知名连锁餐厅“得克萨斯客栈”创始人和CEO，因难忍新冠肺炎后遗症自杀身亡，享年65岁。他的遗体，在其位于肯塔基州的住宅附近被发现。其家人称，他生前遭遇了包括严重耳鸣在内的新冠后遗症，由于病情愈发严重，最终走上绝路...http://t.cn/A6tDGIFt via ​​​,164.0,0.0,0.0,0.03418803418803419,82.0
LDEeih7ae,mainstream,risk,【拍客独家：全球抗疫记 | 法国面包师讲述丧失味觉和嗅觉后的生活】45岁的面包师戴安娜·塞利奇（Diana Selic）正努力使自己的味觉和嗅觉恢复正常。她来自塞尔维亚，已经在法国生活了23年，现在在里昂拥有一家面包店。2021年夏天，她在黑山布德瓦市不幸感染了新冠病毒，其后遗症包括嗅觉失灵以及味觉改 ​​​,155.0,0.0,0.00819672131147541,0.02459016393442623,77.5
LCuRZevEP,mainstream,risk,【后疫情时代，如何管理流行病？请政治不要再压制科学】100万的死亡人数并不意味着疫情在美国已经结束。随着病毒仍在不断变异，甚至以更快的速度传播，2022年5月份新冠病例在美国再次激增。而那些幸存下来的新冠病人，可能有的历尽余生，都不得不忍受各种慢性后遗症的困扰。如何有效管理这一流行病将是 ​​​,148.0,0.006756756756756757,0.0,0.0234375,37.0
LsVLujapF,mainstream,risk,【上海新增本土确诊194例和本土无症状1487例】据上海市卫健委：5月13日0—24时，上海新增本土新冠肺炎确诊病例194例和无症状感染者1487例，其中140例确诊病例为既往无症状感染者转归，54例确诊病例和1486例无症状感染者在隔离管控中发现。新增本土死亡1例。该患者为84岁男性，合并有心律失常、高血压、 ​​​,160.0,0.0,0.0,0.104,80.0
LsM8bsSvZ,mainstream,risk,【上海新增227例本土确诊病例和1869例本土无症状感染者】5月12日0—24时，上海新增本土新冠肺炎确诊病例227例和无症状感染者1869例，其中167例确诊病例为既往无症状感染者转归，60例确诊病例和1865例无症状感染者在隔离管控中发现。新增本土死亡病例2例，系两例年龄分别为88岁、89岁的老年患者，合并有 ​​​,161.0,0.0,0.0,0.11023622047244094,161.0
LquTtELfY,mainstream,risk,【上海新增1292例本土确诊病例和9330例本土无症状感染者】4月27日0—24时，上海新增本土新冠肺炎确诊病例1292例（含既往无症状感染者转为确诊病例858例）和无症状感染者9330例，432例确诊病例和9140例无症状感染者在隔离管控中发现，其余在相关风险人群排查中发现。新增本土死亡47例。平均年龄84.7岁， ​​​,163.0,0.0,0.0,0.10483870967741936,81.5
Lq2K59pVB,mainstream,risk,【上海新增2472例本土确诊病例和16983例本土无症状感染者】4月24日0—24时，上海新增本土新冠肺炎确诊病例2472例和无症状感染者16983例，其中846例确诊病例为此前无症状感染者转归，1557例确诊病例和16835例无症状感染者在隔离管控中发现，其余在相关风险人群排查中发现。新增本土死亡病例51例。平均年 ​​​,163.0,0.0,0.0,0.0967741935483871,81.5
MmrU8gGDp,wemedia,risk,【#感染新冠后为什么会脱发#？】#专家说感染新冠后脱发比较普遍# 近日，有网友表示在感染新冠后出现了脱发的现象。新冠感染后为什么会出现脱发？脱发是新冠感染的后遗症吗？多长时间可以恢复？清华大学附属北京清华长庚医院皮肤科副主任医师段晓涵表示：感染新冠之后出现脱发的情况，是比较普遍的。感 ​​​,146.0,0.0273972602739726,0.0,0.0,24.333333333333332
MmrSeoLan,wemedia,risk,【#感染新冠后为什么会脱发#？】#专家说感染新冠后脱发比较普遍# 近日，有网友表示在感染新冠后出现了脱发的现象。新冠感染后为什么会出现脱发？脱发是新冠感染的后遗症吗？多长时间可以恢复？清华大学附属北京清华长庚医院皮肤科副主任医师段晓涵表示：感染新冠之后出现脱发的情况，是比较普遍的。感 ​​​,146.0,0.0273972602739726,0.0,0.0,24.333333333333332
Ll1UrcPqQ,mainstream,risk,【新冠后遗症的应对方法】上个月韩国确诊新冠的权某（36岁）呼吁道:“出现感染前没有过的低烧、恶寒症状，而且有时会出现类似呼吸过度的呼吸困难症状”，“比以前更加疲劳，影响工作”。确诊为新冠肺炎后，隔离结束后仍出现后遗症的人群正在增加。以下通过Q&A解答了所谓的治愈后症状持续或出现新症状有 ​​​,147.0,0.0,0.0,0.008,73.5
JCc60Dv3U,mainstream,risk,【新冠疫苗后遗症是“流感的4倍”】虽然从下个月开始韩国将开始接种新冠疫苗，但是世界各地都出现了新冠疫苗副作用事例和无用论，国民的不安感正在加大。据美联社等媒体报道，美国疾病控制和预防中心（CDC）6日（当地时间）表示，在530多万人注射了COVID-19疫苗，其中29人患出现了过敏症反应。 这29名 ​​​,154.0,0.0,0.0,0.04918032786885246,77.0
IFwvFvxtN,mainstream,risk,【康京和“习近平上半年访韩难实现”】外交部长官28康京和表示，因新冠事态，中国国家主席习近平于今年上半年访问韩国的可能性降低。康部长当天出席国会外交统一委员会全体会议表示，“习近平主席上半年的访韩可能性因新冠事态大大降低了”。虽然最近中国的新冠肺炎扩散趋势明显减弱，但仍然存在后遗症 ​​​,145.0,0.0,0.0,0.0078125,72.5
MnUIi5XsS,mainstream,risk,【“阳康”后超25%人群患有睡眠障碍？#睡眠出现问题的三大表现#】#关灯后30分钟内睡不着或有睡眠问题# 专家表示，睡眠不好有个标准：当躺在床上关灯后，如果超过30分钟还睡不着的话，或已经具有入睡困难的问题。或者在起夜后30分钟仍无法入睡，或为睡眠维持困难。早醒同样为失眠表现。全球有数据研究显 ​​​,151.0,0.006622516556291391,0.0,0.03225806451612903,37.75
MkTz6cpck,mainstream,risk,【#转阴后为什么会味觉嗅觉减退#】近期多位网友反映，感染康复后出现味觉、嗅觉减退的症状。国外研究表明，嗅觉丧失很可能是身体的免疫系统对新冠病毒感染作出的反应。医生表示，这并非是新冠后遗症，只能说是感染的症状之一，大多数#感染后味觉减退1个月内可恢复#，如果味觉嗅觉减退的情况超过一个月 ​​​,146.0,0.0,0.0,0.007874015748031496,73.0
MkA1A6zD5,mainstream,risk,【#专家称重复感染死亡风险翻倍#】一篇近日发表在《自然医学》的论文显示，与仅感染一次新冠的患者相比，重复感染者的死亡风险增加一倍多，住院风险、患肺部疾病、心脏病的可能性高出三倍多，而且患神经系统疾病的可能性高出60%。研究人员还发现，重复感染后的第一个月，患者疾病风险升高最为明显，在 ​​​,146.0,0.0,0.0,0.008064516129032258,146.0
MaeGU2R5n,mainstream,risk,【吴尊友：#新冠后遗症覆盖范围广# 症状可持续数周、数月甚至更长时间】10月13日，在国务院联防联控机制新闻发布会上，中国疾控中心流行病学首席专家吴尊友表示，新冠后遗症又叫新冠长期症状，世界卫生组织在2021年10月份给出的临床定义，新冠后遗症通常发生在感染新冠发病后的3个月内，可以是急性感染 ​​​,151.0,0.0,0.0,0.0390625,151.0
MsEgPmGdZ,mainstream,risk,【#西安一医院开设新冠后遗症专病门诊# 解决咳嗽、胸闷等问题】很多人阳康后，落下很多“后遗症”：咳嗽、咽痛咽痒、胸闷气短，不明原因的头晕、乏力以及肺间质纤维化等症状，这些症状也被称为长新冠综合症。针对新冠感染者“转阴”后存在的不适症状，近日，西安市胸科医院为更好地为新冠感染患者服务 ​​​,145.0,0.0,0.0,0.0,145.0
MpiVgqTOO,mainstream,risk,"【#李谷一回应缺席春晚#：新冠病情恢复慢】
1月21日，歌唱家李谷一于其个人社交账号发文，解释今年自己参加不了春晚的原因：

大家好，我是你们的老朋友李谷一，我今年是在医院治病，参加不了春晚了，陪不了大家过2023的新年！只是太遗憾！剧组一直在等我出医院，但我的新冠病情恢复的慢，还在后遗症反 ​​​",150.0,0.013333333333333334,0.04065040650406504,0.024390243902439025,75.0
MmDFvtCmw,mainstream,risk,"【#杭州不少人阳后出现妇科问题#】近期，不少“阳过”的女性，又有了新烦恼：有人出现月经失调，有人白带异常。在一些聊天群里，关于“阳过”后妇科问题的讨论就一直没有停止过。

在杭州市第一人民医院妇科，最近因为月经失调、白带异常来看病的患者也不少，很多人都表示，自己在“阳过”后，出现了各 ​​​",146.0,0.0,0.00847457627118644,0.0,73.0
Mm5uV5zQQ,mainstream,risk,【奥密克戎七问七答：#元旦聚餐旅行会二次感染吗#？】临近元旦，部分地方新增感染者仍处于快速增长期，#国内是否会产生新的变异株#？很多患者转阴后，仍然存在咳嗽、嗅觉味觉减退等症状，这属于后遗症吗？假期聚餐旅行会二次感染吗？感染新冠会变“白肺“ 吗？我们该如何与新冠长期共存?  ​​​,141.0,0.0425531914893617,0.008695652173913044,0.0,23.5
MhAIOsME0,mainstream,risk,"【#新华社科普长新冠#】新华社11月25日文章：随着全球新冠病毒感染基数持续扩大，欧美等国越来越多的人受到“长新冠”困扰。“长新冠”让人们意识到，新冠病毒感染不仅仅是急性事件，其后较长时间内的一系列症状无论对于个体健康影响还是公共卫生负担，均不容忽视。

　　如何定义

　　“长新冠”通常 ​​​",149.0,0.0,0.0,0.01694915254237288,74.5
MaanGEigK,mainstream,risk,"【不堪新冠后遗症折磨，21岁英国网球选手宣布退役】#21岁网球选手因新冠后遗症退役# 10月11日，21岁的英国网球运动员塔尼莎·迪萨纳亚克（Tanysha Dissanayake）宣布退役，新冠病毒在其不满20岁时提前终结了她的职业生涯，在受新冠后遗症折磨一年多后，她正式告别职业网坛。

迪萨纳亚克写道：“一项运 ​​​",162.0,0.0,0.0,0.05128205128205128,162.0
LsViT4oZY,mainstream,risk,【上海新增本土确诊194例和本土无症状1487例】据上海市卫健委：5月13日0—24时，上海新增本土新冠肺炎确诊病例194例和无症状感染者1487例，其中140例确诊病例为既往无症状感染者转归，54例确诊病例和1486例无症状感染者在隔离管控中发现。#新增本土死亡1例#。该患者为84岁男性，合并有心律失常、高血压 ​​​,161.0,0.0,0.0,0.104,80.5
LsEfeCcsj,mainstream,risk,【#全球新冠最长随访#：#逾千名出院患者2年后超半数仍有后遗症#[感冒]】中国团队的一项最新研究报道了不同严重程度的新冠住院幸存者在急性COVID-19感染后2年内健康结局的纵向演变。研究显示，最初发病6个月后，68%的参与者报告了至少一种后遗症症状；其中，疲劳或肌肉无力是报告最多的症状，31%报告睡 ​​​,155.0,0.0,0.0,0.047619047619047616,77.5
LssZFzmXF,mainstream,risk,【上海新增228例本土确诊和1259例本土无症状】据上海市卫健委：5月10日0—24时，上海新增本土新冠肺炎确诊病例228例和无症状感染者1259例，其中198例确诊病例为既往无症状感染者转归，30例确诊病例和1259例无症状感染者在隔离管控中发现。新增本土死亡7例。平均年龄87.3岁，最小年龄75岁，最大年龄98岁 ​​​,163.0,0.0,0.0,0.11904761904761904,81.5
LqXOxBx7h,mainstream,risk,"【#上海新增本土死亡病例38例# 平均年龄80.9岁】记者从1日举行的上海市疫情防控新闻发布会上获悉，截至4月30日24时，在定点医疗机构接受治疗的重型患者342例、危重型61例。
4月30日，上海新增本土死亡病例38例，平均年龄80.9岁。38位患者均有较为严重的急慢性基础疾病，包括急性心肌梗死、肺栓塞、冠心 ​​​",160.0,0.0,0.0,0.10236220472440945,80.0
N18sX7WNI,mainstream,risk,【“感染次数越多，后遗症风险越高！”#高福称长新冠是基本事实#】 近日，由国家感染性疾病临床医学研究中心、中国人民解放军总医院第五医学中心主办的国家感染性疾病临床医学研究中心 2023 年学术年会在北京召开。针对新冠病毒，高福表示，在后新冠时期，大家开始讨论人类已经走出了新冠病毒的阴影， ​​​,148.0,0.006756756756756757,0.0,0.008130081300813009,74.0
Mn0FXDdKu,mainstream,risk,"#乏力咳嗽不算新冠病毒感染后遗症# 新冠病毒感染后，烧退了，但是却一直咳嗽、乏力等。这是不是新冠病毒感染后遗症？#阳过阳康的真实感受# 
在河南省几家医院的新冠康复门诊上，不少患者都有这样的疑问。
河南中医药大学第三附属医院中医内科医生李志刚说，新冠后遗症是一种需要长期临床观察的症状，而 ​​​",148.0,0.006756756756756757,0.0,0.0,49.333333333333336
MkzAA8Mr0,mainstream,risk,【#贺州四年级学生高热惊厥离世#，惊厥是否与新冠相关？专家解答】近日，广西贺州一名四年级学生高热惊厥离世引发社会关注。此前网传聊天截图显示，徐某萱的妈妈发消息称，徐某萱12月13日检测是弱阳，医生开药回家隔离后，在14日发烧至39.5℃，吃药退烧后，在16日出现浑身酸痛，17日早上突然翻白眼抢救 ​​​,152.0,0.006578947368421052,0.0,0.048,76.0
LsDP5y5ly,mainstream,risk,【#全球新冠最长随访#：#逾千名金银潭出院患者2年后超半数仍有症状#[感冒]】中国团队的一项最新研究报道了不同严重程度的新冠住院幸存者在急性COVID-19感染后2年内健康结局的纵向演变。研究显示，最初发病6个月后，68%的参与者报告了至少一种后遗症症状；其中，疲劳或肌肉无力是报告最多的症状，31%报 ​​​,155.0,0.0,0.0,0.047619047619047616,77.5
LsDMV6f5b,mainstream,risk,【全球新冠最长随访：#逾千名金银潭出院患者2年后超半数仍有症状# 】中国团队的一项最新研究报道了不同严重程度的新冠住院幸存者在急性COVID-19感染后2年内健康结局的纵向演变。这项迄今最长的新冠患者随访研究由中日友好医院曹彬教授、中国医学科学院北京协和医学院王健伟教授率领的团队完成。该项研 ​​​,150.0,0.0,0.0,0.022900763358778626,75.0
Lrq4x9bBz,mainstream,risk,"【#上海新增本土死亡病例16例均未接种疫苗# 】记者从今天（4日）举行的上海市疫情防控新闻发布会上获悉，截至5月3日24时，在定点医疗机构接受治疗的重型患者486例、危重型95例。

5月3日，新增本土死亡病例16例，平均年龄82.9岁。16位患者均合并有严重的多脏器慢性基础疾病及恶性肿瘤，包括慢性淋巴细 ​​​",157.0,0.0,0.0,0.09448818897637795,78.5
LqbKoApUs,mainstream,risk,【#上海新增33岁死亡病例# #上海25日新增本土死亡52例#】上海市卫健委今早（26日）通报：2022年4月25日0—24时，新增本土新冠肺炎确诊病例1661例和无症状感染者15319例，其中968例确诊病例为此前无症状感染者转归，675例确诊病例和15120例无症状感染者在隔离管控中发现，其余在相关风险人群排查中发现 ​​​,165.0,0.0,0.0,0.11475409836065574,165.0
K3IjXhsil,wemedia,risk,"#世卫专家提醒重视新冠后遗症##新冠后遗症像各种症状不同组合#【#世卫专家提醒重视新冠造成的长期影响#[话筒]】世界卫生组织欧洲区域办事处主任克卢格25日说，近来欧洲地区新冠感染率总体呈下降趋势，但世卫组织关注到“新冠后遗症”对健康等方面造成的长期影响，将其视为“后疫情”时期的首要任务。

 ​​​",150.0,0.0,0.0,0.008,150.0
K3GNhoR9S,wemedia,risk,"#世卫专家提醒重视新冠后遗症##新冠后遗症像各种症状不同组合#【#世卫专家提醒重视新冠造成的长期影响#[话筒]】世界卫生组织欧洲区域办事处主任克卢格25日说，近来欧洲地区新冠感染率总体呈下降趋势，但世卫组织关注到“新冠后遗症”对健康等方面造成的长期影响，将其视为“后疫情”时期的首要任务。

 ​​​",150.0,0.0,0.0,0.008,150.0
Mplpt6SqC,mainstream,risk,【春晚第3次没有她的《难忘今宵》 李谷一：在医院治病，新冠恢复慢】#李谷一回应缺席春晚# 1月21日，著名女高音歌唱演员李谷一发文称，因在医院治病参加不了春晚，很遗憾陪不了大家过2023年新年。她表示，因新冠病情恢复得慢，还在后遗症反应中。李谷一领唱的《难忘今宵》，对亿万观众而言是春晚不变的 ​​​,150.0,0.0,0.0,0.03278688524590164,75.0
MiBuS9kul,mainstream,risk,"【#关于疫情他瞎说了30句大实话#】
01 

这个病毒是真的无法清零了

——你以为是不想清零吗？并不是，是真的清不了零了。这个病毒要阻隔传播，只能对全社会采取静默。而长时间静默，经济和社会都会崩溃。

 02 

新冠病毒将与人类长期共存

——迄今为止，人类真正消灭的传染病只有天花。99.99%病毒都 ​​​",158.0,0.006329113924050633,0.0,0.034482758620689655,31.6
J6g4raUmH,mainstream,risk,【周知！#湖北新冠治愈者康复费用无需个人承担#】呼吸与危重症专家童朝晖：部分新冠肺炎重症和危重症患者，出院后留下一些后遗症，需要继续康复。但不少需要康复的患者，因担心费用问题，没有及时到医院进行康复治疗。现在我们联络组明晰了，湖北患者的康复费用不需要自己承担。（央视新闻） ​​​,140.0,0.007142857142857143,0.016666666666666666,0.0,35.0
MdiNi3NpZ,mainstream,risk,【美国近2400万成年人患有长期新冠后遗症 或有400万因此失业】当地时间11月2日，根据美国疾病控制与预防中心的数据，美国近2400万名成年人患有“长期新冠”后遗症。其中，西弗吉尼亚州报告“长期新冠a”症状的比例最高，达49%，佛蒙特州的比例最低，为22%。此外，超过四分之一的佛罗里达州新冠患者表示 ​​​,155.0,0.0,0.0,0.05737704918032787,77.5
LyD9VwQdp,mainstream,risk,【全球首个奥密克戎后遗症研究发表 这五种最常见】6月16日，英国伦敦国王学院在《柳叶刀》上发布了全世界首个关于奥密克戎后是否会患有“新冠后遗症”的研究。研究者观察了5万多名奥密克戎病毒感染者与4万多名德尔塔病毒感染者，结论是：奥密克戎导致“长期新冠”的概率是德尔塔概率的一半。哈佛公共卫 ​​​,147.0,0.0,0.0,0.03125,73.5
Lq30lnyRA,mainstream,risk,【日本：近1成新冠患者出院一年后仍有后遗症】日本厚生劳动省研究班23日在京都市举行的日本呼吸器官学会公布调查结果称，感染新冠病毒住院的患者中有约10%在出院一年后仍可能留有后遗症。报道称，掌握情况的693人中，出院一年后仍到医疗机构就诊、确认到或为后遗症的症状的人占9.8%。从主要症状来看， ​​​,150.0,0.0,0.0,0.03875968992248062,75.0
K2P4RoCR2,wemedia,risk,【中疾控主任：#新冠肺炎可能成为长期流行的传染病#】在最新发布的中疾控周报中，中国疾病预防控制中心主任高福表示，展望未来，2021年依旧有许多不确定因素，其中之一就是新冠肺炎或将成为全球或局部地区长期流行的传染性疾病。此外，新冠肺炎的许多新特征被陆续报出，比如被感染的患者可能将面对长期 ​​​,147.0,0.0,0.0,0.0078125,147.0
L35wicyBI,wemedia,risk,"研究发现，即便是非重症患者，在确诊新冠近1年后，依旧存在多系统问题，如睡眠困难、呼吸急促、乏力和关节疼痛等身体症状，以及焦虑、抑郁等心理问题。

此外，56.7%非重症患者表现出了肺部CT异常，包括磨玻璃样混浊，支气管扩张，结节，以及纤维化等。#中国团队新冠后遗症研究##疫情防控 青年力量# ​​​",150.0,0.0,0.0,0.016666666666666666,75.0
KaGwk7SNQ,wemedia,risk,【#世卫称有望在几个月内控制新冠疫情# 】周一，世界卫生组织总干事谭德塞在新闻发布会上再次警告称，一些年轻人对感染新冠病毒不以为然，但事实上有年轻健康的患者死于新冠肺炎。即使是对于康复者而言，新冠病毒也可能造成诸多长期后遗症。但谭德塞仍强调，只要各国保证公平疫苗接种，全面做好公共卫 ​​​,145.0,0.0,0.0,0.0,72.5
K2OgIu4s8,wemedia,risk,【中疾控主任：#新冠肺炎可能成为长期流行的传染病#】在最新发布的中疾控周报中，中国疾病预防控制中心主任高福表示，展望未来，2021年依旧有许多不确定因素，其中之一就是新冠肺炎或将成为全球或局部地区长期流行的传染性疾病。此外，新冠肺炎的许多新特征被陆续报出，比如被感染的患者可能将面对长期 ​​​,147.0,0.0,0.0,0.0078125,147.0
J6gyg4Ky5,wemedia,risk,【周知！#湖北新冠治愈者康复费用无需个人承担#】呼吸与危重症专家童朝晖：部分新冠肺炎重症和危重症患者，出院后留下一些后遗症，需要继续康复。但不少需要康复的患者，因担心费用问题，没有及时到医院进行康复治疗。现在我们联络组明晰了，湖北患者的康复费用不需要自己承担。#青春微话题#    ​​​,144.0,0.006944444444444444,0.01652892561983471,0.0,36.0
MiMDlaI7g,wemedia,risk,"12月9日上午8点，在线上举行的“中国医学会呼吸病学年会-2022”视频会议中，中国工程院院士钟南山做了题为《新冠奥密克戎（Oｍicron）疫情动态及应对》的报告。

钟南山表示，在全国范围内，第二波奥密克戎（Oｍicron）疫情的点是传播性强，但与德尔塔Delta毒株相比，奥密克戎毒株引发新冠后遗症风险显 ​​​",158.0,0.0,0.0,0.03389830508474576,158.0
M4F9wy6Qz,wemedia,risk,"美媒：美国数百万人因“长新冠”丢掉工作 政府应出来应对

　　海外网9月6日电据美国《国会山报》5日报道，新冠后遗症正在影响美国的劳动力市场，约有数百万美国人受“长新冠”相关症状拖累而被迫离开就业市场。

　　这些“长新冠”患者通常在感染新冠后的几个月持续出现症状，常见症状包括疲劳、呼吸 ​​​",148.0,0.0,0.0,0.024793388429752067,148.0
L38aoEPxm,wemedia,risk,【#中国团队新冠后遗症研究#：出院近一年，仍会呼吸急促、抑郁】感染新冠肺炎一年后，新冠患者们怎么样了？武汉协和医院的研究团队给出了最新研究成果。11月23日，中国《医学前沿》期刊刊登了一篇华中科技大学同济医学院附属协和医院（简称武汉协和医院）团队发表的论文。研究发现，即便是非重症患者， ​​​,147.0,0.006802721088435374,0.0,0.016260162601626018,49.0
Lscal6QnS,mainstream,risk,"【日本一成新冠患者一年后仍有后遗症】日本厚生劳动省一个研究组最近调查发现，日本国内因出现新冠病毒感染症状而入院治疗的患者中，大约10%在出院一年后仍受到后遗症困扰。
共同社8日援引调查结果报道，最常见的后遗症是肌肉力量变弱，7.4%的患者有此症状；其次是呼吸困难，占比为4.4%；排第三的是嗜 ​​​",150.0,0.0,0.0,0.031007751937984496,50.0
Mml6B9a1D,mainstream,risk,【奥密克戎七问七答：#元旦聚餐旅行会二次感染吗#？】元旦期间，部分地方新增感染者仍处于快速增长期，#国内是否会产生新的变异株#？很多患者转阴后，仍然存在咳嗽、嗅觉味觉减退等症状，这属于后遗症吗？假期聚餐旅行会二次感染吗？感染新冠会变“白肺“ 吗？我们该如何与新冠长期共存？（央视网） ​​​,145.0,0.041379310344827586,0.00847457627118644,0.0,24.166666666666668
K2OF7DxTZ,mainstream,risk,【中疾控主任：#新冠肺炎可能成为长期流行的传染病#】在最新发布的中疾控周报中，中国疾病预防控制中心主任高福表示，展望未来，2021年依旧有许多不确定因素，其中之一就是新冠肺炎或将成为全球或局部地区长期流行的传染性疾病。此外，新冠肺炎的许多新特征被陆续报出，比如被感染的患者可能将面对长期 ​​​,147.0,0.0,0.0,0.0078125,147.0
JeNsg7XJT,mainstream,risk,"【#帮你问院士# | 对付新冠后遗症，中医有没有办法？】

读者“Ryan”问：听说新冠肺炎患者康复后还会面临一些生理及心理上的后遗症，中医药有没有什么好的治疗方法？

“这些方面我们都在进行研究，也做了很多的病例。”仝小林院士介绍说，新冠肺炎后遗症主要在呼吸道，有些病人肺部损伤，导致肺功能 ​​​",150.0,0.013333333333333334,0.00847457627118644,0.0,50.0
MnwAPpW99,mainstream,risk,【#阳康后一直乏力怎么办#】随着“阳康”的人越来越多，感染新冠病毒的“后遗症”也逐步显现，乏力就是其中比较常见的一种。对此，哈尔滨医科大学附属第二医院呼吸内科医生韩开宇介绍，目前针对感染新冠病毒后乏力的症状没有特效药物。她建议，患者在“阳康”后的4~8周内，应健康饮食，多喝水，充分休 ​​​,146.0,0.0,0.0,0.01652892561983471,73.0
MmoVeCzFQ,mainstream,risk,【#新冠感染后为什么会出现脱发#？多长时间可以恢复？】近日，有网友表示在感染新冠后出现了脱发的现象。脱发是新冠感染的后遗症吗？多长时间可以恢复？清华大学附属北京清华长庚医院皮肤科副主任医师段晓涵表示，病毒有可能引起毛囊周围的炎症反应，此外，焦虑、休息不好等原因也会引起休止期脱发。目 ​​​,145.0,0.027586206896551724,0.0,0.0,24.166666666666668
LqusmAqSe,mainstream,risk,【#上海新增1292例本土确诊9330例无症状##上海新增本土死亡47例#】上海市卫健委今早（28日）通报：2022年4月27日0—24时，新增本土新冠肺炎确诊病例1292例（含既往无症状感染者转为确诊病例858例）和无症状感染者9330例，实际新增本土阳性感染者9764例，432例确诊病例和9140例无症状感染者在隔离管控中 ​​​,168.0,0.0,0.0,0.125,168.0
Lq2e08GFQ,mainstream,risk,【上海新增2472例本土确诊病例和16983例本土无症状感染者】4月24日0时至24时，上海新增本土新冠肺炎确诊病例2472例和无症状感染者16983例，其中846例确诊病例为此前无症状感染者转归，1557例确诊病例和16835例无症状感染者在隔离管控中发现，其余在相关风险人群排查中发现。新增本土死亡病例51例。平均 ​​​,163.0,0.0,0.0,0.096,81.5
Lp7C6dqiT,mainstream,risk,【#上海新增3084例本土确诊##上海新增7例本土死亡病例#】上海市卫健委今早（19日）通报：2022年4月18日0—24时，新增本土新冠肺炎确诊病例3084例（含既往无症状感染者转为确诊病例974例）和无症状感染者17332例，实际新增本土阳性感染者19442例，其中1894例确诊病例和16998例无症状感染者在隔离管控中 ​​​,167.0,0.0,0.0,0.11764705882352941,167.0
LrrjBuVrl,wemedia,risk,"#上海战疫##上海加油# 【上海目前接受治疗的重型患者486例 危重型95例】
 5月4日10:00，上海举行新冠肺炎疫情防控工作新闻发布会，上海市卫生健康委副主任赵丹丹介绍，截至5月3日24时，在定点医疗机构接受治疗的重型患者486例、危重型95例。5月3日，新增本土死亡病例16例，平均年龄82.9岁。16位患者均 ​​​",163.0,0.0,0.0,0.12698412698412698,81.5
LpKu5FsHG,wemedia,risk,【上海现有重型患者157例 危重型患者18例】4月23日，上海举行新冠肺炎疫情防控新闻发布会，市卫生健康委一级巡视员吴乾渝介绍，截至4月22日24时，在定点医疗机构接受治疗的重型患者157例、危重型患者18例。4月22日，新增本土死亡病例12例。平均年龄88.2岁，最大年龄99岁。12位患者均合并有严重的慢性多 ​​​,160.0,0.0,0.0,0.1171875,53.333333333333336
KaGrWiQSr,wemedia,risk,【#世卫称有望在几个月内控制新冠疫情#，警告新冠肺炎不是流感】周一，世界卫生组织总干事谭德塞在新闻发布会上再次警告称，一些年轻人对感染新冠病毒不以为然，但事实上有年轻健康的患者死于新冠肺炎。即使是对于康复者而言，新冠病毒也可能造成诸多长期后遗症。但谭德塞仍强调，只要各国保证公平疫苗 ​​​,145.0,0.0,0.0,0.0,72.5
K2OxvsXoX,mainstream,risk,#全球抗疫第一线#【中疾控主任：#新冠肺炎可能成为长期流行的传染病#】在最新发布的中疾控周报中，中国疾病预防控制中心主任高福表示，展望未来，2021年依旧有许多不确定因素，其中之一就是新冠肺炎或将成为全球或局部地区长期流行的传染性疾病。此外，新冠肺炎的许多新特征被陆续报出，比如被感染的患 ​​​,148.0,0.0,0.0,0.007874015748031496,148.0
MmsfnjlS0,wemedia,risk,【#感染新冠后为什么会脱发#？】#专家说感染新冠后脱发比较普遍# 近日，有网友表示在感染新冠后出现了脱发的现象。新冠感染后为什么会出现脱发？脱发是新冠感染的后遗症吗？多长时间可以恢复？清华大学附属北京清华长庚医院皮肤科副主任医师段晓涵表示：感染新冠之后出现脱发的情况，是比较普遍的。感 ​​​,146.0,0.0273972602739726,0.0,0.0,24.333333333333332
Mm6EgiHyN,mainstream,risk,【奥密克戎七问七答：#元旦聚餐旅行会二次感染吗#？】临近元旦，部分地方新增感染者仍处于快速增长期，#国内是否会产生新的变异株#？很多患者转阴后，仍然存在咳嗽、嗅觉味觉减退等症状，这属于后遗症吗？假期聚餐旅行会二次感染吗？感染新冠会变“白肺“ 吗？我们该如何与新冠长期共存? ​​​,140.0,0.04285714285714286,0.008695652173913044,0.0,23.333333333333332
MkUN2xk7m,mainstream,risk,"【#转阴后为什么会味觉嗅觉减退#】近期多位网友反映，感染康复后出现味觉、嗅觉减退的症状。国外研究表明，嗅觉丧失很可能是身体的免疫系统对新冠病毒感染作出的反应。医生表示，这并非是新冠后遗症，只能说是感染的症状之一，大多数#感染后味觉减退1个月内可恢复#，如果味觉嗅觉减退的情况超过一个月
 ​​​",147.0,0.0,0.0,0.007874015748031496,73.5
L35mSiZ3C,mainstream,risk,"【#中国团队新冠后遗症研究#：出院近一年，仍会呼吸急促、抑郁】感染新冠肺炎一年后，新冠患者们怎么样了？武汉协和医院的研究团队给出了最新研究成果。

11月23日，中国《医学前沿》期刊刊登了一篇华中科技大学同济医学院附属协和医院（简称武汉协和医院）团队发表的论文。研究发现，即便是非重症患者 ​​​",148.0,0.006756756756756757,0.0,0.016260162601626018,49.333333333333336
KtII5Eu1X,mainstream,risk,【#美国亚裔一家15口派对后全部感染##美14岁亚裔儿童患新冠精神性后遗症#】8月9日，据外媒报道，美国加州15口人的亚裔家庭，举办生日派对后全部感染新冠。家中14岁的小儿子患上新冠精神性后遗症，变得激动易怒。6月中旬，家庭15名成员在密闭室内举办生日派对，随后家庭成员接连确诊并进行新冠康复治疗 ​​​,152.0,0.0,0.0,0.06201550387596899,76.0
KthfLwTo9,mainstream,risk,【#日本专家称东京疫情蔓延已失控#：#日本新冠后遗症患者增多#】#周刊君与你共同战疫# 日本疫情仍在蔓延，东京涩谷一家医院的新冠后遗症门诊患者也越来越多。一名40多岁的女性4月感染新冠肺炎，目前已康复，但现在还是无法正常生活，连朋友都不敢见。另一位大学生患者表示，康复后身体一直感觉很疲惫， ​​​,149.0,0.0,0.0,0.015873015873015872,74.5
KaH3p6iPs,mainstream,risk,【#世卫称有望在几个月内控制新冠疫情# 】周一，世界卫生组织总干事谭德塞在新闻发布会上再次警告称，一些年轻人对感染新冠病毒不以为然，但事实上有年轻健康的患者死于新冠肺炎。即使是对于康复者而言，新冠病毒也可能造成诸多长期后遗症。但谭德塞仍强调，只要各国保证公平疫苗接种，全面做好公共卫 ​​​,145.0,0.0,0.0,0.0,72.5
K4ifJ8t5b,mainstream,risk,【[话筒]#世卫提醒重视新冠长期影响#】世界卫生组织欧洲区域办事处主任克卢格表示，“新冠后遗症”对健康等方面造成长期影响。大约十分之一的欧洲新冠肺炎患者，愈后12周仍有不适症状，许多人的症状会持续更长时间。#世卫称年底前结束疫情不现实#，接种疫苗是实现全球范围内集体免疫的唯一方法。（央视 ​​​,148.0,0.0,0.0,0.008,49.333333333333336
Mnw2litQK,mainstream,risk,【#阳康后一直乏力怎么办#】随着“阳康”的人越来越多，感染新冠病毒的“后遗症”也逐步显现，乏力就是其中比较常见的一种。对此，哈尔滨医科大学附属第二医院呼吸内科医生韩开宇介绍，目前针对感染新冠病毒后乏力的症状没有特效药物。她建议，患者在“阳康”后的4~8周内，应健康饮食，多喝水，充分休 ​​​,146.0,0.0,0.0,0.01652892561983471,73.0
LquqOdsuR,mainstream,risk,【#上海新增1292例本土确诊9330例无症状##上海新增本土死亡47例#】上海市卫健委今早（28日）通报：2022年4月27日0—24时，新增本土新冠肺炎确诊病例1292例（含既往无症状感染者转为确诊病例858例）和无症状感染者9330例，实际新增本土阳性感染者9764例，432例确诊病例和9140例无症状感染者在隔离管控中 ​​​,168.0,0.0,0.0,0.125,168.0
Lq2ao9Hda,mainstream,risk,【上海新增2472例本土确诊病例和16983例本土无症状感染者】4月24日0时至24时，上海新增本土新冠肺炎确诊病例2472例和无症状感染者16983例，其中846例确诊病例为此前无症状感染者转归，1557例确诊病例和16835例无症状感染者在隔离管控中发现，其余在相关风险人群排查中发现。新增本土死亡病例51例。平均 ​​​,163.0,0.0,0.0,0.096,81.5
Lp7BXoLUx,mainstream,risk,【#上海新增3084例本土确诊##上海新增7例本土死亡病例#】上海市卫健委今早（19日）通报：2022年4月18日0—24时，新增本土新冠肺炎确诊病例3084例（含既往无症状感染者转为确诊病例974例）和无症状感染者17332例，实际新增本土阳性感染者19442例，其中1894例确诊病例和16998例无症状感染者在隔离管控中 ​​​,167.0,0.0,0.0,0.11764705882352941,167.0
M8gQbmBCM,mainstream,risk,【就实论事|疫情的代价】疲劳、头痛、咳嗽、疼痛、呼吸困难、记忆力衰退……大量感染过新冠病毒的人们承受着新冠后遗症或“长新冠”所带来的痛苦。可偏偏有些国家将政治凌驾于科学之上，妄言疫情已经结束，或鼓吹“共存论”。这种不负责任的行为带来了哪些沉痛代价？特约时事评论员艾那•唐根为您就实 ​​​,144.0,0.006944444444444444,0.0,0.0,48.0
LCinb3OIm,mainstream,risk,【后疫情时代，如何管理流行病？请政治不要再压制科学】100万的死亡人数并不意味着疫情在美国已经结束。随着病毒仍在不断变异，甚至以更快的速度传播，2022年5月份新冠病例在美国再次激增。而那些幸存下来的新冠病人，可能有的历尽余生，都不得不忍受各种慢性后遗症的困扰。如何有效管理这一流行病将是 ​​​,148.0,0.006756756756756757,0.0,0.0234375,37.0
N554KaUGO,mainstream,risk,"#二阳# 【“二阳”发展为“长新冠”的可能性更大！医生提醒：阳后第一时间做这件事！】6月11日，中国疾控中心通报5月全国新冠疫情：2023年5月全国共报告新增重症病例2777例、死亡病例164例（其中新冠病毒感染导致呼吸功能衰竭死亡病例3例、基础疾病合并新冠病毒感染死亡病例161例）。
“二阳”发展为“ ​​​",156.0,0.01282051282051282,0.0,0.07627118644067797,52.0
N3RSYyA9j,mainstream,risk,【#多次感染对身体的危害有多大#？专家：导致身体的免疫力低下】#专家称不排除二阳后还会有三阳#“二阳”之后还会有“三阳”吗？最近，不少“二阳”的人已经痊愈，普遍反映症状很轻微。甚至还有人表示，症状轻就算以后“三阳”“四阳”也不怕了；还有人认为，“阳”过几次后免疫力会被训练得更好？那多 ​​​,146.0,0.02054794520547945,0.0,0.0,29.2
LsEkJlzZz,mainstream,risk,【#全球新冠最长随访#：#逾千名出院患者2年后超半数仍有后遗症#[感冒]】中国团队的一项最新研究报道了不同严重程度的新冠住院幸存者在急性COVID-19感染后2年内健康结局的纵向演变。研究显示，最初发病6个月后，68%的参与者报告了至少一种后遗症症状；其中，疲劳或肌肉无力是报告最多的症状，31%报告睡 ​​​,155.0,0.0,0.0,0.047619047619047616,77.5
K2OKYeXX0,mainstream,risk,【中疾控主任：#新冠肺炎可能成为长期流行的传染病#】在最新发布的中疾控周报中，中国疾病预防控制中心主任高福表示，展望未来，2021年依旧有许多不确定因素，其中之一就是新冠肺炎或将成为全球或局部地区长期流行的传染性疾病。此外，新冠肺炎的许多新特征被陆续报出，比如被感染的患者可能将面对长期 ​​​,147.0,0.0,0.0,0.0078125,147.0
N2ENr7LUy,mainstream,risk,【#二阳比一阳症状轻吗#？】#二阳会留下后遗症吗# 近日，“二阳”等新冠病毒二次感染的话题引起了大家的关注。有网友表示“二阳”症状轻很多，也有网友表示“二阳”依然很难受。专家建议：“二阳”患者不要带病上班，否则不利于感染者恢复，还会增加病毒传播的风险。你或身边的人经历“二阳”了吗？症 ​​​,146.0,0.0136986301369863,0.0,0.0,29.2
MlOhYnBIM,mainstream,risk,"【小心！#阳康后吃这些东西或致疾病复发#！】据封面新闻：新冠感染初愈后，身体仍需要大量营养来保证免疫系统的能量供给，但要注意食补不能操之过急，一定要给身体留下充足的休养时间。

阳康后这些东西不要立即吃 食补、大吃大喝或致疾病复发
据杭州市中医院消息，中医认为高烧之后，疾病初愈，病邪尚 ​​​",147.0,0.013605442176870748,0.0,0.0,49.0
Ml2dIvjyK,mainstream,risk,"#感染奥密克戎会不会留下后遗症#【感染奥密克戎的人群会不会留下后遗症？“复阳”的可能大吗？】#感染奥密克戎复阳的可能大吗#

感染奥密克戎变异株后会不会留下后遗症？

首都医科大学附属北京朝阳医院副院长、北京市呼吸疾病研究所所长童朝晖：医学上对后遗症定义是某些器官组织损害以后，功能不能恢 ​​​",148.0,0.02027027027027027,0.0,0.0,49.333333333333336
MkTgE1xDa,mainstream,risk,#感染后为什么味觉嗅觉减退#【新冠感染后味觉嗅觉减退？专家：#感染后嗅觉味觉减退1个月内可恢复#】 据人民日报健康：“发烧、浑身酸痛的症状消失后，还是闻不到味道，喝醋都感觉没有酸味，我这是咋了？”近期多位网友在社交媒体平台上反应，感染康复后出现味觉、嗅觉减退的症状，有人2-3天自动恢复了 ​​​,148.0,0.013513513513513514,0.008130081300813009,0.024390243902439025,74.0
MhUWjvMiw,mainstream,risk,"【#5位新冠康复者自述阳之后#】很长一段时间里，人们对于感染奥密克戎的认知出现了两极分化。有人觉得，“那只是一场感冒，恐惧大于疾病本身。”也有人还是担心，“那么多老人和孩子呢？留下后遗症可是一辈子的事。”

11月30日，中山大学附属第三医院感染性疾病科教授、广州黄埔方舱医疗队负责人崇雨 ​​​",148.0,0.006756756756756757,0.0,0.02459016393442623,37.0
LsjxV0G0y,mainstream,risk,【上海新增本土确诊234例无症状2780例】5月9日0—24时，上海新增本土新冠肺炎确诊病例234例和无症状感染者2780例，其中156例确诊病例为既往无症状感染者转归，78例确诊病例和2775例无症状感染者在隔离管控中发现。新增本土死亡病例6例。平均年龄79.5岁，最小年龄65岁，最大年龄90岁。6位患者合并有严重 ​​​,163.0,0.0,0.0,0.12598425196850394,54.333333333333336
LqWH636WS,mainstream,risk,【上海新增788例本土确诊7084例本土无症状感染者 新增本土死亡38例】4月30日0—24时，上海新增本土新冠肺炎确诊病例788例和无症状感染者7084例，其中683例确诊病例为既往无症状感染者转归，105例确诊病例和7084例无症状感染者在隔离管控中发现。新增本土死亡38例。平均年龄80.9岁，最小年龄50岁，最大 ​​​,164.0,0.0,0.0,0.12,82.0
MdiAeoJyy,mainstream,risk,【#美国近2400万成年人患有长期新冠后遗症# ！】当地时间11月2日，根据美国疾病控制与预防中心的数据，美国近2400万名成年人患有“长期新冠”后遗症。其中，西弗吉尼亚州报告“长期新冠”症状的比例最高，达49%，佛蒙特州的比例最低，为22%。此外，超过四分之一的佛罗里达州新冠患者表示经历了“长期新 ​​​,154.0,0.006493506493506494,0.0,0.05042016806722689,51.333333333333336
MaiEEu35j,mainstream,risk,"【#全球新冠后遗症患者预计近1.45亿#，超200种症状 如何应对？】#新冠后遗症存在超200种症状#新冠疫情即将走完第三个年头。

数据显示，目前全球感染人数超6亿，累计死亡人数超过656万。

新冠后遗症正被越来越多讨论和关注。

9月13日，世卫组织发文称，美国华盛顿大学医学院健康指标与评估研究所 (IH ​​​",160.0,0.00625,0.0,0.05737704918032787,40.0
LsMnA9NGG,mainstream,risk,"#上海新增本土死亡2例# 【上海新增227例本土确诊病例和1869例本土无症状感染者】5月12日0—24时，上海新增本土新冠肺炎确诊病例227例和无症状感染者1869例，其中167例确诊病例为既往无症状感染者转归，60例确诊病例和1865例无症状感染者在隔离管控中发现。

新增本土死亡病例2例，系两例年龄分别为88岁 ​​​",163.0,0.0,0.0,0.11023622047244094,163.0
LsjZnxvUp,mainstream,risk,"【上海新增234例本土确诊病例和2780例本土无症状感染者】5月9日0—24时，上海新增本土新冠肺炎确诊病例234例和无症状感染者2780例，其中156例确诊病例为既往无症状感染者转归，78例确诊病例和2775例无症状感染者在隔离管控中发现。

新增本土死亡病例6例。

平均年龄79.5岁，最小年龄65岁，最大年龄90 ​​​",164.0,0.0,0.0,0.12,82.0
LqXrc6lZ5,mainstream,risk,"【上海新增788例本土确诊病例和7084例本土无症状感染者】4月30日0—24时，上海新增本土新冠肺炎确诊病例788例和无症状感染者7084例，其中683例确诊病例为既往无症状感染者转归，105例确诊病例和7084例无症状感染者在隔离管控中发现。

新增本土死亡38例。

平均年龄80.9岁，最小年龄50岁，最大年龄97岁 ​​​",166.0,0.0,0.0,0.12096774193548387,83.0
Lq4S0lq56,mainstream,risk,"【#上海新增本土死亡病例51例#】 截至4月24日24时，在定点医疗机构接受治疗的重型患者196例、危重型患者23例。

4月24日，新增本土死亡病例51例。平均年龄84.2岁，80岁以上高龄老人共37位，最大年龄100岁。51位患者基础疾病严重，累及多个脏器，包括急性冠脉综合征、心力衰竭、严重心律失常、高血压3级 ​​​",162.0,0.0,0.0,0.12195121951219512,54.0
Lp2UmhcqU,mainstream,risk,"【#上海市新增死亡病例3例#】 今天（18日）举行的上海市疫情防控新闻发布会上获悉，截至4月17日24时，定点医疗机构接受治疗的重型患者有16例。

4月17日，上海市新增死亡病例3例。均为高龄，同时合并急性冠脉综合征、糖尿病、高血压、脑梗后遗症等严重的基础疾病，均未接种新冠肺炎病毒疫苗。入院后病 ​​​",153.0,0.0,0.0,0.07258064516129033,51.0
LcBcQC1O6,mainstream,risk,#莫斯科不相信眼泪女主演感染新冠去世# 【《莫斯科不相信眼泪》女主演感染新冠去世 其丈夫、该片导演也因新冠去世】据报道，《莫斯科不相信眼泪》女主演薇拉·阿莲托娃1月14日因感染新冠去世，享年79岁。此前，薇拉·阿莲托娃的丈夫、《莫斯科不相信眼泪》的导演弗拉基米尔·缅绍夫因新冠肺炎后遗症于去年 ​​​,150.0,0.0,0.0,0.024390243902439025,150.0
KaGEhgaGn,mainstream,risk,【#世卫称有望在几个月内控制新冠疫情##世卫警告新冠肺炎不是流感#】周一，世界卫生组织总干事谭德塞在新闻发布会上再次警告称，一些年轻人对感染新冠病毒不以为然，但事实上有年轻健康的患者死于新冠肺炎。即使是对于康复者而言，新冠病毒也可能造成诸多长期后遗症。但谭德塞仍强调，只要各国保证公平 ​​​,146.0,0.0,0.0,0.0,73.0
LsM0lmKiZ,wemedia,risk,【上海新增227例本土确诊病例和1869例本土无症状感染者】5月12日0—24时，上海新增本土新冠肺炎确诊病例227例和无症状感染者1869例，其中167例确诊病例为既往无症状感染者转归，60例确诊病例和1865例无症状感染者在隔离管控中发现。新增本土死亡病例2例，系两例年龄分别为88岁、89岁的老年患者，合并有 ​​​,161.0,0.0,0.0,0.11023622047244094,161.0
LssZeokAX,wemedia,risk,【上海新增228例本土确诊和1259例本土无症状】据上海市卫健委：5月10日0—24时，上海新增本土新冠肺炎确诊病例228例和无症状感染者1259例，其中198例确诊病例为既往无症状感染者转归，30例确诊病例和1259例无症状感染者在隔离管控中发现。新增本土死亡7例。平均年龄87.3岁，最小年龄75岁，最大年龄98岁 ​​​,163.0,0.0,0.0,0.11904761904761904,81.5
LquJZ0xbv,wemedia,risk,【上海新增1292例本土确诊病例和9330例本土无症状感染者】4月27日0—24时，上海新增本土新冠肺炎确诊病例1292例（含既往无症状感染者转为确诊病例858例）和无症状感染者9330例，432例确诊病例和9140例无症状感染者在隔离管控中发现，其余在相关风险人群排查中发现。新增本土死亡47例。平均年龄84.7岁， ​​​,163.0,0.0,0.0,0.10483870967741936,81.5
Lq2bkF0A5,wemedia,risk,【上海新增2472例本土确诊病例和16983例本土无症状感染者】4月24日0—24时，上海新增本土新冠肺炎确诊病例2472例和无症状感染者16983例，其中846例确诊病例为此前无症状感染者转归，1557例确诊病例和16835例无症状感染者在隔离管控中发现，其余在相关风险人群排查中发现。新增本土死亡病例51例。平均年 ​​​,163.0,0.0,0.0,0.0967741935483871,81.5
J75FH00iY,mainstream,risk,【#查尔斯王子味觉嗅觉尚未恢复#】6月 16日，英国查尔斯王子携夫人卡米拉看望医院工作人员。自3月王室宣布感染其新冠肺炎消息，查尔斯已结束隔离恢复健康，当日他谈及康复经历，称自己的味觉和嗅觉尚未完全恢复。在看望医务人员期间，夫妇两人始终与大家保持2米社交距离，用双手合十礼代替握手 ​​​,144.0,0.0,0.007936507936507936,0.031746031746031744,72.0
MooRXwrVr,mainstream,risk,【三大表现！#如何自判睡眠是否出现问题#】#阳康过程中睡眠障碍为主要体现#专家表示，睡眠不好有个标准：当躺在床上关灯后，如果超过30分钟还睡不着的话，或已经具有入睡困难的问题。或者在起夜后30分钟仍无法入睡，或为睡眠维持困难。早醒同样为失眠表现。全球有数据研究显示，在新冠康复过程中，睡眠 ​​​,148.0,0.006756756756756757,0.0,0.016,37.0
MnVkX6JzX,mainstream,risk,【“阳康”后超25%人群患有睡眠障碍？#睡眠出现问题的三大表现#】#关灯后30分钟内睡不着或有睡眠问题# 专家表示，睡眠不好有个标准：当躺在床上关灯后，如果超过30分钟还睡不着的话，或已经具有入睡困难的问题。或者在起夜后30分钟仍无法入睡，或为睡眠维持困难。早醒同样为失眠表现。全球有数据研究显 ​​​,151.0,0.006622516556291391,0.0,0.03225806451612903,37.75
Mn15rlnet,mainstream,risk,"#乏力咳嗽不算新冠病毒感染后遗症# 新冠病毒感染后，烧退了，但是却一直咳嗽、乏力等。这是不是新冠病毒感染后遗症？#阳过阳康的真实感受# 
在河南省几家医院的新冠康复门诊上，不少患者都有这样的疑问。
河南中医药大学第三附属医院中医内科医生李志刚说，新冠后遗症是一种需要长期临床观察的症状，而 ​​​",148.0,0.006756756756756757,0.0,0.0,49.333333333333336
Mm64uhBi9,mainstream,risk,【奥密克戎七问七答：#元旦聚餐旅行会二次感染吗#？】临近元旦，部分地方新增感染者仍处于快速增长期，#国内是否会产生新的变异株#？很多患者转阴后，仍然存在咳嗽、嗅觉味觉减退等症状，这属于后遗症吗？假期聚餐旅行会二次感染吗？感染新冠会变“白肺“ 吗？我们该如何与新冠长期共存?  ​​​,141.0,0.0425531914893617,0.008695652173913044,0.0,23.5
K2OkZi1bX,mainstream,risk,【中疾控主任高福：#新冠肺炎可能成为长期流行的传染病#】在最新发布的中疾控周报中，中国疾病预防控制中心主任高福表示，展望未来，新冠肺炎或将成为全球或局部地区长期流行的传染性疾病。此外，新冠肺炎的许多新特征被陆续报出，比如被感染的患者可能将面对长期的后遗症、反复感染、复阳以及长期或间 ​​​,145.0,0.0,0.0,0.0,145.0
MldIZBjRl,wemedia,risk,【不出门也感染？感染10天还有症状是后遗症吗？专家：5天是居家观察极限时间】随着这一波奥密克戎BF.7变异株的感染者度过感染期，一些与“阳过”“阳康”相关的疑问也困扰着康复者。湖北省武汉市金银潭医院感染疾病科主任文丹宁是新冠肺炎省市联合专家组成员，从事传染病临床工作20余年，参与了“非典 ​​​,148.0,0.013513513513513514,0.0,0.031746031746031744,49.333333333333336
LquKdfSmh,mainstream,risk,【上海新增1292例本土确诊病例和9330例本土无症状感染者】4月27日0—24时，上海新增本土新冠肺炎确诊病例1292例（含既往无症状感染者转为确诊病例858例）和无症状感染者9330例，432例确诊病例和9140例无症状感染者在隔离管控中发现，其余在相关风险人群排查中发现。新增本土死亡47例。平均年龄84.7岁， ​​​,163.0,0.0,0.0,0.10483870967741936,81.5
LpSZ5BXBm,mainstream,risk,"【#上海新增本土确诊1401例无症状19657例#】上海市卫健委通报： 4月23日0—24时，上海新增本土新冠肺炎确诊病例1401例和无症状感染者19657例，其中541例确诊病例为此前无症状感染者转归，816例确诊病例和19421例无症状感染者在隔离管控中发现，其余在相关风险人群排查中发现。
新增本土死亡39例。平均 ​​​",164.0,0.0,0.0,0.09917355371900827,82.0
JnTQqhAbz,mainstream,risk,【#特朗普出院返回白宫#，此前发文称感觉良好不要害怕】当地时间10月5日晚，美国总统特朗普离开医院，乘坐专机返回白宫。此前，他在社交媒体上发文称感觉很好，不要害怕新冠，不要让它支配你的生活。目前，美国有20.8万人因新冠病毒丧生，很多康复者也因此有长期后遗症。@时差视频  ​​​,140.0,0.0,0.0,0.02586206896551724,46.666666666666664
Lr8DthYGI,mainstream,risk,【#上海新增本土死亡32例平均年龄84.1岁#】记者从5月2日举行的上海市新冠肺炎疫情防控新闻发布会上获悉，5月1日，上海新增本土死亡病例32例，平均年龄84.1岁。32位患者合并有严重的多脏器疾病及肿瘤，包括冠心病、心功能不全、急性冠脉综合征、重度高血压、脑梗死及后遗症、阿尔兹海默症、糖尿病、慢性 ​​​,154.0,0.0,0.0,0.07086614173228346,154.0
MmrDu7wiU,wemedia,risk,【#感染新冠后为什么会脱发#？】#专家说感染新冠后脱发比较普遍# 近日，有网友表示在感染新冠后出现了脱发的现象。新冠感染后为什么会出现脱发？脱发是新冠感染的后遗症吗？多长时间可以恢复？清华大学附属北京清华长庚医院皮肤科副主任医师段晓涵表示：感染新冠之后出现脱发的情况，是比较普遍的。感 ​​​,146.0,0.0273972602739726,0.0,0.0,24.333333333333332
Mafly3xqx,wemedia,risk,【吴尊友：#新冠后遗症覆盖范围广# 症状可持续数周、数月甚至更长时间】10月13日，在国务院联防联控机制新闻发布会上，中国疾控中心流行病学首席专家吴尊友表示，新冠后遗症又叫新冠长期症状，世界卫生组织在2021年10月份给出的临床定义，新冠后遗症通常发生在感染新冠发病后的3个月内，可以是急性感染 ​​​,151.0,0.0,0.0,0.0390625,151.0
Iv2YRi3as,mainstream,risk,【福州市卫健委通报2月19日新冠肺炎疫情情况】2月19日，福州1名新型冠状病毒肺炎危重症患者经省、市专家全力抢救无效，不幸去世。患者，男，84岁，为确诊患者的密切接触者，2月9日采集患者咽拭子检测为新型冠状病毒核酸阳性，经省、市专家会诊确诊为新冠肺炎患者，既往有脑梗塞后遗症、慢性肾功能不全 ​​​,149.0,0.0,0.0,0.0625,149.0
MfUHs0Ih6,mainstream,risk,"#CGTN智库# 2020年暴发的新冠肺炎疫情持续至今，仍在全球范围肆虐。世界卫生组织宣布疫情持续构成“国际关注的突发公共卫生事件”，建议各国对新冠疫情进行持续监测并更新其防范应对计划。基于您所了解的情况，您对新冠肺炎疫情的观点是：

调查问题：科学研究表明，部分患者在新冠感染数月后，依然有 ​​​",150.0,0.0,0.0,0.008064516129032258,75.0
Mm5RFo1sO,mainstream,risk,【奥密克戎七问七答：#元旦聚餐旅行会二次感染吗#？】临近元旦，部分地方新增感染者仍处于快速增长期，#国内是否会产生新的变异株#？很多患者转阴后，仍然存在咳嗽、嗅觉味觉减退等症状，这属于后遗症吗？假期聚餐旅行会二次感染吗？感染新冠会变“白肺“ 吗？我们该如何与新冠长期共存?  ​​​,141.0,0.0425531914893617,0.008695652173913044,0.0,23.5
LqXPylPGz,mainstream,risk,"【上海：重型患者342例 危重型患者61例 新增本土死亡病例38例】总台记者从今天（1日）举行的上海市疫情防控新闻发布会上获悉，截至4月30日24时，在定点医疗机构接受治疗的重型患者342例、危重型61例。

　　4月30日，上海新增本土死亡病例38例，平均年龄80.9岁。38位患者均有较为严重的急慢性基础疾病 ​​​",160.0,0.0,0.0,0.11290322580645161,80.0
Lq2K5aweN,mainstream,risk,【上海新增2472例本土确诊病例和16983例本土无症状感染者】4月24日0—24时，上海新增本土新冠肺炎确诊病例2472例和无症状感染者16983例，其中846例确诊病例为此前无症状感染者转归，1557例确诊病例和16835例无症状感染者在隔离管控中发现，其余在相关风险人群排查中发现。新增本土死亡病例51例。平均年 ​​​,163.0,0.0,0.0,0.0967741935483871,81.5
MlXlu6mfw,mainstream,risk,"#新冠患者99%可以排除心肌炎#【#肺部CT检查需求暴增#，#体检机构阳康体检套餐销量破14万#】
“新十条”落地将近一个月，第一批奥密克戎感染患者逐渐转阴，但咳嗽、胸闷气短等症状仍在持续。“新冠后遗症”“白肺”“心肌炎”等成了新冠康复患者新的焦虑来源。为求心安，“阳康”人群涌向了医院和体检中 ​​​",151.0,0.0,0.0,0.017094017094017096,75.5
KsFFe0sRn,mainstream,risk,【上完课第二天就忘……#美国部分青少年称新冠后遗症影响学业#[晕]】近日，美国研究显示，一些感染过新冠病毒的青少年患上了长期的后遗症，轻症患儿则可能面临认知障碍等疾病。以15岁的威尔·格罗根为例，这名九年级的中学生做作业时对前一天讲过的知识感到陌生，其他症状还包括疲劳、腿痛和头晕。这种 ​​​,147.0,0.0,0.0,0.008,73.5
KgZORFA4G,mainstream,risk,#美国新冠康复者出现巨舌症# 【美多名新冠康复者出现罕见后遗症，舌头大到嘴装不下……[傻眼]】据美媒5月22日报道，佛罗里达州一名46岁男子感染新冠肺炎接受治疗痊愈后，却罹患一种罕见的后遗症——巨舌症。他的舌头伸出嘴外约8厘米长，十分肿大，既无法正常吃喝，也无法与人正常交流。最后，在多方问 ​​​,149.0,0.0,0.0,0.032520325203252036,74.5
O5shLtgL0,wemedia,risk,"#你新冠后“变笨”了吗# 新冠后遗症多样且可累及全身多个脏器、系统，包括疲劳、运动后不适、呼吸困难、心慌、嗅味觉异常等症状。
而认知问题，健忘或注意力不集中等，通常被称为“脑雾”，也是受到广泛关注的“长新冠”症状之一。你新冠后是否健忘或注意力难以集中呢？ ​​​",131.0,0.007633587786259542,0.0,0.0,43.666666666666664
O4MtnrKtu,wemedia,risk,"#你有新冠后遗症吗# 乏力或疲倦、思维障碍或不能集中精力、睡眠障碍、持续咳嗽、关节或肌肉疼痛等都属于新冠后遗症，这些症状可能会持续数周、数月甚至更长时间，严重影响患者的生活质量。
春季气温变化无常，对人体的免疫力是一项考验，请务必增强体质做好防护。你有新冠后遗症吗？ ​​​",137.0,0.0072992700729927005,0.0,0.0,45.666666666666664
LjHalEl8M,wemedia,risk,【#牛津大学研究发现新冠病毒或加速大脑萎缩#】据外媒报道，英国牛津大学发表在《自然》杂志上的一项研究表明，#新冠病毒可能导致大脑萎缩#。一些新冠患者会出现包括注意力、专注力、信息处理速度下降和记忆力受损等情况。研究人员表示，这些影响是否可以部分逆转，或者是否会长期存在，还需进一步调查 ​​​,146.0,0.0,0.0,0.0,73.0
Mpk4vv5uy,mainstream,risk,"【今年春晚，没有她！本人回应】1月21日，李谷一在其个人社交媒体上发文表示，今年在医院治病，参加不了春晚。她表示，“我的新冠病情恢复的慢，还在后遗症反应中。”

此前，央视主持人张泽群曾在微博上透露，由于刚刚“阳康”，身体抱恙的李谷一只能缺席兔年春晚。

另据文汇报，1983年至今的40年春 ​​​",150.0,0.006666666666666667,0.008547008547008548,0.03418803418803419,37.5
K2NMW0HH2,mainstream,risk,【中疾控主任：#新冠肺炎可能成为长期流行的传染病#】在最新发布的中疾控周报中，中国疾病预防控制中心主任高福表示，展望未来，2021年依旧有许多不确定因素，其中之一就是新冠肺炎或将成为全球或局部地区长期流行的传染性疾病。此外，新冠肺炎的许多新特征被陆续报出，比如被感染的患者可能将面对长期 ​​​,147.0,0.0,0.0,0.0078125,147.0
N2Xaq97AV,wemedia,risk,"#新冠防疫手册# 【感染新冠病毒后会留下后遗症吗？专家解答来啦】近段时间以来，新冠病毒二次感染的话题引起大家的关注。一些人感染新冠病毒康复后，可能会在短期内存在乏力、心跳加速、肺功能下降等症状，有人因此担心，感染新冠病毒后会留下后遗症。对此，国务院联防联控机制组织专家进行了解答。

 ​​​",146.0,0.00684931506849315,0.0,0.0,36.5
MkTAbyyS4,mainstream,risk,【#转阴后为什么会味觉嗅觉减退#】近期多位网友反映，感染康复后出现味觉、嗅觉减退的症状。国外研究表明，嗅觉丧失很可能是身体的免疫系统对新冠病毒感染作出的反应。医生表示，这并非是新冠后遗症，只能说是感染的症状之一，大多数#感染后味觉减退1个月内可恢复#，如果味觉嗅觉减退的情况超过一个月 ​​​,146.0,0.0,0.0,0.007874015748031496,73.0
LsLQJpCby,mainstream,risk,【上海新增227例本土确诊病例和1869例本土无症状感染者】5月12日0—24时，上海新增本土新冠肺炎确诊病例227例和无症状感染者1869例，其中167例确诊病例为既往无症状感染者转归，60例确诊病例和1865例无症状感染者在隔离管控中发现。新增本土死亡病例2例，系两例年龄分别为88岁、89岁的老年患者，合并有 ​​​,161.0,0.0,0.0,0.11023622047244094,161.0
J6fQT68Qu,mainstream,risk,【周知！#湖北新冠治愈者康复费用无需个人承担#】呼吸与危重症专家童朝晖：部分新冠肺炎重症和危重症患者，出院后留下一些后遗症，需要继续康复。但不少需要康复的患者，因担心费用问题，没有及时到医院进行康复治疗。现在我们联络组明晰了，湖北患者的康复费用不需要自己承担。（央视新闻）  ​​​,141.0,0.0070921985815602835,0.016666666666666666,0.0,35.25
IDKGahX5c,mainstream,risk,【新冠重症康复后，会留下后遗症吗？援鄂医生在线解答】“我特别幸运，每次都赶上新政策！”B站UP主蘑菇鸭新冠重症康复后大赞武汉的隔离条件，“像养猪，比我自己吃外卖好多了，国家真是好！”但他在恢复期中会出现胸闷的问题，疑虑自己会不会留下了后遗症？我们邀请援助武汉的尹江涛医生，对线蘑菇鸭 ​​​,145.0,0.027586206896551724,0.04065040650406504,0.0,36.25
Mplts7DcI,mainstream,risk,【春晚第3次没有她的《难忘今宵》 李谷一：在医院治病，新冠恢复慢】#李谷一回应缺席春晚# 1月21日，著名女高音歌唱演员李谷一发文称，因在医院治病参加不了春晚，很遗憾陪不了大家过2023年新年。她表示，因新冠病情恢复得慢，还在后遗症反应中。李谷一领唱的《难忘今宵》，对亿万观众而言是春晚不变的 ​​​,150.0,0.0,0.0,0.03278688524590164,75.0
N2lBYCkna,mainstream,risk,【美国研究表明：#约10%的奥密克戎感染者有长新冠症状#】当地时间5月25日，权威期刊《美国医学会杂志》发布一项针对感染新冠病毒后遗症的研究报告，该报告由美国国立卫生研究院发起。报告显示，约10%的人在感染新冠病毒奥密克戎毒株后出现“长新冠”病症，这个结果比新冠病毒“大流行”早期的预计水平 ​​​,149.0,0.0,0.0,0.03225806451612903,149.0
N19Su8mcF,mainstream,risk,【中科院院士高福：#长新冠是基本事实#】#感染次数越多后遗症风险越高# 据每日经济新闻报道：近日，由国家感染性疾病临床医学研究中心、中国人民解放军总医院第五医学中心主办的国家感染性疾病临床医学研究中心2023年学术年会在北京召开。记者在现场注意到，中科院院士高福等专家学者就长新冠、疫苗和 ​​​,148.0,0.0,0.0,0.007874015748031496,148.0
LcHCEvv6N,mainstream,risk,"【奥密克戎不是“大号流感”！防控意识仍不可放松】近期，全国多地公布奥密克戎以及德尔塔变异毒株感染的新冠肺炎确诊病例，并出现多点散发的态势，两种病毒交织叠加，让疫情防控形势变得更加严峻复杂，也给春节团聚和北京冬奥会冬残奥会疫情防控工作带来更大风险和挑战。

奥密克戎病毒传播快、更隐蔽 ​​​",145.0,0.006896551724137931,0.0,0.0,72.5
MsmtUFxWz,mainstream,risk,"【“阳康”后为何久咳不愈？】有些人“阳康”后仍持续不断咳嗽，这种顽固性咳嗽是感染新冠后的一种后遗症吗？该如何治疗呢？

广东省第二人民医院呼吸与危重医学科副主任医师颜文森说：“无论轻症还是重症，咳嗽均是新冠病毒感染最常见的症状。奥密克戎感染后1-2个月有2.3%-7.2%的患者仍有咳嗽。”

颜 ​​​",152.0,0.019736842105263157,0.0,0.03278688524590164,30.4
MkTnhphzB,mainstream,risk,【#转阴后为什么会味觉嗅觉减退#】近期多位网友反映，感染康复后出现味觉、嗅觉减退的症状。国外研究表明，嗅觉丧失很可能是身体的免疫系统对新冠病毒感染作出的反应。医生表示，这并非是新冠后遗症，只能说是感染的症状之一，大多数#感染后味觉减退1个月内可恢复#，如果味觉嗅觉减退的情况超过一个月 ​​​,146.0,0.0,0.0,0.007874015748031496,73.0
LqWNW7a8G,mainstream,risk,#关注疫情#【上海新增788例本土确诊病例和7084例本土无症状感染者】4月30日0—24时，上海新增本土新冠肺炎确诊病例788例和无症状感染者7084例，其中683例确诊病例为既往无症状感染者转归，105例确诊病例和7084例无症状感染者在隔离管控中发现。新增本土死亡38例。平均年龄80.9岁，最小年龄50岁，最大年 ​​​,164.0,0.0,0.0,0.112,82.0
Lp7LU6q5C,mainstream,risk,【#上海新增3084例本土确诊##上海新增7例本土死亡病例#】上海市卫健委今早（19日）通报：2022年4月18日0—24时，新增本土新冠肺炎确诊病例3084例（含既往无症状感染者转为确诊病例974例）和无症状感染者17332例，实际新增本土阳性感染者19442例，其中1894例确诊病例和16998例无症状感染者在隔离管控中 ​​​,167.0,0.0,0.0,0.11764705882352941,167.0
MmKSD2OcT,mainstream,risk,"#医生解答阳康后或致月经紊乱#【“阳康”后或致月经紊乱？妇科医生：情绪可能影响内分泌，会恢复】“近期不少患者反映，感染新冠病毒后出现月经紊乱、白带异常等妇科问题。”1月4日，澎湃新闻从杭州市第一人民医院了解到这一现象。

对此，该院妇科医生朱红丽解释，月经周期和女性的精神压力、生活作息 ​​​ http://mapi/005vnhZYgy1h9rp5m1stpj60sr0g6jrv02",194.0,0.005154639175257732,0.0,0.088,64.66666666666667
LyMYtr2mt,mainstream,risk,【美国569万人研究：每次#新冠重复感染会增加死亡疾病风险#】已有研究显示，首次感染新冠病毒（SARS-CoV-2）会增加患者的疾病、死亡以及后遗症风险。然而，再次感染新冠是否会进一步增加风险，尚未有系统研究。随着全球至少已有5亿人感染新冠，奥密克戎变异株BA.4/5拥有更强的免疫逃逸能力和再感染能力 ​​​ http://mapi/005vnhZYgy1h3g7axo01mj60xc0qvjud02,202.0,0.0,0.0,0.1015625,101.0
LyIjU1bmz,mainstream,risk,【#日本奥密克戎感染者现多种后遗症#，儿童曝不明原因腹痛】据日本富士电视台21日报道，当前，新冠变异毒株奥密克戎正在日本各地蔓延，不少感染者在治愈后出现了后遗症，症状各不相同，甚至有儿童在治愈后持续出现不明原因腹痛，并为此切除部分神经。日本厚生劳动省的研究小组于6月发表关于新冠后遗症 ​​​ http://mapi/005vnhZYgy1h3fmnr1no0j60p80eftax02,193.0,0.0,0.0,0.07575757575757576,193.0
LtjoKpTzR,mainstream,risk,【美国80万人大样本研究：#儿童感染新冠后肝脏损伤风险陡增#】最近，英国、欧盟、美国、以色列和日本等地都报告了至少348例儿童不明原因严重急性肝炎。大多数患儿早期出现胃肠道症状，随后发展为黄疸，在某些情况下还会出现急性肝功能衰竭甚至死亡。令科学家困惑的是，这些患儿中未发现甲型、乙型、丙 ​​​ http://mapi/005vnhZYgy1h2ak26fukxj60j60asdfz02,194.0,0.0,0.0,0.07086614173228346,97.0
LqvnRa4Od,mainstream,risk,【上海昨日新增死亡病例47例：平均84.7岁，1例接种过疫苗】4月28日10:00，上海市举行新冠肺炎疫情防控工作新闻发布会。上海市卫生健康委副主任赵丹丹介绍，截至4月27日24时，在定点医疗机构接受治疗的重型患者304例、危重型48例。4月27日，新增本土死亡病例47例，平均年龄84.7岁。47位患者合并各种原发 ​​​ http://mapi/005vnhZYgy1h1p7tacjjlj61hc0u043r02,209.0,0.0,0.0,0.19083969465648856,69.66666666666667
Lk1W5gUq7,mainstream,risk,【数据明查｜感染了奥密克戎会导致脑萎缩？】#感染奥密克戎不一定会致脑萎缩# 有媒体报道称，最新论文指出，感染新冠后可能会出现大脑萎缩和受损，引发广大网友热议。有网友更是发表评论“奥密克戎会引起脑萎缩”。“感染新冠后，或加速大脑萎缩”，该结论源自牛津大学Gwenaëlle Douaud教授团队发表在 ​​​,153.0,0.006535947712418301,0.0,0.0,51.0
L3Ud51uiC,mainstream,risk,#马克威廉姆斯在斯诺克比赛中睡着#【斯诺克比赛中睡着，英国名将致歉：是新冠后遗症】#马克威廉姆斯为比赛中睡着致歉#11月28日，2021年斯诺克英国锦标赛第二轮，名将@马克·威廉姆斯MarkWilliams 在比赛中睡着，最终负于对手遭淘汰。他赛后向球迷致歉，表示在比赛中突感疲惫，或与新冠后遗症有关，“作 ​​​,157.0,0.0,0.0,0.025423728813559324,157.0
M24hylPkM,wemedia,risk,【新冠后遗症 染疫童短暂失明】过去两星期儿童感染新冠肺炎急增，当中三岁以下中招幼儿升近三成。儿童染疫除了较易出现重症，还会引起多种“长新冠”后遗症状，近期一名病童疑被病毒攻击脑部，出现短暂失明。另外，至今有近60病童康复后，出现“儿童多系统发炎综合症”，数目比三个月前增加一倍。 ​​​,143.0,0.0,0.0,0.008264462809917356,47.666666666666664
K2OsP4l4K,mainstream,risk,【中疾控主任：#新冠肺炎可能成为长期流行的传染病#】在最新发布的中疾控周报中，中国疾病预防控制中心主任高福表示，展望未来，2021年依旧有许多不确定因素，其中之一就是新冠肺炎或将成为全球或局部地区长期流行的传染性疾病。此外，新冠肺炎的许多新特征被陆续报出，比如被感染的患者可能将面对长期 ​​​,147.0,0.0,0.0,0.0078125,147.0
MoolFA1aR,mainstream,risk,【三大表现！#如何自判睡眠是否出现问题#】#阳康过程中睡眠障碍为主要体现#专家表示，睡眠不好有个标准：当躺在床上关灯后，如果超过30分钟还睡不着的话，或已经具有入睡困难的问题。或者在起夜后30分钟仍无法入睡，或为睡眠维持困难。早醒同样为失眠表现。全球有数据研究显示，在新冠康复过程中，睡眠 ​​​,148.0,0.006756756756756757,0.0,0.016,37.0
Mm5qkwW2e,mainstream,risk,【奥密克戎七问七答：#元旦聚餐旅行会二次感染吗#？】临近元旦，部分地方新增感染者仍处于快速增长期，#国内是否会产生新的变异株#？很多患者转阴后，仍然存在咳嗽、嗅觉味觉减退等症状，这属于后遗症吗？假期聚餐旅行会二次感染吗？感染新冠会变“白肺“ 吗？我们该如何与新冠长期共存?  ​​​,141.0,0.0425531914893617,0.008695652173913044,0.0,23.5
MkUjQDXwM,mainstream,risk,【#转阴后为什么会味觉嗅觉减退#】近期多位网友反映，感染康复后出现味觉、嗅觉减退的症状。国外研究表明，嗅觉丧失很可能是身体的免疫系统对新冠病毒感染作出的反应。医生表示，这并非是新冠后遗症，只能说是感染的症状之一，大多数#感染后味觉减退1个月内可恢复#，如果味觉嗅觉减退的情况超过一个月 ​​​,146.0,0.0,0.0,0.007874015748031496,73.0
LAHcUCWVT,mainstream,risk,【#美国2576万人出现新冠后遗症#】#新冠肺炎长期症状包括哪些#美国物理医学与康复学会估计，美国目前有2576万人出现新冠肺炎后遗症。《大西洋月刊》指出，这个数字可能被严重低估，根据血液抗体测试推算，现在美国可能至少有5600万“新冠肺炎长期症状”患者。根据美国疾控中心定义，“新冠肺炎长期症状 ​​​,152.0,0.0,0.0,0.024793388429752067,76.0
Lzwfe3Uce,mainstream,risk,"#感染新冠更易患神经退行性疾病#【研究：#新冠阳性者患神经退行性疾病风险较高#】丹麦研究人员24日在欧洲神经病学学会第八届会议上发布研究成果，显示感染新冠病毒的人后续患神经退行性疾病的风险更高。
　　神经退行性疾病由神经元和（或）其髓鞘的丧失所致，会随时间推移恶化，出现功能障碍，包括脑 ​​​",147.0,0.0,0.0,0.008,147.0
LsVsjhMLM,mainstream,risk,【#上海新增本土确诊194例无症状1487例#】#上海新增本土死亡1例#据上海市卫健委：5月13日0—24时，上海新增本土新冠肺炎确诊病例194例和无症状感染者1487例，其中140例确诊病例为既往无症状感染者转归，54例确诊病例和1486例无症状感染者在隔离管控中发现。新增本土死亡1例。该患者为84岁男性，合并有 ​​​,162.0,0.0,0.0,0.112,81.0
LsLQkfm69,mainstream,risk,【#上海新增本土确诊227例无症状1869例#】#上海新增本土死亡病例2例#5月12日0—24时，上海新增本土新冠肺炎确诊病例227例和无症状感染者1869例，其中167例确诊病例为既往无症状感染者转归，60例确诊病例和1865例无症状感染者在隔离管控中发现。新增本土死亡病例2例，系两例年龄分别为88岁、89岁的老年 ​​​,163.0,0.0,0.0,0.11904761904761904,163.0
LssZftFs1,mainstream,risk,【#上海新增本土确诊228例无症状1259例##上海新增本土死亡7例#】据上海市卫健委：5月10日0—24时，上海新增本土新冠肺炎确诊病例228例和无症状感染者1259例，其中198例确诊病例为既往无症状感染者转归，30例确诊病例和1259例无症状感染者在隔离管控中发现。新增本土死亡7例。平均年龄87.3岁，最小年龄7 ​​​,164.0,0.0,0.0,0.11904761904761904,82.0
Lsjz81Kwy,mainstream,risk,【#上海新增本土确诊234例无症状2780例#】5月9日0—24时，上海新增本土新冠肺炎确诊病例234例和无症状感染者2780例，其中156例确诊病例为既往无症状感染者转归，78例确诊病例和2775例无症状感染者在隔离管控中发现。新增本土死亡病例6例。平均年龄79.5岁，最小年龄65岁，最大年龄90岁。6位患者合并有严 ​​​,164.0,0.0,0.0,0.12698412698412698,54.666666666666664
Lrp0OBHab,mainstream,risk,#上海疫情# 【上海新增260例本土确诊和4722例本土无症状】上海市卫健委通报：5月3日0—24时，上海新增本土新冠肺炎确诊病例260例和无症状感染者4722例，其中151例确诊病例为既往无症状感染者转归，108例确诊病例和4660例无症状感染者在隔离管控中发现。5月3日0—24时，新增本土死亡病例16例。平均年龄8 ​​​,164.0,0.0,0.0,0.1349206349206349,82.0
LqX1SoMVU,mainstream,risk,#上海疫情# 【上海新增788例本土确诊病例和7084例本土无症状感染者】4月30日0—24时，上海新增本土新冠肺炎确诊病例788例和无症状感染者7084例，其中683例确诊病例为既往无症状感染者转归，105例确诊病例和7084例无症状感染者在隔离管控中发现。新增本土死亡38例。平均年龄80.9岁，最小年龄50岁，最大 ​​​,164.0,0.0,0.0,0.11290322580645161,82.0
Lquts08wR,mainstream,risk,【#上海新增本土确诊1292例无症状9330例#】#上海27日新增本土死亡47例# 4月27日0—24时，上海新增本土新冠肺炎确诊病例1292例（含既往无症状感染者转为确诊病例858例）和无症状感染者9330例，432例确诊病例和9140例无症状感染者在隔离管控中发现，其余在相关风险人群排查中发现。新增本土死亡47例。平 ​​​,165.0,0.0,0.0,0.11475409836065574,82.5
Lq2bzcbHY,mainstream,risk,【#上海新增2472例本土确诊病例和16983例本土无症状感染者#】#上海24日新增本土死亡51例# 4月24日0—24时，上海新增本土新冠肺炎确诊病例2472例和无症状感染者16983例，其中846例确诊病例为此前无症状感染者转归，1557例确诊病例和16835例无症状感染者在隔离管控中发现，其余在相关风险人群排查中发现 ​​​,166.0,0.0,0.0,0.10569105691056911,166.0
LpSNiEDya,mainstream,risk,"【#上海新增本土确诊1401例和本土无症状感染者19657例#】上海市卫健委通报： 4月23日0—24时，上海新增本土新冠肺炎确诊病例1401例和无症状感染者19657例，其中541例确诊病例为此前无症状感染者转归，816例确诊病例和19421例无症状感染者在隔离管控中发现，其余在相关风险人群排查中发现。
新增本土死 ​​​",163.0,0.0,0.0,0.09016393442622951,163.0
LpJyHmFVV,mainstream,risk,【#上海新增2736例本土确诊和20634例本土无症状#】4月22日0—24时，上海新增本土新冠肺炎确诊病例2736例和无症状感染者20634例，其中1120例确诊病例为此前无症状感染者转归，1542例确诊病例和20490例无症状感染者在隔离管控中发现，其余在相关风险人群排查中发现。新增本土死亡12例。平均年龄88.2岁， ​​​,166.0,0.0,0.0,0.10743801652892562,83.0
Ktdwow7X6,mainstream,risk,【#日本女子新冠康复后无法正常生活#】日本疫情仍在蔓延，东京涩谷一家医院的新冠后遗症门诊患者也越来越多。一名40多岁的女性4月感染新冠肺炎，目前已康复，但现在还是无法正常生活，连朋友都不敢见。另一位大学生患者表示，康复后身体一直感觉很疲惫，心理压力很大。#日媒称轻症患者易受后遗症困扰#  ​​​,148.0,0.0,0.0,0.015748031496062992,49.333333333333336
MnQLCocUN,mainstream,risk,【“阳康”体检火了，体检机构争相布局，能否转为长期需求？】“阳康”体检套餐火了。近日，不少新冠病毒感染者担心出现白肺、心肌炎或其他新冠后遗症，开始考虑胸部CT等体检事宜。对此，多家体检机构纷纷推出“阳康”体检套餐，对包括肺部CT、心电图、心肌酶、肝功能、肾功能、免疫功能等检查项目。“ ​​​,146.0,0.00684931506849315,0.0,0.0,36.5
K2PvwFbS7,mainstream,risk,【中疾控主任：#新冠肺炎可能成为长期流行的传染病#】在最新发布的中疾控周报中，中国疾病预防控制中心主任高福表示，展望未来，2021年依旧有许多不确定因素，其中之一就是新冠肺炎或将成为全球或局部地区长期流行的传染性疾病。此外，新冠肺炎的许多新特征被陆续报出，比如被感染的患者可能将面对长期 ​​​,147.0,0.0,0.0,0.0078125,147.0
Mmb6r88TQ,mainstream,risk,【奥密克戎七问七答：#元旦聚餐旅行会二次感染吗#？】临近元旦，部分地方新增感染者仍处于快速增长期，#国内是否会产生新的变异株#？很多患者转阴后，仍然存在咳嗽、嗅觉味觉减退等症状，这属于后遗症吗？假期聚餐旅行会二次感染吗？感染新冠会变“白肺“ 吗？我们该如何与新冠长期共存?  ​​​,141.0,0.0425531914893617,0.008695652173913044,0.0,23.5
MmDJamCXk,mainstream,risk,【#杭州不少人阳后出现妇科问题#】 近期，不少“阳过”的女性，又有了新烦恼：在杭州市第一人民医院妇科，最近因为月经失调、白带异常来看病的患者也不少，很多人都表示，自己在“阳过”后，出现了各种妇科问题，不知道算不算新冠的后遗症。究竟和“阳了”有没有关系？发布了头条文章：《“阳过”后月 ​​​,145.0,0.006896551724137931,0.008695652173913044,0.0,72.5
MmsaUpDK0,mainstream,risk,【#感染新冠后为什么会脱发#？】#专家说感染新冠后脱发比较普遍# 近日，有网友表示在感染新冠后出现了脱发的现象。新冠感染后为什么会出现脱发？脱发是新冠感染的后遗症吗？多长时间可以恢复？清华大学附属北京清华长庚医院皮肤科副主任医师段晓涵表示：感染新冠之后出现脱发的情况，是比较普遍的。感 ​​​,146.0,0.0273972602739726,0.0,0.0,24.333333333333332
MlwZu6V8m,mainstream,risk,"【#重症白肺死亡率40%以上#，专家：#新冠造成白肺的概率不是很高#】“白肺”也叫急性呼吸窘迫综合征（ARDS），一般指重症肺炎患者在X光或CT检查下的表现，肺部显影呈一大片的白色状而得名。

央视前主持人樊登的父亲去世时，肺部已大面积变白；很多老人送医时已出现“沉默性缺氧”……在这个就医高峰的 ​​​",152.0,0.0,0.0,0.008403361344537815,76.0
MkBfwejXa,mainstream,risk,"【 #新冠发病1年后有人仍感肌无力心悸# 】新冠病毒出现在人类社会仅三年，大多数的研究还在路上，方方面面很难都给出一个准确无误的答案。 #新冠后遗症是个谎言吗##阳康后再次感染新毒株的几率有多高# 

《柳叶刀》发表了一项中国研究者完成的关于出院新冠幸存者随访研究显示，绝大多数新冠肺炎出院患 ​​​",150.0,0.0,0.0,0.007936507936507936,150.0
MkzOCl2sM,mainstream,risk,【#专家称重复感染死亡风险翻倍#】一篇近日发表在《自然医学》的论文显示，与仅感染一次新冠的患者相比，重复感染者的死亡风险增加一倍多，住院风险、患肺部疾病、心脏病的可能性高出三倍多，而且患神经系统疾病的可能性高出60%。研究人员还发现，重复感染后的第一个月，患者疾病风险升高最为明显，在 ​​​,146.0,0.0,0.0,0.008064516129032258,146.0
MagVDudv6,mainstream,risk,【吴尊友：预防新冠后遗症最好的方法是预防新冠病毒感染】新冠肺炎暴发已经近三年，全球累计确诊病例超6亿，这些病例可能产生的后遗症有哪些？国务院联防联控机制新闻发布会上，中国疾控中心流行病学首席专家吴尊友回应说，据全球研究结果，新冠后遗症包括：乏力或疲倦、思维障碍或不能集中精力、呼吸 ​​​,144.0,0.006944444444444444,0.0,0.0078125,144.0
MaeCiktPj,mainstream,risk,【吴尊友：#新冠后遗症覆盖范围广# 症状可持续数周、数月甚至更长时间】10月13日，在国务院联防联控机制新闻发布会上，中国疾控中心流行病学首席专家吴尊友表示，新冠后遗症又叫新冠长期症状，世界卫生组织在2021年10月份给出的临床定义，新冠后遗症通常发生在感染新冠发病后的3个月内，可以是急性感染 ​​​,151.0,0.0,0.0,0.0390625,151.0
LuscGjUSx,mainstream,risk,【上海新增本土确诊58例、无症状感染者422例】2022年5月23日0—24时，上海新增本土新冠肺炎确诊病例58例和无症状感染者422例，其中39例确诊病例为既往无症状感染者转归，19例确诊病例和422例无症状感染者在隔离管控中发现。新增本土死亡1例，患者女性，85岁，合并有高血压3级（极高危）、脑梗死后遗症 ​​​,159.0,0.0,0.0,0.12,159.0
LsVuUfXxT,mainstream,risk,【上海新增本土确诊194例和本土无症状1487例】据上海市卫健委：5月13日0—24时，上海新增本土新冠肺炎确诊病例194例和无症状感染者1487例，其中140例确诊病例为既往无症状感染者转归，54例确诊病例和1486例无症状感染者在隔离管控中发现。新增本土死亡1例。该患者为84岁男性，合并有心律失常、高血压、 ​​​,160.0,0.0,0.0,0.104,80.0
Lb0cctqWc,mainstream,risk,【#张文宏谈新冠肺炎后遗症#：重症肺炎都可能有，建议这#部分人未来可打第四针新冠疫苗#】奥密克戎蔓延，致使全球病例激增，再次引发公众对于疫苗作用的讨论。国家传染病医学中心主任、复旦大学附属华山医院感染科主任张文宏告诉央视新闻《相对论》记者庄胜春，针对包括变异体在内的研究确凿显示，新冠 ​​​,146.0,0.0,0.0,0.0,146.0
OdAbnyEyh,mainstream,risk,#阿斯利康被诉新冠疫苗引发永久脑损伤##阿斯利康因新冠疫苗副作用被索赔1亿英镑#【万亿巨头宣布：全球下架！曾承认“或引发罕见副作用”，有人接种后永久脑损伤】当地时间5月8日，英国制药公司阿斯利康宣布，公司已开始在全球范围内下架新冠疫苗。该公司给出的理由是“商业原因”和疫苗过剩。该新冠疫 ​​​,147.0,0.006802721088435374,0.0,0.023809523809523808,49.0
N12XqajqF,mainstream,risk,#高福称新冠感染次数越多后遗症风险越高#【中科院院士高福：长新冠是基本事实，感染次数越多，后遗症风险越高】#你感觉自己有新冠后遗症吗# 一直以来，关于“长新冠”是否存在都有较多争议。高福认为，长新冠是一个基本事实，不要回避，不要因为长新冠可能对人类有影响就不敢讲，这不是科学的态度。“ ​​​,146.0,0.0,0.00819672131147541,0.0,73.0
MpiKdx8K6,mainstream,risk,"【#李谷一回应缺席春晚# ：新冠病情恢复慢】1月21日，李谷一在其个人社交媒体上发文表示，今年在医院治病，参加不了春晚。她表示，“我的新冠病情恢复的慢，还在后遗症反应中。”
此前，央视主持人张泽群曾在微博上透露，由于刚刚“阳康”，身体抱恙的李谷一只能缺席兔年春晚。
另据文汇报，1983年至今 ​​​",150.0,0.0,0.00847457627118644,0.025423728813559324,50.0
MnKTA7SkC,mainstream,risk,#阳康体检套餐存多种浪费#【媒体谈“阳康体检套餐”：存多种浪费，不是所有人都有必要买】据北青报评论，“阳康体检套餐”的推出，契合了部分民众担心出现新冠感染重症和后遗症的心理。有机构推出“阳康体检套餐”后，显示已卖出19万件。不少体检机构声称“如未预约，婉谢体检”，可见正在或准备预约的 ​​​,146.0,0.0,0.0,0.008333333333333333,73.0
MnBDRjWf0,mainstream,risk,"#阳康体检套餐值得买吗#【#体检机构抢推阳康体检套餐# 是否值得购买？】近期，由于不少新冠病毒感染者担心出现白肺、心肌炎等新冠病毒感染以后的后遗症，包括肺部CT检测的“阳康”体检业务备受关注。有线上平台数据显示，近七日含肺部CT的体检套餐环比上周成交额增长了70%。

对此，多家体检机构、线上 ​​​",151.0,0.006622516556291391,0.0,0.008130081300813009,50.333333333333336
MmiIMwdIt,mainstream,risk,"【#新冠不会造成永久性脱发#】#新冠会引起脱发吗#？近日，有网友表示在感染新冠后出现了脱发的现象。新冠感染后为什么会出现脱发？脱发是新冠感染的后遗症吗？多长时间可以恢复？

专家表示，感染新冠之后出现脱发的一个情况还是比较普遍的，感染新冠之后，第一个是病毒有可能会引起毛囊周围炎症的反应 ​​​",147.0,0.027210884353741496,0.0,0.0,29.4
Mdj454T6w,mainstream,risk,【#美国近2400万成年人患长期新冠后遗症# 或有400万因此失业】#美国或有400万人因新冠后遗症失业# 当地时间11月2日，根据美国疾病控制与预防中心的数据，美国近2400万名成年人患有“长期新冠”后遗症。其中，西弗吉尼亚州报告“长期新冠a”症状的比例最高，达49%，佛蒙特州的比例最低，为22%。此外，超 ​​​,159.0,0.0,0.0,0.06722689075630252,79.5
MdgrDbOOT,mainstream,risk,【#美国近2400万成年人患有长期新冠后遗症#】当地时间11月2日，根据美国疾病控制与预防中心的数据，美国近2400万名成年人患有“长期新冠”后遗症。其中，西弗吉尼亚州报告“长期新冠a”症状的比例最高，达49%，佛蒙特州的比例最低，为22%。此外，超过四分之一的佛罗里达州新冠患者表示经历了“长期新冠 ​​​,154.0,0.0,0.0,0.049586776859504134,77.0
MafaIlZnA,mainstream,risk,#新冠后遗症可持续数周数月甚至更长时间#【吴尊友：新冠后遗症覆盖范围广 症状可持续数周、数月甚至更长时间】据央视新闻，10月13日，在国务院联防联控机制新闻发布会上，中国疾控中心流行病学首席专家吴尊友表示，新冠后遗症又叫新冠长期症状，世界卫生组织在2021年10月份给出的临床定义，新冠后遗症 ​​​,150.0,0.0,0.0,0.031496062992125984,150.0
M1uD9f5JY,mainstream,risk,【#日本14家医院警告疫情达灾害级别#】据美国《赫芬邮报》日文版16日报道，新冠肺炎疫情正在日本持续蔓延，京都大学医学部附属医院等14家接收新冠重症患者的京都医疗机构在各自的网站上发表联合声明，警告第七波新冠疫情蔓延已达“灾害级别”，医疗系统正在陷入崩溃。报道称，这份4页的声明背景颜色全 ​​​,148.0,0.0,0.0,0.031496062992125984,148.0
LDRUv2EV1,mainstream,risk,【日媒：研究人员称#女性比男性更易出现新冠后遗症#】新冠后遗症似乎也有性别差异。据日本《每日新闻》20日报道，日本研究人员发现，女性比男性更易出现新冠后遗症，尤其是咳嗽、脱发和味觉障碍。京都大学人类免疫学教授上野秀喜在检查大约70名新冠肺炎感染者的血液样本后发现，由于男性与女性免疫反应 ​​​,147.0,0.0,0.0,0.015748031496062992,73.5
LCXD1dVgE,mainstream,risk,【#加拿大女子患新冠后遗症申请安乐死#】加拿大一名50多岁女子，因不堪新冠肺炎后遗症对其身体、精神和经济上的多重折磨与打击，已申请安乐死。据加拿大电视网（CTV）日前报道，这位名叫特雷茜·汤普森的女子来自加拿大的多伦多市，今年50多岁。在感染新冠之前，她的职业是一名厨师，需要长时间从事体力 ​​​,149.0,0.0,0.0,0.016,74.5
LyIjUhG2O,mainstream,risk,"【#日本奥密克戎感染者现多种后遗症#  儿童曝不明原因腹痛】据海外网援引日本富士电视台21日报道，当前，新冠变异毒株奥密克戎正在日本各地蔓延，不少感染者在治愈后出现了后遗症，症状各不相同，甚至有儿童在治愈后持续出现不明原因腹痛，并为此切除部分神经。
日本厚生劳动省的研究小组于6月发表关于 ​​​",148.0,0.0,0.0,0.015503875968992248,148.0
LyDXIAtqf,mainstream,risk,【#全球首个奥密克戎后遗症研究发表# 这五种最常见】#5种最常见奥密克戎后遗症# 据看看新闻KNEWS，6月16日，英国伦敦国王学院在《柳叶刀》上发布了全世界首个关于奥密克戎后是否会患有“新冠后遗症”的研究。研究者观察了5万多名奥密克戎病毒感染者与4万多名德尔塔病毒感染者后，得出结论：奥密克戎导 ​​​,152.0,0.0,0.0,0.03968253968253968,152.0
LxSGnE2yn,mainstream,risk,#研究称儿童严重肝炎或是长期新冠的结果#【#不明原因儿童肝炎更可能是新冠后遗症#】据科技日报，日前，来自以色列施耐德儿童医学中心、贝林森医院、兰巴姆医学中心和特拉维夫大学的研究人员在《儿科胃肠病学与营养》期刊发表题为《儿童长期新冠肺炎的肝脏表现》的论文，文章分析了施耐德儿童医学中心接 ​​​,146.0,0.0,0.0,0.0,146.0
Lv4brhqat,mainstream,risk,#接种后感染新冠死亡风险高于流感# 【美国1300万人研究：即使接种后新冠感染死亡和疾病负担仍高于流感】 据澎湃新闻报道，国际学术期刊《自然-医学》最新一期在线发表了美国退伍军人事务（VA）圣路易斯医疗保健系统等团队的一项最新研究，题为“新冠突破性感染后的长新冠”。该研究指出，在接种疫苗后 ​​​,149.0,0.0,0.0,0.008130081300813009,149.0
LtZPuE3fO,mainstream,risk,【#新冠感染或增加小鼠患帕金森病风险#】据科技日报，美国科学家在最新一期《运动障碍》杂志上撰文称，他们针对小鼠开展的研究表明，新冠病毒可能会增加小鼠大脑出现退化的风险，正如在帕金森病患者身上所见的那样。研究人员表示，尽管新冠病毒是否会对人类产生同样影响仍是未知数，但了解新冠病毒如何 ​​​,145.0,0.0,0.0,0.0,145.0
LtqIdyymS,mainstream,risk,"#日本专家建议将奥密克戎后遗症当作新疾病# 【日本研究：#奥密克戎后遗症病发时间或很长#  建议当作新疾病研究】据海外网援引日本朝日电视台17日消息，日本最新研究表明，感染新冠病毒奥密克戎毒株，且罹患相关后遗症的患者体内免疫细胞几乎无法排除侵入人体的病毒，极有可能花很长时间才能恢复健康。
 ​​​",149.0,0.0,0.0,0.0078125,149.0
LqHvHk0RJ,mainstream,risk,【日本研究：#男性更难从新冠肺炎后遗症中恢复# 】据日本ABEMA TIMES新闻网29日报道，日本京都大学研究团队在研究新冠肺炎后遗症时发现，男性与女性不仅免疫反应不同，后遗症的症状恢复也存在差异。报道称，京都大学研究团队对大约2500名后遗症患者血液中的“T细胞”进行了研究分析。对具有强烈倦怠感 ​​​,154.0,0.0,0.0,0.016260162601626018,77.0
Lq4ZT6ahd,mainstream,risk,【#日本近1成新冠患者出院1年后仍有后遗症#】据看看新闻KNEWS，日本厚生劳动省研究班23日在京都市举行的日本呼吸器官学会公布调查结果称，感染新冠病毒住院的患者中有约10%在出院一年后仍可能留有后遗症。报道称，掌握情况的693人中，出院一年后仍到医疗机构就诊、确认到或为后遗症的症状的人占9.8%。 ​​​,154.0,0.0,0.0,0.046875,77.0
Lq2mjw7dQ,mainstream,risk,【上海新增2472例本土确诊病例和16983例本土无症状感染者】据央视新闻报道，4月24日0—24时，上海新增本土新冠肺炎确诊病例2472例和无症状感染者16983例，其中846例确诊病例为此前无症状感染者转归，1557例确诊病例和16835例无症状感染者在隔离管控中发现，其余在相关风险人群排查中发现。新增本土死亡 ​​​,162.0,0.0,0.0,0.08870967741935484,162.0
LpqZDyCHZ,mainstream,risk,"#美研究称3成新冠患者将发展成长期后遗症#【美研究：#三成新冠感染者将发展成长期后遗症#】据海外网，美国一项研究日前表明，多达三成新冠患者会发展成长期新冠症状，或持续数月之久，而住过院、有糖尿病史和体重指数较高的人发展成长期症状的可能性更高，也就是新冠长期后遗症（PASC）。
综合美媒《每 ​​​",149.0,0.0,0.0,0.008064516129032258,149.0
LmI9dvMzK,mainstream,risk,【#在密接隔离点如何避免交叉感染# ？通常要隔离多久？来看专家解读】#邻居是阳性我该怎么办# ？我是密接，通常要隔离多久？在密接隔离点，如何避免交叉感染？我怎么知道，是否已经得了新冠？我在公司上班，如何预防新冠？奥密克戎有200种后遗症？会致死？奥密克戎，用什么药物治疗？我确诊新冠了，要 ​​​,148.0,0.06756756756756757,0.0423728813559322,0.00847457627118644,14.8
LlP9H9iPH,mainstream,risk,【#新冠病毒或影响大脑和生殖系统#】近日，英国牛津大学发表在《自然》杂志上的一项研究显示：新冠病毒可能会导致大脑萎缩。ACE2受体除了在呼吸系统、消化系统、排泄系统细胞中高表达外，男性睾丸和女性卵巢中也明显高于其他组织、器官。这使得新冠病毒对人体生殖方面的影响，同样引发广泛的重视。（青 ​​​,147.0,0.0,0.0,0.008130081300813009,49.0
LjYgrEqds,mainstream,risk,#新冠后遗症到底严不严重#【动画丨#3月来本土感染者超万例#！为何增长这么快？新冠后遗症严重吗？】3月以来，全国已经报告本土感染者超过一万例，波及27个省份。为什么此次病例数增长这么快？新冠后遗症到底严不严重？抗原检测能代替核酸检测吗？详情戳视频↓↓↓（青流视频；阿法） ​​​,139.0,0.04316546762589928,0.0,0.02654867256637168,17.375
K2PDUDCJf,wemedia,risk,【中疾控主任：#新冠肺炎可能成为长期流行的传染病#】在最新发布的中疾控周报中，中国疾病预防控制中心主任高福表示，展望未来，2021年依旧有许多不确定因素，其中之一就是新冠肺炎或将成为全球或局部地区长期流行的传染性疾病。此外，新冠肺炎的许多新特征被陆续报出，比如被感染的患者可能将面对长期 ​​​,147.0,0.0,0.0,0.0078125,147.0
MdjEdexV9,wemedia,risk,【#美国近2400万成年人患长期新冠后遗症# 或有400万因此失业】#美国或有400万人因新冠后遗症失业# 当地时间11月2日，根据美国疾病控制与预防中心的数据，美国近2400万名成年人患有“长期新冠”后遗症。其中，西弗吉尼亚州报告“长期新冠a”症状的比例最高，达49%，佛蒙特州的比例最低，为22%。此外，超 ​​​,159.0,0.0,0.0,0.06722689075630252,79.5
K2Pjpd19v,mainstream,risk,【中疾控主任：#新冠肺炎可能成为长期流行的传染病#】在最新发布的中疾控周报中，中国疾病预防控制中心主任高福表示，展望未来，2021年依旧有许多不确定因素，其中之一就是新冠肺炎或将成为全球或局部地区长期流行的传染性疾病。此外，新冠肺炎的许多新特征被陆续报出，比如被感染的患者可能将面对长期 ​​​,147.0,0.0,0.0,0.0078125,147.0
Lqcee2q32,mainstream,risk,"【上海新增本土死亡52例 平均年龄83.1岁】上海市卫健委今早（26日）通报：2022年4月25日0—24时，上海新增本土新冠肺炎确诊病例1661例和无症状感染者15319例。

2022年4月25日0—24时，上海新增本土死亡52例。平均年龄83.1岁，最小年龄33岁，最大年龄100岁。52位患者均合并有多脏器基础疾病，包括肝脏 ​​​",170.0,0.0,0.0,0.16666666666666666,56.666666666666664
N1SQmxK4h,mainstream,risk,【中大制活菌胶囊 搞好条肠纾“长新冠”】新冠康复者，在病毒清除后至少4星期仍持续出现至少一种“长新冠”症状。中文大学医学院发现新冠后遗症与肠道细菌失衡有关，该学院研发一款口服微生态胶囊活菌配方（SIM01），可在6个月内改善肠道微生态，纾缓肠胃、疲倦、难以集中精神及记忆力衰退等新冠后遗症 ​​​,148.0,0.0,0.0,0.024193548387096774,148.0
M1pZzfFE7,mainstream,risk,【“长新冠”折磨女童 每天失明半分钟】医管局发现，染疫儿童康复后有可能出现不同程度后遗症，曾有女童出现每天一两次、每次持续10秒至30秒的短暂失明，严重影响日常生活；也有10岁男童康复后约4周，突然右颈淋巴肿胀、红眼及全身出红疹等，被症断为儿童“多系统发炎综合症”；还有幼童脱发数月。 ​​​,146.0,0.0,0.0,0.03278688524590164,48.666666666666664
LCOQBtfjn,mainstream,risk,【“长新冠”留后遗症 康复者对中医需求大】有调查显示近七成受访基层人士确诊新冠肺炎，染疫比例高于全港，当中逾八成确诊者更有“长新冠”后遗症，惟逾九成未曾使用“中医门诊特别服务”，指出康复者对中医需求大，建议增加服务名额及改善预约程序，并推出治疗券资助基层到私家中医诊所求诊。 ​​​,141.0,0.0,0.0,0.0,141.0
Lt52xt2cl,mainstream,risk,"【儿童“长新冠”病因难测  留医较长更易有后遗症】香港部分感染新冠肺炎康复儿童覆诊期间，出现怀疑“长新冠”病征。多国医学界都注意到与成人一样，儿童染疫康复后亦可能出现持续性后遗症，美国研究便指当地近1,300万名染疫儿童中，约有2%至10%出现长新冠，或影响逾百万儿童的生活和学习。 ​​​",145.0,0.0,0.0,0.03333333333333333,72.5
LqviPCwO5,mainstream,risk,【七成半康复者受后遗症困扰】卫生防护中心昨日公布新增新冠确诊个案430宗。疫情近日维持在较低水平，惟染疫的后遗症却续渐困扰部分已康复复的市民。一项调查发现，七成半曾感染新冠的受访市民有后遗症问题，逾一成半自评为“几严重”至“非常严重”，逾七成半受访者认为特区政府对治疗确诊病人的后遗 ​​​,145.0,0.0,0.0,0.007874015748031496,72.5
LniuMtpnw,mainstream,risk,【患者愈后年半周身损 康复者求第三针】本报持续追踪之前四波染疫的患者，他们均直言活在新冠阴霾下相当难受。有康复者慨叹，染疫后身体变得五痨七伤，康复至今逾一年半，肺纤维化、记性差、嗅觉和味觉失灵的后遗症仍未明显改善，反映新冠病毒破坏力之巨大、后遗症之深远，绝非流感能可比。 ​​​,139.0,0.0,0.0,0.0,69.5
Ld7t6xEV2,mainstream,risk,【七天连破百确诊 动能清零须坚持】香港昨日再录得120宗新增确诊个案，是连续7天新增病例破百。港大公共卫生学院副教授朱华晨接受本报访问时表示，新冠肺炎的死亡率比流感高15倍，康复后更有逾200种生理及心理后遗症，一些人口中的所谓“与病毒共存”是一条不归路，或使香港医疗系统崩溃。 ​​​,143.0,0.0,0.0,0.03278688524590164,71.5
JAZcS2Mar,mainstream,risk,【#新冠康复者述后遗症 绝非感冒咁简单#快进2020# 】55岁的何汉文是新冠肺炎复康者，历经逾两星期治疗，一度对相关药物无反应，一度被医生断定“无药可救”，最后把心一横落重药，命仔获执回，惜后遗症随之而来，他说可能药物副作用大，提醒大家不要视新冠肺炎是“伤风感冒咁简单”。 ​​​,141.0,0.0,0.0,0.017699115044247787,141.0
LsW7Mj2o4,mainstream,risk,【上海新增本土确诊194例和本土无症状1487例】据上海市卫健委：5月13日0—24时，上海新增本土新冠肺炎确诊病例194例和无症状感染者1487例，其中140例确诊病例为既往无症状感染者转归，54例确诊病例和1486例无症状感染者在隔离管控中发现。新增本土死亡1例。该患者为84岁男性，合并有心律失常、高血压、 ​​​,160.0,0.0,0.0,0.104,80.0
LjHdDhgzt,mainstream,risk,【#牛津大学研究发现新冠病毒或加速大脑萎缩#】据外媒报道，英国牛津大学发表在《自然》杂志上的一项研究表明，#新冠病毒可能导致大脑萎缩#。一些新冠患者会出现包括注意力、专注力、信息处理速度下降和记忆力受损等情况。研究人员表示，这些影响是否可以部分逆转，或者是否会长期存在，还需进一步调查 ​​​,146.0,0.0,0.0,0.0,73.0
LkL71AJmm,mainstream,risk,"【“丁丁”缩小、大脑萎缩？新冠后遗症的真相其实是这样】“得了新冠，丁丁（阴茎）会缩小”、“得了新冠会造成脑萎缩”、“得了新冠，哪怕痊愈了人也废了”。只要有确诊病例出现，社交网络上就会出现有关新冠后遗症的如上猜测的说法。

但事实上，目前有关新冠会造成脑萎缩、阴茎会缩小的情况只有少数 ​​​",145.0,0.006896551724137931,0.0,0.0,48.333333333333336
KyhxIA6bx,mainstream,risk,【日本上班族受新冠后遗症困扰：脑子像蒙了一层雾，浑身感觉似铅重】“准备去公司上班的时候浑身无力，感觉没法正常工作”、“脑子里像蒙了一层雾一样，受到‘脑雾现象’的困扰”——接诊受新冠后遗症困扰患者的东京都涩谷区一家诊所连日来都接到这样的咨询。从去年3月到今年8月，该诊所的接诊人数达到 ​​​,145.0,0.0,0.0,0.016129032258064516,145.0
K2OcwbBrl,mainstream,risk,【中疾控主任：#新冠肺炎可能成为长期流行的传染病#】在最新发布的中疾控周报中，中国疾病预防控制中心主任高福表示，展望未来，2021年依旧有许多不确定因素，其中之一就是新冠肺炎或将成为全球或局部地区长期流行的传染性疾病。此外，新冠肺炎的许多新特征被陆续报出，比如被感染的患者可能将面对长期 ​​​,147.0,0.0,0.0,0.0078125,147.0
JDyFRCOCF,mainstream,risk,【#以色列13人接种辉瑞疫苗后出现面瘫#，有人症状持续28小时】据海外网17日援引外媒报道，至少13名以色列人在接种美国辉瑞公司的新冠疫苗后出现面瘫的情况。今日俄罗斯援引以色列Ynet新闻网称，以色列卫生部指出，至少13人在接受辉瑞新冠疫苗注射后出现轻度面瘫的情况。以色列官员认为，这类病例的数量 ​​​,152.0,0.0,0.0,0.03875968992248062,76.0
OklosqgLh,mainstream,risk,#凤凰大健康#【预告｜新冠之后，如何修复三大受损免疫器官？】他们为何在感染过一次新冠病毒后突然身患多种癌症？新冠疫苗阿斯利康全球范围内下架，打疫苗真的有后遗症吗？后疫情时代，处于高风险的三大器官到底该如何修复？本周日晚19：30，《凤凰大健康》力邀呼吸领域与心血管领域两大权威专家，检索 ​​​,147.0,0.027210884353741496,0.0,0.016129032258064516,36.75
MaJH2AVlb,mainstream,risk,【港专家：香港或逾百万人出现“长新冠”，奥密克戎病毒“长新冠”问题或较轻】被称为“长新冠”的新冠后遗症在确诊患者中普遍存在。有专家推算，香港可能有超过百万人出现长新冠，工作及学业受到不同程度影响，建议设立特别专科诊所。香港中文大学医学院院长陈家亮在接受媒体访问时表示，比较第四波及 ​​​,144.0,0.0,0.0,0.0,72.0
LBXG3uvX4,mainstream,risk,【香港或有超90万康复者有“长新冠”症状，港中大开展香港首个大型“长新冠”研究】香港中文大学医学院在香港医院管理局的支持下，7月12日开展全港首个大型“长新冠”研究，以问卷形式调查香港新冠康复者出现后遗症的情况，从而协助政府制定策略，策划更全面的“长新冠”医疗服务。按照香港特区政府统 ​​​,146.0,0.0,0.0,0.024193548387096774,146.0
LoGWzzYaJ,mainstream,risk,【英国媒体人：与病毒共存会付出巨大代价，中国的抗疫模式可以解决西方国家难题】根据世卫组织公布数据，全球累计新冠肺炎确诊病例超5亿，累计死亡病例超过616万。与此同时，世界上多个国家开始尝试“与病毒共存”应对策略。对此有英国资深媒体人表示，新冠病毒感染者后遗症会对医疗系统带来巨大压力， ​​​,146.0,0.0,0.0,0.015748031496062992,73.0
LktkO1as0,mainstream,risk,#新闻鉴证组#【影响男性生殖健康？巨舌症？脱发？直击新冠肺炎后遗症】根据世界卫生组织最新的统计，全球确诊的新冠肺炎病例已经超过4亿例。在过去两年抗击新冠疫情当中，人们关注着新冠的确诊病例、死亡数字、特效药的上市以及新冠疫苗的有效性，同时对于新冠肺炎后遗症的报道也随着治愈人数的增加和 ​​​,145.0,0.020689655172413793,0.0,0.0078125,36.25
L9FBd30FY,mainstream,risk,【英国超130万人遭受新冠后遗症，主要为疲劳、失去嗅觉、呼吸急促等】英国国家统计局6日发布最新数据，称目前英国约有130万人遭受新冠后遗症，大约占总人口2%，主要集中在35岁至69岁的年龄段，尤其是女性、生活在较贫困地区的民众、医疗社会保健和教育领域的从业者，以及本身有基础病的民众。这类群体 ​​​,150.0,0.0,0.0,0.047619047619047616,150.0
L7znOsE6X,mainstream,risk,【澳大利亚专家警告奥密克戎或造成长期后遗症】澳大利亚联邦卫生部长24日宣布，将缩短新冠加强针施打间隔时间，以应对奥密克戎在澳的传播。澳大利亚新南威尔士大学传染病学家麦克劳斯教授在接受凤凰卫视记者采访时表示，现在确认奥密克戎病毒不会造成严重感染还为时过早，而民众更应警惕奥密克戎有可能 ​​​,145.0,0.0,0.0,0.007518796992481203,145.0
K3Z9gkPeG,mainstream,risk,#国际疫情#【日本医生呼吁社会关注新冠后遗症】相比于欧美国家，日本死亡人数较少，不少人是轻症，但很多人病愈后被后遗症折磨。日本医生表示，很多轻症或无症状的年轻患者，病愈后出现疲惫、呼吸困难、无法集中思考等症状的后遗症，严重的患者只能卧病在床，很难回归社会。而后遗症的比率，女性高于男 ​​​,145.0,0.0,0.0,0.0,72.5
LEugAFook,wemedia,risk,"【感染新冠肺炎后遗症有哪些？】感染新冠后遗症主要包括呼吸系统后遗症、循环系统后遗症、神经系统后遗症、心理健康相关后遗症等。具体如下：

1、呼吸系统后遗症 新冠病毒首先攻击的是人体肺部，可导致肺部出现器质性及功能性损伤，恢复后可能会出现呼吸系统的后遗症，比如长期咳嗽、胸闷、呼吸困难、 ​​​",146.0,0.00684931506849315,0.0,0.008064516129032258,73.0
K2OPf42nd,wemedia,risk,【中疾控主任：#新冠肺炎可能成为长期流行的传染病#】在最新发布的中疾控周报中，中国疾病预防控制中心主任高福表示，展望未来，2021年依旧有许多不确定因素，其中之一就是新冠肺炎或将成为全球或局部地区长期流行的传染性疾病。此外，新冠肺炎的许多新特征被陆续报出，比如被感染的患者可能将面对长期 ​​​,147.0,0.0,0.0,0.0078125,147.0
IEjLD5J5q,wemedia,risk,"【武汉两位患新冠肺炎的大夫脸色为何会发黑？目前状况如何？看白岩松连线】两位感染新冠病毒的武汉大夫易凡和胡卫峰，经过两个多月的治疗终于被救回，却脸色发黑，引发各界关注。

昨晚，他们的主治医生，武汉同济医院重症医学科主任李树生做客《新闻1+1》节目，介绍了这两位医生的最新情况。

1.胡医 ​​​",148.0,0.013513513513513514,0.0,0.024193548387096774,37.0
MhMc3jWjS,mainstream,risk,"【#5位新冠康复者自述阳之后#】很长一段时间里，人们对于感染奥密克戎的认知出现了两极分化。有人觉得，“那只是一场感冒，恐惧大于疾病本身。”也有人还是担心，“那么多老人和孩子呢？留下后遗症可是一辈子的事。”

​​11月30日，中山大学附属第三医院感染性疾病科教授、广州黄埔方舱医疗队负责人 ​​​",148.0,0.006756756756756757,0.0,0.025,37.0
Lp8RTvbOF,mainstream,risk,【#上海新增本土死亡7例#，年龄分布在60岁到101岁】截至4月18日24时，上海在定点医疗机构接受治疗的重型患者有21例。4月18日，新增死亡病例7例。年龄从60岁到101岁，合并冠心病、糖尿病、高血压、脑梗后遗症、脑出血等严重的基础疾病。他们均未接种新冠肺炎病毒疫苗。上述7例入院后病情加重，抢救无效 ​​​,156.0,0.0,0.0,0.104,39.0
Mm6MuBukK,wemedia,risk,【奥密克戎七问七答：#元旦聚餐旅行会二次感染吗#？】临近元旦，部分地方新增感染者仍处于快速增长期，#国内是否会产生新的变异株#？很多患者转阴后，仍然存在咳嗽、嗅觉味觉减退等症状，这属于后遗症吗？假期聚餐旅行会二次感染吗？感染新冠会变“白肺“ 吗？我们该如何与新冠长期共存?  ​​​,141.0,0.0425531914893617,0.008695652173913044,0.0,23.5
Laq9ZcIG7,wemedia,risk,【张伯礼：#国外奥密克戎过半有持续症状或后遗症#，不能掉以轻心】#张伯礼谈奥密克戎初期症状#：有人说奥密克戎的症状不太重，像大号感冒，但其实还不一样。在国外有50%-60%出现持续症状或后遗症，而一般流感不会出现那么多，不能掉以轻心。@人民日报   http://t.cn/A6JqxcS7 ​​​#大连发现2例阳性# ​​​,163.0,0.0,0.0,0.04424778761061947,81.5
MsFPSv7Gl,mainstream,risk,"【#西安开设新冠后遗症专病门诊#】很多人阳康后，落下很多“后遗症”：咳嗽、咽痛咽痒、胸闷气短，不明原因的头晕、乏力以及肺间质纤维化等症状，这些症状也被称为长新冠综合症。

   针对新冠感染者“转阴”后存在的不适症状，西安市胸科医院筹备呼吸与危重症医学科专家组，特开设专病门诊解决咳嗽、 ​​​",147.0,0.0,0.0,0.0,147.0
Mms8eDiNP,mainstream,risk,【#感染新冠后为什么会脱发#？】#专家说感染新冠后脱发比较普遍# 近日，有网友表示在感染新冠后出现了脱发的现象。新冠感染后为什么会出现脱发？脱发是新冠感染的后遗症吗？多长时间可以恢复？清华大学附属北京清华长庚医院皮肤科副主任医师段晓涵表示：感染新冠之后出现脱发的情况，是比较普遍的。感 ​​​,146.0,0.0273972602739726,0.0,0.0,24.333333333333332
Mm7n2ocIw,mainstream,risk,【奥密克戎七问七答：#元旦聚餐旅行会二次感染吗#？】临近元旦，部分地方新增感染者仍处于快速增长期，#国内是否会产生新的变异株#？很多患者转阴后，仍然存在咳嗽、嗅觉味觉减退等症状，这属于后遗症吗？假期聚餐旅行会二次感染吗？感染新冠会变“白肺“ 吗？我们该如何与新冠长期共存?  ​​​,141.0,0.0425531914893617,0.008695652173913044,0.0,23.5
MjoLWBd9V,mainstream,risk,"【健忘、脱发？#新冠肺炎后遗症存在吗#？陕西专家解读】健忘、脱发、影响智力……不少群众担忧新冠感染者恢复后存在后遗症问题。那所谓后遗症指的是什么？12月12日，西部网·陕西头条记者采访了西安交通大学第一附属医院感染科主任医师何英利。

何英利告诉记者，后遗症是指原有的疾病在康复后，身体留 ​​​",148.0,0.02027027027027027,0.0,0.01639344262295082,29.6
LyJ3d2ru4,mainstream,risk,【#日本奥密克戎感染者现多种后遗症#，儿童曝不明原因腹痛】据日本富士电视台21日报道，当前，新冠变异毒株奥密克戎正在日本各地蔓延，不少感染者在治愈后出现了后遗症，症状各不相同，甚至有儿童在治愈后持续出现不明原因腹痛，并为此切除部分神经。日本厚生劳动省的研究小组于6月发表关于新冠后遗症 ​​​ http://mapi/e2bf146bly1h3fpw22o3fj20m80fq74s,191.0,0.0,0.0,0.08333333333333333,191.0
LsEq429U9,mainstream,risk,【#全球新冠最长随访#：#逾千名出院患者2年后超半数仍有后遗症#[感冒]】中国团队的一项最新研究报道了不同严重程度的新冠住院幸存者在急性COVID-19感染后2年内健康结局的纵向演变。研究显示，最初发病6个月后，68%的参与者报告了至少一种后遗症症状；其中，疲劳或肌肉无力是报告最多的症状，31%报告睡 ​​​,155.0,0.0,0.0,0.047619047619047616,77.5
LjGjuk8yJ,mainstream,risk,【#牛津大学研究发现新冠病毒或加速大脑萎缩#】据外媒报道，英国牛津大学发表在《自然》杂志上的一项研究表明，#新冠病毒可能导致大脑萎缩#。一些新冠患者会出现包括注意力、专注力、信息处理速度下降和记忆力受损等情况。研究人员表示，这些影响是否可以部分逆转，或者是否会长期存在，还需进一步调查 ​​​,146.0,0.0,0.0,0.0,73.0
KaGHJxhrX,mainstream,risk,【#世卫称有望在几个月内控制新冠疫情# 】周一，世界卫生组织总干事谭德塞在新闻发布会上再次警告称，一些年轻人对感染新冠病毒不以为然，但事实上有年轻健康的患者死于新冠肺炎。即使是对于康复者而言，新冠病毒也可能造成诸多长期后遗症。但谭德塞仍强调，只要各国保证公平疫苗接种，全面做好公共卫 ​​​,145.0,0.0,0.0,0.0,72.5
MpiSDj80L,mainstream,risk,"【#李谷一回应缺席春晚#】1月21日，李谷一在其个人社交媒体上发文表示，今年在医院治病，参加不了春晚。她表示，“我的新冠病情恢复的慢，还在后遗症反应中。”

此前，央视主持人张泽群曾在微博上透露，由于刚刚“阳康”，身体抱恙的李谷一只能缺席兔年春晚。

另据文汇报，1983年至今的40年春晚，只 ​​​",151.0,0.0,0.008547008547008548,0.03418803418803419,50.333333333333336
Lq29DvAem,mainstream,risk,"【上海新增2472例本土确诊病例和16983例本土无症状感染者】4月24日0—24时，上海新增本土新冠肺炎确诊病例2472例和无症状感染者16983例，其中846例确诊病例为此前无症状感染者转归，1557例确诊病例和16835例无症状感染者在隔离管控中发现，其余在相关风险人群排查中发现。

新增本土死亡病例51例。平均 ​​​",164.0,0.0,0.0,0.0975609756097561,82.0
KaGuNhJAd,mainstream,risk,【#世卫称有望在几个月内控制新冠疫情# 】周一，世界卫生组织总干事谭德塞在新闻发布会上再次警告称，一些年轻人对感染新冠病毒不以为然，但事实上有年轻健康的患者死于新冠肺炎。即使是对于康复者而言，新冠病毒也可能造成诸多长期后遗症。但谭德塞仍强调，只要各国保证公平疫苗接种，全面做好公共卫 ​​​,145.0,0.0,0.0,0.0,72.5
LAZnJvjcE,mainstream,risk,#停止歧视转阴感染者#【“进过方舱的不要、阳过的不要”，值得警惕】“进过方舱的不要、阳过的不要……”这是最近一段时间，曾感染过新冠的陈峰（化名）和他的同伴在求职时遇到的问题。今年春天，陈峰在方舱医院工作时期被确诊为阳性，如今早已治愈出院。本该迎接新生活的他却发现，无论在微信兼职群里 ​​​,145.0,0.0,0.0,0.0,72.5
LsViG3cPx,mainstream,risk,#关注上海疫情# 【上海新增本土确诊194例和本土无症状1487例】据上海市卫健委：5月13日0—24时，上海新增本土新冠肺炎确诊病例194例和无症状感染者1487例，其中140例确诊病例为既往无症状感染者转归，54例确诊病例和1486例无症状感染者在隔离管控中发现。新增本土死亡1例。该患者为84岁男性，合并有心 ​​​,161.0,0.0,0.0,0.104,80.5
LqWUTxbei,mainstream,risk,#关注上海疫情# 【上海新增788例本土确诊病例和7084例本土无症状感染者】4月30日0—24时，上海新增本土新冠肺炎确诊病例788例和无症状感染者7084例，其中683例确诊病例为既往无症状感染者转归，105例确诊病例和7084例无症状感染者在隔离管控中发现。新增本土死亡38例。平均年龄80.9岁，最小年龄50岁， ​​​,164.0,0.0,0.0,0.11290322580645161,82.0
LcxiaqiVx,mainstream,risk,#半月谈评论# 【奥密克戎不是“大号流感”！防控意识仍不可放松】#奥密克戎不能被当做是大号流感# 近期，全国多地公布奥密克戎以及德尔塔变异毒株感染的新冠肺炎确诊病例，并出现多点散发的态势，两种病毒交织叠加，让疫情防控形势变得更加严峻复杂，也给春节团聚和北京冬奥会冬残奥会疫情防控工作带来 ​​​,147.0,0.006802721088435374,0.0,0.0,147.0
KaGJllwgJ,mainstream,risk,【#世卫称有望在几个月内控制新冠疫情# #世卫警告新冠肺炎不是流感#】周一，世界卫生组织总干事谭德塞在新闻发布会上再次警告称，一些年轻人对感染新冠病毒不以为然，但事实上有年轻健康的患者死于新冠肺炎。即使是对于康复者而言，新冠病毒也可能造成诸多长期后遗症。但谭德塞仍强调，只要各国保证公 ​​​,146.0,0.0,0.0,0.0,73.0
K2P21eAT0,mainstream,risk,【中疾控主任：#新冠肺炎可能成为长期流行的传染病#】在最新发布的中疾控周报中，中国疾病预防控制中心主任高福表示，展望未来，2021年依旧有许多不确定因素，其中之一就是新冠肺炎或将成为全球或局部地区长期流行的传染性疾病。此外，新冠肺炎的许多新特征被陆续报出，比如被感染的患者可能将面对长期 ​​​,147.0,0.0,0.0,0.0078125,147.0
MmjmPwirF,mainstream,risk,#脱发是新冠感染的后遗症吗#【#感染新冠后出现脱发怎么办#？】近日，有网友表示在感染新冠后出现了脱发的现象。新冠感染后为什么会出现脱发？脱发是新冠感染的后遗症吗？多长时间可以恢复？清华大学附属北京清华长庚医院皮肤科副主任医师段晓涵表示，病毒有可能引起毛囊周围的炎症反应，此外，焦虑、休 ​​​,146.0,0.0273972602739726,0.0,0.0,29.2
LssYbzW3T,mainstream,risk,【上海新增228例本土确诊和1259例本土无症状】#关注新冠肺炎# 据上海市卫健委：5月10日0—24时，上海新增本土新冠肺炎确诊病例228例和无症状感染者1259例，其中198例确诊病例为既往无症状感染者转归，30例确诊病例和1259例无症状感染者在隔离管控中发现。新增本土死亡7例。平均年龄87.3岁，最小年龄75 ​​​,163.0,0.0,0.0,0.112,81.5
LsjyI0sev,mainstream,risk,【上海新增本土死亡病例6例】#关注新冠肺炎# 据“健康上海12320”微信公众号消息，2022年5月9日0—24时，上海新增本土新冠肺炎确诊病例234例和无症状感染者2780例；新增本土死亡病例6例，平均年龄79.5岁，最小年龄65岁，最大年龄90岁。6位患者合并有严重的多脏器慢性基础疾病及晚期肿瘤，包括肺癌晚期 ​​​,161.0,0.0,0.0,0.11290322580645161,80.5
LrHSeznmd,mainstream,risk,【上海新增本土死亡12例】#关注新冠肺炎# 据健康上海12320：2022年5月5日0—24时，上海新增本土新冠肺炎确诊病例245例和无症状感染者4024例；新增本土死亡12例，平均年龄84.08岁，最小年龄59岁，最大年龄95岁。12位患者均合并有严重的慢性基础疾病以及恶性肿瘤，包括原发性肝癌伴转移、冠心病、心功能 ​​​,163.0,0.0,0.0,0.11475409836065574,81.5
LrypmxZPq,mainstream,risk,【上海新增本土死亡13例】#关注新冠肺炎# 据“健康上海12320”消息，2022年5月4日0—24时，上海新增本土新冠肺炎确诊病例261例和无症状感染者4390例，新增本土死亡13例。平均年龄82.77岁，最小年龄40岁，最大年龄100岁。13位患者均合并有严重的急慢性基础疾病，包括肠坏死伴下消化道大出血、冠心病、心 ​​​,164.0,0.0,0.0,0.11666666666666667,82.0
LrpXtvBsQ,mainstream,risk,"【上海：目前接受治疗的重型患者486例、危重型95例】记者从4日举行的上海市疫情防控新闻发布会上获悉，截至5月3日24时，在定点医疗机构接受治疗的重型患者486例、危重型95例。

5月3日，新增本土死亡病例16例，平均年龄82.9岁。16位患者均合并有严重的多脏器慢性基础疾病及恶性肿瘤，包括慢性淋巴细胞 ​​​",157.0,0.0,0.0,0.1015625,78.5
LqEUWEL6M,mainstream,risk,"【上海现有重型患者318例 危重型患者52例】记者从29日举行的上海市疫情防控新闻发布会上获悉，截至4月28日24时，在定点医疗机构接受治疗的重型患者318例、危重型患者52例。

4月28日，新增本土死亡病例52例，平均年龄84.02岁。52位患者伴有多脏器严重的基础疾病，包括食管癌、胰腺癌、脑膜瘤、黑色素瘤 ​​​",160.0,0.0,0.0,0.104,80.0
LqDRMmUoX,mainstream,risk,【上海新增本土死亡52例】#关注新冠肺炎# 2022年4月28日0—24时，新增本土死亡52例。平均年龄84.02岁，最小年龄58岁，最大年龄99岁。52位患者伴有多脏器严重的基础疾病，包括晚期恶性肿瘤（食道癌，胰腺癌、脑膜瘤、黑色素瘤）、冠心病、心功能不全IV级、心律失常、高血压3级（极高危）、神经系统疾病 ​​​,159.0,0.0,0.0,0.10256410256410256,79.5
LqkZRjf3V,mainstream,risk,【上海新增本土死亡48例】#关注新冠肺炎# 据“健康上海12321”微信公众号消息：2022年4月26日0—24时，上海新增本土死亡48例。平均年龄80.85岁，最大年龄99岁。48位患者合并患有严重的多脏器基础疾病，包括脑出血、脑梗后遗症、冠心病、心肌梗死、心功能不全IV级、高血压3级（极高危）、阿尔兹海默症、 ​​​,161.0,0.0,0.0,0.10256410256410256,80.5
Lq36EBlNr,mainstream,risk,"【上海：重型患者196例 危重型患者23例】记者从25日举行的上海市疫情防控新闻发布会上获悉，截至4月24日24时，在定点医疗机构接受治疗的重型患者196例、危重型患者23例。

4月24日，新增本土死亡病例51例。平均年龄84.2岁，80岁以上高龄老人共37位，最大年龄100岁。51位患者基础疾病严重，累及多个脏器 ​​​",163.0,0.0,0.0,0.128,54.333333333333336
Lq2a9pjx8,mainstream,risk,【上海新增本土死亡51例 平均年龄84.2岁】#关注新冠肺炎# 2022年4月24日0—24时，上海新增本土死亡51例。平均年龄84.2岁，80岁以上高龄老人共37位，最大年龄100岁。51位患者基础疾病严重，累及多个脏器，包括急性冠脉综合征、心力衰竭、严重心律失常、高血压3级（极高危）、脑梗后遗症、糖尿病、帕金森 ​​​,162.0,0.0,0.0,0.11666666666666667,81.0
LpTHs6O0f,mainstream,risk,"【上海现有接受治疗的重型患者160例 危重型患者19例】记者从24日举行的上海市疫情防控新闻发布会上获悉，截至4月23日24时，在定点医疗机构接受治疗的重型患者160例、危重型患者19例。

4月23日，新增本土死亡病例39例，平均年龄78.7岁，最大年龄98岁。39位患者均合并有严重的多脏器慢性疾病，包括冠心 ​​​",160.0,0.0,0.0,0.11023622047244094,80.0
Jqv6isYVt,mainstream,risk,【最新研究：#新冠愈后可能出现脱发#等后遗症】近日，日本国立国际医疗研究中心对63名新冠治愈患者进行了跟踪调查，结果显示，在出现新冠症状的4个月后，他们之中的11%有气喘、10%有倦怠感、10%的嗅觉异常、6%咳嗽，另有2%的味觉异常。此外，其中的14人（男性9人、女性5人）在出现新冠症状后的2个月左 ​​​,155.0,0.0,0.0,0.08943089430894309,155.0
MsEkOpEvw,mainstream,risk,"【#西安开设新冠后遗症专病门诊#】很多人阳康后，落下很多“后遗症”：咳嗽、咽痛咽痒、胸闷气短，不明原因的头晕、乏力以及肺间质纤维化等症状，这些症状也被称为长新冠综合症。

   针对新冠感染者“转阴”后存在的不适症状，西安市胸科医院筹备呼吸与危重症医学科专家组，特开设专病门诊解决咳嗽、 ​​​",147.0,0.0,0.0,0.0,147.0
LsW8MnjyE,mainstream,risk,【上海新增本土确诊194例和本土无症状1487例】据上海市卫健委：5月13日0—24时，上海新增本土新冠肺炎确诊病例194例和无症状感染者1487例，其中140例确诊病例为既往无症状感染者转归，54例确诊病例和1486例无症状感染者在隔离管控中发现。新增本土死亡1例。该患者为84岁男性，合并有心律失常、高血压、 ​​​,160.0,0.0,0.0,0.104,80.0
LsMP4BUIH,mainstream,risk,【上海新增227例本土确诊病例和1869例本土无症状感染者】5月12日0—24时，上海新增本土新冠肺炎确诊病例227例和无症状感染者1869例，其中167例确诊病例为既往无症状感染者转归，60例确诊病例和1865例无症状感染者在隔离管控中发现。新增本土死亡病例2例，系两例年龄分别为88岁、89岁的老年患者，合并有 ​​​,161.0,0.0,0.0,0.11023622047244094,161.0
LstWgCJzr,mainstream,risk,"【上海新增228例本土确诊和1259例本土无症状】据上海市卫健委：5月10日0—24时，上海新增本土新冠肺炎确诊病例228例和无症状感染者1259例，其中198例确诊病例为既往无症状感染者转归，30例确诊病例和1259例无症状感染者在隔离管控中发现。

   新增本土死亡7例。平均年龄87.3岁，最小年龄75岁，最大年 ​​​",164.0,0.0,0.0,0.11382113821138211,82.0
LquWvgYTg,mainstream,risk,【#上海新增1292例本土确诊病例和9330例本土无症状#】4月27日0—24时，上海新增本土新冠肺炎确诊病例1292例（含既往无症状感染者转为确诊病例858例）和无症状感染者9330例，432例确诊病例和9140例无症状感染者在隔离管控中发现，其余在相关风险人群排查中发现。新增本土死亡47例。平均年龄84.7岁，最小 ​​​,164.0,0.0,0.0,0.10569105691056911,82.0
Lq2YLyZLO,mainstream,risk,【上海新增2472例本土确诊病例和16983例本土无症状感染者】4月24日0—24时，上海新增本土新冠肺炎确诊病例2472例和无症状感染者16983例，其中846例确诊病例为此前无症状感染者转归，1557例确诊病例和16835例无症状感染者在隔离管控中发现，其余在相关风险人群排查中发现。新增本土死亡病例51例。平均年 ​​​,163.0,0.0,0.0,0.0967741935483871,81.5
K3GQJx91t,mainstream,risk,【#世卫专家提醒重视新冠造成的长期影响#】世界卫生组织欧洲区域办事处主任克卢格25日说，近来欧洲地区新冠感染率总体呈下降趋势，但世卫组织关注到“新冠后遗症”对健康等方面造成的长期影响，将其视为“后疫情”时期的首要任务。克卢格当天在哥本哈根召开的线上新闻发布会上说，十分之一的欧洲新冠患 ​​​,146.0,0.0,0.0,0.0078125,146.0
K2Owry7Dn,mainstream,risk,【中疾控主任：#新冠肺炎可能成为长期流行的传染病#】在最新发布的中疾控周报中，中国疾病预防控制中心主任高福表示，展望未来，2021年依旧有许多不确定因素，其中之一就是新冠肺炎或将成为全球或局部地区长期流行的传染性疾病。此外，新冠肺炎的许多新特征被陆续报出，比如被感染的患者可能将面对长期 ​​​,147.0,0.0,0.0,0.0078125,147.0
MkLPG4fGO,mainstream,risk,【国外最新研究：新冠病毒会影响视力，但不会留下后遗症】#新冠病毒或导致部分人出现视力模糊# 12月22日，据《红星新闻》消息，国外最新研究显示，科学家们使用动物模型证实，新冠病毒会影响感染者的眼睛视力，引发视网膜炎症，导致视力模糊和深度知觉差。据悉，这种视力模糊似乎只是一种症状，而不是 ​​​,147.0,0.0,0.0,0.016260162601626018,147.0
JvAiO4nJX,mainstream,risk,【最可怕的后遗症？你的头顶发凉了吗】有外国研究表明新冠肺炎后遗症或包含脱发，脱发被网友称为#新冠病毒最可怕的后遗症# 。现代年轻人常调侃，“我的身体是20多岁，我的头发已经入土为安了”。国家卫健委发布的数据显示，我国已经有超过2.5亿人正饱受脱发的困扰，平均每六人中就有一人脱发，大批90后 ​​​,149.0,0.006711409395973154,0.023809523809523808,0.023809523809523808,49.666666666666664
MmRpXsJmB,mainstream,risk,【#白肺与原始毒株有关吗#？四问四答！】“白肺”与感染新冠病毒原始毒株或德尔塔毒株有关吗？#出现白肺会有后遗症吗#？此前奥密克戎毒株主要感染上呼吸道，现在一些老人因新冠病毒感染导致肺炎，该如何解释？慢性阻塞性肺疾病患者该如何预防？答案戳↓↓（人民日报）http://t.cn/A6KFx4ca ​​​（来 ​​​,156.0,0.038461538461538464,0.0,0.018018018018018018,26.0
MmHKl2aJN,mainstream,risk,【#杭州不少人阳后出现妇科问题#】 近期，不少“阳过”的女性，又有了新烦恼：在杭州市第一人民医院妇科，最近因为月经失调、白带异常来看病的患者也不少，很多人都表示，自己在“阳过”后，出现了各种妇科问题，不知道算不算新冠的后遗症。究竟和“阳了”有没有关系？发布了头条文章：《“阳过”后月 ​​​,145.0,0.006896551724137931,0.008695652173913044,0.0,72.5
MpiX6dXZy,mainstream,risk,【#李谷一回应缺席春晚#：新冠病情恢复慢】1月21日，李谷一在其个人社交媒体上发文表示，今年在医院治病，参加不了春晚。她表示，“我的新冠病情恢复的慢，还在后遗症反应中。”此前，央视主持人张泽群曾在微博上透露，由于刚刚“阳康”，身体抱恙的李谷一只能缺席兔年春晚。另据文汇报，1983年至今的4 ​​​,149.0,0.0,0.008333333333333333,0.03333333333333333,49.666666666666664
MmrFID6XI,mainstream,risk,【#感染新冠后为什么会脱发#？】#专家说感染新冠后脱发比较普遍# 近日，有网友表示在感染新冠后出现了脱发的现象。新冠感染后为什么会出现脱发？脱发是新冠感染的后遗症吗？多长时间可以恢复？清华大学附属北京清华长庚医院皮肤科副主任医师段晓涵表示：感染新冠之后出现脱发的情况，是比较普遍的。感 ​​​,146.0,0.0273972602739726,0.0,0.0,24.333333333333332
LqXrc6meg,mainstream,risk,【上海新增本土确诊788例无症状7084例】#上海昨日新增本土死亡病例38例#4月30日0—24时，新增本土新冠肺炎确诊病例788例和无症状感染者7084例，其中683例确诊病例为既往无症状感染者转归，105例确诊病例和7084例无症状感染者在隔离管控中发现。新增本土死亡38例。平均年龄80.9岁，最小年龄50岁，最大年 ​​​,165.0,0.0,0.0,0.12,82.5
KaGRVxoXM,mainstream,risk,【#世卫称有望在几个月内控制新冠疫情# 】周一，世界卫生组织总干事谭德塞在新闻发布会上再次警告称，一些年轻人对感染新冠病毒不以为然，但事实上有年轻健康的患者死于新冠肺炎。即使是对于康复者而言，新冠病毒也可能造成诸多长期后遗症。但谭德塞仍强调，只要各国保证公平疫苗接种，全面做好公共卫 ​​​,145.0,0.0,0.0,0.0,72.5
K3GOJu6nD,mainstream,risk,"#世卫专家提醒重视新冠后遗症# #新冠后遗症像各种症状不同组合#【世卫专家提醒重视新冠造成的长期影响[话筒]】世界卫生组织欧洲区域办事处主任克卢格25日说，近来欧洲地区新冠感染率总体呈下降趋势，但世卫组织关注到“新冠后遗症”对健康等方面造成的长期影响，将其视为“后疫情”时期的首要任务。

 ​​​",149.0,0.0,0.0,0.008,149.0
K2OlE3GHY,mainstream,risk,【中疾控主任：#新冠肺炎可能成为长期流行的传染病#】在最新发布的中疾控周报中，中国疾病预防控制中心主任高福表示，展望未来，2021年依旧有许多不确定因素，其中之一就是新冠肺炎或将成为全球或局部地区长期流行的传染性疾病。此外，新冠肺炎的许多新特征被陆续报出，比如被感染的患者可能将面对长期 ​​​,147.0,0.0,0.0,0.0078125,147.0
JqvByjgvn,mainstream,risk,【最新研究：感染#新冠痊愈后可能会脱发#[并不简单]】据日本放送协会(NHK)23日报道，近日，日本国立国际医疗研究中心对新冠治愈患者的后遗症情况进行了跟踪调查。此次调查对象共63人，平均年龄48.1岁。结果显示，部分治愈患者出现气喘和长时间嗅觉失灵等后遗症。而在针对其中58人的追加调查中，发现有1 ​​​,154.0,0.0,0.0,0.03968253968253968,51.333333333333336
KaHklkfYr,wemedia,risk,【#世卫称有望在几个月内控制新冠疫情# #世卫警告新冠肺炎不是流感#】周一，世界卫生组织总干事谭德塞在新闻发布会上再次警告称，一些年轻人对感染新冠病毒不以为然，但事实上有年轻健康的患者死于新冠肺炎。即使是对于康复者而言，新冠病毒也可能造成诸多长期后遗症。但谭德塞仍强调，只要各国保证公 ​​​,146.0,0.0,0.0,0.0,73.0
Iupy8oYCc,mainstream,risk,【两次疫情都在一线！#医生谈新冠病毒与SARS差别#：传播更快隐蔽性更强】广东省中医院珠海医院呼吸科主任黄东晖，2003年“非典”期间，持续收治抢救病人后不幸被传染，病情危重，后来还留下后遗症。这一次，当新型冠状肺炎疫情来袭时，他义无反顾，再一次主动请缨，报名参加广东省第二批援助湖北医疗队 ​​​,149.0,0.006711409395973154,0.0,0.00819672131147541,74.5
MmrL9x27G,mainstream,risk,#感染新冠后为什么会脱发#【#女子阳后9天洗头掉发如毛线团#】据都市时报报道，12月28日，新疆，张女士阳后9天洗头发，掉发量如毛线团。她说，自己头发比较多，洗了快三小时，这是掉发最多的一次。据九派新闻新闻报道，12月23日，山西运城，一女子感染新冠9天后洗头，也是薅掉一大把头发。你身边有人阳 ​​​,151.0,0.0,0.008130081300813009,0.056910569105691054,50.333333333333336
MmrJV2q4e,mainstream,risk,【#感染新冠后为什么会脱发#？】#专家说感染新冠后脱发比较普遍# 近日，有网友表示在感染新冠后出现了脱发的现象。新冠感染后为什么会出现脱发？脱发是新冠感染的后遗症吗？多长时间可以恢复？清华大学附属北京清华长庚医院皮肤科副主任医师段晓涵表示：感染新冠之后出现脱发的情况，是比较普遍的。感 ​​​,146.0,0.0273972602739726,0.0,0.0,24.333333333333332
Mm6DpkFPD,mainstream,risk,【奥密克戎七问七答：#元旦聚餐旅行会二次感染吗#？】临近元旦，部分地方新增感染者仍处于快速增长期，#国内是否会产生新的变异株#？很多患者转阴后，仍然存在咳嗽、嗅觉味觉减退等症状，这属于后遗症吗？假期聚餐旅行会二次感染吗？感染新冠会变“白肺“ 吗？我们该如何与新冠长期共存?  ​​​,141.0,0.0425531914893617,0.008695652173913044,0.0,23.5
OcKzJika4,mainstream,risk,【#阿斯利康承认疫苗致命副作用#，数百人死亡！涉及中国这一地区】4月30日，英国医药巨头阿斯利康终于在提交给高等法院的一份法律文件中首度承认，其新冠疫苗 “在极少数情况下可能会导致TTS”，也就是致命的血栓。此前，英国药品监管机构数据显示，在5000万剂次的阿斯利康疫苗接种中，至少有81人死于 ​​​,151.0,0.006622516556291391,0.0,0.03225806451612903,75.5
MpjnTeV9s,mainstream,risk,"#李谷一缺席春晚原因#【李谷一回应缺席春晚：新冠病情恢复慢】1月21日，李谷一在其个人社交媒体上发文表示，今年在医院治病，参加不了春晚。她表示，“我的新冠病情恢复的慢，还在后遗症反应中。”

此前，央视主持人张泽群曾在微博上透露，由于刚刚“阳康”，身体抱恙的李谷一只能缺席兔年春晚。

另 ​​​",148.0,0.0,0.008403361344537815,0.01680672268907563,49.333333333333336
MmRYdqlFW,mainstream,risk,"#新冠病毒很可能存在眼部趋向性# 这个研究前段时间有过一次集中报道↓↓

新冠病毒会影响视力和深度知觉

澳大利亚格里菲斯大学孟席斯健康研究所和韩国新兴病毒感染融合研究中心、韩国化学技术研究所共同领导的一项研究表明：

新冠病毒会影响感染者的眼睛视力，引发视网膜炎症，导致视力模糊和深度知 ​​​",148.0,0.0,0.0,0.0,148.0
MlYkU6FWO,mainstream,risk,"【#专家称新冠患者99%可排除心肌炎#】@澎湃新闻 ：近期，新冠病毒导致心肌炎的病例个案，引发全民关注。由于年轻人是心肌炎的易感人群，他们也更担心新冠感染和康复后并发心肌炎的风险。

上海交通大学附属第六人民医院心血管内科主任沈成兴接受澎湃科技记者采访时指出，国外研究显示，新冠患者中心肌 ​​​",148.0,0.0,0.0,0.007936507936507936,74.0
MlzftlDtC,mainstream,risk,"【#重症白肺死亡率40%以上#，专家：#新冠造成白肺的概率不是很高#】央视前主持人樊登的父亲去世时，肺部已大面积变白；很多老人送医时已出现“沉默性缺氧”……在这个就医高峰的寒冬，“白肺”逐渐成为众人议论的热词。

“白肺”也叫急性呼吸窘迫综合征（ARDS），一般指重症肺炎患者在X光或CT检查下的 ​​​",152.0,0.0,0.0,0.008547008547008548,76.0
MhhNQktMx,mainstream,risk,"【关注“长新冠”】11月21日，美国卫生与公共服务部（HHS）发布报告，建议美国公共场所强制或建议民众佩戴口罩并保持社交距离，以防止“长新冠”所造成的伤害。

“长新冠”，即新冠后遗症。根据世界卫生组织给出的定义，“长新冠”指的是感染新冠病毒的3个月后还有症状，并且最少持续2个月，且不能用 ​​​",149.0,0.0,0.0,0.03389830508474576,74.5
McOix2R8s,mainstream,risk,"【新冠长期后遗症影响逐渐显露 欧美几百万人痛苦不堪】欧美已经基本放弃了对新冠肺炎的抵抗，彻底“躺平”，这反而给了新冠病毒肆无忌惮变异、传播的机会，感染新冠病毒后遗留长期症状的影响也逐渐显露。

据媒体报道，美国疾控中心的最新数据显示，目前美国一周平均日增新冠确诊病例约3.9万例、死亡病 ​​​",147.0,0.0,0.0,0.007874015748031496,147.0
MaSsW850S,mainstream,risk,"【美国急诊科医生撰文：新冠后遗症不容小觑】@参考消息：美国《财富》杂志网站10月6日刊登美国急诊科医生卡罗琳·巴伯的一篇文章，题为《中风、心脏病和猝死：美国了解感染新冠病毒的长期风险吗》，全文摘编如下：

我有一个35岁的熟人死于出血性脑中风，一个40多岁的朋友和另一个70多岁的朋友经常出现 ​​​",150.0,0.0,0.008064516129032258,0.04032258064516129,150.0
Maef4CNeU,mainstream,risk,"【不堪新冠后遗症折磨，21岁英国网球选手宣布退役】#21岁网球选手因新冠后遗症退役# 10月11日，21岁的英国网球运动员塔尼莎·迪萨纳亚克（Tanysha Dissanayake）宣布退役，新冠病毒在其不满20岁时提前终结了她的职业生涯，在受新冠后遗症折磨一年多后，她正式告别职业网坛。

自去年7月感染新冠病毒后， ​​​",163.0,0.0,0.0,0.058823529411764705,163.0
LaoW1BbvA,mainstream,risk,【#天津本土病例中七成患者为儿童#】本轮天津本土新冠肺炎患者中有七成患者为儿童，天津市中医药大学附属医院已经派驻儿科医生进入定点医院进行救治。中国工程院院士 张伯礼：“此次奥密克戎病毒症状不是太重，有人说就是大号感冒，但还是不一样的。国外有超过50%的病人出现了持续症状，也就是后遗症， ​​​,147.0,0.0,0.0,0.007874015748031496,73.5
L35Hxy4uv,mainstream,risk,【[话筒]#中国团队新冠后遗症研究#：出院近一年，仍会呼吸急促、抑郁】感染新冠肺炎一年后，新冠患者们怎么样了？11月23日，中国《医学前沿》期刊刊登了一篇华中科技大学同济医学院附属协和医院（简称武汉协和医院）团队发表的论文。研究发现，即便是非重症患者，在确诊新冠近1年后，依旧存在多系统问 ​​​,148.0,0.006756756756756757,0.0,0.02459016393442623,74.0
KaGj43hoB,mainstream,risk,【#世卫称有望在几个月内控制新冠疫情##世卫警告新冠肺炎不是流感#】周一，世界卫生组织总干事谭德塞在新闻发布会上再次警告称，一些年轻人对感染新冠病毒不以为然，但事实上有年轻健康的患者死于新冠肺炎。即使是对于康复者而言，新冠病毒也可能造成诸多长期后遗症。但谭德塞仍强调，只要各国保证公平 ​​​,146.0,0.0,0.0,0.0,73.0
K2OtLu9Lo,mainstream,risk,【中疾控主任：#新冠肺炎可能成为长期流行的传染病#】在最新发布的中疾控周报中，中国疾病预防控制中心主任高福表示，展望未来，2021年依旧有许多不确定因素，其中之一就是新冠肺炎或将成为全球或局部地区长期流行的传染性疾病。此外，新冠肺炎的许多新特征被陆续报出，比如被感染的患者可能将面对长期 ​​​,147.0,0.0,0.0,0.0078125,147.0
LsM98wxPT,mainstream,risk,【上海新增227例本土确诊病例和1869例本土无症状感染者】5月12日0—24时，上海新增本土新冠肺炎确诊病例227例和无症状感染者1869例，其中167例确诊病例为既往无症状感染者转归，60例确诊病例和1865例无症状感染者在隔离管控中发现。新增本土死亡病例2例，系两例年龄分别为88岁、89岁的老年患者，合并有 ​​​,161.0,0.0,0.0,0.11023622047244094,161.0
Lq2sowMiP,mainstream,risk,【上海新增2472例本土确诊病例和16983例本土无症状感染者】4月24日0—24时，上海新增本土新冠肺炎确诊病例2472例和无症状感染者16983例，其中846例确诊病例为此前无症状感染者转归，1557例确诊病例和16835例无症状感染者在隔离管控中发现，其余在相关风险人群排查中发现。新增本土死亡病例51例。平均年 ​​​,163.0,0.0,0.0,0.0967741935483871,81.5
LpT3obiDA,mainstream,risk,"【#上海新增本土确诊1401例无症状19657例#】上海市卫健委通报： 4月23日0—24时，上海新增本土新冠肺炎确诊病例1401例和无症状感染者19657例，其中541例确诊病例为此前无症状感染者转归，816例确诊病例和19421例无症状感染者在隔离管控中发现，其余在相关风险人群排查中发现。
新增本土死亡39例。平均 ​​​",164.0,0.0,0.0,0.09917355371900827,82.0
L38q0jDrS,mainstream,risk,【#中国团队新冠后遗症研究#：出院近一年，仍会呼吸急促、抑郁】近日，中国《医学前沿》期刊刊登了一篇华中科技大学同济医学院附属协和医院（简称武汉协和医院）团队发表的论文。研究发现，即便是非重症患者，在确诊新冠近1年后，依旧存在多系统问题，如睡眠困难、呼吸急促、乏力和关节疼痛等身体症状 ​​​,145.0,0.0,0.0,0.00819672131147541,145.0
KaFVDqZ69,mainstream,risk,【#世卫称有望在几个月内控制新冠疫情# 】周一，世界卫生组织总干事谭德塞在新闻发布会上再次警告称，一些年轻人对感染新冠病毒不以为然，但事实上有年轻健康的患者死于新冠肺炎。即使是对于康复者而言，新冠病毒也可能造成诸多长期后遗症。但谭德塞仍强调，只要各国保证公平疫苗接种，全面做好公共卫 ​​​,145.0,0.0,0.0,0.0,72.5
K2Qfm5eCI,mainstream,risk,【中疾控主任：#新冠肺炎可能成为长期流行的传染病#】在最新发布的中疾控周报中，中国疾病预防控制中心主任高福表示，展望未来，2021年依旧有许多不确定因素，其中之一就是新冠肺炎或将成为全球或局部地区长期流行的传染性疾病。此外，新冠肺炎的许多新特征被陆续报出，比如被感染的患者可能将面对长期 ​​​,147.0,0.0,0.0,0.0078125,147.0
MlxgtzM9N,mainstream,risk,【#重症白肺死亡率40%以上#，#专家称新冠造成白肺概率不是很高#】张黎医生表示，造成白肺的原因有两个：肺部本身感染，或者身体其他部位感染引发人体炎症反应。龚子龙医生提醒大家，特别要注意“沉默性缺氧”的发生。至于新冠会否导致白肺，两位医学专家认为，新冠的确会对人肺部造成影响，但是造成白 ​​​,147.0,0.0,0.0,0.008130081300813009,73.5
MiUk3vGZO,mainstream,risk,"【钟南山最新研判！】在12月9日上午8时举行的“中华医学会呼吸病学年会-2022”视频会议中，钟南山院士做了题为《新冠奥密克戎（Omicron）疫情动态及应对》的报告。
钟南山在报告中表示，全国范围第二波奥密克戎（Omicron）疫情的特点是传播性强。对比德尔塔（Delta）毒株，奥密克戎毒株引发新冠后遗症 ​​​",158.0,0.006329113924050633,0.0,0.03508771929824561,52.666666666666664
LsM787unV,mainstream,risk,【上海新增227例本土确诊病例和1869例本土无症状感染者】5月12日0—24时，上海新增本土新冠肺炎确诊病例227例和无症状感染者1869例，其中167例确诊病例为既往无症状感染者转归，60例确诊病例和1865例无症状感染者在隔离管控中发现。新增本土死亡病例2例，系两例年龄分别为88岁、89岁的老年患者，合并有 ​​​,161.0,0.0,0.0,0.11023622047244094,161.0
J6fNygaWZ,mainstream,risk,【周知！#湖北新冠治愈者康复费用无需个人承担#】呼吸与危重症专家童朝晖：部分新冠肺炎重症和危重症患者，出院后留下一些后遗症，需要继续康复。但不少需要康复的患者，因担心费用问题，没有及时到医院进行康复治疗。现在我们联络组明晰了，湖北患者的康复费用不需要自己承担。（央视新闻）  ​​​,141.0,0.0070921985815602835,0.016666666666666666,0.0,35.25
MgYxhxWjk,mainstream,risk,"【美媒：研究显示新冠病毒或改变大脑微循环】参考消息网11月25日报道据美国《时代》周刊网站11月21日报道，尽管世界正在学习与新冠病毒共处，但科学家仍有许多问题没有解决，并不清楚这种传染病会如何影响我们的身体和大脑——不仅包括在患病期间的影响，还包括长期影响。

有科研团队向北美放射学会年 ​​​",149.0,0.0,0.007874015748031496,0.031496062992125984,149.0
K2Oek6GFd,mainstream,risk,【中疾控主任：#新冠肺炎可能成为长期流行的传染病#】在最新发布的中疾控周报中，中国疾病预防控制中心主任高福表示，展望未来，2021年依旧有许多不确定因素，其中之一就是新冠肺炎或将成为全球或局部地区长期流行的传染性疾病。此外，新冠肺炎的许多新特征被陆续报出，比如被感染的患者可能将面对长期 ​​​,147.0,0.0,0.0,0.0078125,147.0
J6fXckEw3,mainstream,risk,【周知！#湖北新冠治愈者康复费用无需个人承担#】呼吸与危重症专家童朝晖：部分新冠肺炎重症和危重症患者，出院后留下一些后遗症，需要继续康复。但不少需要康复的患者，因担心费用问题，没有及时到医院进行康复治疗。现在我们联络组明晰了，湖北患者的康复费用不需要自己承担。（央视新闻） ​​​,140.0,0.007142857142857143,0.016666666666666666,0.0,35.0
MaeLkgQ50,wemedia,risk,【吴尊友：#新冠后遗症可持续数周数月甚至更长时间#】10月13日，在国务院联防联控机制新闻发布会上，中国疾控中心流行病学首席专家吴尊友表示，新冠后遗症又叫新冠长期症状，世界卫生组织在2021年10月份给出的临床定义，新冠后遗症通常发生在感染新冠发病后的3个月内，可以是急性感染康复后出现某些新 ​​​,150.0,0.0,0.0,0.03875968992248062,150.0
Mm7cS8n6d,mainstream,risk,【奥密克戎七问七答：#元旦聚餐旅行会二次感染吗#？】临近元旦，部分地方新增感染者仍处于快速增长期，#国内是否会产生新的变异株#？很多患者转阴后，仍然存在咳嗽、嗅觉味觉减退等症状，这属于后遗症吗？假期聚餐旅行会二次感染吗？感染新冠会变“白肺“ 吗？我们该如何与新冠长期共存?  ​​​,141.0,0.0425531914893617,0.008695652173913044,0.0,23.5
IDKFZlJRr,mainstream,risk,【新冠重症康复后，会留下后遗症吗？援鄂医生在线解答】“我特别幸运，每次都赶上新政策！”B站UP主蘑菇鸭新冠重症康复后大赞武汉的隔离条件，“像养猪，比我自己吃外卖好多了，国家真是好！”但他在恢复期中会出现胸闷的问题，疑虑自己会不会留下了后遗症？我们邀请援助武汉的尹江涛医生，对线蘑菇鸭 ​​​,145.0,0.027586206896551724,0.04065040650406504,0.0,36.25
Mm6g1FGPd,mainstream,risk,【奥密克戎七问七答：#元旦聚餐旅行会二次感染吗#？】临近元旦，部分地方新增感染者仍处于快速增长期，#国内是否会产生新的变异株#？很多患者转阴后，仍然存在咳嗽、嗅觉味觉减退等症状，这属于后遗症吗？假期聚餐旅行会二次感染吗？感染新冠会变“白肺“ 吗？我们该如何与新冠长期共存?  ​​​,141.0,0.0425531914893617,0.008695652173913044,0.0,23.5
LstlP1ltA,mainstream,risk,【上海新增228例本土确诊和1259例本土无症状】据上海市卫健委：5月10日0—24时，上海新增本土新冠肺炎确诊病例228例和无症状感染者1259例，其中198例确诊病例为既往无症状感染者转归，30例确诊病例和1259例无症状感染者在隔离管控中发现。新增本土死亡7例。平均年龄87.3岁，最小年龄75岁，最大年龄98岁 ​​​,163.0,0.0,0.0,0.11904761904761904,81.5
Lrq4hsh0l,mainstream,risk,"【上海新增本土死亡病例16例，均未接种过新冠疫苗】记者从今天（4日）举行的上海市疫情防控新闻发布会上获悉，截至5月3日24时，在定点医疗机构接受治疗的重型患者486例、危重型95例。

5月3日，新增本土死亡病例16例，平均年龄82.9岁。16位患者均合并有严重的多脏器慢性基础疾病及恶性肿瘤，包括慢性淋 ​​​",156.0,0.0,0.0,0.09375,78.0
LqXPxFO63,mainstream,risk,"【上海：重型患者342例 危重型患者61例 新增本土死亡病例38例】总台记者从今天（1日）举行的上海市疫情防控新闻发布会上获悉，截至4月30日24时，在定点医疗机构接受治疗的重型患者342例、危重型61例。

　　4月30日，上海新增本土死亡病例38例，平均年龄80.9岁。38位患者均有较为严重的急慢性基础疾病 ​​​",160.0,0.0,0.0,0.11290322580645161,80.0
IDopwjCrh,mainstream,risk,"【已治愈患者会有肺部后遗症吗？钟南山刚刚回应了】

“我们现在进入另外一个阶段，也就是说如何预防外来输入的传染。”4月14日晚，在腾讯医典和南山呼吸联合举办的网络直播中，国家卫健委高级别专家组组长、中国工程院院士钟南山说， “个别国家感染人数还在往上走，抑制传播还是不得力，中国经验值得 ​​​",147.0,0.006802721088435374,0.008,0.016,73.5
KaSUMDnVA,wemedia,risk,【#世卫称有望在几个月内控制新冠疫情# #世卫警告新冠肺炎不是流感#】周一，世界卫生组织总干事谭德塞在新闻发布会上再次警告称，一些年轻人对感染新冠病毒不以为然，但事实上有年轻健康的患者死于新冠肺炎。即使是对于康复者而言，新冠病毒也可能造成诸多长期后遗症。但谭德塞仍强调，只要各国保证公 ​​​,146.0,0.0,0.0,0.0,73.0
OdDvDzevR,mainstream,risk,#阿斯利康被诉新冠疫苗引发永久脑损伤##阿斯利康因新冠疫苗副作用被索赔1亿英镑#【万亿巨头宣布：全球下架！曾承认“或引发罕见副作用”，有人接种后永久脑损伤】当地时间5月8日，英国制药公司阿斯利康宣布，公司已开始在全球范围内下架新冠疫苗。该公司给出的理由是“商业原因”和疫苗过剩。该新冠疫 ​​​,147.0,0.006802721088435374,0.0,0.023809523809523808,49.0
Lvx6ADM3Q,mainstream,risk,"【#梅西谈新冠后遗症#】日前，梅西接受阿根廷媒体采访时透露，新冠后遗症对自己影响很大，“我的症状和大多数人都差不多，先是咳嗽、喉咙痛、发烧，后来我的肺部有了后遗症，甚至一度无法训练，有一个半月的时间连跑步都困难。”

“后来我也想过，干脆不去管它，直接跑步去训练，但情况更糟了。再后来 ​​​",146.0,0.0,0.03361344537815126,0.0,73.0
JyiJpaRT4,mainstream,risk,"【汉密尔顿曝仍有新冠后遗症：肺不舒服】汉密尔顿在阿布扎比大奖赛迎来感染新冠后的复出首秀，仅获得排位赛第三，而赛后新闻发布会上，汉密尔顿透露尽管新冠检测是阴性，可自己还没有完全摆脱新冠后遗症，而这次成为确诊病例，也让自己深刻体会到新冠病毒有多可怕。
汉密尔顿赛后表示虽然自己现在没有 ​​​",144.0,0.0,0.023255813953488372,0.0,144.0
Osmk1p0gR,wemedia,risk,"【新冠病毒更加耐热了？免疫力下降或是新冠流行原因】世界卫生组织日前警告，新冠病毒感染正在全球范围内激增，并且这种情况不太可能很快得到改善。巴黎奥运会期间，至少有40名运动员的新冠病毒和其它呼吸道感染疾病的检测结果呈阳性。#广东本轮新冠感染年轻人症状更明显#

①国内阳性率有所上升，夏季 ​​​",147.0,0.006802721088435374,0.0,0.0078125,49.0
KaLd8ot1S,wemedia,risk,【#世卫称有望在几个月内控制新冠疫情##世卫警告新冠肺炎不是流感#】周一，世界卫生组织总干事谭德塞在新闻发布会上再次警告称，一些年轻人对感染新冠病毒不以为然，但事实上有年轻健康的患者死于新冠肺炎。即使是对于康复者而言，新冠病毒也可能造成诸多长期后遗症。但谭德塞仍强调，只要各国保证公平 ​​​,146.0,0.0,0.0,0.0,73.0
K3GMsx5yO,wemedia,risk,【#世卫专家提醒重视新冠造成的长期影响#】世界卫生组织欧洲区域办事处主任克卢格25日说，近来欧洲地区新冠感染率总体呈下降趋势，但世卫组织关注到“新冠后遗症”对健康等方面造成的长期影响，将其视为“后疫情”时期的首要任务。克卢格当天在哥本哈根召开的线上新闻发布会上说，十分之一的欧洲新冠患 ​​​,146.0,0.0,0.0,0.0078125,146.0
M2N67gcVI,mainstream,risk,"【报告：#美国300万人因新冠后遗症失业# 经济损失每年上千亿美元】据美国有线电视新闻网8月25日报道，一份最新研究报告显示，全美约1600万劳动适龄人口患有新冠后遗症，其中约300万人因此失业，由此造成的收入损失高达每年上千亿美元。#美国因新冠后遗症经济损失每年上千亿美元#

美国智库布鲁金斯学会 ​​​",154.0,0.0,0.0,0.03937007874015748,154.0
LDljfp0IO,mainstream,risk,#海外网深一度#【健康没了、工作丢了，“新冠后遗症”困扰美国社会】美国目前感染过新冠病毒的成年人中约有五分之一出现了后遗症，大约100万美国人因“新冠后遗症”而离开劳动力市场——美国众议院小组委员会7月19日举行的一场听证会上，这组数据被屡屡提及。根据美国《财富》杂志报道，这场听证会围绕 ​​​,148.0,0.0,0.0,0.024390243902439025,148.0
LvAvWdrsv,mainstream,risk,"【#日本多名儿童因感染新冠诱发急性脑病# 发病机制不明】据日本NHK电视台31日报道，日本有约10名没有基础疾病的儿童因感染新冠病毒而诱发急性脑病，这种疾病对儿童来说出现后遗症风险很高，但该病的发病机制尚未查明。

日前，日本栃木县一名不满5岁的儿童因感染新冠病毒诱发急性脑病，病情十分严重， ​​​",150.0,0.0,0.0,0.0234375,150.0
LmSMgoGRl,mainstream,risk,【感染奥密克戎康复一个月后仍味觉失灵？专家：将会自愈】#男子感染奥密克戎康复20多天仍无味觉# “感染奥密克戎康复至今一个月了，但对我的生活仍然有影响。我会时不时头痛、体力不支，最严重的是我还没有恢复味觉。”一名奥密克戎感染者在社交平台表示，康复一个月后，仍有部分后遗症，仍未恢复味觉 ​​​,146.0,0.00684931506849315,0.024193548387096774,0.008064516129032258,48.666666666666664
LjGflfu8T,mainstream,risk,【#牛津大学研究发现新冠病毒或加速大脑萎缩#】据外媒报道，英国牛津大学发表在《自然》杂志上的一项研究表明，#新冠病毒可能导致大脑萎缩#。一些新冠患者会出现包括注意力、专注力、信息处理速度下降和记忆力受损等情况。研究人员表示，这些影响是否可以部分逆转，或者是否会长期存在，还需进一步调查 ​​​,146.0,0.0,0.0,0.0,73.0
Lb8dH71XI,mainstream,risk,【#现有新冠抗体药能否有效抵御奥密克戎变异株# ？】 #深圳一确诊感染奥密克戎变异株# 世卫组织总干事谭德塞日前表示，要在2022年结束新冠肺炎大流行。但是我们要靠什么来结束呢？疫苗还要打吗？特效药有用吗？未来我们要怎么面对新冠可能出现的新变异株？治疗新冠会像18年前治疗非典一样留下严重后遗 ​​​,150.0,0.03333333333333333,0.015873015873015872,0.015873015873015872,25.0
LanmC5UAH,mainstream,risk,"【数读1月11日全球疫情：全球新冠确诊累计逾3亿例 美国新冠住院人数创新高】 根据Worldometer实时统计数据，截至北京时间2022年1月12日6时30分，全球累计确诊新冠肺炎病例313446898例，单日新增确诊病例3532748例。#国外奥密克戎过半有持续症状或后遗症# 

截至北京时间12日6时30分左右，美国累计确诊 ​​​",170.0,0.0,0.0,0.1092436974789916,170.0
KtfgKffNa,mainstream,risk,【#日本女子新冠康复后无法正常生活#】日本疫情仍在蔓延，东京涩谷一家医院的新冠后遗症门诊患者也越来越多。一名40多岁的女性4月感染新冠肺炎，目前已康复，但现在还是无法正常生活，连朋友都不敢见。另一位大学生患者表示，康复后身体一直感觉很疲惫，心理压力很大。#日媒称轻症患者易受后遗症困扰#  ​​​,148.0,0.0,0.0,0.015748031496062992,49.333333333333336
KsF14t0ps,mainstream,risk,【#美国部分青少年称新冠后遗症影响学业# ：对前一天授课知识感到陌生】据《纽约时报》8日报道，近日美国各地的青少年返校上课，许多人都要努力从新冠肺炎的后遗症中恢复。以15岁的威尔·格罗根为例，这名九年级的中学生做作业时对前一天讲过的知识感到陌生。自2020年10月感染新冠病毒以来，这只是困扰 ​​​,150.0,0.0,0.0,0.031746031746031744,75.0
KaFGRCFdL,mainstream,risk,【#世卫称有望在几个月内控制新冠疫情# 】周一，世界卫生组织总干事谭德塞在新闻发布会上再次警告称，一些年轻人对感染新冠病毒不以为然，但事实上有年轻健康的患者死于新冠肺炎。即使是对于康复者而言，新冠病毒也可能造成诸多长期后遗症。但谭德塞仍强调，只要各国保证公平疫苗接种，全面做好公共卫 ​​​,145.0,0.0,0.0,0.0,72.5
K3Ga92miA,mainstream,risk,【#世卫专家提醒重视新冠造成的长期影响#】世界卫生组织欧洲区域办事处主任克卢格25日说，近来欧洲地区新冠感染率总体呈下降趋势，但世卫组织关注到“新冠后遗症”对健康等方面造成的长期影响，将其视为“后疫情”时期的首要任务。克卢格当天在哥本哈根召开的线上新闻发布会上说，十分之一的欧洲新冠患 ​​​,146.0,0.0,0.0,0.0078125,146.0
K2PwHzYTK,mainstream,risk,【中疾控主任：#新冠肺炎可能成为长期流行的传染病#】在最新发布的中疾控周报中，中国疾病预防控制中心主任高福表示，展望未来，2021年依旧有许多不确定因素，其中之一就是新冠肺炎或将成为全球或局部地区长期流行的传染性疾病。此外，新冠肺炎的许多新特征被陆续报出，比如被感染的患者可能将面对长期 ​​​,147.0,0.0,0.0,0.0078125,147.0
K0wFVCS7V,mainstream,risk,【日本最新研究：#新冠病毒会导致嗅觉组织脱落# 建议用中药治疗】据日本《每日新闻》5日报道，东京大学的一项最新研究显示，患者感染新冠病毒后，即使少量的病毒也会导致鼻腔内部的嗅觉组织——嗅上皮脱落，从而引发嗅觉障碍。京大学另一个团队的最新研究结果显示，出现症状约2个月后、核酸检测为阴性 ​​​,146.0,0.0,0.0,0.016,146.0
JyBlLb2gA,mainstream,risk,#海外网评#【美国30万人死于新冠，疫苗能为悲剧画上句号吗？】“每天，亲人死于新冠肺炎的家庭数量都在以骇人的速度增长。”当地时间12月14日，美国新冠肺炎死亡病例超过30万后，CNN发出这样的悲鸣。时下，美国已启动新冠疫苗接种，但疫苗能为30万人死于新冠的悲剧画上句号吗？答案，仍在风中飘荡。一 ​​​,151.0,0.013245033112582781,0.0,0.040983606557377046,30.2
J74tpENju,mainstream,risk,【#查尔斯王子味觉嗅觉尚未恢复#】6月 16日，英国查尔斯王子携夫人卡米拉看望医院工作人员。自3月王室宣布感染其新冠肺炎消息，查尔斯已结束隔离恢复健康，当日他谈及康复经历，称自己的味觉和嗅觉尚未完全恢复。在看望医务人员期间，夫妇两人始终与大家保持2米社交距离，用双手合十礼代替握手。（世面 ​​​,148.0,0.0,0.0078125,0.03125,49.333333333333336
MkUtwetkb,mainstream,risk,【#转阴后为什么会味觉嗅觉减退#】近期多位网友反映，感染康复后出现味觉、嗅觉减退的症状。国外研究表明，嗅觉丧失很可能是身体的免疫系统对新冠病毒感染作出的反应。医生表示，这并非是新冠后遗症，只能说是感染的症状之一，大多数#感染后味觉减退1个月内可恢复#，如果味觉嗅觉减退的情况超过一个月 ​​​,146.0,0.0,0.0,0.007874015748031496,73.0
K5TjlE73H,mainstream,risk,"【#张伯礼谈新冠康复后遗症#：确实存在，但总的概率和程度比国外要少要轻】3月12日，在@新京报贝壳财经 《科技强国×健康》视频访谈中，张伯礼“问诊”格力电器董事长兼总裁董明珠。

对于新冠患者康复的后遗症问题。张伯礼表示，后遗症问题确实存在，国外叫长期症状，欧美报告不少，我们国家也有。我一 ​​​",149.0,0.0,0.016666666666666666,0.016666666666666666,49.666666666666664
N1a6fgL9a,mainstream,risk,【中科院院士高福：长新冠是基本事实，感染次数越多，后遗症风险越高】#你感觉自己有新冠后遗症吗# 一直以来，关于“长新冠”是否存在都有较多争议。高福认为，长新冠是一个基本事实，不要回避，不要因为长新冠可能对人类有影响就不敢讲，这不是科学的态度。“感染次数越多，后遗症风险越高，这是有临 ​​​,145.0,0.0,0.008264462809917356,0.0,72.5
LsMe7mbhD,mainstream,risk,【上海新增227例本土确诊病例和1869例本土无症状感染者】5月12日0—24时，上海新增本土新冠肺炎确诊病例227例和无症状感染者1869例，其中167例确诊病例为既往无症状感染者转归，60例确诊病例和1865例无症状感染者在隔离管控中发现。新增本土死亡病例2例，系两例年龄分别为88岁、89岁的老年患者，合并有 ​​​,161.0,0.0,0.0,0.11023622047244094,161.0
LsbsfqrNw,mainstream,risk,【#上海目前重型患者415例危重型80例#】#上海现有重型患者415例危重型80例# 5月9日，上海市卫健委副主任赵丹丹介绍，截至5月8日24时，在定点医疗机构接受治疗的重型患者415例、危重型80例。 5月8日，新增本土死亡病例11例，平均年龄78.9岁。11位患者合并有多种严重的慢性基础疾病及晚期肿瘤，包括晚期 ​​​,162.0,0.0,0.0,0.12598425196850394,81.0
LqWNJlmKo,mainstream,risk,#关注疫情#【上海新增788例本土确诊病例和7084例本土无症状感染者】4月30日0—24时，上海新增本土新冠肺炎确诊病例788例和无症状感染者7084例，其中683例确诊病例为既往无症状感染者转归，105例确诊病例和7084例无症状感染者在隔离管控中发现。新增本土死亡38例。平均年龄80.9岁，最小年龄50岁，最大年 ​​​,164.0,0.0,0.0,0.112,82.0
Lp7LM7Ine,mainstream,risk,【#上海新增3084例本土确诊##上海新增7例本土死亡病例#】上海市卫健委今早（19日）通报：2022年4月18日0—24时，新增本土新冠肺炎确诊病例3084例（含既往无症状感染者转为确诊病例974例）和无症状感染者17332例，实际新增本土阳性感染者19442例，其中1894例确诊病例和16998例无症状感染者在隔离管控中 ​​​,167.0,0.0,0.0,0.11764705882352941,167.0
KaGngCeZV,wemedia,risk,【#世卫称有望在几个月内控制新冠疫情# 】周一，世界卫生组织总干事谭德塞在新闻发布会上再次警告称，一些年轻人对感染新冠病毒不以为然，但事实上有年轻健康的患者死于新冠肺炎。即使是对于康复者而言，新冠病毒也可能造成诸多长期后遗症。但谭德塞仍强调，只要各国保证公平疫苗接种，全面做好公共卫 ​​​,145.0,0.0,0.0,0.0,72.5
K2QfmlI4U,wemedia,risk,【中疾控主任：#新冠肺炎可能成为长期流行的传染病#】在最新发布的中疾控周报中，中国疾病预防控制中心主任高福表示，展望未来，2021年依旧有许多不确定因素，其中之一就是新冠肺炎或将成为全球或局部地区长期流行的传染性疾病。此外，新冠肺炎的许多新特征被陆续报出，比如被感染的患者可能将面对长期 ​​​,147.0,0.0,0.0,0.0078125,147.0
K2PjjgaHW,wemedia,risk,【中疾控主任：#新冠肺炎可能成为长期流行的传染病#】在最新发布的中疾控周报中，中国疾病预防控制中心主任高福表示，展望未来，2021年依旧有许多不确定因素，其中之一就是新冠肺炎或将成为全球或局部地区长期流行的传染性疾病。此外，新冠肺炎的许多新特征被陆续报出，比如被感染的患者可能将面对长期 ​​​,147.0,0.0,0.0,0.0078125,147.0
MnCkEiVTC,mainstream,risk,【#阳康后一直乏力怎么办#】随着“阳康”的人越来越多，感染新冠病毒的“后遗症”也逐步显现，乏力就是其中比较常见的一种。对此，哈尔滨医科大学附属第二医院呼吸内科医生韩开宇介绍，目前针对感染新冠病毒后乏力的症状没有特效药物。她建议，患者在“阳康”后的4~8周内，应健康饮食，多喝水，充分休 ​​​,146.0,0.0,0.0,0.01652892561983471,73.0
MlXiH1kOH,mainstream,risk,【#肺部CT检查需求暴增#[话筒]】“新十条”落地将近一个月，第一批奥密克戎感染患者逐渐转阴，但咳嗽、胸闷气短等症状仍在持续。“新冠后遗症”“白肺”“心肌炎”等成了新冠康复患者新的焦虑来源，医院肺部CT检查人数在近期激增。宁波广电网报道称，宁波市北仑区中医院表示近期到该院进行肺部CT的人数 ​​​,149.0,0.0,0.0,0.0,74.5
LpU7IiBlx,mainstream,risk,【#上海新增本土确诊1401例无症状19657例#】 4月24日，上海市卫生健康委副主任赵丹丹通报：4月23日，上海新增1401例新冠肺炎本土确诊病例和19657例本土无症状感染者。#上海23日新增本土死亡39例# 平均年龄78.7岁，最大年龄98岁。39位患者均合并有严重的多脏器慢性疾病，包括冠心病、心力衰竭、严重心律 ​​​,165.0,0.0,0.0,0.10655737704918032,82.5
Lp8K3uydg,mainstream,risk,【#上海新增本土死亡7例#】4月19日，上海新冠肺炎疫情防控新闻发布会上，上海市卫生健康委一级巡视员吴乾渝通报： 4月18日0—24时，新增本土死亡病例7例。年龄从60岁到101岁，其中75岁以上6例，合并冠心病、糖尿病、高血压3级、脑梗死后遗症、心功能Ⅲ级、脑梗塞、低蛋白血症等严重的基础疾病。75岁以 ​​​,156.0,0.0,0.0,0.11382113821138211,78.0
LoZwzADZH,mainstream,risk,#上海新增本土死亡病例3例#【#上海新增死亡病例高龄且有严重基础病#】4月18日，上海新冠肺炎疫情防控新闻发布会上，上海市卫生健康委一级巡视员吴乾渝通报：4月17日，上海新增2417例新冠肺炎本土确诊病例和19831例本土无症状感染者，新增死亡病例3例。均为高龄，同时合并急性冠脉综合征、糖尿病、高血 ​​​,154.0,0.0,0.0,0.06349206349206349,154.0
K3GRA9bOe,mainstream,risk,【#全球新冠死亡病例逾250万# #世卫吁警惕新冠后遗症#】约翰斯 霍普金斯大学新冠疫情统计数据显示：截至北京时间2月26日2时24分许，全球累计新冠死亡病例超过250万例。2月25日，世卫组织欧洲区主任汉斯•克卢格呼吁各国应优先了解新冠后遗症做带来的长期影响，以及所带来的社会、经济、健康和职业后果 ​​​,154.0,0.0,0.0,0.06299212598425197,154.0
JDMOxwKdS,mainstream,risk,【港中大医学院：#八成新冠患者现后遗症# 或与肠道生态失衡相关】新冠肺炎疫情持续肆虐，全球学术机构对新冠病毒的研究也逐渐深入。日前，香港中文大学医学院一项最新研究发现，在参与研究的新冠肺炎患者中，约八成患者在康复后仍持续出现症状。而其肠道微生态状况，与病情严重程度密切相关。即使患者 ​​​,145.0,0.0,0.0,0.0,48.333333333333336
MgYAtvCEh,mainstream,risk,"【美媒：研究显示新冠病毒或改变大脑微循环】参考消息网11月25日报道据美国《时代》周刊网站11月21日报道，尽管世界正在学习与新冠病毒共处，但科学家仍有许多问题没有解决，并不清楚这种传染病会如何影响我们的身体和大脑——不仅包括在患病期间的影响，还包括长期影响。

有科研团队向北美放射学会年 ​​​",149.0,0.0,0.007874015748031496,0.031496062992125984,149.0
LjGYEsQ5K,mainstream,risk,【#牛津大学研究发现新冠病毒或加速大脑萎缩#】据外媒报道，英国牛津大学发表在《自然》杂志上的一项研究表明，#新冠病毒可能导致大脑萎缩#。一些新冠患者会出现包括注意力、专注力、信息处理速度下降和记忆力受损等情况。研究人员表示，这些影响是否可以部分逆转，或者是否会长期存在，还需进一步调查 ​​​,146.0,0.0,0.0,0.0,73.0
MafdtsqIE,mainstream,risk,发布了头条文章：《吴尊友：新冠后遗症覆盖范围广 症状可持续数周、数月甚至更长时间》 #新冠后遗症可持续数周数月甚至更长时间# 【吴尊友：新冠后遗症覆盖范围广 症状可持续数周、数月甚至更长时间】10月13日，在国务院联防联控机制新闻发布会上，中国疾控中心流行病学首席专家吴尊友表示，新冠后遗症 ​​​,149.0,0.0,0.0,0.016,149.0
LuKMA9tQx,mainstream,risk,【上海新增本土确诊病例48例、无症状感染者290例】2022年5月25日0—24时，上海新增本土新冠肺炎确诊病例48例和无症状感染者290例，其中31例确诊病例为既往无症状感染者转归，17例确诊病例和290例无症状感染者在隔离管控中发现。新增本土死亡1例。患者女性，63岁，合并有急性消化道大出血、脑外伤后遗症 ​​​,159.0,0.0,0.0,0.11023622047244094,79.5
Lut1pd43w,mainstream,risk,【上海新增本土确诊58例、无症状感染者422例】2022年5月23日0—24时，上海新增本土新冠肺炎确诊病例58例和无症状感染者422例，其中39例确诊病例为既往无症状感染者转归，19例确诊病例和422例无症状感染者在隔离管控中发现。新增本土死亡1例，患者女性，85岁，合并有高血压3级（极高危）、脑梗死后遗症 ​​​,159.0,0.0,0.0,0.12,159.0
LpJiIxitZ,mainstream,risk,【上海新增2736例本土确诊和20634例本土无症状】4月22日0—24时，上海新增本土新冠肺炎确诊病例2736例和无症状感染者20634例，其中1120例确诊病例为此前无症状感染者转归，1542例确诊病例和20490例无症状感染者在隔离管控中发现，其余在相关风险人群排查中发现。新增本土死亡12例。平均年龄88.2岁，最 ​​​,165.0,0.0,0.0,0.10655737704918032,82.5
LyIVB2Qn1,mainstream,risk,【#全球首个奥密克戎后遗症研究发表# 这五种最常见】#5种最常见奥密克戎后遗症# 据看看新闻KNEWS，6月16日，英国伦敦国王学院在《柳叶刀》上发布了全世界首个关于奥密克戎后是否会患有“新冠后遗症”的研究。研究者观察了5万多名奥密克戎病毒感染者与4万多名德尔塔病毒感染者后，得出结论：奥密克戎导 ​​​,152.0,0.0,0.0,0.03968253968253968,152.0
Lr8SM3aqe,mainstream,risk,【#上海新增本土死亡32例平均年龄84.1岁#】记者从5月2日举行的上海市新冠肺炎疫情防控新闻发布会上获悉，5月1日，上海新增本土死亡病例32例，平均年龄84.1岁。32位患者合并有严重的多脏器疾病及肿瘤，包括冠心病、心功能不全、急性冠脉综合征、重度高血压、脑梗死及后遗症、阿尔兹海默症、糖尿病、慢性 ​​​,154.0,0.0,0.0,0.07086614173228346,154.0
K2Ox6kUxt,mainstream,risk,【中疾控主任：#新冠肺炎可能成为长期流行的传染病#】在最新发布的中疾控周报中，中国疾病预防控制中心主任高福表示，展望未来，2021年依旧有许多不确定因素，其中之一就是新冠肺炎或将成为全球或局部地区长期流行的传染性疾病。此外，新冠肺炎的许多新特征被陆续报出，比如被感染的患者可能将面对长期 ​​​,147.0,0.0,0.0,0.0078125,147.0
Mm6qu0AQe,mainstream,risk,【奥密克戎七问七答：#元旦聚餐旅行会二次感染吗#？】临近元旦，部分地方新增感染者仍处于快速增长期，#国内是否会产生新的变异株#？很多患者转阴后，仍然存在咳嗽、嗅觉味觉减退等症状，这属于后遗症吗？假期聚餐旅行会二次感染吗？感染新冠会变“白肺“ 吗？我们该如何与新冠长期共存?  ​​​,141.0,0.0425531914893617,0.008695652173913044,0.0,23.5
MsuarqTEN,mainstream,risk,#福州新闻[超话]# 【“阳康”后或出现掉发后遗症 医生：别慌！毛发可再生】最近，部分已“阳康”一个多月的人陆续出现新冠病毒感染后遗症——脱发。就此，记者10日咨询了复旦大学附属华山医院皮肤科主治医师盛友渔。盛友渔强调，休止期脱发是一种非疤痕性、非永久性的脱发，是可恢复的。他指出，已经受 ​​​,148.0,0.006756756756756757,0.0,0.00847457627118644,37.0
MnW6DaD6U,mainstream,risk,【“阳康”后超25%人群患有睡眠障碍？#睡眠出现问题的三大表现#】#关灯后30分钟内睡不着或有睡眠问题# 专家表示，睡眠不好有个标准：当躺在床上关灯后，如果超过30分钟还睡不着的话，或已经具有入睡困难的问题。或者在起夜后30分钟仍无法入睡，或为睡眠维持困难。早醒同样为失眠表现。全球有数据研究显 ​​​,151.0,0.006622516556291391,0.0,0.03225806451612903,37.75
KaGuoaMfR,wemedia,risk,【#世卫称有望在几个月内控制新冠疫情# 】周一，世界卫生组织总干事谭德塞在新闻发布会上再次警告称，一些年轻人对感染新冠病毒不以为然，但事实上有年轻健康的患者死于新冠肺炎。即使是对于康复者而言，新冠病毒也可能造成诸多长期后遗症。但谭德塞仍强调，只要各国保证公平疫苗接种，全面做好公共卫 ​​​,145.0,0.0,0.0,0.0,72.5
LquDOmRAO,mainstream,risk,#上海疫情# 【上海新增1292例本土确诊病例和9330例本土无症状感染者】4月27日0—24时，上海新增本土新冠肺炎确诊病例1292例（含既往无症状感染者转为确诊病例858例）和无症状感染者9330例，432例确诊病例和9140例无症状感染者在隔离管控中发现，其余在相关风险人群排查中发现。新增本土死亡47例。平均 ​​​,162.0,0.0,0.0,0.0975609756097561,81.0
J744Nr2Em,mainstream,risk,【#查尔斯王子味觉嗅觉尚未恢复#】6月 16日，英国查尔斯王子携夫人卡米拉看望医院工作人员。自3月王室宣布感染其新冠肺炎消息，查尔斯已结束隔离恢复健康，当日他谈及康复经历，称自己的味觉和嗅觉尚未完全恢复。在看望医务人员期间，夫妇两人始终与大家保持2米社交距离，用双手合十礼代替握手。@世面 ​​​,148.0,0.0,0.0078125,0.03125,49.333333333333336
MafBLeRmJ,wemedia,risk,【吴尊友：#新冠后遗症可持续数周数月甚至更长时间# 】10月13日，中国疾控中心流行病学首席专家吴尊友表示，新冠后遗症又叫新冠长期症状，新冠后遗症通常发生在感染新冠发病后的3个月内，可以是急性感染康复后出现某些新症状，或者原先急性感染期某些症状持续存在，症状至少持续2个月，可以反复发生， ​​​,148.0,0.0,0.0,0.03125,148.0
LjH1fidUk,wemedia,risk,【#牛津大学研究发现新冠病毒或加速大脑萎缩#】据外媒报道，英国牛津大学发表在《自然》杂志上的一项研究表明，#新冠病毒可能导致大脑萎缩#。一些新冠患者会出现包括注意力、专注力、信息处理速度下降和记忆力受损等情况。研究人员表示，这些影响是否可以部分逆转，或者是否会长期存在，还需进一步调查 ​​​,146.0,0.0,0.0,0.0,73.0
K2OkCwJDb,wemedia,risk,"【中疾控主任：#新冠肺炎可能成为长期流行的传染病#】
在最新发布的中疾控周报中，中国疾病预防控制中心主任高福表示，展望未来，2021年依旧有许多不确定因素，其中之一就是新冠肺炎或将成为全球或局部地区长期流行的传染性疾病。此外，新冠肺炎的许多新特征被陆续报出，比如被感染的患者可能将面对长 ​​​",147.0,0.0,0.0,0.007874015748031496,147.0
N2x7uohGK,mainstream,risk,【美国研究首次系统性定义“长新冠”，12种“后遗症”症状列入，重复感染者发展为“长新冠”可能性更大】5月25日，《美国医学会杂志》（JAMA）发表了一项来自美国的关于新冠后遗症的大型研究，研究首次系统性地基于症状提出了“长期新冠肺炎”（“长新冠”）的定义，可以作为未来诊断“长新冠”疾病工 ​​​,148.0,0.0,0.0,0.02631578947368421,148.0
LDUp45u3D,mainstream,risk,【最新研究称#女性比男性更易出现新冠后遗症#，尤其是咳嗽、脱发和味觉障碍】#新冠后遗症或有性别差异#据日本《每日新闻》20日报道，日本研究人员发现，女性比男性更易出现新冠后遗症，尤其是咳嗽、脱发和味觉障碍。京都大学人类免疫学教授上野秀喜在检查大约70名新冠肺炎感染者的血液样本后发现，由于 ​​​,148.0,0.0,0.0,0.015873015873015872,148.0
LvzwmrUd9,mainstream,risk,【梅西首谈新冠肺炎后遗症，曾一个半月不能跑步】#梅西感染新冠后一个半月不能跑步# 当地时间5月30日，正随阿根廷国家队备战欧美超级杯的梅西接受了阿根廷TYC体育采访，首次谈到自己感染新冠病毒后面临的困境，梅西称，新冠病毒给他肺部带来后遗症，导致他一个半月都不能跑步。（东方网·纵相视频 蒋美 ​​​,149.0,0.0,0.007874015748031496,0.015748031496062992,149.0
Lusso29Wk,mainstream,risk,【上海新增1例本土死亡病例，目前共有重型患者134例、危重型38例】今天（5月24日）上午举行的市疫情防控工作新闻发布会上，上海市卫生健康委副主任赵丹丹通报：截至5月23日24时，在定点医疗机构接受治疗的重型患者134例、危重型38例。5月23日，新增本土死亡病例1例，女性，85岁，合并有重度高血压、脑 ​​​,156.0,0.0,0.0,0.112,156.0
LstTjncJ9,mainstream,risk,【上海新增本土死亡病例7例，目前共有重型患者379例、危重型71例】今天（5月11日）上午举行的市疫情防控工作新闻发布会上，上海市卫生健康委副主任赵丹丹介绍：截至5月10日24时，在定点医疗机构接受治疗的重型患者379例、危重型71例。5月10日，新增本土死亡病例7例，平均年龄87.3岁。7位患者合并有严重 ​​​,158.0,0.0,0.0,0.1171875,79.0
Mm6wfx3nI,mainstream,risk,【奥密克戎七问七答：#元旦聚餐旅行会二次感染吗#？】临近元旦，部分地方新增感染者仍处于快速增长期，#国内是否会产生新的变异株#？很多患者转阴后，仍然存在咳嗽、嗅觉味觉减退等症状，这属于后遗症吗？假期聚餐旅行会二次感染吗？感染新冠会变“白肺“ 吗？我们该如何与新冠长期共存?  ​​​,141.0,0.0425531914893617,0.008695652173913044,0.0,23.5
LstA2bNlf,mainstream,risk,【上海新增228例本土确诊和1259例本土无症状】据上海市卫健委：5月10日0—24时，上海新增本土新冠肺炎确诊病例228例和无症状感染者1259例，其中198例确诊病例为既往无症状感染者转归，30例确诊病例和1259例无症状感染者在隔离管控中发现。新增本土死亡7例。平均年龄87.3岁，最小年龄75岁，最大年龄98岁 ​​​,163.0,0.0,0.0,0.11904761904761904,81.5
Lr8r68Smk,mainstream,risk,【#上海新增本土死亡病例32例平均年龄84.1岁# 】记者从5月2日举行的上海市新冠肺炎疫情防控新闻发布会上获悉，5月1日，上海新增本土死亡病例32例，平均年龄84.1岁。32位患者合并有严重的多脏器疾病及肿瘤，包括冠心病、心功能不全、急性冠脉综合征、重度高血压、脑梗死及后遗症、阿尔兹海默症、糖尿病 ​​​,154.0,0.0,0.0,0.07086614173228346,154.0
LqXPWeEWT,mainstream,risk,"【上海：重型患者342例 危重型患者61例 新增本土死亡病例38例】总台记者从今天（1日）举行的上海市疫情防控新闻发布会上获悉，截至4月30日24时，在定点医疗机构接受治疗的重型患者342例、危重型61例。

　　4月30日，上海新增本土死亡病例38例，平均年龄80.9岁。38位患者均有较为严重的急慢性基础疾病 ​​​",160.0,0.0,0.0,0.11290322580645161,80.0
LquLl09rU,mainstream,risk,【上海新增1292例本土确诊病例和9330例本土无症状感染者】4月27日0—24时，上海新增本土新冠肺炎确诊病例1292例（含既往无症状感染者转为确诊病例858例）和无症状感染者9330例，432例确诊病例和9140例无症状感染者在隔离管控中发现，其余在相关风险人群排查中发现。新增本土死亡47例。平均年龄84.7岁， ​​​,163.0,0.0,0.0,0.10483870967741936,81.5
Lq2BZDYoZ,mainstream,risk,【上海新增2472例本土确诊病例和16983例本土无症状感染者】4月24日0—24时，上海新增本土新冠肺炎确诊病例2472例和无症状感染者16983例，其中846例确诊病例为此前无症状感染者转归，1557例确诊病例和16835例无症状感染者在隔离管控中发现，其余在相关风险人群排查中发现。新增本土死亡病例51例。平均年 ​​​,163.0,0.0,0.0,0.0967741935483871,81.5
Lr786gH7l,mainstream,risk,"【上海昨天新增本土死亡病例32例，平均年龄84.1岁，其中28例未接种疫苗】5月2日上午10:00，上海举行疫情防控工作新闻发布会，上海市副市长刘多，上海市卫生健康委副主任赵丹丹，上海市大数据中心党委副书记邵军，上海市疾控中心传染病防治所、消毒与感染控制科主任朱仁义介绍本市疫情防控最新情况。

 ​​​",152.0,0.0,0.0,0.0546875,152.0
LqEV5rde2,mainstream,risk,【上海昨日新增本土死亡病例52例，平均年龄84.02岁，均未接种新冠疫苗】4月29日上午10:00，上海举行新冠肺炎疫情防控新闻发布会。市卫生健康委副主任赵丹丹介绍，4月28日，新增本土死亡病例52例，平均年龄84.02岁。52位患者伴有多脏器严重的基础疾病，包括食道癌、胰腺癌、脑膜瘤、黑色素瘤等晚期恶性 ​​​,157.0,0.0,0.0,0.088,78.5
LqcwLdzRU,mainstream,risk,【上海本土新增“1661+15319”，死亡52例！昨天暴雨3名大白被刮跑？最新情况→】上海市卫健委今早（26日）通报：2022年4月25日0—24时，新增本土新冠肺炎确诊病例1661例和无症状感染者15319例，其中968例确诊病例为此前无症状感染者转归，675例确诊病例和15120例无症状感染者在隔离管控中发现，其余在 ​​​,166.0,0.012048192771084338,0.0,0.12931034482758622,83.0
LpTOOCGQe,mainstream,risk,"【上海昨日新增死亡病例39例，平均年龄78.7岁，均未接种新冠肺炎病毒疫苗】4月24日上午10:00，上海举行新冠肺炎疫情防控新闻发布会，市卫生健康委副主任赵丹丹、申康医院发展中心主任王兴鹏、嘉定区副区长李峰介绍本市疫情防控最新情况。

赵丹丹介绍，截至4月23日24时，在定点医疗机构接受治疗的重型 ​​​",154.0,0.0,0.0,0.0703125,154.0
LoZ50ePFq,mainstream,risk,【上海昨日新增死亡病例3例，均为高龄】4月18日上午10:00，上海举行新冠肺炎疫情防控新闻发布会。市卫生健康委一级巡视员吴乾渝介绍，截至4月17日24时，定点医疗机构接受治疗的重型患者有16例。4月17日，新增死亡病例3例。均为高龄，同时合并急性冠脉综合征、糖尿病、高血压、脑梗后遗症等严重的基础疾 ​​​,154.0,0.0,0.0,0.09375,51.333333333333336
MmyaCmcD9,wemedia,risk,【#感染新冠后为什么会脱发#？】#专家说感染新冠后脱发比较普遍# 近日，有网友表示在感染新冠后出现了脱发的现象。新冠感染后为什么会出现脱发？脱发是新冠感染的后遗症吗？多长时间可以恢复？清华大学附属北京清华长庚医院皮肤科副主任医师段晓涵表示：感染新冠之后出现脱发的情况，是比较普遍的。感 ​​​,146.0,0.0273972602739726,0.0,0.0,24.333333333333332
MmsQe49zt,wemedia,risk,【#感染新冠后为什么会脱发#？】#专家说感染新冠后脱发比较普遍# 近日，有网友表示在感染新冠后出现了脱发的现象。新冠感染后为什么会出现脱发？脱发是新冠感染的后遗症吗？多长时间可以恢复？清华大学附属北京清华长庚医院皮肤科副主任医师段晓涵表示：感染新冠之后出现脱发的情况，是比较普遍的。感 ​​​,146.0,0.0273972602739726,0.0,0.0,24.333333333333332
Lukpwgjb2,mainstream,risk,【#最早一批新冠患者健康状况#如何？有啥后遗症？】新冠肺炎疫情爆发至今已经2年半时间过去。最早得病的一批患者，他们的健康状况如何？是否受到新冠肺炎后遗症的影响？近期，《柳叶刀·呼吸医学》杂志发表了一项中国研究者的队列研究，关注了曾因新冠住院的患者在康复2年后的健康情况。研究者认为，虽 ​​​,146.0,0.0273972602739726,0.0,0.016,24.333333333333332
LsYrrk21z,wemedia,risk,【上海现有重型患者291例 危重型62例】5月14日上午，上海市卫生健康委副主任赵丹丹介绍，截至5月13日24时，在定点医疗机构接受治疗的重型患者291例、危重型62例。 5月13日，新增本土死亡病例1例，该患者为84岁男性，合并有心律失常、高血压、脑出血后遗症等。这例死亡病例未接种新冠疫苗。死亡的直接原 ​​​,157.0,0.0,0.0,0.10317460317460317,52.333333333333336
LpKJs0GZw,wemedia,risk,【上海现有重型患者157例 危重型患者18例】4月23日，上海举行新冠肺炎疫情防控新闻发布会，市卫生健康委一级巡视员吴乾渝介绍，截至4月22日24时，在定点医疗机构接受治疗的重型患者157例、危重型患者18例。4月22日，新增本土死亡病例12例。平均年龄88.2岁，最大年龄99岁。12位患者均合并有严重的慢性多 ​​​,160.0,0.0,0.0,0.1171875,53.333333333333336
LofenvdSN,wemedia,risk,【感染新冠会引起脑萎缩、月经失调？专家：后遗症与病毒引起多组织炎症有关】3月1日以来，累计出院和解除隔离医学观察超过2万人。不过，不少感染者乃至市民仍然有诸多担心：感染新冠病毒后，究竟会有多少后遗症？对此，专家解释：对于大多数无症状感染者或轻症患者，病毒尚局限在上呼吸道，其造成的炎 ​​​,145.0,0.013793103448275862,0.0,0.023809523809523808,48.333333333333336
KaHwwjcik,wemedia,risk,#小虹看新闻# 【#世卫称有望在几个月内控制新冠疫情# 】周一，世界卫生组织总干事谭德塞在新闻发布会上再次警告称，一些年轻人对感染新冠病毒不以为然，但事实上有年轻健康的患者死于新冠肺炎。即使是对于康复者而言，新冠病毒也可能造成诸多长期后遗症。但谭德塞仍强调，只要各国保证公平疫苗接种，全 ​​​,147.0,0.0,0.0,0.0,73.5
MiBwkgPOA,mainstream,risk,"【#关于疫情他瞎说了30句大实话#】
01 

这个病毒是真的无法清零了

——你以为是不想清零吗？并不是，是真的清不了零了。这个病毒要阻隔传播，只能对全社会采取静默。而长时间静默，经济和社会都会崩溃。

 02 

新冠病毒将与人类长期共存

——迄今为止，人类真正消灭的传染病只有天花。99.99%病毒都 ​​​",158.0,0.006329113924050633,0.0,0.034482758620689655,31.6
Is3FvAUa0,mainstream,risk,【高度注意！国家卫健委：已治愈新冠肺炎患者仍有再次感染风险】随着新型冠状病毒肺炎治愈的案例不断增加，他们是否还有二次感染的可能？是否会留下后遗症？1月31日，国家卫健委发布会上中日友好医院呼吸与危重症医学科詹庆元表示：“新型冠状病毒肺炎已治愈患者仍有再次被感染的可能，应该加强防护。 ​​​,145.0,0.020689655172413793,0.0,0.015625,36.25
J6g2oD7Nv,wemedia,risk,【周知！#湖北新冠治愈者康复费用无需个人承担#】呼吸与危重症专家童朝晖：部分新冠肺炎重症和危重症患者，出院后留下一些后遗症，需要继续康复。但不少需要康复的患者，因担心费用问题，没有及时到医院进行康复治疗。现在我们联络组明晰了，湖北患者的康复费用不需要自己承担。（央视新闻）  ​​​,141.0,0.0070921985815602835,0.016666666666666666,0.0,35.25
MonHTBzE3,mainstream,risk,"#阳康后多久能亲热#【一个正经的问题：新冠阳康后，多久能“亲热”？】随着一波又一波感染者们逐渐“阳康”，关于“新冠后遗症”的讨论逐步升温。最近，据山西融媒报道，有位医生晒出了康复后显微镜下的精子图片，让很多人担心，感染新冠会不会影响生殖功能。#阳过后多久可以备孕#

阳康后多久“亲热” ​​​",147.0,0.006802721088435374,0.0,0.0,49.0
MmGwdoWkS,mainstream,risk,【#杭州不少人阳后出现妇科问题#】 近期，不少“阳过”的女性，又有了新烦恼：在杭州市第一人民医院妇科，最近因为月经失调、白带异常来看病的患者也不少，很多人都表示，自己在“阳过”后，出现了各种妇科问题，不知道算不算新冠的后遗症。究竟和“阳了”有没有关系？发布了头条文章：《“阳过”后月 ​​​,145.0,0.006896551724137931,0.008695652173913044,0.0,72.5
Ml68UBSEb,mainstream,risk,【#阳后味觉减退可以吞芥末吗#？专家：不可取】近日，一位感染新冠病毒的95后小伙在嗅觉、味觉失灵后，短短5分钟内，试图通过咀嚼柠檬、口吞芥末、猛喝酱油来唤醒嗅觉、味觉。甚至有网友“以毒攻毒”——吃鲱鱼罐头、喝白花蛇草水。那么，芥末唤醒味觉法可取吗？#味觉嗅觉减退是阳后遗症吗#？多久可以 ​​​,147.0,0.02040816326530612,0.0,0.017094017094017096,29.4
MkzO3tZuM,mainstream,risk,【#贺州四年级学生高热惊厥离世#，惊厥是否与新冠相关？专家解答】近日，广西贺州一名四年级学生高热惊厥离世引发社会关注。此前网传聊天截图显示，徐某萱的妈妈发消息称，徐某萱12月13日检测是弱阳，医生开药回家隔离后，在14日发烧至39.5℃，吃药退烧后，在16日出现浑身酸痛，17日早上突然翻白眼抢救 ​​​,152.0,0.006578947368421052,0.0,0.048,76.0
MhSzlm8aj,mainstream,risk,【#5位康复者讲述阳了后会经历什么#】很长一段时间里，人们对于感染奥密克戎的认知出现了两极分化。有人觉得，“那只是一场感冒，恐惧大于疾病本身。”也有人还是担心，“那么多老人和孩子呢？留下后遗症可是一辈子的事。”5位新冠感染者向记者讲述了他们感染和康复的过程，有人在患病之初陷入恐慌，除 ​​​,146.0,0.00684931506849315,0.0,0.016129032258064516,36.5
LsM9iCCPP,mainstream,risk,【上海新增227例本土确诊病例和1869例本土无症状感染者】5月12日0—24时，上海新增本土新冠肺炎确诊病例227例和无症状感染者1869例，其中167例确诊病例为既往无症状感染者转归，60例确诊病例和1865例无症状感染者在隔离管控中发现。新增本土死亡病例2例，系两例年龄分别为88岁、89岁的老年患者，合并有 ​​​,161.0,0.0,0.0,0.11023622047244094,161.0
Lq4H02Yrw,mainstream,risk,"【日本：近1成新冠患者出院一年后仍有后遗症】
#日本近1成新冠患者出院一年后仍有后遗症#
日本厚生劳动省研究班23日在京都市举行的日本呼吸器官学会公布调查结果称，感染新冠病毒住院的患者中有约10%在出院一年后仍可能留有后遗症。报道称，掌握情况的693人中，出院一年后仍到医疗机构就诊、确认到或为 ​​​",151.0,0.0,0.0,0.038461538461538464,151.0
KaG8KiJHB,mainstream,risk,【#世卫称有望在几个月内控制新冠疫情##世卫警告新冠肺炎不是流感#】当地时间4月12日，世界卫生组织总干事谭德塞在新闻发布会上再次警告称，一些年轻人对感染新冠病毒不以为然，但事实上有年轻健康的患者死于新冠肺炎。即使是对于康复者而言，新冠病毒也可能造成诸多长期后遗症。但谭德塞仍强调，只要 ​​​,147.0,0.0,0.0,0.015503875968992248,73.5
K3GV6j2qn,mainstream,risk,【#专家提醒重视新冠造成的长期影响#】世界卫生组织欧洲区域办事处主任克卢格25日说，近来欧洲地区新冠感染率总体呈下降趋势，但世卫组织关注到“新冠后遗症”对健康等方面造成的长期影响，将其视为“后疫情”时期的首要任务。克卢格当天在哥本哈根召开的线上新闻发布会上说，十分之一的欧洲新冠患者愈 ​​​,146.0,0.0,0.0,0.0078125,146.0
K3FPClafX,mainstream,risk,"#世卫专家提醒重视新冠后遗症##新冠后遗症像各种症状不同组合#【世卫专家提醒重视新冠造成的长期影响[话筒]】世界卫生组织欧洲区域办事处主任克卢格25日说，近来欧洲地区新冠感染率总体呈下降趋势，但世卫组织关注到“新冠后遗症”对健康等方面造成的长期影响，将其视为“后疫情”时期的首要任务。

　 ​​​",149.0,0.0,0.0,0.008,149.0
LquyNwq8S,wemedia,risk,【4月27日上海新增本土1292+9330，死亡47例】市卫健委今早（28日）通报：2022年4月27日0—24时，新增本土新冠肺炎确诊病例1292（含既往无症状感染者转为确诊病例858例）和无症状感染者9330例，432例确诊病例和9140例无症状感染者在隔离管控中发现，其余在相关风险人群排查中发现。无新增境外输入性新冠 ​​​,166.0,0.0,0.0,0.1322314049586777,166.0
Lq2faweOX,wemedia,risk,【4月24日上海新增本土2472+16983，死亡51例】2022年4月24日0—24时，上海新增本土新冠肺炎确诊病例2472例和无症状感染者16983例，其中846例确诊病例为此前无症状感染者转归，1557例确诊病例和16835例无症状感染者在隔离管控中发现，其余在相关风险人群排查中发现。新增境外输入性新冠肺炎无症状感染者 ​​​,167.0,0.0,0.0,0.12195121951219512,167.0
LohbFsM9k,wemedia,risk,【感染新冠病毒有200多种后遗症？引发大脑萎缩、月经失调？专家解读来了】据统计，3月1日以来，本市累计出院和解除隔离医学观察超过2万人。不少感染者乃至市民仍有诸多担心：有人说，感染奥密克戎后会有200种遗症；有人说，会引起大脑萎缩、生殖系统损伤、月经不调…是真的吗？专家解答来了！ ​​​,144.0,0.027777777777777776,0.0,0.04201680672268908,24.0
MagJF1H7X,mainstream,risk,【吴尊友：#新冠后遗症可持续数周数月甚至更长时间#】10月13日，在国务院联防联控机制新闻发布会上，中国疾控中心流行病学首席专家吴尊友表示，新冠后遗症又叫新冠长期症状，世界卫生组织在2021年10月份给出的临床定义，新冠后遗症通常发生在感染新冠发病后的3个月内，可以是急性感染康复后出现某些新 ​​​,150.0,0.0,0.0,0.03875968992248062,150.0
M7lEaaVfa,mainstream,risk,"【美国最新研究：推算，美国660万人因感染新冠出现脑损伤】#研究推测美国六百万人因新冠出现脑损伤# 据路透社消息，当地时间9月22日，美国研究团队报告称，与从未感染过新冠病毒的人相比，感染过病毒的人在一年后出现脑损伤的风险要高出7%。

据报道，这项耗时一年的研究分析了数百万份隐藏个人信息的 ​​​",150.0,0.0,0.0,0.031496062992125984,150.0
Lqusj51vg,mainstream,risk,【#上海新增1292例本土确诊9330例无症状##上海新增本土死亡47例#】上海市卫健委今早（28日）通报：2022年4月27日0—24时，新增本土新冠肺炎确诊病例1292例（含既往无症状感染者转为确诊病例858例）和无症状感染者9330例，实际新增本土阳性感染者9764例，432例确诊病例和9140例无症状感染者在隔离管控中 ​​​,168.0,0.0,0.0,0.125,168.0
Lp7CSma1L,mainstream,risk,【#上海新增3084例本土确诊##上海新增7例本土死亡病例#】上海市卫健委今早（19日）通报：2022年4月18日0—24时，新增本土新冠肺炎确诊病例3084例（含既往无症状感染者转为确诊病例974例）和无症状感染者17332例，实际新增本土阳性感染者19442例，其中1894例确诊病例和16998例无症状感染者在隔离管控中 ​​​,167.0,0.0,0.0,0.11764705882352941,167.0
Ls3Zn0X5v,mainstream,risk,【#日本一成新冠患者出院一年后仍有后遗症#】财联社5月8日电，日本厚生劳动省一个研究组最近调查发现，日本国内因出现新冠病毒感染症状而入院治疗的患者中，大约10%在出院一年后仍受到后遗症困扰。共同社5月8日援引调查结果报道，最常见的后遗症是肌肉力量变弱，7.4%的患者有此症状；其次是呼吸困难， ​​​,150.0,0.0,0.0,0.046153846153846156,75.0
LpWWUwrKA,mainstream,risk,【#日本近一成新冠患者出院一年后仍有后遗症#】财联社4月24日电，据共同社报道，日本厚生劳动省研究班23日在京都市举行的日本呼吸器官学会公布调查结果称，感染新冠病毒住院的患者中有约10%在出院一年后仍可能留有后遗症。这是分析了约700名新冠中等症状以上的患者后得出的结果。后遗症最多的症状为肌 ​​​,150.0,0.0,0.0,0.03816793893129771,75.0
KaIG7sDoR,mainstream,risk,#世卫称有望在几个月内控制新冠疫情#【世卫组织总干事谭德塞：有信心在几个月内控制住新冠疫情】世界卫生组织总干事谭德塞在新闻发布会上再次警告称，一些年轻人对感染新冠病毒不以为然，但事实上有年轻健康的患者死于新冠肺炎。即使是对于康复者而言，新冠病毒也可能造成诸多长期后遗症。但谭德塞仍强 ​​​,145.0,0.0,0.0,0.0,72.5
M72iwt6Ic,mainstream,risk,"【#今日美国#】感染新冠脑损伤风险高；美豪宅市场急剧降温（粤）

1.30年期房贷利率逼近6.3% 更多潜在买家被迫离场
2.美豪宅市场急剧降温 大幅降价仍无人问津
3.二手房销量继续减少 8月份美西部降幅最大
4.感染新冠脑损伤风险高 后遗症影响660万美国人
5.特朗普谈解密敏感文件 称只要他想一下就行了
6. ​​​",162.0,0.0,0.0,0.0703125,162.0
Kt1XvincW,mainstream,risk,"【#突发美国# 】上完课第二天就忘！美国部分青少年称患上新冠后遗症

近日，美国研究显示，一些感染过新冠病毒的青少年患上了长期的后遗症，轻症患儿则可能面临认知障碍等疾病。#美国部分青少年称患上新冠后遗症# #美国疫情# #新冠病毒最可怕的后遗症# #关注新冠肺炎# http://t.cn/A6IVhxtg  ​​​",158.0,0.006329113924050633,0.0,0.008849557522123894,79.0
LstsxkYSf,wemedia,risk,【#上海新增本土确诊228例无症状1259例##上海新增7例本土死亡#】据@健康上海12320 ：5月10日0—24时，上海新增本土新冠肺炎确诊病例228例和无症状感染者1259例，其中198例确诊病例为既往无症状感染者转归，30例确诊病例和1259例无症状感染者在隔离管控中发现。新增本土死亡7例。平均年龄87.3岁，最小年 ​​​,167.0,0.0,0.0,0.12195121951219512,83.5
LsaQ9CIJT,wemedia,risk,【#上海新增本土确诊322例无症状3625例##上海新增本土死亡病例11例#】5月9日，据@健康上海12320 消息：5月8日0—24时，上海新增本土新冠肺炎确诊病例322例和无症状感染者3625例，其中230例确诊病例为既往无症状感染者转归，92例确诊病例和3616例无症状感染者在隔离管控中发现。新增境外输入性新冠肺炎 ​​​,165.0,0.0,0.0,0.12096774193548387,165.0
LstjJ0mdy,mainstream,risk,【#上海新增本土确诊228例无症状1259例##上海新增7例本土死亡#】据@健康上海12320 ：5月10日0—24时，上海新增本土新冠肺炎确诊病例228例和无症状感染者1259例，其中198例确诊病例为既往无症状感染者转归，30例确诊病例和1259例无症状感染者在隔离管控中发现。新增本土死亡7例。平均年龄87.3岁，最小年 ​​​,167.0,0.0,0.0,0.12195121951219512,83.5
LsjZ7A6pN,mainstream,risk,【#上海新增本土确诊234例无症状2780例#】据@健康上海12320 ，5月9日0—24时，上海新增本土新冠肺炎确诊病例234例和无症状感染者2780例，其中156例确诊病例为既往无症状感染者转归，78例确诊病例和2775例无症状感染者在隔离管控中发现。新增本土死亡病例6例。平均年龄79.5岁，最小年龄65岁，最大年龄90 ​​​,167.0,0.0,0.0,0.13008130081300814,83.5
Lsahs6XOi,mainstream,risk,【#上海新增本土确诊322例无症状3625例##上海新增本土死亡病例11例#】5月9日，据@健康上海12320 消息：5月8日0—24时，上海新增本土新冠肺炎确诊病例322例和无症状感染者3625例，其中230例确诊病例为既往无症状感染者转归，92例确诊病例和3616例无症状感染者在隔离管控中发现。新增境外输入性新冠肺炎 ​​​,165.0,0.0,0.0,0.12096774193548387,165.0
MkTUR9ThE,wemedia,risk,"【#医生提醒吞芥末唤醒味觉不可取#[思考] #感染后味觉嗅觉减退一个月内可恢复#】近期，有网友反映，感染新冠病毒康复后出现味觉、嗅觉减退的症状。有些网友在嗅觉、味觉失灵后，短时间内咀嚼柠檬、口吞芥末、猛喝酱油，或速吃鲱鱼罐头等食物，以此试图唤醒嗅觉味觉。

#以毒攻毒唤醒味觉可取吗#？上海 ​​​",149.0,0.006711409395973154,0.0,0.0,49.666666666666664
MpiL5gGRg,mainstream,risk,"【#李谷一回应缺席春晚#：今年在医院治病】1月21日，李谷一在其个人社交媒体上发文表示，今年在医院治病，参加不了春晚。她表示，“我的新冠病情恢复的慢，还在后遗症反应中。”

此前，央视主持人张泽群曾在微博上透露，由于刚刚“阳康”，身体抱恙的李谷一只能缺席兔年春晚。

1983年至今的40年春晚 ​​​",151.0,0.0,0.00847457627118644,0.03389830508474576,50.333333333333336
Mi9jteIr4,mainstream,risk,"【#6名奥密克戎康复者自述#：有过心理压力，但病毒并不可怕】近期，随着全国多地优化调整疫情防控措施，公众对奥密克戎变异株的关切再次达到顶点。

有人内心焦虑，亦有人已不惧病毒，只是一些问题依然回荡在脑海：奥密克戎变异株致病性到底多高？普通人感染症状多严重？应该如何治疗？康复后会留下后 ​​​",146.0,0.02054794520547945,0.0,0.008,36.5
LqbB07iB2,mainstream,risk,#上海新增本土死亡52例# 【上海昨日本土新增1661+15319，新增死亡52例】上海市卫健委今早（26日）通报：2022年4月25日0—24时，新增本土新冠肺炎确诊病例1661例和无症状感染者15319例，其中968例确诊病例为此前无症状感染者转归，675例确诊病例和15120例无症状感染者在隔离管控中发现，其余在相关风险 ​​​,168.0,0.0,0.0,0.12605042016806722,168.0
Lq2ukygln,mainstream,risk,【#上海昨日新增本土2472+16983#，本轮累计死亡已超百例】上海市卫健委25日通报：24日0—24时，新增本土新冠肺炎确诊病例2472例和无症状感染者16983例，其中846例确诊病例为此前无症状感染者转归，1557例确诊病例和16835例无症状感染者在隔离管控中发现，其余在相关风险人群排查中发现。新增境外输入性 ​​​,164.0,0.0,0.0,0.09090909090909091,164.0
LpTfqjnvv,mainstream,risk,#上海新增1401例本土确诊19657例本土无症状#【上海昨日新增本土病例1401+19657，本土死亡39例】上海市卫健委今早（24日）通报：2022年4月23日0—24时，新增本土新冠肺炎确诊病例1401例和无症状感染者19657例，其中541例确诊病例为此前无症状感染者转归，816例确诊病例和19421例无症状感染者在隔离管控 ​​​,171.0,0.0,0.0,0.13559322033898305,171.0
KkixR3EW3,mainstream,risk,"#女性新冠患者比男性更易有后遗症# 【多国研究：女性新冠患者比男性更可能出现长期后遗症】据新加坡联合早报15日网报道，世界多国的医生和研究发现，感染新冠病毒的女性病患比男性病患，更可能在痊愈后出现长期后遗症。

​据报道，法国巴黎一家医院通报称，2020年5月至7月，出现长期后遗症的新冠患者 ​​​",150.0,0.0,0.0,0.031746031746031744,150.0
K2OhObmZ8,mainstream,risk,【中疾控主任：#新冠肺炎可能成为长期流行的传染病#】在最新发布的中疾控周报中，中国疾病预防控制中心主任高福表示，展望未来，2021年依旧有许多不确定因素，其中之一就是新冠肺炎或将成为全球或局部地区长期流行的传染性疾病。此外，新冠肺炎的许多新特征被陆续报出，比如被感染的患者可能将面对长期 ​​​,147.0,0.0,0.0,0.0078125,147.0
Lp81RBWj1,wemedia,risk,"【#枝江市疫情防控指挥部最新倡议# ！家有老人请务必详读[话筒]】
尊敬的老年朋友、居民朋友们：
您好！如果您或您家中60岁以上老年人因各种原因还未接种新冠疫苗，请您耐心、仔细读完这封倡议书。
3月份以来，新一轮疫情已波及多个省份，新增感染者达十几万例，且仍在多点持续散发，疫情防控面临前所 ​​​",149.0,0.013422818791946308,0.0,0.016260162601626018,49.666666666666664
Mm63DnWTm,wemedia,risk,【奥密克戎七问七答：#元旦聚餐旅行会二次感染吗#？】临近元旦，部分地方新增感染者仍处于快速增长期，#国内是否会产生新的变异株#？很多患者转阴后，仍然存在咳嗽、嗅觉味觉减退等症状，这属于后遗症吗？假期聚餐旅行会二次感染吗？感染新冠会变“白肺“ 吗？我们该如何与新冠长期共存?  ​​​,141.0,0.0425531914893617,0.008695652173913044,0.0,23.5
LquWeaVoq,mainstream,risk,【上海新增1292例本土确诊病例和9330例本土无症状感染者】4月27日0—24时，上海新增本土新冠肺炎确诊病例1292例（含既往无症状感染者转为确诊病例858例）和无症状感染者9330例，432例确诊病例和9140例无症状感染者在隔离管控中发现，其余在相关风险人群排查中发现。新增本土死亡47例。平均年龄84.7岁， ​​​,163.0,0.0,0.0,0.10483870967741936,81.5
LpSXJ9KbC,mainstream,risk,"【#上海新增本土确诊1401例无症状19657例#】上海市卫健委通报： 4月23日0—24时，上海新增本土新冠肺炎确诊病例1401例和无症状感染者19657例，其中541例确诊病例为此前无症状感染者转归，816例确诊病例和19421例无症状感染者在隔离管控中发现，其余在相关风险人群排查中发现。
新增本土死亡39例。平均 ​​​",164.0,0.0,0.0,0.09917355371900827,82.0
KaGQgpRsm,mainstream,risk,【#世卫称有望在几个月内控制新冠疫情##世卫警告新冠肺炎不是流感#】周一，世界卫生组织总干事谭德塞在新闻发布会上再次警告称，一些年轻人对感染新冠病毒不以为然，但事实上有年轻健康的患者死于新冠肺炎。即使是对于康复者而言，新冠病毒也可能造成诸多长期后遗症。但谭德塞仍强调，只要各国保证公平 ​​​,146.0,0.0,0.0,0.0,73.0
Mo8GJ3wx7,mainstream,risk,"【“阳性”之后，月经为什么变得“任性”？医生一一道来】
这段时间，有关于“阳”过后妇科问题的讨论就一直没有停止过。
有人形象地把自己一边发着高烧一边经量减少的情况称为“大火收汁”，令人感到好笑又心酸;有人发现，自己“阳”过后，不仅经期推迟了十来天，还遭遇了最严重的痛经;有人表示，自己 ​​​",146.0,0.00684931506849315,0.02564102564102564,0.0,36.5
LpT6qnN5O,mainstream,risk,"【#上海新增本土确诊1401例无症状19657例#】上海市卫健委通报： 4月23日0—24时，上海新增本土新冠肺炎确诊病例1401例和无症状感染者19657例，其中541例确诊病例为此前无症状感染者转归，816例确诊病例和19421例无症状感染者在隔离管控中发现，其余在相关风险人群排查中发现。
新增本土死亡39例。平均 ​​​",164.0,0.0,0.0,0.09917355371900827,82.0
KaGTmdwGv,mainstream,risk,【#世卫称有望在几个月内控制新冠疫情##世卫警告新冠肺炎不是流感#】周一，世界卫生组织总干事谭德塞在新闻发布会上再次警告称，一些年轻人对感染新冠病毒不以为然，但事实上有年轻健康的患者死于新冠肺炎。即使是对于康复者而言，新冠病毒也可能造成诸多长期后遗症。但谭德塞仍强调，只要各国保证公平 ​​​,146.0,0.0,0.0,0.0,73.0
JaYzZpasu,mainstream,risk,【#新冠肺炎会让人丢失嗅觉味觉#吗？】味觉和嗅觉改变是一种新冠后遗症吗？事实上，就算你没有出现发热、干咳等新冠肺炎典型症状，然后突然发现自己在闻东西或者进食时嗅觉能力下降、甚至失去了嗅觉，那可就要小心了。你最好立即自我隔离，并应该检测是否已经感染新冠病毒。专家的建议是，大部分的嗅觉 ​​​,145.0,0.013793103448275862,0.015873015873015872,0.0,36.25
IuXgfeL8G,mainstream,risk,"【#云南首例新冠肺炎死亡病例#：72岁男性，患糖尿病等疾病】记者19日从云南省卫生健康委了解到，当日0时至12时，该省出现首例新冠肺炎死亡病例。死亡患者为72岁男性，云南玉溪人。
1月31日，该名患者因发热伴畏寒、咳嗽，至玉溪市人民医院发热门诊就诊后隔离观察，2月1日病毒核酸检测阳性，以“新型冠 ​​​",152.0,0.0,0.0,0.072,76.0
L3V7VmtpZ,mainstream,risk,#马克威廉姆斯在斯诺克比赛中睡着#【斯诺克比赛中睡着，英国名将致歉：是新冠后遗症】#马克威廉姆斯为比赛中睡着致歉#11月28日，2021年斯诺克英国锦标赛第二轮，名将@马克·威廉姆斯MarkWilliams 在比赛中睡着，最终负于对手遭淘汰。他赛后向球迷致歉，表示在比赛中突感疲惫，或与新冠后遗症有关。 ​​​,155.0,0.0,0.0,0.02564102564102564,77.5
K3G8px1NU,mainstream,risk,【#英国18岁少年参加新冠人体挑战试验#：愿承担一切风险】据《卫报》报道，英国一名18岁少年主动报名参加新冠病毒“人体挑战试验”。他承认无法预判试验可能带来的风险，也对可能产生的后遗症等情况感到担忧，但他表示“愿意承担一切风险”。2月17日，英国成为全球首个批准新冠病毒人体试验的国家，第 ​​​,148.0,0.0,0.0,0.032520325203252036,74.0
MpiVcAmrK,mainstream,risk,"【#李谷一回应缺席春晚#】1月21日，李谷一在其个人社交媒体上发文表示，今年在医院治病，参加不了春晚。她表示，“我的新冠病情恢复的慢，还在后遗症反应中。”

此前，央视主持人张泽群曾在微博上透露，由于刚刚“阳康”，身体抱恙的李谷一只能缺席兔年春晚。

另据文汇报，1983年至今的40年春晚，只 ​​​",151.0,0.0,0.008547008547008548,0.03418803418803419,50.333333333333336
MmiqMF3CA,mainstream,risk,#脱发是新冠感染的后遗症吗#【#感染新冠后出现脱发怎么办#？】近日，有网友表示在感染新冠后出现了脱发的现象。新冠感染后为什么会出现脱发？脱发是新冠感染的后遗症吗？多长时间可以恢复？清华大学附属北京清华长庚医院皮肤科副主任医师段晓涵表示，病毒有可能引起毛囊周围的炎症反应，此外，焦虑、休 ​​​,146.0,0.0273972602739726,0.0,0.0,29.2
LqX018aRz,mainstream,risk,#上海昨日新增本土死亡病例38例#【上海新增788例本土确诊病例和7084例本土无症状感染者】4月30日0—24时，上海新增本土新冠肺炎确诊病例788例和无症状感染者7084例，其中683例确诊病例为既往无症状感染者转归，105例确诊病例和7084例无症状感染者在隔离管控中发现。新增本土死亡38例。平均年龄80.9岁， ​​​,164.0,0.0,0.0,0.1111111111111111,82.0
LpT6hiEfb,mainstream,risk,"【#上海新增本土确诊1401例无症状19657例#】上海市卫健委通报： 4月23日0—24时，上海新增本土新冠肺炎确诊病例1401例和无症状感染者19657例，其中541例确诊病例为此前无症状感染者转归，816例确诊病例和19421例无症状感染者在隔离管控中发现，其余在相关风险人群排查中发现。
新增本土死亡39例。平均 ​​​",164.0,0.0,0.0,0.09917355371900827,82.0
LurA4iEMh,mainstream,risk,【上海新增本土确诊58例、无症状感染者422例】2022年5月23日0—24时，上海新增本土新冠肺炎确诊病例58例和无症状感染者422例，其中39例确诊病例为既往无症状感染者转归，19例确诊病例和422例无症状感染者在隔离管控中发现。新增本土死亡1例，患者女性，85岁，合并有高血压3级（极高危）、脑梗死后遗症 ​​​,159.0,0.0,0.0,0.12,159.0
LsLW64LYQ,mainstream,risk,【上海新增227例本土确诊病例和1869例本土无症状感染者】5月12日0—24时，上海新增本土新冠肺炎确诊病例227例和无症状感染者1869例，其中167例确诊病例为既往无症状感染者转归，60例确诊病例和1865例无症状感染者在隔离管控中发现。新增本土死亡病例2例，系两例年龄分别为88岁、89岁的老年患者，合并有 ​​​,161.0,0.0,0.0,0.11023622047244094,161.0
Lstayc3cb,mainstream,risk,【上海新增228例本土确诊和1259例本土无症状】据上海市卫健委：5月10日0—24时，上海新增本土新冠肺炎确诊病例228例和无症状感染者1259例，其中198例确诊病例为既往无症状感染者转归，30例确诊病例和1259例无症状感染者在隔离管控中发现。新增本土死亡7例。平均年龄87.3岁，最小年龄75岁，最大年龄98岁 ​​​,163.0,0.0,0.0,0.11904761904761904,81.5
LquT9dcMX,mainstream,risk,【上海新增1292例本土确诊病例和9330例本土无症状感染者】4月27日0—24时，上海新增本土新冠肺炎确诊病例1292例（含既往无症状感染者转为确诊病例858例）和无症状感染者9330例，432例确诊病例和9140例无症状感染者在隔离管控中发现，其余在相关风险人群排查中发现。新增本土死亡47例。平均年龄84.7岁， ​​​,163.0,0.0,0.0,0.10483870967741936,81.5
Lq2um0WWB,mainstream,risk,【上海新增2472例本土确诊病例和16983例本土无症状感染者】4月24日0—24时，上海新增本土新冠肺炎确诊病例2472例和无症状感染者16983例，其中846例确诊病例为此前无症状感染者转归，1557例确诊病例和16835例无症状感染者在隔离管控中发现，其余在相关风险人群排查中发现。新增本土死亡病例51例。平均年 ​​​,163.0,0.0,0.0,0.0967741935483871,81.5
MqJUjmsR4,mainstream,risk,#专家提醒当心儿童感染后引发炎症风暴#【2岁宝宝突发心肌炎、多系统炎性综合征 专家提醒：当心儿童感染后引发“炎症风暴”】2岁宝宝“阳”后20天，突然爆发多系统炎性综合征，全身皮疹、肝功能异常、肿瘤坏死因子等明显增高。无独有偶，10岁女孩感染新冠3周后，本以为已痊愈，不曾想却突发心肌炎，肌钙 ​​​,149.0,0.0,0.0,0.04065040650406504,149.0
MmsH2h6Ss,mainstream,risk,【#感染新冠后为什么会脱发#？】#专家说感染新冠后脱发比较普遍# 近日，有网友表示在感染新冠后出现了脱发的现象。新冠感染后为什么会出现脱发？脱发是新冠感染的后遗症吗？多长时间可以恢复？清华大学附属北京清华长庚医院皮肤科副主任医师段晓涵表示：感染新冠之后出现脱发的情况，是比较普遍的。感 ​​​,146.0,0.0273972602739726,0.0,0.0,24.333333333333332
Mmi7PvWn0,mainstream,risk,【#感染新冠后出现脱发怎么办#？】近日，有网友表示在感染新冠后出现了脱发的现象。新冠感染后为什么会出现脱发？脱发是新冠感染的后遗症吗？多长时间可以恢复？清华大学附属北京清华长庚医院皮肤科副主任医师段晓涵表示，病毒有可能引起毛囊周围的炎症反应，此外，焦虑、休息不好等原因也会引起休止期 ​​​,145.0,0.027586206896551724,0.0,0.0,29.0
LqE9nyDmE,mainstream,risk,【上海本土昨日新增“5487+9545” 新增52例本土死亡病例】#上海加油##上海战疫#据上海市卫健委，2022年4月28日0—24时，新增本土新冠肺炎确诊病例5487和无症状感染者9545例，其中5062例确诊病例为既往无症状感染者转归，418例确诊病例和9444例无症状感染者在隔离管控中发现，其余在相关风险人群排查中 ​​​,166.0,0.0,0.0,0.10833333333333334,166.0
LquIuzmLf,mainstream,risk,【上海本土新增“1292+9330” 新增本土死亡病例47例】#上海加油##上海战役#上海市卫健委今早（28日）通报：2022年4月27日0—24时，新增本土新冠肺炎确诊病例1292例（含既往无症状感染者转为确诊病例858例）和无症状感染者9330例，432例确诊病例和9140例无症状感染者在隔离管控中发现，其余在相关风险人 ​​​,167.0,0.0,0.0,0.11864406779661017,167.0
MnXZcls1C,mainstream,risk,【“阳康”后超25%人群患有睡眠障碍？#睡眠出现问题的三大表现#】#关灯后30分钟内睡不着或有睡眠问题# 专家表示，睡眠不好有个标准：当躺在床上关灯后，如果超过30分钟还睡不着的话，或已经具有入睡困难的问题。或者在起夜后30分钟仍无法入睡，或为睡眠维持困难。早醒同样为失眠表现。全球有数据研究显 ​​​,151.0,0.006622516556291391,0.0,0.03225806451612903,37.75
MmytrzVob,mainstream,risk,【#感染新冠后为什么会脱发#？】#专家说感染新冠后脱发比较普遍# 近日，有网友表示在感染新冠后出现了脱发的现象。新冠感染后为什么会出现脱发？脱发是新冠感染的后遗症吗？多长时间可以恢复？清华大学附属北京清华长庚医院皮肤科副主任医师段晓涵表示：感染新冠之后出现脱发的情况，是比较普遍的。感 ​​​,146.0,0.0273972602739726,0.0,0.0,24.333333333333332
MmrGqnc9A,mainstream,risk,【#新冠感染后为什么会出现脱发#？多长时间可以恢复？】近日，有网友表示在感染新冠后出现了脱发的现象。脱发是新冠感染的后遗症吗？多长时间可以恢复？清华大学附属北京清华长庚医院皮肤科副主任医师段晓涵表示，病毒有可能引起毛囊周围的炎症反应，此外，焦虑、休息不好等原因也会引起休止期脱发。目 ​​​,145.0,0.027586206896551724,0.0,0.0,24.166666666666668
Mm8PrzrZm,mainstream,risk,【奥密克戎七问七答：#元旦聚餐旅行会二次感染吗#？】临近元旦，部分地方新增感染者仍处于快速增长期，#国内是否会产生新的变异株#？很多患者转阴后，仍然存在咳嗽、嗅觉味觉减退等症状，这属于后遗症吗？假期聚餐旅行会二次感染吗？感染新冠会变“白肺“ 吗？我们该如何与新冠长期共存?  ​​​,141.0,0.0425531914893617,0.008695652173913044,0.0,23.5
Mm6Clas2o,mainstream,risk,【奥密克戎七问七答：#元旦聚餐旅行会二次感染吗#？】临近元旦，部分地方新增感染者仍处于快速增长期，#国内是否会产生新的变异株#？很多患者转阴后，仍然存在咳嗽、嗅觉味觉减退等症状，这属于后遗症吗？假期聚餐旅行会二次感染吗？感染新冠会变“白肺“ 吗？我们该如何与新冠长期共存?  ​​​,141.0,0.0425531914893617,0.008695652173913044,0.0,23.5
KaGKdsbu1,mainstream,risk,#896快讯# 【#世卫称有望在几个月内控制新冠疫情# 】周一，世界卫生组织总干事谭德塞在新闻发布会上再次警告称，一些年轻人对感染新冠病毒不以为然，但事实上有年轻健康的患者死于新冠肺炎。即使是对于康复者而言，新冠病毒也可能造成诸多长期后遗症。但谭德塞仍强调，只要各国保证公平疫苗接种，全面 ​​​,148.0,0.0,0.0,0.007936507936507936,74.0
K3Hnezbtx,mainstream,risk,#896快讯# 【世卫#专家提醒重视新冠造成的长期影响#】世界卫生组织欧洲区域办事处主任克卢格25日说，近来欧洲地区新冠感染率总体呈下降趋势，但世卫组织关注到“新冠后遗症”对健康等方面造成的长期影响，将其视为“后疫情”时期的首要任务。克卢格当天在哥本哈根召开的线上新闻发布会上说，十分之一的 ​​​,149.0,0.0,0.0,0.015873015873015872,149.0
K2OixEoNK,mainstream,risk,#896快讯# 【中疾控主任：#新冠肺炎可能成为长期流行的传染病#】在最新发布的中疾控周报中，中国疾病预防控制中心主任高福表示，展望未来，2021年依旧有许多不确定因素，其中之一就是新冠肺炎或将成为全球或局部地区长期流行的传染性疾病。此外，新冠肺炎的许多新特征被陆续报出，比如被感染的患者可能 ​​​,150.0,0.0,0.0,0.015873015873015872,150.0
LAHE3vXSR,wemedia,risk,【#美国2576万人出现新冠后遗症#】#新冠肺炎长期症状包括哪些#美国物理医学与康复学会估计，美国目前有2576万人出现新冠肺炎后遗症。《大西洋月刊》指出，这个数字可能被严重低估，根据血液抗体测试推算，现在美国可能至少有5600万“新冠肺炎长期症状”患者。根据美国疾控中心定义，“新冠肺炎长期症状 ​​​,152.0,0.0,0.0,0.024793388429752067,76.0
Nh2kYjjAH,mainstream,risk,"Cell、Nature研究显示，新冠并未真正远去，后遗症仍令人担忧

2023年8月21日，美国华盛顿大学医学院的研究人员在《自然·医学》"" Nature Medicine ""期刊上发表了一篇题为"" Postacute sequelae of COVID-19 at 2 years ""的研究论文。

该研究显示，即使在感染新冠两年后，持续影响依然存在。曾经感染新冠 ​​​",187.0,0.0,0.0,0.049019607843137254,93.5
NgDIsDcYg,mainstream,risk,"三阳来了？柳叶刀子刊：多次或持续感染新冠病毒，将造成认知障碍，并在近两年内依旧存在！

今年6月，JAMA上刊登的研究首次系统性地基于症状对“长新冠”进行了具体的定义，确定了12种典型的新冠感染急性后后遗症（PASC），按照发生频率的递减顺序为：运动后不适、疲劳、脑雾、头晕、胃肠道症状、心悸 ​​​",150.0,0.013333333333333334,0.0,0.01680672268907563,75.0
MsOwJFTe0,mainstream,risk,"【浙江小伙感染新冠后腰反复剧烈疼痛，以为是“阳康”后遗症，没想竟得了“血癌”】
回顾起前段时间的日子，义乌的小伙子小傅说只能用“天崩地裂”四个字来形容，年纪轻轻仅有25岁的他竟查出了“血癌”——急性白血病。

而他的确诊几乎延误了1个月的时间，也给大家敲醒了警钟。

1个多月以前，小傅的 ​​​",148.0,0.0,0.0,0.025423728813559324,74.0
MsocInEm5,mainstream,risk,"【浙江小伙感染新冠后腰反复剧烈疼痛，以为是“阳康”后遗症，没想竟得了“血癌”】
回顾起前段时间的日子，义乌的小伙子小傅说只能用“天崩地裂”四个字来形容，年纪轻轻仅有25岁的他竟查出了“血癌”——急性白血病。

而他的确诊几乎延误了1个月的时间，也给大家敲醒了警钟。

1个多月以前，小傅的 ​​​",148.0,0.0,0.0,0.025423728813559324,74.0
MmzMBw2fd,mainstream,risk,"【#白肺与德尔塔毒株有关吗#？专家详解】近期有网民反映，随着新冠病毒感染者增多，重症患者也在增加。部分感染者在诊疗过程中发现了肺炎，甚至肺部CT呈现“白肺”现象。
有网友认为，“白肺”与感染新冠病毒原始毒株或德尔塔毒株有关。这种观点是否正确？原始毒株回来了吗，出现“白肺”有没有后遗症 ​​​",146.0,0.0136986301369863,0.0,0.0,29.2
MmzB9t56b,mainstream,risk,【#感染新冠后为什么会脱发#？】#专家说感染新冠后脱发比较普遍# 近日，有网友表示在感染新冠后出现了脱发的现象。新冠感染后为什么会出现脱发？脱发是新冠感染的后遗症吗？多长时间可以恢复？清华大学附属北京清华长庚医院皮肤科副主任医师段晓涵表示：感染新冠之后出现脱发的情况，是比较普遍的。感 ​​​,146.0,0.0273972602739726,0.0,0.0,24.333333333333332
MlPwEDj9e,mainstream,risk,"【小心！#阳康后吃这些东西或致疾病复发#！】据封面新闻：新冠感染初愈后，身体仍需要大量营养来保证免疫系统的能量供给，但要注意食补不能操之过急，一定要给身体留下充足的休养时间。

阳康后这些东西不要立即吃 食补、大吃大喝或致疾病复发
据杭州市中医院消息，中医认为高烧之后，疾病初愈，病邪尚 ​​​",147.0,0.013605442176870748,0.0,0.0,49.0
MhQP80cp0,mainstream,risk,【#5位康复者讲述阳了后会经历什么#】很长一段时间里，人们对于感染奥密克戎的认知出现了两极分化。有人觉得，“那只是一场感冒，恐惧大于疾病本身。”也有人还是担心，“那么多老人和孩子呢？留下后遗症可是一辈子的事。”5位新冠感染者向记者讲述了他们感染和康复的过程，有人在患病之初陷入恐慌，除 ​​​,146.0,0.00684931506849315,0.0,0.016129032258064516,36.5
MagkztWiv,mainstream,risk,#新冠后遗症可持续数周数月甚至更长时间# 【吴尊友：新冠后遗症覆盖范围广 症状可持续数周、数月甚至更长时间】10月13日，在国务院联防联控机制新闻发布会上，中国疾控中心流行病学首席专家吴尊友表示，新冠后遗症又叫新冠长期症状，世界卫生组织在2021年10月份给出的临床定义，新冠后遗症通常发生在感 ​​​,151.0,0.0,0.0,0.03125,151.0
MlXicyTV9,mainstream,risk,"#新冠患者99%可以排除心肌炎#【#肺部CT检查需求暴增#，#体检机构阳康体检套餐销量破14万#】
“新十条”落地将近一个月，第一批奥密克戎感染患者逐渐转阴，但咳嗽、胸闷气短等症状仍在持续。“新冠后遗症”“白肺”“心肌炎”等成了新冠康复患者新的焦虑来源。为求心安，“阳康”人群涌向了医院和体检中 ​​​",151.0,0.0,0.0,0.017094017094017096,75.5
MiBuy3LMD,mainstream,risk,"【#关于疫情他瞎说了30句大实话#】
01 

这个病毒是真的无法清零了

——你以为是不想清零吗？并不是，是真的清不了零了。这个病毒要阻隔传播，只能对全社会采取静默。而长时间静默，经济和社会都会崩溃。

 02 

新冠病毒将与人类长期共存

——迄今为止，人类真正消灭的传染病只有天花。99.99%病毒都 ​​​",158.0,0.006329113924050633,0.0,0.034482758620689655,31.6
KaGLcmIwc,mainstream,risk,【#世卫称有望在几个月内控制新冠疫情# 】周一，世界卫生组织总干事谭德塞在新闻发布会上再次警告称，一些年轻人对感染新冠病毒不以为然，但事实上有年轻健康的患者死于新冠肺炎。即使是对于康复者而言，新冠病毒也可能造成诸多长期后遗症。但谭德塞仍强调，只要各国保证公平疫苗接种，全面做好公共卫 ​​​,145.0,0.0,0.0,0.0,72.5
K2NU5uhCk,mainstream,risk,【中疾控主任：#新冠肺炎可能成为长期流行的传染病#】在最新发布的中疾控周报中，中国疾病预防控制中心主任高福表示，展望未来，2021年依旧有许多不确定因素，其中之一就是新冠肺炎或将成为全球或局部地区长期流行的传染性疾病。此外，新冠肺炎的许多新特征被陆续报出，比如被感染的患者可能将面对长期 ​​​,147.0,0.0,0.0,0.0078125,147.0
MmseKeGB7,mainstream,risk,【#感染新冠后为什么会脱发#？】#专家说感染新冠后脱发比较普遍# 近日，有网友表示在感染新冠后出现了脱发的现象。新冠感染后为什么会出现脱发？脱发是新冠感染的后遗症吗？多长时间可以恢复？清华大学附属北京清华长庚医院皮肤科副主任医师段晓涵表示：感染新冠之后出现脱发的情况，是比较普遍的。感 ​​​,146.0,0.0273972602739726,0.0,0.0,24.333333333333332
K3GO51nb2,mainstream,risk,【#英国18岁少年参加新冠人体挑战试验#：愿承担一切风险】据《卫报》报道，英国一名18岁少年主动报名参加新冠病毒“人体挑战试验”。他承认无法预判试验可能带来的风险，也对可能产生的后遗症等情况感到担忧，但他表示“愿意承担一切风险”。2月17日，英国成为全球首个批准新冠病毒人体试验的国家，第 ​​​,148.0,0.0,0.0,0.032520325203252036,74.0
K3Guypy8l,mainstream,risk,"【世卫#专家提醒重视新冠造成的长期影响#】世界卫生组织欧洲区域办事处主任克卢格25日说，近来欧洲地区新冠感染率总体呈下降趋势，但世卫组织关注到“新冠后遗症”对健康等方面造成的长期影响，将其视为“后疫情”时期的首要任务。
克卢格当天在哥本哈根召开的线上新闻发布会上说，十分之一的欧洲新冠 ​​​",146.0,0.0,0.0,0.007874015748031496,146.0
K2OMnrjzX,mainstream,risk,【中疾控主任：#新冠肺炎可能成为长期流行的传染病#】在最新发布的中疾控周报中，中国疾病预防控制中心主任高福表示，展望未来，2021年依旧有许多不确定因素，其中之一就是新冠肺炎或将成为全球或局部地区长期流行的传染性疾病。此外，新冠肺炎的许多新特征被陆续报出，比如被感染的患者可能将面对长期 ​​​,147.0,0.0,0.0,0.0078125,147.0
Maf8Hnvff,mainstream,risk,#新冠后遗症可持续数周数月甚至更长时间# 【吴尊友：新冠后遗症覆盖范围广 症状可持续数周、数月甚至更长时间】10月13日，在国务院联防联控机制新闻发布会上，中国疾控中心流行病学首席专家吴尊友表示，新冠后遗症又叫新冠长期症状，世界卫生组织在2021年10月份给出的临床定义，新冠后遗症通常发生在感 ​​​,151.0,0.0,0.0,0.03125,151.0
KaGuki1zB,mainstream,risk,【#世卫称有望在几个月内控制新冠疫情# 】世界卫生组织总干事谭德塞周一表示，在一些已经解封的国家，尽管新冠病毒仍在快速传播，但餐馆和娱乐场所已是人满为患。有的人甚至会认为，只要年龄相对年轻，即使感染新冠病毒也不要紧。但事实上有年轻健康的患者死于新冠肺炎，并且我们仍不了解新冠肺炎的长 ​​​,145.0,0.0,0.0078125,0.0,72.5
K3GFoANM3,mainstream,risk,【#世卫专家提醒重视新冠造成的长期影响#】世界卫生组织欧洲区域办事处主任克卢格25日说，近来欧洲地区新冠感染率总体呈下降趋势，但世卫组织关注到“新冠后遗症”对健康等方面造成的长期影响，将其视为“后疫情”时期的首要任务。克卢格当天在哥本哈根召开的线上新闻发布会上说，十分之一的欧洲新冠患 ​​​,146.0,0.0,0.0,0.0078125,146.0
MoqWX3iMC,mainstream,risk,"防疫科普丨北京老年医院记忆门诊接诊多例这类患者，医生提醒→

近期，北京老年医院记忆门诊接诊了多例因新冠病毒感染导致神经、精神症状的老年患者。该院精神心理一科主任张守字提醒：老年人尤其要警惕“脑雾”发生，如出现相关症状要及时就医，以避免严重神经损害和长期后遗症的发生。

张守字介绍， ​​​",146.0,0.0,0.0,0.0,73.0
MkVMSBcfA,mainstream,risk,"味觉嗅觉消失，吞芥末“唤醒”？超过这个时间没恢复，一定要注意

近日，在各大社交媒体平台上
有网友反映
感染康复后
出现味觉、嗅觉减退的症状

上海嘉定一位感染新冠病毒的小伙
在嗅觉、味觉失灵后
短短5分钟内
咀嚼柠檬、口吞芥末、猛喝酱油
以此试图唤醒嗅觉、味觉

这个小伙并不是个例
在社交媒 ​​​",151.0,0.006622516556291391,0.0,0.00819672131147541,151.0
MnwjSm2wV,mainstream,risk,【脱发、失眠、脑雾…#阳康后千万要做好这些事#！】 最近随着大批“阳康”的出现，“新冠后遗症”成为大家讨论的热门话题。#阳康后出现脑雾怎么办#、#医生称超30%阳康可能面临脱发风险#、#新冠恢复期解决失眠的4个方法#等话题接连登上热搜。新冠到底有无后遗症？这些所谓的“新冠后遗症”该怎么治疗？ ​​​,150.0,0.02,0.0,0.017241379310344827,30.0
LyDOGi6zA,mainstream,risk,【全球首个奥密克戎后遗症研究发表 这五种最常见】6月16日，英国伦敦国王学院在《柳叶刀》上发布了全世界首个关于奥密克戎后是否会患有“新冠后遗症”的研究。研究者观察了5万多名奥密克戎病毒感染者与4万多名德尔塔病毒感染者后，得出结论：奥密克戎导致后遗症的概率是德尔塔概率的一半。而哈佛公共卫 ​​​,147.0,0.0,0.0,0.03076923076923077,73.5
LusUaEzfj,mainstream,risk,【上海现有重型患者134例 危重型38例】5月24日上午，上海召开疫情防控工作新闻发布会。市卫生健康委副主任赵丹丹介绍，截至5月23日24时，在定点医疗机构接受治疗的重型患者134例、危重型38例。 5月23日，新增本土死亡病例1例，女性，85岁，合并有重度高血压、脑梗死后遗症、阿尔茨海默病、帕金森病等基 ​​​,157.0,0.0,0.0,0.104,78.5
LsWh105Zi,mainstream,risk,【上海现有重型患者291例 危重型62例】5月14日上午，上海市卫生健康委副主任赵丹丹介绍，截至5月13日24时，在定点医疗机构接受治疗的重型患者291例、危重型62例。 5月13日，新增本土死亡病例1例，该患者为84岁男性，合并有心律失常、高血压、脑出血后遗症等。这例死亡病例未接种新冠疫苗。死亡的直接原 ​​​,157.0,0.0,0.0,0.10317460317460317,52.333333333333336
LsjGTEzWl,mainstream,risk,【上海昨日新增234+2780 新增本土死亡病例6例】@健康上海12320 今早通报：2022年5月9日0—24时，新增本土新冠肺炎确诊病例234例和无症状感染者2780例，其中156例确诊病例为既往无症状感染者转归，78例确诊病例和2775例无症状感染者在隔离管控中发现。新增本土死亡病例6例。平均年龄79.5岁，最小年龄65 ​​​,168.0,0.0,0.0,0.13821138211382114,84.0
LrI0n3fa8,mainstream,risk,【上海昨日新增本土245+4024 新增死亡病例12例】@健康上海12320 今早通报：2022年5月5日0—24时，新增本土新冠肺炎确诊病例245例和无症状感染者4024例，其中181例确诊病例为既往无症状感染者转归，64例确诊病例和4001例无症状感染者在隔离管控中发现。新增本土死亡12例。平均年龄84.08岁，最小年龄59岁 ​​​,170.0,0.0,0.0,0.13934426229508196,85.0
LqcGh1Mkh,mainstream,risk,【上海：昨日死亡的33岁病例 诊断为心源性猝死】4月26日上午10:00，上海举行疫情防控工作新闻发布会。上海市卫生健康委副主任赵丹丹介绍：4月25日，新增本土死亡病例52例。平均年龄83.1岁，最小年龄33岁，最大年龄100岁。33岁这位患者，男性，因突发心跳呼吸骤停，经抢救无效死亡，诊断为心源性猝死， ​​​,157.0,0.0,0.0,0.0975609756097561,52.333333333333336
Lq4o6FLjB,mainstream,risk,【日本：近1成新冠患者出院一年后仍有后遗症】日本厚生劳动省研究班23日在京都市举行的日本呼吸器官学会公布调查结果称，感染新冠病毒住院的患者中有约10%在出院一年后仍可能留有后遗症。报道称，掌握情况的693人中，出院一年后仍到医疗机构就诊、确认到或为后遗症的症状的人占9.8%。从主要症状来看， ​​​,150.0,0.0,0.0,0.03875968992248062,75.0
LpTWodiQ9,mainstream,risk,【上海现有重型患者160例、危重型患者19例】市卫生健康委副主任赵丹丹介绍：截至4月23日24时，在定点医疗机构接受治疗的重型患者160例、危重型患者19例。4月23日，新增本土死亡病例39例，平均年龄78.7岁，最大年龄98岁。39位患者均合并有严重的多脏器慢性疾病，包括冠心病、心力衰竭、严重心律失常、高 ​​​,158.0,0.0,0.0,0.104,79.0
LpKoX8aCV,mainstream,risk,【上海现有重型患者157例 危重型患者18例】4月23日，上海举行新冠肺炎疫情防控新闻发布会，市卫生健康委一级巡视员吴乾渝介绍，截至4月22日24时，在定点医疗机构接受治疗的重型患者157例、危重型患者18例。4月22日，新增本土死亡病例12例。平均年龄88.2岁，最大年龄99岁。12位患者均合并有严重的慢性多 ​​​,160.0,0.0,0.0,0.1171875,53.333333333333336
Lp9kefxPD,mainstream,risk,【上海：截至4月18日在定点医疗机构接受治疗的重型患者21例】4月19日，上海市卫生健康委一级巡视员吴乾渝在新闻发布会上介绍，截至4月18日24时，在定点医疗机构接受治疗的重型患者有21例。4月18日，新增死亡病例7例。年龄从60岁到101岁，合并冠心病、糖尿病、高血压、脑梗后遗症、脑出血等严重的基础疾 ​​​,156.0,0.0,0.0,0.109375,78.0
Mpj1yfxUB,mainstream,risk,"【#李谷一回应缺席春晚#】1月21日，李谷一在其个人社交媒体上发文表示，今年在医院治病，参加不了春晚。她表示，“我的新冠病情恢复的慢，还在后遗症反应中。”

此前，央视主持人张泽群曾在微博上透露，由于刚刚“阳康”，身体抱恙的李谷一只能缺席兔年春晚。

另据文汇报，1983年至今的40年春晚，只 ​​​",151.0,0.0,0.008547008547008548,0.03418803418803419,50.333333333333336
MmsnmaQAz,mainstream,risk,【#感染新冠后为什么会脱发#？】#专家说感染新冠后脱发比较普遍# 近日，有网友表示在感染新冠后出现了脱发的现象。新冠感染后为什么会出现脱发？脱发是新冠感染的后遗症吗？多长时间可以恢复？清华大学附属北京清华长庚医院皮肤科副主任医师段晓涵表示：感染新冠之后出现脱发的情况，是比较普遍的。感 ​​​,146.0,0.0273972602739726,0.0,0.0,24.333333333333332
MijlKn7JD,mainstream,risk,【感染新冠会怎样？看看新冠康复者的自述，他们经历了这些】近期，随着全国多地优化调整疫情防控政策，公众对奥密克戎变异株的关切再次达到顶点。有人内心焦虑，亦有人已不惧病毒，只是一些问题依然回荡在脑海：奥密克戎变异株致病性到底多高？普通人感染症状多严重？应该如何治疗？康复后会留下后遗症 ​​​,144.0,0.027777777777777776,0.0,0.0,28.8
N3pivDgrT,wemedia,risk,#专家称不排除二阳后还会有三阳#【为什么阳过以后还会再阳？专家解答】近日，新冠病毒二次感染的话题引发关注。当前新冠病毒流行情况怎样？为什么“阳”过以后还会再“阳”？#阳的次数越多症状是否越重#，对身体的伤害是否越大？是否会留下后遗症？针对相关问题，国务院联防联控机制组织专家进行了解答 ​​​,146.0,0.03424657534246575,0.0,0.0,24.333333333333332
Mm7dNabgB,wemedia,risk,【奥密克戎七问七答：#元旦聚餐旅行会二次感染吗#？】临近元旦，部分地方新增感染者仍处于快速增长期，#国内是否会产生新的变异株#？很多患者转阴后，仍然存在咳嗽、嗅觉味觉减退等症状，这属于后遗症吗？假期聚餐旅行会二次感染吗？感染新冠会变“白肺“ 吗？我们该如何与新冠长期共存? ​​​,140.0,0.04285714285714286,0.008695652173913044,0.0,23.333333333333332
Mookd5seD,mainstream,risk,【三大表现！#如何自判睡眠是否出现问题#】#阳康过程中睡眠障碍为主要体现#专家表示，睡眠不好有个标准：当躺在床上关灯后，如果超过30分钟还睡不着的话，或已经具有入睡困难的问题。或者在起夜后30分钟仍无法入睡，或为睡眠维持困难。早醒同样为失眠表现。全球有数据研究显示，在新冠康复过程中，睡眠 ​​​,148.0,0.006756756756756757,0.0,0.016,37.0
LjHmQnX4X,wemedia,risk,【#牛津大学研究发现新冠病毒或加速大脑萎缩#】据外媒报道，英国牛津大学发表在《自然》杂志上的一项研究表明，#新冠病毒可能导致大脑萎缩#。一些新冠患者会出现包括注意力、专注力、信息处理速度下降和记忆力受损等情况。研究人员表示，这些影响是否可以部分逆转，或者是否会长期存在，还需进一步调查 ​​​,146.0,0.0,0.0,0.0,73.0
LsMhdpeYS,mainstream,risk,【#上海新增本土确诊227例无症状1869例#】5月12日0—24时，上海新增本土新冠肺炎确诊病例227例和无症状感染者1869例，其中167例确诊病例为既往无症状感染者转归，60例确诊病例和1865例无症状感染者在隔离管控中发现。新增本土死亡病例2例，系两例年龄分别为88岁、89岁的老年患者，合并有冠心病、缺血性 ​​​,162.0,0.0,0.0,0.112,162.0
Lrpro04ap,mainstream,risk,【#上海新增260例本土确诊4722例本土无症状#】上海市卫健委通报：5月3日0—24时，上海新增本土新冠肺炎确诊病例260例和无症状感染者4722例，其中151例确诊病例为既往无症状感染者转归，108例确诊病例和4660例无症状感染者在隔离管控中发现。5月3日0—24时，新增本土死亡病例16例。平均年龄82.9岁，最小 ​​​,165.0,0.0,0.0,0.136,82.5
LquVGtCI1,mainstream,risk,【上海新增1292例本土确诊病例和9330例本土无症状感染者】4月27日0—24时，上海新增本土新冠肺炎确诊病例1292例（含既往无症状感染者转为确诊病例858例）和无症状感染者9330例，432例确诊病例和9140例无症状感染者在隔离管控中发现，其余在相关风险人群排查中发现。新增本土死亡47例。平均年龄84.7岁， ​​​,163.0,0.0,0.0,0.10483870967741936,81.5
K2OchEqCq,mainstream,risk,【中疾控主任：#新冠肺炎可能成为长期流行的传染病#】在最新发布的中疾控周报中，中国疾病预防控制中心主任高福表示，展望未来，2021年依旧有许多不确定因素，其中之一就是新冠肺炎或将成为全球或局部地区长期流行的传染性疾病。此外，新冠肺炎的许多新特征被陆续报出，比如被感染的患者可能将面对长期 ​​​,147.0,0.0,0.0,0.0078125,147.0
MsDih6ZmS,mainstream,risk,"【#西安开设新冠后遗症专病门诊#】很多人阳康后，落下很多“后遗症”：咳嗽、咽痛咽痒、胸闷气短，不明原因的头晕、乏力以及肺间质纤维化等症状，这些症状也被称为长新冠综合症。

   针对新冠感染者“转阴”后存在的不适症状，西安市胸科医院筹备呼吸与危重症医学科专家组，特开设专病门诊解决咳嗽、 ​​​",147.0,0.0,0.0,0.0,147.0
LsVNdxLxY,mainstream,risk,【上海新增本土确诊194例和本土无症状1487例】据上海市卫健委：5月13日0—24时，上海新增本土新冠肺炎确诊病例194例和无症状感染者1487例，其中140例确诊病例为既往无症状感染者转归，54例确诊病例和1486例无症状感染者在隔离管控中发现。新增本土死亡1例。该患者为84岁男性，合并有心律失常、高血压、 ​​​,160.0,0.0,0.0,0.104,80.0
LsM0bERXS,mainstream,risk,【上海新增227例本土确诊病例和1869例本土无症状感染者】5月12日0—24时，上海新增本土新冠肺炎确诊病例227例和无症状感染者1869例，其中167例确诊病例为既往无症状感染者转归，60例确诊病例和1865例无症状感染者在隔离管控中发现。新增本土死亡病例2例，系两例年龄分别为88岁、89岁的老年患者，合并有 ​​​,161.0,0.0,0.0,0.11023622047244094,161.0
Lst9y3moM,mainstream,risk,"【上海新增228例本土确诊和1259例本土无症状】据上海市卫健委：5月10日0—24时，上海新增本土新冠肺炎确诊病例228例和无症状感染者1259例，其中198例确诊病例为既往无症状感染者转归，30例确诊病例和1259例无症状感染者在隔离管控中发现。

   新增本土死亡7例。平均年龄87.3岁，最小年龄75岁，最大年 ​​​",164.0,0.0,0.0,0.11382113821138211,82.0
LquFnjh9t,mainstream,risk,【#上海新增1292例本土确诊病例和9330例本土无症状#】4月27日0—24时，上海新增本土新冠肺炎确诊病例1292例（含既往无症状感染者转为确诊病例858例）和无症状感染者9330例，432例确诊病例和9140例无症状感染者在隔离管控中发现，其余在相关风险人群排查中发现。新增本土死亡47例。平均年龄84.7岁，最小 ​​​,164.0,0.0,0.0,0.10569105691056911,82.0
Lq2qBa0DX,mainstream,risk,【上海新增2472例本土确诊病例和16983例本土无症状感染者】4月24日0—24时，上海新增本土新冠肺炎确诊病例2472例和无症状感染者16983例，其中846例确诊病例为此前无症状感染者转归，1557例确诊病例和16835例无症状感染者在隔离管控中发现，其余在相关风险人群排查中发现。新增本土死亡病例51例。平均年 ​​​,163.0,0.0,0.0,0.0967741935483871,81.5
Mms7jybKx,mainstream,risk,【#感染新冠后为什么会脱发#？】#专家说感染新冠后脱发比较普遍# 近日，有网友表示在感染新冠后出现了脱发的现象。新冠感染后为什么会出现脱发？脱发是新冠感染的后遗症吗？多长时间可以恢复？清华大学附属北京清华长庚医院皮肤科副主任医师段晓涵表示：感染新冠之后出现脱发的情况，是比较普遍的。感 ​​​,146.0,0.0273972602739726,0.0,0.0,24.333333333333332
Mm7lp6qU2,mainstream,risk,【奥密克戎七问七答：#元旦聚餐旅行会二次感染吗#？】临近元旦，部分地方新增感染者仍处于快速增长期，#国内是否会产生新的变异株#？很多患者转阴后，仍然存在咳嗽、嗅觉味觉减退等症状，这属于后遗症吗？假期聚餐旅行会二次感染吗？感染新冠会变“白肺“ 吗？我们该如何与新冠长期共存?  ​​​,141.0,0.0425531914893617,0.008695652173913044,0.0,23.5
Mlx6lnYei,mainstream,risk,【#女子阳过后洗头发掉了一大把# 】12月23日，山西。女子阳后洗头发，没想到掉了一大把。女子称，刚好要洗头的时候阳性了，就一直等到第九天才洗了头，没想到掉了好多头发，在想是不是新冠的后遗症。网友：这可能是脱发株。#女子阳性躺10多天头发变离子烫##爷奶阳性后吃孙女点的外卖表情亮了#  ​​​,147.0,0.0,0.0,0.025210084033613446,36.75
MjmWFlZRt,mainstream,risk,"【健忘、脱发？#新冠肺炎存在后遗症吗#？陕西专家解读】健忘、脱发、影响智力……不少群众担忧新冠感染者恢复后存在后遗症问题。那所谓后遗症指的是什么？12月12日，西部网·陕西头条记者采访了西安交通大学第一附属医院感染科主任医师何英利。

何英利告诉记者，后遗症是指原有的疾病在康复后，身体留 ​​​",148.0,0.02027027027027027,0.0,0.01639344262295082,29.6
L3VUQ1Pod,mainstream,risk,#马克威廉姆斯在斯诺克比赛中睡着#【斯诺克比赛中睡着，英国名将致歉：是新冠后遗症】#马克威廉姆斯为比赛中睡着致歉#11月28日，2021年斯诺克英国锦标赛第二轮，名将@马克·威廉姆斯MarkWilliams 在比赛中睡着，最终负于对手遭淘汰。他赛后向球迷致歉，表示在比赛中突感疲惫，或与新冠后遗症有关，“作 ​​​,157.0,0.0,0.0,0.025423728813559324,157.0
L35swuAiw,mainstream,risk,"【#中国团队新冠后遗症研究#：出院近一年，仍会呼吸急促、抑郁】感染新冠肺炎一年后，新冠患者们怎么样了？武汉协和医院的研究团队给出了最新研究成果。

11月23日，中国《医学前沿》期刊刊登了一篇华中科技大学同济医学院附属协和医院（简称武汉协和医院）团队发表的论文。研究发现，即便是非重症患者 ​​​",148.0,0.006756756756756757,0.0,0.016260162601626018,49.333333333333336
K3H7OmyrU,mainstream,risk,【#英国18岁学生报名新冠人体挑战试验#：愿承担一切风险】据《卫报》报道，英国一名18岁少年主动报名参加新冠病毒“人体挑战试验”。他承认无法预判试验可能带来的风险，也对可能产生的后遗症等情况感到担忧，但他表示“愿意承担一切风险”。他原计划于2020年9月入读伦敦大学癌症生物医学专业，目前已 ​​​,149.0,0.0,0.0,0.032520325203252036,74.5
K3GhSkCCh,mainstream,risk,【#世卫专家提醒重视新冠造成的长期影响#】世界卫生组织欧洲区域办事处主任克卢格25日说，近来欧洲地区新冠感染率总体呈下降趋势，但世卫组织关注到“新冠后遗症”对健康等方面造成的长期影响，将其视为“后疫情”时期的首要任务。克卢格当天在哥本哈根召开的线上新闻发布会上说，十分之一的欧洲新冠患 ​​​,146.0,0.0,0.0,0.0078125,146.0
K3GR89jYx,wemedia,risk,【#世卫专家提醒重视新冠造成的长期影响#】世界卫生组织欧洲区域办事处主任克卢格25日说，近来欧洲地区新冠感染率总体呈下降趋势，但世卫组织关注到“新冠后遗症”对健康等方面造成的长期影响，将其视为“后疫情”时期的首要任务。克卢格当天在哥本哈根召开的线上新闻发布会上说，十分之一的欧洲新冠患 ​​​,146.0,0.0,0.0,0.0078125,146.0
MdpQMaWpa,mainstream,risk,"早安，这里是2022年11月4日的#科技早新闻#

#美国近2400万人患长期新冠后遗症#
当地时间2日，根据美国疾病控制与预防中心的数据，美国近2400万名成年人患有“长期新冠”后遗症。其中，西弗吉尼亚州报告“长期新冠”症状的比例最高，达49%，佛蒙特州的比例最低，为22%。

基于对灵长类动物的研究，研究 ​​​",159.0,0.0,0.0,0.06779661016949153,79.5
LFpUP7KSH,mainstream,risk,【#新冠灭活疫苗首次获批用于6月龄及以上儿童#】8月4日，经香港特别行政区医务卫生局批准，6个月至3岁幼儿可以开始接种中国科兴新冠疫苗克尔来福。家长或监护人8月4日上午9时起可通过网上预约系统，为幼童预约接种科兴疫苗。政府相关部门负责人表示：第五波疫情中出现儿童死亡和重症案例。近日一名幼童 ​​​,149.0,0.0,0.0,0.05970149253731343,49.666666666666664
Lstbqb0gH,mainstream,risk,【上海新增228例本土确诊和1259例本土无症状】据上海市卫健委：5月10日0—24时，上海新增本土新冠肺炎确诊病例228例和无症状感染者1259例，其中198例确诊病例为既往无症状感染者转归，30例确诊病例和1259例无症状感染者在隔离管控中发现。新增本土死亡7例。平均年龄87.3岁，最小年龄75岁，最大年龄98岁 ​​​,163.0,0.0,0.0,0.11904761904761904,81.5
LrqWp61qo,mainstream,risk,#同心守沪抗疫#【#上海新增本土死亡病例16例均未接种过新冠疫苗#】5月4日，上海市举行第173场上海市新冠肺炎疫情防控新闻发布会。会上，上海市卫生健康委副主任赵丹丹介绍疫情防控的相关情况。截至5月3日24时，上海在定点医疗机构接受治疗的重型患者486例、危重型95例。5月3日，上海新增本土死亡病例16 ​​​,156.0,0.0,0.0,0.09230769230769231,52.0
Lqw8npCOq,mainstream,risk,#同心守沪抗疫#【上海卫健委：#奥密克戎对未接种疫苗有慢性基础性疾病的老年人危害非常大#】在今天上午的上海市新冠肺炎疫情防控新闻发布会上，上海市卫生健康委副主任赵丹丹介绍，截至目前，上海市60岁及以上老年人累计完成新型冠状病毒疫苗全程接种超360万人，全程接种率62%，完成加强免疫接种超220 ​​​,151.0,0.0,0.0,0.03125,151.0
Lq2bcoHPW,mainstream,risk,【上海新增2472例本土确诊病例和16983例本土无症状感染者】4月24日0—24时，上海新增本土新冠肺炎确诊病例2472例和无症状感染者16983例，其中846例确诊病例为此前无症状感染者转归，1557例确诊病例和16835例无症状感染者在隔离管控中发现，其余在相关风险人群排查中发现。新增本土死亡病例51例。平均年 ​​​,163.0,0.0,0.0,0.0967741935483871,81.5
LpU7vhpfK,mainstream,risk,【#上海昨日新增本土死亡病例39例#，均未接种过新冠疫苗】4月24日上午举行的上海举行新冠肺炎疫情防控工作新闻发布会上，上海市卫生健康委副主任赵丹丹发布，4月23日，上海市新增1401例新冠肺炎本土确诊病例和19657例本土无症状感染者。4月23日，新增本土死亡病例39例，平均年龄78.7岁，最大年龄98岁。 ​​​,159.0,0.0,0.0,0.09448818897637795,79.5
LpKhfg9q1,mainstream,risk,"【#上海现有接受治疗重型患者157例# 危重型患者18例】记者从今天（23日）举行的上海市疫情防控新闻发布会上获悉，截至4月22日24时，在定点医疗机构接受治疗的重型患者157例、危重型患者18例。

4月22日，#上海新增本土死亡病例12例#。平均年龄88.2岁，最大年龄99岁。12位患者均合并有严重的慢性多脏器 ​​​",162.0,0.0,0.0,0.11290322580645161,54.0
LpJi744Zp,mainstream,risk,【上海新增2736例本土确诊和20634例本土无症状】4月22日0—24时，上海新增本土新冠肺炎确诊病例2736例和无症状感染者20634例，其中1120例确诊病例为此前无症状感染者转归，1542例确诊病例和20490例无症状感染者在隔离管控中发现，其余在相关风险人群排查中发现。新增本土死亡12例。平均年龄88.2岁，最 ​​​,165.0,0.0,0.0,0.10655737704918032,82.5
L35d87J1a,mainstream,risk,"【#中国团队新冠后遗症研究#：出院近一年，仍会呼吸急促、抑郁】感染新冠肺炎一年后，新冠患者们怎么样了？武汉协和医院的研究团队给出了最新研究成果。
11月23日，中国《医学前沿》期刊刊登了一篇华中科技大学同济医学院附属协和医院（简称武汉协和医院）团队发表的论文。研究发现，即便是非重症患者 ​​​",147.0,0.006802721088435374,0.0,0.016260162601626018,49.0
KDpP4xwdB,mainstream,risk,【需警惕！#儿童新冠后遗症可能被严重低估#】近日以色列的相关调查及临床实践表明，新冠肺炎对儿童的威胁可能被严重低估，儿童感染新冠病毒后可能面临多种长期、严重的后遗症，且这些后遗症的诊断和治疗都需要进一步研究。施耐德儿童医疗中心医生、传染病专家阿什肯纳齐·霍夫农称在来医院就诊的儿童后 ​​​,145.0,0.006896551724137931,0.0,0.0,72.5
K8UbJmQvN,mainstream,risk,"【我国科学家新发现：#新冠患者出院后普遍有胃肠后遗症#】4月1日，记者从中山大学附属第六医院获悉，该院兰平教授团队近日在《柳叶刀》子刊Lancet Gastroenterology & Hepatology上，发表了一项关于“新冠肺炎患者出院后90天的胃肠后遗症”的研究成果。

去年4月，兰平教授团队针对“武汉以外新冠肺炎 ​​​",166.0,0.0,0.009009009009009009,0.036036036036036036,166.0
K3GGCACtq,mainstream,risk,【世卫#专家提醒重视新冠造成的长期影响#】世界卫生组织欧洲区域办事处主任克卢格25日说，近来欧洲地区新冠感染率总体呈下降趋势，但世卫组织关注到“新冠后遗症”对健康等方面造成的长期影响，将其视为“后疫情”时期的首要任务。克卢格当天在哥本哈根召开的线上新闻发布会上说，十分之一的欧洲新冠患 ​​​,146.0,0.0,0.0,0.0078125,146.0
JqCxO9L2M,mainstream,risk,"#早安#这里是2020年10月24日的#科技早新闻#

近日，日本国立国际医疗研究中心对新冠治愈患者的后遗症情况进行了跟踪调查。结果显示，部分治愈患者出现了脱发、气喘和长时间嗅觉失灵等后遗症。#新冠痊愈后可能会脱发#

近日，考古人员在青岛胶州湾外围海域发现1处一战时期大型沉舰遗址，采集到100余件文 ​​​",155.0,0.0,0.0,0.03937007874015748,77.5
MafRTfZjj,wemedia,risk,【吴尊友：#新冠后遗症可持续数周数月甚至更长时间# 】10月13日，中国疾控中心流行病学首席专家吴尊友表示，新冠后遗症又叫新冠长期症状，新冠后遗症通常发生在感染新冠发病后的3个月内，可以是急性感染康复后出现某些新症状，或者原先急性感染期某些症状持续存在，症状至少持续2个月，可以反复发生， ​​​,148.0,0.0,0.0,0.03125,148.0
KaGpj7NHj,wemedia,risk,【#世卫称有望在几个月内控制新冠疫情# #世卫警告新冠肺炎不是流感#】周一，世界卫生组织总干事谭德塞在新闻发布会上再次警告称，一些年轻人对感染新冠病毒不以为然，但事实上有年轻健康的患者死于新冠肺炎。即使是对于康复者而言，新冠病毒也可能造成诸多长期后遗症。但谭德塞仍强调，只要各国保证公 ​​​,146.0,0.0,0.0,0.0,73.0
Jb0RFwl5D,wemedia,risk,【#新冠肺炎会让人丢失嗅觉味觉#吗？】味觉和嗅觉改变是一种新冠后遗症吗？事实上，就算你没有出现发热、干咳等新冠肺炎典型症状，然后突然发现自己在闻东西或者进食时嗅觉能力下降、甚至失去了嗅觉，那可就要小心了。你最好立即自我隔离，并应该检测是否已经感染新冠病毒。专家的建议是，大部分的嗅觉 ​​​,145.0,0.013793103448275862,0.015873015873015872,0.0,36.25
MmHDzreq5,mainstream,risk,【#杭州不少人阳后出现妇科问题#】 近期，不少“阳过”的女性，又有了新烦恼：在杭州市第一人民医院妇科，最近因为月经失调、白带异常来看病的患者也不少，很多人都表示，自己在“阳过”后，出现了各种妇科问题，不知道算不算新冠的后遗症。究竟和“阳了”有没有关系？发布了头条文章：《“阳过”后月 ​​​,145.0,0.006896551724137931,0.008695652173913044,0.0,72.5
Mmhnt2EN0,mainstream,risk,【奥密克戎七问七答：#元旦聚餐旅行会二次感染吗#？】临近元旦，部分地方新增感染者仍处于快速增长期，#国内是否会产生新的变异株#？很多患者转阴后，仍然存在咳嗽、嗅觉味觉减退等症状，这属于后遗症吗？假期聚餐旅行会二次感染吗？感染新冠会变“白肺“ 吗？我们该如何与新冠长期共存?  ​​​,141.0,0.0425531914893617,0.008695652173913044,0.0,23.5
MkK4WlIQQ,mainstream,risk,"【#阳性后味觉嗅觉减退多久能恢复#？】“发烧、浑身酸痛的症状消失后，还是闻不到味道，喝醋都感觉没有酸味，我这是咋了？”近期多位网友在社交媒体平台上反映，感染康复后出现味觉、嗅觉减退的症状，有人2-3天自动恢复了，但有人已经持续了近一周。
专家表示，这并非是新冠后遗症，综合国外各项研究显 ​​​",147.0,0.013605442176870748,0.00819672131147541,0.01639344262295082,49.0
N18x3wTOP,mainstream,risk,【#中科院院士高福：长新冠是基本事实，感染次数越多，后遗症风险越高#】一直以来，关于“长新冠”是否存在都有较多争议。高福认为，长新冠是一个基本事实，不要回避，不要因为长新冠可能对人类有影响就不敢讲，这不是科学的态度。“感染次数越多，后遗症风险越高，这是有临床数据的，所以病人该诊断要 ​​​,145.0,0.0,0.0,0.0,72.5
MhAp861rI,wemedia,risk,"【#新华社科普长新冠#】新华社11月25日文章：随着全球新冠病毒感染基数持续扩大，欧美等国越来越多的人受到“长新冠”困扰。“长新冠”让人们意识到，新冠病毒感染不仅仅是急性事件，其后较长时间内的一系列症状无论对于个体健康影响还是公共卫生负担，均不容忽视。

　　如何定义

　　“长新冠”通常 ​​​",149.0,0.0,0.0,0.01694915254237288,74.5
Maf0vrvtN,wemedia,risk,#新冠后遗症可持续数周数月甚至更长时间# 【吴尊友：新冠后遗症覆盖范围广 症状可持续数周、数月甚至更长时间】10月13日，在国务院联防联控机制新闻发布会上，中国疾控中心流行病学首席专家吴尊友表示，新冠后遗症又叫新冠长期症状，世界卫生组织在2021年10月份给出的临床定义，新冠后遗症通常发生在感 ​​​,151.0,0.0,0.0,0.03125,151.0
Lxxz961yR,mainstream,risk,【梅西现身说法！远离新冠，球员必须自我保护】刚结束的赛季，梅西经历了职业生涯16个赛季以来的最低谷。他整个赛季仅出场34次射入11球，在联赛仅入球6个。上次梅西在联赛入球数没有达到两位数，还是遥远的2005/06赛季，当时他才18岁。谈及这个最低谷的赛季，梅西坦承感染新冠带来的后遗症影响了他的肺 ​​​,152.0,0.006578947368421052,0.007874015748031496,0.05511811023622047,38.0
LvxQt4qcx,mainstream,risk,【#梅西谈新冠后遗症# 曾一个半月不能跑步】日前，梅西在接受阿根廷媒体采访时透露，新冠后遗症对自己影响很大，“我的症状和大多数人都差不多，先是咳嗽、喉咙痛、发烧，后来我的肺部有了后遗症，甚至一度无法训练，有一个半月的时间连跑步都困难。” #梅西专访#​ http://t.cn/A6Xl3Ebb ​​​,151.0,0.0,0.027522935779816515,0.01834862385321101,151.0
Lvs0potAh,mainstream,risk,"梅西：离开巴萨那天我哭了，新冠后遗症让我一个月无法跑步

在阿根廷媒体TYC专访中，梅西对过去的一个赛季进行回顾。谈及离开巴萨，梅西表示：“在巴塞罗那，我拥有一切。我很小的时候就离开了罗萨里奥来到了那里。我在巴塞罗那生活的时间比在阿根廷还要多。事实是，我没有离开或改变任何事情的计划。 ​​​",146.0,0.0,0.048,0.0,29.2
JyiNhpYEk,mainstream,risk,"#f1# 【汉密尔顿曝仍有新冠后遗症：肺不舒服】汉密尔顿在阿布扎比大奖赛迎来感染新冠后的复出首秀，仅获得排位赛第三，而赛后新闻发布会上，汉密尔顿透露尽管新冠检测是阴性，可自己还没有完全摆脱新冠后遗症，而这次成为确诊病例，也让自己深刻体会到新冠病毒有多可怕。
汉密尔顿赛后表示虽然自己现在 ​​​",147.0,0.0,0.0234375,0.0078125,147.0
LqE8ot5GG,mainstream,risk,【上海新增本土5487+9545，新增本土死亡52例】上海市卫健委今早（29日）通报：2022年4月28日0—24时，新增本土新冠肺炎确诊病例5487例和无症状感染者9545例，其中5062例确诊病例为既往无症状感染者转归，418例确诊病例和9444例无症状感染者在隔离管控中发现，其余在相关风险人群排查中发现。新增境外输 ​​​,165.0,0.0,0.0,0.11570247933884298,165.0
MnUOT2xb6,mainstream,risk,【“阳康”后超25%人群患有睡眠障碍？#睡眠出现问题的三大表现#】#关灯后30分钟内睡不着或有睡眠问题# 专家表示，睡眠不好有个标准：当躺在床上关灯后，如果超过30分钟还睡不着的话，或已经具有入睡困难的问题。或者在起夜后30分钟仍无法入睡，或为睡眠维持困难。早醒同样为失眠表现。全球有数据研究显 ​​​,151.0,0.006622516556291391,0.0,0.03225806451612903,37.75
MmrPqDHBW,mainstream,risk,【#感染新冠后为什么会脱发#？】#专家说感染新冠后脱发比较普遍# 近日，有网友表示在感染新冠后出现了脱发的现象。新冠感染后为什么会出现脱发？脱发是新冠感染的后遗症吗？多长时间可以恢复？清华大学附属北京清华长庚医院皮肤科副主任医师段晓涵表示：感染新冠之后出现脱发的情况，是比较普遍的。感 ​​​,146.0,0.0273972602739726,0.0,0.0,24.333333333333332
JcZAeapXZ,mainstream,risk,#张伯礼提醒新冠康复者不要感冒#【张伯礼院士提醒新冠康复者：今冬明秋注意不要再感冒】张伯礼院士在接受长江日报记者专访时表示：遗症较多或者复杂，需要的时间可能长些，按照现在恢复速度估计，可能需要一年左右的时间才能完全恢复，例如肺部纤维化、肾脏功能损伤等这样的问题。所以我也要呼吁一下新 ​​​,145.0,0.0,0.007751937984496124,0.0,145.0
MgkW5oxI5,mainstream,risk,"脑雾是一致认知的障碍。30岁男士得新冠后遗脑雾、健忘、眩晕……该如何处理？使患者认为”针灸是我唯一的治疗办法“，快来看最近王天俊（伦敦中医针灸学院院长）关于脑雾的分享的这篇文章，供大家学习思考👉http://t.cn/A6KLvEd1《新冠后遗脑雾的脑病针灸治疗》 
[虎爪比心]更多文章讲座推荐学习⬇️ ​​​",156.0,0.00641025641025641,0.008771929824561403,0.02631578947368421,78.0
M3r2B94Sw,mainstream,risk,"王天俊 #神经针灸初级班 #QH特训营 满人即开课！！🔥🔥戳http://t.cn/A6S7DeFX马上进入了解[融化]
课程精讲中风、帕金森病、老年痴呆多发性硬化病、小儿脑瘫等针灸治疗方法！以针灸临床治疗为重点，兼顾理论和研究！学过的师兄师姐都说好！[鼓掌]

👉 治疗新冠后遗症耳鸣患者一次治疗基本完全好 ​​​",158.0,0.03164556962025317,0.0,0.017857142857142856,31.6
KfucS3PBw,mainstream,risk,"每日#岐黄医案# 想知道经络循诊有什么厉害之处吗[嘻嘻]要知道找到能和身体对话的正确窗口很重要[来][来]来看看叶柳忠教授怎么说的👇

周日下午波兰一学员，新冠后遗症，味觉，嗅觉丧失[吃惊][吃惊]
会诊当时，12经都走遍了，仅能达到0. 5左右的改善度。
她近乎绝望的[泪]
没想到，坚持我给的穴位按摩 ​​​",156.0,0.0,0.008264462809917356,0.024793388429752067,156.0
K2ORGmvfQ,wemedia,risk,【中疾控主任：#新冠肺炎可能成为长期流行的传染病#】在最新发布的中疾控周报中，中国疾病预防控制中心主任高福表示，展望未来，2021年依旧有许多不确定因素，其中之一就是新冠肺炎或将成为全球或局部地区长期流行的传染性疾病。此外，新冠肺炎的许多新特征被陆续报出，比如被感染的患者可能将面对长期 ​​​,147.0,0.0,0.0,0.0078125,147.0
LjGIIoGvb,wemedia,risk,【#牛津大学研究发现新冠病毒或加速大脑萎缩#】据外媒报道，英国牛津大学发表在《自然》杂志上的一项研究表明，#新冠病毒可能导致大脑萎缩#。一些新冠患者会出现包括注意力、专注力、信息处理速度下降和记忆力受损等情况。研究人员表示，这些影响是否可以部分逆转，或者是否会长期存在，还需进一步调查 ​​​,146.0,0.0,0.0,0.0,73.0
MmsxA1PRc,mainstream,risk,【感染新冠后为什么会脱发？】 近日，有网友表示在感染新冠后出现了脱发的现象。新冠感染后为什么会出现脱发？脱发是新冠感染的后遗症吗？多长时间可以恢复？清华大学附属北京清华长庚医院皮肤科副主任医师段晓涵表示：感染新冠之后出现脱发的情况，是比较普遍的。感染新冠后，病毒可能会引起毛囊周围 ​​​,144.0,0.027777777777777776,0.0,0.0,24.0
LuKrMw8co,mainstream,risk,【上海新增本土确诊病例48例、无症状感染者290例】2022年5月25日0—24时，上海新增本土新冠肺炎确诊病例48例和无症状感染者290例，其中31例确诊病例为既往无症状感染者转归，17例确诊病例和290例无症状感染者在隔离管控中发现。新增本土死亡1例。患者女性，63岁，合并有急性消化道大出血、脑外伤后遗症 ​​​,159.0,0.0,0.0,0.11023622047244094,79.5
LurFF9Rcc,mainstream,risk,【上海新增本土确诊58例、无症状感染者422例】2022年5月23日0—24时，上海新增本土新冠肺炎确诊病例58例和无症状感染者422例，其中39例确诊病例为既往无症状感染者转归，19例确诊病例和422例无症状感染者在隔离管控中发现。新增本土死亡1例，患者女性，85岁，合并有高血压3级（极高危）、脑梗死后遗症 ​​​,159.0,0.0,0.0,0.12,159.0
Lst3EvJoE,mainstream,risk,【上海新增228例本土确诊和1259例本土无症状】据上海市卫健委：5月10日0—24时，上海新增本土新冠肺炎确诊病例228例和无症状感染者1259例，其中198例确诊病例为既往无症状感染者转归，30例确诊病例和1259例无症状感染者在隔离管控中发现。新增本土死亡7例。平均年龄87.3岁，最小年龄75岁，最大年龄98岁 ​​​,163.0,0.0,0.0,0.11904761904761904,81.5
LqutJ6c39,mainstream,risk,【上海新增1292例本土确诊病例和9330例本土无症状感染者】4月27日0—24时，上海新增本土新冠肺炎确诊病例1292例（含既往无症状感染者转为确诊病例858例）和无症状感染者9330例，432例确诊病例和9140例无症状感染者在隔离管控中发现，其余在相关风险人群排查中发现。新增本土死亡47例。平均年龄84.7岁， ​​​,163.0,0.0,0.0,0.10483870967741936,81.5
Lq2e0eaXd,mainstream,risk,【上海新增2472例本土确诊病例和16983例本土无症状感染者】4月24日0—24时，上海新增本土新冠肺炎确诊病例2472例和无症状感染者16983例，其中846例确诊病例为此前无症状感染者转归，1557例确诊病例和16835例无症状感染者在隔离管控中发现，其余在相关风险人群排查中发现。新增本土死亡病例51例。平均年 ​​​,163.0,0.0,0.0,0.0967741935483871,81.5
LpJqoxl3R,mainstream,risk,"【上海新增本土确诊2736例无症状20634例】4月22日0—24时，上海新增本土新冠肺炎确诊病例2736例和无症状感染者20634例，其中1120例确诊病例为此前无症状感染者转归，1542例确诊病例和20490例无症状感染者在隔离管控中发现，其余在相关风险人群排查中发现。
#上海22日新增本土死亡12例# 4月22日0—24时 ​​​",169.0,0.0,0.0,0.13934426229508196,169.0
K2OMdDVu9,mainstream,risk,【中疾控主任：#新冠肺炎可能成为长期流行的传染病#】在最新发布的中疾控周报中，中国疾病预防控制中心主任高福表示，展望未来，2021年依旧有许多不确定因素，其中之一就是新冠肺炎或将成为全球或局部地区长期流行的传染性疾病。此外，新冠肺炎的许多新特征被陆续报出，比如被感染的患者可能将面对长期 ​​​,147.0,0.0,0.0,0.0078125,147.0
KaG83sZLD,wemedia,risk,【#世卫称有望在几个月内控制新冠疫情# 】周一，世界卫生组织总干事谭德塞在新闻发布会上再次警告称，一些年轻人对感染新冠病毒不以为然，但事实上有年轻健康的患者死于新冠肺炎。即使是对于康复者而言，新冠病毒也可能造成诸多长期后遗症。但谭德塞仍强调，只要各国保证公平疫苗接种，全面做好公共卫 ​​​,145.0,0.0,0.0,0.0,72.5
K2QQyFD6F,wemedia,risk,【中疾控主任：#新冠肺炎可能成为长期流行的传染病#】在最新发布的中疾控周报中，中国疾病预防控制中心主任高福表示，展望未来，2021年依旧有许多不确定因素，其中之一就是新冠肺炎或将成为全球或局部地区长期流行的传染性疾病。此外，新冠肺炎的许多新特征被陆续报出，比如被感染的患者可能将面对长期 ​​​,147.0,0.0,0.0,0.0078125,147.0
MmrpPeEn8,mainstream,risk,【#感染新冠后为什么会脱发#？】#专家说感染新冠后脱发比较普遍# 近日，有网友表示在感染新冠后出现了脱发的现象。新冠感染后为什么会出现脱发？脱发是新冠感染的后遗症吗？多长时间可以恢复？清华大学附属北京清华长庚医院皮肤科副主任医师段晓涵表示：感染新冠之后出现脱发的情况，是比较普遍的。感 ​​​,146.0,0.0273972602739726,0.0,0.0,24.333333333333332
MkVDXpo46,mainstream,risk,【#感染奥密克戎会不会留后遗症#？】#阳康后应注意什么#首都医科大学附属北京朝阳医院副院长、北京市呼吸疾病研究所所长童朝晖：医学上对后遗症定义是某些器官组织损害以后，功能不能恢复或者部分恢复。感染新冠后某一段时间内存在的症状，比如：患病后，患者在一段时间内还会憋气、咳嗽，但是随着时间 ​​​,146.0,0.00684931506849315,0.0,0.0,73.0
LsmSaouNn,mainstream,risk,【#后遗症持续困扰部分日本新冠康复者#】据日本共同社8日援引日本厚生劳动省一个研究组的研究结果报道，日本国内因出现新冠感染症状而入院治疗的患者中，约10%在出院一年后仍受后遗症困扰。最常见的三种后遗症依次为肌肉力量变弱、呼吸困难和嗜睡，其他后遗症还包括嗅觉与味觉失常等。部分患者同时出现 ​​​,147.0,0.0,0.0,0.015267175572519083,73.5
LquGteS0E,mainstream,risk,【上海新增1292例本土确诊病例和9330例本土无症状感染者】#上海27日新增本土死亡病例47例# 4月27日0—24时，上海新增本土新冠肺炎确诊病例1292例（含既往无症状感染者转为确诊病例858例）和无症状感染者9330例，432例确诊病例和9140例无症状感染者在隔离管控中发现，其余在相关风险人群排查中发现。新 ​​​,163.0,0.0,0.0,0.10483870967741936,163.0
Lq3srfP0C,mainstream,risk,"【上海：重型患者196例 危重型患者23例 新增本土死亡病例51例】25日，上海市举行疫情防控新闻发布会。会上介绍，截至4月24日24时，在定点医疗机构接受治疗的重型患者196例、危重型患者23例。
4月24日，新增本土死亡病例51例。平均年龄84.2岁，80岁以上高龄老人共37位，最大年龄100岁。51位患者基础疾病 ​​​",164.0,0.0,0.0,0.13709677419354838,41.0
Lq2mij5As,mainstream,risk,【上海新增2472例本土确诊病例和16983例本土无症状感染者】4月24日0—24时，上海新增本土新冠肺炎确诊病例2472例和无症状感染者16983例，其中846例确诊病例为此前无症状感染者转归，1557例确诊病例和16835例无症状感染者在隔离管控中发现，其余在相关风险人群排查中发现。新增本土死亡病例51例。平均年 ​​​,163.0,0.0,0.0,0.0967741935483871,81.5
LpT0ZxbtS,mainstream,risk,"【#上海新增本土确诊1401例无症状19657例#】上海市卫健委通报： 4月23日0—24时，上海新增本土新冠肺炎确诊病例1401例和无症状感染者19657例，其中541例确诊病例为此前无症状感染者转归，816例确诊病例和19421例无症状感染者在隔离管控中发现，其余在相关风险人群排查中发现。
新增本土死亡39例。平均 ​​​",164.0,0.0,0.0,0.09917355371900827,82.0
LjH6scc6j,mainstream,risk,【#牛津大学研究发现新冠病毒或加速大脑萎缩#】据外媒报道，英国牛津大学发表在《自然》杂志上的一项研究表明，#新冠病毒可能导致大脑萎缩#。一些新冠患者会出现包括注意力、专注力、信息处理速度下降和记忆力受损等情况。研究人员表示，这些影响是否可以部分逆转，或者是否会长期存在，还需进一步调查 ​​​,146.0,0.0,0.0,0.0,73.0
KaGwSqzLB,mainstream,risk,【#世卫称有望在几个月内控制新冠疫情#：#世卫警告新冠肺炎不是流感#】周一，世界卫生组织总干事谭德塞在新闻发布会上再次警告称，一些年轻人对感染新冠病毒不以为然，但事实上有年轻健康的患者死于新冠肺炎。即使是对于康复者而言，新冠病毒也可能造成诸多长期后遗症。但谭德塞仍强调，只要各国保证公 ​​​,146.0,0.0,0.0,0.0,73.0
K3GmTsDTp,mainstream,risk,【#专家提醒重视新冠造成的长期影响#】世界卫生组织欧洲区域办事处主任克卢格25日说，近来欧洲地区新冠感染率总体呈下降趋势，但世卫组织关注到“新冠后遗症”对健康等方面造成的长期影响，将其视为“后疫情”时期的首要任务。克卢格当天在哥本哈根召开的线上新闻发布会上说，十分之一的欧洲新冠患者愈 ​​​,146.0,0.0,0.0,0.0078125,146.0
K0xm5jXIY,mainstream,risk,#国是论坛#【日本最新研究：#新冠病毒会导致嗅觉组织脱落#，建议用中药治疗】据日本《每日新闻》5日报道，东京大学的一项最新研究显示，患者感染新冠病毒后，即使少量的病毒也会导致鼻腔内部的嗅觉组织——嗅上皮脱落，从而引发嗅觉障碍。京大学另一个团队的最新研究结果显示，出现症状约2个月后、核酸 ​​​,147.0,0.0,0.0,0.016129032258064516,147.0
M72zw8jfG,mainstream,risk,"【#今日美国#】30年期房贷利率逼近6.3%  更多潜在买家被迫离场
美豪宅市场急剧降温  大幅降价仍无人问津
二手房销量继续减少  8月份美西部降幅最大
感染新冠脑损伤风险高  后遗症影响660万美国人
特朗普谈解密敏感文件  称只要他想一下就行了
特斯拉发现车窗有故障  紧急召回上百万问题车
联航客机液压 ​​​",159.0,0.0,0.0,0.03125,159.0
KtNsZ0C42,mainstream,risk,"【#智商下降明显# 】美国最新研究：疫情期间出生儿童智商下降明显
【侨报网综合讯】根据美国卫生与公共服务部（HHS）的统计数据，美国儿童新冠住院病例14日增至1902例，创疫情暴发以来新高。雪上加霜的是，此前就有个案显示新冠后遗症会影响青少年的认知、学习能力，而最新研究发现，在新冠疫情期间出 ​​​",150.0,0.0,0.0,0.01639344262295082,150.0
Kt1XhnVXR,mainstream,risk,"【#突发美国# 】上完课第二天就忘！美国部分青少年称患上新冠后遗症

近日，美国研究显示，一些感染过新冠病毒的青少年患上了长期的后遗症，轻症患儿则可能面临认知障碍等疾病。#美国部分青少年称患上新冠后遗症# #美国疫情# #新冠病毒最可怕的后遗症# #关注新冠肺炎# http://t.cn/A6IVhxtg  ​​​",158.0,0.006329113924050633,0.0,0.008849557522123894,79.0
KqE8J8I7w,mainstream,risk,"【#联邦将提供援助# 】拜登：新冠长期后遗症可能致残，联邦将提供援助
【侨报特约记者严添7月26日华盛顿报道】拜登总统周一在《美国残疾人法》立法31周年纪念仪式上表示，新冠长期后遗症患者可能符合民权法对残疾的认定标准，联邦政府将提供相关的保护和援助。

根据研究表明，有20%以上的新冠病毒感染 ​​​",151.0,0.0,0.0,0.032,151.0
Ka5i40N1u,mainstream,risk,"【#新冠长期后遗症# 】纽约市推出新冠长期后遗症患者支持计划
【侨报网报道】利斯·斯特恩（Lyss Stern）是一名新冠长期后遗症患者，这意味着她在感染后很长时间仍有症状。
据fox5报道，斯特恩表示：“我仍然有耳鸣，失眠，很难入睡，严重的头痛，完全的疲劳。我已经一年多没能锻炼了。”
斯特恩是在202 ​​​",156.0,0.0,0.017543859649122806,0.017543859649122806,52.0
JyJ9fCW9r,mainstream,risk,【纽约新冠互助小组：大家都在一条船上，你并不孤单】纽约地区是今年春季美国新冠疫情的“震中”，医护人员奋战在抗疫一线。第一波疫情中的患者痊愈后，仍受到生理上的后遗症及心理创伤折磨，纽约一些医护志愿者成立线上“互助小组”，为感染过新冠病毒的民众提供分享感受、相互支持的平台。，长岛某康 ​​​,144.0,0.0,0.0,0.0,72.0
JrxHCaBYz,mainstream,risk,"【#突发美国#】“信息传染病”淡化疫情特朗普是“罪魁祸首”？选民纠结 

美国北卡罗莱纳州居民安吉·达乌德因感染新冠病毒而住院16天，痊愈3个月后依然呼吸困难，还有其他后遗症。现在，她把向怀疑论者警告新冠的危险性作为自己的使命。
但达乌德很快发现她处于社交媒体的反击之下，她的共和党同胞告诉 ​​​",149.0,0.006711409395973154,0.008064516129032258,0.016129032258064516,49.666666666666664
LpSWu3uAk,mainstream,risk,【#上海新增本土确诊1401例无症状19657例#】 #上海23日新增本土死亡39例#上海市卫健委今早（24日）通报：2022年4月23日0—24时，新增本土新冠肺炎确诊病例1401例和无症状感染者19657例，其中541例确诊病例为此前无症状感染者转归，816例确诊病例和19421例无症状感染者在隔离管控中发现，其余在相关风险 ​​​,169.0,0.0,0.0,0.125,169.0
LoYy6F2VA,mainstream,risk,【#上海新增本土确诊2417例无症状19831例##上海新增本土死亡病例3例#】上海市卫健委通报：4月17日0—24时，上海新增本土新冠肺炎确诊病例2417例和无症状感染者19831例，其中853例确诊病例为此前无症状感染者转归，1409例确诊病例和19425例无症状感染者在隔离管控中发现，其余在相关风险人群排查中发现 ​​​,164.0,0.0,0.0,0.0975609756097561,164.0
Lq303Czau,mainstream,risk,【上海新增2472例本土确诊病例和16983例本土无症状感染者】#关注新冠肺炎#4月24日0—24时，上海新增本土新冠肺炎确诊病例2472例和无症状感染者16983例，其中846例确诊病例为此前无症状感染者转归，1557例确诊病例和16835例无症状感染者在隔离管控中发现，其余在相关风险人群排查中发现。新增本土死亡病 ​​​,163.0,0.0,0.0,0.08870967741935484,163.0
KaGnujtDZ,mainstream,risk,【#世卫称有望在几个月内控制新冠疫情# 】世界卫生组织总干事谭德塞周一表示，在一些已经解封的国家，尽管新冠病毒仍在快速传播，但餐馆和娱乐场所已是人满为患。有的人甚至会认为，只要年龄相对年轻，即使感染新冠病毒也不要紧。但事实上有年轻健康的患者死于新冠肺炎，并且我们仍不了解新冠肺炎的长 ​​​,145.0,0.0,0.0078125,0.0,72.5
K2Q8U0BCO,mainstream,risk,【中疾控主任：#新冠肺炎可能成为长期流行的传染病#】在最新发布的中疾控周报中，中国疾病预防控制中心主任高福表示，展望未来，2021年依旧有许多不确定因素，其中之一就是新冠肺炎或将成为全球或局部地区长期流行的传染性疾病。此外，新冠肺炎的许多新特征被陆续报出，比如被感染的患者可能将面对长期 ​​​,147.0,0.0,0.0,0.0078125,147.0
IuXy44Far,mainstream,risk,"#疫情联防联控实时播报# 【#云南首例新冠肺炎死亡病例#：72岁男性，患糖尿病等疾病】记者19日从云南省卫生健康委了解到，当日0时至12时，该省出现首例新冠肺炎死亡病例。死亡患者为72岁男性，云南玉溪人。
1月31日，该名患者因发热伴畏寒、咳嗽，至玉溪市人民医院发热门诊就诊后隔离观察，2月1日病毒核 ​​​",154.0,0.0,0.0,0.07142857142857142,77.0
J6fOZvJtB,mainstream,risk,【周知！#湖北新冠治愈者康复费用无需个人承担#】呼吸与危重症专家童朝晖：部分新冠肺炎重症和危重症患者，出院后留下一些后遗症，需要继续康复。但不少需要康复的患者，因担心费用问题，没有及时到医院进行康复治疗。现在我们联络组明晰了，湖北患者的康复费用不需要自己承担。（央视新闻）  ​​​,141.0,0.0070921985815602835,0.016666666666666666,0.0,35.25
MhC86jwk9,mainstream,risk,"【#新华社科普长新冠#】新华社11月25日文章：随着全球新冠病毒感染基数持续扩大，欧美等国越来越多的人受到“长新冠”困扰。“长新冠”让人们意识到，新冠病毒感染不仅仅是急性事件，其后较长时间内的一系列症状无论对于个体健康影响还是公共卫生负担，均不容忽视。

　　如何定义

　　“长新冠”通常 ​​​",149.0,0.0,0.0,0.01694915254237288,74.5
K2O7iyhvG,mainstream,risk,【中疾控主任：#新冠肺炎可能成为长期流行的传染病#】在最新发布的中疾控周报中，中国疾病预防控制中心主任高福表示，展望未来，2021年依旧有许多不确定因素，其中之一就是新冠肺炎或将成为全球或局部地区长期流行的传染性疾病。此外，新冠肺炎的许多新特征被陆续报出，比如被感染的患者可能将面对长期 ​​​,147.0,0.0,0.0,0.0078125,147.0
MmrO0y6Kq,mainstream,risk,【#感染新冠后为什么会脱发#？】#专家说感染新冠后脱发比较普遍# 近日，有网友表示在感染新冠后出现了脱发的现象。新冠感染后为什么会出现脱发？脱发是新冠感染的后遗症吗？多长时间可以恢复？清华大学附属北京清华长庚医院皮肤科副主任医师段晓涵表示：感染新冠之后出现脱发的情况，是比较普遍的。感 ​​​,146.0,0.0273972602739726,0.0,0.0,24.333333333333332
LaoFJ2t9Q,mainstream,risk,【张伯礼：#国外奥密克戎过半有持续症状或后遗症#，不能掉以轻心】#张伯礼谈奥密克戎初期症状#：有人说奥密克戎的症状不太重，像大号感冒，但其实还不一样。在国外有50%-60%出现持续症状或后遗症，而一般流感不会出现那么多，不能掉以轻心。（人民日报）#关注新冠肺炎##疫情防控##新生活新气象#     ​​​,153.0,0.0,0.0,0.017094017094017096,76.5
MmrZSEwcs,mainstream,risk,【#感染新冠后为什么会脱发#？】#专家说感染新冠后脱发比较普遍# 近日，有网友表示在感染新冠后出现了脱发的现象。新冠感染后为什么会出现脱发？脱发是新冠感染的后遗症吗？多长时间可以恢复？清华大学附属北京清华长庚医院皮肤科副主任医师段晓涵表示：感染新冠之后出现脱发的情况，是比较普遍的。感 ​​​,146.0,0.0273972602739726,0.0,0.0,24.333333333333332
M4OqinEOP,mainstream,risk,"#世界说#【美媒：“长期新冠”或抹去了美国超2%的劳动力 400万人因此失业 对美经济影响难以置信】 据美国广播公司当地时间9月5日报道，美国大量年轻就业者因患长期新冠后遗症而无法工作，正在对美国经济造成影响。

新冠大流行两年多以来，美国数百万的感染过新冠病毒的人表示他们仍然感觉不舒服。脑雾 ​​​",151.0,0.0,0.0,0.031496062992125984,75.5
Lrq3v0Rku,mainstream,risk,"#上海3日新增本土死亡病例16例#【上海：截至3日24时 在定点医疗机构接受治疗的重型患者486例、危重型95例】记者从今天（4日）举行的上海市疫情防控新闻发布会上获悉，截至5月3日24时，在定点医疗机构接受治疗的重型患者486例、危重型95例。
5月3日，新增本土死亡病例16例，平均年龄82.9岁。16位患者均 ​​​",161.0,0.0,0.0,0.13385826771653545,80.5
LqbCP3l87,mainstream,risk,【#上海新增本土确诊1661例无症状15319例#】上海市卫健委通报：4月25日0—24时，上海新增本土新冠肺炎确诊病例1661例和无症状感染者15319例，其中968例确诊病例为此前无症状感染者转归，675例确诊病例和15120例无症状感染者在隔离管控中发现，其余在相关风险人群排查中发现。#上海25日新增本土死亡52例 ​​​,165.0,0.0,0.0,0.10569105691056911,165.0
LpWUPt6uP,mainstream,risk,【日媒：#日本近一成新冠患者出院一年后仍有后遗症#】据共同社4月24日报道，日本厚生劳动省研究班23日在京都市举行的日本呼吸器官学会公布调查结果称，感染新冠病毒住院的患者中有约10%在出院一年后仍可能留有后遗症。这是分析了约700名新冠中等症状以上的患者后得出的结果。后遗症最多的症状为肌肉力 ​​​,150.0,0.0,0.0,0.03816793893129771,75.0
LpSKN9B3C,mainstream,risk,"【#上海新增本土确诊1401例和本土无症状19657例#】上海市卫健委通报： 4月23日0—24时，上海新增本土新冠肺炎确诊病例1401例和无症状感染者19657例，其中541例确诊病例为此前无症状感染者转归，816例确诊病例和19421例无症状感染者在隔离管控中发现，其余在相关风险人群排查中发现。
新增本土死亡39例 ​​​",164.0,0.0,0.0,0.09836065573770492,164.0
IxBHlaItb,mainstream,risk,"【口罩究竟还要戴多久？】谁也没有想到，口罩成为2020年度当之无愧的热销“年货”。大年初一到现在大家讨论的话题从“你买到口罩了吗？”到现在的“口罩究竟还要戴多久”转变。

这段时间，不少人的脸上都饱受折磨，长痘痘+过敏……

戴口罩后遗症怎么处理？

1、如果皮肤出现压痕，不要用力摩擦。如果 ​​​",150.0,0.02,0.0,0.017391304347826087,25.0
LpbwDcikF,wemedia,risk,"#哈铁微分享# 【#上海目前重型患者21例#】#关注新冠肺炎# 今天（19日）举行的上海市疫情防控新闻发布会消息，截至4月18日24时，在定点医疗机构接受治疗的重型患者有21例。

4月18日新增死亡病例7例，年龄从60岁到101岁，合并冠心病、糖尿病、高血压、脑梗后遗症、脑出血等严重的基础疾病，均未接种新冠 ​​​",159.0,0.0,0.0,0.09016393442622951,159.0
L35tW23V8,wemedia,risk,"#哈铁微分享# 【#中国团队新冠后遗症研究#：出院近一年，仍会呼吸急促、抑郁】感染新冠肺炎一年后，新冠患者们怎么样了？武汉协和医院的研究团队给出了最新研究成果。

11月23日，中国《医学前沿》期刊刊登了一篇华中科技大学同济医学院附属协和医院（简称武汉协和医院）团队发表的论文。研究发现，即 ​​​",149.0,0.006711409395973154,0.0,0.01652892561983471,49.666666666666664
KaH7tcR3w,wemedia,risk,#哈铁微分享# 【#世卫称有望在几个月内控制新冠疫情##世卫警告新冠肺炎不是流感#】周一，世界卫生组织总干事谭德塞在新闻发布会上再次警告称，一些年轻人对感染新冠病毒不以为然，但事实上有年轻健康的患者死于新冠肺炎。即使是对于康复者而言，新冠病毒也可能造成诸多长期后遗症。但谭德塞仍强调，只 ​​​,147.0,0.0,0.0,0.0,73.5
MlwIKmT5j,mainstream,risk,【#专家称重症白肺死亡率40%以上#，#专家称造成白肺的概率不是很高#】“白肺”也叫急性呼吸窘迫综合征（ARDS），一般指重症肺炎患者在X光或CT检查下的表现，肺部显影呈一大片的白色状而得名。临床表现为胸闷气短、呼吸不畅，白肺患者的血氧饱和度较低，因此会导致严重缺氧的结果。 ​​​,141.0,0.0,0.0,0.008849557522123894,70.5
JquSUahFh,mainstream,risk,【最新研究：感染#新冠痊愈后可能会脱发#[并不简单]】据日本放送协会(NHK)23日报道，近日，日本国立国际医疗研究中心对新冠治愈患者的后遗症情况进行了跟踪调查。此次调查对象共63人，平均年龄48.1岁。结果显示，部分治愈患者出现气喘和长时间嗅觉失灵等后遗症。而在针对其中58人的追加调查中，发现有1 ​​​,154.0,0.0,0.0,0.03968253968253968,51.333333333333336
MnfSbghRt,wemedia,risk,#阳康后脱发2至3个月可自行恢复#【#感染新冠后为什么会脱发#？】#专家说感染新冠后脱发比较普遍# 近日，有网友表示在感染新冠后出现了脱发的现象。新冠感染后为什么会出现脱发？脱发是新冠感染的后遗症吗？多长时间可以恢复？清华大学附属北京清华长庚医院皮肤科副主任医师段晓涵表示：感染新冠之后出 ​​​,148.0,0.02702702702702703,0.0,0.015625,29.6
K2QsjyUOS,wemedia,risk,【中疾控主任：#新冠肺炎可能成为长期流行的传染病#】在最新发布的中疾控周报中，中国疾病预防控制中心主任高福表示，展望未来，2021年依旧有许多不确定因素，其中之一就是新冠肺炎或将成为全球或局部地区长期流行的传染性疾病。此外，新冠肺炎的许多新特征被陆续报出，比如被感染的患者可能将面对长期 ​​​,147.0,0.0,0.0,0.0078125,147.0
MmoWSzgSi,mainstream,risk,#脱发是新冠感染的后遗症吗#【#感染新冠后出现脱发怎么办#？】近日，有网友表示在感染新冠后出现了脱发的现象。新冠感染后为什么会出现脱发？脱发是新冠感染的后遗症吗？多长时间可以恢复？清华大学附属北京清华长庚医院皮肤科副主任医师段晓涵表示，病毒有可能引起毛囊周围的炎症反应，此外，焦虑、休 ​​​,146.0,0.0273972602739726,0.0,0.0,29.2
LqF2zEbFn,mainstream,risk,"【#上海昨日新增本土死亡病例52例#，平均年龄84.02岁，均未接种新冠疫苗】4月29日上午，上海举行新冠肺炎疫情防控新闻发布会，市卫生健康委副主任赵丹丹赵丹丹介绍，截至4月28日24时，在定点医疗机构接受治疗的重型患者318例、危重型52例。

4月28日，新增本土死亡病例52例，平均年龄84.02岁。52位患者 ​​​",162.0,0.0,0.0,0.112,81.0
IDhme2nQP,mainstream,risk,#新加坡首次公布患者肺部扫描影像 #【新加坡医疗报告首次公布扫描影像 新冠肺炎患者肺部出现“碎石路”阴影】据新加坡《联合早报》14日报道，来自樟宜综合医院的研究团队日前针对当地新冠肺炎患者的肺部造影（imaging）进行分析后将研究报告于本月初在《新加坡医疗期刊》上发表。报告首次公开当地一名5 ​​​,151.0,0.0,0.0,0.016129032258064516,151.0
LurMrDRos,mainstream,risk,【上海新增本土确诊58例、无症状感染者422例】2022年5月23日0—24时，上海新增本土新冠肺炎确诊病例58例和无症状感染者422例，其中39例确诊病例为既往无症状感染者转归，19例确诊病例和422例无症状感染者在隔离管控中发现。新增本土死亡1例，患者女性，85岁，合并有高血压3级（极高危）、脑梗死后遗症 ​​​,159.0,0.0,0.0,0.12,159.0
LsVf5f3lc,mainstream,risk,【上海新增本土确诊194例和本土无症状1487例】据上海市卫健委：5月13日0—24时，上海新增本土新冠肺炎确诊病例194例和无症状感染者1487例，其中140例确诊病例为既往无症状感染者转归，54例确诊病例和1486例无症状感染者在隔离管控中发现。新增本土死亡1例。该患者为84岁男性，合并有心律失常、高血压、 ​​​,160.0,0.0,0.0,0.104,80.0
LsLOYnqSB,mainstream,risk,【上海新增227例本土确诊病例和1869例本土无症状感染者】5月12日0—24时，上海新增本土新冠肺炎确诊病例227例和无症状感染者1869例，其中167例确诊病例为既往无症状感染者转归，60例确诊病例和1865例无症状感染者在隔离管控中发现。新增本土死亡病例2例，系两例年龄分别为88岁、89岁的老年患者，合并有 ​​​,161.0,0.0,0.0,0.11023622047244094,161.0
LssXGgKYU,mainstream,risk,【上海新增228例本土确诊和1259例本土无症状】据上海市卫健委：5月10日0—24时，上海新增本土新冠肺炎确诊病例228例和无症状感染者1259例，其中198例确诊病例为既往无症状感染者转归，30例确诊病例和1259例无症状感染者在隔离管控中发现。新增本土死亡7例。平均年龄87.3岁，最小年龄75岁，最大年龄98岁 ​​​,163.0,0.0,0.0,0.11904761904761904,81.5
LquoYc5ci,mainstream,risk,【上海新增1292例本土确诊病例和9330例本土无症状感染者】4月27日0—24时，上海新增本土新冠肺炎确诊病例1292例（含既往无症状感染者转为确诊病例858例）和无症状感染者9330例，432例确诊病例和9140例无症状感染者在隔离管控中发现，其余在相关风险人群排查中发现。新增本土死亡47例。平均年龄84.7岁， ​​​,163.0,0.0,0.0,0.10483870967741936,81.5
Lq28e1ETp,mainstream,risk,【上海新增2472例本土确诊病例和16983例本土无症状感染者】4月24日0—24时，上海新增本土新冠肺炎确诊病例2472例和无症状感染者16983例，其中846例确诊病例为此前无症状感染者转归，1557例确诊病例和16835例无症状感染者在隔离管控中发现，其余在相关风险人群排查中发现。新增本土死亡病例51例。平均年 ​​​,163.0,0.0,0.0,0.0967741935483871,81.5
LpJhNg6z1,mainstream,risk,【上海新增2736例本土确诊和20634例本土无症状】4月22日0—24时，上海新增本土新冠肺炎确诊病例2736例和无症状感染者20634例，其中1120例确诊病例为此前无症状感染者转归，1542例确诊病例和20490例无症状感染者在隔离管控中发现，其余在相关风险人群排查中发现。新增本土死亡12例。平均年龄88.2岁，最 ​​​,165.0,0.0,0.0,0.10655737704918032,82.5
MpiNpdeAv,mainstream,risk,"【#李谷一回应缺席春晚#：新冠病情恢复慢】
1月21日，歌唱家李谷一于其个人社交账号发文，解释今年自己参加不了春晚的原因：

大家好，我是你们的老朋友李谷一，我今年是在医院治病，参加不了春晚了，陪不了大家过2023的新年！只是太遗憾！剧组一直在等我出医院，但我的新冠病情恢复的慢，还在后遗症反 ​​​",150.0,0.013333333333333334,0.04065040650406504,0.024390243902439025,75.0
Mnt2qEF0Z,mainstream,risk,"#体检中心肺部CT机器满负荷运行#【阳康体检套餐热销：有公司半月销售额上亿，CT检查量创新高】
“为什么转阴后还一直咳嗽？我会不会‘白肺’？”

“为什么转阴后感觉心脏不舒服，我是不是心律失常或病毒性心肌炎？”

随着“阳康”人数逐渐增多，部分患者出现疲惫感、胸闷气短等症状，开始考虑胸部CT ​​​",150.0,0.02,0.017094017094017096,0.0,50.0
MmzAslJQs,mainstream,risk,#新冠感染初愈后可以大吃大喝吗#【阳康后不要立即吃这些，或致复发！此类人员特别注意】据杭州市中医院消息，中医认为高烧之后，疾病初愈，病邪尚有残留，此时患者的脾胃尚虚，这时不宜过早食补，肉类、鱼类、鸡汤类皆要禁止，防止过多补益，导致疾病复发或缠绵迁延。《素问 · 热论》提出的：“病热少 ​​​,146.0,0.00684931506849315,0.0,0.0,73.0
MmrZBu4FC,mainstream,risk,【#感染新冠后为什么会脱发#？】#专家说感染新冠后脱发比较普遍# 近日，有网友表示在感染新冠后出现了脱发的现象。新冠感染后为什么会出现脱发？脱发是新冠感染的后遗症吗？多长时间可以恢复？清华大学附属北京清华长庚医院皮肤科副主任医师段晓涵表示：感染新冠之后出现脱发的情况，是比较普遍的。感 ​​​,146.0,0.0273972602739726,0.0,0.0,24.333333333333332
MlwZs2NUN,mainstream,risk,【#重症白肺死亡率40%以上#，#专家称新冠造成白肺概率不是很高#】张黎医生表示，造成白肺的原因有两个：肺部本身感染，或者身体其他部位感染引发人体炎症反应。龚子龙医生提醒大家，特别要注意“沉默性缺氧”的发生。至于新冠会否导致白肺，两位医学专家认为，新冠的确会对人肺部造成影响，但是造成白 ​​​,147.0,0.0,0.0,0.008130081300813009,73.5
MoobWpGCq,mainstream,risk,【三大表现！#如何自判睡眠是否出现问题#】#阳康过程中睡眠障碍为主要体现#专家表示，睡眠不好有个标准：当躺在床上关灯后，如果超过30分钟还睡不着的话，或已经具有入睡困难的问题。或者在起夜后30分钟仍无法入睡，或为睡眠维持困难。早醒同样为失眠表现。全球有数据研究显示，在新冠康复过程中，睡眠 ​​​,148.0,0.006756756756756757,0.0,0.016,37.0
MnUtnrTyT,mainstream,risk,【“阳康”后超25%人群患有睡眠障碍？#睡眠出现问题的三大表现#】#关灯后30分钟内睡不着或有睡眠问题# 专家表示，睡眠不好有个标准：当躺在床上关灯后，如果超过30分钟还睡不着的话，或已经具有入睡困难的问题。或者在起夜后30分钟仍无法入睡，或为睡眠维持困难。早醒同样为失眠表现。全球有数据研究显 ​​​,151.0,0.006622516556291391,0.0,0.03225806451612903,37.75
Mm8Nmw6Bp,mainstream,risk,【奥密克戎七问七答：#元旦聚餐旅行会二次感染吗#？】临近元旦，部分地方新增感染者仍处于快速增长期，#国内是否会产生新的变异株#？很多患者转阴后，仍然存在咳嗽、嗅觉味觉减退等症状，这属于后遗症吗？假期聚餐旅行会二次感染吗？感染新冠会变“白肺“ 吗？我们该如何与新冠长期共存?  ​​​,141.0,0.0425531914893617,0.008695652173913044,0.0,23.5
LjHAGheTM,mainstream,risk,【#牛津大学研究发现新冠病毒或加速大脑萎缩#】据外媒报道，英国牛津大学发表在《自然》杂志上的一项研究表明，#新冠病毒可能导致大脑萎缩#。一些新冠患者会出现包括注意力、专注力、信息处理速度下降和记忆力受损等情况。研究人员表示，这些影响是否可以部分逆转，或者是否会长期存在，还需进一步调查 ​​​,146.0,0.0,0.0,0.0,73.0
LqlFrbEIu,mainstream,risk,"【江苏新增本土8+76，上海新增本土死亡48例】
江苏

4月26日0-24时，江苏新增本土确诊病例8例（徐州市6例，其中4例由无症状感染者转为确诊病例；苏州市2例。均在定点医院隔离治疗），新增本土无症状感染者76例（无锡市1例，徐州市47例，常州市11例，苏州市16例，扬州市1例，均在定点医院接受隔离医学观 ​​​",159.0,0.0,0.0,0.1349206349206349,79.5
MnUKoDWvX,mainstream,risk,【“阳康”后超25%人群患有睡眠障碍？#睡眠出现问题的三大表现#】#关灯后30分钟内睡不着或有睡眠问题# 专家表示，睡眠不好有个标准：当躺在床上关灯后，如果超过30分钟还睡不着的话，或已经具有入睡困难的问题。或者在起夜后30分钟仍无法入睡，或为睡眠维持困难。早醒同样为失眠表现。全球有数据研究显 ​​​,151.0,0.006622516556291391,0.0,0.03225806451612903,37.75
Mms1g4CUC,mainstream,risk,【#感染新冠后为什么会脱发#？】#专家说感染新冠后脱发比较普遍# 近日，有网友表示在感染新冠后出现了脱发的现象。新冠感染后为什么会出现脱发？脱发是新冠感染的后遗症吗？多长时间可以恢复？清华大学附属北京清华长庚医院皮肤科副主任医师段晓涵表示：感染新冠之后出现脱发的情况，是比较普遍的。感 ​​​,146.0,0.0273972602739726,0.0,0.0,24.333333333333332
KaGUoDtqm,mainstream,risk,【#世卫称有望在几个月内控制新冠疫情# 】周一，世界卫生组织总干事谭德塞在新闻发布会上再次警告称，一些年轻人对感染新冠病毒不以为然，但事实上有年轻健康的患者死于新冠肺炎。即使是对于康复者而言，新冠病毒也可能造成诸多长期后遗症。但谭德塞仍强调，只要各国保证公平疫苗接种，全面做好公共卫 ​​​,145.0,0.0,0.0,0.0,72.5
K4i8tmVVO,mainstream,risk,【[话筒]#世卫提醒重视新冠长期影响#】世界卫生组织欧洲区域办事处主任克卢格表示，“新冠后遗症”对健康等方面造成长期影响。大约十分之一的欧洲新冠肺炎患者，愈后12周仍有不适症状，许多人的症状会持续更长时间。#世卫称年底前结束疫情不现实#，接种疫苗是实现全球范围内集体免疫的唯一方法。（央视 ​​​,148.0,0.0,0.0,0.008,49.333333333333336
K3GrIAoQT,mainstream,risk,【#世卫专家提醒重视新冠造成的长期影响#】世界卫生组织欧洲区域办事处主任克卢格25日说，近来欧洲地区新冠感染率总体呈下降趋势，但世卫组织关注到“新冠后遗症”对健康等方面造成的长期影响，将其视为“后疫情”时期的首要任务。克卢格当天在哥本哈根召开的线上新闻发布会上说，十分之一的欧洲新冠患 ​​​,146.0,0.0,0.0,0.0078125,146.0
K2OKkFfEn,mainstream,risk,【中疾控主任：#新冠肺炎可能成为长期流行的传染病#】在最新发布的中疾控周报中，中国疾病预防控制中心主任高福表示，展望未来，2021年依旧有许多不确定因素，其中之一就是新冠肺炎或将成为全球或局部地区长期流行的传染性疾病。此外，新冠肺炎的许多新特征被陆续报出，比如被感染的患者可能将面对长期 ​​​,147.0,0.0,0.0,0.0078125,147.0
J75PSEEWb,mainstream,risk,【美卫生研究院：#新冠病人痊愈后出现多种后遗症#，影响大脑肺部等】一部分新冠康复后的病人并没有完全摆脱这种疾病，许多人抱怨出现了各种并发症，比如脑雾、慢性疲劳等。美国国立卫生研究院的医生们正开展实验，观测新冠病人的病情和身体机能，探究导致后遗症的背后原因。  http://t.cn/A6LfieS4 ​ ​​​,156.0,0.0,0.0,0.01680672268907563,78.0
K3FN8aRsr,mainstream,risk,"#世卫专家提醒重视新冠后遗症##新冠后遗症像各种症状不同组合#【世卫专家提醒重视新冠造成的长期影响[话筒]】世界卫生组织欧洲区域办事处主任克卢格25日说，近来欧洲地区新冠感染率总体呈下降趋势，但世卫组织关注到“新冠后遗症”对健康等方面造成的长期影响，将其视为“后疫情”时期的首要任务。

　 ​​​",149.0,0.0,0.0,0.008,149.0
Mm9VkhbPZ,wemedia,risk,"【奥密克戎七问七答：元旦聚餐旅行会二次感染吗？】
       临近元旦，部分地方新增感染者仍处于快速增长期，国内是否会产生新的变异株？很多患者转阴后，仍然存在咳嗽、嗅觉味觉减退等症状，这属于后遗症吗？假期聚餐旅行会二次感染吗？感染新冠会变“白肺“ 吗？我们该如何与新冠长期共存? 

来源： ​​​",150.0,0.04,0.008547008547008548,0.0,25.0
MmimWyqS6,mainstream,risk,【奥密克戎七问七答：#元旦聚餐旅行会二次感染吗#？】临近元旦，部分地方新增感染者仍处于快速增长期，#国内是否会产生新的变异株#？很多患者转阴后，仍然存在咳嗽、嗅觉味觉减退等症状，这属于后遗症吗？假期聚餐旅行会二次感染吗？感染新冠会变“白肺“ 吗？我们该如何与新冠长期共存? ​​​,140.0,0.04285714285714286,0.008695652173913044,0.0,23.333333333333332
MpjfMePWK,mainstream,risk,"【#李谷一回应缺席春晚#】1月21日，李谷一在其个人社交媒体上发文表示，今年在医院治病，参加不了春晚。她表示，“我的新冠病情恢复的慢，还在后遗症反应中。”
据文汇报，1983年至今的40年春晚，只有两年没听到李谷一唱《难忘今宵》。一次是1983年，彼时，这首歌尚未诞生；另一次是2012年，《难忘今宵 ​​​",154.0,0.0,0.008695652173913044,0.05217391304347826,38.5
MhB6z7lW5,mainstream,risk,"【#新华社科普长新冠#】新华社11月25日文章：随着全球新冠病毒感染基数持续扩大，欧美等国越来越多的人受到“长新冠”困扰。“长新冠”让人们意识到，新冠病毒感染不仅仅是急性事件，其后较长时间内的一系列症状无论对于个体健康影响还是公共卫生负担，均不容忽视。

　　如何定义

　　“长新冠”通常 ​​​",149.0,0.0,0.0,0.01694915254237288,74.5
LqcUSDaVU,mainstream,risk,【#上海25日新增本土死亡52例# 】4月25日，上海新增本土死亡病例52例。平均年龄83.1岁，最小年龄33岁，最大年龄100岁。33岁这位患者，男性，因突发心跳呼吸骤停，经抢救无效死亡，诊断为心源性猝死，曾接种过2剂次新冠肺炎病毒疫苗。其他51位患者均合并有多脏器基础疾病，包括肝癌晚期、慢性阻塞性肺病 ​​​,157.0,0.0,0.0,0.08870967741935484,52.333333333333336
K2OwO2Ue7,mainstream,risk,【中疾控主任：#新冠肺炎可能成为长期流行的传染病#】在最新发布的中疾控周报中，中国疾病预防控制中心主任高福表示，展望未来，2021年依旧有许多不确定因素，其中之一就是新冠肺炎或将成为全球或局部地区长期流行的传染性疾病。此外，新冠肺炎的许多新特征被陆续报出，比如被感染的患者可能将面对长期 ​​​,147.0,0.0,0.0,0.0078125,147.0
IuqLs5e6f,mainstream,risk,【两次疫情都在一线！#医生谈新冠病毒与SARS差别#：传播更快隐蔽性更强】广东省中医院珠海医院呼吸科主任黄东晖，2003年“非典”期间，持续收治抢救病人后不幸被传染，病情危重，后来还留下后遗症。这一次，当新型冠状肺炎疫情来袭时，他义无反顾，再一次主动请缨，报名参加广东省第二批援助湖北医疗队 ​​​,149.0,0.006711409395973154,0.0,0.00819672131147541,74.5
MmyCQAklS,wemedia,risk,【#感染新冠后为什么会脱发#？】#专家说感染新冠后脱发比较普遍# 近日，有网友表示在感染新冠后出现了脱发的现象。新冠感染后为什么会出现脱发？脱发是新冠感染的后遗症吗？多长时间可以恢复？清华大学附属北京清华长庚医院皮肤科副主任医师段晓涵表示：感染新冠之后出现脱发的情况，是比较普遍的。感 ​​​,146.0,0.0273972602739726,0.0,0.0,24.333333333333332
MagtIuFyg,wemedia,risk,【吴尊友：#新冠后遗症可持续数周数月甚至更长时间# 】10月13日，中国疾控中心流行病学首席专家吴尊友表示，新冠后遗症又叫新冠长期症状，新冠后遗症通常发生在感染新冠发病后的3个月内，可以是急性感染康复后出现某些新症状，或者原先急性感染期某些症状持续存在，症状至少持续2个月，可以反复发生， ​​​,148.0,0.0,0.0,0.03125,148.0
LqX98oCKe,wemedia,risk,【#上海新增本土确诊788例无症状7084例#】#上海昨日新增本土死亡病例38例# 4月30日0—24时，上海新增本土新冠肺炎确诊病例788例和无症状感染者7084例，其中683例确诊病例为既往无症状感染者转归，105例确诊病例和7084例无症状感染者在隔离管控中发现。新增本土死亡38例。平均年龄80.9岁，最小年龄50岁 ​​​,166.0,0.0,0.0,0.12096774193548387,83.0
MkTeqB1ZC,wemedia,risk,"【#医生提醒吞芥末唤醒味觉不可取#[思考] #感染后味觉嗅觉减退一个月内可恢复#】近期，有网友反映，感染新冠病毒康复后出现味觉、嗅觉减退的症状。有些网友在嗅觉、味觉失灵后，短时间内咀嚼柠檬、口吞芥末、猛喝酱油，或速吃鲱鱼罐头等食物，以此试图唤醒嗅觉味觉。

#以毒攻毒唤醒味觉可取吗#？上海 ​​​",149.0,0.006711409395973154,0.0,0.0,49.666666666666664
MpiTm0RrZ,mainstream,risk,"【李谷一回应缺席春晚：新冠病情恢复慢】1月21日，歌唱家李谷一于其个人社交账号发文，解释今年自己参加不了春晚的原因：

大家好，我是你们的老朋友李谷一，我今年是在医院治病，参加不了春晚了，陪不了大家过2023的新年！只是太遗憾！剧组一直在等我出医院，但我的新冠病情恢复的慢，还在后遗症反应 ​​​",148.0,0.013513513513513514,0.04032258064516129,0.024193548387096774,74.0
LvBavoQVa,mainstream,risk,"【梅西谈新冠转阴后的后遗症：对肺部有影响，有一个半月甚至无法跑步】5月30日，著名球星梅西在接受采访时透露，感染新冠给他留下了后遗症，对他的肺部产生了很大的影响。

1月2日，梅西服役的巴黎圣日耳曼俱乐部宣布了他确诊新冠的消息，随后出现了咳嗽、喉咙痛和发烧等症状。在确诊后，梅西错过了1月 ​​​",148.0,0.0,0.0,0.0390625,74.0
LuKB7tPqU,mainstream,risk,【上海新增本土确诊病例48例、无症状感染者290例】2022年5月25日0—24时，上海新增本土新冠肺炎确诊病例48例和无症状感染者290例，其中31例确诊病例为既往无症状感染者转归，17例确诊病例和290例无症状感染者在隔离管控中发现。新增本土死亡1例。患者女性，63岁，合并有急性消化道大出血、脑外伤后遗症 ​​​,159.0,0.0,0.0,0.11023622047244094,79.5
LsLPXdyWu,mainstream,risk,【上海新增227例本土确诊病例和1869例本土无症状感染者】5月12日0—24时，上海新增本土新冠肺炎确诊病例227例和无症状感染者1869例，其中167例确诊病例为既往无症状感染者转归，60例确诊病例和1865例无症状感染者在隔离管控中发现。新增本土死亡病例2例，系两例年龄分别为88岁、89岁的老年患者，合并有 ​​​,161.0,0.0,0.0,0.11023622047244094,161.0
LpJlcvuXL,mainstream,risk,【上海新增2736例本土确诊和20634例本土无症状】4月22日0—24时，上海新增本土新冠肺炎确诊病例2736例和无症状感染者20634例，其中1120例确诊病例为此前无症状感染者转归，1542例确诊病例和20490例无症状感染者在隔离管控中发现，其余在相关风险人群排查中发现。新增本土死亡12例。平均年龄88.2岁，最 ​​​,165.0,0.0,0.0,0.10655737704918032,82.5
MsPQL9qNd,mainstream,risk,"#健康知识科普#【如何应对“长新冠”】

上周四出门诊时，我接诊了一位大娘，年龄70多岁，表情十分忧虑。她说：“我去年12月底感染了新冠，还因为肺炎住了10天的院。出院时还可以，但最近一周，胸闷、气紧得很厉害，特别是到了晚上，根本上不来气。”询问完病情后，我首先查阅了患者的住院病例，患者住 ​​​",149.0,0.0,0.02564102564102564,0.02564102564102564,49.666666666666664
Mm5qYkZrv,mainstream,risk,【奥密克戎七问七答：#元旦聚餐旅行会二次感染吗#？】临近元旦，部分地方新增感染者仍处于快速增长期，#国内是否会产生新的变异株#？很多患者转阴后，仍然存在咳嗽、嗅觉味觉减退等症状，这属于后遗症吗？假期聚餐旅行会二次感染吗？感染新冠会变“白肺“ 吗？我们该如何与新冠长期共存?  ​​​,141.0,0.0425531914893617,0.008695652173913044,0.0,23.5
LpqQ4wzTD,mainstream,risk,"#健康知识科普# 【防疫小常识：新冠疫苗最全“接种禁忌”来了！附“老年人接种新冠疫苗倡议书”】

从我国广东、江苏散发疫情的疫情来看，未接种新冠疫苗的老年人出现重症风险明显高于已接种的老年人，出现重症的感染者中90%以上是没有接种新冠疫苗的。

不少老人或其家属对老人接种新冠疫苗还是有顾虑 ​​​",149.0,0.006711409395973154,0.008064516129032258,0.008064516129032258,74.5
JcZddtW2A,mainstream,risk,#张伯礼提醒新冠康复者不要感冒#【张伯礼院士提醒新冠康复者：今冬明秋注意不要再感冒】张伯礼院士在接受长江日报记者专访时表示：遗症较多或者复杂，需要的时间可能长些，按照现在恢复速度估计，可能需要一年左右的时间才能完全恢复，例如肺部纤维化、肾脏功能损伤等这样的问题。所以我也要呼吁一下新 ​​​,145.0,0.0,0.007751937984496124,0.0,145.0
LsjJzqWfo,mainstream,risk,【#上海新增本土确诊234例无症状2780例# 】5月9日0—24时，上海新增本土新冠肺炎确诊病例234例和无症状感染者2780例，其中156例确诊病例为既往无症状感染者转归，78例确诊病例和2775例无症状感染者在隔离管控中发现。新增本土死亡病例6例。平均年龄79.5岁，最小年龄65岁，最大年龄90岁。6位患者合并有 ​​​,164.0,0.0,0.0,0.128,54.666666666666664
N3pE3kaqt,wemedia,risk,#专家称不排除二阳后还会有三阳#【为什么阳过以后还会再阳？专家解答】近日，新冠病毒二次感染的话题引发关注。当前新冠病毒流行情况怎样？为什么“阳”过以后还会再“阳”？#阳的次数越多症状是否越重#，对身体的伤害是否越大？是否会留下后遗症？针对相关问题，国务院联防联控机制组织专家进行了解答 ​​​,146.0,0.03424657534246575,0.0,0.0,24.333333333333332
MlXdjj167,mainstream,risk,"【体检机构推出“阳康”体检套餐】第一批奥密克戎感染患者逐渐转阴，但咳嗽、胸闷气短等症状仍在持续。“新冠后遗症”“白肺”“心肌炎”等成了新冠康复患者新的焦虑来源。为求心安，“阳康”人群涌向了医院和体检中心。

但也有不少医生专家呼吁，并非所有“阳康”患者都需要进行肺部CT检查，激增的CT ​​​",147.0,0.0,0.0,0.0,49.0
Lvyggddqz,mainstream,risk,【#梅西谈新冠后遗症#：曾一个半月不能跑步[思考]】据央视网体育报道，日前，梅西在接受阿根廷媒体采访时透露，新冠后遗症对自己影响很大。“我的症状和大多数人都差不多，先是咳嗽、喉咙痛、发烧，后来我的肺部有了后遗症，甚至一度无法训练，有一个半月的时间连跑步都困难。”有网友对此评论称，与当 ​​​,146.0,0.0,0.024793388429752067,0.0,73.0
MmrDb9uBO,wemedia,risk,【#感染新冠后为什么会脱发#？】#专家说感染新冠后脱发比较普遍# 近日，有网友表示在感染新冠后出现了脱发的现象。新冠感染后为什么会出现脱发？脱发是新冠感染的后遗症吗？多长时间可以恢复？清华大学附属北京清华长庚医院皮肤科副主任医师段晓涵表示：感染新冠之后出现脱发的情况，是比较普遍的。感 ​​​,146.0,0.0273972602739726,0.0,0.0,24.333333333333332
MagkJhkDe,wemedia,risk,【吴尊友：#新冠后遗症可持续数周数月甚至更长时间# 】10月13日，中国疾控中心流行病学首席专家吴尊友表示，新冠后遗症又叫新冠长期症状，新冠后遗症通常发生在感染新冠发病后的3个月内，可以是急性感染康复后出现某些新症状，或者原先急性感染期某些症状持续存在，症状至少持续2个月，可以反复发生， ​​​,148.0,0.0,0.0,0.03125,148.0
K2Os7kg6q,wemedia,risk,【中疾控主任：#新冠肺炎可能成为长期流行的传染病#】在最新发布的中疾控周报中，中国疾病预防控制中心主任高福表示，展望未来，2021年依旧有许多不确定因素，其中之一就是新冠肺炎或将成为全球或局部地区长期流行的传染性疾病。此外，新冠肺炎的许多新特征被陆续报出，比如被感染的患者可能将面对长期 ​​​,147.0,0.0,0.0,0.0078125,147.0
MpjwxuzpN,mainstream,risk,"【#李谷一回应缺席春晚#】1月21日，李谷一在其个人社交媒体上发文表示，今年在医院治病，参加不了春晚。她表示，“我的新冠病情恢复的慢，还在后遗症反应中。”
此前，央视主持人张泽群曾在微博上透露，由于刚刚“阳康”，身体抱恙的李谷一只能缺席兔年春晚。
另据文汇报，1983年至今的40年春晚，只有 ​​​",150.0,0.0,0.00847457627118644,0.03389830508474576,50.0
MkzahlG3z,mainstream,risk,【#专家称重复感染死亡风险翻倍#】一篇近日发表在《自然医学》的论文显示，与仅感染一次新冠的患者相比，重复感染者的死亡风险增加一倍多，住院风险、患肺部疾病、心脏病的可能性高出三倍多，而且患神经系统疾病的可能性高出60%。研究人员还发现，重复感染后的第一个月，患者疾病风险升高最为明显，在 ​​​,146.0,0.0,0.0,0.008064516129032258,146.0
LrB15tWBr,mainstream,risk,"【#上海昨日增本土确诊261例无症状4390例# #上海4日新增本土死亡病例13例# 】2022年5月4日0—24时，新增本土新冠肺炎确诊病例261例和无症状感染者4390例。其中185例确诊病例为既往无症状感染者转归，75例确诊病例和4357例无症状感染者在隔离管控中发现。
2022年5月4日0—24时，新增本土死亡13例，平均 ​​​",170.0,0.0,0.0,0.16260162601626016,85.0
LqvkqFdRi,mainstream,risk,【#上海新增本土确诊1292例无症状9330例# #上海新增本土死亡47例# 】4月27日0—24时，上海新增本土新冠肺炎确诊病例1292例（含既往无症状感染者转为确诊病例858例）和无症状感染者9330例。新增本土死亡47例。平均年龄84.7岁，最小年龄67岁，最大年龄101岁。47位患者合并各种原发基础疾病，包括心功能不 ​​​,167.0,0.0,0.0,0.12396694214876033,55.666666666666664
LqmAUhwkx,mainstream,risk,【#上海26日新增本土死亡48例# 】2022年4月26日0—24时，上海新增本土新冠肺炎确诊病例1606例和无症状感染者11956例，新增本土死亡48例。平均年龄80.85岁，最大年龄99岁。48位患者合并患有严重的多脏器基础疾病，包括脑出血、脑梗后遗症、冠心病、心肌梗死、心功能不全IV级、高血压3级（极高危）、阿尔 ​​​,164.0,0.0,0.0,0.11764705882352941,82.0
Lqcn8m5wA,mainstream,risk,【#上海25日新增本土死亡52例# 最小年龄33岁 】据上海卫健委通报，2022年4月25日0—24时，新增本土死亡52例。平均年龄83.1岁，最小年龄33岁，最大年龄100岁。52位患者均合并有多脏器基础疾病，包括肝脏肿瘤晚期、慢性阻塞性肺病、急性冠脉综合征、高血压3级（极高危）、糖尿病、脑梗后遗症、帕金森病、 ​​​,161.0,0.0,0.0,0.11764705882352941,80.5
LoZpJhckT,mainstream,risk,"【#上海新增本土死亡病例3例# 】上海市卫健委通报4月17日0至24时，上海新增本土新冠肺炎确诊病例2417例和无症状感染者19831例，新增本土死亡病例3例。
死亡病例信息，死亡病例1，女性，89岁，合并急性冠脉综合征、冠心病、糖尿病、高血压三级、脑梗；
死亡病例2，女性，91岁，合并脑梗后遗症、高血压； ​​​",158.0,0.0,0.0,0.10084033613445378,52.666666666666664
LjISVs15q,mainstream,risk,【#牛津大学研究发现新冠病毒或加速大脑萎缩# 】据外媒报道，英国牛津大学发表在《自然》杂志上的一项研究表明，#新冠病毒可能导致大脑萎缩#。一些新冠患者会出现包括注意力、专注力、信息处理速度下降和记忆力受损等情况。研究人员表示，这些影响是否可以部分逆转，或者是否会长期存在，还需进一步调 ​​​,146.0,0.0,0.0,0.0,73.0
L3UQqBgB1,mainstream,risk,【#英国名将在斯诺克比赛中睡着赛后致歉#：是新冠后遗症】11月28日，2021年斯诺克英国锦标赛第二轮，名将马克·威廉姆斯在比赛中睡着，最终负于对手遭淘汰。他赛后向球迷致歉，表示在比赛中突感疲惫，或与新冠后遗症有关。#2021斯诺克英锦赛##蓝v视界# http://t.cn/A6xK4HO2 http://t.cn/A6xKqFoO ​​ ​​​,175.0,0.0,0.0,0.07339449541284404,87.5
L36WH38IZ,mainstream,risk,【#新冠康复患者会有后遗症吗#？一团队最新研究披露：有几大问题】11月25日，武汉协和医院的研究团队给出了最新研究成果引发关注。研究发现，即便是非重症患者，在确诊新冠近1年后依旧存在多系统问题，如睡眠困难、呼吸急促、乏力和关节疼痛等身体症状。以及焦虑、抑郁等心理问题。 ​​​,138.0,0.007246376811594203,0.0,0.02586206896551724,34.5
Mpj7C6s9z,mainstream,risk,【#李谷一回应缺席春晚# 】1月21日，李谷一在社交平台发文称，今年在医院治病，参加不了春晚。她表示，“我的新冠病情恢复的慢，还在后遗症反应中。”此前，2023年央视春晚公布了节目单，压轴节目《难忘今宵》的演唱者变成“全体演员”，没有多年惯例中的原唱李谷一。央视主持人张泽群曾在微博上透露， ​​​,149.0,0.0,0.00847457627118644,0.025423728813559324,49.666666666666664
Mpj8wwBVq,mainstream,risk,"【#李谷一回应缺席春晚#】1月21日，李谷一在其个人社交媒体上发文表示，今年在医院治病，参加不了春晚。她表示，“我的新冠病情恢复的慢，还在后遗症反应中。”

此前，央视主持人张泽群曾在微博上透露，由于刚刚“阳康”，身体抱恙的李谷一只能缺席兔年春晚。

另据文汇报，1983年至今的40年春晚，只 ​​​",151.0,0.0,0.008547008547008548,0.03418803418803419,50.333333333333336
LsVvtoB95,mainstream,risk,【上海新增本土确诊194例和本土无症状1487例】据上海市卫健委：5月13日0—24时，上海新增本土新冠肺炎确诊病例194例和无症状感染者1487例，其中140例确诊病例为既往无症状感染者转归，54例确诊病例和1486例无症状感染者在隔离管控中发现。新增本土死亡1例。该患者为84岁男性，合并有心律失常、高血压、 ​​​,160.0,0.0,0.0,0.104,80.0
Laoktn3ov,mainstream,risk,【#天津本土病例中七成患者为儿童#】本轮天津本土新冠肺炎患者中有七成患者为儿童，天津市中医药大学附属医院已经派驻儿科医生进入定点医院进行救治。中国工程院院士 张伯礼：“此次奥密克戎病毒症状不是太重，有人说就是大号感冒，但还是不一样的。国外有超过50%的病人出现了持续症状，也就是后遗症， ​​​,147.0,0.0,0.0,0.007874015748031496,73.5
KaGjCEFwD,mainstream,risk,【#世卫称有望在几个月内控制新冠疫情# 】周一，世界卫生组织总干事谭德塞在新闻发布会上再次警告称，一些年轻人对感染新冠病毒不以为然，但事实上有年轻健康的患者死于新冠肺炎。即使是对于康复者而言，新冠病毒也可能造成诸多长期后遗症。但谭德塞仍强调，只要各国保证公平疫苗接种，全面做好公共卫 ​​​,145.0,0.0,0.0,0.0,72.5
K2O93l2JI,mainstream,risk,【中疾控主任：#新冠肺炎可能成为长期流行的传染病#】在最新发布的中疾控周报中，中国疾病预防控制中心主任高福表示，展望未来，2021年依旧有许多不确定因素，其中之一就是新冠肺炎或将成为全球或局部地区长期流行的传染性疾病。此外，新冠肺炎的许多新特征被陆续报出，比如被感染的患者可能将面对长期 ​​​,147.0,0.0,0.0,0.0078125,147.0
LtxPKx1C8,mainstream,risk,"#日本专家建议将奥密克戎后遗症当作新疾病# 【日本研究：#奥密克戎后遗症病发时间或很长# 建议当作新疾病研究】据海外网援引日本朝日电视台17日消息，日本最新研究表明，感染新冠病毒奥密克戎毒株，且罹患相关后遗症的患者体内免疫细胞几乎无法排除侵入人体的病毒，极有可能花很长时间才能恢复健康。

 ​​​",149.0,0.0,0.0,0.0078125,149.0
Lqd1mxzSk,mainstream,risk,【#日本近1成新冠患者出院1年后仍有后遗症#】据看看新闻KNEWS，日本厚生劳动省研究班23日在京都市举行的日本呼吸器官学会公布调查结果称，感染新冠病毒住院的患者中有约10%在出院一年后仍可能留有后遗症。报道称，掌握情况的693人中，出院一年后仍到医疗机构就诊、确认到或为后遗症的症状的人占9.8%。 ​​​,154.0,0.0,0.0,0.046875,77.0
K2OCU2jk0,mainstream,risk,【中疾控主任：#新冠肺炎可能成为长期流行的传染病#】在最新发布的中疾控周报中，中国疾病预防控制中心主任高福表示，展望未来，2021年依旧有许多不确定因素，其中之一就是新冠肺炎或将成为全球或局部地区长期流行的传染性疾病。此外，新冠肺炎的许多新特征被陆续报出，比如被感染的患者可能将面对长期 ​​​,147.0,0.0,0.0,0.0078125,147.0
IEFGGpFo3,mainstream,risk,【两位因新冠肺炎脸色发黑的医生怎样了？】两位感染新冠病毒的武汉大夫易凡和胡卫峰，经过两个多月的治疗终于被救回，却脸色发黑，引发各界关注。两位医生状态如何，什么时候可以出院？他们体内受损的状况如何？会不会有后遗症？近日，他们的主治医生，武汉同济医院重症医学科主任李树生做客《新闻1+1 ​​​,145.0,0.027586206896551724,0.0,0.015873015873015872,29.0
MtapO4m8k,wemedia,risk,#昌平动态# 【“阳过”身体各种不适，这个门诊一次看！】“听说家门口的清华长庚医院，开设了阳康后遗症联合门诊，我今天从挂号到就诊，非常方便。”2月14日上午，家住天通北苑北一西社区的徐女士来到清华大学附属北京清华长庚医院的“新冠感染后综合症康复多学科联合门诊”就诊。新冠病毒感染核酸转阴 ​​​,147.0,0.006802721088435374,0.008130081300813009,0.016260162601626018,49.0
MmshQApGm,wemedia,risk,【#感染新冠后为什么会脱发#？】#专家说感染新冠后脱发比较普遍# 近日，有网友表示在感染新冠后出现了脱发的现象。新冠感染后为什么会出现脱发？脱发是新冠感染的后遗症吗？多长时间可以恢复？清华大学附属北京清华长庚医院皮肤科副主任医师段晓涵表示：感染新冠之后出现脱发的情况，是比较普遍的。感 ​​​,146.0,0.0273972602739726,0.0,0.0,24.333333333333332
MkTccAgyE,mainstream,risk,【#转阴后为什么会味觉嗅觉减退#】近期多位网友反映，感染康复后出现味觉、嗅觉减退的症状。国外研究表明，嗅觉丧失很可能是身体的免疫系统对新冠病毒感染作出的反应。医生表示，这并非是新冠后遗症，只能说是感染的症状之一，大多数#感染后味觉减退1个月内可恢复#，如果味觉嗅觉减退的情况超过一个月 ​​​,146.0,0.0,0.0,0.007874015748031496,73.0
MmCcBztqL,mainstream,risk,【正在直播丨阳康返岗后，我“变傻了吗”】今天是2023年第一个工作日，不少新冠病毒感染者康复返岗。有网友感到疲倦、注意力下降，甚至情绪波动，是不是出现了“脑雾”？如何判断和应对新冠后遗症？今晚，澎湃新闻连线上海精神卫生中心门急诊副主任医师倪晓东在线解答。#二次感染#   ​​​,139.0,0.014388489208633094,0.008928571428571428,0.008928571428571428,34.75
MlpPNlg4u,mainstream,risk,【#上海男生时隔半年再次感染新冠#：两次有何不同？】12月25日，上海一男生发布视频称自己再次感染新冠，他介绍自己第一次阳是今年的3月29日，连续发烧了三天，第一次感染自愈后无明显后遗症。第二次感染比起第一次感染没有发烧，胃口没有减少，全身有力气，只是咳嗽鼻塞。http://t.cn/A6KnMqkK  ​​​,156.0,0.00641025641025641,0.017094017094017096,0.042735042735042736,52.0
MiPrev2Xs,mainstream,risk,【英国“长新冠”患者：以为永远无法痊愈，治疗9个月后终好转】12月1日，英国国家医疗服务体系发布了一条视频，记录“长新冠”患者约翰身体逐渐好转的过程。约翰曾认为自己再也无法痊愈，但经过9个月的治疗，他的身体有了明显好转。据世卫组织官网消息，“长新冠”通常指的是新冠后遗症，统指一些人在 ​​​,146.0,0.0,0.008130081300813009,0.032520325203252036,73.0
Ma9gbAe9s,mainstream,risk,【吴尊友：新冠后遗症覆盖范围广，症状可持续数周、数月甚至更长时间】10月13日，中国疾控中心流行病学首席专家吴尊友表示，新冠后遗症覆盖范围较广，症状可以持续数周、数月甚至更长时间，接种过疫苗的人感染新冠后患后遗症的风险更低。#要坚决整治层层加码#http://t.cn/A6oViUrw  ​​​,148.0,0.0,0.0,0.026785714285714284,148.0
Ma8zzAz8O,mainstream,risk,【吴尊友：#新冠后遗症覆盖范围广#，症状可持续数周、数月甚至更长时间】10月13日，中国疾控中心流行病学首席专家吴尊友表示，新冠后遗症覆盖范围较广，症状可以持续数周、数月甚至更长时间，接种过疫苗的人感染新冠后患后遗症的风险更低。#要坚决整治层层加码#  http://t.cn/A6oViUrw  ​​​,152.0,0.0,0.0,0.026785714285714284,152.0
LaxO3uvTu,mainstream,risk,【#天津本土病例中七成患者为儿童#】央视报道，本轮天津本土新冠肺炎患者中有七成患者为儿童，天津市中医药大学附属医院已经派驻儿科医生进入定点医院进行救治。此外，张伯礼表示此次奥密克戎病毒症状不是太重，有人说就是大号感冒，还是不一样的。国外有超过50%的病人出现了持续症状，也就是后遗症。 ​​​,146.0,0.0,0.0,0.007874015748031496,48.666666666666664
L8zlFd51Q,mainstream,risk,【视觉调查｜#新冠患者的愈后人生#：关爱与后遗症相伴】全球感染新冠患者达到2.5亿，已治愈的人们，还面临着新冠后遗症的困扰。我们采访了三位中外已治愈新冠患者，谈谈他们在治愈后，有哪些后遗症，以及他们对生活的态度与看法有哪些改变。同时结合《柳叶刀》《生物医学》等医学期刊上发表的关于新冠 ​​​,146.0,0.0,0.008064516129032258,0.008064516129032258,73.0
IEByWBU0Y,mainstream,risk,【武汉大学中南医院重症医学科主任：#重症新冠肺炎患者肺损伤不可逆#】武汉大学中南医院重症医学科主任彭志勇指出，新冠肺炎重症与危重症患者将遭受肺部纤维化的后遗症，可能很多人都会脱离不了呼吸机。同时，彭志勇指出美国抗“疫”存在居家和口罩等个人防护隐患。http://t.cn/A6wuUWrt  ​​​,149.0,0.0,0.0,0.008620689655172414,74.5
ItKTuePzu,mainstream,risk,【专家：#新冠肺炎重型患者可能有后遗症#，比如肺纤维化】2月9日，湖北武汉。对于新冠肺炎是否会有后遗症，上海医疗队专家称，重症新冠患者可能在一段时间内会遗留一定肺的损害修复的变化，比如肺纤维化，肺炎吸收需要一定时间。#新冠肺炎轻症患者没有后遗症# #只有极少数危重患者可能有后遗症#   ​​​,147.0,0.0,0.0,0.016260162601626018,73.5
LlP66qEAg,mainstream,risk,【动画丨#牛津大学新冠后遗症新发现#：病毒或影响大脑和生殖系统】近日，英国牛津大学发表在《自然》杂志上的一项研究显示：新冠病毒可能会导致大脑萎缩。ACE2受体除了在呼吸系统、消化系统、排泄系统细胞中高表达外，男性睾丸和女性卵巢中也明显高于其他组织、器官。这使得新冠病毒对人体生殖方面的影 ​​​,147.0,0.0,0.0,0.008,73.5
LjY0ZoNnn,mainstream,risk,【动画丨3月来本土感染者超万例！为何增长这么快？#新冠后遗症严重吗#？】3月以来，全国已经报告本土感染者超过一万例，波及27个省份。为什么此次病例数增长这么快？新冠后遗症到底严不严重？#抗原检测能代替核酸检测吗#？详情戳视频↓↓↓（北京青年报动画 翟长锋  后期 翟雷涛  配音 王雯雯）   ​​​,150.0,0.04,0.0,0.02586206896551724,21.428571428571427
K2OnrEJob,mainstream,risk,【中疾控主任：#新冠肺炎可能成为长期流行的传染病#】在最新发布的中疾控周报中，中国疾病预防控制中心主任高福表示，展望未来，2021年依旧有许多不确定因素，其中之一就是新冠肺炎或将成为全球或局部地区长期流行的传染性疾病。此外，新冠肺炎的许多新特征被陆续报出，比如被感染的患者可能将面对长期 ​​​,147.0,0.0,0.0,0.0078125,147.0
Is3CsunbO,wemedia,risk,【专家：#新冠肺炎治愈患者有再感染风险# 治愈后应加强防护】1月31日，国家卫健委就新型冠状病毒感染的肺炎疫情防控工作中重点人群和社区组织的健康防护情况举行发布会。发布会上有记者关心，治愈的新型冠状病毒肺炎病例有没有二次感染风险？会不会留下后遗症？治愈的人有哪些注意事项？中日友好医院呼 ​​​,147.0,0.02040816326530612,0.0,0.015384615384615385,36.75
LqEVYtjpw,mainstream,risk,"#上海疫情#【#上海现有重型患者318例危重型患者52例#】记者从29日举行的上海市疫情防控新闻发布会上获悉，截至4月28日24时，在定点医疗机构接受治疗的重型患者318例、危重型患者52例。

4月28日，新增本土死亡病例52例，平均年龄84.02岁。52位患者伴有多脏器严重的基础疾病，包括食管癌、胰腺癌、脑膜 ​​​",161.0,0.0,0.0,0.10483870967741936,80.5
Lq2svB8OB,mainstream,risk,【#上海新增2472例本土确诊16983例本土无症状#】4月24日0—24时，上海新增本土新冠肺炎确诊病例2472例和无症状感染者16983例，其中846例确诊病例为此前无症状感染者转归，1557例确诊病例和16835例无症状感染者在隔离管控中发现，其余在相关风险人群排查中发现。新增本土死亡病例51例。平均年龄84.2岁， ​​​,166.0,0.0,0.0,0.10655737704918032,83.0
LoZyV22si,mainstream,risk,【#上海新增本土死亡病例3例#】4月18日，上海新冠肺炎疫情防控新闻发布会上，上海市卫生健康委一级巡视员吴乾渝通报：4月17日，上海新增2417例新冠肺炎本土确诊病例和19831例本土无症状感染者，新增死亡病例3例。均为高龄，同时合并急性冠脉综合征、糖尿病、高血压、脑梗后遗症等严重的基础疾病，均未 ​​​,153.0,0.0,0.0,0.064,153.0
KtJw0n2dO,mainstream,risk,【#美国亚裔一家15口派对后全部感染# #美14岁亚裔儿童患新冠精神性后遗症#】8月9日，据外媒报道，美国加州15口人的亚裔家庭，举办生日派对后全部感染新冠。家中14岁的小儿子患上新冠精神性后遗症，变得激动易怒。6月中旬，家庭15名成员在密闭室内举办生日派对，随后家庭成员接连确诊并进行新冠康复治疗 ​​​,153.0,0.0,0.0,0.06201550387596899,76.5
KaHLLdNGz,mainstream,risk,【#世卫称有望在几个月内控制新冠疫情# 警告新冠肺炎不是流感】#周刊君与你共同战疫# 周一，世界卫生组织总干事谭德塞在新闻发布会上再次警告称，一些年轻人对感染新冠病毒不以为然，但事实上有年轻健康的患者死于新冠肺炎。即使是对于康复者而言，新冠病毒也可能造成诸多长期后遗症。但谭德塞仍强调， ​​​,147.0,0.0,0.0,0.0,73.5
K2ONfaS3C,mainstream,risk,【中疾控主任：#新冠肺炎可能成为长期流行的传染病#】在最新发布的中疾控周报中，中国疾病预防控制中心主任高福表示，展望未来，2021年依旧有许多不确定因素，其中之一就是新冠肺炎或将成为全球或局部地区长期流行的传染性疾病。此外，新冠肺炎的许多新特征被陆续报出，比如被感染的患者可能将面对长期 ​​​,147.0,0.0,0.0,0.0078125,147.0
MkT6js9Pg,wemedia,risk,【#转阴后为什么会味觉嗅觉减退#】近期多位网友反映，感染康复后出现味觉、嗅觉减退的症状。国外研究表明，嗅觉丧失很可能是身体的免疫系统对新冠病毒感染作出的反应。医生表示，这并非是新冠后遗症，只能说是感染的症状之一，大多数#感染后味觉减退1个月内可恢复#，如果味觉嗅觉减退的情况超过一个月 ​​​,146.0,0.0,0.0,0.007874015748031496,73.0
K3ID6llSo,wemedia,risk,"#世卫专家提醒重视新冠后遗症# #新冠后遗症像各种症状不同组合#【世卫专家提醒重视新冠造成的长期影响[话筒]】世界卫生组织欧洲区域办事处主任克卢格25日说，近来欧洲地区新冠感染率总体呈下降趋势，但世卫组织关注到“新冠后遗症”对健康等方面造成的长期影响，将其视为“后疫情”时期的首要任务。

 ​​​",149.0,0.0,0.0,0.008,149.0
LvyBVg4MP,mainstream,risk,"【#梅西谈新冠后遗症# ：影响很大】
梅西接受阿根廷TYC体育采访，首次谈到自己感染新冠病毒后面临的困境，称新冠病毒给他肺部带来后遗症，导致他一个半月都不能跑步。
“它给我的肺部留下了后遗症。因为我肺部受到的影响，我回来后差不多一个半月不能跑步。”
梅西补充称，他迫使自己提前回到了赛场， ​​​",148.0,0.0,0.040983606557377046,0.0,49.333333333333336
K2Pz6xUbR,mainstream,risk,#三亚头条发布# 【中疾控主任：#新冠肺炎可能成为长期流行的传染病#】在最新发布的中疾控周报中，中国疾病预防控制中心主任高福表示，展望未来，2021年依旧有许多不确定因素，其中之一就是新冠肺炎或将成为全球或局部地区长期流行的传染性疾病。此外，新冠肺炎的许多新特征被陆续报出，比如被感染的患 ​​​,148.0,0.0,0.0,0.007936507936507936,148.0
L36QzEnjC,mainstream,risk,"【#中国团队新冠后遗症研究#：出院近一年，仍会呼吸急促、抑郁】感染新冠肺炎一年后，新冠患者们怎么样了？武汉协和医院的研究团队给出了最新研究成果。

11月23日，中国《医学前沿》期刊刊登了一篇华中科技大学同济医学院附属协和医院（简称武汉协和医院）团队发表的论文。研究发现，即便是非重症患者 ​​​",148.0,0.006756756756756757,0.0,0.016260162601626018,49.333333333333336
MafUXcLOk,wemedia,risk,【吴尊友：#新冠后遗症覆盖范围广# 症状可持续数周、数月甚至更长时间】10月13日，在国务院联防联控机制新闻发布会上，中国疾控中心流行病学首席专家吴尊友表示，新冠后遗症又叫新冠长期症状，世界卫生组织在2021年10月份给出的临床定义，新冠后遗症通常发生在感染新冠发病后的3个月内，可以是急性感染 ​​​,151.0,0.0,0.0,0.0390625,151.0
M7lIKsOLj,mainstream,risk,"【美国最新研究：推算，美国660万人因感染新冠出现脑损伤】#研究推测美国六百万人因新冠出现脑损伤# 据路透社消息，当地时间9月22日，美国研究团队报告称，与从未感染过新冠病毒的人相比，感染过病毒的人在一年后出现脑损伤的风险要高出7%。

据报道，这项耗时一年的研究分析了数百万份隐藏个人信息的 ​​​",150.0,0.0,0.0,0.031496062992125984,150.0
LssYRAQDq,mainstream,risk,【上海新增228例本土确诊和1259例本土无症状】据上海市卫健委：5月10日0—24时，上海新增本土新冠肺炎确诊病例228例和无症状感染者1259例，其中198例确诊病例为既往无症状感染者转归，30例确诊病例和1259例无症状感染者在隔离管控中发现。新增本土死亡7例。平均年龄87.3岁，最小年龄75岁，最大年龄98岁 ​​​,163.0,0.0,0.0,0.11904761904761904,81.5
LjGUcuyIT,mainstream,risk,【#牛津大学研究发现新冠病毒或加速大脑萎缩#】据外媒报道，英国牛津大学发表在《自然》杂志上的一项研究表明，#新冠病毒可能导致大脑萎缩#。一些新冠患者会出现包括注意力、专注力、信息处理速度下降和记忆力受损等情况。研究人员表示，这些影响是否可以部分逆转，或者是否会长期存在，还需进一步调查 ​​​,146.0,0.0,0.0,0.0,73.0
Mpj9i8kLe,mainstream,risk,"【#李谷一回应缺席春晚#：新冠病情恢复慢】
1月21日，歌唱家李谷一于其个人社交账号发文，解释今年自己参加不了春晚的原因：

大家好，我是你们的老朋友李谷一，我今年是在医院治病，参加不了春晚了，陪不了大家过2023的新年！只是太遗憾！剧组一直在等我出医院，但我的新冠病情恢复的慢，还在后遗症反 ​​​",150.0,0.013333333333333334,0.04065040650406504,0.024390243902439025,75.0
MmjVxyb5O,mainstream,risk,#脱发是新冠感染的后遗症吗#【#感染新冠后出现脱发怎么办#？】近日，有网友表示在感染新冠后出现了脱发的现象。新冠感染后为什么会出现脱发？脱发是新冠感染的后遗症吗？多长时间可以恢复？清华大学附属北京清华长庚医院皮肤科副主任医师段晓涵表示，病毒有可能引起毛囊周围的炎症反应，此外，焦虑、休 ​​​,146.0,0.0273972602739726,0.0,0.0,29.2
L35x5BDmo,mainstream,risk,"【#中国团队新冠后遗症研究#：出院近一年，仍会呼吸急促、抑郁】感染新冠肺炎一年后，新冠患者们怎么样了？武汉协和医院的研究团队给出了最新研究成果。

11月23日，中国《医学前沿》期刊刊登了一篇华中科技大学同济医学院附属协和医院（简称武汉协和医院）团队发表的论文。研究发现，即便是非重症患者 ​​​",148.0,0.006756756756756757,0.0,0.016260162601626018,49.333333333333336
LjGq2AYZ2,mainstream,risk,【#牛津大学研究发现新冠病毒或加速大脑萎缩#】据外媒报道，英国牛津大学发表在《自然》杂志上的一项研究表明，#新冠病毒可能导致大脑萎缩#。一些新冠患者会出现包括注意力、专注力、信息处理速度下降和记忆力受损等情况。研究人员表示，这些影响是否可以部分逆转，或者是否会长期存在，还需进一步调查 ​​​,146.0,0.0,0.0,0.0,73.0
LsDF8ikMW,mainstream,risk,"【随访逾千名金银潭新冠患者：超半数2年后仍有后遗症】#千名新冠患者超半数2年后仍有后遗症# 
中国团队的一项最新研究报道了不同严重程度的新冠住院幸存者在急性COVID-19感染后2年内健康结局的纵向演变。这项迄今最长的新冠患者随访研究由中日友好医院曹彬教授、中国医学科学院北京协和医学王健伟教授 ​​​",151.0,0.0,0.0,0.030303030303030304,151.0
IDKH0ePzN,mainstream,risk,【新冠重症康复后，会留下后遗症吗？援鄂医生在线解答】“我特别幸运，每次都赶上新政策！”B站UP主蘑菇鸭新冠重症康复后大赞武汉的隔离条件，“像养猪，比我自己吃外卖好多了，国家真是好！”但他在恢复期中会出现胸闷的问题，疑虑自己会不会留下了后遗症？我们邀请援助武汉的尹江涛医生，对线蘑菇鸭 ​​​,145.0,0.027586206896551724,0.04065040650406504,0.0,36.25
MaeP2taRz,wemedia,risk,【吴尊友：#新冠后遗症覆盖范围广# 症状可持续数周、数月甚至更长时间】10月13日，在国务院联防联控机制新闻发布会上，中国疾控中心流行病学首席专家吴尊友表示，新冠后遗症又叫新冠长期症状，世界卫生组织在2021年10月份给出的临床定义，新冠后遗症通常发生在感染新冠发病后的3个月内，可以是急性感染 ​​​,151.0,0.0,0.0,0.0390625,151.0
LjGSUcHPu,wemedia,risk,【#牛津大学研究发现新冠病毒或加速大脑萎缩#】据外媒报道，英国牛津大学发表在《自然》杂志上的一项研究表明，#新冠病毒可能导致大脑萎缩#。一些新冠患者会出现包括注意力、专注力、信息处理速度下降和记忆力受损等情况。研究人员表示，这些影响是否可以部分逆转，或者是否会长期存在，还需进一步调查 ​​​,146.0,0.0,0.0,0.0,73.0
KaGHgdMrA,wemedia,risk,【#世卫称有望在几个月内控制新冠疫情# #世卫警告新冠肺炎不是流感#】周一，世界卫生组织总干事谭德塞在新闻发布会上再次警告称，一些年轻人对感染新冠病毒不以为然，但事实上有年轻健康的患者死于新冠肺炎。即使是对于康复者而言，新冠病毒也可能造成诸多长期后遗症。但谭德塞仍强调，只要各国保证公 ​​​,146.0,0.0,0.0,0.0,73.0
K2O5Y6PlB,wemedia,risk,【中疾控主任：#新冠肺炎可能成为长期流行的传染病#】在最新发布的中疾控周报中，中国疾病预防控制中心主任高福表示，展望未来，2021年依旧有许多不确定因素，其中之一就是新冠肺炎或将成为全球或局部地区长期流行的传染性疾病。此外，新冠肺炎的许多新特征被陆续报出，比如被感染的患者可能将面对长期 ​​​,147.0,0.0,0.0,0.0078125,147.0
MlWWaqVPz,mainstream,risk,"【#肺部CT检查需求暴增#，#体检机构阳康体检套餐销量破14万#】#怎么判断自己肺部感染# 
“新十条”落地将近一个月，第一批奥密克戎感染患者逐渐转阴，但咳嗽、胸闷气短等症状仍在持续。“新冠后遗症”“白肺”“心肌炎”等成了新冠康复患者新的焦虑来源。为求心安，“阳康”人群涌向了医院和体检中心。 ​​​",150.0,0.0,0.008620689655172414,0.008620689655172414,50.0
MlWWa8gox,mainstream,risk,"【#肺部CT检查需求暴增#，#体检机构阳康体检套餐销量破14万#】#怎么判断自己肺部感染# 
“新十条”落地将近一个月，第一批奥密克戎感染患者逐渐转阴，但咳嗽、胸闷气短等症状仍在持续。“新冠后遗症”“白肺”“心肌炎”等成了新冠康复患者新的焦虑来源。为求心安，“阳康”人群涌向了医院和体检中心。 ​​​",150.0,0.0,0.008620689655172414,0.008620689655172414,50.0
MlWM0uTd3,mainstream,risk,"【#肺部CT检查需求暴增#，#体检机构阳康体检套餐销量破14万#】
“新十条”落地将近一个月，第一批奥密克戎感染患者逐渐转阴，但咳嗽、胸闷气短等症状仍在持续。“新冠后遗症”“白肺”“心肌炎”等成了新冠康复患者新的焦虑来源。为求心安，“阳康”人群涌向了医院和体检中心。医院肺部CT检查人数在近 ​​​",149.0,0.0,0.0,0.008547008547008548,49.666666666666664
MafdSeuh6,mainstream,risk,#新冠后遗症可持续数周数月甚至更长时间# 【吴尊友：新冠后遗症覆盖范围广 症状可持续数周、数月甚至更长时间】10月13日，在国务院联防联控机制新闻发布会上，中国疾控中心流行病学首席专家吴尊友表示，新冠后遗症又叫新冠长期症状，世界卫生组织在2021年10月份给出的临床定义，新冠后遗症通常发生在感 ​​​,151.0,0.0,0.0,0.03125,151.0
LsEruEJNJ,mainstream,risk,【#全球新冠最长随访#：#逾千名出院患者2年后超半数仍有后遗症#[感冒]】中国团队的一项最新研究报道了不同严重程度的新冠住院幸存者在急性COVID-19感染后2年内健康结局的纵向演变。研究显示，最初发病6个月后，68%的参与者报告了至少一种后遗症症状；其中，疲劳或肌肉无力是报告最多的症状，31%报告睡 ​​​,155.0,0.0,0.0,0.047619047619047616,77.5
Lq2dj1krV,mainstream,risk,【上海新增2472例本土确诊病例和16983例本土无症状感染者】#关注新冠肺炎#4月24日0—24时，上海新增本土新冠肺炎确诊病例2472例和无症状感染者16983例，其中846例确诊病例为此前无症状感染者转归，1557例确诊病例和16835例无症状感染者在隔离管控中发现，其余在相关风险人群排查中发现。新增本土死亡病 ​​​,163.0,0.0,0.0,0.08870967741935484,163.0
Lp8CHe58K,mainstream,risk,"【#上海目前重型患者21例#】#关注新冠肺炎# 今天（19日）举行的上海市疫情防控新闻发布会消息，截至4月18日24时，在定点医疗机构接受治疗的重型患者有21例。

4月18日新增死亡病例7例，年龄从60岁到101岁，合并冠心病、糖尿病、高血压、脑梗后遗症、脑出血等严重的基础疾病，均未接种新冠病毒疫苗，上 ​​​",157.0,0.0,0.0,0.09016393442622951,157.0
L4o7fhemK,mainstream,risk,"【英国120万人已出现#新冠肺炎后遗症#】新冠肺炎后遗症究竟影响有多大？
英国国家统计局数据显示，英国目前约120万人自我报告患有新冠肺炎后遗症，常见症状包括发烧、疼痛和长期疲劳和抑郁，也可能出现与哮喘患者同样的呼吸困难。
在英国120万的自我报告的病例中，84.9万人至少在12周前首次感染新冠病 ​​​",153.0,0.006535947712418301,0.015748031496062992,0.03937007874015748,76.5
KaIXSrJxM,mainstream,risk,【#世卫称有望在几个月内控制新冠疫情##世卫警告新冠肺炎不是流感#】周一，世界卫生组织总干事谭德塞在新闻发布会上再次警告称，一些年轻人对感染新冠病毒不以为然，但事实上有年轻健康的患者死于新冠肺炎。即使是对于康复者而言，新冠病毒也可能造成诸多长期后遗症。但谭德塞仍强调，只要各国保证公平 ​​​,146.0,0.0,0.0,0.0,73.0
IvSBoAgYG,mainstream,risk,"【韩国出现首例外籍人员感染新冠肺炎死亡病例】据韩联社报道，一名感染新冠肺炎的 35 岁蒙古籍男性 25 日在韩国死亡，这是韩国出现的首例外籍人员死亡病例，也是境内第 11 例死亡病例。

据介绍，该男性患有慢性肝病和晚期肾功能衰竭，为接受肝移植手术于本月 12 日入境，但入境后发现器官受损严重而放 ​​​",153.0,0.0,0.0,0.031746031746031744,153.0
Ivd6uoeEm,mainstream,risk,【慢性肺炎高发导致新冠肺炎患者病亡率偏高】截至到19日24时，黑龙江省报告新型冠状病毒肺炎死亡病例12例。死亡患者年龄偏大，多数患者有复杂基础性疾病，包括多年高血压和糖尿病、肿瘤化疗及高位截瘫患者。黑龙江省地处高寒地区，肺部疾病患病率较高，心脑血管疾病发病率也较高。针对复杂基础性疾病的 ​​​,147.0,0.0,0.0,0.023255813953488372,49.0
Iv29jzZnK,mainstream,risk,【中国工程院副院长#王辰 新冠病毒有可能长期存在#】#专家称新冠肺炎有可能转成慢性疾病#中国工程院副院长、呼吸与危重症医学专家王辰新冠肺炎与SARS不同，SARS传播性和致病性都很强，很快把宿主杀死然后病毒自身也不容易存活。而新冠肺炎有可能转成慢性疾病，像流感一样与人类共存。对此我们从临床诊 ​​​,150.0,0.0,0.007874015748031496,0.0,75.0
O5rNyaSR4,wemedia,risk,【#新冠病毒感染与认知功能下降存在相关性#——#科学认识长新冠#】今年2月29日，美国医学期刊《新英格兰医学杂志》发表了两项分别来自英国和挪威的大型队列研究，进一步证实新冠病毒感染与认知能力下降存在相关性。3月1日，《新英格兰医学杂志》与嘉会医学研究和教育集团联合打造的数字媒体《NEJM医学 ​​​,150.0,0.0,0.0,0.032,150.0
MmIuUg7c8,wemedia,risk,【感觉变笨了？#阳康后脑雾症状2到4周会逐渐恢复#】近日，部分新冠感染者表示，康复后出现反应迟钝、注意力下降，有人甚至感觉自己变傻了，好像脑子里被蒙上了一层雾，“脑雾”话题也登上热搜。#如何缓解阳康后出现的脑雾症状#？南京脑科医院神经内科医生林兴建表示，早在新冠出现之前，“脑雾”已被用 ​​​,147.0,0.013605442176870748,0.00819672131147541,0.01639344262295082,49.0
ItnNtxkJV,mainstream,risk,"【蚌埠新增16例确诊病例基本情况】2020年2月8日0-24时，蚌埠市新型冠状病毒肺炎新增确诊病例16例。新增死亡病例1例。
        患者1，女，50岁，现住址为蚌埠市高新区绿地世纪城社区西绿地津桥公馆26栋。1月25日参加聚餐（聚餐人员中有1人为途经湖北返乡人员），1月27日出现发热症状，1月28日至解放军9 ​​​",164.0,0.0,0.0,0.15079365079365079,54.666666666666664
LoBCB0vaX,mainstream,risk,【重要通告：为降低交叉感染风险 #西安实行临时社会面管控#】自4月2日发现省外输入新冠肺炎阳性感染者以来，市疫情防控指挥部在保证社会不停摆的前提下，采取精准流调溯源，大数据分析比对，重点人群、重点行业及大范围核酸筛查相结合的办法处置疫情。截至4月15日18时，我市累计发现本土阳性感染者43例 ​​​,150.0,0.0,0.007692307692307693,0.046153846153846156,150.0
MqGREzNYG,mainstream,risk,【#健康人肺功能也会异常#，气短、慢性咳嗽都需警惕】拥有一颗强大的肺，对于抵御病毒来说尤为重要，新冠疫情当前，「肺功能」成了很多人重点关注的健康指标。其实，对于健康者来说，肺功能也可能出现异常，但是因为肺泡受损很难发觉，所以即使出现了问题仍然没有症状。《生命时报》采访专家，解读肺功 ​​​,145.0,0.0,0.0,0.0,72.5
Mmzfup6B7,mainstream,risk,"【#什么情况需要做肺部CT#？感染后两种情况要警惕】与咽痛、鼻塞等症状相比，一些人更担心感染新冠后会引起肺炎，甚至有网友用“肺都要咳出来了”形容感受。感染后咳嗽、气短，到底有没有必要去医院拍胸部CT？

需要提醒的是，5类人“阳”后更易发展为白肺：1.大于65岁的老年人；2.长期住在养老机构的 ​​​",151.0,0.013245033112582781,0.0,0.03305785123966942,37.75
MkMOCuncm,mainstream,risk,【#两类人更易出现疼痛症状#】北京朝阳医院神经外科主任医师汪阳接受媒体访时表示，有文章指出，超过70%的新冠患者出现疼痛症状，主要表现为头痛、肌肉痛和肢体痛，且男性患者比例更高。汪阳介绍，首先是男性，男性患者出现疼痛的比例要高些；第二，就是高的身体质量指数（BMI），肥胖的人疼痛会重一些 ​​​,148.0,0.0,0.0,0.008130081300813009,74.0
L3nIzgL8o,mainstream,risk,【#新型变异株或由艾滋患者体内进化而来#，#新变异株突变数量是德尔塔2倍# 】近日，据英国《卫报》报道，非洲南部国家博茨瓦纳发现新冠病毒的新变，且#新冠病毒新变种在南非迅速传播# 。伦敦大学学院遗传学研究所所长弗朗索瓦·巴洛克斯教授表示，B.1.1.529变异毒株中的大量突变，显然是在一次“单一爆 ​​​,153.0,0.0,0.0,0.024390243902439025,153.0
IEVAezFIt,wemedia,risk,【世卫官员：#欧洲一半新冠死亡发生在护理机构#】#关注新冠肺炎#4月23日，世卫组织欧洲区域主任克鲁格介绍称，欧洲各国一半的新冠肺炎死者来自长期护理机构。克鲁格表示，有些住护理机构的人面临被虐待和忽视的威胁，也未能获得充足的医疗照看。他表示，即使非常虚弱且有慢性病的老人，如果可以得到很 ​​​,147.0,0.0,0.0,0.015748031496062992,73.5
Iv2ASqiUX,wemedia,risk,#关注新冠肺炎#【中国工程院副院长#王辰 新冠病毒有可能长期存在#】#专家称新冠肺炎有可能转成慢性疾病#中国工程院副院长、呼吸与危重症医学专家王辰新冠肺炎与SARS不同，SARS传播性和致病性都很强，很快把宿主杀死然后病毒自身也不容易存活。而新冠肺炎有可能转成慢性疾病，像流感一样与人类共存。对 ​​​,151.0,0.0,0.0,0.0,75.5
MowHOhQSV,mainstream,risk,"【气温骤降 “阳康”者如何防护？】“雪后降温”对新冠病毒感染恢复有影响吗？恢复期要注意什么？1月15日，记者采访了陕西省老年病医院急诊科陈兴元，对读者关心的问题进行解答。

“阳康”后，大家普遍反映的问题是会有一段时间的咳喘、气短、乏力、食欲不佳、反应变慢、记忆力减退等，可以归为中医的 ​​​",147.0,0.02040816326530612,0.0,0.01694915254237288,36.75
LryBOFbqr,mainstream,risk,【#上海昨日增本土确诊261例无症状4390例# 】#上海4日新增本土死亡病例13例# 据上海市卫健委：5月4日0—24时，上海新增本土新冠肺炎确诊病例261例和无症状感染者4390例，其中185例确诊病例为既往无症状感染者转归，75例确诊病例和4357例无症状感染者在隔离管控中发现。新增本土死亡13例。平均年龄82.77 ​​​,166.0,0.0,0.0,0.12,83.0
O1CzQfqo8,mainstream,risk,"【春节团聚被呼吸道感染打乱，专家：仍需做好防护，必要时坚持分桌】春节假期结束，初九本该上班的勤勤（化名）却还在家里休息，“我真不知道，是该高兴还是悲伤。”带着浓重的鼻音，勤勤跟记者苦笑道。#这波病毒为什么难缠##节后办公室7个人里5个咳#

这个长假，很多人选择与亲朋好友团聚，还有不少人 ​​​",148.0,0.0,0.008264462809917356,0.01652892561983471,74.0
N1zp7iVoC,mainstream,risk,"【“二阳”症状比首次轻？#专家称新冠病毒毒性目前相对温和#】身边“二阳”病例逐渐增多，难免让人心里产生一些不安：我会不会再中招？要不要赶紧做点什么？针对时下大家关心的“二阳”热点问题，“环球时报健康客户端”记者采访了安徽中医学院第一附属医院感染科主任张国梁。

1. 马上会迎来又一波大 ​​​",147.0,0.02040816326530612,0.008333333333333333,0.008333333333333333,36.75
MmSCP5lER,mainstream,risk,"【CT检查量激增，杭州一医院#1/3CT检查患者感染后引发肺炎#】#男子阳后嗜睡一检查已是白肺#这段时间，浙江省人民医院放射科接诊患者数量急速上升。“以1月3日为例，来放射科做CT检查的病人中有1/3是新冠引发的肺炎。”放射科主任助理、诊断组林毅副主任医师说。

“阳了”以后，很多人都会有不同程度的 ​​​",154.0,0.0,0.0,0.04838709677419355,51.333333333333336
MmqCmBvce,mainstream,risk,"【#阳康后为什么会出现脑雾# 如何缓解？】“阳后的恢复期，我觉得自己的注意力降低了，是不是出现了‘脑雾’？会持续多久？”近日，有患者表示，自己“阳康”后感到疲倦、注意力下降。今天（1月2日），“脑雾”话题冲上热搜榜第一，引发讨论。

专家：尚无研究能够明确新冠和“脑雾”之间的因果性

“ ​​​",148.0,0.02027027027027027,0.027522935779816515,0.01834862385321101,29.6
MmjA8uXzx,mainstream,risk,"【奥密克戎新变种易致腹泻？蒙脱石散脱销！#家里要备蒙脱石散吗#？】#新冠感染确实会有呕吐腹泻#“一大早已经买不到蒙脱石散了，新年第一天从抢药开始。”“刚从药店买回最后一盒蒙脱石散。”#蒙脱石散和XBB变异株有啥关系##未成年人禁止服用诺氟沙星#

新年第一天，社交媒体上，不少网友吐槽蒙脱石散 ​​​",150.0,0.02,0.0,0.0,30.0
MlkgeDPpl,mainstream,risk,#晨报时间# 【写给“阳性”老年人及其子女的十条建议】新型冠状病毒感染者症状包括发热、鼻塞打喷嚏、咽干咽痛、咳嗽咳痰等。如果症状严重，年轻人都难以承受，对老年人来说更是身体综合素质的考验。老年人的肝脏、肾脏、心脏各项功能会出现不同程度的减退，导致对药物不敏感、不良反应的发生几率也会 ​​​,145.0,0.0,0.0,0.0,72.5
Ml4wzA0La,mainstream,risk,"【#老人应闭门不出谢绝访客# 】#老人血氧低于92%要就医# 在国内首波感染潮下，65岁以上的老年人和有慢性病的高危人群首当其冲。老人如何避开这波感染高峰？凤凰网《肿瘤情报局》特约专家张作风教授提出4点注意事项：

第一，在疫情高峰期，要争取闭门不出，谢绝上门访问，尤其是即将到来的元旦、春节。 ​​​",151.0,0.006622516556291391,0.0,0.02459016393442623,50.333333333333336
MkipD2n1P,wemedia,risk,【#老年人疫苗接种7问7答#】国务院联防联控机制有关专家表示：①大量监测和研究显示，不接种疫苗的话，尤其是在老年人当中，以及在慢性基础性疾病的人群当中，不管是发生重症还是死亡的风险都是非常高的，#老年人全程接种疫苗将降低重症风险#；②从目前监测到的情况看，60岁及以上老年人接种新冠病毒疫 ​​​,148.0,0.0,0.0,0.023622047244094488,148.0
MmoFMDrtG,wemedia,risk,"【#专家回应阳康后出现脑雾症状#】“‘阳’后的恢复期，我觉得自己的注意力降低了，是不是出现了‘脑雾’？会持续多久？”有患者表示，自己“阳康”后感到疲倦、注意力下降。

“新冠感染康复后，我觉得自己反应有点迟钝。”1月1日，北京市朝阳区的孙女士告诉人民日报健康客户端记者：“工作的时候要刻 ​​​",147.0,0.013605442176870748,0.043478260869565216,0.017391304347826087,36.75
MlbloaPEn,wemedia,risk,"#感染后咳嗽什么程度应该警惕#【新冠感染后咳嗽不止，怎么办？】新冠感染后咳嗽不止？医生告诉你这样做

新冠病毒感染后，不少人出现了咳嗽、发热、肌肉酸痛等临床症状。部分感染者在转阴后，仍有咳嗽的情况。新冠感染后咳嗽不止，甚至痰中有血丝怎么办？四川大学华西医院呼吸与危重症医学科副主任王刚 ​​​",146.0,0.02054794520547945,0.0,0.0,29.2
MkbvIjgmv,wemedia,risk,#男子发烧1次吃2片布洛芬进急诊#【一新冠患者乱服布洛芬，紧急就诊！这些人要当心】#医生提醒4类人群慎用布洛芬# 近日，四川成都市民李先生，因为乱吃药，把自己吃进了医院……46岁的李先生一直有慢性胃炎，因为感染新冠病毒，出现全身酸痛症状，并发烧至39.5℃，于是在家自行口服布洛芬缓释胶囊。在用 ​​​,151.0,0.006622516556291391,0.008064516129032258,0.04032258064516129,75.5
MmpwjgGqD,mainstream,risk,"#哪些瞬间让你觉得自己脑雾了##专家回应阳康后出现脑雾症状#“新冠感染康复后，我觉得自己反应有点迟钝。”昨天中午竟然点了两份外卖，感觉自己变傻了。”是不是出现了‘脑雾’？会持续多久？”。

有医生解释，脑雾并不是一个医学术语或科学术语，而是对一类谈不上症状的感觉的描述，早在新冠出现之前 ​​​",147.0,0.013605442176870748,0.03305785123966942,0.0,29.4
Mk8E3wkGx,mainstream,risk,"#这次的重症和三年前有何不同# 在本刊涉及多地的采访中，如果你是一位进入医院的新冠病毒感染者，根据症状、年龄、是否有基础疾病等标准，医生会为你做出不同去路的分诊策略——从最轻的“买药回家”，到最重的“入住ICU”。

几乎所有受访者都提到，与目前发热门诊中的焦虑气氛不同，入院后的大部分患 ​​​",148.0,0.0,0.0,0.0,148.0
LtwYagN6Y,mainstream,risk,"【#上海新增96例本土确诊759例本土无症状# 】上海市卫健委今早通报：5月17日0—24时，上海新增本土新冠肺炎确诊病例96例和无症状感染者759例，其中56例确诊病例为既往无症状感染者转归，40例确诊病例和759例无症状感染者在隔离管控中发现。

新增本土死亡3例，平均年龄69.7岁，最小年龄66岁，最大年龄7 ​​​",162.0,0.0,0.0,0.11811023622047244,162.0
Lte7s6ve5,mainstream,risk,"【#上海新增69例本土确诊869例本土无症状#】上海市卫健委通报：2022年5月15日0—24时，上海新增本土新冠肺炎确诊病例69例和无症状感染者869例，其中42例确诊病例为既往无症状感染者转归，27例确诊病例和869例无症状感染者在隔离管控中发现。

新增本土死亡病例4例，平均年龄86.5岁，最小年龄80岁，最大 ​​​",163.0,0.0,0.0,0.11904761904761904,163.0
Ls0Na7IaW,mainstream,risk,"【#上海新增本土确诊215例无症状3760例# 】据上海市卫健委：5月7日0—24时，上海新增本土新冠肺炎确诊病例215例和无症状感染者3760例，其中135例确诊病例为既往无症状感染者转归，80例确诊病例和3749例无症状感染者在隔离管控中发现。

新增本土死亡8例。平均年龄80.6岁，最小年龄55岁，最大年龄93岁。 ​​​",165.0,0.0,0.0,0.12195121951219512,55.0
Lryr75nqq,mainstream,risk,"【#上海昨日增本土确诊261例无症状4390例# 】据上海市卫健委：5月4日0—24时，上海新增本土新冠肺炎确诊病例261例和无症状感染者4390例，其中185例确诊病例为既往无症状感染者转归，75例确诊病例和4357例无症状感染者在隔离管控中发现。

#上海4日新增本土死亡病例13例#新增本土死亡13例。平均年龄82.7 ​​​",166.0,0.0,0.0,0.12,83.0
Lqurscuqs,mainstream,risk,"【#上海新增本土无症状降至1万以下# 
#上海新增本土确诊1292例无症状9330例# 
#上海27日新增本土死亡47例#】
4月27日0—24时，上海新增本土新冠肺炎确诊病例1292例（含既往无症状感染者转为确诊病例858例）和无症状感染者9330例，实际新增本土阳性感染者9764例，432例确诊病例和9140例无症状感染者在隔 ​​​",170.0,0.0,0.0,0.12396694214876033,170.0
LpTGKlBQg,mainstream,risk,"#上海已有87例死亡病例均合并有严重的多脏器基础疾病# 
#上海现有重型患者160例危重型19例#
  #上海继续开展分区分级的抗原核酸组合筛查# 
今天（24日）举行的上海市疫情防控新闻发布会上通报，截至4月23日24时，在定点医疗机构接受治疗的重型患者160例、危重型患者19例。

4月23日，新增本土死亡病例3 ​​​",163.0,0.0,0.0,0.09523809523809523,163.0
LpJks5W4f,mainstream,risk,"【#上海新增本土确诊2736例无症状20634例#】4月22日0—24时，上海新增本土新冠肺炎确诊病例2736例和无症状感染者20634例，其中1120例确诊病例为此前无症状感染者转归，1542例确诊病例和20490例无症状感染者在隔离管控中发现，其余在相关风险人群排查中发现。

新增本土死亡12例。平均年龄88.2岁，最大 ​​​",167.0,0.0,0.0,0.10833333333333334,83.5
MrVNX7MRO,wemedia,risk,【慢性基础疾病老年人感染新冠后需要注意这些】,22.0,0.0,0.0,0.0,22.0
MlXld2sA7,mainstream,risk,【感染奥密克戎后，出现肺炎比例多高？多组研究数据公布】近日有新冠感染者反映，在就诊过程中发现了肺炎，或是CT出现了“白肺”现象（即较为严重的肺炎表现），不少网友认为者可能是感染了新冠原始毒株，或是德尔塔病毒，而非奥密克戎。事实上，原始毒株、德尔塔在全球都已销声匿迹。网友们之所以怀疑 ​​​,145.0,0.006896551724137931,0.0,0.0,48.333333333333336
Iw0Mep3wM,wemedia,risk,#抗炎科技日志# 【52人“新冠危重患者”研究：#超6成入住ICU28天内死亡#】当地时间2月24日，《柳叶刀呼吸医学》发表首份#新冠危重患者特征研究# 。研究涉及的52名危重症患者中，32名（61.5%）在入住ICU后28天内死亡。与生存患者相比，死亡患者平均年龄更大，并且更有可能同时患有慢性疾病。研究指出， ​​​,160.0,0.0,0.0,0.07692307692307693,53.333333333333336
IuYtmvGKV,wemedia,risk,#疫情速报# #抗炎科技日志# 【王辰院士：#新冠病毒有长期存在的可能#】2月19日晚，白岩松连线中国工程院副院长、呼吸与危重症医学专家王辰。对于是否存在与新冠病毒长期共存的可能，王辰表示：“有这种可能。SARS的传播性和致病性都很强，对这样兼具很强传播性和很强致病性的病毒，是不容易存活和在人 ​​​,151.0,0.0,0.0,0.016260162601626018,75.5
IqUWOn9y6,wemedia,risk,#疫情速报# 【河北确诊第2例新冠肺炎病例】1月23日，河北省确诊第2例新型冠状病毒感染的肺炎病例。患者陈某，男，80岁，沧州市南皮县人，在武汉探亲居住2月余，返回南皮县后出现胸闷、呼吸困难，入院隔离治疗，伴有高血压、慢性支气管炎、肺气肿等基础疾病，1月22日抢救无效死亡。1月23日，省市专家组 ​​​,152.0,0.0,0.0,0.08064516129032258,76.0
IvepatLpe,mainstream,risk,【王辰：新冠病毒有可能长期存在】我们是否有可能要做好与新冠病毒长期共存的准备？对此，中国工程院副院长、呼吸与危重症医学专家王辰表示，新冠肺炎可能转为慢性的、像流感一样长期在人间存在的病。这种可能性是完全存在的，对此我们要做好准备。http://t.cn/A6hlA38y ​​​,139.0,0.007194244604316547,0.018518518518518517,0.018518518518518517,46.333333333333336
MnDMg56CE,mainstream,risk,"【86岁高龄老人今日“阳康”出院，医生提醒，这个姿势很重要】
     近日，合肥86岁蒋奶奶感染新冠，出现发烧、咳嗽、气喘等症状，被家人紧急送医治疗。经救治，并配合“新冠趴”，蒋奶奶病情逐渐稳定，于今日顺利出院。
     据了解，家住庐阳区的蒋奶奶患有高血压、糖尿病、心房颤动等慢性病，而几日 ​​​",152.0,0.0,0.0,0.017857142857142856,76.0
Mh26WhAXY,wemedia,risk,"#坚决打赢疫情防控阻击战#【防疫科普 | 混管异常后如何降低家人感染风险？这几点必须要做到！】
近段时间
国内新冠疫情呈现出多点发生的态势
不少人按照疫情防控要求
开始了居家生活
疫情流行期间
心血管疾病患者、慢性病患者、
老人等群体
由于有基础性疾病
免疫功能较差
一旦被感染，病情进展快
严重 ​​​",152.0,0.013157894736842105,0.0,0.0,76.0
L5fm1iHWm,mainstream,risk,【#国家卫健委回应老年人有无必要接种疫苗#】9日，在国新办举行的新闻发布会上，国家卫生健康委老龄健康司司长王海东称，老年人大多有基础疾病，从目前全球的情况来看，老年人一旦感染新冠病毒，他发生重症和死亡的风险远远高于年轻人和儿童。接种疫苗是预防新冠疫情最有效的手段，让老年人尽早接种疫 ​​​,145.0,0.0,0.0,0.007751937984496124,145.0
Iv1TIpfcb,wemedia,risk,#陇南全力战疫情##关注新冠肺炎# 【王辰院士：#新冠病毒有长期存在的可能#】2月19日晚，白岩松连线中国工程院副院长、呼吸与危重症医学专家王辰。对于是否存在与新冠病毒长期共存的可能，王辰表示：“有这种可能。SARS的传播性和致病性都很强，对这样兼具很强传播性和很强致病性的病毒，是不容易存活和 ​​​,151.0,0.0,0.0,0.016129032258064516,75.5
JAP2Yj6sf,wemedia,risk,"重要公告！！！会宁人请查收
 2021年“元旦”“春节”即将来临，新冠肺炎疫情从境外及外省市通过人口流动、冷链物流等渠道传入本地的风险增大，疫情防控形势依然十分严峻。截至12月27日，全国仍有新冠肺炎疫情中风险区22个，分别为北京3个（朝阳区酒仙桥街道汉庭酒店大山子店<包括底商>、顺义区高丽营 ​​​",151.0,0.019867549668874173,0.0,0.040983606557377046,37.75
N1KbegGfG,mainstream,risk,"【同事“二阳”了，我要怎么办？需要吃药吗？】近日，有网友晒出自己的“二阳”抗原测试结果。不少人表示，自己的同事或者家人“二阳”了，那自己怎么办？需要吃药吗？看看专家给出的权威建议。

新冠病例数在上升吗？

中国疾控中心传防处研究员王丽萍接受新华社记者采访表示，从全国传染病网络直报系 ​​​",146.0,0.03424657534246575,0.03389830508474576,0.0,20.857142857142858
Mm5Zvt48J,mainstream,risk,"【新冠感染者双肺曾98%变白，今达康复出院标准，医生提醒：白肺可预警】12月29日上午，67岁的新冠感染者郑先生从武汉市第三医院光谷院区康复出院，就在2周前，他的双肺98%变白。
患有高血压、糖尿病等慢性病的郑先生（化名）在2周前感染新冠病毒。15日，家人发现患者精神恍惚，面色发紫、呼吸窘迫、呼 ​​​",152.0,0.0,0.0,0.06557377049180328,76.0
Mk2hIcVMe,mainstream,risk,【感染新冠后血压升高 有基础疾病的老年人可以这样应对新冠】老年人常伴有高血压、糖尿病、冠心病等慢性基础疾病，免疫力相对较弱，感染新冠病毒的风险更大。老年人感染新冠病毒后面临着两种风险，一是新冠病毒本身的感染，二是新冠病毒诱发的基础疾病加重，这也导致感染后转为重症危重症的比例更高。 ​​​,144.0,0.0,0.0,0.0,72.0
MjZ35qiFI,mainstream,risk,老年人常伴有高血压、糖尿病、冠心病等慢性基础疾病，免疫力相对较弱，感染新冠病毒的风险更大。老年人感染新冠病毒后面临着两种风险，一是新冠病毒本身的感染，二是新冠病毒诱发的基础疾病加重，这也导致感染后转为重症危重症的比例更高。那么有基础病老年人如何应对新冠呢？戳视频找答案。  ​​​,140.0,0.007142857142857143,0.0,0.0,35.0
MkXl52kW0,mainstream,risk,【#感染后咳嗽不止该怎样应对#？华西专家告诉你这么做】#新冠后咳嗽比感冒咳嗽会更加持久# 四川大学华西医院呼吸与危重症医学科副主任王刚表示，新冠病毒感染后的咳嗽比普通感冒、流感相关感染咳嗽会更加严重和持久。通常可以采用一些外周性和中枢性的镇咳药物，用药时还要根据急性阶段、亚急性和慢性 ​​​,146.0,0.00684931506849315,0.0,0.0,73.0
KwVfWr7MB,mainstream,risk,【#台湾565人接种阿斯利康疫苗后猝死#】据海外网，国民党立法机构党团总召费鸿泰强调，台湾地区接种新冠疫苗后猝死的案例累计已达712人，其中阿斯利康有565人、莫德纳有141人、自产疫苗有6人，台疫情指挥中心该做的检验不做，反而推给慢性疾病，甚至把接种自产疫苗死亡的案例推给吸毒过量导致。对此， ​​​,151.0,0.0,0.0,0.04,151.0
IAYD9zhFY,mainstream,risk,【骨髓癌患者就医时诊断为新冠肺炎疑似病例 排除后仍需隔离14天】#癌症患者排除新冠疑似后隔离14天# 武汉王先生的父亲王忠（化名），是一位多发性骨髓癌晚期患者，伴随慢性肾功能衰竭、尿毒症。3月11日，王先生陪同父亲去武汉协和医院就诊，结果因CT影像显示肺部有感染被作为新冠肺炎疑似人员上报。之 ​​​,150.0,0.0,0.0,0.031496062992125984,75.0
Iv6a1ylay,mainstream,risk,"#四川3例死亡病例均有慢性基础疾病# 【#四川通报3例新冠肺炎死亡病例#：均有慢性基础性疾病】近日，网友十分关注四川3例新冠肺炎死亡病例情况。为此，记者专门走访了省卫生健康委应对新型冠状病毒肺炎疫情领导小组医疗救治专家组专家，专家对3例死亡病例进行了分析。

“虽然我们尽全力抢救，但3名患者 ​​​",150.0,0.0,0.007751937984496124,0.03875968992248062,75.0
Iursk150b,mainstream,risk,"【最新！#成都新增1例确诊病例#、死亡2人，具体情况公布】据成都卫健委消息：2月15日，成都市新增确诊病例1例（为既往无症状感染者订正），新增出院5人，新增死亡2人。

截至2月15日24时，成都市累计报告确诊病例140例，累计出院49人，死亡3人，其余88人（其中危重10人）均在定点医院隔离治疗，1360名 ​​​",159.0,0.006289308176100629,0.0,0.1322314049586777,79.5
IvY1YxRmT,mainstream,risk,【#韩国新天地教会信徒新冠肺炎死亡# 韩国新冠肺炎累计死亡病例增至12例】今天，韩国大邱市政府表示，又有1例确诊感染新冠肺炎的患者不治身亡。韩国境内累计死亡病例增至12例。该患者73岁，是韩国新天地教会信徒，患有糖尿病和高血压等慢性疾病。（央视新闻） ​​​,129.0,0.0,0.0,0.037037037037037035,43.0
Iv2qn7dLS,mainstream,risk,【王辰院士：#新冠病毒可能转成慢性# 像流感一样存在】新冠病毒是否会长期存在？呼吸与危重症医学专家、中国工程院副院长王辰院士表示：有这种可能性。这个病有可能转成慢性的、像流感一样在人间存在的病，这种可能性是完全存在，对此我们要做好准备。 （央视《新闻一加一》）http://t.cn/A6hOp97K ​​​,154.0,0.006493506493506494,0.008695652173913044,0.017391304347826087,51.333333333333336
MkExlf57e,wemedia,risk,【尽早接种、尽早保护！给老年人接种新冠疫苗的建议→】#老人防护不松懈，疫苗接种来护航#市疾控中心介绍，我市监测数据显示，未接种新冠疫苗者的病死率是接种者的78倍，年龄越大，重症和死亡的比例越高。高龄、慢性基础性疾病和未接种新冠疫苗是导致新冠重症和死亡的三大危险因素，特别是伴有基础疾病 ​​​,146.0,0.00684931506849315,0.007936507936507936,0.007936507936507936,73.0
LyaMi6KiX,wemedia,risk,【疫情防控要科学，接种疫苗是关键！一起看看四团镇的疫苗接种“花式服务”】#同心防疫 让我们一起苗苗苗# 奥密克戎变异株传染性强、传播速度快、传播过程隐匿，对于没有接种新冠疫苗的人，尤其是没有接种新冠疫苗的老年人和有慢性基础性疾病的人，带来重症和死亡的风险依然存在。下面，小编为大家带来 ​​​,146.0,0.00684931506849315,0.008,0.0,73.0
L5h2Wd9D6,mainstream,risk,【#国家卫健委回应老年人有无必要接种疫苗#】9日，在国新办举行的新闻发布会上，国家卫生健康委老龄健康司司长王海东称，老年人大多有基础疾病，从目前全球的情况来看，老年人一旦感染新冠病毒，他发生重症和死亡的风险远远高于年轻人和儿童。接种疫苗是预防新冠疫情最有效的手段，让老年人尽早接种疫 ​​​,145.0,0.0,0.0,0.007751937984496124,145.0
K2CPy73is,mainstream,risk,【#7种慢性病增加新冠重症和病亡风险#】日前，法国科学研究团队Epi-Phare发布一项大规模调查结果，该研究针对47种慢性疾病开展了大规模统计调查。报告特别指出，有七种疾病大幅增加了新冠肺炎患者重症和病亡风险。对于有肺癌、唐氏综合征、囊肿性纤维化、精神发育迟滞、肾衰竭、肾脏移植或肺移植的患者 ​​​,151.0,0.0,0.0,0.016,75.5
Iv2KkFqct,mainstream,risk,【中国工程院副院长#王辰 新冠病毒有可能长期存在#】#专家称新冠肺炎有可能转成慢性疾病#中国工程院副院长、呼吸与危重症医学专家王辰新冠肺炎与SARS不同，SARS传播性和致病性都很强，很快把宿主杀死然后病毒自身也不容易存活。而新冠肺炎有可能转成慢性疾病，像流感一样与人类共存。对此我们从临床诊 ​​​,150.0,0.0,0.007874015748031496,0.0,75.0
Ls0V4y6C9,mainstream,risk,"【#上海新增本土确诊215例无症状3760例#】上海市卫健委通报：5月7日0—24时，新增本土新冠肺炎确诊病例215例和无症状感染者3760例，其中135例确诊病例为既往无症状感染者转归，80例确诊病例和3749例无症状感染者在隔离管控中发现。新增境外输入性确诊病例2例，均在闭环管控中发现。

新增本土死亡8例。 ​​​",161.0,0.0,0.0,0.104,53.666666666666664
LrRidbNOf,mainstream,risk,【#上海新增本土确诊253例无症状3961例#】#上海新增本土死亡病例13例# 据健康上海12320：2022年5月6日0—24时，新增本土新冠肺炎确诊病例253例和无症状感染者3961例，其中175例确诊病例为既往无症状感染者转归，78例确诊病例和3943例无症状感染者在隔离管控中发现。无新增境外输入性新冠肺炎确诊病例和 ​​​,166.0,0.0,0.0,0.11290322580645161,166.0
IvZv3nlQd,mainstream,risk,【在重症隔离病房成功抢救一位突发“脑疝”患者】2020年2月17日，中国疾控中心“新冠肺炎应急响应机制流行病学组”，在《中华流行病学杂志》发表的文章指出，中国确诊新冠肺炎患者中，53%的患者并未报告其基础性疾病情况。对于患有其它基础性疾病的新冠肺炎患者而言，他们的境况更加危险，医生在抢救这 ​​​,149.0,0.0,0.0,0.03225806451612903,149.0
MlmvulaMS,mainstream,risk,【#转阴后为啥感觉身体恢复慢#？急性病都是病去如抽丝】#阳了后回归完全正常状态需要多久# 很多人反映，在新冠转阴返岗后，总是感觉非常疲乏，这是什么原因呢？北京大学人民医院感染科主任高燕表示，虽然病人烧也退了，抗原也转阴了，但是其实人体整个体力的恢复、功能的恢复确实需要时间，大概需要2~3 ​​​,148.0,0.013513513513513514,0.0,0.015873015873015872,74.0
LqTmd2gVT,mainstream,risk,"苏家屯区新冠肺炎疫情防控指挥部通告（第13号）
#沈阳每日新闻##苏家屯解封# 
        在全区居民的共同努力下，目前我区此轮疫情得到有效控制。但奥密克戎变异株传染强度大、传播速度快、传播过程非常隐匿，社会面依然面临着严峻风险，绝不可掉以轻心，不能有丝毫懈怠，必须时刻保持高度警惕。为巩固 ​​​",152.0,0.0,0.008264462809917356,0.008264462809917356,76.0
MlYnG6nyj,wemedia,risk,#江河湖北#【动一下容易心慌，需要就医吗？】近日，网上流传的各种说法，引起大家的新一轮忧虑。“我的心跳有点快，要不要去医院？”我的心跳每分钟120多下，是不是得了心肌炎？“阳了第四天，今天突然心跳加快，动一下容易心慌，需要就医吗？”……“阳过后小心病毒性心肌炎”话题，一度冲上热搜榜第 ​​​,146.0,0.0273972602739726,0.017543859649122806,0.008771929824561403,29.2
MmMNT7uWb,mainstream,risk,【警惕“沉默性缺氧”！#海口市为65岁以上老人提供免费血氧检测和氧疗服务#】近期新冠病毒在我市快速传播，60岁以上老年人是感染新冠病毒后引发重症的危险人群，特别是80岁以上的高龄老人更是重症的高危人群。在感染新冠病毒后，有一些老年人，特别是肥胖、吸烟或有慢性阻塞性肺病、糖尿病、肿瘤等基础 ​​​,148.0,0.006756756756756757,0.007936507936507936,0.023809523809523808,74.0
Iv3ghkhIu,mainstream,risk,【王辰：#新冠病毒有可能长期存在#】我们是否有可能要做好与新冠病毒长期共存的准备？对此，中国工程院副院长、呼吸与危重症医学专家王辰表示，新冠肺炎可能转为慢性的、像流感一样长期在人间存在的病。这种可能性是完全存在的，对此我们要做好准备。http://t.cn/A6hlA38y ​​​,141.0,0.0070921985815602835,0.018518518518518517,0.018518518518518517,47.0
MgI8PDEBS,wemedia,risk,【混管异常后如何降低家人感染风险？这几点必须要做到！】近段时间，国内新冠疫情呈现出多点发生的态势，不少人按照疫情防控要求开始了居家生活。疫情流行期间，心血管疾病患者、慢性病患者、老人等群体由于有基础性疾病，免疫功能较差，一旦被感染，病情进展快，严重程度更高。因此，更需要做好健康管 ​​​,144.0,0.013888888888888888,0.0,0.0,36.0
MlpqSeL4A,wemedia,risk,【#胃不好阳了尽量别空腹吃药#】新冠阳性的急性期和康复期都会使用一些对症治疗的药物，最近有媒体报道一些人使用药物后出现了其他系统比如消化系统的一些反应。如何科学合理使用药物？北京大学人民医院感染科主任 高燕：如果本身就有一些胃的慢性病，比如胃溃疡、十二指肠溃疡等胃肠道疾病的患者，在 ​​​,145.0,0.006896551724137931,0.0,0.0,72.5
MmHI3vIck,mainstream,risk,【感觉变笨了？#阳康后脑雾症状2到4周会逐渐恢复#】近日，部分新冠感染者表示，康复后出现反应迟钝、注意力下降，有人甚至感觉自己变傻了，好像脑子里被蒙上了一层雾，“脑雾”话题也登上热搜。#如何缓解阳康后出现的脑雾症状#？南京脑科医院神经内科医生林兴建表示，早在新冠出现之前，“脑雾”已被用 ​​​,147.0,0.013605442176870748,0.00819672131147541,0.01639344262295082,49.0
L3oECF0RO,mainstream,risk,【#新型变异株或由艾滋患者体内进化而来# 世卫将其命名为Omicron 】近日，据英国《卫报》报道，非洲南部国家博茨瓦纳发现新冠病毒的新变，且新冠病毒新变种在南非迅速传播。专家称，该变种病毒的威力很可能比现有的Delta病毒更可怕。伦敦大学学院遗传学家巴洛克斯称，该变种可能从艾滋病患者体内进化而 ​​​,152.0,0.0,0.0,0.0,76.0
MlmjrjRm3,mainstream,risk,【#转阴后为啥感觉身体恢复慢#？急性病都是病去如抽丝】#阳了后回归完全正常状态需要多久# 很多人反映，在新冠转阴返岗后，总是感觉非常疲乏，这是什么原因呢？北京大学人民医院感染科主任高燕表示，虽然病人烧也退了，抗原也转阴了，但是其实人体整个体力的恢复、功能的恢复确实需要时间，大概需要2~3 ​​​,148.0,0.013513513513513514,0.0,0.015873015873015872,74.0
K2CPgb59X,mainstream,risk,【#7种慢性病增加新冠重症和病亡风险#】日前，法国科学研究团队Epi-Phare发布一项大规模调查结果，该研究针对47种慢性疾病开展了大规模统计调查。报告特别指出，有七种疾病大幅增加了新冠肺炎患者重症和病亡风险。对于有肺癌、唐氏综合征、囊肿性纤维化、精神发育迟滞、肾衰竭、肾脏移植或肺移植的患者 ​​​,151.0,0.0,0.0,0.016,75.5
IwAgLu0RL,mainstream,risk,#最新疫情报道#【#泰国现首例新冠肺炎死亡病例#】泰国朱拉隆功大学医学院新型传染病研究中心主任提叻瓦·合玛朱塔（Thiravat Hemachudha）透露，一名35岁泰国籍男性因感染新冠肺炎于2月29日傍晚在曼谷逝世，这是泰国首例新冠肺炎死亡病例。他还表示，这是一个重要案例，显示无症状感染者也可以传播病毒 ​​​,158.0,0.0,0.0,0.024793388429752067,158.0
IvY2A2hmH,mainstream,risk,#最新疫情报道# 【#韩国新天地教会信徒新冠肺炎死亡# 韩国新冠肺炎累计死亡病例增至12例】今天（2月26日），韩国大邱市政府表示，又有1例确诊感染新冠肺炎的患者不治身亡。韩国境内累计死亡病例增至12例。该患者73岁，是韩国新天地教会信徒，患有糖尿病和高血压等慢性疾病。 ​​​,139.0,0.0,0.0,0.05263157894736842,46.333333333333336
MmIrthyhz,mainstream,risk,【感觉变笨了？#阳康后脑雾症状2到4周会逐渐恢复#】近日，部分新冠感染者表示，康复后出现反应迟钝、注意力下降，有人甚至感觉自己变傻了，好像脑子里被蒙上了一层雾，“脑雾”话题也登上热搜。#如何缓解阳康后出现的脑雾症状#？南京脑科医院神经内科医生林兴建表示，早在新冠出现之前，“脑雾”已被用 ​​​,147.0,0.013605442176870748,0.00819672131147541,0.01639344262295082,49.0
Ln0yE6mGq,mainstream,risk,【山西省疾病预防控制中心紧急提示】4月3日0-24时，31个省（自治区、直辖市）和新疆生产建设兵团报告新增本土确诊病例1366例，本土无症状感染者11771例，共计新增感染13137例，截至4月4日9时，全国中高风险区400个。继忻州原平、长治黎城、大同浑源、太原小店区疫情之后，4月4日晋中榆次、太原晋源区、 ​​​,159.0,0.0,0.0,0.11475409836065574,159.0
Iv2qn7dlj,mainstream,risk,【中国工程院副院长#王辰 新冠病毒有可能长期存在#】#专家称新冠肺炎有可能转成慢性疾病#中国工程院副院长、呼吸与危重症医学专家王辰新冠肺炎与SARS不同，SARS传播性和致病性都很强，很快把宿主杀死然后病毒自身也不容易存活。而新冠肺炎有可能转成慢性疾病，像流感一样与人类共存。对此我们从临床诊 ​​​,150.0,0.0,0.007874015748031496,0.0,75.0
Mlbmjvkfr,mainstream,risk,"#感染后咳嗽什么程度应该警惕#【新冠感染后咳嗽不止，怎么办？】新冠感染后咳嗽不止？医生告诉你这样做

新冠病毒感染后，不少人出现了咳嗽、发热、肌肉酸痛等临床症状。部分感染者在转阴后，仍有咳嗽的情况。新冠感染后咳嗽不止，甚至痰中有血丝怎么办？四川大学华西医院呼吸与危重症医学科副主任王刚 ​​​",146.0,0.02054794520547945,0.0,0.0,29.2
LrRtmDMRD,mainstream,risk,【#上海新增本土确诊253例无症状3961例#】上海市卫健委通报： 5月6日0—24时，上海新增本土新冠肺炎确诊病例253例和无症状感染者3961例，其中175例确诊病例为既往无症状感染者转归，78例确诊病例和3943例无症状感染者在隔离管控中发现。新增本土死亡病例13例。平均年龄83.8岁，最小年龄62岁，最大年龄9 ​​​,164.0,0.0,0.0,0.12,82.0
LryGG6Fyi,mainstream,risk,【#上海昨日增本土确诊261例无症状4390例#】#上海4日新增本土死亡病例13例#5月4日0—24时，上海新增本土新冠肺炎确诊病例261例和无症状感染者4390例，其中185例确诊病例为既往无症状感染者转归，75例确诊病例和4357例无症状感染者在隔离管控中发现。5月4日0—24时，新增本土死亡13例。平均年龄82.77岁 ​​​,167.0,0.0,0.0,0.15079365079365079,83.5
IwAu8jYf9,mainstream,risk,"【#泰国出现首例新冠肺炎死亡病例#】泰国朱拉隆功大学医学院新型传染病研究中心主任提叻瓦·合玛朱塔（Thiravat Hemachudha）透露，一名35岁泰国籍男性因感染新冠肺炎于2月29日傍晚在曼谷逝世，这是泰国首例新冠肺炎死亡病例。

他还表示，这是一个重要案例，显示无症状感染者也可以传播病毒，而且就算 ​​​",158.0,0.0,0.0,0.025,158.0
IvYjUqGJ8,mainstream,risk,【#韩国新天地教会信徒新冠肺炎死亡# 韩国新冠肺炎累计死亡病例增至12例】今天，韩国大邱市政府表示，又有1例确诊感染新冠肺炎的患者不治身亡。韩国境内累计死亡病例增至12例。该患者73岁，是韩国新天地教会信徒，患有糖尿病和高血压等慢性疾病。#韩国疫情# （央视新闻） ​ ​​​,138.0,0.0,0.0,0.03571428571428571,46.0
IEMtZ1hsg,mainstream,risk,【五一能旅游吗？需要做好哪些防护？】五一将至，对于大部分近期没有病例报告的地区，出去旅行还是比较安全的，但是目前每日仍有新增境外输入病例或者本土病例，我们要保持警惕的心，要意识到感染新冠肺炎的风险。对一些老年人、慢性病患者、孕妇这些高危人群不建议出行旅游。对于出行人员要注意预防， ​​​,144.0,0.013888888888888888,0.007936507936507936,0.0,36.0
Iv65xcZsG,mainstream,risk,"【#四川通报3例新冠肺炎死亡病例#：均有慢性基础性疾病】#关注新冠肺炎疫情#2月20日，四川省卫生健康委应对新型冠状病毒肺炎疫情领导小组医疗救治专家组专家，对3例死亡病例进行了分析。
患者张某，女性，80岁，2020年1月21日由武汉来成都，因“咳嗽、咳痰1周，发热5天”，于1月23日收入成都市公共卫生 ​​​",156.0,0.0,0.0,0.096,156.0
ItP1b4N2K,mainstream,risk,【#日本邮轮确诊174例新冠肺炎# 一名检疫官也被感染】2月12日， “钻石公主”号邮轮上又新增39例确诊新冠肺炎病例，此外一名检疫官员也感染了新型冠状病毒。邮轮上累计确诊病例已达174例，有4人已上呼吸机或进入了重症监护室，其中3人是日本人。日本将允许年长者和有慢性病的乘客先下船。 ​​​,146.0,0.0,0.0,0.05785123966942149,48.666666666666664
M9N1ofipo,mainstream,risk,"【关于全面加强阜阳市颍泉区部分区域疫情防控的通告】今晨，阜阳市颍泉区发布“关于全面加强颍泉区部分区域疫情防控的通告”，具体如下：

10月10日，我区（颍泉区）在重点人群例行核酸检测中发现2例太和县关联疫情阳性感染者，轨迹较为复杂，传播风险高。为切实保障人民群众生命安全和身体健康，减少 ​​​",147.0,0.0,0.008,0.024,147.0
Iv34XeGKg,mainstream,risk,#万众一心战疫情# 【#专家称新冠肺炎有可能转成慢性疾病#，像流感一样与人类共存】中国工程院副院长、呼吸与危重症医学专家王辰新冠肺炎与SARS不同，SARS传播性和致病性都很强，很快把宿主杀死然后病毒自身也不容易存活。而新冠肺炎有可能转成慢性疾病，像流感一样与人类共存。对此我们从临床诊治和生 ​​​,150.0,0.0,0.007936507936507936,0.0,75.0
Iv2hivD4G,mainstream,risk,【中国工程院副院长#王辰 新冠病毒有可能长期存在#】中国工程院副院长、呼吸与危重症医学专家王辰新冠肺炎与SARS不同，SARS传播性和致病性都很强，很快把宿主杀死然后病毒自身也不容易存活。而新冠肺炎有可能转成慢性疾病，像流感一样与人类共存。对此我们从临床诊治和生产生活防范方面都要做好相应的 ​​​,149.0,0.0,0.0078125,0.0,74.5
IA7mcxSjP,mainstream,risk,#广西援鄂晕倒护士仍在救治#【网传广西援鄂晕倒护士去世，院方：仍在尽力救治】 3月24日有消息称，此前晕倒的广西援鄂护士梁某去世。据了解，梁某系南宁市第六人民医院护士，今年27岁。2月21日，梁护士随医疗队赴湖北省支援新冠肺炎疫情防控，在武汉市协和医院西院区工作。2月28日上午，她在武汉市协和 ​​​,151.0,0.0,0.0,0.05511811023622047,50.333333333333336
Iv2mj6lEA,mainstream,risk,【中国工程院副院长#王辰 新冠病毒有可能长期存在#】#专家称新冠肺炎有可能转成慢性疾病# 中国工程院副院长、呼吸与危重症医学专家王辰新冠肺炎与SARS不同，SARS传播性和致病性都很强，很快把宿主杀死然后病毒自身也不容易存活。而新冠肺炎有可能转成慢性疾病，像流感一样与人类共存。对此我们从临床诊 ​​​,151.0,0.0,0.007874015748031496,0.0,75.5
MlyZTnQpD,mainstream,risk,#男子称连续咳嗽10多天断3根肋骨#【周知！#阳了后这4种情况的咳嗽要重视#】并非不发烧就代表新冠康复，“刀片嗓”“水泥鼻”等症状同样需要重视。你最近还在咳咳咳吗？这4种情况需要警惕：①除咳嗽外还有其他症状，如发烧、咯血等。②持续时间很长的慢性咳嗽。③咳嗽情况越来越严重，反反复复。④患有 ​​​,148.0,0.013513513513513514,0.0,0.03389830508474576,24.666666666666668
LtegWBW8r,mainstream,risk,"【#上海新增69例本土确诊869例本土无症状#】上海市卫健委通报：2022年5月15日0—24时，上海新增本土新冠肺炎确诊病例69例和无症状感染者869例，其中42例确诊病例为既往无症状感染者转归，27例确诊病例和869例无症状感染者在隔离管控中发现。

新增本土死亡病例4例，平均年龄86.5岁，最小年龄80岁，最大 ​​​",163.0,0.0,0.0,0.11904761904761904,163.0
LrIb6tVQa,mainstream,risk,【#上海新增245例本土确诊# 、本土无症状4024例】5月5日0—24时，上海新增本土新冠肺炎确诊病例245例和无症状感染者4024例，其中181例确诊病例为既往无症状感染者转归，64例确诊病例和4001例无症状感染者在隔离管控中发现。5月5日0—24时，新增本土死亡12例。平均年龄84.08岁，最小年龄59岁，最大年龄9 ​​​,167.0,0.0,0.0,0.1532258064516129,83.5
LrpiG3L3E,mainstream,risk,【#上海昨日增本土确诊260例无症状4722例#】#上海3日新增本土死亡病例16例#2022年5月3日0—24时，上海新增本土新冠肺炎确诊病例260和无症状感染者4722例，其中151例确诊病例为既往无症状感染者转归，108例确诊病例和4660例无症状感染者在隔离管控中发现。5月3日0—24时，新增本土死亡16例。平均年龄82. ​​​,169.0,0.0,0.0,0.16,84.5
ItPqWdH8r,mainstream,risk,【#日本邮轮确诊174例新冠肺炎# 一名检疫官也被感染】2月12日， “钻石公主”号邮轮上又新增39例确诊新冠肺炎病例，此外一名检疫官员也感染了新型冠状病毒。邮轮上累计确诊病例已达174例，有4人已上呼吸机或进入了重症监护室，其中3人是日本人。日本将允许年长者和有慢性病的乘客先下船。 ​​​,146.0,0.0,0.0,0.05785123966942149,48.666666666666664
MmVhHibDl,mainstream,risk,"【担心“白肺”，一天808人拍CT】#亳州聚焦#感染新冠后，不少市民持续咳嗽，担心会引发肺炎，甚至出现“白肺”，纷纷前往市医院拍肺部CT，导致该院影像中心就诊量激增。
        据市医院影像中心医生介绍，截至目前，最高记录，他们曾经一天就给808名患者做了CT检查，而平时的拍片人数仅在170人至200 ​​​",158.0,0.0,0.0,0.034782608695652174,158.0
O5rKP9Boz,mainstream,risk,【#新冠病毒感染与认知功能下降存在相关性#——#科学认识长新冠#】今年2月29日，美国医学期刊《新英格兰医学杂志》发表了两项分别来自英国和挪威的大型队列研究，进一步证实新冠病毒感染与认知能力下降存在相关性。3月1日，《新英格兰医学杂志》与嘉会医学研究和教育集团联合打造的数字媒体《NEJM医学 ​​​,150.0,0.0,0.0,0.032,150.0
L3eYw3U12,mainstream,risk,【#捷克总统出院当天再入院#：新冠检测呈阳性】#捷克总统泽曼感染新冠#据当地媒体报道，10月10日，77岁的捷克总体因慢性疾病入院的捷克总统泽曼病情好转，原本打算在25日出院，却因新冠病毒检测呈阳性再次入院。而原定于26日任命上月胜出大选的反动派联盟领袖菲亚拉为新人总理，目前已经延后。   ​​​,149.0,0.0,0.0,0.04032258064516129,74.5
MgbDByyr2,mainstream,risk,#打赢疫情防控攻坚战# 【武汉市疾控专家：奥密克戎对老年人健康危害大，疫苗接种非常重要！】近期，新冠病毒仍在持续变异，新发疫情不断出现。专家研判，受病毒变异和冬季气候因素影响，疫情传播风险加大，防控形势仍然严峻。11月20日至21日，北京累计报告3例新冠死亡病例，年龄均在80岁以上，患者合并 ​​​,150.0,0.006666666666666667,0.0,0.04032258064516129,50.0
IBlbTcoOc,mainstream,risk,"【减服糖尿病药物导致昏迷，医生提醒：疫情期间慢病患者切勿大意】由于担心就医时感染新冠肺炎，42岁的刘先生擅自减少糖尿病的药物，导致昏迷。近日，经过医生的抢救，刘先生转危为安。
3月20日，家住武昌的刘先生在家洗澡后受凉，出现了干咳、恶心、呕吐、腹泻、高热的症状。3月25日，刘先生突然出现 ​​​",148.0,0.0,0.0,0.040983606557377046,49.333333333333336
MmKaoin24,mainstream,risk,【感觉变笨了？#阳康后脑雾症状2到4周会逐渐恢复#】近日，部分新冠感染者表示，康复后出现反应迟钝、注意力下降，有人甚至感觉自己变傻了，好像脑子里被蒙上了一层雾，“脑雾”话题也登上热搜。#如何缓解阳康后出现的脑雾症状#？南京脑科医院神经内科医生林兴建表示，早在新冠出现之前，“脑雾”已被用 ​​​,147.0,0.013605442176870748,0.00819672131147541,0.01639344262295082,49.0
LmWqylneF,mainstream,risk,"【山西省疾病预防控制中心紧急提示】

4月3日0-24时，31个省(自治区、直辖市)和新疆生产建设兵团报告新增本土确诊病例1366例，本土无症状感染者11771例，共计新增感染13137例，截至4月4日9时，全国中高风险区400个。继忻州原平、长治黎城、大同浑源、太原小店区疫情之后，4月4日晋中榆次、太原晋源区、 ​​​",161.0,0.0,0.0,0.11475409836065574,161.0
Iv2tRpaFn,mainstream,risk,【中国工程院副院长#王辰 新冠病毒有可能长期存在#】#专家称新冠肺炎有可能转成慢性疾病#中国工程院副院长、呼吸与危重症医学专家王辰新冠肺炎与SARS不同，SARS传播性和致病性都很强，很快把宿主杀死然后病毒自身也不容易存活。而新冠肺炎有可能转成慢性疾病，像流感一样与人类共存。对此我们从临床诊 ​​​,150.0,0.0,0.007874015748031496,0.0,75.0
MjOkdcz59,mainstream,risk,"【#女子感染新冠后不停喝水被送医抢救# ！医生紧急提醒】从四川省人民医院获悉，近日，一名中年女性出现意识模糊紧急入院治疗。经医生分析，系因感染新冠病毒后过量饮水导致水中毒引起。

据四川省人民医院急诊科医师杨鹏介绍，该患者于12月10日左右感染新冠病毒，出现全身酸痛症状，发烧至39℃，并呕 ​​​",149.0,0.006711409395973154,0.0,0.024193548387096774,49.666666666666664
Lo6G3e94O,mainstream,risk,#疫情仍在高位运行波及范围进一步扩大# 【#奥密克戎对未接种疫苗和有慢性基础性疾病的老年人危害大#】4月12日，国务院联防联控机制召开新闻发布会，介绍从严从实抓好疫情防控工作有关情况。会上，中国疾控中心免疫规划首席专家王华庆介绍，根据研究和监测显示，奥密克戎变异株其实还会导致重症、导致死 ​​​,148.0,0.0,0.0,0.015503875968992248,148.0
LEfG4lQCF,mainstream,risk,"#研究显示长新冠症状或达62种#【研究显示“长新冠”症状或达62种】据英国《新科学家》周刊网站7月25日报道，一项对240万份电子健康档案进行的研究显示，脱发、性欲降低和射精困难可能是“长新冠”（指新冠肺炎长期综合征）未被认定的症状。

世界卫生组织认为的长新冠有33个症状，这些症状通常在感染新 ​​​",152.0,0.0,0.0,0.04878048780487805,152.0
KlM4R7GIP,mainstream,risk,【#英国200万人感染新冠肺炎后久治不愈#，病程超3个月】#英国许多新冠肺炎患者病程超3个月# 近日，在英国发生的新冠疫情中，一个新的现象引起人们的注意。一些患者在感染新冠病毒后症状长期持续，这些症状包括疲劳、咳嗽、胸痛、头痛、肌肉疼痛等，许多人的病程长达3个月以上，难以痊愈。有关方面预计 ​​​,149.0,0.0,0.0,0.03225806451612903,74.5
KlE660qol,mainstream,risk,【#台湾新冠死亡率世界第一#】台疫情指挥中心发言人庄人祥：“（21日）又新增了35例，接种疫苗后发生死亡的不良事件。死亡年龄在41岁到94岁之间，其中有25人是75岁以上长者”。庄人祥表示，死亡案例多数为高龄长者以及有慢性病者。与此同时，本土死亡人数仍未显著下降，截至22日，已有575名新冠肺炎患 ​​​,153.0,0.0,0.0,0.06557377049180328,51.0
KlmmngWI4,mainstream,risk,【#台湾地区新冠致死率已超世界各国#累计569人死亡】台湾地区新冠疫情近日趋缓，但死亡人数却没有下降，截至22日累计已达569人，致死率目前已超过4％，比世界各国致死率都高。岛内专家分析称，自升三级警戒以来，感染数字根本跟不上病床数，且感染的老人多，慢性病史也多，该在医院治疗的根本去不了， ​​​,149.0,0.0,0.0,0.03225806451612903,149.0
Kd2Bh3Osi,mainstream,risk,"【西媒：#如果新冠病毒会改变基因#呢？】据西班牙《阿贝赛报》网站4月27日报道，导致感染新冠病毒的关键——刺突蛋白很可能在长期内引发基因表达发生变化，这种表观遗传学变化或可解释为何一些“慢性”新冠肺炎患者在治愈后很长时间内依然存在气短和头晕等症状。

报道称，新冠病毒通过刺突蛋白与宿主 ​​​",147.0,0.006802721088435374,0.0,0.016129032258064516,73.5
JrklhlHwj,mainstream,risk,"【外媒：新冠病毒对大脑有哪些影响？】据阿根廷布宜诺斯艾利斯经济新闻网10月27日报道，一个研究团队27日称，从新冠肺炎中康复的患者其脑功能可能遭受严重影响，情况最糟糕时，大脑受到的损伤相当于10年的大脑老化。
        报道称，由英国帝国理工学院医生亚当·汉普希尔牵头的一项研究对超过8.4万人 ​​​",154.0,0.006493506493506494,0.0,0.04,77.0
JbWBIdO6R,mainstream,risk,【病例破百万 死亡数只有2.5万？#印度疫情或成“慢性定时炸弹”#】美国《华盛顿邮报》网站：随着新冠疫情在世界第二人口大国加速蔓延，印度突破了一个曾经难以想象的门槛：确诊病例过百万，加入了美国和巴西组成的这个没有国家愿意加入的俱乐部。然而，这一数字背后却隐藏着一个悖论。虽然确诊人数过百 ​​​,147.0,0.006802721088435374,0.0,0.008,49.0
MlejQ063M,mainstream,risk,【转存！#写给阳性老年人及其子女的十条建议#】新型冠状病毒感染者症状包括发热、鼻塞打喷嚏、咽干咽痛、咳嗽咳痰等。如果症状严重，年轻人都难以承受，对老年人来说更是身体综合素质的考验。老年人的肝脏、肾脏、心脏各项功能会出现不同程度的减退，导致对药物不敏感、不良反应的发生几率也会增加，且 ​​​,145.0,0.006896551724137931,0.0,0.0,48.333333333333336
MldscvNcU,mainstream,risk,"【警惕！“乱用药”或比“没有药”更可怕】居家治疗过程中，药箱中充足的退烧药，能让人安心不少。不过，专家提醒，不恰当用药往往更加危险。近期，患者自行乱服药物造成急性肝、肾损伤的现象屡有发生。

　　有女子在感冒初期2天内吃了7种感冒药后因急性肝损伤入院急救；

　　一位患者将止咳、化痰、 ​​​",147.0,0.006802721088435374,0.0,0.017241379310344827,29.4
MkqKcx68L,mainstream,risk,"【#男子几片布洛芬下肚消化道出血#】46岁的李先生一直有慢性胃炎，因为感染新冠病毒，出现全身酸痛症状，并发烧至39.5℃，于是在家自行口服布洛芬缓释胶囊。

在用药之后，李先生的体温有了明显下降。为了尽快达到“立竿见影”的效果，李先生将该布洛芬说明书上的服药时间从12小时一次，缩短到6小时一 ​​​",150.0,0.0,0.0,0.03225806451612903,75.0
Kl1Dbt8Jp,mainstream,risk,"【#接种疫苗后台湾62人猝死#，在台日本人有点怕了】
据台湾“东森新闻云”6月19日晚间消息，在日本赠送台湾124万剂阿斯利康疫苗后，岛内各地于6月15日开始扩大接种范围，岛内各地随即传出接种疫苗后的零星猝死案例。截至目前，岛内接种疫苗后猝死者飙至62人，最年轻者仅42岁。

6月19日，日本媒体《日 ​​​",155.0,0.0,0.0,0.08064516129032258,77.5
MkhgwhLFW,wemedia,risk,#郑在分享# 【#老年人疫苗接种7问7答#[话筒]】国务院联防联控机制有关专家表示：①大量监测和研究显示，不接种疫苗的话，尤其是在老年人当中，以及在慢性基础性疾病的人群当中，不管是发生重症还是死亡的风险都是非常高的，#老年人全程接种疫苗将降低重症风险#；②从目前监测到的情况看，60岁及以上老 ​​​,150.0,0.0,0.0,0.024193548387096774,150.0
Iv2OjoXaR,mainstream,risk,【中国工程院副院长#王辰 新冠病毒有可能长期存在#】#专家称新冠肺炎有可能转成慢性疾病# 王辰院士：有这种可能性。对于这样兼具很强的传播性和很强致病性的病毒，它是不容易存活和传播的，要是把宿主杀死了，它也就生存不了了。这个病有可能转成慢性的、像流感一样在人间存在的病，这种可能性是完全存 ​​​,147.0,0.0,0.0,0.0,73.5
IvdgWpoGb,mainstream,risk,"【慢性肺炎高发导致新冠肺炎患者病亡率偏高】
截至到19日24时，黑龙江省报告新型冠状病毒肺炎死亡病例12例。死亡患者年龄偏大，多数患者有复杂基础性疾病，包括多年高血压和糖尿病、肿瘤化疗及高位截瘫患者。黑龙江省地处高寒地区，肺部疾病患病率较高，心脑血管疾病发病率也较高。针对复杂基础性疾病 ​​​",147.0,0.0,0.0,0.0234375,49.0
K4sdpymyY,mainstream,risk,【#香港# 长期病翁不治 是否与疫苗有关暂未定论】香港新冠疫苗接种进入第六日，政府昨晚公布，一名63岁有糖尿病等长期病患的人士于上周五，在佐敦社区疫苗接种中心接种科兴疫苗，及后于周日出现急性呼吸困难，自行前往伊利沙伯医院接受治理，同日证实死亡。衞生署衞生防护中心总监林文健医生今日凌晨会 ​​​,147.0,0.0,0.0,0.007751937984496124,147.0
JhneIq1dv,mainstream,risk,【新冠病毒侵脑 少女癫痫失忆】外媒报道，英国一名患有新冠肺炎的15岁少女康复后患上严重脑炎。脑神经专家指出，新冠病毒可从鼻腔、血液、肺部入侵大脑，攻击神经，瘫痪脑部运作。政府专家顾问、中大呼吸系统科讲座教授许树昌表示，实施普及社区检测计劃才可以找出隐形患者，切断传播链。有新冠肺炎康 ​​​,145.0,0.0,0.0,0.008,48.333333333333336
IvYT0cnk3,mainstream,risk,【#韩国新天地教会信徒新冠肺炎死亡# ，韩国新冠肺炎累计死亡病例增至12例】今天，韩国大邱市政府表示，又有1例确诊感染新冠肺炎的患者不治身亡。韩国境内累计死亡病例增至12例。该患者73岁，是韩国新天地教会信徒，患有糖尿病和高血压等慢性疾病。（央视新闻） ​​​,130.0,0.0,0.0,0.037037037037037035,43.333333333333336
MmRAD5i0i,wemedia,risk,#新冠防护手册##感染新冠会影响记忆力吗#【感觉变笨了？阳康后脑雾症状2到4周会逐渐恢复】近日，部分新冠感染者表示，康复后出现反应迟钝、注意力下降，有人甚至感觉自己变傻了，好像脑子里被蒙上了一层雾，“脑雾”话题也登上热搜。如何缓解阳康后出现的脑雾症状？南京脑科医院神经内科医生林兴建表示 ​​​,147.0,0.013605442176870748,0.007936507936507936,0.015873015873015872,49.0
Lrzlh5DQA,wemedia,risk,【#上海昨日增本土确诊261例无症状4390例#】#上海4日新增本土死亡病例13例#5月4日0—24时，上海新增本土新冠肺炎确诊病例261例和无症状感染者4390例，其中185例确诊病例为既往无症状感染者转归，75例确诊病例和4357例无症状感染者在隔离管控中发现。5月4日0—24时，新增本土死亡13例。平均年龄82.77岁 ​​​,167.0,0.0,0.0,0.15079365079365079,83.5
LqqFOcxRn,wemedia,risk,【德国最新临床#研究称辉瑞mRNA疫苗或引发自身免疫性肝炎#】#辉瑞mRNA疫苗可能引发自身免疫性肝炎#来自德国的最新临床研究发现，辉瑞/BioNTech联合开发的新冠mRNA疫苗（BNT162b2）可能引发一种罕见的以T细胞为介导的自身免疫性肝炎。自身免疫肝炎是由自身免疫反应介导的慢性进行性肝脏炎症性疾病，其临 ​​​,161.0,0.0,0.0,0.01639344262295082,161.0
LqkVJtPm8,wemedia,risk,【德国最新临床#研究称辉瑞mRNA疫苗或引发自身免疫性肝炎#】#辉瑞mRNA疫苗可能引发自身免疫性肝炎#来自德国的最新临床研究发现，辉瑞/BioNTech联合开发的新冠mRNA疫苗（BNT162b2）可能引发一种罕见的以T细胞为介导的自身免疫性肝炎。自身免疫肝炎是由自身免疫反应介导的慢性进行性肝脏炎症性疾病，其临 ​​​,161.0,0.0,0.0,0.01639344262295082,161.0
MmSjJkMgG,mainstream,risk,"【严冬季节，警惕病毒心肌炎侵袭】严冬的来临总是伴随着新年的喜悦，在其乐融融的节日气氛中，人们也不能忽视对身体健康的关切。

冬季里，病毒、细菌等极易侵袭呼吸系统，当我们以为只要严防呼吸系统疾病就能高枕无忧时，往往有一种心血管疾病乘虚而入，这就是心肌炎。尤其是在感冒、高热期间，病毒性 ​​​",145.0,0.0,0.008,0.0,72.5
IuTshr6cF,mainstream,risk,【外媒研究：#烟民更易感染冠状病毒#，吸烟影响抵抗力[吃惊]】据英国《每日电讯报》报道，随着新的研究结果提供更多线索，肺病专家警告，吸烟与罹患冠状病毒并发症可能存在关联。报道称，吸烟率较高也与此前的SARS和MERS症状更严重相关联。英国权威呼吸道疾病专家吉斯利-詹金斯称，吸烟者患慢性阻塞性 ​​​,150.0,0.0,0.0,0.0,75.0
LrRqre2sN,mainstream,risk,"【上海昨日新增本土253+3961，新增死亡13例】新增本土死亡13例，平均年龄83.8岁，最小年龄62岁，最大年龄95岁

　　2022年5月6日0—24时，新增本土新冠肺炎确诊病例253例和无症状感染者3961例，其中175例确诊病例为既往无症状感染者转归，78例确诊病例和3943例无症状感染者在隔离管控中发现。无新增境 ​​​",167.0,0.0,0.0,0.14049586776859505,167.0
MmIBIupKe,mainstream,risk,"【#出现这些症状即为重型患者# ！#上海发布新冠感染诊治规范与分级诊疗流程#】《上海市新型冠状病毒感染诊治规范与分级诊疗流程》（基层医疗机构应急使用简版）

上海市新型冠状病毒病临床救治专家组国家传染病医学中心

当前，新冠病毒奥密克戎变异株在全球流行，我国也面临着疾病流行的巨大挑战。随 ​​​",148.0,0.006756756756756757,0.008,0.0,74.0
MkYaOkGnZ,mainstream,risk,【#感染后咳嗽不止该怎样应对#？华西专家告诉你这么做】#新冠后咳嗽比感冒咳嗽会更加持久# 四川大学华西医院呼吸与危重症医学科副主任王刚表示，新冠病毒感染后的咳嗽比普通感冒、流感相关感染咳嗽会更加严重和持久。通常可以采用一些外周性和中枢性的镇咳药物，用药时还要根据急性阶段、亚急性和慢性 ​​​,146.0,0.00684931506849315,0.0,0.0,73.0
KlMuEAgME,mainstream,risk,【#英国200万人感染新冠后久治不愈#，病程超3个月】近日，在英国发生的新冠疫情中，一个新的现象引起人们的注意。一些患者在感染新冠病毒后症状长期持续，这些症状包括疲劳、咳嗽、胸痛、头痛、肌肉疼痛等，许多人的病程长达3个月以上，难以痊愈。有关方面预计，英国大约有200多万人正遭受类似长期慢性 ​​​,149.0,0.0,0.0,0.03225806451612903,74.5
K3gCUmaly,mainstream,risk,【#美国女子接受新冠感染者器官移植身亡# 捐赠者恐为多次检测呈阴性的无症状患者】据这份病例报告介绍，这名女性患有慢性阻塞性肺疾病，去年秋天在密歇根大学医院接受双肺移植。在手术12小时前，她的快速聚合酶链反应（PCR）检测显示新冠病毒呈阴性。而器官捐赠者是一名来自美国上中西部地区的女性，她 ​​​,148.0,0.0,0.0,0.0078125,74.0
MpXEwzMn8,mainstream,risk,【注意！#这四类人群外出拜年有讲究##刚阳康人群不宜经常外出拜年#】春节团聚，走亲访友是我国民间传统习俗。南京市第一医院急诊科医生提醒：①目前依然存在新冠病毒感染及各类呼吸道疾病传播风险，老年人群、孕妇婴幼儿、慢性病群体、刚刚“阳康”的人群走亲访友时要慎重；②多关注老年人的身体状况， ​​​,146.0,0.00684931506849315,0.00819672131147541,0.0,48.666666666666664
Ix9zja585,mainstream,risk,【#伊拉克4日首现多起新冠肺炎死亡病例#】伊拉克卫生和环境部4日夜间在其社交媒体上先后发布两则声明，宣布了该国两起因感染新冠肺炎而死亡的病例。第一则声明称，巴格卡一名女性患者尽管接受了一切可能的治疗，但仍因免疫力受损严重而死亡。第二则声明称，巴格达一名65岁的患者感染新冠肺炎后死亡，其 ​​​,147.0,0.0,0.0,0.022900763358778626,73.5
IwAbp2UR5,mainstream,risk,【#泰国现首例新冠肺炎死亡病例#】泰国朱拉隆功大学医学院新型传染病研究中心主任提叻瓦·合玛朱塔（Thiravat Hemachudha）透露，一名35岁泰国籍男性因感染新冠肺炎于2月29日傍晚在曼谷逝世，这是泰国首例新冠肺炎死亡病例。他还表示，这是一个重要案例，显示无症状感染者也可以传播病毒，而且就算没有 ​​​,157.0,0.0,0.0,0.024793388429752067,157.0
IvNJQwgH8,mainstream,risk,"【广州首次出现死亡病例！2月24日新增确诊1例】2020年2月24日0时至24时，广州市报告新冠肺炎新增确诊病例1例（天河区1例）。新增治愈出院6例。新增死亡病例1例。

截至2月24日24时，广州市累计报告新冠肺炎确诊病例346例，其中白云区74例、海珠区66例、天河区45例、番禺区40例、越秀区35例、荔湾区21例 ​​​",164.0,0.006097560975609756,0.0,0.1746031746031746,41.0
IuSXAb5ry,mainstream,risk,【外媒研究：#烟民更易感染冠状病毒#，吸烟影响抵抗力[吃惊]】据英国《每日电讯报》报道，随着新的研究结果提供更多线索，肺病专家警告，吸烟与罹患冠状病毒并发症可能存在关联。报道称，吸烟率较高也与此前的SARS和MERS症状更严重相关联。英国权威呼吸道疾病专家吉斯利-詹金斯称，吸烟者患慢性阻塞性 ​​​,150.0,0.0,0.0,0.0,75.0
Mjxr0qjyB,mainstream,risk,"【疫情当下，送给老年人的防护建议】
一、近期，老年人群要特别加强防护防感染
即便病毒毒力再弱，在短期内还会对脆弱人群造成损害。老年人感染了新冠病毒后，导致重症和死亡的比例在所有人群的各个年龄段当中最高。主要原因一是老年人随着年龄增长，免疫力在减弱，身体防线容易被病毒细菌等攻破，二是 ​​​",145.0,0.0,0.0,0.0,72.5
LqTjXhckF,mainstream,risk,"苏家屯区新冠肺炎疫情防控指挥部通告（第13号）
#沈阳每日新闻##苏家屯解封# 
        在全区居民的共同努力下，目前我区此轮疫情得到有效控制。但奥密克戎变异株传染强度大、传播速度快、传播过程非常隐匿，社会面依然面临着严峻风险，绝不可掉以轻心，不能有丝毫懈怠，必须时刻保持高度警惕。为巩固 ​​​",152.0,0.0,0.008264462809917356,0.008264462809917356,76.0
ItPll4rcL,mainstream,risk,【#日本邮轮确诊174例新冠肺炎# 一名检疫官也被感染】2月12日， “钻石公主”号邮轮上又新增39例确诊新冠肺炎病例，一名检疫官员被感染。邮轮上累计确诊病例已达174例，有4人已上呼吸机或进入了重症监护室，其中3人是日本人。日本将允许年长者和有慢性病的乘客先下船。@世面 http://t.cn/A6h22gGD  ​​​,162.0,0.0,0.0,0.07627118644067797,54.0
MmJ5Pa9Hj,wemedia,risk,【感觉变笨了？#阳康后脑雾症状2到4周会逐渐恢复#】近日，部分新冠感染者表示，康复后出现反应迟钝、注意力下降，有人甚至感觉自己变傻了，好像脑子里被蒙上了一层雾，“脑雾”话题也登上热搜。#如何缓解阳康后出现的脑雾症状#？南京脑科医院神经内科医生林兴建表示，早在新冠出现之前，“脑雾”已被用 ​​​,147.0,0.013605442176870748,0.00819672131147541,0.01639344262295082,49.0
MmpPEEDXt,wemedia,risk,"【#专家回应阳康后出现脑雾症状#】“‘阳’后的恢复期，我觉得自己的注意力降低了，是不是出现了‘脑雾’？会持续多久？”有患者表示，自己“阳康”后感到疲倦、注意力下降。

“新冠感染康复后，我觉得自己反应有点迟钝。”1月1日，北京市朝阳区的孙女士告诉人民日报健康客户端记者：“工作的时候要刻 ​​​",147.0,0.013605442176870748,0.043478260869565216,0.017391304347826087,36.75
O5rIlnuhf,mainstream,risk,【#新冠病毒感染与认知功能下降存在相关性#——#科学认识长新冠#】今年2月29日，美国医学期刊《新英格兰医学杂志》发表了两项分别来自英国和挪威的大型队列研究，进一步证实新冠病毒感染与认知能力下降存在相关性。3月1日，《新英格兰医学杂志》与嘉会医学研究和教育集团联合打造的数字媒体《NEJM医学 ​​​,150.0,0.0,0.0,0.032,150.0
LryWEjjQc,mainstream,risk,【#上海昨日增本土确诊261例无症状4390例#】#上海4日新增本土死亡病例13例#5月4日0—24时，上海新增本土新冠肺炎确诊病例261例和无症状感染者4390例，其中185例确诊病例为既往无症状感染者转归，75例确诊病例和4357例无症状感染者在隔离管控中发现。5月4日0—24时，新增本土死亡13例。平均年龄82.77岁 ​​​,167.0,0.0,0.0,0.15079365079365079,83.5
Iv1GN4pVc,mainstream,risk,#关注新冠肺炎#【中国工程院副院长王辰：#专家称新冠肺炎有可能转成慢性疾病#】中国工程院副院长、呼吸与危重症医学专家王辰新冠肺炎与SARS不同，SARS传播性和致病性都很强，很快把宿主杀死然后病毒自身也不容易存活。而新冠肺炎有可能转成慢性疾病，像流感一样与人类共存。对此我们从临床诊治和生产生 ​​​,150.0,0.0,0.007874015748031496,0.0,75.0
Lryr7z5fY,mainstream,risk,【#上海昨日增本土确诊261例无症状4390例#】#上海4日新增本土死亡病例13例#5月4日0—24时，上海新增本土新冠肺炎确诊病例261例和无症状感染者4390例，其中185例确诊病例为既往无症状感染者转归，75例确诊病例和4357例无症状感染者在隔离管控中发现。5月4日0—24时，新增本土死亡13例。平均年龄82.77岁 ​​​,167.0,0.0,0.0,0.15079365079365079,83.5
Lrpf3t8r5,mainstream,risk,【#上海昨日增本土确诊260例无症状4722例#】#上海3日新增本土死亡病例16例#2022年5月3日0—24时，上海新增本土新冠肺炎确诊病例260和无症状感染者4722例，其中151例确诊病例为既往无症状感染者转归，108例确诊病例和4660例无症状感染者在隔离管控中发现。5月3日0—24时，新增本土死亡16例。平均年龄82. ​​​,169.0,0.0,0.0,0.16,84.5
IFKiIicUO,mainstream,risk,"【倡  议  书】
市民朋友们：
在全市人民的共同努力下，我市疫情防控取得阶段性重要成效，呈现积极向好态势，但“零报告”并不等于“零风险”，“清零”并不意味着不会出现反弹，关于新冠肺炎还有许多未知情况，境外输入病例、无症状感染者的存在提醒我们风险依然存在，不能放松警惕！为巩固来之不易的 ​​​",147.0,0.006802721088435374,0.01680672268907563,0.0,147.0
MgX2ix9H9,wemedia,risk,"【混管异常后如何降低家人感染风险？这几点必须要做到！】
近段时间，

国内新冠疫情呈现出多点发生的态势，

不少人按照疫情防控要求，

开始了居家生活。

疫情流行期间，

心血管疾病患者、慢性病患者、

老人等群体，

由于有基础性疾病，

免疫功能较差，

一旦被感染，病情进展快，

严重程度更 ​​​",154.0,0.012987012987012988,0.0,0.0,51.333333333333336
Ixa8c8GkB,mainstream,risk,【#伊拉克4日首现多起新冠肺炎死亡病例#】伊拉克卫生和环境部4日夜间在其社交媒体上先后发布两则声明，宣布了该国两起因感染新冠肺炎而死亡的病例。第一则声明称，巴格达一名女性患者尽管接受了一切可能的治疗，但仍因免疫力受损严重而死亡。第二则声明称，巴格达一名65岁的患者感染新冠肺炎后死亡，其 ​​​,147.0,0.0,0.0,0.022900763358778626,73.5
Iv2RY2fpD,mainstream,risk,【王辰：新冠病毒有可能长期存在】我们是否有可能要做好与新冠病毒长期共存的准备？对此，中国工程院副院长、呼吸与危重症医学专家王辰表示，新冠肺炎可能转为慢性的、像流感一样长期在人间存在的病。这种可能性是完全存在的，对此我们要做好准备。http://t.cn/A6hlA38y ​​​,139.0,0.007194244604316547,0.018518518518518517,0.018518518518518517,46.333333333333336
MkC5lEtxn,wemedia,risk,【尽早接种、尽早保护！给老年人接种新冠疫苗的建议→】#上海战疫##便民信息# 市疾控中心介绍，我市监测数据显示，未接种新冠疫苗者的病死率是接种者的78倍，年龄越大，重症和死亡的比例越高。高龄、慢性基础性疾病和未接种新冠疫苗是导致新冠重症和死亡的三大危险因素，特别是伴有基础疾病的老人，更 ​​​,147.0,0.006802721088435374,0.008064516129032258,0.008064516129032258,73.5
M2w5huwvj,wemedia,risk,【小课堂丨患有基础疾病的老年人接种新冠疫苗疑问】#上海战疫# #关注静安# 监测研究显示，老年人仍是新冠重症和死亡的高发人群，如果没有接种疫苗的话，老年人和有慢性基础性疾病的人群重症和死亡比例较高，而且年龄越大，重症和死亡的风险越高。患有基础疾病的老年人接种新冠疫苗有哪些疑问？一起来看 ​​​,147.0,0.006802721088435374,0.0,0.0,73.5
JbsLA0xuA,wemedia,risk,【为啥别人不胖就你胖，7大“致胖因素”你占了几个？】告诉你个“扎心”的消息，除了带来“三高”、慢性病外，国外有研究者提出，肥胖甚至是新冠肺炎病情加重的危险因素之一。别人不胖就你胖是怎么回事？今天北京市疾控中心慢性病防治所和健康教育所的专家，就来帮你找找原因：http://t.cn/A6yWyYij ​​​,153.0,0.013071895424836602,0.0,0.017391304347826087,51.0
Iv2n3tBod,wemedia,risk,"【王辰院士：#新冠病毒可能转成慢性# 像流感一样存在】据小央视频，新冠病毒是否会长期存在？呼吸与危重症医学专家、中国工程院副院长王辰院士表示：有这种可能性。这个病有可能转成慢性的、像流感一样在人间存在的病，这种可能性是完全存在，对此我们要做好准备。
http://t.cn/A6hWBFAJ ​​​",149.0,0.006711409395973154,0.008849557522123894,0.008849557522123894,49.666666666666664
M6DlXfEHH,mainstream,risk,【#拜登宣布美国疫情已结束# “长新冠”患者躺在白宫外抗议：“大流行并未结束”】近日，美国总统拜登在一节目中宣称美国新冠肺炎疫情“已经结束”，此言论引发关注和争议。当地时间19日，美国“长新冠”患者聚集在白宫外抗议，喊话政府“大流行并未结束”，呼吁采取紧急应对措施。参与抗议的民众大多 ​​​,146.0,0.0,0.0,0.00847457627118644,73.0
LBWHc4GRG,mainstream,risk,【#台湾新增31152例本土确诊病例# 新增60例死亡】台湾地区流行疫情指挥中心12日公布，台湾新增31152例新冠肺炎本土确诊病例，新增60例死亡病例。新增中重症病例92例，另有输入病例145例。新增的60宗本土死亡个案，包括36宗男性、24宗女性，皆属重度感染个案，当中57宗具慢性病史，42宗未打齐三针疫苗。 ​​​,161.0,0.0,0.0,0.09836065573770492,53.666666666666664
LAC1ybMEr,mainstream,risk,"【澳门首录两宗新冠死亡个案 内地派650人协助采样】澳门新型冠状病毒感染应变协调中心今日（7月3日）表示，今日有2名患有慢性基础疾病的新冠病毒阳性病例高龄长者（分别为100岁和94岁），经抢救无效后死亡。这是澳门自疫情爆发以来，首次录得死亡个案。

澳门计划未来一周将进行三轮的全民核检，澳门特 ​​​",151.0,0.0,0.0,0.047244094488188976,75.5
Lwjlt804w,mainstream,risk,【#台湾新增62080例本土新冠病例# 新增124例死亡病例】台湾地区流行疫情指挥中心今日（5日）公布新增62110例新冠病毒确定病例，分别为62080例本土病例及30例境外移入；另确诊病例中新增124例死亡。​指挥中心指出，今日新增124例本土死亡病例，为67例男性、57例女性，年龄介于未满10岁至90岁以上，皆属 ​​​,163.0,0.0,0.0,0.1,81.5
LpTO13HqW,mainstream,risk,#上海疫情# 【上海新增本土死亡39例 均未接种疫苗】据“上海发布”官方微信消息，24日上午，上海举行疫情防控工作新闻发布会，上海市卫生健康委副书记、副主任赵丹丹通报，23日上海新增本土死亡病例39例，平均年龄78.7岁，最大年龄98岁。39位患者均合并有严重的多脏器慢性疾病，包括冠心病、心力衰竭、 ​​​,154.0,0.0,0.0,0.056910569105691054,154.0
LpJy68Rxu,mainstream,risk,【上海新增2736例本土确诊和20634例本土无症状 #上海22日新增本土死亡12例#】4月22日0—24时，上海新增本土新冠肺炎确诊病例2736例和无症状感染者20634例，其中1120例确诊病例为此前无症状感染者转归，1542例确诊病例和20490例无症状感染者在隔离管控中发现，其余在相关风险人群排查中发现。新增本土死 ​​​,166.0,0.0,0.0,0.10569105691056911,166.0
LgmiVttGC,mainstream,risk,【港大研究发现#新冠病毒#可致男患者性腺机能减退及生育能力下降[思考]】香港大学指微生物学系团队的研究发现，仓鼠被中量新冠病毒感染会出现急性睾丸损伤、慢性睾丸萎缩和血清内睾丸酮下降；研究结果更显示新冠病毒感染可能造成男性性腺机能减退和生育能力下降，患者康复后依然受到影响，这结果已在医 ​​​,146.0,0.0,0.0,0.0,146.0
Koemxg09Z,mainstream,risk,【台湾流行疫情指挥中心：一男子确诊新冠后情绪不稳，在院内轻生身亡】据台湾中时新闻网报道，台湾流行疫情指挥中心10日公布新增新冠肺炎死亡病例6例，其中一名死者30多岁，确诊后曾出现情绪不稳定情况，8日在医院内轻生身亡。指挥中心发言人庄人祥说，男子为确诊者在医院轻生的首例。据悉，医疗应变组 ​​​,147.0,0.0,0.0,0.031007751937984496,73.5
KnRgVp7lG,mainstream,risk,【台湾新冠致死率高达4.5% #台防疫官员称两成家属放弃治疗#】近日，台湾地区因新一波新冠疫情，致死率高达4.5%。5日，台疫情指挥中心专家咨询小组召集人张上淳表示，死亡个案多的主要原因除了有9成死者本身有潜在病史外，还有2成的家属放弃治疗导致。他还称，其中还有相当比例的病人“是可以救得回来的 ​​​,151.0,0.0,0.0,0.03875968992248062,75.5
KlvyNxDbf,mainstream,risk,【#台湾地区新冠致死率已超4%# 远高于全球平均水平】据台媒报道，台湾地区新冠疫情近日趋缓，但死亡人数却没有下降，近10天致死率增加近1个百分点。截至22日死亡人数累计已达575人，最新致死率为4.06%，远超全球平均水平2.2%。岛内医师林应然分析称，近期岛内病例飙升，且感染的老人多，慢性病史也多， ​​​,155.0,0.0,0.0,0.056,77.5
KhSwzD3tL,mainstream,risk,"【台湾再增355本土病例！台当局阻碍郭台铭捐疫苗，新北市长哽咽「不要再刁难」】台湾新冠肺炎本土疫情来得又急又快，死亡人数持续攀升，不仅已超过2003年SARS时期的死亡数，今日（30日）更正式飙破百人！

台湾流行疫情指挥中心宣布，今日台湾新增355例新冠肺炎确诊病例，其中266例本土病例、无境外移 ​​​",154.0,0.012987012987012988,0.0,0.041666666666666664,77.0
Karmyq3AW,mainstream,risk,"【#台湾新增1例新冠肺炎死亡病例#】台湾地区流行疫情指挥中心11日举行记者会公布，台湾新增1例新冠肺炎死亡病例，累计11人死亡。

　　据介绍，新增死亡病例为一名60多岁台湾男性，有慢性病病史，系今年1月中旬暴发的台湾桃园医院新冠肺炎群聚感染事件中的就医接触者。该个案今年1月19日发病、24日确诊 ​​​",153.0,0.0,0.0,0.0703125,76.5
K7LECsudf,mainstream,risk,【#乌克兰通报两例接种印度产阿斯利康疫苗后死亡病例#】据乌克兰媒体报道，当地时间3月23日，乌南部敖德萨市一名女军人在接种印度产阿斯利康疫苗两天后死亡，这也是乌克兰首例接种新冠疫苗后死亡的病例。乌克兰卫生部24日通报称，根据尸检结果已确定该女军人的死因为急性心脏衰竭，此前她患有动脉粥样 ​​​,147.0,0.0,0.0,0.022900763358778626,147.0
IvY01E70n,mainstream,risk,【#韩国新天地教会信徒新冠肺炎死亡# 韩国新冠肺炎累计死亡病例增至12例】今天，韩国大邱市政府表示，又有1例确诊感染新冠肺炎的患者不治身亡。韩国境内累计死亡病例增至12例。该患者73岁，是韩国新天地教会信徒，患有糖尿病和高血压等慢性疾病。（央视） ​​​​,128.0,0.0,0.0,0.03773584905660377,42.666666666666664
LgntF12Mh,mainstream,risk,【#长期新冠的症状包括记忆力衰退等症状# 】自新冠疫情发生以来，“长期新冠”的现象一直困扰着世界各地的研究人员。大多数人在感染新冠病毒后两到三周即可康复，但一些患者在病毒从体内消失后的数周或数月内，仍出现新冠感染症状，即使他们一开始只出现了轻症。长期新冠的症状包括极度疲劳、呼吸短促 ​​​,145.0,0.0,0.0,0.0,72.5
MdXw2CJsZ,mainstream,risk,"【昆明市召开新冠肺炎疫情防控新闻发布会 #昆明本轮疫情传播链条清晰#】11月7日，昆明市召开新冠肺炎疫情防控新闻发布会，通报“11·03”疫情基本情况。本轮疫情传播链条清晰，初步研判为省外输入引起的本土疫情，不排除后续检出阳性人员的可能，仍存在一定的社会面疫情扩散风险。

传播链条清晰 仍存在 ​​​",151.0,0.0,0.0,0.031746031746031744,75.5
KnOSmyLmV,mainstream,risk,【台湾新冠致死率高达4.5% #台防疫官员称两成家属放弃治疗#】近日，台湾地区因新一波新冠疫情，致死率高达4.5%。5日，台疫情指挥中心专家咨询小组召集人张上淳表示，死亡个案多的主要原因除了有9成死者本身有潜在病史外，还有2成的家属放弃治疗导致。他还称，其中还有相当比例的病人“是可以救得回来的 ​​​,151.0,0.0,0.0,0.03875968992248062,75.5
Irx8e8E0t,mainstream,risk,#新冠肺炎最新动态# 【#河南首例死亡病例病情披露#】据河南南阳市卫健委：河南首例新型冠状病毒感染的肺炎死者常某，男，79岁，唐河县人，长期武汉居住史。1月22日因咳嗽、气喘入院治疗，入院诊断社区获得性重症肺炎、脓毒血症、Ⅰ型呼吸衰竭，1月25日23：05抢救无效死亡。患者有慢性支气管炎、营养不 ​​​,152.0,0.0,0.0,0.05785123966942149,76.0
MlmS43QnE,mainstream,risk,"【#老年人“阳康”后至少休息两到三周#才能恢复到原来状态】退烧后可以运动、洗澡吗？老年人如防止二次感染？针对读者的一些疑问，记者采访了浙江省人民医院感染病科主任潘红英主任医师。

潘红英表示，她也关注到网传，有人康复后马上去爬山、打羽毛球，结果不幸去世。“从理论上讲的确存在这样的可能 ​​​",146.0,0.0136986301369863,0.0,0.0,36.5
Iv1Mx6Kku,mainstream,risk,#关注新冠肺炎#【中国工程院副院长王辰：#专家称新冠肺炎有可能转成慢性疾病#】中国工程院副院长、呼吸与危重症医学专家王辰新冠肺炎与SARS不同，SARS传播性和致病性都很强，很快把宿主杀死然后病毒自身也不容易存活。而新冠肺炎有可能转成慢性疾病，像流感一样与人类共存。对此我们从临床诊治和生产生 ​​​,150.0,0.0,0.007874015748031496,0.0,75.0
MmMfd9GQb,mainstream,risk,【感觉变笨了？#阳康后脑雾症状2到4周会逐渐恢复#】近日，部分新冠感染者表示，康复后出现反应迟钝、注意力下降，有人甚至感觉自己变傻了，好像脑子里被蒙上了一层雾，“脑雾”话题也登上热搜。#如何缓解阳康后出现的脑雾症状#？南京脑科医院神经内科医生林兴建表示，早在新冠出现之前，“脑雾”已被用 ​​​,147.0,0.013605442176870748,0.00819672131147541,0.01639344262295082,49.0
MmCBKx8S5,mainstream,risk,【感觉变笨了？#阳康后脑雾症状2到4周会逐渐恢复#】近日，部分新冠感染者表示，康复后出现反应迟钝、注意力下降，有人甚至感觉自己变傻了，好像脑子里被蒙上了一层雾，“脑雾”话题也登上热搜。#如何缓解阳康后出现的脑雾症状#？南京脑科医院神经内科医生林兴建表示，早在新冠出现之前，“脑雾”已被用 ​​​,147.0,0.013605442176870748,0.00819672131147541,0.01639344262295082,49.0
KnDOChV3i,mainstream,risk,"【#台湾新增13例接种阿斯利康疫苗后死亡事件#】台湾流行疫情指挥中心7日统计称，岛内单日新增13例接种新冠疫苗后死亡事件，均涉及阿斯利康疫苗。

台湾流行疫情指挥中心发言人庄人祥表示，岛内7月6日单日疫苗接种人次达9.672万人，累积接种274.54万人，其中接种莫德纳疫苗的为8.9万多人，阿斯利康疫苗 ​​​",156.0,0.0,0.0,0.06201550387596899,156.0
Kl33N2dI0,mainstream,risk,"【#接种疫苗后台湾62人猝死#，在台日本人有点怕了】
据台湾“东森新闻云”6月19日晚间消息，在日本赠送台湾124万剂阿斯利康疫苗后，岛内各地于6月15日开始扩大接种范围，岛内各地随即传出接种疫苗后的零星猝死案例。截至目前，岛内接种疫苗后猝死者飙至62人，最年轻者仅42岁。

6月19日，日本媒体《日 ​​​",155.0,0.0,0.0,0.08064516129032258,77.5
Lryt2oDnr,mainstream,risk,【#上海昨日增本土确诊261例无症状4390例#】#上海4日新增本土死亡病例13例#5月4日0—24时，上海新增本土新冠肺炎确诊病例261例和无症状感染者4390例，其中185例确诊病例为既往无症状感染者转归，75例确诊病例和4357例无症状感染者在隔离管控中发现。5月4日0—24时，新增本土死亡13例。平均年龄82.77岁 ​​​,167.0,0.0,0.0,0.15079365079365079,83.5
LrpXtuv71,mainstream,risk,【#上海昨日增本土确诊260例无症状4722例#】#上海3日新增本土死亡病例16例#2022年5月3日0—24时，上海新增本土新冠肺炎确诊病例260和无症状感染者4722例，其中151例确诊病例为既往无症状感染者转归，108例确诊病例和4660例无症状感染者在隔离管控中发现。5月3日0—24时，新增本土死亡16例。平均年龄82. ​​​ http://mapi/67a31b1aly1h1w5l95x18j20j60j676n,214.0,0.0,0.0,0.2421875,107.0
L3fZdhTf4,mainstream,risk,"【比德尔塔还可怕 #新冠新毒株或从艾滋病患者体内进化#】
据报道，南非国家传染病研究所（NICD）当地时间11月25日发表声明表示，目前已在南非检测到一种新型新冠病毒变种B.1.1.529。经过南非国家传染病研究所和私人检测实验室合作进行基因组测序后，目前已在22例阳性病例中检测到该变异毒株，其中博茨 ​​​",155.0,0.0,0.0,0.03937007874015748,155.0
JsCWQvcfT,mainstream,risk,"【#新冠病毒在无症状患者体内存续了70天#[吃惊]】
据外媒BGR报道，研究人员近日发现了一名COVID-19患者，传染性新冠病毒在其体内至少持续存在了70天，期间没有出现任何症状。
该患者患有慢性淋巴细胞白血病，这可能解释了为什么免疫系统无法启动适当的反应，以清除病毒。免疫抑制的病人有感染COVID-19 ​​​",158.0,0.0,0.0,0.032520325203252036,79.0
O5IBYvX9j,mainstream,risk,【新冠病毒感染与认知功能下降存在相关性——#科学认识长新冠#】 今年2月29日，美国医学期刊《新英格兰医学杂志》发表了两项分别来自英国和挪威的大型队列研究，进一步证实新冠病毒感染与认知能力下降存在相关性。3月1日，《新英格兰医学杂志》与嘉会医学研究和教育集团联合打造的数字媒体《NEJM医学前 ​​​,150.0,0.0,0.0,0.031746031746031744,150.0
J6joZvwIk,mainstream,risk,【#全球三分之一新冠患者或有PTSD# 不干预会伴随终生】国务院联防联控机制联络组专家、北大第六医院院长陆林：有一个数字我们已经得到了，在全球发生传染病疫情之后，如果是感染了，大概有三分之一的人会有创伤后应激障碍（PTSD）。创伤后应激障碍是一种精神心理的疾病需要干预，如果不干预，就会变成 ​​​,149.0,0.0,0.008064516129032258,0.0,149.0
Iv47TCx72,mainstream,risk,【中国工程院副院长#王辰 新冠病毒有可能长期存在#】#专家称新冠肺炎有可能转成慢性疾病#中国工程院副院长、呼吸与危重症医学专家王辰新冠肺炎与SARS不同，SARS传播性和致病性都很强，很快把宿主杀死然后病毒自身也不容易存活。而新冠肺炎有可能转成慢性疾病，像流感一样与人类共存。对此我们从临床诊 ​​​,150.0,0.0,0.007874015748031496,0.0,75.0
Iv28kpIp7,mainstream,risk,【专家：新冠肺炎有可能转成慢性疾病，像流感一样与人类共存】中国工程院副院长、呼吸与危重症医学专家王辰新冠肺炎与SARS不同，SARS传播性和致病性都很强，很快把宿主杀死然后病毒自身也不容易存活。而新冠肺炎有可能转成慢性疾病，像流感一样与人类共存。对此我们从临床诊治和生产生活防范方面都要做 ​​​,148.0,0.0,0.0078125,0.0,74.0
MlXrGj3fV,mainstream,risk,"警惕：抗原转阴后或仍有传染性，这件事一定要做

　　12月29日上午，上海市卫健委、上海市健康促进中心邀请复旦大学附属中山医院感染病科主任胡必杰和上海市健康促进中心副主任丁园接受媒体视频采访，介绍元旦期间个人防护建议和重点人群的健康提示。

　　抗原转阴后或仍有低度传染性

　　口罩还是要 ​​​",149.0,0.0,0.0,0.016,149.0
MkU7lk3dr,mainstream,risk,"济南市卫健委最新发布“一老一小”新冠肺炎疫情防控应对措施

　　老年人新冠应对指引

　　调查显示：我国 75%以上的老人至少患有 1种慢性病，如糖尿病、高血压、肺气肿等，免疫力相对较弱，感染后易发展为重症，所以家有老人的平时一定要戴好口罩、减少外出、保持室内清洁与消毒、保持个人口眼鼻的卫 ​​​",149.0,0.0,0.008264462809917356,0.01652892561983471,149.0
J1WBK6ZCG,mainstream,risk,【糖尿病患者是英格兰死于新冠风险最高的人】据NHS英格兰的数据显示，自3月31日以来死亡的22332人中，26％的患者（5873例）有糖尿病，18％（4048例）有痴呆症，15％（3254例）有慢性肺病，14%（3214例）有慢性肾脏病。糖尿病患者是死于新冠肺炎风险最高的群体。这是英格兰NHS首次按潜在健康状况来细分 ​​​,163.0,0.0,0.0,0.09734513274336283,81.5
MlZ8ErkeR,mainstream,risk,"【#晚报来论# | 疫情之下的独居老人，需要社会为他们织一张安全网】随着感染人数的不断增加，老年人感染新冠病毒的风险也在不断升高。而对于独居老人来说，这种风险既是身体上的，也是心理上的。

相对于其他群体来说，独居老人的信息更为闭塞。他们对疫情变化形势缺乏了解，对如何防范病毒感染也一知 ​​​",147.0,0.0,0.0,0.0,49.0
IvNNxsV8z,mainstream,risk,#山东累计确诊病例755例#【[话筒]2月24日#山东新增两例死亡病例#详情公布】淄博1例死亡病例情况：病例16，女，84岁，淄博市淄川区人，居住淄川区龙泉镇龙四村，既往有高血压病病史。2020年2月1日，患者出现乏力。2月7日，患者因“重度贫血”到淄博市中心医院住院治疗，后出现发热、肺炎等症状。2月8日 ​​​,157.0,0.0,0.0,0.10655737704918032,52.333333333333336
Iu3vRCKkz,mainstream,risk,#日本出现首例新冠肺炎死亡病例#【“钻石公主”号隔离进入第9天 #日本批准钻石公主号部分乘客提前下船#】日本厚生劳动大臣加藤胜信13日召开紧急新闻发布会，称神奈川县一名80多岁女性因新冠肺炎于今天死亡。报道称，这是日本国内首例新冠肺炎死亡病例。此前，日本批准钻石公主号80岁以上、患慢性病和封 ​​​,150.0,0.0,0.0,0.03125,75.0
LsDF75i8N,mainstream,risk,【上海新增本土确诊病例144例和本土无症状感染者1305例】上海市卫健委通报：5月11日0—24时，上海新增新冠肺炎本土确诊病例144例和无症状感染者1305例。新增本土死亡5例。平均年龄89.2岁，最小年龄87岁，最大年龄93岁。5位患者均合并有严重的多脏器慢性基础疾病。China's Shanghai on Wednesday report ​​​,177.0,0.0,0.0,0.11206896551724138,44.25
Mkhjcjxgz,mainstream,risk,【#老年人疫苗接种7问7答#[话筒]】国务院联防联控机制有关专家表示：①大量监测和研究显示，不接种疫苗的话，尤其是在老年人当中，以及在慢性基础性疾病的人群当中，不管是发生重症还是死亡的风险都是非常高的，#老年人全程接种疫苗将降低重症风险#；②从目前监测到的情况看，60岁及以上老年人接种新冠 ​​​,149.0,0.0,0.0,0.023809523809523808,149.0
MjnnJqOWz,mainstream,risk,"【商丘疾控致全市老年人的一封信】
尊敬的老年朋友及家属们，你们好：

      当前全球新冠疫情仍处于流行态势，尽管病例以无症状感染者和轻症患者居多，但重症患者主要为有基础疾病的老年人，且相当比例的老年人未接种新冠疫苗。由于奥密克戎变异株传染性远高于其他变异株，加之老年人基础疾病多、免 ​​​",148.0,0.0,0.0,0.0,148.0
Mmyx5Fd0K,mainstream,risk,"近日
有患者表示“阳康”后
感到疲倦、注意力下降
甚至“感觉自己变傻了”
“是不是出现了‘脑雾’？会持续多久？”

今天（1月2日）
“脑雾”话题一度冲上热搜第一
引发网友讨论

专家：尚无研究能够明确
新冠和“脑雾”之间的因果性

“新冠感染康复后，我觉得自己反应有点迟钝。”1月1日，北京市朝 ​​​",152.0,0.013157894736842105,0.026785714285714284,0.03571428571428571,50.666666666666664
LFfp1lsxB,mainstream,risk,【连锁反应！#新冠疫情造成美国多项公共卫生危机#】美国《华尔街日报》近期报道称，新冠疫情严重冲击美国人整体健康状况，造成多项公共卫生危机。因疫情期间医疗资源挤兑，诸多慢性病患者无法得到及时治疗；心脏病和中风、药物过量导致的死亡人数显著上升；更多人出现焦虑和抑郁。http://t.cn/A6ak8f5T ​​​,155.0,0.0064516129032258064,0.0,0.025,31.0
MmovgdWtw,mainstream,risk,"【#专家回应阳康后出现脑雾症状#】“‘阳’后的恢复期，我觉得自己的注意力降低了，是不是出现了‘脑雾’？会持续多久？”有患者表示，自己“阳康”后感到疲倦、注意力下降。

“新冠感染康复后，我觉得自己反应有点迟钝。”1月1日，北京市朝阳区的孙女士告诉人民日报健康客户端记者：“工作的时候要刻 ​​​",147.0,0.013605442176870748,0.043478260869565216,0.017391304347826087,36.75
MlZcJr5wU,mainstream,risk,#都市时报视频[超话]##女生阳后鼻塞擤鼻涕结果眼角冒泡#【周知！#阳了后这4种情况的咳嗽要重视#】并非不发烧就代表新冠康复，“刀片嗓”“水泥鼻”等症状同样需要重视。你最近还在咳咳咳吗？这4种情况需要警惕：①除咳嗽外还有其他症状，如发烧、咯血等。②持续时间很长的慢性咳嗽。③咳嗽情况越来越严 ​​​,149.0,0.013422818791946308,0.0,0.01680672268907563,29.8
LqldA2F6R,mainstream,risk,【德国最新临床研究：#辉瑞mRNA疫苗或引发自身免疫性肝炎#】来自德国的最新临床研究发现，辉瑞/BioNTech联合开发的新冠mRNA疫苗（BNT162b2）可能引发一种罕见的以T细胞为介导的自身免疫性肝炎。自身免疫肝炎是由自身免疫反应介导的慢性进行性肝脏炎症性疾病，其临床特征为不同程度的血清转氨酶升高、高 ​​​,158.0,0.0,0.0,0.01639344262295082,158.0
LoQ3laem4,mainstream,risk,【#上海16例重症中仅1人打过疫苗#建议老年人尽快接种】4月17日上午举行的市疫情防控工作新闻发布会上，市卫生健康委主任邬惊雷通报：截至4月16日24时，在定点医疗机构接受治疗的重型患者有16例，1例33岁，其余均为老年人，最小的70岁，最大的93岁。有1例已全程接种疫苗，其余均未接种新冠肺炎病毒疫苗 ​​​,155.0,0.0,0.0,0.1,155.0
Iv3d4rzxK,mainstream,risk,【中国工程院副院长王辰：#专家称新冠肺炎有可能转成慢性疾病#】中国工程院副院长、呼吸与危重症医学专家王辰新冠肺炎与SARS不同，SARS传播性和致病性都很强，很快把宿主杀死然后病毒自身也不容易存活。而新冠肺炎有可能转成慢性疾病，像流感一样与人类共存。对此我们从临床诊治和生产生活防范方面都要 ​​​,149.0,0.0,0.0078125,0.0,74.5
Os2h8ypN2,mainstream,risk,"【#广东新增新冠感染近2万例#！专家：正常起峰，大概半年1次】据凤凰网 刀片嗓、反复高烧、浑身乏力……6月以来，不少人开始在社交媒体上分享自己“又阳了”。这种“新冠又来了”的感受近日迎来官方验证。

广东省疾病预防控制局日前公布2024年7月法定传染病疫情概况，显示广东省新发新冠感染病例18384 ​​​",153.0,0.006535947712418301,0.008333333333333333,0.05,51.0
MnY7ma3UB,mainstream,risk,"【#曾光称XBB不会引发重症高峰#】多地发布最新研判，已度过第一波感染高峰，发热门诊就诊量持续下降。与此同时，xbb.1.5新毒株跃入了人们的视野，这是美国上升势头最快的毒株，已引发美国内超40%的感染病例。

很多人刚从“正阳”“阳康”中缓过劲儿，面对新毒株，不免有些担忧。xbb.1.5毒株危险程度如 ​​​",156.0,0.0,0.0,0.025,52.0
MmjvK3oID,mainstream,risk,"【奥密克戎新变种易致腹泻？蒙脱石散脱销！家里要备吗？医生这么提醒？】“一大早已经买不到蒙脱石散了，新年第一天从抢药开始。”“刚从药店买回最后一盒蒙脱石散。”
#XBB毒株是否会导致腹泻#
新年第一天，社交媒体上，不少网友吐槽蒙脱石散突然迎来抢购潮，多家药店已经断货。 

“昨天还有货，今天 ​​​",149.0,0.026845637583892617,0.0,0.0,21.285714285714285
MlS2mEyLg,mainstream,risk,"【对话上海急诊专家：#新冠重症病人数量正快速上升#，普通型肺炎不用太恐慌】新冠病毒感染高峰到来后，重症高峰将紧随其后。肺炎甚至“白肺”患者，情况究竟如何？

“这两天的重症病人一天比一天多，大部分的重症病人是老年人。”12月29日，位于上海东北部的大型综合性三甲医院长海医院急诊科主任王美 ​​​ http://mapi/008aLaVgly1h9l03w39ugj30sr0j57dw",193.0,0.0051813471502590676,0.0,0.07936507936507936,64.33333333333333
MkSpggnAA,mainstream,risk,"【#转阴后为啥还一直咳嗽#？如何应对？专家解读】最近很多网友反映，感染新冠病毒后，即使核酸和抗原显示阴性，咳嗽的症状却依然没有消失，有的还比较严重。

转阴后咳嗽症状一般会持续多久？转阴后依然咳嗽不止，可能有哪些原因？应该采取哪些应对措施？对此，中日友好医院呼吸与危重症医学科医师牛宏 ​​​",146.0,0.03424657534246575,0.0,0.0,24.333333333333332
MmIAhyTEm,mainstream,risk,【感觉变笨了？#阳康后脑雾症状2到4周会逐渐恢复#】近日，部分新冠感染者表示，康复后出现反应迟钝、注意力下降，有人甚至感觉自己变傻了，好像脑子里被蒙上了一层雾，“脑雾”话题也登上热搜。#如何缓解阳康后出现的脑雾症状#？南京脑科医院神经内科医生林兴建表示，早在新冠出现之前，“脑雾”已被用 ​​​,147.0,0.013605442176870748,0.00819672131147541,0.01639344262295082,49.0
MmTsnDM15,mainstream,risk,【阳了后浑身痒、起疹子？医生提醒：分清类型再治疗】#阳了后出现皮肤问题怎么办#“发烧吃了布洛芬结果过敏了，目前感觉像荨麻疹”“我身上突然长出这种疹子，非常痒，是怎么了？”……福建省老年医院皮肤科张金燕副主任医师表示，对于皮肤出现的不同情况，要分清类型再治疗，为大家总结了以下情况—— ​​​,145.0,0.013793103448275862,0.008403361344537815,0.0,72.5
MmIHxAWAF,mainstream,risk,【感觉变笨了？#阳康后脑雾症状2到4周会逐渐恢复#】近日，部分新冠感染者表示，康复后出现反应迟钝、注意力下降，有人甚至感觉自己变傻了，好像脑子里被蒙上了一层雾，“脑雾”话题也登上热搜。#如何缓解阳康后出现的脑雾症状#？南京脑科医院神经内科医生林兴建表示，早在新冠出现之前，“脑雾”已被用 ​​​,147.0,0.013605442176870748,0.00819672131147541,0.01639344262295082,49.0
MiBd5jnJY,wemedia,risk,"【“预防新冠，做自己健康第一责任人”倡议书】#12月8日山东新闻##山东疫情防控# 新冠还有风险，预防不容忽视。对自我健康负责，从身边小事做起。
为有效预防新冠肺炎，提升自身健康水平，结合当前新冠病毒奥密克戎变异株传播特点，山东省疾病预防控制中心向全社会发出“预防新冠，做自己健康第一责任 ​​​",148.0,0.0,0.024390243902439025,0.016260162601626018,74.0
IE2RIndnF,wemedia,risk,#新冠确诊病例年龄中位数为51岁# 其实，更容易受到攻击的是老年人，慢性病患者，肥胖者，吸烟者等人群。  一起看看新冠病毒是如何攻击人体的吧。 #亚马逊50多个仓库感染新冠肺炎# http://t.cn/A6wWyykB ​​​,114.0,0.0,0.0,0.03896103896103896,57.0
IwAuyDTGg,wemedia,risk,"【#泰国出现首例新冠肺炎死亡病例#】泰国朱拉隆功大学医学院新型传染病研究中心主任提叻瓦·合玛朱塔（Thiravat Hemachudha）透露，一名35岁泰国籍男性因感染新冠肺炎于2月29日傍晚在曼谷逝世，这是泰国首例新冠肺炎死亡病例。

他还表示，这是一个重要案例，显示无症状感染者也可以传播病毒，而且就算 ​​​",158.0,0.0,0.0,0.025,158.0
MkCDAaKhy,wemedia,risk,"“阳”了以后，不少人疑惑：

为什么心跳加快？

为什么会腰疼？

为什么会出现“刀片嗓”？

为什么退烧后咳嗽会加重？

为什么有人还会出现

身上发痒、腹泻、流眼泪等“奇怪”的症状？

7个咨询医生的高频问题，解答来了。

1

“阳”了以后

为什么会心跳加快？

四川大学华西医院心内科副主任医师 ​​​",156.0,0.038461538461538464,0.0,0.01818181818181818,22.285714285714285
MkCyC03ai,wemedia,risk,"12月16日

湖北十堰一女子记录下了

老公发烧后的情况

引起很多网友关注

视频中，男子捂着被子躺在床上

脸部、额头上都是汗水

还不停冒出热气

据女子介绍

她老公发烧温度超40度

吃了退烧药后就是这种状态

现在温度正慢慢降低

有过感染经历的网友表示

“出汗以后就会好了”

类似情况还发生在 ​​​",160.0,0.0,0.0,0.024390243902439025,160.0
M9wfCdTf3,wemedia,risk,"日本今年上半年额外死亡推测人数为新冠以来最高
　　新华社东京10月9日电 日本国立感染症研究所等机构的最新数据显示，2022年1月至6月，日本全国额外死亡人数推测达1.7万至4.6万人，为新冠疫情出现以来最高值。
　　额外死亡人数是用某段时期的实际死亡人数，减去以过去数据为基础预测出的同期死亡人数 ​​​",153.0,0.0,0.0,0.05343511450381679,153.0
M7yp0FjsL,wemedia,risk,"台湾本地确诊病例逾8成感染BA.5变异株 首现BA.5儿童脑炎个案
　　中新网9月26日电 据台湾“中央社”报道，台湾地区新冠肺炎本地确诊病例感染奥密克戎BA.5变异株已占绝对多数。指挥中心26日表示，BA.5验出占比已从上周的59.2%升至80.6%；另外，实验室在重症个案中首度验出BA.5儿童脑炎病例。
　　指挥中 ​​​",164.0,0.0,0.0,0.0873015873015873,54.666666666666664
M6E5s3ZGC,wemedia,risk,"美“长期新冠”患者白宫外抗议 日本接种针对奥密克戎的新型疫苗

　　中新社北京9月20日电 综合消息：世界卫生组织官网数据显示，截至欧洲中部时间19日17时42分，全球新冠累计确诊病例609247113例，累计死亡病例6503894例。

　　美洲和欧洲：美“长期新冠”患者在白宫外抗议

　　根据美国约翰斯·霍普 ​​​",161.0,0.0,0.0,0.06140350877192982,161.0
M3TX1euYS,wemedia,risk,"新冠导致美国人均预期寿命连续两年下降 降幅为二战后新高

　　新华社洛杉矶8月31日电(记者谭晶晶)美国疾病控制和预防中心8月31日发布的最新报告显示，2021年美国人均预期寿命较前一年缩短近1岁。这是该项数据连续第二年下降，报告分析称新冠疫情是首要原因。

　　美联社在报道中称，在新冠疫情肆虐的 ​​​",153.0,0.0,0.0,0.046875,76.5
Mi0I1ntI7,wemedia,risk,"【加快推进我市老年人新冠疫苗接种的倡议书】尊敬的老年朋友们：

研究表明，60岁以上的老年人是感染新冠病毒后引发重症的危险人群，而80岁以上的高龄老人更是重症的高危人群。加快推进老年人接种新冠疫苗，是预防和控制新冠疫情最经济、最有效的措施，对个人、对家庭、对社会、对国家都好。现向全市老 ​​​",147.0,0.0,0.007936507936507936,0.015873015873015872,73.5
O5s3Ud2T4,mainstream,risk,【#新冠病毒感染与认知功能下降存在相关性#——#科学认识长新冠#】今年2月29日，美国医学期刊《新英格兰医学杂志》发表了两项分别来自英国和挪威的大型队列研究，进一步证实新冠病毒感染与认知能力下降存在相关性。3月1日，《新英格兰医学杂志》与嘉会医学研究和教育集团联合打造的数字媒体《NEJM医学 ​​​ http://mapi/002480g0gy1hnu6vq8q1dj607j05nta602,197.0,0.0,0.0,0.1015625,197.0
IEELeeIdC,mainstream,risk,【转发周知！#五一旅游是否安全#】中国疾控中心研究员冯录召：对大部分近期没有病例报告的地区，假期出游旅行还是比较安全的。鉴于目前每天还有新增境外输入病例或本土病例，大家还要保持警惕，要意识到仍有感染新冠病毒的风险，所以对一些老年人，慢性病患者、孕妇等高危人群，不建议出行旅游。（央视 ​​​,145.0,0.006896551724137931,0.0,0.0,48.333333333333336
IvYiwsKRu,mainstream,risk,【#韩国新天地教会信徒新冠肺炎死亡# 韩国新冠肺炎累计死亡病例增至12例】今天，韩国大邱市政府表示，又有1例确诊感染新冠肺炎的患者不治身亡。韩国境内累计死亡病例增至12例。该患者73岁，是韩国新天地教会信徒，患有糖尿病和高血压等慢性疾病。@央视新闻 ​​​,128.0,0.0,0.0,0.037037037037037035,42.666666666666664
Iv2219CvN,mainstream,risk,#关注新冠肺炎#【中国工程院副院长王辰：#专家称新冠肺炎有可能转成慢性疾病#】中国工程院副院长、呼吸与危重症医学专家王辰新冠肺炎与SARS不同，SARS传播性和致病性都很强，很快把宿主杀死然后病毒自身也不容易存活。而新冠肺炎有可能转成慢性疾病，像流感一样与人类共存。对此我们从临床诊治和生产生 ​​​,150.0,0.0,0.007874015748031496,0.0,75.0
MlkOUpxzs,mainstream,risk,#晨报时间# 【写给“阳性”老年人及其子女的十条建议】新型冠状病毒感染者症状包括发热、鼻塞打喷嚏、咽干咽痛、咳嗽咳痰等。如果症状严重，年轻人都难以承受，对老年人来说更是身体综合素质的考验。老年人的肝脏、肾脏、心脏各项功能会出现不同程度的减退，导致对药物不敏感、不良反应的发生几率也会 ​​​,145.0,0.0,0.0,0.0,72.5
Iv1SF8qyr,mainstream,risk,【专家：新冠肺炎有可能转成慢性疾病，像流感一样与人类共存】中国工程院副院长、呼吸与危重症医学专家王辰新冠肺炎与SARS不同，SARS传播性和致病性都很强，很快把宿主杀死然后病毒自身也不容易存活。而新冠肺炎有可能转成慢性疾病，像流感一样与人类共存。对此我们从临床诊治和生产生活防范方面都要做 ​​​,148.0,0.0,0.0078125,0.0,74.0
O5rzbCjxV,mainstream,risk,【#新冠病毒感染与认知功能下降存在相关性#——#科学认识长新冠#】今年2月29日，美国医学期刊《新英格兰医学杂志》发表了两项分别来自英国和挪威的大型队列研究，进一步证实新冠病毒感染与认知能力下降存在相关性。3月1日，《新英格兰医学杂志》与嘉会医学研究和教育集团联合打造的数字媒体《NEJM医学 ​​​,150.0,0.0,0.0,0.032,150.0
L3eZKxpQV,mainstream,risk,【#捷克总统出院当天再入院#：新冠检测呈阳性】#捷克总统泽曼感染新冠#据当地媒体报道，10月10日，77岁的捷克总体因慢性疾病入院的捷克总统泽曼病情好转，原本打算在25日出院，却因新冠病毒检测呈阳性再次入院。而原定于26日任命上月胜出大选的反动派联盟领袖菲亚拉为新人总理，目前已经延后。 ​​​,147.0,0.0,0.0,0.04032258064516129,73.5
KlvYMitYC,mainstream,risk,【#台湾地区新冠致死率已超4%# 远高于全球平均水平】据台媒报道，台湾地区新冠疫情近日趋缓，但死亡人数却没有下降，近10天致死率增加近1个百分点。截至22日死亡人数累计已达575人，最新致死率为4.06%，远超全球平均水平2.2%。岛内医师林应然分析称，近期岛内病例飙升，且感染的老人多，慢性病史也多， ​​​,155.0,0.0,0.0,0.056,77.5
JFUMV5S07,mainstream,risk,【英媒：#八分之一康复新冠患者在140天内死亡# 】根据莱斯特大学和国家统计局调查数据，在英国第一批出院的47780人中，有29.4%的人在140天内重回医院，其中12.3%的人死亡。英媒称，长期患新冠肺炎会导致患者出现心脏问题、糖尿病和慢性肝肾类疾病。虽然越来越多的新冠患者康复出院，但是新冠病毒对于人 ​​​,156.0,0.0,0.0,0.04032258064516129,78.0
Mlx50EKNY,mainstream,risk,"#吸烟可能更易感染新冠#【吸烟比不吸烟更不易感染新冠病毒？北京房山疾控最新提醒】注意！#吸烟者可能更易感染新冠#

目前，新冠疫情仍在世界范围内持续发展蔓延，全球新冠肺炎确诊病例超过了500万，对全世界经济生活和社会生活都造成了巨大影响。房山疾控中心最新提示：吸烟者可能更易感染新冠肺炎！
 ​​​",149.0,0.020134228187919462,0.0,0.007936507936507936,37.25
MkOfVsq45,mainstream,risk,【#两类人更易出现疼痛症状#】北京朝阳医院神经外科主任医师汪阳接受媒体访时表示，有文章指出，超过70%的新冠患者出现疼痛症状，主要表现为头痛、肌肉痛和肢体痛，且男性患者比例更高。汪阳介绍，首先是男性，男性患者出现疼痛的比例要高些；第二，就是高的身体质量指数（BMI），肥胖的人疼痛会重一些 ​​​,148.0,0.0,0.0,0.008130081300813009,74.0
LtxLG8Sex,mainstream,risk,"【#健康女童感染新冠症状轻微3周后急性肝衰竭#：肝脏活检有线索】#健康女童感染新冠3周后急性肝衰竭# 最近，英国、欧盟、美国、以色列和日本等地报告了至少348例儿童不明原因严重急性肝炎。

英国卫生安全局将腺病毒列为儿童不明原因严重急性肝炎假说的第一位，然而这一说法受到越来越多的质疑。

目前 ​​​",151.0,0.0,0.0,0.023809523809523808,75.5
Kx1SHEniO,mainstream,risk,【#台湾565人接种阿斯利康疫苗后猝死#】据海外网，国民党立法机构党团总召费鸿泰强调，台湾地区接种新冠疫苗后猝死的案例累计已达712人，其中阿斯利康有565人、莫德纳有141人、自产疫苗有6人，台疫情指挥中心该做的检验不做，反而推给慢性疾病，甚至把接种自产疫苗死亡的案例推给吸毒过量导致。对此， ​​​,151.0,0.0,0.0,0.04,151.0
KlwYSAfzf,mainstream,risk,"【台湾地区新冠致死率已超4% 远超全球平均水平】#台湾地区新冠致死率已超4%# 据台媒报道，台湾地区新冠疫情近日趋缓，但死亡人数却没有下降，近10天致死率增加近1个百分点。

截至22日死亡人数累计已达575人，最新致死率为4.06%，远超全球平均水平2.2%。

岛内医师林应然分析称，近期岛内病例飙升，且 ​​​",158.0,0.0,0.0,0.06451612903225806,79.0
KiMOjkOwR,mainstream,risk,"【台新冠致死率升至2%……台媒：一30多岁男子无慢性病，确诊9天后死亡】台湾本土疫情严峻，今日（5日）新增38例死亡病例创新高。

综合“ETtoday新闻云”和雅虎新闻网等媒体消息，今日死亡病例中，一名30多岁的年轻人虽然无慢性病，但5月11日就持续出现呼吸喘症状，5月23日收治住院，9天后死亡。

据雅 ​​​",158.0,0.0,0.0,0.09166666666666666,79.0
Ixat18Mza,wemedia,risk,【#伊拉克4日首现多起新冠肺炎死亡病例#】伊拉克卫生和环境部4日夜间在其社交媒体上先后发布两则声明，宣布了该国两起因感染新冠肺炎而死亡的病例。第一则声明称，巴格达一名女性患者尽管接受了一切可能的治疗，但仍因免疫力受损严重而死亡。第二则声明称，巴格达一名65岁的患者感染新冠肺炎后死亡，其 ​​​,147.0,0.0,0.0,0.022900763358778626,73.5
IqVjuiGNj,wemedia,risk,#全国确诊新型肺炎病例#【#上海新增4例新冠肺炎确诊病例#】2020年1月23日0—24时，上海市新增新型冠状病毒感染的肺炎确诊病例4例，其中1例危重症病例，为68岁男性患者，合并慢性阻塞性肺气肿。截至1月23日24时，上海市累计发现确诊病例20例，其中18例目前病情平稳，2例病情危重。另有34例疑似病例正在 ​​​,159.0,0.0,0.0,0.125,79.5
MiDUreXO0,mainstream,risk,【80多岁老人不怎么出门 有必要接种疫苗吗？安全吗？】虽然相比年轻人，老年人活动范围比较为局限，接触的人也没那么多，但也会通过家里的小辈或者周围的人感染到病毒。近期，国内的疫情中就出现了不少老年病例。此外，老年人感染新冠病毒后，发生重症和死亡的风险远高于年轻人和儿童。虽然在全球范围 ​​​,145.0,0.013793103448275862,0.0,0.007936507936507936,29.0
LslizAYCN,mainstream,risk,【新冠患者出院后“康复五件事”：心理篇】上海健康医学院康复学院院长，上海市慢性疾病康复研究中心主任郭琪认为，有的新冠患者在家里康复时，可能时间长了，他就会产生一些焦虑和抑郁的情绪。最重要的是睡眠节律性的调整。比如说大家在居家隔离的时，往往分不出礼拜几。慢慢地生活规律性就被打破，所 ​​​,144.0,0.0,0.0,0.0,48.0
Ivc5j1naO,mainstream,risk,#关注新冠肺炎#【中国工程院副院长#王辰 新冠病毒有可能长期存在#】#专家称新冠肺炎有可能转成慢性疾病#中国工程院副院长、呼吸与危重症医学专家王辰新冠肺炎与SARS不同，SARS传播性和致病性都很强，很快把宿主杀死然后病毒自身也不容易存活。而新冠肺炎有可能转成慢性疾病，像流感一样与人类共存。对 ​​​,151.0,0.0,0.0,0.0,75.5
MmIvPACzp,mainstream,risk,【感觉变笨了？#阳康后脑雾症状2到4周会逐渐恢复#】近日，部分新冠感染者表示，康复后出现反应迟钝、注意力下降，有人甚至感觉自己变傻了，好像脑子里被蒙上了一层雾，“脑雾”话题也登上热搜。#如何缓解阳康后出现的脑雾症状#？南京脑科医院神经内科医生林兴建表示，早在新冠出现之前，“脑雾”已被用 ​​​,147.0,0.013605442176870748,0.00819672131147541,0.01639344262295082,49.0
MkhQcFR9k,mainstream,risk,【#老年人疫苗接种7问7答#[话筒]】国务院联防联控机制有关专家表示：①大量监测和研究显示，不接种疫苗的话，尤其是在老年人当中，以及在慢性基础性疾病的人群当中，不管是发生重症还是死亡的风险都是非常高的，#老年人全程接种疫苗将降低重症风险#；②从目前监测到的情况看，60岁及以上老年人接种新冠 ​​​,149.0,0.0,0.0,0.023809523809523808,149.0
Mjn7rbUJp,mainstream,risk,"【商丘疾控致全市老年人的一封信】#商丘城市服务台# 
尊敬的老年朋友及家属们，你们好：

      当前全球新冠疫情仍处于流行态势，尽管病例以无症状感染者和轻症患者居多，但重症患者主要为有基础疾病的老年人，且相当比例的老年人未接种新冠疫苗。由于奥密克戎变异株传染性远高于其他变异株，加之老年 ​​​",150.0,0.0,0.0,0.0,150.0
LryIErEnL,mainstream,risk,【#上海昨日增本土确诊261例无症状4390例#】#上海4日新增本土死亡病例13例#5月4日0—24时，上海新增本土新冠肺炎确诊病例261例和无症状感染者4390例，其中185例确诊病例为既往无症状感染者转归，75例确诊病例和4357例无症状感染者在隔离管控中发现。5月4日0—24时，新增本土死亡13例。平均年龄82.77岁 ​​​,167.0,0.0,0.0,0.15079365079365079,83.5
Lrp6W0suT,mainstream,risk,【#上海昨日增本土确诊260例无症状4722例#】#上海3日新增本土死亡病例16例#2022年5月3日0—24时，上海新增本土新冠肺炎确诊病例260和无症状感染者4722例，其中151例确诊病例为既往无症状感染者转归，108例确诊病例和4660例无症状感染者在隔离管控中发现。5月3日0—24时，新增本土死亡16例。平均年龄82. ​​​,169.0,0.0,0.0,0.16,84.5
Ivd8EvWGP,mainstream,risk,【慢性肺炎高发导致新冠肺炎患者病亡率偏高】截至到19日24时，黑龙江省报告新型冠状病毒肺炎死亡病例12例。死亡患者年龄偏大，多数患者有复杂基础性疾病，包括多年高血压和糖尿病、肿瘤化疗及高位截瘫患者。黑龙江省地处高寒地区，肺部疾病患病率较高，心脑血管疾病发病率也较高。针对复杂基础性疾病的 ​​​,147.0,0.0,0.0,0.023255813953488372,49.0
MmzwEcACW,wemedia,risk,"【#什么情况需要做肺部CT#？感染后两种情况要警惕】与咽痛、鼻塞等症状相比，一些人更担心感染新冠后会引起肺炎，甚至有网友用“肺都要咳出来了”形容感受。感染后咳嗽、气短，到底有没有必要去医院拍胸部CT？

需要提醒的是，5类人“阳”后更易发展为白肺：1.大于65岁的老年人；2.长期住在养老机构的 ​​​",151.0,0.013245033112582781,0.0,0.03305785123966942,37.75
Mlz1PDDrZ,wemedia,risk,#男子称连续咳嗽10多天断3根肋骨#【周知！#阳了后这4种情况的咳嗽要重视#】并非不发烧就代表新冠康复，“刀片嗓”“水泥鼻”等症状同样需要重视。你最近还在咳咳咳吗？这4种情况需要警惕：①除咳嗽外还有其他症状，如发烧、咯血等。②持续时间很长的慢性咳嗽。③咳嗽情况越来越严重，反反复复。④患有 ​​​,148.0,0.013513513513513514,0.0,0.03389830508474576,24.666666666666668
MlmkaxsIl,mainstream,risk,【#转阴后为啥感觉身体恢复慢#？急性病都是病去如抽丝】#阳了后回归完全正常状态需要多久# 很多人反映，在新冠转阴返岗后，总是感觉非常疲乏，这是什么原因呢？北京大学人民医院感染科主任高燕表示，虽然病人烧也退了，抗原也转阴了，但是其实人体整个体力的恢复、功能的恢复确实需要时间，大概需要2~3 ​​​,148.0,0.013513513513513514,0.0,0.015873015873015872,74.0
MjPvadV7I,mainstream,risk,"【#女子感染新冠后不停喝水被送医抢救# ！医生紧急提醒】从四川省人民医院获悉，近日，一名中年女性出现意识模糊紧急入院治疗。经医生分析，系因感染新冠病毒后过量饮水导致水中毒引起。

据四川省人民医院急诊科医师杨鹏介绍，该患者于12月10日左右感染新冠病毒，出现全身酸痛症状，发烧至39℃，并呕 ​​​",149.0,0.006711409395973154,0.0,0.024193548387096774,49.666666666666664
Ki1lxdBR0,mainstream,risk,【今日是第三十四个#世界无烟日# 部分餐馆仍“吹烟”袅袅】烟草危害是世界最严重的公共卫生问题之一，吸烟会导致慢性呼吸疾病、癌症、心脑血管疾病及糖尿病等众多疾病的发生。吸二手烟也会对健康产生较大的危害。世界卫生组织2020年5月11日公布的研究结果表明，受新冠病毒影响人群中，吸烟者发展为重症 ​​​,149.0,0.0,0.0,0.023622047244094488,74.5
MmDR6nn7x,mainstream,risk,"【 警惕“沉默性缺氧”！海口市为65岁以上老人提供免费血氧检测和氧疗服务】
近期新冠病毒在我市快速传播，60岁以上老年人是感染新冠病毒后引发重症的危险人群，特别是80岁以上的高龄老人更是重症的高危人群。在感染新冠病毒后，有一些老年人，特别是肥胖、吸烟或有慢性阻塞性肺病、糖尿病、肿瘤等基础 ​​​",148.0,0.006756756756756757,0.007936507936507936,0.023809523809523808,74.0
KrvlyBrFq,mainstream,risk,【海口新增1例新冠肺炎确诊病例，因自身患有慢性病未接种疫苗！】  http://t.cn/A6IhZAyw ​​​,57.0,0.017543859649122806,0.0,0.06451612903225806,57.0
IEEI9mWku,mainstream,risk,#战“疫”# 【转发周知！#五一旅游是否安全#】中国疾控中心研究员冯录召：对大部分近期没有病例报告的地区，假期出游旅行还是比较安全的。鉴于目前每天还有新增境外输入病例或本土病例，还要保持警惕，要意识到仍有感染新冠病毒的风险，所以对一些老年人，慢性病患者、孕妇等高危人群，不建议出行旅游 ​​​,146.0,0.00684931506849315,0.0,0.0,73.0
Mm6zf5bb8,mainstream,risk,"【海口市120急救中心：警惕老年人“沉默性缺氧”，要及时吸氧和就医】从12月26日开始，海口市120急救中心监测到老年人因发热和呼吸系统疾病需要救护车的人数逐渐上升。截至12月30日，需要救护车的65岁以上老年人患者达到了70%以上。在这些老年人患者当中，有不少发生了“沉默性缺氧”。

新冠病毒感染 ​​​",154.0,0.0,0.0,0.06504065040650407,51.333333333333336
LpaDjv7pv,mainstream,risk,"【因患病呼吸困难 马来西亚一女教师戴呼吸设备给学生上课】据《马来邮报》4月18日报道，马来西亚柔佛州一名患病女教师戴着呼吸设备坚持给学生上课的视频在社交媒体上流传，她的举动获得了网友的赞扬。

据报道，这名女教师叫赛利娅·阿卜杜拉，患有慢性哮喘并且刚从新冠肺炎的病情中恢复过来。相关视频 ​​​",147.0,0.0,0.0,0.015625,73.5
MmSxf46ya,mainstream,risk,【#白肺与原始毒株有关吗#？四问四答！】“白肺”与感染新冠病毒原始毒株或德尔塔毒株有关吗？#出现白肺会有后遗症吗#？此前奥密克戎毒株主要感染上呼吸道，现在一些老人因新冠病毒感染导致肺炎，该如何解释？慢性阻塞性肺疾病患者该如何预防？答案戳↓↓（人民日报）http://t.cn/A6KFx4ca ​​​,150.0,0.04,0.0,0.01818181818181818,25.0
LAfHsjOpY,mainstream,risk,"【老年人接种新冠病毒疫苗倡议书】
广大老年朋友们、居民朋友们：
您们好！
当前，全球新冠肺炎疫情仍处于流行期，国内部分地区仍有散发本土疫情，疫情防控形势严峻复杂，尤其是奥密克戎变异株呈现传播快、隐匿性强等特点。我国香港、上海等本土疫情的研究数据表明，人群感染新冠病毒后发生的重症和死 ​​​",145.0,0.006896551724137931,0.008,0.0,72.5
MmRHpzhRO,mainstream,risk,【#白肺与原始毒株有关吗#？四问四答！】“白肺”与感染新冠病毒原始毒株或德尔塔毒株有关吗？#出现白肺会有后遗症吗#？此前奥密克戎毒株主要感染上呼吸道，现在一些老人因新冠病毒感染导致肺炎，该如何解释？慢性阻塞性肺疾病患者该如何预防？答案戳↓↓http://t.cn/A6KFx4ca ​​​,144.0,0.041666666666666664,0.0,0.018867924528301886,24.0
Mki2V2lmT,mainstream,risk,【#老年人疫苗接种7问7答#[话筒]】国务院联防联控机制有关专家表示：①大量监测和研究显示，不接种疫苗的话，尤其是在老年人当中，以及在慢性基础性疾病的人群当中，不管是发生重症还是死亡的风险都是非常高的，#老年人全程接种疫苗将降低重症风险#；②从目前监测到的情况看，60岁及以上老年人接种新冠 ​​​,149.0,0.0,0.0,0.023809523809523808,149.0
Lo8XWCr3A,mainstream,risk,【王华庆：#奥密克戎变异株对老年人的危害非常大#】国务院联防联控机制于4月12日召开新闻发布会，中国疾控中心免疫规划首席专家王华庆介绍，奥密克戎变异株对于老年人，尤其是没有接种疫苗和有慢性基础性疾病的人，带来的危害还是非常大的。#广州新增13例新冠病毒阳性感染者# #苏州新增阳性31例# ​​​,148.0,0.0,0.0,0.031746031746031744,148.0
IvNLFpnCG,mainstream,risk,"#关注新冠肺炎#【广州首次出现死亡病例！2月24日新增确诊1例】
2020年2月24日0时至24时，广州市报告新冠肺炎新增确诊病例1例（天河区1例）。新增治愈出院6例。新增死亡病例1例。
截至2月24日24时，广州市累计报告新冠肺炎确诊病例346例，其中白云区74例、海珠区66例、天河区45例、番禺区40例、越秀区35 ​​​",164.0,0.006097560975609756,0.0,0.16666666666666666,41.0
O5jgmAmNB,mainstream,risk,【#新冠病毒感染与认知功能下降存在相关性#——#科学认识长新冠#】今年2月29日，美国医学期刊《新英格兰医学杂志》发表了两项分别来自英国和挪威的大型队列研究，进一步证实新冠病毒感染与认知能力下降存在相关性。3月1日，《新英格兰医学杂志》与嘉会医学研究和教育集团联合打造的数字媒体《NEJM医学 ​​​,150.0,0.0,0.0,0.032,150.0
MmjsY3JqJ,mainstream,risk,"【奥密克戎新变种易致腹泻？#蒙脱石散# 脱销！家里要备吗？医生这么提醒】“一大早已经买不到蒙脱石散了，新年第一天从抢药开始。”“刚从药店买回最后一盒蒙脱石散。”#诺氟沙星##XBB会不会导致二次感染# 

新年第一天，社交媒体上，不少网友吐槽蒙脱石散突然迎来抢购潮，多家药店已经断货。 

“昨天 ​​​ http://mapi/005vnhZYgy1h9od6dz63aj60sg0fz3zb02",199.0,0.01507537688442211,0.0,0.07563025210084033,33.166666666666664
MldUB5An0,mainstream,risk,【转存！#写给阳性老年人及其子女的十条建议#】新型冠状病毒感染者症状包括发热、鼻塞打喷嚏、咽干咽痛、咳嗽咳痰等。如果症状严重，年轻人都难以承受，对老年人来说更是身体综合素质的考验。老年人的肝脏、肾脏、心脏各项功能会出现不同程度的减退，导致对药物不敏感、不良反应的发生几率也会增加，且 ​​​ http://mapi/005vnhZYgy1h9g2y2zms7j60sg0fz0u202,192.0,0.005208333333333333,0.0,0.07874015748031496,64.0
Ltx3S3zlE,mainstream,risk,【#健康女童感染新冠症状轻微3周后急性肝衰竭#：肝脏活检有线索】#健康女童感染新冠3周后急性肝衰竭# 最近，英国、欧盟、美国、以色列和日本等地报告了至少348例儿童不明原因严重急性肝炎。英国卫生安全局将腺病毒列为儿童不明原因严重急性肝炎假说的第一位，然而这一说法受到越来越多的质疑。目前，学 ​​​ http://mapi/005vnhZYgy1h2c8dnv1ezj608k0c2jrn02,196.0,0.0,0.0,0.09230769230769231,98.0
LqkU2g01m,mainstream,risk,【德国最新临床#研究称辉瑞mRNA疫苗或引发自身免疫性肝炎#】#辉瑞mRNA疫苗可能引发自身免疫性肝炎#来自德国的最新临床研究发现，辉瑞/BioNTech联合开发的新冠mRNA疫苗（BNT162b2）可能引发一种罕见的以T细胞为介导的自身免疫性肝炎。自身免疫肝炎是由自身免疫反应介导的慢性进行性肝脏炎症性疾病，其临 ​​​,161.0,0.0,0.0,0.01639344262295082,161.0
KcQ1nAv4v,mainstream,risk,【#德国专家呼吁关注新冠长期后遗症#】越来越多的研究正在关注感染新冠病毒后的长期后果。科隆大学医院和伦敦国王学院的科学家们发现，百分之十的急诊患者在感染六个月后，仍会出现一定的“长时新冠”症状。这些症状包括头痛、四肢疼痛、嗅觉及味觉丧失、注意力不集中和记忆问题。有些人甚至无法阅读， ​​​ http://mapi/005vnhZYgy1gpy9zu3ewpj60j60as4ev02,192.0,0.0,0.0,0.06201550387596899,64.0
IA4lshoDg,mainstream,risk,【广西支援湖北医疗队护士梁某病情“非常严重”，尚在抢救中】#广西援鄂晕倒护士病情非常严重# 针对网传广西援鄂医疗队昏倒护士梁某去世一事，广西新冠肺炎疫情防控工作领导小组指挥部宣传组工作人员3月24日上午回应澎湃新闻称，经核实，目前梁某尚在抢救中，有进一步消息会及时公布。同日上午，华中科 ​​​,147.0,0.0,0.0,0.015625,147.0
Iy5oGedxW,mainstream,risk,【#新冠患者复阳谜局#：有人不产生抗体，#新冠病毒或慢性携带#】2月17日，是徐嘉（化名）出院的日子，也是她入院的日子。在连续两次新冠病毒核酸检测为阴性后，她从武汉客厅方舱医院出院。回家后，吃完母亲煮的羊肉火锅、洗了个澡，电话响起——她出院前一天做的第三次核酸检测出结果了，阳性。于是， ​​​,147.0,0.0,0.0,0.01680672268907563,49.0
MlmAh1Lyt,mainstream,risk,【#转阴后为啥感觉身体恢复慢#？急性病都是病去如抽丝】#阳了后回归完全正常状态需要多久# 很多人反映，在新冠转阴返岗后，总是感觉非常疲乏，这是什么原因呢？北京大学人民医院感染科主任高燕表示，虽然病人烧也退了，抗原也转阴了，但是其实人体整个体力的恢复、功能的恢复确实需要时间，大概需要2~3 ​​​,148.0,0.013513513513513514,0.0,0.015873015873015872,74.0
MkhkLh3vb,mainstream,risk,【#老年人疫苗接种7问7答#[话筒]】国务院联防联控机制有关专家表示：①大量监测和研究显示，不接种疫苗的话，尤其是在老年人当中，以及在慢性基础性疾病的人群当中，不管是发生重症还是死亡的风险都是非常高的，#老年人全程接种疫苗将降低重症风险#；②从目前监测到的情况看，60岁及以上老年人接种新冠 ​​​,149.0,0.0,0.0,0.023809523809523808,149.0
LrRiM8kzE,mainstream,risk,【#上海新增本土确诊253例和本土无症状3961例#】#上海新增本土死亡病例13例#上海市卫健委通报： 5月6日0—24时，上海新增本土新冠肺炎确诊病例253例和无症状感染者3961例，其中175例确诊病例为既往无症状感染者转归，78例确诊病例和3943例无症状感染者在隔离管控中发现。新增本土死亡病例13例。平均年 ​​​,162.0,0.0,0.0,0.104,81.0
LryD1cyIo,mainstream,risk,【#上海昨日增本土确诊261例无症状4390例#】#上海4日新增本土死亡病例13例#5月4日0—24时，上海新增本土新冠肺炎确诊病例261例和无症状感染者4390例，其中185例确诊病例为既往无症状感染者转归，75例确诊病例和4357例无症状感染者在隔离管控中发现。5月4日0—24时，新增本土死亡13例。平均年龄82.77岁 ​​​,167.0,0.0,0.0,0.15079365079365079,83.5
Iv4IqzKYg,mainstream,risk,【中国工程院副院长#王辰 新冠病毒有可能长期存在#】#专家称新冠肺炎有可能转成慢性疾病#中国工程院副院长、呼吸与危重症医学专家王辰新冠肺炎与SARS不同，SARS传播性和致病性都很强，很快把宿主杀死然后病毒自身也不容易存活。而新冠肺炎有可能转成慢性疾病，像流感一样与人类共存。对此我们从临床诊 ​​​,150.0,0.0,0.007874015748031496,0.0,75.0
Lrz8eiJOh,mainstream,risk,【#上海昨日增本土确诊261例无症状4390例#】#上海4日新增本土死亡病例13例#5月4日0—24时，上海新增本土新冠肺炎确诊病例261例和无症状感染者4390例，其中185例确诊病例为既往无症状感染者转归，75例确诊病例和4357例无症状感染者在隔离管控中发现。5月4日0—24时，新增本土死亡13例。平均年龄82.77岁 ​​​,167.0,0.0,0.0,0.15079365079365079,83.5
Iv4bXmpin,mainstream,risk,"【王辰：新冠病毒有可能长期存在】我们是否有可能要做好与新冠病毒长期共存的准备？对此，中国工程院副院长、呼吸与危重症医学专家王辰表示，新冠肺炎可能转为慢性的、像流感一样长期在人间存在的病。这种可能性是完全存在的，对此我们要做好准备。
http://t.cn/A6hlA38y ​​​",140.0,0.007142857142857143,0.018518518518518517,0.018518518518518517,46.666666666666664
MmIx25Mjt,mainstream,risk,【感觉变笨了？#阳康后脑雾症状2到4周会逐渐恢复#】近日，部分新冠感染者表示，康复后出现反应迟钝、注意力下降，有人甚至感觉自己变傻了，好像脑子里被蒙上了一层雾，“脑雾”话题也登上热搜。#如何缓解阳康后出现的脑雾症状#？南京脑科医院神经内科医生林兴建表示，早在新冠出现之前，“脑雾”已被用 ​​​,147.0,0.013605442176870748,0.00819672131147541,0.01639344262295082,49.0
LrRpZstuF,mainstream,risk,【上海新增本土确诊253例本土无症状3961例 上海新增本土死亡病例13例】上海市卫健委通报： 5月6日0—24时，上海新增本土新冠肺炎确诊病例253例和无症状感染者3961例，其中175例确诊病例为既往无症状感染者转归，78例确诊病例和3943例无症状感染者在隔离管控中发现。新增本土死亡病例13例。平均年龄83.8 ​​​,163.0,0.0,0.0,0.11023622047244094,81.5
LrprB0a2E,mainstream,risk,【#上海昨日增本土确诊260例无症状4722例#】#上海3日新增本土死亡病例16例#2022年5月3日0—24时，上海新增本土新冠肺炎确诊病例260和无症状感染者4722例，其中151例确诊病例为既往无症状感染者转归，108例确诊病例和4660例无症状感染者在隔离管控中发现。5月3日0—24时，新增本土死亡16例。平均年龄82. ​​​,169.0,0.0,0.0,0.16,84.5
LoQoHgalO,mainstream,risk,【#上海16例重症中仅1人打过疫苗#建议老年人尽快接种】4月17日上午举行的市疫情防控工作新闻发布会上，市卫生健康委主任邬惊雷通报：截至4月16日24时，在定点医疗机构接受治疗的重型患者有16例，1例33岁，其余均为老年人，最小的70岁，最大的93岁。有1例已全程接种疫苗，其余均未接种新冠肺炎病毒疫苗 ​​​,155.0,0.0,0.0,0.1,155.0
MjT8K8YBO,mainstream,risk,"#专家称肥胖感染者会更疼痛#  【专家：#男性感染者出现疼痛比例更高#】北京朝阳医院神经外科主任医师汪阳表示，有文章指出，超过70%的新冠患者出现疼痛症状，主要表现为头痛、肌肉痛和肢体痛，且男性患者比例更高。哪些是疼痛的危险因素？
汪阳：一个是男性，男性患者出现疼痛的比例要高些；第二个就是 ​​​",149.0,0.006711409395973154,0.0,0.008130081300813009,49.666666666666664
MecTgdleW,mainstream,risk,#新冠病毒或引发大脑炎症反应#【新研究发现新冠病毒可能引发大脑炎症反应】澳大利亚昆士兰大学日前发布的最新研究发现，人感染新冠病毒后，大脑可能被诱发炎症反应，这与帕金森病或阿尔茨海默病所导致的大脑炎症反应一样。这一研究可能有助于解释为什么有的新冠病毒感染者更容易出现类似帕金森病的神经 ​​​,145.0,0.0,0.0,0.0,145.0
LkR7Nujms,mainstream,risk,#奥密克戎平均一个人可以传播6到8人#【#奥密克戎仍有一定的致重症率和致死率#，仍然需要加以遏制】#国家卫健委专家对疫情最新解读# 国家卫生健康委疫情应对处置工作领导小组专家组组长 梁万年：目前在国内传播的主要流行株是新冠病毒新的变异株——奥密克戎株，它的传播速度特别快，平均一个人可以传播 ​​​,149.0,0.0,0.0,0.015503875968992248,149.0
O5ry89ed8,mainstream,risk,【#新冠病毒感染与认知功能下降存在相关性#——#科学认识长新冠#】今年2月29日，美国医学期刊《新英格兰医学杂志》发表了两项分别来自英国和挪威的大型队列研究，进一步证实新冠病毒感染与认知能力下降存在相关性。3月1日，《新英格兰医学杂志》与嘉会医学研究和教育集团联合打造的数字媒体《NEJM医学 ​​​,150.0,0.0,0.0,0.032,150.0
MluZadlY0,wemedia,risk,【#转阴后为啥感觉身体恢复慢#？急性病都是病去如抽丝】#阳了后回归完全正常状态需要多久# 很多人反映，在新冠转阴返岗后，总是感觉非常疲乏，这是什么原因呢？北京大学人民医院感染科主任高燕表示，虽然病人烧也退了，抗原也转阴了，但是其实人体整个体力的恢复、功能的恢复确实需要时间，大概需要2~3 ​​​,148.0,0.013513513513513514,0.0,0.015873015873015872,74.0
MmDR3urSt,mainstream,risk,"【 警惕“沉默性缺氧”！海口市为65岁以上老人提供免费血氧检测和氧疗服务】
近期新冠病毒在我市快速传播，60岁以上老年人是感染新冠病毒后引发重症的危险人群，特别是80岁以上的高龄老人更是重症的高危人群。在感染新冠病毒后，有一些老年人，特别是肥胖、吸烟或有慢性阻塞性肺病、糖尿病、肿瘤等基础 ​​​",148.0,0.006756756756756757,0.007936507936507936,0.023809523809523808,74.0
Lnd7T2jSC,mainstream,risk,【#邯郸永年区继续封控全员核酸#】邯郸市永年区发布最新公告，截至4月5日，我区已开展了4轮次全员核酸检测（4月6日正在开展第5轮），共检出1例轻症确诊病例、11例无症状感染者、8例阳性感染者，疫情防控形势依然严峻。为切实保障全区居民群众生命安全和身体健康，依据相关法律法规和疫情防控有关规定， ​​​,150.0,0.0,0.007692307692307693,0.06923076923076923,150.0
Lrz29lo4Y,mainstream,risk,【#上海昨日增本土确诊261例无症状4390例#】#上海4日新增本土死亡病例13例#5月4日0—24时，上海新增本土新冠肺炎确诊病例261例和无症状感染者4390例，其中185例确诊病例为既往无症状感染者转归，75例确诊病例和4357例无症状感染者在隔离管控中发现。5月4日0—24时，新增本土死亡13例。平均年龄82.77岁 ​​​,167.0,0.0,0.0,0.15079365079365079,83.5
KbVW5aexv,mainstream,risk,【#西安一医务人员接种后仍感染原因公布#】报告称，病人刘某是一名36岁的女性化验员，主要工作是在隔离病房采集COVID-19病人的咽喉拭子，在隔离区BSL-2实验室进行血液、尿液和粪便常规检测。3月17日刘某出现发烧，体温37.9℃，伴有咳嗽头痛，但报告没有呼吸困难或呼吸急促。胸部电脑断层扫描（CT）显示 ​​​,157.0,0.0,0.0,0.04878048780487805,78.5
J80xR6avY,mainstream,risk,【英国NHS手册：约30%新冠康复患者可留下终身后遗症】 英国《电讯报》称，NHS制定的指导手册指出，新冠病毒感染康复患者可能会留下肺部损伤、慢性疲劳和心理障碍等终身后遗症。NHS专家指出，新冠病毒可能会损害患者大脑功能，并增加患者罹患阿尔茨海默氏病的风险。 ​​​,133.0,0.0,0.0,0.009259259259259259,66.5
IqVkh54Ue,mainstream,risk,#全国确诊新型肺炎病例#【#上海新增4例新冠肺炎确诊病例#其中1例危重症病例为68岁男性】2020年1月23日0—24时，上海市新增新型冠状病毒感染的肺炎确诊病例4例，其中1例危重症病例，为68岁男性患者，合并慢性阻塞性肺气肿。截至1月23日24时，上海市累计发现确诊病例20例，其中18例目前病情平稳，2例病情 ​​​,160.0,0.0,0.0,0.13076923076923078,160.0
IqSkIonWl,mainstream,risk,【河北省出现第一例湖北省外新型肺炎死亡病例】#除湖北外第1例新冠肺炎死亡病例#河北省卫生健康委员会消息，1月23日，我省确诊第2例新型冠状病毒感染的肺炎病例。患者陈某，男，80岁，沧州市南皮县人，在武汉探亲居住2月余，返回南皮县后出现胸闷、呼吸困难，入院隔离治疗，伴有高血压、慢性支气管炎、 ​​​,149.0,0.0,0.007936507936507936,0.047619047619047616,149.0
N4uCZh6Be,mainstream,risk,【新冠“二阳”后，病毒诱发了一种无法根治的“慢性病”？】最近，很多人发现身边新冠“二阳”的人多起来了，有些人出现了在首阳中不曾出现的新症状，这是否代表这次感染后更严重？其实，有可能只是新冠病毒让你体内的一种无法根治的“慢性病”又复发了。 http://t.cn/A6pxLoXt ​​​,143.0,0.013986013986013986,0.0,0.009615384615384616,47.666666666666664
MdCdW0mZc,mainstream,risk,【新毒株或引爆日本第八波疫情，专家预测或致800万人感染】日本最近新冠感染人数激增，而欧洲流行的奥密克戎变异株新亚型BQ.1.1和XBB此前已确认进入东京。日本传染病专家相继警告，日本的第八波疫情即将到来。有专家通过数学建模预测，第八波疫情将导致800万人感染。专家指，如果不积极接种疫苗，第八 ​​​,151.0,0.0,0.0,0.023622047244094488,50.333333333333336
LujX99byw,mainstream,risk,【台湾增79441例新冠病例，台北市长柯文哲快筛阳性】台湾22日新增79441例本土病例，境外输入46例，并有53人染疫死亡。虽然本土病例出现连续3天下降现象，但持续出现儿童重症个案。22日新增的重症病例患者中有3例是儿童重症病例，其中2例出现了脑炎症状，分别为1岁男童及10岁男童，皆没有慢性病史。目前 ​​​,156.0,0.0,0.0,0.08661417322834646,52.0
Knu0LiYMz,mainstream,risk,#国际疫情#【马来西亚社区疫情第四级高发传播】马来西亚连续一周每日新增新冠确诊超过6000例，卫生部长阿扎姆5日表示，过去两周新冠死亡患者增加，加护病房和呼吸机使用也都增加，部分医院病房不足，一些三四期患者不得不在低风险隔离中心接受治疗。阿扎姆说，当地目前10万人中超过21人感染，是社区疫 ​​​,149.0,0.0,0.0,0.03125,149.0
K9sJjdexE,mainstream,risk,【新冠肺炎为美国人去年第三大死因】根据美国国家生命统计系统（National Vital Statistics System）收集的数据，美国去年报告的死亡人数超过330万。美国疾控中心发现，大多数死亡发生在4月11号至12月26号之间。新冠被列为345323人死亡的根本原因，比因意外受伤、中风、慢性下呼吸道疾病、阿尔茨海默病 ​​​,168.0,0.0,0.0,0.05263157894736842,84.0
K68TNA8KH,mainstream,risk,#国际疫情# 【俄专家:新毒株感染者多为癌症患者】俄罗斯卫生部流行病研究中心负责人提马科夫9号表示，经临床观察，新冠新毒株在患有慢性肿瘤和自身免疫性疾病的人体内会迅速进行复制，并极具传染性。这位俄流行病医学负责人表示，俄罗斯临床医学数据，在发现的一千多种变异的新冠患者的毒株中，患有癌 ​​​,146.0,0.0,0.0,0.007751937984496124,146.0
J1KbJwy7j,mainstream,risk,#国际疫情#【巴西过万护士确诊新冠肺炎 百人殉职】新冠病毒疫情在巴西爆发后，国家共有1.4万名护士确诊感染，其中108名殉职。他们的年龄都不大，最小仅29岁。在疫情较严重的圣保罗，确诊感染的护士人数最多；而护士死亡人数最高的是里约热内卢，共29名护士因感染新冠病毒逝世。巴西医护人员感染和死亡 ​​​,150.0,0.0,0.0,0.031496062992125984,37.5
L5h0H3ITx,wemedia,risk,【#国家卫健委回应老年人有无必要接种疫苗#】9日，在国新办举行的新闻发布会上，国家卫生健康委老龄健康司司长王海东称，老年人大多有基础疾病，从目前全球的情况来看，老年人一旦感染新冠病毒，他发生重症和死亡的风险远远高于年轻人和儿童。接种疫苗是预防新冠疫情最有效的手段，让老年人尽早接种疫 ​​​,145.0,0.0,0.0,0.007751937984496124,145.0
JAPzD333D,wemedia,risk,#汉小布提醒# 【汉中市疾控中心发布元旦春节疫情防控提示】进入冬季，国内进口物品、包装、环境等多次检出新冠病毒阳性，内蒙古、四川、黑龙江、北京、辽宁等地出现本土确诊病例，疫情防控形势复杂严峻。加之元旦、春节假日临近，人员流动性大，市场交易活跃。让人不禁担忧：即将到来的假期，还能正常 ​​​,145.0,0.0,0.0,0.0,72.5
Kl1l5dCQV,mainstream,risk,"【#接种疫苗后台湾62人猝死#】据台湾“东森新闻云”6月19日晚间消息，在日本赠送台湾124万剂阿斯利康疫苗后，岛内各地于6月15日开始扩大接种范围，岛内各地随即传出接种疫苗后的零星猝死案例。截至目前，岛内接种疫苗后猝死者飙至62人，最年轻者仅42岁。

6月19日，日本媒体《日刊现代》发表文章称，伴 ​​​",155.0,0.0,0.0,0.08064516129032258,77.5
MlbHWcwni,mainstream,risk,"#感染后咳嗽什么程度应该警惕#【新冠感染后咳嗽不止，怎么办？】新冠感染后咳嗽不止？医生告诉你这样做

新冠病毒感染后，不少人出现了咳嗽、发热、肌肉酸痛等临床症状。部分感染者在转阴后，仍有咳嗽的情况。新冠感染后咳嗽不止，甚至痰中有血丝怎么办？四川大学华西医院呼吸与危重症医学科副主任王刚 ​​​",146.0,0.02054794520547945,0.0,0.0,29.2
LrRAGvhWe,mainstream,risk,【5月6日上海新增本土确诊253➕3961例  新增本土死亡病例13例】上海市卫健委通报： 5月6日0—24时，上海新增本土新冠肺炎确诊病例253例和无症状感染者3961例，其中175例确诊病例为既往无症状感染者转归，78例确诊病例和3943例无症状感染者在隔离管控中发现。新增本土死亡病例13例。平均年龄83.8岁，最 ​​​,164.0,0.0,0.0,0.128,82.0
LryV1fQNQ,mainstream,risk,【#上海昨日增本土确诊261例无症状4390例#】#上海4日新增本土死亡病例13例#5月4日0—24时，上海新增本土新冠肺炎确诊病例261例和无症状感染者4390例，其中185例确诊病例为既往无症状感染者转归，75例确诊病例和4357例无症状感染者在隔离管控中发现。5月4日0—24时，新增本土死亡13例。平均年龄82.77岁 ​​​,167.0,0.0,0.0,0.15079365079365079,83.5
Lrpleck3x,mainstream,risk,【#上海昨日增本土确诊260例无症状4722例#】#上海3日新增本土死亡病例16例#2022年5月3日0—24时，上海新增本土新冠肺炎确诊病例260和无症状感染者4722例，其中151例确诊病例为既往无症状感染者转归，108例确诊病例和4660例无症状感染者在隔离管控中发现。5月3日0—24时，新增本土死亡16例。平均年龄82. ​​​,169.0,0.0,0.0,0.16,84.5
Klx209ihu,mainstream,risk,#台湾地区新冠致死率远超全球平均水平#【台湾地区新冠致死率已超4% 远超全球平均水平】据台媒报道，台湾地区新冠疫情近日趋缓，但死亡人数却没有下降，近10天致死率增加近1个百分点。截至22日死亡人数累计已达575人，最新致死率为4.06%，远超全球平均水平2.2%。岛内医师林应然分析称，近期岛内病例飙升 ​​​,155.0,0.0,0.0,0.0546875,77.5
MiAQ9pXl7,mainstream,risk,"【“预防新冠，做自己健康第一责任人”倡议书】#12月8日山东新闻##山东疫情防控# 新冠还有风险，预防不容忽视。对自我健康负责，从身边小事做起。
为有效预防新冠肺炎，提升自身健康水平，结合当前新冠病毒奥密克戎变异株传播特点，山东省疾病预防控制中心向全社会发出“预防新冠，做自己健康第一责任 ​​​",148.0,0.0,0.024390243902439025,0.016260162601626018,74.0
Kl27i6HPt,mainstream,risk,"【#接种疫苗后台湾62人猝死#，在台日本人有点怕了】
据台湾“东森新闻云”6月19日晚间消息，在日本赠送台湾124万剂阿斯利康疫苗后，岛内各地于6月15日开始扩大接种范围，岛内各地随即传出接种疫苗后的零星猝死案例。截至目前，岛内接种疫苗后猝死者飙至62人，最年轻者仅42岁。

6月19日，日本媒体《日 ​​​",155.0,0.0,0.0,0.08064516129032258,77.5
MmrWR2yUi,mainstream,risk,【#专家回应阳康后出现脑雾症状#】#脑雾会在1个月到1年内缓解#“‘阳’后的恢复期，我觉得自己的注意力降低了，是不是出现了‘脑雾’？会持续多久？”有患者表示，自己“阳康”后感到疲倦、注意力下降。“新冠感染康复后，我觉得自己反应有点迟钝。”1月1日，北京市朝阳区的孙女士告诉记者：“工作的时 ​​​,148.0,0.013513513513513514,0.04310344827586207,0.034482758620689655,37.0
Mhhh9xB1e,mainstream,risk,#加强老年人新冠病毒疫苗接种#【老年人为啥要打新冠疫苗？带你了解5大重要事实】#国家卫健委建议老年人尽快接种疫苗# 新冠疫苗到底能不能保护家里的老宝贝？来了解一下这5个事实：1⃣️老年人感染新冠病毒后发生重症和死亡的风险较高；2⃣️老年人感染新冠病毒后果较严重；3⃣️未接种新冠疫苗者感染新 ​​​,149.0,0.013422818791946308,0.0,0.03937007874015748,37.25
Ix9uwrnxK,mainstream,risk,#全球战疫进行时# 【#伊拉克4日首现多起新冠肺炎死亡病例#】伊拉克卫生和环境部4日夜间在其社交媒体上先后发布两则声明，宣布了该国两起因感染新冠肺炎而死亡的病例。第一则声明称，巴格达一名女性患者尽管接受了一切可能的治疗，但仍因免疫力受损严重而死亡。第二则声明称，巴格达一名65岁的患者感染 ​​​,148.0,0.0,0.0,0.023076923076923078,74.0
IwAaE6EtY,mainstream,risk,【#泰国现首例新冠肺炎死亡病例#】泰国朱拉隆功大学医学院新型传染病研究中心主任提叻瓦·合玛朱塔（Thiravat Hemachudha）透露，一名35岁泰国籍男性因感染新冠肺炎于2月29日傍晚在曼谷逝世，这是泰国首例新冠肺炎死亡病例。他还表示，这是一个重要案例，显示无症状感染者也可以传播病毒，而且就算没有 ​​​,157.0,0.0,0.0,0.024793388429752067,157.0
IvY0PCBSW,mainstream,risk,【#韩国新天地教会信徒新冠肺炎死亡# 韩国新冠肺炎累计死亡病例增至12例】#关注新冠肺炎#26日，韩国大邱市政府表示，又有1例确诊感染新冠肺炎的患者不治身亡。韩国境内累计死亡病例增至12例。该患者73岁，是韩国新天地教会信徒，患有糖尿病和高血压等慢性疾病。@央视新闻 ​​​,137.0,0.0,0.0,0.043859649122807015,45.666666666666664
MleyGeaAn,mainstream,risk,【#给阳性老年人及其子女的十条用药建议#】新型冠状病毒感染者症状包括发热、鼻塞打喷嚏、咽干咽痛、咳嗽咳痰等。如果症状严重，年轻人都难以承受，对老年人来说更是身体综合素质的考验。老年人的肝脏、肾脏、心脏各项功能会出现不同程度的减退，导致对药物不敏感、不良反应的发生几率也会增加，且患有 ​​​,145.0,0.0,0.0,0.0,72.5
LvivGn0cM,mainstream,risk,【#台湾新增新冠死亡145例#】#关注新冠肺炎#台湾当局“流行疫情指挥中心”29日公布，新增76605例新冠肺炎确诊病例，其中本地病例76539例；确诊病例中新增死亡145例，死亡数创新高，且自26日新增死亡人数首度破百后，#台湾新冠死亡病例连续4天超百例#。截至目前，全台累计本地死亡病例达2041例。当日公 ​​​,159.0,0.0,0.0,0.06722689075630252,53.0
LuWVEwq7r,mainstream,risk,【#中疾控回应感染奥密克戎后会天然免疫说法#】#关注新冠肺炎# 5月27日，中国疾控中心免疫规划首席专家王华庆介绍，我们对奥密克戎变异株还在一个不断认识的过程中，感染病毒理论上会产生天然免疫，但这不是我们的选择。一方面感染后会导致重症、死亡，特别是慢性病人群和老年人，如果不接种疫苗而自然 ​​​,148.0,0.0,0.015625,0.015625,148.0
LteaKvPf2,mainstream,risk,【上海新增本土死亡4例】#关注新冠肺炎# 据“健康上海12320”微信公众号消息，2022年5月15日0—24时，上海新增本土新冠肺炎确诊病例69例和无症状感染者869例；新增本土死亡4例，平均年龄86.5岁，最小年龄80岁，最大年龄93岁。4位患者均合并有严重的慢性基础疾病及肿瘤，包括食道肿瘤、冠心病、心功能不 ​​​,161.0,0.0,0.0,0.11382113821138211,80.5
LrRhWCKaG,mainstream,risk,【上海新增本土死亡13例】据“健康上海12320”消息，2022年5月6日0—24时，上海新增本土新冠肺炎确诊病例253例和无症状感染者3961例；新增本土死亡13例，平均年龄83.8岁，最小年龄62岁，最大年龄95岁。13位患者合并有多种晚期恶性肿瘤和严重的急慢性基础疾病，包括晚期直肠癌、肺癌、颅内恶性肿瘤、慢 ​​​,161.0,0.0,0.0,0.11570247933884298,80.5
KnPCer5E2,mainstream,risk,【百名科学家撰文劝阻英国全面“解封”】英国政府此前宣布将于本月19日全面解除新冠限制措施，包括取消强制戴口罩规定、取消聚会人数限制等。近日，有超过100名全球科学家和医生在权威医学杂志《柳叶刀》上撰文警告称，英国政府此举“危险且为时过早”，最终将导致新增数百万感染者。更严重的是，全面 ​​​,146.0,0.0,0.0,0.016260162601626018,73.0
KjoE81aFK,mainstream,risk,"【岛内现多起“死后确诊”新冠肺炎案例！】台湾地区新冠肺炎疫情严峻，截至目前确诊个案中死亡案例已达333例，台湾确诊新冠肺炎后的致死率为2.63%，高于全球平均2.16％，从发病到死亡仅3天的人高达18%。据台媒先后报道，岛内近日出现多起“死后确诊”新冠肺炎案例，引发岛内民众恐慌。

据台媒报道，本 ​​​",153.0,0.006535947712418301,0.0,0.04132231404958678,51.0
Ki0M9bUz9,mainstream,risk,【岛内新冠肺炎死亡病例累计破百 超七成是这一群体】岛内疫情持续严峻，死于新冠肺炎的人数突破百例，截至30日总计有109例。岛内第一起死亡案例是去年2月16日公布的60多岁“白牌计程车司机”，他在确诊10天后身亡。接着来到3月20日，出现第二起死亡案例，为80多岁男性，具有慢性病史，最后并发败血症离 ​​​,153.0,0.0,0.0,0.07086614173228346,76.5
Kg29p3FUU,mainstream,risk,"【最新！#台湾新增240例本土确诊病例# 新增2例死亡】台湾地区流行疫情指挥中心今日（18日）公布，台湾新增245例新冠肺炎确诊病例，分别为240例本土病例及5例境外输入病例，确诊病例中新增2例死亡。过去8天#台湾本土病例突破千例# 达到1024例，
指挥中心说明，新增死亡案例中，一人为60多岁女性，在万华 ​​​",158.0,0.006329113924050633,0.0,0.08130081300813008,79.0
LryHfy09o,mainstream,risk,【#上海昨日增本土确诊261例无症状4390例#】#上海4日新增本土死亡病例13例#5月4日0—24时，上海新增本土新冠肺炎确诊病例261例和无症状感染者4390例，其中185例确诊病例为既往无症状感染者转归，75例确诊病例和4357例无症状感染者在隔离管控中发现。5月4日0—24时，新增本土死亡13例。平均年龄82.77岁 ​​​,167.0,0.0,0.0,0.15079365079365079,83.5
Kg1CcDxcd,mainstream,risk,【#台湾亚东医院发生院内感染#：一名80多岁确诊者死亡 患多重慢性疾病】5月18日，据《联合新闻网》报道，台湾亚东医院暴发院内感染，9名患者中1名不幸身亡。死者系80多岁男性，生前患多重慢性疾病。另有2名医护最新检测结果呈阳性，已被安排住进隔离病房。#聚焦新冠肺炎疫情# http://t.cn/A6VbNLmA ​ ​​​,162.0,0.0,0.0,0.06779661016949153,54.0
IvYKbemUA,mainstream,risk,【韩国新冠肺炎累计死亡病例增至12例】今天，韩国大邱市政府表示，又有1例确诊感染新冠肺炎的患者不治身亡。目前，韩国境内累计死亡病例增至12例。据悉，该患者73岁，是韩国新天地教会信徒，患有糖尿病和高血压等慢性疾病。此前，据韩国媒体估测，“新天地教会”在各地的教徒总数可能多达215000人。 ​​​,149.0,0.0,0.0,0.04132231404958678,37.25
Iv2jeuVPO,mainstream,risk,【中国工程院副院长#王辰 新冠病毒有可能长期存在#】2月19日，中国工程院副院长、呼吸与危重症医学专家王辰表示，新冠肺炎与SARS不同，SARS传播性和致病性都很强，很快把宿主杀死然后病毒自身也不容易存活。而新冠肺炎有可能转成慢性疾病，像流感一样与人类共存。对此我们从临床诊治和生产生活防范方面 ​​​,151.0,0.0,0.007874015748031496,0.015748031496062992,75.5
KmqC57nXo,mainstream,risk,【#美国出现首个接种莫德纳疫苗后血栓致死病例#】据海外网综合美国雅虎新闻网、“今日俄罗斯”电视台28日报道，美国一名65岁男子注射第二剂莫德纳新冠疫苗后死亡。该患者接种第二剂莫德纳新冠疫苗10天后，出现头痛、双腿疼痛和呼吸困难等症状，紧急就医后出现罕见的“血栓并血小板低下症候群”病症。2 ​​​,148.0,0.0,0.0,0.031746031746031744,74.0
KjeB6pEWx,mainstream,risk,"【#台湾疫情死亡率现新高#，30多岁女性确诊6天病亡】据海外网综合台湾“东森新闻云”等台媒报道，台湾流行疫情指挥中心8日公布，台湾新增219例本土新冠肺炎确诊病例，已连续25天本土确诊超百例。确诊病例中，新增22例死亡病例，死亡率达2.8%，出现新高。目前，累计死亡病例308例。

死亡个案中，一名30 ​​​",156.0,0.0,0.0,0.07377049180327869,52.0
MmINZp6oG,mainstream,risk,【感觉变笨了？#阳康后脑雾症状2到4周会逐渐恢复#】近日，部分新冠感染者表示，康复后出现反应迟钝、注意力下降，有人甚至感觉自己变傻了，好像脑子里被蒙上了一层雾，“脑雾”话题也登上热搜。#如何缓解阳康后出现的脑雾症状#？南京脑科医院神经内科医生林兴建表示，早在新冠出现之前，“脑雾”已被用 ​​​,147.0,0.013605442176870748,0.00819672131147541,0.01639344262295082,49.0
Lrz6hriIH,mainstream,risk,【#上海昨日增本土确诊261例无症状4390例#】#上海4日新增本土死亡病例13例#5月4日0—24时，上海新增本土新冠肺炎确诊病例261例和无症状感染者4390例，其中185例确诊病例为既往无症状感染者转归，75例确诊病例和4357例无症状感染者在隔离管控中发现。5月4日0—24时，新增本土死亡13例。平均年龄82.77岁 ​​​,167.0,0.0,0.0,0.15079365079365079,83.5
Iv3d53eZU,mainstream,risk,【王辰：新冠病毒有可能长期存在】我们是否有可能要做好与新冠病毒长期共存的准备？对此，中国工程院副院长、呼吸与危重症医学专家王辰表示，新冠肺炎可能转为慢性的、像流感一样长期在人间存在的病。这种可能性是完全存在的，对此我们要做好准备。http://t.cn/A6hlA38y ​​​,139.0,0.007194244604316547,0.018518518518518517,0.018518518518518517,46.333333333333336
O5rXVcwxV,mainstream,risk,【#新冠病毒感染与认知功能下降存在相关性#——#科学认识长新冠#】今年2月29日，美国医学期刊《新英格兰医学杂志》发表了两项分别来自英国和挪威的大型队列研究，进一步证实新冠病毒感染与认知能力下降存在相关性。3月1日，《新英格兰医学杂志》与嘉会医学研究和教育集团联合打造的数字媒体《NEJM医学 ​​​,150.0,0.0,0.0,0.032,150.0
MmSsgdlqC,mainstream,risk,【#男子阳了后嗜睡一查已是白肺#】77岁的大伯感染新冠后一直嗜睡，到医院一检查，发现竟然出现了白肺。这段时间，浙江省人民医院放射科接诊患者数量急速上升。放射科副主任医师王浩初提醒，六十岁以上的老年人，尤其是六十五岁以上高龄、没有接种过新冠疫苗的患者，又有各种慢性基础疾病，包括慢性肺病 ​​​,146.0,0.0,0.0,0.007874015748031496,73.0
MmN3R3GHh,mainstream,risk,"#感染新冠会影响记忆力吗#【注意力下降，反应迟钝，感觉自己变傻了？#专家回应阳康后出现脑雾症状#】“‘阳’后的恢复期，我觉得自己的注意力降低了，是不是出现了‘脑雾’？会持续多久？”有患者表示，自己“阳康”后感到疲倦、注意力下降。

“新冠感染康复后，我觉得自己反应有点迟钝。”1月1日，北 ​​​",148.0,0.02027027027027027,0.05309734513274336,0.017699115044247787,29.6
MmIVncDGE,mainstream,risk,【感觉变笨了？#阳康后脑雾症状2到4周会逐渐恢复#】近日，部分新冠感染者表示，康复后出现反应迟钝、注意力下降，有人甚至感觉自己变傻了，好像脑子里被蒙上了一层雾，“脑雾”话题也登上热搜。#如何缓解阳康后出现的脑雾症状#？南京脑科医院神经内科医生林兴建表示，早在新冠出现之前，“脑雾”已被用 ​​​,147.0,0.013605442176870748,0.00819672131147541,0.01639344262295082,49.0
MmoLCjpmj,mainstream,risk,"【#专家回应阳康后出现脑雾症状#】“‘阳’后的恢复期，我觉得自己的注意力降低了，是不是出现了‘脑雾’？会持续多久？”有患者表示，自己“阳康”后感到疲倦、注意力下降。

“新冠感染康复后，我觉得自己反应有点迟钝。”1月1日，北京市朝阳区的孙女士告诉人民日报健康客户端记者：“工作的时候要刻 ​​​",147.0,0.013605442176870748,0.043478260869565216,0.017391304347826087,36.75
MorUukojQ,mainstream,risk,【感染新冠后，谁需要看“康复门诊”？】#谁需要看新冠康复门诊# @医学界网站：“每个来看新冠康复的人都会说，原以为就是三两天的小感冒，没想到症状这么重、持续时间这么久。”北京和睦家康复医院首席医疗官、内科主任秦新艳告诉“医学界”，其所在医院挂牌“新冠康复门诊”约有两周，主要接诊有慢性 ​​​,146.0,0.00684931506849315,0.0,0.0,73.0
MmTIbfvDA,mainstream,risk,"#湖南邵阳提倡非必要不返乡# 1月4日，湖南省邵阳县新冠感染疫情防控指挥部发布“温馨提示”，全文如下：

目前，正值新冠病毒感染流行高峰和流感等呼吸道疾病高发季节，又适逢春节将至，人员流动加大，聚集性活动特别是室内活动增多，可能进一步加大疫情传播特别是再次感染风险。为保障全县人民群众身 ​​​",147.0,0.0,0.0,0.015748031496062992,147.0
MmrJn2pBC,mainstream,risk,"【阳康后出现“脑雾”症状？专家：尚未明确有因果关系】“‘阳’后的恢复期，我觉得自己的注意力降低了，是不是出现了‘脑雾’？会持续多久？”有患者表示，自己“阳康”后感到疲倦、注意力下降。

“新冠感染康复后，我觉得自己反应有点迟钝。”1月1日，北京市朝阳区的孙女士告诉人民日报健康客户端记 ​​​",146.0,0.02054794520547945,0.043859649122807015,0.017543859649122806,29.2
MlG1bgG3B,mainstream,risk,"【囤药、代购、黑市，被神话的这款抗新冠药该怎么用？】@医学界网站：Paxlovid引起很多公共话题的另一个原因，是它的很多局限性，例如价格高、无法大面积使用、用药禁忌多……

根据制药方辉瑞公司官网信息，禁止与Paxlovid联用的药物种类达25种。随着合并用药的暴露量增加，可能导致严重、危及生命或 ​​​",154.0,0.006493506493506494,0.0,0.008695652173913044,77.0
M93oCluVH,mainstream,risk,"#新冠病毒或对心脏DNA产生影响#【#新研究揭示新冠病毒如何影响心脏#】据新华社报道，澳大利亚昆士兰大学日前发布消息说，一项新研究揭示了新冠病毒如何对心脏产生影响，以及其与流感病毒对心脏影响的差异，这为治疗新冠病毒感染所引起的心脏损伤提供了思路。

这项由昆士兰大学领衔的研究已发表在《免 ​​​",148.0,0.0,0.0,0.0,148.0
M6NYarXlA,mainstream,risk,"#美国长新冠患者躺在白宫外抗议#【美国“长新冠”患者躺在白宫外抗议：“大流行并未结束”】据美国《国会山报》新闻网站报道，当地时间19日，美国“长新冠”患者聚集在白宫外抗议，喊话政府“大流行并未结束”，呼吁采取紧急应对措施。

参与抗议的民众大多患有慢性疲劳综合征（ME/CFS）。抗议民众表示 ​​​",150.0,0.0,0.0,0.008620689655172414,75.0
M3U6smdPw,mainstream,risk,#英媒称新冠令人更容易患上心脏病#【感染新冠康复后就没事了？英媒：不！有个大问题】@环球时报 ：尽管目前一些研究认为新冠病毒奥密克戎变异毒株的毒性似乎正在减弱，除了高危老年人群体，普通人即便感染了病毒可能也没有大碍，但英国《金融时报》在当地时间8月30日发布的一篇深度报道却表示，感染新 ​​​,147.0,0.013605442176870748,0.0,0.015873015873015872,73.5
LqnhNpscw,mainstream,risk,"【#德研究称辉瑞mRNA疫苗可能引发肝炎#】@澎湃新闻 ：来自德国的最新临床研究发现，辉瑞/BioNTech联合开发的新冠mRNA疫苗（BNT162b2）可能引发一种罕见的以T细胞为介导的自身免疫性肝炎。#辉瑞mRNA疫苗可能引发自身免疫性肝炎#

自身免疫肝炎是由自身免疫反应介导的慢性进行性肝脏炎症性疾病，其临床特 ​​​",163.0,0.0,0.0,0.01680672268907563,163.0
Lp0LCxfvM,mainstream,risk,"【我的儿子患上了“长期新冠”，正尝试高压氧治疗】英国首相约翰逊2月宣布了“与新冠共存”的计划，放弃封锁和严格的隔离措施。如今英国“躺平”已过近两个月，在确诊病例一周增长30多万的同时，英国的医疗、教育、服务业却未能像很多人想象的一样“顺利复苏”。

早在今年1月，著名学者马丁·雅克在社 ​​​",147.0,0.0,0.008333333333333333,0.025,73.5
MmIseuQNY,mainstream,risk,【感觉变笨了？#阳康后脑雾症状2到4周会逐渐恢复#】近日，部分新冠感染者表示，康复后出现反应迟钝、注意力下降，有人甚至感觉自己变傻了，好像脑子里被蒙上了一层雾，“脑雾”话题也登上热搜。#如何缓解阳康后出现的脑雾症状#？南京脑科医院神经内科医生林兴建表示，早在新冠出现之前，“脑雾”已被用 ​​​,147.0,0.013605442176870748,0.00819672131147541,0.01639344262295082,49.0
IvNNCy4Z7,mainstream,risk,#山东累计确诊病例755例#【[话筒]2月24日#山东新增两例死亡病例#详情公布】淄博1例死亡病例情况：病例16，女，84岁，淄博市淄川区人，居住淄川区龙泉镇龙四村，既往有高血压病病史。2020年2月1日，患者出现乏力。2月7日，患者因“重度贫血”到淄博市中心医院住院治疗，后出现发热、肺炎等症状。2月8日 ​​​,157.0,0.0,0.0,0.10655737704918032,52.333333333333336
Iu3xuruN0,mainstream,risk,#日本出现首例新冠肺炎死亡病例#【“钻石公主”号隔离进入第9天 #日本批准钻石公主号部分乘客提前下船#】日本厚生劳动大臣加藤胜信13日召开紧急新闻发布会，称神奈川县一名80多岁女性因新冠肺炎于今天死亡。报道称，这是日本国内首例新冠肺炎死亡病例。此前，日本批准钻石公主号80岁以上、患慢性病和封 ​​​,150.0,0.0,0.0,0.03125,75.0
Iv4QrANiR,wemedia,risk,【#王辰 新冠病毒有可能长期存在# 要做好准备】19日，中国工程院副院长、呼吸与危重症医学专家王辰接受央视采访时表示，新冠肺炎与SARS不同，SARS传播性和致病性都很强，很快把宿主杀死然后病毒自身也不容易存活。而新冠肺炎有可能转成慢性疾病，像流感一样与人类共存。对此我们从临床诊治和生产生活防 ​​​,151.0,0.0,0.007936507936507936,0.007936507936507936,75.5
LryQjxlLp,mainstream,risk,【#上海昨日增本土确诊261例无症状4390例#】#上海4日新增本土死亡病例13例#5月4日0—24时，上海新增本土新冠肺炎确诊病例261例和无症状感染者4390例，其中185例确诊病例为既往无症状感染者转归，75例确诊病例和4357例无症状感染者在隔离管控中发现。5月4日0—24时，新增本土死亡13例。平均年龄82.77岁 ​​​,167.0,0.0,0.0,0.15079365079365079,83.5
Iv3HVe3kH,mainstream,risk,【中国工程院副院长王辰：#新冠病毒有可能长期存在#】中国工程院副院长、呼吸与危重症医学专家王辰新冠肺炎与SARS不同，SARS传播性和致病性都很强，很快把宿主杀死然后病毒自身也不容易存活。而新冠肺炎有可能转成慢性疾病，像流感一样与人类共存。对此我们从临床诊治和生产生活防范方面都要做好相应的 ​​​,149.0,0.0,0.0078125,0.0,74.5
MFz2QErNZ,mainstream,risk,"【五一后，全国都在咽喉炎？#嗓子疼是新冠二阳吗#？】五一假期过后，有网友在社交平台发帖，称自己出现喉咙肿痛，越来越严重的刀片嗓与感染新冠时类似，担心是不是“二阳”了。

#全国都在咽喉炎吗#一度登上热搜，引发很多人的关注和讨论。

为什么近期咽喉炎频发？是否与新冠感染有关？《生命时报》采 ​​​",148.0,0.02702702702702703,0.00847457627118644,0.0,24.666666666666668
MmRlEAGx4,mainstream,risk,#新冠防护手册##感染新冠会影响记忆力吗#【感觉变笨了？阳康后脑雾症状2到4周会逐渐恢复】#专家回应出现脑雾症状怎么办#近日，部分新冠感染者表示，康复后出现反应迟钝、注意力下降，有人甚至感觉自己变傻了，好像脑子里被蒙上了一层雾，“脑雾”话题也登上热搜。如何缓解阳康后出现的脑雾症状？南京脑 ​​​,148.0,0.013513513513513514,0.008,0.016,49.333333333333336
Mllkx16kZ,mainstream,risk,"【#出现黄脓痰可吃抗生素#】12月25日，复旦大学附属中山医院重症医学科主任钟鸣做客上海科普大讲坛，并对公众关心的新冠防疫问题进行解答。

问：最近阳性了，咳嗽痰非常多，甚至出现血丝，也有很多黄痰的症状，需要用哪些药物？

钟鸣：感染后发热、咳嗽其实都是很常见的，甚至咳嗽有些痰，如果这个痰 ​​​",149.0,0.006711409395973154,0.0,0.01639344262295082,74.5
Ml4yCkY5E,mainstream,risk,"【五问专家|新冠感染后，咳嗽不止怎么办？和感冒咳嗽一样吗？痰中带血需要就医吗？】

近期，随着新冠病毒感染人数持续上升，尽管奥密克戎的致病力明显下降，但仍有不少人出现了咳嗽、发热、肌肉酸痛、咽喉肿痛等临床症状。尤其是部分感染者在转阴后，仍有咳嗽的情况，不免有些担心，自己病情是否加重 ​​​",145.0,0.020689655172413793,0.00819672131147541,0.0,36.25
IA8YLoEdd,mainstream,risk,"#新冠肺炎疫情是否会“长期化”，患者为何“复阳”？专家答疑# 新冠肺炎疫情继续蔓延，全球确诊病例累计已超过30万、中国以外超过25万。近日有临床研究报告了部分出院后检测又恢复阳性的案例。有观点认为新冠肺炎可能会成为长期感染的慢性病，疫情也可能“长期化”。
多位专家接受新华社记者采访时指出 ​​​",148.0,0.006756756756756757,0.0,0.016129032258064516,37.0
Iv2kOBPpp,mainstream,risk,#相信武汉##共同战疫##湖北加油 武汉挺住#  【王辰院士：#新冠病毒有长期存在的可能#】2月19日晚，白岩松连线中国工程院副院长、呼吸与危重症医学专家王辰。对于是否存在与新冠病毒长期共存的可能，王辰表示：“有这种可能。SARS的传播性和致病性都很强，对这样兼具很强传播性和很强致病性的病毒，是不 ​​​,153.0,0.0,0.0,0.01639344262295082,76.5
LuZ8D0fX6,mainstream,risk,【#靠感染奥密克戎产生免疫是一个危险选择#】#自然感染新冠产生的免疫力有很大不确定性# 王华庆：感染病毒后从理论上来说会产生天然的免疫。但是，这不是我们目前应做出的选择。一方面，奥密克戎变异株会导致重症和死亡，不接种疫苗单靠自然感染产生免疫还是一个危险的选择，尤其对老年人和有慢性疾病 ​​​,146.0,0.0,0.0078125,0.0,73.0
Iv25BmAFn,mainstream,risk,【王辰院士：#新冠病毒可能转成慢性# 像流感一样存在】新冠病毒是否会长期存在？呼吸与危重症医学专家、中国工程院副院长王辰院士表示：有这种可能性。这个病有可能转成慢性的、像流感一样在人间存在的病，这种可能性是完全存在，对此我们要做好准备。http://t.cn/A6hOp97K @新闻一加一  ​​​,150.0,0.006666666666666667,0.008849557522123894,0.017699115044247787,50.0
IFKkJlZLc,mainstream,risk,【#印度医生害怕新冠拒绝治病# 男子目睹母亲死去[泪]】印度北方邦一名男子的母亲因慢性肺病出现呼吸困难的症状，但医生因害怕被传染上新冠肺炎，拒绝靠近为其诊治，最终该男子只能绝望地看着母亲离世。@央视网视频 http://t.cn/A6AGK7TS ​​​,127.0,0.0,0.0,0.02127659574468085,127.0
Iv25t8X6V,mainstream,risk,【王辰院士：#新冠病毒可能转成慢性# 像流感一样存在】新冠病毒是否会长期存在？呼吸与危重症医学专家、中国工程院副院长王辰院士表示：有这种可能性。这个病有可能转成慢性的、像流感一样在人间存在的病，这种可能性是完全存在，对此我们要做好准备。http://t.cn/A6hOp97K @新闻一加一  ​​​,150.0,0.006666666666666667,0.008849557522123894,0.017699115044247787,50.0
LprGIebPr,mainstream,risk,【马丁·雅克：我的儿子患上了“长期新冠”，正尝试高压氧治疗】今年2月，英国宣布了“与新冠共存”的计划，放弃封锁和严格的隔离措施。如今英国“躺平”将近两个月，确诊病例一周增长30多万的同时，英国的医疗、教育、服务业却未能如期“顺利复苏”。早在今年1月，著名学者马丁·雅克在社交媒体上透露， ​​​,147.0,0.0,0.00847457627118644,0.025423728813559324,73.5
KnNAQiTUw,mainstream,risk,【台湾新冠致死率高达4.5% #台防疫官员称两成家属放弃治疗#】近日，台湾地区因新一波新冠疫情，致死率高达4.5%。5日，台疫情指挥中心专家咨询小组召集人张上淳表示，死亡个案多的主要原因除了有9成死者本身有潜在病史外，还有2成的家属放弃治疗导致。他还称，其中还有相当比例的病人“是可以救得回来的 ​​​,151.0,0.0,0.0,0.03875968992248062,75.5
Klvr7ibrY,mainstream,risk,【#台湾地区新冠致死率已超4%# 远高于全球平均水平】据台媒报道，台湾地区新冠疫情近日趋缓，但死亡人数却没有下降，近10天致死率增加近1个百分点。截至22日死亡人数累计已达575人，最新致死率为4.06%，远超全球平均水平2.2%。岛内医师林应然分析称，近期岛内病例飙升，且感染的老人多，慢性病史也多， ​​​,155.0,0.0,0.0,0.056,77.5
MjPv9Ck2f,mainstream,risk,"【#女子感染新冠后不停喝水被送医抢救# ！医生紧急提醒】从四川省人民医院获悉，近日，一名中年女性出现意识模糊紧急入院治疗。经医生分析，系因感染新冠病毒后过量饮水导致水中毒引起。

据四川省人民医院急诊科医师杨鹏介绍，该患者于12月10日左右感染新冠病毒，出现全身酸痛症状，发烧至39℃，并呕 ​​​",149.0,0.006711409395973154,0.0,0.024193548387096774,49.666666666666664
L5fktw2nW,mainstream,risk,【#国家卫健委回应老年人有无必要接种疫苗#】9日，在国新办举行的新闻发布会上，国家卫生健康委老龄健康司司长王海东称，老年人大多有基础疾病，从目前全球的情况来看，老年人一旦感染新冠病毒，他发生重症和死亡的风险远远高于年轻人和儿童。接种疫苗是预防新冠疫情最有效的手段，让老年人尽早接种疫 ​​​,145.0,0.0,0.0,0.007751937984496124,145.0
Ivddn5w1v,mainstream,risk,【慢性肺炎高发导致新冠肺炎患者病亡率偏高】 via 黑龙江日报客户端http://t.cn/A6hQqvsa ​​​,58.0,0.0,0.0,0.03125,58.0
MmUh8lzml,wemedia,risk,【感觉变笨了？#阳康后脑雾症状2到4周会逐渐恢复#】近日，部分新冠感染者表示，康复后出现反应迟钝、注意力下降，有人甚至感觉自己变傻了，好像脑子里被蒙上了一层雾，“脑雾”话题也登上热搜。#如何缓解阳康后出现的脑雾症状#？南京脑科医院神经内科医生林兴建表示，早在新冠出现之前，“脑雾”已被用 ​​​,147.0,0.013605442176870748,0.00819672131147541,0.01639344262295082,49.0
Mn0H112ld,mainstream,risk,"【#什么情况需要做肺部CT#？感染后两种情况要警惕】与咽痛、鼻塞等症状相比，一些人更担心感染新冠后会引起肺炎，甚至有网友用“肺都要咳出来了”形容感受。感染后咳嗽、气短，到底有没有必要去医院拍胸部CT？

需要提醒的是，5类人“阳”后更易发展为白肺：1.大于65岁的老年人；2.长期住在养老机构的 ​​​",151.0,0.013245033112582781,0.0,0.03305785123966942,37.75
M6AQLt3aF,mainstream,risk,"【#美国长新冠患者躺在白宫外抗议#：“大流行并未结束”】据美国《国会山报》新闻网站报道，当地时间19日，美国“长新冠”患者躺在白宫外抗议，喊话政府“大流行并未结束”，呼吁采取紧急应对措施。#美国长新冠患者喊话政府大流行并未结束#
参与抗议的民众大多患有慢性疲劳综合征（ME/CFS）。抗议民众 ​​​",150.0,0.0,0.0,0.008547008547008548,75.0
KoeqB79Zd,mainstream,risk,#台30岁男子确诊新冠后轻生#【台湾30岁男子确诊新冠情绪崩溃 医院内轻生身亡】据台湾流行疫情指挥中心通报，这名30岁男子患有慢性C型肝炎，作为密切接触者于6月22日入院采样，6月24日确诊新冠，7月8日确定死亡。住院期间，该男子情绪不稳定，医院曾多次心理辅导，但他最终仍在病室中轻生死亡。台媒称， ​​​,153.0,0.0,0.0,0.06976744186046512,76.5
KlmldfotP,mainstream,risk,【#台湾地区新冠致死率已超世界各国#累计569人死亡】台湾地区新冠疫情近日趋缓，但死亡人数却没有下降，截至22日累计已达569人，致死率目前已超过4％，比世界各国致死率都高。岛内专家分析称，自升三级警戒以来，感染数字根本跟不上病床数，且感染的老人多，慢性病史也多，该在医院治疗的根本去不了， ​​​,149.0,0.0,0.0,0.03225806451612903,149.0
Iv2uqkPYy,mainstream,risk,【中国工程院副院长#王辰 新冠病毒有可能长期存在#】#专家称新冠肺炎有可能转成慢性疾病#中国工程院副院长、呼吸与危重症医学专家王辰新冠肺炎与SARS不同，SARS传播性和致病性都很强，很快把宿主杀死然后病毒自身也不容易存活。而新冠肺炎有可能转成慢性疾病，像流感一样与人类共存。对此我们从临床诊 ​​​,150.0,0.0,0.007874015748031496,0.0,75.0
IvYhxCngK,mainstream,risk,【#韩国新天地教会信徒新冠肺炎死亡# 韩国新冠肺炎累计死亡病例增至12例】#关注新冠肺炎#26日，韩国大邱市政府表示，又有1例确诊感染新冠肺炎的患者不治身亡。韩国境内累计死亡病例增至12例。该患者73岁，是韩国新天地教会信徒，患有糖尿病和高血压等慢性疾病。@央视新闻 ​​​,137.0,0.0,0.0,0.043859649122807015,45.666666666666664
Mkib0pPiE,mainstream,risk,【#老年人疫苗接种7问7答#[话筒]】国务院联防联控机制有关专家表示：①大量监测和研究显示，不接种疫苗的话，尤其是在老年人当中，以及在慢性基础性疾病的人群当中，不管是发生重症还是死亡的风险都是非常高的，#老年人全程接种疫苗将降低重症风险#；②从目前监测到的情况看，60岁及以上老年人接种新冠 ​​​,149.0,0.0,0.0,0.023809523809523808,149.0
LndlBpui4,mainstream,risk,【#邯郸永年继续封控开展核酸检测#】截至4月5日，邯郸永年区已开展了4轮次全员核酸检测（4月6日正在开展第5轮），共检出1例轻症确诊病例、11例无症状感染者、8例阳性感染者，疫情防控形势依然严峻。为切实保障全区居民群众生命安全和身体健康，依据相关法律法规和疫情防控有关规定，经区新冠肺炎疫情防 ​​​,150.0,0.0,0.0,0.06870229007633588,150.0
LmpJadRUw,mainstream,risk,"【#邯郸鸡泽县全县封控开展全员核酸检测#】根据当前鸡泽县疫情防控形势，为有效管控疫情传播扩散风险，确保广大人民群众生命安全和身体健康，经县新型冠状病毒肺炎疫情防控工作领导小组研究决定，对全县立即全面封控，立即启动全员核酸检测工作。
一、核酸检测人员范围
　　鸡泽县区域内所有居民。
二 ​​​",146.0,0.0,0.0,0.0,73.0
Iv2MFqNN0,mainstream,risk,【王辰：新冠病毒有可能长期存在】我们是否有可能要做好与新冠病毒长期共存的准备？对此，中国工程院副院长、呼吸与危重症医学专家王辰表示，新冠肺炎可能转为慢性的、像流感一样长期在人间存在的病。这种可能性是完全存在的，对此我们要做好准备。 http://t.cn/A6hlA38y ​​​,140.0,0.007142857142857143,0.018518518518518517,0.018518518518518517,46.666666666666664
MqIlS1hd9,mainstream,risk,【#健康人肺功能也会异常#，气短、慢性咳嗽都需警惕】拥有一颗强大的肺，对于抵御病毒来说尤为重要，新冠疫情当前，「肺功能」成了很多人重点关注的健康指标。其实，对于健康者来说，肺功能也可能出现异常，但是因为肺泡受损很难发觉，所以即使出现了问题仍然没有症状。《生命时报》采访专家，解读肺功 ​​​,145.0,0.0,0.0,0.0,72.5
LrBrewXCT,mainstream,risk,【#上海昨日增本土确诊261例无症状4390例#】#上海4日新增本土死亡病例13例#5月4日0—24时，上海新增本土新冠肺炎确诊病例261例和无症状感染者4390例，其中185例确诊病例为既往无症状感染者转归，75例确诊病例和4357例无症状感染者在隔离管控中发现。5月4日0—24时，新增本土死亡13例。平均年龄82.77岁 ​​​,167.0,0.0,0.0,0.15079365079365079,83.5
MlqfrnR1r,mainstream,risk,"【#为何转阴后会胸闷气短心率加快# ？】近期，不少网友反映，自己在感染新冠病毒后，即使核酸和抗原都转为阴性，仍然存在胸闷气短的情况，有时心率还会在短暂活动后快速升高。

那么，产生这些情况的原因是什么？有哪些注意事项？

老年人需关注基础疾病与心肺器质性变化

首都医科大学附属北京天坛医 ​​​",148.0,0.02027027027027027,0.008130081300813009,0.0,37.0
MlbK1wmE3,mainstream,risk,"#感染后咳嗽什么程度应该警惕#【新冠感染后咳嗽不止，怎么办？】新冠感染后咳嗽不止？医生告诉你这样做

新冠病毒感染后，不少人出现了咳嗽、发热、肌肉酸痛等临床症状。部分感染者在转阴后，仍有咳嗽的情况。新冠感染后咳嗽不止，甚至痰中有血丝怎么办？四川大学华西医院呼吸与危重症医学科副主任王刚 ​​​",146.0,0.02054794520547945,0.0,0.0,29.2
MkhLqyIBX,wemedia,risk,【#老年人疫苗接种7问7答#[话筒]】国务院联防联控机制有关专家表示：①大量监测和研究显示，不接种疫苗的话，尤其是在老年人当中，以及在慢性基础性疾病的人群当中，不管是发生重症还是死亡的风险都是非常高的，#老年人全程接种疫苗将降低重症风险#；②从目前监测到的情况看，60岁及以上老年人接种新冠 ​​​,149.0,0.0,0.0,0.023809523809523808,149.0
LtxSerW45,mainstream,risk,【上海新增本土死亡病例3例，目前共有重型患者218例、危重型63例】今天（5月18日）上午举行的市疫情防控工作新闻发布会上，上海市卫生健康委副主任赵丹丹通报：截至5月17日24时，在定点医疗机构接受治疗的重型患者218例、危重型63例。5月17日，新增本土死亡病例3例，平均年龄69.7岁。3位患者合并有恶性 ​​​,158.0,0.0,0.0,0.1171875,79.0
Ltf7v79zV,mainstream,risk,【上海新增本土死亡病例4例，目前共有重型患者261例、危重型65例】今天（5月16日）上午举行的市疫情防控工作新闻发布会上，上海市卫生健康委主任邬惊雷通报：截至5月15日24时，在定点医疗机构接受治疗的重型患者261例、危重型65例。5月15日，上海新增本土死亡病例4例，平均年龄86.5岁。4位患者均合并有 ​​​,158.0,0.0,0.0,0.1171875,79.0
LrSiSkBuE,mainstream,risk,"【上海新增死亡病例13例，目前有危重型患者87例】在今天（5月7日）上午举行的新冠肺炎疫情防控工作新闻发布会上，市卫生健康委副主任赵丹丹介绍，5月6日，新增本土死亡病例13例，平均年龄83.8岁。
13位患者合并有多种晚期恶性肿瘤和严重的急慢性基础疾病，包括晚期直肠癌、肺癌、颅内恶性肿瘤、慢性淋 ​​​",152.0,0.0,0.0,0.07086614173228346,152.0
LrIS1BwxA,mainstream,risk,"【上海：昨日新增死亡病例12例，目前有危重型患者95例】在今天（5月6日）上午举行的新冠肺炎疫情防控工作新闻发布会上，上海市卫生健康委副主任赵丹丹介绍，5月5日，新增本土死亡病例12例，平均年龄84.08岁。
12位患者均合并有严重的慢性基础疾病以及恶性肿瘤，包括原发性肝癌伴转移、冠心病、心功能不 ​​​",153.0,0.0,0.0,0.07086614173228346,153.0
Lrzp5xuWZ,mainstream,risk,【上海新增本土死亡病例13例，目前共有重型患者512例、危重型99例】记者从今天（5日）举行的上海市疫情防控新闻发布会上获悉，截至5月4日24时，在定点医疗机构接受治疗的重型患者512例、危重型99例。5月4日，上海新增本土死亡病例13例，平均年龄82.77岁。13位患者均合并有严重的急慢性基础疾病，包括肠 ​​​,158.0,0.0,0.0,0.11023622047244094,79.0
Lr7a4DRbq,mainstream,risk,【上海昨天新增本土死亡病例32例，平均年龄84.1岁，其中28例未接种疫苗】5月1日，上海新增本土死亡病例32例，平均年龄84.1岁。32位患者合并有严重的多脏器疾病及肿瘤，包括冠心病、心功能不全、急性冠脉综合征、重度高血压、脑梗死及后遗症、阿尔兹海默症、糖尿病、慢性肾功能衰竭、淋巴瘤、肝硬化、胃 ​​​,153.0,0.0,0.0,0.06504065040650407,153.0
LqvpPsQRX,mainstream,risk,【上海昨日新增本土死亡47例，目前重型患者304例、危重型48例】4月28日，在上海市新冠肺炎疫情防控工作新闻发布会上，市卫生健康委副主任赵丹丹介绍，4月27日，新增本土死亡病例47例，平均年龄84.7岁。47位患者合并各种原发基础疾病，包括严重心功能不全、心肌梗死、重度高血压、脑出血后遗症、糖尿病 ​​​,154.0,0.0,0.0,0.08,154.0
Lqcyn6cFT,mainstream,risk,【上海新增本土死亡52例，最小年龄33岁系心源性猝死】今天（4月26日）上午举行的市疫情防控工作新闻发布会上，市卫生健康委副书记、副主任赵丹丹通报：4月25日，上海新增本土死亡病例52例。平均年龄83.1岁，最小年龄33岁，最大年龄100岁。33岁这位患者，男性，因突发心跳呼吸骤停，经抢救无效死亡，诊 ​​​,155.0,0.0,0.0,0.08943089430894309,77.5
LpTPBFKYN,mainstream,risk,"【上海昨日新增死亡病例39例，最大年龄98岁，均未接种新冠肺炎病毒疫苗】今天上午10:00，上海举行新冠肺炎疫情防控新闻发布会上，市卫生健康委副主任赵丹丹介绍，截至4月23日24时，在定点医疗机构接受治疗的重型患者160例、危重型患者19例。

4月23日，新增本土死亡病例39例，平均年龄78.7岁，最大年龄 ​​​",159.0,0.0,0.0,0.10317460317460317,159.0
MmxKNqVN2,mainstream,risk,"【市第四中心医院呼吸科主任医师提醒 “阳康”咳嗽不止 莫要宽心大意】日前，一12岁男孩咳嗽发热在家硬扛，退热后咳嗽的症状没有好转，甚至开始咳后呕吐，活动后出现胸闷情况，去医院检查竟是白肺。市第四中心医院呼吸科主任医师李立宇提醒，“阳康”后咳嗽不止，要视具体情况对待。

　　什么是白肺

 ​​​",148.0,0.0,0.0,0.008333333333333333,74.0
MjPvacPox,mainstream,risk,"【#女子感染新冠后不停喝水被送医抢救# ！医生紧急提醒】从四川省人民医院获悉，近日，一名中年女性出现意识模糊紧急入院治疗。经医生分析，系因感染新冠病毒后过量饮水导致水中毒引起。

据四川省人民医院急诊科医师杨鹏介绍，该患者于12月10日左右感染新冠病毒，出现全身酸痛症状，发烧至39℃，并呕 ​​​",149.0,0.006711409395973154,0.0,0.024193548387096774,49.666666666666664
IwAz0BRXS,mainstream,risk,【#泰国现首例新冠肺炎死亡病例#】泰国朱拉隆功大学医学院新型传染病研究中心主任提叻瓦·合玛朱塔（Thiravat Hemachudha）透露，一名35岁泰国籍男性因感染新冠肺炎于2月29日傍晚在曼谷逝世，这是泰国首例新冠肺炎死亡病例。他还表示，这是一个重要案例，显示无症状感染者也可以传播病毒，而且就算没有 ​​​,157.0,0.0,0.0,0.024793388429752067,157.0
Iv2dMsMIG,mainstream,risk,#关注新冠肺炎#【中国工程院副院长#王辰 新冠病毒有可能长期存在#】#专家称新冠肺炎有可能转成慢性疾病#中国工程院副院长、呼吸与危重症医学专家王辰新冠肺炎与SARS不同，SARS传播性和致病性都很强，很快把宿主杀死然后病毒自身也不容易存活。而新冠肺炎有可能转成慢性疾病，像流感一样与人类共存。对 ​​​,151.0,0.0,0.0,0.0,75.5
MlXjQ8vFg,mainstream,risk,【感染奥密克戎后，出现肺炎比例多高？多组研究数据公布】近日有新冠感染者反映，在就诊过程中发现了肺炎，或是CT出现了“白肺”现象（即较为严重的肺炎表现），不少网友认为者可能是感染了新冠原始毒株，或是德尔塔病毒，而非奥密克戎。事实上，原始毒株、德尔塔在全球都已销声匿迹。网友们之所以怀疑 ​​​,145.0,0.006896551724137931,0.0,0.0,48.333333333333336
Iv2u9spbc,mainstream,risk,【中国工程院副院长#王辰 新冠病毒有可能长期存在#】#专家称新冠肺炎有可能转成慢性疾病#中国工程院副院长、呼吸与危重症医学专家王辰新冠肺炎与SARS不同，SARS传播性和致病性都很强，很快把宿主杀死然后病毒自身也不容易存活。而新冠肺炎有可能转成慢性疾病，像流感一样与人类共存。对此我们从临床诊 ​​​,150.0,0.0,0.007874015748031496,0.0,75.0
MmICifM1f,wemedia,risk,【感觉变笨了？#阳康后脑雾症状2到4周会逐渐恢复#】近日，部分新冠感染者表示，康复后出现反应迟钝、注意力下降，有人甚至感觉自己变傻了，好像脑子里被蒙上了一层雾，“脑雾”话题也登上热搜。#如何缓解阳康后出现的脑雾症状#？南京脑科医院神经内科医生林兴建表示，早在新冠出现之前，“脑雾”已被用 ​​​,147.0,0.013605442176870748,0.00819672131147541,0.01639344262295082,49.0
Mkhmd6Vyz,wemedia,risk,【#老年人疫苗接种7问7答#[话筒]】国务院联防联控机制有关专家表示：①大量监测和研究显示，不接种疫苗的话，尤其是在老年人当中，以及在慢性基础性疾病的人群当中，不管是发生重症还是死亡的风险都是非常高的，#老年人全程接种疫苗将降低重症风险#；②从目前监测到的情况看，60岁及以上老年人接种新冠 ​​​,149.0,0.0,0.0,0.023809523809523808,149.0
O5rTOwRwW,wemedia,risk,【#新冠病毒感染与认知功能下降存在相关性#——#科学认识长新冠#】今年2月29日，美国医学期刊《新英格兰医学杂志》发表了两项分别来自英国和挪威的大型队列研究，进一步证实新冠病毒感染与认知能力下降存在相关性。3月1日，《新英格兰医学杂志》与嘉会医学研究和教育集团联合打造的数字媒体《NEJM医学 ​​​,150.0,0.0,0.0,0.032,150.0
Iv2Suv24c,mainstream,risk,【中国工程院副院长#王辰 新冠病毒有可能长期存在#】中国工程院副院长、呼吸与危重症医学专家王辰新冠肺炎与SARS不同，SARS传播性和致病性都很强，很快把宿主杀死然后病毒自身也不容易存活。而新冠肺炎有可能转成慢性疾病，像流感一样与人类共存。对此我们从临床诊治和生产生活防范方面都要做好相应的 ​​​,149.0,0.0,0.0078125,0.0,74.5
MllobCh6Q,wemedia,risk,"【热搜第一！“阳过”后，一定要警惕这个疾病】
近日，网上流传的各种说法引起“阳康们”的新一轮忧虑。

“我的心跳有点快，要不要去医院？”

“我的心跳每分钟120多下，是不是得了心肌炎？”

“阳了第四天，今天突然心跳加快，动一下容易心慌，需要就医吗？”

“阳过后小心病毒性心肌炎”话题，一 ​​​",150.0,0.02666666666666667,0.018518518518518517,0.009259259259259259,30.0
Mcdo6uiak,wemedia,risk,"【湖北疾控：秋冬季来临，需应对新冠肺炎和流感叠加风险】
湖北疾控发布最新提醒：
秋冬季来临
需应对新冠肺炎和流感叠加风险
↓↓↓

流行性感冒是由流感病毒引起的一种急性呼吸道传染病，每年的秋冬季进入流行高峰。每年流感季节性流行在全球可导致300万-500万重症病例，29万-65万呼吸道疾病相关死亡 ​​​",153.0,0.0,0.0,0.03225806451612903,153.0
MmCrQdD2d,mainstream,risk,【感觉变笨了？#阳康后脑雾症状2到4周会逐渐恢复#】近日，部分新冠感染者表示，康复后出现反应迟钝、注意力下降，有人甚至感觉自己变傻了，好像脑子里被蒙上了一层雾，“脑雾”话题也登上热搜。#如何缓解阳康后出现的脑雾症状#？南京脑科医院神经内科医生林兴建表示，早在新冠出现之前，“脑雾”已被用 ​​​,147.0,0.013605442176870748,0.00819672131147541,0.01639344262295082,49.0
NfIdT03II,mainstream,risk,【#新冠变异株EG.5更易感染人体#】#EG.5变异株或导致死亡人数增加#据人民日报健康客户端：“EG.5变异株免疫逃逸能力加强，去年年底和今年年初感染过XBB变异株的人即使还有抗体也有可能感染EG.5。并且这一变异株对人呼吸道的亲和力更高，更易感染人体，但是目前的证据来看，EG.5变异株的特性并不会使致 ​​​,157.0,0.0,0.0,0.0390625,157.0
MnYaxhNja,mainstream,risk,"【#曾光称XBB不会引发重症高峰#】多地发布最新研判，已度过第一波感染高峰，发热门诊就诊量持续下降。与此同时，xbb.1.5新毒株跃入了人们的视野，这是美国上升势头最快的毒株，已引发美国内超40%的感染病例。

很多人刚从“正阳”“阳康”中缓过劲儿，面对新毒株，不免有些担忧。xbb.1.5毒株危险程度如 ​​​",156.0,0.0,0.0,0.025,52.0
MmjBbcJ6O,mainstream,risk,"【奥密克戎新变种易致腹泻？蒙脱石散脱销！家里要备吗？医生这么提醒？】“一大早已经买不到蒙脱石散了，新年第一天从抢药开始。”“刚从药店买回最后一盒蒙脱石散。”
#XBB毒株是否会导致腹泻#
新年第一天，社交媒体上，不少网友吐槽蒙脱石散突然迎来抢购潮，多家药店已经断货。 

“昨天还有货，今天 ​​​",149.0,0.026845637583892617,0.0,0.0,21.285714285714285
MlbHnjiJD,mainstream,risk,"#感染后咳嗽什么程度应该警惕#【新冠感染后咳嗽不止，怎么办？】新冠感染后咳嗽不止？医生告诉你这样做

新冠病毒感染后，不少人出现了咳嗽、发热、肌肉酸痛等临床症状。部分感染者在转阴后，仍有咳嗽的情况。新冠感染后咳嗽不止，甚至痰中有血丝怎么办？四川大学华西医院呼吸与危重症医学科副主任王刚 ​​​",146.0,0.02054794520547945,0.0,0.0,29.2
MkbvKEUFt,mainstream,risk,#男子发烧1次吃2片布洛芬进急诊#【一新冠患者乱服布洛芬，紧急就诊！这些人要当心】#医生提醒4类人群慎用布洛芬# 近日，四川成都市民李先生，因为乱吃药，把自己吃进了医院……46岁的李先生一直有慢性胃炎，因为感染新冠病毒，出现全身酸痛症状，并发烧至39.5℃，于是在家自行口服布洛芬缓释胶囊。在用 ​​​,151.0,0.006622516556291391,0.008064516129032258,0.04032258064516129,75.5
Khgclu9uy,mainstream,risk,"【快讯！连续12天超百例！#台湾新增本土确诊635病例#，新增11例死亡病例】台湾地区流行疫情指挥中心今日（26日）公布，台湾新增304例新冠肺炎确诊病例，分别为302例本土病例及2例境外输入病例，另有“校正回归”本土病例331例，总计635例。确诊病例中新增11例死亡。

指挥中心表示，新增的302例本土病 ​​​",159.0,0.012578616352201259,0.0,0.09243697478991597,39.75
JqnGl7fhA,mainstream,risk,"#用药那些事儿# 【您还在犹豫今年要不要打流感疫苗吗？】每年秋冬季，中国疾病预防控制中心都会发布《流感疫苗接种指南》。但是今年——提前了36天。为什么？你猜对了，新冠和流感将会叠加风险。
可别小看了流感！一直以来，流感及其并发症被全社会严重低估。据WHO报告，流感每年可导致全球5%-10%的成 ​​​",151.0,0.019867549668874173,0.0,0.025210084033613446,21.571428571428573
ItnNLgHbG,mainstream,risk,"#安徽16市新冠肺炎疫情报告#【截至2月8日24时，蚌埠市新型冠状病毒感染的肺炎疫情新增情况】
2020年2月8日0-24时，蚌埠市新型冠状病毒肺炎新增确诊病例16例。新增死亡病例1例。
患者1，女，50岁，现住址为蚌埠市高新区绿地世纪城社区西绿地津桥公馆26栋。1月25日参加聚餐（聚餐人员中有1人为途径湖北返 ​​​",160.0,0.0,0.0,0.13076923076923078,53.333333333333336
L5fR1cGT9,mainstream,risk,【老年人有无必要接种疫苗？国家卫健委回应】今天，在国新办举行的新闻发布会上，国家卫生健康委老龄健康司司长王海东称，老年人大多有基础疾病，从目前全球的情况来看，老年人一旦感染新冠病毒，他发生重症和死亡的风险远远高于年轻人和儿童。接种疫苗是预防新冠疫情最有效的手段，建议所有身体健康的 ​​​,144.0,0.006944444444444444,0.0,0.0,72.0
MmnZyihRv,mainstream,risk,"【#专家回应阳康后出现脑雾症状#】“‘阳’后的恢复期，我觉得自己的注意力降低了，是不是出现了‘脑雾’？会持续多久？”有患者表示，自己“阳康”后感到疲倦、注意力下降。

“新冠感染康复后，我觉得自己反应有点迟钝。”1月1日，北京市朝阳区的孙女士告诉人民日报健康客户端记者：“工作的时候要刻 ​​​",147.0,0.013605442176870748,0.043478260869565216,0.017391304347826087,36.75
Lryshaf15,mainstream,risk,【#上海昨日增本土确诊261例无症状4390例#】#上海4日新增本土死亡病例13例#5月4日0—24时，上海新增本土新冠肺炎确诊病例261例和无症状感染者4390例，其中185例确诊病例为既往无症状感染者转归，75例确诊病例和4357例无症状感染者在隔离管控中发现。5月4日0—24时，新增本土死亡13例。平均年龄82.77岁 ​​​,167.0,0.0,0.0,0.15079365079365079,83.5
Lrp2ZALUz,mainstream,risk,【#上海昨日增本土确诊260例无症状4722例#】#上海3日新增本土死亡病例16例#2022年5月3日0—24时，上海新增本土新冠肺炎确诊病例260和无症状感染者4722例，其中151例确诊病例为既往无症状感染者转归，108例确诊病例和4660例无症状感染者在隔离管控中发现。5月3日0—24时，新增本土死亡16例。平均年龄82. ​​​,169.0,0.0,0.0,0.16,84.5
Lql9S92D5,mainstream,risk,【德国最新临床研究：#辉瑞mRNA疫苗可能引发自身免疫性肝炎#】财联社4月27日电，来自德国的最新临床研究发现，辉瑞/BioNTech联合开发的新冠mRNA疫苗（BNT162b2）可能引发一种罕见的以T细胞为介导的自身免疫性肝炎。自身免疫肝炎是由自身免疫反应介导的慢性进行性肝脏炎症性疾病，其临床特征为不同程度 ​​​,159.0,0.0,0.0,0.03278688524590164,159.0
L78NXtsZS,mainstream,risk,"【#突发美国# 】美国首现Omicron死亡病例 患者未接种疫苗

得州哈里斯郡周一报告了一例与Omicron变种相关联的新冠死亡病例。哈里斯郡郡长希尔达戈（Lina Hidalgo）在周一的记者会上宣布了这一消息。她透露，这名病人是50多岁的男子，有慢性病史，没有接种疫苗。在确诊后，该病人接受了再生元（Regenero ​​​",165.0,0.0,0.0,0.008849557522123894,55.0
KsNYbzdax,mainstream,risk,"【#突发美国# 】美儿童新冠病例激增，患儿注意力、行为等或有异常
全美各地因感染新冠而住院的儿童人数正在上升，卫生专家将这一趋势归因于儿童更容易感染新冠病毒的delta 变体。 
德克萨斯儿童医院儿科专家萨拉维克博士（James Versalovic）说：""自7月初以来，我们看到病例数量稳步增加，我们也看到住 ​​​",159.0,0.0,0.01694915254237288,0.00847457627118644,159.0
MlboGEy4v,mainstream,risk,"#沉默性缺氧有多可怕#【“沉默性缺氧”有多可怕？老年人“阳”了，千万注意这一点！】近日，多位专家提醒：老人感染新冠后，需警惕“沉默性缺氧”。什么是“沉默性缺氧”？有何危害？在家庭护理中，如何识别和应对“沉默性缺氧”？家有老人，千万要注意！#老年人感染新冠需警惕沉默性缺氧#

01
什么是 ​​​",148.0,0.04054054054054054,0.0,0.009009009009009009,21.142857142857142
Micxc3Lem,wemedia,risk,【北京：#请符合条件老年人尽快接种疫苗#】现阶段国内新冠肺炎疫情形势严峻复杂，新冠病毒变异株在全国很多省份传播，本市近期以变异株BF.7为主，传播速度快，隐匿性也强，老年人感染风险很高。各国数据表明，老年人群感染了新冠病毒之后，导致重症和死亡的人数在所有人群各个年龄段中占比最高，更需要 ​​​,147.0,0.0,0.0,0.007874015748031496,147.0
IzO2W06cs,wemedia,risk,"【市疾控中心：#亲属密切接触者续发率达17%# 平均1人确诊可传染2名密接亲属】在#北京市新型冠状病毒感染的肺炎疫情防控工作新闻发布会#上，北京市疾病预防控制中心副主任庞星火回应入境人员为什么要接受集中隔离观察。
 
庞星火介绍，近期，国外疫情形势严峻而复杂，国际疫情快速蔓延带来的输入性风险 ​​​",150.0,0.0,0.0,0.0234375,150.0
M95oRrWP6,mainstream,risk,"【全国30省报告病例183+1005，有涉疫城市旅居史请主动报备！入厦必检！】10月5日全国新增报告183例本土确诊病例、1005例本土无症状感染者，涉及30个省份。

上海浦东新区、闵行区、嘉定区、广东韶关市、惠州市、陕西渭南市等地根据《新型冠状病毒肺炎防控方案（第九版）》相关规定新增划定高、中、低风 ​​​",156.0,0.01282051282051282,0.0,0.06837606837606838,52.0
Ks3zYgqaA,mainstream,risk,#烟台重症病例仅接种1针疫苗#【#烟台打完疫苗病例临床症状较轻#】8月5日下午，山东召开新闻发布会，介绍当前疫情处置情况和下一步疫情防控应对措施。发布会上，山东省疾控中心免疫规划领域首席专家、免疫预防管理所所长张丽介绍，烟台这次疫情也是德尔塔变异株所致，其中1例重症病例仅接种了1剂次新冠 ​​​,148.0,0.0,0.0,0.03816793893129771,148.0
L6qVZEEUQ,wemedia,risk,"#科学防疫#【老年人接种新冠疫苗及加强针意义重大】在近日举行的联防联控机制新闻发布会上，专家表示，加快推进老年人接种，无论对老年人本人，还是对家庭和社会，都意义重大。
老年人大多有基础疾病，一旦感染，发生重症、死亡的风险远远高于年轻人和儿童。根据各国统计情况来看，目前全球死亡人数主 ​​​",145.0,0.0,0.0,0.0,72.5
IqVo148B7,wemedia,risk,"【#河北确诊第2例新冠肺炎病例# 】1月23日，河北确诊第2例新型冠状病毒感染的肺炎病例。
患者陈某，男，80岁，沧州市南皮县人，在武汉探亲居住2月余，返回南皮县后出现胸闷、呼吸困难，入院隔离治疗，伴有高血压、慢性支气管炎、肺气肿等基础疾病，1月22日抢救无效死亡。1月23日，省市专家组依据新型冠 ​​​",153.0,0.0,0.0,0.08064516129032258,76.5
IwAaF01Qn,wemedia,risk,【#泰国现首例新冠肺炎死亡病例#】泰国朱拉隆功大学医学院新型传染病研究中心主任提叻瓦·合玛朱塔（Thiravat Hemachudha）透露，一名35岁泰国籍男性因感染新冠肺炎于2月29日傍晚在曼谷逝世，这是泰国首例新冠肺炎死亡病例。他还表示，这是一个重要案例，显示无症状感染者也可以传播病毒，而且就算没有 ​​​,157.0,0.0,0.0,0.024793388429752067,157.0
LBE7XrbOi,wemedia,risk,"关于在全市公共场所实行一周临时性管控措施的通告

为进一步减少人员流动，降低交叉感染风险，争取在最短时期内实现病例清零，经专家组研判，市疫情防控领导小组决定，自http://t.cn/A6aKSq2x ，在我市城关区、七里河区、西固区、安宁区实行一周临时管控措施：
一、在兰所有党政机关、企事业单位、社会 ​​​",156.0,0.0,0.008403361344537815,0.01680672268907563,156.0
LrRAgduGA,mainstream,risk,【#上海新增本土确诊253例无症状3961例#】据健康上海12320： 5月6日0—24时，上海新增本土新冠肺炎确诊病例253例和无症状感染者3961例，其中175例确诊病例为既往无症状感染者转归，78例确诊病例和3943例无症状感染者在隔离管控中发现。新增本土死亡病例13例。平均年龄83.8岁，最小年龄62岁，最大年龄95 ​​​,167.0,0.0,0.0,0.13008130081300814,83.5
MoUcO0FQu,mainstream,risk,【“阳康”后还是咳嗽乏力气促怎么办？#上海249家社区卫生服务机构开展新冠社区康复服务#】家住江宁路街道的杨阿姨是一名高龄合并高血压、糖尿病、冠心病等慢性疾病的新冠感染者，在各项体征平稳后，仍有明显的咳嗽咳痰、乏力、胸闷、气促等不适症状。针对杨阿姨的情况，江宁社区卫生服务中心的康复团 ​​​,146.0,0.00684931506849315,0.0,0.008064516129032258,73.0
MleuLwwQg,mainstream,risk,【转存！#写给阳性老年人及其子女的十条建议#】新型冠状病毒感染者症状包括发热、鼻塞打喷嚏、咽干咽痛、咳嗽咳痰等。如果症状严重，年轻人都难以承受，对老年人来说更是身体综合素质的考验。老年人的肝脏、肾脏、心脏各项功能会出现不同程度的减退，导致对药物不敏感、不良反应的发生几率也会增加，且 ​​​ http://mapi/001TBn1Mgy1h9g47s4kd3j60sg0fzta202,192.0,0.005208333333333333,0.0,0.07874015748031496,64.0
LqbNXg5Oa,mainstream,risk,【上海本土新增“1661+15319” 本土新增52例死亡病例】#上海加油##上海战疫#据健康上海12320披露，2022年4月25日0—24时，新增本土新冠肺炎确诊病例1661例和无症状感染者15319例，其中968例确诊病例为此前无症状感染者转归，675例确诊病例和15120例无症状感染者在隔离管控中发现，其余在相关风险人群排 ​​​,170.0,0.0,0.0,0.11864406779661017,170.0
KbVB0cxdb,mainstream,risk,【#西安检验人员感染原因找到了#】 经查，西安某医院检验人员发病前5天或暴露于携带有英国变异病毒环境条件中。同时，这位检验人员患有慢性鼻炎，习惯用嘴呼吸，这会增加吸入病毒的风险。有研究发现，过敏性鼻炎和哮喘对新冠病毒感染的易感性风险更大。#过敏性鼻炎和哮喘更易感染新冠#。 ​​​,140.0,0.0,0.0,0.008333333333333333,35.0
IC4Dw1Lyk,mainstream,risk,【王辰院士：别以为已经胜利了，大家只是对新冠缺乏想象力】现在恰恰在疫情的变化期，谁能知道这是长期的阶段性回来的像流感，还是人个体上能够慢性感染像乙肝，还是倏然而去像SARS，还是第四种、第五种可能性？我们现在还都缺乏想象力。我们应该少一点说漂亮话的科学家，多一点真正的，更多地看到问题 ​​​,146.0,0.00684931506849315,0.015873015873015872,0.0,73.0
MlDWvgaag,mainstream,risk,#男子称连续咳嗽10多天断3根肋骨#【周知！#阳了后这4种情况的咳嗽要重视#】并非不发烧就代表新冠康复，“刀片嗓”“水泥鼻”等症状同样需要重视。你最近还在咳咳咳吗？这4种情况需要警惕：①除咳嗽外还有其他症状，如发烧、咯血等。②持续时间很长的慢性咳嗽。③咳嗽情况越来越严重，反反复复。④患有 ​​​,148.0,0.013513513513513514,0.0,0.03389830508474576,24.666666666666668
IxkJp3tVw,mainstream,risk,#关注全球疫情防控# 【#英国首例死亡病例#：确诊1天去世  此前因其他疾病频繁出入医院】3月5日，英国出现首例死亡病例，系一名70余岁女性患者。此前她因患有多种慢性疾病频繁出入医院进行检查，死亡前一日才刚刚被确诊为新型冠状肺炎。截至3月6日，英国共确诊116人。#英国新冠肺炎确诊数量2日内翻倍# ​​​,153.0,0.0,0.0,0.06299212598425197,51.0
Ix9k5Dm0d,mainstream,risk,【#伊拉克4日首现多起新冠肺炎死亡病例#】伊拉克卫生和环境部4日夜间在其社交媒体上先后发布两则声明，宣布了该国两起因感染新冠肺炎而死亡的病例。第一则声明称，巴格卡一名女性患者尽管接受了一切可能的治疗，但仍因免疫力受损严重而死亡。第二则声明称，巴格达一名65岁的患者感染新冠肺炎后死亡，其 ​​​,147.0,0.0,0.0,0.022900763358778626,73.5
LBE42ubjA,wemedia,risk,"【兰州主城四区http://t.cn/A6aKoren 】为进一步减少人员流动，降低交叉感染风险，争取在最短时期内实现病例清零，经专家组研判，市疫情防控领导小组决定，自http://t.cn/A6aKam0l ，在我市城关区、七里河区、西固区、安宁区实行一周临时管控措施：

　　一、在兰所有党政机关、企事业单位、社会组织等 ​​​",166.0,0.0,0.009174311926605505,0.027522935779816515,166.0
MnFcuf3cx,mainstream,risk,"【新冠感染后总不好！抗菌药能用吗？】多个研究证实，COVID-19康复者（即COVID-19核酸/抗原转阴后）仍有持续的咳嗽、呼吸困难等症状，称为COVID后状态（post-COVID-19 symptom）。西班牙一团队调研了1950例COVID-19康复者，发现咳嗽、胸痛的患病率分别为2.5%、6.5%。

按照成人患者咳嗽时长的差异，咳 ​​​",176.0,0.011363636363636364,0.0,0.0660377358490566,44.0
Mmp48hw38,mainstream,risk,"【#专家回应阳康后出现脑雾症状#】“‘阳’后的恢复期，我觉得自己的注意力降低了，是不是出现了‘脑雾’？会持续多久？”有患者表示，自己“阳康”后感到疲倦、注意力下降。

“新冠感染康复后，我觉得自己反应有点迟钝。”1月1日，北京市朝阳区的孙女士告诉人民日报健康客户端记者：“工作的时候要刻 ​​​",147.0,0.013605442176870748,0.043478260869565216,0.017391304347826087,36.75
MmoH5hxiN,mainstream,risk,"【#专家回应阳康后出现脑雾症状#】“‘阳’后的恢复期，我觉得自己的注意力降低了，是不是出现了‘脑雾’？会持续多久？”有患者表示，自己“阳康”后感到疲倦、注意力下降。

“新冠感染康复后，我觉得自己反应有点迟钝。”1月1日，北京市朝阳区的孙女士告诉人民日报健康客户端记者：“工作的时候要刻 ​​​",147.0,0.013605442176870748,0.043478260869565216,0.017391304347826087,36.75
MkiR83V5J,mainstream,risk,【新冠发烧后捂被发汗可行吗？专家提醒】12月16日，湖北十堰一女子记录下了老公发烧后的情况，引起很多网友关注。视频中，男子捂着被子躺在床上脸部、额头上都是汗水还不停冒出热气，据女子介绍，她老公发烧温度超40度，吃了退烧药后就是这种状态，现在温度正慢慢降低。有过感染经历的网友表示“出汗以 ​​​,147.0,0.006802721088435374,0.0,0.023809523809523808,49.0
MkbK4ySS7,mainstream,risk,#男子发烧1次吃2片布洛芬进急诊#【一新冠患者乱服布洛芬，紧急就诊！这些人要当心】#医生提醒4类人群慎用布洛芬# 近日，四川成都市民李先生，因为乱吃药，把自己吃进了医院……46岁的李先生一直有慢性胃炎，因为感染新冠病毒，出现全身酸痛症状，并发烧至39.5℃，于是在家自行口服布洛芬缓释胶囊。在用 ​​​,151.0,0.006622516556291391,0.008064516129032258,0.04032258064516129,75.5
Ma8Dr9RCK,mainstream,risk,【台湾累积破700万】指挥中心13日公布新增53356例本土个案，解封日迎来这波BA.5疫情以来次高纪录，而且今年累计至今新冠本土病例超过700万。今日另增67例境外移入，确诊个案中新增37例死亡。死亡个案为21例男性、8例女性，年龄介于50多岁至90多岁以上，皆属重度感染、28例具慢性病史、18例未接种3剂以 ​​​,160.0,0.0,0.0,0.1111111111111111,80.0
Mf0MF4wuj,mainstream,risk,【必看要点 | 北京+257，含43例社会面！发热门诊应开尽开、24小时开诊→】#11月14日疫情发布会必看要点#11月14日0时至15时，北京新增本土新冠肺炎病毒感染者257例。其中，隔离观察人员214例、社会面筛查人员43例；朝阳区73例，昌平区65例，通州区30例，西城区21例，东城区17例，丰台区、海淀区各16例， ​​​,166.0,0.006024096385542169,0.0,0.15254237288135594,55.333333333333336
LryPBwLhh,mainstream,risk,【#上海昨日增本土确诊261例无症状4390例#】#上海4日新增本土死亡病例13例#5月4日0—24时，上海新增本土新冠肺炎确诊病例261例和无症状感染者4390例，其中185例确诊病例为既往无症状感染者转归，75例确诊病例和4357例无症状感染者在隔离管控中发现。5月4日0—24时，新增本土死亡13例。平均年龄82.77岁 ​​​,167.0,0.0,0.0,0.15079365079365079,83.5
LyJ5Mz1MG,mainstream,risk,"【事关老年人疫苗接种！哈尔滨疾控中心发布最新分析】近日，哈尔滨市疾病预防控制中心发布“哈市60岁以上老年人新冠肺炎病例中疫苗接种情况分析”。

老年人感染了新冠病毒之后，导致重症和死亡的比例在所有人群的各个年龄段中最高，主要原因有三个：老年人随着年龄增长，免疫力在减弱；对于老年人来说 ​​​",146.0,0.00684931506849315,0.0,0.007874015748031496,48.666666666666664
Kl1u84l87,mainstream,risk,"【#接种疫苗后台湾62人猝死#，在台日本人有点怕了】
据台湾“东森新闻云”6月19日晚间消息，在日本赠送台湾124万剂阿斯利康疫苗后，岛内各地于6月15日开始扩大接种范围，岛内各地随即传出接种疫苗后的零星猝死案例。截至目前，岛内接种疫苗后猝死者飙至62人，最年轻者仅42岁。

6月19日，日本媒体《日 ​​​",155.0,0.0,0.0,0.08064516129032258,77.5
MpXsozfcm,mainstream,risk,【注意！#这四类人群外出拜年有讲究# #刚阳康人群不宜经常外出拜年#】春节团聚，走亲访友是我国民间传统习俗。南京市第一医院急诊科医生提醒：①目前依然存在新冠病毒感染及各类呼吸道疾病传播风险，老年人群、孕妇婴幼儿、慢性病群体、刚刚“阳康”的人群走亲访友时要慎重；②多关注老年人的身体状况 ​​​,146.0,0.00684931506849315,0.00819672131147541,0.0,48.666666666666664
Mx3yf5wAf,wemedia,risk,"【甲流后确诊“白肺”！关于甲流这7点要知道！】近日，浙江一位9岁男孩感染甲流后出现白肺住进ICU的新闻引发关注。

图片

据潮新闻3月9日报道，浙江大学医学院附属儿童医院感染科主任黄丽素接诊了一位进展到重症肺炎的9岁男孩，感染甲流，送诊前已经发热一天，孩子出现了意识障碍，肺部CT显示大片变白 ​​​",151.0,0.013245033112582781,0.0,0.03937007874015748,50.333333333333336
IqVm6yS46,mainstream,risk,#全国确诊新型肺炎病例#【#上海新增4例新冠肺炎确诊病例#】2020年1月23日0—24时，上海市新增新型冠状病毒感染的肺炎确诊病例4例，其中1例危重症病例，为68岁男性患者，合并慢性阻塞性肺气肿。截至1月23日24时，上海市累计发现确诊病例20例，其中18例目前病情平稳，2例病情危重。另有34例疑似病例正在 ​​​,159.0,0.0,0.0,0.125,79.5
MmJ9dfOVI,mainstream,risk,【感觉变笨了？#阳康后脑雾症状2到4周会逐渐恢复#】近日，部分新冠感染者表示，康复后出现反应迟钝、注意力下降，有人甚至感觉自己变傻了，好像脑子里被蒙上了一层雾，“脑雾”话题也登上热搜。#如何缓解阳康后出现的脑雾症状#？南京脑科医院神经内科医生林兴建表示，早在新冠出现之前，“脑雾”已被用 ​​​,147.0,0.013605442176870748,0.00819672131147541,0.01639344262295082,49.0
Lrzdtno7Z,mainstream,risk,【#上海昨日增本土确诊261例无症状4390例#】#上海4日新增本土死亡病例13例#5月4日0—24时，上海新增本土新冠肺炎确诊病例261例和无症状感染者4390例，其中185例确诊病例为既往无症状感染者转归，75例确诊病例和4357例无症状感染者在隔离管控中发现。5月4日0—24时，新增本土死亡13例。平均年龄82.77岁 ​​​,167.0,0.0,0.0,0.15079365079365079,83.5
NqpHSCY75,mainstream,risk,"已出现混合感染！戴口罩！戴口罩！

发烧、咳嗽、咽痛……随着秋冬呼吸道感染性疾病高发季的到来，不少人反映自己或孩子出现了呼吸道感染症状。

近期，多家医院门急诊量均有不同程度增长。患者中儿童居多，但也有不少成年人“中招”，特别是老年人。除了大众较为熟知的支原体肺炎感染、流感、新冠病毒 ​​​",146.0,0.02054794520547945,0.008333333333333333,0.0,24.333333333333332
N0PqpwI1d,mainstream,risk,"咳嗽、持续发热……今年这种病毒反季节流行！当心——

“躲过了新冠，躲过了甲流

没躲过呼吸道合胞病毒”

最近

多家媒体报道

甲流高峰才过去不久

在多地医院儿科门诊

呼吸道感染的孩子又多了起来

“又发热了”“这次是咳嗽厉害”

“跟拉风箱一样，有点像哮喘”

很多家长看着发热难受的孩子心 ​​​",154.0,0.006493506493506494,0.0,0.0,154.0
MsqgwuG9s,mainstream,risk,"不同人群如何提升免疫力？这份长期稳定免疫力指南请收好→

度过阳康后的第一个春节假期后，陆续返岗的大家不禁认为自己的免疫力大考已经安全上岸。人民日报新媒体邀请上海复旦大学附属中山医院营养科主任高键教授，讲述《长期稳定免疫力指南》，其中特别指出“阳康”后并不是高枕无忧。经历了与病毒的 ​​​",145.0,0.006896551724137931,0.0078125,0.0,48.333333333333336
MqmTc6hhk,mainstream,risk,"防疫科普丨医生：阳康后更要防血栓！

春节假期，很多人踏上返乡探亲或外出旅行的路途。上海长海医院血管外科医生刘广钦1月25日在接受央视财经采访时提醒，在乘坐飞机、火车、大巴或者长途自驾的过程中，有一种疾病可能会悄悄找上门来，需要引起注意，这就是“致命”血栓。①

假期打麻将血栓了，一个 ​​​",147.0,0.006802721088435374,0.0,0.016260162601626018,49.0
Mp4L26IJ7,mainstream,risk,"东方、白沙发布致广大农民朋友的一封信

致东方市广大农民朋友的一封信

全市广大农民朋友们：

2023年新春佳节即将来临，广大外出务工和在外求学亲朋好友陆续返乡，农村地区人员流动加大和聚集性增加，新冠病毒交叉感染的风险也随之加大。为科学高效做好农村地区疫情防控，守护广大农民群众身体健康和 ​​​",149.0,0.0,0.0,0.007751937984496124,149.0
MneajuhkJ,mainstream,risk,"防疫科普丨感染新冠后身体最怕10件事，最好一个都别犯！

感染新冠病毒后，身体进入一个相对的脆弱期，即使进入康复期，也有一些不能做的事情。否则很可能会导致病情反复，甚至造成不可挽回的后果，一定要注意！

1. 运动不要“累”

北京大学人民医院心内科主任医师张海澄在2022年12月20日接受人民日 ​​​",153.0,0.013071895424836602,0.0,0.04032258064516129,51.0
MmqjIjP5Q,mainstream,risk,"“阳康”后出现“脑雾”症状？医生回应

“阳后的恢复期，我觉得自己的注意力降低了，是不是出现了“脑雾？会持续多久？”近日，有患者表示，自己“阳康”后感到疲倦、注意力下降。

今天（1月2日），“脑雾”话题冲上热搜榜第一，引发讨论。

尚无研究能够明确

新冠和“脑雾”之间的因果性

“新冠感 ​​​",150.0,0.02,0.027777777777777776,0.018518518518518517,30.0
Ls1PboXj1,mainstream,risk,【上海现有重型患者412例 危重型84例】5月8日上午，上海市卫生健康委副主任赵丹丹在疫情防控新闻发布会上介绍，截至5月7日24时，在定点医疗机构接受治疗的重型患者412例、危重型84例。 5月7日，新增本土死亡病例8例，平均年龄80.6岁。这8例患者合并有严重的多脏器慢性基础疾病和恶性肿瘤，有1例曾接种 ​​​,157.0,0.0,0.0,0.11450381679389313,78.5
Ls1aGEoQ1,mainstream,risk,【上海昨日新增215+3760 新增本土死亡8例】@健康上海12320 今早通报：2022年5月7日0—24时，新增本土新冠肺炎确诊病例215例和无症状感染者3760例，其中135例确诊病例为既往无症状感染者转归，80例确诊病例和3749例无症状感染者在隔离管控中发现。新增本土死亡8例。平均年龄80.6岁，最小年龄55岁，最大 ​​​,168.0,0.0,0.0,0.13934426229508196,84.0
LrgCWh2Ca,mainstream,risk,【上海现有重型患者488例 危重型88例】5月3日，上海市卫生健康委副主任赵丹丹介绍，截至5月2日24时，在定点医疗机构接受治疗的重型患者488例、危重型88例。5月2日，新增本土死亡病例20例，平均年龄83.95岁。20位患者合并有多种急慢性基础疾病和晚期肿瘤等。其中1例曾接种过新冠疫苗，其余均未接种过新 ​​​,158.0,0.0,0.0,0.11627906976744186,52.666666666666664
MmoS5Dhqy,mainstream,risk,"【#专家回应阳康后出现脑雾症状#】“‘阳’后的恢复期，我觉得自己的注意力降低了，是不是出现了‘脑雾’？会持续多久？”有患者表示，自己“阳康”后感到疲倦、注意力下降。

“新冠感染康复后，我觉得自己反应有点迟钝。”1月1日，北京市朝阳区的孙女士告诉人民日报健康客户端记者：“工作的时候要刻 ​​​",147.0,0.013605442176870748,0.043478260869565216,0.017391304347826087,36.75
Iv2hPlrwf,mainstream,risk,#壮观新闻# #肺炎疫情防控动态# 【中国工程院副院长#王辰 新冠病毒有可能长期存在#】中国工程院副院长、呼吸与危重症医学专家王辰新冠肺炎与SARS不同，SARS传播性和致病性都很强，很快把宿主杀死然后病毒自身也不容易存活。而新冠肺炎有可能转成慢性疾病，像流感一样与人类共存。对此我们从临床诊治和 ​​​,152.0,0.0,0.008,0.0,76.0
LviuTFUru,wemedia,risk,"#台湾新增新冠肺炎死亡病例145例#【台湾新增本土确诊病例76539例，新增死亡145例创新高】台湾新冠疫情持续严峻，尽管本土确诊人数有所下降，但死亡病例今日（29日）再创新高。

据台湾“中央社”报道，台“疫情指挥中心”29日通报，岛内新增新冠肺炎确诊病例76605例，其中76539例为本土病例，66例为境 ​​​",159.0,0.0,0.0,0.06896551724137931,159.0
LryG5s34k,wemedia,risk,【#上海昨日增本土确诊261例无症状4390例#】#上海4日新增本土死亡病例13例#5月4日0—24时，上海新增本土新冠肺炎确诊病例261例和无症状感染者4390例，其中185例确诊病例为既往无症状感染者转归，75例确诊病例和4357例无症状感染者在隔离管控中发现。5月4日0—24时，新增本土死亡13例。平均年龄82.77岁 ​​​,167.0,0.0,0.0,0.15079365079365079,83.5
MmRkseyli,mainstream,risk,【#合肥急诊科现在什么样# #直击疫情高峰下的合肥急诊#】疫情放开后，伴随着第一波感染高峰的到来，虽然新冠病毒病力明显下降，但对自身具有慢性基础疾病的群体仍易引发并发症从而发展成为重症。作为抗击新冠病毒的“最前哨”，守好急危患者的第一道防线，各大医院的急诊科如今怎么样，能否撑住这波冲 ​​​,146.0,0.0,0.0,0.0,146.0
Itgji6v3F,mainstream,risk,"##新型肺炎疫情阻击战# 【海南两例死亡患者均为高龄，且患有严重基础疾病】
 
2月8日下午，海南省“新型冠状病毒感染的肺炎疫情防控工作”第七场新闻发布会在海口举行。会上，省新型冠状病毒感染肺炎疫情防控工作指挥部医疗救治组组长吕传柱介绍了“发热、密接、疑似和确诊”四类人群的分类管理，以及 ​​​",148.0,0.0,0.0,0.016129032258064516,148.0
JFgtGCKeh,mainstream,risk,【老年人如何健康过春节？青岛疾控来支招】国家卫健委统计资料显示，全国新冠肺炎死亡病例中，80％以上是60岁以上的老年人，75％以上有心脑血管疾病、糖尿病等一种以上基础疾病。在春节来临之际，青岛市为加强对居家、养老机构老年人的宣传倡导，提高老年人防范意识和自我保护能力。除了严格做好”戴口 ​​​,147.0,0.006802721088435374,0.008,0.024,49.0
LoBv9liT1,mainstream,risk,【重要通告：为降低交叉感染风险 #西安实行临时社会面管控#】自4月2日发现省外输入新冠肺炎阳性感染者以来，市疫情防控指挥部在保证社会不停摆的前提下，采取精准流调溯源，大数据分析比对，重点人群、重点行业及大范围核酸筛查相结合的办法处置疫情。截至4月15日18时，我市累计发现本土阳性感染者43例 ​​​,150.0,0.0,0.007692307692307693,0.046153846153846156,150.0
Lvheq8Wk5,mainstream,risk,"#台湾新增新冠肺炎死亡病例145例#【台湾新增本土确诊病例76539例，新增死亡145例创新高】台湾新冠疫情持续严峻，尽管本土确诊人数有所下降，但死亡病例今日（29日）再创新高。

据台湾“中央社”报道，台“疫情指挥中心”29日通报，岛内新增新冠肺炎确诊病例76605例，其中76539例为本土病例，66例为境 ​​​",159.0,0.0,0.0,0.06896551724137931,159.0
LrpBx54gp,mainstream,risk,【#上海昨日增本土确诊260例无症状4722例#】#上海3日新增本土死亡病例16例#2022年5月3日0—24时，上海新增本土新冠肺炎确诊病例260和无症状感染者4722例，其中151例确诊病例为既往无症状感染者转归，108例确诊病例和4660例无症状感染者在隔离管控中发现。5月3日0—24时，新增本土死亡16例。平均年龄82. ​​​,169.0,0.0,0.0,0.16,84.5
LtJcnxfXw,mainstream,risk,"【#一组图看懂老年人为啥要打疫苗#】“我整天哪也不去，没有必要打疫苗。”“我有慢性病，所以不能打疫苗。”但是数据显示，面对新冠病毒的老年人，死亡风险可能是年轻人的数百倍！其概率不亚于每十年就遇上一次陨石撞击地球！真是不比不知道，一比吓“三跳”！

那么，老年人为啥应该打疫苗？老年人感 ​​​",146.0,0.0273972602739726,0.01694915254237288,0.0,24.333333333333332
Ix9Kqune1,mainstream,risk,#全球抗疫第一线# 【#伊拉克4日首现多起新冠肺炎死亡病例#】伊拉克卫生和环境部4日夜间在其社交媒体上先后发布两则声明，宣布了该国两起因感染新冠肺炎而死亡的病例。第一则声明称，巴格达一名女性患者尽管接受了一切可能的治疗，但仍因免疫力受损严重而死亡。第二则声明称，巴格达一名65岁的患者感染 ​​​,148.0,0.0,0.0,0.023076923076923078,74.0
IvSKmmwpf,mainstream,risk,#抗击新冠肺炎疫情进行时# 【中疾控大样本研究：#新冠肺炎总体病死率约2.3%#】中国疾病预防控制中心最新研究揭示新冠肺炎危重病人的死亡高风险。基于72314例病例数据，研究发现新冠肺炎死亡病例全部伴有呼吸衰竭、多器官功能障碍或败血性休克等症状。在这类危重患者群体中，新冠肺炎致死率高达49%。综 ​​​,152.0,0.0,0.0,0.023809523809523808,50.666666666666664
IvSK0vhTB,mainstream,risk,#抗击新冠肺炎疫情进行时# 【中疾控大样本研究：#新冠肺炎总体病死率约2.3%#】中国疾病预防控制中心最新研究揭示新冠肺炎危重病人的死亡高风险。基于72314例病例数据，研究发现新冠肺炎死亡病例全部伴有呼吸衰竭、多器官功能障碍或败血性休克等症状。在这类危重患者群体中，新冠肺炎致死率高达49%。综 ​​​,152.0,0.0,0.0,0.023809523809523808,50.666666666666664
Iv1Spc4ai,mainstream,risk,#抗击新冠肺炎疫情进行时# 【专家：新冠肺炎有可能转成慢性疾病，像流感一样与人类共存】中国工程院副院长、呼吸与危重症医学专家王辰新冠肺炎与SARS不同，SARS传播性和致病性都很强，很快把宿主杀死然后病毒自身也不容易存活。而新冠肺炎有可能转成慢性疾病，像流感一样与人类共存。对此我们从临床诊 ​​​,149.0,0.0,0.007936507936507936,0.0,74.5
LteiFB8tm,mainstream,risk,【上海本土新增69+869】2022年5月15日0—24时，新增本土新冠肺炎确诊病例69例和无症状感染者869例，其中42例确诊病例为既往无症状感染者转归，27例确诊病例和869例无症状感染者在隔离管控中发现。新增境外输入性新冠肺炎确诊病例1例，在闭环管控中发现。新增本土死亡4例，平均年龄86.5岁，最小年龄80岁 ​​​,162.0,0.0,0.0,0.125,81.0
LsEE0DAq8,mainstream,risk,【上海新增本土确诊病例144例和本土无症状感染者1305例】上海市卫健委通报：5月11日0—24时，上海新增新冠肺炎本土确诊病例144例和无症状感染者1305例。新增本土死亡5例。平均年龄89.2岁，最小年龄87岁，最大年龄93岁。5位患者均合并有严重的多脏器慢性基础疾病。China's Shanghai on Wednesday report ​​​,177.0,0.0,0.0,0.11206896551724138,44.25
Ix9V68v2F,mainstream,risk,【#伊拉克4日首现多起新冠肺炎死亡病例#】伊拉克卫生和环境部4日夜间在其社交媒体上先后发布两则声明，宣布了该国两起因感染新冠肺炎而死亡的病例。第一则声明称，巴格达一名女性患者尽管接受了一切可能的治疗，但仍因免疫力受损严重而死亡。第二则声明称，巴格达一名65岁的患者感染新冠肺炎后死亡，其 ​​​,147.0,0.0,0.0,0.022900763358778626,73.5
Iv2NRCjUt,mainstream,risk,【王辰：新冠病毒有可能长期存在】我们是否有可能要做好与新冠病毒长期共存的准备？对此，中国工程院副院长、呼吸与危重症医学专家王辰表示，新冠肺炎可能转为慢性的、像流感一样长期在人间存在的病。这种可能性是完全存在的，对此我们要做好准备。 http://t.cn/A6hlA38y ​​​,140.0,0.007142857142857143,0.018518518518518517,0.018518518518518517,46.666666666666664
IqSuYiV84,mainstream,risk,#除湖北外第1例新冠肺炎死亡病例#【#河北确诊第2例新冠肺炎病例#】1月23日，河北省确诊第2例新型冠状病毒感染的肺炎病例。患者陈某，男，80岁，沧州市南皮县人，在武汉探亲居住2月余，返回南皮县后出现胸闷、呼吸困难，入院隔离治疗，伴有高血压、慢性支气管炎、肺气肿等基础疾病，1月22日抢救无效死亡 ​​​,152.0,0.0,0.0,0.07142857142857142,152.0
IEFabaqwN,wemedia,risk,【转发周知！#五一旅游是否安全#】中国疾控中心研究员冯录召：对大部分近期没有病例报告的地区，假期出游旅行还是比较安全的。鉴于目前每天还有新增境外输入病例或本土病例，还要保持警惕，要意识到仍有感染新冠病毒的风险，所以对一些老年人，慢性病患者、孕妇等#高危人群不建议五一出行旅游#。 ​​​,143.0,0.006993006993006993,0.0,0.0,47.666666666666664
LrpTdBZOm,mainstream,risk,【#上海昨日增本土确诊260例无症状4722例#】#上海3日新增本土死亡病例16例#2022年5月3日0—24时，上海新增本土新冠肺炎确诊病例260和无症状感染者4722例，其中151例确诊病例为既往无症状感染者转归，108例确诊病例和4660例无症状感染者在隔离管控中发现。5月3日0—24时，新增本土死亡16例。平均年龄82. ​​​,169.0,0.0,0.0,0.16,84.5
J1Jifmwbp,wemedia,risk,#万众一心抗击疫情# 【#黄冈#市新增新冠肺炎后肺纤维化特殊慢性病病种！】按照省、市新型冠状病毒防控指挥部的要求，为做好新冠肺炎患者医疗保障工作，我市新增新冠肺炎后肺纤维化特殊慢性病病种，待遇标准为：职工3000元/年，城乡居民800元/年。有确诊新冠肺炎病史的参保患者在确诊半年后可向全市各地 ​​​,151.0,0.006622516556291391,0.008,0.016,75.5
N1KcR1sQH,mainstream,risk,"【同事“二阳”了，我要怎么办？需要吃药吗？】近日，有网友晒出自己的“二阳”抗原测试结果。不少人表示，自己的同事或者家人“二阳”了，那自己怎么办？需要吃药吗？看看专家给出的权威建议。

新冠病例数在上升吗？

中国疾控中心传防处研究员王丽萍接受新华社记者采访表示，从全国传染病网络直报系 ​​​",146.0,0.03424657534246575,0.03389830508474576,0.0,20.857142857142858
Iv2jjvIRX,mainstream,risk,#我国物价形势总体可控# 【中国工程院副院长王辰：#专家称新冠肺炎有可能转成慢性疾病#】中国工程院副院长、呼吸与危重症医学专家王辰新冠肺炎与SARS不同，SARS传播性和致病性都很强，很快把宿主杀死然后病毒自身也不容易存活。而新冠肺炎有可能转成慢性疾病，像流感一样与人类共存。对此我们从临床诊 ​​​,150.0,0.0,0.015873015873015872,0.0,75.0
IubKtf5EO,mainstream,risk,"【关于新冠肺炎疫情防控期间暂停部分医疗机构执业的通知 [话筒]】#抗击新型肺炎六安在行动# 
基层医疗机构经常人员聚集，且受防护条件等制约，存在交叉感染、疫情扩散的严重风险。根据当前疫情防控形势需要，为严防新型冠状病毒感染肺炎疫情在医疗机构内传播，防止院内交叉感染，现就暂停部分医疗机构 ​​​",147.0,0.0,0.0,0.0,147.0
LryuE2Yv1,mainstream,risk,#同心战疫共待花期# 【#上海昨日增本土确诊261例无症状4390例#】5月4日0—24时，上海新增本土新冠肺炎确诊病例261例和无症状感染者4390例，其中185例确诊病例为既往无症状感染者转归，75例确诊病例和4357例无症状感染者在隔离管控中发现。5月4日0—24时，新增本土死亡13例。平均年龄82.77岁，最小年龄4 ​​​,167.0,0.0,0.0,0.144,83.5
Iv24bjZNG,mainstream,risk,#万众一心战疫情# 【#专家称新冠肺炎有可能转成慢性疾病#，像流感一样与人类共存】中国工程院副院长、呼吸与危重症医学专家王辰新冠肺炎与SARS不同，SARS传播性和致病性都很强，很快把宿主杀死然后病毒自身也不容易存活。而新冠肺炎有可能转成慢性疾病，像流感一样与人类共存。对此我们从临床诊治和生 ​​​,150.0,0.0,0.007936507936507936,0.0,75.0
MiY1rukA6,mainstream,risk,【专家提示：慢性病患者感染新冠病毒引发重症的风险更高 需注意防护】国务院联防联控机制新闻发布会通报显示，60岁以上的老年人、有基础性疾病的患者、没有接种疫苗的人群是感染新冠病毒后引发重症的危险人群。基础病，特别是有心脑血管疾病、呼吸系统疾病、肿瘤、慢性肾功能不全等基础性疾病的人群， ​​​,145.0,0.0,0.0,0.007874015748031496,145.0
NEytYFqpT,mainstream,risk,#什么是长新冠症状#【#香港近两成感染者出现长新冠症状#】#国是健康#据第一财经，一项最新统计显示，香港第五波新冠疫情后期（2022年12月-2023年4月期间），有5成左右香港居民感染过新冠。其中，近2成左右新冠感染者出现超过2个月的长新冠症状，这些有持续性症状的新冠感染者中有1/3认为长新冠对生活造 ​​​,156.0,0.0,0.0,0.07086614173228346,156.0
NBo9aDzJo,mainstream,risk,【本土病例呈上升趋势！2024年，JN.1变异株逐渐成为全球主要流行株】#变异株JN.1占比呈现上升趋势#尽管新冠疫情不再是“全球卫生紧急事件”，但新冠病毒仍在传播、变异和夺取生命。2024年，JN.1变异株逐渐成为全球主要流行株，我国亦报告本土病例。1月10日，中国疾病预防控制中心网站发布全国新型冠状 ​​​,156.0,0.00641025641025641,0.008064516129032258,0.056451612903225805,52.0
MbctgcgGJ,mainstream,risk,【#台湾新增92例新冠死亡病例#，近期新冠死亡率呈升势】台湾20日报告新增新冠肺炎本地确诊病例39763例，死亡92例，新增境外输入病例45例。台媒指出，当日新增死亡病例数为8月中旬奥密克戎变异株BA.5出现社区传播以来的单日死亡人数新高。综合中时新闻网、中央社等媒体报道，新增死亡病例包括52例男性、 ​​​,155.0,0.0,0.0,0.06299212598425197,77.5
M7yXEeaFP,mainstream,risk,【#台湾今年累计新冠肺炎死亡病例破万#】台湾当局“流行疫情指挥中心”26日公布，新增28513例新冠肺炎本地确诊病例，272例境外输入病例；另新增56例本地死亡病例，今年累计死亡病例突破1万例。综合中央社、联合新闻网等台湾媒体报道，当日公布死亡病例为33例男性、23例女性，年龄介于未满5岁至90岁以上 ​​​,155.0,0.0,0.0,0.072,77.5
M6DgQvH9M,mainstream,risk,【#美长期新冠患者在白宫外抗议#】据美国《国会山报》报道，当地时间19日，美国“长期新冠”患者聚集在白宫外抗议，喊话政府“大流行并未结束”，呼吁采取紧急应对措施。报道称，参与抗议的民众大多患有慢性疲劳综合征。根据抗议组织方提供的数据，在美国慢性疲劳综合征群体中，有75%的人无法工作，25% ​​​,149.0,0.0,0.0,0.025,74.5
M3sbd6nZQ,mainstream,risk,【#多器官衰竭成日本第七轮疫情死亡病例主因#】据日本《产经新闻》28日报道，日本埼玉医科大学综合医疗中心教授冈秀昭表示，在日本第七波疫情中，病毒性肺炎恶化的病例很少，老年人所面临的严重问题是由感染引起的发烧和喉咙痛，导致进食和饮水困难，许多病例因为慢性病恶化、心肾功能衰竭而丧失体力， ​​​,146.0,0.0,0.0,0.007874015748031496,146.0
LEoOF4erZ,mainstream,risk,"【#台湾本地确诊新冠肺炎累计逾450万例#】台湾当局“流行疫情指挥中心”28日公布，新增23822例新冠肺炎本地确诊病例，149例境外输入病例；另新增62例本地死亡病例，以及4名儿童多系统炎症综合征（MIS-C）病例。
综合台媒报道，当日公布死亡病例为36例男性、26例女性，年龄介于40多岁至90岁以上，皆为重 ​​​",160.0,0.0,0.0,0.08264462809917356,80.0
K4k0D6Ylq,mainstream,risk,【#研究称新冠肺炎感染症状或成慢性病#】#中新视点# 据中新社报道，外媒称，3月1日晚间美国国立卫生研究院院长弗朗西斯·柯林斯表示，一些人因感染新冠肺炎出现的症状可能会转变成慢性病而长期与病人共存。他说，“有些患者已经感染这种病毒三四个月了还未好转，再过几个月可能也不会痊愈，这样下去病毒 ​​​,148.0,0.0,0.0,0.015625,148.0
K3xJmhzHM,mainstream,risk,#中新视点#【德国逾两千万人若感染新冠将面临较高重症风险】#国是论坛# 德国疾控机构24日公布的一项最新研究显示，由于年龄和基础疾病等原因，该国有约2160万人如果感染新冠病毒后将面临较高的发展为重症的风险。造成上述人群面临较高重症风险的原因包括年龄（65岁以上），以及患有糖尿病、慢性肾病和 ​​​,150.0,0.0,0.0,0.023622047244094488,150.0
Iv2sc2oyi,mainstream,risk,【中国工程院副院长#王辰 新冠病毒有可能长期存在#】#专家称新冠肺炎有可能转成慢性疾病#中国工程院副院长、呼吸与危重症医学专家王辰表示，SARS是传播性和致病性都很强的疾病，对于这种病毒，是不容易在人间存活和持续传播的，但新冠肺炎是有可能会转成慢性的，像流感一样长期在人间存在的疾病，“这 ​​​,148.0,0.0,0.0,0.0,148.0
MlwHsh8ig,wemedia,risk,【#胃不好阳了尽量别空腹吃药#】据央视网，感染新冠如何合理用药？新冠阳性的急性期和康复期都会使用一些对症治疗的药物，最近有媒体报道一些人使用药物后出现了其他系统比如消化系统的一些反应。如何科学合理使用药物？北京大学人民医院感染科主任 高燕：如果本身就有一些胃的慢性病，比如胃溃疡、十 ​​​,145.0,0.013793103448275862,0.0,0.0,48.333333333333336
MkACZpqGY,wemedia,risk,【尽早接种、尽早保护！给老年人接种新冠疫苗的建议】#温馨提示# 市疾控中心介绍，我市监测数据显示，未接种新冠疫苗者的病死率是接种者的78倍，年龄越大，重症和死亡的比例越高。高龄、慢性基础性疾病和未接种新冠疫苗是导致新冠重症和死亡的三大危险因素，特别是伴有基础疾病的老人，更应尽早接种疫 ​​​,146.0,0.00684931506849315,0.007936507936507936,0.007936507936507936,73.0
Iv2cEnZ37,wemedia,risk,【王辰院士：#新冠病毒可能转成慢性# 像流感一样存在】据小央视频，新冠病毒是否会长期存在？呼吸与危重症医学专家、中国工程院副院长王辰院士表示：有这种可能性。这个病有可能转成慢性的、像流感一样在人间存在的病，这种可能性是完全存在，对此我们要做好准备。#新冠肺炎重症救治难度比SARS高#   ​​​,148.0,0.006756756756756757,0.00819672131147541,0.0,49.333333333333336
IusFbyYHY,wemedia,risk,【上海目前有13例危重病例、4例重症病例】16日，市卫健委新闻发言人郑锦介绍。这几例重症病例中，大多数是高龄老人，很多伴有心脑血管、肿瘤、慢性肺部疾患等基础性疾病，病情进展快、救治难度大，风险很高。上海采取“一人一方案”的精细化诊疗模式，由高级别专家组专家全天密切跟踪病情变化，及时研 ​​​,146.0,0.0,0.0,0.024390243902439025,73.0
LEoUmfmTE,mainstream,risk,【台新增本地感染约1.7万 变异毒株影响边境暂缓松绑】流行疫情指挥中心25日公布台湾当日新增17127例新冠病例，分别为16921例本地个案及206例境外输入；另确诊个案中新增53例死亡。当日新增死亡个案年龄介于小于5岁至90多岁，48例具慢性病史、35例未完整接种三剂疫苗。http://t.cn/A6aB7Mvv ​​​,162.0,0.0,0.0,0.10256410256410256,54.0
L78NR2WuP,mainstream,risk,"【#突发美国# 】美国首现Omicron死亡病例 患者未接种疫苗

得州哈里斯郡周一报告了一例与Omicron变种相关联的新冠死亡病例。哈里斯郡郡长希尔达戈（Lina Hidalgo）在周一的记者会上宣布了这一消息。她透露，这名病人是50多岁的男子，有慢性病史，没有接种疫苗。在确诊后，该病人接受了再生元（Regenero ​​​",165.0,0.0,0.0,0.008849557522123894,55.0
L2k5H8PGR,mainstream,risk,"【#美帝奇闻榜# 】今日份最纳尼：大美帝160万人或因新冠长期失去嗅觉

发表在美国医学会一份杂志上的研究表明，美国可能有多达160万民众因感染新冠病毒而长期丧失嗅觉。

据《新闻周刊》等媒体18日报道，这项研究由华盛顿大学医学院的3名研究人员撰写，其中两名也是《美国医学会耳鼻咽喉头颈外科》杂志 ​​​",152.0,0.0,0.0,0.032,152.0
KsNY3DOUu,mainstream,risk,"【#突发美国# 】美儿童新冠病例激增，患儿注意力、行为等或有异常
全美各地因感染新冠而住院的儿童人数正在上升，卫生专家将这一趋势归因于儿童更容易感染新冠病毒的delta 变体。 
德克萨斯儿童医院儿科专家萨拉维克博士（James Versalovic）说：""自7月初以来，我们看到病例数量稳步增加，我们也看到住 ​​​",159.0,0.0,0.01694915254237288,0.00847457627118644,159.0
KlPGy1MO8,mainstream,risk,【英国患者3个月难痊愈 有老人确诊近一年】新冠肺炎病程正在变长，媒体发现一些英国新冠患者的病程长达3个月以上且难以痊愈，遭受包括疲劳、咳嗽、胸痛、头痛、肌肉疼痛等长期慢性感染症状的折磨，另据媒体报道，英国一位老者确诊时间竟长达10个月。http://t.cn/A6f4fHPh ​​​,142.0,0.0,0.0,0.045871559633027525,142.0
KlgCzFogd,mainstream,risk,"【#接种疫苗后猝死# 】台湾已有67例接种疫苗后猝死案例，金门接种意愿大跌
【侨报网综合讯】6月20日，台湾流行疫情指挥中心发言人庄人祥透露，台湾接种疫苗后猝死案例当日新增18例（75岁以上占15例），累计已有67例（75岁以上占55例）。目前9个猝死个案的解剖工作已完成，称死因几乎都和慢性病相关，其 ​​​",155.0,0.0,0.0,0.08064516129032258,155.0
K3epK8Ml9,mainstream,risk,"【#美帝奇闻榜# 】今日份最悲剧：大美帝一女子移植新冠患者肺部后死亡

大美帝密歇根州女子移植了一名新冠肺炎患者的肺部后死亡，医生称，尽管捐赠者的新冠病毒检测呈阴性，但双肺感染了新冠病毒，他呼吁，移植手术前需更彻底检测捐赠者。

据《赫芬顿邮报》报道，《美国移植杂志》2月初发表一项研究称 ​​​",148.0,0.0,0.0,0.008130081300813009,148.0
JnRiSvtFR,mainstream,risk,"【#洛杉矶# 】华裔医师谈总统染新冠 提醒南加民众继续防疫
总统特朗普2日（上周五）因染新冠肺炎入院。在仁爱医科大学教学、曾在洛杉矶方舱医院工作数月的华人医师张继强，近半年时间专注于新冠肺炎医治工作，接触了1000名新冠病患。他指出，总统的血氧急剧下降值得考量，应进院治疗。他同时提醒南加民 ​​​",149.0,0.0,0.0,0.016,49.666666666666664
LrRJkB1TF,mainstream,risk,【#上海新增本土确诊253例无症状3961例#】上海市卫健委通报： 5月6日0—24时，上海新增本土新冠肺炎确诊病例253例和无症状感染者3961例，其中175例确诊病例为既往无症状感染者转归，78例确诊病例和3943例无症状感染者在隔离管控中发现。新增本土死亡病例13例。平均年龄83.8岁，最小年龄62岁，最大年龄9 ​​​,164.0,0.0,0.0,0.12,82.0
Iv7zp61AO,mainstream,risk,【专家：#新冠肺炎有可能转成慢性疾病#，像流感一样与人类共存】中国工程院副院长、呼吸与危重症医学专家王辰新冠肺炎与SARS不同，SARS传播性和致病性都很强，很快把宿主杀死然后病毒自身也不容易存活。而新冠肺炎有可能转成慢性疾病，像流感一样与人类共存。对此我们从临床诊治和生产生活防范方面都要 ​​​,149.0,0.0,0.007874015748031496,0.0,74.5
IA4Bd8gPQ,mainstream,risk,【广西支援湖北医疗队护士梁某病情“非常严重”，尚在抢救中】#广西援鄂晕倒护士病情非常严重# 针对网传广西援鄂医疗队昏倒护士梁某去世一事，广西新冠肺炎疫情防控工作领导小组指挥部宣传组工作人员3月24日上午回应澎湃新闻称，经核实，目前梁某尚在抢救中，有进一步消息会及时公布。同日上午，华中科 ​​​,147.0,0.0,0.0,0.015625,147.0
IvXZom1ov,mainstream,risk,#疫情联防联控实时播报# 【#韩国新天地教会信徒新冠肺炎死亡# 韩国新冠肺炎累计死亡病例增至12例】今天，韩国大邱市政府表示，又有1例确诊感染新冠肺炎的患者不治身亡。韩国境内累计死亡病例增至12例。该患者73岁，是韩国新天地教会信徒，患有糖尿病和高血压等慢性疾病。（总台） ​​​,140.0,0.0,0.0,0.034482758620689655,46.666666666666664
ItmvkvVto,mainstream,risk,"#最新疫情地图##疫情联防联控实时播报##新冠肺炎最新动态# 【#安徽首例死亡病例# 患者既往有慢性阻塞性肺疾病、高血压病】死亡病例病情介绍：患者赵某某，男，87岁, 蚌埠人，1月30日确诊为新冠肺炎，入住蚌医一附院（省级新冠肺炎重症集中收治基地医院），临床为危重型。患者既往有慢性阻塞性肺疾病、 ​​​",152.0,0.0,0.0,0.024793388429752067,152.0
IqVjSxZw8,mainstream,risk,#全国确诊新型肺炎病例#【#上海新增4例新冠肺炎确诊病例#】2020年1月23日0—24时，上海市新增新型冠状病毒感染的肺炎确诊病例4例，其中1例危重症病例，为68岁男性患者，合并慢性阻塞性肺气肿。截至1月23日24时，上海市累计发现确诊病例20例，其中18例目前病情平稳，2例病情危重。另有34例疑似病例正在 ​​​,159.0,0.0,0.0,0.125,79.5
Ixab70aRB,mainstream,risk,【#伊拉克4日首现多起新冠肺炎死亡病例#】伊拉克卫生和环境部4日夜间在其社交媒体上先后发布两则声明，宣布了该国两起因感染新冠肺炎而死亡的病例。第一则声明称，巴格达一名女性患者尽管接受了一切可能的治疗，但仍因免疫力受损严重而死亡。第二则声明称，巴格达一名65岁的患者感染新冠肺炎后死亡，其 ​​​,147.0,0.0,0.0,0.022900763358778626,73.5
IvY4pfGRw,mainstream,risk,【#韩国新天地教会信徒新冠肺炎死亡# 韩国新冠肺炎累计死亡病例增至12例】今天，韩国大邱市政府表示，又有1例确诊感染新冠肺炎的患者不治身亡。韩国境内累计死亡病例增至12例。该患者73岁，是韩国新天地教会信徒，患有糖尿病和高血压等慢性疾病。（央视） ​​​,127.0,0.0,0.0,0.03773584905660377,42.333333333333336
MkhmUgrr2,mainstream,risk,【#老年人疫苗接种7问7答#[话筒]】国务院联防联控机制有关专家表示：①大量监测和研究显示，不接种疫苗的话，尤其是在老年人当中，以及在慢性基础性疾病的人群当中，不管是发生重症还是死亡的风险都是非常高的，#老年人全程接种疫苗将降低重症风险#；②从目前监测到的情况看，60岁及以上老年人接种新冠 ​​​,149.0,0.0,0.0,0.023809523809523808,149.0
M4vdegl65,mainstream,risk,#世界说#【美媒：#长期新冠患者或因脑损伤出现慢性焦虑#】据美国地方电视台WKEF近日报道，越来越多的证据表明，新冠肺炎会引起急性和慢性神经系统或心理症状，新冠肺炎患者的医疗照护者也表现出高于平均水平的心理健康问题患病率，这些症状是由多种不同因素造成。 http://t.cn/A6SlVRy2 ​​​,151.0,0.0,0.0,0.017391304347826087,151.0
LFfg6wL2u,mainstream,risk,【连锁反应！#新冠疫情造成美国多项公共卫生危机#】美国《华尔街日报》近期报道称，新冠疫情严重冲击美国人整体健康状况，造成多项公共卫生危机。因疫情期间医疗资源挤兑，诸多慢性病患者无法得到及时治疗；心脏病和中风、药物过量导致的死亡人数显著上升；更多人出现焦虑和抑郁。  ​​​,136.0,0.007352941176470588,0.0,0.0,27.2
Lqp0aqdXW,mainstream,risk,"【德国最新临床研究：#辉瑞mRNA疫苗或引发自身免疫性肝炎#】来自德国的最新临床研究发现，辉瑞/BioNTech联合开发的新冠mRNA疫苗（BNT162b2）可能引发一种罕见的以T细胞为介导的自身免疫性肝炎。

自身免疫肝炎是由自身免疫反应介导的慢性进行性肝脏炎症性疾病，其临床特征为不同程度的血清转氨酶升高、 ​​​",159.0,0.0,0.0,0.01652892561983471,159.0
Mn3YtvVG7,wemedia,risk,#哈铁微分享##阳了会有哪些消化道症状#  李兆申院士介绍：阳后可能会出现腹泻呕吐、食欲不振、饭后饱胀等症状。如果你感染了新冠并有慢性的消化道问题，在吃布洛芬等退烧药时要做好这一点，戳视频↓↓ http://t.cn/A69vY01P ​​​,121.0,0.0,0.0,0.023255813953488372,121.0
MmMzExEtf,wemedia,risk,#新冠防护手册##感染新冠会影响记忆力吗#【感觉变笨了？阳康后脑雾症状2到4周会逐渐恢复】近日，部分新冠感染者表示，康复后出现反应迟钝、注意力下降，有人甚至感觉自己变傻了，好像脑子里被蒙上了一层雾，“脑雾”话题也登上热搜。如何缓解阳康后出现的脑雾症状？南京脑科医院神经内科医生林兴建表示 ​​​,147.0,0.013605442176870748,0.007936507936507936,0.015873015873015872,49.0
Ls1VFeY08,mainstream,risk,【上海现有重型患者412例 危重型84例】5月8日上午，上海市卫生健康委副主任赵丹丹在疫情防控新闻发布会上介绍，截至5月7日24时，在定点医疗机构接受治疗的重型患者412例、危重型84例。 5月7日，新增本土死亡病例8例，平均年龄80.6岁。这8例患者合并有严重的多脏器慢性基础疾病和恶性肿瘤，有1例曾接种 ​​​,157.0,0.0,0.0,0.11450381679389313,78.5
Iv2itf69q,mainstream,risk,【中国工程院副院长王辰：#专家称新冠肺炎有可能转成慢性疾病#】中国工程院副院长、呼吸与危重症医学专家王辰新冠肺炎与SARS不同，SARS传播性和致病性都很强，很快把宿主杀死然后病毒自身也不容易存活。而新冠肺炎有可能转成慢性疾病，像流感一样与人类共存。对此我们从临床诊治和生产生活防范方面都要 ​​​,149.0,0.0,0.0078125,0.0,74.5
IqSJSyWd9,mainstream,risk,【除湖北外第1例新冠肺炎死亡病例】1月23日，河北省确诊第2例新型冠状病毒感染的肺炎病例。患者陈某，男，80岁，沧州市南皮县人，在武汉探亲居住2月余，返回南皮县后出现胸闷、呼吸困难，入院隔离治疗，伴有高血压、慢性支气管炎、肺气肿等基础疾病，1月22日抢救无效死亡。1月23日，省市专家组依据新型 ​​​,151.0,0.0,0.0,0.07936507936507936,75.5
MkhHpa5PH,mainstream,risk,【#老年人疫苗接种7问7答#[话筒]】国务院联防联控机制有关专家表示：①大量监测和研究显示，不接种疫苗的话，尤其是在老年人当中，以及在慢性基础性疾病的人群当中，不管是发生重症还是死亡的风险都是非常高的，#老年人全程接种疫苗将降低重症风险#；②从目前监测到的情况看，60岁及以上老年人接种新冠 ​​​,149.0,0.0,0.0,0.023809523809523808,149.0
IvXYWjpDI,mainstream,risk,【#韩国新天地教会信徒新冠肺炎死亡# 韩国新冠肺炎累计死亡病例增至12例】今天，韩国大邱市政府表示，又有1例确诊感染新冠肺炎的患者不治身亡。韩国境内累计死亡病例增至12例。该患者73岁，是韩国新天地教会信徒，患有糖尿病和高血压等慢性疾病。（总台记者李大杰） ​​​,132.0,0.0,0.0,0.036036036036036036,44.0
MFywMEE3a,mainstream,risk,"【五一后，全国都在咽喉炎？#嗓子疼是新冠二阳吗#？】五一假期过后，有网友在社交平台发帖，称自己出现喉咙肿痛，越来越严重的刀片嗓与感染新冠时类似，担心是不是“二阳”了。

#全国都在咽喉炎吗#一度登上热搜，引发很多人的关注和讨论。

为什么近期咽喉炎频发？是否与新冠感染有关？《生命时报》采 ​​​",148.0,0.02702702702702703,0.00847457627118644,0.0,24.666666666666668
MlWPx6uTv,mainstream,risk,"【对话上海急诊专家：重症病人正快速上升，普通型肺炎不用太恐慌】
#上海急诊专家称重症病人正快速上升# 
@澎湃新闻 ：新冠病毒感染高峰到来后，重症高峰将紧随其后。肺炎甚至“白肺”患者，情况究竟如何？

“这两天的重症病人一天比一天多，大部分的重症病人是老年人。”12月29日，位于上海东北部的 ​​​",150.0,0.006666666666666667,0.0,0.01680672268907563,50.0
MlbjoBuNd,mainstream,risk,"#感染后咳嗽什么程度应该警惕#【新冠感染后咳嗽不止，怎么办？】新冠感染后咳嗽不止？医生告诉你这样做

新冠病毒感染后，不少人出现了咳嗽、发热、肌肉酸痛等临床症状。部分感染者在转阴后，仍有咳嗽的情况。新冠感染后咳嗽不止，甚至痰中有血丝怎么办？四川大学华西医院呼吸与危重症医学科副主任王刚 ​​​",146.0,0.02054794520547945,0.0,0.0,29.2
LuXBemCq5,mainstream,risk,【#靠感染奥密克戎产生免疫是一个危险选择#】#自然感染新冠产生的免疫力有很大不确定性# 王华庆：感染病毒后从理论上来说会产生天然的免疫。但是，这不是我们目前应做出的选择。一方面，奥密克戎变异株会导致重症和死亡，不接种疫苗单靠自然感染产生免疫还是一个危险的选择，尤其对老年人和有慢性疾病 ​​​,146.0,0.0,0.0078125,0.0,73.0
Klwfjpt0V,mainstream,risk,【#台湾新冠死亡率世界第一#】台疫情指挥中心发言人 庄人祥：“（21日）又新增了35例，接种疫苗后发生死亡的不良事件。死亡年龄在41岁到94岁之间，其中有25人是75岁以上长者”。庄人祥表示，死亡案例多数为高龄长者以及有慢性病者。与此同时，本土死亡人数仍未显著下降，截至22日，已有575名新冠肺炎患 ​​​,154.0,0.0,0.0,0.06557377049180328,51.333333333333336
LqmjO2ZAl,mainstream,risk,【德国最新临床#研究称辉瑞mRNA疫苗或引发自身免疫性肝炎#】#辉瑞mRNA疫苗可能引发自身免疫性肝炎#来自德国的最新临床研究发现，辉瑞/BioNTech联合开发的新冠mRNA疫苗（BNT162b2）可能引发一种罕见的以T细胞为介导的自身免疫性肝炎。自身免疫肝炎是由自身免疫反应介导的慢性进行性肝脏炎症性疾病，其临 ​​​,161.0,0.0,0.0,0.01639344262295082,161.0
Ln2VD2FxL,wemedia,risk,"【我市有关部门就疫情防控工作答记者问】
　　4月5日，我市召开本次疫情防控工作第二十六场新闻发布会。市卫生健康委、市消防救援支队、市农业农村局、市疾病预防控制中心、吉林医药学院附属医院相关负责人，现场回答记者提问。
　　问：据我所知，吉林市目前有部分尿毒症患者感染了新冠病毒。请问，这 ​​​",146.0,0.0,0.02459016393442623,0.01639344262295082,48.666666666666664
IvQvvw2lx,mainstream,risk,"【广州首例死亡病例：因大出血抢救无效，不是肺的问题】24日，广州出现首例新冠肺炎死亡病例。该病例为广州市一82岁男性，因发生急性呼吸窘迫综合征、多器官功能衰竭，经抢救无效死亡 。

广州市第八人民医院感染病中心ICU主任李粤平介绍介绍，病人1月15日从武汉来穗，1月23日确诊为新冠肺炎病例（危重 ​​​",152.0,0.0,0.0,0.047619047619047616,76.0
IvNJjnXFI,mainstream,risk,"【广州首次出现死亡病例！2月24日新增确诊1例】2020年2月24日0时至24时，广州市报告新冠肺炎新增确诊病例1例（天河区1例）。新增治愈出院6例。新增死亡病例1例。

截至2月24日24时，广州市累计报告新冠肺炎确诊病例346例，其中白云区74例、海珠区66例、天河区45例、番禺区40例、越秀区35例、荔湾区21例 ​​​",164.0,0.006097560975609756,0.0,0.1746031746031746,41.0
Iv2uG05hc,mainstream,risk,【中国工程院副院长#王辰 新冠病毒有可能长期存在#】#专家称新冠肺炎有可能转成慢性疾病#中国工程院副院长、呼吸与危重症医学专家王辰：新冠肺炎与SARS不同，SARS传播性和致病性都很强，很快把宿主杀死然后病毒自身也不容易存活。而新冠肺炎有可能转成慢性疾病，像流感一样与人类共存。对此我们从临床 ​​​,150.0,0.0,0.007936507936507936,0.0,75.0
O5rCCFhX7,mainstream,risk,【#新冠病毒感染与认知功能下降存在相关性#——#科学认识长新冠#】中国青年报报道，今年2月29日，美国医学期刊《新英格兰医学杂志》发表了两项分别来自英国和挪威的大型队列研究，进一步证实新冠病毒感染与认知能力下降存在相关性。3月1日，《新英格兰医学杂志》与嘉会医学研究和教育集团联合打造的数 ​​​,148.0,0.0,0.0,0.031746031746031744,148.0
IwAbiisVj,mainstream,risk,【#泰国现首例新冠肺炎死亡病例#】泰国朱拉隆功大学医学院新型传染病研究中心主任提叻瓦·合玛朱塔（Thiravat Hemachudha）透露，一名35岁泰国籍男性因感染新冠肺炎于2月29日傍晚在曼谷逝世，这是泰国首例新冠肺炎死亡病例。他还表示，这是一个重要案例，显示无症状感染者也可以传播病毒，而且就算没有 ​​​,157.0,0.0,0.0,0.024793388429752067,157.0
IqSnnAJrA,mainstream,risk,#除湖北外第1例新冠肺炎死亡病例#【#河北确诊第2例新冠肺炎病例#】1月23日，河北省确诊第2例新型冠状病毒感染的肺炎病例。患者陈某，男，80岁，沧州市南皮县人，在武汉探亲居住2月余，返回南皮县后出现胸闷、呼吸困难，入院隔离治疗，伴有高血压、慢性支气管炎、肺气肿等基础疾病，1月22日抢救无效死亡 ​​​,152.0,0.0,0.0,0.07142857142857142,152.0
MmBvKwJKi,mainstream,risk,"【感染新冠后病危 临沂8个月宝宝亟需救命血 盼您“热血”相助】
1月3日的泉城济南，天空蔚蓝，阳光明媚，而守候在山东省立医院小儿重症医学科门外的徐安琪却觉得浑身如坠冰窖，痛彻心扉。几天前，她的儿子小二蛋不幸感染新冠病毒，并于两天内迅速发展成重症，同时并发多种并发症，生命危在旦夕。
徐安 ​​​",147.0,0.0,0.0,0.024,73.5
LjRhkt3TU,mainstream,risk,"#临沂疫情防控# 【临沂市人民医院近期就医公告】尊敬的患者及市民朋友们：
近日，国内本土新冠肺炎疫情波及多个省市，特别是进入3月份以来，省内多地市不断出现新发病例，多地升级为中高风险地区，疫情形势依然严峻复杂。为做好新冠肺炎疫情防控工作，降低新冠疫情传播风险，保障人民群众的身体健康， ​​​",146.0,0.0,0.0,0.007936507936507936,146.0
MmInewzvB,wemedia,risk,#阳康后为什么会出现脑雾#【感觉自己变傻了？#专家回应阳康后出现脑雾症状#[黑线]】近日，有患者表示“阳康”后感到疲倦、注意力下降，甚至“感觉自己变傻了”。“脑雾”话题一度冲上热搜。#如何缓解阳康后出现的脑雾症状#？医生表示，早在新冠出现之前，“脑雾”已被用来描述慢性疲劳综合症等状况时出 ​​​,148.0,0.013513513513513514,0.017094017094017096,0.0,37.0
M3RRr8KHR,mainstream,risk,【感染新冠康复后就没事了？英媒：不！有个大问题】#英媒称新冠康复后仍有大问题# 尽管目前一些研究认为新冠病毒奥密克戎变异毒株的毒性似乎正在减弱，除了高危老年人群体，普通人即便感染了病毒可能也没有大碍，但英国《金融时报》在当地时间8月30日发布的一篇深度报道却表示，感染新冠的人更容易患上 ​​​,147.0,0.013605442176870748,0.0,0.015625,73.5
KhfSL7vZE,mainstream,risk,"【快讯！连续12天超百例！#台湾新增本土确诊635病例#，新增11例死亡病例】台湾地区流行疫情指挥中心今日（26日）公布，台湾新增304例新冠肺炎确诊病例，分别为302例本土病例及2例境外输入病例，另有“校正回归”本土病例331例，总计635例。确诊病例中新增11例死亡。

指挥中心表示，新增的302例本土病 ​​​",159.0,0.012578616352201259,0.0,0.09243697478991597,39.75
Js0DoAwQy,mainstream,risk,"【#俄专家警告称素食者容易感染新冠#】“素食者感染新冠病毒的风险较高。”俄新社称，11月1日是世界纯素食日。俄专家警告称，素食者不吃肉容易造成免疫力下降，令感染新冠的风险增加。

俄流行病学专家涅纳斯季娜表示，素食者不吃肉类，容易导致体内缺乏维生素和矿物质，造成免疫力下降，致使患病风险 ​​​",147.0,0.0,0.0,0.016129032258064516,49.0
MBwB2o4K3,mainstream,risk,"#健康知识科普# 【关于甲流，你要知道这些】
近来全国多地又爆发起了流感，许多人都中招，尤其是不少学校学生都因此停课休息。而且这个病传染性非常高，一旦得了，一家几口接二连三都容易感染。临床表现有持续高烧、剧烈咳嗽、流鼻涕、头晕、恶心呕吐、全身酸痛、腹泻等，有些人感觉比新冠还难受。但仔 ​​​",146.0,0.0,0.0,0.0,48.666666666666664
LmWdjvZRA,mainstream,risk,"【山西省疾病预防控制中心紧急提示】

4月3日0-24时，31个省(自治区、直辖市)和新疆生产建设兵团报告新增本土确诊病例1366例，本土无症状感染者11771例，共计新增感染13137例，截至4月4日9时，全国中高风险区400个。继忻州原平、长治黎城、大同浑源、太原小店区疫情之后，4月4日晋中榆次、太原晋源区、 ​​​",161.0,0.0,0.0,0.11475409836065574,161.0
MidGUFMTY,wemedia,risk,"#疫情防控# 【致全市60岁以上老年人开展新冠疫苗接种的倡议书】
各位老年朋友及家属们：
　　老年人是感染新冠病毒后重症和危及生命的高风险人群，也是防控疫情传播及预防重症的重点人群。据国务院联防联控机制科研攻关组疫苗研发专班介绍，80岁以上的老人，接种三针疫苗和没有接种疫苗相比，死亡风险 ​​​",148.0,0.0,0.0,0.015748031496062992,148.0
IvmYexOUG,wemedia,risk,#湖北加油 武汉挺住# #战疫有我文明生活一起来# 【特殊救治，暖心守护】2月17日下午15时，市中医医院来了一名特殊的慢性肾衰竭患者。她今年38岁，丈夫被确诊为新冠肺炎而隔离，她也是从武汉回来的。出现了咳嗽、呼吸困难、不能平躺，且心衰、肾衰竭等症状， 可能会危及到生命。收到病患后，医院业务线 ​​​,151.0,0.0,0.008264462809917356,0.03305785123966942,50.333333333333336
IvZvCemBq,wemedia,risk,【在重症隔离病房成功抢救一位突发“脑疝”患者】2020年2月17日，中国疾控中心“新冠肺炎应急响应机制流行病学组”，在《中华流行病学杂志》发表的文章指出，中国确诊新冠肺炎患者中，53%的患者并未报告其基础性疾病情况。对于患有其它基础性疾病的新冠肺炎患者而言，他们的境况更加危险，医生在抢救这 ​​​,149.0,0.0,0.0,0.03225806451612903,149.0
Iv2dd1CDN,wemedia,risk,【中国工程院副院长#王辰 新冠病毒有可能长期存在#】#专家称新冠肺炎有可能转成慢性疾病#中国工程院副院长、呼吸与危重症医学专家王辰新冠肺炎与SARS不同，SARS传播性和致病性都很强，很快把宿主杀死然后病毒自身也不容易存活。而新冠肺炎有可能转成慢性疾病，像流感一样与人类共存。对此我们从临床诊 ​​​,150.0,0.0,0.007874015748031496,0.0,75.0
MlDfnCb2P,wemedia,risk,#男子称连续咳嗽10多天断3根肋骨#【周知！#阳了后这4种情况的咳嗽要重视#】并非不发烧就代表新冠康复，“刀片嗓”“水泥鼻”等症状同样需要重视。你最近还在咳咳咳吗？这4种情况需要警惕：①除咳嗽外还有其他症状，如发烧、咯血等。②持续时间很长的慢性咳嗽。③咳嗽情况越来越严重，反反复复。④患有 ​​​,148.0,0.013513513513513514,0.0,0.03389830508474576,24.666666666666668
LryHfiBqR,wemedia,risk,【#上海昨日增本土确诊261例无症状4390例#】#上海4日新增本土死亡病例13例#5月4日0—24时，上海新增本土新冠肺炎确诊病例261例和无症状感染者4390例，其中185例确诊病例为既往无症状感染者转归，75例确诊病例和4357例无症状感染者在隔离管控中发现。5月4日0—24时，新增本土死亡13例。平均年龄82.77岁 ​​​,167.0,0.0,0.0,0.15079365079365079,83.5
LrpIfmwTp,wemedia,risk,【#上海昨日增本土确诊260例无症状4722例#】#上海3日新增本土死亡病例16例#2022年5月3日0—24时，上海新增本土新冠肺炎确诊病例260和无症状感染者4722例，其中151例确诊病例为既往无症状感染者转归，108例确诊病例和4660例无症状感染者在隔离管控中发现。5月3日0—24时，新增本土死亡16例。平均年龄82. ​​​,169.0,0.0,0.0,0.16,84.5
L3hg7ov33,wemedia,risk,#捷克总统出院当天因新冠阳性再次入院# 【外媒：捷克总统泽曼因慢性病治疗超1月，出院当天又因新冠阳性再次入院】路透社25日报道，据捷克总统办公室消息，该国总统泽曼在当地时间周四（25日）经过1个多月的住院治疗后出院，但在数小时后，又因新冠检测阳性，于当日再次入院。报道称，这前后两次入院的 ​​​,148.0,0.0,0.0,0.031746031746031744,148.0
Iv2p25Z7C,wemedia,risk,【专家：#新冠肺炎有可能转成慢性疾病# 像流感一样与人类共存】中国工程院副院长、呼吸与危重症医学专家王辰新冠肺炎与SARS不同，SARS传播性和致病性都很强，很快把宿主杀死然后病毒自身也不容易存活。而新冠肺炎有可能转成慢性疾病，像流感一样与人类共存。对此我们从临床诊治和生产生活防范方面都要 ​​​,149.0,0.0,0.007874015748031496,0.0,74.5
LrSOWnHPo,mainstream,risk,【#上海新增本土确诊253例无症状3961例# 】#上海新增本土死亡病例13例#  据健康上海12320官微消息，2022年5月6日0—24时，上海新增本土新冠肺炎确诊病例253例和无症状感染者3961例。其中175例确诊病例为既往无症状感染者转归，78例确诊病例和3943例无症状感染者在隔离管控中发现，新增本土死亡13例。平 ​​​,168.0,0.0,0.0,0.12295081967213115,84.0
LrgOJ6EDP,mainstream,risk,"【#上海新增本土确诊274例无症状5395例# #上海昨日新增本土死亡20例# 】据上海市卫健委5月3日通报，2日0至24时，上海新增本土新冠肺炎确诊病例274例和无症状感染者5395例
其中155例确诊病例为既往无症状感染者转归。
5月2日0至24时，上海新增本土死亡20例。平均年龄83.95岁，最小年龄49岁，最大年龄101 ​​​",169.0,0.0,0.0,0.15079365079365079,84.5
IEuGTFC15,mainstream,risk,【34项研究数据荟萃：新冠死亡风险或与心肾损伤高度相关】研究发现，新冠重症风险与高血压、心血管疾病、慢性肾病和糖尿病显著相关，与慢性肝病相关性不强。同时，新冠死亡风险与重症患者的急性心脏、肾脏损伤高度相关。但这一结果可能存在偏倚，且不能确定病史与重症转化之间的因果关系。  ​​​,140.0,0.0,0.0,0.008264462809917356,46.666666666666664
IwAhCol2Z,mainstream,risk,【#泰国现首例新冠肺炎死亡病例#】泰国朱拉隆功大学医学院新型传染病研究中心主任提叻瓦·合玛朱塔（Thiravat Hemachudha）透露，一名35岁泰国籍男性因感染新冠肺炎于2月29日傍晚在曼谷逝世，这是泰国首例新冠肺炎死亡病例。他还表示，这是一个重要案例，显示无症状感染者也可以传播病毒，而且就算没有 ​​​,157.0,0.0,0.0,0.024793388429752067,157.0
Mkhv1dewf,mainstream,risk,【#老年人疫苗接种7问7答#[话筒]】国务院联防联控机制有关专家表示：①大量监测和研究显示，不接种疫苗的话，尤其是在老年人当中，以及在慢性基础性疾病的人群当中，不管是发生重症还是死亡的风险都是非常高的，#老年人全程接种疫苗将降低重症风险#；②从目前监测到的情况看，60岁及以上老年人接种新冠 ​​​,149.0,0.0,0.0,0.023809523809523808,149.0
IEFcdmsib,mainstream,risk,#社会新闻# 【转发周知！#五一旅游是否安全#】中国疾控中心研究员冯录召：对大部分近期没有病例报告的地区，假期出游旅行还是比较安全的。鉴于目前每天还有新增境外输入病例或本土病例，还要保持警惕，要意识到仍有感染新冠病毒的风险，所以对一些老年人，慢性病患者、孕妇等高危人群，不建议出行旅游 ​​​,146.0,0.00684931506849315,0.0,0.0,73.0
IxcGGq0oL,mainstream,risk,#西安抗疫最前线#【#伊拉克4日首现多起新冠肺炎死亡病例#】#关注新冠肺炎# 伊拉克卫生和环境部4日夜间在其社交媒体上先后发布两则声明，宣布了该国两起因感染新冠肺炎而死亡的病例。第一则声明称，巴格卡一名女性患者尽管接受了一切可能的治疗，但仍因免疫力受损严重而死亡。第二则声明称，巴格达一名6 ​​​,149.0,0.0,0.0,0.023076923076923078,74.5
Lrz7J1KdZ,wemedia,risk,【#上海昨日增本土确诊261例无症状4390例#】#上海4日新增本土死亡病例13例#5月4日0—24时，上海新增本土新冠肺炎确诊病例261例和无症状感染者4390例，其中185例确诊病例为既往无症状感染者转归，75例确诊病例和4357例无症状感染者在隔离管控中发现。5月4日0—24时，新增本土死亡13例。平均年龄82.77岁 ​​​,167.0,0.0,0.0,0.15079365079365079,83.5
IEG6O32f5,wemedia,risk,【转发周知！#五一旅游是否安全#】中国疾控中心研究员冯录召：对大部分近期没有病例报告的地区，假期出游旅行还是比较安全的。鉴于目前每天还有新增境外输入病例或本土病例，还要保持警惕，要意识到仍有感染新冠病毒的风险，所以对一些老年人，慢性病患者、孕妇等#高危人群不建议五一出行旅游#。  ​​​,144.0,0.006944444444444444,0.0,0.0,48.0
Iv2FthuFF,wemedia,risk,#关注新冠肺炎#【中国工程院副院长#王辰 新冠病毒有可能长期存在#】#专家称新冠肺炎有可能转成慢性疾病#中国工程院副院长、呼吸与危重症医学专家王辰新冠肺炎与SARS不同，SARS传播性和致病性都很强，很快把宿主杀死然后病毒自身也不容易存活。而新冠肺炎有可能转成慢性疾病，像流感一样与人类共存。对 ​​​,151.0,0.0,0.0,0.0,75.5
L5fEyuXxI,mainstream,risk,【#国家卫健委回应老年人有无必要接种疫苗#】9日，在国新办举行的新闻发布会上，国家卫生健康委老龄健康司司长王海东称，老年人大多有基础疾病，从目前全球的情况来看，老年人一旦感染新冠病毒，他发生重症和死亡的风险远远高于年轻人和儿童。接种疫苗是预防新冠疫情最有效的手段，让老年人尽早接种疫 ​​​,145.0,0.0,0.0,0.007751937984496124,145.0
L3ePhFxwM,mainstream,risk,#捷克总统出院当天因新冠阳性再次入院# 【外媒：捷克总统泽曼因慢性病治疗超1月，出院当天又因新冠阳性再次入院】路透社25日报道，据捷克总统办公室消息，该国总统泽曼在当地时间周四（25日）经过1个多月的住院治疗后出院，但在数小时后，又因新冠检测阳性，于当日再次入院。报道称，这前后两次入院的 ​​​,148.0,0.0,0.0,0.031746031746031744,148.0
IwAA7e8WG,mainstream,risk,【#泰国现首例新冠肺炎死亡病例#】泰国朱拉隆功大学医学院新型传染病研究中心主任提叻瓦·合玛朱塔（Thiravat Hemachudha）透露，一名35岁泰国籍男性因感染新冠肺炎于2月29日傍晚在曼谷逝世，这是泰国首例新冠肺炎死亡病例。他还表示，这是一个重要案例，显示无症状感染者也可以传播病毒，而且就算没有 ​​​,157.0,0.0,0.0,0.024793388429752067,157.0
Mlz4cu9Ru,wemedia,risk,#男子称连续咳嗽10多天断3根肋骨#【周知！#阳了后这4种情况的咳嗽要重视#】并非不发烧就代表新冠康复，“刀片嗓”“水泥鼻”等症状同样需要重视。你最近还在咳咳咳吗？这4种情况需要警惕：①除咳嗽外还有其他症状，如发烧、咯血等。②持续时间很长的慢性咳嗽。③咳嗽情况越来越严重，反反复复。④患有 ​​​,148.0,0.013513513513513514,0.0,0.03389830508474576,24.666666666666668
MdJeld8ax,mainstream,risk,【#浏阳市关于主城区强化社会面疫情防控措施的通告# 】11月5日以来，我市在主城区核酸检测中筛查出2例新冠肺炎阳性病例。本轮疫情的毒株具有病毒载量高、传播速度快、隐匿性强、传染性强等特征，更易感染老人、儿童。为切实降低疫情扩散风险，最大限度保障人民群众生命安全和身体健康，依据相关法律法 ​​​,147.0,0.0,0.007874015748031496,0.023622047244094488,73.5
LryNm7VLV,mainstream,risk,【#上海昨日增本土确诊261例无症状4390例#】#上海4日新增本土死亡病例13例#5月4日0—24时，上海新增本土新冠肺炎确诊病例261例和无症状感染者4390例，其中185例确诊病例为既往无症状感染者转归，75例确诊病例和4357例无症状感染者在隔离管控中发现。5月4日0—24时，新增本土死亡13例。平均年龄82.77岁 ​​​,167.0,0.0,0.0,0.15079365079365079,83.5
Iv2l84Sb5,mainstream,risk,【中国工程院副院长#王辰 新冠病毒有可能长期存在#】中国工程院副院长、呼吸与危重症医学专家王辰表示，新冠肺炎与SARS不同，SARS传播性和致病性都很强，很快把宿主杀死然后病毒自身也不容易存活。而#新冠肺炎有可能转成慢性疾病，像流感一样与人类共存#。对此我们从临床诊治和生产生活防范方面都要做 ​​​,150.0,0.0,0.007936507936507936,0.0,75.0
IEEQ1wuV1,wemedia,risk,#五一旅游是否安全#鉴于目前每天还有新增境外输入病例或本土病例，还要保持警惕，要意识到仍有感染新冠病毒的风险，所以对一些老年人，慢性病患者、孕妇等高危人群，不建议出行旅游。#绍警有话# [话筒] http://t.cn/A6w3eiQM ​​​,122.0,0.0,0.0,0.022988505747126436,122.0
O5rX1dSWV,mainstream,risk,【#新冠病毒感染与认知功能下降存在相关性#——#科学认识长新冠#】今年2月29日，美国医学期刊《新英格兰医学杂志》发表了两项分别来自英国和挪威的大型队列研究，进一步证实新冠病毒感染与认知能力下降存在相关性。3月1日，《新英格兰医学杂志》与嘉会医学研究和教育集团联合打造的数字媒体《NEJM医学 ​​​,150.0,0.0,0.0,0.032,150.0
M9xZSnh1V,mainstream,risk,"#内蒙古疫情速报# 【呼和浩特市疫情期间不同人群分类就医流程公告】 目前，我市疫情仍在持续，为切实保障广大市民身体健康和生命安全，现将疫情防控期间不同人群分类就医流程进行公告，请广大市民根据自身情况进行选择。

一、高（中）风险区域人员就医

1.出现发热、干咳、乏力、咽痛、腹泻、嗅（味） ​​​",149.0,0.0,0.008403361344537815,0.008403361344537815,149.0
Iv3ed5ZJG,mainstream,risk,【专家：#新冠肺炎有可能转成慢性疾病# 像流感一样与人类共存】中国工程院副院长、呼吸与危重症医学专家王辰新冠肺炎与SARS不同，SARS传播性和致病性都很强，很快把宿主杀死然后病毒自身也不容易存活。而新冠肺炎有可能转成慢性疾病，像流感一样与人类共存。对此我们从临床诊治和生产生活防范方面都要 ​​​,149.0,0.0,0.007874015748031496,0.0,74.5
Iv2v8j2Ni,mainstream,risk,【王辰院士：#新冠病毒可能转成慢性# 像流感一样存在】新冠病毒是否会长期存在？呼吸与危重症医学专家、中国工程院副院长王辰院士表示：有这种可能性。这个病有可能转成慢性的、像流感一样在人间存在的病，这种可能性是完全存在，对此我们要做好准备。（央视《新闻一加一》）http://t.cn/A6hOp97K ​​​,153.0,0.006535947712418301,0.008695652173913044,0.017391304347826087,51.0
NEvX7rtJj,mainstream,risk,#香港18.4%感染者曾出现长新冠症状#【香港政府统计：约18.4%的感染者曾出现长新冠症状】#嗓子疼#一项最新统计显示，香港第五波新冠疫情后期（2022年12月-2023年4月期间），有5成左右香港居民感染过新冠。其中，近2成左右新冠感染者出现超过2个月的长新冠症状，这些有持续性症状的新冠感染者中有1/3认为 ​​​,160.0,0.0,0.0,0.08661417322834646,160.0
Lqlcu5WWm,mainstream,risk,【德国最新临床#研究称辉瑞mRNA疫苗或引发自身免疫性肝炎#】#辉瑞mRNA疫苗可能引发自身免疫性肝炎#来自德国的最新临床研究发现，辉瑞/BioNTech联合开发的新冠mRNA疫苗（BNT162b2）可能引发一种罕见的以T细胞为介导的自身免疫性肝炎。自身免疫肝炎是由自身免疫反应介导的慢性进行性肝脏炎症性疾病，其临 ​​​,161.0,0.0,0.0,0.01639344262295082,161.0
IC555bl8X,mainstream,risk,【王辰院士：别以为已经胜利了，大家只是对新冠缺乏想象力】4月3日，中国工程院院士、中国医学科学院院长王辰表示：尤其是现在的情况下，不是歇口气的时候。现在恰恰在疫情的变化期，谁能知道这是长期的阶段性回来的像流感，还是人个体上能够慢性感染像乙肝，还是倏然而去像SARS，还是第四种、第五种可 ​​​,147.0,0.0,0.0,0.015873015873015872,147.0
N5pzE7Lvc,mainstream,risk,"【#二阳发展为长新冠的可能性更大# 医生提醒】2023年5月，美国国立卫生研究院发表研究报告称，约10%的人在奥密克戎毒株后出现12种“长新冠”病症。其中最突出的为脑雾、头晕、心悸、脱发、嗅觉味觉丧失、胸痛、劳累后疲惫等。再次感染新冠（二阳）的患者发展为“长新冠”的可能性更大。
上海市肺科医院 ​​​",151.0,0.0,0.0,0.03389830508474576,50.333333333333336
MoePvkiAk,mainstream,risk,"【#脑雾到底是种什么感觉# 】之所以将其称为“脑雾”，是因为这个词语能形象表达这些症状给人的感觉。就像脑子笼罩着一层朦胧的迷雾，让大脑难以形成清晰的思维和记忆，总是想不起事来，无法像以往一样顺利思考。以下表现，都可能是脑雾的具体症状：

●注意力难以集中
●记忆衰退
●思考分析能力下降
 ​​​",148.0,0.0,0.0,0.0,74.0
MnuQs06zj,mainstream,risk,#阳康后出现脑雾怎么办#【阳康后出现脑雾，世卫推荐9件事减轻症状】2022年11月，世界卫生组织对此前发布的《新冠肺炎个人康复指南》进行了更新，其中提到：在新冠患者康复过程中，可能会出现思维能力的各种困难，包括记忆力、注意力、信息处理、计划和组织方面的问题。这种情况也被称为“脑雾”。针对 ​​​,148.0,0.0,0.0,0.024793388429752067,74.0
MkCuifRw2,mainstream,risk,【#胖人更易受长新冠困扰# 】新冠症状持续12周或更长时间被称为“新冠感染后综合征”，也称为“长新冠”。主要症状包括：疲劳、呼吸短促、心悸、脑雾（注意力或记忆力问题）等。这些症状会导致患者身体进一步虚弱，严重影响生活质量。美国《公共科学图书馆·全球公共卫生》杂志刊登一项新研究发现，肥胖 ​​​,147.0,0.0,0.0,0.00847457627118644,49.0
MmqGQnlY3,mainstream,risk,【#阳康后为什么会出现脑雾#】有患者表示，“阳康”后感到疲倦、注意力下降、反应变迟钝。为什么会出现“脑雾”？如何缓解“脑雾”？医生表示，尚未明确有因果关系。“只要好好调整，大部分#脑雾会在1个月到1年内缓解#。”合理摄入一些膳食补充剂，良好的睡眠、合理的饮食、科学的锻炼，可以改善记忆力 ​​​,147.0,0.013605442176870748,0.0,0.017391304347826087,29.4
MnxabE2A6,mainstream,risk,#9件事减轻阳康脑雾症状#【阳康后出现脑雾，世卫推荐9件事减轻症状】2022年11月，世界卫生组织对此前发布的《新冠肺炎个人康复指南》进行了更新，其中提到：在新冠患者康复过程中，可能会出现思维能力的各种困难，包括记忆力、注意力、信息处理、计划和组织方面的问题。这种情况也被称为“脑雾”。针对 ​​​,149.0,0.0,0.0,0.03278688524590164,74.5
Mmr5NwQCg,wemedia,risk,【#阳康后为什么会出现脑雾#】有患者表示，“阳康”后感到疲倦、注意力下降、反应变迟钝。为什么会出现“脑雾”？如何缓解“脑雾”？医生表示，尚未明确有因果关系。“只要好好调整，大部分#脑雾会在1个月到1年内缓解#。”合理摄入一些膳食补充剂，良好的睡眠、合理的饮食、科学的锻炼，可以改善记忆力 ​​​,147.0,0.013605442176870748,0.0,0.017391304347826087,29.4
KaQPZyw9o,mainstream,risk,"#三联新知# 新冠如何伤害大脑？

科学家正在积极研究新冠病毒如何影响大脑功能。在新冠重症患者中，最常见的神经症状是谵妄，即胡言乱语、记忆错乱，并通常随病情转好而消退。

新冠病毒可以进入脑部，导致病人出现脑炎、脊髓感染、癫痫、神经损伤等。而长期的脑部感染可能引发记忆丧失、脑雾或抑郁等 ​​​",147.0,0.006802721088435374,0.0,0.0,36.75
MmCRrER7J,mainstream,risk,【动画丨“脑雾”冲上热搜第一！阳康后“感觉自己变傻了”，如何缓解？[思考]】#专家称脑雾会在1月至1年内缓解#近日，有患者表示“阳康”后感到疲倦、注意力下降，甚至“感觉自己变傻了”，“脑雾”一词冲上热搜第一。那么，何为“脑雾”？如何缓解？症状会持续多久？听听专家怎么说↓↓↓（北京青年报 ​​​,147.0,0.034013605442176874,0.01834862385321101,0.01834862385321101,24.5
MkCABefDx,wemedia,risk,【#胖人更易受长新冠困扰# 】新冠症状持续12周或更长时间被称为“新冠感染后综合征”，也称为“长新冠”。主要症状包括：疲劳、呼吸短促、心悸、脑雾（注意力或记忆力问题）等。这些症状会导致患者身体进一步虚弱，严重影响生活质量。美国《公共科学图书馆·全球公共卫生》杂志刊登一项新研究发现，肥胖 ​​​,147.0,0.0,0.0,0.00847457627118644,49.0
MmLe3xoqf,wemedia,risk,【感觉变笨了？#阳康后脑雾症状2到4周会逐渐恢复#】近日，部分新冠感染者表示，康复后出现反应迟钝、注意力下降，有人甚至感觉自己变傻了，“脑雾”话题也登上热搜。#如何缓解阳康后出现的脑雾症状#？南京脑科医院神经内科医生林兴建表示，早在新冠出现之前，“脑雾”已被用来描述慢性疲劳综合症等状况 ​​​,147.0,0.013605442176870748,0.008130081300813009,0.016260162601626018,49.0
MmsCz803F,wemedia,risk,【#阳康后为什么会出现脑雾#】有患者表示，“阳康”后感到疲倦、注意力下降、反应变迟钝。为什么会出现“脑雾”？如何缓解“脑雾”？医生表示，尚未明确有因果关系。“只要好好调整，大部分#脑雾会在1个月到1年内缓解#。”合理摄入一些膳食补充剂，良好的睡眠、合理的饮食、科学的锻炼，可以改善记忆力 ​​​,147.0,0.013605442176870748,0.0,0.017391304347826087,29.4
Mmuts0oXf,mainstream,risk,#阳康后反应迟钝是脑雾吗#【“阳康”后会出现“脑雾”吗？专家：可能是炎症造成的不适或心理原因】“‘阳康’后为什么会感觉疲倦、注意力下降？”“我还出现了反应迟钝，是不是‘脑雾’？”近日，不少“阳康”后的市民反映，怀疑自己出现了“脑雾”症状。1月2日，现代快报记者采访了相关专家，专家表示 ​​​,146.0,0.02054794520547945,0.018018018018018018,0.018018018018018018,36.5
MpBAhzB32,mainstream,risk,【什么是脑雾？如何恢复嗅觉味觉？】继续来看防疫专家谈。有部分新冠感染者表示，自己阳康后出现反应迟钝、注意力下降，甚至感觉自己变傻了，认为自己出现了脑雾症状，那什么是脑雾？该如何缓解？一起来听听安徽医科大学第一附属医院神经内科高新病区副主任 主任医师 谢成娟的建议。  ​​​,137.0,0.029197080291970802,0.02564102564102564,0.0,22.833333333333332
MnwEVgLkq,wemedia,risk,#奋进新征程 创造新伟业##学习宣传贯彻党的二十大精神# 【世卫：#9件事减轻阳康脑雾症状#】2022年11月，世卫对此前发布的《新冠肺炎个人康复指南》进行了更新。其中提到：在康复过程中，可能会出现思维能力的各种困难。这种情况也被称为“脑雾”。针对脑雾问题，世卫最新发布的《新冠康复指导手册》提 ​​​,151.0,0.0,0.0,0.025210084033613446,50.333333333333336
MnvchAy2L,wemedia,risk,"【“阳康”后超30%有这一并发症！45至60天才到高峰！】
继咳嗽、失眠、脑雾等

“阳过”的苦恼后

脱发也占据了一席之地

#医生称超30%阳康可能面临脱发风险#

也迅速登上微博热搜 ​​​",98.0,0.02040816326530612,0.0,0.05970149253731343,49.0
MmHRO7Btw,wemedia,risk,"【“阳康”复工后有人出现这种症状…专家提醒→】
“阳后的恢复期

我觉得自己的注意力降低了

是不是出现了脑雾？

会持续多久？”

近日，有患者表示

自己“阳康”后

感到疲倦、注意力下降 ​​​",100.0,0.02,0.043478260869565216,0.0,50.0
MmUMesTxB,mainstream,risk,【 感觉反应迟钝、变笨了？专家：“阳康”后10至15天脑部不适会逐渐消失 】有一部分新冠感染者在康复后表示，时常感到疲惫，出现反应迟钝、注意力下降等问题，好像脑袋里被蒙上了一层雾，“脑雾”相关话题也备受大家关注。那么，究竟什么是“脑雾”？这样的症状会持续多久呢？听听专家的提示。 ​​​,143.0,0.02097902097902098,0.0,0.017543859649122806,28.6
MmpodwWdb,mainstream,risk,【#阳康后为什么会出现脑雾#】有患者表示，“阳康”后感到疲倦、注意力下降、反应变迟钝。为什么会出现“脑雾”？如何缓解“脑雾”？医生表示，尚未明确有因果关系。“只要好好调整，大部分#脑雾会在1个月到1年内缓解#。”合理摄入一些膳食补充剂，良好的睡眠、合理的饮食、科学的锻炼，可以改善记忆力 ​​​,147.0,0.013605442176870748,0.0,0.017391304347826087,29.4
KpzycljC8,mainstream,risk,【研究：#长期新冠症状达二百多种#，涵盖人体10个器官系统】一些新冠肺炎患者可能会在感染消失后出现持续数周或数月的症状，这种症状有时被称为“后新冠综合征”或“长期新冠”。7月15日发表在《柳叶刀》子刊《EClinical Medicine》上的一项研究称，那些经历了“长期新冠”的患者，累计报告了200多种症 ​​​,158.0,0.0,0.0,0.03508771929824561,158.0
LDJCtwolr,mainstream,risk,【英媒：#实验发现新冠病毒或从鼻腔入大脑#】新冠病毒被认为与包括脑雾和意识模糊在内的一系列神经症状有关，但新冠病毒如何进入大脑一直是个谜。据英媒7月20日报道，一项实验显示：在一种倍数很高的电子显微镜下，研究人员发现，新冠病毒在进入鼻腔模拟细胞时会刺激后者长出被称为隧道纳米管的微小通 ​​​,146.0,0.0,0.0,0.015384615384615385,146.0
MmCv2cppg,mainstream,risk,【“脑雾”冲上热搜第一！阳康后变笨？专家解答】 http://t.cn/A6KkcFRI ​​​,48.0,0.041666666666666664,0.0,0.047619047619047616,24.0
NlaDvCHPR,mainstream,risk,"【CDC: 约1800万美国人报告曾有「新冠后遗症」】
根据美国疾控中心周二发布的最新统计数据，数百万美国人表示曾有过「新冠后遗症」，有些人表示目前仍在与之抗争。
根据2022年美国人口普查的估计，去年6.9%的成年人，相当于约1800万美国人，报告曾有过后遗症，而3.4%，约880万人表示他们目前有后遗症。 ​​​",159.0,0.0,0.0,0.05042016806722689,79.5
MjDSriQs6,mainstream,risk,"【CDC: 美国超过3500人死于新冠后遗症】
根据一项最新的政府研究，超过3500名美国民众死于新冠后遗症。疾控中心对从2020年1月至2022年6月期间的死亡证明，进行分析后发现，新冠后遗症导致3544人死亡，成为直接或间接死因，这也就意味着在此期间与新冠相关的超过100万例死亡病例中，新冠后遗症的比例不 ​​​",159.0,0.0,0.0,0.06451612903225806,159.0
Kr4xU8cGY,mainstream,risk,"【感染新冠或让智力“雪上加霜”】
英国和美国的科学家们在最新一期《柳叶刀》杂志刊文指出，新冠患者康复后，很有可能出现 #认知缺陷# ，在智力测试中得分更低的可能性更大，其中住院并使用过呼吸机的 #新冠病毒# 感染者，智力水平的下降程度最大。去年1月至12月间，研究人员对超过8万人进行了智力测 ​​​",150.0,0.0,0.0,0.024390243902439025,150.0
K16GzuBiR,mainstream,risk,"【10%的新冠患者面临心肺和神经系统并发症的长期影响】
在与新冠肺炎病毒搏斗数个月后，估计有百分之十的人面临心肺、神经系统等长期并发症影响。河滨县加大、公共卫生科学家卡皮亚诺表示，新冠肺炎一方面死亡率很高，另一隐忧是即便康复了，神经痛和脑雾情况也会持续数月，这对患者日常生活产生极大影 ​​​",146.0,0.0,0.0,0.007751937984496124,146.0
LxNZ0nBMR,mainstream,risk,【“无敌星星”根本无稽之谈！ 岛内护理师一年三度确诊】“无敌星星”若真的有用，那台湾或许已跨越群体免疫门槛，但会不会只是稍纵即逝的流星呢？一名在专责病房工作的护理师驳斥，“无敌星星”根本无稽之谈，她1年多来染疫3次，每次症状都更严重，且第2、第3次仅间隔1个月，甚至有脑雾状况；护理师的 ​​​,147.0,0.013605442176870748,0.0,0.04065040650406504,49.0
LxwQLqkdp,mainstream,risk,【“无敌星星”根本无稽之谈！ 岛内护理师一年三度确诊】“无敌星星”若真的有用，那台湾或许已跨越群体免疫门槛，但会不会只是稍纵即逝的流星呢？一名在专责病房工作的护理师驳斥，“无敌星星”根本无稽之谈，她1年多来染疫3次，每次症状都更严重，且第2、第3次仅间隔1个月，甚至有脑雾状况；护理师的 ​​​,147.0,0.013605442176870748,0.0,0.04065040650406504,49.0
K3FM7b8VO,mainstream,risk,"#世卫专家提醒重视新冠后遗症##新冠后遗症像各种症状不同组合#【世卫专家提醒重视新冠造成的长期影响[话筒]】世界卫生组织欧洲区域办事处主任克卢格25日说，近来欧洲地区新冠感染率总体呈下降趋势，但世卫组织关注到“新冠后遗症”对健康等方面造成的长期影响，将其视为“后疫情”时期的首要任务。

　 ​​​",149.0,0.0,0.0,0.008,149.0
MmptFj1CU,mainstream,risk,【感到疲倦、注意力下降、反应变迟钝...#阳康后出现脑雾症状怎么办#？】#专家称大部分脑雾会在1年内缓解#​​“‘阳’后的恢复期，我觉得自己的注意力降低了，是不是出现了‘脑雾’？会持续多久？”有患者表示，自己“阳康”后感到疲倦、注意力下降。医生表示，事实上，“脑雾”并不是一个医学术语或科 ​​​,148.0,0.02027027027027027,0.02702702702702703,0.009009009009009009,37.0
K3Gwzo2iJ,mainstream,risk,【世卫#专家提醒重视新冠造成的长期影响#】世界卫生组织欧洲区域办事处主任克卢格25日说，近来欧洲地区新冠感染率总体呈下降趋势，但世卫组织关注到“新冠后遗症”对健康等方面造成的长期影响，将其视为“后疫情”时期的首要任务。克卢格当天在哥本哈根召开的线上新闻发布会上说，十分之一的欧洲新冠患 ​​​,146.0,0.0,0.0,0.0078125,146.0
Mnxv5swNN,mainstream,risk,【世卫：#9件事减轻阳康脑雾症状#】2022年11月，世卫对此前发布的《新冠肺炎个人康复指南》进行了更新。其中提到：在康复过程中，可能会出现思维能力的各种困难。这种情况也被称为“脑雾”。针对脑雾问题，世卫最新发布的《新冠康复指导手册》提出了9点做法↓↓@生命时报 http://t.cn/A69zyrH8 ​​​,156.0,0.0,0.0,0.05454545454545454,52.0
Ms1V477wV,wemedia,risk,【感觉变笨了？脑雾在作怪？】#唐嫣数人头忘记数自己#：脑雾！脑雾！其实很多人身上都会有这种情况发生，反应迟钝、注意力下降，好像脑子里被蒙上了一层雾。南京脑科医院神经内科医生林兴建表示，“脑雾”被用来描述慢性疲劳综合症等状况时出现的注意力下降和执行力障碍，绝大部分人通过充足的睡眠和合 ​​​,145.0,0.027586206896551724,0.008064516129032258,0.0,29.0
MmTaEtloB,wemedia,risk,【感觉变笨了？#阳康后脑雾症状2到4周会逐渐恢复#】近日，部分新冠感染者表示，康复后出现反应迟钝、注意力下降，有人甚至感觉自己变傻了，“脑雾”话题也登上热搜。#如何缓解阳康后出现的脑雾症状#？南京脑科医院神经内科医生林兴建表示，早在新冠出现之前，“脑雾”已被用来描述慢性疲劳综合症等状况 ​​​,147.0,0.013605442176870748,0.008130081300813009,0.016260162601626018,49.0
Mmrlgc1Eq,mainstream,risk,【#阳康后为什么会出现脑雾#】有患者表示，“阳康”后感到疲倦、注意力下降、反应变迟钝。为什么会出现“脑雾”？如何缓解“脑雾”？医生表示，尚未明确有因果关系。“只要好好调整，大部分#脑雾会在1个月到1年内缓解#。”合理摄入一些膳食补充剂，良好的睡眠、合理的饮食、科学的锻炼，可以改善记忆力 ​​​,147.0,0.013605442176870748,0.0,0.017391304347826087,29.4
MmtYWvhQi,mainstream,risk,"【“阳康”后真的会“脑雾”吗？吃什么有助恢复体力？】明天就要上班了，新的一年祝环保人身体健康。这里有一个健康指南请查收。

 http://t.cn/A6KDcM2I ​​​",87.0,0.022988505747126436,0.0,0.03773584905660377,21.75
Mmp8zoMk9,mainstream,risk,【别急于一时！#小伙阳康12天后打篮球被送医#】日前，在浙江杭州，一名小伙“阳康”12天后和朋友一起打篮球，运动中突感不适，心脏刺痛喘不上气，赶紧叫来救护车送医治疗。专家提醒：新冠康复之后，很多人的身体状态回到以前还需要一段时间，建议先不要开展剧烈运动。#专家回应阳康后出现脑雾症状# ​​​,146.0,0.00684931506849315,0.0,0.01652892561983471,48.666666666666664
MmICm6k5E,wemedia,risk,【感觉变笨了？#阳康后脑雾症状2到4周会逐渐恢复#】近日，部分新冠感染者表示，康复后出现反应迟钝、注意力下降，有人甚至感觉自己变傻了，好像脑子里被蒙上了一层雾，“脑雾”话题也登上热搜。#如何缓解阳康后出现的脑雾症状#？南京脑科医院神经内科医生林兴建表示，早在新冠出现之前，“脑雾”已被用 ​​​,147.0,0.013605442176870748,0.00819672131147541,0.01639344262295082,49.0
Mp9j9brTd,mainstream,risk,#FM955大医生说# 【应对“脑雾”需安心】新冠病毒感染康复者广泛反映的脑雾症状，也引起医学界专业人士的关注。《柳叶刀》刊登一项在全球56个国家对3000名新冠病毒感染者的调查显示，在感染7个月内，有55%的感染者会有认知功能下降。因此，有“脑雾”感受的人并不“孤独”。出现了“脑雾”症状怎么办？ ​​​,153.0,0.006535947712418301,0.0,0.04310344827586207,38.25
MnO3e1wfM,mainstream,risk,【#FM955大医生来了#失眠又健忘，“阳”后会“变傻”？】近日，不少人在社交平台上分享“阳康”后出现的新症状。随着网友热议，“脑雾”相关话题也登上热搜。事实上，除新冠病毒外，很多病毒性疾病如流感、手足口病等，都可能累及神经系统。“脑雾”到底是种什么病？如何拨散脑中浓雾？新冠病毒会侵袭 ​​​,147.0,0.02040816326530612,0.0,0.008928571428571428,24.5
MmyjGbDug,wemedia,risk,#阳康后为什么会出现脑雾#,13.0,0.0,0.0,0.0,13.0
Mmyha9qeR,wemedia,risk,#专家回应阳康后出现脑雾症状#,15.0,0.0,0.0,0.0,15.0
MmCgX2QAl,mainstream,risk,【#话说# XBB来袭，真会又拉肚子又“脑雾”？这些事你要知道】一波未平，一波又起……国内的这一波感染高峰尚未完全过去，在美国流行的“优势”毒株XBB.1.5已经成为人们关注的焦点。根据，最新消息，上海已经监测到XBB.1.5传入。#上海已测到xbb毒株##上海目前未发现毒株xbb本土传播# ​​​,150.0,0.006666666666666667,0.0,0.01834862385321101,50.0
LfM8kkVjZ,mainstream,risk,"【美媒：#2000万美国人正在长期新冠症状中苦苦挣扎#】据美国西雅图新闻网站“komonews”16日消息，随着时间推移，有人或许越来越乐观地认为美国已彻底摆脱了新冠疫情带来的伤痛，然而事实是，目前约有2000万美国人正在同长期性的新冠症状作斗争。

凯蒂·沙伯是一名来自美国西雅图的女子，从表面看，大 ​​​",155.0,0.0,0.0,0.025,155.0
JhwNJ6vn9,mainstream,risk,【专家提醒：#新冠无症状感染者可能有后遗症#】阿根廷布宜诺斯艾利斯经济新闻网：厄瓜多尔流行病学家卡塔利娜·耶佩斯认为，新冠病毒可能会留下后遗症，甚至连无症状患者也不例外。因为有研究表明，已感染但未出现症状的人可能会患上心脑血管疾病。耶佩斯指出，另一个后果是所谓的“新冠雾”：患者会出 ​​​,145.0,0.0,0.0,0.0,72.5
LeXLGh56I,mainstream,risk,"#新冠病毒长期影响心血管健康# 新冠病毒会在人们病情严重时损害心脏和血管，导致患者出现血栓、心脏炎症、心律失常和心力衰竭。

现在，第一项评估新冠病毒感染1年后心血管状况的大型研究表明，这种病毒的影响往往是持久的。研究人员对美国1100多万名退伍军人的健康记录进行分析后发现，与那些没有患新 ​​​",149.0,0.0,0.0,0.015503875968992248,74.5
MnjDN5y3k,mainstream,risk,【#新冠是否真的伤脑子#】#脑雾到底是一种什么病症# 脑子像是被布蒙上了、记不住东西、注意力不集中……近来，部分患者在感染新冠病毒后反映，自己好像得了“脑雾”，脑子仿佛被病毒攻击。新冠是否真的伤脑子？“脑雾”到底是一种什么病症？（中国新闻网） http://t.cn/A69hOuyc ​​​,146.0,0.0136986301369863,0.00980392156862745,0.00980392156862745,48.666666666666664
MmC2wArcJ,mainstream,risk,"【#阳康后出现脑雾2到4周会恢复#】有网友表示阳康后，注意力下降，甚至“感觉自己变傻了”，“脑雾”话题一度冲上热搜。南京脑科医院神经内科医生表示，""脑雾""一词并非专业的医学术语，而是一种症状描述。目前，尚无研究能够明确新冠和“脑雾”之间的因果性。但感染新冠带来身心疲乏虚弱，可能会让我们 ​​​",147.0,0.0,0.01652892561983471,0.01652892561983471,49.0
LoTdCrfRs,mainstream,risk,#香港战疫# 【香港有病人新冠康复后出现记性差「脑雾」】医管局总行政经理李立业今日表示，有病人感染新冠病毒康复后，出现记性差「脑雾」、肌肉疼痛及气促等长期后遗症。他指，今波疫情多长者确诊，局方会提供专科覆诊及物理治疗等，如持续有症状，例如X光及血液有不正常情况，会转介到传染病专科。局 ​​​,146.0,0.0,0.0,0.0,73.0
Ll3ZMiNCB,mainstream,risk,"【研究：香港四成新冠患者康复一年体能仍未恢复】#香港# 理工大学23日公布一项研究发现，逾4成新冠患者在康复后一年，体能仍未恢复，出现「疲劳综合症」。

研究团队于2020年10月至今年1月，追踪香港的118名新冠患者，以体能评估研究心肺活量、下肢力量及运动耐力等。结果发现，约42%患者确诊半年内， ​​​",154.0,0.0,0.0,0.05785123966942149,77.0
MkD6m2Qek,mainstream,risk,【#女性和肥胖人群更易受长新冠困扰#】新冠症状持续12周或更长时间被称为“新冠感染后综合征”，也称为“长新冠”。主要症状包括：疲劳、呼吸短促、心悸、脑雾（注意力或记忆力问题）等。这些症状会导致患者身体进一步虚弱，严重影响生活质量。美国《公共科学图书馆·全球公共卫生》杂志刊登一项新研究 ​​​,146.0,0.0,0.0,0.008403361344537815,48.666666666666664
LowWtpwcP,mainstream,risk,"【研究表明：#最温和新冠症状也有损大脑#】
据美国《科学时报》12日报道，数十项研究表明，即使是得了最轻微的新冠肺炎，大脑也会受到损害。新冠肺炎的幸存者在灰质厚度和大脑中与气味相关的区域的组织损伤方面下降得更多。他们的整个大脑尺寸都缩小了，认知功能也下降了。与没有感染的受试者相比，影 ​​​",146.0,0.0,0.0,0.008,48.666666666666664
LDNuDn8vy,mainstream,risk,【英媒：#实验发现新冠病毒或从鼻腔入大脑#】新冠病毒被认为与包括脑雾和意识模糊在内的一系列神经症状有关，但新冠病毒如何进入大脑一直是个谜。据英媒7月20日报道，一项实验显示：在一种倍数很高的电子显微镜下，研究人员发现，新冠病毒在进入鼻腔模拟细胞时会刺激后者长出被称为隧道纳米管的微小通 ​​​,146.0,0.0,0.0,0.015384615384615385,146.0
MmrndgDCV,mainstream,risk,"【“脑雾""冲上热搜第一，有人称阳康后变笨？专家回应：脑雾只是感觉描述】#阳康后为什么会出现脑雾#有患者表示，“阳康”后感到疲倦、注意力下降、反应变迟钝。为什么会出现“脑雾”？如何缓解“脑雾”？医生表示，尚未明确有因果关系。“只要好好调整，大部分#脑雾会在1个月到1年内缓解#。”合理摄入 ​​​",147.0,0.02040816326530612,0.0,0.017543859649122806,24.5
Mnxus8qLl,mainstream,risk,【世卫：#9件事减轻阳康脑雾症状#】2022年11月，世卫对此前发布的《新冠肺炎个人康复指南》进行了更新。其中提到：在康复过程中，可能会出现思维能力的各种困难。这种情况也被称为“脑雾”。针对脑雾问题，世卫最新发布的《新冠康复指导手册》提出了9点做法↓↓#奥密克戎毒株致病性明显下降# via. ​​​,150.0,0.0,0.0,0.034482758620689655,50.0
Mmu789EI0,mainstream,risk,#阳康后反应迟钝是脑雾吗#【“阳康”后会出现“脑雾”吗？专家：可能是炎症造成的不适或心理原因】“‘阳康’后为什么会感觉疲倦、注意力下降？”“我还出现了反应迟钝，是不是‘脑雾’？”近日，不少“阳康”后的市民反映，怀疑自己出现了“脑雾”症状。1月2日，现代快报记者采访了相关专家，专家表示 ​​​,146.0,0.02054794520547945,0.018018018018018018,0.018018018018018018,36.5
Mmze0yv0U,mainstream,risk,"“脑雾”冲上热搜第一！阳康后“感觉自己变傻了”？如何缓解？专家回应→
http://t.cn/A6KDEOCR ​​​",59.0,0.05084745762711865,0.03333333333333333,0.03333333333333333,19.666666666666668
MnO2W2eha,mainstream,risk,【#此刻直播#：大医生来了｜失眠又健忘，“阳”后会“变傻”？】近日，不少人在社交平台上分享“阳康”后出现的新症状。随着网友热议，“脑雾”相关话题也登上热搜。事实上，除新冠病毒外，很多病毒性疾病如流感、手足口病等，都可能累及神经系统。“脑雾”到底是种什么病？如何拨散脑中浓雾？新冠病毒 ​​​,145.0,0.020689655172413793,0.0,0.0,24.166666666666668
Ms1O2eUhX,wemedia,risk,【感觉变笨了？脑雾在作怪？】#唐嫣数人头忘记数自己#：脑雾！脑雾！其实很多人身上都会有这种情况发生，反应迟钝、注意力下降，好像脑子里被蒙上了一层雾。南京脑科医院神经内科医生林兴建表示，“脑雾”被用来描述慢性疲劳综合症等状况时出现的注意力下降和执行力障碍，绝大部分人通过充足的睡眠和合 ​​​,145.0,0.027586206896551724,0.008064516129032258,0.0,29.0
MnxAT4rTp,mainstream,risk,【世卫：#9件事减轻阳康脑雾症状#】2022年11月，世卫对此前发布的《新冠肺炎个人康复指南》进行了更新。其中提到：在康复过程中，可能会出现思维能力的各种困难。这种情况也被称为“脑雾”。针对脑雾问题，世卫最新发布的《新冠康复指导手册》提出了9点做法↓↓（生命时报） http://t.cn/A69zyrH8 ​ ​​​,159.0,0.0,0.0,0.05454545454545454,53.0
MnZDa5SyG,mainstream,risk,"【新冠后变“傻”了，这是脑雾吗？】

来源：冰城新闻 http://t.cn/A69294Zk ​​​",51.0,0.0196078431372549,0.0,0.047619047619047616,51.0
MkJ2VCBLR,mainstream,risk,【#嗅觉丧失与持续受到免疫攻击有关#】美国杜克大学医学中心的一组科学家表示，一些人在感染了新冠后未能恢复嗅觉的原因与嗅觉神经细胞持续受到免疫攻击以及相关细胞数量减少有关。这一发现21日在线发表在《科学·转化医学》杂志上，它为人们提供了一个重要视角，以解答这个困扰数百万新冠感染者的棘手 ​​​,146.0,0.0,0.0,0.007692307692307693,146.0
MmCq6pAtd,wemedia,risk,【#阳康后为什么会出现脑雾#】有患者表示，“阳康”后感到疲倦、注意力下降、反应变迟钝。为什么会出现“脑雾”？如何缓解“脑雾”？医生表示，尚未明确有因果关系。“只要好好调整，大部分#脑雾会在1个月到1年内缓解#。”合理摄入一些膳食补充剂，良好的睡眠、合理的饮食、科学的锻炼，可以改善记忆力 ​​​,147.0,0.013605442176870748,0.0,0.017391304347826087,29.4
MmIrcFfuc,mainstream,risk,【感觉变笨了？#阳康后脑雾症状2到4周会逐渐恢复#】近日，部分新冠感染者表示，康复后出现反应迟钝、注意力下降，有人甚至感觉自己变傻了，好像脑子里被蒙上了一层雾，“脑雾”话题也登上热搜。#如何缓解阳康后出现的脑雾症状#？南京脑科医院神经内科医生林兴建表示，早在新冠出现之前， ​​​,140.0,0.014285714285714285,0.008547008547008548,0.017094017094017096,46.666666666666664
MmBDH5PJu,mainstream,risk,#专家回应阳康后怀疑出现脑雾#【阳康后变笨，出现“脑雾”？XBB毒株会攻击脑部？专家回应】近期，不少新冠感染康复的人表示，学习工作效率变低，怀疑自己出现了“脑雾”症状。对此，神经内科专家表示，目前尚无研究能够明确新冠和“脑雾”之间的因果性。http://t.cn/A6KkyXxQ ​​​,144.0,0.013888888888888888,0.00980392156862745,0.00980392156862745,36.0
CgjjQmzxD,mainstream,risk,【冷知识：“脑雾”，你有过么？】脑雾是大脑难以形成清晰思维和记忆的现象。（新华网） ​​​,45.0,0.022222222222222223,0.0,0.0,22.5
MmoTCtpZc,mainstream,risk,【#阳康后为什么会出现脑雾#】有患者表示，“阳康”后感到疲倦、注意力下降、反应变迟钝。为什么会出现“脑雾”？如何缓解“脑雾”？医生表示，尚未明确有因果关系。“只要好好调整，大部分#脑雾会在1个月到1年内缓解#。”合理摄入一些膳食补充剂，良好的睡眠、合理的饮食、科学的锻炼，可以改善记忆力 ​​​,147.0,0.013605442176870748,0.0,0.017391304347826087,29.4
Mt1KEFvvr,mainstream,risk,#阳了后容易忘事正常吗#【感染新冠病毒后容易忘事，这正常吗？】感染新冠病毒后容易忘事，这正常吗？围绕这一话题，记者专访北京佑安医院感染综合科主任医师、小汤山方舱医院医疗专家李侗曾。#专家说对脑雾不用过度担心# http://t.cn/A6CZyw2m ​​​,129.0,0.015503875968992248,0.0,0.021052631578947368,43.0
CgBc1yaDW,mainstream,risk,#冷门知识#【“脑雾” 你有过么？】脑雾是大脑难以形成清晰思维和记忆的现象。打电话突然忘记电话号码、突然忘记某人的名字、记不起上次生日发生了什么、难以专注的长时间做一件事情，这些都是有“脑雾”的表现哦[doge]by潇湘晨报 ​​​,116.0,0.008620689655172414,0.0,0.0,58.0
Mt1p9Ddua,mainstream,risk,#阳了后容易忘事正常吗#【感染新冠病毒后容易忘事，这正常吗？】感染新冠病毒后容易忘事，这正常吗？围绕这一话题，新华社记者李姝莛专访北京佑安医院感染综合科主任医师、小汤山方舱医院医疗专家李侗曾。#专家说对脑雾不用过度担心# http://t.cn/A6CZyw2m ​​​ （新华网） ​​​,145.0,0.013793103448275862,0.0,0.019230769230769232,48.333333333333336
Mny6NnrEN,mainstream,risk,【世卫：#9件事减轻阳康脑雾症状#】2022年11月，世卫对此前发布的《新冠肺炎个人康复指南》进行了更新。其中提到：在康复过程中，可能会出现思维能力的各种困难。这种情况也被称为“脑雾”。针对脑雾问题，世卫最新发布的《新冠康复指导手册》提出了9点做法↓↓@生命时报 http://t.cn/A69zyrH8 ​​​,156.0,0.0,0.0,0.05454545454545454,52.0
MmKiSwjYa,wemedia,risk,【感觉变笨了？#阳康后脑雾症状2到4周会逐渐恢复#】近日，部分新冠感染者表示，康复后出现反应迟钝、注意力下降，有人甚至感觉自己变傻了，好像脑子里被蒙上了一层雾，“脑雾”话题也登上热搜。绝大部分人通过充足的睡眠和合理的饮食，一般2到4周会逐渐恢复。医生提醒，如果1个月左右还是觉得症状在加 ​​​,147.0,0.006802721088435374,0.007936507936507936,0.03968253968253968,49.0
MmIsG3fQD,wemedia,risk,【感觉变笨了？#阳康后脑雾症状2到4周会逐渐恢复#】近日，部分新冠感染者表示，康复后出现反应迟钝、注意力下降，有人甚至感觉自己变傻了，好像脑子里被蒙上了一层雾，“脑雾”话题也登上热搜。#如何缓解阳康后出现的脑雾症状#？南京脑科医院神经内科医生林兴建表示，早在新冠出现之前，“脑雾”已被用 ​​​,147.0,0.013605442176870748,0.00819672131147541,0.01639344262295082,49.0
FpQEC01cX,wemedia,risk,#秋冬晨练防“毒雾”#秋冬多雾是许多地区天气的一大特点，有些人喜欢大雾天的感觉，以为对健康有利。其实不然。常言道，“秋冬毒雾杀人刀”，眼下这个时节的雾对人体健康有一定危害。多雾的气候条件下，咽喉炎、支气管炎、结膜炎等炎症易发，雾中的一些病原体还会导致头痛，甚至会诱发高血压、脑出血等 ​​​,145.0,0.0,0.0,0.0,48.333333333333336
MmISqfQQA,mainstream,risk,"【阳康后出现“脑雾”？专家表示""尚未明确有因果关系""】近日，有患者表示“阳康”后，感到疲倦、注意力下降和甚至“感觉自己变傻了”。之后，“脑雾”话题一度冲上热搜第一，引发网友讨论。“脑雾”这个词怎么来的？有这些症状应该怎么办？对此，医生介绍，事实上，“脑雾”并不是一个医学术语或科学术 ​​​",145.0,0.020689655172413793,0.008928571428571428,0.0,29.0
Mu3qkpCEs,mainstream,risk,【记忆力减退、注意力不集中？#南京一医院开设脑雾门诊#】为了帮助部分新冠阳康人员等科学应对“脑雾”问题，东南大学附属中大医院2月21日起开设“脑雾”门诊。据中大医院心身医学科主任袁勇贵介绍，如果近期出现记忆力减退、注意力不能集中、思维迟缓、反应迟钝、工作效率下降、讲话时忘记常用词语， ​​​ http://mapi/005vnhZYgy1hbb83dn03fj60sg0fzmzd02,193.0,0.0051813471502590676,0.0,0.072,96.5
MmCcKqkAA,mainstream,risk,【阳了，莫慌丨阳康返岗后，我“变傻了吗”】今天是2023年第一个工作日，不少新冠病毒感染者康复返岗。有网友感到疲倦、注意力下降，甚至情绪波动，是不是出现了“脑雾”？如何判断和应对新冠后遗症？今晚，澎湃新闻连线上海精神卫生中心门急诊副主任医师倪晓东在线解答。  http://t.cn/A6KkqKyp ​​​,154.0,0.012987012987012988,0.008928571428571428,0.017857142857142856,38.5
MmBpPrcH7,mainstream,risk,#专家回应阳康后怀疑出现脑雾#【阳康后变笨，出现“脑雾”？XBB毒株会攻击脑部？专家回应】近期，不少新冠感染康复的人表示，学习工作效率变低，怀疑自己出现了“脑雾”症状。对此，神经内科专家表示，目前尚无研究能够明确新冠和“脑雾”之间的因果性。http://t.cn/A6KkLoKX http://t.cn/A6KkyXxQ ​​​,165.0,0.012121212121212121,0.009433962264150943,0.018867924528301886,41.25
Kpzwv4bYX,mainstream,risk,【研究：#长期新冠症状达二百多种#，涵盖人体10个器官系统】一些新冠肺炎患者可能会在感染消失后出现持续数周或数月的症状，这种症状有时被称为“后新冠综合征”或“长期新冠”。7月15日发表在《柳叶刀》子刊《EClinical Medicine》上的一项研究称，那些经历了“长期新冠”的患者，累计报告了200多种症 ​​​ http://mapi/005vnhZYly1gsn3kgeuukj60sg0izn0702,205.0,0.0,0.0,0.08547008547008547,205.0
K3FIXy29g,mainstream,risk,【世卫#专家提醒重视新冠造成的长期影响#】世界卫生组织欧洲区域办事处主任克卢格25日说，近来欧洲地区新冠感染率总体呈下降趋势，但世卫组织关注到“新冠后遗症”对健康等方面造成的长期影响，将其视为“后疫情”时期的首要任务。克卢格当天在哥本哈根召开的线上新闻发布会上说，十分之一的欧洲新冠患 ​​​,146.0,0.0,0.0,0.0078125,146.0
MmHN151MV,mainstream,risk,【动画丨“脑雾”冲上热搜第一！阳康后“感觉自己变傻了”，如何缓解？[思考]】#专家称脑雾会在1月至1年内缓解#近日，有患者表示“阳康”后感到疲倦、注意力下降，甚至“感觉自己变傻了”，“脑雾”一词冲上热搜第一。那么，何为“脑雾”？如何缓解？症状会持续多久？听听专家怎么说↓↓↓（北京青年报 ​​​,147.0,0.034013605442176874,0.01834862385321101,0.01834862385321101,24.5
K3FatonBY,mainstream,risk,【#世卫专家提醒重视新冠造成的长期影响#】世界卫生组织欧洲区域办事处主任克卢格25日说，近来欧洲地区新冠感染率总体呈下降趋势，但世卫组织关注到“新冠后遗症”对健康等方面造成的长期影响，将其视为“后疫情”时期的首要任务。克卢格当天在哥本哈根召开的线上新闻发布会上说，十分之一的欧洲新冠患 ​​​,146.0,0.0,0.0,0.0078125,146.0
MmzmeAK10,wemedia,risk,【别急于一时！#小伙阳康12天后打篮球被送医#】日前，在浙江杭州，一名小伙“阳康”12天后和朋友一起打篮球，运动中突感不适，心脏刺痛喘不上气，赶紧叫来救护车送医治疗。专家提醒：新冠康复之后，很多人的身体状态回到以前还需要一段时间，建议先不要开展剧烈运动。#专家回应阳康后出现脑雾症状# ​​​,146.0,0.00684931506849315,0.0,0.01652892561983471,48.666666666666664
MsHcAfQ3n,mainstream,risk,#凤凰大健康#【预告｜中美日权威专家提出一份预防大脑衰老的A级解决方案】阳康后记忆力下降，是大脑受损的信号吗？中美日权威医学专家提出预防大脑衰老的A级解决方案，2023年，一种据称可以改变老年性痴呆的药物即将发布。本周日晚19:30，《凤凰大健康》力邀美国麻省总医院脑健康中心、宣武医院神内科 ​​​,150.0,0.006666666666666667,0.0,0.023809523809523808,75.0
LqyCQkBWx,mainstream,risk,【#诸多新冠康复病患确诊长新冠#，是否能够通过治疗完全康复？】越来越多的新冠确诊患者在康复之后，又确诊患上了“长新冠”，即新冠长期症状。另外，脑雾、呼吸急促、容易疲倦属于“长新冠”三大常见症状。这些症状通常可以随着时间慢慢减轻，但有些病症可能会持续1至2年。年纪大的长者、女性，以及患 ​​​,146.0,0.00684931506849315,0.0,0.01652892561983471,36.5
K3GL9y6an,mainstream,risk,【#世卫专家提醒重视新冠造成的长期影响#】世界卫生组织欧洲区域办事处主任克卢格25日说，近来欧洲地区新冠感染率总体呈下降趋势，但世卫组织关注到“新冠后遗症”对健康等方面造成的长期影响，将其视为“后疫情”时期的首要任务。克卢格当天在哥本哈根召开的线上新闻发布会上说，十分之一的欧洲新冠患 ​​​,146.0,0.0,0.0,0.0078125,146.0
MmItIpT1g,mainstream,risk,【感觉变笨了？#阳康后脑雾症状2到4周会逐渐恢复#】近日，部分新冠感染者表示，康复后出现反应迟钝、注意力下降，有人甚至感觉自己变傻了，好像脑子里被蒙上了一层雾，“脑雾”话题也登上热搜。#如何缓解阳康后出现的脑雾症状#？南京脑科医院神经内科医生林兴建表示，早在新冠出现之前，“脑雾”已被用 ​​​,147.0,0.013605442176870748,0.00819672131147541,0.01639344262295082,49.0
MtfTLxdfF,wemedia,risk,#阳了后容易忘事正常吗#【感染新冠病毒后容易忘事，这正常吗？】感染新冠病毒后容易忘事，这正常吗？围绕这一话题，记者专访北京佑安医院感染综合科主任医师、小汤山方舱医院医疗专家李侗曾。（新华社）#专家说对脑雾不用过度担心# http://t.cn/A6CZyw2m ​​​,134.0,0.014925373134328358,0.0,0.02040816326530612,44.666666666666664
Mo7PbsL6G,mainstream,risk,"“阳康”后开始掉头发了？医生这样建议……

继咳嗽、失眠、脑雾等“新冠后遗症”后，近期不少“阳康”的市民开始经历掉头发的苦恼。这究竟是不是新冠的后遗症？这种症状该如何治疗呢？记者采访了脱发门诊的专家。http://t.cn/A69LHm9y ​​​",124.0,0.024193548387096774,0.0,0.023255813953488372,24.8
MmsUqATYC,mainstream,risk,“‘阳’后的恢复期，我觉得自己的注意力降低了，是不是出现了‘脑雾’？会持续多久？”近日，有患者表示，自己“阳康”后感到疲倦、注意力下降。安徽中医药大学神经病学研究所附属医院神经内科主任医师王共强告诉记者，事实上，“脑雾”并不是一个医学术语或科学术语，而是对一类谈不上症状的感觉的描 ​​​,144.0,0.013888888888888888,0.025210084033613446,0.0,48.0
MmqqB2tcK,mainstream,risk,【#阳康后为什么会出现脑雾#】有患者表示，“阳康”后感到疲倦、注意力下降、反应变迟钝。为什么会出现“脑雾”？如何缓解“脑雾”？医生表示，尚未明确有因果关系。“只要好好调整，大部分#脑雾会在1个月到1年内缓解#。”合理摄入一些膳食补充剂，良好的睡眠、合理的饮食、科学的锻炼，可以改善记忆力 ​​​,147.0,0.013605442176870748,0.0,0.017391304347826087,29.4
LDK0Xu54O,mainstream,risk,【英媒：#实验发现新冠病毒或从鼻腔入大脑#】新冠病毒被认为与包括脑雾和意识模糊在内的一系列神经症状有关，但新冠病毒如何进入大脑一直是个谜。据英媒7月20日报道，一项实验显示：在一种倍数很高的电子显微镜下，研究人员发现，新冠病毒在进入鼻腔模拟细胞时会刺激后者长出被称为隧道纳米管的微小通 ​​​,146.0,0.0,0.0,0.015384615384615385,146.0
M9EonceZw,mainstream,risk,"【调查：近八成曾确诊儿童现“长新冠”，其中超五成有“脑雾”】香港社区组织协会与儿童权利关注会的调查显示，香港近八成曾确诊新冠病毒的基层儿童，怀疑出现长新冠症状，其中有50.8%儿童有“脑雾”，其次是极度疲劳、失眠等。

调查在今年8月至9月进行，有120名曾确诊的基层学童及家长参与，研究亦发 ​​​",150.0,0.0,0.0,0.03305785123966942,150.0
Ms1OjFR15,wemedia,risk,【感觉变笨了？脑雾在作怪？】#唐嫣数人头忘记数自己#：脑雾！脑雾！其实很多人身上都会有这种情况发生，反应迟钝、注意力下降，好像脑子里被蒙上了一层雾。南京脑科医院神经内科医生林兴建表示，“脑雾”被用来描述慢性疲劳综合症等状况时出现的注意力下降和执行力障碍，绝大部分人通过充足的睡眠和合 ​​​,145.0,0.027586206896551724,0.008064516129032258,0.0,29.0
Mmp7pAqpe,mainstream,risk,【别急于一时！#小伙阳康12天后打篮球被送医#】日前，在浙江杭州，一名小伙“阳康”12天后和朋友一起打篮球，运动中突感不适，心脏刺痛喘不上气，赶紧叫来救护车送医治疗。专家提醒：新冠康复之后，很多人的身体状态回到以前还需要一段时间，建议先不要开展剧烈运动。#专家回应阳康后出现脑雾症状#  ​​​,147.0,0.006802721088435374,0.0,0.01652892561983471,49.0
MmpDT4uPg,mainstream,risk,【别急于一时！#小伙阳康12天后打篮球被送医#】日前，在浙江杭州，一名小伙“阳康”12天后和朋友一起打篮球，运动中突感不适，心脏刺痛喘不上气，赶紧叫来救护车送医治疗。专家提醒：新冠康复之后，很多人的身体状态回到以前还需要一段时间，建议先不要开展剧烈运动。#专家回应阳康后出现脑雾症状#  ​​​,147.0,0.006802721088435374,0.0,0.01652892561983471,49.0
Ms5AI06TY,wemedia,risk,【感觉变笨了？脑雾在作怪？】脑雾！脑雾！其实很多人身上都会有这种情况发生，反应迟钝、注意力下降，好像脑子里被蒙上了一层雾。南京脑科医院神经内科医生林兴建表示，“脑雾”被用来描述慢性疲劳综合症等状况时出现的注意力下降和执行力障碍，绝大部分人通过充足的睡眠和合理的饮食会逐渐恢复。 ​​​,142.0,0.028169014084507043,0.0,0.0,23.666666666666668
LfK7Can7Z,mainstream,risk,"【美媒：#2000万美国人正在长期新冠症状中苦苦挣扎#】据美国西雅图新闻网站“komonews”16日消息，随着时间推移，有人或许越来越乐观地认为美国已彻底摆脱了新冠疫情带来的伤痛，然而事实是，目前约有2000万美国人正在同长期性的新冠症状作斗争。

凯蒂·沙伯是一名来自美国西雅图的女子，从表面看，大 ​​​",155.0,0.0,0.0,0.025,155.0
MkCxxsuFq,mainstream,risk,【#胖人更易受长新冠困扰# 】新冠症状持续12周或更长时间被称为“新冠感染后综合征”，也称为“长新冠”。主要症状包括：疲劳、呼吸短促、心悸、脑雾（注意力或记忆力问题）等。这些症状会导致患者身体进一步虚弱，严重影响生活质量。美国《公共科学图书馆·全球公共卫生》杂志刊登一项新研究发现，肥胖 ​​​,147.0,0.0,0.0,0.00847457627118644,49.0
Mmk42nNRj,mainstream,risk,"【#阳康人挤爆三亚酒店房间几乎售罄#】在2022年的最后一个月，三亚这座以冬季避寒胜地著称的旅游城市迎来了它的旺季。记者了解到，许多“阳康”已经坐上了前往三亚的飞机。#专家回应阳康后出现脑雾症状#

三亚的酒店民宿也开始忙活起来。“以前我们是怕没有单，现在是怕没有车、房和船！”负责三亚酒店 ​​​",149.0,0.006711409395973154,0.00819672131147541,0.00819672131147541,37.25
MmJ7hjQ1t,wemedia,risk,【感觉变笨了？#阳康后脑雾症状2到4周会逐渐恢复#】近日，部分新冠感染者表示，康复后出现反应迟钝、注意力下降，有人甚至感觉自己变傻了，好像脑子里被蒙上了一层雾，“脑雾”话题也登上热搜。#如何缓解阳康后出现的脑雾症状#？南京脑科医院神经内科医生林兴建表示，早在新冠出现之前，“脑雾”已被用 ​​​,147.0,0.013605442176870748,0.00819672131147541,0.01639344262295082,49.0
Mqyvr7k9O,mainstream,risk,【#健康防疫站#：“阳康”后超三成人会脱发？】继咳咳嗽、失眠、脑雾新冠后遗症后，脱发也在榜单上占据了一席之地。从临床数据来看，“阳康”中大约有31.3%的人出现休止性脱发。新冠感染后，为什么会出现脱发？脱发是新冠感染的后遗症吗？多长时间可以恢复呢？今天的《健康防疫站》就和大家一起来聊吧 ​​​,147.0,0.027210884353741496,0.0,0.00847457627118644,24.5
MnOQTDs6y,mainstream,risk,#生活全报道#【主播说防疫：阳康后出现“脑雾”，几件事减轻症状】近日，不少网友分享自己阳康后出现注意力下降、一头雾水的情况，随着热议，“脑雾”相关话题也登上热搜。如何缓解这种情况？戳视频↓了解一下 #新冠康复如何做到清淡饮食# http://t.cn/A69wmFl1 ​​​,138.0,0.007246376811594203,0.010309278350515464,0.020618556701030927,69.0
MmtH8ySN6,mainstream,risk,【阳康后“感觉自己变傻了”？如何缓解？专家回应“脑雾”】近日，有患者表示“阳康”后感到疲倦、注意力下降，甚至“感觉自己变傻了”“是不是出现了‘脑雾’？会持续多久？”安徽中医药大学神经病学研究所附属医院神经内科主任医师王共强告诉记者，事实上，“脑雾”并不是一个医学术语或科学术语，而 ​​​,144.0,0.027777777777777776,0.017543859649122806,0.0,36.0
Mnmo2kDRD,mainstream,risk,"“阳康”后超30%的人可能面临脱发风险？医生回应
继咳嗽、失眠、脑雾

等“阳过”的苦恼后

脱发也占据了一席之地

#医生称超30%阳康可能面临脱发风险#

也迅速登上微博热搜
1月6日，记者采访了杭州市第三人民医院脱发专科主任医师戴叶芹。

戴叶芹介绍，一个人一天掉发在100根以内，都属于正常范畴。 ​​​",156.0,0.00641025641025641,0.0,0.041666666666666664,52.0
MmHNr8wke,mainstream,risk,#阳康后脑雾症状2到4周会逐渐恢复##如何缓解阳康后出现的脑雾症状# 近日，部分新冠感染者表示，康复后出现反应迟钝、注意力下降，有人甚至感觉自己变傻了，好像脑子里被蒙上了一层雾，“脑雾”话题也登上热搜。荔枝小调查：你阳康后有什么后遗症吗？http://t.cn/A6Kkr6rp ​​​,143.0,0.006993006993006993,0.009345794392523364,0.037383177570093455,71.5
MmpKtw2Ak,mainstream,risk,【#阳康后为什么会出现脑雾#】有患者表示，“阳康”后感到疲倦、注意力下降、反应变迟钝。为什么会出现“脑雾”？如何缓解“脑雾”？医生表示，尚未明确有因果关系。“只要好好调整，大部分#脑雾会在1个月到1年内缓解#。”合理摄入一些膳食补充剂，良好的睡眠、合理的饮食、科学的锻炼，可以改善记忆力 ​​​,147.0,0.013605442176870748,0.0,0.017391304347826087,29.4
Ms1Jh26ES,wemedia,risk,【感觉变笨了？脑雾在作怪？】#唐嫣数人头忘记数自己#：脑雾！脑雾！其实很多人身上都会有这种情况发生，反应迟钝、注意力下降，好像脑子里被蒙上了一层雾。南京脑科医院神经内科医生林兴建表示，“脑雾”被用来描述慢性疲劳综合症等状况时出现的注意力下降和执行力障碍，绝大部分人通过充足的睡眠和合 ​​​,145.0,0.027586206896551724,0.008064516129032258,0.0,29.0
MmoSAnhjW,wemedia,risk,"【#专家回应阳康后出现脑雾症状#】“‘阳’后的恢复期，我觉得自己的注意力降低了，是不是出现了‘脑雾’？会持续多久？”有患者表示，自己“阳康”后感到疲倦、注意力下降。

“新冠感染康复后，我觉得自己反应有点迟钝。”1月1日，北京市朝阳区的孙女士告诉人民日报健康客户端记者：“工作的时候要刻 ​​​",147.0,0.013605442176870748,0.043478260869565216,0.017391304347826087,36.75
MpErt9ANm,mainstream,risk,#防疫专家谈#什么是“脑雾”？味觉嗅觉失灵 如何进行恢复训练？ http://t.cn/A69Wl4T8 ​​​,56.0,0.03571428571428571,0.0,0.10714285714285714,28.0
MnxxZD275,mainstream,risk,【世卫：#9件事减轻阳康脑雾症状#】2022年11月，世卫对此前发布的《新冠肺炎个人康复指南》进行了更新。其中提到：在康复过程中，可能会出现思维能力的各种困难。这种情况也被称为“脑雾”。针对脑雾问题，世卫最新发布的《新冠康复指导手册》提出了9点做法↓↓@生命时报 http://t.cn/A69zyrH8 ​​​,156.0,0.0,0.0,0.05454545454545454,52.0
KqBE2ASNZ,mainstream,risk,"【#突发美国# 】新冠患者被列为残疾？拜登：有资格享受残疾人待遇！
总统拜登7月26日宣布，新冠长期症状可以被列为残疾，这意味着这部分患者可能可以获得相关的联邦保护和资源。
在白宫庆祝“美国残疾人法”签署31周年的活动上，拜登说，疲劳或脑雾等挥之不去的新冠症状“有时会上升到残疾的水平”。
 ​​​",149.0,0.013422818791946308,0.0,0.02459016393442623,37.25
Mv7bkE3j1,mainstream,risk,"#健康知识科普# 【“脑雾”会如痴呆般不可逆吗？】

以前觉得简单的事，现在做起来笨手笨脚；工作时总是注意力不集中，回家想学习一下拿起书却很难看进去……遇到这些情况，人们开始怀疑：我变笨了吗？尤其是近期，上网一搜发现好多人有类似感觉，这感觉还有一个名字，叫“脑雾”。

“脑雾”是什么？
 ​​​",148.0,0.02027027027027027,0.008771929824561403,0.0,29.6
MsXO91QvJ,mainstream,risk,"#健康知识科普# 【学会这三招，帮您驱散“脑雾”】

“我找到手机后，却忘了为什么要找手机。”“想跟朋友打招呼，可怎么也想不起对方的名字。”“我最近总是白天犯困，夜里精神。”一些新冠病毒感染者表示，自己痊愈后脑子没有以前好使了，总是昏昏沉沉的，注意力也无法集中，脑子好像蒙上了一层雾。
 ​​​",147.0,0.0,0.02608695652173913,0.0,36.75
Ms3yjd7mT,mainstream,risk,【感觉变笨了？脑雾在作怪？】#唐嫣数人头忘记数自己#：脑雾！脑雾！其实很多人身上都会有这种情况发生，反应迟钝、注意力下降，好像脑子里被蒙上了一层雾。南京脑科医院神经内科医生林兴建表示，“脑雾”被用来描述慢性疲劳综合症等状况时出现的注意力下降和执行力障碍，绝大部分人通过充足的睡眠和合 ​​​,145.0,0.027586206896551724,0.008064516129032258,0.0,29.0
Mmrt8hPrp,wemedia,risk,【#阳康后为什么会出现脑雾#】有患者表示，“阳康”后感到疲倦、注意力下降、反应变迟钝。为什么会出现“脑雾”？如何缓解“脑雾”？医生表示，尚未明确有因果关系。“只要好好调整，大部分#脑雾会在1个月到1年内缓解#。”合理摄入一些膳食补充剂，良好的睡眠、合理的饮食、科学的锻炼，可以改善记忆力 ​​​,147.0,0.013605442176870748,0.0,0.017391304347826087,29.4
LxdsUAY5f,mainstream,risk,【#长新冠为何会疲劳脑雾#？#顶刊揭示新冠病毒引发神经炎症#】美国疾控中心的最新数据显示，美国至少有五分之一的新冠感染者出现长新冠症状。英国则有200万人有长新冠症状，在奥密克戎流行期间报告长新冠的有61.9万人占比为31%。脑雾（大脑难以形成清晰思维和记忆的现象）、疲劳、注意力难以集中、味觉 ​​​,151.0,0.006622516556291391,0.0,0.024,50.333333333333336
Ms2lLnmpk,mainstream,risk,【感觉变笨了？脑雾在作怪？】#唐嫣数人头忘记数自己#：脑雾！脑雾！其实很多人身上都会有这种情况发生，反应迟钝、注意力下降，好像脑子里被蒙上了一层雾。南京脑科医院神经内科医生林兴建表示，“脑雾”被用来描述慢性疲劳综合症等状况时出现的注意力下降和执行力障碍，绝大部分人通过充足的睡眠和合 ​​​,145.0,0.027586206896551724,0.008064516129032258,0.0,29.0
MmtGZrvGo,mainstream,risk,"【“脑雾”冲上热搜第一！#阳康后感觉自己变傻了该如何缓解#？专家回应→】“新冠感染康复后，我觉得自己反应有点迟钝。”1月1日，北京市朝阳区的孙女士告诉记者，“工作的时候要刻意控制自己集中注意力，昨天中午我竟然点了两份外卖，感觉自己变傻了。”

安徽中医药大学神经病学研究所附属医院神经内 ​​​",147.0,0.013605442176870748,0.049586776859504134,0.01652892561983471,36.75
Mk1yUAm0v,mainstream,risk,#感染新冠后脑雾情况缓解方法 # 【感染新冠后会出现“脑雾”情况？这些方法可有效缓解】在新冠患者康复过程中，可能会出现思维能力的困难，包括记忆力、注意力等方面问题，这种情况也被称为“脑雾”。本期节目，小北将教您一些小技巧用来缓解“脑雾”，并邀请首都医科大学附属北京胸科医院呼吸与危重症 ​​​,146.0,0.00684931506849315,0.0,0.0,73.0
MmC1noRkh,mainstream,risk,"【#阳康后出现脑雾2到4周会恢复#】有网友表示阳康后，注意力下降，甚至“感觉自己变傻了”，“脑雾”话题一度冲上热搜。南京脑科医院神经内科医生表示，""脑雾""一词并非专业的医学术语，而是一种症状描述。目前，尚无研究能够明确新冠和“脑雾”之间的因果性。但感染新冠带来身心疲乏虚弱，可能会让我们 ​​​",147.0,0.0,0.01652892561983471,0.01652892561983471,49.0
MoTFVCOW6,mainstream,risk,【正在直播：呼吸科专家为您支招“阳康”之后需要注意什么】新冠病毒的威力不可小觑，不少人都出现了失眠、“脑雾”的症状。1月18日19点，墨子沙龙特别邀请瑞金医院呼吸与危重症医学科副主任医师周剑平，就关于感染新冠病毒后的注意事项，为大家答疑解惑。#看看直播#  http://t.cn/A696dQao ​​​,153.0,0.0,0.0,0.035398230088495575,76.5
Ms3mErIbD,wemedia,risk,【感觉变笨了？脑雾在作怪？】#唐嫣数人头忘记数自己#：脑雾！脑雾！其实很多人身上都会有这种情况发生，反应迟钝、注意力下降，好像脑子里被蒙上了一层雾。南京脑科医院神经内科医生林兴建表示，“脑雾”被用来描述慢性疲劳综合症等状况时出现的注意力下降和执行力障碍，绝大部分人通过充足的睡眠和合 ​​​,145.0,0.027586206896551724,0.008064516129032258,0.0,29.0
Mmq8U8dfV,mainstream,risk,【“脑雾”冲上热搜第一！女白领阳康后说“我变傻了”？安徽医生提醒】“阳后的恢复期，我觉得自己的注意力降低了，是不是出现了‘脑雾’？会持续多久？”近日有患者表示，自己“阳康”后感到疲倦、注意力下降。,98.0,0.04081632653061224,0.05194805194805195,0.0,19.6
MmoKYs4AB,mainstream,risk,【#阳康后为什么会出现脑雾#】有患者表示，“阳康”后感到疲倦、注意力下降、反应变迟钝。为什么会出现“脑雾”？如何缓解“脑雾”？医生表示，尚未明确有因果关系。“只要好好调整，大部分#脑雾会在1个月到1年内缓解#。”合理摄入一些膳食补充剂，良好的睡眠、合理的饮食、科学的锻炼，可以改善记忆力 ​​​,147.0,0.013605442176870748,0.0,0.017391304347826087,29.4
MmHHWmXkd,mainstream,risk,【感觉变笨了？#阳康后脑雾症状2到4周会逐渐恢复#】近日，部分新冠感染者表示，康复后出现反应迟钝、注意力下降，有人甚至感觉自己变傻了，好像脑子里被蒙上了一层雾，“脑雾”话题也登上热搜。#如何缓解阳康后出现的脑雾症状#？南京脑科医院神经内科医生林兴建表示，早在新冠出现之前，“脑雾”已被用 ​​​,147.0,0.013605442176870748,0.00819672131147541,0.01639344262295082,49.0
MmCelF7KX,wemedia,risk,诺氟沙星也冲上热搜，药监局：未成年人禁用！“阳康”后会出现脑雾症状？解答↓ ​​​,41.0,0.04878048780487805,0.0,0.0,20.5
M7uq082TG,mainstream,risk,【#感染新冠会增加脑损伤风险#】#新冠会增加长期脑损伤风险# 美国华盛顿大学医学院研究人员9月22日报告说，与从未感染过新冠病毒的人相比，患有新冠肺炎的人一年后患上脑损伤的风险更高。这项研究发表在《自然·医学》杂志上，使用了数百万美国退伍军人的匿名患者身份的医疗记录，评估了44种不同疾病的 ​​​,149.0,0.0,0.0,0.0234375,149.0
LFyzX671T,mainstream,risk,"【柳叶刀发文称#八分之一新冠感染者出现长期症状#】发表在最新一期《柳叶刀》上的一项荷兰大型研究表明，每8名感染新冠肺炎的成年人中就有一人（12.7%）会出现“长期新冠”症状。#科学新发现# #科技新突破# 
在患新冠肺炎的成年人中，与感染前相比，21.4%的人在感染后3到5个月出现至少一种新的或严重增 ​​​",155.0,0.0,0.0,0.04032258064516129,155.0
M2ky79n0r,mainstream,risk,#双语# 研究：新冠患者康复两年后患大脑和精神疾病的风险依然更高 Covid linked to longer-term elevated risk of brain fog and dementia - 研究发现，感染过新冠病毒的人在康复两年后，确诊脑雾、痴呆、精神错乱等疾病的风险依然更高。感染德尔塔毒株和奥密克戎毒株的患者出现这些神经系统疾病和精神 ​​​,181.0,0.0,0.0,0.0,181.0
MmHWHi2Cp,mainstream,risk,【动画丨“脑雾”冲上热搜第一！阳康后“感觉自己变傻了”，如何缓解？[思考]】#专家称脑雾会在1月至1年内缓解#近日，有患者表示“阳康”后感到疲倦、注意力下降，甚至“感觉自己变傻了”，“脑雾”一词冲上热搜第一。那么，何为“脑雾”？如何缓解？症状会持续多久？听听专家怎么说↓↓↓（北京青年报 ​​​,147.0,0.034013605442176874,0.01834862385321101,0.01834862385321101,24.5
MmHHZE4Fy,mainstream,risk,【感觉变笨了？#阳康后脑雾症状2到4周会逐渐恢复#】近日，部分新冠感染者表示，康复后出现反应迟钝、注意力下降，有人甚至感觉自己变傻了，好像脑子里被蒙上了一层雾，“脑雾”话题也登上热搜。#如何缓解阳康后出现的脑雾症状#？南京脑科医院神经内科医生林兴建表示，早在新冠出现之前，“脑雾”已被用 ​​​,147.0,0.013605442176870748,0.00819672131147541,0.01639344262295082,49.0
L4OI0Dgfc,mainstream,risk,"王天俊博士（伦敦中医针灸学院院长）诊余杂谈：拒绝下车的年轻人

[带着微博去旅行]23岁小伙M患脑雾焦虑快两年，医院多次检查治疗，逐渐加重。经过妈妈的联系和预约，今天下午来看诊。过了预约时间约两分钟，妈妈一个人进来了，说M很难受，头痛脑晕，在车里不愿下来。
      妈妈说这个情况已经发生多 ​​​",151.0,0.0,0.0,0.00819672131147541,50.333333333333336
K3Gnu8mNK,wemedia,risk,"#世卫专家提醒重视新冠后遗症##新冠后遗症像各种症状不同组合#【#世卫专家提醒重视新冠造成的长期影响#[话筒]】世界卫生组织欧洲区域办事处主任克卢格25日说，近来欧洲地区新冠感染率总体呈下降趋势，但世卫组织关注到“新冠后遗症”对健康等方面造成的长期影响，将其视为“后疫情”时期的首要任务。

 ​​​",150.0,0.0,0.0,0.008,150.0
MtVchdbPi,mainstream,risk,#南京新闻#【#南京一医院脑雾门诊开诊#】新型冠状病毒第一波感染高峰已过，但仍有一些患者表示“感染后，总是感觉脑子迷迷糊糊的”。为了帮助部分新冠阳康人员科学应对“脑雾”问题，南京中大医院心身医学科从2月21日起，每周二至周六下午接诊“脑雾”患者。据介绍，该科将提供包括药物治疗、物理治疗 ​​​,147.0,0.0,0.0,0.01639344262295082,73.5
MmttOkZZV,mainstream,risk,【“脑雾”冲上热搜第一！阳康后“感觉自己变傻了”？如何缓解？专家回应→】http://t.cn/A6KDGN02 ​​​,60.0,0.05,0.03333333333333333,0.06666666666666667,20.0
MmIXZ8sbm,mainstream,risk,【感觉变笨了？#阳康后脑雾症状2到4周会逐渐恢复#】近日，部分新冠感染者表示，康复后出现反应迟钝、注意力下降，有人甚至感觉自己变傻了，好像脑子里被蒙上了一层雾，“脑雾”话题也登上热搜。#如何缓解阳康后出现的脑雾症状#？南京脑科医院神经内科医生林兴建表示，早在新冠出现之前，“脑雾”已被用 ​​​,147.0,0.013605442176870748,0.00819672131147541,0.01639344262295082,49.0
MvT4wpyqS,wemedia,risk,"【得了新冠后感觉变笨了？你“脑雾”了吗？】 感染新冠病毒后，出现反应下降、记忆力下降、执行能力下降，以及疲劳、失眠等状况，这是不是“脑雾”呢？

“从我们接诊情况来看，感染新冠病毒后，约三成的人出现过‘脑雾’。”上海仁济医院神经内科主任管阳太透露，大部分患者数天内就会恢复，但也有人 ​​​",145.0,0.020689655172413793,0.008771929824561403,0.0,36.25
KqBDX1osE,mainstream,risk,"【#突发美国# 】新冠患者被列为残疾？拜登：有资格享受残疾人待遇！
总统拜登7月26日宣布，新冠长期症状可以被列为残疾，这意味着这部分患者可能可以获得相关的联邦保护和资源。
在白宫庆祝“美国残疾人法”签署31周年的活动上，拜登说，疲劳或脑雾等挥之不去的新冠症状“有时会上升到残疾的水平”。
 ​​​",149.0,0.013422818791946308,0.0,0.02459016393442623,37.25
MkJrwqlvD,mainstream,risk,【#新冠导致嗅觉丧失的关键原因找到了#】美国杜克大学医学中心的一组科学家表示，一些人在感染了新冠后未能恢复嗅觉的原因与嗅觉神经细胞持续受到免疫攻击以及相关细胞数量减少有关。这一发现21日在线发表在《科学·转化医学》杂志上，它为人们提供了一个重要视角，以解答这个困扰数百万新冠感染者的棘 ​​​ http://mapi/002R01w7ly1h9ccfqn3uhj60oz0dpdl202,193.0,0.0,0.0,0.07518796992481203,193.0
MnwCxsBEs,mainstream,risk,【世卫：#9件事减轻阳康脑雾症状#】2022年11月，世卫对此前发布的《新冠肺炎个人康复指南》进行了更新。其中提到：在康复过程中，可能会出现思维能力的各种困难。这种情况也被称为“脑雾”。针对脑雾问题，世卫最新发布的《新冠康复指导手册》提出了9点做法↓↓@生命时报 http://t.cn/A69zyrH8 ​​​,156.0,0.0,0.0,0.05454545454545454,52.0
Mt5qGvHwU,mainstream,risk,#阳了后容易忘事正常吗#【感染新冠病毒后容易忘事，这正常吗？】感染新冠病毒后容易忘事，这正常吗？围绕这一话题，新华社记者李姝莛专访北京佑安医院感染综合科主任医师、小汤山方舱医院医疗专家李侗曾。#专家说对脑雾不用过度担心# http://t.cn/A6CZyw2m ​​​,135.0,0.014814814814814815,0.0,0.019801980198019802,45.0
MhzrwimeB,mainstream,risk,"【#新华社科普长新冠#】新华社11月25日文章：随着全球新冠病毒感染基数持续扩大，欧美等国越来越多的人受到“长新冠”困扰。“长新冠”让人们意识到，新冠病毒感染不仅仅是急性事件，其后较长时间内的一系列症状无论对于个体健康影响还是公共卫生负担，均不容忽视。

　　如何定义

　　“长新冠”通常 ​​​",149.0,0.0,0.0,0.01694915254237288,74.5
Mhj8eaSHQ,mainstream,risk,"【关注“长新冠”】11月21日，美国卫生与公共服务部（HHS）发布报告，建议美国公共场所强制或建议民众佩戴口罩并保持社交距离，以防止“长新冠”所造成的伤害。

“长新冠”，即新冠后遗症。根据世界卫生组织给出的定义，“长新冠”指的是感染新冠病毒的3个月后还有症状，并且最少持续2个月，且不能用 ​​​",149.0,0.0,0.0,0.03389830508474576,74.5
MnwCPvbpz,mainstream,risk,【世卫：#9件事减轻阳康脑雾症状#】2022年11月，世卫对此前发布的《新冠肺炎个人康复指南》进行了更新。其中提到：在康复过程中，可能会出现思维能力的各种困难。这种情况也被称为“脑雾”。针对脑雾问题，世卫最新发布的《新冠康复指导手册》提出了9点做法↓↓@生命时报 http://t.cn/A69zyrH8 ​​​,156.0,0.0,0.0,0.05454545454545454,52.0
MmK8Wd79y,mainstream,risk,【感觉变笨了？#阳康后脑雾症状2到4周会逐渐恢复#】近日，部分新冠感染者表示，康复后出现反应迟钝、注意力下降，有人甚至感觉自己变傻了，好像脑子里被蒙上了一层雾，“脑雾”话题也登上热搜。#如何缓解阳康后出现的脑雾症状#？南京脑科医院神经内科医生林兴建表示，早在新冠出现之前，“脑雾”已被用 ​​​,147.0,0.013605442176870748,0.00819672131147541,0.01639344262295082,49.0
Ms2I6nQom,wemedia,risk,【感觉变笨了？脑雾在作怪？】#唐嫣数人头忘记数自己#：脑雾！脑雾！其实很多人身上都会有这种情况发生，反应迟钝、注意力下降，好像脑子里被蒙上了一层雾。南京脑科医院神经内科医生林兴建表示，“脑雾”被用来描述慢性疲劳综合症等状况时出现的注意力下降和执行力障碍，绝大部分人通过充足的睡眠和合 ​​​,145.0,0.027586206896551724,0.008064516129032258,0.0,29.0
LDJWNwbl5,wemedia,risk,【英媒：#实验发现新冠病毒或从鼻腔入大脑#[话筒]】新冠病毒被认为与包括脑雾和意识模糊在内的一系列神经症状有关，但新冠病毒如何进入大脑一直是个谜。据英媒7月20日报道，一项实验显示：在一种倍数很高的电子显微镜下，研究人员发现，新冠病毒在进入鼻腔模拟细胞时会刺激后者长出被称为隧道纳米管的 ​​​,147.0,0.0,0.0,0.015503875968992248,147.0
K3GHFB7To,wemedia,risk,"【新冠后遗症像各种症状不同组合！世卫#专家提醒重视新冠造成的长期影响# [话筒]】世界卫生组织欧洲区域办事处主任克卢格25日说，近来欧洲地区新冠感染率总体呈下降趋势，但世卫组织关注到“新冠后遗症”对健康等方面造成的长期影响，将其视为“后疫情”时期的首要任务。

克卢格当天在哥本哈根召开的 ​​​",148.0,0.006756756756756757,0.0,0.008,74.0
Ms25Qu1ra,wemedia,risk,【“阳”过之后总难“康”？可全面体检也可中医调理】“乏力”“嗜睡”“脑雾”“胸闷”“气短”“心悸”“咳嗽”“疼痛”“失眠”……不少新冠病毒感染者“阳康”后，仍感觉有一些遗留症状。医生建议，恢复期健康管理可不能掉以轻心！#新冠恢复期如何缓解失眠等症状##新冠恢复期如何缓解失眠等症状# ​​​,145.0,0.013793103448275862,0.0,0.0,48.333333333333336
MuZ1clmmX,wemedia,risk,"#每日健康问答# 【“脑雾”会如痴呆般不可逆吗？】
        以前觉得简单的事，现在做起来笨手笨脚；工作时总是注意力不集中，回家想学习一下拿起书却很难看进去……遇到这些情况，人们开始怀疑：我变笨了吗？尤其是近期，上网一搜发现好多人有类似感觉，这感觉还有一个名字，叫“脑雾”。
“脑雾”是 ​​​",150.0,0.013333333333333334,0.008928571428571428,0.0,37.5
MmyZspcZH,wemedia,risk,#阳康后为什么会出现脑雾#,13.0,0.0,0.0,0.0,13.0
MmyX5eSvG,wemedia,risk,#专家回应阳康后出现脑雾症状#,15.0,0.0,0.0,0.0,15.0
Mt1bRA1co,mainstream,risk,#阳了后容易忘事正常吗#【感染新冠病毒后容易忘事，这正常吗？】感染新冠病毒后容易忘事，这正常吗？围绕这一话题，新华社记者李姝莛专访北京佑安医院感染综合科主任医师、小汤山方舱医院医疗专家李侗曾。#专家说对脑雾不用过度担心# http://t.cn/A6CZyw2m ​​​,135.0,0.014814814814814815,0.0,0.019801980198019802,45.0
MsXxT7w40,mainstream,risk,"#健康知识科普# 【学会这三招，帮您驱散“脑雾”】

“我找到手机后，却忘了为什么要找手机。”“想跟朋友打招呼，可怎么也想不起对方的名字。”“我最近总是白天犯困，夜里精神。”一些新冠病毒感染者表示，自己痊愈后脑子没有以前好使了，总是昏昏沉沉的，注意力也无法集中，脑子好像蒙上了一层雾。
 ​​​",147.0,0.0,0.02608695652173913,0.0,36.75
MmoMBbNNt,mainstream,risk,【#阳康后为什么会出现脑雾#】有患者表示，“阳康”后感到疲倦、注意力下降、反应变迟钝。为什么会出现“脑雾”？如何缓解“脑雾”？医生表示，尚未明确有因果关系。“只要好好调整，大部分#脑雾会在1个月到1年内缓解#。”合理摄入一些膳食补充剂，良好的睡眠、合理的饮食、科学的锻炼，可以改善记忆力 ​​​,147.0,0.013605442176870748,0.0,0.017391304347826087,29.4
MmTpu3Og6,mainstream,risk,【感觉变笨了？阳康后脑雾症状2到4周会逐渐恢复】近日，部分新冠感染者表示，康复后出现反应迟钝、注意力下降，好像脑子里被蒙上了一层雾。南京脑科医院神经内科医生林兴建表示，目前尚无研究能够明确新冠和“脑雾”之间的因果性，但感染新冠带来身心疲乏虚弱，可能会让大家在一定程度上出现“脑雾”症 ​​​,145.0,0.006896551724137931,0.0,0.015873015873015872,72.5
MtaaHnOQv,mainstream,risk,【感染新冠病毒后容易忘事，这正常吗？】感染新冠病毒后容易忘事，这正常吗？围绕这一话题，新华社记者李姝莛专访北京佑安医院感染综合科主任医师、小汤山方舱医院医疗专家李侗曾。#专家说对脑雾不用过度担心# by新华网http://t.cn/A6CZyw2m ​​​,128.0,0.015625,0.0,0.021052631578947368,42.666666666666664
MmzkdgfKj,mainstream,risk,"【热搜第一！阳康后出现“脑雾”？最新回应】近日，有患者表示“阳康”后

感到疲倦、注意力下降

“是不是出现了‘脑雾’？会持续多久？”

1月2日

“脑雾”话题一度冲上热搜第一

引发网友讨论

专家：尚无研究能够明确新冠和“脑雾”之间的因果性

“新冠感染康复后，我觉得自己反应有点迟钝。”

 ​​​",153.0,0.026143790849673203,0.018518518518518517,0.018518518518518517,30.6
Mnwtzp02D,wemedia,risk,#昌平战疫 第一时间# 【阳康后出现脑雾怎么办？世卫推荐9件事减轻症状】2022年11月，世界卫生组织对此前发布的《新冠肺炎个人康复指南》进行了更新，其中提到：在新冠患者康复过程中，可能会出现思维能力的各种困难，包括记忆力、注意力、信息处理、计划和组织方面的问题。这种情况也被称为“脑雾”。 ​​​,149.0,0.006711409395973154,0.0,0.025,49.666666666666664
Mt5da8Mm3,mainstream,risk,#阳了后容易忘事正常吗#【感染新冠病毒后容易忘事，这正常吗？】感染新冠病毒后容易忘事，这正常吗？围绕这一话题，新华社记者李姝莛专访北京佑安医院感染综合科主任医师、小汤山方舱医院医疗专家李侗曾。#专家说对脑雾不用过度担心# http://t.cn/A6CZyw2m ​​​,135.0,0.014814814814814815,0.0,0.019801980198019802,45.0
MmCLIovHN,mainstream,risk,【动画丨“脑雾”冲上热搜第一！阳康后“感觉自己变傻了”，如何缓解？[思考]】#专家称脑雾会在1月至1年内缓解#近日，有患者表示“阳康”后感到疲倦、注意力下降，甚至“感觉自己变傻了”，“脑雾”一词冲上热搜第一。那么，何为“脑雾”？如何缓解？症状会持续多久？听听专家怎么说↓↓↓（北京青年报 ​​​,147.0,0.034013605442176874,0.01834862385321101,0.01834862385321101,24.5
Ms29uccmN,wemedia,risk,【感觉变笨了？脑雾在作怪？】#唐嫣数人头忘记数自己#：脑雾！脑雾！其实很多人身上都会有这种情况发生，反应迟钝、注意力下降，好像脑子里被蒙上了一层雾。南京脑科医院神经内科医生林兴建表示，“脑雾”被用来描述慢性疲劳综合症等状况时出现的注意力下降和执行力障碍，绝大部分人通过充足的睡眠和合 ​​​,145.0,0.027586206896551724,0.008064516129032258,0.0,29.0
MnDhlj72C,wemedia,risk,【世卫：#9件事减轻阳康脑雾症状#】2022年11月，世卫对此前发布的《新冠肺炎个人康复指南》进行了更新。其中提到：在康复过程中，可能会出现思维能力的各种困难。这种情况也被称为“脑雾”。针对脑雾问题，世卫最新发布的《新冠康复指导手册》提出了9点做法↓↓@生命时报  ​​​http://t.cn/A69zGbe3 ​​​,160.0,0.0,0.0,0.05454545454545454,53.333333333333336
MmsPY4wtt,mainstream,risk,【#阳康后为什么会出现脑雾#】有患者表示，“阳康”后感到疲倦、注意力下降、反应变迟钝。为什么会出现“脑雾”？如何缓解“脑雾”？医生表示，尚未明确有因果关系。“只要好好调整，大部分#脑雾会在1个月到1年内缓解#。”合理摄入一些膳食补充剂，良好的睡眠、合理的饮食、科学的锻炼，可以改善记忆力 ​​​ http://mapi/004hgfOcly1h9pi3amfsoj60g8094aac02,194.0,0.010309278350515464,0.0,0.07627118644067797,38.8
Mmpm37ivd,mainstream,risk,【#阳康后为什么会出现脑雾#】有患者表示，“阳康”后感到疲倦、注意力下降、反应变迟钝。为什么会出现“脑雾”？如何缓解“脑雾”？医生表示，尚未明确有因果关系。“只要好好调整，大部分#脑雾会在1个月到1年内缓解#。”合理摄入一些膳食补充剂，良好的睡眠、合理的饮食、科学的锻炼，可以改善记忆力 ​​​,147.0,0.013605442176870748,0.0,0.017391304347826087,29.4
MkJv4cN4o,mainstream,risk,【#研究发现新冠导致嗅觉失灵关键原因# 】#新冠导致嗅觉丧失的关键原因找到了#美国杜克大学医学中心的一组科学家表示，一些人在感染了新冠后未能恢复嗅觉的原因与嗅觉神经细胞持续受到免疫攻击以及相关细胞数量减少有关。这一发现21日在线发表在《科学·转化医学》杂志上，它为人们提供了一个重要视角， ​​​ http://mapi/7ef611a7ly1h9ccoyds7gj20oz0dp757,193.0,0.0,0.0,0.07575757575757576,193.0
MkD6xiEpd,mainstream,risk,【#女性和肥胖人群更易受长新冠困扰#】新冠症状持续12周或更长时间被称为“新冠感染后综合征”，也称为“长新冠”。主要症状包括：疲劳、呼吸短促、心悸、脑雾（注意力或记忆力问题）等。这些症状会导致患者身体进一步虚弱，严重影响生活质量。美国《公共科学图书馆·全球公共卫生》杂志刊登一项新研究 ​​​,146.0,0.0,0.0,0.008403361344537815,48.666666666666664
NvimkodL7,wemedia,risk,【#我国首次发现23个长新冠标志物# ，#这类人容易发展为长新冠#】总感觉阳康后一直不舒服？没有恢复到最初的身体状态？2023年11月，中日友好医院、北京协和医院、武汉市金银潭医院团队在《柳叶刀》子刊上发表了一项重磅研究，最新发现23个长新冠蛋白标志物。保守估计，全球既往感染新冠病毒的人群中有1 ​​​,152.0,0.013157894736842105,0.008064516129032258,0.04032258064516129,50.666666666666664
M7eWWAX3h,mainstream,risk,【#美2300万人受长新冠困扰#】“长新冠”， 一般是指新冠患者在感染病毒3个月后仍存在胸痛、呼吸困难、肌肉疼痛、味觉嗅觉丧失、乏力等各种症状，并持续2个月以上。尽管拜登日前宣布美国新冠疫情“已结束”，但仍有大量美国民众饱受“长新冠”的困扰，甚至有人选择结束自己的生命。（CGTN报道员Ediz Ti ​​​,154.0,0.0,0.008547008547008548,0.02564102564102564,77.0
MhAYkgfmv,mainstream,risk,【#新华社科普长新冠#】新华社近日发布文章科普长新冠，随着全球新冠病毒感染基数持续扩大，欧美等国越来越多的人受到“长新冠”困扰。“长新冠”让人们意识到，新冠病毒感染不仅仅是急性事件，其后较长时间内的一系列症状无论对于个体健康影响还是公共卫生负担，均不容忽视……（tq） ​​​,138.0,0.0,0.0,0.0,138.0
LnWwID8HT,mainstream,risk,【中大医学院首证：新冠长期综合后遗症患者拥有独特的肠道微生态】香港中文大学医学院全球首次证实，新冠肺炎长期综合后遗症患者拥有独特的肠道微生态，透过检测「长新冠型肠道微生态」可以预测罹患「长新冠」的风险；更可透过检测康复者是否带有「长新冠型肠道微生态」而对症下药。研究结果已于医学期 ​​​,144.0,0.0,0.0,0.0,72.0
NrBXsv0sO,mainstream,risk,"【对出院患者追踪两年，#国内首次发现23个长新冠标志物#】中日友好医院、北京协和医院、武汉市金银潭医院团队最新发现23个长新冠蛋白标志物，将有助于长新冠高危人群早期识别，为研究长新冠的机制提供分子层面的线索。近日，该研究在国际医学期刊《柳叶刀》子刊上发表。

研究团队介绍，全球既往感染新 ​​​",148.0,0.0,0.0,0.016,74.0
LDsN4qG0g,mainstream,risk,【美媒：拜登可能患上长新冠，白宫：继续观察暂无额外治疗计划】#专家称拜登可能患上长新冠#7月21日，美国白宫新冠疫情协调员阿什·贾在简报会上表示，拜登正在服用新冠口服药物Paxlovid，此外暂无额外治疗计划，白宫医疗团队预计拜登不会出现新症状。美媒援引医学专家分析，拜登可能患上长新冠，症状将 ​​​,151.0,0.0,0.0,0.016129032258064516,151.0
N138J5TJp,mainstream,risk,【投票：#你感觉自己有新冠后遗症吗#】#高福称新冠感染次数越多后遗症风险越高#，高福认为，长新冠是一个基本事实，不要回避，不要因为长新冠可能对人类有影响就不敢讲。“感染次数越多，后遗症风险越高，这是有临床数据的。” 你感觉自己有新冠后遗症吗？（希隆） http://t.cn/A6NgxE4J ​​​,150.0,0.006666666666666667,0.018518518518518517,0.018518518518518517,50.0
NvzUMyTRk,mainstream,risk,【鉴证｜长新冠可以确诊了？支原体肺炎耐药了怎么办？】这个冬天，肺炎支原体、新冠病毒和甲乙流病毒一起暴发，甚至还出现了混合感染。但有不少人在做过了病毒测试之后发现，现在流行的这些感染都不是，但就是有很多不舒服的症状，那会不会是长新冠？#新闻鉴证组#  http://t.cn/A6lwRqjk ​​​,149.0,0.020134228187919462,0.0,0.008928571428571428,37.25
M1rrGqx11,mainstream,risk,【港医院：感染新冠变异毒株BA.5的儿童一半出现神经系统并发症，部分儿童出现短暂失明症状】香港卫生防护中心公布，截至8月16日零点，香港新增5162例新冠肺炎确诊个案，相较前一日上升约5.4%。新增的5162例确诊个案中，4890例为本地感染个案。另外，香港再多11名感染者离世。据大公报报道，港大医学院 ​​​,156.0,0.0,0.0,0.06451612903225806,52.0
NrKXYA6W9,mainstream,risk,"【对出院患者追踪两年，国内首次发现23个长新冠标志物】#我国首次发现23个长新冠标志物# 中日友好医院、北京协和医院、武汉市金银潭医院团队最新发现23个长新冠蛋白标志物，将有助于长新冠高危人群早期识别，为研究长新冠的机制提供分子层面的线索。近日，该研究在国际医学期刊《柳叶刀》子刊上发表。
 ​​​",149.0,0.0,0.007936507936507936,0.023809523809523808,74.5
M9PxwBCh3,mainstream,risk,【台湾卫生专家批评当局防疫措施无法实现“与病毒共存”】台湾11日报告新增41438例新冠肺炎确诊病例，死亡36例。台大公共卫生专家詹长权撰文指出，2022年是“新冠灾难年”，过去半年全台三成人口感染、逾万人死亡，预估新冠肺炎将跃升为第五大死因；他批评台当局的防疫系统和防疫措施并未将疫情控制在 ​​​,150.0,0.0,0.0,0.03225806451612903,75.0
LD9AFFkgD,mainstream,risk,"【英顶级医学期刊：英国国家医疗服务体系不是和新冠共存，而是死于新冠】
#英医学顶刊称共存使NHS濒临崩溃#
“英国国家医疗服务体系（NHS）不是和新冠共存，而是死于新冠。”

和柳叶刀齐名的顶级医学期刊《英国医学杂志》（BMJ）的主编阿拉斯泰尔·麦克莱伦和《卫生服务杂志》（HSJ）的主编卡姆兰·阿巴 ​​​",154.0,0.0,0.0,0.0,154.0
Ots5bE7jD,mainstream,risk,新冠病毒危害远超想象，不仅损伤呼吸道，还可能累及人体所有器官，引发#长新冠#。我们不能掉以轻心，要做好防护。新冠虽是自限性疾病，但靠熬可能损伤脏器。临床实践表明，使用抗病毒药物是避免感染损伤的有效方法。大家应重视起来，做好防护与检测，选择合适药物，为自己和家人的健康负责，共同抵御新 ​​​,145.0,0.0,0.016,0.0,36.25
Nh5J9t0fc,mainstream,risk,【#长新冠造成的负担比癌症还大#】最新研究显示，长新冠带来的危害持久且深远：即使感染新冠2年后，出现长新冠的风险仍在增加；长新冠造成的残疾负担比癌症、心脏病大；其带来的认知缺陷相当于衰老10年。医学专家表示，长新冠症状想要完全康复，目前依然是少见的。#新冠三阳的人开始陆续出现# ​​​,143.0,0.0,0.0,0.01639344262295082,35.75
M316my8zf,mainstream,risk,#美国1630万工作人口患长新冠# #美国#,22.0,0.0,0.0,0.07142857142857142,22.0
