user_name,n_posts,n_transitions,exposure_group,n_total_interactions,active_days,first_post_month,upgrade_rate,cooling_rate,stable_rate,H->H,p_H->H,H->M,p_H->M,H->L,p_H->L,M->H,p_M->H,M->M,p_M->M,M->L,p_M->L,L->H,p_L->H,L->M,p_L->M,L->L,p_L->L
-众星捧月-,2,1,wemedia_only,3,2,2023-04,0.0,0.0,1.0,0,0.0,0,0.0,0,0.0,0,0.0,1,1.0,0,0.0,0,0.0,0,0.0,0,0.0
-四序,3,2,mainstream_only,1,3,2023-06,0.5,0.5,0.0,0,0.0,1,0.5,0,0.0,1,0.5,0,0.0,0,0.0,0,0.0,0,0.0,0,0.0
-夜鸮-,2,1,dual,6,2,2023-07,0.0,1.0,0.0,0,0.0,1,1.0,0,0.0,0,0.0,0,0.0,0,0.0,0,0.0,0,0.0,0,0.0
-朱妈妈,4,3,no_media,0,1,2023-02,0.0,0.0,1.0,0,0.0,0,0.0,0,0.0,0,0.0,3,1.0,0,0.0,0,0.0,0,0.0,0,0.0
-洗心-,2,1,wemedia_only,6,2,2023-08,0.0,0.0,1.0,0,0.0,0,0.0,0,0.0,0,0.0,1,1.0,0,0.0,0,0.0,0,0.0,0,0.0
-食品与养生-,7,6,mainstream_only,8,7,2023-02,0.16666666666666666,0.16666666666666666,0.6666666666666666,0,0.0,1,0.16666666666666666,0,0.0,1,0.16666666666666666,4,0.6666666666666666,0,0.0,0,0.0,0,0.0,0,0.0
0080集齐某航OW了么,12,11,wemedia_only,10,12,2023-05,0.18181818181818182,0.18181818181818182,0.45454545454545453,1,0.09090909090909091,2,0.18181818181818182,0,0.0,2,0.18181818181818182,5,0.45454545454545453,1,0.09090909090909091,0,0.0,0,0.0,0,0.0
021视频,7,6,no_media,0,6,2021-03,0.0,0.0,1.0,0,0.0,0,0.0,0,0.0,0,0.0,6,1.0,0,0.0,0,0.0,0,0.0,0,0.0
1011陕西秦腔广播,8,7,no_media,0,7,2020-02,0.0,0.0,1.0,0,0.0,0,0.0,0,0.0,0,0.0,7,1.0,0,0.0,0,0.0,0,0.0,0,0.0
123和雅音,2,1,dual,3,1,2023-02,1.0,0.0,0.0,0,0.0,0,0.0,0,0.0,1,1.0,0,0.0,0,0.0,0,0.0,0,0.0,0,0.0
17度生活,2,1,mainstream_only,1,2,2023-02,0.0,1.0,0.0,0,0.0,1,1.0,0,0.0,0,0.0,0,0.0,0,0.0,0,0.0,0,0.0,0,0.0
2013静笃,3,2,no_media,8,3,2023-01,0.5,0.5,0.0,0,0.0,1,0.5,0,0.0,1,0.5,0,0.0,0,0.0,0,0.0,0,0.0,0,0.0
2019novelCOronaVirus,3,2,mainstream_only,8,3,2023-04,0.0,0.0,0.5,0,0.0,0,0.0,0,0.0,0,0.0,1,0.5,0,0.0,0,0.0,1,0.5,0,0.0
2024来了,2,1,wemedia_only,2,1,2022-03,0.0,0.0,1.0,0,0.0,0,0.0,0,0.0,0,0.0,1,1.0,0,0.0,0,0.0,0,0.0,0,0.0
21世纪经济报道,11,10,mainstream_only,1,11,2022-12,0.0,0.0,1.0,0,0.0,0,0.0,0,0.0,0,0.0,10,1.0,0,0.0,0,0.0,0,0.0,0,0.0
365-厦门大雨,2,1,no_media,0,2,2023-01,0.0,0.0,0.0,0,0.0,0,0.0,0,0.0,0,0.0,0,0.0,1,1.0,0,0.0,0,0.0,0,0.0
39健康网,2,1,no_media,2,2,2022-03,0.0,0.0,1.0,0,0.0,0,0.0,0,0.0,0,0.0,1,1.0,0,0.0,0,0.0,0,0.0,0,0.0
584瓦宁594瓦特额宁,3,2,mainstream_only,1,1,2024-10,0.0,0.0,1.0,0,0.0,0,0.0,0,0.0,0,0.0,2,1.0,0,0.0,0,0.0,0,0.0,0,0.0
61_aqua,2,1,mainstream_only,2,2,2023-06,1.0,0.0,0.0,0,0.0,0,0.0,0,0.0,0,0.0,0,0.0,0,0.0,1,1.0,0,0.0,0,0.0
88佐岸星光,6,5,no_media,1,6,2023-02,0.2,0.2,0.0,0,0.0,1,0.2,0,0.0,0,0.0,0,0.0,2,0.4,1,0.2,1,0.2,0,0.0
911苏州新闻广播,5,4,mainstream_only,1,5,2022-10,0.0,0.0,1.0,0,0.0,0,0.0,0,0.0,0,0.0,4,1.0,0,0.0,0,0.0,0,0.0,0,0.0
937江苏新闻广播,4,3,no_media,0,4,2024-03,0.0,0.0,1.0,0,0.0,0,0.0,0,0.0,0,0.0,3,1.0,0,0.0,0,0.0,0,0.0,0,0.0
948交通广播,19,18,no_media,0,17,2020-02,0.0,0.0,1.0,0,0.0,0,0.0,0,0.0,0,0.0,18,1.0,0,0.0,0,0.0,0,0.0,0,0.0
AAA仙女酵母,2,1,mainstream_only,2,2,2023-06,0.0,0.0,1.0,0,0.0,0,0.0,0,0.0,0,0.0,1,1.0,0,0.0,0,0.0,0,0.0,0,0.0
AI万物与边界,3,2,mainstream_only,2,3,2023-03,0.5,0.0,0.0,1,0.5,0,0.0,0,0.0,1,0.5,0,0.0,0,0.0,0,0.0,0,0.0,0,0.0
ATAO颜值上分中,2,1,wemedia_only,3,2,2023-02,0.0,0.0,0.0,1,1.0,0,0.0,0,0.0,0,0.0,0,0.0,0,0.0,0,0.0,0,0.0,0,0.0
Achen-阿晨,3,2,no_media,0,3,2022-12,0.0,0.0,0.0,0,0.0,0,0.0,0,0.0,0,0.0,0,0.0,0,0.0,0,0.0,0,0.0,2,1.0
Akashyoga,2,1,mainstream_only,5,2,2023-02,0.0,1.0,0.0,0,0.0,1,1.0,0,0.0,0,0.0,0,0.0,0,0.0,0,0.0,0,0.0,0,0.0
Alex楊雲逸,2,1,mainstream_only,1,2,2023-02,0.0,0.0,0.0,0,0.0,0,0.0,0,0.0,0,0.0,0,0.0,1,1.0,0,0.0,0,0.0,0,0.0
Alice学英语,2,1,mainstream_only,4,2,2023-03,0.0,0.0,1.0,0,0.0,0,0.0,0,0.0,0,0.0,1,1.0,0,0.0,0,0.0,0,0.0,0,0.0
Annann-陈言,4,3,no_media,0,4,2023-01,0.0,0.0,0.3333333333333333,0,0.0,0,0.0,0,0.0,0,0.0,1,0.3333333333333333,0,0.0,0,0.0,1,0.3333333333333333,1,0.3333333333333333
Aobama的妹妹,3,2,mainstream_only,2,3,2023-08,0.0,0.0,1.0,0,0.0,0,0.0,0,0.0,0,0.0,2,1.0,0,0.0,0,0.0,0,0.0,0,0.0
Apocalypse-锐,93,92,wemedia_only,11,88,2023-05,0.08695652173913043,0.07608695652173914,0.7608695652173914,2,0.021739130434782608,7,0.07608695652173914,0,0.0,8,0.08695652173913043,70,0.7608695652173914,2,0.021739130434782608,0,0.0,2,0.021739130434782608,1,0.010869565217391304
A大的遊戲晉級了,4,3,mainstream_only,7,4,2022-12,0.0,0.0,1.0,0,0.0,0,0.0,0,0.0,0,0.0,3,1.0,0,0.0,0,0.0,0,0.0,0,0.0
A退伍军人,2,1,mainstream_only,1,2,2022-12,0.0,0.0,1.0,0,0.0,0,0.0,0,0.0,0,0.0,1,1.0,0,0.0,0,0.0,0,0.0,0,0.0
BRTV-we-young,2,1,no_media,0,2,2022-07,0.0,0.0,1.0,0,0.0,0,0.0,0,0.0,0,0.0,1,1.0,0,0.0,0,0.0,0,0.0,0,0.0
Baby__砻and蕊,2,1,no_media,0,2,2022-12,0.0,1.0,0.0,0,0.0,0,0.0,1,1.0,0,0.0,0,0.0,0,0.0,0,0.0,0,0.0,0,0.0
BerylXV,2,1,wemedia_only,2,2,2023-08,0.0,0.0,1.0,0,0.0,0,0.0,0,0.0,0,0.0,1,1.0,0,0.0,0,0.0,0,0.0,0,0.0
Bobo-芃芃,2,1,no_media,0,2,2022-12,0.0,0.0,0.0,0,0.0,0,0.0,0,0.0,0,0.0,0,0.0,0,0.0,0,0.0,0,0.0,1,1.0
CBS0086,5,4,mainstream_only,6,3,2023-08,0.0,0.25,0.5,1,0.25,1,0.25,0,0.0,0,0.0,2,0.5,0,0.0,0,0.0,0,0.0,0,0.0
CGTN,57,56,no_media,0,52,2020-08,0.0,0.0,0.9642857142857143,0,0.0,0,0.0,0,0.0,0,0.0,54,0.9642857142857143,1,0.017857142857142856,0,0.0,1,0.017857142857142856,0,0.0
CGTNGlobalBusiness,12,11,no_media,0,12,2020-02,0.0,0.0,1.0,0,0.0,0,0.0,0,0.0,0,0.0,11,1.0,0,0.0,0,0.0,0,0.0,0,0.0
CGTNRadio,7,6,no_media,0,7,2021-01,0.0,0.0,1.0,0,0.0,0,0.0,0,0.0,0,0.0,6,1.0,0,0.0,0,0.0,0,0.0,0,0.0
CGTNculture,3,2,no_media,0,3,2020-05,0.0,0.0,1.0,0,0.0,0,0.0,0,0.0,0,0.0,2,1.0,0,0.0,0,0.0,0,0.0,0,0.0
CGTN法语频道,40,39,no_media,0,37,2020-04,0.0,0.0,1.0,0,0.0,0,0.0,0,0.0,0,0.0,39,1.0,0,0.0,0,0.0,0,0.0,0,0.0
CGTN西班牙语频道,2,1,no_media,0,2,2020-07,0.0,0.0,1.0,0,0.0,0,0.0,0,0.0,0,0.0,1,1.0,0,0.0,0,0.0,0,0.0,0,0.0
CGTN记者团,11,10,no_media,0,11,2020-02,0.1,0.1,0.6,0,0.0,1,0.1,0,0.0,1,0.1,6,0.6,1,0.1,0,0.0,1,0.1,0,0.0
Clairebaby1314,2,1,no_media,2,2,2023-10,0.0,1.0,0.0,0,0.0,1,1.0,0,0.0,0,0.0,0,0.0,0,0.0,0,0.0,0,0.0,0,0.0
Coffee_Yuan,2,1,mainstream_only,3,2,2022-03,0.0,0.0,0.0,0,0.0,0,0.0,0,0.0,0,0.0,0,0.0,1,1.0,0,0.0,0,0.0,0,0.0
Creamy蕉,9,8,wemedia_only,5,8,2022-09,0.125,0.25,0.125,4,0.5,2,0.25,0,0.0,1,0.125,1,0.125,0,0.0,0,0.0,0,0.0,0,0.0
DB浩浩耗,3,2,wemedia_only,2,3,2022-01,0.0,0.0,1.0,0,0.0,0,0.0,0,0.0,0,0.0,2,1.0,0,0.0,0,0.0,0,0.0,0,0.0
DQ视角,2,1,no_media,0,2,2022-03,0.0,1.0,0.0,0,0.0,1,1.0,0,0.0,0,0.0,0,0.0,0,0.0,0,0.0,0,0.0,0,0.0
Danny赖,2,1,no_media,0,2,2022-12,0.0,0.0,0.0,0,0.0,0,0.0,0,0.0,0,0.0,0,0.0,0,0.0,0,0.0,0,0.0,1,1.0
Dhy18372369757,2,1,no_media,0,2,2023-04,0.0,0.0,1.0,0,0.0,0,0.0,0,0.0,0,0.0,1,1.0,0,0.0,0,0.0,0,0.0,0,0.0
Dr嘚嘚,18,17,wemedia_only,2,15,2022-10,0.0,0.0,0.8235294117647058,0,0.0,0,0.0,0,0.0,0,0.0,14,0.8235294117647058,1,0.058823529411764705,0,0.0,2,0.11764705882352941,0,0.0
Ellenfish,2,1,wemedia_only,1,2,2022-03,0.0,0.0,1.0,0,0.0,0,0.0,0,0.0,0,0.0,1,1.0,0,0.0,0,0.0,0,0.0,0,0.0
Erinya102,2,1,mainstream_only,1,1,2024-03,0.0,0.0,0.0,0,0.0,0,0.0,0,0.0,0,0.0,0,0.0,1,1.0,0,0.0,0,0.0,0,0.0
Eva·Art,3,2,no_media,0,3,2022-12,0.0,0.0,0.0,0,0.0,0,0.0,0,0.0,0,0.0,0,0.0,1,0.5,0,0.0,1,0.5,0,0.0
EveNinG夜p,3,2,wemedia_only,7,3,2022-12,0.5,0.0,0.0,1,0.5,0,0.0,0,0.0,1,0.5,0,0.0,0,0.0,0,0.0,0,0.0,0,0.0
FLOOR_Ning,6,5,wemedia_only,10,1,2020-03,0.0,0.0,1.0,0,0.0,0,0.0,0,0.0,0,0.0,5,1.0,0,0.0,0,0.0,0,0.0,0,0.0
FM93浙江交通之声,19,18,no_media,0,17,2020-02,0.0,0.0,1.0,0,0.0,0,0.0,0,0.0,0,0.0,18,1.0,0,0.0,0,0.0,0,0.0,0,0.0
FM955大医生来了,2,1,no_media,0,2,2023-01,0.0,0.0,1.0,0,0.0,0,0.0,0,0.0,0,0.0,1,1.0,0,0.0,0,0.0,0,0.0,0,0.0
FrancesCJ,2,1,mainstream_only,1,1,2022-12,0.0,0.0,1.0,0,0.0,0,0.0,0,0.0,0,0.0,1,1.0,0,0.0,0,0.0,0,0.0,0,0.0
FuJiLiLe,2,1,mainstream_only,1,2,2023-02,0.0,0.0,1.0,0,0.0,0,0.0,0,0.0,0,0.0,1,1.0,0,0.0,0,0.0,0,0.0,0,0.0
Fungi1314,11,10,mainstream_only,8,11,2023-02,0.2,0.2,0.6,0,0.0,2,0.2,0,0.0,2,0.2,6,0.6,0,0.0,0,0.0,0,0.0,0,0.0
GEM-NMN,4,3,no_media,0,4,2023-01,0.0,0.0,1.0,0,0.0,0,0.0,0,0.0,0,0.0,3,1.0,0,0.0,0,0.0,0,0.0,0,0.0
Gemvic,2,1,no_media,1,2,2023-04,1.0,0.0,0.0,0,0.0,0,0.0,0,0.0,1,1.0,0,0.0,0,0.0,0,0.0,0,0.0,0,0.0
Gorgeous_Hope,11,10,no_media,3,11,2023-01,0.3,0.2,0.3,0,0.0,1,0.1,1,0.1,2,0.2,3,0.3,1,0.1,1,0.1,1,0.1,0,0.0
Gounun经典,6,5,no_media,0,5,2022-07,0.0,0.2,0.8,0,0.0,1,0.2,0,0.0,0,0.0,4,0.8,0,0.0,0,0.0,0,0.0,0,0.0
HRA-惠斯安普,2,1,mainstream_only,2,2,2021-11,0.0,0.0,1.0,0,0.0,0,0.0,0,0.0,0,0.0,1,1.0,0,0.0,0,0.0,0,0.0,0,0.0
HRB冰城新闻,3,2,no_media,0,3,2023-01,0.0,0.0,1.0,0,0.0,0,0.0,0,0.0,0,0.0,2,1.0,0,0.0,0,0.0,0,0.0,0,0.0
HedgehogLetter,3,2,mainstream_only,1,3,2023-04,0.0,0.5,0.0,0,0.0,1,0.5,0,0.0,0,0.0,0,0.0,1,0.5,0,0.0,0,0.0,0,0.0
HhhhhClh,2,1,wemedia_only,3,2,2023-10,0.0,1.0,0.0,0,0.0,1,1.0,0,0.0,0,0.0,0,0.0,0,0.0,0,0.0,0,0.0,0,0.0
HomeTest丁妈家庭实验室,2,1,no_media,0,2,2023-01,0.0,0.0,1.0,0,0.0,0,0.0,0,0.0,0,0.0,1,1.0,0,0.0,0,0.0,0,0.0,0,0.0
IStarive,2,1,no_media,0,2,2022-12,0.0,0.0,0.0,0,0.0,0,0.0,0,0.0,0,0.0,0,0.0,0,0.0,0,0.0,0,0.0,1,1.0
IssacOnly,5,4,wemedia_only,10,4,2023-02,0.0,0.0,0.5,0,0.0,0,0.0,0,0.0,0,0.0,2,0.5,1,0.25,0,0.0,1,0.25,0,0.0
JoeJohn,4,3,mainstream_only,2,4,2023-10,0.0,0.0,1.0,0,0.0,0,0.0,0,0.0,0,0.0,3,1.0,0,0.0,0,0.0,0,0.0,0,0.0
JohnnieWalker_,2,1,no_media,0,2,2023-01,0.0,0.0,0.0,0,0.0,0,0.0,0,0.0,0,0.0,0,0.0,0,0.0,0,0.0,0,0.0,1,1.0
Jokielicious,5,4,no_media,8,4,2022-09,0.25,0.5,0.25,0,0.0,1,0.25,1,0.25,0,0.0,1,0.25,0,0.0,1,0.25,0,0.0,0,0.0
Kamaria清和,2,1,no_media,3,2,2022-12,0.0,0.0,0.0,1,1.0,0,0.0,0,0.0,0,0.0,0,0.0,0,0.0,0,0.0,0,0.0,0,0.0
Kathy_run,2,1,mainstream_only,1,1,2022-03,0.0,0.0,1.0,0,0.0,0,0.0,0,0.0,0,0.0,1,1.0,0,0.0,0,0.0,0,0.0,0,0.0
Kneedoyeah2020,3,2,wemedia_only,5,3,2023-09,0.0,0.5,0.5,0,0.0,1,0.5,0,0.0,0,0.0,1,0.5,0,0.0,0,0.0,0,0.0,0,0.0
KrisFish,6,5,wemedia_only,5,4,2023-08,0.2,0.2,0.6,0,0.0,1,0.2,0,0.0,1,0.2,3,0.6,0,0.0,0,0.0,0,0.0,0,0.0
Kudo_Ran_sr,4,3,wemedia_only,3,4,2024-01,0.3333333333333333,0.3333333333333333,0.3333333333333333,0,0.0,1,0.3333333333333333,0,0.0,1,0.3333333333333333,1,0.3333333333333333,0,0.0,0,0.0,0,0.0,0,0.0
K少家的阿菲,2,1,wemedia_only,2,1,2023-02,0.0,0.0,1.0,0,0.0,0,0.0,0,0.0,0,0.0,1,1.0,0,0.0,0,0.0,0,0.0,0,0.0
LIFECARE健康,2,1,no_media,0,2,2022-08,1.0,0.0,0.0,0,0.0,0,0.0,0,0.0,1,1.0,0,0.0,0,0.0,0,0.0,0,0.0,0,0.0
LTV港城365,7,6,no_media,0,7,2020-02,0.0,0.0,1.0,0,0.0,0,0.0,0,0.0,0,0.0,6,1.0,0,0.0,0,0.0,0,0.0,0,0.0
L__-__L,3,2,no_media,20,3,2023-01,0.0,0.5,0.0,0,0.0,0,0.0,1,0.5,0,0.0,0,0.0,0,0.0,0,0.0,0,0.0,1,0.5
Lady--雅小贝,2,1,wemedia_only,1,2,2023-02,0.0,0.0,1.0,0,0.0,0,0.0,0,0.0,0,0.0,1,1.0,0,0.0,0,0.0,0,0.0,0,0.0
LeninadeIV,2,1,mainstream_only,1,2,2023-06,1.0,0.0,0.0,0,0.0,0,0.0,0,0.0,0,0.0,0,0.0,0,0.0,1,1.0,0,0.0,0,0.0
LingelChan,2,1,no_media,0,2,2023-04,0.0,0.0,0.0,1,1.0,0,0.0,0,0.0,0,0.0,0,0.0,0,0.0,0,0.0,0,0.0,0,0.0
Li了个梨,2,1,no_media,6,1,2022-12,0.0,0.0,0.0,0,0.0,0,0.0,0,0.0,0,0.0,0,0.0,0,0.0,0,0.0,0,0.0,1,1.0
Lockhoi,2,1,mainstream_only,1,2,2023-11,0.0,1.0,0.0,0,0.0,1,1.0,0,0.0,0,0.0,0,0.0,0,0.0,0,0.0,0,0.0,0,0.0
Louis-1,2,1,mainstream_only,4,2,2023-03,0.0,1.0,0.0,0,0.0,1,1.0,0,0.0,0,0.0,0,0.0,0,0.0,0,0.0,0,0.0,0,0.0
LumiereNoire,8,7,wemedia_only,9,7,2023-03,0.42857142857142855,0.42857142857142855,0.14285714285714285,0,0.0,3,0.42857142857142855,0,0.0,3,0.42857142857142855,1,0.14285714285714285,0,0.0,0,0.0,0,0.0,0,0.0
Lyra_Garuru改二,3,2,wemedia_only,3,3,2023-05,0.0,0.5,0.5,0,0.0,1,0.5,0,0.0,0,0.0,1,0.5,0,0.0,0,0.0,0,0.0,0,0.0
MAGDALL-死线战士,2,1,mainstream_only,2,2,2023-05,0.0,0.0,0.0,1,1.0,0,0.0,0,0.0,0,0.0,0,0.0,0,0.0,0,0.0,0,0.0,0,0.0
MNT筋膜空间平衡,3,2,no_media,0,2,2023-02,0.0,0.0,1.0,0,0.0,0,0.0,0,0.0,0,0.0,2,1.0,0,0.0,0,0.0,0,0.0,0,0.0
MOREPEN,2,1,mainstream_only,7,2,2022-12,0.0,0.0,1.0,0,0.0,0,0.0,0,0.0,0,0.0,1,1.0,0,0.0,0,0.0,0,0.0,0,0.0
MaoTaiPianzhi茅台片仔癀,60,59,dual,80,39,2023-01,0.13559322033898305,0.13559322033898305,0.4745762711864407,3,0.05084745762711865,3,0.05084745762711865,5,0.0847457627118644,5,0.0847457627118644,28,0.4745762711864407,5,0.0847457627118644,3,0.05084745762711865,7,0.11864406779661017,0,0.0
Me-米米,4,3,mainstream_only,3,4,2023-02,0.3333333333333333,0.3333333333333333,0.3333333333333333,0,0.0,1,0.3333333333333333,0,0.0,1,0.3333333333333333,1,0.3333333333333333,0,0.0,0,0.0,0,0.0,0,0.0
MiliTracy2014,2,1,wemedia_only,4,2,2024-03,0.0,0.0,1.0,0,0.0,0,0.0,0,0.0,0,0.0,1,1.0,0,0.0,0,0.0,0,0.0,0,0.0
MiracleCells干细胞库,7,6,no_media,0,7,2023-08,0.0,0.0,1.0,0,0.0,0,0.0,0,0.0,0,0.0,6,1.0,0,0.0,0,0.0,0,0.0,0,0.0
Mozakii,2,1,no_media,1,2,2022-12,0.0,0.0,0.0,0,0.0,0,0.0,0,0.0,0,0.0,0,0.0,0,0.0,0,0.0,1,1.0,0,0.0
MusicFM993,4,3,no_media,0,3,2022-12,0.0,0.0,1.0,0,0.0,0,0.0,0,0.0,0,0.0,3,1.0,0,0.0,0,0.0,0,0.0,0,0.0
NBD视频,2,1,no_media,0,2,2020-02,0.0,0.0,1.0,0,0.0,0,0.0,0,0.0,0,0.0,1,1.0,0,0.0,0,0.0,0,0.0,0,0.0
NBS十八生活,3,2,no_media,0,3,2020-04,0.0,0.0,1.0,0,0.0,0,0.0,0,0.0,0,0.0,2,1.0,0,0.0,0,0.0,0,0.0,0,0.0
NOSTUPID3,33,32,wemedia_only,19,26,2023-02,0.25,0.25,0.28125,5,0.15625,8,0.25,0,0.0,8,0.25,9,0.28125,1,0.03125,0,0.0,1,0.03125,0,0.0
NOWnews今日新闻,28,27,no_media,0,24,2019-03,0.037037037037037035,0.037037037037037035,0.9259259259259259,0,0.0,1,0.037037037037037035,0,0.0,1,0.037037037037037035,25,0.9259259259259259,0,0.0,0,0.0,0,0.0,0,0.0
NS_foreveryoung,8,7,dual,7,8,2023-02,0.2857142857142857,0.2857142857142857,0.14285714285714285,0,0.0,2,0.2857142857142857,0,0.0,1,0.14285714285714285,1,0.14285714285714285,2,0.2857142857142857,1,0.14285714285714285,0,0.0,0,0.0
Nov-1208,3,2,mainstream_only,3,3,2023-06,0.0,0.0,1.0,0,0.0,0,0.0,0,0.0,0,0.0,2,1.0,0,0.0,0,0.0,0,0.0,0,0.0
N视频,10,9,no_media,0,10,2020-02,0.0,0.0,1.0,0,0.0,0,0.0,0,0.0,0,0.0,9,1.0,0,0.0,0,0.0,0,0.0,0,0.0
OOOOOOOO剌猬哋oooo1些事,5,4,mainstream_only,4,5,2023-06,0.25,0.0,0.75,0,0.0,0,0.0,0,0.0,1,0.25,3,0.75,0,0.0,0,0.0,0,0.0,0,0.0
PSproca,6,5,wemedia_only,5,6,2024-08,0.0,0.0,1.0,0,0.0,0,0.0,0,0.0,0,0.0,5,1.0,0,0.0,0,0.0,0,0.0,0,0.0
PandaROFL,2,1,wemedia_only,5,2,2024-04,0.0,0.0,1.0,0,0.0,0,0.0,0,0.0,0,0.0,1,1.0,0,0.0,0,0.0,0,0.0,0,0.0
PiuBobo_,2,1,mainstream_only,2,2,2023-02,0.0,0.0,0.0,0,0.0,0,0.0,0,0.0,0,0.0,0,0.0,0,0.0,0,0.0,1,1.0,0,0.0
PretendCole,2,1,no_media,0,2,2023-01,0.0,0.0,0.0,0,0.0,0,0.0,0,0.0,0,0.0,0,0.0,0,0.0,0,0.0,0,0.0,1,1.0
QH岐黄网,30,29,no_media,0,27,2021-05,0.0,0.0,0.9310344827586207,0,0.0,0,0.0,0,0.0,0,0.0,27,0.9310344827586207,0,0.0,0,0.0,1,0.034482758620689655,1,0.034482758620689655
Qianniansea,2,1,wemedia_only,4,2,2023-02,0.0,1.0,0.0,0,0.0,1,1.0,0,0.0,0,0.0,0,0.0,0,0.0,0,0.0,0,0.0,0,0.0
RealMadrid,3,2,mainstream_only,2,3,2023-02,0.5,0.0,0.5,0,0.0,0,0.0,0,0.0,1,0.5,1,0.5,0,0.0,0,0.0,0,0.0,0,0.0
RuudSchell,3,2,wemedia_only,4,3,2023-08,0.0,0.0,1.0,0,0.0,0,0.0,0,0.0,0,0.0,2,1.0,0,0.0,0,0.0,0,0.0,0,0.0
SARS_VOC_Tracker,2,1,no_media,0,2,2023-01,0.0,0.0,1.0,0,0.0,0,0.0,0,0.0,0,0.0,1,1.0,0,0.0,0,0.0,0,0.0,0,0.0
SODAsogagaga,4,3,no_media,1,3,2022-12,0.0,0.0,0.0,0,0.0,0,0.0,0,0.0,0,0.0,0,0.0,1,0.3333333333333333,0,0.0,1,0.3333333333333333,1,0.3333333333333333
SOSOX_,2,1,mainstream_only,2,2,2023-04,0.0,0.0,1.0,0,0.0,0,0.0,0,0.0,0,0.0,1,1.0,0,0.0,0,0.0,0,0.0,0,0.0
SUNSHINE雅雅666,3,2,no_media,5,2,2023-01,0.0,0.5,0.0,1,0.5,0,0.0,1,0.5,0,0.0,0,0.0,0,0.0,0,0.0,0,0.0,0,0.0
Seien是一条大咸鱼,2,1,no_media,0,1,2023-02,0.0,1.0,0.0,0,0.0,0,0.0,1,1.0,0,0.0,0,0.0,0,0.0,0,0.0,0,0.0,0,0.0
ShiningRay,2,1,wemedia_only,4,2,2023-08,0.0,0.0,1.0,0,0.0,0,0.0,0,0.0,0,0.0,1,1.0,0,0.0,0,0.0,0,0.0,0,0.0
SilveryRoseLily,2,1,wemedia_only,6,2,2023-04,0.0,0.0,1.0,0,0.0,0,0.0,0,0.0,0,0.0,1,1.0,0,0.0,0,0.0,0,0.0,0,0.0
StandByU-II,4,3,dual,5,4,2023-06,0.3333333333333333,0.0,0.0,1,0.3333333333333333,0,0.0,0,0.0,0,0.0,0,0.0,1,0.3333333333333333,1,0.3333333333333333,0,0.0,0,0.0
Starf_cks,3,2,mainstream_only,3,3,2023-05,0.0,0.5,0.0,1,0.5,1,0.5,0,0.0,0,0.0,0,0.0,0,0.0,0,0.0,0,0.0,0,0.0
TXXSYT,5,4,mainstream_only,3,5,2023-05,0.5,0.25,0.25,0,0.0,1,0.25,0,0.0,2,0.5,1,0.25,0,0.0,0,0.0,0,0.0,0,0.0
VNK0252,2,1,mainstream_only,2,2,2024-05,0.0,0.0,1.0,0,0.0,0,0.0,0,0.0,0,0.0,1,1.0,0,0.0,0,0.0,0,0.0,0,0.0
V新派网,2,1,no_media,0,2,2023-01,0.0,0.0,1.0,0,0.0,0,0.0,0,0.0,0,0.0,1,1.0,0,0.0,0,0.0,0,0.0,0,0.0
WS偏执狂,2,1,no_media,0,1,2022-03,0.0,1.0,0.0,0,0.0,1,1.0,0,0.0,0,0.0,0,0.0,0,0.0,0,0.0,0,0.0,0,0.0
Wuli小小精灵,2,1,no_media,0,2,2023-06,0.0,0.0,0.0,1,1.0,0,0.0,0,0.0,0,0.0,0,0.0,0,0.0,0,0.0,0,0.0,0,0.0
Y1ZE,5,4,no_media,0,4,2022-04,0.0,0.0,1.0,0,0.0,0,0.0,0,0.0,0,0.0,4,1.0,0,0.0,0,0.0,0,0.0,0,0.0
YG-iiiiiii,2,1,no_media,4,2,2022-12,0.0,1.0,0.0,0,0.0,1,1.0,0,0.0,0,0.0,0,0.0,0,0.0,0,0.0,0,0.0,0,0.0
YS_鸭比,2,1,no_media,0,1,2022-12,0.0,1.0,0.0,0,0.0,0,0.0,1,1.0,0,0.0,0,0.0,0,0.0,0,0.0,0,0.0,0,0.0
YUUKONOTSUBASA,3,2,mainstream_only,4,3,2024-09,0.5,0.0,0.5,0,0.0,0,0.0,0,0.0,1,0.5,1,0.5,0,0.0,0,0.0,0,0.0,0,0.0
ZJHtakayama373,2,1,wemedia_only,4,2,2023-08,0.0,0.0,1.0,0,0.0,0,0.0,0,0.0,0,0.0,1,1.0,0,0.0,0,0.0,0,0.0,0,0.0
ZYZY_1219,2,1,no_media,1,2,2022-12,0.0,0.0,1.0,0,0.0,0,0.0,0,0.0,0,0.0,1,1.0,0,0.0,0,0.0,0,0.0,0,0.0
Zenobruto,11,10,mainstream_only,8,10,2022-11,0.1,0.1,0.7,1,0.1,1,0.1,0,0.0,1,0.1,7,0.7,0,0.0,0,0.0,0,0.0,0,0.0
Zoe_DD,2,1,no_media,1,2,2023-02,0.0,1.0,0.0,0,0.0,0,0.0,1,1.0,0,0.0,0,0.0,0,0.0,0,0.0,0,0.0,0,0.0
__睡不醒小姐,2,1,no_media,0,2,2022-12,0.0,0.0,0.0,0,0.0,0,0.0,0,0.0,0,0.0,0,0.0,0,0.0,0,0.0,0,0.0,1,1.0
_清香集,5,4,mainstream_only,3,5,2023-12,0.25,0.5,0.0,0,0.0,2,0.5,0,0.0,1,0.25,0,0.0,1,0.25,0,0.0,0,0.0,0,0.0
_苏沐瑶_,5,4,dual,6,5,2023-05,0.0,0.0,1.0,0,0.0,0,0.0,0,0.0,0,0.0,4,1.0,0,0.0,0,0.0,0,0.0,0,0.0
_阿阿阿阿阿晶er,2,1,wemedia_only,2,2,2023-01,0.0,0.0,0.0,0,0.0,0,0.0,0,0.0,0,0.0,0,0.0,0,0.0,0,0.0,0,0.0,1,1.0
alizee22,2,1,mainstream_only,3,2,2023-02,0.0,0.0,1.0,0,0.0,0,0.0,0,0.0,0,0.0,1,1.0,0,0.0,0,0.0,0,0.0,0,0.0
a多言数穷不如守中,3,2,wemedia_only,10,3,2024-09,0.0,0.0,1.0,0,0.0,0,0.0,0,0.0,0,0.0,2,1.0,0,0.0,0,0.0,0,0.0,0,0.0
baby-unicorn,44,43,dual,28,43,2022-12,0.23255813953488372,0.20930232558139536,0.46511627906976744,4,0.09302325581395349,9,0.20930232558139536,0,0.0,10,0.23255813953488372,20,0.46511627906976744,0,0.0,0,0.0,0,0.0,0,0.0
balancedoll,9,8,mainstream_only,7,9,2023-05,0.125,0.125,0.625,1,0.125,1,0.125,0,0.0,1,0.125,5,0.625,0,0.0,0,0.0,0,0.0,0,0.0
bobisaman,2,1,mainstream_only,2,2,2023-02,0.0,1.0,0.0,0,0.0,1,1.0,0,0.0,0,0.0,0,0.0,0,0.0,0,0.0,0,0.0,0,0.0
c-lu-a,2,1,mainstream_only,3,2,2023-07,0.0,0.0,0.0,0,0.0,0,0.0,0,0.0,0,0.0,0,0.0,0,0.0,0,0.0,1,1.0,0,0.0
caocaocaopi999,4,3,mainstream_only,6,4,2023-10,0.3333333333333333,0.0,0.0,2,0.6666666666666666,0,0.0,0,0.0,1,0.3333333333333333,0,0.0,0,0.0,0,0.0,0,0.0,0,0.0
daboboye,2,1,wemedia_only,2,2,2023-02,0.0,0.0,0.0,0,0.0,0,0.0,0,0.0,0,0.0,0,0.0,0,0.0,0,0.0,1,1.0,0,0.0
devil4405,2,1,mainstream_only,2,2,2024-04,0.0,0.0,0.0,0,0.0,0,0.0,0,0.0,0,0.0,0,0.0,1,1.0,0,0.0,0,0.0,0,0.0
dingxiang50,22,21,mainstream_only,7,18,2023-07,0.23809523809523808,0.19047619047619047,0.3333333333333333,3,0.14285714285714285,4,0.19047619047619047,0,0.0,4,0.19047619047619047,7,0.3333333333333333,1,0.047619047619047616,1,0.047619047619047616,0,0.0,1,0.047619047619047616
dlnsz,9,8,wemedia_only,7,9,2024-01,0.0,0.0,0.0,8,1.0,0,0.0,0,0.0,0,0.0,0,0.0,0,0.0,0,0.0,0,0.0,0,0.0
doomgnu_,2,1,mainstream_only,3,2,2023-09,0.0,0.0,1.0,0,0.0,0,0.0,0,0.0,0,0.0,1,1.0,0,0.0,0,0.0,0,0.0,0,0.0
ebnash,31,30,wemedia_only,35,29,2023-02,0.16666666666666666,0.2,0.5,2,0.06666666666666667,4,0.13333333333333333,2,0.06666666666666667,5,0.16666666666666666,15,0.5,0,0.0,0,0.0,2,0.06666666666666667,0,0.0
evanfink西瓜,2,1,no_media,0,2,2023-01,0.0,1.0,0.0,0,0.0,1,1.0,0,0.0,0,0.0,0,0.0,0,0.0,0,0.0,0,0.0,0,0.0
flex66,11,10,wemedia_only,16,10,2023-11,0.1,0.0,0.4,3,0.3,0,0.0,0,0.0,1,0.1,4,0.4,1,0.1,0,0.0,1,0.1,0,0.0
gaoxiaowu98,2,1,mainstream_only,2,2,2024-03,0.0,0.0,1.0,0,0.0,0,0.0,0,0.0,0,0.0,1,1.0,0,0.0,0,0.0,0,0.0,0,0.0
huabiwei,12,11,dual,18,12,2023-02,0.0,0.09090909090909091,0.9090909090909091,0,0.0,1,0.09090909090909091,0,0.0,0,0.0,10,0.9090909090909091,0,0.0,0,0.0,0,0.0,0,0.0
ipandmac,2,1,mainstream_only,2,2,2024-03,1.0,0.0,0.0,0,0.0,0,0.0,0,0.0,1,1.0,0,0.0,0,0.0,0,0.0,0,0.0,0,0.0
jlj6661_pkl,3,2,wemedia_only,10,3,2023-03,0.0,0.0,1.0,0,0.0,0,0.0,0,0.0,0,0.0,2,1.0,0,0.0,0,0.0,0,0.0,0,0.0
jrry86,14,13,wemedia_only,16,14,2023-05,0.3076923076923077,0.23076923076923078,0.23076923076923078,3,0.23076923076923078,3,0.23076923076923078,0,0.0,4,0.3076923076923077,3,0.23076923076923078,0,0.0,0,0.0,0,0.0,0,0.0
k-lin007,2,1,mainstream_only,2,2,2023-02,0.0,0.0,1.0,0,0.0,0,0.0,0,0.0,0,0.0,1,1.0,0,0.0,0,0.0,0,0.0,0,0.0
lavender-loyal,5,4,dual,21,5,2023-04,0.0,0.25,0.75,0,0.0,1,0.25,0,0.0,0,0.0,3,0.75,0,0.0,0,0.0,0,0.0,0,0.0
linger是学渣,2,1,no_media,1,2,2022-04,0.0,1.0,0.0,0,0.0,0,0.0,1,1.0,0,0.0,0,0.0,0,0.0,0,0.0,0,0.0,0,0.0
loskyyyyloccyy,3,2,wemedia_only,4,2,2023-01,0.0,0.0,1.0,0,0.0,0,0.0,0,0.0,0,0.0,2,1.0,0,0.0,0,0.0,0,0.0,0,0.0
lrine伊琳,2,1,wemedia_only,2,2,2022-12,0.0,0.0,0.0,0,0.0,0,0.0,0,0.0,0,0.0,0,0.0,0,0.0,0,0.0,0,0.0,1,1.0
lsmzcty,9,8,mainstream_only,11,9,2023-05,0.25,0.125,0.375,2,0.25,1,0.125,0,0.0,2,0.25,3,0.375,0,0.0,0,0.0,0,0.0,0,0.0
luntan77508,2,1,mainstream_only,2,2,2023-05,1.0,0.0,0.0,0,0.0,0,0.0,0,0.0,0,0.0,0,0.0,0,0.0,1,1.0,0,0.0,0,0.0
lxwbk,3,2,wemedia_only,2,3,2023-09,0.0,0.0,1.0,0,0.0,0,0.0,0,0.0,0,0.0,2,1.0,0,0.0,0,0.0,0,0.0,0,0.0
myra就是笙於,5,4,mainstream_only,7,4,2022-12,0.0,0.0,1.0,0,0.0,0,0.0,0,0.0,0,0.0,4,1.0,0,0.0,0,0.0,0,0.0,0,0.0
nan晨露,2,1,no_media,0,2,2022-12,0.0,1.0,0.0,0,0.0,0,0.0,1,1.0,0,0.0,0,0.0,0,0.0,0,0.0,0,0.0,0,0.0
netpupa8310,2,1,wemedia_only,2,2,2023-05,0.0,1.0,0.0,0,0.0,1,1.0,0,0.0,0,0.0,0,0.0,0,0.0,0,0.0,0,0.0,0,0.0
nipponcom,4,3,no_media,0,4,2022-03,0.0,0.0,0.3333333333333333,0,0.0,0,0.0,0,0.0,0,0.0,1,0.3333333333333333,1,0.3333333333333333,0,0.0,1,0.3333333333333333,0,0.0
nobodymomo123,3,2,mainstream_only,2,3,2023-02,0.0,0.0,1.0,0,0.0,0,0.0,0,0.0,0,0.0,2,1.0,0,0.0,0,0.0,0,0.0,0,0.0
olisa912,2,1,mainstream_only,5,2,2021-11,0.0,0.0,1.0,0,0.0,0,0.0,0,0.0,0,0.0,1,1.0,0,0.0,0,0.0,0,0.0,0,0.0
ousmz,27,26,wemedia_only,25,23,2023-02,0.11538461538461539,0.11538461538461539,0.6538461538461539,0,0.0,3,0.11538461538461539,0,0.0,3,0.11538461538461539,17,0.6538461538461539,2,0.07692307692307693,0,0.0,1,0.038461538461538464,0,0.0
qmcloud,2,1,no_media,0,2,2023-01,0.0,0.0,0.0,0,0.0,0,0.0,0,0.0,0,0.0,0,0.0,0,0.0,0,0.0,1,1.0,0,0.0
raruku2010或者叫口袋,2,1,dual,5,2,2023-05,0.0,0.0,0.0,0,0.0,0,0.0,0,0.0,0,0.0,0,0.0,0,0.0,0,0.0,1,1.0,0,0.0
rushinger333,3,2,mainstream_only,3,3,2023-11,0.0,0.0,1.0,0,0.0,0,0.0,0,0.0,0,0.0,2,1.0,0,0.0,0,0.0,0,0.0,0,0.0
sanna-sanna,18,17,no_media,7,15,2022-08,0.23529411764705882,0.17647058823529413,0.5294117647058824,0,0.0,3,0.17647058823529413,0,0.0,3,0.17647058823529413,9,0.5294117647058824,1,0.058823529411764705,1,0.058823529411764705,0,0.0,0,0.0
sap233,4,3,mainstream_only,3,4,2023-08,0.3333333333333333,0.0,0.6666666666666666,0,0.0,0,0.0,0,0.0,1,0.3333333333333333,2,0.6666666666666666,0,0.0,0,0.0,0,0.0,0,0.0
shayatou08,2,1,wemedia_only,1,1,2023-09,0.0,0.0,1.0,0,0.0,0,0.0,0,0.0,0,0.0,1,1.0,0,0.0,0,0.0,0,0.0,0,0.0
shirley505,2,1,wemedia_only,3,2,2023-11,0.0,0.0,1.0,0,0.0,0,0.0,0,0.0,0,0.0,1,1.0,0,0.0,0,0.0,0,0.0,0,0.0
swu宋明,2,1,wemedia_only,1,2,2022-12,0.0,0.0,1.0,0,0.0,0,0.0,0,0.0,0,0.0,1,1.0,0,0.0,0,0.0,0,0.0,0,0.0
vanillaninjal,7,6,wemedia_only,10,6,2023-01,0.16666666666666666,0.0,0.8333333333333334,0,0.0,0,0.0,0,0.0,1,0.16666666666666666,5,0.8333333333333334,0,0.0,0,0.0,0,0.0,0,0.0
wenray来了,5,4,mainstream_only,6,4,2023-05,0.5,0.5,0.0,0,0.0,2,0.5,0,0.0,2,0.5,0,0.0,0,0.0,0,0.0,0,0.0,0,0.0
whoiscathy,2,1,mainstream_only,1,2,2023-02,0.0,0.0,0.0,0,0.0,0,0.0,0,0.0,0,0.0,0,0.0,1,1.0,0,0.0,0,0.0,0,0.0
will_harris,2,1,wemedia_only,4,2,2022-03,0.0,1.0,0.0,0,0.0,1,1.0,0,0.0,0,0.0,0,0.0,0,0.0,0,0.0,0,0.0,0,0.0
wjsuny2,4,3,wemedia_only,4,4,2023-12,0.0,0.0,1.0,0,0.0,0,0.0,0,0.0,0,0.0,3,1.0,0,0.0,0,0.0,0,0.0,0,0.0
wooooosunnysj,3,2,wemedia_only,5,3,2023-05,0.0,0.5,0.0,1,0.5,1,0.5,0,0.0,0,0.0,0,0.0,0,0.0,0,0.0,0,0.0,0,0.0
wstilden_gu3r9,3,2,wemedia_only,4,2,2024-02,0.0,0.0,1.0,0,0.0,0,0.0,0,0.0,0,0.0,2,1.0,0,0.0,0,0.0,0,0.0,0,0.0
xiangxiang713,2,1,no_media,0,1,2023-01,0.0,1.0,0.0,0,0.0,0,0.0,1,1.0,0,0.0,0,0.0,0,0.0,0,0.0,0,0.0,0,0.0
xiaochaobest,2,1,wemedia_only,2,2,2023-04,0.0,0.0,1.0,0,0.0,0,0.0,0,0.0,0,0.0,1,1.0,0,0.0,0,0.0,0,0.0,0,0.0
xiaozhang2017,3,2,wemedia_only,1,3,2023-03,0.0,0.0,0.5,0,0.0,0,0.0,0,0.0,0,0.0,1,0.5,0,0.0,0,0.0,1,0.5,0,0.0
xx狮子头,3,2,wemedia_only,6,2,2023-10,0.0,0.0,1.0,0,0.0,0,0.0,0,0.0,0,0.0,2,1.0,0,0.0,0,0.0,0,0.0,0,0.0
yayahuhu,2,1,no_media,0,2,2023-01,0.0,0.0,0.0,0,0.0,0,0.0,0,0.0,0,0.0,0,0.0,1,1.0,0,0.0,0,0.0,0,0.0
yuankong198610,22,21,dual,19,19,2023-02,0.047619047619047616,0.047619047619047616,0.9047619047619048,0,0.0,1,0.047619047619047616,0,0.0,1,0.047619047619047616,19,0.9047619047619048,0,0.0,0,0.0,0,0.0,0,0.0
yuefeng555,2,1,wemedia_only,3,2,2022-08,0.0,0.0,1.0,0,0.0,0,0.0,0,0.0,0,0.0,1,1.0,0,0.0,0,0.0,0,0.0,0,0.0
yx希望_,8,7,wemedia_only,8,8,2023-05,0.14285714285714285,0.14285714285714285,0.42857142857142855,0,0.0,0,0.0,1,0.14285714285714285,1,0.14285714285714285,3,0.42857142857142855,1,0.14285714285714285,0,0.0,1,0.14285714285714285,0,0.0
yyli,4,3,mainstream_only,5,4,2023-07,0.0,0.0,1.0,0,0.0,0,0.0,0,0.0,0,0.0,3,1.0,0,0.0,0,0.0,0,0.0,0,0.0
zhajiho,2,1,no_media,0,2,2023-03,0.0,0.0,0.0,0,0.0,0,0.0,0,0.0,0,0.0,0,0.0,1,1.0,0,0.0,0,0.0,0,0.0
zhongdiangz,3,2,wemedia_only,10,3,2023-07,0.5,0.5,0.0,0,0.0,1,0.5,0,0.0,1,0.5,0,0.0,0,0.0,0,0.0,0,0.0,0,0.0
zigamber,3,2,wemedia_only,4,3,2023-05,0.5,0.0,0.5,0,0.0,0,0.0,0,0.0,1,0.5,1,0.5,0,0.0,0,0.0,0,0.0,0,0.0
zzz宋博嘉,2,1,no_media,1,2,2023-07,0.0,0.0,0.0,0,0.0,0,0.0,0,0.0,0,0.0,0,0.0,0,0.0,0,0.0,0,0.0,1,1.0
一一界秧农时02610,2,1,no_media,5,2,2023-05,0.0,0.0,1.0,0,0.0,0,0.0,0,0.0,0,0.0,1,1.0,0,0.0,0,0.0,0,0.0,0,0.0
一个人的街角zt,2,1,no_media,14,2,2023-01,0.0,0.0,0.0,1,1.0,0,0.0,0,0.0,0,0.0,0,0.0,0,0.0,0,0.0,0,0.0,0,0.0
一二三Jane,5,4,dual,6,5,2023-02,0.25,0.0,0.5,0,0.0,0,0.0,0,0.0,1,0.25,2,0.5,0,0.0,0,0.0,1,0.25,0,0.0
一团矛盾-中医药探讨,35,34,mainstream_only,38,31,2023-09,0.029411764705882353,0.029411764705882353,0.8823529411764706,0,0.0,1,0.029411764705882353,0,0.0,1,0.029411764705882353,30,0.8823529411764706,1,0.029411764705882353,0,0.0,1,0.029411764705882353,0,0.0
一把小汗,4,3,mainstream_only,2,4,2023-12,0.0,0.0,0.3333333333333333,0,0.0,0,0.0,0,0.0,0,0.0,1,0.3333333333333333,1,0.3333333333333333,0,0.0,1,0.3333333333333333,0,0.0
一直呐喊到世界的尽头,2,1,no_media,0,1,2022-03,0.0,0.0,1.0,0,0.0,0,0.0,0,0.0,0,0.0,1,1.0,0,0.0,0,0.0,0,0.0,0,0.0
一道激光1212,2,1,no_media,0,1,2022-03,0.0,0.0,1.0,0,0.0,0,0.0,0,0.0,0,0.0,1,1.0,0,0.0,0,0.0,0,0.0,0,0.0
丁声基,5,4,wemedia_only,6,5,2023-07,0.0,0.0,0.5,0,0.0,0,0.0,0,0.0,0,0.0,2,0.5,1,0.25,0,0.0,1,0.25,0,0.0
七环视频,20,19,no_media,0,17,2020-02,0.0,0.0,1.0,0,0.0,0,0.0,0,0.0,0,0.0,19,1.0,0,0.0,0,0.0,0,0.0,0,0.0
七里河发布,11,10,no_media,0,11,2021-03,0.0,0.0,1.0,0,0.0,0,0.0,0,0.0,0,0.0,10,1.0,0,0.0,0,0.0,0,0.0,0,0.0
万万-max,4,3,no_media,4,4,2023-08,0.0,0.0,0.3333333333333333,0,0.0,0,0.0,0,0.0,0,0.0,1,0.3333333333333333,0,0.0,0,0.0,1,0.3333333333333333,1,0.3333333333333333
万事支持哥,3,2,mainstream_only,3,2,2023-02,0.5,0.0,0.0,1,0.5,0,0.0,0,0.0,1,0.5,0,0.0,0,0.0,0,0.0,0,0.0,0,0.0
万州发布,9,8,no_media,0,9,2021-02,0.0,0.0,1.0,0,0.0,0,0.0,0,0.0,0,0.0,8,1.0,0,0.0,0,0.0,0,0.0,0,0.0
万象更新不着相,5,4,mainstream_only,2,5,2023-02,0.5,0.5,0.0,0,0.0,2,0.5,0,0.0,2,0.5,0,0.0,0,0.0,0,0.0,0,0.0,0,0.0
三个老爸实验室,2,1,no_media,15,2,2022-03,0.0,0.0,1.0,0,0.0,0,0.0,0,0.0,0,0.0,1,1.0,0,0.0,0,0.0,0,0.0,0,0.0
三亚日报,10,9,no_media,0,10,2021-02,0.0,0.0,1.0,0,0.0,0,0.0,0,0.0,0,0.0,9,1.0,0,0.0,0,0.0,0,0.0,0,0.0
三友化工小股民600409,3,2,mainstream_only,1,3,2020-03,0.0,0.0,1.0,0,0.0,0,0.0,0,0.0,0,0.0,2,1.0,0,0.0,0,0.0,0,0.0,0,0.0
三台交警大队,2,1,no_media,0,2,2022-04,0.0,0.0,1.0,0,0.0,0,0.0,0,0.0,0,0.0,1,1.0,0,0.0,0,0.0,0,0.0,0,0.0
三峡日报,36,35,no_media,0,32,2020-02,0.0,0.0,1.0,0,0.0,0,0.0,0,0.0,0,0.0,35,1.0,0,0.0,0,0.0,0,0.0,0,0.0
三思逍遥,12,11,no_media,8,12,2022-03,0.0,0.0,1.0,0,0.0,0,0.0,0,0.0,0,0.0,11,1.0,0,0.0,0,0.0,0,0.0,0,0.0
三无_六不,5,4,dual,8,5,2023-01,0.25,0.0,0.5,0,0.0,0,0.0,0,0.0,1,0.25,2,0.5,0,0.0,0,0.0,1,0.25,0,0.0
三明日报,6,5,no_media,0,6,2020-03,0.0,0.0,1.0,0,0.0,0,0.0,0,0.0,0,0.0,5,1.0,0,0.0,0,0.0,0,0.0,0,0.0
三月暒辰,2,1,mainstream_only,3,2,2023-02,0.0,0.0,1.0,0,0.0,0,0.0,0,0.0,0,0.0,1,1.0,0,0.0,0,0.0,0,0.0,0,0.0
三水之诗,3,2,no_media,2,3,2023-01,0.0,0.5,0.0,0,0.0,0,0.0,1,0.5,0,0.0,0,0.0,0,0.0,0,0.0,0,0.0,1,0.5
三福耳耳,2,1,no_media,2,1,2022-03,0.0,0.0,1.0,0,0.0,0,0.0,0,0.0,0,0.0,1,1.0,0,0.0,0,0.0,0,0.0,0,0.0
三秦都市报,22,21,no_media,0,20,2020-02,0.0,0.0,1.0,0,0.0,0,0.0,0,0.0,0,0.0,21,1.0,0,0.0,0,0.0,0,0.0,0,0.0
三联生活周刊,58,57,no_media,0,50,2020-10,0.0,0.0,1.0,0,0.0,0,0.0,0,0.0,0,0.0,57,1.0,0,0.0,0,0.0,0,0.0,0,0.0
上了發條減肥的吃貨,2,1,wemedia_only,1,2,2023-04,1.0,0.0,0.0,0,0.0,0,0.0,0,0.0,1,1.0,0,0.0,0,0.0,0,0.0,0,0.0,0,0.0
上扬嘴角是我,4,3,mainstream_only,4,4,2023-02,0.0,0.3333333333333333,0.0,2,0.6666666666666666,1,0.3333333333333333,0,0.0,0,0.0,0,0.0,0,0.0,0,0.0,0,0.0,0,0.0
上海人捍卫上海,2,1,wemedia_only,2,2,2023-02,0.0,0.0,1.0,0,0.0,0,0.0,0,0.0,0,0.0,1,1.0,0,0.0,0,0.0,0,0.0,0,0.0
上海体育发布,6,5,no_media,0,6,2020-03,0.0,0.0,1.0,0,0.0,0,0.0,0,0.0,0,0.0,5,1.0,0,0.0,0,0.0,0,0.0,0,0.0
上海反邪教,4,3,no_media,0,4,2021-02,0.0,0.0,1.0,0,0.0,0,0.0,0,0.0,0,0.0,3,1.0,0,0.0,0,0.0,0,0.0,0,0.0
上海发布,45,44,no_media,0,44,2020-02,0.0,0.0,1.0,0,0.0,0,0.0,0,0.0,0,0.0,44,1.0,0,0.0,0,0.0,0,0.0,0,0.0
上海奉贤发布,48,47,no_media,0,45,2020-02,0.02127659574468085,0.02127659574468085,0.9574468085106383,0,0.0,1,0.02127659574468085,0,0.0,1,0.02127659574468085,45,0.9574468085106383,0,0.0,0,0.0,0,0.0,0,0.0
上海宝山发布,23,22,no_media,0,22,2020-02,0.0,0.0,1.0,0,0.0,0,0.0,0,0.0,0,0.0,22,1.0,0,0.0,0,0.0,0,0.0,0,0.0
上海工会发布,10,9,no_media,0,10,2022-04,0.0,0.0,1.0,0,0.0,0,0.0,0,0.0,0,0.0,9,1.0,0,0.0,0,0.0,0,0.0,0,0.0
上海徐汇发布,31,30,no_media,0,28,2020-02,0.0,0.0,1.0,0,0.0,0,0.0,0,0.0,0,0.0,30,1.0,0,0.0,0,0.0,0,0.0,0,0.0
上海松江发布,49,48,no_media,0,41,2020-03,0.0,0.0,1.0,0,0.0,0,0.0,0,0.0,0,0.0,48,1.0,0,0.0,0,0.0,0,0.0,0,0.0
上海虹口,40,39,no_media,0,34,2020-03,0.0,0.0,1.0,0,0.0,0,0.0,0,0.0,0,0.0,39,1.0,0,0.0,0,0.0,0,0.0,0,0.0
上海静安,34,33,no_media,0,33,2020-02,0.0,0.0,1.0,0,0.0,0,0.0,0,0.0,0,0.0,33,1.0,0,0.0,0,0.0,0,0.0,0,0.0
上游新闻,30,29,no_media,0,27,2020-03,0.0,0.0,1.0,0,0.0,0,0.0,0,0.0,0,0.0,29,1.0,0,0.0,0,0.0,0,0.0,0,0.0
上观新闻,31,30,no_media,0,28,2020-02,0.0,0.0,1.0,0,0.0,0,0.0,0,0.0,0,0.0,30,1.0,0,0.0,0,0.0,0,0.0,0,0.0
上饶信使,2,1,wemedia_only,1,2,2020-03,0.0,0.0,1.0,0,0.0,0,0.0,0,0.0,0,0.0,1,1.0,0,0.0,0,0.0,0,0.0,0,0.0
下午茶2599,14,13,mainstream_only,5,13,2020-11,0.07692307692307693,0.07692307692307693,0.8461538461538461,0,0.0,1,0.07692307692307693,0,0.0,1,0.07692307692307693,11,0.8461538461538461,0,0.0,0,0.0,0,0.0,0,0.0
不zuo的ph-4,38,37,wemedia_only,19,35,2022-06,0.21621621621621623,0.21621621621621623,0.2972972972972973,1,0.02702702702702703,8,0.21621621621621623,0,0.0,5,0.13513513513513514,11,0.2972972972972973,5,0.13513513513513514,3,0.08108108108108109,2,0.05405405405405406,2,0.05405405405405406
不以物喜666666,2,1,no_media,1,2,2023-03,0.0,0.0,0.0,0,0.0,0,0.0,0,0.0,0,0.0,0,0.0,0,0.0,0,0.0,1,1.0,0,0.0
不吃糖不吃糖就是不吃糖,17,16,wemedia_only,16,10,2023-02,0.25,0.1875,0.125,5,0.3125,3,0.1875,0,0.0,4,0.25,2,0.125,1,0.0625,0,0.0,1,0.0625,0,0.0
不如不曾来,12,11,dual,20,12,2023-05,0.2727272727272727,0.2727272727272727,0.45454545454545453,0,0.0,3,0.2727272727272727,0,0.0,3,0.2727272727272727,5,0.45454545454545453,0,0.0,0,0.0,0,0.0,0,0.0
不如遇春风,3,2,no_media,2,3,2022-12,0.0,0.5,0.5,0,0.0,1,0.5,0,0.0,0,0.0,1,0.5,0,0.0,0,0.0,0,0.0,0,0.0
不希望殖人跟我一样站起来,2,1,no_media,0,1,2022-03,0.0,1.0,0.0,0,0.0,0,0.0,1,1.0,0,0.0,0,0.0,0,0.0,0,0.0,0,0.0,0,0.0
不爱吃粽子的蜗牛,20,19,mainstream_only,8,13,2022-05,0.2631578947368421,0.21052631578947367,0.42105263157894735,2,0.10526315789473684,4,0.21052631578947367,0,0.0,4,0.21052631578947367,8,0.42105263157894735,0,0.0,1,0.05263157894736842,0,0.0,0,0.0
不知名的摄影师Glacier,2,1,wemedia_only,5,2,2022-03,0.0,0.0,1.0,0,0.0,0,0.0,0,0.0,0,0.0,1,1.0,0,0.0,0,0.0,0,0.0,0,0.0
不羁的心,2,1,wemedia_only,3,2,2024-01,1.0,0.0,0.0,0,0.0,0,0.0,0,0.0,1,1.0,0,0.0,0,0.0,0,0.0,0,0.0,0,0.0
不要脸的小男孩,9,8,no_media,1,9,2023-08,0.0,0.0,0.0,0,0.0,0,0.0,0,0.0,0,0.0,0,0.0,0,0.0,0,0.0,0,0.0,8,1.0
不言_Alisa,14,13,no_media,2,12,2023-03,0.0,0.0,0.15384615384615385,0,0.0,0,0.0,0,0.0,0,0.0,2,0.15384615384615385,3,0.23076923076923078,0,0.0,3,0.23076923076923078,5,0.38461538461538464
不隐卷柏,4,3,mainstream_only,5,2,2023-06,0.0,0.0,1.0,0,0.0,0,0.0,0,0.0,0,0.0,3,1.0,0,0.0,0,0.0,0,0.0,0,0.0
专注吃瓜勿cue__,2,1,mainstream_only,2,2,2023-02,1.0,0.0,0.0,0,0.0,0,0.0,0,0.0,1,1.0,0,0.0,0,0.0,0,0.0,0,0.0,0,0.0
且慢明朝,3,2,wemedia_only,1,2,2022-10,0.0,0.5,0.0,1,0.5,1,0.5,0,0.0,0,0.0,0,0.0,0,0.0,0,0.0,0,0.0,0,0.0
业余宽客,3,2,mainstream_only,1,3,2023-05,0.0,0.0,0.5,0,0.0,0,0.0,0,0.0,0,0.0,1,0.5,1,0.5,0,0.0,0,0.0,0,0.0
东亚经贸新闻,2,1,no_media,0,2,2020-02,0.0,0.0,1.0,0,0.0,0,0.0,0,0.0,0,0.0,1,1.0,0,0.0,0,0.0,0,0.0,0,0.0
东北网,23,22,no_media,0,21,2020-02,0.0,0.0,1.0,0,0.0,0,0.0,0,0.0,0,0.0,22,1.0,0,0.0,0,0.0,0,0.0,0,0.0
东南早报,28,27,no_media,0,26,2020-02,0.0,0.0,1.0,0,0.0,0,0.0,0,0.0,0,0.0,27,1.0,0,0.0,0,0.0,0,0.0,0,0.0
东方体育日报,2,1,no_media,0,2,2022-05,0.0,0.0,1.0,0,0.0,0,0.0,0,0.0,0,0.0,1,1.0,0,0.0,0,0.0,0,0.0,0,0.0
东方圣城网,31,30,no_media,0,25,2020-08,0.0,0.0,0.9333333333333333,0,0.0,0,0.0,0,0.0,0,0.0,28,0.9333333333333333,1,0.03333333333333333,0,0.0,1,0.03333333333333333,0,0.0
东方网,51,50,no_media,0,37,2022-04,0.0,0.0,1.0,0,0.0,0,0.0,0,0.0,0,0.0,50,1.0,0,0.0,0,0.0,0,0.0,0,0.0
东方网1站视频,4,3,no_media,0,4,2020-02,0.0,0.0,1.0,0,0.0,0,0.0,0,0.0,0,0.0,3,1.0,0,0.0,0,0.0,0,0.0,0,0.0
东禾w,4,3,wemedia_only,2,4,2025-03,0.0,0.0,0.0,0,0.0,0,0.0,0,0.0,0,0.0,0,0.0,1,0.3333333333333333,0,0.0,1,0.3333333333333333,1,0.3333333333333333
东营广播电视台,13,12,no_media,0,13,2021-08,0.0,0.0,1.0,0,0.0,0,0.0,0,0.0,0,0.0,12,1.0,0,0.0,0,0.0,0,0.0,0,0.0
东营网警,4,3,no_media,0,4,2020-12,0.0,0.0,1.0,0,0.0,0,0.0,0,0.0,0,0.0,3,1.0,0,0.0,0,0.0,0,0.0,0,0.0
东西湖发布,2,1,no_media,0,2,2023-01,0.0,0.0,1.0,0,0.0,0,0.0,0,0.0,0,0.0,1,1.0,0,0.0,0,0.0,0,0.0,0,0.0
中医-刘海龙,2,1,no_media,0,2,2023-01,0.0,0.0,1.0,0,0.0,0,0.0,0,0.0,0,0.0,1,1.0,0,0.0,0,0.0,0,0.0,0,0.0
中医万小草,4,3,no_media,4,4,2023-04,0.0,0.0,1.0,0,0.0,0,0.0,0,0.0,0,0.0,3,1.0,0,0.0,0,0.0,0,0.0,0,0.0
中医内科梁腾霄,6,5,no_media,8,1,2024-01,0.0,0.0,0.6,0,0.0,0,0.0,0,0.0,0,0.0,3,0.6,1,0.2,0,0.0,1,0.2,0,0.0
中医刘双,4,3,wemedia_only,2,4,2023-07,0.0,0.0,1.0,0,0.0,0,0.0,0,0.0,0,0.0,3,1.0,0,0.0,0,0.0,0,0.0,0,0.0
中医刘茜檬,54,53,wemedia_only,10,47,2023-02,0.07547169811320754,0.07547169811320754,0.7358490566037735,2,0.03773584905660377,4,0.07547169811320754,0,0.0,4,0.07547169811320754,39,0.7358490566037735,2,0.03773584905660377,0,0.0,2,0.03773584905660377,0,0.0
中医刘金玲,7,6,no_media,0,7,2023-07,0.0,0.0,1.0,0,0.0,0,0.0,0,0.0,0,0.0,6,1.0,0,0.0,0,0.0,0,0.0,0,0.0
中医吴昌树,13,12,wemedia_only,8,13,2023-04,0.08333333333333333,0.0,0.9166666666666666,0,0.0,0,0.0,0,0.0,1,0.08333333333333333,11,0.9166666666666666,0,0.0,0,0.0,0,0.0,0,0.0
中医周晓卿主任,8,7,no_media,0,8,2023-01,0.0,0.0,0.8571428571428571,0,0.0,0,0.0,0,0.0,0,0.0,6,0.8571428571428571,0,0.0,0,0.0,1,0.14285714285714285,0,0.0
中医妇儿林波,2,1,no_media,12,2,2023-06,0.0,1.0,0.0,0,0.0,1,1.0,0,0.0,0,0.0,0,0.0,0,0.0,0,0.0,0,0.0,0,0.0
中医妇科张继芝,2,1,wemedia_only,1,1,2022-03,0.0,0.0,1.0,0,0.0,0,0.0,0,0.0,0,0.0,1,1.0,0,0.0,0,0.0,0,0.0,0,0.0
中医张恒毅,24,23,wemedia_only,21,22,2023-02,0.043478260869565216,0.043478260869565216,0.5652173913043478,0,0.0,1,0.043478260869565216,0,0.0,1,0.043478260869565216,13,0.5652173913043478,4,0.17391304347826086,0,0.0,4,0.17391304347826086,0,0.0
中医徐柏杨,2,1,no_media,3,2,2023-07,0.0,0.0,1.0,0,0.0,0,0.0,0,0.0,0,0.0,1,1.0,0,0.0,0,0.0,0,0.0,0,0.0
中医朱穆朗玛,4,3,no_media,0,3,2023-08,0.0,0.0,1.0,0,0.0,0,0.0,0,0.0,0,0.0,3,1.0,0,0.0,0,0.0,0,0.0,0,0.0
中医李富贵,4,3,no_media,7,4,2023-07,0.0,0.0,0.3333333333333333,0,0.0,0,0.0,0,0.0,0,0.0,1,0.3333333333333333,1,0.3333333333333333,0,0.0,1,0.3333333333333333,0,0.0
中医李杰,4,3,wemedia_only,1,4,2023-11,0.0,0.0,1.0,0,0.0,0,0.0,0,0.0,0,0.0,3,1.0,0,0.0,0,0.0,0,0.0,0,0.0
中医田应旭,81,80,wemedia_only,99,66,2023-02,0.0375,0.0375,0.8125,0,0.0,1,0.0125,2,0.025,2,0.025,65,0.8125,4,0.05,1,0.0125,5,0.0625,0,0.0
中医米奇,10,9,no_media,1,6,2023-02,0.0,0.0,0.5555555555555556,0,0.0,0,0.0,0,0.0,0,0.0,5,0.5555555555555556,2,0.2222222222222222,0,0.0,2,0.2222222222222222,0,0.0
中医肖阁敏,4,3,no_media,7,4,2022-11,0.0,0.0,1.0,0,0.0,0,0.0,0,0.0,0,0.0,3,1.0,0,0.0,0,0.0,0,0.0,0,0.0
中医范圣华,18,17,wemedia_only,6,18,2023-01,0.0,0.0,1.0,0,0.0,0,0.0,0,0.0,0,0.0,17,1.0,0,0.0,0,0.0,0,0.0,0,0.0
中医蔡良俊,3,2,wemedia_only,2,3,2023-04,0.0,0.0,1.0,0,0.0,0,0.0,0,0.0,0,0.0,2,1.0,0,0.0,0,0.0,0,0.0,0,0.0
中医许煜超,2,1,wemedia_only,2,2,2023-08,0.0,0.0,1.0,0,0.0,0,0.0,0,0.0,0,0.0,1,1.0,0,0.0,0,0.0,0,0.0,0,0.0
中医许玲莉,3,2,no_media,0,3,2023-01,0.0,0.0,1.0,0,0.0,0,0.0,0,0.0,0,0.0,2,1.0,0,0.0,0,0.0,0,0.0,0,0.0
中医郑锦洪,3,2,no_media,0,3,2023-02,0.0,0.0,1.0,0,0.0,0,0.0,0,0.0,0,0.0,2,1.0,0,0.0,0,0.0,0,0.0,0,0.0
中医陈-立发,3,2,no_media,0,3,2023-07,0.0,0.0,1.0,0,0.0,0,0.0,0,0.0,0,0.0,2,1.0,0,0.0,0,0.0,0,0.0,0,0.0
中医陈无己,6,5,wemedia_only,4,6,2023-07,0.0,0.0,1.0,0,0.0,0,0.0,0,0.0,0,0.0,5,1.0,0,0.0,0,0.0,0,0.0,0,0.0
中医黄锐,6,5,wemedia_only,22,6,2023-07,0.0,0.0,1.0,0,0.0,0,0.0,0,0.0,0,0.0,5,1.0,0,0.0,0,0.0,0,0.0,0,0.0
中原常哥,3,2,no_media,0,1,2022-03,0.5,0.5,0.0,0,0.0,1,0.5,0,0.0,1,0.5,0,0.0,0,0.0,0,0.0,0,0.0,0,0.0
中原新哥,2,1,mainstream_only,1,2,2024-01,0.0,0.0,1.0,0,0.0,0,0.0,0,0.0,0,0.0,1,1.0,0,0.0,0,0.0,0,0.0,0,0.0
中原网,10,9,no_media,0,9,2020-02,0.0,0.0,1.0,0,0.0,0,0.0,0,0.0,0,0.0,9,1.0,0,0.0,0,0.0,0,0.0,0,0.0
中国中医药报,52,51,no_media,0,50,2020-04,0.0,0.0,1.0,0,0.0,0,0.0,0,0.0,0,0.0,51,1.0,0,0.0,0,0.0,0,0.0,0,0.0
中国互联网联合辟谣平台,6,5,no_media,0,6,2021-08,0.0,0.0,1.0,0,0.0,0,0.0,0,0.0,0,0.0,5,1.0,0,0.0,0,0.0,0,0.0,0,0.0
中国侨网,31,30,no_media,0,28,2020-03,0.03333333333333333,0.03333333333333333,0.9333333333333333,0,0.0,1,0.03333333333333333,0,0.0,1,0.03333333333333333,28,0.9333333333333333,0,0.0,0,0.0,0,0.0,0,0.0
中国吉林网,12,11,no_media,0,12,2020-03,0.0,0.0,1.0,0,0.0,0,0.0,0,0.0,0,0.0,11,1.0,0,0.0,0,0.0,0,0.0,0,0.0
中国商报,18,17,no_media,0,18,2020-02,0.0,0.0,1.0,0,0.0,0,0.0,0,0.0,0,0.0,17,1.0,0,0.0,0,0.0,0,0.0,0,0.0
中国大学生在线,2,1,no_media,0,1,2022-03,0.0,0.0,1.0,0,0.0,0,0.0,0,0.0,0,0.0,1,1.0,0,0.0,0,0.0,0,0.0,0,0.0
中国妇女报,2,1,no_media,0,2,2021-04,0.0,0.0,1.0,0,0.0,0,0.0,0,0.0,0,0.0,1,1.0,0,0.0,0,0.0,0,0.0,0,0.0
中国宁波网,7,6,no_media,0,7,2021-01,0.16666666666666666,0.16666666666666666,0.6666666666666666,0,0.0,1,0.16666666666666666,0,0.0,1,0.16666666666666666,4,0.6666666666666666,0,0.0,0,0.0,0,0.0,0,0.0
中国工业报,3,2,no_media,0,2,2020-02,0.0,0.0,1.0,0,0.0,0,0.0,0,0.0,0,0.0,2,1.0,0,0.0,0,0.0,0,0.0,0,0.0
中国搜索,22,21,no_media,0,20,2020-02,0.0,0.047619047619047616,0.9523809523809523,0,0.0,1,0.047619047619047616,0,0.0,0,0.0,20,0.9523809523809523,0,0.0,0,0.0,0,0.0,0,0.0
中国教育报,11,10,no_media,0,11,2020-06,0.0,0.0,1.0,0,0.0,0,0.0,0,0.0,0,0.0,10,1.0,0,0.0,0,0.0,0,0.0,0,0.0
中国新闻报,4,3,no_media,0,4,2021-08,0.0,0.0,1.0,0,0.0,0,0.0,0,0.0,0,0.0,3,1.0,0,0.0,0,0.0,0,0.0,0,0.0
中国新闻社,55,54,no_media,0,50,2018-12,0.0,0.0,1.0,0,0.0,0,0.0,0,0.0,0,0.0,54,1.0,0,0.0,0,0.0,0,0.0,0,0.0
中国新闻社贵州分社,9,8,no_media,0,9,2020-02,0.0,0.0,1.0,0,0.0,0,0.0,0,0.0,0,0.0,8,1.0,0,0.0,0,0.0,0,0.0,0,0.0
中国旅游报,4,3,no_media,0,4,2020-02,0.0,0.0,1.0,0,0.0,0,0.0,0,0.0,0,0.0,3,1.0,0,0.0,0,0.0,0,0.0,0,0.0
中国日报-英语点津,10,9,no_media,0,10,2020-09,0.0,0.0,1.0,0,0.0,0,0.0,0,0.0,0,0.0,9,1.0,0,0.0,0,0.0,0,0.0,0,0.0
中国日报中文网,9,8,no_media,0,9,2021-01,0.0,0.0,1.0,0,0.0,0,0.0,0,0.0,0,0.0,8,1.0,0,0.0,0,0.0,0,0.0,0,0.0
中国日报网,52,51,no_media,0,45,2020-03,0.0196078431372549,0.0196078431372549,0.9607843137254902,0,0.0,1,0.0196078431372549,0,0.0,1,0.0196078431372549,49,0.9607843137254902,0,0.0,0,0.0,0,0.0,0,0.0
中国气象局,2,1,no_media,0,2,2017-12,0.0,0.0,1.0,0,0.0,0,0.0,0,0.0,0,0.0,1,1.0,0,0.0,0,0.0,0,0.0,0,0.0
中国水运报,6,5,no_media,0,6,2020-02,0.0,0.0,1.0,0,0.0,0,0.0,0,0.0,0,0.0,5,1.0,0,0.0,0,0.0,0,0.0,0,0.0
中国水运杂志,2,1,no_media,0,1,2021-04,0.0,0.0,1.0,0,0.0,0,0.0,0,0.0,0,0.0,1,1.0,0,0.0,0,0.0,0,0.0,0,0.0
中国江苏网,15,14,no_media,0,14,2020-02,0.0,0.0,1.0,0,0.0,0,0.0,0,0.0,0,0.0,14,1.0,0,0.0,0,0.0,0,0.0,0,0.0
中国江西网,3,2,no_media,0,3,2020-04,0.0,0.0,1.0,0,0.0,0,0.0,0,0.0,0,0.0,2,1.0,0,0.0,0,0.0,0,0.0,0,0.0
中国消费者报,9,8,no_media,0,9,2020-02,0.0,0.0,1.0,0,0.0,0,0.0,0,0.0,0,0.0,8,1.0,0,0.0,0,0.0,0,0.0,0,0.0
中国环境,8,7,no_media,0,8,2017-07,0.0,0.0,1.0,0,0.0,0,0.0,0,0.0,0,0.0,7,1.0,0,0.0,0,0.0,0,0.0,0,0.0
中国科学报,16,15,no_media,0,15,2020-01,0.0,0.0,1.0,0,0.0,0,0.0,0,0.0,0,0.0,15,1.0,0,0.0,0,0.0,0,0.0,0,0.0
中国科普网,11,10,no_media,0,11,2020-01,0.0,0.0,1.0,0,0.0,0,0.0,0,0.0,0,0.0,10,1.0,0,0.0,0,0.0,0,0.0,0,0.0
中国经济周刊,17,16,no_media,0,17,2022-01,0.0,0.0,1.0,0,0.0,0,0.0,0,0.0,0,0.0,16,1.0,0,0.0,0,0.0,0,0.0,0,0.0
中国绿发会,7,6,no_media,0,7,2018-09,0.0,0.0,1.0,0,0.0,0,0.0,0,0.0,0,0.0,6,1.0,0,0.0,0,0.0,0,0.0,0,0.0
中国绿色时报,2,1,no_media,0,2,2023-06,0.0,0.0,1.0,0,0.0,0,0.0,0,0.0,0,0.0,1,1.0,0,0.0,0,0.0,0,0.0,0,0.0
中国网,41,40,no_media,0,40,2020-02,0.0,0.0,1.0,0,0.0,0,0.0,0,0.0,0,0.0,40,1.0,0,0.0,0,0.0,0,0.0,0,0.0
中国网新闻中心,24,23,no_media,0,22,2020-02,0.0,0.0,1.0,0,0.0,0,0.0,0,0.0,0,0.0,23,1.0,0,0.0,0,0.0,0,0.0,0,0.0
中国网直播,5,4,no_media,0,5,2020-04,0.0,0.0,1.0,0,0.0,0,0.0,0,0.0,0,0.0,4,1.0,0,0.0,0,0.0,0,0.0,0,0.0
中国网财经,23,22,no_media,0,20,2021-03,0.0,0.0,1.0,0,0.0,0,0.0,0,0.0,0,0.0,22,1.0,0,0.0,0,0.0,0,0.0,0,0.0
中国长安网,7,6,no_media,0,5,2020-02,0.0,0.0,1.0,0,0.0,0,0.0,0,0.0,0,0.0,6,1.0,0,0.0,0,0.0,0,0.0,0,0.0
中国青年报,2,1,no_media,0,2,2023-01,0.0,0.0,1.0,0,0.0,0,0.0,0,0.0,0,0.0,1,1.0,0,0.0,0,0.0,0,0.0,0,0.0
中国青年网,20,19,no_media,0,19,2020-02,0.0,0.0,1.0,0,0.0,0,0.0,0,0.0,0,0.0,19,1.0,0,0.0,0,0.0,0,0.0,0,0.0
中国食品报,7,6,no_media,0,7,2020-02,0.0,0.0,1.0,0,0.0,0,0.0,0,0.0,0,0.0,6,1.0,0,0.0,0,0.0,0,0.0,0,0.0
中央网信办举报中心,2,1,mainstream_only,2,2,2023-02,0.0,0.0,1.0,0,0.0,0,0.0,0,0.0,0,0.0,1,1.0,0,0.0,0,0.0,0,0.0,0,0.0
中宏网,30,29,no_media,0,29,2020-02,0.0,0.0,1.0,0,0.0,0,0.0,0,0.0,0,0.0,29,1.0,0,0.0,0,0.0,0,0.0,0,0.0
中工网,55,54,no_media,0,50,2021-04,0.0,0.0,1.0,0,0.0,0,0.0,0,0.0,0,0.0,54,1.0,0,0.0,0,0.0,0,0.0,0,0.0
中年爷们,2,1,wemedia_only,3,2,2025-05,0.0,0.0,1.0,0,0.0,0,0.0,0,0.0,0,0.0,1,1.0,0,0.0,0,0.0,0,0.0,0,0.0
中捷司法,6,5,no_media,0,6,2020-03,0.0,0.0,1.0,0,0.0,0,0.0,0,0.0,0,0.0,5,1.0,0,0.0,0,0.0,0,0.0,0,0.0
中新山西,4,3,no_media,0,4,2020-01,0.0,0.0,1.0,0,0.0,0,0.0,0,0.0,0,0.0,3,1.0,0,0.0,0,0.0,0,0.0,0,0.0
中新浙里,23,22,no_media,0,22,2020-02,0.0,0.0,1.0,0,0.0,0,0.0,0,0.0,0,0.0,22,1.0,0,0.0,0,0.0,0,0.0,0,0.0
中新社何蒋勇,2,1,no_media,0,2,2022-01,0.0,0.0,1.0,0,0.0,0,0.0,0,0.0,0,0.0,1,1.0,0,0.0,0,0.0,0,0.0,0,0.0
中新社河北分社,4,3,no_media,0,4,2020-02,0.0,0.0,1.0,0,0.0,0,0.0,0,0.0,0,0.0,3,1.0,0,0.0,0,0.0,0,0.0,0,0.0
中新社福建,5,4,no_media,0,5,2020-02,0.0,0.0,1.0,0,0.0,0,0.0,0,0.0,0,0.0,4,1.0,0,0.0,0,0.0,0,0.0,0,0.0
中新社重庆分社,4,3,no_media,0,4,2020-09,0.0,0.0,1.0,0,0.0,0,0.0,0,0.0,0,0.0,3,1.0,0,0.0,0,0.0,0,0.0,0,0.0
中新网海南,12,11,no_media,0,11,2020-02,0.0,0.0,1.0,0,0.0,0,0.0,0,0.0,0,0.0,11,1.0,0,0.0,0,0.0,0,0.0,0,0.0
中新视频,18,17,no_media,0,17,2020-03,0.0,0.0,1.0,0,0.0,0,0.0,0,0.0,0,0.0,17,1.0,0,0.0,0,0.0,0,0.0,0,0.0
中科大胡不归,27,26,no_media,0,27,2020-02,0.15384615384615385,0.19230769230769232,0.6538461538461539,0,0.0,5,0.19230769230769232,0,0.0,4,0.15384615384615385,17,0.6538461538461539,0,0.0,0,0.0,0,0.0,0,0.0
中西医结合医学微博,30,29,dual,21,25,2023-02,0.0,0.0,1.0,0,0.0,0,0.0,0,0.0,0,0.0,29,1.0,0,0.0,0,0.0,0,0.0,0,0.0
中警安徽,3,2,no_media,0,2,2019-01,0.0,0.0,1.0,0,0.0,0,0.0,0,0.0,0,0.0,2,1.0,0,0.0,0,0.0,0,0.0,0,0.0
丰铝WV,2,1,no_media,0,2,2023-01,0.0,0.0,1.0,0,0.0,0,0.0,0,0.0,0,0.0,1,1.0,0,0.0,0,0.0,0,0.0,0,0.0
临汾政法,4,3,mainstream_only,2,4,2020-03,0.0,0.0,1.0,0,0.0,0,0.0,0,0.0,0,0.0,3,1.0,0,0.0,0,0.0,0,0.0,0,0.0
临沂发布,2,1,no_media,0,2,2022-12,0.0,0.0,1.0,0,0.0,0,0.0,0,0.0,0,0.0,1,1.0,0,0.0,0,0.0,0,0.0,0,0.0
临沂日报,9,8,no_media,0,9,2020-02,0.125,0.0,0.875,0,0.0,0,0.0,0,0.0,1,0.125,7,0.875,0,0.0,0,0.0,0,0.0,0,0.0
临沧政法,3,2,mainstream_only,4,2,2022-12,0.0,0.0,1.0,0,0.0,0,0.0,0,0.0,0,0.0,2,1.0,0,0.0,0,0.0,0,0.0,0,0.0
临渭检察,53,52,no_media,0,29,2020-03,0.0,0.0,1.0,0,0.0,0,0.0,0,0.0,0,0.0,52,1.0,0,0.0,0,0.0,0,0.0,0,0.0
丶夏青莲,2,1,wemedia_only,1,2,2023-05,0.0,0.0,0.0,0,0.0,0,0.0,0,0.0,0,0.0,0,0.0,0,0.0,0,0.0,1,1.0,0,0.0
为了唯一的爱豆开微博的白粥,2,1,wemedia_only,1,1,2020-03,0.0,0.0,1.0,0,0.0,0,0.0,0,0.0,0,0.0,1,1.0,0,0.0,0,0.0,0,0.0,0,0.0
为拦截,2,1,mainstream_only,2,2,2023-11,0.0,0.0,1.0,0,0.0,0,0.0,0,0.0,0,0.0,1,1.0,0,0.0,0,0.0,0,0.0,0,0.0
为曼巴烽狂,3,2,no_media,1,3,2022-12,0.0,0.0,0.0,0,0.0,0,0.0,0,0.0,0,0.0,0,0.0,1,0.5,0,0.0,0,0.0,1,0.5
主播李蔚,2,1,no_media,0,1,2022-11,0.0,0.0,1.0,0,0.0,0,0.0,0,0.0,0,0.0,1,1.0,0,0.0,0,0.0,0,0.0,0,0.0
久鬼,2,1,no_media,0,1,2022-03,1.0,0.0,0.0,0,0.0,0,0.0,0,0.0,1,1.0,0,0.0,0,0.0,0,0.0,0,0.0,0,0.0
乌兰浩特政法,40,39,mainstream_only,8,34,2020-02,0.02564102564102564,0.02564102564102564,0.9487179487179487,0,0.0,1,0.02564102564102564,0,0.0,1,0.02564102564102564,37,0.9487179487179487,0,0.0,0,0.0,0,0.0,0,0.0
乌鲁木齐晚报,4,3,no_media,0,4,2020-02,0.0,0.0,1.0,0,0.0,0,0.0,0,0.0,0,0.0,3,1.0,0,0.0,0,0.0,0,0.0,0,0.0
九九_75209,2,1,wemedia_only,26,2,2023-07,0.0,0.0,1.0,0,0.0,0,0.0,0,0.0,0,0.0,1,1.0,0,0.0,0,0.0,0,0.0,0,0.0
九思想丫一丫,2,1,wemedia_only,8,1,2022-03,0.0,1.0,0.0,0,0.0,1,1.0,0,0.0,0,0.0,0,0.0,0,0.0,0,0.0,0,0.0,0,0.0
九派新闻,10,9,no_media,0,10,2021-05,0.0,0.0,1.0,0,0.0,0,0.0,0,0.0,0,0.0,9,1.0,0,0.0,0,0.0,0,0.0,0,0.0
九派财经,3,2,no_media,0,3,2023-02,0.0,0.0,1.0,0,0.0,0,0.0,0,0.0,0,0.0,2,1.0,0,0.0,0,0.0,0,0.0,0,0.0
九碥技术华泰砭石,2,1,no_media,12,2,2022-07,0.0,0.0,1.0,0,0.0,0,0.0,0,0.0,0,0.0,1,1.0,0,0.0,0,0.0,0,0.0,0,0.0
书玄用心选,6,5,wemedia_only,1,6,2025-06,0.2,0.0,0.0,0,0.0,0,0.0,0,0.0,1,0.2,0,0.0,2,0.4,0,0.0,2,0.4,0,0.0
买臣负薪,4,3,wemedia_only,5,4,2023-05,0.0,0.0,1.0,0,0.0,0,0.0,0,0.0,0,0.0,3,1.0,0,0.0,0,0.0,0,0.0,0,0.0
乾坤俗子,3,2,wemedia_only,1,3,2023-02,0.0,0.5,0.0,1,0.5,1,0.5,0,0.0,0,0.0,0,0.0,0,0.0,0,0.0,0,0.0,0,0.0
乾坤赢得一闲人,5,4,dual,21,5,2023-03,0.25,0.5,0.0,1,0.25,2,0.5,0,0.0,1,0.25,0,0.0,0,0.0,0,0.0,0,0.0,0,0.0
乾坤风标,6,5,mainstream_only,1,6,2023-07,0.2,0.2,0.4,1,0.2,1,0.2,0,0.0,1,0.2,2,0.4,0,0.0,0,0.0,0,0.0,0,0.0
了不起的中国制造,2,1,no_media,1,1,2022-03,0.0,0.0,1.0,0,0.0,0,0.0,0,0.0,0,0.0,1,1.0,0,0.0,0,0.0,0,0.0,0,0.0
二猪,8,7,mainstream_only,7,6,2023-02,0.14285714285714285,0.0,0.7142857142857143,1,0.14285714285714285,0,0.0,0,0.0,1,0.14285714285714285,5,0.7142857142857143,0,0.0,0,0.0,0,0.0,0,0.0
云伴心随风,2,1,wemedia_only,4,2,2022-09,0.0,0.0,1.0,0,0.0,0,0.0,0,0.0,0,0.0,1,1.0,0,0.0,0,0.0,0,0.0,0,0.0
云内黄,3,2,no_media,0,1,2022-03,0.5,0.5,0.0,0,0.0,1,0.5,0,0.0,1,0.5,0,0.0,0,0.0,0,0.0,0,0.0,0,0.0
云南发布,14,13,no_media,0,13,2022-03,0.0,0.0,1.0,0,0.0,0,0.0,0,0.0,0,0.0,13,1.0,0,0.0,0,0.0,0,0.0,0,0.0
云南政法,43,42,mainstream_only,3,37,2020-02,0.0,0.0,1.0,0,0.0,0,0.0,0,0.0,0,0.0,42,1.0,0,0.0,0,0.0,0,0.0,0,0.0
云南法制报,6,5,no_media,0,6,2020-03,0.0,0.0,1.0,0,0.0,0,0.0,0,0.0,0,0.0,5,1.0,0,0.0,0,0.0,0,0.0,0,0.0
云南红河发布,4,3,no_media,0,4,2020-02,0.0,0.0,1.0,0,0.0,0,0.0,0,0.0,0,0.0,3,1.0,0,0.0,0,0.0,0,0.0,0,0.0
云南网,19,18,no_media,0,19,2020-02,0.0,0.0,1.0,0,0.0,0,0.0,0,0.0,0,0.0,18,1.0,0,0.0,0,0.0,0,0.0,0,0.0
云夏kylin,2,1,no_media,0,1,2022-12,0.0,0.0,0.0,0,0.0,0,0.0,0,0.0,0,0.0,0,0.0,0,0.0,0,0.0,0,0.0,1,1.0
云泉微博,2,1,wemedia_only,3,2,2023-01,0.0,0.0,0.0,0,0.0,0,0.0,0,0.0,0,0.0,0,0.0,0,0.0,0,0.0,1,1.0,0,0.0
云现场Live,2,1,no_media,0,1,2022-03,0.0,0.0,1.0,0,0.0,0,0.0,0,0.0,0,0.0,1,1.0,0,0.0,0,0.0,0,0.0,0,0.0
互因科技,30,29,no_media,0,26,2021-01,0.034482758620689655,0.034482758620689655,0.9310344827586207,0,0.0,1,0.034482758620689655,0,0.0,1,0.034482758620689655,27,0.9310344827586207,0,0.0,0,0.0,0,0.0,0,0.0
五道沟视点,2,1,wemedia_only,2,2,2023-11,0.0,0.0,1.0,0,0.0,0,0.0,0,0.0,0,0.0,1,1.0,0,0.0,0,0.0,0,0.0,0,0.0
五龙九知,3,2,no_media,2,2,2023-11,0.0,0.0,1.0,0,0.0,0,0.0,0,0.0,0,0.0,2,1.0,0,0.0,0,0.0,0,0.0,0,0.0
亦灵占星,2,1,mainstream_only,1,1,2022-03,0.0,0.0,1.0,0,0.0,0,0.0,0,0.0,0,0.0,1,1.0,0,0.0,0,0.0,0,0.0,0,0.0
亮剑鸣007,8,7,mainstream_only,6,5,2024-01,0.0,0.0,1.0,0,0.0,0,0.0,0,0.0,0,0.0,7,1.0,0,0.0,0,0.0,0,0.0,0,0.0
亳州晚报,24,23,no_media,0,23,2020-02,0.0,0.0,1.0,0,0.0,0,0.0,0,0.0,0,0.0,23,1.0,0,0.0,0,0.0,0,0.0,0,0.0
亳州检察,2,1,no_media,0,2,2023-01,0.0,0.0,1.0,0,0.0,0,0.0,0,0.0,0,0.0,1,1.0,0,0.0,0,0.0,0,0.0,0,0.0
人民政协报,36,35,no_media,0,35,2020-02,0.0,0.0,1.0,0,0.0,0,0.0,0,0.0,0,0.0,35,1.0,0,0.0,0,0.0,0,0.0,0,0.0
人民政协网,21,20,no_media,0,20,2021-12,0.0,0.0,1.0,0,0.0,0,0.0,0,0.0,0,0.0,20,1.0,0,0.0,0,0.0,0,0.0,0,0.0
人民日报健康客户端,33,32,mainstream_only,1,28,2023-02,0.0,0.0,1.0,0,0.0,0,0.0,0,0.0,0,0.0,32,1.0,0,0.0,0,0.0,0,0.0,0,0.0
人民日报数字传播,2,1,no_media,0,2,2021-08,0.0,0.0,1.0,0,0.0,0,0.0,0,0.0,0,0.0,1,1.0,0,0.0,0,0.0,0,0.0,0,0.0
人民日报海外版-海外网,37,36,no_media,0,37,2020-02,0.05555555555555555,0.05555555555555555,0.8888888888888888,0,0.0,2,0.05555555555555555,0,0.0,2,0.05555555555555555,32,0.8888888888888888,0,0.0,0,0.0,0,0.0,0,0.0
人民网云南频道,9,8,no_media,0,8,2020-02,0.0,0.0,1.0,0,0.0,0,0.0,0,0.0,0,0.0,8,1.0,0,0.0,0,0.0,0,0.0,0,0.0
人民网山东频道,2,1,no_media,0,2,2020-02,0.0,0.0,1.0,0,0.0,0,0.0,0,0.0,0,0.0,1,1.0,0,0.0,0,0.0,0,0.0,0,0.0
人民网河南频道,38,37,no_media,0,33,2021-08,0.0,0.0,1.0,0,0.0,0,0.0,0,0.0,0,0.0,37,1.0,0,0.0,0,0.0,0,0.0,0,0.0
人民网海南视窗,3,2,no_media,0,3,2020-03,0.0,0.0,1.0,0,0.0,0,0.0,0,0.0,0,0.0,2,1.0,0,0.0,0,0.0,0,0.0,0,0.0
人民网湖北频道,10,9,no_media,0,10,2020-02,0.0,0.0,1.0,0,0.0,0,0.0,0,0.0,0,0.0,9,1.0,0,0.0,0,0.0,0,0.0,0,0.0
人籍spirit,3,2,dual,4,3,2023-06,0.5,0.5,0.0,0,0.0,1,0.5,0,0.0,1,0.5,0,0.0,0,0.0,0,0.0,0,0.0,0,0.0
今天也想睡够八小时呀,2,1,wemedia_only,4,1,2020-03,0.0,0.0,1.0,0,0.0,0,0.0,0,0.0,0,0.0,1,1.0,0,0.0,0,0.0,0,0.0,0,0.0
今日剑川,5,4,mainstream_only,5,5,2023-02,0.0,0.0,1.0,0,0.0,0,0.0,0,0.0,0,0.0,4,1.0,0,0.0,0,0.0,0,0.0,0,0.0
今日女报,24,23,no_media,0,23,2020-02,0.0,0.0,0.9565217391304348,0,0.0,0,0.0,0,0.0,0,0.0,22,0.9565217391304348,1,0.043478260869565216,0,0.0,0,0.0,0,0.0
从善如流2021,2,1,wemedia_only,17,2,2022-12,1.0,0.0,0.0,0,0.0,0,0.0,0,0.0,1,1.0,0,0.0,0,0.0,0,0.0,0,0.0,0,0.0
仓鼠乙巴,2,1,wemedia_only,2,2,2024-05,0.0,1.0,0.0,0,0.0,1,1.0,0,0.0,0,0.0,0,0.0,0,0.0,0,0.0,0,0.0,0,0.0
仙桃发布,7,6,no_media,0,7,2020-02,0.0,0.0,1.0,0,0.0,0,0.0,0,0.0,0,0.0,6,1.0,0,0.0,0,0.0,0,0.0,0,0.0
任洪道SolarQ,2,1,no_media,0,2,2022-04,0.0,0.0,1.0,0,0.0,0,0.0,0,0.0,0,0.0,1,1.0,0,0.0,0,0.0,0,0.0,0,0.0
仿生羊会梦见电子萝卜吗,2,1,mainstream_only,1,2,2023-05,0.0,0.0,1.0,0,0.0,0,0.0,0,0.0,0,0.0,1,1.0,0,0.0,0,0.0,0,0.0,0,0.0
伊仕生物美赞医学检验所,2,1,no_media,0,2,2023-02,0.0,0.0,1.0,0,0.0,0,0.0,0,0.0,0,0.0,1,1.0,0,0.0,0,0.0,0,0.0,0,0.0
会宁发布,8,7,no_media,0,7,2020-12,0.0,0.0,1.0,0,0.0,0,0.0,0,0.0,0,0.0,7,1.0,0,0.0,0,0.0,0,0.0,0,0.0
会泽政法,2,1,mainstream_only,5,1,2022-12,0.0,0.0,1.0,0,0.0,0,0.0,0,0.0,0,0.0,1,1.0,0,0.0,0,0.0,0,0.0,0,0.0
会组织会组织会组织,2,1,wemedia_only,3,2,2023-02,1.0,0.0,0.0,0,0.0,0,0.0,0,0.0,1,1.0,0,0.0,0,0.0,0,0.0,0,0.0,0,0.0
传承堂弟子丶万化子,3,2,wemedia_only,8,3,2023-05,0.5,0.5,0.0,0,0.0,1,0.5,0,0.0,1,0.5,0,0.0,0,0.0,0,0.0,0,0.0,0,0.0
传说otto,6,5,no_media,3,5,2023-01,0.0,0.2,0.2,1,0.2,1,0.2,0,0.0,0,0.0,1,0.2,1,0.2,0,0.0,1,0.2,0,0.0
伤太深的左手,2,1,mainstream_only,1,2,2025-01,0.0,0.0,0.0,0,0.0,0,0.0,0,0.0,0,0.0,0,0.0,0,0.0,0,0.0,1,1.0,0,0.0
伯阳先生-段本司,36,35,dual,22,36,2023-02,0.2,0.17142857142857143,0.2,9,0.2571428571428571,4,0.11428571428571428,2,0.05714285714285714,7,0.2,7,0.2,2,0.05714285714285714,0,0.0,4,0.11428571428571428,0,0.0
体坛周报,3,2,no_media,0,3,2020-12,0.0,0.0,1.0,0,0.0,0,0.0,0,0.0,0,0.0,2,1.0,0,0.0,0,0.0,0,0.0,0,0.0
体育狂飙,3,2,no_media,0,1,2022-03,0.5,0.5,0.0,0,0.0,1,0.5,0,0.0,1,0.5,0,0.0,0,0.0,0,0.0,0,0.0,0,0.0
何妨笑吟且徐行,2,1,wemedia_only,2,2,2023-05,0.0,1.0,0.0,0,0.0,1,1.0,0,0.0,0,0.0,0,0.0,0,0.0,0,0.0,0,0.0,0,0.0
余柑果儿,3,2,mainstream_only,1,3,2023-05,0.5,0.0,0.0,0,0.0,0,0.0,0,0.0,0,0.0,0,0.0,1,0.5,1,0.5,0,0.0,0,0.0
佛心蛊虫2,21,20,wemedia_only,13,20,2023-02,0.2,0.25,0.35,3,0.15,5,0.25,0,0.0,3,0.15,7,0.35,1,0.05,1,0.05,0,0.0,0,0.0
佛门之生,6,5,no_media,0,3,2023-02,0.0,0.0,0.0,5,1.0,0,0.0,0,0.0,0,0.0,0,0.0,0,0.0,0,0.0,0,0.0,0,0.0
作家艾瑞思,9,8,mainstream_only,1,9,2023-05,0.0,0.0,1.0,0,0.0,0,0.0,0,0.0,0,0.0,8,1.0,0,0.0,0,0.0,0,0.0,0,0.0
你好台湾网,12,11,no_media,0,10,2020-02,0.09090909090909091,0.09090909090909091,0.8181818181818182,0,0.0,1,0.09090909090909091,0,0.0,1,0.09090909090909091,9,0.8181818181818182,0,0.0,0,0.0,0,0.0,0,0.0
你好啊_493,5,4,mainstream_only,5,3,2023-02,0.25,0.0,0.5,1,0.25,0,0.0,0,0.0,1,0.25,2,0.5,0,0.0,0,0.0,0,0.0,0,0.0
你想弄死我咋地,2,1,no_media,0,2,2023-01,0.0,0.0,0.0,0,0.0,0,0.0,0,0.0,0,0.0,0,0.0,0,0.0,0,0.0,0,0.0,1,1.0
依依的1985,6,5,wemedia_only,8,5,2023-02,0.0,0.0,1.0,0,0.0,0,0.0,0,0.0,0,0.0,5,1.0,0,0.0,0,0.0,0,0.0,0,0.0
依彤828,2,1,no_media,1,2,2023-01,0.0,0.0,0.0,0,0.0,0,0.0,0,0.0,0,0.0,0,0.0,0,0.0,0,0.0,0,0.0,1,1.0
侠客岛,13,12,no_media,0,11,2021-02,0.0,0.0,1.0,0,0.0,0,0.0,0,0.0,0,0.0,12,1.0,0,0.0,0,0.0,0,0.0,0,0.0
倪佩婕PeggyNie,37,36,wemedia_only,2,33,2021-03,0.1111111111111111,0.1111111111111111,0.2222222222222222,1,0.027777777777777776,3,0.08333333333333333,1,0.027777777777777776,1,0.027777777777777776,8,0.2222222222222222,8,0.2222222222222222,3,0.08333333333333333,7,0.19444444444444445,4,0.1111111111111111
偏头痛社区,4,3,no_media,1,4,2022-12,0.0,0.0,0.6666666666666666,0,0.0,0,0.0,0,0.0,0,0.0,2,0.6666666666666666,1,0.3333333333333333,0,0.0,0,0.0,0,0.0
健康中国,45,44,no_media,0,40,2020-05,0.0,0.0,1.0,0,0.0,0,0.0,0,0.0,0,0.0,44,1.0,0,0.0,0,0.0,0,0.0,0,0.0
健康好运酱D姐姐,2,1,wemedia_only,2,2,2023-05,0.0,0.0,1.0,0,0.0,0,0.0,0,0.0,0,0.0,1,1.0,0,0.0,0,0.0,0,0.0,0,0.0
健康我当家,2,1,no_media,0,2,2023-02,0.0,0.0,1.0,0,0.0,0,0.0,0,0.0,0,0.0,1,1.0,0,0.0,0,0.0,0,0.0,0,0.0
健康日报,33,32,no_media,0,24,2022-08,0.03125,0.03125,0.90625,1,0.03125,1,0.03125,0,0.0,1,0.03125,29,0.90625,0,0.0,0,0.0,0,0.0,0,0.0
健康河北官微,10,9,mainstream_only,1,10,2020-03,0.0,0.0,1.0,0,0.0,0,0.0,0,0.0,0,0.0,9,1.0,0,0.0,0,0.0,0,0.0,0,0.0
健康积极平安富贵,2,1,mainstream_only,1,2,2023-05,0.0,1.0,0.0,0,0.0,1,1.0,0,0.0,0,0.0,0,0.0,0,0.0,0,0.0,0,0.0,0,0.0
健康贵州,2,1,mainstream_only,1,2,2023-05,0.0,0.0,1.0,0,0.0,0,0.0,0,0.0,0,0.0,1,1.0,0,0.0,0,0.0,0,0.0,0,0.0
健识局,4,3,no_media,0,4,2021-10,0.6666666666666666,0.3333333333333333,0.0,0,0.0,1,0.3333333333333333,0,0.0,2,0.6666666666666666,0,0.0,0,0.0,0,0.0,0,0.0,0,0.0
像猪一样开心02,2,1,wemedia_only,6,2,2024-01,0.0,1.0,0.0,0,0.0,1,1.0,0,0.0,0,0.0,0,0.0,0,0.0,0,0.0,0,0.0,0,0.0
像粗粮一样的apple,2,1,mainstream_only,2,2,2023-02,0.0,0.0,1.0,0,0.0,0,0.0,0,0.0,0,0.0,1,1.0,0,0.0,0,0.0,0,0.0,0,0.0
元宝兔兔好运,9,8,wemedia_only,26,9,2023-01,0.0,0.0,1.0,0,0.0,0,0.0,0,0.0,0,0.0,8,1.0,0,0.0,0,0.0,0,0.0,0,0.0
元岁荣养,2,1,no_media,0,2,2022-04,0.0,0.0,1.0,0,0.0,0,0.0,0,0.0,0,0.0,1,1.0,0,0.0,0,0.0,0,0.0,0,0.0
元气先声合伙人招商中,2,1,no_media,0,1,2023-01,0.0,0.0,0.0,1,1.0,0,0.0,0,0.0,0,0.0,0,0.0,0,0.0,0,0.0,0,0.0,0,0.0
元气蔓蔓Oo,2,1,dual,3,2,2023-02,0.0,1.0,0.0,0,0.0,1,1.0,0,0.0,0,0.0,0,0.0,0,0.0,0,0.0,0,0.0,0,0.0
元素论道,3,2,wemedia_only,3,3,2022-10,0.5,0.0,0.5,0,0.0,0,0.0,0,0.0,1,0.5,1,0.5,0,0.0,0,0.0,0,0.0,0,0.0
元骋,2,1,dual,5,1,2023-10,0.0,0.0,0.0,0,0.0,0,0.0,0,0.0,0,0.0,0,0.0,0,0.0,0,0.0,0,0.0,1,1.0
先聚焦后改变,29,28,wemedia_only,30,27,2023-04,0.25,0.21428571428571427,0.39285714285714285,0,0.0,4,0.14285714285714285,2,0.07142857142857142,5,0.17857142857142858,11,0.39285714285714285,2,0.07142857142857142,2,0.07142857142857142,2,0.07142857142857142,0,0.0
光之爱MM,6,5,mainstream_only,4,6,2023-04,0.2,0.2,0.6,0,0.0,1,0.2,0,0.0,1,0.2,3,0.6,0,0.0,0,0.0,0,0.0,0,0.0
光明日报,32,31,no_media,0,31,2020-08,0.0,0.0,1.0,0,0.0,0,0.0,0,0.0,0,0.0,31,1.0,0,0.0,0,0.0,0,0.0,0,0.0
党报阅览室,5,4,no_media,0,5,2020-11,0.0,0.0,1.0,0,0.0,0,0.0,0,0.0,0,0.0,4,1.0,0,0.0,0,0.0,0,0.0,0,0.0
入淮清洛人间欢喜,2,1,mainstream_only,3,2,2024-08,0.0,0.0,1.0,0,0.0,0,0.0,0,0.0,0,0.0,1,1.0,0,0.0,0,0.0,0,0.0,0,0.0
全世界漂,46,45,wemedia_only,23,42,2023-03,0.24444444444444444,0.26666666666666666,0.2222222222222222,5,0.1111111111111111,8,0.17777777777777778,4,0.08888888888888889,8,0.17777777777777778,10,0.2222222222222222,3,0.06666666666666667,3,0.06666666666666667,4,0.08888888888888889,0,0.0
全南发布,15,14,mainstream_only,1,11,2020-04,0.0,0.0,1.0,0,0.0,0,0.0,0,0.0,0,0.0,14,1.0,0,0.0,0,0.0,0,0.0,0,0.0
全国妇联女性之声,14,13,no_media,0,14,2020-02,0.0,0.0,1.0,0,0.0,0,0.0,0,0.0,0,0.0,13,1.0,0,0.0,0,0.0,0,0.0,0,0.0
全民wisdom,35,34,dual,11,32,2022-12,0.2647058823529412,0.29411764705882354,0.11764705882352941,8,0.23529411764705882,9,0.2647058823529412,1,0.029411764705882353,9,0.2647058823529412,4,0.11764705882352941,1,0.029411764705882353,0,0.0,2,0.058823529411764705,0,0.0
全球快乐鸽,13,12,mainstream_only,7,13,2023-02,0.08333333333333333,0.16666666666666666,0.4166666666666667,4,0.3333333333333333,2,0.16666666666666666,0,0.0,1,0.08333333333333333,5,0.4166666666666667,0,0.0,0,0.0,0,0.0,0,0.0
八大商人,2,1,no_media,0,2,2023-11,1.0,0.0,0.0,0,0.0,0,0.0,0,0.0,1,1.0,0,0.0,0,0.0,0,0.0,0,0.0,0,0.0
八月前禁止发微博,2,1,wemedia_only,1,2,2023-03,0.0,1.0,0.0,0,0.0,0,0.0,1,1.0,0,0.0,0,0.0,0,0.0,0,0.0,0,0.0,0,0.0
八納KA,2,1,no_media,5,2,2022-12,0.0,0.0,0.0,0,0.0,0,0.0,0,0.0,0,0.0,0,0.0,1,1.0,0,0.0,0,0.0,0,0.0
六千只羊角面包0-0,2,1,wemedia_only,8,2,2023-07,0.0,0.0,0.0,0,0.0,0,0.0,0,0.0,0,0.0,0,0.0,0,0.0,0,0.0,0,0.0,1,1.0
六叔咨询,11,10,wemedia_only,3,10,2023-02,0.2,0.2,0.4,2,0.2,2,0.2,0,0.0,2,0.2,4,0.4,0,0.0,0,0.0,0,0.0,0,0.0
六安广播电视台,8,7,no_media,0,8,2020-02,0.0,0.0,1.0,0,0.0,0,0.0,0,0.0,0,0.0,7,1.0,0,0.0,0,0.0,0,0.0,0,0.0
六安新闻网,7,6,no_media,0,7,2021-01,0.0,0.0,1.0,0,0.0,0,0.0,0,0.0,0,0.0,6,1.0,0,0.0,0,0.0,0,0.0,0,0.0
六经寻集,3,2,mainstream_only,2,3,2023-10,0.5,0.0,0.5,0,0.0,0,0.0,0,0.0,1,0.5,1,0.5,0,0.0,0,0.0,0,0.0,0,0.0
兰州发布,17,16,no_media,0,16,2020-01,0.0,0.0,1.0,0,0.0,0,0.0,0,0.0,0,0.0,16,1.0,0,0.0,0,0.0,0,0.0,0,0.0
兰州新区发布,20,19,no_media,0,19,2022-01,0.0,0.0,1.0,0,0.0,0,0.0,0,0.0,0,0.0,19,1.0,0,0.0,0,0.0,0,0.0,0,0.0
兰州检察,6,5,no_media,0,6,2022-07,0.0,0.0,1.0,0,0.0,0,0.0,0,0.0,0,0.0,5,1.0,0,0.0,0,0.0,0,0.0,0,0.0
兰院长讲心理,18,17,wemedia_only,11,13,2022-12,0.23529411764705882,0.29411764705882354,0.29411764705882354,2,0.11764705882352941,5,0.29411764705882354,0,0.0,3,0.17647058823529413,5,0.29411764705882354,1,0.058823529411764705,1,0.058823529411764705,0,0.0,0,0.0
关于爱丽丝的故事,2,1,wemedia_only,3,2,2022-12,0.0,0.0,0.0,0,0.0,0,0.0,0,0.0,0,0.0,0,0.0,0,0.0,0,0.0,0,0.0,1,1.0
兴火暖,5,4,wemedia_only,4,4,2023-03,0.0,0.25,0.25,2,0.5,1,0.25,0,0.0,0,0.0,1,0.25,0,0.0,0,0.0,0,0.0,0,0.0
兵团号,2,1,no_media,0,2,2020-08,0.0,0.0,1.0,0,0.0,0,0.0,0,0.0,0,0.0,1,1.0,0,0.0,0,0.0,0,0.0,0,0.0
兵团日报,4,3,no_media,0,4,2020-07,0.0,0.0,1.0,0,0.0,0,0.0,0,0.0,0,0.0,3,1.0,0,0.0,0,0.0,0,0.0,0,0.0
冀看点,2,1,no_media,0,2,2022-12,0.0,0.0,1.0,0,0.0,0,0.0,0,0.0,0,0.0,1,1.0,0,0.0,0,0.0,0,0.0,0,0.0
内分泌顾锋,3,2,wemedia_only,2,2,2023-02,0.0,0.0,1.0,0,0.0,0,0.0,0,0.0,0,0.0,2,1.0,0,0.0,0,0.0,0,0.0,0,0.0
内蒙古日报,63,62,no_media,0,47,2021-02,0.0,0.0,1.0,0,0.0,0,0.0,0,0.0,0,0.0,62,1.0,0,0.0,0,0.0,0,0.0,0,0.0
内蒙古晨报,35,34,no_media,0,32,2015-05,0.029411764705882353,0.029411764705882353,0.9117647058823529,1,0.029411764705882353,1,0.029411764705882353,0,0.0,1,0.029411764705882353,31,0.9117647058823529,0,0.0,0,0.0,0,0.0,0,0.0
内蒙古长安网,12,11,no_media,0,12,2020-02,0.0,0.0,1.0,0,0.0,0,0.0,0,0.0,0,0.0,11,1.0,0,0.0,0,0.0,0,0.0,0,0.0
内镜满医生,2,1,mainstream_only,1,2,2023-09,0.0,0.0,1.0,0,0.0,0,0.0,0,0.0,0,0.0,1,1.0,0,0.0,0,0.0,0,0.0,0,0.0
再见谷雨YU,2,1,mainstream_only,1,2,2023-02,0.0,1.0,0.0,0,0.0,1,1.0,0,0.0,0,0.0,0,0.0,0,0.0,0,0.0,0,0.0,0,0.0
农业科技报V,3,2,no_media,0,3,2021-11,0.0,0.0,1.0,0,0.0,0,0.0,0,0.0,0,0.0,2,1.0,0,0.0,0,0.0,0,0.0,0,0.0
农民日报,15,14,no_media,0,13,2022-01,0.0,0.0,1.0,0,0.0,0,0.0,0,0.0,0,0.0,14,1.0,0,0.0,0,0.0,0,0.0,0,0.0
农视网,2,1,no_media,0,2,2020-02,0.0,0.0,1.0,0,0.0,0,0.0,0,0.0,0,0.0,1,1.0,0,0.0,0,0.0,0,0.0,0,0.0
冬日暖阳86323,4,3,wemedia_only,27,4,2023-03,0.0,0.0,1.0,0,0.0,0,0.0,0,0.0,0,0.0,3,1.0,0,0.0,0,0.0,0,0.0,0,0.0
凉山公安,3,2,mainstream_only,1,3,2023-02,0.0,0.0,1.0,0,0.0,0,0.0,0,0.0,0,0.0,2,1.0,0,0.0,0,0.0,0,0.0,0,0.0
凌天舞动,2,1,mainstream_only,1,2,2020-11,0.0,0.0,1.0,0,0.0,0,0.0,0,0.0,0,0.0,1,1.0,0,0.0,0,0.0,0,0.0,0,0.0
凌富贵的小叮当,2,1,no_media,0,2,2022-07,0.0,0.0,1.0,0,0.0,0,0.0,0,0.0,0,0.0,1,1.0,0,0.0,0,0.0,0,0.0,0,0.0
凌水听涛,2,1,dual,3,2,2024-08,0.0,0.0,1.0,0,0.0,0,0.0,0,0.0,0,0.0,1,1.0,0,0.0,0,0.0,0,0.0,0,0.0
凌灵棱,7,6,mainstream_only,4,7,2023-10,0.16666666666666666,0.16666666666666666,0.5,1,0.16666666666666666,1,0.16666666666666666,0,0.0,0,0.0,3,0.5,0,0.0,1,0.16666666666666666,0,0.0,0,0.0
凤凰卫视,64,63,no_media,0,63,2016-08,0.015873015873015872,0.015873015873015872,0.9047619047619048,0,0.0,1,0.015873015873015872,0,0.0,1,0.015873015873015872,57,0.9047619047619048,2,0.031746031746031744,0,0.0,2,0.031746031746031744,0,0.0
凤凰卫视欧洲台,16,15,no_media,0,15,2020-01,0.0,0.0,1.0,0,0.0,0,0.0,0,0.0,0,0.0,15,1.0,0,0.0,0,0.0,0,0.0,0,0.0
凤凰卫视美洲台,9,8,no_media,0,7,2021-02,0.125,0.125,0.75,0,0.0,1,0.125,0,0.0,1,0.125,6,0.75,0,0.0,0,0.0,0,0.0,0,0.0
凤凰网,2,1,no_media,0,2,2022-12,0.0,0.0,1.0,0,0.0,0,0.0,0,0.0,0,0.0,1,1.0,0,0.0,0,0.0,0,0.0,0,0.0
凤凰网健康,48,47,no_media,0,42,2020-02,0.02127659574468085,0.02127659574468085,0.9574468085106383,0,0.0,1,0.02127659574468085,0,0.0,1,0.02127659574468085,45,0.9574468085106383,0,0.0,0,0.0,0,0.0,0,0.0
凤凰网大风号,2,1,no_media,0,2,2018-01,0.0,0.0,1.0,0,0.0,0,0.0,0,0.0,0,0.0,1,1.0,0,0.0,0,0.0,0,0.0,0,0.0
凤凰网娱乐,3,2,no_media,0,3,2020-03,0.0,0.0,1.0,0,0.0,0,0.0,0,0.0,0,0.0,2,1.0,0,0.0,0,0.0,0,0.0,0,0.0
凤凰网旅游,8,7,no_media,0,8,2020-06,0.0,0.0,1.0,0,0.0,0,0.0,0,0.0,0,0.0,7,1.0,0,0.0,0,0.0,0,0.0,0,0.0
凤凰网科技,18,17,no_media,0,18,2020-02,0.0,0.0,0.8823529411764706,0,0.0,0,0.0,0,0.0,0,0.0,15,0.8823529411764706,1,0.058823529411764705,0,0.0,1,0.058823529411764705,0,0.0
凤凰网视频,13,12,no_media,0,13,2020-02,0.0,0.0,1.0,0,0.0,0,0.0,0,0.0,0,0.0,12,1.0,0,0.0,0,0.0,0,0.0,0,0.0
凶狠残暴榴盲兔,2,1,wemedia_only,2,2,2024-05,1.0,0.0,0.0,0,0.0,0,0.0,0,0.0,1,1.0,0,0.0,0,0.0,0,0.0,0,0.0,0,0.0
出版人周筠,10,9,wemedia_only,1,10,2023-02,0.1111111111111111,0.1111111111111111,0.7777777777777778,0,0.0,1,0.1111111111111111,0,0.0,1,0.1111111111111111,7,0.7777777777777778,0,0.0,0,0.0,0,0.0,0,0.0
分宜发布,22,21,no_media,0,21,2020-02,0.0,0.0,1.0,0,0.0,0,0.0,0,0.0,0,0.0,21,1.0,0,0.0,0,0.0,0,0.0,0,0.0
切仔1025,20,19,wemedia_only,19,20,2023-04,0.21052631578947367,0.21052631578947367,0.47368421052631576,2,0.10526315789473684,4,0.21052631578947367,0,0.0,4,0.21052631578947367,9,0.47368421052631576,0,0.0,0,0.0,0,0.0,0,0.0
刘枪枪的猪头三生活,4,3,wemedia_only,3,2,2024-02,0.3333333333333333,0.0,0.0,2,0.6666666666666666,0,0.0,0,0.0,0,0.0,0,0.0,0,0.0,1,0.3333333333333333,0,0.0,0,0.0
别打我猪屁股,2,1,mainstream_only,2,2,2025-05,0.0,0.0,1.0,0,0.0,0,0.0,0,0.0,0,0.0,1,1.0,0,0.0,0,0.0,0,0.0,0,0.0
制心一处万物同频,15,14,mainstream_only,18,15,2023-05,0.14285714285714285,0.14285714285714285,0.07142857142857142,0,0.0,2,0.14285714285714285,0,0.0,0,0.0,1,0.07142857142857142,4,0.2857142857142857,2,0.14285714285714285,3,0.21428571428571427,2,0.14285714285714285
券商中国,17,16,no_media,0,17,2020-05,0.0625,0.0625,0.875,0,0.0,1,0.0625,0,0.0,1,0.0625,14,0.875,0,0.0,0,0.0,0,0.0,0,0.0
剑客2046,3,2,dual,2,3,2023-02,0.0,0.0,1.0,0,0.0,0,0.0,0,0.0,0,0.0,2,1.0,0,0.0,0,0.0,0,0.0,0,0.0
动感936,16,15,no_media,0,14,2020-02,0.0,0.0,1.0,0,0.0,0,0.0,0,0.0,0,0.0,15,1.0,0,0.0,0,0.0,0,0.0,0,0.0
动静贵州,13,12,no_media,0,13,2020-02,0.0,0.0,1.0,0,0.0,0,0.0,0,0.0,0,0.0,12,1.0,0,0.0,0,0.0,0,0.0,0,0.0
努力修炼的Lily,2,1,no_media,0,1,2022-12,0.0,0.0,0.0,0,0.0,0,0.0,0,0.0,0,0.0,0,0.0,0,0.0,0,0.0,0,0.0,1,1.0
勃事导师老宫医生,3,2,wemedia_only,1,3,2023-02,0.0,0.0,1.0,0,0.0,0,0.0,0,0.0,0,0.0,2,1.0,0,0.0,0,0.0,0,0.0,0,0.0
勇敢的往前走吧,2,1,dual,5,2,2023-06,0.0,0.0,1.0,0,0.0,0,0.0,0,0.0,0,0.0,1,1.0,0,0.0,0,0.0,0,0.0,0,0.0
勇者企鹅,2,1,wemedia_only,2,2,2024-04,0.0,0.0,1.0,0,0.0,0,0.0,0,0.0,0,0.0,1,1.0,0,0.0,0,0.0,0,0.0,0,0.0
勉逸思尘,2,1,mainstream_only,2,2,2023-05,0.0,0.0,0.0,1,1.0,0,0.0,0,0.0,0,0.0,0,0.0,0,0.0,0,0.0,0,0.0,0,0.0
包头新闻网,17,16,no_media,0,16,2020-04,0.0,0.0,1.0,0,0.0,0,0.0,0,0.0,0,0.0,16,1.0,0,0.0,0,0.0,0,0.0,0,0.0
北七里寨,3,2,wemedia_only,7,1,2023-10,0.5,0.5,0.0,0,0.0,1,0.5,0,0.0,1,0.5,0,0.0,0,0.0,0,0.0,0,0.0,0,0.0
北京-飒爽英雄,3,2,wemedia_only,2,3,2023-12,0.0,0.5,0.5,0,0.0,1,0.5,0,0.0,0,0.0,1,0.5,0,0.0,0,0.0,0,0.0,0,0.0
北京HR老兵,2,1,wemedia_only,2,2,2022-12,0.0,0.0,0.0,0,0.0,0,0.0,0,0.0,0,0.0,0,0.0,0,0.0,0,0.0,1,1.0,0,0.0
北京交通广播,48,47,no_media,0,28,2020-03,0.0,0.0,0.9574468085106383,0,0.0,0,0.0,0,0.0,0,0.0,45,0.9574468085106383,1,0.02127659574468085,0,0.0,1,0.02127659574468085,0,0.0
北京众成医疗律师团队,4,3,no_media,0,2,2020-07,0.0,0.3333333333333333,0.6666666666666666,0,0.0,1,0.3333333333333333,0,0.0,0,0.0,2,0.6666666666666666,0,0.0,0,0.0,0,0.0,0,0.0
北京全搜罗,3,2,wemedia_only,2,3,2022-10,0.0,0.0,1.0,0,0.0,0,0.0,0,0.0,0,0.0,2,1.0,0,0.0,0,0.0,0,0.0,0,0.0
北京发布,42,41,no_media,0,37,2020-03,0.0,0.0,1.0,0,0.0,0,0.0,0,0.0,0,0.0,41,1.0,0,0.0,0,0.0,0,0.0,0,0.0
北京商报,49,48,no_media,0,49,2020-02,0.0,0.0,0.9583333333333334,0,0.0,0,0.0,0,0.0,0,0.0,46,0.9583333333333334,1,0.020833333333333332,0,0.0,1,0.020833333333333332,0,0.0
北京头条,60,59,no_media,0,40,2015-05,0.0,0.0,0.9661016949152542,0,0.0,0,0.0,0,0.0,0,0.0,57,0.9661016949152542,1,0.01694915254237288,0,0.0,1,0.01694915254237288,0,0.0
北京市房山区良乡医院,3,2,mainstream_only,3,3,2023-02,0.0,0.0,1.0,0,0.0,0,0.0,0,0.0,0,0.0,2,1.0,0,0.0,0,0.0,0,0.0,0,0.0
北京房山韩村河健康教育,10,9,dual,4,7,2023-02,0.0,0.0,1.0,0,0.0,0,0.0,0,0.0,0,0.0,9,1.0,0,0.0,0,0.0,0,0.0,0,0.0
北京日报,49,48,no_media,0,39,2020-03,0.020833333333333332,0.020833333333333332,0.9583333333333334,0,0.0,1,0.020833333333333332,0,0.0,1,0.020833333333333332,46,0.9583333333333334,0,0.0,0,0.0,0,0.0,0,0.0
北京时间,54,53,no_media,0,36,2020-03,0.0,0.0,1.0,0,0.0,0,0.0,0,0.0,0,0.0,53,1.0,0,0.0,0,0.0,0,0.0,0,0.0
北京时间直播,10,9,no_media,0,10,2020-01,0.0,0.0,1.0,0,0.0,0,0.0,0,0.0,0,0.0,9,1.0,0,0.0,0,0.0,0,0.0,0,0.0
北京昌平,25,24,no_media,0,20,2020-03,0.0,0.0,1.0,0,0.0,0,0.0,0,0.0,0,0.0,24,1.0,0,0.0,0,0.0,0,0.0,0,0.0
北京昌平健康教育,8,7,no_media,0,8,2020-03,0.0,0.0,1.0,0,0.0,0,0.0,0,0.0,0,0.0,7,1.0,0,0.0,0,0.0,0,0.0,0,0.0
北京民声,2,1,no_media,0,2,2022-07,0.0,0.0,1.0,0,0.0,0,0.0,0,0.0,0,0.0,1,1.0,0,0.0,0,0.0,0,0.0,0,0.0
北京海淀法院,8,7,mainstream_only,2,7,2020-02,0.0,0.0,1.0,0,0.0,0,0.0,0,0.0,0,0.0,7,1.0,0,0.0,0,0.0,0,0.0,0,0.0
北京牙医钟,2,1,mainstream_only,1,2,2022-12,0.0,0.0,1.0,0,0.0,0,0.0,0,0.0,0,0.0,1,1.0,0,0.0,0,0.0,0,0.0,0,0.0
北京维元诊所,3,2,no_media,0,2,2022-12,0.0,0.0,1.0,0,0.0,0,0.0,0,0.0,0,0.0,2,1.0,0,0.0,0,0.0,0,0.0,0,0.0
北京西城健康教育,3,2,mainstream_only,3,3,2023-03,0.0,0.0,1.0,0,0.0,0,0.0,0,0.0,0,0.0,2,1.0,0,0.0,0,0.0,0,0.0,0,0.0
北京青年报之青睐有约,2,1,no_media,0,2,2022-12,0.0,0.0,1.0,0,0.0,0,0.0,0,0.0,0,0.0,1,1.0,0,0.0,0,0.0,0,0.0,0,0.0
北京鲁戈,2,1,no_media,16,2,2022-10,0.0,0.0,1.0,0,0.0,0,0.0,0,0.0,0,0.0,1,1.0,0,0.0,0,0.0,0,0.0,0,0.0
北国网,4,3,no_media,0,4,2020-03,0.0,0.0,1.0,0,0.0,0,0.0,0,0.0,0,0.0,3,1.0,0,0.0,0,0.0,0,0.0,0,0.0
北方新报,25,24,mainstream_only,5,20,2020-07,0.0,0.0,1.0,0,0.0,0,0.0,0,0.0,0,0.0,24,1.0,0,0.0,0,0.0,0,0.0,0,0.0
北方法制报,10,9,no_media,0,9,2020-02,0.0,0.0,1.0,0,0.0,0,0.0,0,0.0,0,0.0,9,1.0,0,0.0,0,0.0,0,0.0,0,0.0
北方频道,12,11,no_media,0,12,2020-08,0.0,0.0,1.0,0,0.0,0,0.0,0,0.0,0,0.0,11,1.0,0,0.0,0,0.0,0,0.0,0,0.0
北极的蓝调,2,1,no_media,2,2,2023-08,0.0,0.0,0.0,0,0.0,0,0.0,0,0.0,0,0.0,0,0.0,0,0.0,0,0.0,1,1.0,0,0.0
北欧三宝妈,2,1,wemedia_only,18,2,2022-03,0.0,0.0,1.0,0,0.0,0,0.0,0,0.0,0,0.0,1,1.0,0,0.0,0,0.0,0,0.0,0,0.0
北碚发布,3,2,no_media,0,3,2020-05,0.0,0.0,1.0,0,0.0,0,0.0,0,0.0,0,0.0,2,1.0,0,0.0,0,0.0,0,0.0,0,0.0
北青即时,8,7,no_media,0,6,2022-12,0.0,0.0,1.0,0,0.0,0,0.0,0,0.0,0,0.0,7,1.0,0,0.0,0,0.0,0,0.0,0,0.0
北青深一度,2,1,no_media,0,2,2022-12,0.0,0.0,1.0,0,0.0,0,0.0,0,0.0,0,0.0,1,1.0,0,0.0,0,0.0,0,0.0,0,0.0
北青网,18,17,no_media,0,18,2020-05,0.0,0.0,1.0,0,0.0,0,0.0,0,0.0,0,0.0,17,1.0,0,0.0,0,0.0,0,0.0,0,0.0
匡宦龙缆,24,23,dual,13,16,2023-05,0.17391304347826086,0.17391304347826086,0.5217391304347826,2,0.08695652173913043,3,0.13043478260869565,1,0.043478260869565216,4,0.17391304347826086,12,0.5217391304347826,0,0.0,0,0.0,1,0.043478260869565216,0,0.0
医学与健康,2,1,no_media,0,1,2023-04,0.0,0.0,1.0,0,0.0,0,0.0,0,0.0,0,0.0,1,1.0,0,0.0,0,0.0,0,0.0,0,0.0
医学科普阿源老师,4,3,wemedia_only,8,3,2022-03,0.0,0.0,1.0,0,0.0,0,0.0,0,0.0,0,0.0,3,1.0,0,0.0,0,0.0,0,0.0,0,0.0
医者思远,13,12,mainstream_only,1,13,2021-03,0.08333333333333333,0.08333333333333333,0.8333333333333334,0,0.0,1,0.08333333333333333,0,0.0,1,0.08333333333333333,10,0.8333333333333334,0,0.0,0,0.0,0,0.0,0,0.0
医路向前巍子,2,1,no_media,0,2,2022-12,1.0,0.0,0.0,0,0.0,0,0.0,0,0.0,1,1.0,0,0.0,0,0.0,0,0.0,0,0.0,0,0.0
千叶无木,2,1,wemedia_only,2,2,2023-07,1.0,0.0,0.0,0,0.0,0,0.0,0,0.0,0,0.0,0,0.0,0,0.0,1,1.0,0,0.0,0,0.0
千夜梦语,2,1,mainstream_only,5,2,2022-09,0.0,0.0,1.0,0,0.0,0,0.0,0,0.0,0,0.0,1,1.0,0,0.0,0,0.0,0,0.0,0,0.0
升阶魔法卡-霸王眷龙之力破沙袋,2,1,wemedia_only,3,2,2023-04,1.0,0.0,0.0,0,0.0,0,0.0,0,0.0,1,1.0,0,0.0,0,0.0,0,0.0,0,0.0,0,0.0
半两财经,14,13,no_media,0,14,2020-02,0.0,0.0,1.0,0,0.0,0,0.0,0,0.0,0,0.0,13,1.0,0,0.0,0,0.0,0,0.0,0,0.0
半山一片林木也,4,3,dual,4,4,2023-07,0.3333333333333333,0.6666666666666666,0.0,0,0.0,2,0.6666666666666666,0,0.0,1,0.3333333333333333,0,0.0,0,0.0,0,0.0,0,0.0,0,0.0
半岛新闻,13,12,no_media,0,12,2020-12,0.0,0.0,1.0,0,0.0,0,0.0,0,0.0,0,0.0,12,1.0,0,0.0,0,0.0,0,0.0,0,0.0
半岛网,13,12,no_media,0,13,2020-03,0.08333333333333333,0.08333333333333333,0.8333333333333334,0,0.0,1,0.08333333333333333,0,0.0,1,0.08333333333333333,10,0.8333333333333334,0,0.0,0,0.0,0,0.0,0,0.0
半月谈,51,50,no_media,0,51,2018-10,0.02,0.02,0.96,0,0.0,1,0.02,0,0.0,1,0.02,48,0.96,0,0.0,0,0.0,0,0.0,0,0.0
半清夏,2,1,no_media,0,2,2022-12,1.0,0.0,0.0,0,0.0,0,0.0,0,0.0,0,0.0,0,0.0,0,0.0,1,1.0,0,0.0,0,0.0
华亭检察,2,1,mainstream_only,3,2,2023-02,0.0,0.0,1.0,0,0.0,0,0.0,0,0.0,0,0.0,1,1.0,0,0.0,0,0.0,0,0.0,0,0.0
华商报,60,59,no_media,0,43,2019-01,0.0,0.0,0.9322033898305084,0,0.0,0,0.0,0,0.0,0,0.0,55,0.9322033898305084,2,0.03389830508474576,0,0.0,2,0.03389830508474576,0,0.0
华商网,33,32,no_media,0,31,2020-02,0.0,0.0,1.0,0,0.0,0,0.0,0,0.0,0,0.0,32,1.0,0,0.0,0,0.0,0,0.0,0,0.0
华夏经纬网,5,4,no_media,0,5,2020-02,0.25,0.0,0.25,2,0.5,0,0.0,0,0.0,1,0.25,1,0.25,0,0.0,0,0.0,0,0.0,0,0.0
华媒热榜,2,1,mainstream_only,1,1,2025-05,0.0,0.0,1.0,0,0.0,0,0.0,0,0.0,0,0.0,1,1.0,0,0.0,0,0.0,0,0.0,0,0.0
华尔街金牛,2,1,wemedia_only,2,2,2024-01,1.0,0.0,0.0,0,0.0,0,0.0,0,0.0,1,1.0,0,0.0,0,0.0,0,0.0,0,0.0,0,0.0
南京广播电视台,19,18,no_media,0,19,2020-02,0.0,0.0,1.0,0,0.0,0,0.0,0,0.0,0,0.0,18,1.0,0,0.0,0,0.0,0,0.0,0,0.0
南京零距离,14,13,no_media,0,14,2020-02,0.0,0.0,1.0,0,0.0,0,0.0,0,0.0,0,0.0,13,1.0,0,0.0,0,0.0,0,0.0,0,0.0
南国都市报,12,11,no_media,0,12,2019-05,0.0,0.0,1.0,0,0.0,0,0.0,0,0.0,0,0.0,11,1.0,0,0.0,0,0.0,0,0.0,0,0.0
南山钺,3,2,mainstream_only,3,3,2022-12,0.5,0.0,0.0,1,0.5,0,0.0,0,0.0,1,0.5,0,0.0,0,0.0,0,0.0,0,0.0,0,0.0
南岸发布,19,18,no_media,0,17,2020-03,0.0,0.0,1.0,0,0.0,0,0.0,0,0.0,0,0.0,18,1.0,0,0.0,0,0.0,0,0.0,0,0.0
南方周末,27,26,no_media,0,27,2020-02,0.0,0.0,1.0,0,0.0,0,0.0,0,0.0,0,0.0,26,1.0,0,0.0,0,0.0,0,0.0,0,0.0
南方都市报,3,2,no_media,0,3,2020-04,0.0,0.0,1.0,0,0.0,0,0.0,0,0.0,0,0.0,2,1.0,0,0.0,0,0.0,0,0.0,0,0.0
南昌东湖区发布,3,2,no_media,0,3,2022-12,0.0,0.0,1.0,0,0.0,0,0.0,0,0.0,0,0.0,2,1.0,0,0.0,0,0.0,0,0.0,0,0.0
南昌新建发布,13,12,no_media,0,13,2020-01,0.08333333333333333,0.0,0.9166666666666666,0,0.0,0,0.0,0,0.0,1,0.08333333333333333,11,0.9166666666666666,0,0.0,0,0.0,0,0.0,0,0.0
南昌新闻网,10,9,no_media,0,10,2020-03,0.0,0.0,1.0,0,0.0,0,0.0,0,0.0,0,0.0,9,1.0,0,0.0,0,0.0,0,0.0,0,0.0
南昌日报,11,10,no_media,0,11,2020-03,0.0,0.0,1.0,0,0.0,0,0.0,0,0.0,0,0.0,10,1.0,0,0.0,0,0.0,0,0.0,0,0.0
南昌进贤发布,17,16,no_media,0,17,2020-02,0.0,0.0,1.0,0,0.0,0,0.0,0,0.0,0,0.0,16,1.0,0,0.0,0,0.0,0,0.0,0,0.0
南桔北枳2,2,1,no_media,0,1,2022-12,1.0,0.0,0.0,0,0.0,0,0.0,0,0.0,1,1.0,0,0.0,0,0.0,0,0.0,0,0.0,0,0.0
南海网,6,5,no_media,0,6,2020-09,0.0,0.0,1.0,0,0.0,0,0.0,0,0.0,0,0.0,5,1.0,0,0.0,0,0.0,0,0.0,0,0.0
南蛮子儿哟,5,4,wemedia_only,7,5,2023-04,0.25,0.25,0.5,0,0.0,1,0.25,0,0.0,1,0.25,2,0.5,0,0.0,0,0.0,0,0.0,0,0.0
南通政法,20,19,no_media,0,17,2022-01,0.0,0.0,1.0,0,0.0,0,0.0,0,0.0,0,0.0,19,1.0,0,0.0,0,0.0,0,0.0,0,0.0
南通日报,3,2,no_media,0,3,2022-04,0.0,0.0,1.0,0,0.0,0,0.0,0,0.0,0,0.0,2,1.0,0,0.0,0,0.0,0,0.0,0,0.0
南阳政法,3,2,mainstream_only,2,3,2022-10,0.0,0.0,1.0,0,0.0,0,0.0,0,0.0,0,0.0,2,1.0,0,0.0,0,0.0,0,0.0,0,0.0
南阳日报,30,29,no_media,0,26,2018-10,0.0,0.0,1.0,0,0.0,0,0.0,0,0.0,0,0.0,29,1.0,0,0.0,0,0.0,0,0.0,0,0.0
南阳晚报,25,24,no_media,0,22,2020-02,0.0,0.0,1.0,0,0.0,0,0.0,0,0.0,0,0.0,24,1.0,0,0.0,0,0.0,0,0.0,0,0.0
南阳网官方微博,5,4,no_media,0,5,2021-09,0.0,0.0,1.0,0,0.0,0,0.0,0,0.0,0,0.0,4,1.0,0,0.0,0,0.0,0,0.0,0,0.0
南风小怪物,2,1,no_media,3,2,2022-12,0.0,0.0,0.0,0,0.0,0,0.0,0,0.0,0,0.0,0,0.0,0,0.0,0,0.0,1,1.0,0,0.0
博妹勇敢飞,3,2,mainstream_only,2,3,2024-01,0.5,0.0,0.0,0,0.0,0,0.0,0,0.0,0,0.0,0,0.0,0,0.0,1,0.5,0,0.0,1,0.5
卡李,3,2,wemedia_only,6,3,2023-02,0.0,0.5,0.0,0,0.0,0,0.0,1,0.5,0,0.0,0,0.0,0,0.0,0,0.0,1,0.5,0,0.0
卢卡斯-Wang,2,1,no_media,1,2,2022-09,1.0,0.0,0.0,0,0.0,0,0.0,0,0.0,1,1.0,0,0.0,0,0.0,0,0.0,0,0.0,0,0.0
卢瑟希for特摄是本命,2,1,mainstream_only,4,2,2023-02,0.0,0.0,0.0,0,0.0,0,0.0,0,0.0,0,0.0,0,0.0,0,0.0,0,0.0,0,0.0,1,1.0
卤煮疫苗,38,37,wemedia_only,2,38,2023-02,0.10810810810810811,0.10810810810810811,0.7837837837837838,0,0.0,4,0.10810810810810811,0,0.0,4,0.10810810810810811,29,0.7837837837837838,0,0.0,0,0.0,0,0.0,0,0.0
卧龙观势V,2,1,no_media,1,2,2022-12,0.0,1.0,0.0,0,0.0,1,1.0,0,0.0,0,0.0,0,0.0,0,0.0,0,0.0,0,0.0,0,0.0
卿本華清,5,4,mainstream_only,2,4,2023-05,0.25,0.25,0.0,2,0.5,1,0.25,0,0.0,1,0.25,0,0.0,0,0.0,0,0.0,0,0.0,0,0.0
厦门日报,2,1,no_media,0,2,2023-01,0.0,0.0,1.0,0,0.0,0,0.0,0,0.0,0,0.0,1,1.0,0,0.0,0,0.0,0,0.0,0,0.0
厦门晚报,13,12,no_media,0,10,2020-01,0.0,0.0,1.0,0,0.0,0,0.0,0,0.0,0,0.0,12,1.0,0,0.0,0,0.0,0,0.0,0,0.0
厦门网,15,14,no_media,0,13,2020-02,0.0,0.0,1.0,0,0.0,0,0.0,0,0.0,0,0.0,14,1.0,0,0.0,0,0.0,0,0.0,0,0.0
去冰三分甜超大杯,3,2,mainstream_only,1,3,2023-05,0.0,0.0,0.0,2,1.0,0,0.0,0,0.0,0,0.0,0,0.0,0,0.0,0,0.0,0,0.0,0,0.0
参考消息,58,57,no_media,0,58,2020-04,0.017543859649122806,0.017543859649122806,0.9649122807017544,0,0.0,1,0.017543859649122806,0,0.0,1,0.017543859649122806,55,0.9649122807017544,0,0.0,0,0.0,0,0.0,0,0.0
又简单又趣闻的昵称,13,12,dual,7,11,2023-07,0.16666666666666666,0.16666666666666666,0.25,0,0.0,2,0.16666666666666666,0,0.0,1,0.08333333333333333,3,0.25,3,0.25,1,0.08333333333333333,1,0.08333333333333333,1,0.08333333333333333
友成基金会,2,1,no_media,0,2,2018-01,0.0,0.0,1.0,0,0.0,0,0.0,0,0.0,0,0.0,1,1.0,0,0.0,0,0.0,0,0.0,0,0.0
双子幺幺儿,4,3,no_media,0,4,2023-01,0.0,0.0,0.3333333333333333,0,0.0,0,0.0,0,0.0,0,0.0,1,0.3333333333333333,0,0.0,0,0.0,1,0.3333333333333333,1,0.3333333333333333
取个名字太难了00011,2,1,dual,4,2,2023-02,0.0,0.0,0.0,1,1.0,0,0.0,0,0.0,0,0.0,0,0.0,0,0.0,0,0.0,0,0.0,0,0.0
口腔健康从齿开始,22,21,wemedia_only,2,17,2023-04,0.0,0.0,1.0,0,0.0,0,0.0,0,0.0,0,0.0,21,1.0,0,0.0,0,0.0,0,0.0,0,0.0
句迷人,4,3,no_media,10,4,2023-02,0.0,0.0,0.0,0,0.0,0,0.0,0,0.0,0,0.0,0,0.0,0,0.0,0,0.0,0,0.0,3,1.0
叮个桄榔,3,2,wemedia_only,5,3,2023-08,0.5,0.5,0.0,0,0.0,1,0.5,0,0.0,1,0.5,0,0.0,0,0.0,0,0.0,0,0.0,0,0.0
可于可乐,2,1,wemedia_only,4,1,2022-01,0.0,0.0,1.0,0,0.0,0,0.0,0,0.0,0,0.0,1,1.0,0,0.0,0,0.0,0,0.0,0,0.0
可口可乐可甜可闲,4,3,no_media,0,3,2022-12,0.0,0.0,0.0,0,0.0,0,0.0,0,0.0,0,0.0,0,0.0,1,0.3333333333333333,0,0.0,2,0.6666666666666666,0,0.0
可可_钱包扇不胖的,2,1,wemedia_only,3,2,2024-06,0.0,0.0,1.0,0,0.0,0,0.0,0,0.0,0,0.0,1,1.0,0,0.0,0,0.0,0,0.0,0,0.0
叶半夏_新年新气象,2,1,wemedia_only,2,2,2023-06,0.0,0.0,1.0,0,0.0,0,0.0,0,0.0,0,0.0,1,1.0,0,0.0,0,0.0,0,0.0,0,0.0
叽叽歪歪唧唧小七,2,1,wemedia_only,1,1,2022-03,0.0,0.0,1.0,0,0.0,0,0.0,0,0.0,0,0.0,1,1.0,0,0.0,0,0.0,0,0.0,0,0.0
吁虞宇Yu_,2,1,no_media,0,1,2022-03,0.0,0.0,0.0,0,0.0,0,0.0,0,0.0,0,0.0,0,0.0,0,0.0,0,0.0,1,1.0,0,0.0
吃水蜜桃的胖桃,2,1,no_media,14,2,2022-12,0.0,0.0,0.0,0,0.0,0,0.0,0,0.0,0,0.0,0,0.0,0,0.0,0,0.0,0,0.0,1,1.0
吃货的小表情,3,2,no_media,0,3,2022-12,0.0,0.0,0.0,0,0.0,0,0.0,0,0.0,0,0.0,0,0.0,1,0.5,0,0.0,1,0.5,0,0.0
各界导报社官微,63,62,no_media,0,52,2019-03,0.0,0.0,1.0,0,0.0,0,0.0,0,0.0,0,0.0,62,1.0,0,0.0,0,0.0,0,0.0,0,0.0
合创汇知,2,1,mainstream_only,2,1,2021-11,0.0,0.0,1.0,0,0.0,0,0.0,0,0.0,0,0.0,1,1.0,0,0.0,0,0.0,0,0.0,0,0.0
合肥反邪教,12,11,mainstream_only,3,11,2020-02,0.0,0.0,1.0,0,0.0,0,0.0,0,0.0,0,0.0,11,1.0,0,0.0,0,0.0,0,0.0,0,0.0
合肥在线,21,20,no_media,0,21,2020-02,0.0,0.0,1.0,0,0.0,0,0.0,0,0.0,0,0.0,20,1.0,0,0.0,0,0.0,0,0.0,0,0.0
合肥日报,15,14,no_media,0,15,2020-02,0.0,0.0,1.0,0,0.0,0,0.0,0,0.0,0,0.0,14,1.0,0,0.0,0,0.0,0,0.0,0,0.0
合肥晚报,23,22,no_media,0,23,2020-02,0.0,0.0,1.0,0,0.0,0,0.0,0,0.0,0,0.0,22,1.0,0,0.0,0,0.0,0,0.0,0,0.0
吉传铁的微博,2,1,no_media,1,2,2023-08,0.0,0.0,1.0,0,0.0,0,0.0,0,0.0,0,0.0,1,1.0,0,0.0,0,0.0,0,0.0,0,0.0
吉星拱照1419,2,1,dual,13,2,2023-08,0.0,0.0,1.0,0,0.0,0,0.0,0,0.0,0,0.0,1,1.0,0,0.0,0,0.0,0,0.0,0,0.0
吉星高照-lucky,2,1,mainstream_only,7,2,2023-07,0.0,0.0,1.0,0,0.0,0,0.0,0,0.0,0,0.0,1,1.0,0,0.0,0,0.0,0,0.0,0,0.0
吉林市发布,48,47,no_media,0,45,2021-03,0.0,0.0,1.0,0,0.0,0,0.0,0,0.0,0,0.0,47,1.0,0,0.0,0,0.0,0,0.0,0,0.0
吉林日报,16,15,no_media,0,16,2020-02,0.0,0.0,1.0,0,0.0,0,0.0,0,0.0,0,0.0,15,1.0,0,0.0,0,0.0,0,0.0,0,0.0
吉林省卫生健康委,6,5,mainstream_only,5,5,2023-03,0.0,0.0,1.0,0,0.0,0,0.0,0,0.0,0,0.0,5,1.0,0,0.0,0,0.0,0,0.0,0,0.0
吉林高新区人民检察院,2,1,mainstream_only,1,2,2023-03,0.0,0.0,1.0,0,0.0,0,0.0,0,0.0,0,0.0,1,1.0,0,0.0,0,0.0,0,0.0,0,0.0
同有三和中医周医生,3,2,no_media,0,3,2023-01,0.0,0.0,1.0,0,0.0,0,0.0,0,0.0,0,0.0,2,1.0,0,0.0,0,0.0,0,0.0,0,0.0
名为木公,3,2,mainstream_only,3,3,2024-06,0.0,0.5,0.5,0,0.0,1,0.5,0,0.0,0,0.0,1,0.5,0,0.0,0,0.0,0,0.0,0,0.0
后天晚上下雨吗,6,5,mainstream_only,2,6,2023-08,0.2,0.0,0.0,1,0.2,0,0.0,0,0.0,1,0.2,0,0.0,1,0.2,0,0.0,1,0.2,1,0.2
向往发展,7,6,dual,4,7,2023-03,0.16666666666666666,0.16666666666666666,0.3333333333333333,2,0.3333333333333333,1,0.16666666666666666,0,0.0,1,0.16666666666666666,2,0.3333333333333333,0,0.0,0,0.0,0,0.0,0,0.0
吕梁中院,2,1,mainstream_only,4,2,2022-12,0.0,0.0,1.0,0,0.0,0,0.0,0,0.0,0,0.0,1,1.0,0,0.0,0,0.0,0,0.0,0,0.0
含雪love,4,3,no_media,0,3,2023-01,0.0,0.0,0.3333333333333333,0,0.0,0,0.0,0,0.0,0,0.0,1,0.3333333333333333,1,0.3333333333333333,0,0.0,1,0.3333333333333333,0,0.0
听不动你说什么,5,4,no_media,2,5,2022-12,0.0,0.0,0.0,0,0.0,0,0.0,0,0.0,0,0.0,0,0.0,0,0.0,0,0.0,1,0.25,3,0.75
听中国,38,37,no_media,0,38,2020-02,0.0,0.0,1.0,0,0.0,0,0.0,0,0.0,0,0.0,37,1.0,0,0.0,0,0.0,0,0.0,0,0.0
听到一点薇雨,6,5,mainstream_only,1,6,2023-11,0.4,0.4,0.2,0,0.0,2,0.4,0,0.0,2,0.4,1,0.2,0,0.0,0,0.0,0,0.0,0,0.0
启贺,3,2,wemedia_only,4,3,2022-12,0.0,0.0,1.0,0,0.0,0,0.0,0,0.0,0,0.0,2,1.0,0,0.0,0,0.0,0,0.0,0,0.0
吴建波医师,2,1,mainstream_only,1,2,2023-03,0.0,1.0,0.0,0,0.0,0,0.0,1,1.0,0,0.0,0,0.0,0,0.0,0,0.0,0,0.0,0,0.0
吴晓达的微博,2,1,wemedia_only,2,2,2023-12,1.0,0.0,0.0,0,0.0,0,0.0,0,0.0,1,1.0,0,0.0,0,0.0,0,0.0,0,0.0,0,0.0
吴蕴然,2,1,wemedia_only,5,2,2023-03,0.0,0.0,1.0,0,0.0,0,0.0,0,0.0,0,0.0,1,1.0,0,0.0,0,0.0,0,0.0,0,0.0
吴西视点,2,1,wemedia_only,2,2,2022-12,0.0,0.0,1.0,0,0.0,0,0.0,0,0.0,0,0.0,1,1.0,0,0.0,0,0.0,0,0.0,0,0.0
吴远虑又炸号,2,1,mainstream_only,1,2,2023-10,0.0,0.0,1.0,0,0.0,0,0.0,0,0.0,0,0.0,1,1.0,0,0.0,0,0.0,0,0.0,0,0.0
吴门医派小法师,2,1,no_media,4,2,2023-04,0.0,0.0,1.0,0,0.0,0,0.0,0,0.0,0,0.0,1,1.0,0,0.0,0,0.0,0,0.0,0,0.0
吹干脑子里的水,2,1,no_media,0,1,2023-10,0.0,1.0,0.0,0,0.0,0,0.0,1,1.0,0,0.0,0,0.0,0,0.0,0,0.0,0,0.0,0,0.0
呆毛着凉了,5,4,mainstream_only,5,5,2023-08,0.25,0.25,0.5,0,0.0,1,0.25,0,0.0,1,0.25,2,0.5,0,0.0,0,0.0,0,0.0,0,0.0
呈贡发布,13,12,mainstream_only,3,13,2022-12,0.0,0.0,1.0,0,0.0,0,0.0,0,0.0,0,0.0,12,1.0,0,0.0,0,0.0,0,0.0,0,0.0
周到上海,53,52,no_media,0,46,2022-04,0.0,0.0,1.0,0,0.0,0,0.0,0,0.0,0,0.0,52,1.0,0,0.0,0,0.0,0,0.0,0,0.0
周口日报,8,7,no_media,0,8,2020-02,0.0,0.0,1.0,0,0.0,0,0.0,0,0.0,0,0.0,7,1.0,0,0.0,0,0.0,0,0.0,0,0.0
周口晚报zkwb,23,22,no_media,0,21,2020-03,0.0,0.0,1.0,0,0.0,0,0.0,0,0.0,0,0.0,22,1.0,0,0.0,0,0.0,0,0.0,0,0.0
周口网信,2,1,no_media,0,2,2022-12,0.0,0.0,1.0,0,0.0,0,0.0,0,0.0,0,0.0,1,1.0,0,0.0,0,0.0,0,0.0,0,0.0
周易说,3,2,no_media,0,1,2022-03,0.5,0.5,0.0,0,0.0,1,0.5,0,0.0,1,0.5,0,0.0,0,0.0,0,0.0,0,0.0,0,0.0
周曦同,3,2,dual,7,3,2023-09,0.0,0.0,0.0,0,0.0,0,0.0,0,0.0,0,0.0,0,0.0,1,0.5,0,0.0,1,0.5,0,0.0
周至法院,4,3,mainstream_only,3,3,2020-03,0.0,0.0,1.0,0,0.0,0,0.0,0,0.0,0,0.0,3,1.0,0,0.0,0,0.0,0,0.0,0,0.0
呱呱不是咕咕,3,2,wemedia_only,4,1,2020-03,0.0,0.0,1.0,0,0.0,0,0.0,0,0.0,0,0.0,2,1.0,0,0.0,0,0.0,0,0.0,0,0.0
呱太浪,3,2,wemedia_only,3,3,2023-01,0.5,0.5,0.0,0,0.0,1,0.5,0,0.0,1,0.5,0,0.0,0,0.0,0,0.0,0,0.0,0,0.0
呵呵上海2012,351,350,dual,196,244,2023-02,0.18571428571428572,0.18571428571428572,0.5228571428571429,23,0.06571428571428571,65,0.18571428571428572,0,0.0,60,0.17142857142857143,183,0.5228571428571429,9,0.025714285714285714,5,0.014285714285714285,4,0.011428571428571429,1,0.002857142857142857
呼吸科大夫胡洋,118,117,mainstream_only,2,101,2023-02,0.03418803418803419,0.03418803418803419,0.8888888888888888,0,0.0,4,0.03418803418803419,0,0.0,4,0.03418803418803419,104,0.8888888888888888,2,0.017094017094017096,0,0.0,2,0.017094017094017096,1,0.008547008547008548
咕噜尼面包圈_小菲Fei,2,1,no_media,0,1,2023-01,1.0,0.0,0.0,0,0.0,0,0.0,0,0.0,0,0.0,0,0.0,0,0.0,1,1.0,0,0.0,0,0.0
咪呼酱,2,1,wemedia_only,3,2,2023-06,0.0,1.0,0.0,0,0.0,1,1.0,0,0.0,0,0.0,0,0.0,0,0.0,0,0.0,0,0.0,0,0.0
咸宁新闻网,7,6,no_media,0,7,2020-04,0.0,0.0,1.0,0,0.0,0,0.0,0,0.0,0,0.0,6,1.0,0,0.0,0,0.0,0,0.0,0,0.0
咸阳日报,33,32,no_media,0,29,2020-04,0.0,0.0,1.0,0,0.0,0,0.0,0,0.0,0,0.0,32,1.0,0,0.0,0,0.0,0,0.0,0,0.0
咸阳检察,21,20,mainstream_only,4,18,2020-04,0.0,0.0,1.0,0,0.0,0,0.0,0,0.0,0,0.0,20,1.0,0,0.0,0,0.0,0,0.0,0,0.0
品质崇州,3,2,mainstream_only,4,3,2023-05,0.0,0.0,1.0,0,0.0,0,0.0,0,0.0,0,0.0,2,1.0,0,0.0,0,0.0,0,0.0,0,0.0
哈克-泰泽,2,1,mainstream_only,2,2,2023-02,0.0,0.0,1.0,0,0.0,0,0.0,0,0.0,0,0.0,1,1.0,0,0.0,0,0.0,0,0.0,0,0.0
哈勃观察员,2,1,no_media,0,2,2022-11,0.0,0.0,1.0,0,0.0,0,0.0,0,0.0,0,0.0,1,1.0,0,0.0,0,0.0,0,0.0,0,0.0
哈尔滨政法,4,3,mainstream_only,2,4,2021-11,0.0,0.0,1.0,0,0.0,0,0.0,0,0.0,0,0.0,3,1.0,0,0.0,0,0.0,0,0.0,0,0.0
哈尔滨日报,35,34,no_media,0,33,2020-02,0.0,0.0,1.0,0,0.0,0,0.0,0,0.0,0,0.0,34,1.0,0,0.0,0,0.0,0,0.0,0,0.0
哈尔滨网警,2,1,mainstream_only,4,2,2020-03,0.0,0.0,1.0,0,0.0,0,0.0,0,0.0,0,0.0,1,1.0,0,0.0,0,0.0,0,0.0,0,0.0
哈尔滨铁路,16,15,no_media,0,15,2021-04,0.0,0.0,1.0,0,0.0,0,0.0,0,0.0,0,0.0,15,1.0,0,0.0,0,0.0,0,0.0,0,0.0
唤我真名-筱,3,2,no_media,18,3,2023-01,0.0,0.5,0.5,0,0.0,1,0.5,0,0.0,0,0.0,1,0.5,0,0.0,0,0.0,0,0.0,0,0.0
商丘日报,56,55,no_media,0,48,2018-12,0.0,0.0,1.0,0,0.0,0,0.0,0,0.0,0,0.0,55,1.0,0,0.0,0,0.0,0,0.0,0,0.0
商丘网,58,57,no_media,0,49,2021-09,0.0,0.0,1.0,0,0.0,0,0.0,0,0.0,0,0.0,57,1.0,0,0.0,0,0.0,0,0.0,0,0.0
商学院杂志,8,7,no_media,0,8,2019-09,0.0,0.0,1.0,0,0.0,0,0.0,0,0.0,0,0.0,7,1.0,0,0.0,0,0.0,0,0.0,0,0.0
啊对对对你说得对000,4,3,wemedia_only,5,4,2022-12,0.3333333333333333,0.3333333333333333,0.0,0,0.0,0,0.0,1,0.3333333333333333,1,0.3333333333333333,0,0.0,0,0.0,0,0.0,1,0.3333333333333333,0,0.0
啵啵虎的接班人,3,2,wemedia_only,2,1,2020-03,0.0,0.0,1.0,0,0.0,0,0.0,0,0.0,0,0.0,2,1.0,0,0.0,0,0.0,0,0.0,0,0.0
善溪子,2,1,mainstream_only,1,2,2024-03,0.0,0.0,1.0,0,0.0,0,0.0,0,0.0,0,0.0,1,1.0,0,0.0,0,0.0,0,0.0,0,0.0
喜欢娱乐喜欢美食,11,10,wemedia_only,5,8,2023-02,0.3,0.3,0.2,1,0.1,2,0.2,1,0.1,3,0.3,2,0.2,0,0.0,0,0.0,1,0.1,0,0.0
喝下午茶的喵喵,3,2,mainstream_only,8,3,2022-12,0.0,0.0,1.0,0,0.0,0,0.0,0,0.0,0,0.0,2,1.0,0,0.0,0,0.0,0,0.0,0,0.0
喵了个磊,2,1,wemedia_only,2,2,2023-01,0.0,0.0,0.0,0,0.0,0,0.0,0,0.0,0,0.0,0,0.0,0,0.0,0,0.0,0,0.0,1,1.0
嗨_新时光,2,1,no_media,5,1,2022-03,0.0,0.0,0.0,1,1.0,0,0.0,0,0.0,0,0.0,0,0.0,0,0.0,0,0.0,0,0.0,0,0.0
嘈点君,2,1,wemedia_only,1,2,2020-03,0.0,0.0,1.0,0,0.0,0,0.0,0,0.0,0,0.0,1,1.0,0,0.0,0,0.0,0,0.0,0,0.0
嘉善老顾,11,10,mainstream_only,2,9,2022-03,0.0,0.0,0.6,0,0.0,0,0.0,0,0.0,0,0.0,6,0.6,2,0.2,0,0.0,1,0.1,1,0.1
四川xushu,2,1,wemedia_only,4,1,2020-03,0.0,0.0,1.0,0,0.0,0,0.0,0,0.0,0,0.0,1,1.0,0,0.0,0,0.0,0,0.0,0,0.0
四川发布,14,13,no_media,0,13,2020-07,0.0,0.0,1.0,0,0.0,0,0.0,0,0.0,0,0.0,13,1.0,0,0.0,0,0.0,0,0.0,0,0.0
四川工人日报,45,44,no_media,0,38,2020-02,0.022727272727272728,0.022727272727272728,0.9545454545454546,0,0.0,1,0.022727272727272728,0,0.0,1,0.022727272727272728,42,0.9545454545454546,0,0.0,0,0.0,0,0.0,0,0.0
四川日报,10,9,no_media,0,10,2020-01,0.0,0.0,1.0,0,0.0,0,0.0,0,0.0,0,0.0,9,1.0,0,0.0,0,0.0,0,0.0,0,0.0
四川观察,12,11,no_media,0,12,2020-02,0.0,0.0,1.0,0,0.0,0,0.0,0,0.0,0,0.0,11,1.0,0,0.0,0,0.0,0,0.0,0,0.0
四川观察新闻眼,3,2,no_media,0,3,2020-02,0.0,0.0,1.0,0,0.0,0,0.0,0,0.0,0,0.0,2,1.0,0,0.0,0,0.0,0,0.0,0,0.0
四川魏静,5,4,no_media,24,1,2022-03,0.0,0.0,1.0,0,0.0,0,0.0,0,0.0,0,0.0,4,1.0,0,0.0,0,0.0,0,0.0,0,0.0
团结报团结网,2,1,no_media,0,2,2020-02,0.0,0.0,1.0,0,0.0,0,0.0,0,0.0,0,0.0,1,1.0,0,0.0,0,0.0,0,0.0,0,0.0
围观是种姿势2代,6,5,mainstream_only,2,6,2023-04,0.4,0.4,0.2,0,0.0,2,0.4,0,0.0,2,0.4,1,0.2,0,0.0,0,0.0,0,0.0,0,0.0
国是直通车,59,58,no_media,0,53,2020-02,0.0,0.0,1.0,0,0.0,0,0.0,0,0.0,0,0.0,58,1.0,0,0.0,0,0.0,0,0.0,0,0.0
国资小新,6,5,no_media,0,6,2021-01,0.0,0.0,1.0,0,0.0,0,0.0,0,0.0,0,0.0,5,1.0,0,0.0,0,0.0,0,0.0,0,0.0
国际商报,8,7,no_media,0,8,2020-03,0.0,0.0,1.0,0,0.0,0,0.0,0,0.0,0,0.0,7,1.0,0,0.0,0,0.0,0,0.0,0,0.0
国际在线新闻,6,5,no_media,0,6,2019-03,0.2,0.2,0.6,0,0.0,1,0.2,0,0.0,1,0.2,3,0.6,0,0.0,0,0.0,0,0.0,0,0.0
国际旅游岛商报,27,26,no_media,0,25,2020-02,0.0,0.0,1.0,0,0.0,0,0.0,0,0.0,0,0.0,26,1.0,0,0.0,0,0.0,0,0.0,0,0.0
圆又圆额汤圆二代,2,1,wemedia_only,2,2,2023-02,0.0,0.0,0.0,0,0.0,0,0.0,0,0.0,0,0.0,0,0.0,1,1.0,0,0.0,0,0.0,0,0.0
圆环之手,9,8,wemedia_only,12,9,2023-04,0.375,0.25,0.25,0,0.0,2,0.25,0,0.0,2,0.25,2,0.25,1,0.125,1,0.125,0,0.0,0,0.0
土豆土豆爱老虎油,6,5,mainstream_only,3,6,2023-05,0.4,0.4,0.0,1,0.2,2,0.4,0,0.0,2,0.4,0,0.0,0,0.0,0,0.0,0,0.0,0,0.0
圣剑短毛猫,5,4,wemedia_only,3,5,2023-05,0.25,0.25,0.5,0,0.0,1,0.25,0,0.0,1,0.25,2,0.5,0,0.0,0,0.0,0,0.0,0,0.0
坐井观天的小肥羊,7,6,wemedia_only,9,6,2023-05,0.16666666666666666,0.0,0.5,0,0.0,0,0.0,0,0.0,0,0.0,3,0.5,1,0.16666666666666666,1,0.16666666666666666,0,0.0,1,0.16666666666666666
坦斯泼爱父国国美,4,3,wemedia_only,5,3,2023-04,0.0,0.3333333333333333,0.3333333333333333,1,0.3333333333333333,1,0.3333333333333333,0,0.0,0,0.0,1,0.3333333333333333,0,0.0,0,0.0,0,0.0,0,0.0
城关发布,13,12,no_media,0,12,2021-01,0.0,0.0,1.0,0,0.0,0,0.0,0,0.0,0,0.0,12,1.0,0,0.0,0,0.0,0,0.0,0,0.0
城南江右,3,2,mainstream_only,4,3,2024-06,0.0,0.0,1.0,0,0.0,0,0.0,0,0.0,0,0.0,2,1.0,0,0.0,0,0.0,0,0.0,0,0.0
城市晚报官方微博,8,7,no_media,0,8,2020-06,0.0,0.0,1.0,0,0.0,0,0.0,0,0.0,0,0.0,7,1.0,0,0.0,0,0.0,0,0.0,0,0.0
城市速递官方微博,20,19,no_media,0,19,2020-05,0.0,0.0,1.0,0,0.0,0,0.0,0,0.0,0,0.0,19,1.0,0,0.0,0,0.0,0,0.0,0,0.0
基层员,2,1,mainstream_only,2,1,2021-11,0.0,0.0,1.0,0,0.0,0,0.0,0,0.0,0,0.0,1,1.0,0,0.0,0,0.0,0,0.0,0,0.0
基源医学在线,29,28,mainstream_only,2,27,2023-02,0.0,0.0,1.0,0,0.0,0,0.0,0,0.0,0,0.0,28,1.0,0,0.0,0,0.0,0,0.0,0,0.0
塔塔莉是獭獭,3,2,mainstream_only,5,3,2023-07,0.0,0.0,0.5,0,0.0,0,0.0,0,0.0,0,0.0,1,0.5,1,0.5,0,0.0,0,0.0,0,0.0
夏昆塔拉,2,1,wemedia_only,3,2,2022-12,0.0,0.0,1.0,0,0.0,0,0.0,0,0.0,0,0.0,1,1.0,0,0.0,0,0.0,0,0.0,0,0.0
夏木鱼-,2,1,wemedia_only,1,2,2023-03,0.0,0.0,0.0,1,1.0,0,0.0,0,0.0,0,0.0,0,0.0,0,0.0,0,0.0,0,0.0,0,0.0
夏木龙,12,11,wemedia_only,2,12,2023-02,0.0,0.0,1.0,0,0.0,0,0.0,0,0.0,0,0.0,11,1.0,0,0.0,0,0.0,0,0.0,0,0.0
夏青青的猫,8,7,dual,6,8,2023-09,0.14285714285714285,0.14285714285714285,0.7142857142857143,0,0.0,1,0.14285714285714285,0,0.0,1,0.14285714285714285,5,0.7142857142857143,0,0.0,0,0.0,0,0.0,0,0.0
夕阳月色美,8,7,dual,13,7,2023-08,0.14285714285714285,0.14285714285714285,0.14285714285714285,4,0.5714285714285714,1,0.14285714285714285,0,0.0,1,0.14285714285714285,1,0.14285714285714285,0,0.0,0,0.0,0,0.0,0,0.0
外星人看地球村民那些事201602,2,1,wemedia_only,1,2,2023-02,0.0,0.0,1.0,0,0.0,0,0.0,0,0.0,0,0.0,1,1.0,0,0.0,0,0.0,0,0.0,0,0.0
多吃蓝莓胡萝卜,6,5,wemedia_only,7,1,2020-03,0.0,0.0,1.0,0,0.0,0,0.0,0,0.0,0,0.0,5,1.0,0,0.0,0,0.0,0,0.0,0,0.0
多彩贵州网,14,13,no_media,0,14,2020-05,0.0,0.0,1.0,0,0.0,0,0.0,0,0.0,0,0.0,13,1.0,0,0.0,0,0.0,0,0.0,0,0.0
夜满月Crystal,27,26,wemedia_only,26,26,2022-04,0.15384615384615385,0.11538461538461539,0.6153846153846154,3,0.11538461538461539,3,0.11538461538461539,0,0.0,4,0.15384615384615385,16,0.6153846153846154,0,0.0,0,0.0,0,0.0,0,0.0
大众新闻-半岛都市报,28,27,no_media,0,25,2021-01,0.0,0.0,1.0,0,0.0,0,0.0,0,0.0,0,0.0,27,1.0,0,0.0,0,0.0,0,0.0,0,0.0
大众日报,49,48,no_media,0,47,2020-02,0.020833333333333332,0.020833333333333332,0.9583333333333334,0,0.0,1,0.020833333333333332,0,0.0,1,0.020833333333333332,46,0.9583333333333334,0,0.0,0,0.0,0,0.0,0,0.0
大健康公社,7,6,dual,3,7,2023-01,0.3333333333333333,0.16666666666666666,0.3333333333333333,0,0.0,0,0.0,1,0.16666666666666666,2,0.3333333333333333,2,0.3333333333333333,0,0.0,0,0.0,1,0.16666666666666666,0,0.0
大公中原,4,3,no_media,0,4,2020-08,0.3333333333333333,0.3333333333333333,0.3333333333333333,0,0.0,1,0.3333333333333333,0,0.0,1,0.3333333333333333,1,0.3333333333333333,0,0.0,0,0.0,0,0.0,0,0.0
大包小包11,2,1,no_media,0,2,2023-03,0.0,0.0,1.0,0,0.0,0,0.0,0,0.0,0,0.0,1,1.0,0,0.0,0,0.0,0,0.0,0,0.0
大幸幸-逆转什么时候出新作,3,2,mainstream_only,4,3,2023-02,0.0,0.5,0.5,0,0.0,1,0.5,0,0.0,0,0.0,1,0.5,0,0.0,0,0.0,0,0.0,0,0.0
大武汉美食排行榜,4,3,no_media,0,4,2019-01,0.0,0.0,0.0,0,0.0,0,0.0,0,0.0,0,0.0,0,0.0,2,0.6666666666666666,0,0.0,1,0.3333333333333333,0,0.0
大江网,11,10,no_media,0,10,2020-07,0.0,0.0,1.0,0,0.0,0,0.0,0,0.0,0,0.0,10,1.0,0,0.0,0,0.0,0,0.0,0,0.0
大河网,53,52,no_media,0,46,2020-05,0.0,0.0,1.0,0,0.0,0,0.0,0,0.0,0,0.0,52,1.0,0,0.0,0,0.0,0,0.0,0,0.0
大狍爱生活,2,1,no_media,0,2,2022-03,0.0,0.0,1.0,0,0.0,0,0.0,0,0.0,0,0.0,1,1.0,0,0.0,0,0.0,0,0.0,0,0.0
大狗狗的尾巴,5,4,wemedia_only,3,5,2023-10,0.25,0.25,0.5,0,0.0,1,0.25,0,0.0,1,0.25,2,0.5,0,0.0,0,0.0,0,0.0,0,0.0
大眼它爸爸,5,4,mainstream_only,1,5,2023-02,0.25,0.0,0.0,2,0.5,0,0.0,0,0.0,1,0.25,0,0.0,0,0.0,0,0.0,1,0.25,0,0.0
大竹发布,13,12,no_media,0,13,2020-04,0.0,0.0,1.0,0,0.0,0,0.0,0,0.0,0,0.0,12,1.0,0,0.0,0,0.0,0,0.0,0,0.0
大耳朵中医,47,46,wemedia_only,33,37,2022-12,0.0,0.0,0.9565217391304348,0,0.0,0,0.0,0,0.0,0,0.0,44,0.9565217391304348,1,0.021739130434782608,0,0.0,1,0.021739130434782608,0,0.0
大脸古板小姐姐,2,1,wemedia_only,14,2,2025-06,0.0,0.0,0.0,0,0.0,0,0.0,0,0.0,0,0.0,0,0.0,1,1.0,0,0.0,0,0.0,0,0.0
大英发布,3,2,no_media,0,3,2020-02,0.0,0.0,1.0,0,0.0,0,0.0,0,0.0,0,0.0,2,1.0,0,0.0,0,0.0,0,0.0,0,0.0
大豆钭江明,2,1,no_media,2,2,2023-02,0.0,0.0,0.0,0,0.0,0,0.0,0,0.0,0,0.0,0,0.0,0,0.0,0,0.0,0,0.0,1,1.0
大象新闻,21,20,no_media,0,16,2021-02,0.0,0.0,0.95,0,0.0,0,0.0,0,0.0,0,0.0,19,0.95,0,0.0,0,0.0,1,0.05,0,0.0
大象时政,20,19,no_media,0,19,2020-01,0.0,0.0,0.8947368421052632,0,0.0,0,0.0,0,0.0,0,0.0,17,0.8947368421052632,1,0.05263157894736842,0,0.0,1,0.05263157894736842,0,0.0
大阿图因,3,2,mainstream_only,5,3,2023-02,0.0,0.0,1.0,0,0.0,0,0.0,0,0.0,0,0.0,2,1.0,0,0.0,0,0.0,0,0.0,0,0.0
大鹅花滑,2,1,mainstream_only,2,2,2024-02,0.0,0.0,1.0,0,0.0,0,0.0,0,0.0,0,0.0,1,1.0,0,0.0,0,0.0,0,0.0,0,0.0
天-正气-地,2,1,wemedia_only,3,2,2023-06,0.0,1.0,0.0,0,0.0,1,1.0,0,0.0,0,0.0,0,0.0,0,0.0,0,0.0,0,0.0,0,0.0
天之尘埃,3,2,wemedia_only,2,3,2023-07,0.5,0.0,0.5,0,0.0,0,0.0,0,0.0,1,0.5,1,0.5,0,0.0,0,0.0,0,0.0,0,0.0
天宠猫,3,2,mainstream_only,2,3,2025-02,0.5,0.0,0.5,0,0.0,0,0.0,0,0.0,1,0.5,1,0.5,0,0.0,0,0.0,0,0.0,0,0.0
天山游侠00439,2,1,wemedia_only,2,2,2023-02,0.0,0.0,1.0,0,0.0,0,0.0,0,0.0,0,0.0,1,1.0,0,0.0,0,0.0,0,0.0,0,0.0
天府发布,9,8,no_media,0,8,2020-02,0.0,0.0,1.0,0,0.0,0,0.0,0,0.0,0,0.0,8,1.0,0,0.0,0,0.0,0,0.0,0,0.0
天数此中求,4,3,no_media,1,4,2023-06,0.0,0.0,1.0,0,0.0,0,0.0,0,0.0,0,0.0,3,1.0,0,0.0,0,0.0,0,0.0,0,0.0
天津日报,45,44,no_media,0,42,2020-03,0.022727272727272728,0.022727272727272728,0.9545454545454546,0,0.0,1,0.022727272727272728,0,0.0,1,0.022727272727272728,42,0.9545454545454546,0,0.0,0,0.0,0,0.0,0,0.0
天涯浪子觅知音,3,2,wemedia_only,25,3,2020-11,0.0,0.0,0.0,0,0.0,0,0.0,0,0.0,0,0.0,0,0.0,1,0.5,0,0.0,1,0.5,0,0.0
天涯漁人風林谷,2,1,no_media,0,2,2022-10,0.0,0.0,1.0,0,0.0,0,0.0,0,0.0,0,0.0,1,1.0,0,0.0,0,0.0,0,0.0,0,0.0
天真or有邪,4,3,no_media,2,4,2023-02,0.3333333333333333,0.3333333333333333,0.0,1,0.3333333333333333,0,0.0,1,0.3333333333333333,0,0.0,0,0.0,0,0.0,1,0.3333333333333333,0,0.0,0,0.0
天缘有份神州好奇大土豆,5,4,wemedia_only,1,5,2023-03,0.0,0.0,1.0,0,0.0,0,0.0,0,0.0,0,0.0,4,1.0,0,0.0,0,0.0,0,0.0,0,0.0
天葉夜,2,1,mainstream_only,2,2,2023-06,0.0,0.0,1.0,0,0.0,0,0.0,0,0.0,0,0.0,1,1.0,0,0.0,0,0.0,0,0.0,0,0.0
天道V酬勤V,7,6,wemedia_only,4,4,2023-09,0.0,0.0,1.0,0,0.0,0,0.0,0,0.0,0,0.0,6,1.0,0,0.0,0,0.0,0,0.0,0,0.0
太原新闻网官方微博,54,53,no_media,0,47,2020-03,0.0,0.0,1.0,0,0.0,0,0.0,0,0.0,0,0.0,53,1.0,0,0.0,0,0.0,0,0.0,0,0.0
太原日报,3,2,no_media,0,3,2022-01,0.0,0.0,1.0,0,0.0,0,0.0,0,0.0,0,0.0,2,1.0,0,0.0,0,0.0,0,0.0,0,0.0
太原晚报,40,39,no_media,0,38,2020-02,0.0,0.0,1.0,0,0.0,0,0.0,0,0.0,0,0.0,39,1.0,0,0.0,0,0.0,0,0.0,0,0.0
太极推拿川式采耳培训59229,2,1,no_media,1,2,2023-01,0.0,0.0,0.0,0,0.0,0,0.0,0,0.0,0,0.0,0,0.0,0,0.0,0,0.0,0,0.0,1,1.0
太行日报,10,9,no_media,0,10,2020-02,0.0,0.0,1.0,0,0.0,0,0.0,0,0.0,0,0.0,9,1.0,0,0.0,0,0.0,0,0.0,0,0.0
央广网,36,35,no_media,0,36,2021-05,0.0,0.0,1.0,0,0.0,0,0.0,0,0.0,0,0.0,35,1.0,0,0.0,0,0.0,0,0.0,0,0.0
央视新闻,38,37,no_media,0,38,2020-02,0.0,0.0,1.0,0,0.0,0,0.0,0,0.0,0,0.0,37,1.0,0,0.0,0,0.0,0,0.0,0,0.0
央视网,29,28,no_media,0,25,2020-02,0.0,0.0,1.0,0,0.0,0,0.0,0,0.0,0,0.0,28,1.0,0,0.0,0,0.0,0,0.0,0,0.0
央视网快看,29,28,no_media,0,26,2020-02,0.0,0.0,1.0,0,0.0,0,0.0,0,0.0,0,0.0,28,1.0,0,0.0,0,0.0,0,0.0,0,0.0
央视网科技,10,9,no_media,0,9,2020-02,0.0,0.0,1.0,0,0.0,0,0.0,0,0.0,0,0.0,9,1.0,0,0.0,0,0.0,0,0.0,0,0.0
失火的天堂hzgxx,2,1,mainstream_only,2,2,2023-02,0.0,0.0,0.0,0,0.0,0,0.0,0,0.0,0,0.0,0,0.0,0,0.0,0,0.0,1,1.0,0,0.0
奥卡姆剃刀,3,2,no_media,0,2,2020-02,0.0,0.0,1.0,0,0.0,0,0.0,0,0.0,0,0.0,2,1.0,0,0.0,0,0.0,0,0.0,0,0.0
奶霜莓莓绵绵冰,2,1,mainstream_only,1,1,2023-02,0.0,0.0,1.0,0,0.0,0,0.0,0,0.0,0,0.0,1,1.0,0,0.0,0,0.0,0,0.0,0,0.0
她不会取,2,1,no_media,1,2,2023-01,0.0,0.0,0.0,1,1.0,0,0.0,0,0.0,0,0.0,0,0.0,0,0.0,0,0.0,0,0.0,0,0.0
好的都可以没关系你说得对,6,5,mainstream_only,1,5,2023-03,0.0,0.2,0.0,0,0.0,0,0.0,1,0.2,0,0.0,0,0.0,2,0.4,0,0.0,2,0.4,0,0.0
如是天魔显化,3,2,wemedia_only,1,3,2023-02,0.0,0.0,0.0,2,1.0,0,0.0,0,0.0,0,0.0,0,0.0,0,0.0,0,0.0,0,0.0,0,0.0
如月舞2018,15,14,mainstream_only,13,14,2023-05,0.14285714285714285,0.14285714285714285,0.5,2,0.14285714285714285,2,0.14285714285714285,0,0.0,1,0.07142857142857142,7,0.5,1,0.07142857142857142,1,0.07142857142857142,0,0.0,0,0.0
如皋老猫,2,1,mainstream_only,3,2,2022-03,1.0,0.0,0.0,0,0.0,0,0.0,0,0.0,1,1.0,0,0.0,0,0.0,0,0.0,0,0.0,0,0.0
妥爸-关心孩子的事,8,7,wemedia_only,4,8,2023-03,0.0,0.0,1.0,0,0.0,0,0.0,0,0.0,0,0.0,7,1.0,0,0.0,0,0.0,0,0.0,0,0.0
姐的平凡你们学不来59030,3,2,mainstream_only,3,3,2023-02,0.0,0.0,1.0,0,0.0,0,0.0,0,0.0,0,0.0,2,1.0,0,0.0,0,0.0,0,0.0,0,0.0
姑射杨公子,3,2,wemedia_only,5,2,2023-06,0.5,0.5,0.0,0,0.0,1,0.5,0,0.0,1,0.5,0,0.0,0,0.0,0,0.0,0,0.0,0,0.0
姚安政法,3,2,mainstream_only,3,3,2023-02,0.0,0.0,1.0,0,0.0,0,0.0,0,0.0,0,0.0,2,1.0,0,0.0,0,0.0,0,0.0,0,0.0
子羽说易八字七政命理预测,7,6,wemedia_only,1,7,2023-02,0.0,0.0,0.5,0,0.0,0,0.0,0,0.0,0,0.0,3,0.5,1,0.16666666666666666,0,0.0,1,0.16666666666666666,1,0.16666666666666666
孝义发布,3,2,mainstream_only,1,3,2023-05,0.0,0.0,1.0,0,0.0,0,0.0,0,0.0,0,0.0,2,1.0,0,0.0,0,0.0,0,0.0,0,0.0
孝感日报,36,35,no_media,0,30,2020-02,0.0,0.0,1.0,0,0.0,0,0.0,0,0.0,0,0.0,35,1.0,0,0.0,0,0.0,0,0.0,0,0.0
孝视新闻眼,7,6,no_media,0,7,2020-02,0.0,0.0,1.0,0,0.0,0,0.0,0,0.0,0,0.0,6,1.0,0,0.0,0,0.0,0,0.0,0,0.0
孟静舍,4,3,no_media,0,3,2023-02,0.0,0.0,1.0,0,0.0,0,0.0,0,0.0,0,0.0,3,1.0,0,0.0,0,0.0,0,0.0,0,0.0
季千辰霏,2,1,no_media,0,1,2023-01,0.0,1.0,0.0,0,0.0,0,0.0,1,1.0,0,0.0,0,0.0,0,0.0,0,0.0,0,0.0,0,0.0
季风故事,2,1,mainstream_only,2,1,2023-04,0.0,0.0,1.0,0,0.0,0,0.0,0,0.0,0,0.0,1,1.0,0,0.0,0,0.0,0,0.0,0,0.0
学佛人与股票,4,3,mainstream_only,2,4,2021-11,0.0,0.0,1.0,0,0.0,0,0.0,0,0.0,0,0.0,3,1.0,0,0.0,0,0.0,0,0.0,0,0.0
学倪海厦,3,2,wemedia_only,6,3,2023-03,0.0,0.0,1.0,0,0.0,0,0.0,0,0.0,0,0.0,2,1.0,0,0.0,0,0.0,0,0.0,0,0.0
宁夏新闻网,26,25,no_media,0,25,2021-04,0.0,0.0,1.0,0,0.0,0,0.0,0,0.0,0,0.0,25,1.0,0,0.0,0,0.0,0,0.0,0,0.0
宁思博囡,2,1,wemedia_only,1,2,2024-06,0.0,0.0,1.0,0,0.0,0,0.0,0,0.0,0,0.0,1,1.0,0,0.0,0,0.0,0,0.0,0,0.0
宁津融媒,2,1,mainstream_only,3,2,2020-03,0.0,0.0,1.0,0,0.0,0,0.0,0,0.0,0,0.0,1,1.0,0,0.0,0,0.0,0,0.0,0,0.0
守护0305号星星,2,1,wemedia_only,10,1,2022-03,0.0,0.0,0.0,0,0.0,0,0.0,0,0.0,0,0.0,0,0.0,0,0.0,0,0.0,0,0.0,1,1.0
守真守拙,4,3,mainstream_only,2,3,2023-02,0.0,0.0,1.0,0,0.0,0,0.0,0,0.0,0,0.0,3,1.0,0,0.0,0,0.0,0,0.0,0,0.0
安吉发布,6,5,no_media,0,6,2020-09,0.0,0.0,1.0,0,0.0,0,0.0,0,0.0,0,0.0,5,1.0,0,0.0,0,0.0,0,0.0,0,0.0
安康检察,12,11,no_media,0,10,2020-03,0.0,0.0,1.0,0,0.0,0,0.0,0,0.0,0,0.0,11,1.0,0,0.0,0,0.0,0,0.0,0,0.0
安徽之声,46,45,no_media,0,39,2020-01,0.0,0.0,1.0,0,0.0,0,0.0,0,0.0,0,0.0,45,1.0,0,0.0,0,0.0,0,0.0,0,0.0
安徽反邪教,10,9,no_media,0,9,2020-02,0.0,0.0,1.0,0,0.0,0,0.0,0,0.0,0,0.0,9,1.0,0,0.0,0,0.0,0,0.0,0,0.0
安徽日报,19,18,no_media,0,19,2020-02,0.0,0.0,1.0,0,0.0,0,0.0,0,0.0,0,0.0,18,1.0,0,0.0,0,0.0,0,0.0,0,0.0
安徽检察,4,3,no_media,0,4,2020-02,0.0,0.0,1.0,0,0.0,0,0.0,0,0.0,0,0.0,3,1.0,0,0.0,0,0.0,0,0.0,0,0.0
安徽网,9,8,mainstream_only,1,8,2020-02,0.0,0.0,1.0,0,0.0,0,0.0,0,0.0,0,0.0,8,1.0,0,0.0,0,0.0,0,0.0,0,0.0
安徽视讯,2,1,no_media,0,2,2023-01,0.0,0.0,1.0,0,0.0,0,0.0,0,0.0,0,0.0,1,1.0,0,0.0,0,0.0,0,0.0,0,0.0
安研健康,11,10,no_media,0,11,2023-01,0.0,0.0,1.0,0,0.0,0,0.0,0,0.0,0,0.0,10,1.0,0,0.0,0,0.0,0,0.0,0,0.0
安達鯉Adachi,2,1,wemedia_only,1,2,2023-05,0.0,0.0,0.0,1,1.0,0,0.0,0,0.0,0,0.0,0,0.0,0,0.0,0,0.0,0,0.0,0,0.0
安阳云上,3,2,no_media,0,1,2022-03,0.5,0.5,0.0,0,0.0,1,0.5,0,0.0,1,0.5,0,0.0,0,0.0,0,0.0,0,0.0,0,0.0
安阳同城会,3,2,no_media,0,1,2022-03,0.5,0.5,0.0,0,0.0,1,0.5,0,0.0,1,0.5,0,0.0,0,0.0,0,0.0,0,0.0,0,0.0
安阳妈妈帮,3,2,no_media,0,1,2022-03,0.5,0.5,0.0,0,0.0,1,0.5,0,0.0,1,0.5,0,0.0,0,0.0,0,0.0,0,0.0,0,0.0
安阳融媒,10,9,no_media,0,10,2020-02,0.0,0.0,1.0,0,0.0,0,0.0,0,0.0,0,0.0,9,1.0,0,0.0,0,0.0,0,0.0,0,0.0
安阳论坛,3,2,no_media,0,1,2022-03,0.5,0.5,0.0,0,0.0,1,0.5,0,0.0,1,0.5,0,0.0,0,0.0,0,0.0,0,0.0,0,0.0
安阳身边儿事,3,2,no_media,0,1,2022-03,0.5,0.5,0.0,0,0.0,1,0.5,0,0.0,1,0.5,0,0.0,0,0.0,0,0.0,0,0.0,0,0.0
宋中清主任律师,14,13,no_media,1,14,2021-02,0.15384615384615385,0.23076923076923078,0.46153846153846156,1,0.07692307692307693,3,0.23076923076923078,0,0.0,2,0.15384615384615385,6,0.46153846153846156,1,0.07692307692307693,0,0.0,0,0.0,0,0.0
宋师傅轻松育儿,2,1,wemedia_only,1,2,2023-10,0.0,0.0,0.0,0,0.0,0,0.0,0,0.0,0,0.0,0,0.0,1,1.0,0,0.0,0,0.0,0,0.0
宓瑟mise,5,4,wemedia_only,7,5,2023-05,0.25,0.25,0.25,0,0.0,1,0.25,0,0.0,1,0.25,1,0.25,0,0.0,0,0.0,1,0.25,0,0.0
宜善园互联网医院,2,1,no_media,0,2,2023-01,0.0,0.0,1.0,0,0.0,0,0.0,0,0.0,0,0.0,1,1.0,0,0.0,0,0.0,0,0.0,0,0.0
宜宾公安,2,1,mainstream_only,2,2,2022-12,0.0,0.0,1.0,0,0.0,0,0.0,0,0.0,0,0.0,1,1.0,0,0.0,0,0.0,0,0.0,0,0.0
宜春日报v,7,6,no_media,0,7,2020-04,0.0,0.0,1.0,0,0.0,0,0.0,0,0.0,0,0.0,6,1.0,0,0.0,0,0.0,0,0.0,0,0.0
宝鸡新闻网,2,1,no_media,0,2,2020-02,0.0,0.0,1.0,0,0.0,0,0.0,0,0.0,0,0.0,1,1.0,0,0.0,0,0.0,0,0.0,0,0.0
宝鸡检察,5,4,mainstream_only,5,5,2020-03,0.0,0.0,1.0,0,0.0,0,0.0,0,0.0,0,0.0,4,1.0,0,0.0,0,0.0,0,0.0,0,0.0
实录19730721,2,1,mainstream_only,1,2,2023-06,0.0,0.0,1.0,0,0.0,0,0.0,0,0.0,0,0.0,1,1.0,0,0.0,0,0.0,0,0.0,0,0.0
寅时初白,4,3,no_media,5,4,2022-12,0.0,0.0,1.0,0,0.0,0,0.0,0,0.0,0,0.0,3,1.0,0,0.0,0,0.0,0,0.0,0,0.0
富山药品海外旗舰店,2,1,no_media,0,2,2023-01,0.0,0.0,1.0,0,0.0,0,0.0,0,0.0,0,0.0,1,1.0,0,0.0,0,0.0,0,0.0,0,0.0
富平检察,7,6,mainstream_only,4,5,2022-01,0.0,0.0,1.0,0,0.0,0,0.0,0,0.0,0,0.0,6,1.0,0,0.0,0,0.0,0,0.0,0,0.0
寒舞C,3,2,wemedia_only,5,3,2023-05,0.0,0.0,0.5,0,0.0,0,0.0,0,0.0,0,0.0,1,0.5,1,0.5,0,0.0,0,0.0,0,0.0
对饮于江湖,4,3,wemedia_only,11,4,2023-05,0.3333333333333333,0.6666666666666666,0.0,0,0.0,2,0.6666666666666666,0,0.0,1,0.3333333333333333,0,0.0,0,0.0,0,0.0,0,0.0,0,0.0
封面新闻,37,36,no_media,0,34,2020-01,0.0,0.0,1.0,0,0.0,0,0.0,0,0.0,0,0.0,36,1.0,0,0.0,0,0.0,0,0.0,0,0.0
小_缪,2,1,wemedia_only,1,2,2024-08,0.0,1.0,0.0,0,0.0,1,1.0,0,0.0,0,0.0,0,0.0,0,0.0,0,0.0,0,0.0,0,0.0
小二,3,2,mainstream_only,4,3,2023-02,0.0,0.5,0.5,0,0.0,1,0.5,0,0.0,0,0.0,1,0.5,0,0.0,0,0.0,0,0.0,0,0.0
小呆乐是也,2,1,no_media,0,2,2022-12,0.0,0.0,1.0,0,0.0,0,0.0,0,0.0,0,0.0,1,1.0,0,0.0,0,0.0,0,0.0,0,0.0
小央视频,20,19,no_media,0,18,2020-02,0.05263157894736842,0.05263157894736842,0.8947368421052632,0,0.0,1,0.05263157894736842,0,0.0,1,0.05263157894736842,17,0.8947368421052632,0,0.0,0,0.0,0,0.0,0,0.0
小奥俊,2,1,mainstream_only,5,2,2023-07,0.0,0.0,1.0,0,0.0,0,0.0,0,0.0,0,0.0,1,1.0,0,0.0,0,0.0,0,0.0,0,0.0
小媌子的妈妈,2,1,mainstream_only,1,2,2023-09,1.0,0.0,0.0,0,0.0,0,0.0,0,0.0,1,1.0,0,0.0,0,0.0,0,0.0,0,0.0,0,0.0
小小檎,2,1,mainstream_only,1,2,2023-02,0.0,0.0,0.0,0,0.0,0,0.0,0,0.0,0,0.0,0,0.0,0,0.0,0,0.0,0,0.0,1,1.0
小岩杂俎,3,2,no_media,3,3,2023-01,0.0,0.0,1.0,0,0.0,0,0.0,0,0.0,0,0.0,2,1.0,0,0.0,0,0.0,0,0.0,0,0.0
小布丁龙珠撞奶,2,1,no_media,8,2,2023-01,0.0,0.0,0.0,0,0.0,0,0.0,0,0.0,0,0.0,0,0.0,0,0.0,0,0.0,0,0.0,1,1.0
小战怪蜀黍MK3,2,1,wemedia_only,1,2,2023-11,0.0,1.0,0.0,0,0.0,1,1.0,0,0.0,0,0.0,0,0.0,0,0.0,0,0.0,0,0.0,0,0.0
小昭20171314,2,1,no_media,0,2,2023-11,0.0,0.0,0.0,1,1.0,0,0.0,0,0.0,0,0.0,0,0.0,0,0.0,0,0.0,0,0.0,0,0.0
小李飞刀再出发,7,6,mainstream_only,3,6,2023-02,0.0,0.0,1.0,0,0.0,0,0.0,0,0.0,0,0.0,6,1.0,0,0.0,0,0.0,0,0.0,0,0.0
小狐狸的围脖,2,1,wemedia_only,3,1,2023-04,0.0,1.0,0.0,0,0.0,1,1.0,0,0.0,0,0.0,0,0.0,0,0.0,0,0.0,0,0.0,0,0.0
小狼1998,4,3,mainstream_only,4,4,2023-02,0.3333333333333333,0.3333333333333333,0.3333333333333333,0,0.0,1,0.3333333333333333,0,0.0,1,0.3333333333333333,1,0.3333333333333333,0,0.0,0,0.0,0,0.0,0,0.0
小猪钱罐儿V,2,1,mainstream_only,2,2,2023-02,1.0,0.0,0.0,0,0.0,0,0.0,0,0.0,1,1.0,0,0.0,0,0.0,0,0.0,0,0.0,0,0.0
小猫咪来了嗷,9,8,wemedia_only,10,9,2023-05,0.25,0.25,0.25,2,0.25,2,0.25,0,0.0,2,0.25,2,0.25,0,0.0,0,0.0,0,0.0,0,0.0
小胖HxH,3,2,wemedia_only,5,3,2023-05,0.5,0.5,0.0,0,0.0,1,0.5,0,0.0,1,0.5,0,0.0,0,0.0,0,0.0,0,0.0,0,0.0
小虎吉,5,4,mainstream_only,10,5,2022-09,0.5,0.25,0.25,0,0.0,1,0.25,0,0.0,2,0.5,1,0.25,0,0.0,0,0.0,0,0.0,0,0.0
小透明洛_荣耀不败,4,3,mainstream_only,2,3,2023-06,0.3333333333333333,0.3333333333333333,0.0,1,0.3333333333333333,1,0.3333333333333333,0,0.0,1,0.3333333333333333,0,0.0,0,0.0,0,0.0,0,0.0,0,0.0
小雨姐姐讲故事,2,1,wemedia_only,2,2,2023-01,0.0,1.0,0.0,0,0.0,1,1.0,0,0.0,0,0.0,0,0.0,0,0.0,0,0.0,0,0.0,0,0.0
小雪雪妹仔,2,1,no_media,0,1,2023-01,0.0,0.0,0.0,0,0.0,0,0.0,0,0.0,0,0.0,0,0.0,0,0.0,0,0.0,0,0.0,1,1.0
小马过河SNS,4,3,wemedia_only,6,4,2023-07,0.6666666666666666,0.3333333333333333,0.0,0,0.0,1,0.3333333333333333,0,0.0,2,0.6666666666666666,0,0.0,0,0.0,0,0.0,0,0.0,0,0.0
小龙8808,2,1,wemedia_only,4,2,2023-09,0.0,0.0,1.0,0,0.0,0,0.0,0,0.0,0,0.0,1,1.0,0,0.0,0,0.0,0,0.0,0,0.0
少小离家长胖回,2,1,wemedia_only,2,2,2024-01,0.0,0.0,0.0,1,1.0,0,0.0,0,0.0,0,0.0,0,0.0,0,0.0,0,0.0,0,0.0,0,0.0
尓湾阅读,3,2,mainstream_only,2,3,2023-10,0.0,0.0,1.0,0,0.0,0,0.0,0,0.0,0,0.0,2,1.0,0,0.0,0,0.0,0,0.0,0,0.0
尤克菌菌,2,1,wemedia_only,1,2,2023-05,0.0,0.0,0.0,0,0.0,0,0.0,0,0.0,0,0.0,0,0.0,1,1.0,0,0.0,0,0.0,0,0.0
居善地心善渊2021,2,1,wemedia_only,7,2,2023-09,0.0,0.0,1.0,0,0.0,0,0.0,0,0.0,0,0.0,1,1.0,0,0.0,0,0.0,0,0.0,0,0.0
居士妈妈万福-,3,2,wemedia_only,3,3,2023-02,0.0,0.0,0.0,0,0.0,0,0.0,0,0.0,0,0.0,0,0.0,1,0.5,0,0.0,1,0.5,0,0.0
屏山发布,26,25,no_media,0,25,2020-04,0.0,0.0,1.0,0,0.0,0,0.0,0,0.0,0,0.0,25,1.0,0,0.0,0,0.0,0,0.0,0,0.0
山东长安网,9,8,mainstream_only,2,8,2020-02,0.0,0.125,0.875,0,0.0,1,0.125,0,0.0,0,0.0,7,0.875,0,0.0,0,0.0,0,0.0,0,0.0
山东高法,10,9,no_media,0,10,2017-01,0.0,0.0,1.0,0,0.0,0,0.0,0,0.0,0,0.0,9,1.0,0,0.0,0,0.0,0,0.0,0,0.0
山亭发布,2,1,mainstream_only,2,2,2023-03,0.0,0.0,1.0,0,0.0,0,0.0,0,0.0,0,0.0,1,1.0,0,0.0,0,0.0,0,0.0,0,0.0
山初云洛·,2,1,wemedia_only,5,1,2020-03,0.0,0.0,1.0,0,0.0,0,0.0,0,0.0,0,0.0,1,1.0,0,0.0,0,0.0,0,0.0,0,0.0
山西临猗反邪教,2,1,mainstream_only,2,2,2023-05,0.0,0.0,1.0,0,0.0,0,0.0,0,0.0,0,0.0,1,1.0,0,0.0,0,0.0,0,0.0,0,0.0
山西云媒体,15,14,no_media,0,14,2020-02,0.0,0.0,1.0,0,0.0,0,0.0,0,0.0,0,0.0,14,1.0,0,0.0,0,0.0,0,0.0,0,0.0
山西共青团,25,24,no_media,0,22,2020-02,0.0,0.0,1.0,0,0.0,0,0.0,0,0.0,0,0.0,24,1.0,0,0.0,0,0.0,0,0.0,0,0.0
山西政法,25,24,no_media,0,24,2020-02,0.0,0.0,1.0,0,0.0,0,0.0,0,0.0,0,0.0,24,1.0,0,0.0,0,0.0,0,0.0,0,0.0
山西日报,27,26,no_media,0,27,2020-02,0.0,0.0,1.0,0,0.0,0,0.0,0,0.0,0,0.0,26,1.0,0,0.0,0,0.0,0,0.0,0,0.0
山西晚报,32,31,no_media,0,31,2021-03,0.0,0.0,1.0,0,0.0,0,0.0,0,0.0,0,0.0,31,1.0,0,0.0,0,0.0,0,0.0,0,0.0
山西曲沃反邪教,2,1,mainstream_only,2,2,2023-05,0.0,0.0,1.0,0,0.0,0,0.0,0,0.0,0,0.0,1,1.0,0,0.0,0,0.0,0,0.0,0,0.0
山西浮山反邪教,2,1,mainstream_only,2,2,2023-05,0.0,0.0,1.0,0,0.0,0,0.0,0,0.0,0,0.0,1,1.0,0,0.0,0,0.0,0,0.0,0,0.0
山西绛县反邪教,2,1,mainstream_only,2,2,2023-05,0.0,0.0,1.0,0,0.0,0,0.0,0,0.0,0,0.0,1,1.0,0,0.0,0,0.0,0,0.0,0,0.0
山西综合广播,2,1,no_media,0,2,2022-04,0.0,0.0,1.0,0,0.0,0,0.0,0,0.0,0,0.0,1,1.0,0,0.0,0,0.0,0,0.0,0,0.0
山西襄汾反邪教,2,1,mainstream_only,2,2,2023-05,0.0,0.0,1.0,0,0.0,0,0.0,0,0.0,0,0.0,1,1.0,0,0.0,0,0.0,0,0.0,0,0.0
山西隰县反邪教,2,1,mainstream_only,2,2,2023-02,0.0,0.0,1.0,0,0.0,0,0.0,0,0.0,0,0.0,1,1.0,0,0.0,0,0.0,0,0.0,0,0.0
山西黄河新闻网传媒忻州分公司,5,4,mainstream_only,1,5,2023-02,0.0,0.0,1.0,0,0.0,0,0.0,0,0.0,0,0.0,4,1.0,0,0.0,0,0.0,0,0.0,0,0.0
岁月饭店,6,5,wemedia_only,4,6,2023-01,0.2,0.0,0.6,1,0.2,0,0.0,0,0.0,1,0.2,3,0.6,0,0.0,0,0.0,0,0.0,0,0.0
岐德堂武医,4,3,no_media,0,4,2023-02,0.0,0.0,1.0,0,0.0,0,0.0,0,0.0,0,0.0,3,1.0,0,0.0,0,0.0,0,0.0,0,0.0
岚山发布,7,6,no_media,0,6,2022-12,0.0,0.0,1.0,0,0.0,0,0.0,0,0.0,0,0.0,6,1.0,0,0.0,0,0.0,0,0.0,0,0.0
岱青山人,7,6,no_media,0,7,2022-12,0.0,0.0,1.0,0,0.0,0,0.0,0,0.0,0,0.0,6,1.0,0,0.0,0,0.0,0,0.0,0,0.0
岳阳市中级人民法院,5,4,mainstream_only,2,3,2020-03,0.0,0.0,1.0,0,0.0,0,0.0,0,0.0,0,0.0,4,1.0,0,0.0,0,0.0,0,0.0,0,0.0
峰哥一切为了健康,35,34,no_media,0,32,2022-12,0.058823529411764705,0.029411764705882353,0.9117647058823529,0,0.0,1,0.029411764705882353,0,0.0,2,0.058823529411764705,31,0.9117647058823529,0,0.0,0,0.0,0,0.0,0,0.0
嵩明发布,4,3,mainstream_only,1,4,2023-03,0.0,0.0,1.0,0,0.0,0,0.0,0,0.0,0,0.0,3,1.0,0,0.0,0,0.0,0,0.0,0,0.0
左董英子,8,7,wemedia_only,9,6,2023-02,0.0,0.0,0.7142857142857143,0,0.0,0,0.0,0,0.0,0,0.0,5,0.7142857142857143,1,0.14285714285714285,0,0.0,1,0.14285714285714285,0,0.0
巴音布鲁克天鹅湖96,2,1,mainstream_only,9,2,2023-04,0.0,0.0,1.0,0,0.0,0,0.0,0,0.0,0,0.0,1,1.0,0,0.0,0,0.0,0,0.0,0,0.0
巴音郭楞蒙古自治州吾瓦镇窝滴爱,5,4,wemedia_only,3,4,2022-03,0.25,0.5,0.0,1,0.25,1,0.25,1,0.25,0,0.0,0,0.0,0,0.0,1,0.25,0,0.0,0,0.0
市场星报,19,18,no_media,0,19,2018-07,0.0,0.0,1.0,0,0.0,0,0.0,0,0.0,0,0.0,18,1.0,0,0.0,0,0.0,0,0.0,0,0.0
市说新语,4,3,no_media,0,3,2022-07,0.0,0.0,1.0,0,0.0,0,0.0,0,0.0,0,0.0,3,1.0,0,0.0,0,0.0,0,0.0,0,0.0
希希68100,8,7,mainstream_only,3,7,2023-03,0.2857142857142857,0.14285714285714285,0.42857142857142855,1,0.14285714285714285,1,0.14285714285714285,0,0.0,2,0.2857142857142857,3,0.42857142857142855,0,0.0,0,0.0,0,0.0,0,0.0
带着蒲团去外星,2,1,wemedia_only,3,1,2025-06,0.0,0.0,0.0,1,1.0,0,0.0,0,0.0,0,0.0,0,0.0,0,0.0,0,0.0,0,0.0,0,0.0
常州网,8,7,no_media,0,8,2020-10,0.0,0.0,1.0,0,0.0,0,0.0,0,0.0,0,0.0,7,1.0,0,0.0,0,0.0,0,0.0,0,0.0
干细胞-王老师,3,2,no_media,0,3,2023-01,0.0,0.0,1.0,0,0.0,0,0.0,0,0.0,0,0.0,2,1.0,0,0.0,0,0.0,0,0.0,0,0.0
干细胞-琦琦,28,27,wemedia_only,1,22,2022-03,0.0,0.0,1.0,0,0.0,0,0.0,0,0.0,0,0.0,27,1.0,0,0.0,0,0.0,0,0.0,0,0.0
平-安-顺-遂2024,2,1,no_media,0,2,2022-12,0.0,0.0,0.0,0,0.0,0,0.0,0,0.0,0,0.0,0,0.0,1,1.0,0,0.0,0,0.0,0,0.0
平城阿伟,2,1,no_media,0,1,2023-02,1.0,0.0,0.0,0,0.0,0,0.0,0,0.0,0,0.0,0,0.0,0,0.0,1,1.0,0,0.0,0,0.0
平安南江,2,1,no_media,0,1,2022-03,0.0,0.0,1.0,0,0.0,0,0.0,0,0.0,0,0.0,1,1.0,0,0.0,0,0.0,0,0.0,0,0.0
平安古蔺,10,9,mainstream_only,1,5,2022-10,0.0,0.0,1.0,0,0.0,0,0.0,0,0.0,0,0.0,9,1.0,0,0.0,0,0.0,0,0.0,0,0.0
平安合江,4,3,mainstream_only,1,4,2023-03,0.0,0.0,1.0,0,0.0,0,0.0,0,0.0,0,0.0,3,1.0,0,0.0,0,0.0,0,0.0,0,0.0
平安商丘,12,11,no_media,0,11,2021-02,0.0,0.0,1.0,0,0.0,0,0.0,0,0.0,0,0.0,11,1.0,0,0.0,0,0.0,0,0.0,0,0.0
平安大竹,2,1,mainstream_only,2,2,2023-02,0.0,0.0,1.0,0,0.0,0,0.0,0,0.0,0,0.0,1,1.0,0,0.0,0,0.0,0,0.0,0,0.0
平安天津滨海,2,1,mainstream_only,1,2,2020-03,0.0,0.0,1.0,0,0.0,0,0.0,0,0.0,0,0.0,1,1.0,0,0.0,0,0.0,0,0.0,0,0.0
平安安州,6,5,no_media,0,3,2022-07,0.0,0.0,1.0,0,0.0,0,0.0,0,0.0,0,0.0,5,1.0,0,0.0,0,0.0,0,0.0,0,0.0
平安曲靖,3,2,mainstream_only,7,2,2022-12,0.0,0.0,1.0,0,0.0,0,0.0,0,0.0,0,0.0,2,1.0,0,0.0,0,0.0,0,0.0,0,0.0
平安江阳,9,8,mainstream_only,6,8,2020-01,0.0,0.0,1.0,0,0.0,0,0.0,0,0.0,0,0.0,8,1.0,0,0.0,0,0.0,0,0.0,0,0.0
平安泸县,2,1,mainstream_only,1,2,2022-10,0.0,0.0,1.0,0,0.0,0,0.0,0,0.0,0,0.0,1,1.0,0,0.0,0,0.0,0,0.0,0,0.0
平安泸州,2,1,mainstream_only,1,2,2023-02,0.0,0.0,1.0,0,0.0,0,0.0,0,0.0,0,0.0,1,1.0,0,0.0,0,0.0,0,0.0,0,0.0
平安温州,29,28,mainstream_only,1,22,2020-05,0.0,0.0,1.0,0,0.0,0,0.0,0,0.0,0,0.0,28,1.0,0,0.0,0,0.0,0,0.0,0,0.0
平安盐源,2,1,mainstream_only,1,2,2025-05,0.0,0.0,1.0,0,0.0,0,0.0,0,0.0,0,0.0,1,1.0,0,0.0,0,0.0,0,0.0,0,0.0
平安纳溪,3,2,mainstream_only,4,3,2020-03,0.0,0.0,1.0,0,0.0,0,0.0,0,0.0,0,0.0,2,1.0,0,0.0,0,0.0,0,0.0,0,0.0
平安绵阳,12,11,mainstream_only,11,10,2022-03,0.0,0.0,1.0,0,0.0,0,0.0,0,0.0,0,0.0,11,1.0,0,0.0,0,0.0,0,0.0,0,0.0
平安金阳,3,2,no_media,0,3,2023-01,0.0,0.0,1.0,0,0.0,0,0.0,0,0.0,0,0.0,2,1.0,0,0.0,0,0.0,0,0.0,0,0.0
平顶山日报,4,3,no_media,0,4,2020-02,0.0,0.0,1.0,0,0.0,0,0.0,0,0.0,0,0.0,3,1.0,0,0.0,0,0.0,0,0.0,0,0.0
年少的陪伴,3,2,mainstream_only,4,3,2023-09,0.0,0.0,0.0,0,0.0,0,0.0,0,0.0,0,0.0,0,0.0,1,0.5,0,0.0,1,0.5,0,0.0
幸福春天_空灵,2,1,wemedia_only,11,2,2023-04,0.0,1.0,0.0,0,0.0,1,1.0,0,0.0,0,0.0,0,0.0,0,0.0,0,0.0,0,0.0,0,0.0
幸福能量疗愈体系创始人_赵馨,14,13,wemedia_only,1,13,2023-03,0.0,0.0,0.8461538461538461,0,0.0,0,0.0,0,0.0,0,0.0,11,0.8461538461538461,1,0.07692307692307693,0,0.0,1,0.07692307692307693,0,0.0
幻想生态保护研究会,2,1,wemedia_only,1,2,2022-12,1.0,0.0,0.0,0,0.0,0,0.0,0,0.0,1,1.0,0,0.0,0,0.0,0,0.0,0,0.0,0,0.0
幽冥剑,2,1,mainstream_only,3,2,2023-08,0.0,0.0,1.0,0,0.0,0,0.0,0,0.0,0,0.0,1,1.0,0,0.0,0,0.0,0,0.0,0,0.0
广东反邪教,4,3,mainstream_only,1,4,2020-03,0.0,0.0,1.0,0,0.0,0,0.0,0,0.0,0,0.0,3,1.0,0,0.0,0,0.0,0,0.0,0,0.0
广东台触电新闻,22,21,no_media,0,21,2020-02,0.0,0.0,1.0,0,0.0,0,0.0,0,0.0,0,0.0,21,1.0,0,0.0,0,0.0,0,0.0,0,0.0
广东天气,3,2,mainstream_only,3,3,2021-11,0.0,0.0,1.0,0,0.0,0,0.0,0,0.0,0,0.0,2,1.0,0,0.0,0,0.0,0,0.0,0,0.0
广东广播电视台城市之声,6,5,no_media,0,6,2022-10,0.0,0.0,1.0,0,0.0,0,0.0,0,0.0,0,0.0,5,1.0,0,0.0,0,0.0,0,0.0,0,0.0
广东新闻联播,15,14,no_media,0,15,2021-08,0.0,0.0,1.0,0,0.0,0,0.0,0,0.0,0,0.0,14,1.0,0,0.0,0,0.0,0,0.0,0,0.0
广元女儿美,2,1,mainstream_only,2,2,2021-11,0.0,0.0,1.0,0,0.0,0,0.0,0,0.0,0,0.0,1,1.0,0,0.0,0,0.0,0,0.0,0,0.0
广州校园,4,3,no_media,0,4,2020-05,0.0,0.0,1.0,0,0.0,0,0.0,0,0.0,0,0.0,3,1.0,0,0.0,0,0.0,0,0.0,0,0.0
广州检察,2,1,no_media,0,2,2022-12,0.0,0.0,1.0,0,0.0,0,0.0,0,0.0,0,0.0,1,1.0,0,0.0,0,0.0,0,0.0,0,0.0
广州铁路,12,11,no_media,0,11,2020-03,0.0,0.0,1.0,0,0.0,0,0.0,0,0.0,0,0.0,11,1.0,0,0.0,0,0.0,0,0.0,0,0.0
广西头条NEWS,7,6,no_media,0,5,2022-12,0.0,0.0,1.0,0,0.0,0,0.0,0,0.0,0,0.0,6,1.0,0,0.0,0,0.0,0,0.0,0,0.0
广西新闻网,9,8,no_media,0,8,2020-02,0.0,0.0,1.0,0,0.0,0,0.0,0,0.0,0,0.0,8,1.0,0,0.0,0,0.0,0,0.0,0,0.0
广西日报,10,9,no_media,0,10,2020-02,0.0,0.0,1.0,0,0.0,0,0.0,0,0.0,0,0.0,9,1.0,0,0.0,0,0.0,0,0.0,0,0.0
庆阳心,2,1,wemedia_only,1,2,2023-03,0.0,0.0,1.0,0,0.0,0,0.0,0,0.0,0,0.0,1,1.0,0,0.0,0,0.0,0,0.0,0,0.0
庐阳正道,3,2,mainstream_only,5,2,2020-03,0.0,0.0,1.0,0,0.0,0,0.0,0,0.0,0,0.0,2,1.0,0,0.0,0,0.0,0,0.0,0,0.0
康大夫-悟道中医,2,1,no_media,1,2,2023-07,0.0,0.0,1.0,0,0.0,0,0.0,0,0.0,0,0.0,1,1.0,0,0.0,0,0.0,0,0.0,0,0.0
康巴什发布,11,10,mainstream_only,4,10,2022-10,0.0,0.0,1.0,0,0.0,0,0.0,0,0.0,0,0.0,10,1.0,0,0.0,0,0.0,0,0.0,0,0.0
康迅网,2,1,no_media,0,2,2023-01,0.0,0.0,1.0,0,0.0,0,0.0,0,0.0,0,0.0,1,1.0,0,0.0,0,0.0,0,0.0,0,0.0
延安检察,6,5,no_media,0,5,2020-02,0.0,0.0,1.0,0,0.0,0,0.0,0,0.0,0,0.0,5,1.0,0,0.0,0,0.0,0,0.0,0,0.0
延长检察,3,2,no_media,0,3,2020-05,0.0,0.0,1.0,0,0.0,0,0.0,0,0.0,0,0.0,2,1.0,0,0.0,0,0.0,0,0.0,0,0.0
延长法院,4,3,mainstream_only,3,4,2022-01,0.0,0.0,1.0,0,0.0,0,0.0,0,0.0,0,0.0,3,1.0,0,0.0,0,0.0,0,0.0,0,0.0
开疆扩土特狼普,30,29,wemedia_only,21,26,2023-05,0.20689655172413793,0.2413793103448276,0.5172413793103449,1,0.034482758620689655,7,0.2413793103448276,0,0.0,6,0.20689655172413793,15,0.5172413793103449,0,0.0,0,0.0,0,0.0,0,0.0
开阳县检察院,2,1,mainstream_only,6,1,2022-12,0.0,0.0,1.0,0,0.0,0,0.0,0,0.0,0,0.0,1,1.0,0,0.0,0,0.0,0,0.0,0,0.0
张作风流行病学教授UCLA,10,9,no_media,13,6,2022-09,0.0,0.0,1.0,0,0.0,0,0.0,0,0.0,0,0.0,9,1.0,0,0.0,0,0.0,0,0.0,0,0.0
张利成都,8,7,mainstream_only,8,6,2023-02,0.14285714285714285,0.0,0.8571428571428571,0,0.0,0,0.0,0,0.0,1,0.14285714285714285,6,0.8571428571428571,0,0.0,0,0.0,0,0.0,0,0.0
张国庆看天下,10,9,dual,10,10,2023-01,0.1111111111111111,0.1111111111111111,0.5555555555555556,0,0.0,1,0.1111111111111111,0,0.0,1,0.1111111111111111,5,0.5555555555555556,1,0.1111111111111111,0,0.0,1,0.1111111111111111,0,0.0
张斐的百合诗亭,2,1,no_media,0,1,2022-12,0.0,0.0,1.0,0,0.0,0,0.0,0,0.0,0,0.0,1,1.0,0,0.0,0,0.0,0,0.0,0,0.0
张铭洺m,2,1,wemedia_only,2,2,2023-11,0.0,0.0,1.0,0,0.0,0,0.0,0,0.0,0,0.0,1,1.0,0,0.0,0,0.0,0,0.0,0,0.0
张颐武,3,2,mainstream_only,3,3,2021-08,0.0,0.5,0.5,0,0.0,1,0.5,0,0.0,0,0.0,1,0.5,0,0.0,0,0.0,0,0.0,0,0.0
强吻小猫咪,6,5,mainstream_only,2,6,2023-03,0.2,0.2,0.0,1,0.2,0,0.0,1,0.2,1,0.2,0,0.0,0,0.0,0,0.0,1,0.2,1,0.2
归港老船,4,3,mainstream_only,2,4,2023-06,0.0,0.0,0.6666666666666666,0,0.0,0,0.0,0,0.0,0,0.0,2,0.6666666666666666,1,0.3333333333333333,0,0.0,0,0.0,0,0.0
当代生活报,16,15,no_media,0,14,2020-02,0.0,0.0,1.0,0,0.0,0,0.0,0,0.0,0,0.0,15,1.0,0,0.0,0,0.0,0,0.0,0,0.0
当归拉法_Dr段,14,13,no_media,34,13,2023-02,0.0,0.0,1.0,0,0.0,0,0.0,0,0.0,0,0.0,13,1.0,0,0.0,0,0.0,0,0.0,0,0.0
当然有戏__,2,1,wemedia_only,2,1,2020-03,0.0,0.0,1.0,0,0.0,0,0.0,0,0.0,0,0.0,1,1.0,0,0.0,0,0.0,0,0.0,0,0.0
当肯甜甜圈,2,1,mainstream_only,2,2,2023-05,0.0,0.0,1.0,0,0.0,0,0.0,0,0.0,0,0.0,1,1.0,0,0.0,0,0.0,0,0.0,0,0.0
当铺大老板,2,1,no_media,2,2,2022-10,0.0,0.0,1.0,0,0.0,0,0.0,0,0.0,0,0.0,1,1.0,0,0.0,0,0.0,0,0.0,0,0.0
彩虹医生,2,1,no_media,0,2,2022-03,1.0,0.0,0.0,0,0.0,0,0.0,0,0.0,1,1.0,0,0.0,0,0.0,0,0.0,0,0.0,0,0.0
彭国珩,7,6,dual,4,7,2023-02,0.0,0.0,1.0,0,0.0,0,0.0,0,0.0,0,0.0,6,1.0,0,0.0,0,0.0,0,0.0,0,0.0
彼岸星光德尔塔,7,6,mainstream_only,11,7,2023-05,0.16666666666666666,0.16666666666666666,0.5,0,0.0,1,0.16666666666666666,0,0.0,1,0.16666666666666666,3,0.5,0,0.0,0,0.0,1,0.16666666666666666,0,0.0
徐州瑞博医院,2,1,no_media,0,2,2023-01,0.0,0.0,1.0,0,0.0,0,0.0,0,0.0,0,0.0,1,1.0,0,0.0,0,0.0,0,0.0,0,0.0
得意学堂岱珈,10,9,wemedia_only,141,9,2022-11,0.0,0.0,1.0,0,0.0,0,0.0,0,0.0,0,0.0,9,1.0,0,0.0,0,0.0,0,0.0,0,0.0
得意的弦小二,2,1,wemedia_only,36,2,2022-12,0.0,0.0,1.0,0,0.0,0,0.0,0,0.0,0,0.0,1,1.0,0,0.0,0,0.0,0,0.0,0,0.0
御茶之水,2,1,mainstream_only,5,2,2024-04,0.0,0.0,1.0,0,0.0,0,0.0,0,0.0,0,0.0,1,1.0,0,0.0,0,0.0,0,0.0,0,0.0
微博卫生健康,8,7,mainstream_only,2,7,2023-02,0.0,0.0,1.0,0,0.0,0,0.0,0,0.0,0,0.0,7,1.0,0,0.0,0,0.0,0,0.0,0,0.0
微博时事,5,4,wemedia_only,14,4,2022-12,0.25,0.25,0.5,0,0.0,1,0.25,0,0.0,1,0.25,2,0.5,0,0.0,0,0.0,0,0.0,0,0.0
微博江苏,14,13,no_media,0,14,2020-02,0.0,0.0,1.0,0,0.0,0,0.0,0,0.0,0,0.0,13,1.0,0,0.0,0,0.0,0,0.0,0,0.0
微博沧州,18,17,no_media,0,18,2020-01,0.0,0.0,1.0,0,0.0,0,0.0,0,0.0,0,0.0,17,1.0,0,0.0,0,0.0,0,0.0,0,0.0
微博清苑,9,8,no_media,0,9,2020-09,0.0,0.0,1.0,0,0.0,0,0.0,0,0.0,0,0.0,8,1.0,0,0.0,0,0.0,0,0.0,0,0.0
微博澳大利亚,2,1,wemedia_only,3,2,2022-07,1.0,0.0,0.0,0,0.0,0,0.0,0,0.0,1,1.0,0,0.0,0,0.0,0,0.0,0,0.0,0,0.0
微甜带辣王铁梅,3,2,wemedia_only,1,3,2023-09,0.5,0.0,0.0,0,0.0,0,0.0,0,0.0,1,0.5,0,0.0,0,0.0,0,0.0,1,0.5,0,0.0
微观楚雄,2,1,no_media,0,2,2020-02,0.0,0.0,1.0,0,0.0,0,0.0,0,0.0,0,0.0,1,1.0,0,0.0,0,0.0,0,0.0,0,0.0
微观现场,2,1,no_media,0,2,2022-03,0.0,0.0,1.0,0,0.0,0,0.0,0,0.0,0,0.0,1,1.0,0,0.0,0,0.0,0,0.0,0,0.0
微风暮雨青烟冷1109,4,3,mainstream_only,1,4,2023-11,0.0,0.0,0.3333333333333333,0,0.0,0,0.0,0,0.0,0,0.0,1,0.3333333333333333,1,0.3333333333333333,0,0.0,1,0.3333333333333333,0,0.0
德州中院,3,2,mainstream_only,2,2,2023-05,0.0,0.0,1.0,0,0.0,0,0.0,0,0.0,0,0.0,2,1.0,0,0.0,0,0.0,0,0.0,0,0.0
德州发布,18,17,no_media,0,6,2020-03,0.0,0.0,1.0,0,0.0,0,0.0,0,0.0,0,0.0,17,1.0,0,0.0,0,0.0,0,0.0,0,0.0
德欧华商,3,2,no_media,0,3,2022-04,0.0,0.5,0.0,1,0.5,0,0.0,1,0.5,0,0.0,0,0.0,0,0.0,0,0.0,0,0.0,0,0.0
德阳全媒体,14,13,no_media,0,13,2020-02,0.0,0.0,1.0,0,0.0,0,0.0,0,0.0,0,0.0,13,1.0,0,0.0,0,0.0,0,0.0,0,0.0
徽州反邪教,4,3,mainstream_only,2,3,2020-03,0.0,0.0,1.0,0,0.0,0,0.0,0,0.0,0,0.0,3,1.0,0,0.0,0,0.0,0,0.0,0,0.0
心内有微光,3,2,mainstream_only,7,2,2023-05,0.0,0.5,0.0,1,0.5,1,0.5,0,0.0,0,0.0,0,0.0,0,0.0,0,0.0,0,0.0,0,0.0
心恒言若,4,3,mainstream_only,4,1,2022-12,0.0,0.3333333333333333,0.6666666666666666,0,0.0,1,0.3333333333333333,0,0.0,0,0.0,2,0.6666666666666666,0,0.0,0,0.0,0,0.0,0,0.0
心悦若水2000,3,2,no_media,3,3,2023-02,0.0,0.0,0.0,0,0.0,0,0.0,0,0.0,0,0.0,0,0.0,1,0.5,0,0.0,0,0.0,1,0.5
心若坦然yy,2,1,wemedia_only,1,2,2023-04,0.0,0.0,1.0,0,0.0,0,0.0,0,0.0,0,0.0,1,1.0,0,0.0,0,0.0,0,0.0,0,0.0
心静枯木西太后,2,1,wemedia_only,3,2,2024-02,1.0,0.0,0.0,0,0.0,0,0.0,0,0.0,1,1.0,0,0.0,0,0.0,0,0.0,0,0.0,0,0.0
忆果缘M19,2,1,no_media,0,2,2023-01,0.0,1.0,0.0,0,0.0,1,1.0,0,0.0,0,0.0,0,0.0,0,0.0,0,0.0,0,0.0,0,0.0
快乐de小丸子O,7,6,wemedia_only,17,5,2023-04,0.0,0.0,0.6666666666666666,0,0.0,0,0.0,0,0.0,0,0.0,4,0.6666666666666666,1,0.16666666666666666,0,0.0,1,0.16666666666666666,0,0.0
快乐投资人李伟,2,1,no_media,5,2,2023-02,1.0,0.0,0.0,0,0.0,0,0.0,0,0.0,1,1.0,0,0.0,0,0.0,0,0.0,0,0.0,0,0.0
快乐芷Ann,3,2,wemedia_only,9,3,2023-01,0.5,0.0,0.0,0,0.0,0,0.0,0,0.0,1,0.5,0,0.0,0,0.0,0,0.0,1,0.5,0,0.0
怀柔chill,2,1,no_media,0,2,2023-08,1.0,0.0,0.0,0,0.0,0,0.0,0,0.0,0,0.0,0,0.0,0,0.0,1,1.0,0,0.0,0,0.0
怀闲念同,2,1,wemedia_only,4,2,2024-03,1.0,0.0,0.0,0,0.0,0,0.0,0,0.0,0,0.0,0,0.0,0,0.0,1,1.0,0,0.0,0,0.0
怎么称呼随你,2,1,wemedia_only,3,2,2022-07,0.0,0.0,1.0,0,0.0,0,0.0,0,0.0,0,0.0,1,1.0,0,0.0,0,0.0,0,0.0,0,0.0
思坊菜AND思坊瑜伽,3,2,wemedia_only,1,3,2023-02,0.0,0.0,1.0,0,0.0,0,0.0,0,0.0,0,0.0,2,1.0,0,0.0,0,0.0,0,0.0,0,0.0
思想在远方001,3,2,wemedia_only,4,3,2024-02,0.0,0.5,0.0,1,0.5,1,0.5,0,0.0,0,0.0,0,0.0,0,0.0,0,0.0,0,0.0,0,0.0
思路敏锐,2,1,wemedia_only,2,2,2022-12,0.0,0.0,1.0,0,0.0,0,0.0,0,0.0,0,0.0,1,1.0,0,0.0,0,0.0,0,0.0,0,0.0
怡味薯蓣锦,18,17,dual,15,17,2023-03,0.23529411764705882,0.23529411764705882,0.23529411764705882,1,0.058823529411764705,4,0.23529411764705882,0,0.0,4,0.23529411764705882,4,0.23529411764705882,2,0.11764705882352941,0,0.0,2,0.11764705882352941,0,0.0
怪博士李雷,6,5,wemedia_only,14,6,2022-03,0.0,0.0,1.0,0,0.0,0,0.0,0,0.0,0,0.0,5,1.0,0,0.0,0,0.0,0,0.0,0,0.0
恩施新闻网,5,4,no_media,0,5,2020-02,0.0,0.0,1.0,0,0.0,0,0.0,0,0.0,0,0.0,4,1.0,0,0.0,0,0.0,0,0.0,0,0.0
恬淡荷心,7,6,mainstream_only,3,7,2023-02,0.0,0.16666666666666666,0.0,1,0.16666666666666666,1,0.16666666666666666,0,0.0,0,0.0,0,0.0,2,0.3333333333333333,0,0.0,2,0.3333333333333333,0,0.0
悄悄在远方的小明哥,5,4,wemedia_only,5,5,2024-09,0.25,0.25,0.0,2,0.5,1,0.25,0,0.0,1,0.25,0,0.0,0,0.0,0,0.0,0,0.0,0,0.0
悉尼印象微博,3,2,no_media,0,3,2022-07,0.5,0.5,0.0,0,0.0,1,0.5,0,0.0,1,0.5,0,0.0,0,0.0,0,0.0,0,0.0,0,0.0
悦如舞,3,2,mainstream_only,4,3,2023-06,0.5,0.0,0.0,1,0.5,0,0.0,0,0.0,1,0.5,0,0.0,0,0.0,0,0.0,0,0.0,0,0.0
情感文艺君,2,1,wemedia_only,9,2,2022-12,0.0,0.0,0.0,0,0.0,0,0.0,0,0.0,0,0.0,0,0.0,1,1.0,0,0.0,0,0.0,0,0.0
惟霓心动,2,1,no_media,1,2,2023-10,0.0,0.0,0.0,1,1.0,0,0.0,0,0.0,0,0.0,0,0.0,0,0.0,0,0.0,0,0.0,0,0.0
惨绿樱桃猛男,2,1,wemedia_only,2,2,2023-03,0.0,0.0,0.0,0,0.0,0,0.0,0,0.0,0,0.0,0,0.0,0,0.0,0,0.0,1,1.0,0,0.0
想名字的金鱼,2,1,no_media,2,2,2023-03,0.0,1.0,0.0,0,0.0,0,0.0,1,1.0,0,0.0,0,0.0,0,0.0,0,0.0,0,0.0,0,0.0
愁小多丶,2,1,wemedia_only,2,2,2023-10,1.0,0.0,0.0,0,0.0,0,0.0,0,0.0,1,1.0,0,0.0,0,0.0,0,0.0,0,0.0,0,0.0
意志力无下限的废物,2,1,wemedia_only,8,2,2023-07,0.0,0.0,0.0,1,1.0,0,0.0,0,0.0,0,0.0,0,0.0,0,0.0,0,0.0,0,0.0,0,0.0
慈溪静姨,18,17,wemedia_only,4,16,2023-02,0.23529411764705882,0.23529411764705882,0.11764705882352941,0,0.0,2,0.11764705882352941,2,0.11764705882352941,1,0.058823529411764705,2,0.11764705882352941,2,0.11764705882352941,3,0.17647058823529413,2,0.11764705882352941,3,0.17647058823529413
懵懵懵Scorpio,2,1,no_media,4,2,2023-01,0.0,1.0,0.0,0,0.0,0,0.0,1,1.0,0,0.0,0,0.0,0,0.0,0,0.0,0,0.0,0,0.0
成都商报,21,20,no_media,0,20,2020-02,0.05,0.05,0.9,0,0.0,1,0.05,0,0.0,1,0.05,18,0.9,0,0.0,0,0.0,0,0.0,0,0.0
成都国际铁路港,4,3,mainstream_only,3,4,2023-03,0.0,0.0,1.0,0,0.0,0,0.0,0,0.0,0,0.0,3,1.0,0,0.0,0,0.0,0,0.0,0,0.0
成都天府国际生物城,3,2,mainstream_only,2,3,2020-03,0.0,0.0,1.0,0,0.0,0,0.0,0,0.0,0,0.0,2,1.0,0,0.0,0,0.0,0,0.0,0,0.0
成都市中级人民法院,3,2,mainstream_only,7,3,2020-03,0.0,0.0,1.0,0,0.0,0,0.0,0,0.0,0,0.0,2,1.0,0,0.0,0,0.0,0,0.0,0,0.0
成都市场监管,8,7,mainstream_only,1,7,2022-03,0.0,0.0,1.0,0,0.0,0,0.0,0,0.0,0,0.0,7,1.0,0,0.0,0,0.0,0,0.0,0,0.0
成都手机报,2,1,no_media,0,2,2022-12,0.0,0.0,1.0,0,0.0,0,0.0,0,0.0,0,0.0,1,1.0,0,0.0,0,0.0,0,0.0,0,0.0
成都水务,2,1,mainstream_only,3,1,2022-10,0.0,0.0,1.0,0,0.0,0,0.0,0,0.0,0,0.0,1,1.0,0,0.0,0,0.0,0,0.0,0,0.0
成都高新市场监管,9,8,mainstream_only,3,9,2021-11,0.0,0.0,1.0,0,0.0,0,0.0,0,0.0,0,0.0,8,1.0,0,0.0,0,0.0,0,0.0,0,0.0
成马大健康网,5,4,no_media,0,5,2022-12,0.0,0.0,1.0,0,0.0,0,0.0,0,0.0,0,0.0,4,1.0,0,0.0,0,0.0,0,0.0,0,0.0
我係盲俠,2,1,dual,10,2,2022-09,0.0,0.0,1.0,0,0.0,0,0.0,0,0.0,0,0.0,1,1.0,0,0.0,0,0.0,0,0.0,0,0.0
我在现场ing,2,1,no_media,0,2,2022-03,0.0,0.0,1.0,0,0.0,0,0.0,0,0.0,0,0.0,1,1.0,0,0.0,0,0.0,0,0.0,0,0.0
我是佩儿,3,2,wemedia_only,3,3,2022-12,0.5,0.5,0.0,0,0.0,0,0.0,1,0.5,1,0.5,0,0.0,0,0.0,0,0.0,0,0.0,0,0.0
我是小妖怪的人,2,1,wemedia_only,9,2,2022-04,0.0,0.0,0.0,0,0.0,0,0.0,0,0.0,0,0.0,0,0.0,1,1.0,0,0.0,0,0.0,0,0.0
我是希尔瑞思,133,132,dual,75,94,2021-08,0.22727272727272727,0.23484848484848486,0.2196969696969697,42,0.3181818181818182,31,0.23484848484848486,0,0.0,30,0.22727272727272727,29,0.2196969696969697,0,0.0,0,0.0,0,0.0,0,0.0
我是李翔,2,1,no_media,0,2,2022-12,0.0,0.0,1.0,0,0.0,0,0.0,0,0.0,0,0.0,1,1.0,0,0.0,0,0.0,0,0.0,0,0.0
我是黑则酩,6,5,wemedia_only,9,6,2023-05,0.2,0.0,0.4,2,0.4,0,0.0,0,0.0,1,0.2,2,0.4,0,0.0,0,0.0,0,0.0,0,0.0
我本孤獨何懼寂寞,2,1,mainstream_only,2,2,2023-02,0.0,0.0,1.0,0,0.0,0,0.0,0,0.0,0,0.0,1,1.0,0,0.0,0,0.0,0,0.0,0,0.0
我爱丫丫悟,39,38,mainstream_only,26,32,2023-02,0.18421052631578946,0.21052631578947367,0.5526315789473685,2,0.05263157894736842,8,0.21052631578947367,0,0.0,7,0.18421052631578946,21,0.5526315789473685,0,0.0,0,0.0,0,0.0,0,0.0
我苏特稿,6,5,no_media,0,6,2020-10,0.0,0.0,1.0,0,0.0,0,0.0,0,0.0,0,0.0,5,1.0,0,0.0,0,0.0,0,0.0,0,0.0
我谁3,7,6,mainstream_only,6,7,2023-02,0.3333333333333333,0.3333333333333333,0.16666666666666666,0,0.0,1,0.16666666666666666,1,0.16666666666666666,2,0.3333333333333333,1,0.16666666666666666,0,0.0,0,0.0,1,0.16666666666666666,0,0.0
战无不胜警官号,5,4,mainstream_only,3,5,2023-05,0.0,0.25,0.0,3,0.75,1,0.25,0,0.0,0,0.0,0,0.0,0,0.0,0,0.0,0,0.0,0,0.0
战甲装研菌,6,5,wemedia_only,7,4,2023-02,0.4,0.4,0.0,0,0.0,1,0.2,1,0.2,1,0.2,0,0.0,0,0.0,1,0.2,0,0.0,1,0.2
手感造物,3,2,wemedia_only,1,3,2022-12,0.0,0.0,1.0,0,0.0,0,0.0,0,0.0,0,0.0,2,1.0,0,0.0,0,0.0,0,0.0,0,0.0
扎紧你的篱笆,2,1,wemedia_only,3,2,2021-03,0.0,0.0,0.0,0,0.0,0,0.0,0,0.0,0,0.0,0,0.0,0,0.0,0,0.0,1,1.0,0,0.0
扬子晚报,40,39,no_media,0,39,2018-04,0.02564102564102564,0.02564102564102564,0.9487179487179487,0,0.0,1,0.02564102564102564,0,0.0,1,0.02564102564102564,37,0.9487179487179487,0,0.0,0,0.0,0,0.0,0,0.0
扬州网,6,5,no_media,0,6,2020-03,0.0,0.0,1.0,0,0.0,0,0.0,0,0.0,0,0.0,5,1.0,0,0.0,0,0.0,0,0.0,0,0.0
承岐,2,1,wemedia_only,2,2,2024-01,0.0,0.0,1.0,0,0.0,0,0.0,0,0.0,0,0.0,1,1.0,0,0.0,0,0.0,0,0.0,0,0.0
抚州临川发布,20,19,no_media,0,16,2020-04,0.0,0.0,1.0,0,0.0,0,0.0,0,0.0,0,0.0,19,1.0,0,0.0,0,0.0,0,0.0,0,0.0
抚州发布,10,9,no_media,0,10,2020-01,0.0,0.0,1.0,0,0.0,0,0.0,0,0.0,0,0.0,9,1.0,0,0.0,0,0.0,0,0.0,0,0.0
抚州资溪发布,5,4,mainstream_only,2,5,2020-03,0.0,0.0,1.0,0,0.0,0,0.0,0,0.0,0,0.0,4,1.0,0,0.0,0,0.0,0,0.0,0,0.0
拍帮主,128,127,wemedia_only,37,115,2023-02,0.1889763779527559,0.1889763779527559,0.5826771653543307,5,0.03937007874015748,24,0.1889763779527559,0,0.0,24,0.1889763779527559,74,0.5826771653543307,0,0.0,0,0.0,0,0.0,0,0.0
挖资本主义墙角的李大锤,3,2,no_media,1,3,2023-01,0.0,0.0,0.0,0,0.0,0,0.0,0,0.0,0,0.0,0,0.0,1,0.5,0,0.0,1,0.5,0,0.0
挡ba股,4,3,mainstream_only,4,3,2024-03,0.3333333333333333,0.0,0.3333333333333333,1,0.3333333333333333,0,0.0,0,0.0,1,0.3333333333333333,1,0.3333333333333333,0,0.0,0,0.0,0,0.0,0,0.0
振花宇,2,1,wemedia_only,1,2,2024-03,1.0,0.0,0.0,0,0.0,0,0.0,0,0.0,0,0.0,0,0.0,0,0.0,1,1.0,0,0.0,0,0.0
探蕊求花小蜜蜂,2,1,wemedia_only,5,2,2023-02,1.0,0.0,0.0,0,0.0,0,0.0,0,0.0,1,1.0,0,0.0,0,0.0,0,0.0,0,0.0,0,0.0
推石上山198505,3,2,mainstream_only,3,3,2022-12,0.5,0.5,0.0,0,0.0,1,0.5,0,0.0,1,0.5,0,0.0,0,0.0,0,0.0,0,0.0,0,0.0
揪鸠就酒,7,6,wemedia_only,12,7,2023-06,0.16666666666666666,0.16666666666666666,0.16666666666666666,1,0.16666666666666666,1,0.16666666666666666,0,0.0,1,0.16666666666666666,1,0.16666666666666666,1,0.16666666666666666,0,0.0,1,0.16666666666666666,0,0.0
搜狐健康,2,1,no_media,0,2,2022-05,0.0,0.0,1.0,0,0.0,0,0.0,0,0.0,0,0.0,1,1.0,0,0.0,0,0.0,0,0.0,0,0.0
搜罗安阳,3,2,no_media,0,1,2022-03,0.5,0.5,0.0,0,0.0,1,0.5,0,0.0,1,0.5,0,0.0,0,0.0,0,0.0,0,0.0,0,0.0
搜讯,2,1,no_media,0,1,2022-03,0.0,0.0,1.0,0,0.0,0,0.0,0,0.0,0,0.0,1,1.0,0,0.0,0,0.0,0,0.0,0,0.0
摘下一颗小星星呀,4,3,wemedia_only,7,4,2023-05,0.3333333333333333,0.0,0.6666666666666666,0,0.0,0,0.0,0,0.0,1,0.3333333333333333,2,0.6666666666666666,0,0.0,0,0.0,0,0.0,0,0.0
擦擦拉丁,2,1,wemedia_only,1,2,2023-04,0.0,0.0,0.0,0,0.0,0,0.0,0,0.0,0,0.0,0,0.0,1,1.0,0,0.0,0,0.0,0,0.0
救命啊------,2,1,no_media,0,2,2022-12,0.0,0.0,0.0,0,0.0,0,0.0,0,0.0,0,0.0,0,0.0,0,0.0,0,0.0,1,1.0,0,0.0
敷和中医LI,7,6,wemedia_only,5,7,2023-03,0.0,0.0,1.0,0,0.0,0,0.0,0,0.0,0,0.0,6,1.0,0,0.0,0,0.0,0,0.0,0,0.0
文化人永远不会错,4,3,mainstream_only,2,4,2023-02,0.3333333333333333,0.3333333333333333,0.3333333333333333,0,0.0,1,0.3333333333333333,0,0.0,1,0.3333333333333333,1,0.3333333333333333,0,0.0,0,0.0,0,0.0,0,0.0
文化艺术报报社,6,5,no_media,0,6,2020-02,0.0,0.0,1.0,0,0.0,0,0.0,0,0.0,0,0.0,5,1.0,0,0.0,0,0.0,0,0.0,0,0.0
文明三门峡市第三中学,2,1,mainstream_only,1,2,2023-02,0.0,0.0,1.0,0,0.0,0,0.0,0,0.0,0,0.0,1,1.0,0,0.0,0,0.0,0,0.0,0,0.0
文明南昌,2,1,no_media,0,2,2021-01,0.0,0.0,1.0,0,0.0,0,0.0,0,0.0,0,0.0,1,1.0,0,0.0,0,0.0,0,0.0,0,0.0
文明江西,4,3,no_media,0,4,2020-02,0.0,0.0,1.0,0,0.0,0,0.0,0,0.0,0,0.0,3,1.0,0,0.0,0,0.0,0,0.0,0,0.0
文森特2019,2,1,no_media,3,2,2023-01,0.0,0.0,0.0,0,0.0,0,0.0,0,0.0,0,0.0,0,0.0,0,0.0,0,0.0,0,0.0,1,1.0
文汇报,20,19,no_media,0,20,2020-01,0.0,0.0,1.0,0,0.0,0,0.0,0,0.0,0,0.0,19,1.0,0,0.0,0,0.0,0,0.0,0,0.0
斑驳碎光,3,2,wemedia_only,2,2,2023-05,0.0,0.5,0.0,1,0.5,0,0.0,1,0.5,0,0.0,0,0.0,0,0.0,0,0.0,0,0.0,0,0.0
断剑天涯,3,2,wemedia_only,5,2,2022-03,0.0,0.0,1.0,0,0.0,0,0.0,0,0.0,0,0.0,2,1.0,0,0.0,0,0.0,0,0.0,0,0.0
新华日报,32,31,no_media,0,31,2017-01,0.0,0.0,1.0,0,0.0,0,0.0,0,0.0,0,0.0,31,1.0,0,0.0,0,0.0,0,0.0,0,0.0
新叶天天长老--李日新,4,3,wemedia_only,8,4,2023-02,0.0,0.0,1.0,0,0.0,0,0.0,0,0.0,0,0.0,3,1.0,0,0.0,0,0.0,0,0.0,0,0.0
新晚报,32,31,no_media,0,29,2020-02,0.0,0.0,1.0,0,0.0,0,0.0,0,0.0,0,0.0,31,1.0,0,0.0,0,0.0,0,0.0,0,0.0
新欧洲战法,2,1,no_media,0,2,2022-01,0.0,1.0,0.0,0,0.0,1,1.0,0,0.0,0,0.0,0,0.0,0,0.0,0,0.0,0,0.0,0,0.0
新民周刊,26,25,no_media,0,25,2020-01,0.0,0.0,1.0,0,0.0,0,0.0,0,0.0,0,0.0,25,1.0,0,0.0,0,0.0,0,0.0,0,0.0
新民晚报新民网,53,52,no_media,0,49,2020-03,0.019230769230769232,0.0,0.9807692307692307,0,0.0,0,0.0,0,0.0,1,0.019230769230769232,51,0.9807692307692307,0,0.0,0,0.0,0,0.0,0,0.0
新法治报,10,9,no_media,0,9,2022-12,0.0,0.0,1.0,0,0.0,0,0.0,0,0.0,0,0.0,9,1.0,0,0.0,0,0.0,0,0.0,0,0.0
新浪健康,6,5,wemedia_only,1,6,2023-02,0.0,0.0,1.0,0,0.0,0,0.0,0,0.0,0,0.0,5,1.0,0,0.0,0,0.0,0,0.0,0,0.0
新浪热点,60,59,wemedia_only,3,54,2023-02,0.0,0.0,0.9661016949152542,0,0.0,0,0.0,0,0.0,0,0.0,57,0.9661016949152542,1,0.01694915254237288,0,0.0,1,0.01694915254237288,0,0.0
新火试新茶茶茶,6,5,mainstream_only,2,6,2023-02,0.2,0.2,0.4,1,0.2,1,0.2,0,0.0,1,0.2,2,0.4,0,0.0,0,0.0,0,0.0,0,0.0
新疆察叔,2,1,mainstream_only,1,2,2025-02,0.0,0.0,1.0,0,0.0,0,0.0,0,0.0,0,0.0,1,1.0,0,0.0,0,0.0,0,0.0,0,0.0
新疆网络举报,2,1,no_media,0,2,2022-12,0.0,0.0,1.0,0,0.0,0,0.0,0,0.0,0,0.0,1,1.0,0,0.0,0,0.0,0,0.0,0,0.0
新疆西部传媒有限公司,2,1,no_media,0,2,2022-10,0.0,0.0,1.0,0,0.0,0,0.0,0,0.0,0,0.0,1,1.0,0,0.0,0,0.0,0,0.0,0,0.0
新西兰早知道,2,1,no_media,0,2,2022-03,0.0,0.0,0.0,1,1.0,0,0.0,0,0.0,0,0.0,0,0.0,0,0.0,0,0.0,0,0.0,0,0.0
新警事儿,4,3,no_media,0,4,2020-03,0.0,0.0,1.0,0,0.0,0,0.0,0,0.0,0,0.0,3,1.0,0,0.0,0,0.0,0,0.0,0,0.0
新闻晨报,60,59,no_media,0,46,2022-12,0.03389830508474576,0.03389830508474576,0.847457627118644,0,0.0,2,0.03389830508474576,0,0.0,2,0.03389830508474576,50,0.847457627118644,2,0.03389830508474576,0,0.0,2,0.03389830508474576,1,0.01694915254237288
新闻种草官,21,20,no_media,0,21,2022-04,0.0,0.0,1.0,0,0.0,0,0.0,0,0.0,0,0.0,20,1.0,0,0.0,0,0.0,0,0.0,0,0.0
方枪枪去哪儿了,2,1,mainstream_only,1,2,2023-04,0.0,0.0,0.0,0,0.0,0,0.0,0,0.0,0,0.0,0,0.0,0,0.0,0,0.0,1,1.0,0,0.0
方脑壳邓铂鋆,92,91,dual,13,82,2022-10,0.13186813186813187,0.13186813186813187,0.6043956043956044,3,0.03296703296703297,10,0.10989010989010989,2,0.02197802197802198,11,0.12087912087912088,55,0.6043956043956044,4,0.04395604395604396,1,0.01098901098901099,5,0.054945054945054944,0,0.0
旅者云舒,2,1,dual,3,2,2023-06,0.0,0.0,1.0,0,0.0,0,0.0,0,0.0,0,0.0,1,1.0,0,0.0,0,0.0,0,0.0,0,0.0
无名代王199910,2,1,no_media,1,2,2023-03,0.0,0.0,1.0,0,0.0,0,0.0,0,0.0,0,0.0,1,1.0,0,0.0,0,0.0,0,0.0,0,0.0
无忧差评,6,5,wemedia_only,2,6,2022-03,0.4,0.2,0.2,1,0.2,1,0.2,0,0.0,2,0.4,1,0.2,0,0.0,0,0.0,0,0.0,0,0.0
无所谓呦315,3,2,wemedia_only,10,3,2023-07,0.5,0.5,0.0,0,0.0,0,0.0,1,0.5,1,0.5,0,0.0,0,0.0,0,0.0,0,0.0,0,0.0
无敌小米周妈妈,2,1,mainstream_only,2,2,2023-03,0.0,0.0,1.0,0,0.0,0,0.0,0,0.0,0,0.0,1,1.0,0,0.0,0,0.0,0,0.0,0,0.0
无敌幸运小番茄,2,1,dual,4,2,2023-08,0.0,0.0,1.0,0,0.0,0,0.0,0,0.0,0,0.0,1,1.0,0,0.0,0,0.0,0,0.0,0,0.0
无线鹤壁,4,3,no_media,0,4,2020-03,0.0,0.0,1.0,0,0.0,0,0.0,0,0.0,0,0.0,3,1.0,0,0.0,0,0.0,0,0.0,0,0.0
无锡博报,17,16,no_media,0,16,2020-01,0.0,0.0,1.0,0,0.0,0,0.0,0,0.0,0,0.0,16,1.0,0,0.0,0,0.0,0,0.0,0,0.0
日本干细胞Motif银座Clinic,5,4,no_media,0,3,2023-01,0.0,0.0,1.0,0,0.0,0,0.0,0,0.0,0,0.0,4,1.0,0,0.0,0,0.0,0,0.0,0,0.0
日本龟田综合医院,3,2,no_media,0,3,2022-12,0.0,0.0,1.0,0,0.0,0,0.0,0,0.0,0,0.0,2,1.0,0,0.0,0,0.0,0,0.0,0,0.0
日照网,16,15,no_media,0,14,2022-01,0.0,0.0,1.0,0,0.0,0,0.0,0,0.0,0,0.0,15,1.0,0,0.0,0,0.0,0,0.0,0,0.0
日番谷桃子lovetakanori,3,2,mainstream_only,2,3,2023-03,0.0,0.0,0.0,0,0.0,0,0.0,0,0.0,0,0.0,0,0.0,1,0.5,0,0.0,0,0.0,1,0.5
日记君六生,2,1,no_media,1,2,2023-10,0.0,0.0,0.0,0,0.0,0,0.0,0,0.0,0,0.0,0,0.0,0,0.0,0,0.0,0,0.0,1,1.0
时光2024fhdfjjk,2,1,dual,9,2,2020-03,0.0,0.0,1.0,0,0.0,0,0.0,0,0.0,0,0.0,1,1.0,0,0.0,0,0.0,0,0.0,0,0.0
时光2025年,2,1,mainstream_only,2,2,2023-11,0.0,0.0,1.0,0,0.0,0,0.0,0,0.0,0,0.0,1,1.0,0,0.0,0,0.0,0,0.0,0,0.0
时光之心惟精一,6,5,mainstream_only,5,6,2023-08,0.0,0.0,1.0,0,0.0,0,0.0,0,0.0,0,0.0,5,1.0,0,0.0,0,0.0,0,0.0,0,0.0
时蝇喜箭,3,2,wemedia_only,2,2,2023-11,0.0,0.0,1.0,0,0.0,0,0.0,0,0.0,0,0.0,2,1.0,0,0.0,0,0.0,0,0.0,0,0.0
时视频,3,2,no_media,0,3,2022-12,0.0,0.0,1.0,0,0.0,0,0.0,0,0.0,0,0.0,2,1.0,0,0.0,0,0.0,0,0.0,0,0.0
时间新闻视频,2,1,no_media,0,2,2022-07,0.0,0.0,1.0,0,0.0,0,0.0,0,0.0,0,0.0,1,1.0,0,0.0,0,0.0,0,0.0,0,0.0
时间视频,19,18,no_media,0,18,2020-01,0.0,0.0,1.0,0,0.0,0,0.0,0,0.0,0,0.0,18,1.0,0,0.0,0,0.0,0,0.0,0,0.0
昆仑轻行,2,1,wemedia_only,3,2,2023-04,0.0,0.0,1.0,0,0.0,0,0.0,0,0.0,0,0.0,1,1.0,0,0.0,0,0.0,0,0.0,0,0.0
昆明东川发布,13,12,no_media,0,9,2021-02,0.08333333333333333,0.08333333333333333,0.8333333333333334,0,0.0,1,0.08333333333333333,0,0.0,1,0.08333333333333333,10,0.8333333333333334,0,0.0,0,0.0,0,0.0,0,0.0
昆明五华发布,33,32,mainstream_only,1,30,2021-01,0.0,0.0,1.0,0,0.0,0,0.0,0,0.0,0,0.0,32,1.0,0,0.0,0,0.0,0,0.0,0,0.0
昆明信息港,10,9,no_media,0,10,2020-04,0.0,0.0,1.0,0,0.0,0,0.0,0,0.0,0,0.0,9,1.0,0,0.0,0,0.0,0,0.0,0,0.0
昆明富民发布,8,7,no_media,0,8,2021-05,0.0,0.0,1.0,0,0.0,0,0.0,0,0.0,0,0.0,7,1.0,0,0.0,0,0.0,0,0.0,0,0.0
昆明市西山区发布,11,10,mainstream_only,3,9,2023-02,0.0,0.0,1.0,0,0.0,0,0.0,0,0.0,0,0.0,10,1.0,0,0.0,0,0.0,0,0.0,0,0.0
昆明广播电视台,35,34,no_media,0,28,2021-08,0.0,0.0,1.0,0,0.0,0,0.0,0,0.0,0,0.0,34,1.0,0,0.0,0,0.0,0,0.0,0,0.0
昆明日报掌上春城,30,29,no_media,0,28,2021-04,0.0,0.0,1.0,0,0.0,0,0.0,0,0.0,0,0.0,29,1.0,0,0.0,0,0.0,0,0.0,0,0.0
昆明警方发布,3,2,mainstream_only,1,3,2022-12,0.0,0.0,1.0,0,0.0,0,0.0,0,0.0,0,0.0,2,1.0,0,0.0,0,0.0,0,0.0,0,0.0
昌平报,11,10,no_media,0,11,2020-02,0.0,0.0,1.0,0,0.0,0,0.0,0,0.0,0,0.0,10,1.0,0,0.0,0,0.0,0,0.0,0,0.0
明东征提督李如松,7,6,mainstream_only,6,4,2023-12,0.3333333333333333,0.3333333333333333,0.16666666666666666,0,0.0,1,0.16666666666666666,1,0.16666666666666666,1,0.16666666666666666,1,0.16666666666666666,0,0.0,1,0.16666666666666666,0,0.0,1,0.16666666666666666
明天的明1230,5,4,wemedia_only,12,5,2023-06,0.5,0.25,0.25,0,0.0,1,0.25,0,0.0,2,0.5,1,0.25,0,0.0,0,0.0,0,0.0,0,0.0
明明如月moon,2,1,no_media,3,2,2023-01,0.0,0.0,0.0,0,0.0,0,0.0,0,0.0,0,0.0,0,0.0,0,0.0,0,0.0,0,0.0,1,1.0
明星视窗,3,2,mainstream_only,1,3,2023-12,0.0,0.0,1.0,0,0.0,0,0.0,0,0.0,0,0.0,2,1.0,0,0.0,0,0.0,0,0.0,0,0.0
易可中医连锁,4,3,no_media,0,4,2023-01,0.0,0.0,1.0,0,0.0,0,0.0,0,0.0,0,0.0,3,1.0,0,0.0,0,0.0,0,0.0,0,0.0
易拉宝三号,14,13,mainstream_only,13,14,2023-04,0.15384615384615385,0.15384615384615385,0.6153846153846154,0,0.0,2,0.15384615384615385,0,0.0,1,0.07692307692307693,8,0.6153846153846154,1,0.07692307692307693,1,0.07692307692307693,0,0.0,0,0.0
星光洒满衣,2,1,mainstream_only,1,2,2023-12,1.0,0.0,0.0,0,0.0,0,0.0,0,0.0,1,1.0,0,0.0,0,0.0,0,0.0,0,0.0,0,0.0
星弧权益,6,5,dual,8,6,2022-12,0.0,0.0,1.0,0,0.0,0,0.0,0,0.0,0,0.0,5,1.0,0,0.0,0,0.0,0,0.0,0,0.0
星星leo_,15,14,wemedia_only,12,14,2022-10,0.21428571428571427,0.21428571428571427,0.14285714285714285,2,0.14285714285714285,3,0.21428571428571427,0,0.0,3,0.21428571428571427,2,0.14285714285714285,2,0.14285714285714285,0,0.0,2,0.14285714285714285,0,0.0
星星住在夏天,2,1,mainstream_only,4,2,2022-03,0.0,0.0,0.0,1,1.0,0,0.0,0,0.0,0,0.0,0,0.0,0,0.0,0,0.0,0,0.0,0,0.0
星期六的咪咪眼,3,2,mainstream_only,3,3,2023-08,0.0,0.0,1.0,0,0.0,0,0.0,0,0.0,0,0.0,2,1.0,0,0.0,0,0.0,0,0.0,0,0.0
星球表面22,2,1,wemedia_only,1,2,2023-02,0.0,1.0,0.0,0,0.0,0,0.0,1,1.0,0,0.0,0,0.0,0,0.0,0,0.0,0,0.0,0,0.0
春野梨绘,2,1,no_media,1,2,2023-05,0.0,0.0,0.0,0,0.0,0,0.0,0,0.0,0,0.0,0,0.0,1,1.0,0,0.0,0,0.0,0,0.0
春风之夭夭,3,2,mainstream_only,2,2,2023-11,0.0,0.0,1.0,0,0.0,0,0.0,0,0.0,0,0.0,2,1.0,0,0.0,0,0.0,0,0.0,0,0.0
春风伊人,2,1,mainstream_only,3,2,2022-11,0.0,0.0,1.0,0,0.0,0,0.0,0,0.0,0,0.0,1,1.0,0,0.0,0,0.0,0,0.0,0,0.0
是id酱鸭,2,1,wemedia_only,2,2,2023-07,1.0,0.0,0.0,0,0.0,0,0.0,0,0.0,0,0.0,0,0.0,0,0.0,1,1.0,0,0.0,0,0.0
是啊为什么呢现在我也在当neet呢,2,1,wemedia_only,2,2,2023-05,0.0,1.0,0.0,0,0.0,1,1.0,0,0.0,0,0.0,0,0.0,0,0.0,0,0.0,0,0.0,0,0.0
是娟娟啊_,2,1,no_media,0,2,2023-03,1.0,0.0,0.0,0,0.0,0,0.0,0,0.0,0,0.0,0,0.0,0,0.0,1,1.0,0,0.0,0,0.0
是娟娟米啊,8,7,mainstream_only,3,7,2023-03,0.14285714285714285,0.2857142857142857,0.14285714285714285,0,0.0,1,0.14285714285714285,1,0.14285714285714285,1,0.14285714285714285,1,0.14285714285714285,1,0.14285714285714285,0,0.0,2,0.2857142857142857,0,0.0
是安沐呀,2,1,wemedia_only,5,2,2022-12,1.0,0.0,0.0,0,0.0,0,0.0,0,0.0,0,0.0,0,0.0,0,0.0,1,1.0,0,0.0,0,0.0
是小宝还是大宝,12,11,no_media,4,12,2023-09,0.0,0.0,0.0,0,0.0,0,0.0,0,0.0,0,0.0,0,0.0,0,0.0,0,0.0,0,0.0,11,1.0
是日惊蛰,4,3,wemedia_only,7,4,2023-05,0.0,0.0,1.0,0,0.0,0,0.0,0,0.0,0,0.0,3,1.0,0,0.0,0,0.0,0,0.0,0,0.0
昵称都没一个能用,3,2,wemedia_only,1,3,2023-09,0.5,0.5,0.0,0,0.0,1,0.5,0,0.0,1,0.5,0,0.0,0,0.0,0,0.0,0,0.0,0,0.0
晏秋秋,7,6,no_media,0,7,2023-02,0.0,0.0,0.5,0,0.0,0,0.0,0,0.0,0,0.0,3,0.5,1,0.16666666666666666,0,0.0,2,0.3333333333333333,0,0.0
晖姐的新微博,5,4,no_media,13,4,2023-01,0.0,0.0,0.5,0,0.0,0,0.0,0,0.0,0,0.0,2,0.5,1,0.25,0,0.0,0,0.0,1,0.25
普洱市思茅区法院,2,1,mainstream_only,1,2,2023-05,0.0,0.0,1.0,0,0.0,0,0.0,0,0.0,0,0.0,1,1.0,0,0.0,0,0.0,0,0.0,0,0.0
普洱政法,8,7,mainstream_only,3,8,2022-04,0.0,0.0,1.0,0,0.0,0,0.0,0,0.0,0,0.0,7,1.0,0,0.0,0,0.0,0,0.0,0,0.0
景德镇日报社,6,5,no_media,0,6,2016-12,0.0,0.0,1.0,0,0.0,0,0.0,0,0.0,0,0.0,5,1.0,0,0.0,0,0.0,0,0.0,0,0.0
智慧生活报,2,1,no_media,0,2,2022-01,0.0,0.0,1.0,0,0.0,0,0.0,0,0.0,0,0.0,1,1.0,0,0.0,0,0.0,0,0.0,0,0.0
暖米米Mitzi,2,1,wemedia_only,2,2,2023-08,0.0,1.0,0.0,0,0.0,1,1.0,0,0.0,0,0.0,0,0.0,0,0.0,0,0.0,0,0.0,0,0.0
暗能量泡泡,2,1,mainstream_only,7,2,2023-03,1.0,0.0,0.0,0,0.0,0,0.0,0,0.0,0,0.0,0,0.0,0,0.0,1,1.0,0,0.0,0,0.0
暴躁的猫猫兔,2,1,no_media,0,2,2023-02,1.0,0.0,0.0,0,0.0,0,0.0,0,0.0,0,0.0,0,0.0,0,0.0,1,1.0,0,0.0,0,0.0
曦宝宝是只喵,2,1,no_media,3,2,2023-02,0.0,1.0,0.0,0,0.0,0,0.0,1,1.0,0,0.0,0,0.0,0,0.0,0,0.0,0,0.0,0,0.0
曲QUQUQU,3,2,no_media,0,3,2022-12,0.0,0.0,1.0,0,0.0,0,0.0,0,0.0,0,0.0,2,1.0,0,0.0,0,0.0,0,0.0,0,0.0
曲靖市市场监督管理,2,1,mainstream_only,2,2,2024-07,0.0,0.0,1.0,0,0.0,0,0.0,0,0.0,0,0.0,1,1.0,0,0.0,0,0.0,0,0.0,0,0.0
曹舟力,3,2,no_media,0,3,2022-03,0.0,0.0,1.0,0,0.0,0,0.0,0,0.0,0,0.0,2,1.0,0,0.0,0,0.0,0,0.0,0,0.0
月如无恨月自圆,6,5,wemedia_only,7,6,2023-05,0.0,0.0,1.0,0,0.0,0,0.0,0,0.0,0,0.0,5,1.0,0,0.0,0,0.0,0,0.0,0,0.0
月球表面陨石坑组,3,2,mainstream_only,4,3,2023-05,0.0,0.5,0.0,0,0.0,1,0.5,0,0.0,0,0.0,0,0.0,1,0.5,0,0.0,0,0.0,0,0.0
月紫天华,2,1,mainstream_only,5,2,2022-09,1.0,0.0,0.0,0,0.0,0,0.0,0,0.0,1,1.0,0,0.0,0,0.0,0,0.0,0,0.0,0,0.0
有太阳有花花草草,2,1,wemedia_only,2,2,2024-09,0.0,0.0,1.0,0,0.0,0,0.0,0,0.0,0,0.0,1,1.0,0,0.0,0,0.0,0,0.0,0,0.0
有瓜瓜,2,1,wemedia_only,3,1,2022-03,0.0,0.0,1.0,0,0.0,0,0.0,0,0.0,0,0.0,1,1.0,0,0.0,0,0.0,0,0.0,0,0.0
有生之年总会轮到我当锦鲤,5,4,wemedia_only,11,5,2023-04,0.25,0.25,0.25,1,0.25,1,0.25,0,0.0,1,0.25,1,0.25,0,0.0,0,0.0,0,0.0,0,0.0
有趣的医学冷知识,3,2,mainstream_only,1,3,2023-09,0.0,0.0,1.0,0,0.0,0,0.0,0,0.0,0,0.0,2,1.0,0,0.0,0,0.0,0,0.0,0,0.0
朔州政法,2,1,mainstream_only,2,2,2020-03,0.0,0.0,1.0,0,0.0,0,0.0,0,0.0,0,0.0,1,1.0,0,0.0,0,0.0,0,0.0,0,0.0
望江防邪,2,1,mainstream_only,8,1,2020-03,0.0,0.0,1.0,0,0.0,0,0.0,0,0.0,0,0.0,1,1.0,0,0.0,0,0.0,0,0.0,0,0.0
望谟检察,2,1,mainstream_only,1,2,2021-03,0.0,1.0,0.0,0,0.0,1,1.0,0,0.0,0,0.0,0,0.0,0,0.0,0,0.0,0,0.0,0,0.0
木烨彌,11,10,wemedia_only,8,11,2023-02,0.3,0.4,0.3,0,0.0,3,0.3,1,0.1,2,0.2,3,0.3,0,0.0,1,0.1,0,0.0,0,0.0
木白弓虽,28,27,wemedia_only,9,15,2023-02,0.037037037037037035,0.037037037037037035,0.9259259259259259,0,0.0,1,0.037037037037037035,0,0.0,1,0.037037037037037035,25,0.9259259259259259,0,0.0,0,0.0,0,0.0,0,0.0
未央roxanne,2,1,mainstream_only,1,2,2023-07,0.0,0.0,0.0,0,0.0,0,0.0,0,0.0,0,0.0,0,0.0,0,0.0,0,0.0,0,0.0,1,1.0
未眠_13,2,1,wemedia_only,4,1,2022-03,0.0,0.0,0.0,0,0.0,0,0.0,0,0.0,0,0.0,0,0.0,0,0.0,0,0.0,0,0.0,1,1.0
朱理明-中医肿瘤君,5,4,dual,2,5,2023-05,0.0,0.0,1.0,0,0.0,0,0.0,0,0.0,0,0.0,4,1.0,0,0.0,0,0.0,0,0.0,0,0.0
机吉斯卡,6,5,wemedia_only,5,6,2023-04,0.0,0.0,0.6,0,0.0,0,0.0,0,0.0,0,0.0,3,0.6,1,0.2,0,0.0,1,0.2,0,0.0
杀手小兔Nicoooo,2,1,no_media,0,2,2022-12,0.0,0.0,0.0,0,0.0,0,0.0,0,0.0,0,0.0,0,0.0,0,0.0,0,0.0,0,0.0,1,1.0
杉何可见,2,1,wemedia_only,2,1,2020-03,0.0,0.0,0.0,0,0.0,0,0.0,0,0.0,0,0.0,0,0.0,0,0.0,0,0.0,0,0.0,1,1.0
杉林__,4,3,no_media,1,2,2022-12,0.0,0.0,0.0,0,0.0,0,0.0,0,0.0,0,0.0,0,0.0,1,0.3333333333333333,0,0.0,0,0.0,2,0.6666666666666666
李冬西,3,2,mainstream_only,1,3,2023-03,0.0,0.0,1.0,0,0.0,0,0.0,0,0.0,0,0.0,2,1.0,0,0.0,0,0.0,0,0.0,0,0.0
李思-sz,2,1,mainstream_only,1,2,2022-12,0.0,0.0,1.0,0,0.0,0,0.0,0,0.0,0,0.0,1,1.0,0,0.0,0,0.0,0,0.0,0,0.0
李沧检察,9,8,no_media,1,9,2020-02,0.0,0.0,1.0,0,0.0,0,0.0,0,0.0,0,0.0,8,1.0,0,0.0,0,0.0,0,0.0,0,0.0
李羽蕃,2,1,no_media,0,2,2023-07,0.0,1.0,0.0,0,0.0,1,1.0,0,0.0,0,0.0,0,0.0,0,0.0,0,0.0,0,0.0,0,0.0
李药师谈健康,2,1,no_media,0,2,2022-03,0.0,0.0,1.0,0,0.0,0,0.0,0,0.0,0,0.0,1,1.0,0,0.0,0,0.0,0,0.0,0,0.0
李觉林,7,6,wemedia_only,2,7,2023-02,0.0,0.0,1.0,0,0.0,0,0.0,0,0.0,0,0.0,6,1.0,0,0.0,0,0.0,0,0.0,0,0.0
李贵明-医生,8,7,wemedia_only,3,8,2023-01,0.14285714285714285,0.14285714285714285,0.7142857142857143,0,0.0,1,0.14285714285714285,0,0.0,1,0.14285714285714285,5,0.7142857142857143,0,0.0,0,0.0,0,0.0,0,0.0
来去之间,3,2,wemedia_only,7,3,2023-05,0.0,0.0,1.0,0,0.0,0,0.0,0,0.0,0,0.0,2,1.0,0,0.0,0,0.0,0,0.0,0,0.0
来碗饸络面,9,8,dual,8,9,2023-07,0.0,0.0,1.0,0,0.0,0,0.0,0,0.0,0,0.0,8,1.0,0,0.0,0,0.0,0,0.0,0,0.0
杨新新大侠,2,1,no_media,1,2,2023-01,0.0,0.0,0.0,1,1.0,0,0.0,0,0.0,0,0.0,0,0.0,0,0.0,0,0.0,0,0.0,0,0.0
杨晓峰医生,53,52,wemedia_only,2,45,2022-12,0.07692307692307693,0.07692307692307693,0.75,1,0.019230769230769232,4,0.07692307692307693,0,0.0,4,0.07692307692307693,39,0.75,2,0.038461538461538464,0,0.0,2,0.038461538461538464,0,0.0
杨柳齐齐,2,1,dual,5,2,2023-06,1.0,0.0,0.0,0,0.0,0,0.0,0,0.0,1,1.0,0,0.0,0,0.0,0,0.0,0,0.0,0,0.0
杨逢春2015,2,1,wemedia_only,14,2,2023-02,0.0,0.0,1.0,0,0.0,0,0.0,0,0.0,0,0.0,1,1.0,0,0.0,0,0.0,0,0.0,0,0.0
杭州中医李一群,6,5,wemedia_only,2,6,2023-02,0.0,0.0,1.0,0,0.0,0,0.0,0,0.0,0,0.0,5,1.0,0,0.0,0,0.0,0,0.0,0,0.0
杭州检察,2,1,mainstream_only,1,2,2020-03,0.0,0.0,1.0,0,0.0,0,0.0,0,0.0,0,0.0,1,1.0,0,0.0,0,0.0,0,0.0,0,0.0
杭州网,33,32,no_media,0,31,2016-08,0.0,0.0,1.0,0,0.0,0,0.0,0,0.0,0,0.0,32,1.0,0,0.0,0,0.0,0,0.0,0,0.0
杭梦雨-,2,1,no_media,5,2,2023-05,0.0,1.0,0.0,0,0.0,0,0.0,1,1.0,0,0.0,0,0.0,0,0.0,0,0.0,0,0.0,0,0.0
東京血管外科_SPECTRUM,2,1,no_media,1,2,2022-05,0.0,0.0,1.0,0,0.0,0,0.0,0,0.0,0,0.0,1,1.0,0,0.0,0,0.0,0,0.0,0,0.0
松吉俄热,2,1,mainstream_only,2,2,2023-02,0.0,0.0,1.0,0,0.0,0,0.0,0,0.0,0,0.0,1,1.0,0,0.0,0,0.0,0,0.0,0,0.0
极客红石,95,94,wemedia_only,63,84,2022-03,0.14893617021276595,0.1595744680851064,0.5531914893617021,7,0.07446808510638298,14,0.14893617021276595,1,0.010638297872340425,13,0.13829787234042554,52,0.5531914893617021,3,0.031914893617021274,1,0.010638297872340425,3,0.031914893617021274,0,0.0
极目新闻,3,2,no_media,0,3,2024-06,0.0,0.0,1.0,0,0.0,0,0.0,0,0.0,0,0.0,2,1.0,0,0.0,0,0.0,0,0.0,0,0.0
林中松鼠花间蝶,2,1,mainstream_only,21,2,2023-05,0.0,0.0,1.0,0,0.0,0,0.0,0,0.0,0,0.0,1,1.0,0,0.0,0,0.0,0,0.0,0,0.0
林克林克厨,2,1,wemedia_only,3,2,2023-10,1.0,0.0,0.0,0,0.0,0,0.0,0,0.0,1,1.0,0,0.0,0,0.0,0,0.0,0,0.0,0,0.0
林妤芬LinYuFen,3,2,wemedia_only,5,3,2025-03,0.0,0.0,0.0,0,0.0,0,0.0,0,0.0,0,0.0,0,0.0,1,0.5,0,0.0,1,0.5,0,0.0
林晓海瑜伽行者,3,2,wemedia_only,1,3,2023-05,0.0,0.0,1.0,0,0.0,0,0.0,0,0.0,0,0.0,2,1.0,0,0.0,0,0.0,0,0.0,0,0.0
林步里,330,329,wemedia_only,21,236,2022-09,0.17325227963525835,0.1702127659574468,0.44984802431610943,20,0.060790273556231005,51,0.15501519756838905,5,0.015197568389057751,51,0.15501519756838905,148,0.44984802431610943,23,0.06990881458966565,6,0.0182370820668693,22,0.0668693009118541,3,0.00911854103343465
林盈同学,2,1,wemedia_only,7,2,2022-10,0.0,0.0,1.0,0,0.0,0,0.0,0,0.0,0,0.0,1,1.0,0,0.0,0,0.0,0,0.0,0,0.0
果然视频,3,2,no_media,0,3,2020-02,0.0,0.0,1.0,0,0.0,0,0.0,0,0.0,0,0.0,2,1.0,0,0.0,0,0.0,0,0.0,0,0.0
枝江发布,2,1,no_media,0,2,2022-04,0.0,0.0,1.0,0,0.0,0,0.0,0,0.0,0,0.0,1,1.0,0,0.0,0,0.0,0,0.0,0,0.0
枣庄公安,2,1,mainstream_only,1,2,2024-10,0.0,0.0,1.0,0,0.0,0,0.0,0,0.0,0,0.0,1,1.0,0,0.0,0,0.0,0,0.0,0,0.0
枣庄聚焦,7,6,no_media,0,7,2021-01,0.0,0.0,1.0,0,0.0,0,0.0,0,0.0,0,0.0,6,1.0,0,0.0,0,0.0,0,0.0,0,0.0
枫翎科技,2,1,mainstream_only,3,2,2021-11,0.0,0.0,1.0,0,0.0,0,0.0,0,0.0,0,0.0,1,1.0,0,0.0,0,0.0,0,0.0,0,0.0
柠檬露清香,3,2,mainstream_only,3,3,2024-12,0.0,0.0,1.0,0,0.0,0,0.0,0,0.0,0,0.0,2,1.0,0,0.0,0,0.0,0,0.0,0,0.0
栗子上学我上班,3,2,wemedia_only,2,3,2024-01,0.5,0.5,0.0,0,0.0,0,0.0,1,0.5,1,0.5,0,0.0,0,0.0,0,0.0,0,0.0,0,0.0
株洲发布,26,25,no_media,0,26,2020-02,0.0,0.04,0.96,0,0.0,1,0.04,0,0.0,0,0.0,24,0.96,0,0.0,0,0.0,0,0.0,0,0.0
株洲新闻广播,7,6,no_media,0,7,2020-02,0.0,0.0,1.0,0,0.0,0,0.0,0,0.0,0,0.0,6,1.0,0,0.0,0,0.0,0,0.0,0,0.0
核聚变ju,27,26,dual,24,26,2023-02,0.3076923076923077,0.2692307692307692,0.15384615384615385,4,0.15384615384615385,6,0.23076923076923078,1,0.038461538461538464,6,0.23076923076923078,4,0.15384615384615385,2,0.07692307692307693,2,0.07692307692307693,1,0.038461538461538464,0,0.0
根深叶茂_和光同尘,2,1,wemedia_only,3,2,2022-04,0.0,0.0,1.0,0,0.0,0,0.0,0,0.0,0,0.0,1,1.0,0,0.0,0,0.0,0,0.0,0,0.0
格尔达别怂,2,1,no_media,5,1,2022-12,0.0,0.0,0.0,0,0.0,0,0.0,0,0.0,0,0.0,0,0.0,0,0.0,0,0.0,0,0.0,1,1.0
格格雪红,3,2,wemedia_only,1,3,2023-02,0.0,0.0,0.0,0,0.0,0,0.0,0,0.0,0,0.0,0,0.0,0,0.0,0,0.0,0,0.0,2,1.0
桂哥猎手VIP777,2,1,no_media,5,2,2022-11,0.0,0.0,0.0,1,1.0,0,0.0,0,0.0,0,0.0,0,0.0,0,0.0,0,0.0,0,0.0,0,0.0
梅子在想什么,58,57,no_media,172,37,2022-12,0.12280701754385964,0.14035087719298245,0.17543859649122806,4,0.07017543859649122,3,0.05263157894736842,5,0.08771929824561403,4,0.07017543859649122,10,0.17543859649122806,9,0.15789473684210525,3,0.05263157894736842,10,0.17543859649122806,9,0.15789473684210525
梅干菜好吃,3,2,wemedia_only,3,3,2023-02,0.0,0.0,1.0,0,0.0,0,0.0,0,0.0,0,0.0,2,1.0,0,0.0,0,0.0,0,0.0,0,0.0
梓墨悠然,2,1,mainstream_only,1,2,2023-02,0.0,1.0,0.0,0,0.0,1,1.0,0,0.0,0,0.0,0,0.0,0,0.0,0,0.0,0,0.0,0,0.0
梦境飞行模式开启,2,1,no_media,0,2,2023-02,0.0,1.0,0.0,0,0.0,0,0.0,1,1.0,0,0.0,0,0.0,0,0.0,0,0.0,0,0.0,0,0.0
梦宅1942,2,1,wemedia_only,2,2,2023-12,0.0,0.0,1.0,0,0.0,0,0.0,0,0.0,0,0.0,1,1.0,0,0.0,0,0.0,0,0.0,0,0.0
梦里花落soso,13,12,mainstream_only,11,13,2023-05,0.25,0.16666666666666666,0.5,1,0.08333333333333333,2,0.16666666666666666,0,0.0,3,0.25,6,0.5,0,0.0,0,0.0,0,0.0,0,0.0
梨涡浅笑-s,2,1,no_media,2,2,2022-12,0.0,0.0,0.0,0,0.0,0,0.0,0,0.0,0,0.0,0,0.0,1,1.0,0,0.0,0,0.0,0,0.0
梵如夏花,2,1,wemedia_only,6,2,2023-05,0.0,0.0,1.0,0,0.0,0,0.0,0,0.0,0,0.0,1,1.0,0,0.0,0,0.0,0,0.0,0,0.0
棒棒糖想拥有徐一宁签名照,2,1,wemedia_only,2,1,2020-03,0.0,0.0,1.0,0,0.0,0,0.0,0,0.0,0,0.0,1,1.0,0,0.0,0,0.0,0,0.0,0,0.0
植紊震颤咨询bjzyt1816,21,20,no_media,0,14,2023-04,0.0,0.0,0.75,0,0.0,0,0.0,0,0.0,0,0.0,15,0.75,2,0.1,0,0.0,2,0.1,1,0.05
楚复生,3,2,wemedia_only,4,3,2022-11,0.0,0.0,1.0,0,0.0,0,0.0,0,0.0,0,0.0,2,1.0,0,0.0,0,0.0,0,0.0,0,0.0
楼市政国策,2,1,wemedia_only,2,2,2022-12,0.0,0.0,0.0,0,0.0,0,0.0,0,0.0,0,0.0,0,0.0,0,0.0,0,0.0,1,1.0,0,0.0
榆林TV,25,24,no_media,0,25,2020-04,0.0,0.0,1.0,0,0.0,0,0.0,0,0.0,0,0.0,24,1.0,0,0.0,0,0.0,0,0.0,0,0.0
榆林日报,39,38,no_media,0,39,2020-03,0.0,0.0,1.0,0,0.0,0,0.0,0,0.0,0,0.0,38,1.0,0,0.0,0,0.0,0,0.0,0,0.0
槑小公子Mannie,2,1,no_media,0,2,2023-01,0.0,0.0,1.0,0,0.0,0,0.0,0,0.0,0,0.0,1,1.0,0,0.0,0,0.0,0,0.0,0,0.0
橘子可乐芒果汁,2,1,no_media,6,2,2024-01,0.0,1.0,0.0,0,0.0,0,0.0,1,1.0,0,0.0,0,0.0,0,0.0,0,0.0,0,0.0,0,0.0
橙子里有个咕噜噜,4,3,wemedia_only,2,1,2020-03,0.0,0.0,0.6666666666666666,0,0.0,0,0.0,0,0.0,0,0.0,2,0.6666666666666666,0,0.0,0,0.0,1,0.3333333333333333,0,0.0
止谣君,2,1,mainstream_only,10,2,2022-12,0.0,1.0,0.0,0,0.0,1,1.0,0,0.0,0,0.0,0,0.0,0,0.0,0,0.0,0,0.0,0,0.0
正义网,14,13,no_media,0,14,2020-05,0.0,0.0,1.0,0,0.0,0,0.0,0,0.0,0,0.0,13,1.0,0,0.0,0,0.0,0,0.0,0,0.0
正胜1949,3,2,wemedia_only,4,3,2023-06,0.5,0.5,0.0,0,0.0,0,0.0,1,0.5,0,0.0,0,0.0,0,0.0,1,0.5,0,0.0,0,0.0
正观新闻,50,49,no_media,0,43,2021-02,0.0,0.0,1.0,0,0.0,0,0.0,0,0.0,0,0.0,49,1.0,0,0.0,0,0.0,0,0.0,0,0.0
正返馈,2,1,wemedia_only,3,2,2024-08,0.0,0.0,1.0,0,0.0,0,0.0,0,0.0,0,0.0,1,1.0,0,0.0,0,0.0,0,0.0,0,0.0
武汉交通广播,53,52,no_media,0,47,2020-02,0.0,0.0,1.0,0,0.0,0,0.0,0,0.0,0,0.0,52,1.0,0,0.0,0,0.0,0,0.0,0,0.0
武汉发布,48,47,no_media,0,42,2020-02,0.0,0.0,1.0,0,0.0,0,0.0,0,0.0,0,0.0,47,1.0,0,0.0,0,0.0,0,0.0,0,0.0
武汉广播电视台,24,23,no_media,0,22,2020-02,0.0,0.0,1.0,0,0.0,0,0.0,0,0.0,0,0.0,23,1.0,0,0.0,0,0.0,0,0.0,0,0.0
武汉新闻,12,11,no_media,0,10,2021-12,0.0,0.0,1.0,0,0.0,0,0.0,0,0.0,0,0.0,11,1.0,0,0.0,0,0.0,0,0.0,0,0.0
武鑫垚LM,2,1,no_media,1,2,2022-12,0.0,0.0,0.0,0,0.0,0,0.0,0,0.0,0,0.0,0,0.0,0,0.0,0,0.0,0,0.0,1,1.0
死肥宅学长,2,1,wemedia_only,1,1,2022-12,0.0,0.0,1.0,0,0.0,0,0.0,0,0.0,0,0.0,1,1.0,0,0.0,0,0.0,0,0.0,0,0.0
每日商报,26,25,no_media,0,26,2020-01,0.0,0.0,1.0,0,0.0,0,0.0,0,0.0,0,0.0,25,1.0,0,0.0,0,0.0,0,0.0,0,0.0
每日经济新闻,86,85,no_media,0,76,2020-08,0.011764705882352941,0.011764705882352941,0.9764705882352941,0,0.0,1,0.011764705882352941,0,0.0,1,0.011764705882352941,83,0.9764705882352941,0,0.0,0,0.0,0,0.0,0,0.0
比亚迪什么时候做新能源房车,2,1,mainstream_only,6,2,2023-07,0.0,1.0,0.0,0,0.0,1,1.0,0,0.0,0,0.0,0,0.0,0,0.0,0,0.0,0,0.0,0,0.0
毫河餐厅主理人,2,1,wemedia_only,1,2,2023-01,1.0,0.0,0.0,0,0.0,0,0.0,0,0.0,1,1.0,0,0.0,0,0.0,0,0.0,0,0.0,0,0.0
毯子-SerieA,2,1,wemedia_only,5,2,2023-04,0.0,1.0,0.0,0,0.0,1,1.0,0,0.0,0,0.0,0,0.0,0,0.0,0,0.0,0,0.0,0,0.0
民勤县融媒体中心,5,4,mainstream_only,1,5,2022-12,0.0,0.0,1.0,0,0.0,0,0.0,0,0.0,0,0.0,4,1.0,0,0.0,0,0.0,0,0.0,0,0.0
民权网,5,4,no_media,0,5,2020-02,0.0,0.0,1.0,0,0.0,0,0.0,0,0.0,0,0.0,4,1.0,0,0.0,0,0.0,0,0.0,0,0.0
民生关注,14,13,no_media,0,14,2020-04,0.0,0.0,1.0,0,0.0,0,0.0,0,0.0,0,0.0,13,1.0,0,0.0,0,0.0,0,0.0,0,0.0
水丽净水器,2,1,mainstream_only,6,2,2021-11,0.0,0.0,1.0,0,0.0,0,0.0,0,0.0,0,0.0,1,1.0,0,0.0,0,0.0,0,0.0,0,0.0
水大度,2,1,wemedia_only,2,2,2023-08,1.0,0.0,0.0,0,0.0,0,0.0,0,0.0,1,1.0,0,0.0,0,0.0,0,0.0,0,0.0,0,0.0
水木丁,2,1,mainstream_only,2,2,2023-08,0.0,1.0,0.0,0,0.0,1,1.0,0,0.0,0,0.0,0,0.0,0,0.0,0,0.0,0,0.0,0,0.0
水泽容丽,3,2,wemedia_only,19,3,2023-03,0.5,0.0,0.0,1,0.5,0,0.0,0,0.0,1,0.5,0,0.0,0,0.0,0,0.0,0,0.0,0,0.0
水獭一般编-阿怡,3,2,wemedia_only,1,3,2024-06,0.0,0.5,0.5,0,0.0,1,0.5,0,0.0,0,0.0,1,0.5,0,0.0,0,0.0,0,0.0,0,0.0
水瓶那一抹绿,2,1,mainstream_only,5,1,2023-10,0.0,0.0,0.0,1,1.0,0,0.0,0,0.0,0,0.0,0,0.0,0,0.0,0,0.0,0,0.0,0,0.0
水西视野,2,1,no_media,0,1,2023-04,0.0,0.0,1.0,0,0.0,0,0.0,0,0.0,0,0.0,1,1.0,0,0.0,0,0.0,0,0.0,0,0.0
永州发布,34,33,mainstream_only,4,28,2022-01,0.0,0.0,1.0,0,0.0,0,0.0,0,0.0,0,0.0,33,1.0,0,0.0,0,0.0,0,0.0,0,0.0
永州禁毒,2,1,mainstream_only,1,2,2022-12,0.0,0.0,1.0,0,0.0,0,0.0,0,0.0,0,0.0,1,1.0,0,0.0,0,0.0,0,0.0,0,0.0
永州警事,3,2,mainstream_only,1,3,2023-02,0.0,0.0,1.0,0,0.0,0,0.0,0,0.0,0,0.0,2,1.0,0,0.0,0,0.0,0,0.0,0,0.0
汉-元宁,2,1,wemedia_only,4,2,2023-10,0.0,1.0,0.0,0,0.0,1,1.0,0,0.0,0,0.0,0,0.0,0,0.0,0,0.0,0,0.0,0,0.0
汉中发布,18,17,no_media,0,15,2020-02,0.0,0.0,1.0,0,0.0,0,0.0,0,0.0,0,0.0,17,1.0,0,0.0,0,0.0,0,0.0,0,0.0
汉中市检察院,11,10,mainstream_only,2,11,2020-02,0.0,0.0,1.0,0,0.0,0,0.0,0,0.0,0,0.0,10,1.0,0,0.0,0,0.0,0,0.0,0,0.0
汉唐长安中医郭仲凯,20,19,mainstream_only,19,19,2023-02,0.21052631578947367,0.15789473684210525,0.3684210526315789,2,0.10526315789473684,2,0.10526315789473684,1,0.05263157894736842,4,0.21052631578947367,7,0.3684210526315789,1,0.05263157894736842,0,0.0,2,0.10526315789473684,0,0.0
汉方之家,6,5,mainstream_only,1,5,2023-02,0.0,0.0,1.0,0,0.0,0,0.0,0,0.0,0,0.0,5,1.0,0,0.0,0,0.0,0,0.0,0,0.0
汝定君,2,1,no_media,5,2,2023-01,0.0,0.0,1.0,0,0.0,0,0.0,0,0.0,0,0.0,1,1.0,0,0.0,0,0.0,0,0.0,0,0.0
江东·布衣,9,8,wemedia_only,4,9,2020-11,0.125,0.25,0.375,1,0.125,2,0.25,0,0.0,0,0.0,3,0.375,1,0.125,1,0.125,0,0.0,0,0.0
江卓尔_大号,56,55,no_media,29,39,2023-10,0.2,0.2,0.4909090909090909,4,0.07272727272727272,11,0.2,0,0.0,11,0.2,27,0.4909090909090909,1,0.01818181818181818,0,0.0,1,0.01818181818181818,0,0.0
江南晚报,26,25,no_media,0,25,2020-02,0.0,0.0,1.0,0,0.0,0,0.0,0,0.0,0,0.0,25,1.0,0,0.0,0,0.0,0,0.0,0,0.0
江淮晨报,9,8,no_media,0,9,2017-06,0.0,0.0,1.0,0,0.0,0,0.0,0,0.0,0,0.0,8,1.0,0,0.0,0,0.0,0,0.0,0,0.0
江湖逸娱,2,1,mainstream_only,7,2,2023-09,0.0,1.0,0.0,0,0.0,1,1.0,0,0.0,0,0.0,0,0.0,0,0.0,0,0.0,0,0.0,0,0.0
江苏市场监管,2,1,mainstream_only,1,2,2023-02,0.0,0.0,1.0,0,0.0,0,0.0,0,0.0,0,0.0,1,1.0,0,0.0,0,0.0,0,0.0,0,0.0
江苏广播,10,9,no_media,0,10,2020-02,0.0,0.1111111111111111,0.8888888888888888,0,0.0,1,0.1111111111111111,0,0.0,0,0.0,8,0.8888888888888888,0,0.0,0,0.0,0,0.0,0,0.0
江苏新闻,30,29,no_media,0,29,2017-10,0.034482758620689655,0.034482758620689655,0.9310344827586207,0,0.0,1,0.034482758620689655,0,0.0,1,0.034482758620689655,27,0.9310344827586207,0,0.0,0,0.0,0,0.0,0,0.0
江西交通广播,6,5,no_media,0,6,2020-02,0.0,0.0,1.0,0,0.0,0,0.0,0,0.0,0,0.0,5,1.0,0,0.0,0,0.0,0,0.0,0,0.0
江西发布,14,13,no_media,0,14,2020-02,0.0,0.0,1.0,0,0.0,0,0.0,0,0.0,0,0.0,13,1.0,0,0.0,0,0.0,0,0.0,0,0.0
江西晨报,4,3,no_media,0,3,2021-11,0.0,0.0,1.0,0,0.0,0,0.0,0,0.0,0,0.0,3,1.0,0,0.0,0,0.0,0,0.0,0,0.0
江边的小妖,2,1,wemedia_only,1,2,2024-01,0.0,0.0,1.0,0,0.0,0,0.0,0,0.0,0,0.0,1,1.0,0,0.0,0,0.0,0,0.0,0,0.0
污搞啥百叶结,2,1,wemedia_only,2,2,2023-03,0.0,0.0,0.0,0,0.0,0,0.0,0,0.0,0,0.0,0,0.0,0,0.0,0,0.0,0,0.0,1,1.0
汪志鹏_peng,2,1,no_media,1,2,2023-01,1.0,0.0,0.0,0,0.0,0,0.0,0,0.0,0,0.0,0,0.0,0,0.0,1,1.0,0,0.0,0,0.0
沂蒙晚报,3,2,no_media,0,3,2018-11,0.0,0.0,1.0,0,0.0,0,0.0,0,0.0,0,0.0,2,1.0,0,0.0,0,0.0,0,0.0,0,0.0
沈先生nature,5,4,no_media,1,4,2022-12,0.0,0.0,1.0,0,0.0,0,0.0,0,0.0,0,0.0,4,1.0,0,0.0,0,0.0,0,0.0,0,0.0
沈良-宏观价值投资,2,1,mainstream_only,1,2,2023-12,0.0,0.0,1.0,0,0.0,0,0.0,0,0.0,0,0.0,1,1.0,0,0.0,0,0.0,0,0.0,0,0.0
沈阳日报,25,24,no_media,0,24,2020-02,0.0,0.0,1.0,0,0.0,0,0.0,0,0.0,0,0.0,24,1.0,0,0.0,0,0.0,0,0.0,0,0.0
沈阳网,38,37,no_media,0,33,2020-04,0.0,0.0,1.0,0,0.0,0,0.0,0,0.0,0,0.0,37,1.0,0,0.0,0,0.0,0,0.0,0,0.0
沈阳铁路,20,19,no_media,0,18,2020-04,0.0,0.0,1.0,0,0.0,0,0.0,0,0.0,0,0.0,19,1.0,0,0.0,0,0.0,0,0.0,0,0.0
沐喵是只猫,2,1,no_media,1,2,2022-12,0.0,0.0,0.0,0,0.0,0,0.0,0,0.0,0,0.0,0,0.0,0,0.0,0,0.0,0,0.0,1,1.0
沐恩,2,1,wemedia_only,12,2,2023-08,0.0,0.0,1.0,0,0.0,0,0.0,0,0.0,0,0.0,1,1.0,0,0.0,0,0.0,0,0.0,0,0.0
没吃过火锅_,2,1,no_media,5,2,2022-12,0.0,1.0,0.0,0,0.0,0,0.0,1,1.0,0,0.0,0,0.0,0,0.0,0,0.0,0,0.0,0,0.0
没有烧鸭子的魔芋,2,1,no_media,1,2,2023-01,0.0,0.0,0.0,0,0.0,0,0.0,0,0.0,0,0.0,0,0.0,0,0.0,0,0.0,0,0.0,1,1.0
沧州晚报,5,4,no_media,0,5,2020-02,0.0,0.0,1.0,0,0.0,0,0.0,0,0.0,0,0.0,4,1.0,0,0.0,0,0.0,0,0.0,0,0.0
河北新闻广播,32,31,no_media,0,26,2021-01,0.0,0.0,1.0,0,0.0,0,0.0,0,0.0,0,0.0,31,1.0,0,0.0,0,0.0,0,0.0,0,0.0
河北新闻网,2,1,no_media,0,2,2021-02,0.0,0.0,1.0,0,0.0,0,0.0,0,0.0,0,0.0,1,1.0,0,0.0,0,0.0,0,0.0,0,0.0
河北新闻联播,19,18,no_media,0,17,2020-02,0.0,0.0,1.0,0,0.0,0,0.0,0,0.0,0,0.0,18,1.0,0,0.0,0,0.0,0,0.0,0,0.0
河北法治报,21,20,no_media,0,20,2020-09,0.0,0.0,1.0,0,0.0,0,0.0,0,0.0,0,0.0,20,1.0,0,0.0,0,0.0,0,0.0,0,0.0
河北长城网,34,33,no_media,0,32,2020-02,0.0,0.0,1.0,0,0.0,0,0.0,0,0.0,0,0.0,33,1.0,0,0.0,0,0.0,0,0.0,0,0.0
河南一骏,2,1,no_media,0,2,2022-12,0.0,0.0,1.0,0,0.0,0,0.0,0,0.0,0,0.0,1,1.0,0,0.0,0,0.0,0,0.0,0,0.0
河南政府网,9,8,no_media,0,9,2022-03,0.0,0.0,1.0,0,0.0,0,0.0,0,0.0,0,0.0,8,1.0,0,0.0,0,0.0,0,0.0,0,0.0
河南日报农村版,21,20,no_media,0,19,2020-01,0.0,0.0,1.0,0,0.0,0,0.0,0,0.0,0,0.0,20,1.0,0,0.0,0,0.0,0,0.0,0,0.0
河口广电,5,4,mainstream_only,1,5,2023-01,0.0,0.0,1.0,0,0.0,0,0.0,0,0.0,0,0.0,4,1.0,0,0.0,0,0.0,0,0.0,0,0.0
法治日报,13,12,no_media,0,13,2020-02,0.0,0.0,1.0,0,0.0,0,0.0,0,0.0,0,0.0,12,1.0,0,0.0,0,0.0,0,0.0,0,0.0
泡财经APP,7,6,no_media,0,7,2022-06,0.0,0.0,1.0,0,0.0,0,0.0,0,0.0,0,0.0,6,1.0,0,0.0,0,0.0,0,0.0,0,0.0
波波的风吹到头疼,2,1,no_media,3,2,2023-06,1.0,0.0,0.0,0,0.0,0,0.0,0,0.0,0,0.0,0,0.0,0,0.0,1,1.0,0,0.0,0,0.0
波浪女郎,18,17,dual,12,16,2023-02,0.058823529411764705,0.0,0.9411764705882353,0,0.0,0,0.0,0,0.0,1,0.058823529411764705,16,0.9411764705882353,0,0.0,0,0.0,0,0.0,0,0.0
泰安发布,2,1,no_media,0,2,2020-02,0.0,0.0,1.0,0,0.0,0,0.0,0,0.0,0,0.0,1,1.0,0,0.0,0,0.0,0,0.0,0,0.0
泰州发布,10,9,no_media,0,8,2021-01,0.0,0.0,1.0,0,0.0,0,0.0,0,0.0,0,0.0,9,1.0,0,0.0,0,0.0,0,0.0,0,0.0
泰松有极,5,4,wemedia_only,13,5,2023-08,0.0,0.0,0.5,0,0.0,0,0.0,0,0.0,0,0.0,2,0.5,1,0.25,0,0.0,1,0.25,0,0.0
洗脚池的NEO,2,1,wemedia_only,3,2,2025-01,0.0,1.0,0.0,0,0.0,1,1.0,0,0.0,0,0.0,0,0.0,0,0.0,0,0.0,0,0.0,0,0.0
洛爷William,7,6,wemedia_only,1,6,2021-03,0.0,0.0,1.0,0,0.0,0,0.0,0,0.0,0,0.0,6,1.0,0,0.0,0,0.0,0,0.0,0,0.0
津云,53,52,no_media,0,47,2020-02,0.019230769230769232,0.019230769230769232,0.9615384615384616,0,0.0,1,0.019230769230769232,0,0.0,1,0.019230769230769232,50,0.9615384615384616,0,0.0,0,0.0,0,0.0,0,0.0
津云新闻,69,68,mainstream_only,3,60,2020-02,0.014705882352941176,0.014705882352941176,0.9705882352941176,0,0.0,1,0.014705882352941176,0,0.0,1,0.014705882352941176,66,0.9705882352941176,0,0.0,0,0.0,0,0.0,0,0.0
活泼的小白羊_,2,1,no_media,1,2,2021-11,0.0,1.0,0.0,0,0.0,1,1.0,0,0.0,0,0.0,0,0.0,0,0.0,0,0.0,0,0.0,0,0.0
流了个年呀呀呀呀,3,2,dual,3,3,2023-08,0.0,0.0,1.0,0,0.0,0,0.0,0,0.0,0,0.0,2,1.0,0,0.0,0,0.0,0,0.0,0,0.0
流云寂寞无言,2,1,wemedia_only,2,2,2024-03,0.0,0.0,0.0,1,1.0,0,0.0,0,0.0,0,0.0,0,0.0,0,0.0,0,0.0,0,0.0,0,0.0
浅禾聊人物,2,1,no_media,0,2,2023-01,0.0,0.0,0.0,0,0.0,0,0.0,0,0.0,0,0.0,0,0.0,0,0.0,0,0.0,0,0.0,1,1.0
济南日报,27,26,no_media,0,27,2020-03,0.0,0.0,1.0,0,0.0,0,0.0,0,0.0,0,0.0,26,1.0,0,0.0,0,0.0,0,0.0,0,0.0
济南都市频道,7,6,no_media,0,7,2021-01,0.0,0.0,1.0,0,0.0,0,0.0,0,0.0,0,0.0,6,1.0,0,0.0,0,0.0,0,0.0,0,0.0
济宁市全媒体辟谣平台,2,1,no_media,0,2,2022-12,0.0,0.0,1.0,0,0.0,0,0.0,0,0.0,0,0.0,1,1.0,0,0.0,0,0.0,0,0.0,0,0.0
济宁新闻网,43,42,no_media,0,37,2021-02,0.0,0.0,1.0,0,0.0,0,0.0,0,0.0,0,0.0,42,1.0,0,0.0,0,0.0,0,0.0,0,0.0
济宁高新,2,1,mainstream_only,6,2,2023-02,0.0,0.0,1.0,0,0.0,0,0.0,0,0.0,0,0.0,1,1.0,0,0.0,0,0.0,0,0.0,0,0.0
济报鲁中,27,26,no_media,0,26,2021-04,0.0,0.0,1.0,0,0.0,0,0.0,0,0.0,0,0.0,26,1.0,0,0.0,0,0.0,0,0.0,0,0.0
济阳检察,2,1,mainstream_only,5,2,2020-11,0.0,0.0,1.0,0,0.0,0,0.0,0,0.0,0,0.0,1,1.0,0,0.0,0,0.0,0,0.0,0,0.0
浙江在线,18,17,no_media,0,17,2020-02,0.0,0.0,1.0,0,0.0,0,0.0,0,0.0,0,0.0,17,1.0,0,0.0,0,0.0,0,0.0,0,0.0
浣纱园艺,2,1,wemedia_only,4,2,2023-03,0.0,0.0,1.0,0,0.0,0,0.0,0,0.0,0,0.0,1,1.0,0,0.0,0,0.0,0,0.0,0,0.0
浦东发布,37,36,wemedia_only,2,35,2020-02,0.0,0.0,1.0,0,0.0,0,0.0,0,0.0,0,0.0,36,1.0,0,0.0,0,0.0,0,0.0,0,0.0
浦东时报,4,3,no_media,0,4,2020-02,0.0,0.0,1.0,0,0.0,0,0.0,0,0.0,0,0.0,3,1.0,0,0.0,0,0.0,0,0.0,0,0.0
浦江发布,17,16,no_media,0,15,2020-12,0.0,0.0,1.0,0,0.0,0,0.0,0,0.0,0,0.0,16,1.0,0,0.0,0,0.0,0,0.0,0,0.0
海东日报社,6,5,no_media,0,6,2020-03,0.0,0.0,1.0,0,0.0,0,0.0,0,0.0,0,0.0,5,1.0,0,0.0,0,0.0,0,0.0,0,0.0
海南广播电视总台微博,18,17,no_media,0,18,2020-02,0.0,0.0,1.0,0,0.0,0,0.0,0,0.0,0,0.0,17,1.0,0,0.0,0,0.0,0,0.0,0,0.0
海南文旅频道,48,47,no_media,0,34,2022-12,0.0,0.0,1.0,0,0.0,0,0.0,0,0.0,0,0.0,47,1.0,0,0.0,0,0.0,0,0.0,0,0.0
海南新闻广播,12,11,no_media,0,12,2020-03,0.0,0.0,1.0,0,0.0,0,0.0,0,0.0,0,0.0,11,1.0,0,0.0,0,0.0,0,0.0,0,0.0
海南日报,28,27,no_media,0,28,2021-04,0.0,0.0,1.0,0,0.0,0,0.0,0,0.0,0,0.0,27,1.0,0,0.0,0,0.0,0,0.0,0,0.0
海南特区报,27,26,no_media,0,27,2020-06,0.0,0.0,1.0,0,0.0,0,0.0,0,0.0,0,0.0,26,1.0,0,0.0,0,0.0,0,0.0,0,0.0
海南网络广播电视台,17,16,no_media,0,17,2020-02,0.0,0.0,1.0,0,0.0,0,0.0,0,0.0,0,0.0,16,1.0,0,0.0,0,0.0,0,0.0,0,0.0
海口直播12345,18,17,no_media,0,18,2020-05,0.0,0.0,1.0,0,0.0,0,0.0,0,0.0,0,0.0,17,1.0,0,0.0,0,0.0,0,0.0,0,0.0
海国图智研究院,2,1,no_media,0,2,2021-07,0.0,0.0,1.0,0,0.0,0,0.0,0,0.0,0,0.0,1,1.0,0,0.0,0,0.0,0,0.0,0,0.0
海峡导报,45,44,no_media,0,43,2020-02,0.0,0.0,1.0,0,0.0,0,0.0,0,0.0,0,0.0,44,1.0,0,0.0,0,0.0,0,0.0,0,0.0
海淀宣传,2,1,no_media,0,1,2022-03,0.0,0.0,1.0,0,0.0,0,0.0,0,0.0,0,0.0,1,1.0,0,0.0,0,0.0,0,0.0,0,0.0
海边大红袍,5,4,wemedia_only,4,5,2023-04,0.0,0.25,0.5,1,0.25,1,0.25,0,0.0,0,0.0,2,0.5,0,0.0,0,0.0,0,0.0,0,0.0
海门之窗,11,10,no_media,0,10,2022-03,0.0,0.0,1.0,0,0.0,0,0.0,0,0.0,0,0.0,10,1.0,0,0.0,0,0.0,0,0.0,0,0.0
涪城公安,3,2,mainstream_only,1,3,2022-03,0.0,0.0,1.0,0,0.0,0,0.0,0,0.0,0,0.0,2,1.0,0,0.0,0,0.0,0,0.0,0,0.0
淄博警方,3,2,no_media,0,3,2022-03,0.0,0.0,1.0,0,0.0,0,0.0,0,0.0,0,0.0,2,1.0,0,0.0,0,0.0,0,0.0,0,0.0
淘淘姐66,2,1,dual,9,2,2023-08,0.0,0.0,1.0,0,0.0,0,0.0,0,0.0,0,0.0,1,1.0,0,0.0,0,0.0,0,0.0,0,0.0
淡极的花,2,1,mainstream_only,2,2,2023-04,0.0,0.0,0.0,0,0.0,0,0.0,0,0.0,0,0.0,0,0.0,1,1.0,0,0.0,0,0.0,0,0.0
淮北新闻网,8,7,no_media,0,8,2020-03,0.0,0.0,1.0,0,0.0,0,0.0,0,0.0,0,0.0,7,1.0,0,0.0,0,0.0,0,0.0,0,0.0
淮南检察,5,4,no_media,0,5,2020-02,0.0,0.0,1.0,0,0.0,0,0.0,0,0.0,0,0.0,4,1.0,0,0.0,0,0.0,0,0.0,0,0.0
深圳新闻网,31,30,no_media,0,31,2020-02,0.0,0.0,1.0,0,0.0,0,0.0,0,0.0,0,0.0,30,1.0,0,0.0,0,0.0,0,0.0,0,0.0
深圳湾岸线,2,1,wemedia_only,1,2,2023-05,0.0,0.0,1.0,0,0.0,0,0.0,0,0.0,0,0.0,1,1.0,0,0.0,0,0.0,0,0.0,0,0.0
深圳特区报,38,37,no_media,0,33,2020-02,0.0,0.0,1.0,0,0.0,0,0.0,0,0.0,0,0.0,37,1.0,0,0.0,0,0.0,0,0.0,0,0.0
深汕发布,3,2,mainstream_only,1,3,2023-02,0.0,0.0,1.0,0,0.0,0,0.0,0,0.0,0,0.0,2,1.0,0,0.0,0,0.0,0,0.0,0,0.0
清泉Talk,2,1,no_media,0,1,2022-03,0.0,0.0,1.0,0,0.0,0,0.0,0,0.0,0,0.0,1,1.0,0,0.0,0,0.0,0,0.0,0,0.0
渠兮,4,3,wemedia_only,1,4,2022-10,0.3333333333333333,0.3333333333333333,0.0,1,0.3333333333333333,0,0.0,1,0.3333333333333333,0,0.0,0,0.0,0,0.0,1,0.3333333333333333,0,0.0,0,0.0
温婉的塔尖,2,1,no_media,0,2,2022-10,0.0,0.0,1.0,0,0.0,0,0.0,0,0.0,0,0.0,1,1.0,0,0.0,0,0.0,0,0.0,0,0.0
温州发布,8,7,mainstream_only,2,7,2021-01,0.0,0.0,1.0,0,0.0,0,0.0,0,0.0,0,0.0,7,1.0,0,0.0,0,0.0,0,0.0,0,0.0
温言软语钟晓岚,3,2,wemedia_only,3,3,2023-10,0.0,0.0,1.0,0,0.0,0,0.0,0,0.0,0,0.0,2,1.0,0,0.0,0,0.0,0,0.0,0,0.0
渭南日报社,40,39,no_media,0,37,2020-02,0.0,0.0,1.0,0,0.0,0,0.0,0,0.0,0,0.0,39,1.0,0,0.0,0,0.0,0,0.0,0,0.0
渭南检察,10,9,mainstream_only,1,10,2020-02,0.0,0.0,1.0,0,0.0,0,0.0,0,0.0,0,0.0,9,1.0,0,0.0,0,0.0,0,0.0,0,0.0
游仙公安,5,4,mainstream_only,12,4,2022-10,0.0,0.0,1.0,0,0.0,0,0.0,0,0.0,0,0.0,4,1.0,0,0.0,0,0.0,0,0.0,0,0.0
游走厨师,2,1,wemedia_only,1,2,2022-10,0.0,0.0,1.0,0,0.0,0,0.0,0,0.0,0,0.0,1,1.0,0,0.0,0,0.0,0,0.0,0,0.0
湖北之声,59,58,no_media,0,50,2020-02,0.0,0.0,0.9655172413793104,0,0.0,0,0.0,0,0.0,0,0.0,56,0.9655172413793104,1,0.017241379310344827,0,0.0,1,0.017241379310344827,0,0.0
湖北发布,37,36,no_media,0,35,2020-02,0.0,0.0,1.0,0,0.0,0,0.0,0,0.0,0,0.0,36,1.0,0,0.0,0,0.0,0,0.0,0,0.0
湖北新闻,54,53,no_media,0,45,2020-05,0.018867924528301886,0.018867924528301886,0.9622641509433962,0,0.0,1,0.018867924528301886,0,0.0,1,0.018867924528301886,51,0.9622641509433962,0,0.0,0,0.0,0,0.0,0,0.0
湖北电视台官方微博,9,8,no_media,0,9,2020-02,0.0,0.0,1.0,0,0.0,0,0.0,0,0.0,0,0.0,8,1.0,0,0.0,0,0.0,0,0.0,0,0.0
湖北省政府门户网站,38,37,no_media,0,38,2020-02,0.0,0.0,1.0,0,0.0,0,0.0,0,0.0,0,0.0,37,1.0,0,0.0,0,0.0,0,0.0,0,0.0
湖南民生网,5,4,no_media,0,5,2020-05,0.0,0.0,1.0,0,0.0,0,0.0,0,0.0,0,0.0,4,1.0,0,0.0,0,0.0,0,0.0,0,0.0
湖南高院,2,1,mainstream_only,2,2,2020-03,0.0,0.0,1.0,0,0.0,0,0.0,0,0.0,0,0.0,1,1.0,0,0.0,0,0.0,0,0.0,0,0.0
湖报体育,5,4,no_media,0,5,2020-12,0.0,0.0,0.5,0,0.0,0,0.0,0,0.0,0,0.0,2,0.5,1,0.25,0,0.0,1,0.25,0,0.0
源-氏-物-语,7,6,no_media,13,6,2022-12,0.16666666666666666,0.16666666666666666,0.0,0,0.0,0,0.0,1,0.16666666666666666,0,0.0,0,0.0,1,0.16666666666666666,1,0.16666666666666666,2,0.3333333333333333,1,0.16666666666666666
溧阳人在珀斯,36,35,dual,19,26,2021-08,0.2,0.2,0.6,0,0.0,7,0.2,0,0.0,7,0.2,21,0.6,0,0.0,0,0.0,0,0.0,0,0.0
滁州楼市,7,6,no_media,0,7,2022-05,0.0,0.0,1.0,0,0.0,0,0.0,0,0.0,0,0.0,6,1.0,0,0.0,0,0.0,0,0.0,0,0.0
满了不要怂,2,1,mainstream_only,6,2,2023-08,0.0,0.0,1.0,0,0.0,0,0.0,0,0.0,0,0.0,1,1.0,0,0.0,0,0.0,0,0.0,0,0.0
滨城时报,5,4,no_media,0,5,2020-02,0.0,0.0,1.0,0,0.0,0,0.0,0,0.0,0,0.0,4,1.0,0,0.0,0,0.0,0,0.0,0,0.0
漫长岁月,4,3,wemedia_only,3,4,2022-10,0.0,0.0,0.3333333333333333,0,0.0,0,0.0,0,0.0,0,0.0,1,0.3333333333333333,1,0.3333333333333333,0,0.0,1,0.3333333333333333,0,0.0
潇洒的瑷娃,6,5,no_media,7,4,2022-12,0.0,0.0,0.4,0,0.0,0,0.0,0,0.0,0,0.0,2,0.4,2,0.4,0,0.0,1,0.2,0,0.0
潍坊新闻网,3,2,no_media,0,3,2021-08,0.0,0.0,1.0,0,0.0,0,0.0,0,0.0,0,0.0,2,1.0,0,0.0,0,0.0,0,0.0,0,0.0
潘彼得PeterPan,2,1,wemedia_only,5,2,2022-12,0.0,1.0,0.0,0,0.0,1,1.0,0,0.0,0,0.0,0,0.0,0,0.0,0,0.0,0,0.0,0,0.0
潜水吃瓜一级选手,4,3,mainstream_only,2,4,2023-02,0.0,0.3333333333333333,0.0,0,0.0,1,0.3333333333333333,0,0.0,0,0.0,0,0.0,1,0.3333333333333333,0,0.0,0,0.0,1,0.3333333333333333
潜龙爆笑,2,1,no_media,0,2,2021-12,0.0,0.0,1.0,0,0.0,0,0.0,0,0.0,0,0.0,1,1.0,0,0.0,0,0.0,0,0.0,0,0.0
澄城检察,19,18,no_media,0,17,2020-02,0.0,0.0,1.0,0,0.0,0,0.0,0,0.0,0,0.0,18,1.0,0,0.0,0,0.0,0,0.0,0,0.0
澎湃新闻,69,68,no_media,0,58,2017-01,0.0,0.0,1.0,0,0.0,0,0.0,0,0.0,0,0.0,68,1.0,0,0.0,0,0.0,0,0.0,0,0.0
澎湃质量观,5,4,no_media,0,5,2020-02,0.0,0.0,1.0,0,0.0,0,0.0,0,0.0,0,0.0,4,1.0,0,0.0,0,0.0,0,0.0,0,0.0
澳洲微报AuweNews,3,2,no_media,0,3,2020-05,0.0,0.5,0.0,1,0.5,1,0.5,0,0.0,0,0.0,0,0.0,0,0.0,0,0.0,0,0.0,0,0.0
灬氵-,2,1,mainstream_only,2,2,2023-02,0.0,0.0,1.0,0,0.0,0,0.0,0,0.0,0,0.0,1,1.0,0,0.0,0,0.0,0,0.0,0,0.0
灯辉西渡刘露,3,2,wemedia_only,6,3,2023-06,0.0,0.0,1.0,0,0.0,0,0.0,0,0.0,0,0.0,2,1.0,0,0.0,0,0.0,0,0.0,0,0.0
灰产圈_,8,7,no_media,0,7,2022-11,0.14285714285714285,0.2857142857142857,0.5714285714285714,0,0.0,2,0.2857142857142857,0,0.0,1,0.14285714285714285,4,0.5714285714285714,0,0.0,0,0.0,0,0.0,0,0.0
灰大Miu,3,2,mainstream_only,1,2,2024-08,0.0,0.0,0.5,0,0.0,0,0.0,0,0.0,0,0.0,1,0.5,1,0.5,0,0.0,0,0.0,0,0.0
灵蘭仙子,2,1,no_media,10,2,2024-01,0.0,0.0,0.0,0,0.0,0,0.0,0,0.0,0,0.0,0,0.0,0,0.0,0,0.0,1,1.0,0,0.0
炒饭殿下007,2,1,wemedia_only,13,2,2023-02,0.0,0.0,0.0,0,0.0,0,0.0,0,0.0,0,0.0,0,0.0,0,0.0,0,0.0,1,1.0,0,0.0
点金榜榜首-石水淼,2,1,no_media,10,2,2023-01,0.0,0.0,1.0,0,0.0,0,0.0,0,0.0,0,0.0,1,1.0,0,0.0,0,0.0,0,0.0,0,0.0
烟台问家,4,3,no_media,0,3,2023-01,0.0,0.0,1.0,0,0.0,0,0.0,0,0.0,0,0.0,3,1.0,0,0.0,0,0.0,0,0.0,0,0.0
烟雨楼百年孤独,11,10,wemedia_only,8,10,2022-10,0.1,0.0,0.7,0,0.0,0,0.0,0,0.0,1,0.1,7,0.7,1,0.1,0,0.0,1,0.1,0,0.0
烟雨笙笙,9,8,mainstream_only,9,6,2023-02,0.125,0.0,0.875,0,0.0,0,0.0,0,0.0,1,0.125,7,0.875,0,0.0,0,0.0,0,0.0,0,0.0
热干面塑料袋,40,39,mainstream_only,16,38,2023-03,0.15384615384615385,0.1282051282051282,0.5128205128205128,7,0.1794871794871795,5,0.1282051282051282,0,0.0,6,0.15384615384615385,20,0.5128205128205128,0,0.0,0,0.0,1,0.02564102564102564,0,0.0
無名無相02,2,1,mainstream_only,2,2,2023-06,0.0,0.0,1.0,0,0.0,0,0.0,0,0.0,0,0.0,1,1.0,0,0.0,0,0.0,0,0.0,0,0.0
焦作广播电视台,4,3,no_media,0,4,2020-11,0.0,0.0,1.0,0,0.0,0,0.0,0,0.0,0,0.0,3,1.0,0,0.0,0,0.0,0,0.0,0,0.0
熊猫和朋友们,3,2,no_media,7,3,2022-12,0.0,0.0,1.0,0,0.0,0,0.0,0,0.0,0,0.0,2,1.0,0,0.0,0,0.0,0,0.0,0,0.0
熙熙攘攘独木桥·,2,1,wemedia_only,2,1,2020-03,0.0,0.0,1.0,0,0.0,0,0.0,0,0.0,0,0.0,1,1.0,0,0.0,0,0.0,0,0.0,0,0.0
燕北翔,2,1,mainstream_only,4,2,2022-12,1.0,0.0,0.0,0,0.0,0,0.0,0,0.0,1,1.0,0,0.0,0,0.0,0,0.0,0,0.0,0,0.0
燕赵晚报,14,13,no_media,0,14,2020-02,0.0,0.0,1.0,0,0.0,0,0.0,0,0.0,0,0.0,13,1.0,0,0.0,0,0.0,0,0.0,0,0.0
燚橙健康,2,1,no_media,0,1,2022-03,0.0,1.0,0.0,0,0.0,1,1.0,0,0.0,0,0.0,0,0.0,0,0.0,0,0.0,0,0.0,0,0.0
爱上昌平,4,3,no_media,0,4,2020-12,0.0,0.0,1.0,0,0.0,0,0.0,0,0.0,0,0.0,3,1.0,0,0.0,0,0.0,0,0.0,0,0.0
爱健身滴阿茶smiling,3,2,no_media,0,3,2023-01,0.0,0.0,0.0,0,0.0,0,0.0,0,0.0,0,0.0,0,0.0,0,0.0,0,0.0,0,0.0,2,1.0
爱吃果冻的长颈鹿,10,9,no_media,3,10,2023-04,0.2222222222222222,0.1111111111111111,0.1111111111111111,2,0.2222222222222222,1,0.1111111111111111,0,0.0,1,0.1111111111111111,1,0.1111111111111111,1,0.1111111111111111,1,0.1111111111111111,1,0.1111111111111111,1,0.1111111111111111
爱吃的汤圆是番薯皮的,2,1,wemedia_only,2,1,2020-03,0.0,0.0,1.0,0,0.0,0,0.0,0,0.0,0,0.0,1,1.0,0,0.0,0,0.0,0,0.0,0,0.0
爱塌爱光的star同样爱芭比,18,17,wemedia_only,25,16,2023-02,0.17647058823529413,0.23529411764705882,0.29411764705882354,5,0.29411764705882354,4,0.23529411764705882,0,0.0,3,0.17647058823529413,5,0.29411764705882354,0,0.0,0,0.0,0,0.0,0,0.0
爱好吃喝玩乐的画家,2,1,no_media,0,2,2023-01,0.0,0.0,1.0,0,0.0,0,0.0,0,0.0,0,0.0,1,1.0,0,0.0,0,0.0,0,0.0,0,0.0
爱济南发布,7,6,no_media,0,6,2021-08,0.0,0.0,1.0,0,0.0,0,0.0,0,0.0,0,0.0,6,1.0,0,0.0,0,0.0,0,0.0,0,0.0
爱生活的有志青年,3,2,mainstream_only,2,2,2023-11,0.0,0.5,0.0,0,0.0,1,0.5,0,0.0,0,0.0,0,0.0,1,0.5,0,0.0,0,0.0,0,0.0
爱看头条,38,37,no_media,0,38,2020-03,0.0,0.0,1.0,0,0.0,0,0.0,0,0.0,0,0.0,37,1.0,0,0.0,0,0.0,0,0.0,0,0.0
爱看特摄剧的老顾,3,2,wemedia_only,3,3,2024-09,0.0,0.0,0.0,2,1.0,0,0.0,0,0.0,0,0.0,0,0.0,0,0.0,0,0.0,0,0.0,0,0.0
爱笑的颜悦,2,1,wemedia_only,6,2,2023-05,0.0,0.0,1.0,0,0.0,0,0.0,0,0.0,0,0.0,1,1.0,0,0.0,0,0.0,0,0.0,0,0.0
牙科有科牙,2,1,mainstream_only,5,2,2023-04,0.0,1.0,0.0,0,0.0,1,1.0,0,0.0,0,0.0,0,0.0,0,0.0,0,0.0,0,0.0,0,0.0
牛城晚报,5,4,no_media,0,5,2020-06,0.0,0.0,1.0,0,0.0,0,0.0,0,0.0,0,0.0,4,1.0,0,0.0,0,0.0,0,0.0,0,0.0
牛瑲,2,1,no_media,2,2,2023-03,0.0,0.0,0.0,0,0.0,0,0.0,0,0.0,0,0.0,0,0.0,0,0.0,0,0.0,1,1.0,0,0.0
牛神nddpg111,3,2,wemedia_only,3,2,2022-10,0.0,0.0,1.0,0,0.0,0,0.0,0,0.0,0,0.0,2,1.0,0,0.0,0,0.0,0,0.0,0,0.0
牛肉包子兔,3,2,mainstream_only,4,3,2023-02,0.0,0.5,0.0,0,0.0,0,0.0,1,0.5,0,0.0,0,0.0,0,0.0,0,0.0,1,0.5,0,0.0
牵伊伊小手,5,4,wemedia_only,6,1,2020-03,0.0,0.0,1.0,0,0.0,0,0.0,0,0.0,0,0.0,4,1.0,0,0.0,0,0.0,0,0.0,0,0.0
独立小楼99,13,12,dual,10,13,2021-11,0.08333333333333333,0.08333333333333333,0.8333333333333334,0,0.0,1,0.08333333333333333,0,0.0,1,0.08333333333333333,10,0.8333333333333334,0,0.0,0,0.0,0,0.0,0,0.0
狲狲球球,5,4,wemedia_only,4,5,2023-07,0.25,0.0,0.75,0,0.0,0,0.0,0,0.0,1,0.25,3,0.75,0,0.0,0,0.0,0,0.0,0,0.0
猪肉老好切咯,2,1,wemedia_only,4,2,2023-02,0.0,1.0,0.0,0,0.0,0,0.0,1,1.0,0,0.0,0,0.0,0,0.0,0,0.0,0,0.0,0,0.0
猫依Sansan,2,1,wemedia_only,1,2,2024-02,0.0,1.0,0.0,0,0.0,1,1.0,0,0.0,0,0.0,0,0.0,0,0.0,0,0.0,0,0.0,0,0.0
猫步旅人_,4,3,wemedia_only,1,4,2022-12,0.0,0.0,0.3333333333333333,0,0.0,0,0.0,0,0.0,0,0.0,1,0.3333333333333333,1,0.3333333333333333,0,0.0,1,0.3333333333333333,0,0.0
猫猫猫粮管够,2,1,wemedia_only,5,2,2023-02,0.0,0.0,0.0,0,0.0,0,0.0,0,0.0,0,0.0,0,0.0,1,1.0,0,0.0,0,0.0,0,0.0
玉门市融媒体中心,8,7,no_media,0,5,2022-12,0.0,0.0,1.0,0,0.0,0,0.0,0,0.0,0,0.0,7,1.0,0,0.0,0,0.0,0,0.0,0,0.0
王孟源dudu,5,4,no_media,0,5,2021-08,0.0,0.0,1.0,0,0.0,0,0.0,0,0.0,0,0.0,4,1.0,0,0.0,0,0.0,0,0.0,0,0.0
王敬刮痧,2,1,no_media,6,2,2020-01,0.0,0.0,1.0,0,0.0,0,0.0,0,0.0,0,0.0,1,1.0,0,0.0,0,0.0,0,0.0,0,0.0
王言嘉-,5,4,wemedia_only,5,5,2022-12,0.0,0.0,1.0,0,0.0,0,0.0,0,0.0,0,0.0,4,1.0,0,0.0,0,0.0,0,0.0,0,0.0
王进学医生,2,1,no_media,0,2,2023-03,0.0,0.0,1.0,0,0.0,0,0.0,0,0.0,0,0.0,1,1.0,0,0.0,0,0.0,0,0.0,0,0.0
环球人物,4,3,no_media,0,4,2020-09,0.0,0.0,1.0,0,0.0,0,0.0,0,0.0,0,0.0,3,1.0,0,0.0,0,0.0,0,0.0,0,0.0
环球时报,49,48,no_media,0,47,2020-08,0.0,0.0,1.0,0,0.0,0,0.0,0,0.0,0,0.0,48,1.0,0,0.0,0,0.0,0,0.0,0,0.0
环球时报环球旅游,9,8,no_media,0,9,2020-05,0.0,0.0,1.0,0,0.0,0,0.0,0,0.0,0,0.0,8,1.0,0,0.0,0,0.0,0,0.0,0,0.0
环视频,5,4,no_media,0,5,2020-12,0.0,0.0,1.0,0,0.0,0,0.0,0,0.0,0,0.0,4,1.0,0,0.0,0,0.0,0,0.0,0,0.0
现代快报,22,21,no_media,0,20,2020-10,0.0,0.0,1.0,0,0.0,0,0.0,0,0.0,0,0.0,21,1.0,0,0.0,0,0.0,0,0.0,0,0.0
珀溪_,2,1,wemedia_only,2,2,2023-02,0.0,0.0,0.0,0,0.0,0,0.0,0,0.0,0,0.0,0,0.0,0,0.0,0,0.0,1,1.0,0,0.0
珍珠滩1,5,4,wemedia_only,6,5,2023-02,0.0,0.0,1.0,0,0.0,0,0.0,0,0.0,0,0.0,4,1.0,0,0.0,0,0.0,0,0.0,0,0.0
珠江新闻,8,7,no_media,0,8,2020-02,0.0,0.0,1.0,0,0.0,0,0.0,0,0.0,0,0.0,7,1.0,0,0.0,0,0.0,0,0.0,0,0.0
珺雅口腔,4,3,no_media,0,3,2022-12,0.0,0.0,1.0,0,0.0,0,0.0,0,0.0,0,0.0,3,1.0,0,0.0,0,0.0,0,0.0,0,0.0
球球要午睡,2,1,no_media,0,2,2022-03,0.0,0.0,0.0,0,0.0,0,0.0,0,0.0,0,0.0,0,0.0,1,1.0,0,0.0,0,0.0,0,0.0
琉璃瓶的记忆-,2,1,wemedia_only,4,1,2022-03,0.0,0.0,0.0,0,0.0,0,0.0,0,0.0,0,0.0,0,0.0,0,0.0,0,0.0,0,0.0,1,1.0
琥珀柏林,40,39,dual,31,33,2023-03,0.15384615384615385,0.1282051282051282,0.5128205128205128,4,0.10256410256410256,5,0.1282051282051282,0,0.0,6,0.15384615384615385,20,0.5128205128205128,2,0.05128205128205128,0,0.0,2,0.05128205128205128,0,0.0
瑟颜瑟语,5,4,wemedia_only,5,4,2023-02,0.25,0.25,0.5,0,0.0,1,0.25,0,0.0,1,0.25,2,0.5,0,0.0,0,0.0,0,0.0,0,0.0
瑶碧丹华,4,3,wemedia_only,1,4,2023-04,0.3333333333333333,0.0,0.3333333333333333,0,0.0,0,0.0,0,0.0,0,0.0,1,0.3333333333333333,1,0.3333333333333333,1,0.3333333333333333,0,0.0,0,0.0
璎珞牡丹,3,2,wemedia_only,1,3,2023-02,0.5,0.5,0.0,0,0.0,1,0.5,0,0.0,1,0.5,0,0.0,0,0.0,0,0.0,0,0.0,0,0.0
甘肃共青团,7,6,no_media,0,7,2021-04,0.0,0.0,1.0,0,0.0,0,0.0,0,0.0,0,0.0,6,1.0,0,0.0,0,0.0,0,0.0,0,0.0
甘肃日报,8,7,no_media,0,7,2021-10,0.0,0.0,1.0,0,0.0,0,0.0,0,0.0,0,0.0,7,1.0,0,0.0,0,0.0,0,0.0,0,0.0
甜甜圈的洞-,2,1,no_media,6,2,2023-05,0.0,0.0,0.0,0,0.0,0,0.0,0,0.0,0,0.0,0,0.0,0,0.0,0,0.0,1,1.0,0,0.0
生于忧患boomboom,2,1,no_media,0,1,2023-01,0.0,0.0,0.0,0,0.0,0,0.0,0,0.0,0,0.0,0,0.0,0,0.0,0,0.0,0,0.0,1,1.0
生命时报,61,60,no_media,0,58,2017-06,0.0,0.0,1.0,0,0.0,0,0.0,0,0.0,0,0.0,60,1.0,0,0.0,0,0.0,0,0.0,0,0.0
生态梦人,3,2,mainstream_only,2,3,2023-02,0.0,0.0,1.0,0,0.0,0,0.0,0,0.0,0,0.0,2,1.0,0,0.0,0,0.0,0,0.0,0,0.0
生活小观众,2,1,no_media,0,1,2022-03,0.0,0.0,1.0,0,0.0,0,0.0,0,0.0,0,0.0,1,1.0,0,0.0,0,0.0,0,0.0,0,0.0
生活规划整理师-夏夏,2,1,no_media,1,2,2023-02,0.0,1.0,0.0,0,0.0,1,1.0,0,0.0,0,0.0,0,0.0,0,0.0,0,0.0,0,0.0,0,0.0
生物探索,3,2,no_media,0,3,2022-04,0.0,0.0,1.0,0,0.0,0,0.0,0,0.0,0,0.0,2,1.0,0,0.0,0,0.0,0,0.0,0,0.0
生物狗Y博,4,3,wemedia_only,2,4,2022-10,0.0,0.0,1.0,0,0.0,0,0.0,0,0.0,0,0.0,3,1.0,0,0.0,0,0.0,0,0.0,0,0.0
用户1796753123,2,1,no_media,0,2,2023-01,0.0,0.0,1.0,0,0.0,0,0.0,0,0.0,0,0.0,1,1.0,0,0.0,0,0.0,0,0.0,0,0.0
用户2361383961,2,1,no_media,0,2,2020-09,0.0,0.0,1.0,0,0.0,0,0.0,0,0.0,0,0.0,1,1.0,0,0.0,0,0.0,0,0.0,0,0.0
用户2548212507,3,2,no_media,2,3,2023-05,0.0,0.0,1.0,0,0.0,0,0.0,0,0.0,0,0.0,2,1.0,0,0.0,0,0.0,0,0.0,0,0.0
用户4912606809,2,1,wemedia_only,7,2,2023-04,0.0,0.0,1.0,0,0.0,0,0.0,0,0.0,0,0.0,1,1.0,0,0.0,0,0.0,0,0.0,0,0.0
用户5080869403,2,1,wemedia_only,1,2,2023-04,0.0,0.0,1.0,0,0.0,0,0.0,0,0.0,0,0.0,1,1.0,0,0.0,0,0.0,0,0.0,0,0.0
用户5158106713,2,1,no_media,0,1,2022-03,0.0,0.0,1.0,0,0.0,0,0.0,0,0.0,0,0.0,1,1.0,0,0.0,0,0.0,0,0.0,0,0.0
用户5371581768,12,11,wemedia_only,13,10,2023-02,0.0,0.0,1.0,0,0.0,0,0.0,0,0.0,0,0.0,11,1.0,0,0.0,0,0.0,0,0.0,0,0.0
用户5494427807,5,4,wemedia_only,8,4,2023-04,0.25,0.25,0.25,1,0.25,1,0.25,0,0.0,1,0.25,1,0.25,0,0.0,0,0.0,0,0.0,0,0.0
用户5655084485,2,1,mainstream_only,3,2,2023-06,0.0,0.0,1.0,0,0.0,0,0.0,0,0.0,0,0.0,1,1.0,0,0.0,0,0.0,0,0.0,0,0.0
用户5889073289波波,7,6,no_media,16,5,2023-01,0.3333333333333333,0.3333333333333333,0.0,2,0.3333333333333333,0,0.0,2,0.3333333333333333,0,0.0,0,0.0,0,0.0,2,0.3333333333333333,0,0.0,0,0.0
用户6016697856,13,12,mainstream_only,11,10,2023-09,0.08333333333333333,0.08333333333333333,0.6666666666666666,0,0.0,1,0.08333333333333333,0,0.0,1,0.08333333333333333,8,0.6666666666666666,1,0.08333333333333333,0,0.0,1,0.08333333333333333,0,0.0
用户6306416909,3,2,wemedia_only,7,3,2023-03,0.5,0.5,0.0,0,0.0,1,0.5,0,0.0,1,0.5,0,0.0,0,0.0,0,0.0,0,0.0,0,0.0
用户6469127525,4,3,wemedia_only,4,4,2024-03,0.3333333333333333,0.3333333333333333,0.3333333333333333,0,0.0,1,0.3333333333333333,0,0.0,1,0.3333333333333333,1,0.3333333333333333,0,0.0,0,0.0,0,0.0,0,0.0
用户6510550296,3,2,wemedia_only,7,3,2023-10,0.5,0.5,0.0,0,0.0,1,0.5,0,0.0,1,0.5,0,0.0,0,0.0,0,0.0,0,0.0,0,0.0
用户7612030497,11,10,dual,11,7,2023-04,0.2,0.1,0.4,3,0.3,1,0.1,0,0.0,2,0.2,4,0.4,0,0.0,0,0.0,0,0.0,0,0.0
用户7721230748,2,1,wemedia_only,2,2,2023-07,0.0,0.0,1.0,0,0.0,0,0.0,0,0.0,0,0.0,1,1.0,0,0.0,0,0.0,0,0.0,0,0.0
用户7821370827,29,28,dual,40,23,2023-02,0.25,0.25,0.35714285714285715,4,0.14285714285714285,7,0.25,0,0.0,7,0.25,10,0.35714285714285715,0,0.0,0,0.0,0,0.0,0,0.0
用户dgd6o483oi,3,2,wemedia_only,3,3,2023-07,0.0,0.5,0.5,0,0.0,1,0.5,0,0.0,0,0.0,1,0.5,0,0.0,0,0.0,0,0.0,0,0.0
电搅,6,5,wemedia_only,6,6,2023-06,0.2,0.2,0.6,0,0.0,1,0.2,0,0.0,1,0.2,3,0.6,0,0.0,0,0.0,0,0.0,0,0.0
男科医生王古道,6,5,no_media,0,6,2022-11,0.0,0.0,1.0,0,0.0,0,0.0,0,0.0,0,0.0,5,1.0,0,0.0,0,0.0,0,0.0,0,0.0
界面新闻,37,36,no_media,0,35,2016-12,0.0,0.0,1.0,0,0.0,0,0.0,0,0.0,0,0.0,36,1.0,0,0.0,0,0.0,0,0.0,0,0.0
留坝检察院,3,2,mainstream_only,2,2,2023-02,0.0,0.0,1.0,0,0.0,0,0.0,0,0.0,0,0.0,2,1.0,0,0.0,0,0.0,0,0.0,0,0.0
疯魔JojO,2,1,no_media,0,2,2023-01,0.0,1.0,0.0,0,0.0,1,1.0,0,0.0,0,0.0,0,0.0,0,0.0,0,0.0,0,0.0,0,0.0
瘟疫之地老弗丁,6,5,mainstream_only,3,6,2023-02,0.0,0.2,0.6,1,0.2,1,0.2,0,0.0,0,0.0,3,0.6,0,0.0,0,0.0,0,0.0,0,0.0
登高_2023,2,1,mainstream_only,1,2,2022-12,0.0,0.0,1.0,0,0.0,0,0.0,0,0.0,0,0.0,1,1.0,0,0.0,0,0.0,0,0.0,0,0.0
白水检察,13,12,mainstream_only,4,12,2020-02,0.0,0.0,1.0,0,0.0,0,0.0,0,0.0,0,0.0,12,1.0,0,0.0,0,0.0,0,0.0,0,0.0
白眉大侠5995,3,2,mainstream_only,2,3,2023-03,0.0,0.0,1.0,0,0.0,0,0.0,0,0.0,0,0.0,2,1.0,0,0.0,0,0.0,0,0.0,0,0.0
白衫缺个衬,9,8,no_media,23,9,2023-01,0.0,0.0,0.0,0,0.0,0,0.0,0,0.0,0,0.0,0,0.0,0,0.0,0,0.0,0,0.0,8,1.0
白雪下的小麦,4,3,wemedia_only,5,3,2023-08,0.0,0.0,0.3333333333333333,0,0.0,0,0.0,0,0.0,0,0.0,1,0.3333333333333333,1,0.3333333333333333,0,0.0,1,0.3333333333333333,0,0.0
白鹿视频,4,3,no_media,0,4,2022-12,0.0,0.0,1.0,0,0.0,0,0.0,0,0.0,0,0.0,3,1.0,0,0.0,0,0.0,0,0.0,0,0.0
百津禾,6,5,no_media,1,2,2022-12,0.2,0.4,0.2,1,0.2,2,0.4,0,0.0,1,0.2,1,0.2,0,0.0,0,0.0,0,0.0,0,0.0
百脚陆,2,1,wemedia_only,2,2,2024-05,0.0,1.0,0.0,0,0.0,1,1.0,0,0.0,0,0.0,0,0.0,0,0.0,0,0.0,0,0.0,0,0.0
百龄干细胞,2,1,no_media,0,2,2023-01,0.0,0.0,1.0,0,0.0,0,0.0,0,0.0,0,0.0,1,1.0,0,0.0,0,0.0,0,0.0,0,0.0
皇族养心堂卢阿姨,2,1,wemedia_only,1,2,2023-02,0.0,0.0,0.0,0,0.0,0,0.0,0,0.0,0,0.0,0,0.0,1,1.0,0,0.0,0,0.0,0,0.0
皇汉1976,28,27,wemedia_only,24,17,2023-02,0.25925925925925924,0.25925925925925924,0.37037037037037035,1,0.037037037037037035,7,0.25925925925925924,0,0.0,7,0.25925925925925924,10,0.37037037037037035,1,0.037037037037037035,0,0.0,1,0.037037037037037035,0,0.0
皇郁筠_Ferrets,3,2,mainstream_only,2,3,2023-05,0.0,0.5,0.0,1,0.5,1,0.5,0,0.0,0,0.0,0,0.0,0,0.0,0,0.0,0,0.0,0,0.0
益阳日报社,3,2,no_media,0,3,2020-01,0.0,0.0,1.0,0,0.0,0,0.0,0,0.0,0,0.0,2,1.0,0,0.0,0,0.0,0,0.0,0,0.0
盖世英雄玉椒龙,27,26,wemedia_only,5,24,2023-02,0.2692307692307692,0.2692307692307692,0.19230769230769232,7,0.2692307692307692,6,0.23076923076923078,1,0.038461538461538464,5,0.19230769230769232,5,0.19230769230769232,0,0.0,2,0.07692307692307693,0,0.0,0,0.0
直播南京官方版,2,1,no_media,0,2,2023-01,0.0,0.0,1.0,0,0.0,0,0.0,0,0.0,0,0.0,1,1.0,0,0.0,0,0.0,0,0.0,0,0.0
直播海南,9,8,no_media,0,8,2021-04,0.0,0.0,1.0,0,0.0,0,0.0,0,0.0,0,0.0,8,1.0,0,0.0,0,0.0,0,0.0,0,0.0
直播遵义,2,1,no_media,0,2,2021-11,0.0,0.0,1.0,0,0.0,0,0.0,0,0.0,0,0.0,1,1.0,0,0.0,0,0.0,0,0.0,0,0.0
相三三三,2,1,no_media,0,2,2023-02,0.0,0.0,1.0,0,0.0,0,0.0,0,0.0,0,0.0,1,1.0,0,0.0,0,0.0,0,0.0,0,0.0
看呼吸科普,4,3,no_media,0,4,2022-03,0.0,0.0,1.0,0,0.0,0,0.0,0,0.0,0,0.0,3,1.0,0,0.0,0,0.0,0,0.0,0,0.0
看宜兴,7,6,mainstream_only,1,7,2023-02,0.0,0.0,1.0,0,0.0,0,0.0,0,0.0,0,0.0,6,1.0,0,0.0,0,0.0,0,0.0,0,0.0
看成都,3,2,mainstream_only,1,3,2023-02,0.0,0.0,1.0,0,0.0,0,0.0,0,0.0,0,0.0,2,1.0,0,0.0,0,0.0,0,0.0,0,0.0
看看新闻KNEWS,52,51,no_media,0,47,2020-03,0.0,0.0,1.0,0,0.0,0,0.0,0,0.0,0,0.0,51,1.0,0,0.0,0,0.0,0,0.0,0,0.0
看看新闻全球眼,8,7,no_media,0,8,2020-10,0.0,0.0,1.0,0,0.0,0,0.0,0,0.0,0,0.0,7,1.0,0,0.0,0,0.0,0,0.0,0,0.0
看看新闻正能量,23,22,no_media,0,17,2021-10,0.0,0.0,1.0,0,0.0,0,0.0,0,0.0,0,0.0,22,1.0,0,0.0,0,0.0,0,0.0,0,0.0
眼中的星月大海,4,3,wemedia_only,4,4,2023-05,0.3333333333333333,0.3333333333333333,0.0,0,0.0,0,0.0,1,0.3333333333333333,0,0.0,0,0.0,0,0.0,1,0.3333333333333333,1,0.3333333333333333,0,0.0
眼镜猫miwumiwu,9,8,wemedia_only,4,9,2023-02,0.25,0.25,0.125,1,0.125,2,0.25,0,0.0,1,0.125,1,0.125,1,0.125,1,0.125,1,0.125,0,0.0
眾人表妹就係我,2,1,wemedia_only,4,2,2023-03,0.0,0.0,1.0,0,0.0,0,0.0,0,0.0,0,0.0,1,1.0,0,0.0,0,0.0,0,0.0,0,0.0
瞭望东方周刊,10,9,no_media,0,10,2016-12,0.0,0.0,0.7777777777777778,0,0.0,0,0.0,0,0.0,0,0.0,7,0.7777777777777778,1,0.1111111111111111,0,0.0,1,0.1111111111111111,0,0.0
瞻云云,2,1,wemedia_only,1,2,2023-05,0.0,0.0,0.0,0,0.0,0,0.0,0,0.0,0,0.0,0,0.0,0,0.0,0,0.0,1,1.0,0,0.0
知河北,36,35,no_media,0,33,2020-02,0.0,0.0,1.0,0,0.0,0,0.0,0,0.0,0,0.0,35,1.0,0,0.0,0,0.0,0,0.0,0,0.0
知知贵阳,15,14,no_media,0,15,2020-03,0.0,0.0,1.0,0,0.0,0,0.0,0,0.0,0,0.0,14,1.0,0,0.0,0,0.0,0,0.0,0,0.0
知行合一_2023-3,6,5,dual,12,6,2023-04,0.2,0.0,0.6,0,0.0,0,0.0,0,0.0,1,0.2,3,0.6,0,0.0,0,0.0,1,0.2,0,0.0
知闲者也,2,1,no_media,0,2,2022-12,1.0,0.0,0.0,0,0.0,0,0.0,0,0.0,0,0.0,0,0.0,0,0.0,1,1.0,0,0.0,0,0.0
知音汉阳,2,1,mainstream_only,1,2,2021-11,0.0,0.0,1.0,0,0.0,0,0.0,0,0.0,0,0.0,1,1.0,0,0.0,0,0.0,0,0.0,0,0.0
短线龙头彪哥,6,5,no_media,0,2,2022-03,0.0,0.0,1.0,0,0.0,0,0.0,0,0.0,0,0.0,5,1.0,0,0.0,0,0.0,0,0.0,0,0.0
石佛看投资,2,1,wemedia_only,1,1,2023-05,0.0,0.0,0.0,0,0.0,0,0.0,0,0.0,0,0.0,0,0.0,0,0.0,0,0.0,1,1.0,0,0.0
石家庄卫生健康,5,4,mainstream_only,1,5,2020-03,0.0,0.0,1.0,0,0.0,0,0.0,0,0.0,0,0.0,4,1.0,0,0.0,0,0.0,0,0.0,0,0.0
石家庄广播电视台,30,29,no_media,0,29,2020-12,0.0,0.0,1.0,0,0.0,0,0.0,0,0.0,0,0.0,29,1.0,0,0.0,0,0.0,0,0.0,0,0.0
石家庄文旅之声,3,2,no_media,1,3,2020-02,0.0,0.0,1.0,0,0.0,0,0.0,0,0.0,0,0.0,2,1.0,0,0.0,0,0.0,0,0.0,0,0.0
石家庄日报,22,21,no_media,0,22,2020-12,0.0,0.0,1.0,0,0.0,0,0.0,0,0.0,0,0.0,21,1.0,0,0.0,0,0.0,0,0.0,0,0.0
石狮公安,3,2,mainstream_only,2,3,2021-11,0.0,0.0,1.0,0,0.0,0,0.0,0,0.0,0,0.0,2,1.0,0,0.0,0,0.0,0,0.0,0,0.0
硚口发布,30,29,no_media,0,24,2017-06,0.034482758620689655,0.034482758620689655,0.9310344827586207,0,0.0,1,0.034482758620689655,0,0.0,1,0.034482758620689655,27,0.9310344827586207,0,0.0,0,0.0,0,0.0,0,0.0
碧落深处一点心,3,2,wemedia_only,5,3,2023-04,0.5,0.0,0.5,0,0.0,0,0.0,0,0.0,1,0.5,1,0.5,0,0.0,0,0.0,0,0.0,0,0.0
礼泉检察,2,1,mainstream_only,2,1,2023-05,0.0,0.0,1.0,0,0.0,0,0.0,0,0.0,0,0.0,1,1.0,0,0.0,0,0.0,0,0.0,0,0.0
祖传中医妇科韩悦,2,1,no_media,0,2,2023-01,0.0,0.0,1.0,0,0.0,0,0.0,0,0.0,0,0.0,1,1.0,0,0.0,0,0.0,0,0.0,0,0.0
祖传中医肖春林,8,7,wemedia_only,1,7,2023-02,0.0,0.0,1.0,0,0.0,0,0.0,0,0.0,0,0.0,7,1.0,0,0.0,0,0.0,0,0.0,0,0.0
祝由院,3,2,no_media,0,3,2023-01,0.0,0.0,1.0,0,0.0,0,0.0,0,0.0,0,0.0,2,1.0,0,0.0,0,0.0,0,0.0,0,0.0
神池发布,2,1,no_media,0,2,2020-02,0.0,0.0,1.0,0,0.0,0,0.0,0,0.0,0,0.0,1,1.0,0,0.0,0,0.0,0,0.0,0,0.0
神话pirategirl,2,1,mainstream_only,2,2,2023-07,0.0,1.0,0.0,0,0.0,1,1.0,0,0.0,0,0.0,0,0.0,0,0.0,0,0.0,0,0.0,0,0.0
福州新闻网fznews,18,17,no_media,0,18,2020-02,0.0,0.0,1.0,0,0.0,0,0.0,0,0.0,0,0.0,17,1.0,0,0.0,0,0.0,0,0.0,0,0.0
福建东南网,14,13,no_media,0,14,2020-02,0.0,0.0,1.0,0,0.0,0,0.0,0,0.0,0,0.0,13,1.0,0,0.0,0,0.0,0,0.0,0,0.0
福建卫生报,9,8,no_media,0,9,2020-02,0.0,0.0,1.0,0,0.0,0,0.0,0,0.0,0,0.0,8,1.0,0,0.0,0,0.0,0,0.0,0,0.0
福建日报,17,16,no_media,0,15,2020-02,0.0,0.0,1.0,0,0.0,0,0.0,0,0.0,0,0.0,16,1.0,0,0.0,0,0.0,0,0.0,0,0.0
福建森林消防,7,6,no_media,0,6,2019-07,0.0,0.0,1.0,0,0.0,0,0.0,0,0.0,0,0.0,6,1.0,0,0.0,0,0.0,0,0.0,0,0.0
秋分天下,2,1,dual,13,2,2023-04,0.0,0.0,1.0,0,0.0,0,0.0,0,0.0,0,0.0,1,1.0,0,0.0,0,0.0,0,0.0,0,0.0
科技日报,54,53,no_media,0,52,2020-03,0.018867924528301886,0.018867924528301886,0.9622641509433962,0,0.0,1,0.018867924528301886,0,0.0,1,0.018867924528301886,51,0.9622641509433962,0,0.0,0,0.0,0,0.0,0,0.0
科普中国,23,22,no_media,0,21,2020-01,0.0,0.0,1.0,0,0.0,0,0.0,0,0.0,0,0.0,22,1.0,0,0.0,0,0.0,0,0.0,0,0.0
秦子雄大队长,2,1,mainstream_only,1,2,2023-07,0.0,1.0,0.0,0,0.0,1,1.0,0,0.0,0,0.0,0,0.0,0,0.0,0,0.0,0,0.0,0,0.0
秦梦琉,5,4,dual,9,3,2022-12,0.25,0.25,0.5,0,0.0,1,0.25,0,0.0,1,0.25,2,0.5,0,0.0,0,0.0,0,0.0,0,0.0
秦皇岛新闻网,9,8,no_media,0,9,2020-02,0.0,0.0,1.0,0,0.0,0,0.0,0,0.0,0,0.0,8,1.0,0,0.0,0,0.0,0,0.0,0,0.0
秭归发布,3,2,mainstream_only,1,3,2023-05,0.0,0.0,1.0,0,0.0,0,0.0,0,0.0,0,0.0,2,1.0,0,0.0,0,0.0,0,0.0,0,0.0
稀碎心情,2,1,mainstream_only,9,2,2023-04,0.0,0.0,1.0,0,0.0,0,0.0,0,0.0,0,0.0,1,1.0,0,0.0,0,0.0,0,0.0,0,0.0
稳稳的豆豆,2,1,mainstream_only,3,2,2023-08,0.0,0.0,1.0,0,0.0,0,0.0,0,0.0,0,0.0,1,1.0,0,0.0,0,0.0,0,0.0,0,0.0
究竟视频,7,6,no_media,0,7,2020-09,0.0,0.0,1.0,0,0.0,0,0.0,0,0.0,0,0.0,6,1.0,0,0.0,0,0.0,0,0.0,0,0.0
空空空空rrr,3,2,wemedia_only,9,3,2023-04,0.5,0.5,0.0,0,0.0,1,0.5,0,0.0,1,0.5,0,0.0,0,0.0,0,0.0,0,0.0,0,0.0
空陵吸管,2,1,no_media,2,2,2022-12,0.0,0.0,1.0,0,0.0,0,0.0,0,0.0,0,0.0,1,1.0,0,0.0,0,0.0,0,0.0,0,0.0
穿羽绒服的眯眯眼,8,7,no_media,11,7,2022-12,0.14285714285714285,0.0,0.0,0,0.0,0,0.0,0,0.0,0,0.0,0,0.0,1,0.14285714285714285,1,0.14285714285714285,1,0.14285714285714285,4,0.5714285714285714
窗前的kelly,6,5,mainstream_only,18,6,2023-06,0.4,0.4,0.2,0,0.0,2,0.4,0,0.0,2,0.4,1,0.2,0,0.0,0,0.0,0,0.0,0,0.0
章鱼洋洋,2,1,wemedia_only,3,1,2022-12,0.0,0.0,1.0,0,0.0,0,0.0,0,0.0,0,0.0,1,1.0,0,0.0,0,0.0,0,0.0,0,0.0
童姐营养师和小炟同学,3,2,no_media,1,3,2023-01,0.0,0.0,1.0,0,0.0,0,0.0,0,0.0,0,0.0,2,1.0,0,0.0,0,0.0,0,0.0,0,0.0
童宜棠,3,2,no_media,0,2,2022-12,0.0,0.0,1.0,0,0.0,0,0.0,0,0.0,0,0.0,2,1.0,0,0.0,0,0.0,0,0.0,0,0.0
童童叶1598,2,1,wemedia_only,2,1,2023-01,1.0,0.0,0.0,0,0.0,0,0.0,0,0.0,0,0.0,0,0.0,0,0.0,1,1.0,0,0.0,0,0.0
童颜永在--心理医生,2,1,mainstream_only,5,2,2023-12,0.0,0.0,0.0,0,0.0,0,0.0,0,0.0,0,0.0,0,0.0,1,1.0,0,0.0,0,0.0,0,0.0
竹庄讲道,37,36,mainstream_only,16,21,2023-08,0.0,0.0,1.0,0,0.0,0,0.0,0,0.0,0,0.0,36,1.0,0,0.0,0,0.0,0,0.0,0,0.0
笔耕太行,4,3,no_media,0,3,2022-11,0.0,0.0,1.0,0,0.0,0,0.0,0,0.0,0,0.0,3,1.0,0,0.0,0,0.0,0,0.0,0,0.0
笛卡吾,2,1,wemedia_only,3,1,2023-02,0.0,0.0,1.0,0,0.0,0,0.0,0,0.0,0,0.0,1,1.0,0,0.0,0,0.0,0,0.0,0,0.0
笨笨是个有知识的好青年,2,1,no_media,5,2,2023-02,0.0,1.0,0.0,0,0.0,1,1.0,0,0.0,0,0.0,0,0.0,0,0.0,0,0.0,0,0.0,0,0.0
第1眼视频,3,2,no_media,0,3,2022-03,0.0,0.5,0.0,0,0.0,0,0.0,1,0.5,0,0.0,0,0.0,0,0.0,0,0.0,1,0.5,0,0.0
第一合肥,2,1,mainstream_only,1,2,2023-05,0.0,0.0,1.0,0,0.0,0,0.0,0,0.0,0,0.0,1,1.0,0,0.0,0,0.0,0,0.0,0,0.0
第一球迷胖哥,10,9,mainstream_only,2,10,2022-04,0.0,0.1111111111111111,0.6666666666666666,0,0.0,1,0.1111111111111111,0,0.0,0,0.0,6,0.6666666666666666,1,0.1111111111111111,0,0.0,1,0.1111111111111111,0,0.0
第一财经YiMagazine,5,4,no_media,0,5,2020-03,0.0,0.0,1.0,0,0.0,0,0.0,0,0.0,0,0.0,4,1.0,0,0.0,0,0.0,0,0.0,0,0.0
第一财经广播,5,4,no_media,0,5,2021-12,0.0,0.0,1.0,0,0.0,0,0.0,0,0.0,0,0.0,4,1.0,0,0.0,0,0.0,0,0.0,0,0.0
第三人造天堂,2,1,wemedia_only,3,2,2023-05,1.0,0.0,0.0,0,0.0,0,0.0,0,0.0,1,1.0,0,0.0,0,0.0,0,0.0,0,0.0,0,0.0
簌簌花微雨,3,2,wemedia_only,5,3,2023-08,0.5,0.5,0.0,0,0.0,1,0.5,0,0.0,1,0.5,0,0.0,0,0.0,0,0.0,0,0.0,0,0.0
米小贝壳,2,1,no_media,2,2,2023-02,0.0,0.0,0.0,0,0.0,0,0.0,0,0.0,0,0.0,0,0.0,1,1.0,0,0.0,0,0.0,0,0.0
米米油,2,1,mainstream_only,1,2,2023-02,0.0,1.0,0.0,0,0.0,1,1.0,0,0.0,0,0.0,0,0.0,0,0.0,0,0.0,0,0.0,0,0.0
类人幻觉体验师,2,1,wemedia_only,1,2,2023-04,0.0,0.0,0.0,1,1.0,0,0.0,0,0.0,0,0.0,0,0.0,0,0.0,0,0.0,0,0.0,0,0.0
精彩东方,3,2,no_media,12,3,2022-09,0.0,0.0,1.0,0,0.0,0,0.0,0,0.0,0,0.0,2,1.0,0,0.0,0,0.0,0,0.0,0,0.0
紫府求真,2,1,no_media,10,2,2023-09,0.0,0.0,1.0,0,0.0,0,0.0,0,0.0,0,0.0,1,1.0,0,0.0,0,0.0,0,0.0,0,0.0
红塔区发布,11,10,no_media,0,9,2022-05,0.0,0.0,1.0,0,0.0,0,0.0,0,0.0,0,0.0,10,1.0,0,0.0,0,0.0,0,0.0,0,0.0
红星新闻,32,31,no_media,0,31,2020-02,0.03225806451612903,0.03225806451612903,0.9354838709677419,0,0.0,1,0.03225806451612903,0,0.0,1,0.03225806451612903,29,0.9354838709677419,0,0.0,0,0.0,0,0.0,0,0.0
红星视频,11,10,no_media,0,11,2020-01,0.0,0.0,1.0,0,0.0,0,0.0,0,0.0,0,0.0,10,1.0,0,0.0,0,0.0,0,0.0,0,0.0
红星资本局,9,8,no_media,0,9,2022-01,0.0,0.0,1.0,0,0.0,0,0.0,0,0.0,0,0.0,8,1.0,0,0.0,0,0.0,0,0.0,0,0.0
红糖蒸糕,2,1,wemedia_only,1,2,2023-09,0.0,0.0,1.0,0,0.0,0,0.0,0,0.0,0,0.0,1,1.0,0,0.0,0,0.0,0,0.0,0,0.0
红色经典白,11,10,wemedia_only,11,5,2025-01,0.0,0.0,1.0,0,0.0,0,0.0,0,0.0,0,0.0,10,1.0,0,0.0,0,0.0,0,0.0,0,0.0
纵相新闻,8,7,no_media,0,8,2020-12,0.14285714285714285,0.14285714285714285,0.7142857142857143,0,0.0,1,0.14285714285714285,0,0.0,1,0.14285714285714285,5,0.7142857142857143,0,0.0,0,0.0,0,0.0,0,0.0
纶柒紗琉,4,3,wemedia_only,6,1,2020-03,0.0,0.0,1.0,0,0.0,0,0.0,0,0.0,0,0.0,3,1.0,0,0.0,0,0.0,0,0.0,0,0.0
绅士的喵月大人,2,1,mainstream_only,2,2,2023-12,0.0,0.0,1.0,0,0.0,0,0.0,0,0.0,0,0.0,1,1.0,0,0.0,0,0.0,0,0.0,0,0.0
细雨骑驴打滚,2,1,mainstream_only,2,2,2023-06,0.0,0.0,1.0,0,0.0,0,0.0,0,0.0,0,0.0,1,1.0,0,0.0,0,0.0,0,0.0,0,0.0
绍兴交警,3,2,no_media,0,3,2020-02,0.0,0.0,1.0,0,0.0,0,0.0,0,0.0,0,0.0,2,1.0,0,0.0,0,0.0,0,0.0,0,0.0
绍兴公安,4,3,no_media,1,4,2020-04,0.0,0.0,1.0,0,0.0,0,0.0,0,0.0,0,0.0,3,1.0,0,0.0,0,0.0,0,0.0,0,0.0
绍兴发布,2,1,mainstream_only,2,2,2023-02,0.0,0.0,1.0,0,0.0,0,0.0,0,0.0,0,0.0,1,1.0,0,0.0,0,0.0,0,0.0,0,0.0
绎萦在努力,2,1,no_media,3,2,2022-12,0.0,0.0,0.0,0,0.0,0,0.0,0,0.0,0,0.0,0,0.0,0,0.0,0,0.0,0,0.0,1,1.0
经济参考报,7,6,no_media,0,7,2022-05,0.0,0.0,1.0,0,0.0,0,0.0,0,0.0,0,0.0,6,1.0,0,0.0,0,0.0,0,0.0,0,0.0
经济日报,8,7,no_media,0,8,2021-08,0.0,0.0,1.0,0,0.0,0,0.0,0,0.0,0,0.0,7,1.0,0,0.0,0,0.0,0,0.0,0,0.0
经纬航空医疗OAMA,2,1,no_media,0,2,2023-03,0.0,0.0,1.0,0,0.0,0,0.0,0,0.0,0,0.0,1,1.0,0,0.0,0,0.0,0,0.0,0,0.0
绥阳人民检察,2,1,no_media,0,2,2023-01,0.0,0.0,1.0,0,0.0,0,0.0,0,0.0,0,0.0,1,1.0,0,0.0,0,0.0,0,0.0,0,0.0
绥阳检察院,8,7,no_media,0,7,2022-03,0.0,0.0,1.0,0,0.0,0,0.0,0,0.0,0,0.0,7,1.0,0,0.0,0,0.0,0,0.0,0,0.0
绪刚观天,6,5,no_media,0,6,2017-11,0.0,0.0,1.0,0,0.0,0,0.0,0,0.0,0,0.0,5,1.0,0,0.0,0,0.0,0,0.0,0,0.0
维卡斯啦啦啦啦啦,8,7,wemedia_only,12,8,2023-02,0.14285714285714285,0.14285714285714285,0.0,1,0.14285714285714285,0,0.0,1,0.14285714285714285,1,0.14285714285714285,0,0.0,1,0.14285714285714285,0,0.0,2,0.2857142857142857,1,0.14285714285714285
维维滴豆奶么么哒,7,6,dual,13,7,2023-06,0.16666666666666666,0.16666666666666666,0.6666666666666666,0,0.0,1,0.16666666666666666,0,0.0,1,0.16666666666666666,4,0.6666666666666666,0,0.0,0,0.0,0,0.0,0,0.0
绵阳公安交警,2,1,no_media,0,2,2022-10,0.0,0.0,1.0,0,0.0,0,0.0,0,0.0,0,0.0,1,1.0,0,0.0,0,0.0,0,0.0,0,0.0
绿洲猎鹰,3,2,wemedia_only,1,3,2023-04,0.5,0.0,0.0,1,0.5,0,0.0,0,0.0,1,0.5,0,0.0,0,0.0,0,0.0,0,0.0,0,0.0
绿绿绿绿绿绿子greenjade,3,2,mainstream_only,4,2,2023-03,0.0,0.5,0.0,1,0.5,1,0.5,0,0.0,0,0.0,0,0.0,0,0.0,0,0.0,0,0.0,0,0.0
缝缝补补又壹年,2,1,no_media,0,2,2023-08,0.0,0.0,1.0,0,0.0,0,0.0,0,0.0,0,0.0,1,1.0,0,0.0,0,0.0,0,0.0,0,0.0
网人君剑,2,1,wemedia_only,1,2,2024-12,0.0,1.0,0.0,0,0.0,1,1.0,0,0.0,0,0.0,0,0.0,0,0.0,0,0.0,0,0.0,0,0.0
罗百竹,43,42,wemedia_only,13,41,2021-11,0.023809523809523808,0.023809523809523808,0.8571428571428571,0,0.0,1,0.023809523809523808,0,0.0,1,0.023809523809523808,36,0.8571428571428571,2,0.047619047619047616,0,0.0,2,0.047619047619047616,0,0.0
羊城晚报,25,24,no_media,0,22,2017-01,0.0,0.0,0.9583333333333334,0,0.0,0,0.0,0,0.0,0,0.0,23,0.9583333333333334,0,0.0,0,0.0,1,0.041666666666666664,0,0.0
羊城晚报金羊网,40,39,no_media,0,35,2020-02,0.0,0.0,1.0,0,0.0,0,0.0,0,0.0,0,0.0,39,1.0,0,0.0,0,0.0,0,0.0,0,0.0
羊城派,12,11,no_media,0,12,2020-02,0.0,0.0,1.0,0,0.0,0,0.0,0,0.0,0,0.0,11,1.0,0,0.0,0,0.0,0,0.0,0,0.0
美东侨报,2,1,no_media,0,2,2022-10,0.0,0.0,1.0,0,0.0,0,0.0,0,0.0,0,0.0,1,1.0,0,0.0,0,0.0,0,0.0,0,0.0
美国侨报网,47,46,no_media,0,45,2020-03,0.08695652173913043,0.08695652173913043,0.8260869565217391,0,0.0,4,0.08695652173913043,0,0.0,4,0.08695652173913043,38,0.8260869565217391,0,0.0,0,0.0,0,0.0,0,0.0
美国侨报网视频,10,9,no_media,0,10,2021-01,0.0,0.0,1.0,0,0.0,0,0.0,0,0.0,0,0.0,9,1.0,0,0.0,0,0.0,0,0.0,0,0.0
美国医级资源_Sonmore,8,7,wemedia_only,8,8,2022-10,0.0,0.0,1.0,0,0.0,0,0.0,0,0.0,0,0.0,7,1.0,0,0.0,0,0.0,0,0.0,0,0.0
美域康MiracleCells,16,15,no_media,0,14,2023-05,0.0,0.0,1.0,0,0.0,0,0.0,0,0.0,0,0.0,15,1.0,0,0.0,0,0.0,0,0.0,0,0.0
美好滁州,15,14,no_media,0,15,2020-02,0.0,0.0,1.0,0,0.0,0,0.0,0,0.0,0,0.0,14,1.0,0,0.0,0,0.0,0,0.0,0,0.0
美好的圆溜溜,54,53,wemedia_only,1,41,2023-02,0.05660377358490566,0.05660377358490566,0.7735849056603774,0,0.0,3,0.05660377358490566,0,0.0,3,0.05660377358490566,41,0.7735849056603774,3,0.05660377358490566,0,0.0,3,0.05660377358490566,0,0.0
美帝花凌g2了没,3,2,wemedia_only,2,3,2023-10,0.0,0.0,1.0,0,0.0,0,0.0,0,0.0,0,0.0,2,1.0,0,0.0,0,0.0,0,0.0,0,0.0
群众新闻网,15,14,no_media,0,14,2020-02,0.0,0.0,1.0,0,0.0,0,0.0,0,0.0,0,0.0,14,1.0,0,0.0,0,0.0,0,0.0,0,0.0
羽族皇子15u,3,2,wemedia_only,4,1,2020-03,0.0,0.0,1.0,0,0.0,0,0.0,0,0.0,0,0.0,2,1.0,0,0.0,0,0.0,0,0.0,0,0.0
翟峰搞清这世界,9,8,wemedia_only,9,9,2022-07,0.125,0.125,0.25,1,0.125,1,0.125,0,0.0,0,0.0,2,0.25,1,0.125,1,0.125,1,0.125,1,0.125
翠峰Cuifeng,2,1,no_media,2,2,2023-06,0.0,0.0,1.0,0,0.0,0,0.0,0,0.0,0,0.0,1,1.0,0,0.0,0,0.0,0,0.0,0,0.0
翻译硕士考研网,2,1,wemedia_only,1,2,2023-10,0.0,0.0,1.0,0,0.0,0,0.0,0,0.0,0,0.0,1,1.0,0,0.0,0,0.0,0,0.0,0,0.0
翾野居,4,3,mainstream_only,4,4,2023-02,0.3333333333333333,0.3333333333333333,0.0,0,0.0,1,0.3333333333333333,0,0.0,0,0.0,0,0.0,1,0.3333333333333333,1,0.3333333333333333,0,0.0,0,0.0
耀眼多温,7,6,wemedia_only,1,7,2023-04,0.3333333333333333,0.5,0.0,0,0.0,3,0.5,0,0.0,1,0.16666666666666666,0,0.0,1,0.16666666666666666,1,0.16666666666666666,0,0.0,0,0.0
老牟的微博,2,1,mainstream_only,1,2,2023-05,0.0,0.0,0.0,1,1.0,0,0.0,0,0.0,0,0.0,0,0.0,0,0.0,0,0.0,0,0.0,0,0.0
老莊孫子吴氏唠,2,1,no_media,1,2,2022-11,0.0,0.0,1.0,0,0.0,0,0.0,0,0.0,0,0.0,1,1.0,0,0.0,0,0.0,0,0.0,0,0.0
而立之人81,3,2,dual,5,3,2023-02,0.5,0.0,0.0,1,0.5,0,0.0,0,0.0,1,0.5,0,0.0,0,0.0,0,0.0,0,0.0,0,0.0
联合国新闻中心,16,15,no_media,0,16,2021-02,0.0,0.0,1.0,0,0.0,0,0.0,0,0.0,0,0.0,15,1.0,0,0.0,0,0.0,0,0.0,0,0.0
股行人生,2,1,wemedia_only,4,2,2023-02,0.0,0.0,0.0,0,0.0,0,0.0,0,0.0,0,0.0,0,0.0,0,0.0,0,0.0,0,0.0,1,1.0
股道酬勤LRY,5,4,no_media,0,5,2020-03,0.0,0.0,1.0,0,0.0,0,0.0,0,0.0,0,0.0,4,1.0,0,0.0,0,0.0,0,0.0,0,0.0
肥肥小炸虾,10,9,wemedia_only,8,10,2023-08,0.2222222222222222,0.1111111111111111,0.5555555555555556,0,0.0,0,0.0,1,0.1111111111111111,2,0.2222222222222222,5,0.5555555555555556,0,0.0,0,0.0,1,0.1111111111111111,0,0.0
育儿专家-王玉玮,2,1,wemedia_only,7,1,2022-12,0.0,0.0,1.0,0,0.0,0,0.0,0,0.0,0,0.0,1,1.0,0,0.0,0,0.0,0,0.0,0,0.0
育儿专家张思莱,3,2,mainstream_only,4,3,2020-02,0.0,0.0,1.0,0,0.0,0,0.0,0,0.0,0,0.0,2,1.0,0,0.0,0,0.0,0,0.0,0,0.0
肺你莫属Rocky,2,1,no_media,0,2,2023-08,0.0,0.0,1.0,0,0.0,0,0.0,0,0.0,0,0.0,1,1.0,0,0.0,0,0.0,0,0.0,0,0.0
胖书虫2008,4,3,wemedia_only,6,4,2023-02,0.0,0.3333333333333333,0.6666666666666666,0,0.0,1,0.3333333333333333,0,0.0,0,0.0,2,0.6666666666666666,0,0.0,0,0.0,0,0.0,0,0.0
胖胖Grenouille,4,3,wemedia_only,1,4,2023-04,0.3333333333333333,0.3333333333333333,0.0,0,0.0,0,0.0,1,0.3333333333333333,1,0.3333333333333333,0,0.0,0,0.0,0,0.0,1,0.3333333333333333,0,0.0
胡思乱想的花,5,4,mainstream_only,13,5,2022-12,0.25,0.5,0.0,1,0.25,2,0.5,0,0.0,1,0.25,0,0.0,0,0.0,0,0.0,0,0.0,0,0.0
胶佬WJ,9,8,mainstream_only,11,9,2023-02,0.25,0.25,0.375,1,0.125,2,0.25,0,0.0,2,0.25,3,0.375,0,0.0,0,0.0,0,0.0,0,0.0
胸口碎大石呀,7,6,no_media,0,6,2022-09,0.0,0.16666666666666666,0.0,5,0.8333333333333334,1,0.16666666666666666,0,0.0,0,0.0,0,0.0,0,0.0,0,0.0,0,0.0,0,0.0
腻莫似吧,2,1,no_media,0,1,2022-12,0.0,0.0,0.0,0,0.0,0,0.0,0,0.0,0,0.0,0,0.0,1,1.0,0,0.0,0,0.0,0,0.0
自话财经,2,1,no_media,0,2,2022-11,0.0,0.0,1.0,0,0.0,0,0.0,0,0.0,0,0.0,1,1.0,0,0.0,0,0.0,0,0.0,0,0.0
船新小白,2,1,mainstream_only,1,2,2024-10,1.0,0.0,0.0,0,0.0,0,0.0,0,0.0,1,1.0,0,0.0,0,0.0,0,0.0,0,0.0,0,0.0
艾洛梦游记,6,5,wemedia_only,2,1,2020-03,0.0,0.0,1.0,0,0.0,0,0.0,0,0.0,0,0.0,5,1.0,0,0.0,0,0.0,0,0.0,0,0.0
芜湖弋江检察,2,1,no_media,0,2,2021-04,0.0,0.0,1.0,0,0.0,0,0.0,0,0.0,0,0.0,1,1.0,0,0.0,0,0.0,0,0.0,0,0.0
芜湖检察,2,1,no_media,0,2,2020-02,0.0,0.0,1.0,0,0.0,0,0.0,0,0.0,0,0.0,1,1.0,0,0.0,0,0.0,0,0.0,0,0.0
芦小果同学,2,1,no_media,0,2,2023-01,1.0,0.0,0.0,0,0.0,0,0.0,0,0.0,0,0.0,0,0.0,0,0.0,1,1.0,0,0.0,0,0.0
花姐聊宫颈,3,2,no_media,0,2,2023-01,0.0,0.5,0.0,0,0.0,0,0.0,1,0.5,0,0.0,0,0.0,0,0.0,0,0.0,1,0.5,0,0.0
花开邹平耿宏业,2,1,wemedia_only,2,1,2023-02,0.0,0.0,1.0,0,0.0,0,0.0,0,0.0,0,0.0,1,1.0,0,0.0,0,0.0,0,0.0,0,0.0
苍苍蒹葭永忆故乡,2,1,wemedia_only,6,2,2024-08,0.0,0.0,1.0,0,0.0,0,0.0,0,0.0,0,0.0,1,1.0,0,0.0,0,0.0,0,0.0,0,0.0
若vs衡,2,1,wemedia_only,3,2,2022-12,0.0,0.0,0.0,0,0.0,0,0.0,0,0.0,0,0.0,0,0.0,0,0.0,0,0.0,1,1.0,0,0.0
英之cai,6,5,mainstream_only,8,5,2023-03,0.0,0.0,1.0,0,0.0,0,0.0,0,0.0,0,0.0,5,1.0,0,0.0,0,0.0,0,0.0,0,0.0
英国Cytoplan营养补充品,2,1,no_media,2,2,2023-01,0.0,0.0,1.0,0,0.0,0,0.0,0,0.0,0,0.0,1,1.0,0,0.0,0,0.0,0,0.0,0,0.0
英国长颈鹿,3,2,no_media,0,3,2022-07,0.0,0.0,1.0,0,0.0,0,0.0,0,0.0,0,0.0,2,1.0,0,0.0,0,0.0,0,0.0,0,0.0
苹果肖肖樂,2,1,wemedia_only,2,1,2020-03,0.0,0.0,1.0,0,0.0,0,0.0,0,0.0,0,0.0,1,1.0,0,0.0,0,0.0,0,0.0,0,0.0
茉莉茉莉1989,2,1,wemedia_only,2,2,2023-08,1.0,0.0,0.0,0,0.0,0,0.0,0,0.0,1,1.0,0,0.0,0,0.0,0,0.0,0,0.0,0,0.0
茫茫本尊,2,1,dual,12,1,2023-02,0.0,0.0,0.0,0,0.0,0,0.0,0,0.0,0,0.0,0,0.0,0,0.0,0,0.0,0,0.0,1,1.0
茶馆论道,5,4,no_media,0,5,2021-02,0.0,0.25,0.75,0,0.0,1,0.25,0,0.0,0,0.0,3,0.75,0,0.0,0,0.0,0,0.0,0,0.0
荆州发布,2,1,no_media,0,2,2020-06,0.0,0.0,1.0,0,0.0,0,0.0,0,0.0,0,0.0,1,1.0,0,0.0,0,0.0,0,0.0,0,0.0
荆楚网,22,21,no_media,0,21,2017-06,0.0,0.0,1.0,0,0.0,0,0.0,0,0.0,0,0.0,21,1.0,0,0.0,0,0.0,0,0.0,0,0.0
荆门发布,6,5,no_media,0,6,2021-08,0.0,0.0,1.0,0,0.0,0,0.0,0,0.0,0,0.0,5,1.0,0,0.0,0,0.0,0,0.0,0,0.0
荆门广播电视台,5,4,no_media,0,5,2020-03,0.0,0.0,1.0,0,0.0,0,0.0,0,0.0,0,0.0,4,1.0,0,0.0,0,0.0,0,0.0,0,0.0
草莓味的山楂酱,3,2,mainstream_only,1,3,2022-03,0.0,0.0,1.0,0,0.0,0,0.0,0,0.0,0,0.0,2,1.0,0,0.0,0,0.0,0,0.0,0,0.0
荔枝新闻,33,32,no_media,0,33,2020-02,0.0,0.0,1.0,0,0.0,0,0.0,0,0.0,0,0.0,32,1.0,0,0.0,0,0.0,0,0.0,0,0.0
荔枝网,4,3,no_media,0,4,2021-07,0.0,0.0,1.0,0,0.0,0,0.0,0,0.0,0,0.0,3,1.0,0,0.0,0,0.0,0,0.0,0,0.0
荔直播,13,12,no_media,0,13,2021-03,0.0,0.0,1.0,0,0.0,0,0.0,0,0.0,0,0.0,12,1.0,0,0.0,0,0.0,0,0.0,0,0.0
荣耀西安网,4,3,no_media,0,4,2020-02,0.0,0.0,1.0,0,0.0,0,0.0,0,0.0,0,0.0,3,1.0,0,0.0,0,0.0,0,0.0,0,0.0
药子陌,17,16,wemedia_only,4,16,2022-12,0.0,0.0,1.0,0,0.0,0,0.0,0,0.0,0,0.0,16,1.0,0,0.0,0,0.0,0,0.0,0,0.0
药师驾到助健康,2,1,wemedia_only,1,1,2022-12,0.0,0.0,1.0,0,0.0,0,0.0,0,0.0,0,0.0,1,1.0,0,0.0,0,0.0,0,0.0,0,0.0
荷香物语,3,2,dual,5,3,2023-04,0.0,0.0,0.0,0,0.0,0,0.0,0,0.0,0,0.0,0,0.0,1,0.5,0,0.0,1,0.5,0,0.0
莘县融媒体中心,3,2,mainstream_only,2,3,2023-05,0.0,0.0,1.0,0,0.0,0,0.0,0,0.0,0,0.0,2,1.0,0,0.0,0,0.0,0,0.0,0,0.0
莫哭莫闹,6,5,no_media,0,6,2022-12,0.0,0.2,0.0,1,0.2,0,0.0,1,0.2,0,0.0,0,0.0,0,0.0,0,0.0,0,0.0,3,0.6
莫雨轩C,2,1,wemedia_only,4,2,2023-12,0.0,1.0,0.0,0,0.0,1,1.0,0,0.0,0,0.0,0,0.0,0,0.0,0,0.0,0,0.0,0,0.0
莴苣与土豆,2,1,mainstream_only,2,2,2024-10,0.0,0.0,0.0,1,1.0,0,0.0,0,0.0,0,0.0,0,0.0,0,0.0,0,0.0,0,0.0,0,0.0
菁铮,2,1,wemedia_only,2,2,2023-03,0.0,0.0,0.0,0,0.0,0,0.0,0,0.0,0,0.0,0,0.0,0,0.0,0,0.0,0,0.0,1,1.0
菲小象,4,3,mainstream_only,4,3,2023-03,0.0,0.0,0.0,0,0.0,0,0.0,0,0.0,0,0.0,0,0.0,0,0.0,0,0.0,0,0.0,3,1.0
萌涼兒,3,2,wemedia_only,3,3,2023-03,0.5,0.0,0.0,1,0.5,0,0.0,0,0.0,0,0.0,0,0.0,0,0.0,1,0.5,0,0.0,0,0.0
萍妤33,2,1,no_media,0,2,2023-12,0.0,0.0,0.0,0,0.0,0,0.0,0,0.0,0,0.0,0,0.0,0,0.0,0,0.0,1,1.0,0,0.0
营养师_梅梅老师,3,2,wemedia_only,1,3,2024-05,0.5,0.5,0.0,0,0.0,1,0.5,0,0.0,1,0.5,0,0.0,0,0.0,0,0.0,0,0.0,0,0.0
营养师刘遂谦,2,1,no_media,2,2,2023-01,0.0,0.0,1.0,0,0.0,0,0.0,0,0.0,0,0.0,1,1.0,0,0.0,0,0.0,0,0.0,0,0.0
萧亚轩新男朋友是谁,2,1,no_media,0,2,2022-10,0.0,1.0,0.0,0,0.0,0,0.0,1,1.0,0,0.0,0,0.0,0,0.0,0,0.0,0,0.0,0,0.0
萧山发布,2,1,no_media,0,2,2020-03,0.0,0.0,1.0,0,0.0,0,0.0,0,0.0,0,0.0,1,1.0,0,0.0,0,0.0,0,0.0,0,0.0
著名酒后表脸艺术家,3,2,wemedia_only,2,2,2024-02,0.5,0.0,0.0,1,0.5,0,0.0,0,0.0,1,0.5,0,0.0,0,0.0,0,0.0,0,0.0,0,0.0
葬剑叹箫心,12,11,wemedia_only,10,12,2024-08,0.18181818181818182,0.18181818181818182,0.45454545454545453,1,0.09090909090909091,2,0.18181818181818182,0,0.0,1,0.09090909090909091,5,0.45454545454545453,1,0.09090909090909091,1,0.09090909090909091,0,0.0,0,0.0
葱油拌面2010,3,2,mainstream_only,2,3,2023-03,0.0,0.5,0.5,0,0.0,1,0.5,0,0.0,0,0.0,1,0.5,0,0.0,0,0.0,0,0.0,0,0.0
蒙味始觉,7,6,wemedia_only,20,7,2022-08,0.16666666666666666,0.16666666666666666,0.6666666666666666,0,0.0,1,0.16666666666666666,0,0.0,1,0.16666666666666666,4,0.6666666666666666,0,0.0,0,0.0,0,0.0,0,0.0
蓝帆小蓝,28,27,wemedia_only,2,26,2023-05,0.18518518518518517,0.18518518518518517,0.6296296296296297,0,0.0,5,0.18518518518518517,0,0.0,5,0.18518518518518517,17,0.6296296296296297,0,0.0,0,0.0,0,0.0,0,0.0
蓝花甜甜,2,1,mainstream_only,4,2,2023-08,0.0,0.0,1.0,0,0.0,0,0.0,0,0.0,0,0.0,1,1.0,0,0.0,0,0.0,0,0.0,0,0.0
蔚蓝森林公园,2,1,wemedia_only,3,2,2023-01,0.0,0.0,1.0,0,0.0,0,0.0,0,0.0,0,0.0,1,1.0,0,0.0,0,0.0,0,0.0,0,0.0
蔡子博士,5,4,no_media,0,4,2021-11,0.0,0.0,1.0,0,0.0,0,0.0,0,0.0,0,0.0,4,1.0,0,0.0,0,0.0,0,0.0,0,0.0
薏米薏米酱_,4,3,wemedia_only,6,1,2020-03,0.0,0.0,1.0,0,0.0,0,0.0,0,0.0,0,0.0,3,1.0,0,0.0,0,0.0,0,0.0,0,0.0
虎座鸟,12,11,no_media,0,12,2020-12,0.0,0.0,1.0,0,0.0,0,0.0,0,0.0,0,0.0,11,1.0,0,0.0,0,0.0,0,0.0,0,0.0
蚌埠日报,14,13,no_media,0,13,2020-02,0.0,0.0,1.0,0,0.0,0,0.0,0,0.0,0,0.0,13,1.0,0,0.0,0,0.0,0,0.0,0,0.0
蚌埠检察,7,6,no_media,0,7,2020-03,0.0,0.0,1.0,0,0.0,0,0.0,0,0.0,0,0.0,6,1.0,0,0.0,0,0.0,0,0.0,0,0.0
蜜柚春日酒,2,1,wemedia_only,4,1,2020-03,0.0,0.0,1.0,0,0.0,0,0.0,0,0.0,0,0.0,1,1.0,0,0.0,0,0.0,0,0.0,0,0.0
蜜桃奶茨·,2,1,mainstream_only,2,2,2023-06,0.0,0.0,1.0,0,0.0,0,0.0,0,0.0,0,0.0,1,1.0,0,0.0,0,0.0,0,0.0,0,0.0
蜜桃莓莓摇摇冰,2,1,wemedia_only,2,1,2020-03,0.0,0.0,1.0,0,0.0,0,0.0,0,0.0,0,0.0,1,1.0,0,0.0,0,0.0,0,0.0,0,0.0
蠡溪青莲,5,4,mainstream_only,6,5,2023-04,0.25,0.25,0.5,0,0.0,1,0.25,0,0.0,1,0.25,2,0.5,0,0.0,0,0.0,0,0.0,0,0.0
行动的苍鹰,4,3,mainstream_only,2,4,2023-03,0.3333333333333333,0.0,0.3333333333333333,0,0.0,0,0.0,0,0.0,1,0.3333333333333333,1,0.3333333333333333,0,0.0,0,0.0,1,0.3333333333333333,0,0.0
袅袅水芝红nnszh,8,7,mainstream_only,1,7,2022-12,0.2857142857142857,0.42857142857142855,0.14285714285714285,1,0.14285714285714285,2,0.2857142857142857,1,0.14285714285714285,1,0.14285714285714285,1,0.14285714285714285,0,0.0,1,0.14285714285714285,0,0.0,0,0.0
被_的菌菇,2,1,mainstream_only,1,2,2023-06,0.0,0.0,1.0,0,0.0,0,0.0,0,0.0,0,0.0,1,1.0,0,0.0,0,0.0,0,0.0,0,0.0
被动发财躺赢人生就是我,8,7,mainstream_only,7,8,2023-08,0.2857142857142857,0.14285714285714285,0.5714285714285714,0,0.0,1,0.14285714285714285,0,0.0,2,0.2857142857142857,4,0.5714285714285714,0,0.0,0,0.0,0,0.0,0,0.0
被辐射的女拖拉机手,5,4,wemedia_only,4,5,2023-05,0.0,0.0,1.0,0,0.0,0,0.0,0,0.0,0,0.0,4,1.0,0,0.0,0,0.0,0,0.0,0,0.0
西北偏东南2020,4,3,mainstream_only,6,3,2023-06,0.0,0.0,1.0,0,0.0,0,0.0,0,0.0,0,0.0,3,1.0,0,0.0,0,0.0,0,0.0,0,0.0
西固发布,8,7,no_media,0,8,2021-07,0.0,0.0,1.0,0,0.0,0,0.0,0,0.0,0,0.0,7,1.0,0,0.0,0,0.0,0,0.0,0,0.0
西墨西墨,3,2,no_media,3,3,2023-01,0.0,0.0,0.0,0,0.0,0,0.0,0,0.0,0,0.0,0,0.0,0,0.0,0,0.0,0,0.0,2,1.0
西宁晚报官方微博,15,14,no_media,0,14,2020-03,0.0,0.0,1.0,0,0.0,0,0.0,0,0.0,0,0.0,14,1.0,0,0.0,0,0.0,0,0.0,0,0.0
西安市红会医院官微,2,1,no_media,0,1,2022-03,0.0,0.0,1.0,0,0.0,0,0.0,0,0.0,0,0.0,1,1.0,0,0.0,0,0.0,0,0.0,0,0.0
西安广播电视台,54,53,no_media,0,50,2019-01,0.0,0.0,1.0,0,0.0,0,0.0,0,0.0,0,0.0,53,1.0,0,0.0,0,0.0,0,0.0,0,0.0
西安新闻网,55,54,no_media,0,48,2022-01,0.0,0.0,1.0,0,0.0,0,0.0,0,0.0,0,0.0,54,1.0,0,0.0,0,0.0,0,0.0,0,0.0
西安晚报,49,48,no_media,0,46,2020-06,0.0,0.0,1.0,0,0.0,0,0.0,0,0.0,0,0.0,48,1.0,0,0.0,0,0.0,0,0.0,0,0.0
西安校园学长,5,4,no_media,0,4,2020-02,0.25,0.25,0.5,0,0.0,1,0.25,0,0.0,1,0.25,2,0.5,0,0.0,0,0.0,0,0.0,0,0.0
西安检察,2,1,mainstream_only,4,2,2020-03,0.0,0.0,1.0,0,0.0,0,0.0,0,0.0,0,0.0,1,1.0,0,0.0,0,0.0,0,0.0,0,0.0
西安网,55,54,no_media,0,52,2018-11,0.0,0.0,1.0,0,0.0,0,0.0,0,0.0,0,0.0,54,1.0,0,0.0,0,0.0,0,0.0,0,0.0
西安网络广播电视台,53,52,no_media,0,48,2020-03,0.0,0.0,1.0,0,0.0,0,0.0,0,0.0,0,0.0,52,1.0,0,0.0,0,0.0,0,0.0,0,0.0
西山不可刘,3,2,wemedia_only,5,3,2023-12,0.0,0.0,1.0,0,0.0,0,0.0,0,0.0,0,0.0,2,1.0,0,0.0,0,0.0,0,0.0,0,0.0
西海都市报官方微博,30,29,no_media,0,28,2020-02,0.0,0.0,1.0,0,0.0,0,0.0,0,0.0,0,0.0,29,1.0,0,0.0,0,0.0,0,0.0,0,0.0
西藏日报,2,1,no_media,0,2,2022-12,0.0,0.0,1.0,0,0.0,0,0.0,0,0.0,0,0.0,1,1.0,0,0.0,0,0.0,0,0.0,0,0.0
西部大开发杂志,29,28,no_media,0,18,2020-02,0.03571428571428571,0.03571428571428571,0.9285714285714286,0,0.0,1,0.03571428571428571,0,0.0,1,0.03571428571428571,26,0.9285714285714286,0,0.0,0,0.0,0,0.0,0,0.0
西部法制报,12,11,no_media,0,10,2020-02,0.0,0.0,1.0,0,0.0,0,0.0,0,0.0,0,0.0,11,1.0,0,0.0,0,0.0,0,0.0,0,0.0
西部网,40,39,no_media,0,29,2021-02,0.0,0.0,1.0,0,0.0,0,0.0,0,0.0,0,0.0,39,1.0,0,0.0,0,0.0,0,0.0,0,0.0
西铁资讯,2,1,no_media,27,1,2022-03,0.0,0.0,1.0,0,0.0,0,0.0,0,0.0,0,0.0,1,1.0,0,0.0,0,0.0,0,0.0,0,0.0
要改正要学好,13,12,dual,30,13,2023-09,0.25,0.25,0.4166666666666667,0,0.0,3,0.25,0,0.0,3,0.25,5,0.4166666666666667,1,0.08333333333333333,0,0.0,0,0.0,0,0.0
见识财经,2,1,mainstream_only,1,2,2023-03,0.0,0.0,1.0,0,0.0,0,0.0,0,0.0,0,0.0,1,1.0,0,0.0,0,0.0,0,0.0,0,0.0
观云见月,2,1,mainstream_only,2,2,2023-06,0.0,0.0,1.0,0,0.0,0,0.0,0,0.0,0,0.0,1,1.0,0,0.0,0,0.0,0,0.0,0,0.0
观察者网,63,62,no_media,0,45,2022-06,0.0,0.016129032258064516,0.9838709677419355,0,0.0,1,0.016129032258064516,0,0.0,0,0.0,61,0.9838709677419355,0,0.0,0,0.0,0,0.0,0,0.0
观察者网微丢视频,4,3,no_media,0,4,2020-04,0.0,0.0,1.0,0,0.0,0,0.0,0,0.0,0,0.0,3,1.0,0,0.0,0,0.0,0,0.0,0,0.0
观察者网新闻客户端,6,5,no_media,0,6,2020-01,0.2,0.0,0.8,0,0.0,0,0.0,0,0.0,1,0.2,4,0.8,0,0.0,0,0.0,0,0.0,0,0.0
观自在悟如来,4,3,mainstream_only,4,1,2023-02,0.0,0.0,1.0,0,0.0,0,0.0,0,0.0,0,0.0,3,1.0,0,0.0,0,0.0,0,0.0,0,0.0
观谨,2,1,wemedia_only,4,2,2023-06,0.0,0.0,1.0,0,0.0,0,0.0,0,0.0,0,0.0,1,1.0,0,0.0,0,0.0,0,0.0,0,0.0
解放日报,30,29,no_media,0,27,2020-03,0.0,0.0,1.0,0,0.0,0,0.0,0,0.0,0,0.0,29,1.0,0,0.0,0,0.0,0,0.0,0,0.0
言安堂,3,2,no_media,0,3,2023-01,0.0,0.0,1.0,0,0.0,0,0.0,0,0.0,0,0.0,2,1.0,0,0.0,0,0.0,0,0.0,0,0.0
认真的吉吉,3,2,wemedia_only,3,3,2024-06,0.0,0.0,1.0,0,0.0,0,0.0,0,0.0,0,0.0,2,1.0,0,0.0,0,0.0,0,0.0,0,0.0
让我们唱一首锡安的歌吧,2,1,no_media,5,2,2022-12,0.0,0.0,0.0,0,0.0,0,0.0,0,0.0,0,0.0,0,0.0,0,0.0,0,0.0,0,0.0,1,1.0
让我發啦,3,2,wemedia_only,2,3,2023-02,0.5,0.0,0.5,0,0.0,0,0.0,0,0.0,1,0.5,1,0.5,0,0.0,0,0.0,0,0.0,0,0.0
许住琪KiKi,2,1,wemedia_only,2,1,2022-03,0.0,1.0,0.0,0,0.0,1,1.0,0,0.0,0,0.0,0,0.0,0,0.0,0,0.0,0,0.0,0,0.0
许昌政府网,2,1,no_media,0,2,2020-02,0.0,0.0,1.0,0,0.0,0,0.0,0,0.0,0,0.0,1,1.0,0,0.0,0,0.0,0,0.0,0,0.0
许昌日报,12,11,no_media,0,12,2021-02,0.0,0.0,1.0,0,0.0,0,0.0,0,0.0,0,0.0,11,1.0,0,0.0,0,0.0,0,0.0,0,0.0
证券日报之声,9,8,no_media,0,9,2020-02,0.0,0.0,1.0,0,0.0,0,0.0,0,0.0,0,0.0,8,1.0,0,0.0,0,0.0,0,0.0,0,0.0
证券时报e公司,2,1,no_media,0,2,2022-09,0.0,0.0,1.0,0,0.0,0,0.0,0,0.0,0,0.0,1,1.0,0,0.0,0,0.0,0,0.0,0,0.0
诗莉TzeLay,4,3,no_media,0,4,2022-02,0.0,0.0,1.0,0,0.0,0,0.0,0,0.0,0,0.0,3,1.0,0,0.0,0,0.0,0,0.0,0,0.0
诚顺和中医馆女科病诊治调理中心,3,2,mainstream_only,1,3,2023-02,0.5,0.0,0.5,0,0.0,0,0.0,0,0.0,1,0.5,1,0.5,0,0.0,0,0.0,0,0.0,0,0.0
话匣子FM,6,5,no_media,0,6,2020-03,0.0,0.0,1.0,0,0.0,0,0.0,0,0.0,0,0.0,5,1.0,0,0.0,0,0.0,0,0.0,0,0.0
话说三秦,2,1,wemedia_only,2,2,2022-03,0.0,0.0,1.0,0,0.0,0,0.0,0,0.0,0,0.0,1,1.0,0,0.0,0,0.0,0,0.0,0,0.0
诞诞旦,2,1,wemedia_only,2,2,2022-03,0.0,0.0,1.0,0,0.0,0,0.0,0,0.0,0,0.0,1,1.0,0,0.0,0,0.0,0,0.0,0,0.0
说是改昵称才能看到发出的评论,11,10,wemedia_only,10,11,2023-02,0.2,0.1,0.6,1,0.1,1,0.1,0,0.0,2,0.2,6,0.6,0,0.0,0,0.0,0,0.0,0,0.0
请你看好说明书,7,6,wemedia_only,5,4,2023-08,0.3333333333333333,0.16666666666666666,0.16666666666666666,2,0.3333333333333333,1,0.16666666666666666,0,0.0,2,0.3333333333333333,1,0.16666666666666666,0,0.0,0,0.0,0,0.0,0,0.0
谢大海的生活,2,1,no_media,0,2,2023-01,0.0,0.0,0.0,0,0.0,0,0.0,0,0.0,0,0.0,0,0.0,0,0.0,0,0.0,0,0.0,1,1.0
谢耘,7,6,mainstream_only,5,7,2023-02,0.16666666666666666,0.16666666666666666,0.6666666666666666,0,0.0,1,0.16666666666666666,0,0.0,1,0.16666666666666666,4,0.6666666666666666,0,0.0,0,0.0,0,0.0,0,0.0
谷妙极,3,2,mainstream_only,3,3,2023-02,0.0,0.5,0.5,0,0.0,1,0.5,0,0.0,0,0.0,1,0.5,0,0.0,0,0.0,0,0.0,0,0.0
豬仔錢罌,2,1,wemedia_only,1,2,2023-05,0.0,0.0,1.0,0,0.0,0,0.0,0,0.0,0,0.0,1,1.0,0,0.0,0,0.0,0,0.0,0,0.0
貔恘移山,11,10,mainstream_only,8,11,2023-04,0.1,0.2,0.6,0,0.0,2,0.2,0,0.0,1,0.1,6,0.6,1,0.1,0,0.0,0,0.0,0,0.0
贝勒王·,5,4,mainstream_only,10,5,2023-02,0.25,0.25,0.25,1,0.25,1,0.25,0,0.0,1,0.25,1,0.25,0,0.0,0,0.0,0,0.0,0,0.0
贝壳螺旋,5,4,wemedia_only,8,5,2023-11,0.25,0.0,0.5,1,0.25,0,0.0,0,0.0,1,0.25,2,0.5,0,0.0,0,0.0,0,0.0,0,0.0
财入门,5,4,mainstream_only,2,5,2023-03,0.0,0.0,0.75,0,0.0,0,0.0,0,0.0,0,0.0,3,0.75,0,0.0,0,0.0,1,0.25,0,0.0
财经早餐,3,2,wemedia_only,1,3,2021-03,0.0,0.5,0.5,0,0.0,1,0.5,0,0.0,0,0.0,1,0.5,0,0.0,0,0.0,0,0.0,0,0.0
财联社APP,29,28,no_media,0,28,2020-02,0.0,0.0,1.0,0,0.0,0,0.0,0,0.0,0,0.0,28,1.0,0,0.0,0,0.0,0,0.0,0,0.0
财越达,2,1,wemedia_only,1,2,2023-10,0.0,0.0,1.0,0,0.0,0,0.0,0,0.0,0,0.0,1,1.0,0,0.0,0,0.0,0,0.0,0,0.0
质量与标准化,3,2,mainstream_only,1,3,2023-09,0.0,0.0,1.0,0,0.0,0,0.0,0,0.0,0,0.0,2,1.0,0,0.0,0,0.0,0,0.0,0,0.0
贵州市场监管,3,2,mainstream_only,1,3,2024-07,0.0,0.0,1.0,0,0.0,0,0.0,0,0.0,0,0.0,2,1.0,0,0.0,0,0.0,0,0.0,0,0.0
贵州戒毒,2,1,mainstream_only,2,2,2022-03,0.0,0.0,1.0,0,0.0,0,0.0,0,0.0,0,0.0,1,1.0,0,0.0,0,0.0,0,0.0,0,0.0
贵阳新闻网,42,41,no_media,0,32,2020-02,0.0,0.0,1.0,0,0.0,0,0.0,0,0.0,0,0.0,41,1.0,0,0.0,0,0.0,0,0.0,0,0.0
贵阳日报官方微博,41,40,no_media,0,31,2020-02,0.0,0.0,1.0,0,0.0,0,0.0,0,0.0,0,0.0,40,1.0,0,0.0,0,0.0,0,0.0,0,0.0
贵阳晚报官方微博,47,46,no_media,0,37,2020-03,0.021739130434782608,0.021739130434782608,0.9130434782608695,0,0.0,1,0.021739130434782608,0,0.0,1,0.021739130434782608,42,0.9130434782608695,1,0.021739130434782608,0,0.0,1,0.021739130434782608,0,0.0
贺荷文化科技,8,7,no_media,1,8,2022-12,0.0,0.0,1.0,0,0.0,0,0.0,0,0.0,0,0.0,7,1.0,0,0.0,0,0.0,0,0.0,0,0.0
贾斯托愛瓜瓜,2,1,mainstream_only,1,2,2023-06,0.0,0.0,1.0,0,0.0,0,0.0,0,0.0,0,0.0,1,1.0,0,0.0,0,0.0,0,0.0,0,0.0
贾老师营养健康ABC,2,1,no_media,0,2,2020-12,0.0,0.0,1.0,0,0.0,0,0.0,0,0.0,0,0.0,1,1.0,0,0.0,0,0.0,0,0.0,0,0.0
赣南日报,2,1,no_media,0,2,2020-04,0.0,0.0,1.0,0,0.0,0,0.0,0,0.0,0,0.0,1,1.0,0,0.0,0,0.0,0,0.0,0,0.0
赤jio熊喵,100,99,mainstream_only,30,70,2023-02,0.18181818181818182,0.18181818181818182,0.5757575757575758,5,0.050505050505050504,17,0.1717171717171717,1,0.010101010101010102,18,0.18181818181818182,57,0.5757575757575758,0,0.0,0,0.0,1,0.010101010101010102,0,0.0
赫尔松摸鱼熊,2,1,wemedia_only,3,2,2023-04,0.0,0.0,0.0,1,1.0,0,0.0,0,0.0,0,0.0,0,0.0,0,0.0,0,0.0,0,0.0,0,0.0
赵庆英语,13,12,wemedia_only,2,13,2023-03,0.08333333333333333,0.08333333333333333,0.6666666666666666,1,0.08333333333333333,1,0.08333333333333333,0,0.0,1,0.08333333333333333,8,0.6666666666666666,0,0.0,0,0.0,1,0.08333333333333333,0,0.0
赵燚燚燚燚,2,1,no_media,0,2,2023-06,0.0,0.0,0.0,1,1.0,0,0.0,0,0.0,0,0.0,0,0.0,0,0.0,0,0.0,0,0.0,0,0.0
赵鹏飞,2,1,no_media,0,1,2022-03,1.0,0.0,0.0,0,0.0,0,0.0,0,0.0,1,1.0,0,0.0,0,0.0,0,0.0,0,0.0,0,0.0
超梦的超梦,2,1,no_media,0,2,2023-02,0.0,0.0,0.0,0,0.0,0,0.0,0,0.0,0,0.0,0,0.0,0,0.0,0,0.0,0,0.0,1,1.0
路人丁开挖掘机,17,16,no_media,38,17,2022-11,0.0625,0.0625,0.125,0,0.0,1,0.0625,0,0.0,0,0.0,2,0.125,3,0.1875,1,0.0625,3,0.1875,6,0.375
路人甲乙丙丁程,2,1,wemedia_only,2,2,2023-05,0.0,0.0,0.0,0,0.0,0,0.0,0,0.0,0,0.0,0,0.0,1,1.0,0,0.0,0,0.0,0,0.0
路西法没有六翼,2,1,mainstream_only,5,2,2024-07,0.0,0.0,0.0,0,0.0,0,0.0,0,0.0,0,0.0,0,0.0,0,0.0,0,0.0,1,1.0,0,0.0
踏浪天下,2,1,no_media,0,2,2023-01,0.0,0.0,1.0,0,0.0,0,0.0,0,0.0,0,0.0,1,1.0,0,0.0,0,0.0,0,0.0,0,0.0
踩财蔡,4,3,no_media,2,4,2022-10,0.0,0.0,1.0,0,0.0,0,0.0,0,0.0,0,0.0,3,1.0,0,0.0,0,0.0,0,0.0,0,0.0
轩辕有巢,2,1,mainstream_only,3,2,2024-03,0.0,0.0,1.0,0,0.0,0,0.0,0,0.0,0,0.0,1,1.0,0,0.0,0,0.0,0,0.0,0,0.0
软件钢琴师,5,4,mainstream_only,2,5,2023-05,0.25,0.25,0.5,0,0.0,1,0.25,0,0.0,1,0.25,2,0.5,0,0.0,0,0.0,0,0.0,0,0.0
轻轻吹一口风,2,1,no_media,2,2,2023-06,0.0,1.0,0.0,0,0.0,0,0.0,1,1.0,0,0.0,0,0.0,0,0.0,0,0.0,0,0.0,0,0.0
辣叶摧秋,2,1,mainstream_only,1,2,2023-11,0.0,1.0,0.0,0,0.0,0,0.0,1,1.0,0,0.0,0,0.0,0,0.0,0,0.0,0,0.0,0,0.0
辰尘kira,7,6,no_media,112,7,2023-05,0.16666666666666666,0.16666666666666666,0.6666666666666666,0,0.0,1,0.16666666666666666,0,0.0,1,0.16666666666666666,4,0.6666666666666666,0,0.0,0,0.0,0,0.0,0,0.0
辽宁交通广播,14,13,no_media,0,13,2020-01,0.0,0.0,1.0,0,0.0,0,0.0,0,0.0,0,0.0,13,1.0,0,0.0,0,0.0,0,0.0,0,0.0
辽宁日报,22,21,no_media,0,21,2020-02,0.0,0.0,1.0,0,0.0,0,0.0,0,0.0,0,0.0,21,1.0,0,0.0,0,0.0,0,0.0,0,0.0
达州发布,8,7,no_media,0,8,2021-07,0.0,0.0,1.0,0,0.0,0,0.0,0,0.0,0,0.0,7,1.0,0,0.0,0,0.0,0,0.0,0,0.0
还必须说不定不,11,10,mainstream_only,12,11,2023-04,0.3,0.3,0.2,0,0.0,3,0.3,0,0.0,1,0.1,2,0.2,2,0.2,2,0.2,0,0.0,0,0.0
还是你们的瓜总呀,2,1,no_media,5,2,2022-12,0.0,0.0,1.0,0,0.0,0,0.0,0,0.0,0,0.0,1,1.0,0,0.0,0,0.0,0,0.0,0,0.0
还是无敌夹炉石,2,1,mainstream_only,6,2,2023-02,1.0,0.0,0.0,0,0.0,0,0.0,0,0.0,1,1.0,0,0.0,0,0.0,0,0.0,0,0.0,0,0.0
这学不上了,2,1,mainstream_only,2,1,2023-02,0.0,0.0,1.0,0,0.0,0,0.0,0,0.0,0,0.0,1,1.0,0,0.0,0,0.0,0,0.0,0,0.0
这里是儋州,2,1,mainstream_only,1,2,2023-07,0.0,0.0,1.0,0,0.0,0,0.0,0,0.0,0,0.0,1,1.0,0,0.0,0,0.0,0,0.0,0,0.0
进击非洲的小欢总,2,1,dual,10,1,2022-04,0.0,1.0,0.0,0,0.0,1,1.0,0,0.0,0,0.0,0,0.0,0,0.0,0,0.0,0,0.0,0,0.0
远方的诗意生活,2,1,no_media,0,2,2022-10,0.0,0.0,0.0,1,1.0,0,0.0,0,0.0,0,0.0,0,0.0,0,0.0,0,0.0,0,0.0,0,0.0
连云港日报,14,13,no_media,0,14,2020-03,0.0,0.0,1.0,0,0.0,0,0.0,0,0.0,0,0.0,13,1.0,0,0.0,0,0.0,0,0.0,0,0.0
连云港法院,3,2,mainstream_only,4,3,2020-03,0.0,0.0,1.0,0,0.0,0,0.0,0,0.0,0,0.0,2,1.0,0,0.0,0,0.0,0,0.0,0,0.0
逃离陌上的软耳甜兔,4,3,wemedia_only,1,4,2022-01,0.0,0.3333333333333333,0.6666666666666666,0,0.0,1,0.3333333333333333,0,0.0,0,0.0,2,0.6666666666666666,0,0.0,0,0.0,0,0.0,0,0.0
逮终钾,11,10,mainstream_only,4,7,2023-05,0.1,0.0,0.9,0,0.0,0,0.0,0,0.0,1,0.1,9,0.9,0,0.0,0,0.0,0,0.0,0,0.0
遇水04,2,1,wemedia_only,7,1,2024-02,0.0,0.0,0.0,0,0.0,0,0.0,0,0.0,0,0.0,0,0.0,0,0.0,0,0.0,0,0.0,1,1.0
遇见干细胞,4,3,no_media,0,4,2023-02,0.3333333333333333,0.3333333333333333,0.3333333333333333,0,0.0,1,0.3333333333333333,0,0.0,1,0.3333333333333333,1,0.3333333333333333,0,0.0,0,0.0,0,0.0,0,0.0
道遒,16,15,wemedia_only,4,16,2023-07,0.2,0.26666666666666666,0.0,0,0.0,2,0.13333333333333333,2,0.13333333333333333,1,0.06666666666666667,0,0.0,4,0.26666666666666666,2,0.13333333333333333,3,0.2,1,0.06666666666666667
邓林子乐,6,5,mainstream_only,2,6,2023-03,0.4,0.4,0.0,1,0.2,2,0.4,0,0.0,2,0.4,0,0.0,0,0.0,0,0.0,0,0.0,0,0.0
邯郸新闻网,18,17,no_media,0,15,2020-02,0.0,0.0,1.0,0,0.0,0,0.0,0,0.0,0,0.0,17,1.0,0,0.0,0,0.0,0,0.0,0,0.0
邵阳日报,12,11,no_media,0,12,2020-02,0.0,0.0,1.0,0,0.0,0,0.0,0,0.0,0,0.0,11,1.0,0,0.0,0,0.0,0,0.0,0,0.0
邹城发布,9,8,no_media,0,7,2022-09,0.0,0.0,1.0,0,0.0,0,0.0,0,0.0,0,0.0,8,1.0,0,0.0,0,0.0,0,0.0,0,0.0
邹大进,2,1,wemedia_only,2,2,2023-08,0.0,0.0,1.0,0,0.0,0,0.0,0,0.0,0,0.0,1,1.0,0,0.0,0,0.0,0,0.0,0,0.0
郁闷假逍遥,2,1,mainstream_only,7,2,2023-02,1.0,0.0,0.0,0,0.0,0,0.0,0,0.0,1,1.0,0,0.0,0,0.0,0,0.0,0,0.0,0,0.0
郑州金庚中医康复医院,2,1,no_media,0,2,2023-01,0.0,0.0,1.0,0,0.0,0,0.0,0,0.0,0,0.0,1,1.0,0,0.0,0,0.0,0,0.0,0,0.0
郑州铁路,9,8,mainstream_only,1,8,2020-02,0.0,0.0,1.0,0,0.0,0,0.0,0,0.0,0,0.0,8,1.0,0,0.0,0,0.0,0,0.0,0,0.0
郑良霄,3,2,mainstream_only,2,3,2023-03,0.0,0.0,0.0,0,0.0,0,0.0,0,0.0,0,0.0,0,0.0,1,0.5,0,0.0,1,0.5,0,0.0
郭晓东_,5,4,dual,7,5,2023-01,0.0,0.0,0.5,0,0.0,0,0.0,0,0.0,0,0.0,2,0.5,1,0.25,0,0.0,1,0.25,0,0.0
郴州中院,2,1,mainstream_only,3,2,2022-10,0.0,0.0,1.0,0,0.0,0,0.0,0,0.0,0,0.0,1,1.0,0,0.0,0,0.0,0,0.0,0,0.0
都市丽人46688,5,4,mainstream_only,1,5,2023-02,0.0,0.25,0.75,0,0.0,1,0.25,0,0.0,0,0.0,3,0.75,0,0.0,0,0.0,0,0.0,0,0.0
都市时报,8,7,no_media,0,8,2020-02,0.0,0.0,1.0,0,0.0,0,0.0,0,0.0,0,0.0,7,1.0,0,0.0,0,0.0,0,0.0,0,0.0
鄞州发布,2,1,mainstream_only,1,2,2023-05,0.0,0.0,1.0,0,0.0,0,0.0,0,0.0,0,0.0,1,1.0,0,0.0,0,0.0,0,0.0,0,0.0
酱紫色饭团,60,59,mainstream_only,38,54,2023-03,0.2542372881355932,0.2542372881355932,0.288135593220339,5,0.0847457627118644,14,0.23728813559322035,1,0.01694915254237288,11,0.1864406779661017,17,0.288135593220339,5,0.0847457627118644,4,0.06779661016949153,2,0.03389830508474576,0,0.0
酸苗双拒,5,4,wemedia_only,8,5,2023-03,0.0,0.25,0.25,1,0.25,0,0.0,1,0.25,0,0.0,1,0.25,0,0.0,0,0.0,1,0.25,0,0.0
醉胆孤峰,5,4,no_media,4,5,2022-11,0.25,0.0,0.75,0,0.0,0,0.0,0,0.0,1,0.25,3,0.75,0,0.0,0,0.0,0,0.0,0,0.0
里奥哟西yaoxi,4,3,no_media,2,4,2023-10,0.0,0.0,0.6666666666666666,0,0.0,0,0.0,0,0.0,0,0.0,2,0.6666666666666666,0,0.0,0,0.0,1,0.3333333333333333,0,0.0
重庆发布,2,1,no_media,0,2,2022-12,0.0,0.0,1.0,0,0.0,0,0.0,0,0.0,0,0.0,1,1.0,0,0.0,0,0.0,0,0.0,0,0.0
重庆广电第1眼,18,17,no_media,0,14,2021-03,0.0,0.0,1.0,0,0.0,0,0.0,0,0.0,0,0.0,17,1.0,0,0.0,0,0.0,0,0.0,0,0.0
重庆日报,2,1,no_media,0,2,2023-11,0.0,0.0,1.0,0,0.0,0,0.0,0,0.0,0,0.0,1,1.0,0,0.0,0,0.0,0,0.0,0,0.0
重庆江北发布,5,4,no_media,0,5,2020-02,0.0,0.0,1.0,0,0.0,0,0.0,0,0.0,0,0.0,4,1.0,0,0.0,0,0.0,0,0.0,0,0.0
重庆江津法院,2,1,mainstream_only,4,2,2021-11,0.0,0.0,1.0,0,0.0,0,0.0,0,0.0,0,0.0,1,1.0,0,0.0,0,0.0,0,0.0,0,0.0
重庆科协,3,2,mainstream_only,1,3,2023-05,0.0,0.0,1.0,0,0.0,0,0.0,0,0.0,0,0.0,2,1.0,0,0.0,0,0.0,0,0.0,0,0.0
重庆青年报,10,9,no_media,0,10,2021-04,0.0,0.0,1.0,0,0.0,0,0.0,0,0.0,0,0.0,9,1.0,0,0.0,0,0.0,0,0.0,0,0.0
重庆马文胜的微博,2,1,wemedia_only,3,2,2023-02,0.0,1.0,0.0,0,0.0,1,1.0,0,0.0,0,0.0,0,0.0,0,0.0,0,0.0,0,0.0,0,0.0
野生小笼包_壮实麻麻版,2,1,no_media,0,2,2023-01,1.0,0.0,0.0,0,0.0,0,0.0,0,0.0,0,0.0,0,0.0,0,0.0,1,1.0,0,0.0,0,0.0
金华发布,2,1,no_media,0,2,2018-11,0.0,0.0,1.0,0,0.0,0,0.0,0,0.0,0,0.0,1,1.0,0,0.0,0,0.0,0,0.0,0,0.0
金州检察,4,3,mainstream_only,3,4,2022-03,0.0,0.0,1.0,0,0.0,0,0.0,0,0.0,0,0.0,3,1.0,0,0.0,0,0.0,0,0.0,0,0.0
金斯瑞,2,1,no_media,0,2,2023-04,0.0,0.0,1.0,0,0.0,0,0.0,0,0.0,0,0.0,1,1.0,0,0.0,0,0.0,0,0.0,0,0.0
金池荷涟涟,34,33,dual,36,31,2023-06,0.12121212121212122,0.12121212121212122,0.6666666666666666,2,0.06060606060606061,4,0.12121212121212122,0,0.0,3,0.09090909090909091,22,0.6666666666666666,1,0.030303030303030304,1,0.030303030303030304,0,0.0,0,0.0
金湖法院,5,4,no_media,0,5,2022-12,0.0,0.0,1.0,0,0.0,0,0.0,0,0.0,0,0.0,4,1.0,0,0.0,0,0.0,0,0.0,0,0.0
金牛法院,2,1,mainstream_only,5,2,2022-10,0.0,0.0,1.0,0,0.0,0,0.0,0,0.0,0,0.0,1,1.0,0,0.0,0,0.0,0,0.0,0,0.0
金蝴蝶探索者杨永兴,2,1,no_media,0,2,2022-03,0.0,0.0,1.0,0,0.0,0,0.0,0,0.0,0,0.0,1,1.0,0,0.0,0,0.0,0,0.0,0,0.0
针不戳先森,3,2,wemedia_only,9,3,2023-03,0.5,0.5,0.0,0,0.0,1,0.5,0,0.0,0,0.0,0,0.0,0,0.0,1,0.5,0,0.0,0,0.0
钉子1666,3,2,no_media,120,2,2023-06,0.5,0.5,0.0,0,0.0,1,0.5,0,0.0,1,0.5,0,0.0,0,0.0,0,0.0,0,0.0,0,0.0
钮祜禄_蕾,4,3,mainstream_only,6,4,2023-03,0.0,0.0,0.3333333333333333,0,0.0,0,0.0,0,0.0,0,0.0,1,0.3333333333333333,0,0.0,0,0.0,1,0.3333333333333333,1,0.3333333333333333
钱局长本人,4,3,mainstream_only,2,4,2022-10,0.3333333333333333,0.3333333333333333,0.3333333333333333,0,0.0,1,0.3333333333333333,0,0.0,1,0.3333333333333333,1,0.3333333333333333,0,0.0,0,0.0,0,0.0,0,0.0
钱理德,2,1,wemedia_only,3,2,2023-08,0.0,1.0,0.0,0,0.0,1,1.0,0,0.0,0,0.0,0,0.0,0,0.0,0,0.0,0,0.0,0,0.0
铅医蔷薇,7,6,wemedia_only,1,7,2025-03,0.0,0.0,0.5,0,0.0,0,0.0,0,0.0,0,0.0,3,0.5,1,0.16666666666666666,0,0.0,2,0.3333333333333333,0,0.0
铜川发布,3,2,no_media,0,3,2021-01,0.0,0.0,1.0,0,0.0,0,0.0,0,0.0,0,0.0,2,1.0,0,0.0,0,0.0,0,0.0,0,0.0
铜陵发布,3,2,mainstream_only,2,3,2020-03,0.0,0.0,1.0,0,0.0,0,0.0,0,0.0,0,0.0,2,1.0,0,0.0,0,0.0,0,0.0,0,0.0
银川新闻网,20,19,no_media,0,20,2020-03,0.0,0.0,1.0,0,0.0,0,0.0,0,0.0,0,0.0,19,1.0,0,0.0,0,0.0,0,0.0,0,0.0
银炸,2,1,mainstream_only,2,2,2024-02,0.0,0.0,0.0,1,1.0,0,0.0,0,0.0,0,0.0,0,0.0,0,0.0,0,0.0,0,0.0,0,0.0
锦艺·忆灵练琴了吗,2,1,no_media,1,2,2023-09,0.0,1.0,0.0,0,0.0,0,0.0,1,1.0,0,0.0,0,0.0,0,0.0,0,0.0,0,0.0,0,0.0
锦观新闻,3,2,no_media,0,3,2023-10,0.0,0.0,1.0,0,0.0,0,0.0,0,0.0,0,0.0,2,1.0,0,0.0,0,0.0,0,0.0,0,0.0
长安卧龙V,2,1,wemedia_only,2,2,2022-12,0.0,0.0,1.0,0,0.0,0,0.0,0,0.0,0,0.0,1,1.0,0,0.0,0,0.0,0,0.0,0,0.0
长安号官微,10,9,no_media,0,10,2019-01,0.0,0.0,1.0,0,0.0,0,0.0,0,0.0,0,0.0,9,1.0,0,0.0,0,0.0,0,0.0,0,0.0
长安街知事,13,12,no_media,0,13,2017-01,0.0,0.0,1.0,0,0.0,0,0.0,0,0.0,0,0.0,12,1.0,0,0.0,0,0.0,0,0.0,0,0.0
长江云官方微博,19,18,no_media,0,19,2020-01,0.0,0.0,1.0,0,0.0,0,0.0,0,0.0,0,0.0,18,1.0,0,0.0,0,0.0,0,0.0,0,0.0
长江云新闻,13,12,no_media,0,13,2020-03,0.0,0.0,1.0,0,0.0,0,0.0,0,0.0,0,0.0,12,1.0,0,0.0,0,0.0,0,0.0,0,0.0
长江日报,3,2,no_media,0,3,2020-02,0.0,0.0,1.0,0,0.0,0,0.0,0,0.0,0,0.0,2,1.0,0,0.0,0,0.0,0,0.0,0,0.0
长江网_留言板,20,19,no_media,0,17,2020-02,0.0,0.0,1.0,0,0.0,0,0.0,0,0.0,0,0.0,19,1.0,0,0.0,0,0.0,0,0.0,0,0.0
长沙晚报,19,18,no_media,0,19,2020-02,0.0,0.0,1.0,0,0.0,0,0.0,0,0.0,0,0.0,18,1.0,0,0.0,0,0.0,0,0.0,0,0.0
长治政法,10,9,no_media,0,9,2021-08,0.0,0.0,1.0,0,0.0,0,0.0,0,0.0,0,0.0,9,1.0,0,0.0,0,0.0,0,0.0,0,0.0
闪亮的紫红色,3,2,wemedia_only,5,3,2023-02,0.5,0.5,0.0,0,0.0,1,0.5,0,0.0,1,0.5,0,0.0,0,0.0,0,0.0,0,0.0,0,0.0
闪电新闻,18,17,no_media,0,18,2020-02,0.0,0.0,1.0,0,0.0,0,0.0,0,0.0,0,0.0,17,1.0,0,0.0,0,0.0,0,0.0,0,0.0
闲云战鹤,3,2,mainstream_only,3,3,2024-01,0.0,0.0,0.5,0,0.0,0,0.0,0,0.0,0,0.0,1,0.5,0,0.0,0,0.0,1,0.5,0,0.0
阆中公安,3,2,mainstream_only,2,2,2022-12,0.0,0.0,1.0,0,0.0,0,0.0,0,0.0,0,0.0,2,1.0,0,0.0,0,0.0,0,0.0,0,0.0
阜阳新闻综合频道,17,16,no_media,0,16,2021-12,0.0,0.0,1.0,0,0.0,0,0.0,0,0.0,0,0.0,16,1.0,0,0.0,0,0.0,0,0.0,0,0.0
阳光蝶依,2,1,wemedia_only,2,1,2020-03,0.0,0.0,1.0,0,0.0,0,0.0,0,0.0,0,0.0,1,1.0,0,0.0,0,0.0,0,0.0,0,0.0
阳泉日报--阳泉新闻网,22,21,no_media,0,21,2020-02,0.0,0.0,1.0,0,0.0,0,0.0,0,0.0,0,0.0,21,1.0,0,0.0,0,0.0,0,0.0,0,0.0
阿包peggy嘉,2,1,mainstream_only,2,2,2023-06,0.0,0.0,1.0,0,0.0,0,0.0,0,0.0,0,0.0,1,1.0,0,0.0,0,0.0,0,0.0,0,0.0
阿司匹林42195米,2,1,no_media,33,2,2022-09,0.0,0.0,1.0,0,0.0,0,0.0,0,0.0,0,0.0,1,1.0,0,0.0,0,0.0,0,0.0,0,0.0
阿君给爹攒退休钱,4,3,wemedia_only,2,4,2023-05,0.6666666666666666,0.3333333333333333,0.0,0,0.0,1,0.3333333333333333,0,0.0,2,0.6666666666666666,0,0.0,0,0.0,0,0.0,0,0.0,0,0.0
阿张你别跑啊药物临床试验招募,2,1,no_media,0,2,2023-10,0.0,0.0,1.0,0,0.0,0,0.0,0,0.0,0,0.0,1,1.0,0,0.0,0,0.0,0,0.0,0,0.0
阿普游记,2,1,wemedia_only,1,1,2022-12,0.0,0.0,1.0,0,0.0,0,0.0,0,0.0,0,0.0,1,1.0,0,0.0,0,0.0,0,0.0,0,0.0
阿正时光,2,1,dual,3,2,2022-04,0.0,0.0,1.0,0,0.0,0,0.0,0,0.0,0,0.0,1,1.0,0,0.0,0,0.0,0,0.0,0,0.0
阿盏布知道,2,1,wemedia_only,1,2,2023-02,1.0,0.0,0.0,0,0.0,0,0.0,0,0.0,1,1.0,0,0.0,0,0.0,0,0.0,0,0.0,0,0.0
阿莲瑞也,2,1,wemedia_only,14,2,2023-08,0.0,0.0,1.0,0,0.0,0,0.0,0,0.0,0,0.0,1,1.0,0,0.0,0,0.0,0,0.0,0,0.0
阿超_港媒视点,14,13,mainstream_only,6,13,2021-03,0.0,0.07692307692307693,0.9230769230769231,0,0.0,1,0.07692307692307693,0,0.0,0,0.0,12,0.9230769230769231,0,0.0,0,0.0,0,0.0,0,0.0
阿龙哥BLOG,7,6,wemedia_only,6,7,2020-11,0.16666666666666666,0.16666666666666666,0.6666666666666666,0,0.0,1,0.16666666666666666,0,0.0,1,0.16666666666666666,4,0.6666666666666666,0,0.0,0,0.0,0,0.0,0,0.0
陆梦羽-小豆蔻健康科技,2,1,no_media,4,1,2022-03,0.0,0.0,1.0,0,0.0,0,0.0,0,0.0,0,0.0,1,1.0,0,0.0,0,0.0,0,0.0,0,0.0
陆江Maxime,2,1,wemedia_only,7,2,2023-06,0.0,0.0,0.0,0,0.0,0,0.0,0,0.0,0,0.0,0,0.0,0,0.0,0,0.0,1,1.0,0,0.0
陇东报,7,6,no_media,0,7,2020-04,0.0,0.0,1.0,0,0.0,0,0.0,0,0.0,0,0.0,6,1.0,0,0.0,0,0.0,0,0.0,0,0.0
陇南发布,24,23,no_media,0,23,2020-02,0.0,0.0,1.0,0,0.0,0,0.0,0,0.0,0,0.0,23,1.0,0,0.0,0,0.0,0,0.0,0,0.0
陇南康县发布,5,4,no_media,0,5,2020-04,0.0,0.0,1.0,0,0.0,0,0.0,0,0.0,0,0.0,4,1.0,0,0.0,0,0.0,0,0.0,0,0.0
陇南徽县信访,2,1,no_media,0,2,2023-01,0.0,0.0,1.0,0,0.0,0,0.0,0,0.0,0,0.0,1,1.0,0,0.0,0,0.0,0,0.0,0,0.0
陇南徽县发布,6,5,no_media,0,6,2021-10,0.0,0.0,1.0,0,0.0,0,0.0,0,0.0,0,0.0,5,1.0,0,0.0,0,0.0,0,0.0,0,0.0
陇南成县发布,11,10,no_media,0,8,2021-10,0.0,0.0,1.0,0,0.0,0,0.0,0,0.0,0,0.0,10,1.0,0,0.0,0,0.0,0,0.0,0,0.0
陇南文县发布,5,4,no_media,0,5,2022-04,0.0,0.0,1.0,0,0.0,0,0.0,0,0.0,0,0.0,4,1.0,0,0.0,0,0.0,0,0.0,0,0.0
陇南日报社,6,5,no_media,0,6,2020-02,0.0,0.0,1.0,0,0.0,0,0.0,0,0.0,0,0.0,5,1.0,0,0.0,0,0.0,0,0.0,0,0.0
陇南武都社保局,2,1,no_media,0,2,2021-11,0.0,0.0,1.0,0,0.0,0,0.0,0,0.0,0,0.0,1,1.0,0,0.0,0,0.0,0,0.0,0,0.0
陇南礼县发布,26,25,no_media,0,21,2020-01,0.0,0.0,1.0,0,0.0,0,0.0,0,0.0,0,0.0,25,1.0,0,0.0,0,0.0,0,0.0,0,0.0
陇南西和团委,8,7,no_media,0,6,2017-10,0.0,0.0,1.0,0,0.0,0,0.0,0,0.0,0,0.0,7,1.0,0,0.0,0,0.0,0,0.0,0,0.0
陈总是搞事,17,16,mainstream_only,5,15,2022-12,0.1875,0.1875,0.625,0,0.0,3,0.1875,0,0.0,3,0.1875,10,0.625,0,0.0,0,0.0,0,0.0,0,0.0
陈然注册营养师,6,5,no_media,0,6,2020-09,0.2,0.0,0.8,0,0.0,0,0.0,0,0.0,1,0.2,4,0.8,0,0.0,0,0.0,0,0.0,0,0.0
陌上蝴蝶飞52,4,3,wemedia_only,3,3,2023-01,0.3333333333333333,0.3333333333333333,0.3333333333333333,0,0.0,1,0.3333333333333333,0,0.0,1,0.3333333333333333,1,0.3333333333333333,0,0.0,0,0.0,0,0.0,0,0.0
陕西农村网,22,21,no_media,0,14,2021-03,0.0,0.0,1.0,0,0.0,0,0.0,0,0.0,0,0.0,21,1.0,0,0.0,0,0.0,0,0.0,0,0.0
陕西发布,35,34,no_media,0,34,2020-02,0.0,0.0,1.0,0,0.0,0,0.0,0,0.0,0,0.0,34,1.0,0,0.0,0,0.0,0,0.0,0,0.0
陕西政协,6,5,mainstream_only,2,6,2022-08,0.0,0.0,1.0,0,0.0,0,0.0,0,0.0,0,0.0,5,1.0,0,0.0,0,0.0,0,0.0,0,0.0
陕西检察,11,10,mainstream_only,1,9,2020-02,0.0,0.0,1.0,0,0.0,0,0.0,0,0.0,0,0.0,10,1.0,0,0.0,0,0.0,0,0.0,0,0.0
陕西气象,5,4,no_media,0,4,2017-10,0.0,0.0,1.0,0,0.0,0,0.0,0,0.0,0,0.0,4,1.0,0,0.0,0,0.0,0,0.0,0,0.0
陕西汉书下酒,195,194,dual,57,155,2023-01,0.010309278350515464,0.010309278350515464,0.9123711340206185,0,0.0,2,0.010309278350515464,0,0.0,2,0.010309278350515464,177,0.9123711340206185,6,0.030927835051546393,0,0.0,6,0.030927835051546393,1,0.005154639175257732
陕西消防,4,3,mainstream_only,8,4,2020-02,0.0,0.0,1.0,0,0.0,0,0.0,0,0.0,0,0.0,3,1.0,0,0.0,0,0.0,0,0.0,0,0.0
陕西网,14,13,no_media,0,13,2020-02,0.0,0.0,1.0,0,0.0,0,0.0,0,0.0,0,0.0,13,1.0,0,0.0,0,0.0,0,0.0,0,0.0
陕西网络广播电视台,5,4,no_media,0,5,2021-01,0.0,0.0,1.0,0,0.0,0,0.0,0,0.0,0,0.0,4,1.0,0,0.0,0,0.0,0,0.0,0,0.0
陕西虎牙,4,3,no_media,0,4,2022-01,0.0,0.0,1.0,0,0.0,0,0.0,0,0.0,0,0.0,3,1.0,0,0.0,0,0.0,0,0.0,0,0.0
陕西铁检,2,1,mainstream_only,3,2,2020-03,0.0,0.0,1.0,0,0.0,0,0.0,0,0.0,0,0.0,1,1.0,0,0.0,0,0.0,0,0.0,0,0.0
陕西阳光网,18,17,no_media,0,18,2020-02,0.0,0.0,1.0,0,0.0,0,0.0,0,0.0,0,0.0,17,1.0,0,0.0,0,0.0,0,0.0,0,0.0
陕西高院,2,1,mainstream_only,1,2,2023-02,0.0,0.0,1.0,0,0.0,0,0.0,0,0.0,0,0.0,1,1.0,0,0.0,0,0.0,0,0.0,0,0.0
陕视新闻,16,15,no_media,0,16,2020-01,0.0,0.0,1.0,0,0.0,0,0.0,0,0.0,0,0.0,15,1.0,0,0.0,0,0.0,0,0.0,0,0.0
陪托马斯度过,2,1,no_media,0,2,2022-12,0.0,0.0,0.0,0,0.0,0,0.0,0,0.0,0,0.0,0,0.0,0,0.0,0,0.0,0,0.0,1,1.0
陪肖砚去烟巷,2,1,mainstream_only,1,2,2023-03,1.0,0.0,0.0,0,0.0,0,0.0,0,0.0,1,1.0,0,0.0,0,0.0,0,0.0,0,0.0,0,0.0
陳炫達叔叔,12,11,mainstream_only,8,9,2023-02,0.18181818181818182,0.18181818181818182,0.36363636363636365,1,0.09090909090909091,2,0.18181818181818182,0,0.0,2,0.18181818181818182,4,0.36363636363636365,1,0.09090909090909091,0,0.0,1,0.09090909090909091,0,0.0
陶侃疫苗,12,11,wemedia_only,6,11,2023-02,0.0,0.0,1.0,0,0.0,0,0.0,0,0.0,0,0.0,11,1.0,0,0.0,0,0.0,0,0.0,0,0.0
隐士解惑,5,4,mainstream_only,4,5,2022-02,0.0,0.0,1.0,0,0.0,0,0.0,0,0.0,0,0.0,4,1.0,0,0.0,0,0.0,0,0.0,0,0.0
隔壁班的二哈哈,2,1,mainstream_only,2,2,2023-02,0.0,0.0,1.0,0,0.0,0,0.0,0,0.0,0,0.0,1,1.0,0,0.0,0,0.0,0,0.0,0,0.0
难般聊聊,41,40,wemedia_only,57,23,2023-02,0.15,0.125,0.15,0,0.0,4,0.1,1,0.025,5,0.125,6,0.15,9,0.225,1,0.025,10,0.25,4,0.1
雁塔检察,5,4,no_media,0,4,2020-02,0.0,0.0,1.0,0,0.0,0,0.0,0,0.0,0,0.0,4,1.0,0,0.0,0,0.0,0,0.0,0,0.0
雨中漫步-天地人和,2,1,no_media,0,2,2022-12,0.0,0.0,1.0,0,0.0,0,0.0,0,0.0,0,0.0,1,1.0,0,0.0,0,0.0,0,0.0,0,0.0
雨城A,6,5,dual,7,6,2022-10,0.2,0.2,0.0,3,0.6,1,0.2,0,0.0,1,0.2,0,0.0,0,0.0,0,0.0,0,0.0,0,0.0
雨打松枝之幸福,2,1,wemedia_only,1,2,2024-01,0.0,0.0,1.0,0,0.0,0,0.0,0,0.0,0,0.0,1,1.0,0,0.0,0,0.0,0,0.0,0,0.0
雨朦公子,3,2,no_media,1,3,2023-02,0.0,0.0,0.0,0,0.0,0,0.0,0,0.0,0,0.0,0,0.0,0,0.0,0,0.0,0,0.0,2,1.0
雨雪霏霏然2,4,3,mainstream_only,3,3,2024-11,0.3333333333333333,0.0,0.3333333333333333,1,0.3333333333333333,0,0.0,0,0.0,1,0.3333333333333333,1,0.3333333333333333,0,0.0,0,0.0,0,0.0,0,0.0
雪冰杰,158,157,wemedia_only,30,147,2023-05,0.01910828025477707,0.01910828025477707,0.8662420382165605,0,0.0,3,0.01910828025477707,0,0.0,3,0.01910828025477707,136,0.8662420382165605,7,0.044585987261146494,0,0.0,8,0.050955414012738856,0,0.0
雪山空心菜,5,4,mainstream_only,2,5,2023-09,0.0,0.0,1.0,0,0.0,0,0.0,0,0.0,0,0.0,4,1.0,0,0.0,0,0.0,0,0.0,0,0.0
雪花灰雾,3,2,no_media,0,3,2023-01,0.0,0.0,1.0,0,0.0,0,0.0,0,0.0,0,0.0,2,1.0,0,0.0,0,0.0,0,0.0,0,0.0
雷神1999,101,100,dual,80,54,2023-07,0.24,0.24,0.18,22,0.22,18,0.18,6,0.06,21,0.21,18,0.18,4,0.04,3,0.03,7,0.07,1,0.01
露丝小师哥,8,7,mainstream_only,7,7,2023-10,0.14285714285714285,0.14285714285714285,0.42857142857142855,0,0.0,0,0.0,1,0.14285714285714285,1,0.14285714285714285,3,0.42857142857142855,1,0.14285714285714285,0,0.0,1,0.14285714285714285,0,0.0
青丘冷月,4,3,wemedia_only,4,4,2023-05,0.0,0.0,1.0,0,0.0,0,0.0,0,0.0,0,0.0,3,1.0,0,0.0,0,0.0,0,0.0,0,0.0
青云在美国,6,5,no_media,0,5,2023-05,0.0,0.0,1.0,0,0.0,0,0.0,0,0.0,0,0.0,5,1.0,0,0.0,0,0.0,0,0.0,0,0.0
青县司法,10,9,no_media,0,9,2020-01,0.0,0.0,1.0,0,0.0,0,0.0,0,0.0,0,0.0,9,1.0,0,0.0,0,0.0,0,0.0,0,0.0
青尘3141,32,31,wemedia_only,12,31,2023-02,0.1935483870967742,0.22580645161290322,0.45161290322580644,4,0.12903225806451613,7,0.22580645161290322,0,0.0,6,0.1935483870967742,14,0.45161290322580644,0,0.0,0,0.0,0,0.0,0,0.0
青尘财经,2,1,wemedia_only,2,2,2022-07,1.0,0.0,0.0,0,0.0,0,0.0,0,0.0,1,1.0,0,0.0,0,0.0,0,0.0,0,0.0,0,0.0
青岛发布,8,7,mainstream_only,2,6,2021-11,0.0,0.0,1.0,0,0.0,0,0.0,0,0.0,0,0.0,7,1.0,0,0.0,0,0.0,0,0.0,0,0.0
青岛西海岸新闻网,20,19,mainstream_only,1,17,2020-02,0.0,0.0,1.0,0,0.0,0,0.0,0,0.0,0,0.0,19,1.0,0,0.0,0,0.0,0,0.0,0,0.0
青峰散人168,2,1,mainstream_only,1,2,2023-06,0.0,0.0,1.0,0,0.0,0,0.0,0,0.0,0,0.0,1,1.0,0,0.0,0,0.0,0,0.0,0,0.0
青年参考,6,5,no_media,0,6,2020-09,0.0,0.0,1.0,0,0.0,0,0.0,0,0.0,0,0.0,5,1.0,0,0.0,0,0.0,0,0.0,0,0.0
青年报,3,2,no_media,0,3,2020-11,0.0,0.0,1.0,0,0.0,0,0.0,0,0.0,0,0.0,2,1.0,0,0.0,0,0.0,0,0.0,0,0.0
青春的最近爱听歌,5,4,wemedia_only,3,4,2023-11,0.25,0.5,0.25,0,0.0,2,0.5,0,0.0,1,0.25,1,0.25,0,0.0,0,0.0,0,0.0,0,0.0
青木在德国,2,1,no_media,0,2,2022-12,0.0,0.0,1.0,0,0.0,0,0.0,0,0.0,0,0.0,1,1.0,0,0.0,0,0.0,0,0.0,0,0.0
青梅糖呀,6,5,dual,11,6,2022-09,0.4,0.2,0.2,0,0.0,1,0.2,0,0.0,1,0.2,1,0.2,1,0.2,1,0.2,0,0.0,0,0.0
青流视频,10,9,no_media,0,10,2020-03,0.0,0.0,1.0,0,0.0,0,0.0,0,0.0,0,0.0,9,1.0,0,0.0,0,0.0,0,0.0,0,0.0
青海日报官方微博,15,14,no_media,0,15,2020-02,0.0,0.0,1.0,0,0.0,0,0.0,0,0.0,0,0.0,14,1.0,0,0.0,0,0.0,0,0.0,0,0.0
青白江应急,2,1,mainstream_only,3,2,2025-02,0.0,0.0,1.0,0,0.0,0,0.0,0,0.0,0,0.0,1,1.0,0,0.0,0,0.0,0,0.0,0,0.0
青白江生态环境,6,5,mainstream_only,1,6,2023-02,0.0,0.0,1.0,0,0.0,0,0.0,0,0.0,0,0.0,5,1.0,0,0.0,0,0.0,0,0.0,0,0.0
青豆视频,2,1,no_media,0,2,2023-05,0.0,0.0,1.0,0,0.0,0,0.0,0,0.0,0,0.0,1,1.0,0,0.0,0,0.0,0,0.0,0,0.0
青龙针客,4,3,no_media,7,4,2023-02,0.0,0.0,1.0,0,0.0,0,0.0,0,0.0,0,0.0,3,1.0,0,0.0,0,0.0,0,0.0,0,0.0
静即动,2,1,wemedia_only,3,2,2023-02,0.0,0.0,0.0,1,1.0,0,0.0,0,0.0,0,0.0,0,0.0,0,0.0,0,0.0,0,0.0,0,0.0
静姐姐吃的学问,3,2,wemedia_only,1,3,2022-12,0.0,0.0,1.0,0,0.0,0,0.0,0,0.0,0,0.0,2,1.0,0,0.0,0,0.0,0,0.0,0,0.0
非歌如梦,9,8,wemedia_only,8,7,2023-05,0.0,0.0,0.0,8,1.0,0,0.0,0,0.0,0,0.0,0,0.0,0,0.0,0,0.0,0,0.0,0,0.0
韩国中央日报,4,3,no_media,0,4,2020-08,0.0,0.0,0.6666666666666666,0,0.0,0,0.0,0,0.0,0,0.0,2,0.6666666666666666,1,0.3333333333333333,0,0.0,0,0.0,0,0.0
韩国每经中文网,5,4,no_media,0,5,2020-04,0.0,0.0,1.0,0,0.0,0,0.0,0,0.0,0,0.0,4,1.0,0,0.0,0,0.0,0,0.0,0,0.0
韩民族日报中文网,2,1,no_media,0,2,2021-01,1.0,0.0,0.0,0,0.0,0,0.0,0,0.0,1,1.0,0,0.0,0,0.0,0,0.0,0,0.0,0,0.0
顏佑亮-到台灣治病,7,6,no_media,0,7,2023-01,0.16666666666666666,0.16666666666666666,0.5,1,0.16666666666666666,1,0.16666666666666666,0,0.0,1,0.16666666666666666,3,0.5,0,0.0,0,0.0,0,0.0,0,0.0
顶端新闻,54,53,no_media,0,44,2021-08,0.0,0.0,1.0,0,0.0,0,0.0,0,0.0,0,0.0,53,1.0,0,0.0,0,0.0,0,0.0,0,0.0
风林火山DavidLau,2,1,mainstream_only,1,2,2023-08,0.0,0.0,1.0,0,0.0,0,0.0,0,0.0,0,0.0,1,1.0,0,0.0,0,0.0,0,0.0,0,0.0
风水智语,2,1,wemedia_only,3,2,2023-08,1.0,0.0,0.0,0,0.0,0,0.0,0,0.0,1,1.0,0,0.0,0,0.0,0,0.0,0,0.0,0,0.0
风湿科聂医生,21,20,dual,3,19,2023-09,0.05,0.05,0.9,0,0.0,1,0.05,0,0.0,1,0.05,18,0.9,0,0.0,0,0.0,0,0.0,0,0.0
风紧雁行高·,7,6,mainstream_only,4,6,2023-03,0.3333333333333333,0.3333333333333333,0.16666666666666666,0,0.0,0,0.0,2,0.3333333333333333,2,0.3333333333333333,1,0.16666666666666666,0,0.0,0,0.0,1,0.16666666666666666,0,0.0
风闻社区,59,58,no_media,0,55,2022-02,0.05172413793103448,0.034482758620689655,0.8793103448275862,1,0.017241379310344827,2,0.034482758620689655,0,0.0,2,0.034482758620689655,51,0.8793103448275862,1,0.017241379310344827,1,0.017241379310344827,0,0.0,0,0.0
飘过繁华世界,5,4,wemedia_only,4,4,2023-12,0.0,0.0,1.0,0,0.0,0,0.0,0,0.0,0,0.0,4,1.0,0,0.0,0,0.0,0,0.0,0,0.0
飞天神猪的欢乐窝,12,11,dual,7,10,2023-02,0.18181818181818182,0.18181818181818182,0.45454545454545453,0,0.0,1,0.09090909090909091,1,0.09090909090909091,1,0.09090909090909091,5,0.45454545454545453,1,0.09090909090909091,1,0.09090909090909091,1,0.09090909090909091,0,0.0
飞龙中医,5,4,no_media,46,5,2023-06,0.0,0.0,1.0,0,0.0,0,0.0,0,0.0,0,0.0,4,1.0,0,0.0,0,0.0,0,0.0,0,0.0
餐饮测评,4,3,no_media,0,4,2020-02,0.0,0.0,1.0,0,0.0,0,0.0,0,0.0,0,0.0,3,1.0,0,0.0,0,0.0,0,0.0,0,0.0
饱乐促和谐反极端,16,15,mainstream_only,12,16,2023-02,0.06666666666666667,0.06666666666666667,0.4,7,0.4666666666666667,1,0.06666666666666667,0,0.0,1,0.06666666666666667,6,0.4,0,0.0,0,0.0,0,0.0,0,0.0
饺子加醋加蒜,3,2,no_media,0,3,2023-01,0.0,0.0,0.0,2,1.0,0,0.0,0,0.0,0,0.0,0,0.0,0,0.0,0,0.0,0,0.0,0,0.0
馋你身子很久了,2,1,no_media,0,1,2022-03,0.0,0.0,1.0,0,0.0,0,0.0,0,0.0,0,0.0,1,1.0,0,0.0,0,0.0,0,0.0,0,0.0
首映礼,2,1,wemedia_only,1,2,2023-03,0.0,0.0,1.0,0,0.0,0,0.0,0,0.0,0,0.0,1,1.0,0,0.0,0,0.0,0,0.0,0,0.0
香港中文大学CUHK,3,2,no_media,0,3,2022-03,0.0,0.0,1.0,0,0.0,0,0.0,0,0.0,0,0.0,2,1.0,0,0.0,0,0.0,0,0.0,0,0.0
香港中文大学医学院_香港,2,1,no_media,0,2,2023-05,0.0,0.0,1.0,0,0.0,0,0.0,0,0.0,0,0.0,1,1.0,0,0.0,0,0.0,0,0.0,0,0.0
香港中通社,4,3,no_media,0,4,2022-03,0.0,0.3333333333333333,0.6666666666666666,0,0.0,1,0.3333333333333333,0,0.0,0,0.0,2,0.6666666666666666,0,0.0,0,0.0,0,0.0,0,0.0
香港商報,66,65,no_media,0,61,2021-02,0.03076923076923077,0.03076923076923077,0.9384615384615385,0,0.0,2,0.03076923076923077,0,0.0,2,0.03076923076923077,61,0.9384615384615385,0,0.0,0,0.0,0,0.0,0,0.0
香港文匯報,9,8,no_media,0,9,2020-12,0.125,0.25,0.375,2,0.25,2,0.25,0,0.0,1,0.125,3,0.375,0,0.0,0,0.0,0,0.0,0,0.0
香港浸会大学,2,1,no_media,0,2,2022-12,0.0,0.0,1.0,0,0.0,0,0.0,0,0.0,0,0.0,1,1.0,0,0.0,0,0.0,0,0.0,0,0.0
香港自由行加加,2,1,mainstream_only,1,2,2023-04,0.0,0.0,1.0,0,0.0,0,0.0,0,0.0,0,0.0,1,1.0,0,0.0,0,0.0,0,0.0,0,0.0
香草拉面,3,2,dual,5,3,2022-09,0.5,0.0,0.5,0,0.0,0,0.0,0,0.0,1,0.5,1,0.5,0,0.0,0,0.0,0,0.0,0,0.0
马仕健,3,2,no_media,0,3,2022-05,0.0,0.0,1.0,0,0.0,0,0.0,0,0.0,0,0.0,2,1.0,0,0.0,0,0.0,0,0.0,0,0.0
马宝琳谈房颤,93,92,wemedia_only,3,76,2023-01,0.05434782608695652,0.05434782608695652,0.7934782608695652,0,0.0,5,0.05434782608695652,0,0.0,4,0.043478260869565216,73,0.7934782608695652,5,0.05434782608695652,1,0.010869565217391304,4,0.043478260869565216,0,0.0
马拉个萌,2,1,no_media,0,2,2022-12,0.0,0.0,1.0,0,0.0,0,0.0,0,0.0,0,0.0,1,1.0,0,0.0,0,0.0,0,0.0,0,0.0
骄傲的孤独的守望者,2,1,no_media,0,2,2022-12,0.0,0.0,0.0,0,0.0,0,0.0,0,0.0,0,0.0,0,0.0,0,0.0,0,0.0,0,0.0,1,1.0
骑牛看周期,6,5,wemedia_only,3,6,2023-02,0.2,0.2,0.6,0,0.0,1,0.2,0,0.0,1,0.2,3,0.6,0,0.0,0,0.0,0,0.0,0,0.0
高举双手法兰西,3,2,wemedia_only,1,3,2023-03,0.5,0.0,0.5,0,0.0,0,0.0,0,0.0,1,0.5,1,0.5,0,0.0,0,0.0,0,0.0,0,0.0
高新服务,3,2,mainstream_only,8,3,2023-05,0.0,0.0,1.0,0,0.0,0,0.0,0,0.0,0,0.0,2,1.0,0,0.0,0,0.0,0,0.0,0,0.0
高来益营养疗法,5,4,no_media,0,5,2022-12,0.0,0.0,0.5,0,0.0,0,0.0,0,0.0,0,0.0,2,0.5,1,0.25,0,0.0,1,0.25,0,0.0
魔法少年熊喵喵,2,1,mainstream_only,2,2,2023-04,1.0,0.0,0.0,0,0.0,0,0.0,0,0.0,1,1.0,0,0.0,0,0.0,0,0.0,0,0.0,0,0.0
魔法少年阿七七,5,4,wemedia_only,4,5,2023-07,0.25,0.25,0.25,0,0.0,0,0.0,1,0.25,1,0.25,1,0.25,0,0.0,0,0.0,1,0.25,0,0.0
魔法师蛋小丁,4,3,wemedia_only,1,4,2024-01,0.3333333333333333,0.3333333333333333,0.3333333333333333,0,0.0,0,0.0,1,0.3333333333333333,1,0.3333333333333333,1,0.3333333333333333,0,0.0,0,0.0,0,0.0,0,0.0
鲁中晨报,22,21,no_media,0,17,2020-12,0.047619047619047616,0.047619047619047616,0.9047619047619048,0,0.0,1,0.047619047619047616,0,0.0,1,0.047619047619047616,19,0.9047619047619048,0,0.0,0,0.0,0,0.0,0,0.0
鲁网潍坊,3,2,no_media,0,3,2022-01,0.0,0.0,1.0,0,0.0,0,0.0,0,0.0,0,0.0,2,1.0,0,0.0,0,0.0,0,0.0,0,0.0
鲍秀兰诊室,7,6,mainstream_only,1,7,2023-05,0.0,0.0,1.0,0,0.0,0,0.0,0,0.0,0,0.0,6,1.0,0,0.0,0,0.0,0,0.0,0,0.0
鳗鳗_lovelucinda,2,1,no_media,0,2,2023-09,0.0,0.0,0.0,0,0.0,0,0.0,0,0.0,0,0.0,0,0.0,0,0.0,0,0.0,0,0.0,1,1.0
鸟人-桃之妖妖,7,6,wemedia_only,5,7,2023-05,0.3333333333333333,0.16666666666666666,0.0,2,0.3333333333333333,1,0.16666666666666666,0,0.0,1,0.16666666666666666,0,0.0,1,0.16666666666666666,1,0.16666666666666666,0,0.0,0,0.0
鸟儿问答2020,2,1,wemedia_only,1,2,2023-07,0.0,0.0,1.0,0,0.0,0,0.0,0,0.0,0,0.0,1,1.0,0,0.0,0,0.0,0,0.0,0,0.0
鹤壁日报,17,16,no_media,0,15,2020-02,0.0625,0.0625,0.875,0,0.0,1,0.0625,0,0.0,1,0.0625,14,0.875,0,0.0,0,0.0,0,0.0,0,0.0
鹤壁网,2,1,no_media,0,2,2020-04,0.0,0.0,1.0,0,0.0,0,0.0,0,0.0,0,0.0,1,1.0,0,0.0,0,0.0,0,0.0,0,0.0
鹤祥泰-中医,3,2,no_media,0,3,2023-01,0.0,0.0,1.0,0,0.0,0,0.0,0,0.0,0,0.0,2,1.0,0,0.0,0,0.0,0,0.0,0,0.0
鹤翔九天9861,2,1,wemedia_only,15,2,2024-07,0.0,0.0,1.0,0,0.0,0,0.0,0,0.0,0,0.0,1,1.0,0,0.0,0,0.0,0,0.0,0,0.0
鹰击8000里,7,6,wemedia_only,5,6,2023-04,0.16666666666666666,0.16666666666666666,0.5,1,0.16666666666666666,1,0.16666666666666666,0,0.0,1,0.16666666666666666,3,0.5,0,0.0,0,0.0,0,0.0,0,0.0
麟麒在墙头吃瓜,3,2,wemedia_only,4,3,2023-05,0.0,0.5,0.5,0,0.0,1,0.5,0,0.0,0,0.0,1,0.5,0,0.0,0,0.0,0,0.0,0,0.0
麦可依然香饽饽,28,27,mainstream_only,23,28,2023-02,0.18518518518518517,0.18518518518518517,0.37037037037037035,5,0.18518518518518517,4,0.14814814814814814,1,0.037037037037037035,4,0.14814814814814814,10,0.37037037037037035,1,0.037037037037037035,1,0.037037037037037035,1,0.037037037037037035,0,0.0
麦莉酥酥,3,2,no_media,1,2,2022-12,0.0,0.0,0.5,0,0.0,0,0.0,0,0.0,0,0.0,1,0.5,0,0.0,0,0.0,1,0.5,0,0.0
麻醉医生凌楚眠,4,3,mainstream_only,1,4,2024-09,0.0,0.0,1.0,0,0.0,0,0.0,0,0.0,0,0.0,3,1.0,0,0.0,0,0.0,0,0.0,0,0.0
黄冈政府门户网,12,11,no_media,0,12,2020-02,0.0,0.0,1.0,0,0.0,0,0.0,0,0.0,0,0.0,11,1.0,0,0.0,0,0.0,0,0.0,0,0.0
黄勇刚,2,1,wemedia_only,1,2,2023-10,0.0,0.0,1.0,0,0.0,0,0.0,0,0.0,0,0.0,1,1.0,0,0.0,0,0.0,0,0.0,0,0.0
黄圆媛医师,2,1,wemedia_only,2,2,2021-03,0.0,0.0,0.0,0,0.0,0,0.0,0,0.0,0,0.0,0,0.0,0,0.0,0,0.0,1,1.0,0,0.0
黄埔检察,2,1,mainstream_only,2,2,2022-10,0.0,0.0,1.0,0,0.0,0,0.0,0,0.0,0,0.0,1,1.0,0,0.0,0,0.0,0,0.0,0,0.0
黄打油,14,13,mainstream_only,6,13,2023-02,0.23076923076923078,0.3076923076923077,0.07692307692307693,0,0.0,3,0.23076923076923078,1,0.07692307692307693,1,0.07692307692307693,1,0.07692307692307693,2,0.15384615384615385,2,0.15384615384615385,1,0.07692307692307693,2,0.15384615384615385
黄昏起了雪犹其宁静,2,1,wemedia_only,1,1,2022-12,0.0,1.0,0.0,0,0.0,1,1.0,0,0.0,0,0.0,0,0.0,0,0.0,0,0.0,0,0.0,0,0.0
黄毛秋莎,2,1,mainstream_only,6,2,2020-03,0.0,0.0,1.0,0,0.0,0,0.0,0,0.0,0,0.0,1,1.0,0,0.0,0,0.0,0,0.0,0,0.0
黄河新闻网,4,3,no_media,0,4,2021-08,0.0,0.0,1.0,0,0.0,0,0.0,0,0.0,0,0.0,3,1.0,0,0.0,0,0.0,0,0.0,0,0.0
黄河新闻网忻州频道,3,2,no_media,0,3,2022-12,0.0,0.0,1.0,0,0.0,0,0.0,0,0.0,0,0.0,2,1.0,0,0.0,0,0.0,0,0.0,0,0.0
黄点点的微博,2,1,mainstream_only,1,2,2024-04,0.0,0.0,1.0,0,0.0,0,0.0,0,0.0,0,0.0,1,1.0,0,0.0,0,0.0,0,0.0,0,0.0
黄石发布,33,32,no_media,0,29,2020-02,0.0,0.0,1.0,0,0.0,0,0.0,0,0.0,0,0.0,32,1.0,0,0.0,0,0.0,0,0.0,0,0.0
黄石市广播电视台,28,27,no_media,0,26,2017-11,0.0,0.0,1.0,0,0.0,0,0.0,0,0.0,0,0.0,27,1.0,0,0.0,0,0.0,0,0.0,0,0.0
黄茂欣,2,1,no_media,2,2,2022-12,0.0,0.0,0.0,0,0.0,0,0.0,0,0.0,0,0.0,0,0.0,0,0.0,0,0.0,0,0.0,1,1.0
黄道带1977,2,1,no_media,1,2,2022-12,0.0,0.0,1.0,0,0.0,0,0.0,0,0.0,0,0.0,1,1.0,0,0.0,0,0.0,0,0.0,0,0.0
黎明的希望夕阳的悲伤,2,1,no_media,1,2,2023-07,0.0,0.0,0.0,0,0.0,0,0.0,0,0.0,0,0.0,0,0.0,0,0.0,0,0.0,1,1.0,0,0.0
黑人cccp二号,2,1,wemedia_only,3,2,2023-04,0.0,0.0,1.0,0,0.0,0,0.0,0,0.0,0,0.0,1,1.0,0,0.0,0,0.0,0,0.0,0,0.0
黑桐亁也,3,2,wemedia_only,3,3,2024-01,0.0,0.5,0.5,0,0.0,1,0.5,0,0.0,0,0.0,1,0.5,0,0.0,0,0.0,0,0.0,0,0.0
黑珍珠启航,2,1,wemedia_only,4,1,2023-03,0.0,0.0,1.0,0,0.0,0,0.0,0,0.0,0,0.0,1,1.0,0,0.0,0,0.0,0,0.0,0,0.0
黑黑_gunner,2,1,mainstream_only,2,2,2024-03,0.0,0.0,1.0,0,0.0,0,0.0,0,0.0,0,0.0,1,1.0,0,0.0,0,0.0,0,0.0,0,0.0
黑龙江交通广播,4,3,no_media,0,4,2020-02,0.0,0.0,1.0,0,0.0,0,0.0,0,0.0,0,0.0,3,1.0,0,0.0,0,0.0,0,0.0,0,0.0
黑龙江广播电视台,3,2,no_media,0,3,2022-12,0.0,0.0,1.0,0,0.0,0,0.0,0,0.0,0,0.0,2,1.0,0,0.0,0,0.0,0,0.0,0,0.0
黑龙江日报,27,26,no_media,0,23,2020-12,0.038461538461538464,0.038461538461538464,0.9230769230769231,0,0.0,1,0.038461538461538464,0,0.0,1,0.038461538461538464,24,0.9230769230769231,0,0.0,0,0.0,0,0.0,0,0.0
黔东南新闻网官方微博,22,21,no_media,0,21,2020-02,0.0,0.0,1.0,0,0.0,0,0.0,0,0.0,0,0.0,21,1.0,0,0.0,0,0.0,0,0.0,0,0.0
黔南检察,3,2,mainstream_only,1,3,2021-03,0.0,0.5,0.5,0,0.0,1,0.5,0,0.0,0,0.0,1,0.5,0,0.0,0,0.0,0,0.0,0,0.0
默存涵德,2,1,dual,9,2,2023-02,0.0,0.0,1.0,0,0.0,0,0.0,0,0.0,0,0.0,1,1.0,0,0.0,0,0.0,0,0.0,0,0.0
點新聞dotdotnews,5,4,no_media,0,5,2022-03,0.0,0.0,1.0,0,0.0,0,0.0,0,0.0,0,0.0,4,1.0,0,0.0,0,0.0,0,0.0,0,0.0
齐云圣帝洛珊,5,4,wemedia_only,3,5,2023-06,0.25,0.25,0.25,1,0.25,1,0.25,0,0.0,1,0.25,1,0.25,0,0.0,0,0.0,0,0.0,0,0.0
齐鲁壹点,28,27,no_media,0,24,2020-02,0.0,0.0,1.0,0,0.0,0,0.0,0,0.0,0,0.0,27,1.0,0,0.0,0,0.0,0,0.0,0,0.0
齐鲁晚报,42,41,no_media,0,37,2020-01,0.07317073170731707,0.07317073170731707,0.8536585365853658,0,0.0,3,0.07317073170731707,0,0.0,3,0.07317073170731707,35,0.8536585365853658,0,0.0,0,0.0,0,0.0,0,0.0
齐鲁晚报-今日菏泽,7,6,no_media,0,7,2021-06,0.0,0.0,1.0,0,0.0,0,0.0,0,0.0,0,0.0,6,1.0,0,0.0,0,0.0,0,0.0,0,0.0
齐鲁青未了-3,26,25,wemedia_only,14,26,2022-12,0.08,0.08,0.8,0,0.0,1,0.04,1,0.04,2,0.08,20,0.8,0,0.0,0,0.0,1,0.04,0,0.0
龍宮輝夜,3,2,wemedia_only,4,3,2022-10,0.5,0.5,0.0,0,0.0,1,0.5,0,0.0,1,0.5,0,0.0,0,0.0,0,0.0,0,0.0,0,0.0
龙头视野,9,8,no_media,0,7,2020-02,0.0,0.0,1.0,0,0.0,0,0.0,0,0.0,0,0.0,8,1.0,0,0.0,0,0.0,0,0.0,0,0.0
