user_name,n_targets_total,n_m,n_w,B_i,user_type_raw,node_type_3class
秦都检察,2,1,1,1.0,mainstream,mainstream
huabiwei,13,1,1,1.0,public,ordinary
飞天神猪的欢乐窝,3,1,1,1.0,public,ordinary
流了个年呀呀呀呀,3,1,1,1.0,public,ordinary
风湿科聂医生,2,1,1,1.0,public,ordinary
好像笑,3,1,1,1.0,public,ordinary
北京房山韩村河健康教育,2,1,1,1.0,public,ordinary
芊霖Joyce,2,1,1,1.0,public,ordinary
方脑壳邓铂鋆,10,1,1,1.0,public,ordinary
寂寞死球可,2,1,1,1.0,public,ordinary
人籍spirit,2,1,1,1.0,public,ordinary
无敌幸运小番茄,4,1,1,1.0,public,ordinary
张国庆看天下,9,2,2,1.0,wemedia,wemedia
中西医结合医学微博,17,2,2,1.0,public,ordinary
核聚变ju,14,2,2,1.0,public,ordinary
剑客2046,2,1,1,1.0,public,ordinary
辽阔湛蓝1,2,1,1,1.0,public,ordinary
哥小拉不喜欢说话,2,1,1,1.0,public,ordinary
乾坤赢得一闲人,10,1,1,1.0,public,ordinary
希然宁泊ling,2,1,1,1.0,other,ordinary
维维滴豆奶么么哒,10,1,1,1.0,public,ordinary
陕西汉书下酒,7,1,1,1.0,mainstream,mainstream
又简单又趣闻的昵称,6,1,1,1.0,public,ordinary
阿正时光,2,1,1,1.0,public,ordinary
baby-unicorn,15,1,1,1.0,public,ordinary
_苏沐瑶_,3,1,1,1.0,public,ordinary
嘉善老顾,2,1,1,1.0,wemedia,wemedia
雨城A,5,1,1,1.0,public,ordinary
星弧权益,4,1,1,1.0,other,ordinary
路过1314,2,1,1,1.0,public,ordinary
半山一片林木也,3,1,1,1.0,public,ordinary
三无_六不,7,2,2,1.0,public,ordinary
梦醉春风,2,1,1,1.0,public,ordinary
慌则乱急则疲三代目,2,1,1,1.0,public,ordinary
醇咖Kkk,2,1,1,1.0,public,ordinary
百战刀,2,1,1,1.0,wemedia,wemedia
朱理明-中医肿瘤君,2,1,1,1.0,wemedia,wemedia
-夜鸮-,4,1,1,1.0,public,ordinary
知行合一_2023-3,7,1,1,1.0,public,ordinary
高龄少女心,2,1,1,1.0,public,ordinary
香草拉面,3,1,1,1.0,public,ordinary
郭晓东_,5,1,1,1.0,public,ordinary
全民wisdom,5,1,1,1.0,wemedia,wemedia
向往发展,3,1,1,1.0,public,ordinary
123和雅音,3,1,1,1.0,public,ordinary
恶魔灯笼,5,1,1,1.0,public,ordinary
凌水听涛,3,1,1,1.0,public,ordinary
金池荷涟涟,13,1,1,1.0,public,ordinary
怡味薯蓣锦,12,1,1,1.0,public,ordinary
谢耘,2,1,1,1.0,wemedia,wemedia
raruku2010或者叫口袋,3,1,1,1.0,public,ordinary
来碗饸络面,7,1,1,1.0,public,ordinary
夏青青的猫,6,1,1,1.0,public,ordinary
用户7612030497,9,1,1,1.0,public,ordinary
呵呵上海2012,39,3,4,0.8571428571428572,public,ordinary
琥珀柏林,23,2,3,0.8,public,ordinary
溧阳人在珀斯,7,2,3,0.8,public,ordinary
伯阳先生-段本司,16,2,1,0.6666666666666667,public,ordinary
NS_foreveryoung,6,2,1,0.6666666666666667,public,ordinary
雷神1999,39,4,2,0.6666666666666667,public,ordinary
MaoTaiPianzhi茅台片仔癀,33,1,2,0.6666666666666667,public,ordinary
波浪女郎,8,1,2,0.6666666666666667,wemedia,wemedia
夕阳月色美,6,1,2,0.6666666666666667,public,ordinary
勇敢的往前走吧,5,1,2,0.6666666666666667,public,ordinary
独立小楼99,8,3,1,0.5,public,ordinary
yuankong198610,15,1,3,0.5,public,ordinary
用户7821370827,15,3,1,0.5,public,ordinary
lavender-loyal,12,1,5,0.33333333333333337,public,ordinary
我是希尔瑞思,41,21,1,0.09090909090909094,public,ordinary
火龙果遇见橙子,1,1,0,0.0,other,ordinary
火火又红红,1,1,0,0.0,public,ordinary
烟台迟巨德,1,1,0,0.0,public,ordinary
温言软语钟晓岚,3,0,1,0.0,public,ordinary
灬氵-,2,1,0,0.0,public,ordinary
点儿也布園3y,1,1,0,0.0,public,ordinary
火星人ZHENMAFAN,1,1,0,0.0,public,ordinary
灿若流樱Kristy,1,0,1,0.0,public,ordinary
灯辉西渡刘露,3,0,1,0.0,wemedia,wemedia
灰大Miu,1,1,0,0.0,public,ordinary
湖绿娘,2,0,1,0.0,public,ordinary
潜水吃瓜一级选手,2,2,0,0.0,public,ordinary
湿浅蚀RED,1,0,1,0.0,wemedia,wemedia
满了不要怂,2,1,0,0.0,public,ordinary
漫又又的,1,1,0,0.0,public,ordinary
温柔人尽皆知hd,1,1,0,0.0,public,ordinary
流浪的军刀的坎肩,1,0,1,0.0,public,ordinary
流影凌霄,1,1,0,0.0,public,ordinary
流云寂寞无言,2,0,1,0.0,public,ordinary
津津有味忘时,1,1,0,0.0,public,ordinary
津云新闻,1,1,0,0.0,mainstream,mainstream
洞爷湖中镜中仙人板板,1,1,0,0.0,other,ordinary
洛兮Romy,1,1,0,0.0,public,ordinary
洗脚池的NEO,3,0,1,0.0,public,ordinary
点兄点弟,1,1,0,0.0,public,ordinary
法的背后,2,0,1,0.0,public,ordinary
法师升级打怪中,1,0,1,0.0,public,ordinary
法国普罗旺斯之心目的地,1,0,1,0.0,wemedia,wemedia
泉源堂大药房,1,1,0,0.0,other,ordinary
河北北方学院校团委,1,1,0,0.0,other,ordinary
沫bea,1,1,0,0.0,public,ordinary
沐森李,1,0,1,0.0,wemedia,wemedia
沉默d前行,1,0,1,0.0,public,ordinary
洁洁的小拇指,1,1,0,0.0,public,ordinary
温州发布,1,1,0,0.0,wemedia,wemedia
清风易冷_JL,1,1,0,0.0,wemedia,wemedia
清溪照影,1,0,1,0.0,public,ordinary
清清努力加油,1,0,1,0.0,wemedia,wemedia
深汕发布,1,1,0,0.0,government,mainstream
深圳湾岸线,1,0,1,0.0,public,ordinary
淋漓PLS,1,1,0,0.0,public,ordinary
涼風suzukaze,1,1,0,0.0,wemedia,wemedia
济南市文化和旅游局,1,1,0,0.0,other,ordinary
海边大红袍,3,0,1,0.0,public,ordinary
海盐焦糖柠檬水ONE,1,1,0,0.0,public,ordinary
海淀区花园路健康教育,2,1,0,0.0,public,ordinary
海异光,1,1,0,0.0,public,ordinary
海带王中王,1,0,1,0.0,public,ordinary
浦口气象,1,1,0,0.0,other,ordinary
浣纱园艺,4,0,1,0.0,public,ordinary
济宁高新,3,1,0,0.0,other,ordinary
济南教育电视台,2,1,0,0.0,mainstream,mainstream
涨盈多多,2,0,1,0.0,public,ordinary
用户7383788521,1,0,1,0.0,public,ordinary
用户6756298991738972991,1,1,0,0.0,public,ordinary
用户6485472783,1,0,1,0.0,public,ordinary
用户6469127525,3,0,1,0.0,public,ordinary
用户6401479902,1,0,1,0.0,public,ordinary
用户6386120450医者仁心,1,1,0,0.0,public,ordinary
用户6317116087,2,0,1,0.0,public,ordinary
用户6314535171,4,0,2,0.0,public,ordinary
牛肉包子兔,3,1,0,0.0,public,ordinary
用户6284858723,2,2,0,0.0,public,ordinary
用户6016697856,7,2,0,0.0,public,ordinary
用户5655084485,2,1,0,0.0,public,ordinary
用户5494427807,4,0,1,0.0,public,ordinary
用户5371581768,7,0,1,0.0,public,ordinary
用户5252291814,1,1,0,0.0,public,ordinary
用户3903596754,1,1,0,0.0,public,ordinary
用户2717701132,1,1,0,0.0,public,ordinary
用户21767211,1,1,0,0.0,public,ordinary
用户6306416909,5,0,2,0.0,public,ordinary
皇汉1976,9,0,1,0.0,public,ordinary
皇族养心堂卢阿姨,1,0,1,0.0,wemedia,wemedia
的喀喀,1,1,0,0.0,public,ordinary
白雪下的小麦,5,0,1,0.0,public,ordinary
白羽岚_智障_而且瞎,1,0,1,0.0,public,ordinary
白眉大侠5995,2,2,0,0.0,public,ordinary
白宇飞的微博,1,1,0,0.0,wemedia,wemedia
白刃饶,1,1,0,0.0,public,ordinary
登高_2023,1,1,0,0.0,other,ordinary
用户7419075603,1,0,1,0.0,public,ordinary
瘟疫之地老弗丁,2,1,0,0.0,public,ordinary
疯魔电影,1,0,1,0.0,wemedia,wemedia
番茄牛腩泡腾片,1,1,0,0.0,public,ordinary
留坝检察院,1,1,0,0.0,other,ordinary
电搅,6,0,2,0.0,public,ordinary
甲醇不好做,2,0,1,0.0,public,ordinary
用户名426759153489,1,1,0,0.0,public,ordinary
用户7721230748,2,0,2,0.0,public,ordinary
用户7517301092,1,1,0,0.0,public,ordinary
登山临水孰与归,1,0,1,0.0,public,ordinary
沈良-宏观价值投资,1,1,0,0.0,public,ordinary
牙科有科牙,4,1,0,0.0,public,ordinary
片刻宁静2024,1,0,1,0.0,public,ordinary
爱看车的人,4,0,1,0.0,public,ordinary
爱看特摄剧的老顾,3,0,2,0.0,public,ordinary
爱生活的有志青年,1,1,0,0.0,public,ordinary
爱吃辣的小绵羊,1,0,1,0.0,public,ordinary
爱吃的汤圆是番薯皮的,1,0,1,0.0,wemedia,wemedia
生殖医学博士魏晓瑞,1,0,1,0.0,wemedia,wemedia
燕北翔,2,1,0,0.0,public,ordinary
熙熙攘攘独木桥·,1,0,1,0.0,wemedia,wemedia
熊崽019,1,0,1,0.0,wemedia,wemedia
焦面包,1,0,1,0.0,public,ordinary
無名無相02,2,1,0,0.0,public,ordinary
热干面塑料袋,13,1,0,0.0,public,ordinary
烟雨笙笙,2,1,0,0.0,public,ordinary
烟雨楼百年孤独,5,0,3,0.0,public,ordinary
烟火默默,1,0,1,0.0,public,ordinary
爆米花好美_ysl,2,0,1,0.0,public,ordinary
生态梦人,2,2,0,0.0,public,ordinary
璎珞牡丹,1,0,1,0.0,public,ordinary
瑶碧丹华,1,0,1,0.0,wemedia,wemedia
瑟颜瑟语,2,0,1,0.0,public,ordinary
琉璃瓶的记忆-,1,0,1,0.0,wemedia,wemedia
珀溪_,2,0,1,0.0,public,ordinary
环球总财,1,1,0,0.0,other,ordinary
玩绒毛具狗,1,0,1,0.0,public,ordinary
玖玖子,1,1,0,0.0,public,ordinary
牵伊伊小手,1,0,1,0.0,wemedia,wemedia
王清州,1,1,0,0.0,wemedia,wemedia
王丽华云,3,1,0,0.0,public,ordinary
玉米皮多多,2,1,0,0.0,public,ordinary
猫猫阿姨的食堂,1,0,1,0.0,wemedia,wemedia
猫猫猫粮管够,3,0,1,0.0,public,ordinary
猫依Sansan,1,0,1,0.0,public,ordinary
狲狲球球,4,0,1,0.0,public,ordinary
独行艾泽拉斯,2,1,0,0.0,public,ordinary
独享壹个世界天使也無奈,1,0,1,0.0,wemedia,wemedia
王炎王京,1,1,0,0.0,public,ordinary
春日暖阳老窝,2,0,1,0.0,public,ordinary
星的天籁,3,1,0,0.0,public,ordinary
星球表面22,1,0,1,0.0,public,ordinary
星期六的咪咪眼,2,1,0,0.0,public,ordinary
星星住在夏天,3,1,0,0.0,public,ordinary
星星leo_,10,0,1,0.0,public,ordinary
星光看天下,1,0,1,0.0,public,ordinary
星光洒满衣,1,1,0,0.0,public,ordinary
易拉宝三号,11,1,0,0.0,public,ordinary
水瓶那一抹绿,5,1,0,0.0,public,ordinary
明东征提督李如松,2,1,0,0.0,public,ordinary
时光之心惟精一,3,1,0,0.0,public,ordinary
旧梦千城,1,1,0,0.0,other,ordinary
日番谷桃子lovetakanori,2,1,0,0.0,public,ordinary
无言的发冷,1,1,0,0.0,other,ordinary
无敌小米周妈妈,2,1,0,0.0,public,ordinary
无所谓呦315,6,0,1,0.0,public,ordinary
方枪枪去哪儿了,1,1,0,0.0,public,ordinary
新疆察叔,1,1,0,0.0,wemedia,wemedia
明星视窗,1,1,0,0.0,wemedia,wemedia
月球表面陨石坑组,4,1,0,0.0,wemedia,wemedia
月引步步娇,1,1,0,0.0,public,ordinary
最棒的kevin王子,2,1,0,0.0,public,ordinary
最cool的自己,1,1,0,0.0,public,ordinary
曾经的月光鱼,1,1,0,0.0,public,ordinary
暮远松,1,1,0,0.0,public,ordinary
智慧多多益善哉,1,1,0,0.0,public,ordinary
景遇明,1,1,0,0.0,public,ordinary
普洱政法,1,1,0,0.0,wemedia,wemedia
春风之夭夭,2,1,0,0.0,public,ordinary
晓晓Cora,1,1,0,0.0,public,ordinary
昵称都没一个能用,1,0,1,0.0,public,ordinary
昵称继续用彡点,2,1,0,0.0,public,ordinary
昵称全都不能用咋整,1,0,1,0.0,public,ordinary
是香水百合,1,0,1,0.0,public,ordinary
是我的心动了啦,1,0,1,0.0,public,ordinary
是娟娟米啊,1,1,0,0.0,public,ordinary
是id酱鸭,1,0,1,0.0,public,ordinary
昭瑕6200,1,1,0,0.0,public,ordinary
春风伊人,3,1,0,0.0,public,ordinary
普洱市思茅区法院,1,1,0,0.0,other,ordinary
抚州资溪发布,1,1,0,0.0,government,mainstream
折剑江湖远,2,1,0,0.0,public,ordinary
承诺就是写在沙滩上旳字,1,0,1,0.0,wemedia,wemedia
找不到答案的时候就找我自己,1,0,1,0.0,public,ordinary
战甲装研菌,3,0,1,0.0,public,ordinary
战无不胜警官号,3,1,0,0.0,public,ordinary
我谁3,3,1,0,0.0,public,ordinary
我要买iPhone5,1,0,1,0.0,public,ordinary
我艾BEIJING,1,1,0,0.0,public,ordinary
新浪热点,3,0,2,0.0,other,ordinary
我爱精神分析,1,1,0,0.0,public,ordinary
我爱丫丫悟,7,1,0,0.0,public,ordinary
我本孤獨何懼寂寞,2,1,0,0.0,public,ordinary
我有一座长满石莲的小院,1,0,1,0.0,public,ordinary
我是美囡她亲夫,1,1,0,0.0,public,ordinary
我是佩儿,1,0,1,0.0,wemedia,wemedia
我头像可爱吗,2,0,1,0.0,wemedia,wemedia
我叫诸同学,1,1,0,0.0,public,ordinary
我去2k年,1,0,1,0.0,public,ordinary
我看到你就开心呀,1,0,1,0.0,public,ordinary
新浪健康,1,0,1,0.0,other,ordinary
新叶天天长老--李日新,6,0,2,0.0,public,ordinary
新凭荟,1,1,0,0.0,wemedia,wemedia
文明三门峡市第三中学,1,1,0,0.0,other,ordinary
文化人永远不会错,1,1,0,0.0,public,ordinary
敷和中医LI,1,0,1,0.0,wemedia,wemedia
数控铣床云南白药,4,0,1,0.0,public,ordinary
故乡变奏曲2018,1,0,1,0.0,public,ordinary
放飞心情12,1,1,0,0.0,public,ordinary
拍帮主,16,0,1,0.0,public,ordinary
改亻十么名字,1,1,0,0.0,public,ordinary
擦擦拉丁,1,0,1,0.0,public,ordinary
撒撒是小王子,1,0,1,0.0,public,ordinary
搁浅脆脆鲨_,1,0,1,0.0,public,ordinary
揪鸠就酒,8,0,1,0.0,public,ordinary
推石上山198505,2,1,0,0.0,public,ordinary
捧咚杀世界,2,1,0,0.0,public,ordinary
振花宇,1,0,1,0.0,public,ordinary
挡ba股,3,1,0,0.0,public,ordinary
拳殖杀手,1,1,0,0.0,public,ordinary
改什么名字1998,1,0,1,0.0,public,ordinary
水丽净水器,1,1,0,0.0,other,ordinary
气象洛阳,1,1,0,0.0,other,ordinary
民勤县融媒体中心,1,1,0,0.0,other,ordinary
毫河餐厅主理人,1,0,1,0.0,public,ordinary
毒岛甜豚,1,1,0,0.0,public,ordinary
每天笑一笑end,2,0,1,0.0,public,ordinary
殿下君,1,1,0,0.0,public,ordinary
殖奴养殖场,1,0,1,0.0,public,ordinary
武生2050,1,1,0,0.0,public,ordinary
月紫天华,3,1,0,0.0,public,ordinary
正胜1949,3,0,1,0.0,public,ordinary
止谣君,4,1,0,0.0,public,ordinary
欢乐的可冉,1,0,1,0.0,public,ordinary
橙子里有个咕噜噜,1,0,1,0.0,wemedia,wemedia
横竖都二没有正,1,1,0,0.0,public,ordinary
樊百乐,1,1,0,0.0,public,ordinary
楼市政国策,1,0,1,0.0,wemedia,wemedia
检逸,1,1,0,0.0,other,ordinary
梦里花落soso,10,1,0,0.0,public,ordinary
正道之光_二代目,1,1,0,0.0,public,ordinary
沈羽晨阡陌的,1,1,0,0.0,other,ordinary
汪东宏,1,1,0,0.0,other,ordinary
江西科技师范大学团委,1,1,0,0.0,other,ordinary
江苏市场监管,1,1,0,0.0,government,mainstream
江湖逸娱,1,1,0,0.0,public,ordinary
江户-柯南,1,1,0,0.0,public,ordinary
江夏云飞,3,1,0,0.0,public,ordinary
江南三句半,1,1,0,0.0,other,ordinary
江东豪客199207,1,0,1,0.0,public,ordinary
水木丁,2,1,0,0.0,public,ordinary
汕头大小事,1,1,0,0.0,wemedia,wemedia
汉方之家,1,1,0,0.0,other,ordinary
汉唐长安中医郭仲凯,11,1,0,0.0,wemedia,wemedia
汉中市检察院,1,1,0,0.0,wemedia,wemedia
求丹云,2,1,0,0.0,public,ordinary
水饺想变成冬菜包,2,0,1,0.0,public,ordinary
水边随想,1,1,0,0.0,public,ordinary
盗版老朱,1,1,0,0.0,public,ordinary
水獭一般编-阿怡,1,0,1,0.0,public,ordinary
水泽容丽,5,0,1,0.0,public,ordinary
江东·布衣,3,0,1,0.0,public,ordinary
李疆_stephanie,1,1,0,0.0,public,ordinary
李思-sz,1,1,0,0.0,public,ordinary
李冬西,1,1,0,0.0,public,ordinary
杉何可见,1,0,1,0.0,wemedia,wemedia
机吉斯卡,4,0,1,0.0,public,ordinary
未眠_13,1,0,1,0.0,wemedia,wemedia
未来可期-欣爷,1,1,0,0.0,public,ordinary
未央roxanne,1,1,0,0.0,public,ordinary
木木_雲好可爱bot,1,0,1,0.0,public,ordinary
梦游天姥切国广,1,1,0,0.0,public,ordinary
木子-0632,2,1,0,0.0,other,ordinary
木大木大刚大木,1,0,1,0.0,public,ordinary
朝阳生态环境,2,1,0,0.0,other,ordinary
朝川暮雪,1,1,0,0.0,public,ordinary
望江防邪,1,1,0,0.0,other,ordinary
望月开心,1,0,1,0.0,public,ordinary
有趣的医学冷知识,1,1,0,0.0,wemedia,wemedia
有瓜瓜,1,0,1,0.0,wemedia,wemedia
有原则的颜狗,2,0,1,0.0,wemedia,wemedia
木客001,1,1,0,0.0,public,ordinary
梦宅1942,1,0,1,0.0,wemedia,wemedia
梅干菜好吃,1,0,1,0.0,public,ordinary
桃子不爱吃零食,1,1,0,0.0,public,ordinary
桃之夭夭pinky,1,0,1,0.0,public,ordinary
格格雪红,1,0,1,0.0,public,ordinary
格格红酒,1,1,0,0.0,public,ordinary
根深叶茂_和光同尘,2,0,1,0.0,public,ordinary
校阳,1,1,0,0.0,public,ordinary
柳騏騏,1,1,0,0.0,public,ordinary
李羲和M,1,1,0,0.0,public,ordinary
枫翎科技,1,1,0,0.0,other,ordinary
果子精灵-量子世界,2,0,1,0.0,public,ordinary
林步里,10,0,1,0.0,public,ordinary
林晓海瑜伽行者,1,0,1,0.0,wemedia,wemedia
林妤芬LinYuFen,1,0,1,0.0,public,ordinary
极乐鸟-爱画画,1,0,1,0.0,public,ordinary
杭州发布,1,1,0,0.0,government,mainstream
杨逢春2015,2,0,1,0.0,public,ordinary
来去之间,6,0,1,0.0,public,ordinary
李觉林,2,0,1,0.0,public,ordinary
柠檬露清香,2,1,0,0.0,public,ordinary
重庆科协,1,1,0,0.0,other,ordinary
重庆Q博士,1,1,0,0.0,other,ordinary
酸苗双拒,4,0,1,0.0,public,ordinary
酱紫色饭团,22,4,0,0.0,public,ordinary
都市丽人46688,1,1,0,0.0,public,ordinary
郭涛观察,1,0,1,0.0,wemedia,wemedia
郑良霄,2,1,0,0.0,public,ordinary
郑州铁路,1,1,0,0.0,wemedia,wemedia
邹大进,1,0,1,0.0,wemedia,wemedia
神奇的大萌,1,1,0,0.0,public,ordinary
邵阳政法,1,1,0,0.0,other,ordinary
邪不压正_长寿康宁,1,1,0,0.0,other,ordinary
邨东巨岩,1,1,0,0.0,public,ordinary
那片白色屋顶,1,0,1,0.0,public,ordinary
那天午后201511,1,0,1,0.0,public,ordinary
邝伟韬价值投资,2,1,0,0.0,public,ordinary
邓立君_expect,1,0,1,0.0,public,ordinary
邓林子乐,2,2,0,0.0,public,ordinary
道遒,3,0,1,0.0,public,ordinary
邵鹅er,1,1,0,0.0,public,ordinary
阿拉善政法,2,2,0,0.0,other,ordinary
阿君给爹攒退休钱,2,0,1,0.0,public,ordinary
阿包peggy嘉,2,1,0,0.0,public,ordinary
闹市中十字街口的塔,1,1,0,0.0,public,ordinary
闵行虹桥,1,1,0,0.0,other,ordinary
闲云战鹤,2,1,0,0.0,public,ordinary
闭上眼睛养个神儿,1,0,1,0.0,public,ordinary
长风无色_,3,0,1,0.0,public,ordinary
铿锵广告,1,1,0,0.0,other,ordinary
重残强直青年赵树珍,1,1,0,0.0,public,ordinary
铭锐兔,1,1,0,0.0,public,ordinary
铭铭铭M-M,1,0,1,0.0,public,ordinary
铜陵发布,1,1,0,0.0,government,mainstream
钮祜禄_蕾,5,1,0,0.0,public,ordinary
金融大赚手,1,0,1,0.0,wemedia,wemedia
金發瑩瑩,2,0,1,0.0,wemedia,wemedia
金生水起的福满生活,2,0,1,0.0,public,ordinary
金口算命,1,0,1,0.0,wemedia,wemedia
野鹿纯,1,1,0,0.0,other,ordinary
野三生石草,2,1,0,0.0,other,ordinary
银河宇宙的浪漫子民,1,1,0,0.0,public,ordinary
赤jio熊喵,6,1,0,0.0,public,ordinary
贾斯托愛瓜瓜,1,1,0,0.0,public,ordinary
贺州反邪,1,1,0,0.0,other,ordinary
贵州戒毒,2,2,0,0.0,other,ordinary
贵州市场监管,1,1,0,0.0,government,mainstream
质量与标准化,1,1,0,0.0,other,ordinary
财越达,1,0,1,0.0,wemedia,wemedia
财家幸福富贵花,1,1,0,0.0,public,ordinary
财多多_逆袭,1,1,0,0.0,public,ordinary
遇见春光玲,1,1,0,0.0,public,ordinary
财中医啊,1,1,0,0.0,public,ordinary
贝勒王·,5,1,0,0.0,public,ordinary
貔恘移山,6,1,0,0.0,public,ordinary
豬仔錢罌,1,0,1,0.0,public,ordinary
谷妙极,2,1,0,0.0,public,ordinary
读网思考,3,2,0,0.0,wemedia,wemedia
诺克提斯的葱,1,1,0,0.0,public,ordinary
请问这是在皂甚么镊,1,0,1,0.0,wemedia,wemedia
请你看好说明书,4,0,2,0.0,public,ordinary
财入门,2,2,0,0.0,public,ordinary
逮终钾,2,1,0,0.0,public,ordinary
造就更好的自己,1,0,1,0.0,public,ordinary
逝风·残梦,1,0,1,0.0,wemedia,wemedia
追风也听雨,1,0,1,0.0,public,ordinary
迟到的雏菊也会开花,1,0,1,0.0,public,ordinary
连云港法院,1,1,0,0.0,other,ordinary
这里是儋州,1,1,0,0.0,other,ordinary
这学不上了,1,1,0,0.0,public,ordinary
还必须说不定不,10,3,0,0.0,public,ordinary
赵小姐静静的,1,0,1,0.0,public,ordinary
辛子期,1,1,0,0.0,public,ordinary
输入什么算什么,1,1,0,0.0,public,ordinary
软件钢琴师,2,1,0,0.0,public,ordinary
轩辕有巢,2,1,0,0.0,public,ordinary
躺平不起立的悠然,1,0,1,0.0,wemedia,wemedia
路锦萍,1,0,1,0.0,public,ordinary
路边的马齿菜,1,0,1,0.0,public,ordinary
路人重新路过,1,0,1,0.0,public,ordinary
路人甲乙丙丁程,1,0,1,0.0,public,ordinary
赵庆英语,1,0,1,0.0,wemedia,wemedia
辣叶摧秋,1,1,0,0.0,wemedia,wemedia
911苏州新闻广播,1,1,0,0.0,mainstream,mainstream
70的果子,4,0,2,0.0,public,ordinary
61_aqua,2,1,0,0.0,public,ordinary
584瓦宁594瓦特额宁,1,1,0,0.0,public,ordinary
21世纪经济报道,1,1,0,0.0,mainstream,mainstream
2024来了,1,0,1,0.0,wemedia,wemedia
2022年的渃渃,1,0,1,0.0,wemedia,wemedia
-食品与养生-,7,1,0,0.0,public,ordinary
香港自由行加加,1,1,0,0.0,public,ordinary
阿普游记,1,0,1,0.0,wemedia,wemedia
饭饭有饭吃,1,0,1,0.0,public,ordinary
飞驰的二向箔,1,1,0,0.0,public,ordinary
飞红巾,4,0,1,0.0,public,ordinary
飘过繁华世界,3,0,1,0.0,public,ordinary
风间流每天醒来都想装死,1,0,1,0.0,public,ordinary
风花雪月一赢居,1,0,1,0.0,public,ordinary
风紧雁行高·,3,1,0,0.0,public,ordinary
风清杨__,1,1,0,0.0,public,ordinary
风水智语,2,0,1,0.0,public,ordinary
饱乐促和谐反极端,4,1,0,0.0,public,ordinary
鹅鹅碰碰车,1,1,0,0.0,public,ordinary
鸿运当头-趙,1,0,1,0.0,wemedia,wemedia
鸠江检察,1,1,0,0.0,other,ordinary
鸟人-桃之妖妖,4,0,1,0.0,wemedia,wemedia
魔法师蛋小丁,1,0,1,0.0,public,ordinary
魔法少年阿七七,3,0,1,0.0,public,ordinary
魔法少年熊喵喵,2,1,0,0.0,public,ordinary
魔君六世御疯飞行,1,1,0,0.0,public,ordinary
高琪_周杰伦ins点赞高琪版,1,1,0,0.0,wemedia,wemedia
AAAAA专业大脑维修,1,1,0,0.0,public,ordinary
骨科康复师吕铮,1,0,1,0.0,wemedia,wemedia
骑牛看周期,3,0,1,0.0,public,ordinary
马宝琳谈房颤,1,0,1,0.0,wemedia,wemedia
17度生活,1,1,0,0.0,public,ordinary
Alex楊雲逸,1,1,0,0.0,public,ordinary
Alanlanlanl,1,1,0,0.0,public,ordinary
ATAO颜值上分中,2,0,1,0.0,wemedia,wemedia
AKS38,1,1,0,0.0,public,ordinary
AA的无聊6517077181,1,1,0,0.0,public,ordinary
AAA仙女酵母,2,1,0,0.0,public,ordinary
高举双手法兰西,1,0,1,0.0,public,ordinary
隔壁班的二哈哈,1,1,0,0.0,wemedia,wemedia
隔壁好邻居王叔叔,5,1,0,0.0,public,ordinary
隐士解惑,4,1,0,0.0,public,ordinary
随我徐行,2,1,0,0.0,public,ordinary
陶侃疫苗,3,0,1,0.0,public,ordinary
陳炫達叔叔,2,1,0,0.0,public,ordinary
陳偉andy香港,1,0,1,0.0,wemedia,wemedia
陕西政协,1,1,0,0.0,government,mainstream
陌上蝴蝶飞52,2,0,1,0.0,public,ordinary
风林火山DavidLau,1,1,0,0.0,public,ordinary
陈总是搞事,4,1,0,0.0,public,ordinary
阿龙哥BLOG,1,0,1,0.0,wemedia,wemedia
阿里搭,1,0,1,0.0,public,ordinary
阿超_港媒视点,3,1,0,0.0,wemedia,wemedia
阿萌027,1,0,1,0.0,public,ordinary
阿莲瑞也,6,0,2,0.0,public,ordinary
阿苏苏XXX,1,1,0,0.0,public,ordinary
阿良老妈,1,0,1,0.0,public,ordinary
阿盏布知道,1,0,1,0.0,public,ordinary
阿珂-keeer,1,0,1,0.0,wemedia,wemedia
陈聆畅,2,1,0,0.0,public,ordinary
風動雲零,2,0,1,0.0,public,ordinary
顿河畔的喀秋莎,2,0,1,0.0,public,ordinary
韭菜花20110704,1,1,0,0.0,public,ordinary
韦庄哥,1,1,0,0.0,wemedia,wemedia
非歌如梦,1,0,1,0.0,wemedia,wemedia
非常简单我所愿,1,0,1,0.0,public,ordinary
静焱炎,1,0,1,0.0,wemedia,wemedia
静即动,2,0,1,0.0,public,ordinary
青衣红袖2011,1,1,0,0.0,public,ordinary
雨雪霏霏然2,2,1,0,0.0,public,ordinary
青田四月,1,1,0,0.0,public,ordinary
青春的最近爱听歌,2,0,1,0.0,public,ordinary
青峰散人168,1,1,0,0.0,public,ordinary
青岛西海岸新闻网,1,1,0,0.0,wemedia,wemedia
青岛发布,1,1,0,0.0,government,mainstream
青尘3141,9,0,1,0.0,wemedia,wemedia
露丝小师哥,5,1,0,0.0,public,ordinary
雪莲乳业五好驼奶,1,1,0,0.0,other,ordinary
雪山空心菜,2,1,0,0.0,public,ordinary
雪冰杰,9,0,1,0.0,public,ordinary
青花瓷猪,1,1,0,0.0,public,ordinary
绿谷之美,1,1,0,0.0,wemedia,wemedia
绿色公民-2020,1,1,0,0.0,public,ordinary
绿绿绿绿绿绿子greenjade,2,1,0,0.0,wemedia,wemedia
绿水青山草药缘,1,0,1,0.0,wemedia,wemedia
维卡斯啦啦啦啦啦,10,0,1,0.0,public,ordinary
绩笑的心心粉,1,1,0,0.0,other,ordinary
绝处逢生的欣喜若狂,1,0,1,0.0,wemedia,wemedia
经方古中医,2,1,0,0.0,wemedia,wemedia
织姬江礼·,1,0,1,0.0,wemedia,wemedia
说是改昵称才能看到发出的评论,5,0,1,0.0,public,ordinary
绅士的喵月大人,2,1,0,0.0,public,ordinary
纶柒紗琉,1,0,1,0.0,wemedia,wemedia
红酒可乐翅根白米饭,1,0,1,0.0,public,ordinary
红色经典白,1,0,1,0.0,wemedia,wemedia
红糖蒸糕,1,0,1,0.0,public,ordinary
紫云小杉,1,1,0,0.0,public,ordinary
糖小允mastar,1,1,0,0.0,public,ordinary
精美猎妈者,1,1,0,0.0,other,ordinary
类人幻觉体验师,1,0,1,0.0,public,ordinary
细雨骑驴打滚,2,1,0,0.0,public,ordinary
肖意一肖宇齐,1,0,1,0.0,wemedia,wemedia
肇庆西江网,1,1,0,0.0,other,ordinary
而立之人81,5,1,0,0.0,public,ordinary
老荒微博,1,1,0,0.0,public,ordinary
老盖仙少爷,1,1,0,0.0,wemedia,wemedia
老猫黑酱,1,0,1,0.0,public,ordinary
老牟的微博,1,1,0,0.0,public,ordinary
老冬Max,1,1,0,0.0,public,ordinary
翻译硕士考研网,1,0,1,0.0,wemedia,wemedia
网人君剑,1,0,1,0.0,public,ordinary
羽羽山山,1,0,1,0.0,wemedia,wemedia
羽族皇子15u,2,0,2,0.0,wemedia,wemedia
美食锦鲤,1,0,1,0.0,public,ordinary
美是参差多态,1,0,1,0.0,public,ordinary
美帝花凌g2了没,1,0,1,0.0,public,ordinary
美国医级资源_Sonmore,1,0,1,0.0,wemedia,wemedia
美丽禹王台,1,1,0,0.0,other,ordinary
美中不足5555,5,2,0,0.0,public,ordinary
罗百竹,3,0,2,0.0,public,ordinary
网信玉环,1,1,0,0.0,other,ordinary
翟峰搞清这世界,1,0,1,0.0,wemedia,wemedia
离宫之期,1,1,0,0.0,public,ordinary
福杯满溢的小草,1,1,0,0.0,public,ordinary
神话pirategirl,1,1,0,0.0,public,ordinary
神来气旺福豆之,1,0,1,0.0,public,ordinary
成都市中级人民法院,1,1,0,0.0,other,ordinary
神基Laurant,1,0,1,0.0,wemedia,wemedia
祖传中医肖春林,1,0,1,0.0,wemedia,wemedia
祈福838342037,3,0,1,0.0,public,ordinary
礼泉检察,1,1,0,0.0,other,ordinary
米酒汤圆菟,1,1,0,0.0,public,ordinary
碧流沙沙沙,1,1,0,0.0,public,ordinary
石家庄卫生健康,1,1,0,0.0,government,mainstream
石佛看投资,1,0,1,0.0,wemedia,wemedia
知音汉阳,1,1,0,0.0,other,ordinary
瞻云云,1,0,1,0.0,wemedia,wemedia
看雨的风筝,1,0,1,0.0,public,ordinary
看宜兴,1,1,0,0.0,other,ordinary
直发的阿拉蕾,1,0,1,0.0,public,ordinary
直到胜利小水晶,1,0,1,0.0,public,ordinary
碧落深处一点心,3,0,1,0.0,public,ordinary
米米油,1,1,0,0.0,public,ordinary
米妮兰诗,2,1,0,0.0,public,ordinary
筱-20081027,1,0,1,0.0,public,ordinary
第三人造天堂,3,0,1,0.0,public,ordinary
第一神探长,1,1,0,0.0,public,ordinary
第一球迷胖哥,2,1,0,0.0,public,ordinary
第一合肥,1,1,0,0.0,wemedia,wemedia
第一个豆沙包,1,0,1,0.0,wemedia,wemedia
笑着寻梦,1,1,0,0.0,wemedia,wemedia
秋秋Aoair,1,0,1,0.0,wemedia,wemedia
童颜永在--心理医生,3,1,0,0.0,wemedia,wemedia
章鱼考古基地,1,0,1,0.0,wemedia,wemedia
立范标榜树正气扭转熏陶植情操,1,1,0,0.0,other,ordinary
稳稳的豆豆,3,1,0,0.0,public,ordinary
稀碎心情,5,1,0,0.0,public,ordinary
秭归发布,1,1,0,0.0,government,mainstream
秦梦琉,7,1,0,0.0,other,ordinary
秦子雄大队长,1,1,0,0.0,public,ordinary
秦哥观天下,1,1,0,0.0,public,ordinary
秋风专属,1,0,1,0.0,public,ordinary
竹庄讲道,9,5,0,0.0,public,ordinary
蜜桃-雪碧养乐多,1,1,0,0.0,public,ordinary
蜀乡夜雨,1,1,0,0.0,public,ordinary
蚕宝宝o_o,1,0,1,0.0,public,ordinary
薰衣草庄园-新宇医生,1,0,1,0.0,wemedia,wemedia
薏米薏米酱_,1,0,1,0.0,wemedia,wemedia
薄叶_诸事如意,1,1,0,0.0,public,ordinary
蔡久荣,1,1,0,0.0,public,ordinary
蔚蓝森林公园,2,0,1,0.0,public,ordinary
蓝色的心情5776,2,0,1,0.0,public,ordinary
肖突突,1,1,0,0.0,public,ordinary
蒙蒙小薯条_,1,1,0,0.0,public,ordinary
蒙味始觉,1,0,1,0.0,wemedia,wemedia
葱油拌面2010,2,1,0,0.0,public,ordinary
葬剑叹箫心,6,0,1,0.0,public,ordinary
葫芦丝图,1,0,1,0.0,public,ordinary
葩伯,1,1,0,0.0,public,ordinary
葛优瘫一级代表_Lu,1,1,0,0.0,public,ordinary
著名酒后表脸艺术家,1,0,1,0.0,wemedia,wemedia
萱萱KSH1314,1,1,0,0.0,public,ordinary
蓝帆小蓝,1,0,1,0.0,wemedia,wemedia
诚顺和中医馆女科病诊治调理中心,1,1,0,0.0,other,ordinary
让我發啦,2,0,1,0.0,public,ordinary
认真的吉吉,1,0,1,0.0,public,ordinary
誓做吃货的艾拉,1,1,0,0.0,public,ordinary
观自在悟如来,1,1,0,0.0,public,ordinary
要改正要学好,8,1,0,0.0,public,ordinary
西门丁XD,1,0,1,0.0,public,ordinary
西游未记,1,1,0,0.0,public,ordinary
西安国际港务区,1,1,0,0.0,other,ordinary
蜜桃莓莓摇摇冰,1,0,1,0.0,wemedia,wemedia
西北偏东南2020,2,1,0,0.0,public,ordinary
西充公安,1,1,0,0.0,government,mainstream
装甲北极白熊,1,0,1,0.0,public,ordinary
被辐射的女拖拉机手,1,0,1,0.0,public,ordinary
被动发财躺赢人生就是我,6,1,0,0.0,public,ordinary
袅袅水芝红nnszh,1,1,0,0.0,public,ordinary
袅袅水芝红200412,1,1,0,0.0,public,ordinary
补不足999,1,0,1,0.0,public,ordinary
行动的苍鹰,2,1,0,0.0,public,ordinary
蠡溪青莲,5,3,0,0.0,public,ordinary
西双版纳政法,1,1,0,0.0,wemedia,wemedia
花月留痕,2,0,1,0.0,public,ordinary
芊芊龙,2,1,0,0.0,wemedia,wemedia
艾瑞秋,1,1,0,0.0,public,ordinary
色琳珑079,2,1,0,0.0,public,ordinary
良知公社,1,1,0,0.0,public,ordinary
船新小白,1,1,0,0.0,public,ordinary
自律自己看,1,0,1,0.0,public,ordinary
腊肠的尾巴,1,1,0,0.0,public,ordinary
脱贫攻坚_伊丽莎白,1,1,0,0.0,public,ordinary
萨卡萨卡班班甲鱼厨子,1,0,1,0.0,public,ordinary
胭jinjing,2,0,1,0.0,public,ordinary
胡思乱想的花,6,2,0,0.0,public,ordinary
胡化立,2,1,0,0.0,wemedia,wemedia
胖胖Grenouille,1,0,1,0.0,public,ordinary
育苑春泥,1,1,0,0.0,wemedia,wemedia
育儿专家张思莱,3,1,0,0.0,public,ordinary
肥肥小炸虾,5,0,1,0.0,wemedia,wemedia
肥佬衡G,1,1,0,0.0,public,ordinary
股道热肠也,2,1,0,0.0,public,ordinary
股海也无涯,1,1,0,0.0,other,ordinary
胶佬WJ,8,1,0,0.0,public,ordinary
营养顾问芝兰之室,1,1,0,0.0,public,ordinary
萍乡安源发布,1,1,0,0.0,government,mainstream
菲小象,1,1,0,0.0,public,ordinary
菁菁青青菁菁,1,1,0,0.0,public,ordinary
莴苣与土豆,2,1,0,0.0,public,ordinary
莫斯特就挺无语,1,0,1,0.0,public,ordinary
莘县融媒体孙凌昕_,1,1,0,0.0,public,ordinary
莘县融媒体中心,2,2,0,0.0,other,ordinary
莘县孙维松,1,1,0,0.0,public,ordinary
花迎777,4,0,2,0.0,public,ordinary
药子陌,2,0,1,0.0,wemedia,wemedia
草莓售卖旅舍_,1,1,0,0.0,public,ordinary
草莓味的山楂酱,1,1,0,0.0,public,ordinary
茫茫本尊,2,0,1,0.0,public,ordinary
茉莉花味武士,1,0,1,0.0,public,ordinary
英之cai,5,1,0,0.0,wemedia,wemedia
苏打加冰_,1,1,0,0.0,other,ordinary
苏州置业顾问V,1,0,1,0.0,wemedia,wemedia
苍蓝101,1,1,0,0.0,public,ordinary
苍苍蒹葭永忆故乡,5,0,1,0.0,public,ordinary
药师驾到助健康,1,0,1,0.0,wemedia,wemedia
一键康,1,1,0,0.0,other,ordinary
一碗桔子羹,1,0,1,0.0,wemedia,wemedia
一把小汗,2,1,0,0.0,public,ordinary
一团矛盾-中医药探讨,4,1,0,0.0,public,ordinary
一叶入江川,1,1,0,0.0,public,ordinary
一只老狗逼,1,1,0,0.0,public,ordinary
一口气吃掉丸子,1,1,0,0.0,public,ordinary
一口一川,1,1,0,0.0,public,ordinary
一二三Jane,2,1,0,0.0,public,ordinary
恐怖大魔王--,1,0,1,0.0,public,ordinary
·宇你·,1,0,1,0.0,wemedia,wemedia
zzzj1202,2,0,1,0.0,public,ordinary
ziyuzilede,1,0,1,0.0,public,ordinary
zimouhk,1,1,0,0.0,other,ordinary
zhenyuncai,1,0,1,0.0,public,ordinary
zctyl2015,2,0,1,0.0,public,ordinary
yyli,4,1,0,0.0,public,ordinary
yx希望_,8,0,1,0.0,public,ordinary
yummy3_,1,0,1,0.0,public,ordinary
·苏璃陌·,1,1,0,0.0,public,ordinary
不做一个爱哭鬼,1,1,0,0.0,other,ordinary
不zuo的ph-4,9,0,2,0.0,public,ordinary
下午茶2599,2,1,0,0.0,public,ordinary
上海人捍卫上海,1,0,1,0.0,public,ordinary
上扬嘴角是我,2,1,0,0.0,public,ordinary
上善若水27294,1,1,0,0.0,public,ordinary
三湘里手_湖南本地通,1,1,0,0.0,public,ordinary
三月暒辰,3,1,0,0.0,public,ordinary
三月廿五fish,1,0,1,0.0,public,ordinary
一颗积雨云_,2,0,1,0.0,public,ordinary
三友化工小股民600409,1,1,0,0.0,wemedia,wemedia
万象更新不着相,2,1,0,0.0,public,ordinary
万孚健康,1,1,0,0.0,other,ordinary
万千重风霜任由之,1,1,0,0.0,public,ordinary
万事支持哥,2,1,0,0.0,public,ordinary
丁火戊土6,2,0,1,0.0,public,ordinary
丁声基,6,0,1,0.0,wemedia,wemedia
丁丁想做一颗盆栽BONBONBON_921,1,1,0,0.0,public,ordinary
丁一木木,1,1,0,0.0,public,ordinary
一鸣惊人RAT,3,1,0,0.0,public,ordinary
三思柯南,1,1,0,0.0,public,ordinary
mhhh188,5,0,1,0.0,public,ordinary
manyou2008,1,1,0,0.0,public,ordinary
luntan77508,2,1,0,0.0,public,ordinary
liki10000,3,0,1,0.0,public,ordinary
lemon198177,1,0,1,0.0,public,ordinary
k-lin007,2,1,0,0.0,public,ordinary
jrry86,7,0,1,0.0,public,ordinary
jlj6661_pkl,3,0,2,0.0,public,ordinary
jeleone,1,1,0,0.0,public,ordinary
yoyo_一直都很方,2,0,1,0.0,public,ordinary
inmone,1,0,1,0.0,public,ordinary
idanielxuan,1,1,0,0.0,public,ordinary
ichibana,1,0,1,0.0,wemedia,wemedia
hhxxttxs2333,1,1,0,0.0,public,ordinary
happy晓荷,1,1,0,0.0,public,ordinary
happyhappycinnamoncat,1,1,0,0.0,public,ordinary
gyongzheng,1,1,0,0.0,other,ordinary
ggsh29,2,0,1,0.0,public,ordinary
fwbb2008,1,0,1,0.0,public,ordinary
ipandmac,2,1,0,0.0,public,ordinary
xiaozhang2017,1,0,1,0.0,public,ordinary
wstilden_gu3r9,3,0,1,0.0,public,ordinary
wooooosunnysj,5,0,1,0.0,public,ordinary
willIknow,2,0,1,0.0,public,ordinary
wenray来了,6,2,0,0.0,public,ordinary
truemann88,2,1,0,0.0,public,ordinary
tomoyuese0409,1,1,0,0.0,public,ordinary
stopleaselgun,1,1,0,0.0,public,ordinary
sipomao,1,0,1,0.0,public,ordinary
myra就是笙於,5,1,0,0.0,public,ordinary
sap233,3,1,0,0.0,public,ordinary
rushinger333,3,1,0,0.0,public,ordinary
raingotong,1,0,1,0.0,public,ordinary
pd爱困觉,3,0,2,0.0,public,ordinary
ousmz,17,0,2,0.0,public,ordinary
olsenly,1,1,0,0.0,public,ordinary
o0OoOo0,1,0,1,0.0,public,ordinary
nobodymomo123,2,2,0,0.0,public,ordinary
nicole阿妮,1,0,1,0.0,public,ordinary
nee的小星星0928,1,0,1,0.0,wemedia,wemedia
shayatou08,1,0,1,0.0,public,ordinary
付士山,1,1,0,0.0,wemedia,wemedia
今日剑川,2,1,0,0.0,other,ordinary
今天也要加一杯,1,1,0,0.0,other,ordinary
人民日报健康客户端,1,1,0,0.0,mainstream,mainstream
人打猫,1,1,0,0.0,other,ordinary
人人有忠献12138,1,1,0,0.0,public,ordinary
亳州反邪教,2,2,0,0.0,other,ordinary
亲亲飞飞宝贝,1,0,1,0.0,wemedia,wemedia
亮剑鸣007,4,3,0,0.0,public,ordinary
不吃糖不吃糖就是不吃糖,8,0,1,0.0,public,ordinary
五道沟视点,1,0,1,0.0,wemedia,wemedia
五十弦311,1,0,1,0.0,public,ordinary
云淡风轻L1314521,1,1,0,0.0,public,ordinary
云泉微博,2,0,1,0.0,wemedia,wemedia
云晞万象共伶仃,1,0,1,0.0,public,ordinary
云南省互联网举报中心,1,1,0,0.0,other,ordinary
二猪,4,1,0,0.0,public,ordinary
二水柚子茶,1,1,0,0.0,wemedia,wemedia
二楼后座的白袍吖,2,1,0,0.0,public,ordinary
亦灵占星,1,1,0,0.0,public,ordinary
健康河北官微,1,1,0,0.0,other,ordinary
健康徐州,1,1,0,0.0,other,ordinary
做A股时间的朋友,1,0,1,0.0,wemedia,wemedia
倔强杜杜,1,1,0,0.0,public,ordinary
依依的1985,6,0,1,0.0,public,ordinary
你猜我到底猜不猜ya,3,1,0,0.0,public,ordinary
你是我右眼角下的痣,1,1,0,0.0,public,ordinary
作者海菱,1,0,1,0.0,wemedia,wemedia
作家艾瑞思,1,1,0,0.0,wemedia,wemedia
仠紫鹤,1,1,0,0.0,public,ordinary
佛佑良善,2,2,0,0.0,public,ordinary
余生伴你么么哒,1,1,0,0.0,public,ordinary
余柑果儿,1,1,0,0.0,public,ordinary
何怡建LOVE,1,0,1,0.0,public,ordinary
伤太深的左手,1,1,0,0.0,public,ordinary
会跑的Su,3,1,0,0.0,public,ordinary
会组织会组织会组织,2,0,1,0.0,public,ordinary
优雅的美洲豹女士,1,1,0,0.0,public,ordinary
众托帮,2,1,0,0.0,public,ordinary
仿生羊会梦见电子萝卜吗,1,1,0,0.0,public,ordinary
佛坪县检察院,1,1,0,0.0,wemedia,wemedia
中医范圣华,1,0,1,0.0,wemedia,wemedia
中医田应旭,11,0,4,0.0,public,ordinary
中医张恒毅,3,0,1,0.0,wemedia,wemedia
中医小竹,1,1,0,0.0,public,ordinary
严宝雄起,1,0,1,0.0,wemedia,wemedia
丢丢_Yee,1,0,1,0.0,public,ordinary
东禾w,1,0,1,0.0,public,ordinary
东琳羽雅,1,1,0,0.0,public,ordinary
业余宽客,1,1,0,0.0,public,ordinary
二月花bj,1,1,0,0.0,public,ordinary
专业小粉粉,1,0,1,0.0,public,ordinary
不隐卷柏,1,1,0,0.0,public,ordinary
不练出腹肌不改名11,1,0,1,0.0,public,ordinary
不稍息的77,1,0,1,0.0,wemedia,wemedia
不爱吃粽子的蜗牛,6,1,0,0.0,public,ordinary
不想期待太多,1,1,0,0.0,public,ordinary
不惜而终,1,0,1,0.0,public,ordinary
不如不曾来,17,1,0,0.0,public,ordinary
不喘气的兔子,1,1,0,0.0,public,ordinary
不和没写完作业的玩,1,0,1,0.0,public,ordinary
专注吃瓜勿cue__,2,1,0,0.0,public,ordinary
乾坤风标,1,1,0,0.0,public,ordinary
买臣负薪,5,0,1,0.0,public,ordinary
书画家郭万长-清风老人,1,0,1,0.0,wemedia,wemedia
九月萧阳,1,1,0,0.0,public,ordinary
九吃,1,0,1,0.0,wemedia,wemedia
九九渝,1,0,1,0.0,public,ordinary
乜了风,1,0,1,0.0,public,ordinary
乔家轻云,1,1,0,0.0,other,ordinary
丽达乌斯季诺维奇,1,0,1,0.0,public,ordinary
中原新哥,1,1,0,0.0,public,ordinary
丶夏青莲,1,0,1,0.0,public,ordinary
临沧政法,1,1,0,0.0,mainstream,mainstream
临汾政法,1,1,0,0.0,other,ordinary
中流击水三千里,1,1,0,0.0,public,ordinary
中年爷们,2,0,1,0.0,public,ordinary
中年S奥特曼,1,1,0,0.0,public,ordinary
中央网信办举报中心,1,1,0,0.0,mainstream,mainstream
中大教师珠珠BABE,1,1,0,0.0,wemedia,wemedia
中国石油内蒙古销售公司,1,1,0,0.0,other,ordinary
中原渔夫,1,1,0,0.0,wemedia,wemedia
为拦截,1,1,0,0.0,wemedia,wemedia
JoeJohn,1,1,0,0.0,wemedia,wemedia
Jaylar,1,1,0,0.0,public,ordinary
Irene_887,1,1,0,0.0,public,ordinary
Immmyself,1,1,0,0.0,public,ordinary
Iam小猫,1,1,0,0.0,public,ordinary
ICee圈,2,0,1,0.0,public,ordinary
H茜茜茜茜茜茜,1,1,0,0.0,other,ordinary
Hsia_666,2,0,1,0.0,public,ordinary
Helen-HZ,1,1,0,0.0,public,ordinary
free_free啊,1,1,0,0.0,wemedia,wemedia
HRA-惠斯安普,1,1,0,0.0,other,ordinary
Gorzsl,1,1,0,0.0,public,ordinary
Fungi1314,8,1,0,0.0,public,ordinary
FuJunLG,2,0,1,0.0,public,ordinary
FuJiLiLe,1,1,0,0.0,public,ordinary
FrancesCJ,1,1,0,0.0,other,ordinary
FailOftenFailFast,2,0,1,0.0,public,ordinary
Erinya102,1,1,0,0.0,public,ordinary
DarkAngel1004,2,1,0,0.0,public,ordinary
HedgehogLetter,1,1,0,0.0,public,ordinary
Louis-1,2,1,0,0.0,public,ordinary
LonShily,1,1,0,0.0,public,ordinary
Lockhoi,1,1,0,0.0,public,ordinary
LivOnagodin,1,0,1,0.0,wemedia,wemedia
LeninadeIV,1,1,0,0.0,public,ordinary
Laurent666,1,0,1,0.0,public,ordinary
Lady--雅小贝,1,0,1,0.0,public,ordinary
LTouchHe-LLLLLL,1,0,1,0.0,public,ordinary
LJY旋风,1,1,0,0.0,other,ordinary
Johnnyduoshuaa,1,1,0,0.0,public,ordinary
L-viking,1,1,0,0.0,public,ordinary
K要健健康康的,3,0,1,0.0,public,ordinary
K少家的阿菲,1,0,1,0.0,public,ordinary
Kylo3339,1,1,0,0.0,public,ordinary
Kudo_Ran_sr,3,0,1,0.0,public,ordinary
KrisFish,3,0,1,0.0,public,ordinary
Kelsi-L,1,1,0,0.0,public,ordinary
Kathy_run,1,1,0,0.0,other,ordinary
KD_72,1,0,1,0.0,public,ordinary
June-姚,1,1,0,0.0,public,ordinary
LAIFE乐梵,1,1,0,0.0,other,ordinary
鼻科医生王先忠,1,0,1,0.0,wemedia,wemedia
黛染尺素,1,1,0,0.0,other,ordinary
黑黑_gunner,2,1,0,0.0,wemedia,wemedia
黑桐亁也,3,0,1,0.0,public,ordinary
黄点点的微博,1,1,0,0.0,wemedia,wemedia
黄昏中的小狼,1,1,0,0.0,public,ordinary
黄打油,5,1,0,0.0,public,ordinary
黄埔检察,1,1,0,0.0,other,ordinary
黄勇刚,1,0,1,0.0,wemedia,wemedia
DK超玩会CC,1,1,0,0.0,public,ordinary
-相思成林-,1,1,0,0.0,other,ordinary
-心动计划-,1,0,1,0.0,wemedia,wemedia
-5996-车起步-,1,1,0,0.0,public,ordinary
--4444x--,1,0,1,0.0,wemedia,wemedia
---吃草的老虎---,1,1,0,0.0,public,ordinary
龙口市融媒体中心,1,1,0,0.0,other,ordinary
2019novelCOronaVirus,5,2,0,0.0,public,ordinary
麟麒在墙头吃瓜,4,0,1,0.0,public,ordinary
麦可依然香饽饽,14,3,0,0.0,public,ordinary
麻醉医生凌楚眠,1,1,0,0.0,public,ordinary
Cooolzee,3,1,0,0.0,public,ordinary
Coffee_Yuan,3,1,0,0.0,other,ordinary
Cl_砾儿,3,1,0,0.0,public,ordinary
Chengxiaoyu610,1,0,1,0.0,public,ordinary
Cahn_92,1,0,1,0.0,wemedia,wemedia
CY无邪,1,1,0,0.0,other,ordinary
CR7_LYJ,1,1,0,0.0,public,ordinary
CBS0086,1,1,0,0.0,public,ordinary
A退伍军人,1,1,0,0.0,public,ordinary
齐云圣帝洛珊,3,0,1,0.0,public,ordinary
A大的遊戲晉級了,3,1,0,0.0,wemedia,wemedia
Asaikana,1,1,0,0.0,public,ordinary
Apocalypse-锐,5,0,1,0.0,wemedia,wemedia
Aobama的妹妹,2,2,0,0.0,public,ordinary
Angel喵喵喵,1,0,1,0.0,public,ordinary
Amoy閩南羁旅人,2,1,0,0.0,public,ordinary
-黑椒尘埃-,1,1,0,0.0,public,ordinary
龙亭在线,1,1,0,0.0,other,ordinary
龍宮輝夜,4,0,1,0.0,public,ordinary
齐鲁青未了-3,8,0,1,0.0,public,ordinary
A是小可乐呀,1,0,1,0.0,public,ordinary
_龙麻麻,2,1,0,0.0,public,ordinary
_菩提老祖,1,0,1,0.0,public,ordinary
_肆拾_,1,0,1,0.0,public,ordinary
_清香集,1,1,0,0.0,public,ordinary
_无忧无虑YY,1,1,0,0.0,public,ordinary
_孟小四_,1,1,0,0.0,public,ordinary
_Zodiac_S,1,0,1,0.0,public,ordinary
_Pioneer93,1,1,0,0.0,public,ordinary
ZhengJ_,2,1,0,0.0,public,ordinary
LuccCccccky77,1,1,0,0.0,public,ordinary
ZYWB5998,1,1,0,0.0,public,ordinary
Yuezuofei--,1,0,1,0.0,public,ordinary
YalPark,1,1,0,0.0,public,ordinary
YUUKONOTSUBASA,3,1,0,0.0,public,ordinary
YES我是一個會發財的女人,1,1,0,0.0,public,ordinary
WinnifredX,3,0,1,0.0,public,ordinary
WicknixRay,1,1,0,0.0,public,ordinary
VNK0252,2,1,0,0.0,public,ordinary
UR只眼姬,1,0,1,0.0,public,ordinary
Zenobruto,6,1,0,0.0,public,ordinary
flex66,11,0,2,0.0,public,ordinary
evapsyche,1,0,1,0.0,public,ordinary
ebnash,18,0,2,0.0,public,ordinary
doomgnu_,3,1,0,0.0,public,ordinary
dlnsz,7,0,2,0.0,public,ordinary
dingxiang50,5,1,0,0.0,public,ordinary
devil4405,2,2,0,0.0,wemedia,wemedia
daboboye,2,0,1,0.0,public,ordinary
cicimimi2010,3,0,1,0.0,public,ordinary
a_秀秀_a,2,1,0,0.0,public,ordinary
caocaocaopi999,5,1,0,0.0,public,ordinary
bobisaman,1,1,0,0.0,public,ordinary
befruitful,1,0,1,0.0,wemedia,wemedia
beer9119,1,0,1,0.0,public,ordinary
balancedoll,4,1,0,0.0,public,ordinary
a雨洪a微信,1,1,0,0.0,public,ordinary
ally-evon2013,1,1,0,0.0,public,ordinary
alizee22,2,2,0,0.0,public,ordinary
aheavypencil,1,1,0,0.0,public,ordinary
adrchen,1,0,1,0.0,wemedia,wemedia
cardiogo,2,0,1,0.0,public,ordinary
Run700,1,1,0,0.0,public,ordinary
Re凌度操作频繁,1,0,1,0.0,public,ordinary
RealMadrid,2,1,0,0.0,public,ordinary
Qianniansea,2,0,1,0.0,public,ordinary
Prettybaby涵涵小不点,1,0,1,0.0,public,ordinary
PiuBobo_,2,2,0,0.0,public,ordinary
PSproca,1,0,1,0.0,public,ordinary
PK一把,1,1,0,0.0,public,ordinary
PARKYEONHEE,1,1,0,0.0,public,ordinary
Tomate,1,1,0,0.0,public,ordinary
OOOOOOOO剌猬哋oooo1些事,3,1,0,0.0,public,ordinary
OLO哎嘿,1,1,0,0.0,public,ordinary
NikLee6499915950,1,1,0,0.0,public,ordinary
NicoleGPT,1,0,1,0.0,wemedia,wemedia
NOSTUPID3,7,0,1,0.0,wemedia,wemedia
MiuMiu你啊,2,0,1,0.0,public,ordinary
Miscellanea_wiwikatya,1,0,1,0.0,public,ordinary
MAGDALL-死线战士,2,1,0,0.0,public,ordinary
Lynx黑貓愛,1,1,0,0.0,wemedia,wemedia
LuvLuvK,1,1,0,0.0,public,ordinary
Ofhumanbondage,2,1,0,0.0,public,ordinary
Tiffany就是我,1,1,0,0.0,public,ordinary
TheGloomistVex_,1,0,1,0.0,public,ordinary
Teri柒_生如归流,1,1,0,0.0,public,ordinary
TX草虾,1,1,0,0.0,public,ordinary
TXXSYT,3,1,0,0.0,public,ordinary
SysArt,5,0,2,0.0,public,ordinary
Sweet雪云,1,0,1,0.0,public,ordinary
SuperfluousJan-VER2,1,0,1,0.0,public,ordinary
SteinsGate,1,1,0,0.0,wemedia,wemedia
RuudSchell,4,0,1,0.0,public,ordinary
Starf_cks,1,1,0,0.0,public,ordinary
Sn雪舞倾城,2,0,2,0.0,wemedia,wemedia
Silvia-YZ,1,1,0,0.0,public,ordinary
ShonLinus,1,0,1,0.0,public,ordinary
Sekai的野望,1,1,0,0.0,public,ordinary
Seamus不相信答案,1,1,0,0.0,public,ordinary
SXTVS-健康好生活,1,1,0,0.0,public,ordinary
SSS级哨兵周白菜,1,0,1,0.0,public,ordinary
SOSOX_,1,1,0,0.0,public,ordinary
Ryan的退休日记,1,1,0,0.0,public,ordinary
Stargazer-Jo,1,1,0,0.0,public,ordinary
小满夕夕OVO,1,0,1,0.0,public,ordinary
小浪,1,1,0,0.0,wemedia,wemedia
小李飞刀再出发,2,1,0,0.0,public,ordinary
小晴的老妈子,1,0,1,0.0,public,ordinary
小戈沃克Godoric,1,0,1,0.0,wemedia,wemedia
小小檎,1,1,0,0.0,public,ordinary
小媌子的妈妈,1,1,0,0.0,public,ordinary
小奥俊,2,1,0,0.0,public,ordinary
小因爱睡觉_,1,0,1,0.0,wemedia,wemedia
健康贵州,1,1,0,0.0,other,ordinary
小乔妮乐,1,0,1,0.0,public,ordinary
小丁做事小叮当_hh,1,1,0,0.0,wemedia,wemedia
小_缪,1,0,1,0.0,public,ordinary
将一键删除拉黑运用到极致的懒鬼,1,0,1,0.0,wemedia,wemedia
对饮于江湖,7,0,1,0.0,public,ordinary
寒舞C,3,0,1,0.0,public,ordinary
富平检察,1,1,0,0.0,wemedia,wemedia
宝鸡检察,1,1,0,0.0,wemedia,wemedia
宋秉桥1世,5,0,1,0.0,public,ordinary
小二,4,1,0,0.0,public,ordinary
山西平陆反邪教,1,1,0,0.0,other,ordinary
山西反邪教,1,1,0,0.0,other,ordinary
山猪背书包-,1,1,0,0.0,public,ordinary
山岚201403,3,0,1,0.0,public,ordinary
山初云洛·,1,0,1,0.0,wemedia,wemedia
居士妈妈万福-,2,0,1,0.0,public,ordinary
尤克菌菌,1,0,1,0.0,public,ordinary
尓湾阅读,1,1,0,0.0,public,ordinary
少小离家长胖回,2,0,1,0.0,public,ordinary
小狼1998,4,1,0,0.0,public,ordinary
小马过河SNS,6,0,1,0.0,public,ordinary
小雨姐姐讲故事,1,0,1,0.0,wemedia,wemedia
小银幕大人生,1,1,0,0.0,public,ordinary
小透明洛_荣耀不败,2,1,0,0.0,public,ordinary
小路_漫漫,2,1,0,0.0,public,ordinary
小虎吉,6,1,0,0.0,public,ordinary
小草儿MAY,1,1,0,0.0,public,ordinary
小白小白真可爱121,2,1,0,0.0,public,ordinary
小猫咪来了嗷,7,0,1,0.0,public,ordinary
小猪钱罐儿V,2,1,0,0.0,public,ordinary
小齐不小,1,1,0,0.0,other,ordinary
如是天魔显化,1,0,1,0.0,public,ordinary
好运连连小太阳,1,1,0,0.0,public,ordinary
好的都可以没关系你说得对,1,1,0,0.0,public,ordinary
好吃羊肉串,1,1,0,0.0,public,ordinary
好吃猫Category,2,0,1,0.0,public,ordinary
奶霜莓莓绵绵冰,1,1,0,0.0,public,ordinary
女祭司卡斯,1,0,1,0.0,public,ordinary
奥特曼abc1,1,1,0,0.0,public,ordinary
奕是e非,1,1,0,0.0,public,ordinary
宋师傅轻松育儿,1,0,1,0.0,public,ordinary
奈亚拉托提普宇宙CQC,1,1,0,0.0,public,ordinary
失火的天堂hzgxx,1,1,0,0.0,public,ordinary
太宰治的零酱,1,0,1,0.0,wemedia,wemedia
天道V酬勤V,3,0,1,0.0,public,ordinary
天缘有份神州好奇大土豆,1,0,1,0.0,public,ordinary
天涯浪子觅知音,2,0,1,0.0,wemedia,wemedia
天山游侠00439,2,0,1,0.0,public,ordinary
天宠猫,2,1,0,0.0,public,ordinary
天使在人间爱思考,1,1,0,0.0,public,ordinary
奔跑的小小羊11,1,0,1,0.0,public,ordinary
安顺市市场监督管理,1,1,0,0.0,other,ordinary
安徽网,1,1,0,0.0,other,ordinary
守真守拙,2,1,0,0.0,public,ordinary
守我旧时约东,1,0,1,0.0,public,ordinary
守序巫妖钟二狗,2,0,1,0.0,wemedia,wemedia
宁津融媒,1,1,0,0.0,other,ordinary
宁思博囡,1,0,1,0.0,public,ordinary
学倪海厦,4,0,1,0.0,wemedia,wemedia
学佛人与股票,2,1,0,0.0,public,ordinary
如月舞2018,9,1,0,0.0,public,ordinary
孝义发布,1,1,0,0.0,government,mainstream
子羽说易八字七政命理预测,1,0,1,0.0,wemedia,wemedia
嫁给橘庆太,1,0,1,0.0,public,ordinary
姜岚昕,1,1,0,0.0,public,ordinary
姚安政法,1,1,0,0.0,other,ordinary
姑射杨公子,3,0,1,0.0,public,ordinary
姐的平凡你们学不来59030,2,1,0,0.0,public,ordinary
妞的橘子数量,3,0,1,0.0,public,ordinary
如皋老猫,2,1,0,0.0,public,ordinary
如梦天涯1,1,0,1,0.0,public,ordinary
季风故事,2,1,0,0.0,public,ordinary
怎么称呼随你,3,0,1,0.0,public,ordinary
怀闲念同,4,0,1,0.0,public,ordinary
念念长生,1,1,0,0.0,public,ordinary
快乐de小丸子O,2,0,1,0.0,public,ordinary
忠厚传家民心所向人民仁义,1,1,0,0.0,public,ordinary
心情很好的大娘,1,1,0,0.0,public,ordinary
心恒言若,3,1,0,0.0,public,ordinary
心平气和莫要焦虑,2,1,0,0.0,other,ordinary
德花今天学习了吗,1,1,0,0.0,other,ordinary
山西榆次反邪教,1,1,0,0.0,other,ordinary
微甜带辣王铁梅,1,0,1,0.0,public,ordinary
微正法育,1,1,0,0.0,other,ordinary
微昵称昵称,2,1,0,0.0,public,ordinary
微博澳大利亚,1,0,1,0.0,other,ordinary
微博时事,6,0,3,0.0,other,ordinary
微博卫生健康,2,2,0,0.0,government,mainstream
御茶之水,5,1,0,0.0,wemedia,wemedia
彼道之端2020,1,0,1,0.0,public,ordinary
彼岸星光德尔塔,8,1,0,0.0,public,ordinary
微风暮雨青烟冷1109,1,1,0,0.0,public,ordinary
成都天府国际生物城,1,1,0,0.0,other,ordinary
懒妞不懒呢,1,0,1,0.0,public,ordinary
慧星哈雷,1,1,0,0.0,public,ordinary
慈溪静姨,3,0,1,0.0,public,ordinary
慈海教育蔡茜,1,1,0,0.0,wemedia,wemedia
意在阑珊,1,1,0,0.0,public,ordinary
愁小多丶,1,0,1,0.0,public,ordinary
想着天妃宫,1,0,1,0.0,wemedia,wemedia
想回武汉吃豆皮烧梅热干面啊,1,1,0,0.0,other,ordinary
思坊菜AND思坊瑜伽,1,0,1,0.0,public,ordinary
悦如舞,4,1,0,0.0,public,ordinary
悠悠南山下0755,1,1,0,0.0,public,ordinary
悟X菌丝,2,0,2,0.0,wemedia,wemedia
悄悄在远方的小明哥,3,0,2,0.0,public,ordinary
恬淡荷心,3,1,0,0.0,public,ordinary
Alice学英语,2,1,0,0.0,public,ordinary
恍若隔世的注解-,1,0,1,0.0,public,ordinary
恁咋搞的,1,1,0,0.0,public,ordinary
怡cli_,1,0,1,0.0,wemedia,wemedia
思想在远方001,4,0,1,0.0,public,ordinary
想不明白就算了,2,0,1,0.0,public,ordinary
年糕爹的碎碎念,1,1,0,0.0,public,ordinary
年少的陪伴,4,1,0,0.0,public,ordinary
平民王小石,3,1,0,0.0,public,ordinary
平安曲靖,1,1,0,0.0,mainstream,mainstream
带着蒲团去外星,1,0,1,0.0,public,ordinary
希希68100,3,1,0,0.0,public,ordinary
巴音郭楞蒙古自治州吾瓦镇窝滴爱,1,0,1,0.0,public,ordinary
巧克力葡萄,1,0,1,0.0,public,ordinary
巧克力乌波,1,1,0,0.0,public,ordinary
彼岸伊伊,1,0,1,0.0,public,ordinary
工业巨头萨鲁曼,1,1,0,0.0,public,ordinary
岳阳市中级人民法院,1,1,0,0.0,mainstream,mainstream
岛萝念此傲翘臀,2,0,1,0.0,public,ordinary
岑彩燕,1,1,0,0.0,public,ordinary
岁月饭店,3,0,1,0.0,public,ordinary
山西黄河新闻网传媒忻州分公司,1,1,0,0.0,mainstream,mainstream
山西隰县反邪教,1,1,0,0.0,other,ordinary
山西长治上党区反邪教,1,1,0,0.0,other,ordinary
山西襄汾反邪教,1,1,0,0.0,other,ordinary
山西永济反邪教,1,1,0,0.0,other,ordinary
左董英子,3,0,1,0.0,public,ordinary
归港老船,1,1,0,0.0,public,ordinary
强吻小猫咪,2,1,0,0.0,public,ordinary
張開睿0033,1,0,1,0.0,public,ordinary
弱酸性芦苇ver2,1,0,1,0.0,public,ordinary
张颐武,1,1,0,0.0,public,ordinary
张胜内,1,1,0,0.0,public,ordinary
张瑞水下看世界,1,0,1,0.0,wemedia,wemedia
张有鱼1905,1,0,1,0.0,wemedia,wemedia
开疆扩土特狼普,13,0,2,0.0,public,ordinary
幸福的小嘿嘿哦,1,0,1,0.0,public,ordinary
开心就好勿忘我,1,0,1,0.0,public,ordinary
开开心心小不单,2,1,0,0.0,public,ordinary
建智李,1,1,0,0.0,public,ordinary
康巴什发布,2,2,0,0.0,government,mainstream
庆阳心,1,0,1,0.0,wemedia,wemedia
广东陈志龙,1,1,0,0.0,public,ordinary
广东反邪教,1,1,0,0.0,mainstream,mainstream
幽默2046,1,0,1,0.0,wemedia,wemedia
幽窗子-SukhoiT10,2,0,1,0.0,public,ordinary
幽冥剑,3,1,0,0.0,public,ordinary
开心笑_89,1,1,0,0.0,public,ordinary
升阶魔法卡-霸王眷龙之力破沙袋,3,0,1,0.0,public,ordinary
千年妖娥,1,0,1,0.0,public,ordinary
千夜梦语,3,1,0,0.0,public,ordinary
十月--Oct,1,1,0,0.0,public,ordinary
十方自在在在,1,0,1,0.0,wemedia,wemedia
医学美容菁英论坛,1,0,1,0.0,wemedia,wemedia
匡宦龙缆,5,1,0,0.0,public,ordinary
北方的森林yyds,1,1,0,0.0,public,ordinary
北方新报,1,1,0,0.0,other,ordinary
天之尘埃,1,0,1,0.0,public,ordinary
北京牙医钟,1,1,0,0.0,wemedia,wemedia
北京海淀法院,1,1,0,0.0,mainstream,mainstream
北京房山区良乡医院,1,1,0,0.0,other,ordinary
北京市房山区良乡医院,2,1,0,0.0,other,ordinary
北七里寨,5,0,1,0.0,public,ordinary
包子和丸子的铲屎官,1,0,1,0.0,public,ordinary
勉逸思尘,2,1,0,0.0,public,ordinary
勃事导师老宫医生,1,0,1,0.0,wemedia,wemedia
努力创幸福生活,1,0,1,0.0,public,ordinary
北堂子非的绘画板,1,1,0,0.0,public,ordinary
叮个桄榔,5,0,1,0.0,public,ordinary
叫我刘大媛,1,0,1,0.0,public,ordinary
口腔健康从齿开始,2,0,1,0.0,public,ordinary
取个名字太难了00011,3,1,0,0.0,public,ordinary
发条君G,1,1,0,0.0,other,ordinary
反二次猿2,3,1,0,0.0,public,ordinary
又不会烦到你,1,1,0,0.0,public,ordinary
去冰三分甜超大杯,1,1,0,0.0,public,ordinary
卿本華清,1,1,0,0.0,public,ordinary
华媒热榜,1,1,0,0.0,other,ordinary
卧看云起_笑听花开,1,1,0,0.0,public,ordinary
卤煮疫苗,2,0,1,0.0,public,ordinary
卢瑟希for特摄是本命,2,1,0,0.0,public,ordinary
卢健生,2,0,1,0.0,wemedia,wemedia
卡李,6,0,1,0.0,public,ordinary
博爱江城,1,1,0,0.0,other,ordinary
博妹勇敢飞,2,1,0,0.0,public,ordinary
南通市防邪,1,1,0,0.0,other,ordinary
南木先生是我南瓢,1,1,0,0.0,public,ordinary
南山钺,3,2,0,0.0,public,ordinary
卧龙丁,1,1,0,0.0,wemedia,wemedia
兰院长讲心理,6,0,1,0.0,public,ordinary
兰之芙,1,1,0,0.0,public,ordinary
兮淑,1,1,0,0.0,public,ordinary
六经寻集,2,1,0,0.0,public,ordinary
六尘下,1,1,0,0.0,other,ordinary
六安阿顺,1,0,1,0.0,public,ordinary
八月前禁止发微博,1,0,1,0.0,public,ordinary
八妹仍然吃猪肉,1,0,1,0.0,public,ordinary
八倍哥,1,0,1,0.0,public,ordinary
剑风逸箫_91117,1,1,0,0.0,public,ordinary
全国吃货大联盟,2,1,0,0.0,public,ordinary
入淮清洛人间欢喜,3,1,0,0.0,public,ordinary
先聚焦后改变,18,0,3,0.0,public,ordinary
元素论道,2,0,1,0.0,wemedia,wemedia
元气蔓蔓Oo,2,2,0,0.0,public,ordinary
元宝兔兔好运,9,0,2,0.0,public,ordinary
儒雅的Miaooo,3,0,1,0.0,public,ordinary
像粗粮一样的apple,1,1,0,0.0,public,ordinary
像猪一样开心02,5,0,1,0.0,public,ordinary
全球快乐鸽,5,1,0,0.0,public,ordinary
制心一处万物同频,10,1,0,0.0,public,ordinary
别管这条没事发神经的咸鱼了,1,0,1,0.0,public,ordinary
别打我猪屁股,2,1,0,0.0,wemedia,wemedia
刘枪枪的猪头三生活,1,0,1,0.0,wemedia,wemedia
切仔1025,14,0,1,0.0,public,ordinary
刀片回收,1,1,0,0.0,public,ordinary
出版人周筠,1,0,1,0.0,public,ordinary
凯道前进九六甲,1,0,1,0.0,public,ordinary
凡人老K,1,0,1,0.0,public,ordinary
共青团酒泉市委员会,1,1,0,0.0,other,ordinary
准备收场了我,1,1,0,0.0,public,ordinary
冲浪的哆啦A梦,1,1,0,0.0,wemedia,wemedia
冬青方程,1,0,1,0.0,other,ordinary
内镜满医生,1,1,0,0.0,wemedia,wemedia
内科加全科执业医师七妹君雨,3,1,0,0.0,wemedia,wemedia
内分泌顾锋,1,0,1,0.0,wemedia,wemedia
养麋鹿的Chandler吼,1,1,0,0.0,other,ordinary
养老院一枝花,2,0,1,0.0,public,ordinary
养生小透明,1,1,0,0.0,public,ordinary
兴火暖,4,0,1,0.0,public,ordinary
凌灵棱,3,2,0,0.0,public,ordinary
夏木鱼-,1,0,1,0.0,public,ordinary
壶途禅心,1,1,0,0.0,wemedia,wemedia
墨时沐舟,4,1,0,0.0,other,ordinary
墨墨小宝_,1,1,0,0.0,public,ordinary
塔塔莉是獭獭,1,1,0,0.0,public,ordinary
堂前雁过,1,1,0,0.0,public,ordinary
基源医学在线,1,1,0,0.0,other,ordinary
在茉莉开放的草坪上打滚,1,1,0,0.0,public,ordinary
在已无居,2,0,1,0.0,public,ordinary
可乐橙子666,4,0,2,0.0,public,ordinary
圣剑短毛猫,2,0,1,0.0,public,ordinary
土豆土豆爱老虎油,3,1,0,0.0,public,ordinary
國老1947新七窗口,2,1,0,0.0,public,ordinary
圈衡水,1,1,0,0.0,wemedia,wemedia
圆又圆额汤圆二代,2,0,1,0.0,public,ordinary
围观是种姿势2代,1,1,0,0.0,public,ordinary
园中一大葵,1,1,0,0.0,public,ordinary
囧泥匠,1,0,1,0.0,public,ordinary
四眼唐兄,1,0,1,0.0,wemedia,wemedia
在宇宙中睡眠,1,1,0,0.0,public,ordinary
大鹅花滑,1,1,0,0.0,wemedia,wemedia
大阿图因,3,1,0,0.0,public,ordinary
大道至简慢就是快2011,1,0,1,0.0,public,ordinary
大袖遮天,1,1,0,0.0,public,ordinary
大眼它爸爸,1,1,0,0.0,public,ordinary
大狗狗的尾巴,1,0,1,0.0,public,ordinary
大漠孤烟8989,1,0,1,0.0,public,ordinary
大湾区最靓的崽儿,1,0,1,0.0,public,ordinary
大添小E,1,0,1,0.0,public,ordinary
夏木龙,2,0,1,0.0,wemedia,wemedia
大强聊娱乐,1,1,0,0.0,public,ordinary
大宝小哎,1,1,0,0.0,public,ordinary
大健康公社,3,1,0,0.0,public,ordinary
大WZ,1,0,1,0.0,public,ordinary
多肉芒芒un,1,0,1,0.0,public,ordinary
多吃蓝莓胡萝卜,1,0,1,0.0,wemedia,wemedia
外星人看地球村民那些事201602,1,0,1,0.0,public,ordinary
夏香若草,1,0,1,0.0,public,ordinary
夏老胖2009,1,0,1,0.0,public,ordinary
夏清歌,1,1,0,0.0,public,ordinary
大概一滴滴,1,0,1,0.0,public,ordinary
听到一点薇雨,1,1,0,0.0,public,ordinary
吗哪十,1,0,1,0.0,public,ordinary
吕梁中院,2,2,0,0.0,other,ordinary
吕明轩要感恩,1,1,0,0.0,public,ordinary
向远方找寻_719,1,0,1,0.0,public,ordinary
后天晚上下雨吗,1,1,0,0.0,public,ordinary
名为木公,3,1,0,0.0,public,ordinary
同联可利,1,1,0,0.0,other,ordinary
吉林高新区人民检察院,1,1,0,0.0,other,ordinary
喷喷嚏嚏嚏喷阿嚏,1,0,1,0.0,public,ordinary
吉星高照-lucky,2,1,0,0.0,public,ordinary
合肥反邪教,1,1,0,0.0,wemedia,wemedia
合创汇知,1,1,0,0.0,other,ordinary
合一wh,1,1,0,0.0,other,ordinary
吃瓜子的群众02,1,1,0,0.0,public,ordinary
吃火锅疯狂加醋啊,1,1,0,0.0,public,ordinary
吃个酸奶块8,2,1,0,0.0,public,ordinary
叽叽喳喳儿,1,1,0,0.0,public,ordinary
可爱呆好看,1,1,0,0.0,public,ordinary
可于可乐,2,0,1,0.0,wemedia,wemedia
吉林省卫生健康委,3,3,0,0.0,government,mainstream
喜欢娱乐喜欢美食,4,0,1,0.0,public,ordinary
善溪子,1,1,0,0.0,wemedia,wemedia
啵啵虎的接班人,1,0,1,0.0,wemedia,wemedia
啦啦啦咦咦,1,1,0,0.0,other,ordinary
哲镛,3,0,2,0.0,wemedia,wemedia
哲是瀚奸,1,1,0,0.0,public,ordinary
哥丶依旧时尚,1,0,1,0.0,public,ordinary
哆啦offer梦,1,1,0,0.0,public,ordinary
咸阳检察,1,1,0,0.0,wemedia,wemedia
启贺,1,0,1,0.0,wemedia,wemedia
和花w,1,1,0,0.0,other,ordinary
呼吸科大夫胡洋,1,1,0,0.0,public,ordinary
呱呱不是咕咕,1,0,1,0.0,wemedia,wemedia
周围好多蝒哈碧种,1,0,1,0.0,public,ordinary
呆毛着凉了,4,2,0,0.0,public,ordinary
吾乃魏式先森,1,1,0,0.0,other,ordinary
吴远虑又炸号,1,1,0,0.0,public,ordinary
吴蕴然,4,0,1,0.0,public,ordinary
吴晓达的微博,1,0,1,0.0,wemedia,wemedia
吴建波医师,1,1,0,0.0,wemedia,wemedia
咕噜咕噜爱吃喝玩乐,1,1,0,0.0,public,ordinary
---睡---,1,0,0,,public,ordinary
--Clare--,1,0,0,,public,ordinary
-Bohee-,1,0,0,,public,ordinary
-MIKIMILK-,1,0,0,,public,ordinary
-不要叫我大王,1,0,0,,public,ordinary
-兔子大仙-,3,0,0,,public,ordinary
-可爱的皮皮-,1,0,0,,public,ordinary
-呆萌de小吹吹,1,0,0,,public,ordinary
-嘻嘻TV-,1,0,0,,public,ordinary
-左小岸-,1,0,0,,public,ordinary
-幸运的行者_,4,0,0,,public,ordinary
-庭园-,2,0,0,,public,ordinary
-想象镜盒-,1,0,0,,wemedia,wemedia
-指尖的流年-,3,0,0,,wemedia,wemedia
-月授-,1,0,0,,public,ordinary
-水壶奶嘴R-,1,0,0,,public,ordinary
-汉堡派派,1,0,0,,public,ordinary
-洗心-,3,0,0,,public,ordinary
-猫巨神鹜羽,1,0,0,,public,ordinary
-百利甜不甜-,2,0,0,,public,ordinary
-红泥小火炉--,1,0,0,,public,ordinary
-负暄之献-,1,0,0,,public,ordinary
-铃魂转生-,2,0,0,,public,ordinary
-阅享人生,1,0,0,,public,ordinary
-阿馍馍-,1,0,0,,public,ordinary
-降E大调夜曲-,1,0,0,,public,ordinary
-雪冰冷-,1,0,0,,public,ordinary
-雲青青欲雨-,1,0,0,,public,ordinary
0000tl,1,0,0,,public,ordinary
0080集齐某航OW了么,6,0,0,,public,ordinary
0乖乖00,1,0,0,,public,ordinary
100_Nora,1,0,0,,public,ordinary
11stayu,1,0,0,,public,ordinary
12332--,3,0,0,,public,ordinary
1252空间站,4,0,0,,public,ordinary
12B炭笔还是碳笔,1,0,0,,public,ordinary
1moonriver,1,0,0,,public,ordinary
1ppaNR3,1,0,0,,public,ordinary
1好吧2没错3我是一条鱼,1,0,0,,public,ordinary
1江水,1,0,0,,public,ordinary
2004戴维斯,1,0,0,,public,ordinary
2009851962其乐融融,1,0,0,,public,ordinary
2011_cy,3,0,0,,public,ordinary
2022福报开启,1,0,0,,public,ordinary
2023一切都是新的,1,0,0,,public,ordinary
2024玉楼金阙慵归去,1,0,0,,public,ordinary
2025年欧气十足奋发图强冲,1,0,0,,public,ordinary
2025成功幸福-喜乐康宁,1,0,0,,public,ordinary
22H萍,1,0,0,,public,ordinary
24号老干部,1,0,0,,public,ordinary
25号N的人生,15,0,0,,public,ordinary
2五仔猛男,2,0,0,,public,ordinary
33swing,1,0,0,,public,ordinary
3456778鸟,1,0,0,,public,ordinary
36hours白天,2,0,0,,public,ordinary
37度ob,1,0,0,,public,ordinary
3公斤上好法国猪肉,2,0,0,,public,ordinary
4GingerJ_,1,0,0,,public,ordinary
520琛琛,1,0,0,,public,ordinary
612721A1_EABC,1,0,0,,public,ordinary
615sqr,2,0,0,,public,ordinary
647号宇宙工作机器人,1,0,0,,public,ordinary
87_Enna,1,0,0,,public,ordinary
98兔子,1,0,0,,public,ordinary
99星球,1,0,0,,public,ordinary
AAA宝利来胶粘制品专营180016595,1,0,0,,public,ordinary
ABC燕美合,1,0,0,,public,ordinary
AB型老E,4,0,0,,wemedia,wemedia
AC一派胡言侯东渐,4,0,0,,wemedia,wemedia
AC和露雪,1,0,0,,public,ordinary
AC蓦然回首,2,0,0,,public,ordinary
AI万物与边界,1,0,0,,public,ordinary
AI孙国英,2,0,0,,wemedia,wemedia
AI经济,1,0,0,,public,ordinary
ALEX-SJ,1,0,0,,public,ordinary
ALi力力在目,1,0,0,,public,ordinary
ASKcepted,1,0,0,,public,ordinary
AUGtoUAA,1,0,0,,public,ordinary
AWM762,1,0,0,,public,ordinary
Abvarytarss,2,0,0,,public,ordinary
Agnesholic,1,0,0,,public,ordinary
Airoment,1,0,0,,public,ordinary
AkiraKun1984,1,0,0,,public,ordinary
AkiraTobe,1,0,0,,public,ordinary
Alex酱本尊,1,0,0,,public,ordinary
Algo姐,1,0,0,,public,ordinary
AmazingMHCZ,2,0,0,,public,ordinary
Amy小北京,1,0,0,,public,ordinary
AngelEcho漫画组,1,0,0,,public,ordinary
AnkhFan,1,0,0,,public,ordinary
Annabelle-S,1,0,0,,public,ordinary
April_up,1,0,0,,public,ordinary
AtoposZora,1,0,0,,public,ordinary
A云淡风轻3890,1,0,0,,public,ordinary
B-P-p-P,1,0,0,,public,ordinary
BA5BO,1,0,0,,public,ordinary
BJ郝志臻,1,0,0,,public,ordinary
BWV1007_,1,0,0,,public,ordinary
Baileys_w,1,0,0,,public,ordinary
Ban-nya蹭你一身毛,1,0,0,,public,ordinary
Beibae_,1,0,0,,public,ordinary
BerylXV,2,0,0,,public,ordinary
Bigblue9,2,0,0,,public,ordinary
Birdy氵,1,0,0,,public,ordinary
Blackpeacockx2,1,0,0,,public,ordinary
BluestarStubbro,3,0,0,,wemedia,wemedia
Bluuuey-,1,0,0,,public,ordinary
Boooooker,1,0,0,,public,ordinary
Brahma_L,1,0,0,,public,ordinary
Bran_an,2,0,0,,public,ordinary
Budha,1,0,0,,public,ordinary
B哥是条正经咸鱼,3,0,0,,public,ordinary
C-阿凡达,1,0,0,,wemedia,wemedia
CC_Rosie,1,0,0,,public,ordinary
CHINA_ZhangMN,1,0,0,,public,ordinary
COFFJJ,1,0,0,,public,ordinary
Cardio_doxo_tox,2,0,0,,public,ordinary
Cc的艺术设计研究室,2,0,0,,wemedia,wemedia
Chenhaowei要胜,1,0,0,,public,ordinary
ChillAtTheSurfaceOfTheEarth,1,0,0,,public,ordinary
Chobbit_,2,0,0,,public,ordinary
Chris一何,1,0,0,,public,ordinary
Chrome-Google浏览器,1,0,0,,public,ordinary
Cici福诗诗,1,0,0,,public,ordinary
CindfernzZy,1,0,0,,public,ordinary
Ciorealuq,1,0,0,,public,ordinary
Cjlcgd,1,0,0,,public,ordinary
Clare风花乌龙茶,1,0,0,,public,ordinary
Clog今天画了吗,1,0,0,,wemedia,wemedia
CodineMint_,1,0,0,,public,ordinary
Corbeauclaws,9,0,0,,public,ordinary
Creamy蕉,3,0,0,,public,ordinary
Crinum文殊兰,2,0,0,,public,ordinary
CronianFox,2,0,0,,public,ordinary
C同学超级爱学习,1,0,0,,public,ordinary
DC井是,1,0,0,,public,ordinary
DESAZNC-12,4,0,0,,public,ordinary
DK无限出差中,1,0,0,,public,ordinary
DLS_MWZZ,2,0,0,,wemedia,wemedia
DXHHFOREVER,1,0,0,,public,ordinary
Danni小路,1,0,0,,wemedia,wemedia
Denise喬怡,1,0,0,,public,ordinary
DerVierteNeue撸舔立,3,0,0,,public,ordinary
Design2021Blog,1,0,0,,public,ordinary
Diewahne,11,0,0,,public,ordinary
Dirkcola,1,0,0,,public,ordinary
Doya-nanase,1,0,0,,public,ordinary
Dr_任,2,0,0,,public,ordinary
DukeSama,2,0,0,,public,ordinary
D不出三星怪,1,0,0,,public,ordinary
ECHO_不会颜艺的未知生物,2,0,0,,public,ordinary
ESC7655,3,0,0,,wemedia,wemedia
EUsouSUAmae,1,0,0,,public,ordinary
EarFly,1,0,0,,public,ordinary
Earth_tour,1,0,0,,public,ordinary
Echo_Liang二代目,1,0,0,,public,ordinary
Edna512,1,0,0,,public,ordinary
Emma_H_Sue,2,0,0,,public,ordinary
Enchanted潤,1,0,0,,public,ordinary
Engel__IV,1,0,0,,public,ordinary
Erfzonde,1,0,0,,public,ordinary
ErrormayCC,1,0,0,,public,ordinary
Ethan也是伊森,1,0,0,,public,ordinary
FM2501,2,0,0,,public,ordinary
FRK尊重所有思想但还是要做自己,1,0,0,,public,ordinary
FZ小药童,1,0,0,,wemedia,wemedia
Feb--浅笑安然,1,0,0,,public,ordinary
Fee-经济和医学是日常,1,0,0,,public,ordinary
Fhhddxlzh,1,0,0,,public,ordinary
Finlandis星河蜉蝣,1,0,0,,public,ordinary
Fleuve_N,1,0,0,,public,ordinary
Flora的品质生活馆,1,0,0,,public,ordinary
Flrzece,1,0,0,,public,ordinary
ForceMajeure四重奏,1,0,0,,public,ordinary
Forever卓然,1,0,0,,public,ordinary
FountainFortune0084,1,0,0,,public,ordinary
FumiYins,1,0,0,,public,ordinary
GAIL-LS,1,0,0,,public,ordinary
GJ_Angel--VC,1,0,0,,public,ordinary
Go_Girrrl,2,0,0,,public,ordinary
Goonix,1,0,0,,public,ordinary
Grizabella,1,0,0,,public,ordinary
H-asiang,1,0,0,,public,ordinary
HECATE佩拉宫的午夜Sidney,1,0,0,,public,ordinary
HKC-CHENG,1,0,0,,public,ordinary
HNB811,1,0,0,,public,ordinary
HOT惡碼,1,0,0,,public,ordinary
Hana_佐鳴症晚期,1,0,0,,wemedia,wemedia
HeatEarl热米伯爵,1,0,0,,public,ordinary
Heimdall海姆达尔,1,0,0,,public,ordinary
Hepburn甜梓蓁,1,0,0,,public,ordinary
Hermann零售微博本人,1,0,0,,public,ordinary
Hisou,2,0,0,,public,ordinary
Holiday春夏,5,0,0,,public,ordinary
HowardVan_OnTheMove,1,0,0,,public,ordinary
Hubble0410,1,0,0,,wemedia,wemedia
Huujia_大号被夹,1,0,0,,public,ordinary
I66772,1,0,0,,public,ordinary
IFVCK全世界,1,0,0,,public,ordinary
IIIIIChigo酱,1,0,0,,public,ordinary
IOUIOUliu,2,0,0,,public,ordinary
Iamsoin_,1,0,0,,public,ordinary
Illskaj,2,0,0,,public,ordinary
ImLandau,1,0,0,,public,ordinary
ImMortal_0713,1,0,0,,public,ordinary
IsLifeAlwaysThisHardOrOnlyKids,1,0,0,,public,ordinary
Isenhild,1,0,0,,public,ordinary
Itstimetowakeupp,1,0,0,,public,ordinary
J-星人,1,0,0,,public,ordinary
JCHDIEOIOD,1,0,0,,public,ordinary
JKFG-YBFQ,1,0,0,,public,ordinary
JS吐槽君,1,0,0,,public,ordinary
JYFY520-1314,1,0,0,,public,ordinary
Janus0052,1,0,0,,public,ordinary
Jasminora-Q,1,0,0,,public,ordinary
Jateitelrene,1,0,0,,public,ordinary
Jeep的情怀,1,0,0,,public,ordinary
Jeffgaoyang,4,0,0,,public,ordinary
Jerry-0x0-,1,0,0,,public,ordinary
Jesencc,1,0,0,,public,ordinary
JesseVII爱水水小棉袄,3,0,0,,public,ordinary
JetAircraftX,1,0,0,,public,ordinary
JoeyNY,1,0,0,,public,ordinary
Jokielicious,3,0,0,,public,ordinary
Joyce的宝贝0805,1,0,0,,public,ordinary
Jshuffles,1,0,0,,public,ordinary
Juicyhehua7,1,0,0,,public,ordinary
June_summer夏天的菌子,1,0,0,,public,ordinary
Jupiter朱,2,0,0,,public,ordinary
KAFFEE_HAG,1,0,0,,public,ordinary
KG用户,1,0,0,,public,ordinary
KJY会保佑我,1,0,0,,public,ordinary
Kainin20221027,1,0,0,,public,ordinary
KandyCat,1,0,0,,public,ordinary
Karl-Friedrich,2,0,0,,public,ordinary
Kasumi_____,1,0,0,,public,ordinary
Kazu·june,1,0,0,,public,ordinary
Kero_Karroy,2,0,0,,public,ordinary
Kgacorunnnnn,1,0,0,,public,ordinary
KiKi的名字都被占用了,1,0,0,,public,ordinary
Kilo_wong,1,0,0,,public,ordinary
Kimmy最喜欢JJK了,1,0,0,,wemedia,wemedia
Kirara_卫宫家蒜汁炸生蚝海胆弁,1,0,0,,public,ordinary
KittKwok,1,0,0,,public,ordinary
KoleMotomachi,1,0,0,,public,ordinary
KonwooZ,1,0,0,,public,ordinary
Kronom,1,0,0,,public,ordinary
Kurapika掂过碌蔗,1,0,0,,public,ordinary
K女士lay辽,1,0,0,,public,ordinary
K掰菜,2,0,0,,public,ordinary
L-GulO,1,0,0,,public,ordinary
LINGLING要静心,3,0,0,,public,ordinary
Ladysopunk,1,0,0,,public,ordinary
Lalalong,1,0,0,,public,ordinary
LarcExplorer,1,0,0,,public,ordinary
LeibnizWarKeinButterkeks,2,0,0,,public,ordinary
Lenixer,2,0,0,,public,ordinary
Lewis十四,1,0,0,,public,ordinary
Lil_Aiden,3,0,0,,public,ordinary
Lillian129129,1,0,0,,public,ordinary
Lina_Is_At_Home,1,0,0,,public,ordinary
LittlePeachYo,1,0,0,,public,ordinary
Lorna芥末,2,0,0,,public,ordinary
Lpkuang,2,0,0,,wemedia,wemedia
Luca要玩数据,1,0,0,,public,ordinary
Lucy武藏妈,1,0,0,,public,ordinary
LumiereNoire,5,0,0,,wemedia,wemedia
Luna_Automata,1,0,0,,public,ordinary
L一棵荔枝树zw,1,0,0,,public,ordinary
L师傅是个生活家,1,0,0,,public,ordinary
MANGO-24,1,0,0,,public,ordinary
MD小姐姐Yuqi,1,0,0,,public,ordinary
MENS-PHYSIQUE,1,0,0,,public,ordinary
MG马庚,1,0,0,,public,ordinary
MLLMoon,1,0,0,,public,ordinary
MLRS270,1,0,0,,public,ordinary
MR_dumpling红豆味团子,1,0,0,,public,ordinary
MSatSMTH,3,0,0,,public,ordinary
MYTerabithia,1,0,0,,public,ordinary
Mackenzieeeeeee,1,0,0,,public,ordinary
ManRay66,1,0,0,,public,ordinary
Mandy_CT,1,0,0,,public,ordinary
MarvelousDonald,1,0,0,,public,ordinary
Matt呆萌,1,0,0,,public,ordinary
Meowskey,10,0,0,,public,ordinary
MickeyKid,1,0,0,,public,ordinary
Mis_Yen,1,0,0,,public,ordinary
Miss洋甘菊,1,0,0,,public,ordinary
Mokko_炸蘑菇,1,0,0,,public,ordinary
MomenNtary,1,0,0,,public,ordinary
Mondaycat419,4,0,0,,public,ordinary
MoonSundae,1,0,0,,public,ordinary
Moon_Moth,2,0,0,,public,ordinary
Mpx阿橙Charlian,1,0,0,,wemedia,wemedia
MrC今天开始救公主了吗,1,0,0,,public,ordinary
MrLeft就是二晕,1,0,0,,public,ordinary
Mr_Duet,1,0,0,,public,ordinary
Mr_末了,1,0,0,,public,ordinary
Mtofol,1,0,0,,public,ordinary
Mumu会游泳的鱼,1,0,0,,public,ordinary
NIDE笑笑_,1,0,0,,public,ordinary
NO轮回,2,0,0,,public,ordinary
Naive包34,1,0,0,,public,ordinary
Nana有点萌,1,0,0,,public,ordinary
Naomiya_随遇而安,1,0,0,,wemedia,wemedia
Nath_ZL,1,0,0,,public,ordinary
Needdrugs,1,0,0,,public,ordinary
Nekromanzer,6,0,0,,public,ordinary
NeverLese,2,0,0,,public,ordinary
New唐堂,1,0,0,,public,ordinary
Nikii_DD,2,0,0,,public,ordinary
Ning玫事吧,1,0,0,,public,ordinary
NoShield,1,0,0,,public,ordinary
No_Zuo_No_Die_老泰温,1,0,0,,public,ordinary
Nowe_1981,2,0,0,,public,ordinary
Nymphaea蓮,1,0,0,,public,ordinary
ONEWHITE英语小站,5,0,0,,public,ordinary
O_O-long,1,0,0,,public,ordinary
Ome1etyu,1,0,0,,public,ordinary
Osmanthus_YUXi,1,0,0,,public,ordinary
PECO得喝水,1,0,0,,public,ordinary
PF2019A,1,0,0,,public,ordinary
PONYO_666666,1,0,0,,public,ordinary
Pa酱Pi,1,0,0,,public,ordinary
PetrichorDai,1,0,0,,public,ordinary
Phaskolos,1,0,0,,public,ordinary
Plisky鱼龙舞,2,0,0,,public,ordinary
Polly鸟鸟鸟鸟,1,0,0,,public,ordinary
Pompom鱼宝宝,1,0,0,,public,ordinary
Pro_phLam,1,0,0,,public,ordinary
ProfessorX91,1,0,0,,public,ordinary
QQ-真心英雄,1,0,0,,public,ordinary
Q长矛沾屎戳谁谁死Q,1,0,0,,public,ordinary
ROCKS穿越牛熊,5,0,0,,public,ordinary
RabbitDoubt,1,0,0,,public,ordinary
Rae那个VV,1,0,0,,public,ordinary
RagnarokChan,1,0,0,,public,ordinary
Rain_Coffee_beacon,1,0,0,,public,ordinary
Rambutan,1,0,0,,public,ordinary
Rattan藤藤,1,0,0,,public,ordinary
Re_四喜,1,0,0,,public,ordinary
RoaRos,2,0,0,,public,ordinary
Rose_wss,1,0,0,,public,ordinary
RubyHikato,2,0,0,,public,ordinary
SAYONRRA,2,0,0,,public,ordinary
SETSUNAcatheter,2,0,0,,public,ordinary
SOLOMUSTGOON-地狱火烈鸟,1,0,0,,public,ordinary
SON-DER,1,0,0,,public,ordinary
SOS团永存,3,0,0,,public,ordinary
SOUP666,1,0,0,,public,ordinary
SS7E0133,1,0,0,,public,ordinary
SSY织不动了,1,0,0,,public,ordinary
SUBARU重生Ver,1,0,0,,public,ordinary
SUNSHINE雅雅666,1,0,0,,public,ordinary
SUNS生活,2,0,0,,public,ordinary
Sagittarius一号2001,1,0,0,,public,ordinary
Sameo-Ldfear,1,0,0,,public,ordinary
Saw斯基,1,0,0,,public,ordinary
Saymynamehhhhh,1,0,0,,public,ordinary
Sayukikiki_,1,0,0,,wemedia,wemedia
SchoeneZeitAmKlavier,1,0,0,,public,ordinary
SculptureXplorer,2,0,0,,public,ordinary
SeRenaissance,1,0,0,,public,ordinary
Seboradin丝柏汀,1,0,0,,other,ordinary
ShellieMay23,1,0,0,,public,ordinary
Shirley尘若,1,0,0,,public,ordinary
SilveryRoseLily,4,0,0,,public,ordinary
Simba2021,1,0,0,,public,ordinary
Stella_麒麟,2,0,0,,public,ordinary
SuNNdae,1,0,0,,public,ordinary
Suai-风息全肯定波特,1,0,0,,public,ordinary
Suna-Kai,1,0,0,,public,ordinary
SurvivalXGames,1,0,0,,public,ordinary
Sussie拿铁狂魔版,1,0,0,,public,ordinary
S小馆,1,0,0,,public,ordinary
TGrover,1,0,0,,public,ordinary
TVBC水汪汪,1,0,0,,public,ordinary
Takeshiu,1,0,0,,public,ordinary
Teliny,1,0,0,,public,ordinary
Tenn008_93v,5,0,0,,public,ordinary
Teresa宝拉,1,0,0,,public,ordinary
Testor2018,1,0,0,,public,ordinary
ThickAndPetiteGyals,1,0,0,,public,ordinary
Thinkzerg_II,1,0,0,,public,ordinary
Togi二号机,1,0,0,,public,ordinary
TomXiaoXu,1,0,0,,public,ordinary
Trimew,1,0,0,,public,ordinary
TrynaBeAGoodGirlAgain,1,0,0,,public,ordinary
TumbleweedTime,1,0,0,,public,ordinary
UniversWeN,1,0,0,,public,ordinary
Urnotprepared,6,0,0,,public,ordinary
Utopia_Forever,1,0,0,,public,ordinary
U思易,1,0,0,,public,ordinary
Vic_GallifreyanHitchhiker,2,0,0,,public,ordinary
WASelice,1,0,0,,public,ordinary
Walker-Circulation,1,0,0,,public,ordinary
Watson贰不二,1,0,0,,public,ordinary
Weapon-肖宁,1,0,0,,public,ordinary
Weleanore_TVXQ,1,0,0,,public,ordinary
Wha山里人,1,0,0,,public,ordinary
WhereIsThe钱,2,0,0,,public,ordinary
Whizz5555,1,0,0,,public,ordinary
WhynotSowhat洗洗睡了吧,1,0,0,,public,ordinary
WilliamS的初级黑粉,1,0,0,,public,ordinary
Wshfubuck,1,0,0,,public,ordinary
X-时主星-X,2,0,0,,wemedia,wemedia
XU-执念,1,0,0,,public,ordinary
Xxxxxxxxyyyyy_123,1,0,0,,public,ordinary
Xx雅儿,1,0,0,,public,ordinary
YAFAN-sg,1,0,0,,public,ordinary
YKZ崽崽_我耐你m,1,0,0,,public,ordinary
YUAN滚滚木有ID,1,0,0,,public,ordinary
Yao烦忧,3,0,0,,public,ordinary
Yisa-Yisa,1,0,0,,public,ordinary
YourFather5,1,0,0,,public,ordinary
Yukiya_片桐,1,0,0,,public,ordinary
YunyunLi-JGW-3,1,0,0,,public,ordinary
ZJHtakayama373,4,0,0,,public,ordinary
ZYZY_1219,1,0,0,,public,ordinary
Zanegrok,1,0,0,,public,ordinary
Zeratulag-,2,0,0,,wemedia,wemedia
ZeroTwoooo2003,1,0,0,,public,ordinary
_____张氏情歌,1,0,0,,public,ordinary
____梧凤,1,0,0,,public,ordinary
___shiuuuuuuuu,1,0,0,,public,ordinary
_bonc,1,0,0,,wemedia,wemedia
_iloveEzrea1,1,0,0,,public,ordinary
_loveuall,1,0,0,,public,ordinary
_rootec,1,0,0,,public,ordinary
_中微子_,1,0,0,,public,ordinary
_乾穹_,1,0,0,,public,ordinary
_劳紫蜀道山,2,0,0,,public,ordinary
_半个榴莲_,2,0,0,,public,ordinary
_坏小孩_GARNET_CROW大好,1,0,0,,public,ordinary
_娜_蒙_莎_丽_,1,0,0,,public,ordinary
_我就要爆炸,1,0,0,,public,ordinary
_新栀_,1,0,0,,public,ordinary
_暔烛,2,0,0,,public,ordinary
_爱美的堤岸_,1,0,0,,public,ordinary
_眠月,1,0,0,,public,ordinary
_聂·收集可爱·bb,1,0,0,,public,ordinary
_腹水之盆盗墓上坟,1,0,0,,public,ordinary
_艾丽卡酱,1,0,0,,public,ordinary
_花小狼_,4,0,0,,public,ordinary
_行知合一_,1,0,0,,public,ordinary
_边缘者,1,0,0,,public,ordinary
_阿鬼咕咕咕,1,0,0,,public,ordinary
_青金_,1,0,0,,public,ordinary
_骐骥,1,0,0,,public,ordinary
a_cereal_burial,1,0,0,,public,ordinary
aasoeying,1,0,0,,public,ordinary
abalabalahei,1,0,0,,public,ordinary
ad_tp,1,0,0,,public,ordinary
ailishen_52316,3,0,0,,public,ordinary
aimee懵懵圈,1,0,0,,public,ordinary
angelbaets,2,0,0,,public,ordinary
antie,1,0,0,,public,ordinary
an安飛雪an,1,0,0,,public,ordinary
ap001,1,0,0,,public,ordinary
artboychina,2,0,0,,public,ordinary
aucdhg,1,0,0,,public,ordinary
authersk,2,0,0,,public,ordinary
ayqiuqiu,1,0,0,,public,ordinary
ayue一路上有你,1,0,0,,public,ordinary
a向左平移一个单位长度z,1,0,0,,public,ordinary
beckbowie背壳抱椰,1,0,0,,public,ordinary
bennylee,1,0,0,,public,ordinary
bjlmmt,1,0,0,,public,ordinary
bulu猴在冥想,1,0,0,,public,ordinary
bwwblshzh,1,0,0,,public,ordinary
bygx14,1,0,0,,public,ordinary
cHEtifAmia,4,0,0,,public,ordinary
caozenghui,1,0,0,,wemedia,wemedia
caraMeledseaSalt,1,0,0,,public,ordinary
cateat辣椒,1,0,0,,public,ordinary
ccccuz,1,0,0,,public,ordinary
cc要赚小钱钱,1,0,0,,public,ordinary
charleschio,1,0,0,,public,ordinary
chen-yunbin,1,0,0,,public,ordinary
chenahero,2,0,0,,public,ordinary
chokomonmon,1,0,0,,public,ordinary
chsnid,1,0,0,,public,ordinary
cici抱,1,0,0,,public,ordinary
cngp,2,0,0,,public,ordinary
coffee4U-,1,0,0,,public,ordinary
cotton_tail棉花球,2,0,0,,public,ordinary
crhubei,3,0,0,,public,ordinary
cyk553312,1,0,0,,public,ordinary
c雅小女子,1,0,0,,public,ordinary
dalabadana,1,0,0,,public,ordinary
dannel55,1,0,0,,public,ordinary
deal_late_no_more,1,0,0,,public,ordinary
deardank,1,0,0,,public,ordinary
dianc1,1,0,0,,public,ordinary
dibdu,1,0,0,,public,ordinary
dlilililb,1,0,0,,public,ordinary
dlong2011,1,0,0,,wemedia,wemedia
dophlinshop,2,0,0,,public,ordinary
dph心灵净土,1,0,0,,public,ordinary
dream2012梦想,1,0,0,,public,ordinary
einberliner,1,0,0,,public,ordinary
enattendant_楉,1,0,0,,public,ordinary
etteneM,1,0,0,,public,ordinary
evianoot,1,0,0,,public,ordinary
f8mkrvx3iy,1,0,0,,public,ordinary
falcon_16,3,0,0,,public,ordinary
faye阿睡,1,0,0,,public,ordinary
fdian,1,0,0,,public,ordinary
freetree2023,1,0,0,,public,ordinary
frejapril,1,0,0,,public,ordinary
furburger,2,0,0,,public,ordinary
fzz是dog,1,0,0,,public,ordinary
geshibaiqianwan,1,0,0,,public,ordinary
ggllgg_2002,2,0,0,,public,ordinary
ghuvsrhvjknvxswtukjlphcxguigeq,4,0,0,,public,ordinary
glance,1,0,0,,wemedia,wemedia
glfdsltlleklhqpq,1,0,0,,public,ordinary
gospeng,4,0,0,,public,ordinary
gravitation99,1,0,0,,public,ordinary
gxa016,2,0,0,,public,ordinary
gzpony酷,2,0,0,,public,ordinary
hana_TimMyxiii,1,0,0,,public,ordinary
happy_爱_理解_接受,2,0,0,,public,ordinary
happy暖暖2010,1,0,0,,public,ordinary
hbcai,1,0,0,,public,ordinary
heninQ,1,0,0,,public,ordinary
hgz95310,1,0,0,,public,ordinary
hieona1,1,0,0,,public,ordinary
huier_40787,1,0,0,,public,ordinary
huis_clos,1,0,0,,public,ordinary
icypear,1,0,0,,public,ordinary
idunno123,2,0,0,,public,ordinary
ijustwannabe1kid,1,0,0,,public,ordinary
innerpeeeeeeeace,1,0,0,,public,ordinary
isirisarea-,1,0,0,,public,ordinary
itsmatinalvic,1,0,0,,public,ordinary
ivor1204,1,0,0,,public,ordinary
i梅果果,1,0,0,,public,ordinary
jacarranda,1,0,0,,public,ordinary
jackal0218,1,0,0,,public,ordinary
jason-zhiu,6,0,0,,public,ordinary
jedicat,4,0,0,,public,ordinary
jiji13,1,0,0,,public,ordinary
jjnn宝贝,1,0,0,,public,ordinary
jodycui,1,0,0,,public,ordinary
jyzz010203,2,0,0,,public,ordinary
j鯖昻婸-20837,1,0,0,,public,ordinary
kahoandy,1,0,0,,public,ordinary
kenny_kennia,1,0,0,,public,ordinary
kicel_,1,0,0,,public,ordinary
kiko每天都是小幸运,1,0,0,,public,ordinary
kiyo_yuqi0923,1,0,0,,public,ordinary
leadea,1,0,0,,public,ordinary
leaveskicker_,1,0,0,,public,ordinary
lemonade波子汽水,1,0,0,,public,ordinary
lgl127,1,0,0,,public,ordinary
liaoyuan9999,1,0,0,,public,ordinary
libra最愛MasakiBaby,1,0,0,,public,ordinary
like吃美食的seven,2,0,0,,public,ordinary
lililolulolii,1,0,0,,public,ordinary
linguelingue,1,0,0,,public,ordinary
linstra袁有欣,1,0,0,,public,ordinary
lira爱吃多肉葡萄,1,0,0,,public,ordinary
liujt,3,0,0,,public,ordinary
liusong的美丽家园,3,0,0,,public,ordinary
livehappilyeverafterasap,1,0,0,,public,ordinary
lk619228922,2,0,0,,public,ordinary
lonelilonely,1,0,0,,public,ordinary
love流浪小野猫,2,0,0,,public,ordinary
lower官建,1,0,0,,other,ordinary
luckychanchanlaile,1,0,0,,public,ordinary
luuuuumeng,1,0,0,,public,ordinary
lynrt,1,0,0,,public,ordinary
lznenglzx,1,0,0,,public,ordinary
m0226,1,0,0,,public,ordinary
magicmadnessheavensin,2,0,0,,public,ordinary
masa_JIN,3,0,0,,wemedia,wemedia
masahar_u,3,0,0,,public,ordinary
mazahsshazam,1,0,0,,public,ordinary
mcaribou,1,0,0,,public,ordinary
melody修,1,0,0,,public,ordinary
mikiKry,1,0,0,,public,ordinary
miromiro·,1,0,0,,public,ordinary
mitsu244,2,0,0,,public,ordinary
molo滨的一些事一些情,1,0,0,,public,ordinary
msjyfcl_,1,0,0,,public,ordinary
msj老妖,1,0,0,,public,ordinary
multisuper,1,0,0,,public,ordinary
muskteerman,1,0,0,,public,ordinary
mvpgoss,1,0,0,,public,ordinary
neoblue_Philipsx,1,0,0,,public,ordinary
nkleef,1,0,0,,public,ordinary
noplaceforthesoul,1,0,0,,public,ordinary
ns217,1,0,0,,public,ordinary
oNishikigoi,1,0,0,,public,ordinary
oO0猫儿0Oo,1,0,0,,wemedia,wemedia
ok_lsj,1,0,0,,public,ordinary
onnowere,8,0,0,,public,ordinary
ouepghdy,2,0,0,,public,ordinary
o不服莫辩o,1,0,0,,wemedia,wemedia
o龙龙是只猪o,1,0,0,,public,ordinary
phalanger,1,0,0,,public,ordinary
phenix_火鸟,1,0,0,,public,ordinary
pikachu林龙,1,0,0,,public,ordinary
piupiuyt-,1,0,0,,public,ordinary
poo_kie,1,0,0,,public,ordinary
priestofmoon,1,0,0,,public,ordinary
p让他降落在你怀中q,1,0,0,,public,ordinary
qMoMent_,1,0,0,,public,ordinary
qw必夺大满贯,1,0,0,,public,ordinary
real何清洋,1,0,0,,wemedia,wemedia
reiakiryu,1,0,0,,wemedia,wemedia
reksha,1,0,0,,public,ordinary
rickyaoyao,1,0,0,,public,ordinary
rikAlasCARE,1,0,0,,public,ordinary
rikotan,1,0,0,,wemedia,wemedia
rjdoing,1,0,0,,public,ordinary
rotAmo,2,0,0,,public,ordinary
samhoter-I型,2,0,0,,public,ordinary
sanna-sanna,4,0,0,,public,ordinary
sap上帝给开了一扇窗,1,0,0,,public,ordinary
saysay刘小茜,1,0,0,,public,ordinary
sd10980,2,0,0,,public,ordinary
seagumermy,1,0,0,,wemedia,wemedia
secen茉莉,1,0,0,,public,ordinary
shania_2005,1,0,0,,public,ordinary
sha博弈,1,0,0,,public,ordinary
shdkkfkdkdkdk,1,0,0,,public,ordinary
shelly246,1,0,0,,public,ordinary
shenn_hosereel,1,0,0,,public,ordinary
shine002002,1,0,0,,public,ordinary
shixiangjun111,2,0,0,,public,ordinary
shljusd,1,0,0,,public,ordinary
sick_ya,1,0,0,,public,ordinary
sikafantasy,1,0,0,,public,ordinary
sikong73,2,0,0,,public,ordinary
silence-adept,1,0,0,,public,ordinary
sine_pi,1,0,0,,public,ordinary
smap2009,1,0,0,,public,ordinary
snowttffmm,1,0,0,,public,ordinary
snowyflora12,1,0,0,,public,ordinary
songbird_07,1,0,0,,public,ordinary
souki210,2,0,0,,public,ordinary
soulling_霂霖,1,0,0,,public,ordinary
ssiidisss-2,1,0,0,,public,ordinary
ste远方,1,0,0,,public,ordinary
sunnyboc,1,0,0,,public,ordinary
suoitng,1,0,0,,public,ordinary
susu困了,1,0,0,,wemedia,wemedia
sz1961sy93169,1,0,0,,public,ordinary
tangooricha,2,0,0,,public,ordinary
taoshia,1,0,0,,public,ordinary
tenderrain_宽妈,3,0,0,,public,ordinary
thorn__bird,1,0,0,,public,ordinary
tigonc1,1,0,0,,public,ordinary
titandream,10,0,0,,public,ordinary
toooohot,1,0,0,,public,ordinary
treesay54337,1,0,0,,public,ordinary
tt33796,4,0,0,,public,ordinary
vanillaninjal,6,0,0,,public,ordinary
very_lucky666,1,0,0,,public,ordinary
vickyxiao219,1,0,0,,public,ordinary
vivianlee63,1,0,0,,public,ordinary
water1cecream,2,0,0,,public,ordinary
weare汪秃theworld,1,0,0,,public,ordinary
weggiy,1,0,0,,public,ordinary
welcome_007,1,0,0,,public,ordinary
wenwen这个名字用不了真的好烦,1,0,0,,public,ordinary
wildrood,1,0,0,,wemedia,wemedia
willow_160712,1,0,0,,public,ordinary
winter生活版,1,0,0,,public,ordinary
wq57-_-,1,0,0,,public,ordinary
wufeilife2,2,0,0,,other,ordinary
wuliaodebeizi,1,0,0,,public,ordinary
ww古德猫宁,1,0,0,,public,ordinary
xin宝她妈咪,1,0,0,,public,ordinary
xueyananan,1,0,0,,public,ordinary
xxscwsryzpp,1,0,0,,public,ordinary
xxx晓旭,1,0,0,,public,ordinary
xzykx1,1,0,0,,public,ordinary
ybjtmhyby,2,0,0,,public,ordinary
yfwu123_277166,2,0,0,,public,ordinary
ykcci,1,0,0,,public,ordinary
yllove100,3,0,0,,public,ordinary
yong321,1,0,0,,public,ordinary
yskx1967,1,0,0,,public,ordinary
yuanydd,6,0,0,,public,ordinary
yuechih,2,0,0,,public,ordinary
zhanq2,1,0,0,,public,ordinary
zhujiang15,2,0,0,,public,ordinary
zhujiumenger,1,0,0,,public,ordinary
zjk救生衣,1,0,0,,public,ordinary
ztjcys,1,0,0,,public,ordinary
·薇斯人·,1,0,0,,public,ordinary
一Buddy一,1,0,0,,public,ordinary
一一界秧农时02610,1,0,0,,public,ordinary
一个人de旅途03,1,0,0,,public,ordinary
一个人的悲愤,1,0,0,,public,ordinary
一个好町,2,0,0,,public,ordinary
一个并没有什么用的小号,1,0,0,,public,ordinary
一个废话美女罢了,1,0,0,,public,ordinary
一个院长的思考,3,0,0,,public,ordinary
一串一串省略号,1,0,0,,public,ordinary
一位不愿意透露姓名的吕先生,1,0,0,,public,ordinary
一剑南来,1,0,0,,public,ordinary
一口拉,2,0,0,,public,ordinary
一只哲属性的王,1,0,0,,public,ordinary
一只海产品,1,0,0,,public,ordinary
一只海豹都不剩,4,0,0,,public,ordinary
一只路易L,1,0,0,,public,ordinary
一叶舟渡,2,0,0,,public,ordinary
一品姑苏城,1,0,0,,wemedia,wemedia
一块板的距离,1,0,0,,public,ordinary
一坨蘑菇的大号,1,0,0,,public,ordinary
一夏光年,1,0,0,,public,ordinary
一大口那,1,0,0,,public,ordinary
一大只喷火龙说要温柔,1,0,0,,public,ordinary
一天看六次手机,1,0,0,,public,ordinary
一头如花逐月游,1,0,0,,public,ordinary
一定要养猫,1,0,0,,public,ordinary
一川兰泽,1,0,0,,public,ordinary
一带一路铁木真,1,0,0,,public,ordinary
一束星光亮晶晶,1,0,0,,public,ordinary
一条不爱喝水的鱼666,1,0,0,,public,ordinary
一杯彩虹布丁,1,0,0,,public,ordinary
一柱擎天向太阳_天涯,2,0,0,,public,ordinary
一根茛苕,1,0,0,,public,ordinary
一桶白丁,1,0,0,,public,ordinary
一梦江湖你赔我点吧,1,0,0,,public,ordinary
一棵美人--黛琪,1,0,0,,wemedia,wemedia
一步一喵,1,0,0,,public,ordinary
一江春水西面流,1,0,0,,public,ordinary
一江笑大河,1,0,0,,public,ordinary
一玶海岸,2,0,0,,public,ordinary
一生只够爱一人尹,1,0,0,,public,ordinary
一直边走边唱,1,0,0,,public,ordinary
一立的微博,2,0,0,,public,ordinary
一蓑_烟雨任_平生,1,0,0,,public,ordinary
一览众山小_小小,2,0,0,,public,ordinary
一言如此的难尽呀,1,0,0,,public,ordinary
一路U你,1,0,0,,public,ordinary
一针评,1,0,0,,public,ordinary
一针走天下,1,0,0,,public,ordinary
一颗杉菜_,1,0,0,,public,ordinary
丁0203_476,1,0,0,,public,ordinary
丁字沽楞子,1,0,0,,public,ordinary
七宝chenchen,1,0,0,,public,ordinary
七月梅子青,2,0,0,,public,ordinary
七神默许-愚者反对,1,0,0,,public,ordinary
七色的偽物人形,2,0,0,,wemedia,wemedia
万事大吉A,3,0,0,,public,ordinary
万事支持弟,1,0,0,,public,ordinary
万事风过耳,3,0,0,,public,ordinary
万全,1,0,0,,public,ordinary
万半仙,1,0,0,,public,ordinary
万山景,1,0,0,,public,ordinary
万族孤云,2,0,0,,public,ordinary
万有引力CZ,1,0,0,,public,ordinary
万熊战车59式,1,0,0,,wemedia,wemedia
万策尽矣,1,0,0,,public,ordinary
三一三十一一,8,0,0,,public,ordinary
三万浮华只一梦,1,0,0,,public,ordinary
三三_201210,1,0,0,,public,ordinary
三个老爸实验室,5,0,0,,public,ordinary
三包番茄酱_,1,0,0,,public,ordinary
三思思思君,1,0,0,,public,ordinary
三思逍遥,2,0,0,,public,ordinary
三月01316,1,0,0,,public,ordinary
三木79872,2,0,0,,public,ordinary
三水三水hota,1,0,0,,public,ordinary
三澜姑姑,1,0,0,,public,ordinary
三界之外青泠阁,1,0,0,,public,ordinary
三皮王,1,0,0,,public,ordinary
三石与三顺,1,0,0,,public,ordinary
三磷酸鸟苷_,1,0,0,,public,ordinary
三禾君,1,0,0,,public,ordinary
三言Cyan,1,0,0,,wemedia,wemedia
三顺爱吃水果,1,0,0,,public,ordinary
三颗猫饼干12,1,0,0,,public,ordinary
上古天真论甜珑,1,0,0,,public,ordinary
上善若水Life,3,0,0,,public,ordinary
上帝之鹰_5zn,1,0,0,,public,ordinary
上海小汤圆,1,0,0,,public,ordinary
上海徐林,1,0,0,,public,ordinary
下雪天的寒冰掌,2,0,0,,public,ordinary
不会上网唐床破,2,0,0,,public,ordinary
不再拿螺丝戳你了,1,0,0,,public,ordinary
不再是小编了,3,0,0,,public,ordinary
不再是曾经那个没阳的我了,1,0,0,,public,ordinary
不减到89斤不改名叶,1,0,0,,public,ordinary
不加番茄酱和酸黄瓜的双吉,1,0,0,,public,ordinary
不加青柠才微微苦,1,0,0,,public,ordinary
不可以吃兔兔V,1,0,0,,public,ordinary
不合厌杭州,1,0,0,,public,ordinary
不善言辞爱国熊猫,1,0,0,,public,ordinary
不安逸的蚂蚁,2,0,0,,public,ordinary
不平则鸣的沙砾,4,0,0,,public,ordinary
不快乐的阿柿酱,1,0,0,,public,ordinary
不惑三姐,1,0,0,,public,ordinary
不惑就是不霍霍,1,0,0,,public,ordinary
不想打工的菲菲,1,0,0,,public,ordinary
不攒十万不改这网名,1,0,0,,public,ordinary
不是161x,1,0,0,,public,ordinary
不爱胡萝卜的懒兔子,2,0,0,,public,ordinary
不畏不悔,1,0,0,,public,ordinary
不肥不厚的肉啊,1,0,0,,public,ordinary
不能被改变的向日葵,1,0,0,,public,ordinary
不蓝卡卡文了,1,0,0,,public,ordinary
不要双标啊,1,0,0,,public,ordinary
不解颜,1,0,0,,public,ordinary
不负使命担当,2,0,0,,public,ordinary
不负时光不负初心,1,0,0,,public,ordinary
不铭泽已,3,0,0,,public,ordinary
与艾滋病为邻,1,0,0,,wemedia,wemedia
世界d窝窝头,1,0,0,,public,ordinary
世界博友会,1,0,0,,public,ordinary
世界未解之迷惑,1,0,0,,public,ordinary
世界第一可爱猫咪老师,2,0,0,,wemedia,wemedia
丙寅666在巴马,1,0,0,,public,ordinary
业余大帅哥,1,0,0,,public,ordinary
丛林大鹅,1,0,0,,public,ordinary
东京八十万萝莉教头喵喵冲,8,0,0,,public,ordinary
东张西望的陈小怡,1,0,0,,public,ordinary
东方晨木,1,0,0,,public,ordinary
东方视界aqiang,6,0,0,,public,ordinary
东明仝建华,1,0,0,,public,ordinary
东边道山林队-华夏小卒,4,0,0,,public,ordinary
东郭燕女士,1,0,0,,public,ordinary
东都策马,1,0,0,,public,ordinary
丢了呃个丢,1,0,0,,wemedia,wemedia
两小馨晴儿,1,0,0,,public,ordinary
两腿中间夹个垫er,1,0,0,,public,ordinary
中二晚晚晚期,1,0,0,,wemedia,wemedia
中医万小草,1,0,0,,public,ordinary
中医万石川,1,0,0,,public,ordinary
中医任巧生,2,0,0,,wemedia,wemedia
中医刘睿,2,0,0,,public,ordinary
中医刘茜檬,1,0,0,,public,ordinary
中医吴昌树,2,0,0,,wemedia,wemedia
中医周雯,2,0,0,,public,ordinary
中医唐云,1,0,0,,public,ordinary
中医唐伟,2,0,0,,public,ordinary
中医妇儿林波,3,0,0,,public,ordinary
中医徐柏杨,1,0,0,,public,ordinary
中医朱林立,1,0,0,,wemedia,wemedia
中医杨桢,1,0,0,,public,ordinary
中医纪元,2,0,0,,public,ordinary
中医肖健楠,1,0,0,,wemedia,wemedia
中医肖阁敏,1,0,0,,public,ordinary
中医船长w,2,0,0,,wemedia,wemedia
中医褚慧玲,1,0,0,,wemedia,wemedia
中医陈无己,1,0,0,,public,ordinary
中医韦青林-,5,0,0,,public,ordinary
中医韩娟,1,0,0,,public,ordinary
中医黄锐,1,0,0,,wemedia,wemedia
中华做题家,1,0,0,,public,ordinary
中华本草1,1,0,0,,public,ordinary
中国知识产权之友,1,0,0,,mainstream,mainstream
中山国医堂堂主,1,0,0,,public,ordinary
中庸的胡儒生,1,0,0,,public,ordinary
中式无糖馒头,1,0,0,,public,ordinary
中月圆又圆,1,0,0,,public,ordinary
中流砥柱好beta的脖子,1,0,0,,public,ordinary
中統鈔,1,0,0,,public,ordinary
中药师涂倩雯,2,0,0,,wemedia,wemedia
中部大喜鹊,1,0,0,,public,ordinary
中醫義工,1,0,0,,public,ordinary
中风患者之家,1,0,0,,public,ordinary
丰衣足食猪猪侠,2,0,0,,public,ordinary
丶BBBblitz,1,0,0,,public,ordinary
丸几小章鱼,1,0,0,,public,ordinary
丸子大爷嗷嗷嗷,1,0,0,,public,ordinary
丸様,1,0,0,,public,ordinary
为WXJ受害者维权,1,0,0,,public,ordinary
为了世界和平啥扣必须先肆,1,0,0,,public,ordinary
为正义呐喊2022,1,0,0,,public,ordinary
为着梦想而努力的猫,1,0,0,,public,ordinary
为笨蛋争口气-W,1,0,0,,public,ordinary
为郑太后朝思暮想,1,0,0,,public,ordinary
主编谈IT,1,0,0,,wemedia,wemedia
乂杍,1,0,0,,public,ordinary
么凹喵的小园儿,1,0,0,,public,ordinary
义乌同城会,1,0,0,,public,ordinary
乌云密处的晴空,3,0,0,,public,ordinary
乌合之众5199,1,0,0,,public,ordinary
乌合之众莫挨老子,3,0,0,,public,ordinary
乌苏里牛哥,1,0,0,,public,ordinary
乐之小饼干,1,0,0,,public,ordinary
乐山水667,1,0,0,,public,ordinary
乐熙阿,1,0,0,,public,ordinary
乖乖小狼,1,0,0,,public,ordinary
乖怪兔丁,1,0,0,,other,ordinary
九天揽月之吃瓜群众,1,0,0,,public,ordinary
九州牧狩,1,0,0,,wemedia,wemedia
九碎星星糖,2,0,0,,public,ordinary
九重坟墓哭途穷,1,0,0,,public,ordinary
也有那种说法啊,1,0,0,,public,ordinary
习楠03,1,0,0,,public,ordinary
书恩·伍德莫辛,1,0,0,,public,ordinary
书楼4盏灯,3,0,0,,public,ordinary
乱七八糟什么gui,1,0,0,,public,ordinary
乾物翔,1,0,0,,public,ordinary
了不起的中国制造,1,0,0,,other,ordinary
予向善以回应,1,0,0,,public,ordinary
予泓,5,0,0,,public,ordinary
二不廬,1,0,0,,public,ordinary
二布丁_小奎花家排号16113,1,0,0,,public,ordinary
二月谈鸢,1,0,0,,public,ordinary
二班右窗上,1,0,0,,public,ordinary
二耶耶耶二,1,0,0,,public,ordinary
二邪赤城厨,1,0,0,,public,ordinary
云上看客闲来一壶茶,1,0,0,,public,ordinary
云南昭通肖瑾,1,0,0,,public,ordinary
云彩红,1,0,0,,public,ordinary
云无处所,1,0,0,,public,ordinary
云萧潇飞,1,0,0,,public,ordinary
云裳诉离弦,1,0,0,,wemedia,wemedia
云采为衣,1,0,0,,public,ordinary
云门陈酿洞藏春,1,0,0,,public,ordinary
互联网空气净化器,1,0,0,,public,ordinary
五_进化中,1,0,0,,public,ordinary
五五五五五5个五,1,0,0,,public,ordinary
五十米深蓝-bluemerchandiser,1,0,0,,public,ordinary
五号车论吴昊,1,0,0,,public,ordinary
五柒六捌,1,0,0,,public,ordinary
五湖云凤,1,0,0,,public,ordinary
五线梦想,1,0,0,,public,ordinary
五行,1,0,0,,public,ordinary
五行属懒喜金,3,0,0,,public,ordinary
五见空里,1,0,0,,public,ordinary
五道口守望者,1,0,0,,public,ordinary
五龙九知,1,0,0,,public,ordinary
亚历山大在基层,1,0,0,,public,ordinary
亚日歌,1,0,0,,public,ordinary
亚洲巡洋舰3,1,0,0,,public,ordinary
亟兮般若,1,0,0,,public,ordinary
亦为往圣继绝学,2,0,0,,public,ordinary
京师韦爵爷,1,0,0,,public,ordinary
京杭大运河的书好少好难借,1,0,0,,public,ordinary
京虎子,1,0,0,,public,ordinary
京西梦为鱼,1,0,0,,public,ordinary
亮光太刺眼,1,0,0,,public,ordinary
亮眼看不透,1,0,0,,public,ordinary
亲亲白兔糖,1,0,0,,public,ordinary
亲爱的列奥纳多,1,0,0,,public,ordinary
人之君主,1,0,0,,public,ordinary
人参青果,3,0,0,,public,ordinary
人在ZJ,1,0,0,,public,ordinary
人在囧途Cc0,1,0,0,,public,ordinary
人在广东打螺丝,1,0,0,,public,ordinary
人形师Koji,2,0,0,,wemedia,wemedia
人生实苦_偶尔微甜,1,0,0,,public,ordinary
人生导师王守仁,1,0,0,,public,ordinary
人生最好的祝福是互不打扰,1,0,0,,public,ordinary
人称发展哥,1,0,0,,public,ordinary
人间渡劫-米小姐,1,0,0,,public,ordinary
人间电子荒原,2,0,0,,public,ordinary
什么滴我,2,0,0,,public,ordinary
什锦烧鸭,1,0,0,,public,ordinary
仁川牛奶团子工厂,1,0,0,,public,ordinary
仇家的一脸K线,1,0,0,,public,ordinary
今天垃圾媒体封了吗,3,0,0,,public,ordinary
今天寝室有信号了吗,3,0,0,,public,ordinary
今天我又熬夜了x,1,0,0,,public,ordinary
今天爱生活爱画画了吗,1,0,0,,public,ordinary
今天要来点瘦胖安利吗喵,1,0,0,,public,ordinary
今年也要考高高,2,0,0,,public,ordinary
今年换个昵称行不行,1,0,0,,public,ordinary
今日俄罗斯RT,1,0,0,,other,ordinary
今朝无酒亦醉,1,0,0,,public,ordinary
从不缺德数码,2,0,0,,public,ordinary
从初夏时节来,1,0,0,,public,ordinary
从善如流2021,7,0,0,,public,ordinary
从大日壇城开始,1,0,0,,public,ordinary
从未见过有如此厚颜无耻之徒,1,0,0,,public,ordinary
仓鼠Stella,2,0,0,,public,ordinary
付跃军2011,1,0,0,,public,ordinary
付额慶,1,0,0,,public,ordinary
仙人颠儿,2,0,0,,public,ordinary
仙女是不需要昵称的,1,0,0,,public,ordinary
仙琴与道蝶,1,0,0,,public,ordinary
仝华,1,0,0,,public,ordinary
仟偈,1,0,0,,wemedia,wemedia
以史为鉴V,1,0,0,,public,ordinary
以里_Verdurous_里以,4,0,0,,public,ordinary
仲夏鱼未眠,1,0,0,,public,ordinary
企鹅滑行中,1,0,0,,public,ordinary
伊人19413,1,0,0,,public,ordinary
伊人难一心,1,0,0,,public,ordinary
伊利斯黄,1,0,0,,public,ordinary
伊希斯的逆袭,1,0,0,,wemedia,wemedia
优且优,1,0,0,,public,ordinary
会唱歌的墙喔,3,0,0,,public,ordinary
会明976,1,0,0,,public,ordinary
会火大叔,1,0,0,,public,ordinary
会飞的loopy,1,0,0,,public,ordinary
传与承丶草莽游侠李英俊,3,0,0,,public,ordinary
传奇31605,1,0,0,,public,ordinary
传奇领袖贝尼托,2,0,0,,public,ordinary
传承堂学徒丶就二十八画,1,0,0,,public,ordinary
传承堂弟子丶万化子,5,0,0,,public,ordinary
传承堂弟子丶青黛,1,0,0,,public,ordinary
传说中的一撰梅,1,0,0,,public,ordinary
伦斯特罗夫,1,0,0,,public,ordinary
伽陀仙人_忌休,1,0,0,,public,ordinary
但丁Law,3,0,0,,public,ordinary
但少年一瞬心动就永远心动,1,0,0,,public,ordinary
但愿长醉不复醒日日都有好RP,3,0,0,,public,ordinary
低脂纯素青春永驻,1,0,0,,public,ordinary
佑见青山,1,0,0,,public,ordinary
何泽幻,1,0,0,,public,ordinary
何远之_,1,0,0,,public,ordinary
余丰慧,1,0,0,,public,ordinary
余姚发布,1,0,0,,government,mainstream
余韫w,1,0,0,,public,ordinary
余音绕梁-ken,1,0,0,,public,ordinary
佛心蛊虫2,11,0,0,,public,ordinary
作听不懂的样子,1,0,0,,public,ordinary
作家圆圆,1,0,0,,public,ordinary
作手WL,3,0,0,,public,ordinary
作者夜升,3,0,0,,public,ordinary
作者柳折眉,1,0,0,,public,ordinary
佟忆,1,0,0,,public,ordinary
你乒总教练今天走铁路了吗,1,0,0,,public,ordinary
你也吃姜汤面吗,1,0,0,,public,ordinary
你也爱吃烧麦,1,0,0,,public,ordinary
你你犹豫了,1,0,0,,public,ordinary
你值得呐,3,0,0,,public,ordinary
你啊啊啊的是田所浩二吗,1,0,0,,public,ordinary
你太让爸爸失望了,3,0,0,,public,ordinary
你好_小珂,1,0,0,,public,ordinary
你好呀小果姐,2,0,0,,public,ordinary
你好晖爷,1,0,0,,public,ordinary
你家厕所堵了,1,0,0,,public,ordinary
你愿意娶GWW为妻吗,1,0,0,,public,ordinary
你懂不懂毛茸茸的分量啊,1,0,0,,public,ordinary
你有你的计划-世界有自己的计划,1,0,0,,public,ordinary
你猜我想改什么呢,1,0,0,,public,ordinary
你猜猜看我到底是谁,1,0,0,,public,ordinary
你艾特我我也不艾特你,2,0,0,,public,ordinary
佳佳学姐不是学姐,1,0,0,,public,ordinary
佳学基因解码基因检测,1,0,0,,other,ordinary
依依在夜里跳舞,1,0,0,,public,ordinary
依然阳光oo,1,0,0,,public,ordinary
侞伈,1,0,0,,public,ordinary
侠所闻,5,0,0,,public,ordinary
侬刚是伐,1,0,0,,public,ordinary
便匆名的唐吉诃德,1,0,0,,public,ordinary
保保a,2,0,0,,public,ordinary
俞荷娟X,1,0,0,,public,ordinary
修改昵称0000000000000,3,0,0,,public,ordinary
修灯的Cubewishper,3,0,0,,public,ordinary
修身养性0515,1,0,0,,public,ordinary
修身养性_心随人愿,1,0,0,,public,ordinary
俸翥遥,1,0,0,,public,ordinary
倒斗神瓶,1,0,0,,public,ordinary
候鳥短歌_,1,0,0,,public,ordinary
倚竹听落茗-是艽艽不是九九,1,0,0,,wemedia,wemedia
偃月上神,2,0,0,,wemedia,wemedia
做一个灵魂独立而丰富的女人,1,0,0,,public,ordinary
做书签的落叶,1,0,0,,public,ordinary
停云处,1,0,0,,public,ordinary
健康双流,1,0,0,,other,ordinary
健康大武汉,1,0,0,,public,ordinary
健康好运酱D姐姐,2,0,0,,public,ordinary
健康就是最大的财富_2025版,2,0,0,,public,ordinary
健康彭州,1,0,0,,other,ordinary
健康快乐过蛇年,1,0,0,,public,ordinary
健康简阳,1,0,0,,other,ordinary
健康身体-快乐生活,1,0,0,,public,ordinary
健康雅安官微,1,0,0,,other,ordinary
偶遇水晶,1,0,0,,public,ordinary
傻乐的猫,1,0,0,,public,ordinary
儿科医生王淑颖,1,0,0,,public,ordinary
元癫王,1,0,0,,public,ordinary
元空医语,1,0,0,,public,ordinary
元素最恨盗号贼,2,0,0,,public,ordinary
充满热情的小郭妈妈20170,1,0,0,,public,ordinary
先天炁,1,0,0,,public,ordinary
光与热white,1,0,0,,public,ordinary
光之吸豚师,1,0,0,,wemedia,wemedia
光在上影在下,1,0,0,,public,ordinary
光头风月,1,0,0,,public,ordinary
光年之外的星辰大海,2,0,0,,public,ordinary
光禄寺大夫,2,0,0,,public,ordinary
克莱因蓝味的柚子,1,0,0,,public,ordinary
兔_红色星火,1,0,0,,public,ordinary
兔八歌66,1,0,0,,public,ordinary
兔叽去哪儿,1,0,0,,public,ordinary
兔喵ABC,1,0,0,,public,ordinary
兔子姑凉养猫咪,2,0,0,,wemedia,wemedia
兔子小千,2,0,0,,public,ordinary
兔子是吉祥物_迹冥生一堆,1,0,0,,public,ordinary
兔子窝里的胡萝卜w,1,0,0,,public,ordinary
全世界最美的鱼,2,0,0,,public,ordinary
全世界漂,16,0,0,,public,ordinary
全丫头的妈咪,1,0,0,,public,ordinary
全撸剩饭,1,0,0,,public,ordinary
全糖葡萄柚,1,0,0,,wemedia,wemedia
八声_甘州,2,0,0,,public,ordinary
八爪鱼鱻,1,0,0,,public,ordinary
公考路上的李three,1,0,0,,public,ordinary
兰兰和萱萱,1,0,0,,public,ordinary
兰若烟沙,1,0,0,,public,ordinary
共富TV,1,0,0,,other,ordinary
共鳴Departures,2,0,0,,public,ordinary
关爱底幻女,1,0,0,,public,ordinary
关雅荻,2,0,0,,public,ordinary
养无极牌补肺丸小助手,1,0,0,,other,ordinary
养生的红豆,1,0,0,,public,ordinary
兽基用虍035079026,1,0,0,,public,ordinary
冀翼book,3,0,0,,public,ordinary
内以养己,1,0,0,,public,ordinary
内经爱好者,4,0,0,,public,ordinary
冈本国驻花大屎馆,1,0,0,,public,ordinary
再不改变就不礼貌啦,1,0,0,,public,ordinary
农夫果园里的山泉水,1,0,0,,public,ordinary
冠波背景辐射,2,0,0,,public,ordinary
冤冤小茶壶,1,0,0,,public,ordinary
冬亚,1,0,0,,public,ordinary
冰临神下的微博,1,0,0,,public,ordinary
冰儿妈,1,0,0,,public,ordinary
冰激流,1,0,0,,public,ordinary
冰美不太苦,1,0,0,,public,ordinary
冰荷爱旅行18,1,0,0,,public,ordinary
冰雨醉蝶,1,0,0,,public,ordinary
冲锋陷阵钱老师,1,0,0,,public,ordinary
决澜,1,0,0,,public,ordinary
决绝的鱼,2,0,0,,public,ordinary
冷月如霜疏花影,1,0,0,,public,ordinary
冷静谨慎谦逊克制,1,0,0,,public,ordinary
准准妃,1,0,0,,public,ordinary
凉薄执笔,1,0,0,,public,ordinary
凌闻笙416,1,0,0,,wemedia,wemedia
凑热闹的火老师,1,0,0,,public,ordinary
凛冬昨至,1,0,0,,public,ordinary
凡人歌词是以内,1,0,0,,public,ordinary
凡间精灵lm,1,0,0,,public,ordinary
凤影焰,2,0,0,,public,ordinary
凤梨休假只想吃睡睡吃,1,0,0,,public,ordinary
凯喜博士DrCash,1,0,0,,public,ordinary
凯雷,3,0,0,,public,ordinary
凰长舒,1,0,0,,public,ordinary
凶狠残暴榴盲兔,1,0,0,,public,ordinary
出站上楼,1,0,0,,public,ordinary
刀刀带风,1,0,0,,public,ordinary
切格瓦拉同志的微博,3,0,0,,public,ordinary
列克星敦耸耸肩,1,0,0,,public,ordinary
刘昭在路上,1,0,0,,public,ordinary
刘继兴,1,0,0,,public,ordinary
刚洗完澡还没吹干,1,0,0,,public,ordinary
初恋战线_,1,0,0,,public,ordinary
初瀬野阿尔法,1,0,0,,public,ordinary
别嘲笑俺的双下巴了,1,0,0,,public,ordinary
别处偏佳,1,0,0,,public,ordinary
别拖至春天C,1,0,0,,public,ordinary
别是一乾坤,2,0,0,,public,ordinary
别柔我猪鼻子,1,0,0,,public,ordinary
别紧张啊我又不是什么好人,1,0,0,,public,ordinary
剑的执念_mk2,1,0,0,,public,ordinary
剪刀手大叔心,1,0,0,,public,ordinary
剪刀手爱图灵,2,0,0,,public,ordinary
动机资本,1,0,0,,public,ordinary
努力搞钱的老王同志,1,0,0,,public,ordinary
努力生长的小花花,1,0,0,,public,ordinary
劳资要吃螺蛳粉,1,0,0,,public,ordinary
勇闯天涯但不喝啤酒,1,0,0,,public,ordinary
勤勤淳朴,3,0,0,,public,ordinary
勺是好勺,1,0,0,,public,ordinary
勾陈苍苍风玄武,1,0,0,,public,ordinary
包包饱饱抱宝,1,0,0,,public,ordinary
包子和人生哲理,1,0,0,,public,ordinary
化妆师安树,2,0,0,,wemedia,wemedia
北七家努涅斯,2,0,0,,public,ordinary
北之乔,2,0,0,,public,ordinary
北京-飒爽英雄,1,0,0,,public,ordinary
北京中医_任巧生,1,0,0,,public,ordinary
北京云儿朵朵,1,0,0,,public,ordinary
北京张胖子,4,0,0,,public,ordinary
北京海淀健康教育,1,0,0,,other,ordinary
北京窦子明,2,0,0,,public,ordinary
北京老哥99,1,0,0,,public,ordinary
北京鲁戈,1,0,0,,public,ordinary
北动义务气氛组,4,0,0,,public,ordinary
北回归线以北ly,1,0,0,,public,ordinary
北方北大营,1,0,0,,public,ordinary
北极春天2021,1,0,0,,public,ordinary
北环爱好者之家,2,0,0,,wemedia,wemedia
北荒麦秋,1,0,0,,public,ordinary
北野苍术_,1,0,0,,public,ordinary
北鼻小鹿,1,0,0,,public,ordinary
医家小馆,2,0,0,,public,ordinary
医生田建华,2,0,0,,wemedia,wemedia
医者仁心心,1,0,0,,public,ordinary
医者仁心洪小惟大夫,1,0,0,,public,ordinary
十一月去吹风,3,0,0,,public,ordinary
十三姨123,1,0,0,,public,ordinary
十四喵喵喵喵,1,0,0,,public,ordinary
十年江新月,1,0,0,,public,ordinary
十点半关灯_,1,0,0,,public,ordinary
十里桃卍碧落黄泉,1,0,0,,public,ordinary
千万别当真2,1,0,0,,public,ordinary
千万别执着,1,0,0,,public,ordinary
千万别给我放醋,3,0,0,,public,ordinary
千年老人2016,3,0,0,,wemedia,wemedia
千机不惑,1,0,0,,public,ordinary
千葉桜川,1,0,0,,public,ordinary
千里兰,1,0,0,,wemedia,wemedia
千金不挡,1,0,0,,public,ordinary
午后狂睡,1,0,0,,public,ordinary
半夜想改个名字于是就改个名字吧,1,0,0,,public,ordinary
半夜无灵感,1,0,0,,public,ordinary
半成品饺子,1,0,0,,public,ordinary
半梦·半醒之间,2,0,0,,public,ordinary
卍潘业卍,1,0,0,,public,ordinary
华丽167,1,0,0,,public,ordinary
华南HDF观察,1,0,0,,public,ordinary
华南围脖,1,0,0,,public,ordinary
华姐的奇葩,1,0,0,,public,ordinary
华美千秋_2011,1,0,0,,public,ordinary
卓-迷藏,1,0,0,,public,ordinary
卓宸2015,1,0,0,,public,ordinary
卓陵昭,2,0,0,,public,ordinary
单桂敏是我,2,0,0,,public,ordinary
卖红薯的小老太婆儿,1,0,0,,public,ordinary
南方小剑剑,1,0,0,,public,ordinary
南槐国大宗师,4,0,0,,public,ordinary
南海客尘,11,0,0,,public,ordinary
南無法帝的微笑,1,0,0,,wemedia,wemedia
南玛都Sin,1,0,0,,public,ordinary
博爱定西,1,0,0,,public,ordinary
博远观澜,2,0,0,,public,ordinary
卡布奇诺不是咖啡5,1,0,0,,public,ordinary
卡座妹,1,0,0,,public,ordinary
卡斯珀的菠萝曼斯基,1,0,0,,public,ordinary
卡维先生,3,0,0,,public,ordinary
卢卡斯-Wang,1,0,0,,public,ordinary
卤皮皮虾,3,0,0,,public,ordinary
卫正言摄影,1,0,0,,public,ordinary
厚朴在闭关,1,0,0,,public,ordinary
原濑佐田,2,0,0,,public,ordinary
原真yz,4,0,0,,public,ordinary
原舟聿,1,0,0,,public,ordinary
原鹿--,1,0,0,,public,ordinary
厦门叶锋,1,0,0,,wemedia,wemedia
去撞南墙啊,2,0,0,,public,ordinary
县城青年李大包,1,0,0,,wemedia,wemedia
友新笔记,1,0,0,,wemedia,wemedia
反对新世界秩序,12,0,0,,public,ordinary
反着来啦,2,0,0,,public,ordinary
发掘友爱展示馆,1,0,0,,public,ordinary
发现我在冲浪请叫我关掉微博看书,1,0,0,,public,ordinary
取个什么名字不会占用呢,1,0,0,,public,ordinary
取个没被抢占的昵称真的好难,1,0,0,,public,ordinary
受害人毛秀红,1,0,0,,public,ordinary
变回鱼师傅,1,0,0,,public,ordinary
口袋良医,1,0,0,,public,ordinary
古倫美亞,3,0,0,,public,ordinary
只喝露水的小仙仙仙女,1,0,0,,public,ordinary
只想要露思平安喜乐,1,0,0,,public,ordinary
只是个有业游民,2,0,0,,public,ordinary
只是单纯吃瓜群众,1,0,0,,public,ordinary
只要名字足够长你们就记不住,1,0,0,,public,ordinary
只谈风月猫,1,0,0,,public,ordinary
叫我杏哥儿,1,0,0,,public,ordinary
召唤肉,2,0,0,,public,ordinary
叮当_做Lucky锦鲤,1,0,0,,public,ordinary
叮当的注会之旅,2,0,0,,public,ordinary
可乐企鹅2010,1,0,0,,public,ordinary
可乐养乐多呀,1,0,0,,public,ordinary
可乐罐子小呆,1,0,0,,wemedia,wemedia
可可20250101,1,0,0,,public,ordinary
可多yu,2,0,0,,public,ordinary
可爱汤圆圆,1,0,0,,public,ordinary
可知季汉柳文鸳,2,0,0,,public,ordinary
可遇2021,1,0,0,,public,ordinary
史老柒,3,0,0,,public,ordinary
史诗奇幻小酒馆,2,0,0,,wemedia,wemedia
右右0320疯子,1,0,0,,public,ordinary
叶塞尼亚201512,2,0,0,,public,ordinary
叶子2001_15975,1,0,0,,public,ordinary
叶子叶枫雨漫,1,0,0,,public,ordinary
叶枝莎纱,1,0,0,,public,ordinary
叶苍茫2022,1,0,0,,public,ordinary
叶莫秋,5,0,0,,public,ordinary
叶行舟_作者大大们今天更新了吗,4,0,0,,public,ordinary
叶过留痕--trendinmm,3,0,0,,public,ordinary
叶里藏花m,3,0,0,,public,ordinary
司法公平公正公开,1,0,0,,public,ordinary
司空闪,3,0,0,,public,ordinary
吃了睡醒了笑,2,0,0,,public,ordinary
吃土少女药,1,0,0,,public,ordinary
吃完饭就得洗碗这叫生活,2,0,0,,public,ordinary
吃瓜群众演员请就位,1,0,0,,public,ordinary
吃着凉粉刷微博,1,0,0,,public,ordinary
吃肉肉怕胖的喵酱,1,0,0,,public,ordinary
吃鲜虾蟹籽云吞面,1,0,0,,public,ordinary
吉姆加里森,1,0,0,,public,ordinary
吉祥8643,1,0,0,,public,ordinary
吊车湖的急霸虾,1,0,0,,public,ordinary
同袍与我违,1,0,0,,public,ordinary
名叫叶子的恋人,1,0,0,,public,ordinary
名字就叫好运宝宝,1,0,0,,public,ordinary
向左转一千,1,0,0,,public,ordinary
向日葵全盛的夏天2011,1,0,0,,public,ordinary
向阳花开温暖四季,1,0,0,,public,ordinary
吕兆玉刚A,1,0,0,,public,ordinary
吕永岩,1,0,0,,public,ordinary
吖呆天然呆,2,0,0,,public,ordinary
吖贝贝吖,1,0,0,,wemedia,wemedia
吗咪吗咪哄hong,1,0,0,,public,ordinary
君子坦荡荡xrcqq,3,0,0,,public,ordinary
听曲人流浪,1,0,0,,public,ordinary
听闲花落地,1,0,0,,public,ordinary
听音乐的老猫,3,0,0,,public,ordinary
吴慧炯,1,0,0,,public,ordinary
吴茨稔,1,0,0,,public,ordinary
吴高龙,1,0,0,,wemedia,wemedia
吸血鬼密西卡,1,0,0,,public,ordinary
吸食注意,1,0,0,,wemedia,wemedia
呃呃摸鱼博不想被清fo,1,0,0,,public,ordinary
呆萌无邪小三爷,1,0,0,,public,ordinary
呛呛独行,2,0,0,,public,ordinary
周惘然,1,0,0,,public,ordinary
周章枝芽金元宝,2,0,0,,public,ordinary
呱太浪,3,0,0,,public,ordinary
呼噜噜噜噜zzzzz,1,0,0,,public,ordinary
和气111111,1,0,0,,public,ordinary
和清_yjl,1,0,0,,public,ordinary
和糖悦色LJKF,1,0,0,,public,ordinary
和颜付悦色,1,0,0,,public,ordinary
和风细雨暖阳凉月,1,0,0,,public,ordinary
咕咕大咕咕咕咕哒,5,0,0,,public,ordinary
咖啡因戒断版,1,0,0,,public,ordinary
咚咚的碎语,1,0,0,,public,ordinary
咚哒哒嘀嗒嗒,1,0,0,,public,ordinary
咩咩阿姨洗铁路_,1,0,0,,public,ordinary
咩嘢,1,0,0,,public,ordinary
咪嘟小仙女,1,0,0,,wemedia,wemedia
咱乃猫是也,2,0,0,,public,ordinary
咸其辅颊舌,1,0,0,,wemedia,wemedia
咸菜绿裤腰带,1,0,0,,public,ordinary
哈哈25025,1,0,0,,public,ordinary
哈哈哈54322,1,0,0,,public,ordinary
哈哈哈哈哈哈和呵呵呵呵呵,1,0,0,,public,ordinary
哎什么国太子来着,1,0,0,,public,ordinary
哎呀土豆他娘,1,0,0,,public,ordinary
哎嗨呦喂咦2呀,1,0,0,,public,ordinary
哥布林杀手不太冷,1,0,0,,public,ordinary
哥斯达黎加77,1,0,0,,public,ordinary
哥昇撩靓,1,0,0,,public,ordinary
哲远优思,1,0,0,,public,ordinary
唐小元,1,0,0,,public,ordinary
唔啦唔吧唔,1,0,0,,public,ordinary
唯舒的笔记,1,0,0,,public,ordinary
唾面受,1,0,0,,public,ordinary
啊呜去哪儿,1,0,0,,public,ordinary
啊对对对你说得对000,4,0,0,,public,ordinary
啊肥戼,1,0,0,,public,ordinary
啤啤小子2000,1,0,0,,public,ordinary
啦啦啦啦我就是我,1,0,0,,public,ordinary
啵啵米小站85号,1,0,0,,public,ordinary
喀斯特地带,1,0,0,,public,ordinary
喂喂喂喂喂衣,1,0,0,,public,ordinary
善明枢一纯质熙和,1,0,0,,public,ordinary
喆鱼喆鱼,1,0,0,,public,ordinary
喜仙在人间,1,0,0,,public,ordinary
喜气洋洋太t,1,0,0,,public,ordinary
喝热水的冷饮信徒,1,0,0,,public,ordinary
喝茶不吃酒,1,0,0,,public,ordinary
喵了个咪凛,4,0,0,,public,ordinary
喵儿姑娘,1,0,0,,public,ordinary
喵哥有只唐大炮他从来也不骑,2,0,0,,public,ordinary
喵喵呜呜江,2,0,0,,public,ordinary
喵妙猫,1,0,0,,public,ordinary
喵小狸0,1,0,0,,public,ordinary
喵幺neko,1,0,0,,public,ordinary
喵星人小王子,1,0,0,,public,ordinary
喵爷-吴淼,1,0,0,,public,ordinary
嘉兴微博新鲜事,1,0,0,,wemedia,wemedia
嘉和小宝,1,0,0,,public,ordinary
嘉言懿行de,1,0,0,,public,ordinary
嘎包是个开心的小可爱,1,0,0,,public,ordinary
嘎哒碎碎念,1,0,0,,public,ordinary
嘚儿嘚儿飘,1,0,0,,public,ordinary
嘟嘟宅猫,1,0,0,,public,ordinary
嘴角的樱桃汁七,1,0,0,,wemedia,wemedia
嚣张奶奶,3,0,0,,public,ordinary
四不愣登,1,0,0,,public,ordinary
四六级作文模板,1,0,0,,public,ordinary
四十有志于学,2,0,0,,public,ordinary
四叶-摩根MKIII,1,0,0,,public,ordinary
四喜丸子浇点汤头超好吃,1,0,0,,public,ordinary
四嚸,2,0,0,,public,ordinary
四季该很好y,1,0,0,,public,ordinary
四季逗儿逗儿,1,0,0,,public,ordinary
四川狼小京,1,0,0,,public,ordinary
四川魏静,1,0,0,,public,ordinary
四镰,2,0,0,,public,ordinary
因次居,1,0,0,,public,ordinary
团圆美满今朝最,1,0,0,,public,ordinary
园风,3,0,0,,public,ordinary
围观贤者,1,0,0,,public,ordinary
国子钦天,1,0,0,,public,ordinary
国是三论,1,0,0,,public,ordinary
国风唱诵,1,0,0,,wemedia,wemedia
图雅朵奇卡,1,0,0,,public,ordinary
圆周率等于31415926,1,0,0,,public,ordinary
圆圆圆香芹芹,1,0,0,,public,ordinary
圆宝你爸叫你出来吃饭,2,0,0,,public,ordinary
圆悟2011,2,0,0,,public,ordinary
圆滚滚的星星1213,1,0,0,,public,ordinary
圆环之手,9,0,0,,public,ordinary
圆舞喧嚣,1,0,0,,public,ordinary
國醫東方,1,0,0,,public,ordinary
土兵七,1,0,0,,public,ordinary
土星冲浪手诶,1,0,0,,public,ordinary
土楼先生,1,0,0,,public,ordinary
土豆泥和洋葱圈,2,0,0,,public,ordinary
土豆雨巷,1,0,0,,public,ordinary
土货-1967km,2,0,0,,public,ordinary
圣淘沙围脖,1,0,0,,public,ordinary
圣蛇杖,2,0,0,,public,ordinary
在matrix里摸鱼,1,0,0,,public,ordinary
在下健康君,1,0,0,,public,ordinary
在云养儿,1,0,0,,public,ordinary
在兰香园织毛衣的兔子,1,0,0,,public,ordinary
在地球游戏人生,1,0,0,,public,ordinary
在小熊座种香菜的芒果,1,0,0,,public,ordinary
在知识的海洋里呛水,2,0,0,,public,ordinary
在路上_Hope岁月静好,3,0,0,,public,ordinary
在黄桃是真香,1,0,0,,public,ordinary
地下天鹅绒,1,0,0,,public,ordinary
地狱天使的女儿微博,1,0,0,,public,ordinary
地瓜熊老六,1,0,0,,public,ordinary
地瓜酱,1,0,0,,public,ordinary
坐井观天--飞翔,3,0,0,,public,ordinary
坚守茅药谱新章,1,0,0,,public,ordinary
坚强的我绝不逃避,1,0,0,,public,ordinary
坠落的天使015,2,0,0,,public,ordinary
坦斯泼爱父国国美,4,0,0,,public,ordinary
垂眼边总攻,1,0,0,,public,ordinary
垂耳花,3,0,0,,public,ordinary
垂言欲滴,1,0,0,,public,ordinary
垃圾工老刀,1,0,0,,public,ordinary
堂堂的奇行鹄大王_1,2,0,0,,public,ordinary
堕甄不顾再听响,1,0,0,,public,ordinary
塑料树ovo,2,0,0,,public,ordinary
塔塔黑化版_别来惹,1,0,0,,public,ordinary
塞兹纳科夫,1,0,0,,public,ordinary
填鸭式教育受溢者,2,0,0,,public,ordinary
境界线上的截拳道,2,0,0,,public,ordinary
墙头很多的洋芋坨坨,1,0,0,,public,ordinary
墟里临风,1,0,0,,public,ordinary
墨-不更,1,0,0,,public,ordinary
墨书lotus,1,0,0,,public,ordinary
墨迹墨叽墨墨迹-,1,0,0,,public,ordinary
墨陌笙人,1,0,0,,public,ordinary
士志于道了,1,0,0,,public,ordinary
声声于生生,1,0,0,,public,ordinary
声波无法企及之所长眠,1,0,0,,public,ordinary
壹隻,1,0,0,,public,ordinary
壹零壹捌露西,1,0,0,,public,ordinary
备用玻璃体4号,1,0,0,,public,ordinary
夏-kino,1,0,0,,public,ordinary
夏_峥,1,0,0,,public,ordinary
夏冰月,1,0,0,,public,ordinary
夏天乐以李22,1,0,0,,public,ordinary
夏天了Y_,3,0,0,,public,ordinary
夏天吃藕尖冬天吃芥兰,1,0,0,,public,ordinary
夏天改名X海豚,2,0,0,,public,ordinary
夏日4735,1,0,0,,public,ordinary
夏日阳光zooe,1,0,0,,public,ordinary
夏末秋凉2023,3,0,0,,public,ordinary
夏至蝉鸣holly,1,0,0,,public,ordinary
夕云初起,1,0,0,,public,ordinary
外号小p,2,0,0,,public,ordinary
多喝水哇b_d,1,0,0,,public,ordinary
多宝suzy,1,0,0,,public,ordinary
多米群木,2,0,0,,public,ordinary
多赚钱啊,1,0,0,,public,ordinary
夜俱,1,0,0,,public,ordinary
夜叙聊斋,1,0,0,,public,ordinary
夜幕瀑雨,1,0,0,,public,ordinary
夜满月Crystal,6,0,0,,public,ordinary
夜翎歌Avis,1,0,0,,public,ordinary
夜雨寄北Sisley,2,0,0,,public,ordinary
大A受害者,1,0,0,,public,ordinary
大Z的笔,1,0,0,,public,ordinary
大丈夫問題no,1,0,0,,public,ordinary
大全先生,1,0,0,,public,ordinary
大发官人,1,0,0,,public,ordinary
大口十子,1,0,0,,public,ordinary
大大安联的小小任,1,0,0,,public,ordinary
大愚6969,2,0,0,,public,ordinary
大敏朱,1,0,0,,public,ordinary
大春花,1,0,0,,public,ordinary
大栗头老师,4,0,0,,public,ordinary
大海observer,1,0,0,,public,ordinary
大海无波亦无惧,1,0,0,,public,ordinary
大海水-族群,4,0,0,,public,ordinary
大狸子丷,2,0,0,,public,ordinary
大班-强者,1,0,0,,public,ordinary
大笨熊大笨熊大笨熊,1,0,0,,public,ordinary
大米粥小面汤,1,0,0,,public,ordinary
大老客大大,2,0,0,,public,ordinary
大耳朵中医,1,0,0,,public,ordinary
大胖d儿子,1,0,0,,public,ordinary
大脸猫姐,1,0,0,,public,ordinary
大自然AUHG,1,0,0,,public,ordinary
大豆钭江明,2,0,0,,public,ordinary
大重庆你好,1,0,0,,public,ordinary
大风小浪1,1,0,0,,public,ordinary
大鱼我健康快乐长寿哦,1,0,0,,public,ordinary
大麦Ally,2,0,0,,public,ordinary
天上一日人间一年,1,0,0,,public,ordinary
天上的飞仙,1,0,0,,public,ordinary
天下得统总,2,0,0,,public,ordinary
天元路上空的小饭长,1,0,0,,public,ordinary
天净鸿声远,3,0,0,,public,ordinary
天天2311377,1,0,0,,public,ordinary
天天向上好好学习369,1,0,0,,public,ordinary
天天都睡觉,8,0,0,,public,ordinary
天年哥,1,0,0,,public,ordinary
天数此中求,1,0,0,,public,ordinary
天明月兮,2,0,0,,public,ordinary
天津徐玉强,1,0,0,,public,ordinary
天涯-老夫让你三招,1,0,0,,wemedia,wemedia
天涯远1,4,0,0,,public,ordinary
天牛公子,2,0,0,,public,ordinary
天狼星alpha,4,0,0,,public,ordinary
天生丽质胖大海,1,0,0,,wemedia,wemedia
天祥宋瑞,2,0,0,,public,ordinary
天若有情7299823328,1,0,0,,public,ordinary
天蝎的冬天2010,1,0,0,,public,ordinary
天行客555555,1,0,0,,public,ordinary
天道玄通,3,0,0,,public,ordinary
天高云淡艳阳照,1,0,0,,public,ordinary
太伟大了哈耶克,2,0,0,,public,ordinary
太可贵有你在这世界,2,0,0,,public,ordinary
太忙跑路真菌,1,0,0,,public,ordinary
太急鬃狮,1,0,0,,public,ordinary
太阳系的某某人,1,0,0,,public,ordinary
失眠狸,1,0,0,,public,ordinary
头疼小仙,1,0,0,,public,ordinary
头痛咸鱼咵啦啦,1,0,0,,public,ordinary
奇宝只认钱,1,0,0,,public,ordinary
奇迹小然,1,0,0,,public,ordinary
奋不青,1,0,0,,public,ordinary
契卡202002,1,0,0,,public,ordinary
奔六,1,0,0,,public,ordinary
奔走云游,1,0,0,,public,ordinary
奔跑吧王大夫TCM,5,0,0,,public,ordinary
奥宝宝,1,0,0,,wemedia,wemedia
女王的拖把,2,0,0,,public,ordinary
奶爸有点甜,1,0,0,,public,ordinary
奶茶去冰加芋圆,2,0,0,,public,ordinary
奶霸知道,2,0,0,,public,ordinary
她只爱吃肉,1,0,0,,public,ordinary
她叫我二毛,1,0,0,,public,ordinary
好吃好喝什么都好,1,0,0,,public,ordinary
好吧就这样像梦一场,1,0,0,,public,ordinary
好哒主公,3,0,0,,public,ordinary
好奇本奇,2,0,0,,public,ordinary
好奇薰衣草_108,1,0,0,,public,ordinary
好好生活--ye,1,0,0,,public,ordinary
好学近知6888,5,0,0,,public,ordinary
好文塾,2,0,0,,public,ordinary
好的船长大人,1,0,0,,public,ordinary
如何掉眼泪让哭找不到根据,1,0,0,,public,ordinary
如意娘的石榴裙,1,0,0,,public,ordinary
如意庄园66,1,0,0,,public,ordinary
如歌褪变1986,1,0,0,,public,ordinary
如此vk,1,0,0,,public,ordinary
如逢花开小石头,1,0,0,,public,ordinary
妈咪的琦琦殿下,3,0,0,,public,ordinary
妍颜2010,1,0,0,,public,ordinary
妙手仁医,1,0,0,,public,ordinary
妞妞童牛,1,0,0,,public,ordinary
妥爸-关心孩子的事,1,0,0,,public,ordinary
姐癌晚期患者_digitize,2,0,0,,public,ordinary
姜子曦up,1,0,0,,public,ordinary
姜葱焗鸡,1,0,0,,public,ordinary
姞雪心,2,0,0,,wemedia,wemedia
姥姥的2020之二,1,0,0,,public,ordinary
威利的预言法杖,2,0,0,,public,ordinary
威威威vvv,1,0,0,,public,ordinary
娃娃20120316,1,0,0,,public,ordinary
娃娃的机器人,1,0,0,,public,ordinary
娇养玫瑰ry,1,0,0,,public,ordinary
娱乐门客,1,0,0,,public,ordinary
媛心许,1,0,0,,public,ordinary
子_橙C,4,0,0,,public,ordinary
子乐健康,1,0,0,,wemedia,wemedia
子午侠士,3,0,0,,public,ordinary
子陵在听歌,1,0,0,,public,ordinary
孔雀死孔雀,1,0,0,,public,ordinary
字母姐DIAM,1,0,0,,wemedia,wemedia
孙四囍爱宅着,1,0,0,,public,ordinary
孙瑶逸,1,0,0,,public,ordinary
孟宪平_973,1,0,0,,public,ordinary
季鏻,1,0,0,,public,ordinary
孤九缘,1,0,0,,public,ordinary
孤啁_夜雪长寄冷江寒,1,0,0,,public,ordinary
孤星赏月1,1,0,0,,public,ordinary
孤独烙饼,2,0,0,,public,ordinary
孤鸿泽v2,1,0,0,,public,ordinary
学不会游泳的乌龟,2,0,0,,public,ordinary
学好不难,2,0,0,,public,ordinary
学道街万能小钥匙,1,0,0,,public,ordinary
宁夏张聪,1,0,0,,wemedia,wemedia
宁少夜未央,2,0,0,,public,ordinary
宅宋喵,1,0,0,,public,ordinary
宅小拖,1,0,0,,public,ordinary
宇宙中最靓的仔2025,1,0,0,,public,ordinary
宇宙星辰05,1,0,0,,public,ordinary
宇宙春爱夏甜,1,0,0,,public,ordinary
宇宙的宠儿_鸿运,2,0,0,,public,ordinary
守候幸福4730,3,0,0,,public,ordinary
守得一瓢,1,0,0,,public,ordinary
守护夏都,1,0,0,,public,ordinary
安丶__,1,0,0,,public,ordinary
安乐易养_,1,0,0,,public,ordinary
安全健康教育网,1,0,0,,other,ordinary
安昌堂何德,1,0,0,,public,ordinary
安然拾光,1,0,0,,public,ordinary
安迪斯晨风,1,0,0,,public,ordinary
安静并不安着,1,0,0,,public,ordinary
安静的遁哥,4,0,0,,public,ordinary
宋体金,1,0,0,,wemedia,wemedia
宋小嘻,1,0,0,,public,ordinary
宋汝界律师,1,0,0,,public,ordinary
宋药师,2,0,0,,public,ordinary
宓瑟mise,5,0,0,,public,ordinary
定真v,1,0,0,,public,ordinary
定见其念,1,0,0,,public,ordinary
定远校尉,1,0,0,,public,ordinary
宜采日本高端医美翻译,1,0,0,,other,ordinary
宝宝猫嗷污,1,0,0,,public,ordinary
宝生波音丶,1,0,0,,public,ordinary
实事求是___,1,0,0,,public,ordinary
实话实说西恩恩,1,0,0,,public,ordinary
实践检x验真理,2,0,0,,public,ordinary
宠运达宠物托运,1,0,0,,public,ordinary
客串马蜂_又一遭,1,0,0,,public,ordinary
宣芋,1,0,0,,public,ordinary
宫之琳love胖之猫,1,0,0,,public,ordinary
家乡明月光hjz,1,0,0,,public,ordinary
宸岚彻_再玩竞游我就是Schwein,1,0,0,,public,ordinary
容易过度反应的类型,1,0,0,,public,ordinary
宽容公正麦卡锡,1,0,0,,public,ordinary
宽怀一度,1,0,0,,public,ordinary
寂多蔓生,2,0,0,,public,ordinary
寂静贝拉,1,0,0,,wemedia,wemedia
密秘蜜少爷,1,0,0,,public,ordinary
富贵他麻,1,0,0,,public,ordinary
寒士有瓜不虑矣,3,0,0,,public,ordinary
寒星火麟决-改,1,0,0,,public,ordinary
寒来暑往哈,1,0,0,,public,ordinary
寒江独钓僧,1,0,0,,public,ordinary
寒烈_就是寒烈呀,2,0,0,,public,ordinary
寒雨霁,1,0,0,,public,ordinary
寥寂忧愁思莼,1,0,0,,wemedia,wemedia
寸赤,1,0,0,,public,ordinary
对脑婆好是一辈子的事情,2,0,0,,public,ordinary
寻因不果,2,0,0,,public,ordinary
射手宫天空,1,0,0,,public,ordinary
小J版权所有,3,0,0,,public,ordinary
小万摸鱼日记,2,0,0,,wemedia,wemedia
小三爷你大胆地往前走呀,1,0,0,,public,ordinary
小丫美佳,1,0,0,,public,ordinary
小五哥的跟班,1,0,0,,public,ordinary
小何水刘悦龙门,2,0,0,,public,ordinary
小八真萌,1,0,0,,public,ordinary
小包子吃吃吃吃一口再减,1,0,0,,public,ordinary
小卟小卟,1,0,0,,public,ordinary
小卡K2,1,0,0,,public,ordinary
小可爱的宝贝09,1,0,0,,public,ordinary
小和之,1,0,0,,public,ordinary
小咪是世上最英俊的橘猫,1,0,0,,public,ordinary
小嘛小二浪呦,1,0,0,,public,ordinary
小嘟嘟的肉丸子,1,0,0,,wemedia,wemedia
小坚强的小号,1,0,0,,public,ordinary
小坛xiaot,1,0,0,,public,ordinary
小墨鱼202007,1,0,0,,public,ordinary
小夏微博初心者,3,0,0,,public,ordinary
小太空和小鲨鱼,3,0,0,,public,ordinary
小媳妇my王者,1,0,0,,public,ordinary
小寞菇凉,1,0,0,,public,ordinary
小小-兔酱,1,0,0,,public,ordinary
小小小小小淡人,1,0,0,,public,ordinary
小希在日本,1,0,0,,wemedia,wemedia
小怪蛋w,3,0,0,,public,ordinary
小手垃圾车,1,0,0,,public,ordinary
小手腕不要藤,1,0,0,,public,ordinary
小敌鸽,1,0,0,,public,ordinary
小散首领,1,0,0,,wemedia,wemedia
小明很拉风,1,0,0,,public,ordinary
小春月夏迟,1,0,0,,public,ordinary
小木见字如晤,1,0,0,,public,ordinary
小朱秀才是坏人_,1,0,0,,public,ordinary
小朱观地球,1,0,0,,public,ordinary
小棟06633,3,0,0,,public,ordinary
小森森-doctor,1,0,0,,public,ordinary
小武我爱你,1,0,0,,public,ordinary
小江名字太长躲在树后看不见才怪,1,0,0,,public,ordinary
小洋同学的白天,3,0,0,,public,ordinary
小熊和小狮跑向春天,1,0,0,,public,ordinary
小狐狸的大尾巴666,1,0,0,,public,ordinary
小猪_smile,1,0,0,,public,ordinary
小白爱吃五花肉,1,0,0,,public,ordinary
小白狗西北跑,1,0,0,,public,ordinary
小白白的简单与富足,1,0,0,,public,ordinary
小皮皮卷,1,0,0,,public,ordinary
小禾199302,1,0,0,,public,ordinary
小羊小狗咩咩,1,0,0,,public,ordinary
小羊羊姑姑晨阳,1,0,0,,public,ordinary
小肆在喝水,1,0,0,,public,ordinary
小肉肉圆子1028,1,0,0,,public,ordinary
小胖HxH,4,0,0,,public,ordinary
小艾Jewelz,3,0,0,,public,ordinary
小草20131997,2,0,0,,public,ordinary
小菠萝菠萝Me,1,0,0,,public,ordinary
小蓝童梦,1,0,0,,public,ordinary
小蛙很开心,1,0,0,,public,ordinary
小达家的猫哥哥,2,0,0,,public,ordinary
小达尔文游学营,1,0,0,,public,ordinary
小迷姐不迷,1,0,0,,public,ordinary
小透明默默求生,1,0,0,,public,ordinary
小陈早上起得来,1,0,0,,public,ordinary
小雅的围脖20120720,6,0,0,,public,ordinary
小音梦lucky,2,0,0,,public,ordinary
小馄饨回忆录,1,0,0,,public,ordinary
小骑士de皇额娘,1,0,0,,public,ordinary
小高要多金多金多金金金,1,0,0,,public,ordinary
小魏成老魏,1,0,0,,public,ordinary
小鹤的好运这一刻要开始了,1,0,0,,public,ordinary
小鹿什么不会呀,1,0,0,,public,ordinary
小鹿斑比小童鞋,1,0,0,,public,ordinary
小麻小儿朗荡,1,0,0,,public,ordinary
小黑手儿2241462375,1,0,0,,public,ordinary
少侠酷炫狂霸拽,1,0,0,,public,ordinary
少帅的点评,1,0,0,,public,ordinary
少年已过再无少年,1,0,0,,public,ordinary
尔御白起,2,0,0,,public,ordinary
尖峰时刻ii,1,0,0,,public,ordinary
尘曦秋風,1,0,0,,public,ordinary
尘海大愚,1,0,0,,public,ordinary
尚書蘭臺,1,0,0,,public,ordinary
尧尧007花园,2,0,0,,public,ordinary
尧尧最棒啦,1,0,0,,public,ordinary
就不信还有和我重名的,3,0,0,,public,ordinary
就是不乖怎么了,1,0,0,,public,ordinary
就那样喜欢春天嘛帕布,1,0,0,,public,ordinary
尹克伦观天下,1,0,0,,public,ordinary
尹香武,2,0,0,,public,ordinary
尼克安闲,1,0,0,,public,ordinary
尼娅厨mk4,1,0,0,,wemedia,wemedia
尼德蘭風俗搖搖薯,1,0,0,,public,ordinary
尽管真实,1,0,0,,public,ordinary
尿毒症回忆录,1,0,0,,public,ordinary
居居迸,1,0,0,,public,ordinary
居然也行,1,0,0,,public,ordinary
屎味娃娃机,1,0,0,,public,ordinary
山东银莲花2020,2,0,0,,public,ordinary
山口百萬,1,0,0,,public,ordinary
山山屾屾-,1,0,0,,public,ordinary
山无陵江水为竭与君绝,1,0,0,,public,ordinary
山有妖风,1,0,0,,public,ordinary
山海_海山,3,0,0,,public,ordinary
山清若水2020,1,0,0,,public,ordinary
山间小路上,1,0,0,,public,ordinary
屾这个字念屾,1,0,0,,public,ordinary
岁寒三友1603,1,0,0,,public,ordinary
岐黄春燕,1,0,0,,public,ordinary
岑夫子7789,1,0,0,,public,ordinary
崇真2024,2,0,0,,public,ordinary
崧榭,1,0,0,,public,ordinary
嵐貓,2,0,0,,public,ordinary
左七是好人,1,0,0,,public,ordinary
巨凶男子,2,0,0,,public,ordinary
巨型宇宙仓耗子,2,0,0,,public,ordinary
巨魔_芋,2,0,0,,public,ordinary
己眠之r,1,0,0,,public,ordinary
巴戈bug,1,0,0,,public,ordinary
巽元堂承庚,1,0,0,,public,ordinary
布兜小布,1,0,0,,public,ordinary
布尔运算布知道,1,0,0,,public,ordinary
布莱恩牛,1,0,0,,public,ordinary
布谷鸟zzj,1,0,0,,public,ordinary
师永刚,1,0,0,,public,ordinary
希望_平和_,1,0,0,,public,ordinary
希望自己身体健康的小姜,1,0,0,,public,ordinary
希松东贝,1,0,0,,public,ordinary
帖子叔,1,0,0,,public,ordinary
常常的花园,1,0,0,,wemedia,wemedia
常满满满满,1,0,0,,public,ordinary
平地扭摔预防中,1,0,0,,public,ordinary
平旦9,1,0,0,,public,ordinary
幸尔有你们啊,2,0,0,,public,ordinary
幸我如星君如月,1,0,0,,public,ordinary
幸福嘉迪,4,0,0,,public,ordinary
幸福的牛201806,1,0,0,,public,ordinary
幸福老江V,1,0,0,,public,ordinary
幸福草09,2,0,0,,public,ordinary
幸运的堡堡气色好,1,0,0,,public,ordinary
幸运的宝璐,1,0,0,,public,ordinary
幸运的小五上海,2,0,0,,public,ordinary
幸运的行者_,6,0,0,,public,ordinary
幻想家春日田野,1,0,0,,public,ordinary
幽uu子z,1,0,0,,public,ordinary
幽灵舰队3,1,0,0,,public,ordinary
幽灵蛞蝓君,1,0,0,,public,ordinary
幽葉雪梨子地縛靈,1,0,0,,public,ordinary
广州一尘子,1,0,0,,public,ordinary
广州寶寶森林,1,0,0,,public,ordinary
广州老猪,1,0,0,,public,ordinary
庄时利和,1,0,0,,public,ordinary
庐州阳光Sunshine,1,0,0,,public,ordinary
库洛洛ww,1,0,0,,public,ordinary
应援miku,1,0,0,,public,ordinary
庞亚辉的海阔天空,1,0,0,,public,ordinary
废柴不贱卖,2,0,0,,public,ordinary
废物点心小羽毛,1,0,0,,wemedia,wemedia
废话机器w,1,0,0,,public,ordinary
度假活,1,0,0,,public,ordinary
康缪森,1,0,0,,public,ordinary
廖小利,1,0,0,,public,ordinary
廢物術師,1,0,0,,public,ordinary
建建5623681770,1,0,0,,public,ordinary
开始养身的Jake,1,0,0,,public,ordinary
开开心心看戏去,2,0,0,,public,ordinary
开心有福人呀,1,0,0,,public,ordinary
开心沐亩,1,0,0,,public,ordinary
开心点没啥大不了的,1,0,0,,public,ordinary
开水族馆的生物男,3,0,0,,public,ordinary
开车看白云,1,0,0,,public,ordinary
弓长御徳之软肋,2,0,0,,public,ordinary
张伟用谈美国升学,1,0,0,,wemedia,wemedia
张作风流行病学教授UCLA,6,0,0,,public,ordinary
张天英tiry,1,0,0,,wemedia,wemedia
张子钿,1,0,0,,public,ordinary
张小妞的疯言疯语,1,0,0,,other,ordinary
张幺幺不花钱,3,0,0,,public,ordinary
张张科普健康,2,0,0,,public,ordinary
张忆安-龙战于野,2,0,0,,public,ordinary
张文厶,1,0,0,,public,ordinary
张胜军,1,0,0,,public,ordinary
张虣鸡,1,0,0,,wemedia,wemedia
张铭洺m,1,0,0,,public,ordinary
张飞云阿,1,0,0,,public,ordinary
弦维者,1,0,0,,public,ordinary
弱柳扶风猹斯拉,1,0,0,,public,ordinary
弹腿毛儿,1,0,0,,public,ordinary
弹道无痕Y,5,0,0,,public,ordinary
强哥微言,1,0,0,,wemedia,wemedia
当下小哇,1,0,0,,public,ordinary
当归半夏子,1,0,0,,public,ordinary
当归拉法_Dr段,4,0,0,,public,ordinary
当时只道是寻常n_,1,0,0,,public,ordinary
影子都会消失1,1,0,0,,public,ordinary
影痕-45163,1,0,0,,public,ordinary
彼方的呓语者NEO,1,0,0,,public,ordinary
彼木挚耶,1,0,0,,public,ordinary
待风S,4,0,0,,public,ordinary
律韬,2,0,0,,public,ordinary
徐归尘,9,0,0,,public,ordinary
徐甘XUGAN,1,0,0,,other,ordinary
徐贝妮benny,1,0,0,,public,ordinary
得嘞得嘞得嘞个啷里个啷,1,0,0,,public,ordinary
得意学堂岱珈,2,0,0,,public,ordinary
得意的弦小二,1,0,0,,public,ordinary
從網同學,2,0,0,,public,ordinary
御史在野,1,0,0,,public,ordinary
御姐大好,2,0,0,,public,ordinary
微博国际医药,1,0,0,,other,ordinary
微尘本是,2,0,0,,public,ordinary
微微的安静,1,0,0,,public,ordinary
微笑SmileQQ,1,0,0,,public,ordinary
微荫,1,0,0,,public,ordinary
微薄微薄小窝,2,0,0,,public,ordinary
微风9518,1,0,0,,public,ordinary
德昌的春天,3,0,0,,public,ordinary
德老七十,1,0,0,,public,ordinary
徽京唐风,1,0,0,,public,ordinary
心中的日月xzdry,1,0,0,,public,ordinary
心动指南录-,1,0,0,,public,ordinary
心塞侠井远,1,0,0,,public,ordinary
心心念念gpfbfb,1,0,0,,public,ordinary
心怡悠游,1,0,0,,public,ordinary
心想事成万事如意666加油,1,0,0,,public,ordinary
心海真情2012,1,0,0,,public,ordinary
心清则静75404,1,0,0,,public,ordinary
心盈2030,1,0,0,,public,ordinary
心竹尘香,1,0,0,,public,ordinary
心若金城,1,0,0,,public,ordinary
心语48676,1,0,0,,public,ordinary
忌辛辣TaTa,1,0,0,,public,ordinary
志摩志摩志摩凛,1,0,0,,public,ordinary
忘我在,1,0,0,,public,ordinary
忙里偷闲不得闲的阿宝,1,0,0,,public,ordinary
忠义双全袁宫保,1,0,0,,wemedia,wemedia
忠爱自由,1,0,0,,public,ordinary
快乐八宝饭,3,0,0,,public,ordinary
快乐农妇,1,0,0,,public,ordinary
快乐安妮2010,3,0,0,,public,ordinary
快乐的豆包包,1,0,0,,public,ordinary
快看这个人疯了,1,0,0,,public,ordinary
忱忱晚安,1,0,0,,wemedia,wemedia
念芙待夏微,1,0,0,,wemedia,wemedia
怎么昵称又又又被占用了,1,0,0,,public,ordinary
思域在途安嘛,1,0,0,,public,ordinary
思念是种原野,1,0,0,,public,ordinary
思思-sisizi,2,0,0,,public,ordinary
思涨红,1,0,0,,public,ordinary
怡養淺習,1,0,0,,public,ordinary
怪手堂怪手先生彭一峰,2,0,0,,public,ordinary
怪蜀黍老囧曾,4,0,0,,wemedia,wemedia
总在倒数,1,0,0,,public,ordinary
总归寂静,3,0,0,,public,ordinary
恩赐的第四课,2,0,0,,public,ordinary
恬然自安入翠微,6,0,0,,public,ordinary
恬醉_,1,0,0,,wemedia,wemedia
恶猫咪2000,2,0,0,,public,ordinary
悖论Nano,1,0,0,,public,ordinary
悟后修为道,1,0,0,,public,ordinary
悠之燃,3,0,0,,public,ordinary
悠长假期RITA,1,0,0,,public,ordinary
悦学益进,1,0,0,,public,ordinary
悦读人生8,1,0,0,,public,ordinary
您好您好您好呀,1,0,0,,public,ordinary
悬壶恬妞,4,0,0,,public,ordinary
惠嫔_BlingBlingAbby延禧宫主位,1,0,0,,public,ordinary
想不出就不要想了,1,0,0,,public,ordinary
想到处溜达的懒猫,2,0,0,,public,ordinary
想吃小熊伴价,1,0,0,,public,ordinary
想名字的金鱼,1,0,0,,public,ordinary
想好了再来改ID,1,0,0,,public,ordinary
想要快乐的一只十三,1,0,0,,public,ordinary
想要每天的天气都像夏天一样,1,0,0,,public,ordinary
想要疯狂吃粮,1,0,0,,public,ordinary
想都没想转身我就跑,2,0,0,,public,ordinary
意似绮罗生,1,0,0,,public,ordinary
意大利华裔郭医生,1,0,0,,public,ordinary
意志力无下限的废物,3,0,0,,public,ordinary
愛吥會麳,1,0,0,,public,ordinary
感悟人生哲理2021,3,0,0,,public,ordinary
感染科医生张佳莹,1,0,0,,wemedia,wemedia
感觉到海,1,0,0,,public,ordinary
感觉自己运气很好的七,1,0,0,,public,ordinary
愤怒的火车头6688,1,0,0,,public,ordinary
愿重归混沌,2,0,0,,public,ordinary
愿闻吉祥,1,0,0,,public,ordinary
慕契2018,1,0,0,,public,ordinary
慕容小青,1,0,0,,public,ordinary
慢慢跑的大蜗牛,1,0,0,,public,ordinary
慢跑慢跑的我,1,0,0,,public,ordinary
憨憨的小贝96,1,0,0,,public,ordinary
懒癌晚期治愈中,1,0,0,,public,ordinary
戈壁滩上一只狮子,1,0,0,,public,ordinary
戎耀青春,1,0,0,,public,ordinary
戏于鞍·,1,0,0,,public,ordinary
戏言小熊猫,3,0,0,,public,ordinary
成人内科徐永聪,1,0,0,,public,ordinary
成田yoyo,1,0,0,,wemedia,wemedia
成都市疾病预防控制中心,1,0,0,,other,ordinary
成长的小虫虫,1,0,0,,wemedia,wemedia
我一个人的海阔天空,1,0,0,,public,ordinary
我一定会有三花喵的,3,0,0,,public,ordinary
我也只是逛逛,1,0,0,,public,ordinary
我也想早点睡啊啊啊,1,0,0,,public,ordinary
我们永裴的美少熊VV,1,0,0,,public,ordinary
我们的幸福路,2,0,0,,public,ordinary
我俗的很快乐,2,0,0,,public,ordinary
我决定要早睡了,1,0,0,,public,ordinary
我只是号色怎么了,1,0,0,,public,ordinary
我只是路過吃瓜阿,1,0,0,,public,ordinary
我叫三颗牙,1,0,0,,public,ordinary
我叫白天涯,1,0,0,,public,ordinary
我和头像一样萌,1,0,0,,public,ordinary
我在龙门上夜班,1,0,0,,public,ordinary
我家没猫啊,1,0,0,,public,ordinary
我就是个死人,1,0,0,,public,ordinary
我就笑笑不说话丫,1,0,0,,public,ordinary
我已经蠢蠢欲动,1,0,0,,public,ordinary
我想销号销不了,1,0,0,,public,ordinary
我才是小皮球香蕉梨,1,0,0,,public,ordinary
我才知道原来英超的天是秃的,1,0,0,,public,ordinary
我是80不厚,1,0,0,,public,ordinary
我是侯萌萌,1,0,0,,public,ordinary
我是小园儿,1,0,0,,public,ordinary
我是小姬啊,1,0,0,,public,ordinary
我是文采风流的小云,1,0,0,,public,ordinary
我是来看耍猴的没成想被猴耍,1,0,0,,public,ordinary
我是江小五,1,0,0,,public,ordinary
我是自愿开初号机的,1,0,0,,public,ordinary
我是黑则酩,6,0,0,,public,ordinary
我有3颗泪痣,1,0,0,,wemedia,wemedia
我有明珠两颗2,1,0,0,,public,ordinary
我本无心想象明月,2,0,0,,public,ordinary
我校哲学系,1,0,0,,public,ordinary
我欲乘风破浪踏破黄沙海洋,2,0,0,,public,ordinary
我欲依然,1,0,0,,public,ordinary
我没有十元里美,2,0,0,,public,ordinary
我滴利利利利利利,1,0,0,,wemedia,wemedia
我爱顾凯辉,1,0,0,,public,ordinary
我的双脚像踩着沙,1,0,0,,public,ordinary
我的心情越来越好,1,0,0,,public,ordinary
我的松鼠尾巴,2,0,0,,public,ordinary
我的沉香屑,1,0,0,,public,ordinary
我能用打嗝发电,1,0,0,,public,ordinary
我该怎么办升级,2,0,0,,public,ordinary
我迷信我的迷信2016,1,0,0,,public,ordinary
戒骄戒躁戒暴食,3,0,0,,public,ordinary
截瘫小哥陪妈妈抗癌_治疗中,1,0,0,,public,ordinary
戳不破的肉饼,1,0,0,,public,ordinary
所爱之人身体健康,1,0,0,,public,ordinary
扁担长-板凳宽,1,0,0,,public,ordinary
扇子Sashiko,1,0,0,,public,ordinary
手可摘星辰的木子,1,0,0,,public,ordinary
手机用户5156352271,3,0,0,,public,ordinary
才遇小满,1,0,0,,public,ordinary
打伞的大姐姐,1,0,0,,public,ordinary
托塔天王hkn,3,0,0,,public,ordinary
托福苏巍老师,1,0,0,,wemedia,wemedia
执本琢光,1,0,0,,public,ordinary
执梦V,1,0,0,,public,ordinary
扶姐,1,0,0,,public,ordinary
扶苏不是复苏,1,0,0,,public,ordinary
承诺像刀伤了人,2,0,0,,public,ordinary
把心去掉,1,0,0,,public,ordinary
把自己活活作死的浅小邪,1,0,0,,public,ordinary
投资圈搬砖劳模,2,0,0,,public,ordinary
投资闲聊,1,0,0,,public,ordinary
抠脚大妹笑点低_黄油小贼,1,0,0,,public,ordinary
报春不语,1,0,0,,public,ordinary
抽屉app,1,0,0,,other,ordinary
拉乌得得,3,0,0,,public,ordinary
拉屎记录1,1,0,0,,public,ordinary
拉拉lala尼莫nimo,2,0,0,,public,ordinary
拉赫玛尼诺夫思喵,1,0,0,,public,ordinary
拎钱袋的我,1,0,0,,public,ordinary
拙手偶得,1,0,0,,public,ordinary
招福的花园,1,0,0,,public,ordinary
拜托我cp远离58号模型,2,0,0,,public,ordinary
拟向即乖,1,0,0,,public,ordinary
拥有小猫咪的幸福,1,0,0,,public,ordinary
拥有鲜花的女孩,1,0,0,,public,ordinary
拼客云Yuntrip,2,0,0,,public,ordinary
拼接峡谷,3,0,0,,public,ordinary
持有A股十八年盼解套,1,0,0,,public,ordinary
指事造形,1,0,0,,public,ordinary
挑球过人的萝莉,1,0,0,,public,ordinary
挖资本主义墙角的李大锤,1,0,0,,public,ordinary
挡不住的黑科技,5,0,0,,public,ordinary
挪微,1,0,0,,public,ordinary
据说Gilgamesh和Enkidu是好盆友,1,0,0,,public,ordinary
揆度奇恒,1,0,0,,public,ordinary
揉脸星人二代目,1,0,0,,public,ordinary
提拉米苏慕斯咖啡,2,0,0,,public,ordinary
摇下摇下,1,0,0,,public,ordinary
摩羯座-李唐,1,0,0,,public,ordinary
摸出四文大钱,1,0,0,,public,ordinary
摸摸花菜,1,0,0,,wemedia,wemedia
撩妹高手薄喵喵,2,0,0,,public,ordinary
擬態常夜燈,1,0,0,,public,ordinary
支持爱国爱港的普通人,1,0,0,,public,ordinary
放一屋衣物,1,0,0,,public,ordinary
敏妹一一A,1,0,0,,public,ordinary
教你在家做理疗,1,0,0,,public,ordinary
教授老头,2,0,0,,public,ordinary
教育心理学投资爱好者,2,0,0,,public,ordinary
敬畏自然168,4,0,0,,public,ordinary
数乘组合,1,0,0,,public,ordinary
数字兄可尼玛算惹,1,0,0,,public,ordinary
数据丧失_无事忙俱乐部隐藏会员,1,0,0,,public,ordinary
敷着面膜的太阳YM已撤销,1,0,0,,public,ordinary
文化人总有高见,1,0,0,,public,ordinary
文尔Neco,1,0,0,,public,ordinary
文民的兔,1,0,0,,public,ordinary
文艺不会狗带但是文艺逼会,1,0,0,,public,ordinary
斜杠青年郭某某,1,0,0,,public,ordinary
斯卡希,1,0,0,,public,ordinary
斯文易昂,2,0,0,,public,ordinary
斯盖肉,1,0,0,,public,ordinary
新征程涛叔,1,0,0,,public,ordinary
新知悦生活,1,0,0,,wemedia,wemedia
方之夫,1,0,0,,public,ordinary
方俞伟,1,0,0,,public,ordinary
方子强,1,0,0,,public,ordinary
方枪枪的小红花儿,2,0,0,,public,ordinary
方糖山楂片,5,0,0,,public,ordinary
旅人与歌丶,1,0,0,,public,ordinary
旗帜飞扬爱生活,2,0,0,,wemedia,wemedia
无双国士1,1,0,0,,public,ordinary
无名字的恶魔,3,0,0,,public,ordinary
无固定等式biubiu,1,0,0,,public,ordinary
无心wx无心,1,0,0,,public,ordinary
无心简影,2,0,0,,public,ordinary
无忧_姐姐,1,0,0,,public,ordinary
无忧alife,1,0,0,,public,ordinary
无法顺利起名的0825,1,0,0,,public,ordinary
无渐次,4,0,0,,public,ordinary
无痕阅盘,1,0,0,,public,ordinary
无相无念不不不,1,0,0,,public,ordinary
无穷的探索2,8,0,0,,public,ordinary
无苏打不成绿,1,0,0,,public,ordinary
无角螭,2,0,0,,public,ordinary
无趣退出,1,0,0,,public,ordinary
无边桃炎,1,0,0,,public,ordinary
日常无用且美好,1,0,0,,public,ordinary
日常黑化的晓瓶,1,0,0,,public,ordinary
日日徒然,4,0,0,,public,ordinary
日本傻事,1,0,0,,public,ordinary
日本沙雕日常,1,0,0,,public,ordinary
日本笑死我了,1,0,0,,public,ordinary
早上好各位我是拆家小鹿,2,0,0,,public,ordinary
早已女玄马,1,0,0,,public,ordinary
早熟,1,0,0,,public,ordinary
早睡早起长头发噜,1,0,0,,public,ordinary
早起是新生,1,0,0,,public,ordinary
旭日阳阳A,1,0,0,,public,ordinary
旱季雨--,1,0,0,,public,ordinary
旱鼠不会水,1,0,0,,public,ordinary
时光吹老了好叔叔,1,0,0,,public,ordinary
时光莫邪,1,0,0,,public,ordinary
时空点播,2,0,0,,public,ordinary
时蝇喜箭,2,0,0,,public,ordinary
旷世废材,4,0,0,,public,ordinary
旺仔福气多多唐,1,0,0,,public,ordinary
旺霏旺霏,1,0,0,,public,ordinary
明亭道人,1,0,0,,public,ordinary
明公Anakin,1,0,0,,public,ordinary
明天不要赖床1,1,0,0,,public,ordinary
明天再搞应该也来得及,1,0,0,,public,ordinary
明雅7998,1,0,0,,public,ordinary
易8819,1,0,0,,public,ordinary
易阳先生,1,0,0,,public,ordinary
昕昕有想我吗,1,0,0,,public,ordinary
星sassdcfffvmm,3,0,0,,public,ordinary
星動好椰,1,0,0,,public,ordinary
星子Jarod,3,0,0,,public,ordinary
星慧甜漫記,1,0,0,,wemedia,wemedia
星期二谋杀人类,1,0,0,,public,ordinary
星辰终究归位,1,0,0,,public,ordinary
星间飞行1121,1,0,0,,public,ordinary
星雨山潜,1,0,0,,public,ordinary
春夏的风雨,4,0,0,,public,ordinary
春日蜻蜓,1,0,0,,public,ordinary
春日迟QAQ,2,0,0,,public,ordinary
春水秋揽棠海香,2,0,0,,public,ordinary
春江月夜--,2,0,0,,public,ordinary
春浓正好,1,0,0,,public,ordinary
春湖森林,1,0,0,,public,ordinary
是不想上班的小萨,1,0,0,,public,ordinary
是动画不是动漫,1,0,0,,public,ordinary
是日惊蛰,6,0,0,,public,ordinary
是时候换个北极熊名字了,1,0,0,,public,ordinary
是狸猫猫也是齐儿猫,1,0,0,,public,ordinary
是猫猫Neko呀,1,0,0,,public,ordinary
是福气满满的Viola呀,1,0,0,,public,ordinary
是秃子总会发光,2,0,0,,public,ordinary
是谁说是谁,1,0,0,,public,ordinary
是阿瑶本瑶没错了,1,0,0,,public,ordinary
昱渐_,1,0,0,,public,ordinary
昵称不可用1002567,1,0,0,,public,ordinary
時海丨沙夜,1,0,0,,public,ordinary
晋江凌霖子,1,0,0,,wemedia,wemedia
晒网D鱼,1,0,0,,public,ordinary
晓佳营养师,1,0,0,,wemedia,wemedia
晓旋枫,1,0,0,,public,ordinary
晨晓同学,1,0,0,,wemedia,wemedia
普信韭,1,0,0,,public,ordinary
普莱米亚姆,1,0,0,,public,ordinary
普觉玄,1,0,0,,public,ordinary
普通躺平群众,1,0,0,,public,ordinary
景深冰原,1,0,0,,public,ordinary
晴天一直在心里,2,0,0,,public,ordinary
晴耕雨读728,1,0,0,,public,ordinary
晴雨风曰,1,0,0,,public,ordinary
智昊今天玩什么,2,0,0,,public,ordinary
暄春思夏朗,1,0,0,,public,ordinary
暄阳暖暖,1,0,0,,other,ordinary
暖米米Mitzi,2,0,0,,public,ordinary
暗夜疏璃,2,0,0,,public,ordinary
暮雨浥轻尘,1,0,0,,public,ordinary
曉辰,1,0,0,,wemedia,wemedia
曦兮晨晖,1,0,0,,public,ordinary
曷不委心任去留_九,1,0,0,,public,ordinary
曼衍山川_,1,0,0,,public,ordinary
曾-云翔,1,0,0,,public,ordinary
曾生要賺錢練肌肉,2,0,0,,public,ordinary
曾祥锋,1,0,0,,public,ordinary
曾经的北朝群众,3,0,0,,public,ordinary
最后是我一个人走过这片海,2,0,0,,public,ordinary
最好的球爸,1,0,0,,public,ordinary
最是一年春好处666888,1,0,0,,public,ordinary
月下闻笛,2,0,0,,public,ordinary
月九秋单-SPY哥哥萌萌哒,1,0,0,,public,ordinary
月冷迟迟,1,0,0,,public,ordinary
月刊战舰洞五六,1,0,0,,public,ordinary
月半拉丁,1,0,0,,public,ordinary
月半月201311,2,0,0,,public,ordinary
月半柠檬酸酸酸,4,0,0,,public,ordinary
月半终会圆,1,0,0,,wemedia,wemedia
月夜于山顶遇鹿,1,0,0,,public,ordinary
月如无恨月自圆,6,0,0,,public,ordinary
月影残0662,1,0,0,,public,ordinary
月影见诗,1,0,0,,public,ordinary
月海夜空,1,0,0,,public,ordinary
月满庭芳予景宁,1,0,0,,public,ordinary
月球上的蛮牛,2,0,0,,public,ordinary
月神的第二条狗,1,0,0,,public,ordinary
月茜星河oe,1,0,0,,public,ordinary
有个梨GPT,3,0,0,,public,ordinary
有价值的阅读2,2,0,0,,public,ordinary
有似于仁2,3,0,0,,public,ordinary
有嘲gether原先叫山水,1,0,0,,public,ordinary
有抱负的HEJ,2,0,0,,public,ordinary
有点哟西,1,0,0,,public,ordinary
有点话痨的哑巴,1,0,0,,public,ordinary
有理卡拉,2,0,0,,public,ordinary
有生之年总会轮到我当锦鲤,5,0,0,,public,ordinary
有莘曼蘅,3,0,0,,public,ordinary
有过也无,1,0,0,,public,ordinary
朕有财,3,0,0,,public,ordinary
朗姆酒味红豆冰沙,1,0,0,,public,ordinary
望而却步001,1,0,0,,public,ordinary
朝夕者,1,0,0,,public,ordinary
朝笙暮汜,1,0,0,,public,ordinary
朝花夕拾998668,1,0,0,,public,ordinary
期货悟语,1,0,0,,wemedia,wemedia
木L有L枝,2,0,0,,wemedia,wemedia
木可三各三各kira,1,0,0,,public,ordinary
木子辰0820,1,0,0,,public,ordinary
木方方方方,1,0,0,,public,ordinary
木晶晶2020,3,0,0,,public,ordinary
木木兮可可,1,0,0,,public,ordinary
木木婴月想吃肥牛,1,0,0,,public,ordinary
木棉崽崽为什么,1,0,0,,public,ordinary
木潇潇VIVI-C,1,0,0,,public,ordinary
木灯霞飞,2,0,0,,public,ordinary
木烨彌,6,0,0,,public,ordinary
木矛冏犬苗,1,0,0,,public,ordinary
木禾-青兮,3,0,0,,public,ordinary
未挽_1998,2,0,0,,public,ordinary
未识古人煎水意,1,0,0,,public,ordinary
本号作废注销中,1,0,0,,public,ordinary
本年度没有昵称,1,0,0,,public,ordinary
朱海峤医生,1,0,0,,wemedia,wemedia
朱漆方台,15,0,0,,public,ordinary
朵米儿,1,0,0,,public,ordinary
李兔氣,1,0,0,,public,ordinary
李塘-生态无添加食品,1,0,0,,public,ordinary
李子留白,1,0,0,,public,ordinary
李实Sebastian,4,0,0,,wemedia,wemedia
李家二猫的小鱼,2,0,0,,public,ordinary
李小贝哦,1,0,0,,public,ordinary
李成东,1,0,0,,public,ordinary
李李心理话,1,0,0,,wemedia,wemedia
李爷无为,2,0,0,,public,ordinary
李眉故事,1,0,0,,wemedia,wemedia
李米G,1,0,0,,public,ordinary
李苦舟,1,0,0,,public,ordinary
李荣平ing,2,0,0,,public,ordinary
李进guo,1,0,0,,public,ordinary
李逾求,1,0,0,,wemedia,wemedia
李重边,2,0,0,,public,ordinary
李铁牛不吃香菜,1,0,0,,public,ordinary
杏林天下事,2,0,0,,public,ordinary
杏林家风母与子,1,0,0,,wemedia,wemedia
杏林寻道,1,0,0,,public,ordinary
杏林蔓草,1,0,0,,public,ordinary
材电池,1,0,0,,public,ordinary
杜氏板厂世界和平,1,0,0,,public,ordinary
条条呆鹅酱,1,0,0,,public,ordinary
来一杯营养剂218,3,0,0,,public,ordinary
来份辣鸡翅,1,0,0,,public,ordinary
来处去处丶,1,0,0,,public,ordinary
来来往往202308,1,0,0,,public,ordinary
来来来喝完一杯还有一杯,7,0,0,,public,ordinary
杨七郎微博,1,0,0,,public,ordinary
杨广路平,1,0,0,,public,ordinary
杨微鲤,1,0,0,,public,ordinary
杨擦擦发大财,1,0,0,,wemedia,wemedia
杨琴不懂琴,1,0,0,,public,ordinary
杨雨非非,1,0,0,,public,ordinary
杭之冯玥希望我好自为之,2,0,0,,public,ordinary
杭州任二登,1,0,0,,public,ordinary
杯和钙,1,0,0,,public,ordinary
杰歪今天要早睡,1,0,0,,public,ordinary
東方舞的東方,2,0,0,,public,ordinary
東華東fatcat,2,0,0,,public,ordinary
松影工作室,1,0,0,,public,ordinary
松果儿ufo,1,0,0,,public,ordinary
松果咙咚呛咚呛,3,0,0,,public,ordinary
松栗奶芙酱w,1,0,0,,public,ordinary
松烟WHITE,1,0,0,,public,ordinary
松鹤延年SH,2,0,0,,public,ordinary
极品风尚,1,0,0,,public,ordinary
极客红石,12,0,0,,public,ordinary
极电,1,0,0,,wemedia,wemedia
枕上的小白,1,0,0,,public,ordinary
林-瑜璟,1,0,0,,public,ordinary
林下听涛--瑶月见执圭,1,0,0,,public,ordinary
林中的霞光,2,0,0,,public,ordinary
林哥猎人,1,0,0,,public,ordinary
林喜喜,1,0,0,,wemedia,wemedia
林鹿鹿小姐,1,0,0,,public,ordinary
果与贼,3,0,0,,public,ordinary
枣庄在线,1,0,0,,public,ordinary
枫叶fpg,1,0,0,,public,ordinary
枫林居士2024,1,0,0,,public,ordinary
柊二,1,0,0,,wemedia,wemedia
柏林卖萌乐团,1,0,0,,public,ordinary
某不知名傲娇,1,0,0,,public,ordinary
某人后花园的秘密,1,0,0,,public,ordinary
柒月_iAugust,1,0,0,,public,ordinary
柒柒相信吸引力法则,1,0,0,,public,ordinary
柒柒酱_戒内耗,1,0,0,,public,ordinary
柘柘木木,1,0,0,,public,ordinary
柚子不柚子呀,1,0,0,,public,ordinary
柚子柚子就是柚子呀,1,0,0,,public,ordinary
柠檬不萌i的主场,1,0,0,,public,ordinary
查理怪蜀黍Alter,2,0,0,,wemedia,wemedia
柯依伯带小行星,3,0,0,,public,ordinary
柳佳衣,1,0,0,,public,ordinary
柳叶不可刀,1,0,0,,public,ordinary
柳底飞花鸟风月,1,0,0,,public,ordinary
柳营曲,1,0,0,,public,ordinary
柳龙筱筠,6,0,0,,public,ordinary
柿一柿西瓜吧,1,0,0,,public,ordinary
栀浅鸢年,1,0,0,,public,ordinary
栗子同学要进步,1,0,0,,public,ordinary
根本把持不住a,1,0,0,,public,ordinary
格兰特卡修,1,0,0,,public,ordinary
格子指环王养乐多,1,0,0,,public,ordinary
桂哥猎手VIP777,1,0,0,,public,ordinary
桃李在,1,0,0,,public,ordinary
桃色像素,1,0,0,,public,ordinary
桃花流水鳜鱼肥333,2,0,0,,public,ordinary
桥边红药ohh,1,0,0,,public,ordinary
梁大白的幸福生活,1,0,0,,public,ordinary
梅梅妹姜,1,0,0,,public,ordinary
梅滋的侃兜子,1,0,0,,public,ordinary
梗教授,1,0,0,,public,ordinary
梦_蓝花楹,1,0,0,,public,ordinary
梦kaze,1,0,0,,public,ordinary
梦中的e,1,0,0,,public,ordinary
梦想斗鱼,1,0,0,,public,ordinary
梦想零落成妮,2,0,0,,public,ordinary
梦然kira,1,0,0,,wemedia,wemedia
梦里花80,1,0,0,,public,ordinary
梧子路,1,0,0,,public,ordinary
梧桐续雨,1,0,0,,public,ordinary
梭形切口,1,0,0,,public,ordinary
梵如夏花,4,0,0,,public,ordinary
梵迪迩,1,0,0,,public,ordinary
棉毛裤,2,0,0,,public,ordinary
棉花撞地球,1,0,0,,public,ordinary
棋小鼠,1,0,0,,public,ordinary
森仙千代,1,0,0,,public,ordinary
森南有鹿_apv,10,0,0,,public,ordinary
棱角差不多磨平了的瓶子,1,0,0,,public,ordinary
植物人史军,1,0,0,,public,ordinary
椟菽荫,15,0,0,,public,ordinary
楊光的易经空间,6,0,0,,public,ordinary
楊楊_esquisse,1,0,0,,public,ordinary
楚月今萧,1,0,0,,wemedia,wemedia
楚武邓曼,2,0,0,,public,ordinary
楦samyak,1,0,0,,public,ordinary
極夜之火,1,0,0,,public,ordinary
楼观燕飞翔,1,0,0,,public,ordinary
概率人生_59861,1,0,0,,public,ordinary
榎本家的古董锁,1,0,0,,public,ordinary
榴莲冰棒ec,1,0,0,,public,ordinary
槐序长庚-,2,0,0,,public,ordinary
模_人,1,0,0,,public,ordinary
模人一架,1,0,0,,wemedia,wemedia
横越时间海,1,0,0,,public,ordinary
樱外梨子,1,0,0,,public,ordinary
樱桃汤777,1,0,0,,public,ordinary
樱桃蘸羊肉,1,0,0,,public,ordinary
樱的食彩浪漫,1,0,0,,public,ordinary
橘绿味的星星,1,0,0,,public,ordinary
橙子皮爱吃橘子皮,1,0,0,,public,ordinary
橙总的mommy,1,0,0,,public,ordinary
橙枫绿松,1,0,0,,public,ordinary
檐前雨无,1,0,0,,public,ordinary
欣瑜谢啊,1,0,0,,public,ordinary
欧云白,1,0,0,,public,ordinary
欧美二线品牌,4,0,0,,public,ordinary
欺詐師_狸貓,4,0,0,,public,ordinary
歌酒菜,1,0,0,,public,ordinary
正合函子,7,0,0,,public,ordinary
正常人的马甲,2,0,0,,public,ordinary
正常人被精神病,1,0,0,,public,ordinary
正版清酒,2,0,0,,public,ordinary
此心安处是吾乡kirin,1,0,0,,public,ordinary
步履姗姗,1,0,0,,public,ordinary
武毅智,2,0,0,,public,ordinary
武汉刘正涛,1,0,0,,public,ordinary
武郎中,2,0,0,,wemedia,wemedia
歪丶是我,1,0,0,,public,ordinary
死不油腻,1,0,0,,public,ordinary
殊小沐,3,0,0,,wemedia,wemedia
残云吹雨,1,0,0,,public,ordinary
殖人祖宗,1,0,0,,public,ordinary
殷洛潇潇,2,0,0,,public,ordinary
毁人不倦胡适之,1,0,0,,public,ordinary
母亲巴巴托斯,1,0,0,,public,ordinary
每天早晨喂喜鹊,2,0,0,,public,ordinary
每天涨盈泓,2,0,0,,other,ordinary
每天都在争取长寿,1,0,0,,public,ordinary
每天都要开开熏熏咯,2,0,0,,public,ordinary
比格和竖条纹,1,0,0,,public,ordinary
毛毛毛毛驴12,1,0,0,,public,ordinary
毛玉,2,0,0,,public,ordinary
毛芋头_89300,3,0,0,,public,ordinary
毯子-SerieA,4,0,0,,wemedia,wemedia
气吞八碗猛如虎,1,0,0,,public,ordinary
氨氮锰,1,0,0,,public,ordinary
氯胺kt,1,0,0,,public,ordinary
水亩年华,1,0,0,,other,ordinary
水冷泠,1,0,0,,public,ordinary
水墨蓝风,1,0,0,,public,ordinary
水晶萤火虫007,1,0,0,,public,ordinary
水木悠然lch35,1,0,0,,public,ordinary
水果3939,1,0,0,,public,ordinary
水煮甲鱼米,1,0,0,,public,ordinary
水田金山之微眼微观,2,0,0,,public,ordinary
水色池塘半亩花田,1,0,0,,public,ordinary
水镜先生学中医,1,0,0,,public,ordinary
水青化十等我,1,0,0,,public,ordinary
永远守护你的大猫,1,0,0,,public,ordinary
永远的交界都市里的超能力者,1,0,0,,public,ordinary
永远都像一只梦,1,0,0,,public,ordinary
永遠的刹那,1,0,0,,public,ordinary
汉丞相府就是虫虫,1,0,0,,public,ordinary
汐宫桃切片,1,0,0,,public,ordinary
汐沐雪,1,0,0,,public,ordinary
汝定君,2,0,0,,public,ordinary
汝韬哥在此哈,3,0,0,,public,ordinary
江上的路,2,0,0,,public,ordinary
江南小蝶52,2,0,0,,public,ordinary
江南杏花雨,1,0,0,,public,ordinary
江南江北何处旧家乡,1,0,0,,public,ordinary
江惠平空间,1,0,0,,public,ordinary
江氏小盗龙,1,0,0,,public,ordinary
江流天地外2233,1,0,0,,public,ordinary
江火夜燎原_,1,0,0,,public,ordinary
汪加诚-,1,0,0,,public,ordinary
汪汪喜宝de姐姐,1,0,0,,public,ordinary
汪海林,2,0,0,,public,ordinary
汴人郭威,1,0,0,,public,ordinary
汶河汤汤,1,0,0,,public,ordinary
沁沁呔,1,0,0,,public,ordinary
沁香寒潭雾,1,0,0,,public,ordinary
沈先生nature,1,0,0,,public,ordinary
沈嘉柯,1,0,0,,public,ordinary
沈谙An_故人归依旧,1,0,0,,public,ordinary
沈载伦JAKE_EN-,1,0,0,,public,ordinary
沉稳可靠阿诺德,1,0,0,,public,ordinary
沉迷伊达的刀的鱼,1,0,0,,public,ordinary
沐恩,3,0,0,,public,ordinary
沐雨格子,1,0,0,,wemedia,wemedia
沖繩貓BB神情憂傷,1,0,0,,public,ordinary
沙子格,1,0,0,,public,ordinary
沙沙要娶九姑娘_05,1,0,0,,public,ordinary
沙雕娱乐,1,0,0,,public,ordinary
没有外援到终究之战,1,0,0,,public,ordinary
沧沧hh,1,0,0,,public,ordinary
沧海巫山与云,1,0,0,,public,ordinary
沧海桑田无有尽,1,0,0,,public,ordinary
河南国资,1,0,0,,other,ordinary
河南实验台通风柜定制,1,0,0,,public,ordinary
河边的金砖,2,0,0,,public,ordinary
油桶yudon,1,0,0,,public,ordinary
法克nato,1,0,0,,public,ordinary
泠_Lin,1,0,0,,public,ordinary
泠弦,1,0,0,,public,ordinary
泠雨泪,2,0,0,,public,ordinary
泡芙Dec,1,0,0,,public,ordinary
泡芙奶油妹,1,0,0,,public,ordinary
泡菜豆芽汤,1,0,0,,public,ordinary
波多野杰伊,1,0,0,,public,ordinary
波希米亚的魔法师,1,0,0,,public,ordinary
波斯小昭1,2,0,0,,public,ordinary
波波的风吹到头疼,1,0,0,,public,ordinary
波纹小猫饼干,1,0,0,,public,ordinary
泥脸盆,1,0,0,,public,ordinary
泰勒丝的lover,1,0,0,,public,ordinary
泰拳刚猛,1,0,0,,public,ordinary
泰松有极,11,0,0,,public,ordinary
泷啊啊泷,1,0,0,,public,ordinary
泽仁阳光,1,0,0,,public,ordinary
泽维尔天赋青少年学院-保安-丞叽,1,0,0,,public,ordinary
洋洋小提琴江海,1,0,0,,public,ordinary
洗衣机是神马,1,0,0,,public,ordinary
洛川斌哥,1,0,0,,wemedia,wemedia
洛洛历险记6165,1,0,0,,public,ordinary
活生拆巴西,1,0,0,,public,ordinary
活着很心苦,1,0,0,,public,ordinary
派大xingi丶,1,0,0,,public,ordinary
流光似水1998,1,0,0,,public,ordinary
流年顺吉的信怡,1,0,0,,public,ordinary
流星雨8335,1,0,0,,public,ordinary
流萤_MEMEBER,1,0,0,,public,ordinary
浅_浅746459,1,0,0,,public,ordinary
浅拾忆_LRG,1,0,0,,public,ordinary
浅斟低唱换浮名云,1,0,0,,public,ordinary
浅月微岚,1,0,0,,public,ordinary
浅末风尘,2,0,0,,public,ordinary
浅浅一湾清流,1,0,0,,public,ordinary
浅野遥遥遥,4,0,0,,public,ordinary
浅鸢_Adeline,1,0,0,,public,ordinary
测评小铺,1,0,0,,public,ordinary
浩瀚DY星空,1,0,0,,public,ordinary
浪味仙518,1,0,0,,public,ordinary
浪里白糖赛博转生,1,0,0,,public,ordinary
海上有鹭,2,0,0,,public,ordinary
海天月夜,1,0,0,,public,ordinary
海太富,1,0,0,,public,ordinary
海客499,1,0,0,,public,ordinary
海岛猫鼬_,1,0,0,,public,ordinary
海洋与公爵,1,0,0,,public,ordinary
海海_69,1,0,0,,public,ordinary
海海遨游,1,0,0,,wemedia,wemedia
海滩长颈鹿12号,1,0,0,,public,ordinary
海盐豌豆,1,0,0,,public,ordinary
海盗糖包,3,0,0,,public,ordinary
海納百川米,2,0,0,,wemedia,wemedia
海若尼莫又疯了,1,0,0,,public,ordinary
海豚伊人_146,1,0,0,,public,ordinary
液态快乐样本,1,0,0,,public,ordinary
涿光之山嚣水出焉而西流注于河,3,0,0,,public,ordinary
淀水河畔的七哥,1,0,0,,public,ordinary
淑荷居士,2,0,0,,public,ordinary
淘主妇,1,0,0,,public,ordinary
淡若如风,1,0,0,,wemedia,wemedia
淡蓝蓝66134,1,0,0,,public,ordinary
淮南市场监管,1,0,0,,government,mainstream
深海恐惧造梦者,1,0,0,,public,ordinary
深网里的鱼,1,0,0,,public,ordinary
深钉空净磊哥,2,0,0,,public,ordinary
混口饭吃过家家,1,0,0,,public,ordinary
混合de喵娘,1,0,0,,public,ordinary
混沌和秩序2,2,0,0,,public,ordinary
添金liu,1,0,0,,public,ordinary
清剛,1,0,0,,public,ordinary
清於门下茶僮子,1,0,0,,public,ordinary
清氵青静青争,2,0,0,,public,ordinary
清波明月06,1,0,0,,public,ordinary
清浊清酌,1,0,0,,public,ordinary
清清清清清清欢,1,0,0,,public,ordinary
清源0116,2,0,0,,public,ordinary
清溪0516,1,0,0,,public,ordinary
清澈0922,1,0,0,,public,ordinary
清烛不是大德鲁伊,1,0,0,,public,ordinary
清肝解郁,2,0,0,,public,ordinary
清豆子,1,0,0,,public,ordinary
清风97406,1,0,0,,public,ordinary
清风舞藤,2,0,0,,public,ordinary
清风霁月-微尘,2,0,0,,wemedia,wemedia
渣哥的店,1,0,0,,public,ordinary
渣是因为浪,1,0,0,,public,ordinary
渤海湾边儿上的逄小厨,1,0,0,,public,ordinary
温柔和霂,4,0,0,,public,ordinary
温柔的法师Sorcerer,1,0,0,,public,ordinary
温涵涵涵涵涵,2,0,0,,public,ordinary
温特蒙Serendipity,1,0,0,,public,ordinary
渭荆秦郓,1,0,0,,public,ordinary
游动的浮萍,1,0,0,,public,ordinary
游泳的芋泥,1,0,0,,public,ordinary
湖中渔民,1,0,0,,public,ordinary
湘楚之渝,2,0,0,,public,ordinary
湿地火,1,0,0,,public,ordinary
源我如星君如轶_梅长苏_R,1,0,0,,public,ordinary
溪水边边_55,1,0,0,,public,ordinary
溯歸芙咖,2,0,0,,public,ordinary
滝峰幹也,1,0,0,,public,ordinary
漂亮小猫美色如狼似虎,1,0,0,,public,ordinary
漆酱_六六大顺,1,0,0,,public,ordinary
漠彻骨兰,2,0,0,,public,ordinary
潇洒的瑷娃,2,0,0,,public,ordinary
潘多拉魔盒锁丢了,1,0,0,,public,ordinary
潘学才,2,0,0,,public,ordinary
潮涌月亮丛,1,0,0,,public,ordinary
澄澄青溪水,3,0,0,,public,ordinary
澄笺,1,0,0,,public,ordinary
火山灿baby,1,0,0,,public,ordinary
火巳,1,0,0,,public,ordinary
火星回眸,1,0,0,,public,ordinary
火星搭车客,1,0,0,,public,ordinary
火月天蝎,1,0,0,,public,ordinary
火爸朱剑笛,1,0,0,,public,ordinary
火術不尽,1,0,0,,public,ordinary
火锅味蛋黄派,1,0,0,,public,ordinary
灯盏细辛落葵,1,0,0,,public,ordinary
灵蘭仙子,1,0,0,,public,ordinary
災巠,3,0,0,,public,ordinary
灿若凡阳,1,0,0,,public,ordinary
炒饭殿下007,1,0,0,,public,ordinary
炜炜_道来,1,0,0,,public,ordinary
炸了毛的耗子,1,0,0,,public,ordinary
炼金术师噼哩啪啦Pobby,2,0,0,,public,ordinary
烑燚,1,0,0,,public,ordinary
烟雨华年,1,0,0,,public,ordinary
烧火小妖,1,0,0,,wemedia,wemedia
烨小妖妖,1,0,0,,public,ordinary
热爱美好生活的小富婆,2,0,0,,wemedia,wemedia
热血系食梦者夙零,1,0,0,,public,ordinary
热铁不要摸,1,0,0,,public,ordinary
热闹的地方不要去,1,0,0,,public,ordinary
無門的面包脸就是正义,1,0,0,,public,ordinary
焦溜咸鱼,1,0,0,,public,ordinary
焦糖苹果派yu,1,0,0,,public,ordinary
煎饼梨梨,1,0,0,,public,ordinary
照完镜子正衣冠,1,0,0,,public,ordinary
照那都里,1,0,0,,public,ordinary
熊猫白露,7,0,0,,public,ordinary
熙熙泰和_长乐无忧,1,0,0,,public,ordinary
熬夜戒断手册,1,0,0,,public,ordinary
燃燒獵戶座-__-,1,0,0,,public,ordinary
燃音Chelsea,1,0,0,,public,ordinary
燕乐凝波竹,1,0,0,,public,ordinary
燕子sxsxsx,3,0,0,,wemedia,wemedia
燕子酱,1,0,0,,public,ordinary
燕燕想飞啦,1,0,0,,public,ordinary
燕燕郭雪,2,0,0,,public,ordinary
燕语Wang,1,0,0,,public,ordinary
爆号上师,1,0,0,,public,ordinary
爱上海的上海宁,1,0,0,,public,ordinary
爱上的莫奈,1,0,0,,public,ordinary
爱做饭的大熊,1,0,0,,public,ordinary
爱吃冬饱冻多多,1,0,0,,public,ordinary
爱吃又得减肥,2,0,0,,public,ordinary
爱吃果冻的长颈鹿,1,0,0,,public,ordinary
爱喝奶的小可乐,1,0,0,,public,ordinary
爱喝小米粥8089,1,0,0,,public,ordinary
爱喝红茶的谷利成和,1,0,0,,public,ordinary
爱塌爱光的star同样爱芭比,14,0,0,,public,ordinary
爱好中医,2,0,0,,public,ordinary
爱学习爱生活爱我,2,0,0,,public,ordinary
爱崩溃,1,0,0,,public,ordinary
爱工作的图图,1,0,0,,public,ordinary
爱护眼睛小助手提醒您,1,0,0,,public,ordinary
爱是四月份的玫瑰迎着夏日盛放,1,0,0,,wemedia,wemedia
爱次薯片鸭,1,0,0,,public,ordinary
爱港静夜,1,0,0,,public,ordinary
爱的美衣美妆屋,1,0,0,,public,ordinary
爱若丰狂SOYO历,2,0,0,,public,ordinary
爱问医生口腔健康,1,0,0,,other,ordinary
爱食尚爱美丽,1,0,0,,public,ordinary
牛妈ljia,1,0,0,,wemedia,wemedia
牛尔的移动城堡,3,0,0,,public,ordinary
牛河梁到南海,4,0,0,,public,ordinary
牧归微光,1,0,0,,public,ordinary
牧笛啵,1,0,0,,public,ordinary
特特甜特特特特,1,0,0,,public,ordinary
犬君_精分汉子啪啪,1,0,0,,public,ordinary
狂奔小薯条,1,0,0,,public,ordinary
狐堰,1,0,0,,public,ordinary
狐崽求好运求清闲,1,0,0,,public,ordinary
狐楚,2,0,0,,public,ordinary
狐狸你今天愉快吗__,1,0,0,,public,ordinary
狐狸去冰七分糖,1,0,0,,public,ordinary
狐狸的宁海今天有泳装了Mua,1,0,0,,public,ordinary
狗皮小羊不干了,2,0,0,,public,ordinary
独立文化志,1,0,0,,public,ordinary
独自空忆成空,1,0,0,,public,ordinary
狲东曦_防疫中,2,0,0,,public,ordinary
狸花花躲猫猫,2,0,0,,public,ordinary
狼人月崽,2,0,0,,public,ordinary
狼尾巴草,1,0,0,,public,ordinary
狼烟一剑,4,0,0,,public,ordinary
猗猗原陆,1,0,0,,public,ordinary
猛吃一口小鱼,1,0,0,,public,ordinary
猜猜1171,1,0,0,,public,ordinary
猪肉老好切咯,3,0,0,,public,ordinary
猫与四叶草,1,0,0,,public,ordinary
猫喵便利店,1,0,0,,public,ordinary
猫德学院教导主任,1,0,0,,public,ordinary
猫步华尔兹,2,0,0,,public,ordinary
猫猫猫Morning,1,0,0,,public,ordinary
猫猫进修完啦,1,0,0,,public,ordinary
猫见我一蹦三尺高,1,0,0,,public,ordinary
猫豆_求转运,1,0,0,,public,ordinary
猫铃_12,1,0,0,,public,ordinary
猴几唯爱人身猪咪,1,0,0,,public,ordinary
猹斯拉,3,0,0,,public,ordinary
猹猹猹克,1,0,0,,public,ordinary
獾熊格鲁特,1,0,0,,public,ordinary
玄德公你怎么挂树上了,1,0,0,,public,ordinary
玄析_,3,0,0,,public,ordinary
玄青色叶子,1,0,0,,public,ordinary
玉水斗留音,1,0,0,,public,ordinary
玉泉夕照,2,0,0,,public,ordinary
王-笑-寒,1,0,0,,public,ordinary
王-雅-囧,1,0,0,,public,ordinary
王二姑娘今天离婚了吗,1,0,0,,public,ordinary
王仕伟微博,1,0,0,,public,ordinary
王伟4127,2,0,0,,public,ordinary
王君超,1,0,0,,wemedia,wemedia
王土吉爱梦呓,1,0,0,,public,ordinary
王宗如1515,4,0,0,,public,ordinary
王富棍,1,0,0,,public,ordinary
王小亚,4,0,0,,public,ordinary
王德福福福福福,1,0,0,,public,ordinary
王成康Kingod,4,0,0,,wemedia,wemedia
王敬刮痧,1,0,0,,public,ordinary
王晓伟琳,5,0,0,,public,ordinary
王氏海鲜大排档,1,0,0,,public,ordinary
王浣熊的生活日记,1,0,0,,public,ordinary
王海涖,1,0,0,,public,ordinary
玖壹·澧巷,1,0,0,,public,ordinary
玩乐在宁波,1,0,0,,public,ordinary
玩试试,1,0,0,,public,ordinary
玫瑰夹心小甜饼,1,0,0,,public,ordinary
玫瑰砂,2,0,0,,public,ordinary
玫瑰骑士马可,1,0,0,,public,ordinary
玫韦斯特,1,0,0,,public,ordinary
现实两种,1,0,0,,public,ordinary
现已加入儿童节豪华午餐,1,0,0,,public,ordinary
玲儿叮铛烧仙草,1,0,0,,public,ordinary
珍我如金,1,0,0,,public,ordinary
珍珠奶茶不要珍珠多放糖,1,0,0,,public,ordinary
珍珠奶茶說掰掰,1,0,0,,public,ordinary
珍珠滩1,5,0,0,,public,ordinary
理性的福星,1,0,0,,public,ordinary
理财超人钱多多,1,0,0,,wemedia,wemedia
琉璃苣-呼市,1,0,0,,wemedia,wemedia
琉雾柒,2,0,0,,public,ordinary
琚雲,1,0,0,,public,ordinary
琢磨张哥,1,0,0,,public,ordinary
琥珀色黄昏像糖在,1,0,0,,public,ordinary
琪梦达,1,0,0,,public,ordinary
琳琳桑,1,0,0,,public,ordinary
琴哥小惑,1,0,0,,public,ordinary
琴子厨c1td,1,0,0,,public,ordinary
琴心三叠石决明,1,0,0,,wemedia,wemedia
琵琶村的琵琶女,1,0,0,,public,ordinary
瑜生暖暖,1,0,0,,public,ordinary
瑜糕_,1,0,0,,public,ordinary
瑞雪烹梅1120,1,0,0,,public,ordinary
璃-殇,1,0,0,,public,ordinary
瓜瓜国公主殿下,1,0,0,,public,ordinary
甄昊元,1,0,0,,wemedia,wemedia
甘肃轮椅-阳光,1,0,0,,public,ordinary
甜味儿宇宙,1,0,0,,public,ordinary
甜心小柠柠,1,0,0,,public,ordinary
甜猫日记,1,0,0,,public,ordinary
甜笑黒丫,1,0,0,,public,ordinary
甜药药儿_,1,0,0,,public,ordinary
生发微机,2,0,0,,public,ordinary
生命在于____,1,0,0,,public,ordinary
生欢颜,1,0,0,,public,ordinary
生活之雇佣兵,1,0,0,,public,ordinary
生活平平淡淡才是福,1,0,0,,public,ordinary
生草字幕组,1,0,0,,public,ordinary
生酪拿铁少冰全糖,3,0,0,,public,ordinary
用户1032640493黑八两,1,0,0,,public,ordinary
用户11703202,1,0,0,,public,ordinary
用户1618273489436,1,0,0,,public,ordinary
用户1890976320,1,0,0,,public,ordinary
用户2733751065,1,0,0,,public,ordinary
用户3010459150,1,0,0,,public,ordinary
用户4282558HD,1,0,0,,public,ordinary
用户5418267675,1,0,0,,public,ordinary
用户5447151717,3,0,0,,public,ordinary
用户5646350083,1,0,0,,public,ordinary
用户5675502730,1,0,0,,public,ordinary
用户5912549117,1,0,0,,public,ordinary
用户6099153970,1,0,0,,public,ordinary
用户628726287242829,2,0,0,,public,ordinary
用户6417317168,1,0,0,,public,ordinary
用户6453410427,1,0,0,,public,ordinary
用户6491803321,1,0,0,,public,ordinary
用户6550193276,1,0,0,,public,ordinary
用户6597262637,1,0,0,,public,ordinary
用户6681845096,1,0,0,,public,ordinary
用户6860704310,2,0,0,,public,ordinary
用户6885555981,1,0,0,,public,ordinary
用户6935369308,1,0,0,,public,ordinary
用户6996446536,1,0,0,,public,ordinary
用户6999726328,1,0,0,,public,ordinary
用户7263642264,1,0,0,,public,ordinary
用户7316843342,1,0,0,,public,ordinary
用户7385667956,1,0,0,,public,ordinary
用户7456409637,2,0,0,,public,ordinary
用户7480920559,1,0,0,,public,ordinary
用户7572997440,1,0,0,,public,ordinary
用户7729090376,1,0,0,,public,ordinary
用户7837123580,1,0,0,,public,ordinary
用户dgd6o483oi,3,0,0,,public,ordinary
用户云端896948857,1,0,0,,public,ordinary
用户破帽遮丑颜,2,0,0,,public,ordinary
用这个号关注垃圾号的是某浪,3,0,0,,public,ordinary
田中半夏,1,0,0,,public,ordinary
田胤齐x2,6,0,0,,public,ordinary
田胤齐之见,2,0,0,,public,ordinary
电影多多陆执多多,2,0,0,,public,ordinary
电影票房XP2022,1,0,0,,public,ordinary
男同是人类的好朋友,1,0,0,,public,ordinary
画画的鲨鱼丹,3,0,0,,public,ordinary
番伽炒百叶结,1,0,0,,public,ordinary
疏月无影,2,0,0,,public,ordinary
疯技工,1,0,0,,public,ordinary
疯狂大象,1,0,0,,public,ordinary
疲__,1,0,0,,public,ordinary
疾风之翼-Moehayate,1,0,0,,public,ordinary
病久学医,1,0,0,,public,ordinary
痛饮都市,1,0,0,,public,ordinary
瘦不了的中医肥猫,2,0,0,,public,ordinary
白·夜骑士,1,0,0,,public,ordinary
白天沉默的夜鸮,1,0,0,,public,ordinary
白桃冰茶加柠檬,1,0,0,,public,ordinary
白甭甭,1,0,0,,public,ordinary
白色彩色Motherhood,1,0,0,,public,ordinary
白衣山猫,1,0,0,,public,ordinary
白铁1锅,1,0,0,,public,ordinary
百事可口爱乐不乐,1,0,0,,public,ordinary
百面目鬼mk3,1,0,0,,public,ordinary
皆大欢喜用户5712370273,1,0,0,,public,ordinary
皇上本攻喂你安胎药,1,0,0,,public,ordinary
皇甫端术,1,0,0,,public,ordinary
皿煮不死地图头,1,0,0,,public,ordinary
盆盆卤鸡爪吃的下,1,0,0,,public,ordinary
盏心冯文亮,1,0,0,,wemedia,wemedia
盖世英雄玉椒龙,3,0,0,,public,ordinary
盖修班斯特type卡利,2,0,0,,public,ordinary
盖被吹空调,2,0,0,,public,ordinary
盛唐唐唐,1,0,0,,public,ordinary
盛夏-018,1,0,0,,public,ordinary
盛夏花知晓,2,0,0,,public,ordinary
盛怒的羔羊,4,0,0,,public,ordinary
盛美然,1,0,0,,public,ordinary
目标是做合格的搬砖工,1,0,0,,public,ordinary
目标达成Absolutely,3,0,0,,public,ordinary
盼公道的老阿姨,1,0,0,,public,ordinary
看客零贰,1,0,0,,public,ordinary
看知识分子,1,0,0,,public,ordinary
看风景DM,1,0,0,,public,ordinary
真xiang很香22,3,0,0,,public,ordinary
真吾之风采2,1,0,0,,public,ordinary
真如本澄,1,0,0,,public,ordinary
真实之艾丽卡,3,0,0,,public,ordinary
真实粒子,1,0,0,,public,ordinary
真性異言,2,0,0,,public,ordinary
真正的七杀剑复活,1,0,0,,public,ordinary
真正的酸甜可乐,1,0,0,,wemedia,wemedia
真白金猴,6,0,0,,public,ordinary
眩野寒仕,1,0,0,,public,ordinary
眼中的星月大海,2,0,0,,public,ordinary
眼睛大的早安世界,1,0,0,,public,ordinary
眼睛里有星星的迪雅,1,0,0,,public,ordinary
眼镜猫miwumiwu,3,0,0,,wemedia,wemedia
眾人表妹就係我,2,0,0,,public,ordinary
睡到自然醒竟然实现了,1,0,0,,public,ordinary
睡眠医学中心,5,0,0,,public,ordinary
睡莲栽培池2,1,0,0,,public,ordinary
睿睿的可爱多,1,0,0,,public,ordinary
瞧着你呢,3,0,0,,public,ordinary
瞬-神狼后方支援,1,0,0,,public,ordinary
知产女侠,3,0,0,,wemedia,wemedia
知名采花博主,1,0,0,,public,ordinary
知常得一,1,0,0,,public,ordinary
知易行易可以不难,2,0,0,,public,ordinary
知音读者心灵寄雨,2,0,0,,public,ordinary
短的是岁月1,1,0,0,,public,ordinary
石中柔55,5,0,0,,public,ordinary
石油海洋哥,3,0,0,,public,ordinary
石颂天语,1,0,0,,public,ordinary
砂仁白果煲猪肚,3,0,0,,public,ordinary
破了要走,1,0,0,,public,ordinary
破冬而来,1,0,0,,public,ordinary
破执无我,1,0,0,,public,ordinary
硬币真人小八,1,0,0,,public,ordinary
碧绡朱绉,1,0,0,,public,ordinary
磐石兰尼斯特,1,0,0,,public,ordinary
礼貌年糕,1,0,0,,public,ordinary
礼贤镇中心卫生院,1,0,0,,public,ordinary
社长加息卡,1,0,0,,public,ordinary
神丙,1,0,0,,public,ordinary
神之疯神,1,0,0,,public,ordinary
神剑木木,2,0,0,,public,ordinary
神器的Rachel,2,0,0,,public,ordinary
神奇少女很爱笑,1,0,0,,public,ordinary
祺沅,1,0,0,,public,ordinary
禁止打尻,1,0,0,,public,ordinary
离光猪猪,1,0,0,,public,ordinary
离岸微风666,1,0,0,,public,ordinary
秋意正浓枫树林,1,0,0,,public,ordinary
秋日胜春6502551837,1,0,0,,public,ordinary
秋茜Akane,3,0,0,,public,ordinary
秋高气爽湛蓝天儿,1,0,0,,public,ordinary
种花家的小郎中,3,0,0,,public,ordinary
科学未来人,1,0,0,,public,ordinary
科技与女性,4,0,0,,public,ordinary
科技新发现网站,1,0,0,,public,ordinary
科技的滥用,1,0,0,,public,ordinary
秦义,1,0,0,,wemedia,wemedia
秦书宝不夜汪,1,0,0,,public,ordinary
秦月汉关1900,2,0,0,,public,ordinary
积极向上早睡觉,1,0,0,,public,ordinary
积极心理学绘画疗愈,1,0,0,,public,ordinary
移动互联网观察与研究,1,0,0,,wemedia,wemedia
移动的谢伍德森林,1,0,0,,public,ordinary
穆国龙13904582878,1,0,0,,public,ordinary
空书道人,1,0,0,,public,ordinary
空夏Hsiao,1,0,0,,public,ordinary
空手入白刃__,1,0,0,,public,ordinary
空江行,1,0,0,,public,ordinary
空空回来了追梦少说话,1,0,0,,public,ordinary
空空空空rrr,8,0,0,,public,ordinary
穿睡衣的小企鹅,2,0,0,,public,ordinary
穿羽绒服的眯眯眼,2,0,0,,public,ordinary
穿越的冰红茶,3,0,0,,public,ordinary
穿靴子的猫啊啊啊,1,0,0,,public,ordinary
窗外的小喜鹊,2,0,0,,public,ordinary
窗外的麻雀千真万雀,1,0,0,,public,ordinary
立冬予三九,1,0,0,,public,ordinary
章夏荣我老婆,1,0,0,,public,ordinary
章鱼18号,1,0,0,,public,ordinary
章鱼哥R,2,0,0,,public,ordinary
童姐营养师和小炟同学,1,0,0,,public,ordinary
童琪雅,1,0,0,,wemedia,wemedia
竹上清轩,1,0,0,,public,ordinary
竹外莲花,1,0,0,,public,ordinary
竹子与光呀,1,0,0,,public,ordinary
竹篙堂堂主,6,0,0,,public,ordinary
笑看红绿,1,0,0,,public,ordinary
笑笑28225,1,0,0,,public,ordinary
笑笑车前子,1,0,0,,public,ordinary
笛卡吾,3,0,0,,public,ordinary
笨狼T酱,1,0,0,,public,ordinary
第92号行星,1,0,0,,public,ordinary
第一不好做11,1,0,0,,public,ordinary
第五建利,1,0,0,,public,ordinary
等一下不就行了,2,0,0,,public,ordinary
等电子的氯,2,0,0,,public,ordinary
等风来的人oo--,1,0,0,,wemedia,wemedia
策马奔腾渡渡鸟,1,0,0,,public,ordinary
筝的在,1,0,0,,public,ordinary
米儿不知道自己做错了什么,1,0,0,,public,ordinary
米特202103,1,0,0,,public,ordinary
米虫王,1,0,0,,wemedia,wemedia
米路灬,1,0,0,,wemedia,wemedia
米达米乐,1,0,0,,public,ordinary
粉红玫瑰的微博,4,0,0,,public,ordinary
粗麻布衣拉姑,3,0,0,,public,ordinary
粤港澳小小胖,1,0,0,,public,ordinary
粥粥0210破而后立,1,0,0,,public,ordinary
精彩东方,1,0,0,,public,ordinary
精神疾病一触即发,1,0,0,,public,ordinary
糊噜噜,1,0,0,,public,ordinary
糊涂的人0000,1,0,0,,public,ordinary
素朴虚静,1,0,0,,public,ordinary
素直D丹,1,0,0,,public,ordinary
素颜冷冰,1,0,0,,public,ordinary
紫微-星官,1,0,0,,public,ordinary
紫悦_梅花诗,1,0,0,,public,ordinary
紫然自然姿,1,0,0,,public,ordinary
紫燕逐光-珍惜,1,0,0,,public,ordinary
紫苏sunny,2,0,0,,public,ordinary
紫苑远志,2,0,0,,public,ordinary
繁松山雨,3,0,0,,public,ordinary
红尘hc2012,1,0,0,,public,ordinary
红红火火过龙年,2,0,0,,public,ordinary
红色光芒2017,1,0,0,,public,ordinary
红色科学家,1,0,0,,public,ordinary
红色饶阳,1,0,0,,public,ordinary
红衣飞雪-冰,1,0,0,,public,ordinary
红豆绿豆和豆豆,1,0,0,,public,ordinary
纯-净,1,0,0,,public,ordinary
纯尚女神,1,0,0,,public,ordinary
纯洁的万事屋,1,0,0,,public,ordinary
纯爱水豚,2,0,0,,public,ordinary
纯真年代_74192,1,0,0,,public,ordinary
纯纯的羊驼1223,1,0,0,,public,ordinary
纱布蓝,1,0,0,,public,ordinary
纳薇山居,1,0,0,,public,ordinary
纵横-邪月,1,0,0,,public,ordinary
纸落无烟嘚嘚嘚,1,0,0,,public,ordinary
组织N号头目,1,0,0,,public,ordinary
经常自我吐槽的掉书袋守常,1,0,0,,public,ordinary
经方梧桐先生,2,0,0,,public,ordinary
经略幽燕我童贯,2,0,0,,wemedia,wemedia
经财老幽子,1,0,0,,public,ordinary
绒球jr,1,0,0,,public,ordinary
给亚索加蓝条,1,0,0,,public,ordinary
给你点超大杯冷萃,1,0,0,,public,ordinary
络纬秋啼金井阑_yanagi,1,0,0,,public,ordinary
绝世小天才_人间大清醒,1,0,0,,public,ordinary
绝顶演技,1,0,0,,public,ordinary
绮涵00,1,0,0,,public,ordinary
绯正正,1,0,0,,public,ordinary
维克多的月光瓜田,1,0,0,,public,ordinary
维德医疗官方微博,1,0,0,,other,ordinary
维生素vc,1,0,0,,public,ordinary
绵绵2025,1,0,0,,wemedia,wemedia
绻影浮沙,1,0,0,,public,ordinary
综罗百代,1,0,0,,public,ordinary
绽放仲夏,1,0,0,,public,ordinary
绿山墙的Marion,3,0,0,,public,ordinary
绿水青山碧螺春,3,0,0,,public,ordinary
绿色猫眼儿,1,0,0,,public,ordinary
缇努琳,1,0,0,,public,ordinary
编织鱼网的蜗牛,1,0,0,,public,ordinary
缠住吻住春风吹住我吗,1,0,0,,public,ordinary
缪一1166,1,0,0,,public,ordinary
缺德大反派,2,0,0,,public,ordinary
网事随风201506,3,0,0,,public,ordinary
罗兰老李,1,0,0,,public,ordinary
罗大伦,1,0,0,,public,ordinary
罗祎明医生,1,0,0,,wemedia,wemedia
罗莉WE-LOURY,1,0,0,,public,ordinary
罗迪姐姐,2,0,0,,public,ordinary
美丽守望Charlotter,1,0,0,,public,ordinary
美奈奈叁柒,3,0,0,,public,ordinary
美妞儿的妈在德国,1,0,0,,public,ordinary
美美的屁,1,0,0,,wemedia,wemedia
美萼__,1,0,0,,public,ordinary
美食家大雄,1,0,0,,public,ordinary
羚羊客厅,1,0,0,,public,ordinary
群萌是我,1,0,0,,public,ordinary
群象之见,1,0,0,,public,ordinary
義拾一生_SARSAE,1,0,0,,public,ordinary
翘臀直男,1,0,0,,public,ordinary
翟德芳,1,0,0,,public,ordinary
翡冷翠之绊,1,0,0,,public,ordinary
翦影瞳_,3,0,0,,public,ordinary
翻滚的小雨啊,1,0,0,,public,ordinary
翼Star,1,0,0,,public,ordinary
耀眼多温,1,0,0,,public,ordinary
老凯1971,1,0,0,,public,ordinary
老可爱儿,1,0,0,,public,ordinary
老天安排好了,1,0,0,,public,ordinary
老太长智齿,1,0,0,,public,ordinary
老张评论,3,0,0,,public,ordinary
老李谈兵,1,0,0,,public,ordinary
老李随想,1,0,0,,wemedia,wemedia
老杨鸿,1,0,0,,public,ordinary
老猫上灯台,3,0,0,,public,ordinary
老白要瘦啊,3,0,0,,public,ordinary
老简宁,1,0,0,,public,ordinary
老莊孫子吴氏唠,1,0,0,,public,ordinary
老莦,2,0,0,,public,ordinary
老陈今天散步了吗,1,0,0,,public,ordinary
老顽童正道,1,0,0,,public,ordinary
老鹰家鸢尾花园里的小熊猫,1,0,0,,public,ordinary
耐心和等待AAAAA,1,0,0,,public,ordinary
耗子小笨笨,1,0,0,,public,ordinary
耗材天敌,1,0,0,,public,ordinary
耙了耙了柑,1,0,0,,public,ordinary
耽行者,1,0,0,,public,ordinary
聒噪米格驴,1,0,0,,public,ordinary
聚焦附加值,2,0,0,,public,ordinary
聪明绝顶的卡叔,1,0,0,,public,ordinary
聽信路燈,1,0,0,,public,ordinary
肆_KAKA,3,0,0,,wemedia,wemedia
肉丝Q_Q,1,0,0,,public,ordinary
肉干干姥姥,1,0,0,,public,ordinary
肖定棠,1,0,0,,public,ordinary
肠科夫斯基,1,0,0,,public,ordinary
股市哼画何其多,3,0,0,,wemedia,wemedia
股市正当时,1,0,0,,public,ordinary
肥宅居士,1,0,0,,public,ordinary
肥木有,2,0,0,,wemedia,wemedia
胃里发现恐龙残骸的化石猫,3,0,0,,public,ordinary
胖书虫2008,4,0,0,,public,ordinary
胖娃流浪在四城,1,0,0,,public,ordinary
胖子看天,1,0,0,,public,ordinary
胖毛毛的耳朵朵,5,0,0,,public,ordinary
胖纸不会飞,1,0,0,,public,ordinary
胖胖莎莎撕撕都是心头肉,1,0,0,,public,ordinary
胡壹刀5298,1,0,0,,public,ordinary
胡彦评2,3,0,0,,public,ordinary
胡萝卜萝胡_,1,0,0,,public,ordinary
胥荣东主任医师,1,0,0,,public,ordinary
能信就管,3,0,0,,public,ordinary
能干漂亮小乖吕,1,0,0,,public,ordinary
脆皮手枪腿永远OK,1,0,0,,public,ordinary
脆香黑皮猫饭,1,0,0,,public,ordinary
脸丑心灰肺黑体肥,1,0,0,,public,ordinary
腊月二十九不是年年有,1,0,0,,public,ordinary
腰呀细呀细,1,0,0,,public,ordinary
腾跃黑马,1,0,0,,public,ordinary
自在無為_,1,0,0,,public,ordinary
自媒体是自媒体,1,0,0,,public,ordinary
自然疗法鲍建宏,1,0,0,,public,ordinary
自由自在的上官真韵,2,0,0,,public,ordinary
自种天然,1,0,0,,public,ordinary
自顾自地散步去了,1,0,0,,public,ordinary
至深至淳,1,0,0,,public,ordinary
致以光辉的人,1,0,0,,public,ordinary
舒服自由人,1,0,0,,public,ordinary
舜禹2001,2,0,0,,public,ordinary
舞榭孤笛剩离歌,1,0,0,,public,ordinary
般诺菠萝蜜心经,2,0,0,,other,ordinary
良君记事,1,0,0,,public,ordinary
艺术家小荷,1,0,0,,public,ordinary
艾佳ay,1,0,0,,public,ordinary
艾利克斯喵,1,0,0,,public,ordinary
艾叶薄荷盐水森林,1,0,0,,public,ordinary
艾帕索,1,0,0,,public,ordinary
芈芈盟-著名掉凳儿表演艺术家,1,0,0,,public,ordinary
芊儿,1,0,0,,public,ordinary
芋圆大富翁,1,0,0,,public,ordinary
芋头微波,2,0,0,,public,ordinary
芋泥米包配奶油培根意面,1,0,0,,public,ordinary
芝士加倍吖,2,0,0,,public,ordinary
芭蕉根03,1,0,0,,public,ordinary
花--开一季,1,0,0,,public,ordinary
花嘟嘟bing,1,0,0,,public,ordinary
花园里有佩7,2,0,0,,wemedia,wemedia
花开要战胜拖延症,2,0,0,,public,ordinary
花月-2008,1,0,0,,public,ordinary
花果山上的琉琲,1,0,0,,public,ordinary
花样馨蕊,2,0,0,,public,ordinary
花生要搓皮,1,0,0,,public,ordinary
芳孩-想去有风的地方玩,2,0,0,,public,ordinary
芳菲7989,1,0,0,,public,ordinary
芸爷,1,0,0,,public,ordinary
芹菜加萝卜,5,0,0,,public,ordinary
苇花深处睡秋声,1,0,0,,public,ordinary
苍天在上天A,1,0,0,,public,ordinary
苍白的马勒基,1,0,0,,public,ordinary
苍白色的手,1,0,0,,public,ordinary
苍茫大地一凡人,2,0,0,,public,ordinary
苏一狗SusYiDog,1,0,0,,public,ordinary
苏南格林,3,0,0,,public,ordinary
苏尧的碎碎念,1,0,0,,public,ordinary
苏拉将,1,0,0,,public,ordinary
苏木京墨,2,0,0,,public,ordinary
苏瑾就是慕容芷,3,0,0,,public,ordinary
苏苏211211,1,0,0,,public,ordinary
苏苏_CarrieOn,1,0,0,,wemedia,wemedia
苏菲-听雪,1,0,0,,public,ordinary
苏轻言,1,0,0,,public,ordinary
苗勇-植苗者说,1,0,0,,public,ordinary
苗懂星球,1,0,0,,other,ordinary
苗苗和壮壮的粑粑,1,0,0,,public,ordinary
苟不李女士,1,0,0,,public,ordinary
苟日新时时好,1,0,0,,public,ordinary
若水钦,1,0,0,,public,ordinary
苦修百夜炼成球,1,0,0,,public,ordinary
苦味酸_X,3,0,0,,public,ordinary
苦杏仁,1,0,0,,public,ordinary
英定文,1,0,0,,wemedia,wemedia
英语翻译Lucy,1,0,0,,public,ordinary
茁壮了点,1,0,0,,public,ordinary
茂林修竹哒,1,0,0,,public,ordinary
茉莉酥奶糖,1,0,0,,public,ordinary
茫茫Alice,3,0,0,,public,ordinary
茫茫雪海i日照金山,1,0,0,,public,ordinary
茶姐的茶1211,1,0,0,,public,ordinary
茶琉香,1,0,0,,public,ordinary
茶馆小厮-,1,0,0,,public,ordinary
草上飞舞csfw,1,0,0,,public,ordinary
草莓味的女孩宁宁,1,0,0,,wemedia,wemedia
草莓拧成面条lysate,1,0,0,,wemedia,wemedia
草角休骨,2,0,0,,public,ordinary
荒泷大B斗,1,0,0,,public,ordinary
荣荣酱快卖萌,1,0,0,,public,ordinary
药准时,1,0,0,,public,ordinary
荷包蛋儿和小姿玟,1,0,0,,public,ordinary
荷锄菜农,1,0,0,,public,ordinary
荷香淡淡_,1,0,0,,public,ordinary
莉雅Liaaaaa_,1,0,0,,public,ordinary
莎莎的藏金库,1,0,0,,wemedia,wemedia
莱嘉亿菜,1,0,0,,wemedia,wemedia
菁铮,1,0,0,,public,ordinary
菇子儿,2,0,0,,public,ordinary
菌野禾,1,0,0,,public,ordinary
菜吃吃何睡睡,1,0,0,,public,ordinary
菜猪肘肘,1,0,0,,public,ordinary
菜頭醬,1,0,0,,public,ordinary
菠萝小丸子啦,1,0,0,,public,ordinary
菥蓂苜蓿,1,0,0,,public,ordinary
菲乐儿6306470897,1,0,0,,public,ordinary
萌王蕾米莉亚,2,0,0,,public,ordinary
萌萌菌家的君主先生,1,0,0,,public,ordinary
萍乡广播电视报,1,0,0,,public,ordinary
萍踪寻影,1,0,0,,public,ordinary
萝卜呆呆微言,1,0,0,,public,ordinary
营养医师王兴国,1,0,0,,public,ordinary
营养师刘遂谦,1,0,0,,public,ordinary
萧暮云,2,0,0,,public,ordinary
萨扬娜拉anne,1,0,0,,public,ordinary
萨摩土豆猪受益者,1,0,0,,public,ordinary
萨雷安L房主黑仪,1,0,0,,public,ordinary
萱叔宝,6,0,0,,public,ordinary
落欣然,2,0,0,,public,ordinary
落莫concert2,1,0,0,,public,ordinary
葉禹瑶,1,0,0,,public,ordinary
葡萄偷玫瑰,1,0,0,,public,ordinary
葡萄气泡水aa,1,0,0,,public,ordinary
董小姐很酷,1,0,0,,public,ordinary
董藩,1,0,0,,wemedia,wemedia
葫芦娃机器猫,1,0,0,,public,ordinary
葵五月,1,0,0,,public,ordinary
蒋雍巴姆,6,0,0,,public,ordinary
蒙古前单,4,0,0,,public,ordinary
蒲江_水务,1,0,0,,other,ordinary
蒲江农业农村,1,0,0,,other,ordinary
蓝凝0925,1,0,0,,public,ordinary
蓝天2285343111,1,0,0,,public,ordinary
蓝天_无垠,1,0,0,,public,ordinary
蓝天下的纪念碑,1,0,0,,public,ordinary
蓝星圣母守护兔,1,0,0,,public,ordinary
蓝色幻象,4,0,0,,public,ordinary
蓝色毛毯和猫,1,0,0,,public,ordinary
蓦一默,1,0,0,,public,ordinary
蓬生麻中-不扶自直,2,0,0,,public,ordinary
蔚然熏风,1,0,0,,public,ordinary
蔺相如相如,1,0,0,,public,ordinary
蕾儿洋,2,0,0,,public,ordinary
薄荷路路上,1,0,0,,public,ordinary
薄酔拂朱颜,1,0,0,,public,ordinary
薇笙苏8咖啡喵,1,0,0,,public,ordinary
薏米24plus,1,0,0,,public,ordinary
薛定饿hhh,1,0,0,,other,ordinary
薯条烩面,1,0,0,,public,ordinary
薰衣草白韩,1,0,0,,public,ordinary
藏小狐,1,0,0,,public,ordinary
藏羚羊,2,0,0,,public,ordinary
藥師码字速度重修中,1,0,0,,public,ordinary
蘸盐,2,0,0,,public,ordinary
虎焰猫猫,2,0,0,,public,ordinary
虎葵Hug,2,0,0,,public,ordinary
虚实畛域,4,0,0,,public,ordinary
虫虫同学,1,0,0,,public,ordinary
虹玲h,1,0,0,,public,ordinary
虽很醚无可弃,1,0,0,,public,ordinary
虾包,1,0,0,,wemedia,wemedia
虾皮蟹盖,1,0,0,,public,ordinary
虾米炖白菜er,1,0,0,,public,ordinary
蚌壳人,1,0,0,,public,ordinary
蛇莓金,1,0,0,,public,ordinary
蛋糕举栗子,1,0,0,,public,ordinary
蛋黄粽子零号,1,0,0,,public,ordinary
蛋黄酥饼Y,1,0,0,,public,ordinary
蛋黄酱三明治我最爱食3,1,0,0,,public,ordinary
蜀中泡泡唐,1,0,0,,public,ordinary
蜂鸟C,2,0,0,,public,ordinary
蜘蛛蛛在织网,1,0,0,,public,ordinary
蜜豆豆Oooh,1,0,0,,public,ordinary
蜡笔咔咔一,1,0,0,,public,ordinary
蝈蝈小灿,1,0,0,,public,ordinary
蝉layaaaa,2,0,0,,public,ordinary
蝉噪鸟鸣112,1,0,0,,public,ordinary
蝌蚪小小011,1,0,0,,public,ordinary
蝶清之翼,1,0,0,,wemedia,wemedia
螃蟹洞主,1,0,0,,public,ordinary
蟠桃桂栀,1,0,0,,public,ordinary
蟹武大D,2,0,0,,public,ordinary
血樱vs千樱,1,0,0,,public,ordinary
血液科周医生,1,0,0,,wemedia,wemedia
行云如故,3,0,0,,public,ordinary
行动流水_72845,1,0,0,,public,ordinary
行者0228,1,0,0,,wemedia,wemedia
行行摄摄_依然在路上,2,0,0,,wemedia,wemedia
被和谐的灵感,1,0,0,,public,ordinary
装点此关山9,1,0,0,,public,ordinary
襄阳人家2015,1,0,0,,public,ordinary
西伯利亚泰加林,1,0,0,,public,ordinary
西六级小飞侠,1,0,0,,public,ordinary
西凉河的陈小姨,1,0,0,,public,ordinary
西南居士,1,0,0,,public,ordinary
西多士_k,1,0,0,,public,ordinary
西妮娜妮,1,0,0,,public,ordinary
西山居祝我脱非入欧出绝世,1,0,0,,public,ordinary
西星吾,3,0,0,,public,ordinary
西玻尔冬升,1,0,0,,public,ordinary
西瓜bernice,3,0,0,,public,ordinary
西药波波茶,1,0,0,,wemedia,wemedia
西风古道Monica,1,0,0,,public,ordinary
要事体额benbenben,1,0,0,,public,ordinary
要健康要努力,6,0,0,,public,ordinary
要像夏天一样漂亮,1,0,0,,public,ordinary
要永远年轻哈,1,0,0,,public,ordinary
要用咖啡来泡茶,1,0,0,,public,ordinary
要自律多看书,1,0,0,,public,ordinary
见日吹云,1,0,0,,public,ordinary
观察家家中观察,2,0,0,,public,ordinary
观谨,4,0,0,,public,ordinary
视知TV,1,0,0,,other,ordinary
解毒电影,1,0,0,,public,ordinary
許光融境,1,0,0,,public,ordinary
詹志斌同学,1,0,0,,public,ordinary
让懂王白等的人,1,0,0,,public,ordinary
让我吃麻薯,1,0,0,,public,ordinary
让正义休息一会,1,0,0,,public,ordinary
让谭司同先上,1,0,0,,public,ordinary
许住琪KiKi,1,0,0,,wemedia,wemedia
许超医生,1,0,0,,public,ordinary
评论小苔藓,2,0,0,,public,ordinary
评鉴指南,2,0,0,,public,ordinary
诊所是我家祖传的,1,0,0,,public,ordinary
诗悦Serena,1,0,0,,public,ordinary
诗梳风尽,1,0,0,,public,ordinary
诚玄,2,0,0,,public,ordinary
诛砂,5,0,0,,public,ordinary
说了又能做什么,1,0,0,,public,ordinary
说啥都好啦啦啦,1,0,0,,public,ordinary
说走就走的潇洒,1,0,0,,wemedia,wemedia
诶嘿sugar,1,0,0,,public,ordinary
请不要那么温柔呢,1,0,0,,public,ordinary
请叫我林三太子-,1,0,0,,public,ordinary
请问半个月亮多少钱,1,0,0,,public,ordinary
谁执丹青,1,0,0,,public,ordinary
谜之免女郎X,2,0,0,,public,ordinary
谢耳朵费曼森林,2,0,0,,public,ordinary
谭明旭_土卫九,1,0,0,,public,ordinary
谭红7928,1,0,0,,public,ordinary
谷子桃,1,0,0,,public,ordinary
豁达豁达的铅笔,1,0,0,,public,ordinary
豆个了豌,1,0,0,,public,ordinary
豆婶儿是只猫,3,0,0,,public,ordinary
豆毬,1,0,0,,public,ordinary
豆汁焦圈303,5,0,0,,public,ordinary
豆浆猴,1,0,0,,public,ordinary
豆豆的口水流下来了,5,0,0,,public,ordinary
豪蔓结绳,1,0,0,,public,ordinary
豫郑兴,1,0,0,,public,ordinary
貔貅趴枕,1,0,0,,wemedia,wemedia
贝壳螺旋,8,0,0,,public,ordinary
贝罗尼科技,1,0,0,,other,ordinary
财兜鱼,1,0,0,,public,ordinary
财八路来财,1,0,0,,public,ordinary
财文书,2,0,0,,public,ordinary
财晋厨神,1,0,0,,public,ordinary
财欢欢hh,1,0,0,,wemedia,wemedia
财源广进看剧娱乐,1,0,0,,public,ordinary
财皮皮呀,1,0,0,,wemedia,wemedia
财神爷的独生女6688,1,0,0,,public,ordinary
财经洞察2025,1,0,0,,wemedia,wemedia
财经洞察2060,2,0,0,,public,ordinary
财老陈,1,0,0,,public,ordinary
财肥妹,1,0,0,,public,ordinary
财言言宝妈,1,0,0,,public,ordinary
财运无限,1,0,0,,public,ordinary
财遇见66,1,0,0,,public,ordinary
财都多,1,0,0,,public,ordinary
财黄999金,1,0,0,,public,ordinary
财黎黎呀,2,0,0,,public,ordinary
贴贴南农,1,0,0,,public,ordinary
贾林州大河之南,1,0,0,,public,ordinary
赐我明月,1,0,0,,wemedia,wemedia
赛博食导,1,0,0,,public,ordinary
赤井羚_新本准备中,1,0,0,,public,ordinary
赤胆忠心Moss酱,8,0,0,,public,ordinary
走在乡间的村道上,1,0,0,,public,ordinary
走在深圳的小路上,1,0,0,,public,ordinary
走属于自己的路517,2,0,0,,public,ordinary
走近椰汁堡,1,0,0,,public,ordinary
走进围城的兔子,1,0,0,,public,ordinary
走马朝来,1,0,0,,public,ordinary
赵子云龙913,1,0,0,,wemedia,wemedia
赵岗,1,0,0,,public,ordinary
赵盛烨,2,0,0,,public,ordinary
起个不重的名888,1,0,0,,public,ordinary
起床了锐锐,1,0,0,,public,ordinary
起歌隆棟强,1,0,0,,public,ordinary
超仁菜,1,0,0,,public,ordinary
超无语哼,1,0,0,,public,ordinary
超级奶_,1,0,0,,public,ordinary
超级猪猪球,5,0,0,,public,ordinary
越来越可爱自信温暖,1,0,0,,public,ordinary
越洲yuezhou,1,0,0,,public,ordinary
跟软妹无关但是住在s星,1,0,0,,public,ordinary
跨境Reese,1,0,0,,public,ordinary
跪式服务打工人,1,0,0,,public,ordinary
路人丁开挖掘机,3,0,0,,public,ordinary
路人本路吃瓜专用小号,1,0,0,,public,ordinary
路德维稀van贝多芬,1,0,0,,public,ordinary
路志刚上海,1,0,0,,public,ordinary
踏雪凌寒,1,0,0,,public,ordinary
踏雪小黄,1,0,0,,public,ordinary
踢皮球球皮踢,1,0,0,,public,ordinary
踩财蔡,1,0,0,,public,ordinary
蹉跎成丑女Always,1,0,0,,public,ordinary
蹲在街角狂笑,2,0,0,,public,ordinary
躁动的永泽君,1,0,0,,public,ordinary
躲雨dy,1,0,0,,public,ordinary
躺平的有机后浪,1,0,0,,public,ordinary
车厂不阳人,3,0,0,,public,ordinary
车里雅宾斯克流星雨,1,0,0,,public,ordinary
轨道君德国影分身,1,0,0,,public,ordinary
轩少恕末将甲胄在身不能施以全礼,1,0,0,,wemedia,wemedia
轩辕剑新木屋,1,0,0,,public,ordinary
轩辕小泽,2,0,0,,public,ordinary
转吖转吖转个圈儿,1,0,0,,public,ordinary
软件教书匠金旭亮,1,0,0,,public,ordinary
轻吻月之两半,2,0,0,,wemedia,wemedia
轻罗小扇扑流萤_呐,1,0,0,,public,ordinary
辛巴爸_,3,0,0,,public,ordinary
辛金伴月,1,0,0,,public,ordinary
辣个小熊,1,0,0,,public,ordinary
辣炒肉丁,1,0,0,,public,ordinary
辣酱萌多,1,0,0,,public,ordinary
辩证矛盾体,3,0,0,,public,ordinary
辽阔草原锡林郭勒,1,0,0,,public,ordinary
达子_123,1,0,0,,public,ordinary
达棍香蕉棒,6,0,0,,public,ordinary
达芬奇的鸡蛋,1,0,0,,public,ordinary
迈克极品狼,1,0,0,,public,ordinary
运神食的乐快,2,0,0,,public,ordinary
运输队长常凯申2,1,0,0,,public,ordinary
近卫步兵师,16,0,0,,public,ordinary
还是你们的瓜总呀,2,0,0,,public,ordinary
还没想好想用的ID,1,0,0,,public,ordinary
这可怎么办是好啊,1,0,0,,public,ordinary
这名字也太太太太太难起了,3,0,0,,public,ordinary
这得有多大仇,16,0,0,,public,ordinary
这登西太过破烂店家不收,1,0,0,,wemedia,wemedia
这辈子不想再熬夜,1,0,0,,public,ordinary
这里有读,1,0,0,,public,ordinary
远山柳刘啊呀呀,1,0,0,,public,ordinary
远赴人间惊鸿M,1,0,0,,public,ordinary
迟夙生律师,1,0,0,,public,ordinary
迪拜中阿卫视,2,0,0,,public,ordinary
迷上馒头人,1,0,0,,public,ordinary
迷你陆行鸟,2,0,0,,public,ordinary
迷惑沙雕bot,1,0,0,,public,ordinary
迷路的王王月,1,0,0,,public,ordinary
迷迷瞪瞪不太好,5,0,0,,public,ordinary
追光之风-DreamChaser,1,0,0,,public,ordinary
追寻202004,2,0,0,,public,ordinary
追梦大侠一只龙,1,0,0,,public,ordinary
退伍小兵哥哥,1,0,0,,public,ordinary
逆袭的迪兰达尔,1,0,0,,public,ordinary
选择中医__董洪涛,1,0,0,,public,ordinary
逍遙自在_蘇,1,0,0,,public,ordinary
逍遥自在投资,1,0,0,,public,ordinary
透明的水重生了,1,0,0,,public,ordinary
通辽可汗大人帐下N品小学学士,7,0,0,,public,ordinary
逸龙阁2,1,0,0,,public,ordinary
逻辑中医和相帝护肤,1,0,0,,public,ordinary
遇水04,1,0,0,,public,ordinary
遇见DOKIE,1,0,0,,public,ordinary
遇见yh151,1,0,0,,wemedia,wemedia
遇见更好的自己ZG,2,0,0,,public,ordinary
遊_小培,3,0,0,,public,ordinary
道佛与魔不两立,1,0,0,,public,ordinary
道山上的小修女,1,0,0,,public,ordinary
道理不深言语多,1,0,0,,public,ordinary
遥遥猫,1,0,0,,public,ordinary
邓氏十三脉创始医学,2,0,0,,public,ordinary
那不勒斯乌冬面,1,0,0,,public,ordinary
那年de晓雪初晴,1,0,0,,wemedia,wemedia
那年冬天的小長腿,1,0,0,,public,ordinary
那谁某某人,1,0,0,,public,ordinary
那鱼还活着吗,1,0,0,,public,ordinary
那麻里里二代,2,0,0,,public,ordinary
邱烈泽寻药记,1,0,0,,wemedia,wemedia
邱雅妍Ken,1,0,0,,public,ordinary
邹以默,1,0,0,,public,ordinary
邹健论道,1,0,0,,public,ordinary
郑79-虎,3,0,0,,public,ordinary
郑恳恳,2,0,0,,public,ordinary
郑昀,1,0,0,,wemedia,wemedia
郑电翌晨,1,0,0,,wemedia,wemedia
郑说呼吸,1,0,0,,public,ordinary
郝国中杂谈,1,0,0,,wemedia,wemedia
郫县在逃豆瓣酱,1,0,0,,public,ordinary
酋长球场的正机之神,1,0,0,,public,ordinary
酒徒am37,1,0,0,,wemedia,wemedia
酒心糖的小岛,1,0,0,,public,ordinary
酒窝团子_,1,0,0,,public,ordinary
酒酱紫,2,0,0,,wemedia,wemedia
酒酿智子,1,0,0,,public,ordinary
酒酿栗子球,1,0,0,,public,ordinary
酒醒有星陪吖,1,0,0,,public,ordinary
酱大娘,2,0,0,,public,ordinary
酷厨房家电主编刘明,1,0,0,,wemedia,wemedia
酷芭碧,1,0,0,,public,ordinary
酸菜冻豆腐炖棒骨,1,0,0,,public,ordinary
醉__蝶梦庄生,1,0,0,,public,ordinary
醉胆孤峰,2,0,0,,public,ordinary
采菊东篱下-jn,1,0,0,,public,ordinary
里奥哟西yaoxi,1,0,0,,public,ordinary
重庆人秦豪,1,0,0,,public,ordinary
重庆南岸李华兰,1,0,0,,public,ordinary
重庆舒忠余奇案,1,0,0,,public,ordinary
重庆舒忠余窝案,1,0,0,,public,ordinary
重庆荣昌舒跃连,1,0,0,,public,ordinary
重拾o未来,1,0,0,,public,ordinary
重生之殖物鲨手,1,0,0,,public,ordinary
重生字幕组,8,0,0,,public,ordinary
重生的一朵柳絮2001,2,0,0,,public,ordinary
野人yaruki,1,0,0,,public,ordinary
野花有毒2005_,1,0,0,,public,ordinary
野草千里500km,1,0,0,,public,ordinary
金刀王,1,0,0,,public,ordinary
金华磊哥,1,0,0,,public,ordinary
金娅丽2,1,0,0,,public,ordinary
金得月,2,0,0,,public,ordinary
金水3141,2,0,0,,public,ordinary
金点子谭,1,0,0,,public,ordinary
金牌叉烧猪,1,0,0,,public,ordinary
金粉洒家,1,0,0,,public,ordinary
金色城堡520,1,0,0,,public,ordinary
金蛇狂舞迎新年,1,0,0,,public,ordinary
金针菇杏鲍菇都是蘑菇呀,1,0,0,,public,ordinary
金陵上空的鹰,1,0,0,,public,ordinary
针灸匠张宝旬,1,0,0,,public,ordinary
钢七连的高老七,1,0,0,,public,ordinary
钢铁土豆,2,0,0,,public,ordinary
钦念以忱_pro,1,0,0,,public,ordinary
钧泽--,1,0,0,,public,ordinary
钮祜禄绿大哥-超级全满贯版,1,0,0,,public,ordinary
钮钴禄氏沈1川,1,0,0,,public,ordinary
钱包相当陈,1,0,0,,public,ordinary
钱栩溪_,1,0,0,,public,ordinary
铁桶人311,1,0,0,,public,ordinary
铃22响叮当,1,0,0,,public,ordinary
铲一块老婆饼778,1,0,0,,public,ordinary
银卓金融YZ银卓法律,1,0,0,,other,ordinary
链涟-初心,1,0,0,,public,ordinary
锐眼王鑫,1,0,0,,wemedia,wemedia
锡安-仙,1,0,0,,public,ordinary
锦衣夜行,1,0,0,,public,ordinary
镁基夜师傅,2,0,0,,public,ordinary
镜舞,1,0,0,,public,ordinary
长不高的霍顿,1,0,0,,public,ordinary
长余量化投资-个人投资者,1,0,0,,public,ordinary
长安卧龙V,1,0,0,,public,ordinary
长投复利,1,0,0,,public,ordinary
长湖地标史矛革,1,0,0,,public,ordinary
长白山大秃狗熊,1,0,0,,public,ordinary
长空看本质-众生好妒见不得第一,1,0,0,,public,ordinary
长致九溪云听断,1,0,0,,public,ordinary
长虫山传承经方,1,0,0,,public,ordinary
长袜子皮皮优,1,0,0,,public,ordinary
长风雁云,1,0,0,,public,ordinary
闫大夫聊肝病,1,0,0,,public,ordinary
闫锐利,1,0,0,,public,ordinary
问道055,1,0,0,,public,ordinary
闲人二师兄,2,0,0,,public,ordinary
闲婷望云舒,1,0,0,,public,ordinary
闲盐颗粒,2,0,0,,public,ordinary
闲闲e色,5,0,0,,public,ordinary
闹可闹非常闹,1,0,0,,public,ordinary
防疫拉满的厂长,7,0,0,,public,ordinary
阳光不在吃饭,1,0,0,,public,ordinary
阳光开心的福娃,1,0,0,,public,ordinary
阳光枫叶V5,3,0,0,,public,ordinary
阵风反导数印空,1,0,0,,public,ordinary
阿bou,1,0,0,,public,ordinary
阿克西斯新吉恩,5,0,0,,public,ordinary
阿剑69837,1,0,0,,public,ordinary
阿南YJ,1,0,0,,public,ordinary
阿卡的退休生活,3,0,0,,public,ordinary
阿司匹林42195米,2,0,0,,public,ordinary
阿吾傍海而居,1,0,0,,public,ordinary
阿喜财来,1,0,0,,public,ordinary
阿喵的终极定理,1,0,0,,public,ordinary
阿囡爷叔,1,0,0,,public,ordinary
阿奔-吃了吗您,2,0,0,,public,ordinary
阿德利q鹅,1,0,0,,public,ordinary
阿断断,1,0,0,,public,ordinary
阿来的杜宾,1,0,0,,public,ordinary
阿桔qwj,1,0,0,,public,ordinary
阿油蹦,1,0,0,,public,ordinary
阿添要变强,1,0,0,,public,ordinary
阿澄正在外面耍,4,0,0,,public,ordinary
阿狸阿狸2023,1,0,0,,public,ordinary
阿瑶酱的蹦迪场,1,0,0,,public,ordinary
阿纳贝尔-卡托,1,0,0,,public,ordinary
阿萌Mia,1,0,0,,public,ordinary
阿衡的宅基地,1,0,0,,public,ordinary
阿衰灬你好,1,0,0,,public,ordinary
阿财最新BMI22,1,0,0,,public,ordinary
阿贤upup,1,0,0,,public,ordinary
阿通_Vichean_,1,0,0,,public,ordinary
阿里斯底波-Aristippus,2,0,0,,public,ordinary
阿香香香香香香香香香香,1,0,0,,public,ordinary
陀螺不自转,6,0,0,,public,ordinary
陆月樱正在码字中,2,0,0,,public,ordinary
陆梦羽-小豆蔻健康科技,1,0,0,,public,ordinary
陆轻岚,2,0,0,,public,ordinary
陆魂688,2,0,0,,public,ordinary
陈如是说,1,0,0,,public,ordinary
陈年菜园小饼,1,0,0,,public,ordinary
陈思进,1,0,0,,public,ordinary
陈换章,1,0,0,,public,ordinary
陈晓用户5200563396,1,0,0,,public,ordinary
陈梦吟2011,1,0,0,,public,ordinary
陈流长,1,0,0,,public,ordinary
陈灵伟,1,0,0,,wemedia,wemedia
陈皮鲸鱼丸儿,1,0,0,,public,ordinary
陈皮麦冬百合饮,1,0,0,,public,ordinary
陈绪凯的窝,1,0,0,,public,ordinary
陈超军,1,0,0,,public,ordinary
陌花辞,1,0,0,,public,ordinary
陕西德盛传媒,1,0,0,,other,ordinary
陨石之谜123,1,0,0,,public,ordinary
陶公克莱因蓝,1,0,0,,public,ordinary
陶唐中医TaotangTCM,1,0,0,,public,ordinary
陶朗歌,1,0,0,,public,ordinary
陸有希-,1,0,0,,public,ordinary
随园随风,2,0,0,,public,ordinary
随意不随便aetly,1,0,0,,public,ordinary
随波逐流的沉默的号,1,0,0,,public,ordinary
随缘度世林一生,7,0,0,,public,ordinary
随风9090,1,0,0,,public,ordinary
隐默_32238,1,0,0,,public,ordinary
雀仔跌落西湖水,1,0,0,,public,ordinary
雁行tranty,1,0,0,,public,ordinary
雄师哥镜头,1,0,0,,wemedia,wemedia
雅妮雯妮佳凯LOVE,1,0,0,,public,ordinary
雞毛反擊,1,0,0,,public,ordinary
雨中看江,2,0,0,,wemedia,wemedia
雨僮雨僮,1,0,0,,public,ordinary
雨墨灵绯,1,0,0,,public,ordinary
雨声渐响,3,0,0,,public,ordinary
雨宫木二,1,0,0,,public,ordinary
雨山-hk,1,0,0,,public,ordinary
雨甜妮妮,2,0,0,,public,ordinary
雨雪霏霏然,2,0,0,,public,ordinary
雪儿妹妮_1906,1,0,0,,public,ordinary
雪剑霏花,3,0,0,,public,ordinary
雪清晨,2,0,0,,public,ordinary
雪纸_Lust,1,0,0,,public,ordinary
雪莉的发夹,2,0,0,,public,ordinary
雷神之锤1995,1,0,0,,public,ordinary
雾隐新风,1,0,0,,public,ordinary
霂Afrit,1,0,0,,public,ordinary
霄丸童,1,0,0,,public,ordinary
震耳欲聋的寂静99,1,0,0,,public,ordinary
霍小兵,1,0,0,,public,ordinary
霍春山,1,0,0,,public,ordinary
霖澍,1,0,0,,public,ordinary
露珠马甲要转正,1,0,0,,public,ordinary
露西的来信,1,0,0,,public,ordinary
青尘财经,1,0,0,,wemedia,wemedia
青山刚昌快完结,2,0,0,,public,ordinary
青岛郑浩,2,0,0,,public,ordinary
青春少年是样样红_52376,1,0,0,,public,ordinary
青春的凯文-风前不让一寸弯,1,0,0,,public,ordinary
青梅,2,0,0,,wemedia,wemedia
青砖猫印啊,2,0,0,,public,ordinary
青葱源木,2,0,0,,public,ordinary
青谷幽兰,3,0,0,,public,ordinary
青雨绵绵叙静文,1,0,0,,public,ordinary
青青小莲蓬,1,0,0,,public,ordinary
青青草原野羊,1,0,0,,public,ordinary
青鸟桐花,1,0,0,,public,ordinary
青龙针客,1,0,0,,public,ordinary
靓茶咖啡,1,0,0,,public,ordinary
静z慧,1,0,0,,public,ordinary
静定余,1,0,0,,public,ordinary
静待花开终有时--,1,0,0,,public,ordinary
静文TANG,1,0,0,,public,ordinary
静水流深_188,1,0,0,,public,ordinary
静观朝槿Jennifer,1,0,0,,public,ordinary
非予,1,0,0,,public,ordinary
非必要不上头,1,0,0,,public,ordinary
面向对象的程序设计,1,0,0,,public,ordinary
靳水楼台-JD,1,0,0,,wemedia,wemedia
韦观Leo,1,0,0,,public,ordinary
韩少坤生命论,1,0,0,,public,ordinary
韩建鵬醫生,1,0,0,,public,ordinary
音乐高屹,3,0,0,,wemedia,wemedia
音容宛在的肥佬,1,0,0,,public,ordinary
韵之Lili,2,0,0,,public,ordinary
韵墨R,1,0,0,,public,ordinary
韶苡TvT,1,0,0,,public,ordinary
顶着原宿脸de英伦古着控,2,0,0,,public,ordinary
顶级平旻,3,0,0,,public,ordinary
顺其自然_heart,1,0,0,,public,ordinary
顺成和,2,0,0,,public,ordinary
顺手牵杨扬,4,0,0,,public,ordinary
须臾流,1,0,0,,public,ordinary
顾彦城你在哪里,1,0,0,,public,ordinary
顾盼生你,1,0,0,,public,ordinary
顾良逢,1,0,0,,public,ordinary
领事闲谈,1,0,0,,public,ordinary
風氵睪樹,1,0,0,,public,ordinary
风中没有承诺VI,1,0,0,,public,ordinary
风云梦远,1,0,0,,public,ordinary
风儿1971,1,0,0,,public,ordinary
风吹我上九霄云明明如月,2,0,0,,public,ordinary
风吹过田野62,1,0,0,,public,ordinary
风吹铃冬,1,0,0,,public,ordinary
风太皞,1,0,0,,public,ordinary
风来了我们会好吗,1,0,0,,public,ordinary
风湿免疫科罗徐医生,1,0,0,,wemedia,wemedia
风的故事在哪里,2,0,0,,public,ordinary
风美儿,1,0,0,,public,ordinary
风舞_涟漪,2,0,0,,public,ordinary
风舞弦殇,1,0,0,,public,ordinary
风起998,1,0,0,,public,ordinary
风轻云淡131313,1,0,0,,public,ordinary
风过花飘,3,0,0,,public,ordinary
飒死一per肉绒卷,1,0,0,,public,ordinary
飞向人马座的东东,3,0,0,,public,ordinary
飞天菜菜猫,2,0,0,,public,ordinary
飞将出祁连,1,0,0,,public,ordinary
飞扬南石,1,0,0,,public,ordinary
飞羽的领域,1,0,0,,public,ordinary
飞翔_paul,1,0,0,,public,ordinary
飞翔de波波七,2,0,0,,public,ordinary
飞花_四月,2,0,0,,public,ordinary
飞跃时光之迷,1,0,0,,public,ordinary
飞鱼佳儿,2,0,0,,public,ordinary
飞龙中医,5,0,0,,public,ordinary
食莲花叶,1,0,0,,public,ordinary
餐风饮露没有钱,3,0,0,,public,ordinary
饥崽,1,0,0,,public,ordinary
饭小毛爷,1,0,0,,public,ordinary
饮灯-,1,0,0,,public,ordinary
饼圈瞎逼评,1,0,0,,public,ordinary
首都医科大学学生会,1,0,0,,other,ordinary
香橙爱米花,1,0,0,,public,ordinary
香泉佳茗,1,0,0,,public,ordinary
香港的谭叔,1,0,0,,public,ordinary
香草OvO,2,0,0,,public,ordinary
香草咖啡来点糖,1,0,0,,public,ordinary
香菜园Q园长,1,0,0,,public,ordinary
香锅火锅酸菜鱼,2,0,0,,public,ordinary
馬鹿雑魚,1,0,0,,public,ordinary
駄洒落,1,0,0,,public,ordinary
马克点灯,1,0,0,,public,ordinary
马思特99,2,0,0,,public,ordinary
马果是Mako本人,1,0,0,,public,ordinary
马格纳猪_Tsui,1,0,0,,public,ordinary
骊龙之师后援,1,0,0,,public,ordinary
骑着最爱的单车,1,0,0,,public,ordinary
骡木木,1,0,0,,public,ordinary
骨烣应该撒进海里,1,0,0,,public,ordinary
高15个妞妞球,1,0,0,,public,ordinary
高冷冲浪小妹,1,0,0,,public,ordinary
高冷攻城狮,1,0,0,,public,ordinary
高小猫001,1,0,0,,public,ordinary
高山自在树,1,0,0,,public,ordinary
高山长青涧水蓝,1,0,0,,public,ordinary
高春梅的天空,1,0,0,,public,ordinary
高景景,1,0,0,,public,ordinary
高橋千夏丶,1,0,0,,public,ordinary
高熊律狂睡黑历史冬亚,1,0,0,,public,ordinary
高牛奶_Milkko,1,0,0,,wemedia,wemedia
高碑店戴尔金钻店,1,0,0,,public,ordinary
高飞阿爷,2,0,0,,public,ordinary
魑魅魍魉坏脾气,3,0,0,,public,ordinary
魔改小道长MolderWang,1,0,0,,public,ordinary
魔法少年Reisi,2,0,0,,public,ordinary
魔法草莓嘉嘉子,1,0,0,,public,ordinary
魔都乡下人佩恩,1,0,0,,public,ordinary
魚丸果HQ,1,0,0,,public,ordinary
魚尛茜,1,0,0,,public,ordinary
魚有个喵叫queen,1,0,0,,public,ordinary
鱼冲冲不嗜甜,1,0,0,,public,ordinary
鱼冻冻不想动,2,0,0,,public,ordinary
鱼在壶里游啊游,1,0,0,,public,ordinary
鱼子不月半,1,0,0,,public,ordinary
鱼粽粽,1,0,0,,public,ordinary
鲁艺兵,1,0,0,,public,ordinary
鲁鲁Dante,1,0,0,,public,ordinary
鲜猪鱼我所欲也,1,0,0,,public,ordinary
鲷鱼烧就要红豆味,1,0,0,,public,ordinary
鳗子子,1,0,0,,public,ordinary
鸢鸢衔春枝,1,0,0,,public,ordinary
鸭嘛拓喏哦偌吃,2,0,0,,public,ordinary
鸿运当头照花儿对我笑55,1,0,0,,public,ordinary
鹅宝被擒,1,0,0,,public,ordinary
鹰击8000里,3,0,0,,public,ordinary
鹿角胁立兜,1,0,0,,public,ordinary
鹿野精灵,1,0,0,,public,ordinary
鹿鹿子护卫,2,0,0,,public,ordinary
麦兜和麦片,1,0,0,,public,ordinary
麦叶青Ta,1,0,0,,public,ordinary
麦芒咕咕,1,0,0,,public,ordinary
麦香鱼阳光橙7,1,0,0,,public,ordinary
黄初八年,1,0,0,,public,ordinary
黄斌,1,0,0,,public,ordinary
黄毛女人备忘录,1,0,0,,public,ordinary
黄瓜牌莫也BAKUYA,1,0,0,,public,ordinary
黄葵红锦墨旱莲,3,0,0,,public,ordinary
黄虫单,1,0,0,,public,ordinary
黄道带1977,1,0,0,,public,ordinary
黄鳝还记得那夏雨荷畔的大明湖吗,2,0,0,,public,ordinary
黎明调频,1,0,0,,public,ordinary
黏糊糊的土豆泥,2,0,0,,public,ordinary
黑乎乎是我,1,0,0,,public,ordinary
黑人cccp二号,3,0,0,,public,ordinary
黑厮铁牛,1,0,0,,public,ordinary
黑夜让我安眠,1,0,0,,public,ordinary
黑夜里的泽农,1,0,0,,public,ordinary
黑暗中的徘徊,2,0,0,,public,ordinary
黑木南极,1,0,0,,public,ordinary
黑木河,1,0,0,,public,ordinary
黑泥盒子,1,0,0,,public,ordinary
黑潮君,1,0,0,,public,ordinary
黑狗_其实并不很黑,1,0,0,,public,ordinary
黑目黠戛斯,1,0,0,,public,ordinary
黑糖布丁猫,1,0,0,,public,ordinary
黑鲨911,4,0,0,,public,ordinary
黑黑是只喵呀,1,0,0,,public,ordinary
默默大黄猫,1,0,0,,public,ordinary
黛崴17,1,0,0,,public,ordinary
鼠鼠的三楼实验室,3,0,0,,public,ordinary
龙哥数学之旅,1,0,0,,public,ordinary
龙山懂王,1,0,0,,public,ordinary
龙瑞见观天下,1,0,0,,wemedia,wemedia
龙米奇,1,0,0,,public,ordinary
龙行龘龘龙行龘龘龘龘,1,0,0,,public,ordinary
龙龙今天背黑锅了没有,1,0,0,,public,ordinary
龙龙那么可爱,1,0,0,,public,ordinary
龚喆-andy,1,0,0,,public,ordinary
龚霞HD,1,0,0,,public,ordinary
龜龜龜3999,1,0,0,,public,ordinary
