user_name,prev_time,curr_time,transition,next_state,mainstream_risk_ratio,wemedia_risk_ratio,n_mainstream_target_posts_observed,n_wemedia_target_posts_observed,n_mainstream_targets_observed,n_wemedia_targets_observed,gap_days,time_fe,n_posts,n_total_interactions,active_days,z_n_total_interactions,z_active_days,z_n_posts,z_gap_days
123和雅音,2023-02-20 07:05:00,2023-02-20 07:25:00,H->H,H,,,0,0,0,0,0.013888888888888888,2023Q1,2,3,1,-1.2590887384128147,-1.415590244095215,-1.369570766417056,-0.9333057871398426
MaoTaiPianzhi茅台片仔癀,2023-04-10 11:27:00,2023-04-17 06:44:00,M->L,L,0.5,,2,0,1,0,6.803472222222222,2023Q2,60,80,39,-0.18281782466797336,-0.9874715240073229,-0.9145351913013716,2.8761825063584117
MaoTaiPianzhi茅台片仔癀,2023-07-18 07:16:00,2023-07-18 07:17:00,H->L,L,,,0,0,0,0,0.0006944444444444445,2023Q3,60,80,39,-0.18281782466797336,-0.9874715240073229,-0.9145351913013716,-0.9407089044126733
MaoTaiPianzhi茅台片仔癀,2023-07-18 07:17:00,2023-07-18 10:54:00,L->L,L,,,0,0,0,0,0.15069444444444444,2023Q3,60,80,39,-0.18281782466797336,-0.9874715240073229,-0.9145351913013716,-0.8565471501531231
MaoTaiPianzhi茅台片仔癀,2023-07-18 10:54:00,2023-07-19 09:40:00,L->M,M,,,0,0,0,0,0.9486111111111111,2023Q3,60,80,39,-0.18281782466797336,-0.9874715240073229,-0.9145351913013716,-0.40885337402245997
MaoTaiPianzhi茅台片仔癀,2023-07-19 09:40:00,2023-07-21 08:13:00,M->M,M,1.0,,1,0,1,0,1.9395833333333334,2023Q3,60,80,39,-0.18281782466797336,-0.9874715240073229,-0.9145351913013716,0.14715969694225406
MaoTaiPianzhi茅台片仔癀,2023-07-21 08:13:00,2023-07-21 08:13:00,M->H,H,,,0,0,0,0,0.0,2023Q3,60,80,39,-0.18281782466797336,-0.9874715240073229,-0.9145351913013716,-0.941098542163875
MaoTaiPianzhi茅台片仔癀,2023-07-21 08:13:00,2023-07-22 17:17:00,H->M,M,1.0,,1,0,1,0,1.3777777777777778,2023Q3,60,80,39,-0.18281782466797336,-0.9874715240073229,-0.9145351913013716,-0.16805724377985784
MaoTaiPianzhi茅台片仔癀,2023-07-22 17:17:00,2023-07-23 10:45:00,M->M,M,1.0,,1,0,1,0,0.7277777777777777,2023Q3,60,80,39,-0.18281782466797336,-0.9874715240073229,-0.9145351913013716,-0.5327581789045757
MaoTaiPianzhi茅台片仔癀,2023-07-23 10:45:00,2023-07-23 10:48:00,M->L,L,,,0,0,0,0,0.0020833333333333333,2023Q3,60,80,39,-0.18281782466797336,-0.9874715240073229,-0.9145351913013716,-0.9399296289102701
MaoTaiPianzhi茅台片仔癀,2023-07-23 10:48:00,2023-07-23 21:08:00,L->M,M,0.5,,2,0,1,0,0.4305555555555556,2023Q3,60,80,39,-0.18281782466797336,-0.9874715240073229,-0.9145351913013716,-0.6995231364188697
MaoTaiPianzhi茅台片仔癀,2023-07-23 21:08:00,2023-07-24 09:37:00,M->L,L,1.0,,1,0,1,0,0.5201388888888889,2023Q3,60,80,39,-0.18281782466797336,-0.9874715240073229,-0.9145351913013716,-0.6492598665138605
MaoTaiPianzhi茅台片仔癀,2023-07-24 09:37:00,2023-07-26 11:13:00,L->H,H,1.0,,1,0,1,0,2.066666666666667,2023Q3,60,80,39,-0.18281782466797336,-0.9874715240073229,-0.9145351913013716,0.21846340541215087
MaoTaiPianzhi茅台片仔癀,2023-07-26 11:13:00,2023-07-26 18:51:00,H->L,L,,,0,0,0,0,0.31805555555555554,2023Q3,60,80,39,-0.18281782466797336,-0.9874715240073229,-0.9145351913013716,-0.7626444521135324
MaoTaiPianzhi茅台片仔癀,2023-07-26 18:51:00,2023-07-27 09:04:00,L->M,M,,,0,0,0,0,0.5923611111111111,2023Q3,60,80,39,-0.18281782466797336,-0.9874715240073229,-0.9145351913013716,-0.6087375403888918
MaoTaiPianzhi茅台片仔癀,2023-07-27 09:04:00,2023-07-27 11:30:00,M->L,L,,,0,0,0,0,0.10138888888888889,2023Q3,60,80,39,-0.18281782466797336,-0.9874715240073229,-0.9145351913013716,-0.8842114304884382
MaoTaiPianzhi茅台片仔癀,2023-07-27 11:30:00,2023-07-28 05:23:00,L->M,M,,,0,0,0,0,0.7451388888888889,2023Q3,60,80,39,-0.18281782466797336,-0.9874715240073229,-0.9145351913013716,-0.523017235124535
MaoTaiPianzhi茅台片仔癀,2023-07-28 05:23:00,2023-07-28 05:43:00,M->M,M,,,0,0,0,0,0.013888888888888888,2023Q3,60,80,39,-0.18281782466797336,-0.9874715240073229,-0.9145351913013716,-0.9333057871398426
MaoTaiPianzhi茅台片仔癀,2023-07-28 05:43:00,2023-07-31 07:57:00,M->L,L,1.0,,3,0,1,0,3.0930555555555554,2023Q3,60,80,39,-0.18281782466797336,-0.9874715240073229,-0.9145351913013716,0.7943480016881473
MaoTaiPianzhi茅台片仔癀,2023-07-31 07:57:00,2023-07-31 17:19:00,L->L,L,,,0,0,0,0,0.3902777777777778,2023Q3,60,80,39,-0.18281782466797336,-0.9874715240073229,-0.9145351913013716,-0.7221221259885637
MaoTaiPianzhi茅台片仔癀,2023-07-31 17:19:00,2023-08-01 17:40:00,L->M,M,0.0,,1,0,1,0,1.0145833333333334,2023Q3,60,80,39,-0.18281782466797336,-0.9874715240073229,-0.9145351913013716,-0.3718377876583059
MaoTaiPianzhi茅台片仔癀,2023-08-01 17:40:00,2023-08-04 04:55:00,M->M,M,1.0,,2,0,1,0,2.46875,2023Q3,60,80,39,-0.18281782466797336,-0.9874715240073229,-0.9145351913013716,0.4440636633578896
MaoTaiPianzhi茅台片仔癀,2023-08-04 04:55:00,2023-08-04 07:34:00,M->M,M,,,0,0,0,0,0.11041666666666666,2023Q3,60,80,39,-0.18281782466797336,-0.9874715240073229,-0.9145351913013716,-0.8791461397228172
MaoTaiPianzhi茅台片仔癀,2023-08-04 07:34:00,2023-08-05 00:43:00,M->H,H,1.0,0.0,1,1,1,1,0.7145833333333333,2023Q3,60,80,39,-0.18281782466797336,-0.9874715240073229,-0.9145351913013716,-0.5401612961774064
MaoTaiPianzhi茅台片仔癀,2023-08-05 00:43:00,2023-08-05 19:09:00,H->L,L,1.0,,1,0,1,0,0.7680555555555556,2023Q3,60,80,39,-0.18281782466797336,-0.9874715240073229,-0.9145351913013716,-0.5101591893348816
MaoTaiPianzhi茅台片仔癀,2023-08-05 19:09:00,2023-08-06 00:51:00,L->M,M,1.0,,1,0,1,0,0.2375,2023Q3,60,80,39,-0.18281782466797336,-0.9874715240073229,-0.9145351913013716,-0.8078424312529204
MaoTaiPianzhi茅台片仔癀,2023-08-06 00:51:00,2023-08-06 00:51:00,M->H,H,,,0,0,0,0,0.0,2023Q3,60,80,39,-0.18281782466797336,-0.9874715240073229,-0.9145351913013716,-0.941098542163875
MaoTaiPianzhi茅台片仔癀,2023-08-06 00:51:00,2023-08-07 07:41:00,H->M,M,1.0,,2,0,1,0,1.2847222222222223,2023Q3,60,80,39,-0.18281782466797336,-0.9874715240073229,-0.9145351913013716,-0.22026870244087507
MaoTaiPianzhi茅台片仔癀,2023-08-07 07:41:00,2023-08-09 14:27:00,M->H,H,0.25,1.0,4,1,1,1,2.2819444444444446,2023Q3,60,80,39,-0.18281782466797336,-0.9874715240073229,-0.9145351913013716,0.3392511082846535
MaoTaiPianzhi茅台片仔癀,2023-08-09 14:27:00,2023-08-15 14:23:00,H->M,M,0.8888888888888888,1.0,9,4,1,1,5.997222222222222,2023Q3,60,80,39,-0.18281782466797336,-0.9874715240073229,-0.9145351913013716,2.4238130772133286
MaoTaiPianzhi茅台片仔癀,2023-08-15 14:23:00,2023-08-16 17:06:00,M->M,M,1.0,,1,0,1,0,1.1131944444444444,2023Q3,60,80,39,-0.18281782466797336,-0.9874715240073229,-0.9145351913013716,-0.3165092269876757
MaoTaiPianzhi茅台片仔癀,2023-08-16 17:06:00,2023-08-16 17:10:00,M->M,M,,,0,0,0,0,0.002777777777777778,2023Q3,60,80,39,-0.18281782466797336,-0.9874715240073229,-0.9145351913013716,-0.9395399911590685
MaoTaiPianzhi茅台片仔癀,2023-08-16 17:10:00,2023-08-16 17:19:00,M->M,M,,,0,0,0,0,0.00625,2023Q3,60,80,39,-0.18281782466797336,-0.9874715240073229,-0.9145351913013716,-0.9375918024030604
MaoTaiPianzhi茅台片仔癀,2023-08-16 17:19:00,2023-08-17 05:25:00,M->M,M,1.0,,1,0,1,0,0.5041666666666667,2023Q3,60,80,39,-0.18281782466797336,-0.9874715240073229,-0.9145351913013716,-0.6582215347914978
MaoTaiPianzhi茅台片仔癀,2023-08-17 05:25:00,2023-08-17 05:28:00,M->H,H,,,0,0,0,0,0.0020833333333333333,2023Q3,60,80,39,-0.18281782466797336,-0.9874715240073229,-0.9145351913013716,-0.9399296289102701
MaoTaiPianzhi茅台片仔癀,2023-08-17 05:28:00,2023-08-17 15:10:00,H->L,L,,,0,0,0,0,0.4041666666666667,2023Q3,60,80,39,-0.18281782466797336,-0.9874715240073229,-0.9145351913013716,-0.7143293709645312
MaoTaiPianzhi茅台片仔癀,2023-08-17 15:10:00,2023-08-18 15:39:00,L->M,M,,0.5,0,2,0,2,1.020138888888889,2023Q3,60,80,39,-0.18281782466797336,-0.9874715240073229,-0.9145351913013716,-0.3687206856486929
MaoTaiPianzhi茅台片仔癀,2023-08-18 15:39:00,2023-08-18 21:46:00,M->H,H,1.0,,1,0,1,0,0.2548611111111111,2023Q3,60,80,39,-0.18281782466797336,-0.9874715240073229,-0.9145351913013716,-0.79810148747288
MaoTaiPianzhi茅台片仔癀,2023-08-18 21:46:00,2023-08-18 21:49:00,H->L,L,,,0,0,0,0,0.0020833333333333333,2023Q3,60,80,39,-0.18281782466797336,-0.9874715240073229,-0.9145351913013716,-0.9399296289102701
MaoTaiPianzhi茅台片仔癀,2023-08-18 21:49:00,2023-08-19 23:48:00,L->M,M,1.0,,1,0,1,0,1.082638888888889,2023Q3,60,80,39,-0.18281782466797336,-0.9874715240073229,-0.9145351913013716,-0.33365328804054695
MaoTaiPianzhi茅台片仔癀,2023-08-19 23:48:00,2023-08-20 04:21:00,M->L,L,,,0,0,0,0,0.18958333333333333,2023Q3,60,80,39,-0.18281782466797336,-0.9874715240073229,-0.9145351913013716,-0.8347274360858323
MaoTaiPianzhi茅台片仔癀,2023-08-20 04:21:00,2023-08-20 17:18:00,L->H,H,1.0,,1,0,1,0,0.5395833333333333,2023Q3,60,80,39,-0.18281782466797336,-0.9874715240073229,-0.9145351913013716,-0.638350009480215
MaoTaiPianzhi茅台片仔癀,2023-08-20 17:18:00,2023-08-21 17:13:00,H->M,M,,,0,0,0,0,0.9965277777777778,2023Q3,60,80,39,-0.18281782466797336,-0.9874715240073229,-0.9145351913013716,-0.3819683691895481
MaoTaiPianzhi茅台片仔癀,2023-08-21 17:13:00,2023-08-23 18:22:00,M->M,M,1.0,,1,0,1,0,2.0479166666666666,2023Q3,60,80,39,-0.18281782466797336,-0.9874715240073229,-0.9145351913013716,0.20794318612970694
MaoTaiPianzhi茅台片仔癀,2023-08-23 18:22:00,2023-08-29 14:29:00,M->M,M,0.14285714285714285,1.0,7,1,1,1,5.8381944444444445,2023Q3,60,80,39,-0.18281782466797336,-0.9874715240073229,-0.9145351913013716,2.3345860321881573
MaoTaiPianzhi茅台片仔癀,2023-08-29 14:29:00,2023-08-30 13:19:00,M->M,M,,,0,0,0,0,0.9513888888888888,2023Q3,60,80,39,-0.18281782466797336,-0.9874715240073229,-0.9145351913013716,-0.4072948230176535
MaoTaiPianzhi茅台片仔癀,2023-09-07 12:18:00,2023-09-07 12:18:00,M->L,L,,,0,0,0,0,0.0,2023Q3,60,80,39,-0.18281782466797336,-0.9874715240073229,-0.9145351913013716,-0.941098542163875
MaoTaiPianzhi茅台片仔癀,2023-09-22 00:06:00,2023-09-23 12:13:00,M->M,M,1.0,,1,0,1,0,1.5048611111111112,2023Q3,60,80,39,-0.18281782466797336,-0.9874715240073229,-0.9145351913013716,-0.09675353530996103
MaoTaiPianzhi茅台片仔癀,2023-09-23 12:13:00,2023-09-28 11:45:00,M->M,M,1.0,,2,0,1,0,4.980555555555555,2023Q3,60,80,39,-0.18281782466797336,-0.9874715240073229,-0.9145351913013716,1.8533834094541546
MaoTaiPianzhi茅台片仔癀,2023-11-15 15:32:00,2023-11-17 15:40:00,M->M,M,,,0,0,0,0,2.0055555555555555,2023Q4,60,80,39,-0.18281782466797336,-0.9874715240073229,-0.9145351913013716,0.18417528330640803
MaoTaiPianzhi茅台片仔癀,2023-12-05 10:48:00,2023-12-05 16:16:00,M->M,M,,,0,0,0,0,0.22777777777777777,2023Q4,60,80,39,-0.18281782466797336,-0.9874715240073229,-0.9145351913013716,-0.813297359769743
baby-unicorn,2023-04-21 10:04:00,2023-04-22 11:23:00,M->M,M,,,0,0,0,0,1.054861111111111,2023Q2,44,28,43,-0.9096501300540999,-0.9424063955770184,-1.0400622465056983,-0.3492387980886119
baby-unicorn,2023-04-22 11:23:00,2023-04-27 22:13:00,M->M,M,,,0,0,0,0,5.451388888888889,2023Q2,44,28,43,-0.9096501300540999,-0.9424063955770184,-1.0400622465056983,2.1175578047688544
baby-unicorn,2023-04-27 22:13:00,2023-04-29 10:16:00,M->M,M,,,0,0,0,0,1.5020833333333334,2023Q2,44,28,43,-0.9096501300540999,-0.9424063955770184,-1.0400622465056983,-0.09831208631476751
baby-unicorn,2023-04-29 10:16:00,2023-05-05 17:41:00,M->M,M,,1.0,0,1,0,1,6.309027777777778,2023Q2,44,28,43,-0.9096501300540999,-0.9424063955770184,-1.0400622465056983,2.5987604275028566
baby-unicorn,2023-05-17 07:57:00,2023-05-20 12:30:00,M->M,M,,,0,0,0,0,3.189583333333333,2023Q2,44,28,43,-0.9096501300540999,-0.9424063955770184,-1.0400622465056983,0.8485076491051727
baby-unicorn,2023-05-20 12:30:00,2023-05-21 14:52:00,M->M,M,,,0,0,0,0,1.0986111111111112,2023Q2,44,28,43,-0.9096501300540999,-0.9424063955770184,-1.0400622465056983,-0.32469161976290967
baby-unicorn,2023-05-21 14:52:00,2023-05-26 09:26:00,M->H,H,,,0,0,0,0,4.773611111111111,2023Q2,44,28,43,-0.9096501300540999,-0.9424063955770184,-1.0400622465056983,1.7372713595960716
baby-unicorn,2023-05-26 09:26:00,2023-05-27 09:46:00,H->H,H,,,0,0,0,0,1.0138888888888888,2023Q2,44,28,43,-0.9096501300540999,-0.9424063955770184,-1.0400622465056983,-0.37222742540950754
baby-unicorn,2023-05-27 09:46:00,2023-06-01 10:38:00,H->M,M,,,0,0,0,0,5.036111111111111,2023Q2,44,28,43,-0.9096501300540999,-0.9424063955770184,-1.0400622465056983,1.8845544295502847
baby-unicorn,2023-06-01 10:38:00,2023-06-01 11:01:00,M->H,H,,,0,0,0,0,0.01597222222222222,2023Q2,44,28,43,-0.9096501300540999,-0.9424063955770184,-1.0400622465056983,-0.9321368738862377
baby-unicorn,2023-06-01 11:01:00,2023-06-03 19:44:00,H->M,M,,0.0,0,1,0,1,2.3631944444444444,2023Q2,44,28,43,-0.9096501300540999,-0.9424063955770184,-1.0400622465056983,0.3848387251752431
baby-unicorn,2023-06-03 19:44:00,2023-06-10 09:41:00,M->M,M,,,0,0,0,0,6.58125,2023Q2,44,28,43,-0.9096501300540999,-0.9424063955770184,-1.0400622465056983,2.751498425973892
baby-unicorn,2023-06-10 09:41:00,2023-06-15 20:09:00,M->H,H,,,0,0,0,0,5.436111111111111,2023Q2,44,28,43,-0.9096501300540999,-0.9424063955770184,-1.0400622465056983,2.1089857742424183
baby-unicorn,2023-06-15 20:09:00,2023-06-17 17:05:00,H->H,H,,,0,0,0,0,1.8722222222222222,2023Q2,44,28,43,-0.9096501300540999,-0.9424063955770184,-1.0400622465056983,0.10936483507569672
baby-unicorn,2023-07-30 11:13:00,2023-07-31 09:16:00,M->H,H,,,0,0,0,0,0.91875,2023Q3,44,28,43,-0.9096501300540999,-0.9424063955770184,-1.0400622465056983,-0.42560779732412973
baby-unicorn,2024-01-22 00:58:00,2024-01-23 17:11:00,H->M,M,,,0,0,0,0,1.6756944444444444,2024Q1,44,28,43,-0.9096501300540999,-0.9424063955770184,-1.0400622465056983,-0.0009026485143622257
baby-unicorn,2024-02-18 23:38:00,2024-02-23 10:46:00,M->M,M,,,0,0,0,0,4.463888888888889,2024Q1,44,28,43,-0.9096501300540999,-0.9424063955770184,-1.0400622465056983,1.5634929225601482
baby-unicorn,2024-03-01 12:24:00,2024-03-06 17:54:00,M->H,H,,0.0,0,1,0,1,5.229166666666667,2024Q1,44,28,43,-0.9096501300540999,-0.9424063955770184,-1.0400622465056983,1.9928737243843355
baby-unicorn,2024-03-06 17:54:00,2024-03-11 21:30:00,H->M,M,,0.0,0,1,0,1,5.15,2024Q1,44,28,43,-0.9096501300540999,-0.9424063955770184,-1.0400622465056983,1.9484550207473506
baby-unicorn,2024-08-03 14:33:00,2024-08-09 20:41:00,M->H,H,,,0,0,0,0,6.2555555555555555,2024Q3,44,28,43,-0.9096501300540999,-0.9424063955770184,-1.0400622465056983,2.5687583206603315
baby-unicorn,2024-08-09 20:41:00,2024-08-12 21:52:00,H->M,M,,,0,0,0,0,3.0493055555555557,2024Q3,44,28,43,-0.9096501300540999,-0.9424063955770184,-1.0400622465056983,0.7698008233624454
baby-unicorn,2025-05-18 21:52:00,2025-05-24 11:25:00,H->H,H,,0.5,0,2,0,1,5.564583333333333,2025Q2,44,28,43,-0.9096501300540999,-0.9424063955770184,-1.0400622465056983,2.1810687582147184
huabiwei,2023-07-09 14:05:00,2023-07-15 10:06:00,M->M,M,,,0,0,0,0,5.834027777777778,2023Q3,12,18,12,-1.0494255733975857,-1.2916611409118777,-1.2911163569143518,2.3322482056809477
huabiwei,2023-07-15 10:06:00,2023-07-21 16:07:00,M->L,L,0.6666666666666666,,3,0,1,0,6.250694444444444,2023Q3,12,18,12,-1.0494255733975857,-1.2916611409118777,-1.2911163569143518,2.56603085640192
yuankong198610,2023-07-23 01:57:00,2023-07-23 02:00:00,M->M,M,,,0,0,0,0,0.0020833333333333333,2023Q3,22,19,19,-1.035448029063237,-1.212797166158845,-1.2126619474116476,-0.9399296289102701
yuankong198610,2023-09-05 13:24:00,2023-09-10 08:57:00,H->M,M,0.0,,1,0,1,0,4.814583333333333,2023Q3,22,19,19,-1.035448029063237,-1.212797166158845,-1.2126619474116476,1.7602599869169673
yuankong198610,2023-09-18 15:07:00,2023-09-19 19:35:00,H->M,M,1.0,,2,0,1,0,1.1861111111111111,2023Q3,22,19,19,-1.035448029063237,-1.212797166158845,-1.2126619474116476,-0.2755972631115054
yuankong198610,2023-09-19 19:35:00,2023-09-20 10:59:00,M->M,M,1.0,,1,0,1,0,0.6416666666666667,2023Q3,22,19,19,-1.035448029063237,-1.212797166158845,-1.2126619474116476,-0.5810732600535767
yuankong198610,2023-09-20 10:59:00,2023-09-20 23:04:00,M->M,M,1.0,,1,0,1,0,0.5034722222222222,2023Q3,22,19,19,-1.035448029063237,-1.212797166158845,-1.2126619474116476,-0.6586111725426993
yuankong198610,2023-09-20 23:04:00,2023-09-20 23:09:00,M->L,L,,,0,0,0,0,0.003472222222222222,2023Q3,22,19,19,-1.035448029063237,-1.212797166158845,-1.2126619474116476,-0.9391503534078668
yuankong198610,2023-09-20 23:09:00,2023-09-27 09:08:00,L->M,M,1.0,,3,0,1,0,6.415972222222222,2023Q3,22,19,19,-1.035448029063237,-1.212797166158845,-1.2126619474116476,2.658764641187906
yuankong198610,2023-10-24 15:27:00,2023-10-29 12:57:00,M->M,M,0.5,,2,0,1,0,4.895833333333333,2023Q4,22,19,19,-1.035448029063237,-1.212797166158845,-1.2126619474116476,1.8058476038075568
yuankong198610,2023-11-13 10:48:00,2023-11-18 22:06:00,M->M,M,,,0,0,0,0,5.470833333333333,2023Q4,22,19,19,-1.035448029063237,-1.212797166158845,-1.2126619474116476,2.1284676618024996
不如不曾来,2024-03-24 13:23:00,2024-03-28 10:49:00,H->M,M,,,0,0,0,0,3.8930555555555557,2024Q1,12,20,12,-1.0214704847288887,-1.2916611409118777,-1.2911163569143518,1.2432106910724154
中西医结合医学微博,2023-02-01 16:43:00,2023-02-02 14:04:00,M->M,M,1.0,1.0,1,2,1,2,0.8895833333333333,2023Q1,30,21,25,-1.00749294039454,-1.1451994735133884,-1.1498984198094842,-0.44197258287459784
中西医结合医学微博,2023-02-02 14:04:00,2023-02-03 07:19:00,M->M,M,,1.0,0,1,0,1,0.71875,2023Q1,30,21,25,-1.00749294039454,-1.1451994735133884,-1.1498984198094842,-0.5378234696701967
中西医结合医学微博,2023-02-03 07:19:00,2023-02-03 16:24:00,M->M,M,1.0,,2,0,1,0,0.3784722222222222,2023Q1,30,21,25,-1.00749294039454,-1.1451994735133884,-1.1498984198094842,-0.7287459677589911
中西医结合医学微博,2023-02-03 16:24:00,2023-02-04 05:42:00,M->M,M,1.0,,1,0,1,0,0.5541666666666667,2023Q1,30,21,25,-1.00749294039454,-1.1451994735133884,-1.1498984198094842,-0.630167616704981
中西医结合医学微博,2023-02-04 05:42:00,2023-02-07 10:44:00,M->M,M,1.0,1.0,4,1,1,1,3.209722222222222,2023Q1,30,21,25,-1.00749294039454,-1.1451994735133884,-1.1498984198094842,0.8598071438900198
中西医结合医学微博,2023-02-07 10:44:00,2023-02-08 10:23:00,M->M,M,1.0,,1,0,1,0,0.9854166666666667,2023Q1,30,21,25,-1.00749294039454,-1.1451994735133884,-1.1498984198094842,-0.388202573208774
中西医结合医学微博,2023-02-08 10:23:00,2023-02-08 10:27:00,M->M,M,,,0,0,0,0,0.002777777777777778,2023Q1,30,21,25,-1.00749294039454,-1.1451994735133884,-1.1498984198094842,-0.9395399911590685
中西医结合医学微博,2023-03-12 21:00:00,2023-03-15 16:47:00,M->M,M,,,0,0,0,0,2.8243055555555556,2023Q1,30,21,25,-1.00749294039454,-1.1451994735133884,-1.1498984198094842,0.6435581919731199
中西医结合医学微博,2023-03-15 16:47:00,2023-03-15 17:32:00,M->M,M,,,0,0,0,0,0.03125,2023Q1,30,21,25,-1.00749294039454,-1.1451994735133884,-1.1498984198094842,-0.923564843359802
中西医结合医学微博,2023-03-15 17:32:00,2023-03-16 07:52:00,M->M,M,,,0,0,0,0,0.5972222222222222,2023Q1,30,21,25,-1.00749294039454,-1.1451994735133884,-1.1498984198094842,-0.6060100761304804
中西医结合医学微博,2023-12-12 16:58:00,2023-12-19 07:04:00,M->M,M,,,0,0,0,0,6.5875,2023Q4,30,21,25,-1.00749294039454,-1.1451994735133884,-1.1498984198094842,2.7550051657347074
中西医结合医学微博,2023-12-19 07:04:00,2023-12-21 21:41:00,M->M,M,,,0,0,0,0,2.609027777777778,2023Q4,30,21,25,-1.00749294039454,-1.1451994735133884,-1.1498984198094842,0.5227704891006173
中西医结合医学微博,2024-01-19 13:34:00,2024-01-19 13:41:00,M->M,M,,,0,0,0,0,0.004861111111111111,2024Q1,30,21,25,-1.00749294039454,-1.1451994735133884,-1.1498984198094842,-0.9383710779054636
中西医结合医学微博,2024-01-30 03:13:00,2024-01-30 11:28:00,M->M,M,,,0,0,0,0,0.34375,2024Q1,30,21,25,-1.00749294039454,-1.1451994735133884,-1.1498984198094842,-0.7482278553190723
中西医结合医学微博,2024-01-30 11:28:00,2024-01-31 19:10:00,M->M,M,0.0,,1,0,1,0,1.3208333333333333,2024Q1,30,21,25,-1.00749294039454,-1.1451994735133884,-1.1498984198094842,-0.20000753937839083
中西医结合医学微博,2024-05-05 10:04:00,2024-05-07 21:39:00,M->M,M,,1.0,0,1,0,1,2.482638888888889,2024Q2,30,21,25,-1.00749294039454,-1.1451994735133884,-1.1498984198094842,0.45185641838192203
伯阳先生-段本司,2023-06-07 19:01:00,2023-06-09 04:47:00,M->L,L,,,0,0,0,0,1.4069444444444446,2023Q2,36,22,36,-0.9935153960601915,-1.0212703703300512,-1.1028257741078618,-0.15169245822938968
伯阳先生-段本司,2023-09-28 17:32:00,2023-10-01 17:43:00,H->H,H,,,0,0,0,0,3.0076388888888888,2023Q4,36,22,36,-0.9935153960601915,-1.0212703703300512,-1.1028257741078618,0.7464225582903479
伯阳先生-段本司,2023-11-17 18:05:00,2023-11-23 01:38:00,H->L,L,,,0,0,0,0,5.314583333333333,2023Q4,36,22,36,-0.9935153960601915,-1.0212703703300512,-1.1028257741078618,2.0407991677821347
伯阳先生-段本司,2024-05-13 11:48:00,2024-05-18 19:40:00,H->M,M,,,0,0,0,0,5.3277777777777775,2024Q2,36,22,36,-0.9935153960601915,-1.0212703703300512,-1.1028257741078618,2.0482022850549653
伯阳先生-段本司,2025-05-14 15:58:00,2025-05-18 16:10:00,M->H,H,,,0,0,0,0,4.008333333333334,2025Q2,36,22,36,-0.9935153960601915,-1.0212703703300512,-1.1028257741078618,1.307890557771885
元骋,2023-10-30 10:40:00,2023-10-30 10:48:00,L->L,L,,,0,0,0,0,0.005555555555555556,2023Q4,2,5,1,-1.2311336497441174,-1.415590244095215,-1.369570766417056,-0.937981440154262
全民wisdom,2023-10-19 16:00:00,2023-10-25 20:20:00,M->M,M,,1.0,0,1,0,1,6.180555555555555,2023Q4,35,11,32,-1.147268383738026,-1.0663354987603557,-1.1106712150581322,2.526677443530557
全民wisdom,2023-10-25 20:20:00,2023-10-25 23:25:00,M->H,H,,1.0,0,1,0,1,0.1284722222222222,2023Q4,35,11,32,-1.147268383738026,-1.0663354987603557,-1.1106712150581322,-0.8690155581915749
全民wisdom,2023-10-25 23:25:00,2023-10-29 21:23:00,H->M,M,,1.0,0,1,0,1,3.915277777777778,2023Q4,35,11,32,-1.147268383738026,-1.0663354987603557,-1.1106712150581322,1.2556790991108673
全民wisdom,2023-11-10 11:28:00,2023-11-12 23:27:00,M->M,M,,0.0,0,1,0,1,2.4993055555555554,2023Q4,35,11,32,-1.147268383738026,-1.0663354987603557,-1.1106712150581322,0.4612077244107609
全民wisdom,2023-12-09 18:13:00,2023-12-11 10:58:00,M->M,M,,0.0,0,1,0,1,1.6979166666666667,2023Q4,35,11,32,-1.147268383738026,-1.0663354987603557,-1.1106712150581322,0.011565759524089744
全民wisdom,2024-08-07 11:12:00,2024-08-12 17:45:00,M->M,M,,0.0,0,1,0,1,5.272916666666666,2024Q3,35,11,32,-1.147268383738026,-1.0663354987603557,-1.1106712150581322,2.0174209027100374
全民wisdom,2024-08-12 17:45:00,2024-08-13 11:24:00,M->M,M,,0.0,0,1,0,1,0.7354166666666667,2024Q3,35,11,32,-1.147268383738026,-1.0663354987603557,-1.1106712150581322,-0.5284721636413577
全民wisdom,2024-08-13 11:24:00,2024-08-18 15:41:00,M->H,H,,1.0,0,1,0,1,5.178472222222222,2024Q3,35,11,32,-1.147268383738026,-1.0663354987603557,-1.1106712150581322,1.9644301685466168
全民wisdom,2024-09-13 14:55:00,2024-09-18 21:58:00,H->M,M,,0.0,0,1,0,1,5.29375,2024Q3,35,11,32,-1.147268383738026,-1.0663354987603557,-1.1106712150581322,2.0291100352460862
全民wisdom,2024-09-27 19:36:00,2024-09-27 22:04:00,H->M,M,,1.0,0,1,0,1,0.10277777777777777,2024Q3,35,11,32,-1.147268383738026,-1.0663354987603557,-1.1106712150581322,-0.883432154986035
全民wisdom,2024-09-27 22:04:00,2024-09-28 11:46:00,M->H,H,,1.0,0,1,0,1,0.5708333333333333,2024Q3,35,11,32,-1.147268383738026,-1.0663354987603557,-1.1106712150581322,-0.6208163106761421
全民wisdom,2024-10-11 18:49:00,2024-10-14 14:25:00,H->M,M,,0.0,0,1,0,1,2.816666666666667,2024Q4,35,11,32,-1.147268383738026,-1.0663354987603557,-1.1106712150581322,0.6392721767099021
全民wisdom,2025-05-18 14:55:00,2025-05-24 11:37:00,H->H,H,,1.0,0,1,0,1,5.8625,2025Q2,35,11,32,-1.147268383738026,-1.0663354987603557,-1.1106712150581322,2.348223353480214
全民wisdom,2025-05-24 11:37:00,2025-05-28 19:32:00,H->H,H,,1.0,0,1,0,1,4.329861111111111,2025Q2,35,11,32,-1.147268383738026,-1.0663354987603557,-1.1106712150581322,1.488292836578235
全民wisdom,2025-06-06 09:26:00,2025-06-06 15:11:00,H->M,M,,0.0,0,1,0,1,0.23958333333333334,2025Q2,35,11,32,-1.147268383738026,-1.0663354987603557,-1.1106712150581322,-0.8066735179993156
北京房山韩村河健康教育,2023-02-10 10:18:00,2023-02-15 15:07:00,M->M,M,0.0,,2,0,1,0,5.200694444444444,2023Q1,10,4,7,-1.245111194078466,-1.3479925514497584,-1.3068072388148926,1.9768985765850688
北京房山韩村河健康教育,2023-05-31 08:44:00,2023-05-31 08:46:00,M->M,M,,,0,0,0,0,0.001388888888888889,2023Q2,10,4,7,-1.245111194078466,-1.3479925514497584,-1.3068072388148926,-0.9403192666614718
北京房山韩村河健康教育,2023-05-31 08:46:00,2023-05-31 08:48:00,M->M,M,,,0,0,0,0,0.001388888888888889,2023Q2,10,4,7,-1.245111194078466,-1.3479925514497584,-1.3068072388148926,-0.9403192666614718
北京房山韩村河健康教育,2024-10-16 13:47:00,2024-10-16 13:48:00,M->M,M,,,0,0,0,0,0.0006944444444444445,2024Q4,10,4,7,-1.245111194078466,-1.3479925514497584,-1.3068072388148926,-0.9407089044126733
匡宦龙缆,2023-05-28 15:13:00,2023-05-28 15:15:00,M->H,H,,,0,0,0,0,0.001388888888888889,2023Q2,24,13,16,-1.1193132950693288,-1.2465960124815734,-1.1969710655111068,-0.9403192666614718
匡宦龙缆,2023-05-28 15:15:00,2023-06-01 22:35:00,H->M,M,1.0,,1,0,1,0,4.305555555555555,2023Q2,24,13,16,-1.1193132950693288,-1.2465960124815734,-1.1969710655111068,1.4746555152861784
匡宦龙缆,2023-06-01 22:35:00,2023-06-01 22:59:00,M->M,M,,,0,0,0,0,0.016666666666666666,2023Q2,24,13,16,-1.1193132950693288,-1.2465960124815734,-1.1969710655111068,-0.9317472361350361
匡宦龙缆,2023-06-01 22:59:00,2023-06-01 23:12:00,M->M,M,,,0,0,0,0,0.009027777777777777,2023Q2,24,13,16,-1.1193132950693288,-1.2465960124815734,-1.1969710655111068,-0.9360332513982539
匡宦龙缆,2023-06-01 23:12:00,2023-06-01 23:19:00,M->M,M,,,0,0,0,0,0.004861111111111111,2023Q2,24,13,16,-1.1193132950693288,-1.2465960124815734,-1.1969710655111068,-0.9383710779054636
匡宦龙缆,2023-06-01 23:19:00,2023-06-02 12:06:00,M->M,M,,,0,0,0,0,0.5326388888888889,2023Q2,24,13,16,-1.1193132950693288,-1.2465960124815734,-1.1969710655111068,-0.6422463869922312
匡宦龙缆,2023-06-12 21:21:00,2023-06-14 18:29:00,M->M,M,,,0,0,0,0,1.8805555555555555,2023Q2,24,13,16,-1.1193132950693288,-1.2465960124815734,-1.1969710655111068,0.11404048809011616
匡宦龙缆,2023-07-05 00:42:00,2023-07-07 14:22:00,M->M,M,,,0,0,0,0,2.5694444444444446,2023Q3,24,13,16,-1.1193132950693288,-1.2465960124815734,-1.1969710655111068,0.5005611372821248
匡宦龙缆,2023-07-07 14:22:00,2023-07-07 19:03:00,M->M,M,,,0,0,0,0,0.1951388888888889,2023Q3,24,13,16,-1.1193132950693288,-1.2465960124815734,-1.1969710655111068,-0.8316103340762193
匡宦龙缆,2023-07-07 19:03:00,2023-07-08 13:50:00,M->L,L,,,0,0,0,0,0.7826388888888889,2023Q3,24,13,16,-1.1193132950693288,-1.2465960124815734,-1.1969710655111068,-0.5019767965596476
匡宦龙缆,2023-07-08 13:50:00,2023-07-08 16:00:00,L->M,M,,,0,0,0,0,0.09027777777777778,2023Q3,24,13,16,-1.1193132950693288,-1.2465960124815734,-1.1969710655111068,-0.8904456345076642
匡宦龙缆,2023-07-08 16:00:00,2023-07-10 20:45:00,M->L,L,,,0,0,0,0,2.1979166666666665,2023Q3,24,13,16,-1.1193132950693288,-1.2465960124815734,-1.1969710655111068,0.29210494038925716
匡宦龙缆,2023-07-10 20:45:00,2023-07-12 22:36:00,L->H,H,,,0,0,0,0,2.0770833333333334,2023Q3,24,13,16,-1.1193132950693288,-1.2465960124815734,-1.1969710655111068,0.2243079716801751
匡宦龙缆,2023-07-12 22:36:00,2023-07-13 17:10:00,H->H,H,,,0,0,0,0,0.7736111111111111,2023Q3,24,13,16,-1.1193132950693288,-1.2465960124815734,-1.1969710655111068,-0.5070420873252686
匡宦龙缆,2023-07-13 17:10:00,2023-07-15 17:15:00,H->M,M,,,0,0,0,0,2.0034722222222223,2023Q3,24,13,16,-1.1193132950693288,-1.2465960124815734,-1.1969710655111068,0.18300637005280324
匡宦龙缆,2023-07-15 17:15:00,2023-07-15 17:16:00,M->H,H,,,0,0,0,0,0.0006944444444444445,2023Q3,24,13,16,-1.1193132950693288,-1.2465960124815734,-1.1969710655111068,-0.9407089044126733
匡宦龙缆,2023-08-14 20:30:00,2023-08-14 20:30:00,H->H,H,,,0,0,0,0,0.0,2023Q3,24,13,16,-1.1193132950693288,-1.2465960124815734,-1.1969710655111068,-0.941098542163875
匡宦龙缆,2023-08-14 20:30:00,2023-08-17 15:18:00,H->H,H,,,0,0,0,0,2.783333333333333,2023Q3,24,13,16,-1.1193132950693288,-1.2465960124815734,-1.1969710655111068,0.6205695646522241
匡宦龙缆,2023-08-17 15:18:00,2023-08-19 18:08:00,H->M,M,,,0,0,0,0,2.1180555555555554,2023Q3,24,13,16,-1.1193132950693288,-1.2465960124815734,-1.1969710655111068,0.24729659900107062
又简单又趣闻的昵称,2023-07-23 21:18:00,2023-07-24 08:13:00,M->M,M,,,0,0,0,0,0.4548611111111111,2023Q3,13,7,11,-1.2031785610754202,-1.3029274230194539,-1.2832709159640814,-0.6858858151268129
又简单又趣闻的昵称,2023-07-24 08:13:00,2023-07-24 21:53:00,M->L,L,,,0,0,0,0,0.5694444444444444,2023Q3,13,7,11,-1.2031785610754202,-1.3029274230194539,-1.2832709159640814,-0.6215955861785454
又简单又趣闻的昵称,2023-07-24 21:53:00,2023-07-29 08:19:00,L->L,L,,,0,0,0,0,4.434722222222222,2023Q3,13,7,11,-1.2031785610754202,-1.3029274230194539,-1.2832709159640814,1.54712813700968
又简单又趣闻的昵称,2023-07-29 08:19:00,2023-07-29 08:35:00,L->M,M,,,0,0,0,0,0.011111111111111112,2023Q3,13,7,11,-1.2031785610754202,-1.3029274230194539,-1.2832709159640814,-0.9348643381446491
又简单又趣闻的昵称,2023-08-10 07:39:00,2023-08-11 16:39:00,H->H,H,,,0,0,0,0,1.375,2023Q3,13,7,11,-1.2031785610754202,-1.3029274230194539,-1.2832709159640814,-0.16961579478466432
又简单又趣闻的昵称,2023-08-21 07:14:00,2023-08-24 22:00:00,M->M,M,,,0,0,0,0,3.6152777777777776,2023Q3,13,7,11,-1.2031785610754202,-1.3029274230194539,-1.2832709159640814,1.0873555905917667
又简单又趣闻的昵称,2023-09-01 20:19:00,2023-09-02 05:03:00,H->M,M,,,0,0,0,0,0.3638888888888889,2023Q3,13,7,11,-1.2031785610754202,-1.3029274230194539,-1.2832709159640814,-0.7369283605342253
呵呵上海2012,2023-02-03 00:33:00,2023-02-03 00:42:00,M->L,L,,,0,0,0,0,0.00625,2023Q1,351,196,244,1.4385773181164627,1.3221163080457792,1.3684881252273213,-0.9375918024030604
呵呵上海2012,2023-04-30 23:36:00,2023-05-04 09:29:00,M->M,M,,,0,0,0,0,3.4118055555555555,2023Q2,351,196,244,1.4385773181164627,1.3221163080457792,1.3684881252273213,0.9731917294896917
呵呵上海2012,2023-05-04 09:29:00,2023-05-05 22:01:00,M->H,H,,,0,0,0,0,1.5222222222222221,2023Q2,351,196,244,1.4385773181164627,1.3221163080457792,1.3684881252273213,-0.0870125915299206
呵呵上海2012,2023-05-05 22:01:00,2023-05-05 22:03:00,H->H,H,,,0,0,0,0,0.001388888888888889,2023Q2,351,196,244,1.4385773181164627,1.3221163080457792,1.3684881252273213,-0.9403192666614718
呵呵上海2012,2023-05-05 22:03:00,2023-05-05 22:38:00,H->M,M,,,0,0,0,0,0.024305555555555556,2023Q2,351,196,244,1.4385773181164627,1.3221163080457792,1.3684881252273213,-0.9274612208718183
呵呵上海2012,2023-05-05 22:38:00,2023-05-09 22:53:00,M->M,M,0.0,,2,0,1,0,4.010416666666667,2023Q2,351,196,244,1.4385773181164627,1.3221163080457792,1.3684881252273213,1.3090594710254897
呵呵上海2012,2023-05-09 22:53:00,2023-05-10 12:59:00,M->H,H,,,0,0,0,0,0.5875,2023Q2,351,196,244,1.4385773181164627,1.3221163080457792,1.3684881252273213,-0.6114650046473032
呵呵上海2012,2023-05-10 12:59:00,2023-05-10 18:19:00,H->M,M,,,0,0,0,0,0.2222222222222222,2023Q2,351,196,244,1.4385773181164627,1.3221163080457792,1.3684881252273213,-0.8164144617793561
呵呵上海2012,2023-05-10 18:19:00,2023-05-11 10:16:00,M->M,M,,,0,0,0,0,0.6645833333333333,2023Q2,351,196,244,1.4385773181164627,1.3221163080457792,1.3684881252273213,-0.5682152142639232
呵呵上海2012,2023-05-11 10:16:00,2023-05-11 22:52:00,M->M,M,,,0,0,0,0,0.525,2023Q2,351,196,244,1.4385773181164627,1.3221163080457792,1.3684881252273213,-0.6465324022554492
呵呵上海2012,2023-05-11 22:52:00,2023-05-12 10:04:00,M->H,H,,,0,0,0,0,0.4666666666666667,2023Q2,351,196,244,1.4385773181164627,1.3221163080457792,1.3684881252273213,-0.6792619733563853
呵呵上海2012,2023-05-12 10:04:00,2023-05-13 00:15:00,H->M,M,,,0,0,0,0,0.5909722222222222,2023Q2,351,196,244,1.4385773181164627,1.3221163080457792,1.3684881252273213,-0.609516815891295
呵呵上海2012,2023-05-13 00:15:00,2023-05-13 14:59:00,M->M,M,,,0,0,0,0,0.6138888888888889,2023Q2,351,196,244,1.4385773181164627,1.3221163080457792,1.3684881252273213,-0.5966587701016415
呵呵上海2012,2023-05-13 14:59:00,2023-05-18 09:21:00,M->M,M,,,0,0,0,0,4.7652777777777775,2023Q2,351,196,244,1.4385773181164627,1.3221163080457792,1.3684881252273213,1.732595706581652
呵呵上海2012,2023-05-18 09:21:00,2023-05-18 10:11:00,M->M,M,,,0,0,0,0,0.034722222222222224,2023Q2,351,196,244,1.4385773181164627,1.3221163080457792,1.3684881252273213,-0.9216166546037938
呵呵上海2012,2023-05-18 10:11:00,2023-05-18 10:49:00,M->M,M,,,0,0,0,0,0.02638888888888889,2023Q2,351,196,244,1.4385773181164627,1.3221163080457792,1.3684881252273213,-0.9262923076182135
呵呵上海2012,2023-05-18 10:49:00,2023-05-23 14:48:00,M->M,M,0.0,,1,0,1,0,5.165972222222222,2023Q2,351,196,244,1.4385773181164627,1.3221163080457792,1.3684881252273213,1.9574166890249876
呵呵上海2012,2023-05-23 14:48:00,2023-05-26 20:54:00,M->M,M,0.0,,2,0,1,0,3.254166666666667,2023Q2,351,196,244,1.4385773181164627,1.3221163080457792,1.3684881252273213,0.8847439599669237
呵呵上海2012,2023-05-26 20:54:00,2023-05-27 10:18:00,M->M,M,,,0,0,0,0,0.5583333333333333,2023Q2,351,196,244,1.4385773181164627,1.3221163080457792,1.3684881252273213,-0.6278297901977713
呵呵上海2012,2023-05-27 10:18:00,2023-05-29 23:32:00,M->H,H,0.0,,4,0,3,0,2.551388888888889,2023Q2,351,196,244,1.4385773181164627,1.3221163080457792,1.3684881252273213,0.4904305557508826
呵呵上海2012,2023-05-29 23:32:00,2023-05-30 10:29:00,H->M,M,,,0,0,0,0,0.45625,2023Q2,351,196,244,1.4385773181164627,1.3221163080457792,1.3684881252273213,-0.6851065396244096
呵呵上海2012,2023-05-30 10:29:00,2023-05-30 14:34:00,M->M,M,0.0,,2,0,2,0,0.1701388888888889,2023Q2,351,196,244,1.4385773181164627,1.3221163080457792,1.3684881252273213,-0.8456372931194778
呵呵上海2012,2023-05-30 14:34:00,2023-05-31 00:04:00,M->M,M,,,0,0,0,0,0.3958333333333333,2023Q2,351,196,244,1.4385773181164627,1.3221163080457792,1.3684881252273213,-0.7190050239789507
呵呵上海2012,2023-05-31 00:04:00,2023-05-31 10:05:00,M->M,M,,,0,0,0,0,0.4173611111111111,2023Q2,351,196,244,1.4385773181164627,1.3221163080457792,1.3684881252273213,-0.7069262536917005
呵呵上海2012,2023-05-31 10:05:00,2023-05-31 14:50:00,M->M,M,,,0,0,0,0,0.19791666666666666,2023Q2,351,196,244,1.4385773181164627,1.3221163080457792,1.3684881252273213,-0.8300517830714128
呵呵上海2012,2023-05-31 14:50:00,2023-06-01 19:11:00,M->M,M,0.0,,1,0,1,0,1.18125,2023Q2,351,196,244,1.4385773181164627,1.3221163080457792,1.3684881252273213,-0.27832472736991676
呵呵上海2012,2023-06-01 19:11:00,2023-06-01 22:43:00,M->M,M,,,0,0,0,0,0.14722222222222223,2023Q2,351,196,244,1.4385773181164627,1.3221163080457792,1.3684881252273213,-0.8584953389091313
呵呵上海2012,2023-06-01 22:43:00,2023-06-02 00:03:00,M->H,H,,,0,0,0,0,0.05555555555555555,2023Q2,351,196,244,1.4385773181164627,1.3221163080457792,1.3684881252273213,-0.9099275220677453
呵呵上海2012,2023-06-02 00:03:00,2023-06-02 10:27:00,H->M,M,,,0,0,0,0,0.43333333333333335,2023Q2,351,196,244,1.4385773181164627,1.3221163080457792,1.3684881252273213,-0.6979645854140631
呵呵上海2012,2023-06-02 10:27:00,2023-06-02 13:58:00,M->H,H,,,0,0,0,0,0.14652777777777778,2023Q2,351,196,244,1.4385773181164627,1.3221163080457792,1.3684881252273213,-0.8588849766603328
呵呵上海2012,2023-06-02 13:58:00,2023-06-03 11:15:00,H->H,H,,,0,0,0,0,0.8868055555555555,2023Q2,351,196,244,1.4385773181164627,1.3221163080457792,1.3684881252273213,-0.4435311338794043
呵呵上海2012,2023-06-03 11:15:00,2023-06-05 10:33:00,H->H,H,,,0,0,0,0,1.9708333333333334,2023Q2,351,196,244,1.4385773181164627,1.3221163080457792,1.3684881252273213,0.16469339574632702
呵呵上海2012,2023-06-05 10:33:00,2023-06-05 14:50:00,H->M,M,,,0,0,0,0,0.17847222222222223,2023Q2,351,196,244,1.4385773181164627,1.3221163080457792,1.3684881252273213,-0.8409616401050583
呵呵上海2012,2023-06-05 14:50:00,2023-06-06 00:23:00,M->M,M,,,0,0,0,0,0.39791666666666664,2023Q2,351,196,244,1.4385773181164627,1.3221163080457792,1.3684881252273213,-0.7178361107253458
呵呵上海2012,2023-06-06 00:23:00,2023-06-06 19:04:00,M->H,H,,,0,0,0,0,0.7784722222222222,2023Q2,351,196,244,1.4385773181164627,1.3221163080457792,1.3684881252273213,-0.5043146230668573
呵呵上海2012,2023-06-06 19:04:00,2023-06-07 13:19:00,H->M,M,,,0,0,0,0,0.7604166666666666,2023Q2,351,196,244,1.4385773181164627,1.3221163080457792,1.3684881252273213,-0.5144452045980994
呵呵上海2012,2023-06-07 13:19:00,2023-06-07 15:25:00,M->H,H,,,0,0,0,0,0.0875,2023Q2,351,196,244,1.4385773181164627,1.3221163080457792,1.3684881252273213,-0.8920041855124707
呵呵上海2012,2023-06-07 15:25:00,2023-06-09 08:47:00,H->H,H,1.0,,1,0,1,0,1.7236111111111112,2023Q2,351,196,244,1.4385773181164627,1.3221163080457792,1.3684881252273213,0.025982356318549754
呵呵上海2012,2023-06-09 08:47:00,2023-06-10 14:25:00,H->M,M,,,0,0,0,0,1.2347222222222223,2023Q2,351,196,244,1.4385773181164627,1.3221163080457792,1.3684881252273213,-0.24832262052739185
呵呵上海2012,2023-06-10 14:25:00,2023-06-11 00:25:00,M->M,M,,,0,0,0,0,0.4166666666666667,2023Q2,351,196,244,1.4385773181164627,1.3221163080457792,1.3684881252273213,-0.7073158914429021
呵呵上海2012,2023-06-11 00:25:00,2023-06-11 00:44:00,M->M,M,,,0,0,0,0,0.013194444444444444,2023Q2,351,196,244,1.4385773181164627,1.3221163080457792,1.3684881252273213,-0.9336954248910442
呵呵上海2012,2023-06-11 00:44:00,2023-06-11 23:55:00,M->L,L,,,0,0,0,0,0.9659722222222222,2023Q2,351,196,244,1.4385773181164627,1.3221163080457792,1.3684881252273213,-0.39911243024241944
呵呵上海2012,2023-06-11 23:55:00,2023-06-12 09:20:00,L->H,H,,,0,0,0,0,0.3923611111111111,2023Q2,351,196,244,1.4385773181164627,1.3221163080457792,1.3684881252273213,-0.7209532127349588
呵呵上海2012,2023-06-12 09:20:00,2023-06-12 18:08:00,H->H,H,,,0,0,0,0,0.36666666666666664,2023Q2,351,196,244,1.4385773181164627,1.3221163080457792,1.3684881252273213,-0.7353698095294188
呵呵上海2012,2023-06-12 18:08:00,2023-06-14 12:45:00,H->H,H,,,0,0,0,0,1.7756944444444445,2023Q2,351,196,244,1.4385773181164627,1.3221163080457792,1.3684881252273213,0.05520518765867133
呵呵上海2012,2023-06-14 12:45:00,2023-06-15 09:34:00,H->M,M,,,0,0,0,0,0.8673611111111111,2023Q2,351,196,244,1.4385773181164627,1.3221163080457792,1.3684881252273213,-0.4544409909130497
呵呵上海2012,2023-06-15 09:34:00,2023-06-17 17:36:00,M->M,M,,,0,0,0,0,2.334722222222222,2023Q2,351,196,244,1.4385773181164627,1.3221163080457792,1.3684881252273213,0.36886357737597664
呵呵上海2012,2023-06-17 17:36:00,2023-06-18 19:38:00,M->M,M,,,0,0,0,0,1.0847222222222221,2023Q2,351,196,244,1.4385773181164627,1.3221163080457792,1.3684881252273213,-0.33248437478694215
呵呵上海2012,2023-06-18 19:38:00,2023-06-19 15:53:00,M->M,M,,,0,0,0,0,0.84375,2023Q2,351,196,244,1.4385773181164627,1.3221163080457792,1.3684881252273213,-0.46768867445390483
呵呵上海2012,2023-06-19 15:53:00,2023-06-21 10:57:00,M->H,H,,,0,0,0,0,1.7944444444444445,2023Q2,351,196,244,1.4385773181164627,1.3221163080457792,1.3684881252273213,0.06572540694111513
呵呵上海2012,2023-06-21 10:57:00,2023-06-21 12:49:00,H->M,M,,,0,0,0,0,0.07777777777777778,2023Q2,351,196,244,1.4385773181164627,1.3221163080457792,1.3684881252273213,-0.8974591140292935
呵呵上海2012,2023-06-21 12:49:00,2023-06-21 23:03:00,M->L,L,,,0,0,0,0,0.4263888888888889,2023Q2,351,196,244,1.4385773181164627,1.3221163080457792,1.3684881252273213,-0.7018609629260794
呵呵上海2012,2023-06-21 23:03:00,2023-06-22 11:55:00,L->H,H,,,0,0,0,0,0.5361111111111111,2023Q2,351,196,244,1.4385773181164627,1.3221163080457792,1.3684881252273213,-0.6402981982362232
呵呵上海2012,2023-06-22 11:55:00,2023-06-27 16:58:00,H->M,M,,,0,0,0,0,5.210416666666666,2023Q2,351,196,244,1.4385773181164627,1.3221163080457792,1.3684881252273213,1.9823535051018912
呵呵上海2012,2023-06-27 16:58:00,2023-06-27 20:03:00,M->H,H,,,0,0,0,0,0.1284722222222222,2023Q2,351,196,244,1.4385773181164627,1.3221163080457792,1.3684881252273213,-0.8690155581915749
呵呵上海2012,2023-06-27 20:03:00,2023-06-30 10:57:00,H->M,M,,,0,0,0,0,2.620833333333333,2023Q2,351,196,244,1.4385773181164627,1.3221163080457792,1.3684881252273213,0.5293943308710446
呵呵上海2012,2023-07-10 14:02:00,2023-07-10 19:11:00,H->M,M,,,0,0,0,0,0.21458333333333332,2023Q3,351,196,244,1.4385773181164627,1.3221163080457792,1.3684881252273213,-0.820700477042574
呵呵上海2012,2023-07-10 19:11:00,2023-07-12 10:13:00,M->M,M,,,0,0,0,0,1.6263888888888889,2023Q3,351,196,244,1.4385773181164627,1.3221163080457792,1.3684881252273213,-0.02856692884967732
呵呵上海2012,2023-07-12 10:13:00,2023-07-13 19:44:00,M->H,H,,,0,0,0,0,1.3965277777777778,2023Q3,351,196,244,1.4385773181164627,1.3221163080457792,1.3684881252273213,-0.15753702449741402
呵呵上海2012,2023-07-13 19:44:00,2023-07-14 09:12:00,H->M,M,,,0,0,0,0,0.5611111111111111,2023Q3,351,196,244,1.4385773181164627,1.3221163080457792,1.3684881252273213,-0.6262712391929648
呵呵上海2012,2023-08-06 22:49:00,2023-08-08 23:31:00,M->M,M,,,0,0,0,0,2.029166666666667,2023Q3,351,196,244,1.4385773181164627,1.3221163080457792,1.3684881252273213,0.19742296684726326
呵呵上海2012,2023-08-08 23:31:00,2023-08-09 22:10:00,M->M,M,,,0,0,0,0,0.94375,2023Q3,351,196,244,1.4385773181164627,1.3221163080457792,1.3684881252273213,-0.41158083828087133
呵呵上海2012,2023-08-09 22:10:00,2023-08-10 09:16:00,M->M,M,,,0,0,0,0,0.4625,2023Q3,351,196,244,1.4385773181164627,1.3221163080457792,1.3684881252273213,-0.6815997998635951
呵呵上海2012,2023-08-18 14:00:00,2023-08-20 23:53:00,H->H,H,,,0,0,0,0,2.4118055555555555,2023Q3,351,196,244,1.4385773181164627,1.3221163080457792,1.3684881252273213,0.41211336775935664
呵呵上海2012,2023-08-20 23:53:00,2023-08-21 10:22:00,H->M,M,,,0,0,0,0,0.43680555555555556,2023Q3,351,196,244,1.4385773181164627,1.3221163080457792,1.3684881252273213,-0.6960163966580551
呵呵上海2012,2023-08-21 10:22:00,2023-08-23 09:09:00,M->M,M,,,0,0,0,0,1.9493055555555556,2023Q3,351,196,244,1.4385773181164627,1.3221163080457792,1.3684881252273213,0.15261462545907675
呵呵上海2012,2023-08-23 09:09:00,2023-08-25 09:29:00,M->M,M,,,0,0,0,0,2.013888888888889,2023Q3,351,196,244,1.4385773181164627,1.3221163080457792,1.3684881252273213,0.18885093632082747
呵呵上海2012,2023-08-25 09:29:00,2023-08-30 13:19:00,M->H,H,,,0,0,0,0,5.159722222222222,2023Q3,351,196,244,1.4385773181164627,1.3221163080457792,1.3684881252273213,1.9539099492641732
呵呵上海2012,2023-08-30 13:19:00,2023-09-03 15:45:00,H->H,H,,,0,0,0,0,4.101388888888889,2023Q3,351,196,244,1.4385773181164627,1.3221163080457792,1.3684881252273213,1.3601020164329019
呵呵上海2012,2023-09-03 15:45:00,2023-09-04 09:58:00,H->M,M,,,0,0,0,0,0.7590277777777777,2023Q3,351,196,244,1.4385773181164627,1.3221163080457792,1.3684881252273213,-0.5152244801005027
呵呵上海2012,2023-09-12 10:36:00,2023-09-12 10:43:00,M->M,M,,,0,0,0,0,0.004861111111111111,2023Q3,351,196,244,1.4385773181164627,1.3221163080457792,1.3684881252273213,-0.9383710779054636
呵呵上海2012,2023-10-01 21:32:00,2023-10-08 10:58:00,M->M,M,,1.0,0,1,0,1,6.559722222222222,2023Q4,351,196,244,1.4385773181164627,1.3221163080457792,1.3684881252273213,2.739419655686642
呵呵上海2012,2023-10-08 10:58:00,2023-10-09 09:54:00,M->M,M,,,0,0,0,0,0.9555555555555556,2023Q4,351,196,244,1.4385773181164627,1.3221163080457792,1.3684881252273213,-0.4049569965104437
呵呵上海2012,2023-10-09 09:54:00,2023-10-09 12:32:00,M->H,H,,,0,0,0,0,0.10972222222222222,2023Q4,351,196,244,1.4385773181164627,1.3221163080457792,1.3684881252273213,-0.8795357774740188
呵呵上海2012,2023-10-09 12:32:00,2023-10-10 10:58:00,H->M,M,0.0,,1,0,1,0,0.9347222222222222,2023Q4,351,196,244,1.4385773181164627,1.3221163080457792,1.3684881252273213,-0.4166461290464924
呵呵上海2012,2023-10-10 10:58:00,2023-10-10 11:02:00,M->M,M,,,0,0,0,0,0.002777777777777778,2023Q4,351,196,244,1.4385773181164627,1.3221163080457792,1.3684881252273213,-0.9395399911590685
呵呵上海2012,2023-10-10 11:02:00,2023-10-11 09:01:00,M->M,M,,,0,0,0,0,0.9159722222222222,2023Q4,351,196,244,1.4385773181164627,1.3221163080457792,1.3684881252273213,-0.4271663483289362
呵呵上海2012,2023-10-11 09:01:00,2023-10-16 10:09:00,M->L,L,,,0,0,0,0,5.0472222222222225,2023Q4,351,196,244,1.4385773181164627,1.3221163080457792,1.3684881252273213,1.8907886335695105
呵呵上海2012,2023-11-23 08:45:00,2023-11-28 21:20:00,M->M,M,,,0,0,0,0,5.524305555555555,2023Q4,351,196,244,1.4385773181164627,1.3221163080457792,1.3684881252273213,2.1584697686450243
呵呵上海2012,2023-11-28 21:20:00,2023-11-29 18:04:00,M->H,H,,0.0,0,1,0,1,0.8638888888888889,2023Q4,351,196,244,1.4385773181164627,1.3221163080457792,1.3684881252273213,-0.4563891796690578
呵呵上海2012,2023-11-29 18:04:00,2023-12-01 22:35:00,H->M,M,,,0,0,0,0,2.1881944444444446,2023Q4,351,196,244,1.4385773181164627,1.3221163080457792,1.3684881252273213,0.2866500118724346
呵呵上海2012,2023-12-12 20:10:00,2023-12-17 00:23:00,H->M,M,,1.0,0,1,0,1,4.175694444444445,2023Q4,351,196,244,1.4385773181164627,1.3221163080457792,1.3684881252273213,1.4017932558114756
呵呵上海2012,2023-12-17 00:23:00,2023-12-21 09:33:00,M->H,H,,,0,0,0,0,4.381944444444445,2023Q4,351,196,244,1.4385773181164627,1.3221163080457792,1.3684881252273213,1.517515667918357
呵呵上海2012,2023-12-28 12:55:00,2023-12-29 14:27:00,M->H,H,,,0,0,0,0,1.0638888888888889,2023Q4,351,196,244,1.4385773181164627,1.3221163080457792,1.3684881252273213,-0.3441735073229908
呵呵上海2012,2024-01-18 17:43:00,2024-01-19 20:05:00,H->H,H,,,0,0,0,0,1.0986111111111112,2024Q1,351,196,244,1.4385773181164627,1.3221163080457792,1.3684881252273213,-0.32469161976290967
呵呵上海2012,2024-01-19 20:05:00,2024-01-25 10:41:00,H->H,H,0.0,,1,0,1,0,5.608333333333333,2024Q1,351,196,244,1.4385773181164627,1.3221163080457792,1.3684881252273213,2.2056159365404207
呵呵上海2012,2024-01-25 10:41:00,2024-01-25 10:49:00,H->H,H,,,0,0,0,0,0.005555555555555556,2024Q1,351,196,244,1.4385773181164627,1.3221163080457792,1.3684881252273213,-0.937981440154262
呵呵上海2012,2024-02-02 09:08:00,2024-02-02 09:53:00,M->M,M,,,0,0,0,0,0.03125,2024Q1,351,196,244,1.4385773181164627,1.3221163080457792,1.3684881252273213,-0.923564843359802
呵呵上海2012,2024-02-02 09:53:00,2024-02-02 18:43:00,M->M,M,,,0,0,0,0,0.3680555555555556,2024Q1,351,196,244,1.4385773181164627,1.3221163080457792,1.3684881252273213,-0.7345905340270156
呵呵上海2012,2024-02-02 18:43:00,2024-02-03 15:22:00,M->M,M,,,0,0,0,0,0.8604166666666667,2024Q1,351,196,244,1.4385773181164627,1.3221163080457792,1.3684881252273213,-0.45833736842506584
呵呵上海2012,2024-02-03 15:22:00,2024-02-05 09:29:00,M->M,M,,,0,0,0,0,1.7548611111111112,2024Q1,351,196,244,1.4385773181164627,1.3221163080457792,1.3684881252273213,0.04351605512262272
呵呵上海2012,2024-02-05 09:29:00,2024-02-05 13:36:00,M->M,M,,,0,0,0,0,0.17152777777777778,2024Q1,351,196,244,1.4385773181164627,1.3221163080457792,1.3684881252273213,-0.8448580176170745
呵呵上海2012,2024-02-16 15:02:00,2024-02-20 10:25:00,H->M,M,,,0,0,0,0,3.807638888888889,2024Q1,351,196,244,1.4385773181164627,1.3221163080457792,1.3684881252273213,1.195285247674616
呵呵上海2012,2024-02-20 10:25:00,2024-02-20 13:54:00,M->M,M,,,0,0,0,0,0.1451388888888889,2024Q1,351,196,244,1.4385773181164627,1.3221163080457792,1.3684881252273213,-0.8596642521627361
呵呵上海2012,2024-02-20 13:54:00,2024-02-22 22:40:00,M->M,M,,1.0,0,1,0,1,2.3652777777777776,2024Q1,351,196,244,1.4385773181164627,1.3221163080457792,1.3684881252273213,0.3860076384288479
呵呵上海2012,2024-02-22 22:40:00,2024-02-26 10:24:00,M->H,H,,,0,0,0,0,3.488888888888889,2024Q1,351,196,244,1.4385773181164627,1.3221163080457792,1.3684881252273213,1.0164415198730716
呵呵上海2012,2024-02-26 10:24:00,2024-02-27 13:11:00,H->M,M,,,0,0,0,0,1.1159722222222221,2024Q1,351,196,244,1.4385773181164627,1.3221163080457792,1.3684881252273213,-0.3149506759828692
呵呵上海2012,2024-02-27 13:11:00,2024-02-29 09:17:00,M->H,H,,,0,0,0,0,1.8375,2024Q1,351,196,244,1.4385773181164627,1.3221163080457792,1.3684881252273213,0.08988294751561558
呵呵上海2012,2024-02-29 09:17:00,2024-02-29 10:17:00,H->M,M,,,0,0,0,0,0.041666666666666664,2024Q1,351,196,244,1.4385773181164627,1.3221163080457792,1.3684881252273213,-0.9177202770917776
呵呵上海2012,2024-02-29 10:17:00,2024-03-01 09:57:00,M->M,M,,,0,0,0,0,0.9861111111111112,2024Q1,351,196,244,1.4385773181164627,1.3221163080457792,1.3684881252273213,-0.38781293545757234
呵呵上海2012,2024-03-01 09:57:00,2024-03-05 10:03:00,M->M,M,,,0,0,0,0,4.004166666666666,2024Q1,351,196,244,1.4385773181164627,1.3221163080457792,1.3684881252273213,1.3055527312646749
呵呵上海2012,2024-03-05 10:03:00,2024-03-08 20:44:00,M->M,M,,,0,0,0,0,3.4451388888888888,2024Q1,351,196,244,1.4385773181164627,1.3221163080457792,1.3684881252273213,0.9918943415473694
呵呵上海2012,2024-03-18 09:07:00,2024-03-18 14:19:00,M->H,H,,,0,0,0,0,0.21666666666666667,2024Q1,351,196,244,1.4385773181164627,1.3221163080457792,1.3684881252273213,-0.819531563788969
呵呵上海2012,2024-03-18 14:19:00,2024-03-19 14:13:00,H->M,M,,,0,0,0,0,0.9958333333333333,2024Q1,351,196,244,1.4385773181164627,1.3221163080457792,1.3684881252273213,-0.3823580069407497
呵呵上海2012,2024-03-19 14:13:00,2024-03-20 07:45:00,M->M,M,,,0,0,0,0,0.7305555555555555,2024Q1,351,196,244,1.4385773181164627,1.3221163080457792,1.3684881252273213,-0.5311996278997692
呵呵上海2012,2024-03-20 07:45:00,2024-03-20 11:07:00,M->M,M,,,0,0,0,0,0.14027777777777778,2024Q1,351,196,244,1.4385773181164627,1.3221163080457792,1.3684881252273213,-0.8623917164211474
呵呵上海2012,2024-03-20 11:07:00,2024-03-21 16:38:00,M->M,M,,,0,0,0,0,1.229861111111111,2024Q1,351,196,244,1.4385773181164627,1.3221163080457792,1.3684881252273213,-0.25105008478580326
呵呵上海2012,2024-03-21 16:38:00,2024-03-22 18:47:00,M->M,M,,,0,0,0,0,1.0895833333333333,2024Q1,351,196,244,1.4385773181164627,1.3221163080457792,1.3684881252273213,-0.3297569105285308
呵呵上海2012,2024-03-22 18:47:00,2024-03-23 08:35:00,M->H,H,,,0,0,0,0,0.575,2024Q1,351,196,244,1.4385773181164627,1.3221163080457792,1.3684881252273213,-0.6184784841689324
呵呵上海2012,2024-03-23 08:35:00,2024-03-24 14:29:00,H->H,H,,1.0,0,1,0,1,1.2458333333333333,2024Q1,351,196,244,1.4385773181164627,1.3221163080457792,1.3684881252273213,-0.24208841650816593
呵呵上海2012,2024-03-24 14:29:00,2024-03-26 08:51:00,H->M,M,,1.0,0,1,0,1,1.7652777777777777,2024Q1,351,196,244,1.4385773181164627,1.3221163080457792,1.3684881252273213,0.049360621390646967
呵呵上海2012,2024-03-26 08:51:00,2024-03-26 08:59:00,M->H,H,,,0,0,0,0,0.005555555555555556,2024Q1,351,196,244,1.4385773181164627,1.3221163080457792,1.3684881252273213,-0.937981440154262
呵呵上海2012,2024-03-26 08:59:00,2024-03-28 12:45:00,H->M,M,,,0,0,0,0,2.1569444444444446,2024Q1,351,196,244,1.4385773181164627,1.3221163080457792,1.3684881252273213,0.2691163130683616
呵呵上海2012,2024-03-28 12:45:00,2024-03-29 20:13:00,M->M,M,,,0,0,0,0,1.3111111111111111,2024Q1,351,196,244,1.4385773181164627,1.3221163080457792,1.3684881252273213,-0.2054624678952135
呵呵上海2012,2024-03-29 20:13:00,2024-03-30 16:34:00,M->M,M,0.0,,1,0,1,0,0.8479166666666667,2024Q1,351,196,244,1.4385773181164627,1.3221163080457792,1.3684881252273213,-0.46535084794669507
呵呵上海2012,2024-03-30 16:34:00,2024-04-01 10:32:00,M->M,M,,,0,0,0,0,1.7486111111111111,2024Q2,351,196,244,1.4385773181164627,1.3221163080457792,1.3684881252273213,0.04000931536180808
呵呵上海2012,2024-04-01 10:32:00,2024-04-05 22:45:00,M->M,M,,1.0,0,1,0,1,4.509027777777778,2024Q2,351,196,244,1.4385773181164627,1.3221163080457792,1.3684881252273213,1.5888193763882539
呵呵上海2012,2024-04-05 22:45:00,2024-04-05 23:08:00,M->M,M,,,0,0,0,0,0.01597222222222222,2024Q2,351,196,244,1.4385773181164627,1.3221163080457792,1.3684881252273213,-0.9321368738862377
呵呵上海2012,2024-04-15 13:06:00,2024-04-16 13:45:00,M->H,H,,,0,0,0,0,1.0270833333333333,2024Q2,351,196,244,1.4385773181164627,1.3221163080457792,1.3684881252273213,-0.3648243081366767
呵呵上海2012,2024-04-16 13:45:00,2024-04-16 21:58:00,H->H,H,,,0,0,0,0,0.3423611111111111,2024Q2,351,196,244,1.4385773181164627,1.3221163080457792,1.3684881252273213,-0.7490071308214755
呵呵上海2012,2024-04-16 21:58:00,2024-04-17 13:14:00,H->M,M,,,0,0,0,0,0.6361111111111111,2024Q2,351,196,244,1.4385773181164627,1.3221163080457792,1.3684881252273213,-0.5841903620631896
呵呵上海2012,2024-04-17 13:14:00,2024-04-20 09:41:00,M->M,M,,0.0,0,1,0,1,2.8520833333333333,2024Q2,351,196,244,1.4385773181164627,1.3221163080457792,1.3684881252273213,0.6591437020211847
呵呵上海2012,2024-04-20 09:41:00,2024-04-25 09:53:00,M->M,M,,,0,0,0,0,5.008333333333334,2024Q2,351,196,244,1.4385773181164627,1.3221163080457792,1.3684881252273213,1.8689689195022199
呵呵上海2012,2024-04-25 09:53:00,2024-04-25 18:45:00,M->H,H,,,0,0,0,0,0.36944444444444446,2024Q2,351,196,244,1.4385773181164627,1.3221163080457792,1.3684881252273213,-0.7338112585246124
呵呵上海2012,2024-04-25 18:45:00,2024-04-28 09:48:00,H->H,H,,,0,0,0,0,2.627083333333333,2024Q2,351,196,244,1.4385773181164627,1.3221163080457792,1.3684881252273213,0.5329010706318593
呵呵上海2012,2024-04-28 09:48:00,2024-05-01 00:19:00,H->M,M,,,0,0,0,0,2.604861111111111,2024Q2,351,196,244,1.4385773181164627,1.3221163080457792,1.3684881252273213,0.5204326625934075
呵呵上海2012,2024-05-01 00:19:00,2024-05-03 22:48:00,M->M,M,,,0,0,0,0,2.9368055555555554,2024Q2,351,196,244,1.4385773181164627,1.3221163080457792,1.3684881252273213,0.7066795076677825
呵呵上海2012,2024-05-12 23:26:00,2024-05-19 10:22:00,H->M,M,,,0,0,0,0,6.455555555555556,2024Q2,351,196,244,1.4385773181164627,1.3221163080457792,1.3684881252273213,2.680973993006399
呵呵上海2012,2024-05-19 10:22:00,2024-05-21 08:57:00,M->M,M,,,0,0,0,0,1.9409722222222223,2024Q2,351,196,244,1.4385773181164627,1.3221163080457792,1.3684881252273213,0.1479389724446573
呵呵上海2012,2024-05-21 08:57:00,2024-05-22 09:35:00,M->M,M,,,0,0,0,0,1.0263888888888888,2024Q2,351,196,244,1.4385773181164627,1.3221163080457792,1.3684881252273213,-0.36521394588787837
呵呵上海2012,2024-05-22 09:35:00,2024-05-23 09:59:00,M->M,M,,,0,0,0,0,1.0166666666666666,2024Q2,351,196,244,1.4385773181164627,1.3221163080457792,1.3684881252273213,-0.3706688744047011
呵呵上海2012,2024-05-23 09:59:00,2024-05-23 10:07:00,M->M,M,,,0,0,0,0,0.005555555555555556,2024Q2,351,196,244,1.4385773181164627,1.3221163080457792,1.3684881252273213,-0.937981440154262
呵呵上海2012,2024-05-23 10:07:00,2024-05-23 13:46:00,M->M,M,,,0,0,0,0,0.15208333333333332,2024Q2,351,196,244,1.4385773181164627,1.3221163080457792,1.3684881252273213,-0.8557678746507199
呵呵上海2012,2024-05-23 13:46:00,2024-05-24 09:28:00,M->M,M,0.0,,2,0,1,0,0.8208333333333333,2024Q2,351,196,244,1.4385773181164627,1.3221163080457792,1.3684881252273213,-0.4805467202435583
呵呵上海2012,2024-05-24 09:28:00,2024-05-24 10:10:00,M->M,M,,,0,0,0,0,0.029166666666666667,2024Q2,351,196,244,1.4385773181164627,1.3221163080457792,1.3684881252273213,-0.924733756613407
呵呵上海2012,2024-05-24 10:10:00,2024-05-24 13:27:00,M->M,M,,,0,0,0,0,0.13680555555555557,2024Q2,351,196,244,1.4385773181164627,1.3221163080457792,1.3684881252273213,-0.8643399051771555
呵呵上海2012,2024-05-24 13:27:00,2024-05-26 21:01:00,M->H,H,,1.0,0,1,0,1,2.3152777777777778,2024Q2,351,196,244,1.4385773181164627,1.3221163080457792,1.3684881252273213,0.35795372034233125
呵呵上海2012,2024-05-26 21:01:00,2024-05-26 21:07:00,H->M,M,,,0,0,0,0,0.004166666666666667,2024Q2,351,196,244,1.4385773181164627,1.3221163080457792,1.3684881252273213,-0.9387607156566653
呵呵上海2012,2024-05-26 21:07:00,2024-05-29 12:40:00,M->M,M,,,0,0,0,0,2.6479166666666667,2024Q2,351,196,244,1.4385773181164627,1.3221163080457792,1.3684881252273213,0.544590203167908
呵呵上海2012,2024-05-29 12:40:00,2024-05-30 13:11:00,M->L,L,,0.0,0,1,0,1,1.0215277777777778,2024Q2,351,196,244,1.4385773181164627,1.3221163080457792,1.3684881252273213,-0.36794141014628967
呵呵上海2012,2024-05-30 13:11:00,2024-05-31 14:28:00,L->H,H,,,0,0,0,0,1.0534722222222221,2024Q2,351,196,244,1.4385773181164627,1.3221163080457792,1.3684881252273213,-0.35001807359101517
呵呵上海2012,2024-05-31 14:28:00,2024-06-06 13:17:00,H->H,H,,,0,0,0,0,5.950694444444444,2024Q2,351,196,244,1.4385773181164627,1.3221163080457792,1.3684881252273213,2.3977073478828204
呵呵上海2012,2024-06-06 13:17:00,2024-06-07 16:50:00,H->M,M,,,0,0,0,0,1.1479166666666667,2024Q2,351,196,244,1.4385773181164627,1.3221163080457792,1.3684881252273213,-0.29702733942759457
呵呵上海2012,2024-06-07 16:50:00,2024-06-11 14:06:00,M->M,M,,,0,0,0,0,3.886111111111111,2024Q2,351,196,244,1.4385773181164627,1.3221163080457792,1.3684881252273213,1.2393143135603992
呵呵上海2012,2024-06-11 14:06:00,2024-06-17 09:44:00,M->M,M,,,0,0,0,0,5.8180555555555555,2024Q2,351,196,244,1.4385773181164627,1.3221163080457792,1.3684881252273213,2.3232865374033103
呵呵上海2012,2024-06-17 09:44:00,2024-06-17 10:23:00,M->M,M,,,0,0,0,0,0.027083333333333334,2024Q2,351,196,244,1.4385773181164627,1.3221163080457792,1.3684881252273213,-0.9259026698670118
呵呵上海2012,2024-06-17 10:23:00,2024-06-17 12:13:00,M->M,M,,,0,0,0,0,0.0763888888888889,2024Q2,351,196,244,1.4385773181164627,1.3221163080457792,1.3684881252273213,-0.8982383895316967
呵呵上海2012,2024-06-17 12:13:00,2024-06-21 09:24:00,M->M,M,,,0,0,0,0,3.8826388888888888,2024Q2,351,196,244,1.4385773181164627,1.3221163080457792,1.3684881252273213,1.237366124804391
呵呵上海2012,2024-06-21 09:24:00,2024-06-25 17:50:00,M->M,M,,,0,0,0,0,4.351388888888889,2024Q2,351,196,244,1.4385773181164627,1.3221163080457792,1.3684881252273213,1.5003716068654855
呵呵上海2012,2024-06-25 17:50:00,2024-06-27 09:06:00,M->M,M,,,0,0,0,0,1.636111111111111,2024Q2,351,196,244,1.4385773181164627,1.3221163080457792,1.3684881252273213,-0.023112000332854637
呵呵上海2012,2024-06-27 09:06:00,2024-06-28 08:40:00,M->H,H,,,0,0,0,0,0.9819444444444444,2024Q2,351,196,244,1.4385773181164627,1.3221163080457792,1.3684881252273213,-0.39015076196478216
呵呵上海2012,2024-06-28 08:40:00,2024-06-28 09:09:00,H->H,H,,,0,0,0,0,0.02013888888888889,2024Q2,351,196,244,1.4385773181164627,1.3221163080457792,1.3684881252273213,-0.929799047379028
呵呵上海2012,2024-06-28 09:09:00,2024-06-28 09:16:00,H->H,H,,,0,0,0,0,0.004861111111111111,2024Q2,351,196,244,1.4385773181164627,1.3221163080457792,1.3684881252273213,-0.9383710779054636
呵呵上海2012,2024-06-28 09:16:00,2024-07-01 13:14:00,H->M,M,,,0,0,0,0,3.165277777777778,2024Q3,351,196,244,1.4385773181164627,1.3221163080457792,1.3684881252273213,0.8348703278131161
呵呵上海2012,2024-07-01 13:14:00,2024-07-02 14:05:00,M->M,M,,,0,0,0,0,1.0354166666666667,2024Q3,351,196,244,1.4385773181164627,1.3221163080457792,1.3684881252273213,-0.36014865512225724
呵呵上海2012,2024-07-02 14:05:00,2024-07-02 18:23:00,M->H,H,,,0,0,0,0,0.17916666666666667,2024Q3,351,196,244,1.4385773181164627,1.3221163080457792,1.3684881252273213,-0.8405720023538567
呵呵上海2012,2024-07-02 18:23:00,2024-07-02 18:36:00,H->M,M,,,0,0,0,0,0.009027777777777777,2024Q3,351,196,244,1.4385773181164627,1.3221163080457792,1.3684881252273213,-0.9360332513982539
呵呵上海2012,2024-07-02 18:36:00,2024-07-02 18:38:00,M->M,M,,,0,0,0,0,0.001388888888888889,2024Q3,351,196,244,1.4385773181164627,1.3221163080457792,1.3684881252273213,-0.9403192666614718
呵呵上海2012,2024-07-02 18:38:00,2024-07-04 08:00:00,M->M,M,,,0,0,0,0,1.5569444444444445,2024Q3,351,196,244,1.4385773181164627,1.3221163080457792,1.3684881252273213,-0.06753070396983946
呵呵上海2012,2024-07-04 08:00:00,2024-07-04 08:20:00,M->M,M,,,0,0,0,0,0.013888888888888888,2024Q3,351,196,244,1.4385773181164627,1.3221163080457792,1.3684881252273213,-0.9333057871398426
呵呵上海2012,2024-07-04 08:20:00,2024-07-05 09:10:00,M->M,M,,,0,0,0,0,1.0347222222222223,2024Q3,351,196,244,1.4385773181164627,1.3221163080457792,1.3684881252273213,-0.36053829287345884
呵呵上海2012,2024-07-05 09:10:00,2024-07-05 18:18:00,M->M,M,,,0,0,0,0,0.38055555555555554,2024Q3,351,196,244,1.4385773181164627,1.3221163080457792,1.3684881252273213,-0.7275770545053863
呵呵上海2012,2024-07-05 18:18:00,2024-07-05 18:20:00,M->H,H,,,0,0,0,0,0.001388888888888889,2024Q3,351,196,244,1.4385773181164627,1.3221163080457792,1.3684881252273213,-0.9403192666614718
呵呵上海2012,2024-07-05 18:20:00,2024-07-05 23:03:00,H->M,M,,,0,0,0,0,0.19652777777777777,2024Q3,351,196,244,1.4385773181164627,1.3221163080457792,1.3684881252273213,-0.830831058573816
呵呵上海2012,2024-07-05 23:03:00,2024-07-08 08:51:00,M->M,M,,,0,0,0,0,2.408333333333333,2024Q3,351,196,244,1.4385773181164627,1.3221163080457792,1.3684881252273213,0.4101651790033485
呵呵上海2012,2024-07-08 08:51:00,2024-07-08 10:16:00,M->M,M,,,0,0,0,0,0.059027777777777776,2024Q3,351,196,244,1.4385773181164627,1.3221163080457792,1.3684881252273213,-0.9079793333117372
呵呵上海2012,2024-07-08 10:16:00,2024-07-08 12:33:00,M->M,M,,,0,0,0,0,0.09513888888888888,2024Q3,351,196,244,1.4385773181164627,1.3221163080457792,1.3684881252273213,-0.8877181702492528
呵呵上海2012,2024-07-08 12:33:00,2024-07-08 16:30:00,M->M,M,,,0,0,0,0,0.16458333333333333,2024Q3,351,196,244,1.4385773181164627,1.3221163080457792,1.3684881252273213,-0.8487543951290907
呵呵上海2012,2024-07-08 16:30:00,2024-07-08 16:32:00,M->M,M,,,0,0,0,0,0.001388888888888889,2024Q3,351,196,244,1.4385773181164627,1.3221163080457792,1.3684881252273213,-0.9403192666614718
呵呵上海2012,2024-07-08 16:32:00,2024-07-09 09:25:00,M->M,M,,,0,0,0,0,0.7034722222222223,2024Q3,351,196,244,1.4385773181164627,1.3221163080457792,1.3684881252273213,-0.5463955001966323
呵呵上海2012,2024-07-09 09:25:00,2024-07-09 19:04:00,M->M,M,,,0,0,0,0,0.40208333333333335,2024Q3,351,196,244,1.4385773181164627,1.3221163080457792,1.3684881252273213,-0.7154982842181361
呵呵上海2012,2024-07-09 19:04:00,2024-07-09 19:10:00,M->M,M,,,0,0,0,0,0.004166666666666667,2024Q3,351,196,244,1.4385773181164627,1.3221163080457792,1.3684881252273213,-0.9387607156566653
呵呵上海2012,2024-07-09 19:10:00,2024-07-10 09:38:00,M->M,M,,,0,0,0,0,0.6027777777777777,2024Q3,351,196,244,1.4385773181164627,1.3221163080457792,1.3684881252273213,-0.6028929741208674
呵呵上海2012,2024-07-10 09:38:00,2024-07-11 10:02:00,M->M,M,,,0,0,0,0,1.0166666666666666,2024Q3,351,196,244,1.4385773181164627,1.3221163080457792,1.3684881252273213,-0.3706688744047011
呵呵上海2012,2024-07-11 10:02:00,2024-07-12 09:34:00,M->M,M,,,0,0,0,0,0.9805555555555555,2024Q3,351,196,244,1.4385773181164627,1.3221163080457792,1.3684881252273213,-0.3909300374671854
呵呵上海2012,2024-07-12 09:34:00,2024-07-18 18:23:00,M->M,M,,,0,0,0,0,6.367361111111111,2024Q3,351,196,244,1.4385773181164627,1.3221163080457792,1.3684881252273213,2.6314899986037927
呵呵上海2012,2024-07-18 18:23:00,2024-07-18 23:59:00,M->M,M,,,0,0,0,0,0.23333333333333334,2024Q3,351,196,244,1.4385773181164627,1.3221163080457792,1.3684881252273213,-0.8101802577601301
呵呵上海2012,2024-07-18 23:59:00,2024-07-21 11:57:00,M->M,M,,,0,0,0,0,2.498611111111111,2024Q3,351,196,244,1.4385773181164627,1.3221163080457792,1.3684881252273213,0.46081808665955926
呵呵上海2012,2024-07-21 11:57:00,2024-07-22 18:17:00,M->M,M,,,0,0,0,0,1.2638888888888888,2024Q3,351,196,244,1.4385773181164627,1.3221163080457792,1.3684881252273213,-0.2319578349769238
呵呵上海2012,2024-07-22 18:17:00,2024-07-24 18:06:00,M->M,M,,,0,0,0,0,1.992361111111111,2024Q3,351,196,244,1.4385773181164627,1.3221163080457792,1.3684881252273213,0.1767721660335772
呵呵上海2012,2024-07-24 18:06:00,2024-07-24 18:08:00,M->M,M,,,0,0,0,0,0.001388888888888889,2024Q3,351,196,244,1.4385773181164627,1.3221163080457792,1.3684881252273213,-0.9403192666614718
呵呵上海2012,2024-07-24 18:08:00,2024-07-26 12:32:00,M->H,H,,,0,0,0,0,1.7666666666666666,2024Q3,351,196,244,1.4385773181164627,1.3221163080457792,1.3684881252273213,0.050139896893050206
呵呵上海2012,2024-07-26 12:32:00,2024-07-26 12:49:00,H->M,M,,,0,0,0,0,0.011805555555555555,2024Q3,351,196,244,1.4385773181164627,1.3221163080457792,1.3684881252273213,-0.9344747003934474
呵呵上海2012,2024-07-26 12:49:00,2024-07-26 12:51:00,M->M,M,,,0,0,0,0,0.001388888888888889,2024Q3,351,196,244,1.4385773181164627,1.3221163080457792,1.3684881252273213,-0.9403192666614718
呵呵上海2012,2024-07-26 12:51:00,2024-07-27 13:26:00,M->M,M,,,0,0,0,0,1.0243055555555556,2024Q3,351,196,244,1.4385773181164627,1.3221163080457792,1.3684881252273213,-0.3663828591414832
呵呵上海2012,2024-07-27 13:26:00,2024-08-02 12:53:00,M->M,M,,,0,0,0,0,5.977083333333334,2024Q3,351,196,244,1.4385773181164627,1.3221163080457792,1.3684881252273213,2.4125135824284816
呵呵上海2012,2024-08-02 12:53:00,2024-08-02 12:58:00,M->M,M,,,0,0,0,0,0.003472222222222222,2024Q3,351,196,244,1.4385773181164627,1.3221163080457792,1.3684881252273213,-0.9391503534078668
呵呵上海2012,2024-08-02 12:58:00,2024-08-02 15:59:00,M->L,L,,,0,0,0,0,0.12569444444444444,2024Q3,351,196,244,1.4385773181164627,1.3221163080457792,1.3684881252273213,-0.8705741091963815
呵呵上海2012,2024-08-11 09:34:00,2024-08-12 00:41:00,M->M,M,,,0,0,0,0,0.6298611111111111,2024Q3,351,196,244,1.4385773181164627,1.3221163080457792,1.3684881252273213,-0.5876971018240044
呵呵上海2012,2024-08-12 00:41:00,2024-08-14 21:33:00,M->L,L,0.0,,2,0,1,0,2.8694444444444445,2024Q3,351,196,244,1.4385773181164627,1.3221163080457792,1.3684881252273213,0.6688846458012253
呵呵上海2012,2024-08-14 21:33:00,2024-08-14 21:42:00,L->L,L,,,0,0,0,0,0.00625,2024Q3,351,196,244,1.4385773181164627,1.3221163080457792,1.3684881252273213,-0.9375918024030604
呵呵上海2012,2024-08-14 21:42:00,2024-08-15 16:08:00,L->M,M,,,0,0,0,0,0.7680555555555556,2024Q3,351,196,244,1.4385773181164627,1.3221163080457792,1.3684881252273213,-0.5101591893348816
呵呵上海2012,2024-08-15 16:08:00,2024-08-15 16:21:00,M->M,M,,,0,0,0,0,0.009027777777777777,2024Q3,351,196,244,1.4385773181164627,1.3221163080457792,1.3684881252273213,-0.9360332513982539
呵呵上海2012,2024-08-15 16:21:00,2024-08-16 18:56:00,M->M,M,1.0,,1,0,1,0,1.1076388888888888,2024Q3,351,196,244,1.4385773181164627,1.3221163080457792,1.3684881252273213,-0.31962632899728866
呵呵上海2012,2024-08-16 18:56:00,2024-08-18 23:51:00,M->M,M,,,0,0,0,0,2.204861111111111,2024Q3,351,196,244,1.4385773181164627,1.3221163080457792,1.3684881252273213,0.2960013179012735
呵呵上海2012,2024-08-18 23:51:00,2024-08-19 00:31:00,M->M,M,,,0,0,0,0,0.027777777777777776,2024Q3,351,196,244,1.4385773181164627,1.3221163080457792,1.3684881252273213,-0.9255130321158102
呵呵上海2012,2024-08-19 00:31:00,2024-08-21 09:37:00,M->M,M,,,0,0,0,0,2.379166666666667,2024Q3,351,196,244,1.4385773181164627,1.3221163080457792,1.3684881252273213,0.39380039345288054
呵呵上海2012,2024-08-28 22:36:00,2024-08-30 21:14:00,L->M,M,,,0,0,0,0,1.9430555555555555,2024Q3,351,196,244,1.4385773181164627,1.3221163080457792,1.3684881252273213,0.1491078856982621
呵呵上海2012,2024-08-30 21:14:00,2024-09-03 09:49:00,M->H,H,,,0,0,0,0,3.5243055555555554,2024Q3,351,196,244,1.4385773181164627,1.3221163080457792,1.3684881252273213,1.0363130451843543
呵呵上海2012,2024-09-03 09:49:00,2024-09-03 10:17:00,H->H,H,,,0,0,0,0,0.019444444444444445,2024Q3,351,196,244,1.4385773181164627,1.3221163080457792,1.3684881252273213,-0.9301886851302297
呵呵上海2012,2024-09-03 10:17:00,2024-09-03 20:58:00,H->M,M,,,0,0,0,0,0.44513888888888886,2024Q3,351,196,244,1.4385773181164627,1.3221163080457792,1.3684881252273213,-0.6913407436436356
呵呵上海2012,2024-09-03 20:58:00,2024-09-05 22:24:00,M->M,M,,,0,0,0,0,2.0597222222222222,2024Q3,351,196,244,1.4385773181164627,1.3221163080457792,1.3684881252273213,0.21456702790013454
呵呵上海2012,2024-09-05 22:24:00,2024-09-06 11:46:00,M->M,M,,,0,0,0,0,0.5569444444444445,2024Q3,351,196,244,1.4385773181164627,1.3221163080457792,1.3684881252273213,-0.6286090657001745
呵呵上海2012,2024-09-06 11:46:00,2024-09-06 17:43:00,M->M,M,,,0,0,0,0,0.24791666666666667,2024Q3,351,196,244,1.4385773181164627,1.3221163080457792,1.3684881252273213,-0.801997864984896
呵呵上海2012,2024-09-06 17:43:00,2024-09-07 23:33:00,M->M,M,,,0,0,0,0,1.2430555555555556,2024Q3,351,196,244,1.4385773181164627,1.3221163080457792,1.3684881252273213,-0.2436469675129724
呵呵上海2012,2024-09-07 23:33:00,2024-09-07 23:44:00,M->M,M,,,0,0,0,0,0.007638888888888889,2024Q3,351,196,244,1.4385773181164627,1.3221163080457792,1.3684881252273213,-0.9368125269006571
呵呵上海2012,2024-09-07 23:44:00,2024-09-08 15:02:00,M->M,M,,1.0,0,1,0,1,0.6375,2024Q3,351,196,244,1.4385773181164627,1.3221163080457792,1.3684881252273213,-0.5834110865607864
呵呵上海2012,2024-09-08 15:02:00,2024-09-10 23:30:00,M->M,M,,,0,0,0,0,2.352777777777778,2024Q3,351,196,244,1.4385773181164627,1.3221163080457792,1.3684881252273213,0.3789941589072189
呵呵上海2012,2024-09-10 23:30:00,2024-09-11 07:08:00,M->M,M,,,0,0,0,0,0.31805555555555554,2024Q3,351,196,244,1.4385773181164627,1.3221163080457792,1.3684881252273213,-0.7626444521135324
呵呵上海2012,2024-09-11 07:08:00,2024-09-11 20:51:00,M->M,M,,,0,0,0,0,0.5715277777777777,2024Q3,351,196,244,1.4385773181164627,1.3221163080457792,1.3684881252273213,-0.6204266729249405
呵呵上海2012,2024-09-11 20:51:00,2024-09-11 21:06:00,M->M,M,,,0,0,0,0,0.010416666666666666,2024Q3,351,196,244,1.4385773181164627,1.3221163080457792,1.3684881252273213,-0.9352539758958507
呵呵上海2012,2024-09-11 21:06:00,2024-09-11 21:16:00,M->M,M,,,0,0,0,0,0.006944444444444444,2024Q3,351,196,244,1.4385773181164627,1.3221163080457792,1.3684881252273213,-0.9372021646518588
呵呵上海2012,2024-09-11 21:16:00,2024-09-11 22:47:00,M->M,M,,,0,0,0,0,0.06319444444444444,2024Q3,351,196,244,1.4385773181164627,1.3221163080457792,1.3684881252273213,-0.9056415068045274
呵呵上海2012,2024-09-11 22:47:00,2024-09-12 23:07:00,M->M,M,,,0,0,0,0,1.0138888888888888,2024Q3,351,196,244,1.4385773181164627,1.3221163080457792,1.3684881252273213,-0.37222742540950754
呵呵上海2012,2024-09-12 23:07:00,2024-09-12 23:21:00,M->M,M,,,0,0,0,0,0.009722222222222222,2024Q3,351,196,244,1.4385773181164627,1.3221163080457792,1.3684881252273213,-0.9356436136470523
呵呵上海2012,2024-09-12 23:21:00,2024-09-13 22:42:00,M->M,M,,0.0,0,1,0,1,0.9729166666666667,2024Q3,351,196,244,1.4385773181164627,1.3221163080457792,1.3684881252273213,-0.3952160527304032
呵呵上海2012,2024-09-13 22:42:00,2024-09-14 08:50:00,M->M,M,,,0,0,0,0,0.4222222222222222,2024Q3,351,196,244,1.4385773181164627,1.3221163080457792,1.3684881252273213,-0.7041987894332891
呵呵上海2012,2024-09-14 08:50:00,2024-09-15 12:19:00,M->M,M,,,0,0,0,0,1.145138888888889,2024Q3,351,196,244,1.4385773181164627,1.3221163080457792,1.3684881252273213,-0.298585890432401
呵呵上海2012,2024-09-15 12:19:00,2024-09-16 13:21:00,M->M,M,,,0,0,0,0,1.0430555555555556,2024Q3,351,196,244,1.4385773181164627,1.3221163080457792,1.3684881252273213,-0.3558626398590394
呵呵上海2012,2024-09-16 13:21:00,2024-09-18 22:24:00,M->M,M,,,0,0,0,0,2.377083333333333,2024Q3,351,196,244,1.4385773181164627,1.3221163080457792,1.3684881252273213,0.3926314801992755
呵呵上海2012,2024-09-18 22:24:00,2024-09-20 08:08:00,M->H,H,,,0,0,0,0,1.4055555555555554,2024Q3,351,196,244,1.4385773181164627,1.3221163080457792,1.3684881252273213,-0.15247173373179304
呵呵上海2012,2024-09-20 08:08:00,2024-09-20 23:05:00,H->M,M,,,0,0,0,0,0.6229166666666667,2024Q3,351,196,244,1.4385773181164627,1.3221163080457792,1.3684881252273213,-0.5915934793360204
呵呵上海2012,2024-09-20 23:05:00,2024-09-22 12:04:00,M->M,M,,,0,0,0,0,1.5409722222222222,2024Q3,351,196,244,1.4385773181164627,1.3221163080457792,1.3684881252273213,-0.07649237224747679
呵呵上海2012,2024-09-22 12:04:00,2024-09-23 12:32:00,M->H,H,,,0,0,0,0,1.0194444444444444,2024Q3,351,196,244,1.4385773181164627,1.3221163080457792,1.3684881252273213,-0.3691103233998946
呵呵上海2012,2024-09-23 12:32:00,2024-09-27 22:37:00,H->M,M,,,0,0,0,0,4.420138888888889,2024Q3,351,196,244,1.4385773181164627,1.3221163080457792,1.3684881252273213,1.5389457442344465
呵呵上海2012,2024-09-27 22:37:00,2024-09-27 22:57:00,M->M,M,,,0,0,0,0,0.013888888888888888,2024Q3,351,196,244,1.4385773181164627,1.3221163080457792,1.3684881252273213,-0.9333057871398426
呵呵上海2012,2024-10-06 20:18:00,2024-10-07 17:25:00,M->M,M,,,0,0,0,0,0.8798611111111111,2024Q4,351,196,244,1.4385773181164627,1.3221163080457792,1.3684881252273213,-0.4474275113914205
呵呵上海2012,2024-10-07 17:25:00,2024-10-08 14:51:00,M->L,L,,,0,0,0,0,0.8930555555555556,2024Q4,351,196,244,1.4385773181164627,1.3221163080457792,1.3684881252273213,-0.4400243941185897
呵呵上海2012,2024-10-08 14:51:00,2024-10-08 22:19:00,L->M,M,,,0,0,0,0,0.3111111111111111,2024Q4,351,196,244,1.4385773181164627,1.3221163080457792,1.3684881252273213,-0.7665408296255486
呵呵上海2012,2024-10-08 22:19:00,2024-10-08 22:53:00,M->M,M,,,0,0,0,0,0.02361111111111111,2024Q4,351,196,244,1.4385773181164627,1.3221163080457792,1.3684881252273213,-0.9278508586230199
呵呵上海2012,2024-10-08 22:53:00,2024-10-11 08:01:00,M->L,L,,,0,0,0,0,2.3805555555555555,2024Q4,351,196,244,1.4385773181164627,1.3221163080457792,1.3684881252273213,0.3945796689552837
呵呵上海2012,2024-10-11 08:01:00,2024-10-14 23:04:00,L->H,H,,,0,0,0,0,3.627083333333333,2024Q4,351,196,244,1.4385773181164627,1.3221163080457792,1.3684881252273213,1.0939794323621943
呵呵上海2012,2024-10-14 23:04:00,2024-10-16 09:01:00,H->M,M,,,0,0,0,0,1.4145833333333333,2024Q4,351,196,244,1.4385773181164627,1.3221163080457792,1.3684881252273213,-0.14740644296617192
呵呵上海2012,2024-10-16 09:01:00,2024-10-17 21:53:00,M->M,M,,,0,0,0,0,1.5361111111111112,2024Q4,351,196,244,1.4385773181164627,1.3221163080457792,1.3684881252273213,-0.07921983650588807
呵呵上海2012,2024-10-17 21:53:00,2024-10-18 09:35:00,M->M,M,,,0,0,0,0,0.4875,2024Q4,351,196,244,1.4385773181164627,1.3221163080457792,1.3684881252273213,-0.6675728408203366
呵呵上海2012,2024-10-18 09:35:00,2024-10-18 16:58:00,M->M,M,,,0,0,0,0,0.3076388888888889,2024Q4,351,196,244,1.4385773181164627,1.3221163080457792,1.3684881252273213,-0.7684890183815566
呵呵上海2012,2024-10-18 16:58:00,2024-10-22 16:21:00,M->H,H,,,0,0,0,0,3.9743055555555555,2024Q4,351,196,244,1.4385773181164627,1.3221163080457792,1.3684881252273213,1.2887983079630052
呵呵上海2012,2024-10-22 16:21:00,2024-10-25 14:09:00,H->M,M,,,0,0,0,0,2.908333333333333,2024Q4,351,196,244,1.4385773181164627,1.3221163080457792,1.3684881252273213,0.690704359868516
呵呵上海2012,2024-10-25 14:09:00,2024-10-28 17:50:00,M->H,H,,,0,0,0,0,3.1534722222222222,2024Q4,351,196,244,1.4385773181164627,1.3221163080457792,1.3684881252273213,0.8282464860426885
呵呵上海2012,2024-11-21 17:50:00,2024-11-22 08:24:00,M->L,L,,,0,0,0,0,0.6069444444444444,2024Q4,351,196,244,1.4385773181164627,1.3221163080457792,1.3684881252273213,-0.6005551476136578
呵呵上海2012,2024-11-22 08:24:00,2024-11-22 08:45:00,L->H,H,,,0,0,0,0,0.014583333333333334,2024Q4,351,196,244,1.4385773181164627,1.3221163080457792,1.3684881252273213,-0.9329161493886409
呵呵上海2012,2024-11-22 08:45:00,2024-11-25 15:51:00,H->M,M,,,0,0,0,0,3.2958333333333334,2024Q4,351,196,244,1.4385773181164627,1.3221163080457792,1.3684881252273213,0.908122225039021
呵呵上海2012,2024-11-25 15:51:00,2024-11-28 18:13:00,M->L,L,,,0,0,0,0,3.098611111111111,2024Q4,351,196,244,1.4385773181164627,1.3221163080457792,1.3684881252273213,0.7974651036977604
呵呵上海2012,2024-11-28 18:13:00,2024-12-01 16:25:00,L->M,M,,,0,0,0,0,2.925,2024Q4,351,196,244,1.4385773181164627,1.3221163080457792,1.3684881252273213,0.7000556658973549
呵呵上海2012,2024-12-01 16:25:00,2024-12-03 14:12:00,M->M,M,,,0,0,0,0,1.9076388888888889,2024Q4,351,196,244,1.4385773181164627,1.3221163080457792,1.3684881252273213,0.12923636038697942
呵呵上海2012,2024-12-03 14:12:00,2024-12-05 12:29:00,M->M,M,,,0,0,0,0,1.9284722222222221,2024Q4,351,196,244,1.4385773181164627,1.3221163080457792,1.3684881252273213,0.14092549292302803
呵呵上海2012,2024-12-13 09:13:00,2024-12-13 09:34:00,M->H,H,,,0,0,0,0,0.014583333333333334,2024Q4,351,196,244,1.4385773181164627,1.3221163080457792,1.3684881252273213,-0.9329161493886409
呵呵上海2012,2024-12-13 09:34:00,2024-12-13 09:37:00,H->M,M,,,0,0,0,0,0.0020833333333333333,2024Q4,351,196,244,1.4385773181164627,1.3221163080457792,1.3684881252273213,-0.9399296289102701
呵呵上海2012,2024-12-13 09:37:00,2024-12-16 10:52:00,M->M,M,,,0,0,0,0,3.0520833333333335,2024Q4,351,196,244,1.4385773181164627,1.3221163080457792,1.3684881252273213,0.7713593743672518
呵呵上海2012,2024-12-16 10:52:00,2024-12-16 19:13:00,M->M,M,,,0,0,0,0,0.34791666666666665,2024Q4,351,196,244,1.4385773181164627,1.3221163080457792,1.3684881252273213,-0.7458900288118626
呵呵上海2012,2024-12-16 19:13:00,2024-12-19 09:39:00,M->L,L,,,0,0,0,0,2.6013888888888888,2024Q4,351,196,244,1.4385773181164627,1.3221163080457792,1.3684881252273213,0.5184844738373993
呵呵上海2012,2024-12-27 17:14:00,2024-12-29 20:30:00,M->M,M,,,0,0,0,0,2.136111111111111,2024Q4,351,196,244,1.4385773181164627,1.3221163080457792,1.3684881252273213,0.2574271805323129
呵呵上海2012,2024-12-29 20:30:00,2024-12-30 10:46:00,M->M,M,,,0,0,0,0,0.5944444444444444,2024Q4,351,196,244,1.4385773181164627,1.3221163080457792,1.3684881252273213,-0.6075686271352869
呵呵上海2012,2024-12-30 10:46:00,2025-01-03 22:31:00,M->M,M,,,0,0,0,0,4.489583333333333,2025Q1,351,196,244,1.4385773181164627,1.3221163080457792,1.3684881252273213,1.5779095193546082
呵呵上海2012,2025-01-03 22:31:00,2025-01-06 10:43:00,M->M,M,,,0,0,0,0,2.5083333333333333,2025Q1,351,196,244,1.4385773181164627,1.3221163080457792,1.3684881252273213,0.46627301517638203
呵呵上海2012,2025-01-06 10:43:00,2025-01-07 09:25:00,M->M,M,,,0,0,0,0,0.9458333333333333,2025Q1,351,196,244,1.4385773181164627,1.3221163080457792,1.3684881252273213,-0.4104119250272665
呵呵上海2012,2025-01-07 09:25:00,2025-01-07 10:30:00,M->H,H,,,0,0,0,0,0.04513888888888889,2025Q1,351,196,244,1.4385773181164627,1.3221163080457792,1.3684881252273213,-0.9157720883357696
呵呵上海2012,2025-01-07 10:30:00,2025-01-10 09:53:00,H->M,M,,,0,0,0,0,2.9743055555555555,2025Q1,351,196,244,1.4385773181164627,1.3221163080457792,1.3684881252273213,0.7277199462326701
呵呵上海2012,2025-01-10 09:53:00,2025-01-10 09:56:00,M->H,H,,,0,0,0,0,0.0020833333333333333,2025Q1,351,196,244,1.4385773181164627,1.3221163080457792,1.3684881252273213,-0.9399296289102701
呵呵上海2012,2025-01-10 09:56:00,2025-01-10 10:05:00,H->M,M,,,0,0,0,0,0.00625,2025Q1,351,196,244,1.4385773181164627,1.3221163080457792,1.3684881252273213,-0.9375918024030604
呵呵上海2012,2025-01-10 10:05:00,2025-01-10 14:16:00,M->M,M,,,0,0,0,0,0.17430555555555555,2025Q1,351,196,244,1.4385773181164627,1.3221163080457792,1.3684881252273213,-0.8432994666122681
呵呵上海2012,2025-01-10 14:16:00,2025-01-13 08:29:00,M->H,H,,,0,0,0,0,2.759027777777778,2025Q1,351,196,244,1.4385773181164627,1.3221163080457792,1.3684881252273213,0.6069322433601675
呵呵上海2012,2025-01-13 08:29:00,2025-01-14 20:58:00,H->H,H,,,0,0,0,0,1.520138888888889,2025Q1,351,196,244,1.4385773181164627,1.3221163080457792,1.3684881252273213,-0.08818150478352539
呵呵上海2012,2025-01-14 20:58:00,2025-01-16 13:47:00,H->M,M,,,0,0,0,0,1.7006944444444445,2025Q1,351,196,244,1.4385773181164627,1.3221163080457792,1.3684881252273213,0.013124310528896226
呵呵上海2012,2025-01-16 13:47:00,2025-01-17 23:52:00,M->H,H,,,0,0,0,0,1.4201388888888888,2025Q1,351,196,244,1.4385773181164627,1.3221163080457792,1.3684881252273213,-0.14428934095655896
呵呵上海2012,2025-01-17 23:52:00,2025-01-19 09:53:00,H->L,L,,0.0,0,1,0,1,1.417361111111111,2025Q1,351,196,244,1.4385773181164627,1.3221163080457792,1.3684881252273213,-0.14584789196136544
呵呵上海2012,2025-01-19 09:53:00,2025-01-19 10:00:00,L->H,H,,,0,0,0,0,0.004861111111111111,2025Q1,351,196,244,1.4385773181164627,1.3221163080457792,1.3684881252273213,-0.9383710779054636
呵呵上海2012,2025-01-19 10:00:00,2025-01-24 09:52:00,H->M,M,,,0,0,0,0,4.9944444444444445,2025Q1,351,196,244,1.4385773181164627,1.3221163080457792,1.3684881252273213,1.8611761644781872
呵呵上海2012,2025-01-24 09:52:00,2025-01-27 22:06:00,M->M,M,,,0,0,0,0,3.5097222222222224,2025Q1,351,196,244,1.4385773181164627,1.3221163080457792,1.3684881252273213,1.0281306524091205
呵呵上海2012,2025-02-06 19:21:00,2025-02-06 19:28:00,L->H,H,,,0,0,0,0,0.004861111111111111,2025Q1,351,196,244,1.4385773181164627,1.3221163080457792,1.3684881252273213,-0.9383710779054636
呵呵上海2012,2025-02-06 19:28:00,2025-02-06 21:09:00,H->H,H,,,0,0,0,0,0.07013888888888889,2025Q1,351,196,244,1.4385773181164627,1.3221163080457792,1.3684881252273213,-0.9017451292925112
呵呵上海2012,2025-02-06 21:09:00,2025-02-07 09:53:00,H->M,M,,,0,0,0,0,0.5305555555555556,2025Q1,351,196,244,1.4385773181164627,1.3221163080457792,1.3684881252273213,-0.6434153002458362
呵呵上海2012,2025-02-07 09:53:00,2025-02-07 18:01:00,M->L,L,,,0,0,0,0,0.3388888888888889,2025Q1,351,196,244,1.4385773181164627,1.3221163080457792,1.3684881252273213,-0.7509553195774836
呵呵上海2012,2025-02-07 18:01:00,2025-02-12 10:25:00,L->H,H,,,0,0,0,0,4.683333333333334,2025Q1,351,196,244,1.4385773181164627,1.3221163080457792,1.3684881252273213,1.6866184519398608
呵呵上海2012,2025-02-12 10:25:00,2025-02-14 22:15:00,H->M,M,0.0,,1,0,1,0,2.4930555555555554,2025Q1,351,196,244,1.4385773181164627,1.3221163080457792,1.3684881252273213,0.4577009846499463
呵呵上海2012,2025-02-14 22:15:00,2025-02-15 12:46:00,M->M,M,,,0,0,0,0,0.6048611111111111,2025Q1,351,196,244,1.4385773181164627,1.3221163080457792,1.3684881252273213,-0.6017240608672626
呵呵上海2012,2025-02-15 12:46:00,2025-02-15 22:53:00,M->M,M,,,0,0,0,0,0.4215277777777778,2025Q1,351,196,244,1.4385773181164627,1.3221163080457792,1.3684881252273213,-0.7045884271844908
呵呵上海2012,2025-02-15 22:53:00,2025-02-17 10:59:00,M->M,M,,,0,0,0,0,1.5041666666666667,2025Q1,351,196,244,1.4385773181164627,1.3221163080457792,1.3684881252273213,-0.09714317306116271
呵呵上海2012,2025-02-17 10:59:00,2025-02-17 17:41:00,M->M,M,,,0,0,0,0,0.2791666666666667,2025Q1,351,196,244,1.4385773181164627,1.3221163080457792,1.3684881252273213,-0.784464166180823
呵呵上海2012,2025-02-17 17:41:00,2025-02-18 10:08:00,M->M,M,,,0,0,0,0,0.6854166666666667,2025Q1,351,196,244,1.4385773181164627,1.3221163080457792,1.3684881252273213,-0.5565260817278745
呵呵上海2012,2025-02-18 10:08:00,2025-02-24 09:37:00,M->H,H,,,0,0,0,0,5.978472222222222,2025Q1,351,196,244,1.4385773181164627,1.3221163080457792,1.3684881252273213,2.4132928579308848
呵呵上海2012,2025-02-24 09:37:00,2025-02-28 23:21:00,H->H,H,,,0,0,0,0,4.572222222222222,2025Q1,351,196,244,1.4385773181164627,1.3221163080457792,1.3684881252273213,1.6242764117476012
呵呵上海2012,2025-02-28 23:21:00,2025-02-28 23:48:00,H->M,M,,,0,0,0,0,0.01875,2025Q1,351,196,244,1.4385773181164627,1.3221163080457792,1.3684881252273213,-0.9305783228814312
呵呵上海2012,2025-02-28 23:48:00,2025-03-02 12:11:00,M->H,H,,,0,0,0,0,1.5159722222222223,2025Q1,351,196,244,1.4385773181164627,1.3221163080457792,1.3684881252273213,-0.09051933129073511
呵呵上海2012,2025-03-02 12:11:00,2025-03-03 17:53:00,H->M,M,,,0,0,0,0,1.2375,2025Q1,351,196,244,1.4385773181164627,1.3221163080457792,1.3684881252273213,-0.24676406952258537
呵呵上海2012,2025-03-03 17:53:00,2025-03-03 18:08:00,M->M,M,,,0,0,0,0,0.010416666666666666,2025Q1,351,196,244,1.4385773181164627,1.3221163080457792,1.3684881252273213,-0.9352539758958507
呵呵上海2012,2025-03-03 18:08:00,2025-03-07 16:31:00,M->M,M,,1.0,0,1,0,1,3.932638888888889,2025Q1,351,196,244,1.4385773181164627,1.3221163080457792,1.3684881252273213,1.265420042890908
呵呵上海2012,2025-03-07 16:31:00,2025-03-07 19:26:00,M->M,M,,,0,0,0,0,0.12152777777777778,2025Q1,351,196,244,1.4385773181164627,1.3221163080457792,1.3684881252273213,-0.8729119357035913
呵呵上海2012,2025-03-07 19:26:00,2025-03-07 22:29:00,M->L,L,,,0,0,0,0,0.12708333333333333,2025Q1,351,196,244,1.4385773181164627,1.3221163080457792,1.3684881252273213,-0.8697948336939784
呵呵上海2012,2025-03-07 22:29:00,2025-03-08 22:28:00,L->M,M,,,0,0,0,0,0.9993055555555556,2025Q1,351,196,244,1.4385773181164627,1.3221163080457792,1.3684881252273213,-0.38040981818474157
呵呵上海2012,2025-03-08 22:28:00,2025-03-09 09:22:00,M->M,M,,,0,0,0,0,0.45416666666666666,2025Q1,351,196,244,1.4385773181164627,1.3221163080457792,1.3684881252273213,-0.6862754528780145
呵呵上海2012,2025-03-09 09:22:00,2025-03-09 09:26:00,M->M,M,,,0,0,0,0,0.002777777777777778,2025Q1,351,196,244,1.4385773181164627,1.3221163080457792,1.3684881252273213,-0.9395399911590685
呵呵上海2012,2025-03-09 09:26:00,2025-03-11 16:03:00,M->M,M,,,0,0,0,0,2.2756944444444445,2025Q1,351,196,244,1.4385773181164627,1.3221163080457792,1.3684881252273213,0.3357443685238388
呵呵上海2012,2025-03-11 16:03:00,2025-03-12 10:22:00,M->H,H,,,0,0,0,0,0.7631944444444444,2025Q1,351,196,244,1.4385773181164627,1.3221163080457792,1.3684881252273213,-0.5128866535932929
呵呵上海2012,2025-03-12 10:22:00,2025-03-15 14:38:00,H->M,M,,,0,0,0,0,3.1777777777777776,2025Q1,351,196,244,1.4385773181164627,1.3221163080457792,1.3684881252273213,0.8418838073347451
呵呵上海2012,2025-03-15 14:38:00,2025-03-19 19:33:00,M->M,M,,,0,0,0,0,4.204861111111111,2025Q1,351,196,244,1.4385773181164627,1.3221163080457792,1.3684881252273213,1.4181580413619432
呵呵上海2012,2025-03-27 21:04:00,2025-04-02 06:33:00,H->M,M,,,0,0,0,0,5.395138888888889,2025Q2,351,196,244,1.4385773181164627,1.3221163080457792,1.3684881252273213,2.085997146921523
呵呵上海2012,2025-04-02 06:33:00,2025-04-05 16:16:00,M->H,H,,,0,0,0,0,3.404861111111111,2025Q2,351,196,244,1.4385773181164627,1.3221163080457792,1.3684881252273213,0.9692953519776754
呵呵上海2012,2025-04-05 16:16:00,2025-04-07 14:48:00,H->M,M,,,0,0,0,0,1.9388888888888889,2025Q2,351,196,244,1.4385773181164627,1.3221163080457792,1.3684881252273213,0.14677005919105238
呵呵上海2012,2025-04-07 14:48:00,2025-04-10 09:48:00,M->M,M,,,0,0,0,0,2.7916666666666665,2025Q2,351,196,244,1.4385773181164627,1.3221163080457792,1.3684881252273213,0.6252452176666435
呵呵上海2012,2025-04-10 09:48:00,2025-04-12 16:34:00,M->H,H,,,0,0,0,0,2.2819444444444446,2025Q2,351,196,244,1.4385773181164627,1.3221163080457792,1.3684881252273213,0.3392511082846535
呵呵上海2012,2025-04-12 16:34:00,2025-04-14 09:29:00,H->H,H,,,0,0,0,0,1.7048611111111112,2025Q2,351,196,244,1.4385773181164627,1.3221163080457792,1.3684881252273213,0.015462137036105945
呵呵上海2012,2025-04-14 09:29:00,2025-04-19 08:09:00,H->M,M,,,0,0,0,0,4.944444444444445,2025Q2,351,196,244,1.4385773181164627,1.3221163080457792,1.3684881252273213,1.8331222463916705
呵呵上海2012,2025-04-19 08:09:00,2025-04-19 15:22:00,M->M,M,,,0,0,0,0,0.30069444444444443,2025Q2,351,196,244,1.4385773181164627,1.3221163080457792,1.3684881252273213,-0.7723853958935729
呵呵上海2012,2025-04-19 15:22:00,2025-04-21 20:14:00,M->M,M,,,0,0,0,0,2.202777777777778,2025Q2,351,196,244,1.4385773181164627,1.3221163080457792,1.3684881252273213,0.2948324046476687
呵呵上海2012,2025-04-21 20:14:00,2025-04-25 15:12:00,M->H,H,,,0,0,0,0,3.790277777777778,2025Q2,351,196,244,1.4385773181164627,1.3221163080457792,1.3684881252273213,1.1855443038945754
呵呵上海2012,2025-04-25 15:12:00,2025-04-27 13:02:00,H->M,M,,,0,0,0,0,1.9097222222222223,2025Q2,351,196,244,1.4385773181164627,1.3221163080457792,1.3684881252273213,0.13040527364058432
呵呵上海2012,2025-04-27 13:02:00,2025-04-28 10:23:00,M->M,M,,,0,0,0,0,0.8895833333333333,2025Q2,351,196,244,1.4385773181164627,1.3221163080457792,1.3684881252273213,-0.44197258287459784
呵呵上海2012,2025-05-19 08:05:00,2025-05-24 13:24:00,H->M,M,0.0,,2,0,1,0,5.221527777777778,2025Q2,351,196,244,1.4385773181164627,1.3221163080457792,1.3684881252273213,1.9885877091211177
呵呵上海2012,2025-05-24 13:24:00,2025-05-27 10:48:00,M->M,M,,,0,0,0,0,2.8916666666666666,2025Q2,351,196,244,1.4385773181164627,1.3221163080457792,1.3684881252273213,0.6813530538396771
呵呵上海2012,2025-05-27 10:48:00,2025-05-27 10:51:00,M->M,M,,,0,0,0,0,0.0020833333333333333,2025Q2,351,196,244,1.4385773181164627,1.3221163080457792,1.3684881252273213,-0.9399296289102701
呵呵上海2012,2025-05-27 10:51:00,2025-06-02 15:42:00,M->M,M,,,0,0,0,0,6.202083333333333,2025Q2,351,196,244,1.4385773181164627,1.3221163080457792,1.3684881252273213,2.538756213817807
呵呵上海2012,2025-06-02 15:42:00,2025-06-05 11:02:00,M->M,M,,,0,0,0,0,2.8055555555555554,2025Q2,351,196,244,1.4385773181164627,1.3221163080457792,1.3684881252273213,0.633037972690676
呵呵上海2012,2025-06-05 11:02:00,2025-06-06 10:55:00,M->H,H,,,0,0,0,0,0.9951388888888889,2025Q2,351,196,244,1.4385773181164627,1.3221163080457792,1.3684881252273213,-0.3827476446919513
呵呵上海2012,2025-06-17 09:54:00,2025-06-17 10:30:00,H->H,H,,,0,0,0,0,0.025,2025Q2,351,196,244,1.4385773181164627,1.3221163080457792,1.3684881252273213,-0.9270715831206167
呵呵上海2012,2025-06-17 10:30:00,2025-06-17 14:42:00,H->H,H,,,0,0,0,0,0.175,2025Q2,351,196,244,1.4385773181164627,1.3221163080457792,1.3684881252273213,-0.8429098288610664
呵呵上海2012,2025-06-17 14:42:00,2025-06-19 12:23:00,H->H,H,,,0,0,0,0,1.9034722222222222,2025Q2,351,196,244,1.4385773181164627,1.3221163080457792,1.3684881252273213,0.12689853387976968
呵呵上海2012,2025-06-19 12:23:00,2025-06-20 10:09:00,H->M,M,,,0,0,0,0,0.9069444444444444,2025Q2,351,196,244,1.4385773181164627,1.3221163080457792,1.3684881252273213,-0.43223163909455725
呵呵上海2012,2025-06-20 10:09:00,2025-06-21 23:47:00,M->M,M,,,0,0,0,0,1.5680555555555555,2025Q2,351,196,244,1.4385773181164627,1.3221163080457792,1.3684881252273213,-0.06129649995061354
呵呵上海2012,2025-06-21 23:47:00,2025-06-21 23:49:00,M->M,M,,,0,0,0,0,0.001388888888888889,2025Q2,351,196,244,1.4385773181164627,1.3221163080457792,1.3684881252273213,-0.9403192666614718
呵呵上海2012,2025-06-21 23:49:00,2025-06-23 10:40:00,M->L,L,,,0,0,0,0,1.4520833333333334,2025Q2,351,196,244,1.4385773181164627,1.3221163080457792,1.3684881252273213,-0.1263660044012843
夕阳月色美,2023-08-12 15:18:00,2023-08-12 21:00:00,H->H,H,,,0,0,0,0,0.2375,2023Q3,8,13,7,-1.1193132950693288,-1.3479925514497584,-1.3224981207154336,-0.8078424312529204
夕阳月色美,2023-08-12 21:00:00,2023-08-13 07:24:00,H->M,M,,,0,0,0,0,0.43333333333333335,2023Q3,8,13,7,-1.1193132950693288,-1.3479925514497584,-1.3224981207154336,-0.6979645854140631
夕阳月色美,2024-07-10 08:50:00,2024-07-13 16:20:00,M->H,H,,,0,0,0,0,3.3125,2024Q3,8,13,7,-1.1193132950693288,-1.3479925514497584,-1.3224981207154336,0.9174735310678598
张国庆看天下,2023-01-07 19:08:00,2023-01-08 10:35:00,M->M,M,,,0,0,0,0,0.64375,2023Q1,10,10,10,-1.1612459280723744,-1.31419370512703,-1.3068072388148926,-0.5799043467999718
张国庆看天下,2023-01-08 10:35:00,2023-01-09 18:51:00,M->L,L,,,0,0,0,0,1.3444444444444446,2023Q1,10,10,10,-1.1612459280723744,-1.31419370512703,-1.3068072388148926,-0.1867598558375356
彭国珩,2023-02-01 19:43:00,2023-02-02 21:35:00,M->M,M,,,0,0,0,0,1.0777777777777777,2023Q1,7,4,7,-1.245111194078466,-1.3479925514497584,-1.330343561665704,-0.33638075229895836
彭国珩,2023-02-02 21:35:00,2023-02-03 18:25:00,M->M,M,,,0,0,0,0,0.8680555555555556,2023Q1,7,4,7,-1.245111194078466,-1.3479925514497584,-1.330343561665704,-0.454051353161848
彭国珩,2023-02-03 18:25:00,2023-02-04 20:13:00,M->M,M,,,0,0,0,0,1.075,2023Q1,7,4,7,-1.245111194078466,-1.3479925514497584,-1.330343561665704,-0.33793930330376487
彭国珩,2023-02-04 20:13:00,2023-02-05 15:40:00,M->M,M,,,0,0,0,0,0.8104166666666667,2023Q1,7,4,7,-1.245111194078466,-1.3479925514497584,-1.330343561665704,-0.48639128651158264
彭国珩,2023-02-05 15:40:00,2023-02-06 19:46:00,M->M,M,,,0,0,0,0,1.1708333333333334,2023Q1,7,4,7,-1.245111194078466,-1.3479925514497584,-1.330343561665704,-0.284169293637941
彭国珩,2023-02-06 19:46:00,2023-02-07 15:37:00,M->M,M,,,0,0,0,0,0.8270833333333333,2023Q1,7,4,7,-1.245111194078466,-1.3479925514497584,-1.330343561665704,-0.47703998048274376
怡味薯蓣锦,2023-11-28 11:25:00,2023-11-28 22:10:00,M->H,H,,,0,0,0,0,0.4479166666666667,2023Q4,18,15,17,-1.0913582064006315,-1.2353297303739972,-1.2440437112127294,-0.689782192638829
怡味薯蓣锦,2023-12-06 18:52:00,2023-12-12 22:04:00,M->L,L,0.0,,2,0,1,0,6.133333333333334,2023Q4,18,15,17,-1.0913582064006315,-1.2353297303739972,-1.2440437112127294,2.5001820764488465
怡味薯蓣锦,2023-12-12 22:04:00,2023-12-15 10:03:00,L->H,H,,,0,0,0,0,2.4993055555555554,2023Q4,18,15,17,-1.0913582064006315,-1.2353297303739972,-1.2440437112127294,0.4612077244107609
怡味薯蓣锦,2023-12-15 10:03:00,2023-12-17 15:52:00,H->M,M,,,0,0,0,0,2.2423611111111112,2023Q4,18,15,17,-1.0913582064006315,-1.2353297303739972,-1.2440437112127294,0.31704175646616106
我是希尔瑞思,2021-08-12 16:38:00,2021-08-17 01:42:00,H->H,H,1.0,,2,0,2,0,4.377777777777778,2021Q3,133,75,94,-0.2527055463397163,-0.367826008090637,-0.34181800193163075,1.5151778414111474
我是希尔瑞思,2021-08-17 01:42:00,2021-08-17 03:32:00,H->H,H,1.0,,1,0,1,0,0.0763888888888889,2021Q3,133,75,94,-0.2527055463397163,-0.367826008090637,-0.34181800193163075,-0.8982383895316967
我是希尔瑞思,2021-08-30 07:43:00,2021-08-31 01:33:00,H->H,H,1.0,,1,0,1,0,0.7430555555555556,2021Q3,133,75,94,-0.2527055463397163,-0.367826008090637,-0.34181800193163075,-0.5241861483781399
我是希尔瑞思,2021-08-31 01:33:00,2021-09-02 01:44:00,H->H,H,,,0,0,0,0,2.0076388888888888,2021Q3,133,75,94,-0.2527055463397163,-0.367826008090637,-0.34181800193163075,0.18534419656001283
我是希尔瑞思,2021-09-02 01:44:00,2021-09-02 07:58:00,H->H,H,,,0,0,0,0,0.25972222222222224,2021Q3,133,75,94,-0.2527055463397163,-0.367826008090637,-0.34181800193163075,-0.7953740232144686
我是希尔瑞思,2022-03-02 12:15:00,2022-03-03 07:35:00,M->M,M,,,0,0,0,0,0.8055555555555556,2022Q1,133,75,94,-0.2527055463397163,-0.367826008090637,-0.34181800193163075,-0.489118750769994
我是希尔瑞思,2022-03-03 07:35:00,2022-03-07 10:37:00,M->H,H,,,0,0,0,0,4.126388888888889,2022Q1,133,75,94,-0.2527055463397163,-0.367826008090637,-0.34181800193163075,1.3741289754761603
我是希尔瑞思,2022-03-07 10:37:00,2022-03-09 09:28:00,H->M,M,,,0,0,0,0,1.9520833333333334,2022Q1,133,75,94,-0.2527055463397163,-0.367826008090637,-0.34181800193163075,0.15417317646388323
我是希尔瑞思,2022-03-09 09:28:00,2022-03-14 19:13:00,M->H,H,1.0,,3,0,2,0,5.40625,2022Q1,133,75,94,-0.2527055463397163,-0.367826008090637,-0.34181800193163075,2.092231350940749
我是希尔瑞思,2022-03-14 19:13:00,2022-03-19 10:12:00,H->H,H,1.0,,2,0,2,0,4.624305555555556,2022Q1,133,75,94,-0.2527055463397163,-0.367826008090637,-0.34181800193163075,1.6534992430877231
我是希尔瑞思,2022-03-19 10:12:00,2022-03-21 15:49:00,H->H,H,0.5,,4,0,3,0,2.234027777777778,2022Q1,133,75,94,-0.2527055463397163,-0.367826008090637,-0.34181800193163075,0.31236610345174165
我是希尔瑞思,2022-03-21 15:49:00,2022-03-23 09:00:00,H->H,H,1.0,,1,0,1,0,1.7159722222222222,2022Q1,133,75,94,-0.2527055463397163,-0.367826008090637,-0.34181800193163075,0.02169634105533187
我是希尔瑞思,2022-03-23 09:00:00,2022-03-23 10:52:00,H->H,H,,,0,0,0,0,0.07777777777777778,2022Q1,133,75,94,-0.2527055463397163,-0.367826008090637,-0.34181800193163075,-0.8974591140292935
我是希尔瑞思,2022-03-23 10:52:00,2022-03-23 18:14:00,H->H,H,,,0,0,0,0,0.30694444444444446,2022Q1,133,75,94,-0.2527055463397163,-0.367826008090637,-0.34181800193163075,-0.7688786561327583
我是希尔瑞思,2022-03-23 18:14:00,2022-03-27 12:40:00,H->H,H,,,0,0,0,0,3.7680555555555557,2022Q1,133,75,94,-0.2527055463397163,-0.367826008090637,-0.34181800193163075,1.1730758958561236
我是希尔瑞思,2022-04-08 06:17:00,2022-04-09 14:46:00,H->H,H,0.0,,3,0,2,0,1.3534722222222222,2022Q2,133,75,94,-0.2527055463397163,-0.367826008090637,-0.34181800193163075,-0.18169456507191462
我是希尔瑞思,2022-04-09 14:46:00,2022-04-09 18:17:00,H->M,M,,,0,0,0,0,0.14652777777777778,2022Q2,133,75,94,-0.2527055463397163,-0.367826008090637,-0.34181800193163075,-0.8588849766603328
我是希尔瑞思,2022-04-09 18:17:00,2022-04-10 09:08:00,M->H,H,,,0,0,0,0,0.61875,2022Q2,133,75,94,-0.2527055463397163,-0.367826008090637,-0.34181800193163075,-0.5939313058432303
我是希尔瑞思,2022-04-10 09:08:00,2022-04-10 09:23:00,H->H,H,,,0,0,0,0,0.010416666666666666,2022Q2,133,75,94,-0.2527055463397163,-0.367826008090637,-0.34181800193163075,-0.9352539758958507
我是希尔瑞思,2022-04-10 09:23:00,2022-04-10 11:10:00,H->M,M,,,0,0,0,0,0.07430555555555556,2022Q2,133,75,94,-0.2527055463397163,-0.367826008090637,-0.34181800193163075,-0.8994073027853015
我是希尔瑞思,2022-04-10 11:10:00,2022-04-17 06:41:00,M->M,M,0.6666666666666666,,3,0,3,0,6.813194444444444,2022Q2,133,75,94,-0.2527055463397163,-0.367826008090637,-0.34181800193163075,2.8816374348752336
我是希尔瑞思,2022-04-17 06:41:00,2022-04-23 12:34:00,M->H,H,0.18181818181818182,,11,0,5,0,6.245138888888889,2022Q2,133,75,94,-0.2527055463397163,-0.367826008090637,-0.34181800193163075,2.5629137543923077
我是希尔瑞思,2022-04-23 12:34:00,2022-04-25 12:34:00,H->M,M,0.7142857142857143,,7,0,3,0,2.0,2022Q2,133,75,94,-0.2527055463397163,-0.367826008090637,-0.34181800193163075,0.18105818129679507
我是希尔瑞思,2022-04-25 12:34:00,2022-04-27 07:48:00,M->H,H,1.0,,2,0,2,0,1.801388888888889,2022Q2,133,75,94,-0.2527055463397163,-0.367826008090637,-0.34181800193163075,0.06962178445313133
我是希尔瑞思,2022-04-27 07:48:00,2022-04-27 10:52:00,H->M,M,,,0,0,0,0,0.12777777777777777,2022Q2,133,75,94,-0.2527055463397163,-0.367826008090637,-0.34181800193163075,-0.8694051959427767
我是希尔瑞思,2022-04-27 10:52:00,2022-05-02 17:07:00,M->M,M,0.5555555555555556,,9,0,5,0,5.260416666666667,2022Q2,133,75,94,-0.2527055463397163,-0.367826008090637,-0.34181800193163075,2.0104074231884086
我是希尔瑞思,2022-05-02 17:07:00,2022-05-07 17:59:00,M->H,H,0.16666666666666666,,6,0,3,0,5.036111111111111,2022Q2,133,75,94,-0.2527055463397163,-0.367826008090637,-0.34181800193163075,1.8845544295502847
我是希尔瑞思,2022-05-26 16:35:00,2022-05-27 13:47:00,M->M,M,,,0,0,0,0,0.8833333333333333,2022Q2,133,75,94,-0.2527055463397163,-0.367826008090637,-0.34181800193163075,-0.4454793226354124
我是希尔瑞思,2022-05-27 13:47:00,2022-05-28 18:14:00,M->M,M,0.5,,2,0,1,0,1.1854166666666666,2022Q2,133,75,94,-0.2527055463397163,-0.367826008090637,-0.34181800193163075,-0.27598690086270705
我是希尔瑞思,2022-05-28 18:14:00,2022-05-30 19:20:00,M->M,M,,,0,0,0,0,2.0458333333333334,2022Q2,133,75,94,-0.2527055463397163,-0.367826008090637,-0.34181800193163075,0.20677427287610214
我是希尔瑞思,2022-07-04 14:03:00,2022-07-04 22:53:00,H->H,H,0.0,,1,0,1,0,0.3680555555555556,2022Q3,133,75,94,-0.2527055463397163,-0.367826008090637,-0.34181800193163075,-0.7345905340270156
我是希尔瑞思,2022-07-04 22:53:00,2022-07-07 08:48:00,H->M,M,,,0,0,0,0,2.4131944444444446,2022Q3,133,75,94,-0.2527055463397163,-0.367826008090637,-0.34181800193163075,0.41289264326176
我是希尔瑞思,2022-07-07 08:48:00,2022-07-07 08:55:00,M->H,H,,,0,0,0,0,0.004861111111111111,2022Q3,133,75,94,-0.2527055463397163,-0.367826008090637,-0.34181800193163075,-0.9383710779054636
我是希尔瑞思,2022-07-07 08:55:00,2022-07-08 16:52:00,H->M,M,0.0,,1,0,1,0,1.33125,2022Q3,133,75,94,-0.2527055463397163,-0.367826008090637,-0.34181800193163075,-0.19416297311036645
我是希尔瑞思,2022-07-08 16:52:00,2022-07-11 00:38:00,M->M,M,0.0,,2,0,2,0,2.323611111111111,2022Q3,133,75,94,-0.2527055463397163,-0.367826008090637,-0.34181800193163075,0.3626293733567507
我是希尔瑞思,2022-07-11 00:38:00,2022-07-14 15:13:00,M->M,M,1.0,,1,0,1,0,3.607638888888889,2022Q3,133,75,94,-0.2527055463397163,-0.367826008090637,-0.34181800193163075,1.0830695753285489
我是希尔瑞思,2022-07-14 15:13:00,2022-07-15 10:55:00,M->H,H,,,0,0,0,0,0.8208333333333333,2022Q3,133,75,94,-0.2527055463397163,-0.367826008090637,-0.34181800193163075,-0.4805467202435583
我是希尔瑞思,2022-07-15 10:55:00,2022-07-16 21:32:00,H->M,M,,,0,0,0,0,1.4423611111111112,2022Q3,133,75,94,-0.2527055463397163,-0.367826008090637,-0.34181800193163075,-0.13182093291810698
我是希尔瑞思,2022-07-16 21:32:00,2022-07-16 21:34:00,M->H,H,,,0,0,0,0,0.001388888888888889,2022Q3,133,75,94,-0.2527055463397163,-0.367826008090637,-0.34181800193163075,-0.9403192666614718
我是希尔瑞思,2022-07-16 21:34:00,2022-07-17 14:18:00,H->H,H,,,0,0,0,0,0.6972222222222222,2022Q3,133,75,94,-0.2527055463397163,-0.367826008090637,-0.34181800193163075,-0.549902239957447
我是希尔瑞思,2022-07-17 14:18:00,2022-07-17 19:35:00,H->M,M,,,0,0,0,0,0.22013888888888888,2022Q3,133,75,94,-0.2527055463397163,-0.367826008090637,-0.34181800193163075,-0.817583375032961
我是希尔瑞思,2022-07-17 19:35:00,2022-07-19 12:57:00,M->M,M,1.0,,1,0,1,0,1.7236111111111112,2022Q3,133,75,94,-0.2527055463397163,-0.367826008090637,-0.34181800193163075,0.025982356318549754
我是希尔瑞思,2022-07-19 12:57:00,2022-07-21 21:50:00,M->M,M,1.0,,3,0,2,0,2.370138888888889,2022Q3,133,75,94,-0.2527055463397163,-0.367826008090637,-0.34181800193163075,0.3887351026872594
我是希尔瑞思,2022-07-21 21:50:00,2022-07-27 23:25:00,M->H,H,0.5,,4,0,3,0,6.065972222222222,2022Q3,133,75,94,-0.2527055463397163,-0.367826008090637,-0.34181800193163075,2.462387214582289
我是希尔瑞思,2022-07-27 23:25:00,2022-07-29 13:56:00,H->M,M,1.0,,2,0,2,0,1.604861111111111,2022Q3,133,75,94,-0.2527055463397163,-0.367826008090637,-0.34181800193163075,-0.04064569913692761
我是希尔瑞思,2022-07-29 13:56:00,2022-08-03 10:04:00,M->M,M,,,0,0,0,0,4.838888888888889,2022Q3,133,75,94,-0.2527055463397163,-0.367826008090637,-0.34181800193163075,1.773897308209024
我是希尔瑞思,2022-08-03 10:04:00,2022-08-03 14:15:00,M->M,M,,,0,0,0,0,0.17430555555555555,2022Q3,133,75,94,-0.2527055463397163,-0.367826008090637,-0.34181800193163075,-0.8432994666122681
我是希尔瑞思,2022-08-24 12:02:00,2022-08-24 12:06:00,H->M,M,,,0,0,0,0,0.002777777777777778,2022Q3,133,75,94,-0.2527055463397163,-0.367826008090637,-0.34181800193163075,-0.9395399911590685
我是希尔瑞思,2022-08-24 12:06:00,2022-08-24 12:16:00,M->M,M,,,0,0,0,0,0.006944444444444444,2022Q3,133,75,94,-0.2527055463397163,-0.367826008090637,-0.34181800193163075,-0.9372021646518588
我是希尔瑞思,2022-08-24 12:16:00,2022-08-28 13:58:00,M->M,M,0.6666666666666666,,3,0,3,0,4.070833333333334,2022Q3,133,75,94,-0.2527055463397163,-0.367826008090637,-0.34181800193163075,1.3429579553800308
我是希尔瑞思,2022-08-28 13:58:00,2022-09-01 21:10:00,M->M,M,1.0,,1,0,1,0,4.3,2022Q3,133,75,94,-0.2527055463397163,-0.367826008090637,-0.34181800193163075,1.4715384132765656
我是希尔瑞思,2022-09-28 12:52:00,2022-10-02 14:11:00,H->M,M,,,0,0,0,0,4.054861111111111,2022Q4,133,75,94,-0.2527055463397163,-0.367826008090637,-0.34181800193163075,1.3339962871023934
我是希尔瑞思,2022-10-02 14:11:00,2022-10-02 14:12:00,M->H,H,,,0,0,0,0,0.0006944444444444445,2022Q4,133,75,94,-0.2527055463397163,-0.367826008090637,-0.34181800193163075,-0.9407089044126733
我是希尔瑞思,2022-10-09 19:44:00,2022-10-09 23:23:00,M->H,H,,,0,0,0,0,0.15208333333333332,2022Q4,133,75,94,-0.2527055463397163,-0.367826008090637,-0.34181800193163075,-0.8557678746507199
我是希尔瑞思,2022-11-08 09:48:00,2022-11-09 21:22:00,M->H,H,1.0,,1,0,1,0,1.4819444444444445,2022Q4,133,75,94,-0.2527055463397163,-0.367826008090637,-0.34181800193163075,-0.10961158109961457
我是希尔瑞思,2022-11-09 21:22:00,2022-11-13 13:15:00,H->H,H,,,0,0,0,0,3.6618055555555555,2022Q4,133,75,94,-0.2527055463397163,-0.367826008090637,-0.34181800193163075,1.1134613199222754
我是希尔瑞思,2022-11-13 13:15:00,2022-11-14 10:00:00,H->M,M,0.0,,1,0,1,0,0.8645833333333334,2022Q4,133,75,94,-0.2527055463397163,-0.367826008090637,-0.34181800193163075,-0.45599954191785613
我是希尔瑞思,2022-11-14 10:00:00,2022-11-14 11:07:00,M->H,H,,,0,0,0,0,0.04652777777777778,2022Q4,133,75,94,-0.2527055463397163,-0.367826008090637,-0.34181800193163075,-0.9149928128333664
我是希尔瑞思,2022-11-14 11:07:00,2022-11-16 11:26:00,H->H,H,,,0,0,0,0,2.0131944444444443,2022Q4,133,75,94,-0.2527055463397163,-0.367826008090637,-0.34181800193163075,0.1884612985696258
我是希尔瑞思,2022-11-16 11:26:00,2022-11-16 11:50:00,H->H,H,,,0,0,0,0,0.016666666666666666,2022Q4,133,75,94,-0.2527055463397163,-0.367826008090637,-0.34181800193163075,-0.9317472361350361
我是希尔瑞思,2022-11-16 11:50:00,2022-11-16 11:54:00,H->H,H,,,0,0,0,0,0.002777777777777778,2022Q4,133,75,94,-0.2527055463397163,-0.367826008090637,-0.34181800193163075,-0.9395399911590685
我是希尔瑞思,2022-11-16 11:54:00,2022-11-17 00:33:00,H->H,H,,,0,0,0,0,0.5270833333333333,2022Q4,133,75,94,-0.2527055463397163,-0.367826008090637,-0.34181800193163075,-0.6453634890018443
我是希尔瑞思,2022-11-17 00:33:00,2022-11-19 20:48:00,H->M,M,0.0,,2,0,2,0,2.84375,2022Q4,133,75,94,-0.2527055463397163,-0.367826008090637,-0.34181800193163075,0.6544680490067653
我是希尔瑞思,2022-11-19 20:48:00,2022-11-20 10:43:00,M->H,H,,,0,0,0,0,0.5798611111111112,2022Q4,133,75,94,-0.2527055463397163,-0.367826008090637,-0.34181800193163075,-0.615751019910521
我是希尔瑞思,2022-11-20 10:43:00,2022-11-21 10:53:00,H->M,M,,,0,0,0,0,1.0069444444444444,2022Q4,133,75,94,-0.2527055463397163,-0.367826008090637,-0.34181800193163075,-0.37612380292152375
我是希尔瑞思,2022-11-21 10:53:00,2022-11-21 10:59:00,M->M,M,,,0,0,0,0,0.004166666666666667,2022Q4,133,75,94,-0.2527055463397163,-0.367826008090637,-0.34181800193163075,-0.9387607156566653
我是希尔瑞思,2022-11-21 10:59:00,2022-11-26 08:02:00,M->M,M,0.0,,2,0,2,0,4.877083333333333,2022Q4,133,75,94,-0.2527055463397163,-0.367826008090637,-0.34181800193163075,1.7953273845251132
我是希尔瑞思,2022-11-26 08:02:00,2022-11-27 10:03:00,M->H,H,0.0,,1,0,1,0,1.0840277777777778,2022Q4,133,75,94,-0.2527055463397163,-0.367826008090637,-0.34181800193163075,-0.33287401253814375
我是希尔瑞思,2022-11-27 10:03:00,2022-11-28 08:16:00,H->H,H,,,0,0,0,0,0.9256944444444445,2022Q4,133,75,94,-0.2527055463397163,-0.367826008090637,-0.34181800193163075,-0.42171141981211346
我是希尔瑞思,2022-11-28 08:16:00,2022-11-28 13:51:00,H->H,H,,,0,0,0,0,0.2326388888888889,2022Q4,133,75,94,-0.2527055463397163,-0.367826008090637,-0.34181800193163075,-0.8105698955113319
我是希尔瑞思,2022-11-28 13:51:00,2022-11-28 15:15:00,H->H,H,,,0,0,0,0,0.058333333333333334,2022Q4,133,75,94,-0.2527055463397163,-0.367826008090637,-0.34181800193163075,-0.9083689710629388
我是希尔瑞思,2022-11-28 15:15:00,2022-11-29 14:17:00,H->M,M,,,0,0,0,0,0.9597222222222223,2022Q4,133,75,94,-0.2527055463397163,-0.367826008090637,-0.34181800193163075,-0.402619170003234
我是希尔瑞思,2022-11-29 14:17:00,2022-11-30 00:08:00,M->H,H,0.25,,4,0,4,0,0.41041666666666665,2022Q4,133,75,94,-0.2527055463397163,-0.367826008090637,-0.34181800193163075,-0.7108226312037167
我是希尔瑞思,2022-11-30 00:08:00,2022-12-01 11:14:00,H->M,M,,,0,0,0,0,1.4625,2022Q4,133,75,94,-0.2527055463397163,-0.367826008090637,-0.34181800193163075,-0.12052143813326005
我是希尔瑞思,2022-12-01 11:14:00,2022-12-02 10:57:00,M->H,H,0.2222222222222222,,9,0,5,0,0.9881944444444445,2022Q4,133,75,94,-0.2527055463397163,-0.367826008090637,-0.34181800193163075,-0.3866440222039675
我是希尔瑞思,2022-12-02 10:57:00,2022-12-03 09:12:00,H->M,M,,,0,0,0,0,0.9270833333333334,2022Q4,133,75,94,-0.2527055463397163,-0.367826008090637,-0.34181800193163075,-0.4209321443097102
我是希尔瑞思,2022-12-03 09:12:00,2022-12-03 11:09:00,M->M,M,,,0,0,0,0,0.08125,2022Q4,133,75,94,-0.2527055463397163,-0.367826008090637,-0.34181800193163075,-0.8955109252732852
我是希尔瑞思,2022-12-03 11:09:00,2022-12-03 13:14:00,M->M,M,,,0,0,0,0,0.08680555555555555,2022Q4,133,75,94,-0.2527055463397163,-0.367826008090637,-0.34181800193163075,-0.8923938232636723
我是希尔瑞思,2022-12-03 13:14:00,2022-12-04 18:53:00,M->H,H,0.0,,2,0,2,0,1.2354166666666666,2022Q4,133,75,94,-0.2527055463397163,-0.367826008090637,-0.34181800193163075,-0.24793298277619027
我是希尔瑞思,2022-12-04 18:53:00,2022-12-06 10:13:00,H->H,H,0.0,,2,0,1,0,1.6388888888888888,2022Q4,133,75,94,-0.2527055463397163,-0.367826008090637,-0.34181800193163075,-0.021553449328048157
我是希尔瑞思,2022-12-06 10:13:00,2022-12-08 06:50:00,H->H,H,0.0,,17,0,6,0,1.8590277777777777,2022Q4,133,75,94,-0.2527055463397163,-0.367826008090637,-0.34181800193163075,0.10196171780286588
我是希尔瑞思,2022-12-08 06:50:00,2022-12-08 14:24:00,H->H,H,0.0,,2,0,2,0,0.31527777777777777,2022Q4,133,75,94,-0.2527055463397163,-0.367826008090637,-0.34181800193163075,-0.7642030031183388
我是希尔瑞思,2022-12-08 14:24:00,2022-12-08 19:01:00,H->M,M,0.0,,4,0,2,0,0.19236111111111112,2022Q4,133,75,94,-0.2527055463397163,-0.367826008090637,-0.34181800193163075,-0.8331688850810258
我是希尔瑞思,2022-12-08 19:01:00,2022-12-09 10:14:00,M->M,M,0.0,,5,0,3,0,0.6340277777777777,2022Q4,133,75,94,-0.2527055463397163,-0.367826008090637,-0.34181800193163075,-0.5853592753167944
我是希尔瑞思,2022-12-09 10:14:00,2022-12-09 18:40:00,M->M,M,0.0,,4,0,4,0,0.35138888888888886,2022Q4,133,75,94,-0.2527055463397163,-0.367826008090637,-0.34181800193163075,-0.7439418400558546
我是希尔瑞思,2022-12-09 18:40:00,2022-12-09 20:34:00,M->M,M,,,0,0,0,0,0.07916666666666666,2022Q4,133,75,94,-0.2527055463397163,-0.367826008090637,-0.34181800193163075,-0.8966798385268901
我是希尔瑞思,2022-12-09 20:34:00,2022-12-10 09:23:00,M->M,M,,,0,0,0,0,0.5340277777777778,2022Q4,133,75,94,-0.2527055463397163,-0.367826008090637,-0.34181800193163075,-0.641467111489828
我是希尔瑞思,2022-12-10 09:23:00,2022-12-11 09:08:00,M->M,M,0.0,,7,0,4,0,0.9895833333333334,2022Q4,133,75,94,-0.2527055463397163,-0.367826008090637,-0.34181800193163075,-0.3858647467015643
我是希尔瑞思,2022-12-11 09:08:00,2022-12-11 09:14:00,M->M,M,,,0,0,0,0,0.004166666666666667,2022Q4,133,75,94,-0.2527055463397163,-0.367826008090637,-0.34181800193163075,-0.9387607156566653
我是希尔瑞思,2022-12-11 09:14:00,2022-12-11 10:58:00,M->M,M,0.0,,1,0,1,0,0.07222222222222222,2022Q4,133,75,94,-0.2527055463397163,-0.367826008090637,-0.34181800193163075,-0.9005762160389064
我是希尔瑞思,2022-12-11 10:58:00,2022-12-15 15:44:00,M->H,H,0.0,,11,0,4,0,4.198611111111111,2022Q4,133,75,94,-0.2527055463397163,-0.367826008090637,-0.34181800193163075,1.4146513016011288
我是希尔瑞思,2023-01-02 16:41:00,2023-01-03 16:24:00,H->H,H,0.25,,8,0,2,0,0.9881944444444445,2023Q1,133,75,94,-0.2527055463397163,-0.367826008090637,-0.34181800193163075,-0.3866440222039675
我是希尔瑞思,2023-01-03 16:24:00,2023-01-04 00:17:00,H->H,H,0.5,,6,0,4,0,0.3284722222222222,2023Q1,133,75,94,-0.2527055463397163,-0.367826008090637,-0.34181800193163075,-0.756799885845508
我是希尔瑞思,2023-01-04 00:17:00,2023-01-04 09:26:00,H->H,H,,,0,0,0,0,0.38125,2023Q1,133,75,94,-0.2527055463397163,-0.367826008090637,-0.34181800193163075,-0.7271874167541847
我是希尔瑞思,2023-01-04 09:26:00,2023-01-04 22:40:00,H->M,M,0.5,,2,0,2,0,0.5513888888888889,2023Q1,133,75,94,-0.2527055463397163,-0.367826008090637,-0.34181800193163075,-0.6317261677097875
我是希尔瑞思,2023-01-04 22:40:00,2023-01-05 11:13:00,M->H,H,0.0,,1,0,1,0,0.5229166666666667,2023Q1,133,75,94,-0.2527055463397163,-0.367826008090637,-0.34181800193163075,-0.647701315509054
我是希尔瑞思,2023-01-05 11:13:00,2023-01-07 14:52:00,H->H,H,0.125,,8,0,6,0,2.152083333333333,2023Q1,133,75,94,-0.2527055463397163,-0.367826008090637,-0.34181800193163075,0.26638884880995006
我是希尔瑞思,2023-01-07 14:52:00,2023-01-07 15:22:00,H->M,M,,,0,0,0,0,0.020833333333333332,2023Q1,133,75,94,-0.2527055463397163,-0.367826008090637,-0.34181800193163075,-0.9294094096278264
我是希尔瑞思,2023-01-07 15:22:00,2023-01-08 10:47:00,M->M,M,0.0,,1,0,1,0,0.8090277777777778,2023Q1,133,75,94,-0.2527055463397163,-0.367826008090637,-0.34181800193163075,-0.4871705620139859
我是希尔瑞思,2023-01-08 10:47:00,2023-01-09 22:41:00,M->H,H,0.5,,4,0,2,0,1.4958333333333333,2023Q1,133,75,94,-0.2527055463397163,-0.367826008090637,-0.34181800193163075,-0.10181882607558217
我是希尔瑞思,2023-01-09 22:41:00,2023-01-13 09:57:00,H->M,M,1.0,,2,0,1,0,3.4694444444444446,2023Q1,133,75,94,-0.2527055463397163,-0.367826008090637,-0.34181800193163075,1.0055316628394264
我是希尔瑞思,2023-01-13 09:57:00,2023-01-14 15:55:00,M->M,M,0.0,,3,0,3,0,1.2486111111111111,2023Q1,133,75,94,-0.2527055463397163,-0.367826008090637,-0.34181800193163075,-0.24052986550335945
我是希尔瑞思,2023-01-14 15:55:00,2023-01-15 22:23:00,M->H,H,0.0,,1,0,1,0,1.2694444444444444,2023Q1,133,75,94,-0.2527055463397163,-0.367826008090637,-0.34181800193163075,-0.22884073296731083
我是希尔瑞思,2023-01-15 22:23:00,2023-01-16 10:35:00,H->L,L,,,0,0,0,0,0.5083333333333333,2023Q1,133,75,94,-0.2527055463397163,-0.367826008090637,-0.34181800193163075,-0.655883708284288
我是希尔瑞思,2023-04-23 09:07:00,2023-04-23 19:49:00,M->H,H,,,0,0,0,0,0.44583333333333336,2023Q2,133,75,94,-0.2527055463397163,-0.367826008090637,-0.34181800193163075,-0.690951105892434
我是希尔瑞思,2023-05-15 09:23:00,2023-05-15 19:04:00,M->H,H,,,0,0,0,0,0.40347222222222223,2023Q2,133,75,94,-0.2527055463397163,-0.367826008090637,-0.34181800193163075,-0.7147190087157329
我是希尔瑞思,2023-05-15 19:04:00,2023-05-15 21:32:00,H->M,M,,,0,0,0,0,0.10277777777777777,2023Q2,133,75,94,-0.2527055463397163,-0.367826008090637,-0.34181800193163075,-0.883432154986035
我是希尔瑞思,2023-05-15 21:32:00,2023-05-19 09:06:00,M->M,M,0.5,,8,0,3,0,3.4819444444444443,2023Q2,133,75,94,-0.2527055463397163,-0.367826008090637,-0.34181800193163075,1.0125451423610554
我是希尔瑞思,2023-05-19 09:06:00,2023-05-21 08:23:00,M->M,M,0.0,,6,0,3,0,1.9701388888888889,2023Q2,133,75,94,-0.2527055463397163,-0.367826008090637,-0.34181800193163075,0.16430375799512534
我是希尔瑞思,2023-05-21 08:23:00,2023-05-21 09:08:00,M->M,M,,,0,0,0,0,0.03125,2023Q2,133,75,94,-0.2527055463397163,-0.367826008090637,-0.34181800193163075,-0.923564843359802
我是希尔瑞思,2023-05-21 09:08:00,2023-05-24 09:11:00,M->H,H,0.0,,2,0,1,0,3.002083333333333,2023Q2,133,75,94,-0.2527055463397163,-0.367826008090637,-0.34181800193163075,0.743305456280735
我是希尔瑞思,2023-05-24 09:11:00,2023-05-26 00:53:00,H->H,H,0.0,,1,0,1,0,1.6541666666666666,2023Q2,133,75,94,-0.2527055463397163,-0.367826008090637,-0.34181800193163075,-0.012981418801612514
我是希尔瑞思,2023-05-26 00:53:00,2023-05-26 08:52:00,H->M,M,,,0,0,0,0,0.3326388888888889,2023Q2,133,75,94,-0.2527055463397163,-0.367826008090637,-0.34181800193163075,-0.7544620593382982
我是希尔瑞思,2023-06-15 21:03:00,2023-06-16 08:47:00,M->H,H,,,0,0,0,0,0.4888888888888889,2023Q2,133,75,94,-0.2527055463397163,-0.367826008090637,-0.34181800193163075,-0.6667935653179334
我是希尔瑞思,2023-06-16 08:47:00,2023-06-20 08:23:00,H->M,M,,,0,0,0,0,3.9833333333333334,2023Q2,133,75,94,-0.2527055463397163,-0.367826008090637,-0.34181800193163075,1.2938635987286262
方脑壳邓铂鋆,2023-07-20 07:54:00,2023-07-25 20:22:00,M->M,M,,,0,0,0,0,5.519444444444445,2023Q3,92,13,82,-1.1193132950693288,-0.5030213933815503,-0.6634810808927181,2.1557423043866133
方脑壳邓铂鋆,2023-08-09 21:44:00,2023-08-14 16:43:00,M->M,M,,,0,0,0,0,4.790972222222222,2023Q3,92,13,82,-1.1193132950693288,-0.5030213933815503,-0.6634810808927181,1.747012303376112
方脑壳邓铂鋆,2023-08-14 16:43:00,2023-08-21 13:59:00,M->M,M,,,0,0,0,0,6.886111111111111,2023Q3,92,13,82,-1.1193132950693288,-0.5030213933815503,-0.6634810808927181,2.9225493987514044
方脑壳邓铂鋆,2023-09-11 15:43:00,2023-09-12 12:01:00,M->M,M,,,0,0,0,0,0.8458333333333333,2023Q3,92,13,82,-1.1193132950693288,-0.5030213933815503,-0.6634810808927181,-0.4665197612003
方脑壳邓铂鋆,2023-09-12 12:01:00,2023-09-17 16:37:00,M->M,M,,1.0,0,1,0,1,5.191666666666666,2023Q3,92,13,82,-1.1193132950693288,-0.5030213933815503,-0.6634810808927181,1.9718332858194476
方脑壳邓铂鋆,2023-11-20 19:02:00,2023-11-25 10:00:00,H->M,M,,0.0,0,2,0,1,4.623611111111111,2023Q4,92,13,82,-1.1193132950693288,-0.5030213933815503,-0.6634810808927181,1.6531096053365213
方脑壳邓铂鋆,2023-11-25 10:00:00,2023-11-28 10:26:00,M->M,M,,,0,0,0,0,3.0180555555555557,2023Q4,92,13,82,-1.1193132950693288,-0.5030213933815503,-0.6634810808927181,0.7522671245583724
方脑壳邓铂鋆,2024-02-02 09:30:00,2024-02-07 11:00:00,M->M,M,,,0,0,0,0,5.0625,2024Q1,92,13,82,-1.1193132950693288,-0.5030213933815503,-0.6634810808927181,1.8993606640959462
方脑壳邓铂鋆,2024-02-07 11:00:00,2024-02-13 18:38:00,M->M,M,0.0,,2,0,1,0,6.3180555555555555,2024Q1,92,13,82,-1.1193132950693288,-0.5030213933815503,-0.6634810808927181,2.6038257182684776
方脑壳邓铂鋆,2024-03-13 08:45:00,2024-03-16 13:45:00,H->H,H,,0.0,0,1,0,1,3.2083333333333335,2024Q1,92,13,82,-1.1193132950693288,-0.5030213933815503,-0.6634810808927181,0.8590278683876167
方脑壳邓铂鋆,2024-06-17 01:44:00,2024-06-21 09:30:00,M->M,M,,1.0,0,1,0,1,4.323611111111111,2024Q2,92,13,82,-1.1193132950693288,-0.5030213933815503,-0.6634810808927181,1.4847860968174207
方脑壳邓铂鋆,2024-07-10 07:17:00,2024-07-10 21:25:00,H->M,M,,,0,0,0,0,0.5888888888888889,2024Q3,92,13,82,-1.1193132950693288,-0.5030213933815503,-0.6634810808927181,-0.6106857291448998
方脑壳邓铂鋆,2024-07-10 21:25:00,2024-07-11 12:53:00,M->H,H,,,0,0,0,0,0.6444444444444445,2024Q3,92,13,82,-1.1193132950693288,-0.5030213933815503,-0.6634810808927181,-0.5795147090487702
方脑壳邓铂鋆,2024-07-25 10:10:00,2024-07-31 10:00:00,H->M,M,,,0,0,0,0,5.993055555555555,2024Q3,92,13,82,-1.1193132950693288,-0.5030213933815503,-0.6634810808927181,2.421475250706119
方脑壳邓铂鋆,2024-07-31 10:00:00,2024-08-03 19:35:00,M->H,H,,,0,0,0,0,3.3993055555555554,2024Q3,92,13,82,-1.1193132950693288,-0.5030213933815503,-0.6634810808927181,0.9661782499680625
方脑壳邓铂鋆,2024-08-03 19:35:00,2024-08-05 10:00:00,H->M,M,,,0,0,0,0,1.6006944444444444,2024Q3,92,13,82,-1.1193132950693288,-0.5030213933815503,-0.6634810808927181,-0.04298352564413733
方脑壳邓铂鋆,2024-08-05 10:00:00,2024-08-08 09:30:00,M->M,M,,,0,0,0,0,2.9791666666666665,2024Q3,92,13,82,-1.1193132950693288,-0.5030213933815503,-0.6634810808927181,0.7304474104910814
方脑壳邓铂鋆,2024-08-08 09:30:00,2024-08-11 20:00:00,M->M,M,,,0,0,0,0,3.4375,2024Q3,92,13,82,-1.1193132950693288,-0.5030213933815503,-0.6634810808927181,0.9876083262841517
方脑壳邓铂鋆,2024-09-09 20:18:00,2024-09-13 08:02:00,M->M,M,,,0,0,0,0,3.488888888888889,2024Q3,92,13,82,-1.1193132950693288,-0.5030213933815503,-0.6634810808927181,1.0164415198730716
方脑壳邓铂鋆,2024-09-13 08:02:00,2024-09-13 10:00:00,M->M,M,,,0,0,0,0,0.08194444444444444,2024Q3,92,13,82,-1.1193132950693288,-0.5030213933815503,-0.6634810808927181,-0.8951212875220836
方脑壳邓铂鋆,2024-09-13 10:00:00,2024-09-14 08:30:00,M->H,H,,,0,0,0,0,0.9375,2024Q3,92,13,82,-1.1193132950693288,-0.5030213933815503,-0.6634810808927181,-0.4150875780416859
方脑壳邓铂鋆,2024-09-14 08:30:00,2024-09-17 08:30:00,H->M,M,,,0,0,0,0,3.0,2024Q3,92,13,82,-1.1193132950693288,-0.5030213933815503,-0.6634810808927181,0.7421365430271302
方脑壳邓铂鋆,2024-09-17 08:30:00,2024-09-17 11:00:00,M->M,M,,,0,0,0,0,0.10416666666666667,2024Q3,92,13,82,-1.1193132950693288,-0.5030213933815503,-0.6634810808927181,-0.8826528794836317
方脑壳邓铂鋆,2024-11-10 21:16:00,2024-11-10 21:59:00,L->M,M,,,0,0,0,0,0.029861111111111113,2024Q4,92,13,82,-1.1193132950693288,-0.5030213933815503,-0.6634810808927181,-0.9243441188622052
方脑壳邓铂鋆,2024-11-10 21:59:00,2024-11-13 20:00:00,M->M,M,,,0,0,0,0,2.917361111111111,2024Q4,92,13,82,-1.1193132950693288,-0.5030213933815503,-0.6634810808927181,0.6957696506341371
方脑壳邓铂鋆,2024-11-13 20:00:00,2024-11-16 10:31:00,M->M,M,,,0,0,0,0,2.604861111111111,2024Q4,92,13,82,-1.1193132950693288,-0.5030213933815503,-0.6634810808927181,0.5204326625934075
方脑壳邓铂鋆,2024-11-27 09:30:00,2024-11-27 16:00:00,M->M,M,,,0,0,0,0,0.2708333333333333,2024Q4,92,13,82,-1.1193132950693288,-0.5030213933815503,-0.6634810808927181,-0.7891398191952427
方脑壳邓铂鋆,2024-11-27 16:00:00,2024-11-27 20:29:00,M->M,M,,,0,0,0,0,0.18680555555555556,2024Q4,92,13,82,-1.1193132950693288,-0.5030213933815503,-0.6634810808927181,-0.8362859870906388
方脑壳邓铂鋆,2024-11-27 20:29:00,2024-11-29 09:45:00,M->M,M,,,0,0,0,0,1.5527777777777778,2024Q4,92,13,82,-1.1193132950693288,-0.5030213933815503,-0.6634810808927181,-0.06986853047704918
方脑壳邓铂鋆,2024-11-29 09:45:00,2024-11-29 14:30:00,M->M,M,,,0,0,0,0,0.19791666666666666,2024Q4,92,13,82,-1.1193132950693288,-0.5030213933815503,-0.6634810808927181,-0.8300517830714128
方脑壳邓铂鋆,2024-11-29 14:30:00,2024-12-02 09:00:00,M->L,L,,,0,0,0,0,2.7708333333333335,2024Q4,92,13,82,-1.1193132950693288,-0.5030213933815503,-0.6634810808927181,0.6135560851305951
方脑壳邓铂鋆,2024-12-19 21:03:00,2024-12-23 20:45:00,H->M,M,,0.5,0,2,0,1,3.9875,2024Q4,92,13,82,-1.1193132950693288,-0.5030213933815503,-0.6634810808927181,1.2962014252358358
方脑壳邓铂鋆,2024-12-23 20:45:00,2024-12-28 15:24:00,M->M,M,,,0,0,0,0,4.777083333333334,2024Q4,92,13,82,-1.1193132950693288,-0.5030213933815503,-0.6634810808927181,1.7392195483520798
方脑壳邓铂鋆,2024-12-28 15:24:00,2024-12-29 08:33:00,M->M,M,,,0,0,0,0,0.7145833333333333,2024Q4,92,13,82,-1.1193132950693288,-0.5030213933815503,-0.6634810808927181,-0.5401612961774064
方脑壳邓铂鋆,2024-12-29 08:33:00,2024-12-30 08:17:00,M->M,M,,,0,0,0,0,0.9888888888888889,2024Q4,92,13,82,-1.1193132950693288,-0.5030213933815503,-0.6634810808927181,-0.3862543844527659
方脑壳邓铂鋆,2024-12-30 08:17:00,2024-12-30 09:30:00,M->M,M,,,0,0,0,0,0.050694444444444445,2024Q4,92,13,82,-1.1193132950693288,-0.5030213933815503,-0.6634810808927181,-0.9126549863261567
方脑壳邓铂鋆,2024-12-30 09:30:00,2024-12-30 12:04:00,M->M,M,,,0,0,0,0,0.10694444444444444,2024Q4,92,13,82,-1.1193132950693288,-0.5030213933815503,-0.6634810808927181,-0.8810943284788253
方脑壳邓铂鋆,2024-12-30 12:04:00,2025-01-01 10:02:00,M->M,M,,,0,0,0,0,1.9152777777777779,2025Q1,92,13,82,-1.1193132950693288,-0.5030213933815503,-0.6634810808927181,0.13352237565019728
方脑壳邓铂鋆,2025-01-09 09:30:00,2025-01-15 10:02:00,M->M,M,0.0,0.5,1,2,1,1,6.022222222222222,2025Q1,92,13,82,-1.1193132950693288,-0.5030213933815503,-0.6634810808927181,2.4378400362565875
方脑壳邓铂鋆,2025-01-24 10:30:00,2025-01-29 10:40:00,M->H,H,,,0,0,0,0,5.006944444444445,2025Q1,92,13,82,-1.1193132950693288,-0.5030213933815503,-0.6634810808927181,1.8681896439998165
方脑壳邓铂鋆,2025-01-29 10:40:00,2025-02-03 11:30:00,H->M,M,,,0,0,0,0,5.034722222222222,2025Q1,92,13,82,-1.1193132950693288,-0.5030213933815503,-0.6634810808927181,1.8837751540478813
方脑壳邓铂鋆,2025-02-03 11:30:00,2025-02-04 08:00:00,M->M,M,,,0,0,0,0,0.8541666666666666,2025Q1,92,13,82,-1.1193132950693288,-0.5030213933815503,-0.6634810808927181,-0.4618441081858805
方脑壳邓铂鋆,2025-02-04 08:00:00,2025-02-07 16:37:00,M->M,M,,,0,0,0,0,3.359027777777778,2025Q1,92,13,82,-1.1193132950693288,-0.5030213933815503,-0.6634810808927181,0.9435792603983686
方脑壳邓铂鋆,2025-02-07 16:37:00,2025-02-12 07:30:00,M->H,H,,,0,0,0,0,4.620138888888889,2025Q1,92,13,82,-1.1193132950693288,-0.5030213933815503,-0.6634810808927181,1.651161416580513
方脑壳邓铂鋆,2025-02-12 07:30:00,2025-02-13 09:30:00,H->H,H,,,0,0,0,0,1.0833333333333333,2025Q1,92,13,82,-1.1193132950693288,-0.5030213933815503,-0.6634810808927181,-0.3332636502893454
方脑壳邓铂鋆,2025-02-13 09:30:00,2025-02-14 11:08:00,H->H,H,,,0,0,0,0,1.0680555555555555,2025Q1,92,13,82,-1.1193132950693288,-0.5030213933815503,-0.6634810808927181,-0.3418356808157811
方脑壳邓铂鋆,2025-02-14 11:08:00,2025-02-16 09:30:00,H->M,M,,,0,0,0,0,1.9319444444444445,2025Q1,92,13,82,-1.1193132950693288,-0.5030213933815503,-0.6634810808927181,0.1428736816790362
方脑壳邓铂鋆,2025-02-16 09:30:00,2025-02-18 08:45:00,M->M,M,,0.0,0,1,0,1,1.96875,2025Q1,92,13,82,-1.1193132950693288,-0.5030213933815503,-0.6634810808927181,0.1635244824927221
方脑壳邓铂鋆,2025-02-18 08:45:00,2025-02-21 11:00:00,M->M,M,,,0,0,0,0,3.09375,2025Q1,92,13,82,-1.1193132950693288,-0.5030213933815503,-0.6634810808927181,0.794737639439349
方脑壳邓铂鋆,2025-04-30 12:56:00,2025-05-03 09:30:00,M->M,M,,,0,0,0,0,2.8569444444444443,2025Q2,92,13,82,-1.1193132950693288,-0.5030213933815503,-0.6634810808927181,0.661871166279596
方脑壳邓铂鋆,2025-05-15 11:03:00,2025-05-18 21:17:00,M->M,M,,,0,0,0,0,3.426388888888889,2025Q2,92,13,82,-1.1193132950693288,-0.5030213933815503,-0.6634810808927181,0.9813741222649258
方脑壳邓铂鋆,2025-05-18 21:17:00,2025-05-21 07:02:00,M->H,H,0.0,1.0,2,1,1,1,2.40625,2025Q2,92,13,82,-1.1193132950693288,-0.5030213933815503,-0.6634810808927181,0.4089962657497437
方脑壳邓铂鋆,2025-05-21 07:02:00,2025-05-21 08:30:00,H->M,M,0.0,,1,0,1,0,0.06111111111111111,2025Q2,92,13,82,-1.1193132950693288,-0.5030213933815503,-0.6634810808927181,-0.9068104200581323
方脑壳邓铂鋆,2025-05-29 09:00:00,2025-06-02 20:38:00,M->M,M,,,0,0,0,0,4.4847222222222225,2025Q2,92,13,82,-1.1193132950693288,-0.5030213933815503,-0.6634810808927181,1.5751820550961972
方脑壳邓铂鋆,2025-06-02 20:38:00,2025-06-08 15:15:00,M->H,H,,0.0,0,1,0,1,5.7756944444444445,2025Q2,92,13,82,-1.1193132950693288,-0.5030213933815503,-0.6634810808927181,2.299518634580011
方脑壳邓铂鋆,2025-06-27 19:55:00,2025-06-29 09:30:00,M->M,M,,,0,0,0,0,1.5659722222222223,2025Q2,92,13,82,-1.1193132950693288,-0.5030213933815503,-0.6634810808927181,-0.062465413204218334
方脑壳邓铂鋆,2025-06-29 09:30:00,2025-07-05 16:01:00,M->M,M,,0.5,0,2,0,1,6.271527777777778,2025Q3,92,13,82,-1.1193132950693288,-0.5030213933815503,-0.6634810808927181,2.577719988937969
来碗饸络面,2023-08-03 08:55:00,2023-08-08 17:25:00,M->M,M,0.75,,8,0,1,0,5.354166666666667,2023Q3,9,8,9,-1.1892010167410716,-1.325459987234606,-1.3146526797651632,2.0630085196006274
来碗饸络面,2023-09-19 13:10:00,2023-09-23 01:03:00,M->M,M,1.0,,3,0,1,0,3.495138888888889,2023Q3,9,8,9,-1.1892010167410716,-1.325459987234606,-1.3146526797651632,1.0199482596338865
核聚变ju,2023-02-19 09:59:00,2023-02-19 11:20:00,H->M,M,,,0,0,0,0,0.05625,2023Q1,27,24,26,-0.9655603073914942,-1.1339331914058122,-1.1734347426602956,-0.9095378843165437
核聚变ju,2023-05-02 00:28:00,2023-05-08 15:31:00,M->L,L,,,0,0,0,0,6.627083333333333,2023Q2,27,24,26,-0.9655603073914942,-1.1339331914058122,-1.1734347426602956,2.7772145175531997
核聚变ju,2023-09-11 19:48:00,2023-09-15 21:35:00,M->M,M,0.3333333333333333,,3,0,1,0,4.074305555555555,2023Q3,27,24,26,-0.9655603073914942,-1.1339331914058122,-1.1734347426602956,1.3449061441360384
核聚变ju,2023-11-17 09:44:00,2023-11-20 13:07:00,L->M,M,,,0,0,0,0,3.140972222222222,2023Q4,27,24,26,-0.9655603073914942,-1.1339331914058122,-1.1734347426602956,0.8212330065210592
核聚变ju,2024-02-16 14:44:00,2024-02-23 08:57:00,M->M,M,,,0,0,0,0,6.759027777777778,2024Q1,27,24,26,-0.9655603073914942,-1.1339331914058122,-1.1734347426602956,2.851245690281508
核聚变ju,2024-02-23 08:57:00,2024-02-29 08:29:00,M->M,M,,,0,0,0,0,5.980555555555555,2024Q1,27,24,26,-0.9655603073914942,-1.1339331914058122,-1.1734347426602956,2.4144617711844893
核聚变ju,2024-02-29 08:29:00,2024-03-02 16:02:00,M->M,M,,,0,0,0,0,2.314583333333333,2024Q1,27,24,26,-0.9655603073914942,-1.1339331914058122,-1.1734347426602956,0.3575640825911296
核聚变ju,2024-03-02 16:02:00,2024-03-04 18:48:00,M->M,M,,,0,0,0,0,2.1152777777777776,2024Q1,27,24,26,-0.9655603073914942,-1.1339331914058122,-1.1734347426602956,0.24573804799626414
核聚变ju,2024-03-12 11:10:00,2024-03-15 01:05:00,H->H,H,,,0,0,0,0,2.579861111111111,2024Q1,27,24,26,-0.9655603073914942,-1.1339331914058122,-1.1734347426602956,0.5064057035501491
波浪女郎,2023-06-22 08:20:00,2023-06-22 08:39:00,M->M,M,,,0,0,0,0,0.013194444444444444,2023Q2,18,12,16,-1.1332908394036774,-1.2465960124815734,-1.2440437112127294,-0.9336954248910442
波浪女郎,2023-08-16 15:41:00,2023-08-17 08:43:00,M->M,M,1.0,1.0,1,1,1,1,0.7097222222222223,2023Q3,18,12,16,-1.1332908394036774,-1.2465960124815734,-1.2440437112127294,-0.5428887604358178
波浪女郎,2023-08-17 08:43:00,2023-08-21 13:33:00,M->M,M,1.0,1.0,3,1,1,1,4.201388888888889,2023Q3,18,12,16,-1.1332908394036774,-1.2465960124815734,-1.2440437112127294,1.4162098526059357
波浪女郎,2023-08-30 20:10:00,2023-09-05 12:03:00,M->M,M,0.25,0.0,4,1,1,1,5.6618055555555555,2023Q3,18,12,16,-1.1332908394036774,-1.2465960124815734,-1.2440437112127294,2.2356180433829453
波浪女郎,2023-09-26 09:31:00,2023-09-27 13:39:00,M->M,M,,,0,0,0,0,1.1722222222222223,2023Q3,18,12,16,-1.1332908394036774,-1.2465960124815734,-1.2440437112127294,-0.28339001813553777
波浪女郎,2023-10-23 19:02:00,2023-10-30 14:59:00,M->M,M,0.3333333333333333,1.0,3,1,1,1,6.83125,2023Q4,18,12,16,-1.1332908394036774,-1.2465960124815734,-1.2440437112127294,2.891768016406476
波浪女郎,2023-10-30 14:59:00,2023-11-01 02:56:00,M->M,M,,,0,0,0,0,1.4979166666666666,2023Q4,18,12,16,-1.1332908394036774,-1.2465960124815734,-1.2440437112127294,-0.10064991282197737
波浪女郎,2023-11-01 02:56:00,2023-11-01 03:00:00,M->M,M,,,0,0,0,0,0.002777777777777778,2023Q4,18,12,16,-1.1332908394036774,-1.2465960124815734,-1.2440437112127294,-0.9395399911590685
溧阳人在珀斯,2021-08-01 04:29:00,2021-08-01 05:16:00,M->H,H,,,0,0,0,0,0.03263888888888889,2021Q3,36,19,26,-1.035448029063237,-1.1339331914058122,-1.1028257741078618,-0.9227855678573987
溧阳人在珀斯,2021-08-01 05:16:00,2021-08-03 09:27:00,H->M,M,,,0,0,0,0,2.1743055555555557,2021Q3,36,19,26,-1.035448029063237,-1.1339331914058122,-1.1028257741078618,0.2788572568484022
溧阳人在珀斯,2021-08-03 09:27:00,2021-08-03 11:12:00,M->M,M,,,0,0,0,0,0.07291666666666667,2021Q3,36,19,26,-1.035448029063237,-1.1339331914058122,-1.1028257741078618,-0.9001865782877047
溧阳人在珀斯,2021-08-03 11:12:00,2021-08-07 16:12:00,M->M,M,,,0,0,0,0,4.208333333333333,2021Q3,36,19,26,-1.035448029063237,-1.1339331914058122,-1.1028257741078618,1.4201062301179515
溧阳人在珀斯,2021-08-07 16:12:00,2021-08-09 11:20:00,M->M,M,,,0,0,0,0,1.7972222222222223,2021Q3,36,19,26,-1.035448029063237,-1.1339331914058122,-1.1028257741078618,0.06728395794592161
溧阳人在珀斯,2021-08-09 11:20:00,2021-08-09 11:21:00,M->M,M,,,0,0,0,0,0.0006944444444444445,2021Q3,36,19,26,-1.035448029063237,-1.1339331914058122,-1.1028257741078618,-0.9407089044126733
溧阳人在珀斯,2021-12-29 04:35:00,2021-12-29 04:37:00,M->H,H,,,0,0,0,0,0.001388888888888889,2021Q4,36,19,26,-1.035448029063237,-1.1339331914058122,-1.1028257741078618,-0.9403192666614718
溧阳人在珀斯,2021-12-29 04:37:00,2021-12-29 04:49:00,H->M,M,,,0,0,0,0,0.008333333333333333,2021Q4,36,19,26,-1.035448029063237,-1.1339331914058122,-1.1028257741078618,-0.9364228891494556
溧阳人在珀斯,2021-12-29 04:49:00,2022-01-02 01:17:00,M->M,M,,,0,0,0,0,3.852777777777778,2022Q1,36,19,26,-1.035448029063237,-1.1339331914058122,-1.1028257741078618,1.2206117015027214
溧阳人在珀斯,2022-01-02 01:17:00,2022-01-02 14:49:00,M->H,H,,,0,0,0,0,0.5638888888888889,2022Q1,36,19,26,-1.035448029063237,-1.1339331914058122,-1.1028257741078618,-0.6247126881881583
溧阳人在珀斯,2022-01-02 14:49:00,2022-01-07 01:22:00,H->M,M,,,0,0,0,0,4.439583333333333,2022Q1,36,19,26,-1.035448029063237,-1.1339331914058122,-1.1028257741078618,1.5498556012680915
溧阳人在珀斯,2022-01-07 01:22:00,2022-01-08 16:53:00,M->M,M,,,0,0,0,0,1.6465277777777778,2022Q1,36,19,26,-1.035448029063237,-1.1339331914058122,-1.1028257741078618,-0.01726743406483027
溧阳人在珀斯,2022-01-08 16:53:00,2022-01-10 12:14:00,M->M,M,,,0,0,0,0,1.80625,2022Q1,36,19,26,-1.035448029063237,-1.1339331914058122,-1.1028257741078618,0.07234924871154262
溧阳人在珀斯,2022-01-10 12:14:00,2022-01-10 12:17:00,M->M,M,,,0,0,0,0,0.0020833333333333333,2022Q1,36,19,26,-1.035448029063237,-1.1339331914058122,-1.1028257741078618,-0.9399296289102701
溧阳人在珀斯,2022-01-10 12:17:00,2022-01-11 09:39:00,M->M,M,,,0,0,0,0,0.8902777777777777,2022Q1,36,19,26,-1.035448029063237,-1.1339331914058122,-1.1028257741078618,-0.4415829451233962
溧阳人在珀斯,2022-01-11 09:39:00,2022-01-11 11:22:00,M->M,M,,,0,0,0,0,0.07152777777777777,2022Q1,36,19,26,-1.035448029063237,-1.1339331914058122,-1.1028257741078618,-0.900965853790108
溧阳人在珀斯,2022-01-11 11:22:00,2022-01-12 06:29:00,M->H,H,,,0,0,0,0,0.7965277777777777,2022Q1,36,19,26,-1.035448029063237,-1.1339331914058122,-1.1028257741078618,-0.4941840415356151
溧阳人在珀斯,2022-01-12 06:29:00,2022-01-15 03:46:00,H->M,M,,,0,0,0,0,2.8868055555555556,2022Q1,36,19,26,-1.035448029063237,-1.1339331914058122,-1.1028257741078618,0.6786255895812658
溧阳人在珀斯,2022-01-23 21:06:00,2022-01-25 15:39:00,M->M,M,,,0,0,0,0,1.7729166666666667,2022Q1,36,19,26,-1.035448029063237,-1.1339331914058122,-1.1028257741078618,0.05364663665386485
溧阳人在珀斯,2022-01-25 15:39:00,2022-01-26 00:30:00,M->M,M,,,0,0,0,0,0.36875,2022Q1,36,19,26,-1.035448029063237,-1.1339331914058122,-1.1028257741078618,-0.734200896275814
溧阳人在珀斯,2022-11-24 23:21:00,2022-11-26 16:49:00,M->M,M,,,0,0,0,0,1.7277777777777779,2022Q4,36,19,26,-1.035448029063237,-1.1339331914058122,-1.1028257741078618,0.028320182825759474
溧阳人在珀斯,2022-11-26 16:49:00,2022-12-02 22:03:00,M->H,H,0.5,,4,0,2,0,6.218055555555556,2022Q4,36,19,26,-1.035448029063237,-1.1339331914058122,-1.1028257741078618,2.5477178820954443
溧阳人在珀斯,2022-12-02 22:03:00,2022-12-05 14:59:00,H->M,M,0.0,,1,0,1,0,2.7055555555555557,2022Q4,36,19,26,-1.035448029063237,-1.1339331914058122,-1.1028257741078618,0.5769301365176427
溧阳人在珀斯,2022-12-05 14:59:00,2022-12-05 15:17:00,M->M,M,,,0,0,0,0,0.0125,2022Q4,36,19,26,-1.035448029063237,-1.1339331914058122,-1.1028257741078618,-0.9340850626422459
溧阳人在珀斯,2022-12-05 15:17:00,2022-12-07 11:49:00,M->H,H,0.0,,1,0,1,0,1.8555555555555556,2022Q4,36,19,26,-1.035448029063237,-1.1339331914058122,-1.1028257741078618,0.10001352904685784
溧阳人在珀斯,2022-12-07 11:49:00,2022-12-08 16:53:00,H->M,M,0.0,,3,0,1,0,1.211111111111111,2022Q4,36,19,26,-1.035448029063237,-1.1339331914058122,-1.1028257741078618,-0.26157030406824705
溧阳人在珀斯,2022-12-08 16:53:00,2022-12-08 18:26:00,M->H,H,,,0,0,0,0,0.06458333333333334,2022Q4,36,19,26,-1.035448029063237,-1.1339331914058122,-1.1028257741078618,-0.9048622313021242
溧阳人在珀斯,2022-12-08 18:26:00,2022-12-09 14:36:00,H->M,M,0.0,,2,0,1,0,0.8402777777777778,2022Q4,36,19,26,-1.035448029063237,-1.1339331914058122,-1.1028257741078618,-0.46963686320991294
溧阳人在珀斯,2022-12-09 14:36:00,2022-12-15 23:14:00,M->M,M,0.0,,8,0,2,0,6.3597222222222225,2022Q4,36,19,26,-1.035448029063237,-1.1339331914058122,-1.1028257741078618,2.627203983340576
溧阳人在珀斯,2022-12-15 23:14:00,2022-12-16 11:19:00,M->M,M,,,0,0,0,0,0.5034722222222222,2022Q4,36,19,26,-1.035448029063237,-1.1339331914058122,-1.1028257741078618,-0.6586111725426993
独立小楼99,2022-12-03 15:35:00,2022-12-04 18:49:00,H->M,M,0.0,,1,0,1,0,1.1347222222222222,2022Q4,13,10,13,-1.1612459280723744,-1.2803948588043017,-1.2832709159640814,-0.3044304567004254
独立小楼99,2022-12-30 15:26:00,2022-12-31 15:00:00,M->M,M,0.0,,3,0,1,0,0.9819444444444444,2022Q4,13,10,13,-1.1612459280723744,-1.2803948588043017,-1.2832709159640814,-0.39015076196478216
独立小楼99,2023-01-08 14:50:00,2023-01-10 11:48:00,M->M,M,0.6666666666666666,,3,0,2,0,1.8736111111111111,2023Q1,13,10,13,-1.1612459280723744,-1.2803948588043017,-1.2832709159640814,0.11014411057809996
独立小楼99,2023-03-08 17:29:00,2023-03-10 16:01:00,M->M,M,,,0,0,0,0,1.9388888888888889,2023Q1,13,10,13,-1.1612459280723744,-1.2803948588043017,-1.2832709159640814,0.14677005919105238
琥珀柏林,2023-04-17 06:24:00,2023-04-19 19:08:00,H->M,M,,,0,0,0,0,2.5305555555555554,2023Q2,40,31,33,-0.8677174970510542,-1.0550692166527795,-1.07144401030678,0.47874142321483387
琥珀柏林,2023-04-19 19:08:00,2023-04-20 20:49:00,M->M,M,,,0,0,0,0,1.070138888888889,2023Q2,40,31,33,-0.8677174970510542,-1.0550692166527795,-1.07144401030678,-0.3406667675621761
琥珀柏林,2023-04-20 20:49:00,2023-04-20 20:50:00,M->M,M,,,0,0,0,0,0.0006944444444444445,2023Q2,40,31,33,-0.8677174970510542,-1.0550692166527795,-1.07144401030678,-0.9407089044126733
琥珀柏林,2023-06-12 13:51:00,2023-06-14 06:04:00,M->M,M,1.0,,1,0,1,0,1.6756944444444444,2023Q2,40,31,33,-0.8677174970510542,-1.0550692166527795,-1.07144401030678,-0.0009026485143622257
琥珀柏林,2023-06-14 06:04:00,2023-06-14 07:32:00,M->H,H,,,0,0,0,0,0.06111111111111111,2023Q2,40,31,33,-0.8677174970510542,-1.0550692166527795,-1.07144401030678,-0.9068104200581323
琥珀柏林,2023-06-24 08:05:00,2023-06-29 19:04:00,M->M,M,,,0,0,0,0,5.457638888888889,2023Q2,40,31,33,-0.8677174970510542,-1.0550692166527795,-1.07144401030678,2.121064544529669
琥珀柏林,2023-07-10 15:49:00,2023-07-10 15:50:00,M->M,M,,,0,0,0,0,0.0006944444444444445,2023Q3,40,31,33,-0.8677174970510542,-1.0550692166527795,-1.07144401030678,-0.9407089044126733
琥珀柏林,2023-07-10 15:50:00,2023-07-12 17:10:00,M->H,H,,,0,0,0,0,2.0555555555555554,2023Q3,40,31,33,-0.8677174970510542,-1.0550692166527795,-1.07144401030678,0.2122292013929247
琥珀柏林,2023-07-12 17:10:00,2023-07-12 17:15:00,H->M,M,,,0,0,0,0,0.003472222222222222,2023Q3,40,31,33,-0.8677174970510542,-1.0550692166527795,-1.07144401030678,-0.9391503534078668
琥珀柏林,2023-07-12 17:15:00,2023-07-16 17:27:00,M->M,M,,,0,0,0,0,4.008333333333334,2023Q3,40,31,33,-0.8677174970510542,-1.0550692166527795,-1.07144401030678,1.307890557771885
琥珀柏林,2023-07-16 17:27:00,2023-07-19 12:37:00,M->M,M,,,0,0,0,0,2.798611111111111,2023Q3,40,31,33,-0.8677174970510542,-1.0550692166527795,-1.07144401030678,0.6291415951786599
琥珀柏林,2023-07-28 06:02:00,2023-08-02 16:21:00,H->M,M,,,0,0,0,0,5.429861111111111,2023Q3,40,31,33,-0.8677174970510542,-1.0550692166527795,-1.07144401030678,2.105479034481604
琥珀柏林,2023-08-02 16:21:00,2023-08-06 11:18:00,M->M,M,,,0,0,0,0,3.7895833333333333,2023Q3,40,31,33,-0.8677174970510542,-1.0550692166527795,-1.07144401030678,1.1851546661433738
琥珀柏林,2023-08-06 11:18:00,2023-08-09 17:17:00,M->H,H,,,0,0,0,0,3.2493055555555554,2023Q3,40,31,33,-0.8677174970510542,-1.0550692166527795,-1.07144401030678,0.8820164957085121
琥珀柏林,2023-08-09 17:17:00,2023-08-12 16:35:00,H->H,H,,,0,0,0,0,2.970833333333333,2023Q3,40,31,33,-0.8677174970510542,-1.0550692166527795,-1.07144401030678,0.7257717574766619
琥珀柏林,2023-08-12 16:35:00,2023-08-12 18:02:00,H->M,M,,,0,0,0,0,0.06041666666666667,2023Q3,40,31,33,-0.8677174970510542,-1.0550692166527795,-1.07144401030678,-0.907200057809334
琥珀柏林,2023-08-12 18:02:00,2023-08-14 11:44:00,M->H,H,,1.0,0,1,0,1,1.7375,2023Q3,40,31,33,-0.8677174970510542,-1.0550692166527795,-1.07144401030678,0.033775111342582154
琥珀柏林,2023-08-14 11:44:00,2023-08-14 11:51:00,H->M,M,,,0,0,0,0,0.004861111111111111,2023Q3,40,31,33,-0.8677174970510542,-1.0550692166527795,-1.07144401030678,-0.9383710779054636
琥珀柏林,2023-09-26 07:41:00,2023-09-28 17:19:00,H->M,M,,,0,0,0,0,2.401388888888889,2023Q3,40,31,33,-0.8677174970510542,-1.0550692166527795,-1.07144401030678,0.40626880149133243
琥珀柏林,2024-01-08 20:42:00,2024-01-08 20:42:00,M->M,M,,,0,0,0,0,0.0,2024Q1,40,31,33,-0.8677174970510542,-1.0550692166527795,-1.07144401030678,-0.941098542163875
琥珀柏林,2024-04-05 12:33:00,2024-04-08 20:30:00,M->H,H,,,0,0,0,0,3.33125,2024Q2,40,31,33,-0.8677174970510542,-1.0550692166527795,-1.07144401030678,0.9279937503503035
用户7612030497,2023-06-23 17:38:00,2023-06-23 19:13:00,H->M,M,,,0,0,0,0,0.06597222222222222,2023Q2,11,11,7,-1.147268383738026,-1.3479925514497584,-1.2989617978646222,-0.9040829557997209
用户7612030497,2023-06-23 19:13:00,2023-06-24 13:58:00,M->M,M,,,0,0,0,0,0.78125,2023Q2,11,11,7,-1.147268383738026,-1.3479925514497584,-1.2989617978646222,-0.5027560720620508
用户7612030497,2023-06-24 13:58:00,2023-06-24 20:15:00,M->M,M,,,0,0,0,0,0.26180555555555557,2023Q2,11,11,7,-1.147268383738026,-1.3479925514497584,-1.2989617978646222,-0.7942051099608637
用户7612030497,2023-06-24 20:15:00,2023-06-24 21:33:00,M->M,M,,,0,0,0,0,0.05416666666666667,2023Q2,11,11,7,-1.147268383738026,-1.3479925514497584,-1.2989617978646222,-0.9107067975701485
用户7612030497,2023-06-24 21:33:00,2023-06-26 11:27:00,M->H,H,,,0,0,0,0,1.5791666666666666,2023Q2,11,11,7,-1.147268383738026,-1.3479925514497584,-1.2989617978646222,-0.05506229593138762
用户7612030497,2023-06-26 11:27:00,2023-06-26 21:29:00,H->H,H,,,0,0,0,0,0.41805555555555557,2023Q2,11,11,7,-1.147268383738026,-1.3479925514497584,-1.2989617978646222,-0.7065366159404988
用户7821370827,2023-02-19 12:44:00,2023-02-19 17:04:00,M->M,M,,,0,0,0,0,0.18055555555555555,2023Q1,29,40,23,-0.7419195980419169,-1.1677320377285405,-1.1577438607597548,-0.8397927268514533
用户7821370827,2023-02-19 17:04:00,2023-02-19 18:08:00,M->H,H,,,0,0,0,0,0.044444444444444446,2023Q1,29,40,23,-0.7419195980419169,-1.1677320377285405,-1.1577438607597548,-0.9161617260869712
用户7821370827,2023-02-19 18:08:00,2023-02-19 20:15:00,H->M,M,,,0,0,0,0,0.08819444444444445,2023Q1,29,40,23,-0.7419195980419169,-1.1677320377285405,-1.1577438607597548,-0.891614547761269
用户7821370827,2023-02-19 20:15:00,2023-02-19 22:44:00,M->M,M,,,0,0,0,0,0.10347222222222222,2023Q1,29,40,23,-0.7419195980419169,-1.1677320377285405,-1.1577438607597548,-0.8830425172348334
用户7821370827,2023-02-19 22:44:00,2023-02-20 06:07:00,M->M,M,,,0,0,0,0,0.3076388888888889,2023Q1,29,40,23,-0.7419195980419169,-1.1677320377285405,-1.1577438607597548,-0.7684890183815566
用户7821370827,2023-02-20 06:07:00,2023-02-23 12:06:00,M->M,M,,,0,0,0,0,3.2493055555555554,2023Q1,29,40,23,-0.7419195980419169,-1.1677320377285405,-1.1577438607597548,0.8820164957085121
用户7821370827,2023-02-23 12:06:00,2023-02-26 21:00:00,M->M,M,,,0,0,0,0,3.370833333333333,2023Q1,29,40,23,-0.7419195980419169,-1.1677320377285405,-1.1577438607597548,0.9502031021687959
用户7821370827,2023-08-12 09:51:00,2023-08-13 21:46:00,M->H,H,,,0,0,0,0,1.4965277777777777,2023Q3,29,40,23,-0.7419195980419169,-1.1677320377285405,-1.1577438607597548,-0.10142918832438061
用户7821370827,2023-08-13 21:46:00,2023-08-15 01:28:00,H->M,M,,,0,0,0,0,1.1541666666666666,2023Q3,29,40,23,-0.7419195980419169,-1.1677320377285405,-1.1577438607597548,-0.29352059966678
用户7821370827,2023-08-15 01:28:00,2023-08-15 02:09:00,M->M,M,,,0,0,0,0,0.02847222222222222,2023Q3,29,40,23,-0.7419195980419169,-1.1677320377285405,-1.1577438607597548,-0.9251233943646086
用户7821370827,2023-08-15 02:09:00,2023-08-16 01:45:00,M->H,H,,,0,0,0,0,0.9833333333333333,2023Q3,29,40,23,-0.7419195980419169,-1.1677320377285405,-1.1577438607597548,-0.3893714864623789
用户7821370827,2023-08-16 01:45:00,2023-08-16 17:48:00,H->H,H,,,0,0,0,0,0.66875,2023Q3,29,40,23,-0.7419195980419169,-1.1677320377285405,-1.1577438607597548,-0.5658773877567135
用户7821370827,2023-09-06 14:47:00,2023-09-11 14:46:00,H->M,M,,,0,0,0,0,4.999305555555556,2023Q3,29,40,23,-0.7419195980419169,-1.1677320377285405,-1.1577438607597548,1.8639036287365989
用户7821370827,2023-11-02 22:12:00,2023-11-06 01:18:00,M->M,M,,,0,0,0,0,3.129166666666667,2023Q4,29,40,23,-0.7419195980419169,-1.1677320377285405,-1.1577438607597548,0.8146091647506318
用户7821370827,2025-01-30 23:06:00,2025-01-31 20:20:00,M->M,M,,,0,0,0,0,0.8847222222222222,2025Q1,29,40,23,-0.7419195980419169,-1.1677320377285405,-1.1577438607597548,-0.44470004713300915
用户7821370827,2025-01-31 20:20:00,2025-02-03 22:56:00,M->M,M,,,0,0,0,0,3.1083333333333334,2025Q1,29,40,23,-0.7419195980419169,-1.1677320377285405,-1.1577438607597548,0.8029200322145831
用户7821370827,2025-02-03 22:56:00,2025-02-06 19:08:00,M->M,M,,,0,0,0,0,2.841666666666667,2025Q1,29,40,23,-0.7419195980419169,-1.1677320377285405,-1.1577438607597548,0.6532991357531605
用户7821370827,2025-02-06 19:08:00,2025-02-11 12:37:00,M->M,M,,,0,0,0,0,4.728472222222222,2025Q1,29,40,23,-0.7419195980419169,-1.1677320377285405,-1.1577438607597548,1.711944905767966
知行合一_2023-3,2023-10-25 22:43:00,2023-10-26 11:33:00,M->M,M,,,0,0,0,0,0.5347222222222222,2023Q4,6,12,6,-1.1332908394036774,-1.3592588335573343,-1.3381890026159744,-0.6410774737386263
知行合一_2023-3,2023-10-26 11:33:00,2023-11-01 09:15:00,M->M,M,0.3333333333333333,,3,0,1,0,5.904166666666667,2023Q4,6,12,6,-1.1332908394036774,-1.3592588335573343,-1.3381890026159744,2.3716016185523117
秦梦琉,2022-12-01 14:50:00,2022-12-01 15:12:00,M->M,M,,,0,0,0,0,0.015277777777777777,2022Q4,5,9,3,-1.175223472406723,-1.3930576798800627,-1.3460344435662448,-0.9325265116374394
秦梦琉,2022-12-01 15:12:00,2022-12-01 18:22:00,M->M,M,,,0,0,0,0,0.13194444444444445,2022Q4,5,9,3,-1.175223472406723,-1.3930576798800627,-1.3460344435662448,-0.867067369435567
茫茫本尊,2023-02-04 14:22:00,2023-02-04 14:29:00,L->L,L,,,0,0,0,0,0.004861111111111111,2023Q1,2,12,1,-1.1332908394036774,-1.415590244095215,-1.369570766417056,-0.9383710779054636
要改正要学好,2023-12-07 12:17:00,2023-12-08 23:07:00,M->H,H,,,0,0,0,0,1.4513888888888888,2023Q4,13,30,13,-0.8816950413854027,-1.2803948588043017,-1.2832709159640814,-0.12675564215248597
要改正要学好,2024-12-15 23:23:00,2024-12-16 19:21:00,M->H,H,,,0,0,0,0,0.8319444444444445,2024Q4,13,30,13,-0.8816950413854027,-1.2803948588043017,-1.2832709159640814,-0.47431251622433235
要改正要学好,2025-03-04 20:37:00,2025-03-08 22:19:00,M->M,M,,,0,0,0,0,4.070833333333334,2025Q1,13,30,13,-0.8816950413854027,-1.2803948588043017,-1.2832709159640814,1.3429579553800308
进击非洲的小欢总,2022-04-09 16:36:00,2022-04-09 16:37:00,H->M,M,,,0,0,0,0,0.0006944444444444445,2022Q2,2,10,1,-1.1612459280723744,-1.415590244095215,-1.369570766417056,-0.9407089044126733
郭晓东_,2023-01-07 20:46:00,2023-01-09 19:44:00,M->L,L,,1.0,0,1,0,1,1.9569444444444444,2023Q1,5,7,5,-1.2031785610754202,-1.3705251156649105,-1.3460344435662448,0.1569006407222945
金池荷涟涟,2023-08-13 21:24:00,2023-08-16 22:05:00,M->M,M,1.0,,4,0,1,0,3.0284722222222222,2023Q3,34,36,31,-0.7978297753793112,-1.0776017808679317,-1.1185166560084026,0.7581116908263966
金池荷涟涟,2023-09-10 20:40:00,2023-09-14 22:23:00,M->M,M,0.3333333333333333,,3,0,1,0,4.071527777777778,2023Q3,34,36,31,-0.7978297753793112,-1.0776017808679317,-1.1185166560084026,1.3433475931312322
金池荷涟涟,2023-10-26 00:05:00,2023-10-29 19:45:00,M->M,M,0.5,,2,0,1,0,3.8194444444444446,2023Q4,34,36,31,-0.7978297753793112,-1.0776017808679317,-1.1185166560084026,1.2019090894450437
金池荷涟涟,2023-10-29 19:45:00,2023-11-03 21:21:00,M->H,H,0.0,,1,0,1,0,5.066666666666666,2023Q4,34,36,31,-0.7978297753793112,-1.0776017808679317,-1.1185166560084026,1.9016984906031558
金池荷涟涟,2024-08-21 23:17:00,2024-08-28 23:11:00,M->M,M,,1.0,0,1,0,1,6.995833333333334,2024Q3,34,36,31,-0.7978297753793112,-1.0776017808679317,-1.1185166560084026,2.984112163441261
金池荷涟涟,2024-08-28 23:11:00,2024-08-31 20:52:00,M->M,M,,0.0,0,1,0,1,2.9034722222222222,2024Q3,34,36,31,-0.7978297753793112,-1.0776017808679317,-1.1185166560084026,0.6879768956101048
金池荷涟涟,2025-04-17 15:40:00,2025-04-17 15:41:00,M->M,M,,,0,0,0,0,0.0006944444444444445,2025Q2,34,36,31,-0.7978297753793112,-1.0776017808679317,-1.1185166560084026,-0.9407089044126733
金池荷涟涟,2025-04-17 15:41:00,2025-04-17 16:24:00,M->L,L,,,0,0,0,0,0.029861111111111113,2025Q2,34,36,31,-0.7978297753793112,-1.0776017808679317,-1.1185166560084026,-0.9243441188622052
金池荷涟涟,2025-05-25 23:10:00,2025-05-25 23:59:00,H->H,H,,,0,0,0,0,0.034027777777777775,2025Q2,34,36,31,-0.7978297753793112,-1.0776017808679317,-1.1185166560084026,-0.9220062923549955
金池荷涟涟,2025-06-28 17:43:00,2025-06-29 10:42:00,M->M,M,,,0,0,0,0,0.7076388888888889,2025Q2,34,36,31,-0.7978297753793112,-1.0776017808679317,-1.1185166560084026,-0.5440576736894226
陕西汉书下酒,2023-01-15 19:56:00,2023-01-15 20:49:00,M->M,M,1.0,,1,0,1,0,0.03680555555555556,2023Q1,195,57,155,-0.5043013443579909,0.31941720047150557,0.14459933698513538,-0.920447741350189
陕西汉书下酒,2023-01-15 20:49:00,2023-01-16 08:53:00,M->M,M,1.0,,1,0,1,0,0.5027777777777778,2023Q1,195,57,155,-0.5043013443579909,0.31941720047150557,0.14459933698513538,-0.659000810293901
陕西汉书下酒,2023-01-16 08:53:00,2023-01-16 11:49:00,M->M,M,1.0,,1,0,1,0,0.12222222222222222,2023Q1,195,57,155,-0.5043013443579909,0.31941720047150557,0.14459933698513538,-0.8725222979523896
陕西汉书下酒,2023-01-16 11:49:00,2023-01-16 20:32:00,M->M,M,0.0,,1,0,1,0,0.36319444444444443,2023Q1,195,57,155,-0.5043013443579909,0.31941720047150557,0.14459933698513538,-0.737317998285427
陕西汉书下酒,2023-01-16 20:32:00,2023-01-16 22:01:00,M->M,M,0.0,,1,0,1,0,0.06180555555555556,2023Q1,195,57,155,-0.5043013443579909,0.31941720047150557,0.14459933698513538,-0.9064207823069308
陕西汉书下酒,2023-01-16 22:01:00,2023-01-17 08:24:00,M->M,M,1.0,,1,0,1,0,0.4326388888888889,2023Q1,195,57,155,-0.5043013443579909,0.31941720047150557,0.14459933698513538,-0.6983542231652647
陕西汉书下酒,2023-01-17 08:24:00,2023-01-18 10:41:00,M->M,M,0.0,,1,0,1,0,1.0951388888888889,2023Q1,195,57,155,-0.5043013443579909,0.31941720047150557,0.14459933698513538,-0.32663980851891783
陕西汉书下酒,2023-01-18 10:41:00,2023-01-21 07:20:00,M->M,M,1.0,,1,0,1,0,2.8604166666666666,2023Q1,195,57,155,-0.5043013443579909,0.31941720047150557,0.14459933698513538,0.6638193550356042
陕西汉书下酒,2023-01-21 07:20:00,2023-01-21 09:23:00,M->M,M,0.0,,1,0,1,0,0.08541666666666667,2023Q1,195,57,155,-0.5043013443579909,0.31941720047150557,0.14459933698513538,-0.8931730987660755
陕西汉书下酒,2023-01-21 09:23:00,2023-01-23 07:14:00,M->M,M,0.0,,1,0,1,0,1.9104166666666667,2023Q1,195,57,155,-0.5043013443579909,0.31941720047150557,0.14459933698513538,0.1307949113917859
陕西汉书下酒,2023-01-23 07:14:00,2023-01-23 07:17:00,M->M,M,1.0,,1,0,1,0,0.0020833333333333333,2023Q1,195,57,155,-0.5043013443579909,0.31941720047150557,0.14459933698513538,-0.9399296289102701
陕西汉书下酒,2023-01-23 07:17:00,2023-01-23 11:55:00,M->M,M,1.0,,1,0,1,0,0.19305555555555556,2023Q1,195,57,155,-0.5043013443579909,0.31941720047150557,0.14459933698513538,-0.8327792473298242
陕西汉书下酒,2023-01-23 11:55:00,2023-01-24 11:51:00,M->L,L,1.0,,1,0,1,0,0.9972222222222222,2023Q1,195,57,155,-0.5043013443579909,0.31941720047150557,0.14459933698513538,-0.3815787314383464
陕西汉书下酒,2023-01-24 11:51:00,2023-01-25 08:13:00,L->M,M,1.0,,1,0,1,0,0.8486111111111111,2023Q1,195,57,155,-0.5043013443579909,0.31941720047150557,0.14459933698513538,-0.46496121019549347
陕西汉书下酒,2023-01-25 08:13:00,2023-01-25 09:42:00,M->M,M,0.0,,1,0,1,0,0.06180555555555556,2023Q1,195,57,155,-0.5043013443579909,0.31941720047150557,0.14459933698513538,-0.9064207823069308
陕西汉书下酒,2023-01-25 09:42:00,2023-01-25 12:31:00,M->M,M,0.0,,1,0,1,0,0.11736111111111111,2023Q1,195,57,155,-0.5043013443579909,0.31941720047150557,0.14459933698513538,-0.875249762210801
陕西汉书下酒,2023-01-25 12:31:00,2023-01-25 19:53:00,M->M,M,1.0,,1,0,1,0,0.30694444444444446,2023Q1,195,57,155,-0.5043013443579909,0.31941720047150557,0.14459933698513538,-0.7688786561327583
陕西汉书下酒,2023-01-25 19:53:00,2023-01-26 08:00:00,M->M,M,1.0,,1,0,1,0,0.5048611111111111,2023Q1,195,57,155,-0.5043013443579909,0.31941720047150557,0.14459933698513538,-0.6578318970402962
陕西汉书下酒,2023-01-26 08:00:00,2023-01-26 08:44:00,M->M,M,1.0,,1,0,1,0,0.030555555555555555,2023Q1,195,57,155,-0.5043013443579909,0.31941720047150557,0.14459933698513538,-0.9239544811110038
陕西汉书下酒,2023-01-26 08:44:00,2023-01-26 10:35:00,M->M,M,1.0,,1,0,1,0,0.07708333333333334,2023Q1,195,57,155,-0.5043013443579909,0.31941720047150557,0.14459933698513538,-0.897848751780495
陕西汉书下酒,2023-01-26 10:35:00,2023-01-26 19:28:00,M->M,M,1.0,,1,0,1,0,0.3701388888888889,2023Q1,195,57,155,-0.5043013443579909,0.31941720047150557,0.14459933698513538,-0.7334216207734107
陕西汉书下酒,2023-01-26 19:28:00,2023-01-27 07:33:00,M->M,M,0.0,,1,0,1,0,0.5034722222222222,2023Q1,195,57,155,-0.5043013443579909,0.31941720047150557,0.14459933698513538,-0.6586111725426993
陕西汉书下酒,2023-01-27 07:33:00,2023-01-28 07:59:00,M->M,M,1.0,,1,0,1,0,1.0180555555555555,2023Q1,195,57,155,-0.5043013443579909,0.31941720047150557,0.14459933698513538,-0.36988959890229783
陕西汉书下酒,2023-01-28 07:59:00,2023-01-28 10:11:00,M->M,M,1.0,,1,0,1,0,0.09166666666666666,2023Q1,195,57,155,-0.5043013443579909,0.31941720047150557,0.14459933698513538,-0.889666359005261
陕西汉书下酒,2023-01-28 10:11:00,2023-01-28 18:34:00,M->M,M,1.0,,1,0,1,0,0.34930555555555554,2023Q1,195,57,155,-0.5043013443579909,0.31941720047150557,0.14459933698513538,-0.7451107533094594
陕西汉书下酒,2023-01-28 18:34:00,2023-01-29 14:14:00,M->M,M,0.0,,1,0,1,0,0.8194444444444444,2023Q1,195,57,155,-0.5043013443579909,0.31941720047150557,0.14459933698513538,-0.4813259957459616
陕西汉书下酒,2023-01-29 14:14:00,2023-01-30 09:31:00,M->M,M,1.0,,1,0,1,0,0.8034722222222223,2023Q1,195,57,155,-0.5043013443579909,0.31941720047150557,0.14459933698513538,-0.49028766402359886
陕西汉书下酒,2023-01-30 09:31:00,2023-01-30 16:10:00,M->M,M,1.0,,1,0,1,0,0.27708333333333335,2023Q1,195,57,155,-0.5043013443579909,0.31941720047150557,0.14459933698513538,-0.785633079434428
陕西汉书下酒,2023-01-30 16:10:00,2023-02-02 09:32:00,M->M,M,1.0,1.0,1,1,1,1,2.723611111111111,2023Q1,195,57,155,-0.5043013443579909,0.31941720047150557,0.14459933698513538,0.5870607180488847
陕西汉书下酒,2023-02-02 09:32:00,2023-02-03 11:00:00,M->M,M,1.0,1.0,1,1,1,1,1.0611111111111111,2023Q1,195,57,155,-0.5043013443579909,0.31941720047150557,0.14459933698513538,-0.34573205832779724
陕西汉书下酒,2023-02-03 11:00:00,2023-02-03 14:34:00,M->M,M,1.0,,1,0,1,0,0.1486111111111111,2023Q1,195,57,155,-0.5043013443579909,0.31941720047150557,0.14459933698513538,-0.857716063406728
陕西汉书下酒,2023-02-03 14:34:00,2023-02-03 20:02:00,M->M,M,1.0,,1,0,1,0,0.22777777777777777,2023Q1,195,57,155,-0.5043013443579909,0.31941720047150557,0.14459933698513538,-0.813297359769743
陕西汉书下酒,2023-02-03 20:02:00,2023-02-04 20:37:00,M->M,M,1.0,,1,0,1,0,1.0243055555555556,2023Q1,195,57,155,-0.5043013443579909,0.31941720047150557,0.14459933698513538,-0.3663828591414832
陕西汉书下酒,2023-02-04 20:37:00,2023-02-05 17:08:00,M->M,M,1.0,,1,0,1,0,0.8548611111111111,2023Q1,195,57,155,-0.5043013443579909,0.31941720047150557,0.14459933698513538,-0.4614544704346789
陕西汉书下酒,2023-02-05 17:08:00,2023-02-05 20:48:00,M->M,M,1.0,,1,0,1,0,0.1527777777777778,2023Q1,195,57,155,-0.5043013443579909,0.31941720047150557,0.14459933698513538,-0.8553782368995183
陕西汉书下酒,2023-02-05 20:48:00,2023-02-07 06:25:00,M->M,M,1.0,1.0,1,1,1,1,1.4006944444444445,2023Q1,195,57,155,-0.5043013443579909,0.31941720047150557,0.14459933698513538,-0.15519919799020432
陕西汉书下酒,2023-02-07 06:25:00,2023-02-07 15:05:00,M->L,L,1.0,,1,0,1,0,0.3611111111111111,2023Q1,195,57,155,-0.5043013443579909,0.31941720047150557,0.14459933698513538,-0.7384869115390318
陕西汉书下酒,2023-02-07 15:05:00,2023-02-08 11:58:00,L->M,M,1.0,,1,0,1,0,0.8701388888888889,2023Q1,195,57,155,-0.5043013443579909,0.31941720047150557,0.14459933698513538,-0.4528824399082432
陕西汉书下酒,2023-02-08 11:58:00,2023-02-09 15:07:00,M->M,M,1.0,,1,0,1,0,1.13125,2023Q1,195,57,155,-0.5043013443579909,0.31941720047150557,0.14459933698513538,-0.30637864545643345
陕西汉书下酒,2023-02-09 15:07:00,2023-02-10 17:00:00,M->M,M,0.0,0.6666666666666666,1,3,1,1,1.0784722222222223,2023Q1,195,57,155,-0.5043013443579909,0.31941720047150557,0.14459933698513538,-0.3359911145477567
陕西汉书下酒,2023-02-10 17:00:00,2023-02-12 16:39:00,M->M,M,1.0,,1,0,1,0,1.9854166666666666,2023Q1,195,57,155,-0.5043013443579909,0.31941720047150557,0.14459933698513538,0.172875788521561
陕西汉书下酒,2023-02-12 16:39:00,2023-02-13 15:28:00,M->M,M,0.0,,1,0,1,0,0.9506944444444444,2023Q1,195,57,155,-0.5043013443579909,0.31941720047150557,0.14459933698513538,-0.4076844607688551
陕西汉书下酒,2023-02-13 15:28:00,2023-02-20 08:24:00,M->M,M,0.0,1.0,1,1,1,1,6.705555555555556,2023Q1,195,57,155,-0.5043013443579909,0.31941720047150557,0.14459933698513538,2.8212435834389833
陕西汉书下酒,2023-02-28 15:16:00,2023-03-03 18:22:00,M->M,M,1.0,,1,0,1,0,3.129166666666667,2023Q1,195,57,155,-0.5043013443579909,0.31941720047150557,0.14459933698513538,0.8146091647506318
陕西汉书下酒,2023-03-03 18:22:00,2023-03-06 17:24:00,M->M,M,1.0,1.0,1,1,1,1,2.959722222222222,2023Q1,195,57,155,-0.5043013443579909,0.31941720047150557,0.14459933698513538,0.719537553457436
陕西汉书下酒,2023-03-06 17:24:00,2023-03-11 07:54:00,M->M,M,0.0,1.0,1,1,1,1,4.604166666666667,2023Q1,195,57,155,-0.5043013443579909,0.31941720047150557,0.14459933698513538,1.642199748302876
陕西汉书下酒,2023-03-11 07:54:00,2023-03-17 15:16:00,M->M,M,1.0,,1,0,1,0,6.3069444444444445,2023Q1,195,57,155,-0.5043013443579909,0.31941720047150557,0.14459933698513538,2.5975915142492516
陕西汉书下酒,2023-03-17 15:16:00,2023-03-19 16:59:00,M->M,M,0.0,,1,0,1,0,2.071527777777778,2023Q1,195,57,155,-0.5043013443579909,0.31941720047150557,0.14459933698513538,0.22119086967056215
陕西汉书下酒,2023-03-19 16:59:00,2023-03-22 19:15:00,M->M,M,0.0,,1,0,1,0,3.0944444444444446,2023Q1,195,57,155,-0.5043013443579909,0.31941720047150557,0.14459933698513538,0.7951272771905508
陕西汉书下酒,2023-03-22 19:15:00,2023-03-23 08:14:00,M->M,M,0.0,,1,0,1,0,0.5409722222222222,2023Q1,195,57,155,-0.5043013443579909,0.31941720047150557,0.14459933698513538,-0.6375707339778118
陕西汉书下酒,2023-03-23 08:14:00,2023-03-24 20:38:00,M->M,M,0.0,1.0,1,1,1,1,1.5166666666666666,2023Q1,195,57,155,-0.5043013443579909,0.31941720047150557,0.14459933698513538,-0.09012969353953355
陕西汉书下酒,2023-03-24 20:38:00,2023-03-25 09:42:00,M->M,M,0.0,,1,0,1,0,0.5444444444444444,2023Q1,195,57,155,-0.5043013443579909,0.31941720047150557,0.14459933698513538,-0.6356225452218038
陕西汉书下酒,2023-03-25 09:42:00,2023-03-26 09:45:00,M->H,H,1.0,,1,0,1,0,1.0020833333333334,2023Q1,195,57,155,-0.5043013443579909,0.31941720047150557,0.14459933698513538,-0.37885126717993506
陕西汉书下酒,2023-03-26 09:45:00,2023-03-30 19:46:00,H->M,M,0.0,,1,0,1,0,4.417361111111111,2023Q1,195,57,155,-0.5043013443579909,0.31941720047150557,0.14459933698513538,1.5373871932296397
陕西汉书下酒,2023-03-30 19:46:00,2023-04-01 15:45:00,M->M,M,1.0,,1,0,1,0,1.832638888888889,2023Q2,195,57,155,-0.5043013443579909,0.31941720047150557,0.14459933698513538,0.0871554832572043
陕西汉书下酒,2023-04-01 15:45:00,2023-04-06 10:20:00,M->M,M,0.0,,1,0,1,0,4.774305555555555,2023Q2,195,57,155,-0.5043013443579909,0.31941720047150557,0.14459933698513538,1.737660997347273
陕西汉书下酒,2023-04-06 10:20:00,2023-04-06 15:51:00,M->M,M,0.0,,1,0,1,0,0.2298611111111111,2023Q2,195,57,155,-0.5043013443579909,0.31941720047150557,0.14459933698513538,-0.8121284465161382
陕西汉书下酒,2023-04-06 15:51:00,2023-04-07 15:05:00,M->M,M,0.0,,1,0,1,0,0.9680555555555556,2023Q2,195,57,155,-0.5043013443579909,0.31941720047150557,0.14459933698513538,-0.3979435169888145
陕西汉书下酒,2023-04-07 15:05:00,2023-04-09 08:24:00,M->M,M,1.0,,1,0,1,0,1.7215277777777778,2023Q2,195,57,155,-0.5043013443579909,0.31941720047150557,0.14459933698513538,0.024813443064944832
陕西汉书下酒,2023-04-09 08:24:00,2023-04-12 09:27:00,M->M,M,1.0,,1,0,1,0,3.04375,2023Q2,195,57,155,-0.5043013443579909,0.31941720047150557,0.14459933698513538,0.7666837213528324
陕西汉书下酒,2023-04-12 09:27:00,2023-04-14 07:24:00,M->M,M,0.0,,1,0,1,0,1.9145833333333333,2023Q2,195,57,155,-0.5043013443579909,0.31941720047150557,0.14459933698513538,0.1331327378989956
陕西汉书下酒,2023-04-14 07:24:00,2023-04-17 08:01:00,M->M,M,1.0,,1,0,1,0,3.0256944444444445,2023Q2,195,57,155,-0.5043013443579909,0.31941720047150557,0.14459933698513538,0.7565531398215901
陕西汉书下酒,2023-04-17 08:01:00,2023-04-17 19:13:00,M->M,M,0.0,,1,0,1,0,0.4666666666666667,2023Q2,195,57,155,-0.5043013443579909,0.31941720047150557,0.14459933698513538,-0.6792619733563853
陕西汉书下酒,2023-04-17 19:13:00,2023-04-21 06:27:00,M->M,M,0.0,,1,0,1,0,3.4680555555555554,2023Q2,195,57,155,-0.5043013443579909,0.31941720047150557,0.14459933698513538,1.004752387337023
陕西汉书下酒,2023-04-30 16:30:00,2023-05-01 10:01:00,M->M,M,0.0,,1,0,1,0,0.7298611111111111,2023Q2,195,57,155,-0.5043013443579909,0.31941720047150557,0.14459933698513538,-0.5315892656509708
陕西汉书下酒,2023-05-22 06:52:00,2023-05-23 06:45:00,M->M,M,1.0,,1,0,1,0,0.9951388888888889,2023Q2,195,57,155,-0.5043013443579909,0.31941720047150557,0.14459933698513538,-0.3827476446919513
陕西汉书下酒,2023-05-23 06:45:00,2023-05-26 05:45:00,M->M,M,1.0,,1,0,1,0,2.9583333333333335,2023Q2,195,57,155,-0.5043013443579909,0.31941720047150557,0.14459933698513538,0.7187582779550329
陕西汉书下酒,2023-05-26 05:45:00,2023-05-27 05:49:00,M->M,M,1.0,,1,0,1,0,1.0027777777777778,2023Q2,195,57,155,-0.5043013443579909,0.31941720047150557,0.14459933698513538,-0.37846162942873346
陕西汉书下酒,2023-05-27 05:49:00,2023-05-27 16:50:00,M->M,M,0.0,,1,0,1,0,0.45902777777777776,2023Q2,195,57,155,-0.5043013443579909,0.31941720047150557,0.14459933698513538,-0.6835479886196031
陕西汉书下酒,2023-05-27 16:50:00,2023-05-31 06:17:00,M->M,M,0.0,1.0,1,1,1,1,3.560416666666667,2023Q2,195,57,155,-0.5043013443579909,0.31941720047150557,0.14459933698513538,1.0565742082468388
陕西汉书下酒,2023-05-31 06:17:00,2023-06-01 06:00:00,M->M,M,0.0,,1,0,1,0,0.9881944444444445,2023Q2,195,57,155,-0.5043013443579909,0.31941720047150557,0.14459933698513538,-0.3866440222039675
陕西汉书下酒,2023-06-01 06:00:00,2023-06-05 05:55:00,M->M,M,1.0,0.6666666666666666,1,3,1,1,3.9965277777777777,2023Q2,195,57,155,-0.5043013443579909,0.31941720047150557,0.14459933698513538,1.301266716001457
陕西汉书下酒,2023-06-05 05:55:00,2023-06-09 10:11:00,M->H,H,1.0,0.3333333333333333,1,3,1,1,4.177777777777778,2023Q2,195,57,155,-0.5043013443579909,0.31941720047150557,0.14459933698513538,1.4029621690650804
陕西汉书下酒,2023-06-09 10:11:00,2023-06-12 06:50:00,H->M,M,0.0,1.0,1,2,1,1,2.8604166666666666,2023Q2,195,57,155,-0.5043013443579909,0.31941720047150557,0.14459933698513538,0.6638193550356042
陕西汉书下酒,2023-06-12 06:50:00,2023-06-15 05:48:00,M->M,M,1.0,1.0,1,1,1,1,2.9569444444444444,2023Q2,195,57,155,-0.5043013443579909,0.31941720047150557,0.14459933698513538,0.7179790024526296
陕西汉书下酒,2023-06-15 05:48:00,2023-06-18 05:56:00,M->M,M,1.0,0.5,1,2,1,1,3.0055555555555555,2023Q2,195,57,155,-0.5043013443579909,0.31941720047150557,0.14459933698513538,0.7452536450367431
陕西汉书下酒,2023-06-18 05:56:00,2023-06-20 05:54:00,M->M,M,0.0,,1,0,1,0,1.9986111111111111,2023Q2,195,57,155,-0.5043013443579909,0.31941720047150557,0.14459933698513538,0.18027890579439185
陕西汉书下酒,2023-06-20 05:54:00,2023-06-21 06:04:00,M->M,M,0.0,,1,0,1,0,1.0069444444444444,2023Q2,195,57,155,-0.5043013443579909,0.31941720047150557,0.14459933698513538,-0.37612380292152375
陕西汉书下酒,2023-06-21 06:04:00,2023-06-21 19:48:00,M->M,M,0.0,,1,0,1,0,0.5722222222222222,2023Q2,195,57,155,-0.5043013443579909,0.31941720047150557,0.14459933698513538,-0.6200370351737389
陕西汉书下酒,2023-07-02 06:33:00,2023-07-03 06:04:00,M->M,M,1.0,,1,0,1,0,0.9798611111111111,2023Q3,195,57,155,-0.5043013443579909,0.31941720047150557,0.14459933698513538,-0.391319675218387
陕西汉书下酒,2023-07-03 06:04:00,2023-07-04 06:00:00,M->M,M,0.0,,1,0,1,0,0.9972222222222222,2023Q3,195,57,155,-0.5043013443579909,0.31941720047150557,0.14459933698513538,-0.3815787314383464
陕西汉书下酒,2023-07-04 06:00:00,2023-07-05 06:02:00,M->M,M,1.0,,1,0,1,0,1.0013888888888889,2023Q3,195,57,155,-0.5043013443579909,0.31941720047150557,0.14459933698513538,-0.3792409049311367
陕西汉书下酒,2023-07-16 08:59:00,2023-07-17 11:44:00,M->M,M,1.0,,1,0,1,0,1.1145833333333333,2023Q3,195,57,155,-0.5043013443579909,0.31941720047150557,0.14459933698513538,-0.31572995148527244
陕西汉书下酒,2023-07-17 11:44:00,2023-07-20 10:53:00,M->M,M,1.0,,1,0,1,0,2.964583333333333,2023Q3,195,57,155,-0.5043013443579909,0.31941720047150557,0.14459933698513538,0.7222650177158473
陕西汉书下酒,2023-07-20 10:53:00,2023-07-22 15:35:00,M->M,M,1.0,,1,0,1,0,2.1958333333333333,2023Q3,195,57,155,-0.5043013443579909,0.31941720047150557,0.14459933698513538,0.29093602713565236
陕西汉书下酒,2023-07-22 15:35:00,2023-07-23 06:09:00,M->M,M,1.0,,1,0,1,0,0.6069444444444444,2023Q3,195,57,155,-0.5043013443579909,0.31941720047150557,0.14459933698513538,-0.6005551476136578
陕西汉书下酒,2023-07-23 06:09:00,2023-07-23 14:47:00,M->M,M,1.0,0.5,1,2,1,1,0.3597222222222222,2023Q3,195,57,155,-0.5043013443579909,0.31941720047150557,0.14459933698513538,-0.739266187041435
陕西汉书下酒,2023-07-23 14:47:00,2023-07-23 20:09:00,M->M,M,0.0,,1,0,1,0,0.22361111111111112,2023Q3,195,57,155,-0.5043013443579909,0.31941720047150557,0.14459933698513538,-0.8156351862769528
陕西汉书下酒,2023-07-23 20:09:00,2023-07-24 08:22:00,M->M,M,1.0,,1,0,1,0,0.5090277777777777,2023Q3,195,57,155,-0.5043013443579909,0.31941720047150557,0.14459933698513538,-0.6554940705330864
陕西汉书下酒,2023-07-24 08:22:00,2023-07-25 17:46:00,M->M,M,1.0,,1,0,1,0,1.3916666666666666,2023Q3,195,57,155,-0.5043013443579909,0.31941720047150557,0.14459933698513538,-0.16026448875582544
陕西汉书下酒,2023-07-25 17:46:00,2023-07-28 19:14:00,M->M,M,1.0,1.0,1,2,1,1,3.061111111111111,2023Q3,195,57,155,-0.5043013443579909,0.31941720047150557,0.14459933698513538,0.7764246651328727
陕西汉书下酒,2023-07-28 19:14:00,2023-07-30 21:52:00,M->M,M,1.0,,1,0,1,0,2.109722222222222,2023Q3,195,57,155,-0.5043013443579909,0.31941720047150557,0.14459933698513538,0.24262094598665118
陕西汉书下酒,2023-07-30 21:52:00,2023-07-31 07:37:00,M->M,M,1.0,,1,0,1,0,0.40625,2023Q3,195,57,155,-0.5043013443579909,0.31941720047150557,0.14459933698513538,-0.7131604577109264
陕西汉书下酒,2023-07-31 07:37:00,2023-07-31 20:50:00,M->M,M,0.0,,1,0,1,0,0.5506944444444445,2023Q3,195,57,155,-0.5043013443579909,0.31941720047150557,0.14459933698513538,-0.6321158054609891
陕西汉书下酒,2023-07-31 20:50:00,2023-08-02 11:39:00,M->M,M,1.0,,1,0,1,0,1.617361111111111,2023Q3,195,57,155,-0.5043013443579909,0.31941720047150557,0.14459933698513538,-0.03363221961529844
陕西汉书下酒,2023-08-02 11:39:00,2023-08-03 17:05:00,M->M,M,1.0,,1,0,1,0,1.226388888888889,2023Q3,195,57,155,-0.5043013443579909,0.31941720047150557,0.14459933698513538,-0.25299827354181126
陕西汉书下酒,2023-08-03 17:05:00,2023-08-04 15:50:00,M->M,M,1.0,,1,0,1,0,0.9479166666666666,2023Q3,195,57,155,-0.5043013443579909,0.31941720047150557,0.14459933698513538,-0.4092430117736616
陕西汉书下酒,2023-08-04 15:50:00,2023-08-05 07:48:00,M->M,M,1.0,,1,0,1,0,0.6652777777777777,2023Q3,195,57,155,-0.5043013443579909,0.31941720047150557,0.14459933698513538,-0.5678255765127215
陕西汉书下酒,2023-08-05 07:48:00,2023-08-05 20:41:00,M->L,L,1.0,,1,0,1,0,0.5368055555555555,2023Q3,195,57,155,-0.5043013443579909,0.31941720047150557,0.14459933698513538,-0.6399085604850215
陕西汉书下酒,2023-08-05 20:41:00,2023-08-06 08:30:00,L->M,M,1.0,,1,0,1,0,0.49236111111111114,2023Q3,195,57,155,-0.5043013443579909,0.31941720047150557,0.14459933698513538,-0.6648453765619252
陕西汉书下酒,2023-08-06 08:30:00,2023-08-06 18:12:00,M->M,M,1.0,,1,0,1,0,0.4041666666666667,2023Q3,195,57,155,-0.5043013443579909,0.31941720047150557,0.14459933698513538,-0.7143293709645312
陕西汉书下酒,2023-08-06 18:12:00,2023-08-07 15:37:00,M->M,M,0.0,,1,0,1,0,0.8923611111111112,2023Q3,195,57,155,-0.5043013443579909,0.31941720047150557,0.14459933698513538,-0.4404140318697913
陕西汉书下酒,2023-08-07 15:37:00,2023-08-08 08:38:00,M->M,M,0.0,,1,0,1,0,0.7090277777777778,2023Q3,195,57,155,-0.5043013443579909,0.31941720047150557,0.14459933698513538,-0.5432783981870194
陕西汉书下酒,2023-08-08 08:38:00,2023-08-08 20:03:00,M->M,M,1.0,,1,0,1,0,0.4756944444444444,2023Q3,195,57,155,-0.5043013443579909,0.31941720047150557,0.14459933698513538,-0.6741966825907643
陕西汉书下酒,2023-08-08 20:03:00,2023-08-09 07:07:00,M->M,M,0.0,,1,0,1,0,0.46111111111111114,2023Q3,195,57,155,-0.5043013443579909,0.31941720047150557,0.14459933698513538,-0.6823790753659982
陕西汉书下酒,2023-08-09 07:07:00,2023-08-09 16:08:00,M->M,M,1.0,,1,0,1,0,0.37569444444444444,2023Q3,195,57,155,-0.5043013443579909,0.31941720047150557,0.14459933698513538,-0.7303045187637976
陕西汉书下酒,2023-08-09 16:08:00,2023-08-10 07:34:00,M->M,M,0.0,,1,0,1,0,0.6430555555555556,2023Q3,195,57,155,-0.5043013443579909,0.31941720047150557,0.14459933698513538,-0.5802939845511733
陕西汉书下酒,2023-08-10 07:34:00,2023-08-10 19:49:00,M->M,M,1.0,,1,0,1,0,0.5104166666666666,2023Q3,195,57,155,-0.5043013443579909,0.31941720047150557,0.14459933698513538,-0.6547147950306832
陕西汉书下酒,2023-08-10 19:49:00,2023-08-11 07:40:00,M->M,M,1.0,,1,0,1,0,0.49375,2023Q3,195,57,155,-0.5043013443579909,0.31941720047150557,0.14459933698513538,-0.6640661010595221
陕西汉书下酒,2023-08-11 07:40:00,2023-08-12 20:47:00,M->M,M,1.0,,1,0,1,0,1.5465277777777777,2023Q3,195,57,155,-0.5043013443579909,0.31941720047150557,0.14459933698513538,-0.07337527023786383
陕西汉书下酒,2023-08-12 20:47:00,2023-08-13 08:14:00,M->M,M,1.0,,1,0,1,0,0.47708333333333336,2023Q3,195,57,155,-0.5043013443579909,0.31941720047150557,0.14459933698513538,-0.673417407088361
陕西汉书下酒,2023-08-13 08:14:00,2023-08-13 20:47:00,M->M,M,1.0,,1,0,1,0,0.5229166666666667,2023Q3,195,57,155,-0.5043013443579909,0.31941720047150557,0.14459933698513538,-0.647701315509054
陕西汉书下酒,2023-08-13 20:47:00,2023-08-14 07:53:00,M->M,M,1.0,,1,0,1,0,0.4625,2023Q3,195,57,155,-0.5043013443579909,0.31941720047150557,0.14459933698513538,-0.6815997998635951
陕西汉书下酒,2023-08-14 07:53:00,2023-08-15 08:03:00,M->M,M,1.0,,1,0,1,0,1.0069444444444444,2023Q3,195,57,155,-0.5043013443579909,0.31941720047150557,0.14459933698513538,-0.37612380292152375
陕西汉书下酒,2023-08-15 08:03:00,2023-08-16 08:01:00,M->M,M,1.0,,1,0,1,0,0.9986111111111111,2023Q3,195,57,155,-0.5043013443579909,0.31941720047150557,0.14459933698513538,-0.3807994559359432
陕西汉书下酒,2023-08-16 08:01:00,2023-08-16 18:16:00,M->M,M,1.0,,1,0,1,0,0.4270833333333333,2023Q3,195,57,155,-0.5043013443579909,0.31941720047150557,0.14459933698513538,-0.7014713251748778
陕西汉书下酒,2023-08-16 18:16:00,2023-08-18 20:14:00,M->M,M,1.0,1.0,1,1,1,1,2.0819444444444444,2023Q3,195,57,155,-0.5043013443579909,0.31941720047150557,0.14459933698513538,0.22703543593858638
陕西汉书下酒,2023-08-18 20:14:00,2023-08-19 07:47:00,M->M,M,1.0,,1,0,1,0,0.48125,2023Q3,195,57,155,-0.5043013443579909,0.31941720047150557,0.14459933698513538,-0.6710795805811512
陕西汉书下酒,2023-08-19 07:47:00,2023-08-20 07:37:00,M->M,M,1.0,,1,0,1,0,0.9930555555555556,2023Q3,195,57,155,-0.5043013443579909,0.31941720047150557,0.14459933698513538,-0.3839165579455562
陕西汉书下酒,2023-08-20 07:37:00,2023-08-22 14:17:00,M->M,M,1.0,,1,0,1,0,2.2777777777777777,2023Q3,195,57,155,-0.5043013443579909,0.31941720047150557,0.14459933698513538,0.3369132817774436
陕西汉书下酒,2023-08-22 14:17:00,2023-08-23 19:16:00,M->M,M,1.0,,1,0,1,0,1.207638888888889,2023Q3,195,57,155,-0.5043013443579909,0.31941720047150557,0.14459933698513538,-0.2635184928242551
陕西汉书下酒,2023-08-23 19:16:00,2023-08-24 08:13:00,M->M,M,0.0,,1,0,1,0,0.5395833333333333,2023Q3,195,57,155,-0.5043013443579909,0.31941720047150557,0.14459933698513538,-0.638350009480215
陕西汉书下酒,2023-08-24 08:13:00,2023-08-25 07:31:00,M->M,M,0.0,,1,0,1,0,0.9708333333333333,2023Q3,195,57,155,-0.5043013443579909,0.31941720047150557,0.14459933698513538,-0.3963849659840081
陕西汉书下酒,2023-08-25 07:31:00,2023-08-26 07:50:00,M->M,M,0.0,,1,0,1,0,1.0131944444444445,2023Q3,195,57,155,-0.5043013443579909,0.31941720047150557,0.14459933698513538,-0.37261706316070914
陕西汉书下酒,2023-08-26 07:50:00,2023-08-27 08:16:00,M->M,M,0.0,1.0,1,1,1,1,1.0180555555555555,2023Q3,195,57,155,-0.5043013443579909,0.31941720047150557,0.14459933698513538,-0.36988959890229783
陕西汉书下酒,2023-08-27 08:16:00,2023-08-28 07:44:00,M->M,M,0.0,,1,0,1,0,0.9777777777777777,2023Q3,195,57,155,-0.5043013443579909,0.31941720047150557,0.14459933698513538,-0.39248858847199186
陕西汉书下酒,2023-08-28 07:44:00,2023-08-28 08:47:00,M->M,M,0.0,,1,0,1,0,0.04375,2023Q3,195,57,155,-0.5043013443579909,0.31941720047150557,0.14459933698513538,-0.9165513638381728
陕西汉书下酒,2023-08-28 08:47:00,2023-09-02 06:31:00,M->M,M,0.0,,1,0,1,0,4.905555555555556,2023Q3,195,57,155,-0.5043013443579909,0.31941720047150557,0.14459933698513538,1.8113025323243799
陕西汉书下酒,2023-09-02 06:31:00,2023-09-03 10:03:00,M->M,M,0.0,,1,0,1,0,1.1472222222222221,2023Q3,195,57,155,-0.5043013443579909,0.31941720047150557,0.14459933698513538,-0.2974169771787962
陕西汉书下酒,2023-09-03 10:03:00,2023-09-04 07:44:00,M->M,M,1.0,,1,0,1,0,0.9034722222222222,2023Q3,195,57,155,-0.5043013443579909,0.31941720047150557,0.14459933698513538,-0.43417982785056536
陕西汉书下酒,2023-09-04 07:44:00,2023-09-04 10:19:00,M->M,M,0.0,,1,0,1,0,0.1076388888888889,2023Q3,195,57,155,-0.5043013443579909,0.31941720047150557,0.14459933698513538,-0.8807046907276237
陕西汉书下酒,2023-09-04 10:19:00,2023-09-07 07:45:00,M->M,M,0.0,,1,0,1,0,2.8930555555555557,2023Q3,195,57,155,-0.5043013443579909,0.31941720047150557,0.14459933698513538,0.6821323293420805
陕西汉书下酒,2023-09-07 07:45:00,2023-09-10 09:30:00,M->M,M,0.0,,1,0,1,0,3.0729166666666665,2023Q3,195,57,155,-0.5043013443579909,0.31941720047150557,0.14459933698513538,0.7830485069033003
陕西汉书下酒,2023-09-10 09:30:00,2023-09-12 07:24:00,M->M,M,1.0,,1,0,1,0,1.9125,2023Q3,195,57,155,-0.5043013443579909,0.31941720047150557,0.14459933698513538,0.1319638246453908
陕西汉书下酒,2023-09-12 07:24:00,2023-09-13 07:50:00,M->M,M,0.0,,1,0,1,0,1.0180555555555555,2023Q3,195,57,155,-0.5043013443579909,0.31941720047150557,0.14459933698513538,-0.36988959890229783
陕西汉书下酒,2023-09-13 07:50:00,2023-09-14 22:09:00,M->M,M,0.0,,1,0,1,0,1.5965277777777778,2023Q3,195,57,155,-0.5043013443579909,0.31941720047150557,0.14459933698513538,-0.04532135215134705
陕西汉书下酒,2023-09-14 22:09:00,2023-09-18 16:12:00,M->M,M,1.0,,1,0,1,0,3.752083333333333,2023Q3,195,57,155,-0.5043013443579909,0.31941720047150557,0.14459933698513538,1.1641142275784861
陕西汉书下酒,2023-09-18 16:12:00,2023-09-19 11:45:00,M->M,M,1.0,,1,0,1,0,0.8145833333333333,2023Q3,195,57,155,-0.5043013443579909,0.31941720047150557,0.14459933698513538,-0.48405346000437294
陕西汉书下酒,2023-09-19 11:45:00,2023-09-19 20:14:00,M->M,M,1.0,,1,0,1,0,0.35347222222222224,2023Q3,195,57,155,-0.5043013443579909,0.31941720047150557,0.14459933698513538,-0.7427729268022496
陕西汉书下酒,2023-09-19 20:14:00,2023-09-20 14:18:00,M->M,M,1.0,,1,0,1,0,0.7527777777777778,2023Q3,195,57,155,-0.5043013443579909,0.31941720047150557,0.14459933698513538,-0.5187312198613172
陕西汉书下酒,2023-09-20 14:18:00,2023-09-22 07:36:00,M->M,M,1.0,,1,0,1,0,1.7208333333333334,2023Q3,195,57,155,-0.5043013443579909,0.31941720047150557,0.14459933698513538,0.02442380531374327
陕西汉书下酒,2023-09-22 07:36:00,2023-09-24 14:10:00,M->M,M,1.0,,1,0,1,0,2.2736111111111112,2023Q3,195,57,155,-0.5043013443579909,0.31941720047150557,0.14459933698513538,0.334575455270234
陕西汉书下酒,2023-09-24 14:10:00,2023-09-26 07:24:00,M->M,M,1.0,,1,0,1,0,1.7180555555555554,2023Q3,195,57,155,-0.5043013443579909,0.31941720047150557,0.14459933698513538,0.022865254308936666
陕西汉书下酒,2023-09-26 07:24:00,2023-09-28 14:44:00,M->M,M,0.0,,1,0,1,0,2.3055555555555554,2023Q3,195,57,155,-0.5043013443579909,0.31941720047150557,0.14459933698513538,0.3524987918255085
陕西汉书下酒,2023-09-28 14:44:00,2023-10-02 07:42:00,M->M,M,1.0,,1,0,1,0,3.7069444444444444,2023Q4,195,57,155,-0.5043013443579909,0.31941720047150557,0.14459933698513538,1.1387877737503809
陕西汉书下酒,2023-10-02 07:42:00,2023-10-05 06:33:00,M->M,M,1.0,1.0,1,1,1,1,2.9520833333333334,2023Q4,195,57,155,-0.5043013443579909,0.31941720047150557,0.14459933698513538,0.7152515381942183
陕西汉书下酒,2023-10-05 06:33:00,2023-10-10 06:47:00,M->M,M,0.0,,1,0,1,0,5.009722222222222,2023Q4,195,57,155,-0.5043013443579909,0.31941720047150557,0.14459933698513538,1.8697481950046229
陕西汉书下酒,2023-10-10 06:47:00,2023-10-11 07:50:00,M->M,M,0.0,,1,0,1,0,1.04375,2023Q4,195,57,155,-0.5043013443579909,0.31941720047150557,0.14459933698513538,-0.35547300210783783
陕西汉书下酒,2023-10-11 07:50:00,2023-10-17 11:10:00,M->M,M,1.0,,1,0,1,0,6.138888888888889,2023Q4,195,57,155,-0.5043013443579909,0.31941720047150557,0.14459933698513538,2.50329917845846
陕西汉书下酒,2023-10-17 11:10:00,2023-10-23 11:32:00,M->M,M,0.0,,1,0,1,0,6.0152777777777775,2023Q4,195,57,155,-0.5043013443579909,0.31941720047150557,0.14459933698513538,2.433943658744571
陕西汉书下酒,2023-10-23 11:32:00,2023-10-28 20:29:00,M->M,M,0.0,,1,0,1,0,5.372916666666667,2023Q4,195,57,155,-0.5043013443579909,0.31941720047150557,0.14459933698513538,2.073528738883071
陕西汉书下酒,2023-10-28 20:29:00,2023-10-29 11:56:00,M->M,M,1.0,,1,0,1,0,0.64375,2023Q4,195,57,155,-0.5043013443579909,0.31941720047150557,0.14459933698513538,-0.5799043467999718
陕西汉书下酒,2023-10-29 11:56:00,2023-10-30 11:50:00,M->M,M,0.0,,1,0,1,0,0.9958333333333333,2023Q4,195,57,155,-0.5043013443579909,0.31941720047150557,0.14459933698513538,-0.3823580069407497
陕西汉书下酒,2023-10-30 11:50:00,2023-11-05 11:48:00,M->M,M,1.0,,1,0,1,0,5.998611111111111,2023Q4,195,57,155,-0.5043013443579909,0.31941720047150557,0.14459933698513538,2.424592352715732
陕西汉书下酒,2023-11-05 11:48:00,2023-11-06 16:38:00,M->M,M,0.0,,1,0,1,0,1.2013888888888888,2023Q4,195,57,155,-0.5043013443579909,0.31941720047150557,0.14459933698513538,-0.2670252325850697
陕西汉书下酒,2023-11-06 16:38:00,2023-11-13 09:18:00,M->M,M,0.0,1.0,1,1,1,1,6.694444444444445,2023Q4,195,57,155,-0.5043013443579909,0.31941720047150557,0.14459933698513538,2.8150093794197573
陕西汉书下酒,2023-11-30 18:13:00,2023-12-01 17:44:00,M->M,M,0.0,,1,0,1,0,0.9798611111111111,2023Q4,195,57,155,-0.5043013443579909,0.31941720047150557,0.14459933698513538,-0.391319675218387
陕西汉书下酒,2023-12-01 17:44:00,2023-12-02 07:15:00,M->M,M,0.0,,1,0,1,0,0.5631944444444444,2023Q4,195,57,155,-0.5043013443579909,0.31941720047150557,0.14459933698513538,-0.6251023259393599
陕西汉书下酒,2023-12-02 07:15:00,2023-12-03 11:37:00,M->M,M,0.0,,1,0,1,0,1.1819444444444445,2023Q4,195,57,155,-0.5043013443579909,0.31941720047150557,0.14459933698513538,-0.2779350896187151
陕西汉书下酒,2023-12-03 11:37:00,2023-12-04 08:45:00,M->M,M,1.0,,1,0,1,0,0.8805555555555555,2023Q4,195,57,155,-0.5043013443579909,0.31941720047150557,0.14459933698513538,-0.44703787364021885
陕西汉书下酒,2023-12-04 08:45:00,2023-12-06 10:05:00,M->M,M,0.0,,1,0,1,0,2.0555555555555554,2023Q4,195,57,155,-0.5043013443579909,0.31941720047150557,0.14459933698513538,0.2122292013929247
陕西汉书下酒,2023-12-06 10:05:00,2023-12-07 09:47:00,M->M,M,0.0,,1,0,1,0,0.9875,2023Q4,195,57,155,-0.5043013443579909,0.31941720047150557,0.14459933698513538,-0.38703365995516914
陕西汉书下酒,2024-09-18 06:45:00,2024-09-19 22:14:00,M->M,M,0.0,,1,0,1,0,1.645138888888889,2024Q3,195,57,155,-0.5043013443579909,0.31941720047150557,0.14459933698513538,-0.018046709567233515
陕西汉书下酒,2024-09-28 19:10:00,2024-09-28 20:52:00,M->M,M,1.0,,1,0,1,0,0.07083333333333333,2024Q3,195,57,155,-0.5043013443579909,0.31941720047150557,0.14459933698513538,-0.9013554915413097
陕西汉书下酒,2024-09-28 20:52:00,2024-09-30 19:45:00,M->L,L,1.0,,1,0,1,0,1.9534722222222223,2024Q3,195,57,155,-0.5043013443579909,0.31941720047150557,0.14459933698513538,0.15495245196628646
陕西汉书下酒,2024-09-30 19:45:00,2024-10-07 07:45:00,L->M,M,0.0,,1,0,1,0,6.5,2024Q4,195,57,155,-0.5043013443579909,0.31941720047150557,0.14459933698513538,2.705910809083303
陕西汉书下酒,2024-10-07 07:45:00,2024-10-08 07:11:00,M->M,M,1.0,,1,0,1,0,0.9763888888888889,2024Q4,195,57,155,-0.5043013443579909,0.31941720047150557,0.14459933698513538,-0.3932678639743951
陕西汉书下酒,2024-10-08 07:11:00,2024-10-09 19:09:00,M->M,M,1.0,,1,0,1,0,1.4986111111111111,2024Q4,195,57,155,-0.5043013443579909,0.31941720047150557,0.14459933698513538,-0.10026027507077569
陕西汉书下酒,2024-10-09 19:09:00,2024-10-13 20:52:00,M->M,M,1.0,,1,0,1,0,4.071527777777778,2024Q4,195,57,155,-0.5043013443579909,0.31941720047150557,0.14459933698513538,1.3433475931312322
陕西汉书下酒,2024-10-13 20:52:00,2024-10-14 21:45:00,M->M,M,1.0,,1,0,1,0,1.0368055555555555,2024Q4,195,57,155,-0.5043013443579909,0.31941720047150557,0.14459933698513538,-0.35936937961985405
陕西汉书下酒,2024-10-14 21:45:00,2024-10-16 12:47:00,M->M,M,1.0,,1,0,1,0,1.6263888888888889,2024Q4,195,57,155,-0.5043013443579909,0.31941720047150557,0.14459933698513538,-0.02856692884967732
陕西汉书下酒,2024-10-16 12:47:00,2024-10-16 17:16:00,M->M,M,1.0,,1,0,1,0,0.18680555555555556,2024Q4,195,57,155,-0.5043013443579909,0.31941720047150557,0.14459933698513538,-0.8362859870906388
陕西汉书下酒,2024-11-28 08:38:00,2024-12-04 20:08:00,M->M,M,1.0,1.0,1,2,1,1,6.479166666666667,2024Q4,195,57,155,-0.5043013443579909,0.31941720047150557,0.14459933698513538,2.694221676547254
陕西汉书下酒,2024-12-04 20:08:00,2024-12-05 07:46:00,M->M,M,0.0,,1,0,1,0,0.4847222222222222,2024Q4,195,57,155,-0.5043013443579909,0.31941720047150557,0.14459933698513538,-0.6691313918251431
陕西汉书下酒,2024-12-05 07:46:00,2024-12-08 18:14:00,M->L,L,1.0,,1,0,1,0,3.436111111111111,2024Q4,195,57,155,-0.5043013443579909,0.31941720047150557,0.14459933698513538,0.9868290507817483
陕西汉书下酒,2024-12-08 18:14:00,2024-12-09 11:13:00,L->M,M,1.0,,1,0,1,0,0.7076388888888889,2024Q4,195,57,155,-0.5043013443579909,0.31941720047150557,0.14459933698513538,-0.5440576736894226
陕西汉书下酒,2024-12-09 11:13:00,2024-12-09 16:30:00,M->M,M,1.0,,1,0,1,0,0.22013888888888888,2024Q4,195,57,155,-0.5043013443579909,0.31941720047150557,0.14459933698513538,-0.817583375032961
陕西汉书下酒,2024-12-09 16:30:00,2024-12-15 15:13:00,M->M,M,1.0,1.0,1,4,1,1,5.946527777777778,2024Q4,195,57,155,-0.5043013443579909,0.31941720047150557,0.14459933698513538,2.3953695213756108
陕西汉书下酒,2024-12-28 11:30:00,2024-12-31 15:57:00,M->M,M,0.0,,1,0,1,0,3.185416666666667,2024Q4,195,57,155,-0.5043013443579909,0.31941720047150557,0.14459933698513538,0.8461698225979631
雨城A,2023-03-16 22:36:00,2023-03-20 17:54:00,H->H,H,,,0,0,0,0,3.8041666666666667,2023Q1,6,7,6,-1.2031785610754202,-1.3592588335573343,-1.3381890026159744,1.1933370589186079
雷神1999,2023-07-22 17:52:00,2023-07-26 14:43:00,H->H,H,0.8,,5,0,1,0,3.86875,2023Q3,101,80,54,-0.18281782466797336,-0.8184772923936813,-0.5928721123402843,1.2295733697803586
雷神1999,2023-07-26 14:43:00,2023-07-26 15:28:00,H->M,M,,,0,0,0,0,0.03125,2023Q3,101,80,54,-0.18281782466797336,-0.8184772923936813,-0.5928721123402843,-0.923564843359802
雷神1999,2023-07-26 15:28:00,2023-07-26 15:46:00,M->M,M,,,0,0,0,0,0.0125,2023Q3,101,80,54,-0.18281782466797336,-0.8184772923936813,-0.5928721123402843,-0.9340850626422459
雷神1999,2023-07-26 15:46:00,2023-07-27 18:23:00,M->L,L,,,0,0,0,0,1.1090277777777777,2023Q3,101,80,54,-0.18281782466797336,-0.8184772923936813,-0.5928721123402843,-0.3188470534948854
雷神1999,2023-07-27 18:23:00,2023-07-27 23:34:00,L->M,M,,,0,0,0,0,0.21597222222222223,2023Q3,101,80,54,-0.18281782466797336,-0.8184772923936813,-0.5928721123402843,-0.8199212015401707
雷神1999,2023-07-27 23:34:00,2023-07-28 00:09:00,M->H,H,,,0,0,0,0,0.024305555555555556,2023Q3,101,80,54,-0.18281782466797336,-0.8184772923936813,-0.5928721123402843,-0.9274612208718183
雷神1999,2023-07-28 00:09:00,2023-07-28 23:40:00,H->L,L,1.0,,1,0,1,0,0.9798611111111111,2023Q3,101,80,54,-0.18281782466797336,-0.8184772923936813,-0.5928721123402843,-0.391319675218387
雷神1999,2023-07-28 23:40:00,2023-07-29 00:50:00,L->H,H,,,0,0,0,0,0.04861111111111111,2023Q3,101,80,54,-0.18281782466797336,-0.8184772923936813,-0.5928721123402843,-0.9138238995797615
雷神1999,2023-07-29 00:50:00,2023-07-29 11:52:00,H->L,L,,,0,0,0,0,0.4597222222222222,2023Q3,101,80,54,-0.18281782466797336,-0.8184772923936813,-0.5928721123402843,-0.6831583508684016
雷神1999,2023-07-29 11:52:00,2023-07-29 11:54:00,L->H,H,,,0,0,0,0,0.001388888888888889,2023Q3,101,80,54,-0.18281782466797336,-0.8184772923936813,-0.5928721123402843,-0.9403192666614718
雷神1999,2023-07-29 11:54:00,2023-07-29 14:34:00,H->M,M,,,0,0,0,0,0.1111111111111111,2023Q3,101,80,54,-0.18281782466797336,-0.8184772923936813,-0.5928721123402843,-0.8787565019716155
雷神1999,2023-07-29 14:34:00,2023-07-29 15:52:00,M->L,L,,,0,0,0,0,0.05416666666666667,2023Q3,101,80,54,-0.18281782466797336,-0.8184772923936813,-0.5928721123402843,-0.9107067975701485
雷神1999,2023-07-29 15:52:00,2023-07-30 16:56:00,L->M,M,,,0,0,0,0,1.0444444444444445,2023Q3,101,80,54,-0.18281782466797336,-0.8184772923936813,-0.5928721123402843,-0.3550833643566361
雷神1999,2023-07-30 16:56:00,2023-07-31 15:45:00,M->L,L,1.0,,2,0,1,0,0.9506944444444444,2023Q3,101,80,54,-0.18281782466797336,-0.8184772923936813,-0.5928721123402843,-0.4076844607688551
雷神1999,2023-07-31 15:45:00,2023-08-01 15:52:00,L->M,M,0.0,1.0,1,1,1,1,1.0048611111111112,2023Q3,101,80,54,-0.18281782466797336,-0.8184772923936813,-0.5928721123402843,-0.37729271617512855
雷神1999,2023-08-01 15:52:00,2023-08-01 15:58:00,M->H,H,,,0,0,0,0,0.004166666666666667,2023Q3,101,80,54,-0.18281782466797336,-0.8184772923936813,-0.5928721123402843,-0.9387607156566653
雷神1999,2023-08-01 15:58:00,2023-08-01 18:06:00,H->M,M,,,0,0,0,0,0.08888888888888889,2023Q3,101,80,54,-0.18281782466797336,-0.8184772923936813,-0.5928721123402843,-0.8912249100100675
雷神1999,2023-08-01 18:06:00,2023-08-01 18:19:00,M->M,M,,,0,0,0,0,0.009027777777777777,2023Q3,101,80,54,-0.18281782466797336,-0.8184772923936813,-0.5928721123402843,-0.9360332513982539
雷神1999,2023-08-01 18:19:00,2023-08-02 10:25:00,M->M,M,,,0,0,0,0,0.6708333333333333,2023Q3,101,80,54,-0.18281782466797336,-0.8184772923936813,-0.5928721123402843,-0.5647084745031086
雷神1999,2023-08-02 10:25:00,2023-08-02 14:18:00,M->M,M,1.0,,1,0,1,0,0.16180555555555556,2023Q3,101,80,54,-0.18281782466797336,-0.8184772923936813,-0.5928721123402843,-0.8503129461338972
雷神1999,2023-08-02 14:18:00,2023-08-02 14:22:00,M->H,H,,,0,0,0,0,0.002777777777777778,2023Q3,101,80,54,-0.18281782466797336,-0.8184772923936813,-0.5928721123402843,-0.9395399911590685
雷神1999,2023-08-02 14:22:00,2023-08-02 19:47:00,H->L,L,,,0,0,0,0,0.22569444444444445,2023Q3,101,80,54,-0.18281782466797336,-0.8184772923936813,-0.5928721123402843,-0.814466273023348
雷神1999,2023-08-02 19:47:00,2023-08-02 22:22:00,L->H,H,,,0,0,0,0,0.1076388888888889,2023Q3,101,80,54,-0.18281782466797336,-0.8184772923936813,-0.5928721123402843,-0.8807046907276237
雷神1999,2023-08-02 22:22:00,2023-08-02 22:25:00,H->H,H,,,0,0,0,0,0.0020833333333333333,2023Q3,101,80,54,-0.18281782466797336,-0.8184772923936813,-0.5928721123402843,-0.9399296289102701
雷神1999,2023-08-02 22:25:00,2023-08-03 17:28:00,H->M,M,1.0,,1,0,1,0,0.79375,2023Q3,101,80,54,-0.18281782466797336,-0.8184772923936813,-0.5928721123402843,-0.4957425925404216
雷神1999,2023-08-03 17:28:00,2023-08-04 18:49:00,M->M,M,1.0,,1,0,1,0,1.05625,2023Q3,101,80,54,-0.18281782466797336,-0.8184772923936813,-0.5928721123402843,-0.34845952258620866
雷神1999,2023-08-04 18:49:00,2023-08-04 18:54:00,M->H,H,,,0,0,0,0,0.003472222222222222,2023Q3,101,80,54,-0.18281782466797336,-0.8184772923936813,-0.5928721123402843,-0.9391503534078668
雷神1999,2023-08-04 18:54:00,2023-08-05 13:11:00,H->M,M,1.0,,1,0,1,0,0.7618055555555555,2023Q3,101,80,54,-0.18281782466797336,-0.8184772923936813,-0.5928721123402843,-0.5136659290956962
雷神1999,2023-08-05 13:11:00,2023-08-05 16:35:00,M->M,M,,,0,0,0,0,0.14166666666666666,2023Q3,101,80,54,-0.18281782466797336,-0.8184772923936813,-0.5928721123402843,-0.8616124409187442
雷神1999,2023-08-05 16:35:00,2023-08-06 12:00:00,M->L,L,1.0,,2,0,1,0,0.8090277777777778,2023Q3,101,80,54,-0.18281782466797336,-0.8184772923936813,-0.5928721123402843,-0.4871705620139859
雷神1999,2023-08-06 12:00:00,2023-08-06 22:58:00,L->H,H,1.0,,1,0,1,0,0.45694444444444443,2023Q3,101,80,54,-0.18281782466797336,-0.8184772923936813,-0.5928721123402843,-0.6847169018732081
雷神1999,2023-08-06 22:58:00,2023-08-06 23:14:00,H->H,H,,,0,0,0,0,0.011111111111111112,2023Q3,101,80,54,-0.18281782466797336,-0.8184772923936813,-0.5928721123402843,-0.9348643381446491
雷神1999,2023-08-06 23:14:00,2023-08-07 01:05:00,H->M,M,,,0,0,0,0,0.07708333333333334,2023Q3,101,80,54,-0.18281782466797336,-0.8184772923936813,-0.5928721123402843,-0.897848751780495
雷神1999,2023-08-07 01:05:00,2023-08-07 13:58:00,M->M,M,,,0,0,0,0,0.5368055555555555,2023Q3,101,80,54,-0.18281782466797336,-0.8184772923936813,-0.5928721123402843,-0.6399085604850215
雷神1999,2023-08-07 13:58:00,2023-08-07 14:40:00,M->M,M,,,0,0,0,0,0.029166666666666667,2023Q3,101,80,54,-0.18281782466797336,-0.8184772923936813,-0.5928721123402843,-0.924733756613407
雷神1999,2023-08-22 11:45:00,2023-08-22 23:32:00,M->H,H,1.0,,1,0,1,0,0.4909722222222222,2023Q3,101,80,54,-0.18281782466797336,-0.8184772923936813,-0.5928721123402843,-0.6656246520643286
雷神1999,2023-08-22 23:32:00,2023-08-22 23:36:00,H->M,M,,,0,0,0,0,0.002777777777777778,2023Q3,101,80,54,-0.18281782466797336,-0.8184772923936813,-0.5928721123402843,-0.9395399911590685
雷神1999,2023-08-22 23:36:00,2023-08-25 11:59:00,M->M,M,0.3333333333333333,,3,0,1,0,2.515972222222222,2023Q3,101,80,54,-0.18281782466797336,-0.8184772923936813,-0.5928721123402843,0.4705590304395998
雷神1999,2023-08-25 11:59:00,2023-08-26 10:50:00,M->H,H,0.0,,1,0,1,0,0.9520833333333333,2023Q3,101,80,54,-0.18281782466797336,-0.8184772923936813,-0.5928721123402843,-0.40690518526645186
雷神1999,2023-09-17 16:27:00,2023-09-22 14:41:00,L->L,L,1.0,,5,0,1,0,4.926388888888889,2023Q3,101,80,54,-0.18281782466797336,-0.8184772923936813,-0.5928721123402843,1.8229916648604283
雷神1999,2023-09-22 14:41:00,2023-09-23 18:39:00,L->M,M,,,0,0,0,0,1.1652777777777779,2023Q3,101,80,54,-0.18281782466797336,-0.8184772923936813,-0.5928721123402843,-0.287286395647554
雷神1999,2023-09-23 18:39:00,2023-09-24 22:26:00,M->H,H,1.0,,1,0,1,0,1.1576388888888889,2023Q3,101,80,54,-0.18281782466797336,-0.8184772923936813,-0.5928721123402843,-0.29157241091077185
雷神1999,2023-09-24 22:26:00,2023-09-25 13:59:00,H->M,M,,,0,0,0,0,0.6479166666666667,2023Q3,101,80,54,-0.18281782466797336,-0.8184772923936813,-0.5928721123402843,-0.5775665202927621
雷神1999,2023-09-25 13:59:00,2023-09-28 09:39:00,M->H,H,1.0,,1,0,1,0,2.8194444444444446,2023Q3,101,80,54,-0.18281782466797336,-0.8184772923936813,-0.5928721123402843,0.6408307277147086
雷神1999,2023-09-28 09:39:00,2023-10-01 23:12:00,H->H,H,0.0,,1,0,1,0,3.564583333333333,2023Q4,101,80,54,-0.18281782466797336,-0.8184772923936813,-0.5928721123402843,1.0589120347540484
雷神1999,2023-10-01 23:12:00,2023-10-01 23:38:00,H->H,H,,,0,0,0,0,0.018055555555555554,2023Q4,101,80,54,-0.18281782466797336,-0.8184772923936813,-0.5928721123402843,-0.9309679606326329
雷神1999,2023-10-01 23:38:00,2023-10-02 00:23:00,H->H,H,,,0,0,0,0,0.03125,2023Q4,101,80,54,-0.18281782466797336,-0.8184772923936813,-0.5928721123402843,-0.923564843359802
雷神1999,2023-10-02 00:23:00,2023-10-02 00:24:00,H->H,H,,,0,0,0,0,0.0006944444444444445,2023Q4,101,80,54,-0.18281782466797336,-0.8184772923936813,-0.5928721123402843,-0.9407089044126733
雷神1999,2023-10-02 00:24:00,2023-10-02 00:26:00,H->M,M,,,0,0,0,0,0.001388888888888889,2023Q4,101,80,54,-0.18281782466797336,-0.8184772923936813,-0.5928721123402843,-0.9403192666614718
雷神1999,2023-10-02 00:26:00,2023-10-03 21:48:00,M->M,M,1.0,,1,0,1,0,1.8902777777777777,2023Q4,101,80,54,-0.18281782466797336,-0.8184772923936813,-0.5928721123402843,0.11949541660693884
雷神1999,2023-10-03 21:48:00,2023-10-04 11:47:00,M->M,M,,,0,0,0,0,0.5826388888888889,2023Q4,101,80,54,-0.18281782466797336,-0.8184772923936813,-0.5928721123402843,-0.6141924689057144
雷神1999,2023-10-12 09:02:00,2023-10-12 12:47:00,M->H,H,,,0,0,0,0,0.15625,2023Q4,101,80,54,-0.18281782466797336,-0.8184772923936813,-0.5928721123402843,-0.8534300481435102
雷神1999,2023-10-12 12:47:00,2023-10-12 14:55:00,H->M,M,,,0,0,0,0,0.08888888888888889,2023Q4,101,80,54,-0.18281782466797336,-0.8184772923936813,-0.5928721123402843,-0.8912249100100675
雷神1999,2023-10-12 14:55:00,2023-10-13 21:45:00,M->M,M,,,0,0,0,0,1.2847222222222223,2023Q4,101,80,54,-0.18281782466797336,-0.8184772923936813,-0.5928721123402843,-0.22026870244087507
雷神1999,2023-10-13 21:45:00,2023-10-16 15:02:00,M->H,H,,,0,0,0,0,2.720138888888889,2023Q4,101,80,54,-0.18281782466797336,-0.8184772923936813,-0.5928721123402843,0.5851125292928767
雷神1999,2023-10-16 15:02:00,2023-10-16 23:49:00,H->H,H,,,0,0,0,0,0.3659722222222222,2023Q4,101,80,54,-0.18281782466797336,-0.8184772923936813,-0.5928721123402843,-0.7357594472806205
雷神1999,2023-10-16 23:49:00,2023-10-21 13:14:00,H->L,L,1.0,,1,0,1,0,4.559027777777778,2023Q4,101,80,54,-0.18281782466797336,-0.8184772923936813,-0.5928721123402843,1.6168732944747704
雷神1999,2023-10-21 13:14:00,2023-10-22 13:26:00,L->M,M,,,0,0,0,0,1.0083333333333333,2023Q4,101,80,54,-0.18281782466797336,-0.8184772923936813,-0.5928721123402843,-0.3753445274191205
雷神1999,2023-11-03 20:24:00,2023-11-03 20:37:00,H->H,H,,,0,0,0,0,0.009027777777777777,2023Q4,101,80,54,-0.18281782466797336,-0.8184772923936813,-0.5928721123402843,-0.9360332513982539
雷神1999,2023-11-03 20:37:00,2023-11-03 21:08:00,H->M,M,,,0,0,0,0,0.021527777777777778,2023Q4,101,80,54,-0.18281782466797336,-0.8184772923936813,-0.5928721123402843,-0.9290197718766247
雷神1999,2023-11-03 21:08:00,2023-11-03 21:10:00,M->M,M,,,0,0,0,0,0.001388888888888889,2023Q4,101,80,54,-0.18281782466797336,-0.8184772923936813,-0.5928721123402843,-0.9403192666614718
雷神1999,2023-11-03 21:10:00,2023-11-03 21:11:00,M->H,H,,,0,0,0,0,0.0006944444444444445,2023Q4,101,80,54,-0.18281782466797336,-0.8184772923936813,-0.5928721123402843,-0.9407089044126733
雷神1999,2023-11-03 21:11:00,2023-11-03 22:49:00,H->L,L,,,0,0,0,0,0.06805555555555555,2023Q4,101,80,54,-0.18281782466797336,-0.8184772923936813,-0.5928721123402843,-0.9029140425461161
雷神1999,2023-11-03 22:49:00,2023-11-05 13:25:00,L->M,M,1.0,,1,0,1,0,1.6083333333333334,2023Q4,101,80,54,-0.18281782466797336,-0.8184772923936813,-0.5928721123402843,-0.038697510380919446
雷神1999,2023-11-05 13:25:00,2023-11-10 18:15:00,M->L,L,0.0,,1,0,1,0,5.201388888888889,2023Q4,101,80,54,-0.18281782466797336,-0.8184772923936813,-0.5928721123402843,1.9772882143362707
雷神1999,2023-11-10 18:15:00,2023-11-13 19:06:00,L->M,M,0.0,,1,0,1,0,3.035416666666667,2023Q4,101,80,54,-0.18281782466797336,-0.8184772923936813,-0.5928721123402843,0.762008068338413
雷神1999,2024-02-02 21:08:00,2024-02-04 15:32:00,H->H,H,,,0,0,0,0,1.7666666666666666,2024Q1,101,80,54,-0.18281782466797336,-0.8184772923936813,-0.5928721123402843,0.050139896893050206
雷神1999,2024-02-04 15:32:00,2024-02-06 15:57:00,H->M,M,,,0,0,0,0,2.017361111111111,2024Q1,101,80,54,-0.18281782466797336,-0.8184772923936813,-0.5928721123402843,0.19079912507683564
雷神1999,2024-02-06 15:57:00,2024-02-06 19:50:00,M->M,M,,,0,0,0,0,0.16180555555555556,2024Q1,101,80,54,-0.18281782466797336,-0.8184772923936813,-0.5928721123402843,-0.8503129461338972
雷神1999,2024-02-17 13:03:00,2024-02-17 19:49:00,H->H,H,,,0,0,0,0,0.28194444444444444,2024Q1,101,80,54,-0.18281782466797336,-0.8184772923936813,-0.5928721123402843,-0.7829056151760165
雷神1999,2024-02-17 19:49:00,2024-02-18 13:12:00,H->H,H,,,0,0,0,0,0.7243055555555555,2024Q1,101,80,54,-0.18281782466797336,-0.8184772923936813,-0.5928721123402843,-0.5347063676605838
雷神1999,2024-02-18 13:12:00,2024-02-18 15:32:00,H->H,H,,,0,0,0,0,0.09722222222222222,2024Q1,101,80,54,-0.18281782466797336,-0.8184772923936813,-0.5928721123402843,-0.8865492569956479
雷神1999,2024-02-18 15:32:00,2024-02-22 01:22:00,H->M,M,0.0,,1,0,1,0,3.4097222222222223,2024Q1,101,80,54,-0.18281782466797336,-0.8184772923936813,-0.5928721123402843,0.9720228162360869
雷神1999,2024-02-22 01:22:00,2024-02-22 01:34:00,M->M,M,,,0,0,0,0,0.008333333333333333,2024Q1,101,80,54,-0.18281782466797336,-0.8184772923936813,-0.5928721123402843,-0.9364228891494556
雷神1999,2024-02-22 01:34:00,2024-02-22 01:36:00,M->H,H,,,0,0,0,0,0.001388888888888889,2024Q1,101,80,54,-0.18281782466797336,-0.8184772923936813,-0.5928721123402843,-0.9403192666614718
雷神1999,2024-02-22 01:36:00,2024-02-22 10:37:00,H->H,H,,,0,0,0,0,0.37569444444444444,2024Q1,101,80,54,-0.18281782466797336,-0.8184772923936813,-0.5928721123402843,-0.7303045187637976
雷神1999,2024-02-22 10:37:00,2024-02-22 10:38:00,H->H,H,,,0,0,0,0,0.0006944444444444445,2024Q1,101,80,54,-0.18281782466797336,-0.8184772923936813,-0.5928721123402843,-0.9407089044126733
雷神1999,2024-02-22 10:38:00,2024-02-22 20:22:00,H->H,H,,,0,0,0,0,0.40555555555555556,2024Q1,101,80,54,-0.18281782466797336,-0.8184772923936813,-0.5928721123402843,-0.7135500954621281
雷神1999,2024-02-22 20:22:00,2024-02-22 21:20:00,H->H,H,,,0,0,0,0,0.04027777777777778,2024Q1,101,80,54,-0.18281782466797336,-0.8184772923936813,-0.5928721123402843,-0.9184995525941809
雷神1999,2024-02-22 21:20:00,2024-02-23 11:38:00,H->H,H,,,0,0,0,0,0.5958333333333333,2024Q1,101,80,54,-0.18281782466797336,-0.8184772923936813,-0.5928721123402843,-0.6067893516328837
雷神1999,2024-02-23 11:38:00,2024-02-23 11:42:00,H->M,M,,,0,0,0,0,0.002777777777777778,2024Q1,101,80,54,-0.18281782466797336,-0.8184772923936813,-0.5928721123402843,-0.9395399911590685
雷神1999,2024-02-23 11:42:00,2024-02-24 17:20:00,M->H,H,,,0,0,0,0,1.2347222222222223,2024Q1,101,80,54,-0.18281782466797336,-0.8184772923936813,-0.5928721123402843,-0.24832262052739185
雷神1999,2024-02-24 17:20:00,2024-02-25 13:44:00,H->H,H,,,0,0,0,0,0.85,2024Q1,101,80,54,-0.18281782466797336,-0.8184772923936813,-0.5928721123402843,-0.4641819346930902
雷神1999,2024-02-25 13:44:00,2024-03-01 16:02:00,H->M,M,,,0,0,0,0,5.095833333333333,2024Q1,101,80,54,-0.18281782466797336,-0.8184772923936813,-0.5928721123402843,1.9180632761536238
雷神1999,2024-03-01 16:02:00,2024-03-03 18:07:00,M->M,M,,,0,0,0,0,2.0868055555555554,2024Q1,101,80,54,-0.18281782466797336,-0.8184772923936813,-0.5928721123402843,0.22976290019699766
雷神1999,2024-03-03 18:07:00,2024-03-03 18:11:00,M->M,M,,,0,0,0,0,0.002777777777777778,2024Q1,101,80,54,-0.18281782466797336,-0.8184772923936813,-0.5928721123402843,-0.9395399911590685
雷神1999,2024-03-03 18:11:00,2024-03-04 00:29:00,M->L,L,,,0,0,0,0,0.2625,2024Q1,101,80,54,-0.18281782466797336,-0.8184772923936813,-0.5928721123402843,-0.7938154722096621
雷神1999,2024-03-14 14:37:00,2024-03-20 16:35:00,M->H,H,,,0,0,0,0,6.081944444444445,2024Q1,101,80,54,-0.18281782466797336,-0.8184772923936813,-0.5928721123402843,2.4713488828599264
雷神1999,2024-08-16 16:38:00,2024-08-16 17:30:00,H->M,M,,,0,0,0,0,0.03611111111111111,2024Q3,101,80,54,-0.18281782466797336,-0.8184772923936813,-0.5928721123402843,-0.9208373791013906
青梅糖呀,2023-02-01 11:03:00,2023-02-06 00:29:00,M->L,L,0.0,,1,0,1,0,4.559722222222222,2023Q1,6,11,6,-1.147268383738026,-1.3592588335573343,-1.3381890026159744,1.617262932225972
风湿科聂医生,2023-11-27 15:49:00,2023-11-29 20:46:00,M->M,M,,,0,0,0,0,2.20625,2023Q4,21,3,19,-1.2590887384128147,-1.212797166158845,-1.220507388361918,0.2967805934036766
风湿科聂医生,2024-01-27 13:47:00,2024-02-01 10:27:00,M->M,M,,,0,0,0,0,4.861111111111111,2024Q1,21,3,19,-1.2590887384128147,-1.212797166158845,-1.220507388361918,1.7863657162474758
风湿科聂医生,2024-02-10 13:06:00,2024-02-10 13:17:00,M->M,M,,,0,0,0,0,0.007638888888888889,2024Q1,21,3,19,-1.2590887384128147,-1.212797166158845,-1.220507388361918,-0.9368125269006571
风湿科聂医生,2024-02-10 13:17:00,2024-02-10 22:36:00,M->M,M,,,0,0,0,0,0.38819444444444445,2024Q1,21,3,19,-1.2590887384128147,-1.212797166158845,-1.220507388361918,-0.7232910392421685
风湿科聂医生,2024-03-10 19:47:00,2024-03-12 08:42:00,M->M,M,,,0,0,0,0,1.5381944444444444,2024Q1,21,3,19,-1.2590887384128147,-1.212797166158845,-1.220507388361918,-0.07805092325228327
风湿科聂医生,2024-03-12 08:42:00,2024-03-17 20:19:00,M->M,M,1.0,,2,0,1,0,5.4840277777777775,2024Q1,21,3,19,-1.2590887384128147,-1.212797166158845,-1.220507388361918,2.13587077907533
风湿科聂医生,2024-11-20 10:48:00,2024-11-26 12:12:00,M->M,M,,,0,0,0,0,6.058333333333334,2024Q4,21,3,19,-1.2590887384128147,-1.212797166158845,-1.220507388361918,2.458101199319072
飞天神猪的欢乐窝,2023-02-04 07:46:00,2023-02-05 13:11:00,M->M,M,,,0,0,0,0,1.2256944444444444,2023Q1,12,7,10,-1.2031785610754202,-1.31419370512703,-1.2911163569143518,-0.25338791129301297
飞天神猪的欢乐窝,2023-09-21 09:59:00,2023-09-21 10:01:00,H->M,M,,,0,0,0,0,0.001388888888888889,2023Q3,12,7,10,-1.2031785610754202,-1.31419370512703,-1.2911163569143518,-0.9403192666614718
飞天神猪的欢乐窝,2023-09-21 10:01:00,2023-09-21 10:04:00,M->M,M,,,0,0,0,0,0.0020833333333333333,2023Q3,12,7,10,-1.2031785610754202,-1.31419370512703,-1.2911163569143518,-0.9399296289102701
