user_name,exposure_group,prev_time,curr_time,transition,env_type,env_risk_ratio
-朱妈妈,no_media,2023-02-09 14:07:00,2023-02-09 14:34:00,M->M,unknown,
-朱妈妈,no_media,2023-02-09 14:34:00,2023-02-09 14:49:00,M->M,unknown,
-朱妈妈,no_media,2023-02-09 14:49:00,2023-02-09 14:57:00,M->M,unknown,
021视频,no_media,2021-03-15 14:09:41,2021-08-03 10:45:39,M->M,unknown,
021视频,no_media,2021-08-03 10:45:39,2022-03-31 11:36:23,M->M,unknown,
021视频,no_media,2022-03-31 11:36:23,2022-12-08 08:52:45,M->M,unknown,
021视频,no_media,2022-12-08 08:52:45,2022-12-08 11:49:03,M->M,unknown,
021视频,no_media,2022-12-08 11:49:03,2022-12-26 08:54:07,M->M,unknown,
021视频,no_media,2022-12-26 08:54:07,2023-01-11 22:34:12,M->M,unknown,
1011陕西秦腔广播,no_media,2020-02-20 09:12:41,2020-02-24 10:14:32,M->M,unknown,
1011陕西秦腔广播,no_media,2020-02-24 10:14:32,2020-02-29 14:41:39,M->M,unknown,
1011陕西秦腔广播,no_media,2020-02-29 14:41:39,2020-03-13 10:23:34,M->M,unknown,
1011陕西秦腔广播,no_media,2020-03-13 10:23:34,2022-01-23 17:55:02,M->M,unknown,
1011陕西秦腔广播,no_media,2022-01-23 17:55:02,2022-12-24 18:55:58,M->M,unknown,
1011陕西秦腔广播,no_media,2022-12-24 18:55:58,2023-01-02 18:19:11,M->M,unknown,
1011陕西秦腔广播,no_media,2023-01-02 18:19:11,2023-01-02 18:23:42,M->M,unknown,
2013静笃,no_media,2023-01-03 03:06:00,2023-01-11 22:31:00,M->H,unknown,
2013静笃,no_media,2023-01-11 22:31:00,2023-01-14 07:42:00,H->M,unknown,
365-厦门大雨,no_media,2023-01-06 07:57:00,2023-01-09 09:24:00,M->L,unknown,
39健康网,no_media,2022-03-14 18:27:00,2022-11-15 10:00:00,M->M,unknown,
88佐岸星光,no_media,2023-02-27 12:03:00,2023-03-02 20:40:00,L->H,unknown,
88佐岸星光,no_media,2023-03-02 20:40:00,2023-03-07 22:17:00,H->M,unknown,
88佐岸星光,no_media,2023-03-07 22:17:00,2023-09-09 22:23:00,M->L,unknown,
88佐岸星光,no_media,2023-09-09 22:23:00,2023-09-10 09:38:00,L->M,unknown,
88佐岸星光,no_media,2023-09-10 09:38:00,2023-10-16 21:00:00,M->L,unknown,
937江苏新闻广播,no_media,2024-03-19 13:31:55,2024-08-03 09:37:46,M->M,unknown,
937江苏新闻广播,no_media,2024-08-03 09:37:46,2024-08-05 12:24:40,M->M,unknown,
937江苏新闻广播,no_media,2024-08-05 12:24:40,2024-08-13 14:08:35,M->M,unknown,
948交通广播,no_media,2020-02-07 12:58:40,2020-02-08 18:45:14,M->M,unknown,
948交通广播,no_media,2020-02-08 18:45:14,2020-02-16 08:02:29,M->M,unknown,
948交通广播,no_media,2020-02-16 08:02:29,2020-02-17 08:40:04,M->M,unknown,
948交通广播,no_media,2020-02-17 08:40:04,2020-02-19 23:19:44,M->M,unknown,
948交通广播,no_media,2020-02-19 23:19:44,2020-02-20 06:51:51,M->M,unknown,
948交通广播,no_media,2020-02-20 06:51:51,2020-02-20 11:52:12,M->M,unknown,
948交通广播,no_media,2020-02-20 11:52:12,2020-03-01 13:09:15,M->M,unknown,
948交通广播,no_media,2020-03-01 13:09:15,2020-03-05 19:43:22,M->M,unknown,
948交通广播,no_media,2020-03-05 19:43:22,2020-04-23 16:31:44,M->M,unknown,
948交通广播,no_media,2020-04-23 16:31:44,2020-04-23 23:59:00,M->M,unknown,
948交通广播,no_media,2020-04-23 23:59:00,2020-04-30 11:04:53,M->M,unknown,
948交通广播,no_media,2020-04-30 11:04:53,2020-06-12 08:26:23,M->M,unknown,
948交通广播,no_media,2020-06-12 08:26:23,2020-07-31 07:15:15,M->M,unknown,
948交通广播,no_media,2020-07-31 07:15:15,2020-12-24 08:50:17,M->M,unknown,
948交通广播,no_media,2020-12-24 08:50:17,2021-03-23 08:47:00,M->M,unknown,
948交通广播,no_media,2021-03-23 08:47:00,2021-08-03 14:28:10,M->M,unknown,
948交通广播,no_media,2021-08-03 14:28:10,2021-08-11 20:30:59,M->M,unknown,
948交通广播,no_media,2021-08-11 20:30:59,2022-01-02 23:20:48,M->M,unknown,
Achen-阿晨,no_media,2022-12-26 02:28:00,2022-12-27 05:43:00,L->L,unknown,
Achen-阿晨,no_media,2022-12-27 05:43:00,2023-01-10 17:58:00,L->L,unknown,
Annann-陈言,no_media,2023-01-11 12:26:00,2023-01-12 16:09:00,L->L,unknown,
Annann-陈言,no_media,2023-01-12 16:09:00,2023-01-14 13:52:00,L->M,unknown,
Annann-陈言,no_media,2023-01-14 13:52:00,2023-01-17 19:25:00,M->M,unknown,
A退伍军人,mainstream_only,2022-12-06 14:30:00,2022-12-12 13:54:00,M->M,unknown,
BRTV-we-young,no_media,2022-07-09 16:09:30,2023-02-21 14:03:39,M->M,unknown,
Baby__砻and蕊,no_media,2022-12-28 11:38:00,2023-01-17 10:52:00,H->L,unknown,
Bobo-芃芃,no_media,2022-12-30 10:49:00,2023-02-10 11:42:00,L->L,unknown,
CGTN,no_media,2020-08-01 18:19:19,2020-11-10 19:51:31,M->M,unknown,
CGTN,no_media,2020-11-10 19:51:31,2021-01-25 11:30:03,M->M,unknown,
CGTN,no_media,2021-01-25 11:30:03,2021-02-16 08:25:03,M->M,unknown,
CGTN,no_media,2021-02-16 08:25:03,2021-02-22 17:20:03,M->M,unknown,
CGTN,no_media,2021-02-22 17:20:03,2021-02-28 14:35:03,M->M,unknown,
CGTN,no_media,2021-02-28 14:35:03,2021-03-03 11:24:12,M->M,unknown,
CGTN,no_media,2021-03-03 11:24:12,2021-03-03 19:10:03,M->M,unknown,
CGTN,no_media,2021-03-03 19:10:03,2021-03-07 20:00:04,M->M,unknown,
CGTN,no_media,2021-03-07 20:00:04,2021-03-18 20:30:04,M->M,unknown,
CGTN,no_media,2021-03-18 20:30:04,2021-03-19 11:45:03,M->M,unknown,
CGTN,no_media,2021-03-19 11:45:03,2021-03-21 11:00:03,M->M,unknown,
CGTN,no_media,2021-03-21 11:00:03,2021-03-31 12:35:03,M->M,unknown,
CGTN,no_media,2021-03-31 12:35:03,2021-03-31 17:30:18,M->M,unknown,
CGTN,no_media,2021-03-31 17:30:18,2021-04-19 08:00:03,M->M,unknown,
CGTN,no_media,2021-04-19 08:00:03,2021-04-19 21:50:03,M->M,unknown,
CGTN,no_media,2021-04-19 21:50:03,2021-04-28 15:15:03,M->M,unknown,
CGTN,no_media,2021-04-28 15:15:03,2021-05-04 17:53:03,M->M,unknown,
CGTN,no_media,2021-05-04 17:53:03,2021-05-13 17:13:03,M->M,unknown,
CGTN,no_media,2021-05-13 17:13:03,2021-05-18 09:00:04,M->M,unknown,
CGTN,no_media,2021-05-18 09:00:04,2021-05-19 19:53:03,M->M,unknown,
CGTN,no_media,2021-05-19 19:53:03,2021-05-20 09:00:04,M->M,unknown,
CGTN,no_media,2021-05-20 09:00:04,2021-06-11 08:00:04,M->M,unknown,
CGTN,no_media,2021-06-11 08:00:04,2021-09-07 15:15:03,M->M,unknown,
CGTN,no_media,2021-09-07 15:15:03,2021-09-14 11:40:03,M->M,unknown,
CGTN,no_media,2021-09-14 11:40:03,2021-09-18 13:11:59,M->M,unknown,
CGTN,no_media,2021-09-18 13:11:59,2022-02-09 09:50:00,M->M,unknown,
CGTN,no_media,2022-02-09 09:50:00,2022-02-12 15:20:01,M->M,unknown,
CGTN,no_media,2022-02-12 15:20:01,2022-03-05 16:00:04,M->M,unknown,
CGTN,no_media,2022-03-05 16:00:04,2022-04-25 09:20:00,M->M,unknown,
CGTN,no_media,2022-04-25 09:20:00,2022-04-28 09:00:04,M->M,unknown,
CGTN,no_media,2022-04-28 09:00:04,2022-05-03 09:01:23,M->M,unknown,
CGTN,no_media,2022-05-03 09:01:23,2022-05-09 09:00:37,M->M,unknown,
CGTN,no_media,2022-05-09 09:00:37,2022-05-12 11:00:00,M->M,unknown,
CGTN,no_media,2022-05-12 11:00:00,2022-05-13 08:33:36,M->M,unknown,
CGTN,no_media,2022-05-13 08:33:36,2022-05-14 09:05:09,M->M,unknown,
CGTN,no_media,2022-05-14 09:05:09,2022-05-15 16:51:27,M->M,unknown,
CGTN,no_media,2022-05-15 16:51:27,2022-05-18 09:00:06,M->M,unknown,
CGTN,no_media,2022-05-18 09:00:06,2022-05-22 09:00:00,M->M,unknown,
CGTN,no_media,2022-05-22 09:00:00,2022-05-22 22:00:02,M->M,unknown,
CGTN,no_media,2022-05-22 22:00:02,2022-05-24 09:11:44,M->M,unknown,
CGTN,no_media,2022-05-24 09:11:44,2022-07-16 07:00:02,M->M,unknown,
CGTN,no_media,2022-07-16 07:00:02,2022-07-23 20:40:00,M->M,unknown,
CGTN,no_media,2022-07-23 20:40:00,2022-09-22 17:30:02,M->L,unknown,
CGTN,no_media,2022-09-22 17:30:02,2022-09-24 11:00:02,L->M,unknown,
CGTN,no_media,2022-09-24 11:00:02,2022-09-24 13:30:03,M->M,unknown,
CGTN,no_media,2022-09-24 13:30:03,2022-09-25 15:00:01,M->M,unknown,
CGTN,no_media,2022-09-25 15:00:01,2022-09-26 08:00:05,M->M,unknown,
CGTN,no_media,2022-09-26 08:00:05,2022-10-01 07:00:02,M->M,unknown,
CGTN,no_media,2022-10-01 07:00:02,2022-11-04 23:00:02,M->M,unknown,
CGTN,no_media,2022-11-04 23:00:02,2022-12-24 20:30:03,M->M,unknown,
CGTN,no_media,2022-12-24 20:30:03,2023-01-11 09:00:02,M->M,unknown,
CGTN,no_media,2023-01-11 09:00:02,2023-01-14 13:30:04,M->M,unknown,
CGTN,no_media,2023-01-14 13:30:04,2023-01-18 20:45:01,M->M,unknown,
CGTN,no_media,2023-01-18 20:45:01,2023-01-25 22:30:03,M->M,unknown,
CGTN,no_media,2023-01-25 22:30:03,2023-04-02 16:10:00,M->M,unknown,
CGTN,no_media,2023-04-02 16:10:00,2023-04-18 12:30:01,M->M,unknown,
CGTNGlobalBusiness,no_media,2020-02-22 19:16:00,2020-05-07 21:20:04,M->M,unknown,
CGTNGlobalBusiness,no_media,2020-05-07 21:20:04,2020-06-09 19:40:04,M->M,unknown,
CGTNGlobalBusiness,no_media,2020-06-09 19:40:04,2020-06-24 21:00:04,M->M,unknown,
CGTNGlobalBusiness,no_media,2020-06-24 21:00:04,2020-09-02 19:30:04,M->M,unknown,
CGTNGlobalBusiness,no_media,2020-09-02 19:30:04,2021-01-25 12:52:00,M->M,unknown,
CGTNGlobalBusiness,no_media,2021-01-25 12:52:00,2021-04-06 16:12:03,M->M,unknown,
CGTNGlobalBusiness,no_media,2021-04-06 16:12:03,2021-04-13 12:11:03,M->M,unknown,
CGTNGlobalBusiness,no_media,2021-04-13 12:11:03,2021-10-19 22:04:00,M->M,unknown,
CGTNGlobalBusiness,no_media,2021-10-19 22:04:00,2022-01-01 13:59:33,M->M,unknown,
CGTNGlobalBusiness,no_media,2022-01-01 13:59:33,2022-01-03 11:51:03,M->M,unknown,
CGTNGlobalBusiness,no_media,2022-01-03 11:51:03,2023-01-13 21:47:29,M->M,unknown,
CGTNRadio,no_media,2021-01-25 12:00:45,2021-02-02 09:39:26,M->M,unknown,
CGTNRadio,no_media,2021-02-02 09:39:26,2021-04-13 10:28:57,M->M,unknown,
CGTNRadio,no_media,2021-04-13 10:28:57,2021-05-18 10:30:07,M->M,unknown,
CGTNRadio,no_media,2021-05-18 10:30:07,2021-05-20 09:39:55,M->M,unknown,
CGTNRadio,no_media,2021-05-20 09:39:55,2023-01-19 10:43:41,M->M,unknown,
CGTNRadio,no_media,2023-01-19 10:43:41,2023-12-20 17:29:36,M->M,unknown,
CGTNculture,no_media,2020-05-25 18:37:31,2020-06-07 15:43:19,M->M,unknown,
CGTNculture,no_media,2020-06-07 15:43:19,2021-01-06 19:02:26,M->M,unknown,
CGTN法语频道,no_media,2020-04-12 20:29:44,2020-04-14 21:30:05,M->M,unknown,
CGTN法语频道,no_media,2020-04-14 21:30:05,2020-04-23 16:29:29,M->M,unknown,
CGTN法语频道,no_media,2020-04-23 16:29:29,2020-04-24 13:37:35,M->M,unknown,
CGTN法语频道,no_media,2020-04-24 13:37:35,2020-04-24 16:41:35,M->M,unknown,
CGTN法语频道,no_media,2020-04-24 16:41:35,2020-04-26 17:25:10,M->M,unknown,
CGTN法语频道,no_media,2020-04-26 17:25:10,2020-04-27 15:59:04,M->M,unknown,
CGTN法语频道,no_media,2020-04-27 15:59:04,2020-05-07 12:37:36,M->M,unknown,
CGTN法语频道,no_media,2020-05-07 12:37:36,2020-05-15 10:20:03,M->M,unknown,
CGTN法语频道,no_media,2020-05-15 10:20:03,2020-05-16 11:23:50,M->M,unknown,
CGTN法语频道,no_media,2020-05-16 11:23:50,2020-05-22 11:38:15,M->M,unknown,
CGTN法语频道,no_media,2020-05-22 11:38:15,2020-05-22 16:38:01,M->M,unknown,
CGTN法语频道,no_media,2020-05-22 16:38:01,2020-05-24 13:23:33,M->M,unknown,
CGTN法语频道,no_media,2020-05-24 13:23:33,2020-08-24 16:12:17,M->M,unknown,
CGTN法语频道,no_media,2020-08-24 16:12:17,2020-08-27 11:03:44,M->M,unknown,
CGTN法语频道,no_media,2020-08-27 11:03:44,2020-08-30 16:28:27,M->M,unknown,
CGTN法语频道,no_media,2020-08-30 16:28:27,2020-09-01 11:00:03,M->M,unknown,
CGTN法语频道,no_media,2020-09-01 11:00:03,2020-09-04 19:30:03,M->M,unknown,
CGTN法语频道,no_media,2020-09-04 19:30:03,2020-09-06 10:47:33,M->M,unknown,
CGTN法语频道,no_media,2020-09-06 10:47:33,2020-10-17 21:00:03,M->M,unknown,
CGTN法语频道,no_media,2020-10-17 21:00:03,2020-10-27 16:31:03,M->M,unknown,
CGTN法语频道,no_media,2020-10-27 16:31:03,2020-11-09 08:32:03,M->M,unknown,
CGTN法语频道,no_media,2020-11-09 08:32:03,2020-11-15 14:00:04,M->M,unknown,
CGTN法语频道,no_media,2020-11-15 14:00:04,2020-12-05 15:30:05,M->M,unknown,
CGTN法语频道,no_media,2020-12-05 15:30:05,2020-12-15 16:13:12,M->M,unknown,
CGTN法语频道,no_media,2020-12-15 16:13:12,2020-12-21 16:00:08,M->M,unknown,
CGTN法语频道,no_media,2020-12-21 16:00:08,2020-12-31 12:04:47,M->M,unknown,
CGTN法语频道,no_media,2020-12-31 12:04:47,2020-12-31 16:21:19,M->M,unknown,
CGTN法语频道,no_media,2020-12-31 16:21:19,2021-01-14 17:00:04,M->M,unknown,
CGTN法语频道,no_media,2021-01-14 17:00:04,2021-02-09 15:30:03,M->M,unknown,
CGTN法语频道,no_media,2021-02-09 15:30:03,2021-04-16 10:19:22,M->M,unknown,
CGTN法语频道,no_media,2021-04-16 10:19:22,2021-04-30 17:09:03,M->M,unknown,
CGTN法语频道,no_media,2021-04-30 17:09:03,2021-05-20 16:47:51,M->M,unknown,
CGTN法语频道,no_media,2021-05-20 16:47:51,2021-05-30 13:00:03,M->M,unknown,
CGTN法语频道,no_media,2021-05-30 13:00:03,2021-06-13 13:02:03,M->M,unknown,
CGTN法语频道,no_media,2021-06-13 13:02:03,2021-10-24 14:40:28,M->M,unknown,
CGTN法语频道,no_media,2021-10-24 14:40:28,2021-10-28 16:57:15,M->M,unknown,
CGTN法语频道,no_media,2021-10-28 16:57:15,2022-02-13 21:00:02,M->M,unknown,
CGTN法语频道,no_media,2022-02-13 21:00:02,2022-05-20 16:18:25,M->M,unknown,
CGTN法语频道,no_media,2022-05-20 16:18:25,2022-12-18 17:19:18,M->M,unknown,
CGTN西班牙语频道,no_media,2020-07-15 18:00:04,2022-11-20 17:12:48,M->M,unknown,
CGTN记者团,no_media,2020-02-19 10:04:57,2020-10-11 12:52:41,M->M,unknown,
CGTN记者团,no_media,2020-10-11 12:52:41,2020-12-11 17:58:00,M->H,unknown,
CGTN记者团,no_media,2020-12-11 17:58:00,2021-01-13 18:03:38,H->M,unknown,
CGTN记者团,no_media,2021-01-13 18:03:38,2021-03-06 10:45:12,M->M,unknown,
CGTN记者团,no_media,2021-03-06 10:45:12,2021-03-07 12:46:32,M->M,unknown,
CGTN记者团,no_media,2021-03-07 12:46:32,2022-09-09 20:48:54,M->M,unknown,
CGTN记者团,no_media,2022-09-09 20:48:54,2022-09-20 14:43:04,M->M,unknown,
CGTN记者团,no_media,2022-09-20 14:43:04,2022-09-22 15:29:41,M->L,unknown,
CGTN记者团,no_media,2022-09-22 15:29:41,2022-09-24 16:13:11,L->M,unknown,
CGTN记者团,no_media,2022-09-24 16:13:11,2022-09-25 15:56:54,M->M,unknown,
Clairebaby1314,no_media,2023-10-25 01:44:00,2023-11-13 19:47:00,H->M,unknown,
Creamy蕉,wemedia_only,2022-09-07 18:08:00,2022-09-07 18:25:00,H->H,risk,1.0
Creamy蕉,wemedia_only,2022-09-07 18:25:00,2022-09-09 03:49:00,H->H,risk,1.0
DB浩浩耗,wemedia_only,2022-01-21 14:36:00,2023-01-28 00:46:00,M->M,risk,1.0
DQ视角,no_media,2022-03-08 21:51:00,2022-03-14 13:56:00,H->M,unknown,
Danny赖,no_media,2022-12-27 20:47:00,2023-02-06 00:32:00,L->L,unknown,
Dhy18372369757,no_media,2023-04-09 16:31:00,2023-06-20 16:50:00,M->M,unknown,
Ellenfish,wemedia_only,2022-03-15 16:18:00,2023-01-03 13:22:00,M->M,norisk,0.0
Eva·Art,no_media,2022-12-21 08:35:00,2022-12-30 22:36:00,L->M,unknown,
Eva·Art,no_media,2022-12-30 22:36:00,2023-01-07 23:43:00,M->L,unknown,
FM93浙江交通之声,no_media,2020-02-14 23:50:00,2020-02-15 08:05:36,M->M,unknown,
FM93浙江交通之声,no_media,2020-02-15 08:05:36,2020-02-17 08:34:03,M->M,unknown,
FM93浙江交通之声,no_media,2020-02-17 08:34:03,2020-02-20 11:30:03,M->M,unknown,
FM93浙江交通之声,no_media,2020-02-20 11:30:03,2020-02-20 18:21:29,M->M,unknown,
FM93浙江交通之声,no_media,2020-02-20 18:21:29,2020-02-21 12:21:03,M->M,unknown,
FM93浙江交通之声,no_media,2020-02-21 12:21:03,2020-02-26 12:15:15,M->M,unknown,
FM93浙江交通之声,no_media,2020-02-26 12:15:15,2020-02-28 13:24:11,M->M,unknown,
FM93浙江交通之声,no_media,2020-02-28 13:24:11,2020-02-28 19:24:03,M->M,unknown,
FM93浙江交通之声,no_media,2020-02-28 19:24:03,2020-03-05 08:55:03,M->M,unknown,
FM93浙江交通之声,no_media,2020-03-05 08:55:03,2020-03-10 08:12:03,M->M,unknown,
FM93浙江交通之声,no_media,2020-03-10 08:12:03,2020-03-18 19:30:04,M->M,unknown,
FM93浙江交通之声,no_media,2020-03-18 19:30:04,2020-06-12 08:23:08,M->M,unknown,
FM93浙江交通之声,no_media,2020-06-12 08:23:08,2021-03-15 16:00:03,M->M,unknown,
FM93浙江交通之声,no_media,2021-03-15 16:00:03,2021-04-17 17:00:03,M->M,unknown,
FM93浙江交通之声,no_media,2021-04-17 17:00:03,2021-08-02 17:30:03,M->M,unknown,
FM93浙江交通之声,no_media,2021-08-02 17:30:03,2021-11-03 09:40:45,M->M,unknown,
FM93浙江交通之声,no_media,2021-11-03 09:40:45,2022-12-16 13:39:09,M->M,unknown,
FM93浙江交通之声,no_media,2022-12-16 13:39:09,2023-03-01 09:21:54,M->M,unknown,
FM955大医生来了,no_media,2023-01-11 14:59:39,2023-01-20 10:56:52,M->M,unknown,
GEM-NMN,no_media,2023-01-02 14:00:00,2023-01-10 13:39:00,M->M,unknown,
GEM-NMN,no_media,2023-01-10 13:39:00,2023-01-11 16:35:00,M->M,unknown,
GEM-NMN,no_media,2023-01-11 16:35:00,2023-01-13 11:27:00,M->M,unknown,
Gemvic,no_media,2023-04-24 15:59:00,2023-08-11 11:06:00,M->H,unknown,
Gorgeous_Hope,no_media,2023-01-14 13:06:00,2023-01-21 06:55:00,M->M,unknown,
Gorgeous_Hope,no_media,2023-01-21 06:55:00,2023-01-22 23:19:00,M->M,unknown,
Gorgeous_Hope,no_media,2023-01-22 23:19:00,2023-02-04 00:40:00,M->M,unknown,
Gorgeous_Hope,no_media,2023-02-04 00:40:00,2023-02-10 20:01:00,M->L,unknown,
Gorgeous_Hope,no_media,2023-02-10 20:01:00,2023-03-31 12:47:00,L->H,unknown,
Gorgeous_Hope,no_media,2023-03-31 12:47:00,2023-04-11 18:18:00,H->M,unknown,
Gorgeous_Hope,no_media,2023-04-11 18:18:00,2023-05-02 21:09:00,M->H,unknown,
Gorgeous_Hope,no_media,2023-05-02 21:09:00,2023-05-07 17:55:00,H->L,unknown,
Gorgeous_Hope,no_media,2023-05-07 17:55:00,2023-05-17 12:35:00,L->M,unknown,
Gorgeous_Hope,no_media,2023-05-17 12:35:00,2023-05-26 20:48:00,M->H,unknown,
Gounun经典,no_media,2022-07-05 08:42:29,2022-12-03 21:59:19,H->M,unknown,
Gounun经典,no_media,2022-12-03 21:59:19,2022-12-07 10:33:51,M->M,unknown,
Gounun经典,no_media,2022-12-07 10:33:51,2022-12-09 10:47:02,M->M,unknown,
Gounun经典,no_media,2022-12-09 10:47:02,2022-12-21 09:17:56,M->M,unknown,
Gounun经典,no_media,2022-12-21 09:17:56,2022-12-21 16:35:22,M->M,unknown,
HRB冰城新闻,no_media,2023-01-12 20:28:24,2024-03-25 09:29:23,M->M,unknown,
HRB冰城新闻,no_media,2024-03-25 09:29:23,2024-06-25 05:59:10,M->M,unknown,
HomeTest丁妈家庭实验室,no_media,2023-01-06 07:43:00,2023-01-24 07:08:00,M->M,unknown,
IStarive,no_media,2022-12-19 20:31:00,2023-01-06 19:42:00,L->L,unknown,
IssacOnly,wemedia_only,2023-02-08 02:02:00,2023-02-11 00:02:00,L->M,risk,1.0
IssacOnly,wemedia_only,2023-02-11 00:02:00,2023-02-11 20:03:00,M->M,norisk,0.0
IssacOnly,wemedia_only,2023-02-11 20:03:00,2023-02-18 15:59:00,M->M,norisk,0.0
IssacOnly,wemedia_only,2023-02-18 15:59:00,2023-07-23 23:32:00,M->L,risk,1.0
JohnnieWalker_,no_media,2023-01-26 11:05:00,2023-01-29 21:44:00,L->L,unknown,
Jokielicious,no_media,2022-09-21 06:44:00,2022-09-28 06:41:00,H->L,unknown,
Jokielicious,no_media,2022-09-28 06:41:00,2022-10-04 17:58:00,L->H,unknown,
Jokielicious,no_media,2022-10-04 17:58:00,2022-11-07 19:32:00,H->M,unknown,
Jokielicious,no_media,2022-11-07 19:32:00,2022-11-07 20:24:00,M->M,unknown,
Kamaria清和,no_media,2022-12-25 17:31:00,2023-01-02 20:53:00,H->H,unknown,
LIFECARE健康,no_media,2022-08-04 14:54:00,2023-01-11 16:44:00,M->H,unknown,
LTV港城365,no_media,2020-02-23 15:57:53,2020-03-08 06:58:37,M->M,unknown,
LTV港城365,no_media,2020-03-08 06:58:37,2023-09-06 10:20:38,M->M,unknown,
LTV港城365,no_media,2023-09-06 10:20:38,2023-12-04 09:40:28,M->M,unknown,
LTV港城365,no_media,2023-12-04 09:40:28,2024-01-16 09:50:58,M->M,unknown,
LTV港城365,no_media,2024-01-16 09:50:58,2024-07-31 10:16:19,M->M,unknown,
LTV港城365,no_media,2024-07-31 10:16:19,2024-08-19 09:35:26,M->M,unknown,
L__-__L,no_media,2023-01-20 15:15:00,2023-02-16 07:34:00,H->L,unknown,
L__-__L,no_media,2023-02-16 07:34:00,2023-08-05 22:06:00,L->L,unknown,
LingelChan,no_media,2023-04-03 17:57:00,2023-04-04 13:12:00,H->H,unknown,
Li了个梨,no_media,2022-12-23 07:43:00,2022-12-23 17:41:00,L->L,unknown,
MNT筋膜空间平衡,no_media,2023-02-08 23:07:00,2023-02-08 23:08:00,M->M,unknown,
MNT筋膜空间平衡,no_media,2023-02-08 23:08:00,2023-02-09 23:14:00,M->M,unknown,
MaoTaiPianzhi茅台片仔癀,dual,2023-06-26 23:28:00,2023-07-22 17:17:00,L->M,unknown,
MaoTaiPianzhi茅台片仔癀,dual,2023-07-22 17:17:00,2023-09-07 12:18:00,M->L,unknown,
MiracleCells干细胞库,no_media,2023-08-23 20:45:00,2023-08-24 12:05:00,M->M,unknown,
MiracleCells干细胞库,no_media,2023-08-24 12:05:00,2023-08-30 10:58:00,M->M,unknown,
MiracleCells干细胞库,no_media,2023-08-30 10:58:00,2023-09-02 15:28:00,M->M,unknown,
MiracleCells干细胞库,no_media,2023-09-02 15:28:00,2023-09-05 08:19:00,M->M,unknown,
MiracleCells干细胞库,no_media,2023-09-05 08:19:00,2023-09-18 11:11:00,M->M,unknown,
MiracleCells干细胞库,no_media,2023-09-18 11:11:00,2023-10-11 09:57:00,M->M,unknown,
Mozakii,no_media,2022-12-18 20:01:00,2022-12-19 20:35:00,L->M,unknown,
MusicFM993,no_media,2022-12-07 14:15:18,2022-12-07 17:18:00,M->M,unknown,
MusicFM993,no_media,2022-12-07 17:18:00,2022-12-09 13:40:16,M->M,unknown,
MusicFM993,no_media,2022-12-09 13:40:16,2022-12-10 23:03:11,M->M,unknown,
NBD视频,no_media,2020-02-21 12:13:11,2022-12-06 23:42:37,M->M,unknown,
NBS十八生活,no_media,2020-04-23 17:37:03,2021-07-27 12:40:42,M->M,unknown,
NBS十八生活,no_media,2021-07-27 12:40:42,2022-05-05 08:46:37,M->M,unknown,
NOWnews今日新闻,no_media,2019-03-01 21:30:03,2019-10-05 15:00:03,M->M,unknown,
NOWnews今日新闻,no_media,2019-10-05 15:00:03,2020-02-09 18:00:03,M->M,unknown,
NOWnews今日新闻,no_media,2020-02-09 18:00:03,2020-02-17 11:15:03,M->M,unknown,
NOWnews今日新闻,no_media,2020-02-17 11:15:03,2020-02-17 13:45:03,M->M,unknown,
NOWnews今日新闻,no_media,2020-02-17 13:45:03,2020-02-19 10:15:03,M->M,unknown,
NOWnews今日新闻,no_media,2020-02-19 10:15:03,2020-02-20 11:00:03,M->M,unknown,
NOWnews今日新闻,no_media,2020-02-20 11:00:03,2020-02-23 16:30:03,M->M,unknown,
NOWnews今日新闻,no_media,2020-02-23 16:30:03,2020-02-23 18:00:03,M->M,unknown,
NOWnews今日新闻,no_media,2020-02-23 18:00:03,2020-02-23 18:58:29,M->M,unknown,
NOWnews今日新闻,no_media,2020-02-23 18:58:29,2020-02-26 13:15:03,M->M,unknown,
NOWnews今日新闻,no_media,2020-02-26 13:15:03,2020-03-05 10:15:29,M->M,unknown,
NOWnews今日新闻,no_media,2020-03-05 10:15:29,2020-03-11 12:00:04,M->M,unknown,
NOWnews今日新闻,no_media,2020-03-11 12:00:04,2020-03-18 13:45:03,M->H,unknown,
NOWnews今日新闻,no_media,2020-03-18 13:45:03,2020-03-20 16:45:03,H->M,unknown,
NOWnews今日新闻,no_media,2020-03-20 16:45:03,2020-04-07 09:30:04,M->M,unknown,
NOWnews今日新闻,no_media,2020-04-07 09:30:04,2020-04-07 12:45:03,M->M,unknown,
NOWnews今日新闻,no_media,2020-04-07 12:45:03,2020-04-10 10:30:04,M->M,unknown,
NOWnews今日新闻,no_media,2020-04-10 10:30:04,2020-04-11 23:45:03,M->M,unknown,
NOWnews今日新闻,no_media,2020-04-11 23:45:03,2020-04-24 16:15:04,M->M,unknown,
NOWnews今日新闻,no_media,2020-04-24 16:15:04,2020-05-07 22:30:03,M->M,unknown,
NOWnews今日新闻,no_media,2020-05-07 22:30:03,2020-06-26 10:15:03,M->M,unknown,
NOWnews今日新闻,no_media,2020-06-26 10:15:03,2020-08-10 09:30:03,M->M,unknown,
NOWnews今日新闻,no_media,2020-08-10 09:30:03,2020-10-05 16:15:03,M->M,unknown,
NOWnews今日新闻,no_media,2020-10-05 16:15:03,2020-10-07 15:00:03,M->M,unknown,
NOWnews今日新闻,no_media,2020-10-07 15:00:03,2020-10-13 13:45:03,M->M,unknown,
NOWnews今日新闻,no_media,2020-10-13 13:45:03,2020-10-16 22:00:04,M->M,unknown,
NOWnews今日新闻,no_media,2020-10-16 22:00:04,2020-12-21 20:00:04,M->M,unknown,
N视频,no_media,2020-02-16 18:59:24,2020-02-27 15:33:33,M->M,unknown,
N视频,no_media,2020-02-27 15:33:33,2020-07-13 08:43:27,M->M,unknown,
N视频,no_media,2020-07-13 08:43:27,2022-01-05 14:01:00,M->M,unknown,
N视频,no_media,2022-01-05 14:01:00,2022-04-16 17:38:24,M->M,unknown,
N视频,no_media,2022-04-16 17:38:24,2022-04-22 21:11:36,M->M,unknown,
N视频,no_media,2022-04-22 21:11:36,2022-05-23 08:51:37,M->M,unknown,
N视频,no_media,2022-05-23 08:51:37,2022-07-12 18:32:46,M->M,unknown,
N视频,no_media,2022-07-12 18:32:46,2022-12-10 21:53:39,M->M,unknown,
N视频,no_media,2022-12-10 21:53:39,2023-01-09 23:22:52,M->M,unknown,
PretendCole,no_media,2023-01-11 15:57:00,2023-01-13 22:16:00,L->L,unknown,
QH岐黄网,no_media,2021-05-15 00:17:27,2021-12-06 19:00:04,L->L,unknown,
QH岐黄网,no_media,2021-12-06 19:00:04,2022-03-18 18:00:08,L->M,unknown,
QH岐黄网,no_media,2022-03-18 18:00:08,2022-03-20 17:50:00,M->M,unknown,
QH岐黄网,no_media,2022-03-20 17:50:00,2022-03-23 14:57:38,M->M,unknown,
QH岐黄网,no_media,2022-03-23 14:57:38,2022-04-01 12:00:06,M->M,unknown,
QH岐黄网,no_media,2022-04-01 12:00:06,2022-05-23 03:50:00,M->M,unknown,
QH岐黄网,no_media,2022-05-23 03:50:00,2022-06-12 15:00:07,M->M,unknown,
QH岐黄网,no_media,2022-06-12 15:00:07,2022-08-02 11:00:01,M->M,unknown,
QH岐黄网,no_media,2022-08-02 11:00:01,2022-08-06 19:58:45,M->M,unknown,
QH岐黄网,no_media,2022-08-06 19:58:45,2022-08-07 19:55:00,M->M,unknown,
QH岐黄网,no_media,2022-08-07 19:55:00,2022-08-12 19:00:45,M->M,unknown,
QH岐黄网,no_media,2022-08-12 19:00:45,2022-08-12 20:15:24,M->M,unknown,
QH岐黄网,no_media,2022-08-12 20:15:24,2022-08-14 20:00:05,M->M,unknown,
QH岐黄网,no_media,2022-08-14 20:00:05,2022-08-19 20:00:16,M->M,unknown,
QH岐黄网,no_media,2022-08-19 20:00:16,2022-08-28 12:00:19,M->M,unknown,
QH岐黄网,no_media,2022-08-28 12:00:19,2022-08-28 20:00:01,M->M,unknown,
QH岐黄网,no_media,2022-08-28 20:00:01,2022-08-30 15:38:51,M->M,unknown,
QH岐黄网,no_media,2022-08-30 15:38:51,2022-10-08 17:30:02,M->M,unknown,
QH岐黄网,no_media,2022-10-08 17:30:02,2022-11-23 12:00:16,M->M,unknown,
QH岐黄网,no_media,2022-11-23 12:00:16,2022-11-23 17:00:28,M->M,unknown,
QH岐黄网,no_media,2022-11-23 17:00:28,2022-11-27 20:00:13,M->M,unknown,
QH岐黄网,no_media,2022-11-27 20:00:13,2022-12-08 11:01:55,M->M,unknown,
QH岐黄网,no_media,2022-12-08 11:01:55,2022-12-17 14:00:10,M->M,unknown,
QH岐黄网,no_media,2022-12-17 14:00:10,2022-12-28 15:00:13,M->M,unknown,
QH岐黄网,no_media,2022-12-28 15:00:13,2023-01-03 16:31:59,M->M,unknown,
QH岐黄网,no_media,2023-01-03 16:31:59,2023-02-20 16:05:27,M->M,unknown,
QH岐黄网,no_media,2023-02-20 16:05:27,2023-03-08 12:00:19,M->M,unknown,
QH岐黄网,no_media,2023-03-08 12:00:19,2023-04-03 15:02:09,M->M,unknown,
QH岐黄网,no_media,2023-04-03 15:02:09,2023-04-24 15:41:07,M->M,unknown,
SARS_VOC_Tracker,no_media,2023-01-14 15:41:00,2023-01-21 01:03:00,M->M,unknown,
SODAsogagaga,no_media,2022-12-28 21:22:00,2022-12-30 11:55:00,L->L,unknown,
SODAsogagaga,no_media,2022-12-30 11:55:00,2022-12-30 19:06:00,L->M,unknown,
SODAsogagaga,no_media,2022-12-30 19:06:00,2023-01-20 14:40:00,M->L,unknown,
SUNSHINE雅雅666,no_media,2023-01-04 04:13:00,2023-01-04 04:15:00,H->H,unknown,
SUNSHINE雅雅666,no_media,2023-01-04 04:15:00,2023-01-07 20:15:00,H->L,unknown,
Seien是一条大咸鱼,no_media,2023-02-08 09:38:00,2023-02-08 11:43:00,H->L,unknown,
V新派网,no_media,2023-01-03 11:40:00,2023-01-04 13:50:00,M->M,unknown,
WS偏执狂,no_media,2022-03-14 12:06:00,2022-03-14 16:22:00,H->M,unknown,
Wuli小小精灵,no_media,2023-06-15 00:57:00,2023-06-18 21:07:00,H->H,unknown,
Y1ZE,no_media,2022-04-26 13:01:00,2022-11-28 23:51:00,M->M,unknown,
Y1ZE,no_media,2022-11-28 23:51:00,2022-12-02 13:36:00,M->M,unknown,
Y1ZE,no_media,2022-12-02 13:36:00,2022-12-19 23:41:00,M->M,unknown,
Y1ZE,no_media,2022-12-19 23:41:00,2022-12-19 23:42:00,M->M,unknown,
YG-iiiiiii,no_media,2022-12-23 21:27:00,2022-12-28 13:02:00,H->M,unknown,
YS_鸭比,no_media,2022-12-27 03:01:00,2022-12-27 20:44:00,H->L,unknown,
ZYZY_1219,no_media,2022-12-10 12:35:00,2022-12-15 14:02:00,M->M,unknown,
Zoe_DD,no_media,2023-02-06 11:43:00,2023-02-10 00:23:00,H->L,unknown,
__睡不醒小姐,no_media,2022-12-27 00:38:00,2023-01-01 22:52:00,L->L,unknown,
_阿阿阿阿阿晶er,wemedia_only,2023-01-03 12:58:00,2023-01-11 01:25:00,L->L,risk,1.0
evanfink西瓜,no_media,2023-01-05 14:37:00,2023-02-26 16:36:00,H->M,unknown,
linger是学渣,no_media,2022-04-26 11:48:00,2022-07-15 07:57:00,H->L,unknown,
loskyyyyloccyy,wemedia_only,2023-01-15 14:37:00,2023-01-15 18:41:00,M->M,norisk,0.5
loskyyyyloccyy,wemedia_only,2023-01-15 18:41:00,2023-01-16 14:57:00,M->M,norisk,0.5
lrine伊琳,wemedia_only,2022-12-29 13:46:00,2023-01-06 00:48:00,L->L,risk,1.0
nan晨露,no_media,2022-12-25 16:07:00,2022-12-30 22:20:00,H->L,unknown,
nipponcom,no_media,2022-03-02 08:15:00,2022-05-15 09:30:00,M->L,unknown,
nipponcom,no_media,2022-05-15 09:30:00,2022-10-12 12:40:00,L->M,unknown,
nipponcom,no_media,2022-10-12 12:40:00,2023-04-05 08:30:00,M->M,unknown,
qmcloud,no_media,2023-01-25 16:22:00,2023-04-07 16:22:00,L->M,unknown,
sanna-sanna,no_media,2022-08-14 06:31:00,2022-08-14 08:48:00,M->M,unknown,
sanna-sanna,no_media,2022-08-14 08:48:00,2022-08-16 10:09:00,M->M,unknown,
sanna-sanna,no_media,2022-08-16 10:09:00,2022-08-17 13:37:00,M->H,unknown,
sanna-sanna,no_media,2022-08-17 13:37:00,2022-08-17 20:03:00,H->M,unknown,
sanna-sanna,no_media,2022-08-17 20:03:00,2022-09-04 11:54:00,M->M,unknown,
sanna-sanna,no_media,2022-09-04 11:54:00,2022-09-07 16:40:00,M->H,unknown,
sanna-sanna,no_media,2022-09-07 16:40:00,2022-09-09 07:32:00,H->M,unknown,
sanna-sanna,no_media,2022-09-09 07:32:00,2022-09-11 12:26:00,M->L,unknown,
sanna-sanna,no_media,2022-09-11 12:26:00,2022-10-13 08:22:00,L->H,unknown,
sanna-sanna,no_media,2022-10-13 08:22:00,2022-11-05 11:29:00,H->M,unknown,
sanna-sanna,no_media,2022-11-05 11:29:00,2022-11-09 07:56:00,M->M,unknown,
sanna-sanna,no_media,2022-11-09 07:56:00,2022-11-09 13:19:00,M->M,unknown,
sanna-sanna,no_media,2022-11-09 13:19:00,2022-11-16 02:16:00,M->M,unknown,
sanna-sanna,no_media,2022-11-16 02:16:00,2022-11-20 08:36:00,M->M,unknown,
sanna-sanna,no_media,2022-11-20 08:36:00,2022-12-01 21:34:00,M->M,unknown,
sanna-sanna,no_media,2022-12-01 21:34:00,2022-12-02 10:17:00,M->M,unknown,
sanna-sanna,no_media,2022-12-02 10:17:00,2022-12-17 15:02:00,M->H,unknown,
xiangxiang713,no_media,2023-01-05 18:26:00,2023-01-05 20:09:00,H->L,unknown,
yayahuhu,no_media,2023-01-19 16:33:00,2023-01-30 10:09:00,M->L,unknown,
zhajiho,no_media,2023-03-18 10:21:00,2024-01-23 07:27:00,M->L,unknown,
zzz宋博嘉,no_media,2023-07-11 22:37:00,2023-09-04 17:14:00,L->L,unknown,
一一界秧农时02610,no_media,2023-05-25 12:29:00,2023-06-03 15:48:00,M->M,unknown,
一个人的街角zt,no_media,2023-01-01 20:28:00,2023-01-09 20:01:00,H->H,unknown,
一团矛盾-中医药探讨,mainstream_only,2023-09-17 08:02:00,2023-10-14 17:52:00,M->M,unknown,
一团矛盾-中医药探讨,mainstream_only,2023-10-14 17:52:00,2023-11-14 15:32:00,M->M,unknown,
一团矛盾-中医药探讨,mainstream_only,2023-11-14 15:32:00,2023-11-15 07:36:00,M->M,unknown,
一团矛盾-中医药探讨,mainstream_only,2023-11-15 07:36:00,2023-11-26 09:13:00,M->M,unknown,
一团矛盾-中医药探讨,mainstream_only,2023-11-26 09:13:00,2023-12-01 09:58:00,M->M,unknown,
一团矛盾-中医药探讨,mainstream_only,2023-12-01 09:58:00,2023-12-11 10:24:00,M->M,unknown,
一团矛盾-中医药探讨,mainstream_only,2023-12-11 10:24:00,2023-12-15 22:39:00,M->M,unknown,
一团矛盾-中医药探讨,mainstream_only,2023-12-15 22:39:00,2023-12-15 22:46:00,M->M,unknown,
一团矛盾-中医药探讨,mainstream_only,2023-12-15 22:46:00,2023-12-27 12:38:00,M->M,unknown,
一团矛盾-中医药探讨,mainstream_only,2023-12-27 12:38:00,2023-12-30 08:12:00,M->M,unknown,
一直呐喊到世界的尽头,no_media,2022-03-14 15:47:00,2022-03-14 16:04:00,M->M,unknown,
一道激光1212,no_media,2022-03-14 17:15:00,2022-03-14 17:41:00,M->M,unknown,
七环视频,no_media,2020-02-11 23:02:03,2020-02-20 15:48:03,M->M,unknown,
七环视频,no_media,2020-02-20 15:48:03,2020-02-24 13:44:03,M->M,unknown,
七环视频,no_media,2020-02-24 13:44:03,2020-02-26 10:29:29,M->M,unknown,
七环视频,no_media,2020-02-26 10:29:29,2020-03-04 20:15:25,M->M,unknown,
七环视频,no_media,2020-03-04 20:15:25,2020-04-23 07:30:04,M->M,unknown,
七环视频,no_media,2020-04-23 07:30:04,2020-05-28 14:42:03,M->M,unknown,
七环视频,no_media,2020-05-28 14:42:03,2021-03-15 18:34:03,M->M,unknown,
七环视频,no_media,2021-03-15 18:34:03,2021-03-30 15:34:03,M->M,unknown,
七环视频,no_media,2021-03-30 15:34:03,2021-12-31 11:15:01,M->M,unknown,
七环视频,no_media,2021-12-31 11:15:01,2022-01-13 11:00:05,M->M,unknown,
七环视频,no_media,2022-01-13 11:00:05,2022-05-13 08:30:06,M->M,unknown,
七环视频,no_media,2022-05-13 08:30:06,2022-10-13 17:30:02,M->M,unknown,
七环视频,no_media,2022-10-13 17:30:02,2022-10-13 19:15:01,M->M,unknown,
七环视频,no_media,2022-10-13 19:15:01,2022-12-09 15:43:21,M->M,unknown,
七环视频,no_media,2022-12-09 15:43:21,2022-12-09 21:20:02,M->M,unknown,
七环视频,no_media,2022-12-09 21:20:02,2022-12-26 12:00:01,M->M,unknown,
七环视频,no_media,2022-12-26 12:00:01,2022-12-26 21:40:02,M->M,unknown,
七环视频,no_media,2022-12-26 21:40:02,2022-12-27 18:00:04,M->M,unknown,
七环视频,no_media,2022-12-27 18:00:04,2023-01-03 18:59:30,M->M,unknown,
七里河发布,no_media,2021-03-05 16:04:24,2021-04-15 16:34:05,M->M,unknown,
七里河发布,no_media,2021-04-15 16:34:05,2021-05-01 13:10:36,M->M,unknown,
七里河发布,no_media,2021-05-01 13:10:36,2021-08-04 15:25:13,M->M,unknown,
七里河发布,no_media,2021-08-04 15:25:13,2021-08-16 11:45:48,M->M,unknown,
七里河发布,no_media,2021-08-16 11:45:48,2021-08-20 14:22:51,M->M,unknown,
七里河发布,no_media,2021-08-20 14:22:51,2022-07-10 16:43:47,M->M,unknown,
七里河发布,no_media,2022-07-10 16:43:47,2022-12-08 09:51:48,M->M,unknown,
七里河发布,no_media,2022-12-08 09:51:48,2023-04-04 11:48:59,M->M,unknown,
七里河发布,no_media,2023-04-04 11:48:59,2023-12-13 16:24:00,M->M,unknown,
七里河发布,no_media,2023-12-13 16:24:00,2023-12-25 09:41:14,M->M,unknown,
万万-max,no_media,2023-08-29 09:02:00,2023-08-31 22:40:00,L->L,unknown,
万万-max,no_media,2023-08-31 22:40:00,2023-09-04 18:22:00,L->M,unknown,
万万-max,no_media,2023-09-04 18:22:00,2023-09-06 09:42:00,M->M,unknown,
万州发布,no_media,2021-02-20 16:58:58,2022-12-05 07:33:32,M->M,unknown,
万州发布,no_media,2022-12-05 07:33:32,2022-12-16 07:21:41,M->M,unknown,
万州发布,no_media,2022-12-16 07:21:41,2022-12-18 12:50:52,M->M,unknown,
万州发布,no_media,2022-12-18 12:50:52,2023-01-13 23:51:31,M->M,unknown,
万州发布,no_media,2023-01-13 23:51:31,2023-05-08 15:48:11,M->M,unknown,
万州发布,no_media,2023-05-08 15:48:11,2023-05-25 11:55:20,M->M,unknown,
万州发布,no_media,2023-05-25 11:55:20,2023-11-25 17:02:24,M->M,unknown,
万州发布,no_media,2023-11-25 17:02:24,2024-01-14 16:11:19,M->M,unknown,
三个老爸实验室,no_media,2022-03-28 17:27:00,2022-05-09 13:58:00,M->M,unknown,
三亚日报,no_media,2021-02-03 11:00:03,2021-02-20 18:45:58,M->M,unknown,
三亚日报,no_media,2021-02-20 18:45:58,2021-04-09 17:52:26,M->M,unknown,
三亚日报,no_media,2021-04-09 17:52:26,2021-04-16 22:32:59,M->M,unknown,
三亚日报,no_media,2021-04-16 22:32:59,2021-10-27 21:34:02,M->M,unknown,
三亚日报,no_media,2021-10-27 21:34:02,2022-12-04 18:00:04,M->M,unknown,
三亚日报,no_media,2022-12-04 18:00:04,2022-12-08 20:10:03,M->M,unknown,
三亚日报,no_media,2022-12-08 20:10:03,2023-01-18 17:40:54,M->M,unknown,
三亚日报,no_media,2023-01-18 17:40:54,2023-03-01 12:58:00,M->M,unknown,
三亚日报,no_media,2023-03-01 12:58:00,2023-05-25 11:19:06,M->M,unknown,
三台交警大队,no_media,2022-04-19 16:48:30,2022-05-26 09:29:32,M->M,unknown,
三峡日报,no_media,2020-02-10 10:27:25,2020-02-18 10:09:51,M->M,unknown,
三峡日报,no_media,2020-02-18 10:09:51,2020-02-18 23:54:59,M->M,unknown,
三峡日报,no_media,2020-02-18 23:54:59,2020-02-19 18:48:33,M->M,unknown,
三峡日报,no_media,2020-02-19 18:48:33,2020-02-19 19:35:58,M->M,unknown,
三峡日报,no_media,2020-02-19 19:35:58,2020-02-19 23:27:16,M->M,unknown,
三峡日报,no_media,2020-02-19 23:27:16,2020-02-20 11:02:12,M->M,unknown,
三峡日报,no_media,2020-02-20 11:02:12,2020-02-21 11:09:37,M->M,unknown,
三峡日报,no_media,2020-02-21 11:09:37,2020-02-23 18:34:05,M->M,unknown,
三峡日报,no_media,2020-02-23 18:34:05,2020-02-28 09:14:06,M->M,unknown,
三峡日报,no_media,2020-02-28 09:14:06,2020-02-28 09:20:25,M->M,unknown,
三峡日报,no_media,2020-02-28 09:20:25,2020-02-29 07:53:13,M->M,unknown,
三峡日报,no_media,2020-02-29 07:53:13,2020-03-01 17:00:12,M->M,unknown,
三峡日报,no_media,2020-03-01 17:00:12,2020-03-13 07:44:35,M->M,unknown,
三峡日报,no_media,2020-03-13 07:44:35,2020-03-16 19:03:18,M->M,unknown,
三峡日报,no_media,2020-03-16 19:03:18,2020-03-18 19:49:23,M->M,unknown,
三峡日报,no_media,2020-03-18 19:49:23,2020-04-14 21:27:24,M->M,unknown,
三峡日报,no_media,2020-04-14 21:27:24,2020-04-16 09:44:44,M->M,unknown,
三峡日报,no_media,2020-04-16 09:44:44,2020-04-17 16:52:16,M->M,unknown,
三峡日报,no_media,2020-04-17 16:52:16,2020-04-21 17:16:08,M->M,unknown,
三峡日报,no_media,2020-04-21 17:16:08,2020-04-23 16:27:36,M->M,unknown,
三峡日报,no_media,2020-04-23 16:27:36,2020-06-12 08:27:48,M->M,unknown,
三峡日报,no_media,2020-06-12 08:27:48,2020-09-30 11:39:40,M->M,unknown,
三峡日报,no_media,2020-09-30 11:39:40,2021-03-08 21:42:12,M->M,unknown,
三峡日报,no_media,2021-03-08 21:42:12,2021-04-29 20:01:01,M->M,unknown,
三峡日报,no_media,2021-04-29 20:01:01,2021-07-27 19:11:17,M->M,unknown,
三峡日报,no_media,2021-07-27 19:11:17,2021-08-11 20:30:23,M->M,unknown,
三峡日报,no_media,2021-08-11 20:30:23,2021-10-11 00:11:59,M->M,unknown,
三峡日报,no_media,2021-10-11 00:11:59,2022-04-26 07:50:04,M->M,unknown,
三峡日报,no_media,2022-04-26 07:50:04,2022-04-28 07:47:15,M->M,unknown,
三峡日报,no_media,2022-04-28 07:47:15,2022-05-05 08:34:31,M->M,unknown,
三峡日报,no_media,2022-05-05 08:34:31,2022-05-09 08:02:01,M->M,unknown,
三峡日报,no_media,2022-05-09 08:02:01,2022-05-13 07:50:36,M->M,unknown,
三峡日报,no_media,2022-05-13 07:50:36,2022-06-03 00:51:11,M->M,unknown,
三峡日报,no_media,2022-06-03 00:51:11,2023-02-08 22:48:53,M->M,unknown,
三峡日报,no_media,2023-02-08 22:48:53,2023-03-23 11:06:31,M->M,unknown,
三思逍遥,no_media,2022-03-14 16:37:00,2022-06-14 10:54:00,M->M,unknown,
三思逍遥,no_media,2022-06-14 10:54:00,2022-07-26 12:35:00,M->M,unknown,
三思逍遥,no_media,2022-07-26 12:35:00,2022-08-15 09:34:00,M->M,unknown,
三思逍遥,no_media,2022-08-15 09:34:00,2022-08-26 22:30:00,M->M,unknown,
三思逍遥,no_media,2022-08-26 22:30:00,2022-08-30 18:06:00,M->M,unknown,
三思逍遥,no_media,2022-08-30 18:06:00,2022-08-31 11:49:00,M->M,unknown,
三思逍遥,no_media,2022-08-31 11:49:00,2022-09-14 14:48:00,M->M,unknown,
三思逍遥,no_media,2022-09-14 14:48:00,2022-10-09 09:03:00,M->M,unknown,
三思逍遥,no_media,2022-10-09 09:03:00,2022-10-13 10:03:00,M->M,unknown,
三思逍遥,no_media,2022-10-13 10:03:00,2023-02-26 16:43:00,M->M,unknown,
三思逍遥,no_media,2023-02-26 16:43:00,2023-08-26 11:59:00,M->M,unknown,
三明日报,no_media,2020-03-04 10:57:25,2021-02-20 15:57:44,M->M,unknown,
三明日报,no_media,2021-02-20 15:57:44,2021-07-21 09:39:09,M->M,unknown,
三明日报,no_media,2021-07-21 09:39:09,2021-07-22 09:27:31,M->M,unknown,
三明日报,no_media,2021-07-22 09:27:31,2022-12-30 12:10:04,M->M,unknown,
三明日报,no_media,2022-12-30 12:10:04,2024-03-18 22:43:30,M->M,unknown,
三水之诗,no_media,2023-01-18 22:00:00,2023-01-23 00:33:00,H->L,unknown,
三水之诗,no_media,2023-01-23 00:33:00,2023-01-26 23:15:00,L->L,unknown,
三福耳耳,no_media,2022-03-14 12:40:00,2022-03-14 15:55:00,M->M,unknown,
三秦都市报,no_media,2020-02-20 09:41:48,2021-01-07 22:25:09,M->M,unknown,
三秦都市报,no_media,2021-01-07 22:25:09,2021-03-15 10:15:13,M->M,unknown,
三秦都市报,no_media,2021-03-15 10:15:13,2021-04-09 21:30:03,M->M,unknown,
三秦都市报,no_media,2021-04-09 21:30:03,2021-04-21 14:54:29,M->M,unknown,
三秦都市报,no_media,2021-04-21 14:54:29,2021-08-03 14:48:42,M->M,unknown,
三秦都市报,no_media,2021-08-03 14:48:42,2021-08-03 17:05:19,M->M,unknown,
三秦都市报,no_media,2021-08-03 17:05:19,2021-10-28 18:46:17,M->M,unknown,
三秦都市报,no_media,2021-10-28 18:46:17,2021-12-25 22:21:07,M->M,unknown,
三秦都市报,no_media,2021-12-25 22:21:07,2022-01-06 17:58:23,M->M,unknown,
三秦都市报,no_media,2022-01-06 17:58:23,2022-01-12 09:53:09,M->M,unknown,
三秦都市报,no_media,2022-01-12 09:53:09,2022-03-12 13:54:00,M->M,unknown,
三秦都市报,no_media,2022-03-12 13:54:00,2022-03-14 13:28:00,M->M,unknown,
三秦都市报,no_media,2022-03-14 13:28:00,2022-03-14 13:28:22,M->M,unknown,
三秦都市报,no_media,2022-03-14 13:28:22,2022-03-24 08:32:49,M->M,unknown,
三秦都市报,no_media,2022-03-24 08:32:49,2022-04-04 13:45:15,M->M,unknown,
三秦都市报,no_media,2022-04-04 13:45:15,2022-04-22 18:51:32,M->M,unknown,
三秦都市报,no_media,2022-04-22 18:51:32,2022-05-10 08:18:09,M->M,unknown,
三秦都市报,no_media,2022-05-10 08:18:09,2022-05-24 08:28:28,M->M,unknown,
三秦都市报,no_media,2022-05-24 08:28:28,2022-11-19 09:27:29,M->M,unknown,
三秦都市报,no_media,2022-11-19 09:27:29,2023-01-02 10:17:03,M->M,unknown,
三秦都市报,no_media,2023-01-02 10:17:03,2023-01-10 23:09:27,M->M,unknown,
三联生活周刊,no_media,2020-10-20 18:05:04,2021-04-14 12:42:45,M->M,unknown,
三联生活周刊,no_media,2021-04-14 12:42:45,2021-06-25 22:00:03,M->M,unknown,
三联生活周刊,no_media,2021-06-25 22:00:03,2022-03-24 18:34:09,M->M,unknown,
三联生活周刊,no_media,2022-03-24 18:34:09,2022-04-17 13:17:51,M->M,unknown,
三联生活周刊,no_media,2022-04-17 13:17:51,2022-04-23 07:54:40,M->M,unknown,
三联生活周刊,no_media,2022-04-23 07:54:40,2022-04-23 14:21:09,M->M,unknown,
三联生活周刊,no_media,2022-04-23 14:21:09,2022-04-24 07:52:04,M->M,unknown,
三联生活周刊,no_media,2022-04-24 07:52:04,2022-04-24 10:17:03,M->M,unknown,
三联生活周刊,no_media,2022-04-24 10:17:03,2022-04-27 22:00:01,M->M,unknown,
三联生活周刊,no_media,2022-04-27 22:00:01,2022-04-28 07:51:01,M->M,unknown,
三联生活周刊,no_media,2022-04-28 07:51:01,2022-04-28 10:39:42,M->M,unknown,
三联生活周刊,no_media,2022-04-28 10:39:42,2022-04-28 16:12:31,M->M,unknown,
三联生活周刊,no_media,2022-04-28 16:12:31,2022-05-01 07:49:41,M->M,unknown,
三联生活周刊,no_media,2022-05-01 07:49:41,2022-05-04 07:49:45,M->M,unknown,
三联生活周刊,no_media,2022-05-04 07:49:45,2022-05-05 07:51:28,M->M,unknown,
三联生活周刊,no_media,2022-05-05 07:51:28,2022-05-06 07:57:29,M->M,unknown,
三联生活周刊,no_media,2022-05-06 07:57:29,2022-05-07 07:58:59,M->M,unknown,
三联生活周刊,no_media,2022-05-07 07:58:59,2022-05-08 08:02:41,M->M,unknown,
三联生活周刊,no_media,2022-05-08 08:02:41,2022-05-09 07:50:32,M->M,unknown,
三联生活周刊,no_media,2022-05-09 07:50:32,2022-05-11 08:07:08,M->M,unknown,
三联生活周刊,no_media,2022-05-11 08:07:08,2022-05-12 07:52:28,M->M,unknown,
三联生活周刊,no_media,2022-05-12 07:52:28,2022-05-13 08:25:49,M->M,unknown,
三联生活周刊,no_media,2022-05-13 08:25:49,2022-05-14 08:01:40,M->M,unknown,
三联生活周刊,no_media,2022-05-14 08:01:40,2022-05-15 07:54:47,M->M,unknown,
三联生活周刊,no_media,2022-05-15 07:54:47,2022-05-16 07:48:42,M->M,unknown,
三联生活周刊,no_media,2022-05-16 07:48:42,2022-05-18 07:48:01,M->M,unknown,
三联生活周刊,no_media,2022-05-18 07:48:01,2022-05-19 16:27:30,M->M,unknown,
三联生活周刊,no_media,2022-05-19 16:27:30,2022-05-22 07:52:20,M->M,unknown,
三联生活周刊,no_media,2022-05-22 07:52:20,2022-05-26 07:47:43,M->M,unknown,
三联生活周刊,no_media,2022-05-26 07:47:43,2022-10-25 18:21:32,M->M,unknown,
三联生活周刊,no_media,2022-10-25 18:21:32,2022-11-21 18:55:47,M->M,unknown,
三联生活周刊,no_media,2022-11-21 18:55:47,2022-12-01 11:39:56,M->M,unknown,
三联生活周刊,no_media,2022-12-01 11:39:56,2022-12-04 09:22:33,M->M,unknown,
三联生活周刊,no_media,2022-12-04 09:22:33,2022-12-04 18:12:39,M->M,unknown,
三联生活周刊,no_media,2022-12-04 18:12:39,2022-12-08 18:50:00,M->M,unknown,
三联生活周刊,no_media,2022-12-08 18:50:00,2022-12-16 20:31:25,M->M,unknown,
三联生活周刊,no_media,2022-12-16 20:31:25,2022-12-18 12:04:07,M->M,unknown,
三联生活周刊,no_media,2022-12-18 12:04:07,2022-12-18 19:40:01,M->M,unknown,
三联生活周刊,no_media,2022-12-18 19:40:01,2022-12-22 21:47:25,M->M,unknown,
三联生活周刊,no_media,2022-12-22 21:47:25,2022-12-28 18:45:00,M->M,unknown,
三联生活周刊,no_media,2022-12-28 18:45:00,2023-01-02 10:42:20,M->M,unknown,
三联生活周刊,no_media,2023-01-02 10:42:20,2023-01-03 22:12:50,M->M,unknown,
三联生活周刊,no_media,2023-01-03 22:12:50,2023-01-13 20:53:59,M->M,unknown,
三联生活周刊,no_media,2023-01-13 20:53:59,2023-01-13 21:53:37,M->M,unknown,
三联生活周刊,no_media,2023-01-13 21:53:37,2023-01-18 15:31:04,M->M,unknown,
三联生活周刊,no_media,2023-01-18 15:31:04,2023-01-21 11:40:31,M->M,unknown,
三联生活周刊,no_media,2023-01-21 11:40:31,2023-03-01 09:36:40,M->M,unknown,
三联生活周刊,no_media,2023-03-01 09:36:40,2023-03-20 12:06:06,M->M,unknown,
三联生活周刊,no_media,2023-03-20 12:06:06,2023-04-12 20:42:09,M->M,unknown,
三联生活周刊,no_media,2023-04-12 20:42:09,2023-06-02 07:50:42,M->M,unknown,
三联生活周刊,no_media,2023-06-02 07:50:42,2023-06-02 08:42:20,M->M,unknown,
三联生活周刊,no_media,2023-06-02 08:42:20,2023-10-16 09:50:21,M->M,unknown,
三联生活周刊,no_media,2023-10-16 09:50:21,2023-12-06 18:08:24,M->M,unknown,
三联生活周刊,no_media,2023-12-06 18:08:24,2023-12-09 21:15:42,M->M,unknown,
三联生活周刊,no_media,2023-12-09 21:15:42,2023-12-14 13:20:02,M->M,unknown,
三联生活周刊,no_media,2023-12-14 13:20:02,2024-07-05 15:12:34,M->M,unknown,
三联生活周刊,no_media,2024-07-05 15:12:34,2024-08-15 09:13:49,M->M,unknown,
上海体育发布,no_media,2020-03-01 17:41:57,2021-01-01 19:04:28,M->M,unknown,
上海体育发布,no_media,2021-01-01 19:04:28,2021-10-10 17:35:00,M->M,unknown,
上海体育发布,no_media,2021-10-10 17:35:00,2022-11-15 10:40:00,M->M,unknown,
上海体育发布,no_media,2022-11-15 10:40:00,2022-12-07 14:14:02,M->M,unknown,
上海体育发布,no_media,2022-12-07 14:14:02,2022-12-12 17:54:46,M->M,unknown,
上海反邪教,no_media,2021-02-26 10:02:39,2022-07-24 11:13:24,M->M,unknown,
上海反邪教,no_media,2022-07-24 11:13:24,2023-01-10 10:50:00,M->M,unknown,
上海反邪教,no_media,2023-01-10 10:50:00,2023-02-08 11:40:01,M->M,unknown,
上海发布,no_media,2020-02-07 21:21:14,2020-02-29 16:34:56,M->M,unknown,
上海发布,no_media,2020-02-29 16:34:56,2020-05-20 14:48:05,M->M,unknown,
上海发布,no_media,2020-05-20 14:48:05,2021-03-24 21:34:55,M->M,unknown,
上海发布,no_media,2021-03-24 21:34:55,2021-04-01 17:46:42,M->M,unknown,
上海发布,no_media,2021-04-01 17:46:42,2021-05-25 18:26:26,M->M,unknown,
上海发布,no_media,2021-05-25 18:26:26,2021-12-10 20:09:31,M->M,unknown,
上海发布,no_media,2021-12-10 20:09:31,2022-04-02 10:16:20,M->M,unknown,
上海发布,no_media,2022-04-02 10:16:20,2022-04-17 10:34:13,M->M,unknown,
上海发布,no_media,2022-04-17 10:34:13,2022-04-23 10:14:21,M->M,unknown,
上海发布,no_media,2022-04-23 10:14:21,2022-04-24 10:20:46,M->M,unknown,
上海发布,no_media,2022-04-24 10:20:46,2022-04-25 10:11:20,M->M,unknown,
上海发布,no_media,2022-04-25 10:11:20,2022-04-26 10:19:22,M->M,unknown,
上海发布,no_media,2022-04-26 10:19:22,2022-04-27 10:28:50,M->M,unknown,
上海发布,no_media,2022-04-27 10:28:50,2022-04-28 10:25:16,M->M,unknown,
上海发布,no_media,2022-04-28 10:25:16,2022-04-29 10:43:38,M->M,unknown,
上海发布,no_media,2022-04-29 10:43:38,2022-04-30 10:12:38,M->M,unknown,
上海发布,no_media,2022-04-30 10:12:38,2022-05-01 10:45:03,M->M,unknown,
上海发布,no_media,2022-05-01 10:45:03,2022-05-02 10:52:26,M->M,unknown,
上海发布,no_media,2022-05-02 10:52:26,2022-05-03 10:12:27,M->M,unknown,
上海发布,no_media,2022-05-03 10:12:27,2022-05-04 11:05:42,M->M,unknown,
上海发布,no_media,2022-05-04 11:05:42,2022-05-05 10:28:11,M->M,unknown,
上海发布,no_media,2022-05-05 10:28:11,2022-05-06 11:02:36,M->M,unknown,
上海发布,no_media,2022-05-06 11:02:36,2022-05-07 10:48:29,M->M,unknown,
上海发布,no_media,2022-05-07 10:48:29,2022-05-08 10:13:13,M->M,unknown,
上海发布,no_media,2022-05-08 10:13:13,2022-05-09 10:19:49,M->M,unknown,
上海发布,no_media,2022-05-09 10:19:49,2022-05-10 10:27:33,M->M,unknown,
上海发布,no_media,2022-05-10 10:27:33,2022-05-11 10:12:38,M->M,unknown,
上海发布,no_media,2022-05-11 10:12:38,2022-05-12 10:46:36,M->M,unknown,
上海发布,no_media,2022-05-12 10:46:36,2022-05-13 10:54:56,M->M,unknown,
上海发布,no_media,2022-05-13 10:54:56,2022-05-14 10:30:23,M->M,unknown,
上海发布,no_media,2022-05-14 10:30:23,2022-05-15 10:45:23,M->M,unknown,
上海发布,no_media,2022-05-15 10:45:23,2022-05-16 10:44:23,M->M,unknown,
上海发布,no_media,2022-05-16 10:44:23,2022-05-18 10:21:02,M->M,unknown,
上海发布,no_media,2022-05-18 10:21:02,2022-05-22 10:16:52,M->M,unknown,
上海发布,no_media,2022-05-22 10:16:52,2022-05-24 10:27:51,M->M,unknown,
上海发布,no_media,2022-05-24 10:27:51,2022-05-26 10:26:43,M->M,unknown,
上海发布,no_media,2022-05-26 10:26:43,2022-06-23 17:27:40,M->M,unknown,
上海发布,no_media,2022-06-23 17:27:40,2022-06-28 23:21:04,M->M,unknown,
上海发布,no_media,2022-06-28 23:21:04,2022-07-25 19:37:00,M->M,unknown,
上海发布,no_media,2022-07-25 19:37:00,2022-07-27 21:42:44,M->M,unknown,
上海发布,no_media,2022-07-27 21:42:44,2022-12-07 14:03:14,M->M,unknown,
上海发布,no_media,2022-12-07 14:03:14,2022-12-07 14:09:01,M->M,unknown,
上海发布,no_media,2022-12-07 14:09:01,2022-12-21 10:03:42,M->M,unknown,
上海发布,no_media,2022-12-21 10:03:42,2023-01-17 19:31:56,M->M,unknown,
上海奉贤发布,no_media,2020-02-22 18:31:54,2020-03-18 18:54:22,M->M,unknown,
上海奉贤发布,no_media,2020-03-18 18:54:22,2020-05-20 14:58:08,M->M,unknown,
上海奉贤发布,no_media,2020-05-20 14:58:08,2021-04-09 15:33:14,M->M,unknown,
上海奉贤发布,no_media,2021-04-09 15:33:14,2021-12-10 20:59:12,M->M,unknown,
上海奉贤发布,no_media,2021-12-10 20:59:12,2022-03-27 12:57:05,M->M,unknown,
上海奉贤发布,no_media,2022-03-27 12:57:05,2022-04-02 23:30:47,M->M,unknown,
上海奉贤发布,no_media,2022-04-02 23:30:47,2022-04-17 11:14:33,M->M,unknown,
上海奉贤发布,no_media,2022-04-17 11:14:33,2022-04-17 14:42:38,M->M,unknown,
上海奉贤发布,no_media,2022-04-17 14:42:38,2022-04-18 10:59:48,M->M,unknown,
上海奉贤发布,no_media,2022-04-18 10:59:48,2022-04-19 12:01:28,M->M,unknown,
上海奉贤发布,no_media,2022-04-19 12:01:28,2022-04-23 10:53:40,M->M,unknown,
上海奉贤发布,no_media,2022-04-23 10:53:40,2022-04-27 12:48:47,M->M,unknown,
上海奉贤发布,no_media,2022-04-27 12:48:47,2022-04-28 10:39:35,M->M,unknown,
上海奉贤发布,no_media,2022-04-28 10:39:35,2022-04-28 13:09:16,M->M,unknown,
上海奉贤发布,no_media,2022-04-28 13:09:16,2022-04-29 11:39:18,M->M,unknown,
上海奉贤发布,no_media,2022-04-29 11:39:18,2022-04-30 11:11:59,M->M,unknown,
上海奉贤发布,no_media,2022-04-30 11:11:59,2022-05-01 10:51:35,M->M,unknown,
上海奉贤发布,no_media,2022-05-01 10:51:35,2022-05-03 10:23:55,M->M,unknown,
上海奉贤发布,no_media,2022-05-03 10:23:55,2022-05-07 13:13:28,M->M,unknown,
上海奉贤发布,no_media,2022-05-07 13:13:28,2022-05-08 10:23:02,M->M,unknown,
上海奉贤发布,no_media,2022-05-08 10:23:02,2022-05-09 10:47:41,M->M,unknown,
上海奉贤发布,no_media,2022-05-09 10:47:41,2022-05-11 10:49:03,M->M,unknown,
上海奉贤发布,no_media,2022-05-11 10:49:03,2022-05-12 11:00:24,M->M,unknown,
上海奉贤发布,no_media,2022-05-12 11:00:24,2022-05-13 16:19:30,M->M,unknown,
上海奉贤发布,no_media,2022-05-13 16:19:30,2022-05-15 11:57:13,M->M,unknown,
上海奉贤发布,no_media,2022-05-15 11:57:13,2022-05-16 16:29:02,M->M,unknown,
上海奉贤发布,no_media,2022-05-16 16:29:02,2022-05-18 12:20:35,M->M,unknown,
上海奉贤发布,no_media,2022-05-18 12:20:35,2022-05-22 12:57:52,M->M,unknown,
上海奉贤发布,no_media,2022-05-22 12:57:52,2022-05-24 11:39:10,M->M,unknown,
上海奉贤发布,no_media,2022-05-24 11:39:10,2022-06-05 21:58:31,M->M,unknown,
上海奉贤发布,no_media,2022-06-05 21:58:31,2022-06-17 20:29:51,M->M,unknown,
上海奉贤发布,no_media,2022-06-17 20:29:51,2022-06-22 14:27:46,M->M,unknown,
上海奉贤发布,no_media,2022-06-22 14:27:46,2022-06-23 17:32:37,M->M,unknown,
上海奉贤发布,no_media,2022-06-23 17:32:37,2022-06-29 19:19:15,M->M,unknown,
上海奉贤发布,no_media,2022-06-29 19:19:15,2022-06-30 08:13:26,M->M,unknown,
上海奉贤发布,no_media,2022-06-30 08:13:26,2022-07-24 08:52:21,M->M,unknown,
上海奉贤发布,no_media,2022-07-24 08:52:21,2022-07-27 21:47:00,M->M,unknown,
上海奉贤发布,no_media,2022-07-27 21:47:00,2022-12-07 14:17:00,M->M,unknown,
上海奉贤发布,no_media,2022-12-07 14:17:00,2022-12-07 14:17:17,M->M,unknown,
上海奉贤发布,no_media,2022-12-07 14:17:17,2022-12-15 20:20:17,M->M,unknown,
上海奉贤发布,no_media,2022-12-15 20:20:17,2022-12-18 11:38:18,M->M,unknown,
上海奉贤发布,no_media,2022-12-18 11:38:18,2022-12-21 21:15:28,M->M,unknown,
上海奉贤发布,no_media,2022-12-21 21:15:28,2022-12-24 21:47:19,M->M,unknown,
上海奉贤发布,no_media,2022-12-24 21:47:19,2023-01-04 09:24:43,M->M,unknown,
上海奉贤发布,no_media,2023-01-04 09:24:43,2023-01-09 14:59:47,M->H,unknown,
上海奉贤发布,no_media,2023-01-09 14:59:47,2023-02-09 14:38:16,H->M,unknown,
上海奉贤发布,no_media,2023-02-09 14:38:16,2023-09-16 21:47:40,M->M,unknown,
上海宝山发布,no_media,2020-02-07 21:22:57,2020-02-20 11:15:55,M->M,unknown,
上海宝山发布,no_media,2020-02-20 11:15:55,2020-02-23 18:40:59,M->M,unknown,
上海宝山发布,no_media,2020-02-23 18:40:59,2020-02-26 20:45:35,M->M,unknown,
上海宝山发布,no_media,2020-02-26 20:45:35,2020-02-29 14:43:55,M->M,unknown,
上海宝山发布,no_media,2020-02-29 14:43:55,2020-02-29 15:51:32,M->M,unknown,
上海宝山发布,no_media,2020-02-29 15:51:32,2020-03-07 12:22:18,M->M,unknown,
上海宝山发布,no_media,2020-03-07 12:22:18,2020-03-18 19:31:39,M->M,unknown,
上海宝山发布,no_media,2020-03-18 19:31:39,2020-04-14 22:34:22,M->M,unknown,
上海宝山发布,no_media,2020-04-14 22:34:22,2020-04-23 15:55:29,M->M,unknown,
上海宝山发布,no_media,2020-04-23 15:55:29,2021-01-07 21:25:23,M->M,unknown,
上海宝山发布,no_media,2021-01-07 21:25:23,2021-01-08 12:20:35,M->M,unknown,
上海宝山发布,no_media,2021-01-08 12:20:35,2021-02-26 10:25:57,M->M,unknown,
上海宝山发布,no_media,2021-02-26 10:25:57,2021-03-24 22:07:01,M->M,unknown,
上海宝山发布,no_media,2021-03-24 22:07:01,2021-05-25 20:08:42,M->M,unknown,
上海宝山发布,no_media,2021-05-25 20:08:42,2021-08-03 14:58:41,M->M,unknown,
上海宝山发布,no_media,2021-08-03 14:58:41,2022-05-15 10:49:30,M->M,unknown,
上海宝山发布,no_media,2022-05-15 10:49:30,2022-06-15 14:30:08,M->M,unknown,
上海宝山发布,no_media,2022-06-15 14:30:08,2022-06-23 18:28:21,M->M,unknown,
上海宝山发布,no_media,2022-06-23 18:28:21,2022-07-24 12:09:30,M->M,unknown,
上海宝山发布,no_media,2022-07-24 12:09:30,2022-12-07 18:30:03,M->M,unknown,
上海宝山发布,no_media,2022-12-07 18:30:03,2022-12-15 17:26:18,M->M,unknown,
上海宝山发布,no_media,2022-12-15 17:26:18,2023-01-03 19:03:48,M->M,unknown,
上海工会发布,no_media,2022-04-13 18:25:49,2022-04-25 08:03:51,M->M,unknown,
上海工会发布,no_media,2022-04-25 08:03:51,2022-04-26 09:19:59,M->M,unknown,
上海工会发布,no_media,2022-04-26 09:19:59,2022-04-27 10:39:56,M->M,unknown,
上海工会发布,no_media,2022-04-27 10:39:56,2022-04-28 08:09:06,M->M,unknown,
上海工会发布,no_media,2022-04-28 08:09:06,2022-05-04 08:03:23,M->M,unknown,
上海工会发布,no_media,2022-05-04 08:03:23,2022-05-08 08:10:41,M->M,unknown,
上海工会发布,no_media,2022-05-08 08:10:41,2022-05-11 07:58:55,M->M,unknown,
上海工会发布,no_media,2022-05-11 07:58:55,2022-05-22 08:21:42,M->M,unknown,
上海工会发布,no_media,2022-05-22 08:21:42,2023-05-08 19:01:15,M->M,unknown,
上海徐汇发布,no_media,2020-02-20 11:00:19,2020-03-04 15:30:06,M->M,unknown,
上海徐汇发布,no_media,2020-03-04 15:30:06,2020-03-07 21:24:22,M->M,unknown,
上海徐汇发布,no_media,2020-03-07 21:24:22,2020-11-25 09:05:48,M->M,unknown,
上海徐汇发布,no_media,2020-11-25 09:05:48,2021-03-15 15:03:22,M->M,unknown,
上海徐汇发布,no_media,2021-03-15 15:03:22,2021-08-02 17:32:03,M->M,unknown,
上海徐汇发布,no_media,2021-08-02 17:32:03,2021-12-11 18:58:18,M->M,unknown,
上海徐汇发布,no_media,2021-12-11 18:58:18,2022-04-05 17:07:33,M->M,unknown,
上海徐汇发布,no_media,2022-04-05 17:07:33,2022-04-19 17:53:42,M->M,unknown,
上海徐汇发布,no_media,2022-04-19 17:53:42,2022-05-03 09:10:34,M->M,unknown,
上海徐汇发布,no_media,2022-05-03 09:10:34,2022-05-11 10:08:05,M->M,unknown,
上海徐汇发布,no_media,2022-05-11 10:08:05,2022-06-07 09:43:15,M->M,unknown,
上海徐汇发布,no_media,2022-06-07 09:43:15,2022-06-14 16:12:51,M->M,unknown,
上海徐汇发布,no_media,2022-06-14 16:12:51,2022-06-14 22:20:35,M->M,unknown,
上海徐汇发布,no_media,2022-06-14 22:20:35,2022-06-23 09:19:13,M->M,unknown,
上海徐汇发布,no_media,2022-06-23 09:19:13,2022-06-24 20:18:05,M->M,unknown,
上海徐汇发布,no_media,2022-06-24 20:18:05,2022-06-24 20:21:45,M->M,unknown,
上海徐汇发布,no_media,2022-06-24 20:21:45,2022-06-28 09:41:33,M->M,unknown,
上海徐汇发布,no_media,2022-06-28 09:41:33,2022-07-24 09:44:00,M->M,unknown,
上海徐汇发布,no_media,2022-07-24 09:44:00,2022-07-27 22:07:49,M->M,unknown,
上海徐汇发布,no_media,2022-07-27 22:07:49,2022-08-24 09:27:28,M->M,unknown,
上海徐汇发布,no_media,2022-08-24 09:27:28,2022-08-27 11:35:30,M->M,unknown,
上海徐汇发布,no_media,2022-08-27 11:35:30,2022-10-26 09:28:45,M->M,unknown,
上海徐汇发布,no_media,2022-10-26 09:28:45,2022-11-15 09:26:27,M->M,unknown,
上海徐汇发布,no_media,2022-11-15 09:26:27,2022-12-15 17:37:00,M->M,unknown,
上海徐汇发布,no_media,2022-12-15 17:37:00,2023-01-02 08:16:38,M->M,unknown,
上海徐汇发布,no_media,2023-01-02 08:16:38,2023-01-03 08:49:17,M->M,unknown,
上海徐汇发布,no_media,2023-01-03 08:49:17,2023-01-18 16:27:50,M->M,unknown,
上海徐汇发布,no_media,2023-01-18 16:27:50,2023-02-08 10:05:47,M->M,unknown,
上海徐汇发布,no_media,2023-02-08 10:05:47,2023-02-08 20:13:16,M->M,unknown,
上海徐汇发布,no_media,2023-02-08 20:13:16,2023-03-09 10:16:33,M->M,unknown,
上海松江发布,no_media,2020-03-18 19:15:32,2021-01-07 21:27:20,M->M,unknown,
上海松江发布,no_media,2021-01-07 21:27:20,2021-01-22 22:04:22,M->M,unknown,
上海松江发布,no_media,2021-01-22 22:04:22,2021-04-01 19:14:06,M->M,unknown,
上海松江发布,no_media,2021-04-01 19:14:06,2021-04-13 10:16:01,M->M,unknown,
上海松江发布,no_media,2021-04-13 10:16:01,2021-08-03 14:45:37,M->M,unknown,
上海松江发布,no_media,2021-08-03 14:45:37,2021-12-10 20:29:19,M->M,unknown,
上海松江发布,no_media,2021-12-10 20:29:19,2022-04-02 10:27:11,M->M,unknown,
上海松江发布,no_media,2022-04-02 10:27:11,2022-04-13 10:57:23,M->M,unknown,
上海松江发布,no_media,2022-04-13 10:57:23,2022-04-17 12:52:27,M->M,unknown,
上海松江发布,no_media,2022-04-17 12:52:27,2022-04-19 11:41:08,M->M,unknown,
上海松江发布,no_media,2022-04-19 11:41:08,2022-04-19 11:54:23,M->M,unknown,
上海松江发布,no_media,2022-04-19 11:54:23,2022-04-23 10:20:23,M->M,unknown,
上海松江发布,no_media,2022-04-23 10:20:23,2022-04-23 10:51:10,M->M,unknown,
上海松江发布,no_media,2022-04-23 10:51:10,2022-04-25 10:14:16,M->M,unknown,
上海松江发布,no_media,2022-04-25 10:14:16,2022-04-25 10:46:15,M->M,unknown,
上海松江发布,no_media,2022-04-25 10:46:15,2022-04-26 10:37:54,M->M,unknown,
上海松江发布,no_media,2022-04-26 10:37:54,2022-04-27 10:37:49,M->M,unknown,
上海松江发布,no_media,2022-04-27 10:37:49,2022-04-28 10:40:53,M->M,unknown,
上海松江发布,no_media,2022-04-28 10:40:53,2022-05-01 10:59:25,M->M,unknown,
上海松江发布,no_media,2022-05-01 10:59:25,2022-05-03 14:14:34,M->M,unknown,
上海松江发布,no_media,2022-05-03 14:14:34,2022-05-04 08:00:32,M->M,unknown,
上海松江发布,no_media,2022-05-04 08:00:32,2022-05-04 13:43:05,M->M,unknown,
上海松江发布,no_media,2022-05-04 13:43:05,2022-05-04 13:43:44,M->M,unknown,
上海松江发布,no_media,2022-05-04 13:43:44,2022-05-06 12:53:39,M->M,unknown,
上海松江发布,no_media,2022-05-06 12:53:39,2022-05-07 14:27:31,M->M,unknown,
上海松江发布,no_media,2022-05-07 14:27:31,2022-05-09 11:54:18,M->M,unknown,
上海松江发布,no_media,2022-05-09 11:54:18,2022-05-11 09:07:31,M->M,unknown,
上海松江发布,no_media,2022-05-11 09:07:31,2022-05-11 10:46:38,M->M,unknown,
上海松江发布,no_media,2022-05-11 10:46:38,2022-05-16 13:14:15,M->M,unknown,
上海松江发布,no_media,2022-05-16 13:14:15,2022-05-18 10:38:41,M->M,unknown,
上海松江发布,no_media,2022-05-18 10:38:41,2022-05-26 08:13:36,M->M,unknown,
上海松江发布,no_media,2022-05-26 08:13:36,2022-06-17 20:12:14,M->M,unknown,
上海松江发布,no_media,2022-06-17 20:12:14,2022-06-23 21:47:15,M->M,unknown,
上海松江发布,no_media,2022-06-23 21:47:15,2022-07-24 09:01:11,M->M,unknown,
上海松江发布,no_media,2022-07-24 09:01:11,2022-07-26 08:04:15,M->M,unknown,
上海松江发布,no_media,2022-07-26 08:04:15,2022-07-27 22:27:21,M->M,unknown,
上海松江发布,no_media,2022-07-27 22:27:21,2022-08-14 14:21:43,M->M,unknown,
上海松江发布,no_media,2022-08-14 14:21:43,2022-10-27 09:08:58,M->M,unknown,
上海松江发布,no_media,2022-10-27 09:08:58,2022-12-07 14:39:39,M->M,unknown,
上海松江发布,no_media,2022-12-07 14:39:39,2022-12-07 14:39:58,M->M,unknown,
上海松江发布,no_media,2022-12-07 14:39:58,2022-12-08 19:03:05,M->M,unknown,
上海松江发布,no_media,2022-12-08 19:03:05,2022-12-16 15:37:17,M->M,unknown,
上海松江发布,no_media,2022-12-16 15:37:17,2023-01-02 08:25:44,M->M,unknown,
上海松江发布,no_media,2023-01-02 08:25:44,2023-01-02 21:36:26,M->M,unknown,
上海松江发布,no_media,2023-01-02 21:36:26,2023-01-04 12:54:55,M->M,unknown,
上海松江发布,no_media,2023-01-04 12:54:55,2023-01-17 22:46:03,M->M,unknown,
上海松江发布,no_media,2023-01-17 22:46:03,2023-02-14 09:11:22,M->M,unknown,
上海松江发布,no_media,2023-02-14 09:11:22,2023-03-01 09:17:25,M->M,unknown,
上海虹口,no_media,2020-03-01 10:20:03,2020-07-29 08:15:58,M->M,unknown,
上海虹口,no_media,2020-07-29 08:15:58,2021-04-09 18:42:03,M->M,unknown,
上海虹口,no_media,2021-04-09 18:42:03,2021-04-13 13:00:03,M->M,unknown,
上海虹口,no_media,2021-04-13 13:00:03,2021-05-18 10:04:03,M->M,unknown,
上海虹口,no_media,2021-05-18 10:04:03,2021-05-27 22:26:36,M->M,unknown,
上海虹口,no_media,2021-05-27 22:26:36,2021-12-12 19:00:00,M->M,unknown,
上海虹口,no_media,2021-12-12 19:00:00,2022-04-07 11:26:12,M->M,unknown,
上海虹口,no_media,2022-04-07 11:26:12,2022-04-13 13:27:00,M->M,unknown,
上海虹口,no_media,2022-04-13 13:27:00,2022-04-23 11:29:00,M->M,unknown,
上海虹口,no_media,2022-04-23 11:29:00,2022-04-28 17:50:00,M->M,unknown,
上海虹口,no_media,2022-04-28 17:50:00,2022-05-03 12:52:00,M->M,unknown,
上海虹口,no_media,2022-05-03 12:52:00,2022-05-14 15:54:00,M->M,unknown,
上海虹口,no_media,2022-05-14 15:54:00,2022-05-20 00:14:00,M->M,unknown,
上海虹口,no_media,2022-05-20 00:14:00,2022-05-28 12:11:01,M->M,unknown,
上海虹口,no_media,2022-05-28 12:11:01,2022-06-23 18:10:58,M->M,unknown,
上海虹口,no_media,2022-06-23 18:10:58,2022-06-24 15:08:01,M->M,unknown,
上海虹口,no_media,2022-06-24 15:08:01,2022-06-25 14:49:00,M->M,unknown,
上海虹口,no_media,2022-06-25 14:49:00,2022-06-29 11:14:00,M->M,unknown,
上海虹口,no_media,2022-06-29 11:14:00,2022-06-29 21:05:06,M->M,unknown,
上海虹口,no_media,2022-06-29 21:05:06,2022-06-29 23:58:01,M->M,unknown,
上海虹口,no_media,2022-06-29 23:58:01,2022-06-30 00:53:00,M->M,unknown,
上海虹口,no_media,2022-06-30 00:53:00,2022-07-24 09:21:31,M->M,unknown,
上海虹口,no_media,2022-07-24 09:21:31,2022-08-03 09:14:00,M->M,unknown,
上海虹口,no_media,2022-08-03 09:14:00,2022-08-27 15:34:02,M->M,unknown,
上海虹口,no_media,2022-08-27 15:34:02,2022-12-05 14:26:01,M->M,unknown,
上海虹口,no_media,2022-12-05 14:26:01,2022-12-05 14:50:02,M->M,unknown,
上海虹口,no_media,2022-12-05 14:50:02,2022-12-07 15:16:02,M->M,unknown,
上海虹口,no_media,2022-12-07 15:16:02,2022-12-09 18:32:01,M->M,unknown,
上海虹口,no_media,2022-12-09 18:32:01,2022-12-10 14:48:02,M->M,unknown,
上海虹口,no_media,2022-12-10 14:48:02,2022-12-11 09:00:26,M->M,unknown,
上海虹口,no_media,2022-12-11 09:00:26,2022-12-11 11:29:00,M->M,unknown,
上海虹口,no_media,2022-12-11 11:29:00,2022-12-11 14:12:00,M->M,unknown,
上海虹口,no_media,2022-12-11 14:12:00,2022-12-15 18:37:20,M->M,unknown,
上海虹口,no_media,2022-12-15 18:37:20,2022-12-21 14:25:05,M->M,unknown,
上海虹口,no_media,2022-12-21 14:25:05,2022-12-21 15:20:25,M->M,unknown,
上海虹口,no_media,2022-12-21 15:20:25,2022-12-23 21:20:01,M->M,unknown,
上海虹口,no_media,2022-12-23 21:20:01,2023-01-18 10:33:00,M->M,unknown,
上海虹口,no_media,2023-01-18 10:33:00,2023-12-14 17:52:01,M->M,unknown,
上海虹口,no_media,2023-12-14 17:52:01,2024-05-09 10:22:00,M->M,unknown,
上海静安,no_media,2020-02-12 14:01:03,2020-02-20 09:21:54,M->M,unknown,
上海静安,no_media,2020-02-20 09:21:54,2020-03-19 09:02:03,M->M,unknown,
上海静安,no_media,2020-03-19 09:02:03,2020-03-23 10:42:58,M->M,unknown,
上海静安,no_media,2020-03-23 10:42:58,2020-03-27 14:18:19,M->M,unknown,
上海静安,no_media,2020-03-27 14:18:19,2020-03-27 15:06:18,M->M,unknown,
上海静安,no_media,2020-03-27 15:06:18,2020-04-15 09:01:07,M->M,unknown,
上海静安,no_media,2020-04-15 09:01:07,2020-04-24 15:38:26,M->M,unknown,
上海静安,no_media,2020-04-24 15:38:26,2020-07-16 14:31:57,M->M,unknown,
上海静安,no_media,2020-07-16 14:31:57,2020-09-27 15:55:31,M->M,unknown,
上海静安,no_media,2020-09-27 15:55:31,2021-01-14 15:46:23,M->M,unknown,
上海静安,no_media,2021-01-14 15:46:23,2021-02-23 16:27:37,M->M,unknown,
上海静安,no_media,2021-02-23 16:27:37,2021-03-15 14:47:03,M->M,unknown,
上海静安,no_media,2021-03-15 14:47:03,2021-04-02 08:31:00,M->M,unknown,
上海静安,no_media,2021-04-02 08:31:00,2021-05-26 09:22:40,M->M,unknown,
上海静安,no_media,2021-05-26 09:22:40,2021-06-07 08:28:03,M->M,unknown,
上海静安,no_media,2021-06-07 08:28:03,2021-12-11 22:02:53,M->M,unknown,
上海静安,no_media,2021-12-11 22:02:53,2022-04-14 07:44:00,M->M,unknown,
上海静安,no_media,2022-04-14 07:44:00,2022-05-28 20:47:24,M->M,unknown,
上海静安,no_media,2022-05-28 20:47:24,2022-06-04 12:41:03,M->M,unknown,
上海静安,no_media,2022-06-04 12:41:03,2022-06-05 16:05:13,M->M,unknown,
上海静安,no_media,2022-06-05 16:05:13,2022-06-18 20:47:43,M->M,unknown,
上海静安,no_media,2022-06-18 20:47:43,2022-06-22 09:02:38,M->M,unknown,
上海静安,no_media,2022-06-22 09:02:38,2022-07-24 09:20:23,M->M,unknown,
上海静安,no_media,2022-07-24 09:20:23,2022-07-28 15:17:41,M->M,unknown,
上海静安,no_media,2022-07-28 15:17:41,2022-08-24 14:38:54,M->M,unknown,
上海静安,no_media,2022-08-24 14:38:54,2022-08-26 21:13:06,M->M,unknown,
上海静安,no_media,2022-08-26 21:13:06,2022-08-28 20:18:08,M->M,unknown,
上海静安,no_media,2022-08-28 20:18:08,2022-09-16 16:05:18,M->M,unknown,
上海静安,no_media,2022-09-16 16:05:18,2022-12-04 20:40:33,M->M,unknown,
上海静安,no_media,2022-12-04 20:40:33,2022-12-16 12:25:08,M->M,unknown,
上海静安,no_media,2022-12-16 12:25:08,2022-12-19 09:14:56,M->M,unknown,
上海静安,no_media,2022-12-19 09:14:56,2022-12-21 15:01:01,M->M,unknown,
上海静安,no_media,2022-12-21 15:01:01,2022-12-27 15:53:21,M->M,unknown,
上游新闻,no_media,2020-03-05 19:00:04,2020-03-18 21:30:03,M->M,unknown,
上游新闻,no_media,2020-03-18 21:30:03,2021-08-03 14:56:55,M->M,unknown,
上游新闻,no_media,2021-08-03 14:56:55,2022-03-31 20:43:06,M->M,unknown,
上游新闻,no_media,2022-03-31 20:43:06,2022-04-18 08:21:59,M->M,unknown,
上游新闻,no_media,2022-04-18 08:21:59,2022-04-29 08:31:32,M->M,unknown,
上游新闻,no_media,2022-04-29 08:31:32,2022-04-30 08:50:10,M->M,unknown,
上游新闻,no_media,2022-04-30 08:50:10,2022-05-03 09:14:32,M->M,unknown,
上游新闻,no_media,2022-05-03 09:14:32,2022-05-05 08:30:29,M->M,unknown,
上游新闻,no_media,2022-05-05 08:30:29,2022-05-07 08:36:13,M->M,unknown,
上游新闻,no_media,2022-05-07 08:36:13,2022-07-19 18:11:26,M->M,unknown,
上游新闻,no_media,2022-07-19 18:11:26,2022-08-23 16:45:38,M->M,unknown,
上游新闻,no_media,2022-08-23 16:45:38,2022-08-23 18:47:40,M->M,unknown,
上游新闻,no_media,2022-08-23 18:47:40,2022-08-29 20:21:52,M->M,unknown,
上游新闻,no_media,2022-08-29 20:21:52,2022-08-30 12:17:06,M->M,unknown,
上游新闻,no_media,2022-08-30 12:17:06,2022-08-30 17:19:43,M->M,unknown,
上游新闻,no_media,2022-08-30 17:19:43,2022-08-31 21:04:15,M->M,unknown,
上游新闻,no_media,2022-08-31 21:04:15,2022-09-12 09:02:55,M->M,unknown,
上游新闻,no_media,2022-09-12 09:02:55,2022-09-17 08:19:36,M->M,unknown,
上游新闻,no_media,2022-09-17 08:19:36,2022-10-11 13:47:16,M->M,unknown,
上游新闻,no_media,2022-10-11 13:47:16,2022-11-02 20:16:25,M->M,unknown,
上游新闻,no_media,2022-11-02 20:16:25,2022-11-07 22:41:17,M->M,unknown,
上游新闻,no_media,2022-11-07 22:41:17,2022-11-17 17:58:42,M->M,unknown,
上游新闻,no_media,2022-11-17 17:58:42,2022-11-18 19:12:21,M->M,unknown,
上游新闻,no_media,2022-11-18 19:12:21,2022-11-20 21:54:25,M->M,unknown,
上游新闻,no_media,2022-11-20 21:54:25,2022-12-06 11:58:01,M->M,unknown,
上游新闻,no_media,2022-12-06 11:58:01,2022-12-09 12:56:29,M->M,unknown,
上游新闻,no_media,2022-12-09 12:56:29,2022-12-09 13:14:45,M->M,unknown,
上游新闻,no_media,2022-12-09 13:14:45,2022-12-18 09:18:57,M->M,unknown,
上游新闻,no_media,2022-12-18 09:18:57,2023-01-03 21:09:25,M->M,unknown,
上观新闻,no_media,2020-02-16 21:56:28,2020-03-05 19:31:03,M->M,unknown,
上观新闻,no_media,2020-03-05 19:31:03,2020-03-07 21:15:04,M->M,unknown,
上观新闻,no_media,2020-03-07 21:15:04,2022-04-18 10:10:30,M->M,unknown,
上观新闻,no_media,2022-04-18 10:10:30,2022-04-19 11:07:25,M->M,unknown,
上观新闻,no_media,2022-04-19 11:07:25,2022-04-23 13:56:33,M->M,unknown,
上观新闻,no_media,2022-04-23 13:56:33,2022-04-24 10:37:05,M->M,unknown,
上观新闻,no_media,2022-04-24 10:37:05,2022-04-25 10:14:46,M->M,unknown,
上观新闻,no_media,2022-04-25 10:14:46,2022-04-26 10:16:40,M->M,unknown,
上观新闻,no_media,2022-04-26 10:16:40,2022-04-27 12:56:03,M->M,unknown,
上观新闻,no_media,2022-04-27 12:56:03,2022-04-28 08:11:05,M->M,unknown,
上观新闻,no_media,2022-04-28 08:11:05,2022-04-28 10:47:16,M->M,unknown,
上观新闻,no_media,2022-04-28 10:47:16,2022-04-28 10:47:36,M->M,unknown,
上观新闻,no_media,2022-04-28 10:47:36,2022-04-29 10:31:51,M->M,unknown,
上观新闻,no_media,2022-04-29 10:31:51,2022-05-02 10:20:49,M->M,unknown,
上观新闻,no_media,2022-05-02 10:20:49,2022-05-05 10:21:46,M->M,unknown,
上观新闻,no_media,2022-05-05 10:21:46,2022-05-06 10:34:19,M->M,unknown,
上观新闻,no_media,2022-05-06 10:34:19,2022-05-09 10:41:53,M->M,unknown,
上观新闻,no_media,2022-05-09 10:41:53,2022-05-10 10:12:03,M->M,unknown,
上观新闻,no_media,2022-05-10 10:12:03,2022-05-11 10:40:25,M->M,unknown,
上观新闻,no_media,2022-05-11 10:40:25,2022-05-16 10:35:18,M->M,unknown,
上观新闻,no_media,2022-05-16 10:35:18,2022-05-16 10:54:10,M->M,unknown,
上观新闻,no_media,2022-05-16 10:54:10,2022-05-18 10:17:23,M->M,unknown,
上观新闻,no_media,2022-05-18 10:17:23,2022-05-24 10:52:58,M->M,unknown,
上观新闻,no_media,2022-05-24 10:52:58,2022-05-26 10:24:38,M->M,unknown,
上观新闻,no_media,2022-05-26 10:24:38,2022-12-21 11:30:02,M->M,unknown,
上观新闻,no_media,2022-12-21 11:30:02,2022-12-23 17:35:44,M->M,unknown,
上观新闻,no_media,2022-12-23 17:35:44,2022-12-28 11:00:52,M->M,unknown,
上观新闻,no_media,2022-12-28 11:00:52,2022-12-30 10:58:03,M->M,unknown,
上观新闻,no_media,2022-12-30 10:58:03,2023-01-17 19:54:11,M->M,unknown,
上观新闻,no_media,2023-01-17 19:54:11,2023-01-18 16:46:34,M->M,unknown,
不zuo的ph-4,wemedia_only,2022-06-06 19:31:00,2023-07-05 16:46:00,M->L,unknown,
不zuo的ph-4,wemedia_only,2023-07-05 16:46:00,2023-07-08 20:00:00,L->L,unknown,
不以物喜666666,no_media,2023-03-27 23:19:00,2023-04-09 04:56:00,L->M,unknown,
不如遇春风,no_media,2022-12-31 04:03:00,2023-01-02 10:04:00,H->M,unknown,
不如遇春风,no_media,2023-01-02 10:04:00,2023-01-09 15:17:00,M->M,unknown,
不希望殖人跟我一样站起来,no_media,2022-03-14 16:32:00,2022-03-14 16:33:00,H->L,unknown,
不要脸的小男孩,no_media,2023-08-27 17:12:00,2023-08-28 16:52:00,L->L,unknown,
不要脸的小男孩,no_media,2023-08-28 16:52:00,2023-08-29 10:21:00,L->L,unknown,
不要脸的小男孩,no_media,2023-08-29 10:21:00,2023-08-30 11:17:00,L->L,unknown,
不要脸的小男孩,no_media,2023-08-30 11:17:00,2023-08-31 09:02:00,L->L,unknown,
不要脸的小男孩,no_media,2023-08-31 09:02:00,2023-09-01 11:44:00,L->L,unknown,
不要脸的小男孩,no_media,2023-09-01 11:44:00,2023-09-04 10:38:00,L->L,unknown,
不要脸的小男孩,no_media,2023-09-04 10:38:00,2023-09-06 11:32:00,L->L,unknown,
不要脸的小男孩,no_media,2023-09-06 11:32:00,2023-09-07 14:28:00,L->L,unknown,
不言_Alisa,no_media,2023-03-22 18:50:00,2023-03-22 19:16:00,M->M,unknown,
不言_Alisa,no_media,2023-03-22 19:16:00,2023-03-23 10:27:00,M->M,unknown,
不言_Alisa,no_media,2023-03-23 10:27:00,2023-03-23 21:56:00,M->L,unknown,
不言_Alisa,no_media,2023-03-23 21:56:00,2023-03-24 18:37:00,L->L,unknown,
不言_Alisa,no_media,2023-03-24 18:37:00,2023-03-26 08:31:00,L->L,unknown,
不言_Alisa,no_media,2023-03-26 08:31:00,2023-04-04 16:22:00,L->M,unknown,
不言_Alisa,no_media,2023-04-04 16:22:00,2023-04-25 13:55:00,M->L,unknown,
不言_Alisa,no_media,2023-04-25 13:55:00,2023-04-27 11:04:00,L->L,unknown,
不言_Alisa,no_media,2023-04-27 11:04:00,2023-05-19 12:00:00,L->L,unknown,
不言_Alisa,no_media,2023-05-19 12:00:00,2023-05-28 11:12:00,L->M,unknown,
不言_Alisa,no_media,2023-05-28 11:12:00,2023-05-31 17:46:00,M->L,unknown,
不言_Alisa,no_media,2023-05-31 17:46:00,2023-08-24 16:54:00,L->L,unknown,
不言_Alisa,no_media,2023-08-24 16:54:00,2024-01-29 08:53:00,L->M,unknown,
东亚经贸新闻,no_media,2020-02-28 12:43:48,2020-05-05 12:51:22,M->M,unknown,
东北网,no_media,2020-02-20 08:16:14,2020-02-21 12:46:38,M->M,unknown,
东北网,no_media,2020-02-21 12:46:38,2020-02-22 17:49:35,M->M,unknown,
东北网,no_media,2020-02-22 17:49:35,2020-02-27 12:58:26,M->M,unknown,
东北网,no_media,2020-02-27 12:58:26,2020-03-01 11:47:48,M->M,unknown,
东北网,no_media,2020-03-01 11:47:48,2020-04-12 10:16:40,M->M,unknown,
东北网,no_media,2020-04-12 10:16:40,2020-04-12 12:08:00,M->M,unknown,
东北网,no_media,2020-04-12 12:08:00,2020-04-23 15:55:44,M->M,unknown,
东北网,no_media,2020-04-23 15:55:44,2020-10-06 09:31:41,M->M,unknown,
东北网,no_media,2020-10-06 09:31:41,2021-01-07 20:23:00,M->M,unknown,
东北网,no_media,2021-01-07 20:23:00,2021-04-09 17:07:36,M->M,unknown,
东北网,no_media,2021-04-09 17:07:36,2021-08-03 17:07:30,M->M,unknown,
东北网,no_media,2021-08-03 17:07:30,2021-09-14 18:56:54,M->M,unknown,
东北网,no_media,2021-09-14 18:56:54,2022-04-16 08:24:43,M->M,unknown,
东北网,no_media,2022-04-16 08:24:43,2022-04-24 08:29:31,M->M,unknown,
东北网,no_media,2022-04-24 08:29:31,2022-04-27 20:06:41,M->M,unknown,
东北网,no_media,2022-04-27 20:06:41,2022-04-27 20:09:16,M->M,unknown,
东北网,no_media,2022-04-27 20:09:16,2022-04-28 08:37:14,M->M,unknown,
东北网,no_media,2022-04-28 08:37:14,2022-05-04 08:07:02,M->M,unknown,
东北网,no_media,2022-05-04 08:07:02,2022-05-05 08:34:41,M->M,unknown,
东北网,no_media,2022-05-05 08:34:41,2022-05-07 08:13:53,M->M,unknown,
东北网,no_media,2022-05-07 08:13:53,2022-05-16 07:56:03,M->M,unknown,
东北网,no_media,2022-05-16 07:56:03,2022-05-26 08:23:13,M->M,unknown,
东南早报,no_media,2020-02-17 16:35:44,2020-02-20 10:29:06,M->M,unknown,
东南早报,no_media,2020-02-20 10:29:06,2020-05-28 09:22:41,M->M,unknown,
东南早报,no_media,2020-05-28 09:22:41,2020-08-03 11:54:39,M->M,unknown,
东南早报,no_media,2020-08-03 11:54:39,2021-02-20 16:42:27,M->M,unknown,
东南早报,no_media,2021-02-20 16:42:27,2021-08-03 21:09:32,M->M,unknown,
东南早报,no_media,2021-08-03 21:09:32,2022-01-12 09:10:51,M->M,unknown,
东南早报,no_media,2022-01-12 09:10:51,2022-03-16 18:09:06,M->M,unknown,
东南早报,no_media,2022-03-16 18:09:06,2022-05-12 12:42:32,M->M,unknown,
东南早报,no_media,2022-05-12 12:42:32,2022-06-28 09:28:48,M->M,unknown,
东南早报,no_media,2022-06-28 09:28:48,2022-12-06 16:06:03,M->M,unknown,
东南早报,no_media,2022-12-06 16:06:03,2022-12-08 20:01:29,M->M,unknown,
东南早报,no_media,2022-12-08 20:01:29,2022-12-21 11:33:21,M->M,unknown,
东南早报,no_media,2022-12-21 11:33:21,2022-12-26 12:20:11,M->M,unknown,
东南早报,no_media,2022-12-26 12:20:11,2022-12-26 12:41:47,M->M,unknown,
东南早报,no_media,2022-12-26 12:41:47,2023-01-20 14:11:14,M->M,unknown,
东南早报,no_media,2023-01-20 14:11:14,2023-01-21 17:14:36,M->M,unknown,
东南早报,no_media,2023-01-21 17:14:36,2023-01-27 16:48:11,M->M,unknown,
东南早报,no_media,2023-01-27 16:48:11,2023-01-28 09:52:14,M->M,unknown,
东南早报,no_media,2023-01-28 09:52:14,2023-02-14 23:03:53,M->M,unknown,
东南早报,no_media,2023-02-14 23:03:53,2023-05-23 10:32:10,M->M,unknown,
东南早报,no_media,2023-05-23 10:32:10,2023-05-28 10:46:07,M->M,unknown,
东南早报,no_media,2023-05-28 10:46:07,2023-06-02 22:41:26,M->M,unknown,
东南早报,no_media,2023-06-02 22:41:26,2023-06-04 21:18:55,M->M,unknown,
东南早报,no_media,2023-06-04 21:18:55,2023-06-05 10:43:37,M->M,unknown,
东南早报,no_media,2023-06-05 10:43:37,2023-06-05 20:41:40,M->M,unknown,
东南早报,no_media,2023-06-05 20:41:40,2023-06-13 10:08:37,M->M,unknown,
东南早报,no_media,2023-06-13 10:08:37,2023-07-12 19:18:47,M->M,unknown,
东方体育日报,no_media,2022-05-31 15:39:18,2022-07-15 09:41:31,M->M,unknown,
东方圣城网,no_media,2020-08-17 11:56:34,2021-03-10 16:32:01,M->M,unknown,
东方圣城网,no_media,2021-03-10 16:32:01,2021-04-21 14:49:03,M->M,unknown,
东方圣城网,no_media,2021-04-21 14:49:03,2021-06-22 16:00:44,M->M,unknown,
东方圣城网,no_media,2021-06-22 16:00:44,2021-08-09 09:02:34,M->M,unknown,
东方圣城网,no_media,2021-08-09 09:02:34,2021-08-16 08:59:45,M->M,unknown,
东方圣城网,no_media,2021-08-16 08:59:45,2021-08-18 09:52:10,M->M,unknown,
东方圣城网,no_media,2021-08-18 09:52:10,2022-09-07 15:20:13,M->M,unknown,
东方圣城网,no_media,2022-09-07 15:20:13,2022-11-22 10:11:16,M->M,unknown,
东方圣城网,no_media,2022-11-22 10:11:16,2022-11-22 10:21:18,M->M,unknown,
东方圣城网,no_media,2022-11-22 10:21:18,2022-12-01 14:54:09,M->M,unknown,
东方圣城网,no_media,2022-12-01 14:54:09,2022-12-01 16:18:31,M->M,unknown,
东方圣城网,no_media,2022-12-01 16:18:31,2022-12-06 10:57:46,M->M,unknown,
东方圣城网,no_media,2022-12-06 10:57:46,2022-12-07 14:50:16,M->M,unknown,
东方圣城网,no_media,2022-12-07 14:50:16,2022-12-08 09:23:30,M->M,unknown,
东方圣城网,no_media,2022-12-08 09:23:30,2022-12-08 19:09:25,M->M,unknown,
东方圣城网,no_media,2022-12-08 19:09:25,2022-12-08 20:37:36,M->M,unknown,
东方圣城网,no_media,2022-12-08 20:37:36,2022-12-12 13:59:11,M->M,unknown,
东方圣城网,no_media,2022-12-12 13:59:11,2022-12-18 10:46:47,M->M,unknown,
东方圣城网,no_media,2022-12-18 10:46:47,2022-12-20 15:05:47,M->M,unknown,
东方圣城网,no_media,2022-12-20 15:05:47,2022-12-26 12:11:33,M->M,unknown,
东方圣城网,no_media,2022-12-26 12:11:33,2022-12-27 14:06:17,M->M,unknown,
东方圣城网,no_media,2022-12-27 14:06:17,2022-12-27 16:15:49,M->M,unknown,
东方圣城网,no_media,2022-12-27 16:15:49,2022-12-27 16:16:53,M->M,unknown,
东方圣城网,no_media,2022-12-27 16:16:53,2022-12-30 14:35:58,M->M,unknown,
东方圣城网,no_media,2022-12-30 14:35:58,2022-12-31 19:51:57,M->M,unknown,
东方圣城网,no_media,2022-12-31 19:51:57,2023-01-04 12:05:26,M->M,unknown,
东方圣城网,no_media,2023-01-04 12:05:26,2023-01-07 12:11:46,M->M,unknown,
东方圣城网,no_media,2023-01-07 12:11:46,2023-01-16 11:56:31,M->M,unknown,
东方圣城网,no_media,2023-01-16 11:56:31,2023-01-21 14:53:50,M->L,unknown,
东方圣城网,no_media,2023-01-21 14:53:50,2023-02-01 16:03:26,L->M,unknown,
东方网,no_media,2022-04-02 10:27:11,2022-04-24 10:16:02,M->M,unknown,
东方网,no_media,2022-04-24 10:16:02,2022-04-24 10:38:54,M->M,unknown,
东方网,no_media,2022-04-24 10:38:54,2022-04-26 10:18:37,M->M,unknown,
东方网,no_media,2022-04-26 10:18:37,2022-04-28 10:19:45,M->M,unknown,
东方网,no_media,2022-04-28 10:19:45,2022-04-28 10:26:24,M->M,unknown,
东方网,no_media,2022-04-28 10:26:24,2022-05-01 07:48:25,M->M,unknown,
东方网,no_media,2022-05-01 07:48:25,2022-05-02 10:25:20,M->M,unknown,
东方网,no_media,2022-05-02 10:25:20,2022-05-03 07:49:37,M->M,unknown,
东方网,no_media,2022-05-03 07:49:37,2022-05-04 07:47:17,M->M,unknown,
东方网,no_media,2022-05-04 07:47:17,2022-05-05 07:49:05,M->M,unknown,
东方网,no_media,2022-05-05 07:49:05,2022-05-05 10:19:14,M->M,unknown,
东方网,no_media,2022-05-05 10:19:14,2022-05-06 07:52:20,M->M,unknown,
东方网,no_media,2022-05-06 07:52:20,2022-05-06 10:25:15,M->M,unknown,
东方网,no_media,2022-05-06 10:25:15,2022-05-07 07:51:29,M->M,unknown,
东方网,no_media,2022-05-07 07:51:29,2022-05-07 10:26:06,M->M,unknown,
东方网,no_media,2022-05-07 10:26:06,2022-05-08 08:01:01,M->M,unknown,
东方网,no_media,2022-05-08 08:01:01,2022-05-09 07:51:38,M->M,unknown,
东方网,no_media,2022-05-09 07:51:38,2022-05-09 10:20:44,M->M,unknown,
东方网,no_media,2022-05-09 10:20:44,2022-05-10 07:48:38,M->M,unknown,
东方网,no_media,2022-05-10 07:48:38,2022-05-10 10:11:53,M->M,unknown,
东方网,no_media,2022-05-10 10:11:53,2022-05-11 07:48:39,M->M,unknown,
东方网,no_media,2022-05-11 07:48:39,2022-05-11 10:07:31,M->M,unknown,
东方网,no_media,2022-05-11 10:07:31,2022-05-12 07:48:27,M->M,unknown,
东方网,no_media,2022-05-12 07:48:27,2022-05-13 07:48:21,M->M,unknown,
东方网,no_media,2022-05-13 07:48:21,2022-05-14 07:46:00,M->M,unknown,
东方网,no_media,2022-05-14 07:46:00,2022-05-15 07:49:48,M->M,unknown,
东方网,no_media,2022-05-15 07:49:48,2022-05-15 10:24:48,M->M,unknown,
东方网,no_media,2022-05-15 10:24:48,2022-05-16 07:47:13,M->M,unknown,
东方网,no_media,2022-05-16 07:47:13,2022-05-16 10:21:34,M->M,unknown,
东方网,no_media,2022-05-16 10:21:34,2022-05-16 10:55:48,M->M,unknown,
东方网,no_media,2022-05-16 10:55:48,2022-05-18 07:48:09,M->M,unknown,
东方网,no_media,2022-05-18 07:48:09,2022-05-18 10:06:09,M->M,unknown,
东方网,no_media,2022-05-18 10:06:09,2022-05-22 07:49:28,M->M,unknown,
东方网,no_media,2022-05-22 07:49:28,2022-05-22 10:23:15,M->M,unknown,
东方网,no_media,2022-05-22 10:23:15,2022-05-24 07:48:33,M->M,unknown,
东方网,no_media,2022-05-24 07:48:33,2022-05-24 10:09:02,M->M,unknown,
东方网,no_media,2022-05-24 10:09:02,2022-05-26 07:53:38,M->M,unknown,
东方网,no_media,2022-05-26 07:53:38,2022-05-31 17:58:22,M->M,unknown,
东方网,no_media,2022-05-31 17:58:22,2022-06-04 17:54:14,M->M,unknown,
东方网,no_media,2022-06-04 17:54:14,2022-06-26 18:30:00,M->M,unknown,
东方网,no_media,2022-06-26 18:30:00,2022-07-23 16:54:09,M->M,unknown,
东方网,no_media,2022-07-23 16:54:09,2022-07-25 13:50:30,M->M,unknown,
东方网,no_media,2022-07-25 13:50:30,2022-07-26 10:22:13,M->M,unknown,
东方网,no_media,2022-07-26 10:22:13,2022-10-26 12:04:22,M->M,unknown,
东方网,no_media,2022-10-26 12:04:22,2022-12-07 13:34:44,M->M,unknown,
东方网,no_media,2022-12-07 13:34:44,2022-12-09 10:49:01,M->M,unknown,
东方网,no_media,2022-12-09 10:49:01,2022-12-12 17:52:27,M->M,unknown,
东方网,no_media,2022-12-12 17:52:27,2023-01-17 19:38:37,M->M,unknown,
东方网,no_media,2023-01-17 19:38:37,2023-03-07 17:46:40,M->M,unknown,
东方网,no_media,2023-03-07 17:46:40,2023-05-27 16:01:23,M->M,unknown,
东方网1站视频,no_media,2020-02-15 19:49:07,2020-02-16 06:32:03,M->M,unknown,
东方网1站视频,no_media,2020-02-16 06:32:03,2020-02-20 08:06:10,M->M,unknown,
东方网1站视频,no_media,2020-02-20 08:06:10,2020-03-01 18:04:39,M->M,unknown,
东营广播电视台,no_media,2021-08-06 16:36:39,2022-11-18 10:43:58,M->M,unknown,
东营广播电视台,no_media,2022-11-18 10:43:58,2022-12-06 14:26:42,M->M,unknown,
东营广播电视台,no_media,2022-12-06 14:26:42,2022-12-07 09:25:25,M->M,unknown,
东营广播电视台,no_media,2022-12-07 09:25:25,2022-12-09 15:16:24,M->M,unknown,
东营广播电视台,no_media,2022-12-09 15:16:24,2022-12-16 09:35:04,M->M,unknown,
东营广播电视台,no_media,2022-12-16 09:35:04,2022-12-19 10:36:34,M->M,unknown,
东营广播电视台,no_media,2022-12-19 10:36:34,2022-12-23 10:34:36,M->M,unknown,
东营广播电视台,no_media,2022-12-23 10:34:36,2022-12-26 14:08:23,M->M,unknown,
东营广播电视台,no_media,2022-12-26 14:08:23,2023-01-02 09:08:42,M->M,unknown,
东营广播电视台,no_media,2023-01-02 09:08:42,2023-01-11 09:02:20,M->M,unknown,
东营广播电视台,no_media,2023-01-11 09:02:20,2023-02-15 07:52:21,M->M,unknown,
东营广播电视台,no_media,2023-02-15 07:52:21,2023-03-01 08:35:18,M->M,unknown,
东营网警,no_media,2020-12-27 17:24:45,2021-03-22 17:30:52,M->M,unknown,
东营网警,no_media,2021-03-22 17:30:52,2022-12-07 14:35:30,M->M,unknown,
东营网警,no_media,2022-12-07 14:35:30,2022-12-08 09:28:19,M->M,unknown,
东西湖发布,no_media,2023-01-04 15:12:26,2023-01-09 18:37:56,M->M,unknown,
中医-刘海龙,no_media,2023-01-11 16:23:00,2023-08-11 10:32:00,M->M,unknown,
中医万小草,no_media,2023-04-07 13:00:00,2023-04-11 09:40:00,M->M,unknown,
中医万小草,no_media,2023-04-11 09:40:00,2023-04-18 12:22:00,M->M,unknown,
中医万小草,no_media,2023-04-18 12:22:00,2023-05-30 14:28:00,M->M,unknown,
中医内科梁腾霄,no_media,2024-01-09 08:30:00,2024-01-09 10:00:00,M->M,unknown,
中医内科梁腾霄,no_media,2024-01-09 10:00:00,2024-01-09 11:32:00,M->L,unknown,
中医内科梁腾霄,no_media,2024-01-09 11:32:00,2024-01-09 13:52:00,L->M,unknown,
中医内科梁腾霄,no_media,2024-01-09 13:52:00,2024-01-09 15:14:00,M->M,unknown,
中医内科梁腾霄,no_media,2024-01-09 15:14:00,2024-01-09 17:27:00,M->M,unknown,
中医刘双,wemedia_only,2023-07-05 17:06:00,2023-09-14 16:14:00,M->M,norisk,0.0
中医刘双,wemedia_only,2023-09-14 16:14:00,2023-09-26 11:02:00,M->M,risk,1.0
中医刘茜檬,wemedia_only,2023-05-24 23:25:00,2023-06-02 15:13:00,M->M,unknown,
中医刘茜檬,wemedia_only,2023-06-02 15:13:00,2023-06-21 22:24:00,M->M,unknown,
中医刘茜檬,wemedia_only,2023-06-21 22:24:00,2023-07-10 11:53:00,M->H,unknown,
中医刘茜檬,wemedia_only,2023-07-10 11:53:00,2023-07-13 21:06:00,H->M,unknown,
中医刘茜檬,wemedia_only,2023-07-13 21:06:00,2023-07-31 16:06:00,M->M,unknown,
中医刘茜檬,wemedia_only,2023-07-31 16:06:00,2023-08-04 21:08:00,M->M,unknown,
中医刘茜檬,wemedia_only,2023-08-04 21:08:00,2023-08-06 13:40:00,M->H,unknown,
中医刘茜檬,wemedia_only,2023-08-06 13:40:00,2023-08-15 22:11:00,H->M,unknown,
中医刘茜檬,wemedia_only,2023-08-15 22:11:00,2023-08-21 23:09:00,M->H,unknown,
中医刘茜檬,wemedia_only,2023-08-21 23:09:00,2023-08-26 23:41:00,H->M,unknown,
中医刘茜檬,wemedia_only,2023-08-26 23:41:00,2023-09-15 21:21:00,M->M,unknown,
中医刘茜檬,wemedia_only,2023-09-15 21:21:00,2023-10-03 21:40:00,M->M,unknown,
中医刘茜檬,wemedia_only,2023-10-03 21:40:00,2023-10-03 22:09:00,M->M,unknown,
中医刘茜檬,wemedia_only,2023-10-03 22:09:00,2023-10-03 22:15:00,M->M,unknown,
中医刘金玲,no_media,2023-07-10 12:57:00,2023-07-23 15:08:00,M->M,unknown,
中医刘金玲,no_media,2023-07-23 15:08:00,2023-08-10 18:42:00,M->M,unknown,
中医刘金玲,no_media,2023-08-10 18:42:00,2023-08-15 19:45:00,M->M,unknown,
中医刘金玲,no_media,2023-08-15 19:45:00,2023-08-18 17:20:00,M->M,unknown,
中医刘金玲,no_media,2023-08-18 17:20:00,2023-08-28 12:33:00,M->M,unknown,
中医刘金玲,no_media,2023-08-28 12:33:00,2023-10-24 15:55:00,M->M,unknown,
中医吴昌树,wemedia_only,2023-06-06 14:28:00,2023-06-27 10:51:00,M->M,norisk,0.0
中医吴昌树,wemedia_only,2023-06-27 10:51:00,2023-07-04 11:23:00,M->M,risk,1.0
中医吴昌树,wemedia_only,2023-07-04 11:23:00,2023-07-05 18:45:00,M->M,norisk,0.0
中医吴昌树,wemedia_only,2023-07-05 18:45:00,2023-07-17 12:02:00,M->M,norisk,0.0
中医吴昌树,wemedia_only,2023-07-17 12:02:00,2023-08-03 10:06:00,M->M,norisk,0.0
中医吴昌树,wemedia_only,2023-08-03 10:06:00,2023-08-11 12:36:00,M->M,norisk,0.0
中医吴昌树,wemedia_only,2023-08-11 12:36:00,2023-08-19 16:00:00,M->M,norisk,0.0
中医吴昌树,wemedia_only,2023-08-19 16:00:00,2023-08-26 10:47:00,M->M,norisk,0.0
中医吴昌树,wemedia_only,2023-08-26 10:47:00,2023-10-23 10:27:00,M->M,norisk,0.0
中医周晓卿主任,no_media,2023-01-24 12:11:00,2023-01-25 11:58:00,L->M,unknown,
中医周晓卿主任,no_media,2023-01-25 11:58:00,2023-01-27 10:48:00,M->M,unknown,
中医周晓卿主任,no_media,2023-01-27 10:48:00,2023-01-28 16:44:00,M->M,unknown,
中医周晓卿主任,no_media,2023-01-28 16:44:00,2023-02-01 18:23:00,M->M,unknown,
中医周晓卿主任,no_media,2023-02-01 18:23:00,2023-02-08 12:59:00,M->M,unknown,
中医周晓卿主任,no_media,2023-02-08 12:59:00,2023-02-13 12:39:00,M->M,unknown,
中医周晓卿主任,no_media,2023-02-13 12:39:00,2023-03-20 09:53:00,M->M,unknown,
中医妇儿林波,no_media,2023-06-07 09:46:00,2023-06-09 19:28:00,H->M,unknown,
中医妇科张继芝,wemedia_only,2022-03-14 16:24:00,2022-03-14 20:56:00,M->M,norisk,0.5
中医张恒毅,wemedia_only,2023-08-04 09:05:00,2023-08-07 20:46:00,M->L,norisk,0.0
中医张恒毅,wemedia_only,2023-08-07 20:46:00,2023-08-11 09:36:00,L->M,risk,1.0
中医张恒毅,wemedia_only,2023-08-11 09:36:00,2023-08-13 10:14:00,M->M,risk,1.0
中医张恒毅,wemedia_only,2023-08-13 10:14:00,2023-08-13 21:30:00,M->M,risk,1.0
中医张恒毅,wemedia_only,2023-08-13 21:30:00,2023-08-15 13:50:00,M->M,risk,1.0
中医张恒毅,wemedia_only,2023-08-15 13:50:00,2023-08-18 13:52:00,M->L,risk,1.0
中医张恒毅,wemedia_only,2023-08-18 13:52:00,2023-08-25 14:18:00,L->M,risk,1.0
中医张恒毅,wemedia_only,2023-08-25 14:18:00,2023-09-01 09:56:00,M->M,risk,1.0
中医张恒毅,wemedia_only,2023-09-01 09:56:00,2023-09-11 11:35:00,M->M,norisk,0.0
中医张恒毅,wemedia_only,2023-09-11 11:35:00,2023-09-12 14:45:00,M->M,risk,1.0
中医张恒毅,wemedia_only,2023-09-12 14:45:00,2023-09-21 21:15:00,M->M,risk,1.0
中医张恒毅,wemedia_only,2023-09-21 21:15:00,2023-09-29 09:38:00,M->M,risk,1.0
中医张恒毅,wemedia_only,2023-09-29 09:38:00,2023-10-14 10:18:00,M->H,risk,1.0
中医张恒毅,wemedia_only,2023-10-14 10:18:00,2023-10-14 14:42:00,H->M,risk,1.0
中医张恒毅,wemedia_only,2023-10-14 14:42:00,2023-10-21 18:35:00,M->L,risk,1.0
中医张恒毅,wemedia_only,2023-10-21 18:35:00,2023-10-22 09:53:00,L->M,risk,1.0
中医张恒毅,wemedia_only,2023-10-22 09:53:00,2023-10-29 09:23:00,M->M,risk,1.0
中医张恒毅,wemedia_only,2023-10-29 09:23:00,2023-11-05 09:42:00,M->M,risk,1.0
中医徐柏杨,no_media,2023-07-29 08:30:00,2023-08-03 07:30:00,M->M,unknown,
中医朱穆朗玛,no_media,2023-08-18 16:36:00,2023-08-20 09:46:00,M->M,unknown,
中医朱穆朗玛,no_media,2023-08-20 09:46:00,2023-08-20 15:50:00,M->M,unknown,
中医朱穆朗玛,no_media,2023-08-20 15:50:00,2023-09-22 10:33:00,M->M,unknown,
中医李富贵,no_media,2023-07-16 13:02:00,2023-07-28 10:11:00,M->M,unknown,
中医李富贵,no_media,2023-07-28 10:11:00,2023-09-02 09:58:00,M->L,unknown,
中医李富贵,no_media,2023-09-02 09:58:00,2023-10-14 10:07:00,L->M,unknown,
中医李杰,wemedia_only,2023-11-07 22:27:00,2023-11-23 10:29:00,M->M,risk,1.0
中医田应旭,wemedia_only,2023-07-21 15:26:00,2023-07-22 13:35:00,M->M,unknown,
中医田应旭,wemedia_only,2023-07-22 13:35:00,2023-07-22 19:59:00,M->M,unknown,
中医田应旭,wemedia_only,2023-07-22 19:59:00,2023-07-23 13:37:00,M->M,unknown,
中医田应旭,wemedia_only,2023-07-23 13:37:00,2023-07-23 21:42:00,M->M,unknown,
中医田应旭,wemedia_only,2023-07-23 21:42:00,2023-07-28 01:15:00,M->M,unknown,
中医田应旭,wemedia_only,2023-07-28 01:15:00,2023-07-30 02:35:00,M->M,risk,1.0
中医田应旭,wemedia_only,2023-07-30 02:35:00,2023-07-30 13:11:00,M->M,unknown,
中医田应旭,wemedia_only,2023-07-30 13:11:00,2023-08-01 02:47:00,M->M,unknown,
中医田应旭,wemedia_only,2023-08-01 02:47:00,2023-08-02 14:06:00,M->L,unknown,
中医田应旭,wemedia_only,2023-08-02 14:06:00,2023-08-04 17:24:00,L->M,unknown,
中医田应旭,wemedia_only,2023-08-04 17:24:00,2023-08-04 21:45:00,M->M,norisk,0.0
中医田应旭,wemedia_only,2023-08-04 21:45:00,2023-08-05 09:04:00,M->M,norisk,0.0
中医田应旭,wemedia_only,2023-08-05 09:04:00,2023-08-11 02:24:00,M->L,unknown,
中医田应旭,wemedia_only,2023-08-11 02:24:00,2023-08-14 12:47:00,L->H,norisk,0.5
中医田应旭,wemedia_only,2023-08-14 12:47:00,2023-08-15 15:19:00,H->M,unknown,
中医田应旭,wemedia_only,2023-08-15 15:19:00,2023-08-24 02:22:00,M->M,risk,1.0
中医田应旭,wemedia_only,2023-08-24 02:22:00,2023-08-24 02:46:00,M->M,unknown,
中医田应旭,wemedia_only,2023-08-24 02:46:00,2023-09-01 14:10:00,M->L,unknown,
中医田应旭,wemedia_only,2023-09-01 14:10:00,2023-09-03 09:59:00,L->M,norisk,0.0
中医田应旭,wemedia_only,2023-09-03 09:59:00,2023-10-04 15:37:00,M->M,unknown,
中医田应旭,wemedia_only,2023-10-04 15:37:00,2023-10-04 23:36:00,M->M,unknown,
中医田应旭,wemedia_only,2023-10-04 23:36:00,2023-11-17 00:16:00,M->M,unknown,
中医田应旭,wemedia_only,2023-11-17 00:16:00,2024-01-23 02:17:00,M->M,unknown,
中医米奇,no_media,2023-02-08 15:45:00,2023-02-08 15:58:00,M->M,unknown,
中医米奇,no_media,2023-02-08 15:58:00,2023-02-12 15:20:00,M->L,unknown,
中医米奇,no_media,2023-02-12 15:20:00,2023-02-12 15:24:00,L->M,unknown,
中医米奇,no_media,2023-02-12 15:24:00,2023-02-12 15:30:00,M->M,unknown,
中医米奇,no_media,2023-02-12 15:30:00,2023-02-15 13:53:00,M->M,unknown,
中医米奇,no_media,2023-02-15 13:53:00,2023-02-15 16:49:00,M->L,unknown,
中医米奇,no_media,2023-02-15 16:49:00,2023-02-19 14:19:00,L->M,unknown,
中医米奇,no_media,2023-02-19 14:19:00,2023-02-21 15:55:00,M->M,unknown,
中医米奇,no_media,2023-02-21 15:55:00,2023-03-01 16:48:00,M->M,unknown,
中医肖阁敏,no_media,2022-11-24 23:11:00,2023-01-25 10:28:00,M->M,unknown,
中医肖阁敏,no_media,2023-01-25 10:28:00,2023-08-04 21:15:00,M->M,unknown,
中医肖阁敏,no_media,2023-08-04 21:15:00,2023-11-03 18:43:00,M->M,unknown,
中医范圣华,wemedia_only,2023-01-07 11:59:00,2023-01-15 12:09:00,M->M,risk,1.0
中医范圣华,wemedia_only,2023-01-15 12:09:00,2023-01-16 08:30:00,M->M,risk,1.0
中医范圣华,wemedia_only,2023-01-16 08:30:00,2023-01-17 08:30:00,M->M,risk,1.0
中医范圣华,wemedia_only,2023-01-17 08:30:00,2023-01-18 08:30:00,M->M,risk,1.0
中医范圣华,wemedia_only,2023-01-18 08:30:00,2023-01-19 08:30:00,M->M,risk,1.0
中医范圣华,wemedia_only,2023-01-19 08:30:00,2023-01-20 08:30:00,M->M,norisk,0.0
中医范圣华,wemedia_only,2023-01-20 08:30:00,2023-01-21 12:18:00,M->M,risk,1.0
中医范圣华,wemedia_only,2023-01-21 12:18:00,2023-01-22 12:30:00,M->M,norisk,0.0
中医范圣华,wemedia_only,2023-01-22 12:30:00,2023-02-20 14:59:00,M->M,risk,1.0
中医范圣华,wemedia_only,2023-02-20 14:59:00,2023-02-22 08:45:00,M->M,risk,1.0
中医范圣华,wemedia_only,2023-02-22 08:45:00,2023-02-24 07:54:00,M->M,norisk,0.0
中医范圣华,wemedia_only,2023-02-24 07:54:00,2023-02-25 07:54:00,M->M,norisk,0.0
中医范圣华,wemedia_only,2023-02-25 07:54:00,2023-02-28 08:31:00,M->M,norisk,0.0
中医范圣华,wemedia_only,2023-02-28 08:31:00,2023-03-04 08:04:00,M->M,norisk,0.0
中医范圣华,wemedia_only,2023-03-04 08:04:00,2023-05-31 16:47:00,M->M,norisk,0.0
中医范圣华,wemedia_only,2023-05-31 16:47:00,2023-06-13 09:00:00,M->M,norisk,0.0
中医范圣华,wemedia_only,2023-06-13 09:00:00,2023-06-28 08:30:00,M->M,norisk,0.0
中医许煜超,wemedia_only,2023-08-04 11:57:00,2023-09-04 12:02:00,M->M,risk,1.0
中医许玲莉,no_media,2023-01-12 16:08:00,2023-03-22 10:45:00,M->M,unknown,
中医许玲莉,no_media,2023-03-22 10:45:00,2023-04-08 15:12:00,M->M,unknown,
中医郑锦洪,no_media,2023-02-24 18:40:00,2023-03-10 17:22:00,M->M,unknown,
中医郑锦洪,no_media,2023-03-10 17:22:00,2023-04-03 17:24:00,M->M,unknown,
中医陈-立发,no_media,2023-07-23 22:12:00,2023-07-27 19:52:00,M->M,unknown,
中医陈-立发,no_media,2023-07-27 19:52:00,2023-09-24 15:27:00,M->M,unknown,
中医黄锐,wemedia_only,2023-07-28 17:24:00,2023-08-18 12:21:00,M->M,risk,1.0
中原常哥,no_media,2022-03-14 13:44:00,2022-03-14 13:44:00,M->H,unknown,
中原常哥,no_media,2022-03-14 13:44:00,2022-03-14 13:45:00,H->M,unknown,
中原网,no_media,2020-02-18 21:17:07,2020-04-23 15:34:20,M->M,unknown,
中原网,no_media,2020-04-23 15:34:20,2020-12-31 22:53:22,M->M,unknown,
中原网,no_media,2020-12-31 22:53:22,2021-12-18 16:41:25,M->M,unknown,
中原网,no_media,2021-12-18 16:41:25,2022-01-07 19:21:01,M->M,unknown,
中原网,no_media,2022-01-07 19:21:01,2022-03-14 16:27:00,M->M,unknown,
中原网,no_media,2022-03-14 16:27:00,2022-03-14 16:27:20,M->M,unknown,
中原网,no_media,2022-03-14 16:27:20,2022-04-01 22:21:59,M->M,unknown,
中原网,no_media,2022-04-01 22:21:59,2022-04-27 11:10:12,M->M,unknown,
中原网,no_media,2022-04-27 11:10:12,2022-12-08 15:22:39,M->M,unknown,
中国中医药报,no_media,2020-04-16 10:07:04,2020-04-27 10:35:06,M->M,unknown,
中国中医药报,no_media,2020-04-27 10:35:06,2020-06-05 07:52:48,M->M,unknown,
中国中医药报,no_media,2020-06-05 07:52:48,2020-07-24 11:58:05,M->M,unknown,
中国中医药报,no_media,2020-07-24 11:58:05,2020-08-10 14:50:09,M->M,unknown,
中国中医药报,no_media,2020-08-10 14:50:09,2020-10-15 18:30:53,M->M,unknown,
中国中医药报,no_media,2020-10-15 18:30:53,2020-11-16 13:11:25,M->M,unknown,
中国中医药报,no_media,2020-11-16 13:11:25,2021-02-25 10:00:33,M->M,unknown,
中国中医药报,no_media,2021-02-25 10:00:33,2021-03-04 19:32:12,M->M,unknown,
中国中医药报,no_media,2021-03-04 19:32:12,2021-03-05 22:58:28,M->M,unknown,
中国中医药报,no_media,2021-03-05 22:58:28,2021-03-10 12:28:50,M->M,unknown,
中国中医药报,no_media,2021-03-10 12:28:50,2021-04-19 10:05:10,M->M,unknown,
中国中医药报,no_media,2021-04-19 10:05:10,2021-06-09 23:57:27,M->M,unknown,
中国中医药报,no_media,2021-06-09 23:57:27,2021-06-24 11:04:03,M->M,unknown,
中国中医药报,no_media,2021-06-24 11:04:03,2021-12-06 13:46:07,M->M,unknown,
中国中医药报,no_media,2021-12-06 13:46:07,2021-12-27 11:41:09,M->M,unknown,
中国中医药报,no_media,2021-12-27 11:41:09,2022-01-12 11:17:13,M->M,unknown,
中国中医药报,no_media,2022-01-12 11:17:13,2022-01-13 11:18:05,M->M,unknown,
中国中医药报,no_media,2022-01-13 11:18:05,2022-01-20 10:13:07,M->M,unknown,
中国中医药报,no_media,2022-01-20 10:13:07,2022-02-01 14:31:43,M->M,unknown,
中国中医药报,no_media,2022-02-01 14:31:43,2022-03-10 16:38:38,M->M,unknown,
中国中医药报,no_media,2022-03-10 16:38:38,2022-03-14 14:05:55,M->M,unknown,
中国中医药报,no_media,2022-03-14 14:05:55,2022-03-14 14:06:48,M->M,unknown,
中国中医药报,no_media,2022-03-14 14:06:48,2022-06-02 13:15:34,M->M,unknown,
中国中医药报,no_media,2022-06-02 13:15:34,2022-12-08 10:33:27,M->M,unknown,
中国中医药报,no_media,2022-12-08 10:33:27,2022-12-15 16:46:00,M->M,unknown,
中国中医药报,no_media,2022-12-15 16:46:00,2022-12-19 10:16:14,M->M,unknown,
中国中医药报,no_media,2022-12-19 10:16:14,2022-12-26 14:10:00,M->M,unknown,
中国中医药报,no_media,2022-12-26 14:10:00,2022-12-28 11:02:03,M->M,unknown,
中国中医药报,no_media,2022-12-28 11:02:03,2022-12-30 13:01:00,M->M,unknown,
中国中医药报,no_media,2022-12-30 13:01:00,2023-01-04 10:52:15,M->M,unknown,
中国中医药报,no_media,2023-01-04 10:52:15,2023-01-05 10:49:47,M->M,unknown,
中国中医药报,no_media,2023-01-05 10:49:47,2023-01-11 11:43:00,M->M,unknown,
中国中医药报,no_media,2023-01-11 11:43:00,2023-01-16 13:12:00,M->M,unknown,
中国中医药报,no_media,2023-01-16 13:12:00,2023-01-19 10:34:42,M->M,unknown,
中国中医药报,no_media,2023-01-19 10:34:42,2023-01-31 10:48:00,M->M,unknown,
中国中医药报,no_media,2023-01-31 10:48:00,2023-01-31 14:59:00,M->M,unknown,
中国中医药报,no_media,2023-01-31 14:59:00,2023-02-06 16:52:01,M->M,unknown,
中国中医药报,no_media,2023-02-06 16:52:01,2023-02-10 16:47:00,M->M,unknown,
中国中医药报,no_media,2023-02-10 16:47:00,2023-02-17 17:09:00,M->M,unknown,
中国中医药报,no_media,2023-02-17 17:09:00,2023-02-27 13:21:00,M->M,unknown,
中国中医药报,no_media,2023-02-27 13:21:00,2023-02-28 13:38:08,M->M,unknown,
中国中医药报,no_media,2023-02-28 13:38:08,2023-03-01 14:34:00,M->M,unknown,
中国中医药报,no_media,2023-03-01 14:34:00,2023-04-07 13:47:01,M->M,unknown,
中国中医药报,no_media,2023-04-07 13:47:01,2023-04-13 16:23:00,M->M,unknown,
中国中医药报,no_media,2023-04-13 16:23:00,2023-05-12 15:18:00,M->M,unknown,
中国中医药报,no_media,2023-05-12 15:18:00,2023-07-03 10:04:22,M->M,unknown,
中国中医药报,no_media,2023-07-03 10:04:22,2023-10-20 16:36:00,M->M,unknown,
中国中医药报,no_media,2023-10-20 16:36:00,2023-10-23 11:14:00,M->M,unknown,
中国中医药报,no_media,2023-10-23 11:14:00,2024-02-04 14:11:22,M->M,unknown,
中国中医药报,no_media,2024-02-04 14:11:22,2024-03-08 11:54:22,M->M,unknown,
中国中医药报,no_media,2024-03-08 11:54:22,2024-08-23 10:27:51,M->M,unknown,
中国互联网联合辟谣平台,no_media,2021-08-25 20:08:03,2022-12-23 10:40:05,M->M,unknown,
中国互联网联合辟谣平台,no_media,2022-12-23 10:40:05,2022-12-27 15:02:50,M->M,unknown,
中国互联网联合辟谣平台,no_media,2022-12-27 15:02:50,2022-12-28 15:26:29,M->M,unknown,
中国互联网联合辟谣平台,no_media,2022-12-28 15:26:29,2023-01-04 10:42:10,M->M,unknown,
中国互联网联合辟谣平台,no_media,2023-01-04 10:42:10,2023-05-29 13:13:28,M->M,unknown,
中国侨网,no_media,2020-03-01 14:17:46,2020-03-07 13:11:48,M->M,unknown,
中国侨网,no_media,2020-03-07 13:11:48,2020-03-18 18:49:30,M->M,unknown,
中国侨网,no_media,2020-03-18 18:49:30,2020-04-23 15:49:05,M->M,unknown,
中国侨网,no_media,2020-04-23 15:49:05,2020-05-20 14:36:09,M->M,unknown,
中国侨网,no_media,2020-05-20 14:36:09,2020-07-31 07:31:08,M->M,unknown,
中国侨网,no_media,2020-07-31 07:31:08,2020-09-11 14:06:14,M->M,unknown,
中国侨网,no_media,2020-09-11 14:06:14,2021-02-20 16:48:03,M->M,unknown,
中国侨网,no_media,2021-02-20 16:48:03,2021-03-06 09:17:13,M->M,unknown,
中国侨网,no_media,2021-03-06 09:17:13,2021-04-13 13:37:36,M->M,unknown,
中国侨网,no_media,2021-04-13 13:37:36,2021-08-16 17:00:03,M->H,unknown,
中国侨网,no_media,2021-08-16 17:00:03,2021-09-04 18:59:03,H->M,unknown,
中国侨网,no_media,2021-09-04 18:59:03,2021-11-26 09:48:48,M->M,unknown,
中国侨网,no_media,2021-11-26 09:48:48,2021-12-09 15:35:43,M->M,unknown,
中国侨网,no_media,2021-12-09 15:35:43,2022-01-01 11:31:00,M->M,unknown,
中国侨网,no_media,2022-01-01 11:31:00,2022-01-08 17:12:00,M->M,unknown,
中国侨网,no_media,2022-01-08 17:12:00,2022-03-19 16:37:10,M->M,unknown,
中国侨网,no_media,2022-03-19 16:37:10,2022-04-04 14:32:50,M->M,unknown,
中国侨网,no_media,2022-04-04 14:32:50,2022-04-18 10:36:51,M->M,unknown,
中国侨网,no_media,2022-04-18 10:36:51,2022-04-18 11:23:57,M->M,unknown,
中国侨网,no_media,2022-04-18 11:23:57,2022-04-19 07:56:38,M->M,unknown,
中国侨网,no_media,2022-04-19 07:56:38,2022-04-19 11:48:14,M->M,unknown,
中国侨网,no_media,2022-04-19 11:48:14,2022-04-22 21:08:04,M->M,unknown,
中国侨网,no_media,2022-04-22 21:08:04,2022-04-25 08:36:43,M->M,unknown,
中国侨网,no_media,2022-04-25 08:36:43,2022-04-25 10:53:59,M->M,unknown,
中国侨网,no_media,2022-04-25 10:53:59,2022-04-27 17:34:50,M->M,unknown,
中国侨网,no_media,2022-04-27 17:34:50,2022-04-29 10:33:41,M->M,unknown,
中国侨网,no_media,2022-04-29 10:33:41,2022-04-30 09:04:22,M->M,unknown,
中国侨网,no_media,2022-04-30 09:04:22,2022-05-02 07:57:28,M->M,unknown,
中国侨网,no_media,2022-05-02 07:57:28,2022-05-03 08:02:22,M->M,unknown,
中国侨网,no_media,2022-05-03 08:02:22,2022-05-15 07:55:49,M->M,unknown,
中国吉林网,no_media,2020-03-10 21:08:25,2020-04-23 16:45:03,M->M,unknown,
中国吉林网,no_media,2020-04-23 16:45:03,2020-04-26 13:48:57,M->M,unknown,
中国吉林网,no_media,2020-04-26 13:48:57,2021-01-28 15:30:04,M->M,unknown,
中国吉林网,no_media,2021-01-28 15:30:04,2021-03-15 10:29:03,M->M,unknown,
中国吉林网,no_media,2021-03-15 10:29:03,2021-05-15 19:04:12,M->M,unknown,
中国吉林网,no_media,2021-05-15 19:04:12,2022-01-12 10:24:23,M->M,unknown,
中国吉林网,no_media,2022-01-12 10:24:23,2022-04-02 15:06:00,M->M,unknown,
中国吉林网,no_media,2022-04-02 15:06:00,2022-12-08 11:22:15,M->M,unknown,
中国吉林网,no_media,2022-12-08 11:22:15,2022-12-25 17:16:35,M->M,unknown,
中国吉林网,no_media,2022-12-25 17:16:35,2022-12-30 11:55:00,M->M,unknown,
中国吉林网,no_media,2022-12-30 11:55:00,2023-01-08 12:05:10,M->M,unknown,
中国商报,no_media,2020-02-20 09:12:29,2020-02-26 13:58:11,M->M,unknown,
中国商报,no_media,2020-02-26 13:58:11,2020-04-23 16:03:57,M->M,unknown,
中国商报,no_media,2020-04-23 16:03:57,2020-11-25 22:29:07,M->M,unknown,
中国商报,no_media,2020-11-25 22:29:07,2021-01-22 16:40:27,M->M,unknown,
中国商报,no_media,2021-01-22 16:40:27,2021-03-16 21:38:08,M->M,unknown,
中国商报,no_media,2021-03-16 21:38:08,2021-04-06 15:02:50,M->M,unknown,
中国商报,no_media,2021-04-06 15:02:50,2021-04-09 16:32:07,M->M,unknown,
中国商报,no_media,2021-04-09 16:32:07,2021-08-19 17:46:53,M->M,unknown,
中国商报,no_media,2021-08-19 17:46:53,2021-09-30 19:55:21,M->M,unknown,
中国商报,no_media,2021-09-30 19:55:21,2021-12-03 11:40:37,M->M,unknown,
中国商报,no_media,2021-12-03 11:40:37,2022-02-12 16:01:14,M->M,unknown,
中国商报,no_media,2022-02-12 16:01:14,2022-03-06 11:32:54,M->M,unknown,
中国商报,no_media,2022-03-06 11:32:54,2022-03-23 17:22:33,M->M,unknown,
中国商报,no_media,2022-03-23 17:22:33,2022-11-24 15:44:20,M->M,unknown,
中国商报,no_media,2022-11-24 15:44:20,2022-12-15 11:05:44,M->M,unknown,
中国商报,no_media,2022-12-15 11:05:44,2022-12-22 15:49:52,M->M,unknown,
中国商报,no_media,2022-12-22 15:49:52,2023-02-26 16:59:03,M->M,unknown,
中国大学生在线,no_media,2022-03-14 14:52:00,2022-03-14 15:40:00,M->M,unknown,
中国妇女报,no_media,2021-04-18 08:35:03,2022-03-18 16:30:57,M->M,unknown,
中国宁波网,no_media,2021-01-07 09:08:58,2021-04-28 09:08:50,M->M,unknown,
中国宁波网,no_media,2021-04-28 09:08:50,2021-10-26 12:56:01,M->H,unknown,
中国宁波网,no_media,2021-10-26 12:56:01,2022-04-27 10:27:32,H->M,unknown,
中国宁波网,no_media,2022-04-27 10:27:32,2022-12-14 17:07:12,M->M,unknown,
中国宁波网,no_media,2022-12-14 17:07:12,2022-12-16 13:44:56,M->M,unknown,
中国宁波网,no_media,2022-12-16 13:44:56,2023-01-03 10:33:00,M->M,unknown,
中国工业报,no_media,2020-02-21 09:57:33,2020-02-21 14:01:28,M->M,unknown,
中国工业报,no_media,2020-02-21 14:01:28,2024-01-03 14:58:00,M->M,unknown,
中国搜索,no_media,2020-02-14 23:09:03,2020-02-16 23:49:04,H->M,unknown,
中国搜索,no_media,2020-02-16 23:49:04,2020-02-20 10:24:50,M->M,unknown,
中国搜索,no_media,2020-02-20 10:24:50,2020-02-20 18:09:14,M->M,unknown,
中国搜索,no_media,2020-02-20 18:09:14,2020-02-20 20:06:25,M->M,unknown,
中国搜索,no_media,2020-02-20 20:06:25,2020-02-26 12:04:28,M->M,unknown,
中国搜索,no_media,2020-02-26 12:04:28,2020-03-05 18:01:19,M->M,unknown,
中国搜索,no_media,2020-03-05 18:01:19,2020-03-13 07:44:29,M->M,unknown,
中国搜索,no_media,2020-03-13 07:44:29,2020-03-25 10:33:21,M->M,unknown,
中国搜索,no_media,2020-03-25 10:33:21,2020-04-16 09:45:03,M->M,unknown,
中国搜索,no_media,2020-04-16 09:45:03,2020-05-28 10:13:38,M->M,unknown,
中国搜索,no_media,2020-05-28 10:13:38,2020-09-11 16:24:03,M->M,unknown,
中国搜索,no_media,2020-09-11 16:24:03,2021-04-09 14:52:45,M->M,unknown,
中国搜索,no_media,2021-04-09 14:52:45,2022-01-08 16:17:26,M->M,unknown,
中国搜索,no_media,2022-01-08 16:17:26,2022-02-12 10:57:43,M->M,unknown,
中国搜索,no_media,2022-02-12 10:57:43,2022-04-23 07:56:29,M->M,unknown,
中国搜索,no_media,2022-04-23 07:56:29,2022-04-24 08:24:16,M->M,unknown,
中国搜索,no_media,2022-04-24 08:24:16,2022-04-28 07:50:41,M->M,unknown,
中国搜索,no_media,2022-04-28 07:50:41,2022-05-03 07:55:30,M->M,unknown,
中国搜索,no_media,2022-05-03 07:55:30,2022-05-06 07:59:23,M->M,unknown,
中国搜索,no_media,2022-05-06 07:59:23,2022-05-26 08:43:12,M->M,unknown,
中国搜索,no_media,2022-05-26 08:43:12,2023-01-18 18:23:00,M->M,unknown,
中国教育报,no_media,2020-06-08 15:04:30,2021-02-20 16:45:55,M->M,unknown,
中国教育报,no_media,2021-02-20 16:45:55,2022-12-07 14:09:18,M->M,unknown,
中国教育报,no_media,2022-12-07 14:09:18,2022-12-15 16:56:18,M->M,unknown,
中国教育报,no_media,2022-12-15 16:56:18,2023-01-03 14:10:14,M->M,unknown,
中国教育报,no_media,2023-01-03 14:10:14,2023-01-09 18:30:00,M->M,unknown,
中国教育报,no_media,2023-01-09 18:30:00,2023-01-11 15:00:45,M->M,unknown,
中国教育报,no_media,2023-01-11 15:00:45,2023-06-26 09:30:00,M->M,unknown,
中国教育报,no_media,2023-06-26 09:30:00,2023-09-15 21:00:00,M->M,unknown,
中国教育报,no_media,2023-09-15 21:00:00,2024-04-03 14:30:00,M->M,unknown,
中国教育报,no_media,2024-04-03 14:30:00,2024-06-14 20:30:00,M->M,unknown,
中国新闻报,no_media,2021-08-03 15:08:50,2021-11-25 10:15:00,M->M,unknown,
中国新闻报,no_media,2021-11-25 10:15:00,2021-12-09 14:50:03,M->M,unknown,
中国新闻报,no_media,2021-12-09 14:50:03,2022-05-06 09:25:28,M->M,unknown,
中国新闻社,no_media,2018-12-05 14:04:28,2019-01-08 18:28:40,M->M,unknown,
中国新闻社,no_media,2019-01-08 18:28:40,2020-02-21 11:15:25,M->M,unknown,
中国新闻社,no_media,2020-02-21 11:15:25,2020-03-03 17:27:43,M->M,unknown,
中国新闻社,no_media,2020-03-03 17:27:43,2020-03-07 14:30:03,M->M,unknown,
中国新闻社,no_media,2020-03-07 14:30:03,2020-03-13 17:08:00,M->M,unknown,
中国新闻社,no_media,2020-03-13 17:08:00,2020-03-14 16:51:08,M->M,unknown,
中国新闻社,no_media,2020-03-14 16:51:08,2020-03-25 11:46:59,M->M,unknown,
中国新闻社,no_media,2020-03-25 11:46:59,2020-04-08 16:15:39,M->M,unknown,
中国新闻社,no_media,2020-04-08 16:15:39,2020-04-21 16:00:07,M->M,unknown,
中国新闻社,no_media,2020-04-21 16:00:07,2020-04-21 16:40:17,M->M,unknown,
中国新闻社,no_media,2020-04-21 16:40:17,2020-04-23 15:32:57,M->M,unknown,
中国新闻社,no_media,2020-04-23 15:32:57,2020-05-20 14:21:14,M->M,unknown,
中国新闻社,no_media,2020-05-20 14:21:14,2020-07-23 21:51:03,M->M,unknown,
中国新闻社,no_media,2020-07-23 21:51:03,2020-07-30 23:53:11,M->M,unknown,
中国新闻社,no_media,2020-07-30 23:53:11,2020-08-03 11:56:03,M->M,unknown,
中国新闻社,no_media,2020-08-03 11:56:03,2020-08-24 11:30:03,M->M,unknown,
中国新闻社,no_media,2020-08-24 11:30:03,2020-09-11 13:53:35,M->M,unknown,
中国新闻社,no_media,2020-09-11 13:53:35,2020-09-11 14:09:45,M->M,unknown,
中国新闻社,no_media,2020-09-11 14:09:45,2020-10-23 12:03:03,M->M,unknown,
中国新闻社,no_media,2020-10-23 12:03:03,2020-12-24 08:27:52,M->M,unknown,
中国新闻社,no_media,2020-12-24 08:27:52,2021-05-23 15:27:03,M->M,unknown,
中国新闻社,no_media,2021-05-23 15:27:03,2021-07-08 21:30:03,M->M,unknown,
中国新闻社,no_media,2021-07-08 21:30:03,2021-09-04 16:11:46,M->M,unknown,
中国新闻社,no_media,2021-09-04 16:11:46,2021-12-31 13:58:00,M->M,unknown,
中国新闻社,no_media,2021-12-31 13:58:00,2022-01-08 15:59:38,M->M,unknown,
中国新闻社,no_media,2022-01-08 15:59:38,2022-03-28 09:48:59,M->M,unknown,
中国新闻社,no_media,2022-03-28 09:48:59,2022-04-02 11:45:01,M->M,unknown,
中国新闻社,no_media,2022-04-02 11:45:01,2022-04-19 07:53:21,M->M,unknown,
中国新闻社,no_media,2022-04-19 07:53:21,2022-04-24 10:18:48,M->M,unknown,
中国新闻社,no_media,2022-04-24 10:18:48,2022-04-25 07:51:29,M->M,unknown,
中国新闻社,no_media,2022-04-25 07:51:29,2022-04-25 10:15:37,M->M,unknown,
中国新闻社,no_media,2022-04-25 10:15:37,2022-04-27 07:48:19,M->M,unknown,
中国新闻社,no_media,2022-04-27 07:48:19,2022-04-28 10:24:57,M->M,unknown,
中国新闻社,no_media,2022-04-28 10:24:57,2022-04-29 07:50:36,M->M,unknown,
中国新闻社,no_media,2022-04-29 07:50:36,2022-04-29 10:31:09,M->M,unknown,
中国新闻社,no_media,2022-04-29 10:31:09,2022-05-02 07:58:25,M->M,unknown,
中国新闻社,no_media,2022-05-02 07:58:25,2022-05-03 08:04:25,M->M,unknown,
中国新闻社,no_media,2022-05-03 08:04:25,2022-05-04 10:16:29,M->M,unknown,
中国新闻社,no_media,2022-05-04 10:16:29,2022-05-05 07:47:10,M->M,unknown,
中国新闻社,no_media,2022-05-05 07:47:10,2022-05-06 07:53:01,M->M,unknown,
中国新闻社,no_media,2022-05-06 07:53:01,2022-05-07 07:51:05,M->M,unknown,
中国新闻社,no_media,2022-05-07 07:51:05,2022-05-10 07:49:17,M->M,unknown,
中国新闻社,no_media,2022-05-10 07:49:17,2022-05-11 07:46:47,M->M,unknown,
中国新闻社,no_media,2022-05-11 07:46:47,2022-05-16 07:56:50,M->M,unknown,
中国新闻社,no_media,2022-05-16 07:56:50,2022-05-22 07:59:58,M->M,unknown,
中国新闻社,no_media,2022-05-22 07:59:58,2022-05-24 07:49:20,M->M,unknown,
中国新闻社,no_media,2022-05-24 07:49:20,2022-05-27 15:19:12,M->M,unknown,
中国新闻社,no_media,2022-05-27 15:19:12,2022-05-27 15:43:33,M->M,unknown,
中国新闻社,no_media,2022-05-27 15:43:33,2022-05-29 22:40:00,M->M,unknown,
中国新闻社,no_media,2022-05-29 22:40:00,2022-12-07 20:48:44,M->M,unknown,
中国新闻社,no_media,2022-12-07 20:48:44,2022-12-16 15:48:12,M->M,unknown,
中国新闻社,no_media,2022-12-16 15:48:12,2022-12-25 16:57:39,M->M,unknown,
中国新闻社,no_media,2022-12-25 16:57:39,2023-01-01 19:02:30,M->M,unknown,
中国新闻社,no_media,2023-01-01 19:02:30,2023-01-13 21:25:08,M->M,unknown,
中国新闻社贵州分社,no_media,2020-02-26 12:47:38,2020-03-07 14:14:47,M->M,unknown,
中国新闻社贵州分社,no_media,2020-03-07 14:14:47,2020-04-21 17:23:17,M->M,unknown,
中国新闻社贵州分社,no_media,2020-04-21 17:23:17,2020-09-11 14:00:30,M->M,unknown,
中国新闻社贵州分社,no_media,2020-09-11 14:00:30,2022-02-02 09:00:04,M->M,unknown,
中国新闻社贵州分社,no_media,2022-02-02 09:00:04,2022-03-30 10:51:50,M->M,unknown,
中国新闻社贵州分社,no_media,2022-03-30 10:51:50,2022-04-02 13:40:00,M->M,unknown,
中国新闻社贵州分社,no_media,2022-04-02 13:40:00,2022-09-04 12:52:57,M->M,unknown,
中国新闻社贵州分社,no_media,2022-09-04 12:52:57,2022-12-13 18:59:00,M->M,unknown,
中国旅游报,no_media,2020-02-11 15:55:22,2021-07-29 17:06:25,M->M,unknown,
中国旅游报,no_media,2021-07-29 17:06:25,2021-08-03 15:52:25,M->M,unknown,
中国旅游报,no_media,2021-08-03 15:52:25,2022-02-24 16:57:17,M->M,unknown,
中国日报-英语点津,no_media,2020-09-01 12:10:09,2021-03-29 11:36:20,M->M,unknown,
中国日报-英语点津,no_media,2021-03-29 11:36:20,2022-05-12 13:30:02,M->M,unknown,
中国日报-英语点津,no_media,2022-05-12 13:30:02,2022-05-16 08:16:21,M->M,unknown,
中国日报-英语点津,no_media,2022-05-16 08:16:21,2022-08-03 09:19:21,M->M,unknown,
中国日报-英语点津,no_media,2022-08-03 09:19:21,2022-08-23 09:16:58,M->M,unknown,
中国日报-英语点津,no_media,2022-08-23 09:16:58,2022-09-26 08:33:35,M->M,unknown,
中国日报-英语点津,no_media,2022-09-26 08:33:35,2022-12-04 11:00:01,M->M,unknown,
中国日报-英语点津,no_media,2022-12-04 11:00:01,2022-12-07 17:03:23,M->M,unknown,
中国日报-英语点津,no_media,2022-12-07 17:03:23,2023-01-25 11:14:28,M->M,unknown,
中国日报中文网,no_media,2021-01-22 16:52:29,2021-04-09 20:48:03,M->M,unknown,
中国日报中文网,no_media,2021-04-09 20:48:03,2021-04-17 08:40:03,M->M,unknown,
中国日报中文网,no_media,2021-04-17 08:40:03,2021-07-08 19:37:03,M->M,unknown,
中国日报中文网,no_media,2021-07-08 19:37:03,2022-03-19 16:15:30,M->M,unknown,
中国日报中文网,no_media,2022-03-19 16:15:30,2022-04-27 18:13:02,M->M,unknown,
中国日报中文网,no_media,2022-04-27 18:13:02,2022-05-16 09:15:51,M->M,unknown,
中国日报中文网,no_media,2022-05-16 09:15:51,2022-12-15 16:58:35,M->M,unknown,
中国日报中文网,no_media,2022-12-15 16:58:35,2022-12-30 09:39:08,M->M,unknown,
中国日报网,no_media,2020-03-07 15:30:03,2020-03-10 10:55:03,M->M,unknown,
中国日报网,no_media,2020-03-10 10:55:03,2020-03-18 21:00:05,M->M,unknown,
中国日报网,no_media,2020-03-18 21:00:05,2020-04-08 10:44:34,M->M,unknown,
中国日报网,no_media,2020-04-08 10:44:34,2020-04-29 10:25:46,M->M,unknown,
中国日报网,no_media,2020-04-29 10:25:46,2020-12-24 08:30:03,M->M,unknown,
中国日报网,no_media,2020-12-24 08:30:03,2021-01-18 10:51:15,M->M,unknown,
中国日报网,no_media,2021-01-18 10:51:15,2021-01-25 09:30:03,M->M,unknown,
中国日报网,no_media,2021-01-25 09:30:03,2021-02-13 12:57:27,M->M,unknown,
中国日报网,no_media,2021-02-13 12:57:27,2021-04-09 20:30:03,M->M,unknown,
中国日报网,no_media,2021-04-09 20:30:03,2021-08-03 17:00:03,M->M,unknown,
中国日报网,no_media,2021-08-03 17:00:03,2022-03-14 13:31:00,M->H,unknown,
中国日报网,no_media,2022-03-14 13:31:00,2022-03-14 13:31:35,H->M,unknown,
中国日报网,no_media,2022-03-14 13:31:35,2022-03-23 08:00:00,M->M,unknown,
中国日报网,no_media,2022-03-23 08:00:00,2022-04-17 14:22:20,M->M,unknown,
中国日报网,no_media,2022-04-17 14:22:20,2022-04-19 11:15:01,M->M,unknown,
中国日报网,no_media,2022-04-19 11:15:01,2022-04-24 07:54:17,M->M,unknown,
中国日报网,no_media,2022-04-24 07:54:17,2022-04-24 18:30:00,M->M,unknown,
中国日报网,no_media,2022-04-24 18:30:00,2022-04-25 13:08:36,M->M,unknown,
中国日报网,no_media,2022-04-25 13:08:36,2022-04-26 07:56:50,M->M,unknown,
中国日报网,no_media,2022-04-26 07:56:50,2022-04-27 08:26:02,M->M,unknown,
中国日报网,no_media,2022-04-27 08:26:02,2022-04-27 18:00:03,M->M,unknown,
中国日报网,no_media,2022-04-27 18:00:03,2022-04-28 07:51:11,M->M,unknown,
中国日报网,no_media,2022-04-28 07:51:11,2022-05-03 07:50:46,M->M,unknown,
中国日报网,no_media,2022-05-03 07:50:46,2022-05-04 10:31:19,M->M,unknown,
中国日报网,no_media,2022-05-04 10:31:19,2022-05-06 07:52:34,M->M,unknown,
中国日报网,no_media,2022-05-06 07:52:34,2022-05-07 07:55:09,M->M,unknown,
中国日报网,no_media,2022-05-07 07:55:09,2022-05-10 07:55:27,M->M,unknown,
中国日报网,no_media,2022-05-10 07:55:27,2022-05-12 07:52:20,M->M,unknown,
中国日报网,no_media,2022-05-12 07:52:20,2022-05-18 08:12:46,M->M,unknown,
中国日报网,no_media,2022-05-18 08:12:46,2022-05-24 07:54:19,M->M,unknown,
中国日报网,no_media,2022-05-24 07:54:19,2022-05-26 07:48:35,M->M,unknown,
中国日报网,no_media,2022-05-26 07:48:35,2022-06-08 15:47:09,M->M,unknown,
中国日报网,no_media,2022-06-08 15:47:09,2022-07-06 19:20:14,M->M,unknown,
中国日报网,no_media,2022-07-06 19:20:14,2022-08-03 08:46:25,M->M,unknown,
中国日报网,no_media,2022-08-03 08:46:25,2022-09-06 16:06:20,M->M,unknown,
中国日报网,no_media,2022-09-06 16:06:20,2022-09-08 17:00:43,M->M,unknown,
中国日报网,no_media,2022-09-08 17:00:43,2022-12-01 09:41:12,M->M,unknown,
中国日报网,no_media,2022-12-01 09:41:12,2022-12-07 09:03:04,M->M,unknown,
中国日报网,no_media,2022-12-07 09:03:04,2022-12-07 20:46:29,M->M,unknown,
中国日报网,no_media,2022-12-07 20:46:29,2022-12-08 07:31:16,M->M,unknown,
中国日报网,no_media,2022-12-08 07:31:16,2022-12-08 09:06:35,M->M,unknown,
中国日报网,no_media,2022-12-08 09:06:35,2022-12-11 08:30:00,M->M,unknown,
中国日报网,no_media,2022-12-11 08:30:00,2022-12-15 20:00:01,M->M,unknown,
中国日报网,no_media,2022-12-15 20:00:01,2022-12-16 10:00:00,M->M,unknown,
中国日报网,no_media,2022-12-16 10:00:00,2022-12-16 11:30:01,M->M,unknown,
中国日报网,no_media,2022-12-16 11:30:01,2022-12-27 08:02:36,M->M,unknown,
中国日报网,no_media,2022-12-27 08:02:36,2022-12-27 08:29:36,M->M,unknown,
中国日报网,no_media,2022-12-27 08:29:36,2023-01-02 17:00:41,M->M,unknown,
中国日报网,no_media,2023-01-02 17:00:41,2023-01-18 22:00:04,M->M,unknown,
中国日报网,no_media,2023-01-18 22:00:04,2023-02-17 07:54:52,M->M,unknown,
中国日报网,no_media,2023-02-17 07:54:52,2023-05-28 12:31:41,M->M,unknown,
中国气象局,no_media,2017-12-11 16:30:03,2021-04-09 17:00:03,M->M,unknown,
中国水运报,no_media,2020-02-20 09:23:41,2021-04-13 09:37:21,M->M,unknown,
中国水运报,no_media,2021-04-13 09:37:21,2022-11-24 14:07:39,M->M,unknown,
中国水运报,no_media,2022-11-24 14:07:39,2022-11-29 15:41:42,M->M,unknown,
中国水运报,no_media,2022-11-29 15:41:42,2022-12-30 15:59:44,M->M,unknown,
中国水运报,no_media,2022-12-30 15:59:44,2023-01-01 16:32:30,M->M,unknown,
中国水运杂志,no_media,2021-04-13 14:30:03,2021-04-13 15:30:03,M->M,unknown,
中国江苏网,no_media,2020-02-19 07:49:34,2020-02-24 13:07:48,M->M,unknown,
中国江苏网,no_media,2020-02-24 13:07:48,2020-04-12 11:55:45,M->M,unknown,
中国江苏网,no_media,2020-04-12 11:55:45,2021-04-06 14:25:49,M->M,unknown,
中国江苏网,no_media,2021-04-06 14:25:49,2021-08-13 11:54:21,M->M,unknown,
中国江苏网,no_media,2021-08-13 11:54:21,2021-08-15 11:21:32,M->M,unknown,
中国江苏网,no_media,2021-08-15 11:21:32,2021-09-04 20:33:31,M->M,unknown,
中国江苏网,no_media,2021-09-04 20:33:31,2022-05-26 08:19:27,M->M,unknown,
中国江苏网,no_media,2022-05-26 08:19:27,2022-12-07 13:36:22,M->M,unknown,
中国江苏网,no_media,2022-12-07 13:36:22,2022-12-08 09:09:36,M->M,unknown,
中国江苏网,no_media,2022-12-08 09:09:36,2022-12-09 10:36:28,M->M,unknown,
中国江苏网,no_media,2022-12-09 10:36:28,2022-12-09 16:00:13,M->M,unknown,
中国江苏网,no_media,2022-12-09 16:00:13,2022-12-15 17:29:43,M->M,unknown,
中国江苏网,no_media,2022-12-15 17:29:43,2022-12-21 22:16:43,M->M,unknown,
中国江苏网,no_media,2022-12-21 22:16:43,2023-01-18 16:03:17,M->M,unknown,
中国江西网,no_media,2020-04-01 10:59:39,2020-11-15 09:38:30,M->M,unknown,
中国江西网,no_media,2020-11-15 09:38:30,2021-01-17 09:33:11,M->M,unknown,
中国消费者报,no_media,2020-02-17 14:26:03,2020-02-20 10:49:51,M->M,unknown,
中国消费者报,no_media,2020-02-20 10:49:51,2020-02-21 14:59:03,M->M,unknown,
中国消费者报,no_media,2020-02-21 14:59:03,2020-03-02 16:31:03,M->M,unknown,
中国消费者报,no_media,2020-03-02 16:31:03,2020-04-21 16:30:04,M->M,unknown,
中国消费者报,no_media,2020-04-21 16:30:04,2021-01-08 10:37:01,M->M,unknown,
中国消费者报,no_media,2021-01-08 10:37:01,2021-04-06 15:49:14,M->M,unknown,
中国消费者报,no_media,2021-04-06 15:49:14,2022-12-26 15:17:00,M->M,unknown,
中国消费者报,no_media,2022-12-26 15:17:00,2023-02-28 12:02:44,M->M,unknown,
中国环境,no_media,2017-07-04 10:04:25,2020-02-20 08:37:49,M->M,unknown,
中国环境,no_media,2020-02-20 08:37:49,2020-04-23 19:49:03,M->M,unknown,
中国环境,no_media,2020-04-23 19:49:03,2023-01-02 22:03:52,M->M,unknown,
中国环境,no_media,2023-01-02 22:03:52,2023-01-09 09:01:01,M->M,unknown,
中国环境,no_media,2023-01-09 09:01:01,2023-06-28 14:16:35,M->M,unknown,
中国环境,no_media,2023-06-28 14:16:35,2024-03-17 18:37:01,M->M,unknown,
中国环境,no_media,2024-03-17 18:37:01,2024-03-28 09:50:20,M->M,unknown,
中国科学报,no_media,2020-01-28 21:10:16,2020-02-05 08:53:58,M->M,unknown,
中国科学报,no_media,2020-02-05 08:53:58,2020-04-20 18:19:28,M->M,unknown,
中国科学报,no_media,2020-04-20 18:19:28,2020-04-22 09:08:28,M->M,unknown,
中国科学报,no_media,2020-04-22 09:08:28,2020-06-18 10:05:51,M->M,unknown,
中国科学报,no_media,2020-06-18 10:05:51,2020-06-18 12:17:03,M->M,unknown,
中国科学报,no_media,2020-06-18 12:17:03,2020-07-22 17:21:20,M->M,unknown,
中国科学报,no_media,2020-07-22 17:21:20,2021-01-16 18:13:04,M->M,unknown,
中国科学报,no_media,2021-01-16 18:13:04,2021-02-05 12:09:32,M->M,unknown,
中国科学报,no_media,2021-02-05 12:09:32,2021-03-07 13:38:01,M->M,unknown,
中国科学报,no_media,2021-03-07 13:38:01,2021-09-14 10:36:38,M->M,unknown,
中国科学报,no_media,2021-09-14 10:36:38,2021-09-28 09:43:29,M->M,unknown,
中国科学报,no_media,2021-09-28 09:43:29,2021-12-14 16:23:13,M->M,unknown,
中国科学报,no_media,2021-12-14 16:23:13,2022-02-11 12:26:52,M->M,unknown,
中国科学报,no_media,2022-02-11 12:26:52,2022-03-21 13:14:00,M->M,unknown,
中国科学报,no_media,2022-03-21 13:14:00,2023-01-05 12:01:00,M->M,unknown,
中国科普网,no_media,2020-01-28 22:21:09,2020-02-17 14:40:51,M->M,unknown,
中国科普网,no_media,2020-02-17 14:40:51,2020-02-19 11:25:18,M->M,unknown,
中国科普网,no_media,2020-02-19 11:25:18,2020-03-07 13:22:17,M->M,unknown,
中国科普网,no_media,2020-03-07 13:22:17,2020-08-03 11:25:44,M->M,unknown,
中国科普网,no_media,2020-08-03 11:25:44,2021-02-20 18:57:49,M->M,unknown,
中国科普网,no_media,2021-02-20 18:57:49,2021-05-28 20:03:21,M->M,unknown,
中国科普网,no_media,2021-05-28 20:03:21,2021-08-03 14:28:50,M->M,unknown,
中国科普网,no_media,2021-08-03 14:28:50,2022-01-12 15:48:58,M->M,unknown,
中国科普网,no_media,2022-01-12 15:48:58,2022-11-29 19:46:10,M->M,unknown,
中国科普网,no_media,2022-11-29 19:46:10,2023-02-17 15:14:47,M->M,unknown,
中国经济周刊,no_media,2022-01-12 15:38:09,2022-01-17 17:12:35,M->M,unknown,
中国经济周刊,no_media,2022-01-17 17:12:35,2022-03-19 16:11:19,M->M,unknown,
中国经济周刊,no_media,2022-03-19 16:11:19,2022-04-17 19:21:27,M->M,unknown,
中国经济周刊,no_media,2022-04-17 19:21:27,2022-04-27 15:02:11,M->M,unknown,
中国经济周刊,no_media,2022-04-27 15:02:11,2022-04-28 07:59:10,M->M,unknown,
中国经济周刊,no_media,2022-04-28 07:59:10,2022-05-04 10:16:29,M->M,unknown,
中国经济周刊,no_media,2022-05-04 10:16:29,2022-05-05 07:56:13,M->M,unknown,
中国经济周刊,no_media,2022-05-05 07:56:13,2022-07-09 18:04:58,M->M,unknown,
中国经济周刊,no_media,2022-07-09 18:04:58,2022-07-27 17:50:11,M->M,unknown,
中国经济周刊,no_media,2022-07-27 17:50:11,2022-10-14 14:08:55,M->M,unknown,
中国经济周刊,no_media,2022-10-14 14:08:55,2022-12-01 22:10:00,M->M,unknown,
中国经济周刊,no_media,2022-12-01 22:10:00,2022-12-08 08:38:12,M->M,unknown,
中国经济周刊,no_media,2022-12-08 08:38:12,2022-12-15 18:24:47,M->M,unknown,
中国经济周刊,no_media,2022-12-15 18:24:47,2022-12-27 09:26:13,M->M,unknown,
中国经济周刊,no_media,2022-12-27 09:26:13,2022-12-30 14:07:37,M->M,unknown,
中国经济周刊,no_media,2022-12-30 14:07:37,2023-05-28 10:37:08,M->M,unknown,
中国绿发会,no_media,2018-09-21 21:05:58,2018-10-22 16:11:58,M->M,unknown,
中国绿发会,no_media,2018-10-22 16:11:58,2021-08-01 21:05:46,M->M,unknown,
中国绿发会,no_media,2021-08-01 21:05:46,2022-03-22 16:16:21,M->M,unknown,
中国绿发会,no_media,2022-03-22 16:16:21,2023-02-10 09:44:19,M->M,unknown,
中国绿发会,no_media,2023-02-10 09:44:19,2023-02-20 15:32:17,M->M,unknown,
中国绿发会,no_media,2023-02-20 15:32:17,2023-06-13 08:58:09,M->M,unknown,
中国绿色时报,no_media,2023-06-09 09:36:26,2024-05-15 14:53:37,M->M,unknown,
中国网,no_media,2020-02-15 09:39:03,2020-02-17 06:23:06,M->M,unknown,
中国网,no_media,2020-02-17 06:23:06,2020-02-20 12:46:03,M->M,unknown,
中国网,no_media,2020-02-20 12:46:03,2020-03-19 22:00:03,M->M,unknown,
中国网,no_media,2020-03-19 22:00:03,2020-03-28 22:01:03,M->M,unknown,
中国网,no_media,2020-03-28 22:01:03,2020-12-24 08:22:13,M->M,unknown,
中国网,no_media,2020-12-24 08:22:13,2021-01-22 16:56:33,M->M,unknown,
中国网,no_media,2021-01-22 16:56:33,2021-01-25 18:30:03,M->M,unknown,
中国网,no_media,2021-01-25 18:30:03,2021-02-20 20:30:03,M->M,unknown,
中国网,no_media,2021-02-20 20:30:03,2021-04-02 18:30:03,M->M,unknown,
中国网,no_media,2021-04-02 18:30:03,2021-04-13 08:56:26,M->M,unknown,
中国网,no_media,2021-04-13 08:56:26,2021-11-25 17:30:02,M->M,unknown,
中国网,no_media,2021-11-25 17:30:02,2021-12-03 09:30:01,M->M,unknown,
中国网,no_media,2021-12-03 09:30:01,2022-01-20 10:35:00,M->M,unknown,
中国网,no_media,2022-01-20 10:35:00,2022-02-12 17:00:04,M->M,unknown,
中国网,no_media,2022-02-12 17:00:04,2022-04-19 08:58:19,M->M,unknown,
中国网,no_media,2022-04-19 08:58:19,2022-04-24 08:40:06,M->M,unknown,
中国网,no_media,2022-04-24 08:40:06,2022-04-25 08:36:26,M->M,unknown,
中国网,no_media,2022-04-25 08:36:26,2022-04-30 09:04:40,M->M,unknown,
中国网,no_media,2022-04-30 09:04:40,2022-05-01 09:35:17,M->M,unknown,
中国网,no_media,2022-05-01 09:35:17,2022-05-03 08:34:10,M->M,unknown,
中国网,no_media,2022-05-03 08:34:10,2022-05-04 09:25:30,M->M,unknown,
中国网,no_media,2022-05-04 09:25:30,2022-05-05 08:53:34,M->M,unknown,
中国网,no_media,2022-05-05 08:53:34,2022-05-07 08:38:40,M->M,unknown,
中国网,no_media,2022-05-07 08:38:40,2022-05-08 08:03:06,M->M,unknown,
中国网,no_media,2022-05-08 08:03:06,2022-05-13 08:35:57,M->M,unknown,
中国网,no_media,2022-05-13 08:35:57,2022-05-15 08:04:59,M->M,unknown,
中国网,no_media,2022-05-15 08:04:59,2022-05-16 09:11:56,M->M,unknown,
中国网,no_media,2022-05-16 09:11:56,2022-05-18 08:59:01,M->M,unknown,
中国网,no_media,2022-05-18 08:59:01,2022-05-24 08:35:33,M->M,unknown,
中国网,no_media,2022-05-24 08:35:33,2022-05-26 08:22:23,M->M,unknown,
中国网,no_media,2022-05-26 08:22:23,2022-05-27 16:17:55,M->M,unknown,
中国网,no_media,2022-05-27 16:17:55,2022-05-27 16:26:20,M->M,unknown,
中国网,no_media,2022-05-27 16:26:20,2022-12-07 14:20:27,M->M,unknown,
中国网,no_media,2022-12-07 14:20:27,2022-12-09 16:28:00,M->M,unknown,
中国网,no_media,2022-12-09 16:28:00,2022-12-14 18:03:00,M->M,unknown,
中国网,no_media,2022-12-14 18:03:00,2022-12-15 18:02:02,M->M,unknown,
中国网,no_media,2022-12-15 18:02:02,2023-01-03 16:46:00,M->M,unknown,
中国网,no_media,2023-01-03 16:46:00,2023-05-28 16:00:01,M->M,unknown,
中国网,no_media,2023-05-28 16:00:01,2023-11-13 14:30:00,M->M,unknown,
中国网,no_media,2023-11-13 14:30:00,2023-12-13 18:30:00,M->M,unknown,
中国网新闻中心,no_media,2020-02-13 21:30:04,2020-02-15 08:21:32,M->M,unknown,
中国网新闻中心,no_media,2020-02-15 08:21:32,2020-02-19 08:55:26,M->M,unknown,
中国网新闻中心,no_media,2020-02-19 08:55:26,2020-02-20 07:37:45,M->M,unknown,
中国网新闻中心,no_media,2020-02-20 07:37:45,2020-03-24 14:00:03,M->M,unknown,
中国网新闻中心,no_media,2020-03-24 14:00:03,2021-02-20 15:30:03,M->M,unknown,
中国网新闻中心,no_media,2021-02-20 15:30:03,2021-02-26 09:35:03,M->M,unknown,
中国网新闻中心,no_media,2021-02-26 09:35:03,2021-04-06 15:30:03,M->M,unknown,
中国网新闻中心,no_media,2021-04-06 15:30:03,2021-04-09 15:30:03,M->M,unknown,
中国网新闻中心,no_media,2021-04-09 15:30:03,2022-03-14 14:30:00,M->M,unknown,
中国网新闻中心,no_media,2022-03-14 14:30:00,2022-03-14 14:30:01,M->M,unknown,
中国网新闻中心,no_media,2022-03-14 14:30:01,2022-05-05 09:09:10,M->M,unknown,
中国网新闻中心,no_media,2022-05-05 09:09:10,2022-05-24 08:52:43,M->M,unknown,
中国网新闻中心,no_media,2022-05-24 08:52:43,2022-10-14 09:15:00,M->M,unknown,
中国网新闻中心,no_media,2022-10-14 09:15:00,2022-11-24 22:34:01,M->M,unknown,
中国网新闻中心,no_media,2022-11-24 22:34:01,2022-11-29 21:30:01,M->M,unknown,
中国网新闻中心,no_media,2022-11-29 21:30:01,2022-12-07 13:57:01,M->M,unknown,
中国网新闻中心,no_media,2022-12-07 13:57:01,2022-12-15 19:00:01,M->M,unknown,
中国网新闻中心,no_media,2022-12-15 19:00:01,2022-12-18 19:20:00,M->M,unknown,
中国网新闻中心,no_media,2022-12-18 19:20:00,2022-12-19 12:28:00,M->M,unknown,
中国网新闻中心,no_media,2022-12-19 12:28:00,2022-12-27 16:50:01,M->M,unknown,
中国网新闻中心,no_media,2022-12-27 16:50:01,2023-01-03 08:07:45,M->M,unknown,
中国网新闻中心,no_media,2023-01-03 08:07:45,2023-01-03 10:34:48,M->M,unknown,
中国网新闻中心,no_media,2023-01-03 10:34:48,2024-03-17 18:30:55,M->M,unknown,
中国网直播,no_media,2020-04-14 19:38:34,2021-03-28 16:31:11,M->M,unknown,
中国网直播,no_media,2021-03-28 16:31:11,2021-05-31 16:44:20,M->M,unknown,
中国网直播,no_media,2021-05-31 16:44:20,2022-12-07 17:11:28,M->M,unknown,
中国网直播,no_media,2022-12-07 17:11:28,2023-05-18 15:03:47,M->M,unknown,
中国网财经,no_media,2021-03-29 11:15:38,2022-04-17 13:09:15,M->M,unknown,
中国网财经,no_media,2022-04-17 13:09:15,2022-05-31 14:45:57,M->M,unknown,
中国网财经,no_media,2022-05-31 14:45:57,2022-11-04 16:08:40,M->M,unknown,
中国网财经,no_media,2022-11-04 16:08:40,2022-11-19 11:16:53,M->M,unknown,
中国网财经,no_media,2022-11-19 11:16:53,2022-11-24 14:48:45,M->M,unknown,
中国网财经,no_media,2022-11-24 14:48:45,2022-12-01 11:43:10,M->M,unknown,
中国网财经,no_media,2022-12-01 11:43:10,2022-12-01 15:05:28,M->M,unknown,
中国网财经,no_media,2022-12-01 15:05:28,2022-12-01 16:42:41,M->M,unknown,
中国网财经,no_media,2022-12-01 16:42:41,2022-12-04 15:12:13,M->M,unknown,
中国网财经,no_media,2022-12-04 15:12:13,2022-12-05 18:01:00,M->M,unknown,
中国网财经,no_media,2022-12-05 18:01:00,2022-12-07 13:30:52,M->M,unknown,
中国网财经,no_media,2022-12-07 13:30:52,2022-12-08 07:44:19,M->M,unknown,
中国网财经,no_media,2022-12-08 07:44:19,2022-12-11 21:19:49,M->M,unknown,
中国网财经,no_media,2022-12-11 21:19:49,2022-12-14 15:34:42,M->M,unknown,
中国网财经,no_media,2022-12-14 15:34:42,2022-12-15 18:10:50,M->M,unknown,
中国网财经,no_media,2022-12-15 18:10:50,2022-12-19 11:34:45,M->M,unknown,
中国网财经,no_media,2022-12-19 11:34:45,2022-12-24 18:18:46,M->M,unknown,
中国网财经,no_media,2022-12-24 18:18:46,2022-12-26 13:18:54,M->M,unknown,
中国网财经,no_media,2022-12-26 13:18:54,2022-12-30 10:38:37,M->M,unknown,
中国网财经,no_media,2022-12-30 10:38:37,2022-12-30 15:51:04,M->M,unknown,
中国网财经,no_media,2022-12-30 15:51:04,2023-06-02 08:24:29,M->M,unknown,
中国网财经,no_media,2023-06-02 08:24:29,2024-01-14 15:07:49,M->M,unknown,
中国长安网,no_media,2020-02-16 21:40:33,2020-02-16 22:32:41,M->M,unknown,
中国长安网,no_media,2020-02-16 22:32:41,2020-02-16 23:16:22,M->M,unknown,
中国长安网,no_media,2020-02-16 23:16:22,2020-02-18 16:16:30,M->M,unknown,
中国长安网,no_media,2020-02-18 16:16:30,2020-02-20 15:39:48,M->M,unknown,
中国长安网,no_media,2020-02-20 15:39:48,2020-04-14 18:57:42,M->M,unknown,
中国长安网,no_media,2020-04-14 18:57:42,2022-12-09 14:02:02,M->M,unknown,
中国青年报,no_media,2023-01-24 16:00:03,2024-03-16 21:00:00,M->M,unknown,
中国青年网,no_media,2020-02-20 09:07:43,2020-03-03 09:34:44,M->M,unknown,
中国青年网,no_media,2020-03-03 09:34:44,2020-12-24 09:35:03,M->M,unknown,
中国青年网,no_media,2020-12-24 09:35:03,2021-01-07 21:38:47,M->M,unknown,
中国青年网,no_media,2021-01-07 21:38:47,2021-01-22 17:44:51,M->M,unknown,
中国青年网,no_media,2021-01-22 17:44:51,2021-04-08 09:33:03,M->M,unknown,
中国青年网,no_media,2021-04-08 09:33:03,2021-07-29 14:38:44,M->M,unknown,
中国青年网,no_media,2021-07-29 14:38:44,2022-04-06 12:40:00,M->M,unknown,
中国青年网,no_media,2022-04-06 12:40:00,2022-04-25 08:56:00,M->M,unknown,
中国青年网,no_media,2022-04-25 08:56:00,2022-04-28 09:27:00,M->M,unknown,
中国青年网,no_media,2022-04-28 09:27:00,2022-05-01 08:27:19,M->M,unknown,
中国青年网,no_media,2022-05-01 08:27:19,2022-05-10 07:55:45,M->M,unknown,
中国青年网,no_media,2022-05-10 07:55:45,2022-05-24 07:51:02,M->M,unknown,
中国青年网,no_media,2022-05-24 07:51:02,2022-12-07 14:36:00,M->M,unknown,
中国青年网,no_media,2022-12-07 14:36:00,2022-12-08 08:31:33,M->M,unknown,
中国青年网,no_media,2022-12-08 08:31:33,2022-12-31 09:13:00,M->M,unknown,
中国青年网,no_media,2022-12-31 09:13:00,2022-12-31 11:29:00,M->M,unknown,
中国青年网,no_media,2022-12-31 11:29:00,2023-01-09 19:11:04,M->M,unknown,
中国青年网,no_media,2023-01-09 19:11:04,2023-01-12 11:33:00,M->M,unknown,
中国青年网,no_media,2023-01-12 11:33:00,2023-01-15 17:56:00,M->M,unknown,
中国食品报,no_media,2020-02-16 18:33:09,2020-02-20 09:09:48,M->M,unknown,
中国食品报,no_media,2020-02-20 09:09:48,2020-03-30 16:03:14,M->M,unknown,
中国食品报,no_media,2020-03-30 16:03:14,2020-04-28 11:09:00,M->M,unknown,
中国食品报,no_media,2020-04-28 11:09:00,2020-05-28 10:21:53,M->M,unknown,
中国食品报,no_media,2020-05-28 10:21:53,2020-05-29 10:48:29,M->M,unknown,
中国食品报,no_media,2020-05-29 10:48:29,2020-10-29 14:21:54,M->M,unknown,
中宏网,no_media,2020-02-08 19:24:12,2020-04-22 14:00:25,M->M,unknown,
中宏网,no_media,2020-04-22 14:00:25,2020-04-23 15:45:09,M->M,unknown,
中宏网,no_media,2020-04-23 15:45:09,2021-08-03 14:35:17,M->M,unknown,
中宏网,no_media,2021-08-03 14:35:17,2021-11-25 13:45:03,M->M,unknown,
中宏网,no_media,2021-11-25 13:45:03,2021-11-30 20:46:58,M->M,unknown,
中宏网,no_media,2021-11-30 20:46:58,2021-12-03 10:58:43,M->M,unknown,
中宏网,no_media,2021-12-03 10:58:43,2022-03-14 19:45:00,M->M,unknown,
中宏网,no_media,2022-03-14 19:45:00,2022-03-14 19:45:01,M->M,unknown,
中宏网,no_media,2022-03-14 19:45:01,2022-04-04 14:47:44,M->M,unknown,
中宏网,no_media,2022-04-04 14:47:44,2022-04-18 11:01:19,M->M,unknown,
中宏网,no_media,2022-04-18 11:01:19,2022-04-23 09:14:44,M->M,unknown,
中宏网,no_media,2022-04-23 09:14:44,2022-04-26 09:50:56,M->M,unknown,
中宏网,no_media,2022-04-26 09:50:56,2022-04-27 11:52:20,M->M,unknown,
中宏网,no_media,2022-04-27 11:52:20,2022-04-28 10:06:28,M->M,unknown,
中宏网,no_media,2022-04-28 10:06:28,2022-05-03 11:00:12,M->M,unknown,
中宏网,no_media,2022-05-03 11:00:12,2022-05-05 14:25:36,M->M,unknown,
中宏网,no_media,2022-05-05 14:25:36,2022-05-07 11:45:07,M->M,unknown,
中宏网,no_media,2022-05-07 11:45:07,2022-11-03 08:48:57,M->M,unknown,
中宏网,no_media,2022-11-03 08:48:57,2022-12-01 14:01:19,M->M,unknown,
中宏网,no_media,2022-12-01 14:01:19,2022-12-07 13:42:24,M->M,unknown,
中宏网,no_media,2022-12-07 13:42:24,2022-12-08 18:16:02,M->M,unknown,
中宏网,no_media,2022-12-08 18:16:02,2022-12-11 09:57:09,M->M,unknown,
中宏网,no_media,2022-12-11 09:57:09,2022-12-15 17:26:02,M->M,unknown,
中宏网,no_media,2022-12-15 17:26:02,2022-12-16 09:15:11,M->M,unknown,
中宏网,no_media,2022-12-16 09:15:11,2022-12-18 14:42:49,M->M,unknown,
中宏网,no_media,2022-12-18 14:42:49,2022-12-19 08:52:53,M->M,unknown,
中宏网,no_media,2022-12-19 08:52:53,2022-12-21 07:34:55,M->M,unknown,
中宏网,no_media,2022-12-21 07:34:55,2022-12-23 19:26:00,M->M,unknown,
中宏网,no_media,2022-12-23 19:26:00,2023-01-21 12:57:20,M->M,unknown,
中工网,no_media,2021-04-09 08:37:36,2021-08-13 07:33:06,M->M,unknown,
中工网,no_media,2021-08-13 07:33:06,2022-01-08 15:51:02,M->M,unknown,
中工网,no_media,2022-01-08 15:51:02,2022-01-12 08:26:25,M->M,unknown,
中工网,no_media,2022-01-12 08:26:25,2022-04-06 09:43:54,M->M,unknown,
中工网,no_media,2022-04-06 09:43:54,2022-04-17 10:23:51,M->M,unknown,
中工网,no_media,2022-04-17 10:23:51,2022-04-17 14:14:19,M->M,unknown,
中工网,no_media,2022-04-17 14:14:19,2022-04-19 09:35:25,M->M,unknown,
中工网,no_media,2022-04-19 09:35:25,2022-04-23 08:29:46,M->M,unknown,
中工网,no_media,2022-04-23 08:29:46,2022-04-24 08:00:28,M->M,unknown,
中工网,no_media,2022-04-24 08:00:28,2022-04-25 07:54:58,M->M,unknown,
中工网,no_media,2022-04-25 07:54:58,2022-04-25 13:11:53,M->M,unknown,
中工网,no_media,2022-04-25 13:11:53,2022-04-26 07:54:10,M->M,unknown,
中工网,no_media,2022-04-26 07:54:10,2022-04-28 07:55:56,M->M,unknown,
中工网,no_media,2022-04-28 07:55:56,2022-05-01 08:37:40,M->M,unknown,
中工网,no_media,2022-05-01 08:37:40,2022-05-03 07:56:42,M->M,unknown,
中工网,no_media,2022-05-03 07:56:42,2022-05-04 07:51:58,M->M,unknown,
中工网,no_media,2022-05-04 07:51:58,2022-05-05 08:20:47,M->M,unknown,
中工网,no_media,2022-05-05 08:20:47,2022-05-06 07:53:05,M->M,unknown,
中工网,no_media,2022-05-06 07:53:05,2022-05-07 07:53:06,M->M,unknown,
中工网,no_media,2022-05-07 07:53:06,2022-05-08 07:59:39,M->M,unknown,
中工网,no_media,2022-05-08 07:59:39,2022-05-09 07:53:15,M->M,unknown,
中工网,no_media,2022-05-09 07:53:15,2022-05-10 07:50:19,M->M,unknown,
中工网,no_media,2022-05-10 07:50:19,2022-05-11 07:49:24,M->M,unknown,
中工网,no_media,2022-05-11 07:49:24,2022-05-12 07:50:33,M->M,unknown,
中工网,no_media,2022-05-12 07:50:33,2022-05-13 07:49:36,M->M,unknown,
中工网,no_media,2022-05-13 07:49:36,2022-05-14 08:17:54,M->M,unknown,
中工网,no_media,2022-05-14 08:17:54,2022-05-15 09:27:48,M->M,unknown,
中工网,no_media,2022-05-15 09:27:48,2022-05-16 07:50:07,M->M,unknown,
中工网,no_media,2022-05-16 07:50:07,2022-05-16 07:51:31,M->M,unknown,
中工网,no_media,2022-05-16 07:51:31,2022-05-18 07:51:33,M->M,unknown,
中工网,no_media,2022-05-18 07:51:33,2022-05-22 08:07:36,M->M,unknown,
中工网,no_media,2022-05-22 08:07:36,2022-05-24 07:49:08,M->M,unknown,
中工网,no_media,2022-05-24 07:49:08,2022-05-26 07:57:35,M->M,unknown,
中工网,no_media,2022-05-26 07:57:35,2022-06-26 16:59:07,M->M,unknown,
中工网,no_media,2022-06-26 16:59:07,2022-07-04 10:43:57,M->M,unknown,
中工网,no_media,2022-07-04 10:43:57,2022-08-25 14:58:30,M->M,unknown,
中工网,no_media,2022-08-25 14:58:30,2022-12-07 14:31:53,M->M,unknown,
中工网,no_media,2022-12-07 14:31:53,2022-12-16 10:45:29,M->M,unknown,
中工网,no_media,2022-12-16 10:45:29,2022-12-19 10:11:18,M->M,unknown,
中工网,no_media,2022-12-19 10:11:18,2022-12-23 13:26:11,M->M,unknown,
中工网,no_media,2022-12-23 13:26:11,2022-12-26 13:23:33,M->M,unknown,
中工网,no_media,2022-12-26 13:23:33,2022-12-26 14:07:39,M->M,unknown,
中工网,no_media,2022-12-26 14:07:39,2022-12-29 07:37:45,M->M,unknown,
中工网,no_media,2022-12-29 07:37:45,2022-12-31 07:32:39,M->M,unknown,
中工网,no_media,2022-12-31 07:32:39,2023-01-05 10:37:28,M->M,unknown,
中工网,no_media,2023-01-05 10:37:28,2023-01-13 10:04:00,M->M,unknown,
中工网,no_media,2023-01-13 10:04:00,2023-01-13 10:04:41,M->M,unknown,
中工网,no_media,2023-01-13 10:04:41,2023-01-15 11:23:59,M->M,unknown,
中工网,no_media,2023-01-15 11:23:59,2023-01-16 13:55:51,M->M,unknown,
中工网,no_media,2023-01-16 13:55:51,2023-01-18 15:20:46,M->M,unknown,
中工网,no_media,2023-01-18 15:20:46,2023-03-01 08:21:51,M->M,unknown,
中工网,no_media,2023-03-01 08:21:51,2023-03-20 15:25:31,M->M,unknown,
中工网,no_media,2023-03-20 15:25:31,2023-12-02 15:50:57,M->M,unknown,
中工网,no_media,2023-12-02 15:50:57,2024-01-14 15:09:23,M->M,unknown,
中捷司法,no_media,2020-03-05 20:16:14,2020-04-15 08:57:52,M->M,unknown,
中捷司法,no_media,2020-04-15 08:57:52,2020-05-28 10:19:57,M->M,unknown,
中捷司法,no_media,2020-05-28 10:19:57,2021-03-29 11:21:38,M->M,unknown,
中捷司法,no_media,2021-03-29 11:21:38,2021-04-17 08:19:18,M->M,unknown,
中捷司法,no_media,2021-04-17 08:19:18,2021-07-30 20:24:11,M->M,unknown,
中新山西,no_media,2020-01-24 11:46:11,2020-01-31 23:12:07,M->M,unknown,
中新山西,no_media,2020-01-31 23:12:07,2022-03-17 00:29:57,M->M,unknown,
中新山西,no_media,2022-03-17 00:29:57,2023-01-19 10:02:00,M->M,unknown,
中新浙里,no_media,2020-02-15 10:09:26,2020-05-28 08:53:20,M->M,unknown,
中新浙里,no_media,2020-05-28 08:53:20,2021-02-20 16:14:26,M->M,unknown,
中新浙里,no_media,2021-02-20 16:14:26,2021-03-16 09:18:37,M->M,unknown,
中新浙里,no_media,2021-03-16 09:18:37,2021-04-09 17:08:25,M->M,unknown,
中新浙里,no_media,2021-04-09 17:08:25,2021-08-03 13:48:06,M->M,unknown,
中新浙里,no_media,2021-08-03 13:48:06,2021-12-15 17:25:22,M->M,unknown,
中新浙里,no_media,2021-12-15 17:25:22,2022-01-04 11:31:19,M->M,unknown,
中新浙里,no_media,2022-01-04 11:31:19,2022-03-06 09:38:21,M->M,unknown,
中新浙里,no_media,2022-03-06 09:38:21,2022-05-07 09:56:57,M->M,unknown,
中新浙里,no_media,2022-05-07 09:56:57,2022-05-23 09:32:32,M->M,unknown,
中新浙里,no_media,2022-05-23 09:32:32,2022-05-25 00:20:41,M->M,unknown,
中新浙里,no_media,2022-05-25 00:20:41,2022-05-26 22:13:30,M->M,unknown,
中新浙里,no_media,2022-05-26 22:13:30,2022-05-31 13:05:39,M->M,unknown,
中新浙里,no_media,2022-05-31 13:05:39,2022-09-02 19:54:10,M->M,unknown,
中新浙里,no_media,2022-09-02 19:54:10,2022-12-05 09:38:00,M->M,unknown,
中新浙里,no_media,2022-12-05 09:38:00,2022-12-22 08:15:51,M->M,unknown,
中新浙里,no_media,2022-12-22 08:15:51,2022-12-26 14:07:23,M->M,unknown,
中新浙里,no_media,2022-12-26 14:07:23,2022-12-26 15:04:59,M->M,unknown,
中新浙里,no_media,2022-12-26 15:04:59,2022-12-27 14:43:21,M->M,unknown,
中新浙里,no_media,2022-12-27 14:43:21,2023-01-02 16:31:18,M->M,unknown,
中新浙里,no_media,2023-01-02 16:31:18,2023-01-03 14:06:20,M->M,unknown,
中新浙里,no_media,2023-01-03 14:06:20,2023-01-04 11:28:30,M->M,unknown,
中新社何蒋勇,no_media,2022-01-12 11:58:57,2022-02-12 10:46:18,M->M,unknown,
中新社河北分社,no_media,2020-02-19 14:28:03,2021-04-06 15:18:09,M->M,unknown,
中新社河北分社,no_media,2021-04-06 15:18:09,2021-12-31 18:44:00,M->M,unknown,
中新社河北分社,no_media,2021-12-31 18:44:00,2023-01-02 09:15:03,M->M,unknown,
中新社福建,no_media,2020-02-20 09:24:57,2020-08-03 15:34:54,M->M,unknown,
中新社福建,no_media,2020-08-03 15:34:54,2022-01-08 16:59:48,M->M,unknown,
中新社福建,no_media,2022-01-08 16:59:48,2022-10-27 23:10:03,M->M,unknown,
中新社福建,no_media,2022-10-27 23:10:03,2022-12-18 23:18:08,M->M,unknown,
中新社重庆分社,no_media,2020-09-11 16:39:09,2021-12-03 12:24:02,M->M,unknown,
中新社重庆分社,no_media,2021-12-03 12:24:02,2021-12-31 21:24:48,M->M,unknown,
中新社重庆分社,no_media,2021-12-31 21:24:48,2023-01-02 16:02:11,M->M,unknown,
中新网海南,no_media,2020-02-17 14:55:03,2020-02-17 18:00:04,M->M,unknown,
中新网海南,no_media,2020-02-17 18:00:04,2020-02-26 15:55:03,M->M,unknown,
中新网海南,no_media,2020-02-26 15:55:03,2020-10-23 11:30:03,M->M,unknown,
中新网海南,no_media,2020-10-23 11:30:03,2021-05-31 15:13:47,M->M,unknown,
中新网海南,no_media,2021-05-31 15:13:47,2021-07-20 16:07:44,M->M,unknown,
中新网海南,no_media,2021-07-20 16:07:44,2022-04-01 23:32:00,M->M,unknown,
中新网海南,no_media,2022-04-01 23:32:00,2022-08-18 10:25:34,M->M,unknown,
中新网海南,no_media,2022-08-18 10:25:34,2022-10-01 11:43:01,M->M,unknown,
中新网海南,no_media,2022-10-01 11:43:01,2022-12-07 13:30:12,M->M,unknown,
中新网海南,no_media,2022-12-07 13:30:12,2022-12-17 17:13:09,M->M,unknown,
中新网海南,no_media,2022-12-17 17:13:09,2022-12-27 15:11:54,M->M,unknown,
中新视频,no_media,2020-03-16 12:15:34,2020-04-23 20:59:25,M->M,unknown,
中新视频,no_media,2020-04-23 20:59:25,2020-09-12 22:07:03,M->M,unknown,
中新视频,no_media,2020-09-12 22:07:03,2020-09-26 13:44:29,M->M,unknown,
中新视频,no_media,2020-09-26 13:44:29,2021-01-18 21:02:42,M->M,unknown,
中新视频,no_media,2021-01-18 21:02:42,2021-02-26 10:27:04,M->M,unknown,
中新视频,no_media,2021-02-26 10:27:04,2021-09-22 16:00:02,M->M,unknown,
中新视频,no_media,2021-09-22 16:00:02,2021-12-09 20:25:02,M->M,unknown,
中新视频,no_media,2021-12-09 20:25:02,2021-12-31 14:14:09,M->M,unknown,
中新视频,no_media,2021-12-31 14:14:09,2022-03-22 20:00:04,M->M,unknown,
中新视频,no_media,2022-03-22 20:00:04,2022-04-09 20:44:22,M->M,unknown,
中新视频,no_media,2022-04-09 20:44:22,2022-04-18 11:18:11,M->M,unknown,
中新视频,no_media,2022-04-18 11:18:11,2022-04-19 10:46:07,M->M,unknown,
中新视频,no_media,2022-04-19 10:46:07,2022-04-24 11:23:30,M->M,unknown,
中新视频,no_media,2022-04-24 11:23:30,2022-04-24 12:18:49,M->M,unknown,
中新视频,no_media,2022-04-24 12:18:49,2022-10-13 17:29:11,M->M,unknown,
中新视频,no_media,2022-10-13 17:29:11,2022-12-09 15:10:07,M->M,unknown,
中新视频,no_media,2022-12-09 15:10:07,2022-12-11 16:04:09,M->M,unknown,
中科大胡不归,no_media,2020-02-10 23:26:11,2020-03-17 11:20:23,H->M,unknown,
中科大胡不归,no_media,2020-03-17 11:20:23,2020-03-21 22:10:46,M->M,unknown,
中科大胡不归,no_media,2020-03-21 22:10:46,2020-03-27 23:37:35,M->H,unknown,
中科大胡不归,no_media,2020-03-27 23:37:35,2020-04-10 11:50:16,H->M,unknown,
中科大胡不归,no_media,2020-04-10 11:50:16,2020-04-14 23:28:19,M->M,unknown,
中科大胡不归,no_media,2020-04-14 23:28:19,2020-05-12 18:48:31,M->M,unknown,
中科大胡不归,no_media,2020-05-12 18:48:31,2020-06-23 22:15:22,M->M,unknown,
中科大胡不归,no_media,2020-06-23 22:15:22,2021-02-03 13:57:38,M->M,unknown,
中科大胡不归,no_media,2021-02-03 13:57:38,2022-04-11 09:15:57,M->M,unknown,
中科大胡不归,no_media,2022-04-11 09:15:57,2022-04-19 14:57:13,M->H,unknown,
中科大胡不归,no_media,2022-04-19 14:57:13,2022-05-03 09:26:30,H->M,unknown,
中科大胡不归,no_media,2022-05-03 09:26:30,2022-05-11 09:14:11,M->M,unknown,
中科大胡不归,no_media,2022-05-11 09:14:11,2022-08-18 22:26:11,M->H,unknown,
中科大胡不归,no_media,2022-08-18 22:26:11,2022-10-12 20:35:02,H->M,unknown,
中科大胡不归,no_media,2022-10-12 20:35:02,2022-11-16 10:32:04,M->M,unknown,
中科大胡不归,no_media,2022-11-16 10:32:04,2022-12-07 13:37:21,M->M,unknown,
中科大胡不归,no_media,2022-12-07 13:37:21,2022-12-10 14:30:54,M->M,unknown,
中科大胡不归,no_media,2022-12-10 14:30:54,2022-12-27 09:57:42,M->M,unknown,
中科大胡不归,no_media,2022-12-27 09:57:42,2023-01-07 22:40:42,M->M,unknown,
中科大胡不归,no_media,2023-01-07 22:40:42,2023-01-29 15:41:47,M->M,unknown,
中科大胡不归,no_media,2023-01-29 15:41:47,2023-03-09 15:27:06,M->M,unknown,
中科大胡不归,no_media,2023-03-09 15:27:06,2023-03-15 17:51:46,M->M,unknown,
中科大胡不归,no_media,2023-03-15 17:51:46,2023-09-23 22:57:24,M->M,unknown,
中科大胡不归,no_media,2023-09-23 22:57:24,2023-12-09 20:27:28,M->M,unknown,
中科大胡不归,no_media,2023-12-09 20:27:28,2024-05-26 18:43:20,M->H,unknown,
中科大胡不归,no_media,2024-05-26 18:43:20,2024-08-19 02:06:16,H->M,unknown,
中警安徽,no_media,2019-01-24 09:53:41,2022-12-10 21:39:45,M->M,unknown,
中警安徽,no_media,2022-12-10 21:39:45,2022-12-10 21:39:45,M->M,unknown,
丰铝WV,no_media,2023-01-05 18:37:00,2023-01-17 10:27:00,M->M,unknown,
临沂发布,no_media,2022-12-08 15:40:02,2022-12-13 08:40:02,M->M,unknown,
临沂日报,no_media,2020-02-09 09:37:17,2020-02-15 08:58:09,M->M,unknown,
临沂日报,no_media,2020-02-15 08:58:09,2020-02-16 09:37:36,M->M,unknown,
临沂日报,no_media,2020-02-16 09:37:36,2020-05-28 11:10:03,M->M,unknown,
临沂日报,no_media,2020-05-28 11:10:03,2021-08-05 16:39:12,M->M,unknown,
临沂日报,no_media,2021-08-05 16:39:12,2022-03-15 17:07:08,M->M,unknown,
临沂日报,no_media,2022-03-15 17:07:08,2022-11-08 09:47:48,M->M,unknown,
临沂日报,no_media,2022-11-08 09:47:48,2022-12-15 11:39:55,M->M,unknown,
临沂日报,no_media,2022-12-15 11:39:55,2023-01-03 17:13:55,M->H,unknown,
临沧政法,mainstream_only,2023-01-03 10:43:00,2023-01-03 10:48:51,M->M,norisk,0.0
临渭检察,no_media,2020-03-09 08:13:39,2020-11-26 09:58:41,M->M,unknown,
临渭检察,no_media,2020-11-26 09:58:41,2020-12-14 15:56:39,M->M,unknown,
临渭检察,no_media,2020-12-14 15:56:39,2021-04-06 14:46:27,M->M,unknown,
临渭检察,no_media,2021-04-06 14:46:27,2021-11-25 16:51:35,M->M,unknown,
临渭检察,no_media,2021-11-25 16:51:35,2022-08-31 09:45:56,M->M,unknown,
临渭检察,no_media,2022-08-31 09:45:56,2022-09-02 17:10:44,M->M,unknown,
临渭检察,no_media,2022-09-02 17:10:44,2022-09-02 17:14:46,M->M,unknown,
临渭检察,no_media,2022-09-02 17:14:46,2022-09-02 17:20:36,M->M,unknown,
临渭检察,no_media,2022-09-02 17:20:36,2022-09-05 09:10:40,M->M,unknown,
临渭检察,no_media,2022-09-05 09:10:40,2022-09-07 17:24:40,M->M,unknown,
临渭检察,no_media,2022-09-07 17:24:40,2022-09-08 11:23:26,M->M,unknown,
临渭检察,no_media,2022-09-08 11:23:26,2022-09-13 10:03:35,M->M,unknown,
临渭检察,no_media,2022-09-13 10:03:35,2022-09-13 10:46:16,M->M,unknown,
临渭检察,no_media,2022-09-13 10:46:16,2022-09-15 10:08:04,M->M,unknown,
临渭检察,no_media,2022-09-15 10:08:04,2022-09-19 10:56:17,M->M,unknown,
临渭检察,no_media,2022-09-19 10:56:17,2022-09-20 18:22:30,M->M,unknown,
临渭检察,no_media,2022-09-20 18:22:30,2022-09-25 14:58:58,M->M,unknown,
临渭检察,no_media,2022-09-25 14:58:58,2022-09-26 17:44:30,M->M,unknown,
临渭检察,no_media,2022-09-26 17:44:30,2022-10-09 15:56:29,M->M,unknown,
临渭检察,no_media,2022-10-09 15:56:29,2022-10-10 14:59:21,M->M,unknown,
临渭检察,no_media,2022-10-10 14:59:21,2022-10-25 16:00:38,M->M,unknown,
临渭检察,no_media,2022-10-25 16:00:38,2022-11-08 11:01:36,M->M,unknown,
临渭检察,no_media,2022-11-08 11:01:36,2022-12-05 09:09:41,M->M,unknown,
临渭检察,no_media,2022-12-05 09:09:41,2022-12-05 15:15:28,M->M,unknown,
临渭检察,no_media,2022-12-05 15:15:28,2022-12-06 09:18:43,M->M,unknown,
临渭检察,no_media,2022-12-06 09:18:43,2022-12-06 11:36:24,M->M,unknown,
临渭检察,no_media,2022-12-06 11:36:24,2022-12-07 09:35:52,M->M,unknown,
临渭检察,no_media,2022-12-07 09:35:52,2022-12-07 10:30:15,M->M,unknown,
临渭检察,no_media,2022-12-07 10:30:15,2022-12-07 11:04:14,M->M,unknown,
临渭检察,no_media,2022-12-07 11:04:14,2022-12-07 15:31:41,M->M,unknown,
临渭检察,no_media,2022-12-07 15:31:41,2022-12-07 15:42:35,M->M,unknown,
临渭检察,no_media,2022-12-07 15:42:35,2022-12-08 14:15:09,M->M,unknown,
临渭检察,no_media,2022-12-08 14:15:09,2022-12-08 15:40:43,M->M,unknown,
临渭检察,no_media,2022-12-08 15:40:43,2022-12-09 11:51:06,M->M,unknown,
临渭检察,no_media,2022-12-09 11:51:06,2022-12-09 14:11:37,M->M,unknown,
临渭检察,no_media,2022-12-09 14:11:37,2022-12-09 14:32:29,M->M,unknown,
临渭检察,no_media,2022-12-09 14:32:29,2022-12-09 15:29:14,M->M,unknown,
临渭检察,no_media,2022-12-09 15:29:14,2022-12-09 15:32:37,M->M,unknown,
临渭检察,no_media,2022-12-09 15:32:37,2022-12-12 08:48:41,M->M,unknown,
临渭检察,no_media,2022-12-12 08:48:41,2022-12-12 09:30:39,M->M,unknown,
临渭检察,no_media,2022-12-12 09:30:39,2022-12-14 16:47:26,M->M,unknown,
临渭检察,no_media,2022-12-14 16:47:26,2022-12-14 16:56:01,M->M,unknown,
临渭检察,no_media,2022-12-14 16:56:01,2022-12-20 14:59:41,M->M,unknown,
临渭检察,no_media,2022-12-20 14:59:41,2022-12-20 15:01:00,M->M,unknown,
临渭检察,no_media,2022-12-20 15:01:00,2022-12-20 15:08:51,M->M,unknown,
临渭检察,no_media,2022-12-20 15:08:51,2022-12-20 15:26:18,M->M,unknown,
临渭检察,no_media,2022-12-20 15:26:18,2022-12-20 15:27:20,M->M,unknown,
临渭检察,no_media,2022-12-20 15:27:20,2022-12-20 15:47:31,M->M,unknown,
临渭检察,no_media,2022-12-20 15:47:31,2022-12-20 16:13:12,M->M,unknown,
临渭检察,no_media,2022-12-20 16:13:12,2022-12-21 15:43:24,M->M,unknown,
临渭检察,no_media,2022-12-21 15:43:24,2022-12-21 16:13:06,M->M,unknown,
临渭检察,no_media,2022-12-21 16:13:06,2022-12-21 16:25:21,M->M,unknown,
为曼巴烽狂,no_media,2022-12-22 21:44:00,2022-12-26 11:42:00,M->L,unknown,
为曼巴烽狂,no_media,2022-12-26 11:42:00,2022-12-31 07:28:00,L->L,unknown,
主播李蔚,no_media,2022-11-24 07:53:00,2022-11-24 11:00:00,M->M,unknown,
久鬼,no_media,2022-03-14 16:48:00,2022-03-14 17:03:00,M->H,unknown,
乌兰浩特政法,mainstream_only,2020-02-16 18:37:54,2020-02-20 09:26:45,M->M,unknown,
乌兰浩特政法,mainstream_only,2020-02-20 09:26:45,2020-02-20 10:32:48,M->M,unknown,
乌兰浩特政法,mainstream_only,2020-02-20 10:32:48,2020-03-01 14:43:58,M->M,unknown,
乌兰浩特政法,mainstream_only,2020-03-01 14:43:58,2020-03-18 19:40:08,M->M,unknown,
乌兰浩特政法,mainstream_only,2020-03-18 19:40:08,2020-04-14 21:45:54,M->M,unknown,
乌兰浩特政法,mainstream_only,2020-04-14 21:45:54,2020-04-26 09:42:12,M->M,unknown,
乌兰浩特政法,mainstream_only,2020-04-26 09:42:12,2020-05-28 09:16:40,M->M,unknown,
乌兰浩特政法,mainstream_only,2020-05-28 09:16:40,2020-06-12 08:39:54,M->M,unknown,
乌兰浩特政法,mainstream_only,2020-06-12 08:39:54,2020-07-28 21:59:12,M->M,unknown,
乌兰浩特政法,mainstream_only,2020-07-28 21:59:12,2021-01-07 21:14:15,M->M,unknown,
乌兰浩特政法,mainstream_only,2021-01-07 21:14:15,2021-02-20 15:56:00,M->M,unknown,
乌兰浩特政法,mainstream_only,2021-02-20 15:56:00,2021-03-06 07:56:12,M->M,unknown,
乌兰浩特政法,mainstream_only,2021-03-06 07:56:12,2021-04-06 15:12:23,M->M,unknown,
乌兰浩特政法,mainstream_only,2021-04-06 15:12:23,2021-04-09 16:30:08,M->M,unknown,
乌兰浩特政法,mainstream_only,2021-04-09 16:30:08,2021-04-17 15:00:11,M->M,unknown,
乌兰浩特政法,mainstream_only,2021-04-17 15:00:11,2021-08-03 14:25:50,M->M,unknown,
乌兰浩特政法,mainstream_only,2021-08-03 14:25:50,2021-11-26 16:00:24,M->M,unknown,
乌兰浩特政法,mainstream_only,2021-11-26 16:00:24,2022-01-08 16:11:34,M->M,unknown,
乌兰浩特政法,mainstream_only,2022-01-08 16:11:34,2022-01-08 16:12:05,M->M,unknown,
乌兰浩特政法,mainstream_only,2022-01-08 16:12:05,2022-01-12 11:44:46,M->M,unknown,
乌兰浩特政法,mainstream_only,2022-01-12 11:44:46,2022-04-06 13:02:48,M->M,unknown,
乌兰浩特政法,mainstream_only,2022-04-06 13:02:48,2022-04-17 14:30:56,M->M,unknown,
乌兰浩特政法,mainstream_only,2022-04-17 14:30:56,2022-04-17 17:02:13,M->M,unknown,
乌兰浩特政法,mainstream_only,2022-04-17 17:02:13,2022-05-03 15:30:01,M->M,unknown,
乌兰浩特政法,mainstream_only,2022-05-03 15:30:01,2022-05-04 09:38:58,M->M,unknown,
乌兰浩特政法,mainstream_only,2022-05-04 09:38:58,2022-05-05 08:31:13,M->M,unknown,
乌兰浩特政法,mainstream_only,2022-05-05 08:31:13,2022-05-26 08:58:42,M->M,unknown,
乌兰浩特政法,mainstream_only,2022-05-26 08:58:42,2022-10-14 13:15:26,M->M,unknown,
乌兰浩特政法,mainstream_only,2022-10-14 13:15:26,2022-11-29 20:35:46,M->M,risk,1.0
乌兰浩特政法,mainstream_only,2022-11-29 20:35:46,2022-12-11 10:40:05,M->M,unknown,
乌兰浩特政法,mainstream_only,2022-12-11 10:40:05,2022-12-11 11:31:55,M->M,unknown,
乌兰浩特政法,mainstream_only,2022-12-11 11:31:55,2022-12-15 16:53:15,M->M,unknown,
乌兰浩特政法,mainstream_only,2022-12-15 16:53:15,2022-12-24 18:40:43,M->M,unknown,
乌兰浩特政法,mainstream_only,2022-12-24 18:40:43,2022-12-28 07:48:47,M->M,unknown,
乌兰浩特政法,mainstream_only,2022-12-28 07:48:47,2023-01-02 16:04:45,M->M,unknown,
乌兰浩特政法,mainstream_only,2023-01-02 16:04:45,2023-01-03 09:58:48,M->M,risk,1.0
乌鲁木齐晚报,no_media,2020-02-22 10:07:02,2020-03-24 09:33:26,M->M,unknown,
乌鲁木齐晚报,no_media,2020-03-24 09:33:26,2020-04-28 09:49:01,M->M,unknown,
乌鲁木齐晚报,no_media,2020-04-28 09:49:01,2020-07-20 10:54:17,M->M,unknown,
九思想丫一丫,wemedia_only,2022-03-14 17:21:00,2022-03-14 17:31:00,H->M,norisk,0.5
九派新闻,no_media,2021-05-26 15:42:21,2022-04-24 08:41:50,M->M,unknown,
九派新闻,no_media,2022-04-24 08:41:50,2022-05-05 08:30:33,M->M,unknown,
九派新闻,no_media,2022-05-05 08:30:33,2022-05-07 08:18:10,M->M,unknown,
九派新闻,no_media,2022-05-07 08:18:10,2022-05-09 08:17:29,M->M,unknown,
九派新闻,no_media,2022-05-09 08:17:29,2022-05-10 08:18:53,M->M,unknown,
九派新闻,no_media,2022-05-10 08:18:53,2022-05-12 08:14:20,M->M,unknown,
九派新闻,no_media,2022-05-12 08:14:20,2022-12-25 10:30:56,M->M,unknown,
九派新闻,no_media,2022-12-25 10:30:56,2024-02-23 09:12:00,M->M,unknown,
九派新闻,no_media,2024-02-23 09:12:00,2024-04-30 15:58:15,M->M,unknown,
九派财经,no_media,2023-02-27 14:38:07,2023-10-25 17:33:38,M->M,unknown,
九派财经,no_media,2023-10-25 17:33:38,2023-11-23 18:11:13,M->M,unknown,
九碥技术华泰砭石,no_media,2022-07-31 11:09:00,2023-10-04 07:00:00,M->M,unknown,
了不起的中国制造,no_media,2022-03-14 17:21:00,2022-03-14 17:21:34,M->M,unknown,
云内黄,no_media,2022-03-14 13:44:00,2022-03-14 13:44:00,M->H,unknown,
云内黄,no_media,2022-03-14 13:44:00,2022-03-14 13:45:00,H->M,unknown,
云南发布,no_media,2022-03-31 20:07:54,2022-12-04 22:45:56,M->M,unknown,
云南发布,no_media,2022-12-04 22:45:56,2022-12-09 10:17:49,M->M,unknown,
云南发布,no_media,2022-12-09 10:17:49,2022-12-15 21:34:00,M->M,unknown,
云南发布,no_media,2022-12-15 21:34:00,2022-12-16 12:28:13,M->M,unknown,
云南发布,no_media,2022-12-16 12:28:13,2022-12-16 14:26:00,M->M,unknown,
云南发布,no_media,2022-12-16 14:26:00,2022-12-19 12:56:01,M->M,unknown,
云南发布,no_media,2022-12-19 12:56:01,2022-12-21 21:55:00,M->M,unknown,
云南发布,no_media,2022-12-21 21:55:00,2023-01-03 09:50:39,M->M,unknown,
云南发布,no_media,2023-01-03 09:50:39,2023-01-16 15:19:52,M->M,unknown,
云南发布,no_media,2023-01-16 15:19:52,2023-01-18 16:34:39,M->M,unknown,
云南发布,no_media,2023-01-18 16:34:39,2023-03-01 11:45:00,M->M,unknown,
云南发布,no_media,2023-03-01 11:45:00,2023-05-28 14:10:00,M->M,unknown,
云南发布,no_media,2023-05-28 14:10:00,2023-12-10 20:07:00,M->M,unknown,
云南政法,mainstream_only,2020-02-19 19:58:24,2020-02-22 18:20:10,M->M,unknown,
云南政法,mainstream_only,2020-02-22 18:20:10,2020-05-28 09:21:26,M->M,unknown,
云南政法,mainstream_only,2020-05-28 09:21:26,2020-08-20 17:19:21,M->M,unknown,
云南政法,mainstream_only,2020-08-20 17:19:21,2021-02-20 16:43:47,M->M,unknown,
云南政法,mainstream_only,2021-02-20 16:43:47,2021-02-26 09:44:38,M->M,unknown,
云南政法,mainstream_only,2021-02-26 09:44:38,2021-08-02 20:26:42,M->M,unknown,
云南政法,mainstream_only,2021-08-02 20:26:42,2021-10-24 11:03:37,M->M,unknown,
云南政法,mainstream_only,2021-10-24 11:03:37,2021-12-03 08:52:00,M->M,unknown,
云南政法,mainstream_only,2021-12-03 08:52:00,2022-01-01 17:44:09,M->M,unknown,
云南政法,mainstream_only,2022-01-01 17:44:09,2022-01-08 20:13:21,M->M,unknown,
云南政法,mainstream_only,2022-01-08 20:13:21,2022-01-22 23:04:31,M->M,unknown,
云南政法,mainstream_only,2022-01-22 23:04:31,2022-03-19 17:12:42,M->M,unknown,
云南政法,mainstream_only,2022-03-19 17:12:42,2022-04-07 10:13:45,M->M,unknown,
云南政法,mainstream_only,2022-04-07 10:13:45,2022-04-25 08:52:24,M->M,unknown,
云南政法,mainstream_only,2022-04-25 08:52:24,2022-04-30 10:36:40,M->M,unknown,
云南政法,mainstream_only,2022-04-30 10:36:40,2022-05-03 09:43:34,M->M,unknown,
云南政法,mainstream_only,2022-05-03 09:43:34,2022-05-26 09:01:15,M->M,unknown,
云南政法,mainstream_only,2022-05-26 09:01:15,2022-10-14 10:11:26,M->M,unknown,
云南政法,mainstream_only,2022-10-14 10:11:26,2022-11-29 21:39:31,M->M,unknown,
云南政法,mainstream_only,2022-11-29 21:39:31,2022-12-01 14:34:20,M->M,unknown,
云南政法,mainstream_only,2022-12-01 14:34:20,2022-12-07 14:42:22,M->M,unknown,
云南政法,mainstream_only,2022-12-07 14:42:22,2022-12-11 09:54:53,M->M,norisk,0.0
云南政法,mainstream_only,2022-12-11 09:54:53,2022-12-15 19:23:20,M->M,unknown,
云南政法,mainstream_only,2022-12-15 19:23:20,2022-12-18 17:00:06,M->M,norisk,0.0
云南政法,mainstream_only,2022-12-18 17:00:06,2022-12-18 19:21:48,M->M,unknown,
云南政法,mainstream_only,2022-12-18 19:21:48,2022-12-19 12:47:54,M->M,unknown,
云南政法,mainstream_only,2022-12-19 12:47:54,2022-12-21 08:34:59,M->M,unknown,
云南政法,mainstream_only,2022-12-21 08:34:59,2022-12-25 08:46:40,M->M,unknown,
云南政法,mainstream_only,2022-12-25 08:46:40,2022-12-25 15:40:54,M->M,unknown,
云南政法,mainstream_only,2022-12-25 15:40:54,2022-12-27 17:26:32,M->M,unknown,
云南政法,mainstream_only,2022-12-27 17:26:32,2023-01-02 08:32:56,M->M,unknown,
云南政法,mainstream_only,2023-01-02 08:32:56,2023-01-02 14:42:31,M->M,risk,1.0
云南政法,mainstream_only,2023-01-02 14:42:31,2023-01-03 10:37:35,M->M,risk,1.0
云南政法,mainstream_only,2023-01-03 10:37:35,2023-01-05 22:29:41,M->M,unknown,
云南政法,mainstream_only,2023-01-05 22:29:41,2023-01-07 08:53:08,M->M,unknown,
云南政法,mainstream_only,2023-01-07 08:53:08,2023-01-18 17:20:47,M->M,unknown,
云南法制报,no_media,2020-03-10 15:19:13,2021-12-03 11:19:00,M->M,unknown,
云南法制报,no_media,2021-12-03 11:19:00,2022-01-12 15:08:21,M->M,unknown,
云南法制报,no_media,2022-01-12 15:08:21,2022-04-04 12:16:33,M->M,unknown,
云南法制报,no_media,2022-04-04 12:16:33,2022-12-07 15:23:12,M->M,unknown,
云南法制报,no_media,2022-12-07 15:23:12,2023-01-03 16:27:42,M->M,unknown,
云南红河发布,no_media,2020-02-21 11:10:55,2020-03-10 17:33:01,M->M,unknown,
云南红河发布,no_media,2020-03-10 17:33:01,2022-06-05 14:52:08,M->M,unknown,
云南红河发布,no_media,2022-06-05 14:52:08,2022-10-11 17:07:41,M->M,unknown,
云南网,no_media,2020-02-20 09:30:03,2020-02-26 12:09:16,M->M,unknown,
云南网,no_media,2020-02-26 12:09:16,2020-03-06 08:13:25,M->M,unknown,
云南网,no_media,2020-03-06 08:13:25,2020-04-23 19:19:16,M->M,unknown,
云南网,no_media,2020-04-23 19:19:16,2020-05-20 14:41:12,M->M,unknown,
云南网,no_media,2020-05-20 14:41:12,2020-06-12 09:00:04,M->M,unknown,
云南网,no_media,2020-06-12 09:00:04,2021-04-09 15:00:43,M->M,unknown,
云南网,no_media,2021-04-09 15:00:43,2021-09-27 07:20:32,M->M,unknown,
云南网,no_media,2021-09-27 07:20:32,2022-01-08 17:24:10,M->M,unknown,
云南网,no_media,2022-01-08 17:24:10,2022-01-12 11:43:22,M->M,unknown,
云南网,no_media,2022-01-12 11:43:22,2022-04-19 15:30:04,M->M,unknown,
云南网,no_media,2022-04-19 15:30:04,2022-12-07 13:50:43,M->M,unknown,
云南网,no_media,2022-12-07 13:50:43,2022-12-09 10:47:58,M->M,unknown,
云南网,no_media,2022-12-09 10:47:58,2022-12-15 17:17:36,M->M,unknown,
云南网,no_media,2022-12-15 17:17:36,2022-12-16 13:00:00,M->M,unknown,
云南网,no_media,2022-12-16 13:00:00,2023-03-20 21:30:00,M->M,unknown,
云南网,no_media,2023-03-20 21:30:00,2023-06-02 09:11:33,M->M,unknown,
云南网,no_media,2023-06-02 09:11:33,2024-08-12 10:31:54,M->M,unknown,
云南网,no_media,2024-08-12 10:31:54,2024-08-15 07:30:44,M->M,unknown,
云夏kylin,no_media,2022-12-22 11:27:00,2022-12-22 16:47:00,L->L,unknown,
云现场Live,no_media,2022-03-14 13:21:00,2022-03-14 13:22:00,M->M,unknown,
互因科技,no_media,2021-01-07 21:36:12,2021-02-26 11:07:21,M->M,unknown,
互因科技,no_media,2021-02-26 11:07:21,2021-03-03 11:40:47,M->M,unknown,
互因科技,no_media,2021-03-03 11:40:47,2021-04-12 11:41:06,M->M,unknown,
互因科技,no_media,2021-04-12 11:41:06,2021-06-20 14:12:44,M->H,unknown,
互因科技,no_media,2021-06-20 14:12:44,2021-07-07 15:27:36,H->M,unknown,
互因科技,no_media,2021-07-07 15:27:36,2021-08-02 20:06:59,M->M,unknown,
互因科技,no_media,2021-08-02 20:06:59,2021-08-19 17:45:28,M->M,unknown,
互因科技,no_media,2021-08-19 17:45:28,2021-09-27 13:34:30,M->M,unknown,
互因科技,no_media,2021-09-27 13:34:30,2021-11-03 19:10:48,M->M,unknown,
互因科技,no_media,2021-11-03 19:10:48,2022-01-01 11:35:15,M->M,unknown,
互因科技,no_media,2022-01-01 11:35:15,2022-01-12 16:28:35,M->M,unknown,
互因科技,no_media,2022-01-12 16:28:35,2022-02-16 11:47:01,M->M,unknown,
互因科技,no_media,2022-02-16 11:47:01,2022-03-09 17:11:44,M->M,unknown,
互因科技,no_media,2022-03-09 17:11:44,2022-03-14 15:32:00,M->M,unknown,
互因科技,no_media,2022-03-14 15:32:00,2022-03-14 15:32:35,M->M,unknown,
互因科技,no_media,2022-03-14 15:32:35,2022-04-04 13:08:44,M->M,unknown,
互因科技,no_media,2022-04-04 13:08:44,2022-04-04 14:37:18,M->M,unknown,
互因科技,no_media,2022-04-04 14:37:18,2022-04-04 17:14:08,M->M,unknown,
互因科技,no_media,2022-04-04 17:14:08,2022-04-15 10:32:20,M->M,unknown,
互因科技,no_media,2022-04-15 10:32:20,2022-04-15 22:06:53,M->M,unknown,
互因科技,no_media,2022-04-15 22:06:53,2022-04-25 14:22:45,M->M,unknown,
互因科技,no_media,2022-04-25 14:22:45,2022-12-15 20:11:30,M->M,unknown,
互因科技,no_media,2022-12-15 20:11:30,2022-12-21 17:36:14,M->M,unknown,
互因科技,no_media,2022-12-21 17:36:14,2022-12-30 09:27:30,M->M,unknown,
互因科技,no_media,2022-12-30 09:27:30,2023-01-03 20:01:27,M->M,unknown,
互因科技,no_media,2023-01-03 20:01:27,2023-01-04 20:33:23,M->M,unknown,
互因科技,no_media,2023-01-04 20:33:23,2023-09-14 17:50:43,M->M,unknown,
互因科技,no_media,2023-09-14 17:50:43,2023-11-23 18:23:28,M->M,unknown,
互因科技,no_media,2023-11-23 18:23:28,2024-07-08 10:56:49,M->M,unknown,
五龙九知,no_media,2023-11-01 14:49:00,2023-11-01 15:49:00,M->M,unknown,
五龙九知,no_media,2023-11-01 15:49:00,2023-11-03 09:42:00,M->M,unknown,
亳州晚报,no_media,2020-02-09 08:52:53,2020-02-23 17:45:52,M->M,unknown,
亳州晚报,no_media,2020-02-23 17:45:52,2021-02-20 16:54:17,M->M,unknown,
亳州晚报,no_media,2021-02-20 16:54:17,2021-05-13 16:00:50,M->M,unknown,
亳州晚报,no_media,2021-05-13 16:00:50,2021-05-14 10:09:03,M->M,unknown,
亳州晚报,no_media,2021-05-14 10:09:03,2021-08-02 19:44:07,M->M,unknown,
亳州晚报,no_media,2021-08-02 19:44:07,2021-08-18 17:24:17,M->M,unknown,
亳州晚报,no_media,2021-08-18 17:24:17,2021-10-30 22:24:29,M->M,unknown,
亳州晚报,no_media,2021-10-30 22:24:29,2021-12-29 17:06:49,M->M,unknown,
亳州晚报,no_media,2021-12-29 17:06:49,2022-03-30 10:16:00,M->M,unknown,
亳州晚报,no_media,2022-03-30 10:16:00,2022-05-03 17:35:57,M->M,unknown,
亳州晚报,no_media,2022-05-03 17:35:57,2022-12-07 13:40:57,M->M,unknown,
亳州晚报,no_media,2022-12-07 13:40:57,2022-12-07 16:48:19,M->M,unknown,
亳州晚报,no_media,2022-12-07 16:48:19,2022-12-10 11:58:23,M->M,unknown,
亳州晚报,no_media,2022-12-10 11:58:23,2022-12-11 10:03:54,M->M,unknown,
亳州晚报,no_media,2022-12-11 10:03:54,2022-12-14 13:28:00,M->M,unknown,
亳州晚报,no_media,2022-12-14 13:28:00,2022-12-24 11:21:06,M->M,unknown,
亳州晚报,no_media,2022-12-24 11:21:06,2023-01-02 07:44:28,M->M,unknown,
亳州晚报,no_media,2023-01-02 07:44:28,2023-01-05 19:34:14,M->M,unknown,
亳州晚报,no_media,2023-01-05 19:34:14,2023-01-09 20:51:36,M->M,unknown,
亳州晚报,no_media,2023-01-09 20:51:36,2023-03-01 15:15:00,M->M,unknown,
亳州晚报,no_media,2023-03-01 15:15:00,2023-03-14 11:25:00,M->M,unknown,
亳州晚报,no_media,2023-03-14 11:25:00,2023-07-24 18:37:00,M->M,unknown,
亳州晚报,no_media,2023-07-24 18:37:00,2023-10-09 17:22:00,M->M,unknown,
亳州检察,no_media,2023-01-05 14:11:23,2023-02-08 09:39:13,M->M,unknown,
人民政协报,no_media,2020-02-20 21:59:16,2021-01-14 09:08:01,M->M,unknown,
人民政协报,no_media,2021-01-14 09:08:01,2021-08-24 16:02:37,M->M,unknown,
人民政协报,no_media,2021-08-24 16:02:37,2021-10-15 08:58:52,M->M,unknown,
人民政协报,no_media,2021-10-15 08:58:52,2021-12-03 08:58:16,M->M,unknown,
人民政协报,no_media,2021-12-03 08:58:16,2021-12-19 09:16:22,M->M,unknown,
人民政协报,no_media,2021-12-19 09:16:22,2022-01-01 09:46:51,M->M,unknown,
人民政协报,no_media,2022-01-01 09:46:51,2022-01-08 16:12:57,M->M,unknown,
人民政协报,no_media,2022-01-08 16:12:57,2022-04-07 19:09:00,M->M,unknown,
人民政协报,no_media,2022-04-07 19:09:00,2022-04-13 08:44:49,M->M,unknown,
人民政协报,no_media,2022-04-13 08:44:49,2022-04-17 13:18:51,M->M,unknown,
人民政协报,no_media,2022-04-17 13:18:51,2022-04-23 07:59:57,M->M,unknown,
人民政协报,no_media,2022-04-23 07:59:57,2022-04-25 07:50:24,M->M,unknown,
人民政协报,no_media,2022-04-25 07:50:24,2022-04-28 07:45:40,M->M,unknown,
人民政协报,no_media,2022-04-28 07:45:40,2022-05-02 14:38:05,M->M,unknown,
人民政协报,no_media,2022-05-02 14:38:05,2022-05-03 11:49:22,M->M,unknown,
人民政协报,no_media,2022-05-03 11:49:22,2022-05-04 08:27:03,M->M,unknown,
人民政协报,no_media,2022-05-04 08:27:03,2022-05-05 07:51:30,M->M,unknown,
人民政协报,no_media,2022-05-05 07:51:30,2022-05-10 07:51:22,M->M,unknown,
人民政协报,no_media,2022-05-10 07:51:22,2022-05-13 07:56:57,M->M,unknown,
人民政协报,no_media,2022-05-13 07:56:57,2022-05-14 08:16:34,M->M,unknown,
人民政协报,no_media,2022-05-14 08:16:34,2022-05-20 20:49:11,M->M,unknown,
人民政协报,no_media,2022-05-20 20:49:11,2022-05-24 08:24:55,M->M,unknown,
人民政协报,no_media,2022-05-24 08:24:55,2022-11-18 10:32:34,M->M,unknown,
人民政协报,no_media,2022-11-18 10:32:34,2022-11-21 19:53:12,M->M,unknown,
人民政协报,no_media,2022-11-21 19:53:12,2022-12-04 16:01:32,M->M,unknown,
人民政协报,no_media,2022-12-04 16:01:32,2022-12-07 21:24:38,M->M,unknown,
人民政协报,no_media,2022-12-07 21:24:38,2022-12-08 19:20:56,M->M,unknown,
人民政协报,no_media,2022-12-08 19:20:56,2022-12-08 22:45:00,M->M,unknown,
人民政协报,no_media,2022-12-08 22:45:00,2022-12-11 09:17:45,M->M,unknown,
人民政协报,no_media,2022-12-11 09:17:45,2022-12-15 16:35:38,M->M,unknown,
人民政协报,no_media,2022-12-15 16:35:38,2022-12-16 16:54:56,M->M,unknown,
人民政协报,no_media,2022-12-16 16:54:56,2022-12-27 07:35:39,M->M,unknown,
人民政协报,no_media,2022-12-27 07:35:39,2023-01-13 12:18:26,M->M,unknown,
人民政协报,no_media,2023-01-13 12:18:26,2023-01-18 17:00:05,M->M,unknown,
人民政协报,no_media,2023-01-18 17:00:05,2023-03-01 08:54:26,M->M,unknown,
人民政协网,no_media,2021-12-03 08:58:50,2022-01-01 09:39:10,M->M,unknown,
人民政协网,no_media,2022-01-01 09:39:10,2022-02-12 16:10:38,M->M,unknown,
人民政协网,no_media,2022-02-12 16:10:38,2022-03-19 15:51:00,M->M,unknown,
人民政协网,no_media,2022-03-19 15:51:00,2022-04-17 13:31:54,M->M,unknown,
人民政协网,no_media,2022-04-17 13:31:54,2022-05-03 13:05:48,M->M,unknown,
人民政协网,no_media,2022-05-03 13:05:48,2022-05-14 08:34:56,M->M,unknown,
人民政协网,no_media,2022-05-14 08:34:56,2022-07-04 15:27:03,M->M,unknown,
人民政协网,no_media,2022-07-04 15:27:03,2022-09-26 15:21:03,M->M,unknown,
人民政协网,no_media,2022-09-26 15:21:03,2022-11-18 10:20:11,M->M,unknown,
人民政协网,no_media,2022-11-18 10:20:11,2022-11-21 20:05:42,M->M,unknown,
人民政协网,no_media,2022-11-21 20:05:42,2022-12-07 21:23:43,M->M,unknown,
人民政协网,no_media,2022-12-07 21:23:43,2022-12-08 19:03:43,M->M,unknown,
人民政协网,no_media,2022-12-08 19:03:43,2022-12-08 21:41:49,M->M,unknown,
人民政协网,no_media,2022-12-08 21:41:49,2022-12-09 09:56:10,M->M,unknown,
人民政协网,no_media,2022-12-09 09:56:10,2022-12-11 09:14:32,M->M,unknown,
人民政协网,no_media,2022-12-11 09:14:32,2022-12-15 16:30:31,M->M,unknown,
人民政协网,no_media,2022-12-15 16:30:31,2022-12-16 16:19:45,M->M,unknown,
人民政协网,no_media,2022-12-16 16:19:45,2023-01-13 14:30:39,M->M,unknown,
人民政协网,no_media,2023-01-13 14:30:39,2023-01-18 17:02:03,M->M,unknown,
人民政协网,no_media,2023-01-18 17:02:03,2024-01-17 09:38:20,M->M,unknown,
人民日报数字传播,no_media,2021-08-03 15:01:01,2023-12-19 09:12:23,M->M,unknown,
人民日报海外版-海外网,no_media,2020-02-19 11:00:03,2020-02-20 09:40:03,M->M,unknown,
人民日报海外版-海外网,no_media,2020-02-20 09:40:03,2020-03-07 15:20:03,M->M,unknown,
人民日报海外版-海外网,no_media,2020-03-07 15:20:03,2020-03-18 20:20:03,M->M,unknown,
人民日报海外版-海外网,no_media,2020-03-18 20:20:03,2020-04-13 15:20:03,M->M,unknown,
人民日报海外版-海外网,no_media,2020-04-13 15:20:03,2020-05-02 02:20:03,M->M,unknown,
人民日报海外版-海外网,no_media,2020-05-02 02:20:03,2020-06-17 17:20:04,M->M,unknown,
人民日报海外版-海外网,no_media,2020-06-17 17:20:04,2020-07-14 22:00:04,M->M,unknown,
人民日报海外版-海外网,no_media,2020-07-14 22:00:04,2020-12-15 18:40:03,M->M,unknown,
人民日报海外版-海外网,no_media,2020-12-15 18:40:03,2020-12-24 11:20:03,M->M,unknown,
人民日报海外版-海外网,no_media,2020-12-24 11:20:03,2021-02-02 19:00:03,M->M,unknown,
人民日报海外版-海外网,no_media,2021-02-02 19:00:03,2021-02-05 14:59:59,M->M,unknown,
人民日报海外版-海外网,no_media,2021-02-05 14:59:59,2021-02-12 22:20:03,M->M,unknown,
人民日报海外版-海外网,no_media,2021-02-12 22:20:03,2021-02-20 18:40:03,M->M,unknown,
人民日报海外版-海外网,no_media,2021-02-20 18:40:03,2021-02-26 08:40:03,M->M,unknown,
人民日报海外版-海外网,no_media,2021-02-26 08:40:03,2021-03-28 08:40:03,M->M,unknown,
人民日报海外版-海外网,no_media,2021-03-28 08:40:03,2021-04-13 08:20:03,M->M,unknown,
人民日报海外版-海外网,no_media,2021-04-13 08:20:03,2021-06-22 15:17:51,M->M,unknown,
人民日报海外版-海外网,no_media,2021-06-22 15:17:51,2021-07-11 12:40:03,M->H,unknown,
人民日报海外版-海外网,no_media,2021-07-11 12:40:03,2021-08-09 15:42:32,H->M,unknown,
人民日报海外版-海外网,no_media,2021-08-09 15:42:32,2021-08-13 12:00:03,M->M,unknown,
人民日报海外版-海外网,no_media,2021-08-13 12:00:03,2021-12-10 04:30:00,M->M,unknown,
人民日报海外版-海外网,no_media,2021-12-10 04:30:00,2022-01-12 08:25:00,M->M,unknown,
人民日报海外版-海外网,no_media,2022-01-12 08:25:00,2022-01-17 07:42:08,M->M,unknown,
人民日报海外版-海外网,no_media,2022-01-17 07:42:08,2022-02-16 15:32:45,M->M,unknown,
人民日报海外版-海外网,no_media,2022-02-16 15:32:45,2022-03-14 13:02:01,M->M,unknown,
人民日报海外版-海外网,no_media,2022-03-14 13:02:01,2022-04-04 14:27:00,M->M,unknown,
人民日报海外版-海外网,no_media,2022-04-04 14:27:00,2022-04-17 16:20:00,M->M,unknown,
人民日报海外版-海外网,no_media,2022-04-17 16:20:00,2022-05-10 11:17:39,M->M,unknown,
人民日报海外版-海外网,no_media,2022-05-10 11:17:39,2022-05-31 20:30:04,M->H,unknown,
人民日报海外版-海外网,no_media,2022-05-31 20:30:04,2022-07-21 20:30:02,H->M,unknown,
人民日报海外版-海外网,no_media,2022-07-21 20:30:02,2022-08-26 09:57:39,M->M,unknown,
人民日报海外版-海外网,no_media,2022-08-26 09:57:39,2022-09-20 10:08:05,M->M,unknown,
人民日报海外版-海外网,no_media,2022-09-20 10:08:05,2022-12-15 16:39:26,M->M,unknown,
人民日报海外版-海外网,no_media,2022-12-15 16:39:26,2022-12-16 07:38:29,M->M,unknown,
人民日报海外版-海外网,no_media,2022-12-16 07:38:29,2023-01-06 09:20:19,M->M,unknown,
人民日报海外版-海外网,no_media,2023-01-06 09:20:19,2023-01-18 18:29:08,M->M,unknown,
人民网云南频道,no_media,2020-02-14 23:57:39,2020-02-19 17:26:22,M->M,unknown,
人民网云南频道,no_media,2020-02-19 17:26:22,2022-03-14 14:53:00,M->M,unknown,
人民网云南频道,no_media,2022-03-14 14:53:00,2022-03-14 14:53:38,M->M,unknown,
人民网云南频道,no_media,2022-03-14 14:53:38,2022-05-04 08:12:47,M->M,unknown,
人民网云南频道,no_media,2022-05-04 08:12:47,2022-05-05 15:30:00,M->M,unknown,
人民网云南频道,no_media,2022-05-05 15:30:00,2022-12-21 16:10:28,M->M,unknown,
人民网云南频道,no_media,2022-12-21 16:10:28,2023-01-30 18:00:00,M->M,unknown,
人民网云南频道,no_media,2023-01-30 18:00:00,2023-10-09 15:45:00,M->M,unknown,
人民网山东频道,no_media,2020-02-20 10:55:37,2020-03-02 14:46:26,M->M,unknown,
人民网河南频道,no_media,2021-08-03 11:08:11,2021-08-03 14:57:42,M->M,unknown,
人民网河南频道,no_media,2021-08-03 14:57:42,2021-08-16 16:19:06,M->M,unknown,
人民网河南频道,no_media,2021-08-16 16:19:06,2021-08-29 10:29:02,M->M,unknown,
人民网河南频道,no_media,2021-08-29 10:29:02,2022-01-04 20:47:50,M->M,unknown,
人民网河南频道,no_media,2022-01-04 20:47:50,2022-05-08 08:12:42,M->M,unknown,
人民网河南频道,no_media,2022-05-08 08:12:42,2022-05-09 08:05:52,M->M,unknown,
人民网河南频道,no_media,2022-05-09 08:05:52,2022-05-10 08:08:26,M->M,unknown,
人民网河南频道,no_media,2022-05-10 08:08:26,2022-05-13 08:36:21,M->M,unknown,
人民网河南频道,no_media,2022-05-13 08:36:21,2022-10-17 10:12:03,M->M,unknown,
人民网河南频道,no_media,2022-10-17 10:12:03,2022-11-22 20:28:07,M->M,unknown,
人民网河南频道,no_media,2022-11-22 20:28:07,2022-11-29 15:55:55,M->M,unknown,
人民网河南频道,no_media,2022-11-29 15:55:55,2022-12-03 15:27:57,M->M,unknown,
人民网河南频道,no_media,2022-12-03 15:27:57,2022-12-10 14:37:01,M->M,unknown,
人民网河南频道,no_media,2022-12-10 14:37:01,2022-12-11 21:40:04,M->M,unknown,
人民网河南频道,no_media,2022-12-11 21:40:04,2022-12-12 12:13:09,M->M,unknown,
人民网河南频道,no_media,2022-12-12 12:13:09,2022-12-12 13:35:25,M->M,unknown,
人民网河南频道,no_media,2022-12-12 13:35:25,2022-12-13 17:01:37,M->M,unknown,
人民网河南频道,no_media,2022-12-13 17:01:37,2022-12-13 19:11:22,M->M,unknown,
人民网河南频道,no_media,2022-12-13 19:11:22,2022-12-15 06:57:51,M->M,unknown,
人民网河南频道,no_media,2022-12-15 06:57:51,2022-12-18 17:19:49,M->M,unknown,
人民网河南频道,no_media,2022-12-18 17:19:49,2022-12-18 19:21:54,M->M,unknown,
人民网河南频道,no_media,2022-12-18 19:21:54,2022-12-21 09:12:55,M->M,unknown,
人民网河南频道,no_media,2022-12-21 09:12:55,2022-12-24 19:32:12,M->M,unknown,
人民网河南频道,no_media,2022-12-24 19:32:12,2022-12-25 09:40:50,M->M,unknown,
人民网河南频道,no_media,2022-12-25 09:40:50,2023-01-01 16:11:38,M->M,unknown,
人民网河南频道,no_media,2023-01-01 16:11:38,2023-01-01 19:37:51,M->M,unknown,
人民网河南频道,no_media,2023-01-01 19:37:51,2023-01-02 11:17:13,M->M,unknown,
人民网河南频道,no_media,2023-01-02 11:17:13,2023-01-04 05:58:47,M->M,unknown,
人民网河南频道,no_media,2023-01-04 05:58:47,2023-01-05 18:47:14,M->M,unknown,
人民网河南频道,no_media,2023-01-05 18:47:14,2023-01-12 16:45:08,M->M,unknown,
人民网河南频道,no_media,2023-01-12 16:45:08,2023-01-15 09:46:00,M->M,unknown,
人民网河南频道,no_media,2023-01-15 09:46:00,2023-01-30 10:46:58,M->M,unknown,
人民网河南频道,no_media,2023-01-30 10:46:58,2023-05-28 09:12:35,M->M,unknown,
人民网河南频道,no_media,2023-05-28 09:12:35,2023-08-22 08:11:18,M->M,unknown,
人民网河南频道,no_media,2023-08-22 08:11:18,2023-12-28 16:11:43,M->M,unknown,
人民网河南频道,no_media,2023-12-28 16:11:43,2023-12-30 18:36:48,M->M,unknown,
人民网河南频道,no_media,2023-12-30 18:36:48,2023-12-31 08:35:43,M->M,unknown,
人民网海南视窗,no_media,2020-03-01 23:14:26,2020-07-06 14:25:55,M->M,unknown,
人民网海南视窗,no_media,2020-07-06 14:25:55,2022-12-23 19:32:14,M->M,unknown,
人民网湖北频道,no_media,2020-02-17 09:48:18,2020-02-19 13:30:03,M->M,unknown,
人民网湖北频道,no_media,2020-02-19 13:30:03,2021-03-25 07:56:33,M->M,unknown,
人民网湖北频道,no_media,2021-03-25 07:56:33,2022-03-25 17:45:58,M->M,unknown,
人民网湖北频道,no_media,2022-03-25 17:45:58,2022-04-19 15:06:00,M->M,unknown,
人民网湖北频道,no_media,2022-04-19 15:06:00,2022-05-10 08:16:02,M->M,unknown,
人民网湖北频道,no_media,2022-05-10 08:16:02,2022-05-24 09:58:51,M->M,unknown,
人民网湖北频道,no_media,2022-05-24 09:58:51,2022-11-23 11:30:55,M->M,unknown,
人民网湖北频道,no_media,2022-11-23 11:30:55,2022-12-06 09:06:01,M->M,unknown,
人民网湖北频道,no_media,2022-12-06 09:06:01,2023-01-02 08:49:43,M->M,unknown,
今日女报,no_media,2020-02-19 20:21:23,2020-02-20 08:50:20,M->M,unknown,
今日女报,no_media,2020-02-20 08:50:20,2020-02-22 16:59:52,M->M,unknown,
今日女报,no_media,2020-02-22 16:59:52,2020-03-01 20:51:55,M->M,unknown,
今日女报,no_media,2020-03-01 20:51:55,2020-03-18 19:24:54,M->M,unknown,
今日女报,no_media,2020-03-18 19:24:54,2020-03-18 19:27:25,M->M,unknown,
今日女报,no_media,2020-03-18 19:27:25,2020-05-28 09:20:12,M->M,unknown,
今日女报,no_media,2020-05-28 09:20:12,2020-07-13 09:41:00,M->M,unknown,
今日女报,no_media,2020-07-13 09:41:00,2021-01-07 23:42:47,M->M,unknown,
今日女报,no_media,2021-01-07 23:42:47,2021-04-13 11:23:34,M->M,unknown,
今日女报,no_media,2021-04-13 11:23:34,2021-07-16 18:17:22,M->M,unknown,
今日女报,no_media,2021-07-16 18:17:22,2021-08-03 14:16:50,M->M,unknown,
今日女报,no_media,2021-08-03 14:16:50,2021-09-04 21:15:29,M->M,unknown,
今日女报,no_media,2021-09-04 21:15:29,2022-03-24 16:30:03,M->M,unknown,
今日女报,no_media,2022-03-24 16:30:03,2022-03-30 20:30:10,M->M,unknown,
今日女报,no_media,2022-03-30 20:30:10,2022-04-24 08:47:35,M->M,unknown,
今日女报,no_media,2022-04-24 08:47:35,2022-05-04 09:33:35,M->M,unknown,
今日女报,no_media,2022-05-04 09:33:35,2022-05-22 09:55:08,M->M,unknown,
今日女报,no_media,2022-05-22 09:55:08,2022-12-01 11:45:57,M->M,unknown,
今日女报,no_media,2022-12-01 11:45:57,2022-12-04 11:04:03,M->M,unknown,
今日女报,no_media,2022-12-04 11:04:03,2022-12-18 13:19:09,M->M,unknown,
今日女报,no_media,2022-12-18 13:19:09,2022-12-29 10:47:30,M->M,unknown,
今日女报,no_media,2022-12-29 10:47:30,2023-01-09 19:57:24,M->M,unknown,
今日女报,no_media,2023-01-09 19:57:24,2023-01-13 19:31:54,M->L,unknown,
仙桃发布,no_media,2020-02-17 20:12:38,2020-02-22 13:48:26,M->M,unknown,
仙桃发布,no_media,2020-02-22 13:48:26,2022-01-03 11:03:09,M->M,unknown,
仙桃发布,no_media,2022-01-03 11:03:09,2022-04-01 15:52:10,M->M,unknown,
仙桃发布,no_media,2022-04-01 15:52:10,2022-06-02 16:11:38,M->M,unknown,
仙桃发布,no_media,2022-06-02 16:11:38,2022-12-05 21:14:17,M->M,unknown,
仙桃发布,no_media,2022-12-05 21:14:17,2023-04-12 21:51:41,M->M,unknown,
任洪道SolarQ,no_media,2022-04-20 20:54:00,2022-12-04 16:33:00,M->M,unknown,
伊仕生物美赞医学检验所,no_media,2023-02-16 14:02:00,2023-02-24 16:06:00,M->M,unknown,
会宁发布,no_media,2020-12-30 09:12:49,2021-01-16 09:36:43,M->M,unknown,
会宁发布,no_media,2021-01-16 09:36:43,2021-01-18 09:24:45,M->M,unknown,
会宁发布,no_media,2021-01-18 09:24:45,2021-03-11 09:17:07,M->M,unknown,
会宁发布,no_media,2021-03-11 09:17:07,2021-09-14 10:44:01,M->M,unknown,
会宁发布,no_media,2021-09-14 10:44:01,2021-12-23 10:10:36,M->M,unknown,
会宁发布,no_media,2021-12-23 10:10:36,2022-12-07 09:42:04,M->M,unknown,
会宁发布,no_media,2022-12-07 09:42:04,2022-12-07 15:06:59,M->M,unknown,
传说otto,no_media,2023-01-03 09:58:00,2023-01-04 11:43:00,H->H,unknown,
传说otto,no_media,2023-01-04 11:43:00,2023-01-05 22:41:00,H->M,unknown,
传说otto,no_media,2023-01-05 22:41:00,2023-01-06 08:29:00,M->M,unknown,
传说otto,no_media,2023-01-06 08:29:00,2023-01-07 09:14:00,M->L,unknown,
传说otto,no_media,2023-01-07 09:14:00,2023-01-07 12:41:00,L->M,unknown,
体坛周报,no_media,2020-12-13 19:16:07,2022-05-31 11:49:23,M->M,unknown,
体坛周报,no_media,2022-05-31 11:49:23,2023-06-12 17:15:39,M->M,unknown,
体育狂飙,no_media,2022-03-14 13:44:00,2022-03-14 13:44:00,M->H,unknown,
体育狂飙,no_media,2022-03-14 13:44:00,2022-03-14 13:45:00,H->M,unknown,
佛门之生,no_media,2023-02-18 16:30:00,2023-02-18 16:34:00,H->H,unknown,
佛门之生,no_media,2023-02-18 16:34:00,2023-02-22 17:27:00,H->H,unknown,
佛门之生,no_media,2023-02-22 17:27:00,2023-02-22 17:37:00,H->H,unknown,
佛门之生,no_media,2023-02-22 17:37:00,2023-03-02 12:45:00,H->H,unknown,
佛门之生,no_media,2023-03-02 12:45:00,2023-03-02 12:48:00,H->H,unknown,
你好台湾网,no_media,2020-02-15 18:36:34,2020-02-20 20:24:40,M->M,unknown,
你好台湾网,no_media,2020-02-20 20:24:40,2020-02-23 22:08:15,M->M,unknown,
你好台湾网,no_media,2020-02-23 22:08:15,2020-02-28 16:09:23,M->M,unknown,
你好台湾网,no_media,2020-02-28 16:09:23,2021-04-06 15:50:29,M->M,unknown,
你好台湾网,no_media,2021-04-06 15:50:29,2021-05-18 12:50:47,M->M,unknown,
你好台湾网,no_media,2021-05-18 12:50:47,2021-05-18 14:42:18,M->M,unknown,
你好台湾网,no_media,2021-05-18 14:42:18,2021-05-18 15:45:06,M->M,unknown,
你好台湾网,no_media,2021-05-18 15:45:06,2021-05-31 14:52:52,M->M,unknown,
你好台湾网,no_media,2021-05-31 14:52:52,2021-06-09 17:29:20,M->H,unknown,
你好台湾网,no_media,2021-06-09 17:29:20,2021-06-10 11:46:34,H->M,unknown,
你好台湾网,no_media,2021-06-10 11:46:34,2021-06-18 07:25:09,M->M,unknown,
你想弄死我咋地,no_media,2023-01-09 03:16:00,2023-01-10 07:23:00,L->L,unknown,
依彤828,no_media,2023-01-14 22:59:00,2023-10-24 23:14:00,L->L,unknown,
侠客岛,no_media,2021-02-20 15:51:11,2021-07-31 20:58:51,M->M,unknown,
侠客岛,no_media,2021-07-31 20:58:51,2022-01-06 23:37:24,M->M,unknown,
侠客岛,no_media,2022-01-06 23:37:24,2022-04-19 10:38:02,M->M,unknown,
侠客岛,no_media,2022-04-19 10:38:02,2022-08-25 15:13:42,M->M,unknown,
侠客岛,no_media,2022-08-25 15:13:42,2022-11-18 12:58:59,M->M,unknown,
侠客岛,no_media,2022-11-18 12:58:59,2022-12-07 13:28:42,M->M,unknown,
侠客岛,no_media,2022-12-07 13:28:42,2022-12-07 21:18:40,M->M,unknown,
侠客岛,no_media,2022-12-07 21:18:40,2022-12-08 18:48:05,M->M,unknown,
侠客岛,no_media,2022-12-08 18:48:05,2022-12-09 09:53:40,M->M,unknown,
侠客岛,no_media,2022-12-09 09:53:40,2022-12-26 11:28:38,M->M,unknown,
侠客岛,no_media,2022-12-26 11:28:38,2022-12-26 13:03:12,M->M,unknown,
侠客岛,no_media,2022-12-26 13:03:12,2023-06-02 15:16:44,M->M,unknown,
偏头痛社区,no_media,2022-12-08 16:02:00,2022-12-28 21:28:00,M->M,unknown,
偏头痛社区,no_media,2022-12-28 21:28:00,2023-01-04 17:03:00,M->M,unknown,
偏头痛社区,no_media,2023-01-04 17:03:00,2023-01-06 16:50:00,M->L,unknown,
健康中国,no_media,2020-05-05 17:10:10,2020-07-26 15:03:27,M->M,unknown,
健康中国,no_media,2020-07-26 15:03:27,2020-08-05 10:00:04,M->M,unknown,
健康中国,no_media,2020-08-05 10:00:04,2020-09-29 17:25:48,M->M,unknown,
健康中国,no_media,2020-09-29 17:25:48,2020-11-09 09:53:57,M->M,unknown,
健康中国,no_media,2020-11-09 09:53:57,2020-11-28 09:35:02,M->M,unknown,
健康中国,no_media,2020-11-28 09:35:02,2021-01-27 09:59:32,M->M,unknown,
健康中国,no_media,2021-01-27 09:59:32,2021-03-29 13:28:32,M->M,unknown,
健康中国,no_media,2021-03-29 13:28:32,2021-03-30 11:19:03,M->M,unknown,
健康中国,no_media,2021-03-30 11:19:03,2021-04-01 10:10:29,M->M,unknown,
健康中国,no_media,2021-04-01 10:10:29,2021-08-06 11:03:03,M->M,unknown,
健康中国,no_media,2021-08-06 11:03:03,2021-11-17 18:35:03,M->M,unknown,
健康中国,no_media,2021-11-17 18:35:03,2021-12-20 15:43:26,M->M,unknown,
健康中国,no_media,2021-12-20 15:43:26,2022-02-04 21:12:47,M->M,unknown,
健康中国,no_media,2022-02-04 21:12:47,2022-05-16 11:15:00,M->M,unknown,
健康中国,no_media,2022-05-16 11:15:00,2022-07-23 16:17:25,M->M,unknown,
健康中国,no_media,2022-07-23 16:17:25,2022-11-29 15:06:58,M->M,unknown,
健康中国,no_media,2022-11-29 15:06:58,2022-12-07 13:28:55,M->M,unknown,
健康中国,no_media,2022-12-07 13:28:55,2022-12-07 13:33:38,M->M,unknown,
健康中国,no_media,2022-12-07 13:33:38,2022-12-08 10:55:03,M->M,unknown,
健康中国,no_media,2022-12-08 10:55:03,2022-12-11 15:45:01,M->M,unknown,
健康中国,no_media,2022-12-11 15:45:01,2022-12-16 15:35:01,M->M,unknown,
健康中国,no_media,2022-12-16 15:35:01,2022-12-16 20:01:00,M->M,unknown,
健康中国,no_media,2022-12-16 20:01:00,2022-12-21 13:34:01,M->M,unknown,
健康中国,no_media,2022-12-21 13:34:01,2022-12-22 21:26:02,M->M,unknown,
健康中国,no_media,2022-12-22 21:26:02,2022-12-24 13:32:00,M->M,unknown,
健康中国,no_media,2022-12-24 13:32:00,2022-12-25 16:38:01,M->M,unknown,
健康中国,no_media,2022-12-25 16:38:01,2022-12-27 13:24:03,M->M,unknown,
健康中国,no_media,2022-12-27 13:24:03,2022-12-27 13:25:17,M->M,unknown,
健康中国,no_media,2022-12-27 13:25:17,2022-12-27 13:26:24,M->M,unknown,
健康中国,no_media,2022-12-27 13:26:24,2022-12-29 17:26:01,M->M,unknown,
健康中国,no_media,2022-12-29 17:26:01,2022-12-30 08:41:28,M->M,unknown,
健康中国,no_media,2022-12-30 08:41:28,2023-01-03 08:44:01,M->M,unknown,
健康中国,no_media,2023-01-03 08:44:01,2023-01-04 15:00:02,M->M,unknown,
健康中国,no_media,2023-01-04 15:00:02,2023-01-27 09:03:01,M->M,unknown,
健康中国,no_media,2023-01-27 09:03:01,2023-03-23 22:35:55,M->M,unknown,
健康中国,no_media,2023-03-23 22:35:55,2023-05-28 20:02:16,M->M,unknown,
健康中国,no_media,2023-05-28 20:02:16,2023-05-28 20:11:23,M->M,unknown,
健康中国,no_media,2023-05-28 20:11:23,2023-05-30 10:20:01,M->M,unknown,
健康中国,no_media,2023-05-30 10:20:01,2023-07-13 10:58:23,M->M,unknown,
健康中国,no_media,2023-07-13 10:58:23,2023-11-28 18:07:00,M->M,unknown,
健康中国,no_media,2023-11-28 18:07:00,2023-12-05 18:17:00,M->M,unknown,
健康中国,no_media,2023-12-05 18:17:00,2023-12-12 15:17:01,M->M,unknown,
健康中国,no_media,2023-12-12 15:17:01,2024-01-29 09:17:03,M->M,unknown,
健康中国,no_media,2024-01-29 09:17:03,2024-07-05 19:05:00,M->M,unknown,
健康我当家,no_media,2023-02-28 16:31:00,2023-06-15 17:15:00,M->M,unknown,
健康日报,no_media,2022-08-22 09:21:11,2022-10-13 17:39:33,M->M,unknown,
健康日报,no_media,2022-10-13 17:39:33,2022-10-14 13:15:03,M->M,unknown,
健康日报,no_media,2022-10-14 13:15:03,2022-11-01 11:31:32,M->M,unknown,
健康日报,no_media,2022-11-01 11:31:32,2022-12-03 11:01:20,M->M,unknown,
健康日报,no_media,2022-12-03 11:01:20,2022-12-08 09:58:15,M->M,unknown,
健康日报,no_media,2022-12-08 09:58:15,2022-12-08 10:10:43,M->M,unknown,
健康日报,no_media,2022-12-08 10:10:43,2022-12-18 17:19:14,M->M,unknown,
健康日报,no_media,2022-12-18 17:19:14,2022-12-18 19:57:11,M->M,unknown,
健康日报,no_media,2022-12-18 19:57:11,2022-12-19 12:33:36,M->M,unknown,
健康日报,no_media,2022-12-19 12:33:36,2022-12-19 12:48:07,M->M,unknown,
健康日报,no_media,2022-12-19 12:48:07,2022-12-19 14:03:47,M->M,unknown,
健康日报,no_media,2022-12-19 14:03:47,2022-12-20 12:48:03,M->M,unknown,
健康日报,no_media,2022-12-20 12:48:03,2022-12-24 09:07:47,M->M,unknown,
健康日报,no_media,2022-12-24 09:07:47,2022-12-29 15:04:17,M->M,unknown,
健康日报,no_media,2022-12-29 15:04:17,2023-01-02 08:36:07,M->M,unknown,
健康日报,no_media,2023-01-02 08:36:07,2023-01-02 09:32:55,M->M,unknown,
健康日报,no_media,2023-01-02 09:32:55,2023-01-03 12:13:27,M->M,unknown,
健康日报,no_media,2023-01-03 12:13:27,2023-01-03 12:21:43,M->M,unknown,
健康日报,no_media,2023-01-03 12:21:43,2023-01-03 12:49:57,M->M,unknown,
健康日报,no_media,2023-01-03 12:49:57,2023-01-05 16:21:38,M->M,unknown,
健康日报,no_media,2023-01-05 16:21:38,2023-01-06 09:03:40,M->M,unknown,
健康日报,no_media,2023-01-06 09:03:40,2023-01-10 16:27:44,M->M,unknown,
健康日报,no_media,2023-01-10 16:27:44,2023-01-11 15:46:01,M->M,unknown,
健康日报,no_media,2023-01-11 15:46:01,2023-01-14 13:55:48,M->M,unknown,
健康日报,no_media,2023-01-14 13:55:48,2023-01-14 14:34:06,M->M,unknown,
健康日报,no_media,2023-01-14 14:34:06,2023-01-15 14:59:28,M->M,unknown,
健康日报,no_media,2023-01-15 14:59:28,2023-01-21 12:49:46,M->M,unknown,
健康日报,no_media,2023-01-21 12:49:46,2023-02-10 11:01:05,M->M,unknown,
健康日报,no_media,2023-02-10 11:01:05,2023-02-10 18:23:08,M->H,unknown,
健康日报,no_media,2023-02-10 18:23:08,2023-02-13 13:23:53,H->H,unknown,
健康日报,no_media,2023-02-13 13:23:53,2023-08-28 10:33:12,H->M,unknown,
健康日报,no_media,2023-08-28 10:33:12,2023-08-31 01:14:00,M->M,unknown,
健识局,no_media,2021-10-19 14:54:00,2022-07-20 18:07:00,M->H,unknown,
健识局,no_media,2022-07-20 18:07:00,2023-01-05 18:24:00,H->M,unknown,
健识局,no_media,2023-01-05 18:24:00,2023-01-20 17:01:00,M->H,unknown,
元岁荣养,no_media,2022-04-05 22:10:00,2022-04-11 19:00:00,M->M,unknown,
元气先声合伙人招商中,no_media,2023-01-12 14:42:00,2023-01-12 14:43:00,H->H,unknown,
光明日报,no_media,2020-08-12 12:44:50,2021-12-22 14:00:13,M->M,unknown,
光明日报,no_media,2021-12-22 14:00:13,2022-04-19 08:09:13,M->M,unknown,
光明日报,no_media,2022-04-19 08:09:13,2022-04-23 08:19:13,M->M,unknown,
光明日报,no_media,2022-04-23 08:19:13,2022-04-24 08:17:55,M->M,unknown,
光明日报,no_media,2022-04-24 08:17:55,2022-04-25 08:01:16,M->M,unknown,
光明日报,no_media,2022-04-25 08:01:16,2022-04-26 08:03:49,M->M,unknown,
光明日报,no_media,2022-04-26 08:03:49,2022-04-27 07:55:45,M->M,unknown,
光明日报,no_media,2022-04-27 07:55:45,2022-04-28 08:04:21,M->M,unknown,
光明日报,no_media,2022-04-28 08:04:21,2022-04-28 10:43:30,M->M,unknown,
光明日报,no_media,2022-04-28 10:43:30,2022-04-29 08:40:01,M->M,unknown,
光明日报,no_media,2022-04-29 08:40:01,2022-04-30 08:46:31,M->M,unknown,
光明日报,no_media,2022-04-30 08:46:31,2022-05-01 08:25:08,M->M,unknown,
光明日报,no_media,2022-05-01 08:25:08,2022-05-03 08:38:09,M->M,unknown,
光明日报,no_media,2022-05-03 08:38:09,2022-05-04 08:08:00,M->M,unknown,
光明日报,no_media,2022-05-04 08:08:00,2022-05-05 09:05:24,M->M,unknown,
光明日报,no_media,2022-05-05 09:05:24,2022-05-06 08:20:00,M->M,unknown,
光明日报,no_media,2022-05-06 08:20:00,2022-05-08 08:14:44,M->M,unknown,
光明日报,no_media,2022-05-08 08:14:44,2022-05-09 08:30:00,M->M,unknown,
光明日报,no_media,2022-05-09 08:30:00,2022-05-10 08:31:07,M->M,unknown,
光明日报,no_media,2022-05-10 08:31:07,2022-05-16 08:10:00,M->M,unknown,
光明日报,no_media,2022-05-16 08:10:00,2022-05-18 08:27:07,M->M,unknown,
光明日报,no_media,2022-05-18 08:27:07,2022-05-22 08:40:11,M->M,unknown,
光明日报,no_media,2022-05-22 08:40:11,2022-05-24 08:30:00,M->M,unknown,
光明日报,no_media,2022-05-24 08:30:00,2022-05-26 08:16:25,M->M,unknown,
光明日报,no_media,2022-05-26 08:16:25,2022-07-07 16:00:03,M->M,unknown,
光明日报,no_media,2022-07-07 16:00:03,2022-12-07 14:11:55,M->M,unknown,
光明日报,no_media,2022-12-07 14:11:55,2022-12-15 10:00:00,M->M,unknown,
光明日报,no_media,2022-12-15 10:00:00,2022-12-17 09:00:01,M->M,unknown,
光明日报,no_media,2022-12-17 09:00:01,2022-12-27 16:00:04,M->M,unknown,
光明日报,no_media,2022-12-27 16:00:04,2022-12-30 16:48:15,M->M,unknown,
光明日报,no_media,2022-12-30 16:48:15,2023-01-25 10:02:25,M->M,unknown,
党报阅览室,no_media,2020-11-05 18:17:11,2022-05-20 10:36:19,M->M,unknown,
党报阅览室,no_media,2022-05-20 10:36:19,2022-09-14 10:00:19,M->M,unknown,
党报阅览室,no_media,2022-09-14 10:00:19,2022-11-28 10:25:54,M->M,unknown,
党报阅览室,no_media,2022-11-28 10:25:54,2022-12-19 10:36:23,M->M,unknown,
全南发布,mainstream_only,2020-04-20 10:53:27,2022-04-04 14:19:56,M->M,norisk,0.0
全南发布,mainstream_only,2022-04-04 14:19:56,2022-12-01 12:55:57,M->M,norisk,0.0
全南发布,mainstream_only,2022-12-01 12:55:57,2022-12-01 17:59:45,M->M,norisk,0.5
全南发布,mainstream_only,2022-12-01 17:59:45,2022-12-09 15:12:00,M->M,norisk,0.5
全南发布,mainstream_only,2022-12-09 15:12:00,2022-12-10 22:34:10,M->M,norisk,0.0
全南发布,mainstream_only,2022-12-10 22:34:10,2022-12-10 22:44:36,M->M,norisk,0.5
全南发布,mainstream_only,2022-12-10 22:44:36,2022-12-11 09:52:25,M->M,norisk,0.5
全南发布,mainstream_only,2022-12-11 09:52:25,2022-12-12 21:27:31,M->M,norisk,0.0
全南发布,mainstream_only,2022-12-12 21:27:31,2022-12-15 18:38:31,M->M,norisk,0.0
全南发布,mainstream_only,2022-12-15 18:38:31,2022-12-26 20:38:38,M->M,norisk,0.0
全南发布,mainstream_only,2022-12-26 20:38:38,2022-12-26 20:40:28,M->M,norisk,0.5
全南发布,mainstream_only,2022-12-26 20:40:28,2023-01-03 22:39:51,M->M,norisk,0.5
全国妇联女性之声,no_media,2020-02-17 09:18:41,2020-02-20 09:09:46,M->M,unknown,
全国妇联女性之声,no_media,2020-02-20 09:09:46,2020-04-23 18:24:37,M->M,unknown,
全国妇联女性之声,no_media,2020-04-23 18:24:37,2021-02-20 17:31:27,M->M,unknown,
全国妇联女性之声,no_media,2021-02-20 17:31:27,2021-03-30 16:31:34,M->M,unknown,
全国妇联女性之声,no_media,2021-03-30 16:31:34,2021-04-08 11:29:50,M->M,unknown,
全国妇联女性之声,no_media,2021-04-08 11:29:50,2021-04-09 19:31:34,M->M,unknown,
全国妇联女性之声,no_media,2021-04-09 19:31:34,2021-04-18 16:03:25,M->M,unknown,
全国妇联女性之声,no_media,2021-04-18 16:03:25,2021-10-28 22:01:34,M->M,unknown,
全国妇联女性之声,no_media,2021-10-28 22:01:34,2022-04-17 15:47:23,M->M,unknown,
全国妇联女性之声,no_media,2022-04-17 15:47:23,2022-04-19 14:58:43,M->M,unknown,
全国妇联女性之声,no_media,2022-04-19 14:58:43,2022-11-18 17:37:55,M->M,unknown,
全国妇联女性之声,no_media,2022-11-18 17:37:55,2022-12-15 17:04:25,M->M,unknown,
全国妇联女性之声,no_media,2022-12-15 17:04:25,2023-01-07 08:35:36,M->M,unknown,
全民wisdom,dual,2023-11-10 11:28:00,2023-11-12 23:27:00,M->M,risk,1.0
全民wisdom,dual,2023-11-12 23:27:00,2023-12-09 18:13:00,M->M,norisk,0.0
全民wisdom,dual,2023-12-09 18:13:00,2024-01-27 11:48:00,M->M,risk,1.0
八大商人,no_media,2023-11-14 21:21:00,2023-11-15 18:33:00,M->H,unknown,
八納KA,no_media,2022-12-10 09:37:00,2022-12-20 14:23:00,M->L,unknown,
六千只羊角面包0-0,wemedia_only,2023-07-10 17:42:00,2023-09-13 11:11:00,L->L,unknown,
六安广播电视台,no_media,2020-02-09 08:50:42,2020-02-14 19:24:00,M->M,unknown,
六安广播电视台,no_media,2020-02-14 19:24:00,2020-04-15 08:14:53,M->M,unknown,
六安广播电视台,no_media,2020-04-15 08:14:53,2021-08-30 16:55:06,M->M,unknown,
六安广播电视台,no_media,2021-08-30 16:55:06,2022-12-11 10:12:10,M->M,unknown,
六安广播电视台,no_media,2022-12-11 10:12:10,2022-12-20 11:18:39,M->M,unknown,
六安广播电视台,no_media,2022-12-20 11:18:39,2022-12-23 10:15:11,M->M,unknown,
六安广播电视台,no_media,2022-12-23 10:15:11,2023-01-23 11:06:59,M->M,unknown,
六安新闻网,no_media,2021-01-07 08:29:52,2021-01-15 09:42:06,M->M,unknown,
六安新闻网,no_media,2021-01-15 09:42:06,2021-02-03 08:39:35,M->M,unknown,
六安新闻网,no_media,2021-02-03 08:39:35,2021-03-08 08:48:29,M->M,unknown,
六安新闻网,no_media,2021-03-08 08:48:29,2022-03-02 09:45:10,M->M,unknown,
六安新闻网,no_media,2022-03-02 09:45:10,2022-03-09 09:36:14,M->M,unknown,
六安新闻网,no_media,2022-03-09 09:36:14,2022-10-14 08:29:09,M->M,unknown,
兰州发布,no_media,2020-01-24 11:42:47,2020-02-18 20:06:26,M->M,unknown,
兰州发布,no_media,2020-02-18 20:06:26,2020-03-14 20:07:22,M->M,unknown,
兰州发布,no_media,2020-03-14 20:07:22,2020-04-14 22:05:08,M->M,unknown,
兰州发布,no_media,2020-04-14 22:05:08,2020-06-15 15:15:04,M->M,unknown,
兰州发布,no_media,2020-06-15 15:15:04,2020-06-16 10:45:03,M->M,unknown,
兰州发布,no_media,2020-06-16 10:45:03,2020-11-25 14:23:21,M->M,unknown,
兰州发布,no_media,2020-11-25 14:23:21,2021-04-09 16:45:51,M->M,unknown,
兰州发布,no_media,2021-04-09 16:45:51,2021-10-24 09:22:49,M->M,unknown,
兰州发布,no_media,2021-10-24 09:22:49,2021-11-01 13:30:03,M->M,unknown,
兰州发布,no_media,2021-11-01 13:30:03,2021-11-17 11:15:00,M->M,unknown,
兰州发布,no_media,2021-11-17 11:15:00,2022-03-14 12:40:11,M->M,unknown,
兰州发布,no_media,2022-03-14 12:40:11,2022-07-10 16:18:14,M->M,unknown,
兰州发布,no_media,2022-07-10 16:18:14,2022-07-23 11:50:11,M->M,unknown,
兰州发布,no_media,2022-07-23 11:50:11,2022-11-06 10:30:04,M->M,unknown,
兰州发布,no_media,2022-11-06 10:30:04,2022-11-06 15:46:36,M->M,unknown,
兰州发布,no_media,2022-11-06 15:46:36,2022-12-08 13:10:02,M->M,unknown,
兰州新区发布,no_media,2022-01-11 18:37:11,2022-04-09 17:36:45,M->M,unknown,
兰州新区发布,no_media,2022-04-09 17:36:45,2022-07-04 11:50:49,M->M,unknown,
兰州新区发布,no_media,2022-07-04 11:50:49,2022-07-10 16:34:09,M->M,unknown,
兰州新区发布,no_media,2022-07-10 16:34:09,2022-07-24 08:51:07,M->M,unknown,
兰州新区发布,no_media,2022-07-24 08:51:07,2022-09-07 16:09:49,M->M,unknown,
兰州新区发布,no_media,2022-09-07 16:09:49,2022-10-26 08:18:53,M->M,unknown,
兰州新区发布,no_media,2022-10-26 08:18:53,2022-11-06 16:09:51,M->M,unknown,
兰州新区发布,no_media,2022-11-06 16:09:51,2022-11-21 20:14:40,M->M,unknown,
兰州新区发布,no_media,2022-11-21 20:14:40,2022-11-29 17:11:58,M->M,unknown,
兰州新区发布,no_media,2022-11-29 17:11:58,2022-12-06 07:00:24,M->M,unknown,
兰州新区发布,no_media,2022-12-06 07:00:24,2022-12-07 13:54:30,M->M,unknown,
兰州新区发布,no_media,2022-12-07 13:54:30,2022-12-09 09:57:45,M->M,unknown,
兰州新区发布,no_media,2022-12-09 09:57:45,2022-12-10 11:43:05,M->M,unknown,
兰州新区发布,no_media,2022-12-10 11:43:05,2022-12-11 13:47:55,M->M,unknown,
兰州新区发布,no_media,2022-12-11 13:47:55,2022-12-18 15:48:31,M->M,unknown,
兰州新区发布,no_media,2022-12-18 15:48:31,2022-12-18 17:19:48,M->M,unknown,
兰州新区发布,no_media,2022-12-18 17:19:48,2023-01-06 18:10:52,M->M,unknown,
兰州新区发布,no_media,2023-01-06 18:10:52,2024-01-04 22:28:37,M->M,unknown,
兰州新区发布,no_media,2024-01-04 22:28:37,2024-07-11 17:03:21,M->M,unknown,
兰州检察,no_media,2022-07-15 08:24:54,2022-07-23 11:15:31,M->M,unknown,
兰州检察,no_media,2022-07-23 11:15:31,2022-11-18 10:44:26,M->M,unknown,
兰州检察,no_media,2022-11-18 10:44:26,2022-12-15 22:38:46,M->M,unknown,
兰州检察,no_media,2022-12-15 22:38:46,2022-12-23 10:20:05,M->M,unknown,
兰州检察,no_media,2022-12-23 10:20:05,2022-12-27 21:10:15,M->M,unknown,
兵团号,no_media,2020-08-06 20:29:36,2021-02-26 07:43:21,M->M,unknown,
兵团日报,no_media,2020-07-26 15:54:56,2020-07-30 23:55:05,M->M,unknown,
兵团日报,no_media,2020-07-30 23:55:05,2022-08-11 22:00:44,M->M,unknown,
兵团日报,no_media,2022-08-11 22:00:44,2023-01-18 17:10:18,M->M,unknown,
冀看点,no_media,2022-12-09 10:47:27,2022-12-30 10:03:10,M->M,unknown,
内蒙古日报,no_media,2021-02-03 18:20:30,2021-12-30 20:04:08,M->M,unknown,
内蒙古日报,no_media,2021-12-30 20:04:08,2021-12-30 20:07:15,M->M,unknown,
内蒙古日报,no_media,2021-12-30 20:07:15,2022-03-14 14:42:00,M->M,unknown,
内蒙古日报,no_media,2022-03-14 14:42:00,2022-03-14 14:42:40,M->M,unknown,
内蒙古日报,no_media,2022-03-14 14:42:40,2022-04-04 13:49:49,M->M,unknown,
内蒙古日报,no_media,2022-04-04 13:49:49,2022-05-10 08:32:34,M->M,unknown,
内蒙古日报,no_media,2022-05-10 08:32:34,2022-05-11 07:48:27,M->M,unknown,
内蒙古日报,no_media,2022-05-11 07:48:27,2022-07-09 17:52:24,M->M,unknown,
内蒙古日报,no_media,2022-07-09 17:52:24,2022-07-12 10:21:51,M->M,unknown,
内蒙古日报,no_media,2022-07-12 10:21:51,2022-07-15 15:29:52,M->M,unknown,
内蒙古日报,no_media,2022-07-15 15:29:52,2022-07-23 16:07:16,M->M,unknown,
内蒙古日报,no_media,2022-07-23 16:07:16,2022-09-25 09:27:26,M->M,unknown,
内蒙古日报,no_media,2022-09-25 09:27:26,2022-10-04 11:01:43,M->M,unknown,
内蒙古日报,no_media,2022-10-04 11:01:43,2022-10-06 10:45:45,M->M,unknown,
内蒙古日报,no_media,2022-10-06 10:45:45,2022-10-09 20:23:12,M->M,unknown,
内蒙古日报,no_media,2022-10-09 20:23:12,2022-10-10 20:17:23,M->M,unknown,
内蒙古日报,no_media,2022-10-10 20:17:23,2022-10-12 14:45:00,M->M,unknown,
内蒙古日报,no_media,2022-10-12 14:45:00,2022-10-14 09:02:50,M->M,unknown,
内蒙古日报,no_media,2022-10-14 09:02:50,2022-10-14 10:22:14,M->M,unknown,
内蒙古日报,no_media,2022-10-14 10:22:14,2022-10-14 10:44:38,M->M,unknown,
内蒙古日报,no_media,2022-10-14 10:44:38,2022-10-14 10:55:19,M->M,unknown,
内蒙古日报,no_media,2022-10-14 10:55:19,2022-10-14 10:57:36,M->M,unknown,
内蒙古日报,no_media,2022-10-14 10:57:36,2022-10-14 11:05:43,M->M,unknown,
内蒙古日报,no_media,2022-10-14 11:05:43,2022-10-14 11:16:51,M->M,unknown,
内蒙古日报,no_media,2022-10-14 11:16:51,2022-10-14 11:26:31,M->M,unknown,
内蒙古日报,no_media,2022-10-14 11:26:31,2022-10-14 11:38:10,M->M,unknown,
内蒙古日报,no_media,2022-10-14 11:38:10,2022-10-21 11:02:49,M->M,unknown,
内蒙古日报,no_media,2022-10-21 11:02:49,2022-10-22 10:44:59,M->M,unknown,
内蒙古日报,no_media,2022-10-22 10:44:59,2022-11-10 12:46:29,M->M,unknown,
内蒙古日报,no_media,2022-11-10 12:46:29,2022-11-14 14:03:38,M->M,unknown,
内蒙古日报,no_media,2022-11-14 14:03:38,2022-11-28 10:09:45,M->M,unknown,
内蒙古日报,no_media,2022-11-28 10:09:45,2022-12-02 08:31:41,M->M,unknown,
内蒙古日报,no_media,2022-12-02 08:31:41,2022-12-06 11:30:02,M->M,unknown,
内蒙古日报,no_media,2022-12-06 11:30:02,2022-12-06 14:56:54,M->M,unknown,
内蒙古日报,no_media,2022-12-06 14:56:54,2022-12-09 10:00:52,M->M,unknown,
内蒙古日报,no_media,2022-12-09 10:00:52,2022-12-11 10:15:28,M->M,unknown,
内蒙古日报,no_media,2022-12-11 10:15:28,2022-12-11 14:32:22,M->M,unknown,
内蒙古日报,no_media,2022-12-11 14:32:22,2022-12-11 14:48:00,M->M,unknown,
内蒙古日报,no_media,2022-12-11 14:48:00,2022-12-12 11:46:46,M->M,unknown,
内蒙古日报,no_media,2022-12-12 11:46:46,2022-12-14 11:15:00,M->M,unknown,
内蒙古日报,no_media,2022-12-14 11:15:00,2022-12-14 13:05:42,M->M,unknown,
内蒙古日报,no_media,2022-12-14 13:05:42,2022-12-15 16:43:45,M->M,unknown,
内蒙古日报,no_media,2022-12-15 16:43:45,2022-12-17 20:27:37,M->M,unknown,
内蒙古日报,no_media,2022-12-17 20:27:37,2022-12-21 21:26:05,M->M,unknown,
内蒙古日报,no_media,2022-12-21 21:26:05,2022-12-26 09:36:54,M->M,unknown,
内蒙古日报,no_media,2022-12-26 09:36:54,2022-12-30 11:11:48,M->M,unknown,
内蒙古日报,no_media,2022-12-30 11:11:48,2023-01-02 13:29:34,M->M,unknown,
内蒙古日报,no_media,2023-01-02 13:29:34,2023-01-02 19:09:00,M->M,unknown,
内蒙古日报,no_media,2023-01-02 19:09:00,2023-01-03 12:45:30,M->M,unknown,
内蒙古日报,no_media,2023-01-03 12:45:30,2023-01-04 16:40:00,M->M,unknown,
内蒙古日报,no_media,2023-01-04 16:40:00,2023-01-09 18:38:28,M->M,unknown,
内蒙古日报,no_media,2023-01-09 18:38:28,2023-01-16 10:58:00,M->M,unknown,
内蒙古日报,no_media,2023-01-16 10:58:00,2023-01-18 16:12:07,M->M,unknown,
内蒙古日报,no_media,2023-01-18 16:12:07,2023-01-19 19:48:00,M->M,unknown,
内蒙古日报,no_media,2023-01-19 19:48:00,2023-01-19 20:46:01,M->M,unknown,
内蒙古日报,no_media,2023-01-19 20:46:01,2023-02-03 21:03:00,M->M,unknown,
内蒙古日报,no_media,2023-02-03 21:03:00,2023-03-02 11:14:00,M->M,unknown,
内蒙古日报,no_media,2023-03-02 11:14:00,2023-03-10 15:49:58,M->M,unknown,
内蒙古日报,no_media,2023-03-10 15:49:58,2023-05-23 13:46:00,M->M,unknown,
内蒙古日报,no_media,2023-05-23 13:46:00,2023-06-02 11:55:55,M->M,unknown,
内蒙古日报,no_media,2023-06-02 11:55:55,2024-01-01 09:23:35,M->M,unknown,
内蒙古日报,no_media,2024-01-01 09:23:35,2024-03-17 19:07:04,M->M,unknown,
内蒙古晨报,no_media,2015-05-04 20:30:20,2020-02-15 09:38:44,M->M,unknown,
内蒙古晨报,no_media,2020-02-15 09:38:44,2020-02-19 11:36:18,M->M,unknown,
内蒙古晨报,no_media,2020-02-19 11:36:18,2020-02-20 09:50:28,M->M,unknown,
内蒙古晨报,no_media,2020-02-20 09:50:28,2020-03-12 20:39:08,M->M,unknown,
内蒙古晨报,no_media,2020-03-12 20:39:08,2020-03-18 20:24:05,M->M,unknown,
内蒙古晨报,no_media,2020-03-18 20:24:05,2020-04-22 20:58:17,M->M,unknown,
内蒙古晨报,no_media,2020-04-22 20:58:17,2020-05-20 14:39:22,M->M,unknown,
内蒙古晨报,no_media,2020-05-20 14:39:22,2020-12-24 08:17:43,M->M,unknown,
内蒙古晨报,no_media,2020-12-24 08:17:43,2020-12-24 11:42:51,M->M,unknown,
内蒙古晨报,no_media,2020-12-24 11:42:51,2021-03-02 09:38:10,M->M,unknown,
内蒙古晨报,no_media,2021-03-02 09:38:10,2021-04-13 11:48:19,M->M,unknown,
内蒙古晨报,no_media,2021-04-13 11:48:19,2021-04-17 17:59:27,M->M,unknown,
内蒙古晨报,no_media,2021-04-17 17:59:27,2021-08-13 17:03:08,M->H,unknown,
内蒙古晨报,no_media,2021-08-13 17:03:08,2021-08-16 14:57:04,H->H,unknown,
内蒙古晨报,no_media,2021-08-16 14:57:04,2021-10-28 18:54:19,H->M,unknown,
内蒙古晨报,no_media,2021-10-28 18:54:19,2021-11-23 15:25:10,M->M,unknown,
内蒙古晨报,no_media,2021-11-23 15:25:10,2021-11-25 09:44:05,M->M,unknown,
内蒙古晨报,no_media,2021-11-25 09:44:05,2021-11-26 10:14:35,M->M,unknown,
内蒙古晨报,no_media,2021-11-26 10:14:35,2022-02-23 17:54:36,M->M,unknown,
内蒙古晨报,no_media,2022-02-23 17:54:36,2022-03-01 14:09:58,M->M,unknown,
内蒙古晨报,no_media,2022-03-01 14:09:58,2022-03-01 16:27:59,M->M,unknown,
内蒙古晨报,no_media,2022-03-01 16:27:59,2022-03-01 16:31:01,M->M,unknown,
内蒙古晨报,no_media,2022-03-01 16:31:01,2022-04-17 17:58:25,M->M,unknown,
内蒙古晨报,no_media,2022-04-17 17:58:25,2022-04-26 07:05:16,M->M,unknown,
内蒙古晨报,no_media,2022-04-26 07:05:16,2022-11-18 18:57:04,M->M,unknown,
内蒙古晨报,no_media,2022-11-18 18:57:04,2022-11-29 14:58:17,M->M,unknown,
内蒙古晨报,no_media,2022-11-29 14:58:17,2022-12-05 08:44:28,M->M,unknown,
内蒙古晨报,no_media,2022-12-05 08:44:28,2022-12-10 10:16:20,M->M,unknown,
内蒙古晨报,no_media,2022-12-10 10:16:20,2022-12-23 14:38:05,M->M,unknown,
内蒙古晨报,no_media,2022-12-23 14:38:05,2022-12-31 10:39:43,M->M,unknown,
内蒙古晨报,no_media,2022-12-31 10:39:43,2023-01-03 17:33:29,M->M,unknown,
内蒙古晨报,no_media,2023-01-03 17:33:29,2023-01-04 10:51:57,M->M,unknown,
内蒙古晨报,no_media,2023-01-04 10:51:57,2023-01-07 08:29:07,M->M,unknown,
内蒙古晨报,no_media,2023-01-07 08:29:07,2024-03-17 18:08:20,M->M,unknown,
内蒙古长安网,no_media,2020-02-20 10:26:03,2020-04-21 18:03:31,M->M,unknown,
内蒙古长安网,no_media,2020-04-21 18:03:31,2020-05-28 09:44:16,M->M,unknown,
内蒙古长安网,no_media,2020-05-28 09:44:16,2021-04-14 18:00:03,M->M,unknown,
内蒙古长安网,no_media,2021-04-14 18:00:03,2021-08-02 14:00:03,M->M,unknown,
内蒙古长安网,no_media,2021-08-02 14:00:03,2022-04-07 20:00:01,M->M,unknown,
内蒙古长安网,no_media,2022-04-07 20:00:01,2022-10-14 09:30:03,M->M,unknown,
内蒙古长安网,no_media,2022-10-14 09:30:03,2022-12-16 12:30:02,M->M,unknown,
内蒙古长安网,no_media,2022-12-16 12:30:02,2023-01-05 17:00:05,M->M,unknown,
内蒙古长安网,no_media,2023-01-05 17:00:05,2023-01-11 13:00:00,M->M,unknown,
内蒙古长安网,no_media,2023-01-11 13:00:00,2023-01-19 13:00:00,M->M,unknown,
内蒙古长安网,no_media,2023-01-19 13:00:00,2023-02-08 19:00:02,M->M,unknown,
农业科技报V,no_media,2021-11-02 17:33:26,2021-12-07 15:08:06,M->M,unknown,
农业科技报V,no_media,2021-12-07 15:08:06,2022-02-10 14:25:21,M->M,unknown,
农民日报,no_media,2022-01-25 17:26:06,2022-11-29 10:42:18,M->M,unknown,
农民日报,no_media,2022-11-29 10:42:18,2022-11-29 16:27:41,M->M,unknown,
农民日报,no_media,2022-11-29 16:27:41,2022-12-01 12:52:42,M->M,unknown,
农民日报,no_media,2022-12-01 12:52:42,2022-12-04 13:15:50,M->M,unknown,
农民日报,no_media,2022-12-04 13:15:50,2022-12-06 08:46:12,M->M,unknown,
农民日报,no_media,2022-12-06 08:46:12,2022-12-07 14:22:57,M->M,unknown,
农民日报,no_media,2022-12-07 14:22:57,2022-12-07 19:16:40,M->M,unknown,
农民日报,no_media,2022-12-07 19:16:40,2022-12-08 21:03:20,M->M,unknown,
农民日报,no_media,2022-12-08 21:03:20,2022-12-09 11:39:38,M->M,unknown,
农民日报,no_media,2022-12-09 11:39:38,2022-12-14 17:10:34,M->M,unknown,
农民日报,no_media,2022-12-14 17:10:34,2022-12-16 14:47:31,M->M,unknown,
农民日报,no_media,2022-12-16 14:47:31,2023-01-17 08:38:44,M->M,unknown,
农民日报,no_media,2023-01-17 08:38:44,2023-01-18 17:48:24,M->M,unknown,
农民日报,no_media,2023-01-18 17:48:24,2023-05-29 14:50:24,M->M,unknown,
农视网,no_media,2020-02-20 09:39:23,2022-12-09 15:10:31,M->M,unknown,
凌富贵的小叮当,no_media,2022-07-13 19:43:00,2022-08-14 14:16:00,M->M,unknown,
凤凰卫视,no_media,2016-08-04 11:49:04,2016-12-14 13:30:03,M->L,unknown,
凤凰卫视,no_media,2016-12-14 13:30:03,2017-11-29 14:00:03,L->M,unknown,
凤凰卫视,no_media,2017-11-29 14:00:03,2020-02-24 10:30:03,M->L,unknown,
凤凰卫视,no_media,2020-02-24 10:30:03,2020-02-25 10:00:04,L->M,unknown,
凤凰卫视,no_media,2020-02-25 10:00:04,2020-02-26 09:00:03,M->M,unknown,
凤凰卫视,no_media,2020-02-26 09:00:03,2020-02-28 09:30:03,M->M,unknown,
凤凰卫视,no_media,2020-02-28 09:30:03,2020-03-17 09:00:03,M->M,unknown,
凤凰卫视,no_media,2020-03-17 09:00:03,2020-03-19 19:30:04,M->M,unknown,
凤凰卫视,no_media,2020-03-19 19:30:04,2020-04-15 11:00:05,M->M,unknown,
凤凰卫视,no_media,2020-04-15 11:00:05,2020-05-12 11:00:05,M->M,unknown,
凤凰卫视,no_media,2020-05-12 11:00:05,2020-05-13 16:30:03,M->M,unknown,
凤凰卫视,no_media,2020-05-13 16:30:03,2020-06-10 15:00:04,M->M,unknown,
凤凰卫视,no_media,2020-06-10 15:00:04,2020-08-03 15:29:03,M->M,unknown,
凤凰卫视,no_media,2020-08-03 15:29:03,2020-09-08 09:34:20,M->M,unknown,
凤凰卫视,no_media,2020-09-08 09:34:20,2020-10-29 12:30:03,M->M,unknown,
凤凰卫视,no_media,2020-10-29 12:30:03,2020-12-01 21:30:03,M->M,unknown,
凤凰卫视,no_media,2020-12-01 21:30:03,2020-12-21 16:30:03,M->M,unknown,
凤凰卫视,no_media,2020-12-21 16:30:03,2021-01-15 18:30:03,M->M,unknown,
凤凰卫视,no_media,2021-01-15 18:30:03,2021-01-20 11:30:03,M->M,unknown,
凤凰卫视,no_media,2021-01-20 11:30:03,2021-01-25 17:30:03,M->M,unknown,
凤凰卫视,no_media,2021-01-25 17:30:03,2021-01-29 13:31:03,M->M,unknown,
凤凰卫视,no_media,2021-01-29 13:31:03,2021-02-28 09:00:04,M->M,unknown,
凤凰卫视,no_media,2021-02-28 09:00:04,2021-03-14 13:30:03,M->M,unknown,
凤凰卫视,no_media,2021-03-14 13:30:03,2021-03-17 19:30:03,M->M,unknown,
凤凰卫视,no_media,2021-03-17 19:30:03,2021-03-23 11:29:49,M->M,unknown,
凤凰卫视,no_media,2021-03-23 11:29:49,2021-03-28 21:30:03,M->M,unknown,
凤凰卫视,no_media,2021-03-28 21:30:03,2021-03-29 19:30:03,M->M,unknown,
凤凰卫视,no_media,2021-03-29 19:30:03,2021-04-05 09:30:03,M->M,unknown,
凤凰卫视,no_media,2021-04-05 09:30:03,2021-05-11 16:30:03,M->M,unknown,
凤凰卫视,no_media,2021-05-11 16:30:03,2021-05-24 14:30:03,M->M,unknown,
凤凰卫视,no_media,2021-05-24 14:30:03,2021-07-06 14:30:03,M->M,unknown,
凤凰卫视,no_media,2021-07-06 14:30:03,2021-08-02 14:01:15,M->M,unknown,
凤凰卫视,no_media,2021-08-02 14:01:15,2021-08-17 21:30:03,M->M,unknown,
凤凰卫视,no_media,2021-08-17 21:30:03,2021-10-08 12:00:04,M->M,unknown,
凤凰卫视,no_media,2021-10-08 12:00:04,2021-11-10 19:30:01,M->M,unknown,
凤凰卫视,no_media,2021-11-10 19:30:01,2021-11-26 14:00:03,M->M,unknown,
凤凰卫视,no_media,2021-11-26 14:00:03,2021-12-21 19:30:02,M->M,unknown,
凤凰卫视,no_media,2021-12-21 19:30:02,2021-12-24 21:30:01,M->M,unknown,
凤凰卫视,no_media,2021-12-24 21:30:01,2021-12-31 15:30:01,M->M,unknown,
凤凰卫视,no_media,2021-12-31 15:30:01,2022-01-07 17:00:06,M->M,unknown,
凤凰卫视,no_media,2022-01-07 17:00:06,2022-01-24 17:30:02,M->M,unknown,
凤凰卫视,no_media,2022-01-24 17:30:02,2022-02-17 18:00:02,M->M,unknown,
凤凰卫视,no_media,2022-02-17 18:00:02,2022-03-19 18:00:03,M->M,unknown,
凤凰卫视,no_media,2022-03-19 18:00:03,2022-04-16 12:00:03,M->M,unknown,
凤凰卫视,no_media,2022-04-16 12:00:03,2022-04-28 18:30:03,M->M,unknown,
凤凰卫视,no_media,2022-04-28 18:30:03,2022-05-23 12:30:06,M->M,unknown,
凤凰卫视,no_media,2022-05-23 12:30:06,2022-07-04 15:00:02,M->M,unknown,
凤凰卫视,no_media,2022-07-04 15:00:02,2022-07-12 18:30:00,M->M,unknown,
凤凰卫视,no_media,2022-07-12 18:30:00,2022-08-17 13:00:03,M->M,unknown,
凤凰卫视,no_media,2022-08-17 13:00:03,2022-09-13 16:00:02,M->M,unknown,
凤凰卫视,no_media,2022-09-13 16:00:02,2022-09-20 20:30:02,M->M,unknown,
凤凰卫视,no_media,2022-09-20 20:30:02,2022-10-17 16:00:04,M->M,unknown,
凤凰卫视,no_media,2022-10-17 16:00:04,2022-11-05 14:30:01,M->M,unknown,
凤凰卫视,no_media,2022-11-05 14:30:01,2022-12-10 20:08:27,M->M,unknown,
凤凰卫视,no_media,2022-12-10 20:08:27,2022-12-10 22:50:42,M->M,unknown,
凤凰卫视,no_media,2022-12-10 22:50:42,2022-12-12 11:30:06,M->M,unknown,
凤凰卫视,no_media,2022-12-12 11:30:06,2022-12-15 22:03:29,M->M,unknown,
凤凰卫视,no_media,2022-12-15 22:03:29,2022-12-22 18:30:01,M->M,unknown,
凤凰卫视,no_media,2022-12-22 18:30:01,2023-02-12 18:45:00,M->M,unknown,
凤凰卫视,no_media,2023-02-12 18:45:00,2023-05-23 11:30:00,M->M,unknown,
凤凰卫视,no_media,2023-05-23 11:30:00,2023-06-09 13:21:21,M->H,unknown,
凤凰卫视,no_media,2023-06-09 13:21:21,2023-12-04 16:27:08,H->M,unknown,
凤凰卫视,no_media,2023-12-04 16:27:08,2024-06-23 18:00:00,M->M,unknown,
凤凰卫视欧洲台,no_media,2020-01-30 07:38:26,2020-03-12 02:49:39,M->M,unknown,
凤凰卫视欧洲台,no_media,2020-03-12 02:49:39,2020-03-13 18:03:53,M->M,unknown,
凤凰卫视欧洲台,no_media,2020-03-13 18:03:53,2020-05-15 00:07:05,M->M,unknown,
凤凰卫视欧洲台,no_media,2020-05-15 00:07:05,2020-06-02 23:45:27,M->M,unknown,
凤凰卫视欧洲台,no_media,2020-06-02 23:45:27,2020-06-10 18:00:17,M->M,unknown,
凤凰卫视欧洲台,no_media,2020-06-10 18:00:17,2020-08-03 16:19:23,M->M,unknown,
凤凰卫视欧洲台,no_media,2020-08-03 16:19:23,2020-12-11 18:15:31,M->M,unknown,
凤凰卫视欧洲台,no_media,2020-12-11 18:15:31,2021-03-17 21:13:21,M->M,unknown,
凤凰卫视欧洲台,no_media,2021-03-17 21:13:21,2021-04-21 17:01:19,M->M,unknown,
凤凰卫视欧洲台,no_media,2021-04-21 17:01:19,2021-11-26 16:38:00,M->M,unknown,
凤凰卫视欧洲台,no_media,2021-11-26 16:38:00,2021-11-26 19:35:35,M->M,unknown,
凤凰卫视欧洲台,no_media,2021-11-26 19:35:35,2022-05-31 15:32:13,M->M,unknown,
凤凰卫视欧洲台,no_media,2022-05-31 15:32:13,2022-11-04 23:03:46,M->M,unknown,
凤凰卫视欧洲台,no_media,2022-11-04 23:03:46,2023-09-25 16:27:28,M->M,unknown,
凤凰卫视欧洲台,no_media,2023-09-25 16:27:28,2024-05-13 15:59:25,M->M,unknown,
凤凰卫视美洲台,no_media,2021-02-09 10:40:27,2021-07-30 05:01:30,M->M,unknown,
凤凰卫视美洲台,no_media,2021-07-30 05:01:30,2022-05-27 11:19:00,M->M,unknown,
凤凰卫视美洲台,no_media,2022-05-27 11:19:00,2022-10-20 07:20:00,M->M,unknown,
凤凰卫视美洲台,no_media,2022-10-20 07:20:00,2022-12-15 05:44:00,M->M,unknown,
凤凰卫视美洲台,no_media,2022-12-15 05:44:00,2022-12-15 05:44:24,M->H,unknown,
凤凰卫视美洲台,no_media,2022-12-15 05:44:24,2023-01-13 07:12:00,H->M,unknown,
凤凰卫视美洲台,no_media,2023-01-13 07:12:00,2023-09-27 05:42:00,M->M,unknown,
凤凰卫视美洲台,no_media,2023-09-27 05:42:00,2023-09-27 05:42:52,M->M,unknown,
凤凰网,no_media,2022-12-22 09:44:52,2022-12-23 12:48:25,M->M,unknown,
凤凰网健康,no_media,2020-02-18 11:27:19,2020-02-20 10:37:59,M->M,unknown,
凤凰网健康,no_media,2020-02-20 10:37:59,2020-04-06 17:07:58,M->M,unknown,
凤凰网健康,no_media,2020-04-06 17:07:58,2020-12-23 20:09:27,M->M,unknown,
凤凰网健康,no_media,2020-12-23 20:09:27,2021-02-25 13:24:30,M->M,unknown,
凤凰网健康,no_media,2021-02-25 13:24:30,2021-03-16 21:19:07,M->M,unknown,
凤凰网健康,no_media,2021-03-16 21:19:07,2021-03-30 23:09:39,M->M,unknown,
凤凰网健康,no_media,2021-03-30 23:09:39,2021-04-13 16:40:12,M->M,unknown,
凤凰网健康,no_media,2021-04-13 16:40:12,2021-12-03 23:18:03,M->M,unknown,
凤凰网健康,no_media,2021-12-03 23:18:03,2022-01-01 12:50:21,M->M,unknown,
凤凰网健康,no_media,2022-01-01 12:50:21,2022-04-17 16:12:10,M->M,unknown,
凤凰网健康,no_media,2022-04-17 16:12:10,2022-04-18 10:48:32,M->M,unknown,
凤凰网健康,no_media,2022-04-18 10:48:32,2022-04-19 10:27:59,M->M,unknown,
凤凰网健康,no_media,2022-04-19 10:27:59,2022-04-19 11:56:07,M->M,unknown,
凤凰网健康,no_media,2022-04-19 11:56:07,2022-04-25 07:59:15,M->M,unknown,
凤凰网健康,no_media,2022-04-25 07:59:15,2022-04-25 13:51:16,M->M,unknown,
凤凰网健康,no_media,2022-04-25 13:51:16,2022-04-27 08:19:25,M->M,unknown,
凤凰网健康,no_media,2022-04-27 08:19:25,2022-05-12 12:59:12,M->M,unknown,
凤凰网健康,no_media,2022-05-12 12:59:12,2022-05-26 08:56:53,M->M,unknown,
凤凰网健康,no_media,2022-05-26 08:56:53,2022-10-14 10:25:48,M->M,unknown,
凤凰网健康,no_media,2022-10-14 10:25:48,2022-11-02 08:51:21,M->M,unknown,
凤凰网健康,no_media,2022-11-02 08:51:21,2022-11-04 19:41:38,M->M,unknown,
凤凰网健康,no_media,2022-11-04 19:41:38,2022-12-01 11:04:53,M->M,unknown,
凤凰网健康,no_media,2022-12-01 11:04:53,2022-12-07 13:43:17,M->M,unknown,
凤凰网健康,no_media,2022-12-07 13:43:17,2022-12-07 17:44:13,M->M,unknown,
凤凰网健康,no_media,2022-12-07 17:44:13,2022-12-09 08:54:09,M->M,unknown,
凤凰网健康,no_media,2022-12-09 08:54:09,2022-12-11 10:27:43,M->M,unknown,
凤凰网健康,no_media,2022-12-11 10:27:43,2022-12-13 16:37:11,M->M,unknown,
凤凰网健康,no_media,2022-12-13 16:37:11,2022-12-14 15:08:13,M->M,unknown,
凤凰网健康,no_media,2022-12-14 15:08:13,2022-12-18 12:00:30,M->M,unknown,
凤凰网健康,no_media,2022-12-18 12:00:30,2022-12-19 10:04:26,M->M,unknown,
凤凰网健康,no_media,2022-12-19 10:04:26,2022-12-21 17:36:41,M->M,unknown,
凤凰网健康,no_media,2022-12-21 17:36:41,2022-12-22 09:53:36,M->M,unknown,
凤凰网健康,no_media,2022-12-22 09:53:36,2022-12-23 10:11:05,M->M,unknown,
凤凰网健康,no_media,2022-12-23 10:11:05,2022-12-29 11:08:49,M->M,unknown,
凤凰网健康,no_media,2022-12-29 11:08:49,2022-12-30 09:31:21,M->M,unknown,
凤凰网健康,no_media,2022-12-30 09:31:21,2022-12-30 09:56:22,M->M,unknown,
凤凰网健康,no_media,2022-12-30 09:56:22,2022-12-30 09:56:22,M->M,unknown,
凤凰网健康,no_media,2022-12-30 09:56:22,2022-12-31 12:54:35,M->M,unknown,
凤凰网健康,no_media,2022-12-31 12:54:35,2022-12-31 13:37:16,M->M,unknown,
凤凰网健康,no_media,2022-12-31 13:37:16,2023-01-01 12:24:53,M->M,unknown,
凤凰网健康,no_media,2023-01-01 12:24:53,2023-01-04 20:27:11,M->M,unknown,
凤凰网健康,no_media,2023-01-04 20:27:11,2023-03-24 10:08:21,M->M,unknown,
凤凰网健康,no_media,2023-03-24 10:08:21,2023-07-26 14:37:58,M->M,unknown,
凤凰网健康,no_media,2023-07-26 14:37:58,2023-08-31 09:51:49,M->H,unknown,
凤凰网健康,no_media,2023-08-31 09:51:49,2024-02-01 10:54:38,H->M,unknown,
凤凰网健康,no_media,2024-02-01 10:54:38,2024-07-08 10:55:23,M->M,unknown,
凤凰网健康,no_media,2024-07-08 10:55:23,2024-08-22 15:34:29,M->M,unknown,
凤凰网大风号,no_media,2018-01-22 16:29:57,2018-12-02 10:34:16,M->M,unknown,
凤凰网娱乐,no_media,2020-03-25 11:21:09,2022-07-22 17:38:03,M->M,unknown,
凤凰网娱乐,no_media,2022-07-22 17:38:03,2023-01-21 11:55:55,M->M,unknown,
凤凰网旅游,no_media,2020-06-22 09:42:51,2021-08-03 13:48:06,M->M,unknown,
凤凰网旅游,no_media,2021-08-03 13:48:06,2022-05-23 11:22:38,M->M,unknown,
凤凰网旅游,no_media,2022-05-23 11:22:38,2023-03-12 17:04:51,M->M,unknown,
凤凰网旅游,no_media,2023-03-12 17:04:51,2024-06-05 14:58:55,M->M,unknown,
凤凰网旅游,no_media,2024-06-05 14:58:55,2024-06-27 17:33:38,M->M,unknown,
凤凰网旅游,no_media,2024-06-27 17:33:38,2024-08-28 11:20:50,M->M,unknown,
凤凰网旅游,no_media,2024-08-28 11:20:50,2024-08-30 15:32:54,M->M,unknown,
凤凰网科技,no_media,2020-02-20 08:39:03,2020-05-11 07:14:47,M->M,unknown,
凤凰网科技,no_media,2020-05-11 07:14:47,2020-07-26 09:47:36,M->M,unknown,
凤凰网科技,no_media,2020-07-26 09:47:36,2020-09-03 22:10:05,M->M,unknown,
凤凰网科技,no_media,2020-09-03 22:10:05,2020-11-06 11:42:20,M->M,unknown,
凤凰网科技,no_media,2020-11-06 11:42:20,2021-03-21 07:31:36,M->M,unknown,
凤凰网科技,no_media,2021-03-21 07:31:36,2021-08-06 09:57:41,M->M,unknown,
凤凰网科技,no_media,2021-08-06 09:57:41,2021-11-26 12:46:00,M->M,unknown,
凤凰网科技,no_media,2021-11-26 12:46:00,2022-02-12 15:02:26,M->M,unknown,
凤凰网科技,no_media,2022-02-12 15:02:26,2022-03-09 22:40:01,M->M,unknown,
凤凰网科技,no_media,2022-03-09 22:40:01,2022-04-04 14:29:27,M->M,unknown,
凤凰网科技,no_media,2022-04-04 14:29:27,2022-07-25 11:16:00,M->M,unknown,
凤凰网科技,no_media,2022-07-25 11:16:00,2022-12-11 07:12:46,M->M,unknown,
凤凰网科技,no_media,2022-12-11 07:12:46,2022-12-13 16:25:16,M->M,unknown,
凤凰网科技,no_media,2022-12-13 16:25:16,2022-12-18 11:57:04,M->M,unknown,
凤凰网科技,no_media,2022-12-18 11:57:04,2022-12-26 21:38:15,M->M,unknown,
凤凰网科技,no_media,2022-12-26 21:38:15,2023-05-06 12:54:31,M->L,unknown,
凤凰网科技,no_media,2023-05-06 12:54:31,2024-07-08 10:56:27,L->M,unknown,
凤凰网视频,no_media,2020-02-13 22:20:26,2020-02-17 23:03:25,M->M,unknown,
凤凰网视频,no_media,2020-02-17 23:03:25,2020-03-18 18:26:33,M->M,unknown,
凤凰网视频,no_media,2020-03-18 18:26:33,2020-03-21 22:20:24,M->M,unknown,
凤凰网视频,no_media,2020-03-21 22:20:24,2020-12-01 16:55:19,M->M,unknown,
凤凰网视频,no_media,2020-12-01 16:55:19,2021-11-25 10:52:17,M->M,unknown,
凤凰网视频,no_media,2021-11-25 10:52:17,2021-11-26 10:11:32,M->M,unknown,
凤凰网视频,no_media,2021-11-26 10:11:32,2022-12-01 11:49:08,M->M,unknown,
凤凰网视频,no_media,2022-12-01 11:49:08,2022-12-09 09:15:20,M->M,unknown,
凤凰网视频,no_media,2022-12-09 09:15:20,2023-01-01 10:43:14,M->M,unknown,
凤凰网视频,no_media,2023-01-01 10:43:14,2023-01-02 11:04:43,M->M,unknown,
凤凰网视频,no_media,2023-01-02 11:04:43,2023-01-05 11:58:25,M->M,unknown,
凤凰网视频,no_media,2023-01-05 11:58:25,2023-01-21 13:10:00,M->M,unknown,
分宜发布,no_media,2020-02-07 13:52:39,2020-02-18 09:13:10,M->M,unknown,
分宜发布,no_media,2020-02-18 09:13:10,2020-02-20 09:49:27,M->M,unknown,
分宜发布,no_media,2020-02-20 09:49:27,2020-02-21 12:52:35,M->M,unknown,
分宜发布,no_media,2020-02-21 12:52:35,2020-04-01 10:27:35,M->M,unknown,
分宜发布,no_media,2020-04-01 10:27:35,2020-04-12 15:06:52,M->M,unknown,
分宜发布,no_media,2020-04-12 15:06:52,2020-05-28 09:08:24,M->M,unknown,
分宜发布,no_media,2020-05-28 09:08:24,2020-09-24 15:50:27,M->M,unknown,
分宜发布,no_media,2020-09-24 15:50:27,2020-12-24 09:11:35,M->M,unknown,
分宜发布,no_media,2020-12-24 09:11:35,2021-01-12 10:44:11,M->M,unknown,
分宜发布,no_media,2021-01-12 10:44:11,2021-01-17 20:28:27,M->M,unknown,
分宜发布,no_media,2021-01-17 20:28:27,2021-02-26 09:38:25,M->M,unknown,
分宜发布,no_media,2021-02-26 09:38:25,2021-04-13 13:08:04,M->M,unknown,
分宜发布,no_media,2021-04-13 13:08:04,2021-06-04 23:42:34,M->M,unknown,
分宜发布,no_media,2021-06-04 23:42:34,2022-03-24 20:59:36,M->M,unknown,
分宜发布,no_media,2022-03-24 20:59:36,2022-03-24 21:24:55,M->M,unknown,
分宜发布,no_media,2022-03-24 21:24:55,2022-11-27 12:59:58,M->M,unknown,
分宜发布,no_media,2022-11-27 12:59:58,2022-12-10 19:07:01,M->M,unknown,
分宜发布,no_media,2022-12-10 19:07:01,2022-12-12 18:35:23,M->M,unknown,
分宜发布,no_media,2022-12-12 18:35:23,2022-12-16 16:54:29,M->M,unknown,
分宜发布,no_media,2022-12-16 16:54:29,2023-01-02 11:08:11,M->M,unknown,
分宜发布,no_media,2023-01-02 11:08:11,2023-01-04 11:32:39,M->M,unknown,
券商中国,no_media,2020-05-12 09:02:06,2020-05-28 09:05:39,M->M,unknown,
券商中国,no_media,2020-05-28 09:05:39,2020-07-20 13:48:18,M->M,unknown,
券商中国,no_media,2020-07-20 13:48:18,2021-06-20 09:49:50,M->H,unknown,
券商中国,no_media,2021-06-20 09:49:50,2022-04-24 08:42:01,H->M,unknown,
券商中国,no_media,2022-04-24 08:42:01,2022-04-25 07:52:45,M->M,unknown,
券商中国,no_media,2022-04-25 07:52:45,2022-04-27 07:56:59,M->M,unknown,
券商中国,no_media,2022-04-27 07:56:59,2022-05-01 08:38:29,M->M,unknown,
券商中国,no_media,2022-05-01 08:38:29,2022-05-02 08:34:36,M->M,unknown,
券商中国,no_media,2022-05-02 08:34:36,2022-05-07 08:45:59,M->M,unknown,
券商中国,no_media,2022-05-07 08:45:59,2022-05-08 08:39:38,M->M,unknown,
券商中国,no_media,2022-05-08 08:39:38,2022-05-09 07:57:22,M->M,unknown,
券商中国,no_media,2022-05-09 07:57:22,2022-05-10 07:56:14,M->M,unknown,
券商中国,no_media,2022-05-10 07:56:14,2022-05-11 08:03:24,M->M,unknown,
券商中国,no_media,2022-05-11 08:03:24,2022-05-18 08:08:10,M->M,unknown,
券商中国,no_media,2022-05-18 08:08:10,2023-12-13 10:10:11,M->M,unknown,
券商中国,no_media,2023-12-13 10:10:11,2023-12-28 22:23:43,M->M,unknown,
动感936,no_media,2020-02-03 19:00:03,2020-02-04 15:15:13,M->M,unknown,
动感936,no_media,2020-02-04 15:15:13,2020-02-06 17:40:54,M->M,unknown,
动感936,no_media,2020-02-06 17:40:54,2020-02-15 10:26:02,M->M,unknown,
动感936,no_media,2020-02-15 10:26:02,2020-02-16 15:59:33,M->M,unknown,
动感936,no_media,2020-02-16 15:59:33,2020-02-17 11:35:09,M->M,unknown,
动感936,no_media,2020-02-17 11:35:09,2020-02-18 14:59:03,M->M,unknown,
动感936,no_media,2020-02-18 14:59:03,2020-02-18 23:35:11,M->M,unknown,
动感936,no_media,2020-02-18 23:35:11,2020-02-19 15:28:39,M->M,unknown,
动感936,no_media,2020-02-19 15:28:39,2020-02-20 12:51:42,M->M,unknown,
动感936,no_media,2020-02-20 12:51:42,2020-02-20 17:09:48,M->M,unknown,
动感936,no_media,2020-02-20 17:09:48,2020-02-24 09:21:42,M->M,unknown,
动感936,no_media,2020-02-24 09:21:42,2020-03-17 19:43:54,M->M,unknown,
动感936,no_media,2020-03-17 19:43:54,2022-01-03 11:53:50,M->M,unknown,
动感936,no_media,2022-01-03 11:53:50,2022-12-07 17:22:39,M->M,unknown,
动感936,no_media,2022-12-07 17:22:39,2022-12-30 11:27:34,M->M,unknown,
动静贵州,no_media,2020-02-19 10:58:27,2020-02-24 15:39:31,M->M,unknown,
动静贵州,no_media,2020-02-24 15:39:31,2020-03-31 22:28:03,M->M,unknown,
动静贵州,no_media,2020-03-31 22:28:03,2020-04-15 09:13:12,M->M,unknown,
动静贵州,no_media,2020-04-15 09:13:12,2020-06-08 09:36:26,M->M,unknown,
动静贵州,no_media,2020-06-08 09:36:26,2021-01-10 20:01:39,M->M,unknown,
动静贵州,no_media,2021-01-10 20:01:39,2021-01-14 10:36:38,M->M,unknown,
动静贵州,no_media,2021-01-14 10:36:38,2021-08-03 14:07:53,M->M,unknown,
动静贵州,no_media,2021-08-03 14:07:53,2022-01-01 10:52:04,M->M,unknown,
动静贵州,no_media,2022-01-01 10:52:04,2022-09-25 20:14:35,M->M,unknown,
动静贵州,no_media,2022-09-25 20:14:35,2022-12-10 23:12:19,M->M,unknown,
动静贵州,no_media,2022-12-10 23:12:19,2022-12-16 15:39:44,M->M,unknown,
动静贵州,no_media,2022-12-16 15:39:44,2024-02-22 09:17:23,M->M,unknown,
努力修炼的Lily,no_media,2022-12-29 18:45:00,2022-12-29 21:19:00,L->L,unknown,
包头新闻网,no_media,2020-04-29 17:13:06,2020-12-24 07:15:17,M->M,unknown,
包头新闻网,no_media,2020-12-24 07:15:17,2020-12-29 19:08:25,M->M,unknown,
包头新闻网,no_media,2020-12-29 19:08:25,2021-01-12 14:59:47,M->M,unknown,
包头新闻网,no_media,2021-01-12 14:59:47,2021-08-03 15:04:01,M->M,unknown,
包头新闻网,no_media,2021-08-03 15:04:01,2021-09-01 15:34:40,M->M,unknown,
包头新闻网,no_media,2021-09-01 15:34:40,2021-10-28 09:38:47,M->M,unknown,
包头新闻网,no_media,2021-10-28 09:38:47,2022-02-28 23:21:55,M->M,unknown,
包头新闻网,no_media,2022-02-28 23:21:55,2022-04-04 19:12:55,M->M,unknown,
包头新闻网,no_media,2022-04-04 19:12:55,2022-04-26 20:14:13,M->M,unknown,
包头新闻网,no_media,2022-04-26 20:14:13,2022-08-05 10:01:28,M->M,unknown,
包头新闻网,no_media,2022-08-05 10:01:28,2022-12-06 09:46:52,M->M,unknown,
包头新闻网,no_media,2022-12-06 09:46:52,2022-12-09 10:36:06,M->M,unknown,
包头新闻网,no_media,2022-12-09 10:36:06,2022-12-09 20:13:44,M->M,unknown,
包头新闻网,no_media,2022-12-09 20:13:44,2022-12-18 17:09:30,M->M,unknown,
包头新闻网,no_media,2022-12-18 17:09:30,2023-01-04 15:16:01,M->M,unknown,
包头新闻网,no_media,2023-01-04 15:16:01,2023-01-09 10:05:04,M->M,unknown,
北京交通广播,no_media,2020-03-18 20:58:03,2020-09-24 12:32:36,M->M,unknown,
北京交通广播,no_media,2020-09-24 12:32:36,2022-11-29 17:54:47,M->M,unknown,
北京交通广播,no_media,2022-11-29 17:54:47,2022-12-01 18:24:35,M->M,unknown,
北京交通广播,no_media,2022-12-01 18:24:35,2022-12-01 18:38:55,M->M,unknown,
北京交通广播,no_media,2022-12-01 18:38:55,2022-12-02 08:06:29,M->M,unknown,
北京交通广播,no_media,2022-12-02 08:06:29,2022-12-02 18:36:01,M->M,unknown,
北京交通广播,no_media,2022-12-02 18:36:01,2022-12-03 10:45:25,M->M,unknown,
北京交通广播,no_media,2022-12-03 10:45:25,2022-12-03 10:47:01,M->M,unknown,
北京交通广播,no_media,2022-12-03 10:47:01,2022-12-03 11:01:07,M->M,unknown,
北京交通广播,no_media,2022-12-03 11:01:07,2022-12-03 11:06:41,M->M,unknown,
北京交通广播,no_media,2022-12-03 11:06:41,2022-12-03 11:15:17,M->M,unknown,
北京交通广播,no_media,2022-12-03 11:15:17,2022-12-05 18:17:19,M->M,unknown,
北京交通广播,no_media,2022-12-05 18:17:19,2022-12-07 13:28:33,M->M,unknown,
北京交通广播,no_media,2022-12-07 13:28:33,2022-12-07 22:11:41,M->M,unknown,
北京交通广播,no_media,2022-12-07 22:11:41,2022-12-10 16:39:34,M->M,unknown,
北京交通广播,no_media,2022-12-10 16:39:34,2022-12-10 16:49:10,M->M,unknown,
北京交通广播,no_media,2022-12-10 16:49:10,2022-12-10 18:55:27,M->M,unknown,
北京交通广播,no_media,2022-12-10 18:55:27,2022-12-10 19:10:12,M->M,unknown,
北京交通广播,no_media,2022-12-10 19:10:12,2022-12-10 19:11:13,M->M,unknown,
北京交通广播,no_media,2022-12-10 19:11:13,2022-12-10 19:13:12,M->M,unknown,
北京交通广播,no_media,2022-12-10 19:13:12,2022-12-10 20:05:19,M->M,unknown,
北京交通广播,no_media,2022-12-10 20:05:19,2022-12-10 20:56:56,M->M,unknown,
北京交通广播,no_media,2022-12-10 20:56:56,2022-12-11 11:29:06,M->M,unknown,
北京交通广播,no_media,2022-12-11 11:29:06,2022-12-15 08:39:56,M->M,unknown,
北京交通广播,no_media,2022-12-15 08:39:56,2022-12-15 11:32:22,M->M,unknown,
北京交通广播,no_media,2022-12-15 11:32:22,2022-12-15 14:52:08,M->L,unknown,
北京交通广播,no_media,2022-12-15 14:52:08,2022-12-16 09:05:05,L->M,unknown,
北京交通广播,no_media,2022-12-16 09:05:05,2022-12-19 16:49:52,M->M,unknown,
北京交通广播,no_media,2022-12-19 16:49:52,2022-12-21 22:15:29,M->M,unknown,
北京交通广播,no_media,2022-12-21 22:15:29,2022-12-22 15:00:53,M->M,unknown,
北京交通广播,no_media,2022-12-22 15:00:53,2022-12-24 10:34:12,M->M,unknown,
北京交通广播,no_media,2022-12-24 10:34:12,2022-12-26 20:35:08,M->M,unknown,
北京交通广播,no_media,2022-12-26 20:35:08,2022-12-26 20:36:28,M->M,unknown,
北京交通广播,no_media,2022-12-26 20:36:28,2022-12-27 13:36:31,M->M,unknown,
北京交通广播,no_media,2022-12-27 13:36:31,2022-12-30 22:47:46,M->M,unknown,
北京交通广播,no_media,2022-12-30 22:47:46,2022-12-30 22:53:03,M->M,unknown,
北京交通广播,no_media,2022-12-30 22:53:03,2022-12-30 22:54:59,M->M,unknown,
北京交通广播,no_media,2022-12-30 22:54:59,2023-01-01 15:47:47,M->M,unknown,
北京交通广播,no_media,2023-01-01 15:47:47,2023-01-02 20:47:10,M->M,unknown,
北京交通广播,no_media,2023-01-02 20:47:10,2023-01-04 21:10:59,M->M,unknown,
北京交通广播,no_media,2023-01-04 21:10:59,2023-01-13 15:50:46,M->M,unknown,
北京交通广播,no_media,2023-01-13 15:50:46,2023-04-13 08:48:52,M->M,unknown,
北京交通广播,no_media,2023-04-13 08:48:52,2023-04-29 17:17:38,M->M,unknown,
北京交通广播,no_media,2023-04-29 17:17:38,2023-04-30 09:28:50,M->M,unknown,
北京交通广播,no_media,2023-04-30 09:28:50,2023-11-01 12:16:41,M->M,unknown,
北京交通广播,no_media,2023-11-01 12:16:41,2023-11-01 13:02:21,M->M,unknown,
北京交通广播,no_media,2023-11-01 13:02:21,2023-11-25 13:27:31,M->M,unknown,
北京众成医疗律师团队,no_media,2020-07-13 15:52:00,2020-07-13 15:55:00,H->M,unknown,
北京众成医疗律师团队,no_media,2020-07-13 15:55:00,2020-07-13 16:06:00,M->M,unknown,
北京众成医疗律师团队,no_media,2020-07-13 16:06:00,2021-11-25 07:25:00,M->M,unknown,
北京发布,no_media,2020-03-18 19:11:50,2020-03-18 19:12:31,M->M,unknown,
北京发布,no_media,2020-03-18 19:12:31,2020-03-22 18:05:23,M->M,unknown,
北京发布,no_media,2020-03-22 18:05:23,2020-04-08 17:55:42,M->M,unknown,
北京发布,no_media,2020-04-08 17:55:42,2020-08-13 14:39:29,M->M,unknown,
北京发布,no_media,2020-08-13 14:39:29,2020-09-24 10:53:45,M->M,unknown,
北京发布,no_media,2020-09-24 10:53:45,2021-03-21 13:25:03,M->M,unknown,
北京发布,no_media,2021-03-21 13:25:03,2021-04-01 12:15:03,M->M,unknown,
北京发布,no_media,2021-04-01 12:15:03,2021-04-06 17:08:02,M->M,unknown,
北京发布,no_media,2021-04-06 17:08:02,2021-04-15 15:11:48,M->M,unknown,
北京发布,no_media,2021-04-15 15:11:48,2021-05-17 11:12:24,M->M,unknown,
北京发布,no_media,2021-05-17 11:12:24,2021-11-10 11:50:01,M->M,unknown,
北京发布,no_media,2021-11-10 11:50:01,2022-01-25 18:33:09,M->M,unknown,
北京发布,no_media,2022-01-25 18:33:09,2022-04-01 13:25:00,M->M,unknown,
北京发布,no_media,2022-04-01 13:25:00,2022-04-06 13:14:00,M->M,unknown,
北京发布,no_media,2022-04-06 13:14:00,2022-11-14 18:11:35,M->M,unknown,
北京发布,no_media,2022-11-14 18:11:35,2022-11-27 18:40:50,M->M,unknown,
北京发布,no_media,2022-11-27 18:40:50,2022-11-28 21:18:25,M->M,unknown,
北京发布,no_media,2022-11-28 21:18:25,2022-11-29 18:14:00,M->M,unknown,
北京发布,no_media,2022-11-29 18:14:00,2022-12-01 16:51:00,M->M,unknown,
北京发布,no_media,2022-12-01 16:51:00,2022-12-01 18:16:39,M->M,unknown,
北京发布,no_media,2022-12-01 18:16:39,2022-12-03 19:39:00,M->M,unknown,
北京发布,no_media,2022-12-03 19:39:00,2022-12-04 14:15:00,M->M,unknown,
北京发布,no_media,2022-12-04 14:15:00,2022-12-05 18:17:35,M->M,unknown,
北京发布,no_media,2022-12-05 18:17:35,2022-12-07 10:51:00,M->M,unknown,
北京发布,no_media,2022-12-07 10:51:00,2022-12-07 20:59:16,M->M,unknown,
北京发布,no_media,2022-12-07 20:59:16,2022-12-10 19:16:45,M->M,unknown,
北京发布,no_media,2022-12-10 19:16:45,2022-12-12 19:40:02,M->M,unknown,
北京发布,no_media,2022-12-12 19:40:02,2022-12-15 17:42:14,M->M,unknown,
北京发布,no_media,2022-12-15 17:42:14,2022-12-16 20:14:01,M->M,unknown,
北京发布,no_media,2022-12-16 20:14:01,2022-12-19 17:03:52,M->M,unknown,
北京发布,no_media,2022-12-19 17:03:52,2022-12-19 17:05:12,M->M,unknown,
北京发布,no_media,2022-12-19 17:05:12,2022-12-22 21:15:00,M->M,unknown,
北京发布,no_media,2022-12-22 21:15:00,2022-12-26 13:45:01,M->M,unknown,
北京发布,no_media,2022-12-26 13:45:01,2022-12-26 17:49:00,M->M,unknown,
北京发布,no_media,2022-12-26 17:49:00,2022-12-30 20:18:01,M->M,unknown,
北京发布,no_media,2022-12-30 20:18:01,2022-12-31 09:09:30,M->M,unknown,
北京发布,no_media,2022-12-31 09:09:30,2023-01-04 12:40:01,M->M,unknown,
北京发布,no_media,2023-01-04 12:40:01,2023-03-02 12:17:00,M->M,unknown,
北京发布,no_media,2023-03-02 12:17:00,2023-09-25 18:40:00,M->M,unknown,
北京发布,no_media,2023-09-25 18:40:00,2023-12-10 11:00:00,M->M,unknown,
北京发布,no_media,2023-12-10 11:00:00,2024-02-21 19:45:00,M->M,unknown,
北京商报,no_media,2020-02-12 10:35:26,2020-03-18 18:26:04,M->M,unknown,
北京商报,no_media,2020-03-18 18:26:04,2020-04-23 16:19:29,M->M,unknown,
北京商报,no_media,2020-04-23 16:19:29,2020-05-20 15:06:18,M->M,unknown,
北京商报,no_media,2020-05-20 15:06:18,2020-12-20 18:40:04,M->M,unknown,
北京商报,no_media,2020-12-20 18:40:04,2020-12-22 10:42:34,M->M,unknown,
北京商报,no_media,2020-12-22 10:42:34,2020-12-24 08:35:28,M->M,unknown,
北京商报,no_media,2020-12-24 08:35:28,2021-01-01 22:20:25,M->M,unknown,
北京商报,no_media,2021-01-01 22:20:25,2021-02-26 09:35:18,M->M,unknown,
北京商报,no_media,2021-02-26 09:35:18,2021-03-29 11:16:51,M->M,unknown,
北京商报,no_media,2021-03-29 11:16:51,2021-04-06 15:21:33,M->M,unknown,
北京商报,no_media,2021-04-06 15:21:33,2021-04-21 16:08:54,M->M,unknown,
北京商报,no_media,2021-04-21 16:08:54,2021-07-19 10:57:18,M->M,unknown,
北京商报,no_media,2021-07-19 10:57:18,2021-07-31 17:44:00,M->M,unknown,
北京商报,no_media,2021-07-31 17:44:00,2021-08-02 12:48:58,M->M,unknown,
北京商报,no_media,2021-08-02 12:48:58,2021-08-03 13:56:08,M->M,unknown,
北京商报,no_media,2021-08-03 13:56:08,2022-01-12 10:59:11,M->M,unknown,
北京商报,no_media,2022-01-12 10:59:11,2022-04-03 11:29:32,M->M,unknown,
北京商报,no_media,2022-04-03 11:29:32,2022-04-04 15:43:17,M->M,unknown,
北京商报,no_media,2022-04-04 15:43:17,2022-04-06 23:57:32,M->M,unknown,
北京商报,no_media,2022-04-06 23:57:32,2022-04-25 10:41:16,M->M,unknown,
北京商报,no_media,2022-04-25 10:41:16,2022-04-28 07:52:05,M->M,unknown,
北京商报,no_media,2022-04-28 07:52:05,2022-05-04 08:35:57,M->M,unknown,
北京商报,no_media,2022-05-04 08:35:57,2022-05-06 08:39:30,M->M,unknown,
北京商报,no_media,2022-05-06 08:39:30,2022-05-08 08:35:35,M->M,unknown,
北京商报,no_media,2022-05-08 08:35:35,2022-05-10 07:56:55,M->M,unknown,
北京商报,no_media,2022-05-10 07:56:55,2022-05-16 08:12:06,M->M,unknown,
北京商报,no_media,2022-05-16 08:12:06,2022-05-22 10:30:04,M->M,unknown,
北京商报,no_media,2022-05-22 10:30:04,2022-05-24 08:05:24,M->M,unknown,
北京商报,no_media,2022-05-24 08:05:24,2022-05-26 07:49:20,M->M,unknown,
北京商报,no_media,2022-05-26 07:49:20,2022-05-30 22:58:05,M->L,unknown,
北京商报,no_media,2022-05-30 22:58:05,2022-05-31 10:37:20,L->M,unknown,
北京商报,no_media,2022-05-31 10:37:20,2022-06-26 16:37:41,M->M,unknown,
北京商报,no_media,2022-06-26 16:37:41,2022-07-12 23:49:51,M->M,unknown,
北京商报,no_media,2022-07-12 23:49:51,2022-07-13 21:40:06,M->M,unknown,
北京商报,no_media,2022-07-13 21:40:06,2022-10-12 13:21:43,M->M,unknown,
北京商报,no_media,2022-10-12 13:21:43,2022-10-14 09:02:55,M->M,unknown,
北京商报,no_media,2022-10-14 09:02:55,2022-11-03 10:13:08,M->M,unknown,
北京商报,no_media,2022-11-03 10:13:08,2022-12-01 11:23:33,M->M,unknown,
北京商报,no_media,2022-12-01 11:23:33,2022-12-07 14:02:07,M->M,unknown,
北京商报,no_media,2022-12-07 14:02:07,2022-12-27 12:54:28,M->M,unknown,
北京商报,no_media,2022-12-27 12:54:28,2022-12-28 14:51:52,M->M,unknown,
北京商报,no_media,2022-12-28 14:51:52,2022-12-30 18:44:55,M->M,unknown,
北京商报,no_media,2022-12-30 18:44:55,2023-01-02 17:03:15,M->M,unknown,
北京商报,no_media,2023-01-02 17:03:15,2023-01-03 10:53:00,M->M,unknown,
北京商报,no_media,2023-01-03 10:53:00,2023-01-09 16:46:12,M->M,unknown,
北京商报,no_media,2023-01-09 16:46:12,2023-01-13 22:38:52,M->M,unknown,
北京商报,no_media,2023-01-13 22:38:52,2023-01-21 11:18:38,M->M,unknown,
北京商报,no_media,2023-01-21 11:18:38,2023-06-02 12:04:23,M->M,unknown,
北京头条,no_media,2015-05-06 18:00:29,2017-01-07 16:00:03,M->L,unknown,
北京头条,no_media,2017-01-07 16:00:03,2022-04-28 07:49:48,L->M,unknown,
北京头条,no_media,2022-04-28 07:49:48,2022-05-01 07:46:28,M->M,unknown,
北京头条,no_media,2022-05-01 07:46:28,2022-05-04 07:47:59,M->M,unknown,
北京头条,no_media,2022-05-04 07:47:59,2022-05-06 07:51:44,M->M,unknown,
北京头条,no_media,2022-05-06 07:51:44,2022-05-09 07:50:07,M->M,unknown,
北京头条,no_media,2022-05-09 07:50:07,2022-05-10 07:47:20,M->M,unknown,
北京头条,no_media,2022-05-10 07:47:20,2022-05-24 07:49:07,M->M,unknown,
北京头条,no_media,2022-05-24 07:49:07,2022-05-26 07:48:07,M->M,unknown,
北京头条,no_media,2022-05-26 07:48:07,2022-11-21 18:45:49,M->M,unknown,
北京头条,no_media,2022-11-21 18:45:49,2022-11-29 14:54:29,M->M,unknown,
北京头条,no_media,2022-11-29 14:54:29,2022-11-29 15:23:27,M->M,unknown,
北京头条,no_media,2022-11-29 15:23:27,2022-12-01 18:48:28,M->M,unknown,
北京头条,no_media,2022-12-01 18:48:28,2022-12-03 21:30:02,M->M,unknown,
北京头条,no_media,2022-12-03 21:30:02,2022-12-07 13:20:02,M->M,unknown,
北京头条,no_media,2022-12-07 13:20:02,2022-12-07 13:25:43,M->M,unknown,
北京头条,no_media,2022-12-07 13:25:43,2022-12-07 13:30:47,M->M,unknown,
北京头条,no_media,2022-12-07 13:30:47,2022-12-07 15:25:43,M->M,unknown,
北京头条,no_media,2022-12-07 15:25:43,2022-12-07 15:37:42,M->M,unknown,
北京头条,no_media,2022-12-07 15:37:42,2022-12-07 18:07:40,M->M,unknown,
北京头条,no_media,2022-12-07 18:07:40,2022-12-07 18:49:08,M->M,unknown,
北京头条,no_media,2022-12-07 18:49:08,2022-12-07 20:43:16,M->M,unknown,
北京头条,no_media,2022-12-07 20:43:16,2022-12-08 08:41:06,M->M,unknown,
北京头条,no_media,2022-12-08 08:41:06,2022-12-08 15:07:26,M->M,unknown,
北京头条,no_media,2022-12-08 15:07:26,2022-12-08 17:23:20,M->M,unknown,
北京头条,no_media,2022-12-08 17:23:20,2022-12-10 19:15:20,M->M,unknown,
北京头条,no_media,2022-12-10 19:15:20,2022-12-10 19:22:06,M->M,unknown,
北京头条,no_media,2022-12-10 19:22:06,2022-12-11 12:42:00,M->M,unknown,
北京头条,no_media,2022-12-11 12:42:00,2022-12-11 17:37:14,M->M,unknown,
北京头条,no_media,2022-12-11 17:37:14,2022-12-15 16:40:55,M->M,unknown,
北京头条,no_media,2022-12-15 16:40:55,2022-12-17 10:23:00,M->M,unknown,
北京头条,no_media,2022-12-17 10:23:00,2022-12-17 19:00:41,M->M,unknown,
北京头条,no_media,2022-12-17 19:00:41,2022-12-18 10:31:41,M->M,unknown,
北京头条,no_media,2022-12-18 10:31:41,2022-12-19 09:55:47,M->M,unknown,
北京头条,no_media,2022-12-19 09:55:47,2022-12-19 17:04:19,M->M,unknown,
北京头条,no_media,2022-12-19 17:04:19,2022-12-22 22:00:02,M->M,unknown,
北京头条,no_media,2022-12-22 22:00:02,2022-12-23 10:45:32,M->M,unknown,
北京头条,no_media,2022-12-23 10:45:32,2022-12-24 09:33:03,M->M,unknown,
北京头条,no_media,2022-12-24 09:33:03,2022-12-24 11:00:01,M->M,unknown,
北京头条,no_media,2022-12-24 11:00:01,2022-12-27 11:49:01,M->M,unknown,
北京头条,no_media,2022-12-27 11:49:01,2022-12-27 12:03:13,M->M,unknown,
北京头条,no_media,2022-12-27 12:03:13,2022-12-27 16:06:45,M->M,unknown,
北京头条,no_media,2022-12-27 16:06:45,2022-12-29 10:22:39,M->M,unknown,
北京头条,no_media,2022-12-29 10:22:39,2022-12-29 11:55:23,M->M,unknown,
北京头条,no_media,2022-12-29 11:55:23,2022-12-29 22:44:00,M->M,unknown,
北京头条,no_media,2022-12-29 22:44:00,2022-12-30 18:53:53,M->M,unknown,
北京头条,no_media,2022-12-30 18:53:53,2023-01-03 09:05:00,M->M,unknown,
北京头条,no_media,2023-01-03 09:05:00,2023-01-03 15:49:54,M->M,unknown,
北京头条,no_media,2023-01-03 15:49:54,2023-01-06 21:43:08,M->M,unknown,
北京头条,no_media,2023-01-06 21:43:08,2023-01-11 12:01:53,M->M,unknown,
北京头条,no_media,2023-01-11 12:01:53,2023-01-13 21:02:07,M->M,unknown,
北京头条,no_media,2023-01-13 21:02:07,2023-01-21 10:35:36,M->M,unknown,
北京头条,no_media,2023-01-21 10:35:36,2023-04-12 17:42:27,M->M,unknown,
北京头条,no_media,2023-04-12 17:42:27,2023-04-26 10:30:49,M->M,unknown,
北京头条,no_media,2023-04-26 10:30:49,2023-05-28 11:33:57,M->M,unknown,
北京头条,no_media,2023-05-28 11:33:57,2023-11-25 11:35:10,M->M,unknown,
北京头条,no_media,2023-11-25 11:35:10,2023-11-26 16:19:47,M->M,unknown,
北京头条,no_media,2023-11-26 16:19:47,2023-12-09 19:58:21,M->M,unknown,
北京头条,no_media,2023-12-09 19:58:21,2024-01-14 15:04:22,M->M,unknown,
北京日报,no_media,2020-03-22 21:18:23,2020-05-04 21:48:57,M->M,unknown,
北京日报,no_media,2020-05-04 21:48:57,2021-03-08 17:41:36,M->M,unknown,
北京日报,no_media,2021-03-08 17:41:36,2022-03-21 07:16:17,M->M,unknown,
北京日报,no_media,2022-03-21 07:16:17,2022-03-23 15:38:29,M->M,unknown,
北京日报,no_media,2022-03-23 15:38:29,2022-03-28 08:47:54,M->M,unknown,
北京日报,no_media,2022-03-28 08:47:54,2022-04-12 15:40:27,M->M,unknown,
北京日报,no_media,2022-04-12 15:40:27,2022-05-06 15:27:58,M->M,unknown,
北京日报,no_media,2022-05-06 15:27:58,2022-05-19 16:54:21,M->M,unknown,
北京日报,no_media,2022-05-19 16:54:21,2022-07-23 15:50:53,M->M,unknown,
北京日报,no_media,2022-07-23 15:50:53,2022-11-27 18:30:30,M->M,unknown,
北京日报,no_media,2022-11-27 18:30:30,2022-11-29 15:20:45,M->M,unknown,
北京日报,no_media,2022-11-29 15:20:45,2022-11-29 17:48:30,M->M,unknown,
北京日报,no_media,2022-11-29 17:48:30,2022-12-01 14:46:56,M->M,unknown,
北京日报,no_media,2022-12-01 14:46:56,2022-12-01 18:20:46,M->M,unknown,
北京日报,no_media,2022-12-01 18:20:46,2022-12-02 08:06:53,M->M,unknown,
北京日报,no_media,2022-12-02 08:06:53,2022-12-07 13:29:49,M->M,unknown,
北京日报,no_media,2022-12-07 13:29:49,2022-12-07 13:44:07,M->M,unknown,
北京日报,no_media,2022-12-07 13:44:07,2022-12-07 16:09:51,M->M,unknown,
北京日报,no_media,2022-12-07 16:09:51,2022-12-07 20:45:52,M->M,unknown,
北京日报,no_media,2022-12-07 20:45:52,2022-12-07 21:50:56,M->M,unknown,
北京日报,no_media,2022-12-07 21:50:56,2022-12-08 07:16:49,M->M,unknown,
北京日报,no_media,2022-12-08 07:16:49,2022-12-08 07:36:29,M->M,unknown,
北京日报,no_media,2022-12-08 07:36:29,2022-12-08 15:36:43,M->M,unknown,
北京日报,no_media,2022-12-08 15:36:43,2022-12-09 16:58:55,M->M,unknown,
北京日报,no_media,2022-12-09 16:58:55,2022-12-11 11:37:33,M->M,unknown,
北京日报,no_media,2022-12-11 11:37:33,2022-12-12 13:25:11,M->M,unknown,
北京日报,no_media,2022-12-12 13:25:11,2022-12-14 15:05:38,M->M,unknown,
北京日报,no_media,2022-12-14 15:05:38,2022-12-15 17:06:36,M->M,unknown,
北京日报,no_media,2022-12-15 17:06:36,2022-12-16 08:20:17,M->H,unknown,
北京日报,no_media,2022-12-16 08:20:17,2022-12-16 14:20:57,H->M,unknown,
北京日报,no_media,2022-12-16 14:20:57,2022-12-21 09:25:43,M->M,unknown,
北京日报,no_media,2022-12-21 09:25:43,2022-12-25 17:27:27,M->M,unknown,
北京日报,no_media,2022-12-25 17:27:27,2022-12-26 08:25:56,M->M,unknown,
北京日报,no_media,2022-12-26 08:25:56,2022-12-27 15:52:23,M->M,unknown,
北京日报,no_media,2022-12-27 15:52:23,2022-12-30 13:23:17,M->M,unknown,
北京日报,no_media,2022-12-30 13:23:17,2023-01-03 07:44:50,M->M,unknown,
北京日报,no_media,2023-01-03 07:44:50,2023-01-03 08:00:40,M->M,unknown,
北京日报,no_media,2023-01-03 08:00:40,2023-01-09 19:55:00,M->M,unknown,
北京日报,no_media,2023-01-09 19:55:00,2023-01-12 20:19:22,M->M,unknown,
北京日报,no_media,2023-01-12 20:19:22,2023-01-13 20:36:15,M->M,unknown,
北京日报,no_media,2023-01-13 20:36:15,2023-03-20 09:46:21,M->M,unknown,
北京日报,no_media,2023-03-20 09:46:21,2023-04-03 07:19:18,M->M,unknown,
北京日报,no_media,2023-04-03 07:19:18,2023-04-12 17:59:25,M->M,unknown,
北京日报,no_media,2023-04-12 17:59:25,2023-06-24 19:59:15,M->M,unknown,
北京日报,no_media,2023-06-24 19:59:15,2023-07-26 10:43:37,M->M,unknown,
北京日报,no_media,2023-07-26 10:43:37,2023-12-02 15:33:35,M->M,unknown,
北京日报,no_media,2023-12-02 15:33:35,2023-12-09 20:11:43,M->M,unknown,
北京日报,no_media,2023-12-09 20:11:43,2024-04-18 07:22:22,M->M,unknown,
北京时间,no_media,2020-03-25 20:36:04,2021-02-20 14:32:10,M->M,unknown,
北京时间,no_media,2021-02-20 14:32:10,2021-04-13 11:03:28,M->M,unknown,
北京时间,no_media,2021-04-13 11:03:28,2022-05-03 17:23:41,M->M,unknown,
北京时间,no_media,2022-05-03 17:23:41,2022-05-05 08:51:49,M->M,unknown,
北京时间,no_media,2022-05-05 08:51:49,2022-05-11 10:24:06,M->M,unknown,
北京时间,no_media,2022-05-11 10:24:06,2022-05-23 14:49:08,M->M,unknown,
北京时间,no_media,2022-05-23 14:49:08,2022-07-06 16:54:12,M->M,unknown,
北京时间,no_media,2022-07-06 16:54:12,2022-07-23 17:58:10,M->M,unknown,
北京时间,no_media,2022-07-23 17:58:10,2022-11-03 12:29:29,M->M,unknown,
北京时间,no_media,2022-11-03 12:29:29,2022-11-14 18:51:49,M->M,unknown,
北京时间,no_media,2022-11-14 18:51:49,2022-11-27 17:27:51,M->M,unknown,
北京时间,no_media,2022-11-27 17:27:51,2022-11-27 18:37:55,M->M,unknown,
北京时间,no_media,2022-11-27 18:37:55,2022-11-28 08:30:34,M->M,unknown,
北京时间,no_media,2022-11-28 08:30:34,2022-11-28 08:35:19,M->M,unknown,
北京时间,no_media,2022-11-28 08:35:19,2022-11-28 20:43:53,M->M,unknown,
北京时间,no_media,2022-11-28 20:43:53,2022-12-01 13:18:28,M->M,unknown,
北京时间,no_media,2022-12-01 13:18:28,2022-12-03 10:53:24,M->M,unknown,
北京时间,no_media,2022-12-03 10:53:24,2022-12-03 10:54:34,M->M,unknown,
北京时间,no_media,2022-12-03 10:54:34,2022-12-03 11:00:50,M->M,unknown,
北京时间,no_media,2022-12-03 11:00:50,2022-12-03 11:01:45,M->M,unknown,
北京时间,no_media,2022-12-03 11:01:45,2022-12-03 11:03:11,M->M,unknown,
北京时间,no_media,2022-12-03 11:03:11,2022-12-03 11:05:09,M->M,unknown,
北京时间,no_media,2022-12-03 11:05:09,2022-12-03 12:50:32,M->M,unknown,
北京时间,no_media,2022-12-03 12:50:32,2022-12-08 09:49:44,M->M,unknown,
北京时间,no_media,2022-12-08 09:49:44,2022-12-08 16:26:45,M->M,unknown,
北京时间,no_media,2022-12-08 16:26:45,2022-12-09 16:23:40,M->M,unknown,
北京时间,no_media,2022-12-09 16:23:40,2022-12-11 11:22:33,M->M,unknown,
北京时间,no_media,2022-12-11 11:22:33,2022-12-15 17:25:39,M->M,unknown,
北京时间,no_media,2022-12-15 17:25:39,2022-12-15 18:33:44,M->M,unknown,
北京时间,no_media,2022-12-15 18:33:44,2022-12-16 09:17:38,M->M,unknown,
北京时间,no_media,2022-12-16 09:17:38,2022-12-17 18:02:13,M->M,unknown,
北京时间,no_media,2022-12-17 18:02:13,2022-12-22 15:02:40,M->M,unknown,
北京时间,no_media,2022-12-22 15:02:40,2022-12-22 20:27:27,M->M,unknown,
北京时间,no_media,2022-12-22 20:27:27,2022-12-24 10:35:04,M->M,unknown,
北京时间,no_media,2022-12-24 10:35:04,2022-12-26 20:48:13,M->M,unknown,
北京时间,no_media,2022-12-26 20:48:13,2022-12-27 12:46:41,M->M,unknown,
北京时间,no_media,2022-12-27 12:46:41,2022-12-28 11:07:16,M->M,unknown,
北京时间,no_media,2022-12-28 11:07:16,2022-12-28 19:32:05,M->M,unknown,
北京时间,no_media,2022-12-28 19:32:05,2022-12-30 10:50:40,M->M,unknown,
北京时间,no_media,2022-12-30 10:50:40,2022-12-30 22:24:59,M->M,unknown,
北京时间,no_media,2022-12-30 22:24:59,2022-12-30 22:26:53,M->M,unknown,
北京时间,no_media,2022-12-30 22:26:53,2022-12-30 22:34:55,M->M,unknown,
北京时间,no_media,2022-12-30 22:34:55,2022-12-30 22:35:33,M->M,unknown,
北京时间,no_media,2022-12-30 22:35:33,2023-01-01 15:50:00,M->M,unknown,
北京时间,no_media,2023-01-01 15:50:00,2023-01-02 17:27:37,M->M,unknown,
北京时间,no_media,2023-01-02 17:27:37,2023-01-02 21:19:37,M->M,unknown,
北京时间,no_media,2023-01-02 21:19:37,2023-01-04 20:58:00,M->M,unknown,
北京时间,no_media,2023-01-04 20:58:00,2023-01-09 15:29:19,M->M,unknown,
北京时间,no_media,2023-01-09 15:29:19,2023-01-13 15:27:16,M->M,unknown,
北京时间,no_media,2023-01-13 15:27:16,2023-02-28 13:30:52,M->M,unknown,
北京时间,no_media,2023-02-28 13:30:52,2023-05-02 09:46:26,M->M,unknown,
北京时间,no_media,2023-05-02 09:46:26,2023-05-08 15:33:41,M->M,unknown,
北京时间,no_media,2023-05-08 15:33:41,2023-06-02 13:53:16,M->M,unknown,
北京时间直播,no_media,2020-01-31 19:09:11,2021-11-03 08:20:48,M->M,unknown,
北京时间直播,no_media,2021-11-03 08:20:48,2022-05-23 14:50:32,M->M,unknown,
北京时间直播,no_media,2022-05-23 14:50:32,2022-07-06 16:54:31,M->M,unknown,
北京时间直播,no_media,2022-07-06 16:54:31,2022-07-09 16:08:43,M->M,unknown,
北京时间直播,no_media,2022-07-09 16:08:43,2022-07-23 18:00:00,M->M,unknown,
北京时间直播,no_media,2022-07-23 18:00:00,2022-11-03 12:31:20,M->M,unknown,
北京时间直播,no_media,2022-11-03 12:31:20,2022-12-08 09:54:07,M->M,unknown,
北京时间直播,no_media,2022-12-08 09:54:07,2023-02-21 14:04:18,M->M,unknown,
北京时间直播,no_media,2023-02-21 14:04:18,2023-02-28 13:27:43,M->M,unknown,
北京昌平,no_media,2020-03-24 10:28:54,2020-11-30 14:42:24,M->M,unknown,
北京昌平,no_media,2020-11-30 14:42:24,2021-01-22 16:36:56,M->M,unknown,
北京昌平,no_media,2021-01-22 16:36:56,2021-03-06 08:23:41,M->M,unknown,
北京昌平,no_media,2021-03-06 08:23:41,2021-03-21 12:35:16,M->M,unknown,
北京昌平,no_media,2021-03-21 12:35:16,2021-04-21 15:04:10,M->M,unknown,
北京昌平,no_media,2021-04-21 15:04:10,2021-11-25 09:57:15,M->M,unknown,
北京昌平,no_media,2021-11-25 09:57:15,2021-11-25 10:49:17,M->M,unknown,
北京昌平,no_media,2021-11-25 10:49:17,2022-03-14 16:17:00,M->M,unknown,
北京昌平,no_media,2022-03-14 16:17:00,2022-03-14 16:17:21,M->M,unknown,
北京昌平,no_media,2022-03-14 16:17:21,2022-03-14 16:49:00,M->M,unknown,
北京昌平,no_media,2022-03-14 16:49:00,2022-03-14 16:49:09,M->M,unknown,
北京昌平,no_media,2022-03-14 16:49:09,2022-07-26 19:41:33,M->M,unknown,
北京昌平,no_media,2022-07-26 19:41:33,2022-09-09 19:08:37,M->M,unknown,
北京昌平,no_media,2022-09-09 19:08:37,2022-10-14 12:19:00,M->M,unknown,
北京昌平,no_media,2022-10-14 12:19:00,2022-10-14 18:17:00,M->M,unknown,
北京昌平,no_media,2022-10-14 18:17:00,2022-11-29 17:09:11,M->M,unknown,
北京昌平,no_media,2022-11-29 17:09:11,2022-12-01 15:14:00,M->M,unknown,
北京昌平,no_media,2022-12-01 15:14:00,2022-12-09 16:07:18,M->M,unknown,
北京昌平,no_media,2022-12-09 16:07:18,2022-12-19 18:06:58,M->M,unknown,
北京昌平,no_media,2022-12-19 18:06:58,2022-12-20 16:13:58,M->M,unknown,
北京昌平,no_media,2022-12-20 16:13:58,2023-01-02 17:44:56,M->M,unknown,
北京昌平,no_media,2023-01-02 17:44:56,2023-01-04 15:13:28,M->M,unknown,
北京昌平,no_media,2023-01-04 15:13:28,2023-01-09 18:15:07,M->M,unknown,
北京昌平,no_media,2023-01-09 18:15:07,2023-02-15 21:07:14,M->M,unknown,
北京昌平健康教育,no_media,2020-03-19 10:05:55,2020-03-20 08:57:54,M->M,unknown,
北京昌平健康教育,no_media,2020-03-20 08:57:54,2020-05-01 08:13:46,M->M,unknown,
北京昌平健康教育,no_media,2020-05-01 08:13:46,2021-02-13 07:54:21,M->M,unknown,
北京昌平健康教育,no_media,2021-02-13 07:54:21,2021-03-15 07:58:37,M->M,unknown,
北京昌平健康教育,no_media,2021-03-15 07:58:37,2021-04-07 08:11:25,M->M,unknown,
北京昌平健康教育,no_media,2021-04-07 08:11:25,2022-05-20 09:28:07,M->M,unknown,
北京昌平健康教育,no_media,2022-05-20 09:28:07,2022-12-08 09:18:56,M->M,unknown,
北京民声,no_media,2022-07-09 17:26:28,2022-12-11 10:48:21,M->M,unknown,
北京海淀法院,mainstream_only,2020-02-20 10:35:31,2020-04-27 17:03:56,M->M,unknown,
北京海淀法院,mainstream_only,2020-04-27 17:03:56,2021-01-08 11:57:03,M->M,unknown,
北京海淀法院,mainstream_only,2021-01-08 11:57:03,2021-08-03 14:27:03,M->M,unknown,
北京海淀法院,mainstream_only,2021-08-03 14:27:03,2022-01-08 21:05:00,M->M,unknown,
北京海淀法院,mainstream_only,2022-01-08 21:05:00,2023-05-29 12:20:00,M->M,unknown,
北京维元诊所,no_media,2022-12-30 09:41:00,2022-12-30 12:55:00,M->M,unknown,
北京维元诊所,no_media,2022-12-30 12:55:00,2022-12-31 09:13:00,M->M,unknown,
北京青年报之青睐有约,no_media,2022-12-12 17:09:00,2023-01-29 18:42:00,M->M,unknown,
北京鲁戈,no_media,2022-10-13 21:31:00,2022-10-22 09:11:00,M->M,unknown,
北国网,no_media,2020-03-01 14:16:03,2020-03-06 11:52:38,M->M,unknown,
北国网,no_media,2020-03-06 11:52:38,2020-05-28 10:49:33,M->M,unknown,
北国网,no_media,2020-05-28 10:49:33,2021-04-07 17:25:57,M->M,unknown,
北方新报,mainstream_only,2020-07-14 11:38:01,2022-02-24 16:38:06,M->M,unknown,
北方新报,mainstream_only,2022-02-24 16:38:06,2022-02-24 16:51:57,M->M,unknown,
北方新报,mainstream_only,2022-02-24 16:51:57,2022-03-01 12:59:00,M->M,unknown,
北方新报,mainstream_only,2022-03-01 12:59:00,2022-03-02 16:38:33,M->M,unknown,
北方新报,mainstream_only,2022-03-02 16:38:33,2022-03-03 09:47:30,M->M,unknown,
北方新报,mainstream_only,2022-03-03 09:47:30,2022-03-04 10:56:34,M->M,unknown,
北方新报,mainstream_only,2022-03-04 10:56:34,2022-03-06 14:20:01,M->M,unknown,
北方新报,mainstream_only,2022-03-06 14:20:01,2022-03-19 15:41:57,M->M,unknown,
北方新报,mainstream_only,2022-03-19 15:41:57,2022-03-30 15:00:27,M->M,unknown,
北方新报,mainstream_only,2022-03-30 15:00:27,2022-04-04 16:41:26,M->M,unknown,
北方新报,mainstream_only,2022-04-04 16:41:26,2022-04-19 09:52:20,M->M,norisk,0.0
北方新报,mainstream_only,2022-04-19 09:52:20,2022-07-12 10:22:43,M->M,unknown,
北方新报,mainstream_only,2022-07-12 10:22:43,2022-10-14 09:15:49,M->M,norisk,0.0
北方新报,mainstream_only,2022-10-14 09:15:49,2022-11-10 18:17:33,M->M,norisk,0.0
北方新报,mainstream_only,2022-11-10 18:17:33,2022-12-11 08:14:53,M->M,norisk,0.0
北方新报,mainstream_only,2022-12-11 08:14:53,2022-12-11 16:26:46,M->M,norisk,0.0
北方新报,mainstream_only,2022-12-11 16:26:46,2022-12-11 16:27:02,M->M,norisk,0.0
北方新报,mainstream_only,2022-12-11 16:27:02,2022-12-26 10:17:08,M->M,norisk,0.0
北方新报,mainstream_only,2022-12-26 10:17:08,2022-12-27 07:43:48,M->M,norisk,0.0
北方法制报,no_media,2020-02-07 19:44:10,2020-03-05 22:10:52,M->M,unknown,
北方法制报,no_media,2020-03-05 22:10:52,2020-03-18 22:06:51,M->M,unknown,
北方法制报,no_media,2020-03-18 22:06:51,2021-02-20 14:14:32,M->M,unknown,
北方法制报,no_media,2021-02-20 14:14:32,2021-06-23 14:28:46,M->M,unknown,
北方法制报,no_media,2021-06-23 14:28:46,2021-12-26 11:31:47,M->M,unknown,
北方法制报,no_media,2021-12-26 11:31:47,2022-12-15 18:48:10,M->M,unknown,
北方法制报,no_media,2022-12-15 18:48:10,2022-12-15 22:58:12,M->M,unknown,
北方法制报,no_media,2022-12-15 22:58:12,2022-12-21 22:59:37,M->M,unknown,
北方法制报,no_media,2022-12-21 22:59:37,2022-12-24 19:51:36,M->M,unknown,
北方频道,no_media,2020-08-03 12:20:14,2021-03-14 16:04:03,M->M,unknown,
北方频道,no_media,2021-03-14 16:04:03,2021-04-16 22:03:23,M->M,unknown,
北方频道,no_media,2021-04-16 22:03:23,2021-08-03 22:43:19,M->M,unknown,
北方频道,no_media,2021-08-03 22:43:19,2022-03-19 16:11:05,M->M,unknown,
北方频道,no_media,2022-03-19 16:11:05,2022-04-19 18:52:27,M->M,unknown,
北方频道,no_media,2022-04-19 18:52:27,2022-04-28 10:19:31,M->M,unknown,
北方频道,no_media,2022-04-28 10:19:31,2022-04-30 23:16:46,M->M,unknown,
北方频道,no_media,2022-04-30 23:16:46,2022-10-14 11:13:12,M->M,unknown,
北方频道,no_media,2022-10-14 11:13:12,2022-12-06 14:32:21,M->M,unknown,
北方频道,no_media,2022-12-06 14:32:21,2022-12-14 12:08:03,M->M,unknown,
北方频道,no_media,2022-12-14 12:08:03,2023-12-02 15:44:48,M->M,unknown,
北极的蓝调,no_media,2023-08-11 20:24:00,2023-08-27 13:09:00,L->M,unknown,
北欧三宝妈,wemedia_only,2022-03-14 16:53:00,2022-03-16 17:11:00,M->M,risk,1.0
北碚发布,no_media,2020-05-13 11:01:48,2021-04-06 17:36:43,M->M,unknown,
北碚发布,no_media,2021-04-06 17:36:43,2022-03-31 20:39:42,M->M,unknown,
北青即时,no_media,2022-12-09 10:32:16,2022-12-09 11:36:55,M->M,unknown,
北青即时,no_media,2022-12-09 11:36:55,2022-12-12 15:32:02,M->M,unknown,
北青即时,no_media,2022-12-12 15:32:02,2022-12-12 16:47:40,M->M,unknown,
北青即时,no_media,2022-12-12 16:47:40,2022-12-31 11:39:40,M->M,unknown,
北青即时,no_media,2022-12-31 11:39:40,2023-01-02 13:41:30,M->M,unknown,
北青即时,no_media,2023-01-02 13:41:30,2023-01-16 20:27:19,M->M,unknown,
北青即时,no_media,2023-01-16 20:27:19,2023-02-28 20:09:30,M->M,unknown,
北青深一度,no_media,2022-12-02 23:14:05,2023-01-05 16:10:33,M->M,unknown,
北青网,no_media,2020-05-02 08:39:32,2020-07-17 20:00:04,M->M,unknown,
北青网,no_media,2020-07-17 20:00:04,2020-12-20 16:35:03,M->M,unknown,
北青网,no_media,2020-12-20 16:35:03,2021-03-14 14:27:21,M->M,unknown,
北青网,no_media,2021-03-14 14:27:21,2021-04-06 13:09:48,M->M,unknown,
北青网,no_media,2021-04-06 13:09:48,2021-08-01 07:48:26,M->M,unknown,
北青网,no_media,2021-08-01 07:48:26,2021-09-06 11:36:38,M->M,unknown,
北青网,no_media,2021-09-06 11:36:38,2021-11-10 16:38:18,M->M,unknown,
北青网,no_media,2021-11-10 16:38:18,2021-12-28 13:43:13,M->M,unknown,
北青网,no_media,2021-12-28 13:43:13,2022-01-02 16:10:02,M->M,unknown,
北青网,no_media,2022-01-02 16:10:02,2022-02-14 14:35:49,M->M,unknown,
北青网,no_media,2022-02-14 14:35:49,2022-03-20 17:39:31,M->M,unknown,
北青网,no_media,2022-03-20 17:39:31,2022-11-03 11:37:21,M->M,unknown,
北青网,no_media,2022-11-03 11:37:21,2022-12-09 19:56:20,M->M,unknown,
北青网,no_media,2022-12-09 19:56:20,2022-12-15 17:58:12,M->M,unknown,
北青网,no_media,2022-12-15 17:58:12,2023-01-02 16:34:56,M->M,unknown,
北青网,no_media,2023-01-02 16:34:56,2023-01-04 09:36:47,M->M,unknown,
北青网,no_media,2023-01-04 09:36:47,2023-01-12 08:13:33,M->M,unknown,
医学与健康,no_media,2023-04-05 12:19:00,2023-04-05 19:08:00,M->M,unknown,
医学科普阿源老师,wemedia_only,2022-03-14 16:24:00,2022-03-14 17:26:00,M->M,risk,1.0
医路向前巍子,no_media,2022-12-14 18:43:00,2023-01-16 19:03:00,M->H,unknown,
半两财经,no_media,2020-02-11 10:30:03,2020-02-20 22:36:03,M->M,unknown,
半两财经,no_media,2020-02-20 22:36:03,2021-04-09 17:31:21,M->M,unknown,
半两财经,no_media,2021-04-09 17:31:21,2022-01-01 17:42:00,M->M,unknown,
半两财经,no_media,2022-01-01 17:42:00,2022-01-25 17:06:29,M->M,unknown,
半两财经,no_media,2022-01-25 17:06:29,2022-04-18 08:49:13,M->M,unknown,
半两财经,no_media,2022-04-18 08:49:13,2022-04-19 08:46:11,M->M,unknown,
半两财经,no_media,2022-04-19 08:46:11,2022-04-24 08:23:05,M->M,unknown,
半两财经,no_media,2022-04-24 08:23:05,2022-05-07 08:58:33,M->M,unknown,
半两财经,no_media,2022-05-07 08:58:33,2022-05-12 08:27:48,M->M,unknown,
半两财经,no_media,2022-05-12 08:27:48,2022-07-09 16:38:24,M->M,unknown,
半两财经,no_media,2022-07-09 16:38:24,2022-12-04 16:42:44,M->M,unknown,
半两财经,no_media,2022-12-04 16:42:44,2022-12-09 11:19:47,M->M,unknown,
半两财经,no_media,2022-12-09 11:19:47,2023-02-28 17:11:57,M->M,unknown,
半岛新闻,no_media,2020-12-25 15:53:47,2020-12-27 08:01:53,M->M,unknown,
半岛新闻,no_media,2020-12-27 08:01:53,2020-12-29 15:10:26,M->M,unknown,
半岛新闻,no_media,2020-12-29 15:10:26,2021-01-08 21:35:27,M->M,unknown,
半岛新闻,no_media,2021-01-08 21:35:27,2021-01-20 20:18:02,M->M,unknown,
半岛新闻,no_media,2021-01-20 20:18:02,2021-01-23 08:23:35,M->M,unknown,
半岛新闻,no_media,2021-01-23 08:23:35,2021-01-24 10:31:01,M->M,unknown,
半岛新闻,no_media,2021-01-24 10:31:01,2021-02-09 17:01:57,M->M,unknown,
半岛新闻,no_media,2021-02-09 17:01:57,2021-02-20 12:26:22,M->M,unknown,
半岛新闻,no_media,2021-02-20 12:26:22,2021-02-20 15:44:29,M->M,unknown,
半岛新闻,no_media,2021-02-20 15:44:29,2021-04-10 12:37:43,M->M,unknown,
半岛新闻,no_media,2021-04-10 12:37:43,2021-09-30 20:11:54,M->M,unknown,
半岛新闻,no_media,2021-09-30 20:11:54,2021-12-31 13:47:18,M->M,unknown,
半岛网,no_media,2020-03-01 16:29:03,2020-04-23 16:16:03,M->M,unknown,
半岛网,no_media,2020-04-23 16:16:03,2021-01-08 13:13:03,M->M,unknown,
半岛网,no_media,2021-01-08 13:13:03,2021-03-15 17:49:03,M->M,unknown,
半岛网,no_media,2021-03-15 17:49:03,2021-08-17 08:00:01,M->H,unknown,
半岛网,no_media,2021-08-17 08:00:01,2021-09-30 16:31:00,H->M,unknown,
半岛网,no_media,2021-09-30 16:31:00,2021-11-11 14:15:00,M->M,unknown,
半岛网,no_media,2021-11-11 14:15:00,2021-12-31 15:45:00,M->M,unknown,
半岛网,no_media,2021-12-31 15:45:00,2022-03-29 08:59:00,M->M,unknown,
半岛网,no_media,2022-03-29 08:59:00,2022-12-05 20:59:00,M->M,unknown,
半岛网,no_media,2022-12-05 20:59:00,2022-12-08 10:39:00,M->M,unknown,
半岛网,no_media,2022-12-08 10:39:00,2022-12-15 12:19:00,M->M,unknown,
半岛网,no_media,2022-12-15 12:19:00,2022-12-17 09:00:03,M->M,unknown,
半月谈,no_media,2018-10-15 18:39:27,2020-02-13 17:42:32,M->M,unknown,
半月谈,no_media,2020-02-13 17:42:32,2020-02-26 12:06:28,M->M,unknown,
半月谈,no_media,2020-02-26 12:06:28,2020-03-01 13:15:01,M->M,unknown,
半月谈,no_media,2020-03-01 13:15:01,2020-03-03 13:01:13,M->M,unknown,
半月谈,no_media,2020-03-03 13:01:13,2020-03-05 07:10:07,M->M,unknown,
半月谈,no_media,2020-03-05 07:10:07,2020-03-13 07:39:59,M->M,unknown,
半月谈,no_media,2020-03-13 07:39:59,2020-03-18 21:46:13,M->M,unknown,
半月谈,no_media,2020-03-18 21:46:13,2020-03-25 11:47:34,M->M,unknown,
半月谈,no_media,2020-03-25 11:47:34,2020-04-07 15:07:04,M->M,unknown,
半月谈,no_media,2020-04-07 15:07:04,2020-04-15 16:28:52,M->M,unknown,
半月谈,no_media,2020-04-15 16:28:52,2020-04-28 08:53:56,M->M,unknown,
半月谈,no_media,2020-04-28 08:53:56,2020-04-30 07:24:55,M->M,unknown,
半月谈,no_media,2020-04-30 07:24:55,2020-05-20 14:20:28,M->M,unknown,
半月谈,no_media,2020-05-20 14:20:28,2020-06-12 08:13:34,M->M,unknown,
半月谈,no_media,2020-06-12 08:13:34,2020-09-11 14:26:14,M->M,unknown,
半月谈,no_media,2020-09-11 14:26:14,2020-12-25 17:31:03,M->M,unknown,
半月谈,no_media,2020-12-25 17:31:03,2021-02-17 14:59:25,M->M,unknown,
半月谈,no_media,2021-02-17 14:59:25,2021-06-06 10:20:31,M->M,unknown,
半月谈,no_media,2021-06-06 10:20:31,2021-08-03 19:35:34,M->M,unknown,
半月谈,no_media,2021-08-03 19:35:34,2022-01-08 16:57:32,M->M,unknown,
半月谈,no_media,2022-01-08 16:57:32,2022-01-25 18:19:42,M->M,unknown,
半月谈,no_media,2022-01-25 18:19:42,2022-01-26 13:22:08,M->M,unknown,
半月谈,no_media,2022-01-26 13:22:08,2022-04-04 18:06:14,M->M,unknown,
半月谈,no_media,2022-04-04 18:06:14,2022-04-13 09:08:08,M->M,unknown,
半月谈,no_media,2022-04-13 09:08:08,2022-04-23 07:51:00,M->M,unknown,
半月谈,no_media,2022-04-23 07:51:00,2022-04-24 07:54:21,M->M,unknown,
半月谈,no_media,2022-04-24 07:54:21,2022-04-25 12:29:49,M->M,unknown,
半月谈,no_media,2022-04-25 12:29:49,2022-04-26 08:06:37,M->M,unknown,
半月谈,no_media,2022-04-26 08:06:37,2022-04-28 07:47:58,M->M,unknown,
半月谈,no_media,2022-04-28 07:47:58,2022-05-01 08:20:28,M->M,unknown,
半月谈,no_media,2022-05-01 08:20:28,2022-05-04 07:48:27,M->M,unknown,
半月谈,no_media,2022-05-04 07:48:27,2022-05-05 07:48:21,M->M,unknown,
半月谈,no_media,2022-05-05 07:48:21,2022-05-09 07:51:57,M->M,unknown,
半月谈,no_media,2022-05-09 07:51:57,2022-05-10 07:50:03,M->M,unknown,
半月谈,no_media,2022-05-10 07:50:03,2022-05-14 07:54:10,M->M,unknown,
半月谈,no_media,2022-05-14 07:54:10,2022-05-16 07:54:30,M->M,unknown,
半月谈,no_media,2022-05-16 07:54:30,2022-05-18 07:51:37,M->M,unknown,
半月谈,no_media,2022-05-18 07:51:37,2022-05-24 08:03:32,M->M,unknown,
半月谈,no_media,2022-05-24 08:03:32,2022-06-30 12:15:02,M->M,unknown,
半月谈,no_media,2022-06-30 12:15:02,2022-07-06 09:00:03,M->H,unknown,
半月谈,no_media,2022-07-06 09:00:03,2022-11-21 20:27:23,H->M,unknown,
半月谈,no_media,2022-11-21 20:27:23,2022-11-29 16:31:30,M->M,unknown,
半月谈,no_media,2022-11-29 16:31:30,2022-12-04 09:44:41,M->M,unknown,
半月谈,no_media,2022-12-04 09:44:41,2022-12-06 07:41:50,M->M,unknown,
半月谈,no_media,2022-12-06 07:41:50,2022-12-14 18:57:42,M->M,unknown,
半月谈,no_media,2022-12-14 18:57:42,2022-12-26 19:44:34,M->M,unknown,
半月谈,no_media,2022-12-26 19:44:34,2022-12-30 11:28:14,M->M,unknown,
半月谈,no_media,2022-12-30 11:28:14,2023-01-02 16:53:13,M->M,unknown,
半月谈,no_media,2023-01-02 16:53:13,2023-03-01 10:12:20,M->M,unknown,
半月谈,no_media,2023-03-01 10:12:20,2024-02-01 14:30:23,M->M,unknown,
半清夏,no_media,2022-12-25 08:04:00,2023-01-03 15:00:00,L->H,unknown,
华商报,no_media,2019-01-09 18:08:52,2022-05-10 07:49:04,M->M,unknown,
华商报,no_media,2022-05-10 07:49:04,2022-05-11 07:50:26,M->M,unknown,
华商报,no_media,2022-05-11 07:50:26,2022-05-12 12:29:00,M->M,unknown,
华商报,no_media,2022-05-12 12:29:00,2022-05-13 07:47:08,M->M,unknown,
华商报,no_media,2022-05-13 07:47:08,2022-05-14 07:54:41,M->M,unknown,
华商报,no_media,2022-05-14 07:54:41,2022-05-16 07:49:09,M->M,unknown,
华商报,no_media,2022-05-16 07:49:09,2022-05-18 07:49:23,M->M,unknown,
华商报,no_media,2022-05-18 07:49:23,2022-05-22 07:49:17,M->M,unknown,
华商报,no_media,2022-05-22 07:49:17,2022-05-24 07:49:46,M->M,unknown,
华商报,no_media,2022-05-24 07:49:46,2022-05-26 07:48:30,M->M,unknown,
华商报,no_media,2022-05-26 07:48:30,2022-07-10 16:38:26,M->M,unknown,
华商报,no_media,2022-07-10 16:38:26,2022-08-22 10:30:02,M->M,unknown,
华商报,no_media,2022-08-22 10:30:02,2022-10-13 22:06:15,M->L,unknown,
华商报,no_media,2022-10-13 22:06:15,2022-11-22 16:01:42,L->M,unknown,
华商报,no_media,2022-11-22 16:01:42,2022-11-29 14:59:13,M->M,unknown,
华商报,no_media,2022-11-29 14:59:13,2022-12-01 13:51:26,M->M,unknown,
华商报,no_media,2022-12-01 13:51:26,2022-12-01 17:22:21,M->M,unknown,
华商报,no_media,2022-12-01 17:22:21,2022-12-01 18:01:50,M->M,unknown,
华商报,no_media,2022-12-01 18:01:50,2022-12-07 13:31:14,M->M,unknown,
华商报,no_media,2022-12-07 13:31:14,2022-12-07 15:40:10,M->M,unknown,
华商报,no_media,2022-12-07 15:40:10,2022-12-07 16:13:21,M->M,unknown,
华商报,no_media,2022-12-07 16:13:21,2022-12-07 18:53:11,M->M,unknown,
华商报,no_media,2022-12-07 18:53:11,2022-12-07 21:16:56,M->M,unknown,
华商报,no_media,2022-12-07 21:16:56,2022-12-07 22:01:52,M->M,unknown,
华商报,no_media,2022-12-07 22:01:52,2022-12-08 11:11:25,M->M,unknown,
华商报,no_media,2022-12-08 11:11:25,2022-12-08 15:16:21,M->M,unknown,
华商报,no_media,2022-12-08 15:16:21,2022-12-08 15:24:24,M->M,unknown,
华商报,no_media,2022-12-08 15:24:24,2022-12-08 15:41:42,M->M,unknown,
华商报,no_media,2022-12-08 15:41:42,2022-12-08 21:05:19,M->M,unknown,
华商报,no_media,2022-12-08 21:05:19,2022-12-09 09:31:22,M->M,unknown,
华商报,no_media,2022-12-09 09:31:22,2022-12-09 12:05:01,M->M,unknown,
华商报,no_media,2022-12-09 12:05:01,2022-12-10 21:06:38,M->M,unknown,
华商报,no_media,2022-12-10 21:06:38,2022-12-11 13:27:00,M->M,unknown,
华商报,no_media,2022-12-11 13:27:00,2022-12-12 10:44:51,M->L,unknown,
华商报,no_media,2022-12-12 10:44:51,2022-12-14 15:07:38,L->M,unknown,
华商报,no_media,2022-12-14 15:07:38,2022-12-14 15:54:44,M->M,unknown,
华商报,no_media,2022-12-14 15:54:44,2022-12-14 18:52:01,M->M,unknown,
华商报,no_media,2022-12-14 18:52:01,2022-12-15 16:27:58,M->M,unknown,
华商报,no_media,2022-12-15 16:27:58,2022-12-18 14:03:10,M->M,unknown,
华商报,no_media,2022-12-18 14:03:10,2022-12-19 11:47:00,M->M,unknown,
华商报,no_media,2022-12-19 11:47:00,2022-12-19 17:11:47,M->M,unknown,
华商报,no_media,2022-12-19 17:11:47,2022-12-21 17:23:36,M->M,unknown,
华商报,no_media,2022-12-21 17:23:36,2022-12-22 22:33:58,M->M,unknown,
华商报,no_media,2022-12-22 22:33:58,2022-12-23 18:45:55,M->M,unknown,
华商报,no_media,2022-12-23 18:45:55,2022-12-25 14:23:00,M->M,unknown,
华商报,no_media,2022-12-25 14:23:00,2022-12-30 15:52:56,M->M,unknown,
华商报,no_media,2022-12-30 15:52:56,2022-12-31 07:43:58,M->M,unknown,
华商报,no_media,2022-12-31 07:43:58,2023-01-02 08:07:00,M->M,unknown,
华商报,no_media,2023-01-02 08:07:00,2023-01-03 22:39:00,M->M,unknown,
华商报,no_media,2023-01-03 22:39:00,2023-01-03 22:43:27,M->M,unknown,
华商报,no_media,2023-01-03 22:43:27,2023-01-05 20:23:00,M->M,unknown,
华商报,no_media,2023-01-05 20:23:00,2023-01-09 13:39:00,M->M,unknown,
华商报,no_media,2023-01-09 13:39:00,2023-01-09 21:05:53,M->M,unknown,
华商报,no_media,2023-01-09 21:05:53,2023-01-13 21:06:57,M->M,unknown,
华商报,no_media,2023-01-13 21:06:57,2023-01-21 11:25:30,M->M,unknown,
华商报,no_media,2023-01-21 11:25:30,2023-01-30 09:52:45,M->M,unknown,
华商报,no_media,2023-01-30 09:52:45,2023-02-12 11:17:13,M->M,unknown,
华商报,no_media,2023-02-12 11:17:13,2023-02-15 12:14:46,M->M,unknown,
华商报,no_media,2023-02-15 12:14:46,2023-12-24 17:20:38,M->M,unknown,
华商网,no_media,2020-02-15 09:45:28,2020-02-20 11:32:51,M->M,unknown,
华商网,no_media,2020-02-20 11:32:51,2020-02-24 11:15:44,M->M,unknown,
华商网,no_media,2020-02-24 11:15:44,2020-10-27 09:28:41,M->M,unknown,
华商网,no_media,2020-10-27 09:28:41,2021-01-03 09:11:57,M->M,unknown,
华商网,no_media,2021-01-03 09:11:57,2021-01-04 22:35:48,M->M,unknown,
华商网,no_media,2021-01-04 22:35:48,2021-01-05 09:46:00,M->M,unknown,
华商网,no_media,2021-01-05 09:46:00,2021-03-24 10:01:12,M->M,unknown,
华商网,no_media,2021-03-24 10:01:12,2021-04-09 20:58:03,M->M,unknown,
华商网,no_media,2021-04-09 20:58:03,2021-04-25 10:15:35,M->M,unknown,
华商网,no_media,2021-04-25 10:15:35,2021-08-03 13:45:50,M->M,unknown,
华商网,no_media,2021-08-03 13:45:50,2021-11-01 20:06:00,M->M,unknown,
华商网,no_media,2021-11-01 20:06:00,2021-11-25 10:09:15,M->M,unknown,
华商网,no_media,2021-11-25 10:09:15,2021-12-21 13:27:20,M->M,unknown,
华商网,no_media,2021-12-21 13:27:20,2022-01-05 13:14:16,M->M,unknown,
华商网,no_media,2022-01-05 13:14:16,2022-01-05 17:35:12,M->M,unknown,
华商网,no_media,2022-01-05 17:35:12,2022-01-06 17:30:42,M->M,unknown,
华商网,no_media,2022-01-06 17:30:42,2022-01-10 16:04:12,M->M,unknown,
华商网,no_media,2022-01-10 16:04:12,2022-03-05 18:30:08,M->M,unknown,
华商网,no_media,2022-03-05 18:30:08,2022-04-15 22:02:13,M->M,unknown,
华商网,no_media,2022-04-15 22:02:13,2022-04-17 08:53:08,M->M,unknown,
华商网,no_media,2022-04-17 08:53:08,2022-04-28 16:00:31,M->M,unknown,
华商网,no_media,2022-04-28 16:00:31,2022-05-03 08:56:23,M->M,unknown,
华商网,no_media,2022-05-03 08:56:23,2022-05-09 14:23:00,M->M,unknown,
华商网,no_media,2022-05-09 14:23:00,2022-12-06 15:20:02,M->M,unknown,
华商网,no_media,2022-12-06 15:20:02,2022-12-07 13:25:18,M->M,unknown,
华商网,no_media,2022-12-07 13:25:18,2022-12-07 16:16:53,M->M,unknown,
华商网,no_media,2022-12-07 16:16:53,2022-12-08 15:19:32,M->M,unknown,
华商网,no_media,2022-12-08 15:19:32,2022-12-15 17:00:03,M->M,unknown,
华商网,no_media,2022-12-15 17:00:03,2023-01-01 20:28:00,M->M,unknown,
华商网,no_media,2023-01-01 20:28:00,2023-01-21 12:00:03,M->M,unknown,
华商网,no_media,2023-01-21 12:00:03,2023-05-28 13:29:00,M->M,unknown,
华商网,no_media,2023-05-28 13:29:00,2023-11-20 10:45:09,M->M,unknown,
华夏经纬网,no_media,2020-02-21 15:13:23,2020-05-12 17:34:03,M->M,unknown,
华夏经纬网,no_media,2020-05-12 17:34:03,2021-11-04 11:14:00,M->H,unknown,
华夏经纬网,no_media,2021-11-04 11:14:00,2022-06-13 14:51:00,H->H,unknown,
华夏经纬网,no_media,2022-06-13 14:51:00,2022-06-15 10:28:00,H->H,unknown,
南京广播电视台,no_media,2020-02-07 15:42:33,2020-02-20 08:07:01,M->M,unknown,
南京广播电视台,no_media,2020-02-20 08:07:01,2020-05-28 09:18:19,M->M,unknown,
南京广播电视台,no_media,2020-05-28 09:18:19,2020-10-01 09:06:35,M->M,unknown,
南京广播电视台,no_media,2020-10-01 09:06:35,2020-10-03 08:54:52,M->M,unknown,
南京广播电视台,no_media,2020-10-03 08:54:52,2020-10-04 08:54:49,M->M,unknown,
南京广播电视台,no_media,2020-10-04 08:54:49,2020-10-05 08:54:11,M->M,unknown,
南京广播电视台,no_media,2020-10-05 08:54:11,2020-10-06 09:01:06,M->M,unknown,
南京广播电视台,no_media,2020-10-06 09:01:06,2020-10-08 08:54:37,M->M,unknown,
南京广播电视台,no_media,2020-10-08 08:54:37,2021-01-07 21:38:06,M->M,unknown,
南京广播电视台,no_media,2021-01-07 21:38:06,2021-01-18 15:46:30,M->M,unknown,
南京广播电视台,no_media,2021-01-18 15:46:30,2021-02-20 16:09:17,M->M,unknown,
南京广播电视台,no_media,2021-02-20 16:09:17,2021-07-25 14:49:38,M->M,unknown,
南京广播电视台,no_media,2021-07-25 14:49:38,2021-07-27 12:26:48,M->M,unknown,
南京广播电视台,no_media,2021-07-27 12:26:48,2021-08-02 12:29:57,M->M,unknown,
南京广播电视台,no_media,2021-08-02 12:29:57,2021-08-13 11:11:51,M->M,unknown,
南京广播电视台,no_media,2021-08-13 11:11:51,2022-12-07 14:04:25,M->M,unknown,
南京广播电视台,no_media,2022-12-07 14:04:25,2022-12-11 09:38:32,M->M,unknown,
南京广播电视台,no_media,2022-12-11 09:38:32,2022-12-16 14:17:00,M->M,unknown,
南京零距离,no_media,2020-02-17 06:31:13,2020-02-20 10:39:21,M->M,unknown,
南京零距离,no_media,2020-02-20 10:39:21,2020-09-30 11:30:51,M->M,unknown,
南京零距离,no_media,2020-09-30 11:30:51,2021-04-14 16:15:03,M->M,unknown,
南京零距离,no_media,2021-04-14 16:15:03,2021-07-21 18:50:03,M->M,unknown,
南京零距离,no_media,2021-07-21 18:50:03,2021-07-31 16:28:59,M->M,unknown,
南京零距离,no_media,2021-07-31 16:28:59,2021-08-07 11:04:16,M->M,unknown,
南京零距离,no_media,2021-08-07 11:04:16,2021-08-15 11:57:38,M->M,unknown,
南京零距离,no_media,2021-08-15 11:57:38,2021-11-06 19:20:00,M->M,unknown,
南京零距离,no_media,2021-11-06 19:20:00,2022-03-06 11:16:43,M->M,unknown,
南京零距离,no_media,2022-03-06 11:16:43,2022-12-08 07:19:20,M->M,unknown,
南京零距离,no_media,2022-12-08 07:19:20,2022-12-09 15:59:00,M->M,unknown,
南京零距离,no_media,2022-12-09 15:59:00,2023-01-03 21:00:02,M->M,unknown,
南京零距离,no_media,2023-01-03 21:00:02,2023-11-29 22:23:19,M->M,unknown,
南国都市报,no_media,2019-05-17 16:34:32,2020-02-08 17:10:28,M->M,unknown,
南国都市报,no_media,2020-02-08 17:10:28,2020-02-10 10:25:23,M->M,unknown,
南国都市报,no_media,2020-02-10 10:25:23,2020-02-26 13:07:49,M->M,unknown,
南国都市报,no_media,2020-02-26 13:07:49,2020-09-12 14:29:35,M->M,unknown,
南国都市报,no_media,2020-09-12 14:29:35,2021-02-20 15:17:00,M->M,unknown,
南国都市报,no_media,2021-02-20 15:17:00,2021-04-01 10:08:27,M->M,unknown,
南国都市报,no_media,2021-04-01 10:08:27,2022-04-28 09:05:30,M->M,unknown,
南国都市报,no_media,2022-04-28 09:05:30,2022-05-04 08:57:25,M->M,unknown,
南国都市报,no_media,2022-05-04 08:57:25,2022-05-07 08:42:36,M->M,unknown,
南国都市报,no_media,2022-05-07 08:42:36,2022-05-13 08:55:51,M->M,unknown,
南国都市报,no_media,2022-05-13 08:55:51,2023-01-02 08:45:42,M->M,unknown,
南岸发布,no_media,2020-03-20 21:51:04,2022-04-01 16:05:09,M->M,unknown,
南岸发布,no_media,2022-04-01 16:05:09,2022-04-02 10:34:59,M->M,unknown,
南岸发布,no_media,2022-04-02 10:34:59,2022-08-23 18:57:30,M->M,unknown,
南岸发布,no_media,2022-08-23 18:57:30,2022-08-29 18:56:51,M->M,unknown,
南岸发布,no_media,2022-08-29 18:56:51,2022-10-11 12:44:57,M->M,unknown,
南岸发布,no_media,2022-10-11 12:44:57,2022-11-16 11:59:54,M->M,unknown,
南岸发布,no_media,2022-11-16 11:59:54,2022-11-17 23:56:42,M->M,unknown,
南岸发布,no_media,2022-11-17 23:56:42,2022-11-20 12:10:07,M->M,unknown,
南岸发布,no_media,2022-11-20 12:10:07,2022-11-21 09:15:10,M->M,unknown,
南岸发布,no_media,2022-11-21 09:15:10,2022-11-21 17:53:22,M->M,unknown,
南岸发布,no_media,2022-11-21 17:53:22,2022-11-21 17:54:05,M->M,unknown,
南岸发布,no_media,2022-11-21 17:54:05,2022-11-22 22:29:38,M->M,unknown,
南岸发布,no_media,2022-11-22 22:29:38,2022-11-24 00:12:48,M->M,unknown,
南岸发布,no_media,2022-11-24 00:12:48,2022-11-25 09:44:32,M->M,unknown,
南岸发布,no_media,2022-11-25 09:44:32,2022-11-27 21:09:06,M->M,unknown,
南岸发布,no_media,2022-11-27 21:09:06,2022-11-28 15:08:18,M->M,unknown,
南岸发布,no_media,2022-11-28 15:08:18,2022-12-12 00:58:45,M->M,unknown,
南岸发布,no_media,2022-12-12 00:58:45,2022-12-16 13:56:32,M->M,unknown,
南方周末,no_media,2020-02-17 10:01:22,2020-02-26 15:53:39,M->M,unknown,
南方周末,no_media,2020-02-26 15:53:39,2020-10-06 23:59:00,M->M,unknown,
南方周末,no_media,2020-10-06 23:59:00,2020-12-30 12:54:41,M->M,unknown,
南方周末,no_media,2020-12-30 12:54:41,2021-12-26 08:56:07,M->M,unknown,
南方周末,no_media,2021-12-26 08:56:07,2022-01-08 17:26:17,M->M,unknown,
南方周末,no_media,2022-01-08 17:26:17,2022-01-11 18:11:50,M->M,unknown,
南方周末,no_media,2022-01-11 18:11:50,2022-04-19 12:41:44,M->M,unknown,
南方周末,no_media,2022-04-19 12:41:44,2022-04-23 08:28:28,M->M,unknown,
南方周末,no_media,2022-04-23 08:28:28,2022-04-24 08:44:47,M->M,unknown,
南方周末,no_media,2022-04-24 08:44:47,2022-04-26 08:06:03,M->M,unknown,
南方周末,no_media,2022-04-26 08:06:03,2022-04-28 07:59:27,M->M,unknown,
南方周末,no_media,2022-04-28 07:59:27,2022-05-02 14:19:11,M->M,unknown,
南方周末,no_media,2022-05-02 14:19:11,2022-05-05 07:51:33,M->M,unknown,
南方周末,no_media,2022-05-05 07:51:33,2022-05-06 07:54:36,M->M,unknown,
南方周末,no_media,2022-05-06 07:54:36,2022-05-07 07:51:44,M->M,unknown,
南方周末,no_media,2022-05-07 07:51:44,2022-05-08 08:22:12,M->M,unknown,
南方周末,no_media,2022-05-08 08:22:12,2022-05-09 07:53:57,M->M,unknown,
南方周末,no_media,2022-05-09 07:53:57,2022-05-10 07:56:06,M->M,unknown,
南方周末,no_media,2022-05-10 07:56:06,2022-05-11 08:23:56,M->M,unknown,
南方周末,no_media,2022-05-11 08:23:56,2022-05-12 08:41:45,M->M,unknown,
南方周末,no_media,2022-05-12 08:41:45,2022-05-15 08:31:29,M->M,unknown,
南方周末,no_media,2022-05-15 08:31:29,2022-05-16 07:56:40,M->M,unknown,
南方周末,no_media,2022-05-16 07:56:40,2022-05-18 07:52:41,M->M,unknown,
南方周末,no_media,2022-05-18 07:52:41,2022-12-07 11:20:00,M->M,unknown,
南方周末,no_media,2022-12-07 11:20:00,2023-01-06 12:44:53,M->M,unknown,
南方周末,no_media,2023-01-06 12:44:53,2023-01-13 21:08:37,M->M,unknown,
南方都市报,no_media,2020-04-07 14:05:04,2020-04-14 19:30:09,M->M,unknown,
南方都市报,no_media,2020-04-14 19:30:09,2022-12-15 18:33:01,M->M,unknown,
南昌东湖区发布,no_media,2022-12-07 15:04:59,2022-12-11 18:56:01,M->M,unknown,
南昌东湖区发布,no_media,2022-12-11 18:56:01,2023-01-17 15:55:56,M->M,unknown,
南昌新建发布,no_media,2020-01-29 16:01:03,2020-02-17 10:47:03,M->M,unknown,
南昌新建发布,no_media,2020-02-17 10:47:03,2020-03-06 11:42:04,M->M,unknown,
南昌新建发布,no_media,2020-03-06 11:42:04,2020-04-01 14:27:03,M->M,unknown,
南昌新建发布,no_media,2020-04-01 14:27:03,2020-04-29 13:11:03,M->M,unknown,
南昌新建发布,no_media,2020-04-29 13:11:03,2020-07-06 16:54:03,M->M,unknown,
南昌新建发布,no_media,2020-07-06 16:54:03,2021-01-12 09:06:43,M->M,unknown,
南昌新建发布,no_media,2021-01-12 09:06:43,2021-08-03 15:28:53,M->M,unknown,
南昌新建发布,no_media,2021-08-03 15:28:53,2021-08-10 12:40:03,M->M,unknown,
南昌新建发布,no_media,2021-08-10 12:40:03,2022-03-22 10:25:49,M->M,unknown,
南昌新建发布,no_media,2022-03-22 10:25:49,2023-01-04 11:08:01,M->M,unknown,
南昌新建发布,no_media,2023-01-04 11:08:01,2023-01-18 15:30:01,M->M,unknown,
南昌新建发布,no_media,2023-01-18 15:30:01,2023-03-13 11:00:00,M->H,unknown,
南昌新闻网,no_media,2020-03-03 10:42:05,2020-04-01 09:40:26,M->M,unknown,
南昌新闻网,no_media,2020-04-01 09:40:26,2021-01-07 21:05:43,M->M,unknown,
南昌新闻网,no_media,2021-01-07 21:05:43,2021-11-10 20:58:22,M->M,unknown,
南昌新闻网,no_media,2021-11-10 20:58:22,2022-03-24 19:39:56,M->M,unknown,
南昌新闻网,no_media,2022-03-24 19:39:56,2022-04-06 11:30:02,M->M,unknown,
南昌新闻网,no_media,2022-04-06 11:30:02,2022-10-12 16:36:04,M->M,unknown,
南昌新闻网,no_media,2022-10-12 16:36:04,2022-11-18 21:29:00,M->M,unknown,
南昌新闻网,no_media,2022-11-18 21:29:00,2022-12-15 19:29:00,M->M,unknown,
南昌新闻网,no_media,2022-12-15 19:29:00,2023-01-18 20:30:00,M->M,unknown,
南昌日报,no_media,2020-03-01 17:05:22,2020-03-05 10:05:24,M->M,unknown,
南昌日报,no_media,2020-03-05 10:05:24,2020-04-01 10:07:25,M->M,unknown,
南昌日报,no_media,2020-04-01 10:07:25,2021-01-07 21:05:13,M->M,unknown,
南昌日报,no_media,2021-01-07 21:05:13,2021-11-10 20:58:15,M->M,unknown,
南昌日报,no_media,2021-11-10 20:58:15,2022-03-24 19:40:03,M->M,unknown,
南昌日报,no_media,2022-03-24 19:40:03,2022-04-06 14:00:01,M->M,unknown,
南昌日报,no_media,2022-04-06 14:00:01,2022-10-12 16:36:57,M->M,unknown,
南昌日报,no_media,2022-10-12 16:36:57,2022-12-09 09:43:29,M->M,unknown,
南昌日报,no_media,2022-12-09 09:43:29,2023-01-12 15:59:00,M->M,unknown,
南昌日报,no_media,2023-01-12 15:59:00,2023-01-15 21:30:00,M->M,unknown,
南昌进贤发布,no_media,2020-02-24 17:19:12,2020-02-29 16:55:16,M->M,unknown,
南昌进贤发布,no_media,2020-02-29 16:55:16,2020-03-02 16:59:03,M->M,unknown,
南昌进贤发布,no_media,2020-03-02 16:59:03,2020-03-07 13:51:26,M->M,unknown,
南昌进贤发布,no_media,2020-03-07 13:51:26,2020-05-06 16:28:39,M->M,unknown,
南昌进贤发布,no_media,2020-05-06 16:28:39,2021-01-08 09:09:03,M->M,unknown,
南昌进贤发布,no_media,2021-01-08 09:09:03,2021-01-12 10:17:18,M->M,unknown,
南昌进贤发布,no_media,2021-01-12 10:17:18,2021-01-17 19:04:03,M->M,unknown,
南昌进贤发布,no_media,2021-01-17 19:04:03,2021-05-27 12:09:03,M->M,unknown,
南昌进贤发布,no_media,2021-05-27 12:09:03,2021-08-07 22:13:05,M->M,unknown,
南昌进贤发布,no_media,2021-08-07 22:13:05,2021-08-12 12:51:40,M->M,unknown,
南昌进贤发布,no_media,2021-08-12 12:51:40,2021-09-21 21:13:49,M->M,unknown,
南昌进贤发布,no_media,2021-09-21 21:13:49,2021-11-11 14:09:00,M->M,unknown,
南昌进贤发布,no_media,2021-11-11 14:09:00,2021-12-06 10:34:47,M->M,unknown,
南昌进贤发布,no_media,2021-12-06 10:34:47,2021-12-16 10:45:02,M->M,unknown,
南昌进贤发布,no_media,2021-12-16 10:45:02,2022-01-01 23:29:23,M->M,unknown,
南昌进贤发布,no_media,2022-01-01 23:29:23,2022-03-24 21:34:32,M->M,unknown,
南桔北枳2,no_media,2022-12-23 13:39:00,2022-12-23 17:53:00,M->H,unknown,
南海网,no_media,2020-09-12 14:58:40,2021-02-20 18:37:09,M->M,unknown,
南海网,no_media,2021-02-20 18:37:09,2021-04-01 09:22:09,M->M,unknown,
南海网,no_media,2021-04-01 09:22:09,2021-04-06 15:41:06,M->M,unknown,
南海网,no_media,2021-04-06 15:41:06,2021-08-03 14:55:44,M->M,unknown,
南海网,no_media,2021-08-03 14:55:44,2022-05-05 09:37:42,M->M,unknown,
南通政法,no_media,2022-01-23 13:42:28,2022-03-14 15:52:00,M->M,unknown,
南通政法,no_media,2022-03-14 15:52:00,2022-03-14 15:52:54,M->M,unknown,
南通政法,no_media,2022-03-14 15:52:54,2022-03-19 19:36:00,M->M,unknown,
南通政法,no_media,2022-03-19 19:36:00,2022-04-16 10:17:30,M->M,unknown,
南通政法,no_media,2022-04-16 10:17:30,2022-04-25 15:21:09,M->M,unknown,
南通政法,no_media,2022-04-25 15:21:09,2022-04-27 07:38:09,M->M,unknown,
南通政法,no_media,2022-04-27 07:38:09,2022-04-27 22:15:24,M->M,unknown,
南通政法,no_media,2022-04-27 22:15:24,2022-05-01 07:55:35,M->M,unknown,
南通政法,no_media,2022-05-01 07:55:35,2022-05-05 10:09:50,M->M,unknown,
南通政法,no_media,2022-05-05 10:09:50,2022-05-24 07:48:58,M->M,unknown,
南通政法,no_media,2022-05-24 07:48:58,2022-09-25 08:40:00,M->M,unknown,
南通政法,no_media,2022-09-25 08:40:00,2022-12-01 18:26:04,M->M,unknown,
南通政法,no_media,2022-12-01 18:26:04,2022-12-01 18:27:12,M->M,unknown,
南通政法,no_media,2022-12-01 18:27:12,2022-12-05 09:45:47,M->M,unknown,
南通政法,no_media,2022-12-05 09:45:47,2022-12-07 16:21:04,M->M,unknown,
南通政法,no_media,2022-12-07 16:21:04,2022-12-13 07:44:08,M->M,unknown,
南通政法,no_media,2022-12-13 07:44:08,2022-12-15 17:37:27,M->M,unknown,
南通政法,no_media,2022-12-15 17:37:27,2022-12-29 11:51:57,M->M,unknown,
南通政法,no_media,2022-12-29 11:51:57,2023-01-05 10:09:52,M->M,unknown,
南通日报,no_media,2022-04-25 18:05:14,2022-05-12 08:16:43,M->M,unknown,
南通日报,no_media,2022-05-12 08:16:43,2022-12-15 16:35:45,M->M,unknown,
南阳日报,no_media,2018-10-08 09:13:51,2019-02-22 10:05:27,M->M,unknown,
南阳日报,no_media,2019-02-22 10:05:27,2020-03-18 19:29:00,M->M,unknown,
南阳日报,no_media,2020-03-18 19:29:00,2021-08-11 08:44:08,M->M,unknown,
南阳日报,no_media,2021-08-11 08:44:08,2022-03-21 10:05:00,M->M,unknown,
南阳日报,no_media,2022-03-21 10:05:00,2022-04-17 17:25:34,M->M,unknown,
南阳日报,no_media,2022-04-17 17:25:34,2022-04-26 07:49:57,M->M,unknown,
南阳日报,no_media,2022-04-26 07:49:57,2022-05-13 08:31:00,M->M,unknown,
南阳日报,no_media,2022-05-13 08:31:00,2022-12-07 09:32:43,M->M,unknown,
南阳日报,no_media,2022-12-07 09:32:43,2022-12-07 15:34:00,M->M,unknown,
南阳日报,no_media,2022-12-07 15:34:00,2022-12-09 11:08:01,M->M,unknown,
南阳日报,no_media,2022-12-09 11:08:01,2022-12-10 09:46:05,M->M,unknown,
南阳日报,no_media,2022-12-10 09:46:05,2022-12-10 10:20:02,M->M,unknown,
南阳日报,no_media,2022-12-10 10:20:02,2022-12-13 19:48:42,M->M,unknown,
南阳日报,no_media,2022-12-13 19:48:42,2022-12-15 18:08:00,M->M,unknown,
南阳日报,no_media,2022-12-15 18:08:00,2022-12-17 14:06:39,M->M,unknown,
南阳日报,no_media,2022-12-17 14:06:39,2022-12-20 08:21:24,M->M,unknown,
南阳日报,no_media,2022-12-20 08:21:24,2022-12-24 15:30:00,M->M,unknown,
南阳日报,no_media,2022-12-24 15:30:00,2022-12-26 10:12:00,M->M,unknown,
南阳日报,no_media,2022-12-26 10:12:00,2022-12-26 16:06:01,M->M,unknown,
南阳日报,no_media,2022-12-26 16:06:01,2022-12-27 10:48:01,M->M,unknown,
南阳日报,no_media,2022-12-27 10:48:01,2022-12-27 16:35:00,M->M,unknown,
南阳日报,no_media,2022-12-27 16:35:00,2022-12-29 15:47:00,M->M,unknown,
南阳日报,no_media,2022-12-29 15:47:00,2023-01-03 11:23:00,M->M,unknown,
南阳日报,no_media,2023-01-03 11:23:00,2023-01-05 09:33:00,M->M,unknown,
南阳日报,no_media,2023-01-05 09:33:00,2023-01-18 15:23:27,M->M,unknown,
南阳日报,no_media,2023-01-18 15:23:27,2023-05-08 09:53:00,M->M,unknown,
南阳日报,no_media,2023-05-08 09:53:00,2023-05-25 11:25:00,M->M,unknown,
南阳日报,no_media,2023-05-25 11:25:00,2023-06-02 09:36:00,M->M,unknown,
南阳日报,no_media,2023-06-02 09:36:00,2023-12-07 10:47:00,M->M,unknown,
南阳晚报,no_media,2020-02-15 16:33:01,2020-02-20 09:48:19,M->M,unknown,
南阳晚报,no_media,2020-02-20 09:48:19,2021-08-11 09:00:36,M->M,unknown,
南阳晚报,no_media,2021-08-11 09:00:36,2021-09-26 17:37:22,M->M,unknown,
南阳晚报,no_media,2021-09-26 17:37:22,2021-11-01 09:09:44,M->M,unknown,
南阳晚报,no_media,2021-11-01 09:09:44,2022-01-02 10:33:38,M->M,unknown,
南阳晚报,no_media,2022-01-02 10:33:38,2022-01-12 11:44:50,M->M,unknown,
南阳晚报,no_media,2022-01-12 11:44:50,2022-03-31 17:11:00,M->M,unknown,
南阳晚报,no_media,2022-03-31 17:11:00,2022-12-05 08:39:05,M->M,unknown,
南阳晚报,no_media,2022-12-05 08:39:05,2022-12-07 09:21:05,M->M,unknown,
南阳晚报,no_media,2022-12-07 09:21:05,2022-12-09 10:23:41,M->M,unknown,
南阳晚报,no_media,2022-12-09 10:23:41,2022-12-09 11:16:35,M->M,unknown,
南阳晚报,no_media,2022-12-09 11:16:35,2022-12-09 16:00:47,M->M,unknown,
南阳晚报,no_media,2022-12-09 16:00:47,2022-12-10 10:14:41,M->M,unknown,
南阳晚报,no_media,2022-12-10 10:14:41,2022-12-11 10:13:29,M->M,unknown,
南阳晚报,no_media,2022-12-11 10:13:29,2022-12-15 16:31:00,M->M,unknown,
南阳晚报,no_media,2022-12-15 16:31:00,2022-12-15 18:11:43,M->M,unknown,
南阳晚报,no_media,2022-12-15 18:11:43,2022-12-18 14:28:50,M->M,unknown,
南阳晚报,no_media,2022-12-18 14:28:50,2022-12-19 10:16:34,M->M,unknown,
南阳晚报,no_media,2022-12-19 10:16:34,2022-12-20 09:53:50,M->M,unknown,
南阳晚报,no_media,2022-12-20 09:53:50,2023-01-02 16:31:26,M->M,unknown,
南阳晚报,no_media,2023-01-02 16:31:26,2023-01-16 16:35:00,M->M,unknown,
南阳晚报,no_media,2023-01-16 16:35:00,2023-01-18 15:35:06,M->M,unknown,
南阳晚报,no_media,2023-01-18 15:35:06,2023-03-01 11:15:00,M->M,unknown,
南阳晚报,no_media,2023-03-01 11:15:00,2024-08-12 17:52:40,M->M,unknown,
南阳网官方微博,no_media,2021-09-27 08:42:36,2022-05-24 11:35:19,M->M,unknown,
南阳网官方微博,no_media,2022-05-24 11:35:19,2022-05-26 08:48:14,M->M,unknown,
南阳网官方微博,no_media,2022-05-26 08:48:14,2022-10-14 10:24:49,M->M,unknown,
南阳网官方微博,no_media,2022-10-14 10:24:49,2022-11-03 08:39:11,M->M,unknown,
南风小怪物,no_media,2022-12-28 21:59:00,2022-12-29 23:49:00,L->M,unknown,
卢卡斯-Wang,no_media,2022-09-13 11:19:00,2022-10-27 00:05:00,M->H,unknown,
卧龙观势V,no_media,2022-12-21 21:25:00,2022-12-28 15:57:00,H->M,unknown,
厦门日报,no_media,2023-01-02 20:45:00,2023-01-18 16:32:36,M->M,unknown,
厦门晚报,no_media,2020-01-29 14:33:03,2020-02-20 10:19:33,M->M,unknown,
厦门晚报,no_media,2020-02-20 10:19:33,2020-02-20 13:00:03,M->M,unknown,
厦门晚报,no_media,2020-02-20 13:00:03,2020-04-15 14:00:05,M->M,unknown,
厦门晚报,no_media,2020-04-15 14:00:05,2020-04-23 15:40:00,M->M,unknown,
厦门晚报,no_media,2020-04-23 15:40:00,2021-08-01 19:01:03,M->M,unknown,
厦门晚报,no_media,2021-08-01 19:01:03,2021-10-23 11:00:03,M->M,unknown,
厦门晚报,no_media,2021-10-23 11:00:03,2022-12-06 15:44:50,M->M,unknown,
厦门晚报,no_media,2022-12-06 15:44:50,2023-01-02 09:26:04,M->M,unknown,
厦门晚报,no_media,2023-01-02 09:26:04,2023-01-02 18:22:27,M->M,unknown,
厦门晚报,no_media,2023-01-02 18:22:27,2023-01-07 11:49:09,M->M,unknown,
厦门晚报,no_media,2023-01-07 11:49:09,2023-01-18 15:34:17,M->M,unknown,
厦门晚报,no_media,2023-01-18 15:34:17,2023-01-18 17:52:57,M->M,unknown,
厦门网,no_media,2020-02-19 07:20:22,2020-02-20 10:27:22,M->M,unknown,
厦门网,no_media,2020-02-20 10:27:22,2020-02-20 10:55:02,M->M,unknown,
厦门网,no_media,2020-02-20 10:55:02,2020-02-23 22:24:27,M->M,unknown,
厦门网,no_media,2020-02-23 22:24:27,2020-02-25 22:30:03,M->M,unknown,
厦门网,no_media,2020-02-25 22:30:03,2020-03-05 17:42:27,M->M,unknown,
厦门网,no_media,2020-03-05 17:42:27,2020-03-05 17:43:57,M->M,unknown,
厦门网,no_media,2020-03-05 17:43:57,2020-07-03 10:21:54,M->M,unknown,
厦门网,no_media,2020-07-03 10:21:54,2020-07-07 19:52:39,M->M,unknown,
厦门网,no_media,2020-07-07 19:52:39,2020-07-08 21:55:52,M->M,unknown,
厦门网,no_media,2020-07-08 21:55:52,2021-09-18 19:08:22,M->M,unknown,
厦门网,no_media,2021-09-18 19:08:22,2022-01-08 17:37:39,M->M,unknown,
厦门网,no_media,2022-01-08 17:37:39,2022-04-19 10:22:38,M->M,unknown,
厦门网,no_media,2022-04-19 10:22:38,2022-12-26 12:43:53,M->M,unknown,
厦门网,no_media,2022-12-26 12:43:53,2023-01-18 15:29:58,M->M,unknown,
参考消息,no_media,2020-04-18 19:00:04,2020-07-19 18:30:03,M->M,unknown,
参考消息,no_media,2020-07-19 18:30:03,2020-08-25 11:50:03,M->M,unknown,
参考消息,no_media,2020-08-25 11:50:03,2020-10-19 20:30:03,M->M,unknown,
参考消息,no_media,2020-10-19 20:30:03,2020-10-28 22:30:03,M->M,unknown,
参考消息,no_media,2020-10-28 22:30:03,2020-12-05 19:08:06,M->M,unknown,
参考消息,no_media,2020-12-05 19:08:06,2021-01-25 09:59:07,M->M,unknown,
参考消息,no_media,2021-01-25 09:59:07,2021-01-26 12:20:03,M->M,unknown,
参考消息,no_media,2021-01-26 12:20:03,2021-02-12 17:10:03,M->M,unknown,
参考消息,no_media,2021-02-12 17:10:03,2021-02-13 09:13:52,M->M,unknown,
参考消息,no_media,2021-02-13 09:13:52,2021-02-18 13:08:49,M->M,unknown,
参考消息,no_media,2021-02-18 13:08:49,2021-04-08 18:25:34,M->M,unknown,
参考消息,no_media,2021-04-08 18:25:34,2021-04-28 22:20:03,M->M,unknown,
参考消息,no_media,2021-04-28 22:20:03,2021-06-22 15:20:42,M->M,unknown,
参考消息,no_media,2021-06-22 15:20:42,2021-06-24 12:30:03,M->M,unknown,
参考消息,no_media,2021-06-24 12:30:03,2021-06-25 08:48:58,M->M,unknown,
参考消息,no_media,2021-06-25 08:48:58,2021-08-03 18:20:03,M->M,unknown,
参考消息,no_media,2021-08-03 18:20:03,2021-10-13 19:15:01,M->M,unknown,
参考消息,no_media,2021-10-13 19:15:01,2021-10-28 18:20:01,M->M,unknown,
参考消息,no_media,2021-10-28 18:20:01,2021-12-05 21:30:02,M->M,unknown,
参考消息,no_media,2021-12-05 21:30:02,2022-01-08 16:05:03,M->M,unknown,
参考消息,no_media,2022-01-08 16:05:03,2022-01-25 17:44:17,M->M,unknown,
参考消息,no_media,2022-01-25 17:44:17,2022-02-12 10:30:02,M->M,unknown,
参考消息,no_media,2022-02-12 10:30:02,2022-02-16 20:40:00,M->M,unknown,
参考消息,no_media,2022-02-16 20:40:00,2022-04-18 13:20:00,M->M,unknown,
参考消息,no_media,2022-04-18 13:20:00,2022-04-24 17:30:00,M->M,unknown,
参考消息,no_media,2022-04-24 17:30:00,2022-04-26 07:53:25,M->M,unknown,
参考消息,no_media,2022-04-26 07:53:25,2022-05-03 08:50:01,M->M,unknown,
参考消息,no_media,2022-05-03 08:50:01,2022-05-05 08:00:00,M->M,unknown,
参考消息,no_media,2022-05-05 08:00:00,2022-05-06 08:10:28,M->M,unknown,
参考消息,no_media,2022-05-06 08:10:28,2022-05-07 07:59:26,M->M,unknown,
参考消息,no_media,2022-05-07 07:59:26,2022-05-10 07:49:25,M->M,unknown,
参考消息,no_media,2022-05-10 07:49:25,2022-05-11 08:00:03,M->M,unknown,
参考消息,no_media,2022-05-11 08:00:03,2022-05-12 08:11:23,M->M,unknown,
参考消息,no_media,2022-05-12 08:11:23,2022-05-13 08:40:00,M->M,unknown,
参考消息,no_media,2022-05-13 08:40:00,2022-05-15 18:52:59,M->M,unknown,
参考消息,no_media,2022-05-15 18:52:59,2022-05-27 18:20:00,M->M,unknown,
参考消息,no_media,2022-05-27 18:20:00,2022-05-30 17:29:05,M->M,unknown,
参考消息,no_media,2022-05-30 17:29:05,2022-06-09 21:40:00,M->M,unknown,
参考消息,no_media,2022-06-09 21:40:00,2022-07-12 12:45:00,M->M,unknown,
参考消息,no_media,2022-07-12 12:45:00,2022-07-27 20:00:05,M->M,unknown,
参考消息,no_media,2022-07-27 20:00:05,2022-07-29 19:40:00,M->M,unknown,
参考消息,no_media,2022-07-29 19:40:00,2022-08-21 16:40:02,M->M,unknown,
参考消息,no_media,2022-08-21 16:40:02,2022-09-06 12:00:01,M->M,unknown,
参考消息,no_media,2022-09-06 12:00:01,2022-09-15 09:47:21,M->M,unknown,
参考消息,no_media,2022-09-15 09:47:21,2022-10-11 13:40:01,M->M,unknown,
参考消息,no_media,2022-10-11 13:40:01,2022-10-17 21:40:00,M->H,unknown,
参考消息,no_media,2022-10-17 21:40:00,2022-10-24 20:20:03,H->M,unknown,
参考消息,no_media,2022-10-24 20:20:03,2022-11-30 13:51:54,M->M,unknown,
参考消息,no_media,2022-11-30 13:51:54,2022-12-24 21:30:02,M->M,unknown,
参考消息,no_media,2022-12-24 21:30:02,2023-01-02 16:34:00,M->M,unknown,
参考消息,no_media,2023-01-02 16:34:00,2023-01-15 11:04:24,M->M,unknown,
参考消息,no_media,2023-01-15 11:04:24,2023-02-17 16:40:01,M->M,unknown,
参考消息,no_media,2023-02-17 16:40:01,2023-06-14 20:30:00,M->M,unknown,
参考消息,no_media,2023-06-14 20:30:00,2023-09-10 16:00:02,M->M,unknown,
参考消息,no_media,2023-09-10 16:00:02,2023-11-17 16:30:00,M->M,unknown,
参考消息,no_media,2023-11-17 16:30:00,2024-01-19 22:15:00,M->M,unknown,
参考消息,no_media,2024-01-19 22:15:00,2024-03-29 17:45:00,M->M,unknown,
又简单又趣闻的昵称,dual,2023-07-24 08:13:00,2023-07-29 08:19:00,M->L,unknown,
又简单又趣闻的昵称,dual,2023-07-29 08:19:00,2023-07-29 08:35:00,L->M,unknown,
又简单又趣闻的昵称,dual,2023-07-29 08:35:00,2023-08-11 16:39:00,M->H,unknown,
又简单又趣闻的昵称,dual,2023-08-11 16:39:00,2023-09-01 20:19:00,H->H,unknown,
又简单又趣闻的昵称,dual,2023-09-01 20:19:00,2023-09-02 05:03:00,H->M,unknown,
友成基金会,no_media,2018-01-17 13:12:12,2018-01-18 12:19:59,M->M,unknown,
双子幺幺儿,no_media,2023-01-21 16:48:00,2023-02-01 18:06:00,L->L,unknown,
双子幺幺儿,no_media,2023-02-01 18:06:00,2023-02-07 22:13:00,L->M,unknown,
双子幺幺儿,no_media,2023-02-07 22:13:00,2023-03-30 02:01:00,M->M,unknown,
句迷人,no_media,2023-02-11 16:27:00,2023-02-12 18:07:00,L->L,unknown,
句迷人,no_media,2023-02-12 18:07:00,2023-02-14 11:53:00,L->L,unknown,
句迷人,no_media,2023-02-14 11:53:00,2023-02-22 19:21:00,L->L,unknown,
可口可乐可甜可闲,no_media,2022-12-16 13:31:00,2022-12-18 12:45:00,L->M,unknown,
可口可乐可甜可闲,no_media,2022-12-18 12:45:00,2022-12-18 18:07:00,M->L,unknown,
可口可乐可甜可闲,no_media,2022-12-18 18:07:00,2022-12-19 22:15:00,L->M,unknown,
吁虞宇Yu_,no_media,2022-03-14 15:40:00,2022-03-14 15:48:00,L->M,unknown,
吃水蜜桃的胖桃,no_media,2022-12-26 14:17:00,2023-01-05 00:57:00,L->L,unknown,
吃货的小表情,no_media,2022-12-27 01:02:00,2023-01-01 08:03:00,L->M,unknown,
吃货的小表情,no_media,2023-01-01 08:03:00,2023-01-07 08:53:00,M->L,unknown,
各界导报社官微,no_media,2019-03-03 22:21:51,2020-04-19 23:20:58,M->M,unknown,
各界导报社官微,no_media,2020-04-19 23:20:58,2021-02-26 10:11:14,M->M,unknown,
各界导报社官微,no_media,2021-02-26 10:11:14,2021-04-13 10:54:56,M->M,unknown,
各界导报社官微,no_media,2021-04-13 10:54:56,2021-06-23 18:30:44,M->M,unknown,
各界导报社官微,no_media,2021-06-23 18:30:44,2021-07-24 09:33:55,M->M,unknown,
各界导报社官微,no_media,2021-07-24 09:33:55,2021-08-03 13:45:54,M->M,unknown,
各界导报社官微,no_media,2021-08-03 13:45:54,2021-11-07 20:28:34,M->M,unknown,
各界导报社官微,no_media,2021-11-07 20:28:34,2022-01-05 13:14:21,M->M,unknown,
各界导报社官微,no_media,2022-01-05 13:14:21,2022-01-07 14:55:01,M->M,unknown,
各界导报社官微,no_media,2022-01-07 14:55:01,2022-01-09 13:38:43,M->M,unknown,
各界导报社官微,no_media,2022-01-09 13:38:43,2022-01-10 17:28:10,M->M,unknown,
各界导报社官微,no_media,2022-01-10 17:28:10,2022-02-19 22:02:44,M->M,unknown,
各界导报社官微,no_media,2022-02-19 22:02:44,2022-03-14 13:12:00,M->M,unknown,
各界导报社官微,no_media,2022-03-14 13:12:00,2022-03-14 13:12:14,M->M,unknown,
各界导报社官微,no_media,2022-03-14 13:12:14,2022-04-04 14:16:09,M->M,unknown,
各界导报社官微,no_media,2022-04-04 14:16:09,2022-04-15 23:08:45,M->M,unknown,
各界导报社官微,no_media,2022-04-15 23:08:45,2022-04-17 08:12:54,M->M,unknown,
各界导报社官微,no_media,2022-04-17 08:12:54,2022-04-17 14:41:32,M->M,unknown,
各界导报社官微,no_media,2022-04-17 14:41:32,2022-04-18 12:46:45,M->M,unknown,
各界导报社官微,no_media,2022-04-18 12:46:45,2022-04-25 18:06:22,M->M,unknown,
各界导报社官微,no_media,2022-04-25 18:06:22,2022-05-04 08:42:15,M->M,unknown,
各界导报社官微,no_media,2022-05-04 08:42:15,2022-05-05 09:05:09,M->M,unknown,
各界导报社官微,no_media,2022-05-05 09:05:09,2022-05-07 08:37:15,M->M,unknown,
各界导报社官微,no_media,2022-05-07 08:37:15,2022-05-10 08:09:59,M->M,unknown,
各界导报社官微,no_media,2022-05-10 08:09:59,2022-05-12 12:55:40,M->M,unknown,
各界导报社官微,no_media,2022-05-12 12:55:40,2022-06-21 11:44:55,M->M,unknown,
各界导报社官微,no_media,2022-06-21 11:44:55,2022-07-09 17:09:17,M->M,unknown,
各界导报社官微,no_media,2022-07-09 17:09:17,2022-12-01 13:57:23,M->M,unknown,
各界导报社官微,no_media,2022-12-01 13:57:23,2022-12-06 14:45:57,M->M,unknown,
各界导报社官微,no_media,2022-12-06 14:45:57,2022-12-07 14:33:51,M->M,unknown,
各界导报社官微,no_media,2022-12-07 14:33:51,2022-12-08 11:28:41,M->M,unknown,
各界导报社官微,no_media,2022-12-08 11:28:41,2022-12-08 19:44:23,M->M,unknown,
各界导报社官微,no_media,2022-12-08 19:44:23,2022-12-08 21:07:45,M->M,unknown,
各界导报社官微,no_media,2022-12-08 21:07:45,2022-12-09 14:43:45,M->M,unknown,
各界导报社官微,no_media,2022-12-09 14:43:45,2022-12-10 22:22:45,M->M,unknown,
各界导报社官微,no_media,2022-12-10 22:22:45,2022-12-10 22:27:08,M->M,unknown,
各界导报社官微,no_media,2022-12-10 22:27:08,2022-12-11 09:57:32,M->M,unknown,
各界导报社官微,no_media,2022-12-11 09:57:32,2022-12-11 13:59:13,M->M,unknown,
各界导报社官微,no_media,2022-12-11 13:59:13,2022-12-13 15:17:12,M->M,unknown,
各界导报社官微,no_media,2022-12-13 15:17:12,2022-12-15 17:08:34,M->M,unknown,
各界导报社官微,no_media,2022-12-15 17:08:34,2022-12-15 19:11:22,M->M,unknown,
各界导报社官微,no_media,2022-12-15 19:11:22,2022-12-16 10:10:26,M->M,unknown,
各界导报社官微,no_media,2022-12-16 10:10:26,2022-12-17 13:55:05,M->M,unknown,
各界导报社官微,no_media,2022-12-17 13:55:05,2022-12-18 17:19:01,M->M,unknown,
各界导报社官微,no_media,2022-12-18 17:19:01,2022-12-18 20:34:14,M->M,unknown,
各界导报社官微,no_media,2022-12-18 20:34:14,2022-12-19 11:17:41,M->M,unknown,
各界导报社官微,no_media,2022-12-19 11:17:41,2022-12-21 19:55:16,M->M,unknown,
各界导报社官微,no_media,2022-12-21 19:55:16,2022-12-24 21:12:04,M->M,unknown,
各界导报社官微,no_media,2022-12-24 21:12:04,2022-12-24 23:10:09,M->M,unknown,
各界导报社官微,no_media,2022-12-24 23:10:09,2022-12-25 09:42:13,M->M,unknown,
各界导报社官微,no_media,2022-12-25 09:42:13,2022-12-31 12:30:03,M->M,unknown,
各界导报社官微,no_media,2022-12-31 12:30:03,2023-01-02 15:56:44,M->M,unknown,
各界导报社官微,no_media,2023-01-02 15:56:44,2023-01-02 17:21:16,M->M,unknown,
各界导报社官微,no_media,2023-01-02 17:21:16,2023-01-09 21:11:28,M->M,unknown,
各界导报社官微,no_media,2023-01-09 21:11:28,2023-01-12 18:20:45,M->M,unknown,
各界导报社官微,no_media,2023-01-12 18:20:45,2023-01-13 21:36:41,M->M,unknown,
各界导报社官微,no_media,2023-01-13 21:36:41,2023-01-13 22:11:07,M->M,unknown,
各界导报社官微,no_media,2023-01-13 22:11:07,2023-01-16 12:28:01,M->M,unknown,
各界导报社官微,no_media,2023-01-16 12:28:01,2023-02-12 15:16:19,M->M,unknown,
各界导报社官微,no_media,2023-02-12 15:16:19,2023-06-02 13:24:43,M->M,unknown,
各界导报社官微,no_media,2023-06-02 13:24:43,2023-12-24 21:36:17,M->M,unknown,
各界导报社官微,no_media,2023-12-24 21:36:17,2024-03-11 16:19:33,M->M,unknown,
合肥反邪教,mainstream_only,2020-02-17 16:19:36,2020-03-01 19:50:48,M->M,unknown,
合肥反邪教,mainstream_only,2020-03-01 19:50:48,2020-03-23 11:43:00,M->M,norisk,0.0
合肥反邪教,mainstream_only,2020-03-23 11:43:00,2021-02-20 18:07:03,M->M,unknown,
合肥反邪教,mainstream_only,2021-02-20 18:07:03,2021-02-20 20:30:03,M->M,unknown,
合肥反邪教,mainstream_only,2021-02-20 20:30:03,2021-04-10 10:08:03,M->M,unknown,
合肥反邪教,mainstream_only,2021-04-10 10:08:03,2021-04-13 10:04:31,M->M,unknown,
合肥反邪教,mainstream_only,2021-04-13 10:04:31,2022-01-08 20:19:54,M->M,risk,1.0
合肥反邪教,mainstream_only,2022-01-08 20:19:54,2022-04-06 10:24:37,M->M,unknown,
合肥反邪教,mainstream_only,2022-04-06 10:24:37,2022-12-12 11:04:01,M->M,unknown,
合肥反邪教,mainstream_only,2022-12-12 11:04:01,2022-12-17 09:33:00,M->M,unknown,
合肥在线,no_media,2020-02-09 08:42:01,2020-02-10 09:17:46,M->M,unknown,
合肥在线,no_media,2020-02-10 09:17:46,2020-02-15 08:39:43,M->M,unknown,
合肥在线,no_media,2020-02-15 08:39:43,2020-02-16 10:10:25,M->M,unknown,
合肥在线,no_media,2020-02-16 10:10:25,2020-02-24 15:05:25,M->M,unknown,
合肥在线,no_media,2020-02-24 15:05:25,2020-03-03 10:22:12,M->M,unknown,
合肥在线,no_media,2020-03-03 10:22:12,2020-04-23 19:49:30,M->M,unknown,
合肥在线,no_media,2020-04-23 19:49:30,2020-04-29 20:03:03,M->M,unknown,
合肥在线,no_media,2020-04-29 20:03:03,2020-05-20 14:43:10,M->M,unknown,
合肥在线,no_media,2020-05-20 14:43:10,2021-03-17 10:06:34,M->M,unknown,
合肥在线,no_media,2021-03-17 10:06:34,2021-09-12 19:45:39,M->M,unknown,
合肥在线,no_media,2021-09-12 19:45:39,2021-11-27 10:50:00,M->M,unknown,
合肥在线,no_media,2021-11-27 10:50:00,2022-07-03 08:13:45,M->M,unknown,
合肥在线,no_media,2022-07-03 08:13:45,2022-11-29 14:59:30,M->M,unknown,
合肥在线,no_media,2022-11-29 14:59:30,2022-12-04 23:34:40,M->M,unknown,
合肥在线,no_media,2022-12-04 23:34:40,2022-12-16 10:08:16,M->M,unknown,
合肥在线,no_media,2022-12-16 10:08:16,2022-12-20 13:49:00,M->M,unknown,
合肥在线,no_media,2022-12-20 13:49:00,2023-01-02 19:33:05,M->M,unknown,
合肥在线,no_media,2023-01-02 19:33:05,2023-01-18 17:27:57,M->M,unknown,
合肥在线,no_media,2023-01-18 17:27:57,2023-01-21 12:44:20,M->M,unknown,
合肥在线,no_media,2023-01-21 12:44:20,2023-03-01 10:00:00,M->M,unknown,
合肥日报,no_media,2020-02-09 08:53:54,2020-02-10 09:15:47,M->M,unknown,
合肥日报,no_media,2020-02-10 09:15:47,2020-02-16 10:22:03,M->M,unknown,
合肥日报,no_media,2020-02-16 10:22:03,2020-04-09 10:24:34,M->M,unknown,
合肥日报,no_media,2020-04-09 10:24:34,2020-04-23 15:30:28,M->M,unknown,
合肥日报,no_media,2020-04-23 15:30:28,2021-05-28 10:49:37,M->M,unknown,
合肥日报,no_media,2021-05-28 10:49:37,2021-08-18 22:26:41,M->M,unknown,
合肥日报,no_media,2021-08-18 22:26:41,2021-09-13 08:04:40,M->M,unknown,
合肥日报,no_media,2021-09-13 08:04:40,2022-10-31 13:01:58,M->M,unknown,
合肥日报,no_media,2022-10-31 13:01:58,2022-12-06 15:35:11,M->M,unknown,
合肥日报,no_media,2022-12-06 15:35:11,2022-12-07 13:34:14,M->M,unknown,
合肥日报,no_media,2022-12-07 13:34:14,2022-12-15 17:28:43,M->M,unknown,
合肥日报,no_media,2022-12-15 17:28:43,2023-01-10 12:50:23,M->M,unknown,
合肥日报,no_media,2023-01-10 12:50:23,2023-02-01 09:59:22,M->M,unknown,
合肥日报,no_media,2023-02-01 09:59:22,2023-04-28 17:47:49,M->M,unknown,
合肥晚报,no_media,2020-02-09 08:49:46,2020-02-10 11:00:40,M->M,unknown,
合肥晚报,no_media,2020-02-10 11:00:40,2020-02-11 18:11:42,M->M,unknown,
合肥晚报,no_media,2020-02-11 18:11:42,2020-02-15 09:30:20,M->M,unknown,
合肥晚报,no_media,2020-02-15 09:30:20,2020-02-16 10:15:25,M->M,unknown,
合肥晚报,no_media,2020-02-16 10:15:25,2020-02-20 08:07:00,M->M,unknown,
合肥晚报,no_media,2020-02-20 08:07:00,2020-03-05 09:43:06,M->M,unknown,
合肥晚报,no_media,2020-03-05 09:43:06,2020-03-10 11:55:22,M->M,unknown,
合肥晚报,no_media,2020-03-10 11:55:22,2020-09-10 11:20:39,M->M,unknown,
合肥晚报,no_media,2020-09-10 11:20:39,2020-10-13 16:15:43,M->M,unknown,
合肥晚报,no_media,2020-10-13 16:15:43,2021-08-18 22:28:56,M->M,unknown,
合肥晚报,no_media,2021-08-18 22:28:56,2021-08-24 10:58:08,M->M,unknown,
合肥晚报,no_media,2021-08-24 10:58:08,2021-09-12 19:53:31,M->M,unknown,
合肥晚报,no_media,2021-09-12 19:53:31,2022-03-17 17:24:24,M->M,unknown,
合肥晚报,no_media,2022-03-17 17:24:24,2022-03-23 16:10:30,M->M,unknown,
合肥晚报,no_media,2022-03-23 16:10:30,2022-05-09 16:22:55,M->M,unknown,
合肥晚报,no_media,2022-05-09 16:22:55,2022-11-21 20:10:45,M->M,unknown,
合肥晚报,no_media,2022-11-21 20:10:45,2022-11-29 15:23:41,M->M,unknown,
合肥晚报,no_media,2022-11-29 15:23:41,2022-12-19 09:21:18,M->M,unknown,
合肥晚报,no_media,2022-12-19 09:21:18,2022-12-20 12:14:19,M->M,unknown,
合肥晚报,no_media,2022-12-20 12:14:19,2022-12-22 15:47:57,M->M,unknown,
合肥晚报,no_media,2022-12-22 15:47:57,2023-02-13 15:44:29,M->M,unknown,
合肥晚报,no_media,2023-02-13 15:44:29,2023-12-20 16:07:36,M->M,unknown,
吉传铁的微博,no_media,2023-08-04 20:50:00,2023-11-10 14:51:00,M->M,unknown,
吉星高照-lucky,mainstream_only,2023-07-23 10:45:00,2023-08-24 06:05:00,M->M,unknown,
吉林市发布,no_media,2021-03-18 12:20:03,2021-08-22 17:30:03,M->M,unknown,
吉林市发布,no_media,2021-08-22 17:30:03,2021-08-24 12:30:03,M->M,unknown,
吉林市发布,no_media,2021-08-24 12:30:03,2021-08-25 13:38:03,M->M,unknown,
吉林市发布,no_media,2021-08-25 13:38:03,2021-09-08 15:21:03,M->M,unknown,
吉林市发布,no_media,2021-09-08 15:21:03,2021-09-17 15:30:03,M->M,unknown,
吉林市发布,no_media,2021-09-17 15:30:03,2021-10-19 18:55:00,M->M,unknown,
吉林市发布,no_media,2021-10-19 18:55:00,2021-10-24 16:21:00,M->M,unknown,
吉林市发布,no_media,2021-10-24 16:21:00,2021-10-26 12:55:01,M->M,unknown,
吉林市发布,no_media,2021-10-26 12:55:01,2021-10-27 15:58:00,M->M,unknown,
吉林市发布,no_media,2021-10-27 15:58:00,2021-12-03 13:20:00,M->M,unknown,
吉林市发布,no_media,2021-12-03 13:20:00,2021-12-08 17:25:00,M->M,unknown,
吉林市发布,no_media,2021-12-08 17:25:00,2021-12-14 15:16:00,M->M,unknown,
吉林市发布,no_media,2021-12-14 15:16:00,2021-12-20 20:20:01,M->M,unknown,
吉林市发布,no_media,2021-12-20 20:20:01,2021-12-20 20:40:00,M->M,unknown,
吉林市发布,no_media,2021-12-20 20:40:00,2022-01-01 20:20:00,M->M,unknown,
吉林市发布,no_media,2022-01-01 20:20:00,2022-02-09 19:17:02,M->M,unknown,
吉林市发布,no_media,2022-02-09 19:17:02,2022-03-15 15:32:47,M->M,unknown,
吉林市发布,no_media,2022-03-15 15:32:47,2022-03-24 15:43:55,M->M,unknown,
吉林市发布,no_media,2022-03-24 15:43:55,2022-04-01 16:09:24,M->M,unknown,
吉林市发布,no_media,2022-04-01 16:09:24,2022-04-05 16:17:32,M->M,unknown,
吉林市发布,no_media,2022-04-05 16:17:32,2022-04-07 16:39:59,M->M,unknown,
吉林市发布,no_media,2022-04-07 16:39:59,2022-04-11 15:20:00,M->M,unknown,
吉林市发布,no_media,2022-04-11 15:20:00,2022-04-19 15:27:00,M->M,unknown,
吉林市发布,no_media,2022-04-19 15:27:00,2022-04-20 15:59:52,M->M,unknown,
吉林市发布,no_media,2022-04-20 15:59:52,2022-04-20 16:02:49,M->M,unknown,
吉林市发布,no_media,2022-04-20 16:02:49,2022-04-24 21:30:03,M->M,unknown,
吉林市发布,no_media,2022-04-24 21:30:03,2022-04-25 15:44:00,M->M,unknown,
吉林市发布,no_media,2022-04-25 15:44:00,2022-05-16 17:17:05,M->M,unknown,
吉林市发布,no_media,2022-05-16 17:17:05,2022-05-17 17:49:19,M->M,unknown,
吉林市发布,no_media,2022-05-17 17:49:19,2022-05-18 21:15:01,M->M,unknown,
吉林市发布,no_media,2022-05-18 21:15:01,2022-05-29 13:10:00,M->M,unknown,
吉林市发布,no_media,2022-05-29 13:10:00,2022-07-23 13:11:00,M->M,unknown,
吉林市发布,no_media,2022-07-23 13:11:00,2022-08-20 18:46:01,M->M,unknown,
吉林市发布,no_media,2022-08-20 18:46:01,2022-12-16 17:30:02,M->M,unknown,
吉林市发布,no_media,2022-12-16 17:30:02,2022-12-18 12:11:00,M->M,unknown,
吉林市发布,no_media,2022-12-18 12:11:00,2022-12-27 13:00:00,M->M,unknown,
吉林市发布,no_media,2022-12-27 13:00:00,2022-12-27 17:00:05,M->M,unknown,
吉林市发布,no_media,2022-12-27 17:00:05,2022-12-30 13:00:01,M->M,unknown,
吉林市发布,no_media,2022-12-30 13:00:01,2022-12-31 19:00:01,M->M,unknown,
吉林市发布,no_media,2022-12-31 19:00:01,2023-01-11 15:04:48,M->M,unknown,
吉林市发布,no_media,2023-01-11 15:04:48,2023-01-15 19:47:00,M->M,unknown,
吉林市发布,no_media,2023-01-15 19:47:00,2023-02-11 16:30:02,M->M,unknown,
吉林市发布,no_media,2023-02-11 16:30:02,2023-02-22 19:47:00,M->M,unknown,
吉林市发布,no_media,2023-02-22 19:47:00,2023-02-27 19:47:00,M->M,unknown,
吉林市发布,no_media,2023-02-27 19:47:00,2023-05-27 09:26:00,M->M,unknown,
吉林市发布,no_media,2023-05-27 09:26:00,2023-10-23 15:31:00,M->M,unknown,
吉林市发布,no_media,2023-10-23 15:31:00,2023-12-11 09:40:00,M->M,unknown,
吉林日报,no_media,2020-02-15 08:24:05,2020-02-20 07:51:54,M->M,unknown,
吉林日报,no_media,2020-02-20 07:51:54,2020-02-29 11:27:03,M->M,unknown,
吉林日报,no_media,2020-02-29 11:27:03,2020-03-05 20:22:50,M->M,unknown,
吉林日报,no_media,2020-03-05 20:22:50,2020-03-18 17:33:26,M->M,unknown,
吉林日报,no_media,2020-03-18 17:33:26,2020-04-12 11:54:18,M->M,unknown,
吉林日报,no_media,2020-04-12 11:54:18,2020-09-11 16:00:04,M->M,unknown,
吉林日报,no_media,2020-09-11 16:00:04,2021-06-04 16:00:00,M->M,unknown,
吉林日报,no_media,2021-06-04 16:00:00,2022-01-01 11:10:01,M->M,unknown,
吉林日报,no_media,2022-01-01 11:10:01,2022-01-08 21:15:29,M->M,unknown,
吉林日报,no_media,2022-01-08 21:15:29,2022-12-09 15:44:17,M->M,unknown,
吉林日报,no_media,2022-12-09 15:44:17,2022-12-15 18:01:35,M->M,unknown,
吉林日报,no_media,2022-12-15 18:01:35,2022-12-16 14:40:00,M->M,unknown,
吉林日报,no_media,2022-12-16 14:40:00,2023-01-18 16:22:23,M->M,unknown,
吉林日报,no_media,2023-01-18 16:22:23,2023-03-01 09:55:00,M->M,unknown,
吉林日报,no_media,2023-03-01 09:55:00,2023-05-28 10:27:17,M->M,unknown,
同有三和中医周医生,no_media,2023-01-18 17:37:00,2023-01-24 14:14:00,M->M,unknown,
同有三和中医周医生,no_media,2023-01-24 14:14:00,2023-01-28 17:22:00,M->M,unknown,
含雪love,no_media,2023-01-09 17:49:00,2023-01-09 17:49:00,M->M,unknown,
含雪love,no_media,2023-01-09 17:49:00,2023-01-11 11:24:00,M->L,unknown,
含雪love,no_media,2023-01-11 11:24:00,2023-01-17 07:58:00,L->M,unknown,
听不动你说什么,no_media,2022-12-31 18:54:00,2023-01-06 21:46:00,L->L,unknown,
听不动你说什么,no_media,2023-01-06 21:46:00,2023-01-14 13:04:00,L->L,unknown,
听不动你说什么,no_media,2023-01-14 13:04:00,2023-01-19 10:38:00,L->L,unknown,
听不动你说什么,no_media,2023-01-19 10:38:00,2023-04-10 19:29:00,L->M,unknown,
听中国,no_media,2020-02-20 10:41:58,2020-02-26 12:50:03,M->M,unknown,
听中国,no_media,2020-02-26 12:50:03,2020-04-23 15:38:34,M->M,unknown,
听中国,no_media,2020-04-23 15:38:34,2020-07-28 19:47:22,M->M,unknown,
听中国,no_media,2020-07-28 19:47:22,2020-12-24 08:49:03,M->M,unknown,
听中国,no_media,2020-12-24 08:49:03,2021-02-02 09:45:54,M->M,unknown,
听中国,no_media,2021-02-02 09:45:54,2021-03-15 09:54:58,M->M,unknown,
听中国,no_media,2021-03-15 09:54:58,2021-07-27 14:23:03,M->M,unknown,
听中国,no_media,2021-07-27 14:23:03,2021-08-02 10:51:23,M->M,unknown,
听中国,no_media,2021-08-02 10:51:23,2022-04-19 07:53:46,M->M,unknown,
听中国,no_media,2022-04-19 07:53:46,2022-04-23 07:52:18,M->M,unknown,
听中国,no_media,2022-04-23 07:52:18,2022-04-24 07:53:55,M->M,unknown,
听中国,no_media,2022-04-24 07:53:55,2022-04-25 08:00:58,M->M,unknown,
听中国,no_media,2022-04-25 08:00:58,2022-04-26 07:54:33,M->M,unknown,
听中国,no_media,2022-04-26 07:54:33,2022-04-27 07:52:15,M->M,unknown,
听中国,no_media,2022-04-27 07:52:15,2022-04-28 07:53:16,M->M,unknown,
听中国,no_media,2022-04-28 07:53:16,2022-04-29 07:53:56,M->M,unknown,
听中国,no_media,2022-04-29 07:53:56,2022-04-30 07:54:37,M->M,unknown,
听中国,no_media,2022-04-30 07:54:37,2022-05-03 07:51:57,M->M,unknown,
听中国,no_media,2022-05-03 07:51:57,2022-05-04 07:50:13,M->M,unknown,
听中国,no_media,2022-05-04 07:50:13,2022-05-07 07:56:53,M->M,unknown,
听中国,no_media,2022-05-07 07:56:53,2022-05-08 08:01:15,M->M,unknown,
听中国,no_media,2022-05-08 08:01:15,2022-05-10 08:01:43,M->M,unknown,
听中国,no_media,2022-05-10 08:01:43,2022-05-11 07:49:40,M->M,unknown,
听中国,no_media,2022-05-11 07:49:40,2022-05-12 07:50:53,M->M,unknown,
听中国,no_media,2022-05-12 07:50:53,2022-05-15 07:51:13,M->M,unknown,
听中国,no_media,2022-05-15 07:51:13,2022-05-16 07:46:01,M->M,unknown,
听中国,no_media,2022-05-16 07:46:01,2022-05-24 07:48:20,M->M,unknown,
听中国,no_media,2022-05-24 07:48:20,2022-11-18 12:32:02,M->M,unknown,
听中国,no_media,2022-11-18 12:32:02,2022-11-25 19:43:05,M->M,unknown,
听中国,no_media,2022-11-25 19:43:05,2022-12-11 08:50:02,M->M,unknown,
听中国,no_media,2022-12-11 08:50:02,2023-01-02 09:11:00,M->M,unknown,
听中国,no_media,2023-01-02 09:11:00,2023-01-06 21:46:00,M->M,unknown,
听中国,no_media,2023-01-06 21:46:00,2023-01-09 18:33:00,M->M,unknown,
听中国,no_media,2023-01-09 18:33:00,2023-01-13 21:47:16,M->M,unknown,
听中国,no_media,2023-01-13 21:47:16,2023-01-18 15:19:52,M->M,unknown,
听中国,no_media,2023-01-18 15:19:52,2023-03-01 09:29:50,M->M,unknown,
听中国,no_media,2023-03-01 09:29:50,2024-01-14 15:13:16,M->M,unknown,
吴门医派小法师,no_media,2023-04-19 20:56:00,2023-06-17 12:34:00,M->M,unknown,
吹干脑子里的水,no_media,2023-10-25 00:02:00,2023-10-25 00:06:00,H->L,unknown,
周到上海,no_media,2022-04-28 10:10:34,2022-04-29 10:28:31,M->M,unknown,
周到上海,no_media,2022-04-29 10:28:31,2022-04-30 10:11:35,M->M,unknown,
周到上海,no_media,2022-04-30 10:11:35,2022-05-01 10:22:07,M->M,unknown,
周到上海,no_media,2022-05-01 10:22:07,2022-05-02 10:24:13,M->M,unknown,
周到上海,no_media,2022-05-02 10:24:13,2022-05-04 10:18:06,M->M,unknown,
周到上海,no_media,2022-05-04 10:18:06,2022-05-05 10:17:44,M->M,unknown,
周到上海,no_media,2022-05-05 10:17:44,2022-05-06 10:25:32,M->M,unknown,
周到上海,no_media,2022-05-06 10:25:32,2022-05-07 10:23:02,M->M,unknown,
周到上海,no_media,2022-05-07 10:23:02,2022-05-08 10:14:51,M->M,unknown,
周到上海,no_media,2022-05-08 10:14:51,2022-05-09 10:20:41,M->M,unknown,
周到上海,no_media,2022-05-09 10:20:41,2022-05-10 10:23:00,M->M,unknown,
周到上海,no_media,2022-05-10 10:23:00,2022-05-11 10:11:18,M->M,unknown,
周到上海,no_media,2022-05-11 10:11:18,2022-05-11 10:47:50,M->M,unknown,
周到上海,no_media,2022-05-11 10:47:50,2022-05-12 10:12:57,M->M,unknown,
周到上海,no_media,2022-05-12 10:12:57,2022-05-13 10:19:59,M->M,unknown,
周到上海,no_media,2022-05-13 10:19:59,2022-05-14 10:13:37,M->M,unknown,
周到上海,no_media,2022-05-14 10:13:37,2022-05-15 10:19:04,M->M,unknown,
周到上海,no_media,2022-05-15 10:19:04,2022-05-16 10:28:07,M->M,unknown,
周到上海,no_media,2022-05-16 10:28:07,2022-05-16 10:47:54,M->M,unknown,
周到上海,no_media,2022-05-16 10:47:54,2022-05-18 10:10:03,M->M,unknown,
周到上海,no_media,2022-05-18 10:10:03,2022-05-22 10:13:09,M->M,unknown,
周到上海,no_media,2022-05-22 10:13:09,2022-05-24 10:13:23,M->M,unknown,
周到上海,no_media,2022-05-24 10:13:23,2022-05-26 10:07:50,M->M,unknown,
周到上海,no_media,2022-05-26 10:07:50,2022-06-26 18:33:57,M->M,unknown,
周到上海,no_media,2022-06-26 18:33:57,2022-07-25 18:03:11,M->M,unknown,
周到上海,no_media,2022-07-25 18:03:11,2022-07-28 12:30:00,M->M,unknown,
周到上海,no_media,2022-07-28 12:30:00,2022-09-06 14:22:02,M->M,unknown,
周到上海,no_media,2022-09-06 14:22:02,2022-10-08 17:12:58,M->M,unknown,
周到上海,no_media,2022-10-08 17:12:58,2022-11-29 16:22:23,M->M,unknown,
周到上海,no_media,2022-11-29 16:22:23,2022-12-02 12:00:03,M->M,unknown,
周到上海,no_media,2022-12-02 12:00:03,2022-12-04 11:57:00,M->M,unknown,
周到上海,no_media,2022-12-04 11:57:00,2022-12-05 08:55:00,M->M,unknown,
周到上海,no_media,2022-12-05 08:55:00,2022-12-05 10:48:03,M->M,unknown,
周到上海,no_media,2022-12-05 10:48:03,2022-12-07 13:41:08,M->M,unknown,
周到上海,no_media,2022-12-07 13:41:08,2022-12-08 08:43:10,M->M,unknown,
周到上海,no_media,2022-12-08 08:43:10,2022-12-08 14:31:31,M->M,unknown,
周到上海,no_media,2022-12-08 14:31:31,2022-12-09 10:35:58,M->M,unknown,
周到上海,no_media,2022-12-09 10:35:58,2022-12-09 11:00:01,M->M,unknown,
周到上海,no_media,2022-12-09 11:00:01,2022-12-10 12:20:01,M->M,unknown,
周到上海,no_media,2022-12-10 12:20:01,2022-12-15 14:19:00,M->M,unknown,
周到上海,no_media,2022-12-15 14:19:00,2022-12-15 16:25:20,M->M,unknown,
周到上海,no_media,2022-12-15 16:25:20,2022-12-16 16:58:02,M->M,unknown,
周到上海,no_media,2022-12-16 16:58:02,2022-12-17 12:15:00,M->M,unknown,
周到上海,no_media,2022-12-17 12:15:00,2022-12-19 11:30:00,M->M,unknown,
周到上海,no_media,2022-12-19 11:30:00,2022-12-30 16:42:25,M->M,unknown,
周到上海,no_media,2022-12-30 16:42:25,2023-01-02 09:03:15,M->M,unknown,
周到上海,no_media,2023-01-02 09:03:15,2023-01-02 17:58:31,M->M,unknown,
周到上海,no_media,2023-01-02 17:58:31,2023-01-04 10:46:04,M->M,unknown,
周到上海,no_media,2023-01-04 10:46:04,2023-01-08 16:52:00,M->M,unknown,
周到上海,no_media,2023-01-08 16:52:00,2023-01-12 21:40:54,M->M,unknown,
周到上海,no_media,2023-01-12 21:40:54,2023-01-17 19:28:34,M->M,unknown,
周到上海,no_media,2023-01-17 19:28:34,2023-01-21 11:40:59,M->M,unknown,
周口日报,no_media,2020-02-27 21:36:39,2020-04-23 15:35:44,M->M,unknown,
周口日报,no_media,2020-04-23 15:35:44,2022-12-22 11:25:06,M->M,unknown,
周口日报,no_media,2022-12-22 11:25:06,2023-01-06 17:49:19,M->M,unknown,
周口日报,no_media,2023-01-06 17:49:19,2023-01-13 21:25:01,M->M,unknown,
周口日报,no_media,2023-01-13 21:25:01,2023-01-15 11:20:22,M->M,unknown,
周口日报,no_media,2023-01-15 11:20:22,2023-01-18 16:04:58,M->M,unknown,
周口日报,no_media,2023-01-18 16:04:58,2023-05-22 13:08:12,M->M,unknown,
周口晚报zkwb,no_media,2020-03-18 17:40:13,2020-09-09 21:30:28,M->M,unknown,
周口晚报zkwb,no_media,2020-09-09 21:30:28,2021-02-20 16:08:17,M->M,unknown,
周口晚报zkwb,no_media,2021-02-20 16:08:17,2021-03-06 09:02:32,M->M,unknown,
周口晚报zkwb,no_media,2021-03-06 09:02:32,2021-08-03 13:46:04,M->M,unknown,
周口晚报zkwb,no_media,2021-08-03 13:46:04,2021-10-28 18:55:10,M->M,unknown,
周口晚报zkwb,no_media,2021-10-28 18:55:10,2022-01-08 17:07:46,M->M,unknown,
周口晚报zkwb,no_media,2022-01-08 17:07:46,2022-05-02 14:48:12,M->M,unknown,
周口晚报zkwb,no_media,2022-05-02 14:48:12,2022-05-03 15:10:47,M->M,unknown,
周口晚报zkwb,no_media,2022-05-03 15:10:47,2022-06-21 11:26:10,M->M,unknown,
周口晚报zkwb,no_media,2022-06-21 11:26:10,2022-12-05 20:07:34,M->M,unknown,
周口晚报zkwb,no_media,2022-12-05 20:07:34,2022-12-07 15:13:03,M->M,unknown,
周口晚报zkwb,no_media,2022-12-07 15:13:03,2022-12-08 09:42:37,M->M,unknown,
周口晚报zkwb,no_media,2022-12-08 09:42:37,2022-12-08 15:04:37,M->M,unknown,
周口晚报zkwb,no_media,2022-12-08 15:04:37,2022-12-08 15:04:41,M->M,unknown,
周口晚报zkwb,no_media,2022-12-08 15:04:41,2022-12-10 13:35:40,M->M,unknown,
周口晚报zkwb,no_media,2022-12-10 13:35:40,2022-12-19 18:30:20,M->M,unknown,
周口晚报zkwb,no_media,2022-12-19 18:30:20,2022-12-24 19:05:27,M->M,unknown,
周口晚报zkwb,no_media,2022-12-24 19:05:27,2022-12-25 09:47:22,M->M,unknown,
周口晚报zkwb,no_media,2022-12-25 09:47:22,2022-12-26 22:43:13,M->M,unknown,
周口晚报zkwb,no_media,2022-12-26 22:43:13,2022-12-27 08:54:21,M->M,unknown,
周口晚报zkwb,no_media,2022-12-27 08:54:21,2022-12-31 14:05:47,M->M,unknown,
周口晚报zkwb,no_media,2022-12-31 14:05:47,2023-01-01 20:48:57,M->M,unknown,
周口网信,no_media,2022-12-15 21:39:18,2023-03-24 15:59:31,M->M,unknown,
周易说,no_media,2022-03-14 13:44:00,2022-03-14 13:44:00,M->H,unknown,
周易说,no_media,2022-03-14 13:44:00,2022-03-14 13:45:00,H->M,unknown,
咕噜尼面包圈_小菲Fei,no_media,2023-01-16 11:57:00,2023-01-16 12:20:00,L->H,unknown,
咸宁新闻网,no_media,2020-04-26 16:55:10,2020-05-28 10:06:49,M->M,unknown,
咸宁新闻网,no_media,2020-05-28 10:06:49,2020-06-12 09:01:11,M->M,unknown,
咸宁新闻网,no_media,2020-06-12 09:01:11,2020-09-24 15:13:12,M->M,unknown,
咸宁新闻网,no_media,2020-09-24 15:13:12,2021-01-03 10:35:19,M->M,unknown,
咸宁新闻网,no_media,2021-01-03 10:35:19,2022-08-26 14:23:00,M->M,unknown,
咸宁新闻网,no_media,2022-08-26 14:23:00,2022-12-11 11:16:40,M->M,unknown,
咸阳日报,no_media,2020-04-02 16:36:44,2020-05-28 08:35:57,M->M,unknown,
咸阳日报,no_media,2020-05-28 08:35:57,2020-06-12 08:15:36,M->M,unknown,
咸阳日报,no_media,2020-06-12 08:15:36,2020-11-26 08:01:52,M->M,unknown,
咸阳日报,no_media,2020-11-26 08:01:52,2021-01-01 19:45:46,M->M,unknown,
咸阳日报,no_media,2021-01-01 19:45:46,2021-01-04 20:18:34,M->M,unknown,
咸阳日报,no_media,2021-01-04 20:18:34,2021-03-16 18:45:41,M->M,unknown,
咸阳日报,no_media,2021-03-16 18:45:41,2021-03-17 08:35:13,M->M,unknown,
咸阳日报,no_media,2021-03-17 08:35:13,2021-04-13 10:30:19,M->M,unknown,
咸阳日报,no_media,2021-04-13 10:30:19,2021-11-25 09:39:47,M->M,unknown,
咸阳日报,no_media,2021-11-25 09:39:47,2021-12-03 09:23:37,M->M,unknown,
咸阳日报,no_media,2021-12-03 09:23:37,2022-03-18 20:13:25,M->M,unknown,
咸阳日报,no_media,2022-03-18 20:13:25,2022-04-04 14:39:10,M->M,unknown,
咸阳日报,no_media,2022-04-04 14:39:10,2022-04-16 08:04:40,M->M,unknown,
咸阳日报,no_media,2022-04-16 08:04:40,2022-05-05 08:17:50,M->M,unknown,
咸阳日报,no_media,2022-05-05 08:17:50,2022-05-15 08:57:09,M->M,unknown,
咸阳日报,no_media,2022-05-15 08:57:09,2022-05-26 08:09:00,M->M,unknown,
咸阳日报,no_media,2022-05-26 08:09:00,2022-11-22 15:59:31,M->M,unknown,
咸阳日报,no_media,2022-11-22 15:59:31,2022-12-05 08:36:46,M->M,unknown,
咸阳日报,no_media,2022-12-05 08:36:46,2022-12-11 20:21:29,M->M,unknown,
咸阳日报,no_media,2022-12-11 20:21:29,2022-12-15 16:45:24,M->M,unknown,
咸阳日报,no_media,2022-12-15 16:45:24,2022-12-16 08:15:58,M->M,unknown,
咸阳日报,no_media,2022-12-16 08:15:58,2022-12-16 13:18:00,M->M,unknown,
咸阳日报,no_media,2022-12-16 13:18:00,2022-12-30 15:41:00,M->M,unknown,
咸阳日报,no_media,2022-12-30 15:41:00,2022-12-30 17:34:01,M->M,unknown,
咸阳日报,no_media,2022-12-30 17:34:01,2022-12-31 15:58:45,M->M,unknown,
咸阳日报,no_media,2022-12-31 15:58:45,2023-01-02 07:42:25,M->M,unknown,
咸阳日报,no_media,2023-01-02 07:42:25,2023-01-02 13:41:02,M->M,unknown,
咸阳日报,no_media,2023-01-02 13:41:02,2023-01-02 14:47:26,M->M,unknown,
咸阳日报,no_media,2023-01-02 14:47:26,2023-01-12 11:18:00,M->M,unknown,
咸阳日报,no_media,2023-01-12 11:18:00,2023-01-16 08:40:30,M->M,unknown,
咸阳日报,no_media,2023-01-16 08:40:30,2023-03-03 09:35:28,M->M,unknown,
咸阳日报,no_media,2023-03-03 09:35:28,2023-12-31 15:08:26,M->M,unknown,
咸阳检察,mainstream_only,2020-04-02 16:37:33,2020-04-15 08:45:17,M->M,unknown,
咸阳检察,mainstream_only,2020-04-15 08:45:17,2020-04-23 19:38:16,M->M,unknown,
咸阳检察,mainstream_only,2020-04-23 19:38:16,2020-05-28 09:24:58,M->M,unknown,
咸阳检察,mainstream_only,2020-05-28 09:24:58,2020-06-12 09:16:16,M->M,unknown,
咸阳检察,mainstream_only,2020-06-12 09:16:16,2021-03-17 13:39:00,M->M,unknown,
咸阳检察,mainstream_only,2021-03-17 13:39:00,2021-04-06 15:37:06,M->M,unknown,
咸阳检察,mainstream_only,2021-04-06 15:37:06,2021-10-28 15:40:50,M->M,unknown,
咸阳检察,mainstream_only,2021-10-28 15:40:50,2022-04-06 08:56:37,M->M,unknown,
咸阳检察,mainstream_only,2022-04-06 08:56:37,2022-11-03 15:12:35,M->M,unknown,
咸阳检察,mainstream_only,2022-11-03 15:12:35,2022-12-01 11:24:03,M->M,unknown,
咸阳检察,mainstream_only,2022-12-01 11:24:03,2022-12-05 11:17:13,M->M,unknown,
咸阳检察,mainstream_only,2022-12-05 11:17:13,2022-12-07 09:43:05,M->M,unknown,
咸阳检察,mainstream_only,2022-12-07 09:43:05,2022-12-07 14:57:31,M->M,norisk,0.0
咸阳检察,mainstream_only,2022-12-07 14:57:31,2022-12-09 14:28:04,M->M,norisk,0.0
咸阳检察,mainstream_only,2022-12-09 14:28:04,2022-12-15 16:33:37,M->M,unknown,
咸阳检察,mainstream_only,2022-12-15 16:33:37,2022-12-15 16:45:43,M->M,norisk,0.0
咸阳检察,mainstream_only,2022-12-15 16:45:43,2022-12-27 10:46:51,M->M,norisk,0.0
咸阳检察,mainstream_only,2022-12-27 10:46:51,2022-12-27 15:16:46,M->M,unknown,
咸阳检察,mainstream_only,2022-12-27 15:16:46,2023-01-03 11:44:59,M->M,unknown,
哈勃观察员,no_media,2022-11-02 12:29:00,2023-08-23 15:14:00,M->M,unknown,
哈尔滨日报,no_media,2020-02-21 12:58:14,2020-03-01 10:21:22,M->M,unknown,
哈尔滨日报,no_media,2020-03-01 10:21:22,2020-03-15 09:21:59,M->M,unknown,
哈尔滨日报,no_media,2020-03-15 09:21:59,2020-03-26 21:24:47,M->M,unknown,
哈尔滨日报,no_media,2020-03-26 21:24:47,2020-11-25 11:56:22,M->M,unknown,
哈尔滨日报,no_media,2020-11-25 11:56:22,2021-02-08 23:03:20,M->M,unknown,
哈尔滨日报,no_media,2021-02-08 23:03:20,2021-02-13 17:25:10,M->M,unknown,
哈尔滨日报,no_media,2021-02-13 17:25:10,2021-03-27 22:09:10,M->M,unknown,
哈尔滨日报,no_media,2021-03-27 22:09:10,2021-06-12 08:59:01,M->M,unknown,
哈尔滨日报,no_media,2021-06-12 08:59:01,2021-10-19 16:34:53,M->M,unknown,
哈尔滨日报,no_media,2021-10-19 16:34:53,2021-10-20 17:35:57,M->M,unknown,
哈尔滨日报,no_media,2021-10-20 17:35:57,2021-10-24 10:09:44,M->M,unknown,
哈尔滨日报,no_media,2021-10-24 10:09:44,2021-10-24 10:11:18,M->M,unknown,
哈尔滨日报,no_media,2021-10-24 10:11:18,2021-10-29 21:48:13,M->M,unknown,
哈尔滨日报,no_media,2021-10-29 21:48:13,2021-12-23 14:05:31,M->M,unknown,
哈尔滨日报,no_media,2021-12-23 14:05:31,2021-12-29 15:59:44,M->M,unknown,
哈尔滨日报,no_media,2021-12-29 15:59:44,2021-12-29 21:00:01,M->M,unknown,
哈尔滨日报,no_media,2021-12-29 21:00:01,2021-12-31 10:15:19,M->M,unknown,
哈尔滨日报,no_media,2021-12-31 10:15:19,2022-02-20 10:36:54,M->M,unknown,
哈尔滨日报,no_media,2022-02-20 10:36:54,2022-03-10 15:01:17,M->M,unknown,
哈尔滨日报,no_media,2022-03-10 15:01:17,2022-03-14 09:24:19,M->M,unknown,
哈尔滨日报,no_media,2022-03-14 09:24:19,2022-04-10 11:10:04,M->M,unknown,
哈尔滨日报,no_media,2022-04-10 11:10:04,2022-04-14 16:13:41,M->M,unknown,
哈尔滨日报,no_media,2022-04-14 16:13:41,2022-04-29 10:42:12,M->M,unknown,
哈尔滨日报,no_media,2022-04-29 10:42:12,2022-05-29 14:05:48,M->M,unknown,
哈尔滨日报,no_media,2022-05-29 14:05:48,2022-06-01 18:32:23,M->M,unknown,
哈尔滨日报,no_media,2022-06-01 18:32:23,2022-06-14 10:12:51,M->M,unknown,
哈尔滨日报,no_media,2022-06-14 10:12:51,2022-06-20 12:08:54,M->M,unknown,
哈尔滨日报,no_media,2022-06-20 12:08:54,2022-07-01 11:34:52,M->M,unknown,
哈尔滨日报,no_media,2022-07-01 11:34:52,2022-07-08 10:47:18,M->M,unknown,
哈尔滨日报,no_media,2022-07-08 10:47:18,2022-07-19 18:50:50,M->M,unknown,
哈尔滨日报,no_media,2022-07-19 18:50:50,2022-09-27 15:28:31,M->M,unknown,
哈尔滨日报,no_media,2022-09-27 15:28:31,2022-10-28 09:53:03,M->M,unknown,
哈尔滨日报,no_media,2022-10-28 09:53:03,2022-12-17 13:11:53,M->M,unknown,
哈尔滨日报,no_media,2022-12-17 13:11:53,2023-02-10 12:34:24,M->M,unknown,
哈尔滨铁路,no_media,2021-04-09 16:52:33,2021-04-13 11:58:20,M->M,unknown,
哈尔滨铁路,no_media,2021-04-13 11:58:20,2021-11-25 10:01:28,M->M,unknown,
哈尔滨铁路,no_media,2021-11-25 10:01:28,2022-01-01 17:57:47,M->M,unknown,
哈尔滨铁路,no_media,2022-01-01 17:57:47,2022-04-04 12:48:59,M->M,unknown,
哈尔滨铁路,no_media,2022-04-04 12:48:59,2022-04-17 15:14:51,M->M,unknown,
哈尔滨铁路,no_media,2022-04-17 15:14:51,2022-04-19 17:51:17,M->M,unknown,
哈尔滨铁路,no_media,2022-04-19 17:51:17,2022-05-03 15:09:24,M->M,unknown,
哈尔滨铁路,no_media,2022-05-03 15:09:24,2022-05-26 08:53:51,M->M,unknown,
哈尔滨铁路,no_media,2022-05-26 08:53:51,2022-12-07 15:39:57,M->M,unknown,
哈尔滨铁路,no_media,2022-12-07 15:39:57,2022-12-09 15:51:00,M->M,unknown,
哈尔滨铁路,no_media,2022-12-09 15:51:00,2022-12-09 15:55:23,M->M,unknown,
哈尔滨铁路,no_media,2022-12-09 15:55:23,2022-12-15 17:23:43,M->M,unknown,
哈尔滨铁路,no_media,2022-12-15 17:23:43,2022-12-21 21:24:34,M->M,unknown,
哈尔滨铁路,no_media,2022-12-21 21:24:34,2023-01-05 10:13:04,M->M,unknown,
哈尔滨铁路,no_media,2023-01-05 10:13:04,2023-01-06 17:41:35,M->M,unknown,
唤我真名-筱,no_media,2023-01-02 05:32:00,2023-01-03 19:40:00,H->M,unknown,
唤我真名-筱,no_media,2023-01-03 19:40:00,2023-01-04 17:43:00,M->M,unknown,
商丘日报,no_media,2018-12-11 15:59:03,2021-07-27 16:20:03,M->M,unknown,
商丘日报,no_media,2021-07-27 16:20:03,2021-08-10 13:20:03,M->M,unknown,
商丘日报,no_media,2021-08-10 13:20:03,2021-08-12 20:20:03,M->M,unknown,
商丘日报,no_media,2021-08-12 20:20:03,2021-08-17 13:20:03,M->M,unknown,
商丘日报,no_media,2021-08-17 13:20:03,2021-08-19 12:40:03,M->M,unknown,
商丘日报,no_media,2021-08-19 12:40:03,2021-09-02 09:40:03,M->M,unknown,
商丘日报,no_media,2021-09-02 09:40:03,2021-09-06 11:40:03,M->M,unknown,
商丘日报,no_media,2021-09-06 11:40:03,2021-09-30 13:59:00,M->M,unknown,
商丘日报,no_media,2021-09-30 13:59:00,2021-10-12 14:20:01,M->M,unknown,
商丘日报,no_media,2021-10-12 14:20:01,2022-02-07 22:30:03,M->M,unknown,
商丘日报,no_media,2022-02-07 22:30:03,2022-03-22 19:36:00,M->M,unknown,
商丘日报,no_media,2022-03-22 19:36:00,2022-04-04 15:11:00,M->M,unknown,
商丘日报,no_media,2022-04-04 15:11:00,2022-04-06 10:55:01,M->M,unknown,
商丘日报,no_media,2022-04-06 10:55:01,2022-04-08 16:30:03,M->M,unknown,
商丘日报,no_media,2022-04-08 16:30:03,2022-04-08 16:50:01,M->M,unknown,
商丘日报,no_media,2022-04-08 16:50:01,2022-05-27 16:57:00,M->M,unknown,
商丘日报,no_media,2022-05-27 16:57:00,2022-08-05 13:30:02,M->M,unknown,
商丘日报,no_media,2022-08-05 13:30:02,2022-08-17 13:40:02,M->M,unknown,
商丘日报,no_media,2022-08-17 13:40:02,2022-11-18 22:31:56,M->M,unknown,
商丘日报,no_media,2022-11-18 22:31:56,2022-11-29 17:10:07,M->M,unknown,
商丘日报,no_media,2022-11-29 17:10:07,2022-12-01 15:36:25,M->M,unknown,
商丘日报,no_media,2022-12-01 15:36:25,2022-12-04 16:08:22,M->M,unknown,
商丘日报,no_media,2022-12-04 16:08:22,2022-12-07 11:38:30,M->M,unknown,
商丘日报,no_media,2022-12-07 11:38:30,2022-12-08 08:21:08,M->M,unknown,
商丘日报,no_media,2022-12-08 08:21:08,2022-12-08 19:20:30,M->M,unknown,
商丘日报,no_media,2022-12-08 19:20:30,2022-12-09 09:39:50,M->M,unknown,
商丘日报,no_media,2022-12-09 09:39:50,2022-12-09 16:02:13,M->M,unknown,
商丘日报,no_media,2022-12-09 16:02:13,2022-12-11 08:10:17,M->M,unknown,
商丘日报,no_media,2022-12-11 08:10:17,2022-12-11 09:42:48,M->M,unknown,
商丘日报,no_media,2022-12-11 09:42:48,2022-12-13 11:04:39,M->M,unknown,
商丘日报,no_media,2022-12-13 11:04:39,2022-12-14 12:15:00,M->M,unknown,
商丘日报,no_media,2022-12-14 12:15:00,2022-12-14 17:13:09,M->M,unknown,
商丘日报,no_media,2022-12-14 17:13:09,2022-12-15 15:27:24,M->M,unknown,
商丘日报,no_media,2022-12-15 15:27:24,2022-12-15 16:30:34,M->M,unknown,
商丘日报,no_media,2022-12-15 16:30:34,2022-12-19 11:28:46,M->M,unknown,
商丘日报,no_media,2022-12-19 11:28:46,2022-12-24 20:18:16,M->M,unknown,
商丘日报,no_media,2022-12-24 20:18:16,2022-12-27 09:11:10,M->M,unknown,
商丘日报,no_media,2022-12-27 09:11:10,2022-12-31 09:11:36,M->M,unknown,
商丘日报,no_media,2022-12-31 09:11:36,2023-01-04 11:03:21,M->M,unknown,
商丘日报,no_media,2023-01-04 11:03:21,2023-01-04 22:06:20,M->M,unknown,
商丘日报,no_media,2023-01-04 22:06:20,2023-01-06 10:20:31,M->M,unknown,
商丘日报,no_media,2023-01-06 10:20:31,2023-01-06 20:08:24,M->M,unknown,
商丘日报,no_media,2023-01-06 20:08:24,2023-01-09 22:24:30,M->M,unknown,
商丘日报,no_media,2023-01-09 22:24:30,2023-01-10 22:16:04,M->M,unknown,
商丘日报,no_media,2023-01-10 22:16:04,2023-01-11 20:12:14,M->M,unknown,
商丘日报,no_media,2023-01-11 20:12:14,2023-01-12 09:32:33,M->M,unknown,
商丘日报,no_media,2023-01-12 09:32:33,2023-01-15 12:43:32,M->M,unknown,
商丘日报,no_media,2023-01-15 12:43:32,2023-01-16 14:09:17,M->M,unknown,
商丘日报,no_media,2023-01-16 14:09:17,2023-01-18 16:47:26,M->M,unknown,
商丘日报,no_media,2023-01-18 16:47:26,2023-01-31 10:00:00,M->M,unknown,
商丘日报,no_media,2023-01-31 10:00:00,2023-02-14 22:10:55,M->M,unknown,
商丘日报,no_media,2023-02-14 22:10:55,2023-05-28 12:06:54,M->M,unknown,
商丘日报,no_media,2023-05-28 12:06:54,2023-06-05 16:30:00,M->M,unknown,
商丘日报,no_media,2023-06-05 16:30:00,2023-11-07 10:55:00,M->M,unknown,
商丘日报,no_media,2023-11-07 10:55:00,2023-12-10 19:03:14,M->M,unknown,
商丘网,no_media,2021-09-10 10:50:03,2022-02-04 14:31:59,M->M,unknown,
商丘网,no_media,2022-02-04 14:31:59,2022-02-08 10:36:16,M->M,unknown,
商丘网,no_media,2022-02-08 10:36:16,2022-03-22 11:28:25,M->M,unknown,
商丘网,no_media,2022-03-22 11:28:25,2022-03-23 08:22:46,M->M,unknown,
商丘网,no_media,2022-03-23 08:22:46,2022-04-08 12:40:00,M->M,unknown,
商丘网,no_media,2022-04-08 12:40:00,2022-04-19 10:30:03,M->M,unknown,
商丘网,no_media,2022-04-19 10:30:03,2022-04-19 17:14:57,M->M,unknown,
商丘网,no_media,2022-04-19 17:14:57,2022-05-12 08:50:00,M->M,unknown,
商丘网,no_media,2022-05-12 08:50:00,2022-05-19 11:00:03,M->M,unknown,
商丘网,no_media,2022-05-19 11:00:03,2022-05-30 12:30:04,M->M,unknown,
商丘网,no_media,2022-05-30 12:30:04,2022-07-11 08:59:00,M->M,unknown,
商丘网,no_media,2022-07-11 08:59:00,2022-07-27 13:50:00,M->M,unknown,
商丘网,no_media,2022-07-27 13:50:00,2022-08-05 09:40:00,M->M,unknown,
商丘网,no_media,2022-08-05 09:40:00,2022-08-15 14:55:00,M->M,unknown,
商丘网,no_media,2022-08-15 14:55:00,2022-08-17 14:49:07,M->M,unknown,
商丘网,no_media,2022-08-17 14:49:07,2022-09-13 11:45:00,M->M,unknown,
商丘网,no_media,2022-09-13 11:45:00,2022-10-09 09:56:28,M->M,unknown,
商丘网,no_media,2022-10-09 09:56:28,2022-12-01 15:35:17,M->M,unknown,
商丘网,no_media,2022-12-01 15:35:17,2022-12-07 21:54:56,M->M,unknown,
商丘网,no_media,2022-12-07 21:54:56,2022-12-08 20:47:40,M->M,unknown,
商丘网,no_media,2022-12-08 20:47:40,2022-12-09 10:05:45,M->M,unknown,
商丘网,no_media,2022-12-09 10:05:45,2022-12-09 14:36:38,M->M,unknown,
商丘网,no_media,2022-12-09 14:36:38,2022-12-10 16:09:13,M->M,unknown,
商丘网,no_media,2022-12-10 16:09:13,2022-12-11 09:40:52,M->M,unknown,
商丘网,no_media,2022-12-11 09:40:52,2022-12-11 09:54:14,M->M,unknown,
商丘网,no_media,2022-12-11 09:54:14,2022-12-13 10:05:01,M->M,unknown,
商丘网,no_media,2022-12-13 10:05:01,2022-12-13 11:44:48,M->M,unknown,
商丘网,no_media,2022-12-13 11:44:48,2022-12-14 13:40:03,M->M,unknown,
商丘网,no_media,2022-12-14 13:40:03,2022-12-15 08:22:29,M->M,unknown,
商丘网,no_media,2022-12-15 08:22:29,2022-12-15 09:55:00,M->M,unknown,
商丘网,no_media,2022-12-15 09:55:00,2022-12-16 07:45:11,M->M,unknown,
商丘网,no_media,2022-12-16 07:45:11,2022-12-19 10:07:27,M->M,unknown,
商丘网,no_media,2022-12-19 10:07:27,2022-12-26 16:25:32,M->M,unknown,
商丘网,no_media,2022-12-26 16:25:32,2023-01-06 07:49:13,M->M,unknown,
商丘网,no_media,2023-01-06 07:49:13,2023-01-06 10:50:00,M->M,unknown,
商丘网,no_media,2023-01-06 10:50:00,2023-01-11 21:31:04,M->M,unknown,
商丘网,no_media,2023-01-11 21:31:04,2023-01-12 07:57:18,M->M,unknown,
商丘网,no_media,2023-01-12 07:57:18,2023-01-12 07:58:10,M->M,unknown,
商丘网,no_media,2023-01-12 07:58:10,2023-01-12 13:49:36,M->M,unknown,
商丘网,no_media,2023-01-12 13:49:36,2023-01-16 14:55:00,M->M,unknown,
商丘网,no_media,2023-01-16 14:55:00,2023-01-16 15:36:24,M->M,unknown,
商丘网,no_media,2023-01-16 15:36:24,2023-01-31 12:15:00,M->M,unknown,
商丘网,no_media,2023-01-31 12:15:00,2023-02-22 09:20:00,M->M,unknown,
商丘网,no_media,2023-02-22 09:20:00,2023-04-14 09:05:46,M->M,unknown,
商丘网,no_media,2023-04-14 09:05:46,2023-04-18 09:25:22,M->M,unknown,
商丘网,no_media,2023-04-18 09:25:22,2023-05-28 13:27:50,M->M,unknown,
商丘网,no_media,2023-05-28 13:27:50,2023-06-05 12:10:00,M->M,unknown,
商丘网,no_media,2023-06-05 12:10:00,2023-11-07 11:00:00,M->M,unknown,
商丘网,no_media,2023-11-07 11:00:00,2023-11-15 09:55:00,M->M,unknown,
商丘网,no_media,2023-11-15 09:55:00,2023-11-27 10:30:00,M->M,unknown,
商丘网,no_media,2023-11-27 10:30:00,2023-12-04 10:15:00,M->M,unknown,
商丘网,no_media,2023-12-04 10:15:00,2023-12-06 10:15:00,M->M,unknown,
商丘网,no_media,2023-12-06 10:15:00,2023-12-08 09:50:00,M->M,unknown,
商丘网,no_media,2023-12-08 09:50:00,2023-12-10 20:34:49,M->M,unknown,
商丘网,no_media,2023-12-10 20:34:49,2023-12-30 19:28:02,M->M,unknown,
商丘网,no_media,2023-12-30 19:28:02,2023-12-31 09:23:21,M->M,unknown,
商丘网,no_media,2023-12-31 09:23:21,2024-01-29 10:15:00,M->M,unknown,
商学院杂志,no_media,2019-09-06 10:43:37,2022-04-18 08:25:24,M->M,unknown,
商学院杂志,no_media,2022-04-18 08:25:24,2022-04-26 08:27:40,M->M,unknown,
商学院杂志,no_media,2022-04-26 08:27:40,2022-05-26 09:16:45,M->M,unknown,
商学院杂志,no_media,2022-05-26 09:16:45,2022-12-07 21:27:40,M->M,unknown,
商学院杂志,no_media,2022-12-07 21:27:40,2022-12-08 09:39:44,M->M,unknown,
商学院杂志,no_media,2022-12-08 09:39:44,2022-12-16 09:58:11,M->M,unknown,
商学院杂志,no_media,2022-12-16 09:58:11,2023-01-04 08:49:40,M->M,unknown,
嗨_新时光,no_media,2022-03-14 14:54:00,2022-03-14 14:59:00,H->H,unknown,
四川发布,no_media,2020-07-13 10:52:03,2021-01-15 17:45:03,M->M,unknown,
四川发布,no_media,2021-01-15 17:45:03,2021-12-28 15:20:00,M->M,unknown,
四川发布,no_media,2021-12-28 15:20:00,2022-02-21 12:00:03,M->M,unknown,
四川发布,no_media,2022-02-21 12:00:03,2022-04-06 18:15:01,M->M,unknown,
四川发布,no_media,2022-04-06 18:15:01,2022-05-19 10:36:17,M->M,unknown,
四川发布,no_media,2022-05-19 10:36:17,2022-07-24 11:09:13,M->M,unknown,
四川发布,no_media,2022-07-24 11:09:13,2022-07-24 11:13:41,M->M,unknown,
四川发布,no_media,2022-07-24 11:13:41,2022-07-25 18:45:00,M->M,unknown,
四川发布,no_media,2022-07-25 18:45:00,2022-12-04 11:12:36,M->M,unknown,
四川发布,no_media,2022-12-04 11:12:36,2022-12-09 15:00:04,M->M,unknown,
四川发布,no_media,2022-12-09 15:00:04,2022-12-15 21:00:00,M->M,unknown,
四川发布,no_media,2022-12-15 21:00:00,2022-12-22 10:58:14,M->M,unknown,
四川发布,no_media,2022-12-22 10:58:14,2024-01-02 18:00:00,M->M,unknown,
四川工人日报,no_media,2020-02-13 15:45:03,2020-02-14 22:02:31,M->M,unknown,
四川工人日报,no_media,2020-02-14 22:02:31,2020-02-19 08:59:27,M->M,unknown,
四川工人日报,no_media,2020-02-19 08:59:27,2020-02-20 08:15:49,M->M,unknown,
四川工人日报,no_media,2020-02-20 08:15:49,2020-02-20 08:45:37,M->M,unknown,
四川工人日报,no_media,2020-02-20 08:45:37,2020-02-20 13:50:03,M->M,unknown,
四川工人日报,no_media,2020-02-20 13:50:03,2020-02-23 08:15:03,M->M,unknown,
四川工人日报,no_media,2020-02-23 08:15:03,2020-03-18 19:30:04,M->M,unknown,
四川工人日报,no_media,2020-03-18 19:30:04,2020-04-23 16:12:00,M->M,unknown,
四川工人日报,no_media,2020-04-23 16:12:00,2020-04-24 10:26:27,M->M,unknown,
四川工人日报,no_media,2020-04-24 10:26:27,2020-05-20 14:36:58,M->M,unknown,
四川工人日报,no_media,2020-05-20 14:36:58,2020-05-28 08:26:54,M->M,unknown,
四川工人日报,no_media,2020-05-28 08:26:54,2020-06-12 17:30:04,M->H,unknown,
四川工人日报,no_media,2020-06-12 17:30:04,2020-07-28 13:45:03,H->M,unknown,
四川工人日报,no_media,2020-07-28 13:45:03,2020-08-29 09:59:03,M->M,unknown,
四川工人日报,no_media,2020-08-29 09:59:03,2020-10-17 20:30:03,M->M,unknown,
四川工人日报,no_media,2020-10-17 20:30:03,2020-11-13 16:34:17,M->M,unknown,
四川工人日报,no_media,2020-11-13 16:34:17,2020-12-15 21:44:26,M->M,unknown,
四川工人日报,no_media,2020-12-15 21:44:26,2021-01-12 18:00:03,M->M,unknown,
四川工人日报,no_media,2021-01-12 18:00:03,2021-02-09 20:06:27,M->M,unknown,
四川工人日报,no_media,2021-02-09 20:06:27,2021-02-21 08:30:03,M->M,unknown,
四川工人日报,no_media,2021-02-21 08:30:03,2021-03-15 21:30:03,M->M,unknown,
四川工人日报,no_media,2021-03-15 21:30:03,2021-03-16 20:15:03,M->M,unknown,
四川工人日报,no_media,2021-03-16 20:15:03,2021-04-13 17:15:03,M->M,unknown,
四川工人日报,no_media,2021-04-13 17:15:03,2021-04-21 15:02:02,M->M,unknown,
四川工人日报,no_media,2021-04-21 15:02:02,2021-08-03 14:40:03,M->M,unknown,
四川工人日报,no_media,2021-08-03 14:40:03,2021-12-28 22:30:03,M->M,unknown,
四川工人日报,no_media,2021-12-28 22:30:03,2022-01-08 16:52:45,M->M,unknown,
四川工人日报,no_media,2022-01-08 16:52:45,2022-01-12 14:10:28,M->M,unknown,
四川工人日报,no_media,2022-01-12 14:10:28,2022-02-12 16:40:00,M->M,unknown,
四川工人日报,no_media,2022-02-12 16:40:00,2022-03-14 16:40:00,M->M,unknown,
四川工人日报,no_media,2022-03-14 16:40:00,2022-04-04 18:45:00,M->M,unknown,
四川工人日报,no_media,2022-04-04 18:45:00,2022-04-17 11:07:37,M->M,unknown,
四川工人日报,no_media,2022-04-17 11:07:37,2022-04-17 14:23:40,M->M,unknown,
四川工人日报,no_media,2022-04-17 14:23:40,2022-04-17 18:15:00,M->M,unknown,
四川工人日报,no_media,2022-04-17 18:15:00,2022-04-19 10:46:40,M->M,unknown,
四川工人日报,no_media,2022-04-19 10:46:40,2022-04-23 09:01:15,M->M,unknown,
四川工人日报,no_media,2022-04-23 09:01:15,2022-04-25 09:11:12,M->M,unknown,
四川工人日报,no_media,2022-04-25 09:11:12,2022-04-25 14:57:15,M->M,unknown,
四川工人日报,no_media,2022-04-25 14:57:15,2022-04-25 18:15:05,M->M,unknown,
四川工人日报,no_media,2022-04-25 18:15:05,2022-04-26 19:00:03,M->M,unknown,
四川工人日报,no_media,2022-04-26 19:00:03,2022-04-28 08:27:32,M->M,unknown,
四川工人日报,no_media,2022-04-28 08:27:32,2022-04-28 18:45:00,M->M,unknown,
四川工人日报,no_media,2022-04-28 18:45:00,2022-07-24 20:15:00,M->M,unknown,
四川工人日报,no_media,2022-07-24 20:15:00,2022-10-14 18:15:00,M->M,unknown,
四川日报,no_media,2020-01-31 14:39:30,2020-02-02 13:20:03,M->M,unknown,
四川日报,no_media,2020-02-02 13:20:03,2020-02-14 23:18:23,M->M,unknown,
四川日报,no_media,2020-02-14 23:18:23,2020-02-20 18:39:49,M->M,unknown,
四川日报,no_media,2020-02-20 18:39:49,2020-03-18 19:09:34,M->M,unknown,
四川日报,no_media,2020-03-18 19:09:34,2020-12-12 21:37:21,M->M,unknown,
四川日报,no_media,2020-12-12 21:37:21,2022-02-21 13:58:12,M->M,unknown,
四川日报,no_media,2022-02-21 13:58:12,2022-05-18 11:55:28,M->M,unknown,
四川日报,no_media,2022-05-18 11:55:28,2022-12-07 13:58:29,M->M,unknown,
四川日报,no_media,2022-12-07 13:58:29,2024-01-03 20:34:28,M->M,unknown,
四川观察,no_media,2020-02-20 19:18:08,2020-03-05 18:17:05,M->M,unknown,
四川观察,no_media,2020-03-05 18:17:05,2020-03-13 11:50:54,M->M,unknown,
四川观察,no_media,2020-03-13 11:50:54,2020-05-01 21:18:07,M->M,unknown,
四川观察,no_media,2020-05-01 21:18:07,2020-06-15 11:59:59,M->M,unknown,
四川观察,no_media,2020-06-15 11:59:59,2020-06-17 20:23:03,M->M,unknown,
四川观察,no_media,2020-06-17 20:23:03,2020-10-13 13:33:04,M->M,unknown,
四川观察,no_media,2020-10-13 13:33:04,2022-02-12 11:29:01,M->M,unknown,
四川观察,no_media,2022-02-12 11:29:01,2022-02-21 12:58:42,M->M,unknown,
四川观察,no_media,2022-02-21 12:58:42,2022-12-07 13:47:29,M->M,unknown,
四川观察,no_media,2022-12-07 13:47:29,2023-01-13 19:35:57,M->M,unknown,
四川观察,no_media,2023-01-13 19:35:57,2023-01-25 11:51:08,M->M,unknown,
四川观察新闻眼,no_media,2020-02-21 10:05:38,2023-01-13 19:38:01,M->M,unknown,
四川观察新闻眼,no_media,2023-01-13 19:38:01,2023-02-27 20:43:33,M->M,unknown,
四川魏静,no_media,2022-03-14 13:33:00,2022-03-14 14:07:00,M->M,unknown,
四川魏静,no_media,2022-03-14 14:07:00,2022-03-14 15:48:00,M->M,unknown,
四川魏静,no_media,2022-03-14 15:48:00,2022-03-14 16:50:00,M->M,unknown,
四川魏静,no_media,2022-03-14 16:50:00,2022-03-14 17:06:00,M->M,unknown,
团结报团结网,no_media,2020-02-11 08:56:42,2021-01-08 10:59:54,M->M,unknown,
国是直通车,no_media,2020-02-20 00:11:55,2020-02-20 09:34:33,M->M,unknown,
国是直通车,no_media,2020-02-20 09:34:33,2020-02-20 15:44:57,M->M,unknown,
国是直通车,no_media,2020-02-20 15:44:57,2020-02-20 22:00:42,M->M,unknown,
国是直通车,no_media,2020-02-20 22:00:42,2020-02-21 12:11:15,M->M,unknown,
国是直通车,no_media,2020-02-21 12:11:15,2020-03-18 20:45:03,M->M,unknown,
国是直通车,no_media,2020-03-18 20:45:03,2020-03-25 21:45:03,M->M,unknown,
国是直通车,no_media,2020-03-25 21:45:03,2020-04-17 17:35:54,M->M,unknown,
国是直通车,no_media,2020-04-17 17:35:54,2020-05-28 09:22:44,M->M,unknown,
国是直通车,no_media,2020-05-28 09:22:44,2020-06-12 08:38:39,M->M,unknown,
国是直通车,no_media,2020-06-12 08:38:39,2020-09-13 09:47:47,M->M,unknown,
国是直通车,no_media,2020-09-13 09:47:47,2020-10-02 14:14:49,M->M,unknown,
国是直通车,no_media,2020-10-02 14:14:49,2021-01-22 17:44:12,M->M,unknown,
国是直通车,no_media,2021-01-22 17:44:12,2021-02-05 16:43:50,M->M,unknown,
国是直通车,no_media,2021-02-05 16:43:50,2021-02-25 11:12:05,M->M,unknown,
国是直通车,no_media,2021-02-25 11:12:05,2021-02-26 09:11:28,M->M,unknown,
国是直通车,no_media,2021-02-26 09:11:28,2021-03-02 14:06:29,M->M,unknown,
国是直通车,no_media,2021-03-02 14:06:29,2021-04-06 14:15:19,M->M,unknown,
国是直通车,no_media,2021-04-06 14:15:19,2021-04-13 10:28:10,M->M,unknown,
国是直通车,no_media,2021-04-13 10:28:10,2021-04-21 09:50:33,M->M,unknown,
国是直通车,no_media,2021-04-21 09:50:33,2021-08-03 14:24:17,M->M,unknown,
国是直通车,no_media,2021-08-03 14:24:17,2021-09-04 17:32:18,M->M,unknown,
国是直通车,no_media,2021-09-04 17:32:18,2021-10-28 19:17:14,M->M,unknown,
国是直通车,no_media,2021-10-28 19:17:14,2022-03-14 15:12:00,M->M,unknown,
国是直通车,no_media,2022-03-14 15:12:00,2022-03-14 15:12:51,M->M,unknown,
国是直通车,no_media,2022-03-14 15:12:51,2022-04-24 08:34:12,M->M,unknown,
国是直通车,no_media,2022-04-24 08:34:12,2022-04-25 08:21:24,M->M,unknown,
国是直通车,no_media,2022-04-25 08:21:24,2022-04-25 11:09:17,M->M,unknown,
国是直通车,no_media,2022-04-25 11:09:17,2022-04-28 08:28:01,M->M,unknown,
国是直通车,no_media,2022-04-28 08:28:01,2022-05-03 08:31:16,M->M,unknown,
国是直通车,no_media,2022-05-03 08:31:16,2022-05-10 16:15:28,M->M,unknown,
国是直通车,no_media,2022-05-10 16:15:28,2022-05-26 09:05:42,M->M,unknown,
国是直通车,no_media,2022-05-26 09:05:42,2022-07-28 19:15:58,M->M,unknown,
国是直通车,no_media,2022-07-28 19:15:58,2022-08-25 15:31:18,M->M,unknown,
国是直通车,no_media,2022-08-25 15:31:18,2022-08-30 18:32:49,M->M,unknown,
国是直通车,no_media,2022-08-30 18:32:49,2022-09-20 16:17:50,M->M,unknown,
国是直通车,no_media,2022-09-20 16:17:50,2022-09-26 19:09:51,M->M,unknown,
国是直通车,no_media,2022-09-26 19:09:51,2022-10-11 17:02:48,M->M,unknown,
国是直通车,no_media,2022-10-11 17:02:48,2022-10-20 17:15:46,M->M,unknown,
国是直通车,no_media,2022-10-20 17:15:46,2022-11-21 19:28:34,M->M,unknown,
国是直通车,no_media,2022-11-21 19:28:34,2022-11-29 15:22:36,M->M,unknown,
国是直通车,no_media,2022-11-29 15:22:36,2022-12-01 11:56:10,M->M,unknown,
国是直通车,no_media,2022-12-01 11:56:10,2022-12-03 18:00:54,M->M,unknown,
国是直通车,no_media,2022-12-03 18:00:54,2022-12-07 13:53:00,M->M,unknown,
国是直通车,no_media,2022-12-07 13:53:00,2022-12-07 21:00:13,M->M,unknown,
国是直通车,no_media,2022-12-07 21:00:13,2022-12-09 14:30:07,M->M,unknown,
国是直通车,no_media,2022-12-09 14:30:07,2022-12-11 10:49:22,M->M,unknown,
国是直通车,no_media,2022-12-11 10:49:22,2022-12-19 18:28:18,M->M,unknown,
国是直通车,no_media,2022-12-19 18:28:18,2022-12-20 18:38:35,M->M,unknown,
国是直通车,no_media,2022-12-20 18:38:35,2022-12-23 16:48:28,M->M,unknown,
国是直通车,no_media,2022-12-23 16:48:28,2022-12-30 16:06:53,M->M,unknown,
国是直通车,no_media,2022-12-30 16:06:53,2023-01-02 15:31:51,M->M,unknown,
国是直通车,no_media,2023-01-02 15:31:51,2023-01-16 23:04:05,M->M,unknown,
国是直通车,no_media,2023-01-16 23:04:05,2023-03-02 22:56:30,M->M,unknown,
国是直通车,no_media,2023-03-02 22:56:30,2023-03-09 11:22:20,M->M,unknown,
国是直通车,no_media,2023-03-09 11:22:20,2023-05-06 16:43:55,M->M,unknown,
国是直通车,no_media,2023-05-06 16:43:55,2024-01-11 21:31:27,M->M,unknown,
国是直通车,no_media,2024-01-11 21:31:27,2024-01-18 11:04:41,M->M,unknown,
国是直通车,no_media,2024-01-18 11:04:41,2024-02-01 17:21:05,M->M,unknown,
国资小新,no_media,2021-01-26 08:53:03,2021-04-06 15:30:03,M->M,unknown,
国资小新,no_media,2021-04-06 15:30:03,2021-04-13 12:30:03,M->M,unknown,
国资小新,no_media,2021-04-13 12:30:03,2021-04-17 11:15:03,M->M,unknown,
国资小新,no_media,2021-04-17 11:15:03,2022-01-01 11:31:00,M->M,unknown,
国资小新,no_media,2022-01-01 11:31:00,2022-12-15 18:53:00,M->M,unknown,
国际商报,no_media,2020-03-03 14:43:28,2020-03-10 19:13:50,M->M,unknown,
国际商报,no_media,2020-03-10 19:13:50,2021-04-13 09:02:46,M->M,unknown,
国际商报,no_media,2021-04-13 09:02:46,2021-08-02 11:13:42,M->M,unknown,
国际商报,no_media,2021-08-02 11:13:42,2022-12-27 22:35:27,M->M,unknown,
国际商报,no_media,2022-12-27 22:35:27,2023-05-16 12:49:50,M->M,unknown,
国际商报,no_media,2023-05-16 12:49:50,2023-05-26 20:32:10,M->M,unknown,
国际商报,no_media,2023-05-26 20:32:10,2023-11-16 15:29:52,M->M,unknown,
国际在线新闻,no_media,2019-03-22 14:21:44,2020-04-23 15:30:59,M->M,unknown,
国际在线新闻,no_media,2020-04-23 15:30:59,2020-09-24 16:54:49,M->M,unknown,
国际在线新闻,no_media,2020-09-24 16:54:49,2021-05-24 22:36:30,M->H,unknown,
国际在线新闻,no_media,2021-05-24 22:36:30,2021-08-09 17:21:28,H->M,unknown,
国际在线新闻,no_media,2021-08-09 17:21:28,2023-03-01 13:16:38,M->M,unknown,
国际旅游岛商报,no_media,2020-02-19 20:28:23,2020-02-20 11:00:04,M->M,unknown,
国际旅游岛商报,no_media,2020-02-20 11:00:04,2020-02-20 14:30:04,M->M,unknown,
国际旅游岛商报,no_media,2020-02-20 14:30:04,2020-02-22 17:18:31,M->M,unknown,
国际旅游岛商报,no_media,2020-02-22 17:18:31,2020-03-01 19:30:03,M->M,unknown,
国际旅游岛商报,no_media,2020-03-01 19:30:03,2020-03-03 10:18:26,M->M,unknown,
国际旅游岛商报,no_media,2020-03-03 10:18:26,2020-03-05 17:56:07,M->M,unknown,
国际旅游岛商报,no_media,2020-03-05 17:56:07,2020-03-06 09:30:03,M->M,unknown,
国际旅游岛商报,no_media,2020-03-06 09:30:03,2020-03-07 13:40:03,M->M,unknown,
国际旅游岛商报,no_media,2020-03-07 13:40:03,2020-03-18 19:08:46,M->M,unknown,
国际旅游岛商报,no_media,2020-03-18 19:08:46,2020-03-18 19:09:22,M->M,unknown,
国际旅游岛商报,no_media,2020-03-18 19:09:22,2020-04-14 22:33:28,M->M,unknown,
国际旅游岛商报,no_media,2020-04-14 22:33:28,2020-04-23 19:08:02,M->M,unknown,
国际旅游岛商报,no_media,2020-04-23 19:08:02,2020-07-28 22:30:04,M->M,unknown,
国际旅游岛商报,no_media,2020-07-28 22:30:04,2020-09-09 22:01:35,M->M,unknown,
国际旅游岛商报,no_media,2020-09-09 22:01:35,2021-01-07 22:40:03,M->M,unknown,
国际旅游岛商报,no_media,2021-01-07 22:40:03,2021-02-20 18:18:02,M->M,unknown,
国际旅游岛商报,no_media,2021-02-20 18:18:02,2021-04-13 10:39:34,M->M,unknown,
国际旅游岛商报,no_media,2021-04-13 10:39:34,2021-11-27 09:37:04,M->M,unknown,
国际旅游岛商报,no_media,2021-11-27 09:37:04,2022-01-08 18:30:00,M->M,unknown,
国际旅游岛商报,no_media,2022-01-08 18:30:00,2022-04-04 12:54:41,M->M,unknown,
国际旅游岛商报,no_media,2022-04-04 12:54:41,2022-04-17 20:00:03,M->M,unknown,
国际旅游岛商报,no_media,2022-04-17 20:00:03,2022-10-14 09:29:17,M->M,unknown,
国际旅游岛商报,no_media,2022-10-14 09:29:17,2022-12-11 11:00:01,M->M,unknown,
国际旅游岛商报,no_media,2022-12-11 11:00:01,2022-12-13 21:30:04,M->M,unknown,
国际旅游岛商报,no_media,2022-12-13 21:30:04,2022-12-18 14:35:46,M->M,unknown,
国际旅游岛商报,no_media,2022-12-18 14:35:46,2023-01-13 22:00:05,M->M,unknown,
城关发布,no_media,2021-01-14 16:16:21,2021-02-03 10:54:12,M->M,unknown,
城关发布,no_media,2021-02-03 10:54:12,2021-04-09 14:51:57,M->M,unknown,
城关发布,no_media,2021-04-09 14:51:57,2021-07-29 10:31:06,M->M,unknown,
城关发布,no_media,2021-07-29 10:31:06,2022-07-26 21:52:52,M->M,unknown,
城关发布,no_media,2022-07-26 21:52:52,2022-11-09 10:34:26,M->M,unknown,
城关发布,no_media,2022-11-09 10:34:26,2022-12-13 16:07:45,M->M,unknown,
城关发布,no_media,2022-12-13 16:07:45,2022-12-16 09:57:05,M->M,unknown,
城关发布,no_media,2022-12-16 09:57:05,2022-12-16 13:24:28,M->M,unknown,
城关发布,no_media,2022-12-16 13:24:28,2023-01-09 19:16:07,M->M,unknown,
城关发布,no_media,2023-01-09 19:16:07,2023-01-18 16:50:36,M->M,unknown,
城关发布,no_media,2023-01-18 16:50:36,2023-02-16 11:04:46,M->M,unknown,
城关发布,no_media,2023-02-16 11:04:46,2023-05-29 11:56:03,M->M,unknown,
城市晚报官方微博,no_media,2020-06-12 08:15:36,2021-02-20 17:24:27,M->M,unknown,
城市晚报官方微博,no_media,2021-02-20 17:24:27,2021-04-13 10:58:54,M->M,unknown,
城市晚报官方微博,no_media,2021-04-13 10:58:54,2022-01-08 17:37:00,M->M,unknown,
城市晚报官方微博,no_media,2022-01-08 17:37:00,2022-04-01 14:19:51,M->M,unknown,
城市晚报官方微博,no_media,2022-04-01 14:19:51,2022-12-09 15:49:37,M->M,unknown,
城市晚报官方微博,no_media,2022-12-09 15:49:37,2022-12-15 18:42:49,M->M,unknown,
城市晚报官方微博,no_media,2022-12-15 18:42:49,2023-03-01 10:16:29,M->M,unknown,
城市速递官方微博,no_media,2020-05-09 09:05:24,2020-08-03 13:15:11,M->M,unknown,
城市速递官方微博,no_media,2020-08-03 13:15:11,2020-09-12 08:05:57,M->M,unknown,
城市速递官方微博,no_media,2020-09-12 08:05:57,2021-08-20 09:04:26,M->M,unknown,
城市速递官方微博,no_media,2021-08-20 09:04:26,2021-09-24 09:33:58,M->M,unknown,
城市速递官方微博,no_media,2021-09-24 09:33:58,2021-11-05 08:51:56,M->M,unknown,
城市速递官方微博,no_media,2021-11-05 08:51:56,2021-12-16 17:51:08,M->M,unknown,
城市速递官方微博,no_media,2021-12-16 17:51:08,2022-01-12 13:59:20,M->M,unknown,
城市速递官方微博,no_media,2022-01-12 13:59:20,2022-05-14 15:05:22,M->M,unknown,
城市速递官方微博,no_media,2022-05-14 15:05:22,2022-06-14 09:45:45,M->M,unknown,
城市速递官方微博,no_media,2022-06-14 09:45:45,2022-07-01 12:42:17,M->M,unknown,
城市速递官方微博,no_media,2022-07-01 12:42:17,2022-12-05 09:39:49,M->M,unknown,
城市速递官方微博,no_media,2022-12-05 09:39:49,2022-12-07 11:58:29,M->M,unknown,
城市速递官方微博,no_media,2022-12-07 11:58:29,2022-12-11 09:52:09,M->M,unknown,
城市速递官方微博,no_media,2022-12-11 09:52:09,2022-12-11 10:33:02,M->M,unknown,
城市速递官方微博,no_media,2022-12-11 10:33:02,2022-12-14 11:42:04,M->M,unknown,
城市速递官方微博,no_media,2022-12-14 11:42:04,2022-12-23 11:33:41,M->M,unknown,
城市速递官方微博,no_media,2022-12-23 11:33:41,2023-01-05 12:34:17,M->M,unknown,
城市速递官方微博,no_media,2023-01-05 12:34:17,2023-01-19 08:56:23,M->M,unknown,
城市速递官方微博,no_media,2023-01-19 08:56:23,2023-03-13 09:23:04,M->M,unknown,
多彩贵州网,no_media,2020-05-28 09:39:21,2021-04-06 21:00:03,M->M,unknown,
多彩贵州网,no_media,2021-04-06 21:00:03,2021-04-09 19:00:03,M->M,unknown,
多彩贵州网,no_media,2021-04-09 19:00:03,2022-01-01 12:57:04,M->M,unknown,
多彩贵州网,no_media,2022-01-01 12:57:04,2022-03-30 08:57:26,M->M,unknown,
多彩贵州网,no_media,2022-03-30 08:57:26,2022-04-01 21:52:09,M->M,unknown,
多彩贵州网,no_media,2022-04-01 21:52:09,2022-04-04 19:29:49,M->M,unknown,
多彩贵州网,no_media,2022-04-04 19:29:49,2022-05-05 09:50:37,M->M,unknown,
多彩贵州网,no_media,2022-05-05 09:50:37,2022-12-01 14:00:17,M->M,unknown,
多彩贵州网,no_media,2022-12-01 14:00:17,2022-12-07 10:26:21,M->M,unknown,
多彩贵州网,no_media,2022-12-07 10:26:21,2023-01-02 11:35:49,M->M,unknown,
多彩贵州网,no_media,2023-01-02 11:35:49,2023-01-03 11:36:16,M->M,unknown,
多彩贵州网,no_media,2023-01-03 11:36:16,2023-01-04 12:40:22,M->M,unknown,
多彩贵州网,no_media,2023-01-04 12:40:22,2023-01-13 21:43:48,M->M,unknown,
大众新闻-半岛都市报,no_media,2021-01-08 21:40:01,2021-01-09 00:34:28,M->M,unknown,
大众新闻-半岛都市报,no_media,2021-01-09 00:34:28,2021-07-15 08:50:43,M->M,unknown,
大众新闻-半岛都市报,no_media,2021-07-15 08:50:43,2021-10-12 11:30:20,M->M,unknown,
大众新闻-半岛都市报,no_media,2021-10-12 11:30:20,2021-10-30 21:02:08,M->M,unknown,
大众新闻-半岛都市报,no_media,2021-10-30 21:02:08,2021-12-20 17:08:19,M->M,unknown,
大众新闻-半岛都市报,no_media,2021-12-20 17:08:19,2022-03-10 14:37:14,M->M,unknown,
大众新闻-半岛都市报,no_media,2022-03-10 14:37:14,2022-04-18 08:55:07,M->M,unknown,
大众新闻-半岛都市报,no_media,2022-04-18 08:55:07,2022-04-27 12:38:11,M->M,unknown,
大众新闻-半岛都市报,no_media,2022-04-27 12:38:11,2022-04-29 12:27:38,M->M,unknown,
大众新闻-半岛都市报,no_media,2022-04-29 12:27:38,2022-05-03 08:30:27,M->M,unknown,
大众新闻-半岛都市报,no_media,2022-05-03 08:30:27,2022-09-23 13:37:31,M->M,unknown,
大众新闻-半岛都市报,no_media,2022-09-23 13:37:31,2022-11-29 15:53:23,M->M,unknown,
大众新闻-半岛都市报,no_media,2022-11-29 15:53:23,2022-12-01 19:54:52,M->M,unknown,
大众新闻-半岛都市报,no_media,2022-12-01 19:54:52,2022-12-06 16:08:01,M->M,unknown,
大众新闻-半岛都市报,no_media,2022-12-06 16:08:01,2022-12-07 13:32:32,M->M,unknown,
大众新闻-半岛都市报,no_media,2022-12-07 13:32:32,2022-12-08 19:28:41,M->M,unknown,
大众新闻-半岛都市报,no_media,2022-12-08 19:28:41,2022-12-09 09:07:12,M->M,unknown,
大众新闻-半岛都市报,no_media,2022-12-09 09:07:12,2022-12-09 11:11:12,M->M,unknown,
大众新闻-半岛都市报,no_media,2022-12-09 11:11:12,2022-12-09 14:21:06,M->M,unknown,
大众新闻-半岛都市报,no_media,2022-12-09 14:21:06,2022-12-15 19:22:25,M->M,unknown,
大众新闻-半岛都市报,no_media,2022-12-15 19:22:25,2022-12-15 21:00:04,M->M,unknown,
大众新闻-半岛都市报,no_media,2022-12-15 21:00:04,2022-12-20 19:30:41,M->M,unknown,
大众新闻-半岛都市报,no_media,2022-12-20 19:30:41,2023-01-30 10:51:34,M->M,unknown,
大众新闻-半岛都市报,no_media,2023-01-30 10:51:34,2023-05-18 15:00:55,M->M,unknown,
大众新闻-半岛都市报,no_media,2023-05-18 15:00:55,2023-05-26 10:43:32,M->M,unknown,
大众新闻-半岛都市报,no_media,2023-05-26 10:43:32,2023-11-08 14:17:59,M->M,unknown,
大众新闻-半岛都市报,no_media,2023-11-08 14:17:59,2023-11-28 19:00:20,M->M,unknown,
大众日报,no_media,2020-02-15 08:53:26,2020-02-20 09:31:04,M->M,unknown,
大众日报,no_media,2020-02-20 09:31:04,2020-05-28 09:25:03,M->M,unknown,
大众日报,no_media,2020-05-28 09:25:03,2020-09-12 10:39:40,M->M,unknown,
大众日报,no_media,2020-09-12 10:39:40,2021-03-23 20:47:02,M->M,unknown,
大众日报,no_media,2021-03-23 20:47:02,2021-04-13 10:23:03,M->M,unknown,
大众日报,no_media,2021-04-13 10:23:03,2021-06-20 11:48:37,M->H,unknown,
大众日报,no_media,2021-06-20 11:48:37,2021-08-02 11:24:55,H->M,unknown,
大众日报,no_media,2021-08-02 11:24:55,2021-08-05 15:53:57,M->M,unknown,
大众日报,no_media,2021-08-05 15:53:57,2021-08-22 18:26:44,M->M,unknown,
大众日报,no_media,2021-08-22 18:26:44,2021-10-31 15:11:10,M->M,unknown,
大众日报,no_media,2021-10-31 15:11:10,2021-11-27 09:18:12,M->M,unknown,
大众日报,no_media,2021-11-27 09:18:12,2021-12-20 18:01:02,M->M,unknown,
大众日报,no_media,2021-12-20 18:01:02,2022-01-24 16:42:17,M->M,unknown,
大众日报,no_media,2022-01-24 16:42:17,2022-03-15 19:17:23,M->M,unknown,
大众日报,no_media,2022-03-15 19:17:23,2022-03-18 19:40:51,M->M,unknown,
大众日报,no_media,2022-03-18 19:40:51,2022-03-20 19:37:22,M->M,unknown,
大众日报,no_media,2022-03-20 19:37:22,2022-04-11 19:18:06,M->M,unknown,
大众日报,no_media,2022-04-11 19:18:06,2022-04-23 10:35:08,M->M,unknown,
大众日报,no_media,2022-04-23 10:35:08,2022-04-24 07:55:30,M->M,unknown,
大众日报,no_media,2022-04-24 07:55:30,2022-04-25 07:50:12,M->M,unknown,
大众日报,no_media,2022-04-25 07:50:12,2022-04-26 08:04:24,M->M,unknown,
大众日报,no_media,2022-04-26 08:04:24,2022-04-26 15:47:27,M->M,unknown,
大众日报,no_media,2022-04-26 15:47:27,2022-04-28 07:49:33,M->M,unknown,
大众日报,no_media,2022-04-28 07:49:33,2022-04-30 08:22:00,M->M,unknown,
大众日报,no_media,2022-04-30 08:22:00,2022-05-03 08:08:09,M->M,unknown,
大众日报,no_media,2022-05-03 08:08:09,2022-05-03 08:39:00,M->M,unknown,
大众日报,no_media,2022-05-03 08:39:00,2022-05-05 07:47:02,M->M,unknown,
大众日报,no_media,2022-05-05 07:47:02,2022-05-06 07:54:53,M->M,unknown,
大众日报,no_media,2022-05-06 07:54:53,2022-05-07 08:03:04,M->M,unknown,
大众日报,no_media,2022-05-07 08:03:04,2022-05-10 08:08:12,M->M,unknown,
大众日报,no_media,2022-05-10 08:08:12,2022-05-11 10:25:44,M->M,unknown,
大众日报,no_media,2022-05-11 10:25:44,2022-05-13 07:52:53,M->M,unknown,
大众日报,no_media,2022-05-13 07:52:53,2022-05-16 07:53:59,M->M,unknown,
大众日报,no_media,2022-05-16 07:53:59,2022-05-18 07:48:53,M->M,unknown,
大众日报,no_media,2022-05-18 07:48:53,2022-05-24 07:52:07,M->M,unknown,
大众日报,no_media,2022-05-24 07:52:07,2022-05-26 08:59:09,M->M,unknown,
大众日报,no_media,2022-05-26 08:59:09,2022-09-09 11:26:25,M->M,unknown,
大众日报,no_media,2022-09-09 11:26:25,2022-12-07 13:39:20,M->M,unknown,
大众日报,no_media,2022-12-07 13:39:20,2022-12-08 08:10:13,M->M,unknown,
大众日报,no_media,2022-12-08 08:10:13,2022-12-09 12:07:17,M->M,unknown,
大众日报,no_media,2022-12-09 12:07:17,2022-12-11 22:44:46,M->M,unknown,
大众日报,no_media,2022-12-11 22:44:46,2022-12-15 17:03:32,M->M,unknown,
大众日报,no_media,2022-12-15 17:03:32,2022-12-19 07:53:20,M->M,unknown,
大众日报,no_media,2022-12-19 07:53:20,2022-12-26 20:15:20,M->M,unknown,
大众日报,no_media,2022-12-26 20:15:20,2022-12-27 11:50:03,M->M,unknown,
大众日报,no_media,2022-12-27 11:50:03,2023-01-18 15:59:37,M->M,unknown,
大众日报,no_media,2023-01-18 15:59:37,2023-01-21 11:19:00,M->M,unknown,
大众日报,no_media,2023-01-21 11:19:00,2023-05-28 11:37:02,M->M,unknown,
大健康公社,dual,2023-01-06 19:42:00,2023-11-01 08:41:00,M->M,unknown,
大健康公社,dual,2023-11-01 08:41:00,2023-12-08 14:08:00,M->H,unknown,
大公中原,no_media,2020-08-03 13:52:05,2020-08-24 11:29:05,M->H,unknown,
大公中原,no_media,2020-08-24 11:29:05,2021-01-19 15:00:09,H->M,unknown,
大公中原,no_media,2021-01-19 15:00:09,2021-03-03 10:59:57,M->M,unknown,
大包小包11,no_media,2023-03-08 16:19:00,2023-03-12 18:02:00,M->M,unknown,
大武汉美食排行榜,no_media,2019-01-06 23:23:45,2022-12-02 12:20:47,M->L,unknown,
大武汉美食排行榜,no_media,2022-12-02 12:20:47,2023-01-12 21:31:28,L->M,unknown,
大武汉美食排行榜,no_media,2023-01-12 21:31:28,2023-01-19 12:23:00,M->L,unknown,
大江网,no_media,2020-07-13 15:30:03,2021-04-13 10:09:31,M->M,unknown,
大江网,no_media,2021-04-13 10:09:31,2021-05-26 16:09:11,M->M,unknown,
大江网,no_media,2021-05-26 16:09:11,2021-08-09 11:25:03,M->M,unknown,
大江网,no_media,2021-08-09 11:25:03,2022-01-12 11:00:31,M->M,unknown,
大江网,no_media,2022-01-12 11:00:31,2022-03-24 21:02:31,M->M,unknown,
大江网,no_media,2022-03-24 21:02:31,2022-03-25 10:01:01,M->M,unknown,
大江网,no_media,2022-03-25 10:01:01,2022-05-03 15:27:07,M->M,unknown,
大江网,no_media,2022-05-03 15:27:07,2022-12-16 09:14:03,M->M,unknown,
大江网,no_media,2022-12-16 09:14:03,2022-12-16 10:37:00,M->M,unknown,
大江网,no_media,2022-12-16 10:37:00,2023-01-24 23:58:59,M->M,unknown,
大河网,no_media,2020-05-18 20:05:44,2021-08-18 10:51:33,M->M,unknown,
大河网,no_media,2021-08-18 10:51:33,2022-01-05 19:49:22,M->M,unknown,
大河网,no_media,2022-01-05 19:49:22,2022-02-04 14:16:38,M->M,unknown,
大河网,no_media,2022-02-04 14:16:38,2022-04-23 08:12:14,M->M,unknown,
大河网,no_media,2022-04-23 08:12:14,2022-04-24 07:54:54,M->M,unknown,
大河网,no_media,2022-04-24 07:54:54,2022-04-26 08:27:17,M->M,unknown,
大河网,no_media,2022-04-26 08:27:17,2022-04-30 07:57:22,M->M,unknown,
大河网,no_media,2022-04-30 07:57:22,2022-05-03 20:39:28,M->M,unknown,
大河网,no_media,2022-05-03 20:39:28,2022-05-06 08:03:46,M->M,unknown,
大河网,no_media,2022-05-06 08:03:46,2022-05-07 08:12:00,M->M,unknown,
大河网,no_media,2022-05-07 08:12:00,2022-05-10 07:51:14,M->M,unknown,
大河网,no_media,2022-05-10 07:51:14,2022-05-10 20:18:01,M->M,unknown,
大河网,no_media,2022-05-10 20:18:01,2022-05-11 08:22:42,M->M,unknown,
大河网,no_media,2022-05-11 08:22:42,2022-05-14 07:53:16,M->M,unknown,
大河网,no_media,2022-05-14 07:53:16,2022-05-15 08:05:27,M->M,unknown,
大河网,no_media,2022-05-15 08:05:27,2022-05-16 07:47:07,M->M,unknown,
大河网,no_media,2022-05-16 07:47:07,2022-05-17 17:21:38,M->M,unknown,
大河网,no_media,2022-05-17 17:21:38,2022-05-18 07:49:57,M->M,unknown,
大河网,no_media,2022-05-18 07:49:57,2022-05-20 21:50:07,M->M,unknown,
大河网,no_media,2022-05-20 21:50:07,2022-05-22 07:53:37,M->M,unknown,
大河网,no_media,2022-05-22 07:53:37,2022-05-24 07:47:33,M->M,unknown,
大河网,no_media,2022-05-24 07:47:33,2022-05-26 07:52:22,M->M,unknown,
大河网,no_media,2022-05-26 07:52:22,2022-05-27 15:33:56,M->M,unknown,
大河网,no_media,2022-05-27 15:33:56,2022-07-02 08:31:58,M->M,unknown,
大河网,no_media,2022-07-02 08:31:58,2022-07-08 10:33:45,M->M,unknown,
大河网,no_media,2022-07-08 10:33:45,2022-07-09 18:06:56,M->M,unknown,
大河网,no_media,2022-07-09 18:06:56,2022-07-14 14:50:16,M->M,unknown,
大河网,no_media,2022-07-14 14:50:16,2022-08-12 11:02:53,M->M,unknown,
大河网,no_media,2022-08-12 11:02:53,2022-08-24 09:00:24,M->M,unknown,
大河网,no_media,2022-08-24 09:00:24,2022-08-31 18:51:32,M->M,unknown,
大河网,no_media,2022-08-31 18:51:32,2022-09-27 09:28:43,M->M,unknown,
大河网,no_media,2022-09-27 09:28:43,2022-10-08 12:59:04,M->M,unknown,
大河网,no_media,2022-10-08 12:59:04,2022-11-26 20:23:39,M->M,unknown,
大河网,no_media,2022-11-26 20:23:39,2022-11-30 13:34:50,M->M,unknown,
大河网,no_media,2022-11-30 13:34:50,2022-12-01 19:07:13,M->M,unknown,
大河网,no_media,2022-12-01 19:07:13,2022-12-01 19:16:03,M->M,unknown,
大河网,no_media,2022-12-01 19:16:03,2022-12-07 13:34:35,M->M,unknown,
大河网,no_media,2022-12-07 13:34:35,2022-12-07 18:53:30,M->M,unknown,
大河网,no_media,2022-12-07 18:53:30,2022-12-07 20:21:50,M->M,unknown,
大河网,no_media,2022-12-07 20:21:50,2022-12-09 09:06:59,M->M,unknown,
大河网,no_media,2022-12-09 09:06:59,2022-12-09 11:57:55,M->M,unknown,
大河网,no_media,2022-12-09 11:57:55,2022-12-10 15:01:41,M->M,unknown,
大河网,no_media,2022-12-10 15:01:41,2022-12-10 20:58:14,M->M,unknown,
大河网,no_media,2022-12-10 20:58:14,2022-12-14 16:19:54,M->M,unknown,
大河网,no_media,2022-12-14 16:19:54,2022-12-14 18:39:15,M->M,unknown,
大河网,no_media,2022-12-14 18:39:15,2022-12-15 16:31:11,M->M,unknown,
大河网,no_media,2022-12-15 16:31:11,2022-12-16 17:20:30,M->M,unknown,
大河网,no_media,2022-12-16 17:20:30,2022-12-30 21:05:37,M->M,unknown,
大河网,no_media,2022-12-30 21:05:37,2022-12-31 13:54:59,M->M,unknown,
大河网,no_media,2022-12-31 13:54:59,2023-01-11 15:37:29,M->M,unknown,
大河网,no_media,2023-01-11 15:37:29,2023-03-24 09:20:58,M->M,unknown,
大河网,no_media,2023-03-24 09:20:58,2023-04-11 17:13:17,M->M,unknown,
大狍爱生活,no_media,2022-03-16 17:00:00,2022-03-17 11:00:00,M->M,unknown,
大竹发布,no_media,2020-04-16 11:13:17,2020-05-28 10:43:10,M->M,unknown,
大竹发布,no_media,2020-05-28 10:43:10,2020-08-03 15:12:21,M->M,unknown,
大竹发布,no_media,2020-08-03 15:12:21,2021-02-26 14:56:53,M->M,unknown,
大竹发布,no_media,2021-02-26 14:56:53,2021-03-09 15:13:04,M->M,unknown,
大竹发布,no_media,2021-03-09 15:13:04,2021-03-21 15:12:15,M->M,unknown,
大竹发布,no_media,2021-03-21 15:12:15,2021-04-08 15:19:38,M->M,unknown,
大竹发布,no_media,2021-04-08 15:19:38,2021-05-15 16:10:15,M->M,unknown,
大竹发布,no_media,2021-05-15 16:10:15,2021-05-27 15:43:09,M->M,unknown,
大竹发布,no_media,2021-05-27 15:43:09,2022-04-13 13:55:52,M->M,unknown,
大竹发布,no_media,2022-04-13 13:55:52,2022-12-16 09:33:28,M->M,unknown,
大竹发布,no_media,2022-12-16 09:33:28,2023-01-10 11:34:13,M->M,unknown,
大竹发布,no_media,2023-01-10 11:34:13,2023-01-25 15:52:06,M->M,unknown,
大耳朵中医,wemedia_only,2022-12-23 15:54:00,2022-12-23 21:16:00,M->M,unknown,
大耳朵中医,wemedia_only,2022-12-23 21:16:00,2022-12-24 08:17:00,M->M,unknown,
大耳朵中医,wemedia_only,2022-12-24 08:17:00,2022-12-24 16:29:00,M->M,unknown,
大耳朵中医,wemedia_only,2022-12-24 16:29:00,2022-12-25 14:07:00,M->M,unknown,
大耳朵中医,wemedia_only,2022-12-25 14:07:00,2022-12-26 15:52:00,M->M,unknown,
大耳朵中医,wemedia_only,2022-12-26 15:52:00,2022-12-26 20:22:00,M->M,unknown,
大耳朵中医,wemedia_only,2022-12-26 20:22:00,2022-12-27 08:19:00,M->M,unknown,
大耳朵中医,wemedia_only,2022-12-27 08:19:00,2022-12-28 22:24:00,M->M,unknown,
大耳朵中医,wemedia_only,2022-12-28 22:24:00,2023-01-03 18:46:00,M->M,unknown,
大耳朵中医,wemedia_only,2023-01-03 18:46:00,2023-01-03 21:09:00,M->M,unknown,
大耳朵中医,wemedia_only,2023-01-03 21:09:00,2023-01-03 22:12:00,M->M,unknown,
大耳朵中医,wemedia_only,2023-01-03 22:12:00,2023-01-06 19:50:00,M->M,unknown,
大耳朵中医,wemedia_only,2023-01-06 19:50:00,2023-01-07 15:43:00,M->M,unknown,
大耳朵中医,wemedia_only,2023-01-07 15:43:00,2023-01-07 23:26:00,M->M,unknown,
大耳朵中医,wemedia_only,2023-01-07 23:26:00,2023-01-08 13:41:00,M->M,unknown,
大耳朵中医,wemedia_only,2023-01-08 13:41:00,2023-01-10 21:37:00,M->M,unknown,
大耳朵中医,wemedia_only,2023-01-10 21:37:00,2023-01-11 07:00:00,M->M,unknown,
大耳朵中医,wemedia_only,2023-01-11 07:00:00,2023-01-11 14:00:00,M->M,unknown,
大耳朵中医,wemedia_only,2023-01-11 14:00:00,2023-01-14 07:46:00,M->M,unknown,
大耳朵中医,wemedia_only,2023-01-14 07:46:00,2023-01-14 08:04:00,M->M,unknown,
大耳朵中医,wemedia_only,2023-01-14 08:04:00,2023-01-16 14:12:00,M->M,unknown,
大耳朵中医,wemedia_only,2023-01-16 14:12:00,2023-01-16 14:24:00,M->M,unknown,
大耳朵中医,wemedia_only,2023-01-16 14:24:00,2023-01-18 07:39:00,M->M,unknown,
大耳朵中医,wemedia_only,2023-01-18 07:39:00,2023-01-20 10:04:00,M->M,unknown,
大耳朵中医,wemedia_only,2023-01-20 10:04:00,2023-01-20 12:55:00,M->M,unknown,
大耳朵中医,wemedia_only,2023-01-20 12:55:00,2023-01-25 13:27:00,M->M,unknown,
大耳朵中医,wemedia_only,2023-01-25 13:27:00,2023-02-06 13:21:00,M->M,unknown,
大耳朵中医,wemedia_only,2023-02-06 13:21:00,2023-02-07 17:40:00,M->M,unknown,
大耳朵中医,wemedia_only,2023-02-07 17:40:00,2023-02-08 13:03:00,M->M,unknown,
大耳朵中医,wemedia_only,2023-02-08 13:03:00,2023-02-10 14:15:00,M->M,unknown,
大耳朵中医,wemedia_only,2023-02-10 14:15:00,2023-06-11 14:21:00,M->M,unknown,
大耳朵中医,wemedia_only,2023-06-11 14:21:00,2023-06-22 15:19:00,M->M,unknown,
大耳朵中医,wemedia_only,2023-06-22 15:19:00,2023-06-23 10:46:00,M->M,unknown,
大耳朵中医,wemedia_only,2023-06-23 10:46:00,2023-06-26 15:57:00,M->M,unknown,
大耳朵中医,wemedia_only,2023-06-26 15:57:00,2023-10-01 16:28:00,M->M,unknown,
大耳朵中医,wemedia_only,2023-10-01 16:28:00,2023-10-30 15:31:00,M->M,unknown,
大英发布,no_media,2020-02-14 19:20:53,2020-02-16 12:13:16,M->M,unknown,
大英发布,no_media,2020-02-16 12:13:16,2020-02-21 22:37:26,M->M,unknown,
大豆钭江明,no_media,2023-02-14 14:50:08,2024-07-17 21:09:14,L->L,unknown,
大象新闻,no_media,2021-02-13 10:01:07,2021-02-14 09:16:19,L->M,unknown,
大象新闻,no_media,2021-02-14 09:16:19,2021-02-14 09:32:36,M->M,unknown,
大象新闻,no_media,2021-02-14 09:32:36,2021-11-04 17:58:52,M->M,unknown,
大象新闻,no_media,2021-11-04 17:58:52,2022-01-04 20:52:07,M->M,unknown,
大象新闻,no_media,2022-01-04 20:52:07,2022-01-07 19:20:47,M->M,unknown,
大象新闻,no_media,2022-01-07 19:20:47,2022-01-14 13:47:38,M->M,unknown,
大象新闻,no_media,2022-01-14 13:47:38,2022-01-17 09:17:04,M->M,unknown,
大象新闻,no_media,2022-01-17 09:17:04,2022-01-19 08:33:53,M->M,unknown,
大象新闻,no_media,2022-01-19 08:33:53,2022-04-04 08:46:12,M->M,unknown,
大象新闻,no_media,2022-04-04 08:46:12,2022-05-03 20:48:07,M->M,unknown,
大象新闻,no_media,2022-05-03 20:48:07,2022-05-05 16:32:04,M->M,unknown,
大象新闻,no_media,2022-05-05 16:32:04,2022-05-05 16:44:33,M->M,unknown,
大象新闻,no_media,2022-05-05 16:44:33,2022-05-10 09:00:39,M->M,unknown,
大象新闻,no_media,2022-05-10 09:00:39,2022-11-23 22:00:28,M->M,unknown,
大象新闻,no_media,2022-11-23 22:00:28,2022-12-07 09:34:17,M->M,unknown,
大象新闻,no_media,2022-12-07 09:34:17,2022-12-07 21:08:50,M->M,unknown,
大象新闻,no_media,2022-12-07 21:08:50,2022-12-07 21:10:49,M->M,unknown,
大象新闻,no_media,2022-12-07 21:10:49,2022-12-07 21:25:53,M->M,unknown,
大象新闻,no_media,2022-12-07 21:25:53,2023-01-06 16:39:52,M->M,unknown,
大象新闻,no_media,2023-01-06 16:39:52,2023-01-24 13:32:16,M->M,unknown,
大象时政,no_media,2020-01-28 08:19:18,2020-11-25 10:08:39,M->M,unknown,
大象时政,no_media,2020-11-25 10:08:39,2021-02-13 14:30:02,M->L,unknown,
大象时政,no_media,2021-02-13 14:30:02,2021-02-14 16:28:11,L->M,unknown,
大象时政,no_media,2021-02-14 16:28:11,2021-02-20 15:33:02,M->M,unknown,
大象时政,no_media,2021-02-20 15:33:02,2021-03-15 15:03:59,M->M,unknown,
大象时政,no_media,2021-03-15 15:03:59,2021-11-16 21:11:02,M->M,unknown,
大象时政,no_media,2021-11-16 21:11:02,2021-12-28 15:51:49,M->M,unknown,
大象时政,no_media,2021-12-28 15:51:49,2022-02-04 15:01:21,M->M,unknown,
大象时政,no_media,2022-02-04 15:01:21,2022-03-14 16:46:00,M->M,unknown,
大象时政,no_media,2022-03-14 16:46:00,2022-03-14 16:46:48,M->M,unknown,
大象时政,no_media,2022-03-14 16:46:48,2022-04-24 00:24:54,M->M,unknown,
大象时政,no_media,2022-04-24 00:24:54,2022-04-26 07:58:05,M->M,unknown,
大象时政,no_media,2022-04-26 07:58:05,2022-05-03 20:51:32,M->M,unknown,
大象时政,no_media,2022-05-03 20:51:32,2022-05-05 16:37:37,M->M,unknown,
大象时政,no_media,2022-05-05 16:37:37,2022-07-08 11:11:11,M->M,unknown,
大象时政,no_media,2022-07-08 11:11:11,2022-12-13 15:51:04,M->M,unknown,
大象时政,no_media,2022-12-13 15:51:04,2022-12-15 16:49:34,M->M,unknown,
大象时政,no_media,2022-12-15 16:49:34,2022-12-20 15:34:00,M->M,unknown,
大象时政,no_media,2022-12-20 15:34:00,2022-12-24 19:42:41,M->M,unknown,
天府发布,no_media,2020-02-16 10:56:54,2020-02-20 19:50:01,M->M,unknown,
天府发布,no_media,2020-02-20 19:50:01,2020-02-27 21:22:40,M->M,unknown,
天府发布,no_media,2020-02-27 21:22:40,2020-03-18 17:43:26,M->M,unknown,
天府发布,no_media,2020-03-18 17:43:26,2022-02-21 12:38:57,M->M,unknown,
天府发布,no_media,2022-02-21 12:38:57,2022-12-08 22:41:33,M->M,unknown,
天府发布,no_media,2022-12-08 22:41:33,2022-12-09 10:51:42,M->M,unknown,
天府发布,no_media,2022-12-09 10:51:42,2022-12-09 14:28:52,M->M,unknown,
天府发布,no_media,2022-12-09 14:28:52,2023-05-25 14:59:48,M->M,unknown,
天数此中求,no_media,2023-06-19 08:32:00,2023-07-26 19:41:00,M->M,unknown,
天数此中求,no_media,2023-07-26 19:41:00,2023-07-27 22:27:00,M->M,unknown,
天数此中求,no_media,2023-07-27 22:27:00,2024-02-07 23:31:00,M->M,unknown,
天津日报,no_media,2020-03-22 23:20:03,2020-04-23 17:00:04,M->M,unknown,
天津日报,no_media,2020-04-23 17:00:04,2020-05-26 21:30:03,M->M,unknown,
天津日报,no_media,2020-05-26 21:30:03,2020-10-10 08:38:09,M->M,unknown,
天津日报,no_media,2020-10-10 08:38:09,2021-01-07 21:41:16,M->M,unknown,
天津日报,no_media,2021-01-07 21:41:16,2021-02-21 21:20:45,M->M,unknown,
天津日报,no_media,2021-02-21 21:20:45,2021-03-25 18:20:03,M->M,unknown,
天津日报,no_media,2021-03-25 18:20:03,2021-04-21 20:14:39,M->M,unknown,
天津日报,no_media,2021-04-21 20:14:39,2021-05-31 16:20:03,M->M,unknown,
天津日报,no_media,2021-05-31 16:20:03,2021-06-08 22:15:58,M->M,unknown,
天津日报,no_media,2021-06-08 22:15:58,2021-08-03 18:30:03,M->M,unknown,
天津日报,no_media,2021-08-03 18:30:03,2021-12-05 17:17:00,M->M,unknown,
天津日报,no_media,2021-12-05 17:17:00,2021-12-08 19:20:00,M->M,unknown,
天津日报,no_media,2021-12-08 19:20:00,2021-12-09 22:40:01,M->M,unknown,
天津日报,no_media,2021-12-09 22:40:01,2022-01-07 07:00:52,M->M,unknown,
天津日报,no_media,2022-01-07 07:00:52,2022-01-08 23:11:06,M->M,unknown,
天津日报,no_media,2022-01-08 23:11:06,2022-03-23 15:19:47,M->M,unknown,
天津日报,no_media,2022-03-23 15:19:47,2022-04-01 08:20:01,M->M,unknown,
天津日报,no_media,2022-04-01 08:20:01,2022-04-06 16:20:01,M->M,unknown,
天津日报,no_media,2022-04-06 16:20:01,2022-04-23 08:20:00,M->M,unknown,
天津日报,no_media,2022-04-23 08:20:00,2022-04-25 09:20:00,M->M,unknown,
天津日报,no_media,2022-04-25 09:20:00,2022-04-25 22:40:01,M->M,unknown,
天津日报,no_media,2022-04-25 22:40:01,2022-04-28 08:45:00,M->M,unknown,
天津日报,no_media,2022-04-28 08:45:00,2022-05-01 10:40:02,M->M,unknown,
天津日报,no_media,2022-05-01 10:40:02,2022-05-02 11:03:00,M->M,unknown,
天津日报,no_media,2022-05-02 11:03:00,2022-05-03 08:40:00,M->M,unknown,
天津日报,no_media,2022-05-03 08:40:00,2022-05-05 09:05:00,M->M,unknown,
天津日报,no_media,2022-05-05 09:05:00,2022-05-07 08:08:45,M->M,unknown,
天津日报,no_media,2022-05-07 08:08:45,2022-05-07 08:20:00,M->M,unknown,
天津日报,no_media,2022-05-07 08:20:00,2022-05-09 09:40:00,M->M,unknown,
天津日报,no_media,2022-05-09 09:40:00,2022-07-05 20:14:01,M->M,unknown,
天津日报,no_media,2022-07-05 20:14:01,2022-07-05 22:19:00,M->M,unknown,
天津日报,no_media,2022-07-05 22:19:00,2022-08-25 16:20:02,M->M,unknown,
天津日报,no_media,2022-08-25 16:20:02,2022-11-10 11:00:02,M->M,unknown,
天津日报,no_media,2022-11-10 11:00:02,2022-12-07 13:30:55,M->M,unknown,
天津日报,no_media,2022-12-07 13:30:55,2022-12-08 23:02:11,M->M,unknown,
天津日报,no_media,2022-12-08 23:02:11,2022-12-15 17:40:04,M->M,unknown,
天津日报,no_media,2022-12-15 17:40:04,2022-12-16 11:20:00,M->H,unknown,
天津日报,no_media,2022-12-16 11:20:00,2022-12-18 17:00:00,H->M,unknown,
天津日报,no_media,2022-12-18 17:00:00,2022-12-27 09:40:01,M->M,unknown,
天津日报,no_media,2022-12-27 09:40:01,2022-12-31 08:40:01,M->M,unknown,
天津日报,no_media,2022-12-31 08:40:01,2023-01-03 20:35:55,M->M,unknown,
天津日报,no_media,2023-01-03 20:35:55,2023-01-16 15:40:01,M->M,unknown,
天津日报,no_media,2023-01-16 15:40:01,2023-01-18 16:16:00,M->M,unknown,
天津日报,no_media,2023-01-18 16:16:00,2023-03-02 13:28:39,M->M,unknown,
天涯漁人風林谷,no_media,2022-10-14 20:48:00,2022-12-17 05:54:00,M->M,unknown,
天真or有邪,no_media,2023-02-12 12:01:00,2023-02-27 18:27:00,H->L,unknown,
天真or有邪,no_media,2023-02-27 18:27:00,2023-03-01 19:24:00,L->H,unknown,
天真or有邪,no_media,2023-03-01 19:24:00,2023-03-02 21:51:00,H->H,unknown,
太原新闻网官方微博,no_media,2020-03-16 08:53:29,2020-03-18 17:30:16,M->M,unknown,
太原新闻网官方微博,no_media,2020-03-18 17:30:16,2020-03-28 15:02:55,M->M,unknown,
太原新闻网官方微博,no_media,2020-03-28 15:02:55,2020-04-23 15:39:41,M->M,unknown,
太原新闻网官方微博,no_media,2020-04-23 15:39:41,2020-04-23 19:39:23,M->M,unknown,
太原新闻网官方微博,no_media,2020-04-23 19:39:23,2020-04-28 15:11:19,M->M,unknown,
太原新闻网官方微博,no_media,2020-04-28 15:11:19,2020-04-29 19:06:32,M->M,unknown,
太原新闻网官方微博,no_media,2020-04-29 19:06:32,2020-12-27 10:53:51,M->M,unknown,
太原新闻网官方微博,no_media,2020-12-27 10:53:51,2021-04-22 19:47:06,M->M,unknown,
太原新闻网官方微博,no_media,2021-04-22 19:47:06,2021-04-24 13:33:03,M->M,unknown,
太原新闻网官方微博,no_media,2021-04-24 13:33:03,2021-10-26 18:25:56,M->M,unknown,
太原新闻网官方微博,no_media,2021-10-26 18:25:56,2021-11-09 16:01:30,M->M,unknown,
太原新闻网官方微博,no_media,2021-11-09 16:01:30,2022-01-11 15:10:28,M->M,unknown,
太原新闻网官方微博,no_media,2022-01-11 15:10:28,2022-01-12 12:22:51,M->M,unknown,
太原新闻网官方微博,no_media,2022-01-12 12:22:51,2022-01-13 11:34:11,M->M,unknown,
太原新闻网官方微博,no_media,2022-01-13 11:34:11,2022-01-22 14:49:43,M->M,unknown,
太原新闻网官方微博,no_media,2022-01-22 14:49:43,2022-03-02 11:55:22,M->M,unknown,
太原新闻网官方微博,no_media,2022-03-02 11:55:22,2022-03-14 09:52:44,M->M,unknown,
太原新闻网官方微博,no_media,2022-03-14 09:52:44,2022-04-04 23:11:53,M->M,unknown,
太原新闻网官方微博,no_media,2022-04-04 23:11:53,2022-04-07 12:15:32,M->M,unknown,
太原新闻网官方微博,no_media,2022-04-07 12:15:32,2022-04-12 12:24:22,M->M,unknown,
太原新闻网官方微博,no_media,2022-04-12 12:24:22,2022-04-21 08:50:22,M->M,unknown,
太原新闻网官方微博,no_media,2022-04-21 08:50:22,2022-04-27 21:40:28,M->M,unknown,
太原新闻网官方微博,no_media,2022-04-27 21:40:28,2022-04-29 16:11:42,M->M,unknown,
太原新闻网官方微博,no_media,2022-04-29 16:11:42,2022-05-12 10:02:36,M->M,unknown,
太原新闻网官方微博,no_media,2022-05-12 10:02:36,2022-05-16 10:00:22,M->M,unknown,
太原新闻网官方微博,no_media,2022-05-16 10:00:22,2022-05-17 15:11:05,M->M,unknown,
太原新闻网官方微博,no_media,2022-05-17 15:11:05,2022-05-31 17:57:38,M->M,unknown,
太原新闻网官方微博,no_media,2022-05-31 17:57:38,2022-07-21 11:36:46,M->M,unknown,
太原新闻网官方微博,no_media,2022-07-21 11:36:46,2022-07-22 23:15:18,M->M,unknown,
太原新闻网官方微博,no_media,2022-07-22 23:15:18,2022-08-09 10:42:31,M->M,unknown,
太原新闻网官方微博,no_media,2022-08-09 10:42:31,2022-12-07 16:07:26,M->M,unknown,
太原新闻网官方微博,no_media,2022-12-07 16:07:26,2022-12-07 17:27:35,M->M,unknown,
太原新闻网官方微博,no_media,2022-12-07 17:27:35,2022-12-09 16:50:44,M->M,unknown,
太原新闻网官方微博,no_media,2022-12-09 16:50:44,2022-12-09 16:56:15,M->M,unknown,
太原新闻网官方微博,no_media,2022-12-09 16:56:15,2022-12-16 14:02:00,M->M,unknown,
太原新闻网官方微博,no_media,2022-12-16 14:02:00,2022-12-31 07:34:15,M->M,unknown,
太原新闻网官方微博,no_media,2022-12-31 07:34:15,2023-01-07 07:52:59,M->M,unknown,
太原新闻网官方微博,no_media,2023-01-07 07:52:59,2023-01-09 19:28:42,M->M,unknown,
太原新闻网官方微博,no_media,2023-01-09 19:28:42,2023-01-15 13:31:57,M->M,unknown,
太原新闻网官方微博,no_media,2023-01-15 13:31:57,2023-01-18 18:01:43,M->M,unknown,
太原新闻网官方微博,no_media,2023-01-18 18:01:43,2023-02-13 16:45:57,M->M,unknown,
太原新闻网官方微博,no_media,2023-02-13 16:45:57,2023-02-13 16:48:57,M->M,unknown,
太原新闻网官方微博,no_media,2023-02-13 16:48:57,2023-02-14 12:20:34,M->M,unknown,
太原新闻网官方微博,no_media,2023-02-14 12:20:34,2023-02-14 12:21:26,M->M,unknown,
太原新闻网官方微博,no_media,2023-02-14 12:21:26,2023-02-14 21:38:10,M->M,unknown,
太原新闻网官方微博,no_media,2023-02-14 21:38:10,2023-02-23 20:53:57,M->M,unknown,
太原新闻网官方微博,no_media,2023-02-23 20:53:57,2023-03-06 16:36:33,M->M,unknown,
太原新闻网官方微博,no_media,2023-03-06 16:36:33,2023-04-11 15:57:37,M->M,unknown,
太原新闻网官方微博,no_media,2023-04-11 15:57:37,2023-04-11 20:17:46,M->M,unknown,
太原新闻网官方微博,no_media,2023-04-11 20:17:46,2023-05-30 12:50:31,M->M,unknown,
太原新闻网官方微博,no_media,2023-05-30 12:50:31,2023-10-11 18:04:05,M->M,unknown,
太原新闻网官方微博,no_media,2023-10-11 18:04:05,2023-12-10 17:45:51,M->M,unknown,
太原新闻网官方微博,no_media,2023-12-10 17:45:51,2023-12-17 09:40:57,M->M,unknown,
太原日报,no_media,2022-01-13 11:31:03,2023-02-14 13:01:29,M->M,unknown,
太原日报,no_media,2023-02-14 13:01:29,2023-02-28 16:33:57,M->M,unknown,
太原晚报,no_media,2020-02-20 09:38:40,2020-03-28 18:29:56,M->M,unknown,
太原晚报,no_media,2020-03-28 18:29:56,2020-04-23 17:31:01,M->M,unknown,
太原晚报,no_media,2020-04-23 17:31:01,2020-04-29 19:15:47,M->M,unknown,
太原晚报,no_media,2020-04-29 19:15:47,2020-04-30 17:56:50,M->M,unknown,
太原晚报,no_media,2020-04-30 17:56:50,2020-06-12 08:35:33,M->M,unknown,
太原晚报,no_media,2020-06-12 08:35:33,2020-06-14 12:45:42,M->M,unknown,
太原晚报,no_media,2020-06-14 12:45:42,2020-08-22 16:33:52,M->M,unknown,
太原晚报,no_media,2020-08-22 16:33:52,2021-08-03 12:10:27,M->M,unknown,
太原晚报,no_media,2021-08-03 12:10:27,2021-08-12 16:37:55,M->M,unknown,
太原晚报,no_media,2021-08-12 16:37:55,2021-11-09 10:47:15,M->M,unknown,
太原晚报,no_media,2021-11-09 10:47:15,2021-11-09 16:05:49,M->M,unknown,
太原晚报,no_media,2021-11-09 16:05:49,2022-01-11 15:08:15,M->M,unknown,
太原晚报,no_media,2022-01-11 15:08:15,2022-01-13 16:07:58,M->M,unknown,
太原晚报,no_media,2022-01-13 16:07:58,2022-01-22 15:36:46,M->M,unknown,
太原晚报,no_media,2022-01-22 15:36:46,2022-03-02 12:55:44,M->M,unknown,
太原晚报,no_media,2022-03-02 12:55:44,2022-04-04 23:44:30,M->M,unknown,
太原晚报,no_media,2022-04-04 23:44:30,2022-04-12 12:19:53,M->M,unknown,
太原晚报,no_media,2022-04-12 12:19:53,2022-04-21 09:03:14,M->M,unknown,
太原晚报,no_media,2022-04-21 09:03:14,2022-04-28 06:37:15,M->M,unknown,
太原晚报,no_media,2022-04-28 06:37:15,2022-04-29 11:19:46,M->M,unknown,
太原晚报,no_media,2022-04-29 11:19:46,2022-04-29 16:16:14,M->M,unknown,
太原晚报,no_media,2022-04-29 16:16:14,2022-05-02 13:22:28,M->M,unknown,
太原晚报,no_media,2022-05-02 13:22:28,2022-05-12 10:12:59,M->M,unknown,
太原晚报,no_media,2022-05-12 10:12:59,2022-05-14 19:55:43,M->M,unknown,
太原晚报,no_media,2022-05-14 19:55:43,2022-05-16 10:48:33,M->M,unknown,
太原晚报,no_media,2022-05-16 10:48:33,2022-07-21 12:06:30,M->M,unknown,
太原晚报,no_media,2022-07-21 12:06:30,2022-07-22 21:41:31,M->M,unknown,
太原晚报,no_media,2022-07-22 21:41:31,2022-08-09 11:47:13,M->M,unknown,
太原晚报,no_media,2022-08-09 11:47:13,2022-12-07 15:22:28,M->M,unknown,
太原晚报,no_media,2022-12-07 15:22:28,2022-12-11 08:22:09,M->M,unknown,
太原晚报,no_media,2022-12-11 08:22:09,2022-12-15 21:08:33,M->M,unknown,
太原晚报,no_media,2022-12-15 21:08:33,2022-12-16 08:26:24,M->M,unknown,
太原晚报,no_media,2022-12-16 08:26:24,2023-01-18 18:00:39,M->M,unknown,
太原晚报,no_media,2023-01-18 18:00:39,2023-04-11 15:51:01,M->M,unknown,
太原晚报,no_media,2023-04-11 15:51:01,2023-04-12 09:56:34,M->M,unknown,
太原晚报,no_media,2023-04-12 09:56:34,2023-05-30 12:15:35,M->M,unknown,
太原晚报,no_media,2023-05-30 12:15:35,2023-10-11 18:38:54,M->M,unknown,
太原晚报,no_media,2023-10-11 18:38:54,2023-12-10 19:01:06,M->M,unknown,
太原晚报,no_media,2023-12-10 19:01:06,2024-02-08 09:39:34,M->M,unknown,
太极推拿川式采耳培训59229,no_media,2023-01-01 15:18:00,2023-01-06 19:09:00,L->L,unknown,
太行日报,no_media,2020-02-20 09:20:42,2020-03-18 20:08:47,M->M,unknown,
太行日报,no_media,2020-03-18 20:08:47,2020-12-24 21:53:09,M->M,unknown,
太行日报,no_media,2020-12-24 21:53:09,2021-01-04 21:13:21,M->M,unknown,
太行日报,no_media,2021-01-04 21:13:21,2021-11-06 00:49:46,M->M,unknown,
太行日报,no_media,2021-11-06 00:49:46,2021-12-20 15:45:52,M->M,unknown,
太行日报,no_media,2021-12-20 15:45:52,2022-04-01 15:53:57,M->M,unknown,
太行日报,no_media,2022-04-01 15:53:57,2022-04-24 07:53:14,M->M,unknown,
太行日报,no_media,2022-04-24 07:53:14,2022-05-02 14:10:30,M->M,unknown,
太行日报,no_media,2022-05-02 14:10:30,2022-05-06 07:53:16,M->M,unknown,
央广网,no_media,2021-05-08 07:17:55,2022-01-08 15:59:01,M->M,unknown,
央广网,no_media,2022-01-08 15:59:01,2022-02-12 10:45:00,M->M,unknown,
央广网,no_media,2022-02-12 10:45:00,2022-03-24 17:00:01,M->M,unknown,
央广网,no_media,2022-03-24 17:00:01,2022-04-05 16:40:00,M->M,unknown,
央广网,no_media,2022-04-05 16:40:00,2022-04-19 07:53:25,M->M,unknown,
央广网,no_media,2022-04-19 07:53:25,2022-04-23 07:50:43,M->M,unknown,
央广网,no_media,2022-04-23 07:50:43,2022-04-24 07:53:38,M->M,unknown,
央广网,no_media,2022-04-24 07:53:38,2022-04-25 07:52:04,M->M,unknown,
央广网,no_media,2022-04-25 07:52:04,2022-04-26 07:53:50,M->M,unknown,
央广网,no_media,2022-04-26 07:53:50,2022-04-27 07:51:17,M->M,unknown,
央广网,no_media,2022-04-27 07:51:17,2022-04-28 07:49:26,M->M,unknown,
央广网,no_media,2022-04-28 07:49:26,2022-04-29 07:53:08,M->M,unknown,
央广网,no_media,2022-04-29 07:53:08,2022-04-30 07:53:39,M->M,unknown,
央广网,no_media,2022-04-30 07:53:39,2022-05-03 07:51:27,M->M,unknown,
央广网,no_media,2022-05-03 07:51:27,2022-05-04 07:50:11,M->M,unknown,
央广网,no_media,2022-05-04 07:50:11,2022-05-07 07:56:36,M->M,unknown,
央广网,no_media,2022-05-07 07:56:36,2022-05-08 08:00:49,M->M,unknown,
央广网,no_media,2022-05-08 08:00:49,2022-05-10 08:05:45,M->M,unknown,
央广网,no_media,2022-05-10 08:05:45,2022-05-11 07:49:53,M->M,unknown,
央广网,no_media,2022-05-11 07:49:53,2022-05-12 07:50:22,M->M,unknown,
央广网,no_media,2022-05-12 07:50:22,2022-05-15 07:49:07,M->M,unknown,
央广网,no_media,2022-05-15 07:49:07,2022-05-16 07:45:29,M->M,unknown,
央广网,no_media,2022-05-16 07:45:29,2022-05-22 08:08:19,M->M,unknown,
央广网,no_media,2022-05-22 08:08:19,2022-05-24 07:48:02,M->M,unknown,
央广网,no_media,2022-05-24 07:48:02,2022-05-26 08:23:00,M->M,unknown,
央广网,no_media,2022-05-26 08:23:00,2022-08-25 19:14:03,M->M,unknown,
央广网,no_media,2022-08-25 19:14:03,2022-11-25 19:41:53,M->M,unknown,
央广网,no_media,2022-11-25 19:41:53,2022-12-11 08:50:01,M->M,unknown,
央广网,no_media,2022-12-11 08:50:01,2022-12-19 17:38:43,M->M,unknown,
央广网,no_media,2022-12-19 17:38:43,2023-01-02 09:07:00,M->M,unknown,
央广网,no_media,2023-01-02 09:07:00,2023-01-06 21:30:39,M->M,unknown,
央广网,no_media,2023-01-06 21:30:39,2023-01-09 17:08:02,M->M,unknown,
央广网,no_media,2023-01-09 17:08:02,2023-01-13 21:22:30,M->M,unknown,
央广网,no_media,2023-01-13 21:22:30,2023-01-18 15:19:34,M->M,unknown,
央广网,no_media,2023-01-18 15:19:34,2024-01-14 15:06:47,M->M,unknown,
央视新闻,no_media,2020-02-07 12:14:38,2020-02-16 23:40:13,M->M,unknown,
央视新闻,no_media,2020-02-16 23:40:13,2020-02-20 10:15:04,M->M,unknown,
央视新闻,no_media,2020-02-20 10:15:04,2020-02-26 12:01:48,M->M,unknown,
央视新闻,no_media,2020-02-26 12:01:48,2020-04-23 15:28:39,M->M,unknown,
央视新闻,no_media,2020-04-23 15:28:39,2020-07-30 23:19:33,M->M,unknown,
央视新闻,no_media,2020-07-30 23:19:33,2020-12-24 08:09:38,M->M,unknown,
央视新闻,no_media,2020-12-24 08:09:38,2021-01-07 20:10:05,M->M,unknown,
央视新闻,no_media,2021-01-07 20:10:05,2022-01-08 15:50:32,M->M,unknown,
央视新闻,no_media,2022-01-08 15:50:32,2022-04-23 07:48:07,M->M,unknown,
央视新闻,no_media,2022-04-23 07:48:07,2022-04-24 07:50:34,M->M,unknown,
央视新闻,no_media,2022-04-24 07:50:34,2022-04-25 07:46:44,M->M,unknown,
央视新闻,no_media,2022-04-25 07:46:44,2022-04-26 07:46:41,M->M,unknown,
央视新闻,no_media,2022-04-26 07:46:41,2022-04-28 07:44:54,M->M,unknown,
央视新闻,no_media,2022-04-28 07:44:54,2022-04-30 07:51:26,M->M,unknown,
央视新闻,no_media,2022-04-30 07:51:26,2022-05-01 07:46:05,M->M,unknown,
央视新闻,no_media,2022-05-01 07:46:05,2022-05-03 07:50:44,M->M,unknown,
央视新闻,no_media,2022-05-03 07:50:44,2022-05-04 07:46:10,M->M,unknown,
央视新闻,no_media,2022-05-04 07:46:10,2022-05-05 07:44:51,M->M,unknown,
央视新闻,no_media,2022-05-05 07:44:51,2022-05-06 07:50:01,M->M,unknown,
央视新闻,no_media,2022-05-06 07:50:01,2022-05-07 07:47:26,M->M,unknown,
央视新闻,no_media,2022-05-07 07:47:26,2022-05-08 07:58:25,M->M,unknown,
央视新闻,no_media,2022-05-08 07:58:25,2022-05-09 07:48:02,M->M,unknown,
央视新闻,no_media,2022-05-09 07:48:02,2022-05-10 07:46:39,M->M,unknown,
央视新闻,no_media,2022-05-10 07:46:39,2022-05-11 07:45:32,M->M,unknown,
央视新闻,no_media,2022-05-11 07:45:32,2022-05-12 07:46:56,M->M,unknown,
央视新闻,no_media,2022-05-12 07:46:56,2022-05-13 07:46:16,M->M,unknown,
央视新闻,no_media,2022-05-13 07:46:16,2022-05-14 07:45:19,M->M,unknown,
央视新闻,no_media,2022-05-14 07:45:19,2022-05-15 07:45:56,M->M,unknown,
央视新闻,no_media,2022-05-15 07:45:56,2022-05-16 07:44:19,M->M,unknown,
央视新闻,no_media,2022-05-16 07:44:19,2022-05-18 07:46:49,M->M,unknown,
央视新闻,no_media,2022-05-18 07:46:49,2022-05-22 07:46:30,M->M,unknown,
央视新闻,no_media,2022-05-22 07:46:30,2022-05-24 07:45:49,M->M,unknown,
央视新闻,no_media,2022-05-24 07:45:49,2022-05-26 07:46:07,M->M,unknown,
央视新闻,no_media,2022-05-26 07:46:07,2022-12-06 14:23:29,M->M,unknown,
央视新闻,no_media,2022-12-06 14:23:29,2022-12-07 13:23:04,M->M,unknown,
央视新闻,no_media,2022-12-07 13:23:04,2022-12-24 18:15:41,M->M,unknown,
央视新闻,no_media,2022-12-24 18:15:41,2023-01-18 15:14:14,M->M,unknown,
央视网,no_media,2020-02-15 08:50:51,2020-02-16 19:00:03,M->M,unknown,
央视网,no_media,2020-02-16 19:00:03,2020-02-17 08:33:03,M->M,unknown,
央视网,no_media,2020-02-17 08:33:03,2020-02-19 07:51:00,M->M,unknown,
央视网,no_media,2020-02-19 07:51:00,2020-02-19 19:37:00,M->M,unknown,
央视网,no_media,2020-02-19 19:37:00,2020-02-20 10:30:03,M->M,unknown,
央视网,no_media,2020-02-20 10:30:03,2020-02-26 12:10:46,M->M,unknown,
央视网,no_media,2020-02-26 12:10:46,2020-03-01 13:30:06,M->M,unknown,
央视网,no_media,2020-03-01 13:30:06,2020-03-01 14:01:03,M->M,unknown,
央视网,no_media,2020-03-01 14:01:03,2020-03-07 13:08:16,M->M,unknown,
央视网,no_media,2020-03-07 13:08:16,2020-04-09 18:45:03,M->M,unknown,
央视网,no_media,2020-04-09 18:45:03,2020-04-23 15:57:03,M->M,unknown,
央视网,no_media,2020-04-23 15:57:03,2020-07-10 12:30:03,M->M,unknown,
央视网,no_media,2020-07-10 12:30:03,2020-07-31 06:53:52,M->M,unknown,
央视网,no_media,2020-07-31 06:53:52,2021-02-19 10:20:03,M->M,unknown,
央视网,no_media,2021-02-19 10:20:03,2021-08-12 16:37:35,M->M,unknown,
央视网,no_media,2021-08-12 16:37:35,2022-04-19 09:23:33,M->M,unknown,
央视网,no_media,2022-04-19 09:23:33,2022-11-18 10:17:29,M->M,unknown,
央视网,no_media,2022-11-18 10:17:29,2022-12-07 08:46:16,M->M,unknown,
央视网,no_media,2022-12-07 08:46:16,2022-12-07 13:45:33,M->M,unknown,
央视网,no_media,2022-12-07 13:45:33,2022-12-09 15:48:48,M->M,unknown,
央视网,no_media,2022-12-09 15:48:48,2022-12-26 12:42:05,M->M,unknown,
央视网,no_media,2022-12-26 12:42:05,2022-12-26 14:00:03,M->M,unknown,
央视网,no_media,2022-12-26 14:00:03,2022-12-30 08:42:02,M->M,unknown,
央视网,no_media,2022-12-30 08:42:02,2022-12-31 07:00:04,M->M,unknown,
央视网,no_media,2022-12-31 07:00:04,2023-01-05 10:31:59,M->M,unknown,
央视网,no_media,2023-01-05 10:31:59,2023-01-16 13:47:54,M->M,unknown,
央视网,no_media,2023-01-16 13:47:54,2023-03-01 08:18:02,M->M,unknown,
央视网,no_media,2023-03-01 08:18:02,2023-05-28 10:15:00,M->M,unknown,
央视网快看,no_media,2020-02-20 11:00:05,2020-02-20 15:22:13,M->M,unknown,
央视网快看,no_media,2020-02-20 15:22:13,2020-02-29 19:30:05,M->M,unknown,
央视网快看,no_media,2020-02-29 19:30:05,2021-01-11 21:00:31,M->M,unknown,
央视网快看,no_media,2021-01-11 21:00:31,2021-01-12 11:10:04,M->M,unknown,
央视网快看,no_media,2021-01-12 11:10:04,2021-03-15 09:04:35,M->M,unknown,
央视网快看,no_media,2021-03-15 09:04:35,2021-04-09 08:32:20,M->M,unknown,
央视网快看,no_media,2021-04-09 08:32:20,2021-06-23 16:30:47,M->M,unknown,
央视网快看,no_media,2021-06-23 16:30:47,2021-07-19 10:04:35,M->M,unknown,
央视网快看,no_media,2021-07-19 10:04:35,2021-08-01 17:00:26,M->M,unknown,
央视网快看,no_media,2021-08-01 17:00:26,2021-08-03 18:10:27,M->M,unknown,
央视网快看,no_media,2021-08-03 18:10:27,2021-11-03 18:15:55,M->M,unknown,
央视网快看,no_media,2021-11-03 18:15:55,2022-01-12 08:10:17,M->M,unknown,
央视网快看,no_media,2022-01-12 08:10:17,2022-01-12 10:10:22,M->M,unknown,
央视网快看,no_media,2022-01-12 10:10:22,2022-01-22 18:26:12,M->M,unknown,
央视网快看,no_media,2022-01-22 18:26:12,2022-04-06 09:33:27,M->M,unknown,
央视网快看,no_media,2022-04-06 09:33:27,2022-04-17 10:13:49,M->M,unknown,
央视网快看,no_media,2022-04-17 10:13:49,2022-05-27 17:25:58,M->M,unknown,
央视网快看,no_media,2022-05-27 17:25:58,2022-11-18 22:31:10,M->M,unknown,
央视网快看,no_media,2022-11-18 22:31:10,2022-11-29 16:20:59,M->M,unknown,
央视网快看,no_media,2022-11-29 16:20:59,2022-12-06 20:38:22,M->M,unknown,
央视网快看,no_media,2022-12-06 20:38:22,2022-12-07 09:39:04,M->M,unknown,
央视网快看,no_media,2022-12-07 09:39:04,2022-12-07 20:20:01,M->M,unknown,
央视网快看,no_media,2022-12-07 20:20:01,2022-12-10 15:00:16,M->M,unknown,
央视网快看,no_media,2022-12-10 15:00:16,2022-12-11 08:00:16,M->M,unknown,
央视网快看,no_media,2022-12-11 08:00:16,2022-12-15 12:45:00,M->M,unknown,
央视网快看,no_media,2022-12-15 12:45:00,2022-12-31 16:07:39,M->M,unknown,
央视网快看,no_media,2022-12-31 16:07:39,2023-01-12 07:20:34,M->M,unknown,
央视网快看,no_media,2023-01-12 07:20:34,2023-01-15 11:00:00,M->M,unknown,
央视网科技,no_media,2020-02-20 08:38:54,2020-11-09 15:59:45,M->M,unknown,
央视网科技,no_media,2020-11-09 15:59:45,2022-05-27 21:21:00,M->M,unknown,
央视网科技,no_media,2022-05-27 21:21:00,2022-11-18 14:39:00,M->M,unknown,
央视网科技,no_media,2022-11-18 14:39:00,2022-12-07 09:48:00,M->M,unknown,
央视网科技,no_media,2022-12-07 09:48:00,2022-12-07 13:50:38,M->M,unknown,
央视网科技,no_media,2022-12-07 13:50:38,2022-12-10 08:35:00,M->M,unknown,
央视网科技,no_media,2022-12-10 08:35:00,2022-12-15 14:00:00,M->M,unknown,
央视网科技,no_media,2022-12-15 14:00:00,2023-01-02 09:41:00,M->M,unknown,
央视网科技,no_media,2023-01-02 09:41:00,2023-01-05 13:10:00,M->M,unknown,
奥卡姆剃刀,no_media,2020-02-20 08:21:01,2022-11-07 09:15:09,M->M,unknown,
奥卡姆剃刀,no_media,2022-11-07 09:15:09,2022-11-07 19:36:22,M->M,unknown,
她不会取,no_media,2023-01-05 06:23:00,2023-01-12 06:12:00,H->H,unknown,
孝感日报,no_media,2020-02-17 20:53:19,2020-02-19 09:02:43,M->M,unknown,
孝感日报,no_media,2020-02-19 09:02:43,2020-02-20 14:27:31,M->M,unknown,
孝感日报,no_media,2020-02-20 14:27:31,2020-02-23 22:48:03,M->M,unknown,
孝感日报,no_media,2020-02-23 22:48:03,2020-02-24 11:14:59,M->M,unknown,
孝感日报,no_media,2020-02-24 11:14:59,2020-02-27 16:08:59,M->M,unknown,
孝感日报,no_media,2020-02-27 16:08:59,2020-02-28 16:55:32,M->M,unknown,
孝感日报,no_media,2020-02-28 16:55:32,2020-02-28 17:03:02,M->M,unknown,
孝感日报,no_media,2020-02-28 17:03:02,2020-02-28 22:21:34,M->M,unknown,
孝感日报,no_media,2020-02-28 22:21:34,2020-02-28 22:32:50,M->M,unknown,
孝感日报,no_media,2020-02-28 22:32:50,2020-02-28 22:33:52,M->M,unknown,
孝感日报,no_media,2020-02-28 22:33:52,2020-03-01 13:04:07,M->M,unknown,
孝感日报,no_media,2020-03-01 13:04:07,2020-03-01 16:51:58,M->M,unknown,
孝感日报,no_media,2020-03-01 16:51:58,2020-03-02 22:38:56,M->M,unknown,
孝感日报,no_media,2020-03-02 22:38:56,2020-03-03 22:16:25,M->M,unknown,
孝感日报,no_media,2020-03-03 22:16:25,2020-03-04 12:31:58,M->M,unknown,
孝感日报,no_media,2020-03-04 12:31:58,2020-03-05 10:53:36,M->M,unknown,
孝感日报,no_media,2020-03-05 10:53:36,2020-03-06 18:11:26,M->M,unknown,
孝感日报,no_media,2020-03-06 18:11:26,2020-03-07 09:20:44,M->M,unknown,
孝感日报,no_media,2020-03-07 09:20:44,2020-03-08 12:39:27,M->M,unknown,
孝感日报,no_media,2020-03-08 12:39:27,2020-03-08 17:31:31,M->M,unknown,
孝感日报,no_media,2020-03-08 17:31:31,2020-03-11 16:23:37,M->M,unknown,
孝感日报,no_media,2020-03-11 16:23:37,2020-03-14 19:48:01,M->M,unknown,
孝感日报,no_media,2020-03-14 19:48:01,2020-03-17 12:47:41,M->M,unknown,
孝感日报,no_media,2020-03-17 12:47:41,2020-03-18 22:45:48,M->M,unknown,
孝感日报,no_media,2020-03-18 22:45:48,2020-03-19 19:31:30,M->M,unknown,
孝感日报,no_media,2020-03-19 19:31:30,2020-04-23 16:29:03,M->M,unknown,
孝感日报,no_media,2020-04-23 16:29:03,2020-04-25 17:23:17,M->M,unknown,
孝感日报,no_media,2020-04-25 17:23:17,2020-05-19 15:58:38,M->M,unknown,
孝感日报,no_media,2020-05-19 15:58:38,2021-01-12 10:03:23,M->M,unknown,
孝感日报,no_media,2021-01-12 10:03:23,2021-08-12 17:31:07,M->M,unknown,
孝感日报,no_media,2021-08-12 17:31:07,2022-01-03 09:12:44,M->M,unknown,
孝感日报,no_media,2022-01-03 09:12:44,2022-09-07 16:51:26,M->M,unknown,
孝感日报,no_media,2022-09-07 16:51:26,2022-12-15 17:37:22,M->M,unknown,
孝感日报,no_media,2022-12-15 17:37:22,2023-01-10 22:39:03,M->M,unknown,
孝感日报,no_media,2023-01-10 22:39:03,2023-07-06 14:00:00,M->M,unknown,
孝视新闻眼,no_media,2020-02-28 15:51:23,2020-07-09 15:33:39,M->M,unknown,
孝视新闻眼,no_media,2020-07-09 15:33:39,2021-02-02 10:23:08,M->M,unknown,
孝视新闻眼,no_media,2021-02-02 10:23:08,2022-02-24 17:28:07,M->M,unknown,
孝视新闻眼,no_media,2022-02-24 17:28:07,2022-06-02 20:14:11,M->M,unknown,
孝视新闻眼,no_media,2022-06-02 20:14:11,2022-12-08 10:32:44,M->M,unknown,
孝视新闻眼,no_media,2022-12-08 10:32:44,2022-12-27 14:33:13,M->M,unknown,
孟静舍,no_media,2023-02-02 23:02:00,2023-02-06 18:25:00,M->M,unknown,
孟静舍,no_media,2023-02-06 18:25:00,2023-02-06 19:11:00,M->M,unknown,
孟静舍,no_media,2023-02-06 19:11:00,2023-02-08 08:30:00,M->M,unknown,
季千辰霏,no_media,2023-01-08 16:36:00,2023-01-08 16:36:00,H->L,unknown,
宁夏新闻网,no_media,2021-04-09 14:55:39,2022-01-07 06:36:44,M->M,unknown,
宁夏新闻网,no_media,2022-01-07 06:36:44,2022-04-04 14:06:06,M->M,unknown,
宁夏新闻网,no_media,2022-04-04 14:06:06,2022-04-18 08:27:17,M->M,unknown,
宁夏新闻网,no_media,2022-04-18 08:27:17,2022-04-19 07:55:41,M->M,unknown,
宁夏新闻网,no_media,2022-04-19 07:55:41,2022-04-28 07:53:07,M->M,unknown,
宁夏新闻网,no_media,2022-04-28 07:53:07,2022-05-04 07:57:20,M->M,unknown,
宁夏新闻网,no_media,2022-05-04 07:57:20,2022-05-05 07:54:20,M->M,unknown,
宁夏新闻网,no_media,2022-05-05 07:54:20,2022-07-29 16:38:40,M->M,unknown,
宁夏新闻网,no_media,2022-07-29 16:38:40,2022-07-30 07:14:36,M->M,unknown,
宁夏新闻网,no_media,2022-07-30 07:14:36,2022-09-25 09:16:08,M->M,unknown,
宁夏新闻网,no_media,2022-09-25 09:16:08,2022-10-14 14:16:51,M->M,unknown,
宁夏新闻网,no_media,2022-10-14 14:16:51,2022-11-29 15:38:10,M->M,unknown,
宁夏新闻网,no_media,2022-11-29 15:38:10,2022-12-01 17:11:47,M->M,unknown,
宁夏新闻网,no_media,2022-12-01 17:11:47,2022-12-04 22:25:40,M->M,unknown,
宁夏新闻网,no_media,2022-12-04 22:25:40,2022-12-05 07:33:54,M->M,unknown,
宁夏新闻网,no_media,2022-12-05 07:33:54,2022-12-07 16:08:45,M->M,unknown,
宁夏新闻网,no_media,2022-12-07 16:08:45,2022-12-09 10:09:01,M->M,unknown,
宁夏新闻网,no_media,2022-12-09 10:09:01,2022-12-10 17:20:02,M->M,unknown,
宁夏新闻网,no_media,2022-12-10 17:20:02,2022-12-11 11:12:13,M->M,unknown,
宁夏新闻网,no_media,2022-12-11 11:12:13,2022-12-15 18:29:39,M->M,unknown,
宁夏新闻网,no_media,2022-12-15 18:29:39,2022-12-16 22:20:27,M->M,unknown,
宁夏新闻网,no_media,2022-12-16 22:20:27,2022-12-16 22:28:15,M->M,unknown,
宁夏新闻网,no_media,2022-12-16 22:28:15,2022-12-17 14:50:54,M->M,unknown,
宁夏新闻网,no_media,2022-12-17 14:50:54,2023-01-02 06:48:53,M->M,unknown,
宁夏新闻网,no_media,2023-01-02 06:48:53,2023-01-13 22:15:04,M->M,unknown,
安吉发布,no_media,2020-09-18 14:18:06,2021-04-09 18:30:03,M->M,unknown,
安吉发布,no_media,2021-04-09 18:30:03,2022-05-24 09:15:32,M->M,unknown,
安吉发布,no_media,2022-05-24 09:15:32,2022-05-26 10:48:47,M->M,unknown,
安吉发布,no_media,2022-05-26 10:48:47,2022-12-15 16:53:09,M->M,unknown,
安吉发布,no_media,2022-12-15 16:53:09,2023-01-12 08:41:16,M->M,unknown,
安康检察,no_media,2020-03-19 08:47:20,2020-11-28 20:45:20,M->M,unknown,
安康检察,no_media,2020-11-28 20:45:20,2021-04-14 09:19:14,M->M,unknown,
安康检察,no_media,2021-04-14 09:19:14,2021-10-28 15:17:56,M->M,unknown,
安康检察,no_media,2021-10-28 15:17:56,2022-01-12 15:41:31,M->M,unknown,
安康检察,no_media,2022-01-12 15:41:31,2022-05-09 09:37:33,M->M,unknown,
安康检察,no_media,2022-05-09 09:37:33,2022-05-11 09:01:33,M->M,unknown,
安康检察,no_media,2022-05-11 09:01:33,2022-12-08 16:18:05,M->M,unknown,
安康检察,no_media,2022-12-08 16:18:05,2022-12-09 09:32:14,M->M,unknown,
安康检察,no_media,2022-12-09 09:32:14,2022-12-15 17:25:08,M->M,unknown,
安康检察,no_media,2022-12-15 17:25:08,2022-12-15 17:25:21,M->M,unknown,
安康检察,no_media,2022-12-15 17:25:21,2022-12-15 22:26:43,M->M,unknown,
安徽之声,no_media,2020-01-26 17:05:34,2020-01-31 09:39:36,M->M,unknown,
安徽之声,no_media,2020-01-31 09:39:36,2020-02-06 13:43:19,M->M,unknown,
安徽之声,no_media,2020-02-06 13:43:19,2020-02-07 09:02:51,M->M,unknown,
安徽之声,no_media,2020-02-07 09:02:51,2020-02-09 08:50:12,M->M,unknown,
安徽之声,no_media,2020-02-09 08:50:12,2020-02-09 10:13:38,M->M,unknown,
安徽之声,no_media,2020-02-09 10:13:38,2020-02-09 12:14:46,M->M,unknown,
安徽之声,no_media,2020-02-09 12:14:46,2020-02-10 09:26:24,M->M,unknown,
安徽之声,no_media,2020-02-10 09:26:24,2020-02-12 10:43:19,M->M,unknown,
安徽之声,no_media,2020-02-12 10:43:19,2020-02-16 10:01:36,M->M,unknown,
安徽之声,no_media,2020-02-16 10:01:36,2020-02-16 21:42:51,M->M,unknown,
安徽之声,no_media,2020-02-16 21:42:51,2020-02-20 10:48:52,M->M,unknown,
安徽之声,no_media,2020-02-20 10:48:52,2020-02-20 12:52:07,M->M,unknown,
安徽之声,no_media,2020-02-20 12:52:07,2020-02-23 19:36:28,M->M,unknown,
安徽之声,no_media,2020-02-23 19:36:28,2020-02-25 01:43:25,M->M,unknown,
安徽之声,no_media,2020-02-25 01:43:25,2020-04-09 10:34:39,M->M,unknown,
安徽之声,no_media,2020-04-09 10:34:39,2020-10-22 17:09:52,M->M,unknown,
安徽之声,no_media,2020-10-22 17:09:52,2020-11-25 09:03:03,M->M,unknown,
安徽之声,no_media,2020-11-25 09:03:03,2021-01-08 08:37:01,M->M,unknown,
安徽之声,no_media,2021-01-08 08:37:01,2021-01-08 09:24:59,M->M,unknown,
安徽之声,no_media,2021-01-08 09:24:59,2021-02-26 07:49:29,M->M,unknown,
安徽之声,no_media,2021-02-26 07:49:29,2021-02-26 10:35:44,M->M,unknown,
安徽之声,no_media,2021-02-26 10:35:44,2021-03-06 08:21:55,M->M,unknown,
安徽之声,no_media,2021-03-06 08:21:55,2021-03-19 06:28:11,M->M,unknown,
安徽之声,no_media,2021-03-19 06:28:11,2021-03-21 07:21:19,M->M,unknown,
安徽之声,no_media,2021-03-21 07:21:19,2021-04-06 12:54:24,M->M,unknown,
安徽之声,no_media,2021-04-06 12:54:24,2021-04-06 13:34:47,M->M,unknown,
安徽之声,no_media,2021-04-06 13:34:47,2021-04-13 09:28:43,M->M,unknown,
安徽之声,no_media,2021-04-13 09:28:43,2021-05-26 16:18:19,M->M,unknown,
安徽之声,no_media,2021-05-26 16:18:19,2021-05-27 13:53:48,M->M,unknown,
安徽之声,no_media,2021-05-27 13:53:48,2021-09-15 08:08:27,M->M,unknown,
安徽之声,no_media,2021-09-15 08:08:27,2021-11-25 14:15:36,M->M,unknown,
安徽之声,no_media,2021-11-25 14:15:36,2021-12-03 08:31:09,M->M,unknown,
安徽之声,no_media,2021-12-03 08:31:09,2022-01-01 09:54:21,M->M,unknown,
安徽之声,no_media,2022-01-01 09:54:21,2022-01-12 09:46:26,M->M,unknown,
安徽之声,no_media,2022-01-12 09:46:26,2022-02-12 11:26:35,M->M,unknown,
安徽之声,no_media,2022-02-12 11:26:35,2022-04-17 20:27:31,M->M,unknown,
安徽之声,no_media,2022-04-17 20:27:31,2022-04-25 14:17:53,M->M,unknown,
安徽之声,no_media,2022-04-25 14:17:53,2022-11-21 22:35:32,M->M,unknown,
安徽之声,no_media,2022-11-21 22:35:32,2022-12-07 14:48:03,M->M,unknown,
安徽之声,no_media,2022-12-07 14:48:03,2022-12-26 14:44:05,M->M,unknown,
安徽之声,no_media,2022-12-26 14:44:05,2023-01-09 20:58:46,M->M,unknown,
安徽之声,no_media,2023-01-09 20:58:46,2023-01-16 15:00:14,M->M,unknown,
安徽之声,no_media,2023-01-16 15:00:14,2023-01-18 16:03:09,M->M,unknown,
安徽之声,no_media,2023-01-18 16:03:09,2023-01-23 18:12:31,M->M,unknown,
安徽之声,no_media,2023-01-23 18:12:31,2023-03-01 08:19:38,M->M,unknown,
安徽反邪教,no_media,2020-02-09 08:53:09,2020-02-15 07:23:57,M->M,unknown,
安徽反邪教,no_media,2020-02-15 07:23:57,2020-02-20 08:23:38,M->M,unknown,
安徽反邪教,no_media,2020-02-20 08:23:38,2020-03-01 17:46:16,M->M,unknown,
安徽反邪教,no_media,2020-03-01 17:46:16,2020-03-18 18:02:34,M->M,unknown,
安徽反邪教,no_media,2020-03-18 18:02:34,2020-05-28 09:05:09,M->M,unknown,
安徽反邪教,no_media,2020-05-28 09:05:09,2021-04-09 15:51:42,M->M,unknown,
安徽反邪教,no_media,2021-04-09 15:51:42,2021-04-09 17:17:34,M->M,unknown,
安徽反邪教,no_media,2021-04-09 17:17:34,2021-04-13 10:22:03,M->M,unknown,
安徽反邪教,no_media,2021-04-13 10:22:03,2022-12-07 17:02:10,M->M,unknown,
安徽日报,no_media,2020-02-09 08:54:41,2020-03-02 17:05:30,M->M,unknown,
安徽日报,no_media,2020-03-02 17:05:30,2020-04-23 17:05:03,M->M,unknown,
安徽日报,no_media,2020-04-23 17:05:03,2020-08-03 17:36:08,M->M,unknown,
安徽日报,no_media,2020-08-03 17:36:08,2021-03-08 22:01:11,M->M,unknown,
安徽日报,no_media,2021-03-08 22:01:11,2021-04-09 16:40:03,M->M,unknown,
安徽日报,no_media,2021-04-09 16:40:03,2022-01-01 21:55:00,M->M,unknown,
安徽日报,no_media,2022-01-01 21:55:00,2022-01-08 17:03:00,M->M,unknown,
安徽日报,no_media,2022-01-08 17:03:00,2022-01-12 09:43:59,M->M,unknown,
安徽日报,no_media,2022-01-12 09:43:59,2022-03-30 08:15:00,M->M,unknown,
安徽日报,no_media,2022-03-30 08:15:00,2022-04-06 17:37:02,M->M,unknown,
安徽日报,no_media,2022-04-06 17:37:02,2022-04-17 21:48:57,M->M,unknown,
安徽日报,no_media,2022-04-17 21:48:57,2022-12-06 14:55:21,M->M,unknown,
安徽日报,no_media,2022-12-06 14:55:21,2022-12-07 13:50:30,M->M,unknown,
安徽日报,no_media,2022-12-07 13:50:30,2022-12-08 19:37:00,M->M,unknown,
安徽日报,no_media,2022-12-08 19:37:00,2022-12-09 10:19:39,M->M,unknown,
安徽日报,no_media,2022-12-09 10:19:39,2022-12-15 17:57:37,M->M,unknown,
安徽日报,no_media,2022-12-15 17:57:37,2022-12-27 09:13:00,M->M,unknown,
安徽日报,no_media,2022-12-27 09:13:00,2023-01-13 22:58:04,M->M,unknown,
安徽检察,no_media,2020-02-09 09:02:03,2020-03-18 18:15:55,M->M,unknown,
安徽检察,no_media,2020-03-18 18:15:55,2021-02-20 15:19:27,M->M,unknown,
安徽检察,no_media,2021-02-20 15:19:27,2022-12-16 07:55:48,M->M,unknown,
安徽网,mainstream_only,2020-02-10 09:16:37,2020-02-20 10:29:24,M->M,unknown,
安徽网,mainstream_only,2020-02-20 10:29:24,2020-05-28 09:44:19,M->M,unknown,
安徽网,mainstream_only,2020-05-28 09:44:19,2023-01-02 12:17:25,M->M,unknown,
安徽网,mainstream_only,2023-01-02 12:17:25,2023-01-05 09:30:01,M->M,unknown,
安徽网,mainstream_only,2023-01-05 09:30:01,2023-01-18 15:49:13,M->M,unknown,
安徽网,mainstream_only,2023-01-18 15:49:13,2023-02-01 10:00:00,M->M,unknown,
安徽视讯,no_media,2023-01-23 10:56:00,2023-02-03 10:26:38,M->M,unknown,
安研健康,no_media,2023-01-12 11:08:00,2023-01-18 08:31:00,M->M,unknown,
安研健康,no_media,2023-01-18 08:31:00,2023-01-19 18:48:00,M->M,unknown,
安研健康,no_media,2023-01-19 18:48:00,2023-01-20 10:49:00,M->M,unknown,
安研健康,no_media,2023-01-20 10:49:00,2023-01-31 22:07:00,M->M,unknown,
安研健康,no_media,2023-01-31 22:07:00,2023-02-04 23:29:00,M->M,unknown,
安研健康,no_media,2023-02-04 23:29:00,2023-02-07 07:47:00,M->M,unknown,
安研健康,no_media,2023-02-07 07:47:00,2023-02-10 22:23:00,M->M,unknown,
安研健康,no_media,2023-02-10 22:23:00,2023-02-11 07:06:00,M->M,unknown,
安研健康,no_media,2023-02-11 07:06:00,2023-02-15 23:39:00,M->M,unknown,
安研健康,no_media,2023-02-15 23:39:00,2023-02-21 13:14:00,M->M,unknown,
安阳云上,no_media,2022-03-14 13:44:00,2022-03-14 13:44:00,M->H,unknown,
安阳云上,no_media,2022-03-14 13:44:00,2022-03-14 13:45:00,H->M,unknown,
安阳同城会,no_media,2022-03-14 13:44:00,2022-03-14 13:44:00,M->H,unknown,
安阳同城会,no_media,2022-03-14 13:44:00,2022-03-14 13:45:00,H->M,unknown,
安阳妈妈帮,no_media,2022-03-14 13:44:00,2022-03-14 13:44:00,M->H,unknown,
安阳妈妈帮,no_media,2022-03-14 13:44:00,2022-03-14 13:45:00,H->M,unknown,
安阳融媒,no_media,2020-02-18 17:00:37,2020-02-28 10:00:19,M->M,unknown,
安阳融媒,no_media,2020-02-28 10:00:19,2020-04-17 09:44:42,M->M,unknown,
安阳融媒,no_media,2020-04-17 09:44:42,2020-05-22 11:38:32,M->M,unknown,
安阳融媒,no_media,2020-05-22 11:38:32,2021-01-08 10:28:57,M->M,unknown,
安阳融媒,no_media,2021-01-08 10:28:57,2022-01-15 10:58:32,M->M,unknown,
安阳融媒,no_media,2022-01-15 10:58:32,2022-01-16 10:32:39,M->M,unknown,
安阳融媒,no_media,2022-01-16 10:32:39,2022-01-17 10:38:30,M->M,unknown,
安阳融媒,no_media,2022-01-17 10:38:30,2024-02-03 15:55:00,M->M,unknown,
安阳融媒,no_media,2024-02-03 15:55:00,2024-03-03 11:22:13,M->M,unknown,
安阳论坛,no_media,2022-03-14 13:44:00,2022-03-14 13:44:00,M->H,unknown,
安阳论坛,no_media,2022-03-14 13:44:00,2022-03-14 13:45:00,H->M,unknown,
安阳身边儿事,no_media,2022-03-14 13:44:00,2022-03-14 13:44:00,M->H,unknown,
安阳身边儿事,no_media,2022-03-14 13:44:00,2022-03-14 13:45:00,H->M,unknown,
宋中清主任律师,no_media,2021-02-08 23:53:00,2021-09-15 23:29:00,H->H,unknown,
宋中清主任律师,no_media,2021-09-15 23:29:00,2022-01-12 12:11:00,H->M,unknown,
宋中清主任律师,no_media,2022-01-12 12:11:00,2022-01-14 23:18:00,M->M,unknown,
宋中清主任律师,no_media,2022-01-14 23:18:00,2022-01-15 05:43:00,M->H,unknown,
宋中清主任律师,no_media,2022-01-15 05:43:00,2022-04-26 05:24:00,H->M,unknown,
宋中清主任律师,no_media,2022-04-26 05:24:00,2022-07-20 00:14:00,M->H,unknown,
宋中清主任律师,no_media,2022-07-20 00:14:00,2022-08-15 01:19:00,H->M,unknown,
宋中清主任律师,no_media,2022-08-15 01:19:00,2022-09-24 01:08:00,M->M,unknown,
宋中清主任律师,no_media,2022-09-24 01:08:00,2022-10-11 05:46:00,M->M,unknown,
宋中清主任律师,no_media,2022-10-11 05:46:00,2022-10-14 08:52:00,M->M,unknown,
宋中清主任律师,no_media,2022-10-14 08:52:00,2022-12-01 18:21:00,M->M,unknown,
宋中清主任律师,no_media,2022-12-01 18:21:00,2023-01-26 00:17:00,M->M,unknown,
宋中清主任律师,no_media,2023-01-26 00:17:00,2023-09-27 09:24:00,M->L,unknown,
宜善园互联网医院,no_media,2023-01-04 17:00:00,2023-01-10 10:08:00,M->M,unknown,
宜春日报v,no_media,2020-04-24 09:38:36,2020-11-30 21:18:29,M->M,unknown,
宜春日报v,no_media,2020-11-30 21:18:29,2021-01-17 09:59:24,M->M,unknown,
宜春日报v,no_media,2021-01-17 09:59:24,2022-12-08 11:00:01,M->M,unknown,
宜春日报v,no_media,2022-12-08 11:00:01,2022-12-25 11:11:00,M->M,unknown,
宜春日报v,no_media,2022-12-25 11:11:00,2022-12-31 10:44:00,M->M,unknown,
宜春日报v,no_media,2022-12-31 10:44:00,2023-01-11 12:54:01,M->M,unknown,
宝鸡新闻网,no_media,2020-02-24 09:34:04,2020-06-10 16:51:21,M->M,unknown,
宝鸡检察,mainstream_only,2020-03-02 07:23:34,2021-01-08 08:50:49,M->M,unknown,
宝鸡检察,mainstream_only,2021-01-08 08:50:49,2022-01-12 15:49:34,M->M,unknown,
宝鸡检察,mainstream_only,2022-01-12 15:49:34,2022-01-13 15:24:01,M->M,unknown,
宝鸡检察,mainstream_only,2022-01-13 15:24:01,2022-04-07 11:09:01,M->M,unknown,
寅时初白,no_media,2022-12-23 17:41:00,2022-12-28 10:19:00,M->M,unknown,
寅时初白,no_media,2022-12-28 10:19:00,2022-12-30 21:14:00,M->M,unknown,
寅时初白,no_media,2022-12-30 21:14:00,2023-02-03 11:12:00,M->M,unknown,
富山药品海外旗舰店,no_media,2023-01-13 09:29:00,2023-01-16 10:54:00,M->M,unknown,
富平检察,mainstream_only,2022-01-12 08:49:58,2022-03-14 15:30:00,M->M,unknown,
富平检察,mainstream_only,2022-03-14 15:30:00,2022-03-14 15:30:29,M->M,risk,1.0
富平检察,mainstream_only,2022-03-14 15:30:29,2022-04-25 20:00:55,M->M,risk,1.0
富平检察,mainstream_only,2022-04-25 20:00:55,2022-04-25 20:38:54,M->M,unknown,
富平检察,mainstream_only,2022-04-25 20:38:54,2022-05-04 09:38:48,M->M,unknown,
富平检察,mainstream_only,2022-05-04 09:38:48,2022-12-11 22:35:18,M->M,unknown,
封面新闻,no_media,2020-01-28 23:42:20,2020-01-31 21:58:41,M->M,unknown,
封面新闻,no_media,2020-01-31 21:58:41,2020-02-12 09:31:59,M->M,unknown,
封面新闻,no_media,2020-02-12 09:31:59,2020-02-14 22:25:20,M->M,unknown,
封面新闻,no_media,2020-02-14 22:25:20,2020-02-20 09:19:03,M->M,unknown,
封面新闻,no_media,2020-02-20 09:19:03,2020-02-20 12:15:22,M->M,unknown,
封面新闻,no_media,2020-02-20 12:15:22,2020-02-20 18:49:43,M->M,unknown,
封面新闻,no_media,2020-02-20 18:49:43,2020-03-06 08:16:41,M->M,unknown,
封面新闻,no_media,2020-03-06 08:16:41,2020-04-16 20:36:22,M->M,unknown,
封面新闻,no_media,2020-04-16 20:36:22,2020-12-12 21:57:12,M->M,unknown,
封面新闻,no_media,2020-12-12 21:57:12,2022-01-08 15:54:42,M->M,unknown,
封面新闻,no_media,2022-01-08 15:54:42,2022-02-21 14:45:12,M->M,unknown,
封面新闻,no_media,2022-02-21 14:45:12,2022-04-23 07:55:05,M->M,unknown,
封面新闻,no_media,2022-04-23 07:55:05,2022-04-24 07:59:55,M->M,unknown,
封面新闻,no_media,2022-04-24 07:59:55,2022-04-26 07:53:36,M->M,unknown,
封面新闻,no_media,2022-04-26 07:53:36,2022-04-28 08:09:55,M->M,unknown,
封面新闻,no_media,2022-04-28 08:09:55,2022-04-30 08:11:17,M->M,unknown,
封面新闻,no_media,2022-04-30 08:11:17,2022-05-04 07:53:58,M->M,unknown,
封面新闻,no_media,2022-05-04 07:53:58,2022-05-05 07:50:43,M->M,unknown,
封面新闻,no_media,2022-05-05 07:50:43,2022-05-07 07:56:49,M->M,unknown,
封面新闻,no_media,2022-05-07 07:56:49,2022-05-08 08:11:48,M->M,unknown,
封面新闻,no_media,2022-05-08 08:11:48,2022-05-11 08:01:29,M->M,unknown,
封面新闻,no_media,2022-05-11 08:01:29,2022-05-12 07:57:25,M->M,unknown,
封面新闻,no_media,2022-05-12 07:57:25,2022-05-13 07:53:16,M->M,unknown,
封面新闻,no_media,2022-05-13 07:53:16,2022-05-16 07:52:36,M->M,unknown,
封面新闻,no_media,2022-05-16 07:52:36,2022-05-18 07:58:14,M->M,unknown,
封面新闻,no_media,2022-05-18 07:58:14,2022-05-22 07:50:47,M->M,unknown,
封面新闻,no_media,2022-05-22 07:50:47,2022-05-24 07:54:58,M->M,unknown,
封面新闻,no_media,2022-05-24 07:54:58,2022-05-26 07:51:46,M->M,unknown,
封面新闻,no_media,2022-05-26 07:51:46,2022-12-01 12:03:23,M->M,unknown,
封面新闻,no_media,2022-12-01 12:03:23,2022-12-07 13:45:21,M->M,unknown,
封面新闻,no_media,2022-12-07 13:45:21,2022-12-11 10:34:02,M->M,unknown,
封面新闻,no_media,2022-12-11 10:34:02,2022-12-18 13:10:56,M->M,unknown,
封面新闻,no_media,2022-12-18 13:10:56,2022-12-25 13:30:01,M->M,unknown,
封面新闻,no_media,2022-12-25 13:30:01,2022-12-25 21:14:28,M->M,unknown,
封面新闻,no_media,2022-12-25 21:14:28,2023-01-02 10:35:49,M->M,unknown,
封面新闻,no_media,2023-01-02 10:35:49,2023-05-28 14:33:04,M->M,unknown,
小呆乐是也,no_media,2022-12-27 16:43:00,2022-12-28 09:34:00,M->M,unknown,
小央视频,no_media,2020-02-14 11:54:19,2020-02-20 08:38:34,M->M,unknown,
小央视频,no_media,2020-02-20 08:38:34,2020-03-01 12:00:04,M->M,unknown,
小央视频,no_media,2020-03-01 12:00:04,2020-04-02 11:18:48,M->M,unknown,
小央视频,no_media,2020-04-02 11:18:48,2020-04-21 14:00:04,M->M,unknown,
小央视频,no_media,2020-04-21 14:00:04,2020-04-30 19:40:03,M->H,unknown,
小央视频,no_media,2020-04-30 19:40:03,2020-11-09 15:40:03,H->M,unknown,
小央视频,no_media,2020-11-09 15:40:03,2021-03-15 11:00:04,M->M,unknown,
小央视频,no_media,2021-03-15 11:00:04,2021-08-02 07:27:17,M->M,unknown,
小央视频,no_media,2021-08-02 07:27:17,2022-01-12 11:00:03,M->M,unknown,
小央视频,no_media,2022-01-12 11:00:03,2022-01-12 14:00:04,M->M,unknown,
小央视频,no_media,2022-01-12 14:00:04,2022-04-17 18:20:00,M->M,unknown,
小央视频,no_media,2022-04-17 18:20:00,2022-11-18 22:03:12,M->M,unknown,
小央视频,no_media,2022-11-18 22:03:12,2022-12-07 11:13:00,M->M,unknown,
小央视频,no_media,2022-12-07 11:13:00,2022-12-07 14:00:06,M->M,unknown,
小央视频,no_media,2022-12-07 14:00:06,2022-12-15 11:01:00,M->M,unknown,
小央视频,no_media,2022-12-15 11:01:00,2022-12-31 12:05:00,M->M,unknown,
小央视频,no_media,2022-12-31 12:05:00,2023-01-02 11:01:00,M->M,unknown,
小央视频,no_media,2023-01-02 11:01:00,2023-01-05 15:27:00,M->M,unknown,
小央视频,no_media,2023-01-05 15:27:00,2023-09-13 10:32:59,M->M,unknown,
小岩杂俎,no_media,2023-01-09 08:46:00,2023-01-10 09:05:00,M->M,unknown,
小岩杂俎,no_media,2023-01-10 09:05:00,2023-01-14 08:28:00,M->M,unknown,
小布丁龙珠撞奶,no_media,2023-01-06 16:40:00,2023-01-08 11:16:00,L->L,unknown,
小昭20171314,no_media,2023-11-29 16:47:00,2023-11-30 09:38:00,H->H,unknown,
小雪雪妹仔,no_media,2023-01-07 05:23:00,2023-01-07 05:24:00,L->L,unknown,
屏山发布,no_media,2020-04-30 17:27:56,2020-12-30 18:10:53,M->M,unknown,
屏山发布,no_media,2020-12-30 18:10:53,2021-02-02 18:31:09,M->M,unknown,
屏山发布,no_media,2021-02-02 18:31:09,2021-02-23 17:27:32,M->M,unknown,
屏山发布,no_media,2021-02-23 17:27:32,2021-02-24 18:00:42,M->M,unknown,
屏山发布,no_media,2021-02-24 18:00:42,2021-03-05 18:06:45,M->M,unknown,
屏山发布,no_media,2021-03-05 18:06:45,2022-04-13 11:24:00,M->M,unknown,
屏山发布,no_media,2022-04-13 11:24:00,2022-05-28 20:57:49,M->M,unknown,
屏山发布,no_media,2022-05-28 20:57:49,2022-07-25 10:11:19,M->M,unknown,
屏山发布,no_media,2022-07-25 10:11:19,2022-08-11 14:06:38,M->M,unknown,
屏山发布,no_media,2022-08-11 14:06:38,2022-09-10 12:06:59,M->M,unknown,
屏山发布,no_media,2022-09-10 12:06:59,2022-11-30 09:30:14,M->M,unknown,
屏山发布,no_media,2022-11-30 09:30:14,2022-12-02 09:31:23,M->M,unknown,
屏山发布,no_media,2022-12-02 09:31:23,2022-12-08 09:20:48,M->M,unknown,
屏山发布,no_media,2022-12-08 09:20:48,2022-12-09 09:39:30,M->M,unknown,
屏山发布,no_media,2022-12-09 09:39:30,2022-12-09 10:03:28,M->M,unknown,
屏山发布,no_media,2022-12-09 10:03:28,2022-12-15 10:29:54,M->M,unknown,
屏山发布,no_media,2022-12-15 10:29:54,2022-12-16 09:15:42,M->M,unknown,
屏山发布,no_media,2022-12-16 09:15:42,2022-12-27 11:05:56,M->M,unknown,
屏山发布,no_media,2022-12-27 11:05:56,2023-03-15 09:49:54,M->M,unknown,
屏山发布,no_media,2023-03-15 09:49:54,2023-05-24 10:00:23,M->M,unknown,
屏山发布,no_media,2023-05-24 10:00:23,2023-05-30 15:42:05,M->M,unknown,
屏山发布,no_media,2023-05-30 15:42:05,2023-11-03 09:19:45,M->M,unknown,
屏山发布,no_media,2023-11-03 09:19:45,2023-11-29 21:53:44,M->M,unknown,
屏山发布,no_media,2023-11-29 21:53:44,2023-12-25 20:38:18,M->M,unknown,
屏山发布,no_media,2023-12-25 20:38:18,2024-03-18 14:35:55,M->M,unknown,
山东长安网,mainstream_only,2020-02-15 10:19:42,2020-02-20 08:30:52,H->M,unknown,
山东长安网,mainstream_only,2020-02-20 08:30:52,2020-03-02 10:51:38,M->M,norisk,0.0
山东长安网,mainstream_only,2020-03-02 10:51:38,2020-03-18 20:27:59,M->M,unknown,
山东长安网,mainstream_only,2020-03-18 20:27:59,2022-12-05 00:31:53,M->M,norisk,0.0
山东长安网,mainstream_only,2022-12-05 00:31:53,2022-12-07 14:43:51,M->M,unknown,
山东长安网,mainstream_only,2022-12-07 14:43:51,2022-12-15 18:17:32,M->M,norisk,0.0
山东长安网,mainstream_only,2022-12-15 18:17:32,2023-01-18 16:51:32,M->M,norisk,0.0
山东高法,no_media,2017-01-07 21:15:58,2020-02-15 10:46:49,M->M,unknown,
山东高法,no_media,2020-02-15 10:46:49,2021-01-08 09:23:26,M->M,unknown,
山东高法,no_media,2021-01-08 09:23:26,2021-10-12 12:15:53,M->M,unknown,
山东高法,no_media,2021-10-12 12:15:53,2022-01-01 17:39:32,M->M,unknown,
山东高法,no_media,2022-01-01 17:39:32,2022-11-18 11:06:17,M->M,unknown,
山东高法,no_media,2022-11-18 11:06:17,2022-12-25 15:15:28,M->M,unknown,
山东高法,no_media,2022-12-25 15:15:28,2022-12-27 07:52:09,M->M,unknown,
山东高法,no_media,2022-12-27 07:52:09,2023-01-25 15:18:40,M->M,unknown,
山东高法,no_media,2023-01-25 15:18:40,2023-05-28 16:05:57,M->M,unknown,
山西云媒体,no_media,2020-02-20 14:00:03,2021-01-08 09:03:03,M->M,unknown,
山西云媒体,no_media,2021-01-08 09:03:03,2021-04-17 13:10:03,M->M,unknown,
山西云媒体,no_media,2021-04-17 13:10:03,2021-04-18 08:30:03,M->M,unknown,
山西云媒体,no_media,2021-04-18 08:30:03,2022-04-05 10:50:00,M->M,unknown,
山西云媒体,no_media,2022-04-05 10:50:00,2022-05-03 08:55:24,M->M,unknown,
山西云媒体,no_media,2022-05-03 08:55:24,2022-11-18 19:00:00,M->M,unknown,
山西云媒体,no_media,2022-11-18 19:00:00,2022-11-30 12:30:03,M->M,unknown,
山西云媒体,no_media,2022-11-30 12:30:03,2022-12-06 17:32:01,M->M,unknown,
山西云媒体,no_media,2022-12-06 17:32:01,2022-12-09 10:30:03,M->M,unknown,
山西云媒体,no_media,2022-12-09 10:30:03,2022-12-09 11:00:03,M->M,unknown,
山西云媒体,no_media,2022-12-09 11:00:03,2022-12-31 22:00:08,M->M,unknown,
山西云媒体,no_media,2022-12-31 22:00:08,2023-01-18 17:12:20,M->M,unknown,
山西云媒体,no_media,2023-01-18 17:12:20,2023-02-13 10:00:00,M->M,unknown,
山西云媒体,no_media,2023-02-13 10:00:00,2023-03-01 13:32:01,M->M,unknown,
山西共青团,no_media,2020-02-07 12:26:52,2020-02-15 10:32:44,M->M,unknown,
山西共青团,no_media,2020-02-15 10:32:44,2020-02-20 10:22:25,M->M,unknown,
山西共青团,no_media,2020-02-20 10:22:25,2020-02-21 14:27:31,M->M,unknown,
山西共青团,no_media,2020-02-21 14:27:31,2020-02-22 17:33:43,M->M,unknown,
山西共青团,no_media,2020-02-22 17:33:43,2020-03-01 14:04:05,M->M,unknown,
山西共青团,no_media,2020-03-01 14:04:05,2020-03-01 14:42:32,M->M,unknown,
山西共青团,no_media,2020-03-01 14:42:32,2020-03-05 11:26:51,M->M,unknown,
山西共青团,no_media,2020-03-05 11:26:51,2020-03-05 20:55:02,M->M,unknown,
山西共青团,no_media,2020-03-05 20:55:02,2020-03-18 19:14:04,M->M,unknown,
山西共青团,no_media,2020-03-18 19:14:04,2020-03-18 19:14:35,M->M,unknown,
山西共青团,no_media,2020-03-18 19:14:35,2020-04-19 15:10:10,M->M,unknown,
山西共青团,no_media,2020-04-19 15:10:10,2020-05-28 09:30:31,M->M,unknown,
山西共青团,no_media,2020-05-28 09:30:31,2020-06-12 10:14:39,M->M,unknown,
山西共青团,no_media,2020-06-12 10:14:39,2021-02-20 15:27:55,M->M,unknown,
山西共青团,no_media,2021-02-20 15:27:55,2021-04-13 10:26:49,M->M,unknown,
山西共青团,no_media,2021-04-13 10:26:49,2021-05-27 16:15:00,M->M,unknown,
山西共青团,no_media,2021-05-27 16:15:00,2021-11-25 10:07:17,M->M,unknown,
山西共青团,no_media,2021-11-25 10:07:17,2021-12-03 08:58:46,M->M,unknown,
山西共青团,no_media,2021-12-03 08:58:46,2022-12-05 09:19:00,M->M,unknown,
山西共青团,no_media,2022-12-05 09:19:00,2022-12-09 16:09:09,M->M,unknown,
山西共青团,no_media,2022-12-09 16:09:09,2022-12-15 20:42:34,M->M,unknown,
山西共青团,no_media,2022-12-15 20:42:34,2022-12-29 11:22:13,M->M,unknown,
山西共青团,no_media,2022-12-29 11:22:13,2023-01-04 21:31:43,M->M,unknown,
山西共青团,no_media,2023-01-04 21:31:43,2023-05-28 10:54:17,M->M,unknown,
山西政法,no_media,2020-02-13 21:56:40,2020-02-15 09:39:44,M->M,unknown,
山西政法,no_media,2020-02-15 09:39:44,2020-02-17 17:03:10,M->M,unknown,
山西政法,no_media,2020-02-17 17:03:10,2020-02-19 09:28:03,M->M,unknown,
山西政法,no_media,2020-02-19 09:28:03,2020-02-20 07:58:26,M->M,unknown,
山西政法,no_media,2020-02-20 07:58:26,2020-03-05 20:44:11,M->M,unknown,
山西政法,no_media,2020-03-05 20:44:11,2020-03-18 19:41:52,M->M,unknown,
山西政法,no_media,2020-03-18 19:41:52,2020-04-15 10:13:42,M->M,unknown,
山西政法,no_media,2020-04-15 10:13:42,2020-04-28 16:28:29,M->M,unknown,
山西政法,no_media,2020-04-28 16:28:29,2020-05-28 08:57:11,M->M,unknown,
山西政法,no_media,2020-05-28 08:57:11,2020-05-28 15:07:47,M->M,unknown,
山西政法,no_media,2020-05-28 15:07:47,2020-07-30 23:47:08,M->M,unknown,
山西政法,no_media,2020-07-30 23:47:08,2020-09-09 22:00:30,M->M,unknown,
山西政法,no_media,2020-09-09 22:00:30,2021-02-20 21:01:59,M->M,unknown,
山西政法,no_media,2021-02-20 21:01:59,2021-04-09 15:38:00,M->M,unknown,
山西政法,no_media,2021-04-09 15:38:00,2021-04-17 17:30:55,M->M,unknown,
山西政法,no_media,2021-04-17 17:30:55,2022-01-22 19:56:04,M->M,unknown,
山西政法,no_media,2022-01-22 19:56:04,2022-04-04 15:07:46,M->M,unknown,
山西政法,no_media,2022-04-04 15:07:46,2022-05-05 08:54:45,M->M,unknown,
山西政法,no_media,2022-05-05 08:54:45,2022-05-26 08:27:28,M->M,unknown,
山西政法,no_media,2022-05-26 08:27:28,2022-12-07 10:38:43,M->M,unknown,
山西政法,no_media,2022-12-07 10:38:43,2022-12-11 11:07:19,M->M,unknown,
山西政法,no_media,2022-12-11 11:07:19,2022-12-15 17:31:02,M->M,unknown,
山西政法,no_media,2022-12-15 17:31:02,2023-01-04 21:23:45,M->M,unknown,
山西政法,no_media,2023-01-04 21:23:45,2023-01-07 23:59:03,M->M,unknown,
山西日报,no_media,2020-02-20 09:30:03,2020-04-23 16:00:04,M->M,unknown,
山西日报,no_media,2020-04-23 16:00:04,2020-04-29 17:40:03,M->M,unknown,
山西日报,no_media,2020-04-29 17:40:03,2020-12-24 09:20:03,M->M,unknown,
山西日报,no_media,2020-12-24 09:20:03,2021-01-08 09:35:03,M->M,unknown,
山西日报,no_media,2021-01-08 09:35:03,2021-03-15 11:22:39,M->M,unknown,
山西日报,no_media,2021-03-15 11:22:39,2021-04-16 21:53:07,M->M,unknown,
山西日报,no_media,2021-04-16 21:53:07,2021-08-29 11:00:03,M->M,unknown,
山西日报,no_media,2021-08-29 11:00:03,2021-10-27 21:53:56,M->M,unknown,
山西日报,no_media,2021-10-27 21:53:56,2022-03-17 20:34:00,M->M,unknown,
山西日报,no_media,2022-03-17 20:34:00,2022-04-05 10:15:25,M->M,unknown,
山西日报,no_media,2022-04-05 10:15:25,2022-04-09 22:30:04,M->M,unknown,
山西日报,no_media,2022-04-09 22:30:04,2022-04-17 15:39:58,M->M,unknown,
山西日报,no_media,2022-04-17 15:39:58,2022-05-02 15:14:00,M->M,unknown,
山西日报,no_media,2022-05-02 15:14:00,2022-05-05 09:03:28,M->M,unknown,
山西日报,no_media,2022-05-05 09:03:28,2022-05-06 09:02:46,M->M,unknown,
山西日报,no_media,2022-05-06 09:02:46,2022-05-07 08:39:45,M->M,unknown,
山西日报,no_media,2022-05-07 08:39:45,2022-05-09 09:09:18,M->M,unknown,
山西日报,no_media,2022-05-09 09:09:18,2022-05-16 08:41:13,M->M,unknown,
山西日报,no_media,2022-05-16 08:41:13,2022-05-26 09:43:22,M->M,unknown,
山西日报,no_media,2022-05-26 09:43:22,2022-10-03 09:04:44,M->M,unknown,
山西日报,no_media,2022-10-03 09:04:44,2022-12-09 09:51:47,M->M,unknown,
山西日报,no_media,2022-12-09 09:51:47,2022-12-15 16:47:48,M->M,unknown,
山西日报,no_media,2022-12-15 16:47:48,2022-12-22 18:36:38,M->M,unknown,
山西日报,no_media,2022-12-22 18:36:38,2022-12-24 21:59:00,M->M,unknown,
山西日报,no_media,2022-12-24 21:59:00,2023-01-18 16:10:53,M->M,unknown,
山西日报,no_media,2023-01-18 16:10:53,2023-03-01 08:55:57,M->M,unknown,
山西晚报,no_media,2021-03-15 09:44:33,2021-04-09 22:54:54,M->M,unknown,
山西晚报,no_media,2021-04-09 22:54:54,2022-01-08 16:22:35,M->M,unknown,
山西晚报,no_media,2022-01-08 16:22:35,2022-04-17 10:06:05,M->M,unknown,
山西晚报,no_media,2022-04-17 10:06:05,2022-04-24 08:46:43,M->M,unknown,
山西晚报,no_media,2022-04-24 08:46:43,2022-04-25 08:41:15,M->M,unknown,
山西晚报,no_media,2022-04-25 08:41:15,2022-04-26 08:02:47,M->M,unknown,
山西晚报,no_media,2022-04-26 08:02:47,2022-04-28 08:59:15,M->M,unknown,
山西晚报,no_media,2022-04-28 08:59:15,2022-04-30 09:23:37,M->M,unknown,
山西晚报,no_media,2022-04-30 09:23:37,2022-05-01 08:23:01,M->M,unknown,
山西晚报,no_media,2022-05-01 08:23:01,2022-05-04 08:38:55,M->M,unknown,
山西晚报,no_media,2022-05-04 08:38:55,2022-05-05 07:56:09,M->M,unknown,
山西晚报,no_media,2022-05-05 07:56:09,2022-05-06 07:56:20,M->M,unknown,
山西晚报,no_media,2022-05-06 07:56:20,2022-05-07 08:16:47,M->M,unknown,
山西晚报,no_media,2022-05-07 08:16:47,2022-05-08 08:23:01,M->M,unknown,
山西晚报,no_media,2022-05-08 08:23:01,2022-05-09 08:37:29,M->M,unknown,
山西晚报,no_media,2022-05-09 08:37:29,2022-05-10 08:29:03,M->M,unknown,
山西晚报,no_media,2022-05-10 08:29:03,2022-05-11 08:17:14,M->M,unknown,
山西晚报,no_media,2022-05-11 08:17:14,2022-05-12 09:03:37,M->M,unknown,
山西晚报,no_media,2022-05-12 09:03:37,2022-05-13 08:03:49,M->M,unknown,
山西晚报,no_media,2022-05-13 08:03:49,2022-05-16 08:17:42,M->M,unknown,
山西晚报,no_media,2022-05-16 08:17:42,2022-05-18 08:23:21,M->M,unknown,
山西晚报,no_media,2022-05-18 08:23:21,2022-05-24 07:55:13,M->M,unknown,
山西晚报,no_media,2022-05-24 07:55:13,2022-05-26 08:03:57,M->M,unknown,
山西晚报,no_media,2022-05-26 08:03:57,2022-11-14 12:54:32,M->M,unknown,
山西晚报,no_media,2022-11-14 12:54:32,2022-12-08 21:10:51,M->M,unknown,
山西晚报,no_media,2022-12-08 21:10:51,2022-12-09 10:02:47,M->M,unknown,
山西晚报,no_media,2022-12-09 10:02:47,2022-12-09 10:35:02,M->M,unknown,
山西晚报,no_media,2022-12-09 10:35:02,2022-12-22 18:43:31,M->M,unknown,
山西晚报,no_media,2022-12-22 18:43:31,2023-01-18 16:23:52,M->M,unknown,
山西晚报,no_media,2023-01-18 16:23:52,2023-01-25 15:20:01,M->M,unknown,
山西晚报,no_media,2023-01-25 15:20:01,2023-03-01 11:03:39,M->M,unknown,
山西综合广播,no_media,2022-04-04 23:17:04,2023-12-16 21:40:29,M->M,unknown,
岐德堂武医,no_media,2023-02-01 16:22:00,2023-02-02 17:09:00,M->M,unknown,
岐德堂武医,no_media,2023-02-02 17:09:00,2023-02-07 17:45:00,M->M,unknown,
岐德堂武医,no_media,2023-02-07 17:45:00,2023-02-16 17:36:00,M->M,unknown,
岚山发布,no_media,2022-12-04 11:30:54,2022-12-07 13:57:15,M->M,unknown,
岚山发布,no_media,2022-12-07 13:57:15,2022-12-11 09:09:48,M->M,unknown,
岚山发布,no_media,2022-12-11 09:09:48,2023-01-19 10:27:57,M->M,unknown,
岚山发布,no_media,2023-01-19 10:27:57,2023-01-25 17:06:30,M->M,unknown,
岚山发布,no_media,2023-01-25 17:06:30,2023-01-25 17:13:20,M->M,unknown,
岚山发布,no_media,2023-01-25 17:13:20,2023-02-08 10:08:35,M->M,unknown,
岱青山人,no_media,2022-12-16 16:03:51,2023-01-14 05:29:49,M->M,unknown,
岱青山人,no_media,2023-01-14 05:29:49,2023-01-18 18:55:32,M->M,unknown,
岱青山人,no_media,2023-01-18 18:55:32,2023-04-26 14:26:07,M->M,unknown,
岱青山人,no_media,2023-04-26 14:26:07,2023-12-10 21:39:11,M->M,unknown,
岱青山人,no_media,2023-12-10 21:39:11,2023-12-31 12:56:24,M->M,unknown,
岱青山人,no_media,2023-12-31 12:56:24,2024-01-01 14:51:01,M->M,unknown,
岳阳市中级人民法院,mainstream_only,2022-12-16 09:35:52,2023-05-28 16:38:25,M->M,unknown,
峰哥一切为了健康,no_media,2022-12-17 09:26:19,2022-12-20 09:49:28,M->M,unknown,
峰哥一切为了健康,no_media,2022-12-20 09:49:28,2022-12-24 09:37:18,M->M,unknown,
峰哥一切为了健康,no_media,2022-12-24 09:37:18,2022-12-26 07:49:59,M->M,unknown,
峰哥一切为了健康,no_media,2022-12-26 07:49:59,2022-12-26 12:57:36,M->M,unknown,
峰哥一切为了健康,no_media,2022-12-26 12:57:36,2022-12-28 08:49:26,M->M,unknown,
峰哥一切为了健康,no_media,2022-12-28 08:49:26,2022-12-28 12:41:08,M->M,unknown,
峰哥一切为了健康,no_media,2022-12-28 12:41:08,2023-01-01 08:14:30,M->M,unknown,
峰哥一切为了健康,no_media,2023-01-01 08:14:30,2023-01-01 10:10:14,M->M,unknown,
峰哥一切为了健康,no_media,2023-01-01 10:10:14,2023-01-06 09:56:42,M->M,unknown,
峰哥一切为了健康,no_media,2023-01-06 09:56:42,2023-01-09 09:15:58,M->M,unknown,
峰哥一切为了健康,no_media,2023-01-09 09:15:58,2023-01-10 12:26:14,M->M,unknown,
峰哥一切为了健康,no_media,2023-01-10 12:26:14,2023-01-11 10:05:59,M->M,unknown,
峰哥一切为了健康,no_media,2023-01-11 10:05:59,2023-01-18 12:18:12,M->M,unknown,
峰哥一切为了健康,no_media,2023-01-18 12:18:12,2023-01-29 08:53:04,M->M,unknown,
峰哥一切为了健康,no_media,2023-01-29 08:53:04,2023-02-08 12:43:56,M->M,unknown,
峰哥一切为了健康,no_media,2023-02-08 12:43:56,2023-02-14 09:04:30,M->M,unknown,
峰哥一切为了健康,no_media,2023-02-14 09:04:30,2023-07-21 12:54:45,M->M,unknown,
峰哥一切为了健康,no_media,2023-07-21 12:54:45,2023-07-24 15:35:09,M->M,unknown,
峰哥一切为了健康,no_media,2023-07-24 15:35:09,2023-08-13 12:30:37,M->M,unknown,
峰哥一切为了健康,no_media,2023-08-13 12:30:37,2024-01-13 18:23:45,M->M,unknown,
峰哥一切为了健康,no_media,2024-01-13 18:23:45,2024-01-16 09:12:35,M->M,unknown,
峰哥一切为了健康,no_media,2024-01-16 09:12:35,2024-01-31 19:19:39,M->M,unknown,
峰哥一切为了健康,no_media,2024-01-31 19:19:39,2024-02-06 16:00:01,M->M,unknown,
峰哥一切为了健康,no_media,2024-02-06 16:00:01,2024-03-17 19:47:37,M->M,unknown,
峰哥一切为了健康,no_media,2024-03-17 19:47:37,2024-04-30 18:00:03,M->M,unknown,
峰哥一切为了健康,no_media,2024-04-30 18:00:03,2024-05-02 07:45:52,M->M,unknown,
峰哥一切为了健康,no_media,2024-05-02 07:45:52,2024-05-18 21:30:00,M->M,unknown,
峰哥一切为了健康,no_media,2024-05-18 21:30:00,2024-05-19 17:41:38,M->M,unknown,
峰哥一切为了健康,no_media,2024-05-19 17:41:38,2024-05-24 22:00:00,M->M,unknown,
峰哥一切为了健康,no_media,2024-05-24 22:00:00,2024-06-12 07:28:32,M->M,unknown,
峰哥一切为了健康,no_media,2024-06-12 07:28:32,2024-06-25 23:00:00,M->M,unknown,
峰哥一切为了健康,no_media,2024-06-25 23:00:00,2024-08-01 21:00:03,M->H,unknown,
峰哥一切为了健康,no_media,2024-08-01 21:00:03,2024-08-08 19:30:01,H->M,unknown,
峰哥一切为了健康,no_media,2024-08-08 19:30:01,2024-08-12 19:29:53,M->H,unknown,
市场星报,no_media,2018-07-29 11:00:03,2020-02-09 08:55:11,M->M,unknown,
市场星报,no_media,2020-02-09 08:55:11,2020-02-20 11:10:03,M->M,unknown,
市场星报,no_media,2020-02-20 11:10:03,2020-10-13 14:31:59,M->M,unknown,
市场星报,no_media,2020-10-13 14:31:59,2021-03-05 11:24:46,M->M,unknown,
市场星报,no_media,2021-03-05 11:24:46,2021-08-18 22:20:20,M->M,unknown,
市场星报,no_media,2021-08-18 22:20:20,2022-03-28 17:16:40,M->M,unknown,
市场星报,no_media,2022-03-28 17:16:40,2022-05-09 17:03:00,M->M,unknown,
市场星报,no_media,2022-05-09 17:03:00,2022-08-21 13:32:29,M->M,unknown,
市场星报,no_media,2022-08-21 13:32:29,2022-09-04 08:13:11,M->M,unknown,
市场星报,no_media,2022-09-04 08:13:11,2022-09-28 09:56:35,M->M,unknown,
市场星报,no_media,2022-09-28 09:56:35,2022-10-11 10:38:08,M->M,unknown,
市场星报,no_media,2022-10-11 10:38:08,2022-10-22 21:58:13,M->M,unknown,
市场星报,no_media,2022-10-22 21:58:13,2022-12-07 14:33:59,M->M,unknown,
市场星报,no_media,2022-12-07 14:33:59,2023-01-02 17:20:26,M->M,unknown,
市场星报,no_media,2023-01-02 17:20:26,2023-01-04 15:01:56,M->M,unknown,
市场星报,no_media,2023-01-04 15:01:56,2023-01-21 14:50:43,M->M,unknown,
市场星报,no_media,2023-01-21 14:50:43,2023-02-02 09:32:46,M->M,unknown,
市场星报,no_media,2023-02-02 09:32:46,2023-02-07 09:47:31,M->M,unknown,
市说新语,no_media,2022-07-24 19:40:35,2022-07-24 19:41:13,M->M,unknown,
市说新语,no_media,2022-07-24 19:41:13,2022-12-11 12:15:08,M->M,unknown,
市说新语,no_media,2022-12-11 12:15:08,2022-12-19 13:44:56,M->M,unknown,
常州网,no_media,2020-10-04 08:57:33,2022-01-11 15:57:33,M->M,unknown,
常州网,no_media,2022-01-11 15:57:33,2022-03-04 21:00:02,M->M,unknown,
常州网,no_media,2022-03-04 21:00:02,2022-03-15 09:10:21,M->M,unknown,
常州网,no_media,2022-03-15 09:10:21,2022-03-27 19:45:50,M->M,unknown,
常州网,no_media,2022-03-27 19:45:50,2022-04-27 09:30:45,M->M,unknown,
常州网,no_media,2022-04-27 09:30:45,2022-12-20 10:30:05,M->M,unknown,
常州网,no_media,2022-12-20 10:30:05,2023-01-19 20:39:28,M->M,unknown,
干细胞-王老师,no_media,2023-01-26 09:00:00,2023-01-27 09:00:00,M->M,unknown,
干细胞-王老师,no_media,2023-01-27 09:00:00,2023-01-31 07:30:00,M->M,unknown,
干细胞-琦琦,wemedia_only,2023-01-11 21:05:00,2023-01-17 11:25:00,M->M,norisk,0.0
干细胞-琦琦,wemedia_only,2023-01-17 11:25:00,2023-01-17 14:19:00,M->M,risk,1.0
干细胞-琦琦,wemedia_only,2023-01-17 14:19:00,2023-01-18 18:28:00,M->M,risk,1.0
干细胞-琦琦,wemedia_only,2023-01-18 18:28:00,2023-01-19 19:44:00,M->M,norisk,0.0
干细胞-琦琦,wemedia_only,2023-01-19 19:44:00,2023-01-30 16:54:00,M->M,norisk,0.0
干细胞-琦琦,wemedia_only,2023-01-30 16:54:00,2023-02-04 11:18:00,M->M,norisk,0.0
干细胞-琦琦,wemedia_only,2023-02-04 11:18:00,2023-02-06 19:28:00,M->M,norisk,0.0
干细胞-琦琦,wemedia_only,2023-02-06 19:28:00,2023-02-08 12:58:00,M->M,norisk,0.0
干细胞-琦琦,wemedia_only,2023-02-08 12:58:00,2023-02-09 09:42:00,M->M,norisk,0.0
干细胞-琦琦,wemedia_only,2023-02-09 09:42:00,2023-02-09 15:13:00,M->M,norisk,0.0
干细胞-琦琦,wemedia_only,2023-02-09 15:13:00,2023-02-09 22:47:00,M->M,norisk,0.0
干细胞-琦琦,wemedia_only,2023-02-09 22:47:00,2023-02-10 09:21:00,M->M,norisk,0.0
干细胞-琦琦,wemedia_only,2023-02-10 09:21:00,2023-02-10 15:03:00,M->M,norisk,0.0
干细胞-琦琦,wemedia_only,2023-02-10 15:03:00,2023-02-14 18:15:00,M->M,norisk,0.0
干细胞-琦琦,wemedia_only,2023-02-14 18:15:00,2023-02-15 10:35:00,M->M,norisk,0.0
干细胞-琦琦,wemedia_only,2023-02-15 10:35:00,2023-02-15 14:43:00,M->M,norisk,0.5
干细胞-琦琦,wemedia_only,2023-02-15 14:43:00,2023-02-20 16:10:00,M->M,norisk,0.5
干细胞-琦琦,wemedia_only,2023-02-20 16:10:00,2023-08-23 15:51:00,M->M,norisk,0.0
干细胞-琦琦,wemedia_only,2023-08-23 15:51:00,2023-08-23 19:27:00,M->M,norisk,0.0
干细胞-琦琦,wemedia_only,2023-08-23 19:27:00,2023-08-29 11:48:00,M->M,norisk,0.0
干细胞-琦琦,wemedia_only,2023-08-29 11:48:00,2023-08-30 07:43:00,M->M,risk,1.0
干细胞-琦琦,wemedia_only,2023-08-30 07:43:00,2023-08-31 19:20:00,M->M,norisk,0.0
干细胞-琦琦,wemedia_only,2023-08-31 19:20:00,2023-09-04 21:47:00,M->M,norisk,0.0
干细胞-琦琦,wemedia_only,2023-09-04 21:47:00,2023-09-10 09:11:00,M->M,risk,1.0
干细胞-琦琦,wemedia_only,2023-09-10 09:11:00,2023-09-17 17:38:00,M->M,risk,1.0
干细胞-琦琦,wemedia_only,2023-09-17 17:38:00,2023-10-10 12:03:00,M->M,norisk,0.0
平-安-顺-遂2024,no_media,2022-12-23 09:55:00,2022-12-28 13:26:00,M->L,unknown,
平城阿伟,no_media,2023-02-13 10:15:00,2023-02-13 10:17:00,L->H,unknown,
平安南江,no_media,2022-03-14 14:14:00,2022-03-14 14:14:23,M->M,unknown,
平安古蔺,mainstream_only,2022-10-14 09:15:27,2022-12-16 16:55:05,M->M,unknown,
平安古蔺,mainstream_only,2022-12-16 16:55:05,2023-02-08 09:22:36,M->M,unknown,
平安古蔺,mainstream_only,2023-02-08 09:22:36,2024-01-31 17:35:52,M->M,unknown,
平安商丘,no_media,2021-02-20 15:01:26,2021-04-13 10:53:46,M->M,unknown,
平安商丘,no_media,2021-04-13 10:53:46,2022-02-08 17:15:52,M->M,unknown,
平安商丘,no_media,2022-02-08 17:15:52,2022-03-14 14:39:00,M->M,unknown,
平安商丘,no_media,2022-03-14 14:39:00,2022-03-14 14:39:29,M->M,unknown,
平安商丘,no_media,2022-03-14 14:39:29,2022-04-04 14:31:00,M->M,unknown,
平安商丘,no_media,2022-04-04 14:31:00,2022-04-17 16:41:45,M->M,unknown,
平安商丘,no_media,2022-04-17 16:41:45,2022-10-14 09:24:37,M->M,unknown,
平安商丘,no_media,2022-10-14 09:24:37,2022-12-04 15:35:30,M->M,unknown,
平安商丘,no_media,2022-12-04 15:35:30,2022-12-07 09:22:27,M->M,unknown,
平安商丘,no_media,2022-12-07 09:22:27,2022-12-08 19:02:26,M->M,unknown,
平安商丘,no_media,2022-12-08 19:02:26,2022-12-15 17:20:01,M->M,unknown,
平安安州,no_media,2022-07-25 16:51:03,2022-10-14 12:42:26,M->M,unknown,
平安安州,no_media,2022-10-14 12:42:26,2022-10-14 15:29:15,M->M,unknown,
平安安州,no_media,2022-10-14 15:29:15,2022-12-09 11:07:20,M->M,unknown,
平安安州,no_media,2022-12-09 11:07:20,2022-12-09 15:33:07,M->M,unknown,
平安安州,no_media,2022-12-09 15:33:07,2022-12-09 21:43:27,M->M,unknown,
平安曲靖,mainstream_only,2023-01-03 08:59:44,2023-01-03 09:05:55,M->M,norisk,0.0
平安江阳,mainstream_only,2020-01-31 19:01:41,2020-02-20 10:07:16,M->M,unknown,
平安江阳,mainstream_only,2020-02-20 10:07:16,2020-03-01 18:49:39,M->M,norisk,0.0
平安江阳,mainstream_only,2020-03-01 18:49:39,2020-03-18 19:54:51,M->M,unknown,
平安江阳,mainstream_only,2020-03-18 19:54:51,2020-04-23 19:04:28,M->M,norisk,0.0
平安江阳,mainstream_only,2020-04-23 19:04:28,2021-01-07 21:37:49,M->M,unknown,
平安江阳,mainstream_only,2021-01-07 21:37:49,2022-05-05 09:36:27,M->M,norisk,0.0
平安江阳,mainstream_only,2022-05-05 09:36:27,2023-02-08 10:14:45,M->M,unknown,
平安温州,mainstream_only,2020-05-28 11:38:31,2021-03-23 05:51:47,M->M,unknown,
平安温州,mainstream_only,2021-03-23 05:51:47,2021-08-03 14:31:30,M->M,unknown,
平安温州,mainstream_only,2021-08-03 14:31:30,2022-03-14 14:47:00,M->M,unknown,
平安温州,mainstream_only,2022-03-14 14:47:00,2022-03-14 14:47:53,M->M,risk,1.0
平安温州,mainstream_only,2022-03-14 14:47:53,2022-03-14 15:02:00,M->M,risk,1.0
平安温州,mainstream_only,2022-03-14 15:02:00,2022-04-24 08:18:55,M->M,risk,1.0
平安温州,mainstream_only,2022-04-24 08:18:55,2022-04-24 09:36:19,M->M,unknown,
平安温州,mainstream_only,2022-04-24 09:36:19,2022-04-25 09:50:05,M->M,unknown,
平安温州,mainstream_only,2022-04-25 09:50:05,2022-04-25 10:13:23,M->M,unknown,
平安温州,mainstream_only,2022-04-25 10:13:23,2022-04-26 09:35:15,M->M,unknown,
平安温州,mainstream_only,2022-04-26 09:35:15,2022-04-28 08:07:14,M->M,unknown,
平安温州,mainstream_only,2022-04-28 08:07:14,2022-04-30 12:31:08,M->M,unknown,
平安温州,mainstream_only,2022-04-30 12:31:08,2022-05-01 12:10:31,M->M,unknown,
平安温州,mainstream_only,2022-05-01 12:10:31,2022-05-05 08:54:42,M->M,unknown,
平安温州,mainstream_only,2022-05-05 08:54:42,2022-05-07 08:50:42,M->M,unknown,
平安温州,mainstream_only,2022-05-07 08:50:42,2022-05-09 08:43:41,M->M,unknown,
平安温州,mainstream_only,2022-05-09 08:43:41,2022-05-11 08:55:35,M->M,unknown,
平安温州,mainstream_only,2022-05-11 08:55:35,2022-05-12 08:57:39,M->M,unknown,
平安温州,mainstream_only,2022-05-12 08:57:39,2022-05-13 09:29:21,M->M,unknown,
平安温州,mainstream_only,2022-05-13 09:29:21,2022-05-18 09:25:49,M->M,unknown,
平安温州,mainstream_only,2022-05-18 09:25:49,2022-05-24 08:47:03,M->M,unknown,
平安温州,mainstream_only,2022-05-24 08:47:03,2022-05-26 08:50:41,M->M,unknown,
平安温州,mainstream_only,2022-05-26 08:50:41,2022-07-29 10:08:49,M->M,unknown,
平安温州,mainstream_only,2022-07-29 10:08:49,2022-12-05 10:10:16,M->M,unknown,
平安温州,mainstream_only,2022-12-05 10:10:16,2022-12-16 09:14:17,M->M,unknown,
平安温州,mainstream_only,2022-12-16 09:14:17,2022-12-16 09:49:59,M->M,unknown,
平安绵阳,mainstream_only,2022-03-14 14:50:00,2023-01-02 09:04:28,M->M,norisk,0.16666666666666666
平安绵阳,mainstream_only,2023-01-02 09:04:28,2023-02-08 09:10:10,M->M,unknown,
平安金阳,no_media,2023-01-02 19:09:38,2024-02-01 08:55:30,M->M,unknown,
平安金阳,no_media,2024-02-01 08:55:30,2024-03-17 18:59:10,M->M,unknown,
平顶山日报,no_media,2020-02-17 08:22:53,2021-03-30 08:22:05,M->M,unknown,
平顶山日报,no_media,2021-03-30 08:22:05,2021-06-02 09:53:01,M->M,unknown,
平顶山日报,no_media,2021-06-02 09:53:01,2022-12-16 11:15:03,M->M,unknown,
幸福能量疗愈体系创始人_赵馨,wemedia_only,2023-03-14 12:16:00,2023-03-16 20:15:00,M->M,risk,1.0
幸福能量疗愈体系创始人_赵馨,wemedia_only,2023-03-16 20:15:00,2023-03-17 20:20:00,M->M,norisk,0.0
幸福能量疗愈体系创始人_赵馨,wemedia_only,2023-03-17 20:20:00,2023-03-18 20:27:00,M->M,norisk,0.0
幸福能量疗愈体系创始人_赵馨,wemedia_only,2023-03-18 20:27:00,2023-03-20 11:58:00,M->M,norisk,0.0
幸福能量疗愈体系创始人_赵馨,wemedia_only,2023-03-20 11:58:00,2023-03-21 12:04:00,M->M,norisk,0.0
幸福能量疗愈体系创始人_赵馨,wemedia_only,2023-03-21 12:04:00,2023-03-23 20:23:00,M->M,norisk,0.0
幸福能量疗愈体系创始人_赵馨,wemedia_only,2023-03-23 20:23:00,2023-03-24 20:41:00,M->M,norisk,0.0
幸福能量疗愈体系创始人_赵馨,wemedia_only,2023-03-24 20:41:00,2023-03-30 20:19:00,M->L,norisk,0.0
幸福能量疗愈体系创始人_赵馨,wemedia_only,2023-03-30 20:19:00,2023-03-31 19:26:00,L->M,risk,1.0
幸福能量疗愈体系创始人_赵馨,wemedia_only,2023-03-31 19:26:00,2023-03-31 20:21:00,M->M,norisk,0.0
幸福能量疗愈体系创始人_赵馨,wemedia_only,2023-03-31 20:21:00,2023-04-06 20:29:00,M->M,norisk,0.0
幸福能量疗愈体系创始人_赵馨,wemedia_only,2023-04-06 20:29:00,2023-04-07 21:08:00,M->M,norisk,0.0
广东台触电新闻,no_media,2020-02-20 14:29:03,2020-03-05 22:20:40,M->M,unknown,
广东台触电新闻,no_media,2020-03-05 22:20:40,2020-04-10 21:29:17,M->M,unknown,
广东台触电新闻,no_media,2020-04-10 21:29:17,2020-05-28 09:41:27,M->M,unknown,
广东台触电新闻,no_media,2020-05-28 09:41:27,2020-06-21 22:59:44,M->M,unknown,
广东台触电新闻,no_media,2020-06-21 22:59:44,2020-12-23 17:26:26,M->M,unknown,
广东台触电新闻,no_media,2020-12-23 17:26:26,2020-12-23 20:32:24,M->M,unknown,
广东台触电新闻,no_media,2020-12-23 20:32:24,2021-01-31 17:18:05,M->M,unknown,
广东台触电新闻,no_media,2021-01-31 17:18:05,2021-03-21 09:35:10,M->M,unknown,
广东台触电新闻,no_media,2021-03-21 09:35:10,2021-04-02 16:39:46,M->M,unknown,
广东台触电新闻,no_media,2021-04-02 16:39:46,2021-12-30 18:37:39,M->M,unknown,
广东台触电新闻,no_media,2021-12-30 18:37:39,2022-01-17 15:48:58,M->M,unknown,
广东台触电新闻,no_media,2022-01-17 15:48:58,2022-04-12 12:27:11,M->M,unknown,
广东台触电新闻,no_media,2022-04-12 12:27:11,2022-04-18 08:41:32,M->M,unknown,
广东台触电新闻,no_media,2022-04-18 08:41:32,2022-04-19 11:05:26,M->M,unknown,
广东台触电新闻,no_media,2022-04-19 11:05:26,2022-04-28 10:36:17,M->M,unknown,
广东台触电新闻,no_media,2022-04-28 10:36:17,2022-11-13 18:21:01,M->M,unknown,
广东台触电新闻,no_media,2022-11-13 18:21:01,2022-12-03 09:37:02,M->M,unknown,
广东台触电新闻,no_media,2022-12-03 09:37:02,2022-12-07 17:10:52,M->M,unknown,
广东台触电新闻,no_media,2022-12-07 17:10:52,2022-12-09 10:53:45,M->M,unknown,
广东台触电新闻,no_media,2022-12-09 10:53:45,2022-12-15 17:50:13,M->M,unknown,
广东台触电新闻,no_media,2022-12-15 17:50:13,2023-04-12 17:52:23,M->M,unknown,
广东广播电视台城市之声,no_media,2022-10-27 19:08:35,2022-12-08 10:46:27,M->M,unknown,
广东广播电视台城市之声,no_media,2022-12-08 10:46:27,2022-12-09 09:46:57,M->M,unknown,
广东广播电视台城市之声,no_media,2022-12-09 09:46:57,2023-01-08 16:34:01,M->M,unknown,
广东广播电视台城市之声,no_media,2023-01-08 16:34:01,2023-01-14 17:42:46,M->M,unknown,
广东广播电视台城市之声,no_media,2023-01-14 17:42:46,2023-03-11 23:15:04,M->M,unknown,
广东新闻联播,no_media,2021-08-02 20:09:58,2021-08-22 22:16:49,M->M,unknown,
广东新闻联播,no_media,2021-08-22 22:16:49,2021-09-05 13:32:51,M->M,unknown,
广东新闻联播,no_media,2021-09-05 13:32:51,2021-09-24 10:39:37,M->M,unknown,
广东新闻联播,no_media,2021-09-24 10:39:37,2021-12-03 11:14:05,M->M,unknown,
广东新闻联播,no_media,2021-12-03 11:14:05,2021-12-27 15:48:13,M->M,unknown,
广东新闻联播,no_media,2021-12-27 15:48:13,2021-12-30 17:42:11,M->M,unknown,
广东新闻联播,no_media,2021-12-30 17:42:11,2022-02-27 22:30:59,M->M,unknown,
广东新闻联播,no_media,2022-02-27 22:30:59,2022-12-07 14:52:00,M->M,unknown,
广东新闻联播,no_media,2022-12-07 14:52:00,2022-12-14 16:38:46,M->M,unknown,
广东新闻联播,no_media,2022-12-14 16:38:46,2022-12-17 16:06:25,M->M,unknown,
广东新闻联播,no_media,2022-12-17 16:06:25,2023-03-01 20:39:11,M->M,unknown,
广东新闻联播,no_media,2023-03-01 20:39:11,2023-04-12 20:07:48,M->M,unknown,
广东新闻联播,no_media,2023-04-12 20:07:48,2023-12-09 20:27:38,M->M,unknown,
广东新闻联播,no_media,2023-12-09 20:27:38,2023-12-29 13:03:16,M->M,unknown,
广州校园,no_media,2020-05-28 13:58:53,2022-12-09 14:08:16,M->M,unknown,
广州校园,no_media,2022-12-09 14:08:16,2022-12-11 11:29:45,M->M,unknown,
广州校园,no_media,2022-12-11 11:29:45,2022-12-15 18:42:48,M->M,unknown,
广州检察,no_media,2022-12-16 09:44:47,2023-01-04 10:55:34,M->M,unknown,
广州铁路,no_media,2020-03-05 20:00:04,2020-03-18 19:28:52,M->M,unknown,
广州铁路,no_media,2020-03-18 19:28:52,2020-06-12 08:56:03,M->M,unknown,
广州铁路,no_media,2020-06-12 08:56:03,2021-01-08 13:00:03,M->M,unknown,
广州铁路,no_media,2021-01-08 13:00:03,2021-04-09 19:20:03,M->M,unknown,
广州铁路,no_media,2021-04-09 19:20:03,2022-01-12 15:32:08,M->M,unknown,
广州铁路,no_media,2022-01-12 15:32:08,2022-01-20 08:33:55,M->M,unknown,
广州铁路,no_media,2022-01-20 08:33:55,2022-11-29 22:50:00,M->M,unknown,
广州铁路,no_media,2022-11-29 22:50:00,2022-12-15 18:10:00,M->M,unknown,
广州铁路,no_media,2022-12-15 18:10:00,2022-12-15 19:10:00,M->M,unknown,
广州铁路,no_media,2022-12-15 19:10:00,2022-12-24 22:39:04,M->M,unknown,
广州铁路,no_media,2022-12-24 22:39:04,2022-12-31 11:00:00,M->M,unknown,
广西头条NEWS,no_media,2022-12-07 13:45:45,2022-12-14 08:47:49,M->M,unknown,
广西头条NEWS,no_media,2022-12-14 08:47:49,2022-12-14 09:05:17,M->M,unknown,
广西头条NEWS,no_media,2022-12-14 09:05:17,2022-12-15 17:00:09,M->M,unknown,
广西头条NEWS,no_media,2022-12-15 17:00:09,2022-12-16 22:15:00,M->M,unknown,
广西头条NEWS,no_media,2022-12-16 22:15:00,2023-01-01 15:44:41,M->M,unknown,
广西头条NEWS,no_media,2023-01-01 15:44:41,2023-01-01 19:15:43,M->M,unknown,
广西新闻网,no_media,2020-02-20 09:09:00,2020-03-18 21:00:04,M->M,unknown,
广西新闻网,no_media,2020-03-18 21:00:04,2020-03-18 22:30:04,M->M,unknown,
广西新闻网,no_media,2020-03-18 22:30:04,2020-04-14 17:45:03,M->M,unknown,
广西新闻网,no_media,2020-04-14 17:45:03,2020-05-27 16:00:04,M->M,unknown,
广西新闻网,no_media,2020-05-27 16:00:04,2022-12-15 19:00:02,M->M,unknown,
广西新闻网,no_media,2022-12-15 19:00:02,2022-12-16 22:00:01,M->M,unknown,
广西新闻网,no_media,2022-12-16 22:00:01,2022-12-26 17:00:02,M->M,unknown,
广西新闻网,no_media,2022-12-26 17:00:02,2023-07-12 22:00:00,M->M,unknown,
广西日报,no_media,2020-02-13 12:14:24,2020-02-19 12:31:35,M->M,unknown,
广西日报,no_media,2020-02-19 12:31:35,2020-02-29 08:05:43,M->M,unknown,
广西日报,no_media,2020-02-29 08:05:43,2020-04-05 20:00:03,M->M,unknown,
广西日报,no_media,2020-04-05 20:00:03,2020-04-22 16:30:04,M->M,unknown,
广西日报,no_media,2020-04-22 16:30:04,2020-05-27 14:00:04,M->M,unknown,
广西日报,no_media,2020-05-27 14:00:04,2020-12-29 20:00:04,M->M,unknown,
广西日报,no_media,2020-12-29 20:00:04,2021-05-20 18:55:18,M->M,unknown,
广西日报,no_media,2021-05-20 18:55:18,2022-12-09 12:20:03,M->M,unknown,
广西日报,no_media,2022-12-09 12:20:03,2023-01-19 14:18:23,M->M,unknown,
康大夫-悟道中医,no_media,2023-07-29 11:38:00,2023-11-19 13:11:00,M->M,unknown,
康迅网,no_media,2023-01-15 11:46:00,2023-03-15 16:22:00,M->M,unknown,
延安检察,no_media,2020-02-15 08:37:30,2020-02-20 08:32:55,M->M,unknown,
延安检察,no_media,2020-02-20 08:32:55,2020-03-05 20:18:48,M->M,unknown,
延安检察,no_media,2020-03-05 20:18:48,2020-04-23 20:12:02,M->M,unknown,
延安检察,no_media,2020-04-23 20:12:02,2021-01-08 07:26:08,M->M,unknown,
延安检察,no_media,2021-01-08 07:26:08,2021-01-08 07:36:02,M->M,unknown,
延长检察,no_media,2020-05-28 08:47:22,2022-01-12 09:53:15,M->M,unknown,
延长检察,no_media,2022-01-12 09:53:15,2022-12-16 09:39:38,M->M,unknown,
延长法院,mainstream_only,2022-01-08 21:13:27,2022-05-05 11:49:09,M->M,unknown,
延长法院,mainstream_only,2022-05-05 11:49:09,2022-11-18 10:37:33,M->M,unknown,
张作风流行病学教授UCLA,no_media,2022-09-16 10:24:00,2023-05-26 12:24:00,M->M,unknown,
张作风流行病学教授UCLA,no_media,2023-05-26 12:24:00,2023-05-28 05:20:00,M->M,unknown,
张作风流行病学教授UCLA,no_media,2023-05-28 05:20:00,2023-06-05 06:39:00,M->M,unknown,
张作风流行病学教授UCLA,no_media,2023-06-05 06:39:00,2023-06-13 06:00:00,M->M,unknown,
张作风流行病学教授UCLA,no_media,2023-06-13 06:00:00,2023-06-13 06:25:00,M->M,unknown,
张作风流行病学教授UCLA,no_media,2023-06-13 06:25:00,2023-06-13 07:23:00,M->M,unknown,
张作风流行病学教授UCLA,no_media,2023-06-13 07:23:00,2023-06-13 20:59:00,M->M,unknown,
张作风流行病学教授UCLA,no_media,2023-06-13 20:59:00,2023-07-07 07:26:00,M->M,unknown,
张作风流行病学教授UCLA,no_media,2023-07-07 07:26:00,2023-07-07 07:50:00,M->M,unknown,
张斐的百合诗亭,no_media,2022-12-12 20:12:00,2022-12-12 21:19:00,M->M,unknown,
当代生活报,no_media,2020-02-13 21:03:28,2020-02-19 10:40:03,M->M,unknown,
当代生活报,no_media,2020-02-19 10:40:03,2020-02-20 08:26:38,M->M,unknown,
当代生活报,no_media,2020-02-20 08:26:38,2020-02-29 08:05:14,M->M,unknown,
当代生活报,no_media,2020-02-29 08:05:14,2020-03-05 19:06:56,M->M,unknown,
当代生活报,no_media,2020-03-05 19:06:56,2020-04-23 22:29:47,M->M,unknown,
当代生活报,no_media,2020-04-23 22:29:47,2020-05-26 21:32:16,M->M,unknown,
当代生活报,no_media,2020-05-26 21:32:16,2021-03-24 23:03:43,M->M,unknown,
当代生活报,no_media,2021-03-24 23:03:43,2022-03-14 17:00:00,M->M,unknown,
当代生活报,no_media,2022-03-14 17:00:00,2022-03-14 17:00:00,M->M,unknown,
当代生活报,no_media,2022-03-14 17:00:00,2022-12-07 13:48:16,M->M,unknown,
当代生活报,no_media,2022-12-07 13:48:16,2022-12-13 12:30:02,M->M,unknown,
当代生活报,no_media,2022-12-13 12:30:02,2022-12-13 13:21:47,M->M,unknown,
当代生活报,no_media,2022-12-13 13:21:47,2022-12-16 16:25:01,M->M,unknown,
当代生活报,no_media,2022-12-16 16:25:01,2022-12-26 21:40:01,M->M,unknown,
当代生活报,no_media,2022-12-26 21:40:01,2023-01-21 18:40:01,M->M,unknown,
当归拉法_Dr段,no_media,2023-02-10 19:44:00,2023-02-14 12:29:00,M->M,unknown,
当归拉法_Dr段,no_media,2023-02-14 12:29:00,2023-02-14 14:01:00,M->M,unknown,
当归拉法_Dr段,no_media,2023-02-14 14:01:00,2023-02-15 16:41:00,M->M,unknown,
当归拉法_Dr段,no_media,2023-02-15 16:41:00,2023-02-16 12:02:00,M->M,unknown,
当归拉法_Dr段,no_media,2023-02-16 12:02:00,2023-03-02 23:32:00,M->M,unknown,
当归拉法_Dr段,no_media,2023-03-02 23:32:00,2023-03-07 16:40:00,M->M,unknown,
当归拉法_Dr段,no_media,2023-03-07 16:40:00,2023-03-10 11:12:00,M->M,unknown,
当归拉法_Dr段,no_media,2023-03-10 11:12:00,2023-03-14 12:12:00,M->M,unknown,
当归拉法_Dr段,no_media,2023-03-14 12:12:00,2023-03-22 09:19:00,M->M,unknown,
当归拉法_Dr段,no_media,2023-03-22 09:19:00,2023-03-23 17:38:00,M->M,unknown,
当归拉法_Dr段,no_media,2023-03-23 17:38:00,2023-04-11 15:59:00,M->M,unknown,
当归拉法_Dr段,no_media,2023-04-11 15:59:00,2023-04-19 14:15:00,M->M,unknown,
当归拉法_Dr段,no_media,2023-04-19 14:15:00,2023-06-13 18:31:00,M->M,unknown,
当铺大老板,no_media,2022-10-14 17:20:00,2022-10-15 09:51:00,M->M,unknown,
彩虹医生,no_media,2022-03-15 20:29:00,2022-03-16 20:20:00,M->H,unknown,
徐州瑞博医院,no_media,2023-01-05 16:07:00,2023-01-11 08:45:00,M->M,unknown,
得意学堂岱珈,wemedia_only,2022-11-15 11:00:00,2022-12-26 15:45:00,M->M,unknown,
得意学堂岱珈,wemedia_only,2022-12-26 15:45:00,2022-12-30 09:01:00,M->M,unknown,
得意学堂岱珈,wemedia_only,2022-12-30 09:01:00,2023-01-01 21:20:00,M->M,unknown,
得意学堂岱珈,wemedia_only,2023-01-01 21:20:00,2023-01-03 07:45:00,M->M,unknown,
得意学堂岱珈,wemedia_only,2023-01-03 07:45:00,2023-01-03 20:39:00,M->M,unknown,
得意学堂岱珈,wemedia_only,2023-01-03 20:39:00,2023-01-11 16:14:00,M->M,unknown,
微博江苏,no_media,2020-02-23 13:51:57,2020-09-27 19:34:33,M->M,unknown,
微博江苏,no_media,2020-09-27 19:34:33,2020-10-01 09:19:52,M->M,unknown,
微博江苏,no_media,2020-10-01 09:19:52,2020-10-02 08:53:27,M->M,unknown,
微博江苏,no_media,2020-10-02 08:53:27,2020-10-03 08:47:33,M->M,unknown,
微博江苏,no_media,2020-10-03 08:47:33,2020-10-04 08:58:44,M->M,unknown,
微博江苏,no_media,2020-10-04 08:58:44,2020-10-05 09:07:07,M->M,unknown,
微博江苏,no_media,2020-10-05 09:07:07,2020-10-06 08:59:31,M->M,unknown,
微博江苏,no_media,2020-10-06 08:59:31,2020-10-07 09:08:58,M->M,unknown,
微博江苏,no_media,2020-10-07 09:08:58,2020-10-08 09:18:50,M->M,unknown,
微博江苏,no_media,2020-10-08 09:18:50,2022-03-20 13:34:28,M->M,unknown,
微博江苏,no_media,2022-03-20 13:34:28,2022-12-09 11:38:01,M->M,unknown,
微博江苏,no_media,2022-12-09 11:38:01,2023-01-18 17:50:38,M->M,unknown,
微博江苏,no_media,2023-01-18 17:50:38,2023-01-25 13:42:50,M->M,unknown,
微博沧州,no_media,2020-01-24 08:13:49,2021-03-08 15:02:35,M->M,unknown,
微博沧州,no_media,2021-03-08 15:02:35,2021-08-12 16:09:12,M->M,unknown,
微博沧州,no_media,2021-08-12 16:09:12,2021-08-13 09:34:29,M->M,unknown,
微博沧州,no_media,2021-08-13 09:34:29,2021-11-04 15:00:02,M->M,unknown,
微博沧州,no_media,2021-11-04 15:00:02,2021-12-17 10:09:11,M->M,unknown,
微博沧州,no_media,2021-12-17 10:09:11,2022-01-04 10:16:49,M->M,unknown,
微博沧州,no_media,2022-01-04 10:16:49,2022-03-24 09:58:37,M->M,unknown,
微博沧州,no_media,2022-03-24 09:58:37,2022-06-09 10:59:49,M->M,unknown,
微博沧州,no_media,2022-06-09 10:59:49,2022-06-10 10:53:48,M->M,unknown,
微博沧州,no_media,2022-06-10 10:53:48,2022-07-25 10:11:17,M->M,unknown,
微博沧州,no_media,2022-07-25 10:11:17,2022-08-26 10:28:43,M->M,unknown,
微博沧州,no_media,2022-08-26 10:28:43,2022-09-28 09:49:11,M->M,unknown,
微博沧州,no_media,2022-09-28 09:49:11,2022-12-01 11:37:56,M->M,unknown,
微博沧州,no_media,2022-12-01 11:37:56,2022-12-16 12:16:54,M->M,unknown,
微博沧州,no_media,2022-12-16 12:16:54,2022-12-19 11:06:44,M->M,unknown,
微博沧州,no_media,2022-12-19 11:06:44,2022-12-26 11:11:50,M->M,unknown,
微博沧州,no_media,2022-12-26 11:11:50,2023-02-06 10:09:16,M->M,unknown,
微博清苑,no_media,2020-09-14 10:00:03,2021-03-30 11:04:04,M->M,unknown,
微博清苑,no_media,2021-03-30 11:04:04,2021-07-22 13:34:06,M->M,unknown,
微博清苑,no_media,2021-07-22 13:34:06,2021-07-30 23:22:02,M->M,unknown,
微博清苑,no_media,2021-07-30 23:22:02,2021-09-08 18:31:31,M->M,unknown,
微博清苑,no_media,2021-09-08 18:31:31,2021-09-16 10:56:53,M->M,unknown,
微博清苑,no_media,2021-09-16 10:56:53,2021-10-11 21:30:56,M->M,unknown,
微博清苑,no_media,2021-10-11 21:30:56,2022-04-25 13:58:29,M->M,unknown,
微博清苑,no_media,2022-04-25 13:58:29,2022-12-12 11:08:41,M->M,unknown,
微观楚雄,no_media,2020-02-20 08:44:20,2021-02-20 19:23:37,M->M,unknown,
微观现场,no_media,2022-03-23 10:32:00,2022-11-24 18:46:00,M->M,unknown,
德州发布,no_media,2020-03-17 09:40:45,2022-03-15 14:03:11,M->M,unknown,
德州发布,no_media,2022-03-15 14:03:11,2022-03-15 14:10:25,M->M,unknown,
德州发布,no_media,2022-03-15 14:10:25,2022-03-16 07:42:39,M->M,unknown,
德州发布,no_media,2022-03-16 07:42:39,2022-03-16 10:07:11,M->M,unknown,
德州发布,no_media,2022-03-16 10:07:11,2022-03-16 13:05:06,M->M,unknown,
德州发布,no_media,2022-03-16 13:05:06,2022-03-16 15:20:16,M->M,unknown,
德州发布,no_media,2022-03-16 15:20:16,2022-03-16 16:16:38,M->M,unknown,
德州发布,no_media,2022-03-16 16:16:38,2022-03-17 19:00:39,M->M,unknown,
德州发布,no_media,2022-03-17 19:00:39,2022-03-20 23:23:05,M->M,unknown,
德州发布,no_media,2022-03-20 23:23:05,2022-03-20 23:24:22,M->M,unknown,
德州发布,no_media,2022-03-20 23:24:22,2022-03-20 23:28:04,M->M,unknown,
德州发布,no_media,2022-03-20 23:28:04,2022-03-20 23:33:12,M->M,unknown,
德州发布,no_media,2022-03-20 23:33:12,2022-03-20 23:36:39,M->M,unknown,
德州发布,no_media,2022-03-20 23:36:39,2022-03-20 23:42:52,M->M,unknown,
德州发布,no_media,2022-03-20 23:42:52,2022-03-20 23:45:28,M->M,unknown,
德州发布,no_media,2022-03-20 23:45:28,2022-03-20 23:59:15,M->M,unknown,
德州发布,no_media,2022-03-20 23:59:15,2022-03-21 09:38:34,M->M,unknown,
德欧华商,no_media,2022-04-05 22:10:00,2022-05-07 16:18:00,H->H,unknown,
德欧华商,no_media,2022-05-07 16:18:00,2022-10-05 16:22:00,H->L,unknown,
德阳全媒体,no_media,2020-02-13 20:45:53,2020-02-20 16:22:18,M->M,unknown,
德阳全媒体,no_media,2020-02-20 16:22:18,2020-04-24 11:18:03,M->M,unknown,
德阳全媒体,no_media,2020-04-24 11:18:03,2021-01-20 10:19:36,M->M,unknown,
德阳全媒体,no_media,2021-01-20 10:19:36,2021-07-28 15:25:20,M->M,unknown,
德阳全媒体,no_media,2021-07-28 15:25:20,2021-08-16 16:20:37,M->M,unknown,
德阳全媒体,no_media,2021-08-16 16:20:37,2021-08-24 09:00:19,M->M,unknown,
德阳全媒体,no_media,2021-08-24 09:00:19,2021-08-28 18:00:56,M->M,unknown,
德阳全媒体,no_media,2021-08-28 18:00:56,2021-09-21 18:42:13,M->M,unknown,
德阳全媒体,no_media,2021-09-21 18:42:13,2021-10-28 17:00:02,M->M,unknown,
德阳全媒体,no_media,2021-10-28 17:00:02,2022-04-18 15:05:00,M->M,unknown,
德阳全媒体,no_media,2022-04-18 15:05:00,2022-12-09 11:00:09,M->M,unknown,
德阳全媒体,no_media,2022-12-09 11:00:09,2022-12-24 16:00:07,M->M,unknown,
德阳全媒体,no_media,2022-12-24 16:00:07,2022-12-24 20:00:07,M->M,unknown,
心悦若水2000,no_media,2023-02-17 21:20:00,2023-03-01 12:50:00,M->L,unknown,
心悦若水2000,no_media,2023-03-01 12:50:00,2023-03-30 17:16:00,L->L,unknown,
忆果缘M19,no_media,2023-01-16 20:38:00,2023-04-29 07:27:00,H->M,unknown,
快乐投资人李伟,no_media,2023-02-06 21:41:00,2023-02-19 22:51:00,M->H,unknown,
快乐芷Ann,wemedia_only,2023-01-12 06:23:00,2023-01-14 07:35:00,L->M,unknown,
怀柔chill,no_media,2023-08-01 01:42:00,2023-11-06 00:40:00,L->H,unknown,
恩施新闻网,no_media,2020-02-28 11:34:14,2022-07-24 18:00:31,M->M,unknown,
恩施新闻网,no_media,2022-07-24 18:00:31,2022-10-15 16:58:45,M->M,unknown,
恩施新闻网,no_media,2022-10-15 16:58:45,2022-12-23 19:23:09,M->M,unknown,
恩施新闻网,no_media,2022-12-23 19:23:09,2023-01-17 21:35:51,M->M,unknown,
悉尼印象微博,no_media,2022-07-10 05:30:00,2023-11-04 06:30:00,M->H,unknown,
悉尼印象微博,no_media,2023-11-04 06:30:00,2024-01-07 06:30:00,H->M,unknown,
情感文艺君,wemedia_only,2022-12-28 19:07:00,2023-01-11 11:49:00,M->L,risk,1.0
惟霓心动,no_media,2023-10-11 10:22:00,2023-10-13 11:28:00,H->H,unknown,
想名字的金鱼,no_media,2023-03-28 08:05:00,2023-04-18 18:19:00,H->L,unknown,
慈溪静姨,wemedia_only,2023-07-16 13:07:00,2023-07-17 08:18:00,H->L,unknown,
懵懵懵Scorpio,no_media,2023-01-10 18:25:00,2023-06-08 19:41:00,H->L,unknown,
成都商报,no_media,2020-02-16 11:23:13,2020-02-20 19:00:47,M->M,unknown,
成都商报,no_media,2020-02-20 19:00:47,2020-02-21 07:00:03,M->M,unknown,
成都商报,no_media,2020-02-21 07:00:03,2020-02-21 12:38:32,M->M,unknown,
成都商报,no_media,2020-02-21 12:38:32,2020-03-03 07:00:03,M->M,unknown,
成都商报,no_media,2020-03-03 07:00:03,2020-03-05 18:13:39,M->M,unknown,
成都商报,no_media,2020-03-05 18:13:39,2020-03-18 18:43:10,M->M,unknown,
成都商报,no_media,2020-03-18 18:43:10,2020-03-30 10:52:24,M->M,unknown,
成都商报,no_media,2020-03-30 10:52:24,2020-06-29 00:12:23,M->M,unknown,
成都商报,no_media,2020-06-29 00:12:23,2021-09-06 16:24:21,M->H,unknown,
成都商报,no_media,2021-09-06 16:24:21,2022-09-04 22:22:35,H->M,unknown,
成都商报,no_media,2022-09-04 22:22:35,2022-09-20 23:17:20,M->M,unknown,
成都商报,no_media,2022-09-20 23:17:20,2022-10-08 15:04:00,M->M,unknown,
成都商报,no_media,2022-10-08 15:04:00,2022-12-07 13:28:04,M->M,unknown,
成都商报,no_media,2022-12-07 13:28:04,2022-12-13 15:26:49,M->M,unknown,
成都商报,no_media,2022-12-13 15:26:49,2022-12-23 21:07:27,M->M,unknown,
成都商报,no_media,2022-12-23 21:07:27,2023-01-13 20:50:16,M->M,unknown,
成都商报,no_media,2023-01-13 20:50:16,2023-01-17 21:47:18,M->M,unknown,
成都商报,no_media,2023-01-17 21:47:18,2023-01-18 15:57:40,M->M,unknown,
成都商报,no_media,2023-01-18 15:57:40,2023-01-21 13:04:58,M->M,unknown,
成都商报,no_media,2023-01-21 13:04:58,2023-10-25 16:55:56,M->M,unknown,
成都手机报,no_media,2022-12-07 13:28:58,2022-12-14 15:24:24,M->M,unknown,
成马大健康网,no_media,2022-12-13 11:59:00,2023-01-03 13:28:00,M->M,unknown,
成马大健康网,no_media,2023-01-03 13:28:00,2023-01-10 10:56:00,M->M,unknown,
成马大健康网,no_media,2023-01-10 10:56:00,2023-02-13 10:58:00,M->M,unknown,
成马大健康网,no_media,2023-02-13 10:58:00,2023-05-05 10:43:00,M->M,unknown,
我在现场ing,no_media,2022-03-23 10:32:00,2022-11-24 18:46:00,M->M,unknown,
我是希尔瑞思,dual,2023-05-15 21:32:00,2023-05-21 08:23:00,M->M,unknown,
我是李翔,no_media,2022-12-11 17:37:46,2023-01-18 09:30:55,M->M,unknown,
我苏特稿,no_media,2020-10-05 09:04:29,2021-07-25 14:42:53,M->M,unknown,
我苏特稿,no_media,2021-07-25 14:42:53,2021-11-07 14:33:29,M->M,unknown,
我苏特稿,no_media,2021-11-07 14:33:29,2023-01-03 17:51:40,M->M,unknown,
我苏特稿,no_media,2023-01-03 17:51:40,2023-01-25 09:16:05,M->M,unknown,
我苏特稿,no_media,2023-01-25 09:16:05,2023-05-28 20:01:00,M->M,unknown,
手感造物,wemedia_only,2022-12-18 11:11:00,2022-12-20 12:29:00,M->M,norisk,0.0
扬子晚报,no_media,2018-04-27 13:00:03,2020-02-11 09:53:17,M->M,unknown,
扬子晚报,no_media,2020-02-11 09:53:17,2020-02-14 23:12:04,M->H,unknown,
扬子晚报,no_media,2020-02-14 23:12:04,2020-02-16 17:35:03,H->M,unknown,
扬子晚报,no_media,2020-02-16 17:35:03,2020-02-19 20:25:03,M->M,unknown,
扬子晚报,no_media,2020-02-19 20:25:03,2020-02-20 08:35:24,M->M,unknown,
扬子晚报,no_media,2020-02-20 08:35:24,2020-05-28 09:19:03,M->M,unknown,
扬子晚报,no_media,2020-05-28 09:19:03,2021-02-20 16:45:32,M->M,unknown,
扬子晚报,no_media,2021-02-20 16:45:32,2021-04-09 15:21:03,M->M,unknown,
扬子晚报,no_media,2021-04-09 15:21:03,2022-04-19 08:01:41,M->M,unknown,
扬子晚报,no_media,2022-04-19 08:01:41,2022-04-23 08:09:19,M->M,unknown,
扬子晚报,no_media,2022-04-23 08:09:19,2022-04-24 08:03:20,M->M,unknown,
扬子晚报,no_media,2022-04-24 08:03:20,2022-04-25 08:00:58,M->M,unknown,
扬子晚报,no_media,2022-04-25 08:00:58,2022-04-26 07:49:50,M->M,unknown,
扬子晚报,no_media,2022-04-26 07:49:50,2022-04-28 07:56:37,M->M,unknown,
扬子晚报,no_media,2022-04-28 07:56:37,2022-05-03 07:55:04,M->M,unknown,
扬子晚报,no_media,2022-05-03 07:55:04,2022-05-04 08:00:11,M->M,unknown,
扬子晚报,no_media,2022-05-04 08:00:11,2022-05-05 08:00:10,M->M,unknown,
扬子晚报,no_media,2022-05-05 08:00:10,2022-05-06 07:52:01,M->M,unknown,
扬子晚报,no_media,2022-05-06 07:52:01,2022-05-07 08:02:32,M->M,unknown,
扬子晚报,no_media,2022-05-07 08:02:32,2022-05-08 08:08:40,M->M,unknown,
扬子晚报,no_media,2022-05-08 08:08:40,2022-05-09 07:55:54,M->M,unknown,
扬子晚报,no_media,2022-05-09 07:55:54,2022-05-10 07:52:45,M->M,unknown,
扬子晚报,no_media,2022-05-10 07:52:45,2022-05-11 08:00:15,M->M,unknown,
扬子晚报,no_media,2022-05-11 08:00:15,2022-05-12 07:57:27,M->M,unknown,
扬子晚报,no_media,2022-05-12 07:57:27,2022-05-16 07:48:48,M->M,unknown,
扬子晚报,no_media,2022-05-16 07:48:48,2022-05-18 07:49:37,M->M,unknown,
扬子晚报,no_media,2022-05-18 07:49:37,2022-05-24 08:09:00,M->M,unknown,
扬子晚报,no_media,2022-05-24 08:09:00,2022-05-26 07:57:00,M->M,unknown,
扬子晚报,no_media,2022-05-26 07:57:00,2022-07-13 16:17:49,M->M,unknown,
扬子晚报,no_media,2022-07-13 16:17:49,2022-12-08 09:00:01,M->M,unknown,
扬子晚报,no_media,2022-12-08 09:00:01,2022-12-09 10:02:02,M->M,unknown,
扬子晚报,no_media,2022-12-09 10:02:02,2022-12-09 20:00:00,M->M,unknown,
扬子晚报,no_media,2022-12-09 20:00:00,2022-12-12 16:40:01,M->M,unknown,
扬子晚报,no_media,2022-12-12 16:40:01,2022-12-15 18:00:01,M->M,unknown,
扬子晚报,no_media,2022-12-15 18:00:01,2022-12-31 13:30:00,M->M,unknown,
扬子晚报,no_media,2022-12-31 13:30:00,2023-01-09 20:21:00,M->M,unknown,
扬子晚报,no_media,2023-01-09 20:21:00,2023-01-18 15:20:13,M->M,unknown,
扬子晚报,no_media,2023-01-18 15:20:13,2023-02-20 20:12:59,M->M,unknown,
扬子晚报,no_media,2023-02-20 20:12:59,2024-01-14 15:40:17,M->M,unknown,
扬州网,no_media,2020-03-18 20:32:04,2020-04-23 17:34:03,M->M,unknown,
扬州网,no_media,2020-04-23 17:34:03,2020-09-11 16:01:38,M->M,unknown,
扬州网,no_media,2020-09-11 16:01:38,2021-01-07 20:12:50,M->M,unknown,
扬州网,no_media,2021-01-07 20:12:50,2021-04-06 10:41:12,M->M,unknown,
扬州网,no_media,2021-04-06 10:41:12,2023-02-06 12:41:58,M->M,unknown,
抚州临川发布,no_media,2020-04-01 19:04:36,2020-04-14 23:31:28,M->M,unknown,
抚州临川发布,no_media,2020-04-14 23:31:28,2020-04-15 11:25:37,M->M,unknown,
抚州临川发布,no_media,2020-04-15 11:25:37,2020-04-23 22:00:35,M->M,unknown,
抚州临川发布,no_media,2020-04-23 22:00:35,2020-05-18 20:55:16,M->M,unknown,
抚州临川发布,no_media,2020-05-18 20:55:16,2020-07-28 23:21:47,M->M,unknown,
抚州临川发布,no_media,2020-07-28 23:21:47,2021-01-07 21:28:39,M->M,unknown,
抚州临川发布,no_media,2021-01-07 21:28:39,2021-01-07 23:14:34,M->M,unknown,
抚州临川发布,no_media,2021-01-07 23:14:34,2021-01-07 23:23:02,M->M,unknown,
抚州临川发布,no_media,2021-01-07 23:23:02,2021-01-07 23:49:09,M->M,unknown,
抚州临川发布,no_media,2021-01-07 23:49:09,2021-01-08 13:46:38,M->M,unknown,
抚州临川发布,no_media,2021-01-08 13:46:38,2021-01-13 10:27:22,M->M,unknown,
抚州临川发布,no_media,2021-01-13 10:27:22,2021-08-03 17:10:53,M->M,unknown,
抚州临川发布,no_media,2021-08-03 17:10:53,2021-08-03 19:03:12,M->M,unknown,
抚州临川发布,no_media,2021-08-03 19:03:12,2022-03-25 22:36:11,M->M,unknown,
抚州临川发布,no_media,2022-03-25 22:36:11,2022-05-02 15:17:31,M->M,unknown,
抚州临川发布,no_media,2022-05-02 15:17:31,2023-01-16 15:33:16,M->M,unknown,
抚州临川发布,no_media,2023-01-16 15:33:16,2023-01-18 16:17:51,M->M,unknown,
抚州临川发布,no_media,2023-01-18 16:17:51,2023-12-02 19:45:32,M->M,unknown,
抚州临川发布,no_media,2023-12-02 19:45:32,2024-01-31 16:37:06,M->M,unknown,
抚州发布,no_media,2020-01-31 19:32:37,2020-02-11 11:36:26,M->M,unknown,
抚州发布,no_media,2020-02-11 11:36:26,2020-02-21 11:14:14,M->M,unknown,
抚州发布,no_media,2020-02-21 11:14:14,2021-02-26 10:14:26,M->M,unknown,
抚州发布,no_media,2021-02-26 10:14:26,2021-03-19 09:42:17,M->M,unknown,
抚州发布,no_media,2021-03-19 09:42:17,2021-04-01 10:14:52,M->M,unknown,
抚州发布,no_media,2021-04-01 10:14:52,2021-04-13 22:23:16,M->M,unknown,
抚州发布,no_media,2021-04-13 22:23:16,2021-05-27 13:31:05,M->M,unknown,
抚州发布,no_media,2021-05-27 13:31:05,2022-03-25 08:37:46,M->M,unknown,
抚州发布,no_media,2022-03-25 08:37:46,2024-08-15 11:04:15,M->M,unknown,
挖资本主义墙角的李大锤,no_media,2023-01-15 18:33:00,2023-04-17 23:04:00,M->L,unknown,
挖资本主义墙角的李大锤,no_media,2023-04-17 23:04:00,2023-04-18 08:46:00,L->M,unknown,
搜狐健康,no_media,2022-05-27 14:12:00,2022-08-08 11:34:00,M->M,unknown,
搜罗安阳,no_media,2022-03-14 13:44:00,2022-03-14 13:44:00,M->H,unknown,
搜罗安阳,no_media,2022-03-14 13:44:00,2022-03-14 13:45:00,H->M,unknown,
搜讯,no_media,2022-03-14 16:48:00,2022-03-14 17:03:00,M->M,unknown,
救命啊------,no_media,2022-12-21 21:21:00,2023-01-04 10:52:00,L->M,unknown,
敷和中医LI,wemedia_only,2023-09-03 07:27:00,2023-09-05 08:08:00,M->M,norisk,0.0
文化艺术报报社,no_media,2020-02-20 09:38:42,2020-03-18 18:53:41,M->M,unknown,
文化艺术报报社,no_media,2020-03-18 18:53:41,2020-05-28 08:58:03,M->M,unknown,
文化艺术报报社,no_media,2020-05-28 08:58:03,2021-01-08 14:45:08,M->M,unknown,
文化艺术报报社,no_media,2021-01-08 14:45:08,2021-04-09 20:48:28,M->M,unknown,
文化艺术报报社,no_media,2021-04-09 20:48:28,2021-05-19 19:46:28,M->M,unknown,
文明南昌,no_media,2021-01-08 12:00:05,2022-03-25 10:21:48,M->M,unknown,
文明江西,no_media,2020-02-13 00:31:42,2021-09-18 17:51:06,M->M,unknown,
文明江西,no_media,2021-09-18 17:51:06,2022-04-06 14:28:01,M->M,unknown,
文明江西,no_media,2022-04-06 14:28:01,2022-12-07 21:01:08,M->M,unknown,
文森特2019,no_media,2023-01-13 09:51:00,2023-01-16 18:28:00,L->L,unknown,
文汇报,no_media,2020-01-24 01:29:27,2020-02-20 09:10:36,M->M,unknown,
文汇报,no_media,2020-02-20 09:10:36,2020-04-14 14:13:29,M->M,unknown,
文汇报,no_media,2020-04-14 14:13:29,2020-05-20 14:44:39,M->M,unknown,
文汇报,no_media,2020-05-20 14:44:39,2022-01-08 16:53:03,M->M,unknown,
文汇报,no_media,2022-01-08 16:53:03,2022-04-13 11:29:34,M->M,unknown,
文汇报,no_media,2022-04-13 11:29:34,2022-04-29 10:49:56,M->M,unknown,
文汇报,no_media,2022-04-29 10:49:56,2022-05-08 10:56:24,M->M,unknown,
文汇报,no_media,2022-05-08 10:56:24,2022-05-22 11:29:02,M->M,unknown,
文汇报,no_media,2022-05-22 11:29:02,2022-07-28 21:57:32,M->M,unknown,
文汇报,no_media,2022-07-28 21:57:32,2022-11-13 20:23:50,M->M,unknown,
文汇报,no_media,2022-11-13 20:23:50,2022-12-01 11:57:58,M->M,unknown,
文汇报,no_media,2022-12-01 11:57:58,2022-12-03 20:44:58,M->M,unknown,
文汇报,no_media,2022-12-03 20:44:58,2022-12-06 14:34:05,M->M,unknown,
文汇报,no_media,2022-12-06 14:34:05,2022-12-07 15:53:30,M->M,unknown,
文汇报,no_media,2022-12-07 15:53:30,2022-12-15 16:49:33,M->M,unknown,
文汇报,no_media,2022-12-15 16:49:33,2022-12-22 09:41:00,M->M,unknown,
文汇报,no_media,2022-12-22 09:41:00,2023-01-02 18:45:54,M->M,unknown,
文汇报,no_media,2023-01-02 18:45:54,2023-01-07 11:39:00,M->M,unknown,
文汇报,no_media,2023-01-07 11:39:00,2023-01-09 18:37:13,M->M,unknown,
断剑天涯,wemedia_only,2022-03-14 13:52:00,2022-03-14 15:09:00,M->M,norisk,0.5
新华日报,no_media,2017-01-14 12:52:46,2020-02-11 09:34:58,M->M,unknown,
新华日报,no_media,2020-02-11 09:34:58,2020-02-19 07:34:53,M->M,unknown,
新华日报,no_media,2020-02-19 07:34:53,2020-03-01 16:58:03,M->M,unknown,
新华日报,no_media,2020-03-01 16:58:03,2020-03-18 17:41:38,M->M,unknown,
新华日报,no_media,2020-03-18 17:41:38,2020-10-23 10:15:03,M->M,unknown,
新华日报,no_media,2020-10-23 10:15:03,2021-04-09 09:22:19,M->M,unknown,
新华日报,no_media,2021-04-09 09:22:19,2021-07-21 18:33:37,M->M,unknown,
新华日报,no_media,2021-07-21 18:33:37,2021-07-25 17:24:45,M->M,unknown,
新华日报,no_media,2021-07-25 17:24:45,2021-07-25 17:48:15,M->M,unknown,
新华日报,no_media,2021-07-25 17:48:15,2021-08-13 10:58:50,M->M,unknown,
新华日报,no_media,2021-08-13 10:58:50,2021-08-15 11:46:14,M->M,unknown,
新华日报,no_media,2021-08-15 11:46:14,2021-08-18 11:30:09,M->M,unknown,
新华日报,no_media,2021-08-18 11:30:09,2021-09-08 11:53:12,M->M,unknown,
新华日报,no_media,2021-09-08 11:53:12,2021-12-13 14:22:25,M->M,unknown,
新华日报,no_media,2021-12-13 14:22:25,2022-01-08 15:55:36,M->M,unknown,
新华日报,no_media,2022-01-08 15:55:36,2022-01-09 09:17:24,M->M,unknown,
新华日报,no_media,2022-01-09 09:17:24,2022-01-12 13:33:38,M->M,unknown,
新华日报,no_media,2022-01-12 13:33:38,2022-03-16 19:21:15,M->M,unknown,
新华日报,no_media,2022-03-16 19:21:15,2022-04-23 08:34:44,M->M,unknown,
新华日报,no_media,2022-04-23 08:34:44,2022-05-04 08:48:01,M->M,unknown,
新华日报,no_media,2022-05-04 08:48:01,2022-05-11 08:03:46,M->M,unknown,
新华日报,no_media,2022-05-11 08:03:46,2022-05-12 07:55:03,M->M,unknown,
新华日报,no_media,2022-05-12 07:55:03,2022-05-16 08:24:05,M->M,unknown,
新华日报,no_media,2022-05-16 08:24:05,2022-05-22 07:54:37,M->M,unknown,
新华日报,no_media,2022-05-22 07:54:37,2022-05-26 08:07:46,M->M,unknown,
新华日报,no_media,2022-05-26 08:07:46,2022-11-21 20:21:00,M->M,unknown,
新华日报,no_media,2022-11-21 20:21:00,2022-12-07 13:37:52,M->M,unknown,
新华日报,no_media,2022-12-07 13:37:52,2022-12-08 19:44:32,M->M,unknown,
新华日报,no_media,2022-12-08 19:44:32,2022-12-09 09:52:08,M->M,unknown,
新华日报,no_media,2022-12-09 09:52:08,2022-12-21 22:00:07,M->M,unknown,
新华日报,no_media,2022-12-21 22:00:07,2023-01-18 15:56:30,M->M,unknown,
新晚报,no_media,2020-02-15 08:28:03,2020-02-20 08:48:03,M->M,unknown,
新晚报,no_media,2020-02-20 08:48:03,2020-02-20 18:20:03,M->M,unknown,
新晚报,no_media,2020-02-20 18:20:03,2020-02-21 12:41:18,M->M,unknown,
新晚报,no_media,2020-02-21 12:41:18,2020-02-22 19:55:21,M->M,unknown,
新晚报,no_media,2020-02-22 19:55:21,2020-02-23 08:45:54,M->M,unknown,
新晚报,no_media,2020-02-23 08:45:54,2020-02-23 19:19:03,M->M,unknown,
新晚报,no_media,2020-02-23 19:19:03,2020-02-25 22:20:03,M->M,unknown,
新晚报,no_media,2020-02-25 22:20:03,2020-02-28 06:47:33,M->M,unknown,
新晚报,no_media,2020-02-28 06:47:33,2020-03-02 19:19:03,M->M,unknown,
新晚报,no_media,2020-03-02 19:19:03,2020-03-05 19:00:04,M->M,unknown,
新晚报,no_media,2020-03-05 19:00:04,2020-03-06 19:07:09,M->M,unknown,
新晚报,no_media,2020-03-06 19:07:09,2020-03-18 20:00:04,M->M,unknown,
新晚报,no_media,2020-03-18 20:00:04,2020-05-28 09:25:03,M->M,unknown,
新晚报,no_media,2020-05-28 09:25:03,2020-12-25 09:54:03,M->M,unknown,
新晚报,no_media,2020-12-25 09:54:03,2021-01-07 21:52:54,M->M,unknown,
新晚报,no_media,2021-01-07 21:52:54,2021-01-26 12:24:16,M->M,unknown,
新晚报,no_media,2021-01-26 12:24:16,2021-02-06 19:45:03,M->M,unknown,
新晚报,no_media,2021-02-06 19:45:03,2021-02-07 19:53:37,M->M,unknown,
新晚报,no_media,2021-02-07 19:53:37,2021-04-06 15:59:11,M->M,unknown,
新晚报,no_media,2021-04-06 15:59:11,2021-04-09 16:25:17,M->M,unknown,
新晚报,no_media,2021-04-09 16:25:17,2021-04-13 09:41:03,M->M,unknown,
新晚报,no_media,2021-04-13 09:41:03,2021-12-23 15:12:56,M->M,unknown,
新晚报,no_media,2021-12-23 15:12:56,2021-12-28 19:12:17,M->M,unknown,
新晚报,no_media,2021-12-28 19:12:17,2022-02-20 10:52:26,M->M,unknown,
新晚报,no_media,2022-02-20 10:52:26,2022-03-10 15:00:35,M->M,unknown,
新晚报,no_media,2022-03-10 15:00:35,2022-03-14 09:36:27,M->M,unknown,
新晚报,no_media,2022-03-14 09:36:27,2022-04-10 11:25:45,M->M,unknown,
新晚报,no_media,2022-04-10 11:25:45,2022-04-14 16:05:16,M->M,unknown,
新晚报,no_media,2022-04-14 16:05:16,2022-05-29 13:49:32,M->M,unknown,
新晚报,no_media,2022-05-29 13:49:32,2022-05-29 15:36:17,M->M,unknown,
新晚报,no_media,2022-05-29 15:36:17,2022-06-01 18:15:57,M->M,unknown,
新欧洲战法,no_media,2022-01-18 23:30:00,2022-03-23 17:00:00,H->M,unknown,
新民周刊,no_media,2020-01-24 00:34:01,2020-02-19 16:56:52,M->M,unknown,
新民周刊,no_media,2020-02-19 16:56:52,2020-02-20 10:16:38,M->M,unknown,
新民周刊,no_media,2020-02-20 10:16:38,2020-03-01 13:16:37,M->M,unknown,
新民周刊,no_media,2020-03-01 13:16:37,2020-03-02 17:48:38,M->M,unknown,
新民周刊,no_media,2020-03-02 17:48:38,2020-03-07 12:13:01,M->M,unknown,
新民周刊,no_media,2020-03-07 12:13:01,2020-03-13 09:59:08,M->M,unknown,
新民周刊,no_media,2020-03-13 09:59:08,2020-03-29 10:51:52,M->M,unknown,
新民周刊,no_media,2020-03-29 10:51:52,2021-02-20 16:07:33,M->M,unknown,
新民周刊,no_media,2021-02-20 16:07:33,2021-03-15 14:51:23,M->M,unknown,
新民周刊,no_media,2021-03-15 14:51:23,2022-04-17 14:37:49,M->M,unknown,
新民周刊,no_media,2022-04-17 14:37:49,2022-04-17 17:15:07,M->M,unknown,
新民周刊,no_media,2022-04-17 17:15:07,2022-04-18 22:51:14,M->M,unknown,
新民周刊,no_media,2022-04-18 22:51:14,2022-04-19 11:33:57,M->M,unknown,
新民周刊,no_media,2022-04-19 11:33:57,2022-04-26 11:14:05,M->M,unknown,
新民周刊,no_media,2022-04-26 11:14:05,2022-05-26 09:52:05,M->M,unknown,
新民周刊,no_media,2022-05-26 09:52:05,2022-12-01 19:00:21,M->M,unknown,
新民周刊,no_media,2022-12-01 19:00:21,2022-12-09 12:06:38,M->M,unknown,
新民周刊,no_media,2022-12-09 12:06:38,2022-12-11 12:06:36,M->M,unknown,
新民周刊,no_media,2022-12-11 12:06:36,2022-12-18 19:01:15,M->M,unknown,
新民周刊,no_media,2022-12-18 19:01:15,2023-01-17 19:37:24,M->M,unknown,
新民周刊,no_media,2023-01-17 19:37:24,2023-01-19 16:02:00,M->M,unknown,
新民周刊,no_media,2023-01-19 16:02:00,2023-01-21 12:16:02,M->M,unknown,
新民周刊,no_media,2023-01-21 12:16:02,2023-04-12 18:45:54,M->M,unknown,
新民周刊,no_media,2023-04-12 18:45:54,2023-12-09 21:31:00,M->M,unknown,
新民周刊,no_media,2023-12-09 21:31:00,2024-03-17 18:16:49,M->M,unknown,
新民晚报新民网,no_media,2020-03-27 13:39:03,2020-04-06 16:00:03,M->M,unknown,
新民晚报新民网,no_media,2020-04-06 16:00:03,2020-04-23 15:38:03,M->M,unknown,
新民晚报新民网,no_media,2020-04-23 15:38:03,2020-04-24 09:33:07,M->M,unknown,
新民晚报新民网,no_media,2020-04-24 09:33:07,2020-05-20 14:43:53,M->M,unknown,
新民晚报新民网,no_media,2020-05-20 14:43:53,2020-07-28 09:44:28,M->M,unknown,
新民晚报新民网,no_media,2020-07-28 09:44:28,2020-12-21 18:13:58,M->M,unknown,
新民晚报新民网,no_media,2020-12-21 18:13:58,2021-03-15 14:46:04,M->M,unknown,
新民晚报新民网,no_media,2021-03-15 14:46:04,2021-04-21 14:39:50,M->M,unknown,
新民晚报新民网,no_media,2021-04-21 14:39:50,2021-07-17 19:30:03,M->M,unknown,
新民晚报新民网,no_media,2021-07-17 19:30:03,2021-08-03 10:24:00,M->M,unknown,
新民晚报新民网,no_media,2021-08-03 10:24:00,2022-02-10 12:12:47,M->M,unknown,
新民晚报新民网,no_media,2022-02-10 12:12:47,2022-03-31 10:33:33,M->M,unknown,
新民晚报新民网,no_media,2022-03-31 10:33:33,2022-04-25 10:36:44,M->M,unknown,
新民晚报新民网,no_media,2022-04-25 10:36:44,2022-04-26 08:24:16,M->M,unknown,
新民晚报新民网,no_media,2022-04-26 08:24:16,2022-04-28 08:33:00,M->M,unknown,
新民晚报新民网,no_media,2022-04-28 08:33:00,2022-04-29 08:33:58,M->M,unknown,
新民晚报新民网,no_media,2022-04-29 08:33:58,2022-05-04 08:18:04,M->M,unknown,
新民晚报新民网,no_media,2022-05-04 08:18:04,2022-05-05 08:30:25,M->M,unknown,
新民晚报新民网,no_media,2022-05-05 08:30:25,2022-05-06 08:37:32,M->M,unknown,
新民晚报新民网,no_media,2022-05-06 08:37:32,2022-05-08 08:32:07,M->M,unknown,
新民晚报新民网,no_media,2022-05-08 08:32:07,2022-05-09 08:26:23,M->M,unknown,
新民晚报新民网,no_media,2022-05-09 08:26:23,2022-05-10 08:30:33,M->M,unknown,
新民晚报新民网,no_media,2022-05-10 08:30:33,2022-05-11 08:31:11,M->M,unknown,
新民晚报新民网,no_media,2022-05-11 08:31:11,2022-05-11 10:48:20,M->M,unknown,
新民晚报新民网,no_media,2022-05-11 10:48:20,2022-05-12 08:17:27,M->M,unknown,
新民晚报新民网,no_media,2022-05-12 08:17:27,2022-05-13 08:33:44,M->M,unknown,
新民晚报新民网,no_media,2022-05-13 08:33:44,2022-05-16 08:31:46,M->M,unknown,
新民晚报新民网,no_media,2022-05-16 08:31:46,2022-05-18 08:56:35,M->M,unknown,
新民晚报新民网,no_media,2022-05-18 08:56:35,2022-05-24 08:42:37,M->M,unknown,
新民晚报新民网,no_media,2022-05-24 08:42:37,2022-05-26 08:29:19,M->M,unknown,
新民晚报新民网,no_media,2022-05-26 08:29:19,2022-06-04 20:27:00,M->M,unknown,
新民晚报新民网,no_media,2022-06-04 20:27:00,2022-06-07 18:45:01,M->M,unknown,
新民晚报新民网,no_media,2022-06-07 18:45:01,2022-06-11 13:30:03,M->M,unknown,
新民晚报新民网,no_media,2022-06-11 13:30:03,2022-06-24 18:45:00,M->M,unknown,
新民晚报新民网,no_media,2022-06-24 18:45:00,2022-06-27 09:31:19,M->M,unknown,
新民晚报新民网,no_media,2022-06-27 09:31:19,2022-06-29 15:57:04,M->M,unknown,
新民晚报新民网,no_media,2022-06-29 15:57:04,2022-07-28 09:06:52,M->M,unknown,
新民晚报新民网,no_media,2022-07-28 09:06:52,2022-10-26 17:32:01,M->M,unknown,
新民晚报新民网,no_media,2022-10-26 17:32:01,2022-12-06 21:46:02,M->M,unknown,
新民晚报新民网,no_media,2022-12-06 21:46:02,2022-12-07 17:30:02,M->M,unknown,
新民晚报新民网,no_media,2022-12-07 17:30:02,2022-12-09 09:09:57,M->M,unknown,
新民晚报新民网,no_media,2022-12-09 09:09:57,2022-12-09 09:51:55,M->M,unknown,
新民晚报新民网,no_media,2022-12-09 09:51:55,2022-12-12 15:51:47,M->M,unknown,
新民晚报新民网,no_media,2022-12-12 15:51:47,2022-12-25 14:48:00,M->M,unknown,
新民晚报新民网,no_media,2022-12-25 14:48:00,2022-12-25 16:48:00,M->M,unknown,
新民晚报新民网,no_media,2022-12-25 16:48:00,2023-01-01 15:52:48,M->M,unknown,
新民晚报新民网,no_media,2023-01-01 15:52:48,2023-01-02 18:47:00,M->M,unknown,
新民晚报新民网,no_media,2023-01-02 18:47:00,2023-01-03 17:55:00,M->M,unknown,
新民晚报新民网,no_media,2023-01-03 17:55:00,2023-01-04 13:01:04,M->M,unknown,
新民晚报新民网,no_media,2023-01-04 13:01:04,2023-01-18 17:45:00,M->M,unknown,
新民晚报新民网,no_media,2023-01-18 17:45:00,2023-01-18 20:30:02,M->M,unknown,
新民晚报新民网,no_media,2023-01-18 20:30:02,2023-01-30 21:57:37,M->H,unknown,
新法治报,no_media,2022-12-06 16:30:58,2022-12-09 10:39:35,M->M,unknown,
新法治报,no_media,2022-12-09 10:39:35,2022-12-10 08:51:12,M->M,unknown,
新法治报,no_media,2022-12-10 08:51:12,2022-12-17 16:31:55,M->M,unknown,
新法治报,no_media,2022-12-17 16:31:55,2022-12-29 12:39:53,M->M,unknown,
新法治报,no_media,2022-12-29 12:39:53,2022-12-30 10:58:45,M->M,unknown,
新法治报,no_media,2022-12-30 10:58:45,2023-01-02 10:20:43,M->M,unknown,
新法治报,no_media,2023-01-02 10:20:43,2023-01-02 10:21:27,M->M,unknown,
新法治报,no_media,2023-01-02 10:21:27,2023-01-04 11:48:14,M->M,unknown,
新法治报,no_media,2023-01-04 11:48:14,2023-01-05 16:38:42,M->M,unknown,
新疆网络举报,no_media,2022-12-23 12:24:36,2023-05-29 16:08:07,M->M,unknown,
新疆西部传媒有限公司,no_media,2022-10-14 15:32:00,2022-10-17 20:20:00,M->M,unknown,
新西兰早知道,no_media,2022-03-02 04:06:00,2022-03-08 03:25:00,H->H,unknown,
新警事儿,no_media,2020-03-14 15:44:53,2020-03-29 12:06:21,M->M,unknown,
新警事儿,no_media,2020-03-29 12:06:21,2022-12-07 15:05:44,M->M,unknown,
新警事儿,no_media,2022-12-07 15:05:44,2022-12-25 14:50:19,M->M,unknown,
新闻晨报,no_media,2022-12-15 16:15:00,2022-12-18 10:13:00,M->M,unknown,
新闻晨报,no_media,2022-12-18 10:13:00,2022-12-24 15:25:00,M->M,unknown,
新闻晨报,no_media,2022-12-24 15:25:00,2022-12-24 19:30:00,M->M,unknown,
新闻晨报,no_media,2022-12-24 19:30:00,2022-12-25 07:51:43,M->M,unknown,
新闻晨报,no_media,2022-12-25 07:51:43,2022-12-25 10:38:54,M->M,unknown,
新闻晨报,no_media,2022-12-25 10:38:54,2022-12-26 07:28:42,M->M,unknown,
新闻晨报,no_media,2022-12-26 07:28:42,2022-12-26 12:28:49,M->M,unknown,
新闻晨报,no_media,2022-12-26 12:28:49,2022-12-29 09:24:23,M->M,unknown,
新闻晨报,no_media,2022-12-29 09:24:23,2022-12-29 13:08:05,M->M,unknown,
新闻晨报,no_media,2022-12-29 13:08:05,2022-12-30 09:37:00,M->M,unknown,
新闻晨报,no_media,2022-12-30 09:37:00,2022-12-30 11:19:01,M->M,unknown,
新闻晨报,no_media,2022-12-30 11:19:01,2022-12-30 17:40:03,M->M,unknown,
新闻晨报,no_media,2022-12-30 17:40:03,2023-01-01 19:35:17,M->M,unknown,
新闻晨报,no_media,2023-01-01 19:35:17,2023-01-02 13:30:00,M->M,unknown,
新闻晨报,no_media,2023-01-02 13:30:00,2023-01-02 17:15:00,M->M,unknown,
新闻晨报,no_media,2023-01-02 17:15:00,2023-01-02 18:20:00,M->M,unknown,
新闻晨报,no_media,2023-01-02 18:20:00,2023-01-03 09:23:00,M->M,unknown,
新闻晨报,no_media,2023-01-03 09:23:00,2023-01-03 13:10:00,M->M,unknown,
新闻晨报,no_media,2023-01-03 13:10:00,2023-01-03 14:49:13,M->M,unknown,
新闻晨报,no_media,2023-01-03 14:49:13,2023-01-05 12:48:02,M->M,unknown,
新闻晨报,no_media,2023-01-05 12:48:02,2023-01-05 21:50:08,M->M,unknown,
新闻晨报,no_media,2023-01-05 21:50:08,2023-01-07 07:45:00,M->M,unknown,
新闻晨报,no_media,2023-01-07 07:45:00,2023-01-07 17:30:00,M->H,unknown,
新闻晨报,no_media,2023-01-07 17:30:00,2023-01-08 14:59:00,H->M,unknown,
新闻晨报,no_media,2023-01-08 14:59:00,2023-01-09 20:00:06,M->M,unknown,
新闻晨报,no_media,2023-01-09 20:00:06,2023-01-10 16:39:00,M->M,unknown,
新闻晨报,no_media,2023-01-10 16:39:00,2023-01-11 22:08:01,M->M,unknown,
新闻晨报,no_media,2023-01-11 22:08:01,2023-01-12 21:25:00,M->M,unknown,
新闻晨报,no_media,2023-01-12 21:25:00,2023-01-13 22:28:04,M->M,unknown,
新闻晨报,no_media,2023-01-13 22:28:04,2023-01-13 22:30:04,M->M,unknown,
新闻晨报,no_media,2023-01-13 22:30:04,2023-01-17 20:40:00,M->M,unknown,
新闻晨报,no_media,2023-01-17 20:40:00,2023-01-18 15:37:29,M->M,unknown,
新闻晨报,no_media,2023-01-18 15:37:29,2023-02-19 19:20:01,M->M,unknown,
新闻晨报,no_media,2023-02-19 19:20:01,2023-03-02 14:30:00,M->M,unknown,
新闻晨报,no_media,2023-03-02 14:30:00,2023-03-03 07:50:00,M->M,unknown,
新闻晨报,no_media,2023-03-03 07:50:00,2023-03-05 19:29:27,M->M,unknown,
新闻晨报,no_media,2023-03-05 19:29:27,2023-03-09 10:05:00,M->M,unknown,
新闻晨报,no_media,2023-03-09 10:05:00,2023-03-12 07:30:01,M->M,unknown,
新闻晨报,no_media,2023-03-12 07:30:01,2023-04-24 09:45:00,M->M,unknown,
新闻晨报,no_media,2023-04-24 09:45:00,2023-05-18 07:15:00,M->M,unknown,
新闻晨报,no_media,2023-05-18 07:15:00,2023-05-21 08:00:00,M->L,unknown,
新闻晨报,no_media,2023-05-21 08:00:00,2023-05-28 08:00:01,L->M,unknown,
新闻晨报,no_media,2023-05-28 08:00:01,2023-05-28 10:35:00,M->M,unknown,
新闻晨报,no_media,2023-05-28 10:35:00,2023-06-02 06:31:51,M->M,unknown,
新闻晨报,no_media,2023-06-02 06:31:51,2023-06-04 12:00:01,M->M,unknown,
新闻晨报,no_media,2023-06-04 12:00:01,2023-06-13 20:00:00,M->M,unknown,
新闻晨报,no_media,2023-06-13 20:00:00,2023-06-16 17:45:01,M->M,unknown,
新闻晨报,no_media,2023-06-16 17:45:01,2023-06-17 16:39:09,M->H,unknown,
新闻晨报,no_media,2023-06-17 16:39:09,2023-11-12 14:00:01,H->M,unknown,
新闻晨报,no_media,2023-11-12 14:00:01,2023-11-13 17:00:01,M->M,unknown,
新闻晨报,no_media,2023-11-13 17:00:01,2023-12-29 10:00:02,M->M,unknown,
新闻晨报,no_media,2023-12-29 10:00:02,2023-12-31 14:45:00,M->M,unknown,
新闻晨报,no_media,2023-12-31 14:45:00,2024-01-14 16:45:00,M->M,unknown,
新闻晨报,no_media,2024-01-14 16:45:00,2024-02-06 13:20:00,M->L,unknown,
新闻晨报,no_media,2024-02-06 13:20:00,2024-02-21 14:48:58,L->L,unknown,
新闻晨报,no_media,2024-02-21 14:48:58,2024-02-26 16:30:00,L->M,unknown,
新闻晨报,no_media,2024-02-26 16:30:00,2024-04-07 18:05:00,M->M,unknown,
新闻晨报,no_media,2024-04-07 18:05:00,2024-08-15 07:15:00,M->M,unknown,
新闻晨报,no_media,2024-08-15 07:15:00,2024-08-26 18:01:00,M->M,unknown,
新闻种草官,no_media,2022-04-04 14:27:03,2022-04-06 16:03:49,M->M,unknown,
新闻种草官,no_media,2022-04-06 16:03:49,2022-04-24 08:47:13,M->M,unknown,
新闻种草官,no_media,2022-04-24 08:47:13,2022-04-26 08:32:15,M->M,unknown,
新闻种草官,no_media,2022-04-26 08:32:15,2022-04-30 08:37:50,M->M,unknown,
新闻种草官,no_media,2022-04-30 08:37:50,2022-05-01 08:33:05,M->M,unknown,
新闻种草官,no_media,2022-05-01 08:33:05,2022-05-03 15:30:09,M->M,unknown,
新闻种草官,no_media,2022-05-03 15:30:09,2022-05-06 08:45:00,M->M,unknown,
新闻种草官,no_media,2022-05-06 08:45:00,2022-05-07 08:36:12,M->M,unknown,
新闻种草官,no_media,2022-05-07 08:36:12,2022-05-10 08:38:57,M->M,unknown,
新闻种草官,no_media,2022-05-10 08:38:57,2022-05-11 08:35:54,M->M,unknown,
新闻种草官,no_media,2022-05-11 08:35:54,2022-05-13 08:22:16,M->M,unknown,
新闻种草官,no_media,2022-05-13 08:22:16,2022-05-18 09:01:26,M->M,unknown,
新闻种草官,no_media,2022-05-18 09:01:26,2022-05-24 08:28:27,M->M,unknown,
新闻种草官,no_media,2022-05-24 08:28:27,2022-05-26 08:27:38,M->M,unknown,
新闻种草官,no_media,2022-05-26 08:27:38,2022-06-17 11:16:33,M->M,unknown,
新闻种草官,no_media,2022-06-17 11:16:33,2022-12-08 20:09:45,M->M,unknown,
新闻种草官,no_media,2022-12-08 20:09:45,2023-01-01 16:39:29,M->M,unknown,
新闻种草官,no_media,2023-01-01 16:39:29,2023-01-21 11:25:21,M->M,unknown,
新闻种草官,no_media,2023-01-21 11:25:21,2023-05-28 10:10:09,M->M,unknown,
新闻种草官,no_media,2023-05-28 10:10:09,2024-01-14 15:47:57,M->M,unknown,
无名代王199910,no_media,2023-03-23 12:51:00,2023-03-24 12:40:00,M->M,unknown,
无忧差评,wemedia_only,2023-08-07 17:36:00,2023-09-24 21:43:00,M->H,norisk,0.0
无线鹤壁,no_media,2020-03-19 15:22:34,2020-04-30 09:24:31,M->M,unknown,
无线鹤壁,no_media,2020-04-30 09:24:31,2020-12-28 09:16:28,M->M,unknown,
无线鹤壁,no_media,2020-12-28 09:16:28,2022-12-09 14:54:53,M->M,unknown,
无锡博报,no_media,2020-01-24 08:09:07,2020-02-11 12:17:02,M->M,unknown,
无锡博报,no_media,2020-02-11 12:17:02,2020-05-28 09:16:38,M->M,unknown,
无锡博报,no_media,2020-05-28 09:16:38,2021-01-15 17:50:10,M->M,unknown,
无锡博报,no_media,2021-01-15 17:50:10,2021-02-26 09:57:03,M->M,unknown,
无锡博报,no_media,2021-02-26 09:57:03,2021-04-13 10:21:54,M->M,unknown,
无锡博报,no_media,2021-04-13 10:21:54,2021-08-03 14:38:46,M->M,unknown,
无锡博报,no_media,2021-08-03 14:38:46,2022-04-04 16:20:43,M->M,unknown,
无锡博报,no_media,2022-04-04 16:20:43,2022-05-04 09:10:04,M->M,unknown,
无锡博报,no_media,2022-05-04 09:10:04,2022-10-14 10:13:03,M->M,unknown,
无锡博报,no_media,2022-10-14 10:13:03,2022-10-14 14:45:21,M->M,unknown,
无锡博报,no_media,2022-10-14 14:45:21,2022-10-28 15:32:38,M->M,unknown,
无锡博报,no_media,2022-10-28 15:32:38,2022-12-07 14:01:24,M->M,unknown,
无锡博报,no_media,2022-12-07 14:01:24,2022-12-15 16:49:02,M->M,unknown,
无锡博报,no_media,2022-12-15 16:49:02,2023-01-18 19:31:00,M->M,unknown,
无锡博报,no_media,2023-01-18 19:31:00,2023-01-25 09:48:45,M->M,unknown,
无锡博报,no_media,2023-01-25 09:48:45,2023-03-20 15:29:28,M->M,unknown,
日本干细胞Motif银座Clinic,no_media,2023-01-09 14:49:00,2023-01-09 17:33:00,M->M,unknown,
日本干细胞Motif银座Clinic,no_media,2023-01-09 17:33:00,2023-01-10 17:44:00,M->M,unknown,
日本干细胞Motif银座Clinic,no_media,2023-01-10 17:44:00,2023-01-11 13:58:00,M->M,unknown,
日本干细胞Motif银座Clinic,no_media,2023-01-11 13:58:00,2023-01-11 15:25:00,M->M,unknown,
日本龟田综合医院,no_media,2022-12-01 15:28:00,2023-06-02 12:00:00,M->M,unknown,
日本龟田综合医院,no_media,2023-06-02 12:00:00,2023-10-18 17:00:00,M->M,unknown,
日照网,no_media,2022-01-06 11:22:18,2022-04-06 10:14:18,M->M,unknown,
日照网,no_media,2022-04-06 10:14:18,2022-08-03 09:08:23,M->M,unknown,
日照网,no_media,2022-08-03 09:08:23,2022-10-14 09:04:34,M->M,unknown,
日照网,no_media,2022-10-14 09:04:34,2022-12-01 16:27:12,M->M,unknown,
日照网,no_media,2022-12-01 16:27:12,2022-12-06 15:20:14,M->M,unknown,
日照网,no_media,2022-12-06 15:20:14,2022-12-07 13:32:30,M->M,unknown,
日照网,no_media,2022-12-07 13:32:30,2022-12-08 08:49:01,M->M,unknown,
日照网,no_media,2022-12-08 08:49:01,2022-12-08 11:50:40,M->M,unknown,
日照网,no_media,2022-12-08 11:50:40,2022-12-15 17:23:31,M->M,unknown,
日照网,no_media,2022-12-15 17:23:31,2022-12-19 08:46:43,M->M,unknown,
日照网,no_media,2022-12-19 08:46:43,2022-12-21 09:46:14,M->M,unknown,
日照网,no_media,2022-12-21 09:46:14,2022-12-26 14:55:56,M->M,unknown,
日照网,no_media,2022-12-26 14:55:56,2023-01-18 16:24:10,M->M,unknown,
日照网,no_media,2023-01-18 16:24:10,2023-05-28 10:20:28,M->M,unknown,
日照网,no_media,2023-05-28 10:20:28,2023-05-28 11:19:58,M->M,unknown,
日记君六生,no_media,2023-10-10 00:40:00,2023-10-11 08:12:00,L->L,unknown,
时视频,no_media,2022-12-09 09:27:55,2022-12-16 15:15:07,M->M,unknown,
时视频,no_media,2022-12-16 15:15:07,2022-12-19 00:33:20,M->M,unknown,
时间新闻视频,no_media,2022-07-09 16:09:16,2023-02-21 14:03:20,M->M,unknown,
时间视频,no_media,2020-01-23 21:33:03,2020-01-23 23:06:30,M->M,unknown,
时间视频,no_media,2020-01-23 23:06:30,2020-01-29 13:17:54,M->M,unknown,
时间视频,no_media,2020-01-29 13:17:54,2020-04-10 14:53:44,M->M,unknown,
时间视频,no_media,2020-04-10 14:53:44,2020-04-14 16:21:27,M->M,unknown,
时间视频,no_media,2020-04-14 16:21:27,2021-11-05 22:07:29,M->M,unknown,
时间视频,no_media,2021-11-05 22:07:29,2021-11-10 10:17:46,M->M,unknown,
时间视频,no_media,2021-11-10 10:17:46,2022-05-23 14:49:52,M->M,unknown,
时间视频,no_media,2022-05-23 14:49:52,2022-07-06 16:53:56,M->M,unknown,
时间视频,no_media,2022-07-06 16:53:56,2022-07-09 16:08:15,M->M,unknown,
时间视频,no_media,2022-07-09 16:08:15,2022-07-23 17:59:31,M->M,unknown,
时间视频,no_media,2022-07-23 17:59:31,2022-11-03 12:29:08,M->M,unknown,
时间视频,no_media,2022-11-03 12:29:08,2022-12-07 13:39:04,M->M,unknown,
时间视频,no_media,2022-12-07 13:39:04,2022-12-08 09:50:31,M->M,unknown,
时间视频,no_media,2022-12-08 09:50:31,2022-12-23 14:43:51,M->M,unknown,
时间视频,no_media,2022-12-23 14:43:51,2023-01-04 11:14:19,M->M,unknown,
时间视频,no_media,2023-01-04 11:14:19,2023-01-21 17:45:24,M->M,unknown,
时间视频,no_media,2023-01-21 17:45:24,2023-02-21 14:02:46,M->M,unknown,
时间视频,no_media,2023-02-21 14:02:46,2023-02-28 13:29:45,M->M,unknown,
昆明东川发布,no_media,2021-02-08 18:31:34,2021-03-25 16:15:26,M->M,unknown,
昆明东川发布,no_media,2021-03-25 16:15:26,2021-07-27 08:16:59,M->M,unknown,
昆明东川发布,no_media,2021-07-27 08:16:59,2022-02-23 10:47:16,M->M,unknown,
昆明东川发布,no_media,2022-02-23 10:47:16,2022-03-07 14:40:02,M->M,unknown,
昆明东川发布,no_media,2022-03-07 14:40:02,2022-08-21 15:52:12,M->H,unknown,
昆明东川发布,no_media,2022-08-21 15:52:12,2022-12-08 09:16:30,H->M,unknown,
昆明东川发布,no_media,2022-12-08 09:16:30,2022-12-08 09:22:16,M->M,unknown,
昆明东川发布,no_media,2022-12-08 09:22:16,2022-12-08 09:50:59,M->M,unknown,
昆明东川发布,no_media,2022-12-08 09:50:59,2022-12-08 15:44:31,M->M,unknown,
昆明东川发布,no_media,2022-12-08 15:44:31,2022-12-10 11:51:04,M->M,unknown,
昆明东川发布,no_media,2022-12-10 11:51:04,2022-12-16 15:18:05,M->M,unknown,
昆明东川发布,no_media,2022-12-16 15:18:05,2022-12-16 21:31:21,M->M,unknown,
昆明五华发布,mainstream_only,2021-01-15 21:41:36,2021-03-29 11:22:28,M->M,unknown,
昆明五华发布,mainstream_only,2021-03-29 11:22:28,2021-04-09 14:53:26,M->M,unknown,
昆明五华发布,mainstream_only,2021-04-09 14:53:26,2021-10-27 22:07:17,M->M,unknown,
昆明五华发布,mainstream_only,2021-10-27 22:07:17,2021-12-03 09:25:44,M->M,unknown,
昆明五华发布,mainstream_only,2021-12-03 09:25:44,2022-01-21 09:15:10,M->M,unknown,
昆明五华发布,mainstream_only,2022-01-21 09:15:10,2022-03-23 22:10:51,M->M,unknown,
昆明五华发布,mainstream_only,2022-03-23 22:10:51,2022-04-04 14:42:42,M->M,unknown,
昆明五华发布,mainstream_only,2022-04-04 14:42:42,2022-04-06 09:51:52,M->M,unknown,
昆明五华发布,mainstream_only,2022-04-06 09:51:52,2022-04-19 11:50:11,M->M,unknown,
昆明五华发布,mainstream_only,2022-04-19 11:50:11,2022-05-31 09:26:58,M->M,unknown,
昆明五华发布,mainstream_only,2022-05-31 09:26:58,2022-10-14 10:44:42,M->M,unknown,
昆明五华发布,mainstream_only,2022-10-14 10:44:42,2022-11-18 13:23:07,M->M,unknown,
昆明五华发布,mainstream_only,2022-11-18 13:23:07,2022-11-18 15:22:10,M->M,unknown,
昆明五华发布,mainstream_only,2022-11-18 15:22:10,2022-12-07 13:45:30,M->M,unknown,
昆明五华发布,mainstream_only,2022-12-07 13:45:30,2022-12-15 18:07:28,M->M,unknown,
昆明五华发布,mainstream_only,2022-12-15 18:07:28,2022-12-19 10:45:18,M->M,unknown,
昆明五华发布,mainstream_only,2022-12-19 10:45:18,2022-12-20 19:16:02,M->M,unknown,
昆明五华发布,mainstream_only,2022-12-20 19:16:02,2022-12-26 16:11:32,M->M,unknown,
昆明五华发布,mainstream_only,2022-12-26 16:11:32,2022-12-27 21:04:25,M->M,unknown,
昆明五华发布,mainstream_only,2022-12-27 21:04:25,2023-01-02 16:05:30,M->M,unknown,
昆明五华发布,mainstream_only,2023-01-02 16:05:30,2023-01-03 12:10:38,M->M,unknown,
昆明五华发布,mainstream_only,2023-01-03 12:10:38,2023-01-05 11:29:28,M->M,unknown,
昆明五华发布,mainstream_only,2023-01-05 11:29:28,2023-01-10 22:14:55,M->M,unknown,
昆明五华发布,mainstream_only,2023-01-10 22:14:55,2023-01-11 23:10:08,M->M,unknown,
昆明五华发布,mainstream_only,2023-01-11 23:10:08,2023-03-01 11:54:47,M->M,unknown,
昆明五华发布,mainstream_only,2023-03-01 11:54:47,2023-09-17 20:45:23,M->M,unknown,
昆明五华发布,mainstream_only,2023-09-17 20:45:23,2023-10-09 15:04:03,M->M,unknown,
昆明信息港,no_media,2020-04-19 15:29:33,2021-12-04 18:44:14,M->M,unknown,
昆明信息港,no_media,2021-12-04 18:44:14,2022-04-06 10:24:51,M->M,unknown,
昆明信息港,no_media,2022-04-06 10:24:51,2022-11-07 20:42:19,M->M,unknown,
昆明信息港,no_media,2022-11-07 20:42:19,2022-12-05 18:38:13,M->M,unknown,
昆明信息港,no_media,2022-12-05 18:38:13,2022-12-16 16:46:51,M->M,unknown,
昆明信息港,no_media,2022-12-16 16:46:51,2022-12-21 09:31:29,M->M,unknown,
昆明信息港,no_media,2022-12-21 09:31:29,2022-12-30 16:52:19,M->M,unknown,
昆明信息港,no_media,2022-12-30 16:52:19,2023-01-01 16:58:13,M->M,unknown,
昆明信息港,no_media,2023-01-01 16:58:13,2023-03-20 16:07:27,M->M,unknown,
昆明富民发布,no_media,2021-05-07 14:23:41,2022-01-01 22:45:22,M->M,unknown,
昆明富民发布,no_media,2022-01-01 22:45:22,2022-04-21 14:45:36,M->M,unknown,
昆明富民发布,no_media,2022-04-21 14:45:36,2022-12-08 10:43:32,M->M,unknown,
昆明富民发布,no_media,2022-12-08 10:43:32,2022-12-31 12:07:16,M->M,unknown,
昆明富民发布,no_media,2022-12-31 12:07:16,2023-03-01 09:56:05,M->M,unknown,
昆明富民发布,no_media,2023-03-01 09:56:05,2023-05-29 11:12:42,M->M,unknown,
昆明富民发布,no_media,2023-05-29 11:12:42,2023-06-02 09:56:52,M->M,unknown,
昆明广播电视台,no_media,2021-08-02 12:33:41,2021-08-03 11:02:58,M->M,unknown,
昆明广播电视台,no_media,2021-08-03 11:02:58,2021-08-15 23:00:35,M->M,unknown,
昆明广播电视台,no_media,2021-08-15 23:00:35,2022-01-16 11:16:28,M->M,unknown,
昆明广播电视台,no_media,2022-01-16 11:16:28,2022-04-17 12:04:03,M->M,unknown,
昆明广播电视台,no_media,2022-04-17 12:04:03,2022-04-30 08:00:13,M->M,unknown,
昆明广播电视台,no_media,2022-04-30 08:00:13,2022-05-04 08:57:56,M->M,unknown,
昆明广播电视台,no_media,2022-05-04 08:57:56,2022-05-07 08:10:54,M->M,unknown,
昆明广播电视台,no_media,2022-05-07 08:10:54,2022-05-09 09:10:18,M->M,unknown,
昆明广播电视台,no_media,2022-05-09 09:10:18,2022-05-14 08:24:18,M->M,unknown,
昆明广播电视台,no_media,2022-05-14 08:24:18,2022-05-18 08:58:46,M->M,unknown,
昆明广播电视台,no_media,2022-05-18 08:58:46,2022-05-24 09:30:21,M->M,unknown,
昆明广播电视台,no_media,2022-05-24 09:30:21,2022-10-14 08:53:13,M->M,unknown,
昆明广播电视台,no_media,2022-10-14 08:53:13,2022-10-14 14:46:22,M->M,unknown,
昆明广播电视台,no_media,2022-10-14 14:46:22,2022-11-03 10:29:02,M->M,unknown,
昆明广播电视台,no_media,2022-11-03 10:29:02,2022-12-01 13:03:36,M->M,unknown,
昆明广播电视台,no_media,2022-12-01 13:03:36,2022-12-05 08:43:26,M->M,unknown,
昆明广播电视台,no_media,2022-12-05 08:43:26,2022-12-05 08:45:17,M->M,unknown,
昆明广播电视台,no_media,2022-12-05 08:45:17,2022-12-07 14:09:39,M->M,unknown,
昆明广播电视台,no_media,2022-12-07 14:09:39,2022-12-07 14:11:30,M->M,unknown,
昆明广播电视台,no_media,2022-12-07 14:11:30,2022-12-07 19:22:08,M->M,unknown,
昆明广播电视台,no_media,2022-12-07 19:22:08,2022-12-08 08:50:24,M->M,unknown,
昆明广播电视台,no_media,2022-12-08 08:50:24,2022-12-11 10:01:12,M->M,unknown,
昆明广播电视台,no_media,2022-12-11 10:01:12,2022-12-15 18:00:17,M->M,unknown,
昆明广播电视台,no_media,2022-12-15 18:00:17,2022-12-16 08:18:05,M->M,unknown,
昆明广播电视台,no_media,2022-12-16 08:18:05,2022-12-21 09:14:18,M->M,unknown,
昆明广播电视台,no_media,2022-12-21 09:14:18,2022-12-21 12:53:19,M->M,unknown,
昆明广播电视台,no_media,2022-12-21 12:53:19,2022-12-27 09:19:14,M->M,unknown,
昆明广播电视台,no_media,2022-12-27 09:19:14,2022-12-27 15:53:08,M->M,unknown,
昆明广播电视台,no_media,2022-12-27 15:53:08,2022-12-29 10:17:29,M->M,unknown,
昆明广播电视台,no_media,2022-12-29 10:17:29,2023-01-02 17:27:51,M->M,unknown,
昆明广播电视台,no_media,2023-01-02 17:27:51,2023-01-03 13:01:56,M->M,unknown,
昆明广播电视台,no_media,2023-01-03 13:01:56,2023-01-03 22:52:28,M->M,unknown,
昆明广播电视台,no_media,2023-01-03 22:52:28,2023-01-04 11:06:17,M->M,unknown,
昆明广播电视台,no_media,2023-01-04 11:06:17,2023-01-08 15:34:13,M->M,unknown,
昆明日报掌上春城,no_media,2021-04-09 15:01:14,2021-07-21 18:07:11,M->M,unknown,
昆明日报掌上春城,no_media,2021-07-21 18:07:11,2021-11-02 15:38:18,M->M,unknown,
昆明日报掌上春城,no_media,2021-11-02 15:38:18,2021-11-19 14:22:46,M->M,unknown,
昆明日报掌上春城,no_media,2021-11-19 14:22:46,2021-11-19 14:43:33,M->M,unknown,
昆明日报掌上春城,no_media,2021-11-19 14:43:33,2022-01-02 09:53:56,M->M,unknown,
昆明日报掌上春城,no_media,2022-01-02 09:53:56,2022-01-05 19:26:21,M->M,unknown,
昆明日报掌上春城,no_media,2022-01-05 19:26:21,2022-01-12 14:53:37,M->M,unknown,
昆明日报掌上春城,no_media,2022-01-12 14:53:37,2022-03-14 15:30:00,M->M,unknown,
昆明日报掌上春城,no_media,2022-03-14 15:30:00,2022-03-14 15:30:33,M->M,unknown,
昆明日报掌上春城,no_media,2022-03-14 15:30:33,2022-03-18 14:56:31,M->M,unknown,
昆明日报掌上春城,no_media,2022-03-18 14:56:31,2022-04-25 15:09:44,M->M,unknown,
昆明日报掌上春城,no_media,2022-04-25 15:09:44,2022-05-05 09:22:43,M->M,unknown,
昆明日报掌上春城,no_media,2022-05-05 09:22:43,2022-05-14 10:00:04,M->M,unknown,
昆明日报掌上春城,no_media,2022-05-14 10:00:04,2022-05-15 10:01:24,M->M,unknown,
昆明日报掌上春城,no_media,2022-05-15 10:01:24,2022-05-26 10:28:00,M->M,unknown,
昆明日报掌上春城,no_media,2022-05-26 10:28:00,2022-11-07 10:42:47,M->M,unknown,
昆明日报掌上春城,no_media,2022-11-07 10:42:47,2022-11-29 16:27:46,M->M,unknown,
昆明日报掌上春城,no_media,2022-11-29 16:27:46,2022-12-04 14:14:02,M->M,unknown,
昆明日报掌上春城,no_media,2022-12-04 14:14:02,2022-12-08 11:36:09,M->M,unknown,
昆明日报掌上春城,no_media,2022-12-08 11:36:09,2022-12-11 11:18:52,M->M,unknown,
昆明日报掌上春城,no_media,2022-12-11 11:18:52,2022-12-15 17:09:54,M->M,unknown,
昆明日报掌上春城,no_media,2022-12-15 17:09:54,2022-12-16 10:23:11,M->M,unknown,
昆明日报掌上春城,no_media,2022-12-16 10:23:11,2022-12-23 20:13:35,M->M,unknown,
昆明日报掌上春城,no_media,2022-12-23 20:13:35,2022-12-25 22:18:01,M->M,unknown,
昆明日报掌上春城,no_media,2022-12-25 22:18:01,2023-01-03 17:00:01,M->M,unknown,
昆明日报掌上春城,no_media,2023-01-03 17:00:01,2023-01-05 16:36:39,M->M,unknown,
昆明日报掌上春城,no_media,2023-01-05 16:36:39,2023-01-18 18:06:35,M->M,unknown,
昆明日报掌上春城,no_media,2023-01-18 18:06:35,2023-01-21 09:40:22,M->M,unknown,
昆明日报掌上春城,no_media,2023-01-21 09:40:22,2023-04-07 15:05:01,M->M,unknown,
昌平报,no_media,2020-02-24 16:20:03,2020-04-24 11:00:05,M->M,unknown,
昌平报,no_media,2020-04-24 11:00:05,2020-09-16 09:22:20,M->M,unknown,
昌平报,no_media,2020-09-16 09:22:20,2020-09-30 13:00:03,M->M,unknown,
昌平报,no_media,2020-09-30 13:00:03,2020-12-25 17:24:03,M->M,unknown,
昌平报,no_media,2020-12-25 17:24:03,2021-03-09 10:29:33,M->M,unknown,
昌平报,no_media,2021-03-09 10:29:33,2021-12-03 10:21:07,M->M,unknown,
昌平报,no_media,2021-12-03 10:21:07,2022-08-23 16:54:32,M->M,unknown,
昌平报,no_media,2022-08-23 16:54:32,2022-12-07 17:15:17,M->M,unknown,
昌平报,no_media,2022-12-07 17:15:17,2022-12-21 10:37:35,M->M,unknown,
昌平报,no_media,2022-12-21 10:37:35,2023-01-03 10:55:21,M->M,unknown,
明明如月moon,no_media,2023-01-09 13:15:00,2023-07-02 19:53:00,L->L,unknown,
易可中医连锁,no_media,2023-01-04 09:21:00,2023-01-06 16:24:00,M->M,unknown,
易可中医连锁,no_media,2023-01-06 16:24:00,2023-01-10 15:58:00,M->M,unknown,
易可中医连锁,no_media,2023-01-10 15:58:00,2023-01-14 12:49:00,M->M,unknown,
春野梨绘,no_media,2023-05-26 18:09:00,2023-06-06 10:46:00,M->L,unknown,
是娟娟啊_,no_media,2023-03-21 08:06:00,2023-07-14 10:58:00,L->H,unknown,
是安沐呀,wemedia_only,2022-12-27 14:36:00,2022-12-29 09:12:00,L->H,risk,1.0
是小宝还是大宝,no_media,2023-09-03 13:40:00,2023-09-12 23:47:00,L->L,unknown,
是小宝还是大宝,no_media,2023-09-12 23:47:00,2023-09-18 20:55:00,L->L,unknown,
是小宝还是大宝,no_media,2023-09-18 20:55:00,2023-09-19 21:42:00,L->L,unknown,
是小宝还是大宝,no_media,2023-09-19 21:42:00,2023-09-21 19:47:00,L->L,unknown,
是小宝还是大宝,no_media,2023-09-21 19:47:00,2023-10-11 22:05:00,L->L,unknown,
是小宝还是大宝,no_media,2023-10-11 22:05:00,2023-11-08 23:21:00,L->L,unknown,
是小宝还是大宝,no_media,2023-11-08 23:21:00,2023-11-24 19:32:00,L->L,unknown,
是小宝还是大宝,no_media,2023-11-24 19:32:00,2023-11-30 23:14:00,L->L,unknown,
是小宝还是大宝,no_media,2023-11-30 23:14:00,2023-12-03 23:19:00,L->L,unknown,
是小宝还是大宝,no_media,2023-12-03 23:19:00,2023-12-24 21:45:00,L->L,unknown,
是小宝还是大宝,no_media,2023-12-24 21:45:00,2024-01-24 10:03:00,L->L,unknown,
晏秋秋,no_media,2023-02-10 18:25:24,2023-06-01 13:32:13,L->M,unknown,
晏秋秋,no_media,2023-06-01 13:32:13,2023-08-15 23:19:06,M->M,unknown,
晏秋秋,no_media,2023-08-15 23:19:06,2023-10-10 23:46:18,M->L,unknown,
晏秋秋,no_media,2023-10-10 23:46:18,2023-10-12 08:27:14,L->M,unknown,
晏秋秋,no_media,2023-10-12 08:27:14,2024-03-07 11:49:37,M->M,unknown,
晏秋秋,no_media,2024-03-07 11:49:37,2024-07-03 16:24:22,M->M,unknown,
晖姐的新微博,no_media,2023-01-14 04:56:00,2023-01-14 07:36:00,M->M,unknown,
晖姐的新微博,no_media,2023-01-14 07:36:00,2023-01-27 19:19:00,M->M,unknown,
晖姐的新微博,no_media,2023-01-27 19:19:00,2023-03-02 21:19:00,M->L,unknown,
晖姐的新微博,no_media,2023-03-02 21:19:00,2023-03-18 07:26:00,L->L,unknown,
普洱政法,mainstream_only,2022-04-26 08:01:23,2022-05-12 07:49:05,M->M,unknown,
普洱政法,mainstream_only,2022-05-12 07:49:05,2022-05-22 07:47:59,M->M,unknown,
普洱政法,mainstream_only,2022-05-22 07:47:59,2022-05-26 07:49:15,M->M,unknown,
普洱政法,mainstream_only,2022-05-26 07:49:15,2022-12-11 12:51:53,M->M,norisk,0.0
普洱政法,mainstream_only,2022-12-11 12:51:53,2022-12-15 20:40:28,M->M,norisk,0.0
普洱政法,mainstream_only,2022-12-15 20:40:28,2022-12-18 17:08:54,M->M,norisk,0.0
普洱政法,mainstream_only,2022-12-18 17:08:54,2022-12-25 15:50:14,M->M,norisk,0.5
景德镇日报社,no_media,2016-12-20 15:24:46,2020-04-01 09:23:53,M->M,unknown,
景德镇日报社,no_media,2020-04-01 09:23:53,2022-04-06 15:12:50,M->M,unknown,
景德镇日报社,no_media,2022-04-06 15:12:50,2022-11-26 00:10:55,M->M,unknown,
景德镇日报社,no_media,2022-11-26 00:10:55,2022-11-28 01:55:08,M->M,unknown,
景德镇日报社,no_media,2022-11-28 01:55:08,2022-12-06 19:02:55,M->M,unknown,
智慧生活报,no_media,2022-01-01 18:32:40,2022-01-23 07:46:14,M->M,unknown,
暴躁的猫猫兔,no_media,2023-02-28 18:48:00,2023-05-23 23:26:00,L->H,unknown,
曦宝宝是只喵,no_media,2023-02-02 12:39:00,2023-02-03 04:07:00,H->L,unknown,
曲QUQUQU,no_media,2022-12-19 11:18:00,2022-12-20 08:53:00,M->M,unknown,
曲QUQUQU,no_media,2022-12-20 08:53:00,2022-12-21 08:22:00,M->M,unknown,
曹舟力,no_media,2022-03-15 07:50:00,2022-11-02 13:27:00,M->M,unknown,
曹舟力,no_media,2022-11-02 13:27:00,2022-11-08 05:56:00,M->M,unknown,
木白弓虽,wemedia_only,2023-04-02 12:35:00,2023-06-23 07:16:00,M->M,risk,1.0
木白弓虽,wemedia_only,2023-06-23 07:16:00,2023-06-30 08:27:00,M->M,risk,1.0
木白弓虽,wemedia_only,2023-06-30 08:27:00,2023-07-03 14:41:00,M->M,risk,1.0
木白弓虽,wemedia_only,2023-07-03 14:41:00,2023-07-03 15:19:00,M->M,norisk,0.5
杀手小兔Nicoooo,no_media,2022-12-20 17:05:00,2022-12-23 13:32:00,L->L,unknown,
杉林__,no_media,2022-12-28 11:09:00,2022-12-28 17:58:00,M->L,unknown,
杉林__,no_media,2022-12-28 17:58:00,2023-01-11 08:09:00,L->L,unknown,
杉林__,no_media,2023-01-11 08:09:00,2023-01-11 20:35:00,L->L,unknown,
李沧检察,no_media,2020-02-20 08:57:38,2020-02-22 21:43:21,M->M,unknown,
李沧检察,no_media,2020-02-22 21:43:21,2020-02-26 15:55:02,M->M,unknown,
李沧检察,no_media,2020-02-26 15:55:02,2020-04-15 07:55:25,M->M,unknown,
李沧检察,no_media,2020-04-15 07:55:25,2020-05-28 09:30:21,M->M,unknown,
李沧检察,no_media,2020-05-28 09:30:21,2020-09-09 21:54:21,M->M,unknown,
李沧检察,no_media,2020-09-09 21:54:21,2021-01-08 09:31:31,M->M,unknown,
李沧检察,no_media,2021-01-08 09:31:31,2021-04-17 18:02:13,M->M,unknown,
李沧检察,no_media,2021-04-17 18:02:13,2023-06-02 10:49:55,M->M,unknown,
李羽蕃,no_media,2023-07-29 08:46:00,2023-07-30 17:21:00,H->M,unknown,
李药师谈健康,no_media,2022-03-25 15:15:00,2022-07-20 07:49:00,M->M,unknown,
李贵明-医生,wemedia_only,2023-05-26 09:29:00,2023-08-18 08:30:00,M->M,risk,1.0
李贵明-医生,wemedia_only,2023-08-18 08:30:00,2023-12-20 13:48:00,M->M,norisk,0.0
杨新新大侠,no_media,2023-01-13 00:39:00,2023-02-18 03:05:00,H->H,unknown,
杨晓峰医生,wemedia_only,2022-12-29 20:25:00,2023-01-02 00:05:00,M->M,risk,1.0
杨晓峰医生,wemedia_only,2023-01-02 00:05:00,2023-01-02 00:20:00,M->M,norisk,0.0
杨晓峰医生,wemedia_only,2023-01-02 00:20:00,2023-01-09 22:07:00,M->M,norisk,0.0
杨晓峰医生,wemedia_only,2023-01-09 22:07:00,2023-01-09 22:37:00,M->M,risk,1.0
杨晓峰医生,wemedia_only,2023-01-09 22:37:00,2023-01-11 00:05:00,M->M,risk,1.0
杨晓峰医生,wemedia_only,2023-01-11 00:05:00,2023-01-11 00:24:00,M->M,norisk,0.5
杨晓峰医生,wemedia_only,2023-01-11 00:24:00,2023-01-12 16:52:00,M->M,norisk,0.5
杨晓峰医生,wemedia_only,2023-01-12 16:52:00,2023-01-13 23:23:00,M->M,risk,1.0
杨晓峰医生,wemedia_only,2023-01-13 23:23:00,2023-01-14 22:30:00,M->M,norisk,0.0
杨晓峰医生,wemedia_only,2023-01-14 22:30:00,2023-01-15 21:46:00,M->M,norisk,0.0
杨晓峰医生,wemedia_only,2023-01-15 21:46:00,2023-01-16 23:51:00,M->M,norisk,0.0
杨晓峰医生,wemedia_only,2023-01-16 23:51:00,2023-01-20 21:16:00,M->M,norisk,0.0
杨晓峰医生,wemedia_only,2023-01-20 21:16:00,2023-01-20 21:26:00,M->M,norisk,0.5
杨晓峰医生,wemedia_only,2023-01-20 21:26:00,2023-01-21 15:14:00,M->M,norisk,0.5
杨晓峰医生,wemedia_only,2023-01-21 15:14:00,2023-01-28 23:47:00,M->M,norisk,0.0
杨晓峰医生,wemedia_only,2023-01-28 23:47:00,2023-01-29 21:38:00,M->M,risk,1.0
杨晓峰医生,wemedia_only,2023-01-29 21:38:00,2023-02-03 17:06:00,M->L,risk,1.0
杨晓峰医生,wemedia_only,2023-02-03 17:06:00,2023-03-03 14:47:00,L->M,norisk,0.0
杨晓峰医生,wemedia_only,2023-03-03 14:47:00,2023-03-05 21:36:00,M->M,risk,1.0
杨晓峰医生,wemedia_only,2023-03-05 21:36:00,2023-03-05 21:44:00,M->M,norisk,0.0
杨晓峰医生,wemedia_only,2023-03-05 21:44:00,2023-03-07 14:17:00,M->M,norisk,0.0
杨晓峰医生,wemedia_only,2023-03-07 14:17:00,2023-03-07 18:09:00,M->H,norisk,0.5
杨晓峰医生,wemedia_only,2023-03-07 18:09:00,2023-03-20 19:59:00,H->M,norisk,0.5
杨晓峰医生,wemedia_only,2023-03-20 19:59:00,2023-03-22 16:56:00,M->M,risk,1.0
杨晓峰医生,wemedia_only,2023-03-22 16:56:00,2023-03-26 22:30:00,M->M,norisk,0.0
杨晓峰医生,wemedia_only,2023-03-26 22:30:00,2023-03-29 20:41:00,M->M,risk,1.0
杨晓峰医生,wemedia_only,2023-03-29 20:41:00,2023-03-30 19:47:00,M->M,risk,1.0
杨晓峰医生,wemedia_only,2023-03-30 19:47:00,2023-04-06 11:17:00,M->M,risk,1.0
杨晓峰医生,wemedia_only,2023-04-06 11:17:00,2023-04-18 14:06:00,M->M,risk,1.0
杨晓峰医生,wemedia_only,2023-04-18 14:06:00,2023-05-05 15:48:00,M->M,risk,1.0
杨晓峰医生,wemedia_only,2023-05-05 15:48:00,2023-05-25 15:36:00,M->H,norisk,0.0
杨晓峰医生,wemedia_only,2023-05-25 15:36:00,2023-06-02 17:55:00,H->M,risk,1.0
杨晓峰医生,wemedia_only,2023-06-02 17:55:00,2023-07-06 22:27:00,M->H,risk,1.0
杨晓峰医生,wemedia_only,2023-07-06 22:27:00,2023-07-12 22:27:00,H->M,risk,1.0
杨晓峰医生,wemedia_only,2023-07-12 22:27:00,2023-07-12 22:35:00,M->M,risk,1.0
杨晓峰医生,wemedia_only,2023-07-12 22:35:00,2023-07-19 18:53:00,M->M,risk,1.0
杨晓峰医生,wemedia_only,2023-07-19 18:53:00,2023-07-22 19:05:00,M->L,norisk,0.0
杨晓峰医生,wemedia_only,2023-07-22 19:05:00,2023-08-10 20:45:00,L->M,risk,1.0
杨晓峰医生,wemedia_only,2023-08-10 20:45:00,2023-08-11 20:10:00,M->M,risk,1.0
杨晓峰医生,wemedia_only,2023-08-11 20:10:00,2023-08-12 21:22:00,M->M,risk,1.0
杨晓峰医生,wemedia_only,2023-08-12 21:22:00,2023-08-15 15:32:00,M->M,norisk,0.0
杨晓峰医生,wemedia_only,2023-08-15 15:32:00,2023-08-19 14:23:00,M->M,risk,1.0
杨晓峰医生,wemedia_only,2023-08-19 14:23:00,2023-09-22 22:06:00,M->M,risk,1.0
杭州网,no_media,2016-08-17 09:26:03,2020-02-20 09:20:03,M->M,unknown,
杭州网,no_media,2020-02-20 09:20:03,2020-03-18 17:29:03,M->M,unknown,
杭州网,no_media,2020-03-18 17:29:03,2020-03-18 20:30:03,M->M,unknown,
杭州网,no_media,2020-03-18 20:30:03,2020-03-19 13:50:22,M->M,unknown,
杭州网,no_media,2020-03-19 13:50:22,2020-03-24 19:15:03,M->M,unknown,
杭州网,no_media,2020-03-24 19:15:03,2020-03-28 14:53:13,M->M,unknown,
杭州网,no_media,2020-03-28 14:53:13,2020-05-05 10:00:04,M->M,unknown,
杭州网,no_media,2020-05-05 10:00:04,2021-01-07 22:30:04,M->M,unknown,
杭州网,no_media,2021-01-07 22:30:04,2021-04-17 19:00:03,M->M,unknown,
杭州网,no_media,2021-04-17 19:00:03,2021-05-19 15:50:03,M->M,unknown,
杭州网,no_media,2021-05-19 15:50:03,2021-08-02 12:00:03,M->M,unknown,
杭州网,no_media,2021-08-02 12:00:03,2021-08-03 14:00:03,M->M,unknown,
杭州网,no_media,2021-08-03 14:00:03,2022-01-08 21:16:17,M->M,unknown,
杭州网,no_media,2022-01-08 21:16:17,2022-03-06 09:50:00,M->M,unknown,
杭州网,no_media,2022-03-06 09:50:00,2022-04-04 14:43:00,M->M,unknown,
杭州网,no_media,2022-04-04 14:43:00,2022-04-17 20:15:00,M->M,unknown,
杭州网,no_media,2022-04-17 20:15:00,2022-04-18 08:30:00,M->M,unknown,
杭州网,no_media,2022-04-18 08:30:00,2022-04-23 09:20:02,M->M,unknown,
杭州网,no_media,2022-04-23 09:20:02,2022-04-24 08:24:00,M->M,unknown,
杭州网,no_media,2022-04-24 08:24:00,2022-04-25 17:00:00,M->M,unknown,
杭州网,no_media,2022-04-25 17:00:00,2022-05-04 08:30:02,M->M,unknown,
杭州网,no_media,2022-05-04 08:30:02,2022-08-10 21:30:03,M->M,unknown,
杭州网,no_media,2022-08-10 21:30:03,2022-11-02 09:28:09,M->M,unknown,
杭州网,no_media,2022-11-02 09:28:09,2022-12-01 12:03:00,M->M,unknown,
杭州网,no_media,2022-12-01 12:03:00,2022-12-03 11:45:00,M->M,unknown,
杭州网,no_media,2022-12-03 11:45:00,2022-12-04 12:48:15,M->M,unknown,
杭州网,no_media,2022-12-04 12:48:15,2022-12-04 16:15:01,M->M,unknown,
杭州网,no_media,2022-12-04 16:15:01,2022-12-05 19:00:03,M->M,unknown,
杭州网,no_media,2022-12-05 19:00:03,2022-12-15 17:00:05,M->M,unknown,
杭州网,no_media,2022-12-15 17:00:05,2022-12-18 14:17:21,M->M,unknown,
杭州网,no_media,2022-12-18 14:17:21,2023-01-03 20:30:25,M->M,unknown,
杭州网,no_media,2023-01-03 20:30:25,2023-02-06 11:30:01,M->M,unknown,
杭梦雨-,no_media,2023-05-29 10:39:00,2023-12-07 20:37:00,H->L,unknown,
東京血管外科_SPECTRUM,no_media,2022-05-10 16:29:00,2022-05-18 13:36:00,M->M,unknown,
极客红石,wemedia_only,2022-03-14 12:59:00,2022-09-10 20:30:00,H->M,unknown,
极客红石,wemedia_only,2022-09-10 20:30:00,2022-09-16 11:13:00,M->M,unknown,
极客红石,wemedia_only,2022-09-16 11:13:00,2022-09-17 15:52:00,M->M,unknown,
极客红石,wemedia_only,2022-09-17 15:52:00,2022-09-21 19:06:00,M->M,unknown,
极客红石,wemedia_only,2022-09-21 19:06:00,2022-09-21 19:12:00,M->M,unknown,
极客红石,wemedia_only,2022-09-21 19:12:00,2022-10-20 16:35:00,M->M,unknown,
极客红石,wemedia_only,2022-10-20 16:35:00,2022-10-21 12:19:00,M->M,unknown,
极客红石,wemedia_only,2022-10-21 12:19:00,2022-10-22 14:20:00,M->M,unknown,
极客红石,wemedia_only,2022-10-22 14:20:00,2022-10-28 13:17:00,M->H,unknown,
极客红石,wemedia_only,2022-10-28 13:17:00,2022-11-07 20:35:00,H->M,unknown,
极客红石,wemedia_only,2022-11-07 20:35:00,2022-11-12 20:07:00,M->M,unknown,
极客红石,wemedia_only,2022-11-12 20:07:00,2022-11-25 12:48:00,M->M,unknown,
极目新闻,no_media,2024-06-24 23:11:09,2024-08-16 21:24:22,M->M,unknown,
极目新闻,no_media,2024-08-16 21:24:22,2024-08-21 12:09:00,M->M,unknown,
林步里,wemedia_only,2022-09-16 15:54:00,2022-09-18 11:48:00,M->M,unknown,
果然视频,no_media,2020-02-20 09:11:23,2020-03-24 12:31:21,M->M,unknown,
果然视频,no_media,2020-03-24 12:31:21,2023-01-21 13:06:59,M->M,unknown,
枝江发布,no_media,2022-04-19 08:57:15,2022-04-29 15:17:03,M->M,unknown,
枣庄聚焦,no_media,2021-01-08 08:35:46,2021-07-26 17:51:30,M->M,unknown,
枣庄聚焦,no_media,2021-07-26 17:51:30,2021-09-17 08:55:15,M->M,unknown,
枣庄聚焦,no_media,2021-09-17 08:55:15,2022-01-18 10:57:11,M->M,unknown,
枣庄聚焦,no_media,2022-01-18 10:57:11,2022-03-30 00:09:34,M->M,unknown,
枣庄聚焦,no_media,2022-03-30 00:09:34,2022-09-19 15:26:49,M->M,unknown,
枣庄聚焦,no_media,2022-09-19 15:26:49,2022-12-16 17:15:23,M->M,unknown,
株洲发布,no_media,2020-02-14 23:35:22,2020-02-20 00:42:10,H->M,unknown,
株洲发布,no_media,2020-02-20 00:42:10,2021-08-03 14:05:56,M->M,unknown,
株洲发布,no_media,2021-08-03 14:05:56,2022-01-05 23:21:36,M->M,unknown,
株洲发布,no_media,2022-01-05 23:21:36,2022-01-08 16:29:11,M->M,unknown,
株洲发布,no_media,2022-01-08 16:29:11,2022-04-25 07:54:24,M->M,unknown,
株洲发布,no_media,2022-04-25 07:54:24,2022-04-26 07:54:20,M->M,unknown,
株洲发布,no_media,2022-04-26 07:54:20,2022-04-28 08:36:40,M->M,unknown,
株洲发布,no_media,2022-04-28 08:36:40,2022-04-30 08:12:10,M->M,unknown,
株洲发布,no_media,2022-04-30 08:12:10,2022-05-01 08:27:22,M->M,unknown,
株洲发布,no_media,2022-05-01 08:27:22,2022-05-03 08:59:48,M->M,unknown,
株洲发布,no_media,2022-05-03 08:59:48,2022-05-04 08:14:04,M->M,unknown,
株洲发布,no_media,2022-05-04 08:14:04,2022-05-05 07:50:59,M->M,unknown,
株洲发布,no_media,2022-05-05 07:50:59,2022-05-08 08:02:04,M->M,unknown,
株洲发布,no_media,2022-05-08 08:02:04,2022-05-10 08:03:30,M->M,unknown,
株洲发布,no_media,2022-05-10 08:03:30,2022-05-11 07:49:21,M->M,unknown,
株洲发布,no_media,2022-05-11 07:49:21,2022-05-13 08:14:16,M->M,unknown,
株洲发布,no_media,2022-05-13 08:14:16,2022-05-15 08:33:15,M->M,unknown,
株洲发布,no_media,2022-05-15 08:33:15,2022-05-16 07:48:16,M->M,unknown,
株洲发布,no_media,2022-05-16 07:48:16,2022-05-18 08:04:07,M->M,unknown,
株洲发布,no_media,2022-05-18 08:04:07,2022-05-22 08:05:41,M->M,unknown,
株洲发布,no_media,2022-05-22 08:05:41,2022-05-26 09:11:24,M->M,unknown,
株洲发布,no_media,2022-05-26 09:11:24,2022-11-16 09:11:08,M->M,unknown,
株洲发布,no_media,2022-11-16 09:11:08,2022-12-08 19:50:59,M->M,unknown,
株洲发布,no_media,2022-12-08 19:50:59,2022-12-29 13:08:28,M->M,unknown,
株洲发布,no_media,2022-12-29 13:08:28,2023-01-01 15:12:48,M->M,unknown,
株洲新闻广播,no_media,2020-02-02 11:32:31,2020-02-03 09:12:48,M->M,unknown,
株洲新闻广播,no_media,2020-02-03 09:12:48,2020-02-11 21:50:24,M->M,unknown,
株洲新闻广播,no_media,2020-02-11 21:50:24,2020-02-20 11:37:57,M->M,unknown,
株洲新闻广播,no_media,2020-02-20 11:37:57,2021-08-26 12:41:30,M->M,unknown,
株洲新闻广播,no_media,2021-08-26 12:41:30,2022-05-02 10:55:03,M->M,unknown,
株洲新闻广播,no_media,2022-05-02 10:55:03,2023-01-02 16:58:52,M->M,unknown,
格尔达别怂,no_media,2022-12-08 12:19:00,2022-12-08 12:19:00,L->L,unknown,
桂哥猎手VIP777,no_media,2022-11-08 21:34:00,2022-12-27 22:55:00,H->H,unknown,
梅子在想什么,no_media,2022-12-02 19:02:00,2022-12-03 21:29:00,H->L,unknown,
梅子在想什么,no_media,2022-12-03 21:29:00,2022-12-03 22:41:00,L->M,unknown,
梅子在想什么,no_media,2022-12-03 22:41:00,2022-12-03 22:55:00,M->M,unknown,
梅子在想什么,no_media,2022-12-03 22:55:00,2022-12-04 23:55:00,M->M,unknown,
梅子在想什么,no_media,2022-12-04 23:55:00,2022-12-05 13:59:00,M->H,unknown,
梅子在想什么,no_media,2022-12-05 13:59:00,2022-12-05 18:27:00,H->L,unknown,
梅子在想什么,no_media,2022-12-05 18:27:00,2022-12-06 13:24:00,L->M,unknown,
梅子在想什么,no_media,2022-12-06 13:24:00,2022-12-06 13:28:00,M->M,unknown,
梅子在想什么,no_media,2022-12-06 13:28:00,2022-12-06 13:32:00,M->L,unknown,
梅子在想什么,no_media,2022-12-06 13:32:00,2022-12-06 20:06:00,L->M,unknown,
梅子在想什么,no_media,2022-12-06 20:06:00,2022-12-08 23:26:00,M->L,unknown,
梅子在想什么,no_media,2022-12-08 23:26:00,2022-12-08 23:42:00,L->M,unknown,
梅子在想什么,no_media,2022-12-08 23:42:00,2022-12-08 23:57:00,M->H,unknown,
梅子在想什么,no_media,2022-12-08 23:57:00,2022-12-11 01:05:00,H->H,unknown,
梅子在想什么,no_media,2022-12-11 01:05:00,2022-12-11 18:24:00,H->M,unknown,
梅子在想什么,no_media,2022-12-11 18:24:00,2022-12-12 20:56:00,M->H,unknown,
梅子在想什么,no_media,2022-12-12 20:56:00,2022-12-14 02:21:00,H->H,unknown,
梅子在想什么,no_media,2022-12-14 02:21:00,2022-12-14 14:35:00,H->H,unknown,
梅子在想什么,no_media,2022-12-14 14:35:00,2022-12-14 15:36:00,H->M,unknown,
梅子在想什么,no_media,2022-12-14 15:36:00,2022-12-15 01:12:00,M->M,unknown,
梅子在想什么,no_media,2022-12-15 01:12:00,2022-12-16 01:47:00,M->M,unknown,
梅子在想什么,no_media,2022-12-16 01:47:00,2022-12-17 13:18:00,M->L,unknown,
梅子在想什么,no_media,2022-12-17 13:18:00,2022-12-17 14:37:00,L->L,unknown,
梅子在想什么,no_media,2022-12-17 14:37:00,2022-12-18 00:33:00,L->M,unknown,
梅子在想什么,no_media,2022-12-18 00:33:00,2022-12-18 01:01:00,M->M,unknown,
梅子在想什么,no_media,2022-12-18 01:01:00,2022-12-18 22:08:00,M->M,unknown,
梅子在想什么,no_media,2022-12-18 22:08:00,2022-12-19 00:49:00,M->L,unknown,
梅子在想什么,no_media,2022-12-19 00:49:00,2022-12-23 23:49:00,L->M,unknown,
梅子在想什么,no_media,2022-12-23 23:49:00,2022-12-29 15:02:00,M->L,unknown,
梅子在想什么,no_media,2022-12-29 15:02:00,2022-12-30 13:13:00,L->H,unknown,
梅子在想什么,no_media,2022-12-30 13:13:00,2023-01-09 18:48:00,H->M,unknown,
梅子在想什么,no_media,2023-01-09 18:48:00,2023-01-09 19:01:00,M->M,unknown,
梅子在想什么,no_media,2023-01-09 19:01:00,2023-01-09 19:20:00,M->M,unknown,
梅子在想什么,no_media,2023-01-09 19:20:00,2023-01-10 20:01:00,M->L,unknown,
梅子在想什么,no_media,2023-01-10 20:01:00,2023-01-15 23:55:00,L->L,unknown,
梅子在想什么,no_media,2023-01-15 23:55:00,2023-01-16 00:25:00,L->M,unknown,
梅子在想什么,no_media,2023-01-16 00:25:00,2023-01-20 16:39:00,M->L,unknown,
梅子在想什么,no_media,2023-01-20 16:39:00,2023-01-21 02:41:00,L->H,unknown,
梅子在想什么,no_media,2023-01-21 02:41:00,2023-01-21 14:19:00,H->L,unknown,
梅子在想什么,no_media,2023-01-21 14:19:00,2023-01-21 14:22:00,L->L,unknown,
梅子在想什么,no_media,2023-01-21 14:22:00,2023-01-21 14:32:00,L->L,unknown,
梅子在想什么,no_media,2023-01-21 14:32:00,2023-02-08 00:47:00,L->L,unknown,
梅子在想什么,no_media,2023-02-08 00:47:00,2023-02-10 14:04:00,L->L,unknown,
梅子在想什么,no_media,2023-02-10 14:04:00,2023-02-13 09:57:00,L->L,unknown,
梅子在想什么,no_media,2023-02-13 09:57:00,2023-02-19 15:58:00,L->H,unknown,
梅子在想什么,no_media,2023-02-19 15:58:00,2023-04-11 02:45:00,H->L,unknown,
梅子在想什么,no_media,2023-04-11 02:45:00,2023-04-11 03:16:00,L->M,unknown,
梅子在想什么,no_media,2023-04-11 03:16:00,2023-04-11 03:36:00,M->L,unknown,
梅子在想什么,no_media,2023-04-11 03:36:00,2023-04-24 18:25:00,L->L,unknown,
梅子在想什么,no_media,2023-04-24 18:25:00,2023-04-28 13:53:00,L->L,unknown,
梅子在想什么,no_media,2023-04-28 13:53:00,2023-05-03 23:48:00,L->M,unknown,
梅子在想什么,no_media,2023-05-03 23:48:00,2023-09-24 16:28:00,M->L,unknown,
梅子在想什么,no_media,2023-09-24 16:28:00,2023-10-04 22:40:00,L->M,unknown,
梅子在想什么,no_media,2023-10-04 22:40:00,2023-10-11 14:05:00,M->M,unknown,
梅子在想什么,no_media,2023-10-11 14:05:00,2023-10-17 21:51:00,M->H,unknown,
梅子在想什么,no_media,2023-10-17 21:51:00,2023-11-12 13:27:00,H->H,unknown,
梅子在想什么,no_media,2023-11-12 13:27:00,2024-02-13 23:26:00,H->L,unknown,
梦境飞行模式开启,no_media,2023-02-14 23:57:00,2023-02-28 23:54:00,H->L,unknown,
梨涡浅笑-s,no_media,2022-12-22 16:53:00,2022-12-26 08:59:00,M->L,unknown,
植紊震颤咨询bjzyt1816,no_media,2023-04-02 20:00:00,2023-04-02 21:00:00,M->M,unknown,
植紊震颤咨询bjzyt1816,no_media,2023-04-02 21:00:00,2023-06-03 06:00:00,M->M,unknown,
植紊震颤咨询bjzyt1816,no_media,2023-06-03 06:00:00,2023-06-13 05:00:00,M->M,unknown,
植紊震颤咨询bjzyt1816,no_media,2023-06-13 05:00:00,2023-06-13 11:00:00,M->M,unknown,
植紊震颤咨询bjzyt1816,no_media,2023-06-13 11:00:00,2023-06-13 12:00:00,M->M,unknown,
植紊震颤咨询bjzyt1816,no_media,2023-06-13 12:00:00,2023-06-15 05:00:00,M->L,unknown,
植紊震颤咨询bjzyt1816,no_media,2023-06-15 05:00:00,2023-06-15 11:00:00,L->M,unknown,
植紊震颤咨询bjzyt1816,no_media,2023-06-15 11:00:00,2023-06-19 11:30:00,M->L,unknown,
植紊震颤咨询bjzyt1816,no_media,2023-06-19 11:30:00,2023-07-04 05:00:00,L->L,unknown,
植紊震颤咨询bjzyt1816,no_media,2023-07-04 05:00:00,2023-07-04 05:33:00,L->M,unknown,
植紊震颤咨询bjzyt1816,no_media,2023-07-04 05:33:00,2023-07-04 06:01:00,M->M,unknown,
植紊震颤咨询bjzyt1816,no_media,2023-07-04 06:01:00,2023-07-04 06:38:00,M->M,unknown,
植紊震颤咨询bjzyt1816,no_media,2023-07-04 06:38:00,2023-07-05 06:34:00,M->M,unknown,
植紊震颤咨询bjzyt1816,no_media,2023-07-05 06:34:00,2023-07-13 06:01:00,M->M,unknown,
植紊震颤咨询bjzyt1816,no_media,2023-07-13 06:01:00,2023-07-15 05:02:00,M->M,unknown,
植紊震颤咨询bjzyt1816,no_media,2023-07-15 05:02:00,2023-07-29 07:00:00,M->M,unknown,
植紊震颤咨询bjzyt1816,no_media,2023-07-29 07:00:00,2023-08-06 05:35:00,M->M,unknown,
植紊震颤咨询bjzyt1816,no_media,2023-08-06 05:35:00,2023-08-25 06:30:00,M->M,unknown,
植紊震颤咨询bjzyt1816,no_media,2023-08-25 06:30:00,2023-09-01 05:00:00,M->M,unknown,
植紊震颤咨询bjzyt1816,no_media,2023-09-01 05:00:00,2023-09-02 05:30:00,M->M,unknown,
榆林TV,no_media,2020-04-22 08:08:58,2020-08-13 17:26:03,M->M,unknown,
榆林TV,no_media,2020-08-13 17:26:03,2020-12-12 12:56:09,M->M,unknown,
榆林TV,no_media,2020-12-12 12:56:09,2021-03-13 14:16:03,M->M,unknown,
榆林TV,no_media,2021-03-13 14:16:03,2021-04-13 17:39:01,M->M,unknown,
榆林TV,no_media,2021-04-13 17:39:01,2021-05-02 16:16:03,M->M,unknown,
榆林TV,no_media,2021-05-02 16:16:03,2021-05-15 08:38:04,M->M,unknown,
榆林TV,no_media,2021-05-15 08:38:04,2021-05-19 16:46:03,M->M,unknown,
榆林TV,no_media,2021-05-19 16:46:03,2021-08-02 09:03:47,M->M,unknown,
榆林TV,no_media,2021-08-02 09:03:47,2021-08-30 16:42:03,M->M,unknown,
榆林TV,no_media,2021-08-30 16:42:03,2021-11-07 12:26:43,M->M,unknown,
榆林TV,no_media,2021-11-07 12:26:43,2022-03-26 09:56:44,M->M,unknown,
榆林TV,no_media,2022-03-26 09:56:44,2022-04-07 08:44:16,M->M,unknown,
榆林TV,no_media,2022-04-07 08:44:16,2022-11-21 14:57:01,M->M,unknown,
榆林TV,no_media,2022-11-21 14:57:01,2022-12-08 21:26:44,M->M,unknown,
榆林TV,no_media,2022-12-08 21:26:44,2022-12-16 09:49:58,M->M,unknown,
榆林TV,no_media,2022-12-16 09:49:58,2022-12-31 09:24:00,M->M,unknown,
榆林TV,no_media,2022-12-31 09:24:00,2023-01-15 15:18:00,M->M,unknown,
榆林TV,no_media,2023-01-15 15:18:00,2023-03-21 11:18:00,M->M,unknown,
榆林TV,no_media,2023-03-21 11:18:00,2023-05-18 10:47:00,M->M,unknown,
榆林TV,no_media,2023-05-18 10:47:00,2023-05-22 11:26:00,M->M,unknown,
榆林TV,no_media,2023-05-22 11:26:00,2023-11-29 09:18:03,M->M,unknown,
榆林TV,no_media,2023-11-29 09:18:03,2023-12-19 14:13:00,M->M,unknown,
榆林TV,no_media,2023-12-19 14:13:00,2023-12-30 14:11:00,M->M,unknown,
榆林TV,no_media,2023-12-30 14:11:00,2024-01-16 09:55:12,M->M,unknown,
榆林日报,no_media,2020-03-23 17:28:03,2020-04-07 08:45:44,M->M,unknown,
榆林日报,no_media,2020-04-07 08:45:44,2020-04-22 08:20:40,M->M,unknown,
榆林日报,no_media,2020-04-22 08:20:40,2020-08-30 09:58:16,M->M,unknown,
榆林日报,no_media,2020-08-30 09:58:16,2020-11-02 16:43:03,M->M,unknown,
榆林日报,no_media,2020-11-02 16:43:03,2020-12-11 15:56:03,M->M,unknown,
榆林日报,no_media,2020-12-11 15:56:03,2021-01-08 06:10:13,M->M,unknown,
榆林日报,no_media,2021-01-08 06:10:13,2021-01-20 16:33:22,M->M,unknown,
榆林日报,no_media,2021-01-20 16:33:22,2021-04-24 10:02:38,M->M,unknown,
榆林日报,no_media,2021-04-24 10:02:38,2021-05-17 14:59:06,M->M,unknown,
榆林日报,no_media,2021-05-17 14:59:06,2021-06-10 10:25:03,M->M,unknown,
榆林日报,no_media,2021-06-10 10:25:03,2021-06-16 10:59:00,M->M,unknown,
榆林日报,no_media,2021-06-16 10:59:00,2021-08-03 18:18:54,M->M,unknown,
榆林日报,no_media,2021-08-03 18:18:54,2021-11-07 12:22:11,M->M,unknown,
榆林日报,no_media,2021-11-07 12:22:11,2021-11-09 09:50:00,M->M,unknown,
榆林日报,no_media,2021-11-09 09:50:00,2021-12-20 17:10:00,M->M,unknown,
榆林日报,no_media,2021-12-20 17:10:00,2022-02-10 10:32:52,M->M,unknown,
榆林日报,no_media,2022-02-10 10:32:52,2022-03-24 16:42:00,M->M,unknown,
榆林日报,no_media,2022-03-24 16:42:00,2022-10-16 08:20:00,M->M,unknown,
榆林日报,no_media,2022-10-16 08:20:00,2022-11-21 14:57:19,M->M,unknown,
榆林日报,no_media,2022-11-21 14:57:19,2022-11-22 14:30:15,M->M,unknown,
榆林日报,no_media,2022-11-22 14:30:15,2022-11-30 08:44:45,M->M,unknown,
榆林日报,no_media,2022-11-30 08:44:45,2022-12-06 13:34:39,M->M,unknown,
榆林日报,no_media,2022-12-06 13:34:39,2022-12-08 21:27:35,M->M,unknown,
榆林日报,no_media,2022-12-08 21:27:35,2022-12-15 08:52:26,M->M,unknown,
榆林日报,no_media,2022-12-15 08:52:26,2022-12-16 10:13:00,M->M,unknown,
榆林日报,no_media,2022-12-16 10:13:00,2022-12-31 10:24:01,M->M,unknown,
榆林日报,no_media,2022-12-31 10:24:01,2023-01-10 10:20:07,M->M,unknown,
榆林日报,no_media,2023-01-10 10:20:07,2023-01-14 15:25:57,M->M,unknown,
榆林日报,no_media,2023-01-14 15:25:57,2023-01-15 15:10:00,M->M,unknown,
榆林日报,no_media,2023-01-15 15:10:00,2023-03-02 15:07:09,M->M,unknown,
榆林日报,no_media,2023-03-02 15:07:09,2023-04-24 09:00:00,M->M,unknown,
榆林日报,no_media,2023-04-24 09:00:00,2023-05-19 10:08:43,M->M,unknown,
榆林日报,no_media,2023-05-19 10:08:43,2023-05-22 11:30:00,M->M,unknown,
榆林日报,no_media,2023-05-22 11:30:00,2023-05-30 11:11:01,M->M,unknown,
榆林日报,no_media,2023-05-30 11:11:01,2023-11-19 15:10:00,M->M,unknown,
榆林日报,no_media,2023-11-19 15:10:00,2023-12-06 11:14:00,M->M,unknown,
榆林日报,no_media,2023-12-06 11:14:00,2023-12-19 14:20:00,M->M,unknown,
榆林日报,no_media,2023-12-19 14:20:00,2023-12-30 14:17:00,M->M,unknown,
槑小公子Mannie,no_media,2023-01-05 10:28:00,2023-01-06 16:52:00,M->M,unknown,
橘子可乐芒果汁,no_media,2024-01-17 17:29:00,2024-01-25 18:14:00,H->L,unknown,
正义网,no_media,2020-05-28 09:12:29,2021-01-07 22:05:59,M->M,unknown,
正义网,no_media,2021-01-07 22:05:59,2021-04-06 15:30:01,M->M,unknown,
正义网,no_media,2021-04-06 15:30:01,2021-08-03 14:10:03,M->M,unknown,
正义网,no_media,2021-08-03 14:10:03,2022-04-04 15:00:03,M->M,unknown,
正义网,no_media,2022-04-04 15:00:03,2022-04-17 15:02:59,M->M,unknown,
正义网,no_media,2022-04-17 15:02:59,2022-05-04 09:20:55,M->M,unknown,
正义网,no_media,2022-05-04 09:20:55,2022-05-05 08:20:01,M->M,unknown,
正义网,no_media,2022-05-05 08:20:01,2022-05-09 08:12:02,M->M,unknown,
正义网,no_media,2022-05-09 08:12:02,2022-05-10 08:54:22,M->M,unknown,
正义网,no_media,2022-05-10 08:54:22,2022-05-11 08:39:50,M->M,unknown,
正义网,no_media,2022-05-11 08:39:50,2022-05-16 08:01:04,M->M,unknown,
正义网,no_media,2022-05-16 08:01:04,2022-12-15 19:15:52,M->M,unknown,
正义网,no_media,2022-12-15 19:15:52,2023-01-18 16:45:00,M->M,unknown,
正观新闻,no_media,2021-02-20 15:30:36,2021-04-08 10:42:28,M->M,unknown,
正观新闻,no_media,2021-04-08 10:42:28,2021-06-08 16:45:50,M->M,unknown,
正观新闻,no_media,2021-06-08 16:45:50,2021-06-11 16:21:04,M->M,unknown,
正观新闻,no_media,2021-06-11 16:21:04,2021-06-15 15:47:42,M->M,unknown,
正观新闻,no_media,2021-06-15 15:47:42,2021-06-16 16:08:24,M->M,unknown,
正观新闻,no_media,2021-06-16 16:08:24,2021-06-17 17:32:55,M->M,unknown,
正观新闻,no_media,2021-06-17 17:32:55,2021-08-10 16:19:56,M->M,unknown,
正观新闻,no_media,2021-08-10 16:19:56,2021-08-22 12:44:00,M->M,unknown,
正观新闻,no_media,2021-08-22 12:44:00,2021-08-30 18:14:18,M->M,unknown,
正观新闻,no_media,2021-08-30 18:14:18,2021-10-31 09:57:52,M->M,unknown,
正观新闻,no_media,2021-10-31 09:57:52,2021-10-31 14:32:34,M->M,unknown,
正观新闻,no_media,2021-10-31 14:32:34,2021-12-21 18:54:26,M->M,unknown,
正观新闻,no_media,2021-12-21 18:54:26,2021-12-30 18:53:35,M->M,unknown,
正观新闻,no_media,2021-12-30 18:53:35,2022-01-04 20:42:01,M->M,unknown,
正观新闻,no_media,2022-01-04 20:42:01,2022-01-07 19:19:43,M->M,unknown,
正观新闻,no_media,2022-01-07 19:19:43,2022-02-21 19:14:51,M->M,unknown,
正观新闻,no_media,2022-02-21 19:14:51,2022-04-24 09:09:44,M->M,unknown,
正观新闻,no_media,2022-04-24 09:09:44,2022-04-25 08:41:12,M->M,unknown,
正观新闻,no_media,2022-04-25 08:41:12,2022-04-26 07:52:20,M->M,unknown,
正观新闻,no_media,2022-04-26 07:52:20,2022-05-03 20:35:46,M->M,unknown,
正观新闻,no_media,2022-05-03 20:35:46,2022-05-05 16:25:23,M->M,unknown,
正观新闻,no_media,2022-05-05 16:25:23,2022-05-05 16:41:09,M->M,unknown,
正观新闻,no_media,2022-05-05 16:41:09,2022-05-05 18:49:31,M->M,unknown,
正观新闻,no_media,2022-05-05 18:49:31,2022-05-07 08:01:49,M->M,unknown,
正观新闻,no_media,2022-05-07 08:01:49,2022-05-08 17:13:02,M->M,unknown,
正观新闻,no_media,2022-05-08 17:13:02,2022-05-09 08:16:14,M->M,unknown,
正观新闻,no_media,2022-05-09 08:16:14,2022-10-27 15:33:39,M->M,unknown,
正观新闻,no_media,2022-10-27 15:33:39,2022-11-23 22:00:05,M->M,unknown,
正观新闻,no_media,2022-11-23 22:00:05,2022-11-26 21:08:16,M->M,unknown,
正观新闻,no_media,2022-11-26 21:08:16,2022-11-29 17:27:18,M->M,unknown,
正观新闻,no_media,2022-11-29 17:27:18,2022-11-29 17:30:20,M->M,unknown,
正观新闻,no_media,2022-11-29 17:30:20,2022-12-02 09:44:25,M->M,unknown,
正观新闻,no_media,2022-12-02 09:44:25,2022-12-05 10:05:32,M->M,unknown,
正观新闻,no_media,2022-12-05 10:05:32,2022-12-07 13:59:09,M->M,unknown,
正观新闻,no_media,2022-12-07 13:59:09,2022-12-07 20:29:01,M->M,unknown,
正观新闻,no_media,2022-12-07 20:29:01,2022-12-08 13:37:21,M->M,unknown,
正观新闻,no_media,2022-12-08 13:37:21,2022-12-11 10:21:25,M->M,unknown,
正观新闻,no_media,2022-12-11 10:21:25,2022-12-11 21:27:38,M->M,unknown,
正观新闻,no_media,2022-12-11 21:27:38,2022-12-12 09:50:01,M->M,unknown,
正观新闻,no_media,2022-12-12 09:50:01,2022-12-14 17:17:16,M->M,unknown,
正观新闻,no_media,2022-12-14 17:17:16,2022-12-15 16:36:19,M->M,unknown,
正观新闻,no_media,2022-12-15 16:36:19,2022-12-15 18:05:53,M->M,unknown,
正观新闻,no_media,2022-12-15 18:05:53,2022-12-18 11:42:29,M->M,unknown,
正观新闻,no_media,2022-12-18 11:42:29,2022-12-25 08:54:48,M->M,unknown,
正观新闻,no_media,2022-12-25 08:54:48,2023-01-01 18:41:25,M->M,unknown,
正观新闻,no_media,2023-01-01 18:41:25,2023-01-06 14:53:53,M->M,unknown,
正观新闻,no_media,2023-01-06 14:53:53,2023-01-17 14:17:55,M->M,unknown,
正观新闻,no_media,2023-01-17 14:17:55,2023-01-21 11:00:24,M->M,unknown,
正观新闻,no_media,2023-01-21 11:00:24,2023-01-29 09:48:51,M->M,unknown,
武汉交通广播,no_media,2020-02-16 23:49:47,2020-02-18 14:59:58,M->M,unknown,
武汉交通广播,no_media,2020-02-18 14:59:58,2020-02-19 15:28:07,M->M,unknown,
武汉交通广播,no_media,2020-02-19 15:28:07,2020-02-20 09:31:21,M->M,unknown,
武汉交通广播,no_media,2020-02-20 09:31:21,2020-02-22 15:00:03,M->M,unknown,
武汉交通广播,no_media,2020-02-22 15:00:03,2020-02-24 14:43:04,M->M,unknown,
武汉交通广播,no_media,2020-02-24 14:43:04,2020-03-05 06:44:26,M->M,unknown,
武汉交通广播,no_media,2020-03-05 06:44:26,2020-03-05 21:08:21,M->M,unknown,
武汉交通广播,no_media,2020-03-05 21:08:21,2020-03-06 11:47:00,M->M,unknown,
武汉交通广播,no_media,2020-03-06 11:47:00,2020-03-13 10:10:34,M->M,unknown,
武汉交通广播,no_media,2020-03-13 10:10:34,2020-04-11 11:20:03,M->M,unknown,
武汉交通广播,no_media,2020-04-11 11:20:03,2020-04-12 13:25:03,M->M,unknown,
武汉交通广播,no_media,2020-04-12 13:25:03,2020-04-26 12:15:21,M->M,unknown,
武汉交通广播,no_media,2020-04-26 12:15:21,2020-05-28 09:40:45,M->M,unknown,
武汉交通广播,no_media,2020-05-28 09:40:45,2020-06-12 10:00:04,M->M,unknown,
武汉交通广播,no_media,2020-06-12 10:00:04,2020-11-10 07:30:03,M->M,unknown,
武汉交通广播,no_media,2020-11-10 07:30:03,2021-01-07 21:30:03,M->M,unknown,
武汉交通广播,no_media,2021-01-07 21:30:03,2021-01-08 12:30:03,M->M,unknown,
武汉交通广播,no_media,2021-01-08 12:30:03,2021-02-20 15:32:25,M->M,unknown,
武汉交通广播,no_media,2021-02-20 15:32:25,2021-02-26 11:45:03,M->M,unknown,
武汉交通广播,no_media,2021-02-26 11:45:03,2021-03-28 12:55:40,M->M,unknown,
武汉交通广播,no_media,2021-03-28 12:55:40,2021-04-07 13:43:58,M->M,unknown,
武汉交通广播,no_media,2021-04-07 13:43:58,2021-04-13 11:01:03,M->M,unknown,
武汉交通广播,no_media,2021-04-13 11:01:03,2021-08-03 13:44:45,M->M,unknown,
武汉交通广播,no_media,2021-08-03 13:44:45,2022-01-12 12:30:03,M->M,unknown,
武汉交通广播,no_media,2022-01-12 12:30:03,2022-01-26 18:29:00,M->M,unknown,
武汉交通广播,no_media,2022-01-26 18:29:00,2022-04-08 07:30:02,M->M,unknown,
武汉交通广播,no_media,2022-04-08 07:30:02,2022-04-10 15:45:00,M->M,unknown,
武汉交通广播,no_media,2022-04-10 15:45:00,2022-11-18 14:32:01,M->M,unknown,
武汉交通广播,no_media,2022-11-18 14:32:01,2022-12-09 15:35:09,M->M,unknown,
武汉交通广播,no_media,2022-12-09 15:35:09,2022-12-11 11:10:02,M->M,unknown,
武汉交通广播,no_media,2022-12-11 11:10:02,2022-12-15 14:10:01,M->M,unknown,
武汉交通广播,no_media,2022-12-15 14:10:01,2022-12-16 11:40:00,M->M,unknown,
武汉交通广播,no_media,2022-12-16 11:40:00,2022-12-18 14:56:00,M->M,unknown,
武汉交通广播,no_media,2022-12-18 14:56:00,2022-12-19 09:41:00,M->M,unknown,
武汉交通广播,no_media,2022-12-19 09:41:00,2022-12-26 16:25:39,M->M,unknown,
武汉交通广播,no_media,2022-12-26 16:25:39,2022-12-28 09:35:00,M->M,unknown,
武汉交通广播,no_media,2022-12-28 09:35:00,2022-12-30 10:05:00,M->M,unknown,
武汉交通广播,no_media,2022-12-30 10:05:00,2022-12-30 15:44:02,M->M,unknown,
武汉交通广播,no_media,2022-12-30 15:44:02,2022-12-31 10:35:00,M->M,unknown,
武汉交通广播,no_media,2022-12-31 10:35:00,2022-12-31 16:12:47,M->M,unknown,
武汉交通广播,no_media,2022-12-31 16:12:47,2023-01-02 08:49:55,M->M,unknown,
武汉交通广播,no_media,2023-01-02 08:49:55,2023-01-02 16:12:45,M->M,unknown,
武汉交通广播,no_media,2023-01-02 16:12:45,2023-01-03 09:30:00,M->M,unknown,
武汉交通广播,no_media,2023-01-03 09:30:00,2023-01-05 14:20:01,M->M,unknown,
武汉交通广播,no_media,2023-01-05 14:20:01,2023-01-05 18:47:20,M->M,unknown,
武汉交通广播,no_media,2023-01-05 18:47:20,2023-01-07 09:50:00,M->M,unknown,
武汉交通广播,no_media,2023-01-07 09:50:00,2023-01-12 16:17:12,M->M,unknown,
武汉交通广播,no_media,2023-01-12 16:17:12,2023-01-12 19:31:49,M->M,unknown,
武汉交通广播,no_media,2023-01-12 19:31:49,2023-01-16 17:39:58,M->M,unknown,
武汉交通广播,no_media,2023-01-16 17:39:58,2023-01-18 17:48:14,M->M,unknown,
武汉交通广播,no_media,2023-01-18 17:48:14,2023-02-08 10:45:00,M->M,unknown,
武汉交通广播,no_media,2023-02-08 10:45:00,2023-03-01 10:45:00,M->M,unknown,
武汉发布,no_media,2020-02-06 19:06:34,2020-02-16 23:37:30,M->M,unknown,
武汉发布,no_media,2020-02-16 23:37:30,2020-02-17 07:34:16,M->M,unknown,
武汉发布,no_media,2020-02-17 07:34:16,2020-02-18 07:16:28,M->M,unknown,
武汉发布,no_media,2020-02-18 07:16:28,2020-02-18 23:33:55,M->M,unknown,
武汉发布,no_media,2020-02-18 23:33:55,2020-02-20 10:28:49,M->M,unknown,
武汉发布,no_media,2020-02-20 10:28:49,2020-02-23 11:33:48,M->M,unknown,
武汉发布,no_media,2020-02-23 11:33:48,2020-02-28 22:13:31,M->M,unknown,
武汉发布,no_media,2020-02-28 22:13:31,2020-03-13 17:39:31,M->M,unknown,
武汉发布,no_media,2020-03-13 17:39:31,2020-03-13 22:16:10,M->M,unknown,
武汉发布,no_media,2020-03-13 22:16:10,2020-03-15 17:50:30,M->M,unknown,
武汉发布,no_media,2020-03-15 17:50:30,2020-03-17 11:23:38,M->M,unknown,
武汉发布,no_media,2020-03-17 11:23:38,2020-04-23 15:37:03,M->M,unknown,
武汉发布,no_media,2020-04-23 15:37:03,2020-07-28 21:43:08,M->M,unknown,
武汉发布,no_media,2020-07-28 21:43:08,2020-11-25 21:31:34,M->M,unknown,
武汉发布,no_media,2020-11-25 21:31:34,2021-02-20 15:11:43,M->M,unknown,
武汉发布,no_media,2021-02-20 15:11:43,2021-04-06 19:00:03,M->M,unknown,
武汉发布,no_media,2021-04-06 19:00:03,2021-04-09 16:28:33,M->M,unknown,
武汉发布,no_media,2021-04-09 16:28:33,2021-04-13 10:15:03,M->M,unknown,
武汉发布,no_media,2021-04-13 10:15:03,2021-08-11 20:30:06,M->M,unknown,
武汉发布,no_media,2021-08-11 20:30:06,2021-12-03 09:07:19,M->M,unknown,
武汉发布,no_media,2021-12-03 09:07:19,2022-01-01 17:53:06,M->M,unknown,
武汉发布,no_media,2022-01-01 17:53:06,2022-04-02 21:35:32,M->M,unknown,
武汉发布,no_media,2022-04-02 21:35:32,2022-04-28 14:30:00,M->M,unknown,
武汉发布,no_media,2022-04-28 14:30:00,2022-09-08 09:00:00,M->M,unknown,
武汉发布,no_media,2022-09-08 09:00:00,2022-09-13 17:35:00,M->M,unknown,
武汉发布,no_media,2022-09-13 17:35:00,2022-09-25 08:36:34,M->M,unknown,
武汉发布,no_media,2022-09-25 08:36:34,2022-10-14 15:30:44,M->M,unknown,
武汉发布,no_media,2022-10-14 15:30:44,2022-11-03 10:24:59,M->M,unknown,
武汉发布,no_media,2022-11-03 10:24:59,2022-12-01 14:47:18,M->M,unknown,
武汉发布,no_media,2022-12-01 14:47:18,2022-12-01 16:39:23,M->M,unknown,
武汉发布,no_media,2022-12-01 16:39:23,2022-12-07 10:08:21,M->M,unknown,
武汉发布,no_media,2022-12-07 10:08:21,2022-12-07 14:49:45,M->M,unknown,
武汉发布,no_media,2022-12-07 14:49:45,2022-12-09 09:39:23,M->M,unknown,
武汉发布,no_media,2022-12-09 09:39:23,2022-12-09 10:58:12,M->M,unknown,
武汉发布,no_media,2022-12-09 10:58:12,2022-12-11 10:24:38,M->M,unknown,
武汉发布,no_media,2022-12-11 10:24:38,2022-12-15 17:36:53,M->M,unknown,
武汉发布,no_media,2022-12-15 17:36:53,2022-12-16 08:12:08,M->M,unknown,
武汉发布,no_media,2022-12-16 08:12:08,2022-12-17 07:26:58,M->M,unknown,
武汉发布,no_media,2022-12-17 07:26:58,2022-12-19 15:30:01,M->M,unknown,
武汉发布,no_media,2022-12-19 15:30:01,2022-12-29 10:44:48,M->M,unknown,
武汉发布,no_media,2022-12-29 10:44:48,2023-01-02 09:30:57,M->M,unknown,
武汉发布,no_media,2023-01-02 09:30:57,2023-01-02 11:30:00,M->M,unknown,
武汉发布,no_media,2023-01-02 11:30:00,2023-01-04 12:32:01,M->M,unknown,
武汉发布,no_media,2023-01-04 12:32:01,2023-01-07 13:29:00,M->M,unknown,
武汉发布,no_media,2023-01-07 13:29:00,2023-01-09 19:06:18,M->M,unknown,
武汉发布,no_media,2023-01-09 19:06:18,2023-03-24 10:01:54,M->M,unknown,
武汉发布,no_media,2023-03-24 10:01:54,2024-08-17 14:35:10,M->M,unknown,
武汉广播电视台,no_media,2020-02-04 12:13:03,2020-02-16 23:45:39,M->M,unknown,
武汉广播电视台,no_media,2020-02-16 23:45:39,2020-02-18 23:43:30,M->M,unknown,
武汉广播电视台,no_media,2020-02-18 23:43:30,2020-02-19 12:44:03,M->M,unknown,
武汉广播电视台,no_media,2020-02-19 12:44:03,2020-02-23 12:19:47,M->M,unknown,
武汉广播电视台,no_media,2020-02-23 12:19:47,2020-02-23 16:14:58,M->M,unknown,
武汉广播电视台,no_media,2020-02-23 16:14:58,2020-03-05 18:48:35,M->M,unknown,
武汉广播电视台,no_media,2020-03-05 18:48:35,2020-03-14 12:23:25,M->M,unknown,
武汉广播电视台,no_media,2020-03-14 12:23:25,2020-03-15 22:34:05,M->M,unknown,
武汉广播电视台,no_media,2020-03-15 22:34:05,2020-03-30 21:23:52,M->M,unknown,
武汉广播电视台,no_media,2020-03-30 21:23:52,2020-04-12 11:47:38,M->M,unknown,
武汉广播电视台,no_media,2020-04-12 11:47:38,2020-12-24 09:32:36,M->M,unknown,
武汉广播电视台,no_media,2020-12-24 09:32:36,2022-03-14 14:54:00,M->M,unknown,
武汉广播电视台,no_media,2022-03-14 14:54:00,2022-03-14 18:30:00,M->M,unknown,
武汉广播电视台,no_media,2022-03-14 18:30:00,2022-10-17 19:00:03,M->M,unknown,
武汉广播电视台,no_media,2022-10-17 19:00:03,2022-11-26 14:35:50,M->M,unknown,
武汉广播电视台,no_media,2022-11-26 14:35:50,2022-12-07 09:39:53,M->M,unknown,
武汉广播电视台,no_media,2022-12-07 09:39:53,2022-12-16 16:02:42,M->M,unknown,
武汉广播电视台,no_media,2022-12-16 16:02:42,2022-12-30 11:27:15,M->M,unknown,
武汉广播电视台,no_media,2022-12-30 11:27:15,2023-01-11 17:02:02,M->M,unknown,
武汉广播电视台,no_media,2023-01-11 17:02:02,2023-01-28 16:08:28,M->M,unknown,
武汉广播电视台,no_media,2023-01-28 16:08:28,2023-01-29 16:56:07,M->M,unknown,
武汉广播电视台,no_media,2023-01-29 16:56:07,2023-10-19 09:55:14,M->M,unknown,
武汉广播电视台,no_media,2023-10-19 09:55:14,2024-01-03 16:31:20,M->M,unknown,
武汉新闻,no_media,2021-12-03 14:46:04,2022-04-04 14:09:24,M->M,unknown,
武汉新闻,no_media,2022-04-04 14:09:24,2022-06-02 18:01:25,M->M,unknown,
武汉新闻,no_media,2022-06-02 18:01:25,2022-12-01 17:54:17,M->M,unknown,
武汉新闻,no_media,2022-12-01 17:54:17,2022-12-07 09:53:06,M->M,unknown,
武汉新闻,no_media,2022-12-07 09:53:06,2022-12-07 14:17:29,M->M,unknown,
武汉新闻,no_media,2022-12-07 14:17:29,2022-12-07 21:09:19,M->M,unknown,
武汉新闻,no_media,2022-12-07 21:09:19,2022-12-09 14:16:52,M->M,unknown,
武汉新闻,no_media,2022-12-09 14:16:52,2022-12-31 08:59:20,M->M,unknown,
武汉新闻,no_media,2022-12-31 08:59:20,2023-01-09 11:33:00,M->M,unknown,
武汉新闻,no_media,2023-01-09 11:33:00,2023-11-11 22:00:29,M->M,unknown,
武汉新闻,no_media,2023-11-11 22:00:29,2024-01-03 17:07:27,M->M,unknown,
武鑫垚LM,no_media,2022-12-24 13:03:00,2023-01-14 08:12:00,L->L,unknown,
每日商报,no_media,2020-01-24 08:03:38,2020-02-09 08:56:37,M->M,unknown,
每日商报,no_media,2020-02-09 08:56:37,2020-02-14 21:39:59,M->M,unknown,
每日商报,no_media,2020-02-14 21:39:59,2020-02-15 18:46:27,M->M,unknown,
每日商报,no_media,2020-02-15 18:46:27,2020-02-19 21:05:17,M->M,unknown,
每日商报,no_media,2020-02-19 21:05:17,2020-02-23 13:01:27,M->M,unknown,
每日商报,no_media,2020-02-23 13:01:27,2020-02-25 09:59:10,M->M,unknown,
每日商报,no_media,2020-02-25 09:59:10,2020-02-26 12:02:55,M->M,unknown,
每日商报,no_media,2020-02-26 12:02:55,2020-03-01 17:20:48,M->M,unknown,
每日商报,no_media,2020-03-01 17:20:48,2020-03-18 19:05:23,M->M,unknown,
每日商报,no_media,2020-03-18 19:05:23,2020-03-24 12:13:46,M->M,unknown,
每日商报,no_media,2020-03-24 12:13:46,2020-08-03 11:31:53,M->M,unknown,
每日商报,no_media,2020-08-03 11:31:53,2020-09-03 22:24:54,M->M,unknown,
每日商报,no_media,2020-09-03 22:24:54,2021-02-20 20:14:09,M->M,unknown,
每日商报,no_media,2021-02-20 20:14:09,2021-04-13 10:05:03,M->M,unknown,
每日商报,no_media,2021-04-13 10:05:03,2021-12-18 18:23:12,M->M,unknown,
每日商报,no_media,2021-12-18 18:23:12,2021-12-19 07:23:14,M->M,unknown,
每日商报,no_media,2021-12-19 07:23:14,2021-12-20 16:45:23,M->M,unknown,
每日商报,no_media,2021-12-20 16:45:23,2022-01-08 19:55:37,M->M,unknown,
每日商报,no_media,2022-01-08 19:55:37,2022-04-04 19:58:36,M->M,unknown,
每日商报,no_media,2022-04-04 19:58:36,2022-04-24 08:43:16,M->M,unknown,
每日商报,no_media,2022-04-24 08:43:16,2022-04-25 09:59:22,M->M,unknown,
每日商报,no_media,2022-04-25 09:59:22,2022-12-06 15:19:50,M->M,unknown,
每日商报,no_media,2022-12-06 15:19:50,2022-12-11 14:40:49,M->M,unknown,
每日商报,no_media,2022-12-11 14:40:49,2023-01-13 22:50:05,M->M,unknown,
每日商报,no_media,2023-01-13 22:50:05,2023-01-18 18:42:14,M->M,unknown,
每日经济新闻,no_media,2020-08-06 19:11:27,2021-02-26 06:08:07,M->M,unknown,
每日经济新闻,no_media,2021-02-26 06:08:07,2021-07-20 08:05:08,M->M,unknown,
每日经济新闻,no_media,2021-07-20 08:05:08,2021-08-30 16:43:22,M->M,unknown,
每日经济新闻,no_media,2021-08-30 16:43:22,2021-12-03 08:26:02,M->M,unknown,
每日经济新闻,no_media,2021-12-03 08:26:02,2021-12-20 15:44:11,M->M,unknown,
每日经济新闻,no_media,2021-12-20 15:44:11,2021-12-27 16:01:37,M->M,unknown,
每日经济新闻,no_media,2021-12-27 16:01:37,2022-02-12 10:07:35,M->M,unknown,
每日经济新闻,no_media,2022-02-12 10:07:35,2022-03-16 10:54:11,M->M,unknown,
每日经济新闻,no_media,2022-03-16 10:54:11,2022-03-22 06:33:57,M->M,unknown,
每日经济新闻,no_media,2022-03-22 06:33:57,2022-03-28 15:23:26,M->M,unknown,
每日经济新闻,no_media,2022-03-28 15:23:26,2022-04-03 11:23:20,M->M,unknown,
每日经济新闻,no_media,2022-04-03 11:23:20,2022-04-03 15:51:08,M->M,unknown,
每日经济新闻,no_media,2022-04-03 15:51:08,2022-04-08 23:11:05,M->M,unknown,
每日经济新闻,no_media,2022-04-08 23:11:05,2022-04-09 14:23:46,M->M,unknown,
每日经济新闻,no_media,2022-04-09 14:23:46,2022-04-14 22:05:43,M->M,unknown,
每日经济新闻,no_media,2022-04-14 22:05:43,2022-04-21 09:13:57,M->M,unknown,
每日经济新闻,no_media,2022-04-21 09:13:57,2022-04-24 08:07:16,M->M,unknown,
每日经济新闻,no_media,2022-04-24 08:07:16,2022-04-25 08:21:27,M->M,unknown,
每日经济新闻,no_media,2022-04-25 08:21:27,2022-04-25 15:04:26,M->M,unknown,
每日经济新闻,no_media,2022-04-25 15:04:26,2022-04-29 17:07:11,M->M,unknown,
每日经济新闻,no_media,2022-04-29 17:07:11,2022-05-03 08:23:02,M->M,unknown,
每日经济新闻,no_media,2022-05-03 08:23:02,2022-05-04 08:08:55,M->M,unknown,
每日经济新闻,no_media,2022-05-04 08:08:55,2022-05-07 07:38:39,M->M,unknown,
每日经济新闻,no_media,2022-05-07 07:38:39,2022-05-07 09:55:22,M->M,unknown,
每日经济新闻,no_media,2022-05-07 09:55:22,2022-05-08 08:07:43,M->M,unknown,
每日经济新闻,no_media,2022-05-08 08:07:43,2022-05-15 08:13:09,M->M,unknown,
每日经济新闻,no_media,2022-05-15 08:13:09,2022-05-17 15:52:15,M->M,unknown,
每日经济新闻,no_media,2022-05-17 15:52:15,2022-05-21 09:16:19,M->M,unknown,
每日经济新闻,no_media,2022-05-21 09:16:19,2022-05-27 17:00:20,M->M,unknown,
每日经济新闻,no_media,2022-05-27 17:00:20,2022-05-28 10:11:40,M->M,unknown,
每日经济新闻,no_media,2022-05-28 10:11:40,2022-06-15 22:25:51,M->M,unknown,
每日经济新闻,no_media,2022-06-15 22:25:51,2022-06-19 00:01:50,M->M,unknown,
每日经济新闻,no_media,2022-06-19 00:01:50,2022-06-20 17:26:37,M->M,unknown,
每日经济新闻,no_media,2022-06-20 17:26:37,2022-06-20 22:47:40,M->M,unknown,
每日经济新闻,no_media,2022-06-20 22:47:40,2022-06-21 09:53:19,M->M,unknown,
每日经济新闻,no_media,2022-06-21 09:53:19,2022-07-10 07:14:11,M->M,unknown,
每日经济新闻,no_media,2022-07-10 07:14:11,2022-07-19 08:12:49,M->H,unknown,
每日经济新闻,no_media,2022-07-19 08:12:49,2022-07-24 11:05:45,H->M,unknown,
每日经济新闻,no_media,2022-07-24 11:05:45,2022-07-25 07:29:42,M->M,unknown,
每日经济新闻,no_media,2022-07-25 07:29:42,2022-08-17 21:06:32,M->M,unknown,
每日经济新闻,no_media,2022-08-17 21:06:32,2022-08-22 07:49:01,M->M,unknown,
每日经济新闻,no_media,2022-08-22 07:49:01,2022-09-04 07:07:36,M->M,unknown,
每日经济新闻,no_media,2022-09-04 07:07:36,2022-10-14 10:18:00,M->M,unknown,
每日经济新闻,no_media,2022-10-14 10:18:00,2022-11-02 16:59:19,M->M,unknown,
每日经济新闻,no_media,2022-11-02 16:59:19,2022-11-03 07:03:21,M->M,unknown,
每日经济新闻,no_media,2022-11-03 07:03:21,2022-11-03 13:43:34,M->M,unknown,
每日经济新闻,no_media,2022-11-03 13:43:34,2022-11-07 21:04:29,M->M,unknown,
每日经济新闻,no_media,2022-11-07 21:04:29,2022-11-09 11:50:44,M->M,unknown,
每日经济新闻,no_media,2022-11-09 11:50:44,2022-11-13 20:07:29,M->M,unknown,
每日经济新闻,no_media,2022-11-13 20:07:29,2022-11-18 11:22:00,M->M,unknown,
每日经济新闻,no_media,2022-11-18 11:22:00,2022-12-01 11:26:28,M->M,unknown,
每日经济新闻,no_media,2022-12-01 11:26:28,2022-12-06 23:55:34,M->M,unknown,
每日经济新闻,no_media,2022-12-06 23:55:34,2022-12-07 13:27:54,M->M,unknown,
每日经济新闻,no_media,2022-12-07 13:27:54,2022-12-07 14:01:49,M->M,unknown,
每日经济新闻,no_media,2022-12-07 14:01:49,2022-12-08 07:00:24,M->M,unknown,
每日经济新闻,no_media,2022-12-08 07:00:24,2022-12-08 19:17:05,M->M,unknown,
每日经济新闻,no_media,2022-12-08 19:17:05,2022-12-09 09:03:52,M->M,unknown,
每日经济新闻,no_media,2022-12-09 09:03:52,2022-12-10 12:33:45,M->M,unknown,
每日经济新闻,no_media,2022-12-10 12:33:45,2022-12-16 20:35:46,M->M,unknown,
每日经济新闻,no_media,2022-12-16 20:35:46,2022-12-17 12:50:01,M->M,unknown,
每日经济新闻,no_media,2022-12-17 12:50:01,2022-12-19 06:16:31,M->M,unknown,
每日经济新闻,no_media,2022-12-19 06:16:31,2022-12-19 13:37:58,M->M,unknown,
每日经济新闻,no_media,2022-12-19 13:37:58,2022-12-21 15:21:19,M->M,unknown,
每日经济新闻,no_media,2022-12-21 15:21:19,2022-12-29 08:33:07,M->M,unknown,
每日经济新闻,no_media,2022-12-29 08:33:07,2023-01-01 17:01:23,M->M,unknown,
每日经济新闻,no_media,2023-01-01 17:01:23,2023-01-01 17:23:50,M->M,unknown,
每日经济新闻,no_media,2023-01-01 17:23:50,2023-01-03 19:21:49,M->M,unknown,
每日经济新闻,no_media,2023-01-03 19:21:49,2023-01-05 13:50:18,M->M,unknown,
每日经济新闻,no_media,2023-01-05 13:50:18,2023-01-10 07:24:12,M->M,unknown,
每日经济新闻,no_media,2023-01-10 07:24:12,2023-01-11 06:57:39,M->M,unknown,
每日经济新闻,no_media,2023-01-11 06:57:39,2023-01-18 22:53:52,M->M,unknown,
每日经济新闻,no_media,2023-01-18 22:53:52,2023-01-19 12:45:02,M->M,unknown,
每日经济新闻,no_media,2023-01-19 12:45:02,2023-01-21 10:58:17,M->M,unknown,
每日经济新闻,no_media,2023-01-21 10:58:17,2023-02-26 07:41:26,M->M,unknown,
每日经济新闻,no_media,2023-02-26 07:41:26,2023-02-27 14:28:17,M->M,unknown,
每日经济新闻,no_media,2023-02-27 14:28:17,2023-03-20 10:33:39,M->M,unknown,
每日经济新闻,no_media,2023-03-20 10:33:39,2023-05-17 21:23:52,M->M,unknown,
每日经济新闻,no_media,2023-05-17 21:23:52,2023-05-17 21:51:43,M->M,unknown,
每日经济新闻,no_media,2023-05-17 21:51:43,2023-05-19 13:32:06,M->M,unknown,
每日经济新闻,no_media,2023-05-19 13:32:06,2023-08-21 09:51:07,M->M,unknown,
每日经济新闻,no_media,2023-08-21 09:51:07,2023-09-13 17:33:33,M->M,unknown,
每日经济新闻,no_media,2023-09-13 17:33:33,2023-11-11 10:19:20,M->M,unknown,
每日经济新闻,no_media,2023-11-11 10:19:20,2023-12-17 17:12:50,M->M,unknown,
每日经济新闻,no_media,2023-12-17 17:12:50,2023-12-29 07:41:20,M->M,unknown,
每日经济新闻,no_media,2023-12-29 07:41:20,2024-05-10 06:46:51,M->M,unknown,
民权网,no_media,2020-02-17 13:00:16,2021-08-24 11:32:09,M->M,unknown,
民权网,no_media,2021-08-24 11:32:09,2022-04-03 08:31:20,M->M,unknown,
民权网,no_media,2022-04-03 08:31:20,2022-05-27 15:49:33,M->M,unknown,
民权网,no_media,2022-05-27 15:49:33,2022-07-29 09:08:31,M->M,unknown,
民生关注,no_media,2020-04-15 08:10:50,2020-04-17 08:06:15,M->M,unknown,
民生关注,no_media,2020-04-17 08:06:15,2021-01-10 20:00:14,M->M,unknown,
民生关注,no_media,2021-01-10 20:00:14,2021-01-22 18:14:30,M->M,unknown,
民生关注,no_media,2021-01-22 18:14:30,2021-01-23 08:27:35,M->M,unknown,
民生关注,no_media,2021-01-23 08:27:35,2021-01-29 17:10:34,M->M,unknown,
民生关注,no_media,2021-01-29 17:10:34,2021-04-01 16:19:48,M->M,unknown,
民生关注,no_media,2021-04-01 16:19:48,2021-08-24 17:10:10,M->M,unknown,
民生关注,no_media,2021-08-24 17:10:10,2021-10-18 15:11:33,M->M,unknown,
民生关注,no_media,2021-10-18 15:11:33,2021-11-14 12:11:33,M->M,unknown,
民生关注,no_media,2021-11-14 12:11:33,2021-11-26 11:29:12,M->M,unknown,
民生关注,no_media,2021-11-26 11:29:12,2021-12-04 14:43:50,M->M,unknown,
民生关注,no_media,2021-12-04 14:43:50,2021-12-12 17:50:27,M->M,unknown,
民生关注,no_media,2021-12-12 17:50:27,2021-12-31 15:12:01,M->M,unknown,
水西视野,no_media,2023-04-22 10:41:00,2023-04-22 13:12:00,M->M,unknown,
永州发布,mainstream_only,2022-01-12 10:51:33,2022-03-04 16:47:42,M->M,norisk,0.0
永州发布,mainstream_only,2022-03-04 16:47:42,2022-03-19 13:46:15,M->M,norisk,0.0
永州发布,mainstream_only,2022-03-19 13:46:15,2022-03-30 10:22:59,M->M,norisk,0.0
永州发布,mainstream_only,2022-03-30 10:22:59,2022-04-09 18:17:38,M->M,norisk,0.0
永州发布,mainstream_only,2022-04-09 18:17:38,2022-04-09 18:41:49,M->M,norisk,0.0
永州发布,mainstream_only,2022-04-09 18:41:49,2022-04-19 09:44:17,M->M,norisk,0.0
永州发布,mainstream_only,2022-04-19 09:44:17,2022-10-20 10:40:11,M->M,norisk,0.0
永州发布,mainstream_only,2022-10-20 10:40:11,2022-11-03 10:46:51,M->M,norisk,0.0
永州发布,mainstream_only,2022-11-03 10:46:51,2022-11-04 13:45:50,M->M,norisk,0.0
永州发布,mainstream_only,2022-11-04 13:45:50,2022-11-05 08:59:46,M->M,norisk,0.0
永州发布,mainstream_only,2022-11-05 08:59:46,2022-11-05 11:34:05,M->M,norisk,0.0
永州发布,mainstream_only,2022-11-05 11:34:05,2022-11-26 09:31:51,M->M,norisk,0.0
永州发布,mainstream_only,2022-11-26 09:31:51,2022-11-27 09:06:51,M->M,norisk,0.0
永州发布,mainstream_only,2022-11-27 09:06:51,2022-11-30 08:55:03,M->M,norisk,0.0
永州发布,mainstream_only,2022-11-30 08:55:03,2022-12-09 10:03:20,M->M,norisk,0.0
永州发布,mainstream_only,2022-12-09 10:03:20,2022-12-09 15:09:09,M->M,norisk,0.0
永州发布,mainstream_only,2022-12-09 15:09:09,2022-12-09 16:12:08,M->M,norisk,0.0
永州发布,mainstream_only,2022-12-09 16:12:08,2022-12-16 09:00:29,M->M,norisk,0.0
永州发布,mainstream_only,2022-12-16 09:00:29,2022-12-18 13:17:35,M->M,norisk,0.0
永州发布,mainstream_only,2022-12-18 13:17:35,2022-12-26 14:14:38,M->M,norisk,0.0
永州发布,mainstream_only,2022-12-26 14:14:38,2022-12-27 08:13:29,M->M,norisk,0.0
永州发布,mainstream_only,2022-12-27 08:13:29,2022-12-30 09:33:25,M->M,norisk,0.0
永州发布,mainstream_only,2022-12-30 09:33:25,2022-12-31 13:15:56,M->M,norisk,0.0
永州发布,mainstream_only,2022-12-31 13:15:56,2023-01-02 16:23:44,M->M,risk,1.0
永州发布,mainstream_only,2023-01-02 16:23:44,2023-01-04 11:01:03,M->M,risk,1.0
永州发布,mainstream_only,2023-01-04 11:01:03,2023-01-12 07:58:41,M->M,risk,1.0
永州发布,mainstream_only,2023-01-12 07:58:41,2023-01-13 21:27:17,M->M,risk,1.0
永州发布,mainstream_only,2023-01-13 21:27:17,2023-01-15 08:57:17,M->M,norisk,0.0
永州发布,mainstream_only,2023-01-15 08:57:17,2024-03-17 18:43:44,M->M,risk,1.0
汉中发布,no_media,2020-02-13 14:25:15,2020-12-07 12:23:03,M->M,unknown,
汉中发布,no_media,2020-12-07 12:23:03,2020-12-30 10:33:17,M->M,unknown,
汉中发布,no_media,2020-12-30 10:33:17,2021-01-08 11:14:03,M->M,unknown,
汉中发布,no_media,2021-01-08 11:14:03,2021-11-02 19:56:15,M->M,unknown,
汉中发布,no_media,2021-11-02 19:56:15,2021-12-09 19:03:00,M->M,unknown,
汉中发布,no_media,2021-12-09 19:03:00,2021-12-22 17:31:00,M->M,unknown,
汉中发布,no_media,2021-12-22 17:31:00,2022-08-25 16:12:00,M->M,unknown,
汉中发布,no_media,2022-08-25 16:12:00,2022-10-18 20:29:32,M->M,unknown,
汉中发布,no_media,2022-10-18 20:29:32,2022-12-07 13:47:20,M->M,unknown,
汉中发布,no_media,2022-12-07 13:47:20,2022-12-09 11:28:59,M->M,unknown,
汉中发布,no_media,2022-12-09 11:28:59,2022-12-09 16:47:52,M->M,unknown,
汉中发布,no_media,2022-12-09 16:47:52,2022-12-09 16:48:47,M->M,unknown,
汉中发布,no_media,2022-12-09 16:48:47,2022-12-09 17:17:00,M->M,unknown,
汉中发布,no_media,2022-12-09 17:17:00,2022-12-11 09:00:11,M->M,unknown,
汉中发布,no_media,2022-12-11 09:00:11,2022-12-14 15:49:00,M->M,unknown,
汉中发布,no_media,2022-12-14 15:49:00,2023-03-01 13:19:00,M->M,unknown,
汉中发布,no_media,2023-03-01 13:19:00,2024-01-07 15:50:00,M->M,unknown,
汉中市检察院,mainstream_only,2020-02-07 14:18:12,2020-02-15 07:36:13,M->M,unknown,
汉中市检察院,mainstream_only,2020-02-15 07:36:13,2020-02-20 08:07:52,M->M,unknown,
汉中市检察院,mainstream_only,2020-02-20 08:07:52,2020-02-22 16:59:36,M->M,norisk,0.0
汉中市检察院,mainstream_only,2020-02-22 16:59:36,2020-03-27 18:17:24,M->M,unknown,
汉中市检察院,mainstream_only,2020-03-27 18:17:24,2020-04-15 08:11:04,M->M,unknown,
汉中市检察院,mainstream_only,2020-04-15 08:11:04,2020-05-28 09:00:50,M->M,unknown,
汉中市检察院,mainstream_only,2020-05-28 09:00:50,2020-06-12 08:44:32,M->M,unknown,
汉中市检察院,mainstream_only,2020-06-12 08:44:32,2021-01-08 08:27:12,M->M,unknown,
汉中市检察院,mainstream_only,2021-01-08 08:27:12,2021-04-06 16:11:18,M->M,unknown,
汉中市检察院,mainstream_only,2021-04-06 16:11:18,2023-12-12 14:55:08,M->M,unknown,
汝定君,no_media,2023-01-10 17:45:00,2023-01-14 09:13:00,M->M,unknown,
江卓尔_大号,no_media,2023-10-11 12:00:00,2023-10-11 22:00:00,M->M,unknown,
江卓尔_大号,no_media,2023-10-11 22:00:00,2023-10-12 16:00:00,M->M,unknown,
江卓尔_大号,no_media,2023-10-12 16:00:00,2023-10-13 14:00:00,M->M,unknown,
江卓尔_大号,no_media,2023-10-13 14:00:00,2023-10-13 18:00:00,M->H,unknown,
江卓尔_大号,no_media,2023-10-13 18:00:00,2023-10-18 18:00:00,H->M,unknown,
江卓尔_大号,no_media,2023-10-18 18:00:00,2023-10-19 18:00:00,M->H,unknown,
江卓尔_大号,no_media,2023-10-19 18:00:00,2023-10-19 20:00:00,H->M,unknown,
江卓尔_大号,no_media,2023-10-19 20:00:00,2023-10-20 18:00:00,M->M,unknown,
江卓尔_大号,no_media,2023-10-20 18:00:00,2023-10-21 12:00:00,M->M,unknown,
江卓尔_大号,no_media,2023-10-21 12:00:00,2023-10-23 20:00:00,M->M,unknown,
江卓尔_大号,no_media,2023-10-23 20:00:00,2023-10-24 17:33:00,M->H,unknown,
江卓尔_大号,no_media,2023-10-24 17:33:00,2023-10-24 19:47:00,H->H,unknown,
江卓尔_大号,no_media,2023-10-24 19:47:00,2023-10-25 12:00:00,H->H,unknown,
江卓尔_大号,no_media,2023-10-25 12:00:00,2023-10-27 17:41:00,H->M,unknown,
江卓尔_大号,no_media,2023-10-27 17:41:00,2023-10-28 22:16:00,M->M,unknown,
江卓尔_大号,no_media,2023-10-28 22:16:00,2023-10-29 12:00:00,M->M,unknown,
江卓尔_大号,no_media,2023-10-29 12:00:00,2023-10-29 18:00:00,M->M,unknown,
江卓尔_大号,no_media,2023-10-29 18:00:00,2023-10-30 18:40:00,M->M,unknown,
江卓尔_大号,no_media,2023-10-30 18:40:00,2023-10-30 19:40:00,M->M,unknown,
江卓尔_大号,no_media,2023-10-30 19:40:00,2023-10-30 22:00:00,M->H,unknown,
江卓尔_大号,no_media,2023-10-30 22:00:00,2023-10-31 16:00:00,H->M,unknown,
江卓尔_大号,no_media,2023-10-31 16:00:00,2023-10-31 18:00:00,M->H,unknown,
江卓尔_大号,no_media,2023-10-31 18:00:00,2023-11-01 18:00:00,H->M,unknown,
江卓尔_大号,no_media,2023-11-01 18:00:00,2023-11-03 18:00:00,M->M,unknown,
江卓尔_大号,no_media,2023-11-03 18:00:00,2023-11-03 19:40:00,M->H,unknown,
江卓尔_大号,no_media,2023-11-03 19:40:00,2023-11-05 16:00:00,H->M,unknown,
江卓尔_大号,no_media,2023-11-05 16:00:00,2023-11-06 12:00:00,M->M,unknown,
江卓尔_大号,no_media,2023-11-06 12:00:00,2023-11-06 18:00:00,M->M,unknown,
江卓尔_大号,no_media,2023-11-06 18:00:00,2023-11-06 20:00:00,M->M,unknown,
江卓尔_大号,no_media,2023-11-06 20:00:00,2023-11-08 18:00:00,M->M,unknown,
江卓尔_大号,no_media,2023-11-08 18:00:00,2023-11-09 13:52:00,M->H,unknown,
江卓尔_大号,no_media,2023-11-09 13:52:00,2023-11-09 14:00:00,H->M,unknown,
江卓尔_大号,no_media,2023-11-09 14:00:00,2023-11-13 22:00:00,M->M,unknown,
江卓尔_大号,no_media,2023-11-13 22:00:00,2023-11-14 19:12:00,M->H,unknown,
江卓尔_大号,no_media,2023-11-14 19:12:00,2023-11-14 20:00:00,H->H,unknown,
江卓尔_大号,no_media,2023-11-14 20:00:00,2023-11-16 15:47:00,H->H,unknown,
江卓尔_大号,no_media,2023-11-16 15:47:00,2023-11-16 18:00:00,H->M,unknown,
江卓尔_大号,no_media,2023-11-16 18:00:00,2023-11-16 20:00:00,M->M,unknown,
江卓尔_大号,no_media,2023-11-16 20:00:00,2023-11-16 22:00:00,M->M,unknown,
江卓尔_大号,no_media,2023-11-16 22:00:00,2023-11-18 18:00:00,M->M,unknown,
江卓尔_大号,no_media,2023-11-18 18:00:00,2023-11-23 18:00:00,M->M,unknown,
江卓尔_大号,no_media,2023-11-23 18:00:00,2023-11-23 22:00:00,M->M,unknown,
江卓尔_大号,no_media,2023-11-23 22:00:00,2023-11-24 16:00:00,M->M,unknown,
江卓尔_大号,no_media,2023-11-24 16:00:00,2023-11-27 19:14:00,M->H,unknown,
江卓尔_大号,no_media,2023-11-27 19:14:00,2023-12-03 18:51:00,H->M,unknown,
江卓尔_大号,no_media,2023-12-03 18:51:00,2023-12-07 16:00:00,M->M,unknown,
江卓尔_大号,no_media,2023-12-07 16:00:00,2023-12-11 18:00:00,M->H,unknown,
江卓尔_大号,no_media,2023-12-11 18:00:00,2023-12-13 12:00:00,H->M,unknown,
江卓尔_大号,no_media,2023-12-13 12:00:00,2023-12-14 18:00:00,M->L,unknown,
江卓尔_大号,no_media,2023-12-14 18:00:00,2023-12-17 20:01:00,L->M,unknown,
江卓尔_大号,no_media,2023-12-17 20:01:00,2023-12-18 22:45:00,M->M,unknown,
江卓尔_大号,no_media,2023-12-18 22:45:00,2023-12-22 20:00:00,M->M,unknown,
江卓尔_大号,no_media,2023-12-22 20:00:00,2023-12-23 12:00:00,M->M,unknown,
江卓尔_大号,no_media,2023-12-23 12:00:00,2023-12-25 12:00:00,M->H,unknown,
江卓尔_大号,no_media,2023-12-25 12:00:00,2024-01-25 12:00:00,H->M,unknown,
江南晚报,no_media,2020-02-20 11:30:03,2020-10-23 13:20:03,M->M,unknown,
江南晚报,no_media,2020-10-23 13:20:03,2020-11-09 19:40:03,M->M,unknown,
江南晚报,no_media,2020-11-09 19:40:03,2021-02-20 15:40:03,M->M,unknown,
江南晚报,no_media,2021-02-20 15:40:03,2021-02-26 10:20:03,M->M,unknown,
江南晚报,no_media,2021-02-26 10:20:03,2021-04-13 11:20:03,M->M,unknown,
江南晚报,no_media,2021-04-13 11:20:03,2021-09-30 22:14:00,M->M,unknown,
江南晚报,no_media,2021-09-30 22:14:00,2022-02-12 11:00:03,M->M,unknown,
江南晚报,no_media,2022-02-12 11:00:03,2022-05-01 09:40:02,M->M,unknown,
江南晚报,no_media,2022-05-01 09:40:02,2022-05-05 09:32:54,M->M,unknown,
江南晚报,no_media,2022-05-05 09:32:54,2022-05-26 09:20:24,M->M,unknown,
江南晚报,no_media,2022-05-26 09:20:24,2022-07-24 11:23:39,M->M,unknown,
江南晚报,no_media,2022-07-24 11:23:39,2022-08-25 16:00:01,M->M,unknown,
江南晚报,no_media,2022-08-25 16:00:01,2022-11-03 11:00:03,M->M,unknown,
江南晚报,no_media,2022-11-03 11:00:03,2022-12-04 09:38:27,M->M,unknown,
江南晚报,no_media,2022-12-04 09:38:27,2022-12-06 22:30:02,M->M,unknown,
江南晚报,no_media,2022-12-06 22:30:02,2022-12-09 09:31:02,M->M,unknown,
江南晚报,no_media,2022-12-09 09:31:02,2022-12-11 09:00:02,M->M,unknown,
江南晚报,no_media,2022-12-11 09:00:02,2022-12-13 22:00:04,M->M,unknown,
江南晚报,no_media,2022-12-13 22:00:04,2022-12-16 17:30:00,M->M,unknown,
江南晚报,no_media,2022-12-16 17:30:00,2023-01-02 13:01:00,M->M,unknown,
江南晚报,no_media,2023-01-02 13:01:00,2023-01-02 16:11:01,M->M,unknown,
江南晚报,no_media,2023-01-02 16:11:01,2023-01-13 21:36:06,M->M,unknown,
江南晚报,no_media,2023-01-13 21:36:06,2023-01-18 16:30:00,M->M,unknown,
江南晚报,no_media,2023-01-18 16:30:00,2023-01-21 11:30:01,M->M,unknown,
江南晚报,no_media,2023-01-21 11:30:01,2023-11-30 08:15:00,M->M,unknown,
江淮晨报,no_media,2017-06-17 23:30:04,2020-02-21 13:11:17,M->M,unknown,
江淮晨报,no_media,2020-02-21 13:11:17,2021-09-12 19:41:11,M->M,unknown,
江淮晨报,no_media,2021-09-12 19:41:11,2022-05-09 15:45:11,M->M,unknown,
江淮晨报,no_media,2022-05-09 15:45:11,2022-11-29 15:56:52,M->M,unknown,
江淮晨报,no_media,2022-11-29 15:56:52,2022-12-02 21:48:39,M->M,unknown,
江淮晨报,no_media,2022-12-02 21:48:39,2022-12-04 15:36:09,M->M,unknown,
江淮晨报,no_media,2022-12-04 15:36:09,2023-12-02 15:43:11,M->M,unknown,
江淮晨报,no_media,2023-12-02 15:43:11,2023-12-20 16:06:46,M->M,unknown,
江苏广播,no_media,2020-02-15 14:00:03,2020-02-20 09:49:44,H->M,unknown,
江苏广播,no_media,2020-02-20 09:49:44,2020-02-26 14:19:55,M->M,unknown,
江苏广播,no_media,2020-02-26 14:19:55,2020-06-12 11:30:03,M->M,unknown,
江苏广播,no_media,2020-06-12 11:30:03,2020-10-05 08:53:06,M->M,unknown,
江苏广播,no_media,2020-10-05 08:53:06,2020-10-08 08:53:16,M->M,unknown,
江苏广播,no_media,2020-10-08 08:53:16,2021-02-20 18:30:03,M->M,unknown,
江苏广播,no_media,2021-02-20 18:30:03,2021-03-25 17:30:03,M->M,unknown,
江苏广播,no_media,2021-03-25 17:30:03,2022-12-09 10:30:03,M->M,unknown,
江苏广播,no_media,2022-12-09 10:30:03,2022-12-17 17:03:00,M->M,unknown,
江苏新闻,no_media,2017-10-28 16:40:03,2020-02-15 09:13:08,M->H,unknown,
江苏新闻,no_media,2020-02-15 09:13:08,2020-04-23 16:43:03,H->M,unknown,
江苏新闻,no_media,2020-04-23 16:43:03,2020-10-01 08:54:06,M->M,unknown,
江苏新闻,no_media,2020-10-01 08:54:06,2020-10-03 08:49:37,M->M,unknown,
江苏新闻,no_media,2020-10-03 08:49:37,2020-10-04 08:48:13,M->M,unknown,
江苏新闻,no_media,2020-10-04 08:48:13,2020-10-05 08:44:28,M->M,unknown,
江苏新闻,no_media,2020-10-05 08:44:28,2020-10-06 08:45:27,M->M,unknown,
江苏新闻,no_media,2020-10-06 08:45:27,2020-10-07 08:47:54,M->M,unknown,
江苏新闻,no_media,2020-10-07 08:47:54,2020-10-08 08:52:14,M->M,unknown,
江苏新闻,no_media,2020-10-08 08:52:14,2021-03-24 19:00:17,M->M,unknown,
江苏新闻,no_media,2021-03-24 19:00:17,2021-03-25 12:30:03,M->M,unknown,
江苏新闻,no_media,2021-03-25 12:30:03,2021-04-05 18:48:04,M->M,unknown,
江苏新闻,no_media,2021-04-05 18:48:04,2021-04-06 09:00:03,M->M,unknown,
江苏新闻,no_media,2021-04-06 09:00:03,2021-07-25 13:06:45,M->M,unknown,
江苏新闻,no_media,2021-07-25 13:06:45,2021-07-29 11:27:19,M->M,unknown,
江苏新闻,no_media,2021-07-29 11:27:19,2021-08-02 11:38:42,M->M,unknown,
江苏新闻,no_media,2021-08-02 11:38:42,2021-08-15 21:51:25,M->M,unknown,
江苏新闻,no_media,2021-08-15 21:51:25,2022-03-06 11:11:05,M->M,unknown,
江苏新闻,no_media,2022-03-06 11:11:05,2022-03-15 17:25:57,M->M,unknown,
江苏新闻,no_media,2022-03-15 17:25:57,2022-03-19 20:56:29,M->M,unknown,
江苏新闻,no_media,2022-03-19 20:56:29,2022-03-24 14:55:17,M->M,unknown,
江苏新闻,no_media,2022-03-24 14:55:17,2022-11-05 16:24:18,M->M,unknown,
江苏新闻,no_media,2022-11-05 16:24:18,2022-12-09 08:54:27,M->M,unknown,
江苏新闻,no_media,2022-12-09 08:54:27,2022-12-09 14:00:00,M->M,unknown,
江苏新闻,no_media,2022-12-09 14:00:00,2023-01-03 18:31:50,M->M,unknown,
江苏新闻,no_media,2023-01-03 18:31:50,2023-01-11 17:57:07,M->M,unknown,
江苏新闻,no_media,2023-01-11 17:57:07,2023-01-25 18:37:00,M->M,unknown,
江苏新闻,no_media,2023-01-25 18:37:00,2023-03-20 17:09:11,M->M,unknown,
江苏新闻,no_media,2023-03-20 17:09:11,2023-11-12 19:11:43,M->M,unknown,
江西交通广播,no_media,2020-02-17 10:04:51,2020-03-05 09:16:22,M->M,unknown,
江西交通广播,no_media,2020-03-05 09:16:22,2021-08-03 16:12:30,M->M,unknown,
江西交通广播,no_media,2021-08-03 16:12:30,2021-12-03 12:16:08,M->M,unknown,
江西交通广播,no_media,2021-12-03 12:16:08,2022-12-09 17:16:49,M->M,unknown,
江西交通广播,no_media,2022-12-09 17:16:49,2023-03-01 11:49:50,M->M,unknown,
江西发布,no_media,2020-02-24 14:02:03,2020-04-01 15:13:04,M->M,unknown,
江西发布,no_media,2020-04-01 15:13:04,2020-09-25 21:28:57,M->M,unknown,
江西发布,no_media,2020-09-25 21:28:57,2020-11-15 09:37:05,M->M,unknown,
江西发布,no_media,2020-11-15 09:37:05,2021-01-17 21:13:00,M->M,unknown,
江西发布,no_media,2021-01-17 21:13:00,2021-08-09 10:25:44,M->M,unknown,
江西发布,no_media,2021-08-09 10:25:44,2022-03-24 20:55:38,M->M,unknown,
江西发布,no_media,2022-03-24 20:55:38,2022-04-05 22:40:56,M->M,unknown,
江西发布,no_media,2022-04-05 22:40:56,2022-11-25 23:04:51,M->M,unknown,
江西发布,no_media,2022-11-25 23:04:51,2022-12-07 13:38:37,M->M,unknown,
江西发布,no_media,2022-12-07 13:38:37,2022-12-09 11:33:56,M->M,unknown,
江西发布,no_media,2022-12-09 11:33:56,2022-12-10 12:10:02,M->M,unknown,
江西发布,no_media,2022-12-10 12:10:02,2023-01-19 08:57:28,M->M,unknown,
江西发布,no_media,2023-01-19 08:57:28,2024-01-26 13:59:00,M->M,unknown,
江西晨报,no_media,2021-11-10 20:57:00,2022-03-24 21:04:42,M->M,unknown,
江西晨报,no_media,2022-03-24 21:04:42,2022-03-24 21:35:01,M->M,unknown,
江西晨报,no_media,2022-03-24 21:35:01,2023-01-02 10:12:03,M->M,unknown,
汪志鹏_peng,no_media,2023-01-07 17:11:00,2023-01-08 17:44:00,L->H,unknown,
沂蒙晚报,no_media,2018-11-09 09:07:36,2023-05-18 15:34:50,M->M,unknown,
沂蒙晚报,no_media,2023-05-18 15:34:50,2024-02-23 10:07:15,M->M,unknown,
沈先生nature,no_media,2022-12-22 17:27:00,2022-12-23 18:06:00,M->M,unknown,
沈先生nature,no_media,2022-12-23 18:06:00,2022-12-23 19:34:00,M->M,unknown,
沈先生nature,no_media,2022-12-23 19:34:00,2023-01-02 20:18:00,M->M,unknown,
沈先生nature,no_media,2023-01-02 20:18:00,2023-01-06 10:35:00,M->M,unknown,
沈阳日报,no_media,2020-02-12 10:21:39,2020-06-17 15:47:28,M->M,unknown,
沈阳日报,no_media,2020-06-17 15:47:28,2021-01-06 21:26:51,M->M,unknown,
沈阳日报,no_media,2021-01-06 21:26:51,2021-04-13 05:11:03,M->M,unknown,
沈阳日报,no_media,2021-04-13 05:11:03,2021-05-17 20:27:02,M->M,unknown,
沈阳日报,no_media,2021-05-17 20:27:02,2021-08-03 22:04:41,M->M,unknown,
沈阳日报,no_media,2021-08-03 22:04:41,2021-09-15 21:50:52,M->M,unknown,
沈阳日报,no_media,2021-09-15 21:50:52,2021-11-12 09:03:59,M->M,unknown,
沈阳日报,no_media,2021-11-12 09:03:59,2021-12-19 11:41:25,M->M,unknown,
沈阳日报,no_media,2021-12-19 11:41:25,2022-04-18 10:19:28,M->M,unknown,
沈阳日报,no_media,2022-04-18 10:19:28,2022-04-29 13:09:53,M->M,unknown,
沈阳日报,no_media,2022-04-29 13:09:53,2022-04-30 23:11:13,M->M,unknown,
沈阳日报,no_media,2022-04-30 23:11:13,2022-05-08 09:02:18,M->M,unknown,
沈阳日报,no_media,2022-05-08 09:02:18,2022-10-07 17:39:04,M->M,unknown,
沈阳日报,no_media,2022-10-07 17:39:04,2022-10-11 07:17:04,M->M,unknown,
沈阳日报,no_media,2022-10-11 07:17:04,2022-11-29 15:28:08,M->M,unknown,
沈阳日报,no_media,2022-11-29 15:28:08,2022-12-03 18:49:15,M->M,unknown,
沈阳日报,no_media,2022-12-03 18:49:15,2022-12-07 13:54:03,M->M,unknown,
沈阳日报,no_media,2022-12-07 13:54:03,2022-12-07 13:55:34,M->M,unknown,
沈阳日报,no_media,2022-12-07 13:55:34,2022-12-11 09:36:52,M->M,unknown,
沈阳日报,no_media,2022-12-11 09:36:52,2022-12-14 13:20:20,M->M,unknown,
沈阳日报,no_media,2022-12-14 13:20:20,2022-12-21 21:29:20,M->M,unknown,
沈阳日报,no_media,2022-12-21 21:29:20,2022-12-22 14:28:29,M->M,unknown,
沈阳日报,no_media,2022-12-22 14:28:29,2023-01-03 12:04:38,M->M,unknown,
沈阳日报,no_media,2023-01-03 12:04:38,2023-01-16 09:35:17,M->M,unknown,
沈阳网,no_media,2020-04-23 17:01:02,2020-05-27 13:24:21,M->M,unknown,
沈阳网,no_media,2020-05-27 13:24:21,2020-06-17 16:19:24,M->M,unknown,
沈阳网,no_media,2020-06-17 16:19:24,2021-01-05 16:47:26,M->M,unknown,
沈阳网,no_media,2021-01-05 16:47:26,2021-05-25 18:33:30,M->M,unknown,
沈阳网,no_media,2021-05-25 18:33:30,2021-06-03 10:09:10,M->M,unknown,
沈阳网,no_media,2021-06-03 10:09:10,2021-07-23 14:58:48,M->M,unknown,
沈阳网,no_media,2021-07-23 14:58:48,2021-07-27 22:18:10,M->M,unknown,
沈阳网,no_media,2021-07-27 22:18:10,2021-07-29 08:46:53,M->M,unknown,
沈阳网,no_media,2021-07-29 08:46:53,2021-07-30 08:55:28,M->M,unknown,
沈阳网,no_media,2021-07-30 08:55:28,2021-07-30 09:24:04,M->M,unknown,
沈阳网,no_media,2021-07-30 09:24:04,2021-08-03 22:09:30,M->M,unknown,
沈阳网,no_media,2021-08-03 22:09:30,2021-08-05 08:53:21,M->M,unknown,
沈阳网,no_media,2021-08-05 08:53:21,2021-08-07 15:10:45,M->M,unknown,
沈阳网,no_media,2021-08-07 15:10:45,2021-09-16 10:30:10,M->M,unknown,
沈阳网,no_media,2021-09-16 10:30:10,2021-11-24 12:32:53,M->M,unknown,
沈阳网,no_media,2021-11-24 12:32:53,2021-12-28 13:07:23,M->M,unknown,
沈阳网,no_media,2021-12-28 13:07:23,2021-12-28 18:30:28,M->M,unknown,
沈阳网,no_media,2021-12-28 18:30:28,2022-01-12 15:25:29,M->M,unknown,
沈阳网,no_media,2022-01-12 15:25:29,2022-04-28 08:21:28,M->M,unknown,
沈阳网,no_media,2022-04-28 08:21:28,2022-04-28 21:56:35,M->M,unknown,
沈阳网,no_media,2022-04-28 21:56:35,2022-04-30 08:19:52,M->M,unknown,
沈阳网,no_media,2022-04-30 08:19:52,2022-05-05 08:35:47,M->M,unknown,
沈阳网,no_media,2022-05-05 08:35:47,2022-05-06 10:46:06,M->M,unknown,
沈阳网,no_media,2022-05-06 10:46:06,2022-09-22 20:10:48,M->M,unknown,
沈阳网,no_media,2022-09-22 20:10:48,2022-10-07 16:37:22,M->M,unknown,
沈阳网,no_media,2022-10-07 16:37:22,2022-10-10 14:24:32,M->M,unknown,
沈阳网,no_media,2022-10-10 14:24:32,2022-10-11 11:47:23,M->M,unknown,
沈阳网,no_media,2022-10-11 11:47:23,2022-10-11 21:20:50,M->M,unknown,
沈阳网,no_media,2022-10-11 21:20:50,2022-11-30 19:33:01,M->M,unknown,
沈阳网,no_media,2022-11-30 19:33:01,2022-12-07 09:55:31,M->M,unknown,
沈阳网,no_media,2022-12-07 09:55:31,2022-12-07 14:24:19,M->M,unknown,
沈阳网,no_media,2022-12-07 14:24:19,2022-12-08 16:43:59,M->M,unknown,
沈阳网,no_media,2022-12-08 16:43:59,2022-12-11 08:08:48,M->M,unknown,
沈阳网,no_media,2022-12-11 08:08:48,2023-01-05 11:07:18,M->M,unknown,
沈阳网,no_media,2023-01-05 11:07:18,2023-01-16 14:35:58,M->M,unknown,
沈阳网,no_media,2023-01-16 14:35:58,2023-01-25 19:10:18,M->M,unknown,
沈阳网,no_media,2023-01-25 19:10:18,2023-05-28 20:21:48,M->M,unknown,
沈阳铁路,no_media,2020-04-23 15:49:24,2020-07-28 22:56:10,M->M,unknown,
沈阳铁路,no_media,2020-07-28 22:56:10,2021-01-09 11:52:29,M->M,unknown,
沈阳铁路,no_media,2021-01-09 11:52:29,2021-03-29 14:32:29,M->M,unknown,
沈阳铁路,no_media,2021-03-29 14:32:29,2021-08-04 16:02:19,M->M,unknown,
沈阳铁路,no_media,2021-08-04 16:02:19,2021-10-28 08:29:17,M->M,unknown,
沈阳铁路,no_media,2021-10-28 08:29:17,2021-10-30 11:15:00,M->M,unknown,
沈阳铁路,no_media,2021-10-30 11:15:00,2021-11-10 13:46:01,M->M,unknown,
沈阳铁路,no_media,2021-11-10 13:46:01,2022-03-14 12:13:00,M->M,unknown,
沈阳铁路,no_media,2022-03-14 12:13:00,2022-03-19 18:09:07,M->M,unknown,
沈阳铁路,no_media,2022-03-19 18:09:07,2022-03-23 13:12:35,M->M,unknown,
沈阳铁路,no_media,2022-03-23 13:12:35,2022-04-06 18:33:28,M->M,unknown,
沈阳铁路,no_media,2022-04-06 18:33:28,2022-04-07 16:13:40,M->M,unknown,
沈阳铁路,no_media,2022-04-07 16:13:40,2022-04-16 07:11:09,M->M,unknown,
沈阳铁路,no_media,2022-04-16 07:11:09,2022-04-17 13:12:20,M->M,unknown,
沈阳铁路,no_media,2022-04-17 13:12:20,2022-04-17 15:33:19,M->M,unknown,
沈阳铁路,no_media,2022-04-17 15:33:19,2022-04-17 20:46:19,M->M,unknown,
沈阳铁路,no_media,2022-04-17 20:46:19,2022-04-19 13:30:42,M->M,unknown,
沈阳铁路,no_media,2022-04-19 13:30:42,2022-05-06 20:50:17,M->M,unknown,
沈阳铁路,no_media,2022-05-06 20:50:17,2023-01-02 15:40:00,M->M,unknown,
沐喵是只猫,no_media,2022-12-19 14:17:00,2022-12-24 01:02:00,L->L,unknown,
没吃过火锅_,no_media,2022-12-24 21:31:00,2022-12-25 19:31:00,H->L,unknown,
没有烧鸭子的魔芋,no_media,2023-01-06 12:10:00,2023-01-07 20:51:00,L->L,unknown,
沧州晚报,no_media,2020-02-26 12:04:19,2020-03-09 18:21:19,M->M,unknown,
沧州晚报,no_media,2020-03-09 18:21:19,2021-08-13 10:45:32,M->M,unknown,
沧州晚报,no_media,2021-08-13 10:45:32,2022-12-06 15:35:27,M->M,unknown,
沧州晚报,no_media,2022-12-06 15:35:27,2023-01-21 17:55:13,M->M,unknown,
河北新闻广播,no_media,2021-01-07 20:48:52,2021-02-13 10:00:41,M->M,unknown,
河北新闻广播,no_media,2021-02-13 10:00:41,2021-02-20 18:07:17,M->M,unknown,
河北新闻广播,no_media,2021-02-20 18:07:17,2021-02-23 11:37:22,M->M,unknown,
河北新闻广播,no_media,2021-02-23 11:37:22,2021-03-27 21:59:36,M->M,unknown,
河北新闻广播,no_media,2021-03-27 21:59:36,2021-03-29 18:56:49,M->M,unknown,
河北新闻广播,no_media,2021-03-29 18:56:49,2021-03-29 19:01:32,M->M,unknown,
河北新闻广播,no_media,2021-03-29 19:01:32,2021-03-30 10:51:19,M->M,unknown,
河北新闻广播,no_media,2021-03-30 10:51:19,2021-04-06 17:52:20,M->M,unknown,
河北新闻广播,no_media,2021-04-06 17:52:20,2021-04-14 17:50:48,M->M,unknown,
河北新闻广播,no_media,2021-04-14 17:50:48,2021-04-21 18:14:47,M->M,unknown,
河北新闻广播,no_media,2021-04-21 18:14:47,2021-04-22 18:30:08,M->M,unknown,
河北新闻广播,no_media,2021-04-22 18:30:08,2021-05-25 07:05:48,M->M,unknown,
河北新闻广播,no_media,2021-05-25 07:05:48,2021-06-14 13:01:04,M->M,unknown,
河北新闻广播,no_media,2021-06-14 13:01:04,2021-06-15 08:56:37,M->M,unknown,
河北新闻广播,no_media,2021-06-15 08:56:37,2021-07-07 08:16:50,M->M,unknown,
河北新闻广播,no_media,2021-07-07 08:16:50,2021-07-30 16:57:01,M->M,unknown,
河北新闻广播,no_media,2021-07-30 16:57:01,2022-01-01 10:29:41,M->M,unknown,
河北新闻广播,no_media,2022-01-01 10:29:41,2022-01-12 13:23:49,M->M,unknown,
河北新闻广播,no_media,2022-01-12 13:23:49,2022-03-06 23:44:31,M->M,unknown,
河北新闻广播,no_media,2022-03-06 23:44:31,2022-03-20 20:07:03,M->M,unknown,
河北新闻广播,no_media,2022-03-20 20:07:03,2022-03-21 12:30:10,M->M,unknown,
河北新闻广播,no_media,2022-03-21 12:30:10,2022-03-21 18:28:41,M->M,unknown,
河北新闻广播,no_media,2022-03-21 18:28:41,2022-03-31 15:35:23,M->M,unknown,
河北新闻广播,no_media,2022-03-31 15:35:23,2022-03-31 21:38:32,M->M,unknown,
河北新闻广播,no_media,2022-03-31 21:38:32,2022-04-06 09:41:00,M->M,unknown,
河北新闻广播,no_media,2022-04-06 09:41:00,2022-04-06 18:07:26,M->M,unknown,
河北新闻广播,no_media,2022-04-06 18:07:26,2022-04-06 18:11:30,M->M,unknown,
河北新闻广播,no_media,2022-04-06 18:11:30,2022-04-06 18:15:12,M->M,unknown,
河北新闻广播,no_media,2022-04-06 18:15:12,2022-04-07 16:59:51,M->M,unknown,
河北新闻广播,no_media,2022-04-07 16:59:51,2023-03-02 09:21:25,M->M,unknown,
河北新闻广播,no_media,2023-03-02 09:21:25,2023-03-09 11:47:07,M->M,unknown,
河北新闻网,no_media,2021-02-20 15:38:26,2021-07-30 16:08:40,M->M,unknown,
河北新闻联播,no_media,2020-02-16 16:20:53,2020-02-18 14:54:41,M->M,unknown,
河北新闻联播,no_media,2020-02-18 14:54:41,2020-02-18 15:50:56,M->M,unknown,
河北新闻联播,no_media,2020-02-18 15:50:56,2020-02-20 15:23:20,M->M,unknown,
河北新闻联播,no_media,2020-02-20 15:23:20,2020-02-25 09:21:58,M->M,unknown,
河北新闻联播,no_media,2020-02-25 09:21:58,2020-03-18 17:29:22,M->M,unknown,
河北新闻联播,no_media,2020-03-18 17:29:22,2020-04-17 21:01:03,M->M,unknown,
河北新闻联播,no_media,2020-04-17 21:01:03,2020-08-03 12:27:55,M->M,unknown,
河北新闻联播,no_media,2020-08-03 12:27:55,2021-01-09 14:16:11,M->M,unknown,
河北新闻联播,no_media,2021-01-09 14:16:11,2021-01-22 16:54:25,M->M,unknown,
河北新闻联播,no_media,2021-01-22 16:54:25,2021-01-25 12:35:48,M->M,unknown,
河北新闻联播,no_media,2021-01-25 12:35:48,2021-02-02 13:19:56,M->M,unknown,
河北新闻联播,no_media,2021-02-02 13:19:56,2021-03-03 13:58:16,M->M,unknown,
河北新闻联播,no_media,2021-03-03 13:58:16,2021-03-03 15:40:52,M->M,unknown,
河北新闻联播,no_media,2021-03-03 15:40:52,2021-03-07 08:58:14,M->M,unknown,
河北新闻联播,no_media,2021-03-07 08:58:14,2022-04-19 08:17:55,M->M,unknown,
河北新闻联播,no_media,2022-04-19 08:17:55,2022-04-20 11:00:41,M->M,unknown,
河北新闻联播,no_media,2022-04-20 11:00:41,2022-04-24 08:18:40,M->M,unknown,
河北新闻联播,no_media,2022-04-24 08:18:40,2022-05-01 08:03:19,M->M,unknown,
河北法治报,no_media,2020-09-10 06:48:45,2021-02-20 23:05:47,M->M,unknown,
河北法治报,no_media,2021-02-20 23:05:47,2021-02-26 07:30:14,M->M,unknown,
河北法治报,no_media,2021-02-26 07:30:14,2021-04-09 15:02:07,M->M,unknown,
河北法治报,no_media,2021-04-09 15:02:07,2021-04-09 23:51:08,M->M,unknown,
河北法治报,no_media,2021-04-09 23:51:08,2021-12-19 11:13:55,M->M,unknown,
河北法治报,no_media,2021-12-19 11:13:55,2021-12-29 13:09:06,M->M,unknown,
河北法治报,no_media,2021-12-29 13:09:06,2022-03-09 21:59:00,M->M,unknown,
河北法治报,no_media,2022-03-09 21:59:00,2022-03-14 22:43:46,M->M,unknown,
河北法治报,no_media,2022-03-14 22:43:46,2022-03-21 12:13:20,M->M,unknown,
河北法治报,no_media,2022-03-21 12:13:20,2022-04-01 18:39:35,M->M,unknown,
河北法治报,no_media,2022-04-01 18:39:35,2022-04-17 17:59:37,M->M,unknown,
河北法治报,no_media,2022-04-17 17:59:37,2022-04-19 07:48:44,M->M,unknown,
河北法治报,no_media,2022-04-19 07:48:44,2022-04-22 07:49:06,M->M,unknown,
河北法治报,no_media,2022-04-22 07:49:06,2022-04-24 19:25:38,M->M,unknown,
河北法治报,no_media,2022-04-24 19:25:38,2022-04-25 12:22:35,M->M,unknown,
河北法治报,no_media,2022-04-25 12:22:35,2022-04-26 08:03:40,M->M,unknown,
河北法治报,no_media,2022-04-26 08:03:40,2022-05-01 11:13:39,M->M,unknown,
河北法治报,no_media,2022-05-01 11:13:39,2022-05-16 07:52:52,M->M,unknown,
河北法治报,no_media,2022-05-16 07:52:52,2022-11-18 23:29:48,M->M,unknown,
河北法治报,no_media,2022-11-18 23:29:48,2022-12-11 09:25:02,M->M,unknown,
河北长城网,no_media,2020-02-18 16:18:33,2020-02-20 10:25:00,M->M,unknown,
河北长城网,no_media,2020-02-20 10:25:00,2020-03-18 19:17:47,M->M,unknown,
河北长城网,no_media,2020-03-18 19:17:47,2020-05-28 09:06:14,M->M,unknown,
河北长城网,no_media,2020-05-28 09:06:14,2020-08-03 11:36:54,M->M,unknown,
河北长城网,no_media,2020-08-03 11:36:54,2020-09-09 21:36:27,M->M,unknown,
河北长城网,no_media,2020-09-09 21:36:27,2020-12-24 08:21:20,M->M,unknown,
河北长城网,no_media,2020-12-24 08:21:20,2021-01-08 11:19:09,M->M,unknown,
河北长城网,no_media,2021-01-08 11:19:09,2021-03-12 21:49:03,M->M,unknown,
河北长城网,no_media,2021-03-12 21:49:03,2021-03-29 17:45:01,M->M,unknown,
河北长城网,no_media,2021-03-29 17:45:01,2021-04-09 16:31:03,M->M,unknown,
河北长城网,no_media,2021-04-09 16:31:03,2021-04-14 20:30:03,M->M,unknown,
河北长城网,no_media,2021-04-14 20:30:03,2021-08-02 07:51:55,M->M,unknown,
河北长城网,no_media,2021-08-02 07:51:55,2021-12-29 11:36:02,M->M,unknown,
河北长城网,no_media,2021-12-29 11:36:02,2022-01-24 15:17:00,M->M,unknown,
河北长城网,no_media,2022-01-24 15:17:00,2022-01-25 18:08:29,M->M,unknown,
河北长城网,no_media,2022-01-25 18:08:29,2022-03-13 06:59:35,M->M,unknown,
河北长城网,no_media,2022-03-13 06:59:35,2022-03-21 12:13:05,M->M,unknown,
河北长城网,no_media,2022-03-21 12:13:05,2022-03-21 19:49:00,M->M,unknown,
河北长城网,no_media,2022-03-21 19:49:00,2022-04-01 12:29:42,M->M,unknown,
河北长城网,no_media,2022-04-01 12:29:42,2022-04-01 17:46:07,M->M,unknown,
河北长城网,no_media,2022-04-01 17:46:07,2022-04-06 18:49:00,M->M,unknown,
河北长城网,no_media,2022-04-06 18:49:00,2022-04-20 10:53:01,M->M,unknown,
河北长城网,no_media,2022-04-20 10:53:01,2022-04-27 13:29:26,M->M,unknown,
河北长城网,no_media,2022-04-27 13:29:26,2022-05-17 19:52:44,M->M,unknown,
河北长城网,no_media,2022-05-17 19:52:44,2022-11-27 09:10:02,M->M,unknown,
河北长城网,no_media,2022-11-27 09:10:02,2022-12-09 13:38:00,M->M,unknown,
河北长城网,no_media,2022-12-09 13:38:00,2022-12-11 11:17:00,M->M,unknown,
河北长城网,no_media,2022-12-11 11:17:00,2022-12-15 18:15:00,M->M,unknown,
河北长城网,no_media,2022-12-15 18:15:00,2022-12-19 12:20:01,M->M,unknown,
河北长城网,no_media,2022-12-19 12:20:01,2022-12-23 13:50:00,M->M,unknown,
河北长城网,no_media,2022-12-23 13:50:00,2022-12-24 20:55:00,M->M,unknown,
河北长城网,no_media,2022-12-24 20:55:00,2023-01-16 17:40:00,M->M,unknown,
河北长城网,no_media,2023-01-16 17:40:00,2023-01-25 14:52:00,M->M,unknown,
河南一骏,no_media,2022-12-19 19:09:00,2022-12-20 06:21:00,M->M,unknown,
河南政府网,no_media,2022-03-23 09:28:03,2022-05-05 16:39:18,M->M,unknown,
河南政府网,no_media,2022-05-05 16:39:18,2022-05-10 20:28:44,M->M,unknown,
河南政府网,no_media,2022-05-10 20:28:44,2022-10-13 19:03:34,M->M,unknown,
河南政府网,no_media,2022-10-13 19:03:34,2022-12-08 09:35:36,M->M,unknown,
河南政府网,no_media,2022-12-08 09:35:36,2022-12-15 19:17:57,M->M,unknown,
河南政府网,no_media,2022-12-15 19:17:57,2023-01-11 17:26:41,M->M,unknown,
河南政府网,no_media,2023-01-11 17:26:41,2023-03-01 16:48:03,M->M,unknown,
河南政府网,no_media,2023-03-01 16:48:03,2023-05-28 13:36:18,M->M,unknown,
河南日报农村版,no_media,2020-01-27 20:05:38,2020-07-06 15:50:57,M->M,unknown,
河南日报农村版,no_media,2020-07-06 15:50:57,2021-08-16 16:32:00,M->M,unknown,
河南日报农村版,no_media,2021-08-16 16:32:00,2021-08-18 10:49:45,M->M,unknown,
河南日报农村版,no_media,2021-08-18 10:49:45,2021-08-28 15:52:31,M->M,unknown,
河南日报农村版,no_media,2021-08-28 15:52:31,2021-08-28 15:52:47,M->M,unknown,
河南日报农村版,no_media,2021-08-28 15:52:47,2021-12-28 16:10:24,M->M,unknown,
河南日报农村版,no_media,2021-12-28 16:10:24,2022-01-07 19:22:15,M->M,unknown,
河南日报农村版,no_media,2022-01-07 19:22:15,2022-01-09 16:58:02,M->M,unknown,
河南日报农村版,no_media,2022-01-09 16:58:02,2022-01-17 15:44:05,M->M,unknown,
河南日报农村版,no_media,2022-01-17 15:44:05,2022-03-15 16:21:12,M->M,unknown,
河南日报农村版,no_media,2022-03-15 16:21:12,2022-03-20 12:16:43,M->M,unknown,
河南日报农村版,no_media,2022-03-20 12:16:43,2022-04-07 09:43:01,M->M,unknown,
河南日报农村版,no_media,2022-04-07 09:43:01,2022-05-03 20:45:06,M->M,unknown,
河南日报农村版,no_media,2022-05-03 20:45:06,2022-05-17 17:18:00,M->M,unknown,
河南日报农村版,no_media,2022-05-17 17:18:00,2022-05-18 17:04:46,M->M,unknown,
河南日报农村版,no_media,2022-05-18 17:04:46,2022-12-07 19:40:14,M->M,unknown,
河南日报农村版,no_media,2022-12-07 19:40:14,2022-12-07 19:40:15,M->M,unknown,
河南日报农村版,no_media,2022-12-07 19:40:15,2022-12-11 12:27:04,M->M,unknown,
河南日报农村版,no_media,2022-12-11 12:27:04,2023-03-24 10:11:05,M->M,unknown,
河南日报农村版,no_media,2023-03-24 10:11:05,2023-04-11 11:32:53,M->M,unknown,
法治日报,no_media,2020-02-15 07:56:03,2021-02-20 17:57:14,M->M,unknown,
法治日报,no_media,2021-02-20 17:57:14,2021-08-03 14:25:32,M->M,unknown,
法治日报,no_media,2021-08-03 14:25:32,2022-01-02 12:16:47,M->M,unknown,
法治日报,no_media,2022-01-02 12:16:47,2022-04-17 16:35:23,M->M,unknown,
法治日报,no_media,2022-04-17 16:35:23,2022-12-05 20:50:45,M->M,unknown,
法治日报,no_media,2022-12-05 20:50:45,2022-12-07 14:03:10,M->M,unknown,
法治日报,no_media,2022-12-07 14:03:10,2022-12-09 10:19:31,M->M,unknown,
法治日报,no_media,2022-12-09 10:19:31,2022-12-16 08:45:58,M->M,unknown,
法治日报,no_media,2022-12-16 08:45:58,2022-12-27 20:59:38,M->M,unknown,
法治日报,no_media,2022-12-27 20:59:38,2023-01-13 22:18:27,M->M,unknown,
法治日报,no_media,2023-01-13 22:18:27,2023-05-28 11:38:11,M->M,unknown,
法治日报,no_media,2023-05-28 11:38:11,2024-02-01 11:59:18,M->M,unknown,
泡财经APP,no_media,2022-06-01 01:23:46,2022-11-15 22:03:07,M->M,unknown,
泡财经APP,no_media,2022-11-15 22:03:07,2022-11-21 21:51:55,M->M,unknown,
泡财经APP,no_media,2022-11-21 21:51:55,2023-04-27 21:23:54,M->M,unknown,
泡财经APP,no_media,2023-04-27 21:23:54,2023-05-23 16:01:09,M->M,unknown,
泡财经APP,no_media,2023-05-23 16:01:09,2023-12-13 14:09:22,M->M,unknown,
泡财经APP,no_media,2023-12-13 14:09:22,2024-05-10 15:15:00,M->M,unknown,
波波的风吹到头疼,no_media,2023-06-22 12:04:00,2023-06-25 20:25:00,L->H,unknown,
泰安发布,no_media,2020-02-09 09:45:07,2021-06-13 09:24:32,M->M,unknown,
泰州发布,no_media,2021-01-07 20:39:11,2021-02-20 15:37:32,M->M,unknown,
泰州发布,no_media,2021-02-20 15:37:32,2022-03-14 15:00:00,M->M,unknown,
泰州发布,no_media,2022-03-14 15:00:00,2022-03-14 15:00:02,M->M,unknown,
泰州发布,no_media,2022-03-14 15:00:02,2022-03-14 16:45:00,M->M,unknown,
泰州发布,no_media,2022-03-14 16:45:00,2022-04-04 15:30:05,M->M,unknown,
泰州发布,no_media,2022-04-04 15:30:05,2022-10-14 11:24:39,M->M,unknown,
泰州发布,no_media,2022-10-14 11:24:39,2022-12-11 10:56:06,M->M,unknown,
泰州发布,no_media,2022-12-11 10:56:06,2022-12-15 20:40:01,M->M,unknown,
泰州发布,no_media,2022-12-15 20:40:01,2023-05-28 16:00:01,M->M,unknown,
津云,no_media,2020-02-06 13:00:03,2021-05-15 14:27:04,M->M,unknown,
津云,no_media,2021-05-15 14:27:04,2021-08-21 16:21:03,M->M,unknown,
津云,no_media,2021-08-21 16:21:03,2021-11-03 21:20:01,M->M,unknown,
津云,no_media,2021-11-03 21:20:01,2021-12-05 16:40:00,M->M,unknown,
津云,no_media,2021-12-05 16:40:00,2021-12-08 20:20:01,M->M,unknown,
津云,no_media,2021-12-08 20:20:01,2021-12-09 14:46:15,M->M,unknown,
津云,no_media,2021-12-09 14:46:15,2022-01-07 07:02:40,M->M,unknown,
津云,no_media,2022-01-07 07:02:40,2022-01-08 23:09:48,M->M,unknown,
津云,no_media,2022-01-08 23:09:48,2022-01-31 15:20:00,M->M,unknown,
津云,no_media,2022-01-31 15:20:00,2022-02-12 09:48:03,M->M,unknown,
津云,no_media,2022-02-12 09:48:03,2022-03-24 09:15:01,M->M,unknown,
津云,no_media,2022-03-24 09:15:01,2022-03-31 07:04:10,M->M,unknown,
津云,no_media,2022-03-31 07:04:10,2022-04-01 07:09:30,M->M,unknown,
津云,no_media,2022-04-01 07:09:30,2022-04-03 10:20:00,M->M,unknown,
津云,no_media,2022-04-03 10:20:00,2022-04-06 11:01:00,M->M,unknown,
津云,no_media,2022-04-06 11:01:00,2022-04-19 15:58:59,M->M,unknown,
津云,no_media,2022-04-19 15:58:59,2022-04-23 08:20:00,M->M,unknown,
津云,no_media,2022-04-23 08:20:00,2022-04-23 10:37:20,M->M,unknown,
津云,no_media,2022-04-23 10:37:20,2022-04-25 11:08:05,M->M,unknown,
津云,no_media,2022-04-25 11:08:05,2022-04-26 08:30:04,M->M,unknown,
津云,no_media,2022-04-26 08:30:04,2022-04-28 08:05:33,M->M,unknown,
津云,no_media,2022-04-28 08:05:33,2022-04-30 09:20:01,M->M,unknown,
津云,no_media,2022-04-30 09:20:01,2022-05-01 10:40:02,M->M,unknown,
津云,no_media,2022-05-01 10:40:02,2022-05-03 08:40:00,M->M,unknown,
津云,no_media,2022-05-03 08:40:00,2022-05-04 10:33:15,M->M,unknown,
津云,no_media,2022-05-04 10:33:15,2022-05-06 08:03:41,M->M,unknown,
津云,no_media,2022-05-06 08:03:41,2022-05-07 07:55:44,M->M,unknown,
津云,no_media,2022-05-07 07:55:44,2022-05-07 08:07:27,M->M,unknown,
津云,no_media,2022-05-07 08:07:27,2022-05-11 08:45:00,M->M,unknown,
津云,no_media,2022-05-11 08:45:00,2022-05-12 08:45:00,M->M,unknown,
津云,no_media,2022-05-12 08:45:00,2022-05-13 07:53:56,M->M,unknown,
津云,no_media,2022-05-13 07:53:56,2022-05-14 08:32:39,M->M,unknown,
津云,no_media,2022-05-14 08:32:39,2022-05-15 07:50:20,M->M,unknown,
津云,no_media,2022-05-15 07:50:20,2022-05-16 07:48:53,M->M,unknown,
津云,no_media,2022-05-16 07:48:53,2022-05-18 08:45:00,M->M,unknown,
津云,no_media,2022-05-18 08:45:00,2022-05-22 08:40:01,M->M,unknown,
津云,no_media,2022-05-22 08:40:01,2022-07-05 20:12:33,M->M,unknown,
津云,no_media,2022-07-05 20:12:33,2022-07-05 22:12:38,M->M,unknown,
津云,no_media,2022-07-05 22:12:38,2022-12-07 13:26:04,M->M,unknown,
津云,no_media,2022-12-07 13:26:04,2022-12-08 23:02:01,M->M,unknown,
津云,no_media,2022-12-08 23:02:01,2022-12-09 07:40:01,M->M,unknown,
津云,no_media,2022-12-09 07:40:01,2022-12-09 09:00:09,M->M,unknown,
津云,no_media,2022-12-09 09:00:09,2022-12-15 17:20:02,M->M,unknown,
津云,no_media,2022-12-15 17:20:02,2022-12-16 11:20:00,M->H,unknown,
津云,no_media,2022-12-16 11:20:00,2022-12-16 20:47:37,H->M,unknown,
津云,no_media,2022-12-16 20:47:37,2022-12-27 07:51:56,M->M,unknown,
津云,no_media,2022-12-27 07:51:56,2022-12-27 08:00:24,M->M,unknown,
津云,no_media,2022-12-27 08:00:24,2022-12-30 14:20:01,M->M,unknown,
津云,no_media,2022-12-30 14:20:01,2022-12-31 09:40:01,M->M,unknown,
津云,no_media,2022-12-31 09:40:01,2023-01-18 15:17:27,M->M,unknown,
津云,no_media,2023-01-18 15:17:27,2023-03-05 17:01:06,M->M,unknown,
津云,no_media,2023-03-05 17:01:06,2023-05-28 12:30:00,M->M,unknown,
津云新闻,mainstream_only,2020-02-15 09:05:20,2020-02-20 08:59:03,M->M,norisk,0.0
津云新闻,mainstream_only,2020-02-20 08:59:03,2020-02-20 11:15:03,M->M,norisk,0.5
津云新闻,mainstream_only,2020-02-20 11:15:03,2020-03-01 14:15:03,M->M,norisk,0.5
津云新闻,mainstream_only,2020-03-01 14:15:03,2020-03-05 21:01:03,M->M,risk,1.0
津云新闻,mainstream_only,2020-03-05 21:01:03,2020-03-24 18:45:03,M->M,norisk,0.0
津云新闻,mainstream_only,2020-03-24 18:45:03,2020-04-12 13:15:03,M->M,norisk,0.0
津云新闻,mainstream_only,2020-04-12 13:15:03,2020-05-26 21:05:03,M->M,norisk,0.0
津云新闻,mainstream_only,2020-05-26 21:05:03,2020-05-28 10:15:03,M->M,norisk,0.0
津云新闻,mainstream_only,2020-05-28 10:15:03,2020-06-24 22:20:03,M->M,norisk,0.0
津云新闻,mainstream_only,2020-06-24 22:20:03,2020-10-10 08:38:35,M->M,norisk,0.0
津云新闻,mainstream_only,2020-10-10 08:38:35,2020-12-21 21:13:03,M->M,norisk,0.0
津云新闻,mainstream_only,2020-12-21 21:13:03,2021-01-07 21:42:23,M->M,norisk,0.0
津云新闻,mainstream_only,2021-01-07 21:42:23,2021-01-22 16:32:47,M->M,norisk,0.0
津云新闻,mainstream_only,2021-01-22 16:32:47,2021-02-21 21:19:16,M->M,norisk,0.0
津云新闻,mainstream_only,2021-02-21 21:19:16,2021-03-15 13:20:03,M->M,norisk,0.0
津云新闻,mainstream_only,2021-03-15 13:20:03,2021-03-25 18:40:03,M->M,norisk,0.0
津云新闻,mainstream_only,2021-03-25 18:40:03,2021-04-06 15:20:03,M->M,norisk,0.0
津云新闻,mainstream_only,2021-04-06 15:20:03,2021-04-21 20:14:29,M->M,norisk,0.0
津云新闻,mainstream_only,2021-04-21 20:14:29,2021-08-03 18:40:03,M->M,norisk,0.0
津云新闻,mainstream_only,2021-08-03 18:40:03,2021-10-28 19:40:00,M->M,norisk,0.0
津云新闻,mainstream_only,2021-10-28 19:40:00,2022-03-23 15:17:44,M->M,norisk,0.0
津云新闻,mainstream_only,2022-03-23 15:17:44,2022-03-24 20:40:00,M->M,norisk,0.0
津云新闻,mainstream_only,2022-03-24 20:40:00,2022-04-04 14:24:00,M->M,norisk,0.0
津云新闻,mainstream_only,2022-04-04 14:24:00,2022-04-09 19:00:04,M->M,norisk,0.0
津云新闻,mainstream_only,2022-04-09 19:00:04,2022-04-23 08:20:00,M->M,norisk,0.0
津云新闻,mainstream_only,2022-04-23 08:20:00,2022-04-25 09:00:05,M->M,norisk,0.0
津云新闻,mainstream_only,2022-04-25 09:00:05,2022-04-26 09:00:03,M->M,risk,1.0
津云新闻,mainstream_only,2022-04-26 09:00:03,2022-04-28 08:40:00,M->M,norisk,0.0
津云新闻,mainstream_only,2022-04-28 08:40:00,2022-04-30 09:30:00,M->M,risk,1.0
津云新闻,mainstream_only,2022-04-30 09:30:00,2022-05-01 10:41:00,M->M,norisk,0.0
津云新闻,mainstream_only,2022-05-01 10:41:00,2022-05-02 13:40:01,M->M,risk,1.0
津云新闻,mainstream_only,2022-05-02 13:40:01,2022-05-09 09:20:01,M->M,risk,1.0
津云新闻,mainstream_only,2022-05-09 09:20:01,2022-05-10 09:20:01,M->M,norisk,0.0
津云新闻,mainstream_only,2022-05-10 09:20:01,2022-05-11 09:20:00,M->M,norisk,0.0
津云新闻,mainstream_only,2022-05-11 09:20:00,2022-05-16 09:00:03,M->M,risk,1.0
津云新闻,mainstream_only,2022-05-16 09:00:03,2022-05-20 21:28:00,M->M,norisk,0.0
津云新闻,mainstream_only,2022-05-20 21:28:00,2022-05-26 08:40:01,M->M,norisk,0.0
津云新闻,mainstream_only,2022-05-26 08:40:01,2022-07-05 20:15:54,M->M,norisk,0.0
津云新闻,mainstream_only,2022-07-05 20:15:54,2022-07-05 22:18:00,M->M,norisk,0.0
津云新闻,mainstream_only,2022-07-05 22:18:00,2022-08-25 16:20:03,M->M,norisk,0.0
津云新闻,mainstream_only,2022-08-25 16:20:03,2022-11-10 11:00:01,M->M,norisk,0.0
津云新闻,mainstream_only,2022-11-10 11:00:01,2022-12-06 15:00:03,M->M,norisk,0.0
津云新闻,mainstream_only,2022-12-06 15:00:03,2022-12-07 13:31:08,M->M,norisk,0.0
津云新闻,mainstream_only,2022-12-07 13:31:08,2022-12-08 23:02:14,M->M,norisk,0.0
津云新闻,mainstream_only,2022-12-08 23:02:14,2022-12-16 11:20:01,M->H,norisk,0.0
津云新闻,mainstream_only,2022-12-16 11:20:01,2022-12-16 21:00:03,H->M,norisk,0.5
津云新闻,mainstream_only,2022-12-16 21:00:03,2022-12-18 16:18:29,M->M,norisk,0.5
津云新闻,mainstream_only,2022-12-18 16:18:29,2022-12-21 22:40:02,M->M,norisk,0.0
津云新闻,mainstream_only,2022-12-21 22:40:02,2022-12-26 17:20:00,M->M,norisk,0.0
津云新闻,mainstream_only,2022-12-26 17:20:00,2022-12-27 09:00:01,M->M,norisk,0.0
津云新闻,mainstream_only,2022-12-27 09:00:01,2022-12-31 10:20:00,M->M,norisk,0.0
津云新闻,mainstream_only,2022-12-31 10:20:00,2023-01-02 21:20:00,M->M,risk,1.0
津云新闻,mainstream_only,2023-01-02 21:20:00,2023-01-03 07:40:00,M->M,risk,1.0
津云新闻,mainstream_only,2023-01-03 07:40:00,2023-01-03 20:25:30,M->M,norisk,0.5
津云新闻,mainstream_only,2023-01-03 20:25:30,2023-03-02 14:20:01,M->M,norisk,0.5
津云新闻,mainstream_only,2023-03-02 14:20:01,2023-05-28 18:55:00,M->M,norisk,0.0
活泼的小白羊_,no_media,2021-11-25 08:57:00,2022-03-14 14:37:00,H->M,unknown,
浅禾聊人物,no_media,2023-01-28 22:15:00,2023-01-29 11:44:00,L->L,unknown,
济南日报,no_media,2020-03-02 19:37:03,2020-03-06 21:27:03,M->M,unknown,
济南日报,no_media,2020-03-06 21:27:03,2020-08-06 11:00:03,M->M,unknown,
济南日报,no_media,2020-08-06 11:00:03,2020-11-04 15:39:39,M->M,unknown,
济南日报,no_media,2020-11-04 15:39:39,2021-01-08 07:09:51,M->M,unknown,
济南日报,no_media,2021-01-08 07:09:51,2021-03-24 09:48:47,M->M,unknown,
济南日报,no_media,2021-03-24 09:48:47,2021-03-26 10:51:03,M->M,unknown,
济南日报,no_media,2021-03-26 10:51:03,2021-04-06 19:26:03,M->M,unknown,
济南日报,no_media,2021-04-06 19:26:03,2021-04-13 12:45:03,M->M,unknown,
济南日报,no_media,2021-04-13 12:45:03,2021-07-16 07:24:16,M->M,unknown,
济南日报,no_media,2021-07-16 07:24:16,2022-01-27 09:03:25,M->M,unknown,
济南日报,no_media,2022-01-27 09:03:25,2022-04-02 16:06:50,M->M,unknown,
济南日报,no_media,2022-04-02 16:06:50,2022-04-04 14:31:11,M->M,unknown,
济南日报,no_media,2022-04-04 14:31:11,2022-04-18 08:27:00,M->M,unknown,
济南日报,no_media,2022-04-18 08:27:00,2022-04-26 15:43:30,M->M,unknown,
济南日报,no_media,2022-04-26 15:43:30,2022-05-01 08:41:59,M->M,unknown,
济南日报,no_media,2022-05-01 08:41:59,2022-08-04 14:42:01,M->M,unknown,
济南日报,no_media,2022-08-04 14:42:01,2022-08-25 15:52:28,M->M,unknown,
济南日报,no_media,2022-08-25 15:52:28,2022-12-07 13:55:29,M->M,unknown,
济南日报,no_media,2022-12-07 13:55:29,2022-12-08 12:10:54,M->M,unknown,
济南日报,no_media,2022-12-08 12:10:54,2022-12-15 19:20:35,M->M,unknown,
济南日报,no_media,2022-12-15 19:20:35,2022-12-18 17:08:47,M->M,unknown,
济南日报,no_media,2022-12-18 17:08:47,2022-12-19 07:38:04,M->M,unknown,
济南日报,no_media,2022-12-19 07:38:04,2023-01-02 17:37:55,M->M,unknown,
济南日报,no_media,2023-01-02 17:37:55,2023-01-18 16:13:56,M->M,unknown,
济南日报,no_media,2023-01-18 16:13:56,2023-01-21 14:12:37,M->M,unknown,
济南日报,no_media,2023-01-21 14:12:37,2023-06-24 20:00:23,M->M,unknown,
济南都市频道,no_media,2021-01-11 10:24:15,2021-01-17 11:46:40,M->M,unknown,
济南都市频道,no_media,2021-01-17 11:46:40,2021-09-01 09:17:13,M->M,unknown,
济南都市频道,no_media,2021-09-01 09:17:13,2021-10-31 09:16:02,M->M,unknown,
济南都市频道,no_media,2021-10-31 09:16:02,2021-12-24 16:31:39,M->M,unknown,
济南都市频道,no_media,2021-12-24 16:31:39,2022-01-24 17:59:11,M->M,unknown,
济南都市频道,no_media,2022-01-24 17:59:11,2022-01-28 13:14:38,M->M,unknown,
济宁市全媒体辟谣平台,no_media,2022-12-28 09:24:35,2023-01-03 11:09:53,M->M,unknown,
济宁新闻网,no_media,2021-02-23 10:30:03,2021-03-04 09:00:08,M->M,unknown,
济宁新闻网,no_media,2021-03-04 09:00:08,2021-03-10 11:00:03,M->M,unknown,
济宁新闻网,no_media,2021-03-10 11:00:03,2021-03-25 13:38:53,M->M,unknown,
济宁新闻网,no_media,2021-03-25 13:38:53,2021-03-30 11:00:04,M->M,unknown,
济宁新闻网,no_media,2021-03-30 11:00:04,2021-04-07 09:04:35,M->M,unknown,
济宁新闻网,no_media,2021-04-07 09:04:35,2021-04-17 11:45:11,M->M,unknown,
济宁新闻网,no_media,2021-04-17 11:45:11,2021-09-26 17:22:12,M->M,unknown,
济宁新闻网,no_media,2021-09-26 17:22:12,2021-10-18 10:57:38,M->M,unknown,
济宁新闻网,no_media,2021-10-18 10:57:38,2022-09-05 10:27:57,M->M,unknown,
济宁新闻网,no_media,2022-09-05 10:27:57,2022-09-07 09:00:01,M->M,unknown,
济宁新闻网,no_media,2022-09-07 09:00:01,2022-10-09 21:40:02,M->M,unknown,
济宁新闻网,no_media,2022-10-09 21:40:02,2022-10-10 15:00:02,M->M,unknown,
济宁新闻网,no_media,2022-10-10 15:00:02,2022-10-20 08:42:51,M->M,unknown,
济宁新闻网,no_media,2022-10-20 08:42:51,2022-10-27 10:05:00,M->M,unknown,
济宁新闻网,no_media,2022-10-27 10:05:00,2022-11-03 15:03:43,M->M,unknown,
济宁新闻网,no_media,2022-11-03 15:03:43,2022-12-04 13:06:53,M->M,unknown,
济宁新闻网,no_media,2022-12-04 13:06:53,2022-12-04 13:07:44,M->M,unknown,
济宁新闻网,no_media,2022-12-04 13:07:44,2022-12-07 21:15:10,M->M,unknown,
济宁新闻网,no_media,2022-12-07 21:15:10,2022-12-08 09:01:44,M->M,unknown,
济宁新闻网,no_media,2022-12-08 09:01:44,2022-12-08 11:15:57,M->M,unknown,
济宁新闻网,no_media,2022-12-08 11:15:57,2022-12-08 12:20:29,M->M,unknown,
济宁新闻网,no_media,2022-12-08 12:20:29,2022-12-08 12:20:55,M->M,unknown,
济宁新闻网,no_media,2022-12-08 12:20:55,2022-12-14 20:34:59,M->M,unknown,
济宁新闻网,no_media,2022-12-14 20:34:59,2022-12-17 11:38:18,M->M,unknown,
济宁新闻网,no_media,2022-12-17 11:38:18,2022-12-17 19:52:35,M->M,unknown,
济宁新闻网,no_media,2022-12-17 19:52:35,2022-12-19 09:30:14,M->M,unknown,
济宁新闻网,no_media,2022-12-19 09:30:14,2022-12-20 13:35:30,M->M,unknown,
济宁新闻网,no_media,2022-12-20 13:35:30,2022-12-28 22:33:50,M->M,unknown,
济宁新闻网,no_media,2022-12-28 22:33:50,2022-12-31 18:06:18,M->M,unknown,
济宁新闻网,no_media,2022-12-31 18:06:18,2023-01-03 13:58:07,M->M,unknown,
济宁新闻网,no_media,2023-01-03 13:58:07,2023-01-10 16:18:59,M->M,unknown,
济宁新闻网,no_media,2023-01-10 16:18:59,2023-01-13 10:29:42,M->M,unknown,
济宁新闻网,no_media,2023-01-13 10:29:42,2023-01-18 18:06:42,M->M,unknown,
济宁新闻网,no_media,2023-01-18 18:06:42,2023-03-02 16:01:23,M->M,unknown,
济宁新闻网,no_media,2023-03-02 16:01:23,2023-03-02 17:42:07,M->M,unknown,
济宁新闻网,no_media,2023-03-02 17:42:07,2023-03-03 13:37:26,M->M,unknown,
济宁新闻网,no_media,2023-03-03 13:37:26,2023-03-20 20:56:46,M->M,unknown,
济宁新闻网,no_media,2023-03-20 20:56:46,2023-06-18 15:36:06,M->M,unknown,
济宁新闻网,no_media,2023-06-18 15:36:06,2023-12-12 15:29:00,M->M,unknown,
济宁新闻网,no_media,2023-12-12 15:29:00,2024-02-04 16:46:27,M->M,unknown,
济宁新闻网,no_media,2024-02-04 16:46:27,2024-02-20 10:35:37,M->M,unknown,
济宁新闻网,no_media,2024-02-20 10:35:37,2024-02-23 10:31:32,M->M,unknown,
济报鲁中,no_media,2021-04-11 13:00:44,2021-06-08 15:24:17,M->M,unknown,
济报鲁中,no_media,2021-06-08 15:24:17,2021-06-10 16:53:16,M->M,unknown,
济报鲁中,no_media,2021-06-10 16:53:16,2021-07-30 21:30:39,M->M,unknown,
济报鲁中,no_media,2021-07-30 21:30:39,2021-08-29 13:24:52,M->M,unknown,
济报鲁中,no_media,2021-08-29 13:24:52,2021-10-12 15:23:53,M->M,unknown,
济报鲁中,no_media,2021-10-12 15:23:53,2021-10-25 16:20:31,M->M,unknown,
济报鲁中,no_media,2021-10-25 16:20:31,2021-12-03 10:19:19,M->M,unknown,
济报鲁中,no_media,2021-12-03 10:19:19,2021-12-19 14:46:57,M->M,unknown,
济报鲁中,no_media,2021-12-19 14:46:57,2021-12-21 10:18:58,M->M,unknown,
济报鲁中,no_media,2021-12-21 10:18:58,2021-12-24 16:12:40,M->M,unknown,
济报鲁中,no_media,2021-12-24 16:12:40,2021-12-31 16:35:38,M->M,unknown,
济报鲁中,no_media,2021-12-31 16:35:38,2022-03-17 11:23:32,M->M,unknown,
济报鲁中,no_media,2022-03-17 11:23:32,2022-04-07 16:51:55,M->M,unknown,
济报鲁中,no_media,2022-04-07 16:51:55,2022-07-11 10:54:05,M->M,unknown,
济报鲁中,no_media,2022-07-11 10:54:05,2022-07-20 10:58:26,M->M,unknown,
济报鲁中,no_media,2022-07-20 10:58:26,2022-09-07 10:24:33,M->M,unknown,
济报鲁中,no_media,2022-09-07 10:24:33,2022-12-16 10:09:47,M->M,unknown,
济报鲁中,no_media,2022-12-16 10:09:47,2022-12-19 11:26:34,M->M,unknown,
济报鲁中,no_media,2022-12-19 11:26:34,2022-12-19 11:27:31,M->M,unknown,
济报鲁中,no_media,2022-12-19 11:27:31,2022-12-23 12:55:22,M->M,unknown,
济报鲁中,no_media,2022-12-23 12:55:22,2022-12-30 11:14:01,M->M,unknown,
济报鲁中,no_media,2022-12-30 11:14:01,2023-01-20 09:15:06,M->M,unknown,
济报鲁中,no_media,2023-01-20 09:15:06,2023-03-02 09:47:32,M->M,unknown,
济报鲁中,no_media,2023-03-02 09:47:32,2023-05-18 14:44:31,M->M,unknown,
济报鲁中,no_media,2023-05-18 14:44:31,2023-05-30 14:31:49,M->M,unknown,
济报鲁中,no_media,2023-05-30 14:31:49,2023-11-22 14:58:28,M->M,unknown,
浙江在线,no_media,2020-02-17 17:02:55,2020-02-19 11:20:03,M->M,unknown,
浙江在线,no_media,2020-02-19 11:20:03,2020-02-20 10:13:26,M->M,unknown,
浙江在线,no_media,2020-02-20 10:13:26,2020-03-05 20:50:03,M->M,unknown,
浙江在线,no_media,2020-03-05 20:50:03,2020-03-24 23:13:03,M->M,unknown,
浙江在线,no_media,2020-03-24 23:13:03,2020-04-23 15:53:00,M->M,unknown,
浙江在线,no_media,2020-04-23 15:53:00,2020-06-12 10:05:03,M->M,unknown,
浙江在线,no_media,2020-06-12 10:05:03,2021-07-29 13:58:21,M->M,unknown,
浙江在线,no_media,2021-07-29 13:58:21,2021-08-03 10:43:27,M->M,unknown,
浙江在线,no_media,2021-08-03 10:43:27,2021-09-19 11:48:11,M->M,unknown,
浙江在线,no_media,2021-09-19 11:48:11,2022-04-26 09:28:59,M->M,unknown,
浙江在线,no_media,2022-04-26 09:28:59,2022-12-05 08:35:52,M->M,unknown,
浙江在线,no_media,2022-12-05 08:35:52,2022-12-05 19:05:59,M->M,unknown,
浙江在线,no_media,2022-12-05 19:05:59,2022-12-07 13:43:14,M->M,unknown,
浙江在线,no_media,2022-12-07 13:43:14,2022-12-11 14:43:58,M->M,unknown,
浙江在线,no_media,2022-12-11 14:43:58,2022-12-15 16:11:15,M->M,unknown,
浙江在线,no_media,2022-12-15 16:11:15,2023-01-11 14:13:21,M->M,unknown,
浙江在线,no_media,2023-01-11 14:13:21,2023-01-16 11:13:33,M->M,unknown,
浦东发布,wemedia_only,2020-02-16 14:27:41,2020-02-20 08:56:15,M->M,risk,1.0
浦东发布,wemedia_only,2020-02-20 08:56:15,2020-03-18 19:00:50,M->M,risk,1.0
浦东发布,wemedia_only,2020-03-18 19:00:50,2020-05-20 14:15:52,M->M,norisk,0.0
浦东发布,wemedia_only,2020-05-20 14:15:52,2020-07-28 13:38:03,M->M,norisk,0.0
浦东发布,wemedia_only,2020-07-28 13:38:03,2021-04-08 17:03:00,M->M,norisk,0.0
浦东发布,wemedia_only,2021-04-08 17:03:00,2021-05-18 09:16:02,M->M,norisk,0.0
浦东发布,wemedia_only,2021-05-18 09:16:02,2021-07-17 19:35:53,M->M,norisk,0.0
浦东发布,wemedia_only,2021-07-17 19:35:53,2021-08-03 14:55:28,M->M,norisk,0.0
浦东发布,wemedia_only,2021-08-03 14:55:28,2021-12-03 22:06:52,M->M,norisk,0.0
浦东发布,wemedia_only,2021-12-03 22:06:52,2021-12-10 20:44:14,M->M,norisk,0.0
浦东发布,wemedia_only,2021-12-10 20:44:14,2021-12-11 21:07:23,M->M,norisk,0.0
浦东发布,wemedia_only,2021-12-11 21:07:23,2022-04-19 10:34:08,M->M,norisk,0.0
浦东发布,wemedia_only,2022-04-19 10:34:08,2022-05-01 10:33:29,M->M,norisk,0.0
浦东发布,wemedia_only,2022-05-01 10:33:29,2022-05-06 12:39:02,M->M,norisk,0.0
浦东发布,wemedia_only,2022-05-06 12:39:02,2022-05-15 10:48:48,M->M,norisk,0.0
浦东发布,wemedia_only,2022-05-15 10:48:48,2022-05-16 12:19:58,M->M,norisk,0.0
浦东发布,wemedia_only,2022-05-16 12:19:58,2022-05-18 10:21:56,M->M,norisk,0.0
浦东发布,wemedia_only,2022-05-18 10:21:56,2022-05-22 10:30:20,M->M,norisk,0.0
浦东发布,wemedia_only,2022-05-22 10:30:20,2022-05-24 10:19:09,M->M,norisk,0.0
浦东发布,wemedia_only,2022-05-24 10:19:09,2022-06-05 15:15:47,M->M,norisk,0.0
浦东发布,wemedia_only,2022-06-05 15:15:47,2022-06-23 18:15:57,M->M,norisk,0.0
浦东发布,wemedia_only,2022-06-23 18:15:57,2022-06-26 19:40:01,M->M,norisk,0.0
浦东发布,wemedia_only,2022-06-26 19:40:01,2022-07-24 09:33:14,M->M,norisk,0.0
浦东发布,wemedia_only,2022-07-24 09:33:14,2022-07-28 18:25:00,M->M,norisk,0.0
浦东发布,wemedia_only,2022-07-28 18:25:00,2022-11-15 08:54:13,M->M,norisk,0.0
浦东发布,wemedia_only,2022-11-15 08:54:13,2022-12-08 14:27:05,M->M,norisk,0.0
浦东发布,wemedia_only,2022-12-08 14:27:05,2022-12-08 14:44:53,M->M,norisk,0.0
浦东发布,wemedia_only,2022-12-08 14:44:53,2022-12-15 20:33:53,M->M,norisk,0.0
浦东发布,wemedia_only,2022-12-15 20:33:53,2022-12-16 16:58:51,M->M,norisk,0.0
浦东发布,wemedia_only,2022-12-16 16:58:51,2022-12-20 14:21:27,M->M,norisk,0.0
浦东发布,wemedia_only,2022-12-20 14:21:27,2022-12-21 11:18:23,M->M,norisk,0.0
浦东发布,wemedia_only,2022-12-21 11:18:23,2022-12-27 15:08:43,M->M,risk,1.0
浦东发布,wemedia_only,2022-12-27 15:08:43,2023-01-20 09:22:08,M->M,risk,1.0
浦东发布,wemedia_only,2023-01-20 09:22:08,2023-03-05 18:29:01,M->M,norisk,0.0
浦东时报,no_media,2020-02-05 08:54:10,2020-02-20 04:10:32,M->M,unknown,
浦东时报,no_media,2020-02-20 04:10:32,2020-05-20 22:00:43,M->M,unknown,
浦东时报,no_media,2020-05-20 22:00:43,2021-05-18 13:55:19,M->M,unknown,
浦江发布,no_media,2020-12-03 10:24:03,2021-01-25 11:50:03,M->M,unknown,
浦江发布,no_media,2021-01-25 11:50:03,2021-04-02 13:07:03,M->M,unknown,
浦江发布,no_media,2021-04-02 13:07:03,2022-11-28 11:26:57,M->M,unknown,
浦江发布,no_media,2022-11-28 11:26:57,2022-12-09 23:40:01,M->M,unknown,
浦江发布,no_media,2022-12-09 23:40:01,2022-12-09 23:50:01,M->M,unknown,
浦江发布,no_media,2022-12-09 23:50:01,2022-12-10 00:30:02,M->M,unknown,
浦江发布,no_media,2022-12-10 00:30:02,2022-12-10 10:00:02,M->M,unknown,
浦江发布,no_media,2022-12-10 10:00:02,2022-12-13 18:00:01,M->M,unknown,
浦江发布,no_media,2022-12-13 18:00:01,2022-12-15 16:00:00,M->M,unknown,
浦江发布,no_media,2022-12-15 16:00:00,2022-12-16 11:00:04,M->M,unknown,
浦江发布,no_media,2022-12-16 11:00:04,2022-12-22 11:00:02,M->M,unknown,
浦江发布,no_media,2022-12-22 11:00:02,2022-12-28 10:00:04,M->M,unknown,
浦江发布,no_media,2022-12-28 10:00:04,2022-12-29 17:00:05,M->M,unknown,
浦江发布,no_media,2022-12-29 17:00:05,2023-02-17 18:00:03,M->M,unknown,
浦江发布,no_media,2023-02-17 18:00:03,2023-03-13 22:20:01,M->M,unknown,
浦江发布,no_media,2023-03-13 22:20:01,2023-05-20 11:00:01,M->M,unknown,
海东日报社,no_media,2020-03-31 09:33:22,2020-04-07 09:23:53,M->M,unknown,
海东日报社,no_media,2020-04-07 09:23:53,2020-06-24 09:01:19,M->M,unknown,
海东日报社,no_media,2020-06-24 09:01:19,2020-10-14 09:20:03,M->M,unknown,
海东日报社,no_media,2020-10-14 09:20:03,2021-01-21 09:07:04,M->M,unknown,
海东日报社,no_media,2021-01-21 09:07:04,2022-03-03 09:26:05,M->M,unknown,
海南广播电视总台微博,no_media,2020-02-18 17:30:59,2020-02-21 14:47:59,M->M,unknown,
海南广播电视总台微博,no_media,2020-02-21 14:47:59,2020-03-03 10:43:40,M->M,unknown,
海南广播电视总台微博,no_media,2020-03-03 10:43:40,2020-04-23 19:04:40,M->M,unknown,
海南广播电视总台微博,no_media,2020-04-23 19:04:40,2020-04-27 16:27:46,M->M,unknown,
海南广播电视总台微博,no_media,2020-04-27 16:27:46,2020-05-08 20:20:00,M->M,unknown,
海南广播电视总台微博,no_media,2020-05-08 20:20:00,2020-06-24 17:57:37,M->M,unknown,
海南广播电视总台微博,no_media,2020-06-24 17:57:37,2020-07-17 10:34:10,M->M,unknown,
海南广播电视总台微博,no_media,2020-07-17 10:34:10,2020-11-13 21:21:00,M->M,unknown,
海南广播电视总台微博,no_media,2020-11-13 21:21:00,2020-11-16 15:33:49,M->M,unknown,
海南广播电视总台微博,no_media,2020-11-16 15:33:49,2020-11-28 11:09:41,M->M,unknown,
海南广播电视总台微博,no_media,2020-11-28 11:09:41,2020-11-29 14:06:52,M->M,unknown,
海南广播电视总台微博,no_media,2020-11-29 14:06:52,2021-02-03 11:58:11,M->M,unknown,
海南广播电视总台微博,no_media,2021-02-03 11:58:11,2021-06-10 19:02:14,M->M,unknown,
海南广播电视总台微博,no_media,2021-06-10 19:02:14,2021-09-17 11:12:32,M->M,unknown,
海南广播电视总台微博,no_media,2021-09-17 11:12:32,2021-11-08 19:24:05,M->M,unknown,
海南广播电视总台微博,no_media,2021-11-08 19:24:05,2023-01-03 23:11:54,M->M,unknown,
海南广播电视总台微博,no_media,2023-01-03 23:11:54,2023-04-11 10:32:37,M->M,unknown,
海南文旅频道,no_media,2022-12-15 08:59:09,2022-12-23 17:10:27,M->M,unknown,
海南文旅频道,no_media,2022-12-23 17:10:27,2022-12-24 11:29:30,M->M,unknown,
海南文旅频道,no_media,2022-12-24 11:29:30,2022-12-25 19:47:27,M->M,unknown,
海南文旅频道,no_media,2022-12-25 19:47:27,2022-12-30 21:10:50,M->M,unknown,
海南文旅频道,no_media,2022-12-30 21:10:50,2022-12-31 08:32:14,M->M,unknown,
海南文旅频道,no_media,2022-12-31 08:32:14,2022-12-31 12:10:52,M->M,unknown,
海南文旅频道,no_media,2022-12-31 12:10:52,2022-12-31 12:11:46,M->M,unknown,
海南文旅频道,no_media,2022-12-31 12:11:46,2022-12-31 18:12:16,M->M,unknown,
海南文旅频道,no_media,2022-12-31 18:12:16,2023-01-02 08:42:27,M->M,unknown,
海南文旅频道,no_media,2023-01-02 08:42:27,2023-01-02 12:44:03,M->M,unknown,
海南文旅频道,no_media,2023-01-02 12:44:03,2023-01-03 19:04:32,M->M,unknown,
海南文旅频道,no_media,2023-01-03 19:04:32,2023-01-03 19:06:13,M->M,unknown,
海南文旅频道,no_media,2023-01-03 19:06:13,2023-01-03 19:07:01,M->M,unknown,
海南文旅频道,no_media,2023-01-03 19:07:01,2023-01-04 11:10:39,M->M,unknown,
海南文旅频道,no_media,2023-01-04 11:10:39,2023-01-04 11:11:32,M->M,unknown,
海南文旅频道,no_media,2023-01-04 11:11:32,2023-01-05 07:54:41,M->M,unknown,
海南文旅频道,no_media,2023-01-05 07:54:41,2023-01-05 07:55:43,M->M,unknown,
海南文旅频道,no_media,2023-01-05 07:55:43,2023-01-05 15:02:18,M->M,unknown,
海南文旅频道,no_media,2023-01-05 15:02:18,2023-01-06 17:01:43,M->M,unknown,
海南文旅频道,no_media,2023-01-06 17:01:43,2023-01-07 16:06:55,M->M,unknown,
海南文旅频道,no_media,2023-01-07 16:06:55,2023-01-07 16:10:52,M->M,unknown,
海南文旅频道,no_media,2023-01-07 16:10:52,2023-01-07 19:38:14,M->M,unknown,
海南文旅频道,no_media,2023-01-07 19:38:14,2023-01-07 19:43:16,M->M,unknown,
海南文旅频道,no_media,2023-01-07 19:43:16,2023-01-07 22:40:41,M->M,unknown,
海南文旅频道,no_media,2023-01-07 22:40:41,2023-01-08 13:59:54,M->M,unknown,
海南文旅频道,no_media,2023-01-08 13:59:54,2023-01-10 10:22:50,M->M,unknown,
海南文旅频道,no_media,2023-01-10 10:22:50,2023-01-13 21:51:26,M->M,unknown,
海南文旅频道,no_media,2023-01-13 21:51:26,2023-01-15 18:01:19,M->M,unknown,
海南文旅频道,no_media,2023-01-15 18:01:19,2023-01-17 14:37:30,M->M,unknown,
海南文旅频道,no_media,2023-01-17 14:37:30,2023-01-18 19:31:28,M->M,unknown,
海南文旅频道,no_media,2023-01-18 19:31:28,2023-01-18 19:36:51,M->M,unknown,
海南文旅频道,no_media,2023-01-18 19:36:51,2023-01-19 23:21:50,M->M,unknown,
海南文旅频道,no_media,2023-01-19 23:21:50,2023-01-28 11:21:41,M->M,unknown,
海南文旅频道,no_media,2023-01-28 11:21:41,2023-01-29 10:29:53,M->M,unknown,
海南文旅频道,no_media,2023-01-29 10:29:53,2023-02-10 23:38:00,M->M,unknown,
海南文旅频道,no_media,2023-02-10 23:38:00,2023-02-15 12:06:59,M->M,unknown,
海南文旅频道,no_media,2023-02-15 12:06:59,2023-03-03 16:26:17,M->M,unknown,
海南文旅频道,no_media,2023-03-03 16:26:17,2023-03-20 12:51:08,M->M,unknown,
海南文旅频道,no_media,2023-03-20 12:51:08,2023-03-25 11:58:49,M->M,unknown,
海南文旅频道,no_media,2023-03-25 11:58:49,2023-04-11 11:30:13,M->M,unknown,
海南文旅频道,no_media,2023-04-11 11:30:13,2023-04-12 18:45:26,M->M,unknown,
海南文旅频道,no_media,2023-04-12 18:45:26,2023-04-26 16:27:05,M->M,unknown,
海南文旅频道,no_media,2023-04-26 16:27:05,2023-05-08 11:59:36,M->M,unknown,
海南文旅频道,no_media,2023-05-08 11:59:36,2023-05-16 10:56:50,M->M,unknown,
海南文旅频道,no_media,2023-05-16 10:56:50,2023-10-31 17:16:22,M->M,unknown,
海南文旅频道,no_media,2023-10-31 17:16:22,2023-12-13 11:45:04,M->M,unknown,
海南文旅频道,no_media,2023-12-13 11:45:04,2024-02-05 15:46:36,M->M,unknown,
海南新闻广播,no_media,2020-03-05 22:30:04,2020-03-18 21:46:03,M->M,unknown,
海南新闻广播,no_media,2020-03-18 21:46:03,2020-04-23 20:06:15,M->M,unknown,
海南新闻广播,no_media,2020-04-23 20:06:15,2021-09-28 00:31:29,M->M,unknown,
海南新闻广播,no_media,2021-09-28 00:31:29,2022-01-23 11:50:00,M->M,unknown,
海南新闻广播,no_media,2022-01-23 11:50:00,2022-05-04 10:06:00,M->M,unknown,
海南新闻广播,no_media,2022-05-04 10:06:00,2022-05-09 09:35:11,M->M,unknown,
海南新闻广播,no_media,2022-05-09 09:35:11,2022-08-25 17:08:06,M->M,unknown,
海南新闻广播,no_media,2022-08-25 17:08:06,2022-12-07 15:17:57,M->M,unknown,
海南新闻广播,no_media,2022-12-07 15:17:57,2022-12-08 22:33:32,M->M,unknown,
海南新闻广播,no_media,2022-12-08 22:33:32,2022-12-09 09:52:30,M->M,unknown,
海南新闻广播,no_media,2022-12-09 09:52:30,2022-12-29 11:22:26,M->M,unknown,
海南日报,no_media,2021-04-01 11:01:03,2021-09-27 22:20:21,M->M,unknown,
海南日报,no_media,2021-09-27 22:20:21,2021-10-28 12:10:01,M->M,unknown,
海南日报,no_media,2021-10-28 12:10:01,2021-12-04 15:55:00,M->M,unknown,
海南日报,no_media,2021-12-04 15:55:00,2022-04-23 08:14:00,M->M,unknown,
海南日报,no_media,2022-04-23 08:14:00,2022-04-28 08:55:00,M->M,unknown,
海南日报,no_media,2022-04-28 08:55:00,2022-04-30 09:19:43,M->M,unknown,
海南日报,no_media,2022-04-30 09:19:43,2022-05-03 08:17:58,M->M,unknown,
海南日报,no_media,2022-05-03 08:17:58,2022-05-04 08:16:00,M->M,unknown,
海南日报,no_media,2022-05-04 08:16:00,2022-05-05 08:15:00,M->M,unknown,
海南日报,no_media,2022-05-05 08:15:00,2022-05-06 09:23:57,M->M,unknown,
海南日报,no_media,2022-05-06 09:23:57,2022-05-07 08:41:06,M->M,unknown,
海南日报,no_media,2022-05-07 08:41:06,2022-05-08 08:22:15,M->M,unknown,
海南日报,no_media,2022-05-08 08:22:15,2022-05-09 07:56:06,M->M,unknown,
海南日报,no_media,2022-05-09 07:56:06,2022-05-10 08:10:01,M->M,unknown,
海南日报,no_media,2022-05-10 08:10:01,2022-05-11 08:52:36,M->M,unknown,
海南日报,no_media,2022-05-11 08:52:36,2022-05-13 09:15:00,M->M,unknown,
海南日报,no_media,2022-05-13 09:15:00,2022-05-16 09:15:00,M->M,unknown,
海南日报,no_media,2022-05-16 09:15:00,2022-05-18 08:40:01,M->M,unknown,
海南日报,no_media,2022-05-18 08:40:01,2022-05-22 08:23:41,M->M,unknown,
海南日报,no_media,2022-05-22 08:23:41,2022-05-24 08:45:00,M->M,unknown,
海南日报,no_media,2022-05-24 08:45:00,2022-05-26 08:48:55,M->M,unknown,
海南日报,no_media,2022-05-26 08:48:55,2022-08-26 10:20:01,M->M,unknown,
海南日报,no_media,2022-08-26 10:20:01,2022-12-09 10:45:14,M->M,unknown,
海南日报,no_media,2022-12-09 10:45:14,2022-12-15 19:00:05,M->M,unknown,
海南日报,no_media,2022-12-15 19:00:05,2022-12-21 09:00:03,M->M,unknown,
海南日报,no_media,2022-12-21 09:00:03,2023-05-08 15:00:00,M->M,unknown,
海南日报,no_media,2023-05-08 15:00:00,2023-05-26 14:30:00,M->M,unknown,
海南特区报,no_media,2020-06-12 08:19:35,2021-01-01 10:15:03,M->M,unknown,
海南特区报,no_media,2021-01-01 10:15:03,2021-01-05 11:15:03,M->M,unknown,
海南特区报,no_media,2021-01-05 11:15:03,2021-01-27 11:55:03,M->M,unknown,
海南特区报,no_media,2021-01-27 11:55:03,2021-03-27 09:55:36,M->M,unknown,
海南特区报,no_media,2021-03-27 09:55:36,2021-09-28 11:10:01,M->M,unknown,
海南特区报,no_media,2021-09-28 11:10:01,2021-10-25 11:10:00,M->M,unknown,
海南特区报,no_media,2021-10-25 11:10:00,2021-10-26 11:40:00,M->M,unknown,
海南特区报,no_media,2021-10-26 11:40:00,2021-10-28 20:00:03,M->M,unknown,
海南特区报,no_media,2021-10-28 20:00:03,2021-12-06 11:40:00,M->M,unknown,
海南特区报,no_media,2021-12-06 11:40:00,2021-12-09 11:20:01,M->M,unknown,
海南特区报,no_media,2021-12-09 11:20:01,2021-12-13 09:32:00,M->M,unknown,
海南特区报,no_media,2021-12-13 09:32:00,2022-03-29 10:45:00,M->M,unknown,
海南特区报,no_media,2022-03-29 10:45:00,2022-07-07 16:47:45,M->M,unknown,
海南特区报,no_media,2022-07-07 16:47:45,2022-07-26 12:10:02,M->M,unknown,
海南特区报,no_media,2022-07-26 12:10:02,2022-08-18 15:00:04,M->M,unknown,
海南特区报,no_media,2022-08-18 15:00:04,2022-08-19 12:00:02,M->M,unknown,
海南特区报,no_media,2022-08-19 12:00:02,2022-08-26 11:45:00,M->M,unknown,
海南特区报,no_media,2022-08-26 11:45:00,2022-09-21 11:40:02,M->M,unknown,
海南特区报,no_media,2022-09-21 11:40:02,2022-12-19 11:35:00,M->M,unknown,
海南特区报,no_media,2022-12-19 11:35:00,2022-12-20 11:40:02,M->M,unknown,
海南特区报,no_media,2022-12-20 11:40:02,2022-12-21 11:25:00,M->M,unknown,
海南特区报,no_media,2022-12-21 11:25:00,2023-01-06 11:15:00,M->M,unknown,
海南特区报,no_media,2023-01-06 11:15:00,2023-01-09 11:45:00,M->M,unknown,
海南特区报,no_media,2023-01-09 11:45:00,2023-01-11 11:15:00,M->M,unknown,
海南特区报,no_media,2023-01-11 11:15:00,2023-07-03 18:40:00,M->M,unknown,
海南特区报,no_media,2023-07-03 18:40:00,2024-02-06 09:03:01,M->M,unknown,
海南网络广播电视台,no_media,2020-02-18 17:31:10,2020-02-21 14:48:22,M->M,unknown,
海南网络广播电视台,no_media,2020-02-21 14:48:22,2020-04-23 19:04:30,M->M,unknown,
海南网络广播电视台,no_media,2020-04-23 19:04:30,2020-04-27 16:27:44,M->M,unknown,
海南网络广播电视台,no_media,2020-04-27 16:27:44,2020-05-08 20:20:11,M->M,unknown,
海南网络广播电视台,no_media,2020-05-08 20:20:11,2020-06-24 17:57:41,M->M,unknown,
海南网络广播电视台,no_media,2020-06-24 17:57:41,2020-07-17 10:34:14,M->M,unknown,
海南网络广播电视台,no_media,2020-07-17 10:34:14,2020-11-13 21:20:59,M->M,unknown,
海南网络广播电视台,no_media,2020-11-13 21:20:59,2020-11-16 15:33:58,M->M,unknown,
海南网络广播电视台,no_media,2020-11-16 15:33:58,2020-11-28 11:06:29,M->M,unknown,
海南网络广播电视台,no_media,2020-11-28 11:06:29,2020-11-29 14:06:23,M->M,unknown,
海南网络广播电视台,no_media,2020-11-29 14:06:23,2021-02-03 11:58:56,M->M,unknown,
海南网络广播电视台,no_media,2021-02-03 11:58:56,2021-06-10 19:02:32,M->M,unknown,
海南网络广播电视台,no_media,2021-06-10 19:02:32,2021-08-02 01:15:15,M->M,unknown,
海南网络广播电视台,no_media,2021-08-02 01:15:15,2021-09-17 11:12:08,M->M,unknown,
海南网络广播电视台,no_media,2021-09-17 11:12:08,2021-11-08 19:23:56,M->M,unknown,
海南网络广播电视台,no_media,2021-11-08 19:23:56,2023-01-03 23:12:01,M->M,unknown,
海口直播12345,no_media,2020-05-05 11:19:36,2020-05-17 23:13:50,M->M,unknown,
海口直播12345,no_media,2020-05-17 23:13:50,2021-02-03 18:07:56,M->M,unknown,
海口直播12345,no_media,2021-02-03 18:07:56,2021-03-24 21:30:03,M->M,unknown,
海口直播12345,no_media,2021-03-24 21:30:03,2021-03-28 12:24:01,M->M,unknown,
海口直播12345,no_media,2021-03-28 12:24:01,2021-04-04 18:30:03,M->M,unknown,
海口直播12345,no_media,2021-04-04 18:30:03,2021-04-10 23:00:03,M->M,unknown,
海口直播12345,no_media,2021-04-10 23:00:03,2021-06-23 11:59:43,M->M,unknown,
海口直播12345,no_media,2021-06-23 11:59:43,2021-12-03 20:35:11,M->M,unknown,
海口直播12345,no_media,2021-12-03 20:35:11,2022-05-06 21:31:48,M->M,unknown,
海口直播12345,no_media,2022-05-06 21:31:48,2022-09-30 22:04:27,M->M,unknown,
海口直播12345,no_media,2022-09-30 22:04:27,2022-11-27 16:54:00,M->M,unknown,
海口直播12345,no_media,2022-11-27 16:54:00,2022-12-07 13:01:29,M->M,unknown,
海口直播12345,no_media,2022-12-07 13:01:29,2022-12-24 18:39:18,M->M,unknown,
海口直播12345,no_media,2022-12-24 18:39:18,2023-01-03 19:44:54,M->M,unknown,
海口直播12345,no_media,2023-01-03 19:44:54,2023-01-04 21:58:49,M->M,unknown,
海口直播12345,no_media,2023-01-04 21:58:49,2023-02-15 22:53:58,M->M,unknown,
海口直播12345,no_media,2023-02-15 22:53:58,2023-03-20 23:02:31,M->M,unknown,
海国图智研究院,no_media,2021-07-15 19:00:00,2021-09-25 20:40:00,M->M,unknown,
海峡导报,no_media,2020-02-15 09:31:41,2020-02-20 08:01:00,M->M,unknown,
海峡导报,no_media,2020-02-20 08:01:00,2020-03-18 19:43:32,M->M,unknown,
海峡导报,no_media,2020-03-18 19:43:32,2020-03-18 19:44:23,M->M,unknown,
海峡导报,no_media,2020-03-18 19:44:23,2021-01-02 15:13:39,M->M,unknown,
海峡导报,no_media,2021-01-02 15:13:39,2021-04-06 17:32:37,M->M,unknown,
海峡导报,no_media,2021-04-06 17:32:37,2021-04-13 11:15:57,M->M,unknown,
海峡导报,no_media,2021-04-13 11:15:57,2021-08-03 20:17:18,M->M,unknown,
海峡导报,no_media,2021-08-03 20:17:18,2021-12-03 10:52:00,M->M,unknown,
海峡导报,no_media,2021-12-03 10:52:00,2022-01-04 08:37:24,M->M,unknown,
海峡导报,no_media,2022-01-04 08:37:24,2022-04-24 08:26:09,M->M,unknown,
海峡导报,no_media,2022-04-24 08:26:09,2022-04-28 09:06:50,M->M,unknown,
海峡导报,no_media,2022-04-28 09:06:50,2022-05-18 07:50:42,M->M,unknown,
海峡导报,no_media,2022-05-18 07:50:42,2022-08-05 22:05:25,M->M,unknown,
海峡导报,no_media,2022-08-05 22:05:25,2022-08-15 20:00:57,M->M,unknown,
海峡导报,no_media,2022-08-15 20:00:57,2022-08-18 21:35:19,M->M,unknown,
海峡导报,no_media,2022-08-18 21:35:19,2022-08-19 22:19:09,M->M,unknown,
海峡导报,no_media,2022-08-19 22:19:09,2022-08-25 20:49:03,M->M,unknown,
海峡导报,no_media,2022-08-25 20:49:03,2022-09-01 21:54:39,M->M,unknown,
海峡导报,no_media,2022-09-01 21:54:39,2022-09-02 22:09:17,M->M,unknown,
海峡导报,no_media,2022-09-02 22:09:17,2022-09-04 20:53:56,M->M,unknown,
海峡导报,no_media,2022-09-04 20:53:56,2022-09-16 21:04:57,M->M,unknown,
海峡导报,no_media,2022-09-16 21:04:57,2022-09-22 18:51:29,M->M,unknown,
海峡导报,no_media,2022-09-22 18:51:29,2022-10-02 18:11:51,M->M,unknown,
海峡导报,no_media,2022-10-02 18:11:51,2022-10-06 19:35:05,M->M,unknown,
海峡导报,no_media,2022-10-06 19:35:05,2022-10-07 19:49:52,M->M,unknown,
海峡导报,no_media,2022-10-07 19:49:52,2022-10-12 22:43:39,M->M,unknown,
海峡导报,no_media,2022-10-12 22:43:39,2022-10-13 21:25:24,M->M,unknown,
海峡导报,no_media,2022-10-13 21:25:24,2022-10-16 20:13:58,M->M,unknown,
海峡导报,no_media,2022-10-16 20:13:58,2022-10-18 19:26:35,M->M,unknown,
海峡导报,no_media,2022-10-18 19:26:35,2022-10-19 18:35:59,M->M,unknown,
海峡导报,no_media,2022-10-19 18:35:59,2022-10-23 22:19:17,M->M,unknown,
海峡导报,no_media,2022-10-23 22:19:17,2022-10-27 20:12:59,M->M,unknown,
海峡导报,no_media,2022-10-27 20:12:59,2022-11-01 17:55:23,M->M,unknown,
海峡导报,no_media,2022-11-01 17:55:23,2022-11-02 23:55:04,M->M,unknown,
海峡导报,no_media,2022-11-02 23:55:04,2022-12-07 14:04:17,M->M,unknown,
海峡导报,no_media,2022-12-07 14:04:17,2022-12-07 16:49:30,M->M,unknown,
海峡导报,no_media,2022-12-07 16:49:30,2022-12-15 17:57:59,M->M,unknown,
海峡导报,no_media,2022-12-15 17:57:59,2022-12-26 09:35:57,M->M,unknown,
海峡导报,no_media,2022-12-26 09:35:57,2023-01-07 10:09:31,M->M,unknown,
海峡导报,no_media,2023-01-07 10:09:31,2023-01-18 20:11:23,M->M,unknown,
海峡导报,no_media,2023-01-18 20:11:23,2023-02-08 13:48:39,M->M,unknown,
海峡导报,no_media,2023-02-08 13:48:39,2023-03-04 15:37:01,M->M,unknown,
海峡导报,no_media,2023-03-04 15:37:01,2023-10-25 17:00:33,M->M,unknown,
海峡导报,no_media,2023-10-25 17:00:33,2024-01-31 16:33:48,M->M,unknown,
海淀宣传,no_media,2022-03-14 16:15:00,2022-03-14 16:42:00,M->M,unknown,
海门之窗,no_media,2022-03-15 10:35:11,2022-12-03 11:22:09,M->M,unknown,
海门之窗,no_media,2022-12-03 11:22:09,2022-12-07 14:34:13,M->M,unknown,
海门之窗,no_media,2022-12-07 14:34:13,2022-12-15 17:03:17,M->M,unknown,
海门之窗,no_media,2022-12-15 17:03:17,2022-12-17 13:30:01,M->M,unknown,
海门之窗,no_media,2022-12-17 13:30:01,2023-01-02 19:20:00,M->M,unknown,
海门之窗,no_media,2023-01-02 19:20:00,2023-01-04 09:06:20,M->M,unknown,
海门之窗,no_media,2023-01-04 09:06:20,2023-01-04 11:48:05,M->M,unknown,
海门之窗,no_media,2023-01-04 11:48:05,2023-01-05 09:43:36,M->M,unknown,
海门之窗,no_media,2023-01-05 09:43:36,2023-01-13 17:20:00,M->M,unknown,
海门之窗,no_media,2023-01-13 17:20:00,2023-12-11 17:07:40,M->M,unknown,
淄博警方,no_media,2022-03-14 14:52:00,2023-01-02 10:09:13,M->M,unknown,
淄博警方,no_media,2023-01-02 10:09:13,2023-01-04 11:19:24,M->M,unknown,
淮北新闻网,no_media,2020-03-04 23:20:19,2020-10-13 13:31:18,M->M,unknown,
淮北新闻网,no_media,2020-10-13 13:31:18,2020-12-25 17:23:34,M->M,unknown,
淮北新闻网,no_media,2020-12-25 17:23:34,2021-08-06 16:08:18,M->M,unknown,
淮北新闻网,no_media,2021-08-06 16:08:18,2021-08-27 11:09:36,M->M,unknown,
淮北新闻网,no_media,2021-08-27 11:09:36,2021-12-15 21:26:52,M->M,unknown,
淮北新闻网,no_media,2021-12-15 21:26:52,2022-12-12 08:53:23,M->M,unknown,
淮北新闻网,no_media,2022-12-12 08:53:23,2022-12-13 09:24:21,M->M,unknown,
淮南检察,no_media,2020-02-07 13:18:36,2020-02-15 10:09:43,M->M,unknown,
淮南检察,no_media,2020-02-15 10:09:43,2020-03-01 13:15:03,M->M,unknown,
淮南检察,no_media,2020-03-01 13:15:03,2020-04-02 11:45:10,M->M,unknown,
淮南检察,no_media,2020-04-02 11:45:10,2022-04-04 16:11:04,M->M,unknown,
深圳新闻网,no_media,2020-02-14 22:28:03,2020-02-26 14:26:03,M->M,unknown,
深圳新闻网,no_media,2020-02-26 14:26:03,2020-03-02 17:12:04,M->M,unknown,
深圳新闻网,no_media,2020-03-02 17:12:04,2020-03-03 18:41:03,M->M,unknown,
深圳新闻网,no_media,2020-03-03 18:41:03,2020-03-18 20:34:45,M->M,unknown,
深圳新闻网,no_media,2020-03-18 20:34:45,2020-05-01 20:16:10,M->M,unknown,
深圳新闻网,no_media,2020-05-01 20:16:10,2020-05-13 10:19:07,M->M,unknown,
深圳新闻网,no_media,2020-05-13 10:19:07,2020-05-14 09:35:25,M->M,unknown,
深圳新闻网,no_media,2020-05-14 09:35:25,2020-05-23 21:26:03,M->M,unknown,
深圳新闻网,no_media,2020-05-23 21:26:03,2020-05-24 20:01:03,M->M,unknown,
深圳新闻网,no_media,2020-05-24 20:01:03,2020-06-19 15:02:54,M->M,unknown,
深圳新闻网,no_media,2020-06-19 15:02:54,2020-06-25 15:50:03,M->M,unknown,
深圳新闻网,no_media,2020-06-25 15:50:03,2020-12-05 15:07:19,M->M,unknown,
深圳新闻网,no_media,2020-12-05 15:07:19,2020-12-31 14:52:56,M->M,unknown,
深圳新闻网,no_media,2020-12-31 14:52:56,2021-03-03 14:10:03,M->M,unknown,
深圳新闻网,no_media,2021-03-03 14:10:03,2021-04-13 12:02:03,M->M,unknown,
深圳新闻网,no_media,2021-04-13 12:02:03,2021-04-15 11:37:01,M->M,unknown,
深圳新闻网,no_media,2021-04-15 11:37:01,2021-04-29 18:46:03,M->M,unknown,
深圳新闻网,no_media,2021-04-29 18:46:03,2021-06-15 22:05:03,M->M,unknown,
深圳新闻网,no_media,2021-06-15 22:05:03,2021-07-01 23:02:10,M->M,unknown,
深圳新闻网,no_media,2021-07-01 23:02:10,2021-09-17 08:29:22,M->M,unknown,
深圳新闻网,no_media,2021-09-17 08:29:22,2021-11-12 16:22:03,M->M,unknown,
深圳新闻网,no_media,2021-11-12 16:22:03,2021-12-26 10:20:42,M->M,unknown,
深圳新闻网,no_media,2021-12-26 10:20:42,2022-01-17 10:49:23,M->M,unknown,
深圳新闻网,no_media,2022-01-17 10:49:23,2022-04-04 14:12:25,M->M,unknown,
深圳新闻网,no_media,2022-04-04 14:12:25,2022-04-06 09:36:03,M->M,unknown,
深圳新闻网,no_media,2022-04-06 09:36:03,2022-12-04 15:01:53,M->M,unknown,
深圳新闻网,no_media,2022-12-04 15:01:53,2022-12-07 13:38:17,M->M,unknown,
深圳新闻网,no_media,2022-12-07 13:38:17,2023-02-27 14:44:43,M->M,unknown,
深圳新闻网,no_media,2023-02-27 14:44:43,2023-06-15 14:19:40,M->M,unknown,
深圳新闻网,no_media,2023-06-15 14:19:40,2024-06-24 17:58:07,M->M,unknown,
深圳特区报,no_media,2020-02-17 20:31:35,2020-03-20 15:27:33,M->M,unknown,
深圳特区报,no_media,2020-03-20 15:27:33,2020-04-15 13:06:09,M->M,unknown,
深圳特区报,no_media,2020-04-15 13:06:09,2020-05-01 15:24:02,M->M,unknown,
深圳特区报,no_media,2020-05-01 15:24:02,2020-05-14 09:28:58,M->M,unknown,
深圳特区报,no_media,2020-05-14 09:28:58,2020-05-15 10:53:03,M->M,unknown,
深圳特区报,no_media,2020-05-15 10:53:03,2020-08-07 09:33:35,M->M,unknown,
深圳特区报,no_media,2020-08-07 09:33:35,2020-08-07 12:42:57,M->M,unknown,
深圳特区报,no_media,2020-08-07 12:42:57,2020-12-05 16:51:43,M->M,unknown,
深圳特区报,no_media,2020-12-05 16:51:43,2021-01-07 22:25:03,M->M,unknown,
深圳特区报,no_media,2021-01-07 22:25:03,2021-01-16 10:13:03,M->M,unknown,
深圳特区报,no_media,2021-01-16 10:13:03,2021-02-20 16:28:03,M->M,unknown,
深圳特区报,no_media,2021-02-20 16:28:03,2021-04-10 13:31:14,M->M,unknown,
深圳特区报,no_media,2021-04-10 13:31:14,2021-04-10 15:23:03,M->M,unknown,
深圳特区报,no_media,2021-04-10 15:23:03,2021-07-29 22:40:04,M->M,unknown,
深圳特区报,no_media,2021-07-29 22:40:04,2021-08-03 13:38:29,M->M,unknown,
深圳特区报,no_media,2021-08-03 13:38:29,2021-10-30 08:00:04,M->M,unknown,
深圳特区报,no_media,2021-10-30 08:00:04,2021-12-20 17:33:48,M->M,unknown,
深圳特区报,no_media,2021-12-20 17:33:48,2022-01-12 22:20:26,M->M,unknown,
深圳特区报,no_media,2022-01-12 22:20:26,2022-03-04 17:25:21,M->M,unknown,
深圳特区报,no_media,2022-03-04 17:25:21,2022-04-04 23:53:28,M->M,unknown,
深圳特区报,no_media,2022-04-04 23:53:28,2022-04-05 09:30:01,M->M,unknown,
深圳特区报,no_media,2022-04-05 09:30:01,2022-04-19 13:47:00,M->M,unknown,
深圳特区报,no_media,2022-04-19 13:47:00,2022-06-02 14:30:00,M->M,unknown,
深圳特区报,no_media,2022-06-02 14:30:00,2022-11-30 19:01:55,M->M,unknown,
深圳特区报,no_media,2022-11-30 19:01:55,2022-11-30 21:22:00,M->M,unknown,
深圳特区报,no_media,2022-11-30 21:22:00,2022-12-04 10:25:00,M->M,unknown,
深圳特区报,no_media,2022-12-04 10:25:00,2022-12-04 15:07:34,M->M,unknown,
深圳特区报,no_media,2022-12-04 15:07:34,2022-12-05 21:38:00,M->M,unknown,
深圳特区报,no_media,2022-12-05 21:38:00,2022-12-07 12:42:02,M->M,unknown,
深圳特区报,no_media,2022-12-07 12:42:02,2022-12-07 13:43:45,M->M,unknown,
深圳特区报,no_media,2022-12-07 13:43:45,2022-12-09 11:18:32,M->M,unknown,
深圳特区报,no_media,2022-12-09 11:18:32,2022-12-15 20:01:01,M->M,unknown,
深圳特区报,no_media,2022-12-15 20:01:01,2023-01-01 23:28:00,M->M,unknown,
深圳特区报,no_media,2023-01-01 23:28:00,2023-01-03 19:58:07,M->M,unknown,
深圳特区报,no_media,2023-01-03 19:58:07,2023-02-25 17:46:02,M->M,unknown,
深圳特区报,no_media,2023-02-25 17:46:02,2023-05-28 14:00:00,M->M,unknown,
深圳特区报,no_media,2023-05-28 14:00:00,2024-03-17 19:24:02,M->M,unknown,
清泉Talk,no_media,2022-03-14 12:02:00,2022-03-14 13:36:00,M->M,unknown,
温婉的塔尖,no_media,2022-10-18 14:06:00,2022-10-22 15:19:00,M->M,unknown,
温州发布,mainstream_only,2021-01-20 11:00:13,2022-12-21 10:31:00,M->M,unknown,
温州发布,mainstream_only,2022-12-21 10:31:00,2022-12-29 09:40:01,M->M,unknown,
温州发布,mainstream_only,2022-12-29 09:40:01,2023-01-01 18:53:00,M->M,unknown,
温州发布,mainstream_only,2023-01-01 18:53:00,2023-01-16 15:37:49,M->M,unknown,
温州发布,mainstream_only,2023-01-16 15:37:49,2023-02-07 18:05:13,M->M,unknown,
渭南日报社,no_media,2020-02-20 10:19:15,2020-03-07 13:51:26,M->M,unknown,
渭南日报社,no_media,2020-03-07 13:51:26,2020-05-28 08:30:36,M->M,unknown,
渭南日报社,no_media,2020-05-28 08:30:36,2020-10-23 10:50:23,M->M,unknown,
渭南日报社,no_media,2020-10-23 10:50:23,2020-11-26 08:17:58,M->M,unknown,
渭南日报社,no_media,2020-11-26 08:17:58,2021-01-07 21:45:26,M->M,unknown,
渭南日报社,no_media,2021-01-07 21:45:26,2021-02-19 10:20:45,M->M,unknown,
渭南日报社,no_media,2021-02-19 10:20:45,2021-02-20 15:41:27,M->M,unknown,
渭南日报社,no_media,2021-02-20 15:41:27,2021-02-26 08:41:29,M->M,unknown,
渭南日报社,no_media,2021-02-26 08:41:29,2021-03-15 18:53:59,M->M,unknown,
渭南日报社,no_media,2021-03-15 18:53:59,2021-04-06 16:23:01,M->M,unknown,
渭南日报社,no_media,2021-04-06 16:23:01,2021-07-20 08:16:46,M->M,unknown,
渭南日报社,no_media,2021-07-20 08:16:46,2021-11-03 11:20:01,M->M,unknown,
渭南日报社,no_media,2021-11-03 11:20:01,2021-11-10 15:26:12,M->M,unknown,
渭南日报社,no_media,2021-11-10 15:26:12,2021-12-03 09:00:14,M->M,unknown,
渭南日报社,no_media,2021-12-03 09:00:14,2021-12-09 19:08:32,M->M,unknown,
渭南日报社,no_media,2021-12-09 19:08:32,2022-01-12 10:19:54,M->M,unknown,
渭南日报社,no_media,2022-01-12 10:19:54,2022-01-12 17:03:04,M->M,unknown,
渭南日报社,no_media,2022-01-12 17:03:04,2022-01-16 10:37:57,M->M,unknown,
渭南日报社,no_media,2022-01-16 10:37:57,2022-01-23 18:23:34,M->M,unknown,
渭南日报社,no_media,2022-01-23 18:23:34,2022-03-16 17:41:17,M->M,unknown,
渭南日报社,no_media,2022-03-16 17:41:17,2022-03-29 09:41:41,M->M,unknown,
渭南日报社,no_media,2022-03-29 09:41:41,2022-04-18 10:27:35,M->M,unknown,
渭南日报社,no_media,2022-04-18 10:27:35,2022-04-19 10:48:37,M->M,unknown,
渭南日报社,no_media,2022-04-19 10:48:37,2022-04-19 14:47:30,M->M,unknown,
渭南日报社,no_media,2022-04-19 14:47:30,2022-04-23 09:00:07,M->M,unknown,
渭南日报社,no_media,2022-04-23 09:00:07,2022-04-23 09:32:25,M->M,unknown,
渭南日报社,no_media,2022-04-23 09:32:25,2022-04-24 14:58:23,M->M,unknown,
渭南日报社,no_media,2022-04-24 14:58:23,2022-04-28 07:46:30,M->M,unknown,
渭南日报社,no_media,2022-04-28 07:46:30,2022-05-09 08:57:55,M->M,unknown,
渭南日报社,no_media,2022-05-09 08:57:55,2022-08-25 19:05:32,M->M,unknown,
渭南日报社,no_media,2022-08-25 19:05:32,2022-09-04 23:48:19,M->M,unknown,
渭南日报社,no_media,2022-09-04 23:48:19,2022-10-10 09:48:02,M->M,unknown,
渭南日报社,no_media,2022-10-10 09:48:02,2022-11-18 10:39:24,M->M,unknown,
渭南日报社,no_media,2022-11-18 10:39:24,2022-12-26 15:12:43,M->M,unknown,
渭南日报社,no_media,2022-12-26 15:12:43,2023-01-02 10:22:24,M->M,unknown,
渭南日报社,no_media,2023-01-02 10:22:24,2023-01-16 13:58:31,M->M,unknown,
渭南日报社,no_media,2023-01-16 13:58:31,2023-03-01 08:24:09,M->M,unknown,
渭南日报社,no_media,2023-03-01 08:24:09,2023-07-13 10:11:39,M->M,unknown,
渭南日报社,no_media,2023-07-13 10:11:39,2023-11-29 15:02:50,M->M,unknown,
渭南检察,mainstream_only,2020-02-11 15:36:29,2020-02-17 17:17:24,M->M,unknown,
渭南检察,mainstream_only,2020-02-17 17:17:24,2020-02-19 12:23:20,M->M,unknown,
渭南检察,mainstream_only,2020-02-19 12:23:20,2020-03-16 18:22:39,M->M,unknown,
渭南检察,mainstream_only,2020-03-16 18:22:39,2020-05-28 11:45:03,M->M,unknown,
渭南检察,mainstream_only,2020-05-28 11:45:03,2021-01-07 20:38:12,M->M,norisk,0.0
渭南检察,mainstream_only,2021-01-07 20:38:12,2021-01-22 17:04:11,M->M,unknown,
渭南检察,mainstream_only,2021-01-22 17:04:11,2021-02-20 22:01:43,M->M,unknown,
渭南检察,mainstream_only,2021-02-20 22:01:43,2021-04-09 15:01:31,M->M,unknown,
渭南检察,mainstream_only,2021-04-09 15:01:31,2021-04-13 09:27:02,M->M,unknown,
湖北之声,no_media,2020-02-10 14:41:44,2020-02-20 10:30:23,M->M,unknown,
湖北之声,no_media,2020-02-20 10:30:23,2020-02-25 19:17:04,M->M,unknown,
湖北之声,no_media,2020-02-25 19:17:04,2020-03-04 11:29:27,M->M,unknown,
湖北之声,no_media,2020-03-04 11:29:27,2020-03-06 07:42:42,M->M,unknown,
湖北之声,no_media,2020-03-06 07:42:42,2020-03-10 22:06:49,M->M,unknown,
湖北之声,no_media,2020-03-10 22:06:49,2020-03-17 19:20:03,M->M,unknown,
湖北之声,no_media,2020-03-17 19:20:03,2020-03-26 23:08:46,M->L,unknown,
湖北之声,no_media,2020-03-26 23:08:46,2020-03-31 18:54:26,L->M,unknown,
湖北之声,no_media,2020-03-31 18:54:26,2020-04-01 20:18:23,M->M,unknown,
湖北之声,no_media,2020-04-01 20:18:23,2020-04-03 12:28:11,M->M,unknown,
湖北之声,no_media,2020-04-03 12:28:11,2020-04-08 15:26:04,M->M,unknown,
湖北之声,no_media,2020-04-08 15:26:04,2020-04-16 11:06:23,M->M,unknown,
湖北之声,no_media,2020-04-16 11:06:23,2020-04-23 15:34:27,M->M,unknown,
湖北之声,no_media,2020-04-23 15:34:27,2020-05-08 18:40:54,M->M,unknown,
湖北之声,no_media,2020-05-08 18:40:54,2020-05-27 16:39:50,M->M,unknown,
湖北之声,no_media,2020-05-27 16:39:50,2020-05-27 17:57:50,M->M,unknown,
湖北之声,no_media,2020-05-27 17:57:50,2020-05-28 08:31:36,M->M,unknown,
湖北之声,no_media,2020-05-28 08:31:36,2020-06-12 08:33:05,M->M,unknown,
湖北之声,no_media,2020-06-12 08:33:05,2020-11-27 08:03:07,M->M,unknown,
湖北之声,no_media,2020-11-27 08:03:07,2020-12-09 19:19:44,M->M,unknown,
湖北之声,no_media,2020-12-09 19:19:44,2020-12-24 09:34:53,M->M,unknown,
湖北之声,no_media,2020-12-24 09:34:53,2021-01-07 21:24:50,M->M,unknown,
湖北之声,no_media,2021-01-07 21:24:50,2021-03-09 13:04:28,M->M,unknown,
湖北之声,no_media,2021-03-09 13:04:28,2021-03-17 09:41:31,M->M,unknown,
湖北之声,no_media,2021-03-17 09:41:31,2021-03-21 14:12:54,M->M,unknown,
湖北之声,no_media,2021-03-21 14:12:54,2021-04-07 10:09:01,M->M,unknown,
湖北之声,no_media,2021-04-07 10:09:01,2021-04-09 15:38:56,M->M,unknown,
湖北之声,no_media,2021-04-09 15:38:56,2021-04-10 00:42:03,M->M,unknown,
湖北之声,no_media,2021-04-10 00:42:03,2021-08-04 07:02:41,M->M,unknown,
湖北之声,no_media,2021-08-04 07:02:41,2021-08-10 17:28:08,M->M,unknown,
湖北之声,no_media,2021-08-10 17:28:08,2022-01-12 14:49:27,M->M,unknown,
湖北之声,no_media,2022-01-12 14:49:27,2022-11-22 12:20:02,M->M,unknown,
湖北之声,no_media,2022-11-22 12:20:02,2022-11-29 16:29:28,M->M,unknown,
湖北之声,no_media,2022-11-29 16:29:28,2022-11-30 10:34:26,M->M,unknown,
湖北之声,no_media,2022-11-30 10:34:26,2022-12-01 11:19:03,M->M,unknown,
湖北之声,no_media,2022-12-01 11:19:03,2022-12-03 08:59:01,M->M,unknown,
湖北之声,no_media,2022-12-03 08:59:01,2022-12-06 15:01:14,M->M,unknown,
湖北之声,no_media,2022-12-06 15:01:14,2022-12-07 10:00:54,M->M,unknown,
湖北之声,no_media,2022-12-07 10:00:54,2022-12-07 10:10:15,M->M,unknown,
湖北之声,no_media,2022-12-07 10:10:15,2022-12-07 10:36:02,M->M,unknown,
湖北之声,no_media,2022-12-07 10:36:02,2022-12-07 10:39:08,M->M,unknown,
湖北之声,no_media,2022-12-07 10:39:08,2022-12-07 14:09:33,M->M,unknown,
湖北之声,no_media,2022-12-07 14:09:33,2022-12-07 14:11:10,M->M,unknown,
湖北之声,no_media,2022-12-07 14:11:10,2022-12-08 10:38:49,M->M,unknown,
湖北之声,no_media,2022-12-08 10:38:49,2022-12-09 10:16:47,M->M,unknown,
湖北之声,no_media,2022-12-09 10:16:47,2022-12-09 14:12:18,M->M,unknown,
湖北之声,no_media,2022-12-09 14:12:18,2022-12-11 10:01:44,M->M,unknown,
湖北之声,no_media,2022-12-11 10:01:44,2022-12-12 09:49:17,M->M,unknown,
湖北之声,no_media,2022-12-12 09:49:17,2022-12-14 11:20:41,M->M,unknown,
湖北之声,no_media,2022-12-14 11:20:41,2022-12-15 18:11:19,M->M,unknown,
湖北之声,no_media,2022-12-15 18:11:19,2022-12-26 10:47:28,M->M,unknown,
湖北之声,no_media,2022-12-26 10:47:28,2022-12-26 15:17:54,M->M,unknown,
湖北之声,no_media,2022-12-26 15:17:54,2023-01-02 09:43:51,M->M,unknown,
湖北之声,no_media,2023-01-02 09:43:51,2023-01-02 15:22:25,M->M,unknown,
湖北之声,no_media,2023-01-02 15:22:25,2023-01-16 15:18:18,M->M,unknown,
湖北之声,no_media,2023-01-16 15:18:18,2023-01-18 16:23:17,M->M,unknown,
湖北之声,no_media,2023-01-18 16:23:17,2023-03-01 11:23:41,M->M,unknown,
湖北之声,no_media,2023-03-01 11:23:41,2023-03-24 10:25:50,M->M,unknown,
湖北发布,no_media,2020-02-17 07:22:42,2020-03-03 18:50:04,M->M,unknown,
湖北发布,no_media,2020-03-03 18:50:04,2020-03-03 19:40:04,M->M,unknown,
湖北发布,no_media,2020-03-03 19:40:04,2020-03-05 21:07:37,M->M,unknown,
湖北发布,no_media,2020-03-05 21:07:37,2020-03-09 21:26:37,M->M,unknown,
湖北发布,no_media,2020-03-09 21:26:37,2020-03-13 23:30:08,M->M,unknown,
湖北发布,no_media,2020-03-13 23:30:08,2020-03-14 12:32:03,M->M,unknown,
湖北发布,no_media,2020-03-14 12:32:03,2020-03-15 10:19:10,M->M,unknown,
湖北发布,no_media,2020-03-15 10:19:10,2020-03-30 20:00:16,M->M,unknown,
湖北发布,no_media,2020-03-30 20:00:16,2020-05-17 10:23:03,M->M,unknown,
湖北发布,no_media,2020-05-17 10:23:03,2021-01-22 10:56:34,M->M,unknown,
湖北发布,no_media,2021-01-22 10:56:34,2021-04-10 10:36:42,M->M,unknown,
湖北发布,no_media,2021-04-10 10:36:42,2021-04-13 10:41:56,M->M,unknown,
湖北发布,no_media,2021-04-13 10:41:56,2021-10-19 21:17:57,M->M,unknown,
湖北发布,no_media,2021-10-19 21:17:57,2021-10-25 09:48:04,M->M,unknown,
湖北发布,no_media,2021-10-25 09:48:04,2022-03-31 08:33:34,M->M,unknown,
湖北发布,no_media,2022-03-31 08:33:34,2022-04-01 14:37:41,M->M,unknown,
湖北发布,no_media,2022-04-01 14:37:41,2022-04-09 20:49:19,M->M,unknown,
湖北发布,no_media,2022-04-09 20:49:19,2022-04-28 11:54:29,M->M,unknown,
湖北发布,no_media,2022-04-28 11:54:29,2022-04-29 16:52:26,M->M,unknown,
湖北发布,no_media,2022-04-29 16:52:26,2022-08-25 15:13:59,M->M,unknown,
湖北发布,no_media,2022-08-25 15:13:59,2022-09-28 08:59:04,M->M,unknown,
湖北发布,no_media,2022-09-28 08:59:04,2022-10-01 09:00:50,M->M,unknown,
湖北发布,no_media,2022-10-01 09:00:50,2022-10-05 15:38:01,M->M,unknown,
湖北发布,no_media,2022-10-05 15:38:01,2022-10-15 09:17:56,M->M,unknown,
湖北发布,no_media,2022-10-15 09:17:56,2022-11-22 21:32:29,M->M,unknown,
湖北发布,no_media,2022-11-22 21:32:29,2022-11-27 16:54:08,M->M,unknown,
湖北发布,no_media,2022-11-27 16:54:08,2022-12-07 15:06:08,M->M,unknown,
湖北发布,no_media,2022-12-07 15:06:08,2022-12-23 20:09:48,M->M,unknown,
湖北发布,no_media,2022-12-23 20:09:48,2022-12-28 10:23:03,M->M,unknown,
湖北发布,no_media,2022-12-28 10:23:03,2022-12-28 15:00:12,M->M,unknown,
湖北发布,no_media,2022-12-28 15:00:12,2022-12-29 14:31:38,M->M,unknown,
湖北发布,no_media,2022-12-29 14:31:38,2022-12-30 13:36:54,M->M,unknown,
湖北发布,no_media,2022-12-30 13:36:54,2023-01-02 10:18:37,M->M,unknown,
湖北发布,no_media,2023-01-02 10:18:37,2023-01-11 15:42:31,M->M,unknown,
湖北发布,no_media,2023-01-11 15:42:31,2023-05-29 09:28:25,M->M,unknown,
湖北发布,no_media,2023-05-29 09:28:25,2024-08-21 13:13:59,M->M,unknown,
湖北新闻,no_media,2020-05-05 11:54:14,2021-04-13 10:46:24,M->M,unknown,
湖北新闻,no_media,2021-04-13 10:46:24,2021-06-05 17:10:03,M->M,unknown,
湖北新闻,no_media,2021-06-05 17:10:03,2021-06-23 18:23:03,M->M,unknown,
湖北新闻,no_media,2021-06-23 18:23:03,2021-08-03 16:23:18,M->M,unknown,
湖北新闻,no_media,2021-08-03 16:23:18,2021-08-13 17:41:54,M->M,unknown,
湖北新闻,no_media,2021-08-13 17:41:54,2021-09-07 09:16:20,M->H,unknown,
湖北新闻,no_media,2021-09-07 09:16:20,2021-10-25 09:24:40,H->M,unknown,
湖北新闻,no_media,2021-10-25 09:24:40,2021-11-02 20:00:10,M->M,unknown,
湖北新闻,no_media,2021-11-02 20:00:10,2022-01-03 08:56:48,M->M,unknown,
湖北新闻,no_media,2022-01-03 08:56:48,2022-01-26 23:20:01,M->M,unknown,
湖北新闻,no_media,2022-01-26 23:20:01,2022-03-27 12:50:00,M->M,unknown,
湖北新闻,no_media,2022-03-27 12:50:00,2022-04-18 19:55:01,M->M,unknown,
湖北新闻,no_media,2022-04-18 19:55:01,2022-04-25 14:45:01,M->M,unknown,
湖北新闻,no_media,2022-04-25 14:45:01,2022-04-25 16:26:01,M->M,unknown,
湖北新闻,no_media,2022-04-25 16:26:01,2022-05-01 09:40:01,M->M,unknown,
湖北新闻,no_media,2022-05-01 09:40:01,2022-05-04 08:50:12,M->M,unknown,
湖北新闻,no_media,2022-05-04 08:50:12,2022-05-07 11:10:01,M->M,unknown,
湖北新闻,no_media,2022-05-07 11:10:01,2022-05-07 14:00:07,M->M,unknown,
湖北新闻,no_media,2022-05-07 14:00:07,2022-05-08 08:40:01,M->M,unknown,
湖北新闻,no_media,2022-05-08 08:40:01,2022-05-08 12:20:01,M->M,unknown,
湖北新闻,no_media,2022-05-08 12:20:01,2022-05-10 08:55:00,M->M,unknown,
湖北新闻,no_media,2022-05-10 08:55:00,2022-05-12 08:58:50,M->M,unknown,
湖北新闻,no_media,2022-05-12 08:58:50,2022-05-13 09:11:32,M->M,unknown,
湖北新闻,no_media,2022-05-13 09:11:32,2022-05-18 09:50:00,M->M,unknown,
湖北新闻,no_media,2022-05-18 09:50:00,2022-05-22 09:00:02,M->M,unknown,
湖北新闻,no_media,2022-05-22 09:00:02,2022-05-26 08:44:25,M->M,unknown,
湖北新闻,no_media,2022-05-26 08:44:25,2022-07-03 18:30:01,M->M,unknown,
湖北新闻,no_media,2022-07-03 18:30:01,2022-07-25 23:25:00,M->M,unknown,
湖北新闻,no_media,2022-07-25 23:25:00,2022-10-14 19:10:00,M->M,unknown,
湖北新闻,no_media,2022-10-14 19:10:00,2022-11-03 12:30:02,M->M,unknown,
湖北新闻,no_media,2022-11-03 12:30:02,2022-11-18 15:10:02,M->M,unknown,
湖北新闻,no_media,2022-11-18 15:10:02,2022-11-26 08:55:00,M->M,unknown,
湖北新闻,no_media,2022-11-26 08:55:00,2022-12-06 21:22:44,M->M,unknown,
湖北新闻,no_media,2022-12-06 21:22:44,2022-12-07 09:40:14,M->M,unknown,
湖北新闻,no_media,2022-12-07 09:40:14,2022-12-07 09:43:10,M->M,unknown,
湖北新闻,no_media,2022-12-07 09:43:10,2022-12-09 19:10:02,M->M,unknown,
湖北新闻,no_media,2022-12-09 19:10:02,2022-12-11 08:35:00,M->M,unknown,
湖北新闻,no_media,2022-12-11 08:35:00,2022-12-11 13:25:00,M->M,unknown,
湖北新闻,no_media,2022-12-11 13:25:00,2022-12-11 13:40:01,M->M,unknown,
湖北新闻,no_media,2022-12-11 13:40:01,2022-12-11 16:05:01,M->M,unknown,
湖北新闻,no_media,2022-12-11 16:05:01,2022-12-11 17:00:47,M->M,unknown,
湖北新闻,no_media,2022-12-11 17:00:47,2022-12-12 18:19:04,M->M,unknown,
湖北新闻,no_media,2022-12-12 18:19:04,2022-12-17 21:30:02,M->M,unknown,
湖北新闻,no_media,2022-12-17 21:30:02,2022-12-20 15:51:52,M->M,unknown,
湖北新闻,no_media,2022-12-20 15:51:52,2022-12-25 09:00:03,M->M,unknown,
湖北新闻,no_media,2022-12-25 09:00:03,2022-12-29 15:21:46,M->M,unknown,
湖北新闻,no_media,2022-12-29 15:21:46,2023-01-03 16:45:00,M->M,unknown,
湖北新闻,no_media,2023-01-03 16:45:00,2023-01-07 11:30:00,M->M,unknown,
湖北新闻,no_media,2023-01-07 11:30:00,2023-01-07 13:30:01,M->M,unknown,
湖北新闻,no_media,2023-01-07 13:30:01,2023-01-08 21:42:49,M->M,unknown,
湖北新闻,no_media,2023-01-08 21:42:49,2023-01-26 19:49:42,M->M,unknown,
湖北新闻,no_media,2023-01-26 19:49:42,2023-01-31 17:45:00,M->M,unknown,
湖北新闻,no_media,2023-01-31 17:45:00,2023-03-01 09:40:01,M->M,unknown,
湖北电视台官方微博,no_media,2020-02-17 01:09:05,2021-03-31 16:31:35,M->M,unknown,
湖北电视台官方微博,no_media,2021-03-31 16:31:35,2021-04-19 19:00:27,M->M,unknown,
湖北电视台官方微博,no_media,2021-04-19 19:00:27,2021-04-20 08:00:27,M->M,unknown,
湖北电视台官方微博,no_media,2021-04-20 08:00:27,2021-08-14 10:40:26,M->M,unknown,
湖北电视台官方微博,no_media,2021-08-14 10:40:26,2022-01-02 22:30:04,M->M,unknown,
湖北电视台官方微博,no_media,2022-01-02 22:30:04,2022-11-27 16:56:55,M->M,unknown,
湖北电视台官方微博,no_media,2022-11-27 16:56:55,2022-12-07 10:18:34,M->M,unknown,
湖北电视台官方微博,no_media,2022-12-07 10:18:34,2022-12-29 20:00:12,M->M,unknown,
湖北省政府门户网站,no_media,2020-02-19 19:40:03,2020-02-27 08:25:03,M->M,unknown,
湖北省政府门户网站,no_media,2020-02-27 08:25:03,2020-02-29 12:29:16,M->M,unknown,
湖北省政府门户网站,no_media,2020-02-29 12:29:16,2020-03-05 21:06:32,M->M,unknown,
湖北省政府门户网站,no_media,2020-03-05 21:06:32,2020-03-14 16:45:03,M->M,unknown,
湖北省政府门户网站,no_media,2020-03-14 16:45:03,2020-03-30 19:59:12,M->M,unknown,
湖北省政府门户网站,no_media,2020-03-30 19:59:12,2020-04-24 17:41:57,M->M,unknown,
湖北省政府门户网站,no_media,2020-04-24 17:41:57,2021-04-09 17:40:03,M->M,unknown,
湖北省政府门户网站,no_media,2021-04-09 17:40:03,2021-08-13 20:57:16,M->M,unknown,
湖北省政府门户网站,no_media,2021-08-13 20:57:16,2021-10-27 22:52:00,M->M,unknown,
湖北省政府门户网站,no_media,2021-10-27 22:52:00,2021-11-17 21:15:01,M->M,unknown,
湖北省政府门户网站,no_media,2021-11-17 21:15:01,2022-01-01 12:36:00,M->M,unknown,
湖北省政府门户网站,no_media,2022-01-01 12:36:00,2022-01-02 22:47:24,M->M,unknown,
湖北省政府门户网站,no_media,2022-01-02 22:47:24,2022-02-24 15:47:38,M->M,unknown,
湖北省政府门户网站,no_media,2022-02-24 15:47:38,2022-04-19 14:03:00,M->M,unknown,
湖北省政府门户网站,no_media,2022-04-19 14:03:00,2022-04-28 14:16:11,M->M,unknown,
湖北省政府门户网站,no_media,2022-04-28 14:16:11,2022-05-20 22:10:48,M->M,unknown,
湖北省政府门户网站,no_media,2022-05-20 22:10:48,2022-06-03 09:30:00,M->M,unknown,
湖北省政府门户网站,no_media,2022-06-03 09:30:00,2022-07-23 20:07:36,M->M,unknown,
湖北省政府门户网站,no_media,2022-07-23 20:07:36,2022-08-25 17:50:02,M->M,unknown,
湖北省政府门户网站,no_media,2022-08-25 17:50:02,2022-10-05 18:27:00,M->M,unknown,
湖北省政府门户网站,no_media,2022-10-05 18:27:00,2022-10-15 10:42:12,M->M,unknown,
湖北省政府门户网站,no_media,2022-10-15 10:42:12,2022-11-23 10:07:46,M->M,unknown,
湖北省政府门户网站,no_media,2022-11-23 10:07:46,2022-12-04 17:23:00,M->M,unknown,
湖北省政府门户网站,no_media,2022-12-04 17:23:00,2022-12-08 23:17:10,M->M,unknown,
湖北省政府门户网站,no_media,2022-12-08 23:17:10,2022-12-09 09:28:01,M->M,unknown,
湖北省政府门户网站,no_media,2022-12-09 09:28:01,2022-12-15 17:28:03,M->M,unknown,
湖北省政府门户网站,no_media,2022-12-15 17:28:03,2022-12-18 15:57:00,M->M,unknown,
湖北省政府门户网站,no_media,2022-12-18 15:57:00,2022-12-19 11:17:00,M->M,unknown,
湖北省政府门户网站,no_media,2022-12-19 11:17:00,2022-12-24 19:23:00,M->M,unknown,
湖北省政府门户网站,no_media,2022-12-24 19:23:00,2022-12-25 16:04:13,M->M,unknown,
湖北省政府门户网站,no_media,2022-12-25 16:04:13,2022-12-30 10:42:00,M->M,unknown,
湖北省政府门户网站,no_media,2022-12-30 10:42:00,2023-01-07 10:47:00,M->M,unknown,
湖北省政府门户网站,no_media,2023-01-07 10:47:00,2023-01-14 15:12:01,M->M,unknown,
湖北省政府门户网站,no_media,2023-01-14 15:12:01,2023-01-18 17:38:00,M->M,unknown,
湖北省政府门户网站,no_media,2023-01-18 17:38:00,2023-02-27 18:00:03,M->M,unknown,
湖北省政府门户网站,no_media,2023-02-27 18:00:03,2023-05-28 09:40:00,M->M,unknown,
湖北省政府门户网站,no_media,2023-05-28 09:40:00,2023-12-10 20:52:00,M->M,unknown,
湖南民生网,no_media,2020-05-28 10:02:56,2022-12-01 14:13:37,M->M,unknown,
湖南民生网,no_media,2022-12-01 14:13:37,2022-12-11 12:59:24,M->M,unknown,
湖南民生网,no_media,2022-12-11 12:59:24,2022-12-18 14:52:17,M->M,unknown,
湖南民生网,no_media,2022-12-18 14:52:17,2023-01-01 21:05:51,M->M,unknown,
湖报体育,no_media,2020-12-13 19:25:40,2022-05-30 22:50:24,M->L,unknown,
湖报体育,no_media,2022-05-30 22:50:24,2022-05-31 13:42:24,L->M,unknown,
湖报体育,no_media,2022-05-31 13:42:24,2022-06-13 16:40:20,M->M,unknown,
湖报体育,no_media,2022-06-13 16:40:20,2022-07-15 09:42:51,M->M,unknown,
源-氏-物-语,no_media,2022-12-22 13:22:00,2022-12-23 17:16:00,L->H,unknown,
源-氏-物-语,no_media,2022-12-23 17:16:00,2022-12-23 21:24:00,H->L,unknown,
源-氏-物-语,no_media,2022-12-23 21:24:00,2022-12-28 00:37:00,L->M,unknown,
源-氏-物-语,no_media,2022-12-28 00:37:00,2023-01-01 09:45:00,M->L,unknown,
源-氏-物-语,no_media,2023-01-01 09:45:00,2023-01-03 13:47:00,L->L,unknown,
源-氏-物-语,no_media,2023-01-03 13:47:00,2023-01-05 17:43:00,L->M,unknown,
溧阳人在珀斯,dual,2021-08-01 04:29:00,2021-08-01 05:16:00,M->H,unknown,
溧阳人在珀斯,dual,2021-08-01 05:16:00,2021-08-03 09:27:00,H->M,unknown,
溧阳人在珀斯,dual,2021-08-03 09:27:00,2021-08-03 11:12:00,M->M,unknown,
溧阳人在珀斯,dual,2021-08-03 11:12:00,2021-08-07 16:12:00,M->M,unknown,
溧阳人在珀斯,dual,2021-08-07 16:12:00,2021-08-09 11:20:00,M->M,unknown,
溧阳人在珀斯,dual,2021-08-09 11:20:00,2021-08-09 11:21:00,M->M,unknown,
溧阳人在珀斯,dual,2021-08-09 11:21:00,2021-12-29 04:35:00,M->M,unknown,
溧阳人在珀斯,dual,2021-12-29 04:35:00,2021-12-29 04:37:00,M->H,unknown,
溧阳人在珀斯,dual,2021-12-29 04:37:00,2022-01-07 01:22:00,H->M,unknown,
溧阳人在珀斯,dual,2022-01-07 01:22:00,2022-01-08 16:53:00,M->M,unknown,
溧阳人在珀斯,dual,2022-01-08 16:53:00,2022-01-11 09:39:00,M->M,unknown,
溧阳人在珀斯,dual,2022-01-11 09:39:00,2022-01-11 11:22:00,M->M,unknown,
溧阳人在珀斯,dual,2022-01-11 11:22:00,2022-01-12 06:29:00,M->H,unknown,
溧阳人在珀斯,dual,2022-01-12 06:29:00,2022-01-15 03:46:00,H->M,unknown,
溧阳人在珀斯,dual,2022-01-15 03:46:00,2022-01-23 21:06:00,M->M,unknown,
溧阳人在珀斯,dual,2022-01-23 21:06:00,2022-01-25 15:39:00,M->M,unknown,
溧阳人在珀斯,dual,2022-01-25 15:39:00,2022-01-26 00:30:00,M->M,unknown,
溧阳人在珀斯,dual,2022-01-26 00:30:00,2022-11-24 23:21:00,M->M,unknown,
溧阳人在珀斯,dual,2022-11-24 23:21:00,2022-12-02 22:03:00,M->H,unknown,
溧阳人在珀斯,dual,2022-12-02 22:03:00,2022-12-05 14:59:00,H->M,unknown,
溧阳人在珀斯,dual,2022-12-05 14:59:00,2022-12-05 15:17:00,M->M,unknown,
溧阳人在珀斯,dual,2022-12-05 15:17:00,2022-12-07 11:49:00,M->H,unknown,
溧阳人在珀斯,dual,2022-12-07 11:49:00,2022-12-08 16:53:00,H->M,norisk,0.0
溧阳人在珀斯,dual,2022-12-08 16:53:00,2022-12-08 18:26:00,M->H,norisk,0.0
溧阳人在珀斯,dual,2022-12-08 18:26:00,2022-12-09 14:36:00,H->M,norisk,0.0
溧阳人在珀斯,dual,2022-12-09 14:36:00,2022-12-15 23:14:00,M->M,norisk,0.0
滁州楼市,no_media,2022-05-01 09:32:05,2022-09-04 09:28:19,M->M,unknown,
滁州楼市,no_media,2022-09-04 09:28:19,2022-12-01 14:21:37,M->M,unknown,
滁州楼市,no_media,2022-12-01 14:21:37,2022-12-03 17:35:20,M->M,unknown,
滁州楼市,no_media,2022-12-03 17:35:20,2022-12-16 08:28:41,M->M,unknown,
滁州楼市,no_media,2022-12-16 08:28:41,2022-12-20 23:55:14,M->M,unknown,
滁州楼市,no_media,2022-12-20 23:55:14,2022-12-30 12:27:20,M->M,unknown,
滨城时报,no_media,2020-02-20 10:29:03,2020-03-05 21:55:03,M->M,unknown,
滨城时报,no_media,2020-03-05 21:55:03,2020-03-18 17:57:03,M->M,unknown,
滨城时报,no_media,2020-03-18 17:57:03,2020-06-22 09:05:03,M->M,unknown,
滨城时报,no_media,2020-06-22 09:05:03,2021-01-08 10:16:04,M->M,unknown,
潇洒的瑷娃,no_media,2022-12-20 10:34:00,2022-12-25 20:14:00,M->M,unknown,
潇洒的瑷娃,no_media,2022-12-25 20:14:00,2022-12-26 23:20:00,M->M,unknown,
潇洒的瑷娃,no_media,2022-12-26 23:20:00,2022-12-26 23:22:00,M->L,unknown,
潇洒的瑷娃,no_media,2022-12-26 23:22:00,2022-12-27 05:24:00,L->M,unknown,
潇洒的瑷娃,no_media,2022-12-27 05:24:00,2022-12-27 05:31:00,M->L,unknown,
潍坊新闻网,no_media,2021-08-06 10:26:13,2023-09-13 19:33:37,M->M,unknown,
潍坊新闻网,no_media,2023-09-13 19:33:37,2023-12-13 15:15:26,M->M,unknown,
潜龙爆笑,no_media,2021-12-17 08:20:00,2022-01-03 12:27:00,M->M,unknown,
澄城检察,no_media,2020-02-15 00:05:24,2020-02-17 00:03:04,M->M,unknown,
澄城检察,no_media,2020-02-17 00:03:04,2020-02-19 09:49:17,M->M,unknown,
澄城检察,no_media,2020-02-19 09:49:17,2020-02-19 10:48:33,M->M,unknown,
澄城检察,no_media,2020-02-19 10:48:33,2020-02-19 23:36:32,M->M,unknown,
澄城检察,no_media,2020-02-19 23:36:32,2020-03-03 22:31:12,M->M,unknown,
澄城检察,no_media,2020-03-03 22:31:12,2020-03-04 00:22:29,M->M,unknown,
澄城检察,no_media,2020-03-04 00:22:29,2020-03-08 10:53:53,M->M,unknown,
澄城检察,no_media,2020-03-08 10:53:53,2020-05-06 11:47:49,M->M,unknown,
澄城检察,no_media,2020-05-06 11:47:49,2020-05-26 17:52:32,M->M,unknown,
澄城检察,no_media,2020-05-26 17:52:32,2020-08-03 14:05:43,M->M,unknown,
澄城检察,no_media,2020-08-03 14:05:43,2020-11-26 09:58:40,M->M,unknown,
澄城检察,no_media,2020-11-26 09:58:40,2020-12-14 15:56:40,M->M,unknown,
澄城检察,no_media,2020-12-14 15:56:40,2021-03-06 10:01:44,M->M,unknown,
澄城检察,no_media,2021-03-06 10:01:44,2022-12-02 08:03:02,M->M,unknown,
澄城检察,no_media,2022-12-02 08:03:02,2022-12-09 18:19:35,M->M,unknown,
澄城检察,no_media,2022-12-09 18:19:35,2022-12-13 07:49:42,M->M,unknown,
澄城检察,no_media,2022-12-13 07:49:42,2022-12-19 08:54:30,M->M,unknown,
澄城检察,no_media,2022-12-19 08:54:30,2022-12-27 09:30:34,M->M,unknown,
澎湃新闻,no_media,2017-01-13 22:49:11,2020-02-13 17:52:03,M->M,unknown,
澎湃新闻,no_media,2020-02-13 17:52:03,2020-02-14 22:01:20,M->M,unknown,
澎湃新闻,no_media,2020-02-14 22:01:20,2020-02-23 15:37:03,M->M,unknown,
澎湃新闻,no_media,2020-02-23 15:37:03,2020-03-11 10:35:03,M->M,unknown,
澎湃新闻,no_media,2020-03-11 10:35:03,2020-03-24 11:34:58,M->M,unknown,
澎湃新闻,no_media,2020-03-24 11:34:58,2020-05-20 14:13:50,M->M,unknown,
澎湃新闻,no_media,2020-05-20 14:13:50,2021-02-26 07:33:05,M->M,unknown,
澎湃新闻,no_media,2021-02-26 07:33:05,2021-04-27 14:18:40,M->M,unknown,
澎湃新闻,no_media,2021-04-27 14:18:40,2021-07-20 08:12:35,M->M,unknown,
澎湃新闻,no_media,2021-07-20 08:12:35,2021-08-03 11:04:34,M->M,unknown,
澎湃新闻,no_media,2021-08-03 11:04:34,2021-11-23 12:52:53,M->M,unknown,
澎湃新闻,no_media,2021-11-23 12:52:53,2021-11-30 19:10:02,M->M,unknown,
澎湃新闻,no_media,2021-11-30 19:10:02,2022-01-08 16:15:49,M->M,unknown,
澎湃新闻,no_media,2022-01-08 16:15:49,2022-02-12 09:31:49,M->M,unknown,
澎湃新闻,no_media,2022-02-12 09:31:49,2022-03-16 20:15:00,M->M,unknown,
澎湃新闻,no_media,2022-03-16 20:15:00,2022-04-01 16:09:03,M->M,unknown,
澎湃新闻,no_media,2022-04-01 16:09:03,2022-04-18 10:18:43,M->M,unknown,
澎湃新闻,no_media,2022-04-18 10:18:43,2022-04-22 17:44:41,M->M,unknown,
澎湃新闻,no_media,2022-04-22 17:44:41,2022-04-23 10:21:00,M->M,unknown,
澎湃新闻,no_media,2022-04-23 10:21:00,2022-04-27 07:33:58,M->M,unknown,
澎湃新闻,no_media,2022-04-27 07:33:58,2022-04-28 10:14:54,M->M,unknown,
澎湃新闻,no_media,2022-04-28 10:14:54,2022-04-29 10:31:53,M->M,unknown,
澎湃新闻,no_media,2022-04-29 10:31:53,2022-05-13 08:00:05,M->M,unknown,
澎湃新闻,no_media,2022-05-13 08:00:05,2022-05-16 21:15:03,M->M,unknown,
澎湃新闻,no_media,2022-05-16 21:15:03,2022-05-18 08:02:04,M->M,unknown,
澎湃新闻,no_media,2022-05-18 08:02:04,2022-05-25 14:21:00,M->M,unknown,
澎湃新闻,no_media,2022-05-25 14:21:00,2022-05-31 15:59:00,M->M,unknown,
澎湃新闻,no_media,2022-05-31 15:59:00,2022-06-02 11:55:00,M->M,unknown,
澎湃新闻,no_media,2022-06-02 11:55:00,2022-06-02 22:19:44,M->M,unknown,
澎湃新闻,no_media,2022-06-02 22:19:44,2022-06-07 12:28:12,M->M,unknown,
澎湃新闻,no_media,2022-06-07 12:28:12,2022-06-11 10:59:01,M->M,unknown,
澎湃新闻,no_media,2022-06-11 10:59:01,2022-06-13 12:56:43,M->M,unknown,
澎湃新闻,no_media,2022-06-13 12:56:43,2022-06-21 09:53:18,M->M,unknown,
澎湃新闻,no_media,2022-06-21 09:53:18,2022-06-21 21:44:15,M->M,unknown,
澎湃新闻,no_media,2022-06-21 21:44:15,2022-07-22 15:32:44,M->M,unknown,
澎湃新闻,no_media,2022-07-22 15:32:44,2022-12-01 16:40:11,M->M,unknown,
澎湃新闻,no_media,2022-12-01 16:40:11,2022-12-04 21:39:08,M->M,unknown,
澎湃新闻,no_media,2022-12-04 21:39:08,2022-12-06 08:27:35,M->M,unknown,
澎湃新闻,no_media,2022-12-06 08:27:35,2022-12-07 13:27:12,M->M,unknown,
澎湃新闻,no_media,2022-12-07 13:27:12,2022-12-07 16:16:17,M->M,unknown,
澎湃新闻,no_media,2022-12-07 16:16:17,2022-12-07 19:01:03,M->M,unknown,
澎湃新闻,no_media,2022-12-07 19:01:03,2022-12-08 14:51:54,M->M,unknown,
澎湃新闻,no_media,2022-12-08 14:51:54,2022-12-09 09:09:32,M->M,unknown,
澎湃新闻,no_media,2022-12-09 09:09:32,2022-12-09 17:56:44,M->M,unknown,
澎湃新闻,no_media,2022-12-09 17:56:44,2022-12-14 14:37:00,M->M,unknown,
澎湃新闻,no_media,2022-12-14 14:37:00,2022-12-14 15:15:29,M->M,unknown,
澎湃新闻,no_media,2022-12-14 15:15:29,2022-12-15 20:38:30,M->M,unknown,
澎湃新闻,no_media,2022-12-15 20:38:30,2022-12-16 15:14:31,M->M,unknown,
澎湃新闻,no_media,2022-12-16 15:14:31,2022-12-25 15:18:54,M->M,unknown,
澎湃新闻,no_media,2022-12-25 15:18:54,2022-12-27 15:40:33,M->M,unknown,
澎湃新闻,no_media,2022-12-27 15:40:33,2022-12-30 15:49:47,M->M,unknown,
澎湃新闻,no_media,2022-12-30 15:49:47,2022-12-30 16:42:39,M->M,unknown,
澎湃新闻,no_media,2022-12-30 16:42:39,2022-12-31 09:13:24,M->M,unknown,
澎湃新闻,no_media,2022-12-31 09:13:24,2022-12-31 11:27:40,M->M,unknown,
澎湃新闻,no_media,2022-12-31 11:27:40,2023-01-01 10:19:48,M->M,unknown,
澎湃新闻,no_media,2023-01-01 10:19:48,2023-01-01 19:17:37,M->M,unknown,
澎湃新闻,no_media,2023-01-01 19:17:37,2023-01-02 07:44:04,M->M,unknown,
澎湃新闻,no_media,2023-01-02 07:44:04,2023-01-03 07:55:41,M->M,unknown,
澎湃新闻,no_media,2023-01-03 07:55:41,2023-01-03 16:59:20,M->M,unknown,
澎湃新闻,no_media,2023-01-03 16:59:20,2023-01-03 18:59:51,M->M,unknown,
澎湃新闻,no_media,2023-01-03 18:59:51,2023-01-04 17:05:00,M->M,unknown,
澎湃新闻,no_media,2023-01-04 17:05:00,2023-01-06 18:59:51,M->M,unknown,
澎湃新闻,no_media,2023-01-06 18:59:51,2023-01-07 08:10:18,M->M,unknown,
澎湃新闻,no_media,2023-01-07 08:10:18,2023-01-19 16:58:21,M->M,unknown,
澎湃新闻,no_media,2023-01-19 16:58:21,2023-02-14 20:29:30,M->M,unknown,
澎湃新闻,no_media,2023-02-14 20:29:30,2023-02-21 17:09:36,M->M,unknown,
澎湃新闻,no_media,2023-02-21 17:09:36,2023-03-30 21:55:12,M->M,unknown,
澎湃新闻,no_media,2023-03-30 21:55:12,2024-01-01 07:47:45,M->M,unknown,
澎湃质量观,no_media,2020-02-08 16:00:04,2020-02-13 19:21:03,M->M,unknown,
澎湃质量观,no_media,2020-02-13 19:21:03,2021-02-26 08:35:47,M->M,unknown,
澎湃质量观,no_media,2021-02-26 08:35:47,2021-11-30 21:30:05,M->M,unknown,
澎湃质量观,no_media,2021-11-30 21:30:05,2023-11-17 13:32:45,M->M,unknown,
澳洲微报AuweNews,no_media,2020-05-14 19:24:00,2022-04-09 14:49:00,H->H,unknown,
澳洲微报AuweNews,no_media,2022-04-09 14:49:00,2022-08-20 16:41:00,H->M,unknown,
灰产圈_,no_media,2022-11-15 14:43:00,2022-12-01 13:08:00,H->M,unknown,
灰产圈_,no_media,2022-12-01 13:08:00,2022-12-03 13:29:00,M->H,unknown,
灰产圈_,no_media,2022-12-03 13:29:00,2022-12-03 13:54:00,H->M,unknown,
灰产圈_,no_media,2022-12-03 13:54:00,2022-12-04 15:18:00,M->M,unknown,
灰产圈_,no_media,2022-12-04 15:18:00,2023-01-09 15:00:00,M->M,unknown,
灰产圈_,no_media,2023-01-09 15:00:00,2023-06-11 15:58:00,M->M,unknown,
灰产圈_,no_media,2023-06-11 15:58:00,2024-01-18 20:32:00,M->M,unknown,
灵蘭仙子,no_media,2024-01-13 18:12:00,2024-01-16 18:40:00,L->M,unknown,
炒饭殿下007,wemedia_only,2023-02-25 15:35:00,2023-04-10 14:30:00,L->M,unknown,
点金榜榜首-石水淼,no_media,2023-01-10 12:00:00,2023-01-30 18:20:00,M->M,unknown,
烟台问家,no_media,2023-01-29 10:39:00,2023-01-29 18:22:00,M->M,unknown,
烟台问家,no_media,2023-01-29 18:22:00,2023-01-31 17:00:00,M->M,unknown,
烟台问家,no_media,2023-01-31 17:00:00,2023-02-02 17:00:00,M->M,unknown,
烟雨楼百年孤独,wemedia_only,2023-01-09 16:20:00,2023-01-09 18:16:00,M->M,unknown,
烟雨楼百年孤独,wemedia_only,2023-01-09 18:16:00,2023-01-15 13:16:00,M->M,unknown,
烟雨楼百年孤独,wemedia_only,2023-01-15 13:16:00,2023-01-19 21:09:00,M->M,unknown,
焦作广播电视台,no_media,2020-11-30 16:46:49,2021-03-29 16:35:07,M->M,unknown,
焦作广播电视台,no_media,2021-03-29 16:35:07,2022-12-07 15:00:50,M->M,unknown,
焦作广播电视台,no_media,2022-12-07 15:00:50,2022-12-24 18:48:42,M->M,unknown,
熊猫和朋友们,no_media,2022-12-21 17:20:00,2023-01-04 17:37:00,M->M,unknown,
熊猫和朋友们,no_media,2023-01-04 17:37:00,2023-01-10 20:57:00,M->M,unknown,
燕赵晚报,no_media,2020-02-16 17:58:03,2020-02-19 23:21:01,M->M,unknown,
燕赵晚报,no_media,2020-02-19 23:21:01,2020-02-20 10:36:03,M->M,unknown,
燕赵晚报,no_media,2020-02-20 10:36:03,2020-03-18 17:36:58,M->M,unknown,
燕赵晚报,no_media,2020-03-18 17:36:58,2020-04-23 15:29:11,M->M,unknown,
燕赵晚报,no_media,2020-04-23 15:29:11,2020-05-28 08:41:34,M->M,unknown,
燕赵晚报,no_media,2020-05-28 08:41:34,2020-08-03 11:32:23,M->M,unknown,
燕赵晚报,no_media,2020-08-03 11:32:23,2021-01-22 16:59:39,M->M,unknown,
燕赵晚报,no_media,2021-01-22 16:59:39,2021-03-27 19:00:03,M->M,unknown,
燕赵晚报,no_media,2021-03-27 19:00:03,2021-05-05 21:29:03,M->M,unknown,
燕赵晚报,no_media,2021-05-05 21:29:03,2021-07-30 16:51:03,M->M,unknown,
燕赵晚报,no_media,2021-07-30 16:51:03,2022-09-15 14:03:08,M->M,unknown,
燕赵晚报,no_media,2022-09-15 14:03:08,2022-12-19 14:57:03,M->M,unknown,
燕赵晚报,no_media,2022-12-19 14:57:03,2023-01-18 16:33:41,M->M,unknown,
燚橙健康,no_media,2022-03-15 13:49:00,2022-03-15 16:51:00,H->M,unknown,
爱上昌平,no_media,2020-12-25 16:55:01,2021-11-25 13:51:44,M->M,unknown,
爱上昌平,no_media,2021-11-25 13:51:44,2021-12-20 22:09:19,M->M,unknown,
爱上昌平,no_media,2021-12-20 22:09:19,2022-01-25 22:48:22,M->M,unknown,
爱健身滴阿茶smiling,no_media,2023-01-24 21:34:00,2023-01-27 19:26:00,L->L,unknown,
爱健身滴阿茶smiling,no_media,2023-01-27 19:26:00,2023-02-01 00:42:00,L->L,unknown,
爱吃果冻的长颈鹿,no_media,2023-04-26 20:36:00,2023-04-30 00:35:00,L->H,unknown,
爱吃果冻的长颈鹿,no_media,2023-04-30 00:35:00,2023-05-03 20:58:00,H->H,unknown,
爱吃果冻的长颈鹿,no_media,2023-05-03 20:58:00,2023-05-06 13:37:00,H->M,unknown,
爱吃果冻的长颈鹿,no_media,2023-05-06 13:37:00,2023-05-22 10:39:00,M->M,unknown,
爱吃果冻的长颈鹿,no_media,2023-05-22 10:39:00,2023-05-23 11:47:00,M->L,unknown,
爱吃果冻的长颈鹿,no_media,2023-05-23 11:47:00,2023-05-25 10:57:00,L->L,unknown,
爱吃果冻的长颈鹿,no_media,2023-05-25 10:57:00,2023-05-29 16:24:00,L->M,unknown,
爱吃果冻的长颈鹿,no_media,2023-05-29 16:24:00,2023-06-02 13:12:00,M->H,unknown,
爱吃果冻的长颈鹿,no_media,2023-06-02 13:12:00,2023-06-08 17:36:00,H->H,unknown,
爱好吃喝玩乐的画家,no_media,2023-01-09 20:02:00,2023-01-22 23:36:00,M->M,unknown,
爱济南发布,no_media,2021-08-01 12:34:00,2022-03-14 13:48:00,M->M,unknown,
爱济南发布,no_media,2022-03-14 13:48:00,2022-03-14 13:48:38,M->M,unknown,
爱济南发布,no_media,2022-03-14 13:48:38,2022-12-07 14:28:37,M->M,unknown,
爱济南发布,no_media,2022-12-07 14:28:37,2022-12-08 11:52:07,M->M,unknown,
爱济南发布,no_media,2022-12-08 11:52:07,2023-01-06 11:31:20,M->M,unknown,
爱济南发布,no_media,2023-01-06 11:31:20,2023-05-28 10:29:11,M->M,unknown,
爱看头条,no_media,2020-03-02 18:30:17,2020-03-13 07:34:58,M->M,unknown,
爱看头条,no_media,2020-03-13 07:34:58,2020-03-18 17:50:13,M->M,unknown,
爱看头条,no_media,2020-03-18 17:50:13,2020-04-14 22:12:23,M->M,unknown,
爱看头条,no_media,2020-04-14 22:12:23,2020-05-28 07:56:34,M->M,unknown,
爱看头条,no_media,2020-05-28 07:56:34,2020-12-27 10:44:38,M->M,unknown,
爱看头条,no_media,2020-12-27 10:44:38,2020-12-30 16:21:39,M->M,unknown,
爱看头条,no_media,2020-12-30 16:21:39,2021-01-07 21:29:40,M->M,unknown,
爱看头条,no_media,2021-01-07 21:29:40,2021-02-20 15:09:01,M->M,unknown,
爱看头条,no_media,2021-02-20 15:09:01,2021-03-08 18:08:21,M->M,unknown,
爱看头条,no_media,2021-03-08 18:08:21,2021-03-29 15:15:56,M->M,unknown,
爱看头条,no_media,2021-03-29 15:15:56,2021-04-06 16:12:16,M->M,unknown,
爱看头条,no_media,2021-04-06 16:12:16,2021-04-13 09:55:31,M->M,unknown,
爱看头条,no_media,2021-04-13 09:55:31,2021-11-04 08:52:20,M->M,unknown,
爱看头条,no_media,2021-11-04 08:52:20,2022-01-08 15:52:01,M->M,unknown,
爱看头条,no_media,2022-01-08 15:52:01,2022-01-12 10:52:29,M->M,unknown,
爱看头条,no_media,2022-01-12 10:52:29,2022-02-12 09:31:29,M->M,unknown,
爱看头条,no_media,2022-02-12 09:31:29,2022-02-21 09:44:55,M->M,unknown,
爱看头条,no_media,2022-02-21 09:44:55,2022-04-17 14:40:58,M->M,unknown,
爱看头条,no_media,2022-04-17 14:40:58,2022-04-28 08:04:33,M->M,unknown,
爱看头条,no_media,2022-04-28 08:04:33,2022-05-03 08:55:02,M->M,unknown,
爱看头条,no_media,2022-05-03 08:55:02,2022-05-06 07:52:34,M->M,unknown,
爱看头条,no_media,2022-05-06 07:52:34,2022-05-09 07:53:01,M->M,unknown,
爱看头条,no_media,2022-05-09 07:53:01,2022-05-10 07:50:57,M->M,unknown,
爱看头条,no_media,2022-05-10 07:50:57,2022-05-12 08:56:26,M->M,unknown,
爱看头条,no_media,2022-05-12 08:56:26,2022-05-14 08:25:42,M->M,unknown,
爱看头条,no_media,2022-05-14 08:25:42,2022-07-29 11:40:54,M->M,unknown,
爱看头条,no_media,2022-07-29 11:40:54,2022-08-30 08:04:58,M->M,unknown,
爱看头条,no_media,2022-08-30 08:04:58,2022-09-08 20:13:34,M->M,unknown,
爱看头条,no_media,2022-09-08 20:13:34,2022-11-21 19:53:34,M->M,unknown,
爱看头条,no_media,2022-11-21 19:53:34,2022-12-01 12:07:33,M->M,unknown,
爱看头条,no_media,2022-12-01 12:07:33,2022-12-07 13:28:41,M->M,unknown,
爱看头条,no_media,2022-12-07 13:28:41,2022-12-09 08:56:30,M->M,unknown,
爱看头条,no_media,2022-12-09 08:56:30,2022-12-16 08:06:09,M->M,unknown,
爱看头条,no_media,2022-12-16 08:06:09,2022-12-18 15:28:49,M->M,unknown,
爱看头条,no_media,2022-12-18 15:28:49,2022-12-22 10:29:32,M->M,unknown,
爱看头条,no_media,2022-12-22 10:29:32,2023-01-21 11:58:10,M->M,unknown,
爱看头条,no_media,2023-01-21 11:58:10,2023-03-20 15:25:18,M->M,unknown,
牛城晚报,no_media,2020-06-05 22:13:59,2020-06-08 23:14:47,M->M,unknown,
牛城晚报,no_media,2020-06-08 23:14:47,2021-11-11 09:54:49,M->M,unknown,
牛城晚报,no_media,2021-11-11 09:54:49,2022-05-08 08:44:17,M->M,unknown,
牛城晚报,no_media,2022-05-08 08:44:17,2022-05-09 08:16:51,M->M,unknown,
牛瑲,no_media,2023-03-10 09:42:00,2023-03-18 22:26:00,L->M,unknown,
独立小楼99,dual,2022-12-30 15:26:00,2022-12-31 15:00:00,M->M,norisk,0.25
玉门市融媒体中心,no_media,2022-12-07 09:29:08,2022-12-07 13:31:11,M->M,unknown,
玉门市融媒体中心,no_media,2022-12-07 13:31:11,2022-12-14 11:48:54,M->M,unknown,
玉门市融媒体中心,no_media,2022-12-14 11:48:54,2023-01-03 09:38:59,M->M,unknown,
玉门市融媒体中心,no_media,2023-01-03 09:38:59,2023-01-03 09:40:22,M->M,unknown,
玉门市融媒体中心,no_media,2023-01-03 09:40:22,2023-01-03 11:24:43,M->M,unknown,
玉门市融媒体中心,no_media,2023-01-03 11:24:43,2023-01-18 17:58:08,M->M,unknown,
玉门市融媒体中心,no_media,2023-01-18 17:58:08,2023-01-25 10:57:00,M->M,unknown,
王孟源dudu,no_media,2021-08-04 07:46:23,2021-10-31 17:00:07,M->M,unknown,
王孟源dudu,no_media,2021-10-31 17:00:07,2022-01-08 10:56:47,M->M,unknown,
王孟源dudu,no_media,2022-01-08 10:56:47,2022-10-11 07:37:19,M->M,unknown,
王孟源dudu,no_media,2022-10-11 07:37:19,2024-05-17 07:24:55,M->M,unknown,
王敬刮痧,no_media,2020-01-24 18:35:10,2023-01-26 12:13:05,M->M,unknown,
王言嘉-,wemedia_only,2022-12-04 16:37:00,2022-12-16 10:49:00,M->M,norisk,0.0
王言嘉-,wemedia_only,2022-12-16 10:49:00,2023-01-14 11:20:00,M->M,norisk,0.0
王言嘉-,wemedia_only,2023-01-14 11:20:00,2023-01-16 21:27:00,M->M,risk,1.0
王言嘉-,wemedia_only,2023-01-16 21:27:00,2023-01-28 20:48:00,M->M,norisk,0.0
王进学医生,no_media,2023-03-18 15:24:00,2023-05-15 17:20:00,M->M,unknown,
环球人物,no_media,2020-09-12 12:00:04,2021-08-03 16:32:20,M->M,unknown,
环球人物,no_media,2021-08-03 16:32:20,2022-01-12 16:38:31,M->M,unknown,
环球人物,no_media,2022-01-12 16:38:31,2023-01-21 12:31:50,M->M,unknown,
环球时报,no_media,2020-08-01 15:30:03,2020-08-03 11:25:35,M->M,unknown,
环球时报,no_media,2020-08-03 11:25:35,2020-10-02 16:50:03,M->M,unknown,
环球时报,no_media,2020-10-02 16:50:03,2020-11-02 10:10:03,M->M,unknown,
环球时报,no_media,2020-11-02 10:10:03,2020-12-29 12:30:03,M->M,unknown,
环球时报,no_media,2020-12-29 12:30:03,2021-01-07 20:50:03,M->M,unknown,
环球时报,no_media,2021-01-07 20:50:03,2021-01-22 16:56:16,M->M,unknown,
环球时报,no_media,2021-01-22 16:56:16,2021-03-24 20:30:03,M->M,unknown,
环球时报,no_media,2021-03-24 20:30:03,2021-05-26 15:30:03,M->M,unknown,
环球时报,no_media,2021-05-26 15:30:03,2021-06-05 14:50:03,M->M,unknown,
环球时报,no_media,2021-06-05 14:50:03,2021-12-03 08:30:01,M->M,unknown,
环球时报,no_media,2021-12-03 08:30:01,2022-01-08 16:15:44,M->M,unknown,
环球时报,no_media,2022-01-08 16:15:44,2022-02-12 09:30:01,M->M,unknown,
环球时报,no_media,2022-02-12 09:30:01,2022-04-07 07:30:01,M->M,unknown,
环球时报,no_media,2022-04-07 07:30:01,2022-04-18 08:05:55,M->M,unknown,
环球时报,no_media,2022-04-18 08:05:55,2022-04-23 07:56:31,M->M,unknown,
环球时报,no_media,2022-04-23 07:56:31,2022-04-24 07:54:03,M->M,unknown,
环球时报,no_media,2022-04-24 07:54:03,2022-04-26 07:52:17,M->M,unknown,
环球时报,no_media,2022-04-26 07:52:17,2022-04-28 08:05:08,M->M,unknown,
环球时报,no_media,2022-04-28 08:05:08,2022-04-30 07:54:38,M->M,unknown,
环球时报,no_media,2022-04-30 07:54:38,2022-05-01 08:50:00,M->M,unknown,
环球时报,no_media,2022-05-01 08:50:00,2022-05-03 08:50:00,M->M,unknown,
环球时报,no_media,2022-05-03 08:50:00,2022-05-05 08:36:14,M->M,unknown,
环球时报,no_media,2022-05-05 08:36:14,2022-05-06 09:30:00,M->M,unknown,
环球时报,no_media,2022-05-06 09:30:00,2022-05-07 07:49:30,M->M,unknown,
环球时报,no_media,2022-05-07 07:49:30,2022-05-08 08:05:40,M->M,unknown,
环球时报,no_media,2022-05-08 08:05:40,2022-05-09 08:03:27,M->M,unknown,
环球时报,no_media,2022-05-09 08:03:27,2022-05-10 07:50:11,M->M,unknown,
环球时报,no_media,2022-05-10 07:50:11,2022-05-13 07:48:41,M->M,unknown,
环球时报,no_media,2022-05-13 07:48:41,2022-05-18 07:53:23,M->M,unknown,
环球时报,no_media,2022-05-18 07:53:23,2022-05-22 07:49:27,M->M,unknown,
环球时报,no_media,2022-05-22 07:49:27,2022-05-24 07:55:28,M->M,unknown,
环球时报,no_media,2022-05-24 07:55:28,2022-05-26 08:20:00,M->M,unknown,
环球时报,no_media,2022-05-26 08:20:00,2022-05-31 22:10:01,M->M,unknown,
环球时报,no_media,2022-05-31 22:10:01,2022-09-02 11:55:31,M->M,unknown,
环球时报,no_media,2022-09-02 11:55:31,2022-11-17 21:30:00,M->M,unknown,
环球时报,no_media,2022-11-17 21:30:00,2022-12-01 14:10:46,M->M,unknown,
环球时报,no_media,2022-12-01 14:10:46,2022-12-02 23:07:38,M->M,unknown,
环球时报,no_media,2022-12-02 23:07:38,2022-12-06 22:30:00,M->M,unknown,
环球时报,no_media,2022-12-06 22:30:00,2022-12-07 13:29:31,M->M,unknown,
环球时报,no_media,2022-12-07 13:29:31,2022-12-07 18:00:05,M->M,unknown,
环球时报,no_media,2022-12-07 18:00:05,2022-12-07 23:00:03,M->M,unknown,
环球时报,no_media,2022-12-07 23:00:03,2022-12-08 11:10:09,M->M,unknown,
环球时报,no_media,2022-12-08 11:10:09,2022-12-11 19:16:53,M->M,unknown,
环球时报,no_media,2022-12-11 19:16:53,2022-12-16 08:30:00,M->M,unknown,
环球时报,no_media,2022-12-16 08:30:00,2022-12-27 08:52:09,M->M,unknown,
环球时报,no_media,2022-12-27 08:52:09,2023-01-14 19:09:33,M->M,unknown,
环球时报,no_media,2023-01-14 19:09:33,2023-01-21 11:20:47,M->M,unknown,
环球时报,no_media,2023-01-21 11:20:47,2023-02-17 17:30:02,M->M,unknown,
环球时报环球旅游,no_media,2020-05-28 10:46:21,2020-07-28 21:37:22,M->M,unknown,
环球时报环球旅游,no_media,2020-07-28 21:37:22,2020-09-24 16:00:04,M->M,unknown,
环球时报环球旅游,no_media,2020-09-24 16:00:04,2020-09-30 12:05:03,M->M,unknown,
环球时报环球旅游,no_media,2020-09-30 12:05:03,2021-02-20 16:06:39,M->M,unknown,
环球时报环球旅游,no_media,2021-02-20 16:06:39,2021-02-26 10:24:58,M->M,unknown,
环球时报环球旅游,no_media,2021-02-26 10:24:58,2021-05-18 13:20:30,M->M,unknown,
环球时报环球旅游,no_media,2021-05-18 13:20:30,2022-04-24 08:07:24,M->M,unknown,
环球时报环球旅游,no_media,2022-04-24 08:07:24,2022-05-05 08:31:13,M->M,unknown,
环视频,no_media,2020-12-09 18:56:57,2021-05-18 14:26:39,M->M,unknown,
环视频,no_media,2021-05-18 14:26:39,2022-04-19 15:35:00,M->M,unknown,
环视频,no_media,2022-04-19 15:35:00,2022-12-09 09:36:58,M->M,unknown,
环视频,no_media,2022-12-09 09:36:58,2023-02-17 13:31:04,M->M,unknown,
现代快报,no_media,2020-10-04 08:46:26,2020-10-05 08:50:43,M->M,unknown,
现代快报,no_media,2020-10-05 08:50:43,2020-10-06 08:45:52,M->M,unknown,
现代快报,no_media,2020-10-06 08:45:52,2020-10-07 08:45:19,M->M,unknown,
现代快报,no_media,2020-10-07 08:45:19,2020-10-08 08:51:42,M->M,unknown,
现代快报,no_media,2020-10-08 08:51:42,2021-07-25 11:59:30,M->M,unknown,
现代快报,no_media,2021-07-25 11:59:30,2021-07-27 12:50:26,M->M,unknown,
现代快报,no_media,2021-07-27 12:50:26,2021-08-02 11:27:46,M->M,unknown,
现代快报,no_media,2021-08-02 11:27:46,2021-08-05 11:39:35,M->M,unknown,
现代快报,no_media,2021-08-05 11:39:35,2021-08-13 10:51:01,M->M,unknown,
现代快报,no_media,2021-08-13 10:51:01,2021-08-13 18:40:27,M->M,unknown,
现代快报,no_media,2021-08-13 18:40:27,2021-08-14 11:02:40,M->M,unknown,
现代快报,no_media,2021-08-14 11:02:40,2021-08-15 11:17:56,M->M,unknown,
现代快报,no_media,2021-08-15 11:17:56,2021-08-15 11:46:05,M->M,unknown,
现代快报,no_media,2021-08-15 11:46:05,2022-03-12 11:22:29,M->M,unknown,
现代快报,no_media,2022-03-12 11:22:29,2022-03-23 12:11:15,M->M,unknown,
现代快报,no_media,2022-03-23 12:11:15,2022-04-19 09:49:18,M->M,unknown,
现代快报,no_media,2022-04-19 09:49:18,2022-07-13 16:00:26,M->M,unknown,
现代快报,no_media,2022-07-13 16:00:26,2022-12-07 13:43:49,M->M,unknown,
现代快报,no_media,2022-12-07 13:43:49,2022-12-23 11:31:00,M->M,unknown,
现代快报,no_media,2022-12-23 11:31:00,2023-01-02 22:24:02,M->M,unknown,
现代快报,no_media,2023-01-02 22:24:02,2023-01-18 17:05:50,M->M,unknown,
珠江新闻,no_media,2020-02-06 19:07:12,2020-02-25 12:55:17,M->M,unknown,
珠江新闻,no_media,2020-02-25 12:55:17,2020-03-01 13:32:12,M->M,unknown,
珠江新闻,no_media,2020-03-01 13:32:12,2020-03-03 12:13:13,M->M,unknown,
珠江新闻,no_media,2020-03-03 12:13:13,2020-03-22 17:41:10,M->M,unknown,
珠江新闻,no_media,2020-03-22 17:41:10,2020-03-30 09:35:28,M->M,unknown,
珠江新闻,no_media,2020-03-30 09:35:28,2020-04-23 15:54:03,M->M,unknown,
珠江新闻,no_media,2020-04-23 15:54:03,2021-04-06 16:44:46,M->M,unknown,
珺雅口腔,no_media,2022-12-03 11:30:00,2022-12-03 20:59:00,M->M,unknown,
珺雅口腔,no_media,2022-12-03 20:59:00,2022-12-21 08:43:00,M->M,unknown,
珺雅口腔,no_media,2022-12-21 08:43:00,2022-12-22 11:20:00,M->M,unknown,
球球要午睡,no_media,2022-03-14 13:57:00,2023-01-16 19:26:00,M->L,unknown,
甘肃共青团,no_media,2021-04-13 10:59:53,2021-10-24 10:19:57,M->M,unknown,
甘肃共青团,no_media,2021-10-24 10:19:57,2022-01-12 12:47:18,M->M,unknown,
甘肃共青团,no_media,2022-01-12 12:47:18,2022-10-14 09:42:41,M->M,unknown,
甘肃共青团,no_media,2022-10-14 09:42:41,2022-12-11 11:43:03,M->M,unknown,
甘肃共青团,no_media,2022-12-11 11:43:03,2022-12-16 08:55:02,M->M,unknown,
甘肃共青团,no_media,2022-12-16 08:55:02,2022-12-27 15:40:15,M->M,unknown,
甘肃日报,no_media,2021-10-24 09:29:43,2022-03-14 12:23:56,M->M,unknown,
甘肃日报,no_media,2022-03-14 12:23:56,2022-07-10 16:36:06,M->M,unknown,
甘肃日报,no_media,2022-07-10 16:36:06,2022-07-12 09:01:39,M->M,unknown,
甘肃日报,no_media,2022-07-12 09:01:39,2022-07-12 14:40:18,M->M,unknown,
甘肃日报,no_media,2022-07-12 14:40:18,2022-07-16 08:24:49,M->M,unknown,
甘肃日报,no_media,2022-07-16 08:24:49,2022-12-07 21:31:38,M->M,unknown,
甘肃日报,no_media,2022-12-07 21:31:38,2023-01-18 18:37:34,M->M,unknown,
甜甜圈的洞-,no_media,2023-05-17 14:36:00,2023-05-19 16:43:00,L->M,unknown,
生于忧患boomboom,no_media,2023-01-27 06:31:00,2023-01-27 06:34:00,L->L,unknown,
生命时报,no_media,2017-06-16 17:41:03,2020-11-12 20:21:03,M->M,unknown,
生命时报,no_media,2020-11-12 20:21:03,2020-12-25 19:30:03,M->M,unknown,
生命时报,no_media,2020-12-25 19:30:03,2021-01-07 20:26:04,M->M,unknown,
生命时报,no_media,2021-01-07 20:26:04,2021-01-22 16:38:39,M->M,unknown,
生命时报,no_media,2021-01-22 16:38:39,2021-02-20 14:30:23,M->M,unknown,
生命时报,no_media,2021-02-20 14:30:23,2021-04-06 13:20:22,M->M,unknown,
生命时报,no_media,2021-04-06 13:20:22,2021-04-13 10:04:00,M->M,unknown,
生命时报,no_media,2021-04-13 10:04:00,2021-04-21 15:27:31,M->M,unknown,
生命时报,no_media,2021-04-21 15:27:31,2021-06-04 11:04:53,M->M,unknown,
生命时报,no_media,2021-06-04 11:04:53,2021-08-02 13:01:00,M->M,unknown,
生命时报,no_media,2021-08-02 13:01:00,2021-08-03 13:37:31,M->M,unknown,
生命时报,no_media,2021-08-03 13:37:31,2021-08-19 09:43:30,M->M,unknown,
生命时报,no_media,2021-08-19 09:43:30,2021-11-25 09:46:19,M->M,unknown,
生命时报,no_media,2021-11-25 09:46:19,2021-11-27 08:26:58,M->M,unknown,
生命时报,no_media,2021-11-27 08:26:58,2021-12-03 08:30:19,M->M,unknown,
生命时报,no_media,2021-12-03 08:30:19,2022-01-08 16:15:13,M->M,unknown,
生命时报,no_media,2022-01-08 16:15:13,2022-03-25 11:30:01,M->M,unknown,
生命时报,no_media,2022-03-25 11:30:01,2022-04-25 07:48:36,M->M,unknown,
生命时报,no_media,2022-04-25 07:48:36,2022-04-26 07:48:26,M->M,unknown,
生命时报,no_media,2022-04-26 07:48:26,2022-04-28 07:47:01,M->M,unknown,
生命时报,no_media,2022-04-28 07:47:01,2022-05-04 07:47:57,M->M,unknown,
生命时报,no_media,2022-05-04 07:47:57,2022-05-05 07:51:26,M->M,unknown,
生命时报,no_media,2022-05-05 07:51:26,2022-05-06 08:38:13,M->M,unknown,
生命时报,no_media,2022-05-06 08:38:13,2022-05-06 20:44:00,M->M,unknown,
生命时报,no_media,2022-05-06 20:44:00,2022-05-07 08:59:21,M->M,unknown,
生命时报,no_media,2022-05-07 08:59:21,2022-05-08 08:16:49,M->M,unknown,
生命时报,no_media,2022-05-08 08:16:49,2022-05-10 07:49:43,M->M,unknown,
生命时报,no_media,2022-05-10 07:49:43,2022-05-11 07:52:03,M->M,unknown,
生命时报,no_media,2022-05-11 07:52:03,2022-05-12 07:50:31,M->M,unknown,
生命时报,no_media,2022-05-12 07:50:31,2022-05-13 07:52:08,M->M,unknown,
生命时报,no_media,2022-05-13 07:52:08,2022-05-14 07:47:39,M->M,unknown,
生命时报,no_media,2022-05-14 07:47:39,2022-05-15 07:51:50,M->M,unknown,
生命时报,no_media,2022-05-15 07:51:50,2022-05-16 08:17:56,M->M,unknown,
生命时报,no_media,2022-05-16 08:17:56,2022-05-18 08:01:56,M->M,unknown,
生命时报,no_media,2022-05-18 08:01:56,2022-05-20 14:30:04,M->M,unknown,
生命时报,no_media,2022-05-20 14:30:04,2022-09-01 20:04:53,M->M,unknown,
生命时报,no_media,2022-09-01 20:04:53,2022-12-08 15:14:47,M->M,unknown,
生命时报,no_media,2022-12-08 15:14:47,2022-12-09 08:56:05,M->M,unknown,
生命时报,no_media,2022-12-09 08:56:05,2022-12-10 20:16:28,M->M,unknown,
生命时报,no_media,2022-12-10 20:16:28,2022-12-15 17:44:28,M->M,unknown,
生命时报,no_media,2022-12-15 17:44:28,2022-12-21 16:02:28,M->M,unknown,
生命时报,no_media,2022-12-21 16:02:28,2022-12-22 18:20:01,M->M,unknown,
生命时报,no_media,2022-12-22 18:20:01,2022-12-23 10:04:55,M->M,unknown,
生命时报,no_media,2022-12-23 10:04:55,2022-12-30 11:00:07,M->M,unknown,
生命时报,no_media,2022-12-30 11:00:07,2023-01-03 11:28:22,M->M,unknown,
生命时报,no_media,2023-01-03 11:28:22,2023-01-09 14:05:59,M->M,unknown,
生命时报,no_media,2023-01-09 14:05:59,2023-01-09 21:05:00,M->M,unknown,
生命时报,no_media,2023-01-09 21:05:00,2023-01-11 21:49:00,M->M,unknown,
生命时报,no_media,2023-01-11 21:49:00,2023-01-14 10:10:02,M->M,unknown,
生命时报,no_media,2023-01-14 10:10:02,2023-01-14 11:10:00,M->M,unknown,
生命时报,no_media,2023-01-14 11:10:00,2023-01-30 14:12:50,M->M,unknown,
生命时报,no_media,2023-01-30 14:12:50,2023-02-04 20:05:01,M->M,unknown,
生命时报,no_media,2023-02-04 20:05:01,2023-05-08 11:15:00,M->M,unknown,
生命时报,no_media,2023-05-08 11:15:00,2023-05-25 10:15:57,M->M,unknown,
生命时报,no_media,2023-05-25 10:15:57,2023-05-29 09:10:35,M->M,unknown,
生命时报,no_media,2023-05-29 09:10:35,2023-09-16 08:02:02,M->M,unknown,
生命时报,no_media,2023-09-16 08:02:02,2023-10-09 15:00:00,M->M,unknown,
生命时报,no_media,2023-10-09 15:00:00,2024-01-20 17:00:00,M->M,unknown,
生命时报,no_media,2024-01-20 17:00:00,2024-05-23 16:45:00,M->M,unknown,
生命时报,no_media,2024-05-23 16:45:00,2024-08-12 10:58:46,M->M,unknown,
生活小观众,no_media,2022-03-14 17:33:00,2022-03-14 17:48:00,M->M,unknown,
生活规划整理师-夏夏,no_media,2023-02-22 13:07:00,2023-03-02 16:01:00,H->M,unknown,
生物探索,no_media,2022-04-01 11:33:00,2022-04-12 11:56:00,M->M,unknown,
生物探索,no_media,2022-04-12 11:56:00,2022-05-23 11:18:00,M->M,unknown,
用户1796753123,no_media,2023-01-05 18:58:00,2023-01-06 19:18:00,M->M,unknown,
用户2361383961,no_media,2020-09-24 17:51:08,2021-01-28 14:24:01,M->M,unknown,
用户2548212507,no_media,2023-05-06 16:42:00,2023-05-08 19:28:00,M->M,unknown,
用户2548212507,no_media,2023-05-08 19:28:00,2023-06-02 15:56:00,M->M,unknown,
用户5158106713,no_media,2022-03-14 17:33:00,2022-03-14 17:48:00,M->M,unknown,
用户5889073289波波,no_media,2023-01-11 23:38:00,2023-01-11 23:50:00,L->H,unknown,
用户5889073289波波,no_media,2023-01-11 23:50:00,2023-01-12 00:21:00,H->L,unknown,
用户5889073289波波,no_media,2023-01-12 00:21:00,2023-01-25 08:47:00,L->H,unknown,
用户5889073289波波,no_media,2023-01-25 08:47:00,2023-02-22 13:11:00,H->H,unknown,
用户5889073289波波,no_media,2023-02-22 13:11:00,2023-02-22 13:17:00,H->H,unknown,
用户5889073289波波,no_media,2023-02-22 13:17:00,2023-05-06 22:47:00,H->L,unknown,
男科医生王古道,no_media,2022-11-03 06:42:00,2022-11-28 14:10:00,M->M,unknown,
男科医生王古道,no_media,2022-11-28 14:10:00,2022-12-04 19:06:00,M->M,unknown,
男科医生王古道,no_media,2022-12-04 19:06:00,2023-01-04 23:44:00,M->M,unknown,
男科医生王古道,no_media,2023-01-04 23:44:00,2023-01-30 12:03:00,M->M,unknown,
男科医生王古道,no_media,2023-01-30 12:03:00,2023-07-12 10:27:00,M->M,unknown,
界面新闻,no_media,2016-12-14 19:00:03,2020-01-24 00:27:27,M->M,unknown,
界面新闻,no_media,2020-01-24 00:27:27,2020-01-24 08:04:36,M->M,unknown,
界面新闻,no_media,2020-01-24 08:04:36,2020-02-17 08:10:45,M->M,unknown,
界面新闻,no_media,2020-02-17 08:10:45,2020-02-20 08:06:23,M->M,unknown,
界面新闻,no_media,2020-02-20 08:06:23,2020-02-25 07:11:22,M->M,unknown,
界面新闻,no_media,2020-02-25 07:11:22,2020-02-28 12:01:02,M->M,unknown,
界面新闻,no_media,2020-02-28 12:01:02,2020-03-26 15:18:31,M->M,unknown,
界面新闻,no_media,2020-03-26 15:18:31,2020-04-06 19:30:04,M->M,unknown,
界面新闻,no_media,2020-04-06 19:30:04,2020-05-04 22:15:25,M->M,unknown,
界面新闻,no_media,2020-05-04 22:15:25,2020-06-12 08:21:56,M->M,unknown,
界面新闻,no_media,2020-06-12 08:21:56,2020-06-23 21:10:19,M->M,unknown,
界面新闻,no_media,2020-06-23 21:10:19,2020-07-05 21:38:54,M->M,unknown,
界面新闻,no_media,2020-07-05 21:38:54,2020-07-28 13:18:24,M->M,unknown,
界面新闻,no_media,2020-07-28 13:18:24,2020-09-09 16:50:16,M->M,unknown,
界面新闻,no_media,2020-09-09 16:50:16,2020-12-08 11:14:22,M->M,unknown,
界面新闻,no_media,2020-12-08 11:14:22,2021-01-17 09:02:52,M->M,unknown,
界面新闻,no_media,2021-01-17 09:02:52,2021-01-21 10:53:09,M->M,unknown,
界面新闻,no_media,2021-01-21 10:53:09,2021-02-20 15:17:34,M->M,unknown,
界面新闻,no_media,2021-02-20 15:17:34,2021-04-14 21:56:43,M->M,unknown,
界面新闻,no_media,2021-04-14 21:56:43,2021-04-21 15:31:47,M->M,unknown,
界面新闻,no_media,2021-04-21 15:31:47,2021-09-15 14:58:53,M->M,unknown,
界面新闻,no_media,2021-09-15 14:58:53,2022-01-08 16:01:11,M->M,unknown,
界面新闻,no_media,2022-01-08 16:01:11,2022-03-19 15:22:15,M->M,unknown,
界面新闻,no_media,2022-03-19 15:22:15,2022-03-21 15:15:33,M->M,unknown,
界面新闻,no_media,2022-03-21 15:15:33,2022-11-29 15:27:14,M->M,unknown,
界面新闻,no_media,2022-11-29 15:27:14,2022-12-15 18:41:24,M->M,unknown,
界面新闻,no_media,2022-12-15 18:41:24,2022-12-30 15:43:41,M->M,unknown,
界面新闻,no_media,2022-12-30 15:43:41,2022-12-30 16:38:03,M->M,unknown,
界面新闻,no_media,2022-12-30 16:38:03,2023-01-06 22:43:54,M->M,unknown,
界面新闻,no_media,2023-01-06 22:43:54,2023-01-13 21:08:21,M->M,unknown,
界面新闻,no_media,2023-01-13 21:08:21,2023-01-17 20:49:47,M->M,unknown,
界面新闻,no_media,2023-01-17 20:49:47,2023-03-28 13:45:52,M->M,unknown,
界面新闻,no_media,2023-03-28 13:45:52,2023-04-12 17:44:35,M->M,unknown,
界面新闻,no_media,2023-04-12 17:44:35,2023-05-17 22:33:57,M->M,unknown,
界面新闻,no_media,2023-05-17 22:33:57,2023-05-25 19:26:16,M->M,unknown,
界面新闻,no_media,2023-05-25 19:26:16,2023-09-19 12:00:00,M->M,unknown,
疯魔JojO,no_media,2023-01-26 20:17:00,2023-02-27 08:37:00,H->M,unknown,
白水检察,mainstream_only,2020-02-11 14:29:35,2020-02-20 09:55:57,M->M,unknown,
白水检察,mainstream_only,2020-02-20 09:55:57,2020-03-24 15:07:51,M->M,unknown,
白水检察,mainstream_only,2020-03-24 15:07:51,2020-04-25 10:28:11,M->M,unknown,
白水检察,mainstream_only,2020-04-25 10:28:11,2021-01-08 11:16:04,M->M,unknown,
白水检察,mainstream_only,2021-01-08 11:16:04,2021-08-03 16:56:34,M->M,unknown,
白水检察,mainstream_only,2021-08-03 16:56:34,2021-08-04 11:04:55,M->M,unknown,
白水检察,mainstream_only,2021-08-04 11:04:55,2022-03-15 18:18:00,M->M,unknown,
白水检察,mainstream_only,2022-03-15 18:18:00,2022-03-15 18:18:08,M->M,unknown,
白水检察,mainstream_only,2022-03-15 18:18:08,2022-04-04 19:36:31,M->M,unknown,
白水检察,mainstream_only,2022-04-04 19:36:31,2022-07-28 12:40:17,M->M,unknown,
白水检察,mainstream_only,2022-07-28 12:40:17,2022-11-29 21:41:43,M->M,unknown,
白水检察,mainstream_only,2022-11-29 21:41:43,2022-12-07 15:38:28,M->M,unknown,
白衫缺个衬,no_media,2023-01-17 19:15:00,2023-02-07 18:50:00,L->L,unknown,
白衫缺个衬,no_media,2023-02-07 18:50:00,2023-02-12 08:21:00,L->L,unknown,
白衫缺个衬,no_media,2023-02-12 08:21:00,2023-02-21 10:45:00,L->L,unknown,
白衫缺个衬,no_media,2023-02-21 10:45:00,2023-03-07 20:27:00,L->L,unknown,
白衫缺个衬,no_media,2023-03-07 20:27:00,2023-04-12 12:59:00,L->L,unknown,
白衫缺个衬,no_media,2023-04-12 12:59:00,2023-07-23 11:30:00,L->L,unknown,
白衫缺个衬,no_media,2023-07-23 11:30:00,2023-10-04 09:38:00,L->L,unknown,
白衫缺个衬,no_media,2023-10-04 09:38:00,2023-11-11 13:17:00,L->L,unknown,
白鹿视频,no_media,2022-12-21 11:28:55,2022-12-25 13:03:32,M->M,unknown,
白鹿视频,no_media,2022-12-25 13:03:32,2023-01-04 10:52:36,M->M,unknown,
白鹿视频,no_media,2023-01-04 10:52:36,2023-03-24 10:04:24,M->M,unknown,
百津禾,no_media,2022-12-25 09:20:00,2022-12-25 11:41:00,H->M,unknown,
百津禾,no_media,2022-12-25 11:41:00,2022-12-25 22:55:00,M->H,unknown,
百津禾,no_media,2022-12-25 22:55:00,2022-12-26 10:51:00,H->H,unknown,
百津禾,no_media,2022-12-26 10:51:00,2022-12-26 18:51:00,H->M,unknown,
百津禾,no_media,2022-12-26 18:51:00,2022-12-26 21:45:00,M->M,unknown,
百龄干细胞,no_media,2023-01-05 17:27:00,2023-01-06 17:52:00,M->M,unknown,
皇汉1976,wemedia_only,2023-02-07 18:18:00,2023-02-08 16:31:00,H->M,unknown,
皇汉1976,wemedia_only,2023-02-08 16:31:00,2023-02-08 18:15:00,M->H,unknown,
皇汉1976,wemedia_only,2023-02-08 18:15:00,2023-02-11 16:28:00,H->M,unknown,
皇汉1976,wemedia_only,2023-02-11 16:28:00,2023-02-13 12:50:00,M->M,unknown,
皇汉1976,wemedia_only,2023-02-13 12:50:00,2023-02-18 09:33:00,M->H,unknown,
皇汉1976,wemedia_only,2023-02-18 09:33:00,2023-02-18 10:45:00,H->M,unknown,
皇汉1976,wemedia_only,2023-02-18 10:45:00,2023-02-27 10:55:00,M->H,unknown,
皇汉1976,wemedia_only,2023-02-27 10:55:00,2023-03-02 15:23:00,H->M,unknown,
皇汉1976,wemedia_only,2023-03-02 15:23:00,2023-03-07 16:57:00,M->M,unknown,
皇汉1976,wemedia_only,2023-03-07 16:57:00,2023-03-10 20:35:00,M->H,unknown,
皇汉1976,wemedia_only,2023-03-10 20:35:00,2023-12-17 15:22:00,H->H,unknown,
益阳日报社,no_media,2020-01-29 13:23:45,2021-03-22 14:27:10,M->M,unknown,
益阳日报社,no_media,2021-03-22 14:27:10,2022-07-22 23:54:31,M->M,unknown,
直播南京官方版,no_media,2023-01-05 18:16:43,2023-01-09 19:17:53,M->M,unknown,
直播海南,no_media,2021-04-01 17:30:03,2021-06-23 09:59:30,M->M,unknown,
直播海南,no_media,2021-06-23 09:59:30,2021-09-28 09:19:29,M->M,unknown,
直播海南,no_media,2021-09-28 09:19:29,2022-01-08 16:20:37,M->M,unknown,
直播海南,no_media,2022-01-08 16:20:37,2022-12-31 10:27:22,M->M,unknown,
直播海南,no_media,2022-12-31 10:27:22,2022-12-31 10:50:42,M->M,unknown,
直播海南,no_media,2022-12-31 10:50:42,2023-01-21 14:21:01,M->M,unknown,
直播海南,no_media,2023-01-21 14:21:01,2023-12-13 15:10:28,M->M,unknown,
直播海南,no_media,2023-12-13 15:10:28,2024-02-04 15:32:24,M->M,unknown,
直播遵义,no_media,2021-11-02 14:46:44,2022-01-05 14:49:08,M->M,unknown,
相三三三,no_media,2023-02-23 13:26:00,2023-03-14 20:03:00,M->M,unknown,
看呼吸科普,no_media,2022-03-17 20:31:00,2023-01-22 13:58:00,M->M,unknown,
看呼吸科普,no_media,2023-01-22 13:58:00,2023-03-04 18:34:00,M->M,unknown,
看呼吸科普,no_media,2023-03-04 18:34:00,2023-03-12 13:58:00,M->M,unknown,
看看新闻KNEWS,no_media,2020-03-20 17:33:58,2020-08-02 19:45:03,M->M,unknown,
看看新闻KNEWS,no_media,2020-08-02 19:45:03,2021-01-22 21:59:56,M->M,unknown,
看看新闻KNEWS,no_media,2021-01-22 21:59:56,2021-03-15 15:48:39,M->M,unknown,
看看新闻KNEWS,no_media,2021-03-15 15:48:39,2021-05-19 18:50:03,M->M,unknown,
看看新闻KNEWS,no_media,2021-05-19 18:50:03,2021-08-03 11:22:40,M->M,unknown,
看看新闻KNEWS,no_media,2021-08-03 11:22:40,2021-10-28 10:24:14,M->M,unknown,
看看新闻KNEWS,no_media,2021-10-28 10:24:14,2021-11-18 11:42:15,M->M,unknown,
看看新闻KNEWS,no_media,2021-11-18 11:42:15,2022-01-08 14:51:56,M->M,unknown,
看看新闻KNEWS,no_media,2022-01-08 14:51:56,2022-02-12 14:58:51,M->M,unknown,
看看新闻KNEWS,no_media,2022-02-12 14:58:51,2022-03-21 16:00:06,M->M,unknown,
看看新闻KNEWS,no_media,2022-03-21 16:00:06,2022-03-31 13:04:19,M->M,unknown,
看看新闻KNEWS,no_media,2022-03-31 13:04:19,2022-04-13 10:55:13,M->M,unknown,
看看新闻KNEWS,no_media,2022-04-13 10:55:13,2022-04-17 13:29:05,M->M,unknown,
看看新闻KNEWS,no_media,2022-04-17 13:29:05,2022-04-18 10:56:06,M->M,unknown,
看看新闻KNEWS,no_media,2022-04-18 10:56:06,2022-04-19 12:15:14,M->M,unknown,
看看新闻KNEWS,no_media,2022-04-19 12:15:14,2022-04-23 10:38:30,M->M,unknown,
看看新闻KNEWS,no_media,2022-04-23 10:38:30,2022-04-24 10:55:36,M->M,unknown,
看看新闻KNEWS,no_media,2022-04-24 10:55:36,2022-04-25 13:31:22,M->M,unknown,
看看新闻KNEWS,no_media,2022-04-25 13:31:22,2022-04-26 10:38:05,M->M,unknown,
看看新闻KNEWS,no_media,2022-04-26 10:38:05,2022-04-28 10:54:34,M->M,unknown,
看看新闻KNEWS,no_media,2022-04-28 10:54:34,2022-04-28 16:25:55,M->M,unknown,
看看新闻KNEWS,no_media,2022-04-28 16:25:55,2022-05-01 09:03:46,M->M,unknown,
看看新闻KNEWS,no_media,2022-05-01 09:03:46,2022-05-03 10:31:10,M->M,unknown,
看看新闻KNEWS,no_media,2022-05-03 10:31:10,2022-05-04 09:05:46,M->M,unknown,
看看新闻KNEWS,no_media,2022-05-04 09:05:46,2022-05-06 08:13:03,M->M,unknown,
看看新闻KNEWS,no_media,2022-05-06 08:13:03,2022-05-07 08:11:38,M->M,unknown,
看看新闻KNEWS,no_media,2022-05-07 08:11:38,2022-05-08 09:00:40,M->M,unknown,
看看新闻KNEWS,no_media,2022-05-08 09:00:40,2022-05-08 10:40:26,M->M,unknown,
看看新闻KNEWS,no_media,2022-05-08 10:40:26,2022-05-10 08:09:28,M->M,unknown,
看看新闻KNEWS,no_media,2022-05-10 08:09:28,2022-05-10 16:40:19,M->M,unknown,
看看新闻KNEWS,no_media,2022-05-10 16:40:19,2022-05-10 20:54:35,M->M,unknown,
看看新闻KNEWS,no_media,2022-05-10 20:54:35,2022-05-11 08:08:55,M->M,unknown,
看看新闻KNEWS,no_media,2022-05-11 08:08:55,2022-05-12 08:24:29,M->M,unknown,
看看新闻KNEWS,no_media,2022-05-12 08:24:29,2022-05-13 08:15:17,M->M,unknown,
看看新闻KNEWS,no_media,2022-05-13 08:15:17,2022-05-14 10:22:49,M->M,unknown,
看看新闻KNEWS,no_media,2022-05-14 10:22:49,2022-05-22 09:06:18,M->M,unknown,
看看新闻KNEWS,no_media,2022-05-22 09:06:18,2022-05-24 11:17:30,M->M,unknown,
看看新闻KNEWS,no_media,2022-05-24 11:17:30,2022-06-20 22:25:24,M->M,unknown,
看看新闻KNEWS,no_media,2022-06-20 22:25:24,2022-06-24 20:10:13,M->M,unknown,
看看新闻KNEWS,no_media,2022-06-24 20:10:13,2022-07-04 12:05:58,M->M,unknown,
看看新闻KNEWS,no_media,2022-07-04 12:05:58,2022-10-26 16:35:57,M->M,unknown,
看看新闻KNEWS,no_media,2022-10-26 16:35:57,2022-12-01 18:38:47,M->M,unknown,
看看新闻KNEWS,no_media,2022-12-01 18:38:47,2022-12-05 13:51:36,M->M,unknown,
看看新闻KNEWS,no_media,2022-12-05 13:51:36,2022-12-07 13:46:03,M->M,unknown,
看看新闻KNEWS,no_media,2022-12-07 13:46:03,2022-12-10 11:59:44,M->M,unknown,
看看新闻KNEWS,no_media,2022-12-10 11:59:44,2022-12-28 22:07:53,M->M,unknown,
看看新闻KNEWS,no_media,2022-12-28 22:07:53,2022-12-30 21:46:47,M->M,unknown,
看看新闻KNEWS,no_media,2022-12-30 21:46:47,2023-01-03 17:30:11,M->M,unknown,
看看新闻KNEWS,no_media,2023-01-03 17:30:11,2023-01-18 08:33:35,M->M,unknown,
看看新闻KNEWS,no_media,2023-01-18 08:33:35,2023-01-18 19:09:03,M->M,unknown,
看看新闻KNEWS,no_media,2023-01-18 19:09:03,2023-09-13 14:40:23,M->M,unknown,
看看新闻全球眼,no_media,2020-10-06 11:49:49,2021-09-04 22:46:58,M->M,unknown,
看看新闻全球眼,no_media,2021-09-04 22:46:58,2022-01-08 11:30:08,M->M,unknown,
看看新闻全球眼,no_media,2022-01-08 11:30:08,2022-01-26 21:00:02,M->M,unknown,
看看新闻全球眼,no_media,2022-01-26 21:00:02,2022-04-25 10:00:04,M->M,unknown,
看看新闻全球眼,no_media,2022-04-25 10:00:04,2022-06-20 20:45:00,M->M,unknown,
看看新闻全球眼,no_media,2022-06-20 20:45:00,2022-11-03 13:02:12,M->M,unknown,
看看新闻全球眼,no_media,2022-11-03 13:02:12,2023-09-13 15:05:01,M->M,unknown,
看看新闻正能量,no_media,2021-10-28 07:55:52,2021-10-28 14:40:00,M->M,unknown,
看看新闻正能量,no_media,2021-10-28 14:40:00,2022-02-10 13:47:00,M->M,unknown,
看看新闻正能量,no_media,2022-02-10 13:47:00,2022-02-12 14:24:49,M->M,unknown,
看看新闻正能量,no_media,2022-02-12 14:24:49,2022-03-21 14:00:03,M->M,unknown,
看看新闻正能量,no_media,2022-03-21 14:00:03,2022-04-05 20:57:00,M->M,unknown,
看看新闻正能量,no_media,2022-04-05 20:57:00,2022-05-02 19:04:33,M->M,unknown,
看看新闻正能量,no_media,2022-05-02 19:04:33,2022-05-10 12:15:02,M->M,unknown,
看看新闻正能量,no_media,2022-05-10 12:15:02,2022-05-10 12:30:06,M->M,unknown,
看看新闻正能量,no_media,2022-05-10 12:30:06,2022-05-10 12:45:01,M->M,unknown,
看看新闻正能量,no_media,2022-05-10 12:45:01,2022-05-10 13:00:03,M->M,unknown,
看看新闻正能量,no_media,2022-05-10 13:00:03,2022-05-10 13:12:01,M->M,unknown,
看看新闻正能量,no_media,2022-05-10 13:12:01,2022-06-27 12:16:17,M->M,unknown,
看看新闻正能量,no_media,2022-06-27 12:16:17,2022-10-26 16:13:31,M->M,unknown,
看看新闻正能量,no_media,2022-10-26 16:13:31,2022-12-05 11:27:00,M->M,unknown,
看看新闻正能量,no_media,2022-12-05 11:27:00,2022-12-08 13:45:54,M->M,unknown,
看看新闻正能量,no_media,2022-12-08 13:45:54,2022-12-08 15:59:00,M->M,unknown,
看看新闻正能量,no_media,2022-12-08 15:59:00,2022-12-10 10:52:02,M->M,unknown,
看看新闻正能量,no_media,2022-12-10 10:52:02,2022-12-28 21:20:02,M->M,unknown,
看看新闻正能量,no_media,2022-12-28 21:20:02,2023-01-18 08:35:00,M->M,unknown,
看看新闻正能量,no_media,2023-01-18 08:35:00,2023-05-29 10:16:55,M->M,unknown,
看看新闻正能量,no_media,2023-05-29 10:16:55,2023-06-21 08:30:00,M->M,unknown,
看看新闻正能量,no_media,2023-06-21 08:30:00,2024-01-15 08:44:00,M->M,unknown,
瞭望东方周刊,no_media,2016-12-18 18:44:58,2020-06-13 11:00:05,M->M,unknown,
瞭望东方周刊,no_media,2020-06-13 11:00:05,2020-07-04 14:40:58,M->M,unknown,
瞭望东方周刊,no_media,2020-07-04 14:40:58,2021-02-20 21:56:12,M->M,unknown,
瞭望东方周刊,no_media,2021-02-20 21:56:12,2021-04-12 13:35:08,M->L,unknown,
瞭望东方周刊,no_media,2021-04-12 13:35:08,2022-04-13 17:32:00,L->M,unknown,
瞭望东方周刊,no_media,2022-04-13 17:32:00,2022-04-17 16:50:32,M->M,unknown,
瞭望东方周刊,no_media,2022-04-17 16:50:32,2022-04-19 13:20:01,M->M,unknown,
瞭望东方周刊,no_media,2022-04-19 13:20:01,2022-12-04 17:33:03,M->M,unknown,
瞭望东方周刊,no_media,2022-12-04 17:33:03,2023-05-28 14:01:06,M->M,unknown,
知河北,no_media,2020-02-16 16:20:03,2020-02-18 14:46:15,M->M,unknown,
知河北,no_media,2020-02-18 14:46:15,2020-02-18 16:59:34,M->M,unknown,
知河北,no_media,2020-02-18 16:59:34,2020-02-20 15:23:05,M->M,unknown,
知河北,no_media,2020-02-20 15:23:05,2020-02-21 12:12:56,M->M,unknown,
知河北,no_media,2020-02-21 12:12:56,2020-02-25 08:46:26,M->M,unknown,
知河北,no_media,2020-02-25 08:46:26,2020-03-13 07:37:52,M->M,unknown,
知河北,no_media,2020-03-13 07:37:52,2020-03-18 17:29:47,M->M,unknown,
知河北,no_media,2020-03-18 17:29:47,2020-04-17 21:01:00,M->M,unknown,
知河北,no_media,2020-04-17 21:01:00,2020-08-03 12:28:05,M->M,unknown,
知河北,no_media,2020-08-03 12:28:05,2021-01-09 14:16:15,M->M,unknown,
知河北,no_media,2021-01-09 14:16:15,2021-01-22 16:58:18,M->M,unknown,
知河北,no_media,2021-01-22 16:58:18,2021-01-22 17:07:48,M->M,unknown,
知河北,no_media,2021-01-22 17:07:48,2021-02-02 13:22:43,M->M,unknown,
知河北,no_media,2021-02-02 13:22:43,2021-03-03 16:44:47,M->M,unknown,
知河北,no_media,2021-03-03 16:44:47,2021-03-03 16:55:55,M->M,unknown,
知河北,no_media,2021-03-03 16:55:55,2021-03-07 12:51:05,M->M,unknown,
知河北,no_media,2021-03-07 12:51:05,2021-11-02 15:48:41,M->M,unknown,
知河北,no_media,2021-11-02 15:48:41,2022-03-21 18:54:25,M->M,unknown,
知河北,no_media,2022-03-21 18:54:25,2022-03-26 15:53:53,M->M,unknown,
知河北,no_media,2022-03-26 15:53:53,2022-03-27 22:08:24,M->M,unknown,
知河北,no_media,2022-03-27 22:08:24,2022-04-06 19:03:42,M->M,unknown,
知河北,no_media,2022-04-06 19:03:42,2022-04-07 17:35:46,M->M,unknown,
知河北,no_media,2022-04-07 17:35:46,2022-04-19 08:17:36,M->M,unknown,
知河北,no_media,2022-04-19 08:17:36,2022-04-20 10:59:05,M->M,unknown,
知河北,no_media,2022-04-20 10:59:05,2022-04-24 08:18:21,M->M,unknown,
知河北,no_media,2022-04-24 08:18:21,2022-04-25 13:35:07,M->M,unknown,
知河北,no_media,2022-04-25 13:35:07,2022-05-01 08:02:49,M->M,unknown,
知河北,no_media,2022-05-01 08:02:49,2022-05-09 11:11:23,M->M,unknown,
知河北,no_media,2022-05-09 11:11:23,2022-05-12 10:05:05,M->M,unknown,
知河北,no_media,2022-05-12 10:05:05,2022-05-13 08:48:12,M->M,unknown,
知河北,no_media,2022-05-13 08:48:12,2022-05-18 10:00:30,M->M,unknown,
知河北,no_media,2022-05-18 10:00:30,2022-05-24 07:51:20,M->M,unknown,
知河北,no_media,2022-05-24 07:51:20,2022-05-26 07:51:25,M->M,unknown,
知河北,no_media,2022-05-26 07:51:25,2022-06-05 16:27:34,M->M,unknown,
知河北,no_media,2022-06-05 16:27:34,2022-11-27 10:01:31,M->M,unknown,
知知贵阳,no_media,2020-03-22 11:54:00,2020-10-13 21:34:03,M->M,unknown,
知知贵阳,no_media,2020-10-13 21:34:03,2021-03-12 21:16:55,M->M,unknown,
知知贵阳,no_media,2021-03-12 21:16:55,2021-05-09 08:18:07,M->M,unknown,
知知贵阳,no_media,2021-05-09 08:18:07,2022-04-13 16:01:51,M->M,unknown,
知知贵阳,no_media,2022-04-13 16:01:51,2022-04-19 11:33:15,M->M,unknown,
知知贵阳,no_media,2022-04-19 11:33:15,2022-07-24 10:23:20,M->M,unknown,
知知贵阳,no_media,2022-07-24 10:23:20,2022-10-07 11:19:34,M->M,unknown,
知知贵阳,no_media,2022-10-07 11:19:34,2022-11-29 17:23:07,M->M,unknown,
知知贵阳,no_media,2022-11-29 17:23:07,2022-12-10 22:17:10,M->M,unknown,
知知贵阳,no_media,2022-12-10 22:17:10,2022-12-12 22:39:46,M->M,unknown,
知知贵阳,no_media,2022-12-12 22:39:46,2022-12-15 23:11:15,M->M,unknown,
知知贵阳,no_media,2022-12-15 23:11:15,2022-12-26 13:11:46,M->M,unknown,
知知贵阳,no_media,2022-12-26 13:11:46,2023-01-18 17:01:54,M->M,unknown,
知知贵阳,no_media,2023-01-18 17:01:54,2023-01-30 00:33:07,M->M,unknown,
知闲者也,no_media,2022-12-25 11:20:00,2023-01-05 15:20:00,L->H,unknown,
短线龙头彪哥,no_media,2022-03-14 12:45:00,2022-03-14 14:17:00,M->M,unknown,
短线龙头彪哥,no_media,2022-03-14 14:17:00,2022-03-18 10:23:00,M->M,unknown,
短线龙头彪哥,no_media,2022-03-18 10:23:00,2022-03-18 10:47:00,M->M,unknown,
短线龙头彪哥,no_media,2022-03-18 10:47:00,2022-03-18 11:11:00,M->M,unknown,
短线龙头彪哥,no_media,2022-03-18 11:11:00,2022-03-18 14:51:00,M->M,unknown,
石家庄广播电视台,no_media,2020-12-21 17:40:31,2020-12-24 09:31:21,M->M,unknown,
石家庄广播电视台,no_media,2020-12-24 09:31:21,2020-12-29 20:50:07,M->M,unknown,
石家庄广播电视台,no_media,2020-12-29 20:50:07,2021-01-22 16:47:12,M->M,unknown,
石家庄广播电视台,no_media,2021-01-22 16:47:12,2021-02-02 08:47:34,M->M,unknown,
石家庄广播电视台,no_media,2021-02-02 08:47:34,2021-02-09 11:37:58,M->M,unknown,
石家庄广播电视台,no_media,2021-02-09 11:37:58,2021-02-20 14:51:09,M->M,unknown,
石家庄广播电视台,no_media,2021-02-20 14:51:09,2021-02-25 17:10:11,M->M,unknown,
石家庄广播电视台,no_media,2021-02-25 17:10:11,2021-03-15 15:18:53,M->M,unknown,
石家庄广播电视台,no_media,2021-03-15 15:18:53,2021-03-30 17:50:19,M->M,unknown,
石家庄广播电视台,no_media,2021-03-30 17:50:19,2021-07-06 16:12:36,M->M,unknown,
石家庄广播电视台,no_media,2021-07-06 16:12:36,2021-10-12 09:03:19,M->M,unknown,
石家庄广播电视台,no_media,2021-10-12 09:03:19,2021-10-29 13:59:49,M->M,unknown,
石家庄广播电视台,no_media,2021-10-29 13:59:49,2021-11-02 15:32:41,M->M,unknown,
石家庄广播电视台,no_media,2021-11-02 15:32:41,2021-11-06 08:16:48,M->M,unknown,
石家庄广播电视台,no_media,2021-11-06 08:16:48,2021-11-17 11:28:49,M->M,unknown,
石家庄广播电视台,no_media,2021-11-17 11:28:49,2021-11-26 15:47:26,M->M,unknown,
石家庄广播电视台,no_media,2021-11-26 15:47:26,2021-11-28 11:38:40,M->M,unknown,
石家庄广播电视台,no_media,2021-11-28 11:38:40,2021-12-04 13:53:29,M->M,unknown,
石家庄广播电视台,no_media,2021-12-04 13:53:29,2021-12-08 11:12:10,M->M,unknown,
石家庄广播电视台,no_media,2021-12-08 11:12:10,2021-12-29 10:52:04,M->M,unknown,
石家庄广播电视台,no_media,2021-12-29 10:52:04,2022-01-05 11:37:29,M->M,unknown,
石家庄广播电视台,no_media,2022-01-05 11:37:29,2022-01-08 15:58:53,M->M,unknown,
石家庄广播电视台,no_media,2022-01-08 15:58:53,2022-01-18 10:58:13,M->M,unknown,
石家庄广播电视台,no_media,2022-01-18 10:58:13,2022-01-24 14:34:57,M->M,unknown,
石家庄广播电视台,no_media,2022-01-24 14:34:57,2022-02-22 13:47:33,M->M,unknown,
石家庄广播电视台,no_media,2022-02-22 13:47:33,2022-03-14 16:04:00,M->M,unknown,
石家庄广播电视台,no_media,2022-03-14 16:04:00,2022-03-14 16:04:24,M->M,unknown,
石家庄广播电视台,no_media,2022-03-14 16:04:24,2022-04-19 15:15:31,M->M,unknown,
石家庄广播电视台,no_media,2022-04-19 15:15:31,2022-12-16 09:42:26,M->M,unknown,
石家庄文旅之声,no_media,2020-02-12 17:07:15,2021-04-13 10:31:26,M->M,unknown,
石家庄文旅之声,no_media,2021-04-13 10:31:26,2021-08-02 11:40:03,M->M,unknown,
石家庄日报,no_media,2020-12-31 18:09:28,2021-01-19 19:46:00,M->M,unknown,
石家庄日报,no_media,2021-01-19 19:46:00,2021-03-27 20:22:22,M->M,unknown,
石家庄日报,no_media,2021-03-27 20:22:22,2021-05-01 12:11:40,M->M,unknown,
石家庄日报,no_media,2021-05-01 12:11:40,2021-07-22 16:53:35,M->M,unknown,
石家庄日报,no_media,2021-07-22 16:53:35,2021-07-30 17:10:18,M->M,unknown,
石家庄日报,no_media,2021-07-30 17:10:18,2021-08-05 07:44:10,M->M,unknown,
石家庄日报,no_media,2021-08-05 07:44:10,2021-11-04 10:22:49,M->M,unknown,
石家庄日报,no_media,2021-11-04 10:22:49,2021-11-11 16:13:02,M->M,unknown,
石家庄日报,no_media,2021-11-11 16:13:02,2021-11-17 11:13:48,M->M,unknown,
石家庄日报,no_media,2021-11-17 11:13:48,2021-12-06 16:00:10,M->M,unknown,
石家庄日报,no_media,2021-12-06 16:00:10,2021-12-08 11:03:46,M->M,unknown,
石家庄日报,no_media,2021-12-08 11:03:46,2021-12-29 11:31:20,M->M,unknown,
石家庄日报,no_media,2021-12-29 11:31:20,2022-01-05 12:11:26,M->M,unknown,
石家庄日报,no_media,2022-01-05 12:11:26,2022-01-18 10:50:44,M->M,unknown,
石家庄日报,no_media,2022-01-18 10:50:44,2022-06-27 11:25:38,M->M,unknown,
石家庄日报,no_media,2022-06-27 11:25:38,2022-12-12 09:10:34,M->M,unknown,
石家庄日报,no_media,2022-12-12 09:10:34,2022-12-13 17:30:29,M->M,unknown,
石家庄日报,no_media,2022-12-13 17:30:29,2022-12-20 09:06:24,M->M,unknown,
石家庄日报,no_media,2022-12-20 09:06:24,2022-12-26 15:01:53,M->M,unknown,
石家庄日报,no_media,2022-12-26 15:01:53,2022-12-29 10:57:04,M->M,unknown,
石家庄日报,no_media,2022-12-29 10:57:04,2023-01-13 18:53:49,M->M,unknown,
硚口发布,no_media,2017-06-27 14:00:23,2020-02-29 17:27:55,M->M,unknown,
硚口发布,no_media,2020-02-29 17:27:55,2020-03-07 13:21:16,M->M,unknown,
硚口发布,no_media,2020-03-07 13:21:16,2020-03-07 17:26:34,M->M,unknown,
硚口发布,no_media,2020-03-07 17:26:34,2022-03-24 09:17:04,M->M,unknown,
硚口发布,no_media,2022-03-24 09:17:04,2022-09-14 09:33:01,M->M,unknown,
硚口发布,no_media,2022-09-14 09:33:01,2022-10-15 15:53:03,M->M,unknown,
硚口发布,no_media,2022-10-15 15:53:03,2022-10-25 15:59:54,M->M,unknown,
硚口发布,no_media,2022-10-25 15:59:54,2022-10-27 09:26:07,M->M,unknown,
硚口发布,no_media,2022-10-27 09:26:07,2022-11-18 18:51:14,M->M,unknown,
硚口发布,no_media,2022-11-18 18:51:14,2022-11-26 09:50:27,M->M,unknown,
硚口发布,no_media,2022-11-26 09:50:27,2022-11-30 10:13:00,M->M,unknown,
硚口发布,no_media,2022-11-30 10:13:00,2022-12-02 00:24:40,M->M,unknown,
硚口发布,no_media,2022-12-02 00:24:40,2022-12-02 15:05:35,M->M,unknown,
硚口发布,no_media,2022-12-02 15:05:35,2022-12-03 09:51:07,M->M,unknown,
硚口发布,no_media,2022-12-03 09:51:07,2022-12-06 00:08:55,M->M,unknown,
硚口发布,no_media,2022-12-06 00:08:55,2022-12-07 10:50:13,M->M,unknown,
硚口发布,no_media,2022-12-07 10:50:13,2022-12-10 10:01:55,M->M,unknown,
硚口发布,no_media,2022-12-10 10:01:55,2022-12-11 00:19:57,M->M,unknown,
硚口发布,no_media,2022-12-11 00:19:57,2022-12-11 22:30:03,M->M,unknown,
硚口发布,no_media,2022-12-11 22:30:03,2022-12-13 10:21:59,M->M,unknown,
硚口发布,no_media,2022-12-13 10:21:59,2022-12-13 10:27:08,M->M,unknown,
硚口发布,no_media,2022-12-13 10:27:08,2022-12-23 12:44:46,M->M,unknown,
硚口发布,no_media,2022-12-23 12:44:46,2022-12-26 10:19:28,M->M,unknown,
硚口发布,no_media,2022-12-26 10:19:28,2022-12-26 10:21:02,M->H,unknown,
硚口发布,no_media,2022-12-26 10:21:02,2022-12-26 19:24:40,H->M,unknown,
硚口发布,no_media,2022-12-26 19:24:40,2022-12-28 09:42:57,M->M,unknown,
硚口发布,no_media,2022-12-28 09:42:57,2022-12-29 09:46:02,M->M,unknown,
硚口发布,no_media,2022-12-29 09:46:02,2023-01-27 09:42:20,M->M,unknown,
硚口发布,no_media,2023-01-27 09:42:20,2023-02-08 12:42:39,M->M,unknown,
祖传中医妇科韩悦,no_media,2023-01-09 18:26:00,2023-01-17 19:25:00,M->M,unknown,
祖传中医肖春林,wemedia_only,2023-02-24 16:05:00,2023-02-24 16:12:00,M->M,norisk,0.0
祖传中医肖春林,wemedia_only,2023-02-24 16:12:00,2023-05-17 22:11:00,M->M,norisk,0.0
祝由院,no_media,2023-01-30 09:18:00,2023-02-01 17:19:00,M->M,unknown,
祝由院,no_media,2023-02-01 17:19:00,2023-02-09 12:16:00,M->M,unknown,
神池发布,no_media,2020-02-20 18:08:12,2022-04-25 15:30:08,M->M,unknown,
福州新闻网fznews,no_media,2020-02-12 17:18:03,2020-02-20 16:15:03,M->M,unknown,
福州新闻网fznews,no_media,2020-02-20 16:15:03,2020-04-15 16:51:10,M->M,unknown,
福州新闻网fznews,no_media,2020-04-15 16:51:10,2020-11-06 09:21:03,M->M,unknown,
福州新闻网fznews,no_media,2020-11-06 09:21:03,2021-01-29 08:44:27,M->M,unknown,
福州新闻网fznews,no_media,2021-01-29 08:44:27,2021-03-28 09:01:27,M->M,unknown,
福州新闻网fznews,no_media,2021-03-28 09:01:27,2021-04-09 16:01:03,M->M,unknown,
福州新闻网fznews,no_media,2021-04-09 16:01:03,2021-08-03 17:45:03,M->M,unknown,
福州新闻网fznews,no_media,2021-08-03 17:45:03,2022-04-10 13:09:00,M->M,unknown,
福州新闻网fznews,no_media,2022-04-10 13:09:00,2022-11-17 12:48:00,M->M,unknown,
福州新闻网fznews,no_media,2022-11-17 12:48:00,2022-12-09 10:59:00,M->M,unknown,
福州新闻网fznews,no_media,2022-12-09 10:59:00,2022-12-10 20:11:00,M->M,unknown,
福州新闻网fznews,no_media,2022-12-10 20:11:00,2022-12-12 09:35:00,M->M,unknown,
福州新闻网fznews,no_media,2022-12-12 09:35:00,2022-12-15 17:26:02,M->M,unknown,
福州新闻网fznews,no_media,2022-12-15 17:26:02,2022-12-19 10:05:00,M->M,unknown,
福州新闻网fznews,no_media,2022-12-19 10:05:00,2023-01-12 11:30:00,M->M,unknown,
福州新闻网fznews,no_media,2023-01-12 11:30:00,2023-02-11 09:34:01,M->M,unknown,
福州新闻网fznews,no_media,2023-02-11 09:34:01,2024-01-23 09:46:00,M->M,unknown,
福建东南网,no_media,2020-02-20 10:35:25,2020-03-28 15:21:55,M->M,unknown,
福建东南网,no_media,2020-03-28 15:21:55,2020-04-18 17:54:12,M->M,unknown,
福建东南网,no_media,2020-04-18 17:54:12,2020-05-28 15:46:59,M->M,unknown,
福建东南网,no_media,2020-05-28 15:46:59,2020-08-02 10:00:43,M->M,unknown,
福建东南网,no_media,2020-08-02 10:00:43,2020-11-17 15:49:30,M->M,unknown,
福建东南网,no_media,2020-11-17 15:49:30,2022-04-06 17:11:15,M->M,unknown,
福建东南网,no_media,2022-04-06 17:11:15,2022-08-22 10:23:50,M->M,unknown,
福建东南网,no_media,2022-08-22 10:23:50,2022-11-29 19:50:22,M->M,unknown,
福建东南网,no_media,2022-11-29 19:50:22,2022-12-07 14:56:35,M->M,unknown,
福建东南网,no_media,2022-12-07 14:56:35,2022-12-09 09:37:01,M->M,unknown,
福建东南网,no_media,2022-12-09 09:37:01,2022-12-16 15:59:27,M->M,unknown,
福建东南网,no_media,2022-12-16 15:59:27,2023-01-16 14:46:55,M->M,unknown,
福建东南网,no_media,2023-01-16 14:46:55,2023-01-18 19:12:05,M->M,unknown,
福建卫生报,no_media,2020-02-17 16:31:54,2021-12-03 14:17:32,M->M,unknown,
福建卫生报,no_media,2021-12-03 14:17:32,2022-01-12 18:55:08,M->M,unknown,
福建卫生报,no_media,2022-01-12 18:55:08,2022-12-07 21:45:59,M->M,unknown,
福建卫生报,no_media,2022-12-07 21:45:59,2022-12-08 18:00:05,M->M,unknown,
福建卫生报,no_media,2022-12-08 18:00:05,2023-01-04 11:32:12,M->M,unknown,
福建卫生报,no_media,2023-01-04 11:32:12,2023-01-05 14:55:04,M->M,unknown,
福建卫生报,no_media,2023-01-05 14:55:04,2023-01-18 16:42:19,M->M,unknown,
福建卫生报,no_media,2023-01-18 16:42:19,2023-02-06 09:29:21,M->M,unknown,
福建日报,no_media,2020-02-20 07:57:54,2020-02-20 18:23:56,M->M,unknown,
福建日报,no_media,2020-02-20 18:23:56,2020-02-26 12:53:28,M->M,unknown,
福建日报,no_media,2020-02-26 12:53:28,2020-03-01 14:03:02,M->M,unknown,
福建日报,no_media,2020-03-01 14:03:02,2020-03-18 19:11:51,M->M,unknown,
福建日报,no_media,2020-03-18 19:11:51,2020-03-18 19:26:17,M->M,unknown,
福建日报,no_media,2020-03-18 19:26:17,2020-03-22 21:40:04,M->M,unknown,
福建日报,no_media,2020-03-22 21:40:04,2020-09-09 21:34:11,M->M,unknown,
福建日报,no_media,2020-09-09 21:34:11,2020-12-24 08:18:21,M->M,unknown,
福建日报,no_media,2020-12-24 08:18:21,2021-02-20 15:51:45,M->M,unknown,
福建日报,no_media,2021-02-20 15:51:45,2021-04-13 10:28:03,M->M,unknown,
福建日报,no_media,2021-04-13 10:28:03,2021-07-18 17:09:33,M->M,unknown,
福建日报,no_media,2021-07-18 17:09:33,2021-08-03 14:44:12,M->M,unknown,
福建日报,no_media,2021-08-03 14:44:12,2022-01-08 20:17:21,M->M,unknown,
福建日报,no_media,2022-01-08 20:17:21,2022-01-12 11:45:01,M->M,unknown,
福建日报,no_media,2022-01-12 11:45:01,2022-12-09 11:07:33,M->M,unknown,
福建日报,no_media,2022-12-09 11:07:33,2024-01-31 15:16:28,M->M,unknown,
福建森林消防,no_media,2019-07-16 07:12:51,2020-04-23 16:40:02,M->M,unknown,
福建森林消防,no_media,2020-04-23 16:40:02,2021-08-02 12:56:27,M->M,unknown,
福建森林消防,no_media,2021-08-02 12:56:27,2022-12-09 15:20:58,M->M,unknown,
福建森林消防,no_media,2022-12-09 15:20:58,2022-12-09 15:21:22,M->M,unknown,
福建森林消防,no_media,2022-12-09 15:21:22,2023-01-09 19:05:26,M->M,unknown,
福建森林消防,no_media,2023-01-09 19:05:26,2023-01-18 17:27:16,M->M,unknown,
科技日报,no_media,2020-03-14 18:35:05,2020-04-23 15:32:43,M->M,unknown,
科技日报,no_media,2020-04-23 15:32:43,2020-09-11 14:01:57,M->M,unknown,
科技日报,no_media,2020-09-11 14:01:57,2020-09-30 11:41:41,M->M,unknown,
科技日报,no_media,2020-09-30 11:41:41,2020-10-24 07:00:03,M->M,unknown,
科技日报,no_media,2020-10-24 07:00:03,2020-12-24 08:11:45,M->M,unknown,
科技日报,no_media,2020-12-24 08:11:45,2021-01-10 21:33:36,M->M,unknown,
科技日报,no_media,2021-01-10 21:33:36,2021-01-12 11:15:23,M->M,unknown,
科技日报,no_media,2021-01-12 11:15:23,2021-02-06 22:13:38,M->M,unknown,
科技日报,no_media,2021-02-06 22:13:38,2021-02-08 17:12:33,M->M,unknown,
科技日报,no_media,2021-02-08 17:12:33,2021-02-24 19:51:51,M->M,unknown,
科技日报,no_media,2021-02-24 19:51:51,2021-02-26 10:00:04,M->M,unknown,
科技日报,no_media,2021-02-26 10:00:04,2021-03-15 14:01:36,M->M,unknown,
科技日报,no_media,2021-03-15 14:01:36,2021-03-28 16:17:37,M->M,unknown,
科技日报,no_media,2021-03-28 16:17:37,2021-04-01 17:33:56,M->M,unknown,
科技日报,no_media,2021-04-01 17:33:56,2021-04-16 22:18:03,M->M,unknown,
科技日报,no_media,2021-04-16 22:18:03,2021-06-25 09:52:47,M->M,unknown,
科技日报,no_media,2021-06-25 09:52:47,2021-07-20 09:44:19,M->M,unknown,
科技日报,no_media,2021-07-20 09:44:19,2021-09-05 07:00:03,M->M,unknown,
科技日报,no_media,2021-09-05 07:00:03,2021-09-13 16:33:31,M->M,unknown,
科技日报,no_media,2021-09-13 16:33:31,2021-10-19 09:15:08,M->H,unknown,
科技日报,no_media,2021-10-19 09:15:08,2021-10-26 17:23:37,H->M,unknown,
科技日报,no_media,2021-10-26 17:23:37,2021-11-25 09:20:04,M->M,unknown,
科技日报,no_media,2021-11-25 09:20:04,2022-02-14 07:00:02,M->M,unknown,
科技日报,no_media,2022-02-14 07:00:02,2022-03-19 15:54:08,M->M,unknown,
科技日报,no_media,2022-03-19 15:54:08,2022-03-22 18:52:57,M->M,unknown,
科技日报,no_media,2022-03-22 18:52:57,2022-04-23 07:48:54,M->M,unknown,
科技日报,no_media,2022-04-23 07:48:54,2022-04-23 10:19:31,M->M,unknown,
科技日报,no_media,2022-04-23 10:19:31,2022-04-24 11:22:59,M->M,unknown,
科技日报,no_media,2022-04-24 11:22:59,2022-04-25 07:54:04,M->M,unknown,
科技日报,no_media,2022-04-25 07:54:04,2022-04-26 07:55:29,M->M,unknown,
科技日报,no_media,2022-04-26 07:55:29,2022-04-28 09:23:20,M->M,unknown,
科技日报,no_media,2022-04-28 09:23:20,2022-04-28 12:09:31,M->M,unknown,
科技日报,no_media,2022-04-28 12:09:31,2022-04-30 07:56:32,M->M,unknown,
科技日报,no_media,2022-04-30 07:56:32,2022-05-02 11:40:01,M->M,unknown,
科技日报,no_media,2022-05-02 11:40:01,2022-05-03 07:52:31,M->M,unknown,
科技日报,no_media,2022-05-03 07:52:31,2022-05-04 12:46:35,M->M,unknown,
科技日报,no_media,2022-05-04 12:46:35,2022-05-05 08:53:24,M->M,unknown,
科技日报,no_media,2022-05-05 08:53:24,2022-05-06 08:04:21,M->M,unknown,
科技日报,no_media,2022-05-06 08:04:21,2022-05-11 08:19:23,M->M,unknown,
科技日报,no_media,2022-05-11 08:19:23,2022-05-15 07:54:24,M->M,unknown,
科技日报,no_media,2022-05-15 07:54:24,2022-05-19 14:56:00,M->M,unknown,
科技日报,no_media,2022-05-19 14:56:00,2022-05-31 07:00:04,M->M,unknown,
科技日报,no_media,2022-05-31 07:00:04,2022-06-08 19:13:38,M->M,unknown,
科技日报,no_media,2022-06-08 19:13:38,2022-08-04 11:54:12,M->M,unknown,
科技日报,no_media,2022-08-04 11:54:12,2022-08-05 09:57:30,M->M,unknown,
科技日报,no_media,2022-08-05 09:57:30,2022-09-26 07:35:58,M->M,unknown,
科技日报,no_media,2022-09-26 07:35:58,2022-11-04 07:00:01,M->M,unknown,
科技日报,no_media,2022-11-04 07:00:01,2022-12-07 21:08:44,M->M,unknown,
科技日报,no_media,2022-12-07 21:08:44,2022-12-11 11:08:10,M->M,unknown,
科技日报,no_media,2022-12-11 11:08:10,2022-12-15 17:00:25,M->M,unknown,
科技日报,no_media,2022-12-15 17:00:25,2022-12-19 10:18:38,M->M,unknown,
科技日报,no_media,2022-12-19 10:18:38,2023-04-11 10:02:31,M->M,unknown,
科技日报,no_media,2023-04-11 10:02:31,2023-11-23 17:16:31,M->M,unknown,
科普中国,no_media,2020-01-24 07:06:48,2020-02-17 08:16:30,M->M,unknown,
科普中国,no_media,2020-02-17 08:16:30,2020-02-19 23:26:27,M->M,unknown,
科普中国,no_media,2020-02-19 23:26:27,2020-02-20 12:20:36,M->M,unknown,
科普中国,no_media,2020-02-20 12:20:36,2020-02-26 19:08:44,M->M,unknown,
科普中国,no_media,2020-02-26 19:08:44,2020-03-05 18:08:06,M->M,unknown,
科普中国,no_media,2020-03-05 18:08:06,2021-01-07 21:08:19,M->M,unknown,
科普中国,no_media,2021-01-07 21:08:19,2021-01-08 08:39:24,M->M,unknown,
科普中国,no_media,2021-01-08 08:39:24,2021-04-06 15:57:27,M->M,unknown,
科普中国,no_media,2021-04-06 15:57:27,2022-01-08 17:33:00,M->M,unknown,
科普中国,no_media,2022-01-08 17:33:00,2022-04-25 07:49:59,M->M,unknown,
科普中国,no_media,2022-04-25 07:49:59,2022-04-25 18:41:10,M->M,unknown,
科普中国,no_media,2022-04-25 18:41:10,2022-05-03 07:57:50,M->M,unknown,
科普中国,no_media,2022-05-03 07:57:50,2022-05-04 07:50:27,M->M,unknown,
科普中国,no_media,2022-05-04 07:50:27,2022-11-18 11:47:37,M->M,unknown,
科普中国,no_media,2022-11-18 11:47:37,2022-11-19 08:11:45,M->M,unknown,
科普中国,no_media,2022-11-19 08:11:45,2022-12-10 17:43:16,M->M,unknown,
科普中国,no_media,2022-12-10 17:43:16,2022-12-21 16:18:00,M->M,unknown,
科普中国,no_media,2022-12-21 16:18:00,2023-01-12 09:59:24,M->M,unknown,
科普中国,no_media,2023-01-12 09:59:24,2023-01-12 11:13:11,M->M,unknown,
科普中国,no_media,2023-01-12 11:13:11,2023-05-28 09:11:35,M->M,unknown,
科普中国,no_media,2023-05-28 09:11:35,2024-01-05 22:00:00,M->M,unknown,
科普中国,no_media,2024-01-05 22:00:00,2024-08-12 15:00:00,M->M,unknown,
秦皇岛新闻网,no_media,2020-02-27 10:29:00,2020-03-01 12:46:35,M->M,unknown,
秦皇岛新闻网,no_media,2020-03-01 12:46:35,2020-03-08 10:06:05,M->M,unknown,
秦皇岛新闻网,no_media,2020-03-08 10:06:05,2020-06-06 10:48:21,M->M,unknown,
秦皇岛新闻网,no_media,2020-06-06 10:48:21,2020-07-28 12:03:07,M->M,unknown,
秦皇岛新闻网,no_media,2020-07-28 12:03:07,2020-09-15 18:36:26,M->M,unknown,
秦皇岛新闻网,no_media,2020-09-15 18:36:26,2021-04-02 10:03:26,M->M,unknown,
秦皇岛新闻网,no_media,2021-04-02 10:03:26,2021-07-31 10:29:55,M->M,unknown,
秦皇岛新闻网,no_media,2021-07-31 10:29:55,2022-12-02 17:48:09,M->M,unknown,
究竟视频,no_media,2020-09-03 13:07:55,2021-02-28 01:40:04,M->M,unknown,
究竟视频,no_media,2021-02-28 01:40:04,2021-08-03 14:40:42,M->M,unknown,
究竟视频,no_media,2021-08-03 14:40:42,2022-02-20 19:44:11,M->M,unknown,
究竟视频,no_media,2022-02-20 19:44:11,2022-03-09 16:47:11,M->M,unknown,
究竟视频,no_media,2022-03-09 16:47:11,2023-01-09 13:06:13,M->M,unknown,
究竟视频,no_media,2023-01-09 13:06:13,2023-08-18 12:01:59,M->M,unknown,
空陵吸管,no_media,2022-12-30 13:02:00,2023-01-03 10:20:00,M->M,unknown,
穿羽绒服的眯眯眼,no_media,2022-12-13 20:06:00,2022-12-15 09:56:00,L->L,unknown,
穿羽绒服的眯眯眼,no_media,2022-12-15 09:56:00,2022-12-15 13:37:00,L->L,unknown,
穿羽绒服的眯眯眼,no_media,2022-12-15 13:37:00,2022-12-22 21:04:00,L->L,unknown,
穿羽绒服的眯眯眼,no_media,2022-12-22 21:04:00,2022-12-23 15:07:00,L->M,unknown,
穿羽绒服的眯眯眼,no_media,2022-12-23 15:07:00,2022-12-24 13:25:00,M->L,unknown,
穿羽绒服的眯眯眼,no_media,2022-12-24 13:25:00,2022-12-29 21:08:00,L->L,unknown,
穿羽绒服的眯眯眼,no_media,2022-12-29 21:08:00,2023-01-09 09:34:00,L->H,unknown,
童姐营养师和小炟同学,no_media,2023-01-26 22:52:00,2023-02-07 20:36:00,M->M,unknown,
童姐营养师和小炟同学,no_media,2023-02-07 20:36:00,2023-02-13 22:16:00,M->M,unknown,
童宜棠,no_media,2022-12-08 18:30:00,2022-12-09 16:36:00,M->M,unknown,
童宜棠,no_media,2022-12-09 16:36:00,2022-12-09 17:40:00,M->M,unknown,
童童叶1598,wemedia_only,2023-01-10 11:40:00,2023-01-10 11:46:00,L->H,risk,1.0
笔耕太行,no_media,2022-11-02 17:04:28,2022-11-04 17:44:02,M->M,unknown,
笔耕太行,no_media,2022-11-04 17:44:02,2024-03-17 17:46:07,M->M,unknown,
笔耕太行,no_media,2024-03-17 17:46:07,2024-03-17 18:27:28,M->M,unknown,
笨笨是个有知识的好青年,no_media,2023-02-06 19:49:00,2023-02-07 15:19:00,H->M,unknown,
第1眼视频,no_media,2022-03-14 14:10:00,2023-05-05 17:30:36,H->L,unknown,
第1眼视频,no_media,2023-05-05 17:30:36,2024-07-08 10:13:45,L->M,unknown,
第一财经YiMagazine,no_media,2020-03-31 20:17:28,2022-02-14 11:30:03,M->M,unknown,
第一财经YiMagazine,no_media,2022-02-14 11:30:03,2022-12-02 09:42:12,M->M,unknown,
第一财经YiMagazine,no_media,2022-12-02 09:42:12,2022-12-07 14:24:21,M->M,unknown,
第一财经YiMagazine,no_media,2022-12-07 14:24:21,2023-01-20 12:08:00,M->M,unknown,
第一财经广播,no_media,2021-12-09 16:06:25,2022-05-11 08:16:26,M->M,unknown,
第一财经广播,no_media,2022-05-11 08:16:26,2022-05-18 08:01:44,M->M,unknown,
第一财经广播,no_media,2022-05-18 08:01:44,2022-05-24 09:00:41,M->M,unknown,
第一财经广播,no_media,2022-05-24 09:00:41,2022-12-27 15:29:29,M->M,unknown,
米小贝壳,no_media,2023-02-10 16:33:00,2023-10-12 16:46:00,M->L,unknown,
精彩东方,no_media,2022-09-02 08:19:00,2022-09-03 06:45:00,M->M,unknown,
精彩东方,no_media,2022-09-03 06:45:00,2022-09-11 07:31:00,M->M,unknown,
紫府求真,no_media,2023-09-17 11:53:00,2023-09-20 08:37:00,M->M,unknown,
红塔区发布,no_media,2022-05-26 09:06:51,2022-10-14 09:52:51,M->M,unknown,
红塔区发布,no_media,2022-10-14 09:52:51,2022-11-03 11:41:25,M->M,unknown,
红塔区发布,no_media,2022-11-03 11:41:25,2022-12-01 11:16:50,M->M,unknown,
红塔区发布,no_media,2022-12-01 11:16:50,2022-12-01 17:13:20,M->M,unknown,
红塔区发布,no_media,2022-12-01 17:13:20,2022-12-05 07:57:24,M->M,unknown,
红塔区发布,no_media,2022-12-05 07:57:24,2022-12-11 10:01:50,M->M,unknown,
红塔区发布,no_media,2022-12-11 10:01:50,2022-12-15 18:02:07,M->M,unknown,
红塔区发布,no_media,2022-12-15 18:02:07,2022-12-18 16:41:28,M->M,unknown,
红塔区发布,no_media,2022-12-18 16:41:28,2022-12-18 19:15:10,M->M,unknown,
红塔区发布,no_media,2022-12-18 19:15:10,2023-01-03 17:13:17,M->M,unknown,
红星新闻,no_media,2020-02-14 22:02:33,2020-02-17 08:19:44,M->M,unknown,
红星新闻,no_media,2020-02-17 08:19:44,2020-02-20 09:10:38,M->M,unknown,
红星新闻,no_media,2020-02-20 09:10:38,2020-03-18 19:10:24,M->M,unknown,
红星新闻,no_media,2020-03-18 19:10:24,2020-05-04 21:38:48,M->M,unknown,
红星新闻,no_media,2020-05-04 21:38:48,2020-10-30 15:28:26,M->H,unknown,
红星新闻,no_media,2020-10-30 15:28:26,2020-12-21 17:43:31,H->M,unknown,
红星新闻,no_media,2020-12-21 17:43:31,2021-02-23 15:39:30,M->M,unknown,
红星新闻,no_media,2021-02-23 15:39:30,2021-04-21 14:09:29,M->M,unknown,
红星新闻,no_media,2021-04-21 14:09:29,2021-04-22 12:52:43,M->M,unknown,
红星新闻,no_media,2021-04-22 12:52:43,2021-06-25 09:52:32,M->M,unknown,
红星新闻,no_media,2021-06-25 09:52:32,2021-10-25 18:38:42,M->M,unknown,
红星新闻,no_media,2021-10-25 18:38:42,2021-10-26 07:00:01,M->M,unknown,
红星新闻,no_media,2021-10-26 07:00:01,2021-12-03 22:00:10,M->M,unknown,
红星新闻,no_media,2021-12-03 22:00:10,2022-01-08 15:56:14,M->M,unknown,
红星新闻,no_media,2022-01-08 15:56:14,2022-03-28 22:46:00,M->M,unknown,
红星新闻,no_media,2022-03-28 22:46:00,2022-12-07 13:26:02,M->M,unknown,
红星新闻,no_media,2022-12-07 13:26:02,2022-12-09 08:54:31,M->M,unknown,
红星新闻,no_media,2022-12-09 08:54:31,2022-12-11 08:31:46,M->M,unknown,
红星新闻,no_media,2022-12-11 08:31:46,2022-12-13 15:00:16,M->M,unknown,
红星新闻,no_media,2022-12-13 15:00:16,2022-12-16 15:58:06,M->M,unknown,
红星新闻,no_media,2022-12-16 15:58:06,2022-12-21 16:49:32,M->M,unknown,
红星新闻,no_media,2022-12-21 16:49:32,2022-12-22 13:48:41,M->M,unknown,
红星新闻,no_media,2022-12-22 13:48:41,2022-12-23 23:14:54,M->M,unknown,
红星新闻,no_media,2022-12-23 23:14:54,2022-12-27 11:47:04,M->M,unknown,
红星新闻,no_media,2022-12-27 11:47:04,2022-12-27 11:54:44,M->M,unknown,
红星新闻,no_media,2022-12-27 11:54:44,2023-01-03 18:11:30,M->M,unknown,
红星新闻,no_media,2023-01-03 18:11:30,2023-01-04 11:17:51,M->M,unknown,
红星新闻,no_media,2023-01-04 11:17:51,2023-01-08 09:34:35,M->M,unknown,
红星新闻,no_media,2023-01-08 09:34:35,2023-01-13 20:45:24,M->M,unknown,
红星新闻,no_media,2023-01-13 20:45:24,2023-01-18 15:20:36,M->M,unknown,
红星新闻,no_media,2023-01-18 15:20:36,2023-10-25 16:45:25,M->M,unknown,
红星视频,no_media,2020-01-31 20:16:46,2020-02-14 18:51:56,M->M,unknown,
红星视频,no_media,2020-02-14 18:51:56,2020-02-21 12:34:59,M->M,unknown,
红星视频,no_media,2020-02-21 12:34:59,2020-03-02 17:05:05,M->M,unknown,
红星视频,no_media,2020-03-02 17:05:05,2020-03-15 17:07:39,M->M,unknown,
红星视频,no_media,2020-03-15 17:07:39,2022-04-14 18:45:00,M->M,unknown,
红星视频,no_media,2022-04-14 18:45:00,2022-12-07 10:44:02,M->M,unknown,
红星视频,no_media,2022-12-07 10:44:02,2023-01-01 17:15:14,M->M,unknown,
红星视频,no_media,2023-01-01 17:15:14,2023-01-02 15:25:24,M->M,unknown,
红星视频,no_media,2023-01-02 15:25:24,2023-01-21 12:18:33,M->M,unknown,
红星视频,no_media,2023-01-21 12:18:33,2023-03-01 14:24:18,M->M,unknown,
红星资本局,no_media,2022-01-01 10:01:24,2022-02-12 15:31:32,M->M,unknown,
红星资本局,no_media,2022-02-12 15:31:32,2022-04-04 16:41:18,M->M,unknown,
红星资本局,no_media,2022-04-04 16:41:18,2022-12-15 17:11:33,M->M,unknown,
红星资本局,no_media,2022-12-15 17:11:33,2023-01-19 17:00:23,M->M,unknown,
红星资本局,no_media,2023-01-19 17:00:23,2023-03-01 12:03:24,M->M,unknown,
红星资本局,no_media,2023-03-01 12:03:24,2023-12-02 15:41:21,M->M,unknown,
红星资本局,no_media,2023-12-02 15:41:21,2023-12-13 12:50:47,M->M,unknown,
红星资本局,no_media,2023-12-13 12:50:47,2024-01-25 15:13:09,M->M,unknown,
纵相新闻,no_media,2020-12-11 23:02:55,2021-02-14 11:05:45,M->M,unknown,
纵相新闻,no_media,2021-02-14 11:05:45,2021-03-29 16:58:39,M->M,unknown,
纵相新闻,no_media,2021-03-29 16:58:39,2021-04-14 23:17:48,M->M,unknown,
纵相新闻,no_media,2021-04-14 23:17:48,2021-06-08 15:54:24,M->H,unknown,
纵相新闻,no_media,2021-06-08 15:54:24,2021-06-29 16:00:42,H->M,unknown,
纵相新闻,no_media,2021-06-29 16:00:42,2022-07-26 10:36:51,M->M,unknown,
纵相新闻,no_media,2022-07-26 10:36:51,2024-07-08 12:07:57,M->M,unknown,
绍兴交警,no_media,2020-02-20 11:43:47,2022-04-07 10:41:30,M->M,unknown,
绍兴交警,no_media,2022-04-07 10:41:30,2022-07-25 20:46:18,M->M,unknown,
绍兴公安,no_media,2020-04-23 15:50:23,2020-06-12 08:24:23,M->M,unknown,
绍兴公安,no_media,2020-06-12 08:24:23,2021-12-17 11:27:58,M->M,unknown,
绍兴公安,no_media,2021-12-17 11:27:58,2022-10-14 12:11:56,M->M,unknown,
绎萦在努力,no_media,2022-12-26 16:07:00,2022-12-28 01:48:00,L->L,unknown,
经济参考报,no_media,2022-05-11 09:35:46,2022-05-24 09:00:56,M->M,unknown,
经济参考报,no_media,2022-05-24 09:00:56,2022-05-26 09:06:00,M->M,unknown,
经济参考报,no_media,2022-05-26 09:06:00,2022-12-08 09:56:14,M->M,unknown,
经济参考报,no_media,2022-12-08 09:56:14,2022-12-16 13:20:02,M->M,unknown,
经济参考报,no_media,2022-12-16 13:20:02,2023-03-20 18:00:16,M->M,unknown,
经济参考报,no_media,2023-03-20 18:00:16,2023-12-14 11:32:50,M->M,unknown,
经济日报,no_media,2021-08-12 19:58:34,2022-04-25 14:49:46,M->M,unknown,
经济日报,no_media,2022-04-25 14:49:46,2022-05-23 20:55:22,M->M,unknown,
经济日报,no_media,2022-05-23 20:55:22,2022-10-12 08:12:31,M->M,unknown,
经济日报,no_media,2022-10-12 08:12:31,2022-12-07 13:59:41,M->M,unknown,
经济日报,no_media,2022-12-07 13:59:41,2022-12-15 17:00:00,M->M,unknown,
经济日报,no_media,2022-12-15 17:00:00,2023-03-01 12:30:02,M->M,unknown,
经济日报,no_media,2023-03-01 12:30:02,2024-03-02 12:46:01,M->M,unknown,
经纬航空医疗OAMA,no_media,2023-03-07 11:23:00,2023-07-03 17:46:00,M->M,unknown,
绥阳人民检察,no_media,2023-01-02 18:35:59,2023-01-04 17:57:48,M->M,unknown,
绥阳检察院,no_media,2022-03-14 15:53:00,2022-03-14 15:53:15,M->M,unknown,
绥阳检察院,no_media,2022-03-14 15:53:15,2022-05-05 08:28:22,M->M,unknown,
绥阳检察院,no_media,2022-05-05 08:28:22,2022-05-26 08:27:04,M->M,unknown,
绥阳检察院,no_media,2022-05-26 08:27:04,2022-05-29 22:38:03,M->M,unknown,
绥阳检察院,no_media,2022-05-29 22:38:03,2022-08-22 09:22:37,M->M,unknown,
绥阳检察院,no_media,2022-08-22 09:22:37,2022-12-01 13:40:49,M->M,unknown,
绥阳检察院,no_media,2022-12-01 13:40:49,2023-05-28 14:48:14,M->M,unknown,
绪刚观天,no_media,2017-11-08 10:51:45,2020-02-11 16:45:49,M->M,unknown,
绪刚观天,no_media,2020-02-11 16:45:49,2022-01-05 19:28:40,M->M,unknown,
绪刚观天,no_media,2022-01-05 19:28:40,2022-11-17 14:01:51,M->M,unknown,
绪刚观天,no_media,2022-11-17 14:01:51,2022-12-21 15:21:56,M->M,unknown,
绪刚观天,no_media,2022-12-21 15:21:56,2023-01-07 18:02:24,M->M,unknown,
绵阳公安交警,no_media,2022-10-14 12:04:23,2022-12-09 21:16:36,M->M,unknown,
缝缝补补又壹年,no_media,2023-08-25 16:06:00,2023-09-10 15:29:00,M->M,unknown,
罗百竹,wemedia_only,2022-03-25 13:48:00,2022-04-07 20:45:00,M->M,unknown,
罗百竹,wemedia_only,2022-04-07 20:45:00,2022-09-30 14:07:00,M->M,unknown,
罗百竹,wemedia_only,2022-09-30 14:07:00,2022-11-02 09:58:00,M->M,unknown,
羊城晚报,no_media,2017-01-07 15:30:03,2020-02-20 09:40:39,L->M,unknown,
羊城晚报,no_media,2020-02-20 09:40:39,2020-02-25 09:55:50,M->M,unknown,
羊城晚报,no_media,2020-02-25 09:55:50,2020-02-25 17:00:04,M->M,unknown,
羊城晚报,no_media,2020-02-25 17:00:04,2020-03-03 13:00:23,M->M,unknown,
羊城晚报,no_media,2020-03-03 13:00:23,2020-03-05 20:35:03,M->M,unknown,
羊城晚报,no_media,2020-03-05 20:35:03,2020-04-23 15:45:03,M->M,unknown,
羊城晚报,no_media,2020-04-23 15:45:03,2021-02-02 10:28:03,M->M,unknown,
羊城晚报,no_media,2021-02-02 10:28:03,2021-12-03 22:26:45,M->M,unknown,
羊城晚报,no_media,2021-12-03 22:26:45,2022-03-10 20:11:40,M->M,unknown,
羊城晚报,no_media,2022-03-10 20:11:40,2022-04-10 17:57:48,M->M,unknown,
羊城晚报,no_media,2022-04-10 17:57:48,2022-07-10 23:39:41,M->M,unknown,
羊城晚报,no_media,2022-07-10 23:39:41,2022-10-27 17:36:00,M->M,unknown,
羊城晚报,no_media,2022-10-27 17:36:00,2022-10-29 18:19:05,M->M,unknown,
羊城晚报,no_media,2022-10-29 18:19:05,2022-12-01 16:16:33,M->M,unknown,
羊城晚报,no_media,2022-12-01 16:16:33,2022-12-02 17:10:37,M->M,unknown,
羊城晚报,no_media,2022-12-02 17:10:37,2022-12-02 21:46:21,M->M,unknown,
羊城晚报,no_media,2022-12-02 21:46:21,2022-12-07 14:12:36,M->M,unknown,
羊城晚报,no_media,2022-12-07 14:12:36,2022-12-07 18:04:02,M->M,unknown,
羊城晚报,no_media,2022-12-07 18:04:02,2022-12-09 10:52:56,M->M,unknown,
羊城晚报,no_media,2022-12-09 10:52:56,2022-12-10 20:26:44,M->M,unknown,
羊城晚报,no_media,2022-12-10 20:26:44,2023-01-01 16:30:02,M->M,unknown,
羊城晚报,no_media,2023-01-01 16:30:02,2023-01-13 20:53:26,M->M,unknown,
羊城晚报,no_media,2023-01-13 20:53:26,2023-02-28 22:43:47,M->M,unknown,
羊城晚报,no_media,2023-02-28 22:43:47,2024-01-04 19:30:01,M->M,unknown,
羊城晚报金羊网,no_media,2020-02-15 07:52:11,2020-02-17 16:52:50,M->M,unknown,
羊城晚报金羊网,no_media,2020-02-17 16:52:50,2020-02-20 09:30:01,M->M,unknown,
羊城晚报金羊网,no_media,2020-02-20 09:30:01,2020-02-21 11:26:26,M->M,unknown,
羊城晚报金羊网,no_media,2020-02-21 11:26:26,2020-02-25 10:01:38,M->M,unknown,
羊城晚报金羊网,no_media,2020-02-25 10:01:38,2020-03-03 17:28:42,M->M,unknown,
羊城晚报金羊网,no_media,2020-03-03 17:28:42,2020-03-03 18:30:04,M->M,unknown,
羊城晚报金羊网,no_media,2020-03-03 18:30:04,2020-03-25 11:51:07,M->M,unknown,
羊城晚报金羊网,no_media,2020-03-25 11:51:07,2020-04-02 16:56:13,M->M,unknown,
羊城晚报金羊网,no_media,2020-04-02 16:56:13,2020-04-29 20:00:04,M->M,unknown,
羊城晚报金羊网,no_media,2020-04-29 20:00:04,2020-05-28 09:18:32,M->M,unknown,
羊城晚报金羊网,no_media,2020-05-28 09:18:32,2020-09-11 16:30:03,M->M,unknown,
羊城晚报金羊网,no_media,2020-09-11 16:30:03,2021-03-06 09:50:03,M->M,unknown,
羊城晚报金羊网,no_media,2021-03-06 09:50:03,2021-03-06 10:20:03,M->M,unknown,
羊城晚报金羊网,no_media,2021-03-06 10:20:03,2021-03-23 07:58:20,M->M,unknown,
羊城晚报金羊网,no_media,2021-03-23 07:58:20,2021-04-06 17:30:03,M->M,unknown,
羊城晚报金羊网,no_media,2021-04-06 17:30:03,2021-04-13 18:30:03,M->M,unknown,
羊城晚报金羊网,no_media,2021-04-13 18:30:03,2021-08-03 20:30:03,M->M,unknown,
羊城晚报金羊网,no_media,2021-08-03 20:30:03,2021-09-04 20:30:03,M->M,unknown,
羊城晚报金羊网,no_media,2021-09-04 20:30:03,2022-01-08 16:07:08,M->M,unknown,
羊城晚报金羊网,no_media,2022-01-08 16:07:08,2022-04-12 21:30:02,M->M,unknown,
羊城晚报金羊网,no_media,2022-04-12 21:30:02,2022-11-29 18:30:02,M->M,unknown,
羊城晚报金羊网,no_media,2022-11-29 18:30:02,2022-12-03 16:27:36,M->M,unknown,
羊城晚报金羊网,no_media,2022-12-03 16:27:36,2022-12-11 10:00:00,M->M,unknown,
羊城晚报金羊网,no_media,2022-12-11 10:00:00,2022-12-11 11:38:41,M->M,unknown,
羊城晚报金羊网,no_media,2022-12-11 11:38:41,2022-12-11 20:20:56,M->M,unknown,
羊城晚报金羊网,no_media,2022-12-11 20:20:56,2022-12-15 18:18:30,M->M,unknown,
羊城晚报金羊网,no_media,2022-12-15 18:18:30,2022-12-19 12:00:05,M->M,unknown,
羊城晚报金羊网,no_media,2022-12-19 12:00:05,2022-12-23 11:01:53,M->M,unknown,
羊城晚报金羊网,no_media,2022-12-23 11:01:53,2023-01-04 08:16:49,M->M,unknown,
羊城晚报金羊网,no_media,2023-01-04 08:16:49,2023-01-05 10:26:35,M->M,unknown,
羊城晚报金羊网,no_media,2023-01-05 10:26:35,2023-01-05 22:30:01,M->M,unknown,
羊城晚报金羊网,no_media,2023-01-05 22:30:01,2023-01-14 09:30:04,M->M,unknown,
羊城晚报金羊网,no_media,2023-01-14 09:30:04,2023-02-09 14:00:04,M->M,unknown,
羊城晚报金羊网,no_media,2023-02-09 14:00:04,2023-02-10 14:00:01,M->M,unknown,
羊城晚报金羊网,no_media,2023-02-10 14:00:01,2023-03-12 17:30:00,M->M,unknown,
羊城晚报金羊网,no_media,2023-03-12 17:30:00,2023-05-23 13:00:00,M->M,unknown,
羊城晚报金羊网,no_media,2023-05-23 13:00:00,2023-12-10 20:30:00,M->M,unknown,
羊城晚报金羊网,no_media,2023-12-10 20:30:00,2023-12-29 11:46:39,M->M,unknown,
羊城晚报金羊网,no_media,2023-12-29 11:46:39,2024-06-24 18:01:54,M->M,unknown,
羊城派,no_media,2020-02-07 21:23:22,2020-02-28 16:17:44,M->M,unknown,
羊城派,no_media,2020-02-28 16:17:44,2020-03-02 14:24:43,M->M,unknown,
羊城派,no_media,2020-03-02 14:24:43,2020-03-03 16:59:20,M->M,unknown,
羊城派,no_media,2020-03-03 16:59:20,2020-05-24 21:45:17,M->M,unknown,
羊城派,no_media,2020-05-24 21:45:17,2021-07-05 22:52:40,M->M,unknown,
羊城派,no_media,2021-07-05 22:52:40,2021-09-05 11:52:56,M->M,unknown,
羊城派,no_media,2021-09-05 11:52:56,2021-10-23 18:19:34,M->M,unknown,
羊城派,no_media,2021-10-23 18:19:34,2021-11-03 08:24:24,M->M,unknown,
羊城派,no_media,2021-11-03 08:24:24,2022-01-01 15:10:38,M->M,unknown,
羊城派,no_media,2022-01-01 15:10:38,2022-01-02 09:53:53,M->M,unknown,
羊城派,no_media,2022-01-02 09:53:53,2022-12-16 09:47:37,M->M,unknown,
美东侨报,no_media,2022-10-16 17:28:00,2022-12-10 04:35:00,M->M,unknown,
美国侨报网,no_media,2020-03-04 11:12:37,2020-03-05 21:54:18,M->M,unknown,
美国侨报网,no_media,2020-03-05 21:54:18,2020-03-07 16:02:45,M->M,unknown,
美国侨报网,no_media,2020-03-07 16:02:45,2020-08-21 13:46:17,M->M,unknown,
美国侨报网,no_media,2020-08-21 13:46:17,2020-10-06 03:03:34,M->M,unknown,
美国侨报网,no_media,2020-10-06 03:03:34,2020-10-08 02:01:23,M->M,unknown,
美国侨报网,no_media,2020-10-08 02:01:23,2020-10-30 08:30:47,M->H,unknown,
美国侨报网,no_media,2020-10-30 08:30:47,2020-11-07 04:53:10,H->M,unknown,
美国侨报网,no_media,2020-11-07 04:53:10,2020-12-02 01:38:35,M->M,unknown,
美国侨报网,no_media,2020-12-02 01:38:35,2020-12-16 14:31:13,M->M,unknown,
美国侨报网,no_media,2020-12-16 14:31:13,2020-12-17 03:13:12,M->M,unknown,
美国侨报网,no_media,2020-12-17 03:13:12,2020-12-19 07:39:18,M->M,unknown,
美国侨报网,no_media,2020-12-19 07:39:18,2021-01-13 03:48:39,M->M,unknown,
美国侨报网,no_media,2021-01-13 03:48:39,2021-01-28 00:07:26,M->M,unknown,
美国侨报网,no_media,2021-01-28 00:07:26,2021-02-03 10:13:03,M->M,unknown,
美国侨报网,no_media,2021-02-03 10:13:03,2021-02-23 10:01:34,M->M,unknown,
美国侨报网,no_media,2021-02-23 10:01:34,2021-03-09 01:58:35,M->M,unknown,
美国侨报网,no_media,2021-03-09 01:58:35,2021-03-23 01:17:00,M->H,unknown,
美国侨报网,no_media,2021-03-23 01:17:00,2021-03-27 11:26:03,H->M,unknown,
美国侨报网,no_media,2021-03-27 11:26:03,2021-04-09 11:40:03,M->M,unknown,
美国侨报网,no_media,2021-04-09 11:40:03,2021-04-30 10:43:03,M->M,unknown,
美国侨报网,no_media,2021-04-30 10:43:03,2021-06-11 07:49:03,M->M,unknown,
美国侨报网,no_media,2021-06-11 07:49:03,2021-06-16 09:05:03,M->M,unknown,
美国侨报网,no_media,2021-06-16 09:05:03,2021-06-22 00:44:09,M->H,unknown,
美国侨报网,no_media,2021-06-22 00:44:09,2021-06-25 18:00:04,H->M,unknown,
美国侨报网,no_media,2021-06-25 18:00:04,2021-07-27 03:26:43,M->M,unknown,
美国侨报网,no_media,2021-07-27 03:26:43,2021-07-27 09:48:03,M->M,unknown,
美国侨报网,no_media,2021-07-27 09:48:03,2021-08-10 14:29:51,M->M,unknown,
美国侨报网,no_media,2021-08-10 14:29:51,2021-08-11 00:59:00,M->M,unknown,
美国侨报网,no_media,2021-08-11 00:59:00,2021-08-12 02:06:22,M->M,unknown,
美国侨报网,no_media,2021-08-12 02:06:22,2021-08-17 03:03:35,M->M,unknown,
美国侨报网,no_media,2021-08-17 03:03:35,2021-08-18 10:48:03,M->M,unknown,
美国侨报网,no_media,2021-08-18 10:48:03,2021-10-12 15:14:34,M->M,unknown,
美国侨报网,no_media,2021-10-12 15:14:34,2021-11-09 07:57:31,M->M,unknown,
美国侨报网,no_media,2021-11-09 07:57:31,2021-11-20 09:22:39,M->M,unknown,
美国侨报网,no_media,2021-11-20 09:22:39,2021-12-04 05:50:56,M->M,unknown,
美国侨报网,no_media,2021-12-04 05:50:56,2021-12-22 01:50:00,M->M,unknown,
美国侨报网,no_media,2021-12-22 01:50:00,2022-05-13 08:36:02,M->M,unknown,
美国侨报网,no_media,2022-05-13 08:36:02,2022-07-22 02:42:45,M->M,unknown,
美国侨报网,no_media,2022-07-22 02:42:45,2022-07-28 19:30:00,M->M,unknown,
美国侨报网,no_media,2022-07-28 19:30:00,2022-09-23 08:42:30,M->M,unknown,
美国侨报网,no_media,2022-09-23 08:42:30,2022-11-27 01:00:01,M->M,unknown,
美国侨报网,no_media,2022-11-27 01:00:01,2022-12-15 17:00:02,M->H,unknown,
美国侨报网,no_media,2022-12-15 17:00:02,2022-12-22 19:00:01,H->M,unknown,
美国侨报网,no_media,2022-12-22 19:00:01,2023-01-21 12:57:31,M->M,unknown,
美国侨报网,no_media,2023-01-21 12:57:31,2023-01-21 13:01:17,M->M,unknown,
美国侨报网,no_media,2023-01-21 13:01:17,2023-12-23 14:00:00,M->M,unknown,
美国侨报网视频,no_media,2021-01-13 03:48:27,2021-01-28 00:07:43,M->M,unknown,
美国侨报网视频,no_media,2021-01-28 00:07:43,2021-07-27 03:26:58,M->M,unknown,
美国侨报网视频,no_media,2021-07-27 03:26:58,2021-08-10 14:30:09,M->M,unknown,
美国侨报网视频,no_media,2021-08-10 14:30:09,2021-08-12 02:06:56,M->M,unknown,
美国侨报网视频,no_media,2021-08-12 02:06:56,2021-12-04 05:51:08,M->M,unknown,
美国侨报网视频,no_media,2021-12-04 05:51:08,2021-12-22 01:50:15,M->M,unknown,
美国侨报网视频,no_media,2021-12-22 01:50:15,2022-05-13 08:36:04,M->M,unknown,
美国侨报网视频,no_media,2022-05-13 08:36:04,2022-07-22 02:42:52,M->M,unknown,
美国侨报网视频,no_media,2022-07-22 02:42:52,2022-09-23 08:00:38,M->M,unknown,
美国医级资源_Sonmore,wemedia_only,2022-10-15 10:08:00,2022-10-22 23:13:00,M->M,risk,1.0
美国医级资源_Sonmore,wemedia_only,2022-10-22 23:13:00,2023-04-23 12:22:00,M->M,risk,1.0
美域康MiracleCells,no_media,2023-05-25 10:53:00,2023-05-25 14:46:00,M->M,unknown,
美域康MiracleCells,no_media,2023-05-25 14:46:00,2023-05-25 21:54:00,M->M,unknown,
美域康MiracleCells,no_media,2023-05-25 21:54:00,2023-05-30 08:40:00,M->M,unknown,
美域康MiracleCells,no_media,2023-05-30 08:40:00,2023-06-01 16:59:00,M->M,unknown,
美域康MiracleCells,no_media,2023-06-01 16:59:00,2023-06-03 13:37:00,M->M,unknown,
美域康MiracleCells,no_media,2023-06-03 13:37:00,2023-06-28 23:25:00,M->M,unknown,
美域康MiracleCells,no_media,2023-06-28 23:25:00,2023-07-04 10:21:00,M->M,unknown,
美域康MiracleCells,no_media,2023-07-04 10:21:00,2023-07-27 09:10:00,M->M,unknown,
美域康MiracleCells,no_media,2023-07-27 09:10:00,2023-08-24 18:13:00,M->M,unknown,
美域康MiracleCells,no_media,2023-08-24 18:13:00,2023-08-29 18:58:00,M->M,unknown,
美域康MiracleCells,no_media,2023-08-29 18:58:00,2023-09-01 11:17:00,M->M,unknown,
美域康MiracleCells,no_media,2023-09-01 11:17:00,2023-09-04 18:05:00,M->M,unknown,
美域康MiracleCells,no_media,2023-09-04 18:05:00,2023-09-16 15:44:00,M->M,unknown,
美域康MiracleCells,no_media,2023-09-16 15:44:00,2023-09-17 19:28:00,M->M,unknown,
美域康MiracleCells,no_media,2023-09-17 19:28:00,2023-10-08 16:33:00,M->M,unknown,
美好滁州,no_media,2020-02-09 08:52:21,2020-04-23 15:37:53,M->M,unknown,
美好滁州,no_media,2020-04-23 15:37:53,2020-05-21 09:02:29,M->M,unknown,
美好滁州,no_media,2020-05-21 09:02:29,2020-08-29 22:44:58,M->M,unknown,
美好滁州,no_media,2020-08-29 22:44:58,2020-09-03 16:12:06,M->M,unknown,
美好滁州,no_media,2020-09-03 16:12:06,2020-11-02 13:57:47,M->M,unknown,
美好滁州,no_media,2020-11-02 13:57:47,2021-01-04 16:48:27,M->M,unknown,
美好滁州,no_media,2021-01-04 16:48:27,2021-08-19 11:03:52,M->M,unknown,
美好滁州,no_media,2021-08-19 11:03:52,2021-11-01 10:27:45,M->M,unknown,
美好滁州,no_media,2021-11-01 10:27:45,2022-09-04 03:48:04,M->M,unknown,
美好滁州,no_media,2022-09-04 03:48:04,2022-12-07 14:22:47,M->M,unknown,
美好滁州,no_media,2022-12-07 14:22:47,2022-12-08 19:13:05,M->M,unknown,
美好滁州,no_media,2022-12-08 19:13:05,2022-12-16 11:17:51,M->M,unknown,
美好滁州,no_media,2022-12-16 11:17:51,2022-12-24 21:08:09,M->M,unknown,
美好滁州,no_media,2022-12-24 21:08:09,2022-12-26 14:39:02,M->M,unknown,
美好的圆溜溜,wemedia_only,2023-02-04 14:50:00,2023-02-28 19:16:00,M->M,risk,1.0
美好的圆溜溜,wemedia_only,2023-02-28 19:16:00,2023-03-29 14:56:00,M->H,risk,1.0
美好的圆溜溜,wemedia_only,2023-03-29 14:56:00,2023-03-29 14:57:00,H->M,risk,1.0
美好的圆溜溜,wemedia_only,2023-03-29 14:57:00,2023-03-31 02:35:00,M->L,risk,1.0
美好的圆溜溜,wemedia_only,2023-03-31 02:35:00,2023-04-03 17:02:00,L->M,risk,1.0
美好的圆溜溜,wemedia_only,2023-04-03 17:02:00,2023-05-04 11:38:00,M->M,risk,1.0
美好的圆溜溜,wemedia_only,2023-05-04 11:38:00,2023-05-27 17:22:00,M->H,norisk,0.0
美好的圆溜溜,wemedia_only,2023-05-27 17:22:00,2023-05-27 18:09:00,H->M,risk,1.0
美好的圆溜溜,wemedia_only,2023-05-27 18:09:00,2023-05-27 20:22:00,M->M,risk,1.0
美好的圆溜溜,wemedia_only,2023-05-27 20:22:00,2023-05-30 13:06:00,M->M,risk,1.0
美好的圆溜溜,wemedia_only,2023-05-30 13:06:00,2023-06-03 17:40:00,M->M,norisk,0.0
美好的圆溜溜,wemedia_only,2023-06-03 17:40:00,2023-06-06 03:56:00,M->M,norisk,0.0
美好的圆溜溜,wemedia_only,2023-06-06 03:56:00,2023-06-06 17:07:00,M->M,risk,1.0
美好的圆溜溜,wemedia_only,2023-06-06 17:07:00,2023-06-07 02:56:00,M->M,risk,1.0
美好的圆溜溜,wemedia_only,2023-06-07 02:56:00,2023-06-10 04:29:00,M->M,risk,1.0
美好的圆溜溜,wemedia_only,2023-06-10 04:29:00,2023-06-11 00:04:00,M->M,risk,1.0
美好的圆溜溜,wemedia_only,2023-06-11 00:04:00,2023-06-11 00:12:00,M->M,norisk,0.5
美好的圆溜溜,wemedia_only,2023-06-11 00:12:00,2023-06-12 07:54:00,M->L,norisk,0.5
美好的圆溜溜,wemedia_only,2023-06-12 07:54:00,2023-06-12 07:55:00,L->M,risk,1.0
美好的圆溜溜,wemedia_only,2023-06-12 07:55:00,2023-06-13 17:00:00,M->M,risk,1.0
美好的圆溜溜,wemedia_only,2023-06-13 17:00:00,2023-06-15 06:34:00,M->M,risk,1.0
美好的圆溜溜,wemedia_only,2023-06-15 06:34:00,2023-06-28 21:12:00,M->M,risk,1.0
美好的圆溜溜,wemedia_only,2023-06-28 21:12:00,2023-06-29 21:07:00,M->M,norisk,0.0
美好的圆溜溜,wemedia_only,2023-06-29 21:07:00,2023-08-15 21:04:00,M->M,norisk,0.0
美好的圆溜溜,wemedia_only,2023-08-15 21:04:00,2023-10-16 18:43:00,M->M,risk,1.0
美好的圆溜溜,wemedia_only,2023-10-16 18:43:00,2023-11-03 19:33:00,M->M,risk,1.0
美好的圆溜溜,wemedia_only,2023-11-03 19:33:00,2023-12-09 16:50:00,M->L,risk,1.0
美好的圆溜溜,wemedia_only,2023-12-09 16:50:00,2023-12-18 14:59:00,L->M,risk,1.0
美好的圆溜溜,wemedia_only,2023-12-18 14:59:00,2023-12-27 21:37:00,M->M,norisk,0.0
美好的圆溜溜,wemedia_only,2023-12-27 21:37:00,2024-01-23 16:44:00,M->H,norisk,0.0
群众新闻网,no_media,2020-02-20 08:30:03,2020-02-20 09:23:03,M->M,unknown,
群众新闻网,no_media,2020-02-20 09:23:03,2020-03-02 17:41:15,M->M,unknown,
群众新闻网,no_media,2020-03-02 17:41:15,2020-03-18 17:45:03,M->M,unknown,
群众新闻网,no_media,2020-03-18 17:45:03,2020-03-24 19:30:03,M->M,unknown,
群众新闻网,no_media,2020-03-24 19:30:03,2020-08-03 11:28:43,M->M,unknown,
群众新闻网,no_media,2020-08-03 11:28:43,2021-04-09 23:01:03,M->M,unknown,
群众新闻网,no_media,2021-04-09 23:01:03,2021-08-03 20:00:03,M->M,unknown,
群众新闻网,no_media,2021-08-03 20:00:03,2021-11-03 10:00:00,M->M,unknown,
群众新闻网,no_media,2021-11-03 10:00:00,2021-12-30 17:36:41,M->M,unknown,
群众新闻网,no_media,2021-12-30 17:36:41,2022-01-06 17:49:58,M->M,unknown,
群众新闻网,no_media,2022-01-06 17:49:58,2022-01-23 15:47:59,M->M,unknown,
群众新闻网,no_media,2022-01-23 15:47:59,2022-04-06 17:00:05,M->M,unknown,
群众新闻网,no_media,2022-04-06 17:00:05,2022-12-08 11:47:34,M->M,unknown,
群众新闻网,no_media,2022-12-08 11:47:34,2023-01-18 15:20:23,M->M,unknown,
翟峰搞清这世界,wemedia_only,2022-07-25 10:39:00,2022-09-03 00:50:00,L->H,risk,1.0
翟峰搞清这世界,wemedia_only,2022-09-03 00:50:00,2022-09-18 09:40:00,H->H,risk,1.0
翟峰搞清这世界,wemedia_only,2022-09-18 09:40:00,2022-09-25 07:44:00,H->M,risk,1.0
翠峰Cuifeng,no_media,2023-06-26 19:23:00,2024-01-02 15:00:00,M->M,unknown,
老莊孫子吴氏唠,no_media,2022-11-17 14:24:00,2022-11-23 19:10:00,M->M,unknown,
联合国新闻中心,no_media,2021-02-04 06:49:03,2021-04-21 07:54:03,M->M,unknown,
联合国新闻中心,no_media,2021-04-21 07:54:03,2021-04-24 10:30:41,M->M,unknown,
联合国新闻中心,no_media,2021-04-24 10:30:41,2021-06-26 08:30:03,M->M,unknown,
联合国新闻中心,no_media,2021-06-26 08:30:03,2021-09-18 07:30:03,M->M,unknown,
联合国新闻中心,no_media,2021-09-18 07:30:03,2021-11-25 11:47:00,M->M,unknown,
联合国新闻中心,no_media,2021-11-25 11:47:00,2022-04-08 11:32:16,M->M,unknown,
联合国新闻中心,no_media,2022-04-08 11:32:16,2022-06-30 11:53:00,M->M,unknown,
联合国新闻中心,no_media,2022-06-30 11:53:00,2022-07-07 09:17:01,M->M,unknown,
联合国新闻中心,no_media,2022-07-07 09:17:01,2023-02-17 12:00:02,M->M,unknown,
联合国新闻中心,no_media,2023-02-17 12:00:02,2023-05-20 11:46:00,M->M,unknown,
联合国新闻中心,no_media,2023-05-20 11:46:00,2023-06-13 14:30:01,M->M,unknown,
联合国新闻中心,no_media,2023-06-13 14:30:01,2023-11-11 13:00:01,M->M,unknown,
联合国新闻中心,no_media,2023-11-11 13:00:01,2024-01-17 11:30:00,M->M,unknown,
联合国新闻中心,no_media,2024-01-17 11:30:00,2024-01-22 09:03:04,M->M,unknown,
联合国新闻中心,no_media,2024-01-22 09:03:04,2024-05-25 11:12:00,M->M,unknown,
股行人生,wemedia_only,2023-02-06 08:29:00,2023-03-22 08:23:00,L->L,unknown,
股道酬勤LRY,no_media,2020-03-01 11:03:04,2020-03-02 19:47:32,M->M,unknown,
股道酬勤LRY,no_media,2020-03-02 19:47:32,2020-07-29 12:59:16,M->M,unknown,
股道酬勤LRY,no_media,2020-07-29 12:59:16,2022-01-10 21:28:21,M->M,unknown,
股道酬勤LRY,no_media,2022-01-10 21:28:21,2022-04-27 08:38:54,M->M,unknown,
育儿专家张思莱,mainstream_only,2020-02-20 07:08:45,2022-11-15 08:48:54,M->M,unknown,
肺你莫属Rocky,no_media,2023-08-25 12:19:00,2024-02-14 16:11:00,M->M,unknown,
胸口碎大石呀,no_media,2022-09-21 14:27:00,2022-09-23 12:48:00,H->H,unknown,
胸口碎大石呀,no_media,2022-09-23 12:48:00,2022-10-03 13:23:00,H->H,unknown,
胸口碎大石呀,no_media,2022-10-03 13:23:00,2022-10-11 20:47:00,H->H,unknown,
胸口碎大石呀,no_media,2022-10-11 20:47:00,2022-10-11 20:59:00,H->H,unknown,
胸口碎大石呀,no_media,2022-10-11 20:59:00,2022-10-15 11:31:00,H->H,unknown,
胸口碎大石呀,no_media,2022-10-15 11:31:00,2022-10-18 13:23:00,H->M,unknown,
腻莫似吧,no_media,2022-12-08 20:09:00,2022-12-08 20:49:00,M->L,unknown,
自话财经,no_media,2022-11-07 00:08:00,2022-11-11 00:44:00,M->M,unknown,
芜湖弋江检察,no_media,2021-04-09 09:33:48,2021-04-13 19:43:31,M->M,unknown,
芜湖检察,no_media,2020-02-15 00:00:11,2022-04-17 19:55:16,M->M,unknown,
芦小果同学,no_media,2023-01-04 08:40:00,2023-01-05 08:44:00,L->H,unknown,
花姐聊宫颈,no_media,2023-01-06 15:30:00,2023-01-12 11:54:00,H->L,unknown,
花姐聊宫颈,no_media,2023-01-12 11:54:00,2023-01-12 18:54:00,L->M,unknown,
若vs衡,wemedia_only,2022-12-26 18:28:00,2022-12-29 10:42:00,L->M,risk,1.0
英国Cytoplan营养补充品,no_media,2023-01-16 11:43:00,2023-01-17 17:13:00,M->M,unknown,
英国长颈鹿,no_media,2022-07-20 21:36:00,2022-07-29 13:35:00,M->M,unknown,
英国长颈鹿,no_media,2022-07-29 13:35:00,2022-08-18 17:49:00,M->M,unknown,
茶馆论道,no_media,2021-02-01 21:01:17,2021-06-23 15:50:03,H->M,unknown,
茶馆论道,no_media,2021-06-23 15:50:03,2022-07-14 23:11:10,M->M,unknown,
茶馆论道,no_media,2022-07-14 23:11:10,2022-09-24 14:00:04,M->M,unknown,
茶馆论道,no_media,2022-09-24 14:00:04,2022-10-01 10:52:19,M->M,unknown,
荆州发布,no_media,2020-06-12 08:56:10,2022-03-31 11:50:18,M->M,unknown,
荆楚网,no_media,2017-06-18 21:54:03,2020-01-25 05:32:49,M->M,unknown,
荆楚网,no_media,2020-01-25 05:32:49,2020-02-16 23:52:41,M->M,unknown,
荆楚网,no_media,2020-02-16 23:52:41,2020-02-18 23:59:22,M->M,unknown,
荆楚网,no_media,2020-02-18 23:59:22,2020-02-29 07:50:03,M->M,unknown,
荆楚网,no_media,2020-02-29 07:50:03,2020-03-04 07:49:12,M->M,unknown,
荆楚网,no_media,2020-03-04 07:49:12,2020-03-05 17:57:31,M->M,unknown,
荆楚网,no_media,2020-03-05 17:57:31,2020-03-05 18:20:02,M->M,unknown,
荆楚网,no_media,2020-03-05 18:20:02,2020-03-09 18:08:03,M->M,unknown,
荆楚网,no_media,2020-03-09 18:08:03,2020-03-18 17:31:07,M->M,unknown,
荆楚网,no_media,2020-03-18 17:31:07,2021-04-09 15:06:27,M->M,unknown,
荆楚网,no_media,2021-04-09 15:06:27,2021-08-03 14:50:37,M->M,unknown,
荆楚网,no_media,2021-08-03 14:50:37,2021-10-31 09:18:33,M->M,unknown,
荆楚网,no_media,2021-10-31 09:18:33,2022-01-01 09:40:26,M->M,unknown,
荆楚网,no_media,2022-01-01 09:40:26,2022-01-08 18:29:04,M->M,unknown,
荆楚网,no_media,2022-01-08 18:29:04,2022-02-24 17:26:24,M->M,unknown,
荆楚网,no_media,2022-02-24 17:26:24,2022-03-31 14:24:35,M->M,unknown,
荆楚网,no_media,2022-03-31 14:24:35,2022-04-28 12:57:32,M->M,unknown,
荆楚网,no_media,2022-04-28 12:57:32,2022-06-02 17:06:20,M->M,unknown,
荆楚网,no_media,2022-06-02 17:06:20,2022-12-08 19:51:36,M->M,unknown,
荆楚网,no_media,2022-12-08 19:51:36,2022-12-15 17:05:00,M->M,unknown,
荆楚网,no_media,2022-12-15 17:05:00,2023-01-03 10:18:51,M->M,unknown,
荆门发布,no_media,2021-08-02 10:37:35,2021-08-15 08:37:09,M->M,unknown,
荆门发布,no_media,2021-08-15 08:37:09,2022-03-24 09:49:32,M->M,unknown,
荆门发布,no_media,2022-03-24 09:49:32,2022-12-04 12:11:18,M->M,unknown,
荆门发布,no_media,2022-12-04 12:11:18,2022-12-15 10:10:19,M->M,unknown,
荆门发布,no_media,2022-12-15 10:10:19,2023-04-28 15:55:42,M->M,unknown,
荆门广播电视台,no_media,2020-03-01 17:38:02,2021-01-05 09:56:19,M->M,unknown,
荆门广播电视台,no_media,2021-01-05 09:56:19,2021-07-13 20:50:08,M->M,unknown,
荆门广播电视台,no_media,2021-07-13 20:50:08,2021-08-13 19:58:20,M->M,unknown,
荆门广播电视台,no_media,2021-08-13 19:58:20,2021-08-14 22:25:08,M->M,unknown,
荔枝新闻,no_media,2020-02-20 11:10:52,2020-10-01 08:53:50,M->M,unknown,
荔枝新闻,no_media,2020-10-01 08:53:50,2020-10-02 09:11:35,M->M,unknown,
荔枝新闻,no_media,2020-10-02 09:11:35,2020-10-03 08:47:34,M->M,unknown,
荔枝新闻,no_media,2020-10-03 08:47:34,2020-10-04 08:50:59,M->M,unknown,
荔枝新闻,no_media,2020-10-04 08:50:59,2020-10-05 08:45:15,M->M,unknown,
荔枝新闻,no_media,2020-10-05 08:45:15,2020-10-06 08:52:06,M->M,unknown,
荔枝新闻,no_media,2020-10-06 08:52:06,2020-10-07 08:51:53,M->M,unknown,
荔枝新闻,no_media,2020-10-07 08:51:53,2020-10-08 08:58:01,M->M,unknown,
荔枝新闻,no_media,2020-10-08 08:58:01,2020-11-17 22:57:07,M->M,unknown,
荔枝新闻,no_media,2020-11-17 22:57:07,2021-03-25 10:46:52,M->M,unknown,
荔枝新闻,no_media,2021-03-25 10:46:52,2021-03-27 21:17:44,M->M,unknown,
荔枝新闻,no_media,2021-03-27 21:17:44,2021-04-13 09:24:56,M->M,unknown,
荔枝新闻,no_media,2021-04-13 09:24:56,2021-07-25 11:25:13,M->M,unknown,
荔枝新闻,no_media,2021-07-25 11:25:13,2021-07-27 11:49:06,M->M,unknown,
荔枝新闻,no_media,2021-07-27 11:49:06,2021-08-07 11:02:20,M->M,unknown,
荔枝新闻,no_media,2021-08-07 11:02:20,2021-08-09 15:05:07,M->M,unknown,
荔枝新闻,no_media,2021-08-09 15:05:07,2021-08-13 18:49:44,M->M,unknown,
荔枝新闻,no_media,2021-08-13 18:49:44,2021-08-15 11:50:46,M->M,unknown,
荔枝新闻,no_media,2021-08-15 11:50:46,2021-08-17 11:59:47,M->M,unknown,
荔枝新闻,no_media,2021-08-17 11:59:47,2021-08-18 11:49:29,M->M,unknown,
荔枝新闻,no_media,2021-08-18 11:49:29,2021-08-20 11:51:55,M->M,unknown,
荔枝新闻,no_media,2021-08-20 11:51:55,2021-08-22 12:00:37,M->M,unknown,
荔枝新闻,no_media,2021-08-22 12:00:37,2021-08-28 11:40:04,M->M,unknown,
荔枝新闻,no_media,2021-08-28 11:40:04,2022-03-19 21:50:35,M->M,unknown,
荔枝新闻,no_media,2022-03-19 21:50:35,2022-04-08 16:07:20,M->M,unknown,
荔枝新闻,no_media,2022-04-08 16:07:20,2022-05-23 13:40:00,M->M,unknown,
荔枝新闻,no_media,2022-05-23 13:40:00,2023-01-03 19:37:02,M->M,unknown,
荔枝新闻,no_media,2023-01-03 19:37:02,2023-01-04 09:13:58,M->M,unknown,
荔枝新闻,no_media,2023-01-04 09:13:58,2023-01-13 20:36:28,M->M,unknown,
荔枝新闻,no_media,2023-01-13 20:36:28,2023-01-24 21:15:16,M->M,unknown,
荔枝新闻,no_media,2023-01-24 21:15:16,2023-01-25 11:16:03,M->M,unknown,
荔枝新闻,no_media,2023-01-25 11:16:03,2023-11-29 20:38:17,M->M,unknown,
荔枝网,no_media,2021-07-25 17:35:36,2021-08-15 11:56:42,M->M,unknown,
荔枝网,no_media,2021-08-15 11:56:42,2023-01-04 09:00:42,M->M,unknown,
荔枝网,no_media,2023-01-04 09:00:42,2023-01-25 11:11:37,M->M,unknown,
荔直播,no_media,2021-03-24 20:24:43,2021-04-05 19:30:52,M->M,unknown,
荔直播,no_media,2021-04-05 19:30:52,2021-08-02 12:08:47,M->M,unknown,
荔直播,no_media,2021-08-02 12:08:47,2022-03-06 11:25:06,M->M,unknown,
荔直播,no_media,2022-03-06 11:25:06,2022-03-15 17:57:30,M->M,unknown,
荔直播,no_media,2022-03-15 17:57:30,2022-03-19 21:15:24,M->M,unknown,
荔直播,no_media,2022-03-19 21:15:24,2022-11-05 16:31:29,M->M,unknown,
荔直播,no_media,2022-11-05 16:31:29,2022-12-09 10:08:44,M->M,unknown,
荔直播,no_media,2022-12-09 10:08:44,2023-01-03 18:34:40,M->M,unknown,
荔直播,no_media,2023-01-03 18:34:40,2023-01-11 18:10:38,M->M,unknown,
荔直播,no_media,2023-01-11 18:10:38,2023-01-25 19:06:53,M->M,unknown,
荔直播,no_media,2023-01-25 19:06:53,2023-03-20 17:09:29,M->M,unknown,
荔直播,no_media,2023-03-20 17:09:29,2023-11-12 19:14:40,M->M,unknown,
荣耀西安网,no_media,2020-02-05 15:46:31,2020-03-24 10:51:55,M->M,unknown,
荣耀西安网,no_media,2020-03-24 10:51:55,2022-12-07 13:40:28,M->M,unknown,
荣耀西安网,no_media,2022-12-07 13:40:28,2023-02-15 13:41:21,M->M,unknown,
莫哭莫闹,no_media,2022-12-28 17:29:00,2023-01-02 18:28:00,H->H,unknown,
莫哭莫闹,no_media,2023-01-02 18:28:00,2023-01-04 18:41:00,H->L,unknown,
莫哭莫闹,no_media,2023-01-04 18:41:00,2023-01-07 12:13:00,L->L,unknown,
莫哭莫闹,no_media,2023-01-07 12:13:00,2023-01-09 07:19:00,L->L,unknown,
莫哭莫闹,no_media,2023-01-09 07:19:00,2023-01-12 04:01:00,L->L,unknown,
萍妤33,no_media,2023-12-13 18:39:00,2024-01-01 22:44:00,L->M,unknown,
营养师刘遂谦,no_media,2023-01-03 13:57:00,2023-01-17 08:00:00,M->M,unknown,
萧亚轩新男朋友是谁,no_media,2022-10-30 18:09:00,2022-12-25 20:30:00,H->L,unknown,
萧山发布,no_media,2020-03-07 15:30:26,2021-04-10 16:48:09,M->M,unknown,
蒙味始觉,wemedia_only,2022-08-30 07:04:00,2022-09-01 07:31:00,M->M,risk,1.0
蔡子博士,no_media,2021-11-19 10:15:00,2022-01-05 23:48:00,M->M,unknown,
蔡子博士,no_media,2022-01-05 23:48:00,2022-02-11 08:45:00,M->M,unknown,
蔡子博士,no_media,2022-02-11 08:45:00,2022-11-01 22:25:00,M->M,unknown,
蔡子博士,no_media,2022-11-01 22:25:00,2022-11-01 23:42:00,M->M,unknown,
虎座鸟,no_media,2020-12-06 19:17:18,2020-12-23 18:21:15,M->M,unknown,
虎座鸟,no_media,2020-12-23 18:21:15,2020-12-24 08:53:50,M->M,unknown,
虎座鸟,no_media,2020-12-24 08:53:50,2022-01-03 16:26:21,M->M,unknown,
虎座鸟,no_media,2022-01-03 16:26:21,2022-03-28 08:23:43,M->M,unknown,
虎座鸟,no_media,2022-03-28 08:23:43,2022-03-31 09:08:11,M->M,unknown,
虎座鸟,no_media,2022-03-31 09:08:11,2022-04-19 11:17:11,M->M,unknown,
虎座鸟,no_media,2022-04-19 11:17:11,2022-04-23 07:50:24,M->M,unknown,
虎座鸟,no_media,2022-04-23 07:50:24,2022-04-28 07:48:10,M->M,unknown,
虎座鸟,no_media,2022-04-28 07:48:10,2022-11-29 20:26:54,M->M,unknown,
虎座鸟,no_media,2022-11-29 20:26:54,2022-12-11 09:50:30,M->M,unknown,
虎座鸟,no_media,2022-12-11 09:50:30,2022-12-18 21:21:12,M->M,unknown,
蚌埠日报,no_media,2020-02-09 08:47:04,2020-02-09 12:14:03,M->M,unknown,
蚌埠日报,no_media,2020-02-09 12:14:03,2020-03-09 19:57:58,M->M,unknown,
蚌埠日报,no_media,2020-03-09 19:57:58,2020-04-29 16:15:53,M->M,unknown,
蚌埠日报,no_media,2020-04-29 16:15:53,2020-06-24 10:34:42,M->M,unknown,
蚌埠日报,no_media,2020-06-24 10:34:42,2021-03-24 16:37:25,M->M,unknown,
蚌埠日报,no_media,2021-03-24 16:37:25,2021-03-26 09:52:38,M->M,unknown,
蚌埠日报,no_media,2021-03-26 09:52:38,2021-04-12 16:27:32,M->M,unknown,
蚌埠日报,no_media,2021-04-12 16:27:32,2021-05-17 20:26:58,M->M,unknown,
蚌埠日报,no_media,2021-05-17 20:26:58,2021-08-24 08:19:51,M->M,unknown,
蚌埠日报,no_media,2021-08-24 08:19:51,2022-03-23 08:37:08,M->M,unknown,
蚌埠日报,no_media,2022-03-23 08:37:08,2022-05-05 10:52:54,M->M,unknown,
蚌埠日报,no_media,2022-05-05 10:52:54,2022-05-11 08:52:07,M->M,unknown,
蚌埠日报,no_media,2022-05-11 08:52:07,2022-12-24 11:35:31,M->M,unknown,
蚌埠检察,no_media,2020-03-06 12:26:35,2021-01-08 10:41:37,M->M,unknown,
蚌埠检察,no_media,2021-01-08 10:41:37,2022-04-28 08:18:36,M->M,unknown,
蚌埠检察,no_media,2022-04-28 08:18:36,2022-05-05 09:07:24,M->M,unknown,
蚌埠检察,no_media,2022-05-05 09:07:24,2022-05-11 08:55:44,M->M,unknown,
蚌埠检察,no_media,2022-05-11 08:55:44,2022-05-16 09:09:28,M->M,unknown,
蚌埠检察,no_media,2022-05-16 09:09:28,2022-12-16 08:52:43,M->M,unknown,
西固发布,no_media,2021-07-26 16:36:24,2021-11-10 18:03:36,M->M,unknown,
西固发布,no_media,2021-11-10 18:03:36,2021-11-14 11:08:15,M->M,unknown,
西固发布,no_media,2021-11-14 11:08:15,2022-12-07 14:22:22,M->M,unknown,
西固发布,no_media,2022-12-07 14:22:22,2022-12-08 09:39:09,M->M,unknown,
西固发布,no_media,2022-12-08 09:39:09,2022-12-12 10:18:33,M->M,unknown,
西固发布,no_media,2022-12-12 10:18:33,2022-12-15 11:02:39,M->M,unknown,
西固发布,no_media,2022-12-15 11:02:39,2023-02-10 09:41:08,M->M,unknown,
西墨西墨,no_media,2023-01-03 05:15:00,2023-01-06 13:05:00,L->L,unknown,
西墨西墨,no_media,2023-01-06 13:05:00,2023-01-10 00:38:00,L->L,unknown,
西宁晚报官方微博,no_media,2020-03-07 09:35:25,2020-03-25 08:47:43,M->M,unknown,
西宁晚报官方微博,no_media,2020-03-25 08:47:43,2020-03-25 08:48:28,M->M,unknown,
西宁晚报官方微博,no_media,2020-03-25 08:48:28,2020-05-12 17:06:55,M->M,unknown,
西宁晚报官方微博,no_media,2020-05-12 17:06:55,2020-08-19 09:14:12,M->M,unknown,
西宁晚报官方微博,no_media,2020-08-19 09:14:12,2020-09-08 09:47:49,M->M,unknown,
西宁晚报官方微博,no_media,2020-09-08 09:47:49,2020-10-22 09:30:12,M->M,unknown,
西宁晚报官方微博,no_media,2020-10-22 09:30:12,2020-12-07 10:07:31,M->M,unknown,
西宁晚报官方微博,no_media,2020-12-07 10:07:31,2022-04-13 09:09:17,M->M,unknown,
西宁晚报官方微博,no_media,2022-04-13 09:09:17,2022-04-22 22:05:37,M->M,unknown,
西宁晚报官方微博,no_media,2022-04-22 22:05:37,2022-05-16 10:09:45,M->M,unknown,
西宁晚报官方微博,no_media,2022-05-16 10:09:45,2022-08-01 09:49:19,M->M,unknown,
西宁晚报官方微博,no_media,2022-08-01 09:49:19,2022-08-09 10:00:06,M->M,unknown,
西宁晚报官方微博,no_media,2022-08-09 10:00:06,2023-05-29 10:59:40,M->M,unknown,
西宁晚报官方微博,no_media,2023-05-29 10:59:40,2024-01-17 09:23:47,M->M,unknown,
西安市红会医院官微,no_media,2022-03-14 16:58:00,2022-03-14 17:00:00,M->M,unknown,
西安广播电视台,no_media,2019-01-07 07:27:07,2021-04-09 11:53:03,M->M,unknown,
西安广播电视台,no_media,2021-04-09 11:53:03,2022-01-06 18:07:51,M->M,unknown,
西安广播电视台,no_media,2022-01-06 18:07:51,2022-03-14 15:07:00,M->M,unknown,
西安广播电视台,no_media,2022-03-14 15:07:00,2022-03-14 15:07:58,M->M,unknown,
西安广播电视台,no_media,2022-03-14 15:07:58,2022-03-16 17:32:11,M->M,unknown,
西安广播电视台,no_media,2022-03-16 17:32:11,2022-04-06 10:51:09,M->M,unknown,
西安广播电视台,no_media,2022-04-06 10:51:09,2022-04-07 19:43:26,M->M,unknown,
西安广播电视台,no_media,2022-04-07 19:43:26,2022-04-15 22:08:45,M->M,unknown,
西安广播电视台,no_media,2022-04-15 22:08:45,2022-04-22 16:26:20,M->M,unknown,
西安广播电视台,no_media,2022-04-22 16:26:20,2022-04-24 08:01:44,M->M,unknown,
西安广播电视台,no_media,2022-04-24 08:01:44,2022-04-25 08:31:59,M->M,unknown,
西安广播电视台,no_media,2022-04-25 08:31:59,2022-04-26 08:21:00,M->M,unknown,
西安广播电视台,no_media,2022-04-26 08:21:00,2022-04-26 19:40:05,M->M,unknown,
西安广播电视台,no_media,2022-04-26 19:40:05,2022-04-28 08:25:19,M->M,unknown,
西安广播电视台,no_media,2022-04-28 08:25:19,2022-04-30 08:19:10,M->M,unknown,
西安广播电视台,no_media,2022-04-30 08:19:10,2022-05-03 08:18:22,M->M,unknown,
西安广播电视台,no_media,2022-05-03 08:18:22,2022-05-04 08:07:11,M->M,unknown,
西安广播电视台,no_media,2022-05-04 08:07:11,2022-05-05 08:19:20,M->M,unknown,
西安广播电视台,no_media,2022-05-05 08:19:20,2022-05-06 08:00:08,M->M,unknown,
西安广播电视台,no_media,2022-05-06 08:00:08,2022-05-07 08:10:40,M->M,unknown,
西安广播电视台,no_media,2022-05-07 08:10:40,2022-05-08 08:03:25,M->M,unknown,
西安广播电视台,no_media,2022-05-08 08:03:25,2022-05-09 08:21:59,M->M,unknown,
西安广播电视台,no_media,2022-05-09 08:21:59,2022-05-11 08:14:45,M->M,unknown,
西安广播电视台,no_media,2022-05-11 08:14:45,2022-05-12 07:51:19,M->M,unknown,
西安广播电视台,no_media,2022-05-12 07:51:19,2022-05-13 08:13:54,M->M,unknown,
西安广播电视台,no_media,2022-05-13 08:13:54,2022-05-14 09:09:25,M->M,unknown,
西安广播电视台,no_media,2022-05-14 09:09:25,2022-05-15 08:11:05,M->M,unknown,
西安广播电视台,no_media,2022-05-15 08:11:05,2022-05-16 08:11:25,M->M,unknown,
西安广播电视台,no_media,2022-05-16 08:11:25,2022-05-16 19:46:51,M->M,unknown,
西安广播电视台,no_media,2022-05-16 19:46:51,2022-05-22 08:32:10,M->M,unknown,
西安广播电视台,no_media,2022-05-22 08:32:10,2022-05-24 07:54:09,M->M,unknown,
西安广播电视台,no_media,2022-05-24 07:54:09,2022-05-26 08:07:55,M->M,unknown,
西安广播电视台,no_media,2022-05-26 08:07:55,2022-08-25 16:49:43,M->M,unknown,
西安广播电视台,no_media,2022-08-25 16:49:43,2022-10-14 12:31:14,M->M,unknown,
西安广播电视台,no_media,2022-10-14 12:31:14,2022-12-10 20:47:04,M->M,unknown,
西安广播电视台,no_media,2022-12-10 20:47:04,2022-12-26 18:56:14,M->M,unknown,
西安广播电视台,no_media,2022-12-26 18:56:14,2022-12-29 08:01:31,M->M,unknown,
西安广播电视台,no_media,2022-12-29 08:01:31,2022-12-29 22:15:30,M->M,unknown,
西安广播电视台,no_media,2022-12-29 22:15:30,2022-12-31 07:55:24,M->M,unknown,
西安广播电视台,no_media,2022-12-31 07:55:24,2023-01-02 18:47:48,M->M,unknown,
西安广播电视台,no_media,2023-01-02 18:47:48,2023-01-05 08:18:26,M->M,unknown,
西安广播电视台,no_media,2023-01-05 08:18:26,2023-01-07 17:32:20,M->M,unknown,
西安广播电视台,no_media,2023-01-07 17:32:20,2023-01-13 21:57:50,M->M,unknown,
西安广播电视台,no_media,2023-01-13 21:57:50,2023-02-09 16:27:33,M->M,unknown,
西安广播电视台,no_media,2023-02-09 16:27:33,2023-02-12 08:48:02,M->M,unknown,
西安广播电视台,no_media,2023-02-12 08:48:02,2023-02-28 12:13:59,M->M,unknown,
西安广播电视台,no_media,2023-02-28 12:13:59,2023-04-12 20:52:08,M->M,unknown,
西安广播电视台,no_media,2023-04-12 20:52:08,2023-05-29 16:32:30,M->M,unknown,
西安广播电视台,no_media,2023-05-29 16:32:30,2023-06-24 20:14:27,M->M,unknown,
西安广播电视台,no_media,2023-06-24 20:14:27,2023-11-27 15:14:01,M->M,unknown,
西安广播电视台,no_media,2023-11-27 15:14:01,2023-11-30 20:21:49,M->M,unknown,
西安广播电视台,no_media,2023-11-30 20:21:49,2023-12-31 14:01:25,M->M,unknown,
西安广播电视台,no_media,2023-12-31 14:01:25,2024-07-08 13:38:03,M->M,unknown,
西安新闻网,no_media,2022-01-16 17:43:44,2022-03-16 17:39:11,M->M,unknown,
西安新闻网,no_media,2022-03-16 17:39:11,2022-03-19 15:36:00,M->M,unknown,
西安新闻网,no_media,2022-03-19 15:36:00,2022-04-13 08:35:27,M->M,unknown,
西安新闻网,no_media,2022-04-13 08:35:27,2022-04-15 22:08:58,M->M,unknown,
西安新闻网,no_media,2022-04-15 22:08:58,2022-04-17 08:43:45,M->M,unknown,
西安新闻网,no_media,2022-04-17 08:43:45,2022-04-23 08:26:40,M->M,unknown,
西安新闻网,no_media,2022-04-23 08:26:40,2022-04-26 07:55:30,M->M,unknown,
西安新闻网,no_media,2022-04-26 07:55:30,2022-04-27 16:26:58,M->M,unknown,
西安新闻网,no_media,2022-04-27 16:26:58,2022-04-28 07:52:09,M->M,unknown,
西安新闻网,no_media,2022-04-28 07:52:09,2022-04-29 16:43:00,M->M,unknown,
西安新闻网,no_media,2022-04-29 16:43:00,2022-04-30 10:56:22,M->M,unknown,
西安新闻网,no_media,2022-04-30 10:56:22,2022-05-06 08:09:14,M->M,unknown,
西安新闻网,no_media,2022-05-06 08:09:14,2022-05-09 20:57:29,M->M,unknown,
西安新闻网,no_media,2022-05-09 20:57:29,2022-05-12 15:03:00,M->M,unknown,
西安新闻网,no_media,2022-05-12 15:03:00,2022-05-13 07:50:42,M->M,unknown,
西安新闻网,no_media,2022-05-13 07:50:42,2022-05-14 07:46:51,M->M,unknown,
西安新闻网,no_media,2022-05-14 07:46:51,2022-05-16 08:39:31,M->M,unknown,
西安新闻网,no_media,2022-05-16 08:39:31,2022-05-24 08:06:14,M->M,unknown,
西安新闻网,no_media,2022-05-24 08:06:14,2022-05-26 08:23:27,M->M,unknown,
西安新闻网,no_media,2022-05-26 08:23:27,2022-06-09 16:07:36,M->M,unknown,
西安新闻网,no_media,2022-06-09 16:07:36,2022-07-26 15:59:00,M->M,unknown,
西安新闻网,no_media,2022-07-26 15:59:00,2022-08-25 16:08:01,M->M,unknown,
西安新闻网,no_media,2022-08-25 16:08:01,2022-11-17 16:59:00,M->M,unknown,
西安新闻网,no_media,2022-11-17 16:59:00,2022-11-17 17:10:01,M->M,unknown,
西安新闻网,no_media,2022-11-17 17:10:01,2022-12-07 14:16:44,M->M,unknown,
西安新闻网,no_media,2022-12-07 14:16:44,2022-12-07 21:26:38,M->M,unknown,
西安新闻网,no_media,2022-12-07 21:26:38,2022-12-08 11:51:33,M->M,unknown,
西安新闻网,no_media,2022-12-08 11:51:33,2022-12-08 21:02:23,M->M,unknown,
西安新闻网,no_media,2022-12-08 21:02:23,2022-12-08 21:42:35,M->M,unknown,
西安新闻网,no_media,2022-12-08 21:42:35,2022-12-09 09:33:27,M->M,unknown,
西安新闻网,no_media,2022-12-09 09:33:27,2022-12-10 17:01:57,M->M,unknown,
西安新闻网,no_media,2022-12-10 17:01:57,2022-12-11 17:06:19,M->M,unknown,
西安新闻网,no_media,2022-12-11 17:06:19,2022-12-11 18:00:14,M->M,unknown,
西安新闻网,no_media,2022-12-11 18:00:14,2022-12-12 10:28:51,M->M,unknown,
西安新闻网,no_media,2022-12-12 10:28:51,2022-12-15 09:54:01,M->M,unknown,
西安新闻网,no_media,2022-12-15 09:54:01,2022-12-15 17:04:33,M->M,unknown,
西安新闻网,no_media,2022-12-15 17:04:33,2022-12-16 20:30:06,M->M,unknown,
西安新闻网,no_media,2022-12-16 20:30:06,2022-12-18 14:51:02,M->M,unknown,
西安新闻网,no_media,2022-12-18 14:51:02,2022-12-22 20:15:56,M->M,unknown,
西安新闻网,no_media,2022-12-22 20:15:56,2022-12-25 16:20:01,M->M,unknown,
西安新闻网,no_media,2022-12-25 16:20:01,2022-12-31 13:57:39,M->M,unknown,
西安新闻网,no_media,2022-12-31 13:57:39,2023-01-07 08:41:10,M->M,unknown,
西安新闻网,no_media,2023-01-07 08:41:10,2023-01-09 15:35:41,M->M,unknown,
西安新闻网,no_media,2023-01-09 15:35:41,2023-01-21 12:20:39,M->M,unknown,
西安新闻网,no_media,2023-01-21 12:20:39,2023-01-30 10:27:00,M->M,unknown,
西安新闻网,no_media,2023-01-30 10:27:00,2023-02-12 10:51:26,M->M,unknown,
西安新闻网,no_media,2023-02-12 10:51:26,2023-02-27 12:02:00,M->M,unknown,
西安新闻网,no_media,2023-02-27 12:02:00,2023-04-27 21:47:49,M->M,unknown,
西安新闻网,no_media,2023-04-27 21:47:49,2023-05-08 13:47:00,M->M,unknown,
西安新闻网,no_media,2023-05-08 13:47:00,2023-05-28 10:32:55,M->M,unknown,
西安新闻网,no_media,2023-05-28 10:32:55,2023-05-28 17:56:27,M->M,unknown,
西安新闻网,no_media,2023-05-28 17:56:27,2023-09-13 12:01:00,M->M,unknown,
西安新闻网,no_media,2023-09-13 12:01:00,2023-12-08 09:34:36,M->M,unknown,
西安新闻网,no_media,2023-12-08 09:34:36,2023-12-28 16:57:00,M->M,unknown,
西安晚报,no_media,2020-06-12 08:39:15,2021-02-20 16:03:08,M->M,unknown,
西安晚报,no_media,2021-02-20 16:03:08,2021-12-22 16:58:27,M->M,unknown,
西安晚报,no_media,2021-12-22 16:58:27,2021-12-26 18:19:09,M->M,unknown,
西安晚报,no_media,2021-12-26 18:19:09,2021-12-31 09:57:52,M->M,unknown,
西安晚报,no_media,2021-12-31 09:57:52,2022-01-05 18:13:06,M->M,unknown,
西安晚报,no_media,2022-01-05 18:13:06,2022-01-06 18:16:39,M->M,unknown,
西安晚报,no_media,2022-01-06 18:16:39,2022-01-07 07:08:09,M->M,unknown,
西安晚报,no_media,2022-01-07 07:08:09,2022-01-07 17:52:20,M->M,unknown,
西安晚报,no_media,2022-01-07 17:52:20,2022-01-16 17:43:45,M->M,unknown,
西安晚报,no_media,2022-01-16 17:43:45,2022-01-18 17:50:25,M->M,unknown,
西安晚报,no_media,2022-01-18 17:50:25,2022-02-10 09:44:53,M->M,unknown,
西安晚报,no_media,2022-02-10 09:44:53,2022-02-15 19:16:24,M->M,unknown,
西安晚报,no_media,2022-02-15 19:16:24,2022-03-19 15:39:29,M->M,unknown,
西安晚报,no_media,2022-03-19 15:39:29,2022-04-15 22:10:44,M->M,unknown,
西安晚报,no_media,2022-04-15 22:10:44,2022-04-17 15:17:49,M->M,unknown,
西安晚报,no_media,2022-04-17 15:17:49,2022-04-19 10:28:54,M->M,unknown,
西安晚报,no_media,2022-04-19 10:28:54,2022-04-25 08:36:00,M->M,unknown,
西安晚报,no_media,2022-04-25 08:36:00,2022-04-25 11:52:02,M->M,unknown,
西安晚报,no_media,2022-04-25 11:52:02,2022-04-28 08:12:11,M->M,unknown,
西安晚报,no_media,2022-04-28 08:12:11,2022-05-04 08:02:48,M->M,unknown,
西安晚报,no_media,2022-05-04 08:02:48,2022-05-05 08:29:49,M->M,unknown,
西安晚报,no_media,2022-05-05 08:29:49,2022-05-06 09:06:54,M->M,unknown,
西安晚报,no_media,2022-05-06 09:06:54,2022-05-07 08:19:13,M->M,unknown,
西安晚报,no_media,2022-05-07 08:19:13,2022-05-09 08:51:56,M->M,unknown,
西安晚报,no_media,2022-05-09 08:51:56,2022-05-11 07:51:55,M->M,unknown,
西安晚报,no_media,2022-05-11 07:51:55,2022-05-16 07:55:08,M->M,unknown,
西安晚报,no_media,2022-05-16 07:55:08,2022-05-24 09:05:03,M->M,unknown,
西安晚报,no_media,2022-05-24 09:05:03,2022-05-26 09:20:39,M->M,unknown,
西安晚报,no_media,2022-05-26 09:20:39,2022-06-10 18:19:43,M->M,unknown,
西安晚报,no_media,2022-06-10 18:19:43,2022-08-25 15:16:59,M->M,unknown,
西安晚报,no_media,2022-08-25 15:16:59,2022-11-22 17:40:44,M->M,unknown,
西安晚报,no_media,2022-11-22 17:40:44,2022-12-01 14:00:05,M->M,unknown,
西安晚报,no_media,2022-12-01 14:00:05,2022-12-04 17:45:01,M->M,unknown,
西安晚报,no_media,2022-12-04 17:45:01,2022-12-05 10:38:08,M->M,unknown,
西安晚报,no_media,2022-12-05 10:38:08,2022-12-07 12:54:40,M->M,unknown,
西安晚报,no_media,2022-12-07 12:54:40,2022-12-08 11:34:58,M->M,unknown,
西安晚报,no_media,2022-12-08 11:34:58,2022-12-08 21:05:11,M->M,unknown,
西安晚报,no_media,2022-12-08 21:05:11,2022-12-10 16:55:07,M->M,unknown,
西安晚报,no_media,2022-12-10 16:55:07,2022-12-11 18:45:00,M->M,unknown,
西安晚报,no_media,2022-12-11 18:45:00,2022-12-13 22:02:29,M->M,unknown,
西安晚报,no_media,2022-12-13 22:02:29,2022-12-25 08:48:57,M->M,unknown,
西安晚报,no_media,2022-12-25 08:48:57,2022-12-29 20:56:26,M->M,unknown,
西安晚报,no_media,2022-12-29 20:56:26,2022-12-30 16:00:02,M->M,unknown,
西安晚报,no_media,2022-12-30 16:00:02,2023-01-02 16:40:01,M->M,unknown,
西安晚报,no_media,2023-01-02 16:40:01,2023-01-08 12:00:02,M->M,unknown,
西安晚报,no_media,2023-01-08 12:00:02,2023-01-09 16:26:15,M->M,unknown,
西安晚报,no_media,2023-01-09 16:26:15,2023-05-28 10:29:23,M->M,unknown,
西安晚报,no_media,2023-05-28 10:29:23,2023-12-01 11:28:17,M->M,unknown,
西安校园学长,no_media,2020-02-19 19:22:30,2022-11-30 13:44:00,M->H,unknown,
西安校园学长,no_media,2022-11-30 13:44:00,2022-12-22 00:43:56,H->M,unknown,
西安校园学长,no_media,2022-12-22 00:43:56,2022-12-22 00:50:21,M->M,unknown,
西安校园学长,no_media,2022-12-22 00:50:21,2022-12-24 01:55:00,M->M,unknown,
西安网,no_media,2018-11-11 18:16:43,2018-11-29 14:55:49,M->M,unknown,
西安网,no_media,2018-11-29 14:55:49,2019-01-07 07:25:49,M->M,unknown,
西安网,no_media,2019-01-07 07:25:49,2022-03-14 15:46:00,M->M,unknown,
西安网,no_media,2022-03-14 15:46:00,2022-04-06 11:11:49,M->M,unknown,
西安网,no_media,2022-04-06 11:11:49,2022-04-07 21:10:32,M->M,unknown,
西安网,no_media,2022-04-07 21:10:32,2022-04-15 22:27:05,M->M,unknown,
西安网,no_media,2022-04-15 22:27:05,2022-04-22 16:42:14,M->M,unknown,
西安网,no_media,2022-04-22 16:42:14,2022-04-24 08:04:03,M->M,unknown,
西安网,no_media,2022-04-24 08:04:03,2022-04-25 09:50:18,M->M,unknown,
西安网,no_media,2022-04-25 09:50:18,2022-04-26 08:58:08,M->M,unknown,
西安网,no_media,2022-04-26 08:58:08,2022-04-26 21:55:59,M->M,unknown,
西安网,no_media,2022-04-26 21:55:59,2022-04-27 13:05:58,M->M,unknown,
西安网,no_media,2022-04-27 13:05:58,2022-04-28 09:02:11,M->M,unknown,
西安网,no_media,2022-04-28 09:02:11,2022-04-30 09:41:59,M->M,unknown,
西安网,no_media,2022-04-30 09:41:59,2022-05-03 08:05:11,M->M,unknown,
西安网,no_media,2022-05-03 08:05:11,2022-05-04 09:43:28,M->M,unknown,
西安网,no_media,2022-05-04 09:43:28,2022-05-05 09:01:44,M->M,unknown,
西安网,no_media,2022-05-05 09:01:44,2022-05-06 08:20:34,M->M,unknown,
西安网,no_media,2022-05-06 08:20:34,2022-05-07 08:24:57,M->M,unknown,
西安网,no_media,2022-05-07 08:24:57,2022-05-08 09:42:22,M->M,unknown,
西安网,no_media,2022-05-08 09:42:22,2022-05-09 08:57:19,M->M,unknown,
西安网,no_media,2022-05-09 08:57:19,2022-05-11 09:02:23,M->M,unknown,
西安网,no_media,2022-05-11 09:02:23,2022-05-12 09:01:45,M->M,unknown,
西安网,no_media,2022-05-12 09:01:45,2022-05-13 08:07:48,M->M,unknown,
西安网,no_media,2022-05-13 08:07:48,2022-05-14 09:56:17,M->M,unknown,
西安网,no_media,2022-05-14 09:56:17,2022-05-15 10:35:32,M->M,unknown,
西安网,no_media,2022-05-15 10:35:32,2022-05-16 08:13:21,M->M,unknown,
西安网,no_media,2022-05-16 08:13:21,2022-05-16 20:12:05,M->M,unknown,
西安网,no_media,2022-05-16 20:12:05,2022-05-22 09:04:06,M->M,unknown,
西安网,no_media,2022-05-22 09:04:06,2022-05-24 09:56:31,M->M,unknown,
西安网,no_media,2022-05-24 09:56:31,2022-05-26 09:30:13,M->M,unknown,
西安网,no_media,2022-05-26 09:30:13,2022-08-25 18:47:11,M->M,unknown,
西安网,no_media,2022-08-25 18:47:11,2022-10-14 12:43:04,M->M,unknown,
西安网,no_media,2022-10-14 12:43:04,2022-12-09 11:23:30,M->M,unknown,
西安网,no_media,2022-12-09 11:23:30,2022-12-10 22:42:03,M->M,unknown,
西安网,no_media,2022-12-10 22:42:03,2022-12-24 18:23:28,M->M,unknown,
西安网,no_media,2022-12-24 18:23:28,2022-12-26 19:16:14,M->M,unknown,
西安网,no_media,2022-12-26 19:16:14,2022-12-29 09:29:19,M->M,unknown,
西安网,no_media,2022-12-29 09:29:19,2022-12-29 23:29:54,M->M,unknown,
西安网,no_media,2022-12-29 23:29:54,2022-12-31 10:11:12,M->M,unknown,
西安网,no_media,2022-12-31 10:11:12,2023-01-02 19:09:40,M->M,unknown,
西安网,no_media,2023-01-02 19:09:40,2023-01-05 09:21:00,M->M,unknown,
西安网,no_media,2023-01-05 09:21:00,2023-01-07 19:26:27,M->M,unknown,
西安网,no_media,2023-01-07 19:26:27,2023-01-09 15:35:01,M->M,unknown,
西安网,no_media,2023-01-09 15:35:01,2023-01-13 22:27:34,M->M,unknown,
西安网,no_media,2023-01-13 22:27:34,2023-02-09 16:34:41,M->M,unknown,
西安网,no_media,2023-02-09 16:34:41,2023-02-12 11:26:58,M->M,unknown,
西安网,no_media,2023-02-12 11:26:58,2023-02-28 12:31:53,M->M,unknown,
西安网,no_media,2023-02-28 12:31:53,2023-04-12 21:37:03,M->M,unknown,
西安网,no_media,2023-04-12 21:37:03,2023-05-29 16:55:50,M->M,unknown,
西安网,no_media,2023-05-29 16:55:50,2023-06-24 20:44:32,M->M,unknown,
西安网,no_media,2023-06-24 20:44:32,2023-11-27 15:50:30,M->M,unknown,
西安网,no_media,2023-11-27 15:50:30,2023-11-30 21:52:32,M->M,unknown,
西安网,no_media,2023-11-30 21:52:32,2023-12-31 16:03:34,M->M,unknown,
西安网络广播电视台,no_media,2020-03-22 22:31:17,2021-02-20 16:30:31,M->M,unknown,
西安网络广播电视台,no_media,2021-02-20 16:30:31,2021-03-06 11:19:55,M->M,unknown,
西安网络广播电视台,no_media,2021-03-06 11:19:55,2021-12-31 11:15:26,M->M,unknown,
西安网络广播电视台,no_media,2021-12-31 11:15:26,2022-01-04 19:04:33,M->M,unknown,
西安网络广播电视台,no_media,2022-01-04 19:04:33,2022-01-05 15:38:28,M->M,unknown,
西安网络广播电视台,no_media,2022-01-05 15:38:28,2022-01-06 19:14:45,M->M,unknown,
西安网络广播电视台,no_media,2022-01-06 19:14:45,2022-01-23 17:59:39,M->M,unknown,
西安网络广播电视台,no_media,2022-01-23 17:59:39,2022-02-12 15:26:06,M->M,unknown,
西安网络广播电视台,no_media,2022-02-12 15:26:06,2022-03-14 15:46:00,M->M,unknown,
西安网络广播电视台,no_media,2022-03-14 15:46:00,2022-03-14 15:46:41,M->M,unknown,
西安网络广播电视台,no_media,2022-03-14 15:46:41,2022-03-16 11:39:52,M->M,unknown,
西安网络广播电视台,no_media,2022-03-16 11:39:52,2022-03-16 18:17:44,M->M,unknown,
西安网络广播电视台,no_media,2022-03-16 18:17:44,2022-04-06 11:11:53,M->M,unknown,
西安网络广播电视台,no_media,2022-04-06 11:11:53,2022-04-07 21:10:36,M->M,unknown,
西安网络广播电视台,no_media,2022-04-07 21:10:36,2022-04-22 16:42:21,M->M,unknown,
西安网络广播电视台,no_media,2022-04-22 16:42:21,2022-04-24 09:06:51,M->M,unknown,
西安网络广播电视台,no_media,2022-04-24 09:06:51,2022-04-25 09:56:11,M->M,unknown,
西安网络广播电视台,no_media,2022-04-25 09:56:11,2022-04-26 09:00:55,M->M,unknown,
西安网络广播电视台,no_media,2022-04-26 09:00:55,2022-04-26 21:56:01,M->M,unknown,
西安网络广播电视台,no_media,2022-04-26 21:56:01,2022-04-27 13:05:49,M->M,unknown,
西安网络广播电视台,no_media,2022-04-27 13:05:49,2022-04-28 09:07:31,M->M,unknown,
西安网络广播电视台,no_media,2022-04-28 09:07:31,2022-04-30 10:10:08,M->M,unknown,
西安网络广播电视台,no_media,2022-04-30 10:10:08,2022-05-03 10:07:58,M->M,unknown,
西安网络广播电视台,no_media,2022-05-03 10:07:58,2022-05-04 09:47:38,M->M,unknown,
西安网络广播电视台,no_media,2022-05-04 09:47:38,2022-05-05 09:01:54,M->M,unknown,
西安网络广播电视台,no_media,2022-05-05 09:01:54,2022-05-07 10:55:57,M->M,unknown,
西安网络广播电视台,no_media,2022-05-07 10:55:57,2022-05-08 10:32:49,M->M,unknown,
西安网络广播电视台,no_media,2022-05-08 10:32:49,2022-05-09 08:57:27,M->M,unknown,
西安网络广播电视台,no_media,2022-05-09 08:57:27,2022-05-11 10:14:48,M->M,unknown,
西安网络广播电视台,no_media,2022-05-11 10:14:48,2022-05-13 10:19:16,M->M,unknown,
西安网络广播电视台,no_media,2022-05-13 10:19:16,2022-05-14 10:02:32,M->M,unknown,
西安网络广播电视台,no_media,2022-05-14 10:02:32,2022-05-15 10:40:41,M->M,unknown,
西安网络广播电视台,no_media,2022-05-15 10:40:41,2022-05-16 08:14:47,M->M,unknown,
西安网络广播电视台,no_media,2022-05-16 08:14:47,2022-05-16 20:12:08,M->M,unknown,
西安网络广播电视台,no_media,2022-05-16 20:12:08,2022-05-22 10:43:43,M->M,unknown,
西安网络广播电视台,no_media,2022-05-22 10:43:43,2022-05-24 10:11:03,M->M,unknown,
西安网络广播电视台,no_media,2022-05-24 10:11:03,2022-05-26 09:34:56,M->M,unknown,
西安网络广播电视台,no_media,2022-05-26 09:34:56,2022-08-25 18:47:18,M->M,unknown,
西安网络广播电视台,no_media,2022-08-25 18:47:18,2022-12-29 09:57:16,M->M,unknown,
西安网络广播电视台,no_media,2022-12-29 09:57:16,2022-12-29 23:29:58,M->M,unknown,
西安网络广播电视台,no_media,2022-12-29 23:29:58,2022-12-31 10:17:34,M->M,unknown,
西安网络广播电视台,no_media,2022-12-31 10:17:34,2023-01-02 19:09:44,M->M,unknown,
西安网络广播电视台,no_media,2023-01-02 19:09:44,2023-01-05 09:23:56,M->M,unknown,
西安网络广播电视台,no_media,2023-01-05 09:23:56,2023-01-07 19:26:31,M->M,unknown,
西安网络广播电视台,no_media,2023-01-07 19:26:31,2023-01-09 15:34:50,M->M,unknown,
西安网络广播电视台,no_media,2023-01-09 15:34:50,2023-01-13 22:27:41,M->M,unknown,
西安网络广播电视台,no_media,2023-01-13 22:27:41,2023-02-12 11:27:02,M->M,unknown,
西安网络广播电视台,no_media,2023-02-12 11:27:02,2023-02-28 12:31:56,M->M,unknown,
西安网络广播电视台,no_media,2023-02-28 12:31:56,2023-05-29 16:55:53,M->M,unknown,
西安网络广播电视台,no_media,2023-05-29 16:55:53,2023-11-27 15:50:37,M->M,unknown,
西安网络广播电视台,no_media,2023-11-27 15:50:37,2023-11-30 21:52:38,M->M,unknown,
西安网络广播电视台,no_media,2023-11-30 21:52:38,2023-12-31 16:03:41,M->M,unknown,
西山不可刘,wemedia_only,2023-12-12 20:40:00,2023-12-13 17:10:00,M->M,norisk,0.0
西山不可刘,wemedia_only,2023-12-13 17:10:00,2024-01-25 16:14:00,M->M,norisk,0.0
西海都市报官方微博,no_media,2020-02-09 09:41:00,2020-02-26 12:29:26,M->M,unknown,
西海都市报官方微博,no_media,2020-02-26 12:29:26,2020-04-29 12:13:32,M->M,unknown,
西海都市报官方微博,no_media,2020-04-29 12:13:32,2020-09-06 13:22:04,M->M,unknown,
西海都市报官方微博,no_media,2020-09-06 13:22:04,2021-07-16 10:22:39,M->M,unknown,
西海都市报官方微博,no_media,2021-07-16 10:22:39,2021-08-11 11:36:06,M->M,unknown,
西海都市报官方微博,no_media,2021-08-11 11:36:06,2021-08-13 08:51:33,M->M,unknown,
西海都市报官方微博,no_media,2021-08-13 08:51:33,2021-11-14 09:42:08,M->M,unknown,
西海都市报官方微博,no_media,2021-11-14 09:42:08,2021-11-20 09:36:53,M->M,unknown,
西海都市报官方微博,no_media,2021-11-20 09:36:53,2021-12-28 09:56:55,M->M,unknown,
西海都市报官方微博,no_media,2021-12-28 09:56:55,2022-01-07 08:42:59,M->M,unknown,
西海都市报官方微博,no_media,2022-01-07 08:42:59,2022-03-11 08:56:32,M->M,unknown,
西海都市报官方微博,no_media,2022-03-11 08:56:32,2022-04-17 18:38:50,M->M,unknown,
西海都市报官方微博,no_media,2022-04-17 18:38:50,2022-04-18 09:44:50,M->M,unknown,
西海都市报官方微博,no_media,2022-04-18 09:44:50,2022-04-22 22:28:32,M->M,unknown,
西海都市报官方微博,no_media,2022-04-22 22:28:32,2022-05-10 14:06:44,M->M,unknown,
西海都市报官方微博,no_media,2022-05-10 14:06:44,2022-05-11 09:21:43,M->M,unknown,
西海都市报官方微博,no_media,2022-05-11 09:21:43,2022-05-15 08:57:49,M->M,unknown,
西海都市报官方微博,no_media,2022-05-15 08:57:49,2022-05-16 00:08:44,M->M,unknown,
西海都市报官方微博,no_media,2022-05-16 00:08:44,2022-05-16 08:17:28,M->M,unknown,
西海都市报官方微博,no_media,2022-05-16 08:17:28,2022-05-18 08:51:33,M->M,unknown,
西海都市报官方微博,no_media,2022-05-18 08:51:33,2022-06-22 08:24:52,M->M,unknown,
西海都市报官方微博,no_media,2022-06-22 08:24:52,2022-09-06 10:37:19,M->M,unknown,
西海都市报官方微博,no_media,2022-09-06 10:37:19,2022-11-07 08:29:00,M->M,unknown,
西海都市报官方微博,no_media,2022-11-07 08:29:00,2022-12-09 09:29:19,M->M,unknown,
西海都市报官方微博,no_media,2022-12-09 09:29:19,2022-12-18 10:30:42,M->M,unknown,
西海都市报官方微博,no_media,2022-12-18 10:30:42,2022-12-18 10:32:25,M->M,unknown,
西海都市报官方微博,no_media,2022-12-18 10:32:25,2022-12-22 09:58:20,M->M,unknown,
西海都市报官方微博,no_media,2022-12-22 09:58:20,2022-12-27 10:28:56,M->M,unknown,
西海都市报官方微博,no_media,2022-12-27 10:28:56,2023-05-10 13:58:23,M->M,unknown,
西藏日报,no_media,2022-12-09 11:20:27,2022-12-15 17:06:22,M->M,unknown,
西部大开发杂志,no_media,2020-02-07 12:35:26,2020-02-15 00:31:38,M->M,unknown,
西部大开发杂志,no_media,2020-02-15 00:31:38,2020-02-15 07:54:52,M->M,unknown,
西部大开发杂志,no_media,2020-02-15 07:54:52,2020-02-15 08:01:28,M->H,unknown,
西部大开发杂志,no_media,2020-02-15 08:01:28,2020-02-15 09:22:15,H->M,unknown,
西部大开发杂志,no_media,2020-02-15 09:22:15,2020-02-16 08:24:26,M->M,unknown,
西部大开发杂志,no_media,2020-02-16 08:24:26,2020-02-17 07:38:52,M->M,unknown,
西部大开发杂志,no_media,2020-02-17 07:38:52,2020-02-17 08:25:36,M->M,unknown,
西部大开发杂志,no_media,2020-02-17 08:25:36,2020-02-19 08:10:24,M->M,unknown,
西部大开发杂志,no_media,2020-02-19 08:10:24,2020-02-19 08:21:47,M->M,unknown,
西部大开发杂志,no_media,2020-02-19 08:21:47,2020-02-19 09:24:24,M->M,unknown,
西部大开发杂志,no_media,2020-02-19 09:24:24,2020-02-20 10:30:54,M->M,unknown,
西部大开发杂志,no_media,2020-02-20 10:30:54,2020-02-20 16:36:58,M->M,unknown,
西部大开发杂志,no_media,2020-02-20 16:36:58,2020-02-22 16:50:11,M->M,unknown,
西部大开发杂志,no_media,2020-02-22 16:50:11,2020-02-24 16:33:30,M->M,unknown,
西部大开发杂志,no_media,2020-02-24 16:33:30,2020-02-25 09:57:09,M->M,unknown,
西部大开发杂志,no_media,2020-02-25 09:57:09,2020-02-25 19:07:27,M->M,unknown,
西部大开发杂志,no_media,2020-02-25 19:07:27,2020-02-29 14:33:31,M->M,unknown,
西部大开发杂志,no_media,2020-02-29 14:33:31,2020-03-01 13:16:53,M->M,unknown,
西部大开发杂志,no_media,2020-03-01 13:16:53,2020-03-01 14:05:41,M->M,unknown,
西部大开发杂志,no_media,2020-03-01 14:05:41,2020-03-01 16:09:50,M->M,unknown,
西部大开发杂志,no_media,2020-03-01 16:09:50,2020-03-05 07:21:54,M->M,unknown,
西部大开发杂志,no_media,2020-03-05 07:21:54,2020-03-18 17:35:59,M->M,unknown,
西部大开发杂志,no_media,2020-03-18 17:35:59,2020-03-18 20:19:13,M->M,unknown,
西部大开发杂志,no_media,2020-03-18 20:19:13,2020-05-28 09:47:24,M->M,unknown,
西部大开发杂志,no_media,2020-05-28 09:47:24,2022-02-10 10:03:47,M->M,unknown,
西部大开发杂志,no_media,2022-02-10 10:03:47,2022-04-06 16:56:22,M->M,unknown,
西部大开发杂志,no_media,2022-04-06 16:56:22,2023-01-03 12:30:08,M->M,unknown,
西部大开发杂志,no_media,2023-01-03 12:30:08,2023-01-09 17:05:46,M->M,unknown,
西部法制报,no_media,2020-02-13 12:17:57,2020-02-20 10:38:03,M->M,unknown,
西部法制报,no_media,2020-02-20 10:38:03,2020-02-20 11:21:16,M->M,unknown,
西部法制报,no_media,2020-02-20 11:21:16,2020-02-20 12:12:42,M->M,unknown,
西部法制报,no_media,2020-02-20 12:12:42,2020-02-24 11:21:07,M->M,unknown,
西部法制报,no_media,2020-02-24 11:21:07,2020-03-05 08:47:52,M->M,unknown,
西部法制报,no_media,2020-03-05 08:47:52,2020-06-17 17:00:32,M->M,unknown,
西部法制报,no_media,2020-06-17 17:00:32,2020-10-23 11:30:08,M->M,unknown,
西部法制报,no_media,2020-10-23 11:30:08,2021-01-21 13:04:39,M->M,unknown,
西部法制报,no_media,2021-01-21 13:04:39,2021-03-17 13:35:39,M->M,unknown,
西部法制报,no_media,2021-03-17 13:35:39,2021-04-25 11:34:47,M->M,unknown,
西部法制报,no_media,2021-04-25 11:34:47,2022-12-31 21:57:18,M->M,unknown,
西部网,no_media,2021-02-26 08:59:06,2021-02-26 11:07:03,M->M,unknown,
西部网,no_media,2021-02-26 11:07:03,2021-04-09 19:00:03,M->M,unknown,
西部网,no_media,2021-04-09 19:00:03,2021-11-25 09:58:00,M->M,unknown,
西部网,no_media,2021-11-25 09:58:00,2021-11-30 23:30:35,M->M,unknown,
西部网,no_media,2021-11-30 23:30:35,2022-01-11 19:02:19,M->M,unknown,
西部网,no_media,2022-01-11 19:02:19,2022-02-10 10:11:00,M->M,unknown,
西部网,no_media,2022-02-10 10:11:00,2022-03-23 19:29:06,M->M,unknown,
西部网,no_media,2022-03-23 19:29:06,2022-04-15 22:10:51,M->M,unknown,
西部网,no_media,2022-04-15 22:10:51,2022-04-17 08:41:37,M->M,unknown,
西部网,no_media,2022-04-17 08:41:37,2022-05-04 09:22:24,M->M,unknown,
西部网,no_media,2022-05-04 09:22:24,2022-05-29 19:24:43,M->M,unknown,
西部网,no_media,2022-05-29 19:24:43,2022-08-25 15:24:00,M->M,unknown,
西部网,no_media,2022-08-25 15:24:00,2022-11-22 15:13:57,M->M,unknown,
西部网,no_media,2022-11-22 15:13:57,2022-11-22 15:51:19,M->M,unknown,
西部网,no_media,2022-11-22 15:51:19,2022-12-05 09:39:23,M->M,unknown,
西部网,no_media,2022-12-05 09:39:23,2022-12-07 11:58:02,M->M,unknown,
西部网,no_media,2022-12-07 11:58:02,2022-12-08 15:08:08,M->M,unknown,
西部网,no_media,2022-12-08 15:08:08,2022-12-09 15:05:03,M->M,unknown,
西部网,no_media,2022-12-09 15:05:03,2022-12-09 15:15:35,M->M,unknown,
西部网,no_media,2022-12-09 15:15:35,2022-12-09 15:40:25,M->M,unknown,
西部网,no_media,2022-12-09 15:40:25,2022-12-09 15:42:24,M->M,unknown,
西部网,no_media,2022-12-09 15:42:24,2022-12-09 15:57:00,M->M,unknown,
西部网,no_media,2022-12-09 15:57:00,2022-12-09 16:15:00,M->M,unknown,
西部网,no_media,2022-12-09 16:15:00,2022-12-11 10:27:19,M->M,unknown,
西部网,no_media,2022-12-11 10:27:19,2022-12-13 10:38:07,M->M,unknown,
西部网,no_media,2022-12-13 10:38:07,2022-12-13 10:49:39,M->M,unknown,
西部网,no_media,2022-12-13 10:49:39,2022-12-13 15:05:09,M->M,unknown,
西部网,no_media,2022-12-13 15:05:09,2022-12-15 18:05:57,M->M,unknown,
西部网,no_media,2022-12-15 18:05:57,2022-12-18 16:04:32,M->M,unknown,
西部网,no_media,2022-12-18 16:04:32,2022-12-19 12:42:18,M->M,unknown,
西部网,no_media,2022-12-19 12:42:18,2022-12-27 16:10:00,M->M,unknown,
西部网,no_media,2022-12-27 16:10:00,2022-12-30 14:37:04,M->M,unknown,
西部网,no_media,2022-12-30 14:37:04,2022-12-31 12:26:00,M->M,unknown,
西部网,no_media,2022-12-31 12:26:00,2022-12-31 15:38:03,M->M,unknown,
西部网,no_media,2022-12-31 15:38:03,2023-01-02 14:23:40,M->M,unknown,
西部网,no_media,2023-01-02 14:23:40,2023-01-02 17:19:00,M->M,unknown,
西部网,no_media,2023-01-02 17:19:00,2023-01-05 16:26:33,M->M,unknown,
西部网,no_media,2023-01-05 16:26:33,2023-01-18 16:51:00,M->M,unknown,
西部网,no_media,2023-01-18 16:51:00,2024-07-08 10:56:47,M->M,unknown,
西铁资讯,no_media,2022-03-14 15:20:00,2022-03-14 15:35:00,M->M,unknown,
观察者网,no_media,2022-06-09 10:15:02,2022-07-20 14:40:00,H->M,unknown,
观察者网,no_media,2022-07-20 14:40:00,2022-07-20 17:50:00,M->M,unknown,
观察者网,no_media,2022-07-20 17:50:00,2022-08-27 11:02:00,M->M,unknown,
观察者网,no_media,2022-08-27 11:02:00,2022-11-29 21:15:00,M->M,unknown,
观察者网,no_media,2022-11-29 21:15:00,2022-12-01 14:46:29,M->M,unknown,
观察者网,no_media,2022-12-01 14:46:29,2022-12-03 20:25:30,M->M,unknown,
观察者网,no_media,2022-12-03 20:25:30,2022-12-10 14:50:24,M->M,unknown,
观察者网,no_media,2022-12-10 14:50:24,2022-12-10 19:39:16,M->M,unknown,
观察者网,no_media,2022-12-10 19:39:16,2022-12-10 22:39:26,M->M,unknown,
观察者网,no_media,2022-12-10 22:39:26,2022-12-13 16:30:01,M->M,unknown,
观察者网,no_media,2022-12-13 16:30:01,2022-12-13 20:10:01,M->M,unknown,
观察者网,no_media,2022-12-13 20:10:01,2022-12-14 18:15:00,M->M,unknown,
观察者网,no_media,2022-12-14 18:15:00,2022-12-15 21:56:53,M->M,unknown,
观察者网,no_media,2022-12-15 21:56:53,2022-12-17 16:46:00,M->M,unknown,
观察者网,no_media,2022-12-17 16:46:00,2022-12-18 10:34:21,M->M,unknown,
观察者网,no_media,2022-12-18 10:34:21,2022-12-18 12:07:18,M->M,unknown,
观察者网,no_media,2022-12-18 12:07:18,2022-12-19 12:55:00,M->M,unknown,
观察者网,no_media,2022-12-19 12:55:00,2022-12-20 15:19:00,M->M,unknown,
观察者网,no_media,2022-12-20 15:19:00,2022-12-21 17:40:01,M->M,unknown,
观察者网,no_media,2022-12-21 17:40:01,2022-12-22 09:15:21,M->M,unknown,
观察者网,no_media,2022-12-22 09:15:21,2022-12-22 15:30:02,M->M,unknown,
观察者网,no_media,2022-12-22 15:30:02,2022-12-22 16:31:58,M->M,unknown,
观察者网,no_media,2022-12-22 16:31:58,2022-12-23 12:15:40,M->M,unknown,
观察者网,no_media,2022-12-23 12:15:40,2022-12-25 08:41:46,M->M,unknown,
观察者网,no_media,2022-12-25 08:41:46,2022-12-26 15:40:00,M->M,unknown,
观察者网,no_media,2022-12-26 15:40:00,2022-12-27 09:00:00,M->M,unknown,
观察者网,no_media,2022-12-27 09:00:00,2022-12-27 15:53:03,M->M,unknown,
观察者网,no_media,2022-12-27 15:53:03,2022-12-30 09:40:01,M->M,unknown,
观察者网,no_media,2022-12-30 09:40:01,2022-12-30 10:40:03,M->M,unknown,
观察者网,no_media,2022-12-30 10:40:03,2022-12-30 17:13:49,M->M,unknown,
观察者网,no_media,2022-12-30 17:13:49,2022-12-30 23:00:00,M->M,unknown,
观察者网,no_media,2022-12-30 23:00:00,2022-12-31 10:20:01,M->M,unknown,
观察者网,no_media,2022-12-31 10:20:01,2023-01-01 13:44:05,M->M,unknown,
观察者网,no_media,2023-01-01 13:44:05,2023-01-02 17:00:00,M->M,unknown,
观察者网,no_media,2023-01-02 17:00:00,2023-01-02 18:00:00,M->M,unknown,
观察者网,no_media,2023-01-02 18:00:00,2023-01-02 18:40:00,M->M,unknown,
观察者网,no_media,2023-01-02 18:40:00,2023-01-02 21:50:00,M->M,unknown,
观察者网,no_media,2023-01-02 21:50:00,2023-01-03 11:30:00,M->M,unknown,
观察者网,no_media,2023-01-03 11:30:00,2023-01-03 12:20:00,M->M,unknown,
观察者网,no_media,2023-01-03 12:20:00,2023-01-03 14:53:22,M->M,unknown,
观察者网,no_media,2023-01-03 14:53:22,2023-01-03 16:40:00,M->M,unknown,
观察者网,no_media,2023-01-03 16:40:00,2023-01-04 18:47:30,M->M,unknown,
观察者网,no_media,2023-01-04 18:47:30,2023-01-05 16:01:07,M->M,unknown,
观察者网,no_media,2023-01-05 16:01:07,2023-01-06 22:26:52,M->M,unknown,
观察者网,no_media,2023-01-06 22:26:52,2023-01-08 09:32:00,M->M,unknown,
观察者网,no_media,2023-01-08 09:32:00,2023-01-09 09:30:01,M->M,unknown,
观察者网,no_media,2023-01-09 09:30:01,2023-01-09 11:01:00,M->M,unknown,
观察者网,no_media,2023-01-09 11:01:00,2023-01-13 21:49:00,M->M,unknown,
观察者网,no_media,2023-01-13 21:49:00,2023-01-15 09:00:01,M->M,unknown,
观察者网,no_media,2023-01-15 09:00:01,2023-01-21 11:06:08,M->M,unknown,
观察者网,no_media,2023-01-21 11:06:08,2023-02-28 07:30:00,M->M,unknown,
观察者网,no_media,2023-02-28 07:30:00,2023-04-01 20:26:08,M->M,unknown,
观察者网,no_media,2023-04-01 20:26:08,2023-04-20 20:00:00,M->M,unknown,
观察者网,no_media,2023-04-20 20:00:00,2023-05-08 08:34:00,M->M,unknown,
观察者网,no_media,2023-05-08 08:34:00,2023-05-17 22:45:30,M->M,unknown,
观察者网,no_media,2023-05-17 22:45:30,2023-05-20 09:30:00,M->M,unknown,
观察者网,no_media,2023-05-20 09:30:00,2023-05-29 09:45:00,M->M,unknown,
观察者网,no_media,2023-05-29 09:45:00,2023-09-11 12:00:01,M->M,unknown,
观察者网,no_media,2023-09-11 12:00:01,2023-10-09 10:00:00,M->M,unknown,
观察者网,no_media,2023-10-09 10:00:00,2023-12-10 07:35:00,M->M,unknown,
观察者网,no_media,2023-12-10 07:35:00,2023-12-24 16:10:00,M->M,unknown,
观察者网,no_media,2023-12-24 16:10:00,2024-02-11 10:39:00,M->M,unknown,
观察者网微丢视频,no_media,2020-04-17 16:51:50,2021-06-23 14:27:06,M->M,unknown,
观察者网微丢视频,no_media,2021-06-23 14:27:06,2021-07-08 16:21:08,M->M,unknown,
观察者网微丢视频,no_media,2021-07-08 16:21:08,2022-04-21 11:00:03,M->M,unknown,
观察者网新闻客户端,no_media,2020-01-26 10:50:03,2020-02-02 15:30:03,M->M,unknown,
观察者网新闻客户端,no_media,2020-02-02 15:30:03,2020-02-10 22:30:32,M->M,unknown,
观察者网新闻客户端,no_media,2020-02-10 22:30:32,2020-04-17 16:54:20,M->M,unknown,
观察者网新闻客户端,no_media,2020-04-17 16:54:20,2022-05-12 11:00:03,M->M,unknown,
观察者网新闻客户端,no_media,2022-05-12 11:00:03,2022-06-09 12:00:03,M->H,unknown,
解放日报,no_media,2020-03-05 20:15:03,2020-03-07 21:15:03,M->M,unknown,
解放日报,no_media,2020-03-07 21:15:03,2022-04-18 10:10:14,M->M,unknown,
解放日报,no_media,2022-04-18 10:10:14,2022-04-19 11:04:21,M->M,unknown,
解放日报,no_media,2022-04-19 11:04:21,2022-04-23 13:54:02,M->M,unknown,
解放日报,no_media,2022-04-23 13:54:02,2022-04-24 10:36:57,M->M,unknown,
解放日报,no_media,2022-04-24 10:36:57,2022-04-25 10:14:28,M->M,unknown,
解放日报,no_media,2022-04-25 10:14:28,2022-04-26 10:14:39,M->M,unknown,
解放日报,no_media,2022-04-26 10:14:39,2022-04-27 12:00:41,M->M,unknown,
解放日报,no_media,2022-04-27 12:00:41,2022-04-28 08:10:51,M->M,unknown,
解放日报,no_media,2022-04-28 08:10:51,2022-04-28 10:37:04,M->M,unknown,
解放日报,no_media,2022-04-28 10:37:04,2022-04-28 10:43:23,M->M,unknown,
解放日报,no_media,2022-04-28 10:43:23,2022-04-29 10:31:30,M->M,unknown,
解放日报,no_media,2022-04-29 10:31:30,2022-05-02 10:20:28,M->M,unknown,
解放日报,no_media,2022-05-02 10:20:28,2022-05-05 10:21:35,M->M,unknown,
解放日报,no_media,2022-05-05 10:21:35,2022-05-06 10:32:15,M->M,unknown,
解放日报,no_media,2022-05-06 10:32:15,2022-05-09 10:41:26,M->M,unknown,
解放日报,no_media,2022-05-09 10:41:26,2022-05-10 10:11:38,M->M,unknown,
解放日报,no_media,2022-05-10 10:11:38,2022-05-11 10:26:47,M->M,unknown,
解放日报,no_media,2022-05-11 10:26:47,2022-05-16 10:32:53,M->M,unknown,
解放日报,no_media,2022-05-16 10:32:53,2022-05-16 10:53:58,M->M,unknown,
解放日报,no_media,2022-05-16 10:53:58,2022-05-18 10:17:03,M->M,unknown,
解放日报,no_media,2022-05-18 10:17:03,2022-05-24 10:45:09,M->M,unknown,
解放日报,no_media,2022-05-24 10:45:09,2022-05-26 10:23:47,M->M,unknown,
解放日报,no_media,2022-05-26 10:23:47,2022-12-21 10:42:22,M->M,unknown,
解放日报,no_media,2022-12-21 10:42:22,2022-12-23 17:33:02,M->M,unknown,
解放日报,no_media,2022-12-23 17:33:02,2022-12-28 10:44:39,M->M,unknown,
解放日报,no_media,2022-12-28 10:44:39,2022-12-30 10:54:41,M->M,unknown,
解放日报,no_media,2022-12-30 10:54:41,2023-01-17 19:53:27,M->M,unknown,
解放日报,no_media,2023-01-17 19:53:27,2023-01-18 16:46:26,M->M,unknown,
言安堂,no_media,2023-01-04 19:00:00,2023-01-10 12:00:00,M->M,unknown,
言安堂,no_media,2023-01-10 12:00:00,2023-03-12 19:00:00,M->M,unknown,
让我们唱一首锡安的歌吧,no_media,2022-12-23 07:46:00,2023-01-17 01:02:00,L->L,unknown,
许昌政府网,no_media,2020-02-26 08:56:43,2021-01-22 11:30:30,M->M,unknown,
许昌日报,no_media,2021-02-20 14:43:29,2022-01-17 17:30:50,M->M,unknown,
许昌日报,no_media,2022-01-17 17:30:50,2022-06-17 18:31:00,M->M,unknown,
许昌日报,no_media,2022-06-17 18:31:00,2022-07-02 16:00:03,M->M,unknown,
许昌日报,no_media,2022-07-02 16:00:03,2022-07-07 20:00:01,M->M,unknown,
许昌日报,no_media,2022-07-07 20:00:01,2022-10-18 10:00:02,M->M,unknown,
许昌日报,no_media,2022-10-18 10:00:02,2022-11-04 15:00:11,M->M,unknown,
许昌日报,no_media,2022-11-04 15:00:11,2022-11-19 10:01:00,M->M,unknown,
许昌日报,no_media,2022-11-19 10:01:00,2022-12-08 18:46:42,M->M,unknown,
许昌日报,no_media,2022-12-08 18:46:42,2022-12-10 09:00:00,M->M,unknown,
许昌日报,no_media,2022-12-10 09:00:00,2022-12-31 12:30:01,M->M,unknown,
许昌日报,no_media,2022-12-31 12:30:01,2023-01-18 15:48:07,M->M,unknown,
证券日报之声,no_media,2020-02-19 20:45:16,2020-02-20 15:20:03,M->M,unknown,
证券日报之声,no_media,2020-02-20 15:20:03,2020-03-16 15:20:03,M->M,unknown,
证券日报之声,no_media,2020-03-16 15:20:03,2020-07-15 21:09:51,M->M,unknown,
证券日报之声,no_media,2020-07-15 21:09:51,2020-09-11 14:22:48,M->M,unknown,
证券日报之声,no_media,2020-09-11 14:22:48,2021-11-10 11:26:32,M->M,unknown,
证券日报之声,no_media,2021-11-10 11:26:32,2022-12-30 20:40:41,M->M,unknown,
证券日报之声,no_media,2022-12-30 20:40:41,2023-01-11 21:54:31,M->M,unknown,
证券日报之声,no_media,2023-01-11 21:54:31,2024-08-28 21:12:00,M->M,unknown,
证券时报e公司,no_media,2022-09-15 15:56:49,2022-12-16 10:06:26,M->M,unknown,
诗莉TzeLay,no_media,2022-02-24 21:16:00,2022-03-20 21:34:00,M->M,unknown,
诗莉TzeLay,no_media,2022-03-20 21:34:00,2023-01-06 23:00:00,M->M,unknown,
诗莉TzeLay,no_media,2023-01-06 23:00:00,2023-09-04 21:47:00,M->M,unknown,
话匣子FM,no_media,2020-03-18 20:34:07,2022-03-10 19:28:04,M->M,unknown,
话匣子FM,no_media,2022-03-10 19:28:04,2022-04-17 11:53:59,M->M,unknown,
话匣子FM,no_media,2022-04-17 11:53:59,2022-04-18 10:32:39,M->M,unknown,
话匣子FM,no_media,2022-04-18 10:32:39,2022-12-05 17:19:06,M->M,unknown,
话匣子FM,no_media,2022-12-05 17:19:06,2023-01-03 19:10:12,M->M,unknown,
谢大海的生活,no_media,2023-01-28 15:09:00,2023-01-29 17:16:00,L->L,unknown,
财联社APP,no_media,2020-02-20 08:27:42,2020-02-21 11:29:32,M->M,unknown,
财联社APP,no_media,2020-02-21 11:29:32,2020-04-23 17:21:32,M->M,unknown,
财联社APP,no_media,2020-04-23 17:21:32,2021-02-20 14:11:24,M->M,unknown,
财联社APP,no_media,2021-02-20 14:11:24,2021-04-13 15:56:27,M->M,unknown,
财联社APP,no_media,2021-04-13 15:56:27,2022-01-01 10:10:55,M->M,unknown,
财联社APP,no_media,2022-01-01 10:10:55,2022-02-12 09:36:33,M->M,unknown,
财联社APP,no_media,2022-02-12 09:36:33,2022-02-22 08:22:59,M->M,unknown,
财联社APP,no_media,2022-02-22 08:22:59,2022-04-24 18:35:08,M->M,unknown,
财联社APP,no_media,2022-04-24 18:35:08,2022-04-27 08:12:59,M->M,unknown,
财联社APP,no_media,2022-04-27 08:12:59,2022-05-08 16:11:00,M->M,unknown,
财联社APP,no_media,2022-05-08 16:11:00,2022-05-12 08:55:47,M->M,unknown,
财联社APP,no_media,2022-05-12 08:55:47,2022-05-26 08:58:32,M->M,unknown,
财联社APP,no_media,2022-05-26 08:58:32,2022-06-13 22:04:00,M->M,unknown,
财联社APP,no_media,2022-06-13 22:04:00,2022-12-07 13:25:26,M->M,unknown,
财联社APP,no_media,2022-12-07 13:25:26,2022-12-07 21:00:54,M->M,unknown,
财联社APP,no_media,2022-12-07 21:00:54,2022-12-08 17:22:34,M->M,unknown,
财联社APP,no_media,2022-12-08 17:22:34,2022-12-09 08:19:38,M->M,unknown,
财联社APP,no_media,2022-12-09 08:19:38,2022-12-13 16:22:17,M->M,unknown,
财联社APP,no_media,2022-12-13 16:22:17,2022-12-19 17:05:10,M->M,unknown,
财联社APP,no_media,2022-12-19 17:05:10,2022-12-30 15:41:27,M->M,unknown,
财联社APP,no_media,2022-12-30 15:41:27,2023-01-01 16:43:45,M->M,unknown,
财联社APP,no_media,2023-01-01 16:43:45,2023-01-06 17:33:47,M->M,unknown,
财联社APP,no_media,2023-01-06 17:33:47,2023-01-19 16:56:06,M->M,unknown,
财联社APP,no_media,2023-01-19 16:56:06,2023-02-25 16:40:03,M->M,unknown,
财联社APP,no_media,2023-02-25 16:40:03,2023-12-11 08:14:48,M->M,unknown,
财联社APP,no_media,2023-12-11 08:14:48,2023-12-13 21:40:00,M->M,unknown,
财联社APP,no_media,2023-12-13 21:40:00,2023-12-29 09:30:15,M->M,unknown,
财联社APP,no_media,2023-12-29 09:30:15,2023-12-31 22:01:26,M->M,unknown,
贵阳新闻网,no_media,2020-02-20 09:48:14,2020-08-03 11:29:00,M->M,unknown,
贵阳新闻网,no_media,2020-08-03 11:29:00,2020-12-24 09:45:15,M->M,unknown,
贵阳新闻网,no_media,2020-12-24 09:45:15,2021-04-02 10:21:33,M->M,unknown,
贵阳新闻网,no_media,2021-04-02 10:21:33,2021-04-09 15:26:26,M->M,unknown,
贵阳新闻网,no_media,2021-04-09 15:26:26,2021-06-22 17:24:24,M->M,unknown,
贵阳新闻网,no_media,2021-06-22 17:24:24,2022-01-01 09:34:19,M->M,unknown,
贵阳新闻网,no_media,2022-01-01 09:34:19,2022-03-30 09:46:53,M->M,unknown,
贵阳新闻网,no_media,2022-03-30 09:46:53,2022-04-17 15:00:40,M->M,unknown,
贵阳新闻网,no_media,2022-04-17 15:00:40,2022-07-28 16:51:25,M->M,unknown,
贵阳新闻网,no_media,2022-07-28 16:51:25,2022-09-05 15:04:33,M->M,unknown,
贵阳新闻网,no_media,2022-09-05 15:04:33,2022-09-05 15:06:21,M->M,unknown,
贵阳新闻网,no_media,2022-09-05 15:06:21,2022-09-05 15:08:14,M->M,unknown,
贵阳新闻网,no_media,2022-09-05 15:08:14,2022-09-05 15:09:06,M->M,unknown,
贵阳新闻网,no_media,2022-09-05 15:09:06,2022-09-05 15:10:55,M->M,unknown,
贵阳新闻网,no_media,2022-09-05 15:10:55,2022-09-05 15:13:13,M->M,unknown,
贵阳新闻网,no_media,2022-09-05 15:13:13,2022-09-26 18:13:40,M->M,unknown,
贵阳新闻网,no_media,2022-09-26 18:13:40,2022-10-23 10:41:08,M->M,unknown,
贵阳新闻网,no_media,2022-10-23 10:41:08,2022-11-18 11:27:48,M->M,unknown,
贵阳新闻网,no_media,2022-11-18 11:27:48,2022-11-23 09:39:30,M->M,unknown,
贵阳新闻网,no_media,2022-11-23 09:39:30,2022-12-06 11:38:37,M->M,unknown,
贵阳新闻网,no_media,2022-12-06 11:38:37,2022-12-07 10:31:22,M->M,unknown,
贵阳新闻网,no_media,2022-12-07 10:31:22,2022-12-07 15:29:43,M->M,unknown,
贵阳新闻网,no_media,2022-12-07 15:29:43,2022-12-08 09:57:16,M->M,unknown,
贵阳新闻网,no_media,2022-12-08 09:57:16,2022-12-08 21:31:34,M->M,unknown,
贵阳新闻网,no_media,2022-12-08 21:31:34,2022-12-09 10:28:26,M->M,unknown,
贵阳新闻网,no_media,2022-12-09 10:28:26,2022-12-11 10:00:52,M->M,unknown,
贵阳新闻网,no_media,2022-12-11 10:00:52,2022-12-12 15:16:02,M->M,unknown,
贵阳新闻网,no_media,2022-12-12 15:16:02,2022-12-12 16:32:41,M->M,unknown,
贵阳新闻网,no_media,2022-12-12 16:32:41,2022-12-12 16:43:21,M->M,unknown,
贵阳新闻网,no_media,2022-12-12 16:43:21,2022-12-13 10:12:10,M->M,unknown,
贵阳新闻网,no_media,2022-12-13 10:12:10,2022-12-15 16:28:19,M->M,unknown,
贵阳新闻网,no_media,2022-12-15 16:28:19,2022-12-18 15:02:44,M->M,unknown,
贵阳新闻网,no_media,2022-12-18 15:02:44,2022-12-25 22:22:20,M->M,unknown,
贵阳新闻网,no_media,2022-12-25 22:22:20,2022-12-30 10:35:27,M->M,unknown,
贵阳新闻网,no_media,2022-12-30 10:35:27,2023-01-15 13:04:29,M->M,unknown,
贵阳新闻网,no_media,2023-01-15 13:04:29,2023-01-15 14:46:31,M->M,unknown,
贵阳新闻网,no_media,2023-01-15 14:46:31,2023-01-18 15:50:39,M->M,unknown,
贵阳新闻网,no_media,2023-01-18 15:50:39,2023-01-19 10:10:16,M->M,unknown,
贵阳新闻网,no_media,2023-01-19 10:10:16,2023-01-21 15:10:24,M->M,unknown,
贵阳新闻网,no_media,2023-01-21 15:10:24,2023-01-29 11:00:02,M->M,unknown,
贵阳新闻网,no_media,2023-01-29 11:00:02,2023-02-07 18:35:10,M->M,unknown,
贵阳日报官方微博,no_media,2020-02-20 09:48:14,2020-08-03 11:29:00,M->M,unknown,
贵阳日报官方微博,no_media,2020-08-03 11:29:00,2020-12-24 09:45:08,M->M,unknown,
贵阳日报官方微博,no_media,2020-12-24 09:45:08,2021-04-02 10:21:40,M->M,unknown,
贵阳日报官方微博,no_media,2021-04-02 10:21:40,2021-04-09 15:26:27,M->M,unknown,
贵阳日报官方微博,no_media,2021-04-09 15:26:27,2021-06-22 17:24:22,M->M,unknown,
贵阳日报官方微博,no_media,2021-06-22 17:24:22,2022-01-01 09:37:46,M->M,unknown,
贵阳日报官方微博,no_media,2022-01-01 09:37:46,2022-03-30 09:50:01,M->M,unknown,
贵阳日报官方微博,no_media,2022-03-30 09:50:01,2022-04-17 15:00:37,M->M,unknown,
贵阳日报官方微博,no_media,2022-04-17 15:00:37,2022-07-28 16:53:23,M->M,unknown,
贵阳日报官方微博,no_media,2022-07-28 16:53:23,2022-09-05 15:07:36,M->M,unknown,
贵阳日报官方微博,no_media,2022-09-05 15:07:36,2022-09-05 15:07:43,M->M,unknown,
贵阳日报官方微博,no_media,2022-09-05 15:07:43,2022-09-05 15:09:01,M->M,unknown,
贵阳日报官方微博,no_media,2022-09-05 15:09:01,2022-09-05 15:10:40,M->M,unknown,
贵阳日报官方微博,no_media,2022-09-05 15:10:40,2022-09-05 15:13:08,M->M,unknown,
贵阳日报官方微博,no_media,2022-09-05 15:13:08,2022-09-05 15:19:01,M->M,unknown,
贵阳日报官方微博,no_media,2022-09-05 15:19:01,2022-09-26 18:13:50,M->M,unknown,
贵阳日报官方微博,no_media,2022-09-26 18:13:50,2022-10-23 10:43:45,M->M,unknown,
贵阳日报官方微博,no_media,2022-10-23 10:43:45,2022-11-18 11:27:57,M->M,unknown,
贵阳日报官方微博,no_media,2022-11-18 11:27:57,2022-11-23 09:41:44,M->M,unknown,
贵阳日报官方微博,no_media,2022-11-23 09:41:44,2022-12-06 11:38:54,M->M,unknown,
贵阳日报官方微博,no_media,2022-12-06 11:38:54,2022-12-07 10:31:23,M->M,unknown,
贵阳日报官方微博,no_media,2022-12-07 10:31:23,2022-12-07 15:29:31,M->M,unknown,
贵阳日报官方微博,no_media,2022-12-07 15:29:31,2022-12-08 09:57:16,M->M,unknown,
贵阳日报官方微博,no_media,2022-12-08 09:57:16,2022-12-08 21:31:33,M->M,unknown,
贵阳日报官方微博,no_media,2022-12-08 21:31:33,2022-12-09 10:28:28,M->M,unknown,
贵阳日报官方微博,no_media,2022-12-09 10:28:28,2022-12-12 15:16:16,M->M,unknown,
贵阳日报官方微博,no_media,2022-12-12 15:16:16,2022-12-12 16:32:57,M->M,unknown,
贵阳日报官方微博,no_media,2022-12-12 16:32:57,2022-12-12 16:43:27,M->M,unknown,
贵阳日报官方微博,no_media,2022-12-12 16:43:27,2022-12-13 12:53:58,M->M,unknown,
贵阳日报官方微博,no_media,2022-12-13 12:53:58,2022-12-15 16:28:21,M->M,unknown,
贵阳日报官方微博,no_media,2022-12-15 16:28:21,2022-12-18 15:02:51,M->M,unknown,
贵阳日报官方微博,no_media,2022-12-18 15:02:51,2022-12-25 22:22:20,M->M,unknown,
贵阳日报官方微博,no_media,2022-12-25 22:22:20,2022-12-30 10:35:27,M->M,unknown,
贵阳日报官方微博,no_media,2022-12-30 10:35:27,2023-01-15 13:04:30,M->M,unknown,
贵阳日报官方微博,no_media,2023-01-15 13:04:30,2023-01-15 14:46:31,M->M,unknown,
贵阳日报官方微博,no_media,2023-01-15 14:46:31,2023-01-18 15:50:44,M->M,unknown,
贵阳日报官方微博,no_media,2023-01-18 15:50:44,2023-01-19 10:14:03,M->M,unknown,
贵阳日报官方微博,no_media,2023-01-19 10:14:03,2023-01-21 15:10:24,M->M,unknown,
贵阳日报官方微博,no_media,2023-01-21 15:10:24,2023-01-29 11:00:00,M->M,unknown,
贵阳日报官方微博,no_media,2023-01-29 11:00:00,2023-02-07 18:35:13,M->M,unknown,
贵阳晚报官方微博,no_media,2020-03-18 21:17:10,2021-04-08 10:48:48,M->M,unknown,
贵阳晚报官方微博,no_media,2021-04-08 10:48:48,2021-04-09 17:07:00,M->M,unknown,
贵阳晚报官方微博,no_media,2021-04-09 17:07:00,2021-04-10 12:22:24,M->M,unknown,
贵阳晚报官方微博,no_media,2021-04-10 12:22:24,2021-04-13 10:22:47,M->M,unknown,
贵阳晚报官方微博,no_media,2021-04-13 10:22:47,2021-05-19 11:30:05,M->M,unknown,
贵阳晚报官方微博,no_media,2021-05-19 11:30:05,2021-06-20 10:34:27,M->H,unknown,
贵阳晚报官方微博,no_media,2021-06-20 10:34:27,2021-08-25 10:32:28,H->M,unknown,
贵阳晚报官方微博,no_media,2021-08-25 10:32:28,2021-09-01 10:29:57,M->M,unknown,
贵阳晚报官方微博,no_media,2021-09-01 10:29:57,2021-09-19 11:02:30,M->M,unknown,
贵阳晚报官方微博,no_media,2021-09-19 11:02:30,2022-03-22 15:02:15,M->M,unknown,
贵阳晚报官方微博,no_media,2022-03-22 15:02:15,2022-03-24 20:23:57,M->M,unknown,
贵阳晚报官方微博,no_media,2022-03-24 20:23:57,2022-03-27 20:45:44,M->M,unknown,
贵阳晚报官方微博,no_media,2022-03-27 20:45:44,2022-03-30 10:20:32,M->M,unknown,
贵阳晚报官方微博,no_media,2022-03-30 10:20:32,2022-04-02 18:33:42,M->M,unknown,
贵阳晚报官方微博,no_media,2022-04-02 18:33:42,2022-05-02 13:23:25,M->M,unknown,
贵阳晚报官方微博,no_media,2022-05-02 13:23:25,2022-06-26 16:31:23,M->M,unknown,
贵阳晚报官方微博,no_media,2022-06-26 16:31:23,2022-07-28 17:10:00,M->M,unknown,
贵阳晚报官方微博,no_media,2022-07-28 17:10:00,2022-09-27 11:05:36,M->M,unknown,
贵阳晚报官方微博,no_media,2022-09-27 11:05:36,2022-12-06 11:23:45,M->M,unknown,
贵阳晚报官方微博,no_media,2022-12-06 11:23:45,2022-12-07 11:00:15,M->M,unknown,
贵阳晚报官方微博,no_media,2022-12-07 11:00:15,2022-12-07 14:12:45,M->M,unknown,
贵阳晚报官方微博,no_media,2022-12-07 14:12:45,2022-12-09 10:53:27,M->M,unknown,
贵阳晚报官方微博,no_media,2022-12-09 10:53:27,2022-12-09 10:55:12,M->M,unknown,
贵阳晚报官方微博,no_media,2022-12-09 10:55:12,2022-12-09 11:03:03,M->M,unknown,
贵阳晚报官方微博,no_media,2022-12-09 11:03:03,2022-12-10 20:02:35,M->M,unknown,
贵阳晚报官方微博,no_media,2022-12-10 20:02:35,2022-12-10 22:36:29,M->M,unknown,
贵阳晚报官方微博,no_media,2022-12-10 22:36:29,2022-12-12 15:22:52,M->M,unknown,
贵阳晚报官方微博,no_media,2022-12-12 15:22:52,2022-12-12 16:21:30,M->M,unknown,
贵阳晚报官方微博,no_media,2022-12-12 16:21:30,2022-12-13 10:20:08,M->M,unknown,
贵阳晚报官方微博,no_media,2022-12-13 10:20:08,2022-12-16 16:29:57,M->M,unknown,
贵阳晚报官方微博,no_media,2022-12-16 16:29:57,2022-12-19 11:00:33,M->M,unknown,
贵阳晚报官方微博,no_media,2022-12-19 11:00:33,2022-12-20 10:08:42,M->L,unknown,
贵阳晚报官方微博,no_media,2022-12-20 10:08:42,2022-12-25 14:08:57,L->M,unknown,
贵阳晚报官方微博,no_media,2022-12-25 14:08:57,2022-12-25 16:21:05,M->M,unknown,
贵阳晚报官方微博,no_media,2022-12-25 16:21:05,2022-12-29 20:23:24,M->M,unknown,
贵阳晚报官方微博,no_media,2022-12-29 20:23:24,2022-12-30 09:59:38,M->M,unknown,
贵阳晚报官方微博,no_media,2022-12-30 09:59:38,2022-12-30 13:45:51,M->M,unknown,
贵阳晚报官方微博,no_media,2022-12-30 13:45:51,2022-12-30 13:49:51,M->M,unknown,
贵阳晚报官方微博,no_media,2022-12-30 13:49:51,2022-12-31 12:16:29,M->M,unknown,
贵阳晚报官方微博,no_media,2022-12-31 12:16:29,2022-12-31 16:19:37,M->M,unknown,
贵阳晚报官方微博,no_media,2022-12-31 16:19:37,2023-01-11 20:53:21,M->M,unknown,
贵阳晚报官方微博,no_media,2023-01-11 20:53:21,2023-01-15 13:03:33,M->M,unknown,
贵阳晚报官方微博,no_media,2023-01-15 13:03:33,2023-01-15 15:32:43,M->M,unknown,
贵阳晚报官方微博,no_media,2023-01-15 15:32:43,2023-01-16 14:20:03,M->M,unknown,
贵阳晚报官方微博,no_media,2023-01-16 14:20:03,2023-12-10 19:05:19,M->M,unknown,
贵阳晚报官方微博,no_media,2023-12-10 19:05:19,2023-12-28 15:51:24,M->M,unknown,
贺荷文化科技,no_media,2022-12-14 20:28:00,2022-12-15 17:28:00,M->M,unknown,
贺荷文化科技,no_media,2022-12-15 17:28:00,2022-12-16 19:09:00,M->M,unknown,
贺荷文化科技,no_media,2022-12-16 19:09:00,2022-12-19 17:47:00,M->M,unknown,
贺荷文化科技,no_media,2022-12-19 17:47:00,2022-12-20 17:18:00,M->M,unknown,
贺荷文化科技,no_media,2022-12-20 17:18:00,2022-12-23 20:58:00,M->M,unknown,
贺荷文化科技,no_media,2022-12-23 20:58:00,2022-12-30 15:12:00,M->M,unknown,
贺荷文化科技,no_media,2022-12-30 15:12:00,2023-01-03 17:39:00,M->M,unknown,
贾老师营养健康ABC,no_media,2020-12-30 09:14:56,2022-12-22 15:29:53,M->M,unknown,
赣南日报,no_media,2020-04-01 10:35:08,2022-03-25 08:11:40,M->M,unknown,
赵燚燚燚燚,no_media,2023-06-24 08:25:00,2023-06-25 09:26:00,H->H,unknown,
赵鹏飞,no_media,2022-03-14 14:26:00,2022-03-14 16:36:00,M->H,unknown,
超梦的超梦,no_media,2023-02-15 13:47:00,2023-02-16 18:30:00,L->L,unknown,
路人丁开挖掘机,no_media,2022-11-16 10:11:00,2022-12-16 13:31:00,L->L,unknown,
路人丁开挖掘机,no_media,2022-12-16 13:31:00,2022-12-21 14:46:00,L->M,unknown,
路人丁开挖掘机,no_media,2022-12-21 14:46:00,2022-12-24 14:27:00,M->L,unknown,
路人丁开挖掘机,no_media,2022-12-24 14:27:00,2022-12-25 12:42:00,L->L,unknown,
路人丁开挖掘机,no_media,2022-12-25 12:42:00,2023-01-01 22:12:00,L->L,unknown,
路人丁开挖掘机,no_media,2023-01-01 22:12:00,2023-01-24 14:56:00,L->M,unknown,
路人丁开挖掘机,no_media,2023-01-24 14:56:00,2023-01-25 18:46:00,M->M,unknown,
路人丁开挖掘机,no_media,2023-01-25 18:46:00,2023-01-29 14:34:00,M->L,unknown,
路人丁开挖掘机,no_media,2023-01-29 14:34:00,2023-02-04 06:04:00,L->L,unknown,
路人丁开挖掘机,no_media,2023-02-04 06:04:00,2023-02-07 11:29:00,L->L,unknown,
路人丁开挖掘机,no_media,2023-02-07 11:29:00,2023-02-13 06:58:00,L->L,unknown,
路人丁开挖掘机,no_media,2023-02-13 06:58:00,2023-02-14 04:45:00,L->M,unknown,
路人丁开挖掘机,no_media,2023-02-14 04:45:00,2023-02-16 21:31:00,M->L,unknown,
路人丁开挖掘机,no_media,2023-02-16 21:31:00,2023-02-17 19:22:00,L->H,unknown,
路人丁开挖掘机,no_media,2023-02-17 19:22:00,2023-02-20 17:27:00,H->M,unknown,
路人丁开挖掘机,no_media,2023-02-20 17:27:00,2023-03-03 18:05:00,M->M,unknown,
踏浪天下,no_media,2023-01-11 18:04:00,2023-11-07 17:54:00,M->M,unknown,
踩财蔡,no_media,2022-10-02 15:53:00,2023-06-02 21:00:00,M->M,unknown,
踩财蔡,no_media,2023-06-02 21:00:00,2023-06-13 17:03:00,M->M,unknown,
踩财蔡,no_media,2023-06-13 17:03:00,2023-06-14 20:19:00,M->M,unknown,
轻轻吹一口风,no_media,2023-06-01 12:34:00,2023-07-29 18:36:00,H->L,unknown,
辰尘kira,no_media,2023-05-22 12:55:00,2023-06-08 11:10:00,M->M,unknown,
辰尘kira,no_media,2023-06-08 11:10:00,2023-06-25 19:10:00,M->H,unknown,
辰尘kira,no_media,2023-06-25 19:10:00,2023-07-02 10:54:00,H->M,unknown,
辰尘kira,no_media,2023-07-02 10:54:00,2023-08-15 11:17:00,M->M,unknown,
辰尘kira,no_media,2023-08-15 11:17:00,2023-09-09 09:29:00,M->M,unknown,
辰尘kira,no_media,2023-09-09 09:29:00,2023-12-12 15:57:00,M->M,unknown,
辽宁交通广播,no_media,2020-01-31 18:19:37,2020-02-18 10:01:32,M->M,unknown,
辽宁交通广播,no_media,2020-02-18 10:01:32,2020-02-20 08:06:22,M->M,unknown,
辽宁交通广播,no_media,2020-02-20 08:06:22,2020-02-21 12:03:47,M->M,unknown,
辽宁交通广播,no_media,2020-02-21 12:03:47,2020-02-22 20:41:51,M->M,unknown,
辽宁交通广播,no_media,2020-02-22 20:41:51,2020-02-23 14:59:31,M->M,unknown,
辽宁交通广播,no_media,2020-02-23 14:59:31,2020-02-25 22:41:16,M->M,unknown,
辽宁交通广播,no_media,2020-02-25 22:41:16,2020-02-25 22:42:09,M->M,unknown,
辽宁交通广播,no_media,2020-02-25 22:42:09,2020-03-01 17:13:55,M->M,unknown,
辽宁交通广播,no_media,2020-03-01 17:13:55,2020-03-02 17:15:53,M->M,unknown,
辽宁交通广播,no_media,2020-03-02 17:15:53,2020-03-05 07:49:19,M->M,unknown,
辽宁交通广播,no_media,2020-03-05 07:49:19,2021-01-05 17:00:54,M->M,unknown,
辽宁交通广播,no_media,2021-01-05 17:00:54,2022-12-09 16:00:34,M->M,unknown,
辽宁交通广播,no_media,2022-12-09 16:00:34,2022-12-14 10:57:05,M->M,unknown,
辽宁日报,no_media,2020-02-17 22:00:01,2020-03-07 15:00:03,M->M,unknown,
辽宁日报,no_media,2020-03-07 15:00:03,2020-03-18 20:30:03,M->M,unknown,
辽宁日报,no_media,2020-03-18 20:30:03,2020-03-27 11:00:04,M->M,unknown,
辽宁日报,no_media,2020-03-27 11:00:04,2020-05-08 20:28:55,M->M,unknown,
辽宁日报,no_media,2020-05-08 20:28:55,2020-07-25 17:09:51,M->M,unknown,
辽宁日报,no_media,2020-07-25 17:09:51,2020-08-02 12:18:06,M->M,unknown,
辽宁日报,no_media,2020-08-02 12:18:06,2020-12-24 08:31:13,M->M,unknown,
辽宁日报,no_media,2020-12-24 08:31:13,2020-12-27 13:24:03,M->M,unknown,
辽宁日报,no_media,2020-12-27 13:24:03,2020-12-29 19:45:46,M->M,unknown,
辽宁日报,no_media,2020-12-29 19:45:46,2020-12-31 13:50:48,M->M,unknown,
辽宁日报,no_media,2020-12-31 13:50:48,2021-01-05 16:43:40,M->M,unknown,
辽宁日报,no_media,2021-01-05 16:43:40,2021-01-07 18:08:09,M->M,unknown,
辽宁日报,no_media,2021-01-07 18:08:09,2021-01-09 16:20:34,M->M,unknown,
辽宁日报,no_media,2021-01-09 16:20:34,2021-01-09 18:19:03,M->M,unknown,
辽宁日报,no_media,2021-01-09 18:19:03,2021-02-20 17:00:03,M->M,unknown,
辽宁日报,no_media,2021-02-20 17:00:03,2021-05-06 21:25:26,M->M,unknown,
辽宁日报,no_media,2021-05-06 21:25:26,2021-05-18 17:36:41,M->M,unknown,
辽宁日报,no_media,2021-05-18 17:36:41,2021-06-02 12:25:03,M->M,unknown,
辽宁日报,no_media,2021-06-02 12:25:03,2021-08-04 22:00:04,M->M,unknown,
辽宁日报,no_media,2021-08-04 22:00:04,2022-01-01 12:25:59,M->M,unknown,
辽宁日报,no_media,2022-01-01 12:25:59,2022-04-18 10:35:00,M->M,unknown,
达州发布,no_media,2021-07-29 20:16:45,2022-12-05 10:45:00,M->M,unknown,
达州发布,no_media,2022-12-05 10:45:00,2022-12-09 11:00:03,M->M,unknown,
达州发布,no_media,2022-12-09 11:00:03,2023-01-18 15:30:53,M->M,unknown,
达州发布,no_media,2023-01-18 15:30:53,2023-05-29 12:00:01,M->M,unknown,
达州发布,no_media,2023-05-29 12:00:01,2024-01-25 13:18:55,M->M,unknown,
达州发布,no_media,2024-01-25 13:18:55,2024-01-31 17:03:07,M->M,unknown,
达州发布,no_media,2024-01-31 17:03:07,2024-02-05 11:29:21,M->M,unknown,
还是你们的瓜总呀,no_media,2022-12-15 10:23:00,2022-12-18 12:01:00,M->M,unknown,
远方的诗意生活,no_media,2022-10-19 09:33:00,2022-10-31 10:31:00,H->H,unknown,
连云港日报,no_media,2020-03-05 22:16:42,2020-05-28 09:40:00,M->M,unknown,
连云港日报,no_media,2020-05-28 09:40:00,2020-10-02 10:15:03,M->M,unknown,
连云港日报,no_media,2020-10-02 10:15:03,2021-02-20 15:04:43,M->M,unknown,
连云港日报,no_media,2021-02-20 15:04:43,2021-04-06 21:41:37,M->M,unknown,
连云港日报,no_media,2021-04-06 21:41:37,2021-08-03 15:10:52,M->M,unknown,
连云港日报,no_media,2021-08-03 15:10:52,2022-04-04 15:31:39,M->M,unknown,
连云港日报,no_media,2022-04-04 15:31:39,2022-07-13 15:16:02,M->M,unknown,
连云港日报,no_media,2022-07-13 15:16:02,2022-07-24 11:18:11,M->M,unknown,
连云港日报,no_media,2022-07-24 11:18:11,2022-12-01 21:36:53,M->M,unknown,
连云港日报,no_media,2022-12-01 21:36:53,2022-12-05 06:59:00,M->M,unknown,
连云港日报,no_media,2022-12-05 06:59:00,2022-12-11 11:43:08,M->M,unknown,
连云港日报,no_media,2022-12-11 11:43:08,2022-12-31 10:10:17,M->M,unknown,
连云港日报,no_media,2022-12-31 10:10:17,2023-01-13 23:38:07,M->M,unknown,
遇见干细胞,no_media,2023-02-18 15:09:00,2023-06-21 05:34:00,M->H,unknown,
遇见干细胞,no_media,2023-06-21 05:34:00,2023-06-28 04:49:00,H->M,unknown,
遇见干细胞,no_media,2023-06-28 04:49:00,2023-07-14 13:18:00,M->M,unknown,
邯郸新闻网,no_media,2020-02-22 12:12:38,2020-02-28 11:34:46,M->M,unknown,
邯郸新闻网,no_media,2020-02-28 11:34:46,2020-02-28 16:31:21,M->M,unknown,
邯郸新闻网,no_media,2020-02-28 16:31:21,2020-08-03 17:58:21,M->M,unknown,
邯郸新闻网,no_media,2020-08-03 17:58:21,2020-08-26 16:44:24,M->M,unknown,
邯郸新闻网,no_media,2020-08-26 16:44:24,2021-03-25 15:09:28,M->M,unknown,
邯郸新闻网,no_media,2021-03-25 15:09:28,2021-08-03 16:28:03,M->M,unknown,
邯郸新闻网,no_media,2021-08-03 16:28:03,2021-11-03 09:44:00,M->M,unknown,
邯郸新闻网,no_media,2021-11-03 09:44:00,2022-04-02 00:23:26,M->M,unknown,
邯郸新闻网,no_media,2022-04-02 00:23:26,2022-04-03 09:26:42,M->M,unknown,
邯郸新闻网,no_media,2022-04-03 09:26:42,2022-04-26 20:14:58,M->M,unknown,
邯郸新闻网,no_media,2022-04-26 20:14:58,2022-04-26 20:47:08,M->M,unknown,
邯郸新闻网,no_media,2022-04-26 20:47:08,2022-08-19 00:18:06,M->M,unknown,
邯郸新闻网,no_media,2022-08-19 00:18:06,2022-08-19 10:42:55,M->M,unknown,
邯郸新闻网,no_media,2022-08-19 10:42:55,2022-09-15 09:38:43,M->M,unknown,
邯郸新闻网,no_media,2022-09-15 09:38:43,2022-12-07 09:26:07,M->M,unknown,
邯郸新闻网,no_media,2022-12-07 09:26:07,2022-12-09 18:04:00,M->M,unknown,
邯郸新闻网,no_media,2022-12-09 18:04:00,2022-12-21 15:19:17,M->M,unknown,
邵阳日报,no_media,2020-02-12 10:38:25,2020-02-15 11:03:03,M->M,unknown,
邵阳日报,no_media,2020-02-15 11:03:03,2020-02-20 16:22:58,M->M,unknown,
邵阳日报,no_media,2020-02-20 16:22:58,2020-03-01 17:17:50,M->M,unknown,
邵阳日报,no_media,2020-03-01 17:17:50,2020-03-18 20:26:52,M->M,unknown,
邵阳日报,no_media,2020-03-18 20:26:52,2021-01-08 09:00:55,M->M,unknown,
邵阳日报,no_media,2021-01-08 09:00:55,2021-02-13 09:15:03,M->M,unknown,
邵阳日报,no_media,2021-02-13 09:15:03,2021-03-08 20:33:19,M->M,unknown,
邵阳日报,no_media,2021-03-08 20:33:19,2021-08-03 19:33:03,M->M,unknown,
邵阳日报,no_media,2021-08-03 19:33:03,2022-10-18 11:22:19,M->M,unknown,
邵阳日报,no_media,2022-10-18 11:22:19,2022-10-19 09:33:49,M->M,unknown,
邵阳日报,no_media,2022-10-19 09:33:49,2022-11-08 08:20:10,M->M,unknown,
邹城发布,no_media,2022-09-07 12:12:57,2022-11-21 14:13:57,M->M,unknown,
邹城发布,no_media,2022-11-21 14:13:57,2022-12-08 09:06:43,M->M,unknown,
邹城发布,no_media,2022-12-08 09:06:43,2022-12-08 09:11:59,M->M,unknown,
邹城发布,no_media,2022-12-08 09:11:59,2022-12-09 16:46:49,M->M,unknown,
邹城发布,no_media,2022-12-09 16:46:49,2022-12-09 16:50:13,M->M,unknown,
邹城发布,no_media,2022-12-09 16:50:13,2022-12-16 09:31:26,M->M,unknown,
邹城发布,no_media,2022-12-16 09:31:26,2022-12-18 13:48:52,M->M,unknown,
邹城发布,no_media,2022-12-18 13:48:52,2024-01-17 08:56:30,M->M,unknown,
郑州金庚中医康复医院,no_media,2023-01-04 20:16:00,2023-01-07 21:10:00,M->M,unknown,
郑州铁路,mainstream_only,2020-02-20 08:53:00,2020-02-22 20:08:19,M->M,unknown,
郑州铁路,mainstream_only,2020-02-22 20:08:19,2020-03-18 20:16:44,M->M,unknown,
郑州铁路,mainstream_only,2020-03-18 20:16:44,2020-04-23 15:31:45,M->M,unknown,
郑州铁路,mainstream_only,2020-04-23 15:31:45,2020-05-28 10:58:12,M->M,unknown,
郑州铁路,mainstream_only,2020-05-28 10:58:12,2022-12-06 14:24:26,M->M,unknown,
郑州铁路,mainstream_only,2022-12-06 14:24:26,2022-12-19 10:00:51,M->M,unknown,
都市时报,no_media,2020-02-20 11:30:03,2021-01-22 16:42:36,M->M,unknown,
都市时报,no_media,2021-01-22 16:42:36,2021-02-13 08:16:37,M->M,unknown,
都市时报,no_media,2021-02-13 08:16:37,2022-04-15 22:13:31,M->M,unknown,
都市时报,no_media,2022-04-15 22:13:31,2022-04-17 11:11:26,M->M,unknown,
都市时报,no_media,2022-04-17 11:11:26,2022-04-27 08:22:07,M->M,unknown,
都市时报,no_media,2022-04-27 08:22:07,2022-05-01 10:37:34,M->M,unknown,
都市时报,no_media,2022-05-01 10:37:34,2022-12-30 15:42:41,M->M,unknown,
醉胆孤峰,no_media,2022-11-16 09:55:00,2022-11-25 07:18:00,M->M,unknown,
醉胆孤峰,no_media,2022-11-25 07:18:00,2022-11-26 22:40:00,M->M,unknown,
醉胆孤峰,no_media,2022-11-26 22:40:00,2022-11-28 13:16:00,M->M,unknown,
醉胆孤峰,no_media,2022-11-28 13:16:00,2022-12-03 22:41:00,M->H,unknown,
里奥哟西yaoxi,no_media,2023-10-28 18:10:00,2023-11-01 19:49:00,L->M,unknown,
里奥哟西yaoxi,no_media,2023-11-01 19:49:00,2023-11-14 16:27:00,M->M,unknown,
里奥哟西yaoxi,no_media,2023-11-14 16:27:00,2023-11-15 20:47:00,M->M,unknown,
重庆发布,no_media,2022-12-09 12:51:30,2022-12-15 17:32:51,M->M,unknown,
重庆广电第1眼,no_media,2021-03-31 10:34:01,2022-08-23 16:36:48,M->M,unknown,
重庆广电第1眼,no_media,2022-08-23 16:36:48,2022-08-23 17:50:10,M->M,unknown,
重庆广电第1眼,no_media,2022-08-23 17:50:10,2022-09-01 10:20:47,M->M,unknown,
重庆广电第1眼,no_media,2022-09-01 10:20:47,2022-11-05 09:42:50,M->M,unknown,
重庆广电第1眼,no_media,2022-11-05 09:42:50,2022-11-05 16:42:25,M->M,unknown,
重庆广电第1眼,no_media,2022-11-05 16:42:25,2022-11-14 14:35:42,M->M,unknown,
重庆广电第1眼,no_media,2022-11-14 14:35:42,2022-11-15 08:46:30,M->M,unknown,
重庆广电第1眼,no_media,2022-11-15 08:46:30,2022-11-17 18:01:36,M->M,unknown,
重庆广电第1眼,no_media,2022-11-17 18:01:36,2022-11-19 20:14:00,M->M,unknown,
重庆广电第1眼,no_media,2022-11-19 20:14:00,2022-11-24 08:50:01,M->M,unknown,
重庆广电第1眼,no_media,2022-11-24 08:50:01,2022-11-24 11:10:59,M->M,unknown,
重庆广电第1眼,no_media,2022-11-24 11:10:59,2022-11-25 09:24:38,M->M,unknown,
重庆广电第1眼,no_media,2022-11-25 09:24:38,2022-11-26 09:13:52,M->M,unknown,
重庆广电第1眼,no_media,2022-11-26 09:13:52,2022-11-27 22:14:33,M->M,unknown,
重庆广电第1眼,no_media,2022-11-27 22:14:33,2022-11-28 09:30:00,M->M,unknown,
重庆广电第1眼,no_media,2022-11-28 09:30:00,2022-11-28 11:10:01,M->M,unknown,
重庆广电第1眼,no_media,2022-11-28 11:10:01,2024-01-04 14:07:29,M->M,unknown,
重庆日报,no_media,2023-11-25 16:51:33,2024-01-14 15:12:28,M->M,unknown,
重庆江北发布,no_media,2020-02-18 21:55:11,2020-03-19 20:37:38,M->M,unknown,
重庆江北发布,no_media,2020-03-19 20:37:38,2020-03-20 21:11:13,M->M,unknown,
重庆江北发布,no_media,2020-03-20 21:11:13,2020-03-28 20:36:03,M->M,unknown,
重庆江北发布,no_media,2020-03-28 20:36:03,2020-04-29 09:04:23,M->M,unknown,
重庆青年报,no_media,2021-04-09 15:40:37,2022-08-29 19:51:42,M->M,unknown,
重庆青年报,no_media,2022-08-29 19:51:42,2022-08-30 17:24:27,M->M,unknown,
重庆青年报,no_media,2022-08-30 17:24:27,2022-10-30 20:10:10,M->M,unknown,
重庆青年报,no_media,2022-10-30 20:10:10,2022-11-18 19:14:28,M->M,unknown,
重庆青年报,no_media,2022-11-18 19:14:28,2022-11-25 10:12:55,M->M,unknown,
重庆青年报,no_media,2022-11-25 10:12:55,2022-11-27 23:13:12,M->M,unknown,
重庆青年报,no_media,2022-11-27 23:13:12,2022-12-15 16:31:57,M->M,unknown,
重庆青年报,no_media,2022-12-15 16:31:57,2023-01-18 15:21:01,M->M,unknown,
重庆青年报,no_media,2023-01-18 15:21:01,2023-01-19 13:29:14,M->M,unknown,
野生小笼包_壮实麻麻版,no_media,2023-01-06 11:05:00,2023-02-01 11:27:00,L->H,unknown,
金华发布,no_media,2018-11-28 20:03:09,2020-04-21 13:49:03,M->M,unknown,
金斯瑞,no_media,2023-04-07 12:00:00,2023-08-22 17:30:00,M->M,unknown,
金湖法院,no_media,2022-12-19 10:14:52,2022-12-24 18:59:42,M->M,unknown,
金湖法院,no_media,2022-12-24 18:59:42,2023-01-03 08:43:37,M->M,unknown,
金湖法院,no_media,2023-01-03 08:43:37,2023-01-04 11:19:16,M->M,unknown,
金湖法院,no_media,2023-01-04 11:19:16,2023-01-18 15:56:58,M->M,unknown,
金蝴蝶探索者杨永兴,no_media,2022-03-31 22:54:00,2022-04-26 00:54:00,M->M,unknown,
针不戳先森,wemedia_only,2023-03-15 12:51:00,2023-06-14 20:39:00,L->H,risk,1.0
针不戳先森,wemedia_only,2023-06-14 20:39:00,2023-06-15 20:39:00,H->M,risk,1.0
钉子1666,no_media,2023-06-19 10:24:00,2023-06-19 11:40:00,M->H,unknown,
钉子1666,no_media,2023-06-19 11:40:00,2023-06-21 11:21:00,H->M,unknown,
铜川发布,no_media,2021-01-08 15:48:13,2023-02-28 10:51:15,M->M,unknown,
铜川发布,no_media,2023-02-28 10:51:15,2024-04-28 17:20:29,M->M,unknown,
银川新闻网,no_media,2020-03-25 09:54:55,2020-04-04 15:47:29,M->M,unknown,
银川新闻网,no_media,2020-04-04 15:47:29,2020-04-29 20:44:16,M->M,unknown,
银川新闻网,no_media,2020-04-29 20:44:16,2020-04-30 10:54:32,M->M,unknown,
银川新闻网,no_media,2020-04-30 10:54:32,2021-09-05 08:27:29,M->M,unknown,
银川新闻网,no_media,2021-09-05 08:27:29,2021-09-16 09:19:39,M->M,unknown,
银川新闻网,no_media,2021-09-16 09:19:39,2021-10-26 10:17:52,M->M,unknown,
银川新闻网,no_media,2021-10-26 10:17:52,2021-11-14 16:33:11,M->M,unknown,
银川新闻网,no_media,2021-11-14 16:33:11,2021-11-26 09:06:22,M->M,unknown,
银川新闻网,no_media,2021-11-26 09:06:22,2021-12-16 16:42:25,M->M,unknown,
银川新闻网,no_media,2021-12-16 16:42:25,2021-12-21 23:16:38,M->M,unknown,
银川新闻网,no_media,2021-12-21 23:16:38,2022-02-11 22:11:14,M->M,unknown,
银川新闻网,no_media,2022-02-11 22:11:14,2022-03-09 16:17:01,M->M,unknown,
银川新闻网,no_media,2022-03-09 16:17:01,2022-03-11 14:59:17,M->M,unknown,
银川新闻网,no_media,2022-03-11 14:59:17,2022-05-24 09:37:59,M->M,unknown,
银川新闻网,no_media,2022-05-24 09:37:59,2022-09-11 09:56:32,M->M,unknown,
银川新闻网,no_media,2022-09-11 09:56:32,2022-12-16 21:40:52,M->M,unknown,
银川新闻网,no_media,2022-12-16 21:40:52,2022-12-19 17:14:45,M->M,unknown,
银川新闻网,no_media,2022-12-19 17:14:45,2022-12-22 22:31:27,M->M,unknown,
银川新闻网,no_media,2022-12-22 22:31:27,2022-12-23 09:07:57,M->M,unknown,
锦艺·忆灵练琴了吗,no_media,2023-09-10 19:11:00,2023-09-12 07:53:00,H->L,unknown,
锦观新闻,no_media,2023-10-01 15:27:41,2024-01-26 08:34:53,M->M,unknown,
锦观新闻,no_media,2024-01-26 08:34:53,2024-03-17 18:05:45,M->M,unknown,
长安号官微,no_media,2019-01-07 23:24:48,2020-02-15 08:16:23,M->M,unknown,
长安号官微,no_media,2020-02-15 08:16:23,2020-02-19 18:26:41,M->M,unknown,
长安号官微,no_media,2020-02-19 18:26:41,2020-02-23 17:58:22,M->M,unknown,
长安号官微,no_media,2020-02-23 17:58:22,2020-02-27 11:05:05,M->M,unknown,
长安号官微,no_media,2020-02-27 11:05:05,2020-03-05 15:18:20,M->M,unknown,
长安号官微,no_media,2020-03-05 15:18:20,2020-03-19 16:47:45,M->M,unknown,
长安号官微,no_media,2020-03-19 16:47:45,2020-03-22 23:10:51,M->M,unknown,
长安号官微,no_media,2020-03-22 23:10:51,2020-03-24 20:36:27,M->M,unknown,
长安号官微,no_media,2020-03-24 20:36:27,2020-03-27 17:02:21,M->M,unknown,
长安街知事,no_media,2017-01-07 16:10:01,2022-04-24 08:06:29,M->M,unknown,
长安街知事,no_media,2022-04-24 08:06:29,2022-04-25 08:09:32,M->M,unknown,
长安街知事,no_media,2022-04-25 08:09:32,2022-04-27 08:08:20,M->M,unknown,
长安街知事,no_media,2022-04-27 08:08:20,2022-05-03 07:59:40,M->M,unknown,
长安街知事,no_media,2022-05-03 07:59:40,2022-05-04 08:08:25,M->M,unknown,
长安街知事,no_media,2022-05-04 08:08:25,2022-05-07 08:04:37,M->M,unknown,
长安街知事,no_media,2022-05-07 08:04:37,2022-05-15 07:46:51,M->M,unknown,
长安街知事,no_media,2022-05-15 07:46:51,2022-12-07 13:55:47,M->M,unknown,
长安街知事,no_media,2022-12-07 13:55:47,2022-12-11 11:57:57,M->M,unknown,
长安街知事,no_media,2022-12-11 11:57:57,2022-12-18 11:34:51,M->M,unknown,
长安街知事,no_media,2022-12-18 11:34:51,2022-12-27 16:43:52,M->M,unknown,
长安街知事,no_media,2022-12-27 16:43:52,2023-12-09 20:24:38,M->M,unknown,
长江云官方微博,no_media,2020-01-25 08:42:37,2020-02-16 13:47:55,M->M,unknown,
长江云官方微博,no_media,2020-02-16 13:47:55,2020-02-17 09:40:21,M->M,unknown,
长江云官方微博,no_media,2020-02-17 09:40:21,2020-02-20 09:16:23,M->M,unknown,
长江云官方微博,no_media,2020-02-20 09:16:23,2020-02-23 09:40:08,M->M,unknown,
长江云官方微博,no_media,2020-02-23 09:40:08,2020-03-03 17:27:21,M->M,unknown,
长江云官方微博,no_media,2020-03-03 17:27:21,2020-03-24 23:22:47,M->M,unknown,
长江云官方微博,no_media,2020-03-24 23:22:47,2020-04-15 08:11:38,M->M,unknown,
长江云官方微博,no_media,2020-04-15 08:11:38,2020-06-12 08:43:21,M->M,unknown,
长江云官方微博,no_media,2020-06-12 08:43:21,2021-02-20 15:22:01,M->M,unknown,
长江云官方微博,no_media,2021-02-20 15:22:01,2021-08-10 18:12:50,M->M,unknown,
长江云官方微博,no_media,2021-08-10 18:12:50,2021-08-11 17:48:44,M->M,unknown,
长江云官方微博,no_media,2021-08-11 17:48:44,2022-01-02 22:21:56,M->M,unknown,
长江云官方微博,no_media,2022-01-02 22:21:56,2022-02-24 15:45:47,M->M,unknown,
长江云官方微博,no_media,2022-02-24 15:45:47,2022-10-01 21:17:19,M->M,unknown,
长江云官方微博,no_media,2022-10-01 21:17:19,2022-11-27 16:49:03,M->M,unknown,
长江云官方微博,no_media,2022-11-27 16:49:03,2022-12-06 09:03:24,M->M,unknown,
长江云官方微博,no_media,2022-12-06 09:03:24,2022-12-07 10:29:34,M->M,unknown,
长江云官方微博,no_media,2022-12-07 10:29:34,2022-12-12 21:44:55,M->M,unknown,
长江云新闻,no_media,2020-03-01 11:51:02,2020-03-10 07:31:03,M->M,unknown,
长江云新闻,no_media,2020-03-10 07:31:03,2020-03-13 22:50:03,M->M,unknown,
长江云新闻,no_media,2020-03-13 22:50:03,2020-04-02 15:30:04,M->M,unknown,
长江云新闻,no_media,2020-04-02 15:30:04,2021-04-16 22:01:03,M->M,unknown,
长江云新闻,no_media,2021-04-16 22:01:03,2021-04-17 09:45:03,M->M,unknown,
长江云新闻,no_media,2021-04-17 09:45:03,2022-01-02 22:27:49,M->M,unknown,
长江云新闻,no_media,2022-01-02 22:27:49,2022-01-08 18:15:00,M->M,unknown,
长江云新闻,no_media,2022-01-08 18:15:00,2023-05-18 08:45:00,M->M,unknown,
长江云新闻,no_media,2023-05-18 08:45:00,2023-05-29 16:35:00,M->M,unknown,
长江云新闻,no_media,2023-05-29 16:35:00,2023-10-12 09:12:28,M->M,unknown,
长江云新闻,no_media,2023-10-12 09:12:28,2023-11-11 09:42:00,M->M,unknown,
长江云新闻,no_media,2023-11-11 09:42:00,2024-08-17 16:49:31,M->M,unknown,
长江日报,no_media,2020-02-21 12:52:59,2020-07-26 14:58:15,M->M,unknown,
长江日报,no_media,2020-07-26 14:58:15,2022-12-24 16:15:01,M->M,unknown,
长江网_留言板,no_media,2020-02-16 23:50:19,2020-02-18 09:06:56,M->M,unknown,
长江网_留言板,no_media,2020-02-18 09:06:56,2020-02-18 23:57:45,M->M,unknown,
长江网_留言板,no_media,2020-02-18 23:57:45,2020-02-20 11:54:39,M->M,unknown,
长江网_留言板,no_media,2020-02-20 11:54:39,2020-02-21 13:27:27,M->M,unknown,
长江网_留言板,no_media,2020-02-21 13:27:27,2020-02-23 10:39:11,M->M,unknown,
长江网_留言板,no_media,2020-02-23 10:39:11,2020-02-23 16:15:20,M->M,unknown,
长江网_留言板,no_media,2020-02-23 16:15:20,2020-02-24 02:11:19,M->M,unknown,
长江网_留言板,no_media,2020-02-24 02:11:19,2020-02-24 08:01:18,M->M,unknown,
长江网_留言板,no_media,2020-02-24 08:01:18,2020-02-29 00:26:48,M->M,unknown,
长江网_留言板,no_media,2020-02-29 00:26:48,2020-03-07 12:10:43,M->M,unknown,
长江网_留言板,no_media,2020-03-07 12:10:43,2020-03-13 10:02:29,M->M,unknown,
长江网_留言板,no_media,2020-03-13 10:02:29,2020-03-15 18:45:08,M->M,unknown,
长江网_留言板,no_media,2020-03-15 18:45:08,2020-03-24 23:06:51,M->M,unknown,
长江网_留言板,no_media,2020-03-24 23:06:51,2020-03-26 22:49:59,M->M,unknown,
长江网_留言板,no_media,2020-03-26 22:49:59,2020-03-30 19:11:15,M->M,unknown,
长江网_留言板,no_media,2020-03-30 19:11:15,2021-08-11 19:17:50,M->M,unknown,
长江网_留言板,no_media,2021-08-11 19:17:50,2021-08-13 19:01:15,M->M,unknown,
长江网_留言板,no_media,2021-08-13 19:01:15,2022-03-17 10:43:42,M->M,unknown,
长江网_留言板,no_media,2022-03-17 10:43:42,2022-03-31 19:59:53,M->M,unknown,
长沙晚报,no_media,2020-02-20 09:17:09,2020-02-21 15:29:18,M->M,unknown,
长沙晚报,no_media,2020-02-21 15:29:18,2021-08-03 20:10:04,M->M,unknown,
长沙晚报,no_media,2021-08-03 20:10:04,2021-10-29 16:27:31,M->M,unknown,
长沙晚报,no_media,2021-10-29 16:27:31,2021-11-25 13:30:00,M->M,unknown,
长沙晚报,no_media,2021-11-25 13:30:00,2022-03-30 14:55:01,M->M,unknown,
长沙晚报,no_media,2022-03-30 14:55:01,2022-05-05 08:46:16,M->M,unknown,
长沙晚报,no_media,2022-05-05 08:46:16,2022-05-09 19:47:18,M->M,unknown,
长沙晚报,no_media,2022-05-09 19:47:18,2022-05-13 20:58:41,M->M,unknown,
长沙晚报,no_media,2022-05-13 20:58:41,2022-07-14 15:37:43,M->M,unknown,
长沙晚报,no_media,2022-07-14 15:37:43,2022-10-09 12:10:38,M->M,unknown,
长沙晚报,no_media,2022-10-09 12:10:38,2022-11-06 08:20:16,M->M,unknown,
长沙晚报,no_media,2022-11-06 08:20:16,2022-11-13 20:20:00,M->M,unknown,
长沙晚报,no_media,2022-11-13 20:20:00,2022-12-07 13:31:55,M->M,unknown,
长沙晚报,no_media,2022-12-07 13:31:55,2022-12-08 19:14:23,M->M,unknown,
长沙晚报,no_media,2022-12-08 19:14:23,2022-12-09 18:45:00,M->M,unknown,
长沙晚报,no_media,2022-12-09 18:45:00,2022-12-15 18:02:15,M->M,unknown,
长沙晚报,no_media,2022-12-15 18:02:15,2022-12-31 21:08:08,M->M,unknown,
长沙晚报,no_media,2022-12-31 21:08:08,2023-01-15 21:30:03,M->M,unknown,
长治政法,no_media,2021-08-30 17:03:18,2021-09-16 15:51:20,M->M,unknown,
长治政法,no_media,2021-09-16 15:51:20,2021-09-19 18:44:59,M->M,unknown,
长治政法,no_media,2021-09-19 18:44:59,2022-05-01 08:55:33,M->M,unknown,
长治政法,no_media,2022-05-01 08:55:33,2022-08-22 10:38:26,M->M,unknown,
长治政法,no_media,2022-08-22 10:38:26,2022-10-14 13:37:35,M->M,unknown,
长治政法,no_media,2022-10-14 13:37:35,2022-12-07 10:46:26,M->M,unknown,
长治政法,no_media,2022-12-07 10:46:26,2022-12-15 17:47:58,M->M,unknown,
长治政法,no_media,2022-12-15 17:47:58,2022-12-15 17:49:36,M->M,unknown,
长治政法,no_media,2022-12-15 17:49:36,2023-01-03 09:53:10,M->M,unknown,
闪电新闻,no_media,2020-02-10 10:45:38,2020-02-22 13:07:48,M->M,unknown,
闪电新闻,no_media,2020-02-22 13:07:48,2020-02-23 15:57:42,M->M,unknown,
闪电新闻,no_media,2020-02-23 15:57:42,2020-02-25 09:31:44,M->M,unknown,
闪电新闻,no_media,2020-02-25 09:31:44,2020-03-01 10:53:01,M->M,unknown,
闪电新闻,no_media,2020-03-01 10:53:01,2020-03-05 21:09:00,M->M,unknown,
闪电新闻,no_media,2020-03-05 21:09:00,2020-03-25 20:48:13,M->M,unknown,
闪电新闻,no_media,2020-03-25 20:48:13,2020-09-28 23:21:16,M->M,unknown,
闪电新闻,no_media,2020-09-28 23:21:16,2021-01-14 14:58:18,M->M,unknown,
闪电新闻,no_media,2021-01-14 14:58:18,2021-04-03 15:38:43,M->M,unknown,
闪电新闻,no_media,2021-04-03 15:38:43,2021-04-10 13:43:04,M->M,unknown,
闪电新闻,no_media,2021-04-10 13:43:04,2021-07-31 08:51:02,M->M,unknown,
闪电新闻,no_media,2021-07-31 08:51:02,2021-08-05 16:24:09,M->M,unknown,
闪电新闻,no_media,2021-08-05 16:24:09,2021-10-12 11:15:16,M->M,unknown,
闪电新闻,no_media,2021-10-12 11:15:16,2021-12-03 15:00:52,M->M,unknown,
闪电新闻,no_media,2021-12-03 15:00:52,2022-01-05 10:10:32,M->M,unknown,
闪电新闻,no_media,2022-01-05 10:10:32,2023-06-18 11:13:55,M->M,unknown,
闪电新闻,no_media,2023-06-18 11:13:55,2024-02-23 09:55:01,M->M,unknown,
阜阳新闻综合频道,no_media,2021-12-03 10:33:18,2022-01-01 09:40:12,M->M,unknown,
阜阳新闻综合频道,no_media,2022-01-01 09:40:12,2022-04-24 08:14:02,M->M,unknown,
阜阳新闻综合频道,no_media,2022-04-24 08:14:02,2022-04-25 08:16:02,M->M,unknown,
阜阳新闻综合频道,no_media,2022-04-25 08:16:02,2022-04-26 08:38:49,M->M,unknown,
阜阳新闻综合频道,no_media,2022-04-26 08:38:49,2022-04-28 08:18:13,M->M,unknown,
阜阳新闻综合频道,no_media,2022-04-28 08:18:13,2022-05-05 08:20:26,M->M,unknown,
阜阳新闻综合频道,no_media,2022-05-05 08:20:26,2022-05-06 08:48:23,M->M,unknown,
阜阳新闻综合频道,no_media,2022-05-06 08:48:23,2022-05-07 08:15:09,M->M,unknown,
阜阳新闻综合频道,no_media,2022-05-07 08:15:09,2022-05-11 08:36:45,M->M,unknown,
阜阳新闻综合频道,no_media,2022-05-11 08:36:45,2022-05-12 08:34:04,M->M,unknown,
阜阳新闻综合频道,no_media,2022-05-12 08:34:04,2022-05-18 09:01:27,M->M,unknown,
阜阳新闻综合频道,no_media,2022-05-18 09:01:27,2022-05-24 09:00:52,M->M,unknown,
阜阳新闻综合频道,no_media,2022-05-24 09:00:52,2022-11-04 12:23:46,M->M,unknown,
阜阳新闻综合频道,no_media,2022-11-04 12:23:46,2022-12-01 15:08:33,M->M,unknown,
阜阳新闻综合频道,no_media,2022-12-01 15:08:33,2022-12-07 10:57:43,M->M,unknown,
阜阳新闻综合频道,no_media,2022-12-07 10:57:43,2022-12-07 14:17:37,M->M,unknown,
阳泉日报--阳泉新闻网,no_media,2020-02-20 15:30:00,2020-03-07 18:00:03,M->M,unknown,
阳泉日报--阳泉新闻网,no_media,2020-03-07 18:00:03,2020-03-18 17:49:49,M->M,unknown,
阳泉日报--阳泉新闻网,no_media,2020-03-18 17:49:49,2020-04-23 18:00:07,M->M,unknown,
阳泉日报--阳泉新闻网,no_media,2020-04-23 18:00:07,2020-04-27 19:00:05,M->M,unknown,
阳泉日报--阳泉新闻网,no_media,2020-04-27 19:00:05,2021-01-08 15:30:04,M->M,unknown,
阳泉日报--阳泉新闻网,no_media,2021-01-08 15:30:04,2021-01-15 11:30:03,M->M,unknown,
阳泉日报--阳泉新闻网,no_media,2021-01-15 11:30:03,2021-02-20 16:22:34,M->M,unknown,
阳泉日报--阳泉新闻网,no_media,2021-02-20 16:22:34,2021-03-16 15:30:03,M->M,unknown,
阳泉日报--阳泉新闻网,no_media,2021-03-16 15:30:03,2021-04-07 09:30:03,M->M,unknown,
阳泉日报--阳泉新闻网,no_media,2021-04-07 09:30:03,2021-07-26 15:30:03,M->M,unknown,
阳泉日报--阳泉新闻网,no_media,2021-07-26 15:30:03,2021-10-28 19:30:03,M->M,unknown,
阳泉日报--阳泉新闻网,no_media,2021-10-28 19:30:03,2022-04-20 17:30:05,M->M,unknown,
阳泉日报--阳泉新闻网,no_media,2022-04-20 17:30:05,2022-04-26 11:30:03,M->M,unknown,
阳泉日报--阳泉新闻网,no_media,2022-04-26 11:30:03,2022-05-18 10:00:02,M->M,unknown,
阳泉日报--阳泉新闻网,no_media,2022-05-18 10:00:02,2022-11-20 09:30:03,M->M,unknown,
阳泉日报--阳泉新闻网,no_media,2022-11-20 09:30:03,2022-12-09 10:31:03,M->M,unknown,
阳泉日报--阳泉新闻网,no_media,2022-12-09 10:31:03,2022-12-09 18:30:02,M->M,unknown,
阳泉日报--阳泉新闻网,no_media,2022-12-09 18:30:02,2022-12-14 14:30:02,M->M,unknown,
阳泉日报--阳泉新闻网,no_media,2022-12-14 14:30:02,2022-12-16 10:00:00,M->M,unknown,
阳泉日报--阳泉新闻网,no_media,2022-12-16 10:00:00,2023-01-19 10:30:04,M->M,unknown,
阳泉日报--阳泉新闻网,no_media,2023-01-19 10:30:04,2023-03-01 09:16:01,M->M,unknown,
阿司匹林42195米,no_media,2022-09-28 08:24:00,2022-10-11 05:07:00,M->M,unknown,
阿张你别跑啊药物临床试验招募,no_media,2023-10-12 15:14:00,2023-12-13 17:15:00,M->M,unknown,
阿正时光,dual,2022-04-06 11:41:00,2022-04-15 08:57:00,M->M,unknown,
阿龙哥BLOG,wemedia_only,2022-03-14 16:47:00,2022-09-26 08:00:00,M->M,norisk,0.0
陆梦羽-小豆蔻健康科技,no_media,2022-03-13 12:27:00,2022-03-13 14:55:00,M->M,unknown,
陇东报,no_media,2020-04-25 19:44:48,2020-04-27 21:50:19,M->M,unknown,
陇东报,no_media,2020-04-27 21:50:19,2020-09-04 17:07:14,M->M,unknown,
陇东报,no_media,2020-09-04 17:07:14,2020-12-30 17:02:45,M->M,unknown,
陇东报,no_media,2020-12-30 17:02:45,2021-03-26 17:31:50,M->M,unknown,
陇东报,no_media,2021-03-26 17:31:50,2022-07-11 08:29:25,M->M,unknown,
陇东报,no_media,2022-07-11 08:29:25,2022-12-09 10:42:17,M->M,unknown,
陇南发布,no_media,2020-02-08 08:48:28,2020-02-13 23:44:16,M->M,unknown,
陇南发布,no_media,2020-02-13 23:44:16,2020-02-16 17:24:57,M->M,unknown,
陇南发布,no_media,2020-02-16 17:24:57,2020-02-20 08:09:37,M->M,unknown,
陇南发布,no_media,2020-02-20 08:09:37,2020-03-07 13:48:53,M->M,unknown,
陇南发布,no_media,2020-03-07 13:48:53,2020-03-18 23:07:53,M->M,unknown,
陇南发布,no_media,2020-03-18 23:07:53,2020-03-18 23:08:39,M->M,unknown,
陇南发布,no_media,2020-03-18 23:08:39,2020-03-26 15:51:13,M->M,unknown,
陇南发布,no_media,2020-03-26 15:51:13,2020-04-02 10:57:58,M->M,unknown,
陇南发布,no_media,2020-04-02 10:57:58,2020-04-16 13:03:32,M->M,unknown,
陇南发布,no_media,2020-04-16 13:03:32,2020-04-21 16:41:49,M->M,unknown,
陇南发布,no_media,2020-04-21 16:41:49,2020-04-23 21:40:28,M->M,unknown,
陇南发布,no_media,2020-04-23 21:40:28,2020-05-28 09:35:44,M->M,unknown,
陇南发布,no_media,2020-05-28 09:35:44,2020-06-22 09:35:50,M->M,unknown,
陇南发布,no_media,2020-06-22 09:35:50,2020-07-28 20:45:34,M->M,unknown,
陇南发布,no_media,2020-07-28 20:45:34,2020-11-25 09:52:05,M->M,unknown,
陇南发布,no_media,2020-11-25 09:52:05,2020-12-24 10:48:12,M->M,unknown,
陇南发布,no_media,2020-12-24 10:48:12,2021-04-09 22:48:02,M->M,unknown,
陇南发布,no_media,2021-04-09 22:48:02,2021-08-19 10:00:33,M->M,unknown,
陇南发布,no_media,2021-08-19 10:00:33,2021-11-25 13:59:58,M->M,unknown,
陇南发布,no_media,2021-11-25 13:59:58,2022-05-20 15:52:21,M->M,unknown,
陇南发布,no_media,2022-05-20 15:52:21,2022-12-09 10:45:42,M->M,unknown,
陇南发布,no_media,2022-12-09 10:45:42,2022-12-15 17:45:46,M->M,unknown,
陇南发布,no_media,2022-12-15 17:45:46,2023-01-09 18:43:04,M->M,unknown,
陇南康县发布,no_media,2020-04-14 23:00:23,2020-04-16 09:46:40,M->M,unknown,
陇南康县发布,no_media,2020-04-16 09:46:40,2020-04-23 15:57:23,M->M,unknown,
陇南康县发布,no_media,2020-04-23 15:57:23,2020-12-24 10:05:31,M->M,unknown,
陇南康县发布,no_media,2020-12-24 10:05:31,2021-04-13 11:04:57,M->M,unknown,
陇南徽县信访,no_media,2023-01-03 19:32:45,2023-01-09 19:50:46,M->M,unknown,
陇南徽县发布,no_media,2021-10-28 22:06:36,2022-11-18 15:13:28,M->M,unknown,
陇南徽县发布,no_media,2022-11-18 15:13:28,2022-12-07 21:42:03,M->M,unknown,
陇南徽县发布,no_media,2022-12-07 21:42:03,2022-12-11 10:40:10,M->M,unknown,
陇南徽县发布,no_media,2022-12-11 10:40:10,2022-12-16 09:25:44,M->M,unknown,
陇南徽县发布,no_media,2022-12-16 09:25:44,2023-01-02 17:38:50,M->M,unknown,
陇南成县发布,no_media,2021-10-24 10:57:49,2022-04-18 10:26:02,M->M,unknown,
陇南成县发布,no_media,2022-04-18 10:26:02,2022-05-20 18:48:04,M->M,unknown,
陇南成县发布,no_media,2022-05-20 18:48:04,2022-12-07 13:10:51,M->M,unknown,
陇南成县发布,no_media,2022-12-07 13:10:51,2022-12-07 20:15:20,M->M,unknown,
陇南成县发布,no_media,2022-12-07 20:15:20,2022-12-08 19:01:32,M->M,unknown,
陇南成县发布,no_media,2022-12-08 19:01:32,2022-12-15 19:24:20,M->M,unknown,
陇南成县发布,no_media,2022-12-15 19:24:20,2022-12-18 13:24:17,M->M,unknown,
陇南成县发布,no_media,2022-12-18 13:24:17,2022-12-18 15:54:41,M->M,unknown,
陇南成县发布,no_media,2022-12-18 15:54:41,2022-12-18 18:59:34,M->M,unknown,
陇南成县发布,no_media,2022-12-18 18:59:34,2022-12-29 16:05:10,M->M,unknown,
陇南文县发布,no_media,2022-04-19 09:44:02,2022-12-07 17:23:55,M->M,unknown,
陇南文县发布,no_media,2022-12-07 17:23:55,2022-12-17 15:44:54,M->M,unknown,
陇南文县发布,no_media,2022-12-17 15:44:54,2023-01-18 17:57:15,M->M,unknown,
陇南文县发布,no_media,2023-01-18 17:57:15,2023-12-23 14:57:26,M->M,unknown,
陇南日报社,no_media,2020-02-08 08:45:05,2020-03-14 18:31:21,M->M,unknown,
陇南日报社,no_media,2020-03-14 18:31:21,2020-05-28 08:57:37,M->M,unknown,
陇南日报社,no_media,2020-05-28 08:57:37,2020-11-12 21:55:59,M->M,unknown,
陇南日报社,no_media,2020-11-12 21:55:59,2020-12-25 23:04:13,M->M,unknown,
陇南日报社,no_media,2020-12-25 23:04:13,2021-01-07 21:53:19,M->M,unknown,
陇南武都社保局,no_media,2021-11-26 09:31:49,2022-12-08 10:35:43,M->M,unknown,
陇南礼县发布,no_media,2020-01-24 08:02:40,2020-02-08 10:46:17,M->M,unknown,
陇南礼县发布,no_media,2020-02-08 10:46:17,2020-02-15 00:13:00,M->M,unknown,
陇南礼县发布,no_media,2020-02-15 00:13:00,2020-02-16 19:15:18,M->M,unknown,
陇南礼县发布,no_media,2020-02-16 19:15:18,2020-02-17 11:42:36,M->M,unknown,
陇南礼县发布,no_media,2020-02-17 11:42:36,2020-02-19 11:53:16,M->M,unknown,
陇南礼县发布,no_media,2020-02-19 11:53:16,2020-03-05 09:39:10,M->M,unknown,
陇南礼县发布,no_media,2020-03-05 09:39:10,2020-03-05 18:18:17,M->M,unknown,
陇南礼县发布,no_media,2020-03-05 18:18:17,2020-03-18 17:31:36,M->M,unknown,
陇南礼县发布,no_media,2020-03-18 17:31:36,2020-05-28 10:43:23,M->M,unknown,
陇南礼县发布,no_media,2020-05-28 10:43:23,2020-07-31 11:16:55,M->M,unknown,
陇南礼县发布,no_media,2020-07-31 11:16:55,2020-11-25 09:56:37,M->M,unknown,
陇南礼县发布,no_media,2020-11-25 09:56:37,2020-12-31 15:46:59,M->M,unknown,
陇南礼县发布,no_media,2020-12-31 15:46:59,2021-04-07 17:26:02,M->M,unknown,
陇南礼县发布,no_media,2021-04-07 17:26:02,2021-07-27 17:02:18,M->M,unknown,
陇南礼县发布,no_media,2021-07-27 17:02:18,2021-08-09 18:20:44,M->M,unknown,
陇南礼县发布,no_media,2021-08-09 18:20:44,2022-11-26 15:41:23,M->M,unknown,
陇南礼县发布,no_media,2022-11-26 15:41:23,2022-12-05 00:18:37,M->M,unknown,
陇南礼县发布,no_media,2022-12-05 00:18:37,2022-12-07 17:16:01,M->M,unknown,
陇南礼县发布,no_media,2022-12-07 17:16:01,2022-12-07 17:23:58,M->M,unknown,
陇南礼县发布,no_media,2022-12-07 17:23:58,2022-12-07 20:25:14,M->M,unknown,
陇南礼县发布,no_media,2022-12-07 20:25:14,2022-12-07 22:45:48,M->M,unknown,
陇南礼县发布,no_media,2022-12-07 22:45:48,2022-12-08 18:53:25,M->M,unknown,
陇南礼县发布,no_media,2022-12-08 18:53:25,2022-12-08 19:20:52,M->M,unknown,
陇南礼县发布,no_media,2022-12-08 19:20:52,2022-12-09 09:42:13,M->M,unknown,
陇南礼县发布,no_media,2022-12-09 09:42:13,2022-12-15 18:49:50,M->M,unknown,
陇南西和团委,no_media,2017-10-01 14:28:10,2022-12-04 00:03:47,M->M,unknown,
陇南西和团委,no_media,2022-12-04 00:03:47,2022-12-05 01:37:03,M->M,unknown,
陇南西和团委,no_media,2022-12-05 01:37:03,2022-12-05 01:44:35,M->M,unknown,
陇南西和团委,no_media,2022-12-05 01:44:35,2022-12-07 16:37:19,M->M,unknown,
陇南西和团委,no_media,2022-12-07 16:37:19,2022-12-09 22:14:58,M->M,unknown,
陇南西和团委,no_media,2022-12-09 22:14:58,2023-01-02 16:41:50,M->M,unknown,
陇南西和团委,no_media,2023-01-02 16:41:50,2023-01-02 16:46:31,M->M,unknown,
陈然注册营养师,no_media,2020-09-12 08:48:18,2021-01-03 12:25:21,M->M,unknown,
陈然注册营养师,no_media,2021-01-03 12:25:21,2021-11-27 10:55:21,M->M,unknown,
陈然注册营养师,no_media,2021-11-27 10:55:21,2021-12-26 10:40:17,M->M,unknown,
陈然注册营养师,no_media,2021-12-26 10:40:17,2022-11-14 23:11:36,M->M,unknown,
陈然注册营养师,no_media,2022-11-14 23:11:36,2022-12-10 13:16:01,M->H,unknown,
陕西农村网,no_media,2021-03-23 14:43:34,2021-11-03 10:59:27,M->M,unknown,
陕西农村网,no_media,2021-11-03 10:59:27,2021-12-22 16:49:50,M->M,unknown,
陕西农村网,no_media,2021-12-22 16:49:50,2022-01-05 18:08:54,M->M,unknown,
陕西农村网,no_media,2022-01-05 18:08:54,2022-01-06 18:11:03,M->M,unknown,
陕西农村网,no_media,2022-01-06 18:11:03,2022-01-07 18:33:58,M->M,unknown,
陕西农村网,no_media,2022-01-07 18:33:58,2022-01-07 18:34:37,M->M,unknown,
陕西农村网,no_media,2022-01-07 18:34:37,2022-01-07 18:35:23,M->M,unknown,
陕西农村网,no_media,2022-01-07 18:35:23,2022-02-10 09:36:45,M->M,unknown,
陕西农村网,no_media,2022-02-10 09:36:45,2022-11-29 17:53:01,M->M,unknown,
陕西农村网,no_media,2022-11-29 17:53:01,2022-12-07 21:33:48,M->M,unknown,
陕西农村网,no_media,2022-12-07 21:33:48,2022-12-07 21:36:41,M->M,unknown,
陕西农村网,no_media,2022-12-07 21:36:41,2022-12-09 10:42:19,M->M,unknown,
陕西农村网,no_media,2022-12-09 10:42:19,2022-12-09 10:43:11,M->M,unknown,
陕西农村网,no_media,2022-12-09 10:43:11,2022-12-09 10:43:40,M->M,unknown,
陕西农村网,no_media,2022-12-09 10:43:40,2022-12-09 11:22:55,M->M,unknown,
陕西农村网,no_media,2022-12-09 11:22:55,2022-12-09 21:39:54,M->M,unknown,
陕西农村网,no_media,2022-12-09 21:39:54,2022-12-09 21:40:28,M->M,unknown,
陕西农村网,no_media,2022-12-09 21:40:28,2022-12-16 10:10:26,M->M,unknown,
陕西农村网,no_media,2022-12-16 10:10:26,2023-01-09 22:07:50,M->M,unknown,
陕西农村网,no_media,2023-01-09 22:07:50,2023-01-18 22:21:59,M->M,unknown,
陕西农村网,no_media,2023-01-18 22:21:59,2023-02-28 17:49:27,M->M,unknown,
陕西发布,no_media,2020-02-20 21:55:58,2020-02-29 13:15:08,M->M,unknown,
陕西发布,no_media,2020-02-29 13:15:08,2020-03-27 17:58:03,M->M,unknown,
陕西发布,no_media,2020-03-27 17:58:03,2020-07-06 21:37:03,M->M,unknown,
陕西发布,no_media,2020-07-06 21:37:03,2020-11-25 23:03:03,M->M,unknown,
陕西发布,no_media,2020-11-25 23:03:03,2021-01-03 11:17:03,M->M,unknown,
陕西发布,no_media,2021-01-03 11:17:03,2021-01-05 07:32:03,M->M,unknown,
陕西发布,no_media,2021-01-05 07:32:03,2021-01-08 12:13:03,M->M,unknown,
陕西发布,no_media,2021-01-08 12:13:03,2021-03-15 16:35:03,M->M,unknown,
陕西发布,no_media,2021-03-15 16:35:03,2021-03-20 17:34:03,M->M,unknown,
陕西发布,no_media,2021-03-20 17:34:03,2021-03-23 13:14:03,M->M,unknown,
陕西发布,no_media,2021-03-23 13:14:03,2021-04-09 17:21:03,M->M,unknown,
陕西发布,no_media,2021-04-09 17:21:03,2021-06-03 17:00:13,M->M,unknown,
陕西发布,no_media,2021-06-03 17:00:13,2021-10-18 22:19:00,M->M,unknown,
陕西发布,no_media,2021-10-18 22:19:00,2021-11-03 21:35:00,M->M,unknown,
陕西发布,no_media,2021-11-03 21:35:00,2021-11-07 13:21:00,M->M,unknown,
陕西发布,no_media,2021-11-07 13:21:00,2021-12-22 16:42:32,M->M,unknown,
陕西发布,no_media,2021-12-22 16:42:32,2021-12-30 17:54:35,M->M,unknown,
陕西发布,no_media,2021-12-30 17:54:35,2022-01-02 14:32:44,M->M,unknown,
陕西发布,no_media,2022-01-02 14:32:44,2022-01-02 18:15:31,M->M,unknown,
陕西发布,no_media,2022-01-02 18:15:31,2022-01-05 11:49:00,M->M,unknown,
陕西发布,no_media,2022-01-05 11:49:00,2022-01-06 17:39:58,M->M,unknown,
陕西发布,no_media,2022-01-06 17:39:58,2022-01-07 18:00:01,M->M,unknown,
陕西发布,no_media,2022-01-07 18:00:01,2022-01-18 18:44:15,M->M,unknown,
陕西发布,no_media,2022-01-18 18:44:15,2022-01-23 16:00:21,M->M,unknown,
陕西发布,no_media,2022-01-23 16:00:21,2022-04-15 22:20:42,M->M,unknown,
陕西发布,no_media,2022-04-15 22:20:42,2022-10-10 08:47:00,M->M,unknown,
陕西发布,no_media,2022-10-10 08:47:00,2022-11-19 13:21:00,M->M,unknown,
陕西发布,no_media,2022-11-19 13:21:00,2022-12-08 11:11:06,M->M,unknown,
陕西发布,no_media,2022-12-08 11:11:06,2022-12-09 10:49:00,M->M,unknown,
陕西发布,no_media,2022-12-09 10:49:00,2023-01-04 16:18:00,M->M,unknown,
陕西发布,no_media,2023-01-04 16:18:00,2023-02-28 10:44:10,M->M,unknown,
陕西发布,no_media,2023-02-28 10:44:10,2023-03-01 11:32:01,M->M,unknown,
陕西发布,no_media,2023-03-01 11:32:01,2023-03-31 18:59:00,M->M,unknown,
陕西发布,no_media,2023-03-31 18:59:00,2023-12-31 11:02:00,M->M,unknown,
陕西检察,mainstream_only,2020-02-20 09:26:56,2020-03-18 20:23:12,M->M,unknown,
陕西检察,mainstream_only,2020-03-18 20:23:12,2021-01-07 21:00:48,M->M,unknown,
陕西检察,mainstream_only,2021-01-07 21:00:48,2021-08-03 15:44:47,M->M,unknown,
陕西检察,mainstream_only,2021-08-03 15:44:47,2022-12-06 08:57:55,M->M,unknown,
陕西检察,mainstream_only,2022-12-06 08:57:55,2022-12-07 09:57:40,M->M,unknown,
陕西检察,mainstream_only,2022-12-07 09:57:40,2022-12-08 14:40:21,M->M,unknown,
陕西检察,mainstream_only,2022-12-08 14:40:21,2022-12-15 19:44:07,M->M,unknown,
陕西气象,no_media,2017-10-11 10:07:46,2022-03-14 15:22:00,M->M,unknown,
陕西气象,no_media,2022-03-14 15:22:00,2022-03-14 15:22:28,M->M,unknown,
陕西气象,no_media,2022-03-14 15:22:28,2024-03-13 09:31:25,M->M,unknown,
陕西气象,no_media,2024-03-13 09:31:25,2024-03-17 19:58:11,M->M,unknown,
陕西汉书下酒,dual,2023-01-15 19:56:00,2023-01-15 20:49:00,M->M,risk,1.0
陕西汉书下酒,dual,2023-01-15 20:49:00,2023-01-16 08:53:00,M->M,risk,1.0
陕西汉书下酒,dual,2023-01-16 08:53:00,2023-01-16 11:49:00,M->M,norisk,0.5
陕西汉书下酒,dual,2023-01-16 11:49:00,2023-01-16 20:32:00,M->M,norisk,0.5
陕西汉书下酒,dual,2023-01-16 20:32:00,2023-01-16 22:01:00,M->M,norisk,0.5
陕西汉书下酒,dual,2023-01-16 22:01:00,2023-01-17 08:24:00,M->M,norisk,0.5
陕西汉书下酒,dual,2023-01-17 08:24:00,2023-01-18 10:41:00,M->M,risk,1.0
陕西汉书下酒,dual,2023-01-18 10:41:00,2023-01-21 07:20:00,M->M,norisk,0.0
陕西汉书下酒,dual,2023-01-21 07:20:00,2023-01-21 09:23:00,M->M,norisk,0.5
陕西汉书下酒,dual,2023-01-21 09:23:00,2023-01-23 11:55:00,M->M,norisk,0.5
陕西汉书下酒,dual,2023-01-23 11:55:00,2023-01-24 11:51:00,M->L,risk,1.0
陕西汉书下酒,dual,2023-01-24 11:51:00,2023-01-25 08:13:00,L->M,risk,1.0
陕西汉书下酒,dual,2023-01-25 08:13:00,2023-01-25 09:42:00,M->M,norisk,0.5
陕西汉书下酒,dual,2023-01-25 09:42:00,2023-01-25 12:31:00,M->M,norisk,0.5
陕西汉书下酒,dual,2023-01-25 12:31:00,2023-01-25 19:53:00,M->M,norisk,0.5
陕西汉书下酒,dual,2023-01-25 19:53:00,2023-01-26 08:00:00,M->M,norisk,0.5
陕西汉书下酒,dual,2023-01-26 08:00:00,2023-01-26 10:35:00,M->M,risk,1.0
陕西汉书下酒,dual,2023-01-26 10:35:00,2023-01-26 19:28:00,M->M,risk,1.0
陕西汉书下酒,dual,2023-01-26 19:28:00,2023-01-27 07:33:00,M->M,risk,1.0
陕西汉书下酒,dual,2023-01-27 07:33:00,2023-01-28 07:59:00,M->M,norisk,0.0
陕西汉书下酒,dual,2023-01-28 07:59:00,2023-01-28 10:11:00,M->M,risk,1.0
陕西汉书下酒,dual,2023-01-28 10:11:00,2023-01-28 18:34:00,M->M,risk,1.0
陕西汉书下酒,dual,2023-01-28 18:34:00,2023-01-29 14:14:00,M->M,risk,1.0
陕西汉书下酒,dual,2023-01-29 14:14:00,2023-01-30 09:31:00,M->M,norisk,0.0
陕西汉书下酒,dual,2023-01-30 09:31:00,2023-01-30 16:10:00,M->M,risk,1.0
陕西汉书下酒,dual,2023-01-30 16:10:00,2023-02-02 09:32:00,M->M,risk,1.0
陕西汉书下酒,dual,2023-02-02 09:32:00,2023-02-03 11:00:00,M->M,risk,1.0
陕西汉书下酒,dual,2023-02-03 11:00:00,2023-02-03 14:34:00,M->M,risk,1.0
陕西汉书下酒,dual,2023-02-03 14:34:00,2023-02-03 20:02:00,M->M,risk,1.0
陕西汉书下酒,dual,2023-02-03 20:02:00,2023-02-04 20:37:00,M->M,risk,1.0
陕西汉书下酒,dual,2023-02-04 20:37:00,2023-02-05 17:08:00,M->M,risk,1.0
陕西汉书下酒,dual,2023-02-05 17:08:00,2023-02-05 20:48:00,M->M,risk,1.0
陕西汉书下酒,dual,2023-02-05 20:48:00,2023-02-07 06:25:00,M->M,risk,1.0
陕西汉书下酒,dual,2023-02-07 06:25:00,2023-02-07 15:05:00,M->L,risk,1.0
陕西汉书下酒,dual,2023-02-07 15:05:00,2023-02-08 11:58:00,L->M,risk,1.0
陕西汉书下酒,dual,2023-02-08 11:58:00,2023-02-09 15:07:00,M->M,risk,1.0
陕西汉书下酒,dual,2023-02-09 15:07:00,2023-02-10 17:00:00,M->M,risk,1.0
陕西消防,mainstream_only,2020-02-03 19:11:03,2020-02-20 11:15:51,M->M,norisk,0.0
陕西消防,mainstream_only,2020-02-20 11:15:51,2022-12-19 19:26:00,M->M,norisk,0.0
陕西网,no_media,2020-02-19 07:23:10,2020-02-20 23:25:33,M->M,unknown,
陕西网,no_media,2020-02-20 23:25:33,2020-02-22 13:06:30,M->M,unknown,
陕西网,no_media,2020-02-22 13:06:30,2020-05-28 09:08:41,M->M,unknown,
陕西网,no_media,2020-05-28 09:08:41,2020-06-12 09:48:13,M->M,unknown,
陕西网,no_media,2020-06-12 09:48:13,2021-03-15 19:09:08,M->M,unknown,
陕西网,no_media,2021-03-15 19:09:08,2021-12-21 18:14:46,M->M,unknown,
陕西网,no_media,2021-12-21 18:14:46,2022-01-05 19:20:52,M->M,unknown,
陕西网,no_media,2022-01-05 19:20:52,2022-04-15 22:19:48,M->M,unknown,
陕西网,no_media,2022-04-15 22:19:48,2022-12-05 09:26:55,M->M,unknown,
陕西网,no_media,2022-12-05 09:26:55,2022-12-07 10:01:41,M->M,unknown,
陕西网,no_media,2022-12-07 10:01:41,2022-12-07 14:30:11,M->M,unknown,
陕西网,no_media,2022-12-07 14:30:11,2022-12-08 12:35:01,M->M,unknown,
陕西网,no_media,2022-12-08 12:35:01,2022-12-15 18:29:59,M->M,unknown,
陕西网络广播电视台,no_media,2021-01-05 14:00:03,2021-12-03 10:32:22,M->M,unknown,
陕西网络广播电视台,no_media,2021-12-03 10:32:22,2022-02-24 11:06:44,M->M,unknown,
陕西网络广播电视台,no_media,2022-02-24 11:06:44,2022-03-24 08:46:12,M->M,unknown,
陕西网络广播电视台,no_media,2022-03-24 08:46:12,2022-12-09 17:46:23,M->M,unknown,
陕西虎牙,no_media,2022-01-05 23:12:42,2022-11-06 22:40:41,M->M,unknown,
陕西虎牙,no_media,2022-11-06 22:40:41,2022-12-11 10:17:34,M->M,unknown,
陕西虎牙,no_media,2022-12-11 10:17:34,2023-01-02 07:45:18,M->M,unknown,
陕西阳光网,no_media,2020-02-05 15:16:42,2020-02-15 19:37:21,M->M,unknown,
陕西阳光网,no_media,2020-02-15 19:37:21,2020-02-16 20:11:18,M->M,unknown,
陕西阳光网,no_media,2020-02-16 20:11:18,2020-02-20 08:18:28,M->M,unknown,
陕西阳光网,no_media,2020-02-20 08:18:28,2020-03-03 23:37:44,M->M,unknown,
陕西阳光网,no_media,2020-03-03 23:37:44,2021-04-25 11:01:23,M->M,unknown,
陕西阳光网,no_media,2021-04-25 11:01:23,2021-08-03 14:22:13,M->M,unknown,
陕西阳光网,no_media,2021-08-03 14:22:13,2022-01-05 15:00:43,M->M,unknown,
陕西阳光网,no_media,2022-01-05 15:00:43,2022-01-08 20:27:35,M->M,unknown,
陕西阳光网,no_media,2022-01-08 20:27:35,2022-04-15 22:47:38,M->M,unknown,
陕西阳光网,no_media,2022-04-15 22:47:38,2022-07-29 14:29:11,M->M,unknown,
陕西阳光网,no_media,2022-07-29 14:29:11,2022-12-01 11:19:32,M->M,unknown,
陕西阳光网,no_media,2022-12-01 11:19:32,2022-12-09 11:53:46,M->M,unknown,
陕西阳光网,no_media,2022-12-09 11:53:46,2022-12-12 16:17:11,M->M,unknown,
陕西阳光网,no_media,2022-12-12 16:17:11,2022-12-13 15:10:59,M->M,unknown,
陕西阳光网,no_media,2022-12-13 15:10:59,2022-12-18 17:54:00,M->M,unknown,
陕西阳光网,no_media,2022-12-18 17:54:00,2022-12-19 09:29:12,M->M,unknown,
陕西阳光网,no_media,2022-12-19 09:29:12,2023-01-07 21:04:56,M->M,unknown,
陕视新闻,no_media,2020-01-24 00:52:43,2020-02-10 20:16:46,M->M,unknown,
陕视新闻,no_media,2020-02-10 20:16:46,2020-02-11 16:55:51,M->M,unknown,
陕视新闻,no_media,2020-02-11 16:55:51,2020-02-20 10:27:57,M->M,unknown,
陕视新闻,no_media,2020-02-20 10:27:57,2020-03-05 08:15:36,M->M,unknown,
陕视新闻,no_media,2020-03-05 08:15:36,2020-03-18 21:01:21,M->M,unknown,
陕视新闻,no_media,2020-03-18 21:01:21,2020-03-24 10:52:50,M->M,unknown,
陕视新闻,no_media,2020-03-24 10:52:50,2020-04-23 15:39:43,M->M,unknown,
陕视新闻,no_media,2020-04-23 15:39:43,2020-09-04 00:24:05,M->M,unknown,
陕视新闻,no_media,2020-09-04 00:24:05,2021-01-04 21:31:24,M->M,unknown,
陕视新闻,no_media,2021-01-04 21:31:24,2021-01-07 21:56:07,M->M,unknown,
陕视新闻,no_media,2021-01-07 21:56:07,2021-05-19 19:51:54,M->M,unknown,
陕视新闻,no_media,2021-05-19 19:51:54,2021-12-21 15:07:41,M->M,unknown,
陕视新闻,no_media,2021-12-21 15:07:41,2022-01-04 18:35:27,M->M,unknown,
陕视新闻,no_media,2022-01-04 18:35:27,2022-04-15 22:52:05,M->M,unknown,
陕视新闻,no_media,2022-04-15 22:52:05,2023-01-25 11:14:36,M->M,unknown,
陪托马斯度过,no_media,2022-12-23 22:59:00,2022-12-26 19:05:00,L->L,unknown,
难般聊聊,wemedia_only,2023-02-02 21:22:00,2023-02-04 09:26:00,L->M,risk,1.0
难般聊聊,wemedia_only,2023-02-04 09:26:00,2023-02-04 12:09:00,M->M,risk,1.0
难般聊聊,wemedia_only,2023-02-04 12:09:00,2023-02-06 08:59:00,M->L,risk,1.0
难般聊聊,wemedia_only,2023-02-06 08:59:00,2023-02-07 10:37:00,L->L,risk,1.0
难般聊聊,wemedia_only,2023-02-07 10:37:00,2023-02-08 09:02:00,L->L,risk,1.0
难般聊聊,wemedia_only,2023-02-08 09:02:00,2023-02-08 15:11:00,L->L,risk,1.0
难般聊聊,wemedia_only,2023-02-08 15:11:00,2023-02-09 18:24:00,L->M,risk,1.0
难般聊聊,wemedia_only,2023-02-09 18:24:00,2023-02-10 14:43:00,M->M,risk,1.0
难般聊聊,wemedia_only,2023-02-10 14:43:00,2023-02-13 12:52:00,M->L,risk,1.0
难般聊聊,wemedia_only,2023-02-13 12:52:00,2023-02-13 20:16:00,L->M,risk,1.0
难般聊聊,wemedia_only,2023-02-13 20:16:00,2023-02-14 08:34:00,M->H,risk,1.0
难般聊聊,wemedia_only,2023-02-14 08:34:00,2023-02-14 09:45:00,H->L,risk,1.0
难般聊聊,wemedia_only,2023-02-14 09:45:00,2023-02-14 10:19:00,L->M,risk,1.0
难般聊聊,wemedia_only,2023-02-14 10:19:00,2023-02-14 13:32:00,M->H,risk,1.0
难般聊聊,wemedia_only,2023-02-14 13:32:00,2023-02-14 20:54:00,H->M,risk,1.0
难般聊聊,wemedia_only,2023-02-14 20:54:00,2023-02-15 10:15:00,M->H,risk,1.0
难般聊聊,wemedia_only,2023-02-15 10:15:00,2023-02-15 11:04:00,H->M,risk,1.0
难般聊聊,wemedia_only,2023-02-15 11:04:00,2023-02-16 07:59:00,M->M,risk,1.0
难般聊聊,wemedia_only,2023-02-16 07:59:00,2023-02-16 09:10:00,M->H,risk,1.0
难般聊聊,wemedia_only,2023-02-16 09:10:00,2023-02-16 12:45:00,H->M,risk,1.0
难般聊聊,wemedia_only,2023-02-16 12:45:00,2023-02-16 13:32:00,M->L,risk,1.0
难般聊聊,wemedia_only,2023-02-16 13:32:00,2023-02-16 14:31:00,L->M,risk,1.0
难般聊聊,wemedia_only,2023-02-16 14:31:00,2023-02-17 08:14:00,M->L,risk,1.0
难般聊聊,wemedia_only,2023-02-17 08:14:00,2023-02-17 13:12:00,L->L,risk,0.6666666666666666
难般聊聊,wemedia_only,2023-02-17 13:12:00,2023-02-17 14:22:00,L->M,risk,0.6666666666666666
难般聊聊,wemedia_only,2023-02-17 14:22:00,2023-02-18 04:11:00,M->M,risk,0.6666666666666666
难般聊聊,wemedia_only,2023-02-18 04:11:00,2023-02-18 08:23:00,M->L,risk,1.0
难般聊聊,wemedia_only,2023-02-18 08:23:00,2023-02-18 09:52:00,L->M,risk,1.0
难般聊聊,wemedia_only,2023-02-18 09:52:00,2023-02-19 08:35:00,M->L,risk,1.0
难般聊聊,wemedia_only,2023-02-19 08:35:00,2023-02-19 15:12:00,L->H,risk,1.0
难般聊聊,wemedia_only,2023-02-19 15:12:00,2023-02-20 14:58:00,H->M,risk,1.0
难般聊聊,wemedia_only,2023-02-20 14:58:00,2023-02-22 16:47:00,M->L,risk,1.0
难般聊聊,wemedia_only,2023-02-22 16:47:00,2023-02-25 17:03:00,L->M,risk,1.0
难般聊聊,wemedia_only,2023-02-25 17:03:00,2023-02-26 17:18:00,M->M,risk,1.0
难般聊聊,wemedia_only,2023-02-26 17:18:00,2023-02-27 09:56:00,M->L,norisk,0.0
难般聊聊,wemedia_only,2023-02-27 09:56:00,2023-02-28 09:55:00,L->M,risk,1.0
难般聊聊,wemedia_only,2023-02-28 09:55:00,2023-03-01 17:34:00,M->M,risk,1.0
难般聊聊,wemedia_only,2023-03-01 17:34:00,2023-03-01 23:23:00,M->L,risk,1.0
难般聊聊,wemedia_only,2023-03-01 23:23:00,2023-03-08 16:47:00,L->M,risk,1.0
难般聊聊,wemedia_only,2023-03-08 16:47:00,2023-03-11 10:02:00,M->H,risk,1.0
雁塔检察,no_media,2020-02-20 10:21:55,2020-04-23 16:27:33,M->M,unknown,
雁塔检察,no_media,2020-04-23 16:27:33,2021-01-07 22:19:42,M->M,unknown,
雁塔检察,no_media,2021-01-07 22:19:42,2021-02-26 10:16:28,M->M,unknown,
雁塔检察,no_media,2021-02-26 10:16:28,2021-02-26 14:09:43,M->M,unknown,
雨中漫步-天地人和,no_media,2022-12-17 17:14:00,2023-01-08 09:47:00,M->M,unknown,
雨朦公子,no_media,2023-02-01 23:21:00,2024-01-05 22:14:00,L->L,unknown,
雨朦公子,no_media,2024-01-05 22:14:00,2024-02-17 04:19:00,L->L,unknown,
雪冰杰,wemedia_only,2023-10-10 22:07:00,2023-10-19 00:00:00,M->M,unknown,
雪冰杰,wemedia_only,2023-10-19 00:00:00,2023-11-09 19:02:00,M->M,unknown,
雪冰杰,wemedia_only,2023-11-09 19:02:00,2023-11-11 19:07:00,M->M,unknown,
雪冰杰,wemedia_only,2023-11-11 19:07:00,2023-11-20 20:39:00,M->M,unknown,
雪冰杰,wemedia_only,2023-11-20 20:39:00,2023-11-22 21:01:00,M->L,unknown,
雪冰杰,wemedia_only,2023-11-22 21:01:00,2023-12-05 21:41:00,L->L,unknown,
雪冰杰,wemedia_only,2023-12-05 21:41:00,2023-12-10 19:35:00,L->L,unknown,
雪冰杰,wemedia_only,2023-12-10 19:35:00,2023-12-12 21:27:00,L->M,unknown,
雪冰杰,wemedia_only,2023-12-12 21:27:00,2023-12-15 22:58:00,M->M,unknown,
雪冰杰,wemedia_only,2023-12-15 22:58:00,2023-12-17 20:10:00,M->M,unknown,
雪冰杰,wemedia_only,2023-12-17 20:10:00,2023-12-21 20:06:00,M->M,unknown,
雪冰杰,wemedia_only,2023-12-21 20:06:00,2023-12-25 20:52:00,M->M,unknown,
雪冰杰,wemedia_only,2023-12-25 20:52:00,2023-12-29 21:03:00,M->M,unknown,
雪冰杰,wemedia_only,2023-12-29 21:03:00,2024-01-02 20:59:00,M->L,unknown,
雪冰杰,wemedia_only,2024-01-02 20:59:00,2024-01-10 20:59:00,L->M,unknown,
雪冰杰,wemedia_only,2024-01-10 20:59:00,2024-01-12 21:18:00,M->M,unknown,
雪冰杰,wemedia_only,2024-01-12 21:18:00,2024-01-15 20:53:00,M->M,unknown,
雪冰杰,wemedia_only,2024-01-15 20:53:00,2024-01-19 22:23:00,M->M,unknown,
雪冰杰,wemedia_only,2024-01-19 22:23:00,2024-01-29 20:57:00,M->H,unknown,
雪冰杰,wemedia_only,2024-01-29 20:57:00,2024-01-31 01:16:00,H->M,unknown,
雪冰杰,wemedia_only,2024-01-31 01:16:00,2024-02-02 22:10:00,M->M,unknown,
雪冰杰,wemedia_only,2024-02-02 22:10:00,2024-02-05 20:58:00,M->M,unknown,
雪冰杰,wemedia_only,2024-02-05 20:58:00,2024-02-07 20:57:00,M->M,unknown,
雪冰杰,wemedia_only,2024-02-07 20:57:00,2024-02-12 17:57:00,M->M,unknown,
雪冰杰,wemedia_only,2024-02-12 17:57:00,2024-02-16 20:51:00,M->M,unknown,
雪花灰雾,no_media,2023-01-12 07:23:00,2023-01-28 13:13:00,M->M,unknown,
雪花灰雾,no_media,2023-01-28 13:13:00,2023-02-04 10:28:00,M->M,unknown,
青云在美国,no_media,2023-05-26 22:13:00,2023-05-29 04:54:00,M->M,unknown,
青云在美国,no_media,2023-05-29 04:54:00,2023-05-31 21:34:00,M->M,unknown,
青云在美国,no_media,2023-05-31 21:34:00,2023-06-03 04:27:00,M->M,unknown,
青云在美国,no_media,2023-06-03 04:27:00,2023-06-03 04:30:00,M->M,unknown,
青云在美国,no_media,2023-06-03 04:30:00,2023-06-29 07:49:00,M->M,unknown,
青县司法,no_media,2020-01-31 19:56:49,2020-02-15 08:01:31,M->M,unknown,
青县司法,no_media,2020-02-15 08:01:31,2020-02-16 19:11:22,M->M,unknown,
青县司法,no_media,2020-02-16 19:11:22,2020-02-19 09:08:22,M->M,unknown,
青县司法,no_media,2020-02-19 09:08:22,2020-02-20 08:07:00,M->M,unknown,
青县司法,no_media,2020-02-20 08:07:00,2020-02-20 08:51:15,M->M,unknown,
青县司法,no_media,2020-02-20 08:51:15,2020-02-22 20:07:29,M->M,unknown,
青县司法,no_media,2020-02-22 20:07:29,2020-04-12 13:54:35,M->M,unknown,
青县司法,no_media,2020-04-12 13:54:35,2020-04-15 08:24:03,M->M,unknown,
青县司法,no_media,2020-04-15 08:24:03,2021-02-20 16:44:54,M->M,unknown,
青尘财经,wemedia_only,2022-07-21 07:25:00,2023-12-16 17:29:00,M->H,norisk,0.0
青岛西海岸新闻网,mainstream_only,2020-02-15 15:35:35,2020-03-09 11:33:25,M->M,unknown,
青岛西海岸新闻网,mainstream_only,2020-03-09 11:33:25,2020-03-17 09:27:42,M->M,unknown,
青岛西海岸新闻网,mainstream_only,2020-03-17 09:27:42,2020-05-31 10:55:53,M->M,unknown,
青岛西海岸新闻网,mainstream_only,2020-05-31 10:55:53,2021-01-09 10:50:25,M->M,unknown,
青岛西海岸新闻网,mainstream_only,2021-01-09 10:50:25,2021-01-11 09:08:05,M->M,unknown,
青岛西海岸新闻网,mainstream_only,2021-01-11 09:08:05,2021-08-05 09:29:19,M->M,unknown,
青岛西海岸新闻网,mainstream_only,2021-08-05 09:29:19,2021-08-10 10:46:03,M->M,unknown,
青岛西海岸新闻网,mainstream_only,2021-08-10 10:46:03,2021-08-10 15:38:17,M->M,unknown,
青岛西海岸新闻网,mainstream_only,2021-08-10 15:38:17,2021-08-10 15:40:10,M->M,unknown,
青岛西海岸新闻网,mainstream_only,2021-08-10 15:40:10,2021-08-14 08:18:16,M->M,unknown,
青岛西海岸新闻网,mainstream_only,2021-08-14 08:18:16,2021-08-16 10:27:48,M->M,unknown,
青岛西海岸新闻网,mainstream_only,2021-08-16 10:27:48,2021-08-31 10:15:03,M->M,unknown,
青岛西海岸新闻网,mainstream_only,2021-08-31 10:15:03,2021-11-02 10:50:00,M->M,unknown,
青岛西海岸新闻网,mainstream_only,2021-11-02 10:50:00,2021-11-11 09:23:37,M->M,unknown,
青岛西海岸新闻网,mainstream_only,2021-11-11 09:23:37,2022-04-13 10:02:29,M->M,unknown,
青岛西海岸新闻网,mainstream_only,2022-04-13 10:02:29,2022-11-30 15:49:25,M->M,unknown,
青岛西海岸新闻网,mainstream_only,2022-11-30 15:49:25,2022-12-07 09:19:33,M->M,unknown,
青岛西海岸新闻网,mainstream_only,2022-12-07 09:19:33,2022-12-07 14:16:18,M->M,unknown,
青岛西海岸新闻网,mainstream_only,2022-12-07 14:16:18,2022-12-08 10:06:56,M->M,unknown,
青年参考,no_media,2020-09-04 16:00:03,2021-04-14 18:00:03,M->M,unknown,
青年参考,no_media,2021-04-14 18:00:03,2021-07-02 11:00:06,M->M,unknown,
青年参考,no_media,2021-07-02 11:00:06,2021-08-04 19:30:03,M->M,unknown,
青年参考,no_media,2021-08-04 19:30:03,2021-12-11 12:00:01,M->M,unknown,
青年参考,no_media,2021-12-11 12:00:01,2022-05-09 13:00:01,M->M,unknown,
青年报,no_media,2020-11-28 11:17:11,2024-05-27 14:56:03,M->M,unknown,
青年报,no_media,2024-05-27 14:56:03,2024-07-08 14:10:44,M->M,unknown,
青木在德国,no_media,2022-12-17 06:43:57,2023-01-02 08:42:14,M->M,unknown,
青流视频,no_media,2020-03-18 17:39:57,2020-07-10 18:30:58,M->M,unknown,
青流视频,no_media,2020-07-10 18:30:58,2021-03-15 19:29:44,M->M,unknown,
青流视频,no_media,2021-03-15 19:29:44,2022-01-19 20:12:11,M->M,unknown,
青流视频,no_media,2022-01-19 20:12:11,2022-03-16 10:16:06,M->M,unknown,
青流视频,no_media,2022-03-16 10:16:06,2022-03-28 15:14:35,M->M,unknown,
青流视频,no_media,2022-03-28 15:14:35,2022-04-18 17:02:00,M->M,unknown,
青流视频,no_media,2022-04-18 17:02:00,2022-12-02 20:41:21,M->M,unknown,
青流视频,no_media,2022-12-02 20:41:21,2022-12-09 19:29:09,M->M,unknown,
青流视频,no_media,2022-12-09 19:29:09,2023-01-03 20:25:59,M->M,unknown,
青海日报官方微博,no_media,2020-02-02 22:09:30,2020-03-07 11:57:36,M->M,unknown,
青海日报官方微博,no_media,2020-03-07 11:57:36,2020-04-23 16:14:09,M->M,unknown,
青海日报官方微博,no_media,2020-04-23 16:14:09,2021-08-03 18:08:09,M->M,unknown,
青海日报官方微博,no_media,2021-08-03 18:08:09,2021-11-19 18:36:00,M->M,unknown,
青海日报官方微博,no_media,2021-11-19 18:36:00,2022-01-06 21:06:41,M->M,unknown,
青海日报官方微博,no_media,2022-01-06 21:06:41,2022-05-15 23:43:28,M->M,unknown,
青海日报官方微博,no_media,2022-05-15 23:43:28,2022-11-18 16:07:22,M->M,unknown,
青海日报官方微博,no_media,2022-11-18 16:07:22,2022-11-19 09:01:47,M->M,unknown,
青海日报官方微博,no_media,2022-11-19 09:01:47,2022-12-07 12:49:36,M->M,unknown,
青海日报官方微博,no_media,2022-12-07 12:49:36,2022-12-09 09:42:34,M->M,unknown,
青海日报官方微博,no_media,2022-12-09 09:42:34,2022-12-10 18:47:04,M->M,unknown,
青海日报官方微博,no_media,2022-12-10 18:47:04,2022-12-18 08:43:59,M->M,unknown,
青海日报官方微博,no_media,2022-12-18 08:43:59,2022-12-31 09:06:20,M->M,unknown,
青海日报官方微博,no_media,2022-12-31 09:06:20,2023-05-28 11:01:39,M->M,unknown,
青豆视频,no_media,2023-05-18 11:35:24,2023-10-25 18:11:19,M->M,unknown,
青龙针客,no_media,2023-02-09 17:58:00,2023-02-11 19:34:00,M->M,unknown,
青龙针客,no_media,2023-02-11 19:34:00,2023-06-15 18:29:00,M->M,unknown,
青龙针客,no_media,2023-06-15 18:29:00,2024-01-14 22:07:00,M->M,unknown,
静姐姐吃的学问,wemedia_only,2022-12-31 21:46:00,2023-01-03 19:07:00,M->M,norisk,0.0
静姐姐吃的学问,wemedia_only,2023-01-03 19:07:00,2023-01-06 18:15:00,M->M,risk,1.0
韩国中央日报,no_media,2020-08-20 10:09:00,2021-01-27 16:05:00,M->M,unknown,
韩国中央日报,no_media,2021-01-27 16:05:00,2022-04-05 13:11:00,M->M,unknown,
韩国中央日报,no_media,2022-04-05 13:11:00,2022-04-26 16:04:00,M->L,unknown,
韩国每经中文网,no_media,2020-04-29 08:28:33,2021-01-08 09:43:48,M->M,unknown,
韩国每经中文网,no_media,2021-01-08 09:43:48,2021-03-18 09:54:58,M->M,unknown,
韩国每经中文网,no_media,2021-03-18 09:54:58,2021-12-07 08:18:38,M->M,unknown,
韩国每经中文网,no_media,2021-12-07 08:18:38,2022-03-23 10:01:15,M->M,unknown,
韩民族日报中文网,no_media,2021-01-15 13:08:00,2022-04-08 16:32:00,M->H,unknown,
顏佑亮-到台灣治病,no_media,2023-01-05 18:39:00,2023-01-10 13:26:00,M->M,unknown,
顏佑亮-到台灣治病,no_media,2023-01-10 13:26:00,2023-01-13 13:04:00,M->H,unknown,
顏佑亮-到台灣治病,no_media,2023-01-13 13:04:00,2023-01-14 19:46:00,H->H,unknown,
顏佑亮-到台灣治病,no_media,2023-01-14 19:46:00,2023-01-19 23:07:00,H->M,unknown,
顏佑亮-到台灣治病,no_media,2023-01-19 23:07:00,2023-02-23 14:27:00,M->M,unknown,
顏佑亮-到台灣治病,no_media,2023-02-23 14:27:00,2023-06-30 19:16:00,M->M,unknown,
顶端新闻,no_media,2021-08-17 17:25:21,2022-04-17 15:11:20,M->M,unknown,
顶端新闻,no_media,2022-04-17 15:11:20,2022-04-26 08:15:30,M->M,unknown,
顶端新闻,no_media,2022-04-26 08:15:30,2022-05-04 10:33:51,M->M,unknown,
顶端新闻,no_media,2022-05-04 10:33:51,2022-05-12 11:19:14,M->M,unknown,
顶端新闻,no_media,2022-05-12 11:19:14,2022-05-12 11:24:35,M->M,unknown,
顶端新闻,no_media,2022-05-12 11:24:35,2022-05-18 13:11:17,M->M,unknown,
顶端新闻,no_media,2022-05-18 13:11:17,2022-05-18 17:08:04,M->M,unknown,
顶端新闻,no_media,2022-05-18 17:08:04,2022-05-18 20:55:49,M->M,unknown,
顶端新闻,no_media,2022-05-18 20:55:49,2022-07-20 14:56:36,M->M,unknown,
顶端新闻,no_media,2022-07-20 14:56:36,2022-07-24 09:31:22,M->M,unknown,
顶端新闻,no_media,2022-07-24 09:31:22,2022-08-12 11:11:24,M->M,unknown,
顶端新闻,no_media,2022-08-12 11:11:24,2022-08-31 12:41:00,M->M,unknown,
顶端新闻,no_media,2022-08-31 12:41:00,2022-08-31 21:25:13,M->M,unknown,
顶端新闻,no_media,2022-08-31 21:25:13,2022-09-09 07:24:32,M->M,unknown,
顶端新闻,no_media,2022-09-09 07:24:32,2022-09-13 17:22:16,M->M,unknown,
顶端新闻,no_media,2022-09-13 17:22:16,2022-09-27 08:04:46,M->M,unknown,
顶端新闻,no_media,2022-09-27 08:04:46,2022-11-10 15:36:48,M->M,unknown,
顶端新闻,no_media,2022-11-10 15:36:48,2022-11-21 08:00:48,M->M,unknown,
顶端新闻,no_media,2022-11-21 08:00:48,2022-11-23 21:50:47,M->M,unknown,
顶端新闻,no_media,2022-11-23 21:50:47,2022-11-23 21:51:44,M->M,unknown,
顶端新闻,no_media,2022-11-23 21:51:44,2022-11-30 14:52:14,M->M,unknown,
顶端新闻,no_media,2022-11-30 14:52:14,2022-12-02 22:09:56,M->M,unknown,
顶端新闻,no_media,2022-12-02 22:09:56,2022-12-06 19:34:16,M->M,unknown,
顶端新闻,no_media,2022-12-06 19:34:16,2022-12-07 13:38:57,M->M,unknown,
顶端新闻,no_media,2022-12-07 13:38:57,2022-12-07 15:56:02,M->M,unknown,
顶端新闻,no_media,2022-12-07 15:56:02,2022-12-07 21:24:11,M->M,unknown,
顶端新闻,no_media,2022-12-07 21:24:11,2022-12-08 07:00:46,M->M,unknown,
顶端新闻,no_media,2022-12-08 07:00:46,2022-12-08 19:09:41,M->M,unknown,
顶端新闻,no_media,2022-12-08 19:09:41,2022-12-09 09:03:25,M->M,unknown,
顶端新闻,no_media,2022-12-09 09:03:25,2022-12-10 15:26:01,M->M,unknown,
顶端新闻,no_media,2022-12-10 15:26:01,2022-12-12 08:54:19,M->M,unknown,
顶端新闻,no_media,2022-12-12 08:54:19,2022-12-14 15:16:18,M->M,unknown,
顶端新闻,no_media,2022-12-14 15:16:18,2022-12-14 21:56:29,M->M,unknown,
顶端新闻,no_media,2022-12-14 21:56:29,2022-12-15 10:02:30,M->M,unknown,
顶端新闻,no_media,2022-12-15 10:02:30,2022-12-21 08:39:43,M->M,unknown,
顶端新闻,no_media,2022-12-21 08:39:43,2022-12-22 08:44:17,M->M,unknown,
顶端新闻,no_media,2022-12-22 08:44:17,2022-12-23 08:34:01,M->M,unknown,
顶端新闻,no_media,2022-12-23 08:34:01,2022-12-29 21:27:55,M->M,unknown,
顶端新闻,no_media,2022-12-29 21:27:55,2023-01-01 18:13:21,M->M,unknown,
顶端新闻,no_media,2023-01-01 18:13:21,2023-01-01 19:24:26,M->M,unknown,
顶端新闻,no_media,2023-01-01 19:24:26,2023-01-03 09:43:06,M->M,unknown,
顶端新闻,no_media,2023-01-03 09:43:06,2023-01-06 09:17:45,M->M,unknown,
顶端新闻,no_media,2023-01-06 09:17:45,2023-01-12 16:37:18,M->M,unknown,
顶端新闻,no_media,2023-01-12 16:37:18,2023-03-01 09:45:42,M->M,unknown,
顶端新闻,no_media,2023-03-01 09:45:42,2023-04-11 12:11:43,M->M,unknown,
顶端新闻,no_media,2023-04-11 12:11:43,2023-05-18 11:25:17,M->M,unknown,
顶端新闻,no_media,2023-05-18 11:25:17,2023-05-22 09:31:02,M->M,unknown,
顶端新闻,no_media,2023-05-22 09:31:02,2023-05-28 11:31:23,M->M,unknown,
顶端新闻,no_media,2023-05-28 11:31:23,2023-10-12 07:40:44,M->M,unknown,
顶端新闻,no_media,2023-10-12 07:40:44,2023-11-09 09:07:21,M->M,unknown,
顶端新闻,no_media,2023-11-09 09:07:21,2023-12-29 08:26:01,M->M,unknown,
顶端新闻,no_media,2023-12-29 08:26:01,2024-01-16 17:44:08,M->M,unknown,
顶端新闻,no_media,2024-01-16 17:44:08,2024-08-13 08:02:12,M->M,unknown,
风闻社区,no_media,2022-02-12 16:58:00,2022-04-18 14:28:00,M->M,unknown,
风闻社区,no_media,2022-04-18 14:28:00,2022-04-27 13:38:00,M->M,unknown,
风闻社区,no_media,2022-04-27 13:38:00,2022-05-10 19:22:00,M->M,unknown,
风闻社区,no_media,2022-05-10 19:22:00,2022-05-25 21:02:00,M->M,unknown,
风闻社区,no_media,2022-05-25 21:02:00,2022-06-09 11:54:00,M->H,unknown,
风闻社区,no_media,2022-06-09 11:54:00,2022-08-27 16:56:00,H->M,unknown,
风闻社区,no_media,2022-08-27 16:56:00,2022-09-01 08:44:00,M->M,unknown,
风闻社区,no_media,2022-09-01 08:44:00,2022-09-02 17:38:00,M->M,unknown,
风闻社区,no_media,2022-09-02 17:38:00,2022-09-16 08:02:00,M->M,unknown,
风闻社区,no_media,2022-09-16 08:02:00,2022-09-21 19:32:00,M->M,unknown,
风闻社区,no_media,2022-09-21 19:32:00,2022-10-06 14:29:00,M->M,unknown,
风闻社区,no_media,2022-10-06 14:29:00,2022-10-10 12:40:01,M->M,unknown,
风闻社区,no_media,2022-10-10 12:40:01,2022-10-14 07:56:01,M->L,unknown,
风闻社区,no_media,2022-10-14 07:56:01,2022-10-18 14:20:00,L->H,unknown,
风闻社区,no_media,2022-10-18 14:20:00,2022-10-31 07:24:00,H->H,unknown,
风闻社区,no_media,2022-10-31 07:24:00,2022-11-01 21:41:13,H->M,unknown,
风闻社区,no_media,2022-11-01 21:41:13,2022-11-01 23:03:00,M->M,unknown,
风闻社区,no_media,2022-11-01 23:03:00,2022-11-03 22:48:01,M->M,unknown,
风闻社区,no_media,2022-11-03 22:48:01,2022-11-06 20:39:33,M->M,unknown,
风闻社区,no_media,2022-11-06 20:39:33,2022-11-11 10:04:01,M->M,unknown,
风闻社区,no_media,2022-11-11 10:04:01,2022-11-15 15:50:02,M->M,unknown,
风闻社区,no_media,2022-11-15 15:50:02,2022-11-16 12:42:01,M->M,unknown,
风闻社区,no_media,2022-11-16 12:42:01,2022-11-29 13:00:03,M->M,unknown,
风闻社区,no_media,2022-11-29 13:00:03,2022-11-29 17:52:00,M->M,unknown,
风闻社区,no_media,2022-11-29 17:52:00,2022-12-01 17:02:01,M->M,unknown,
风闻社区,no_media,2022-12-01 17:02:01,2022-12-03 20:44:05,M->M,unknown,
风闻社区,no_media,2022-12-03 20:44:05,2022-12-07 16:10:01,M->M,unknown,
风闻社区,no_media,2022-12-07 16:10:01,2022-12-08 13:48:01,M->M,unknown,
风闻社区,no_media,2022-12-08 13:48:01,2022-12-09 11:50:02,M->M,unknown,
风闻社区,no_media,2022-12-09 11:50:02,2022-12-11 07:29:00,M->M,unknown,
风闻社区,no_media,2022-12-11 07:29:00,2022-12-13 07:56:00,M->M,unknown,
风闻社区,no_media,2022-12-13 07:56:00,2022-12-15 21:28:00,M->M,unknown,
风闻社区,no_media,2022-12-15 21:28:00,2022-12-16 17:14:00,M->M,unknown,
风闻社区,no_media,2022-12-16 17:14:00,2022-12-17 21:41:00,M->M,unknown,
风闻社区,no_media,2022-12-17 21:41:00,2022-12-18 20:05:00,M->M,unknown,
风闻社区,no_media,2022-12-18 20:05:00,2022-12-19 10:21:08,M->M,unknown,
风闻社区,no_media,2022-12-19 10:21:08,2022-12-26 15:32:01,M->M,unknown,
风闻社区,no_media,2022-12-26 15:32:01,2022-12-27 10:04:02,M->M,unknown,
风闻社区,no_media,2022-12-27 10:04:02,2022-12-27 21:38:00,M->M,unknown,
风闻社区,no_media,2022-12-27 21:38:00,2022-12-28 14:52:01,M->M,unknown,
风闻社区,no_media,2022-12-28 14:52:01,2022-12-30 13:30:03,M->M,unknown,
风闻社区,no_media,2022-12-30 13:30:03,2022-12-31 15:55:01,M->M,unknown,
风闻社区,no_media,2022-12-31 15:55:01,2023-01-02 16:20:00,M->M,unknown,
风闻社区,no_media,2023-01-02 16:20:00,2023-01-03 09:16:00,M->M,unknown,
风闻社区,no_media,2023-01-03 09:16:00,2023-01-05 11:08:00,M->M,unknown,
风闻社区,no_media,2023-01-05 11:08:00,2023-01-05 15:33:58,M->M,unknown,
风闻社区,no_media,2023-01-05 15:33:58,2023-01-15 20:28:00,M->M,unknown,
风闻社区,no_media,2023-01-15 20:28:00,2023-01-21 12:36:00,M->M,unknown,
风闻社区,no_media,2023-01-21 12:36:00,2023-02-02 08:44:00,M->M,unknown,
风闻社区,no_media,2023-02-02 08:44:00,2023-05-18 13:50:00,M->M,unknown,
风闻社区,no_media,2023-05-18 13:50:00,2023-05-21 09:32:00,M->M,unknown,
风闻社区,no_media,2023-05-21 09:32:00,2023-05-29 11:54:00,M->M,unknown,
风闻社区,no_media,2023-05-29 11:54:00,2023-07-17 15:24:00,M->M,unknown,
风闻社区,no_media,2023-07-17 15:24:00,2023-11-09 13:14:00,M->M,unknown,
风闻社区,no_media,2023-11-09 13:14:00,2023-11-25 13:26:00,M->M,unknown,
风闻社区,no_media,2023-11-25 13:26:00,2024-01-08 10:36:00,M->M,unknown,
风闻社区,no_media,2024-01-08 10:36:00,2024-01-15 09:32:00,M->M,unknown,
风闻社区,no_media,2024-01-15 09:32:00,2024-05-04 19:24:00,M->H,unknown,
飞龙中医,no_media,2023-06-13 18:13:00,2023-11-23 12:49:00,M->M,unknown,
飞龙中医,no_media,2023-11-23 12:49:00,2023-12-18 18:01:00,M->M,unknown,
飞龙中医,no_media,2023-12-18 18:01:00,2024-01-07 07:57:00,M->M,unknown,
飞龙中医,no_media,2024-01-07 07:57:00,2024-01-16 09:33:00,M->M,unknown,
餐饮测评,no_media,2020-02-19 23:38:34,2020-02-20 20:28:36,M->M,unknown,
餐饮测评,no_media,2020-02-20 20:28:36,2022-12-22 11:21:58,M->M,unknown,
餐饮测评,no_media,2022-12-22 11:21:58,2023-01-01 13:58:34,M->M,unknown,
饺子加醋加蒜,no_media,2023-01-05 04:40:00,2023-03-06 15:01:00,H->H,unknown,
饺子加醋加蒜,no_media,2023-03-06 15:01:00,2023-03-14 09:56:00,H->H,unknown,
馋你身子很久了,no_media,2022-03-14 12:48:00,2022-03-14 12:59:00,M->M,unknown,
香港中文大学CUHK,no_media,2022-03-09 14:58:00,2022-03-16 09:31:00,M->M,unknown,
香港中文大学CUHK,no_media,2022-03-16 09:31:00,2023-05-22 16:37:00,M->M,unknown,
香港中文大学医学院_香港,no_media,2023-05-22 18:42:00,2023-12-08 09:20:00,M->M,unknown,
香港中通社,no_media,2022-03-14 16:40:00,2022-05-02 09:23:00,H->M,unknown,
香港中通社,no_media,2022-05-02 09:23:00,2022-05-09 09:37:00,M->M,unknown,
香港中通社,no_media,2022-05-09 09:37:00,2023-03-28 17:01:00,M->M,unknown,
香港商報,no_media,2021-02-01 21:31:54,2021-03-03 09:40:21,M->M,unknown,
香港商報,no_media,2021-03-03 09:40:21,2021-03-15 21:41:24,M->M,unknown,
香港商報,no_media,2021-03-15 21:41:24,2021-03-25 06:00:05,M->M,unknown,
香港商報,no_media,2021-03-25 06:00:05,2021-04-11 19:51:33,M->M,unknown,
香港商報,no_media,2021-04-11 19:51:33,2021-05-30 17:52:32,M->H,unknown,
香港商報,no_media,2021-05-30 17:52:32,2021-06-23 14:46:03,H->M,unknown,
香港商報,no_media,2021-06-23 14:46:03,2021-07-09 01:43:03,M->M,unknown,
香港商報,no_media,2021-07-09 01:43:03,2021-07-11 12:30:03,M->M,unknown,
香港商報,no_media,2021-07-11 12:30:03,2021-07-20 10:40:03,M->M,unknown,
香港商報,no_media,2021-07-20 10:40:03,2021-09-02 15:19:23,M->M,unknown,
香港商報,no_media,2021-09-02 15:19:23,2021-10-19 16:08:28,M->M,unknown,
香港商報,no_media,2021-10-19 16:08:28,2022-01-09 09:42:00,M->M,unknown,
香港商報,no_media,2022-01-09 09:42:00,2022-01-20 09:52:35,M->M,unknown,
香港商報,no_media,2022-01-20 09:52:35,2022-01-26 10:08:34,M->M,unknown,
香港商報,no_media,2022-01-26 10:08:34,2022-02-14 11:21:03,M->M,unknown,
香港商報,no_media,2022-02-14 11:21:03,2022-02-20 16:45:00,M->M,unknown,
香港商報,no_media,2022-02-20 16:45:00,2022-03-23 15:19:53,M->M,unknown,
香港商報,no_media,2022-03-23 15:19:53,2022-04-11 13:50:00,M->M,unknown,
香港商報,no_media,2022-04-11 13:50:00,2022-04-17 19:15:00,M->M,unknown,
香港商報,no_media,2022-04-17 19:15:00,2022-04-23 08:28:17,M->M,unknown,
香港商報,no_media,2022-04-23 08:28:17,2022-04-23 10:40:03,M->M,unknown,
香港商報,no_media,2022-04-23 10:40:03,2022-04-24 10:34:58,M->M,unknown,
香港商報,no_media,2022-04-24 10:34:58,2022-04-25 13:59:16,M->M,unknown,
香港商報,no_media,2022-04-25 13:59:16,2022-04-26 08:05:24,M->M,unknown,
香港商報,no_media,2022-04-26 08:05:24,2022-05-25 20:05:00,M->M,unknown,
香港商報,no_media,2022-05-25 20:05:00,2022-05-26 08:45:01,M->M,unknown,
香港商報,no_media,2022-05-26 08:45:01,2022-05-26 11:00:03,M->M,unknown,
香港商報,no_media,2022-05-26 11:00:03,2022-06-01 15:34:00,M->M,unknown,
香港商報,no_media,2022-06-01 15:34:00,2022-06-05 14:37:53,M->M,unknown,
香港商報,no_media,2022-06-05 14:37:53,2022-06-12 15:28:28,M->M,unknown,
香港商報,no_media,2022-06-12 15:28:28,2022-06-18 16:40:01,M->M,unknown,
香港商報,no_media,2022-06-18 16:40:01,2022-07-03 21:32:13,M->M,unknown,
香港商報,no_media,2022-07-03 21:32:13,2022-07-12 16:00:03,M->M,unknown,
香港商報,no_media,2022-07-12 16:00:03,2022-07-17 18:15:01,M->M,unknown,
香港商報,no_media,2022-07-17 18:15:01,2022-07-20 00:30:00,M->H,unknown,
香港商報,no_media,2022-07-20 00:30:00,2022-08-25 15:13:07,H->M,unknown,
香港商報,no_media,2022-08-25 15:13:07,2022-08-26 23:42:00,M->M,unknown,
香港商報,no_media,2022-08-26 23:42:00,2022-09-06 21:50:02,M->M,unknown,
香港商報,no_media,2022-09-06 21:50:02,2022-09-10 19:01:39,M->M,unknown,
香港商報,no_media,2022-09-10 19:01:39,2022-09-13 12:26:00,M->M,unknown,
香港商報,no_media,2022-09-13 12:26:00,2022-09-15 18:59:00,M->M,unknown,
香港商報,no_media,2022-09-15 18:59:00,2022-09-20 16:30:25,M->M,unknown,
香港商報,no_media,2022-09-20 16:30:25,2022-09-25 13:31:00,M->M,unknown,
香港商報,no_media,2022-09-25 13:31:00,2022-09-27 10:12:02,M->M,unknown,
香港商報,no_media,2022-09-27 10:12:02,2022-10-09 17:00:02,M->M,unknown,
香港商報,no_media,2022-10-09 17:00:02,2022-11-03 08:07:32,M->M,unknown,
香港商報,no_media,2022-11-03 08:07:32,2022-11-03 10:24:54,M->M,unknown,
香港商報,no_media,2022-11-03 10:24:54,2022-11-05 00:45:00,M->M,unknown,
香港商報,no_media,2022-11-05 00:45:00,2022-11-19 10:02:01,M->M,unknown,
香港商報,no_media,2022-11-19 10:02:01,2022-12-01 11:28:52,M->M,unknown,
香港商報,no_media,2022-12-01 11:28:52,2022-12-01 18:40:02,M->M,unknown,
香港商報,no_media,2022-12-01 18:40:02,2022-12-03 19:37:00,M->M,unknown,
香港商報,no_media,2022-12-03 19:37:00,2022-12-04 10:18:26,M->M,unknown,
香港商報,no_media,2022-12-04 10:18:26,2022-12-07 13:29:12,M->M,unknown,
香港商報,no_media,2022-12-07 13:29:12,2022-12-13 17:00:05,M->M,unknown,
香港商報,no_media,2022-12-13 17:00:05,2022-12-13 20:54:00,M->M,unknown,
香港商報,no_media,2022-12-13 20:54:00,2022-12-15 18:00:03,M->M,unknown,
香港商報,no_media,2022-12-15 18:00:03,2022-12-30 17:56:13,M->M,unknown,
香港商報,no_media,2022-12-30 17:56:13,2023-01-11 22:28:00,M->M,unknown,
香港商報,no_media,2023-01-11 22:28:00,2023-01-13 22:09:00,M->M,unknown,
香港商報,no_media,2023-01-13 22:09:00,2023-01-18 15:39:28,M->M,unknown,
香港商報,no_media,2023-01-18 15:39:28,2023-02-11 10:25:00,M->M,unknown,
香港商報,no_media,2023-02-11 10:25:00,2023-04-12 20:36:04,M->M,unknown,
香港商報,no_media,2023-04-12 20:36:04,2023-06-06 20:30:00,M->M,unknown,
香港商報,no_media,2023-06-06 20:30:00,2023-08-04 10:54:41,M->M,unknown,
香港文匯報,no_media,2020-12-31 11:04:41,2022-01-30 09:27:58,H->H,unknown,
香港文匯報,no_media,2022-01-30 09:27:58,2022-04-07 07:55:21,H->H,unknown,
香港文匯報,no_media,2022-04-07 07:55:21,2022-04-28 10:02:32,H->M,unknown,
香港文匯報,no_media,2022-04-28 10:02:32,2022-05-15 08:41:52,M->M,unknown,
香港文匯報,no_media,2022-05-15 08:41:52,2022-07-18 09:51:34,M->M,unknown,
香港文匯報,no_media,2022-07-18 09:51:34,2022-08-17 09:18:02,M->H,unknown,
香港文匯報,no_media,2022-08-17 09:18:02,2023-02-06 09:41:50,H->M,unknown,
香港文匯報,no_media,2023-02-06 09:41:50,2023-05-23 09:29:19,M->M,unknown,
香港浸会大学,no_media,2022-12-31 14:12:00,2023-04-30 15:00:00,M->M,unknown,
马仕健,no_media,2022-05-12 10:30:00,2022-09-11 08:40:00,M->M,unknown,
马仕健,no_media,2022-09-11 08:40:00,2022-11-17 09:05:00,M->M,unknown,
马宝琳谈房颤,wemedia_only,2023-01-14 14:07:00,2023-01-14 20:18:00,M->M,unknown,
马宝琳谈房颤,wemedia_only,2023-01-14 20:18:00,2023-01-25 10:01:00,M->L,unknown,
马拉个萌,no_media,2022-12-24 14:37:00,2023-01-05 21:05:00,M->M,unknown,
骄傲的孤独的守望者,no_media,2022-12-28 05:13:00,2022-12-30 22:46:00,L->L,unknown,
高来益营养疗法,no_media,2022-12-05 21:42:00,2023-06-20 21:13:00,M->L,unknown,
高来益营养疗法,no_media,2023-06-20 21:13:00,2023-06-21 19:24:00,L->M,unknown,
高来益营养疗法,no_media,2023-06-21 19:24:00,2023-07-09 18:07:00,M->M,unknown,
高来益营养疗法,no_media,2023-07-09 18:07:00,2023-08-18 20:09:00,M->M,unknown,
鲁中晨报,no_media,2020-12-30 18:35:22,2021-01-10 11:23:47,M->M,unknown,
鲁中晨报,no_media,2021-01-10 11:23:47,2022-08-25 15:21:29,M->M,unknown,
鲁中晨报,no_media,2022-08-25 15:21:29,2022-10-08 09:27:04,M->M,unknown,
鲁中晨报,no_media,2022-10-08 09:27:04,2022-11-17 16:41:12,M->M,unknown,
鲁中晨报,no_media,2022-11-17 16:41:12,2022-12-08 12:45:22,M->M,unknown,
鲁中晨报,no_media,2022-12-08 12:45:22,2022-12-11 08:43:51,M->M,unknown,
鲁中晨报,no_media,2022-12-11 08:43:51,2022-12-11 10:23:13,M->M,unknown,
鲁中晨报,no_media,2022-12-11 10:23:13,2022-12-17 20:28:48,M->M,unknown,
鲁中晨报,no_media,2022-12-17 20:28:48,2022-12-27 15:01:57,M->M,unknown,
鲁中晨报,no_media,2022-12-27 15:01:57,2022-12-27 16:56:44,M->M,unknown,
鲁中晨报,no_media,2022-12-27 16:56:44,2022-12-31 10:37:38,M->M,unknown,
鲁中晨报,no_media,2022-12-31 10:37:38,2023-01-02 08:47:17,M->M,unknown,
鲁中晨报,no_media,2023-01-02 08:47:17,2023-01-02 16:21:21,M->M,unknown,
鲁中晨报,no_media,2023-01-02 16:21:21,2023-01-02 16:24:24,M->M,unknown,
鲁中晨报,no_media,2023-01-02 16:24:24,2023-01-04 12:06:16,M->M,unknown,
鲁中晨报,no_media,2023-01-04 12:06:16,2023-01-04 22:38:09,M->M,unknown,
鲁中晨报,no_media,2023-01-04 22:38:09,2023-01-05 12:22:01,M->H,unknown,
鲁中晨报,no_media,2023-01-05 12:22:01,2023-01-08 17:36:58,H->M,unknown,
鲁中晨报,no_media,2023-01-08 17:36:58,2023-06-02 14:30:33,M->M,unknown,
鲁中晨报,no_media,2023-06-02 14:30:33,2023-06-12 17:24:36,M->M,unknown,
鲁中晨报,no_media,2023-06-12 17:24:36,2024-03-17 19:09:17,M->M,unknown,
鲁网潍坊,no_media,2022-01-05 17:14:33,2022-12-09 15:14:06,M->M,unknown,
鲁网潍坊,no_media,2022-12-09 15:14:06,2022-12-30 10:51:52,M->M,unknown,
鳗鳗_lovelucinda,no_media,2023-09-04 14:39:00,2023-09-08 22:26:00,L->L,unknown,
鹤壁日报,no_media,2020-02-14 17:26:12,2020-02-14 22:22:11,M->M,unknown,
鹤壁日报,no_media,2020-02-14 22:22:11,2020-02-15 08:24:26,M->H,unknown,
鹤壁日报,no_media,2020-02-15 08:24:26,2020-02-17 06:26:18,H->M,unknown,
鹤壁日报,no_media,2020-02-17 06:26:18,2020-02-20 06:26:10,M->M,unknown,
鹤壁日报,no_media,2020-02-20 06:26:10,2020-02-23 22:25:42,M->M,unknown,
鹤壁日报,no_media,2020-02-23 22:25:42,2020-02-23 22:54:55,M->M,unknown,
鹤壁日报,no_media,2020-02-23 22:54:55,2021-08-16 16:05:48,M->M,unknown,
鹤壁日报,no_media,2021-08-16 16:05:48,2021-11-03 09:45:23,M->M,unknown,
鹤壁日报,no_media,2021-11-03 09:45:23,2022-05-24 08:25:43,M->M,unknown,
鹤壁日报,no_media,2022-05-24 08:25:43,2022-05-26 08:49:09,M->M,unknown,
鹤壁日报,no_media,2022-05-26 08:49:09,2022-08-05 15:47:21,M->M,unknown,
鹤壁日报,no_media,2022-08-05 15:47:21,2022-09-05 10:22:31,M->M,unknown,
鹤壁日报,no_media,2022-09-05 10:22:31,2022-12-07 14:58:00,M->M,unknown,
鹤壁日报,no_media,2022-12-07 14:58:00,2022-12-16 08:10:32,M->M,unknown,
鹤壁日报,no_media,2022-12-16 08:10:32,2022-12-19 11:07:05,M->M,unknown,
鹤壁日报,no_media,2022-12-19 11:07:05,2023-02-15 08:25:40,M->M,unknown,
鹤壁网,no_media,2020-04-14 22:02:40,2020-04-30 15:16:18,M->M,unknown,
鹤祥泰-中医,no_media,2023-01-12 17:21:00,2023-01-16 18:41:00,M->M,unknown,
鹤祥泰-中医,no_media,2023-01-16 18:41:00,2023-01-17 16:27:00,M->M,unknown,
麦莉酥酥,no_media,2022-12-15 16:21:00,2022-12-15 16:27:00,L->M,unknown,
麦莉酥酥,no_media,2022-12-15 16:27:00,2022-12-16 19:43:00,M->M,unknown,
黄冈政府门户网,no_media,2020-02-25 11:02:01,2020-02-29 23:24:25,M->M,unknown,
黄冈政府门户网,no_media,2020-02-29 23:24:25,2020-03-01 11:24:03,M->M,unknown,
黄冈政府门户网,no_media,2020-03-01 11:24:03,2020-03-02 21:14:01,M->M,unknown,
黄冈政府门户网,no_media,2020-03-02 21:14:01,2020-03-06 20:12:55,M->M,unknown,
黄冈政府门户网,no_media,2020-03-06 20:12:55,2020-03-10 17:14:19,M->M,unknown,
黄冈政府门户网,no_media,2020-03-10 17:14:19,2020-03-15 14:24:22,M->M,unknown,
黄冈政府门户网,no_media,2020-03-15 14:24:22,2020-05-13 14:13:21,M->M,unknown,
黄冈政府门户网,no_media,2020-05-13 14:13:21,2020-07-14 10:26:58,M->M,unknown,
黄冈政府门户网,no_media,2020-07-14 10:26:58,2022-07-25 09:49:14,M->M,unknown,
黄冈政府门户网,no_media,2022-07-25 09:49:14,2022-12-11 14:28:59,M->M,unknown,
黄冈政府门户网,no_media,2022-12-11 14:28:59,2023-02-27 15:24:01,M->M,unknown,
黄河新闻网,no_media,2021-08-11 17:08:00,2022-03-23 11:27:09,M->M,unknown,
黄河新闻网,no_media,2022-03-23 11:27:09,2022-12-08 18:48:00,M->M,unknown,
黄河新闻网,no_media,2022-12-08 18:48:00,2023-01-05 09:04:02,M->M,unknown,
黄河新闻网忻州频道,no_media,2022-12-11 10:05:51,2023-03-01 09:03:02,M->M,unknown,
黄河新闻网忻州频道,no_media,2023-03-01 09:03:02,2023-12-16 21:51:00,M->M,unknown,
黄石发布,no_media,2020-02-01 11:23:34,2020-02-07 08:18:43,M->M,unknown,
黄石发布,no_media,2020-02-07 08:18:43,2020-02-07 16:11:15,M->M,unknown,
黄石发布,no_media,2020-02-07 16:11:15,2020-02-15 14:34:27,M->M,unknown,
黄石发布,no_media,2020-02-15 14:34:27,2020-02-20 11:44:41,M->M,unknown,
黄石发布,no_media,2020-02-20 11:44:41,2020-02-22 15:48:24,M->M,unknown,
黄石发布,no_media,2020-02-22 15:48:24,2020-02-22 16:00:00,M->M,unknown,
黄石发布,no_media,2020-02-22 16:00:00,2020-02-24 11:17:42,M->M,unknown,
黄石发布,no_media,2020-02-24 11:17:42,2020-02-25 17:16:45,M->M,unknown,
黄石发布,no_media,2020-02-25 17:16:45,2020-02-26 10:19:09,M->M,unknown,
黄石发布,no_media,2020-02-26 10:19:09,2020-02-26 22:37:13,M->M,unknown,
黄石发布,no_media,2020-02-26 22:37:13,2020-02-29 18:23:48,M->M,unknown,
黄石发布,no_media,2020-02-29 18:23:48,2020-03-02 19:39:39,M->M,unknown,
黄石发布,no_media,2020-03-02 19:39:39,2020-03-04 07:45:46,M->M,unknown,
黄石发布,no_media,2020-03-04 07:45:46,2020-03-06 13:21:08,M->M,unknown,
黄石发布,no_media,2020-03-06 13:21:08,2020-03-13 18:04:10,M->M,unknown,
黄石发布,no_media,2020-03-13 18:04:10,2020-03-14 22:27:58,M->M,unknown,
黄石发布,no_media,2020-03-14 22:27:58,2020-03-19 15:46:52,M->M,unknown,
黄石发布,no_media,2020-03-19 15:46:52,2020-03-24 15:22:09,M->M,unknown,
黄石发布,no_media,2020-03-24 15:22:09,2020-03-29 12:41:48,M->M,unknown,
黄石发布,no_media,2020-03-29 12:41:48,2020-04-06 20:11:23,M->M,unknown,
黄石发布,no_media,2020-04-06 20:11:23,2020-04-09 13:10:39,M->M,unknown,
黄石发布,no_media,2020-04-09 13:10:39,2020-04-14 22:07:08,M->M,unknown,
黄石发布,no_media,2020-04-14 22:07:08,2020-04-21 10:11:52,M->M,unknown,
黄石发布,no_media,2020-04-21 10:11:52,2020-04-21 20:38:13,M->M,unknown,
黄石发布,no_media,2020-04-21 20:38:13,2020-04-23 15:34:09,M->M,unknown,
黄石发布,no_media,2020-04-23 15:34:09,2021-02-20 16:52:58,M->M,unknown,
黄石发布,no_media,2021-02-20 16:52:58,2022-01-03 09:19:38,M->M,unknown,
黄石发布,no_media,2022-01-03 09:19:38,2022-01-28 20:11:17,M->M,unknown,
黄石发布,no_media,2022-01-28 20:11:17,2022-03-19 08:29:00,M->M,unknown,
黄石发布,no_media,2022-03-19 08:29:00,2022-12-01 20:28:52,M->M,unknown,
黄石发布,no_media,2022-12-01 20:28:52,2022-12-16 10:04:19,M->M,unknown,
黄石发布,no_media,2022-12-16 10:04:19,2022-12-18 11:58:47,M->M,unknown,
黄石市广播电视台,no_media,2017-11-01 20:19:38,2020-02-07 16:14:43,M->M,unknown,
黄石市广播电视台,no_media,2020-02-07 16:14:43,2020-02-11 08:39:55,M->M,unknown,
黄石市广播电视台,no_media,2020-02-11 08:39:55,2020-02-21 17:18:03,M->M,unknown,
黄石市广播电视台,no_media,2020-02-21 17:18:03,2020-02-24 09:33:48,M->M,unknown,
黄石市广播电视台,no_media,2020-02-24 09:33:48,2020-02-24 11:21:46,M->M,unknown,
黄石市广播电视台,no_media,2020-02-24 11:21:46,2020-02-25 17:14:19,M->M,unknown,
黄石市广播电视台,no_media,2020-02-25 17:14:19,2020-02-26 10:11:34,M->M,unknown,
黄石市广播电视台,no_media,2020-02-26 10:11:34,2020-02-27 18:33:36,M->M,unknown,
黄石市广播电视台,no_media,2020-02-27 18:33:36,2020-02-29 18:28:55,M->M,unknown,
黄石市广播电视台,no_media,2020-02-29 18:28:55,2020-03-07 20:33:41,M->M,unknown,
黄石市广播电视台,no_media,2020-03-07 20:33:41,2020-03-10 14:21:23,M->M,unknown,
黄石市广播电视台,no_media,2020-03-10 14:21:23,2020-03-14 17:18:18,M->M,unknown,
黄石市广播电视台,no_media,2020-03-14 17:18:18,2020-03-14 22:24:35,M->M,unknown,
黄石市广播电视台,no_media,2020-03-14 22:24:35,2020-04-06 20:16:06,M->M,unknown,
黄石市广播电视台,no_media,2020-04-06 20:16:06,2020-04-30 19:35:06,M->M,unknown,
黄石市广播电视台,no_media,2020-04-30 19:35:06,2020-07-31 00:00:33,M->M,unknown,
黄石市广播电视台,no_media,2020-07-31 00:00:33,2020-09-28 19:26:10,M->M,unknown,
黄石市广播电视台,no_media,2020-09-28 19:26:10,2020-12-29 19:03:00,M->M,unknown,
黄石市广播电视台,no_media,2020-12-29 19:03:00,2021-01-04 19:04:15,M->M,unknown,
黄石市广播电视台,no_media,2021-01-04 19:04:15,2021-01-05 19:45:22,M->M,unknown,
黄石市广播电视台,no_media,2021-01-05 19:45:22,2021-07-15 09:14:37,M->M,unknown,
黄石市广播电视台,no_media,2021-07-15 09:14:37,2022-01-28 20:18:07,M->M,unknown,
黄石市广播电视台,no_media,2022-01-28 20:18:07,2022-04-23 09:41:43,M->M,unknown,
黄石市广播电视台,no_media,2022-04-23 09:41:43,2022-04-24 09:21:03,M->M,unknown,
黄石市广播电视台,no_media,2022-04-24 09:21:03,2022-05-06 10:02:33,M->M,unknown,
黄石市广播电视台,no_media,2022-05-06 10:02:33,2022-05-10 09:23:04,M->M,unknown,
黄石市广播电视台,no_media,2022-05-10 09:23:04,2022-12-01 09:46:57,M->M,unknown,
黄茂欣,no_media,2022-12-29 22:23:00,2023-01-06 09:59:00,L->L,unknown,
黄道带1977,no_media,2022-12-27 17:25:00,2022-12-29 09:14:00,M->M,unknown,
黎明的希望夕阳的悲伤,no_media,2023-07-21 16:10:00,2023-10-08 22:52:00,L->M,unknown,
黑龙江交通广播,no_media,2020-02-09 19:54:36,2020-02-15 14:18:33,M->M,unknown,
黑龙江交通广播,no_media,2020-02-15 14:18:33,2020-02-17 13:17:24,M->M,unknown,
黑龙江交通广播,no_media,2020-02-17 13:17:24,2020-02-21 13:07:03,M->M,unknown,
黑龙江广播电视台,no_media,2022-12-16 08:18:09,2023-01-10 09:09:37,M->M,unknown,
黑龙江广播电视台,no_media,2023-01-10 09:09:37,2023-03-01 08:43:24,M->M,unknown,
黑龙江日报,no_media,2020-12-15 09:34:54,2021-02-07 20:49:02,M->M,unknown,
黑龙江日报,no_media,2021-02-07 20:49:02,2021-02-08 19:52:21,M->M,unknown,
黑龙江日报,no_media,2021-02-08 19:52:21,2021-02-13 22:07:19,M->M,unknown,
黑龙江日报,no_media,2021-02-13 22:07:19,2021-02-26 09:30:20,M->M,unknown,
黑龙江日报,no_media,2021-02-26 09:30:20,2021-02-26 10:18:26,M->M,unknown,
黑龙江日报,no_media,2021-02-26 10:18:26,2021-02-26 18:43:04,M->M,unknown,
黑龙江日报,no_media,2021-02-26 18:43:04,2021-05-21 14:11:31,M->M,unknown,
黑龙江日报,no_media,2021-05-21 14:11:31,2021-06-20 10:12:08,M->H,unknown,
黑龙江日报,no_media,2021-06-20 10:12:08,2021-06-20 10:54:06,H->M,unknown,
黑龙江日报,no_media,2021-06-20 10:54:06,2021-09-27 20:49:27,M->M,unknown,
黑龙江日报,no_media,2021-09-27 20:49:27,2021-09-29 14:43:13,M->M,unknown,
黑龙江日报,no_media,2021-09-29 14:43:13,2021-09-29 17:08:34,M->M,unknown,
黑龙江日报,no_media,2021-09-29 17:08:34,2021-12-11 12:35:00,M->M,unknown,
黑龙江日报,no_media,2021-12-11 12:35:00,2021-12-24 14:08:07,M->M,unknown,
黑龙江日报,no_media,2021-12-24 14:08:07,2021-12-29 21:10:52,M->M,unknown,
黑龙江日报,no_media,2021-12-29 21:10:52,2022-04-11 16:30:04,M->M,unknown,
黑龙江日报,no_media,2022-04-11 16:30:04,2022-06-21 11:51:16,M->M,unknown,
黑龙江日报,no_media,2022-06-21 11:51:16,2022-07-11 21:48:39,M->M,unknown,
黑龙江日报,no_media,2022-07-11 21:48:39,2022-11-20 15:04:54,M->M,unknown,
黑龙江日报,no_media,2022-11-20 15:04:54,2022-12-06 14:57:10,M->M,unknown,
黑龙江日报,no_media,2022-12-06 14:57:10,2022-12-07 13:42:14,M->M,unknown,
黑龙江日报,no_media,2022-12-07 13:42:14,2022-12-08 20:57:21,M->M,unknown,
黑龙江日报,no_media,2022-12-08 20:57:21,2022-12-15 16:33:31,M->M,unknown,
黑龙江日报,no_media,2022-12-15 16:33:31,2022-12-27 08:48:00,M->M,unknown,
黑龙江日报,no_media,2022-12-27 08:48:00,2023-01-02 17:37:18,M->M,unknown,
黑龙江日报,no_media,2023-01-02 17:37:18,2023-01-18 15:25:42,M->M,unknown,
黔东南新闻网官方微博,no_media,2020-02-20 09:50:13,2020-02-22 17:29:35,M->M,unknown,
黔东南新闻网官方微博,no_media,2020-02-22 17:29:35,2020-03-07 13:32:58,M->M,unknown,
黔东南新闻网官方微博,no_media,2020-03-07 13:32:58,2020-03-18 17:39:57,M->M,unknown,
黔东南新闻网官方微博,no_media,2020-03-18 17:39:57,2020-06-17 20:48:10,M->M,unknown,
黔东南新闻网官方微博,no_media,2020-06-17 20:48:10,2020-08-24 13:59:00,M->M,unknown,
黔东南新闻网官方微博,no_media,2020-08-24 13:59:00,2021-02-20 16:40:53,M->M,unknown,
黔东南新闻网官方微博,no_media,2021-02-20 16:40:53,2021-02-26 09:23:21,M->M,unknown,
黔东南新闻网官方微博,no_media,2021-02-26 09:23:21,2021-03-02 09:20:19,M->M,unknown,
黔东南新闻网官方微博,no_media,2021-03-02 09:20:19,2021-04-13 11:26:08,M->M,unknown,
黔东南新闻网官方微博,no_media,2021-04-13 11:26:08,2021-08-03 14:17:06,M->M,unknown,
黔东南新闻网官方微博,no_media,2021-08-03 14:17:06,2021-10-18 15:02:27,M->M,unknown,
黔东南新闻网官方微博,no_media,2021-10-18 15:02:27,2021-11-10 19:29:31,M->M,unknown,
黔东南新闻网官方微博,no_media,2021-11-10 19:29:31,2022-03-30 10:16:48,M->M,unknown,
黔东南新闻网官方微博,no_media,2022-03-30 10:16:48,2022-04-01 22:23:57,M->M,unknown,
黔东南新闻网官方微博,no_media,2022-04-01 22:23:57,2022-04-04 15:27:45,M->M,unknown,
黔东南新闻网官方微博,no_media,2022-04-04 15:27:45,2022-12-07 15:48:23,M->M,unknown,
黔东南新闻网官方微博,no_media,2022-12-07 15:48:23,2022-12-09 10:05:18,M->M,unknown,
黔东南新闻网官方微博,no_media,2022-12-09 10:05:18,2022-12-11 09:13:26,M->M,unknown,
黔东南新闻网官方微博,no_media,2022-12-11 09:13:26,2022-12-11 11:10:59,M->M,unknown,
黔东南新闻网官方微博,no_media,2022-12-11 11:10:59,2023-01-02 17:04:04,M->M,unknown,
黔东南新闻网官方微博,no_media,2023-01-02 17:04:04,2023-01-12 08:02:30,M->M,unknown,
點新聞dotdotnews,no_media,2022-03-24 19:57:00,2022-05-02 15:32:00,M->M,unknown,
點新聞dotdotnews,no_media,2022-05-02 15:32:00,2022-08-15 11:35:00,M->M,unknown,
點新聞dotdotnews,no_media,2022-08-15 11:35:00,2022-11-01 11:40:00,M->M,unknown,
點新聞dotdotnews,no_media,2022-11-01 11:40:00,2022-11-22 19:15:00,M->M,unknown,
齐鲁壹点,no_media,2020-02-10 08:48:38,2020-02-13 22:30:03,M->M,unknown,
齐鲁壹点,no_media,2020-02-13 22:30:03,2020-02-16 17:58:46,M->M,unknown,
齐鲁壹点,no_media,2020-02-16 17:58:46,2020-02-20 08:40:03,M->M,unknown,
齐鲁壹点,no_media,2020-02-20 08:40:03,2020-02-25 10:06:27,M->M,unknown,
齐鲁壹点,no_media,2020-02-25 10:06:27,2020-03-18 19:10:20,M->M,unknown,
齐鲁壹点,no_media,2020-03-18 19:10:20,2020-03-18 19:19:11,M->M,unknown,
齐鲁壹点,no_media,2020-03-18 19:19:11,2020-03-18 20:06:54,M->M,unknown,
齐鲁壹点,no_media,2020-03-18 20:06:54,2020-03-24 11:59:05,M->M,unknown,
齐鲁壹点,no_media,2020-03-24 11:59:05,2020-08-03 14:00:04,M->M,unknown,
齐鲁壹点,no_media,2020-08-03 14:00:04,2020-12-21 19:45:03,M->M,unknown,
齐鲁壹点,no_media,2020-12-21 19:45:03,2021-02-20 16:00:03,M->M,unknown,
齐鲁壹点,no_media,2021-02-20 16:00:03,2021-03-06 08:06:48,M->M,unknown,
齐鲁壹点,no_media,2021-03-06 08:06:48,2021-03-06 08:30:35,M->M,unknown,
齐鲁壹点,no_media,2021-03-06 08:30:35,2021-03-06 08:58:27,M->M,unknown,
齐鲁壹点,no_media,2021-03-06 08:58:27,2021-04-09 17:43:27,M->M,unknown,
齐鲁壹点,no_media,2021-04-09 17:43:27,2021-04-13 09:54:09,M->M,unknown,
齐鲁壹点,no_media,2021-04-13 09:54:09,2021-06-07 15:36:38,M->M,unknown,
齐鲁壹点,no_media,2021-06-07 15:36:38,2021-08-03 14:49:03,M->M,unknown,
齐鲁壹点,no_media,2021-08-03 14:49:03,2021-08-05 15:48:45,M->M,unknown,
齐鲁壹点,no_media,2021-08-05 15:48:45,2021-10-12 11:22:12,M->M,unknown,
齐鲁壹点,no_media,2021-10-12 11:22:12,2021-11-25 10:35:00,M->M,unknown,
齐鲁壹点,no_media,2021-11-25 10:35:00,2022-01-12 12:25:00,M->M,unknown,
齐鲁壹点,no_media,2022-01-12 12:25:00,2022-01-28 10:38:50,M->M,unknown,
齐鲁壹点,no_media,2022-01-28 10:38:50,2022-04-26 15:45:26,M->M,unknown,
齐鲁壹点,no_media,2022-04-26 15:45:26,2022-12-08 21:15:00,M->M,unknown,
齐鲁壹点,no_media,2022-12-08 21:15:00,2023-01-04 10:54:28,M->M,unknown,
齐鲁壹点,no_media,2023-01-04 10:54:28,2023-01-09 19:45:00,M->M,unknown,
齐鲁晚报,no_media,2020-01-24 13:59:42,2020-02-10 08:48:09,M->M,unknown,
齐鲁晚报,no_media,2020-02-10 08:48:09,2020-02-13 22:26:03,M->M,unknown,
齐鲁晚报,no_media,2020-02-13 22:26:03,2020-02-15 09:00:04,M->H,unknown,
齐鲁晚报,no_media,2020-02-15 09:00:04,2020-02-16 18:01:42,H->M,unknown,
齐鲁晚报,no_media,2020-02-16 18:01:42,2020-02-20 08:31:03,M->M,unknown,
齐鲁晚报,no_media,2020-02-20 08:31:03,2020-02-25 10:06:15,M->M,unknown,
齐鲁晚报,no_media,2020-02-25 10:06:15,2020-03-05 19:04:27,M->M,unknown,
齐鲁晚报,no_media,2020-03-05 19:04:27,2020-03-18 19:10:13,M->M,unknown,
齐鲁晚报,no_media,2020-03-18 19:10:13,2020-03-18 19:15:38,M->M,unknown,
齐鲁晚报,no_media,2020-03-18 19:15:38,2020-03-18 19:39:31,M->M,unknown,
齐鲁晚报,no_media,2020-03-18 19:39:31,2020-03-18 20:06:49,M->H,unknown,
齐鲁晚报,no_media,2020-03-18 20:06:49,2020-03-24 11:59:02,H->M,unknown,
齐鲁晚报,no_media,2020-03-24 11:59:02,2020-04-02 08:32:59,M->M,unknown,
齐鲁晚报,no_media,2020-04-02 08:32:59,2020-05-28 09:02:57,M->M,unknown,
齐鲁晚报,no_media,2020-05-28 09:02:57,2020-08-03 12:50:03,M->M,unknown,
齐鲁晚报,no_media,2020-08-03 12:50:03,2021-03-06 08:06:41,M->M,unknown,
齐鲁晚报,no_media,2021-03-06 08:06:41,2021-03-06 08:58:30,M->M,unknown,
齐鲁晚报,no_media,2021-03-06 08:58:30,2021-03-22 21:43:13,M->H,unknown,
齐鲁晚报,no_media,2021-03-22 21:43:13,2021-03-23 07:52:03,H->M,unknown,
齐鲁晚报,no_media,2021-03-23 07:52:03,2021-04-13 09:53:51,M->M,unknown,
齐鲁晚报,no_media,2021-04-13 09:53:51,2021-06-07 15:32:17,M->M,unknown,
齐鲁晚报,no_media,2021-06-07 15:32:17,2021-08-05 15:48:24,M->M,unknown,
齐鲁晚报,no_media,2021-08-05 15:48:24,2021-10-12 11:12:39,M->M,unknown,
齐鲁晚报,no_media,2021-10-12 11:12:39,2022-01-05 08:01:00,M->M,unknown,
齐鲁晚报,no_media,2022-01-05 08:01:00,2022-01-28 10:27:23,M->M,unknown,
齐鲁晚报,no_media,2022-01-28 10:27:23,2022-04-26 15:45:16,M->M,unknown,
齐鲁晚报,no_media,2022-04-26 15:45:16,2022-05-28 07:58:19,M->M,unknown,
齐鲁晚报,no_media,2022-05-28 07:58:19,2022-10-08 07:46:47,M->M,unknown,
齐鲁晚报,no_media,2022-10-08 07:46:47,2022-12-05 08:35:15,M->M,unknown,
齐鲁晚报,no_media,2022-12-05 08:35:15,2022-12-07 13:43:10,M->M,unknown,
齐鲁晚报,no_media,2022-12-07 13:43:10,2022-12-07 13:47:34,M->M,unknown,
齐鲁晚报,no_media,2022-12-07 13:47:34,2022-12-08 11:44:20,M->M,unknown,
齐鲁晚报,no_media,2022-12-08 11:44:20,2022-12-09 15:55:00,M->M,unknown,
齐鲁晚报,no_media,2022-12-09 15:55:00,2022-12-11 07:41:10,M->M,unknown,
齐鲁晚报,no_media,2022-12-11 07:41:10,2022-12-15 16:50:02,M->M,unknown,
齐鲁晚报,no_media,2022-12-15 16:50:02,2022-12-19 11:41:58,M->M,unknown,
齐鲁晚报,no_media,2022-12-19 11:41:58,2022-12-20 12:17:13,M->M,unknown,
齐鲁晚报,no_media,2022-12-20 12:17:13,2022-12-30 15:32:38,M->M,unknown,
齐鲁晚报,no_media,2022-12-30 15:32:38,2023-01-09 20:50:00,M->M,unknown,
齐鲁晚报,no_media,2023-01-09 20:50:00,2023-01-18 16:03:00,M->M,unknown,
齐鲁晚报,no_media,2023-01-18 16:03:00,2023-01-21 13:00:01,M->M,unknown,
齐鲁晚报-今日菏泽,no_media,2021-06-25 20:37:08,2021-08-23 08:46:01,M->M,unknown,
齐鲁晚报-今日菏泽,no_media,2021-08-23 08:46:01,2022-08-15 15:48:33,M->M,unknown,
齐鲁晚报-今日菏泽,no_media,2022-08-15 15:48:33,2022-08-22 14:32:16,M->M,unknown,
齐鲁晚报-今日菏泽,no_media,2022-08-22 14:32:16,2022-09-04 16:55:01,M->M,unknown,
齐鲁晚报-今日菏泽,no_media,2022-09-04 16:55:01,2022-12-10 20:56:14,M->M,unknown,
齐鲁晚报-今日菏泽,no_media,2022-12-10 20:56:14,2023-02-28 21:01:21,M->M,unknown,
齐鲁青未了-3,wemedia_only,2022-12-24 09:27:00,2023-01-07 23:35:00,M->M,risk,1.0
齐鲁青未了-3,wemedia_only,2023-01-07 23:35:00,2023-01-11 07:12:00,M->M,unknown,
齐鲁青未了-3,wemedia_only,2023-01-11 07:12:00,2023-07-29 08:31:00,M->M,unknown,
龙头视野,no_media,2020-02-21 16:00:04,2020-04-24 09:00:04,M->M,unknown,
龙头视野,no_media,2020-04-24 09:00:04,2021-01-27 09:22:27,M->M,unknown,
龙头视野,no_media,2021-01-27 09:22:27,2021-02-07 21:04:31,M->M,unknown,
龙头视野,no_media,2021-02-07 21:04:31,2021-02-08 20:00:30,M->M,unknown,
龙头视野,no_media,2021-02-08 20:00:30,2021-02-13 22:23:08,M->M,unknown,
龙头视野,no_media,2021-02-13 22:23:08,2021-02-26 09:37:04,M->M,unknown,
龙头视野,no_media,2021-02-26 09:37:04,2021-02-26 10:07:31,M->M,unknown,
龙头视野,no_media,2021-02-26 10:07:31,2021-02-26 18:43:16,M->M,unknown,
