user_name,exposure_group,prev_time,curr_time,transition,env_type,env_risk_ratio
-朱妈妈,no_media,2023-02-09 14:07:00,2023-02-09 14:34:00,M->M,unknown,
-朱妈妈,no_media,2023-02-09 14:34:00,2023-02-09 14:49:00,M->M,unknown,
-朱妈妈,no_media,2023-02-09 14:49:00,2023-02-09 14:57:00,M->M,unknown,
021视频,no_media,2022-12-08 08:52:45,2022-12-08 11:49:03,M->M,unknown,
021视频,no_media,2022-12-08 11:49:03,2022-12-26 08:54:07,M->M,unknown,
021视频,no_media,2022-12-26 08:54:07,2023-01-11 22:34:12,M->M,unknown,
1011陕西秦腔广播,no_media,2022-12-24 18:55:58,2023-01-02 18:19:11,M->M,unknown,
1011陕西秦腔广播,no_media,2023-01-02 18:19:11,2023-01-02 18:23:42,M->M,unknown,
2013静笃,no_media,2023-01-03 03:06:00,2023-01-11 22:31:00,M->H,unknown,
2013静笃,no_media,2023-01-11 22:31:00,2023-01-14 07:42:00,H->M,unknown,
365-厦门大雨,no_media,2023-01-06 07:57:00,2023-01-09 09:24:00,M->L,unknown,
Achen-阿晨,no_media,2022-12-26 02:28:00,2022-12-27 05:43:00,L->L,unknown,
Achen-阿晨,no_media,2022-12-27 05:43:00,2023-01-10 17:58:00,L->L,unknown,
Annann-陈言,no_media,2023-01-11 12:26:00,2023-01-12 16:09:00,L->L,unknown,
Annann-陈言,no_media,2023-01-12 16:09:00,2023-01-14 13:52:00,L->M,unknown,
Annann-陈言,no_media,2023-01-14 13:52:00,2023-01-17 19:25:00,M->M,unknown,
A退伍军人,mainstream_only,2022-12-06 14:30:00,2022-12-12 13:54:00,M->M,unknown,
Baby__砻and蕊,no_media,2022-12-28 11:38:00,2023-01-17 10:52:00,H->L,unknown,
Bobo-芃芃,no_media,2022-12-30 10:49:00,2023-02-10 11:42:00,L->L,unknown,
CGTN,no_media,2022-10-01 07:00:02,2022-11-04 23:00:02,M->M,unknown,
CGTN,no_media,2022-11-04 23:00:02,2022-12-24 20:30:03,M->M,unknown,
CGTN,no_media,2022-12-24 20:30:03,2023-01-11 09:00:02,M->M,unknown,
CGTN,no_media,2023-01-11 09:00:02,2023-01-14 13:30:04,M->M,unknown,
CGTN,no_media,2023-01-14 13:30:04,2023-01-18 20:45:01,M->M,unknown,
CGTN,no_media,2023-01-18 20:45:01,2023-01-25 22:30:03,M->M,unknown,
Danny赖,no_media,2022-12-27 20:47:00,2023-02-06 00:32:00,L->L,unknown,
Eva·Art,no_media,2022-12-21 08:35:00,2022-12-30 22:36:00,L->M,unknown,
Eva·Art,no_media,2022-12-30 22:36:00,2023-01-07 23:43:00,M->L,unknown,
FM955大医生来了,no_media,2023-01-11 14:59:39,2023-01-20 10:56:52,M->M,unknown,
GEM-NMN,no_media,2023-01-02 14:00:00,2023-01-10 13:39:00,M->M,unknown,
GEM-NMN,no_media,2023-01-10 13:39:00,2023-01-11 16:35:00,M->M,unknown,
GEM-NMN,no_media,2023-01-11 16:35:00,2023-01-13 11:27:00,M->M,unknown,
Gorgeous_Hope,no_media,2023-01-14 13:06:00,2023-01-21 06:55:00,M->M,unknown,
Gorgeous_Hope,no_media,2023-01-21 06:55:00,2023-01-22 23:19:00,M->M,unknown,
Gorgeous_Hope,no_media,2023-01-22 23:19:00,2023-02-04 00:40:00,M->M,unknown,
Gorgeous_Hope,no_media,2023-02-04 00:40:00,2023-02-10 20:01:00,M->L,unknown,
Gounun经典,no_media,2022-12-03 21:59:19,2022-12-07 10:33:51,M->M,unknown,
Gounun经典,no_media,2022-12-07 10:33:51,2022-12-09 10:47:02,M->M,unknown,
Gounun经典,no_media,2022-12-09 10:47:02,2022-12-21 09:17:56,M->M,unknown,
Gounun经典,no_media,2022-12-21 09:17:56,2022-12-21 16:35:22,M->M,unknown,
HomeTest丁妈家庭实验室,no_media,2023-01-06 07:43:00,2023-01-24 07:08:00,M->M,unknown,
IStarive,no_media,2022-12-19 20:31:00,2023-01-06 19:42:00,L->L,unknown,
IssacOnly,wemedia_only,2023-02-08 02:02:00,2023-02-11 00:02:00,L->M,risk,1.0
IssacOnly,wemedia_only,2023-02-11 00:02:00,2023-02-11 20:03:00,M->M,norisk,0.0
IssacOnly,wemedia_only,2023-02-11 20:03:00,2023-02-18 15:59:00,M->M,norisk,0.0
JohnnieWalker_,no_media,2023-01-26 11:05:00,2023-01-29 21:44:00,L->L,unknown,
Jokielicious,no_media,2022-10-04 17:58:00,2022-11-07 19:32:00,H->M,unknown,
Jokielicious,no_media,2022-11-07 19:32:00,2022-11-07 20:24:00,M->M,unknown,
Kamaria清和,no_media,2022-12-25 17:31:00,2023-01-02 20:53:00,H->H,unknown,
L__-__L,no_media,2023-01-20 15:15:00,2023-02-16 07:34:00,H->L,unknown,
Li了个梨,no_media,2022-12-23 07:43:00,2022-12-23 17:41:00,L->L,unknown,
MNT筋膜空间平衡,no_media,2023-02-08 23:07:00,2023-02-08 23:08:00,M->M,unknown,
MNT筋膜空间平衡,no_media,2023-02-08 23:08:00,2023-02-09 23:14:00,M->M,unknown,
Mozakii,no_media,2022-12-18 20:01:00,2022-12-19 20:35:00,L->M,unknown,
MusicFM993,no_media,2022-12-07 14:15:18,2022-12-07 17:18:00,M->M,unknown,
MusicFM993,no_media,2022-12-07 17:18:00,2022-12-09 13:40:16,M->M,unknown,
MusicFM993,no_media,2022-12-09 13:40:16,2022-12-10 23:03:11,M->M,unknown,
N视频,no_media,2022-12-10 21:53:39,2023-01-09 23:22:52,M->M,unknown,
PretendCole,no_media,2023-01-11 15:57:00,2023-01-13 22:16:00,L->L,unknown,
QH岐黄网,no_media,2022-10-08 17:30:02,2022-11-23 12:00:16,M->M,unknown,
QH岐黄网,no_media,2022-11-23 12:00:16,2022-11-23 17:00:28,M->M,unknown,
QH岐黄网,no_media,2022-11-23 17:00:28,2022-11-27 20:00:13,M->M,unknown,
QH岐黄网,no_media,2022-11-27 20:00:13,2022-12-08 11:01:55,M->M,unknown,
QH岐黄网,no_media,2022-12-08 11:01:55,2022-12-17 14:00:10,M->M,unknown,
QH岐黄网,no_media,2022-12-17 14:00:10,2022-12-28 15:00:13,M->M,unknown,
QH岐黄网,no_media,2022-12-28 15:00:13,2023-01-03 16:31:59,M->M,unknown,
QH岐黄网,no_media,2023-01-03 16:31:59,2023-02-20 16:05:27,M->M,unknown,
SARS_VOC_Tracker,no_media,2023-01-14 15:41:00,2023-01-21 01:03:00,M->M,unknown,
SODAsogagaga,no_media,2022-12-28 21:22:00,2022-12-30 11:55:00,L->L,unknown,
SODAsogagaga,no_media,2022-12-30 11:55:00,2022-12-30 19:06:00,L->M,unknown,
SODAsogagaga,no_media,2022-12-30 19:06:00,2023-01-20 14:40:00,M->L,unknown,
SUNSHINE雅雅666,no_media,2023-01-04 04:13:00,2023-01-04 04:15:00,H->H,unknown,
SUNSHINE雅雅666,no_media,2023-01-04 04:15:00,2023-01-07 20:15:00,H->L,unknown,
Seien是一条大咸鱼,no_media,2023-02-08 09:38:00,2023-02-08 11:43:00,H->L,unknown,
V新派网,no_media,2023-01-03 11:40:00,2023-01-04 13:50:00,M->M,unknown,
Y1ZE,no_media,2022-11-28 23:51:00,2022-12-02 13:36:00,M->M,unknown,
Y1ZE,no_media,2022-12-02 13:36:00,2022-12-19 23:41:00,M->M,unknown,
Y1ZE,no_media,2022-12-19 23:41:00,2022-12-19 23:42:00,M->M,unknown,
YG-iiiiiii,no_media,2022-12-23 21:27:00,2022-12-28 13:02:00,H->M,unknown,
YS_鸭比,no_media,2022-12-27 03:01:00,2022-12-27 20:44:00,H->L,unknown,
ZYZY_1219,no_media,2022-12-10 12:35:00,2022-12-15 14:02:00,M->M,unknown,
Zoe_DD,no_media,2023-02-06 11:43:00,2023-02-10 00:23:00,H->L,unknown,
__睡不醒小姐,no_media,2022-12-27 00:38:00,2023-01-01 22:52:00,L->L,unknown,
_阿阿阿阿阿晶er,wemedia_only,2023-01-03 12:58:00,2023-01-11 01:25:00,L->L,risk,1.0
evanfink西瓜,no_media,2023-01-05 14:37:00,2023-02-26 16:36:00,H->M,unknown,
loskyyyyloccyy,wemedia_only,2023-01-15 14:37:00,2023-01-15 18:41:00,M->M,norisk,0.5
loskyyyyloccyy,wemedia_only,2023-01-15 18:41:00,2023-01-16 14:57:00,M->M,norisk,0.5
lrine伊琳,wemedia_only,2022-12-29 13:46:00,2023-01-06 00:48:00,L->L,risk,1.0
nan晨露,no_media,2022-12-25 16:07:00,2022-12-30 22:20:00,H->L,unknown,
sanna-sanna,no_media,2022-10-13 08:22:00,2022-11-05 11:29:00,H->M,unknown,
sanna-sanna,no_media,2022-11-05 11:29:00,2022-11-09 07:56:00,M->M,unknown,
sanna-sanna,no_media,2022-11-09 07:56:00,2022-11-09 13:19:00,M->M,unknown,
sanna-sanna,no_media,2022-11-09 13:19:00,2022-11-16 02:16:00,M->M,unknown,
sanna-sanna,no_media,2022-11-16 02:16:00,2022-11-20 08:36:00,M->M,unknown,
sanna-sanna,no_media,2022-11-20 08:36:00,2022-12-01 21:34:00,M->M,unknown,
sanna-sanna,no_media,2022-12-01 21:34:00,2022-12-02 10:17:00,M->M,unknown,
sanna-sanna,no_media,2022-12-02 10:17:00,2022-12-17 15:02:00,M->H,unknown,
xiangxiang713,no_media,2023-01-05 18:26:00,2023-01-05 20:09:00,H->L,unknown,
yayahuhu,no_media,2023-01-19 16:33:00,2023-01-30 10:09:00,M->L,unknown,
一个人的街角zt,no_media,2023-01-01 20:28:00,2023-01-09 20:01:00,H->H,unknown,
七环视频,no_media,2022-10-13 17:30:02,2022-10-13 19:15:01,M->M,unknown,
七环视频,no_media,2022-10-13 19:15:01,2022-12-09 15:43:21,M->M,unknown,
七环视频,no_media,2022-12-09 15:43:21,2022-12-09 21:20:02,M->M,unknown,
七环视频,no_media,2022-12-09 21:20:02,2022-12-26 12:00:01,M->M,unknown,
七环视频,no_media,2022-12-26 12:00:01,2022-12-26 21:40:02,M->M,unknown,
七环视频,no_media,2022-12-26 21:40:02,2022-12-27 18:00:04,M->M,unknown,
七环视频,no_media,2022-12-27 18:00:04,2023-01-03 18:59:30,M->M,unknown,
万州发布,no_media,2022-12-05 07:33:32,2022-12-16 07:21:41,M->M,unknown,
万州发布,no_media,2022-12-16 07:21:41,2022-12-18 12:50:52,M->M,unknown,
万州发布,no_media,2022-12-18 12:50:52,2023-01-13 23:51:31,M->M,unknown,
三亚日报,no_media,2022-12-04 18:00:04,2022-12-08 20:10:03,M->M,unknown,
三亚日报,no_media,2022-12-08 20:10:03,2023-01-18 17:40:54,M->M,unknown,
三思逍遥,no_media,2022-10-09 09:03:00,2022-10-13 10:03:00,M->M,unknown,
三思逍遥,no_media,2022-10-13 10:03:00,2023-02-26 16:43:00,M->M,unknown,
三水之诗,no_media,2023-01-18 22:00:00,2023-01-23 00:33:00,H->L,unknown,
三水之诗,no_media,2023-01-23 00:33:00,2023-01-26 23:15:00,L->L,unknown,
三秦都市报,no_media,2022-11-19 09:27:29,2023-01-02 10:17:03,M->M,unknown,
三秦都市报,no_media,2023-01-02 10:17:03,2023-01-10 23:09:27,M->M,unknown,
三联生活周刊,no_media,2022-10-25 18:21:32,2022-11-21 18:55:47,M->M,unknown,
三联生活周刊,no_media,2022-11-21 18:55:47,2022-12-01 11:39:56,M->M,unknown,
三联生活周刊,no_media,2022-12-01 11:39:56,2022-12-04 09:22:33,M->M,unknown,
三联生活周刊,no_media,2022-12-04 09:22:33,2022-12-04 18:12:39,M->M,unknown,
三联生活周刊,no_media,2022-12-04 18:12:39,2022-12-08 18:50:00,M->M,unknown,
三联生活周刊,no_media,2022-12-08 18:50:00,2022-12-16 20:31:25,M->M,unknown,
三联生活周刊,no_media,2022-12-16 20:31:25,2022-12-18 12:04:07,M->M,unknown,
三联生活周刊,no_media,2022-12-18 12:04:07,2022-12-18 19:40:01,M->M,unknown,
三联生活周刊,no_media,2022-12-18 19:40:01,2022-12-22 21:47:25,M->M,unknown,
三联生活周刊,no_media,2022-12-22 21:47:25,2022-12-28 18:45:00,M->M,unknown,
三联生活周刊,no_media,2022-12-28 18:45:00,2023-01-02 10:42:20,M->M,unknown,
三联生活周刊,no_media,2023-01-02 10:42:20,2023-01-03 22:12:50,M->M,unknown,
三联生活周刊,no_media,2023-01-03 22:12:50,2023-01-13 20:53:59,M->M,unknown,
三联生活周刊,no_media,2023-01-13 20:53:59,2023-01-13 21:53:37,M->M,unknown,
三联生活周刊,no_media,2023-01-13 21:53:37,2023-01-18 15:31:04,M->M,unknown,
三联生活周刊,no_media,2023-01-18 15:31:04,2023-01-21 11:40:31,M->M,unknown,
上海体育发布,no_media,2022-11-15 10:40:00,2022-12-07 14:14:02,M->M,unknown,
上海体育发布,no_media,2022-12-07 14:14:02,2022-12-12 17:54:46,M->M,unknown,
上海反邪教,no_media,2023-01-10 10:50:00,2023-02-08 11:40:01,M->M,unknown,
上海发布,no_media,2022-12-07 14:03:14,2022-12-07 14:09:01,M->M,unknown,
上海发布,no_media,2022-12-07 14:09:01,2022-12-21 10:03:42,M->M,unknown,
上海发布,no_media,2022-12-21 10:03:42,2023-01-17 19:31:56,M->M,unknown,
上海奉贤发布,no_media,2022-12-07 14:17:00,2022-12-07 14:17:17,M->M,unknown,
上海奉贤发布,no_media,2022-12-07 14:17:17,2022-12-15 20:20:17,M->M,unknown,
上海奉贤发布,no_media,2022-12-15 20:20:17,2022-12-18 11:38:18,M->M,unknown,
上海奉贤发布,no_media,2022-12-18 11:38:18,2022-12-21 21:15:28,M->M,unknown,
上海奉贤发布,no_media,2022-12-21 21:15:28,2022-12-24 21:47:19,M->M,unknown,
上海奉贤发布,no_media,2022-12-24 21:47:19,2023-01-04 09:24:43,M->M,unknown,
上海奉贤发布,no_media,2023-01-04 09:24:43,2023-01-09 14:59:47,M->H,unknown,
上海奉贤发布,no_media,2023-01-09 14:59:47,2023-02-09 14:38:16,H->M,unknown,
上海宝山发布,no_media,2022-12-07 18:30:03,2022-12-15 17:26:18,M->M,unknown,
上海宝山发布,no_media,2022-12-15 17:26:18,2023-01-03 19:03:48,M->M,unknown,
上海徐汇发布,no_media,2022-10-26 09:28:45,2022-11-15 09:26:27,M->M,unknown,
上海徐汇发布,no_media,2022-11-15 09:26:27,2022-12-15 17:37:00,M->M,unknown,
上海徐汇发布,no_media,2022-12-15 17:37:00,2023-01-02 08:16:38,M->M,unknown,
上海徐汇发布,no_media,2023-01-02 08:16:38,2023-01-03 08:49:17,M->M,unknown,
上海徐汇发布,no_media,2023-01-03 08:49:17,2023-01-18 16:27:50,M->M,unknown,
上海徐汇发布,no_media,2023-01-18 16:27:50,2023-02-08 10:05:47,M->M,unknown,
上海徐汇发布,no_media,2023-02-08 10:05:47,2023-02-08 20:13:16,M->M,unknown,
上海松江发布,no_media,2022-10-27 09:08:58,2022-12-07 14:39:39,M->M,unknown,
上海松江发布,no_media,2022-12-07 14:39:39,2022-12-07 14:39:58,M->M,unknown,
上海松江发布,no_media,2022-12-07 14:39:58,2022-12-08 19:03:05,M->M,unknown,
上海松江发布,no_media,2022-12-08 19:03:05,2022-12-16 15:37:17,M->M,unknown,
上海松江发布,no_media,2022-12-16 15:37:17,2023-01-02 08:25:44,M->M,unknown,
上海松江发布,no_media,2023-01-02 08:25:44,2023-01-02 21:36:26,M->M,unknown,
上海松江发布,no_media,2023-01-02 21:36:26,2023-01-04 12:54:55,M->M,unknown,
上海松江发布,no_media,2023-01-04 12:54:55,2023-01-17 22:46:03,M->M,unknown,
上海松江发布,no_media,2023-01-17 22:46:03,2023-02-14 09:11:22,M->M,unknown,
上海虹口,no_media,2022-12-05 14:26:01,2022-12-05 14:50:02,M->M,unknown,
上海虹口,no_media,2022-12-05 14:50:02,2022-12-07 15:16:02,M->M,unknown,
上海虹口,no_media,2022-12-07 15:16:02,2022-12-09 18:32:01,M->M,unknown,
上海虹口,no_media,2022-12-09 18:32:01,2022-12-10 14:48:02,M->M,unknown,
上海虹口,no_media,2022-12-10 14:48:02,2022-12-11 09:00:26,M->M,unknown,
上海虹口,no_media,2022-12-11 09:00:26,2022-12-11 11:29:00,M->M,unknown,
上海虹口,no_media,2022-12-11 11:29:00,2022-12-11 14:12:00,M->M,unknown,
上海虹口,no_media,2022-12-11 14:12:00,2022-12-15 18:37:20,M->M,unknown,
上海虹口,no_media,2022-12-15 18:37:20,2022-12-21 14:25:05,M->M,unknown,
上海虹口,no_media,2022-12-21 14:25:05,2022-12-21 15:20:25,M->M,unknown,
上海虹口,no_media,2022-12-21 15:20:25,2022-12-23 21:20:01,M->M,unknown,
上海虹口,no_media,2022-12-23 21:20:01,2023-01-18 10:33:00,M->M,unknown,
上海静安,no_media,2022-12-04 20:40:33,2022-12-16 12:25:08,M->M,unknown,
上海静安,no_media,2022-12-16 12:25:08,2022-12-19 09:14:56,M->M,unknown,
上海静安,no_media,2022-12-19 09:14:56,2022-12-21 15:01:01,M->M,unknown,
上海静安,no_media,2022-12-21 15:01:01,2022-12-27 15:53:21,M->M,unknown,
上游新闻,no_media,2022-10-11 13:47:16,2022-11-02 20:16:25,M->M,unknown,
上游新闻,no_media,2022-11-02 20:16:25,2022-11-07 22:41:17,M->M,unknown,
上游新闻,no_media,2022-11-07 22:41:17,2022-11-17 17:58:42,M->M,unknown,
上游新闻,no_media,2022-11-17 17:58:42,2022-11-18 19:12:21,M->M,unknown,
上游新闻,no_media,2022-11-18 19:12:21,2022-11-20 21:54:25,M->M,unknown,
上游新闻,no_media,2022-11-20 21:54:25,2022-12-06 11:58:01,M->M,unknown,
上游新闻,no_media,2022-12-06 11:58:01,2022-12-09 12:56:29,M->M,unknown,
上游新闻,no_media,2022-12-09 12:56:29,2022-12-09 13:14:45,M->M,unknown,
上游新闻,no_media,2022-12-09 13:14:45,2022-12-18 09:18:57,M->M,unknown,
上游新闻,no_media,2022-12-18 09:18:57,2023-01-03 21:09:25,M->M,unknown,
上观新闻,no_media,2022-12-21 11:30:02,2022-12-23 17:35:44,M->M,unknown,
上观新闻,no_media,2022-12-23 17:35:44,2022-12-28 11:00:52,M->M,unknown,
上观新闻,no_media,2022-12-28 11:00:52,2022-12-30 10:58:03,M->M,unknown,
上观新闻,no_media,2022-12-30 10:58:03,2023-01-17 19:54:11,M->M,unknown,
上观新闻,no_media,2023-01-17 19:54:11,2023-01-18 16:46:34,M->M,unknown,
不如遇春风,no_media,2022-12-31 04:03:00,2023-01-02 10:04:00,H->M,unknown,
不如遇春风,no_media,2023-01-02 10:04:00,2023-01-09 15:17:00,M->M,unknown,
东南早报,no_media,2022-12-06 16:06:03,2022-12-08 20:01:29,M->M,unknown,
东南早报,no_media,2022-12-08 20:01:29,2022-12-21 11:33:21,M->M,unknown,
东南早报,no_media,2022-12-21 11:33:21,2022-12-26 12:20:11,M->M,unknown,
东南早报,no_media,2022-12-26 12:20:11,2022-12-26 12:41:47,M->M,unknown,
东南早报,no_media,2022-12-26 12:41:47,2023-01-20 14:11:14,M->M,unknown,
东南早报,no_media,2023-01-20 14:11:14,2023-01-21 17:14:36,M->M,unknown,
东南早报,no_media,2023-01-21 17:14:36,2023-01-27 16:48:11,M->M,unknown,
东南早报,no_media,2023-01-27 16:48:11,2023-01-28 09:52:14,M->M,unknown,
东南早报,no_media,2023-01-28 09:52:14,2023-02-14 23:03:53,M->M,unknown,
东方圣城网,no_media,2022-11-22 10:11:16,2022-11-22 10:21:18,M->M,unknown,
东方圣城网,no_media,2022-11-22 10:21:18,2022-12-01 14:54:09,M->M,unknown,
东方圣城网,no_media,2022-12-01 14:54:09,2022-12-01 16:18:31,M->M,unknown,
东方圣城网,no_media,2022-12-01 16:18:31,2022-12-06 10:57:46,M->M,unknown,
东方圣城网,no_media,2022-12-06 10:57:46,2022-12-07 14:50:16,M->M,unknown,
东方圣城网,no_media,2022-12-07 14:50:16,2022-12-08 09:23:30,M->M,unknown,
东方圣城网,no_media,2022-12-08 09:23:30,2022-12-08 19:09:25,M->M,unknown,
东方圣城网,no_media,2022-12-08 19:09:25,2022-12-08 20:37:36,M->M,unknown,
东方圣城网,no_media,2022-12-08 20:37:36,2022-12-12 13:59:11,M->M,unknown,
东方圣城网,no_media,2022-12-12 13:59:11,2022-12-18 10:46:47,M->M,unknown,
东方圣城网,no_media,2022-12-18 10:46:47,2022-12-20 15:05:47,M->M,unknown,
东方圣城网,no_media,2022-12-20 15:05:47,2022-12-26 12:11:33,M->M,unknown,
东方圣城网,no_media,2022-12-26 12:11:33,2022-12-27 14:06:17,M->M,unknown,
东方圣城网,no_media,2022-12-27 14:06:17,2022-12-27 16:15:49,M->M,unknown,
东方圣城网,no_media,2022-12-27 16:15:49,2022-12-27 16:16:53,M->M,unknown,
东方圣城网,no_media,2022-12-27 16:16:53,2022-12-30 14:35:58,M->M,unknown,
东方圣城网,no_media,2022-12-30 14:35:58,2022-12-31 19:51:57,M->M,unknown,
东方圣城网,no_media,2022-12-31 19:51:57,2023-01-04 12:05:26,M->M,unknown,
东方圣城网,no_media,2023-01-04 12:05:26,2023-01-07 12:11:46,M->M,unknown,
东方圣城网,no_media,2023-01-07 12:11:46,2023-01-16 11:56:31,M->M,unknown,
东方圣城网,no_media,2023-01-16 11:56:31,2023-01-21 14:53:50,M->L,unknown,
东方圣城网,no_media,2023-01-21 14:53:50,2023-02-01 16:03:26,L->M,unknown,
东方网,no_media,2022-10-26 12:04:22,2022-12-07 13:34:44,M->M,unknown,
东方网,no_media,2022-12-07 13:34:44,2022-12-09 10:49:01,M->M,unknown,
东方网,no_media,2022-12-09 10:49:01,2022-12-12 17:52:27,M->M,unknown,
东方网,no_media,2022-12-12 17:52:27,2023-01-17 19:38:37,M->M,unknown,
东营广播电视台,no_media,2022-11-18 10:43:58,2022-12-06 14:26:42,M->M,unknown,
东营广播电视台,no_media,2022-12-06 14:26:42,2022-12-07 09:25:25,M->M,unknown,
东营广播电视台,no_media,2022-12-07 09:25:25,2022-12-09 15:16:24,M->M,unknown,
东营广播电视台,no_media,2022-12-09 15:16:24,2022-12-16 09:35:04,M->M,unknown,
东营广播电视台,no_media,2022-12-16 09:35:04,2022-12-19 10:36:34,M->M,unknown,
东营广播电视台,no_media,2022-12-19 10:36:34,2022-12-23 10:34:36,M->M,unknown,
东营广播电视台,no_media,2022-12-23 10:34:36,2022-12-26 14:08:23,M->M,unknown,
东营广播电视台,no_media,2022-12-26 14:08:23,2023-01-02 09:08:42,M->M,unknown,
东营广播电视台,no_media,2023-01-02 09:08:42,2023-01-11 09:02:20,M->M,unknown,
东营广播电视台,no_media,2023-01-11 09:02:20,2023-02-15 07:52:21,M->M,unknown,
东营网警,no_media,2022-12-07 14:35:30,2022-12-08 09:28:19,M->M,unknown,
东西湖发布,no_media,2023-01-04 15:12:26,2023-01-09 18:37:56,M->M,unknown,
中医周晓卿主任,no_media,2023-01-24 12:11:00,2023-01-25 11:58:00,L->M,unknown,
中医周晓卿主任,no_media,2023-01-25 11:58:00,2023-01-27 10:48:00,M->M,unknown,
中医周晓卿主任,no_media,2023-01-27 10:48:00,2023-01-28 16:44:00,M->M,unknown,
中医周晓卿主任,no_media,2023-01-28 16:44:00,2023-02-01 18:23:00,M->M,unknown,
中医周晓卿主任,no_media,2023-02-01 18:23:00,2023-02-08 12:59:00,M->M,unknown,
中医周晓卿主任,no_media,2023-02-08 12:59:00,2023-02-13 12:39:00,M->M,unknown,
中医米奇,no_media,2023-02-08 15:45:00,2023-02-08 15:58:00,M->M,unknown,
中医米奇,no_media,2023-02-08 15:58:00,2023-02-12 15:20:00,M->L,unknown,
中医米奇,no_media,2023-02-12 15:20:00,2023-02-12 15:24:00,L->M,unknown,
中医米奇,no_media,2023-02-12 15:24:00,2023-02-12 15:30:00,M->M,unknown,
中医米奇,no_media,2023-02-12 15:30:00,2023-02-15 13:53:00,M->M,unknown,
中医米奇,no_media,2023-02-15 13:53:00,2023-02-15 16:49:00,M->L,unknown,
中医米奇,no_media,2023-02-15 16:49:00,2023-02-19 14:19:00,L->M,unknown,
中医米奇,no_media,2023-02-19 14:19:00,2023-02-21 15:55:00,M->M,unknown,
中医肖阁敏,no_media,2022-11-24 23:11:00,2023-01-25 10:28:00,M->M,unknown,
中医范圣华,wemedia_only,2023-01-07 11:59:00,2023-01-15 12:09:00,M->M,risk,1.0
中医范圣华,wemedia_only,2023-01-15 12:09:00,2023-01-16 08:30:00,M->M,risk,1.0
中医范圣华,wemedia_only,2023-01-16 08:30:00,2023-01-17 08:30:00,M->M,risk,1.0
中医范圣华,wemedia_only,2023-01-17 08:30:00,2023-01-18 08:30:00,M->M,risk,1.0
中医范圣华,wemedia_only,2023-01-18 08:30:00,2023-01-19 08:30:00,M->M,risk,1.0
中医范圣华,wemedia_only,2023-01-19 08:30:00,2023-01-20 08:30:00,M->M,norisk,0.0
中医范圣华,wemedia_only,2023-01-20 08:30:00,2023-01-21 12:18:00,M->M,risk,1.0
中医范圣华,wemedia_only,2023-01-21 12:18:00,2023-01-22 12:30:00,M->M,norisk,0.0
中医范圣华,wemedia_only,2023-01-22 12:30:00,2023-02-20 14:59:00,M->M,risk,1.0
中医范圣华,wemedia_only,2023-02-20 14:59:00,2023-02-22 08:45:00,M->M,risk,1.0
中医范圣华,wemedia_only,2023-02-22 08:45:00,2023-02-24 07:54:00,M->M,norisk,0.0
中医范圣华,wemedia_only,2023-02-24 07:54:00,2023-02-25 07:54:00,M->M,norisk,0.0
中医范圣华,wemedia_only,2023-02-25 07:54:00,2023-02-28 08:31:00,M->M,norisk,0.0
中国中医药报,no_media,2022-12-08 10:33:27,2022-12-15 16:46:00,M->M,unknown,
中国中医药报,no_media,2022-12-15 16:46:00,2022-12-19 10:16:14,M->M,unknown,
中国中医药报,no_media,2022-12-19 10:16:14,2022-12-26 14:10:00,M->M,unknown,
中国中医药报,no_media,2022-12-26 14:10:00,2022-12-28 11:02:03,M->M,unknown,
中国中医药报,no_media,2022-12-28 11:02:03,2022-12-30 13:01:00,M->M,unknown,
中国中医药报,no_media,2022-12-30 13:01:00,2023-01-04 10:52:15,M->M,unknown,
中国中医药报,no_media,2023-01-04 10:52:15,2023-01-05 10:49:47,M->M,unknown,
中国中医药报,no_media,2023-01-05 10:49:47,2023-01-11 11:43:00,M->M,unknown,
中国中医药报,no_media,2023-01-11 11:43:00,2023-01-16 13:12:00,M->M,unknown,
中国中医药报,no_media,2023-01-16 13:12:00,2023-01-19 10:34:42,M->M,unknown,
中国中医药报,no_media,2023-01-19 10:34:42,2023-01-31 10:48:00,M->M,unknown,
中国中医药报,no_media,2023-01-31 10:48:00,2023-01-31 14:59:00,M->M,unknown,
中国中医药报,no_media,2023-01-31 14:59:00,2023-02-06 16:52:01,M->M,unknown,
中国中医药报,no_media,2023-02-06 16:52:01,2023-02-10 16:47:00,M->M,unknown,
中国中医药报,no_media,2023-02-10 16:47:00,2023-02-17 17:09:00,M->M,unknown,
中国中医药报,no_media,2023-02-17 17:09:00,2023-02-27 13:21:00,M->M,unknown,
中国中医药报,no_media,2023-02-27 13:21:00,2023-02-28 13:38:08,M->M,unknown,
中国互联网联合辟谣平台,no_media,2022-12-23 10:40:05,2022-12-27 15:02:50,M->M,unknown,
中国互联网联合辟谣平台,no_media,2022-12-27 15:02:50,2022-12-28 15:26:29,M->M,unknown,
中国互联网联合辟谣平台,no_media,2022-12-28 15:26:29,2023-01-04 10:42:10,M->M,unknown,
中国吉林网,no_media,2022-12-08 11:22:15,2022-12-25 17:16:35,M->M,unknown,
中国吉林网,no_media,2022-12-25 17:16:35,2022-12-30 11:55:00,M->M,unknown,
中国吉林网,no_media,2022-12-30 11:55:00,2023-01-08 12:05:10,M->M,unknown,
中国商报,no_media,2022-11-24 15:44:20,2022-12-15 11:05:44,M->M,unknown,
中国商报,no_media,2022-12-15 11:05:44,2022-12-22 15:49:52,M->M,unknown,
中国商报,no_media,2022-12-22 15:49:52,2023-02-26 16:59:03,M->M,unknown,
中国宁波网,no_media,2022-12-14 17:07:12,2022-12-16 13:44:56,M->M,unknown,
中国宁波网,no_media,2022-12-16 13:44:56,2023-01-03 10:33:00,M->M,unknown,
中国教育报,no_media,2022-12-07 14:09:18,2022-12-15 16:56:18,M->M,unknown,
中国教育报,no_media,2022-12-15 16:56:18,2023-01-03 14:10:14,M->M,unknown,
中国教育报,no_media,2023-01-03 14:10:14,2023-01-09 18:30:00,M->M,unknown,
中国教育报,no_media,2023-01-09 18:30:00,2023-01-11 15:00:45,M->M,unknown,
中国新闻社,no_media,2022-12-07 20:48:44,2022-12-16 15:48:12,M->M,unknown,
中国新闻社,no_media,2022-12-16 15:48:12,2022-12-25 16:57:39,M->M,unknown,
中国新闻社,no_media,2022-12-25 16:57:39,2023-01-01 19:02:30,M->M,unknown,
中国新闻社,no_media,2023-01-01 19:02:30,2023-01-13 21:25:08,M->M,unknown,
中国日报-英语点津,no_media,2022-12-04 11:00:01,2022-12-07 17:03:23,M->M,unknown,
中国日报-英语点津,no_media,2022-12-07 17:03:23,2023-01-25 11:14:28,M->M,unknown,
中国日报中文网,no_media,2022-12-15 16:58:35,2022-12-30 09:39:08,M->M,unknown,
中国日报网,no_media,2022-12-01 09:41:12,2022-12-07 09:03:04,M->M,unknown,
中国日报网,no_media,2022-12-07 09:03:04,2022-12-07 20:46:29,M->M,unknown,
中国日报网,no_media,2022-12-07 20:46:29,2022-12-08 07:31:16,M->M,unknown,
中国日报网,no_media,2022-12-08 07:31:16,2022-12-08 09:06:35,M->M,unknown,
中国日报网,no_media,2022-12-08 09:06:35,2022-12-11 08:30:00,M->M,unknown,
中国日报网,no_media,2022-12-11 08:30:00,2022-12-15 20:00:01,M->M,unknown,
中国日报网,no_media,2022-12-15 20:00:01,2022-12-16 10:00:00,M->M,unknown,
中国日报网,no_media,2022-12-16 10:00:00,2022-12-16 11:30:01,M->M,unknown,
中国日报网,no_media,2022-12-16 11:30:01,2022-12-27 08:02:36,M->M,unknown,
中国日报网,no_media,2022-12-27 08:02:36,2022-12-27 08:29:36,M->M,unknown,
中国日报网,no_media,2022-12-27 08:29:36,2023-01-02 17:00:41,M->M,unknown,
中国日报网,no_media,2023-01-02 17:00:41,2023-01-18 22:00:04,M->M,unknown,
中国日报网,no_media,2023-01-18 22:00:04,2023-02-17 07:54:52,M->M,unknown,
中国水运报,no_media,2022-11-24 14:07:39,2022-11-29 15:41:42,M->M,unknown,
中国水运报,no_media,2022-11-29 15:41:42,2022-12-30 15:59:44,M->M,unknown,
中国水运报,no_media,2022-12-30 15:59:44,2023-01-01 16:32:30,M->M,unknown,
中国江苏网,no_media,2022-12-07 13:36:22,2022-12-08 09:09:36,M->M,unknown,
中国江苏网,no_media,2022-12-08 09:09:36,2022-12-09 10:36:28,M->M,unknown,
中国江苏网,no_media,2022-12-09 10:36:28,2022-12-09 16:00:13,M->M,unknown,
中国江苏网,no_media,2022-12-09 16:00:13,2022-12-15 17:29:43,M->M,unknown,
中国江苏网,no_media,2022-12-15 17:29:43,2022-12-21 22:16:43,M->M,unknown,
中国江苏网,no_media,2022-12-21 22:16:43,2023-01-18 16:03:17,M->M,unknown,
中国消费者报,no_media,2022-12-26 15:17:00,2023-02-28 12:02:44,M->M,unknown,
中国环境,no_media,2023-01-02 22:03:52,2023-01-09 09:01:01,M->M,unknown,
中国科普网,no_media,2022-11-29 19:46:10,2023-02-17 15:14:47,M->M,unknown,
中国经济周刊,no_media,2022-10-14 14:08:55,2022-12-01 22:10:00,M->M,unknown,
中国经济周刊,no_media,2022-12-01 22:10:00,2022-12-08 08:38:12,M->M,unknown,
中国经济周刊,no_media,2022-12-08 08:38:12,2022-12-15 18:24:47,M->M,unknown,
中国经济周刊,no_media,2022-12-15 18:24:47,2022-12-27 09:26:13,M->M,unknown,
中国经济周刊,no_media,2022-12-27 09:26:13,2022-12-30 14:07:37,M->M,unknown,
中国绿发会,no_media,2023-02-10 09:44:19,2023-02-20 15:32:17,M->M,unknown,
中国网,no_media,2022-12-07 14:20:27,2022-12-09 16:28:00,M->M,unknown,
中国网,no_media,2022-12-09 16:28:00,2022-12-14 18:03:00,M->M,unknown,
中国网,no_media,2022-12-14 18:03:00,2022-12-15 18:02:02,M->M,unknown,
中国网,no_media,2022-12-15 18:02:02,2023-01-03 16:46:00,M->M,unknown,
中国网新闻中心,no_media,2022-10-14 09:15:00,2022-11-24 22:34:01,M->M,unknown,
中国网新闻中心,no_media,2022-11-24 22:34:01,2022-11-29 21:30:01,M->M,unknown,
中国网新闻中心,no_media,2022-11-29 21:30:01,2022-12-07 13:57:01,M->M,unknown,
中国网新闻中心,no_media,2022-12-07 13:57:01,2022-12-15 19:00:01,M->M,unknown,
中国网新闻中心,no_media,2022-12-15 19:00:01,2022-12-18 19:20:00,M->M,unknown,
中国网新闻中心,no_media,2022-12-18 19:20:00,2022-12-19 12:28:00,M->M,unknown,
中国网新闻中心,no_media,2022-12-19 12:28:00,2022-12-27 16:50:01,M->M,unknown,
中国网新闻中心,no_media,2022-12-27 16:50:01,2023-01-03 08:07:45,M->M,unknown,
中国网新闻中心,no_media,2023-01-03 08:07:45,2023-01-03 10:34:48,M->M,unknown,
中国网财经,no_media,2022-11-04 16:08:40,2022-11-19 11:16:53,M->M,unknown,
中国网财经,no_media,2022-11-19 11:16:53,2022-11-24 14:48:45,M->M,unknown,
中国网财经,no_media,2022-11-24 14:48:45,2022-12-01 11:43:10,M->M,unknown,
中国网财经,no_media,2022-12-01 11:43:10,2022-12-01 15:05:28,M->M,unknown,
中国网财经,no_media,2022-12-01 15:05:28,2022-12-01 16:42:41,M->M,unknown,
中国网财经,no_media,2022-12-01 16:42:41,2022-12-04 15:12:13,M->M,unknown,
中国网财经,no_media,2022-12-04 15:12:13,2022-12-05 18:01:00,M->M,unknown,
中国网财经,no_media,2022-12-05 18:01:00,2022-12-07 13:30:52,M->M,unknown,
中国网财经,no_media,2022-12-07 13:30:52,2022-12-08 07:44:19,M->M,unknown,
中国网财经,no_media,2022-12-08 07:44:19,2022-12-11 21:19:49,M->M,unknown,
中国网财经,no_media,2022-12-11 21:19:49,2022-12-14 15:34:42,M->M,unknown,
中国网财经,no_media,2022-12-14 15:34:42,2022-12-15 18:10:50,M->M,unknown,
中国网财经,no_media,2022-12-15 18:10:50,2022-12-19 11:34:45,M->M,unknown,
中国网财经,no_media,2022-12-19 11:34:45,2022-12-24 18:18:46,M->M,unknown,
中国网财经,no_media,2022-12-24 18:18:46,2022-12-26 13:18:54,M->M,unknown,
中国网财经,no_media,2022-12-26 13:18:54,2022-12-30 10:38:37,M->M,unknown,
中国网财经,no_media,2022-12-30 10:38:37,2022-12-30 15:51:04,M->M,unknown,
中国青年网,no_media,2022-12-07 14:36:00,2022-12-08 08:31:33,M->M,unknown,
中国青年网,no_media,2022-12-08 08:31:33,2022-12-31 09:13:00,M->M,unknown,
中国青年网,no_media,2022-12-31 09:13:00,2022-12-31 11:29:00,M->M,unknown,
中国青年网,no_media,2022-12-31 11:29:00,2023-01-09 19:11:04,M->M,unknown,
中国青年网,no_media,2023-01-09 19:11:04,2023-01-12 11:33:00,M->M,unknown,
中国青年网,no_media,2023-01-12 11:33:00,2023-01-15 17:56:00,M->M,unknown,
中宏网,no_media,2022-11-03 08:48:57,2022-12-01 14:01:19,M->M,unknown,
中宏网,no_media,2022-12-01 14:01:19,2022-12-07 13:42:24,M->M,unknown,
中宏网,no_media,2022-12-07 13:42:24,2022-12-08 18:16:02,M->M,unknown,
中宏网,no_media,2022-12-08 18:16:02,2022-12-11 09:57:09,M->M,unknown,
中宏网,no_media,2022-12-11 09:57:09,2022-12-15 17:26:02,M->M,unknown,
中宏网,no_media,2022-12-15 17:26:02,2022-12-16 09:15:11,M->M,unknown,
中宏网,no_media,2022-12-16 09:15:11,2022-12-18 14:42:49,M->M,unknown,
中宏网,no_media,2022-12-18 14:42:49,2022-12-19 08:52:53,M->M,unknown,
中宏网,no_media,2022-12-19 08:52:53,2022-12-21 07:34:55,M->M,unknown,
中宏网,no_media,2022-12-21 07:34:55,2022-12-23 19:26:00,M->M,unknown,
中宏网,no_media,2022-12-23 19:26:00,2023-01-21 12:57:20,M->M,unknown,
中工网,no_media,2022-12-07 14:31:53,2022-12-16 10:45:29,M->M,unknown,
中工网,no_media,2022-12-16 10:45:29,2022-12-19 10:11:18,M->M,unknown,
中工网,no_media,2022-12-19 10:11:18,2022-12-23 13:26:11,M->M,unknown,
中工网,no_media,2022-12-23 13:26:11,2022-12-26 13:23:33,M->M,unknown,
中工网,no_media,2022-12-26 13:23:33,2022-12-26 14:07:39,M->M,unknown,
中工网,no_media,2022-12-26 14:07:39,2022-12-29 07:37:45,M->M,unknown,
中工网,no_media,2022-12-29 07:37:45,2022-12-31 07:32:39,M->M,unknown,
中工网,no_media,2022-12-31 07:32:39,2023-01-05 10:37:28,M->M,unknown,
中工网,no_media,2023-01-05 10:37:28,2023-01-13 10:04:00,M->M,unknown,
中工网,no_media,2023-01-13 10:04:00,2023-01-13 10:04:41,M->M,unknown,
中工网,no_media,2023-01-13 10:04:41,2023-01-15 11:23:59,M->M,unknown,
中工网,no_media,2023-01-15 11:23:59,2023-01-16 13:55:51,M->M,unknown,
中工网,no_media,2023-01-16 13:55:51,2023-01-18 15:20:46,M->M,unknown,
中新浙里,no_media,2022-12-05 09:38:00,2022-12-22 08:15:51,M->M,unknown,
中新浙里,no_media,2022-12-22 08:15:51,2022-12-26 14:07:23,M->M,unknown,
中新浙里,no_media,2022-12-26 14:07:23,2022-12-26 15:04:59,M->M,unknown,
中新浙里,no_media,2022-12-26 15:04:59,2022-12-27 14:43:21,M->M,unknown,
中新浙里,no_media,2022-12-27 14:43:21,2023-01-02 16:31:18,M->M,unknown,
中新浙里,no_media,2023-01-02 16:31:18,2023-01-03 14:06:20,M->M,unknown,
中新浙里,no_media,2023-01-03 14:06:20,2023-01-04 11:28:30,M->M,unknown,
中新社福建,no_media,2022-10-27 23:10:03,2022-12-18 23:18:08,M->M,unknown,
中新网海南,no_media,2022-10-01 11:43:01,2022-12-07 13:30:12,M->M,unknown,
中新网海南,no_media,2022-12-07 13:30:12,2022-12-17 17:13:09,M->M,unknown,
中新网海南,no_media,2022-12-17 17:13:09,2022-12-27 15:11:54,M->M,unknown,
中新视频,no_media,2022-10-13 17:29:11,2022-12-09 15:10:07,M->M,unknown,
中新视频,no_media,2022-12-09 15:10:07,2022-12-11 16:04:09,M->M,unknown,
中科大胡不归,no_media,2022-10-12 20:35:02,2022-11-16 10:32:04,M->M,unknown,
中科大胡不归,no_media,2022-11-16 10:32:04,2022-12-07 13:37:21,M->M,unknown,
中科大胡不归,no_media,2022-12-07 13:37:21,2022-12-10 14:30:54,M->M,unknown,
中科大胡不归,no_media,2022-12-10 14:30:54,2022-12-27 09:57:42,M->M,unknown,
中科大胡不归,no_media,2022-12-27 09:57:42,2023-01-07 22:40:42,M->M,unknown,
中科大胡不归,no_media,2023-01-07 22:40:42,2023-01-29 15:41:47,M->M,unknown,
中警安徽,no_media,2022-12-10 21:39:45,2022-12-10 21:39:45,M->M,unknown,
丰铝WV,no_media,2023-01-05 18:37:00,2023-01-17 10:27:00,M->M,unknown,
临沂发布,no_media,2022-12-08 15:40:02,2022-12-13 08:40:02,M->M,unknown,
临沂日报,no_media,2022-11-08 09:47:48,2022-12-15 11:39:55,M->M,unknown,
临沂日报,no_media,2022-12-15 11:39:55,2023-01-03 17:13:55,M->H,unknown,
临沧政法,mainstream_only,2023-01-03 10:43:00,2023-01-03 10:48:51,M->M,norisk,0.0
临渭检察,no_media,2022-10-09 15:56:29,2022-10-10 14:59:21,M->M,unknown,
临渭检察,no_media,2022-10-10 14:59:21,2022-10-25 16:00:38,M->M,unknown,
临渭检察,no_media,2022-10-25 16:00:38,2022-11-08 11:01:36,M->M,unknown,
临渭检察,no_media,2022-11-08 11:01:36,2022-12-05 09:09:41,M->M,unknown,
临渭检察,no_media,2022-12-05 09:09:41,2022-12-05 15:15:28,M->M,unknown,
临渭检察,no_media,2022-12-05 15:15:28,2022-12-06 09:18:43,M->M,unknown,
临渭检察,no_media,2022-12-06 09:18:43,2022-12-06 11:36:24,M->M,unknown,
临渭检察,no_media,2022-12-06 11:36:24,2022-12-07 09:35:52,M->M,unknown,
临渭检察,no_media,2022-12-07 09:35:52,2022-12-07 10:30:15,M->M,unknown,
临渭检察,no_media,2022-12-07 10:30:15,2022-12-07 11:04:14,M->M,unknown,
临渭检察,no_media,2022-12-07 11:04:14,2022-12-07 15:31:41,M->M,unknown,
临渭检察,no_media,2022-12-07 15:31:41,2022-12-07 15:42:35,M->M,unknown,
临渭检察,no_media,2022-12-07 15:42:35,2022-12-08 14:15:09,M->M,unknown,
临渭检察,no_media,2022-12-08 14:15:09,2022-12-08 15:40:43,M->M,unknown,
临渭检察,no_media,2022-12-08 15:40:43,2022-12-09 11:51:06,M->M,unknown,
临渭检察,no_media,2022-12-09 11:51:06,2022-12-09 14:11:37,M->M,unknown,
临渭检察,no_media,2022-12-09 14:11:37,2022-12-09 14:32:29,M->M,unknown,
临渭检察,no_media,2022-12-09 14:32:29,2022-12-09 15:29:14,M->M,unknown,
临渭检察,no_media,2022-12-09 15:29:14,2022-12-09 15:32:37,M->M,unknown,
临渭检察,no_media,2022-12-09 15:32:37,2022-12-12 08:48:41,M->M,unknown,
临渭检察,no_media,2022-12-12 08:48:41,2022-12-12 09:30:39,M->M,unknown,
临渭检察,no_media,2022-12-12 09:30:39,2022-12-14 16:47:26,M->M,unknown,
临渭检察,no_media,2022-12-14 16:47:26,2022-12-14 16:56:01,M->M,unknown,
临渭检察,no_media,2022-12-14 16:56:01,2022-12-20 14:59:41,M->M,unknown,
临渭检察,no_media,2022-12-20 14:59:41,2022-12-20 15:01:00,M->M,unknown,
临渭检察,no_media,2022-12-20 15:01:00,2022-12-20 15:08:51,M->M,unknown,
临渭检察,no_media,2022-12-20 15:08:51,2022-12-20 15:26:18,M->M,unknown,
临渭检察,no_media,2022-12-20 15:26:18,2022-12-20 15:27:20,M->M,unknown,
临渭检察,no_media,2022-12-20 15:27:20,2022-12-20 15:47:31,M->M,unknown,
临渭检察,no_media,2022-12-20 15:47:31,2022-12-20 16:13:12,M->M,unknown,
临渭检察,no_media,2022-12-20 16:13:12,2022-12-21 15:43:24,M->M,unknown,
临渭检察,no_media,2022-12-21 15:43:24,2022-12-21 16:13:06,M->M,unknown,
临渭检察,no_media,2022-12-21 16:13:06,2022-12-21 16:25:21,M->M,unknown,
为曼巴烽狂,no_media,2022-12-22 21:44:00,2022-12-26 11:42:00,M->L,unknown,
为曼巴烽狂,no_media,2022-12-26 11:42:00,2022-12-31 07:28:00,L->L,unknown,
主播李蔚,no_media,2022-11-24 07:53:00,2022-11-24 11:00:00,M->M,unknown,
乌兰浩特政法,mainstream_only,2022-10-14 13:15:26,2022-11-29 20:35:46,M->M,risk,1.0
乌兰浩特政法,mainstream_only,2022-11-29 20:35:46,2022-12-11 10:40:05,M->M,unknown,
乌兰浩特政法,mainstream_only,2022-12-11 10:40:05,2022-12-11 11:31:55,M->M,unknown,
乌兰浩特政法,mainstream_only,2022-12-11 11:31:55,2022-12-15 16:53:15,M->M,unknown,
乌兰浩特政法,mainstream_only,2022-12-15 16:53:15,2022-12-24 18:40:43,M->M,unknown,
乌兰浩特政法,mainstream_only,2022-12-24 18:40:43,2022-12-28 07:48:47,M->M,unknown,
乌兰浩特政法,mainstream_only,2022-12-28 07:48:47,2023-01-02 16:04:45,M->M,unknown,
乌兰浩特政法,mainstream_only,2023-01-02 16:04:45,2023-01-03 09:58:48,M->M,risk,1.0
云南发布,no_media,2022-12-04 22:45:56,2022-12-09 10:17:49,M->M,unknown,
云南发布,no_media,2022-12-09 10:17:49,2022-12-15 21:34:00,M->M,unknown,
云南发布,no_media,2022-12-15 21:34:00,2022-12-16 12:28:13,M->M,unknown,
云南发布,no_media,2022-12-16 12:28:13,2022-12-16 14:26:00,M->M,unknown,
云南发布,no_media,2022-12-16 14:26:00,2022-12-19 12:56:01,M->M,unknown,
云南发布,no_media,2022-12-19 12:56:01,2022-12-21 21:55:00,M->M,unknown,
云南发布,no_media,2022-12-21 21:55:00,2023-01-03 09:50:39,M->M,unknown,
云南发布,no_media,2023-01-03 09:50:39,2023-01-16 15:19:52,M->M,unknown,
云南发布,no_media,2023-01-16 15:19:52,2023-01-18 16:34:39,M->M,unknown,
云南政法,mainstream_only,2022-10-14 10:11:26,2022-11-29 21:39:31,M->M,unknown,
云南政法,mainstream_only,2022-11-29 21:39:31,2022-12-01 14:34:20,M->M,unknown,
云南政法,mainstream_only,2022-12-01 14:34:20,2022-12-07 14:42:22,M->M,unknown,
云南政法,mainstream_only,2022-12-07 14:42:22,2022-12-11 09:54:53,M->M,norisk,0.0
云南政法,mainstream_only,2022-12-11 09:54:53,2022-12-15 19:23:20,M->M,unknown,
云南政法,mainstream_only,2022-12-15 19:23:20,2022-12-18 17:00:06,M->M,norisk,0.0
云南政法,mainstream_only,2022-12-18 17:00:06,2022-12-18 19:21:48,M->M,unknown,
云南政法,mainstream_only,2022-12-18 19:21:48,2022-12-19 12:47:54,M->M,unknown,
云南政法,mainstream_only,2022-12-19 12:47:54,2022-12-21 08:34:59,M->M,unknown,
云南政法,mainstream_only,2022-12-21 08:34:59,2022-12-25 08:46:40,M->M,unknown,
云南政法,mainstream_only,2022-12-25 08:46:40,2022-12-25 15:40:54,M->M,unknown,
云南政法,mainstream_only,2022-12-25 15:40:54,2022-12-27 17:26:32,M->M,unknown,
云南政法,mainstream_only,2022-12-27 17:26:32,2023-01-02 08:32:56,M->M,unknown,
云南政法,mainstream_only,2023-01-02 08:32:56,2023-01-02 14:42:31,M->M,risk,1.0
云南政法,mainstream_only,2023-01-02 14:42:31,2023-01-03 10:37:35,M->M,risk,1.0
云南政法,mainstream_only,2023-01-03 10:37:35,2023-01-05 22:29:41,M->M,unknown,
云南政法,mainstream_only,2023-01-05 22:29:41,2023-01-07 08:53:08,M->M,unknown,
云南政法,mainstream_only,2023-01-07 08:53:08,2023-01-18 17:20:47,M->M,unknown,
云南法制报,no_media,2022-12-07 15:23:12,2023-01-03 16:27:42,M->M,unknown,
云南网,no_media,2022-12-07 13:50:43,2022-12-09 10:47:58,M->M,unknown,
云南网,no_media,2022-12-09 10:47:58,2022-12-15 17:17:36,M->M,unknown,
云南网,no_media,2022-12-15 17:17:36,2022-12-16 13:00:00,M->M,unknown,
云夏kylin,no_media,2022-12-22 11:27:00,2022-12-22 16:47:00,L->L,unknown,
互因科技,no_media,2022-12-15 20:11:30,2022-12-21 17:36:14,M->M,unknown,
互因科技,no_media,2022-12-21 17:36:14,2022-12-30 09:27:30,M->M,unknown,
互因科技,no_media,2022-12-30 09:27:30,2023-01-03 20:01:27,M->M,unknown,
互因科技,no_media,2023-01-03 20:01:27,2023-01-04 20:33:23,M->M,unknown,
亳州晚报,no_media,2022-12-07 13:40:57,2022-12-07 16:48:19,M->M,unknown,
亳州晚报,no_media,2022-12-07 16:48:19,2022-12-10 11:58:23,M->M,unknown,
亳州晚报,no_media,2022-12-10 11:58:23,2022-12-11 10:03:54,M->M,unknown,
亳州晚报,no_media,2022-12-11 10:03:54,2022-12-14 13:28:00,M->M,unknown,
亳州晚报,no_media,2022-12-14 13:28:00,2022-12-24 11:21:06,M->M,unknown,
亳州晚报,no_media,2022-12-24 11:21:06,2023-01-02 07:44:28,M->M,unknown,
亳州晚报,no_media,2023-01-02 07:44:28,2023-01-05 19:34:14,M->M,unknown,
亳州晚报,no_media,2023-01-05 19:34:14,2023-01-09 20:51:36,M->M,unknown,
亳州检察,no_media,2023-01-05 14:11:23,2023-02-08 09:39:13,M->M,unknown,
人民政协报,no_media,2022-11-18 10:32:34,2022-11-21 19:53:12,M->M,unknown,
人民政协报,no_media,2022-11-21 19:53:12,2022-12-04 16:01:32,M->M,unknown,
人民政协报,no_media,2022-12-04 16:01:32,2022-12-07 21:24:38,M->M,unknown,
人民政协报,no_media,2022-12-07 21:24:38,2022-12-08 19:20:56,M->M,unknown,
人民政协报,no_media,2022-12-08 19:20:56,2022-12-08 22:45:00,M->M,unknown,
人民政协报,no_media,2022-12-08 22:45:00,2022-12-11 09:17:45,M->M,unknown,
人民政协报,no_media,2022-12-11 09:17:45,2022-12-15 16:35:38,M->M,unknown,
人民政协报,no_media,2022-12-15 16:35:38,2022-12-16 16:54:56,M->M,unknown,
人民政协报,no_media,2022-12-16 16:54:56,2022-12-27 07:35:39,M->M,unknown,
人民政协报,no_media,2022-12-27 07:35:39,2023-01-13 12:18:26,M->M,unknown,
人民政协报,no_media,2023-01-13 12:18:26,2023-01-18 17:00:05,M->M,unknown,
人民政协网,no_media,2022-11-18 10:20:11,2022-11-21 20:05:42,M->M,unknown,
人民政协网,no_media,2022-11-21 20:05:42,2022-12-07 21:23:43,M->M,unknown,
人民政协网,no_media,2022-12-07 21:23:43,2022-12-08 19:03:43,M->M,unknown,
人民政协网,no_media,2022-12-08 19:03:43,2022-12-08 21:41:49,M->M,unknown,
人民政协网,no_media,2022-12-08 21:41:49,2022-12-09 09:56:10,M->M,unknown,
人民政协网,no_media,2022-12-09 09:56:10,2022-12-11 09:14:32,M->M,unknown,
人民政协网,no_media,2022-12-11 09:14:32,2022-12-15 16:30:31,M->M,unknown,
人民政协网,no_media,2022-12-15 16:30:31,2022-12-16 16:19:45,M->M,unknown,
人民政协网,no_media,2022-12-16 16:19:45,2023-01-13 14:30:39,M->M,unknown,
人民政协网,no_media,2023-01-13 14:30:39,2023-01-18 17:02:03,M->M,unknown,
人民日报海外版-海外网,no_media,2022-12-15 16:39:26,2022-12-16 07:38:29,M->M,unknown,
人民日报海外版-海外网,no_media,2022-12-16 07:38:29,2023-01-06 09:20:19,M->M,unknown,
人民日报海外版-海外网,no_media,2023-01-06 09:20:19,2023-01-18 18:29:08,M->M,unknown,
人民网云南频道,no_media,2022-12-21 16:10:28,2023-01-30 18:00:00,M->M,unknown,
人民网河南频道,no_media,2022-10-17 10:12:03,2022-11-22 20:28:07,M->M,unknown,
人民网河南频道,no_media,2022-11-22 20:28:07,2022-11-29 15:55:55,M->M,unknown,
人民网河南频道,no_media,2022-11-29 15:55:55,2022-12-03 15:27:57,M->M,unknown,
人民网河南频道,no_media,2022-12-03 15:27:57,2022-12-10 14:37:01,M->M,unknown,
人民网河南频道,no_media,2022-12-10 14:37:01,2022-12-11 21:40:04,M->M,unknown,
人民网河南频道,no_media,2022-12-11 21:40:04,2022-12-12 12:13:09,M->M,unknown,
人民网河南频道,no_media,2022-12-12 12:13:09,2022-12-12 13:35:25,M->M,unknown,
人民网河南频道,no_media,2022-12-12 13:35:25,2022-12-13 17:01:37,M->M,unknown,
人民网河南频道,no_media,2022-12-13 17:01:37,2022-12-13 19:11:22,M->M,unknown,
人民网河南频道,no_media,2022-12-13 19:11:22,2022-12-15 06:57:51,M->M,unknown,
人民网河南频道,no_media,2022-12-15 06:57:51,2022-12-18 17:19:49,M->M,unknown,
人民网河南频道,no_media,2022-12-18 17:19:49,2022-12-18 19:21:54,M->M,unknown,
人民网河南频道,no_media,2022-12-18 19:21:54,2022-12-21 09:12:55,M->M,unknown,
人民网河南频道,no_media,2022-12-21 09:12:55,2022-12-24 19:32:12,M->M,unknown,
人民网河南频道,no_media,2022-12-24 19:32:12,2022-12-25 09:40:50,M->M,unknown,
人民网河南频道,no_media,2022-12-25 09:40:50,2023-01-01 16:11:38,M->M,unknown,
人民网河南频道,no_media,2023-01-01 16:11:38,2023-01-01 19:37:51,M->M,unknown,
人民网河南频道,no_media,2023-01-01 19:37:51,2023-01-02 11:17:13,M->M,unknown,
人民网河南频道,no_media,2023-01-02 11:17:13,2023-01-04 05:58:47,M->M,unknown,
人民网河南频道,no_media,2023-01-04 05:58:47,2023-01-05 18:47:14,M->M,unknown,
人民网河南频道,no_media,2023-01-05 18:47:14,2023-01-12 16:45:08,M->M,unknown,
人民网河南频道,no_media,2023-01-12 16:45:08,2023-01-15 09:46:00,M->M,unknown,
人民网河南频道,no_media,2023-01-15 09:46:00,2023-01-30 10:46:58,M->M,unknown,
人民网湖北频道,no_media,2022-11-23 11:30:55,2022-12-06 09:06:01,M->M,unknown,
人民网湖北频道,no_media,2022-12-06 09:06:01,2023-01-02 08:49:43,M->M,unknown,
今日女报,no_media,2022-12-01 11:45:57,2022-12-04 11:04:03,M->M,unknown,
今日女报,no_media,2022-12-04 11:04:03,2022-12-18 13:19:09,M->M,unknown,
今日女报,no_media,2022-12-18 13:19:09,2022-12-29 10:47:30,M->M,unknown,
今日女报,no_media,2022-12-29 10:47:30,2023-01-09 19:57:24,M->M,unknown,
今日女报,no_media,2023-01-09 19:57:24,2023-01-13 19:31:54,M->L,unknown,
伊仕生物美赞医学检验所,no_media,2023-02-16 14:02:00,2023-02-24 16:06:00,M->M,unknown,
会宁发布,no_media,2022-12-07 09:42:04,2022-12-07 15:06:59,M->M,unknown,
传说otto,no_media,2023-01-03 09:58:00,2023-01-04 11:43:00,H->H,unknown,
传说otto,no_media,2023-01-04 11:43:00,2023-01-05 22:41:00,H->M,unknown,
传说otto,no_media,2023-01-05 22:41:00,2023-01-06 08:29:00,M->M,unknown,
传说otto,no_media,2023-01-06 08:29:00,2023-01-07 09:14:00,M->L,unknown,
传说otto,no_media,2023-01-07 09:14:00,2023-01-07 12:41:00,L->M,unknown,
佛门之生,no_media,2023-02-18 16:30:00,2023-02-18 16:34:00,H->H,unknown,
佛门之生,no_media,2023-02-18 16:34:00,2023-02-22 17:27:00,H->H,unknown,
佛门之生,no_media,2023-02-22 17:27:00,2023-02-22 17:37:00,H->H,unknown,
你想弄死我咋地,no_media,2023-01-09 03:16:00,2023-01-10 07:23:00,L->L,unknown,
侠客岛,no_media,2022-11-18 12:58:59,2022-12-07 13:28:42,M->M,unknown,
侠客岛,no_media,2022-12-07 13:28:42,2022-12-07 21:18:40,M->M,unknown,
侠客岛,no_media,2022-12-07 21:18:40,2022-12-08 18:48:05,M->M,unknown,
侠客岛,no_media,2022-12-08 18:48:05,2022-12-09 09:53:40,M->M,unknown,
侠客岛,no_media,2022-12-09 09:53:40,2022-12-26 11:28:38,M->M,unknown,
侠客岛,no_media,2022-12-26 11:28:38,2022-12-26 13:03:12,M->M,unknown,
偏头痛社区,no_media,2022-12-08 16:02:00,2022-12-28 21:28:00,M->M,unknown,
偏头痛社区,no_media,2022-12-28 21:28:00,2023-01-04 17:03:00,M->M,unknown,
偏头痛社区,no_media,2023-01-04 17:03:00,2023-01-06 16:50:00,M->L,unknown,
健康中国,no_media,2022-11-29 15:06:58,2022-12-07 13:28:55,M->M,unknown,
健康中国,no_media,2022-12-07 13:28:55,2022-12-07 13:33:38,M->M,unknown,
健康中国,no_media,2022-12-07 13:33:38,2022-12-08 10:55:03,M->M,unknown,
健康中国,no_media,2022-12-08 10:55:03,2022-12-11 15:45:01,M->M,unknown,
健康中国,no_media,2022-12-11 15:45:01,2022-12-16 15:35:01,M->M,unknown,
健康中国,no_media,2022-12-16 15:35:01,2022-12-16 20:01:00,M->M,unknown,
健康中国,no_media,2022-12-16 20:01:00,2022-12-21 13:34:01,M->M,unknown,
健康中国,no_media,2022-12-21 13:34:01,2022-12-22 21:26:02,M->M,unknown,
健康中国,no_media,2022-12-22 21:26:02,2022-12-24 13:32:00,M->M,unknown,
健康中国,no_media,2022-12-24 13:32:00,2022-12-25 16:38:01,M->M,unknown,
健康中国,no_media,2022-12-25 16:38:01,2022-12-27 13:24:03,M->M,unknown,
健康中国,no_media,2022-12-27 13:24:03,2022-12-27 13:25:17,M->M,unknown,
健康中国,no_media,2022-12-27 13:25:17,2022-12-27 13:26:24,M->M,unknown,
健康中国,no_media,2022-12-27 13:26:24,2022-12-29 17:26:01,M->M,unknown,
健康中国,no_media,2022-12-29 17:26:01,2022-12-30 08:41:28,M->M,unknown,
健康中国,no_media,2022-12-30 08:41:28,2023-01-03 08:44:01,M->M,unknown,
健康中国,no_media,2023-01-03 08:44:01,2023-01-04 15:00:02,M->M,unknown,
健康中国,no_media,2023-01-04 15:00:02,2023-01-27 09:03:01,M->M,unknown,
健康日报,no_media,2022-10-13 17:39:33,2022-10-14 13:15:03,M->M,unknown,
健康日报,no_media,2022-10-14 13:15:03,2022-11-01 11:31:32,M->M,unknown,
健康日报,no_media,2022-11-01 11:31:32,2022-12-03 11:01:20,M->M,unknown,
健康日报,no_media,2022-12-03 11:01:20,2022-12-08 09:58:15,M->M,unknown,
健康日报,no_media,2022-12-08 09:58:15,2022-12-08 10:10:43,M->M,unknown,
健康日报,no_media,2022-12-08 10:10:43,2022-12-18 17:19:14,M->M,unknown,
健康日报,no_media,2022-12-18 17:19:14,2022-12-18 19:57:11,M->M,unknown,
健康日报,no_media,2022-12-18 19:57:11,2022-12-19 12:33:36,M->M,unknown,
健康日报,no_media,2022-12-19 12:33:36,2022-12-19 12:48:07,M->M,unknown,
健康日报,no_media,2022-12-19 12:48:07,2022-12-19 14:03:47,M->M,unknown,
健康日报,no_media,2022-12-19 14:03:47,2022-12-20 12:48:03,M->M,unknown,
健康日报,no_media,2022-12-20 12:48:03,2022-12-24 09:07:47,M->M,unknown,
健康日报,no_media,2022-12-24 09:07:47,2022-12-29 15:04:17,M->M,unknown,
健康日报,no_media,2022-12-29 15:04:17,2023-01-02 08:36:07,M->M,unknown,
健康日报,no_media,2023-01-02 08:36:07,2023-01-02 09:32:55,M->M,unknown,
健康日报,no_media,2023-01-02 09:32:55,2023-01-03 12:13:27,M->M,unknown,
健康日报,no_media,2023-01-03 12:13:27,2023-01-03 12:21:43,M->M,unknown,
健康日报,no_media,2023-01-03 12:21:43,2023-01-03 12:49:57,M->M,unknown,
健康日报,no_media,2023-01-03 12:49:57,2023-01-05 16:21:38,M->M,unknown,
健康日报,no_media,2023-01-05 16:21:38,2023-01-06 09:03:40,M->M,unknown,
健康日报,no_media,2023-01-06 09:03:40,2023-01-10 16:27:44,M->M,unknown,
健康日报,no_media,2023-01-10 16:27:44,2023-01-11 15:46:01,M->M,unknown,
健康日报,no_media,2023-01-11 15:46:01,2023-01-14 13:55:48,M->M,unknown,
健康日报,no_media,2023-01-14 13:55:48,2023-01-14 14:34:06,M->M,unknown,
健康日报,no_media,2023-01-14 14:34:06,2023-01-15 14:59:28,M->M,unknown,
健康日报,no_media,2023-01-15 14:59:28,2023-01-21 12:49:46,M->M,unknown,
健康日报,no_media,2023-01-21 12:49:46,2023-02-10 11:01:05,M->M,unknown,
健康日报,no_media,2023-02-10 11:01:05,2023-02-10 18:23:08,M->H,unknown,
健康日报,no_media,2023-02-10 18:23:08,2023-02-13 13:23:53,H->H,unknown,
健识局,no_media,2023-01-05 18:24:00,2023-01-20 17:01:00,M->H,unknown,
元气先声合伙人招商中,no_media,2023-01-12 14:42:00,2023-01-12 14:43:00,H->H,unknown,
光明日报,no_media,2022-12-07 14:11:55,2022-12-15 10:00:00,M->M,unknown,
光明日报,no_media,2022-12-15 10:00:00,2022-12-17 09:00:01,M->M,unknown,
光明日报,no_media,2022-12-17 09:00:01,2022-12-27 16:00:04,M->M,unknown,
光明日报,no_media,2022-12-27 16:00:04,2022-12-30 16:48:15,M->M,unknown,
光明日报,no_media,2022-12-30 16:48:15,2023-01-25 10:02:25,M->M,unknown,
党报阅览室,no_media,2022-11-28 10:25:54,2022-12-19 10:36:23,M->M,unknown,
全南发布,mainstream_only,2022-12-01 12:55:57,2022-12-01 17:59:45,M->M,norisk,0.5
全南发布,mainstream_only,2022-12-01 17:59:45,2022-12-09 15:12:00,M->M,norisk,0.5
全南发布,mainstream_only,2022-12-09 15:12:00,2022-12-10 22:34:10,M->M,norisk,0.0
全南发布,mainstream_only,2022-12-10 22:34:10,2022-12-10 22:44:36,M->M,norisk,0.5
全南发布,mainstream_only,2022-12-10 22:44:36,2022-12-11 09:52:25,M->M,norisk,0.5
全南发布,mainstream_only,2022-12-11 09:52:25,2022-12-12 21:27:31,M->M,norisk,0.0
全南发布,mainstream_only,2022-12-12 21:27:31,2022-12-15 18:38:31,M->M,norisk,0.0
全南发布,mainstream_only,2022-12-15 18:38:31,2022-12-26 20:38:38,M->M,norisk,0.0
全南发布,mainstream_only,2022-12-26 20:38:38,2022-12-26 20:40:28,M->M,norisk,0.5
全南发布,mainstream_only,2022-12-26 20:40:28,2023-01-03 22:39:51,M->M,norisk,0.5
全国妇联女性之声,no_media,2022-11-18 17:37:55,2022-12-15 17:04:25,M->M,unknown,
全国妇联女性之声,no_media,2022-12-15 17:04:25,2023-01-07 08:35:36,M->M,unknown,
八納KA,no_media,2022-12-10 09:37:00,2022-12-20 14:23:00,M->L,unknown,
六安广播电视台,no_media,2022-12-11 10:12:10,2022-12-20 11:18:39,M->M,unknown,
六安广播电视台,no_media,2022-12-20 11:18:39,2022-12-23 10:15:11,M->M,unknown,
六安广播电视台,no_media,2022-12-23 10:15:11,2023-01-23 11:06:59,M->M,unknown,
兰州发布,no_media,2022-11-06 10:30:04,2022-11-06 15:46:36,M->M,unknown,
兰州发布,no_media,2022-11-06 15:46:36,2022-12-08 13:10:02,M->M,unknown,
兰州新区发布,no_media,2022-10-26 08:18:53,2022-11-06 16:09:51,M->M,unknown,
兰州新区发布,no_media,2022-11-06 16:09:51,2022-11-21 20:14:40,M->M,unknown,
兰州新区发布,no_media,2022-11-21 20:14:40,2022-11-29 17:11:58,M->M,unknown,
兰州新区发布,no_media,2022-11-29 17:11:58,2022-12-06 07:00:24,M->M,unknown,
兰州新区发布,no_media,2022-12-06 07:00:24,2022-12-07 13:54:30,M->M,unknown,
兰州新区发布,no_media,2022-12-07 13:54:30,2022-12-09 09:57:45,M->M,unknown,
兰州新区发布,no_media,2022-12-09 09:57:45,2022-12-10 11:43:05,M->M,unknown,
兰州新区发布,no_media,2022-12-10 11:43:05,2022-12-11 13:47:55,M->M,unknown,
兰州新区发布,no_media,2022-12-11 13:47:55,2022-12-18 15:48:31,M->M,unknown,
兰州新区发布,no_media,2022-12-18 15:48:31,2022-12-18 17:19:48,M->M,unknown,
兰州新区发布,no_media,2022-12-18 17:19:48,2023-01-06 18:10:52,M->M,unknown,
兰州检察,no_media,2022-11-18 10:44:26,2022-12-15 22:38:46,M->M,unknown,
兰州检察,no_media,2022-12-15 22:38:46,2022-12-23 10:20:05,M->M,unknown,
兰州检察,no_media,2022-12-23 10:20:05,2022-12-27 21:10:15,M->M,unknown,
冀看点,no_media,2022-12-09 10:47:27,2022-12-30 10:03:10,M->M,unknown,
内蒙古日报,no_media,2022-10-04 11:01:43,2022-10-06 10:45:45,M->M,unknown,
内蒙古日报,no_media,2022-10-06 10:45:45,2022-10-09 20:23:12,M->M,unknown,
内蒙古日报,no_media,2022-10-09 20:23:12,2022-10-10 20:17:23,M->M,unknown,
内蒙古日报,no_media,2022-10-10 20:17:23,2022-10-12 14:45:00,M->M,unknown,
内蒙古日报,no_media,2022-10-12 14:45:00,2022-10-14 09:02:50,M->M,unknown,
内蒙古日报,no_media,2022-10-14 09:02:50,2022-10-14 10:22:14,M->M,unknown,
内蒙古日报,no_media,2022-10-14 10:22:14,2022-10-14 10:44:38,M->M,unknown,
内蒙古日报,no_media,2022-10-14 10:44:38,2022-10-14 10:55:19,M->M,unknown,
内蒙古日报,no_media,2022-10-14 10:55:19,2022-10-14 10:57:36,M->M,unknown,
内蒙古日报,no_media,2022-10-14 10:57:36,2022-10-14 11:05:43,M->M,unknown,
内蒙古日报,no_media,2022-10-14 11:05:43,2022-10-14 11:16:51,M->M,unknown,
内蒙古日报,no_media,2022-10-14 11:16:51,2022-10-14 11:26:31,M->M,unknown,
内蒙古日报,no_media,2022-10-14 11:26:31,2022-10-14 11:38:10,M->M,unknown,
内蒙古日报,no_media,2022-10-14 11:38:10,2022-10-21 11:02:49,M->M,unknown,
内蒙古日报,no_media,2022-10-21 11:02:49,2022-10-22 10:44:59,M->M,unknown,
内蒙古日报,no_media,2022-10-22 10:44:59,2022-11-10 12:46:29,M->M,unknown,
内蒙古日报,no_media,2022-11-10 12:46:29,2022-11-14 14:03:38,M->M,unknown,
内蒙古日报,no_media,2022-11-14 14:03:38,2022-11-28 10:09:45,M->M,unknown,
内蒙古日报,no_media,2022-11-28 10:09:45,2022-12-02 08:31:41,M->M,unknown,
内蒙古日报,no_media,2022-12-02 08:31:41,2022-12-06 11:30:02,M->M,unknown,
内蒙古日报,no_media,2022-12-06 11:30:02,2022-12-06 14:56:54,M->M,unknown,
内蒙古日报,no_media,2022-12-06 14:56:54,2022-12-09 10:00:52,M->M,unknown,
内蒙古日报,no_media,2022-12-09 10:00:52,2022-12-11 10:15:28,M->M,unknown,
内蒙古日报,no_media,2022-12-11 10:15:28,2022-12-11 14:32:22,M->M,unknown,
内蒙古日报,no_media,2022-12-11 14:32:22,2022-12-11 14:48:00,M->M,unknown,
内蒙古日报,no_media,2022-12-11 14:48:00,2022-12-12 11:46:46,M->M,unknown,
内蒙古日报,no_media,2022-12-12 11:46:46,2022-12-14 11:15:00,M->M,unknown,
内蒙古日报,no_media,2022-12-14 11:15:00,2022-12-14 13:05:42,M->M,unknown,
内蒙古日报,no_media,2022-12-14 13:05:42,2022-12-15 16:43:45,M->M,unknown,
内蒙古日报,no_media,2022-12-15 16:43:45,2022-12-17 20:27:37,M->M,unknown,
内蒙古日报,no_media,2022-12-17 20:27:37,2022-12-21 21:26:05,M->M,unknown,
内蒙古日报,no_media,2022-12-21 21:26:05,2022-12-26 09:36:54,M->M,unknown,
内蒙古日报,no_media,2022-12-26 09:36:54,2022-12-30 11:11:48,M->M,unknown,
内蒙古日报,no_media,2022-12-30 11:11:48,2023-01-02 13:29:34,M->M,unknown,
内蒙古日报,no_media,2023-01-02 13:29:34,2023-01-02 19:09:00,M->M,unknown,
内蒙古日报,no_media,2023-01-02 19:09:00,2023-01-03 12:45:30,M->M,unknown,
内蒙古日报,no_media,2023-01-03 12:45:30,2023-01-04 16:40:00,M->M,unknown,
内蒙古日报,no_media,2023-01-04 16:40:00,2023-01-09 18:38:28,M->M,unknown,
内蒙古日报,no_media,2023-01-09 18:38:28,2023-01-16 10:58:00,M->M,unknown,
内蒙古日报,no_media,2023-01-16 10:58:00,2023-01-18 16:12:07,M->M,unknown,
内蒙古日报,no_media,2023-01-18 16:12:07,2023-01-19 19:48:00,M->M,unknown,
内蒙古日报,no_media,2023-01-19 19:48:00,2023-01-19 20:46:01,M->M,unknown,
内蒙古日报,no_media,2023-01-19 20:46:01,2023-02-03 21:03:00,M->M,unknown,
内蒙古晨报,no_media,2022-11-18 18:57:04,2022-11-29 14:58:17,M->M,unknown,
内蒙古晨报,no_media,2022-11-29 14:58:17,2022-12-05 08:44:28,M->M,unknown,
内蒙古晨报,no_media,2022-12-05 08:44:28,2022-12-10 10:16:20,M->M,unknown,
内蒙古晨报,no_media,2022-12-10 10:16:20,2022-12-23 14:38:05,M->M,unknown,
内蒙古晨报,no_media,2022-12-23 14:38:05,2022-12-31 10:39:43,M->M,unknown,
内蒙古晨报,no_media,2022-12-31 10:39:43,2023-01-03 17:33:29,M->M,unknown,
内蒙古晨报,no_media,2023-01-03 17:33:29,2023-01-04 10:51:57,M->M,unknown,
内蒙古晨报,no_media,2023-01-04 10:51:57,2023-01-07 08:29:07,M->M,unknown,
内蒙古长安网,no_media,2022-10-14 09:30:03,2022-12-16 12:30:02,M->M,unknown,
内蒙古长安网,no_media,2022-12-16 12:30:02,2023-01-05 17:00:05,M->M,unknown,
内蒙古长安网,no_media,2023-01-05 17:00:05,2023-01-11 13:00:00,M->M,unknown,
内蒙古长安网,no_media,2023-01-11 13:00:00,2023-01-19 13:00:00,M->M,unknown,
内蒙古长安网,no_media,2023-01-19 13:00:00,2023-02-08 19:00:02,M->M,unknown,
农民日报,no_media,2022-11-29 10:42:18,2022-11-29 16:27:41,M->M,unknown,
农民日报,no_media,2022-11-29 16:27:41,2022-12-01 12:52:42,M->M,unknown,
农民日报,no_media,2022-12-01 12:52:42,2022-12-04 13:15:50,M->M,unknown,
农民日报,no_media,2022-12-04 13:15:50,2022-12-06 08:46:12,M->M,unknown,
农民日报,no_media,2022-12-06 08:46:12,2022-12-07 14:22:57,M->M,unknown,
农民日报,no_media,2022-12-07 14:22:57,2022-12-07 19:16:40,M->M,unknown,
农民日报,no_media,2022-12-07 19:16:40,2022-12-08 21:03:20,M->M,unknown,
农民日报,no_media,2022-12-08 21:03:20,2022-12-09 11:39:38,M->M,unknown,
农民日报,no_media,2022-12-09 11:39:38,2022-12-14 17:10:34,M->M,unknown,
农民日报,no_media,2022-12-14 17:10:34,2022-12-16 14:47:31,M->M,unknown,
农民日报,no_media,2022-12-16 14:47:31,2023-01-17 08:38:44,M->M,unknown,
农民日报,no_media,2023-01-17 08:38:44,2023-01-18 17:48:24,M->M,unknown,
凤凰卫视,no_media,2022-10-17 16:00:04,2022-11-05 14:30:01,M->M,unknown,
凤凰卫视,no_media,2022-11-05 14:30:01,2022-12-10 20:08:27,M->M,unknown,
凤凰卫视,no_media,2022-12-10 20:08:27,2022-12-10 22:50:42,M->M,unknown,
凤凰卫视,no_media,2022-12-10 22:50:42,2022-12-12 11:30:06,M->M,unknown,
凤凰卫视,no_media,2022-12-12 11:30:06,2022-12-15 22:03:29,M->M,unknown,
凤凰卫视,no_media,2022-12-15 22:03:29,2022-12-22 18:30:01,M->M,unknown,
凤凰卫视,no_media,2022-12-22 18:30:01,2023-02-12 18:45:00,M->M,unknown,
凤凰卫视美洲台,no_media,2022-10-20 07:20:00,2022-12-15 05:44:00,M->M,unknown,
凤凰卫视美洲台,no_media,2022-12-15 05:44:00,2022-12-15 05:44:24,M->H,unknown,
凤凰卫视美洲台,no_media,2022-12-15 05:44:24,2023-01-13 07:12:00,H->M,unknown,
凤凰网,no_media,2022-12-22 09:44:52,2022-12-23 12:48:25,M->M,unknown,
凤凰网健康,no_media,2022-10-14 10:25:48,2022-11-02 08:51:21,M->M,unknown,
凤凰网健康,no_media,2022-11-02 08:51:21,2022-11-04 19:41:38,M->M,unknown,
凤凰网健康,no_media,2022-11-04 19:41:38,2022-12-01 11:04:53,M->M,unknown,
凤凰网健康,no_media,2022-12-01 11:04:53,2022-12-07 13:43:17,M->M,unknown,
凤凰网健康,no_media,2022-12-07 13:43:17,2022-12-07 17:44:13,M->M,unknown,
凤凰网健康,no_media,2022-12-07 17:44:13,2022-12-09 08:54:09,M->M,unknown,
凤凰网健康,no_media,2022-12-09 08:54:09,2022-12-11 10:27:43,M->M,unknown,
凤凰网健康,no_media,2022-12-11 10:27:43,2022-12-13 16:37:11,M->M,unknown,
凤凰网健康,no_media,2022-12-13 16:37:11,2022-12-14 15:08:13,M->M,unknown,
凤凰网健康,no_media,2022-12-14 15:08:13,2022-12-18 12:00:30,M->M,unknown,
凤凰网健康,no_media,2022-12-18 12:00:30,2022-12-19 10:04:26,M->M,unknown,
凤凰网健康,no_media,2022-12-19 10:04:26,2022-12-21 17:36:41,M->M,unknown,
凤凰网健康,no_media,2022-12-21 17:36:41,2022-12-22 09:53:36,M->M,unknown,
凤凰网健康,no_media,2022-12-22 09:53:36,2022-12-23 10:11:05,M->M,unknown,
凤凰网健康,no_media,2022-12-23 10:11:05,2022-12-29 11:08:49,M->M,unknown,
凤凰网健康,no_media,2022-12-29 11:08:49,2022-12-30 09:31:21,M->M,unknown,
凤凰网健康,no_media,2022-12-30 09:31:21,2022-12-30 09:56:22,M->M,unknown,
凤凰网健康,no_media,2022-12-30 09:56:22,2022-12-30 09:56:22,M->M,unknown,
凤凰网健康,no_media,2022-12-30 09:56:22,2022-12-31 12:54:35,M->M,unknown,
凤凰网健康,no_media,2022-12-31 12:54:35,2022-12-31 13:37:16,M->M,unknown,
凤凰网健康,no_media,2022-12-31 13:37:16,2023-01-01 12:24:53,M->M,unknown,
凤凰网健康,no_media,2023-01-01 12:24:53,2023-01-04 20:27:11,M->M,unknown,
凤凰网科技,no_media,2022-12-11 07:12:46,2022-12-13 16:25:16,M->M,unknown,
凤凰网科技,no_media,2022-12-13 16:25:16,2022-12-18 11:57:04,M->M,unknown,
凤凰网科技,no_media,2022-12-18 11:57:04,2022-12-26 21:38:15,M->M,unknown,
凤凰网视频,no_media,2022-12-01 11:49:08,2022-12-09 09:15:20,M->M,unknown,
凤凰网视频,no_media,2022-12-09 09:15:20,2023-01-01 10:43:14,M->M,unknown,
凤凰网视频,no_media,2023-01-01 10:43:14,2023-01-02 11:04:43,M->M,unknown,
凤凰网视频,no_media,2023-01-02 11:04:43,2023-01-05 11:58:25,M->M,unknown,
凤凰网视频,no_media,2023-01-05 11:58:25,2023-01-21 13:10:00,M->M,unknown,
分宜发布,no_media,2022-11-27 12:59:58,2022-12-10 19:07:01,M->M,unknown,
分宜发布,no_media,2022-12-10 19:07:01,2022-12-12 18:35:23,M->M,unknown,
分宜发布,no_media,2022-12-12 18:35:23,2022-12-16 16:54:29,M->M,unknown,
分宜发布,no_media,2022-12-16 16:54:29,2023-01-02 11:08:11,M->M,unknown,
分宜发布,no_media,2023-01-02 11:08:11,2023-01-04 11:32:39,M->M,unknown,
动感936,no_media,2022-12-07 17:22:39,2022-12-30 11:27:34,M->M,unknown,
动静贵州,no_media,2022-12-10 23:12:19,2022-12-16 15:39:44,M->M,unknown,
努力修炼的Lily,no_media,2022-12-29 18:45:00,2022-12-29 21:19:00,L->L,unknown,
包头新闻网,no_media,2022-12-06 09:46:52,2022-12-09 10:36:06,M->M,unknown,
包头新闻网,no_media,2022-12-09 10:36:06,2022-12-09 20:13:44,M->M,unknown,
包头新闻网,no_media,2022-12-09 20:13:44,2022-12-18 17:09:30,M->M,unknown,
包头新闻网,no_media,2022-12-18 17:09:30,2023-01-04 15:16:01,M->M,unknown,
包头新闻网,no_media,2023-01-04 15:16:01,2023-01-09 10:05:04,M->M,unknown,
北京交通广播,no_media,2022-11-29 17:54:47,2022-12-01 18:24:35,M->M,unknown,
北京交通广播,no_media,2022-12-01 18:24:35,2022-12-01 18:38:55,M->M,unknown,
北京交通广播,no_media,2022-12-01 18:38:55,2022-12-02 08:06:29,M->M,unknown,
北京交通广播,no_media,2022-12-02 08:06:29,2022-12-02 18:36:01,M->M,unknown,
北京交通广播,no_media,2022-12-02 18:36:01,2022-12-03 10:45:25,M->M,unknown,
北京交通广播,no_media,2022-12-03 10:45:25,2022-12-03 10:47:01,M->M,unknown,
北京交通广播,no_media,2022-12-03 10:47:01,2022-12-03 11:01:07,M->M,unknown,
北京交通广播,no_media,2022-12-03 11:01:07,2022-12-03 11:06:41,M->M,unknown,
北京交通广播,no_media,2022-12-03 11:06:41,2022-12-03 11:15:17,M->M,unknown,
北京交通广播,no_media,2022-12-03 11:15:17,2022-12-05 18:17:19,M->M,unknown,
北京交通广播,no_media,2022-12-05 18:17:19,2022-12-07 13:28:33,M->M,unknown,
北京交通广播,no_media,2022-12-07 13:28:33,2022-12-07 22:11:41,M->M,unknown,
北京交通广播,no_media,2022-12-07 22:11:41,2022-12-10 16:39:34,M->M,unknown,
北京交通广播,no_media,2022-12-10 16:39:34,2022-12-10 16:49:10,M->M,unknown,
北京交通广播,no_media,2022-12-10 16:49:10,2022-12-10 18:55:27,M->M,unknown,
北京交通广播,no_media,2022-12-10 18:55:27,2022-12-10 19:10:12,M->M,unknown,
北京交通广播,no_media,2022-12-10 19:10:12,2022-12-10 19:11:13,M->M,unknown,
北京交通广播,no_media,2022-12-10 19:11:13,2022-12-10 19:13:12,M->M,unknown,
北京交通广播,no_media,2022-12-10 19:13:12,2022-12-10 20:05:19,M->M,unknown,
北京交通广播,no_media,2022-12-10 20:05:19,2022-12-10 20:56:56,M->M,unknown,
北京交通广播,no_media,2022-12-10 20:56:56,2022-12-11 11:29:06,M->M,unknown,
北京交通广播,no_media,2022-12-11 11:29:06,2022-12-15 08:39:56,M->M,unknown,
北京交通广播,no_media,2022-12-15 08:39:56,2022-12-15 11:32:22,M->M,unknown,
北京交通广播,no_media,2022-12-15 11:32:22,2022-12-15 14:52:08,M->L,unknown,
北京交通广播,no_media,2022-12-15 14:52:08,2022-12-16 09:05:05,L->M,unknown,
北京交通广播,no_media,2022-12-16 09:05:05,2022-12-19 16:49:52,M->M,unknown,
北京交通广播,no_media,2022-12-19 16:49:52,2022-12-21 22:15:29,M->M,unknown,
北京交通广播,no_media,2022-12-21 22:15:29,2022-12-22 15:00:53,M->M,unknown,
北京交通广播,no_media,2022-12-22 15:00:53,2022-12-24 10:34:12,M->M,unknown,
北京交通广播,no_media,2022-12-24 10:34:12,2022-12-26 20:35:08,M->M,unknown,
北京交通广播,no_media,2022-12-26 20:35:08,2022-12-26 20:36:28,M->M,unknown,
北京交通广播,no_media,2022-12-26 20:36:28,2022-12-27 13:36:31,M->M,unknown,
北京交通广播,no_media,2022-12-27 13:36:31,2022-12-30 22:47:46,M->M,unknown,
北京交通广播,no_media,2022-12-30 22:47:46,2022-12-30 22:53:03,M->M,unknown,
北京交通广播,no_media,2022-12-30 22:53:03,2022-12-30 22:54:59,M->M,unknown,
北京交通广播,no_media,2022-12-30 22:54:59,2023-01-01 15:47:47,M->M,unknown,
北京交通广播,no_media,2023-01-01 15:47:47,2023-01-02 20:47:10,M->M,unknown,
北京交通广播,no_media,2023-01-02 20:47:10,2023-01-04 21:10:59,M->M,unknown,
北京交通广播,no_media,2023-01-04 21:10:59,2023-01-13 15:50:46,M->M,unknown,
北京发布,no_media,2022-11-14 18:11:35,2022-11-27 18:40:50,M->M,unknown,
北京发布,no_media,2022-11-27 18:40:50,2022-11-28 21:18:25,M->M,unknown,
北京发布,no_media,2022-11-28 21:18:25,2022-11-29 18:14:00,M->M,unknown,
北京发布,no_media,2022-11-29 18:14:00,2022-12-01 16:51:00,M->M,unknown,
北京发布,no_media,2022-12-01 16:51:00,2022-12-01 18:16:39,M->M,unknown,
北京发布,no_media,2022-12-01 18:16:39,2022-12-03 19:39:00,M->M,unknown,
北京发布,no_media,2022-12-03 19:39:00,2022-12-04 14:15:00,M->M,unknown,
北京发布,no_media,2022-12-04 14:15:00,2022-12-05 18:17:35,M->M,unknown,
北京发布,no_media,2022-12-05 18:17:35,2022-12-07 10:51:00,M->M,unknown,
北京发布,no_media,2022-12-07 10:51:00,2022-12-07 20:59:16,M->M,unknown,
北京发布,no_media,2022-12-07 20:59:16,2022-12-10 19:16:45,M->M,unknown,
北京发布,no_media,2022-12-10 19:16:45,2022-12-12 19:40:02,M->M,unknown,
北京发布,no_media,2022-12-12 19:40:02,2022-12-15 17:42:14,M->M,unknown,
北京发布,no_media,2022-12-15 17:42:14,2022-12-16 20:14:01,M->M,unknown,
北京发布,no_media,2022-12-16 20:14:01,2022-12-19 17:03:52,M->M,unknown,
北京发布,no_media,2022-12-19 17:03:52,2022-12-19 17:05:12,M->M,unknown,
北京发布,no_media,2022-12-19 17:05:12,2022-12-22 21:15:00,M->M,unknown,
北京发布,no_media,2022-12-22 21:15:00,2022-12-26 13:45:01,M->M,unknown,
北京发布,no_media,2022-12-26 13:45:01,2022-12-26 17:49:00,M->M,unknown,
北京发布,no_media,2022-12-26 17:49:00,2022-12-30 20:18:01,M->M,unknown,
北京发布,no_media,2022-12-30 20:18:01,2022-12-31 09:09:30,M->M,unknown,
北京发布,no_media,2022-12-31 09:09:30,2023-01-04 12:40:01,M->M,unknown,
北京商报,no_media,2022-10-12 13:21:43,2022-10-14 09:02:55,M->M,unknown,
北京商报,no_media,2022-10-14 09:02:55,2022-11-03 10:13:08,M->M,unknown,
北京商报,no_media,2022-11-03 10:13:08,2022-12-01 11:23:33,M->M,unknown,
北京商报,no_media,2022-12-01 11:23:33,2022-12-07 14:02:07,M->M,unknown,
北京商报,no_media,2022-12-07 14:02:07,2022-12-27 12:54:28,M->M,unknown,
北京商报,no_media,2022-12-27 12:54:28,2022-12-28 14:51:52,M->M,unknown,
北京商报,no_media,2022-12-28 14:51:52,2022-12-30 18:44:55,M->M,unknown,
北京商报,no_media,2022-12-30 18:44:55,2023-01-02 17:03:15,M->M,unknown,
北京商报,no_media,2023-01-02 17:03:15,2023-01-03 10:53:00,M->M,unknown,
北京商报,no_media,2023-01-03 10:53:00,2023-01-09 16:46:12,M->M,unknown,
北京商报,no_media,2023-01-09 16:46:12,2023-01-13 22:38:52,M->M,unknown,
北京商报,no_media,2023-01-13 22:38:52,2023-01-21 11:18:38,M->M,unknown,
北京头条,no_media,2022-11-21 18:45:49,2022-11-29 14:54:29,M->M,unknown,
北京头条,no_media,2022-11-29 14:54:29,2022-11-29 15:23:27,M->M,unknown,
北京头条,no_media,2022-11-29 15:23:27,2022-12-01 18:48:28,M->M,unknown,
北京头条,no_media,2022-12-01 18:48:28,2022-12-03 21:30:02,M->M,unknown,
北京头条,no_media,2022-12-03 21:30:02,2022-12-07 13:20:02,M->M,unknown,
北京头条,no_media,2022-12-07 13:20:02,2022-12-07 13:25:43,M->M,unknown,
北京头条,no_media,2022-12-07 13:25:43,2022-12-07 13:30:47,M->M,unknown,
北京头条,no_media,2022-12-07 13:30:47,2022-12-07 15:25:43,M->M,unknown,
北京头条,no_media,2022-12-07 15:25:43,2022-12-07 15:37:42,M->M,unknown,
北京头条,no_media,2022-12-07 15:37:42,2022-12-07 18:07:40,M->M,unknown,
北京头条,no_media,2022-12-07 18:07:40,2022-12-07 18:49:08,M->M,unknown,
北京头条,no_media,2022-12-07 18:49:08,2022-12-07 20:43:16,M->M,unknown,
北京头条,no_media,2022-12-07 20:43:16,2022-12-08 08:41:06,M->M,unknown,
北京头条,no_media,2022-12-08 08:41:06,2022-12-08 15:07:26,M->M,unknown,
北京头条,no_media,2022-12-08 15:07:26,2022-12-08 17:23:20,M->M,unknown,
北京头条,no_media,2022-12-08 17:23:20,2022-12-10 19:15:20,M->M,unknown,
北京头条,no_media,2022-12-10 19:15:20,2022-12-10 19:22:06,M->M,unknown,
北京头条,no_media,2022-12-10 19:22:06,2022-12-11 12:42:00,M->M,unknown,
北京头条,no_media,2022-12-11 12:42:00,2022-12-11 17:37:14,M->M,unknown,
北京头条,no_media,2022-12-11 17:37:14,2022-12-15 16:40:55,M->M,unknown,
北京头条,no_media,2022-12-15 16:40:55,2022-12-17 10:23:00,M->M,unknown,
北京头条,no_media,2022-12-17 10:23:00,2022-12-17 19:00:41,M->M,unknown,
北京头条,no_media,2022-12-17 19:00:41,2022-12-18 10:31:41,M->M,unknown,
北京头条,no_media,2022-12-18 10:31:41,2022-12-19 09:55:47,M->M,unknown,
北京头条,no_media,2022-12-19 09:55:47,2022-12-19 17:04:19,M->M,unknown,
北京头条,no_media,2022-12-19 17:04:19,2022-12-22 22:00:02,M->M,unknown,
北京头条,no_media,2022-12-22 22:00:02,2022-12-23 10:45:32,M->M,unknown,
北京头条,no_media,2022-12-23 10:45:32,2022-12-24 09:33:03,M->M,unknown,
北京头条,no_media,2022-12-24 09:33:03,2022-12-24 11:00:01,M->M,unknown,
北京头条,no_media,2022-12-24 11:00:01,2022-12-27 11:49:01,M->M,unknown,
北京头条,no_media,2022-12-27 11:49:01,2022-12-27 12:03:13,M->M,unknown,
北京头条,no_media,2022-12-27 12:03:13,2022-12-27 16:06:45,M->M,unknown,
北京头条,no_media,2022-12-27 16:06:45,2022-12-29 10:22:39,M->M,unknown,
北京头条,no_media,2022-12-29 10:22:39,2022-12-29 11:55:23,M->M,unknown,
北京头条,no_media,2022-12-29 11:55:23,2022-12-29 22:44:00,M->M,unknown,
北京头条,no_media,2022-12-29 22:44:00,2022-12-30 18:53:53,M->M,unknown,
北京头条,no_media,2022-12-30 18:53:53,2023-01-03 09:05:00,M->M,unknown,
北京头条,no_media,2023-01-03 09:05:00,2023-01-03 15:49:54,M->M,unknown,
北京头条,no_media,2023-01-03 15:49:54,2023-01-06 21:43:08,M->M,unknown,
北京头条,no_media,2023-01-06 21:43:08,2023-01-11 12:01:53,M->M,unknown,
北京头条,no_media,2023-01-11 12:01:53,2023-01-13 21:02:07,M->M,unknown,
北京头条,no_media,2023-01-13 21:02:07,2023-01-21 10:35:36,M->M,unknown,
北京日报,no_media,2022-11-27 18:30:30,2022-11-29 15:20:45,M->M,unknown,
北京日报,no_media,2022-11-29 15:20:45,2022-11-29 17:48:30,M->M,unknown,
北京日报,no_media,2022-11-29 17:48:30,2022-12-01 14:46:56,M->M,unknown,
北京日报,no_media,2022-12-01 14:46:56,2022-12-01 18:20:46,M->M,unknown,
北京日报,no_media,2022-12-01 18:20:46,2022-12-02 08:06:53,M->M,unknown,
北京日报,no_media,2022-12-02 08:06:53,2022-12-07 13:29:49,M->M,unknown,
北京日报,no_media,2022-12-07 13:29:49,2022-12-07 13:44:07,M->M,unknown,
北京日报,no_media,2022-12-07 13:44:07,2022-12-07 16:09:51,M->M,unknown,
北京日报,no_media,2022-12-07 16:09:51,2022-12-07 20:45:52,M->M,unknown,
北京日报,no_media,2022-12-07 20:45:52,2022-12-07 21:50:56,M->M,unknown,
北京日报,no_media,2022-12-07 21:50:56,2022-12-08 07:16:49,M->M,unknown,
北京日报,no_media,2022-12-08 07:16:49,2022-12-08 07:36:29,M->M,unknown,
北京日报,no_media,2022-12-08 07:36:29,2022-12-08 15:36:43,M->M,unknown,
北京日报,no_media,2022-12-08 15:36:43,2022-12-09 16:58:55,M->M,unknown,
北京日报,no_media,2022-12-09 16:58:55,2022-12-11 11:37:33,M->M,unknown,
北京日报,no_media,2022-12-11 11:37:33,2022-12-12 13:25:11,M->M,unknown,
北京日报,no_media,2022-12-12 13:25:11,2022-12-14 15:05:38,M->M,unknown,
北京日报,no_media,2022-12-14 15:05:38,2022-12-15 17:06:36,M->M,unknown,
北京日报,no_media,2022-12-15 17:06:36,2022-12-16 08:20:17,M->H,unknown,
北京日报,no_media,2022-12-16 08:20:17,2022-12-16 14:20:57,H->M,unknown,
北京日报,no_media,2022-12-16 14:20:57,2022-12-21 09:25:43,M->M,unknown,
北京日报,no_media,2022-12-21 09:25:43,2022-12-25 17:27:27,M->M,unknown,
北京日报,no_media,2022-12-25 17:27:27,2022-12-26 08:25:56,M->M,unknown,
北京日报,no_media,2022-12-26 08:25:56,2022-12-27 15:52:23,M->M,unknown,
北京日报,no_media,2022-12-27 15:52:23,2022-12-30 13:23:17,M->M,unknown,
北京日报,no_media,2022-12-30 13:23:17,2023-01-03 07:44:50,M->M,unknown,
北京日报,no_media,2023-01-03 07:44:50,2023-01-03 08:00:40,M->M,unknown,
北京日报,no_media,2023-01-03 08:00:40,2023-01-09 19:55:00,M->M,unknown,
北京日报,no_media,2023-01-09 19:55:00,2023-01-12 20:19:22,M->M,unknown,
北京日报,no_media,2023-01-12 20:19:22,2023-01-13 20:36:15,M->M,unknown,
北京时间,no_media,2022-11-03 12:29:29,2022-11-14 18:51:49,M->M,unknown,
北京时间,no_media,2022-11-14 18:51:49,2022-11-27 17:27:51,M->M,unknown,
北京时间,no_media,2022-11-27 17:27:51,2022-11-27 18:37:55,M->M,unknown,
北京时间,no_media,2022-11-27 18:37:55,2022-11-28 08:30:34,M->M,unknown,
北京时间,no_media,2022-11-28 08:30:34,2022-11-28 08:35:19,M->M,unknown,
北京时间,no_media,2022-11-28 08:35:19,2022-11-28 20:43:53,M->M,unknown,
北京时间,no_media,2022-11-28 20:43:53,2022-12-01 13:18:28,M->M,unknown,
北京时间,no_media,2022-12-01 13:18:28,2022-12-03 10:53:24,M->M,unknown,
北京时间,no_media,2022-12-03 10:53:24,2022-12-03 10:54:34,M->M,unknown,
北京时间,no_media,2022-12-03 10:54:34,2022-12-03 11:00:50,M->M,unknown,
北京时间,no_media,2022-12-03 11:00:50,2022-12-03 11:01:45,M->M,unknown,
北京时间,no_media,2022-12-03 11:01:45,2022-12-03 11:03:11,M->M,unknown,
北京时间,no_media,2022-12-03 11:03:11,2022-12-03 11:05:09,M->M,unknown,
北京时间,no_media,2022-12-03 11:05:09,2022-12-03 12:50:32,M->M,unknown,
北京时间,no_media,2022-12-03 12:50:32,2022-12-08 09:49:44,M->M,unknown,
北京时间,no_media,2022-12-08 09:49:44,2022-12-08 16:26:45,M->M,unknown,
北京时间,no_media,2022-12-08 16:26:45,2022-12-09 16:23:40,M->M,unknown,
北京时间,no_media,2022-12-09 16:23:40,2022-12-11 11:22:33,M->M,unknown,
北京时间,no_media,2022-12-11 11:22:33,2022-12-15 17:25:39,M->M,unknown,
北京时间,no_media,2022-12-15 17:25:39,2022-12-15 18:33:44,M->M,unknown,
北京时间,no_media,2022-12-15 18:33:44,2022-12-16 09:17:38,M->M,unknown,
北京时间,no_media,2022-12-16 09:17:38,2022-12-17 18:02:13,M->M,unknown,
北京时间,no_media,2022-12-17 18:02:13,2022-12-22 15:02:40,M->M,unknown,
北京时间,no_media,2022-12-22 15:02:40,2022-12-22 20:27:27,M->M,unknown,
北京时间,no_media,2022-12-22 20:27:27,2022-12-24 10:35:04,M->M,unknown,
北京时间,no_media,2022-12-24 10:35:04,2022-12-26 20:48:13,M->M,unknown,
北京时间,no_media,2022-12-26 20:48:13,2022-12-27 12:46:41,M->M,unknown,
北京时间,no_media,2022-12-27 12:46:41,2022-12-28 11:07:16,M->M,unknown,
北京时间,no_media,2022-12-28 11:07:16,2022-12-28 19:32:05,M->M,unknown,
北京时间,no_media,2022-12-28 19:32:05,2022-12-30 10:50:40,M->M,unknown,
北京时间,no_media,2022-12-30 10:50:40,2022-12-30 22:24:59,M->M,unknown,
北京时间,no_media,2022-12-30 22:24:59,2022-12-30 22:26:53,M->M,unknown,
北京时间,no_media,2022-12-30 22:26:53,2022-12-30 22:34:55,M->M,unknown,
北京时间,no_media,2022-12-30 22:34:55,2022-12-30 22:35:33,M->M,unknown,
北京时间,no_media,2022-12-30 22:35:33,2023-01-01 15:50:00,M->M,unknown,
北京时间,no_media,2023-01-01 15:50:00,2023-01-02 17:27:37,M->M,unknown,
北京时间,no_media,2023-01-02 17:27:37,2023-01-02 21:19:37,M->M,unknown,
北京时间,no_media,2023-01-02 21:19:37,2023-01-04 20:58:00,M->M,unknown,
北京时间,no_media,2023-01-04 20:58:00,2023-01-09 15:29:19,M->M,unknown,
北京时间,no_media,2023-01-09 15:29:19,2023-01-13 15:27:16,M->M,unknown,
北京时间,no_media,2023-01-13 15:27:16,2023-02-28 13:30:52,M->M,unknown,
北京时间直播,no_media,2022-11-03 12:31:20,2022-12-08 09:54:07,M->M,unknown,
北京时间直播,no_media,2022-12-08 09:54:07,2023-02-21 14:04:18,M->M,unknown,
北京时间直播,no_media,2023-02-21 14:04:18,2023-02-28 13:27:43,M->M,unknown,
北京昌平,no_media,2022-10-14 12:19:00,2022-10-14 18:17:00,M->M,unknown,
北京昌平,no_media,2022-10-14 18:17:00,2022-11-29 17:09:11,M->M,unknown,
北京昌平,no_media,2022-11-29 17:09:11,2022-12-01 15:14:00,M->M,unknown,
北京昌平,no_media,2022-12-01 15:14:00,2022-12-09 16:07:18,M->M,unknown,
北京昌平,no_media,2022-12-09 16:07:18,2022-12-19 18:06:58,M->M,unknown,
北京昌平,no_media,2022-12-19 18:06:58,2022-12-20 16:13:58,M->M,unknown,
北京昌平,no_media,2022-12-20 16:13:58,2023-01-02 17:44:56,M->M,unknown,
北京昌平,no_media,2023-01-02 17:44:56,2023-01-04 15:13:28,M->M,unknown,
北京昌平,no_media,2023-01-04 15:13:28,2023-01-09 18:15:07,M->M,unknown,
北京昌平,no_media,2023-01-09 18:15:07,2023-02-15 21:07:14,M->M,unknown,
北京维元诊所,no_media,2022-12-30 09:41:00,2022-12-30 12:55:00,M->M,unknown,
北京维元诊所,no_media,2022-12-30 12:55:00,2022-12-31 09:13:00,M->M,unknown,
北京青年报之青睐有约,no_media,2022-12-12 17:09:00,2023-01-29 18:42:00,M->M,unknown,
北京鲁戈,no_media,2022-10-13 21:31:00,2022-10-22 09:11:00,M->M,unknown,
北方新报,mainstream_only,2022-10-14 09:15:49,2022-11-10 18:17:33,M->M,norisk,0.0
北方新报,mainstream_only,2022-11-10 18:17:33,2022-12-11 08:14:53,M->M,norisk,0.0
北方新报,mainstream_only,2022-12-11 08:14:53,2022-12-11 16:26:46,M->M,norisk,0.0
北方新报,mainstream_only,2022-12-11 16:26:46,2022-12-11 16:27:02,M->M,norisk,0.0
北方新报,mainstream_only,2022-12-11 16:27:02,2022-12-26 10:17:08,M->M,norisk,0.0
北方新报,mainstream_only,2022-12-26 10:17:08,2022-12-27 07:43:48,M->M,norisk,0.0
北方法制报,no_media,2022-12-15 18:48:10,2022-12-15 22:58:12,M->M,unknown,
北方法制报,no_media,2022-12-15 22:58:12,2022-12-21 22:59:37,M->M,unknown,
北方法制报,no_media,2022-12-21 22:59:37,2022-12-24 19:51:36,M->M,unknown,
北方频道,no_media,2022-10-14 11:13:12,2022-12-06 14:32:21,M->M,unknown,
北方频道,no_media,2022-12-06 14:32:21,2022-12-14 12:08:03,M->M,unknown,
北青即时,no_media,2022-12-09 10:32:16,2022-12-09 11:36:55,M->M,unknown,
北青即时,no_media,2022-12-09 11:36:55,2022-12-12 15:32:02,M->M,unknown,
北青即时,no_media,2022-12-12 15:32:02,2022-12-12 16:47:40,M->M,unknown,
北青即时,no_media,2022-12-12 16:47:40,2022-12-31 11:39:40,M->M,unknown,
北青即时,no_media,2022-12-31 11:39:40,2023-01-02 13:41:30,M->M,unknown,
北青即时,no_media,2023-01-02 13:41:30,2023-01-16 20:27:19,M->M,unknown,
北青即时,no_media,2023-01-16 20:27:19,2023-02-28 20:09:30,M->M,unknown,
北青深一度,no_media,2022-12-02 23:14:05,2023-01-05 16:10:33,M->M,unknown,
北青网,no_media,2022-11-03 11:37:21,2022-12-09 19:56:20,M->M,unknown,
北青网,no_media,2022-12-09 19:56:20,2022-12-15 17:58:12,M->M,unknown,
北青网,no_media,2022-12-15 17:58:12,2023-01-02 16:34:56,M->M,unknown,
北青网,no_media,2023-01-02 16:34:56,2023-01-04 09:36:47,M->M,unknown,
北青网,no_media,2023-01-04 09:36:47,2023-01-12 08:13:33,M->M,unknown,
医路向前巍子,no_media,2022-12-14 18:43:00,2023-01-16 19:03:00,M->H,unknown,
半两财经,no_media,2022-12-04 16:42:44,2022-12-09 11:19:47,M->M,unknown,
半两财经,no_media,2022-12-09 11:19:47,2023-02-28 17:11:57,M->M,unknown,
半岛网,no_media,2022-12-05 20:59:00,2022-12-08 10:39:00,M->M,unknown,
半岛网,no_media,2022-12-08 10:39:00,2022-12-15 12:19:00,M->M,unknown,
半岛网,no_media,2022-12-15 12:19:00,2022-12-17 09:00:03,M->M,unknown,
半月谈,no_media,2022-11-21 20:27:23,2022-11-29 16:31:30,M->M,unknown,
半月谈,no_media,2022-11-29 16:31:30,2022-12-04 09:44:41,M->M,unknown,
半月谈,no_media,2022-12-04 09:44:41,2022-12-06 07:41:50,M->M,unknown,
半月谈,no_media,2022-12-06 07:41:50,2022-12-14 18:57:42,M->M,unknown,
半月谈,no_media,2022-12-14 18:57:42,2022-12-26 19:44:34,M->M,unknown,
半月谈,no_media,2022-12-26 19:44:34,2022-12-30 11:28:14,M->M,unknown,
半月谈,no_media,2022-12-30 11:28:14,2023-01-02 16:53:13,M->M,unknown,
半清夏,no_media,2022-12-25 08:04:00,2023-01-03 15:00:00,L->H,unknown,
华商报,no_media,2022-10-13 22:06:15,2022-11-22 16:01:42,L->M,unknown,
华商报,no_media,2022-11-22 16:01:42,2022-11-29 14:59:13,M->M,unknown,
华商报,no_media,2022-11-29 14:59:13,2022-12-01 13:51:26,M->M,unknown,
华商报,no_media,2022-12-01 13:51:26,2022-12-01 17:22:21,M->M,unknown,
华商报,no_media,2022-12-01 17:22:21,2022-12-01 18:01:50,M->M,unknown,
华商报,no_media,2022-12-01 18:01:50,2022-12-07 13:31:14,M->M,unknown,
华商报,no_media,2022-12-07 13:31:14,2022-12-07 15:40:10,M->M,unknown,
华商报,no_media,2022-12-07 15:40:10,2022-12-07 16:13:21,M->M,unknown,
华商报,no_media,2022-12-07 16:13:21,2022-12-07 18:53:11,M->M,unknown,
华商报,no_media,2022-12-07 18:53:11,2022-12-07 21:16:56,M->M,unknown,
华商报,no_media,2022-12-07 21:16:56,2022-12-07 22:01:52,M->M,unknown,
华商报,no_media,2022-12-07 22:01:52,2022-12-08 11:11:25,M->M,unknown,
华商报,no_media,2022-12-08 11:11:25,2022-12-08 15:16:21,M->M,unknown,
华商报,no_media,2022-12-08 15:16:21,2022-12-08 15:24:24,M->M,unknown,
华商报,no_media,2022-12-08 15:24:24,2022-12-08 15:41:42,M->M,unknown,
华商报,no_media,2022-12-08 15:41:42,2022-12-08 21:05:19,M->M,unknown,
华商报,no_media,2022-12-08 21:05:19,2022-12-09 09:31:22,M->M,unknown,
华商报,no_media,2022-12-09 09:31:22,2022-12-09 12:05:01,M->M,unknown,
华商报,no_media,2022-12-09 12:05:01,2022-12-10 21:06:38,M->M,unknown,
华商报,no_media,2022-12-10 21:06:38,2022-12-11 13:27:00,M->M,unknown,
华商报,no_media,2022-12-11 13:27:00,2022-12-12 10:44:51,M->L,unknown,
华商报,no_media,2022-12-12 10:44:51,2022-12-14 15:07:38,L->M,unknown,
华商报,no_media,2022-12-14 15:07:38,2022-12-14 15:54:44,M->M,unknown,
华商报,no_media,2022-12-14 15:54:44,2022-12-14 18:52:01,M->M,unknown,
华商报,no_media,2022-12-14 18:52:01,2022-12-15 16:27:58,M->M,unknown,
华商报,no_media,2022-12-15 16:27:58,2022-12-18 14:03:10,M->M,unknown,
华商报,no_media,2022-12-18 14:03:10,2022-12-19 11:47:00,M->M,unknown,
华商报,no_media,2022-12-19 11:47:00,2022-12-19 17:11:47,M->M,unknown,
华商报,no_media,2022-12-19 17:11:47,2022-12-21 17:23:36,M->M,unknown,
华商报,no_media,2022-12-21 17:23:36,2022-12-22 22:33:58,M->M,unknown,
华商报,no_media,2022-12-22 22:33:58,2022-12-23 18:45:55,M->M,unknown,
华商报,no_media,2022-12-23 18:45:55,2022-12-25 14:23:00,M->M,unknown,
华商报,no_media,2022-12-25 14:23:00,2022-12-30 15:52:56,M->M,unknown,
华商报,no_media,2022-12-30 15:52:56,2022-12-31 07:43:58,M->M,unknown,
华商报,no_media,2022-12-31 07:43:58,2023-01-02 08:07:00,M->M,unknown,
华商报,no_media,2023-01-02 08:07:00,2023-01-03 22:39:00,M->M,unknown,
华商报,no_media,2023-01-03 22:39:00,2023-01-03 22:43:27,M->M,unknown,
华商报,no_media,2023-01-03 22:43:27,2023-01-05 20:23:00,M->M,unknown,
华商报,no_media,2023-01-05 20:23:00,2023-01-09 13:39:00,M->M,unknown,
华商报,no_media,2023-01-09 13:39:00,2023-01-09 21:05:53,M->M,unknown,
华商报,no_media,2023-01-09 21:05:53,2023-01-13 21:06:57,M->M,unknown,
华商报,no_media,2023-01-13 21:06:57,2023-01-21 11:25:30,M->M,unknown,
华商报,no_media,2023-01-21 11:25:30,2023-01-30 09:52:45,M->M,unknown,
华商报,no_media,2023-01-30 09:52:45,2023-02-12 11:17:13,M->M,unknown,
华商报,no_media,2023-02-12 11:17:13,2023-02-15 12:14:46,M->M,unknown,
华商网,no_media,2022-12-06 15:20:02,2022-12-07 13:25:18,M->M,unknown,
华商网,no_media,2022-12-07 13:25:18,2022-12-07 16:16:53,M->M,unknown,
华商网,no_media,2022-12-07 16:16:53,2022-12-08 15:19:32,M->M,unknown,
华商网,no_media,2022-12-08 15:19:32,2022-12-15 17:00:03,M->M,unknown,
华商网,no_media,2022-12-15 17:00:03,2023-01-01 20:28:00,M->M,unknown,
华商网,no_media,2023-01-01 20:28:00,2023-01-21 12:00:03,M->M,unknown,
南京广播电视台,no_media,2022-12-07 14:04:25,2022-12-11 09:38:32,M->M,unknown,
南京广播电视台,no_media,2022-12-11 09:38:32,2022-12-16 14:17:00,M->M,unknown,
南京零距离,no_media,2022-12-08 07:19:20,2022-12-09 15:59:00,M->M,unknown,
南京零距离,no_media,2022-12-09 15:59:00,2023-01-03 21:00:02,M->M,unknown,
南岸发布,no_media,2022-10-11 12:44:57,2022-11-16 11:59:54,M->M,unknown,
南岸发布,no_media,2022-11-16 11:59:54,2022-11-17 23:56:42,M->M,unknown,
南岸发布,no_media,2022-11-17 23:56:42,2022-11-20 12:10:07,M->M,unknown,
南岸发布,no_media,2022-11-20 12:10:07,2022-11-21 09:15:10,M->M,unknown,
南岸发布,no_media,2022-11-21 09:15:10,2022-11-21 17:53:22,M->M,unknown,
南岸发布,no_media,2022-11-21 17:53:22,2022-11-21 17:54:05,M->M,unknown,
南岸发布,no_media,2022-11-21 17:54:05,2022-11-22 22:29:38,M->M,unknown,
南岸发布,no_media,2022-11-22 22:29:38,2022-11-24 00:12:48,M->M,unknown,
南岸发布,no_media,2022-11-24 00:12:48,2022-11-25 09:44:32,M->M,unknown,
南岸发布,no_media,2022-11-25 09:44:32,2022-11-27 21:09:06,M->M,unknown,
南岸发布,no_media,2022-11-27 21:09:06,2022-11-28 15:08:18,M->M,unknown,
南岸发布,no_media,2022-11-28 15:08:18,2022-12-12 00:58:45,M->M,unknown,
南岸发布,no_media,2022-12-12 00:58:45,2022-12-16 13:56:32,M->M,unknown,
南方周末,no_media,2022-12-07 11:20:00,2023-01-06 12:44:53,M->M,unknown,
南方周末,no_media,2023-01-06 12:44:53,2023-01-13 21:08:37,M->M,unknown,
南昌东湖区发布,no_media,2022-12-07 15:04:59,2022-12-11 18:56:01,M->M,unknown,
南昌东湖区发布,no_media,2022-12-11 18:56:01,2023-01-17 15:55:56,M->M,unknown,
南昌新建发布,no_media,2023-01-04 11:08:01,2023-01-18 15:30:01,M->M,unknown,
南昌新闻网,no_media,2022-10-12 16:36:04,2022-11-18 21:29:00,M->M,unknown,
南昌新闻网,no_media,2022-11-18 21:29:00,2022-12-15 19:29:00,M->M,unknown,
南昌新闻网,no_media,2022-12-15 19:29:00,2023-01-18 20:30:00,M->M,unknown,
南昌日报,no_media,2022-10-12 16:36:57,2022-12-09 09:43:29,M->M,unknown,
南昌日报,no_media,2022-12-09 09:43:29,2023-01-12 15:59:00,M->M,unknown,
南昌日报,no_media,2023-01-12 15:59:00,2023-01-15 21:30:00,M->M,unknown,
南桔北枳2,no_media,2022-12-23 13:39:00,2022-12-23 17:53:00,M->H,unknown,
南通政法,no_media,2022-12-01 18:26:04,2022-12-01 18:27:12,M->M,unknown,
南通政法,no_media,2022-12-01 18:27:12,2022-12-05 09:45:47,M->M,unknown,
南通政法,no_media,2022-12-05 09:45:47,2022-12-07 16:21:04,M->M,unknown,
南通政法,no_media,2022-12-07 16:21:04,2022-12-13 07:44:08,M->M,unknown,
南通政法,no_media,2022-12-13 07:44:08,2022-12-15 17:37:27,M->M,unknown,
南通政法,no_media,2022-12-15 17:37:27,2022-12-29 11:51:57,M->M,unknown,
南通政法,no_media,2022-12-29 11:51:57,2023-01-05 10:09:52,M->M,unknown,
南阳日报,no_media,2022-12-07 09:32:43,2022-12-07 15:34:00,M->M,unknown,
南阳日报,no_media,2022-12-07 15:34:00,2022-12-09 11:08:01,M->M,unknown,
南阳日报,no_media,2022-12-09 11:08:01,2022-12-10 09:46:05,M->M,unknown,
南阳日报,no_media,2022-12-10 09:46:05,2022-12-10 10:20:02,M->M,unknown,
南阳日报,no_media,2022-12-10 10:20:02,2022-12-13 19:48:42,M->M,unknown,
南阳日报,no_media,2022-12-13 19:48:42,2022-12-15 18:08:00,M->M,unknown,
南阳日报,no_media,2022-12-15 18:08:00,2022-12-17 14:06:39,M->M,unknown,
南阳日报,no_media,2022-12-17 14:06:39,2022-12-20 08:21:24,M->M,unknown,
南阳日报,no_media,2022-12-20 08:21:24,2022-12-24 15:30:00,M->M,unknown,
南阳日报,no_media,2022-12-24 15:30:00,2022-12-26 10:12:00,M->M,unknown,
南阳日报,no_media,2022-12-26 10:12:00,2022-12-26 16:06:01,M->M,unknown,
南阳日报,no_media,2022-12-26 16:06:01,2022-12-27 10:48:01,M->M,unknown,
南阳日报,no_media,2022-12-27 10:48:01,2022-12-27 16:35:00,M->M,unknown,
南阳日报,no_media,2022-12-27 16:35:00,2022-12-29 15:47:00,M->M,unknown,
南阳日报,no_media,2022-12-29 15:47:00,2023-01-03 11:23:00,M->M,unknown,
南阳日报,no_media,2023-01-03 11:23:00,2023-01-05 09:33:00,M->M,unknown,
南阳日报,no_media,2023-01-05 09:33:00,2023-01-18 15:23:27,M->M,unknown,
南阳晚报,no_media,2022-12-05 08:39:05,2022-12-07 09:21:05,M->M,unknown,
南阳晚报,no_media,2022-12-07 09:21:05,2022-12-09 10:23:41,M->M,unknown,
南阳晚报,no_media,2022-12-09 10:23:41,2022-12-09 11:16:35,M->M,unknown,
南阳晚报,no_media,2022-12-09 11:16:35,2022-12-09 16:00:47,M->M,unknown,
南阳晚报,no_media,2022-12-09 16:00:47,2022-12-10 10:14:41,M->M,unknown,
南阳晚报,no_media,2022-12-10 10:14:41,2022-12-11 10:13:29,M->M,unknown,
南阳晚报,no_media,2022-12-11 10:13:29,2022-12-15 16:31:00,M->M,unknown,
南阳晚报,no_media,2022-12-15 16:31:00,2022-12-15 18:11:43,M->M,unknown,
南阳晚报,no_media,2022-12-15 18:11:43,2022-12-18 14:28:50,M->M,unknown,
南阳晚报,no_media,2022-12-18 14:28:50,2022-12-19 10:16:34,M->M,unknown,
南阳晚报,no_media,2022-12-19 10:16:34,2022-12-20 09:53:50,M->M,unknown,
南阳晚报,no_media,2022-12-20 09:53:50,2023-01-02 16:31:26,M->M,unknown,
南阳晚报,no_media,2023-01-02 16:31:26,2023-01-16 16:35:00,M->M,unknown,
南阳晚报,no_media,2023-01-16 16:35:00,2023-01-18 15:35:06,M->M,unknown,
南阳网官方微博,no_media,2022-10-14 10:24:49,2022-11-03 08:39:11,M->M,unknown,
南风小怪物,no_media,2022-12-28 21:59:00,2022-12-29 23:49:00,L->M,unknown,
卧龙观势V,no_media,2022-12-21 21:25:00,2022-12-28 15:57:00,H->M,unknown,
厦门日报,no_media,2023-01-02 20:45:00,2023-01-18 16:32:36,M->M,unknown,
厦门晚报,no_media,2022-12-06 15:44:50,2023-01-02 09:26:04,M->M,unknown,
厦门晚报,no_media,2023-01-02 09:26:04,2023-01-02 18:22:27,M->M,unknown,
厦门晚报,no_media,2023-01-02 18:22:27,2023-01-07 11:49:09,M->M,unknown,
厦门晚报,no_media,2023-01-07 11:49:09,2023-01-18 15:34:17,M->M,unknown,
厦门晚报,no_media,2023-01-18 15:34:17,2023-01-18 17:52:57,M->M,unknown,
厦门网,no_media,2022-12-26 12:43:53,2023-01-18 15:29:58,M->M,unknown,
参考消息,no_media,2022-10-11 13:40:01,2022-10-17 21:40:00,M->H,unknown,
参考消息,no_media,2022-10-17 21:40:00,2022-10-24 20:20:03,H->M,unknown,
参考消息,no_media,2022-10-24 20:20:03,2022-11-30 13:51:54,M->M,unknown,
参考消息,no_media,2022-11-30 13:51:54,2022-12-24 21:30:02,M->M,unknown,
参考消息,no_media,2022-12-24 21:30:02,2023-01-02 16:34:00,M->M,unknown,
参考消息,no_media,2023-01-02 16:34:00,2023-01-15 11:04:24,M->M,unknown,
参考消息,no_media,2023-01-15 11:04:24,2023-02-17 16:40:01,M->M,unknown,
双子幺幺儿,no_media,2023-01-21 16:48:00,2023-02-01 18:06:00,L->L,unknown,
双子幺幺儿,no_media,2023-02-01 18:06:00,2023-02-07 22:13:00,L->M,unknown,
句迷人,no_media,2023-02-11 16:27:00,2023-02-12 18:07:00,L->L,unknown,
句迷人,no_media,2023-02-12 18:07:00,2023-02-14 11:53:00,L->L,unknown,
句迷人,no_media,2023-02-14 11:53:00,2023-02-22 19:21:00,L->L,unknown,
可口可乐可甜可闲,no_media,2022-12-16 13:31:00,2022-12-18 12:45:00,L->M,unknown,
可口可乐可甜可闲,no_media,2022-12-18 12:45:00,2022-12-18 18:07:00,M->L,unknown,
可口可乐可甜可闲,no_media,2022-12-18 18:07:00,2022-12-19 22:15:00,L->M,unknown,
吃水蜜桃的胖桃,no_media,2022-12-26 14:17:00,2023-01-05 00:57:00,L->L,unknown,
吃货的小表情,no_media,2022-12-27 01:02:00,2023-01-01 08:03:00,L->M,unknown,
吃货的小表情,no_media,2023-01-01 08:03:00,2023-01-07 08:53:00,M->L,unknown,
各界导报社官微,no_media,2022-12-01 13:57:23,2022-12-06 14:45:57,M->M,unknown,
各界导报社官微,no_media,2022-12-06 14:45:57,2022-12-07 14:33:51,M->M,unknown,
各界导报社官微,no_media,2022-12-07 14:33:51,2022-12-08 11:28:41,M->M,unknown,
各界导报社官微,no_media,2022-12-08 11:28:41,2022-12-08 19:44:23,M->M,unknown,
各界导报社官微,no_media,2022-12-08 19:44:23,2022-12-08 21:07:45,M->M,unknown,
各界导报社官微,no_media,2022-12-08 21:07:45,2022-12-09 14:43:45,M->M,unknown,
各界导报社官微,no_media,2022-12-09 14:43:45,2022-12-10 22:22:45,M->M,unknown,
各界导报社官微,no_media,2022-12-10 22:22:45,2022-12-10 22:27:08,M->M,unknown,
各界导报社官微,no_media,2022-12-10 22:27:08,2022-12-11 09:57:32,M->M,unknown,
各界导报社官微,no_media,2022-12-11 09:57:32,2022-12-11 13:59:13,M->M,unknown,
各界导报社官微,no_media,2022-12-11 13:59:13,2022-12-13 15:17:12,M->M,unknown,
各界导报社官微,no_media,2022-12-13 15:17:12,2022-12-15 17:08:34,M->M,unknown,
各界导报社官微,no_media,2022-12-15 17:08:34,2022-12-15 19:11:22,M->M,unknown,
各界导报社官微,no_media,2022-12-15 19:11:22,2022-12-16 10:10:26,M->M,unknown,
各界导报社官微,no_media,2022-12-16 10:10:26,2022-12-17 13:55:05,M->M,unknown,
各界导报社官微,no_media,2022-12-17 13:55:05,2022-12-18 17:19:01,M->M,unknown,
各界导报社官微,no_media,2022-12-18 17:19:01,2022-12-18 20:34:14,M->M,unknown,
各界导报社官微,no_media,2022-12-18 20:34:14,2022-12-19 11:17:41,M->M,unknown,
各界导报社官微,no_media,2022-12-19 11:17:41,2022-12-21 19:55:16,M->M,unknown,
各界导报社官微,no_media,2022-12-21 19:55:16,2022-12-24 21:12:04,M->M,unknown,
各界导报社官微,no_media,2022-12-24 21:12:04,2022-12-24 23:10:09,M->M,unknown,
各界导报社官微,no_media,2022-12-24 23:10:09,2022-12-25 09:42:13,M->M,unknown,
各界导报社官微,no_media,2022-12-25 09:42:13,2022-12-31 12:30:03,M->M,unknown,
各界导报社官微,no_media,2022-12-31 12:30:03,2023-01-02 15:56:44,M->M,unknown,
各界导报社官微,no_media,2023-01-02 15:56:44,2023-01-02 17:21:16,M->M,unknown,
各界导报社官微,no_media,2023-01-02 17:21:16,2023-01-09 21:11:28,M->M,unknown,
各界导报社官微,no_media,2023-01-09 21:11:28,2023-01-12 18:20:45,M->M,unknown,
各界导报社官微,no_media,2023-01-12 18:20:45,2023-01-13 21:36:41,M->M,unknown,
各界导报社官微,no_media,2023-01-13 21:36:41,2023-01-13 22:11:07,M->M,unknown,
各界导报社官微,no_media,2023-01-13 22:11:07,2023-01-16 12:28:01,M->M,unknown,
各界导报社官微,no_media,2023-01-16 12:28:01,2023-02-12 15:16:19,M->M,unknown,
合肥反邪教,mainstream_only,2022-12-12 11:04:01,2022-12-17 09:33:00,M->M,unknown,
合肥在线,no_media,2022-11-29 14:59:30,2022-12-04 23:34:40,M->M,unknown,
合肥在线,no_media,2022-12-04 23:34:40,2022-12-16 10:08:16,M->M,unknown,
合肥在线,no_media,2022-12-16 10:08:16,2022-12-20 13:49:00,M->M,unknown,
合肥在线,no_media,2022-12-20 13:49:00,2023-01-02 19:33:05,M->M,unknown,
合肥在线,no_media,2023-01-02 19:33:05,2023-01-18 17:27:57,M->M,unknown,
合肥在线,no_media,2023-01-18 17:27:57,2023-01-21 12:44:20,M->M,unknown,
合肥日报,no_media,2022-10-31 13:01:58,2022-12-06 15:35:11,M->M,unknown,
合肥日报,no_media,2022-12-06 15:35:11,2022-12-07 13:34:14,M->M,unknown,
合肥日报,no_media,2022-12-07 13:34:14,2022-12-15 17:28:43,M->M,unknown,
合肥日报,no_media,2022-12-15 17:28:43,2023-01-10 12:50:23,M->M,unknown,
合肥日报,no_media,2023-01-10 12:50:23,2023-02-01 09:59:22,M->M,unknown,
合肥晚报,no_media,2022-11-21 20:10:45,2022-11-29 15:23:41,M->M,unknown,
合肥晚报,no_media,2022-11-29 15:23:41,2022-12-19 09:21:18,M->M,unknown,
合肥晚报,no_media,2022-12-19 09:21:18,2022-12-20 12:14:19,M->M,unknown,
合肥晚报,no_media,2022-12-20 12:14:19,2022-12-22 15:47:57,M->M,unknown,
合肥晚报,no_media,2022-12-22 15:47:57,2023-02-13 15:44:29,M->M,unknown,
吉林市发布,no_media,2022-12-16 17:30:02,2022-12-18 12:11:00,M->M,unknown,
吉林市发布,no_media,2022-12-18 12:11:00,2022-12-27 13:00:00,M->M,unknown,
吉林市发布,no_media,2022-12-27 13:00:00,2022-12-27 17:00:05,M->M,unknown,
吉林市发布,no_media,2022-12-27 17:00:05,2022-12-30 13:00:01,M->M,unknown,
吉林市发布,no_media,2022-12-30 13:00:01,2022-12-31 19:00:01,M->M,unknown,
吉林市发布,no_media,2022-12-31 19:00:01,2023-01-11 15:04:48,M->M,unknown,
吉林市发布,no_media,2023-01-11 15:04:48,2023-01-15 19:47:00,M->M,unknown,
吉林市发布,no_media,2023-01-15 19:47:00,2023-02-11 16:30:02,M->M,unknown,
吉林市发布,no_media,2023-02-11 16:30:02,2023-02-22 19:47:00,M->M,unknown,
吉林市发布,no_media,2023-02-22 19:47:00,2023-02-27 19:47:00,M->M,unknown,
吉林日报,no_media,2022-12-09 15:44:17,2022-12-15 18:01:35,M->M,unknown,
吉林日报,no_media,2022-12-15 18:01:35,2022-12-16 14:40:00,M->M,unknown,
吉林日报,no_media,2022-12-16 14:40:00,2023-01-18 16:22:23,M->M,unknown,
同有三和中医周医生,no_media,2023-01-18 17:37:00,2023-01-24 14:14:00,M->M,unknown,
同有三和中医周医生,no_media,2023-01-24 14:14:00,2023-01-28 17:22:00,M->M,unknown,
含雪love,no_media,2023-01-09 17:49:00,2023-01-09 17:49:00,M->M,unknown,
含雪love,no_media,2023-01-09 17:49:00,2023-01-11 11:24:00,M->L,unknown,
含雪love,no_media,2023-01-11 11:24:00,2023-01-17 07:58:00,L->M,unknown,
听不动你说什么,no_media,2022-12-31 18:54:00,2023-01-06 21:46:00,L->L,unknown,
听不动你说什么,no_media,2023-01-06 21:46:00,2023-01-14 13:04:00,L->L,unknown,
听不动你说什么,no_media,2023-01-14 13:04:00,2023-01-19 10:38:00,L->L,unknown,
听中国,no_media,2022-11-18 12:32:02,2022-11-25 19:43:05,M->M,unknown,
听中国,no_media,2022-11-25 19:43:05,2022-12-11 08:50:02,M->M,unknown,
听中国,no_media,2022-12-11 08:50:02,2023-01-02 09:11:00,M->M,unknown,
听中国,no_media,2023-01-02 09:11:00,2023-01-06 21:46:00,M->M,unknown,
听中国,no_media,2023-01-06 21:46:00,2023-01-09 18:33:00,M->M,unknown,
听中国,no_media,2023-01-09 18:33:00,2023-01-13 21:47:16,M->M,unknown,
听中国,no_media,2023-01-13 21:47:16,2023-01-18 15:19:52,M->M,unknown,
周到上海,no_media,2022-10-08 17:12:58,2022-11-29 16:22:23,M->M,unknown,
周到上海,no_media,2022-11-29 16:22:23,2022-12-02 12:00:03,M->M,unknown,
周到上海,no_media,2022-12-02 12:00:03,2022-12-04 11:57:00,M->M,unknown,
周到上海,no_media,2022-12-04 11:57:00,2022-12-05 08:55:00,M->M,unknown,
周到上海,no_media,2022-12-05 08:55:00,2022-12-05 10:48:03,M->M,unknown,
周到上海,no_media,2022-12-05 10:48:03,2022-12-07 13:41:08,M->M,unknown,
周到上海,no_media,2022-12-07 13:41:08,2022-12-08 08:43:10,M->M,unknown,
周到上海,no_media,2022-12-08 08:43:10,2022-12-08 14:31:31,M->M,unknown,
周到上海,no_media,2022-12-08 14:31:31,2022-12-09 10:35:58,M->M,unknown,
周到上海,no_media,2022-12-09 10:35:58,2022-12-09 11:00:01,M->M,unknown,
周到上海,no_media,2022-12-09 11:00:01,2022-12-10 12:20:01,M->M,unknown,
周到上海,no_media,2022-12-10 12:20:01,2022-12-15 14:19:00,M->M,unknown,
周到上海,no_media,2022-12-15 14:19:00,2022-12-15 16:25:20,M->M,unknown,
周到上海,no_media,2022-12-15 16:25:20,2022-12-16 16:58:02,M->M,unknown,
周到上海,no_media,2022-12-16 16:58:02,2022-12-17 12:15:00,M->M,unknown,
周到上海,no_media,2022-12-17 12:15:00,2022-12-19 11:30:00,M->M,unknown,
周到上海,no_media,2022-12-19 11:30:00,2022-12-30 16:42:25,M->M,unknown,
周到上海,no_media,2022-12-30 16:42:25,2023-01-02 09:03:15,M->M,unknown,
周到上海,no_media,2023-01-02 09:03:15,2023-01-02 17:58:31,M->M,unknown,
周到上海,no_media,2023-01-02 17:58:31,2023-01-04 10:46:04,M->M,unknown,
周到上海,no_media,2023-01-04 10:46:04,2023-01-08 16:52:00,M->M,unknown,
周到上海,no_media,2023-01-08 16:52:00,2023-01-12 21:40:54,M->M,unknown,
周到上海,no_media,2023-01-12 21:40:54,2023-01-17 19:28:34,M->M,unknown,
周到上海,no_media,2023-01-17 19:28:34,2023-01-21 11:40:59,M->M,unknown,
周口日报,no_media,2022-12-22 11:25:06,2023-01-06 17:49:19,M->M,unknown,
周口日报,no_media,2023-01-06 17:49:19,2023-01-13 21:25:01,M->M,unknown,
周口日报,no_media,2023-01-13 21:25:01,2023-01-15 11:20:22,M->M,unknown,
周口日报,no_media,2023-01-15 11:20:22,2023-01-18 16:04:58,M->M,unknown,
周口晚报zkwb,no_media,2022-12-05 20:07:34,2022-12-07 15:13:03,M->M,unknown,
周口晚报zkwb,no_media,2022-12-07 15:13:03,2022-12-08 09:42:37,M->M,unknown,
周口晚报zkwb,no_media,2022-12-08 09:42:37,2022-12-08 15:04:37,M->M,unknown,
周口晚报zkwb,no_media,2022-12-08 15:04:37,2022-12-08 15:04:41,M->M,unknown,
周口晚报zkwb,no_media,2022-12-08 15:04:41,2022-12-10 13:35:40,M->M,unknown,
周口晚报zkwb,no_media,2022-12-10 13:35:40,2022-12-19 18:30:20,M->M,unknown,
周口晚报zkwb,no_media,2022-12-19 18:30:20,2022-12-24 19:05:27,M->M,unknown,
周口晚报zkwb,no_media,2022-12-24 19:05:27,2022-12-25 09:47:22,M->M,unknown,
周口晚报zkwb,no_media,2022-12-25 09:47:22,2022-12-26 22:43:13,M->M,unknown,
周口晚报zkwb,no_media,2022-12-26 22:43:13,2022-12-27 08:54:21,M->M,unknown,
周口晚报zkwb,no_media,2022-12-27 08:54:21,2022-12-31 14:05:47,M->M,unknown,
周口晚报zkwb,no_media,2022-12-31 14:05:47,2023-01-01 20:48:57,M->M,unknown,
咕噜尼面包圈_小菲Fei,no_media,2023-01-16 11:57:00,2023-01-16 12:20:00,L->H,unknown,
咸阳日报,no_media,2022-11-22 15:59:31,2022-12-05 08:36:46,M->M,unknown,
咸阳日报,no_media,2022-12-05 08:36:46,2022-12-11 20:21:29,M->M,unknown,
咸阳日报,no_media,2022-12-11 20:21:29,2022-12-15 16:45:24,M->M,unknown,
咸阳日报,no_media,2022-12-15 16:45:24,2022-12-16 08:15:58,M->M,unknown,
咸阳日报,no_media,2022-12-16 08:15:58,2022-12-16 13:18:00,M->M,unknown,
咸阳日报,no_media,2022-12-16 13:18:00,2022-12-30 15:41:00,M->M,unknown,
咸阳日报,no_media,2022-12-30 15:41:00,2022-12-30 17:34:01,M->M,unknown,
咸阳日报,no_media,2022-12-30 17:34:01,2022-12-31 15:58:45,M->M,unknown,
咸阳日报,no_media,2022-12-31 15:58:45,2023-01-02 07:42:25,M->M,unknown,
咸阳日报,no_media,2023-01-02 07:42:25,2023-01-02 13:41:02,M->M,unknown,
咸阳日报,no_media,2023-01-02 13:41:02,2023-01-02 14:47:26,M->M,unknown,
咸阳日报,no_media,2023-01-02 14:47:26,2023-01-12 11:18:00,M->M,unknown,
咸阳日报,no_media,2023-01-12 11:18:00,2023-01-16 08:40:30,M->M,unknown,
咸阳检察,mainstream_only,2022-11-03 15:12:35,2022-12-01 11:24:03,M->M,unknown,
咸阳检察,mainstream_only,2022-12-01 11:24:03,2022-12-05 11:17:13,M->M,unknown,
咸阳检察,mainstream_only,2022-12-05 11:17:13,2022-12-07 09:43:05,M->M,unknown,
咸阳检察,mainstream_only,2022-12-07 09:43:05,2022-12-07 14:57:31,M->M,norisk,0.0
咸阳检察,mainstream_only,2022-12-07 14:57:31,2022-12-09 14:28:04,M->M,norisk,0.0
咸阳检察,mainstream_only,2022-12-09 14:28:04,2022-12-15 16:33:37,M->M,unknown,
咸阳检察,mainstream_only,2022-12-15 16:33:37,2022-12-15 16:45:43,M->M,norisk,0.0
咸阳检察,mainstream_only,2022-12-15 16:45:43,2022-12-27 10:46:51,M->M,norisk,0.0
咸阳检察,mainstream_only,2022-12-27 10:46:51,2022-12-27 15:16:46,M->M,unknown,
咸阳检察,mainstream_only,2022-12-27 15:16:46,2023-01-03 11:44:59,M->M,unknown,
哈尔滨日报,no_media,2022-10-28 09:53:03,2022-12-17 13:11:53,M->M,unknown,
哈尔滨日报,no_media,2022-12-17 13:11:53,2023-02-10 12:34:24,M->M,unknown,
哈尔滨铁路,no_media,2022-12-07 15:39:57,2022-12-09 15:51:00,M->M,unknown,
哈尔滨铁路,no_media,2022-12-09 15:51:00,2022-12-09 15:55:23,M->M,unknown,
哈尔滨铁路,no_media,2022-12-09 15:55:23,2022-12-15 17:23:43,M->M,unknown,
哈尔滨铁路,no_media,2022-12-15 17:23:43,2022-12-21 21:24:34,M->M,unknown,
哈尔滨铁路,no_media,2022-12-21 21:24:34,2023-01-05 10:13:04,M->M,unknown,
哈尔滨铁路,no_media,2023-01-05 10:13:04,2023-01-06 17:41:35,M->M,unknown,
唤我真名-筱,no_media,2023-01-02 05:32:00,2023-01-03 19:40:00,H->M,unknown,
唤我真名-筱,no_media,2023-01-03 19:40:00,2023-01-04 17:43:00,M->M,unknown,
商丘日报,no_media,2022-11-18 22:31:56,2022-11-29 17:10:07,M->M,unknown,
商丘日报,no_media,2022-11-29 17:10:07,2022-12-01 15:36:25,M->M,unknown,
商丘日报,no_media,2022-12-01 15:36:25,2022-12-04 16:08:22,M->M,unknown,
商丘日报,no_media,2022-12-04 16:08:22,2022-12-07 11:38:30,M->M,unknown,
商丘日报,no_media,2022-12-07 11:38:30,2022-12-08 08:21:08,M->M,unknown,
商丘日报,no_media,2022-12-08 08:21:08,2022-12-08 19:20:30,M->M,unknown,
商丘日报,no_media,2022-12-08 19:20:30,2022-12-09 09:39:50,M->M,unknown,
商丘日报,no_media,2022-12-09 09:39:50,2022-12-09 16:02:13,M->M,unknown,
商丘日报,no_media,2022-12-09 16:02:13,2022-12-11 08:10:17,M->M,unknown,
商丘日报,no_media,2022-12-11 08:10:17,2022-12-11 09:42:48,M->M,unknown,
商丘日报,no_media,2022-12-11 09:42:48,2022-12-13 11:04:39,M->M,unknown,
商丘日报,no_media,2022-12-13 11:04:39,2022-12-14 12:15:00,M->M,unknown,
商丘日报,no_media,2022-12-14 12:15:00,2022-12-14 17:13:09,M->M,unknown,
商丘日报,no_media,2022-12-14 17:13:09,2022-12-15 15:27:24,M->M,unknown,
商丘日报,no_media,2022-12-15 15:27:24,2022-12-15 16:30:34,M->M,unknown,
商丘日报,no_media,2022-12-15 16:30:34,2022-12-19 11:28:46,M->M,unknown,
商丘日报,no_media,2022-12-19 11:28:46,2022-12-24 20:18:16,M->M,unknown,
商丘日报,no_media,2022-12-24 20:18:16,2022-12-27 09:11:10,M->M,unknown,
商丘日报,no_media,2022-12-27 09:11:10,2022-12-31 09:11:36,M->M,unknown,
商丘日报,no_media,2022-12-31 09:11:36,2023-01-04 11:03:21,M->M,unknown,
商丘日报,no_media,2023-01-04 11:03:21,2023-01-04 22:06:20,M->M,unknown,
商丘日报,no_media,2023-01-04 22:06:20,2023-01-06 10:20:31,M->M,unknown,
商丘日报,no_media,2023-01-06 10:20:31,2023-01-06 20:08:24,M->M,unknown,
商丘日报,no_media,2023-01-06 20:08:24,2023-01-09 22:24:30,M->M,unknown,
商丘日报,no_media,2023-01-09 22:24:30,2023-01-10 22:16:04,M->M,unknown,
商丘日报,no_media,2023-01-10 22:16:04,2023-01-11 20:12:14,M->M,unknown,
商丘日报,no_media,2023-01-11 20:12:14,2023-01-12 09:32:33,M->M,unknown,
商丘日报,no_media,2023-01-12 09:32:33,2023-01-15 12:43:32,M->M,unknown,
商丘日报,no_media,2023-01-15 12:43:32,2023-01-16 14:09:17,M->M,unknown,
商丘日报,no_media,2023-01-16 14:09:17,2023-01-18 16:47:26,M->M,unknown,
商丘日报,no_media,2023-01-18 16:47:26,2023-01-31 10:00:00,M->M,unknown,
商丘日报,no_media,2023-01-31 10:00:00,2023-02-14 22:10:55,M->M,unknown,
商丘网,no_media,2022-10-09 09:56:28,2022-12-01 15:35:17,M->M,unknown,
商丘网,no_media,2022-12-01 15:35:17,2022-12-07 21:54:56,M->M,unknown,
商丘网,no_media,2022-12-07 21:54:56,2022-12-08 20:47:40,M->M,unknown,
商丘网,no_media,2022-12-08 20:47:40,2022-12-09 10:05:45,M->M,unknown,
商丘网,no_media,2022-12-09 10:05:45,2022-12-09 14:36:38,M->M,unknown,
商丘网,no_media,2022-12-09 14:36:38,2022-12-10 16:09:13,M->M,unknown,
商丘网,no_media,2022-12-10 16:09:13,2022-12-11 09:40:52,M->M,unknown,
商丘网,no_media,2022-12-11 09:40:52,2022-12-11 09:54:14,M->M,unknown,
商丘网,no_media,2022-12-11 09:54:14,2022-12-13 10:05:01,M->M,unknown,
商丘网,no_media,2022-12-13 10:05:01,2022-12-13 11:44:48,M->M,unknown,
商丘网,no_media,2022-12-13 11:44:48,2022-12-14 13:40:03,M->M,unknown,
商丘网,no_media,2022-12-14 13:40:03,2022-12-15 08:22:29,M->M,unknown,
商丘网,no_media,2022-12-15 08:22:29,2022-12-15 09:55:00,M->M,unknown,
商丘网,no_media,2022-12-15 09:55:00,2022-12-16 07:45:11,M->M,unknown,
商丘网,no_media,2022-12-16 07:45:11,2022-12-19 10:07:27,M->M,unknown,
商丘网,no_media,2022-12-19 10:07:27,2022-12-26 16:25:32,M->M,unknown,
商丘网,no_media,2022-12-26 16:25:32,2023-01-06 07:49:13,M->M,unknown,
商丘网,no_media,2023-01-06 07:49:13,2023-01-06 10:50:00,M->M,unknown,
商丘网,no_media,2023-01-06 10:50:00,2023-01-11 21:31:04,M->M,unknown,
商丘网,no_media,2023-01-11 21:31:04,2023-01-12 07:57:18,M->M,unknown,
商丘网,no_media,2023-01-12 07:57:18,2023-01-12 07:58:10,M->M,unknown,
商丘网,no_media,2023-01-12 07:58:10,2023-01-12 13:49:36,M->M,unknown,
商丘网,no_media,2023-01-12 13:49:36,2023-01-16 14:55:00,M->M,unknown,
商丘网,no_media,2023-01-16 14:55:00,2023-01-16 15:36:24,M->M,unknown,
商丘网,no_media,2023-01-16 15:36:24,2023-01-31 12:15:00,M->M,unknown,
商丘网,no_media,2023-01-31 12:15:00,2023-02-22 09:20:00,M->M,unknown,
商学院杂志,no_media,2022-12-07 21:27:40,2022-12-08 09:39:44,M->M,unknown,
商学院杂志,no_media,2022-12-08 09:39:44,2022-12-16 09:58:11,M->M,unknown,
商学院杂志,no_media,2022-12-16 09:58:11,2023-01-04 08:49:40,M->M,unknown,
四川发布,no_media,2022-12-04 11:12:36,2022-12-09 15:00:04,M->M,unknown,
四川发布,no_media,2022-12-09 15:00:04,2022-12-15 21:00:00,M->M,unknown,
四川发布,no_media,2022-12-15 21:00:00,2022-12-22 10:58:14,M->M,unknown,
四川观察,no_media,2022-12-07 13:47:29,2023-01-13 19:35:57,M->M,unknown,
四川观察,no_media,2023-01-13 19:35:57,2023-01-25 11:51:08,M->M,unknown,
四川观察新闻眼,no_media,2023-01-13 19:38:01,2023-02-27 20:43:33,M->M,unknown,
国是直通车,no_media,2022-10-11 17:02:48,2022-10-20 17:15:46,M->M,unknown,
国是直通车,no_media,2022-10-20 17:15:46,2022-11-21 19:28:34,M->M,unknown,
国是直通车,no_media,2022-11-21 19:28:34,2022-11-29 15:22:36,M->M,unknown,
国是直通车,no_media,2022-11-29 15:22:36,2022-12-01 11:56:10,M->M,unknown,
国是直通车,no_media,2022-12-01 11:56:10,2022-12-03 18:00:54,M->M,unknown,
国是直通车,no_media,2022-12-03 18:00:54,2022-12-07 13:53:00,M->M,unknown,
国是直通车,no_media,2022-12-07 13:53:00,2022-12-07 21:00:13,M->M,unknown,
国是直通车,no_media,2022-12-07 21:00:13,2022-12-09 14:30:07,M->M,unknown,
国是直通车,no_media,2022-12-09 14:30:07,2022-12-11 10:49:22,M->M,unknown,
国是直通车,no_media,2022-12-11 10:49:22,2022-12-19 18:28:18,M->M,unknown,
国是直通车,no_media,2022-12-19 18:28:18,2022-12-20 18:38:35,M->M,unknown,
国是直通车,no_media,2022-12-20 18:38:35,2022-12-23 16:48:28,M->M,unknown,
国是直通车,no_media,2022-12-23 16:48:28,2022-12-30 16:06:53,M->M,unknown,
国是直通车,no_media,2022-12-30 16:06:53,2023-01-02 15:31:51,M->M,unknown,
国是直通车,no_media,2023-01-02 15:31:51,2023-01-16 23:04:05,M->M,unknown,
国际旅游岛商报,no_media,2022-10-14 09:29:17,2022-12-11 11:00:01,M->M,unknown,
国际旅游岛商报,no_media,2022-12-11 11:00:01,2022-12-13 21:30:04,M->M,unknown,
国际旅游岛商报,no_media,2022-12-13 21:30:04,2022-12-18 14:35:46,M->M,unknown,
国际旅游岛商报,no_media,2022-12-18 14:35:46,2023-01-13 22:00:05,M->M,unknown,
城关发布,no_media,2022-11-09 10:34:26,2022-12-13 16:07:45,M->M,unknown,
城关发布,no_media,2022-12-13 16:07:45,2022-12-16 09:57:05,M->M,unknown,
城关发布,no_media,2022-12-16 09:57:05,2022-12-16 13:24:28,M->M,unknown,
城关发布,no_media,2022-12-16 13:24:28,2023-01-09 19:16:07,M->M,unknown,
城关发布,no_media,2023-01-09 19:16:07,2023-01-18 16:50:36,M->M,unknown,
城关发布,no_media,2023-01-18 16:50:36,2023-02-16 11:04:46,M->M,unknown,
城市晚报官方微博,no_media,2022-12-09 15:49:37,2022-12-15 18:42:49,M->M,unknown,
城市速递官方微博,no_media,2022-12-05 09:39:49,2022-12-07 11:58:29,M->M,unknown,
城市速递官方微博,no_media,2022-12-07 11:58:29,2022-12-11 09:52:09,M->M,unknown,
城市速递官方微博,no_media,2022-12-11 09:52:09,2022-12-11 10:33:02,M->M,unknown,
城市速递官方微博,no_media,2022-12-11 10:33:02,2022-12-14 11:42:04,M->M,unknown,
城市速递官方微博,no_media,2022-12-14 11:42:04,2022-12-23 11:33:41,M->M,unknown,
城市速递官方微博,no_media,2022-12-23 11:33:41,2023-01-05 12:34:17,M->M,unknown,
城市速递官方微博,no_media,2023-01-05 12:34:17,2023-01-19 08:56:23,M->M,unknown,
多彩贵州网,no_media,2022-12-01 14:00:17,2022-12-07 10:26:21,M->M,unknown,
多彩贵州网,no_media,2022-12-07 10:26:21,2023-01-02 11:35:49,M->M,unknown,
多彩贵州网,no_media,2023-01-02 11:35:49,2023-01-03 11:36:16,M->M,unknown,
多彩贵州网,no_media,2023-01-03 11:36:16,2023-01-04 12:40:22,M->M,unknown,
多彩贵州网,no_media,2023-01-04 12:40:22,2023-01-13 21:43:48,M->M,unknown,
大众新闻-半岛都市报,no_media,2022-11-29 15:53:23,2022-12-01 19:54:52,M->M,unknown,
大众新闻-半岛都市报,no_media,2022-12-01 19:54:52,2022-12-06 16:08:01,M->M,unknown,
大众新闻-半岛都市报,no_media,2022-12-06 16:08:01,2022-12-07 13:32:32,M->M,unknown,
大众新闻-半岛都市报,no_media,2022-12-07 13:32:32,2022-12-08 19:28:41,M->M,unknown,
大众新闻-半岛都市报,no_media,2022-12-08 19:28:41,2022-12-09 09:07:12,M->M,unknown,
大众新闻-半岛都市报,no_media,2022-12-09 09:07:12,2022-12-09 11:11:12,M->M,unknown,
大众新闻-半岛都市报,no_media,2022-12-09 11:11:12,2022-12-09 14:21:06,M->M,unknown,
大众新闻-半岛都市报,no_media,2022-12-09 14:21:06,2022-12-15 19:22:25,M->M,unknown,
大众新闻-半岛都市报,no_media,2022-12-15 19:22:25,2022-12-15 21:00:04,M->M,unknown,
大众新闻-半岛都市报,no_media,2022-12-15 21:00:04,2022-12-20 19:30:41,M->M,unknown,
大众新闻-半岛都市报,no_media,2022-12-20 19:30:41,2023-01-30 10:51:34,M->M,unknown,
大众日报,no_media,2022-12-07 13:39:20,2022-12-08 08:10:13,M->M,unknown,
大众日报,no_media,2022-12-08 08:10:13,2022-12-09 12:07:17,M->M,unknown,
大众日报,no_media,2022-12-09 12:07:17,2022-12-11 22:44:46,M->M,unknown,
大众日报,no_media,2022-12-11 22:44:46,2022-12-15 17:03:32,M->M,unknown,
大众日报,no_media,2022-12-15 17:03:32,2022-12-19 07:53:20,M->M,unknown,
大众日报,no_media,2022-12-19 07:53:20,2022-12-26 20:15:20,M->M,unknown,
大众日报,no_media,2022-12-26 20:15:20,2022-12-27 11:50:03,M->M,unknown,
大众日报,no_media,2022-12-27 11:50:03,2023-01-18 15:59:37,M->M,unknown,
大众日报,no_media,2023-01-18 15:59:37,2023-01-21 11:19:00,M->M,unknown,
大武汉美食排行榜,no_media,2022-12-02 12:20:47,2023-01-12 21:31:28,L->M,unknown,
大武汉美食排行榜,no_media,2023-01-12 21:31:28,2023-01-19 12:23:00,M->L,unknown,
大江网,no_media,2022-12-16 09:14:03,2022-12-16 10:37:00,M->M,unknown,
大江网,no_media,2022-12-16 10:37:00,2023-01-24 23:58:59,M->M,unknown,
大河网,no_media,2022-10-08 12:59:04,2022-11-26 20:23:39,M->M,unknown,
大河网,no_media,2022-11-26 20:23:39,2022-11-30 13:34:50,M->M,unknown,
大河网,no_media,2022-11-30 13:34:50,2022-12-01 19:07:13,M->M,unknown,
大河网,no_media,2022-12-01 19:07:13,2022-12-01 19:16:03,M->M,unknown,
大河网,no_media,2022-12-01 19:16:03,2022-12-07 13:34:35,M->M,unknown,
大河网,no_media,2022-12-07 13:34:35,2022-12-07 18:53:30,M->M,unknown,
大河网,no_media,2022-12-07 18:53:30,2022-12-07 20:21:50,M->M,unknown,
大河网,no_media,2022-12-07 20:21:50,2022-12-09 09:06:59,M->M,unknown,
大河网,no_media,2022-12-09 09:06:59,2022-12-09 11:57:55,M->M,unknown,
大河网,no_media,2022-12-09 11:57:55,2022-12-10 15:01:41,M->M,unknown,
大河网,no_media,2022-12-10 15:01:41,2022-12-10 20:58:14,M->M,unknown,
大河网,no_media,2022-12-10 20:58:14,2022-12-14 16:19:54,M->M,unknown,
大河网,no_media,2022-12-14 16:19:54,2022-12-14 18:39:15,M->M,unknown,
大河网,no_media,2022-12-14 18:39:15,2022-12-15 16:31:11,M->M,unknown,
大河网,no_media,2022-12-15 16:31:11,2022-12-16 17:20:30,M->M,unknown,
大河网,no_media,2022-12-16 17:20:30,2022-12-30 21:05:37,M->M,unknown,
大河网,no_media,2022-12-30 21:05:37,2022-12-31 13:54:59,M->M,unknown,
大河网,no_media,2022-12-31 13:54:59,2023-01-11 15:37:29,M->M,unknown,
大竹发布,no_media,2022-12-16 09:33:28,2023-01-10 11:34:13,M->M,unknown,
大竹发布,no_media,2023-01-10 11:34:13,2023-01-25 15:52:06,M->M,unknown,
大耳朵中医,wemedia_only,2022-12-23 15:54:00,2022-12-23 21:16:00,M->M,unknown,
大耳朵中医,wemedia_only,2022-12-23 21:16:00,2022-12-24 08:17:00,M->M,unknown,
大耳朵中医,wemedia_only,2022-12-24 08:17:00,2022-12-24 16:29:00,M->M,unknown,
大耳朵中医,wemedia_only,2022-12-24 16:29:00,2022-12-25 14:07:00,M->M,unknown,
大耳朵中医,wemedia_only,2022-12-25 14:07:00,2022-12-26 15:52:00,M->M,unknown,
大耳朵中医,wemedia_only,2022-12-26 15:52:00,2022-12-26 20:22:00,M->M,unknown,
大耳朵中医,wemedia_only,2022-12-26 20:22:00,2022-12-27 08:19:00,M->M,unknown,
大耳朵中医,wemedia_only,2022-12-27 08:19:00,2022-12-28 22:24:00,M->M,unknown,
大耳朵中医,wemedia_only,2022-12-28 22:24:00,2023-01-03 18:46:00,M->M,unknown,
大耳朵中医,wemedia_only,2023-01-03 18:46:00,2023-01-03 21:09:00,M->M,unknown,
大耳朵中医,wemedia_only,2023-01-03 21:09:00,2023-01-03 22:12:00,M->M,unknown,
大耳朵中医,wemedia_only,2023-01-03 22:12:00,2023-01-06 19:50:00,M->M,unknown,
大耳朵中医,wemedia_only,2023-01-06 19:50:00,2023-01-07 15:43:00,M->M,unknown,
大耳朵中医,wemedia_only,2023-01-07 15:43:00,2023-01-07 23:26:00,M->M,unknown,
大耳朵中医,wemedia_only,2023-01-07 23:26:00,2023-01-08 13:41:00,M->M,unknown,
大耳朵中医,wemedia_only,2023-01-08 13:41:00,2023-01-10 21:37:00,M->M,unknown,
大耳朵中医,wemedia_only,2023-01-10 21:37:00,2023-01-11 07:00:00,M->M,unknown,
大耳朵中医,wemedia_only,2023-01-11 07:00:00,2023-01-11 14:00:00,M->M,unknown,
大耳朵中医,wemedia_only,2023-01-11 14:00:00,2023-01-14 07:46:00,M->M,unknown,
大耳朵中医,wemedia_only,2023-01-14 07:46:00,2023-01-14 08:04:00,M->M,unknown,
大耳朵中医,wemedia_only,2023-01-14 08:04:00,2023-01-16 14:12:00,M->M,unknown,
大耳朵中医,wemedia_only,2023-01-16 14:12:00,2023-01-16 14:24:00,M->M,unknown,
大耳朵中医,wemedia_only,2023-01-16 14:24:00,2023-01-18 07:39:00,M->M,unknown,
大耳朵中医,wemedia_only,2023-01-18 07:39:00,2023-01-20 10:04:00,M->M,unknown,
大耳朵中医,wemedia_only,2023-01-20 10:04:00,2023-01-20 12:55:00,M->M,unknown,
大耳朵中医,wemedia_only,2023-01-20 12:55:00,2023-01-25 13:27:00,M->M,unknown,
大耳朵中医,wemedia_only,2023-01-25 13:27:00,2023-02-06 13:21:00,M->M,unknown,
大耳朵中医,wemedia_only,2023-02-06 13:21:00,2023-02-07 17:40:00,M->M,unknown,
大耳朵中医,wemedia_only,2023-02-07 17:40:00,2023-02-08 13:03:00,M->M,unknown,
大耳朵中医,wemedia_only,2023-02-08 13:03:00,2023-02-10 14:15:00,M->M,unknown,
大象新闻,no_media,2022-11-23 22:00:28,2022-12-07 09:34:17,M->M,unknown,
大象新闻,no_media,2022-12-07 09:34:17,2022-12-07 21:08:50,M->M,unknown,
大象新闻,no_media,2022-12-07 21:08:50,2022-12-07 21:10:49,M->M,unknown,
大象新闻,no_media,2022-12-07 21:10:49,2022-12-07 21:25:53,M->M,unknown,
大象新闻,no_media,2022-12-07 21:25:53,2023-01-06 16:39:52,M->M,unknown,
大象新闻,no_media,2023-01-06 16:39:52,2023-01-24 13:32:16,M->M,unknown,
大象时政,no_media,2022-12-13 15:51:04,2022-12-15 16:49:34,M->M,unknown,
大象时政,no_media,2022-12-15 16:49:34,2022-12-20 15:34:00,M->M,unknown,
大象时政,no_media,2022-12-20 15:34:00,2022-12-24 19:42:41,M->M,unknown,
天府发布,no_media,2022-12-08 22:41:33,2022-12-09 10:51:42,M->M,unknown,
天府发布,no_media,2022-12-09 10:51:42,2022-12-09 14:28:52,M->M,unknown,
天津日报,no_media,2022-11-10 11:00:02,2022-12-07 13:30:55,M->M,unknown,
天津日报,no_media,2022-12-07 13:30:55,2022-12-08 23:02:11,M->M,unknown,
天津日报,no_media,2022-12-08 23:02:11,2022-12-15 17:40:04,M->M,unknown,
天津日报,no_media,2022-12-15 17:40:04,2022-12-16 11:20:00,M->H,unknown,
天津日报,no_media,2022-12-16 11:20:00,2022-12-18 17:00:00,H->M,unknown,
天津日报,no_media,2022-12-18 17:00:00,2022-12-27 09:40:01,M->M,unknown,
天津日报,no_media,2022-12-27 09:40:01,2022-12-31 08:40:01,M->M,unknown,
天津日报,no_media,2022-12-31 08:40:01,2023-01-03 20:35:55,M->M,unknown,
天津日报,no_media,2023-01-03 20:35:55,2023-01-16 15:40:01,M->M,unknown,
天津日报,no_media,2023-01-16 15:40:01,2023-01-18 16:16:00,M->M,unknown,
天涯漁人風林谷,no_media,2022-10-14 20:48:00,2022-12-17 05:54:00,M->M,unknown,
天真or有邪,no_media,2023-02-12 12:01:00,2023-02-27 18:27:00,H->L,unknown,
太原新闻网官方微博,no_media,2022-12-07 16:07:26,2022-12-07 17:27:35,M->M,unknown,
太原新闻网官方微博,no_media,2022-12-07 17:27:35,2022-12-09 16:50:44,M->M,unknown,
太原新闻网官方微博,no_media,2022-12-09 16:50:44,2022-12-09 16:56:15,M->M,unknown,
太原新闻网官方微博,no_media,2022-12-09 16:56:15,2022-12-16 14:02:00,M->M,unknown,
太原新闻网官方微博,no_media,2022-12-16 14:02:00,2022-12-31 07:34:15,M->M,unknown,
太原新闻网官方微博,no_media,2022-12-31 07:34:15,2023-01-07 07:52:59,M->M,unknown,
太原新闻网官方微博,no_media,2023-01-07 07:52:59,2023-01-09 19:28:42,M->M,unknown,
太原新闻网官方微博,no_media,2023-01-09 19:28:42,2023-01-15 13:31:57,M->M,unknown,
太原新闻网官方微博,no_media,2023-01-15 13:31:57,2023-01-18 18:01:43,M->M,unknown,
太原新闻网官方微博,no_media,2023-01-18 18:01:43,2023-02-13 16:45:57,M->M,unknown,
太原新闻网官方微博,no_media,2023-02-13 16:45:57,2023-02-13 16:48:57,M->M,unknown,
太原新闻网官方微博,no_media,2023-02-13 16:48:57,2023-02-14 12:20:34,M->M,unknown,
太原新闻网官方微博,no_media,2023-02-14 12:20:34,2023-02-14 12:21:26,M->M,unknown,
太原新闻网官方微博,no_media,2023-02-14 12:21:26,2023-02-14 21:38:10,M->M,unknown,
太原新闻网官方微博,no_media,2023-02-14 21:38:10,2023-02-23 20:53:57,M->M,unknown,
太原日报,no_media,2023-02-14 13:01:29,2023-02-28 16:33:57,M->M,unknown,
太原晚报,no_media,2022-12-07 15:22:28,2022-12-11 08:22:09,M->M,unknown,
太原晚报,no_media,2022-12-11 08:22:09,2022-12-15 21:08:33,M->M,unknown,
太原晚报,no_media,2022-12-15 21:08:33,2022-12-16 08:26:24,M->M,unknown,
太原晚报,no_media,2022-12-16 08:26:24,2023-01-18 18:00:39,M->M,unknown,
太极推拿川式采耳培训59229,no_media,2023-01-01 15:18:00,2023-01-06 19:09:00,L->L,unknown,
央广网,no_media,2022-11-25 19:41:53,2022-12-11 08:50:01,M->M,unknown,
央广网,no_media,2022-12-11 08:50:01,2022-12-19 17:38:43,M->M,unknown,
央广网,no_media,2022-12-19 17:38:43,2023-01-02 09:07:00,M->M,unknown,
央广网,no_media,2023-01-02 09:07:00,2023-01-06 21:30:39,M->M,unknown,
央广网,no_media,2023-01-06 21:30:39,2023-01-09 17:08:02,M->M,unknown,
央广网,no_media,2023-01-09 17:08:02,2023-01-13 21:22:30,M->M,unknown,
央广网,no_media,2023-01-13 21:22:30,2023-01-18 15:19:34,M->M,unknown,
央视新闻,no_media,2022-12-06 14:23:29,2022-12-07 13:23:04,M->M,unknown,
央视新闻,no_media,2022-12-07 13:23:04,2022-12-24 18:15:41,M->M,unknown,
央视新闻,no_media,2022-12-24 18:15:41,2023-01-18 15:14:14,M->M,unknown,
央视网,no_media,2022-11-18 10:17:29,2022-12-07 08:46:16,M->M,unknown,
央视网,no_media,2022-12-07 08:46:16,2022-12-07 13:45:33,M->M,unknown,
央视网,no_media,2022-12-07 13:45:33,2022-12-09 15:48:48,M->M,unknown,
央视网,no_media,2022-12-09 15:48:48,2022-12-26 12:42:05,M->M,unknown,
央视网,no_media,2022-12-26 12:42:05,2022-12-26 14:00:03,M->M,unknown,
央视网,no_media,2022-12-26 14:00:03,2022-12-30 08:42:02,M->M,unknown,
央视网,no_media,2022-12-30 08:42:02,2022-12-31 07:00:04,M->M,unknown,
央视网,no_media,2022-12-31 07:00:04,2023-01-05 10:31:59,M->M,unknown,
央视网,no_media,2023-01-05 10:31:59,2023-01-16 13:47:54,M->M,unknown,
央视网快看,no_media,2022-11-18 22:31:10,2022-11-29 16:20:59,M->M,unknown,
央视网快看,no_media,2022-11-29 16:20:59,2022-12-06 20:38:22,M->M,unknown,
央视网快看,no_media,2022-12-06 20:38:22,2022-12-07 09:39:04,M->M,unknown,
央视网快看,no_media,2022-12-07 09:39:04,2022-12-07 20:20:01,M->M,unknown,
央视网快看,no_media,2022-12-07 20:20:01,2022-12-10 15:00:16,M->M,unknown,
央视网快看,no_media,2022-12-10 15:00:16,2022-12-11 08:00:16,M->M,unknown,
央视网快看,no_media,2022-12-11 08:00:16,2022-12-15 12:45:00,M->M,unknown,
央视网快看,no_media,2022-12-15 12:45:00,2022-12-31 16:07:39,M->M,unknown,
央视网快看,no_media,2022-12-31 16:07:39,2023-01-12 07:20:34,M->M,unknown,
央视网快看,no_media,2023-01-12 07:20:34,2023-01-15 11:00:00,M->M,unknown,
央视网科技,no_media,2022-11-18 14:39:00,2022-12-07 09:48:00,M->M,unknown,
央视网科技,no_media,2022-12-07 09:48:00,2022-12-07 13:50:38,M->M,unknown,
央视网科技,no_media,2022-12-07 13:50:38,2022-12-10 08:35:00,M->M,unknown,
央视网科技,no_media,2022-12-10 08:35:00,2022-12-15 14:00:00,M->M,unknown,
央视网科技,no_media,2022-12-15 14:00:00,2023-01-02 09:41:00,M->M,unknown,
央视网科技,no_media,2023-01-02 09:41:00,2023-01-05 13:10:00,M->M,unknown,
奥卡姆剃刀,no_media,2022-11-07 09:15:09,2022-11-07 19:36:22,M->M,unknown,
她不会取,no_media,2023-01-05 06:23:00,2023-01-12 06:12:00,H->H,unknown,
孝感日报,no_media,2022-12-15 17:37:22,2023-01-10 22:39:03,M->M,unknown,
孝视新闻眼,no_media,2022-12-08 10:32:44,2022-12-27 14:33:13,M->M,unknown,
孟静舍,no_media,2023-02-02 23:02:00,2023-02-06 18:25:00,M->M,unknown,
孟静舍,no_media,2023-02-06 18:25:00,2023-02-06 19:11:00,M->M,unknown,
孟静舍,no_media,2023-02-06 19:11:00,2023-02-08 08:30:00,M->M,unknown,
季千辰霏,no_media,2023-01-08 16:36:00,2023-01-08 16:36:00,H->L,unknown,
宁夏新闻网,no_media,2022-10-14 14:16:51,2022-11-29 15:38:10,M->M,unknown,
宁夏新闻网,no_media,2022-11-29 15:38:10,2022-12-01 17:11:47,M->M,unknown,
宁夏新闻网,no_media,2022-12-01 17:11:47,2022-12-04 22:25:40,M->M,unknown,
宁夏新闻网,no_media,2022-12-04 22:25:40,2022-12-05 07:33:54,M->M,unknown,
宁夏新闻网,no_media,2022-12-05 07:33:54,2022-12-07 16:08:45,M->M,unknown,
宁夏新闻网,no_media,2022-12-07 16:08:45,2022-12-09 10:09:01,M->M,unknown,
宁夏新闻网,no_media,2022-12-09 10:09:01,2022-12-10 17:20:02,M->M,unknown,
宁夏新闻网,no_media,2022-12-10 17:20:02,2022-12-11 11:12:13,M->M,unknown,
宁夏新闻网,no_media,2022-12-11 11:12:13,2022-12-15 18:29:39,M->M,unknown,
宁夏新闻网,no_media,2022-12-15 18:29:39,2022-12-16 22:20:27,M->M,unknown,
宁夏新闻网,no_media,2022-12-16 22:20:27,2022-12-16 22:28:15,M->M,unknown,
宁夏新闻网,no_media,2022-12-16 22:28:15,2022-12-17 14:50:54,M->M,unknown,
宁夏新闻网,no_media,2022-12-17 14:50:54,2023-01-02 06:48:53,M->M,unknown,
宁夏新闻网,no_media,2023-01-02 06:48:53,2023-01-13 22:15:04,M->M,unknown,
安吉发布,no_media,2022-12-15 16:53:09,2023-01-12 08:41:16,M->M,unknown,
安康检察,no_media,2022-12-08 16:18:05,2022-12-09 09:32:14,M->M,unknown,
安康检察,no_media,2022-12-09 09:32:14,2022-12-15 17:25:08,M->M,unknown,
安康检察,no_media,2022-12-15 17:25:08,2022-12-15 17:25:21,M->M,unknown,
安康检察,no_media,2022-12-15 17:25:21,2022-12-15 22:26:43,M->M,unknown,
安徽之声,no_media,2022-11-21 22:35:32,2022-12-07 14:48:03,M->M,unknown,
安徽之声,no_media,2022-12-07 14:48:03,2022-12-26 14:44:05,M->M,unknown,
安徽之声,no_media,2022-12-26 14:44:05,2023-01-09 20:58:46,M->M,unknown,
安徽之声,no_media,2023-01-09 20:58:46,2023-01-16 15:00:14,M->M,unknown,
安徽之声,no_media,2023-01-16 15:00:14,2023-01-18 16:03:09,M->M,unknown,
安徽之声,no_media,2023-01-18 16:03:09,2023-01-23 18:12:31,M->M,unknown,
安徽日报,no_media,2022-12-06 14:55:21,2022-12-07 13:50:30,M->M,unknown,
安徽日报,no_media,2022-12-07 13:50:30,2022-12-08 19:37:00,M->M,unknown,
安徽日报,no_media,2022-12-08 19:37:00,2022-12-09 10:19:39,M->M,unknown,
安徽日报,no_media,2022-12-09 10:19:39,2022-12-15 17:57:37,M->M,unknown,
安徽日报,no_media,2022-12-15 17:57:37,2022-12-27 09:13:00,M->M,unknown,
安徽日报,no_media,2022-12-27 09:13:00,2023-01-13 22:58:04,M->M,unknown,
安徽网,mainstream_only,2023-01-02 12:17:25,2023-01-05 09:30:01,M->M,unknown,
安徽网,mainstream_only,2023-01-05 09:30:01,2023-01-18 15:49:13,M->M,unknown,
安徽网,mainstream_only,2023-01-18 15:49:13,2023-02-01 10:00:00,M->M,unknown,
安徽视讯,no_media,2023-01-23 10:56:00,2023-02-03 10:26:38,M->M,unknown,
安研健康,no_media,2023-01-12 11:08:00,2023-01-18 08:31:00,M->M,unknown,
安研健康,no_media,2023-01-18 08:31:00,2023-01-19 18:48:00,M->M,unknown,
安研健康,no_media,2023-01-19 18:48:00,2023-01-20 10:49:00,M->M,unknown,
安研健康,no_media,2023-01-20 10:49:00,2023-01-31 22:07:00,M->M,unknown,
安研健康,no_media,2023-01-31 22:07:00,2023-02-04 23:29:00,M->M,unknown,
安研健康,no_media,2023-02-04 23:29:00,2023-02-07 07:47:00,M->M,unknown,
安研健康,no_media,2023-02-07 07:47:00,2023-02-10 22:23:00,M->M,unknown,
安研健康,no_media,2023-02-10 22:23:00,2023-02-11 07:06:00,M->M,unknown,
安研健康,no_media,2023-02-11 07:06:00,2023-02-15 23:39:00,M->M,unknown,
安研健康,no_media,2023-02-15 23:39:00,2023-02-21 13:14:00,M->M,unknown,
宋中清主任律师,no_media,2022-10-11 05:46:00,2022-10-14 08:52:00,M->M,unknown,
宋中清主任律师,no_media,2022-10-14 08:52:00,2022-12-01 18:21:00,M->M,unknown,
宋中清主任律师,no_media,2022-12-01 18:21:00,2023-01-26 00:17:00,M->M,unknown,
宜善园互联网医院,no_media,2023-01-04 17:00:00,2023-01-10 10:08:00,M->M,unknown,
宜春日报v,no_media,2022-12-08 11:00:01,2022-12-25 11:11:00,M->M,unknown,
宜春日报v,no_media,2022-12-25 11:11:00,2022-12-31 10:44:00,M->M,unknown,
宜春日报v,no_media,2022-12-31 10:44:00,2023-01-11 12:54:01,M->M,unknown,
寅时初白,no_media,2022-12-23 17:41:00,2022-12-28 10:19:00,M->M,unknown,
寅时初白,no_media,2022-12-28 10:19:00,2022-12-30 21:14:00,M->M,unknown,
寅时初白,no_media,2022-12-30 21:14:00,2023-02-03 11:12:00,M->M,unknown,
富山药品海外旗舰店,no_media,2023-01-13 09:29:00,2023-01-16 10:54:00,M->M,unknown,
封面新闻,no_media,2022-12-01 12:03:23,2022-12-07 13:45:21,M->M,unknown,
封面新闻,no_media,2022-12-07 13:45:21,2022-12-11 10:34:02,M->M,unknown,
封面新闻,no_media,2022-12-11 10:34:02,2022-12-18 13:10:56,M->M,unknown,
封面新闻,no_media,2022-12-18 13:10:56,2022-12-25 13:30:01,M->M,unknown,
封面新闻,no_media,2022-12-25 13:30:01,2022-12-25 21:14:28,M->M,unknown,
封面新闻,no_media,2022-12-25 21:14:28,2023-01-02 10:35:49,M->M,unknown,
小呆乐是也,no_media,2022-12-27 16:43:00,2022-12-28 09:34:00,M->M,unknown,
小央视频,no_media,2022-11-18 22:03:12,2022-12-07 11:13:00,M->M,unknown,
小央视频,no_media,2022-12-07 11:13:00,2022-12-07 14:00:06,M->M,unknown,
小央视频,no_media,2022-12-07 14:00:06,2022-12-15 11:01:00,M->M,unknown,
小央视频,no_media,2022-12-15 11:01:00,2022-12-31 12:05:00,M->M,unknown,
小央视频,no_media,2022-12-31 12:05:00,2023-01-02 11:01:00,M->M,unknown,
小央视频,no_media,2023-01-02 11:01:00,2023-01-05 15:27:00,M->M,unknown,
小岩杂俎,no_media,2023-01-09 08:46:00,2023-01-10 09:05:00,M->M,unknown,
小岩杂俎,no_media,2023-01-10 09:05:00,2023-01-14 08:28:00,M->M,unknown,
小布丁龙珠撞奶,no_media,2023-01-06 16:40:00,2023-01-08 11:16:00,L->L,unknown,
小雪雪妹仔,no_media,2023-01-07 05:23:00,2023-01-07 05:24:00,L->L,unknown,
屏山发布,no_media,2022-11-30 09:30:14,2022-12-02 09:31:23,M->M,unknown,
屏山发布,no_media,2022-12-02 09:31:23,2022-12-08 09:20:48,M->M,unknown,
屏山发布,no_media,2022-12-08 09:20:48,2022-12-09 09:39:30,M->M,unknown,
屏山发布,no_media,2022-12-09 09:39:30,2022-12-09 10:03:28,M->M,unknown,
屏山发布,no_media,2022-12-09 10:03:28,2022-12-15 10:29:54,M->M,unknown,
屏山发布,no_media,2022-12-15 10:29:54,2022-12-16 09:15:42,M->M,unknown,
屏山发布,no_media,2022-12-16 09:15:42,2022-12-27 11:05:56,M->M,unknown,
山东长安网,mainstream_only,2022-12-05 00:31:53,2022-12-07 14:43:51,M->M,unknown,
山东长安网,mainstream_only,2022-12-07 14:43:51,2022-12-15 18:17:32,M->M,norisk,0.0
山东长安网,mainstream_only,2022-12-15 18:17:32,2023-01-18 16:51:32,M->M,norisk,0.0
山东高法,no_media,2022-11-18 11:06:17,2022-12-25 15:15:28,M->M,unknown,
山东高法,no_media,2022-12-25 15:15:28,2022-12-27 07:52:09,M->M,unknown,
山东高法,no_media,2022-12-27 07:52:09,2023-01-25 15:18:40,M->M,unknown,
山西云媒体,no_media,2022-11-18 19:00:00,2022-11-30 12:30:03,M->M,unknown,
山西云媒体,no_media,2022-11-30 12:30:03,2022-12-06 17:32:01,M->M,unknown,
山西云媒体,no_media,2022-12-06 17:32:01,2022-12-09 10:30:03,M->M,unknown,
山西云媒体,no_media,2022-12-09 10:30:03,2022-12-09 11:00:03,M->M,unknown,
山西云媒体,no_media,2022-12-09 11:00:03,2022-12-31 22:00:08,M->M,unknown,
山西云媒体,no_media,2022-12-31 22:00:08,2023-01-18 17:12:20,M->M,unknown,
山西云媒体,no_media,2023-01-18 17:12:20,2023-02-13 10:00:00,M->M,unknown,
山西共青团,no_media,2022-12-05 09:19:00,2022-12-09 16:09:09,M->M,unknown,
山西共青团,no_media,2022-12-09 16:09:09,2022-12-15 20:42:34,M->M,unknown,
山西共青团,no_media,2022-12-15 20:42:34,2022-12-29 11:22:13,M->M,unknown,
山西共青团,no_media,2022-12-29 11:22:13,2023-01-04 21:31:43,M->M,unknown,
山西政法,no_media,2022-12-07 10:38:43,2022-12-11 11:07:19,M->M,unknown,
山西政法,no_media,2022-12-11 11:07:19,2022-12-15 17:31:02,M->M,unknown,
山西政法,no_media,2022-12-15 17:31:02,2023-01-04 21:23:45,M->M,unknown,
山西政法,no_media,2023-01-04 21:23:45,2023-01-07 23:59:03,M->M,unknown,
山西日报,no_media,2022-10-03 09:04:44,2022-12-09 09:51:47,M->M,unknown,
山西日报,no_media,2022-12-09 09:51:47,2022-12-15 16:47:48,M->M,unknown,
山西日报,no_media,2022-12-15 16:47:48,2022-12-22 18:36:38,M->M,unknown,
山西日报,no_media,2022-12-22 18:36:38,2022-12-24 21:59:00,M->M,unknown,
山西日报,no_media,2022-12-24 21:59:00,2023-01-18 16:10:53,M->M,unknown,
山西晚报,no_media,2022-11-14 12:54:32,2022-12-08 21:10:51,M->M,unknown,
山西晚报,no_media,2022-12-08 21:10:51,2022-12-09 10:02:47,M->M,unknown,
山西晚报,no_media,2022-12-09 10:02:47,2022-12-09 10:35:02,M->M,unknown,
山西晚报,no_media,2022-12-09 10:35:02,2022-12-22 18:43:31,M->M,unknown,
山西晚报,no_media,2022-12-22 18:43:31,2023-01-18 16:23:52,M->M,unknown,
山西晚报,no_media,2023-01-18 16:23:52,2023-01-25 15:20:01,M->M,unknown,
岐德堂武医,no_media,2023-02-01 16:22:00,2023-02-02 17:09:00,M->M,unknown,
岐德堂武医,no_media,2023-02-02 17:09:00,2023-02-07 17:45:00,M->M,unknown,
岐德堂武医,no_media,2023-02-07 17:45:00,2023-02-16 17:36:00,M->M,unknown,
岚山发布,no_media,2022-12-04 11:30:54,2022-12-07 13:57:15,M->M,unknown,
岚山发布,no_media,2022-12-07 13:57:15,2022-12-11 09:09:48,M->M,unknown,
岚山发布,no_media,2022-12-11 09:09:48,2023-01-19 10:27:57,M->M,unknown,
岚山发布,no_media,2023-01-19 10:27:57,2023-01-25 17:06:30,M->M,unknown,
岚山发布,no_media,2023-01-25 17:06:30,2023-01-25 17:13:20,M->M,unknown,
岚山发布,no_media,2023-01-25 17:13:20,2023-02-08 10:08:35,M->M,unknown,
岱青山人,no_media,2022-12-16 16:03:51,2023-01-14 05:29:49,M->M,unknown,
岱青山人,no_media,2023-01-14 05:29:49,2023-01-18 18:55:32,M->M,unknown,
峰哥一切为了健康,no_media,2022-12-17 09:26:19,2022-12-20 09:49:28,M->M,unknown,
峰哥一切为了健康,no_media,2022-12-20 09:49:28,2022-12-24 09:37:18,M->M,unknown,
峰哥一切为了健康,no_media,2022-12-24 09:37:18,2022-12-26 07:49:59,M->M,unknown,
峰哥一切为了健康,no_media,2022-12-26 07:49:59,2022-12-26 12:57:36,M->M,unknown,
峰哥一切为了健康,no_media,2022-12-26 12:57:36,2022-12-28 08:49:26,M->M,unknown,
峰哥一切为了健康,no_media,2022-12-28 08:49:26,2022-12-28 12:41:08,M->M,unknown,
峰哥一切为了健康,no_media,2022-12-28 12:41:08,2023-01-01 08:14:30,M->M,unknown,
峰哥一切为了健康,no_media,2023-01-01 08:14:30,2023-01-01 10:10:14,M->M,unknown,
峰哥一切为了健康,no_media,2023-01-01 10:10:14,2023-01-06 09:56:42,M->M,unknown,
峰哥一切为了健康,no_media,2023-01-06 09:56:42,2023-01-09 09:15:58,M->M,unknown,
峰哥一切为了健康,no_media,2023-01-09 09:15:58,2023-01-10 12:26:14,M->M,unknown,
峰哥一切为了健康,no_media,2023-01-10 12:26:14,2023-01-11 10:05:59,M->M,unknown,
峰哥一切为了健康,no_media,2023-01-11 10:05:59,2023-01-18 12:18:12,M->M,unknown,
峰哥一切为了健康,no_media,2023-01-18 12:18:12,2023-01-29 08:53:04,M->M,unknown,
峰哥一切为了健康,no_media,2023-01-29 08:53:04,2023-02-08 12:43:56,M->M,unknown,
峰哥一切为了健康,no_media,2023-02-08 12:43:56,2023-02-14 09:04:30,M->M,unknown,
市场星报,no_media,2022-10-11 10:38:08,2022-10-22 21:58:13,M->M,unknown,
市场星报,no_media,2022-10-22 21:58:13,2022-12-07 14:33:59,M->M,unknown,
市场星报,no_media,2022-12-07 14:33:59,2023-01-02 17:20:26,M->M,unknown,
市场星报,no_media,2023-01-02 17:20:26,2023-01-04 15:01:56,M->M,unknown,
市场星报,no_media,2023-01-04 15:01:56,2023-01-21 14:50:43,M->M,unknown,
市场星报,no_media,2023-01-21 14:50:43,2023-02-02 09:32:46,M->M,unknown,
市场星报,no_media,2023-02-02 09:32:46,2023-02-07 09:47:31,M->M,unknown,
市说新语,no_media,2022-12-11 12:15:08,2022-12-19 13:44:56,M->M,unknown,
常州网,no_media,2022-12-20 10:30:05,2023-01-19 20:39:28,M->M,unknown,
干细胞-王老师,no_media,2023-01-26 09:00:00,2023-01-27 09:00:00,M->M,unknown,
干细胞-王老师,no_media,2023-01-27 09:00:00,2023-01-31 07:30:00,M->M,unknown,
干细胞-琦琦,wemedia_only,2023-01-11 21:05:00,2023-01-17 11:25:00,M->M,norisk,0.0
干细胞-琦琦,wemedia_only,2023-01-17 11:25:00,2023-01-17 14:19:00,M->M,risk,1.0
干细胞-琦琦,wemedia_only,2023-01-17 14:19:00,2023-01-18 18:28:00,M->M,risk,1.0
干细胞-琦琦,wemedia_only,2023-01-18 18:28:00,2023-01-19 19:44:00,M->M,norisk,0.0
干细胞-琦琦,wemedia_only,2023-01-19 19:44:00,2023-01-30 16:54:00,M->M,norisk,0.0
干细胞-琦琦,wemedia_only,2023-01-30 16:54:00,2023-02-04 11:18:00,M->M,norisk,0.0
干细胞-琦琦,wemedia_only,2023-02-04 11:18:00,2023-02-06 19:28:00,M->M,norisk,0.0
干细胞-琦琦,wemedia_only,2023-02-06 19:28:00,2023-02-08 12:58:00,M->M,norisk,0.0
干细胞-琦琦,wemedia_only,2023-02-08 12:58:00,2023-02-09 09:42:00,M->M,norisk,0.0
干细胞-琦琦,wemedia_only,2023-02-09 09:42:00,2023-02-09 15:13:00,M->M,norisk,0.0
干细胞-琦琦,wemedia_only,2023-02-09 15:13:00,2023-02-09 22:47:00,M->M,norisk,0.0
干细胞-琦琦,wemedia_only,2023-02-09 22:47:00,2023-02-10 09:21:00,M->M,norisk,0.0
干细胞-琦琦,wemedia_only,2023-02-10 09:21:00,2023-02-10 15:03:00,M->M,norisk,0.0
干细胞-琦琦,wemedia_only,2023-02-10 15:03:00,2023-02-14 18:15:00,M->M,norisk,0.0
干细胞-琦琦,wemedia_only,2023-02-14 18:15:00,2023-02-15 10:35:00,M->M,norisk,0.0
干细胞-琦琦,wemedia_only,2023-02-15 10:35:00,2023-02-15 14:43:00,M->M,norisk,0.5
干细胞-琦琦,wemedia_only,2023-02-15 14:43:00,2023-02-20 16:10:00,M->M,norisk,0.5
平-安-顺-遂2024,no_media,2022-12-23 09:55:00,2022-12-28 13:26:00,M->L,unknown,
平城阿伟,no_media,2023-02-13 10:15:00,2023-02-13 10:17:00,L->H,unknown,
平安古蔺,mainstream_only,2022-10-14 09:15:27,2022-12-16 16:55:05,M->M,unknown,
平安古蔺,mainstream_only,2022-12-16 16:55:05,2023-02-08 09:22:36,M->M,unknown,
平安商丘,no_media,2022-10-14 09:24:37,2022-12-04 15:35:30,M->M,unknown,
平安商丘,no_media,2022-12-04 15:35:30,2022-12-07 09:22:27,M->M,unknown,
平安商丘,no_media,2022-12-07 09:22:27,2022-12-08 19:02:26,M->M,unknown,
平安商丘,no_media,2022-12-08 19:02:26,2022-12-15 17:20:01,M->M,unknown,
平安安州,no_media,2022-10-14 12:42:26,2022-10-14 15:29:15,M->M,unknown,
平安安州,no_media,2022-10-14 15:29:15,2022-12-09 11:07:20,M->M,unknown,
平安安州,no_media,2022-12-09 11:07:20,2022-12-09 15:33:07,M->M,unknown,
平安安州,no_media,2022-12-09 15:33:07,2022-12-09 21:43:27,M->M,unknown,
平安曲靖,mainstream_only,2023-01-03 08:59:44,2023-01-03 09:05:55,M->M,norisk,0.0
平安温州,mainstream_only,2022-12-05 10:10:16,2022-12-16 09:14:17,M->M,unknown,
平安温州,mainstream_only,2022-12-16 09:14:17,2022-12-16 09:49:59,M->M,unknown,
平安绵阳,mainstream_only,2023-01-02 09:04:28,2023-02-08 09:10:10,M->M,unknown,
广东台触电新闻,no_media,2022-11-13 18:21:01,2022-12-03 09:37:02,M->M,unknown,
广东台触电新闻,no_media,2022-12-03 09:37:02,2022-12-07 17:10:52,M->M,unknown,
广东台触电新闻,no_media,2022-12-07 17:10:52,2022-12-09 10:53:45,M->M,unknown,
广东台触电新闻,no_media,2022-12-09 10:53:45,2022-12-15 17:50:13,M->M,unknown,
广东广播电视台城市之声,no_media,2022-10-27 19:08:35,2022-12-08 10:46:27,M->M,unknown,
广东广播电视台城市之声,no_media,2022-12-08 10:46:27,2022-12-09 09:46:57,M->M,unknown,
广东广播电视台城市之声,no_media,2022-12-09 09:46:57,2023-01-08 16:34:01,M->M,unknown,
广东广播电视台城市之声,no_media,2023-01-08 16:34:01,2023-01-14 17:42:46,M->M,unknown,
广东新闻联播,no_media,2022-12-07 14:52:00,2022-12-14 16:38:46,M->M,unknown,
广东新闻联播,no_media,2022-12-14 16:38:46,2022-12-17 16:06:25,M->M,unknown,
广州校园,no_media,2022-12-09 14:08:16,2022-12-11 11:29:45,M->M,unknown,
广州校园,no_media,2022-12-11 11:29:45,2022-12-15 18:42:48,M->M,unknown,
广州检察,no_media,2022-12-16 09:44:47,2023-01-04 10:55:34,M->M,unknown,
广州铁路,no_media,2022-11-29 22:50:00,2022-12-15 18:10:00,M->M,unknown,
广州铁路,no_media,2022-12-15 18:10:00,2022-12-15 19:10:00,M->M,unknown,
广州铁路,no_media,2022-12-15 19:10:00,2022-12-24 22:39:04,M->M,unknown,
广州铁路,no_media,2022-12-24 22:39:04,2022-12-31 11:00:00,M->M,unknown,
广西头条NEWS,no_media,2022-12-07 13:45:45,2022-12-14 08:47:49,M->M,unknown,
广西头条NEWS,no_media,2022-12-14 08:47:49,2022-12-14 09:05:17,M->M,unknown,
广西头条NEWS,no_media,2022-12-14 09:05:17,2022-12-15 17:00:09,M->M,unknown,
广西头条NEWS,no_media,2022-12-15 17:00:09,2022-12-16 22:15:00,M->M,unknown,
广西头条NEWS,no_media,2022-12-16 22:15:00,2023-01-01 15:44:41,M->M,unknown,
广西头条NEWS,no_media,2023-01-01 15:44:41,2023-01-01 19:15:43,M->M,unknown,
广西新闻网,no_media,2022-12-15 19:00:02,2022-12-16 22:00:01,M->M,unknown,
广西新闻网,no_media,2022-12-16 22:00:01,2022-12-26 17:00:02,M->M,unknown,
广西日报,no_media,2022-12-09 12:20:03,2023-01-19 14:18:23,M->M,unknown,
张斐的百合诗亭,no_media,2022-12-12 20:12:00,2022-12-12 21:19:00,M->M,unknown,
当代生活报,no_media,2022-12-07 13:48:16,2022-12-13 12:30:02,M->M,unknown,
当代生活报,no_media,2022-12-13 12:30:02,2022-12-13 13:21:47,M->M,unknown,
当代生活报,no_media,2022-12-13 13:21:47,2022-12-16 16:25:01,M->M,unknown,
当代生活报,no_media,2022-12-16 16:25:01,2022-12-26 21:40:01,M->M,unknown,
当代生活报,no_media,2022-12-26 21:40:01,2023-01-21 18:40:01,M->M,unknown,
当归拉法_Dr段,no_media,2023-02-10 19:44:00,2023-02-14 12:29:00,M->M,unknown,
当归拉法_Dr段,no_media,2023-02-14 12:29:00,2023-02-14 14:01:00,M->M,unknown,
当归拉法_Dr段,no_media,2023-02-14 14:01:00,2023-02-15 16:41:00,M->M,unknown,
当归拉法_Dr段,no_media,2023-02-15 16:41:00,2023-02-16 12:02:00,M->M,unknown,
当铺大老板,no_media,2022-10-14 17:20:00,2022-10-15 09:51:00,M->M,unknown,
徐州瑞博医院,no_media,2023-01-05 16:07:00,2023-01-11 08:45:00,M->M,unknown,
得意学堂岱珈,wemedia_only,2022-11-15 11:00:00,2022-12-26 15:45:00,M->M,unknown,
得意学堂岱珈,wemedia_only,2022-12-26 15:45:00,2022-12-30 09:01:00,M->M,unknown,
得意学堂岱珈,wemedia_only,2022-12-30 09:01:00,2023-01-01 21:20:00,M->M,unknown,
得意学堂岱珈,wemedia_only,2023-01-01 21:20:00,2023-01-03 07:45:00,M->M,unknown,
得意学堂岱珈,wemedia_only,2023-01-03 07:45:00,2023-01-03 20:39:00,M->M,unknown,
得意学堂岱珈,wemedia_only,2023-01-03 20:39:00,2023-01-11 16:14:00,M->M,unknown,
微博江苏,no_media,2022-12-09 11:38:01,2023-01-18 17:50:38,M->M,unknown,
微博江苏,no_media,2023-01-18 17:50:38,2023-01-25 13:42:50,M->M,unknown,
微博沧州,no_media,2022-12-01 11:37:56,2022-12-16 12:16:54,M->M,unknown,
微博沧州,no_media,2022-12-16 12:16:54,2022-12-19 11:06:44,M->M,unknown,
微博沧州,no_media,2022-12-19 11:06:44,2022-12-26 11:11:50,M->M,unknown,
微博沧州,no_media,2022-12-26 11:11:50,2023-02-06 10:09:16,M->M,unknown,
德阳全媒体,no_media,2022-12-09 11:00:09,2022-12-24 16:00:07,M->M,unknown,
德阳全媒体,no_media,2022-12-24 16:00:07,2022-12-24 20:00:07,M->M,unknown,
快乐投资人李伟,no_media,2023-02-06 21:41:00,2023-02-19 22:51:00,M->H,unknown,
快乐芷Ann,wemedia_only,2023-01-12 06:23:00,2023-01-14 07:35:00,L->M,unknown,
恩施新闻网,no_media,2022-10-15 16:58:45,2022-12-23 19:23:09,M->M,unknown,
恩施新闻网,no_media,2022-12-23 19:23:09,2023-01-17 21:35:51,M->M,unknown,
情感文艺君,wemedia_only,2022-12-28 19:07:00,2023-01-11 11:49:00,M->L,risk,1.0
成都商报,no_media,2022-10-08 15:04:00,2022-12-07 13:28:04,M->M,unknown,
成都商报,no_media,2022-12-07 13:28:04,2022-12-13 15:26:49,M->M,unknown,
成都商报,no_media,2022-12-13 15:26:49,2022-12-23 21:07:27,M->M,unknown,
成都商报,no_media,2022-12-23 21:07:27,2023-01-13 20:50:16,M->M,unknown,
成都商报,no_media,2023-01-13 20:50:16,2023-01-17 21:47:18,M->M,unknown,
成都商报,no_media,2023-01-17 21:47:18,2023-01-18 15:57:40,M->M,unknown,
成都商报,no_media,2023-01-18 15:57:40,2023-01-21 13:04:58,M->M,unknown,
成都手机报,no_media,2022-12-07 13:28:58,2022-12-14 15:24:24,M->M,unknown,
成马大健康网,no_media,2022-12-13 11:59:00,2023-01-03 13:28:00,M->M,unknown,
成马大健康网,no_media,2023-01-03 13:28:00,2023-01-10 10:56:00,M->M,unknown,
成马大健康网,no_media,2023-01-10 10:56:00,2023-02-13 10:58:00,M->M,unknown,
我是李翔,no_media,2022-12-11 17:37:46,2023-01-18 09:30:55,M->M,unknown,
我苏特稿,no_media,2023-01-03 17:51:40,2023-01-25 09:16:05,M->M,unknown,
手感造物,wemedia_only,2022-12-18 11:11:00,2022-12-20 12:29:00,M->M,norisk,0.0
扬子晚报,no_media,2022-12-08 09:00:01,2022-12-09 10:02:02,M->M,unknown,
扬子晚报,no_media,2022-12-09 10:02:02,2022-12-09 20:00:00,M->M,unknown,
扬子晚报,no_media,2022-12-09 20:00:00,2022-12-12 16:40:01,M->M,unknown,
扬子晚报,no_media,2022-12-12 16:40:01,2022-12-15 18:00:01,M->M,unknown,
扬子晚报,no_media,2022-12-15 18:00:01,2022-12-31 13:30:00,M->M,unknown,
扬子晚报,no_media,2022-12-31 13:30:00,2023-01-09 20:21:00,M->M,unknown,
扬子晚报,no_media,2023-01-09 20:21:00,2023-01-18 15:20:13,M->M,unknown,
扬子晚报,no_media,2023-01-18 15:20:13,2023-02-20 20:12:59,M->M,unknown,
抚州临川发布,no_media,2023-01-16 15:33:16,2023-01-18 16:17:51,M->M,unknown,
救命啊------,no_media,2022-12-21 21:21:00,2023-01-04 10:52:00,L->M,unknown,
文森特2019,no_media,2023-01-13 09:51:00,2023-01-16 18:28:00,L->L,unknown,
文汇报,no_media,2022-11-13 20:23:50,2022-12-01 11:57:58,M->M,unknown,
文汇报,no_media,2022-12-01 11:57:58,2022-12-03 20:44:58,M->M,unknown,
文汇报,no_media,2022-12-03 20:44:58,2022-12-06 14:34:05,M->M,unknown,
文汇报,no_media,2022-12-06 14:34:05,2022-12-07 15:53:30,M->M,unknown,
文汇报,no_media,2022-12-07 15:53:30,2022-12-15 16:49:33,M->M,unknown,
文汇报,no_media,2022-12-15 16:49:33,2022-12-22 09:41:00,M->M,unknown,
文汇报,no_media,2022-12-22 09:41:00,2023-01-02 18:45:54,M->M,unknown,
文汇报,no_media,2023-01-02 18:45:54,2023-01-07 11:39:00,M->M,unknown,
文汇报,no_media,2023-01-07 11:39:00,2023-01-09 18:37:13,M->M,unknown,
新华日报,no_media,2022-11-21 20:21:00,2022-12-07 13:37:52,M->M,unknown,
新华日报,no_media,2022-12-07 13:37:52,2022-12-08 19:44:32,M->M,unknown,
新华日报,no_media,2022-12-08 19:44:32,2022-12-09 09:52:08,M->M,unknown,
新华日报,no_media,2022-12-09 09:52:08,2022-12-21 22:00:07,M->M,unknown,
新华日报,no_media,2022-12-21 22:00:07,2023-01-18 15:56:30,M->M,unknown,
新民周刊,no_media,2022-12-01 19:00:21,2022-12-09 12:06:38,M->M,unknown,
新民周刊,no_media,2022-12-09 12:06:38,2022-12-11 12:06:36,M->M,unknown,
新民周刊,no_media,2022-12-11 12:06:36,2022-12-18 19:01:15,M->M,unknown,
新民周刊,no_media,2022-12-18 19:01:15,2023-01-17 19:37:24,M->M,unknown,
新民周刊,no_media,2023-01-17 19:37:24,2023-01-19 16:02:00,M->M,unknown,
新民周刊,no_media,2023-01-19 16:02:00,2023-01-21 12:16:02,M->M,unknown,
新民晚报新民网,no_media,2022-10-26 17:32:01,2022-12-06 21:46:02,M->M,unknown,
新民晚报新民网,no_media,2022-12-06 21:46:02,2022-12-07 17:30:02,M->M,unknown,
新民晚报新民网,no_media,2022-12-07 17:30:02,2022-12-09 09:09:57,M->M,unknown,
新民晚报新民网,no_media,2022-12-09 09:09:57,2022-12-09 09:51:55,M->M,unknown,
新民晚报新民网,no_media,2022-12-09 09:51:55,2022-12-12 15:51:47,M->M,unknown,
新民晚报新民网,no_media,2022-12-12 15:51:47,2022-12-25 14:48:00,M->M,unknown,
新民晚报新民网,no_media,2022-12-25 14:48:00,2022-12-25 16:48:00,M->M,unknown,
新民晚报新民网,no_media,2022-12-25 16:48:00,2023-01-01 15:52:48,M->M,unknown,
新民晚报新民网,no_media,2023-01-01 15:52:48,2023-01-02 18:47:00,M->M,unknown,
新民晚报新民网,no_media,2023-01-02 18:47:00,2023-01-03 17:55:00,M->M,unknown,
新民晚报新民网,no_media,2023-01-03 17:55:00,2023-01-04 13:01:04,M->M,unknown,
新民晚报新民网,no_media,2023-01-04 13:01:04,2023-01-18 17:45:00,M->M,unknown,
新民晚报新民网,no_media,2023-01-18 17:45:00,2023-01-18 20:30:02,M->M,unknown,
新民晚报新民网,no_media,2023-01-18 20:30:02,2023-01-30 21:57:37,M->H,unknown,
新法治报,no_media,2022-12-06 16:30:58,2022-12-09 10:39:35,M->M,unknown,
新法治报,no_media,2022-12-09 10:39:35,2022-12-10 08:51:12,M->M,unknown,
新法治报,no_media,2022-12-10 08:51:12,2022-12-17 16:31:55,M->M,unknown,
新法治报,no_media,2022-12-17 16:31:55,2022-12-29 12:39:53,M->M,unknown,
新法治报,no_media,2022-12-29 12:39:53,2022-12-30 10:58:45,M->M,unknown,
新法治报,no_media,2022-12-30 10:58:45,2023-01-02 10:20:43,M->M,unknown,
新法治报,no_media,2023-01-02 10:20:43,2023-01-02 10:21:27,M->M,unknown,
新法治报,no_media,2023-01-02 10:21:27,2023-01-04 11:48:14,M->M,unknown,
新法治报,no_media,2023-01-04 11:48:14,2023-01-05 16:38:42,M->M,unknown,
新疆西部传媒有限公司,no_media,2022-10-14 15:32:00,2022-10-17 20:20:00,M->M,unknown,
新警事儿,no_media,2022-12-07 15:05:44,2022-12-25 14:50:19,M->M,unknown,
新闻晨报,no_media,2022-12-15 16:15:00,2022-12-18 10:13:00,M->M,unknown,
新闻晨报,no_media,2022-12-18 10:13:00,2022-12-24 15:25:00,M->M,unknown,
新闻晨报,no_media,2022-12-24 15:25:00,2022-12-24 19:30:00,M->M,unknown,
新闻晨报,no_media,2022-12-24 19:30:00,2022-12-25 07:51:43,M->M,unknown,
新闻晨报,no_media,2022-12-25 07:51:43,2022-12-25 10:38:54,M->M,unknown,
新闻晨报,no_media,2022-12-25 10:38:54,2022-12-26 07:28:42,M->M,unknown,
新闻晨报,no_media,2022-12-26 07:28:42,2022-12-26 12:28:49,M->M,unknown,
新闻晨报,no_media,2022-12-26 12:28:49,2022-12-29 09:24:23,M->M,unknown,
新闻晨报,no_media,2022-12-29 09:24:23,2022-12-29 13:08:05,M->M,unknown,
新闻晨报,no_media,2022-12-29 13:08:05,2022-12-30 09:37:00,M->M,unknown,
新闻晨报,no_media,2022-12-30 09:37:00,2022-12-30 11:19:01,M->M,unknown,
新闻晨报,no_media,2022-12-30 11:19:01,2022-12-30 17:40:03,M->M,unknown,
新闻晨报,no_media,2022-12-30 17:40:03,2023-01-01 19:35:17,M->M,unknown,
新闻晨报,no_media,2023-01-01 19:35:17,2023-01-02 13:30:00,M->M,unknown,
新闻晨报,no_media,2023-01-02 13:30:00,2023-01-02 17:15:00,M->M,unknown,
新闻晨报,no_media,2023-01-02 17:15:00,2023-01-02 18:20:00,M->M,unknown,
新闻晨报,no_media,2023-01-02 18:20:00,2023-01-03 09:23:00,M->M,unknown,
新闻晨报,no_media,2023-01-03 09:23:00,2023-01-03 13:10:00,M->M,unknown,
新闻晨报,no_media,2023-01-03 13:10:00,2023-01-03 14:49:13,M->M,unknown,
新闻晨报,no_media,2023-01-03 14:49:13,2023-01-05 12:48:02,M->M,unknown,
新闻晨报,no_media,2023-01-05 12:48:02,2023-01-05 21:50:08,M->M,unknown,
新闻晨报,no_media,2023-01-05 21:50:08,2023-01-07 07:45:00,M->M,unknown,
新闻晨报,no_media,2023-01-07 07:45:00,2023-01-07 17:30:00,M->H,unknown,
新闻晨报,no_media,2023-01-07 17:30:00,2023-01-08 14:59:00,H->M,unknown,
新闻晨报,no_media,2023-01-08 14:59:00,2023-01-09 20:00:06,M->M,unknown,
新闻晨报,no_media,2023-01-09 20:00:06,2023-01-10 16:39:00,M->M,unknown,
新闻晨报,no_media,2023-01-10 16:39:00,2023-01-11 22:08:01,M->M,unknown,
新闻晨报,no_media,2023-01-11 22:08:01,2023-01-12 21:25:00,M->M,unknown,
新闻晨报,no_media,2023-01-12 21:25:00,2023-01-13 22:28:04,M->M,unknown,
新闻晨报,no_media,2023-01-13 22:28:04,2023-01-13 22:30:04,M->M,unknown,
新闻晨报,no_media,2023-01-13 22:30:04,2023-01-17 20:40:00,M->M,unknown,
新闻晨报,no_media,2023-01-17 20:40:00,2023-01-18 15:37:29,M->M,unknown,
新闻晨报,no_media,2023-01-18 15:37:29,2023-02-19 19:20:01,M->M,unknown,
新闻种草官,no_media,2022-12-08 20:09:45,2023-01-01 16:39:29,M->M,unknown,
新闻种草官,no_media,2023-01-01 16:39:29,2023-01-21 11:25:21,M->M,unknown,
无锡博报,no_media,2022-10-14 10:13:03,2022-10-14 14:45:21,M->M,unknown,
无锡博报,no_media,2022-10-14 14:45:21,2022-10-28 15:32:38,M->M,unknown,
无锡博报,no_media,2022-10-28 15:32:38,2022-12-07 14:01:24,M->M,unknown,
无锡博报,no_media,2022-12-07 14:01:24,2022-12-15 16:49:02,M->M,unknown,
无锡博报,no_media,2022-12-15 16:49:02,2023-01-18 19:31:00,M->M,unknown,
无锡博报,no_media,2023-01-18 19:31:00,2023-01-25 09:48:45,M->M,unknown,
日本干细胞Motif银座Clinic,no_media,2023-01-09 14:49:00,2023-01-09 17:33:00,M->M,unknown,
日本干细胞Motif银座Clinic,no_media,2023-01-09 17:33:00,2023-01-10 17:44:00,M->M,unknown,
日本干细胞Motif银座Clinic,no_media,2023-01-10 17:44:00,2023-01-11 13:58:00,M->M,unknown,
日本干细胞Motif银座Clinic,no_media,2023-01-11 13:58:00,2023-01-11 15:25:00,M->M,unknown,
日照网,no_media,2022-10-14 09:04:34,2022-12-01 16:27:12,M->M,unknown,
日照网,no_media,2022-12-01 16:27:12,2022-12-06 15:20:14,M->M,unknown,
日照网,no_media,2022-12-06 15:20:14,2022-12-07 13:32:30,M->M,unknown,
日照网,no_media,2022-12-07 13:32:30,2022-12-08 08:49:01,M->M,unknown,
日照网,no_media,2022-12-08 08:49:01,2022-12-08 11:50:40,M->M,unknown,
日照网,no_media,2022-12-08 11:50:40,2022-12-15 17:23:31,M->M,unknown,
日照网,no_media,2022-12-15 17:23:31,2022-12-19 08:46:43,M->M,unknown,
日照网,no_media,2022-12-19 08:46:43,2022-12-21 09:46:14,M->M,unknown,
日照网,no_media,2022-12-21 09:46:14,2022-12-26 14:55:56,M->M,unknown,
日照网,no_media,2022-12-26 14:55:56,2023-01-18 16:24:10,M->M,unknown,
时视频,no_media,2022-12-09 09:27:55,2022-12-16 15:15:07,M->M,unknown,
时视频,no_media,2022-12-16 15:15:07,2022-12-19 00:33:20,M->M,unknown,
时间视频,no_media,2022-11-03 12:29:08,2022-12-07 13:39:04,M->M,unknown,
时间视频,no_media,2022-12-07 13:39:04,2022-12-08 09:50:31,M->M,unknown,
时间视频,no_media,2022-12-08 09:50:31,2022-12-23 14:43:51,M->M,unknown,
时间视频,no_media,2022-12-23 14:43:51,2023-01-04 11:14:19,M->M,unknown,
时间视频,no_media,2023-01-04 11:14:19,2023-01-21 17:45:24,M->M,unknown,
时间视频,no_media,2023-01-21 17:45:24,2023-02-21 14:02:46,M->M,unknown,
时间视频,no_media,2023-02-21 14:02:46,2023-02-28 13:29:45,M->M,unknown,
昆明东川发布,no_media,2022-12-08 09:16:30,2022-12-08 09:22:16,M->M,unknown,
昆明东川发布,no_media,2022-12-08 09:22:16,2022-12-08 09:50:59,M->M,unknown,
昆明东川发布,no_media,2022-12-08 09:50:59,2022-12-08 15:44:31,M->M,unknown,
昆明东川发布,no_media,2022-12-08 15:44:31,2022-12-10 11:51:04,M->M,unknown,
昆明东川发布,no_media,2022-12-10 11:51:04,2022-12-16 15:18:05,M->M,unknown,
昆明东川发布,no_media,2022-12-16 15:18:05,2022-12-16 21:31:21,M->M,unknown,
昆明五华发布,mainstream_only,2022-10-14 10:44:42,2022-11-18 13:23:07,M->M,unknown,
昆明五华发布,mainstream_only,2022-11-18 13:23:07,2022-11-18 15:22:10,M->M,unknown,
昆明五华发布,mainstream_only,2022-11-18 15:22:10,2022-12-07 13:45:30,M->M,unknown,
昆明五华发布,mainstream_only,2022-12-07 13:45:30,2022-12-15 18:07:28,M->M,unknown,
昆明五华发布,mainstream_only,2022-12-15 18:07:28,2022-12-19 10:45:18,M->M,unknown,
昆明五华发布,mainstream_only,2022-12-19 10:45:18,2022-12-20 19:16:02,M->M,unknown,
昆明五华发布,mainstream_only,2022-12-20 19:16:02,2022-12-26 16:11:32,M->M,unknown,
昆明五华发布,mainstream_only,2022-12-26 16:11:32,2022-12-27 21:04:25,M->M,unknown,
昆明五华发布,mainstream_only,2022-12-27 21:04:25,2023-01-02 16:05:30,M->M,unknown,
昆明五华发布,mainstream_only,2023-01-02 16:05:30,2023-01-03 12:10:38,M->M,unknown,
昆明五华发布,mainstream_only,2023-01-03 12:10:38,2023-01-05 11:29:28,M->M,unknown,
昆明五华发布,mainstream_only,2023-01-05 11:29:28,2023-01-10 22:14:55,M->M,unknown,
昆明五华发布,mainstream_only,2023-01-10 22:14:55,2023-01-11 23:10:08,M->M,unknown,
昆明信息港,no_media,2022-11-07 20:42:19,2022-12-05 18:38:13,M->M,unknown,
昆明信息港,no_media,2022-12-05 18:38:13,2022-12-16 16:46:51,M->M,unknown,
昆明信息港,no_media,2022-12-16 16:46:51,2022-12-21 09:31:29,M->M,unknown,
昆明信息港,no_media,2022-12-21 09:31:29,2022-12-30 16:52:19,M->M,unknown,
昆明信息港,no_media,2022-12-30 16:52:19,2023-01-01 16:58:13,M->M,unknown,
昆明富民发布,no_media,2022-12-08 10:43:32,2022-12-31 12:07:16,M->M,unknown,
昆明广播电视台,no_media,2022-10-14 08:53:13,2022-10-14 14:46:22,M->M,unknown,
昆明广播电视台,no_media,2022-10-14 14:46:22,2022-11-03 10:29:02,M->M,unknown,
昆明广播电视台,no_media,2022-11-03 10:29:02,2022-12-01 13:03:36,M->M,unknown,
昆明广播电视台,no_media,2022-12-01 13:03:36,2022-12-05 08:43:26,M->M,unknown,
昆明广播电视台,no_media,2022-12-05 08:43:26,2022-12-05 08:45:17,M->M,unknown,
昆明广播电视台,no_media,2022-12-05 08:45:17,2022-12-07 14:09:39,M->M,unknown,
昆明广播电视台,no_media,2022-12-07 14:09:39,2022-12-07 14:11:30,M->M,unknown,
昆明广播电视台,no_media,2022-12-07 14:11:30,2022-12-07 19:22:08,M->M,unknown,
昆明广播电视台,no_media,2022-12-07 19:22:08,2022-12-08 08:50:24,M->M,unknown,
昆明广播电视台,no_media,2022-12-08 08:50:24,2022-12-11 10:01:12,M->M,unknown,
昆明广播电视台,no_media,2022-12-11 10:01:12,2022-12-15 18:00:17,M->M,unknown,
昆明广播电视台,no_media,2022-12-15 18:00:17,2022-12-16 08:18:05,M->M,unknown,
昆明广播电视台,no_media,2022-12-16 08:18:05,2022-12-21 09:14:18,M->M,unknown,
昆明广播电视台,no_media,2022-12-21 09:14:18,2022-12-21 12:53:19,M->M,unknown,
昆明广播电视台,no_media,2022-12-21 12:53:19,2022-12-27 09:19:14,M->M,unknown,
昆明广播电视台,no_media,2022-12-27 09:19:14,2022-12-27 15:53:08,M->M,unknown,
昆明广播电视台,no_media,2022-12-27 15:53:08,2022-12-29 10:17:29,M->M,unknown,
昆明广播电视台,no_media,2022-12-29 10:17:29,2023-01-02 17:27:51,M->M,unknown,
昆明广播电视台,no_media,2023-01-02 17:27:51,2023-01-03 13:01:56,M->M,unknown,
昆明广播电视台,no_media,2023-01-03 13:01:56,2023-01-03 22:52:28,M->M,unknown,
昆明广播电视台,no_media,2023-01-03 22:52:28,2023-01-04 11:06:17,M->M,unknown,
昆明广播电视台,no_media,2023-01-04 11:06:17,2023-01-08 15:34:13,M->M,unknown,
昆明日报掌上春城,no_media,2022-11-07 10:42:47,2022-11-29 16:27:46,M->M,unknown,
昆明日报掌上春城,no_media,2022-11-29 16:27:46,2022-12-04 14:14:02,M->M,unknown,
昆明日报掌上春城,no_media,2022-12-04 14:14:02,2022-12-08 11:36:09,M->M,unknown,
昆明日报掌上春城,no_media,2022-12-08 11:36:09,2022-12-11 11:18:52,M->M,unknown,
昆明日报掌上春城,no_media,2022-12-11 11:18:52,2022-12-15 17:09:54,M->M,unknown,
昆明日报掌上春城,no_media,2022-12-15 17:09:54,2022-12-16 10:23:11,M->M,unknown,
昆明日报掌上春城,no_media,2022-12-16 10:23:11,2022-12-23 20:13:35,M->M,unknown,
昆明日报掌上春城,no_media,2022-12-23 20:13:35,2022-12-25 22:18:01,M->M,unknown,
昆明日报掌上春城,no_media,2022-12-25 22:18:01,2023-01-03 17:00:01,M->M,unknown,
昆明日报掌上春城,no_media,2023-01-03 17:00:01,2023-01-05 16:36:39,M->M,unknown,
昆明日报掌上春城,no_media,2023-01-05 16:36:39,2023-01-18 18:06:35,M->M,unknown,
昆明日报掌上春城,no_media,2023-01-18 18:06:35,2023-01-21 09:40:22,M->M,unknown,
昌平报,no_media,2022-12-07 17:15:17,2022-12-21 10:37:35,M->M,unknown,
昌平报,no_media,2022-12-21 10:37:35,2023-01-03 10:55:21,M->M,unknown,
易可中医连锁,no_media,2023-01-04 09:21:00,2023-01-06 16:24:00,M->M,unknown,
易可中医连锁,no_media,2023-01-06 16:24:00,2023-01-10 15:58:00,M->M,unknown,
易可中医连锁,no_media,2023-01-10 15:58:00,2023-01-14 12:49:00,M->M,unknown,
是安沐呀,wemedia_only,2022-12-27 14:36:00,2022-12-29 09:12:00,L->H,risk,1.0
晖姐的新微博,no_media,2023-01-14 04:56:00,2023-01-14 07:36:00,M->M,unknown,
晖姐的新微博,no_media,2023-01-14 07:36:00,2023-01-27 19:19:00,M->M,unknown,
普洱政法,mainstream_only,2022-12-11 12:51:53,2022-12-15 20:40:28,M->M,norisk,0.0
普洱政法,mainstream_only,2022-12-15 20:40:28,2022-12-18 17:08:54,M->M,norisk,0.0
普洱政法,mainstream_only,2022-12-18 17:08:54,2022-12-25 15:50:14,M->M,norisk,0.5
景德镇日报社,no_media,2022-11-26 00:10:55,2022-11-28 01:55:08,M->M,unknown,
景德镇日报社,no_media,2022-11-28 01:55:08,2022-12-06 19:02:55,M->M,unknown,
曦宝宝是只喵,no_media,2023-02-02 12:39:00,2023-02-03 04:07:00,H->L,unknown,
曲QUQUQU,no_media,2022-12-19 11:18:00,2022-12-20 08:53:00,M->M,unknown,
曲QUQUQU,no_media,2022-12-20 08:53:00,2022-12-21 08:22:00,M->M,unknown,
曹舟力,no_media,2022-11-02 13:27:00,2022-11-08 05:56:00,M->M,unknown,
杀手小兔Nicoooo,no_media,2022-12-20 17:05:00,2022-12-23 13:32:00,L->L,unknown,
杉林__,no_media,2022-12-28 11:09:00,2022-12-28 17:58:00,M->L,unknown,
杉林__,no_media,2022-12-28 17:58:00,2023-01-11 08:09:00,L->L,unknown,
杉林__,no_media,2023-01-11 08:09:00,2023-01-11 20:35:00,L->L,unknown,
杨新新大侠,no_media,2023-01-13 00:39:00,2023-02-18 03:05:00,H->H,unknown,
杨晓峰医生,wemedia_only,2022-12-29 20:25:00,2023-01-02 00:05:00,M->M,risk,1.0
杨晓峰医生,wemedia_only,2023-01-02 00:05:00,2023-01-02 00:20:00,M->M,norisk,0.0
杨晓峰医生,wemedia_only,2023-01-02 00:20:00,2023-01-09 22:07:00,M->M,norisk,0.0
杨晓峰医生,wemedia_only,2023-01-09 22:07:00,2023-01-09 22:37:00,M->M,risk,1.0
杨晓峰医生,wemedia_only,2023-01-09 22:37:00,2023-01-11 00:05:00,M->M,risk,1.0
杨晓峰医生,wemedia_only,2023-01-11 00:05:00,2023-01-11 00:24:00,M->M,norisk,0.5
杨晓峰医生,wemedia_only,2023-01-11 00:24:00,2023-01-12 16:52:00,M->M,norisk,0.5
杨晓峰医生,wemedia_only,2023-01-12 16:52:00,2023-01-13 23:23:00,M->M,risk,1.0
杨晓峰医生,wemedia_only,2023-01-13 23:23:00,2023-01-14 22:30:00,M->M,norisk,0.0
杨晓峰医生,wemedia_only,2023-01-14 22:30:00,2023-01-15 21:46:00,M->M,norisk,0.0
杨晓峰医生,wemedia_only,2023-01-15 21:46:00,2023-01-16 23:51:00,M->M,norisk,0.0
杨晓峰医生,wemedia_only,2023-01-16 23:51:00,2023-01-20 21:16:00,M->M,norisk,0.0
杨晓峰医生,wemedia_only,2023-01-20 21:16:00,2023-01-20 21:26:00,M->M,norisk,0.5
杨晓峰医生,wemedia_only,2023-01-20 21:26:00,2023-01-21 15:14:00,M->M,norisk,0.5
杨晓峰医生,wemedia_only,2023-01-21 15:14:00,2023-01-28 23:47:00,M->M,norisk,0.0
杨晓峰医生,wemedia_only,2023-01-28 23:47:00,2023-01-29 21:38:00,M->M,risk,1.0
杨晓峰医生,wemedia_only,2023-01-29 21:38:00,2023-02-03 17:06:00,M->L,risk,1.0
杭州网,no_media,2022-11-02 09:28:09,2022-12-01 12:03:00,M->M,unknown,
杭州网,no_media,2022-12-01 12:03:00,2022-12-03 11:45:00,M->M,unknown,
杭州网,no_media,2022-12-03 11:45:00,2022-12-04 12:48:15,M->M,unknown,
杭州网,no_media,2022-12-04 12:48:15,2022-12-04 16:15:01,M->M,unknown,
杭州网,no_media,2022-12-04 16:15:01,2022-12-05 19:00:03,M->M,unknown,
杭州网,no_media,2022-12-05 19:00:03,2022-12-15 17:00:05,M->M,unknown,
杭州网,no_media,2022-12-15 17:00:05,2022-12-18 14:17:21,M->M,unknown,
杭州网,no_media,2022-12-18 14:17:21,2023-01-03 20:30:25,M->M,unknown,
杭州网,no_media,2023-01-03 20:30:25,2023-02-06 11:30:01,M->M,unknown,
极客红石,wemedia_only,2022-10-20 16:35:00,2022-10-21 12:19:00,M->M,unknown,
极客红石,wemedia_only,2022-10-21 12:19:00,2022-10-22 14:20:00,M->M,unknown,
极客红石,wemedia_only,2022-10-22 14:20:00,2022-10-28 13:17:00,M->H,unknown,
极客红石,wemedia_only,2022-10-28 13:17:00,2022-11-07 20:35:00,H->M,unknown,
极客红石,wemedia_only,2022-11-07 20:35:00,2022-11-12 20:07:00,M->M,unknown,
极客红石,wemedia_only,2022-11-12 20:07:00,2022-11-25 12:48:00,M->M,unknown,
株洲发布,no_media,2022-11-16 09:11:08,2022-12-08 19:50:59,M->M,unknown,
株洲发布,no_media,2022-12-08 19:50:59,2022-12-29 13:08:28,M->M,unknown,
株洲发布,no_media,2022-12-29 13:08:28,2023-01-01 15:12:48,M->M,unknown,
格尔达别怂,no_media,2022-12-08 12:19:00,2022-12-08 12:19:00,L->L,unknown,
桂哥猎手VIP777,no_media,2022-11-08 21:34:00,2022-12-27 22:55:00,H->H,unknown,
梅子在想什么,no_media,2022-12-02 19:02:00,2022-12-03 21:29:00,H->L,unknown,
梅子在想什么,no_media,2022-12-03 21:29:00,2022-12-03 22:41:00,L->M,unknown,
梅子在想什么,no_media,2022-12-03 22:41:00,2022-12-03 22:55:00,M->M,unknown,
梅子在想什么,no_media,2022-12-03 22:55:00,2022-12-04 23:55:00,M->M,unknown,
梅子在想什么,no_media,2022-12-04 23:55:00,2022-12-05 13:59:00,M->H,unknown,
梅子在想什么,no_media,2022-12-05 13:59:00,2022-12-05 18:27:00,H->L,unknown,
梅子在想什么,no_media,2022-12-05 18:27:00,2022-12-06 13:24:00,L->M,unknown,
梅子在想什么,no_media,2022-12-06 13:24:00,2022-12-06 13:28:00,M->M,unknown,
梅子在想什么,no_media,2022-12-06 13:28:00,2022-12-06 13:32:00,M->L,unknown,
梅子在想什么,no_media,2022-12-06 13:32:00,2022-12-06 20:06:00,L->M,unknown,
梅子在想什么,no_media,2022-12-06 20:06:00,2022-12-08 23:26:00,M->L,unknown,
梅子在想什么,no_media,2022-12-08 23:26:00,2022-12-08 23:42:00,L->M,unknown,
梅子在想什么,no_media,2022-12-08 23:42:00,2022-12-08 23:57:00,M->H,unknown,
梅子在想什么,no_media,2022-12-08 23:57:00,2022-12-11 01:05:00,H->H,unknown,
梅子在想什么,no_media,2022-12-11 01:05:00,2022-12-11 18:24:00,H->M,unknown,
梅子在想什么,no_media,2022-12-11 18:24:00,2022-12-12 20:56:00,M->H,unknown,
梅子在想什么,no_media,2022-12-12 20:56:00,2022-12-14 02:21:00,H->H,unknown,
梅子在想什么,no_media,2022-12-14 02:21:00,2022-12-14 14:35:00,H->H,unknown,
梅子在想什么,no_media,2022-12-14 14:35:00,2022-12-14 15:36:00,H->M,unknown,
梅子在想什么,no_media,2022-12-14 15:36:00,2022-12-15 01:12:00,M->M,unknown,
梅子在想什么,no_media,2022-12-15 01:12:00,2022-12-16 01:47:00,M->M,unknown,
梅子在想什么,no_media,2022-12-16 01:47:00,2022-12-17 13:18:00,M->L,unknown,
梅子在想什么,no_media,2022-12-17 13:18:00,2022-12-17 14:37:00,L->L,unknown,
梅子在想什么,no_media,2022-12-17 14:37:00,2022-12-18 00:33:00,L->M,unknown,
梅子在想什么,no_media,2022-12-18 00:33:00,2022-12-18 01:01:00,M->M,unknown,
梅子在想什么,no_media,2022-12-18 01:01:00,2022-12-18 22:08:00,M->M,unknown,
梅子在想什么,no_media,2022-12-18 22:08:00,2022-12-19 00:49:00,M->L,unknown,
梅子在想什么,no_media,2022-12-19 00:49:00,2022-12-23 23:49:00,L->M,unknown,
梅子在想什么,no_media,2022-12-23 23:49:00,2022-12-29 15:02:00,M->L,unknown,
梅子在想什么,no_media,2022-12-29 15:02:00,2022-12-30 13:13:00,L->H,unknown,
梅子在想什么,no_media,2022-12-30 13:13:00,2023-01-09 18:48:00,H->M,unknown,
梅子在想什么,no_media,2023-01-09 18:48:00,2023-01-09 19:01:00,M->M,unknown,
梅子在想什么,no_media,2023-01-09 19:01:00,2023-01-09 19:20:00,M->M,unknown,
梅子在想什么,no_media,2023-01-09 19:20:00,2023-01-10 20:01:00,M->L,unknown,
梅子在想什么,no_media,2023-01-10 20:01:00,2023-01-15 23:55:00,L->L,unknown,
梅子在想什么,no_media,2023-01-15 23:55:00,2023-01-16 00:25:00,L->M,unknown,
梅子在想什么,no_media,2023-01-16 00:25:00,2023-01-20 16:39:00,M->L,unknown,
梅子在想什么,no_media,2023-01-20 16:39:00,2023-01-21 02:41:00,L->H,unknown,
梅子在想什么,no_media,2023-01-21 02:41:00,2023-01-21 14:19:00,H->L,unknown,
梅子在想什么,no_media,2023-01-21 14:19:00,2023-01-21 14:22:00,L->L,unknown,
梅子在想什么,no_media,2023-01-21 14:22:00,2023-01-21 14:32:00,L->L,unknown,
梅子在想什么,no_media,2023-01-21 14:32:00,2023-02-08 00:47:00,L->L,unknown,
梅子在想什么,no_media,2023-02-08 00:47:00,2023-02-10 14:04:00,L->L,unknown,
梅子在想什么,no_media,2023-02-10 14:04:00,2023-02-13 09:57:00,L->L,unknown,
梅子在想什么,no_media,2023-02-13 09:57:00,2023-02-19 15:58:00,L->H,unknown,
梦境飞行模式开启,no_media,2023-02-14 23:57:00,2023-02-28 23:54:00,H->L,unknown,
梨涡浅笑-s,no_media,2022-12-22 16:53:00,2022-12-26 08:59:00,M->L,unknown,
榆林TV,no_media,2022-11-21 14:57:01,2022-12-08 21:26:44,M->M,unknown,
榆林TV,no_media,2022-12-08 21:26:44,2022-12-16 09:49:58,M->M,unknown,
榆林TV,no_media,2022-12-16 09:49:58,2022-12-31 09:24:00,M->M,unknown,
榆林TV,no_media,2022-12-31 09:24:00,2023-01-15 15:18:00,M->M,unknown,
榆林日报,no_media,2022-10-16 08:20:00,2022-11-21 14:57:19,M->M,unknown,
榆林日报,no_media,2022-11-21 14:57:19,2022-11-22 14:30:15,M->M,unknown,
榆林日报,no_media,2022-11-22 14:30:15,2022-11-30 08:44:45,M->M,unknown,
榆林日报,no_media,2022-11-30 08:44:45,2022-12-06 13:34:39,M->M,unknown,
榆林日报,no_media,2022-12-06 13:34:39,2022-12-08 21:27:35,M->M,unknown,
榆林日报,no_media,2022-12-08 21:27:35,2022-12-15 08:52:26,M->M,unknown,
榆林日报,no_media,2022-12-15 08:52:26,2022-12-16 10:13:00,M->M,unknown,
榆林日报,no_media,2022-12-16 10:13:00,2022-12-31 10:24:01,M->M,unknown,
榆林日报,no_media,2022-12-31 10:24:01,2023-01-10 10:20:07,M->M,unknown,
榆林日报,no_media,2023-01-10 10:20:07,2023-01-14 15:25:57,M->M,unknown,
榆林日报,no_media,2023-01-14 15:25:57,2023-01-15 15:10:00,M->M,unknown,
槑小公子Mannie,no_media,2023-01-05 10:28:00,2023-01-06 16:52:00,M->M,unknown,
正义网,no_media,2022-12-15 19:15:52,2023-01-18 16:45:00,M->M,unknown,
正观新闻,no_media,2022-10-27 15:33:39,2022-11-23 22:00:05,M->M,unknown,
正观新闻,no_media,2022-11-23 22:00:05,2022-11-26 21:08:16,M->M,unknown,
正观新闻,no_media,2022-11-26 21:08:16,2022-11-29 17:27:18,M->M,unknown,
正观新闻,no_media,2022-11-29 17:27:18,2022-11-29 17:30:20,M->M,unknown,
正观新闻,no_media,2022-11-29 17:30:20,2022-12-02 09:44:25,M->M,unknown,
正观新闻,no_media,2022-12-02 09:44:25,2022-12-05 10:05:32,M->M,unknown,
正观新闻,no_media,2022-12-05 10:05:32,2022-12-07 13:59:09,M->M,unknown,
正观新闻,no_media,2022-12-07 13:59:09,2022-12-07 20:29:01,M->M,unknown,
正观新闻,no_media,2022-12-07 20:29:01,2022-12-08 13:37:21,M->M,unknown,
正观新闻,no_media,2022-12-08 13:37:21,2022-12-11 10:21:25,M->M,unknown,
正观新闻,no_media,2022-12-11 10:21:25,2022-12-11 21:27:38,M->M,unknown,
正观新闻,no_media,2022-12-11 21:27:38,2022-12-12 09:50:01,M->M,unknown,
正观新闻,no_media,2022-12-12 09:50:01,2022-12-14 17:17:16,M->M,unknown,
正观新闻,no_media,2022-12-14 17:17:16,2022-12-15 16:36:19,M->M,unknown,
正观新闻,no_media,2022-12-15 16:36:19,2022-12-15 18:05:53,M->M,unknown,
正观新闻,no_media,2022-12-15 18:05:53,2022-12-18 11:42:29,M->M,unknown,
正观新闻,no_media,2022-12-18 11:42:29,2022-12-25 08:54:48,M->M,unknown,
正观新闻,no_media,2022-12-25 08:54:48,2023-01-01 18:41:25,M->M,unknown,
正观新闻,no_media,2023-01-01 18:41:25,2023-01-06 14:53:53,M->M,unknown,
正观新闻,no_media,2023-01-06 14:53:53,2023-01-17 14:17:55,M->M,unknown,
正观新闻,no_media,2023-01-17 14:17:55,2023-01-21 11:00:24,M->M,unknown,
正观新闻,no_media,2023-01-21 11:00:24,2023-01-29 09:48:51,M->M,unknown,
武汉交通广播,no_media,2022-11-18 14:32:01,2022-12-09 15:35:09,M->M,unknown,
武汉交通广播,no_media,2022-12-09 15:35:09,2022-12-11 11:10:02,M->M,unknown,
武汉交通广播,no_media,2022-12-11 11:10:02,2022-12-15 14:10:01,M->M,unknown,
武汉交通广播,no_media,2022-12-15 14:10:01,2022-12-16 11:40:00,M->M,unknown,
武汉交通广播,no_media,2022-12-16 11:40:00,2022-12-18 14:56:00,M->M,unknown,
武汉交通广播,no_media,2022-12-18 14:56:00,2022-12-19 09:41:00,M->M,unknown,
武汉交通广播,no_media,2022-12-19 09:41:00,2022-12-26 16:25:39,M->M,unknown,
武汉交通广播,no_media,2022-12-26 16:25:39,2022-12-28 09:35:00,M->M,unknown,
武汉交通广播,no_media,2022-12-28 09:35:00,2022-12-30 10:05:00,M->M,unknown,
武汉交通广播,no_media,2022-12-30 10:05:00,2022-12-30 15:44:02,M->M,unknown,
武汉交通广播,no_media,2022-12-30 15:44:02,2022-12-31 10:35:00,M->M,unknown,
武汉交通广播,no_media,2022-12-31 10:35:00,2022-12-31 16:12:47,M->M,unknown,
武汉交通广播,no_media,2022-12-31 16:12:47,2023-01-02 08:49:55,M->M,unknown,
武汉交通广播,no_media,2023-01-02 08:49:55,2023-01-02 16:12:45,M->M,unknown,
武汉交通广播,no_media,2023-01-02 16:12:45,2023-01-03 09:30:00,M->M,unknown,
武汉交通广播,no_media,2023-01-03 09:30:00,2023-01-05 14:20:01,M->M,unknown,
武汉交通广播,no_media,2023-01-05 14:20:01,2023-01-05 18:47:20,M->M,unknown,
武汉交通广播,no_media,2023-01-05 18:47:20,2023-01-07 09:50:00,M->M,unknown,
武汉交通广播,no_media,2023-01-07 09:50:00,2023-01-12 16:17:12,M->M,unknown,
武汉交通广播,no_media,2023-01-12 16:17:12,2023-01-12 19:31:49,M->M,unknown,
武汉交通广播,no_media,2023-01-12 19:31:49,2023-01-16 17:39:58,M->M,unknown,
武汉交通广播,no_media,2023-01-16 17:39:58,2023-01-18 17:48:14,M->M,unknown,
武汉交通广播,no_media,2023-01-18 17:48:14,2023-02-08 10:45:00,M->M,unknown,
武汉发布,no_media,2022-10-14 15:30:44,2022-11-03 10:24:59,M->M,unknown,
武汉发布,no_media,2022-11-03 10:24:59,2022-12-01 14:47:18,M->M,unknown,
武汉发布,no_media,2022-12-01 14:47:18,2022-12-01 16:39:23,M->M,unknown,
武汉发布,no_media,2022-12-01 16:39:23,2022-12-07 10:08:21,M->M,unknown,
武汉发布,no_media,2022-12-07 10:08:21,2022-12-07 14:49:45,M->M,unknown,
武汉发布,no_media,2022-12-07 14:49:45,2022-12-09 09:39:23,M->M,unknown,
武汉发布,no_media,2022-12-09 09:39:23,2022-12-09 10:58:12,M->M,unknown,
武汉发布,no_media,2022-12-09 10:58:12,2022-12-11 10:24:38,M->M,unknown,
武汉发布,no_media,2022-12-11 10:24:38,2022-12-15 17:36:53,M->M,unknown,
武汉发布,no_media,2022-12-15 17:36:53,2022-12-16 08:12:08,M->M,unknown,
武汉发布,no_media,2022-12-16 08:12:08,2022-12-17 07:26:58,M->M,unknown,
武汉发布,no_media,2022-12-17 07:26:58,2022-12-19 15:30:01,M->M,unknown,
武汉发布,no_media,2022-12-19 15:30:01,2022-12-29 10:44:48,M->M,unknown,
武汉发布,no_media,2022-12-29 10:44:48,2023-01-02 09:30:57,M->M,unknown,
武汉发布,no_media,2023-01-02 09:30:57,2023-01-02 11:30:00,M->M,unknown,
武汉发布,no_media,2023-01-02 11:30:00,2023-01-04 12:32:01,M->M,unknown,
武汉发布,no_media,2023-01-04 12:32:01,2023-01-07 13:29:00,M->M,unknown,
武汉发布,no_media,2023-01-07 13:29:00,2023-01-09 19:06:18,M->M,unknown,
武汉广播电视台,no_media,2022-10-17 19:00:03,2022-11-26 14:35:50,M->M,unknown,
武汉广播电视台,no_media,2022-11-26 14:35:50,2022-12-07 09:39:53,M->M,unknown,
武汉广播电视台,no_media,2022-12-07 09:39:53,2022-12-16 16:02:42,M->M,unknown,
武汉广播电视台,no_media,2022-12-16 16:02:42,2022-12-30 11:27:15,M->M,unknown,
武汉广播电视台,no_media,2022-12-30 11:27:15,2023-01-11 17:02:02,M->M,unknown,
武汉广播电视台,no_media,2023-01-11 17:02:02,2023-01-28 16:08:28,M->M,unknown,
武汉广播电视台,no_media,2023-01-28 16:08:28,2023-01-29 16:56:07,M->M,unknown,
武汉新闻,no_media,2022-12-01 17:54:17,2022-12-07 09:53:06,M->M,unknown,
武汉新闻,no_media,2022-12-07 09:53:06,2022-12-07 14:17:29,M->M,unknown,
武汉新闻,no_media,2022-12-07 14:17:29,2022-12-07 21:09:19,M->M,unknown,
武汉新闻,no_media,2022-12-07 21:09:19,2022-12-09 14:16:52,M->M,unknown,
武汉新闻,no_media,2022-12-09 14:16:52,2022-12-31 08:59:20,M->M,unknown,
武汉新闻,no_media,2022-12-31 08:59:20,2023-01-09 11:33:00,M->M,unknown,
武鑫垚LM,no_media,2022-12-24 13:03:00,2023-01-14 08:12:00,L->L,unknown,
每日商报,no_media,2022-12-06 15:19:50,2022-12-11 14:40:49,M->M,unknown,
每日商报,no_media,2022-12-11 14:40:49,2023-01-13 22:50:05,M->M,unknown,
每日商报,no_media,2023-01-13 22:50:05,2023-01-18 18:42:14,M->M,unknown,
每日经济新闻,no_media,2022-10-14 10:18:00,2022-11-02 16:59:19,M->M,unknown,
每日经济新闻,no_media,2022-11-02 16:59:19,2022-11-03 07:03:21,M->M,unknown,
每日经济新闻,no_media,2022-11-03 07:03:21,2022-11-03 13:43:34,M->M,unknown,
每日经济新闻,no_media,2022-11-03 13:43:34,2022-11-07 21:04:29,M->M,unknown,
每日经济新闻,no_media,2022-11-07 21:04:29,2022-11-09 11:50:44,M->M,unknown,
每日经济新闻,no_media,2022-11-09 11:50:44,2022-11-13 20:07:29,M->M,unknown,
每日经济新闻,no_media,2022-11-13 20:07:29,2022-11-18 11:22:00,M->M,unknown,
每日经济新闻,no_media,2022-11-18 11:22:00,2022-12-01 11:26:28,M->M,unknown,
每日经济新闻,no_media,2022-12-01 11:26:28,2022-12-06 23:55:34,M->M,unknown,
每日经济新闻,no_media,2022-12-06 23:55:34,2022-12-07 13:27:54,M->M,unknown,
每日经济新闻,no_media,2022-12-07 13:27:54,2022-12-07 14:01:49,M->M,unknown,
每日经济新闻,no_media,2022-12-07 14:01:49,2022-12-08 07:00:24,M->M,unknown,
每日经济新闻,no_media,2022-12-08 07:00:24,2022-12-08 19:17:05,M->M,unknown,
每日经济新闻,no_media,2022-12-08 19:17:05,2022-12-09 09:03:52,M->M,unknown,
每日经济新闻,no_media,2022-12-09 09:03:52,2022-12-10 12:33:45,M->M,unknown,
每日经济新闻,no_media,2022-12-10 12:33:45,2022-12-16 20:35:46,M->M,unknown,
每日经济新闻,no_media,2022-12-16 20:35:46,2022-12-17 12:50:01,M->M,unknown,
每日经济新闻,no_media,2022-12-17 12:50:01,2022-12-19 06:16:31,M->M,unknown,
每日经济新闻,no_media,2022-12-19 06:16:31,2022-12-19 13:37:58,M->M,unknown,
每日经济新闻,no_media,2022-12-19 13:37:58,2022-12-21 15:21:19,M->M,unknown,
每日经济新闻,no_media,2022-12-21 15:21:19,2022-12-29 08:33:07,M->M,unknown,
每日经济新闻,no_media,2022-12-29 08:33:07,2023-01-01 17:01:23,M->M,unknown,
每日经济新闻,no_media,2023-01-01 17:01:23,2023-01-01 17:23:50,M->M,unknown,
每日经济新闻,no_media,2023-01-01 17:23:50,2023-01-03 19:21:49,M->M,unknown,
每日经济新闻,no_media,2023-01-03 19:21:49,2023-01-05 13:50:18,M->M,unknown,
每日经济新闻,no_media,2023-01-05 13:50:18,2023-01-10 07:24:12,M->M,unknown,
每日经济新闻,no_media,2023-01-10 07:24:12,2023-01-11 06:57:39,M->M,unknown,
每日经济新闻,no_media,2023-01-11 06:57:39,2023-01-18 22:53:52,M->M,unknown,
每日经济新闻,no_media,2023-01-18 22:53:52,2023-01-19 12:45:02,M->M,unknown,
每日经济新闻,no_media,2023-01-19 12:45:02,2023-01-21 10:58:17,M->M,unknown,
每日经济新闻,no_media,2023-01-21 10:58:17,2023-02-26 07:41:26,M->M,unknown,
每日经济新闻,no_media,2023-02-26 07:41:26,2023-02-27 14:28:17,M->M,unknown,
永州发布,mainstream_only,2022-10-20 10:40:11,2022-11-03 10:46:51,M->M,norisk,0.0
永州发布,mainstream_only,2022-11-03 10:46:51,2022-11-04 13:45:50,M->M,norisk,0.0
永州发布,mainstream_only,2022-11-04 13:45:50,2022-11-05 08:59:46,M->M,norisk,0.0
永州发布,mainstream_only,2022-11-05 08:59:46,2022-11-05 11:34:05,M->M,norisk,0.0
永州发布,mainstream_only,2022-11-05 11:34:05,2022-11-26 09:31:51,M->M,norisk,0.0
永州发布,mainstream_only,2022-11-26 09:31:51,2022-11-27 09:06:51,M->M,norisk,0.0
永州发布,mainstream_only,2022-11-27 09:06:51,2022-11-30 08:55:03,M->M,norisk,0.0
永州发布,mainstream_only,2022-11-30 08:55:03,2022-12-09 10:03:20,M->M,norisk,0.0
永州发布,mainstream_only,2022-12-09 10:03:20,2022-12-09 15:09:09,M->M,norisk,0.0
永州发布,mainstream_only,2022-12-09 15:09:09,2022-12-09 16:12:08,M->M,norisk,0.0
永州发布,mainstream_only,2022-12-09 16:12:08,2022-12-16 09:00:29,M->M,norisk,0.0
永州发布,mainstream_only,2022-12-16 09:00:29,2022-12-18 13:17:35,M->M,norisk,0.0
永州发布,mainstream_only,2022-12-18 13:17:35,2022-12-26 14:14:38,M->M,norisk,0.0
永州发布,mainstream_only,2022-12-26 14:14:38,2022-12-27 08:13:29,M->M,norisk,0.0
永州发布,mainstream_only,2022-12-27 08:13:29,2022-12-30 09:33:25,M->M,norisk,0.0
永州发布,mainstream_only,2022-12-30 09:33:25,2022-12-31 13:15:56,M->M,norisk,0.0
永州发布,mainstream_only,2022-12-31 13:15:56,2023-01-02 16:23:44,M->M,risk,1.0
永州发布,mainstream_only,2023-01-02 16:23:44,2023-01-04 11:01:03,M->M,risk,1.0
永州发布,mainstream_only,2023-01-04 11:01:03,2023-01-12 07:58:41,M->M,risk,1.0
永州发布,mainstream_only,2023-01-12 07:58:41,2023-01-13 21:27:17,M->M,risk,1.0
永州发布,mainstream_only,2023-01-13 21:27:17,2023-01-15 08:57:17,M->M,norisk,0.0
汉中发布,no_media,2022-10-18 20:29:32,2022-12-07 13:47:20,M->M,unknown,
汉中发布,no_media,2022-12-07 13:47:20,2022-12-09 11:28:59,M->M,unknown,
汉中发布,no_media,2022-12-09 11:28:59,2022-12-09 16:47:52,M->M,unknown,
汉中发布,no_media,2022-12-09 16:47:52,2022-12-09 16:48:47,M->M,unknown,
汉中发布,no_media,2022-12-09 16:48:47,2022-12-09 17:17:00,M->M,unknown,
汉中发布,no_media,2022-12-09 17:17:00,2022-12-11 09:00:11,M->M,unknown,
汉中发布,no_media,2022-12-11 09:00:11,2022-12-14 15:49:00,M->M,unknown,
汝定君,no_media,2023-01-10 17:45:00,2023-01-14 09:13:00,M->M,unknown,
江南晚报,no_media,2022-11-03 11:00:03,2022-12-04 09:38:27,M->M,unknown,
江南晚报,no_media,2022-12-04 09:38:27,2022-12-06 22:30:02,M->M,unknown,
江南晚报,no_media,2022-12-06 22:30:02,2022-12-09 09:31:02,M->M,unknown,
江南晚报,no_media,2022-12-09 09:31:02,2022-12-11 09:00:02,M->M,unknown,
江南晚报,no_media,2022-12-11 09:00:02,2022-12-13 22:00:04,M->M,unknown,
江南晚报,no_media,2022-12-13 22:00:04,2022-12-16 17:30:00,M->M,unknown,
江南晚报,no_media,2022-12-16 17:30:00,2023-01-02 13:01:00,M->M,unknown,
江南晚报,no_media,2023-01-02 13:01:00,2023-01-02 16:11:01,M->M,unknown,
江南晚报,no_media,2023-01-02 16:11:01,2023-01-13 21:36:06,M->M,unknown,
江南晚报,no_media,2023-01-13 21:36:06,2023-01-18 16:30:00,M->M,unknown,
江南晚报,no_media,2023-01-18 16:30:00,2023-01-21 11:30:01,M->M,unknown,
江淮晨报,no_media,2022-11-29 15:56:52,2022-12-02 21:48:39,M->M,unknown,
江淮晨报,no_media,2022-12-02 21:48:39,2022-12-04 15:36:09,M->M,unknown,
江苏广播,no_media,2022-12-09 10:30:03,2022-12-17 17:03:00,M->M,unknown,
江苏新闻,no_media,2022-11-05 16:24:18,2022-12-09 08:54:27,M->M,unknown,
江苏新闻,no_media,2022-12-09 08:54:27,2022-12-09 14:00:00,M->M,unknown,
江苏新闻,no_media,2022-12-09 14:00:00,2023-01-03 18:31:50,M->M,unknown,
江苏新闻,no_media,2023-01-03 18:31:50,2023-01-11 17:57:07,M->M,unknown,
江苏新闻,no_media,2023-01-11 17:57:07,2023-01-25 18:37:00,M->M,unknown,
江西发布,no_media,2022-11-25 23:04:51,2022-12-07 13:38:37,M->M,unknown,
江西发布,no_media,2022-12-07 13:38:37,2022-12-09 11:33:56,M->M,unknown,
江西发布,no_media,2022-12-09 11:33:56,2022-12-10 12:10:02,M->M,unknown,
江西发布,no_media,2022-12-10 12:10:02,2023-01-19 08:57:28,M->M,unknown,
汪志鹏_peng,no_media,2023-01-07 17:11:00,2023-01-08 17:44:00,L->H,unknown,
沈先生nature,no_media,2022-12-22 17:27:00,2022-12-23 18:06:00,M->M,unknown,
沈先生nature,no_media,2022-12-23 18:06:00,2022-12-23 19:34:00,M->M,unknown,
沈先生nature,no_media,2022-12-23 19:34:00,2023-01-02 20:18:00,M->M,unknown,
沈先生nature,no_media,2023-01-02 20:18:00,2023-01-06 10:35:00,M->M,unknown,
沈阳日报,no_media,2022-10-07 17:39:04,2022-10-11 07:17:04,M->M,unknown,
沈阳日报,no_media,2022-10-11 07:17:04,2022-11-29 15:28:08,M->M,unknown,
沈阳日报,no_media,2022-11-29 15:28:08,2022-12-03 18:49:15,M->M,unknown,
沈阳日报,no_media,2022-12-03 18:49:15,2022-12-07 13:54:03,M->M,unknown,
沈阳日报,no_media,2022-12-07 13:54:03,2022-12-07 13:55:34,M->M,unknown,
沈阳日报,no_media,2022-12-07 13:55:34,2022-12-11 09:36:52,M->M,unknown,
沈阳日报,no_media,2022-12-11 09:36:52,2022-12-14 13:20:20,M->M,unknown,
沈阳日报,no_media,2022-12-14 13:20:20,2022-12-21 21:29:20,M->M,unknown,
沈阳日报,no_media,2022-12-21 21:29:20,2022-12-22 14:28:29,M->M,unknown,
沈阳日报,no_media,2022-12-22 14:28:29,2023-01-03 12:04:38,M->M,unknown,
沈阳日报,no_media,2023-01-03 12:04:38,2023-01-16 09:35:17,M->M,unknown,
沈阳网,no_media,2022-10-07 16:37:22,2022-10-10 14:24:32,M->M,unknown,
沈阳网,no_media,2022-10-10 14:24:32,2022-10-11 11:47:23,M->M,unknown,
沈阳网,no_media,2022-10-11 11:47:23,2022-10-11 21:20:50,M->M,unknown,
沈阳网,no_media,2022-10-11 21:20:50,2022-11-30 19:33:01,M->M,unknown,
沈阳网,no_media,2022-11-30 19:33:01,2022-12-07 09:55:31,M->M,unknown,
沈阳网,no_media,2022-12-07 09:55:31,2022-12-07 14:24:19,M->M,unknown,
沈阳网,no_media,2022-12-07 14:24:19,2022-12-08 16:43:59,M->M,unknown,
沈阳网,no_media,2022-12-08 16:43:59,2022-12-11 08:08:48,M->M,unknown,
沈阳网,no_media,2022-12-11 08:08:48,2023-01-05 11:07:18,M->M,unknown,
沈阳网,no_media,2023-01-05 11:07:18,2023-01-16 14:35:58,M->M,unknown,
沈阳网,no_media,2023-01-16 14:35:58,2023-01-25 19:10:18,M->M,unknown,
沐喵是只猫,no_media,2022-12-19 14:17:00,2022-12-24 01:02:00,L->L,unknown,
没吃过火锅_,no_media,2022-12-24 21:31:00,2022-12-25 19:31:00,H->L,unknown,
没有烧鸭子的魔芋,no_media,2023-01-06 12:10:00,2023-01-07 20:51:00,L->L,unknown,
沧州晚报,no_media,2022-12-06 15:35:27,2023-01-21 17:55:13,M->M,unknown,
河北法治报,no_media,2022-11-18 23:29:48,2022-12-11 09:25:02,M->M,unknown,
河北长城网,no_media,2022-11-27 09:10:02,2022-12-09 13:38:00,M->M,unknown,
河北长城网,no_media,2022-12-09 13:38:00,2022-12-11 11:17:00,M->M,unknown,
河北长城网,no_media,2022-12-11 11:17:00,2022-12-15 18:15:00,M->M,unknown,
河北长城网,no_media,2022-12-15 18:15:00,2022-12-19 12:20:01,M->M,unknown,
河北长城网,no_media,2022-12-19 12:20:01,2022-12-23 13:50:00,M->M,unknown,
河北长城网,no_media,2022-12-23 13:50:00,2022-12-24 20:55:00,M->M,unknown,
河北长城网,no_media,2022-12-24 20:55:00,2023-01-16 17:40:00,M->M,unknown,
河北长城网,no_media,2023-01-16 17:40:00,2023-01-25 14:52:00,M->M,unknown,
河南一骏,no_media,2022-12-19 19:09:00,2022-12-20 06:21:00,M->M,unknown,
河南政府网,no_media,2022-10-13 19:03:34,2022-12-08 09:35:36,M->M,unknown,
河南政府网,no_media,2022-12-08 09:35:36,2022-12-15 19:17:57,M->M,unknown,
河南政府网,no_media,2022-12-15 19:17:57,2023-01-11 17:26:41,M->M,unknown,
河南日报农村版,no_media,2022-12-07 19:40:14,2022-12-07 19:40:15,M->M,unknown,
河南日报农村版,no_media,2022-12-07 19:40:15,2022-12-11 12:27:04,M->M,unknown,
法治日报,no_media,2022-12-05 20:50:45,2022-12-07 14:03:10,M->M,unknown,
法治日报,no_media,2022-12-07 14:03:10,2022-12-09 10:19:31,M->M,unknown,
法治日报,no_media,2022-12-09 10:19:31,2022-12-16 08:45:58,M->M,unknown,
法治日报,no_media,2022-12-16 08:45:58,2022-12-27 20:59:38,M->M,unknown,
法治日报,no_media,2022-12-27 20:59:38,2023-01-13 22:18:27,M->M,unknown,
泡财经APP,no_media,2022-11-15 22:03:07,2022-11-21 21:51:55,M->M,unknown,
泰州发布,no_media,2022-10-14 11:24:39,2022-12-11 10:56:06,M->M,unknown,
泰州发布,no_media,2022-12-11 10:56:06,2022-12-15 20:40:01,M->M,unknown,
津云,no_media,2022-12-07 13:26:04,2022-12-08 23:02:01,M->M,unknown,
津云,no_media,2022-12-08 23:02:01,2022-12-09 07:40:01,M->M,unknown,
津云,no_media,2022-12-09 07:40:01,2022-12-09 09:00:09,M->M,unknown,
津云,no_media,2022-12-09 09:00:09,2022-12-15 17:20:02,M->M,unknown,
津云,no_media,2022-12-15 17:20:02,2022-12-16 11:20:00,M->H,unknown,
津云,no_media,2022-12-16 11:20:00,2022-12-16 20:47:37,H->M,unknown,
津云,no_media,2022-12-16 20:47:37,2022-12-27 07:51:56,M->M,unknown,
津云,no_media,2022-12-27 07:51:56,2022-12-27 08:00:24,M->M,unknown,
津云,no_media,2022-12-27 08:00:24,2022-12-30 14:20:01,M->M,unknown,
津云,no_media,2022-12-30 14:20:01,2022-12-31 09:40:01,M->M,unknown,
津云,no_media,2022-12-31 09:40:01,2023-01-18 15:17:27,M->M,unknown,
津云新闻,mainstream_only,2022-11-10 11:00:01,2022-12-06 15:00:03,M->M,norisk,0.0
津云新闻,mainstream_only,2022-12-06 15:00:03,2022-12-07 13:31:08,M->M,norisk,0.0
津云新闻,mainstream_only,2022-12-07 13:31:08,2022-12-08 23:02:14,M->M,norisk,0.0
津云新闻,mainstream_only,2022-12-08 23:02:14,2022-12-16 11:20:01,M->H,norisk,0.0
津云新闻,mainstream_only,2022-12-16 11:20:01,2022-12-16 21:00:03,H->M,norisk,0.5
津云新闻,mainstream_only,2022-12-16 21:00:03,2022-12-18 16:18:29,M->M,norisk,0.5
津云新闻,mainstream_only,2022-12-18 16:18:29,2022-12-21 22:40:02,M->M,norisk,0.0
津云新闻,mainstream_only,2022-12-21 22:40:02,2022-12-26 17:20:00,M->M,norisk,0.0
津云新闻,mainstream_only,2022-12-26 17:20:00,2022-12-27 09:00:01,M->M,norisk,0.0
津云新闻,mainstream_only,2022-12-27 09:00:01,2022-12-31 10:20:00,M->M,norisk,0.0
津云新闻,mainstream_only,2022-12-31 10:20:00,2023-01-02 21:20:00,M->M,risk,1.0
津云新闻,mainstream_only,2023-01-02 21:20:00,2023-01-03 07:40:00,M->M,risk,1.0
津云新闻,mainstream_only,2023-01-03 07:40:00,2023-01-03 20:25:30,M->M,norisk,0.5
浅禾聊人物,no_media,2023-01-28 22:15:00,2023-01-29 11:44:00,L->L,unknown,
济南日报,no_media,2022-12-07 13:55:29,2022-12-08 12:10:54,M->M,unknown,
济南日报,no_media,2022-12-08 12:10:54,2022-12-15 19:20:35,M->M,unknown,
济南日报,no_media,2022-12-15 19:20:35,2022-12-18 17:08:47,M->M,unknown,
济南日报,no_media,2022-12-18 17:08:47,2022-12-19 07:38:04,M->M,unknown,
济南日报,no_media,2022-12-19 07:38:04,2023-01-02 17:37:55,M->M,unknown,
济南日报,no_media,2023-01-02 17:37:55,2023-01-18 16:13:56,M->M,unknown,
济南日报,no_media,2023-01-18 16:13:56,2023-01-21 14:12:37,M->M,unknown,
济宁市全媒体辟谣平台,no_media,2022-12-28 09:24:35,2023-01-03 11:09:53,M->M,unknown,
济宁新闻网,no_media,2022-10-09 21:40:02,2022-10-10 15:00:02,M->M,unknown,
济宁新闻网,no_media,2022-10-10 15:00:02,2022-10-20 08:42:51,M->M,unknown,
济宁新闻网,no_media,2022-10-20 08:42:51,2022-10-27 10:05:00,M->M,unknown,
济宁新闻网,no_media,2022-10-27 10:05:00,2022-11-03 15:03:43,M->M,unknown,
济宁新闻网,no_media,2022-11-03 15:03:43,2022-12-04 13:06:53,M->M,unknown,
济宁新闻网,no_media,2022-12-04 13:06:53,2022-12-04 13:07:44,M->M,unknown,
济宁新闻网,no_media,2022-12-04 13:07:44,2022-12-07 21:15:10,M->M,unknown,
济宁新闻网,no_media,2022-12-07 21:15:10,2022-12-08 09:01:44,M->M,unknown,
济宁新闻网,no_media,2022-12-08 09:01:44,2022-12-08 11:15:57,M->M,unknown,
济宁新闻网,no_media,2022-12-08 11:15:57,2022-12-08 12:20:29,M->M,unknown,
济宁新闻网,no_media,2022-12-08 12:20:29,2022-12-08 12:20:55,M->M,unknown,
济宁新闻网,no_media,2022-12-08 12:20:55,2022-12-14 20:34:59,M->M,unknown,
济宁新闻网,no_media,2022-12-14 20:34:59,2022-12-17 11:38:18,M->M,unknown,
济宁新闻网,no_media,2022-12-17 11:38:18,2022-12-17 19:52:35,M->M,unknown,
济宁新闻网,no_media,2022-12-17 19:52:35,2022-12-19 09:30:14,M->M,unknown,
济宁新闻网,no_media,2022-12-19 09:30:14,2022-12-20 13:35:30,M->M,unknown,
济宁新闻网,no_media,2022-12-20 13:35:30,2022-12-28 22:33:50,M->M,unknown,
济宁新闻网,no_media,2022-12-28 22:33:50,2022-12-31 18:06:18,M->M,unknown,
济宁新闻网,no_media,2022-12-31 18:06:18,2023-01-03 13:58:07,M->M,unknown,
济宁新闻网,no_media,2023-01-03 13:58:07,2023-01-10 16:18:59,M->M,unknown,
济宁新闻网,no_media,2023-01-10 16:18:59,2023-01-13 10:29:42,M->M,unknown,
济宁新闻网,no_media,2023-01-13 10:29:42,2023-01-18 18:06:42,M->M,unknown,
济报鲁中,no_media,2022-12-16 10:09:47,2022-12-19 11:26:34,M->M,unknown,
济报鲁中,no_media,2022-12-19 11:26:34,2022-12-19 11:27:31,M->M,unknown,
济报鲁中,no_media,2022-12-19 11:27:31,2022-12-23 12:55:22,M->M,unknown,
济报鲁中,no_media,2022-12-23 12:55:22,2022-12-30 11:14:01,M->M,unknown,
济报鲁中,no_media,2022-12-30 11:14:01,2023-01-20 09:15:06,M->M,unknown,
浙江在线,no_media,2022-12-05 08:35:52,2022-12-05 19:05:59,M->M,unknown,
浙江在线,no_media,2022-12-05 19:05:59,2022-12-07 13:43:14,M->M,unknown,
浙江在线,no_media,2022-12-07 13:43:14,2022-12-11 14:43:58,M->M,unknown,
浙江在线,no_media,2022-12-11 14:43:58,2022-12-15 16:11:15,M->M,unknown,
浙江在线,no_media,2022-12-15 16:11:15,2023-01-11 14:13:21,M->M,unknown,
浙江在线,no_media,2023-01-11 14:13:21,2023-01-16 11:13:33,M->M,unknown,
浦东发布,wemedia_only,2022-11-15 08:54:13,2022-12-08 14:27:05,M->M,norisk,0.0
浦东发布,wemedia_only,2022-12-08 14:27:05,2022-12-08 14:44:53,M->M,norisk,0.0
浦东发布,wemedia_only,2022-12-08 14:44:53,2022-12-15 20:33:53,M->M,norisk,0.0
浦东发布,wemedia_only,2022-12-15 20:33:53,2022-12-16 16:58:51,M->M,norisk,0.0
浦东发布,wemedia_only,2022-12-16 16:58:51,2022-12-20 14:21:27,M->M,norisk,0.0
浦东发布,wemedia_only,2022-12-20 14:21:27,2022-12-21 11:18:23,M->M,norisk,0.0
浦东发布,wemedia_only,2022-12-21 11:18:23,2022-12-27 15:08:43,M->M,risk,1.0
浦东发布,wemedia_only,2022-12-27 15:08:43,2023-01-20 09:22:08,M->M,risk,1.0
浦江发布,no_media,2022-11-28 11:26:57,2022-12-09 23:40:01,M->M,unknown,
浦江发布,no_media,2022-12-09 23:40:01,2022-12-09 23:50:01,M->M,unknown,
浦江发布,no_media,2022-12-09 23:50:01,2022-12-10 00:30:02,M->M,unknown,
浦江发布,no_media,2022-12-10 00:30:02,2022-12-10 10:00:02,M->M,unknown,
浦江发布,no_media,2022-12-10 10:00:02,2022-12-13 18:00:01,M->M,unknown,
浦江发布,no_media,2022-12-13 18:00:01,2022-12-15 16:00:00,M->M,unknown,
浦江发布,no_media,2022-12-15 16:00:00,2022-12-16 11:00:04,M->M,unknown,
浦江发布,no_media,2022-12-16 11:00:04,2022-12-22 11:00:02,M->M,unknown,
浦江发布,no_media,2022-12-22 11:00:02,2022-12-28 10:00:04,M->M,unknown,
浦江发布,no_media,2022-12-28 10:00:04,2022-12-29 17:00:05,M->M,unknown,
浦江发布,no_media,2022-12-29 17:00:05,2023-02-17 18:00:03,M->M,unknown,
海南文旅频道,no_media,2022-12-15 08:59:09,2022-12-23 17:10:27,M->M,unknown,
海南文旅频道,no_media,2022-12-23 17:10:27,2022-12-24 11:29:30,M->M,unknown,
海南文旅频道,no_media,2022-12-24 11:29:30,2022-12-25 19:47:27,M->M,unknown,
海南文旅频道,no_media,2022-12-25 19:47:27,2022-12-30 21:10:50,M->M,unknown,
海南文旅频道,no_media,2022-12-30 21:10:50,2022-12-31 08:32:14,M->M,unknown,
海南文旅频道,no_media,2022-12-31 08:32:14,2022-12-31 12:10:52,M->M,unknown,
海南文旅频道,no_media,2022-12-31 12:10:52,2022-12-31 12:11:46,M->M,unknown,
海南文旅频道,no_media,2022-12-31 12:11:46,2022-12-31 18:12:16,M->M,unknown,
海南文旅频道,no_media,2022-12-31 18:12:16,2023-01-02 08:42:27,M->M,unknown,
海南文旅频道,no_media,2023-01-02 08:42:27,2023-01-02 12:44:03,M->M,unknown,
海南文旅频道,no_media,2023-01-02 12:44:03,2023-01-03 19:04:32,M->M,unknown,
海南文旅频道,no_media,2023-01-03 19:04:32,2023-01-03 19:06:13,M->M,unknown,
海南文旅频道,no_media,2023-01-03 19:06:13,2023-01-03 19:07:01,M->M,unknown,
海南文旅频道,no_media,2023-01-03 19:07:01,2023-01-04 11:10:39,M->M,unknown,
海南文旅频道,no_media,2023-01-04 11:10:39,2023-01-04 11:11:32,M->M,unknown,
海南文旅频道,no_media,2023-01-04 11:11:32,2023-01-05 07:54:41,M->M,unknown,
海南文旅频道,no_media,2023-01-05 07:54:41,2023-01-05 07:55:43,M->M,unknown,
海南文旅频道,no_media,2023-01-05 07:55:43,2023-01-05 15:02:18,M->M,unknown,
海南文旅频道,no_media,2023-01-05 15:02:18,2023-01-06 17:01:43,M->M,unknown,
海南文旅频道,no_media,2023-01-06 17:01:43,2023-01-07 16:06:55,M->M,unknown,
海南文旅频道,no_media,2023-01-07 16:06:55,2023-01-07 16:10:52,M->M,unknown,
海南文旅频道,no_media,2023-01-07 16:10:52,2023-01-07 19:38:14,M->M,unknown,
海南文旅频道,no_media,2023-01-07 19:38:14,2023-01-07 19:43:16,M->M,unknown,
海南文旅频道,no_media,2023-01-07 19:43:16,2023-01-07 22:40:41,M->M,unknown,
海南文旅频道,no_media,2023-01-07 22:40:41,2023-01-08 13:59:54,M->M,unknown,
海南文旅频道,no_media,2023-01-08 13:59:54,2023-01-10 10:22:50,M->M,unknown,
海南文旅频道,no_media,2023-01-10 10:22:50,2023-01-13 21:51:26,M->M,unknown,
海南文旅频道,no_media,2023-01-13 21:51:26,2023-01-15 18:01:19,M->M,unknown,
海南文旅频道,no_media,2023-01-15 18:01:19,2023-01-17 14:37:30,M->M,unknown,
海南文旅频道,no_media,2023-01-17 14:37:30,2023-01-18 19:31:28,M->M,unknown,
海南文旅频道,no_media,2023-01-18 19:31:28,2023-01-18 19:36:51,M->M,unknown,
海南文旅频道,no_media,2023-01-18 19:36:51,2023-01-19 23:21:50,M->M,unknown,
海南文旅频道,no_media,2023-01-19 23:21:50,2023-01-28 11:21:41,M->M,unknown,
海南文旅频道,no_media,2023-01-28 11:21:41,2023-01-29 10:29:53,M->M,unknown,
海南文旅频道,no_media,2023-01-29 10:29:53,2023-02-10 23:38:00,M->M,unknown,
海南文旅频道,no_media,2023-02-10 23:38:00,2023-02-15 12:06:59,M->M,unknown,
海南新闻广播,no_media,2022-12-07 15:17:57,2022-12-08 22:33:32,M->M,unknown,
海南新闻广播,no_media,2022-12-08 22:33:32,2022-12-09 09:52:30,M->M,unknown,
海南新闻广播,no_media,2022-12-09 09:52:30,2022-12-29 11:22:26,M->M,unknown,
海南日报,no_media,2022-12-09 10:45:14,2022-12-15 19:00:05,M->M,unknown,
海南日报,no_media,2022-12-15 19:00:05,2022-12-21 09:00:03,M->M,unknown,
海南特区报,no_media,2022-12-19 11:35:00,2022-12-20 11:40:02,M->M,unknown,
海南特区报,no_media,2022-12-20 11:40:02,2022-12-21 11:25:00,M->M,unknown,
海南特区报,no_media,2022-12-21 11:25:00,2023-01-06 11:15:00,M->M,unknown,
海南特区报,no_media,2023-01-06 11:15:00,2023-01-09 11:45:00,M->M,unknown,
海南特区报,no_media,2023-01-09 11:45:00,2023-01-11 11:15:00,M->M,unknown,
海口直播12345,no_media,2022-11-27 16:54:00,2022-12-07 13:01:29,M->M,unknown,
海口直播12345,no_media,2022-12-07 13:01:29,2022-12-24 18:39:18,M->M,unknown,
海口直播12345,no_media,2022-12-24 18:39:18,2023-01-03 19:44:54,M->M,unknown,
海口直播12345,no_media,2023-01-03 19:44:54,2023-01-04 21:58:49,M->M,unknown,
海口直播12345,no_media,2023-01-04 21:58:49,2023-02-15 22:53:58,M->M,unknown,
海峡导报,no_media,2022-10-02 18:11:51,2022-10-06 19:35:05,M->M,unknown,
海峡导报,no_media,2022-10-06 19:35:05,2022-10-07 19:49:52,M->M,unknown,
海峡导报,no_media,2022-10-07 19:49:52,2022-10-12 22:43:39,M->M,unknown,
海峡导报,no_media,2022-10-12 22:43:39,2022-10-13 21:25:24,M->M,unknown,
海峡导报,no_media,2022-10-13 21:25:24,2022-10-16 20:13:58,M->M,unknown,
海峡导报,no_media,2022-10-16 20:13:58,2022-10-18 19:26:35,M->M,unknown,
海峡导报,no_media,2022-10-18 19:26:35,2022-10-19 18:35:59,M->M,unknown,
海峡导报,no_media,2022-10-19 18:35:59,2022-10-23 22:19:17,M->M,unknown,
海峡导报,no_media,2022-10-23 22:19:17,2022-10-27 20:12:59,M->M,unknown,
海峡导报,no_media,2022-10-27 20:12:59,2022-11-01 17:55:23,M->M,unknown,
海峡导报,no_media,2022-11-01 17:55:23,2022-11-02 23:55:04,M->M,unknown,
海峡导报,no_media,2022-11-02 23:55:04,2022-12-07 14:04:17,M->M,unknown,
海峡导报,no_media,2022-12-07 14:04:17,2022-12-07 16:49:30,M->M,unknown,
海峡导报,no_media,2022-12-07 16:49:30,2022-12-15 17:57:59,M->M,unknown,
海峡导报,no_media,2022-12-15 17:57:59,2022-12-26 09:35:57,M->M,unknown,
海峡导报,no_media,2022-12-26 09:35:57,2023-01-07 10:09:31,M->M,unknown,
海峡导报,no_media,2023-01-07 10:09:31,2023-01-18 20:11:23,M->M,unknown,
海峡导报,no_media,2023-01-18 20:11:23,2023-02-08 13:48:39,M->M,unknown,
海门之窗,no_media,2022-12-03 11:22:09,2022-12-07 14:34:13,M->M,unknown,
海门之窗,no_media,2022-12-07 14:34:13,2022-12-15 17:03:17,M->M,unknown,
海门之窗,no_media,2022-12-15 17:03:17,2022-12-17 13:30:01,M->M,unknown,
海门之窗,no_media,2022-12-17 13:30:01,2023-01-02 19:20:00,M->M,unknown,
海门之窗,no_media,2023-01-02 19:20:00,2023-01-04 09:06:20,M->M,unknown,
海门之窗,no_media,2023-01-04 09:06:20,2023-01-04 11:48:05,M->M,unknown,
海门之窗,no_media,2023-01-04 11:48:05,2023-01-05 09:43:36,M->M,unknown,
海门之窗,no_media,2023-01-05 09:43:36,2023-01-13 17:20:00,M->M,unknown,
淄博警方,no_media,2023-01-02 10:09:13,2023-01-04 11:19:24,M->M,unknown,
淮北新闻网,no_media,2022-12-12 08:53:23,2022-12-13 09:24:21,M->M,unknown,
深圳新闻网,no_media,2022-12-04 15:01:53,2022-12-07 13:38:17,M->M,unknown,
深圳新闻网,no_media,2022-12-07 13:38:17,2023-02-27 14:44:43,M->M,unknown,
深圳特区报,no_media,2022-11-30 19:01:55,2022-11-30 21:22:00,M->M,unknown,
深圳特区报,no_media,2022-11-30 21:22:00,2022-12-04 10:25:00,M->M,unknown,
深圳特区报,no_media,2022-12-04 10:25:00,2022-12-04 15:07:34,M->M,unknown,
深圳特区报,no_media,2022-12-04 15:07:34,2022-12-05 21:38:00,M->M,unknown,
深圳特区报,no_media,2022-12-05 21:38:00,2022-12-07 12:42:02,M->M,unknown,
深圳特区报,no_media,2022-12-07 12:42:02,2022-12-07 13:43:45,M->M,unknown,
深圳特区报,no_media,2022-12-07 13:43:45,2022-12-09 11:18:32,M->M,unknown,
深圳特区报,no_media,2022-12-09 11:18:32,2022-12-15 20:01:01,M->M,unknown,
深圳特区报,no_media,2022-12-15 20:01:01,2023-01-01 23:28:00,M->M,unknown,
深圳特区报,no_media,2023-01-01 23:28:00,2023-01-03 19:58:07,M->M,unknown,
深圳特区报,no_media,2023-01-03 19:58:07,2023-02-25 17:46:02,M->M,unknown,
温婉的塔尖,no_media,2022-10-18 14:06:00,2022-10-22 15:19:00,M->M,unknown,
温州发布,mainstream_only,2022-12-21 10:31:00,2022-12-29 09:40:01,M->M,unknown,
温州发布,mainstream_only,2022-12-29 09:40:01,2023-01-01 18:53:00,M->M,unknown,
温州发布,mainstream_only,2023-01-01 18:53:00,2023-01-16 15:37:49,M->M,unknown,
温州发布,mainstream_only,2023-01-16 15:37:49,2023-02-07 18:05:13,M->M,unknown,
渭南日报社,no_media,2022-10-10 09:48:02,2022-11-18 10:39:24,M->M,unknown,
渭南日报社,no_media,2022-11-18 10:39:24,2022-12-26 15:12:43,M->M,unknown,
渭南日报社,no_media,2022-12-26 15:12:43,2023-01-02 10:22:24,M->M,unknown,
渭南日报社,no_media,2023-01-02 10:22:24,2023-01-16 13:58:31,M->M,unknown,
湖北之声,no_media,2022-11-22 12:20:02,2022-11-29 16:29:28,M->M,unknown,
湖北之声,no_media,2022-11-29 16:29:28,2022-11-30 10:34:26,M->M,unknown,
湖北之声,no_media,2022-11-30 10:34:26,2022-12-01 11:19:03,M->M,unknown,
湖北之声,no_media,2022-12-01 11:19:03,2022-12-03 08:59:01,M->M,unknown,
湖北之声,no_media,2022-12-03 08:59:01,2022-12-06 15:01:14,M->M,unknown,
湖北之声,no_media,2022-12-06 15:01:14,2022-12-07 10:00:54,M->M,unknown,
湖北之声,no_media,2022-12-07 10:00:54,2022-12-07 10:10:15,M->M,unknown,
湖北之声,no_media,2022-12-07 10:10:15,2022-12-07 10:36:02,M->M,unknown,
湖北之声,no_media,2022-12-07 10:36:02,2022-12-07 10:39:08,M->M,unknown,
湖北之声,no_media,2022-12-07 10:39:08,2022-12-07 14:09:33,M->M,unknown,
湖北之声,no_media,2022-12-07 14:09:33,2022-12-07 14:11:10,M->M,unknown,
湖北之声,no_media,2022-12-07 14:11:10,2022-12-08 10:38:49,M->M,unknown,
湖北之声,no_media,2022-12-08 10:38:49,2022-12-09 10:16:47,M->M,unknown,
湖北之声,no_media,2022-12-09 10:16:47,2022-12-09 14:12:18,M->M,unknown,
湖北之声,no_media,2022-12-09 14:12:18,2022-12-11 10:01:44,M->M,unknown,
湖北之声,no_media,2022-12-11 10:01:44,2022-12-12 09:49:17,M->M,unknown,
湖北之声,no_media,2022-12-12 09:49:17,2022-12-14 11:20:41,M->M,unknown,
湖北之声,no_media,2022-12-14 11:20:41,2022-12-15 18:11:19,M->M,unknown,
湖北之声,no_media,2022-12-15 18:11:19,2022-12-26 10:47:28,M->M,unknown,
湖北之声,no_media,2022-12-26 10:47:28,2022-12-26 15:17:54,M->M,unknown,
湖北之声,no_media,2022-12-26 15:17:54,2023-01-02 09:43:51,M->M,unknown,
湖北之声,no_media,2023-01-02 09:43:51,2023-01-02 15:22:25,M->M,unknown,
湖北之声,no_media,2023-01-02 15:22:25,2023-01-16 15:18:18,M->M,unknown,
湖北之声,no_media,2023-01-16 15:18:18,2023-01-18 16:23:17,M->M,unknown,
湖北发布,no_media,2022-10-01 09:00:50,2022-10-05 15:38:01,M->M,unknown,
湖北发布,no_media,2022-10-05 15:38:01,2022-10-15 09:17:56,M->M,unknown,
湖北发布,no_media,2022-10-15 09:17:56,2022-11-22 21:32:29,M->M,unknown,
湖北发布,no_media,2022-11-22 21:32:29,2022-11-27 16:54:08,M->M,unknown,
湖北发布,no_media,2022-11-27 16:54:08,2022-12-07 15:06:08,M->M,unknown,
湖北发布,no_media,2022-12-07 15:06:08,2022-12-23 20:09:48,M->M,unknown,
湖北发布,no_media,2022-12-23 20:09:48,2022-12-28 10:23:03,M->M,unknown,
湖北发布,no_media,2022-12-28 10:23:03,2022-12-28 15:00:12,M->M,unknown,
湖北发布,no_media,2022-12-28 15:00:12,2022-12-29 14:31:38,M->M,unknown,
湖北发布,no_media,2022-12-29 14:31:38,2022-12-30 13:36:54,M->M,unknown,
湖北发布,no_media,2022-12-30 13:36:54,2023-01-02 10:18:37,M->M,unknown,
湖北发布,no_media,2023-01-02 10:18:37,2023-01-11 15:42:31,M->M,unknown,
湖北新闻,no_media,2022-10-14 19:10:00,2022-11-03 12:30:02,M->M,unknown,
湖北新闻,no_media,2022-11-03 12:30:02,2022-11-18 15:10:02,M->M,unknown,
湖北新闻,no_media,2022-11-18 15:10:02,2022-11-26 08:55:00,M->M,unknown,
湖北新闻,no_media,2022-11-26 08:55:00,2022-12-06 21:22:44,M->M,unknown,
湖北新闻,no_media,2022-12-06 21:22:44,2022-12-07 09:40:14,M->M,unknown,
湖北新闻,no_media,2022-12-07 09:40:14,2022-12-07 09:43:10,M->M,unknown,
湖北新闻,no_media,2022-12-07 09:43:10,2022-12-09 19:10:02,M->M,unknown,
湖北新闻,no_media,2022-12-09 19:10:02,2022-12-11 08:35:00,M->M,unknown,
湖北新闻,no_media,2022-12-11 08:35:00,2022-12-11 13:25:00,M->M,unknown,
湖北新闻,no_media,2022-12-11 13:25:00,2022-12-11 13:40:01,M->M,unknown,
湖北新闻,no_media,2022-12-11 13:40:01,2022-12-11 16:05:01,M->M,unknown,
湖北新闻,no_media,2022-12-11 16:05:01,2022-12-11 17:00:47,M->M,unknown,
湖北新闻,no_media,2022-12-11 17:00:47,2022-12-12 18:19:04,M->M,unknown,
湖北新闻,no_media,2022-12-12 18:19:04,2022-12-17 21:30:02,M->M,unknown,
湖北新闻,no_media,2022-12-17 21:30:02,2022-12-20 15:51:52,M->M,unknown,
湖北新闻,no_media,2022-12-20 15:51:52,2022-12-25 09:00:03,M->M,unknown,
湖北新闻,no_media,2022-12-25 09:00:03,2022-12-29 15:21:46,M->M,unknown,
湖北新闻,no_media,2022-12-29 15:21:46,2023-01-03 16:45:00,M->M,unknown,
湖北新闻,no_media,2023-01-03 16:45:00,2023-01-07 11:30:00,M->M,unknown,
湖北新闻,no_media,2023-01-07 11:30:00,2023-01-07 13:30:01,M->M,unknown,
湖北新闻,no_media,2023-01-07 13:30:01,2023-01-08 21:42:49,M->M,unknown,
湖北新闻,no_media,2023-01-08 21:42:49,2023-01-26 19:49:42,M->M,unknown,
湖北新闻,no_media,2023-01-26 19:49:42,2023-01-31 17:45:00,M->M,unknown,
湖北电视台官方微博,no_media,2022-11-27 16:56:55,2022-12-07 10:18:34,M->M,unknown,
湖北电视台官方微博,no_media,2022-12-07 10:18:34,2022-12-29 20:00:12,M->M,unknown,
湖北省政府门户网站,no_media,2022-10-05 18:27:00,2022-10-15 10:42:12,M->M,unknown,
湖北省政府门户网站,no_media,2022-10-15 10:42:12,2022-11-23 10:07:46,M->M,unknown,
湖北省政府门户网站,no_media,2022-11-23 10:07:46,2022-12-04 17:23:00,M->M,unknown,
湖北省政府门户网站,no_media,2022-12-04 17:23:00,2022-12-08 23:17:10,M->M,unknown,
湖北省政府门户网站,no_media,2022-12-08 23:17:10,2022-12-09 09:28:01,M->M,unknown,
湖北省政府门户网站,no_media,2022-12-09 09:28:01,2022-12-15 17:28:03,M->M,unknown,
湖北省政府门户网站,no_media,2022-12-15 17:28:03,2022-12-18 15:57:00,M->M,unknown,
湖北省政府门户网站,no_media,2022-12-18 15:57:00,2022-12-19 11:17:00,M->M,unknown,
湖北省政府门户网站,no_media,2022-12-19 11:17:00,2022-12-24 19:23:00,M->M,unknown,
湖北省政府门户网站,no_media,2022-12-24 19:23:00,2022-12-25 16:04:13,M->M,unknown,
湖北省政府门户网站,no_media,2022-12-25 16:04:13,2022-12-30 10:42:00,M->M,unknown,
湖北省政府门户网站,no_media,2022-12-30 10:42:00,2023-01-07 10:47:00,M->M,unknown,
湖北省政府门户网站,no_media,2023-01-07 10:47:00,2023-01-14 15:12:01,M->M,unknown,
湖北省政府门户网站,no_media,2023-01-14 15:12:01,2023-01-18 17:38:00,M->M,unknown,
湖北省政府门户网站,no_media,2023-01-18 17:38:00,2023-02-27 18:00:03,M->M,unknown,
湖南民生网,no_media,2022-12-01 14:13:37,2022-12-11 12:59:24,M->M,unknown,
湖南民生网,no_media,2022-12-11 12:59:24,2022-12-18 14:52:17,M->M,unknown,
湖南民生网,no_media,2022-12-18 14:52:17,2023-01-01 21:05:51,M->M,unknown,
源-氏-物-语,no_media,2022-12-22 13:22:00,2022-12-23 17:16:00,L->H,unknown,
源-氏-物-语,no_media,2022-12-23 17:16:00,2022-12-23 21:24:00,H->L,unknown,
源-氏-物-语,no_media,2022-12-23 21:24:00,2022-12-28 00:37:00,L->M,unknown,
源-氏-物-语,no_media,2022-12-28 00:37:00,2023-01-01 09:45:00,M->L,unknown,
源-氏-物-语,no_media,2023-01-01 09:45:00,2023-01-03 13:47:00,L->L,unknown,
源-氏-物-语,no_media,2023-01-03 13:47:00,2023-01-05 17:43:00,L->M,unknown,
溧阳人在珀斯,dual,2022-11-24 23:21:00,2022-12-02 22:03:00,M->H,unknown,
溧阳人在珀斯,dual,2022-12-02 22:03:00,2022-12-05 14:59:00,H->M,unknown,
溧阳人在珀斯,dual,2022-12-05 14:59:00,2022-12-05 15:17:00,M->M,unknown,
溧阳人在珀斯,dual,2022-12-05 15:17:00,2022-12-07 11:49:00,M->H,unknown,
溧阳人在珀斯,dual,2022-12-07 11:49:00,2022-12-08 16:53:00,H->M,norisk,0.0
溧阳人在珀斯,dual,2022-12-08 16:53:00,2022-12-08 18:26:00,M->H,norisk,0.0
溧阳人在珀斯,dual,2022-12-08 18:26:00,2022-12-09 14:36:00,H->M,norisk,0.0
溧阳人在珀斯,dual,2022-12-09 14:36:00,2022-12-15 23:14:00,M->M,norisk,0.0
滁州楼市,no_media,2022-12-01 14:21:37,2022-12-03 17:35:20,M->M,unknown,
滁州楼市,no_media,2022-12-03 17:35:20,2022-12-16 08:28:41,M->M,unknown,
滁州楼市,no_media,2022-12-16 08:28:41,2022-12-20 23:55:14,M->M,unknown,
滁州楼市,no_media,2022-12-20 23:55:14,2022-12-30 12:27:20,M->M,unknown,
潇洒的瑷娃,no_media,2022-12-20 10:34:00,2022-12-25 20:14:00,M->M,unknown,
潇洒的瑷娃,no_media,2022-12-25 20:14:00,2022-12-26 23:20:00,M->M,unknown,
潇洒的瑷娃,no_media,2022-12-26 23:20:00,2022-12-26 23:22:00,M->L,unknown,
潇洒的瑷娃,no_media,2022-12-26 23:22:00,2022-12-27 05:24:00,L->M,unknown,
潇洒的瑷娃,no_media,2022-12-27 05:24:00,2022-12-27 05:31:00,M->L,unknown,
澄城检察,no_media,2022-12-02 08:03:02,2022-12-09 18:19:35,M->M,unknown,
澄城检察,no_media,2022-12-09 18:19:35,2022-12-13 07:49:42,M->M,unknown,
澄城检察,no_media,2022-12-13 07:49:42,2022-12-19 08:54:30,M->M,unknown,
澄城检察,no_media,2022-12-19 08:54:30,2022-12-27 09:30:34,M->M,unknown,
澎湃新闻,no_media,2022-12-01 16:40:11,2022-12-04 21:39:08,M->M,unknown,
澎湃新闻,no_media,2022-12-04 21:39:08,2022-12-06 08:27:35,M->M,unknown,
澎湃新闻,no_media,2022-12-06 08:27:35,2022-12-07 13:27:12,M->M,unknown,
澎湃新闻,no_media,2022-12-07 13:27:12,2022-12-07 16:16:17,M->M,unknown,
澎湃新闻,no_media,2022-12-07 16:16:17,2022-12-07 19:01:03,M->M,unknown,
澎湃新闻,no_media,2022-12-07 19:01:03,2022-12-08 14:51:54,M->M,unknown,
澎湃新闻,no_media,2022-12-08 14:51:54,2022-12-09 09:09:32,M->M,unknown,
澎湃新闻,no_media,2022-12-09 09:09:32,2022-12-09 17:56:44,M->M,unknown,
澎湃新闻,no_media,2022-12-09 17:56:44,2022-12-14 14:37:00,M->M,unknown,
澎湃新闻,no_media,2022-12-14 14:37:00,2022-12-14 15:15:29,M->M,unknown,
澎湃新闻,no_media,2022-12-14 15:15:29,2022-12-15 20:38:30,M->M,unknown,
澎湃新闻,no_media,2022-12-15 20:38:30,2022-12-16 15:14:31,M->M,unknown,
澎湃新闻,no_media,2022-12-16 15:14:31,2022-12-25 15:18:54,M->M,unknown,
澎湃新闻,no_media,2022-12-25 15:18:54,2022-12-27 15:40:33,M->M,unknown,
澎湃新闻,no_media,2022-12-27 15:40:33,2022-12-30 15:49:47,M->M,unknown,
澎湃新闻,no_media,2022-12-30 15:49:47,2022-12-30 16:42:39,M->M,unknown,
澎湃新闻,no_media,2022-12-30 16:42:39,2022-12-31 09:13:24,M->M,unknown,
澎湃新闻,no_media,2022-12-31 09:13:24,2022-12-31 11:27:40,M->M,unknown,
澎湃新闻,no_media,2022-12-31 11:27:40,2023-01-01 10:19:48,M->M,unknown,
澎湃新闻,no_media,2023-01-01 10:19:48,2023-01-01 19:17:37,M->M,unknown,
澎湃新闻,no_media,2023-01-01 19:17:37,2023-01-02 07:44:04,M->M,unknown,
澎湃新闻,no_media,2023-01-02 07:44:04,2023-01-03 07:55:41,M->M,unknown,
澎湃新闻,no_media,2023-01-03 07:55:41,2023-01-03 16:59:20,M->M,unknown,
澎湃新闻,no_media,2023-01-03 16:59:20,2023-01-03 18:59:51,M->M,unknown,
澎湃新闻,no_media,2023-01-03 18:59:51,2023-01-04 17:05:00,M->M,unknown,
澎湃新闻,no_media,2023-01-04 17:05:00,2023-01-06 18:59:51,M->M,unknown,
澎湃新闻,no_media,2023-01-06 18:59:51,2023-01-07 08:10:18,M->M,unknown,
澎湃新闻,no_media,2023-01-07 08:10:18,2023-01-19 16:58:21,M->M,unknown,
澎湃新闻,no_media,2023-01-19 16:58:21,2023-02-14 20:29:30,M->M,unknown,
澎湃新闻,no_media,2023-02-14 20:29:30,2023-02-21 17:09:36,M->M,unknown,
灰产圈_,no_media,2022-11-15 14:43:00,2022-12-01 13:08:00,H->M,unknown,
灰产圈_,no_media,2022-12-01 13:08:00,2022-12-03 13:29:00,M->H,unknown,
灰产圈_,no_media,2022-12-03 13:29:00,2022-12-03 13:54:00,H->M,unknown,
灰产圈_,no_media,2022-12-03 13:54:00,2022-12-04 15:18:00,M->M,unknown,
灰产圈_,no_media,2022-12-04 15:18:00,2023-01-09 15:00:00,M->M,unknown,
点金榜榜首-石水淼,no_media,2023-01-10 12:00:00,2023-01-30 18:20:00,M->M,unknown,
烟台问家,no_media,2023-01-29 10:39:00,2023-01-29 18:22:00,M->M,unknown,
烟台问家,no_media,2023-01-29 18:22:00,2023-01-31 17:00:00,M->M,unknown,
烟台问家,no_media,2023-01-31 17:00:00,2023-02-02 17:00:00,M->M,unknown,
烟雨楼百年孤独,wemedia_only,2023-01-09 16:20:00,2023-01-09 18:16:00,M->M,unknown,
烟雨楼百年孤独,wemedia_only,2023-01-09 18:16:00,2023-01-15 13:16:00,M->M,unknown,
烟雨楼百年孤独,wemedia_only,2023-01-15 13:16:00,2023-01-19 21:09:00,M->M,unknown,
焦作广播电视台,no_media,2022-12-07 15:00:50,2022-12-24 18:48:42,M->M,unknown,
熊猫和朋友们,no_media,2022-12-21 17:20:00,2023-01-04 17:37:00,M->M,unknown,
熊猫和朋友们,no_media,2023-01-04 17:37:00,2023-01-10 20:57:00,M->M,unknown,
燕赵晚报,no_media,2022-12-19 14:57:03,2023-01-18 16:33:41,M->M,unknown,
爱健身滴阿茶smiling,no_media,2023-01-24 21:34:00,2023-01-27 19:26:00,L->L,unknown,
爱健身滴阿茶smiling,no_media,2023-01-27 19:26:00,2023-02-01 00:42:00,L->L,unknown,
爱好吃喝玩乐的画家,no_media,2023-01-09 20:02:00,2023-01-22 23:36:00,M->M,unknown,
爱济南发布,no_media,2022-12-07 14:28:37,2022-12-08 11:52:07,M->M,unknown,
爱济南发布,no_media,2022-12-08 11:52:07,2023-01-06 11:31:20,M->M,unknown,
爱看头条,no_media,2022-11-21 19:53:34,2022-12-01 12:07:33,M->M,unknown,
爱看头条,no_media,2022-12-01 12:07:33,2022-12-07 13:28:41,M->M,unknown,
爱看头条,no_media,2022-12-07 13:28:41,2022-12-09 08:56:30,M->M,unknown,
爱看头条,no_media,2022-12-09 08:56:30,2022-12-16 08:06:09,M->M,unknown,
爱看头条,no_media,2022-12-16 08:06:09,2022-12-18 15:28:49,M->M,unknown,
爱看头条,no_media,2022-12-18 15:28:49,2022-12-22 10:29:32,M->M,unknown,
爱看头条,no_media,2022-12-22 10:29:32,2023-01-21 11:58:10,M->M,unknown,
独立小楼99,dual,2022-12-30 15:26:00,2022-12-31 15:00:00,M->M,norisk,0.25
玉门市融媒体中心,no_media,2022-12-07 09:29:08,2022-12-07 13:31:11,M->M,unknown,
玉门市融媒体中心,no_media,2022-12-07 13:31:11,2022-12-14 11:48:54,M->M,unknown,
玉门市融媒体中心,no_media,2022-12-14 11:48:54,2023-01-03 09:38:59,M->M,unknown,
玉门市融媒体中心,no_media,2023-01-03 09:38:59,2023-01-03 09:40:22,M->M,unknown,
玉门市融媒体中心,no_media,2023-01-03 09:40:22,2023-01-03 11:24:43,M->M,unknown,
玉门市融媒体中心,no_media,2023-01-03 11:24:43,2023-01-18 17:58:08,M->M,unknown,
玉门市融媒体中心,no_media,2023-01-18 17:58:08,2023-01-25 10:57:00,M->M,unknown,
王言嘉-,wemedia_only,2022-12-04 16:37:00,2022-12-16 10:49:00,M->M,norisk,0.0
王言嘉-,wemedia_only,2022-12-16 10:49:00,2023-01-14 11:20:00,M->M,norisk,0.0
王言嘉-,wemedia_only,2023-01-14 11:20:00,2023-01-16 21:27:00,M->M,risk,1.0
王言嘉-,wemedia_only,2023-01-16 21:27:00,2023-01-28 20:48:00,M->M,norisk,0.0
环球时报,no_media,2022-11-17 21:30:00,2022-12-01 14:10:46,M->M,unknown,
环球时报,no_media,2022-12-01 14:10:46,2022-12-02 23:07:38,M->M,unknown,
环球时报,no_media,2022-12-02 23:07:38,2022-12-06 22:30:00,M->M,unknown,
环球时报,no_media,2022-12-06 22:30:00,2022-12-07 13:29:31,M->M,unknown,
环球时报,no_media,2022-12-07 13:29:31,2022-12-07 18:00:05,M->M,unknown,
环球时报,no_media,2022-12-07 18:00:05,2022-12-07 23:00:03,M->M,unknown,
环球时报,no_media,2022-12-07 23:00:03,2022-12-08 11:10:09,M->M,unknown,
环球时报,no_media,2022-12-08 11:10:09,2022-12-11 19:16:53,M->M,unknown,
环球时报,no_media,2022-12-11 19:16:53,2022-12-16 08:30:00,M->M,unknown,
环球时报,no_media,2022-12-16 08:30:00,2022-12-27 08:52:09,M->M,unknown,
环球时报,no_media,2022-12-27 08:52:09,2023-01-14 19:09:33,M->M,unknown,
环球时报,no_media,2023-01-14 19:09:33,2023-01-21 11:20:47,M->M,unknown,
环球时报,no_media,2023-01-21 11:20:47,2023-02-17 17:30:02,M->M,unknown,
环视频,no_media,2022-12-09 09:36:58,2023-02-17 13:31:04,M->M,unknown,
现代快报,no_media,2022-12-07 13:43:49,2022-12-23 11:31:00,M->M,unknown,
现代快报,no_media,2022-12-23 11:31:00,2023-01-02 22:24:02,M->M,unknown,
现代快报,no_media,2023-01-02 22:24:02,2023-01-18 17:05:50,M->M,unknown,
珺雅口腔,no_media,2022-12-03 11:30:00,2022-12-03 20:59:00,M->M,unknown,
珺雅口腔,no_media,2022-12-03 20:59:00,2022-12-21 08:43:00,M->M,unknown,
珺雅口腔,no_media,2022-12-21 08:43:00,2022-12-22 11:20:00,M->M,unknown,
甘肃共青团,no_media,2022-10-14 09:42:41,2022-12-11 11:43:03,M->M,unknown,
甘肃共青团,no_media,2022-12-11 11:43:03,2022-12-16 08:55:02,M->M,unknown,
甘肃共青团,no_media,2022-12-16 08:55:02,2022-12-27 15:40:15,M->M,unknown,
甘肃日报,no_media,2022-12-07 21:31:38,2023-01-18 18:37:34,M->M,unknown,
生于忧患boomboom,no_media,2023-01-27 06:31:00,2023-01-27 06:34:00,L->L,unknown,
生命时报,no_media,2022-12-08 15:14:47,2022-12-09 08:56:05,M->M,unknown,
生命时报,no_media,2022-12-09 08:56:05,2022-12-10 20:16:28,M->M,unknown,
生命时报,no_media,2022-12-10 20:16:28,2022-12-15 17:44:28,M->M,unknown,
生命时报,no_media,2022-12-15 17:44:28,2022-12-21 16:02:28,M->M,unknown,
生命时报,no_media,2022-12-21 16:02:28,2022-12-22 18:20:01,M->M,unknown,
生命时报,no_media,2022-12-22 18:20:01,2022-12-23 10:04:55,M->M,unknown,
生命时报,no_media,2022-12-23 10:04:55,2022-12-30 11:00:07,M->M,unknown,
生命时报,no_media,2022-12-30 11:00:07,2023-01-03 11:28:22,M->M,unknown,
生命时报,no_media,2023-01-03 11:28:22,2023-01-09 14:05:59,M->M,unknown,
生命时报,no_media,2023-01-09 14:05:59,2023-01-09 21:05:00,M->M,unknown,
生命时报,no_media,2023-01-09 21:05:00,2023-01-11 21:49:00,M->M,unknown,
生命时报,no_media,2023-01-11 21:49:00,2023-01-14 10:10:02,M->M,unknown,
生命时报,no_media,2023-01-14 10:10:02,2023-01-14 11:10:00,M->M,unknown,
生命时报,no_media,2023-01-14 11:10:00,2023-01-30 14:12:50,M->M,unknown,
生命时报,no_media,2023-01-30 14:12:50,2023-02-04 20:05:01,M->M,unknown,
用户1796753123,no_media,2023-01-05 18:58:00,2023-01-06 19:18:00,M->M,unknown,
用户5889073289波波,no_media,2023-01-11 23:38:00,2023-01-11 23:50:00,L->H,unknown,
用户5889073289波波,no_media,2023-01-11 23:50:00,2023-01-12 00:21:00,H->L,unknown,
用户5889073289波波,no_media,2023-01-12 00:21:00,2023-01-25 08:47:00,L->H,unknown,
用户5889073289波波,no_media,2023-01-25 08:47:00,2023-02-22 13:11:00,H->H,unknown,
用户5889073289波波,no_media,2023-02-22 13:11:00,2023-02-22 13:17:00,H->H,unknown,
男科医生王古道,no_media,2022-11-03 06:42:00,2022-11-28 14:10:00,M->M,unknown,
男科医生王古道,no_media,2022-11-28 14:10:00,2022-12-04 19:06:00,M->M,unknown,
男科医生王古道,no_media,2022-12-04 19:06:00,2023-01-04 23:44:00,M->M,unknown,
男科医生王古道,no_media,2023-01-04 23:44:00,2023-01-30 12:03:00,M->M,unknown,
界面新闻,no_media,2022-11-29 15:27:14,2022-12-15 18:41:24,M->M,unknown,
界面新闻,no_media,2022-12-15 18:41:24,2022-12-30 15:43:41,M->M,unknown,
界面新闻,no_media,2022-12-30 15:43:41,2022-12-30 16:38:03,M->M,unknown,
界面新闻,no_media,2022-12-30 16:38:03,2023-01-06 22:43:54,M->M,unknown,
界面新闻,no_media,2023-01-06 22:43:54,2023-01-13 21:08:21,M->M,unknown,
界面新闻,no_media,2023-01-13 21:08:21,2023-01-17 20:49:47,M->M,unknown,
疯魔JojO,no_media,2023-01-26 20:17:00,2023-02-27 08:37:00,H->M,unknown,
白水检察,mainstream_only,2022-11-29 21:41:43,2022-12-07 15:38:28,M->M,unknown,
白衫缺个衬,no_media,2023-01-17 19:15:00,2023-02-07 18:50:00,L->L,unknown,
白衫缺个衬,no_media,2023-02-07 18:50:00,2023-02-12 08:21:00,L->L,unknown,
白衫缺个衬,no_media,2023-02-12 08:21:00,2023-02-21 10:45:00,L->L,unknown,
白鹿视频,no_media,2022-12-21 11:28:55,2022-12-25 13:03:32,M->M,unknown,
白鹿视频,no_media,2022-12-25 13:03:32,2023-01-04 10:52:36,M->M,unknown,
百津禾,no_media,2022-12-25 09:20:00,2022-12-25 11:41:00,H->M,unknown,
百津禾,no_media,2022-12-25 11:41:00,2022-12-25 22:55:00,M->H,unknown,
百津禾,no_media,2022-12-25 22:55:00,2022-12-26 10:51:00,H->H,unknown,
百津禾,no_media,2022-12-26 10:51:00,2022-12-26 18:51:00,H->M,unknown,
百津禾,no_media,2022-12-26 18:51:00,2022-12-26 21:45:00,M->M,unknown,
百龄干细胞,no_media,2023-01-05 17:27:00,2023-01-06 17:52:00,M->M,unknown,
皇汉1976,wemedia_only,2023-02-07 18:18:00,2023-02-08 16:31:00,H->M,unknown,
皇汉1976,wemedia_only,2023-02-08 16:31:00,2023-02-08 18:15:00,M->H,unknown,
皇汉1976,wemedia_only,2023-02-08 18:15:00,2023-02-11 16:28:00,H->M,unknown,
皇汉1976,wemedia_only,2023-02-11 16:28:00,2023-02-13 12:50:00,M->M,unknown,
皇汉1976,wemedia_only,2023-02-13 12:50:00,2023-02-18 09:33:00,M->H,unknown,
皇汉1976,wemedia_only,2023-02-18 09:33:00,2023-02-18 10:45:00,H->M,unknown,
皇汉1976,wemedia_only,2023-02-18 10:45:00,2023-02-27 10:55:00,M->H,unknown,
直播南京官方版,no_media,2023-01-05 18:16:43,2023-01-09 19:17:53,M->M,unknown,
直播海南,no_media,2022-12-31 10:27:22,2022-12-31 10:50:42,M->M,unknown,
直播海南,no_media,2022-12-31 10:50:42,2023-01-21 14:21:01,M->M,unknown,
看看新闻KNEWS,no_media,2022-10-26 16:35:57,2022-12-01 18:38:47,M->M,unknown,
看看新闻KNEWS,no_media,2022-12-01 18:38:47,2022-12-05 13:51:36,M->M,unknown,
看看新闻KNEWS,no_media,2022-12-05 13:51:36,2022-12-07 13:46:03,M->M,unknown,
看看新闻KNEWS,no_media,2022-12-07 13:46:03,2022-12-10 11:59:44,M->M,unknown,
看看新闻KNEWS,no_media,2022-12-10 11:59:44,2022-12-28 22:07:53,M->M,unknown,
看看新闻KNEWS,no_media,2022-12-28 22:07:53,2022-12-30 21:46:47,M->M,unknown,
看看新闻KNEWS,no_media,2022-12-30 21:46:47,2023-01-03 17:30:11,M->M,unknown,
看看新闻KNEWS,no_media,2023-01-03 17:30:11,2023-01-18 08:33:35,M->M,unknown,
看看新闻KNEWS,no_media,2023-01-18 08:33:35,2023-01-18 19:09:03,M->M,unknown,
看看新闻正能量,no_media,2022-10-26 16:13:31,2022-12-05 11:27:00,M->M,unknown,
看看新闻正能量,no_media,2022-12-05 11:27:00,2022-12-08 13:45:54,M->M,unknown,
看看新闻正能量,no_media,2022-12-08 13:45:54,2022-12-08 15:59:00,M->M,unknown,
看看新闻正能量,no_media,2022-12-08 15:59:00,2022-12-10 10:52:02,M->M,unknown,
看看新闻正能量,no_media,2022-12-10 10:52:02,2022-12-28 21:20:02,M->M,unknown,
看看新闻正能量,no_media,2022-12-28 21:20:02,2023-01-18 08:35:00,M->M,unknown,
知知贵阳,no_media,2022-10-07 11:19:34,2022-11-29 17:23:07,M->M,unknown,
知知贵阳,no_media,2022-11-29 17:23:07,2022-12-10 22:17:10,M->M,unknown,
知知贵阳,no_media,2022-12-10 22:17:10,2022-12-12 22:39:46,M->M,unknown,
知知贵阳,no_media,2022-12-12 22:39:46,2022-12-15 23:11:15,M->M,unknown,
知知贵阳,no_media,2022-12-15 23:11:15,2022-12-26 13:11:46,M->M,unknown,
知知贵阳,no_media,2022-12-26 13:11:46,2023-01-18 17:01:54,M->M,unknown,
知知贵阳,no_media,2023-01-18 17:01:54,2023-01-30 00:33:07,M->M,unknown,
知闲者也,no_media,2022-12-25 11:20:00,2023-01-05 15:20:00,L->H,unknown,
石家庄日报,no_media,2022-12-12 09:10:34,2022-12-13 17:30:29,M->M,unknown,
石家庄日报,no_media,2022-12-13 17:30:29,2022-12-20 09:06:24,M->M,unknown,
石家庄日报,no_media,2022-12-20 09:06:24,2022-12-26 15:01:53,M->M,unknown,
石家庄日报,no_media,2022-12-26 15:01:53,2022-12-29 10:57:04,M->M,unknown,
石家庄日报,no_media,2022-12-29 10:57:04,2023-01-13 18:53:49,M->M,unknown,
硚口发布,no_media,2022-10-15 15:53:03,2022-10-25 15:59:54,M->M,unknown,
硚口发布,no_media,2022-10-25 15:59:54,2022-10-27 09:26:07,M->M,unknown,
硚口发布,no_media,2022-10-27 09:26:07,2022-11-18 18:51:14,M->M,unknown,
硚口发布,no_media,2022-11-18 18:51:14,2022-11-26 09:50:27,M->M,unknown,
硚口发布,no_media,2022-11-26 09:50:27,2022-11-30 10:13:00,M->M,unknown,
硚口发布,no_media,2022-11-30 10:13:00,2022-12-02 00:24:40,M->M,unknown,
硚口发布,no_media,2022-12-02 00:24:40,2022-12-02 15:05:35,M->M,unknown,
硚口发布,no_media,2022-12-02 15:05:35,2022-12-03 09:51:07,M->M,unknown,
硚口发布,no_media,2022-12-03 09:51:07,2022-12-06 00:08:55,M->M,unknown,
硚口发布,no_media,2022-12-06 00:08:55,2022-12-07 10:50:13,M->M,unknown,
硚口发布,no_media,2022-12-07 10:50:13,2022-12-10 10:01:55,M->M,unknown,
硚口发布,no_media,2022-12-10 10:01:55,2022-12-11 00:19:57,M->M,unknown,
硚口发布,no_media,2022-12-11 00:19:57,2022-12-11 22:30:03,M->M,unknown,
硚口发布,no_media,2022-12-11 22:30:03,2022-12-13 10:21:59,M->M,unknown,
硚口发布,no_media,2022-12-13 10:21:59,2022-12-13 10:27:08,M->M,unknown,
硚口发布,no_media,2022-12-13 10:27:08,2022-12-23 12:44:46,M->M,unknown,
硚口发布,no_media,2022-12-23 12:44:46,2022-12-26 10:19:28,M->M,unknown,
硚口发布,no_media,2022-12-26 10:19:28,2022-12-26 10:21:02,M->H,unknown,
硚口发布,no_media,2022-12-26 10:21:02,2022-12-26 19:24:40,H->M,unknown,
硚口发布,no_media,2022-12-26 19:24:40,2022-12-28 09:42:57,M->M,unknown,
硚口发布,no_media,2022-12-28 09:42:57,2022-12-29 09:46:02,M->M,unknown,
硚口发布,no_media,2022-12-29 09:46:02,2023-01-27 09:42:20,M->M,unknown,
硚口发布,no_media,2023-01-27 09:42:20,2023-02-08 12:42:39,M->M,unknown,
祖传中医妇科韩悦,no_media,2023-01-09 18:26:00,2023-01-17 19:25:00,M->M,unknown,
祖传中医肖春林,wemedia_only,2023-02-24 16:05:00,2023-02-24 16:12:00,M->M,norisk,0.0
祝由院,no_media,2023-01-30 09:18:00,2023-02-01 17:19:00,M->M,unknown,
祝由院,no_media,2023-02-01 17:19:00,2023-02-09 12:16:00,M->M,unknown,
福州新闻网fznews,no_media,2022-11-17 12:48:00,2022-12-09 10:59:00,M->M,unknown,
福州新闻网fznews,no_media,2022-12-09 10:59:00,2022-12-10 20:11:00,M->M,unknown,
福州新闻网fznews,no_media,2022-12-10 20:11:00,2022-12-12 09:35:00,M->M,unknown,
福州新闻网fznews,no_media,2022-12-12 09:35:00,2022-12-15 17:26:02,M->M,unknown,
福州新闻网fznews,no_media,2022-12-15 17:26:02,2022-12-19 10:05:00,M->M,unknown,
福州新闻网fznews,no_media,2022-12-19 10:05:00,2023-01-12 11:30:00,M->M,unknown,
福州新闻网fznews,no_media,2023-01-12 11:30:00,2023-02-11 09:34:01,M->M,unknown,
福建东南网,no_media,2022-11-29 19:50:22,2022-12-07 14:56:35,M->M,unknown,
福建东南网,no_media,2022-12-07 14:56:35,2022-12-09 09:37:01,M->M,unknown,
福建东南网,no_media,2022-12-09 09:37:01,2022-12-16 15:59:27,M->M,unknown,
福建东南网,no_media,2022-12-16 15:59:27,2023-01-16 14:46:55,M->M,unknown,
福建东南网,no_media,2023-01-16 14:46:55,2023-01-18 19:12:05,M->M,unknown,
福建卫生报,no_media,2022-12-07 21:45:59,2022-12-08 18:00:05,M->M,unknown,
福建卫生报,no_media,2022-12-08 18:00:05,2023-01-04 11:32:12,M->M,unknown,
福建卫生报,no_media,2023-01-04 11:32:12,2023-01-05 14:55:04,M->M,unknown,
福建卫生报,no_media,2023-01-05 14:55:04,2023-01-18 16:42:19,M->M,unknown,
福建卫生报,no_media,2023-01-18 16:42:19,2023-02-06 09:29:21,M->M,unknown,
福建森林消防,no_media,2022-12-09 15:20:58,2022-12-09 15:21:22,M->M,unknown,
福建森林消防,no_media,2022-12-09 15:21:22,2023-01-09 19:05:26,M->M,unknown,
福建森林消防,no_media,2023-01-09 19:05:26,2023-01-18 17:27:16,M->M,unknown,
科技日报,no_media,2022-11-04 07:00:01,2022-12-07 21:08:44,M->M,unknown,
科技日报,no_media,2022-12-07 21:08:44,2022-12-11 11:08:10,M->M,unknown,
科技日报,no_media,2022-12-11 11:08:10,2022-12-15 17:00:25,M->M,unknown,
科技日报,no_media,2022-12-15 17:00:25,2022-12-19 10:18:38,M->M,unknown,
科普中国,no_media,2022-11-18 11:47:37,2022-11-19 08:11:45,M->M,unknown,
科普中国,no_media,2022-11-19 08:11:45,2022-12-10 17:43:16,M->M,unknown,
科普中国,no_media,2022-12-10 17:43:16,2022-12-21 16:18:00,M->M,unknown,
科普中国,no_media,2022-12-21 16:18:00,2023-01-12 09:59:24,M->M,unknown,
科普中国,no_media,2023-01-12 09:59:24,2023-01-12 11:13:11,M->M,unknown,
空陵吸管,no_media,2022-12-30 13:02:00,2023-01-03 10:20:00,M->M,unknown,
穿羽绒服的眯眯眼,no_media,2022-12-13 20:06:00,2022-12-15 09:56:00,L->L,unknown,
穿羽绒服的眯眯眼,no_media,2022-12-15 09:56:00,2022-12-15 13:37:00,L->L,unknown,
穿羽绒服的眯眯眼,no_media,2022-12-15 13:37:00,2022-12-22 21:04:00,L->L,unknown,
穿羽绒服的眯眯眼,no_media,2022-12-22 21:04:00,2022-12-23 15:07:00,L->M,unknown,
穿羽绒服的眯眯眼,no_media,2022-12-23 15:07:00,2022-12-24 13:25:00,M->L,unknown,
穿羽绒服的眯眯眼,no_media,2022-12-24 13:25:00,2022-12-29 21:08:00,L->L,unknown,
穿羽绒服的眯眯眼,no_media,2022-12-29 21:08:00,2023-01-09 09:34:00,L->H,unknown,
童姐营养师和小炟同学,no_media,2023-01-26 22:52:00,2023-02-07 20:36:00,M->M,unknown,
童姐营养师和小炟同学,no_media,2023-02-07 20:36:00,2023-02-13 22:16:00,M->M,unknown,
童宜棠,no_media,2022-12-08 18:30:00,2022-12-09 16:36:00,M->M,unknown,
童宜棠,no_media,2022-12-09 16:36:00,2022-12-09 17:40:00,M->M,unknown,
童童叶1598,wemedia_only,2023-01-10 11:40:00,2023-01-10 11:46:00,L->H,risk,1.0
笔耕太行,no_media,2022-11-02 17:04:28,2022-11-04 17:44:02,M->M,unknown,
笨笨是个有知识的好青年,no_media,2023-02-06 19:49:00,2023-02-07 15:19:00,H->M,unknown,
第一财经YiMagazine,no_media,2022-12-02 09:42:12,2022-12-07 14:24:21,M->M,unknown,
第一财经YiMagazine,no_media,2022-12-07 14:24:21,2023-01-20 12:08:00,M->M,unknown,
红塔区发布,no_media,2022-10-14 09:52:51,2022-11-03 11:41:25,M->M,unknown,
红塔区发布,no_media,2022-11-03 11:41:25,2022-12-01 11:16:50,M->M,unknown,
红塔区发布,no_media,2022-12-01 11:16:50,2022-12-01 17:13:20,M->M,unknown,
红塔区发布,no_media,2022-12-01 17:13:20,2022-12-05 07:57:24,M->M,unknown,
红塔区发布,no_media,2022-12-05 07:57:24,2022-12-11 10:01:50,M->M,unknown,
红塔区发布,no_media,2022-12-11 10:01:50,2022-12-15 18:02:07,M->M,unknown,
红塔区发布,no_media,2022-12-15 18:02:07,2022-12-18 16:41:28,M->M,unknown,
红塔区发布,no_media,2022-12-18 16:41:28,2022-12-18 19:15:10,M->M,unknown,
红塔区发布,no_media,2022-12-18 19:15:10,2023-01-03 17:13:17,M->M,unknown,
红星新闻,no_media,2022-12-07 13:26:02,2022-12-09 08:54:31,M->M,unknown,
红星新闻,no_media,2022-12-09 08:54:31,2022-12-11 08:31:46,M->M,unknown,
红星新闻,no_media,2022-12-11 08:31:46,2022-12-13 15:00:16,M->M,unknown,
红星新闻,no_media,2022-12-13 15:00:16,2022-12-16 15:58:06,M->M,unknown,
红星新闻,no_media,2022-12-16 15:58:06,2022-12-21 16:49:32,M->M,unknown,
红星新闻,no_media,2022-12-21 16:49:32,2022-12-22 13:48:41,M->M,unknown,
红星新闻,no_media,2022-12-22 13:48:41,2022-12-23 23:14:54,M->M,unknown,
红星新闻,no_media,2022-12-23 23:14:54,2022-12-27 11:47:04,M->M,unknown,
红星新闻,no_media,2022-12-27 11:47:04,2022-12-27 11:54:44,M->M,unknown,
红星新闻,no_media,2022-12-27 11:54:44,2023-01-03 18:11:30,M->M,unknown,
红星新闻,no_media,2023-01-03 18:11:30,2023-01-04 11:17:51,M->M,unknown,
红星新闻,no_media,2023-01-04 11:17:51,2023-01-08 09:34:35,M->M,unknown,
红星新闻,no_media,2023-01-08 09:34:35,2023-01-13 20:45:24,M->M,unknown,
红星新闻,no_media,2023-01-13 20:45:24,2023-01-18 15:20:36,M->M,unknown,
红星视频,no_media,2022-12-07 10:44:02,2023-01-01 17:15:14,M->M,unknown,
红星视频,no_media,2023-01-01 17:15:14,2023-01-02 15:25:24,M->M,unknown,
红星视频,no_media,2023-01-02 15:25:24,2023-01-21 12:18:33,M->M,unknown,
红星资本局,no_media,2022-12-15 17:11:33,2023-01-19 17:00:23,M->M,unknown,
绎萦在努力,no_media,2022-12-26 16:07:00,2022-12-28 01:48:00,L->L,unknown,
经济参考报,no_media,2022-12-08 09:56:14,2022-12-16 13:20:02,M->M,unknown,
经济日报,no_media,2022-10-12 08:12:31,2022-12-07 13:59:41,M->M,unknown,
经济日报,no_media,2022-12-07 13:59:41,2022-12-15 17:00:00,M->M,unknown,
绥阳人民检察,no_media,2023-01-02 18:35:59,2023-01-04 17:57:48,M->M,unknown,
绪刚观天,no_media,2022-11-17 14:01:51,2022-12-21 15:21:56,M->M,unknown,
绪刚观天,no_media,2022-12-21 15:21:56,2023-01-07 18:02:24,M->M,unknown,
绵阳公安交警,no_media,2022-10-14 12:04:23,2022-12-09 21:16:36,M->M,unknown,
羊城晚报,no_media,2022-10-27 17:36:00,2022-10-29 18:19:05,M->M,unknown,
羊城晚报,no_media,2022-10-29 18:19:05,2022-12-01 16:16:33,M->M,unknown,
羊城晚报,no_media,2022-12-01 16:16:33,2022-12-02 17:10:37,M->M,unknown,
羊城晚报,no_media,2022-12-02 17:10:37,2022-12-02 21:46:21,M->M,unknown,
羊城晚报,no_media,2022-12-02 21:46:21,2022-12-07 14:12:36,M->M,unknown,
羊城晚报,no_media,2022-12-07 14:12:36,2022-12-07 18:04:02,M->M,unknown,
羊城晚报,no_media,2022-12-07 18:04:02,2022-12-09 10:52:56,M->M,unknown,
羊城晚报,no_media,2022-12-09 10:52:56,2022-12-10 20:26:44,M->M,unknown,
羊城晚报,no_media,2022-12-10 20:26:44,2023-01-01 16:30:02,M->M,unknown,
羊城晚报,no_media,2023-01-01 16:30:02,2023-01-13 20:53:26,M->M,unknown,
羊城晚报,no_media,2023-01-13 20:53:26,2023-02-28 22:43:47,M->M,unknown,
羊城晚报金羊网,no_media,2022-11-29 18:30:02,2022-12-03 16:27:36,M->M,unknown,
羊城晚报金羊网,no_media,2022-12-03 16:27:36,2022-12-11 10:00:00,M->M,unknown,
羊城晚报金羊网,no_media,2022-12-11 10:00:00,2022-12-11 11:38:41,M->M,unknown,
羊城晚报金羊网,no_media,2022-12-11 11:38:41,2022-12-11 20:20:56,M->M,unknown,
羊城晚报金羊网,no_media,2022-12-11 20:20:56,2022-12-15 18:18:30,M->M,unknown,
羊城晚报金羊网,no_media,2022-12-15 18:18:30,2022-12-19 12:00:05,M->M,unknown,
羊城晚报金羊网,no_media,2022-12-19 12:00:05,2022-12-23 11:01:53,M->M,unknown,
羊城晚报金羊网,no_media,2022-12-23 11:01:53,2023-01-04 08:16:49,M->M,unknown,
羊城晚报金羊网,no_media,2023-01-04 08:16:49,2023-01-05 10:26:35,M->M,unknown,
羊城晚报金羊网,no_media,2023-01-05 10:26:35,2023-01-05 22:30:01,M->M,unknown,
羊城晚报金羊网,no_media,2023-01-05 22:30:01,2023-01-14 09:30:04,M->M,unknown,
羊城晚报金羊网,no_media,2023-01-14 09:30:04,2023-02-09 14:00:04,M->M,unknown,
羊城晚报金羊网,no_media,2023-02-09 14:00:04,2023-02-10 14:00:01,M->M,unknown,
美东侨报,no_media,2022-10-16 17:28:00,2022-12-10 04:35:00,M->M,unknown,
美国侨报网,no_media,2022-11-27 01:00:01,2022-12-15 17:00:02,M->H,unknown,
美国侨报网,no_media,2022-12-15 17:00:02,2022-12-22 19:00:01,H->M,unknown,
美国侨报网,no_media,2022-12-22 19:00:01,2023-01-21 12:57:31,M->M,unknown,
美国侨报网,no_media,2023-01-21 12:57:31,2023-01-21 13:01:17,M->M,unknown,
美国医级资源_Sonmore,wemedia_only,2022-10-15 10:08:00,2022-10-22 23:13:00,M->M,risk,1.0
美好滁州,no_media,2022-12-07 14:22:47,2022-12-08 19:13:05,M->M,unknown,
美好滁州,no_media,2022-12-08 19:13:05,2022-12-16 11:17:51,M->M,unknown,
美好滁州,no_media,2022-12-16 11:17:51,2022-12-24 21:08:09,M->M,unknown,
美好滁州,no_media,2022-12-24 21:08:09,2022-12-26 14:39:02,M->M,unknown,
美好的圆溜溜,wemedia_only,2023-02-04 14:50:00,2023-02-28 19:16:00,M->M,risk,1.0
群众新闻网,no_media,2022-12-08 11:47:34,2023-01-18 15:20:23,M->M,unknown,
老莊孫子吴氏唠,no_media,2022-11-17 14:24:00,2022-11-23 19:10:00,M->M,unknown,
胸口碎大石呀,no_media,2022-10-03 13:23:00,2022-10-11 20:47:00,H->H,unknown,
胸口碎大石呀,no_media,2022-10-11 20:47:00,2022-10-11 20:59:00,H->H,unknown,
胸口碎大石呀,no_media,2022-10-11 20:59:00,2022-10-15 11:31:00,H->H,unknown,
胸口碎大石呀,no_media,2022-10-15 11:31:00,2022-10-18 13:23:00,H->M,unknown,
腻莫似吧,no_media,2022-12-08 20:09:00,2022-12-08 20:49:00,M->L,unknown,
自话财经,no_media,2022-11-07 00:08:00,2022-11-11 00:44:00,M->M,unknown,
芦小果同学,no_media,2023-01-04 08:40:00,2023-01-05 08:44:00,L->H,unknown,
花姐聊宫颈,no_media,2023-01-06 15:30:00,2023-01-12 11:54:00,H->L,unknown,
花姐聊宫颈,no_media,2023-01-12 11:54:00,2023-01-12 18:54:00,L->M,unknown,
若vs衡,wemedia_only,2022-12-26 18:28:00,2022-12-29 10:42:00,L->M,risk,1.0
英国Cytoplan营养补充品,no_media,2023-01-16 11:43:00,2023-01-17 17:13:00,M->M,unknown,
荆楚网,no_media,2022-12-08 19:51:36,2022-12-15 17:05:00,M->M,unknown,
荆楚网,no_media,2022-12-15 17:05:00,2023-01-03 10:18:51,M->M,unknown,
荆门发布,no_media,2022-12-04 12:11:18,2022-12-15 10:10:19,M->M,unknown,
荔枝新闻,no_media,2023-01-03 19:37:02,2023-01-04 09:13:58,M->M,unknown,
荔枝新闻,no_media,2023-01-04 09:13:58,2023-01-13 20:36:28,M->M,unknown,
荔枝新闻,no_media,2023-01-13 20:36:28,2023-01-24 21:15:16,M->M,unknown,
荔枝新闻,no_media,2023-01-24 21:15:16,2023-01-25 11:16:03,M->M,unknown,
荔枝网,no_media,2023-01-04 09:00:42,2023-01-25 11:11:37,M->M,unknown,
荔直播,no_media,2022-11-05 16:31:29,2022-12-09 10:08:44,M->M,unknown,
荔直播,no_media,2022-12-09 10:08:44,2023-01-03 18:34:40,M->M,unknown,
荔直播,no_media,2023-01-03 18:34:40,2023-01-11 18:10:38,M->M,unknown,
荔直播,no_media,2023-01-11 18:10:38,2023-01-25 19:06:53,M->M,unknown,
荣耀西安网,no_media,2022-12-07 13:40:28,2023-02-15 13:41:21,M->M,unknown,
莫哭莫闹,no_media,2022-12-28 17:29:00,2023-01-02 18:28:00,H->H,unknown,
莫哭莫闹,no_media,2023-01-02 18:28:00,2023-01-04 18:41:00,H->L,unknown,
莫哭莫闹,no_media,2023-01-04 18:41:00,2023-01-07 12:13:00,L->L,unknown,
莫哭莫闹,no_media,2023-01-07 12:13:00,2023-01-09 07:19:00,L->L,unknown,
莫哭莫闹,no_media,2023-01-09 07:19:00,2023-01-12 04:01:00,L->L,unknown,
营养师刘遂谦,no_media,2023-01-03 13:57:00,2023-01-17 08:00:00,M->M,unknown,
萧亚轩新男朋友是谁,no_media,2022-10-30 18:09:00,2022-12-25 20:30:00,H->L,unknown,
蔡子博士,no_media,2022-11-01 22:25:00,2022-11-01 23:42:00,M->M,unknown,
虎座鸟,no_media,2022-11-29 20:26:54,2022-12-11 09:50:30,M->M,unknown,
虎座鸟,no_media,2022-12-11 09:50:30,2022-12-18 21:21:12,M->M,unknown,
西固发布,no_media,2022-12-07 14:22:22,2022-12-08 09:39:09,M->M,unknown,
西固发布,no_media,2022-12-08 09:39:09,2022-12-12 10:18:33,M->M,unknown,
西固发布,no_media,2022-12-12 10:18:33,2022-12-15 11:02:39,M->M,unknown,
西固发布,no_media,2022-12-15 11:02:39,2023-02-10 09:41:08,M->M,unknown,
西墨西墨,no_media,2023-01-03 05:15:00,2023-01-06 13:05:00,L->L,unknown,
西墨西墨,no_media,2023-01-06 13:05:00,2023-01-10 00:38:00,L->L,unknown,
西安广播电视台,no_media,2022-10-14 12:31:14,2022-12-10 20:47:04,M->M,unknown,
西安广播电视台,no_media,2022-12-10 20:47:04,2022-12-26 18:56:14,M->M,unknown,
西安广播电视台,no_media,2022-12-26 18:56:14,2022-12-29 08:01:31,M->M,unknown,
西安广播电视台,no_media,2022-12-29 08:01:31,2022-12-29 22:15:30,M->M,unknown,
西安广播电视台,no_media,2022-12-29 22:15:30,2022-12-31 07:55:24,M->M,unknown,
西安广播电视台,no_media,2022-12-31 07:55:24,2023-01-02 18:47:48,M->M,unknown,
西安广播电视台,no_media,2023-01-02 18:47:48,2023-01-05 08:18:26,M->M,unknown,
西安广播电视台,no_media,2023-01-05 08:18:26,2023-01-07 17:32:20,M->M,unknown,
西安广播电视台,no_media,2023-01-07 17:32:20,2023-01-13 21:57:50,M->M,unknown,
西安广播电视台,no_media,2023-01-13 21:57:50,2023-02-09 16:27:33,M->M,unknown,
西安广播电视台,no_media,2023-02-09 16:27:33,2023-02-12 08:48:02,M->M,unknown,
西安广播电视台,no_media,2023-02-12 08:48:02,2023-02-28 12:13:59,M->M,unknown,
西安新闻网,no_media,2022-11-17 16:59:00,2022-11-17 17:10:01,M->M,unknown,
西安新闻网,no_media,2022-11-17 17:10:01,2022-12-07 14:16:44,M->M,unknown,
西安新闻网,no_media,2022-12-07 14:16:44,2022-12-07 21:26:38,M->M,unknown,
西安新闻网,no_media,2022-12-07 21:26:38,2022-12-08 11:51:33,M->M,unknown,
西安新闻网,no_media,2022-12-08 11:51:33,2022-12-08 21:02:23,M->M,unknown,
西安新闻网,no_media,2022-12-08 21:02:23,2022-12-08 21:42:35,M->M,unknown,
西安新闻网,no_media,2022-12-08 21:42:35,2022-12-09 09:33:27,M->M,unknown,
西安新闻网,no_media,2022-12-09 09:33:27,2022-12-10 17:01:57,M->M,unknown,
西安新闻网,no_media,2022-12-10 17:01:57,2022-12-11 17:06:19,M->M,unknown,
西安新闻网,no_media,2022-12-11 17:06:19,2022-12-11 18:00:14,M->M,unknown,
西安新闻网,no_media,2022-12-11 18:00:14,2022-12-12 10:28:51,M->M,unknown,
西安新闻网,no_media,2022-12-12 10:28:51,2022-12-15 09:54:01,M->M,unknown,
西安新闻网,no_media,2022-12-15 09:54:01,2022-12-15 17:04:33,M->M,unknown,
西安新闻网,no_media,2022-12-15 17:04:33,2022-12-16 20:30:06,M->M,unknown,
西安新闻网,no_media,2022-12-16 20:30:06,2022-12-18 14:51:02,M->M,unknown,
西安新闻网,no_media,2022-12-18 14:51:02,2022-12-22 20:15:56,M->M,unknown,
西安新闻网,no_media,2022-12-22 20:15:56,2022-12-25 16:20:01,M->M,unknown,
西安新闻网,no_media,2022-12-25 16:20:01,2022-12-31 13:57:39,M->M,unknown,
西安新闻网,no_media,2022-12-31 13:57:39,2023-01-07 08:41:10,M->M,unknown,
西安新闻网,no_media,2023-01-07 08:41:10,2023-01-09 15:35:41,M->M,unknown,
西安新闻网,no_media,2023-01-09 15:35:41,2023-01-21 12:20:39,M->M,unknown,
西安新闻网,no_media,2023-01-21 12:20:39,2023-01-30 10:27:00,M->M,unknown,
西安新闻网,no_media,2023-01-30 10:27:00,2023-02-12 10:51:26,M->M,unknown,
西安新闻网,no_media,2023-02-12 10:51:26,2023-02-27 12:02:00,M->M,unknown,
西安晚报,no_media,2022-11-22 17:40:44,2022-12-01 14:00:05,M->M,unknown,
西安晚报,no_media,2022-12-01 14:00:05,2022-12-04 17:45:01,M->M,unknown,
西安晚报,no_media,2022-12-04 17:45:01,2022-12-05 10:38:08,M->M,unknown,
西安晚报,no_media,2022-12-05 10:38:08,2022-12-07 12:54:40,M->M,unknown,
西安晚报,no_media,2022-12-07 12:54:40,2022-12-08 11:34:58,M->M,unknown,
西安晚报,no_media,2022-12-08 11:34:58,2022-12-08 21:05:11,M->M,unknown,
西安晚报,no_media,2022-12-08 21:05:11,2022-12-10 16:55:07,M->M,unknown,
西安晚报,no_media,2022-12-10 16:55:07,2022-12-11 18:45:00,M->M,unknown,
西安晚报,no_media,2022-12-11 18:45:00,2022-12-13 22:02:29,M->M,unknown,
西安晚报,no_media,2022-12-13 22:02:29,2022-12-25 08:48:57,M->M,unknown,
西安晚报,no_media,2022-12-25 08:48:57,2022-12-29 20:56:26,M->M,unknown,
西安晚报,no_media,2022-12-29 20:56:26,2022-12-30 16:00:02,M->M,unknown,
西安晚报,no_media,2022-12-30 16:00:02,2023-01-02 16:40:01,M->M,unknown,
西安晚报,no_media,2023-01-02 16:40:01,2023-01-08 12:00:02,M->M,unknown,
西安晚报,no_media,2023-01-08 12:00:02,2023-01-09 16:26:15,M->M,unknown,
西安校园学长,no_media,2022-11-30 13:44:00,2022-12-22 00:43:56,H->M,unknown,
西安校园学长,no_media,2022-12-22 00:43:56,2022-12-22 00:50:21,M->M,unknown,
西安校园学长,no_media,2022-12-22 00:50:21,2022-12-24 01:55:00,M->M,unknown,
西安网,no_media,2022-10-14 12:43:04,2022-12-09 11:23:30,M->M,unknown,
西安网,no_media,2022-12-09 11:23:30,2022-12-10 22:42:03,M->M,unknown,
西安网,no_media,2022-12-10 22:42:03,2022-12-24 18:23:28,M->M,unknown,
西安网,no_media,2022-12-24 18:23:28,2022-12-26 19:16:14,M->M,unknown,
西安网,no_media,2022-12-26 19:16:14,2022-12-29 09:29:19,M->M,unknown,
西安网,no_media,2022-12-29 09:29:19,2022-12-29 23:29:54,M->M,unknown,
西安网,no_media,2022-12-29 23:29:54,2022-12-31 10:11:12,M->M,unknown,
西安网,no_media,2022-12-31 10:11:12,2023-01-02 19:09:40,M->M,unknown,
西安网,no_media,2023-01-02 19:09:40,2023-01-05 09:21:00,M->M,unknown,
西安网,no_media,2023-01-05 09:21:00,2023-01-07 19:26:27,M->M,unknown,
西安网,no_media,2023-01-07 19:26:27,2023-01-09 15:35:01,M->M,unknown,
西安网,no_media,2023-01-09 15:35:01,2023-01-13 22:27:34,M->M,unknown,
西安网,no_media,2023-01-13 22:27:34,2023-02-09 16:34:41,M->M,unknown,
西安网,no_media,2023-02-09 16:34:41,2023-02-12 11:26:58,M->M,unknown,
西安网,no_media,2023-02-12 11:26:58,2023-02-28 12:31:53,M->M,unknown,
西安网络广播电视台,no_media,2022-12-29 09:57:16,2022-12-29 23:29:58,M->M,unknown,
西安网络广播电视台,no_media,2022-12-29 23:29:58,2022-12-31 10:17:34,M->M,unknown,
西安网络广播电视台,no_media,2022-12-31 10:17:34,2023-01-02 19:09:44,M->M,unknown,
西安网络广播电视台,no_media,2023-01-02 19:09:44,2023-01-05 09:23:56,M->M,unknown,
西安网络广播电视台,no_media,2023-01-05 09:23:56,2023-01-07 19:26:31,M->M,unknown,
西安网络广播电视台,no_media,2023-01-07 19:26:31,2023-01-09 15:34:50,M->M,unknown,
西安网络广播电视台,no_media,2023-01-09 15:34:50,2023-01-13 22:27:41,M->M,unknown,
西安网络广播电视台,no_media,2023-01-13 22:27:41,2023-02-12 11:27:02,M->M,unknown,
西安网络广播电视台,no_media,2023-02-12 11:27:02,2023-02-28 12:31:56,M->M,unknown,
西海都市报官方微博,no_media,2022-11-07 08:29:00,2022-12-09 09:29:19,M->M,unknown,
西海都市报官方微博,no_media,2022-12-09 09:29:19,2022-12-18 10:30:42,M->M,unknown,
西海都市报官方微博,no_media,2022-12-18 10:30:42,2022-12-18 10:32:25,M->M,unknown,
西海都市报官方微博,no_media,2022-12-18 10:32:25,2022-12-22 09:58:20,M->M,unknown,
西海都市报官方微博,no_media,2022-12-22 09:58:20,2022-12-27 10:28:56,M->M,unknown,
西藏日报,no_media,2022-12-09 11:20:27,2022-12-15 17:06:22,M->M,unknown,
西部大开发杂志,no_media,2023-01-03 12:30:08,2023-01-09 17:05:46,M->M,unknown,
西部网,no_media,2022-11-22 15:13:57,2022-11-22 15:51:19,M->M,unknown,
西部网,no_media,2022-11-22 15:51:19,2022-12-05 09:39:23,M->M,unknown,
西部网,no_media,2022-12-05 09:39:23,2022-12-07 11:58:02,M->M,unknown,
西部网,no_media,2022-12-07 11:58:02,2022-12-08 15:08:08,M->M,unknown,
西部网,no_media,2022-12-08 15:08:08,2022-12-09 15:05:03,M->M,unknown,
西部网,no_media,2022-12-09 15:05:03,2022-12-09 15:15:35,M->M,unknown,
西部网,no_media,2022-12-09 15:15:35,2022-12-09 15:40:25,M->M,unknown,
西部网,no_media,2022-12-09 15:40:25,2022-12-09 15:42:24,M->M,unknown,
西部网,no_media,2022-12-09 15:42:24,2022-12-09 15:57:00,M->M,unknown,
西部网,no_media,2022-12-09 15:57:00,2022-12-09 16:15:00,M->M,unknown,
西部网,no_media,2022-12-09 16:15:00,2022-12-11 10:27:19,M->M,unknown,
西部网,no_media,2022-12-11 10:27:19,2022-12-13 10:38:07,M->M,unknown,
西部网,no_media,2022-12-13 10:38:07,2022-12-13 10:49:39,M->M,unknown,
西部网,no_media,2022-12-13 10:49:39,2022-12-13 15:05:09,M->M,unknown,
西部网,no_media,2022-12-13 15:05:09,2022-12-15 18:05:57,M->M,unknown,
西部网,no_media,2022-12-15 18:05:57,2022-12-18 16:04:32,M->M,unknown,
西部网,no_media,2022-12-18 16:04:32,2022-12-19 12:42:18,M->M,unknown,
西部网,no_media,2022-12-19 12:42:18,2022-12-27 16:10:00,M->M,unknown,
西部网,no_media,2022-12-27 16:10:00,2022-12-30 14:37:04,M->M,unknown,
西部网,no_media,2022-12-30 14:37:04,2022-12-31 12:26:00,M->M,unknown,
西部网,no_media,2022-12-31 12:26:00,2022-12-31 15:38:03,M->M,unknown,
西部网,no_media,2022-12-31 15:38:03,2023-01-02 14:23:40,M->M,unknown,
西部网,no_media,2023-01-02 14:23:40,2023-01-02 17:19:00,M->M,unknown,
西部网,no_media,2023-01-02 17:19:00,2023-01-05 16:26:33,M->M,unknown,
西部网,no_media,2023-01-05 16:26:33,2023-01-18 16:51:00,M->M,unknown,
观察者网,no_media,2022-11-29 21:15:00,2022-12-01 14:46:29,M->M,unknown,
观察者网,no_media,2022-12-01 14:46:29,2022-12-03 20:25:30,M->M,unknown,
观察者网,no_media,2022-12-03 20:25:30,2022-12-10 14:50:24,M->M,unknown,
观察者网,no_media,2022-12-10 14:50:24,2022-12-10 19:39:16,M->M,unknown,
观察者网,no_media,2022-12-10 19:39:16,2022-12-10 22:39:26,M->M,unknown,
观察者网,no_media,2022-12-10 22:39:26,2022-12-13 16:30:01,M->M,unknown,
观察者网,no_media,2022-12-13 16:30:01,2022-12-13 20:10:01,M->M,unknown,
观察者网,no_media,2022-12-13 20:10:01,2022-12-14 18:15:00,M->M,unknown,
观察者网,no_media,2022-12-14 18:15:00,2022-12-15 21:56:53,M->M,unknown,
观察者网,no_media,2022-12-15 21:56:53,2022-12-17 16:46:00,M->M,unknown,
观察者网,no_media,2022-12-17 16:46:00,2022-12-18 10:34:21,M->M,unknown,
观察者网,no_media,2022-12-18 10:34:21,2022-12-18 12:07:18,M->M,unknown,
观察者网,no_media,2022-12-18 12:07:18,2022-12-19 12:55:00,M->M,unknown,
观察者网,no_media,2022-12-19 12:55:00,2022-12-20 15:19:00,M->M,unknown,
观察者网,no_media,2022-12-20 15:19:00,2022-12-21 17:40:01,M->M,unknown,
观察者网,no_media,2022-12-21 17:40:01,2022-12-22 09:15:21,M->M,unknown,
观察者网,no_media,2022-12-22 09:15:21,2022-12-22 15:30:02,M->M,unknown,
观察者网,no_media,2022-12-22 15:30:02,2022-12-22 16:31:58,M->M,unknown,
观察者网,no_media,2022-12-22 16:31:58,2022-12-23 12:15:40,M->M,unknown,
观察者网,no_media,2022-12-23 12:15:40,2022-12-25 08:41:46,M->M,unknown,
观察者网,no_media,2022-12-25 08:41:46,2022-12-26 15:40:00,M->M,unknown,
观察者网,no_media,2022-12-26 15:40:00,2022-12-27 09:00:00,M->M,unknown,
观察者网,no_media,2022-12-27 09:00:00,2022-12-27 15:53:03,M->M,unknown,
观察者网,no_media,2022-12-27 15:53:03,2022-12-30 09:40:01,M->M,unknown,
观察者网,no_media,2022-12-30 09:40:01,2022-12-30 10:40:03,M->M,unknown,
观察者网,no_media,2022-12-30 10:40:03,2022-12-30 17:13:49,M->M,unknown,
观察者网,no_media,2022-12-30 17:13:49,2022-12-30 23:00:00,M->M,unknown,
观察者网,no_media,2022-12-30 23:00:00,2022-12-31 10:20:01,M->M,unknown,
观察者网,no_media,2022-12-31 10:20:01,2023-01-01 13:44:05,M->M,unknown,
观察者网,no_media,2023-01-01 13:44:05,2023-01-02 17:00:00,M->M,unknown,
观察者网,no_media,2023-01-02 17:00:00,2023-01-02 18:00:00,M->M,unknown,
观察者网,no_media,2023-01-02 18:00:00,2023-01-02 18:40:00,M->M,unknown,
观察者网,no_media,2023-01-02 18:40:00,2023-01-02 21:50:00,M->M,unknown,
观察者网,no_media,2023-01-02 21:50:00,2023-01-03 11:30:00,M->M,unknown,
观察者网,no_media,2023-01-03 11:30:00,2023-01-03 12:20:00,M->M,unknown,
观察者网,no_media,2023-01-03 12:20:00,2023-01-03 14:53:22,M->M,unknown,
观察者网,no_media,2023-01-03 14:53:22,2023-01-03 16:40:00,M->M,unknown,
观察者网,no_media,2023-01-03 16:40:00,2023-01-04 18:47:30,M->M,unknown,
观察者网,no_media,2023-01-04 18:47:30,2023-01-05 16:01:07,M->M,unknown,
观察者网,no_media,2023-01-05 16:01:07,2023-01-06 22:26:52,M->M,unknown,
观察者网,no_media,2023-01-06 22:26:52,2023-01-08 09:32:00,M->M,unknown,
观察者网,no_media,2023-01-08 09:32:00,2023-01-09 09:30:01,M->M,unknown,
观察者网,no_media,2023-01-09 09:30:01,2023-01-09 11:01:00,M->M,unknown,
观察者网,no_media,2023-01-09 11:01:00,2023-01-13 21:49:00,M->M,unknown,
观察者网,no_media,2023-01-13 21:49:00,2023-01-15 09:00:01,M->M,unknown,
观察者网,no_media,2023-01-15 09:00:01,2023-01-21 11:06:08,M->M,unknown,
观察者网,no_media,2023-01-21 11:06:08,2023-02-28 07:30:00,M->M,unknown,
解放日报,no_media,2022-12-21 10:42:22,2022-12-23 17:33:02,M->M,unknown,
解放日报,no_media,2022-12-23 17:33:02,2022-12-28 10:44:39,M->M,unknown,
解放日报,no_media,2022-12-28 10:44:39,2022-12-30 10:54:41,M->M,unknown,
解放日报,no_media,2022-12-30 10:54:41,2023-01-17 19:53:27,M->M,unknown,
解放日报,no_media,2023-01-17 19:53:27,2023-01-18 16:46:26,M->M,unknown,
言安堂,no_media,2023-01-04 19:00:00,2023-01-10 12:00:00,M->M,unknown,
让我们唱一首锡安的歌吧,no_media,2022-12-23 07:46:00,2023-01-17 01:02:00,L->L,unknown,
许昌日报,no_media,2022-10-18 10:00:02,2022-11-04 15:00:11,M->M,unknown,
许昌日报,no_media,2022-11-04 15:00:11,2022-11-19 10:01:00,M->M,unknown,
许昌日报,no_media,2022-11-19 10:01:00,2022-12-08 18:46:42,M->M,unknown,
许昌日报,no_media,2022-12-08 18:46:42,2022-12-10 09:00:00,M->M,unknown,
许昌日报,no_media,2022-12-10 09:00:00,2022-12-31 12:30:01,M->M,unknown,
许昌日报,no_media,2022-12-31 12:30:01,2023-01-18 15:48:07,M->M,unknown,
证券日报之声,no_media,2022-12-30 20:40:41,2023-01-11 21:54:31,M->M,unknown,
话匣子FM,no_media,2022-12-05 17:19:06,2023-01-03 19:10:12,M->M,unknown,
谢大海的生活,no_media,2023-01-28 15:09:00,2023-01-29 17:16:00,L->L,unknown,
财联社APP,no_media,2022-12-07 13:25:26,2022-12-07 21:00:54,M->M,unknown,
财联社APP,no_media,2022-12-07 21:00:54,2022-12-08 17:22:34,M->M,unknown,
财联社APP,no_media,2022-12-08 17:22:34,2022-12-09 08:19:38,M->M,unknown,
财联社APP,no_media,2022-12-09 08:19:38,2022-12-13 16:22:17,M->M,unknown,
财联社APP,no_media,2022-12-13 16:22:17,2022-12-19 17:05:10,M->M,unknown,
财联社APP,no_media,2022-12-19 17:05:10,2022-12-30 15:41:27,M->M,unknown,
财联社APP,no_media,2022-12-30 15:41:27,2023-01-01 16:43:45,M->M,unknown,
财联社APP,no_media,2023-01-01 16:43:45,2023-01-06 17:33:47,M->M,unknown,
财联社APP,no_media,2023-01-06 17:33:47,2023-01-19 16:56:06,M->M,unknown,
财联社APP,no_media,2023-01-19 16:56:06,2023-02-25 16:40:03,M->M,unknown,
贵阳新闻网,no_media,2022-10-23 10:41:08,2022-11-18 11:27:48,M->M,unknown,
贵阳新闻网,no_media,2022-11-18 11:27:48,2022-11-23 09:39:30,M->M,unknown,
贵阳新闻网,no_media,2022-11-23 09:39:30,2022-12-06 11:38:37,M->M,unknown,
贵阳新闻网,no_media,2022-12-06 11:38:37,2022-12-07 10:31:22,M->M,unknown,
贵阳新闻网,no_media,2022-12-07 10:31:22,2022-12-07 15:29:43,M->M,unknown,
贵阳新闻网,no_media,2022-12-07 15:29:43,2022-12-08 09:57:16,M->M,unknown,
贵阳新闻网,no_media,2022-12-08 09:57:16,2022-12-08 21:31:34,M->M,unknown,
贵阳新闻网,no_media,2022-12-08 21:31:34,2022-12-09 10:28:26,M->M,unknown,
贵阳新闻网,no_media,2022-12-09 10:28:26,2022-12-11 10:00:52,M->M,unknown,
贵阳新闻网,no_media,2022-12-11 10:00:52,2022-12-12 15:16:02,M->M,unknown,
贵阳新闻网,no_media,2022-12-12 15:16:02,2022-12-12 16:32:41,M->M,unknown,
贵阳新闻网,no_media,2022-12-12 16:32:41,2022-12-12 16:43:21,M->M,unknown,
贵阳新闻网,no_media,2022-12-12 16:43:21,2022-12-13 10:12:10,M->M,unknown,
贵阳新闻网,no_media,2022-12-13 10:12:10,2022-12-15 16:28:19,M->M,unknown,
贵阳新闻网,no_media,2022-12-15 16:28:19,2022-12-18 15:02:44,M->M,unknown,
贵阳新闻网,no_media,2022-12-18 15:02:44,2022-12-25 22:22:20,M->M,unknown,
贵阳新闻网,no_media,2022-12-25 22:22:20,2022-12-30 10:35:27,M->M,unknown,
贵阳新闻网,no_media,2022-12-30 10:35:27,2023-01-15 13:04:29,M->M,unknown,
贵阳新闻网,no_media,2023-01-15 13:04:29,2023-01-15 14:46:31,M->M,unknown,
贵阳新闻网,no_media,2023-01-15 14:46:31,2023-01-18 15:50:39,M->M,unknown,
贵阳新闻网,no_media,2023-01-18 15:50:39,2023-01-19 10:10:16,M->M,unknown,
贵阳新闻网,no_media,2023-01-19 10:10:16,2023-01-21 15:10:24,M->M,unknown,
贵阳新闻网,no_media,2023-01-21 15:10:24,2023-01-29 11:00:02,M->M,unknown,
贵阳新闻网,no_media,2023-01-29 11:00:02,2023-02-07 18:35:10,M->M,unknown,
贵阳日报官方微博,no_media,2022-10-23 10:43:45,2022-11-18 11:27:57,M->M,unknown,
贵阳日报官方微博,no_media,2022-11-18 11:27:57,2022-11-23 09:41:44,M->M,unknown,
贵阳日报官方微博,no_media,2022-11-23 09:41:44,2022-12-06 11:38:54,M->M,unknown,
贵阳日报官方微博,no_media,2022-12-06 11:38:54,2022-12-07 10:31:23,M->M,unknown,
贵阳日报官方微博,no_media,2022-12-07 10:31:23,2022-12-07 15:29:31,M->M,unknown,
贵阳日报官方微博,no_media,2022-12-07 15:29:31,2022-12-08 09:57:16,M->M,unknown,
贵阳日报官方微博,no_media,2022-12-08 09:57:16,2022-12-08 21:31:33,M->M,unknown,
贵阳日报官方微博,no_media,2022-12-08 21:31:33,2022-12-09 10:28:28,M->M,unknown,
贵阳日报官方微博,no_media,2022-12-09 10:28:28,2022-12-12 15:16:16,M->M,unknown,
贵阳日报官方微博,no_media,2022-12-12 15:16:16,2022-12-12 16:32:57,M->M,unknown,
贵阳日报官方微博,no_media,2022-12-12 16:32:57,2022-12-12 16:43:27,M->M,unknown,
贵阳日报官方微博,no_media,2022-12-12 16:43:27,2022-12-13 12:53:58,M->M,unknown,
贵阳日报官方微博,no_media,2022-12-13 12:53:58,2022-12-15 16:28:21,M->M,unknown,
贵阳日报官方微博,no_media,2022-12-15 16:28:21,2022-12-18 15:02:51,M->M,unknown,
贵阳日报官方微博,no_media,2022-12-18 15:02:51,2022-12-25 22:22:20,M->M,unknown,
贵阳日报官方微博,no_media,2022-12-25 22:22:20,2022-12-30 10:35:27,M->M,unknown,
贵阳日报官方微博,no_media,2022-12-30 10:35:27,2023-01-15 13:04:30,M->M,unknown,
贵阳日报官方微博,no_media,2023-01-15 13:04:30,2023-01-15 14:46:31,M->M,unknown,
贵阳日报官方微博,no_media,2023-01-15 14:46:31,2023-01-18 15:50:44,M->M,unknown,
贵阳日报官方微博,no_media,2023-01-18 15:50:44,2023-01-19 10:14:03,M->M,unknown,
贵阳日报官方微博,no_media,2023-01-19 10:14:03,2023-01-21 15:10:24,M->M,unknown,
贵阳日报官方微博,no_media,2023-01-21 15:10:24,2023-01-29 11:00:00,M->M,unknown,
贵阳日报官方微博,no_media,2023-01-29 11:00:00,2023-02-07 18:35:13,M->M,unknown,
贵阳晚报官方微博,no_media,2022-12-06 11:23:45,2022-12-07 11:00:15,M->M,unknown,
贵阳晚报官方微博,no_media,2022-12-07 11:00:15,2022-12-07 14:12:45,M->M,unknown,
贵阳晚报官方微博,no_media,2022-12-07 14:12:45,2022-12-09 10:53:27,M->M,unknown,
贵阳晚报官方微博,no_media,2022-12-09 10:53:27,2022-12-09 10:55:12,M->M,unknown,
贵阳晚报官方微博,no_media,2022-12-09 10:55:12,2022-12-09 11:03:03,M->M,unknown,
贵阳晚报官方微博,no_media,2022-12-09 11:03:03,2022-12-10 20:02:35,M->M,unknown,
贵阳晚报官方微博,no_media,2022-12-10 20:02:35,2022-12-10 22:36:29,M->M,unknown,
贵阳晚报官方微博,no_media,2022-12-10 22:36:29,2022-12-12 15:22:52,M->M,unknown,
贵阳晚报官方微博,no_media,2022-12-12 15:22:52,2022-12-12 16:21:30,M->M,unknown,
贵阳晚报官方微博,no_media,2022-12-12 16:21:30,2022-12-13 10:20:08,M->M,unknown,
贵阳晚报官方微博,no_media,2022-12-13 10:20:08,2022-12-16 16:29:57,M->M,unknown,
贵阳晚报官方微博,no_media,2022-12-16 16:29:57,2022-12-19 11:00:33,M->M,unknown,
贵阳晚报官方微博,no_media,2022-12-19 11:00:33,2022-12-20 10:08:42,M->L,unknown,
贵阳晚报官方微博,no_media,2022-12-20 10:08:42,2022-12-25 14:08:57,L->M,unknown,
贵阳晚报官方微博,no_media,2022-12-25 14:08:57,2022-12-25 16:21:05,M->M,unknown,
贵阳晚报官方微博,no_media,2022-12-25 16:21:05,2022-12-29 20:23:24,M->M,unknown,
贵阳晚报官方微博,no_media,2022-12-29 20:23:24,2022-12-30 09:59:38,M->M,unknown,
贵阳晚报官方微博,no_media,2022-12-30 09:59:38,2022-12-30 13:45:51,M->M,unknown,
贵阳晚报官方微博,no_media,2022-12-30 13:45:51,2022-12-30 13:49:51,M->M,unknown,
贵阳晚报官方微博,no_media,2022-12-30 13:49:51,2022-12-31 12:16:29,M->M,unknown,
贵阳晚报官方微博,no_media,2022-12-31 12:16:29,2022-12-31 16:19:37,M->M,unknown,
贵阳晚报官方微博,no_media,2022-12-31 16:19:37,2023-01-11 20:53:21,M->M,unknown,
贵阳晚报官方微博,no_media,2023-01-11 20:53:21,2023-01-15 13:03:33,M->M,unknown,
贵阳晚报官方微博,no_media,2023-01-15 13:03:33,2023-01-15 15:32:43,M->M,unknown,
贵阳晚报官方微博,no_media,2023-01-15 15:32:43,2023-01-16 14:20:03,M->M,unknown,
贺荷文化科技,no_media,2022-12-14 20:28:00,2022-12-15 17:28:00,M->M,unknown,
贺荷文化科技,no_media,2022-12-15 17:28:00,2022-12-16 19:09:00,M->M,unknown,
贺荷文化科技,no_media,2022-12-16 19:09:00,2022-12-19 17:47:00,M->M,unknown,
贺荷文化科技,no_media,2022-12-19 17:47:00,2022-12-20 17:18:00,M->M,unknown,
贺荷文化科技,no_media,2022-12-20 17:18:00,2022-12-23 20:58:00,M->M,unknown,
贺荷文化科技,no_media,2022-12-23 20:58:00,2022-12-30 15:12:00,M->M,unknown,
贺荷文化科技,no_media,2022-12-30 15:12:00,2023-01-03 17:39:00,M->M,unknown,
超梦的超梦,no_media,2023-02-15 13:47:00,2023-02-16 18:30:00,L->L,unknown,
路人丁开挖掘机,no_media,2022-11-16 10:11:00,2022-12-16 13:31:00,L->L,unknown,
路人丁开挖掘机,no_media,2022-12-16 13:31:00,2022-12-21 14:46:00,L->M,unknown,
路人丁开挖掘机,no_media,2022-12-21 14:46:00,2022-12-24 14:27:00,M->L,unknown,
路人丁开挖掘机,no_media,2022-12-24 14:27:00,2022-12-25 12:42:00,L->L,unknown,
路人丁开挖掘机,no_media,2022-12-25 12:42:00,2023-01-01 22:12:00,L->L,unknown,
路人丁开挖掘机,no_media,2023-01-01 22:12:00,2023-01-24 14:56:00,L->M,unknown,
路人丁开挖掘机,no_media,2023-01-24 14:56:00,2023-01-25 18:46:00,M->M,unknown,
路人丁开挖掘机,no_media,2023-01-25 18:46:00,2023-01-29 14:34:00,M->L,unknown,
路人丁开挖掘机,no_media,2023-01-29 14:34:00,2023-02-04 06:04:00,L->L,unknown,
路人丁开挖掘机,no_media,2023-02-04 06:04:00,2023-02-07 11:29:00,L->L,unknown,
路人丁开挖掘机,no_media,2023-02-07 11:29:00,2023-02-13 06:58:00,L->L,unknown,
路人丁开挖掘机,no_media,2023-02-13 06:58:00,2023-02-14 04:45:00,L->M,unknown,
路人丁开挖掘机,no_media,2023-02-14 04:45:00,2023-02-16 21:31:00,M->L,unknown,
路人丁开挖掘机,no_media,2023-02-16 21:31:00,2023-02-17 19:22:00,L->H,unknown,
路人丁开挖掘机,no_media,2023-02-17 19:22:00,2023-02-20 17:27:00,H->M,unknown,
辽宁交通广播,no_media,2022-12-09 16:00:34,2022-12-14 10:57:05,M->M,unknown,
达州发布,no_media,2022-12-05 10:45:00,2022-12-09 11:00:03,M->M,unknown,
达州发布,no_media,2022-12-09 11:00:03,2023-01-18 15:30:53,M->M,unknown,
还是你们的瓜总呀,no_media,2022-12-15 10:23:00,2022-12-18 12:01:00,M->M,unknown,
远方的诗意生活,no_media,2022-10-19 09:33:00,2022-10-31 10:31:00,H->H,unknown,
连云港日报,no_media,2022-12-01 21:36:53,2022-12-05 06:59:00,M->M,unknown,
连云港日报,no_media,2022-12-05 06:59:00,2022-12-11 11:43:08,M->M,unknown,
连云港日报,no_media,2022-12-11 11:43:08,2022-12-31 10:10:17,M->M,unknown,
连云港日报,no_media,2022-12-31 10:10:17,2023-01-13 23:38:07,M->M,unknown,
邯郸新闻网,no_media,2022-12-07 09:26:07,2022-12-09 18:04:00,M->M,unknown,
邯郸新闻网,no_media,2022-12-09 18:04:00,2022-12-21 15:19:17,M->M,unknown,
邵阳日报,no_media,2022-10-18 11:22:19,2022-10-19 09:33:49,M->M,unknown,
邵阳日报,no_media,2022-10-19 09:33:49,2022-11-08 08:20:10,M->M,unknown,
邹城发布,no_media,2022-11-21 14:13:57,2022-12-08 09:06:43,M->M,unknown,
邹城发布,no_media,2022-12-08 09:06:43,2022-12-08 09:11:59,M->M,unknown,
邹城发布,no_media,2022-12-08 09:11:59,2022-12-09 16:46:49,M->M,unknown,
邹城发布,no_media,2022-12-09 16:46:49,2022-12-09 16:50:13,M->M,unknown,
邹城发布,no_media,2022-12-09 16:50:13,2022-12-16 09:31:26,M->M,unknown,
邹城发布,no_media,2022-12-16 09:31:26,2022-12-18 13:48:52,M->M,unknown,
郑州金庚中医康复医院,no_media,2023-01-04 20:16:00,2023-01-07 21:10:00,M->M,unknown,
郑州铁路,mainstream_only,2022-12-06 14:24:26,2022-12-19 10:00:51,M->M,unknown,
醉胆孤峰,no_media,2022-11-16 09:55:00,2022-11-25 07:18:00,M->M,unknown,
醉胆孤峰,no_media,2022-11-25 07:18:00,2022-11-26 22:40:00,M->M,unknown,
醉胆孤峰,no_media,2022-11-26 22:40:00,2022-11-28 13:16:00,M->M,unknown,
醉胆孤峰,no_media,2022-11-28 13:16:00,2022-12-03 22:41:00,M->H,unknown,
重庆发布,no_media,2022-12-09 12:51:30,2022-12-15 17:32:51,M->M,unknown,
重庆广电第1眼,no_media,2022-11-05 09:42:50,2022-11-05 16:42:25,M->M,unknown,
重庆广电第1眼,no_media,2022-11-05 16:42:25,2022-11-14 14:35:42,M->M,unknown,
重庆广电第1眼,no_media,2022-11-14 14:35:42,2022-11-15 08:46:30,M->M,unknown,
重庆广电第1眼,no_media,2022-11-15 08:46:30,2022-11-17 18:01:36,M->M,unknown,
重庆广电第1眼,no_media,2022-11-17 18:01:36,2022-11-19 20:14:00,M->M,unknown,
重庆广电第1眼,no_media,2022-11-19 20:14:00,2022-11-24 08:50:01,M->M,unknown,
重庆广电第1眼,no_media,2022-11-24 08:50:01,2022-11-24 11:10:59,M->M,unknown,
重庆广电第1眼,no_media,2022-11-24 11:10:59,2022-11-25 09:24:38,M->M,unknown,
重庆广电第1眼,no_media,2022-11-25 09:24:38,2022-11-26 09:13:52,M->M,unknown,
重庆广电第1眼,no_media,2022-11-26 09:13:52,2022-11-27 22:14:33,M->M,unknown,
重庆广电第1眼,no_media,2022-11-27 22:14:33,2022-11-28 09:30:00,M->M,unknown,
重庆广电第1眼,no_media,2022-11-28 09:30:00,2022-11-28 11:10:01,M->M,unknown,
重庆青年报,no_media,2022-10-30 20:10:10,2022-11-18 19:14:28,M->M,unknown,
重庆青年报,no_media,2022-11-18 19:14:28,2022-11-25 10:12:55,M->M,unknown,
重庆青年报,no_media,2022-11-25 10:12:55,2022-11-27 23:13:12,M->M,unknown,
重庆青年报,no_media,2022-11-27 23:13:12,2022-12-15 16:31:57,M->M,unknown,
重庆青年报,no_media,2022-12-15 16:31:57,2023-01-18 15:21:01,M->M,unknown,
重庆青年报,no_media,2023-01-18 15:21:01,2023-01-19 13:29:14,M->M,unknown,
野生小笼包_壮实麻麻版,no_media,2023-01-06 11:05:00,2023-02-01 11:27:00,L->H,unknown,
金湖法院,no_media,2022-12-19 10:14:52,2022-12-24 18:59:42,M->M,unknown,
金湖法院,no_media,2022-12-24 18:59:42,2023-01-03 08:43:37,M->M,unknown,
金湖法院,no_media,2023-01-03 08:43:37,2023-01-04 11:19:16,M->M,unknown,
金湖法院,no_media,2023-01-04 11:19:16,2023-01-18 15:56:58,M->M,unknown,
银川新闻网,no_media,2022-12-16 21:40:52,2022-12-19 17:14:45,M->M,unknown,
银川新闻网,no_media,2022-12-19 17:14:45,2022-12-22 22:31:27,M->M,unknown,
银川新闻网,no_media,2022-12-22 22:31:27,2022-12-23 09:07:57,M->M,unknown,
长安街知事,no_media,2022-12-07 13:55:47,2022-12-11 11:57:57,M->M,unknown,
长安街知事,no_media,2022-12-11 11:57:57,2022-12-18 11:34:51,M->M,unknown,
长安街知事,no_media,2022-12-18 11:34:51,2022-12-27 16:43:52,M->M,unknown,
长江云官方微博,no_media,2022-10-01 21:17:19,2022-11-27 16:49:03,M->M,unknown,
长江云官方微博,no_media,2022-11-27 16:49:03,2022-12-06 09:03:24,M->M,unknown,
长江云官方微博,no_media,2022-12-06 09:03:24,2022-12-07 10:29:34,M->M,unknown,
长江云官方微博,no_media,2022-12-07 10:29:34,2022-12-12 21:44:55,M->M,unknown,
长沙晚报,no_media,2022-10-09 12:10:38,2022-11-06 08:20:16,M->M,unknown,
长沙晚报,no_media,2022-11-06 08:20:16,2022-11-13 20:20:00,M->M,unknown,
长沙晚报,no_media,2022-11-13 20:20:00,2022-12-07 13:31:55,M->M,unknown,
长沙晚报,no_media,2022-12-07 13:31:55,2022-12-08 19:14:23,M->M,unknown,
长沙晚报,no_media,2022-12-08 19:14:23,2022-12-09 18:45:00,M->M,unknown,
长沙晚报,no_media,2022-12-09 18:45:00,2022-12-15 18:02:15,M->M,unknown,
长沙晚报,no_media,2022-12-15 18:02:15,2022-12-31 21:08:08,M->M,unknown,
长沙晚报,no_media,2022-12-31 21:08:08,2023-01-15 21:30:03,M->M,unknown,
长治政法,no_media,2022-10-14 13:37:35,2022-12-07 10:46:26,M->M,unknown,
长治政法,no_media,2022-12-07 10:46:26,2022-12-15 17:47:58,M->M,unknown,
长治政法,no_media,2022-12-15 17:47:58,2022-12-15 17:49:36,M->M,unknown,
长治政法,no_media,2022-12-15 17:49:36,2023-01-03 09:53:10,M->M,unknown,
阜阳新闻综合频道,no_media,2022-11-04 12:23:46,2022-12-01 15:08:33,M->M,unknown,
阜阳新闻综合频道,no_media,2022-12-01 15:08:33,2022-12-07 10:57:43,M->M,unknown,
阜阳新闻综合频道,no_media,2022-12-07 10:57:43,2022-12-07 14:17:37,M->M,unknown,
阳泉日报--阳泉新闻网,no_media,2022-11-20 09:30:03,2022-12-09 10:31:03,M->M,unknown,
阳泉日报--阳泉新闻网,no_media,2022-12-09 10:31:03,2022-12-09 18:30:02,M->M,unknown,
阳泉日报--阳泉新闻网,no_media,2022-12-09 18:30:02,2022-12-14 14:30:02,M->M,unknown,
阳泉日报--阳泉新闻网,no_media,2022-12-14 14:30:02,2022-12-16 10:00:00,M->M,unknown,
阳泉日报--阳泉新闻网,no_media,2022-12-16 10:00:00,2023-01-19 10:30:04,M->M,unknown,
陇南发布,no_media,2022-12-09 10:45:42,2022-12-15 17:45:46,M->M,unknown,
陇南发布,no_media,2022-12-15 17:45:46,2023-01-09 18:43:04,M->M,unknown,
陇南徽县信访,no_media,2023-01-03 19:32:45,2023-01-09 19:50:46,M->M,unknown,
陇南徽县发布,no_media,2022-11-18 15:13:28,2022-12-07 21:42:03,M->M,unknown,
陇南徽县发布,no_media,2022-12-07 21:42:03,2022-12-11 10:40:10,M->M,unknown,
陇南徽县发布,no_media,2022-12-11 10:40:10,2022-12-16 09:25:44,M->M,unknown,
陇南徽县发布,no_media,2022-12-16 09:25:44,2023-01-02 17:38:50,M->M,unknown,
陇南成县发布,no_media,2022-12-07 13:10:51,2022-12-07 20:15:20,M->M,unknown,
陇南成县发布,no_media,2022-12-07 20:15:20,2022-12-08 19:01:32,M->M,unknown,
陇南成县发布,no_media,2022-12-08 19:01:32,2022-12-15 19:24:20,M->M,unknown,
陇南成县发布,no_media,2022-12-15 19:24:20,2022-12-18 13:24:17,M->M,unknown,
陇南成县发布,no_media,2022-12-18 13:24:17,2022-12-18 15:54:41,M->M,unknown,
陇南成县发布,no_media,2022-12-18 15:54:41,2022-12-18 18:59:34,M->M,unknown,
陇南成县发布,no_media,2022-12-18 18:59:34,2022-12-29 16:05:10,M->M,unknown,
陇南文县发布,no_media,2022-12-07 17:23:55,2022-12-17 15:44:54,M->M,unknown,
陇南文县发布,no_media,2022-12-17 15:44:54,2023-01-18 17:57:15,M->M,unknown,
陇南礼县发布,no_media,2022-11-26 15:41:23,2022-12-05 00:18:37,M->M,unknown,
陇南礼县发布,no_media,2022-12-05 00:18:37,2022-12-07 17:16:01,M->M,unknown,
陇南礼县发布,no_media,2022-12-07 17:16:01,2022-12-07 17:23:58,M->M,unknown,
陇南礼县发布,no_media,2022-12-07 17:23:58,2022-12-07 20:25:14,M->M,unknown,
陇南礼县发布,no_media,2022-12-07 20:25:14,2022-12-07 22:45:48,M->M,unknown,
陇南礼县发布,no_media,2022-12-07 22:45:48,2022-12-08 18:53:25,M->M,unknown,
陇南礼县发布,no_media,2022-12-08 18:53:25,2022-12-08 19:20:52,M->M,unknown,
陇南礼县发布,no_media,2022-12-08 19:20:52,2022-12-09 09:42:13,M->M,unknown,
陇南礼县发布,no_media,2022-12-09 09:42:13,2022-12-15 18:49:50,M->M,unknown,
陇南西和团委,no_media,2022-12-04 00:03:47,2022-12-05 01:37:03,M->M,unknown,
陇南西和团委,no_media,2022-12-05 01:37:03,2022-12-05 01:44:35,M->M,unknown,
陇南西和团委,no_media,2022-12-05 01:44:35,2022-12-07 16:37:19,M->M,unknown,
陇南西和团委,no_media,2022-12-07 16:37:19,2022-12-09 22:14:58,M->M,unknown,
陇南西和团委,no_media,2022-12-09 22:14:58,2023-01-02 16:41:50,M->M,unknown,
陇南西和团委,no_media,2023-01-02 16:41:50,2023-01-02 16:46:31,M->M,unknown,
陈然注册营养师,no_media,2022-11-14 23:11:36,2022-12-10 13:16:01,M->H,unknown,
陕西农村网,no_media,2022-11-29 17:53:01,2022-12-07 21:33:48,M->M,unknown,
陕西农村网,no_media,2022-12-07 21:33:48,2022-12-07 21:36:41,M->M,unknown,
陕西农村网,no_media,2022-12-07 21:36:41,2022-12-09 10:42:19,M->M,unknown,
陕西农村网,no_media,2022-12-09 10:42:19,2022-12-09 10:43:11,M->M,unknown,
陕西农村网,no_media,2022-12-09 10:43:11,2022-12-09 10:43:40,M->M,unknown,
陕西农村网,no_media,2022-12-09 10:43:40,2022-12-09 11:22:55,M->M,unknown,
陕西农村网,no_media,2022-12-09 11:22:55,2022-12-09 21:39:54,M->M,unknown,
陕西农村网,no_media,2022-12-09 21:39:54,2022-12-09 21:40:28,M->M,unknown,
陕西农村网,no_media,2022-12-09 21:40:28,2022-12-16 10:10:26,M->M,unknown,
陕西农村网,no_media,2022-12-16 10:10:26,2023-01-09 22:07:50,M->M,unknown,
陕西农村网,no_media,2023-01-09 22:07:50,2023-01-18 22:21:59,M->M,unknown,
陕西农村网,no_media,2023-01-18 22:21:59,2023-02-28 17:49:27,M->M,unknown,
陕西发布,no_media,2022-10-10 08:47:00,2022-11-19 13:21:00,M->M,unknown,
陕西发布,no_media,2022-11-19 13:21:00,2022-12-08 11:11:06,M->M,unknown,
陕西发布,no_media,2022-12-08 11:11:06,2022-12-09 10:49:00,M->M,unknown,
陕西发布,no_media,2022-12-09 10:49:00,2023-01-04 16:18:00,M->M,unknown,
陕西发布,no_media,2023-01-04 16:18:00,2023-02-28 10:44:10,M->M,unknown,
陕西检察,mainstream_only,2022-12-06 08:57:55,2022-12-07 09:57:40,M->M,unknown,
陕西检察,mainstream_only,2022-12-07 09:57:40,2022-12-08 14:40:21,M->M,unknown,
陕西检察,mainstream_only,2022-12-08 14:40:21,2022-12-15 19:44:07,M->M,unknown,
陕西汉书下酒,dual,2023-01-15 19:56:00,2023-01-15 20:49:00,M->M,risk,1.0
陕西汉书下酒,dual,2023-01-15 20:49:00,2023-01-16 08:53:00,M->M,risk,1.0
陕西汉书下酒,dual,2023-01-16 08:53:00,2023-01-16 11:49:00,M->M,norisk,0.5
陕西汉书下酒,dual,2023-01-16 11:49:00,2023-01-16 20:32:00,M->M,norisk,0.5
陕西汉书下酒,dual,2023-01-16 20:32:00,2023-01-16 22:01:00,M->M,norisk,0.5
陕西汉书下酒,dual,2023-01-16 22:01:00,2023-01-17 08:24:00,M->M,norisk,0.5
陕西汉书下酒,dual,2023-01-17 08:24:00,2023-01-18 10:41:00,M->M,risk,1.0
陕西汉书下酒,dual,2023-01-18 10:41:00,2023-01-21 07:20:00,M->M,norisk,0.0
陕西汉书下酒,dual,2023-01-21 07:20:00,2023-01-21 09:23:00,M->M,norisk,0.5
陕西汉书下酒,dual,2023-01-21 09:23:00,2023-01-23 11:55:00,M->M,norisk,0.5
陕西汉书下酒,dual,2023-01-23 11:55:00,2023-01-24 11:51:00,M->L,risk,1.0
陕西汉书下酒,dual,2023-01-24 11:51:00,2023-01-25 08:13:00,L->M,risk,1.0
陕西汉书下酒,dual,2023-01-25 08:13:00,2023-01-25 09:42:00,M->M,norisk,0.5
陕西汉书下酒,dual,2023-01-25 09:42:00,2023-01-25 12:31:00,M->M,norisk,0.5
陕西汉书下酒,dual,2023-01-25 12:31:00,2023-01-25 19:53:00,M->M,norisk,0.5
陕西汉书下酒,dual,2023-01-25 19:53:00,2023-01-26 08:00:00,M->M,norisk,0.5
陕西汉书下酒,dual,2023-01-26 08:00:00,2023-01-26 10:35:00,M->M,risk,1.0
陕西汉书下酒,dual,2023-01-26 10:35:00,2023-01-26 19:28:00,M->M,risk,1.0
陕西汉书下酒,dual,2023-01-26 19:28:00,2023-01-27 07:33:00,M->M,risk,1.0
陕西汉书下酒,dual,2023-01-27 07:33:00,2023-01-28 07:59:00,M->M,norisk,0.0
陕西汉书下酒,dual,2023-01-28 07:59:00,2023-01-28 10:11:00,M->M,risk,1.0
陕西汉书下酒,dual,2023-01-28 10:11:00,2023-01-28 18:34:00,M->M,risk,1.0
陕西汉书下酒,dual,2023-01-28 18:34:00,2023-01-29 14:14:00,M->M,risk,1.0
陕西汉书下酒,dual,2023-01-29 14:14:00,2023-01-30 09:31:00,M->M,norisk,0.0
陕西汉书下酒,dual,2023-01-30 09:31:00,2023-01-30 16:10:00,M->M,risk,1.0
陕西汉书下酒,dual,2023-01-30 16:10:00,2023-02-02 09:32:00,M->M,risk,1.0
陕西汉书下酒,dual,2023-02-02 09:32:00,2023-02-03 11:00:00,M->M,risk,1.0
陕西汉书下酒,dual,2023-02-03 11:00:00,2023-02-03 14:34:00,M->M,risk,1.0
陕西汉书下酒,dual,2023-02-03 14:34:00,2023-02-03 20:02:00,M->M,risk,1.0
陕西汉书下酒,dual,2023-02-03 20:02:00,2023-02-04 20:37:00,M->M,risk,1.0
陕西汉书下酒,dual,2023-02-04 20:37:00,2023-02-05 17:08:00,M->M,risk,1.0
陕西汉书下酒,dual,2023-02-05 17:08:00,2023-02-05 20:48:00,M->M,risk,1.0
陕西汉书下酒,dual,2023-02-05 20:48:00,2023-02-07 06:25:00,M->M,risk,1.0
陕西汉书下酒,dual,2023-02-07 06:25:00,2023-02-07 15:05:00,M->L,risk,1.0
陕西汉书下酒,dual,2023-02-07 15:05:00,2023-02-08 11:58:00,L->M,risk,1.0
陕西汉书下酒,dual,2023-02-08 11:58:00,2023-02-09 15:07:00,M->M,risk,1.0
陕西汉书下酒,dual,2023-02-09 15:07:00,2023-02-10 17:00:00,M->M,risk,1.0
陕西网,no_media,2022-12-05 09:26:55,2022-12-07 10:01:41,M->M,unknown,
陕西网,no_media,2022-12-07 10:01:41,2022-12-07 14:30:11,M->M,unknown,
陕西网,no_media,2022-12-07 14:30:11,2022-12-08 12:35:01,M->M,unknown,
陕西网,no_media,2022-12-08 12:35:01,2022-12-15 18:29:59,M->M,unknown,
陕西虎牙,no_media,2022-11-06 22:40:41,2022-12-11 10:17:34,M->M,unknown,
陕西虎牙,no_media,2022-12-11 10:17:34,2023-01-02 07:45:18,M->M,unknown,
陕西阳光网,no_media,2022-12-01 11:19:32,2022-12-09 11:53:46,M->M,unknown,
陕西阳光网,no_media,2022-12-09 11:53:46,2022-12-12 16:17:11,M->M,unknown,
陕西阳光网,no_media,2022-12-12 16:17:11,2022-12-13 15:10:59,M->M,unknown,
陕西阳光网,no_media,2022-12-13 15:10:59,2022-12-18 17:54:00,M->M,unknown,
陕西阳光网,no_media,2022-12-18 17:54:00,2022-12-19 09:29:12,M->M,unknown,
陕西阳光网,no_media,2022-12-19 09:29:12,2023-01-07 21:04:56,M->M,unknown,
陪托马斯度过,no_media,2022-12-23 22:59:00,2022-12-26 19:05:00,L->L,unknown,
难般聊聊,wemedia_only,2023-02-02 21:22:00,2023-02-04 09:26:00,L->M,risk,1.0
难般聊聊,wemedia_only,2023-02-04 09:26:00,2023-02-04 12:09:00,M->M,risk,1.0
难般聊聊,wemedia_only,2023-02-04 12:09:00,2023-02-06 08:59:00,M->L,risk,1.0
难般聊聊,wemedia_only,2023-02-06 08:59:00,2023-02-07 10:37:00,L->L,risk,1.0
难般聊聊,wemedia_only,2023-02-07 10:37:00,2023-02-08 09:02:00,L->L,risk,1.0
难般聊聊,wemedia_only,2023-02-08 09:02:00,2023-02-08 15:11:00,L->L,risk,1.0
难般聊聊,wemedia_only,2023-02-08 15:11:00,2023-02-09 18:24:00,L->M,risk,1.0
难般聊聊,wemedia_only,2023-02-09 18:24:00,2023-02-10 14:43:00,M->M,risk,1.0
难般聊聊,wemedia_only,2023-02-10 14:43:00,2023-02-13 12:52:00,M->L,risk,1.0
难般聊聊,wemedia_only,2023-02-13 12:52:00,2023-02-13 20:16:00,L->M,risk,1.0
难般聊聊,wemedia_only,2023-02-13 20:16:00,2023-02-14 08:34:00,M->H,risk,1.0
难般聊聊,wemedia_only,2023-02-14 08:34:00,2023-02-14 09:45:00,H->L,risk,1.0
难般聊聊,wemedia_only,2023-02-14 09:45:00,2023-02-14 10:19:00,L->M,risk,1.0
难般聊聊,wemedia_only,2023-02-14 10:19:00,2023-02-14 13:32:00,M->H,risk,1.0
难般聊聊,wemedia_only,2023-02-14 13:32:00,2023-02-14 20:54:00,H->M,risk,1.0
难般聊聊,wemedia_only,2023-02-14 20:54:00,2023-02-15 10:15:00,M->H,risk,1.0
难般聊聊,wemedia_only,2023-02-15 10:15:00,2023-02-15 11:04:00,H->M,risk,1.0
难般聊聊,wemedia_only,2023-02-15 11:04:00,2023-02-16 07:59:00,M->M,risk,1.0
难般聊聊,wemedia_only,2023-02-16 07:59:00,2023-02-16 09:10:00,M->H,risk,1.0
难般聊聊,wemedia_only,2023-02-16 09:10:00,2023-02-16 12:45:00,H->M,risk,1.0
难般聊聊,wemedia_only,2023-02-16 12:45:00,2023-02-16 13:32:00,M->L,risk,1.0
难般聊聊,wemedia_only,2023-02-16 13:32:00,2023-02-16 14:31:00,L->M,risk,1.0
难般聊聊,wemedia_only,2023-02-16 14:31:00,2023-02-17 08:14:00,M->L,risk,1.0
难般聊聊,wemedia_only,2023-02-17 08:14:00,2023-02-17 13:12:00,L->L,risk,0.6666666666666666
难般聊聊,wemedia_only,2023-02-17 13:12:00,2023-02-17 14:22:00,L->M,risk,0.6666666666666666
难般聊聊,wemedia_only,2023-02-17 14:22:00,2023-02-18 04:11:00,M->M,risk,0.6666666666666666
难般聊聊,wemedia_only,2023-02-18 04:11:00,2023-02-18 08:23:00,M->L,risk,1.0
难般聊聊,wemedia_only,2023-02-18 08:23:00,2023-02-18 09:52:00,L->M,risk,1.0
难般聊聊,wemedia_only,2023-02-18 09:52:00,2023-02-19 08:35:00,M->L,risk,1.0
难般聊聊,wemedia_only,2023-02-19 08:35:00,2023-02-19 15:12:00,L->H,risk,1.0
难般聊聊,wemedia_only,2023-02-19 15:12:00,2023-02-20 14:58:00,H->M,risk,1.0
难般聊聊,wemedia_only,2023-02-20 14:58:00,2023-02-22 16:47:00,M->L,risk,1.0
难般聊聊,wemedia_only,2023-02-22 16:47:00,2023-02-25 17:03:00,L->M,risk,1.0
难般聊聊,wemedia_only,2023-02-25 17:03:00,2023-02-26 17:18:00,M->M,risk,1.0
难般聊聊,wemedia_only,2023-02-26 17:18:00,2023-02-27 09:56:00,M->L,norisk,0.0
难般聊聊,wemedia_only,2023-02-27 09:56:00,2023-02-28 09:55:00,L->M,risk,1.0
雨中漫步-天地人和,no_media,2022-12-17 17:14:00,2023-01-08 09:47:00,M->M,unknown,
雪花灰雾,no_media,2023-01-12 07:23:00,2023-01-28 13:13:00,M->M,unknown,
雪花灰雾,no_media,2023-01-28 13:13:00,2023-02-04 10:28:00,M->M,unknown,
青岛西海岸新闻网,mainstream_only,2022-11-30 15:49:25,2022-12-07 09:19:33,M->M,unknown,
青岛西海岸新闻网,mainstream_only,2022-12-07 09:19:33,2022-12-07 14:16:18,M->M,unknown,
青岛西海岸新闻网,mainstream_only,2022-12-07 14:16:18,2022-12-08 10:06:56,M->M,unknown,
青木在德国,no_media,2022-12-17 06:43:57,2023-01-02 08:42:14,M->M,unknown,
青流视频,no_media,2022-12-02 20:41:21,2022-12-09 19:29:09,M->M,unknown,
青流视频,no_media,2022-12-09 19:29:09,2023-01-03 20:25:59,M->M,unknown,
青海日报官方微博,no_media,2022-11-18 16:07:22,2022-11-19 09:01:47,M->M,unknown,
青海日报官方微博,no_media,2022-11-19 09:01:47,2022-12-07 12:49:36,M->M,unknown,
青海日报官方微博,no_media,2022-12-07 12:49:36,2022-12-09 09:42:34,M->M,unknown,
青海日报官方微博,no_media,2022-12-09 09:42:34,2022-12-10 18:47:04,M->M,unknown,
青海日报官方微博,no_media,2022-12-10 18:47:04,2022-12-18 08:43:59,M->M,unknown,
青海日报官方微博,no_media,2022-12-18 08:43:59,2022-12-31 09:06:20,M->M,unknown,
青龙针客,no_media,2023-02-09 17:58:00,2023-02-11 19:34:00,M->M,unknown,
静姐姐吃的学问,wemedia_only,2022-12-31 21:46:00,2023-01-03 19:07:00,M->M,norisk,0.0
静姐姐吃的学问,wemedia_only,2023-01-03 19:07:00,2023-01-06 18:15:00,M->M,risk,1.0
顏佑亮-到台灣治病,no_media,2023-01-05 18:39:00,2023-01-10 13:26:00,M->M,unknown,
顏佑亮-到台灣治病,no_media,2023-01-10 13:26:00,2023-01-13 13:04:00,M->H,unknown,
顏佑亮-到台灣治病,no_media,2023-01-13 13:04:00,2023-01-14 19:46:00,H->H,unknown,
顏佑亮-到台灣治病,no_media,2023-01-14 19:46:00,2023-01-19 23:07:00,H->M,unknown,
顏佑亮-到台灣治病,no_media,2023-01-19 23:07:00,2023-02-23 14:27:00,M->M,unknown,
顶端新闻,no_media,2022-11-10 15:36:48,2022-11-21 08:00:48,M->M,unknown,
顶端新闻,no_media,2022-11-21 08:00:48,2022-11-23 21:50:47,M->M,unknown,
顶端新闻,no_media,2022-11-23 21:50:47,2022-11-23 21:51:44,M->M,unknown,
顶端新闻,no_media,2022-11-23 21:51:44,2022-11-30 14:52:14,M->M,unknown,
顶端新闻,no_media,2022-11-30 14:52:14,2022-12-02 22:09:56,M->M,unknown,
顶端新闻,no_media,2022-12-02 22:09:56,2022-12-06 19:34:16,M->M,unknown,
顶端新闻,no_media,2022-12-06 19:34:16,2022-12-07 13:38:57,M->M,unknown,
顶端新闻,no_media,2022-12-07 13:38:57,2022-12-07 15:56:02,M->M,unknown,
顶端新闻,no_media,2022-12-07 15:56:02,2022-12-07 21:24:11,M->M,unknown,
顶端新闻,no_media,2022-12-07 21:24:11,2022-12-08 07:00:46,M->M,unknown,
顶端新闻,no_media,2022-12-08 07:00:46,2022-12-08 19:09:41,M->M,unknown,
顶端新闻,no_media,2022-12-08 19:09:41,2022-12-09 09:03:25,M->M,unknown,
顶端新闻,no_media,2022-12-09 09:03:25,2022-12-10 15:26:01,M->M,unknown,
顶端新闻,no_media,2022-12-10 15:26:01,2022-12-12 08:54:19,M->M,unknown,
顶端新闻,no_media,2022-12-12 08:54:19,2022-12-14 15:16:18,M->M,unknown,
顶端新闻,no_media,2022-12-14 15:16:18,2022-12-14 21:56:29,M->M,unknown,
顶端新闻,no_media,2022-12-14 21:56:29,2022-12-15 10:02:30,M->M,unknown,
顶端新闻,no_media,2022-12-15 10:02:30,2022-12-21 08:39:43,M->M,unknown,
顶端新闻,no_media,2022-12-21 08:39:43,2022-12-22 08:44:17,M->M,unknown,
顶端新闻,no_media,2022-12-22 08:44:17,2022-12-23 08:34:01,M->M,unknown,
顶端新闻,no_media,2022-12-23 08:34:01,2022-12-29 21:27:55,M->M,unknown,
顶端新闻,no_media,2022-12-29 21:27:55,2023-01-01 18:13:21,M->M,unknown,
顶端新闻,no_media,2023-01-01 18:13:21,2023-01-01 19:24:26,M->M,unknown,
顶端新闻,no_media,2023-01-01 19:24:26,2023-01-03 09:43:06,M->M,unknown,
顶端新闻,no_media,2023-01-03 09:43:06,2023-01-06 09:17:45,M->M,unknown,
顶端新闻,no_media,2023-01-06 09:17:45,2023-01-12 16:37:18,M->M,unknown,
风闻社区,no_media,2022-10-06 14:29:00,2022-10-10 12:40:01,M->M,unknown,
风闻社区,no_media,2022-10-10 12:40:01,2022-10-14 07:56:01,M->L,unknown,
风闻社区,no_media,2022-10-14 07:56:01,2022-10-18 14:20:00,L->H,unknown,
风闻社区,no_media,2022-10-18 14:20:00,2022-10-31 07:24:00,H->H,unknown,
风闻社区,no_media,2022-10-31 07:24:00,2022-11-01 21:41:13,H->M,unknown,
风闻社区,no_media,2022-11-01 21:41:13,2022-11-01 23:03:00,M->M,unknown,
风闻社区,no_media,2022-11-01 23:03:00,2022-11-03 22:48:01,M->M,unknown,
风闻社区,no_media,2022-11-03 22:48:01,2022-11-06 20:39:33,M->M,unknown,
风闻社区,no_media,2022-11-06 20:39:33,2022-11-11 10:04:01,M->M,unknown,
风闻社区,no_media,2022-11-11 10:04:01,2022-11-15 15:50:02,M->M,unknown,
风闻社区,no_media,2022-11-15 15:50:02,2022-11-16 12:42:01,M->M,unknown,
风闻社区,no_media,2022-11-16 12:42:01,2022-11-29 13:00:03,M->M,unknown,
风闻社区,no_media,2022-11-29 13:00:03,2022-11-29 17:52:00,M->M,unknown,
风闻社区,no_media,2022-11-29 17:52:00,2022-12-01 17:02:01,M->M,unknown,
风闻社区,no_media,2022-12-01 17:02:01,2022-12-03 20:44:05,M->M,unknown,
风闻社区,no_media,2022-12-03 20:44:05,2022-12-07 16:10:01,M->M,unknown,
风闻社区,no_media,2022-12-07 16:10:01,2022-12-08 13:48:01,M->M,unknown,
风闻社区,no_media,2022-12-08 13:48:01,2022-12-09 11:50:02,M->M,unknown,
风闻社区,no_media,2022-12-09 11:50:02,2022-12-11 07:29:00,M->M,unknown,
风闻社区,no_media,2022-12-11 07:29:00,2022-12-13 07:56:00,M->M,unknown,
风闻社区,no_media,2022-12-13 07:56:00,2022-12-15 21:28:00,M->M,unknown,
风闻社区,no_media,2022-12-15 21:28:00,2022-12-16 17:14:00,M->M,unknown,
风闻社区,no_media,2022-12-16 17:14:00,2022-12-17 21:41:00,M->M,unknown,
风闻社区,no_media,2022-12-17 21:41:00,2022-12-18 20:05:00,M->M,unknown,
风闻社区,no_media,2022-12-18 20:05:00,2022-12-19 10:21:08,M->M,unknown,
风闻社区,no_media,2022-12-19 10:21:08,2022-12-26 15:32:01,M->M,unknown,
风闻社区,no_media,2022-12-26 15:32:01,2022-12-27 10:04:02,M->M,unknown,
风闻社区,no_media,2022-12-27 10:04:02,2022-12-27 21:38:00,M->M,unknown,
风闻社区,no_media,2022-12-27 21:38:00,2022-12-28 14:52:01,M->M,unknown,
风闻社区,no_media,2022-12-28 14:52:01,2022-12-30 13:30:03,M->M,unknown,
风闻社区,no_media,2022-12-30 13:30:03,2022-12-31 15:55:01,M->M,unknown,
风闻社区,no_media,2022-12-31 15:55:01,2023-01-02 16:20:00,M->M,unknown,
风闻社区,no_media,2023-01-02 16:20:00,2023-01-03 09:16:00,M->M,unknown,
风闻社区,no_media,2023-01-03 09:16:00,2023-01-05 11:08:00,M->M,unknown,
风闻社区,no_media,2023-01-05 11:08:00,2023-01-05 15:33:58,M->M,unknown,
风闻社区,no_media,2023-01-05 15:33:58,2023-01-15 20:28:00,M->M,unknown,
风闻社区,no_media,2023-01-15 20:28:00,2023-01-21 12:36:00,M->M,unknown,
风闻社区,no_media,2023-01-21 12:36:00,2023-02-02 08:44:00,M->M,unknown,
餐饮测评,no_media,2022-12-22 11:21:58,2023-01-01 13:58:34,M->M,unknown,
香港商報,no_media,2022-10-09 17:00:02,2022-11-03 08:07:32,M->M,unknown,
香港商報,no_media,2022-11-03 08:07:32,2022-11-03 10:24:54,M->M,unknown,
香港商報,no_media,2022-11-03 10:24:54,2022-11-05 00:45:00,M->M,unknown,
香港商報,no_media,2022-11-05 00:45:00,2022-11-19 10:02:01,M->M,unknown,
香港商報,no_media,2022-11-19 10:02:01,2022-12-01 11:28:52,M->M,unknown,
香港商報,no_media,2022-12-01 11:28:52,2022-12-01 18:40:02,M->M,unknown,
香港商報,no_media,2022-12-01 18:40:02,2022-12-03 19:37:00,M->M,unknown,
香港商報,no_media,2022-12-03 19:37:00,2022-12-04 10:18:26,M->M,unknown,
香港商報,no_media,2022-12-04 10:18:26,2022-12-07 13:29:12,M->M,unknown,
香港商報,no_media,2022-12-07 13:29:12,2022-12-13 17:00:05,M->M,unknown,
香港商報,no_media,2022-12-13 17:00:05,2022-12-13 20:54:00,M->M,unknown,
香港商報,no_media,2022-12-13 20:54:00,2022-12-15 18:00:03,M->M,unknown,
香港商報,no_media,2022-12-15 18:00:03,2022-12-30 17:56:13,M->M,unknown,
香港商報,no_media,2022-12-30 17:56:13,2023-01-11 22:28:00,M->M,unknown,
香港商報,no_media,2023-01-11 22:28:00,2023-01-13 22:09:00,M->M,unknown,
香港商報,no_media,2023-01-13 22:09:00,2023-01-18 15:39:28,M->M,unknown,
香港商報,no_media,2023-01-18 15:39:28,2023-02-11 10:25:00,M->M,unknown,
马宝琳谈房颤,wemedia_only,2023-01-14 14:07:00,2023-01-14 20:18:00,M->M,unknown,
马宝琳谈房颤,wemedia_only,2023-01-14 20:18:00,2023-01-25 10:01:00,M->L,unknown,
马拉个萌,no_media,2022-12-24 14:37:00,2023-01-05 21:05:00,M->M,unknown,
骄傲的孤独的守望者,no_media,2022-12-28 05:13:00,2022-12-30 22:46:00,L->L,unknown,
鲁中晨报,no_media,2022-10-08 09:27:04,2022-11-17 16:41:12,M->M,unknown,
鲁中晨报,no_media,2022-11-17 16:41:12,2022-12-08 12:45:22,M->M,unknown,
鲁中晨报,no_media,2022-12-08 12:45:22,2022-12-11 08:43:51,M->M,unknown,
鲁中晨报,no_media,2022-12-11 08:43:51,2022-12-11 10:23:13,M->M,unknown,
鲁中晨报,no_media,2022-12-11 10:23:13,2022-12-17 20:28:48,M->M,unknown,
鲁中晨报,no_media,2022-12-17 20:28:48,2022-12-27 15:01:57,M->M,unknown,
鲁中晨报,no_media,2022-12-27 15:01:57,2022-12-27 16:56:44,M->M,unknown,
鲁中晨报,no_media,2022-12-27 16:56:44,2022-12-31 10:37:38,M->M,unknown,
鲁中晨报,no_media,2022-12-31 10:37:38,2023-01-02 08:47:17,M->M,unknown,
鲁中晨报,no_media,2023-01-02 08:47:17,2023-01-02 16:21:21,M->M,unknown,
鲁中晨报,no_media,2023-01-02 16:21:21,2023-01-02 16:24:24,M->M,unknown,
鲁中晨报,no_media,2023-01-02 16:24:24,2023-01-04 12:06:16,M->M,unknown,
鲁中晨报,no_media,2023-01-04 12:06:16,2023-01-04 22:38:09,M->M,unknown,
鲁中晨报,no_media,2023-01-04 22:38:09,2023-01-05 12:22:01,M->H,unknown,
鲁中晨报,no_media,2023-01-05 12:22:01,2023-01-08 17:36:58,H->M,unknown,
鲁网潍坊,no_media,2022-12-09 15:14:06,2022-12-30 10:51:52,M->M,unknown,
鹤壁日报,no_media,2022-12-07 14:58:00,2022-12-16 08:10:32,M->M,unknown,
鹤壁日报,no_media,2022-12-16 08:10:32,2022-12-19 11:07:05,M->M,unknown,
鹤壁日报,no_media,2022-12-19 11:07:05,2023-02-15 08:25:40,M->M,unknown,
鹤祥泰-中医,no_media,2023-01-12 17:21:00,2023-01-16 18:41:00,M->M,unknown,
鹤祥泰-中医,no_media,2023-01-16 18:41:00,2023-01-17 16:27:00,M->M,unknown,
麦莉酥酥,no_media,2022-12-15 16:21:00,2022-12-15 16:27:00,L->M,unknown,
麦莉酥酥,no_media,2022-12-15 16:27:00,2022-12-16 19:43:00,M->M,unknown,
黄冈政府门户网,no_media,2022-12-11 14:28:59,2023-02-27 15:24:01,M->M,unknown,
黄河新闻网,no_media,2022-12-08 18:48:00,2023-01-05 09:04:02,M->M,unknown,
黄石发布,no_media,2022-12-01 20:28:52,2022-12-16 10:04:19,M->M,unknown,
黄石发布,no_media,2022-12-16 10:04:19,2022-12-18 11:58:47,M->M,unknown,
黄茂欣,no_media,2022-12-29 22:23:00,2023-01-06 09:59:00,L->L,unknown,
黄道带1977,no_media,2022-12-27 17:25:00,2022-12-29 09:14:00,M->M,unknown,
黑龙江广播电视台,no_media,2022-12-16 08:18:09,2023-01-10 09:09:37,M->M,unknown,
黑龙江日报,no_media,2022-11-20 15:04:54,2022-12-06 14:57:10,M->M,unknown,
黑龙江日报,no_media,2022-12-06 14:57:10,2022-12-07 13:42:14,M->M,unknown,
黑龙江日报,no_media,2022-12-07 13:42:14,2022-12-08 20:57:21,M->M,unknown,
黑龙江日报,no_media,2022-12-08 20:57:21,2022-12-15 16:33:31,M->M,unknown,
黑龙江日报,no_media,2022-12-15 16:33:31,2022-12-27 08:48:00,M->M,unknown,
黑龙江日报,no_media,2022-12-27 08:48:00,2023-01-02 17:37:18,M->M,unknown,
黑龙江日报,no_media,2023-01-02 17:37:18,2023-01-18 15:25:42,M->M,unknown,
黔东南新闻网官方微博,no_media,2022-12-07 15:48:23,2022-12-09 10:05:18,M->M,unknown,
黔东南新闻网官方微博,no_media,2022-12-09 10:05:18,2022-12-11 09:13:26,M->M,unknown,
黔东南新闻网官方微博,no_media,2022-12-11 09:13:26,2022-12-11 11:10:59,M->M,unknown,
黔东南新闻网官方微博,no_media,2022-12-11 11:10:59,2023-01-02 17:04:04,M->M,unknown,
黔东南新闻网官方微博,no_media,2023-01-02 17:04:04,2023-01-12 08:02:30,M->M,unknown,
點新聞dotdotnews,no_media,2022-11-01 11:40:00,2022-11-22 19:15:00,M->M,unknown,
齐鲁壹点,no_media,2022-12-08 21:15:00,2023-01-04 10:54:28,M->M,unknown,
齐鲁壹点,no_media,2023-01-04 10:54:28,2023-01-09 19:45:00,M->M,unknown,
齐鲁晚报,no_media,2022-10-08 07:46:47,2022-12-05 08:35:15,M->M,unknown,
齐鲁晚报,no_media,2022-12-05 08:35:15,2022-12-07 13:43:10,M->M,unknown,
齐鲁晚报,no_media,2022-12-07 13:43:10,2022-12-07 13:47:34,M->M,unknown,
齐鲁晚报,no_media,2022-12-07 13:47:34,2022-12-08 11:44:20,M->M,unknown,
齐鲁晚报,no_media,2022-12-08 11:44:20,2022-12-09 15:55:00,M->M,unknown,
齐鲁晚报,no_media,2022-12-09 15:55:00,2022-12-11 07:41:10,M->M,unknown,
齐鲁晚报,no_media,2022-12-11 07:41:10,2022-12-15 16:50:02,M->M,unknown,
齐鲁晚报,no_media,2022-12-15 16:50:02,2022-12-19 11:41:58,M->M,unknown,
齐鲁晚报,no_media,2022-12-19 11:41:58,2022-12-20 12:17:13,M->M,unknown,
齐鲁晚报,no_media,2022-12-20 12:17:13,2022-12-30 15:32:38,M->M,unknown,
齐鲁晚报,no_media,2022-12-30 15:32:38,2023-01-09 20:50:00,M->M,unknown,
齐鲁晚报,no_media,2023-01-09 20:50:00,2023-01-18 16:03:00,M->M,unknown,
齐鲁晚报,no_media,2023-01-18 16:03:00,2023-01-21 13:00:01,M->M,unknown,
齐鲁晚报-今日菏泽,no_media,2022-12-10 20:56:14,2023-02-28 21:01:21,M->M,unknown,
齐鲁青未了-3,wemedia_only,2022-12-24 09:27:00,2023-01-07 23:35:00,M->M,risk,1.0
齐鲁青未了-3,wemedia_only,2023-01-07 23:35:00,2023-01-11 07:12:00,M->M,unknown,
