user_name,n_posts,n_transitions,exposure_group,n_total_interactions,active_days,first_post_month,upgrade_rate,cooling_rate,stable_rate,H->H,p_H->H,H->M,p_H->M,H->L,p_H->L,M->H,p_M->H,M->M,p_M->M,M->L,p_M->L,L->H,p_L->H,L->M,p_L->M,L->L,p_L->L
---青叶---,5,4,no_media,0,5,2023-02,0.0,0.0,0.0,0,0.0,0,0.0,0,0.0,0,0.0,0,0.0,1,0.25,0,0.0,2,0.5,1,0.25
--丁丁丁丁--,2,1,no_media,0,2,2023-02,0.0,0.0,0.0,0,0.0,0,0.0,0,0.0,0,0.0,0,0.0,0,0.0,0,0.0,0,0.0,1,1.0
--幸福老汉--,10,9,no_media,0,8,2023-02,0.0,0.0,1.0,0,0.0,0,0.0,0,0.0,0,0.0,9,1.0,0,0.0,0,0.0,0,0.0,0,0.0
-Doveeeee,2,1,no_media,2,2,2023-02,0.0,0.0,0.0,0,0.0,0,0.0,0,0.0,0,0.0,0,0.0,0,0.0,0,0.0,1,1.0,0,0.0
-MIKIMILK-,2,1,no_media,1,2,2023-06,0.0,0.0,0.0,0,0.0,0,0.0,0,0.0,0,0.0,0,0.0,0,0.0,0,0.0,1,1.0,0,0.0
-Riku陸-,3,2,no_media,0,3,2023-02,0.0,0.0,0.0,0,0.0,0,0.0,0,0.0,0,0.0,0,0.0,0,0.0,0,0.0,1,0.5,1,0.5
-_燎原_-,2,1,no_media,0,2,2023-02,0.0,0.0,1.0,0,0.0,0,0.0,0,0.0,0,0.0,1,1.0,0,0.0,0,0.0,0,0.0,0,0.0
-fL6WEr,3,2,no_media,0,3,2022-12,0.5,0.0,0.5,0,0.0,0,0.0,0,0.0,1,0.5,1,0.5,0,0.0,0,0.0,0,0.0,0,0.0
-yoyo的小秘密,5,4,no_media,0,5,2023-04,0.0,0.0,0.0,0,0.0,0,0.0,0,0.0,0,0.0,0,0.0,2,0.5,0,0.0,1,0.25,1,0.25
-不见远山_,2,1,no_media,0,2,2023-02,0.0,0.0,0.0,0,0.0,0,0.0,0,0.0,0,0.0,0,0.0,0,0.0,0,0.0,0,0.0,1,1.0
-丢丢哩-,2,1,no_media,2,1,2023-06,0.0,0.0,1.0,0,0.0,0,0.0,0,0.0,0,0.0,1,1.0,0,0.0,0,0.0,0,0.0,0,0.0
-众星捧月-,2,1,wemedia_only,3,2,2023-04,0.0,0.0,1.0,0,0.0,0,0.0,0,0.0,0,0.0,1,1.0,0,0.0,0,0.0,0,0.0,0,0.0
-凌寒独自闲,2,1,no_media,0,2,2023-06,0.0,0.0,1.0,0,0.0,0,0.0,0,0.0,0,0.0,1,1.0,0,0.0,0,0.0,0,0.0,0,0.0
-吕方舟-,11,10,no_media,0,11,2023-02,0.0,0.0,0.8,0,0.0,0,0.0,0,0.0,0,0.0,8,0.8,1,0.1,0,0.0,1,0.1,0,0.0
-咬人猫xs-,2,1,no_media,0,2,2023-05,0.0,0.0,0.0,0,0.0,0,0.0,0,0.0,0,0.0,0,0.0,0,0.0,0,0.0,0,0.0,1,1.0
-四分三十三秒-,2,1,no_media,0,2,2022-12,0.0,1.0,0.0,0,0.0,1,1.0,0,0.0,0,0.0,0,0.0,0,0.0,0,0.0,0,0.0,0,0.0
-四序,3,2,mainstream_only,1,3,2023-06,0.5,0.5,0.0,0,0.0,1,0.5,0,0.0,1,0.5,0,0.0,0,0.0,0,0.0,0,0.0,0,0.0
-夜鸮-,2,1,dual,6,2,2023-07,0.0,0.0,0.0,0,0.0,0,0.0,0,0.0,0,0.0,0,0.0,1,1.0,0,0.0,0,0.0,0,0.0
-大庆网-,2,1,no_media,0,2,2023-02,0.0,0.0,1.0,0,0.0,0,0.0,0,0.0,0,0.0,1,1.0,0,0.0,0,0.0,0,0.0,0,0.0
-山色空蒙雨亦琦-,2,1,no_media,0,1,2023-04,0.0,0.0,0.0,0,0.0,0,0.0,0,0.0,0,0.0,0,0.0,0,0.0,0,0.0,1,1.0,0,0.0
-庭园-,2,1,no_media,2,2,2023-08,0.0,0.0,1.0,0,0.0,0,0.0,0,0.0,0,0.0,1,1.0,0,0.0,0,0.0,0,0.0,0,0.0
-心魔-,2,1,no_media,0,1,2025-05,0.0,0.0,1.0,0,0.0,0,0.0,0,0.0,0,0.0,1,1.0,0,0.0,0,0.0,0,0.0,0,0.0
-想象镜盒-,2,1,no_media,1,1,2023-08,0.0,0.0,0.0,0,0.0,0,0.0,0,0.0,0,0.0,0,0.0,1,1.0,0,0.0,0,0.0,0,0.0
-明澄-,2,1,no_media,0,2,2023-10,0.0,0.0,1.0,0,0.0,0,0.0,0,0.0,0,0.0,1,1.0,0,0.0,0,0.0,0,0.0,0,0.0
-暮念-,2,1,no_media,0,2,2023-01,0.0,0.0,0.0,0,0.0,0,0.0,0,0.0,0,0.0,0,0.0,0,0.0,0,0.0,1,1.0,0,0.0
-朱妈妈,4,3,no_media,0,1,2023-02,0.0,0.0,1.0,0,0.0,0,0.0,0,0.0,0,0.0,3,1.0,0,0.0,0,0.0,0,0.0,0,0.0
-李圓夢,2,1,no_media,0,2,2024-07,0.0,0.0,1.0,0,0.0,0,0.0,0,0.0,0,0.0,1,1.0,0,0.0,0,0.0,0,0.0,0,0.0
-洗心-,2,1,wemedia_only,6,2,2023-08,1.0,0.0,0.0,0,0.0,0,0.0,0,0.0,1,1.0,0,0.0,0,0.0,0,0.0,0,0.0,0,0.0
-渡五趣-,2,1,no_media,0,2,2023-04,0.0,0.0,0.0,0,0.0,0,0.0,0,0.0,0,0.0,0,0.0,0,0.0,0,0.0,0,0.0,1,1.0
-猫巨神鹜羽,3,2,no_media,1,3,2023-04,0.0,0.0,0.5,0,0.0,0,0.0,0,0.0,0,0.0,1,0.5,1,0.5,0,0.0,0,0.0,0,0.0
-百利甜不甜-,2,1,no_media,2,2,2024-01,0.0,0.0,1.0,0,0.0,0,0.0,0,0.0,0,0.0,1,1.0,0,0.0,0,0.0,0,0.0,0,0.0
-竹也-,3,2,no_media,0,3,2023-03,0.5,0.5,0.0,0,0.0,0,0.0,1,0.5,1,0.5,0,0.0,0,0.0,0,0.0,0,0.0,0,0.0
-红尘之莲,2,1,no_media,0,2,2023-04,0.0,0.0,1.0,0,0.0,0,0.0,0,0.0,0,0.0,1,1.0,0,0.0,0,0.0,0,0.0,0,0.0
-胡适之-,2,1,no_media,0,2,2023-02,0.0,0.0,1.0,0,0.0,0,0.0,0,0.0,0,0.0,1,1.0,0,0.0,0,0.0,0,0.0,0,0.0
-脆皮奶酪酥-,2,1,no_media,0,2,2025-03,1.0,0.0,0.0,0,0.0,0,0.0,0,0.0,0,0.0,0,0.0,0,0.0,1,1.0,0,0.0,0,0.0
-航行靠舵手,3,2,no_media,0,3,2023-12,0.0,0.5,0.0,0,0.0,1,0.5,0,0.0,0,0.0,0,0.0,1,0.5,0,0.0,0,0.0,0,0.0
-落叶叙淇--,2,1,no_media,0,1,2025-03,0.0,0.0,1.0,0,0.0,0,0.0,0,0.0,0,0.0,1,1.0,0,0.0,0,0.0,0,0.0,0,0.0
-袋鼠乐-,2,1,no_media,0,2,2023-02,0.0,0.0,0.0,1,1.0,0,0.0,0,0.0,0,0.0,0,0.0,0,0.0,0,0.0,0,0.0,0,0.0
-陈奕维-,2,1,no_media,0,2,2024-02,0.0,0.0,1.0,0,0.0,0,0.0,0,0.0,0,0.0,1,1.0,0,0.0,0,0.0,0,0.0,0,0.0
-降E大调夜曲-,3,2,no_media,1,2,2023-04,0.5,0.5,0.0,0,0.0,0,0.0,1,0.5,0,0.0,0,0.0,0,0.0,1,0.5,0,0.0,0,0.0
-食品与养生-,7,6,mainstream_only,8,7,2023-02,0.16666666666666666,0.16666666666666666,0.6666666666666666,0,0.0,1,0.16666666666666666,0,0.0,1,0.16666666666666666,4,0.6666666666666666,0,0.0,0,0.0,0,0.0,0,0.0
0080集齐某航OW了么,12,11,wemedia_only,10,12,2023-05,0.18181818181818182,0.18181818181818182,0.45454545454545453,1,0.09090909090909091,2,0.18181818181818182,0,0.0,2,0.18181818181818182,5,0.45454545454545453,1,0.09090909090909091,0,0.0,0,0.0,0,0.0
021652bb居,2,1,no_media,0,2,2023-03,0.0,0.0,0.0,0,0.0,0,0.0,0,0.0,0,0.0,0,0.0,0,0.0,0,0.0,0,0.0,1,1.0
021视频,8,7,no_media,0,7,2021-03,0.0,0.0,1.0,0,0.0,0,0.0,0,0.0,0,0.0,7,1.0,0,0.0,0,0.0,0,0.0,0,0.0
0717阿卜杜拉,2,1,no_media,0,2,2023-02,1.0,0.0,0.0,0,0.0,0,0.0,0,0.0,0,0.0,0,0.0,0,0.0,1,1.0,0,0.0,0,0.0
09蜂蜜桔子,2,1,no_media,0,2,2023-03,0.0,0.0,0.0,0,0.0,0,0.0,0,0.0,0,0.0,0,0.0,1,1.0,0,0.0,0,0.0,0,0.0
0洛卿0,2,1,no_media,0,2,2024-04,0.0,0.0,1.0,0,0.0,0,0.0,0,0.0,0,0.0,1,1.0,0,0.0,0,0.0,0,0.0,0,0.0
100斤的沈胖子,2,1,no_media,0,2,2023-05,0.0,1.0,0.0,0,0.0,0,0.0,1,1.0,0,0.0,0,0.0,0,0.0,0,0.0,0,0.0,0,0.0
1011陕西秦腔广播,5,4,no_media,0,4,2020-03,0.0,0.0,1.0,0,0.0,0,0.0,0,0.0,0,0.0,4,1.0,0,0.0,0,0.0,0,0.0,0,0.0
123和雅音,2,1,dual,3,1,2023-02,0.0,0.0,0.0,1,1.0,0,0.0,0,0.0,0,0.0,0,0.0,0,0.0,0,0.0,0,0.0,0,0.0
1252空间站,3,2,no_media,5,3,2024-02,0.5,0.5,0.0,0,0.0,1,0.5,0,0.0,1,0.5,0,0.0,0,0.0,0,0.0,0,0.0,0,0.0
13255276302杨小兵,7,6,no_media,0,7,2023-05,0.16666666666666666,0.16666666666666666,0.6666666666666666,0,0.0,1,0.16666666666666666,0,0.0,1,0.16666666666666666,4,0.6666666666666666,0,0.0,0,0.0,0,0.0,0,0.0
17度生活,2,1,mainstream_only,1,2,2023-02,0.0,0.0,0.0,0,0.0,0,0.0,0,0.0,0,0.0,0,0.0,0,0.0,0,0.0,1,1.0,0,0.0
1837MI,2,1,no_media,0,2,2023-04,0.0,0.0,1.0,0,0.0,0,0.0,0,0.0,0,0.0,1,1.0,0,0.0,0,0.0,0,0.0,0,0.0
188敏敏188,2,1,no_media,0,2,2023-02,0.0,0.0,0.0,0,0.0,0,0.0,0,0.0,0,0.0,0,0.0,0,0.0,0,0.0,0,0.0,1,1.0
1993譚澤昌,2,1,no_media,0,2,2023-03,0.0,0.0,1.0,0,0.0,0,0.0,0,0.0,0,0.0,1,1.0,0,0.0,0,0.0,0,0.0,0,0.0
199IT-互联网数据资讯网,4,3,no_media,0,4,2024-01,0.0,0.0,1.0,0,0.0,0,0.0,0,0.0,0,0.0,3,1.0,0,0.0,0,0.0,0,0.0,0,0.0
1财神到1,2,1,no_media,0,2,2023-02,0.0,1.0,0.0,0,0.0,0,0.0,1,1.0,0,0.0,0,0.0,0,0.0,0,0.0,0,0.0,0,0.0
2000station,2,1,no_media,0,1,2024-06,0.0,0.0,1.0,0,0.0,0,0.0,0,0.0,0,0.0,1,1.0,0,0.0,0,0.0,0,0.0,0,0.0
2013静笃,3,2,no_media,8,3,2023-01,0.5,0.5,0.0,0,0.0,1,0.5,0,0.0,1,0.5,0,0.0,0,0.0,0,0.0,0,0.0,0,0.0
2019novelCOronaVirus,3,2,mainstream_only,8,3,2023-04,0.0,0.0,1.0,0,0.0,0,0.0,0,0.0,0,0.0,2,1.0,0,0.0,0,0.0,0,0.0,0,0.0
2022年临床试验试药员服务中心,6,5,no_media,0,4,2023-02,0.0,0.0,1.0,0,0.0,0,0.0,0,0.0,0,0.0,5,1.0,0,0.0,0,0.0,0,0.0,0,0.0
2024年的昵称多来米,3,2,no_media,0,3,2023-09,0.0,0.0,0.0,0,0.0,0,0.0,0,0.0,0,0.0,0,0.0,0,0.0,0,0.0,0,0.0,2,1.0
2024来了,2,1,wemedia_only,2,1,2022-03,0.0,0.0,1.0,0,0.0,0,0.0,0,0.0,0,0.0,1,1.0,0,0.0,0,0.0,0,0.0,0,0.0
2025一消,3,2,no_media,0,2,2023-02,0.5,0.5,0.0,0,0.0,0,0.0,1,0.5,1,0.5,0,0.0,0,0.0,0,0.0,0,0.0,0,0.0
2025年早睡第一天啦啦啦,3,2,no_media,0,3,2023-07,0.5,0.5,0.0,0,0.0,1,0.5,0,0.0,0,0.0,0,0.0,0,0.0,1,0.5,0,0.0,0,0.0
2025新年星光,2,1,no_media,0,2,2024-05,0.0,0.0,0.0,0,0.0,0,0.0,0,0.0,0,0.0,0,0.0,0,0.0,0,0.0,0,0.0,1,1.0
2025爱你爱我-,2,1,no_media,0,2,2023-02,0.0,0.0,0.0,0,0.0,0,0.0,0,0.0,0,0.0,0,0.0,0,0.0,0,0.0,0,0.0,1,1.0
2025请对我好些,2,1,no_media,0,2,2024-08,0.0,0.0,0.0,0,0.0,0,0.0,0,0.0,0,0.0,0,0.0,0,0.0,0,0.0,0,0.0,1,1.0
21世纪经济报道,11,10,mainstream_only,1,11,2022-12,0.0,0.0,1.0,0,0.0,0,0.0,0,0.0,0,0.0,10,1.0,0,0.0,0,0.0,0,0.0,0,0.0
23XB5_,2,1,no_media,0,2,2023-02,1.0,0.0,0.0,0,0.0,0,0.0,0,0.0,0,0.0,0,0.0,0,0.0,1,1.0,0,0.0,0,0.0
25号N的人生,22,21,no_media,20,21,2023-03,0.14285714285714285,0.14285714285714285,0.38095238095238093,1,0.047619047619047616,3,0.14285714285714285,0,0.0,3,0.14285714285714285,8,0.38095238095238093,3,0.14285714285714285,0,0.0,2,0.09523809523809523,1,0.047619047619047616
2五仔猛男,2,1,no_media,2,2,2023-08,0.0,0.0,1.0,0,0.0,0,0.0,0,0.0,0,0.0,1,1.0,0,0.0,0,0.0,0,0.0,0,0.0
2奶茶要半糖,2,1,no_media,0,1,2022-12,0.0,0.0,1.0,0,0.0,0,0.0,0,0.0,0,0.0,1,1.0,0,0.0,0,0.0,0,0.0,0,0.0
2楼哎呦喂多多,7,6,no_media,0,7,2023-06,0.16666666666666666,0.16666666666666666,0.16666666666666666,0,0.0,1,0.16666666666666666,0,0.0,0,0.0,1,0.16666666666666666,1,0.16666666666666666,1,0.16666666666666666,1,0.16666666666666666,1,0.16666666666666666
2胖胖2胖胖,2,1,no_media,0,2,2024-02,0.0,0.0,0.0,0,0.0,0,0.0,0,0.0,0,0.0,0,0.0,0,0.0,0,0.0,0,0.0,1,1.0
31三缺一,2,1,no_media,0,2,2024-05,0.0,1.0,0.0,0,0.0,1,1.0,0,0.0,0,0.0,0,0.0,0,0.0,0,0.0,0,0.0,0,0.0
333eeewww,2,1,no_media,0,2,2024-02,0.0,1.0,0.0,0,0.0,0,0.0,1,1.0,0,0.0,0,0.0,0,0.0,0,0.0,0,0.0,0,0.0
3456778鸟,2,1,no_media,2,1,2023-10,0.0,0.0,1.0,0,0.0,0,0.0,0,0.0,0,0.0,1,1.0,0,0.0,0,0.0,0,0.0,0,0.0
365-厦门大雨,2,1,no_media,0,2,2023-01,0.0,0.0,0.0,0,0.0,0,0.0,0,0.0,0,0.0,0,0.0,1,1.0,0,0.0,0,0.0,0,0.0
365医药网-1,2,1,no_media,0,2,2023-02,0.0,0.0,1.0,0,0.0,0,0.0,0,0.0,0,0.0,1,1.0,0,0.0,0,0.0,0,0.0,0,0.0
36氪,11,10,no_media,0,11,2020-03,0.1,0.1,0.8,0,0.0,1,0.1,0,0.0,1,0.1,8,0.8,0,0.0,0,0.0,0,0.0,0,0.0
39健康网,6,5,no_media,2,6,2022-03,0.0,0.0,1.0,0,0.0,0,0.0,0,0.0,0,0.0,5,1.0,0,0.0,0,0.0,0,0.0,0,0.0
3nterY0urN4meHere_V,6,5,no_media,2,6,2023-03,0.2,0.2,0.4,1,0.2,1,0.2,0,0.0,1,0.2,2,0.4,0,0.0,0,0.0,0,0.0,0,0.0
3公斤上好法国猪肉,3,2,no_media,2,3,2023-03,0.0,0.0,0.5,0,0.0,0,0.0,0,0.0,0,0.0,1,0.5,0,0.0,0,0.0,1,0.5,0,0.0
584瓦宁594瓦特额宁,3,2,mainstream_only,1,1,2024-10,0.0,0.0,1.0,0,0.0,0,0.0,0,0.0,0,0.0,2,1.0,0,0.0,0,0.0,0,0.0,0,0.0
58jinshu,12,11,no_media,0,12,2021-03,0.0,0.0,1.0,0,0.0,0,0.0,0,0.0,0,0.0,11,1.0,0,0.0,0,0.0,0,0.0,0,0.0
612721A1_EABC,7,6,no_media,1,7,2023-02,0.0,0.0,0.6666666666666666,0,0.0,0,0.0,0,0.0,0,0.0,4,0.6666666666666666,1,0.16666666666666666,0,0.0,1,0.16666666666666666,0,0.0
615sqr,6,5,no_media,2,6,2023-02,0.0,0.0,1.0,0,0.0,0,0.0,0,0.0,0,0.0,5,1.0,0,0.0,0,0.0,0,0.0,0,0.0
61_aqua,2,1,mainstream_only,2,2,2023-06,1.0,0.0,0.0,0,0.0,0,0.0,0,0.0,0,0.0,0,0.0,0,0.0,1,1.0,0,0.0,0,0.0
6202836496_381,2,1,no_media,0,2,2023-02,0.0,0.0,1.0,0,0.0,0,0.0,0,0.0,0,0.0,1,1.0,0,0.0,0,0.0,0,0.0,0,0.0
641香港杭州漫游,2,1,no_media,0,2,2023-02,0.0,1.0,0.0,0,0.0,1,1.0,0,0.0,0,0.0,0,0.0,0,0.0,0,0.0,0,0.0,0,0.0
647号宇宙工作机器人,2,1,no_media,2,1,2023-09,0.0,0.0,1.0,0,0.0,0,0.0,0,0.0,0,0.0,1,1.0,0,0.0,0,0.0,0,0.0,0,0.0
6亿光年之距的脉冲,4,3,no_media,0,4,2023-09,0.0,0.3333333333333333,0.0,0,0.0,1,0.3333333333333333,0,0.0,0,0.0,0,0.0,1,0.3333333333333333,0,0.0,1,0.3333333333333333,0,0.0
6前缘qy,2,1,no_media,0,2,2023-02,1.0,0.0,0.0,0,0.0,0,0.0,0,0.0,1,1.0,0,0.0,0,0.0,0,0.0,0,0.0,0,0.0
7745only,2,1,no_media,0,2,2023-05,1.0,0.0,0.0,0,0.0,0,0.0,0,0.0,0,0.0,0,0.0,0,0.0,1,1.0,0,0.0,0,0.0
778号养成系小核桃,2,1,no_media,0,2,2023-02,0.0,0.0,0.0,0,0.0,0,0.0,0,0.0,0,0.0,0,0.0,0,0.0,0,0.0,0,0.0,1,1.0
8099999,2,1,no_media,0,2,2023-02,0.0,0.0,1.0,0,0.0,0,0.0,0,0.0,0,0.0,1,1.0,0,0.0,0,0.0,0,0.0,0,0.0
80年的酸奶,2,1,no_media,0,2,2023-06,0.0,0.0,1.0,0,0.0,0,0.0,0,0.0,0,0.0,1,1.0,0,0.0,0,0.0,0,0.0,0,0.0
8875029阿巴,2,1,no_media,0,2,2025-03,1.0,0.0,0.0,0,0.0,0,0.0,0,0.0,0,0.0,0,0.0,0,0.0,1,1.0,0,0.0,0,0.0
88佐岸星光,6,5,no_media,1,6,2023-02,0.2,0.2,0.0,0,0.0,1,0.2,0,0.0,0,0.0,0,0.0,2,0.4,1,0.2,1,0.2,0,0.0
8号影剧院,3,2,no_media,0,3,2023-10,0.5,0.5,0.0,0,0.0,1,0.5,0,0.0,1,0.5,0,0.0,0,0.0,0,0.0,0,0.0,0,0.0
911苏州新闻广播,5,4,mainstream_only,1,5,2022-10,0.0,0.0,1.0,0,0.0,0,0.0,0,0.0,0,0.0,4,1.0,0,0.0,0,0.0,0,0.0,0,0.0
930老友记,6,5,no_media,0,6,2021-03,0.0,0.2,0.8,0,0.0,1,0.2,0,0.0,0,0.0,4,0.8,0,0.0,0,0.0,0,0.0,0,0.0
937江苏新闻广播,5,4,no_media,0,5,2024-03,0.0,0.0,1.0,0,0.0,0,0.0,0,0.0,0,0.0,4,1.0,0,0.0,0,0.0,0,0.0,0,0.0
948交通广播,12,11,no_media,0,11,2020-03,0.0,0.0,1.0,0,0.0,0,0.0,0,0.0,0,0.0,11,1.0,0,0.0,0,0.0,0,0.0,0,0.0
9640626老美,2,1,no_media,0,2,2023-02,0.0,0.0,0.0,0,0.0,0,0.0,0,0.0,0,0.0,0,0.0,0,0.0,0,0.0,1,1.0,0,0.0
986路上好朋友,6,5,no_media,0,6,2023-02,0.0,0.0,1.0,0,0.0,0,0.0,0,0.0,0,0.0,5,1.0,0,0.0,0,0.0,0,0.0,0,0.0
98兔子,2,1,no_media,1,2,2023-02,0.0,0.0,0.0,0,0.0,0,0.0,0,0.0,0,0.0,0,0.0,0,0.0,0,0.0,0,0.0,1,1.0
99子宫网,2,1,no_media,0,2,2023-02,0.0,0.0,1.0,0,0.0,0,0.0,0,0.0,0,0.0,1,1.0,0,0.0,0,0.0,0,0.0,0,0.0
AAAAA健康管理师,2,1,no_media,0,2,2023-02,0.0,0.0,1.0,0,0.0,0,0.0,0,0.0,0,0.0,1,1.0,0,0.0,0,0.0,0,0.0,0,0.0
AAA仙女酵母,2,1,mainstream_only,2,2,2023-06,0.0,0.0,1.0,0,0.0,0,0.0,0,0.0,0,0.0,1,1.0,0,0.0,0,0.0,0,0.0,0,0.0
AAA华南车厘子批发张姐,2,1,no_media,0,2,2023-10,0.0,0.0,0.0,0,0.0,0,0.0,0,0.0,0,0.0,0,0.0,1,1.0,0,0.0,0,0.0,0,0.0
AA女人不哭,2,1,no_media,0,2,2023-02,0.0,0.0,0.0,1,1.0,0,0.0,0,0.0,0,0.0,0,0.0,0,0.0,0,0.0,0,0.0,0,0.0
AC一派胡言侯东渐,3,2,no_media,5,3,2022-11,0.0,0.5,0.0,1,0.5,1,0.5,0,0.0,0,0.0,0,0.0,0,0.0,0,0.0,0,0.0,0,0.0
AC流萤,2,1,no_media,0,2,2024-03,0.0,0.0,1.0,0,0.0,0,0.0,0,0.0,0,0.0,1,1.0,0,0.0,0,0.0,0,0.0,0,0.0
AC蓦然回首,5,4,no_media,5,5,2023-03,0.25,0.25,0.5,0,0.0,1,0.25,0,0.0,1,0.25,2,0.5,0,0.0,0,0.0,0,0.0,0,0.0
AI万物与边界,3,2,mainstream_only,2,3,2023-03,0.5,0.0,0.0,1,0.5,0,0.0,0,0.0,1,0.5,0,0.0,0,0.0,0,0.0,0,0.0,0,0.0
AI孙国英,3,2,no_media,2,3,2021-03,0.0,0.5,0.5,0,0.0,1,0.5,0,0.0,0,0.0,1,0.5,0,0.0,0,0.0,0,0.0,0,0.0
AI无敌invincible,2,1,no_media,0,2,2023-05,1.0,0.0,0.0,0,0.0,0,0.0,0,0.0,1,1.0,0,0.0,0,0.0,0,0.0,0,0.0,0,0.0
AI诊疗室,2,1,no_media,0,2,2023-02,0.0,0.0,1.0,0,0.0,0,0.0,0,0.0,0,0.0,1,1.0,0,0.0,0,0.0,0,0.0,0,0.0
AI铁拐李,3,2,no_media,0,3,2023-02,0.0,0.0,1.0,0,0.0,0,0.0,0,0.0,0,0.0,2,1.0,0,0.0,0,0.0,0,0.0,0,0.0
AKACrown,2,1,no_media,0,2,2023-02,1.0,0.0,0.0,0,0.0,0,0.0,0,0.0,0,0.0,0,0.0,0,0.0,1,1.0,0,0.0,0,0.0
ATAO颜值上分中,2,1,wemedia_only,3,2,2023-02,0.0,0.0,0.0,1,1.0,0,0.0,0,0.0,0,0.0,0,0.0,0,0.0,0,0.0,0,0.0,0,0.0
AUGtoUAA,2,1,no_media,1,2,2023-04,0.0,1.0,0.0,0,0.0,0,0.0,1,1.0,0,0.0,0,0.0,0,0.0,0,0.0,0,0.0,0,0.0
A_la_vo丫头,2,1,no_media,0,2,2023-02,0.0,0.0,0.0,0,0.0,0,0.0,0,0.0,0,0.0,0,0.0,0,0.0,0,0.0,1,1.0,0,0.0
Achen-阿晨,3,2,no_media,0,3,2022-12,0.0,0.0,0.0,0,0.0,0,0.0,0,0.0,0,0.0,0,0.0,0,0.0,0,0.0,0,0.0,2,1.0
Adling,3,2,no_media,0,3,2023-06,0.5,0.0,0.0,1,0.5,0,0.0,0,0.0,0,0.0,0,0.0,0,0.0,1,0.5,0,0.0,0,0.0
Agiantunicorn,2,1,no_media,0,2,2023-06,0.0,0.0,1.0,0,0.0,0,0.0,0,0.0,0,0.0,1,1.0,0,0.0,0,0.0,0,0.0,0,0.0
Agneeeeeees,2,1,no_media,0,2,2023-06,0.0,0.0,0.0,0,0.0,0,0.0,0,0.0,0,0.0,0,0.0,1,1.0,0,0.0,0,0.0,0,0.0
Ahni永也,6,5,no_media,0,6,2023-06,0.0,0.2,0.0,0,0.0,1,0.2,0,0.0,0,0.0,0,0.0,1,0.2,0,0.0,0,0.0,3,0.6
AimF1rstcocopro,2,1,no_media,0,2,2023-07,0.0,0.0,0.0,1,1.0,0,0.0,0,0.0,0,0.0,0,0.0,0,0.0,0,0.0,0,0.0,0,0.0
AithneChill,2,1,no_media,0,2,2023-10,0.0,0.0,0.0,0,0.0,0,0.0,0,0.0,0,0.0,0,0.0,0,0.0,0,0.0,1,1.0,0,0.0
Akashyoga,2,1,mainstream_only,5,2,2023-02,0.0,1.0,0.0,0,0.0,1,1.0,0,0.0,0,0.0,0,0.0,0,0.0,0,0.0,0,0.0,0,0.0
AlasOps,2,1,no_media,0,2,2023-02,1.0,0.0,0.0,0,0.0,0,0.0,0,0.0,0,0.0,0,0.0,0,0.0,1,1.0,0,0.0,0,0.0
Alex楊雲逸,2,1,mainstream_only,1,2,2023-02,0.0,0.0,0.0,0,0.0,0,0.0,0,0.0,0,0.0,0,0.0,1,1.0,0,0.0,0,0.0,0,0.0
Algo姐,9,8,no_media,1,8,2023-03,0.25,0.25,0.375,1,0.125,2,0.25,0,0.0,2,0.25,3,0.375,0,0.0,0,0.0,0,0.0,0,0.0
Alice学英语,2,1,mainstream_only,4,2,2023-03,0.0,0.0,1.0,0,0.0,0,0.0,0,0.0,0,0.0,1,1.0,0,0.0,0,0.0,0,0.0,0,0.0
Amber小小小小小,2,1,no_media,0,2,2023-07,0.0,0.0,0.0,0,0.0,0,0.0,0,0.0,0,0.0,0,0.0,0,0.0,0,0.0,0,0.0,1,1.0
Ameri-Vita亚美唯他,3,2,no_media,0,3,2024-03,0.0,0.0,1.0,0,0.0,0,0.0,0,0.0,0,0.0,2,1.0,0,0.0,0,0.0,0,0.0,0,0.0
AmizElaine全息心靈,14,13,no_media,0,13,2023-02,0.15384615384615385,0.15384615384615385,0.5384615384615384,2,0.15384615384615385,2,0.15384615384615385,0,0.0,2,0.15384615384615385,7,0.5384615384615384,0,0.0,0,0.0,0,0.0,0,0.0
Amour_SH,2,1,no_media,0,2,2023-05,0.0,0.0,0.0,0,0.0,0,0.0,0,0.0,0,0.0,0,0.0,1,1.0,0,0.0,0,0.0,0,0.0
Amy小北京,51,50,no_media,1,47,2023-02,0.1,0.1,0.56,1,0.02,3,0.06,2,0.04,5,0.1,28,0.56,4,0.08,0,0.0,6,0.12,1,0.02
Amy楚筠,2,1,no_media,0,2,2023-02,1.0,0.0,0.0,0,0.0,0,0.0,0,0.0,0,0.0,0,0.0,0,0.0,1,1.0,0,0.0,0,0.0
Amy素个吃货,2,1,no_media,0,2,2023-02,0.0,0.0,1.0,0,0.0,0,0.0,0,0.0,0,0.0,1,1.0,0,0.0,0,0.0,0,0.0,0,0.0
Anahata四月天,2,1,no_media,0,2,2023-02,0.0,0.0,0.0,0,0.0,0,0.0,0,0.0,0,0.0,0,0.0,1,1.0,0,0.0,0,0.0,0,0.0
AngelKoo0828,5,4,no_media,0,4,2023-06,0.0,0.0,0.25,0,0.0,0,0.0,0,0.0,0,0.0,1,0.25,1,0.25,0,0.0,1,0.25,1,0.25
Annann-陈言,4,3,no_media,0,4,2023-01,0.0,0.0,0.3333333333333333,0,0.0,0,0.0,0,0.0,0,0.0,1,0.3333333333333333,0,0.0,0,0.0,1,0.3333333333333333,1,0.3333333333333333
Aobama的妹妹,3,2,mainstream_only,2,3,2023-08,0.0,0.0,1.0,0,0.0,0,0.0,0,0.0,0,0.0,2,1.0,0,0.0,0,0.0,0,0.0,0,0.0
Aoi_fools,3,2,no_media,1,3,2023-03,0.0,0.0,0.5,0,0.0,0,0.0,0,0.0,0,0.0,1,0.5,0,0.0,0,0.0,1,0.5,0,0.0
Apocalypse-锐,93,92,wemedia_only,11,88,2023-05,0.14130434782608695,0.13043478260869565,0.6630434782608695,3,0.03260869565217391,11,0.11956521739130435,1,0.010869565217391304,13,0.14130434782608695,61,0.6630434782608695,1,0.010869565217391304,0,0.0,2,0.021739130434782608,0,0.0
Archily,2,1,no_media,0,2,2023-02,0.0,0.0,1.0,0,0.0,0,0.0,0,0.0,0,0.0,1,1.0,0,0.0,0,0.0,0,0.0,0,0.0
Arrow__9,2,1,no_media,0,2,2023-05,0.0,1.0,0.0,0,0.0,1,1.0,0,0.0,0,0.0,0,0.0,0,0.0,0,0.0,0,0.0,0,0.0
Athene墨,3,2,no_media,0,3,2023-08,0.0,0.0,1.0,0,0.0,0,0.0,0,0.0,0,0.0,2,1.0,0,0.0,0,0.0,0,0.0,0,0.0
A哥_AVR,4,3,no_media,0,4,2023-01,0.0,0.0,0.0,0,0.0,0,0.0,0,0.0,0,0.0,0,0.0,0,0.0,0,0.0,1,0.3333333333333333,2,0.6666666666666666
A大的遊戲晉級了,4,3,mainstream_only,7,4,2022-12,0.0,0.0,1.0,0,0.0,0,0.0,0,0.0,0,0.0,3,1.0,0,0.0,0,0.0,0,0.0,0,0.0
A紫情梦,2,1,no_media,0,1,2020-03,0.0,0.0,1.0,0,0.0,0,0.0,0,0.0,0,0.0,1,1.0,0,0.0,0,0.0,0,0.0,0,0.0
A股幽灵,2,1,no_media,0,2,2023-09,1.0,0.0,0.0,0,0.0,0,0.0,0,0.0,1,1.0,0,0.0,0,0.0,0,0.0,0,0.0,0,0.0
A股核心逻辑,2,1,no_media,0,2,2023-05,0.0,0.0,1.0,0,0.0,0,0.0,0,0.0,0,0.0,1,1.0,0,0.0,0,0.0,0,0.0,0,0.0
A许先生AA,3,2,no_media,0,3,2023-03,0.0,0.0,1.0,0,0.0,0,0.0,0,0.0,0,0.0,2,1.0,0,0.0,0,0.0,0,0.0,0,0.0
A退伍军人,2,1,mainstream_only,1,2,2022-12,0.0,0.0,1.0,0,0.0,0,0.0,0,0.0,0,0.0,1,1.0,0,0.0,0,0.0,0,0.0,0,0.0
B612星球的四十四次日落,4,3,no_media,0,4,2022-03,0.3333333333333333,0.3333333333333333,0.0,1,0.3333333333333333,1,0.3333333333333333,0,0.0,1,0.3333333333333333,0,0.0,0,0.0,0,0.0,0,0.0,0,0.0
BA5BO,2,1,no_media,2,2,2023-04,0.0,0.0,1.0,0,0.0,0,0.0,0,0.0,0,0.0,1,1.0,0,0.0,0,0.0,0,0.0,0,0.0
BBQ燒雞,2,1,no_media,0,1,2023-07,0.0,0.0,1.0,0,0.0,0,0.0,0,0.0,0,0.0,1,1.0,0,0.0,0,0.0,0,0.0,0,0.0
BDMS曼谷杜斯特医疗服务集团,3,2,no_media,0,3,2023-02,0.0,0.0,1.0,0,0.0,0,0.0,0,0.0,0,0.0,2,1.0,0,0.0,0,0.0,0,0.0,0,0.0
BESTIN北美甄选,2,1,no_media,0,2,2023-05,0.0,0.0,1.0,0,0.0,0,0.0,0,0.0,0,0.0,1,1.0,0,0.0,0,0.0,0,0.0,0,0.0
BGqzw,2,1,no_media,4,2,2023-02,0.0,1.0,0.0,0,0.0,0,0.0,1,1.0,0,0.0,0,0.0,0,0.0,0,0.0,0,0.0,0,0.0
BLUEHOT_LX,6,5,no_media,0,6,2023-04,0.0,0.0,1.0,0,0.0,0,0.0,0,0.0,0,0.0,5,1.0,0,0.0,0,0.0,0,0.0,0,0.0
BOBBI人艰不拆,2,1,no_media,0,2,2024-09,0.0,0.0,0.0,0,0.0,0,0.0,0,0.0,0,0.0,0,0.0,0,0.0,0,0.0,1,1.0,0,0.0
BRTV-we-young,2,1,no_media,0,2,2022-07,0.0,0.0,1.0,0,0.0,0,0.0,0,0.0,0,0.0,1,1.0,0,0.0,0,0.0,0,0.0,0,0.0
BRTVi生活,4,3,no_media,0,4,2023-03,0.0,0.0,1.0,0,0.0,0,0.0,0,0.0,0,0.0,3,1.0,0,0.0,0,0.0,0,0.0,0,0.0
BRTV教育面对面,3,2,no_media,0,1,2023-03,0.0,0.0,1.0,0,0.0,0,0.0,0,0.0,0,0.0,2,1.0,0,0.0,0,0.0,0,0.0,0,0.0
BRTV纪实科教,2,1,no_media,0,2,2025-05,0.0,0.0,1.0,0,0.0,0,0.0,0,0.0,0,0.0,1,1.0,0,0.0,0,0.0,0,0.0,0,0.0
BT财经网,2,1,no_media,0,2,2023-03,0.0,0.0,1.0,0,0.0,0,0.0,0,0.0,0,0.0,1,1.0,0,0.0,0,0.0,0,0.0,0,0.0
Baby__砻and蕊,2,1,no_media,0,2,2022-12,0.0,1.0,0.0,0,0.0,0,0.0,1,1.0,0,0.0,0,0.0,0,0.0,0,0.0,0,0.0,0,0.0
Baby小布丁路易斯,2,1,no_media,0,2,2024-07,0.0,0.0,0.0,0,0.0,0,0.0,0,0.0,0,0.0,0,0.0,0,0.0,0,0.0,0,0.0,1,1.0
BambooWorks咏竹坊,2,1,no_media,0,2,2023-07,0.0,0.0,1.0,0,0.0,0,0.0,0,0.0,0,0.0,1,1.0,0,0.0,0,0.0,0,0.0,0,0.0
Being事l爱,2,1,no_media,2,2,2023-09,1.0,0.0,0.0,0,0.0,0,0.0,0,0.0,1,1.0,0,0.0,0,0.0,0,0.0,0,0.0,0,0.0
Bentornato,2,1,no_media,0,2,2024-12,0.0,0.0,1.0,0,0.0,0,0.0,0,0.0,0,0.0,1,1.0,0,0.0,0,0.0,0,0.0,0,0.0
BerylXV,2,1,wemedia_only,2,2,2023-08,0.0,1.0,0.0,0,0.0,1,1.0,0,0.0,0,0.0,0,0.0,0,0.0,0,0.0,0,0.0,0,0.0
Bigblue9,6,5,no_media,2,6,2023-02,0.0,0.0,0.6,0,0.0,0,0.0,0,0.0,0,0.0,3,0.6,0,0.0,0,0.0,1,0.2,1,0.2
Bigjuzi,2,1,no_media,0,2,2023-04,0.0,0.0,0.0,0,0.0,0,0.0,0,0.0,0,0.0,0,0.0,0,0.0,0,0.0,0,0.0,1,1.0
Big毕榕,2,1,no_media,0,2,2022-08,0.0,0.0,1.0,0,0.0,0,0.0,0,0.0,0,0.0,1,1.0,0,0.0,0,0.0,0,0.0,0,0.0
BioArt的主编,2,1,no_media,0,2,2023-09,0.0,0.0,1.0,0,0.0,0,0.0,0,0.0,0,0.0,1,1.0,0,0.0,0,0.0,0,0.0,0,0.0
BluestarStubbro,6,5,no_media,3,6,2023-02,0.2,0.2,0.4,0,0.0,1,0.2,0,0.0,1,0.2,2,0.4,1,0.2,0,0.0,0,0.0,0,0.0
Bobo-芃芃,2,1,no_media,0,2,2022-12,0.0,0.0,0.0,0,0.0,0,0.0,0,0.0,0,0.0,0,0.0,0,0.0,0,0.0,0,0.0,1,1.0
BoundlessAffection2012,3,2,no_media,0,3,2023-08,0.0,0.5,0.0,1,0.5,0,0.0,1,0.5,0,0.0,0,0.0,0,0.0,0,0.0,0,0.0,0,0.0
Broodi,4,3,no_media,0,4,2022-11,0.0,0.0,1.0,0,0.0,0,0.0,0,0.0,0,0.0,3,1.0,0,0.0,0,0.0,0,0.0,0,0.0
BrotherFive,2,1,no_media,0,2,2023-05,0.0,0.0,1.0,0,0.0,0,0.0,0,0.0,0,0.0,1,1.0,0,0.0,0,0.0,0,0.0,0,0.0
CAG4411,2,1,no_media,0,2,2023-02,0.0,0.0,0.0,0,0.0,0,0.0,0,0.0,0,0.0,0,0.0,1,1.0,0,0.0,0,0.0,0,0.0
CATTI译路通,4,3,no_media,0,4,2023-05,0.0,0.0,1.0,0,0.0,0,0.0,0,0.0,0,0.0,3,1.0,0,0.0,0,0.0,0,0.0,0,0.0
CBS0086,5,4,mainstream_only,6,3,2023-08,0.0,0.25,0.5,1,0.25,1,0.25,0,0.0,0,0.0,2,0.5,0,0.0,0,0.0,0,0.0,0,0.0
CCTV4,2,1,no_media,0,2,2023-05,0.0,0.0,1.0,0,0.0,0,0.0,0,0.0,0,0.0,1,1.0,0,0.0,0,0.0,0,0.0,0,0.0
CCinpeking,3,2,no_media,0,3,2023-05,0.0,0.5,0.0,1,0.5,1,0.5,0,0.0,0,0.0,0,0.0,0,0.0,0,0.0,0,0.0,0,0.0
CC超ProlgueSU-FU37,3,2,no_media,0,3,2023-05,0.0,0.0,0.0,2,1.0,0,0.0,0,0.0,0,0.0,0,0.0,0,0.0,0,0.0,0,0.0,0,0.0
CELFULL赛立复,2,1,no_media,0,2,2023-02,0.0,1.0,0.0,0,0.0,1,1.0,0,0.0,0,0.0,0,0.0,0,0.0,0,0.0,0,0.0,0,0.0
CGTN,59,58,no_media,0,52,2020-08,0.0,0.0,0.9655172413793104,0,0.0,0,0.0,0,0.0,0,0.0,56,0.9655172413793104,1,0.017241379310344827,0,0.0,1,0.017241379310344827,0,0.0
CGTNGlobalBusiness,11,10,no_media,0,11,2020-05,0.0,0.0,1.0,0,0.0,0,0.0,0,0.0,0,0.0,10,1.0,0,0.0,0,0.0,0,0.0,0,0.0
CGTNRadio,7,6,no_media,0,7,2021-01,0.0,0.0,1.0,0,0.0,0,0.0,0,0.0,0,0.0,6,1.0,0,0.0,0,0.0,0,0.0,0,0.0
CGTNculture,3,2,no_media,0,3,2020-05,0.0,0.0,1.0,0,0.0,0,0.0,0,0.0,0,0.0,2,1.0,0,0.0,0,0.0,0,0.0,0,0.0
CGTN法语频道,40,39,no_media,0,37,2020-04,0.0,0.0,1.0,0,0.0,0,0.0,0,0.0,0,0.0,39,1.0,0,0.0,0,0.0,0,0.0,0,0.0
CGTN西班牙语频道,2,1,no_media,0,2,2020-07,0.0,0.0,1.0,0,0.0,0,0.0,0,0.0,0,0.0,1,1.0,0,0.0,0,0.0,0,0.0,0,0.0
CGTN记者团,10,9,no_media,0,10,2020-10,0.1111111111111111,0.1111111111111111,0.5555555555555556,0,0.0,1,0.1111111111111111,0,0.0,1,0.1111111111111111,5,0.5555555555555556,1,0.1111111111111111,0,0.0,1,0.1111111111111111,0,0.0
CH1680,3,2,no_media,1,3,2023-02,0.0,0.0,0.5,0,0.0,0,0.0,0,0.0,0,0.0,1,0.5,0,0.0,0,0.0,1,0.5,0,0.0
CHN大健康网,2,1,no_media,0,2,2023-03,0.0,0.0,1.0,0,0.0,0,0.0,0,0.0,0,0.0,1,1.0,0,0.0,0,0.0,0,0.0,0,0.0
CHUN的杂博,2,1,no_media,0,2,2023-11,0.0,0.0,0.0,0,0.0,0,0.0,0,0.0,0,0.0,0,0.0,1,1.0,0,0.0,0,0.0,0,0.0
CN生命关爱,3,2,no_media,0,3,2023-03,0.0,0.0,1.0,0,0.0,0,0.0,0,0.0,0,0.0,2,1.0,0,0.0,0,0.0,0,0.0,0,0.0
CPA卟炙釖,2,1,no_media,3,2,2022-12,0.0,0.0,0.0,0,0.0,0,0.0,0,0.0,0,0.0,0,0.0,1,1.0,0,0.0,0,0.0,0,0.0
CV饕餮,2,1,no_media,0,2,2023-05,0.0,0.0,0.0,0,0.0,0,0.0,0,0.0,0,0.0,0,0.0,1,1.0,0,0.0,0,0.0,0,0.0
CY郝希纯医生,2,1,no_media,0,2,2025-02,0.0,0.0,1.0,0,0.0,0,0.0,0,0.0,0,0.0,1,1.0,0,0.0,0,0.0,0,0.0,0,0.0
Capy芭芭拉,2,1,no_media,0,2,2024-04,0.0,0.0,0.0,0,0.0,0,0.0,0,0.0,0,0.0,0,0.0,0,0.0,0,0.0,0,0.0,1,1.0
Casi_Vista,2,1,no_media,0,2,2022-12,0.0,0.0,0.0,1,1.0,0,0.0,0,0.0,0,0.0,0,0.0,0,0.0,0,0.0,0,0.0,0,0.0
Cc的艺术设计研究室,5,4,no_media,2,5,2023-04,0.25,0.0,0.0,2,0.5,0,0.0,0,0.0,0,0.0,0,0.0,1,0.25,1,0.25,0,0.0,0,0.0
Cecilieeee_,2,1,no_media,0,2,2024-02,0.0,0.0,0.0,0,0.0,0,0.0,0,0.0,0,0.0,0,0.0,0,0.0,0,0.0,0,0.0,1,1.0
Ceci就是不等位,2,1,no_media,0,2,2024-04,0.0,0.0,0.0,1,1.0,0,0.0,0,0.0,0,0.0,0,0.0,0,0.0,0,0.0,0,0.0,0,0.0
Celeste697,2,1,no_media,0,2,2023-03,0.0,0.0,0.0,0,0.0,0,0.0,0,0.0,0,0.0,0,0.0,0,0.0,0,0.0,0,0.0,1,1.0
CellPress细胞出版社,4,3,no_media,0,4,2023-03,0.0,0.0,1.0,0,0.0,0,0.0,0,0.0,0,0.0,3,1.0,0,0.0,0,0.0,0,0.0,0,0.0
Chenhaowei要胜,2,1,no_media,4,2,2022-12,0.0,1.0,0.0,0,0.0,1,1.0,0,0.0,0,0.0,0,0.0,0,0.0,0,0.0,0,0.0,0,0.0
Cherry天兵小助理,2,1,no_media,0,2,2024-08,0.0,0.0,0.0,0,0.0,0,0.0,0,0.0,0,0.0,0,0.0,1,1.0,0,0.0,0,0.0,0,0.0
Chic94285,2,1,no_media,0,2,2023-08,0.0,0.0,0.0,0,0.0,0,0.0,0,0.0,0,0.0,0,0.0,0,0.0,0,0.0,0,0.0,1,1.0
ChristUnicorn-,2,1,no_media,0,1,2020-11,0.0,0.0,1.0,0,0.0,0,0.0,0,0.0,0,0.0,1,1.0,0,0.0,0,0.0,0,0.0,0,0.0
Christine040820,3,2,no_media,2,3,2023-03,0.0,0.0,1.0,0,0.0,0,0.0,0,0.0,0,0.0,2,1.0,0,0.0,0,0.0,0,0.0,0,0.0
Christopher__________,2,1,no_media,0,2,2023-05,1.0,0.0,0.0,0,0.0,0,0.0,0,0.0,1,1.0,0,0.0,0,0.0,0,0.0,0,0.0,0,0.0
Chrisyy_01,2,1,no_media,0,2,2023-06,0.0,0.0,0.0,0,0.0,0,0.0,0,0.0,0,0.0,0,0.0,0,0.0,0,0.0,0,0.0,1,1.0
Chris一何,2,1,no_media,1,2,2024-08,1.0,0.0,0.0,0,0.0,0,0.0,0,0.0,0,0.0,0,0.0,0,0.0,1,1.0,0,0.0,0,0.0
Chrome-Google浏览器,60,59,no_media,1,59,2023-03,0.01694915254237288,0.01694915254237288,0.9661016949152542,0,0.0,1,0.01694915254237288,0,0.0,1,0.01694915254237288,57,0.9661016949152542,0,0.0,0,0.0,0,0.0,0,0.0
Cici福诗诗,5,4,no_media,1,5,2025-04,0.5,0.5,0.0,0,0.0,0,0.0,2,0.5,1,0.25,0,0.0,0,0.0,1,0.25,0,0.0,0,0.0
CindfernzZy,2,1,no_media,1,2,2023-11,1.0,0.0,0.0,0,0.0,0,0.0,0,0.0,0,0.0,0,0.0,0,0.0,1,1.0,0,0.0,0,0.0
Clairebaby1314,2,1,no_media,2,2,2023-10,0.0,1.0,0.0,0,0.0,1,1.0,0,0.0,0,0.0,0,0.0,0,0.0,0,0.0,0,0.0,0,0.0
Coconut_拿铁,3,2,no_media,0,3,2023-04,0.5,0.5,0.0,0,0.0,1,0.5,0,0.0,0,0.0,0,0.0,0,0.0,1,0.5,0,0.0,0,0.0
Coffee_Yuan,2,1,mainstream_only,3,2,2022-03,0.0,0.0,0.0,0,0.0,0,0.0,0,0.0,0,0.0,0,0.0,1,1.0,0,0.0,0,0.0,0,0.0
Cool儿_vv,2,1,no_media,0,2,2023-06,0.0,1.0,0.0,0,0.0,0,0.0,1,1.0,0,0.0,0,0.0,0,0.0,0,0.0,0,0.0,0,0.0
Corbeauclaws,5,4,no_media,17,5,2023-04,0.25,0.25,0.5,0,0.0,1,0.25,0,0.0,1,0.25,2,0.5,0,0.0,0,0.0,0,0.0,0,0.0
Countrycat,3,2,no_media,0,3,2024-07,0.0,0.0,1.0,0,0.0,0,0.0,0,0.0,0,0.0,2,1.0,0,0.0,0,0.0,0,0.0,0,0.0
Creamy蕉,9,8,wemedia_only,5,8,2022-09,0.125,0.25,0.0,4,0.5,2,0.25,0,0.0,1,0.125,0,0.0,1,0.125,0,0.0,0,0.0,0,0.0
Cromwellz,2,1,no_media,0,2,2022-12,0.0,1.0,0.0,0,0.0,1,1.0,0,0.0,0,0.0,0,0.0,0,0.0,0,0.0,0,0.0,0,0.0
CronianFox,3,2,no_media,2,3,2023-08,0.5,0.0,0.0,0,0.0,0,0.0,0,0.0,0,0.0,0,0.0,1,0.5,1,0.5,0,0.0,0,0.0
D35CDR,4,3,no_media,0,4,2023-10,0.3333333333333333,0.6666666666666666,0.0,0,0.0,1,0.3333333333333333,1,0.3333333333333333,0,0.0,0,0.0,0,0.0,1,0.3333333333333333,0,0.0,0,0.0
DB浩浩耗,3,2,wemedia_only,2,3,2022-01,0.0,0.0,1.0,0,0.0,0,0.0,0,0.0,0,0.0,2,1.0,0,0.0,0,0.0,0,0.0,0,0.0
DC井是,4,3,no_media,2,4,2022-12,0.0,0.0,1.0,0,0.0,0,0.0,0,0.0,0,0.0,3,1.0,0,0.0,0,0.0,0,0.0,0,0.0
DDD爱吃奥利奥,2,1,no_media,0,2,2023-08,0.0,1.0,0.0,0,0.0,0,0.0,1,1.0,0,0.0,0,0.0,0,0.0,0,0.0,0,0.0,0,0.0
DESAZNC-12,3,2,no_media,4,3,2023-07,0.0,0.5,0.0,1,0.5,1,0.5,0,0.0,0,0.0,0,0.0,0,0.0,0,0.0,0,0.0,0,0.0
DK-meta,10,9,no_media,0,10,2023-03,0.0,0.0,0.1111111111111111,0,0.0,0,0.0,0,0.0,0,0.0,1,0.1111111111111111,3,0.3333333333333333,0,0.0,4,0.4444444444444444,1,0.1111111111111111
DLS_MWZZ,4,3,no_media,3,4,2023-04,0.0,0.0,0.3333333333333333,0,0.0,0,0.0,0,0.0,0,0.0,1,0.3333333333333333,0,0.0,0,0.0,1,0.3333333333333333,1,0.3333333333333333
DQ视角,2,1,no_media,0,2,2022-03,0.0,1.0,0.0,0,0.0,1,1.0,0,0.0,0,0.0,0,0.0,0,0.0,0,0.0,0,0.0,0,0.0
DREAM20007,2,1,no_media,0,2,2022-12,0.0,0.0,1.0,0,0.0,0,0.0,0,0.0,0,0.0,1,1.0,0,0.0,0,0.0,0,0.0,0,0.0
DTzzzzzzzzz,2,1,no_media,0,1,2022-12,0.0,0.0,0.0,1,1.0,0,0.0,0,0.0,0,0.0,0,0.0,0,0.0,0,0.0,0,0.0,0,0.0
DaDamaiDI963,2,1,no_media,0,2,2023-06,0.0,0.0,0.0,0,0.0,0,0.0,0,0.0,0,0.0,0,0.0,0,0.0,0,0.0,0,0.0,1,1.0
DadJerry2017,3,2,no_media,3,3,2024-06,0.0,0.0,1.0,0,0.0,0,0.0,0,0.0,0,0.0,2,1.0,0,0.0,0,0.0,0,0.0,0,0.0
DaiXinlei55,2,1,no_media,0,2,2023-02,0.0,0.0,0.0,0,0.0,0,0.0,0,0.0,0,0.0,0,0.0,0,0.0,0,0.0,0,0.0,1,1.0
Daisuxinsheng,3,2,no_media,0,3,2024-11,0.0,0.0,1.0,0,0.0,0,0.0,0,0.0,0,0.0,2,1.0,0,0.0,0,0.0,0,0.0,0,0.0
DaisyFlame,2,1,no_media,0,2,2023-05,0.0,1.0,0.0,0,0.0,0,0.0,1,1.0,0,0.0,0,0.0,0,0.0,0,0.0,0,0.0,0,0.0
Danni小路,2,1,no_media,1,2,2024-08,0.0,0.0,1.0,0,0.0,0,0.0,0,0.0,0,0.0,1,1.0,0,0.0,0,0.0,0,0.0,0,0.0
Danny赖,2,1,no_media,0,2,2022-12,0.0,0.0,0.0,0,0.0,0,0.0,0,0.0,0,0.0,0,0.0,0,0.0,0,0.0,0,0.0,1,1.0
DaoSeeker,5,4,no_media,1,5,2023-05,0.0,0.0,0.0,0,0.0,0,0.0,0,0.0,0,0.0,0,0.0,2,0.5,0,0.0,2,0.5,0,0.0
Dear阿狗,2,1,no_media,0,2,2023-02,0.0,0.0,0.0,0,0.0,0,0.0,0,0.0,0,0.0,0,0.0,0,0.0,0,0.0,0,0.0,1,1.0
DerVierteNeue撸舔立,2,1,no_media,4,2,2023-06,0.0,0.0,1.0,0,0.0,0,0.0,0,0.0,0,0.0,1,1.0,0,0.0,0,0.0,0,0.0,0,0.0
Design2021Blog,2,1,no_media,1,2,2023-04,0.0,0.0,1.0,0,0.0,0,0.0,0,0.0,0,0.0,1,1.0,0,0.0,0,0.0,0,0.0,0,0.0
Dhy18372369757,2,1,no_media,0,2,2023-04,0.0,0.0,1.0,0,0.0,0,0.0,0,0.0,0,0.0,1,1.0,0,0.0,0,0.0,0,0.0,0,0.0
Diewahne,5,4,no_media,13,5,2022-12,0.5,0.5,0.0,0,0.0,2,0.5,0,0.0,2,0.5,0,0.0,0,0.0,0,0.0,0,0.0,0,0.0
Doctor黄的肺腑之言,2,1,no_media,0,2,2024-03,0.0,0.0,1.0,0,0.0,0,0.0,0,0.0,0,0.0,1,1.0,0,0.0,0,0.0,0,0.0,0,0.0
Donna姐,3,2,no_media,0,3,2023-02,0.5,0.5,0.0,0,0.0,1,0.5,0,0.0,1,0.5,0,0.0,0,0.0,0,0.0,0,0.0,0,0.0
Douhooawen,2,1,no_media,0,2,2023-08,0.0,0.0,0.0,0,0.0,0,0.0,0,0.0,0,0.0,0,0.0,0,0.0,0,0.0,1,1.0,0,0.0
Dousy,2,1,no_media,1,2,2023-01,0.0,0.0,0.0,0,0.0,0,0.0,0,0.0,0,0.0,0,0.0,1,1.0,0,0.0,0,0.0,0,0.0
DrX说,4,3,no_media,0,4,2023-02,0.3333333333333333,0.0,0.6666666666666666,0,0.0,0,0.0,0,0.0,1,0.3333333333333333,2,0.6666666666666666,0,0.0,0,0.0,0,0.0,0,0.0
Dr_任,4,3,no_media,3,4,2023-01,0.0,0.0,1.0,0,0.0,0,0.0,0,0.0,0,0.0,3,1.0,0,0.0,0,0.0,0,0.0,0,0.0
Dr嘚嘚,18,17,wemedia_only,2,15,2022-10,0.0,0.0,0.8235294117647058,0,0.0,0,0.0,0,0.0,0,0.0,14,0.8235294117647058,1,0.058823529411764705,0,0.0,2,0.11764705882352941,0,0.0
Dr老爸的育儿经,6,5,no_media,0,6,2023-02,0.0,0.0,1.0,0,0.0,0,0.0,0,0.0,0,0.0,5,1.0,0,0.0,0,0.0,0,0.0,0,0.0
Dr药上新了ug,2,1,no_media,0,2,2025-05,0.0,0.0,1.0,0,0.0,0,0.0,0,0.0,0,0.0,1,1.0,0,0.0,0,0.0,0,0.0,0,0.0
D世界第一公主殿下,2,1,no_media,0,2,2023-04,0.0,0.0,0.0,1,1.0,0,0.0,0,0.0,0,0.0,0,0.0,0,0.0,0,0.0,0,0.0,0,0.0
ESC7655,2,1,no_media,4,2,2024-08,1.0,0.0,0.0,0,0.0,0,0.0,0,0.0,0,0.0,0,0.0,0,0.0,1,1.0,0,0.0,0,0.0
ETtoday新聞雲,61,60,no_media,0,58,2023-02,0.05,0.05,0.9,0,0.0,3,0.05,0,0.0,3,0.05,54,0.9,0,0.0,0,0.0,0,0.0,0,0.0
ETtoday星光雲官方微博,3,2,no_media,0,2,2023-06,0.0,0.0,1.0,0,0.0,0,0.0,0,0.0,0,0.0,2,1.0,0,0.0,0,0.0,0,0.0,0,0.0
Earth_tour,2,1,no_media,2,2,2024-03,0.0,0.0,0.0,1,1.0,0,0.0,0,0.0,0,0.0,0,0.0,0,0.0,0,0.0,0,0.0,0,0.0
Echo-chee,2,1,no_media,0,1,2023-08,0.0,0.0,0.0,0,0.0,0,0.0,0,0.0,0,0.0,0,0.0,0,0.0,0,0.0,0,0.0,1,1.0
Echo去看珊瑚呀,2,1,no_media,0,2,2023-07,1.0,0.0,0.0,0,0.0,0,0.0,0,0.0,0,0.0,0,0.0,0,0.0,1,1.0,0,0.0,0,0.0
Echo橘子周,2,1,no_media,0,2,2023-09,0.0,0.0,0.0,0,0.0,0,0.0,0,0.0,0,0.0,0,0.0,0,0.0,0,0.0,1,1.0,0,0.0
Eclipseyeeeee,2,1,no_media,0,2,2023-02,0.0,0.0,0.0,0,0.0,0,0.0,0,0.0,0,0.0,0,0.0,0,0.0,0,0.0,0,0.0,1,1.0
Edna512,3,2,no_media,1,3,2023-02,0.0,0.5,0.5,0,0.0,1,0.5,0,0.0,0,0.0,1,0.5,0,0.0,0,0.0,0,0.0,0,0.0
Ee衣时大意,2,1,no_media,0,2,2023-05,0.0,0.0,0.0,0,0.0,0,0.0,0,0.0,0,0.0,0,0.0,0,0.0,0,0.0,0,0.0,1,1.0
Eilice,2,1,no_media,0,2,2023-04,0.0,0.0,0.0,0,0.0,0,0.0,0,0.0,0,0.0,0,0.0,1,1.0,0,0.0,0,0.0,0,0.0
Elizabeth1113,2,1,no_media,2,2,2023-10,0.0,0.0,0.0,0,0.0,0,0.0,0,0.0,0,0.0,0,0.0,0,0.0,0,0.0,1,1.0,0,0.0
Ellenfish,2,1,wemedia_only,1,2,2022-03,0.0,0.0,1.0,0,0.0,0,0.0,0,0.0,0,0.0,1,1.0,0,0.0,0,0.0,0,0.0,0,0.0
Ellen花开四季,2,1,no_media,0,2,2024-07,0.0,0.0,1.0,0,0.0,0,0.0,0,0.0,0,0.0,1,1.0,0,0.0,0,0.0,0,0.0,0,0.0
EmilyAniston,2,1,no_media,0,2,2022-12,1.0,0.0,0.0,0,0.0,0,0.0,0,0.0,1,1.0,0,0.0,0,0.0,0,0.0,0,0.0,0,0.0
Emma_H_Sue,2,1,no_media,2,2,2022-12,0.0,0.0,0.0,0,0.0,0,0.0,0,0.0,0,0.0,0,0.0,1,1.0,0,0.0,0,0.0,0,0.0
Erinya102,2,1,mainstream_only,1,1,2024-03,0.0,0.0,0.0,0,0.0,0,0.0,0,0.0,0,0.0,0,0.0,1,1.0,0,0.0,0,0.0,0,0.0
Eva·Art,3,2,no_media,0,3,2022-12,0.0,0.0,0.0,0,0.0,0,0.0,0,0.0,0,0.0,0,0.0,1,0.5,0,0.0,1,0.5,0,0.0
EveNinG夜p,3,2,wemedia_only,7,3,2022-12,0.5,0.0,0.0,1,0.5,0,0.0,0,0.0,1,0.5,0,0.0,0,0.0,0,0.0,0,0.0,0,0.0
Exergen颞动脉体温计,21,20,no_media,0,18,2023-03,0.0,0.0,1.0,0,0.0,0,0.0,0,0.0,0,0.0,20,1.0,0,0.0,0,0.0,0,0.0,0,0.0
E滁州官博,2,1,no_media,0,2,2023-02,0.0,0.0,1.0,0,0.0,0,0.0,0,0.0,0,0.0,1,1.0,0,0.0,0,0.0,0,0.0,0,0.0
F-健康涨球,3,2,no_media,0,3,2024-04,0.0,0.5,0.5,0,0.0,1,0.5,0,0.0,0,0.0,1,0.5,0,0.0,0,0.0,0,0.0,0,0.0
FB一锅土鸡汤,2,1,no_media,0,2,2023-09,0.0,0.0,1.0,0,0.0,0,0.0,0,0.0,0,0.0,1,1.0,0,0.0,0,0.0,0,0.0,0,0.0
FLOOR_Ning,6,5,wemedia_only,10,1,2020-03,0.0,0.0,1.0,0,0.0,0,0.0,0,0.0,0,0.0,5,1.0,0,0.0,0,0.0,0,0.0,0,0.0
FM107太原交通广播,2,1,no_media,0,2,2023-05,0.0,0.0,1.0,0,0.0,0,0.0,0,0.0,0,0.0,1,1.0,0,0.0,0,0.0,0,0.0,0,0.0
FM2501,4,3,no_media,4,4,2023-05,0.0,0.0,1.0,0,0.0,0,0.0,0,0.0,0,0.0,3,1.0,0,0.0,0,0.0,0,0.0,0,0.0
FM903安庆综合广播,2,1,no_media,0,2,2023-04,0.0,0.0,1.0,0,0.0,0,0.0,0,0.0,0,0.0,1,1.0,0,0.0,0,0.0,0,0.0,0,0.0
FM93浙江交通之声,15,14,no_media,0,13,2020-03,0.0,0.0,1.0,0,0.0,0,0.0,0,0.0,0,0.0,14,1.0,0,0.0,0,0.0,0,0.0,0,0.0
FM955大医生来了,2,1,no_media,0,2,2023-01,0.0,0.0,1.0,0,0.0,0,0.0,0,0.0,0,0.0,1,1.0,0,0.0,0,0.0,0,0.0,0,0.0
FM994资讯音乐台,2,1,no_media,0,2,2023-03,0.0,0.0,1.0,0,0.0,0,0.0,0,0.0,0,0.0,1,1.0,0,0.0,0,0.0,0,0.0,0,0.0
FT中文网,3,2,no_media,0,3,2023-03,0.0,0.0,1.0,0,0.0,0,0.0,0,0.0,0,0.0,2,1.0,0,0.0,0,0.0,0,0.0,0,0.0
FZ小药童,3,2,no_media,2,3,2023-02,0.0,0.0,1.0,0,0.0,0,0.0,0,0.0,0,0.0,2,1.0,0,0.0,0,0.0,0,0.0,0,0.0
Foamsoleil,2,1,no_media,0,1,2022-12,0.0,1.0,0.0,0,0.0,1,1.0,0,0.0,0,0.0,0,0.0,0,0.0,0,0.0,0,0.0,0,0.0
ForeverLoveJourney歐洲婚紗攝影,2,1,no_media,0,2,2023-03,0.0,0.0,1.0,0,0.0,0,0.0,0,0.0,0,0.0,1,1.0,0,0.0,0,0.0,0,0.0,0,0.0
Forever卓然,2,1,no_media,1,2,2024-12,0.0,0.0,0.0,0,0.0,0,0.0,0,0.0,0,0.0,0,0.0,0,0.0,0,0.0,0,0.0,1,1.0
FrancesCJ,2,1,mainstream_only,1,1,2022-12,0.0,0.0,1.0,0,0.0,0,0.0,0,0.0,0,0.0,1,1.0,0,0.0,0,0.0,0,0.0,0,0.0
FuJiLiLe,2,1,mainstream_only,1,2,2023-02,0.0,0.0,1.0,0,0.0,0,0.0,0,0.0,0,0.0,1,1.0,0,0.0,0,0.0,0,0.0,0,0.0
FumiYins,2,1,no_media,1,2,2022-12,0.0,0.0,1.0,0,0.0,0,0.0,0,0.0,0,0.0,1,1.0,0,0.0,0,0.0,0,0.0,0,0.0
FunfaN__,2,1,no_media,0,2,2023-02,0.0,0.0,0.0,0,0.0,0,0.0,0,0.0,0,0.0,0,0.0,0,0.0,0,0.0,0,0.0,1,1.0
Fungi1314,11,10,mainstream_only,8,11,2023-02,0.2,0.3,0.4,0,0.0,2,0.2,1,0.1,2,0.2,4,0.4,0,0.0,0,0.0,1,0.1,0,0.0
FurrySleepyBeauty,2,1,no_media,0,2,2023-05,0.0,0.0,0.0,0,0.0,0,0.0,0,0.0,0,0.0,0,0.0,0,0.0,0,0.0,0,0.0,1,1.0
Futureexpectation,2,1,no_media,0,2,2023-05,1.0,0.0,0.0,0,0.0,0,0.0,0,0.0,0,0.0,0,0.0,0,0.0,1,1.0,0,0.0,0,0.0
GEM-NMN,4,3,no_media,0,4,2023-01,0.0,0.0,1.0,0,0.0,0,0.0,0,0.0,0,0.0,3,1.0,0,0.0,0,0.0,0,0.0,0,0.0
GOKURAKUJI_,2,1,no_media,0,2,2023-03,0.0,0.0,0.0,0,0.0,0,0.0,0,0.0,0,0.0,0,0.0,1,1.0,0,0.0,0,0.0,0,0.0
GPU有点多,2,1,no_media,0,2,2024-11,0.0,0.0,0.0,0,0.0,0,0.0,0,0.0,0,0.0,0,0.0,0,0.0,0,0.0,1,1.0,0,0.0
G_怀夕,2,1,no_media,0,2,2023-02,0.0,0.0,0.0,0,0.0,0,0.0,0,0.0,0,0.0,0,0.0,0,0.0,0,0.0,0,0.0,1,1.0
Gemvic,2,1,no_media,1,2,2023-04,1.0,0.0,0.0,0,0.0,0,0.0,0,0.0,1,1.0,0,0.0,0,0.0,0,0.0,0,0.0,0,0.0
George-wsl,2,1,no_media,1,2,2023-02,0.0,0.0,0.0,0,0.0,0,0.0,0,0.0,0,0.0,0,0.0,0,0.0,0,0.0,0,0.0,1,1.0
Gerda_格尔达,3,2,no_media,0,3,2023-03,0.5,0.5,0.0,0,0.0,1,0.5,0,0.0,1,0.5,0,0.0,0,0.0,0,0.0,0,0.0,0,0.0
Go_Girrrl,2,1,no_media,2,2,2023-08,0.0,0.0,1.0,0,0.0,0,0.0,0,0.0,0,0.0,1,1.0,0,0.0,0,0.0,0,0.0,0,0.0
Gorgeous_Hope,11,10,no_media,3,11,2023-01,0.3,0.2,0.3,0,0.0,1,0.1,1,0.1,2,0.2,3,0.3,1,0.1,1,0.1,1,0.1,0,0.0
Gounun经典,6,5,no_media,0,5,2022-07,0.0,0.2,0.8,0,0.0,1,0.2,0,0.0,0,0.0,4,0.8,0,0.0,0,0.0,0,0.0,0,0.0
Grace佳,3,2,no_media,0,3,2025-02,0.0,0.0,0.0,0,0.0,0,0.0,0,0.0,0,0.0,0,0.0,0,0.0,0,0.0,1,0.5,1,0.5
G朵朵芃蓁,2,1,no_media,0,2,2020-11,0.0,0.0,1.0,0,0.0,0,0.0,0,0.0,0,0.0,1,1.0,0,0.0,0,0.0,0,0.0,0,0.0
G黄智雄,7,6,no_media,0,7,2023-03,0.0,0.0,1.0,0,0.0,0,0.0,0,0.0,0,0.0,6,1.0,0,0.0,0,0.0,0,0.0,0,0.0
H45胡萝卜的好朋友12,2,1,no_media,2,2,2023-02,0.0,0.0,1.0,0,0.0,0,0.0,0,0.0,0,0.0,1,1.0,0,0.0,0,0.0,0,0.0,0,0.0
HECATE佩拉宫的午夜Sidney,10,9,no_media,6,10,2023-06,0.2222222222222222,0.1111111111111111,0.0,2,0.2222222222222222,0,0.0,1,0.1111111111111111,0,0.0,0,0.0,2,0.2222222222222222,2,0.2222222222222222,1,0.1111111111111111,1,0.1111111111111111
HEIHEIG,3,2,no_media,0,3,2020-03,0.0,0.0,1.0,0,0.0,0,0.0,0,0.0,0,0.0,2,1.0,0,0.0,0,0.0,0,0.0,0,0.0
HERMES的小窝,2,1,no_media,0,2,2020-03,1.0,0.0,0.0,0,0.0,0,0.0,0,0.0,1,1.0,0,0.0,0,0.0,0,0.0,0,0.0,0,0.0
HIV松鼠哥,2,1,no_media,0,2,2023-07,0.0,0.0,1.0,0,0.0,0,0.0,0,0.0,0,0.0,1,1.0,0,0.0,0,0.0,0,0.0,0,0.0
HI小猪2008,4,3,no_media,4,4,2023-06,0.0,0.0,1.0,0,0.0,0,0.0,0,0.0,0,0.0,3,1.0,0,0.0,0,0.0,0,0.0,0,0.0
HKG報,3,2,no_media,0,3,2023-02,0.0,0.0,1.0,0,0.0,0,0.0,0,0.0,0,0.0,2,1.0,0,0.0,0,0.0,0,0.0,0,0.0
HNB811,2,1,no_media,1,2,2023-05,0.0,0.0,1.0,0,0.0,0,0.0,0,0.0,0,0.0,1,1.0,0,0.0,0,0.0,0,0.0,0,0.0
HO_InW,5,4,no_media,0,2,2023-06,0.0,0.0,0.75,0,0.0,0,0.0,0,0.0,0,0.0,3,0.75,1,0.25,0,0.0,0,0.0,0,0.0
HRA-惠斯安普,2,1,mainstream_only,2,2,2021-11,0.0,0.0,1.0,0,0.0,0,0.0,0,0.0,0,0.0,1,1.0,0,0.0,0,0.0,0,0.0,0,0.0
HRB冰城新闻,6,5,no_media,0,6,2023-01,0.0,0.0,1.0,0,0.0,0,0.0,0,0.0,0,0.0,5,1.0,0,0.0,0,0.0,0,0.0,0,0.0
HY666-,2,1,no_media,0,2,2022-03,0.0,0.0,1.0,0,0.0,0,0.0,0,0.0,0,0.0,1,1.0,0,0.0,0,0.0,0,0.0,0,0.0
HZTV惠州电视台,2,1,no_media,0,2,2023-08,0.0,0.0,1.0,0,0.0,0,0.0,0,0.0,0,0.0,1,1.0,0,0.0,0,0.0,0,0.0,0,0.0
Haappy_MM,2,1,no_media,0,2,2023-04,0.0,0.0,0.0,0,0.0,0,0.0,0,0.0,0,0.0,0,0.0,0,0.0,0,0.0,0,0.0,1,1.0
Hai_Tucker,2,1,no_media,0,2,2023-05,0.0,0.0,0.0,0,0.0,0,0.0,0,0.0,0,0.0,0,0.0,0,0.0,0,0.0,1,1.0,0,0.0
Hector_Dixon,2,1,no_media,0,2,2023-04,1.0,0.0,0.0,0,0.0,0,0.0,0,0.0,0,0.0,0,0.0,0,0.0,1,1.0,0,0.0,0,0.0
HedgehogLetter,3,2,mainstream_only,1,3,2023-04,0.0,0.5,0.0,0,0.0,1,0.5,0,0.0,0,0.0,0,0.0,1,0.5,0,0.0,0,0.0,0,0.0
HeeKai_Ji,2,1,no_media,0,2,2025-05,0.0,0.0,1.0,0,0.0,0,0.0,0,0.0,0,0.0,1,1.0,0,0.0,0,0.0,0,0.0,0,0.0
Helene2333,2,1,no_media,0,2,2023-10,0.0,1.0,0.0,0,0.0,1,1.0,0,0.0,0,0.0,0,0.0,0,0.0,0,0.0,0,0.0,0,0.0
Hello海洲,2,1,no_media,0,2,2020-03,0.0,0.0,1.0,0,0.0,0,0.0,0,0.0,0,0.0,1,1.0,0,0.0,0,0.0,0,0.0,0,0.0
Herbiewu,2,1,no_media,0,2,2023-02,0.0,0.0,0.0,0,0.0,0,0.0,0,0.0,0,0.0,0,0.0,1,1.0,0,0.0,0,0.0,0,0.0
Hermann零售微博本人,3,2,no_media,2,2,2023-05,0.0,0.0,0.0,0,0.0,0,0.0,0,0.0,0,0.0,0,0.0,1,0.5,0,0.0,1,0.5,0,0.0
HhhhhClh,2,1,wemedia_only,3,2,2023-10,0.0,1.0,0.0,0,0.0,1,1.0,0,0.0,0,0.0,0,0.0,0,0.0,0,0.0,0,0.0,0,0.0
Hikaru_Haibara,2,1,no_media,0,2,2023-06,0.0,0.0,0.0,0,0.0,0,0.0,0,0.0,0,0.0,0,0.0,0,0.0,0,0.0,1,1.0,0,0.0
Holiday春夏,2,1,no_media,6,2,2024-02,0.0,0.0,1.0,0,0.0,0,0.0,0,0.0,0,0.0,1,1.0,0,0.0,0,0.0,0,0.0,0,0.0
HomeTest丁妈家庭实验室,2,1,no_media,0,2,2023-01,0.0,0.0,1.0,0,0.0,0,0.0,0,0.0,0,0.0,1,1.0,0,0.0,0,0.0,0,0.0,0,0.0
Houson猴姆,3,2,no_media,0,3,2023-05,0.0,0.0,1.0,0,0.0,0,0.0,0,0.0,0,0.0,2,1.0,0,0.0,0,0.0,0,0.0,0,0.0
Hubble0410,3,2,no_media,1,3,2023-07,0.0,0.0,1.0,0,0.0,0,0.0,0,0.0,0,0.0,2,1.0,0,0.0,0,0.0,0,0.0,0,0.0
HydrAngeAsylum42,3,2,no_media,0,3,2023-08,0.0,0.5,0.0,1,0.5,1,0.5,0,0.0,0,0.0,0,0.0,0,0.0,0,0.0,0,0.0,0,0.0
ICU胡医生,2,1,no_media,0,2,2023-06,0.0,0.0,1.0,0,0.0,0,0.0,0,0.0,0,0.0,1,1.0,0,0.0,0,0.0,0,0.0,0,0.0
ICU重症王大夫,3,2,no_media,0,3,2023-05,0.0,0.0,1.0,0,0.0,0,0.0,0,0.0,0,0.0,2,1.0,0,0.0,0,0.0,0,0.0,0,0.0
IOUIOUliu,3,2,no_media,2,3,2023-11,0.0,0.0,0.0,2,1.0,0,0.0,0,0.0,0,0.0,0,0.0,0,0.0,0,0.0,0,0.0,0,0.0
IStarive,2,1,no_media,0,2,2022-12,0.0,0.0,0.0,0,0.0,0,0.0,0,0.0,0,0.0,0,0.0,0,0.0,0,0.0,0,0.0,1,1.0
IT信鸽,2,1,no_media,1,1,2023-12,1.0,0.0,0.0,0,0.0,0,0.0,0,0.0,1,1.0,0,0.0,0,0.0,0,0.0,0,0.0,0,0.0
I_爱沫尔,2,1,no_media,0,2,2023-02,0.0,0.0,0.0,0,0.0,0,0.0,0,0.0,0,0.0,0,0.0,0,0.0,0,0.0,0,0.0,1,1.0
Iamalloveryou,3,2,no_media,0,1,2025-02,0.0,0.0,1.0,0,0.0,0,0.0,0,0.0,0,0.0,2,1.0,0,0.0,0,0.0,0,0.0,0,0.0
InaMokYingXin,2,1,no_media,0,2,2025-01,0.0,0.0,1.0,0,0.0,0,0.0,0,0.0,0,0.0,1,1.0,0,0.0,0,0.0,0,0.0,0,0.0
InhaleVita英维太,2,1,no_media,0,2,2024-08,0.0,0.0,1.0,0,0.0,0,0.0,0,0.0,0,0.0,1,1.0,0,0.0,0,0.0,0,0.0,0,0.0
Insane2023,2,1,no_media,0,2,2023-02,0.0,0.0,0.0,0,0.0,0,0.0,0,0.0,0,0.0,0,0.0,0,0.0,0,0.0,0,0.0,1,1.0
IntrinsicColor,2,1,no_media,0,2,2023-03,0.0,0.0,0.0,0,0.0,0,0.0,0,0.0,0,0.0,0,0.0,0,0.0,0,0.0,0,0.0,1,1.0
IsLifeAlwaysThisHardOrOnlyKids,2,1,no_media,1,2,2023-07,0.0,0.0,0.0,0,0.0,0,0.0,0,0.0,0,0.0,0,0.0,0,0.0,0,0.0,0,0.0,1,1.0
IssacOnly,5,4,wemedia_only,10,4,2023-02,0.0,0.0,0.5,0,0.0,0,0.0,0,0.0,0,0.0,2,0.5,1,0.25,0,0.0,1,0.25,0,0.0
I汝之秀吾不及也,2,1,no_media,0,1,2024-08,0.0,0.0,0.0,0,0.0,0,0.0,0,0.0,0,0.0,0,0.0,0,0.0,0,0.0,0,0.0,1,1.0
JJLin的假粉,2,1,no_media,0,2,2023-02,0.0,0.0,1.0,0,0.0,0,0.0,0,0.0,0,0.0,1,1.0,0,0.0,0,0.0,0,0.0,0,0.0
JKFG-YBFQ,2,1,no_media,1,2,2023-04,0.0,0.0,0.0,0,0.0,0,0.0,0,0.0,0,0.0,0,0.0,1,1.0,0,0.0,0,0.0,0,0.0
JK日常,2,1,no_media,0,2,2023-06,0.0,0.0,0.0,0,0.0,0,0.0,0,0.0,0,0.0,0,0.0,0,0.0,0,0.0,0,0.0,1,1.0
JMT日本医疗观光,3,2,no_media,0,3,2023-02,0.0,0.0,1.0,0,0.0,0,0.0,0,0.0,0,0.0,2,1.0,0,0.0,0,0.0,0,0.0,0,0.0
JacquelineTsui,4,3,no_media,0,3,2024-06,0.0,0.0,1.0,0,0.0,0,0.0,0,0.0,0,0.0,3,1.0,0,0.0,0,0.0,0,0.0,0,0.0
Jane-双面娇娃,3,2,no_media,2,3,2023-12,0.0,0.0,1.0,0,0.0,0,0.0,0,0.0,0,0.0,2,1.0,0,0.0,0,0.0,0,0.0,0,0.0
Jane50009,3,2,no_media,0,2,2025-04,0.0,0.0,1.0,0,0.0,0,0.0,0,0.0,0,0.0,2,1.0,0,0.0,0,0.0,0,0.0,0,0.0
Janelunar,2,1,no_media,0,1,2023-03,0.0,0.0,1.0,0,0.0,0,0.0,0,0.0,0,0.0,1,1.0,0,0.0,0,0.0,0,0.0,0,0.0
JanuaryMAY,3,2,no_media,0,3,2023-02,0.0,0.0,0.0,0,0.0,0,0.0,0,0.0,0,0.0,0,0.0,1,0.5,0,0.0,1,0.5,0,0.0
Jcbrwc,4,3,no_media,0,4,2023-04,0.0,0.0,1.0,0,0.0,0,0.0,0,0.0,0,0.0,3,1.0,0,0.0,0,0.0,0,0.0,0,0.0
Jesencc,2,1,no_media,1,2,2023-08,0.0,0.0,1.0,0,0.0,0,0.0,0,0.0,0,0.0,1,1.0,0,0.0,0,0.0,0,0.0,0,0.0
JieDoou,2,1,no_media,0,2,2023-07,0.0,0.0,0.0,0,0.0,0,0.0,0,0.0,0,0.0,0,0.0,1,1.0,0,0.0,0,0.0,0,0.0
JoeJohn,4,3,mainstream_only,2,4,2023-10,0.0,0.0,1.0,0,0.0,0,0.0,0,0.0,0,0.0,3,1.0,0,0.0,0,0.0,0,0.0,0,0.0
JohnnieWalker_,2,1,no_media,0,2,2023-01,0.0,0.0,0.0,0,0.0,0,0.0,0,0.0,0,0.0,0,0.0,0,0.0,0,0.0,0,0.0,1,1.0
Joken是个runner,2,1,no_media,0,2,2023-12,0.0,0.0,1.0,0,0.0,0,0.0,0,0.0,0,0.0,1,1.0,0,0.0,0,0.0,0,0.0,0,0.0
Jokielicious,11,10,no_media,8,10,2022-09,0.2,0.3,0.3,0,0.0,2,0.2,1,0.1,1,0.1,3,0.3,1,0.1,1,0.1,1,0.1,0,0.0
Joythecat,2,1,no_media,0,2,2023-12,0.0,1.0,0.0,0,0.0,0,0.0,1,1.0,0,0.0,0,0.0,0,0.0,0,0.0,0,0.0,0,0.0
Jo去瞧瞧-,2,1,no_media,0,2,2023-09,0.0,0.0,1.0,0,0.0,0,0.0,0,0.0,0,0.0,1,1.0,0,0.0,0,0.0,0,0.0,0,0.0
Julie要看书,2,1,no_media,0,2,2023-04,0.0,0.0,0.0,1,1.0,0,0.0,0,0.0,0,0.0,0,0.0,0,0.0,0,0.0,0,0.0,0,0.0
JunnyJunny,2,1,no_media,0,2,2023-02,1.0,0.0,0.0,0,0.0,0,0.0,0,0.0,1,1.0,0,0.0,0,0.0,0,0.0,0,0.0,0,0.0
JustForTheCaptainLay,2,1,no_media,0,2,2023-05,1.0,0.0,0.0,0,0.0,0,0.0,0,0.0,0,0.0,0,0.0,0,0.0,1,1.0,0,0.0,0,0.0
JustK1n9,10,9,no_media,0,10,2023-08,0.0,0.0,1.0,0,0.0,0,0.0,0,0.0,0,0.0,9,1.0,0,0.0,0,0.0,0,0.0,0,0.0
KDS_忍者乱太郎,2,1,no_media,1,2,2023-03,0.0,0.0,0.0,1,1.0,0,0.0,0,0.0,0,0.0,0,0.0,0,0.0,0,0.0,0,0.0,0,0.0
K__Final,2,1,no_media,0,2,2023-06,0.0,1.0,0.0,0,0.0,0,0.0,1,1.0,0,0.0,0,0.0,0,0.0,0,0.0,0,0.0,0,0.0
Kainin20221027,17,16,no_media,2,17,2023-02,0.25,0.25,0.0625,7,0.4375,4,0.25,0,0.0,4,0.25,1,0.0625,0,0.0,0,0.0,0,0.0,0,0.0
Kamaria清和,2,1,no_media,3,2,2022-12,0.0,0.0,0.0,1,1.0,0,0.0,0,0.0,0,0.0,0,0.0,0,0.0,0,0.0,0,0.0,0,0.0
Kamino_,5,4,no_media,0,5,2023-02,0.25,0.25,0.25,0,0.0,0,0.0,1,0.25,1,0.25,1,0.25,0,0.0,0,0.0,0,0.0,1,0.25
Karcha_退休不好嘛,2,1,no_media,0,2,2024-03,0.0,0.0,0.0,0,0.0,0,0.0,0,0.0,0,0.0,0,0.0,0,0.0,0,0.0,1,1.0,0,0.0
Karl-Friedrich,4,3,no_media,14,4,2023-07,0.0,0.3333333333333333,0.6666666666666666,0,0.0,1,0.3333333333333333,0,0.0,0,0.0,2,0.6666666666666666,0,0.0,0,0.0,0,0.0,0,0.0
Kasumi祁,2,1,no_media,0,2,2023-03,1.0,0.0,0.0,0,0.0,0,0.0,0,0.0,0,0.0,0,0.0,0,0.0,1,1.0,0,0.0,0,0.0
Kathy_run,2,1,mainstream_only,1,1,2022-03,0.0,0.0,1.0,0,0.0,0,0.0,0,0.0,0,0.0,1,1.0,0,0.0,0,0.0,0,0.0,0,0.0
Kenichi00s,2,1,no_media,0,2,2023-08,0.0,1.0,0.0,0,0.0,0,0.0,1,1.0,0,0.0,0,0.0,0,0.0,0,0.0,0,0.0,0,0.0
Kilo_wong,3,2,no_media,1,3,2023-02,0.5,0.0,0.5,0,0.0,0,0.0,0,0.0,1,0.5,1,0.5,0,0.0,0,0.0,0,0.0,0,0.0
Kimmy最喜欢JJK了,2,1,no_media,2,1,2025-03,0.0,0.0,0.0,0,0.0,0,0.0,0,0.0,0,0.0,0,0.0,0,0.0,0,0.0,0,0.0,1,1.0
Kix3_我楽苦多,2,1,no_media,0,2,2023-12,0.0,0.0,0.0,0,0.0,0,0.0,0,0.0,0,0.0,0,0.0,0,0.0,0,0.0,0,0.0,1,1.0
Kk价值线,2,1,no_media,0,2,2025-05,0.0,0.0,1.0,0,0.0,0,0.0,0,0.0,0,0.0,1,1.0,0,0.0,0,0.0,0,0.0,0,0.0
Kmoon扬扬de柠檬味蟹粉小汤圆,4,3,no_media,0,4,2023-03,0.0,0.0,0.6666666666666666,0,0.0,0,0.0,0,0.0,0,0.0,2,0.6666666666666666,0,0.0,0,0.0,1,0.3333333333333333,0,0.0
Kneedoyeah2020,3,2,wemedia_only,5,3,2023-09,0.0,0.5,0.5,0,0.0,1,0.5,0,0.0,0,0.0,1,0.5,0,0.0,0,0.0,0,0.0,0,0.0
KrisFish,6,5,wemedia_only,5,4,2023-08,0.0,0.2,0.6,1,0.2,1,0.2,0,0.0,0,0.0,3,0.6,0,0.0,0,0.0,0,0.0,0,0.0
Kudo_Ran_sr,4,3,wemedia_only,3,4,2024-01,0.3333333333333333,0.0,0.3333333333333333,0,0.0,0,0.0,0,0.0,1,0.3333333333333333,1,0.3333333333333333,0,0.0,0,0.0,1,0.3333333333333333,0,0.0
K少家的阿菲,2,1,wemedia_only,2,1,2023-02,0.0,0.0,0.0,0,0.0,0,0.0,0,0.0,0,0.0,0,0.0,1,1.0,0,0.0,0,0.0,0,0.0
LC-罗晨,2,1,no_media,0,2,2023-04,0.0,0.0,1.0,0,0.0,0,0.0,0,0.0,0,0.0,1,1.0,0,0.0,0,0.0,0,0.0,0,0.0
LIFECARE健康,2,1,no_media,0,2,2022-08,1.0,0.0,0.0,0,0.0,0,0.0,0,0.0,1,1.0,0,0.0,0,0.0,0,0.0,0,0.0,0,0.0
LJ不是很想吃鸡,2,1,no_media,0,2,2023-09,0.0,0.0,1.0,0,0.0,0,0.0,0,0.0,0,0.0,1,1.0,0,0.0,0,0.0,0,0.0,0,0.0
LOL动图菌,2,1,no_media,0,2,2023-12,0.0,0.0,1.0,0,0.0,0,0.0,0,0.0,0,0.0,1,1.0,0,0.0,0,0.0,0,0.0,0,0.0
LTV港城365,10,9,no_media,0,6,2020-03,0.0,0.0,1.0,0,0.0,0,0.0,0,0.0,0,0.0,9,1.0,0,0.0,0,0.0,0,0.0,0,0.0
LYN_小涵yyds_高三版,2,1,no_media,0,2,2022-12,1.0,0.0,0.0,0,0.0,0,0.0,0,0.0,1,1.0,0,0.0,0,0.0,0,0.0,0,0.0,0,0.0
L__-__L,4,3,no_media,20,4,2023-01,0.0,0.3333333333333333,0.0,0,0.0,0,0.0,1,0.3333333333333333,0,0.0,0,0.0,0,0.0,0,0.0,0,0.0,2,0.6666666666666666
LachesisS,2,1,no_media,0,2,2024-02,0.0,0.0,1.0,0,0.0,0,0.0,0,0.0,0,0.0,1,1.0,0,0.0,0,0.0,0,0.0,0,0.0
Laderach制药工坊,11,10,no_media,0,11,2023-02,0.1,0.1,0.8,0,0.0,1,0.1,0,0.0,1,0.1,8,0.8,0,0.0,0,0.0,0,0.0,0,0.0
Lady--雅小贝,2,1,wemedia_only,1,2,2023-02,0.0,0.0,1.0,0,0.0,0,0.0,0,0.0,0,0.0,1,1.0,0,0.0,0,0.0,0,0.0,0,0.0
Leightondeer,2,1,no_media,0,2,2024-02,0.0,0.0,0.0,0,0.0,0,0.0,0,0.0,0,0.0,0,0.0,0,0.0,0,0.0,0,0.0,1,1.0
Lena甜甜圈,2,1,no_media,0,2,2023-05,0.0,0.0,0.0,0,0.0,0,0.0,0,0.0,0,0.0,0,0.0,1,1.0,0,0.0,0,0.0,0,0.0
LeninadeIV,2,1,mainstream_only,1,2,2023-06,1.0,0.0,0.0,0,0.0,0,0.0,0,0.0,0,0.0,0,0.0,0,0.0,1,1.0,0,0.0,0,0.0
Lenixer,6,5,no_media,2,6,2023-03,0.2,0.2,0.6,0,0.0,1,0.2,0,0.0,1,0.2,3,0.6,0,0.0,0,0.0,0,0.0,0,0.0
Leon_TheProfessionaI,3,2,no_media,0,3,2025-05,0.5,0.5,0.0,0,0.0,0,0.0,1,0.5,0,0.0,0,0.0,0,0.0,1,0.5,0,0.0,0,0.0
Leon凉老师,2,1,no_media,0,2,2023-06,0.0,0.0,0.0,0,0.0,0,0.0,0,0.0,0,0.0,0,0.0,0,0.0,0,0.0,1,1.0,0,0.0
Leooooooona,2,1,no_media,0,2,2023-08,0.0,0.0,0.0,0,0.0,0,0.0,0,0.0,0,0.0,0,0.0,0,0.0,0,0.0,0,0.0,1,1.0
Leo咋消失了,3,2,no_media,0,3,2023-02,0.0,0.0,1.0,0,0.0,0,0.0,0,0.0,0,0.0,2,1.0,0,0.0,0,0.0,0,0.0,0,0.0
LexiMamba,5,4,no_media,0,5,2023-03,0.0,0.0,0.25,0,0.0,0,0.0,0,0.0,0,0.0,1,0.25,2,0.5,0,0.0,1,0.25,0,0.0
Libertarian99999999,2,1,no_media,0,1,2025-02,0.0,0.0,1.0,0,0.0,0,0.0,0,0.0,0,0.0,1,1.0,0,0.0,0,0.0,0,0.0,0,0.0
LifeOnMars2025,3,2,no_media,0,3,2023-02,0.5,0.0,0.0,0,0.0,0,0.0,0,0.0,0,0.0,0,0.0,0,0.0,1,0.5,0,0.0,1,0.5
Lifespan渔人,2,1,no_media,0,1,2023-05,0.0,0.0,1.0,0,0.0,0,0.0,0,0.0,0,0.0,1,1.0,0,0.0,0,0.0,0,0.0,0,0.0
Likekeke_,2,1,no_media,0,2,2023-04,0.0,0.0,0.0,0,0.0,0,0.0,0,0.0,0,0.0,0,0.0,1,1.0,0,0.0,0,0.0,0,0.0
Lillian129129,2,1,no_media,1,2,2025-01,0.0,0.0,1.0,0,0.0,0,0.0,0,0.0,0,0.0,1,1.0,0,0.0,0,0.0,0,0.0,0,0.0
Lilys,3,2,no_media,1,3,2023-02,0.0,0.5,0.0,0,0.0,1,0.5,0,0.0,0,0.0,0,0.0,1,0.5,0,0.0,0,0.0,0,0.0
LingelChan,3,2,no_media,0,3,2023-03,0.5,0.0,0.0,1,0.5,0,0.0,0,0.0,0,0.0,0,0.0,0,0.0,1,0.5,0,0.0,0,0.0
LiveMusic现场,2,1,no_media,0,2,2023-06,0.0,0.0,1.0,0,0.0,0,0.0,0,0.0,0,0.0,1,1.0,0,0.0,0,0.0,0,0.0,0,0.0
Liveinmylifeandgoon,2,1,no_media,0,2,2023-02,0.0,0.0,0.0,0,0.0,0,0.0,0,0.0,0,0.0,0,0.0,0,0.0,0,0.0,0,0.0,1,1.0
Liz家的时光机,2,1,no_media,0,2,2023-03,0.0,0.0,0.0,1,1.0,0,0.0,0,0.0,0,0.0,0,0.0,0,0.0,0,0.0,0,0.0,0,0.0
Li了个梨,2,1,no_media,6,1,2022-12,0.0,0.0,0.0,0,0.0,0,0.0,0,0.0,0,0.0,0,0.0,0,0.0,0,0.0,0,0.0,1,1.0
Lkmlok,4,3,no_media,0,4,2023-06,0.0,0.3333333333333333,0.3333333333333333,1,0.3333333333333333,1,0.3333333333333333,0,0.0,0,0.0,1,0.3333333333333333,0,0.0,0,0.0,0,0.0,0,0.0
Lockhoi,2,1,mainstream_only,1,2,2023-11,0.0,1.0,0.0,0,0.0,1,1.0,0,0.0,0,0.0,0,0.0,0,0.0,0,0.0,0,0.0,0,0.0
Louis-1,2,1,mainstream_only,4,2,2023-03,0.0,1.0,0.0,0,0.0,1,1.0,0,0.0,0,0.0,0,0.0,0,0.0,0,0.0,0,0.0,0,0.0
Love_Mai·K_盛夏·mmc,2,1,no_media,0,1,2023-06,0.0,0.0,1.0,0,0.0,0,0.0,0,0.0,0,0.0,1,1.0,0,0.0,0,0.0,0,0.0,0,0.0
Lucky-小乖乖,2,1,no_media,0,2,2023-03,0.0,0.0,0.0,0,0.0,0,0.0,0,0.0,0,0.0,0,0.0,0,0.0,0,0.0,0,0.0,1,1.0
Luckyyyyy兮,2,1,no_media,0,2,2023-02,0.0,0.0,0.0,0,0.0,0,0.0,0,0.0,0,0.0,0,0.0,0,0.0,0,0.0,0,0.0,1,1.0
LukoiCC,2,1,no_media,0,2,2023-02,0.0,1.0,0.0,0,0.0,0,0.0,1,1.0,0,0.0,0,0.0,0,0.0,0,0.0,0,0.0,0,0.0
LumiereNoire,8,7,wemedia_only,9,7,2023-03,0.42857142857142855,0.42857142857142855,0.0,0,0.0,1,0.14285714285714285,2,0.2857142857142857,2,0.2857142857142857,0,0.0,0,0.0,1,0.14285714285714285,1,0.14285714285714285,0,0.0
Lyra_Garuru改二,3,2,wemedia_only,3,3,2023-05,0.0,0.5,0.5,0,0.0,1,0.5,0,0.0,0,0.0,1,0.5,0,0.0,0,0.0,0,0.0,0,0.0
MAGDALL-死线战士,2,1,mainstream_only,2,2,2023-05,0.0,0.0,0.0,1,1.0,0,0.0,0,0.0,0,0.0,0,0.0,0,0.0,0,0.0,0,0.0,0,0.0
MBA张琪,7,6,no_media,0,6,2023-02,0.0,0.0,1.0,0,0.0,0,0.0,0,0.0,0,0.0,6,1.0,0,0.0,0,0.0,0,0.0,0,0.0
MC潮人201504,2,1,no_media,0,2,2023-02,0.0,0.0,1.0,0,0.0,0,0.0,0,0.0,0,0.0,1,1.0,0,0.0,0,0.0,0,0.0,0,0.0
MD小姐姐Yuqi,2,1,no_media,2,2,2025-03,0.0,0.0,1.0,0,0.0,0,0.0,0,0.0,0,0.0,1,1.0,0,0.0,0,0.0,0,0.0,0,0.0
MED24,15,14,no_media,0,15,2023-03,0.07142857142857142,0.07142857142857142,0.7857142857142857,1,0.07142857142857142,1,0.07142857142857142,0,0.0,1,0.07142857142857142,11,0.7857142857142857,0,0.0,0,0.0,0,0.0,0,0.0
MED中国,4,3,no_media,0,4,2024-08,0.0,0.0,1.0,0,0.0,0,0.0,0,0.0,0,0.0,3,1.0,0,0.0,0,0.0,0,0.0,0,0.0
MForard,13,12,no_media,0,13,2023-08,0.08333333333333333,0.08333333333333333,0.0,0,0.0,0,0.0,1,0.08333333333333333,0,0.0,0,0.0,1,0.08333333333333333,1,0.08333333333333333,1,0.08333333333333333,8,0.6666666666666666
MLRS270,7,6,no_media,6,5,2023-04,0.16666666666666666,0.3333333333333333,0.16666666666666666,0,0.0,2,0.3333333333333333,0,0.0,1,0.16666666666666666,1,0.16666666666666666,1,0.16666666666666666,0,0.0,1,0.16666666666666666,0,0.0
MNT筋膜空间平衡,3,2,no_media,0,2,2023-02,0.0,0.0,1.0,0,0.0,0,0.0,0,0.0,0,0.0,2,1.0,0,0.0,0,0.0,0,0.0,0,0.0
MOREPEN,2,1,mainstream_only,7,2,2022-12,0.0,0.0,1.0,0,0.0,0,0.0,0,0.0,0,0.0,1,1.0,0,0.0,0,0.0,0,0.0,0,0.0
MQueen再生医療复配定制,6,5,no_media,0,6,2023-02,0.0,0.0,1.0,0,0.0,0,0.0,0,0.0,0,0.0,5,1.0,0,0.0,0,0.0,0,0.0,0,0.0
MagicPulse心电贴,8,7,no_media,0,7,2024-08,0.14285714285714285,0.2857142857142857,0.5714285714285714,0,0.0,2,0.2857142857142857,0,0.0,1,0.14285714285714285,4,0.5714285714285714,0,0.0,0,0.0,0,0.0,0,0.0
Mangata_elf,2,1,no_media,0,1,2023-05,0.0,0.0,0.0,0,0.0,0,0.0,0,0.0,0,0.0,0,0.0,0,0.0,0,0.0,0,0.0,1,1.0
MaoTaiPianzhi茅台片仔癀,60,59,dual,80,39,2023-01,0.1694915254237288,0.1694915254237288,0.3728813559322034,0,0.0,4,0.06779661016949153,6,0.1016949152542373,5,0.0847457627118644,22,0.3728813559322034,7,0.11864406779661017,5,0.0847457627118644,8,0.13559322033898305,2,0.03389830508474576
Mark的移动城堡,2,1,no_media,0,2,2023-09,0.0,0.0,0.0,0,0.0,0,0.0,0,0.0,0,0.0,0,0.0,0,0.0,0,0.0,0,0.0,1,1.0
Massy_tw,2,1,no_media,0,2,2023-08,0.0,0.0,0.0,0,0.0,0,0.0,0,0.0,0,0.0,0,0.0,1,1.0,0,0.0,0,0.0,0,0.0
Max和You,2,1,no_media,0,2,2023-08,0.0,0.0,0.0,1,1.0,0,0.0,0,0.0,0,0.0,0,0.0,0,0.0,0,0.0,0,0.0,0,0.0
Me-米米,4,3,mainstream_only,3,4,2023-02,0.3333333333333333,0.3333333333333333,0.3333333333333333,0,0.0,1,0.3333333333333333,0,0.0,1,0.3333333333333333,1,0.3333333333333333,0,0.0,0,0.0,0,0.0,0,0.0
MedTrend医趋势,2,1,no_media,0,2,2022-08,0.0,0.0,1.0,0,0.0,0,0.0,0,0.0,0,0.0,1,1.0,0,0.0,0,0.0,0,0.0,0,0.0
MeiOberosterreichhobigern,4,3,no_media,1,3,2023-02,0.3333333333333333,0.3333333333333333,0.0,0,0.0,1,0.3333333333333333,0,0.0,0,0.0,0,0.0,1,0.3333333333333333,1,0.3333333333333333,0,0.0,0,0.0
Meowskey,2,1,no_media,14,2,2023-07,0.0,0.0,0.0,0,0.0,0,0.0,0,0.0,0,0.0,0,0.0,0,0.0,0,0.0,1,1.0,0,0.0
Methooooo,2,1,no_media,0,2,2023-05,0.0,0.0,0.0,0,0.0,0,0.0,0,0.0,0,0.0,0,0.0,0,0.0,0,0.0,1,1.0,0,0.0
Mhshauwvedpwj,2,1,no_media,0,2,2024-12,0.0,0.0,0.0,0,0.0,0,0.0,0,0.0,0,0.0,0,0.0,0,0.0,0,0.0,0,0.0,1,1.0
Miaowww,2,1,no_media,0,2,2023-02,0.0,0.0,0.0,0,0.0,0,0.0,0,0.0,0,0.0,0,0.0,1,1.0,0,0.0,0,0.0,0,0.0
MiliTracy2014,2,1,wemedia_only,4,2,2024-03,0.0,0.0,1.0,0,0.0,0,0.0,0,0.0,0,0.0,1,1.0,0,0.0,0,0.0,0,0.0,0,0.0
Milin2,2,1,no_media,0,2,2023-07,0.0,1.0,0.0,0,0.0,1,1.0,0,0.0,0,0.0,0,0.0,0,0.0,0,0.0,0,0.0,0,0.0
MingZhengC,2,1,no_media,0,2,2020-03,0.0,0.0,1.0,0,0.0,0,0.0,0,0.0,0,0.0,1,1.0,0,0.0,0,0.0,0,0.0,0,0.0
MiracleCells干细胞库,7,6,no_media,0,7,2023-08,0.0,0.0,1.0,0,0.0,0,0.0,0,0.0,0,0.0,6,1.0,0,0.0,0,0.0,0,0.0,0,0.0
Mirror_韩咚咚,2,1,no_media,0,2,2023-06,0.0,0.0,0.0,0,0.0,0,0.0,0,0.0,0,0.0,0,0.0,0,0.0,0,0.0,0,0.0,1,1.0
MissU安安,4,3,no_media,0,4,2023-03,0.0,0.3333333333333333,0.0,0,0.0,0,0.0,1,0.3333333333333333,0,0.0,0,0.0,0,0.0,0,0.0,0,0.0,2,0.6666666666666666
Miss未希,3,2,no_media,2,2,2023-02,0.0,0.5,0.0,0,0.0,0,0.0,1,0.5,0,0.0,0,0.0,0,0.0,0,0.0,0,0.0,1,0.5
Mondaycat419,5,4,no_media,4,5,2023-03,0.25,0.5,0.25,0,0.0,2,0.5,0,0.0,1,0.25,1,0.25,0,0.0,0,0.0,0,0.0,0,0.0
MoonZiL1,2,1,no_media,0,2,2023-03,1.0,0.0,0.0,0,0.0,0,0.0,0,0.0,0,0.0,0,0.0,0,0.0,1,1.0,0,0.0,0,0.0
Moon_Moth,2,1,no_media,5,2,2023-06,0.0,0.0,0.0,0,0.0,0,0.0,0,0.0,0,0.0,0,0.0,0,0.0,0,0.0,1,1.0,0,0.0
Moonriver_219,2,1,no_media,0,2,2023-06,0.0,0.0,0.0,1,1.0,0,0.0,0,0.0,0,0.0,0,0.0,0,0.0,0,0.0,0,0.0,0,0.0
MoreMOMagic,4,3,no_media,0,4,2023-05,0.0,0.0,0.0,0,0.0,0,0.0,0,0.0,0,0.0,0,0.0,1,0.3333333333333333,0,0.0,0,0.0,2,0.6666666666666666
Morrrrrrra,2,1,no_media,0,2,2023-05,0.0,0.0,0.0,0,0.0,0,0.0,0,0.0,0,0.0,0,0.0,0,0.0,0,0.0,0,0.0,1,1.0
Mozakii,2,1,no_media,1,2,2022-12,0.0,0.0,0.0,0,0.0,0,0.0,0,0.0,0,0.0,0,0.0,0,0.0,0,0.0,1,1.0,0,0.0
Mr-冬叔-,3,2,no_media,0,3,2023-03,0.0,0.0,0.0,0,0.0,0,0.0,0,0.0,0,0.0,0,0.0,1,0.5,0,0.0,1,0.5,0,0.0
MrX185,9,8,no_media,0,8,2023-08,0.0,0.0,1.0,0,0.0,0,0.0,0,0.0,0,0.0,8,1.0,0,0.0,0,0.0,0,0.0,0,0.0
Ms-T亲亲,2,1,no_media,0,2,2023-03,0.0,1.0,0.0,0,0.0,1,1.0,0,0.0,0,0.0,0,0.0,0,0.0,0,0.0,0,0.0,0,0.0
Mumu会游泳的鱼,2,1,no_media,1,2,2024-01,0.0,0.0,1.0,0,0.0,0,0.0,0,0.0,0,0.0,1,1.0,0,0.0,0,0.0,0,0.0,0,0.0
MusicFM993,4,3,no_media,0,3,2022-12,0.0,0.0,1.0,0,0.0,0,0.0,0,0.0,0,0.0,3,1.0,0,0.0,0,0.0,0,0.0,0,0.0
Music_Data,2,1,no_media,0,2,2023-06,0.0,0.0,1.0,0,0.0,0,0.0,0,0.0,0,0.0,1,1.0,0,0.0,0,0.0,0,0.0,0,0.0
M西门也静,2,1,no_media,0,1,2024-03,0.0,0.0,0.0,0,0.0,0,0.0,0,0.0,0,0.0,0,0.0,0,0.0,0,0.0,0,0.0,1,1.0
N2五鼓哲罗鲑,5,4,no_media,0,5,2023-05,0.25,0.25,0.0,1,0.25,0,0.0,1,0.25,1,0.25,0,0.0,0,0.0,0,0.0,1,0.25,0,0.0
NBD视频,2,1,no_media,0,2,2022-12,0.0,0.0,1.0,0,0.0,0,0.0,0,0.0,0,0.0,1,1.0,0,0.0,0,0.0,0,0.0,0,0.0
NBS十八生活,3,2,no_media,0,3,2020-04,0.0,0.0,1.0,0,0.0,0,0.0,0,0.0,0,0.0,2,1.0,0,0.0,0,0.0,0,0.0,0,0.0
NICLOEVV,2,1,no_media,0,2,2023-04,0.0,0.0,0.0,0,0.0,0,0.0,0,0.0,0,0.0,0,0.0,0,0.0,0,0.0,0,0.0,1,1.0
NNIMENG,2,1,no_media,0,2,2023-03,0.0,0.0,0.0,0,0.0,0,0.0,0,0.0,0,0.0,0,0.0,1,1.0,0,0.0,0,0.0,0,0.0
NOSTUPID3,33,32,wemedia_only,19,26,2023-02,0.21875,0.21875,0.46875,3,0.09375,7,0.21875,0,0.0,7,0.21875,15,0.46875,0,0.0,0,0.0,0,0.0,0,0.0
NOWnews今日新闻,17,16,no_media,0,16,2020-03,0.0625,0.0625,0.875,0,0.0,1,0.0625,0,0.0,1,0.0625,14,0.875,0,0.0,0,0.0,0,0.0,0,0.0
NP淇淇的果子,2,1,no_media,0,2,2023-02,0.0,1.0,0.0,0,0.0,0,0.0,1,1.0,0,0.0,0,0.0,0,0.0,0,0.0,0,0.0,0,0.0
NS_foreveryoung,8,7,dual,7,8,2023-02,0.2857142857142857,0.2857142857142857,0.14285714285714285,0,0.0,1,0.14285714285714285,1,0.14285714285714285,1,0.14285714285714285,1,0.14285714285714285,1,0.14285714285714285,1,0.14285714285714285,0,0.0,1,0.14285714285714285
Naive包34,2,1,no_media,1,2,2023-05,0.0,0.0,1.0,0,0.0,0,0.0,0,0.0,0,0.0,1,1.0,0,0.0,0,0.0,0,0.0,0,0.0
Nancy2023-02,2,1,no_media,0,2,2024-10,0.0,0.0,0.0,0,0.0,0,0.0,0,0.0,0,0.0,0,0.0,0,0.0,0,0.0,0,0.0,1,1.0
Naniwa老虎,3,2,no_media,0,3,2023-07,0.5,0.5,0.0,0,0.0,0,0.0,1,0.5,0,0.0,0,0.0,0,0.0,1,0.5,0,0.0,0,0.0
Nath_ZL,4,3,no_media,1,4,2023-05,0.0,0.0,0.0,0,0.0,0,0.0,0,0.0,0,0.0,0,0.0,0,0.0,0,0.0,1,0.3333333333333333,2,0.6666666666666666
NaturePortfolio,9,8,no_media,0,9,2023-03,0.0,0.0,1.0,0,0.0,0,0.0,0,0.0,0,0.0,8,1.0,0,0.0,0,0.0,0,0.0,0,0.0
Neatmed,2,1,no_media,0,1,2023-05,0.0,1.0,0.0,0,0.0,1,1.0,0,0.0,0,0.0,0,0.0,0,0.0,0,0.0,0,0.0,0,0.0
Nefelibata5277,2,1,no_media,1,2,2022-12,0.0,0.0,0.0,0,0.0,0,0.0,0,0.0,0,0.0,0,0.0,0,0.0,0,0.0,0,0.0,1,1.0
Nekromanzer,16,15,no_media,6,16,2023-02,0.13333333333333333,0.13333333333333333,0.7333333333333333,0,0.0,2,0.13333333333333333,0,0.0,2,0.13333333333333333,11,0.7333333333333333,0,0.0,0,0.0,0,0.0,0,0.0
NeoEatingbroccoli,4,3,no_media,0,4,2023-05,0.0,0.0,1.0,0,0.0,0,0.0,0,0.0,0,0.0,3,1.0,0,0.0,0,0.0,0,0.0,0,0.0
Nerdtu,2,1,no_media,0,2,2023-05,0.0,0.0,0.0,0,0.0,0,0.0,0,0.0,0,0.0,0,0.0,0,0.0,0,0.0,0,0.0,1,1.0
Next_Hello,2,1,no_media,0,2,2023-05,1.0,0.0,0.0,0,0.0,0,0.0,0,0.0,0,0.0,0,0.0,0,0.0,1,1.0,0,0.0,0,0.0
Nicoice_-,2,1,no_media,0,1,2023-08,1.0,0.0,0.0,0,0.0,0,0.0,0,0.0,1,1.0,0,0.0,0,0.0,0,0.0,0,0.0,0,0.0
Nicole_SW,2,1,no_media,0,2,2025-01,0.0,0.0,0.0,0,0.0,0,0.0,0,0.0,0,0.0,0,0.0,0,0.0,0,0.0,1,1.0,0,0.0
Nili小岳啊-,3,2,no_media,0,2,2020-03,0.0,0.0,1.0,0,0.0,0,0.0,0,0.0,0,0.0,2,1.0,0,0.0,0,0.0,0,0.0,0,0.0
Nov-1208,3,2,mainstream_only,3,3,2023-06,0.0,0.0,1.0,0,0.0,0,0.0,0,0.0,0,0.0,2,1.0,0,0.0,0,0.0,0,0.0,0,0.0
Nowe_1981,2,1,no_media,2,2,2023-10,0.0,0.0,0.0,1,1.0,0,0.0,0,0.0,0,0.0,0,0.0,0,0.0,0,0.0,0,0.0,0,0.0
NutritionFacts能救命的营养学,2,1,no_media,0,2,2023-05,0.0,0.0,1.0,0,0.0,0,0.0,0,0.0,0,0.0,1,1.0,0,0.0,0,0.0,0,0.0,0,0.0
N视频,9,8,no_media,0,9,2020-07,0.0,0.0,1.0,0,0.0,0,0.0,0,0.0,0,0.0,8,1.0,0,0.0,0,0.0,0,0.0,0,0.0
OK-好好,2,1,no_media,1,2,2022-12,0.0,0.0,0.0,0,0.0,0,0.0,0,0.0,0,0.0,0,0.0,1,1.0,0,0.0,0,0.0,0,0.0
OOOOOOOO剌猬哋oooo1些事,5,4,mainstream_only,4,5,2023-06,0.25,0.0,0.75,0,0.0,0,0.0,0,0.0,1,0.25,3,0.75,0,0.0,0,0.0,0,0.0,0,0.0
Odysseus__5,2,1,no_media,1,2,2023-06,0.0,0.0,0.0,0,0.0,0,0.0,0,0.0,0,0.0,0,0.0,0,0.0,0,0.0,0,0.0,1,1.0
Ok事事如意,7,6,no_media,0,7,2023-02,0.0,0.0,0.16666666666666666,0,0.0,0,0.0,0,0.0,0,0.0,1,0.16666666666666666,1,0.16666666666666666,0,0.0,1,0.16666666666666666,3,0.5
OneoneW3,3,2,no_media,0,3,2023-05,0.0,0.0,0.0,0,0.0,0,0.0,0,0.0,0,0.0,0,0.0,0,0.0,0,0.0,0,0.0,2,1.0
Outmoon实验室,2,1,no_media,0,2,2023-06,0.0,0.0,0.0,0,0.0,0,0.0,0,0.0,0,0.0,0,0.0,0,0.0,0,0.0,0,0.0,1,1.0
PARI帕瑞官方微博,6,5,no_media,0,6,2023-02,0.0,0.0,1.0,0,0.0,0,0.0,0,0.0,0,0.0,5,1.0,0,0.0,0,0.0,0,0.0,0,0.0
PITD亚洲虐待博士组织,2,1,no_media,0,2,2023-05,0.0,0.0,0.0,0,0.0,0,0.0,0,0.0,0,0.0,0,0.0,0,0.0,0,0.0,0,0.0,1,1.0
PQQDJT_,2,1,no_media,0,2,2023-04,0.0,0.0,0.0,0,0.0,0,0.0,0,0.0,0,0.0,0,0.0,0,0.0,0,0.0,0,0.0,1,1.0
PSM药盾公益,3,2,no_media,0,3,2023-02,0.0,0.0,1.0,0,0.0,0,0.0,0,0.0,0,0.0,2,1.0,0,0.0,0,0.0,0,0.0,0,0.0
PSproca,6,5,wemedia_only,5,6,2024-08,0.0,0.0,0.6,0,0.0,0,0.0,0,0.0,0,0.0,3,0.6,1,0.2,0,0.0,1,0.2,0,0.0
PS大众科学,4,3,no_media,0,4,2023-05,0.0,0.0,1.0,0,0.0,0,0.0,0,0.0,0,0.0,3,1.0,0,0.0,0,0.0,0,0.0,0,0.0
Palinoia,3,2,no_media,0,3,2024-09,0.0,0.0,1.0,0,0.0,0,0.0,0,0.0,0,0.0,2,1.0,0,0.0,0,0.0,0,0.0,0,0.0
PandaROFL,2,1,wemedia_only,5,2,2024-04,0.0,0.0,1.0,0,0.0,0,0.0,0,0.0,0,0.0,1,1.0,0,0.0,0,0.0,0,0.0,0,0.0
Paradiselostindetachment,3,2,no_media,0,2,2023-03,0.0,0.0,0.0,2,1.0,0,0.0,0,0.0,0,0.0,0,0.0,0,0.0,0,0.0,0,0.0,0,0.0
PiuBobo_,2,1,mainstream_only,2,2,2023-02,0.0,0.0,0.0,0,0.0,0,0.0,0,0.0,0,0.0,0,0.0,0,0.0,0,0.0,1,1.0,0,0.0
PortiaJX,17,16,no_media,2,15,2023-02,0.0,0.0,1.0,0,0.0,0,0.0,0,0.0,0,0.0,16,1.0,0,0.0,0,0.0,0,0.0,0,0.0
PretendCole,2,1,no_media,0,2,2023-01,0.0,0.0,0.0,0,0.0,0,0.0,0,0.0,0,0.0,0,0.0,0,0.0,0,0.0,0,0.0,1,1.0
Puffbunnyyyy,2,1,no_media,0,2,2023-08,1.0,0.0,0.0,0,0.0,0,0.0,0,0.0,0,0.0,0,0.0,0,0.0,1,1.0,0,0.0,0,0.0
QH岐黄网,34,33,no_media,0,28,2021-05,0.0,0.0,0.9393939393939394,0,0.0,0,0.0,0,0.0,0,0.0,31,0.9393939393939394,0,0.0,0,0.0,1,0.030303030303030304,1,0.030303030303030304
Qianniansea,2,1,wemedia_only,4,2,2023-02,0.0,1.0,0.0,0,0.0,1,1.0,0,0.0,0,0.0,0,0.0,0,0.0,0,0.0,0,0.0,0,0.0
QuantHedgeFund,4,3,no_media,0,4,2023-02,0.0,0.0,1.0,0,0.0,0,0.0,0,0.0,0,0.0,3,1.0,0,0.0,0,0.0,0,0.0,0,0.0
RJH的,2,1,no_media,0,2,2023-02,0.0,0.0,1.0,0,0.0,0,0.0,0,0.0,0,0.0,1,1.0,0,0.0,0,0.0,0,0.0,0,0.0
ROCKS穿越牛熊,9,8,no_media,10,9,2023-06,0.25,0.25,0.25,1,0.125,1,0.125,1,0.125,2,0.25,2,0.25,0,0.0,0,0.0,0,0.0,1,0.125
RUN_未来主义,4,3,no_media,4,4,2023-11,0.0,0.0,1.0,0,0.0,0,0.0,0,0.0,0,0.0,3,1.0,0,0.0,0,0.0,0,0.0,0,0.0
Rae那个VV,2,1,no_media,2,2,2023-10,0.0,0.0,1.0,0,0.0,0,0.0,0,0.0,0,0.0,1,1.0,0,0.0,0,0.0,0,0.0,0,0.0
RagnarokChan,2,1,no_media,1,2,2023-05,0.0,1.0,0.0,0,0.0,1,1.0,0,0.0,0,0.0,0,0.0,0,0.0,0,0.0,0,0.0,0,0.0
Rain_dogding,2,1,no_media,0,2,2023-05,0.0,0.0,0.0,0,0.0,0,0.0,0,0.0,0,0.0,0,0.0,1,1.0,0,0.0,0,0.0,0,0.0
Rainbow永相随,3,2,no_media,0,3,2023-02,0.0,0.0,1.0,0,0.0,0,0.0,0,0.0,0,0.0,2,1.0,0,0.0,0,0.0,0,0.0,0,0.0
RealMadrid,3,2,mainstream_only,2,3,2023-02,0.5,0.0,0.5,0,0.0,0,0.0,0,0.0,1,0.5,1,0.5,0,0.0,0,0.0,0,0.0,0,0.0
Redsenol瑞得生,2,1,no_media,0,2,2023-04,0.0,0.0,1.0,0,0.0,0,0.0,0,0.0,0,0.0,1,1.0,0,0.0,0,0.0,0,0.0,0,0.0
RepeaterGu,3,2,no_media,0,3,2023-03,0.0,0.0,0.0,0,0.0,0,0.0,0,0.0,0,0.0,0,0.0,1,0.5,0,0.0,1,0.5,0,0.0
RestlessHS,2,1,no_media,0,2,2023-02,0.0,0.0,0.0,0,0.0,0,0.0,0,0.0,0,0.0,0,0.0,0,0.0,0,0.0,0,0.0,1,1.0
Ritaora牙膏,2,1,no_media,0,2,2023-03,0.0,0.0,0.0,0,0.0,0,0.0,0,0.0,0,0.0,0,0.0,0,0.0,0,0.0,0,0.0,1,1.0
RmSirius,2,1,no_media,0,2,2023-10,0.0,1.0,0.0,0,0.0,1,1.0,0,0.0,0,0.0,0,0.0,0,0.0,0,0.0,0,0.0,0,0.0
Robin十,2,1,no_media,0,2,2023-11,0.0,0.0,1.0,0,0.0,0,0.0,0,0.0,0,0.0,1,1.0,0,0.0,0,0.0,0,0.0,0,0.0
Ron轻舞精灵,2,1,no_media,0,2,2023-02,0.0,0.0,1.0,0,0.0,0,0.0,0,0.0,0,0.0,1,1.0,0,0.0,0,0.0,0,0.0,0,0.0
Rosa的饭醉之旅,2,1,no_media,0,2,2023-10,0.0,0.0,0.0,0,0.0,0,0.0,0,0.0,0,0.0,0,0.0,0,0.0,0,0.0,1,1.0,0,0.0
Rose_wss,2,1,no_media,1,2,2024-04,0.0,0.0,0.0,0,0.0,0,0.0,0,0.0,0,0.0,0,0.0,0,0.0,0,0.0,1,1.0,0,0.0
Rumpu2Belle,2,1,no_media,0,2,2024-02,0.0,0.0,0.0,0,0.0,0,0.0,0,0.0,0,0.0,0,0.0,1,1.0,0,0.0,0,0.0,0,0.0
Ruptly国际新闻视频通讯社,4,3,no_media,0,3,2022-08,0.0,0.0,1.0,0,0.0,0,0.0,0,0.0,0,0.0,3,1.0,0,0.0,0,0.0,0,0.0,0,0.0
RuudSchell,3,2,wemedia_only,4,3,2023-08,0.0,0.0,1.0,0,0.0,0,0.0,0,0.0,0,0.0,2,1.0,0,0.0,0,0.0,0,0.0,0,0.0
SAC美加澳购,2,1,no_media,0,2,2023-03,0.0,0.0,1.0,0,0.0,0,0.0,0,0.0,0,0.0,1,1.0,0,0.0,0,0.0,0,0.0,0,0.0
SARS_VOC_Tracker,2,1,no_media,0,2,2023-01,0.0,0.0,1.0,0,0.0,0,0.0,0,0.0,0,0.0,1,1.0,0,0.0,0,0.0,0,0.0,0,0.0
SHENHUA_DB9,2,1,no_media,0,2,2023-05,0.0,0.0,1.0,0,0.0,0,0.0,0,0.0,0,0.0,1,1.0,0,0.0,0,0.0,0,0.0,0,0.0
SHImMEIJYU,2,1,no_media,0,2,2023-05,0.0,0.0,0.0,0,0.0,0,0.0,0,0.0,0,0.0,0,0.0,0,0.0,0,0.0,0,0.0,1,1.0
SH_COHIBA,2,1,no_media,0,2,2024-05,0.0,0.0,0.0,0,0.0,0,0.0,0,0.0,0,0.0,0,0.0,0,0.0,0,0.0,0,0.0,1,1.0
SMGNEWS,7,6,no_media,0,7,2023-02,0.0,0.0,1.0,0,0.0,0,0.0,0,0.0,0,0.0,6,1.0,0,0.0,0,0.0,0,0.0,0,0.0
SODAsogagaga,4,3,no_media,1,3,2022-12,0.0,0.0,0.0,0,0.0,0,0.0,0,0.0,0,0.0,0,0.0,1,0.3333333333333333,0,0.0,1,0.3333333333333333,1,0.3333333333333333
SOSOX_,2,1,mainstream_only,2,2,2023-04,0.0,0.0,1.0,0,0.0,0,0.0,0,0.0,0,0.0,1,1.0,0,0.0,0,0.0,0,0.0,0,0.0
SOS团永存,4,3,no_media,3,4,2023-04,0.3333333333333333,0.3333333333333333,0.3333333333333333,0,0.0,1,0.3333333333333333,0,0.0,1,0.3333333333333333,1,0.3333333333333333,0,0.0,0,0.0,0,0.0,0,0.0
SUNSHINE雅雅666,6,5,no_media,5,5,2023-01,0.0,0.2,0.4,1,0.2,0,0.0,1,0.2,0,0.0,2,0.4,0,0.0,0,0.0,1,0.2,0,0.0
SUNS生活,2,1,no_media,2,2,2023-07,0.0,0.0,0.0,1,1.0,0,0.0,0,0.0,0,0.0,0,0.0,0,0.0,0,0.0,0,0.0,0,0.0
SVIP可乐,4,3,no_media,0,4,2023-04,0.0,0.0,0.0,0,0.0,0,0.0,0,0.0,0,0.0,0,0.0,0,0.0,0,0.0,1,0.3333333333333333,2,0.6666666666666666
SYSTEMSAURICLEMEDICINE,3,2,no_media,0,2,2023-02,0.0,0.0,1.0,0,0.0,0,0.0,0,0.0,0,0.0,2,1.0,0,0.0,0,0.0,0,0.0,0,0.0
SaSaLand,2,1,no_media,0,2,2023-06,0.0,0.0,0.0,0,0.0,0,0.0,0,0.0,0,0.0,0,0.0,1,1.0,0,0.0,0,0.0,0,0.0
Sanya-_-,3,2,no_media,0,3,2023-06,0.0,0.5,0.5,0,0.0,1,0.5,0,0.0,0,0.0,1,0.5,0,0.0,0,0.0,0,0.0,0,0.0
Saw斯基,2,1,no_media,1,2,2024-07,1.0,0.0,0.0,0,0.0,0,0.0,0,0.0,1,1.0,0,0.0,0,0.0,0,0.0,0,0.0,0,0.0
Sa柔儿,8,7,no_media,0,8,2023-03,0.0,0.14285714285714285,0.14285714285714285,0,0.0,1,0.14285714285714285,0,0.0,0,0.0,1,0.14285714285714285,2,0.2857142857142857,0,0.0,1,0.14285714285714285,2,0.2857142857142857
Scutecat201803,2,1,no_media,0,1,2023-04,0.0,0.0,1.0,0,0.0,0,0.0,0,0.0,0,0.0,1,1.0,0,0.0,0,0.0,0,0.0,0,0.0
SeaYourSunshine,2,1,no_media,0,2,2024-04,0.0,0.0,1.0,0,0.0,0,0.0,0,0.0,0,0.0,1,1.0,0,0.0,0,0.0,0,0.0,0,0.0
Seien是一条大咸鱼,2,1,no_media,0,1,2023-02,0.0,1.0,0.0,0,0.0,0,0.0,1,1.0,0,0.0,0,0.0,0,0.0,0,0.0,0,0.0,0,0.0
Selfhoon_,2,1,no_media,0,2,2023-02,1.0,0.0,0.0,0,0.0,0,0.0,0,0.0,0,0.0,0,0.0,0,0.0,1,1.0,0,0.0,0,0.0
SeraphJo,3,2,no_media,0,3,2023-05,0.0,0.0,1.0,0,0.0,0,0.0,0,0.0,0,0.0,2,1.0,0,0.0,0,0.0,0,0.0,0,0.0
Serengeti-Kim,2,1,no_media,0,2,2023-03,0.0,0.0,0.0,0,0.0,0,0.0,0,0.0,0,0.0,0,0.0,0,0.0,0,0.0,0,0.0,1,1.0
Shekrockie,2,1,no_media,0,2,2023-03,0.0,0.0,1.0,0,0.0,0,0.0,0,0.0,0,0.0,1,1.0,0,0.0,0,0.0,0,0.0,0,0.0
ShiningRay,2,1,wemedia_only,4,2,2023-08,0.0,0.0,1.0,0,0.0,0,0.0,0,0.0,0,0.0,1,1.0,0,0.0,0,0.0,0,0.0,0,0.0
Shirley尘若,2,1,no_media,2,2,2023-05,0.0,0.0,0.0,0,0.0,0,0.0,0,0.0,0,0.0,0,0.0,1,1.0,0,0.0,0,0.0,0,0.0
SilveryRoseLily,2,1,wemedia_only,6,2,2023-04,0.0,0.0,1.0,0,0.0,0,0.0,0,0.0,0,0.0,1,1.0,0,0.0,0,0.0,0,0.0,0,0.0
Siman种菜滴鸟,2,1,no_media,0,2,2023-02,0.0,0.0,1.0,0,0.0,0,0.0,0,0.0,0,0.0,1,1.0,0,0.0,0,0.0,0,0.0,0,0.0
Simple-guy-china,6,5,no_media,0,6,2023-02,0.0,0.0,1.0,0,0.0,0,0.0,0,0.0,0,0.0,5,1.0,0,0.0,0,0.0,0,0.0,0,0.0
Sonderlife,2,1,no_media,0,2,2022-03,0.0,0.0,1.0,0,0.0,0,0.0,0,0.0,0,0.0,1,1.0,0,0.0,0,0.0,0,0.0,0,0.0
Soniadora,2,1,no_media,0,2,2022-11,0.0,1.0,0.0,0,0.0,1,1.0,0,0.0,0,0.0,0,0.0,0,0.0,0,0.0,0,0.0,0,0.0
Sparkly_rick,2,1,no_media,0,2,2020-03,0.0,0.0,1.0,0,0.0,0,0.0,0,0.0,0,0.0,1,1.0,0,0.0,0,0.0,0,0.0,0,0.0
SpringerNature,6,5,no_media,0,6,2024-02,0.0,0.0,1.0,0,0.0,0,0.0,0,0.0,0,0.0,5,1.0,0,0.0,0,0.0,0,0.0,0,0.0
Springfrost_,2,1,no_media,0,1,2025-05,0.0,0.0,1.0,0,0.0,0,0.0,0,0.0,0,0.0,1,1.0,0,0.0,0,0.0,0,0.0,0,0.0
StandByU-II,4,3,dual,5,4,2023-06,0.3333333333333333,0.0,0.0,1,0.3333333333333333,0,0.0,0,0.0,0,0.0,0,0.0,1,0.3333333333333333,1,0.3333333333333333,0,0.0,0,0.0
Starf_cks,3,2,mainstream_only,3,3,2023-05,0.0,0.5,0.0,1,0.5,1,0.5,0,0.0,0,0.0,0,0.0,0,0.0,0,0.0,0,0.0,0,0.0
Stella_麒麟,3,2,no_media,3,3,2023-04,0.0,0.0,1.0,0,0.0,0,0.0,0,0.0,0,0.0,2,1.0,0,0.0,0,0.0,0,0.0,0,0.0
SummerSaltSoda,2,1,no_media,0,2,2024-10,0.0,0.0,0.0,1,1.0,0,0.0,0,0.0,0,0.0,0,0.0,0,0.0,0,0.0,0,0.0,0,0.0
SunLu821,2,1,no_media,0,2,2023-02,0.0,0.0,0.0,0,0.0,0,0.0,0,0.0,0,0.0,0,0.0,0,0.0,0,0.0,0,0.0,1,1.0
Sunbelife,2,1,no_media,0,2,2023-04,0.0,1.0,0.0,0,0.0,0,0.0,1,1.0,0,0.0,0,0.0,0,0.0,0,0.0,0,0.0,0,0.0
SweetpandaOuO,2,1,no_media,0,2,2023-07,0.0,0.0,0.0,0,0.0,0,0.0,0,0.0,0,0.0,0,0.0,0,0.0,0,0.0,0,0.0,1,1.0
T1电子竞技俱乐部,2,1,no_media,0,2,2023-12,0.0,0.0,1.0,0,0.0,0,0.0,0,0.0,0,0.0,1,1.0,0,0.0,0,0.0,0,0.0,0,0.0
TJ小港,2,1,no_media,0,2,2023-03,0.0,0.0,1.0,0,0.0,0,0.0,0,0.0,0,0.0,1,1.0,0,0.0,0,0.0,0,0.0,0,0.0
TJ老郝,2,1,no_media,0,2,2024-03,1.0,0.0,0.0,0,0.0,0,0.0,0,0.0,1,1.0,0,0.0,0,0.0,0,0.0,0,0.0,0,0.0
TTHURSDAYY,2,1,no_media,0,2,2024-08,0.0,0.0,0.0,1,1.0,0,0.0,0,0.0,0,0.0,0,0.0,0,0.0,0,0.0,0,0.0,0,0.0
TVB明星联盟,9,8,no_media,0,9,2023-03,0.0,0.0,1.0,0,0.0,0,0.0,0,0.0,0,0.0,8,1.0,0,0.0,0,0.0,0,0.0,0,0.0
TXXSYT,5,4,mainstream_only,3,5,2023-05,0.5,0.25,0.25,0,0.0,1,0.25,0,0.0,2,0.5,1,0.25,0,0.0,0,0.0,0,0.0,0,0.0
Talk英语视频,4,3,no_media,0,4,2023-04,0.0,0.0,1.0,0,0.0,0,0.0,0,0.0,0,0.0,3,1.0,0,0.0,0,0.0,0,0.0,0,0.0
Tecinese,2,1,no_media,0,2,2023-08,0.0,0.0,0.0,0,0.0,0,0.0,0,0.0,0,0.0,0,0.0,0,0.0,0,0.0,0,0.0,1,1.0
Thestar_Rainbow,5,4,no_media,0,5,2023-04,0.0,0.0,0.0,0,0.0,0,0.0,0,0.0,0,0.0,0,0.0,1,0.25,0,0.0,1,0.25,2,0.5
Thieme_Group,2,1,no_media,0,2,2024-05,0.0,0.0,1.0,0,0.0,0,0.0,0,0.0,0,0.0,1,1.0,0,0.0,0,0.0,0,0.0,0,0.0
Tiger-Han,3,2,no_media,0,3,2023-02,0.0,0.0,1.0,0,0.0,0,0.0,0,0.0,0,0.0,2,1.0,0,0.0,0,0.0,0,0.0,0,0.0
TigerTian雯爸,3,2,no_media,0,3,2023-05,0.0,0.5,0.0,0,0.0,0,0.0,1,0.5,0,0.0,0,0.0,0,0.0,0,0.0,1,0.5,0,0.0
TigerWoods8858,2,1,no_media,0,2,2024-02,0.0,0.0,1.0,0,0.0,0,0.0,0,0.0,0,0.0,1,1.0,0,0.0,0,0.0,0,0.0,0,0.0
Timson别天神,2,1,no_media,0,2,2023-02,0.0,0.0,0.0,0,0.0,0,0.0,0,0.0,0,0.0,0,0.0,0,0.0,0,0.0,1,1.0,0,0.0
Tinytinythings,2,1,no_media,0,2,2023-08,0.0,0.0,0.0,0,0.0,0,0.0,0,0.0,0,0.0,0,0.0,0,0.0,0,0.0,0,0.0,1,1.0
Tracyzh130,4,3,no_media,0,4,2021-11,0.0,0.0,0.6666666666666666,0,0.0,0,0.0,0,0.0,0,0.0,2,0.6666666666666666,1,0.3333333333333333,0,0.0,0,0.0,0,0.0
TrynaBeAGoodGirlAgain,2,1,no_media,2,2,2023-02,0.0,0.0,1.0,0,0.0,0,0.0,0,0.0,0,0.0,1,1.0,0,0.0,0,0.0,0,0.0,0,0.0
Tsuuuru清橙拿铁,2,1,no_media,0,2,2025-04,0.0,0.0,0.0,0,0.0,0,0.0,0,0.0,0,0.0,0,0.0,0,0.0,0,0.0,0,0.0,1,1.0
UCK-Liu,2,1,no_media,0,2,2023-04,0.0,0.0,1.0,0,0.0,0,0.0,0,0.0,0,0.0,1,1.0,0,0.0,0,0.0,0,0.0,0,0.0
UCSFHealth医疗中心,9,8,no_media,0,9,2023-08,0.0,0.0,1.0,0,0.0,0,0.0,0,0.0,0,0.0,8,1.0,0,0.0,0,0.0,0,0.0,0,0.0
UFO启示,7,6,no_media,0,7,2023-08,0.16666666666666666,0.16666666666666666,0.3333333333333333,2,0.3333333333333333,1,0.16666666666666666,0,0.0,1,0.16666666666666666,2,0.3333333333333333,0,0.0,0,0.0,0,0.0,0,0.0
UNSC无尽号舰长,2,1,no_media,0,2,2023-11,0.0,0.0,0.0,1,1.0,0,0.0,0,0.0,0,0.0,0,0.0,0,0.0,0,0.0,0,0.0,0,0.0
USANA葆婴-美玲,3,2,no_media,0,3,2023-05,0.0,0.0,1.0,0,0.0,0,0.0,0,0.0,0,0.0,2,1.0,0,0.0,0,0.0,0,0.0,0,0.0
UpToDate临床顾问,2,1,no_media,0,2,2024-05,0.0,0.0,1.0,0,0.0,0,0.0,0,0.0,0,0.0,1,1.0,0,0.0,0,0.0,0,0.0,0,0.0
Urnotprepared,2,1,no_media,8,2,2024-04,0.0,0.0,0.0,0,0.0,0,0.0,0,0.0,0,0.0,0,0.0,0,0.0,0,0.0,0,0.0,1,1.0
Uta醬巴黎live,3,2,no_media,0,3,2023-06,0.5,0.0,0.5,0,0.0,0,0.0,0,0.0,1,0.5,1,0.5,0,0.0,0,0.0,0,0.0,0,0.0
U字的水槽,2,1,no_media,0,2,2023-05,0.0,0.0,0.0,0,0.0,0,0.0,0,0.0,0,0.0,0,0.0,0,0.0,0,0.0,0,0.0,1,1.0
VBS声音平衡教学系统,2,1,no_media,0,2,2023-02,0.0,0.0,1.0,0,0.0,0,0.0,0,0.0,0,0.0,1,1.0,0,0.0,0,0.0,0,0.0,0,0.0
VNK0252,2,1,mainstream_only,2,2,2024-05,0.0,0.0,1.0,0,0.0,0,0.0,0,0.0,0,0.0,1,1.0,0,0.0,0,0.0,0,0.0,0,0.0
VN研究所,3,2,no_media,0,3,2023-02,0.0,0.0,1.0,0,0.0,0,0.0,0,0.0,0,0.0,2,1.0,0,0.0,0,0.0,0,0.0,0,0.0
Vet-猫咪没猫病,2,1,no_media,0,2,2024-08,0.0,0.0,0.0,0,0.0,0,0.0,0,0.0,0,0.0,0,0.0,1,1.0,0,0.0,0,0.0,0,0.0
Vicky_LB,2,1,no_media,1,2,2023-01,0.0,0.0,0.0,0,0.0,0,0.0,0,0.0,0,0.0,0,0.0,0,0.0,0,0.0,0,0.0,1,1.0
VivianHe贺,4,3,no_media,0,4,2023-02,0.0,0.0,0.3333333333333333,0,0.0,0,0.0,0,0.0,0,0.0,1,0.3333333333333333,1,0.3333333333333333,0,0.0,1,0.3333333333333333,0,0.0
V新派网,3,2,no_media,0,3,2023-01,0.0,0.0,1.0,0,0.0,0,0.0,0,0.0,0,0.0,2,1.0,0,0.0,0,0.0,0,0.0,0,0.0
WCY__orb,2,1,no_media,0,2,2022-12,0.0,0.0,1.0,0,0.0,0,0.0,0,0.0,0,0.0,1,1.0,0,0.0,0,0.0,0,0.0,0,0.0
WS偏执狂,2,1,no_media,0,1,2022-03,0.0,1.0,0.0,0,0.0,1,1.0,0,0.0,0,0.0,0,0.0,0,0.0,0,0.0,0,0.0,0,0.0
WUSH_Minda,2,1,no_media,0,2,2023-05,0.0,1.0,0.0,0,0.0,0,0.0,1,1.0,0,0.0,0,0.0,0,0.0,0,0.0,0,0.0,0,0.0
WattHour,18,17,no_media,0,18,2024-02,0.0,0.0,1.0,0,0.0,0,0.0,0,0.0,0,0.0,17,1.0,0,0.0,0,0.0,0,0.0,0,0.0
Weightlossing,2,1,no_media,0,2,2023-04,0.0,0.0,0.0,0,0.0,0,0.0,0,0.0,0,0.0,0,0.0,1,1.0,0,0.0,0,0.0,0,0.0
WhynotSowhat洗洗睡了吧,4,3,no_media,2,4,2022-10,0.0,0.0,1.0,0,0.0,0,0.0,0,0.0,0,0.0,3,1.0,0,0.0,0,0.0,0,0.0,0,0.0
Wuli小小精灵,2,1,no_media,0,2,2023-06,0.0,0.0,0.0,1,1.0,0,0.0,0,0.0,0,0.0,0,0.0,0,0.0,0,0.0,0,0.0,0,0.0
W小白菜很菜D,2,1,no_media,0,2,2023-05,0.0,0.0,0.0,0,0.0,0,0.0,0,0.0,0,0.0,0,0.0,0,0.0,0,0.0,0,0.0,1,1.0
XX__YYYY,2,1,no_media,0,2,2023-08,1.0,0.0,0.0,0,0.0,0,0.0,0,0.0,0,0.0,0,0.0,0,0.0,1,1.0,0,0.0,0,0.0
Xixi_嘻嘻嘻嘻嘻,2,1,no_media,0,2,2023-05,0.0,0.0,0.0,0,0.0,0,0.0,0,0.0,0,0.0,0,0.0,1,1.0,0,0.0,0,0.0,0,0.0
Xwnyyzy,2,1,no_media,0,2,2024-01,0.0,0.0,0.0,1,1.0,0,0.0,0,0.0,0,0.0,0,0.0,0,0.0,0,0.0,0,0.0,0,0.0
X欧凡X,3,2,no_media,0,1,2022-12,0.0,0.5,0.0,0,0.0,1,0.5,0,0.0,0,0.0,0,0.0,1,0.5,0,0.0,0,0.0,0,0.0
Y1ZE,5,4,no_media,0,4,2022-04,0.0,0.0,1.0,0,0.0,0,0.0,0,0.0,0,0.0,4,1.0,0,0.0,0,0.0,0,0.0,0,0.0
YG-iiiiiii,2,1,no_media,4,2,2022-12,0.0,1.0,0.0,0,0.0,1,1.0,0,0.0,0,0.0,0,0.0,0,0.0,0,0.0,0,0.0,0,0.0
YKZ崽崽_我耐你m,30,29,no_media,70,17,2024-07,0.0,0.0,0.0,29,1.0,0,0.0,0,0.0,0,0.0,0,0.0,0,0.0,0,0.0,0,0.0,0,0.0
YMS2008,2,1,no_media,0,2,2023-06,0.0,1.0,0.0,0,0.0,1,1.0,0,0.0,0,0.0,0,0.0,0,0.0,0,0.0,0,0.0,0,0.0
YS_鸭比,2,1,no_media,0,1,2022-12,0.0,1.0,0.0,0,0.0,0,0.0,1,1.0,0,0.0,0,0.0,0,0.0,0,0.0,0,0.0,0,0.0
YUUKONOTSUBASA,3,2,mainstream_only,4,3,2024-09,0.5,0.0,0.5,0,0.0,0,0.0,0,0.0,1,0.5,1,0.5,0,0.0,0,0.0,0,0.0,0,0.0
Yang吖雁,2,1,no_media,0,2,2023-02,0.0,0.0,1.0,0,0.0,0,0.0,0,0.0,0,0.0,1,1.0,0,0.0,0,0.0,0,0.0,0,0.0
YeeWanWong123,2,1,no_media,0,2,2023-08,0.0,0.0,0.0,1,1.0,0,0.0,0,0.0,0,0.0,0,0.0,0,0.0,0,0.0,0,0.0,0,0.0
Yilia-cc,2,1,no_media,0,2,2023-04,1.0,0.0,0.0,0,0.0,0,0.0,0,0.0,0,0.0,0,0.0,0,0.0,1,1.0,0,0.0,0,0.0
YolaYan,2,1,no_media,0,2,2023-05,0.0,1.0,0.0,0,0.0,0,0.0,1,1.0,0,0.0,0,0.0,0,0.0,0,0.0,0,0.0,0,0.0
Yoo酱酱酱,2,1,no_media,0,2,2023-11,0.0,0.0,0.0,0,0.0,0,0.0,0,0.0,0,0.0,0,0.0,0,0.0,0,0.0,0,0.0,1,1.0
Youllen,3,2,no_media,0,3,2024-07,0.5,0.0,0.0,0,0.0,0,0.0,0,0.0,1,0.5,0,0.0,0,0.0,0,0.0,1,0.5,0,0.0
YourYourSMonster,2,1,no_media,0,2,2023-05,0.0,0.0,1.0,0,0.0,0,0.0,0,0.0,0,0.0,1,1.0,0,0.0,0,0.0,0,0.0,0,0.0
YuanchinY,4,3,no_media,0,4,2023-02,0.0,0.0,1.0,0,0.0,0,0.0,0,0.0,0,0.0,3,1.0,0,0.0,0,0.0,0,0.0,0,0.0
Yvonne王颖皮肤美容医生,2,1,no_media,0,2,2023-02,0.0,0.0,1.0,0,0.0,0,0.0,0,0.0,0,0.0,1,1.0,0,0.0,0,0.0,0,0.0,0,0.0
ZHENGUI_MARIA,2,1,no_media,0,2,2024-04,0.0,0.0,1.0,0,0.0,0,0.0,0,0.0,0,0.0,1,1.0,0,0.0,0,0.0,0,0.0,0,0.0
ZJHtakayama373,2,1,wemedia_only,4,2,2023-08,0.0,0.0,1.0,0,0.0,0,0.0,0,0.0,0,0.0,1,1.0,0,0.0,0,0.0,0,0.0,0,0.0
ZYZY_1219,2,1,no_media,1,2,2022-12,0.0,0.0,1.0,0,0.0,0,0.0,0,0.0,0,0.0,1,1.0,0,0.0,0,0.0,0,0.0,0,0.0
ZZC微博,4,3,no_media,0,4,2023-04,0.0,0.0,1.0,0,0.0,0,0.0,0,0.0,0,0.0,3,1.0,0,0.0,0,0.0,0,0.0,0,0.0
Zanegrok,2,1,no_media,1,2,2023-02,0.0,0.0,1.0,0,0.0,0,0.0,0,0.0,0,0.0,1,1.0,0,0.0,0,0.0,0,0.0,0,0.0
Zenobruto,11,10,mainstream_only,8,10,2022-11,0.0,0.0,0.8,0,0.0,0,0.0,0,0.0,0,0.0,8,0.8,1,0.1,0,0.0,1,0.1,0,0.0
ZhShy1947,4,3,no_media,0,4,2023-05,0.0,0.0,1.0,0,0.0,0,0.0,0,0.0,0,0.0,3,1.0,0,0.0,0,0.0,0,0.0,0,0.0
Zoe_DD,2,1,no_media,1,2,2023-02,0.0,1.0,0.0,0,0.0,0,0.0,1,1.0,0,0.0,0,0.0,0,0.0,0,0.0,0,0.0,0,0.0
Zsp西,2,1,no_media,0,2,2023-05,0.0,0.0,1.0,0,0.0,0,0.0,0,0.0,0,0.0,1,1.0,0,0.0,0,0.0,0,0.0,0,0.0
ZxcvLinco,2,1,no_media,0,1,2022-12,0.0,0.0,1.0,0,0.0,0,0.0,0,0.0,0,0.0,1,1.0,0,0.0,0,0.0,0,0.0,0,0.0
Z俊东,2,1,no_media,0,1,2024-07,0.0,0.0,1.0,0,0.0,0,0.0,0,0.0,0,0.0,1,1.0,0,0.0,0,0.0,0,0.0,0,0.0
Z小笼包333,2,1,no_media,0,2,2024-08,0.0,0.0,0.0,0,0.0,0,0.0,0,0.0,0,0.0,0,0.0,0,0.0,0,0.0,1,1.0,0,0.0
_Miss款款_,3,2,no_media,0,3,2024-01,0.0,0.0,0.0,0,0.0,0,0.0,0,0.0,0,0.0,0,0.0,0,0.0,0,0.0,0,0.0,2,1.0
_Stillalivem,2,1,no_media,0,2,2023-02,0.0,1.0,0.0,0,0.0,0,0.0,1,1.0,0,0.0,0,0.0,0,0.0,0,0.0,0,0.0,0,0.0
_WWINE_,3,2,no_media,1,3,2023-02,0.0,0.0,0.0,0,0.0,0,0.0,0,0.0,0,0.0,0,0.0,0,0.0,0,0.0,0,0.0,2,1.0
__睡不醒小姐,2,1,no_media,0,2,2022-12,0.0,0.0,0.0,0,0.0,0,0.0,0,0.0,0,0.0,0,0.0,0,0.0,0,0.0,0,0.0,1,1.0
_bhPluto,11,10,no_media,0,10,2023-03,0.1,0.1,0.7,0,0.0,0,0.0,1,0.1,1,0.1,7,0.7,0,0.0,0,0.0,1,0.1,0,0.0
_loveuall,2,1,no_media,2,1,2020-03,0.0,0.0,1.0,0,0.0,0,0.0,0,0.0,0,0.0,1,1.0,0,0.0,0,0.0,0,0.0,0,0.0
_亲斤走告12345阳,3,2,no_media,1,2,2023-02,0.5,0.0,0.5,0,0.0,0,0.0,0,0.0,1,0.5,1,0.5,0,0.0,0,0.0,0,0.0,0,0.0
_刘小溪_,3,2,no_media,0,3,2024-03,0.0,0.0,0.0,0,0.0,0,0.0,0,0.0,0,0.0,0,0.0,1,0.5,0,0.0,1,0.5,0,0.0
_千莫_,2,1,no_media,0,2,2023-05,0.0,1.0,0.0,0,0.0,0,0.0,1,1.0,0,0.0,0,0.0,0,0.0,0,0.0,0,0.0,0,0.0
_叶抱一,2,1,no_media,0,2,2024-01,0.0,0.0,0.0,1,1.0,0,0.0,0,0.0,0,0.0,0,0.0,0,0.0,0,0.0,0,0.0,0,0.0
_喝杯茶来,2,1,no_media,0,2,2023-06,0.0,1.0,0.0,0,0.0,1,1.0,0,0.0,0,0.0,0,0.0,0,0.0,0,0.0,0,0.0,0,0.0
_嘤嘤家的小咩z,2,1,no_media,0,2,2023-11,0.0,0.0,0.0,0,0.0,0,0.0,0,0.0,0,0.0,0,0.0,0,0.0,0,0.0,0,0.0,1,1.0
_奶茶不冰能喝吗,2,1,no_media,0,2,2023-02,0.0,1.0,0.0,0,0.0,0,0.0,1,1.0,0,0.0,0,0.0,0,0.0,0,0.0,0,0.0,0,0.0
_安琊_,5,4,no_media,0,5,2022-12,0.25,0.0,0.75,0,0.0,0,0.0,0,0.0,1,0.25,3,0.75,0,0.0,0,0.0,0,0.0,0,0.0
_小小小丽姑娘,2,1,no_media,0,2,2023-02,0.0,0.0,0.0,0,0.0,0,0.0,0,0.0,0,0.0,0,0.0,0,0.0,0,0.0,1,1.0,0,0.0
_山河故里_,15,14,no_media,0,13,2023-02,0.07142857142857142,0.14285714285714285,0.7857142857142857,0,0.0,2,0.14285714285714285,0,0.0,1,0.07142857142857142,11,0.7857142857142857,0,0.0,0,0.0,0,0.0,0,0.0
_慧子_小鸭子的故事,2,1,no_media,20,2,2023-01,0.0,0.0,0.0,1,1.0,0,0.0,0,0.0,0,0.0,0,0.0,0,0.0,0,0.0,0,0.0,0,0.0
_我愛陳凱欣,2,1,no_media,0,2,2025-06,0.0,0.0,0.0,0,0.0,0,0.0,0,0.0,0,0.0,0,0.0,1,1.0,0,0.0,0,0.0,0,0.0
_故园风雨后,2,1,no_media,0,2,2023-02,1.0,0.0,0.0,0,0.0,0,0.0,0,0.0,0,0.0,0,0.0,0,0.0,1,1.0,0,0.0,0,0.0
_敬山川_,2,1,no_media,0,2,2024-08,0.0,0.0,1.0,0,0.0,0,0.0,0,0.0,0,0.0,1,1.0,0,0.0,0,0.0,0,0.0,0,0.0
_暔烛,9,8,no_media,3,9,2023-03,0.25,0.25,0.125,2,0.25,2,0.25,0,0.0,1,0.125,1,0.125,0,0.0,1,0.125,0,0.0,1,0.125
_朱颜辞镜_,2,1,no_media,0,2,2023-02,0.0,0.0,0.0,0,0.0,0,0.0,0,0.0,0,0.0,0,0.0,0,0.0,0,0.0,0,0.0,1,1.0
_沐村_,2,1,no_media,0,2,2023-04,0.0,0.0,0.0,0,0.0,0,0.0,0,0.0,0,0.0,0,0.0,0,0.0,0,0.0,0,0.0,1,1.0
_沫沫啊,2,1,no_media,0,2,2025-02,0.0,0.0,0.0,0,0.0,0,0.0,0,0.0,0,0.0,0,0.0,0,0.0,0,0.0,0,0.0,1,1.0
_清香集,5,4,mainstream_only,3,5,2023-12,0.25,0.5,0.0,0,0.0,1,0.25,1,0.25,1,0.25,0,0.0,0,0.0,0,0.0,0,0.0,1,0.25
_爱美的堤岸_,2,1,no_media,2,2,2023-04,0.0,0.0,0.0,0,0.0,0,0.0,0,0.0,0,0.0,0,0.0,0,0.0,0,0.0,1,1.0,0,0.0
_甜橘卿卿_,3,2,no_media,0,3,2023-05,0.0,0.5,0.0,1,0.5,1,0.5,0,0.0,0,0.0,0,0.0,0,0.0,0,0.0,0,0.0,0,0.0
_苏沐瑶_,5,4,dual,6,5,2023-05,0.25,0.25,0.5,0,0.0,1,0.25,0,0.0,1,0.25,2,0.5,0,0.0,0,0.0,0,0.0,0,0.0
_荷如_,2,1,no_media,0,2,2023-04,0.0,0.0,1.0,0,0.0,0,0.0,0,0.0,0,0.0,1,1.0,0,0.0,0,0.0,0,0.0,0,0.0
_阿阿阿阿阿晶er,2,1,wemedia_only,2,2,2023-01,0.0,0.0,0.0,0,0.0,0,0.0,0,0.0,0,0.0,0,0.0,0,0.0,0,0.0,0,0.0,1,1.0
_青金_,2,1,no_media,2,2,2024-07,0.0,0.0,1.0,0,0.0,0,0.0,0,0.0,0,0.0,1,1.0,0,0.0,0,0.0,0,0.0,0,0.0
ad_tp,2,1,no_media,2,2,2023-02,0.0,0.0,1.0,0,0.0,0,0.0,0,0.0,0,0.0,1,1.0,0,0.0,0,0.0,0,0.0,0,0.0
alan才子,2,1,no_media,0,1,2024-01,0.0,0.0,0.0,1,1.0,0,0.0,0,0.0,0,0.0,0,0.0,0,0.0,0,0.0,0,0.0,0,0.0
alizee22,2,1,mainstream_only,3,2,2023-02,0.0,0.0,1.0,0,0.0,0,0.0,0,0.0,0,0.0,1,1.0,0,0.0,0,0.0,0,0.0,0,0.0
alizhimakaimenwjxkrsh,4,3,no_media,0,1,2023-03,0.0,0.0,0.0,3,1.0,0,0.0,0,0.0,0,0.0,0,0.0,0,0.0,0,0.0,0,0.0,0,0.0
angelaimm,2,1,no_media,0,2,2023-02,0.0,0.0,0.0,0,0.0,0,0.0,0,0.0,0,0.0,0,0.0,1,1.0,0,0.0,0,0.0,0,0.0
angelcat_交南北通天下,2,1,no_media,0,2,2024-09,0.0,0.0,1.0,0,0.0,0,0.0,0,0.0,0,0.0,1,1.0,0,0.0,0,0.0,0,0.0,0,0.0
angelwc初大宝,2,1,no_media,2,2,2025-04,0.0,1.0,0.0,0,0.0,1,1.0,0,0.0,0,0.0,0,0.0,0,0.0,0,0.0,0,0.0,0,0.0
anglo_jessie,6,5,no_media,0,6,2023-03,0.0,0.0,1.0,0,0.0,0,0.0,0,0.0,0,0.0,5,1.0,0,0.0,0,0.0,0,0.0,0,0.0
ant-star,3,2,no_media,0,3,2023-03,0.0,0.5,0.5,0,0.0,1,0.5,0,0.0,0,0.0,1,0.5,0,0.0,0,0.0,0,0.0,0,0.0
antie,3,2,no_media,1,3,2023-02,0.0,0.0,0.0,0,0.0,0,0.0,0,0.0,0,0.0,0,0.0,1,0.5,0,0.0,1,0.5,0,0.0
ap001,2,1,no_media,1,2,2023-05,0.0,0.0,0.0,1,1.0,0,0.0,0,0.0,0,0.0,0,0.0,0,0.0,0,0.0,0,0.0,0,0.0
april_young_zhenzhen,2,1,no_media,0,2,2023-09,0.0,0.0,0.0,0,0.0,0,0.0,0,0.0,0,0.0,0,0.0,0,0.0,0,0.0,0,0.0,1,1.0
arbusto,2,1,no_media,0,2,2023-02,0.0,0.0,0.0,0,0.0,0,0.0,0,0.0,0,0.0,0,0.0,0,0.0,0,0.0,0,0.0,1,1.0
artboychina,2,1,no_media,3,2,2023-03,0.0,0.0,1.0,0,0.0,0,0.0,0,0.0,0,0.0,1,1.0,0,0.0,0,0.0,0,0.0,0,0.0
aweigh_cn,2,1,no_media,0,2,2023-02,0.0,0.0,1.0,0,0.0,0,0.0,0,0.0,0,0.0,1,1.0,0,0.0,0,0.0,0,0.0,0,0.0
azusaK_,2,1,no_media,0,2,2023-05,0.0,0.0,0.0,0,0.0,0,0.0,0,0.0,0,0.0,0,0.0,0,0.0,0,0.0,1,1.0,0,0.0
a多言数穷不如守中,3,2,wemedia_only,10,3,2024-09,0.0,0.0,1.0,0,0.0,0,0.0,0,0.0,0,0.0,2,1.0,0,0.0,0,0.0,0,0.0,0,0.0
a文天使,2,1,no_media,0,2,2024-03,0.0,0.0,1.0,0,0.0,0,0.0,0,0.0,0,0.0,1,1.0,0,0.0,0,0.0,0,0.0,0,0.0
baby-unicorn,44,43,dual,28,43,2022-12,0.23255813953488372,0.20930232558139536,0.4186046511627907,6,0.13953488372093023,9,0.20930232558139536,0,0.0,10,0.23255813953488372,18,0.4186046511627907,0,0.0,0,0.0,0,0.0,0,0.0
balancedoll,9,8,mainstream_only,7,9,2023-05,0.125,0.125,0.625,1,0.125,1,0.125,0,0.0,1,0.125,5,0.625,0,0.0,0,0.0,0,0.0,0,0.0
begonia-zz,2,1,no_media,0,2,2024-07,0.0,0.0,1.0,0,0.0,0,0.0,0,0.0,0,0.0,1,1.0,0,0.0,0,0.0,0,0.0,0,0.0
blabla老魔仙,2,1,no_media,0,2,2023-04,0.0,1.0,0.0,0,0.0,0,0.0,1,1.0,0,0.0,0,0.0,0,0.0,0,0.0,0,0.0,0,0.0
blpydscz,2,1,no_media,0,2,2024-03,0.0,1.0,0.0,0,0.0,1,1.0,0,0.0,0,0.0,0,0.0,0,0.0,0,0.0,0,0.0,0,0.0
bluesilver_06,2,1,no_media,0,2,2023-04,0.0,0.0,1.0,0,0.0,0,0.0,0,0.0,0,0.0,1,1.0,0,0.0,0,0.0,0,0.0,0,0.0
bn5jn89q,2,1,no_media,0,2,2023-05,0.0,1.0,0.0,0,0.0,0,0.0,1,1.0,0,0.0,0,0.0,0,0.0,0,0.0,0,0.0,0,0.0
bobisaman,2,1,mainstream_only,2,2,2023-02,0.0,0.0,0.0,1,1.0,0,0.0,0,0.0,0,0.0,0,0.0,0,0.0,0,0.0,0,0.0,0,0.0
boo_315,3,2,no_media,0,3,2023-03,0.0,0.5,0.0,0,0.0,0,0.0,1,0.5,0,0.0,0,0.0,0,0.0,0,0.0,0,0.0,1,0.5
bpnfgkgaiueo,3,2,no_media,0,3,2023-05,0.0,0.5,0.0,1,0.5,0,0.0,1,0.5,0,0.0,0,0.0,0,0.0,0,0.0,0,0.0,0,0.0
brevity莹,2,1,no_media,0,2,2023-06,0.0,0.0,0.0,0,0.0,0,0.0,0,0.0,0,0.0,0,0.0,1,1.0,0,0.0,0,0.0,0,0.0
bunnylqueen,2,1,no_media,0,2,2023-05,0.0,0.0,0.0,0,0.0,0,0.0,0,0.0,0,0.0,0,0.0,0,0.0,0,0.0,0,0.0,1,1.0
by-2025,3,2,no_media,0,3,2023-08,0.0,0.0,0.5,0,0.0,0,0.0,0,0.0,0,0.0,1,0.5,1,0.5,0,0.0,0,0.0,0,0.0
c-lu-a,2,1,mainstream_only,3,2,2023-07,0.0,0.0,0.0,0,0.0,0,0.0,0,0.0,0,0.0,0,0.0,0,0.0,0,0.0,1,1.0,0,0.0
cakenini2004,2,1,no_media,0,2,2023-03,0.0,0.0,0.0,0,0.0,0,0.0,0,0.0,0,0.0,0,0.0,0,0.0,0,0.0,0,0.0,1,1.0
caocaocaopi999,4,3,mainstream_only,6,4,2023-10,0.0,0.0,0.0,3,1.0,0,0.0,0,0.0,0,0.0,0,0.0,0,0.0,0,0.0,0,0.0,0,0.0
cateat辣椒,3,2,no_media,1,3,2023-10,0.5,0.5,0.0,0,0.0,1,0.5,0,0.0,1,0.5,0,0.0,0,0.0,0,0.0,0,0.0,0,0.0
cblgffshyh,11,10,no_media,0,9,2023-02,0.0,0.0,1.0,0,0.0,0,0.0,0,0.0,0,0.0,10,1.0,0,0.0,0,0.0,0,0.0,0,0.0
cgdcbh,3,2,no_media,1,2,2023-06,0.0,0.0,0.0,2,1.0,0,0.0,0,0.0,0,0.0,0,0.0,0,0.0,0,0.0,0,0.0,0,0.0
chanchanbabyHK,2,1,no_media,0,2,2023-06,0.0,0.0,0.0,0,0.0,0,0.0,0,0.0,0,0.0,0,0.0,1,1.0,0,0.0,0,0.0,0,0.0
chenahero,3,2,no_media,2,3,2024-05,0.5,0.0,0.5,0,0.0,0,0.0,0,0.0,1,0.5,1,0.5,0,0.0,0,0.0,0,0.0,0,0.0
cheungdai,2,1,no_media,0,2,2023-12,0.0,1.0,0.0,0,0.0,0,0.0,1,1.0,0,0.0,0,0.0,0,0.0,0,0.0,0,0.0,0,0.0
chinyejz,4,3,no_media,0,4,2023-04,0.0,0.0,1.0,0,0.0,0,0.0,0,0.0,0,0.0,3,1.0,0,0.0,0,0.0,0,0.0,0,0.0
chokomonmon,2,1,no_media,4,2,2025-04,0.0,0.0,1.0,0,0.0,0,0.0,0,0.0,0,0.0,1,1.0,0,0.0,0,0.0,0,0.0,0,0.0
chuminhua,3,2,no_media,0,3,2023-06,0.0,0.0,1.0,0,0.0,0,0.0,0,0.0,0,0.0,2,1.0,0,0.0,0,0.0,0,0.0,0,0.0
cici杉,7,6,no_media,0,7,2023-06,0.0,0.16666666666666666,0.0,0,0.0,0,0.0,1,0.16666666666666666,0,0.0,0,0.0,0,0.0,0,0.0,0,0.0,5,0.8333333333333334
cindybear8888,2,1,no_media,0,2,2024-07,0.0,0.0,0.0,0,0.0,0,0.0,0,0.0,0,0.0,0,0.0,0,0.0,0,0.0,1,1.0,0,0.0
cool20223,2,1,no_media,0,2,2023-02,0.0,0.0,0.0,0,0.0,0,0.0,0,0.0,0,0.0,0,0.0,0,0.0,0,0.0,1,1.0,0,0.0
crhubei,3,2,no_media,3,3,2023-02,0.5,0.0,0.5,0,0.0,0,0.0,0,0.0,1,0.5,1,0.5,0,0.0,0,0.0,0,0.0,0,0.0
c的豆浆不加糖,2,1,no_media,0,2,2023-02,0.0,0.0,0.0,0,0.0,0,0.0,0,0.0,0,0.0,0,0.0,0,0.0,0,0.0,1,1.0,0,0.0
daboboye,2,1,wemedia_only,2,2,2023-02,0.0,0.0,0.0,0,0.0,0,0.0,0,0.0,0,0.0,0,0.0,0,0.0,0,0.0,1,1.0,0,0.0
dan嘞个dan,2,1,no_media,0,2,2023-06,0.0,0.0,0.0,0,0.0,0,0.0,0,0.0,0,0.0,0,0.0,0,0.0,0,0.0,0,0.0,1,1.0
da敬,2,1,no_media,0,2,2023-12,0.0,0.0,0.0,0,0.0,0,0.0,0,0.0,0,0.0,0,0.0,1,1.0,0,0.0,0,0.0,0,0.0
deardank,2,1,no_media,5,2,2021-11,0.0,0.0,1.0,0,0.0,0,0.0,0,0.0,0,0.0,1,1.0,0,0.0,0,0.0,0,0.0,0,0.0
devil4405,2,1,mainstream_only,2,2,2024-04,0.0,0.0,0.0,0,0.0,0,0.0,0,0.0,0,0.0,0,0.0,1,1.0,0,0.0,0,0.0,0,0.0
dibdu,5,4,no_media,1,5,2023-03,0.25,0.25,0.0,0,0.0,0,0.0,1,0.25,0,0.0,0,0.0,0,0.0,1,0.25,0,0.0,2,0.5
dingxiang50,22,21,mainstream_only,7,18,2023-07,0.19047619047619047,0.14285714285714285,0.42857142857142855,2,0.09523809523809523,2,0.09523809523809523,1,0.047619047619047616,3,0.14285714285714285,9,0.42857142857142855,1,0.047619047619047616,1,0.047619047619047616,1,0.047619047619047616,1,0.047619047619047616
dlnsz,9,8,wemedia_only,7,9,2024-01,0.0,0.0,0.0,8,1.0,0,0.0,0,0.0,0,0.0,0,0.0,0,0.0,0,0.0,0,0.0,0,0.0
doomgnu_,2,1,mainstream_only,3,2,2023-09,0.0,0.0,1.0,0,0.0,0,0.0,0,0.0,0,0.0,1,1.0,0,0.0,0,0.0,0,0.0,0,0.0
ebnash,31,30,wemedia_only,35,29,2023-02,0.16666666666666666,0.2,0.5,2,0.06666666666666667,4,0.13333333333333333,2,0.06666666666666667,5,0.16666666666666666,15,0.5,0,0.0,0,0.0,2,0.06666666666666667,0,0.0
ee_171,2,1,no_media,0,2,2024-11,0.0,1.0,0.0,0,0.0,1,1.0,0,0.0,0,0.0,0,0.0,0,0.0,0,0.0,0,0.0,0,0.0
enattendant_楉,4,3,no_media,1,4,2023-10,0.0,0.0,0.6666666666666666,0,0.0,0,0.0,0,0.0,0,0.0,2,0.6666666666666666,1,0.3333333333333333,0,0.0,0,0.0,0,0.0
evanfink西瓜,2,1,no_media,0,2,2023-01,0.0,1.0,0.0,0,0.0,1,1.0,0,0.0,0,0.0,0,0.0,0,0.0,0,0.0,0,0.0,0,0.0
fF2046_,2,1,no_media,0,2,2023-05,0.0,0.0,0.0,0,0.0,0,0.0,0,0.0,0,0.0,0,0.0,0,0.0,0,0.0,0,0.0,1,1.0
falcon_16,2,1,no_media,3,2,2023-08,0.0,1.0,0.0,0,0.0,1,1.0,0,0.0,0,0.0,0,0.0,0,0.0,0,0.0,0,0.0,0,0.0
fancymissy,2,1,no_media,0,2,2023-05,0.0,0.0,0.0,0,0.0,0,0.0,0,0.0,0,0.0,0,0.0,0,0.0,0,0.0,0,0.0,1,1.0
faye阿睡,2,1,no_media,1,2,2023-09,1.0,0.0,0.0,0,0.0,0,0.0,0,0.0,0,0.0,0,0.0,0,0.0,1,1.0,0,0.0,0,0.0
felicitas44730,7,6,no_media,0,7,2023-07,0.16666666666666666,0.16666666666666666,0.0,3,0.5,0,0.0,1,0.16666666666666666,1,0.16666666666666666,0,0.0,0,0.0,0,0.0,1,0.16666666666666666,0,0.0
fengchenwang,2,1,no_media,0,2,2023-02,0.0,0.0,0.0,0,0.0,0,0.0,0,0.0,0,0.0,0,0.0,0,0.0,0,0.0,1,1.0,0,0.0
flex66,11,10,wemedia_only,16,10,2023-11,0.1,0.0,0.4,3,0.3,0,0.0,0,0.0,1,0.1,4,0.4,1,0.1,0,0.0,1,0.1,0,0.0
flower兮,2,1,no_media,0,2,2023-02,0.0,0.0,0.0,0,0.0,0,0.0,0,0.0,0,0.0,0,0.0,1,1.0,0,0.0,0,0.0,0,0.0
fujianbao2017,3,2,no_media,0,3,2024-02,0.0,0.0,1.0,0,0.0,0,0.0,0,0.0,0,0.0,2,1.0,0,0.0,0,0.0,0,0.0,0,0.0
gaoxiaowu98,2,1,mainstream_only,2,2,2024-03,0.0,0.0,1.0,0,0.0,0,0.0,0,0.0,0,0.0,1,1.0,0,0.0,0,0.0,0,0.0,0,0.0
gengegengenegn,2,1,no_media,0,2,2023-07,0.0,0.0,0.0,0,0.0,0,0.0,0,0.0,0,0.0,0,0.0,1,1.0,0,0.0,0,0.0,0,0.0
ghuvsrhvjknvxswtukjlphcxguigeq,21,20,no_media,7,18,2023-02,0.25,0.2,0.0,8,0.4,0,0.0,4,0.2,2,0.1,0,0.0,0,0.0,3,0.15,2,0.1,1,0.05
gospeng,3,2,no_media,4,3,2024-01,0.5,0.0,0.5,0,0.0,0,0.0,0,0.0,1,0.5,1,0.5,0,0.0,0,0.0,0,0.0,0,0.0
gxl碎碎念,2,1,no_media,0,2,2023-02,0.0,0.0,0.0,0,0.0,0,0.0,0,0.0,0,0.0,0,0.0,0,0.0,0,0.0,0,0.0,1,1.0
gywhlyl,2,1,no_media,0,2,2023-02,1.0,0.0,0.0,0,0.0,0,0.0,0,0.0,1,1.0,0,0.0,0,0.0,0,0.0,0,0.0,0,0.0
gznfyy,2,1,no_media,0,2,2023-02,0.0,0.0,1.0,0,0.0,0,0.0,0,0.0,0,0.0,1,1.0,0,0.0,0,0.0,0,0.0,0,0.0
g备份,2,1,no_media,0,2,2023-06,0.0,1.0,0.0,0,0.0,1,1.0,0,0.0,0,0.0,0,0.0,0,0.0,0,0.0,0,0.0,0,0.0
haniebunny,2,1,no_media,0,2,2023-08,0.0,0.0,0.0,0,0.0,0,0.0,0,0.0,0,0.0,0,0.0,1,1.0,0,0.0,0,0.0,0,0.0
happypqp,50,49,no_media,0,49,2023-04,0.0,0.0,1.0,0,0.0,0,0.0,0,0.0,0,0.0,49,1.0,0,0.0,0,0.0,0,0.0,0,0.0
haru的Jeans,2,1,no_media,0,2,2023-02,0.0,0.0,0.0,0,0.0,0,0.0,0,0.0,0,0.0,0,0.0,0,0.0,0,0.0,0,0.0,1,1.0
hbcai,8,7,no_media,1,7,2023-08,0.14285714285714285,0.14285714285714285,0.2857142857142857,1,0.14285714285714285,1,0.14285714285714285,0,0.0,1,0.14285714285714285,2,0.2857142857142857,1,0.14285714285714285,0,0.0,0,0.0,1,0.14285714285714285
hello妮小妮,2,1,no_media,0,2,2023-02,0.0,0.0,1.0,0,0.0,0,0.0,0,0.0,0,0.0,1,1.0,0,0.0,0,0.0,0,0.0,0,0.0
hey猫与向日葵,2,1,no_media,0,2,2023-02,0.0,0.0,1.0,0,0.0,0,0.0,0,0.0,0,0.0,1,1.0,0,0.0,0,0.0,0,0.0,0,0.0
hh云中鹤,2,1,no_media,0,2,2023-03,0.0,0.0,1.0,0,0.0,0,0.0,0,0.0,0,0.0,1,1.0,0,0.0,0,0.0,0,0.0,0,0.0
hinatayuki,2,1,no_media,0,2,2023-07,0.0,0.0,1.0,0,0.0,0,0.0,0,0.0,0,0.0,1,1.0,0,0.0,0,0.0,0,0.0,0,0.0
hjgcjhk,2,1,no_media,0,2,2020-11,0.0,0.0,1.0,0,0.0,0,0.0,0,0.0,0,0.0,1,1.0,0,0.0,0,0.0,0,0.0,0,0.0
hoie凱儀,2,1,no_media,0,2,2024-04,0.0,0.0,1.0,0,0.0,0,0.0,0,0.0,0,0.0,1,1.0,0,0.0,0,0.0,0,0.0,0,0.0
hollandmini,2,1,no_media,0,2,2023-06,0.0,0.0,1.0,0,0.0,0,0.0,0,0.0,0,0.0,1,1.0,0,0.0,0,0.0,0,0.0,0,0.0
huabiwei,12,11,dual,18,12,2023-02,0.0,0.09090909090909091,0.7272727272727273,0,0.0,1,0.09090909090909091,0,0.0,0,0.0,8,0.7272727272727273,1,0.09090909090909091,0,0.0,1,0.09090909090909091,0,0.0
huangyilin199210,4,3,no_media,0,4,2023-07,0.0,0.0,1.0,0,0.0,0,0.0,0,0.0,0,0.0,3,1.0,0,0.0,0,0.0,0,0.0,0,0.0
hy8570108,2,1,no_media,0,2,2024-03,0.0,0.0,1.0,0,0.0,0,0.0,0,0.0,0,0.0,1,1.0,0,0.0,0,0.0,0,0.0,0,0.0
i_Peanut,3,2,no_media,0,3,2023-03,0.0,0.0,0.5,0,0.0,0,0.0,0,0.0,0,0.0,1,0.5,1,0.5,0,0.0,0,0.0,0,0.0
icuz,3,2,no_media,0,3,2023-05,0.0,0.0,0.5,0,0.0,0,0.0,0,0.0,0,0.0,1,0.5,1,0.5,0,0.0,0,0.0,0,0.0
if_kilo,2,1,no_media,0,2,2023-09,0.0,0.0,0.0,0,0.0,0,0.0,0,0.0,0,0.0,0,0.0,0,0.0,0,0.0,0,0.0,1,1.0
ifhhkdo,3,2,no_media,0,3,2023-02,0.0,0.0,0.0,2,1.0,0,0.0,0,0.0,0,0.0,0,0.0,0,0.0,0,0.0,0,0.0,0,0.0
imcathykiss,2,1,no_media,0,2,2024-08,0.0,0.0,1.0,0,0.0,0,0.0,0,0.0,0,0.0,1,1.0,0,0.0,0,0.0,0,0.0,0,0.0
immlyn-Eve,2,1,no_media,0,2,2024-06,0.0,1.0,0.0,0,0.0,0,0.0,1,1.0,0,0.0,0,0.0,0,0.0,0,0.0,0,0.0,0,0.0
ininnnnnnnnnnnnn,2,1,no_media,0,2,2023-05,1.0,0.0,0.0,0,0.0,0,0.0,0,0.0,0,0.0,0,0.0,0,0.0,1,1.0,0,0.0,0,0.0
inlong,7,6,no_media,0,7,2023-02,0.0,0.0,1.0,0,0.0,0,0.0,0,0.0,0,0.0,6,1.0,0,0.0,0,0.0,0,0.0,0,0.0
instantea,2,1,no_media,0,2,2023-05,0.0,0.0,1.0,0,0.0,0,0.0,0,0.0,0,0.0,1,1.0,0,0.0,0,0.0,0,0.0,0,0.0
ipandmac,2,1,mainstream_only,2,2,2024-03,1.0,0.0,0.0,0,0.0,0,0.0,0,0.0,1,1.0,0,0.0,0,0.0,0,0.0,0,0.0,0,0.0
isekisi里的旋转小字,2,1,no_media,0,2,2025-01,0.0,0.0,1.0,0,0.0,0,0.0,0,0.0,0,0.0,1,1.0,0,0.0,0,0.0,0,0.0,0,0.0
it-is-truth,95,94,no_media,0,79,2023-05,0.1276595744680851,0.1276595744680851,0.24468085106382978,4,0.0425531914893617,7,0.07446808510638298,5,0.05319148936170213,6,0.06382978723404255,23,0.24468085106382978,11,0.11702127659574468,6,0.06382978723404255,10,0.10638297872340426,22,0.23404255319148937
itisatree,2,1,no_media,0,2,2023-06,1.0,0.0,0.0,0,0.0,0,0.0,0,0.0,0,0.0,0,0.0,0,0.0,1,1.0,0,0.0,0,0.0
i冰山i,3,2,no_media,0,3,2023-05,0.0,0.0,0.0,0,0.0,0,0.0,0,0.0,0,0.0,0,0.0,1,0.5,0,0.0,1,0.5,0,0.0
i拾柒D,3,2,no_media,0,3,2023-12,0.0,0.0,0.0,0,0.0,0,0.0,0,0.0,0,0.0,0,0.0,0,0.0,0,0.0,0,0.0,2,1.0
i雨林,3,2,no_media,0,3,2023-04,0.0,0.0,1.0,0,0.0,0,0.0,0,0.0,0,0.0,2,1.0,0,0.0,0,0.0,0,0.0,0,0.0
j2023888888,3,2,no_media,0,2,2023-08,0.5,0.5,0.0,0,0.0,0,0.0,1,0.5,0,0.0,0,0.0,0,0.0,1,0.5,0,0.0,0,0.0
jason-zhiu,4,3,no_media,10,4,2023-07,0.0,0.3333333333333333,0.6666666666666666,0,0.0,1,0.3333333333333333,0,0.0,0,0.0,2,0.6666666666666666,0,0.0,0,0.0,0,0.0,0,0.0
jedicat,4,3,no_media,4,4,2023-08,0.0,0.0,1.0,0,0.0,0,0.0,0,0.0,0,0.0,3,1.0,0,0.0,0,0.0,0,0.0,0,0.0
jeooooo_,2,1,no_media,0,2,2023-03,0.0,0.0,0.0,0,0.0,0,0.0,0,0.0,0,0.0,0,0.0,0,0.0,0,0.0,1,1.0,0,0.0
jforjoey,2,1,no_media,0,2,2023-05,0.0,0.0,1.0,0,0.0,0,0.0,0,0.0,0,0.0,1,1.0,0,0.0,0,0.0,0,0.0,0,0.0
jiazi_mcmlxxxiv,3,2,no_media,0,2,2025-05,0.0,0.0,0.0,0,0.0,0,0.0,0,0.0,0,0.0,0,0.0,1,0.5,0,0.0,0,0.0,1,0.5
jlj6661_pkl,3,2,wemedia_only,10,3,2023-03,0.0,0.0,1.0,0,0.0,0,0.0,0,0.0,0,0.0,2,1.0,0,0.0,0,0.0,0,0.0,0,0.0
jo_今天开始转运,2,1,no_media,0,2,2023-02,0.0,0.0,0.0,0,0.0,0,0.0,0,0.0,0,0.0,0,0.0,0,0.0,0,0.0,1,1.0,0,0.0
jrry86,14,13,wemedia_only,16,14,2023-05,0.23076923076923078,0.23076923076923078,0.38461538461538464,2,0.15384615384615385,3,0.23076923076923078,0,0.0,3,0.23076923076923078,5,0.38461538461538464,0,0.0,0,0.0,0,0.0,0,0.0
j鯖昻婸-20837,3,2,no_media,2,3,2023-02,0.0,0.0,1.0,0,0.0,0,0.0,0,0.0,0,0.0,2,1.0,0,0.0,0,0.0,0,0.0,0,0.0
k-lin007,2,1,mainstream_only,2,2,2023-02,0.0,0.0,1.0,0,0.0,0,0.0,0,0.0,0,0.0,1,1.0,0,0.0,0,0.0,0,0.0,0,0.0
katyuyuyu,2,1,no_media,0,1,2021-11,0.0,0.0,1.0,0,0.0,0,0.0,0,0.0,0,0.0,1,1.0,0,0.0,0,0.0,0,0.0,0,0.0
kenny_kennia,4,3,no_media,1,4,2023-09,0.3333333333333333,0.0,0.0,2,0.6666666666666666,0,0.0,0,0.0,1,0.3333333333333333,0,0.0,0,0.0,0,0.0,0,0.0,0,0.0
kiko每天都是小幸运,2,1,no_media,1,2,2023-02,0.0,0.0,1.0,0,0.0,0,0.0,0,0.0,0,0.0,1,1.0,0,0.0,0,0.0,0,0.0,0,0.0
kiss禕吻定情_,13,12,no_media,13,11,2024-07,0.0,0.0,0.0,12,1.0,0,0.0,0,0.0,0,0.0,0,0.0,0,0.0,0,0.0,0,0.0,0,0.0
knownothing,3,2,no_media,0,3,2024-03,0.0,0.0,0.0,0,0.0,0,0.0,0,0.0,0,0.0,0,0.0,0,0.0,0,0.0,0,0.0,2,1.0
kosyt,2,1,no_media,0,2,2023-08,0.0,0.0,0.0,0,0.0,0,0.0,0,0.0,0,0.0,0,0.0,1,1.0,0,0.0,0,0.0,0,0.0
kuriki__,3,2,no_media,0,3,2024-07,0.5,0.0,0.0,0,0.0,0,0.0,0,0.0,0,0.0,0,0.0,1,0.5,1,0.5,0,0.0,0,0.0
k过好自己,2,1,no_media,0,2,2023-02,1.0,0.0,0.0,0,0.0,0,0.0,0,0.0,1,1.0,0,0.0,0,0.0,0,0.0,0,0.0,0,0.0
lI1bllI,2,1,no_media,0,2,2023-10,0.0,0.0,0.0,0,0.0,0,0.0,0,0.0,0,0.0,0,0.0,0,0.0,0,0.0,0,0.0,1,1.0
l_e_o妈,2,1,no_media,0,2,2023-05,0.0,0.0,0.0,0,0.0,0,0.0,0,0.0,0,0.0,0,0.0,0,0.0,0,0.0,0,0.0,1,1.0
lanmiaoerr,2,1,no_media,0,2,2023-02,0.0,0.0,1.0,0,0.0,0,0.0,0,0.0,0,0.0,1,1.0,0,0.0,0,0.0,0,0.0,0,0.0
lavender-loyal,5,4,dual,21,5,2023-04,0.0,0.25,0.75,0,0.0,1,0.25,0,0.0,0,0.0,3,0.75,0,0.0,0,0.0,0,0.0,0,0.0
lemonade_honey,2,1,no_media,0,2,2023-06,0.0,0.0,1.0,0,0.0,0,0.0,0,0.0,0,0.0,1,1.0,0,0.0,0,0.0,0,0.0,0,0.0
liehbi_比耶版ye,2,1,no_media,0,1,2023-04,0.0,0.0,1.0,0,0.0,0,0.0,0,0.0,0,0.0,1,1.0,0,0.0,0,0.0,0,0.0,0,0.0
like吃美食的seven,2,1,no_media,3,2,2021-11,0.0,1.0,0.0,0,0.0,1,1.0,0,0.0,0,0.0,0,0.0,0,0.0,0,0.0,0,0.0,0,0.0
linf起风了,2,1,no_media,0,1,2025-05,0.0,0.0,0.0,1,1.0,0,0.0,0,0.0,0,0.0,0,0.0,0,0.0,0,0.0,0,0.0,0,0.0
linger是学渣,2,1,no_media,1,2,2022-04,0.0,1.0,0.0,0,0.0,0,0.0,1,1.0,0,0.0,0,0.0,0,0.0,0,0.0,0,0.0,0,0.0
lisa__微博,4,3,no_media,0,4,2023-04,0.0,0.0,1.0,0,0.0,0,0.0,0,0.0,0,0.0,3,1.0,0,0.0,0,0.0,0,0.0,0,0.0
littleokay_23,2,1,no_media,0,2,2023-06,0.0,0.0,0.0,0,0.0,0,0.0,0,0.0,0,0.0,0,0.0,0,0.0,0,0.0,1,1.0,0,0.0
livehappilyeverafterasap,2,1,no_media,2,2,2023-10,0.0,0.0,1.0,0,0.0,0,0.0,0,0.0,0,0.0,1,1.0,0,0.0,0,0.0,0,0.0,0,0.0
lleenchen,2,1,no_media,0,2,2023-02,0.0,0.0,1.0,0,0.0,0,0.0,0,0.0,0,0.0,1,1.0,0,0.0,0,0.0,0,0.0,0,0.0
ll雪雪Christina,3,2,no_media,0,3,2023-05,0.0,0.0,0.0,0,0.0,0,0.0,0,0.0,0,0.0,0,0.0,0,0.0,0,0.0,1,0.5,1,0.5
long1833龙玺,2,1,no_media,0,2,2023-04,0.0,0.0,1.0,0,0.0,0,0.0,0,0.0,0,0.0,1,1.0,0,0.0,0,0.0,0,0.0,0,0.0
looleee是啰哩哥,7,6,no_media,0,6,2023-05,0.16666666666666666,0.16666666666666666,0.16666666666666666,1,0.16666666666666666,0,0.0,1,0.16666666666666666,0,0.0,1,0.16666666666666666,1,0.16666666666666666,1,0.16666666666666666,0,0.0,1,0.16666666666666666
loskyyyyloccyy,3,2,wemedia_only,4,2,2023-01,0.0,0.0,1.0,0,0.0,0,0.0,0,0.0,0,0.0,2,1.0,0,0.0,0,0.0,0,0.0,0,0.0
loveme在逃女主,2,1,no_media,1,2,2023-12,0.0,0.0,0.0,0,0.0,0,0.0,0,0.0,0,0.0,0,0.0,1,1.0,0,0.0,0,0.0,0,0.0
love流浪小野猫,3,2,no_media,2,3,2024-03,0.0,0.0,1.0,0,0.0,0,0.0,0,0.0,0,0.0,2,1.0,0,0.0,0,0.0,0,0.0,0,0.0
lrine伊琳,2,1,wemedia_only,2,2,2022-12,0.0,0.0,0.0,0,0.0,0,0.0,0,0.0,0,0.0,0,0.0,0,0.0,0,0.0,0,0.0,1,1.0
lsmzcty,9,8,mainstream_only,11,9,2023-05,0.25,0.125,0.375,2,0.25,1,0.125,0,0.0,2,0.25,3,0.375,0,0.0,0,0.0,0,0.0,0,0.0
lunarlu,2,1,no_media,0,2,2023-08,0.0,0.0,0.0,0,0.0,0,0.0,0,0.0,0,0.0,0,0.0,0,0.0,0,0.0,0,0.0,1,1.0
luntan77508,2,1,mainstream_only,2,2,2023-05,1.0,0.0,0.0,0,0.0,0,0.0,0,0.0,0,0.0,0,0.0,0,0.0,1,1.0,0,0.0,0,0.0
luvheyee,2,1,no_media,0,2,2023-03,0.0,0.0,0.0,0,0.0,0,0.0,0,0.0,0,0.0,0,0.0,0,0.0,0,0.0,0,0.0,1,1.0
lxwbk,3,2,wemedia_only,2,3,2023-09,0.0,0.0,1.0,0,0.0,0,0.0,0,0.0,0,0.0,2,1.0,0,0.0,0,0.0,0,0.0,0,0.0
lyx641549,2,1,no_media,0,2,2024-05,0.0,0.0,1.0,0,0.0,0,0.0,0,0.0,0,0.0,1,1.0,0,0.0,0,0.0,0,0.0,0,0.0
lzh10175,2,1,no_media,0,1,2023-08,0.0,0.0,1.0,0,0.0,0,0.0,0,0.0,0,0.0,1,1.0,0,0.0,0,0.0,0,0.0,0,0.0
lzwgffshyh,16,15,no_media,0,12,2023-02,0.0,0.0,1.0,0,0.0,0,0.0,0,0.0,0,0.0,15,1.0,0,0.0,0,0.0,0,0.0,0,0.0
may1222,2,1,no_media,0,2,2023-08,0.0,1.0,0.0,0,0.0,1,1.0,0,0.0,0,0.0,0,0.0,0,0.0,0,0.0,0,0.0,0,0.0
melody修,4,3,no_media,1,4,2025-06,0.0,0.0,1.0,0,0.0,0,0.0,0,0.0,0,0.0,3,1.0,0,0.0,0,0.0,0,0.0,0,0.0
mia_我就是那个飞碟,2,1,no_media,0,2,2022-10,0.0,1.0,0.0,0,0.0,1,1.0,0,0.0,0,0.0,0,0.0,0,0.0,0,0.0,0,0.0,0,0.0
mikiKry,2,1,no_media,1,2,2023-03,0.0,0.0,0.0,0,0.0,0,0.0,0,0.0,0,0.0,0,0.0,0,0.0,0,0.0,0,0.0,1,1.0
mimiar咩咩又把天聊死了吗,2,1,no_media,0,2,2023-02,0.0,0.0,0.0,0,0.0,0,0.0,0,0.0,0,0.0,0,0.0,0,0.0,0,0.0,0,0.0,1,1.0
mingtian505,2,1,no_media,1,2,2025-02,0.0,0.0,1.0,0,0.0,0,0.0,0,0.0,0,0.0,1,1.0,0,0.0,0,0.0,0,0.0,0,0.0
mom-an,2,1,no_media,0,2,2023-06,0.0,0.0,0.0,0,0.0,0,0.0,0,0.0,0,0.0,0,0.0,1,1.0,0,0.0,0,0.0,0,0.0
momokojoker,2,1,no_media,0,2,2023-03,0.0,0.0,0.0,0,0.0,0,0.0,0,0.0,0,0.0,0,0.0,0,0.0,0,0.0,0,0.0,1,1.0
monte01,2,1,no_media,0,2,2023-02,0.0,0.0,1.0,0,0.0,0,0.0,0,0.0,0,0.0,1,1.0,0,0.0,0,0.0,0,0.0,0,0.0
msjjehhd,2,1,no_media,0,2,2024-01,1.0,0.0,0.0,0,0.0,0,0.0,0,0.0,1,1.0,0,0.0,0,0.0,0,0.0,0,0.0,0,0.0
msjyfcl_,2,1,no_media,1,2,2023-02,0.0,0.0,0.0,0,0.0,0,0.0,0,0.0,0,0.0,0,0.0,0,0.0,0,0.0,0,0.0,1,1.0
mycygcym,2,1,no_media,0,2,2022-12,0.0,0.0,1.0,0,0.0,0,0.0,0,0.0,0,0.0,1,1.0,0,0.0,0,0.0,0,0.0,0,0.0
myra就是笙於,5,4,mainstream_only,7,4,2022-12,0.0,0.0,1.0,0,0.0,0,0.0,0,0.0,0,0.0,4,1.0,0,0.0,0,0.0,0,0.0,0,0.0
mywrance,2,1,no_media,0,2,2023-07,0.0,0.0,0.0,0,0.0,0,0.0,0,0.0,0,0.0,0,0.0,0,0.0,0,0.0,0,0.0,1,1.0
nad抗衰专家-小倪子,31,30,no_media,0,25,2023-05,0.0,0.0,1.0,0,0.0,0,0.0,0,0.0,0,0.0,30,1.0,0,0.0,0,0.0,0,0.0,0,0.0
nan晨露,2,1,no_media,0,2,2022-12,0.0,1.0,0.0,0,0.0,0,0.0,1,1.0,0,0.0,0,0.0,0,0.0,0,0.0,0,0.0,0,0.0
narrow-mindedness,3,2,no_media,0,3,2023-03,0.0,0.5,0.0,1,0.5,1,0.5,0,0.0,0,0.0,0,0.0,0,0.0,0,0.0,0,0.0,0,0.0
neglect-f,2,1,no_media,0,2,2023-03,0.0,0.0,1.0,0,0.0,0,0.0,0,0.0,0,0.0,1,1.0,0,0.0,0,0.0,0,0.0,0,0.0
neoblue_Philipsx,36,35,no_media,1,30,2023-04,0.2857142857142857,0.2857142857142857,0.17142857142857143,8,0.22857142857142856,10,0.2857142857142857,0,0.0,9,0.2571428571428571,6,0.17142857142857143,1,0.02857142857142857,1,0.02857142857142857,0,0.0,0,0.0
netpupa8310,2,1,wemedia_only,2,2,2023-05,0.0,1.0,0.0,0,0.0,1,1.0,0,0.0,0,0.0,0,0.0,0,0.0,0,0.0,0,0.0,0,0.0
neverlandsky,2,1,no_media,0,2,2023-04,0.0,0.0,0.0,0,0.0,0,0.0,0,0.0,0,0.0,0,0.0,0,0.0,0,0.0,1,1.0,0,0.0
nick柯yl,2,1,no_media,0,2,2023-02,0.0,0.0,0.0,1,1.0,0,0.0,0,0.0,0,0.0,0,0.0,0,0.0,0,0.0,0,0.0,0,0.0
nipponcom,5,4,no_media,0,5,2022-03,0.0,0.0,0.5,0,0.0,0,0.0,0,0.0,0,0.0,2,0.5,1,0.25,0,0.0,1,0.25,0,0.0
nitenite,2,1,no_media,0,2,2023-07,0.0,0.0,0.0,0,0.0,0,0.0,0,0.0,0,0.0,0,0.0,0,0.0,0,0.0,1,1.0,0,0.0
nobodymomo123,3,2,mainstream_only,2,3,2023-02,0.0,0.0,1.0,0,0.0,0,0.0,0,0.0,0,0.0,2,1.0,0,0.0,0,0.0,0,0.0,0,0.0
noplaceforthesoul,2,1,no_media,1,1,2023-02,0.0,0.0,0.0,1,1.0,0,0.0,0,0.0,0,0.0,0,0.0,0,0.0,0,0.0,0,0.0,0,0.0
nplx123,2,1,no_media,0,2,2024-02,0.0,0.0,0.0,0,0.0,0,0.0,0,0.0,0,0.0,0,0.0,0,0.0,0,0.0,1,1.0,0,0.0
olisa912,2,1,mainstream_only,5,2,2021-11,0.0,0.0,1.0,0,0.0,0,0.0,0,0.0,0,0.0,1,1.0,0,0.0,0,0.0,0,0.0,0,0.0
omypuppy,2,1,no_media,0,2,2023-02,0.0,0.0,0.0,0,0.0,0,0.0,0,0.0,0,0.0,0,0.0,0,0.0,0,0.0,0,0.0,1,1.0
onnowere,10,9,no_media,11,9,2023-03,0.1111111111111111,0.1111111111111111,0.3333333333333333,2,0.2222222222222222,1,0.1111111111111111,0,0.0,1,0.1111111111111111,3,0.3333333333333333,1,0.1111111111111111,0,0.0,1,0.1111111111111111,0,0.0
ordxy,2,1,no_media,0,2,2023-03,0.0,0.0,1.0,0,0.0,0,0.0,0,0.0,0,0.0,1,1.0,0,0.0,0,0.0,0,0.0,0,0.0
ousmz,27,26,wemedia_only,25,23,2023-02,0.11538461538461539,0.11538461538461539,0.5,0,0.0,3,0.11538461538461539,0,0.0,3,0.11538461538461539,13,0.5,4,0.15384615384615385,0,0.0,3,0.11538461538461539,0,0.0
o尛茗銅學o,43,42,no_media,2,40,2023-02,0.14285714285714285,0.14285714285714285,0.47619047619047616,5,0.11904761904761904,6,0.14285714285714285,0,0.0,5,0.11904761904761904,20,0.47619047619047616,3,0.07142857142857142,1,0.023809523809523808,2,0.047619047619047616,0,0.0
pingping0119,4,3,no_media,0,4,2023-07,0.0,0.0,0.6666666666666666,0,0.0,0,0.0,0,0.0,0,0.0,2,0.6666666666666666,0,0.0,0,0.0,1,0.3333333333333333,0,0.0
pkkaoyasureitwill_,2,1,no_media,0,2,2023-02,0.0,0.0,0.0,0,0.0,0,0.0,0,0.0,0,0.0,0,0.0,0,0.0,0,0.0,0,0.0,1,1.0
polyhedron,2,1,no_media,1,2,2022-05,0.0,0.0,1.0,0,0.0,0,0.0,0,0.0,0,0.0,1,1.0,0,0.0,0,0.0,0,0.0,0,0.0
pretty悦小姐,2,1,no_media,0,1,2023-03,0.0,0.0,1.0,0,0.0,0,0.0,0,0.0,0,0.0,1,1.0,0,0.0,0,0.0,0,0.0,0,0.0
pureemmmm,2,1,no_media,0,2,2023-03,1.0,0.0,0.0,0,0.0,0,0.0,0,0.0,0,0.0,0,0.0,0,0.0,1,1.0,0,0.0,0,0.0
qiuqiumm,2,1,no_media,0,2,2023-02,0.0,0.0,0.0,0,0.0,0,0.0,0,0.0,0,0.0,0,0.0,1,1.0,0,0.0,0,0.0,0,0.0
qmcloud,4,3,no_media,0,4,2023-01,0.0,0.0,0.0,0,0.0,0,0.0,0,0.0,0,0.0,0,0.0,1,0.3333333333333333,0,0.0,1,0.3333333333333333,1,0.3333333333333333
raruku2010或者叫口袋,2,1,dual,5,2,2023-05,0.0,0.0,0.0,0,0.0,0,0.0,0,0.0,0,0.0,0,0.0,0,0.0,0,0.0,1,1.0,0,0.0
reksha,3,2,no_media,1,3,2023-07,0.0,0.0,1.0,0,0.0,0,0.0,0,0.0,0,0.0,2,1.0,0,0.0,0,0.0,0,0.0,0,0.0
resign-CHH,5,4,no_media,0,5,2022-07,0.0,0.25,0.75,0,0.0,1,0.25,0,0.0,0,0.0,3,0.75,0,0.0,0,0.0,0,0.0,0,0.0
rikAlasCARE,4,3,no_media,1,4,2023-03,0.0,0.0,1.0,0,0.0,0,0.0,0,0.0,0,0.0,3,1.0,0,0.0,0,0.0,0,0.0,0,0.0
rikotan,2,1,no_media,2,2,2023-02,0.0,0.0,0.0,0,0.0,0,0.0,0,0.0,0,0.0,0,0.0,0,0.0,0,0.0,0,0.0,1,1.0
rotAmo,2,1,no_media,2,2,2023-05,0.0,0.0,1.0,0,0.0,0,0.0,0,0.0,0,0.0,1,1.0,0,0.0,0,0.0,0,0.0,0,0.0
rpb_,2,1,no_media,0,2,2023-05,0.0,0.0,1.0,0,0.0,0,0.0,0,0.0,0,0.0,1,1.0,0,0.0,0,0.0,0,0.0,0,0.0
rushinger333,3,2,mainstream_only,3,3,2023-11,0.0,0.0,1.0,0,0.0,0,0.0,0,0.0,0,0.0,2,1.0,0,0.0,0,0.0,0,0.0,0,0.0
saiyaren悟空,2,1,no_media,0,2,2023-02,0.0,0.0,1.0,0,0.0,0,0.0,0,0.0,0,0.0,1,1.0,0,0.0,0,0.0,0,0.0,0,0.0
samhoter-I型,3,2,no_media,2,3,2023-08,0.0,0.0,0.0,0,0.0,0,0.0,0,0.0,0,0.0,0,0.0,0,0.0,0,0.0,1,0.5,1,0.5
sanna-sanna,20,19,no_media,7,17,2022-08,0.21052631578947367,0.21052631578947367,0.47368421052631576,0,0.0,4,0.21052631578947367,0,0.0,4,0.21052631578947367,9,0.47368421052631576,1,0.05263157894736842,0,0.0,1,0.05263157894736842,0,0.0
sap233,4,3,mainstream_only,3,4,2023-08,0.3333333333333333,0.0,0.6666666666666666,0,0.0,0,0.0,0,0.0,1,0.3333333333333333,2,0.6666666666666666,0,0.0,0,0.0,0,0.0,0,0.0
sapphireORZ,2,1,no_media,0,2,2023-06,0.0,0.0,0.0,1,1.0,0,0.0,0,0.0,0,0.0,0,0.0,0,0.0,0,0.0,0,0.0,0,0.0
sap上帝给开了一扇窗,2,1,no_media,1,2,2025-05,0.0,0.0,0.0,1,1.0,0,0.0,0,0.0,0,0.0,0,0.0,0,0.0,0,0.0,0,0.0,0,0.0
seagumermy,2,1,no_media,2,1,2022-12,0.0,0.0,1.0,0,0.0,0,0.0,0,0.0,0,0.0,1,1.0,0,0.0,0,0.0,0,0.0,0,0.0
sei啊是sei,3,2,no_media,0,3,2024-03,0.5,0.0,0.5,0,0.0,0,0.0,0,0.0,1,0.5,1,0.5,0,0.0,0,0.0,0,0.0,0,0.0
shayatou08,2,1,wemedia_only,1,1,2023-09,0.0,0.0,1.0,0,0.0,0,0.0,0,0.0,0,0.0,1,1.0,0,0.0,0,0.0,0,0.0,0,0.0
shdkkfkdkdkdk,2,1,no_media,3,2,2023-05,1.0,0.0,0.0,0,0.0,0,0.0,0,0.0,1,1.0,0,0.0,0,0.0,0,0.0,0,0.0,0,0.0
shine002002,2,1,no_media,2,1,2022-03,0.0,1.0,0.0,0,0.0,0,0.0,1,1.0,0,0.0,0,0.0,0,0.0,0,0.0,0,0.0,0,0.0
shirley505,2,1,wemedia_only,3,2,2023-11,0.0,0.0,1.0,0,0.0,0,0.0,0,0.0,0,0.0,1,1.0,0,0.0,0,0.0,0,0.0,0,0.0
silence-adept,3,2,no_media,3,3,2023-05,0.0,0.0,0.0,2,1.0,0,0.0,0,0.0,0,0.0,0,0.0,0,0.0,0,0.0,0,0.0,0,0.0
sisipink,2,1,no_media,0,2,2023-05,0.0,0.0,0.0,0,0.0,0,0.0,0,0.0,0,0.0,0,0.0,0,0.0,0,0.0,1,1.0,0,0.0
sjl孙玲,3,2,no_media,0,2,2023-06,0.0,0.0,1.0,0,0.0,0,0.0,0,0.0,0,0.0,2,1.0,0,0.0,0,0.0,0,0.0,0,0.0
sleepingyear,2,1,no_media,0,2,2023-05,0.0,0.0,0.0,0,0.0,0,0.0,0,0.0,0,0.0,0,0.0,0,0.0,0,0.0,1,1.0,0,0.0
sniper-china,2,1,no_media,0,2,2023-04,0.0,0.0,1.0,0,0.0,0,0.0,0,0.0,0,0.0,1,1.0,0,0.0,0,0.0,0,0.0,0,0.0
solaskatt,2,1,no_media,0,2,2023-02,0.0,0.0,0.0,1,1.0,0,0.0,0,0.0,0,0.0,0,0.0,0,0.0,0,0.0,0,0.0,0,0.0
songery,2,1,no_media,0,2,2023-02,1.0,0.0,0.0,0,0.0,0,0.0,0,0.0,0,0.0,0,0.0,0,0.0,1,1.0,0,0.0,0,0.0
soniasophy,3,2,no_media,0,3,2023-07,0.0,0.0,0.0,0,0.0,0,0.0,0,0.0,0,0.0,0,0.0,1,0.5,0,0.0,1,0.5,0,0.0
sonnenshine777,2,1,no_media,0,2,2023-06,0.0,0.0,0.0,0,0.0,0,0.0,0,0.0,0,0.0,0,0.0,1,1.0,0,0.0,0,0.0,0,0.0
sowuuuu,2,1,no_media,0,2,2023-03,1.0,0.0,0.0,0,0.0,0,0.0,0,0.0,0,0.0,0,0.0,0,0.0,1,1.0,0,0.0,0,0.0
stockGPT,2,1,no_media,0,2,2023-11,0.0,1.0,0.0,0,0.0,1,1.0,0,0.0,0,0.0,0,0.0,0,0.0,0,0.0,0,0.0,0,0.0
sttns装作海豹突击队力量的样子,6,5,no_media,0,6,2023-02,0.0,0.0,0.6,0,0.0,0,0.0,0,0.0,0,0.0,3,0.6,0,0.0,0,0.0,1,0.2,1,0.2
subtway谈情感心理,2,1,no_media,0,2,2023-09,1.0,0.0,0.0,0,0.0,0,0.0,0,0.0,1,1.0,0,0.0,0,0.0,0,0.0,0,0.0,0,0.0
sunniton,2,1,no_media,0,2,2023-02,0.0,0.0,0.0,0,0.0,0,0.0,0,0.0,0,0.0,0,0.0,0,0.0,0,0.0,0,0.0,1,1.0
sunny72222,2,1,no_media,0,2,2023-05,0.0,0.0,0.0,0,0.0,0,0.0,0,0.0,0,0.0,0,0.0,0,0.0,0,0.0,1,1.0,0,0.0
sunny晴77,2,1,no_media,0,2,2023-02,0.0,0.0,0.0,0,0.0,0,0.0,0,0.0,0,0.0,0,0.0,0,0.0,0,0.0,1,1.0,0,0.0
swu宋明,2,1,wemedia_only,1,2,2022-12,0.0,0.0,1.0,0,0.0,0,0.0,0,0.0,0,0.0,1,1.0,0,0.0,0,0.0,0,0.0,0,0.0
syk0926,2,1,no_media,0,2,2023-09,0.0,0.0,1.0,0,0.0,0,0.0,0,0.0,0,0.0,1,1.0,0,0.0,0,0.0,0,0.0,0,0.0
sz1961sy93169,4,3,no_media,1,4,2023-05,0.0,0.0,1.0,0,0.0,0,0.0,0,0.0,0,0.0,3,1.0,0,0.0,0,0.0,0,0.0,0,0.0
t0mbkeeper,4,3,no_media,0,4,2023-02,0.0,0.0,1.0,0,0.0,0,0.0,0,0.0,0,0.0,3,1.0,0,0.0,0,0.0,0,0.0,0,0.0
table2025,3,2,no_media,0,3,2023-06,0.5,0.5,0.0,0,0.0,1,0.5,0,0.0,1,0.5,0,0.0,0,0.0,0,0.0,0,0.0,0,0.0
tenderrain_宽妈,2,1,no_media,3,2,2023-05,0.0,1.0,0.0,0,0.0,1,1.0,0,0.0,0,0.0,0,0.0,0,0.0,0,0.0,0,0.0,0,0.0
theMars,3,2,no_media,0,3,2023-11,0.0,0.0,1.0,0,0.0,0,0.0,0,0.0,0,0.0,2,1.0,0,0.0,0,0.0,0,0.0,0,0.0
titandream,5,4,no_media,16,5,2023-02,0.0,0.0,1.0,0,0.0,0,0.0,0,0.0,0,0.0,4,1.0,0,0.0,0,0.0,0,0.0,0,0.0
tombkeeper,3,2,no_media,0,3,2023-04,0.0,0.0,1.0,0,0.0,0,0.0,0,0.0,0,0.0,2,1.0,0,0.0,0,0.0,0,0.0,0,0.0
totobubu,2,1,no_media,0,2,2025-05,0.0,0.0,0.0,0,0.0,0,0.0,0,0.0,0,0.0,0,0.0,0,0.0,0,0.0,0,0.0,1,1.0
tryanewwaytohappyness,2,1,no_media,1,2,2023-03,0.0,0.0,0.0,0,0.0,0,0.0,0,0.0,0,0.0,0,0.0,1,1.0,0,0.0,0,0.0,0,0.0
tsunaminoyouni,2,1,no_media,0,2,2023-03,0.0,0.0,0.0,0,0.0,0,0.0,0,0.0,0,0.0,0,0.0,0,0.0,0,0.0,1,1.0,0,0.0
univa,3,2,no_media,0,3,2023-11,0.0,0.0,0.0,0,0.0,0,0.0,0,0.0,0,0.0,0,0.0,0,0.0,0,0.0,0,0.0,2,1.0
urzeric,2,1,no_media,1,2,2023-03,0.0,0.0,1.0,0,0.0,0,0.0,0,0.0,0,0.0,1,1.0,0,0.0,0,0.0,0,0.0,0,0.0
vanillaninjal,7,6,wemedia_only,10,6,2023-01,0.16666666666666666,0.0,0.8333333333333334,0,0.0,0,0.0,0,0.0,1,0.16666666666666666,5,0.8333333333333334,0,0.0,0,0.0,0,0.0,0,0.0
vs喜宝,2,1,no_media,0,2,2023-03,0.0,0.0,0.0,0,0.0,0,0.0,0,0.0,0,0.0,0,0.0,0,0.0,0,0.0,1,1.0,0,0.0
waylenz,2,1,no_media,0,1,2025-02,0.0,0.0,1.0,0,0.0,0,0.0,0,0.0,0,0.0,1,1.0,0,0.0,0,0.0,0,0.0,0,0.0
wayneangle,2,1,no_media,0,2,2023-09,0.0,0.0,0.0,0,0.0,0,0.0,0,0.0,0,0.0,0,0.0,0,0.0,0,0.0,1,1.0,0,0.0
wbhsdb,2,1,no_media,0,2,2023-06,0.0,0.0,0.0,0,0.0,0,0.0,0,0.0,0,0.0,0,0.0,0,0.0,0,0.0,0,0.0,1,1.0
weggiy,2,1,no_media,1,2,2023-04,0.0,0.0,0.0,0,0.0,0,0.0,0,0.0,0,0.0,0,0.0,0,0.0,0,0.0,1,1.0,0,0.0
wenray来了,5,4,mainstream_only,6,4,2023-05,0.25,0.0,0.5,0,0.0,0,0.0,0,0.0,1,0.25,2,0.5,0,0.0,0,0.0,1,0.25,0,0.0
wfy笑看人生,4,3,no_media,0,4,2023-02,0.0,0.0,0.0,0,0.0,0,0.0,0,0.0,0,0.0,0,0.0,1,0.3333333333333333,0,0.0,0,0.0,2,0.6666666666666666
whoiscathy,2,1,mainstream_only,1,2,2023-02,0.0,0.0,0.0,0,0.0,0,0.0,0,0.0,0,0.0,0,0.0,1,1.0,0,0.0,0,0.0,0,0.0
will_harris,2,1,wemedia_only,4,2,2022-03,0.0,1.0,0.0,0,0.0,1,1.0,0,0.0,0,0.0,0,0.0,0,0.0,0,0.0,0,0.0,0,0.0
wjk木头,2,1,no_media,0,2,2023-04,0.0,0.0,0.0,0,0.0,0,0.0,0,0.0,0,0.0,0,0.0,1,1.0,0,0.0,0,0.0,0,0.0
wjsuny2,4,3,wemedia_only,4,4,2023-12,0.0,0.0,1.0,0,0.0,0,0.0,0,0.0,0,0.0,3,1.0,0,0.0,0,0.0,0,0.0,0,0.0
woi熊猫,2,1,no_media,0,2,2023-05,0.0,1.0,0.0,0,0.0,1,1.0,0,0.0,0,0.0,0,0.0,0,0.0,0,0.0,0,0.0,0,0.0
wooooosunnysj,3,2,wemedia_only,5,3,2023-05,0.0,0.0,1.0,0,0.0,0,0.0,0,0.0,0,0.0,2,1.0,0,0.0,0,0.0,0,0.0,0,0.0
wpy彩色沙漠,2,1,no_media,0,2,2023-04,0.0,1.0,0.0,0,0.0,0,0.0,1,1.0,0,0.0,0,0.0,0,0.0,0,0.0,0,0.0,0,0.0
wstilden_gu3r9,3,2,wemedia_only,4,2,2024-02,0.0,0.0,1.0,0,0.0,0,0.0,0,0.0,0,0.0,2,1.0,0,0.0,0,0.0,0,0.0,0,0.0
wszkhx,2,1,no_media,0,2,2023-02,0.0,0.0,1.0,0,0.0,0,0.0,0,0.0,0,0.0,1,1.0,0,0.0,0,0.0,0,0.0,0,0.0
wuliaodebeizi,2,1,no_media,1,2,2022-12,1.0,0.0,0.0,0,0.0,0,0.0,0,0.0,1,1.0,0,0.0,0,0.0,0,0.0,0,0.0,0,0.0
wwWeisa,2,1,no_media,0,2,2023-04,0.0,0.0,1.0,0,0.0,0,0.0,0,0.0,0,0.0,1,1.0,0,0.0,0,0.0,0,0.0,0,0.0
ww古德猫宁,3,2,no_media,1,3,2023-07,0.0,0.0,0.5,0,0.0,0,0.0,0,0.0,0,0.0,1,0.5,0,0.0,0,0.0,1,0.5,0,0.0
xcr睡不醒,2,1,no_media,0,2,2023-08,0.0,1.0,0.0,0,0.0,0,0.0,1,1.0,0,0.0,0,0.0,0,0.0,0,0.0,0,0.0,0,0.0
xiangxiang713,2,1,no_media,0,1,2023-01,0.0,1.0,0.0,0,0.0,0,0.0,1,1.0,0,0.0,0,0.0,0,0.0,0,0.0,0,0.0,0,0.0
xiaochaobest,2,1,wemedia_only,2,2,2023-04,0.0,0.0,1.0,0,0.0,0,0.0,0,0.0,0,0.0,1,1.0,0,0.0,0,0.0,0,0.0,0,0.0
xiaozhang2017,3,2,wemedia_only,1,3,2023-03,0.0,0.0,0.5,0,0.0,0,0.0,0,0.0,0,0.0,1,0.5,0,0.0,0,0.0,1,0.5,0,0.0
xidbdhfkr,2,1,no_media,0,2,2023-03,0.0,0.0,0.0,0,0.0,0,0.0,0,0.0,0,0.0,0,0.0,1,1.0,0,0.0,0,0.0,0,0.0
xin鑫金,3,2,no_media,0,3,2023-03,0.5,0.5,0.0,0,0.0,0,0.0,1,0.5,0,0.0,0,0.0,0,0.0,1,0.5,0,0.0,0,0.0
xxx的自传式日记,2,1,no_media,0,2,2023-06,0.0,0.0,0.0,0,0.0,0,0.0,0,0.0,0,0.0,0,0.0,0,0.0,0,0.0,1,1.0,0,0.0
xx狮子头,3,2,wemedia_only,6,2,2023-10,0.0,0.0,1.0,0,0.0,0,0.0,0,0.0,0,0.0,2,1.0,0,0.0,0,0.0,0,0.0,0,0.0
ya200218,2,1,no_media,0,2,2023-02,0.0,0.0,0.0,0,0.0,0,0.0,0,0.0,0,0.0,0,0.0,0,0.0,0,0.0,1,1.0,0,0.0
yayahuhu,2,1,no_media,0,2,2023-01,0.0,0.0,0.0,0,0.0,0,0.0,0,0.0,0,0.0,0,0.0,1,1.0,0,0.0,0,0.0,0,0.0
ybjtmhyby,2,1,no_media,4,2,2025-03,0.0,0.0,1.0,0,0.0,0,0.0,0,0.0,0,0.0,1,1.0,0,0.0,0,0.0,0,0.0,0,0.0
yellow_茄,2,1,no_media,0,2,2023-05,0.0,1.0,0.0,0,0.0,1,1.0,0,0.0,0,0.0,0,0.0,0,0.0,0,0.0,0,0.0,0,0.0
your_salvation,2,1,no_media,0,2,2023-07,0.0,0.0,0.0,0,0.0,0,0.0,0,0.0,0,0.0,0,0.0,0,0.0,0,0.0,0,0.0,1,1.0
yqwla,2,1,no_media,0,2,2023-02,0.0,0.0,1.0,0,0.0,0,0.0,0,0.0,0,0.0,1,1.0,0,0.0,0,0.0,0,0.0,0,0.0
yra1dtun0c,2,1,no_media,1,2,2023-03,1.0,0.0,0.0,0,0.0,0,0.0,0,0.0,1,1.0,0,0.0,0,0.0,0,0.0,0,0.0,0,0.0
yuankong198610,22,21,dual,19,19,2023-02,0.09523809523809523,0.09523809523809523,0.6190476190476191,0,0.0,2,0.09523809523809523,0,0.0,2,0.09523809523809523,13,0.6190476190476191,2,0.09523809523809523,0,0.0,2,0.09523809523809523,0,0.0
yuanydd,2,1,no_media,6,2,2023-05,1.0,0.0,0.0,0,0.0,0,0.0,0,0.0,0,0.0,0,0.0,0,0.0,1,1.0,0,0.0,0,0.0
yuefeng555,2,1,wemedia_only,3,2,2022-08,0.0,0.0,1.0,0,0.0,0,0.0,0,0.0,0,0.0,1,1.0,0,0.0,0,0.0,0,0.0,0,0.0
yueyuemomo2020,2,1,no_media,0,2,2022-03,0.0,0.0,0.0,0,0.0,0,0.0,0,0.0,0,0.0,0,0.0,0,0.0,0,0.0,1,1.0,0,0.0
yx希望_,8,7,wemedia_only,8,8,2023-05,0.14285714285714285,0.14285714285714285,0.42857142857142855,0,0.0,0,0.0,1,0.14285714285714285,1,0.14285714285714285,3,0.42857142857142855,1,0.14285714285714285,0,0.0,1,0.14285714285714285,0,0.0
yyli,4,3,mainstream_only,5,4,2023-07,0.0,0.0,1.0,0,0.0,0,0.0,0,0.0,0,0.0,3,1.0,0,0.0,0,0.0,0,0.0,0,0.0
yzqlpc2,3,2,no_media,0,3,2023-02,0.0,0.0,1.0,0,0.0,0,0.0,0,0.0,0,0.0,2,1.0,0,0.0,0,0.0,0,0.0,0,0.0
zero3云深躺鸡,2,1,no_media,0,2,2024-11,0.0,0.0,0.0,0,0.0,0,0.0,0,0.0,0,0.0,0,0.0,1,1.0,0,0.0,0,0.0,0,0.0
zhajiho,2,1,no_media,0,2,2023-03,0.0,0.0,0.0,0,0.0,0,0.0,0,0.0,0,0.0,0,0.0,1,1.0,0,0.0,0,0.0,0,0.0
zhongdiangz,3,2,wemedia_only,10,3,2023-07,0.5,0.5,0.0,0,0.0,1,0.5,0,0.0,1,0.5,0,0.0,0,0.0,0,0.0,0,0.0,0,0.0
zhongyaoge111,2,1,no_media,0,2,2023-06,0.0,0.0,1.0,0,0.0,0,0.0,0,0.0,0,0.0,1,1.0,0,0.0,0,0.0,0,0.0,0,0.0
zhudi美好收集,2,1,no_media,0,2,2024-03,0.0,0.0,0.0,0,0.0,0,0.0,0,0.0,0,0.0,0,0.0,0,0.0,0,0.0,0,0.0,1,1.0
zhujiumenger,2,1,no_media,1,2,2023-05,0.0,0.0,0.0,0,0.0,0,0.0,0,0.0,0,0.0,0,0.0,0,0.0,0,0.0,0,0.0,1,1.0
zhuzhenhua1982,2,1,no_media,0,2,2023-04,0.0,0.0,1.0,0,0.0,0,0.0,0,0.0,0,0.0,1,1.0,0,0.0,0,0.0,0,0.0,0,0.0
zigamber,3,2,wemedia_only,4,3,2023-05,0.5,0.0,0.5,0,0.0,0,0.0,0,0.0,1,0.5,1,0.5,0,0.0,0,0.0,0,0.0,0,0.0
zolpidetartrate,6,5,no_media,0,5,2023-11,0.4,0.4,0.0,1,0.2,1,0.2,1,0.2,0,0.0,0,0.0,0,0.0,2,0.4,0,0.0,0,0.0
zomcom,2,1,no_media,2,1,2025-02,1.0,0.0,0.0,0,0.0,0,0.0,0,0.0,0,0.0,0,0.0,0,0.0,1,1.0,0,0.0,0,0.0
zq22000,2,1,no_media,0,2,2023-05,0.0,1.0,0.0,0,0.0,0,0.0,1,1.0,0,0.0,0,0.0,0,0.0,0,0.0,0,0.0,0,0.0
zuoyou888,2,1,no_media,0,2,2023-06,0.0,0.0,0.0,0,0.0,0,0.0,0,0.0,0,0.0,0,0.0,0,0.0,0,0.0,0,0.0,1,1.0
zzz宋博嘉,2,1,no_media,1,2,2023-07,0.0,0.0,0.0,0,0.0,0,0.0,0,0.0,0,0.0,0,0.0,0,0.0,0,0.0,0,0.0,1,1.0
·Pthahnil·,5,4,no_media,0,5,2023-08,0.0,0.25,0.0,0,0.0,1,0.25,0,0.0,0,0.0,0,0.0,1,0.25,0,0.0,1,0.25,1,0.25
··楚子航··,3,2,no_media,0,3,2023-06,0.5,0.0,0.0,0,0.0,0,0.0,0,0.0,1,0.5,0,0.0,0,0.0,0,0.0,1,0.5,0,0.0
·之后·,2,1,no_media,0,1,2020-03,0.0,0.0,1.0,0,0.0,0,0.0,0,0.0,0,0.0,1,1.0,0,0.0,0,0.0,0,0.0,0,0.0
·吲哚乙酸·,2,1,no_media,0,1,2025-05,0.0,0.0,1.0,0,0.0,0,0.0,0,0.0,0,0.0,1,1.0,0,0.0,0,0.0,0,0.0,0,0.0
·工作狂胖姐姐·,2,1,no_media,0,2,2023-02,0.0,0.0,0.0,0,0.0,0,0.0,0,0.0,0,0.0,0,0.0,0,0.0,0,0.0,1,1.0,0,0.0
·木耳阝·,2,1,no_media,0,2,2023-02,0.0,0.0,0.0,0,0.0,0,0.0,0,0.0,0,0.0,0,0.0,0,0.0,0,0.0,0,0.0,1,1.0
·李璨璨·,2,1,no_media,0,2,2023-05,0.0,0.0,0.0,0,0.0,0,0.0,0,0.0,0,0.0,0,0.0,0,0.0,0,0.0,0,0.0,1,1.0
·肆月竹·,2,1,no_media,0,2,2023-06,0.0,0.0,0.0,0,0.0,0,0.0,0,0.0,0,0.0,0,0.0,0,0.0,0,0.0,1,1.0,0,0.0
●へ●パンダ大佐,4,3,no_media,0,4,2023-02,0.0,0.0,0.0,0,0.0,0,0.0,0,0.0,0,0.0,0,0.0,0,0.0,0,0.0,0,0.0,3,1.0
一lu南下,2,1,no_media,0,2,2023-02,0.0,1.0,0.0,0,0.0,1,1.0,0,0.0,0,0.0,0,0.0,0,0.0,0,0.0,0,0.0,0,0.0
一一2蚀寺V,2,1,no_media,0,2,2023-02,1.0,0.0,0.0,0,0.0,0,0.0,0,0.0,0,0.0,0,0.0,0,0.0,1,1.0,0,0.0,0,0.0
一一小朋友的成长记录,2,1,no_media,0,2,2024-08,0.0,0.0,0.0,0,0.0,0,0.0,0,0.0,0,0.0,0,0.0,0,0.0,0,0.0,1,1.0,0,0.0
一一界秧农时02610,9,8,no_media,5,7,2023-05,0.125,0.125,0.75,0,0.0,1,0.125,0,0.0,1,0.125,6,0.75,0,0.0,0,0.0,0,0.0,0,0.0
一一相南北,2,1,no_media,0,2,2023-05,1.0,0.0,0.0,0,0.0,0,0.0,0,0.0,0,0.0,0,0.0,0,0.0,1,1.0,0,0.0,0,0.0
一个一分钱也没有的网友路过,2,1,no_media,0,2,2023-08,0.0,1.0,0.0,0,0.0,0,0.0,1,1.0,0,0.0,0,0.0,0,0.0,0,0.0,0,0.0,0,0.0
一个人的时候偷偷看你的微博啊,2,1,no_media,0,2,2023-02,0.0,1.0,0.0,0,0.0,0,0.0,1,1.0,0,0.0,0,0.0,0,0.0,0,0.0,0,0.0,0,0.0
一个人的街角zt,2,1,no_media,14,2,2023-01,0.0,0.0,0.0,1,1.0,0,0.0,0,0.0,0,0.0,0,0.0,0,0.0,0,0.0,0,0.0,0,0.0
一个帅比,2,1,no_media,0,2,2023-08,0.0,0.0,0.0,0,0.0,0,0.0,0,0.0,0,0.0,0,0.0,0,0.0,0,0.0,0,0.0,1,1.0
一个藏了诗句的名字,2,1,no_media,0,1,2023-05,0.0,1.0,0.0,0,0.0,1,1.0,0,0.0,0,0.0,0,0.0,0,0.0,0,0.0,0,0.0,0,0.0
一个退休人士的日记本,3,2,no_media,0,2,2023-08,0.0,0.5,0.0,1,0.5,0,0.0,1,0.5,0,0.0,0,0.0,0,0.0,0,0.0,0,0.0,0,0.0
一二三Jane,5,4,dual,6,5,2023-02,0.0,0.0,1.0,0,0.0,0,0.0,0,0.0,0,0.0,4,1.0,0,0.0,0,0.0,0,0.0,0,0.0
一代宗师中医馆,2,1,no_media,0,2,2023-02,0.0,0.0,1.0,0,0.0,0,0.0,0,0.0,0,0.0,1,1.0,0,0.0,0,0.0,0,0.0,0,0.0
一份柠冰椰,2,1,no_media,0,2,2023-09,0.0,0.0,0.0,0,0.0,0,0.0,0,0.0,0,0.0,0,0.0,0,0.0,0,0.0,1,1.0,0,0.0
一休养股,2,1,no_media,0,2,2023-11,0.0,0.0,1.0,0,0.0,0,0.0,0,0.0,0,0.0,1,1.0,0,0.0,0,0.0,0,0.0,0,0.0
一分钟也很棒了,2,1,no_media,0,2,2023-10,0.0,1.0,0.0,0,0.0,0,0.0,1,1.0,0,0.0,0,0.0,0,0.0,0,0.0,0,0.0,0,0.0
一只佳佳吖,2,1,no_media,0,2,2020-03,0.0,0.0,0.0,0,0.0,0,0.0,0,0.0,0,0.0,0,0.0,0,0.0,0,0.0,1,1.0,0,0.0
一只吃薯条的一,2,1,no_media,0,2,2023-02,0.0,0.0,0.0,0,0.0,0,0.0,0,0.0,0,0.0,0,0.0,0,0.0,0,0.0,0,0.0,1,1.0
一只啊橙,6,5,no_media,0,3,2024-01,0.0,0.0,0.0,0,0.0,0,0.0,0,0.0,0,0.0,0,0.0,1,0.2,0,0.0,0,0.0,4,0.8
一只大希,2,1,no_media,0,2,2024-01,0.0,1.0,0.0,0,0.0,1,1.0,0,0.0,0,0.0,0,0.0,0,0.0,0,0.0,0,0.0,0,0.0
一只大绵羊6,3,2,no_media,0,3,2023-04,0.0,0.0,0.0,0,0.0,0,0.0,0,0.0,0,0.0,0,0.0,0,0.0,0,0.0,0,0.0,2,1.0
一只小花轮呀,2,1,no_media,0,2,2023-02,0.0,0.0,0.0,0,0.0,0,0.0,0,0.0,0,0.0,0,0.0,0,0.0,0,0.0,1,1.0,0,0.0
一只心里住着小仓鼠的喵,2,1,no_media,0,1,2023-08,0.0,1.0,0.0,0,0.0,0,0.0,1,1.0,0,0.0,0,0.0,0,0.0,0,0.0,0,0.0,0,0.0
一只硬邦邦的大鸟,2,1,no_media,0,2,2023-02,0.0,0.0,0.0,0,0.0,0,0.0,0,0.0,0,0.0,0,0.0,0,0.0,0,0.0,0,0.0,1,1.0
一叶轻舟渡花语666,2,1,no_media,0,2,2024-09,0.0,0.0,1.0,0,0.0,0,0.0,0,0.0,0,0.0,1,1.0,0,0.0,0,0.0,0,0.0,0,0.0
一哥股市论金,2,1,no_media,0,2,2022-12,0.0,0.0,1.0,0,0.0,0,0.0,0,0.0,0,0.0,1,1.0,0,0.0,0,0.0,0,0.0,0,0.0
一团矛盾-中医药探讨,35,34,mainstream_only,38,31,2023-09,0.058823529411764705,0.058823529411764705,0.8235294117647058,0,0.0,2,0.058823529411764705,0,0.0,2,0.058823529411764705,28,0.8235294117647058,1,0.029411764705882353,0,0.0,1,0.029411764705882353,0,0.0
一块不够甜,2,1,no_media,0,1,2023-08,0.0,0.0,1.0,0,0.0,0,0.0,0,0.0,0,0.0,1,1.0,0,0.0,0,0.0,0,0.0,0,0.0
一块板的距离,2,1,no_media,4,1,2022-11,0.0,0.0,1.0,0,0.0,0,0.0,0,0.0,0,0.0,1,1.0,0,0.0,0,0.0,0,0.0,0,0.0
一块马铃薯鸭,2,1,no_media,0,2,2023-05,0.0,0.0,0.0,1,1.0,0,0.0,0,0.0,0,0.0,0,0.0,0,0.0,0,0.0,0,0.0,0,0.0
一坨酒_,5,4,no_media,0,4,2023-11,0.25,0.25,0.0,1,0.25,0,0.0,1,0.25,0,0.0,0,0.0,0,0.0,1,0.25,0,0.0,1,0.25
一大口那,2,1,no_media,2,2,2023-02,0.0,0.0,1.0,0,0.0,0,0.0,0,0.0,0,0.0,1,1.0,0,0.0,0,0.0,0,0.0,0,0.0
一头如花逐月游,2,1,no_media,2,2,2024-12,0.0,0.0,0.0,1,1.0,0,0.0,0,0.0,0,0.0,0,0.0,0,0.0,0,0.0,0,0.0,0,0.0
一定要心平气和不怼人,2,1,no_media,1,1,2023-06,0.0,0.0,1.0,0,0.0,0,0.0,0,0.0,0,0.0,1,1.0,0,0.0,0,0.0,0,0.0,0,0.0
一带一路铁木真,2,1,no_media,1,2,2022-03,1.0,0.0,0.0,0,0.0,0,0.0,0,0.0,1,1.0,0,0.0,0,0.0,0,0.0,0,0.0,0,0.0
一廉百业兴,2,1,no_media,0,2,2023-02,0.0,0.0,0.0,0,0.0,0,0.0,0,0.0,0,0.0,0,0.0,0,0.0,0,0.0,1,1.0,0,0.0
一战的闪闪,2,1,no_media,0,2,2023-07,0.0,0.0,0.0,0,0.0,0,0.0,0,0.0,0,0.0,0,0.0,0,0.0,0,0.0,1,1.0,0,0.0
一把小汗,4,3,mainstream_only,2,4,2023-12,0.0,0.0,0.3333333333333333,0,0.0,0,0.0,0,0.0,0,0.0,1,0.3333333333333333,1,0.3333333333333333,0,0.0,1,0.3333333333333333,0,0.0
一支上上灵签,5,4,no_media,0,5,2023-02,0.0,0.0,1.0,0,0.0,0,0.0,0,0.0,0,0.0,4,1.0,0,0.0,0,0.0,0,0.0,0,0.0
一日之际在于东,2,1,no_media,0,2,2023-03,0.0,1.0,0.0,0,0.0,0,0.0,1,1.0,0,0.0,0,0.0,0,0.0,0,0.0,0,0.0,0,0.0
一枚蕾蕾,3,2,no_media,0,3,2023-06,0.0,0.0,0.0,0,0.0,0,0.0,0,0.0,0,0.0,0,0.0,0,0.0,0,0.0,0,0.0,2,1.0
一柱擎天向太阳_天涯,4,3,no_media,3,4,2022-10,0.3333333333333333,0.3333333333333333,0.3333333333333333,0,0.0,1,0.3333333333333333,0,0.0,1,0.3333333333333333,1,0.3333333333333333,0,0.0,0,0.0,0,0.0,0,0.0
一点娱乐,2,1,no_media,0,2,2023-03,0.0,0.0,1.0,0,0.0,0,0.0,0,0.0,0,0.0,1,1.0,0,0.0,0,0.0,0,0.0,0,0.0
一点资讯,4,3,no_media,0,4,2023-02,0.3333333333333333,0.0,0.6666666666666666,0,0.0,0,0.0,0,0.0,1,0.3333333333333333,2,0.6666666666666666,0,0.0,0,0.0,0,0.0,0,0.0
一片桂树林,4,3,no_media,0,4,2023-02,0.0,0.0,0.3333333333333333,0,0.0,0,0.0,0,0.0,0,0.0,1,0.3333333333333333,1,0.3333333333333333,0,0.0,1,0.3333333333333333,0,0.0
一玶海岸,2,1,no_media,2,2,2023-05,0.0,0.0,1.0,0,0.0,0,0.0,0,0.0,0,0.0,1,1.0,0,0.0,0,0.0,0,0.0,0,0.0
一生只够爱一人尹,2,1,no_media,4,1,2023-05,0.0,0.0,1.0,0,0.0,0,0.0,0,0.0,0,0.0,1,1.0,0,0.0,0,0.0,0,0.0,0,0.0
一盏灯健康,2,1,no_media,0,2,2023-02,0.0,0.0,1.0,0,0.0,0,0.0,0,0.0,0,0.0,1,1.0,0,0.0,0,0.0,0,0.0,0,0.0
一直呐喊到世界的尽头,2,1,no_media,0,1,2022-03,0.0,0.0,1.0,0,0.0,0,0.0,0,0.0,0,0.0,1,1.0,0,0.0,0,0.0,0,0.0,0,0.0
一直小青团儿,2,1,no_media,0,2,2023-02,0.0,0.0,1.0,0,0.0,0,0.0,0,0.0,0,0.0,1,1.0,0,0.0,0,0.0,0,0.0,0,0.0
一石沉涧,3,2,no_media,0,3,2023-08,0.0,0.0,0.0,0,0.0,0,0.0,0,0.0,0,0.0,0,0.0,1,0.5,0,0.0,1,0.5,0,0.0
一碗耗子药煮面,2,1,no_media,0,2,2023-06,0.0,0.0,0.0,0,0.0,0,0.0,0,0.0,0,0.0,0,0.0,0,0.0,0,0.0,0,0.0,1,1.0
一碗豆沫糊,2,1,no_media,0,2,2023-10,0.0,1.0,0.0,0,0.0,1,1.0,0,0.0,0,0.0,0,0.0,0,0.0,0,0.0,0,0.0,0,0.0
一秋独尚o墨染肖肖,2,1,no_media,1,2,2023-06,0.0,0.0,0.0,0,0.0,0,0.0,0,0.0,0,0.0,0,0.0,0,0.0,0,0.0,0,0.0,1,1.0
一稻聊生活,2,1,no_media,0,2,2023-03,0.0,0.0,1.0,0,0.0,0,0.0,0,0.0,0,0.0,1,1.0,0,0.0,0,0.0,0,0.0,0,0.0
一立的微博,2,1,no_media,2,2,2023-06,0.0,0.0,1.0,0,0.0,0,0.0,0,0.0,0,0.0,1,1.0,0,0.0,0,0.0,0,0.0,0,0.0
一线gg,2,1,no_media,0,2,2023-02,0.0,0.0,1.0,0,0.0,0,0.0,0,0.0,0,0.0,1,1.0,0,0.0,0,0.0,0,0.0,0,0.0
一群流浪貓咪們的老母親,3,2,no_media,0,3,2023-03,0.0,0.0,0.0,0,0.0,0,0.0,0,0.0,0,0.0,0,0.0,0,0.0,0,0.0,0,0.0,2,1.0
一苇渡江流,2,1,no_media,0,2,2024-06,0.0,0.0,1.0,0,0.0,0,0.0,0,0.0,0,0.0,1,1.0,0,0.0,0,0.0,0,0.0,0,0.0
一言如此的难尽呀,2,1,no_media,1,2,2023-03,0.0,1.0,0.0,0,0.0,1,1.0,0,0.0,0,0.0,0,0.0,0,0.0,0,0.0,0,0.0,0,0.0
一起拉屎不姐妹,2,1,no_media,0,2,2023-02,0.0,0.0,0.0,0,0.0,0,0.0,0,0.0,0,0.0,0,0.0,0,0.0,0,0.0,0,0.0,1,1.0
一起来磕西皮呀,2,1,no_media,0,2,2022-12,0.0,1.0,0.0,0,0.0,1,1.0,0,0.0,0,0.0,0,0.0,0,0.0,0,0.0,0,0.0,0,0.0
一起聆听风的过往,2,1,no_media,0,1,2023-04,0.0,0.0,1.0,0,0.0,0,0.0,0,0.0,0,0.0,1,1.0,0,0.0,0,0.0,0,0.0,0,0.0
一轮玫瑰手作小屋,2,1,no_media,0,2,2023-07,0.0,0.0,0.0,0,0.0,0,0.0,0,0.0,0,0.0,0,0.0,0,0.0,0,0.0,0,0.0,1,1.0
一道彩虹久伴李,3,2,no_media,0,3,2023-02,0.0,0.5,0.0,0,0.0,0,0.0,1,0.5,0,0.0,0,0.0,0,0.0,0,0.0,0,0.0,1,0.5
一道激光1212,2,1,no_media,0,1,2022-03,0.0,0.0,1.0,0,0.0,0,0.0,0,0.0,0,0.0,1,1.0,0,0.0,0,0.0,0,0.0,0,0.0
一颗冰糖儿,2,1,no_media,0,2,2023-03,0.0,0.0,1.0,0,0.0,0,0.0,0,0.0,0,0.0,1,1.0,0,0.0,0,0.0,0,0.0,0,0.0
一颗苦豆,2,1,no_media,0,2,2023-06,0.0,0.0,0.0,0,0.0,0,0.0,0,0.0,0,0.0,0,0.0,0,0.0,0,0.0,0,0.0,1,1.0
一颗蒜台_,2,1,no_media,0,2,2024-02,1.0,0.0,0.0,0,0.0,0,0.0,0,0.0,0,0.0,0,0.0,0,0.0,1,1.0,0,0.0,0,0.0
丁丁好医,2,1,no_media,0,2,2022-12,0.0,0.0,1.0,0,0.0,0,0.0,0,0.0,0,0.0,1,1.0,0,0.0,0,0.0,0,0.0,0,0.0
丁声基,5,4,wemedia_only,6,5,2023-07,0.0,0.0,0.25,0,0.0,0,0.0,0,0.0,0,0.0,1,0.25,1,0.25,0,0.0,1,0.25,1,0.25
丁字沽楞子,7,6,no_media,3,6,2023-05,0.16666666666666666,0.16666666666666666,0.0,2,0.3333333333333333,0,0.0,1,0.16666666666666666,0,0.0,0,0.0,0,0.0,1,0.16666666666666666,1,0.16666666666666666,1,0.16666666666666666
丁秋棠,6,5,no_media,0,6,2023-02,0.0,0.0,1.0,0,0.0,0,0.0,0,0.0,0,0.0,5,1.0,0,0.0,0,0.0,0,0.0,0,0.0
丁荣晶-心脏康复,2,1,no_media,0,2,2024-08,0.0,0.0,1.0,0,0.0,0,0.0,0,0.0,0,0.0,1,1.0,0,0.0,0,0.0,0,0.0,0,0.0
丁辰灵,2,1,no_media,0,1,2022-10,0.0,0.0,1.0,0,0.0,0,0.0,0,0.0,0,0.0,1,1.0,0,0.0,0,0.0,0,0.0,0,0.0
丁龙元,2,1,no_media,0,2,2023-02,0.0,0.0,1.0,0,0.0,0,0.0,0,0.0,0,0.0,1,1.0,0,0.0,0,0.0,0,0.0,0,0.0
七月梅子青,5,4,no_media,2,5,2023-04,0.0,0.0,1.0,0,0.0,0,0.0,0,0.0,0,0.0,4,1.0,0,0.0,0,0.0,0,0.0,0,0.0
七环视频,17,16,no_media,0,13,2020-03,0.0,0.0,1.0,0,0.0,0,0.0,0,0.0,0,0.0,16,1.0,0,0.0,0,0.0,0,0.0,0,0.0
七神默许-愚者反对,2,1,no_media,3,2,2024-11,1.0,0.0,0.0,0,0.0,0,0.0,0,0.0,0,0.0,0,0.0,0,0.0,1,1.0,0,0.0,0,0.0
七色的偽物人形,2,1,no_media,2,2,2023-05,0.0,1.0,0.0,0,0.0,1,1.0,0,0.0,0,0.0,0,0.0,0,0.0,0,0.0,0,0.0,0,0.0
七里河发布,13,12,no_media,0,11,2021-03,0.0,0.0,1.0,0,0.0,0,0.0,0,0.0,0,0.0,12,1.0,0,0.0,0,0.0,0,0.0,0,0.0
七零后的妈遇上九零后的儿,2,1,no_media,0,2,2023-03,0.0,0.0,0.0,0,0.0,0,0.0,0,0.0,0,0.0,0,0.0,0,0.0,0,0.0,0,0.0,1,1.0
万万-max,4,3,no_media,4,4,2023-08,0.0,0.0,0.3333333333333333,0,0.0,0,0.0,0,0.0,0,0.0,1,0.3333333333333333,0,0.0,0,0.0,1,0.3333333333333333,1,0.3333333333333333
万万是怪蜀黍8,3,2,no_media,0,3,2023-06,0.0,0.0,0.5,0,0.0,0,0.0,0,0.0,0,0.0,1,0.5,0,0.0,0,0.0,1,0.5,0,0.0
万事大吉A,2,1,no_media,5,2,2023-05,0.0,1.0,0.0,0,0.0,0,0.0,1,1.0,0,0.0,0,0.0,0,0.0,0,0.0,0,0.0,0,0.0
万事支持哥,3,2,mainstream_only,3,2,2023-02,0.0,0.0,0.0,2,1.0,0,0.0,0,0.0,0,0.0,0,0.0,0,0.0,0,0.0,0,0.0,0,0.0
万事相宜2997983915,2,1,no_media,0,2,2023-02,0.0,0.0,0.0,0,0.0,0,0.0,0,0.0,0,0.0,0,0.0,0,0.0,0,0.0,0,0.0,1,1.0
万州发布,11,10,no_media,0,10,2021-02,0.0,0.0,1.0,0,0.0,0,0.0,0,0.0,0,0.0,10,1.0,0,0.0,0,0.0,0,0.0,0,0.0
万点昊,4,3,no_media,0,4,2023-12,0.3333333333333333,0.0,0.0,1,0.3333333333333333,0,0.0,0,0.0,0,0.0,0,0.0,1,0.3333333333333333,1,0.3333333333333333,0,0.0,0,0.0
万熊战车59式,2,1,no_media,1,2,2024-01,0.0,0.0,1.0,0,0.0,0,0.0,0,0.0,0,0.0,1,1.0,0,0.0,0,0.0,0,0.0,0,0.0
万策尽矣,2,1,no_media,1,2,2023-11,1.0,0.0,0.0,0,0.0,0,0.0,0,0.0,1,1.0,0,0.0,0,0.0,0,0.0,0,0.0,0,0.0
万藏真言,2,1,no_media,0,2,2023-08,0.0,1.0,0.0,0,0.0,0,0.0,1,1.0,0,0.0,0,0.0,0,0.0,0,0.0,0,0.0,0,0.0
万象更新不着相,5,4,mainstream_only,2,5,2023-02,0.5,0.5,0.0,0,0.0,2,0.5,0,0.0,2,0.5,0,0.0,0,0.0,0,0.0,0,0.0,0,0.0
万达大歌星KTV东莞长安店,2,1,no_media,1,1,2020-11,0.0,0.0,1.0,0,0.0,0,0.0,0,0.0,0,0.0,1,1.0,0,0.0,0,0.0,0,0.0,0,0.0
万达广场社区,16,15,no_media,0,16,2023-02,0.0,0.0,1.0,0,0.0,0,0.0,0,0.0,0,0.0,15,1.0,0,0.0,0,0.0,0,0.0,0,0.0
三一三十一一,2,1,no_media,8,2,2023-10,0.0,0.0,1.0,0,0.0,0,0.0,0,0.0,0,0.0,1,1.0,0,0.0,0,0.0,0,0.0,0,0.0
三个老爸实验室,36,35,no_media,15,34,2022-03,0.11428571428571428,0.11428571428571428,0.5714285714285714,1,0.02857142857142857,4,0.11428571428571428,0,0.0,4,0.11428571428571428,20,0.5714285714285714,3,0.08571428571428572,0,0.0,3,0.08571428571428572,0,0.0
三乙食养,3,2,no_media,0,3,2023-02,0.0,0.0,1.0,0,0.0,0,0.0,0,0.0,0,0.0,2,1.0,0,0.0,0,0.0,0,0.0,0,0.0
三九-蛋白肽,10,9,no_media,0,7,2023-02,0.1111111111111111,0.1111111111111111,0.7777777777777778,0,0.0,1,0.1111111111111111,0,0.0,1,0.1111111111111111,7,0.7777777777777778,0,0.0,0,0.0,0,0.0,0,0.0
三亚广播电视台,3,2,no_media,0,3,2023-02,0.0,0.0,1.0,0,0.0,0,0.0,0,0.0,0,0.0,2,1.0,0,0.0,0,0.0,0,0.0,0,0.0
三亚日报,14,13,no_media,0,12,2021-02,0.0,0.0,1.0,0,0.0,0,0.0,0,0.0,0,0.0,13,1.0,0,0.0,0,0.0,0,0.0,0,0.0
三個_蛋,2,1,no_media,0,2,2024-01,0.0,0.0,0.0,0,0.0,0,0.0,0,0.0,0,0.0,0,0.0,0,0.0,0,0.0,0,0.0,1,1.0
三六三医院,6,5,no_media,0,5,2023-03,0.0,0.0,1.0,0,0.0,0,0.0,0,0.0,0,0.0,5,1.0,0,0.0,0,0.0,0,0.0,0,0.0
三友化工小股民600409,3,2,mainstream_only,1,3,2020-03,0.0,0.0,1.0,0,0.0,0,0.0,0,0.0,0,0.0,2,1.0,0,0.0,0,0.0,0,0.0,0,0.0
三台交警大队,2,1,no_media,0,2,2022-04,0.0,0.0,1.0,0,0.0,0,0.0,0,0.0,0,0.0,1,1.0,0,0.0,0,0.0,0,0.0,0,0.0
三实姐姐09516,2,1,no_media,0,2,2023-05,0.0,0.0,1.0,0,0.0,0,0.0,0,0.0,0,0.0,1,1.0,0,0.0,0,0.0,0,0.0,0,0.0
三峡日报,27,26,no_media,0,24,2020-03,0.0,0.0,1.0,0,0.0,0,0.0,0,0.0,0,0.0,26,1.0,0,0.0,0,0.0,0,0.0,0,0.0
三思逍遥,15,14,no_media,8,15,2022-03,0.07142857142857142,0.07142857142857142,0.8571428571428571,0,0.0,1,0.07142857142857142,0,0.0,1,0.07142857142857142,12,0.8571428571428571,0,0.0,0,0.0,0,0.0,0,0.0
三无_六不,5,4,dual,8,5,2023-01,0.25,0.0,0.5,0,0.0,0,0.0,0,0.0,1,0.25,2,0.5,0,0.0,0,0.0,1,0.25,0,0.0
三明日报,6,5,no_media,0,6,2020-03,0.0,0.0,1.0,0,0.0,0,0.0,0,0.0,0,0.0,5,1.0,0,0.0,0,0.0,0,0.0,0,0.0
三春谢,2,1,no_media,0,2,2023-04,0.0,1.0,0.0,0,0.0,0,0.0,1,1.0,0,0.0,0,0.0,0,0.0,0,0.0,0,0.0,0,0.0
三昧弦,2,1,no_media,0,2,2023-07,0.0,0.0,1.0,0,0.0,0,0.0,0,0.0,0,0.0,1,1.0,0,0.0,0,0.0,0,0.0,0,0.0
三月暒辰,2,1,mainstream_only,3,2,2023-02,0.0,0.0,1.0,0,0.0,0,0.0,0,0.0,0,0.0,1,1.0,0,0.0,0,0.0,0,0.0,0,0.0
三水三水hota,2,1,no_media,4,1,2022-12,0.0,0.0,1.0,0,0.0,0,0.0,0,0.0,0,0.0,1,1.0,0,0.0,0,0.0,0,0.0,0,0.0
三水之诗,3,2,no_media,2,3,2023-01,0.0,0.5,0.0,0,0.0,0,0.0,1,0.5,0,0.0,0,0.0,0,0.0,0,0.0,0,0.0,1,0.5
三江学院,2,1,no_media,0,2,2022-03,0.0,0.0,1.0,0,0.0,0,0.0,0,0.0,0,0.0,1,1.0,0,0.0,0,0.0,0,0.0,0,0.0
三湘都市报,21,20,no_media,0,18,2022-08,0.0,0.0,1.0,0,0.0,0,0.0,0,0.0,0,0.0,20,1.0,0,0.0,0,0.0,0,0.0,0,0.0
三石益友,2,1,no_media,0,2,2024-03,1.0,0.0,0.0,0,0.0,0,0.0,0,0.0,1,1.0,0,0.0,0,0.0,0,0.0,0,0.0,0,0.0
三福耳耳,2,1,no_media,2,1,2022-03,0.0,0.0,1.0,0,0.0,0,0.0,0,0.0,0,0.0,1,1.0,0,0.0,0,0.0,0,0.0,0,0.0
三秦新鲜事,2,1,no_media,0,1,2023-04,0.0,0.0,1.0,0,0.0,0,0.0,0,0.0,0,0.0,1,1.0,0,0.0,0,0.0,0,0.0,0,0.0
三秦都市报,21,20,no_media,0,19,2021-01,0.0,0.0,1.0,0,0.0,0,0.0,0,0.0,0,0.0,20,1.0,0,0.0,0,0.0,0,0.0,0,0.0
三联生活周刊,76,75,no_media,0,58,2020-10,0.0,0.0,1.0,0,0.0,0,0.0,0,0.0,0,0.0,75,1.0,0,0.0,0,0.0,0,0.0,0,0.0
三门峡日报,5,4,no_media,0,5,2023-02,0.0,0.0,0.5,0,0.0,0,0.0,0,0.0,0,0.0,2,0.5,1,0.25,0,0.0,1,0.25,0,0.0
三顺爱吃水果,2,1,no_media,1,2,2023-03,0.0,0.0,0.0,0,0.0,0,0.0,0,0.0,0,0.0,0,0.0,0,0.0,0,0.0,0,0.0,1,1.0
上上签好运来,2,1,no_media,0,2,2022-12,0.0,0.0,1.0,0,0.0,0,0.0,0,0.0,0,0.0,1,1.0,0,0.0,0,0.0,0,0.0,0,0.0
上上芊教主,4,3,no_media,0,4,2023-06,0.3333333333333333,0.0,0.0,0,0.0,0,0.0,0,0.0,1,0.3333333333333333,0,0.0,1,0.3333333333333333,0,0.0,1,0.3333333333333333,0,0.0
上了發條減肥的吃貨,2,1,wemedia_only,1,2,2023-04,0.0,0.0,1.0,0,0.0,0,0.0,0,0.0,0,0.0,1,1.0,0,0.0,0,0.0,0,0.0,0,0.0
上善若水Life,3,2,no_media,3,3,2024-03,0.5,0.5,0.0,0,0.0,0,0.0,1,0.5,1,0.5,0,0.0,0,0.0,0,0.0,0,0.0,0,0.0
上善若水厚德載醫,6,5,no_media,0,6,2023-05,0.0,0.0,1.0,0,0.0,0,0.0,0,0.0,0,0.0,5,1.0,0,0.0,0,0.0,0,0.0,0,0.0
上帝之鹰_5zn,7,6,no_media,1,3,2022-12,0.16666666666666666,0.16666666666666666,0.6666666666666666,0,0.0,1,0.16666666666666666,0,0.0,1,0.16666666666666666,4,0.6666666666666666,0,0.0,0,0.0,0,0.0,0,0.0
上扬嘴角是我,4,3,mainstream_only,4,4,2023-02,0.0,0.0,0.0,3,1.0,0,0.0,0,0.0,0,0.0,0,0.0,0,0.0,0,0.0,0,0.0,0,0.0
上栗发布,4,3,no_media,0,4,2023-07,0.0,0.0,1.0,0,0.0,0,0.0,0,0.0,0,0.0,3,1.0,0,0.0,0,0.0,0,0.0,0,0.0
上海人捍卫上海,2,1,wemedia_only,2,2,2023-02,1.0,0.0,0.0,0,0.0,0,0.0,0,0.0,1,1.0,0,0.0,0,0.0,0,0.0,0,0.0,0,0.0
上海体育发布,8,7,no_media,0,8,2020-03,0.0,0.0,1.0,0,0.0,0,0.0,0,0.0,0,0.0,7,1.0,0,0.0,0,0.0,0,0.0,0,0.0
上海健康医学院,3,2,no_media,0,3,2023-05,0.0,0.0,1.0,0,0.0,0,0.0,0,0.0,0,0.0,2,1.0,0,0.0,0,0.0,0,0.0,0,0.0
上海反邪教,4,3,no_media,0,4,2021-02,0.0,0.0,1.0,0,0.0,0,0.0,0,0.0,0,0.0,3,1.0,0,0.0,0,0.0,0,0.0,0,0.0
上海发布,44,43,no_media,0,43,2020-05,0.0,0.0,1.0,0,0.0,0,0.0,0,0.0,0,0.0,43,1.0,0,0.0,0,0.0,0,0.0,0,0.0
上海嘉定,2,1,no_media,0,2,2023-02,0.0,0.0,1.0,0,0.0,0,0.0,0,0.0,0,0.0,1,1.0,0,0.0,0,0.0,0,0.0,0,0.0
上海奉贤发布,50,49,no_media,0,46,2020-03,0.02040816326530612,0.02040816326530612,0.9591836734693877,0,0.0,1,0.02040816326530612,0,0.0,1,0.02040816326530612,47,0.9591836734693877,0,0.0,0,0.0,0,0.0,0,0.0
上海宝山发布,17,16,no_media,0,17,2020-03,0.0,0.0,1.0,0,0.0,0,0.0,0,0.0,0,0.0,16,1.0,0,0.0,0,0.0,0,0.0,0,0.0
上海崇明,7,6,no_media,0,7,2023-02,0.0,0.0,1.0,0,0.0,0,0.0,0,0.0,0,0.0,6,1.0,0,0.0,0,0.0,0,0.0,0,0.0
上海工会发布,10,9,no_media,0,10,2022-04,0.0,0.0,1.0,0,0.0,0,0.0,0,0.0,0,0.0,9,1.0,0,0.0,0,0.0,0,0.0,0,0.0
上海建桥学院微博协会,2,1,no_media,0,2,2023-05,0.0,0.0,1.0,0,0.0,0,0.0,0,0.0,0,0.0,1,1.0,0,0.0,0,0.0,0,0.0,0,0.0
上海徐汇发布,34,33,no_media,0,28,2020-03,0.0,0.0,1.0,0,0.0,0,0.0,0,0.0,0,0.0,33,1.0,0,0.0,0,0.0,0,0.0,0,0.0
上海施志平,2,1,no_media,0,2,2024-04,0.0,0.0,0.0,1,1.0,0,0.0,0,0.0,0,0.0,0,0.0,0,0.0,0,0.0,0,0.0,0,0.0
上海普陀,2,1,no_media,0,2,2022-10,0.0,0.0,1.0,0,0.0,0,0.0,0,0.0,0,0.0,1,1.0,0,0.0,0,0.0,0,0.0,0,0.0
上海杨浦,8,7,no_media,0,8,2023-02,0.0,0.0,1.0,0,0.0,0,0.0,0,0.0,0,0.0,7,1.0,0,0.0,0,0.0,0,0.0,0,0.0
上海松江发布,51,50,no_media,0,42,2020-03,0.0,0.0,1.0,0,0.0,0,0.0,0,0.0,0,0.0,50,1.0,0,0.0,0,0.0,0,0.0,0,0.0
上海柳叔,3,2,no_media,0,3,2023-02,0.0,0.0,1.0,0,0.0,0,0.0,0,0.0,0,0.0,2,1.0,0,0.0,0,0.0,0,0.0,0,0.0
上海校园,2,1,no_media,0,1,2023-03,0.0,0.0,1.0,0,0.0,0,0.0,0,0.0,0,0.0,1,1.0,0,0.0,0,0.0,0,0.0,0,0.0
上海虹口,44,43,no_media,0,36,2020-03,0.0,0.0,1.0,0,0.0,0,0.0,0,0.0,0,0.0,43,1.0,0,0.0,0,0.0,0,0.0,0,0.0
上海西安唯星颜外科轻医美医疗美,2,1,no_media,0,2,2025-03,0.0,0.0,1.0,0,0.0,0,0.0,0,0.0,0,0.0,1,1.0,0,0.0,0,0.0,0,0.0,0,0.0
上海静安,34,33,no_media,0,33,2020-03,0.0,0.0,1.0,0,0.0,0,0.0,0,0.0,0,0.0,33,1.0,0,0.0,0,0.0,0,0.0,0,0.0
上海黄刚,2,1,no_media,0,2,2023-02,0.0,0.0,1.0,0,0.0,0,0.0,0,0.0,0,0.0,1,1.0,0,0.0,0,0.0,0,0.0,0,0.0
上海黄浦,2,1,no_media,0,2,2022-03,0.0,0.0,1.0,0,0.0,0,0.0,0,0.0,0,0.0,1,1.0,0,0.0,0,0.0,0,0.0,0,0.0
上游新闻,32,31,no_media,0,28,2020-03,0.0,0.0,1.0,0,0.0,0,0.0,0,0.0,0,0.0,31,1.0,0,0.0,0,0.0,0,0.0,0,0.0
上班上得,3,2,no_media,0,3,2023-03,0.5,0.0,0.0,1,0.5,0,0.0,0,0.0,1,0.5,0,0.0,0,0.0,0,0.0,0,0.0,0,0.0
上等圣女果,2,1,no_media,0,2,2024-02,0.0,0.0,1.0,0,0.0,0,0.0,0,0.0,0,0.0,1,1.0,0,0.0,0,0.0,0,0.0,0,0.0
上等烂猫,2,1,no_media,0,2,2023-09,1.0,0.0,0.0,0,0.0,0,0.0,0,0.0,0,0.0,0,0.0,0,0.0,1,1.0,0,0.0,0,0.0
上观新闻,32,31,no_media,0,28,2020-03,0.0,0.0,1.0,0,0.0,0,0.0,0,0.0,0,0.0,31,1.0,0,0.0,0,0.0,0,0.0,0,0.0
上饶信使,2,1,wemedia_only,1,2,2020-03,0.0,0.0,1.0,0,0.0,0,0.0,0,0.0,0,0.0,1,1.0,0,0.0,0,0.0,0,0.0,0,0.0
下午茶2599,14,13,mainstream_only,5,13,2020-11,0.07692307692307693,0.07692307692307693,0.8461538461538461,0,0.0,1,0.07692307692307693,0,0.0,1,0.07692307692307693,11,0.8461538461538461,0,0.0,0,0.0,0,0.0,0,0.0
不zuo的ph-4,38,37,wemedia_only,19,35,2022-06,0.1891891891891892,0.1891891891891892,0.35135135135135137,3,0.08108108108108109,7,0.1891891891891892,0,0.0,4,0.10810810810810811,13,0.35135135135135137,4,0.10810810810810811,3,0.08108108108108109,1,0.02702702702702703,2,0.05405405405405406
不一样的烟火_origin,2,1,no_media,0,2,2023-02,1.0,0.0,0.0,0,0.0,0,0.0,0,0.0,0,0.0,0,0.0,0,0.0,1,1.0,0,0.0,0,0.0
不以物喜666666,2,1,no_media,1,2,2023-03,0.0,0.0,0.0,0,0.0,0,0.0,0,0.0,0,0.0,0,0.0,0,0.0,0,0.0,1,1.0,0,0.0
不倒梅梅梅子,2,1,no_media,0,2,2024-10,0.0,0.0,0.0,0,0.0,0,0.0,0,0.0,0,0.0,0,0.0,0,0.0,0,0.0,0,0.0,1,1.0
不再是小编了,5,4,no_media,6,5,2023-06,0.5,0.25,0.0,1,0.25,1,0.25,0,0.0,1,0.25,0,0.0,0,0.0,1,0.25,0,0.0,0,0.0
不再是曾经那个没阳的我了,3,2,no_media,1,2,2023-02,0.5,0.0,0.5,0,0.0,0,0.0,0,0.0,1,0.5,1,0.5,0,0.0,0,0.0,0,0.0,0,0.0
不卖橙子oo,2,1,no_media,0,1,2023-06,0.0,1.0,0.0,0,0.0,0,0.0,1,1.0,0,0.0,0,0.0,0,0.0,0,0.0,0,0.0,0,0.0
不只吃蘑菇,2,1,no_media,0,2,2023-09,0.0,0.0,0.0,0,0.0,0,0.0,0,0.0,0,0.0,0,0.0,0,0.0,0,0.0,0,0.0,1,1.0
不可以吃兔兔V,3,2,no_media,1,3,2024-02,0.5,0.5,0.0,0,0.0,0,0.0,1,0.5,0,0.0,0,0.0,0,0.0,1,0.5,0,0.0,0,0.0
不吃糖不吃糖就是不吃糖,17,16,wemedia_only,16,10,2023-02,0.25,0.1875,0.125,5,0.3125,3,0.1875,0,0.0,4,0.25,2,0.125,1,0.0625,0,0.0,1,0.0625,0,0.0
不合厌杭州,4,3,no_media,2,4,2023-03,0.0,0.0,0.0,0,0.0,0,0.0,0,0.0,0,0.0,0,0.0,0,0.0,0,0.0,0,0.0,3,1.0
不善言辞爱国熊猫,2,1,no_media,1,2,2023-07,1.0,0.0,0.0,0,0.0,0,0.0,0,0.0,0,0.0,0,0.0,0,0.0,1,1.0,0,0.0,0,0.0
不如不曾来,12,11,dual,20,12,2023-05,0.18181818181818182,0.18181818181818182,0.45454545454545453,2,0.18181818181818182,2,0.18181818181818182,0,0.0,2,0.18181818181818182,5,0.45454545454545453,0,0.0,0,0.0,0,0.0,0,0.0
不如遇春风,3,2,no_media,2,3,2022-12,0.0,0.5,0.5,0,0.0,1,0.5,0,0.0,0,0.0,1,0.5,0,0.0,0,0.0,0,0.0,0,0.0
不希望殖人跟我一样站起来,2,1,no_media,0,1,2022-03,0.0,1.0,0.0,0,0.0,0,0.0,1,1.0,0,0.0,0,0.0,0,0.0,0,0.0,0,0.0,0,0.0
不平则鸣的沙砾,2,1,no_media,4,2,2023-02,0.0,0.0,1.0,0,0.0,0,0.0,0,0.0,0,0.0,1,1.0,0,0.0,0,0.0,0,0.0,0,0.0
不开花花,2,1,no_media,0,2,2023-10,0.0,0.0,1.0,0,0.0,0,0.0,0,0.0,0,0.0,1,1.0,0,0.0,0,0.0,0,0.0,0,0.0
不想_废柴,2,1,no_media,0,2,2023-07,0.0,0.0,0.0,0,0.0,0,0.0,0,0.0,0,0.0,0,0.0,0,0.0,0,0.0,1,1.0,0,0.0
不懂球的朗拿度,2,1,no_media,0,2,2023-04,1.0,0.0,0.0,0,0.0,0,0.0,0,0.0,0,0.0,0,0.0,0,0.0,1,1.0,0,0.0,0,0.0
不是小马本人,2,1,no_media,0,2,2023-02,0.0,0.0,0.0,0,0.0,0,0.0,0,0.0,0,0.0,0,0.0,0,0.0,0,0.0,1,1.0,0,0.0
不求甚解书生,3,2,no_media,0,3,2023-10,0.0,0.0,1.0,0,0.0,0,0.0,0,0.0,0,0.0,2,1.0,0,0.0,0,0.0,0,0.0,0,0.0
不浪费的汪小汪,4,3,no_media,0,4,2023-05,0.0,0.3333333333333333,0.0,2,0.6666666666666666,0,0.0,1,0.3333333333333333,0,0.0,0,0.0,0,0.0,0,0.0,0,0.0,0,0.0
不灵了不灵了,3,2,no_media,0,3,2023-02,0.5,0.0,0.5,0,0.0,0,0.0,0,0.0,1,0.5,1,0.5,0,0.0,0,0.0,0,0.0,0,0.0
不爱吃粽子的蜗牛,20,19,mainstream_only,8,13,2022-05,0.21052631578947367,0.21052631578947367,0.3684210526315789,4,0.21052631578947367,4,0.21052631578947367,0,0.0,4,0.21052631578947367,7,0.3684210526315789,0,0.0,0,0.0,0,0.0,0,0.0
不爱胡萝卜的懒兔子,2,1,no_media,2,2,2023-04,0.0,1.0,0.0,0,0.0,0,0.0,1,1.0,0,0.0,0,0.0,0,0.0,0,0.0,0,0.0,0,0.0
不用叫我马老师,3,2,no_media,0,3,2023-03,0.0,0.0,0.0,0,0.0,0,0.0,0,0.0,0,0.0,0,0.0,1,0.5,0,0.0,0,0.0,1,0.5
不知名的摄影师Glacier,2,1,wemedia_only,5,2,2022-03,0.0,0.0,1.0,0,0.0,0,0.0,0,0.0,0,0.0,1,1.0,0,0.0,0,0.0,0,0.0,0,0.0
不知名笨蛋美女u,2,1,no_media,0,2,2023-02,1.0,0.0,0.0,0,0.0,0,0.0,0,0.0,1,1.0,0,0.0,0,0.0,0,0.0,0,0.0,0,0.0
不知道到底叫什么好呢,2,1,no_media,1,2,2023-08,0.0,0.0,0.0,0,0.0,0,0.0,0,0.0,0,0.0,0,0.0,0,0.0,0,0.0,1,1.0,0,0.0
不羁的心,2,1,wemedia_only,3,2,2024-01,1.0,0.0,0.0,0,0.0,0,0.0,0,0.0,1,1.0,0,0.0,0,0.0,0,0.0,0,0.0,0,0.0
不要脸的小男孩,9,8,no_media,1,9,2023-08,0.0,0.0,0.0,0,0.0,0,0.0,0,0.0,0,0.0,0,0.0,0,0.0,0,0.0,0,0.0,8,1.0
不要越界啦,2,1,no_media,0,2,2023-02,0.0,0.0,1.0,0,0.0,0,0.0,0,0.0,0,0.0,1,1.0,0,0.0,0,0.0,0,0.0,0,0.0
不要问我是谁我是皮卡丘啊,3,2,no_media,2,3,2023-09,0.0,0.0,1.0,0,0.0,0,0.0,0,0.0,0,0.0,2,1.0,0,0.0,0,0.0,0,0.0,0,0.0
不规则影,2,1,no_media,0,2,2023-02,0.0,0.0,1.0,0,0.0,0,0.0,0,0.0,0,0.0,1,1.0,0,0.0,0,0.0,0,0.0,0,0.0
不言_Alisa,14,13,no_media,2,12,2023-03,0.0,0.0,0.15384615384615385,0,0.0,0,0.0,0,0.0,0,0.0,2,0.15384615384615385,3,0.23076923076923078,0,0.0,3,0.23076923076923078,5,0.38461538461538464
不负时光不负初心,2,1,no_media,1,2,2023-02,0.0,1.0,0.0,0,0.0,1,1.0,0,0.0,0,0.0,0,0.0,0,0.0,0,0.0,0,0.0,0,0.0
不铭泽已,2,1,no_media,3,2,2023-08,0.0,0.0,0.0,0,0.0,0,0.0,0,0.0,0,0.0,0,0.0,0,0.0,0,0.0,1,1.0,0,0.0
不隐卷柏,4,3,mainstream_only,5,2,2023-06,0.0,0.0,1.0,0,0.0,0,0.0,0,0.0,0,0.0,3,1.0,0,0.0,0,0.0,0,0.0,0,0.0
不麻的青花椒,2,1,no_media,0,2,2023-08,0.0,0.0,0.0,0,0.0,0,0.0,0,0.0,0,0.0,0,0.0,0,0.0,0,0.0,1,1.0,0,0.0
丑娃阿轩,2,1,no_media,0,2,2023-11,0.0,0.0,1.0,0,0.0,0,0.0,0,0.0,0,0.0,1,1.0,0,0.0,0,0.0,0,0.0,0,0.0
专业戳轮胎熊律师,16,15,no_media,0,15,2023-02,0.2,0.2,0.06666666666666667,2,0.13333333333333333,1,0.06666666666666667,2,0.13333333333333333,1,0.06666666666666667,1,0.06666666666666667,2,0.13333333333333333,2,0.13333333333333333,2,0.13333333333333333,2,0.13333333333333333
专业鉴定各类网络新型精神病,2,1,no_media,0,2,2023-05,1.0,0.0,0.0,0,0.0,0,0.0,0,0.0,1,1.0,0,0.0,0,0.0,0,0.0,0,0.0,0,0.0
专注吃瓜勿cue__,2,1,mainstream_only,2,2,2023-02,1.0,0.0,0.0,0,0.0,0,0.0,0,0.0,1,1.0,0,0.0,0,0.0,0,0.0,0,0.0,0,0.0
专注颈肩腰腿痛18658139366,2,1,no_media,0,2,2024-07,0.0,0.0,1.0,0,0.0,0,0.0,0,0.0,0,0.0,1,1.0,0,0.0,0,0.0,0,0.0,0,0.0
且慢明朝,3,2,wemedia_only,1,2,2022-10,0.0,0.5,0.0,1,0.5,1,0.5,0,0.0,0,0.0,0,0.0,0,0.0,0,0.0,0,0.0,0,0.0
且逐流光,2,1,no_media,0,2,2023-03,0.0,0.0,0.0,0,0.0,0,0.0,0,0.0,0,0.0,0,0.0,1,1.0,0,0.0,0,0.0,0,0.0
世宴人参皂苷rg2rh2,2,1,no_media,0,1,2025-05,0.0,0.0,1.0,0,0.0,0,0.0,0,0.0,0,0.0,1,1.0,0,0.0,0,0.0,0,0.0,0,0.0
世界医疗网-仁医,2,1,no_media,0,2,2023-02,0.0,0.0,1.0,0,0.0,0,0.0,0,0.0,0,0.0,1,1.0,0,0.0,0,0.0,0,0.0,0,0.0
世界尽头的根号三,2,1,no_media,0,2,2023-11,0.0,0.0,1.0,0,0.0,0,0.0,0,0.0,0,0.0,1,1.0,0,0.0,0,0.0,0,0.0,0,0.0
世界生命科学大会,2,1,no_media,0,2,2023-10,0.0,0.0,1.0,0,0.0,0,0.0,0,0.0,0,0.0,1,1.0,0,0.0,0,0.0,0,0.0,0,0.0
业余宽客,3,2,mainstream_only,1,3,2023-05,0.0,0.0,0.5,0,0.0,0,0.0,0,0.0,0,0.0,1,0.5,1,0.5,0,0.0,0,0.0,0,0.0
丛永洛,2,1,no_media,0,2,2023-10,0.0,0.0,1.0,0,0.0,0,0.0,0,0.0,0,0.0,1,1.0,0,0.0,0,0.0,0,0.0,0,0.0
东亚贫夫,2,1,no_media,0,2,2024-11,0.0,0.0,1.0,0,0.0,0,0.0,0,0.0,0,0.0,1,1.0,0,0.0,0,0.0,0,0.0,0,0.0
东北振兴网,2,1,no_media,0,2,2023-02,0.0,0.0,1.0,0,0.0,0,0.0,0,0.0,0,0.0,1,1.0,0,0.0,0,0.0,0,0.0,0,0.0
东北网,19,18,no_media,0,17,2020-03,0.0,0.0,1.0,0,0.0,0,0.0,0,0.0,0,0.0,18,1.0,0,0.0,0,0.0,0,0.0,0,0.0
东南早报,41,40,no_media,0,32,2020-05,0.0,0.0,1.0,0,0.0,0,0.0,0,0.0,0,0.0,40,1.0,0,0.0,0,0.0,0,0.0,0,0.0
东坡微健康,8,7,no_media,0,6,2023-02,0.0,0.0,1.0,0,0.0,0,0.0,0,0.0,0,0.0,7,1.0,0,0.0,0,0.0,0,0.0,0,0.0
东岳散仙2024,2,1,no_media,0,2,2023-03,0.0,0.0,0.0,1,1.0,0,0.0,0,0.0,0,0.0,0,0.0,0,0.0,0,0.0,0,0.0,0,0.0
东御散人,11,10,no_media,1,11,2022-12,0.2,0.3,0.4,0,0.0,2,0.2,1,0.1,2,0.2,4,0.4,0,0.0,0,0.0,1,0.1,0,0.0
东方体育日报,2,1,no_media,0,2,2022-05,0.0,0.0,1.0,0,0.0,0,0.0,0,0.0,0,0.0,1,1.0,0,0.0,0,0.0,0,0.0,0,0.0
东方原生态NA级无能怪兽,2,1,no_media,0,2,2023-06,0.0,1.0,0.0,0,0.0,0,0.0,1,1.0,0,0.0,0,0.0,0,0.0,0,0.0,0,0.0,0,0.0
东方圣城网,32,31,no_media,0,25,2020-08,0.0,0.0,0.9354838709677419,0,0.0,0,0.0,0,0.0,0,0.0,29,0.9354838709677419,1,0.03225806451612903,0,0.0,1,0.03225806451612903,0,0.0
东方红了13579246810,2,1,no_media,0,2,2023-02,0.0,0.0,0.0,1,1.0,0,0.0,0,0.0,0,0.0,0,0.0,0,0.0,0,0.0,0,0.0,0,0.0
东方网,56,55,no_media,0,40,2022-04,0.0,0.0,1.0,0,0.0,0,0.0,0,0.0,0,0.0,55,1.0,0,0.0,0,0.0,0,0.0,0,0.0
东方财经,2,1,no_media,0,1,2025-05,0.0,0.0,1.0,0,0.0,0,0.0,0,0.0,0,0.0,1,1.0,0,0.0,0,0.0,0,0.0,0,0.0
东方财经浦东,2,1,no_media,0,2,2023-02,0.0,0.0,1.0,0,0.0,0,0.0,0,0.0,0,0.0,1,1.0,0,0.0,0,0.0,0,0.0,0,0.0
东林皆石也,2,1,no_media,0,2,2023-06,0.0,0.0,0.0,1,1.0,0,0.0,0,0.0,0,0.0,0,0.0,0,0.0,0,0.0,0,0.0,0,0.0
东楚晚报,2,1,no_media,0,2,2022-12,0.0,0.0,1.0,0,0.0,0,0.0,0,0.0,0,0.0,1,1.0,0,0.0,0,0.0,0,0.0,0,0.0
东海一粒沙子,2,1,no_media,0,2,2023-08,0.0,0.0,0.0,0,0.0,0,0.0,0,0.0,0,0.0,0,0.0,0,0.0,0,0.0,1,1.0,0,0.0
东禾w,4,3,wemedia_only,2,4,2025-03,0.0,0.0,0.3333333333333333,0,0.0,0,0.0,0,0.0,0,0.0,1,0.3333333333333333,1,0.3333333333333333,0,0.0,1,0.3333333333333333,0,0.0
东莞市教育局,2,1,no_media,0,2,2023-02,0.0,0.0,1.0,0,0.0,0,0.0,0,0.0,0,0.0,1,1.0,0,0.0,0,0.0,0,0.0,0,0.0
东莞日报,2,1,no_media,0,2,2023-03,0.0,0.0,1.0,0,0.0,0,0.0,0,0.0,0,0.0,1,1.0,0,0.0,0,0.0,0,0.0,0,0.0
东营区政务,2,1,no_media,0,2,2023-03,0.0,0.0,1.0,0,0.0,0,0.0,0,0.0,0,0.0,1,1.0,0,0.0,0,0.0,0,0.0,0,0.0
东营广播电视台,13,12,no_media,0,13,2021-08,0.0,0.0,1.0,0,0.0,0,0.0,0,0.0,0,0.0,12,1.0,0,0.0,0,0.0,0,0.0,0,0.0
东营网警,4,3,no_media,0,4,2020-12,0.0,0.0,1.0,0,0.0,0,0.0,0,0.0,0,0.0,3,1.0,0,0.0,0,0.0,0,0.0,0,0.0
东西湖发布,2,1,no_media,0,2,2023-01,0.0,0.0,1.0,0,0.0,0,0.0,0,0.0,0,0.0,1,1.0,0,0.0,0,0.0,0,0.0,0,0.0
东边道山林队-华夏小卒,2,1,no_media,6,2,2023-07,0.0,0.0,1.0,0,0.0,0,0.0,0,0.0,0,0.0,1,1.0,0,0.0,0,0.0,0,0.0,0,0.0
东郭燕女士,2,1,no_media,1,2,2023-11,0.0,0.0,0.0,0,0.0,0,0.0,0,0.0,0,0.0,0,0.0,1,1.0,0,0.0,0,0.0,0,0.0
东鳌鹿业科技开发有限公司,3,2,no_media,0,3,2022-04,0.0,0.5,0.5,0,0.0,1,0.5,0,0.0,0,0.0,1,0.5,0,0.0,0,0.0,0,0.0,0,0.0
丝科慕,2,1,no_media,0,2,2022-12,0.0,0.0,1.0,0,0.0,0,0.0,0,0.0,0,0.0,1,1.0,0,0.0,0,0.0,0,0.0,0,0.0
丢掉名字的羊咩咩,2,1,no_media,0,2,2023-08,0.0,0.0,0.0,0,0.0,0,0.0,0,0.0,0,0.0,0,0.0,0,0.0,0,0.0,0,0.0,1,1.0
两仪生麻瓜,2,1,no_media,0,2,2024-11,0.0,0.0,1.0,0,0.0,0,0.0,0,0.0,0,0.0,1,1.0,0,0.0,0,0.0,0,0.0,0,0.0
两天只有一天脾气好,2,1,no_media,0,2,2023-08,0.0,0.0,0.0,0,0.0,0,0.0,0,0.0,0,0.0,0,0.0,0,0.0,0,0.0,0,0.0,1,1.0
两罐甜可乐,2,1,no_media,0,2,2023-05,0.0,1.0,0.0,0,0.0,0,0.0,1,1.0,0,0.0,0,0.0,0,0.0,0,0.0,0,0.0,0,0.0
丨Canny丨,2,1,no_media,0,2,2024-09,0.0,1.0,0.0,0,0.0,0,0.0,1,1.0,0,0.0,0,0.0,0,0.0,0,0.0,0,0.0,0,0.0
丫头2720,2,1,no_media,0,2,2023-03,0.0,0.0,0.0,0,0.0,0,0.0,0,0.0,0,0.0,0,0.0,0,0.0,0,0.0,0,0.0,1,1.0
中事,2,1,no_media,0,2,2020-03,1.0,0.0,0.0,0,0.0,0,0.0,0,0.0,1,1.0,0,0.0,0,0.0,0,0.0,0,0.0,0,0.0
中北大学电气与控制工程学院,2,1,no_media,0,2,2023-03,0.0,0.0,1.0,0,0.0,0,0.0,0,0.0,0,0.0,1,1.0,0,0.0,0,0.0,0,0.0,0,0.0
中医-刘海龙,2,1,no_media,0,2,2023-01,0.0,0.0,1.0,0,0.0,0,0.0,0,0.0,0,0.0,1,1.0,0,0.0,0,0.0,0,0.0,0,0.0
中医万小草,4,3,no_media,4,4,2023-04,0.0,0.0,1.0,0,0.0,0,0.0,0,0.0,0,0.0,3,1.0,0,0.0,0,0.0,0,0.0,0,0.0
中医不神奇,3,2,no_media,0,3,2023-12,0.0,0.0,1.0,0,0.0,0,0.0,0,0.0,0,0.0,2,1.0,0,0.0,0,0.0,0,0.0,0,0.0
中医世家治疗癌症恶性肿瘤,3,2,no_media,0,1,2023-10,0.0,0.0,0.0,2,1.0,0,0.0,0,0.0,0,0.0,0,0.0,0,0.0,0,0.0,0,0.0,0,0.0
中医主任刘洪超,2,1,no_media,0,2,2024-03,0.0,0.0,1.0,0,0.0,0,0.0,0,0.0,0,0.0,1,1.0,0,0.0,0,0.0,0,0.0,0,0.0
中医全科逯俭主任,3,2,no_media,0,3,2023-03,0.0,0.0,1.0,0,0.0,0,0.0,0,0.0,0,0.0,2,1.0,0,0.0,0,0.0,0,0.0,0,0.0
中医全科黄医生,16,15,no_media,0,15,2023-02,0.0,0.0,1.0,0,0.0,0,0.0,0,0.0,0,0.0,15,1.0,0,0.0,0,0.0,0,0.0,0,0.0
中医内科梁腾霄,6,5,no_media,8,1,2024-01,0.0,0.0,0.6,0,0.0,0,0.0,0,0.0,0,0.0,3,0.6,1,0.2,0,0.0,1,0.2,0,0.0
中医刘主任,2,1,no_media,0,2,2024-01,0.0,0.0,1.0,0,0.0,0,0.0,0,0.0,0,0.0,1,1.0,0,0.0,0,0.0,0,0.0,0,0.0
中医刘双,4,3,wemedia_only,2,4,2023-07,0.0,0.0,1.0,0,0.0,0,0.0,0,0.0,0,0.0,3,1.0,0,0.0,0,0.0,0,0.0,0,0.0
中医刘瑄慈,2,1,no_media,0,2,2024-12,0.0,0.0,1.0,0,0.0,0,0.0,0,0.0,0,0.0,1,1.0,0,0.0,0,0.0,0,0.0,0,0.0
中医刘睿,20,19,no_media,3,20,2023-02,0.0,0.0,0.7894736842105263,0,0.0,0,0.0,0,0.0,0,0.0,15,0.7894736842105263,2,0.10526315789473684,0,0.0,2,0.10526315789473684,0,0.0
中医刘茜檬,54,53,wemedia_only,10,47,2023-02,0.07547169811320754,0.07547169811320754,0.7735849056603774,2,0.03773584905660377,4,0.07547169811320754,0,0.0,4,0.07547169811320754,41,0.7735849056603774,1,0.018867924528301886,0,0.0,1,0.018867924528301886,0,0.0
中医刘金玲,13,12,no_media,0,13,2023-05,0.0,0.0,1.0,0,0.0,0,0.0,0,0.0,0,0.0,12,1.0,0,0.0,0,0.0,0,0.0,0,0.0
中医医门似海,32,31,no_media,1,31,2023-02,0.03225806451612903,0.03225806451612903,0.8387096774193549,0,0.0,1,0.03225806451612903,0,0.0,1,0.03225806451612903,26,0.8387096774193549,1,0.03225806451612903,0,0.0,1,0.03225806451612903,1,0.03225806451612903
中医吴斌,3,2,no_media,0,3,2023-02,0.5,0.5,0.0,0,0.0,1,0.5,0,0.0,1,0.5,0,0.0,0,0.0,0,0.0,0,0.0,0,0.0
中医吴昌树,13,12,wemedia_only,8,13,2023-04,0.08333333333333333,0.0,0.9166666666666666,0,0.0,0,0.0,0,0.0,1,0.08333333333333333,11,0.9166666666666666,0,0.0,0,0.0,0,0.0,0,0.0
中医吴玭,2,1,no_media,0,2,2023-02,0.0,0.0,0.0,0,0.0,0,0.0,0,0.0,0,0.0,0,0.0,0,0.0,0,0.0,1,1.0,0,0.0
中医周惠斌,2,1,no_media,0,2,2024-08,0.0,0.0,1.0,0,0.0,0,0.0,0,0.0,0,0.0,1,1.0,0,0.0,0,0.0,0,0.0,0,0.0
中医周晓卿主任,8,7,no_media,0,8,2023-01,0.0,0.0,0.8571428571428571,0,0.0,0,0.0,0,0.0,0,0.0,6,0.8571428571428571,0,0.0,0,0.0,1,0.14285714285714285,0,0.0
中医周雯,8,7,no_media,4,7,2023-05,0.2857142857142857,0.14285714285714285,0.2857142857142857,2,0.2857142857142857,1,0.14285714285714285,0,0.0,2,0.2857142857142857,2,0.2857142857142857,0,0.0,0,0.0,0,0.0,0,0.0
中医唐伟,6,5,no_media,12,6,2023-07,0.2,0.0,0.8,0,0.0,0,0.0,0,0.0,1,0.2,4,0.8,0,0.0,0,0.0,0,0.0,0,0.0
中医太平,2,1,no_media,0,1,2023-08,0.0,0.0,1.0,0,0.0,0,0.0,0,0.0,0,0.0,1,1.0,0,0.0,0,0.0,0,0.0,0,0.0
中医太美,3,2,no_media,0,3,2023-02,0.0,0.0,1.0,0,0.0,0,0.0,0,0.0,0,0.0,2,1.0,0,0.0,0,0.0,0,0.0,0,0.0
中医妇儿林波,2,1,no_media,12,2,2023-06,0.0,1.0,0.0,0,0.0,1,1.0,0,0.0,0,0.0,0,0.0,0,0.0,0,0.0,0,0.0,0,0.0
中医妇科张继芝,2,1,wemedia_only,1,1,2022-03,0.0,0.0,1.0,0,0.0,0,0.0,0,0.0,0,0.0,1,1.0,0,0.0,0,0.0,0,0.0,0,0.0
中医妈妈申医生,2,1,no_media,0,2,2023-02,0.0,0.0,1.0,0,0.0,0,0.0,0,0.0,0,0.0,1,1.0,0,0.0,0,0.0,0,0.0,0,0.0
中医实用小妙招,2,1,no_media,0,2,2023-05,0.0,0.0,0.0,0,0.0,0,0.0,0,0.0,0,0.0,0,0.0,1,1.0,0,0.0,0,0.0,0,0.0
中医廖尖兵,2,1,no_media,0,2,2023-05,0.0,0.0,1.0,0,0.0,0,0.0,0,0.0,0,0.0,1,1.0,0,0.0,0,0.0,0,0.0,0,0.0
中医廖果,2,1,no_media,0,2,2024-07,0.0,0.0,1.0,0,0.0,0,0.0,0,0.0,0,0.0,1,1.0,0,0.0,0,0.0,0,0.0,0,0.0
中医张建英,3,2,no_media,0,3,2023-05,0.0,0.0,1.0,0,0.0,0,0.0,0,0.0,0,0.0,2,1.0,0,0.0,0,0.0,0,0.0,0,0.0
中医张恒毅,24,23,wemedia_only,21,22,2023-02,0.08695652173913043,0.08695652173913043,0.5652173913043478,0,0.0,2,0.08695652173913043,0,0.0,2,0.08695652173913043,13,0.5652173913043478,3,0.13043478260869565,0,0.0,3,0.13043478260869565,0,0.0
中医张晓阳,5,4,no_media,0,5,2024-02,0.0,0.0,1.0,0,0.0,0,0.0,0,0.0,0,0.0,4,1.0,0,0.0,0,0.0,0,0.0,0,0.0
中医张雪清,4,3,no_media,0,4,2023-11,0.0,0.0,1.0,0,0.0,0,0.0,0,0.0,0,0.0,3,1.0,0,0.0,0,0.0,0,0.0,0,0.0
中医徐柏杨,2,1,no_media,3,2,2023-07,0.0,0.0,1.0,0,0.0,0,0.0,0,0.0,0,0.0,1,1.0,0,0.0,0,0.0,0,0.0,0,0.0
中医朱小宝,12,11,no_media,0,12,2023-02,0.09090909090909091,0.09090909090909091,0.5454545454545454,3,0.2727272727272727,1,0.09090909090909091,0,0.0,1,0.09090909090909091,6,0.5454545454545454,0,0.0,0,0.0,0,0.0,0,0.0
中医朱林立,5,4,no_media,4,5,2023-09,0.0,0.0,1.0,0,0.0,0,0.0,0,0.0,0,0.0,4,1.0,0,0.0,0,0.0,0,0.0,0,0.0
中医朱穆朗玛,8,7,no_media,0,7,2023-03,0.0,0.0,1.0,0,0.0,0,0.0,0,0.0,0,0.0,7,1.0,0,0.0,0,0.0,0,0.0,0,0.0
中医朱钧泽,2,1,no_media,0,2,2023-09,0.0,0.0,1.0,0,0.0,0,0.0,0,0.0,0,0.0,1,1.0,0,0.0,0,0.0,0,0.0,0,0.0
中医李嘉医生,3,2,no_media,0,3,2023-02,0.0,0.0,1.0,0,0.0,0,0.0,0,0.0,0,0.0,2,1.0,0,0.0,0,0.0,0,0.0,0,0.0
中医李宁,3,2,no_media,0,2,2024-04,0.0,0.0,0.0,0,0.0,0,0.0,0,0.0,0,0.0,0,0.0,0,0.0,0,0.0,0,0.0,2,1.0
中医李富贵,5,4,no_media,7,5,2023-07,0.0,0.0,0.5,0,0.0,0,0.0,0,0.0,0,0.0,2,0.5,1,0.25,0,0.0,1,0.25,0,0.0
中医李明风,4,3,no_media,0,4,2023-02,0.0,0.0,0.6666666666666666,0,0.0,0,0.0,0,0.0,0,0.0,2,0.6666666666666666,0,0.0,0,0.0,1,0.3333333333333333,0,0.0
中医李杰,4,3,wemedia_only,1,4,2023-11,0.0,0.0,1.0,0,0.0,0,0.0,0,0.0,0,0.0,3,1.0,0,0.0,0,0.0,0,0.0,0,0.0
中医李静大夫,2,1,no_media,0,2,2025-05,0.0,0.0,1.0,0,0.0,0,0.0,0,0.0,0,0.0,1,1.0,0,0.0,0,0.0,0,0.0,0,0.0
中医杨坚祥,6,5,no_media,0,6,2023-03,0.0,0.0,1.0,0,0.0,0,0.0,0,0.0,0,0.0,5,1.0,0,0.0,0,0.0,0,0.0,0,0.0
中医杨文欢,11,10,no_media,1,11,2023-04,0.1,0.1,0.8,0,0.0,1,0.1,0,0.0,1,0.1,8,0.8,0,0.0,0,0.0,0,0.0,0,0.0
中医杨桢,17,16,no_media,1,17,2022-10,0.0,0.0,1.0,0,0.0,0,0.0,0,0.0,0,0.0,16,1.0,0,0.0,0,0.0,0,0.0,0,0.0
中医杨阳,15,14,no_media,0,15,2023-04,0.07142857142857142,0.07142857142857142,0.7142857142857143,0,0.0,1,0.07142857142857142,0,0.0,1,0.07142857142857142,10,0.7142857142857143,1,0.07142857142857142,0,0.0,1,0.07142857142857142,0,0.0
中医梅晋铭,4,3,no_media,0,4,2023-05,0.0,0.0,1.0,0,0.0,0,0.0,0,0.0,0,0.0,3,1.0,0,0.0,0,0.0,0,0.0,0,0.0
中医毛玉龙,2,1,no_media,0,2,2025-01,0.0,0.0,1.0,0,0.0,0,0.0,0,0.0,0,0.0,1,1.0,0,0.0,0,0.0,0,0.0,0,0.0
中医济公,3,2,no_media,0,3,2023-08,0.0,0.0,1.0,0,0.0,0,0.0,0,0.0,0,0.0,2,1.0,0,0.0,0,0.0,0,0.0,0,0.0
中医王博士a,3,2,no_media,0,3,2023-09,0.0,0.0,1.0,0,0.0,0,0.0,0,0.0,0,0.0,2,1.0,0,0.0,0,0.0,0,0.0,0,0.0
中医王济主任,5,4,no_media,0,5,2025-03,0.0,0.0,1.0,0,0.0,0,0.0,0,0.0,0,0.0,4,1.0,0,0.0,0,0.0,0,0.0,0,0.0
中医田应旭,81,80,wemedia_only,99,66,2023-02,0.0375,0.0375,0.7875,0,0.0,1,0.0125,2,0.025,2,0.025,63,0.7875,5,0.0625,1,0.0125,6,0.075,0,0.0
中医的那一片天,2,1,no_media,0,2,2023-02,0.0,0.0,0.0,0,0.0,0,0.0,0,0.0,0,0.0,0,0.0,0,0.0,0,0.0,1,1.0,0,0.0
中医硕士崔朝兵,7,6,no_media,0,5,2023-02,0.0,0.0,1.0,0,0.0,0,0.0,0,0.0,0,0.0,6,1.0,0,0.0,0,0.0,0,0.0,0,0.0
中医祁友松,2,1,no_media,0,2,2025-02,0.0,0.0,1.0,0,0.0,0,0.0,0,0.0,0,0.0,1,1.0,0,0.0,0,0.0,0,0.0,0,0.0
中医章鱼,2,1,no_media,0,2,2024-07,0.0,0.0,1.0,0,0.0,0,0.0,0,0.0,0,0.0,1,1.0,0,0.0,0,0.0,0,0.0,0,0.0
中医米奇,10,9,no_media,1,6,2023-02,0.0,0.0,0.5555555555555556,0,0.0,0,0.0,0,0.0,0,0.0,5,0.5555555555555556,2,0.2222222222222222,0,0.0,2,0.2222222222222222,0,0.0
中医糖葫芦,3,2,no_media,0,3,2023-04,0.0,0.0,1.0,0,0.0,0,0.0,0,0.0,0,0.0,2,1.0,0,0.0,0,0.0,0,0.0,0,0.0
中医纪元,20,19,no_media,3,19,2023-02,0.21052631578947367,0.2631578947368421,0.3157894736842105,4,0.21052631578947367,5,0.2631578947368421,0,0.0,4,0.21052631578947367,6,0.3157894736842105,0,0.0,0,0.0,0,0.0,0,0.0
中医经方理论实践15090194420,2,1,no_media,0,2,2023-02,0.0,0.0,1.0,0,0.0,0,0.0,0,0.0,0,0.0,1,1.0,0,0.0,0,0.0,0,0.0,0,0.0
中医罗毅,5,4,no_media,0,5,2023-12,0.0,0.0,1.0,0,0.0,0,0.0,0,0.0,0,0.0,4,1.0,0,0.0,0,0.0,0,0.0,0,0.0
中医肖健楠,9,8,no_media,1,9,2023-08,0.25,0.125,0.5,1,0.125,1,0.125,0,0.0,2,0.25,4,0.5,0,0.0,0,0.0,0,0.0,0,0.0
中医肖阁敏,25,24,no_media,7,24,2022-11,0.0,0.0,1.0,0,0.0,0,0.0,0,0.0,0,0.0,24,1.0,0,0.0,0,0.0,0,0.0,0,0.0
中医肾病大夫高建东,2,1,no_media,0,2,2023-12,0.0,0.0,1.0,0,0.0,0,0.0,0,0.0,0,0.0,1,1.0,0,0.0,0,0.0,0,0.0,0,0.0
中医肿瘤专家李忠,2,1,no_media,0,2,2024-12,0.0,0.0,0.0,0,0.0,0,0.0,0,0.0,0,0.0,0,0.0,1,1.0,0,0.0,0,0.0,0,0.0
中医脑病张姝媛主任,2,1,no_media,0,2,2025-02,0.0,0.0,1.0,0,0.0,0,0.0,0,0.0,0,0.0,1,1.0,0,0.0,0,0.0,0,0.0,0,0.0
中医船长w,6,5,no_media,2,6,2023-02,0.4,0.6,0.0,0,0.0,1,0.2,2,0.4,1,0.2,0,0.0,0,0.0,1,0.2,0,0.0,0,0.0
中医范圣华,18,17,wemedia_only,6,18,2023-01,0.0,0.0,1.0,0,0.0,0,0.0,0,0.0,0,0.0,17,1.0,0,0.0,0,0.0,0,0.0,0,0.0
中医范怨武,14,13,no_media,3,14,2023-02,0.07692307692307693,0.07692307692307693,0.6923076923076923,0,0.0,0,0.0,1,0.07692307692307693,1,0.07692307692307693,9,0.6923076923076923,1,0.07692307692307693,0,0.0,1,0.07692307692307693,0,0.0
中医药非物质文化遗产网,3,2,no_media,0,3,2023-02,0.0,0.0,1.0,0,0.0,0,0.0,0,0.0,0,0.0,2,1.0,0,0.0,0,0.0,0,0.0,0,0.0
中医营养师王磊,8,7,no_media,0,8,2023-03,0.0,0.0,0.7142857142857143,0,0.0,0,0.0,0,0.0,0,0.0,5,0.7142857142857143,1,0.14285714285714285,0,0.0,1,0.14285714285714285,0,0.0
中医蔡良俊,3,2,wemedia_only,2,3,2023-04,0.0,0.0,1.0,0,0.0,0,0.0,0,0.0,0,0.0,2,1.0,0,0.0,0,0.0,0,0.0,0,0.0
中医薛晖,3,2,no_media,0,3,2023-02,0.0,0.0,1.0,0,0.0,0,0.0,0,0.0,0,0.0,2,1.0,0,0.0,0,0.0,0,0.0,0,0.0
中医解鸣飞,9,8,no_media,0,9,2024-08,0.125,0.125,0.5,0,0.0,1,0.125,0,0.0,1,0.125,4,0.5,1,0.125,0,0.0,1,0.125,0,0.0
中医许煜超,2,1,wemedia_only,2,2,2023-08,0.0,0.0,1.0,0,0.0,0,0.0,0,0.0,0,0.0,1,1.0,0,0.0,0,0.0,0,0.0,0,0.0
中医许玲莉,3,2,no_media,0,3,2023-01,0.0,0.0,1.0,0,0.0,0,0.0,0,0.0,0,0.0,2,1.0,0,0.0,0,0.0,0,0.0,0,0.0
中医赵宁宁,9,8,no_media,0,9,2024-03,0.0,0.0,1.0,0,0.0,0,0.0,0,0.0,0,0.0,8,1.0,0,0.0,0,0.0,0,0.0,0,0.0
中医邱盟明,2,1,no_media,0,2,2023-07,0.0,0.0,1.0,0,0.0,0,0.0,0,0.0,0,0.0,1,1.0,0,0.0,0,0.0,0,0.0,0,0.0
中医郑锦洪,5,4,no_media,0,5,2023-02,0.0,0.0,1.0,0,0.0,0,0.0,0,0.0,0,0.0,4,1.0,0,0.0,0,0.0,0,0.0,0,0.0
中医陈-立发,3,2,no_media,0,3,2023-07,0.0,0.0,1.0,0,0.0,0,0.0,0,0.0,0,0.0,2,1.0,0,0.0,0,0.0,0,0.0,0,0.0
中医陈无己,6,5,wemedia_only,4,6,2023-07,0.0,0.0,1.0,0,0.0,0,0.0,0,0.0,0,0.0,5,1.0,0,0.0,0,0.0,0,0.0,0,0.0
中医陈银魁,12,11,no_media,0,11,2023-02,0.0,0.0,1.0,0,0.0,0,0.0,0,0.0,0,0.0,11,1.0,0,0.0,0,0.0,0,0.0,0,0.0
中医韩佳宁,2,1,no_media,0,2,2025-05,0.0,0.0,1.0,0,0.0,0,0.0,0,0.0,0,0.0,1,1.0,0,0.0,0,0.0,0,0.0,0,0.0
中医韩娟,14,13,no_media,2,14,2023-02,0.0,0.0,1.0,0,0.0,0,0.0,0,0.0,0,0.0,13,1.0,0,0.0,0,0.0,0,0.0,0,0.0
中医骨匠,4,3,no_media,0,4,2023-03,0.0,0.0,1.0,0,0.0,0,0.0,0,0.0,0,0.0,3,1.0,0,0.0,0,0.0,0,0.0,0,0.0
中医魏文超,2,1,no_media,0,2,2023-08,0.0,0.0,1.0,0,0.0,0,0.0,0,0.0,0,0.0,1,1.0,0,0.0,0,0.0,0,0.0,0,0.0
中医黄锐,6,5,wemedia_only,22,6,2023-07,0.0,0.0,1.0,0,0.0,0,0.0,0,0.0,0,0.0,5,1.0,0,0.0,0,0.0,0,0.0,0,0.0
中华-巾帼鹰派,3,2,no_media,0,3,2023-02,0.0,0.0,0.0,2,1.0,0,0.0,0,0.0,0,0.0,0,0.0,0,0.0,0,0.0,0,0.0,0,0.0
中华做题家,2,1,no_media,1,2,2023-07,0.0,1.0,0.0,0,0.0,1,1.0,0,0.0,0,0.0,0,0.0,0,0.0,0,0.0,0,0.0,0,0.0
中华满医常纪庆,2,1,no_media,0,1,2023-03,0.0,0.0,1.0,0,0.0,0,0.0,0,0.0,0,0.0,1,1.0,0,0.0,0,0.0,0,0.0,0,0.0
中南大学湘雅三医院,4,3,no_media,0,4,2023-02,0.0,0.0,1.0,0,0.0,0,0.0,0,0.0,0,0.0,3,1.0,0,0.0,0,0.0,0,0.0,0,0.0
中原健康网,18,17,no_media,0,14,2023-03,0.0,0.0,1.0,0,0.0,0,0.0,0,0.0,0,0.0,17,1.0,0,0.0,0,0.0,0,0.0,0,0.0
中原常哥,3,2,no_media,0,1,2022-03,0.5,0.5,0.0,0,0.0,1,0.5,0,0.0,1,0.5,0,0.0,0,0.0,0,0.0,0,0.0,0,0.0
中原新哥,2,1,mainstream_only,1,2,2024-01,0.0,0.0,1.0,0,0.0,0,0.0,0,0.0,0,0.0,1,1.0,0,0.0,0,0.0,0,0.0,0,0.0
中原网,13,12,no_media,0,12,2020-04,0.0,0.0,1.0,0,0.0,0,0.0,0,0.0,0,0.0,12,1.0,0,0.0,0,0.0,0,0.0,0,0.0
中国中医药报,76,75,no_media,0,62,2020-04,0.0,0.0,1.0,0,0.0,0,0.0,0,0.0,0,0.0,75,1.0,0,0.0,0,0.0,0,0.0,0,0.0
中国乡村之声,2,1,no_media,0,2,2023-02,0.0,0.0,1.0,0,0.0,0,0.0,0,0.0,0,0.0,1,1.0,0,0.0,0,0.0,0,0.0,0,0.0
中国互联网联合辟谣平台,13,12,no_media,0,11,2021-08,0.0,0.0,1.0,0,0.0,0,0.0,0,0.0,0,0.0,12,1.0,0,0.0,0,0.0,0,0.0,0,0.0
中国传媒社,7,6,no_media,0,7,2023-02,0.16666666666666666,0.16666666666666666,0.6666666666666666,0,0.0,1,0.16666666666666666,0,0.0,1,0.16666666666666666,4,0.6666666666666666,0,0.0,0,0.0,0,0.0,0,0.0
中国侨网,32,31,no_media,0,29,2020-03,0.03225806451612903,0.03225806451612903,0.9354838709677419,0,0.0,1,0.03225806451612903,0,0.0,1,0.03225806451612903,29,0.9354838709677419,0,0.0,0,0.0,0,0.0,0,0.0
中国卫生有害生物防制协会,3,2,no_media,0,3,2023-02,0.0,0.0,1.0,0,0.0,0,0.0,0,0.0,0,0.0,2,1.0,0,0.0,0,0.0,0,0.0,0,0.0
中国反邪教,3,2,no_media,0,3,2023-03,0.0,0.0,1.0,0,0.0,0,0.0,0,0.0,0,0.0,2,1.0,0,0.0,0,0.0,0,0.0,0,0.0
中国发展出版社,2,1,no_media,0,2,2024-05,0.0,0.0,1.0,0,0.0,0,0.0,0,0.0,0,0.0,1,1.0,0,0.0,0,0.0,0,0.0,0,0.0
中国吉林网,12,11,no_media,0,12,2020-03,0.0,0.0,1.0,0,0.0,0,0.0,0,0.0,0,0.0,11,1.0,0,0.0,0,0.0,0,0.0,0,0.0
中国商报,17,16,no_media,0,16,2020-04,0.0,0.0,1.0,0,0.0,0,0.0,0,0.0,0,0.0,16,1.0,0,0.0,0,0.0,0,0.0,0,0.0
中国大学生在线,3,2,no_media,0,2,2021-11,0.0,0.0,1.0,0,0.0,0,0.0,0,0.0,0,0.0,2,1.0,0,0.0,0,0.0,0,0.0,0,0.0
中国妇女,2,1,no_media,0,2,2022-12,0.0,0.0,1.0,0,0.0,0,0.0,0,0.0,0,0.0,1,1.0,0,0.0,0,0.0,0,0.0,0,0.0
中国妇女报,2,1,no_media,0,2,2021-04,0.0,0.0,1.0,0,0.0,0,0.0,0,0.0,0,0.0,1,1.0,0,0.0,0,0.0,0,0.0,0,0.0
中国宁波网,9,8,no_media,0,9,2021-01,0.125,0.125,0.75,0,0.0,1,0.125,0,0.0,1,0.125,6,0.75,0,0.0,0,0.0,0,0.0,0,0.0
中国对外贸易杂志英文版,27,26,no_media,0,24,2023-02,0.0,0.0,1.0,0,0.0,0,0.0,0,0.0,0,0.0,26,1.0,0,0.0,0,0.0,0,0.0,0,0.0
中国山东网菏泽,2,1,no_media,0,2,2023-02,0.0,0.0,1.0,0,0.0,0,0.0,0,0.0,0,0.0,1,1.0,0,0.0,0,0.0,0,0.0,0,0.0
中国工业报,2,1,no_media,0,1,2024-01,0.0,0.0,1.0,0,0.0,0,0.0,0,0.0,0,0.0,1,1.0,0,0.0,0,0.0,0,0.0,0,0.0
中国慈善家杂志,2,1,no_media,0,2,2023-04,0.0,0.0,1.0,0,0.0,0,0.0,0,0.0,0,0.0,1,1.0,0,0.0,0,0.0,0,0.0,0,0.0
中国报道,3,2,no_media,0,3,2023-03,0.0,0.0,1.0,0,0.0,0,0.0,0,0.0,0,0.0,2,1.0,0,0.0,0,0.0,0,0.0,0,0.0
中国搜索,16,15,no_media,0,16,2020-03,0.0,0.0,1.0,0,0.0,0,0.0,0,0.0,0,0.0,15,1.0,0,0.0,0,0.0,0,0.0,0,0.0
中国教育报,17,16,no_media,0,16,2020-06,0.0,0.0,1.0,0,0.0,0,0.0,0,0.0,0,0.0,16,1.0,0,0.0,0,0.0,0,0.0,0,0.0
中国新闻周刊,2,1,no_media,0,2,2023-04,0.0,0.0,1.0,0,0.0,0,0.0,0,0.0,0,0.0,1,1.0,0,0.0,0,0.0,0,0.0,0,0.0
中国新闻报,6,5,no_media,0,5,2021-08,0.0,0.0,1.0,0,0.0,0,0.0,0,0.0,0,0.0,5,1.0,0,0.0,0,0.0,0,0.0,0,0.0
中国新闻社,52,51,no_media,0,47,2020-03,0.0,0.0,1.0,0,0.0,0,0.0,0,0.0,0,0.0,51,1.0,0,0.0,0,0.0,0,0.0,0,0.0
中国新闻社贵州分社,8,7,no_media,0,8,2020-03,0.0,0.0,1.0,0,0.0,0,0.0,0,0.0,0,0.0,7,1.0,0,0.0,0,0.0,0,0.0,0,0.0
中国新闻网,9,8,no_media,0,9,2022-12,0.0,0.0,1.0,0,0.0,0,0.0,0,0.0,0,0.0,8,1.0,0,0.0,0,0.0,0,0.0,0,0.0
中国旅游报,3,2,no_media,0,3,2021-07,0.0,0.0,1.0,0,0.0,0,0.0,0,0.0,0,0.0,2,1.0,0,0.0,0,0.0,0,0.0,0,0.0
中国日报,5,4,no_media,0,5,2022-08,0.0,0.0,1.0,0,0.0,0,0.0,0,0.0,0,0.0,4,1.0,0,0.0,0,0.0,0,0.0,0,0.0
中国日报-英语点津,10,9,no_media,0,10,2020-09,0.0,0.0,1.0,0,0.0,0,0.0,0,0.0,0,0.0,9,1.0,0,0.0,0,0.0,0,0.0,0,0.0
中国日报中文网,9,8,no_media,0,9,2021-01,0.0,0.0,1.0,0,0.0,0,0.0,0,0.0,0,0.0,8,1.0,0,0.0,0,0.0,0,0.0,0,0.0
中国日报网,57,56,no_media,0,46,2020-03,0.017857142857142856,0.017857142857142856,0.9642857142857143,0,0.0,1,0.017857142857142856,0,0.0,1,0.017857142857142856,54,0.9642857142857143,0,0.0,0,0.0,0,0.0,0,0.0
中国柳,6,5,no_media,1,6,2023-03,0.0,0.0,0.4,0,0.0,0,0.0,0,0.0,0,0.0,2,0.4,1,0.2,0,0.0,1,0.2,1,0.2
中国残联,2,1,no_media,0,2,2023-02,0.0,0.0,1.0,0,0.0,0,0.0,0,0.0,0,0.0,1,1.0,0,0.0,0,0.0,0,0.0,0,0.0
中国水运报,5,4,no_media,0,5,2021-04,0.0,0.0,1.0,0,0.0,0,0.0,0,0.0,0,0.0,4,1.0,0,0.0,0,0.0,0,0.0,0,0.0
中国水运杂志,2,1,no_media,0,1,2021-04,0.0,0.0,1.0,0,0.0,0,0.0,0,0.0,0,0.0,1,1.0,0,0.0,0,0.0,0,0.0,0,0.0
中国江苏网,13,12,no_media,0,12,2020-04,0.0,0.0,1.0,0,0.0,0,0.0,0,0.0,0,0.0,12,1.0,0,0.0,0,0.0,0,0.0,0,0.0
中国江西网,3,2,no_media,0,3,2020-04,0.0,0.0,1.0,0,0.0,0,0.0,0,0.0,0,0.0,2,1.0,0,0.0,0,0.0,0,0.0,0,0.0
中国消费者报,8,7,no_media,0,7,2020-03,0.0,0.0,1.0,0,0.0,0,0.0,0,0.0,0,0.0,7,1.0,0,0.0,0,0.0,0,0.0,0,0.0
中国环境,7,6,no_media,0,6,2020-04,0.0,0.0,1.0,0,0.0,0,0.0,0,0.0,0,0.0,6,1.0,0,0.0,0,0.0,0,0.0,0,0.0
中国电影报道,3,2,no_media,0,3,2023-07,0.0,0.0,1.0,0,0.0,0,0.0,0,0.0,0,0.0,2,1.0,0,0.0,0,0.0,0,0.0,0,0.0
中国疫苗行业协会,2,1,no_media,0,2,2023-02,0.0,0.0,1.0,0,0.0,0,0.0,0,0.0,0,0.0,1,1.0,0,0.0,0,0.0,0,0.0,0,0.0
中国疾控中心,14,13,no_media,0,11,2023-04,0.0,0.0,1.0,0,0.0,0,0.0,0,0.0,0,0.0,13,1.0,0,0.0,0,0.0,0,0.0,0,0.0
中国石化胜利油田,2,1,no_media,0,2,2023-12,0.0,0.0,1.0,0,0.0,0,0.0,0,0.0,0,0.0,1,1.0,0,0.0,0,0.0,0,0.0,0,0.0
中国科学报,14,13,no_media,0,13,2020-04,0.0,0.0,1.0,0,0.0,0,0.0,0,0.0,0,0.0,13,1.0,0,0.0,0,0.0,0,0.0,0,0.0
中国科普网,9,8,no_media,0,8,2020-03,0.0,0.0,1.0,0,0.0,0,0.0,0,0.0,0,0.0,8,1.0,0,0.0,0,0.0,0,0.0,0,0.0
中国经济周刊,19,18,no_media,0,18,2022-01,0.0,0.0,1.0,0,0.0,0,0.0,0,0.0,0,0.0,18,1.0,0,0.0,0,0.0,0,0.0,0,0.0
中国经营报,5,4,no_media,0,5,2022-03,0.0,0.25,0.75,0,0.0,1,0.25,0,0.0,0,0.0,3,0.75,0,0.0,0,0.0,0,0.0,0,0.0
中国绿发会,7,6,no_media,0,5,2021-08,0.0,0.0,1.0,0,0.0,0,0.0,0,0.0,0,0.0,6,1.0,0,0.0,0,0.0,0,0.0,0,0.0
中国绿色时报,2,1,no_media,0,2,2023-06,0.0,0.0,1.0,0,0.0,0,0.0,0,0.0,0,0.0,1,1.0,0,0.0,0,0.0,0,0.0,0,0.0
中国网,39,38,no_media,0,38,2020-03,0.0,0.0,1.0,0,0.0,0,0.0,0,0.0,0,0.0,38,1.0,0,0.0,0,0.0,0,0.0,0,0.0
中国网新闻中心,22,21,no_media,0,20,2020-03,0.0,0.0,1.0,0,0.0,0,0.0,0,0.0,0,0.0,21,1.0,0,0.0,0,0.0,0,0.0,0,0.0
中国网直播,7,6,no_media,0,6,2020-04,0.0,0.0,1.0,0,0.0,0,0.0,0,0.0,0,0.0,6,1.0,0,0.0,0,0.0,0,0.0,0,0.0
中国网财经,26,25,no_media,0,22,2021-03,0.0,0.0,1.0,0,0.0,0,0.0,0,0.0,0,0.0,25,1.0,0,0.0,0,0.0,0,0.0,0,0.0
中国蓝新闻,4,3,no_media,0,3,2023-03,0.0,0.0,1.0,0,0.0,0,0.0,0,0.0,0,0.0,3,1.0,0,0.0,0,0.0,0,0.0,0,0.0
中国贸易报,13,12,no_media,0,12,2022-03,0.0,0.0,1.0,0,0.0,0,0.0,0,0.0,0,0.0,12,1.0,0,0.0,0,0.0,0,0.0,0,0.0
中国通辽网,3,2,no_media,0,3,2023-02,0.0,0.0,1.0,0,0.0,0,0.0,0,0.0,0,0.0,2,1.0,0,0.0,0,0.0,0,0.0,0,0.0
中国长安网,2,1,no_media,0,2,2020-04,0.0,0.0,1.0,0,0.0,0,0.0,0,0.0,0,0.0,1,1.0,0,0.0,0,0.0,0,0.0,0,0.0
中国青年报,17,16,no_media,0,13,2023-01,0.0,0.0,1.0,0,0.0,0,0.0,0,0.0,0,0.0,16,1.0,0,0.0,0,0.0,0,0.0,0,0.0
中国青年网,20,19,no_media,0,19,2020-03,0.0,0.0,1.0,0,0.0,0,0.0,0,0.0,0,0.0,19,1.0,0,0.0,0,0.0,0,0.0,0,0.0
中国食品报,5,4,no_media,0,5,2020-03,0.0,0.0,1.0,0,0.0,0,0.0,0,0.0,0,0.0,4,1.0,0,0.0,0,0.0,0,0.0,0,0.0
中国黔南,14,13,no_media,0,13,2023-02,0.0,0.0,1.0,0,0.0,0,0.0,0,0.0,0,0.0,13,1.0,0,0.0,0,0.0,0,0.0,0,0.0
中坝和平,3,2,no_media,0,3,2024-07,0.0,0.0,1.0,0,0.0,0,0.0,0,0.0,0,0.0,2,1.0,0,0.0,0,0.0,0,0.0,0,0.0
中天電視亞洲台FUN,14,13,no_media,0,13,2023-06,0.0,0.0,1.0,0,0.0,0,0.0,0,0.0,0,0.0,13,1.0,0,0.0,0,0.0,0,0.0,0,0.0
中天電視官方NEWS,2,1,no_media,0,2,2025-01,0.0,0.0,1.0,0,0.0,0,0.0,0,0.0,0,0.0,1,1.0,0,0.0,0,0.0,0,0.0,0,0.0
中央网信办举报中心,2,1,mainstream_only,2,2,2023-02,0.0,0.0,1.0,0,0.0,0,0.0,0,0.0,0,0.0,1,1.0,0,0.0,0,0.0,0,0.0,0,0.0
中安在线,3,2,no_media,0,3,2024-12,0.0,0.0,1.0,0,0.0,0,0.0,0,0.0,0,0.0,2,1.0,0,0.0,0,0.0,0,0.0,0,0.0
中宏网,31,30,no_media,0,28,2020-04,0.0,0.0,1.0,0,0.0,0,0.0,0,0.0,0,0.0,30,1.0,0,0.0,0,0.0,0,0.0,0,0.0
中工网,62,61,no_media,0,55,2021-04,0.0,0.0,1.0,0,0.0,0,0.0,0,0.0,0,0.0,61,1.0,0,0.0,0,0.0,0,0.0,0,0.0
中年爷们,2,1,wemedia_only,3,2,2025-05,0.0,0.0,1.0,0,0.0,0,0.0,0,0.0,0,0.0,1,1.0,0,0.0,0,0.0,0,0.0,0,0.0
中指土地情报,3,2,no_media,0,3,2022-12,0.0,0.0,1.0,0,0.0,0,0.0,0,0.0,0,0.0,2,1.0,0,0.0,0,0.0,0,0.0,0,0.0
中捷司法,6,5,no_media,0,6,2020-03,0.0,0.0,1.0,0,0.0,0,0.0,0,0.0,0,0.0,5,1.0,0,0.0,0,0.0,0,0.0,0,0.0
中新山西,4,3,no_media,0,4,2022-03,0.0,0.0,1.0,0,0.0,0,0.0,0,0.0,0,0.0,3,1.0,0,0.0,0,0.0,0,0.0,0,0.0
中新文娱,5,4,no_media,0,4,2023-03,0.0,0.0,1.0,0,0.0,0,0.0,0,0.0,0,0.0,4,1.0,0,0.0,0,0.0,0,0.0,0,0.0
中新浙里,23,22,no_media,0,22,2020-05,0.0,0.0,1.0,0,0.0,0,0.0,0,0.0,0,0.0,22,1.0,0,0.0,0,0.0,0,0.0,0,0.0
中新社上海,2,1,no_media,0,2,2023-02,0.0,0.0,1.0,0,0.0,0,0.0,0,0.0,0,0.0,1,1.0,0,0.0,0,0.0,0,0.0,0,0.0
中新社何蒋勇,2,1,no_media,0,2,2022-01,0.0,0.0,1.0,0,0.0,0,0.0,0,0.0,0,0.0,1,1.0,0,0.0,0,0.0,0,0.0,0,0.0
中新社河北分社,3,2,no_media,0,3,2021-04,0.0,0.0,1.0,0,0.0,0,0.0,0,0.0,0,0.0,2,1.0,0,0.0,0,0.0,0,0.0,0,0.0
中新社福建,4,3,no_media,0,4,2020-08,0.0,0.0,1.0,0,0.0,0,0.0,0,0.0,0,0.0,3,1.0,0,0.0,0,0.0,0,0.0,0,0.0
中新社重庆分社,4,3,no_media,0,4,2020-09,0.0,0.0,1.0,0,0.0,0,0.0,0,0.0,0,0.0,3,1.0,0,0.0,0,0.0,0,0.0,0,0.0
中新经纬,2,1,no_media,0,2,2020-03,0.0,0.0,1.0,0,0.0,0,0.0,0,0.0,0,0.0,1,1.0,0,0.0,0,0.0,0,0.0,0,0.0
中新网海南,10,9,no_media,0,10,2020-10,0.0,0.0,1.0,0,0.0,0,0.0,0,0.0,0,0.0,9,1.0,0,0.0,0,0.0,0,0.0,0,0.0
中新视频,20,19,no_media,0,19,2020-03,0.0,0.0,1.0,0,0.0,0,0.0,0,0.0,0,0.0,19,1.0,0,0.0,0,0.0,0,0.0,0,0.0
中毉谷歌,3,2,no_media,0,3,2023-11,0.0,0.0,1.0,0,0.0,0,0.0,0,0.0,0,0.0,2,1.0,0,0.0,0,0.0,0,0.0,0,0.0
中流砥柱好beta的脖子,2,1,no_media,1,2,2024-07,0.0,0.0,1.0,0,0.0,0,0.0,0,0.0,0,0.0,1,1.0,0,0.0,0,0.0,0,0.0,0,0.0
中的广告信息,3,2,no_media,0,2,2025-03,0.0,0.0,1.0,0,0.0,0,0.0,0,0.0,0,0.0,2,1.0,0,0.0,0,0.0,0,0.0,0,0.0
中禅寺远子,2,1,no_media,0,2,2023-02,0.0,0.0,0.0,0,0.0,0,0.0,0,0.0,0,0.0,0,0.0,0,0.0,0,0.0,0,0.0,1,1.0
中科大上海研究院墨子沙龙,2,1,no_media,0,2,2023-12,0.0,0.0,1.0,0,0.0,0,0.0,0,0.0,0,0.0,1,1.0,0,0.0,0,0.0,0,0.0,0,0.0
中科大胡不归,30,29,no_media,0,26,2020-03,0.13793103448275862,0.13793103448275862,0.7241379310344828,0,0.0,4,0.13793103448275862,0,0.0,4,0.13793103448275862,21,0.7241379310344828,0,0.0,0,0.0,0,0.0,0,0.0
中科干细胞官方微博,7,6,no_media,0,6,2023-02,0.0,0.0,1.0,0,0.0,0,0.0,0,0.0,0,0.0,6,1.0,0,0.0,0,0.0,0,0.0,0,0.0
中网传播,4,3,no_media,0,1,2025-05,0.0,0.0,1.0,0,0.0,0,0.0,0,0.0,0,0.0,3,1.0,0,0.0,0,0.0,0,0.0,0,0.0
中药师涂倩雯,3,2,no_media,2,3,2023-04,0.0,0.0,0.5,0,0.0,0,0.0,0,0.0,0,0.0,1,0.5,1,0.5,0,0.0,0,0.0,0,0.0
中荷商报ChinaTimes,2,1,no_media,0,2,2023-06,0.0,0.0,1.0,0,0.0,0,0.0,0,0.0,0,0.0,1,1.0,0,0.0,0,0.0,0,0.0,0,0.0
中西医结合医学微博,30,29,dual,21,25,2023-02,0.0,0.0,1.0,0,0.0,0,0.0,0,0.0,0,0.0,29,1.0,0,0.0,0,0.0,0,0.0,0,0.0
中警安徽,2,1,no_media,0,1,2022-12,0.0,0.0,1.0,0,0.0,0,0.0,0,0.0,0,0.0,1,1.0,0,0.0,0,0.0,0,0.0,0,0.0
中访网观察,2,1,no_media,0,2,2023-03,0.0,0.0,1.0,0,0.0,0,0.0,0,0.0,0,0.0,1,1.0,0,0.0,0,0.0,0,0.0,0,0.0
中醫少陽,6,5,no_media,0,6,2023-08,0.0,0.0,0.6,0,0.0,0,0.0,0,0.0,0,0.0,3,0.6,1,0.2,0,0.0,1,0.2,0,0.0
中醫平衡之道,2,1,no_media,0,2,2021-10,0.0,0.0,1.0,0,0.0,0,0.0,0,0.0,0,0.0,1,1.0,0,0.0,0,0.0,0,0.0,0,0.0
中铳钞,27,26,no_media,0,26,2023-05,0.0,0.0,0.8461538461538461,0,0.0,0,0.0,0,0.0,0,0.0,22,0.8461538461538461,2,0.07692307692307693,0,0.0,2,0.07692307692307693,0,0.0
中风患者之家,20,19,no_media,1,19,2023-09,0.0,0.0,1.0,0,0.0,0,0.0,0,0.0,0,0.0,19,1.0,0,0.0,0,0.0,0,0.0,0,0.0
丰盛资蕴,2,1,no_media,0,2,2023-06,0.0,0.0,1.0,0,0.0,0,0.0,0,0.0,0,0.0,1,1.0,0,0.0,0,0.0,0,0.0,0,0.0
丰谊商旅官微,3,2,no_media,0,3,2023-02,0.0,0.0,1.0,0,0.0,0,0.0,0,0.0,0,0.0,2,1.0,0,0.0,0,0.0,0,0.0,0,0.0
丰铝WV,2,1,no_media,0,2,2023-01,0.0,0.0,1.0,0,0.0,0,0.0,0,0.0,0,0.0,1,1.0,0,0.0,0,0.0,0,0.0,0,0.0
串联樂牌吉士汉堡,2,1,no_media,0,2,2023-02,0.0,0.0,1.0,0,0.0,0,0.0,0,0.0,0,0.0,1,1.0,0,0.0,0,0.0,0,0.0,0,0.0
临床决策助手,4,3,no_media,0,4,2021-09,0.0,0.0,1.0,0,0.0,0,0.0,0,0.0,0,0.0,3,1.0,0,0.0,0,0.0,0,0.0,0,0.0
临床肝胆病杂志,4,3,no_media,0,4,2023-03,0.0,0.0,1.0,0,0.0,0,0.0,0,0.0,0,0.0,3,1.0,0,0.0,0,0.0,0,0.0,0,0.0
临床试药招募-白恩,3,2,no_media,0,3,2023-05,0.0,0.0,1.0,0,0.0,0,0.0,0,0.0,0,0.0,2,1.0,0,0.0,0,0.0,0,0.0,0,0.0
临床试药试验招募,4,3,no_media,0,4,2023-02,0.0,0.0,1.0,0,0.0,0,0.0,0,0.0,0,0.0,3,1.0,0,0.0,0,0.0,0,0.0,0,0.0
临床试验咨询与报名,3,2,no_media,0,3,2023-02,0.0,0.0,1.0,0,0.0,0,0.0,0,0.0,0,0.0,2,1.0,0,0.0,0,0.0,0,0.0,0,0.0
临汾政法,4,3,mainstream_only,2,4,2020-03,0.0,0.0,1.0,0,0.0,0,0.0,0,0.0,0,0.0,3,1.0,0,0.0,0,0.0,0,0.0,0,0.0
临汾新闻网,2,1,no_media,0,2,2020-03,0.0,0.0,1.0,0,0.0,0,0.0,0,0.0,0,0.0,1,1.0,0,0.0,0,0.0,0,0.0,0,0.0
临沂公安,8,7,no_media,0,8,2023-03,0.0,0.0,1.0,0,0.0,0,0.0,0,0.0,0,0.0,7,1.0,0,0.0,0,0.0,0,0.0,0,0.0
临沂发布,3,2,no_media,0,3,2022-12,0.0,0.0,1.0,0,0.0,0,0.0,0,0.0,0,0.0,2,1.0,0,0.0,0,0.0,0,0.0,0,0.0
临沂市皮肤病防治所,2,1,no_media,0,2,2023-02,0.0,0.0,1.0,0,0.0,0,0.0,0,0.0,0,0.0,1,1.0,0,0.0,0,0.0,0,0.0,0,0.0
临沂日报,6,5,no_media,0,6,2020-05,0.2,0.0,0.8,0,0.0,0,0.0,0,0.0,1,0.2,4,0.8,0,0.0,0,0.0,0,0.0,0,0.0
临沂金锣医院官微,3,2,no_media,0,3,2023-04,0.0,0.0,1.0,0,0.0,0,0.0,0,0.0,0,0.0,2,1.0,0,0.0,0,0.0,0,0.0,0,0.0
临沧政法,3,2,mainstream_only,4,2,2022-12,0.0,0.0,1.0,0,0.0,0,0.0,0,0.0,0,0.0,2,1.0,0,0.0,0,0.0,0,0.0,0,0.0
临泉发布,5,4,no_media,0,5,2023-02,0.0,0.0,1.0,0,0.0,0,0.0,0,0.0,0,0.0,4,1.0,0,0.0,0,0.0,0,0.0,0,0.0
临淄王德军,2,1,no_media,0,2,2023-03,0.0,0.0,1.0,0,0.0,0,0.0,0,0.0,0,0.0,1,1.0,0,0.0,0,0.0,0,0.0,0,0.0
临渭发布,5,4,no_media,0,5,2023-09,0.0,0.0,1.0,0,0.0,0,0.0,0,0.0,0,0.0,4,1.0,0,0.0,0,0.0,0,0.0,0,0.0
临渭检察,54,53,no_media,0,30,2020-03,0.0,0.0,1.0,0,0.0,0,0.0,0,0.0,0,0.0,53,1.0,0,0.0,0,0.0,0,0.0,0,0.0
丶夏青莲,2,1,wemedia_only,1,2,2023-05,0.0,0.0,0.0,0,0.0,0,0.0,0,0.0,0,0.0,0,0.0,0,0.0,0,0.0,1,1.0,0,0.0
丹徒发布,4,3,no_media,0,4,2023-02,0.0,0.0,1.0,0,0.0,0,0.0,0,0.0,0,0.0,3,1.0,0,0.0,0,0.0,0,0.0,0,0.0
为了唯一的爱豆开微博的白粥,2,1,wemedia_only,1,1,2020-03,0.0,0.0,1.0,0,0.0,0,0.0,0,0.0,0,0.0,1,1.0,0,0.0,0,0.0,0,0.0,0,0.0
为了醋包饺子,2,1,no_media,0,2,2023-07,0.0,0.0,0.0,0,0.0,0,0.0,0,0.0,0,0.0,0,0.0,0,0.0,0,0.0,0,0.0,1,1.0
为什么乌鸦像一张写字台,3,2,no_media,3,3,2023-07,0.0,0.0,0.5,0,0.0,0,0.0,0,0.0,0,0.0,1,0.5,0,0.0,0,0.0,1,0.5,0,0.0
为什么要改名字鸭,2,1,no_media,0,2,2023-04,0.0,1.0,0.0,0,0.0,0,0.0,1,1.0,0,0.0,0,0.0,0,0.0,0,0.0,0,0.0,0,0.0
为啥为啥为啥呀,2,1,no_media,1,2,2023-11,0.0,0.0,0.0,1,1.0,0,0.0,0,0.0,0,0.0,0,0.0,0,0.0,0,0.0,0,0.0,0,0.0
为拦截,2,1,mainstream_only,2,2,2023-11,0.0,0.0,1.0,0,0.0,0,0.0,0,0.0,0,0.0,1,1.0,0,0.0,0,0.0,0,0.0,0,0.0
为曼巴烽狂,3,2,no_media,1,3,2022-12,0.0,0.0,0.0,0,0.0,0,0.0,0,0.0,0,0.0,0,0.0,1,0.5,0,0.0,0,0.0,1,0.5
主役l丈boring乙鬆,2,1,no_media,0,2,2023-06,1.0,0.0,0.0,0,0.0,0,0.0,0,0.0,0,0.0,0,0.0,0,0.0,1,1.0,0,0.0,0,0.0
主持人王旭,2,1,no_media,0,2,2023-02,0.0,0.0,1.0,0,0.0,0,0.0,0,0.0,0,0.0,1,1.0,0,0.0,0,0.0,0,0.0,0,0.0
主播李蔚,2,1,no_media,0,1,2022-11,0.0,0.0,1.0,0,0.0,0,0.0,0,0.0,0,0.0,1,1.0,0,0.0,0,0.0,0,0.0,0,0.0
乂杍,2,1,no_media,2,1,2023-05,0.0,0.0,1.0,0,0.0,0,0.0,0,0.0,0,0.0,1,1.0,0,0.0,0,0.0,0,0.0,0,0.0
久力乡村,4,3,no_media,0,4,2023-02,0.0,0.0,1.0,0,0.0,0,0.0,0,0.0,0,0.0,3,1.0,0,0.0,0,0.0,0,0.0,0,0.0
久鬼,2,1,no_media,0,1,2022-03,1.0,0.0,0.0,0,0.0,0,0.0,0,0.0,1,1.0,0,0.0,0,0.0,0,0.0,0,0.0,0,0.0
么么儿君,2,1,no_media,0,2,2023-09,0.0,0.0,0.0,0,0.0,0,0.0,0,0.0,0,0.0,0,0.0,1,1.0,0,0.0,0,0.0,0,0.0
之江地测师,2,1,no_media,0,2,2024-01,0.0,1.0,0.0,0,0.0,1,1.0,0,0.0,0,0.0,0,0.0,0,0.0,0,0.0,0,0.0,0,0.0
乌云密处的晴空,2,1,no_media,3,2,2023-06,0.0,0.0,0.0,1,1.0,0,0.0,0,0.0,0,0.0,0,0.0,0,0.0,0,0.0,0,0.0,0,0.0
乌兰浩特政法,37,36,mainstream_only,8,32,2020-03,0.027777777777777776,0.027777777777777776,0.9444444444444444,0,0.0,1,0.027777777777777776,0,0.0,1,0.027777777777777776,34,0.9444444444444444,0,0.0,0,0.0,0,0.0,0,0.0
乌尔登鄂,2,1,no_media,0,2,2023-05,0.0,0.0,0.0,0,0.0,0,0.0,0,0.0,0,0.0,0,0.0,1,1.0,0,0.0,0,0.0,0,0.0
乌当区卫生健康局,2,1,no_media,0,2,2023-07,0.0,0.0,1.0,0,0.0,0,0.0,0,0.0,0,0.0,1,1.0,0,0.0,0,0.0,0,0.0,0,0.0
乌有之猫的电波小兔,3,2,no_media,0,3,2023-02,0.5,0.0,0.0,0,0.0,0,0.0,0,0.0,0,0.0,0,0.0,0,0.0,1,0.5,0,0.0,1,0.5
乌鲁木齐县,8,7,no_media,0,6,2023-03,0.0,0.0,1.0,0,0.0,0,0.0,0,0.0,0,0.0,7,1.0,0,0.0,0,0.0,0,0.0,0,0.0
乌鲁木齐晚报,3,2,no_media,0,3,2020-03,0.0,0.0,1.0,0,0.0,0,0.0,0,0.0,0,0.0,2,1.0,0,0.0,0,0.0,0,0.0,0,0.0
乎然Mua_,2,1,no_media,0,2,2024-01,0.0,1.0,0.0,0,0.0,1,1.0,0,0.0,0,0.0,0,0.0,0,0.0,0,0.0,0,0.0,0,0.0
乐7122,3,2,no_media,0,2,2023-08,0.0,0.0,1.0,0,0.0,0,0.0,0,0.0,0,0.0,2,1.0,0,0.0,0,0.0,0,0.0,0,0.0
乐乐明天也很快乐,2,1,no_media,0,2,2023-11,0.0,0.0,0.0,0,0.0,0,0.0,0,0.0,0,0.0,0,0.0,0,0.0,0,0.0,0,0.0,1,1.0
乐享长春,2,1,no_media,0,2,2021-11,0.0,0.0,1.0,0,0.0,0,0.0,0,0.0,0,0.0,1,1.0,0,0.0,0,0.0,0,0.0,0,0.0
乐啤露,2,1,no_media,0,2,2023-02,0.0,0.0,0.0,0,0.0,0,0.0,0,0.0,0,0.0,0,0.0,0,0.0,0,0.0,0,0.0,1,1.0
乐天凌,2,1,no_media,0,2,2020-11,0.0,1.0,0.0,0,0.0,1,1.0,0,0.0,0,0.0,0,0.0,0,0.0,0,0.0,0,0.0,0,0.0
乐山陈晓宇,4,3,no_media,1,4,2022-10,0.0,0.0,1.0,0,0.0,0,0.0,0,0.0,0,0.0,3,1.0,0,0.0,0,0.0,0,0.0,0,0.0
乐更更_,2,1,no_media,0,2,2023-03,0.0,0.0,0.0,0,0.0,0,0.0,0,0.0,0,0.0,0,0.0,0,0.0,0,0.0,1,1.0,0,0.0
乐活仁寿,2,1,no_media,1,2,2022-10,0.0,0.0,1.0,0,0.0,0,0.0,0,0.0,0,0.0,1,1.0,0,0.0,0,0.0,0,0.0,0,0.0
乐生活在贵州,2,1,no_media,0,2,2023-02,0.0,0.0,1.0,0,0.0,0,0.0,0,0.0,0,0.0,1,1.0,0,0.0,0,0.0,0,0.0,0,0.0
乔伊斯-白菜,2,1,no_media,0,2,2023-03,0.0,0.0,0.0,0,0.0,0,0.0,0,0.0,0,0.0,0,0.0,0,0.0,0,0.0,0,0.0,1,1.0
乔治雷伊,2,1,no_media,0,2,2023-06,0.0,0.0,0.0,0,0.0,0,0.0,0,0.0,0,0.0,0,0.0,0,0.0,0,0.0,0,0.0,1,1.0
乖乖小狼,3,2,no_media,1,3,2023-12,0.5,0.5,0.0,0,0.0,1,0.5,0,0.0,1,0.5,0,0.0,0,0.0,0,0.0,0,0.0,0,0.0
乙辰说,3,2,no_media,0,3,2023-05,0.0,0.0,1.0,0,0.0,0,0.0,0,0.0,0,0.0,2,1.0,0,0.0,0,0.0,0,0.0,0,0.0
乙闲,7,6,no_media,0,7,2023-02,0.0,0.0,1.0,0,0.0,0,0.0,0,0.0,0,0.0,6,1.0,0,0.0,0,0.0,0,0.0,0,0.0
九九_75209,2,1,wemedia_only,26,2,2023-07,0.0,0.0,1.0,0,0.0,0,0.0,0,0.0,0,0.0,1,1.0,0,0.0,0,0.0,0,0.0,0,0.0
九天揽月之吃瓜群众,7,6,no_media,2,6,2023-05,0.0,0.0,1.0,0,0.0,0,0.0,0,0.0,0,0.0,6,1.0,0,0.0,0,0.0,0,0.0,0,0.0
九州上医馆,2,1,no_media,0,2,2023-02,0.0,0.0,1.0,0,0.0,0,0.0,0,0.0,0,0.0,1,1.0,0,0.0,0,0.0,0,0.0,0,0.0
九思想丫一丫,2,1,wemedia_only,8,1,2022-03,0.0,1.0,0.0,0,0.0,1,1.0,0,0.0,0,0.0,0,0.0,0,0.0,0,0.0,0,0.0,0,0.0
九江市第一人民医院,2,1,no_media,0,2,2023-03,0.0,0.0,1.0,0,0.0,0,0.0,0,0.0,0,0.0,1,1.0,0,0.0,0,0.0,0,0.0,0,0.0
九泉大宝剑,2,1,no_media,0,2,2023-05,0.0,0.0,0.0,0,0.0,0,0.0,0,0.0,0,0.0,0,0.0,1,1.0,0,0.0,0,0.0,0,0.0
九派新闻,10,9,no_media,0,10,2021-05,0.0,0.0,1.0,0,0.0,0,0.0,0,0.0,0,0.0,9,1.0,0,0.0,0,0.0,0,0.0,0,0.0
九派财经,4,3,no_media,0,3,2023-02,0.0,0.0,1.0,0,0.0,0,0.0,0,0.0,0,0.0,3,1.0,0,0.0,0,0.0,0,0.0,0,0.0
九碎星星糖,2,1,no_media,7,2,2024-12,0.0,0.0,1.0,0,0.0,0,0.0,0,0.0,0,0.0,1,1.0,0,0.0,0,0.0,0,0.0,0,0.0
九碥技术华泰砭石,55,54,no_media,12,46,2022-07,0.018518518518518517,0.018518518518518517,0.9629629629629629,0,0.0,1,0.018518518518518517,0,0.0,1,0.018518518518518517,52,0.9629629629629629,0,0.0,0,0.0,0,0.0,0,0.0
九红东升,13,12,no_media,0,13,2023-03,0.08333333333333333,0.08333333333333333,0.5833333333333334,0,0.0,1,0.08333333333333333,0,0.0,1,0.08333333333333333,7,0.5833333333333334,1,0.08333333333333333,0,0.0,2,0.16666666666666666,0,0.0
乡村爱情研究会,2,1,no_media,0,2,2023-12,0.0,0.0,0.0,0,0.0,0,0.0,0,0.0,0,0.0,0,0.0,0,0.0,0,0.0,1,1.0,0,0.0
乡野经典中医,4,3,no_media,0,4,2022-10,0.0,0.0,1.0,0,0.0,0,0.0,0,0.0,0,0.0,3,1.0,0,0.0,0,0.0,0,0.0,0,0.0
书玄用心选,6,5,wemedia_only,1,6,2025-06,0.2,0.0,0.4,0,0.0,0,0.0,0,0.0,1,0.2,2,0.4,1,0.2,0,0.0,1,0.2,0,0.0
书荣18083413902,4,3,no_media,0,3,2023-04,0.3333333333333333,0.0,0.3333333333333333,1,0.3333333333333333,0,0.0,0,0.0,1,0.3333333333333333,1,0.3333333333333333,0,0.0,0,0.0,0,0.0,0,0.0
书香可人,2,1,no_media,0,2,2022-12,0.0,0.0,1.0,0,0.0,0,0.0,0,0.0,0,0.0,1,1.0,0,0.0,0,0.0,0,0.0,0,0.0
书香程序媛,2,1,no_media,0,2,2022-12,0.0,0.0,0.0,0,0.0,0,0.0,0,0.0,0,0.0,0,0.0,1,1.0,0,0.0,0,0.0,0,0.0
书鱼微历史,2,1,no_media,0,2,2023-03,0.0,0.0,0.0,0,0.0,0,0.0,0,0.0,0,0.0,0,0.0,0,0.0,0,0.0,1,1.0,0,0.0
买一百条狗,2,1,no_media,1,2,2023-03,1.0,0.0,0.0,0,0.0,0,0.0,0,0.0,0,0.0,0,0.0,0,0.0,1,1.0,0,0.0,0,0.0
买提Mytea,2,1,no_media,0,2,2024-08,0.0,0.0,1.0,0,0.0,0,0.0,0,0.0,0,0.0,1,1.0,0,0.0,0,0.0,0,0.0,0,0.0
买男裁的小总孩,2,1,no_media,0,2,2023-04,0.0,0.0,0.0,0,0.0,0,0.0,0,0.0,0,0.0,0,0.0,1,1.0,0,0.0,0,0.0,0,0.0
买臣负薪,4,3,wemedia_only,5,4,2023-05,0.0,0.0,1.0,0,0.0,0,0.0,0,0.0,0,0.0,3,1.0,0,0.0,0,0.0,0,0.0,0,0.0
乳腺肿瘤内科医生莫雪莉,2,1,no_media,0,2,2023-02,0.0,0.0,1.0,0,0.0,0,0.0,0,0.0,0,0.0,1,1.0,0,0.0,0,0.0,0,0.0,0,0.0
乾坤俗子,3,2,wemedia_only,1,3,2023-02,0.0,0.5,0.0,1,0.5,1,0.5,0,0.0,0,0.0,0,0.0,0,0.0,0,0.0,0,0.0,0,0.0
乾坤赢得一闲人,5,4,dual,21,5,2023-03,0.25,0.5,0.0,1,0.25,1,0.25,1,0.25,1,0.25,0,0.0,0,0.0,0,0.0,0,0.0,0,0.0
乾坤风标,6,5,mainstream_only,1,6,2023-07,0.2,0.2,0.6,0,0.0,1,0.2,0,0.0,1,0.2,3,0.6,0,0.0,0,0.0,0,0.0,0,0.0
乾福閣養生堂,3,2,no_media,0,3,2023-12,0.0,0.0,1.0,0,0.0,0,0.0,0,0.0,0,0.0,2,1.0,0,0.0,0,0.0,0,0.0,0,0.0
了不起的中国制造,2,1,no_media,1,1,2022-03,0.0,0.0,1.0,0,0.0,0,0.0,0,0.0,0,0.0,1,1.0,0,0.0,0,0.0,0,0.0,0,0.0
予三省,2,1,no_media,1,1,2022-12,0.0,1.0,0.0,0,0.0,1,1.0,0,0.0,0,0.0,0,0.0,0,0.0,0,0.0,0,0.0,0,0.0
二三__生活,8,7,no_media,0,8,2023-02,0.14285714285714285,0.14285714285714285,0.42857142857142855,0,0.0,1,0.14285714285714285,0,0.0,1,0.14285714285714285,3,0.42857142857142855,1,0.14285714285714285,0,0.0,1,0.14285714285714285,0,0.0
二三里资讯,6,5,no_media,0,6,2022-10,0.0,0.0,1.0,0,0.0,0,0.0,0,0.0,0,0.0,5,1.0,0,0.0,0,0.0,0,0.0,0,0.0
二不廬,7,6,no_media,1,7,2023-02,0.16666666666666666,0.16666666666666666,0.5,1,0.16666666666666666,1,0.16666666666666666,0,0.0,1,0.16666666666666666,3,0.5,0,0.0,0,0.0,0,0.0,0,0.0
二子二法师,2,1,no_media,0,2,2024-10,0.0,0.0,0.0,0,0.0,0,0.0,0,0.0,0,0.0,0,0.0,0,0.0,0,0.0,0,0.0,1,1.0
二梅冲鸭,3,2,no_media,0,3,2023-01,0.0,0.0,0.0,0,0.0,0,0.0,0,0.0,0,0.0,0,0.0,0,0.0,0,0.0,0,0.0,2,1.0
二猪,8,7,mainstream_only,7,6,2023-02,0.14285714285714285,0.2857142857142857,0.2857142857142857,2,0.2857142857142857,2,0.2857142857142857,0,0.0,1,0.14285714285714285,2,0.2857142857142857,0,0.0,0,0.0,0,0.0,0,0.0
于坤琦ykq,4,3,no_media,0,4,2023-12,0.3333333333333333,0.3333333333333333,0.3333333333333333,0,0.0,1,0.3333333333333333,0,0.0,1,0.3333333333333333,1,0.3333333333333333,0,0.0,0,0.0,0,0.0,0,0.0
于晓攀,3,2,no_media,1,3,2022-03,0.0,0.5,0.5,0,0.0,1,0.5,0,0.0,0,0.0,1,0.5,0,0.0,0,0.0,0,0.0,0,0.0
于茗遠,2,1,no_media,0,2,2023-06,0.0,0.0,1.0,0,0.0,0,0.0,0,0.0,0,0.0,1,1.0,0,0.0,0,0.0,0,0.0,0,0.0
云一生100,7,6,no_media,1,6,2023-07,0.3333333333333333,0.3333333333333333,0.16666666666666666,1,0.16666666666666666,2,0.3333333333333333,0,0.0,2,0.3333333333333333,1,0.16666666666666666,0,0.0,0,0.0,0,0.0,0,0.0
云一直都在而真正的你是天空,2,1,no_media,0,2,2023-12,0.0,0.0,1.0,0,0.0,0,0.0,0,0.0,0,0.0,1,1.0,0,0.0,0,0.0,0,0.0,0,0.0
云上深夜快递,2,1,no_media,0,2,2023-02,0.0,0.0,1.0,0,0.0,0,0.0,0,0.0,0,0.0,1,1.0,0,0.0,0,0.0,0,0.0,0,0.0
云上飘摇,2,1,no_media,0,2,2023-03,0.0,0.0,0.0,0,0.0,0,0.0,0,0.0,0,0.0,0,0.0,0,0.0,0,0.0,1,1.0,0,0.0
云中不良人,2,1,no_media,0,2,2023-05,0.0,1.0,0.0,0,0.0,1,1.0,0,0.0,0,0.0,0,0.0,0,0.0,0,0.0,0,0.0,0,0.0
云中雨燕52427,2,1,no_media,0,2,2023-05,0.0,0.0,1.0,0,0.0,0,0.0,0,0.0,0,0.0,1,1.0,0,0.0,0,0.0,0,0.0,0,0.0
云伴心随风,2,1,wemedia_only,4,2,2022-09,0.0,0.0,1.0,0,0.0,0,0.0,0,0.0,0,0.0,1,1.0,0,0.0,0,0.0,0,0.0,0,0.0
云内黄,3,2,no_media,0,1,2022-03,0.5,0.5,0.0,0,0.0,1,0.5,0,0.0,1,0.5,0,0.0,0,0.0,0,0.0,0,0.0,0,0.0
云南健康12320,2,1,no_media,0,2,2023-02,0.0,0.0,1.0,0,0.0,0,0.0,0,0.0,0,0.0,1,1.0,0,0.0,0,0.0,0,0.0,0,0.0
云南发布,18,17,no_media,0,15,2022-03,0.0,0.0,1.0,0,0.0,0,0.0,0,0.0,0,0.0,17,1.0,0,0.0,0,0.0,0,0.0,0,0.0
云南政法,41,40,mainstream_only,3,35,2020-05,0.0,0.0,1.0,0,0.0,0,0.0,0,0.0,0,0.0,40,1.0,0,0.0,0,0.0,0,0.0,0,0.0
云南江川,2,1,no_media,0,2,2023-03,0.0,0.0,1.0,0,0.0,0,0.0,0,0.0,0,0.0,1,1.0,0,0.0,0,0.0,0,0.0,0,0.0
云南法制报,6,5,no_media,0,6,2020-03,0.0,0.0,1.0,0,0.0,0,0.0,0,0.0,0,0.0,5,1.0,0,0.0,0,0.0,0,0.0,0,0.0
云南红河发布,3,2,no_media,0,3,2020-03,0.0,0.0,1.0,0,0.0,0,0.0,0,0.0,0,0.0,2,1.0,0,0.0,0,0.0,0,0.0,0,0.0
云南网,23,22,no_media,0,20,2020-03,0.0,0.0,1.0,0,0.0,0,0.0,0,0.0,0,0.0,22,1.0,0,0.0,0,0.0,0,0.0,0,0.0
云卷云舒拌蜇皮,2,1,no_media,1,2,2024-01,1.0,0.0,0.0,0,0.0,0,0.0,0,0.0,1,1.0,0,0.0,0,0.0,0,0.0,0,0.0,0,0.0
云听APP,3,2,no_media,0,3,2023-02,0.0,0.0,1.0,0,0.0,0,0.0,0,0.0,0,0.0,2,1.0,0,0.0,0,0.0,0,0.0,0,0.0
云听资讯,9,8,no_media,0,9,2023-02,0.0,0.0,1.0,0,0.0,0,0.0,0,0.0,0,0.0,8,1.0,0,0.0,0,0.0,0,0.0,0,0.0
云夏kylin,2,1,no_media,0,1,2022-12,0.0,0.0,0.0,0,0.0,0,0.0,0,0.0,0,0.0,0,0.0,0,0.0,0,0.0,0,0.0,1,1.0
云掸声,5,4,no_media,1,5,2023-02,0.0,0.0,1.0,0,0.0,0,0.0,0,0.0,0,0.0,4,1.0,0,0.0,0,0.0,0,0.0,0,0.0
云朵的妈妈,2,1,no_media,0,2,2023-07,0.0,0.0,1.0,0,0.0,0,0.0,0,0.0,0,0.0,1,1.0,0,0.0,0,0.0,0,0.0,0,0.0
云泉微博,2,1,wemedia_only,3,2,2023-01,0.0,0.0,0.0,0,0.0,0,0.0,0,0.0,0,0.0,0,0.0,0,0.0,0,0.0,1,1.0,0,0.0
云深无羁兔,4,3,no_media,1,4,2023-02,0.3333333333333333,0.3333333333333333,0.0,0,0.0,1,0.3333333333333333,0,0.0,0,0.0,0,0.0,1,0.3333333333333333,1,0.3333333333333333,0,0.0,0,0.0
云现场Live,2,1,no_media,0,1,2022-03,0.0,0.0,1.0,0,0.0,0,0.0,0,0.0,0,0.0,1,1.0,0,0.0,0,0.0,0,0.0,0,0.0
云理食录,2,1,no_media,0,2,2023-08,1.0,0.0,0.0,0,0.0,0,0.0,0,0.0,0,0.0,0,0.0,0,0.0,1,1.0,0,0.0,0,0.0
云经深处,3,2,no_media,0,3,2024-07,0.0,0.0,1.0,0,0.0,0,0.0,0,0.0,0,0.0,2,1.0,0,0.0,0,0.0,0,0.0,0,0.0
云财经,9,8,no_media,0,9,2023-02,0.0,0.0,1.0,0,0.0,0,0.0,0,0.0,0,0.0,8,1.0,0,0.0,0,0.0,0,0.0,0,0.0
云里的蕾蕾,2,1,no_media,0,2,2023-04,1.0,0.0,0.0,0,0.0,0,0.0,0,0.0,1,1.0,0,0.0,0,0.0,0,0.0,0,0.0,0,0.0
互因科技,31,30,no_media,0,27,2021-01,0.03333333333333333,0.03333333333333333,0.9333333333333333,0,0.0,1,0.03333333333333333,0,0.0,1,0.03333333333333333,28,0.9333333333333333,0,0.0,0,0.0,0,0.0,0,0.0
互联网真的好无聊啊,2,1,no_media,0,2,2023-07,0.0,1.0,0.0,0,0.0,0,0.0,1,1.0,0,0.0,0,0.0,0,0.0,0,0.0,0,0.0,0,0.0
互联网考古学在读猫猫,2,1,no_media,0,2,2023-09,0.0,0.0,0.0,0,0.0,0,0.0,0,0.0,0,0.0,0,0.0,0,0.0,0,0.0,1,1.0,0,0.0
五五五五五5个五,8,7,no_media,1,8,2023-02,0.0,0.14285714285714285,0.14285714285714285,0,0.0,1,0.14285714285714285,0,0.0,0,0.0,1,0.14285714285714285,2,0.2857142857142857,0,0.0,1,0.14285714285714285,2,0.2857142857142857
五十哪就知天命呀还是小白菜,2,1,no_media,0,2,2023-05,0.0,0.0,1.0,0,0.0,0,0.0,0,0.0,0,0.0,1,1.0,0,0.0,0,0.0,0,0.0,0,0.0
五四王大可,2,1,no_media,0,2,2023-02,0.0,0.0,0.0,0,0.0,0,0.0,0,0.0,0,0.0,0,0.0,0,0.0,0,0.0,0,0.0,1,1.0
五彩缤纷的黄_,2,1,no_media,0,2,2023-10,0.0,0.0,0.0,0,0.0,0,0.0,0,0.0,0,0.0,0,0.0,1,1.0,0,0.0,0,0.0,0,0.0
五杂堂主,2,1,no_media,0,2,2023-02,0.0,0.0,1.0,0,0.0,0,0.0,0,0.0,0,0.0,1,1.0,0,0.0,0,0.0,0,0.0,0,0.0
五线梦想,3,2,no_media,1,3,2023-02,0.0,0.0,0.0,0,0.0,0,0.0,0,0.0,0,0.0,0,0.0,0,0.0,0,0.0,0,0.0,2,1.0
五线谱的青秧社,2,1,no_media,0,2,2023-06,0.0,0.0,0.0,0,0.0,0,0.0,0,0.0,0,0.0,0,0.0,0,0.0,0,0.0,0,0.0,1,1.0
五行属懒喜金,2,1,no_media,3,2,2022-11,0.0,1.0,0.0,0,0.0,0,0.0,1,1.0,0,0.0,0,0.0,0,0.0,0,0.0,0,0.0,0,0.0
五道口守望者,2,1,no_media,1,1,2024-03,0.0,0.0,1.0,0,0.0,0,0.0,0,0.0,0,0.0,1,1.0,0,0.0,0,0.0,0,0.0,0,0.0
五道沟视点,2,1,wemedia_only,2,2,2023-11,0.0,0.0,1.0,0,0.0,0,0.0,0,0.0,0,0.0,1,1.0,0,0.0,0,0.0,0,0.0,0,0.0
五龙九知,6,5,no_media,2,5,2023-11,0.0,0.0,1.0,0,0.0,0,0.0,0,0.0,0,0.0,5,1.0,0,0.0,0,0.0,0,0.0,0,0.0
井上原子呀,2,1,no_media,0,2,2024-03,0.0,0.0,1.0,0,0.0,0,0.0,0,0.0,0,0.0,1,1.0,0,0.0,0,0.0,0,0.0,0,0.0
井云001,2,1,no_media,1,2,2023-01,0.0,1.0,0.0,0,0.0,0,0.0,1,1.0,0,0.0,0,0.0,0,0.0,0,0.0,0,0.0,0,0.0
井井井宝s,2,1,no_media,0,2,2023-03,0.0,0.0,0.0,0,0.0,0,0.0,0,0.0,0,0.0,0,0.0,0,0.0,0,0.0,0,0.0,1,1.0
亚亚yym,2,1,no_media,0,2,2023-10,1.0,0.0,0.0,0,0.0,0,0.0,0,0.0,0,0.0,0,0.0,0,0.0,1,1.0,0,0.0,0,0.0
亚伦帝尼,2,1,no_media,0,2,2023-09,0.0,0.0,0.0,0,0.0,0,0.0,0,0.0,0,0.0,0,0.0,0,0.0,0,0.0,0,0.0,1,1.0
亚洲经济,11,10,no_media,0,11,2022-03,0.0,0.0,1.0,0,0.0,0,0.0,0,0.0,0,0.0,10,1.0,0,0.0,0,0.0,0,0.0,0,0.0
亚玛利亚钢铁厂,2,1,no_media,0,2,2024-08,1.0,0.0,0.0,0,0.0,0,0.0,0,0.0,0,0.0,0,0.0,0,0.0,1,1.0,0,0.0,0,0.0
亟兮般若,4,3,no_media,12,4,2023-06,0.0,0.0,0.6666666666666666,0,0.0,0,0.0,0,0.0,0,0.0,2,0.6666666666666666,0,0.0,0,0.0,1,0.3333333333333333,0,0.0
亦为往圣继绝学,2,1,no_media,4,2,2022-11,0.0,0.0,0.0,0,0.0,0,0.0,0,0.0,0,0.0,0,0.0,1,1.0,0,0.0,0,0.0,0,0.0
亦灵占星,2,1,mainstream_only,1,1,2022-03,0.0,0.0,1.0,0,0.0,0,0.0,0,0.0,0,0.0,1,1.0,0,0.0,0,0.0,0,0.0,0,0.0
产科王贵芳医生,2,1,no_media,0,2,2024-01,0.0,0.0,1.0,0,0.0,0,0.0,0,0.0,0,0.0,1,1.0,0,0.0,0,0.0,0,0.0,0,0.0
京华同心,2,1,no_media,0,2,2023-04,0.0,0.0,1.0,0,0.0,0,0.0,0,0.0,0,0.0,1,1.0,0,0.0,0,0.0,0,0.0,0,0.0
京城律使,2,1,no_media,0,2,2024-03,0.0,0.0,1.0,0,0.0,0,0.0,0,0.0,0,0.0,1,1.0,0,0.0,0,0.0,0,0.0,0,0.0
京师韦爵爷,2,1,no_media,1,2,2023-04,0.0,0.0,0.0,0,0.0,0,0.0,0,0.0,0,0.0,0,0.0,1,1.0,0,0.0,0,0.0,0,0.0
京杭大运河的书好少好难借,7,6,no_media,4,7,2025-05,0.16666666666666666,0.16666666666666666,0.0,0,0.0,0,0.0,1,0.16666666666666666,0,0.0,0,0.0,0,0.0,1,0.16666666666666666,0,0.0,4,0.6666666666666666
京津冀之声FM1006,8,7,no_media,0,8,2022-12,0.0,0.0,1.0,0,0.0,0,0.0,0,0.0,0,0.0,7,1.0,0,0.0,0,0.0,0,0.0,0,0.0
京猫猫儿007,3,2,no_media,1,3,2023-03,0.0,0.5,0.0,1,0.5,1,0.5,0,0.0,0,0.0,0,0.0,0,0.0,0,0.0,0,0.0,0,0.0
京虎子,11,10,no_media,5,11,2020-11,0.0,0.0,1.0,0,0.0,0,0.0,0,0.0,0,0.0,10,1.0,0,0.0,0,0.0,0,0.0,0,0.0
京西门头沟,4,3,no_media,0,4,2023-02,0.0,0.0,1.0,0,0.0,0,0.0,0,0.0,0,0.0,3,1.0,0,0.0,0,0.0,0,0.0,0,0.0
亮儿亮儿妈妈,3,2,no_media,0,1,2023-03,0.0,0.0,1.0,0,0.0,0,0.0,0,0.0,0,0.0,2,1.0,0,0.0,0,0.0,0,0.0,0,0.0
亮剑鸣007,8,7,mainstream_only,6,5,2024-01,0.0,0.0,1.0,0,0.0,0,0.0,0,0.0,0,0.0,7,1.0,0,0.0,0,0.0,0,0.0,0,0.0
亮姐乐多,2,1,no_media,0,2,2023-02,0.0,0.0,0.0,0,0.0,0,0.0,0,0.0,0,0.0,0,0.0,1,1.0,0,0.0,0,0.0,0,0.0
亲一口就不哭了,2,1,no_media,0,2,2023-08,0.0,0.0,0.0,0,0.0,0,0.0,0,0.0,0,0.0,0,0.0,0,0.0,0,0.0,0,0.0,1,1.0
亲爱的小孩你过来,2,1,no_media,0,2,2023-12,0.0,0.0,0.0,0,0.0,0,0.0,0,0.0,0,0.0,0,0.0,0,0.0,0,0.0,0,0.0,1,1.0
亲爱的花生狸先生,2,1,no_media,0,2,2023-06,0.0,0.0,0.0,1,1.0,0,0.0,0,0.0,0,0.0,0,0.0,0,0.0,0,0.0,0,0.0,0,0.0
亳州发布,5,4,no_media,0,5,2022-10,0.0,0.0,1.0,0,0.0,0,0.0,0,0.0,0,0.0,4,1.0,0,0.0,0,0.0,0,0.0,0,0.0
亳州晚报,22,21,no_media,0,21,2021-02,0.0,0.0,1.0,0,0.0,0,0.0,0,0.0,0,0.0,21,1.0,0,0.0,0,0.0,0,0.0,0,0.0
亳州检察,2,1,no_media,0,2,2023-01,0.0,0.0,1.0,0,0.0,0,0.0,0,0.0,0,0.0,1,1.0,0,0.0,0,0.0,0,0.0,0,0.0
人之初杂志社官方微博,2,1,no_media,0,2,2023-02,0.0,0.0,1.0,0,0.0,0,0.0,0,0.0,0,0.0,1,1.0,0,0.0,0,0.0,0,0.0,0,0.0
人参青果,2,1,no_media,8,2,2023-05,0.0,0.0,0.0,0,0.0,0,0.0,0,0.0,0,0.0,0,0.0,1,1.0,0,0.0,0,0.0,0,0.0
人土土的王大可,2,1,no_media,0,1,2024-01,0.0,0.0,0.0,1,1.0,0,0.0,0,0.0,0,0.0,0,0.0,0,0.0,0,0.0,0,0.0,0,0.0
人大重阳,6,5,no_media,0,6,2023-02,0.0,0.0,1.0,0,0.0,0,0.0,0,0.0,0,0.0,5,1.0,0,0.0,0,0.0,0,0.0,0,0.0
人文智慧珍妮佛,2,1,no_media,0,2,2023-10,0.0,0.0,1.0,0,0.0,0,0.0,0,0.0,0,0.0,1,1.0,0,0.0,0,0.0,0,0.0,0,0.0
人民康养,3,2,no_media,0,2,2023-02,0.0,0.0,1.0,0,0.0,0,0.0,0,0.0,0,0.0,2,1.0,0,0.0,0,0.0,0,0.0,0,0.0
人民政协报,37,36,no_media,0,35,2021-01,0.0,0.0,1.0,0,0.0,0,0.0,0,0.0,0,0.0,36,1.0,0,0.0,0,0.0,0,0.0,0,0.0
人民政协网,24,23,no_media,0,22,2021-12,0.0,0.0,1.0,0,0.0,0,0.0,0,0.0,0,0.0,23,1.0,0,0.0,0,0.0,0,0.0,0,0.0
人民日报,5,4,no_media,0,5,2023-02,0.0,0.0,1.0,0,0.0,0,0.0,0,0.0,0,0.0,4,1.0,0,0.0,0,0.0,0,0.0,0,0.0
人民日报健康客户端,33,32,mainstream_only,1,28,2023-02,0.0,0.0,1.0,0,0.0,0,0.0,0,0.0,0,0.0,32,1.0,0,0.0,0,0.0,0,0.0,0,0.0
人民日报数字传播,2,1,no_media,0,2,2021-08,0.0,0.0,1.0,0,0.0,0,0.0,0,0.0,0,0.0,1,1.0,0,0.0,0,0.0,0,0.0,0,0.0
人民日报海外版-海外网,35,34,no_media,0,35,2020-03,0.058823529411764705,0.058823529411764705,0.8823529411764706,0,0.0,2,0.058823529411764705,0,0.0,2,0.058823529411764705,30,0.8823529411764706,0,0.0,0,0.0,0,0.0,0,0.0
人民网云南频道,7,6,no_media,0,6,2022-03,0.0,0.0,1.0,0,0.0,0,0.0,0,0.0,0,0.0,6,1.0,0,0.0,0,0.0,0,0.0,0,0.0
人民网河南频道,38,37,no_media,0,33,2021-08,0.0,0.0,1.0,0,0.0,0,0.0,0,0.0,0,0.0,37,1.0,0,0.0,0,0.0,0,0.0,0,0.0
人民网海南视窗,3,2,no_media,0,3,2020-03,0.0,0.0,1.0,0,0.0,0,0.0,0,0.0,0,0.0,2,1.0,0,0.0,0,0.0,0,0.0,0,0.0
人民网湖北频道,8,7,no_media,0,8,2021-03,0.0,0.0,1.0,0,0.0,0,0.0,0,0.0,0,0.0,7,1.0,0,0.0,0,0.0,0,0.0,0,0.0
人民网评,2,1,no_media,0,2,2023-03,0.0,0.0,1.0,0,0.0,0,0.0,0,0.0,0,0.0,1,1.0,0,0.0,0,0.0,0,0.0,0,0.0
人民论坛,2,1,no_media,0,2,2020-05,0.0,0.0,1.0,0,0.0,0,0.0,0,0.0,0,0.0,1,1.0,0,0.0,0,0.0,0,0.0,0,0.0
人活着要探索,2,1,no_media,0,2,2023-02,0.0,0.0,0.0,0,0.0,0,0.0,0,0.0,0,0.0,0,0.0,0,0.0,0,0.0,1,1.0,0,0.0
人生下半场2020,2,1,no_media,0,2,2023-12,0.0,0.0,1.0,0,0.0,0,0.0,0,0.0,0,0.0,1,1.0,0,0.0,0,0.0,0,0.0,0,0.0
人生百味7325,2,1,no_media,2,2,2023-07,1.0,0.0,0.0,0,0.0,0,0.0,0,0.0,1,1.0,0,0.0,0,0.0,0,0.0,0,0.0,0,0.0
人生若有重生,3,2,no_media,0,3,2023-05,0.0,0.0,0.0,0,0.0,0,0.0,0,0.0,0,0.0,0,0.0,0,0.0,0,0.0,0,0.0,2,1.0
人生路漫漫支持你摆烂,2,1,no_media,0,2,2023-11,0.0,0.0,0.0,0,0.0,0,0.0,0,0.0,0,0.0,0,0.0,0,0.0,0,0.0,1,1.0,0,0.0
人籍spirit,3,2,dual,4,3,2023-06,0.5,0.5,0.0,0,0.0,1,0.5,0,0.0,1,0.5,0,0.0,0,0.0,0,0.0,0,0.0,0,0.0
人美脸太大头像放不下,39,38,no_media,0,36,2023-02,0.02631578947368421,0.02631578947368421,0.9473684210526315,0,0.0,1,0.02631578947368421,0,0.0,1,0.02631578947368421,36,0.9473684210526315,0,0.0,0,0.0,0,0.0,0,0.0
人间甄宝,2,1,no_media,0,1,2023-02,0.0,0.0,1.0,0,0.0,0,0.0,0,0.0,0,0.0,1,1.0,0,0.0,0,0.0,0,0.0,0,0.0
亿碗小米粥,3,2,no_media,0,3,2023-03,0.5,0.5,0.0,0,0.0,0,0.0,1,0.5,0,0.0,0,0.0,0,0.0,1,0.5,0,0.0,0,0.0
什么滴我,2,1,no_media,2,2,2024-06,0.0,0.0,0.0,0,0.0,0,0.0,0,0.0,0,0.0,0,0.0,1,1.0,0,0.0,0,0.0,0,0.0
仁善-,2,1,no_media,0,2,2023-05,0.0,0.0,0.0,0,0.0,0,0.0,0,0.0,0,0.0,0,0.0,0,0.0,0,0.0,1,1.0,0,0.0
仁寿中医,10,9,no_media,0,10,2023-02,0.0,0.0,1.0,0,0.0,0,0.0,0,0.0,0,0.0,9,1.0,0,0.0,0,0.0,0,0.0,0,0.0
今天也在看文献de阿池,2,1,no_media,0,2,2023-05,1.0,0.0,0.0,0,0.0,0,0.0,0,0.0,0,0.0,0,0.0,0,0.0,1,1.0,0,0.0,0,0.0
今天也想睡够八小时呀,2,1,wemedia_only,4,1,2020-03,0.0,0.0,1.0,0,0.0,0,0.0,0,0.0,0,0.0,1,1.0,0,0.0,0,0.0,0,0.0,0,0.0
今天尹浩宇解约了吗,2,1,no_media,0,2,2023-04,0.0,0.0,0.0,0,0.0,0,0.0,0,0.0,0,0.0,0,0.0,0,0.0,0,0.0,0,0.0,1,1.0
今天我又熬夜了x,5,4,no_media,1,4,2022-12,0.25,0.25,0.5,0,0.0,1,0.25,0,0.0,1,0.25,2,0.5,0,0.0,0,0.0,0,0.0,0,0.0
今天明天都很好,2,1,no_media,0,2,2023-08,0.0,0.0,1.0,0,0.0,0,0.0,0,0.0,0,0.0,1,1.0,0,0.0,0,0.0,0,0.0,0,0.0
今天明明萌萌了mio,2,1,no_media,0,2,2024-10,0.0,0.0,0.0,0,0.0,0,0.0,0,0.0,0,0.0,0,0.0,0,0.0,0,0.0,0,0.0,1,1.0
今天爱生活爱画画了吗,4,3,no_media,1,3,2024-03,0.3333333333333333,0.3333333333333333,0.0,0,0.0,0,0.0,1,0.3333333333333333,1,0.3333333333333333,0,0.0,0,0.0,0,0.0,0,0.0,1,0.3333333333333333
今日俄罗斯RT,10,9,no_media,1,9,2023-03,0.1111111111111111,0.1111111111111111,0.7777777777777778,0,0.0,1,0.1111111111111111,0,0.0,1,0.1111111111111111,7,0.7777777777777778,0,0.0,0,0.0,0,0.0,0,0.0
今日剑川,5,4,mainstream_only,5,5,2023-02,0.0,0.0,1.0,0,0.0,0,0.0,0,0.0,0,0.0,4,1.0,0,0.0,0,0.0,0,0.0,0,0.0
今日女报,22,21,no_media,0,20,2020-03,0.0,0.0,0.9523809523809523,0,0.0,0,0.0,0,0.0,0,0.0,20,0.9523809523809523,1,0.047619047619047616,0,0.0,0,0.0,0,0.0
今日张店,5,4,no_media,0,5,2024-03,0.0,0.0,1.0,0,0.0,0,0.0,0,0.0,0,0.0,4,1.0,0,0.0,0,0.0,0,0.0,0,0.0
今日悉尼,3,2,no_media,0,3,2023-03,0.5,0.5,0.0,0,0.0,1,0.5,0,0.0,1,0.5,0,0.0,0,0.0,0,0.0,0,0.0,0,0.0
今日武汉,2,1,no_media,0,2,2023-03,0.0,0.0,1.0,0,0.0,0,0.0,0,0.0,0,0.0,1,1.0,0,0.0,0,0.0,0,0.0,0,0.0
今日灼见,4,3,no_media,0,4,2022-12,0.0,0.0,1.0,0,0.0,0,0.0,0,0.0,0,0.0,3,1.0,0,0.0,0,0.0,0,0.0,0,0.0
今日珀斯君,3,2,no_media,0,3,2021-04,0.5,0.5,0.0,0,0.0,1,0.5,0,0.0,1,0.5,0,0.0,0,0.0,0,0.0,0,0.0,0,0.0
今渡百川,2,1,no_media,0,2,2023-04,0.0,0.0,1.0,0,0.0,0,0.0,0,0.0,0,0.0,1,1.0,0,0.0,0,0.0,0,0.0,0,0.0
今视频长天新闻,2,1,no_media,0,1,2025-05,1.0,0.0,0.0,0,0.0,0,0.0,0,0.0,1,1.0,0,0.0,0,0.0,0,0.0,0,0.0,0,0.0
从不缺德数码,5,4,no_media,3,5,2022-10,0.25,0.0,0.75,0,0.0,0,0.0,0,0.0,1,0.25,3,0.75,0,0.0,0,0.0,0,0.0,0,0.0
从善如流2021,2,1,wemedia_only,17,2,2022-12,0.0,0.0,1.0,0,0.0,0,0.0,0,0.0,0,0.0,1,1.0,0,0.0,0,0.0,0,0.0,0,0.0
从宇宙黑洞飞出火凤凰,2,1,no_media,0,2,2023-09,0.0,0.0,1.0,0,0.0,0,0.0,0,0.0,0,0.0,1,1.0,0,0.0,0,0.0,0,0.0,0,0.0
仓鼠Stella,2,1,no_media,2,2,2023-08,0.0,0.0,1.0,0,0.0,0,0.0,0,0.0,0,0.0,1,1.0,0,0.0,0,0.0,0,0.0,0,0.0
仓鼠乙巴,2,1,wemedia_only,2,2,2024-05,0.0,1.0,0.0,0,0.0,1,1.0,0,0.0,0,0.0,0,0.0,0,0.0,0,0.0,0,0.0,0,0.0
他们都叫我傻强,2,1,no_media,0,2,2025-04,0.0,0.0,1.0,0,0.0,0,0.0,0,0.0,0,0.0,1,1.0,0,0.0,0,0.0,0,0.0,0,0.0
付亮的竞争情报应用,4,3,no_media,0,4,2021-11,0.0,0.0,1.0,0,0.0,0,0.0,0,0.0,0,0.0,3,1.0,0,0.0,0,0.0,0,0.0,0,0.0
付虹医生,2,1,no_media,0,2,2023-06,0.0,0.0,1.0,0,0.0,0,0.0,0,0.0,0,0.0,1,1.0,0,0.0,0,0.0,0,0.0,0,0.0
仙女er读研与摄影的日常,2,1,no_media,0,2,2023-05,0.0,0.0,0.0,0,0.0,0,0.0,0,0.0,0,0.0,0,0.0,0,0.0,0,0.0,1,1.0,0,0.0
仙桃发布,6,5,no_media,0,5,2022-01,0.0,0.0,1.0,0,0.0,0,0.0,0,0.0,0,0.0,5,1.0,0,0.0,0,0.0,0,0.0,0,0.0
仙芝楼灵芝,5,4,no_media,0,4,2023-02,0.0,0.0,1.0,0,0.0,0,0.0,0,0.0,0,0.0,4,1.0,0,0.0,0,0.0,0,0.0,0,0.0
仙草37號,2,1,no_media,0,2,2023-02,0.0,0.0,0.0,0,0.0,0,0.0,0,0.0,0,0.0,0,0.0,0,0.0,0,0.0,0,0.0,1,1.0
仝华,3,2,no_media,3,2,2022-10,0.0,0.0,1.0,0,0.0,0,0.0,0,0.0,0,0.0,2,1.0,0,0.0,0,0.0,0,0.0,0,0.0
以梦为马逛银河,3,2,no_media,0,3,2023-04,0.5,0.0,0.0,1,0.5,0,0.0,0,0.0,0,0.0,0,0.0,0,0.0,1,0.5,0,0.0,0,0.0
以色列驻成都总领事馆,3,2,no_media,0,3,2023-08,0.0,0.0,1.0,0,0.0,0,0.0,0,0.0,0,0.0,2,1.0,0,0.0,0,0.0,0,0.0,0,0.0
以里_Verdurous_里以,2,1,no_media,4,2,2023-08,0.0,0.0,0.0,1,1.0,0,0.0,0,0.0,0,0.0,0,0.0,0,0.0,0,0.0,0,0.0,0,0.0
仰望弗洛伊德,3,2,no_media,0,3,2023-02,0.0,0.0,1.0,0,0.0,0,0.0,0,0.0,0,0.0,2,1.0,0,0.0,0,0.0,0,0.0,0,0.0
仰止条侯,2,1,no_media,0,1,2022-10,0.0,1.0,0.0,0,0.0,1,1.0,0,0.0,0,0.0,0,0.0,0,0.0,0,0.0,0,0.0,0,0.0
仲夏呓梦,2,1,no_media,0,2,2023-02,0.0,0.0,0.0,0,0.0,0,0.0,0,0.0,0,0.0,0,0.0,0,0.0,0,0.0,0,0.0,1,1.0
仲景私淑_,11,10,no_media,0,11,2023-02,0.0,0.0,1.0,0,0.0,0,0.0,0,0.0,0,0.0,10,1.0,0,0.0,0,0.0,0,0.0,0,0.0
价值投资日志,3,2,no_media,0,3,2020-11,0.0,0.0,1.0,0,0.0,0,0.0,0,0.0,0,0.0,2,1.0,0,0.0,0,0.0,0,0.0,0,0.0
任世光助人,9,8,no_media,0,5,2024-12,0.0,0.0,1.0,0,0.0,0,0.0,0,0.0,0,0.0,8,1.0,0,0.0,0,0.0,0,0.0,0,0.0
任他雨打风吹去20200320,3,2,no_media,2,2,2023-02,0.5,0.5,0.0,0,0.0,0,0.0,1,0.5,0,0.0,0,0.0,0,0.0,1,0.5,0,0.0,0,0.0
任嘉小雪儿,2,1,no_media,0,2,2023-11,0.0,0.0,1.0,0,0.0,0,0.0,0,0.0,0,0.0,1,1.0,0,0.0,0,0.0,0,0.0,0,0.0
任洪道SolarQ,2,1,no_media,0,2,2022-04,0.0,0.0,1.0,0,0.0,0,0.0,0,0.0,0,0.0,1,1.0,0,0.0,0,0.0,0,0.0,0,0.0
任顺禾,2,1,no_media,0,2,2023-02,0.0,0.0,0.0,0,0.0,0,0.0,0,0.0,0,0.0,0,0.0,0,0.0,0,0.0,0,0.0,1,1.0
仿生羊会梦见电子萝卜吗,2,1,mainstream_only,1,2,2023-05,0.0,0.0,0.0,0,0.0,0,0.0,0,0.0,0,0.0,0,0.0,1,1.0,0,0.0,0,0.0,0,0.0
仿生鴉嘴兽,2,1,no_media,0,2,2023-02,0.0,0.0,0.0,0,0.0,0,0.0,0,0.0,0,0.0,0,0.0,0,0.0,0,0.0,0,0.0,1,1.0
伊仕生物美赞医学检验所,6,5,no_media,0,6,2023-02,0.2,0.2,0.6,0,0.0,1,0.2,0,0.0,1,0.2,3,0.6,0,0.0,0,0.0,0,0.0,0,0.0
伊川县融媒体中心,5,4,no_media,0,5,2023-02,0.0,0.0,1.0,0,0.0,0,0.0,0,0.0,0,0.0,4,1.0,0,0.0,0,0.0,0,0.0,0,0.0
伊莲公主,2,1,no_media,0,2,2023-08,0.0,0.0,0.0,0,0.0,0,0.0,0,0.0,0,0.0,0,0.0,0,0.0,0,0.0,0,0.0,1,1.0
伊莹W,2,1,no_media,0,2,2023-02,1.0,0.0,0.0,0,0.0,0,0.0,0,0.0,1,1.0,0,0.0,0,0.0,0,0.0,0,0.0,0,0.0
伊谢尔伦的风,2,1,no_media,0,2,2023-03,0.0,0.0,1.0,0,0.0,0,0.0,0,0.0,0,0.0,1,1.0,0,0.0,0,0.0,0,0.0,0,0.0
伊达班长,2,1,no_media,0,2,2023-05,1.0,0.0,0.0,0,0.0,0,0.0,0,0.0,1,1.0,0,0.0,0,0.0,0,0.0,0,0.0,0,0.0
优冉zide,2,1,no_media,0,2,2023-08,0.0,0.0,0.0,0,0.0,0,0.0,0,0.0,0,0.0,0,0.0,0,0.0,0,0.0,0,0.0,1,1.0
优卡Yuka-,5,4,no_media,0,5,2023-02,0.5,0.25,0.25,0,0.0,1,0.25,0,0.0,1,0.25,1,0.25,0,0.0,1,0.25,0,0.0,0,0.0
优哩哩官方,7,6,no_media,0,5,2024-03,0.0,0.0,1.0,0,0.0,0,0.0,0,0.0,0,0.0,6,1.0,0,0.0,0,0.0,0,0.0,0,0.0
优酱日本整形医美翻译,2,1,no_media,0,2,2023-03,0.0,0.0,1.0,0,0.0,0,0.0,0,0.0,0,0.0,1,1.0,0,0.0,0,0.0,0,0.0,0,0.0
会像西棠一样幸福,2,1,no_media,0,2,2023-03,0.0,0.0,0.0,0,0.0,0,0.0,0,0.0,0,0.0,0,0.0,0,0.0,0,0.0,1,1.0,0,0.0
会宁发布,8,7,no_media,0,7,2020-12,0.0,0.0,1.0,0,0.0,0,0.0,0,0.0,0,0.0,7,1.0,0,0.0,0,0.0,0,0.0,0,0.0
会泽政法,2,1,mainstream_only,5,1,2022-12,0.0,0.0,1.0,0,0.0,0,0.0,0,0.0,0,0.0,1,1.0,0,0.0,0,0.0,0,0.0,0,0.0
会火大叔,2,1,no_media,1,2,2022-12,0.0,0.0,1.0,0,0.0,0,0.0,0,0.0,0,0.0,1,1.0,0,0.0,0,0.0,0,0.0,0,0.0
会组织会组织会组织,2,1,wemedia_only,3,2,2023-02,0.0,0.0,0.0,0,0.0,0,0.0,0,0.0,0,0.0,0,0.0,1,1.0,0,0.0,0,0.0,0,0.0
会飞的loopy,2,1,no_media,1,2,2023-08,0.0,1.0,0.0,0,0.0,1,1.0,0,0.0,0,0.0,0,0.0,0,0.0,0,0.0,0,0.0,0,0.0
传与承丶草莽游侠李英俊,9,8,no_media,4,9,2023-09,0.125,0.125,0.625,0,0.0,1,0.125,0,0.0,1,0.125,5,0.625,1,0.125,0,0.0,0,0.0,0,0.0
传奇韭菜月半,2,1,no_media,0,2,2023-02,0.0,0.0,1.0,0,0.0,0,0.0,0,0.0,0,0.0,1,1.0,0,0.0,0,0.0,0,0.0,0,0.0
传承中医0709,4,3,no_media,2,4,2023-03,0.0,0.0,1.0,0,0.0,0,0.0,0,0.0,0,0.0,3,1.0,0,0.0,0,0.0,0,0.0,0,0.0
传承堂弟子丶万化子,3,2,wemedia_only,8,3,2023-05,0.0,0.0,0.0,0,0.0,0,0.0,0,0.0,0,0.0,0,0.0,1,0.5,0,0.0,1,0.5,0,0.0
传统中医-唐略,5,4,no_media,0,5,2023-08,0.25,0.25,0.25,0,0.0,1,0.25,0,0.0,1,0.25,1,0.25,1,0.25,0,0.0,0,0.0,0,0.0
传统中医梁婧,3,2,no_media,1,3,2023-08,0.0,0.0,1.0,0,0.0,0,0.0,0,0.0,0,0.0,2,1.0,0,0.0,0,0.0,0,0.0,0,0.0
传统中医药马强,2,1,no_media,0,2,2023-02,1.0,0.0,0.0,0,0.0,0,0.0,0,0.0,1,1.0,0,0.0,0,0.0,0,0.0,0,0.0,0,0.0
传统瘦身分享,5,4,no_media,0,4,2023-02,0.0,0.0,1.0,0,0.0,0,0.0,0,0.0,0,0.0,4,1.0,0,0.0,0,0.0,0,0.0,0,0.0
传说otto,6,5,no_media,3,5,2023-01,0.0,0.2,0.2,1,0.2,1,0.2,0,0.0,0,0.0,1,0.2,1,0.2,0,0.0,1,0.2,0,0.0
传说中死去活来的胖子,3,2,no_media,0,3,2023-04,0.0,0.5,0.0,0,0.0,0,0.0,1,0.5,0,0.0,0,0.0,0,0.0,0,0.0,0,0.0,1,0.5
伤太深的左手,2,1,mainstream_only,1,2,2025-01,0.0,0.0,0.0,0,0.0,0,0.0,0,0.0,0,0.0,0,0.0,0,0.0,0,0.0,1,1.0,0,0.0
伯利恒01,2,1,no_media,0,2,2023-03,0.0,0.0,1.0,0,0.0,0,0.0,0,0.0,0,0.0,1,1.0,0,0.0,0,0.0,0,0.0,0,0.0
伯阳先生-段本司,36,35,dual,22,36,2023-02,0.22857142857142856,0.2,0.17142857142857143,6,0.17142857142857143,5,0.14285714285714285,2,0.05714285714285714,7,0.2,6,0.17142857142857143,3,0.08571428571428572,1,0.02857142857142857,4,0.11428571428571428,1,0.02857142857142857
伴你日落月升-SR,2,1,no_media,0,2,2024-02,0.0,0.0,0.0,0,0.0,0,0.0,0,0.0,0,0.0,0,0.0,1,1.0,0,0.0,0,0.0,0,0.0
伴随成长马爸爸,2,1,no_media,0,2,2023-11,0.0,0.0,0.0,0,0.0,0,0.0,0,0.0,0,0.0,0,0.0,0,0.0,0,0.0,1,1.0,0,0.0
伸懒腰的lazy,2,1,no_media,0,2,2023-08,0.0,0.0,0.0,0,0.0,0,0.0,0,0.0,0,0.0,0,0.0,1,1.0,0,0.0,0,0.0,0,0.0
似水年华XMM,2,1,no_media,0,2,2023-05,1.0,0.0,0.0,0,0.0,0,0.0,0,0.0,1,1.0,0,0.0,0,0.0,0,0.0,0,0.0,0,0.0
伽陀仙人_忌休,13,12,no_media,1,12,2023-02,0.08333333333333333,0.08333333333333333,0.08333333333333333,1,0.08333333333333333,0,0.0,1,0.08333333333333333,0,0.0,1,0.08333333333333333,1,0.08333333333333333,1,0.08333333333333333,2,0.16666666666666666,5,0.4166666666666667
但丁Law,2,1,no_media,3,2,2023-08,0.0,0.0,0.0,1,1.0,0,0.0,0,0.0,0,0.0,0,0.0,0,0.0,0,0.0,0,0.0,0,0.0
但少年一瞬心动就永远心动,2,1,no_media,8,2,2023-02,1.0,0.0,0.0,0,0.0,0,0.0,0,0.0,0,0.0,0,0.0,0,0.0,1,1.0,0,0.0,0,0.0
但愿长醉不复醒日日都有好RP,3,2,no_media,3,3,2023-04,0.5,0.5,0.0,0,0.0,1,0.5,0,0.0,1,0.5,0,0.0,0,0.0,0,0.0,0,0.0,0,0.0
但斌,2,1,no_media,0,2,2023-04,0.0,0.0,1.0,0,0.0,0,0.0,0,0.0,0,0.0,1,1.0,0,0.0,0,0.0,0,0.0,0,0.0
低级认知,38,37,no_media,0,37,2023-02,0.05405405405405406,0.05405405405405406,0.8918918918918919,0,0.0,2,0.05405405405405406,0,0.0,2,0.05405405405405406,33,0.8918918918918919,0,0.0,0,0.0,0,0.0,0,0.0
体坛周报,6,5,no_media,0,5,2020-12,0.0,0.0,1.0,0,0.0,0,0.0,0,0.0,0,0.0,5,1.0,0,0.0,0,0.0,0,0.0,0,0.0
体育狂飙,3,2,no_media,0,1,2022-03,0.5,0.5,0.0,0,0.0,1,0.5,0,0.0,1,0.5,0,0.0,0,0.0,0,0.0,0,0.0,0,0.0
何妨笑吟且徐行,2,1,wemedia_only,2,2,2023-05,0.0,1.0,0.0,0,0.0,1,1.0,0,0.0,0,0.0,0,0.0,0,0.0,0,0.0,0,0.0,0,0.0
何珊瑶,3,2,no_media,0,3,2023-04,0.0,0.0,1.0,0,0.0,0,0.0,0,0.0,0,0.0,2,1.0,0,0.0,0,0.0,0,0.0,0,0.0
何裕民,2,1,no_media,0,2,2022-02,0.0,0.0,1.0,0,0.0,0,0.0,0,0.0,0,0.0,1,1.0,0,0.0,0,0.0,0,0.0,0,0.0
何贤桂,4,3,no_media,0,4,2023-08,0.0,0.0,0.0,0,0.0,0,0.0,0,0.0,0,0.0,0,0.0,1,0.3333333333333333,0,0.0,2,0.6666666666666666,0,0.0
余姚梦想家,2,1,no_media,0,2,2023-04,0.0,0.0,0.0,0,0.0,0,0.0,0,0.0,0,0.0,0,0.0,1,1.0,0,0.0,0,0.0,0,0.0
余柑果儿,3,2,mainstream_only,1,3,2023-05,0.5,0.0,0.0,0,0.0,0,0.0,0,0.0,0,0.0,0,0.0,0,0.0,1,0.5,0,0.0,1,0.5
余江发布,3,2,no_media,0,2,2023-11,0.0,0.0,1.0,0,0.0,0,0.0,0,0.0,0,0.0,2,1.0,0,0.0,0,0.0,0,0.0,0,0.0
余生与你风雨同舟,2,1,no_media,0,2,2023-02,1.0,0.0,0.0,0,0.0,0,0.0,0,0.0,1,1.0,0,0.0,0,0.0,0,0.0,0,0.0,0,0.0
佛山市中医院,2,1,no_media,0,2,2023-03,0.0,0.0,1.0,0,0.0,0,0.0,0,0.0,0,0.0,1,1.0,0,0.0,0,0.0,0,0.0,0,0.0
佛心蛊虫2,21,20,wemedia_only,13,20,2023-02,0.25,0.25,0.25,4,0.2,5,0.25,0,0.0,4,0.2,5,0.25,1,0.05,1,0.05,0,0.0,0,0.0
佛门之生,6,5,no_media,0,3,2023-02,0.0,0.0,0.0,5,1.0,0,0.0,0,0.0,0,0.0,0,0.0,0,0.0,0,0.0,0,0.0,0,0.0
作听不懂的样子,2,1,no_media,1,2,2023-12,0.0,0.0,0.0,0,0.0,0,0.0,0,0.0,0,0.0,0,0.0,1,1.0,0,0.0,0,0.0,0,0.0
作家艾瑞思,9,8,mainstream_only,1,9,2023-05,0.0,0.0,1.0,0,0.0,0,0.0,0,0.0,0,0.0,8,1.0,0,0.0,0,0.0,0,0.0,0,0.0
作手WL,2,1,no_media,3,2,2023-07,0.0,0.0,1.0,0,0.0,0,0.0,0,0.0,0,0.0,1,1.0,0,0.0,0,0.0,0,0.0,0,0.0
作手泽文,2,1,no_media,0,2,2023-02,0.0,0.0,0.0,0,0.0,0,0.0,0,0.0,0,0.0,0,0.0,0,0.0,0,0.0,1,1.0,0,0.0
作者夜升,2,1,no_media,3,2,2023-10,0.0,0.0,1.0,0,0.0,0,0.0,0,0.0,0,0.0,1,1.0,0,0.0,0,0.0,0,0.0,0,0.0
作者盛世爱,2,1,no_media,0,2,2023-05,0.0,1.0,0.0,0,0.0,0,0.0,1,1.0,0,0.0,0,0.0,0,0.0,0,0.0,0,0.0,0,0.0
你不喜欢的每一天是三呆的,2,1,no_media,0,2,2023-08,0.0,0.0,0.0,0,0.0,0,0.0,0,0.0,0,0.0,0,0.0,0,0.0,0,0.0,1,1.0,0,0.0
你值得被爱vb,2,1,no_media,1,2,2023-04,0.0,0.0,0.0,0,0.0,0,0.0,0,0.0,0,0.0,0,0.0,0,0.0,0,0.0,0,0.0,1,1.0
你啊啊啊的是田所浩二吗,2,1,no_media,1,2,2023-12,0.0,0.0,1.0,0,0.0,0,0.0,0,0.0,0,0.0,1,1.0,0,0.0,0,0.0,0,0.0,0,0.0
你在看什么喇,2,1,no_media,0,2,2022-10,1.0,0.0,0.0,0,0.0,0,0.0,0,0.0,0,0.0,0,0.0,0,0.0,1,1.0,0,0.0,0,0.0
你太让爸爸失望了,2,1,no_media,3,2,2024-03,0.0,0.0,0.0,0,0.0,0,0.0,0,0.0,0,0.0,0,0.0,1,1.0,0,0.0,0,0.0,0,0.0
你好你好呀你好你好,2,1,no_media,0,1,2022-12,0.0,0.0,1.0,0,0.0,0,0.0,0,0.0,0,0.0,1,1.0,0,0.0,0,0.0,0,0.0,0,0.0
你好台湾网,8,7,no_media,0,6,2021-04,0.14285714285714285,0.14285714285714285,0.7142857142857143,0,0.0,1,0.14285714285714285,0,0.0,1,0.14285714285714285,5,0.7142857142857143,0,0.0,0,0.0,0,0.0,0,0.0
你好呀小果姐,2,1,no_media,4,1,2023-08,0.0,1.0,0.0,0,0.0,1,1.0,0,0.0,0,0.0,0,0.0,0,0.0,0,0.0,0,0.0,0,0.0
你好啊_493,5,4,mainstream_only,5,3,2023-02,0.25,0.0,0.5,1,0.25,0,0.0,0,0.0,1,0.25,2,0.5,0,0.0,0,0.0,0,0.0,0,0.0
你好长沙,2,1,no_media,0,2,2023-02,0.0,0.0,1.0,0,0.0,0,0.0,0,0.0,0,0.0,1,1.0,0,0.0,0,0.0,0,0.0,0,0.0
你想弄死我咋地,4,3,no_media,0,4,2023-01,0.3333333333333333,0.3333333333333333,0.0,0,0.0,1,0.3333333333333333,0,0.0,0,0.0,0,0.0,0,0.0,1,0.3333333333333333,0,0.0,1,0.3333333333333333
你是否也会想起那个夏天,2,1,no_media,0,2,2023-03,0.0,0.0,0.0,0,0.0,0,0.0,0,0.0,0,0.0,0,0.0,0,0.0,0,0.0,0,0.0,1,1.0
你是真的聊爆了,2,1,no_media,1,1,2023-02,0.0,1.0,0.0,0,0.0,0,0.0,1,1.0,0,0.0,0,0.0,0,0.0,0,0.0,0,0.0,0,0.0
你桃野奶,3,2,no_media,0,3,2023-05,0.5,0.0,0.0,0,0.0,0,0.0,0,0.0,0,0.0,0,0.0,0,0.0,1,0.5,0,0.0,1,0.5
你煎饼大爷,2,1,no_media,0,2,2023-06,0.0,0.0,0.0,0,0.0,0,0.0,0,0.0,0,0.0,0,0.0,0,0.0,0,0.0,1,1.0,0,0.0
你猜猜看我到底是谁,2,1,no_media,1,2,2023-08,0.0,0.0,1.0,0,0.0,0,0.0,0,0.0,0,0.0,1,1.0,0,0.0,0,0.0,0,0.0,0,0.0
你的佳yeah,2,1,no_media,0,2,2023-05,0.0,0.0,0.0,0,0.0,0,0.0,0,0.0,0,0.0,0,0.0,0,0.0,0,0.0,0,0.0,1,1.0
你的声音好吵可以轻一点吗,2,1,no_media,0,2,2023-08,0.0,0.0,0.0,0,0.0,0,0.0,0,0.0,0,0.0,0,0.0,1,1.0,0,0.0,0,0.0,0,0.0
你的眼睛是琥珀色的天空,2,1,no_media,0,2,2024-01,0.0,0.0,0.0,0,0.0,0,0.0,0,0.0,0,0.0,0,0.0,0,0.0,0,0.0,1,1.0,0,0.0
你看你成什么亚子,3,2,no_media,1,3,2023-02,0.5,0.5,0.0,0,0.0,0,0.0,1,0.5,0,0.0,0,0.0,0,0.0,1,0.5,0,0.0,0,0.0
你给我冷静,2,1,no_media,0,2,2023-04,1.0,0.0,0.0,0,0.0,0,0.0,0,0.0,0,0.0,0,0.0,0,0.0,1,1.0,0,0.0,0,0.0
你能不能多见见世面,5,4,no_media,0,5,2023-05,0.0,0.0,1.0,0,0.0,0,0.0,0,0.0,0,0.0,4,1.0,0,0.0,0,0.0,0,0.0,0,0.0
你蝶来咯__,2,1,no_media,0,1,2022-12,1.0,0.0,0.0,0,0.0,0,0.0,0,0.0,1,1.0,0,0.0,0,0.0,0,0.0,0,0.0,0,0.0
你讲了我也不听,2,1,no_media,0,2,2023-03,0.0,0.0,0.0,0,0.0,0,0.0,0,0.0,0,0.0,0,0.0,0,0.0,0,0.0,0,0.0,1,1.0
佳一点彗慧,2,1,no_media,0,2,2023-08,0.0,1.0,0.0,0,0.0,0,0.0,1,1.0,0,0.0,0,0.0,0,0.0,0,0.0,0,0.0,0,0.0
佳学基因检测wh,6,5,no_media,0,6,2020-11,0.0,0.0,1.0,0,0.0,0,0.0,0,0.0,0,0.0,5,1.0,0,0.0,0,0.0,0,0.0,0,0.0
佳学基因解码基因检测,4,3,no_media,2,4,2022-12,0.0,0.0,1.0,0,0.0,0,0.0,0,0.0,0,0.0,3,1.0,0,0.0,0,0.0,0,0.0,0,0.0
佳星语聊周期,2,1,no_media,0,2,2023-02,0.0,0.0,1.0,0,0.0,0,0.0,0,0.0,0,0.0,1,1.0,0,0.0,0,0.0,0,0.0,0,0.0
佳木斯广播电视台,2,1,no_media,0,2,2025-05,0.0,0.0,1.0,0,0.0,0,0.0,0,0.0,0,0.0,1,1.0,0,0.0,0,0.0,0,0.0,0,0.0
侃见财经,2,1,no_media,0,2,2024-05,0.0,1.0,0.0,0,0.0,1,1.0,0,0.0,0,0.0,0,0.0,0,0.0,0,0.0,0,0.0,0,0.0
來日誰來問起天高風急雙雙遠飛,2,1,no_media,0,2,2023-02,0.0,0.0,0.0,1,1.0,0,0.0,0,0.0,0,0.0,0,0.0,0,0.0,0,0.0,0,0.0,0,0.0
依依Eva,2,1,no_media,0,2,2024-01,0.0,0.0,0.0,0,0.0,0,0.0,0,0.0,0,0.0,0,0.0,1,1.0,0,0.0,0,0.0,0,0.0
依依淳玲52050,2,1,no_media,0,2,2024-05,0.0,0.0,0.0,0,0.0,0,0.0,0,0.0,0,0.0,0,0.0,1,1.0,0,0.0,0,0.0,0,0.0
依依的1985,6,5,wemedia_only,8,5,2023-02,0.0,0.0,0.6,0,0.0,0,0.0,0,0.0,0,0.0,3,0.6,1,0.2,0,0.0,1,0.2,0,0.0
依依美人团镁镁,2,1,no_media,0,2,2023-05,0.0,0.0,1.0,0,0.0,0,0.0,0,0.0,0,0.0,1,1.0,0,0.0,0,0.0,0,0.0,0,0.0
依凡双馨,14,13,no_media,0,11,2023-02,0.0,0.0,1.0,0,0.0,0,0.0,0,0.0,0,0.0,13,1.0,0,0.0,0,0.0,0,0.0,0,0.0
依家小菲,2,1,no_media,0,2,2023-02,0.0,0.0,1.0,0,0.0,0,0.0,0,0.0,0,0.0,1,1.0,0,0.0,0,0.0,0,0.0,0,0.0
依彤828,2,1,no_media,1,2,2023-01,0.0,0.0,0.0,0,0.0,0,0.0,0,0.0,0,0.0,0,0.0,0,0.0,0,0.0,0,0.0,1,1.0
侠之大者1997,4,3,no_media,0,3,2024-02,0.0,0.0,1.0,0,0.0,0,0.0,0,0.0,0,0.0,3,1.0,0,0.0,0,0.0,0,0.0,0,0.0
侠客岛,14,13,no_media,0,11,2021-02,0.0,0.0,1.0,0,0.0,0,0.0,0,0.0,0,0.0,13,1.0,0,0.0,0,0.0,0,0.0,0,0.0
侠所闻,2,1,no_media,11,2,2023-11,0.0,0.0,1.0,0,0.0,0,0.0,0,0.0,0,0.0,1,1.0,0,0.0,0,0.0,0,0.0,0,0.0
侬刚是伐,3,2,no_media,3,3,2023-05,0.5,0.0,0.5,0,0.0,0,0.0,0,0.0,1,0.5,1,0.5,0,0.0,0,0.0,0,0.0,0,0.0
俄乌网,2,1,no_media,0,2,2024-07,0.0,0.0,1.0,0,0.0,0,0.0,0,0.0,0,0.0,1,1.0,0,0.0,0,0.0,0,0.0,0,0.0
俄亥俄Carolina,7,6,no_media,0,5,2023-02,0.0,0.16666666666666666,0.0,1,0.16666666666666666,0,0.0,1,0.16666666666666666,0,0.0,0,0.0,0,0.0,0,0.0,0,0.0,4,0.6666666666666666
俄罗斯卫星通讯社,6,5,no_media,0,5,2023-02,0.0,0.0,1.0,0,0.0,0,0.0,0,0.0,0,0.0,5,1.0,0,0.0,0,0.0,0,0.0,0,0.0
俊冬主任,3,2,no_media,0,3,2024-02,0.0,0.5,0.5,0,0.0,1,0.5,0,0.0,0,0.0,1,0.5,0,0.0,0,0.0,0,0.0,0,0.0
俗家方丈,2,1,no_media,0,2,2022-03,1.0,0.0,0.0,0,0.0,0,0.0,0,0.0,1,1.0,0,0.0,0,0.0,0,0.0,0,0.0,0,0.0
保佑太升,2,1,no_media,0,2,2023-06,0.0,1.0,0.0,0,0.0,1,1.0,0,0.0,0,0.0,0,0.0,0,0.0,0,0.0,0,0.0,0,0.0
保健大使戴光强,3,2,no_media,0,3,2023-02,0.0,0.0,1.0,0,0.0,0,0.0,0,0.0,0,0.0,2,1.0,0,0.0,0,0.0,0,0.0,0,0.0
保定晚报,9,8,no_media,0,9,2023-02,0.0,0.0,1.0,0,0.0,0,0.0,0,0.0,0,0.0,8,1.0,0,0.0,0,0.0,0,0.0,0,0.0
保山发布,4,3,no_media,0,4,2022-10,0.0,0.0,1.0,0,0.0,0,0.0,0,0.0,0,0.0,3,1.0,0,0.0,0,0.0,0,0.0,0,0.0
信息时报,2,1,no_media,0,2,2025-05,0.0,0.0,1.0,0,0.0,0,0.0,0,0.0,0,0.0,1,1.0,0,0.0,0,0.0,0,0.0,0,0.0
信挚科技,2,1,no_media,0,2,2023-07,0.0,0.0,1.0,0,0.0,0,0.0,0,0.0,0,0.0,1,1.0,0,0.0,0,0.0,0,0.0,0,0.0
信网,2,1,no_media,0,2,2022-10,0.0,0.0,1.0,0,0.0,0,0.0,0,0.0,0,0.0,1,1.0,0,0.0,0,0.0,0,0.0,0,0.0
修勾修勾2,2,1,no_media,0,2,2023-07,0.0,1.0,0.0,0,0.0,1,1.0,0,0.0,0,0.0,0,0.0,0,0.0,0,0.0,0,0.0,0,0.0
修行的围脖,2,1,no_media,0,2,2023-04,0.0,0.0,1.0,0,0.0,0,0.0,0,0.0,0,0.0,1,1.0,0,0.0,0,0.0,0,0.0,0,0.0
倒着数NO_one先生,2,1,no_media,0,2,2023-04,0.0,0.0,1.0,0,0.0,0,0.0,0,0.0,0,0.0,1,1.0,0,0.0,0,0.0,0,0.0,0,0.0
倒转流年忘了你,3,2,no_media,0,3,2025-05,0.5,0.5,0.0,0,0.0,1,0.5,0,0.0,1,0.5,0,0.0,0,0.0,0,0.0,0,0.0,0,0.0
倔丫蛋儿,3,2,no_media,1,3,2023-10,0.0,0.5,0.0,0,0.0,1,0.5,0,0.0,0,0.0,0,0.0,1,0.5,0,0.0,0,0.0,0,0.0
倔犟的秦人,2,1,no_media,0,2,2022-03,0.0,0.0,1.0,0,0.0,0,0.0,0,0.0,0,0.0,1,1.0,0,0.0,0,0.0,0,0.0,0,0.0
倚竹听落茗-是艽艽不是九九,2,1,no_media,1,2,2023-03,1.0,0.0,0.0,0,0.0,0,0.0,0,0.0,0,0.0,0,0.0,0,0.0,1,1.0,0,0.0,0,0.0
借一缕阳光可好,3,2,no_media,0,3,2022-12,0.0,0.0,1.0,0,0.0,0,0.0,0,0.0,0,0.0,2,1.0,0,0.0,0,0.0,0,0.0,0,0.0
倩男游神,5,4,no_media,0,5,2023-12,0.25,0.0,0.25,0,0.0,0,0.0,0,0.0,1,0.25,1,0.25,1,0.25,0,0.0,1,0.25,0,0.0
倪佩婕PeggyNie,37,36,wemedia_only,2,33,2021-03,0.08333333333333333,0.08333333333333333,0.3055555555555556,1,0.027777777777777776,3,0.08333333333333333,0,0.0,1,0.027777777777777776,11,0.3055555555555556,7,0.19444444444444445,2,0.05555555555555555,5,0.1388888888888889,6,0.16666666666666666
倾听指尖,3,2,no_media,0,3,2021-03,0.0,0.5,0.5,0,0.0,1,0.5,0,0.0,0,0.0,1,0.5,0,0.0,0,0.0,0,0.0,0,0.0
倾心豆_,2,1,no_media,0,1,2025-05,0.0,0.0,1.0,0,0.0,0,0.0,0,0.0,0,0.0,1,1.0,0,0.0,0,0.0,0,0.0,0,0.0
假如ID是串乱码,2,1,no_media,0,2,2023-02,0.0,1.0,0.0,0,0.0,1,1.0,0,0.0,0,0.0,0,0.0,0,0.0,0,0.0,0,0.0,0,0.0
假如有来生V,2,1,no_media,0,2,2025-01,0.0,0.0,1.0,0,0.0,0,0.0,0,0.0,0,0.0,1,1.0,0,0.0,0,0.0,0,0.0,0,0.0
假如熊猫会说话,2,1,no_media,0,2,2023-05,0.0,0.0,1.0,0,0.0,0,0.0,0,0.0,0,0.0,1,1.0,0,0.0,0,0.0,0,0.0,0,0.0
假黄钺录尚书事剑履上殿小黑猫,2,1,no_media,0,2,2024-03,1.0,0.0,0.0,0,0.0,0,0.0,0,0.0,1,1.0,0,0.0,0,0.0,0,0.0,0,0.0,0,0.0
偏头痛社区,4,3,no_media,1,4,2022-12,0.0,0.0,0.6666666666666666,0,0.0,0,0.0,0,0.0,0,0.0,2,0.6666666666666666,1,0.3333333333333333,0,0.0,0,0.0,0,0.0
偏执旳咿呀呀,3,2,no_media,0,3,2023-06,0.0,0.0,1.0,0,0.0,0,0.0,0,0.0,0,0.0,2,1.0,0,0.0,0,0.0,0,0.0,0,0.0
偏财主任,2,1,no_media,0,2,2023-05,0.0,0.0,1.0,0,0.0,0,0.0,0,0.0,0,0.0,1,1.0,0,0.0,0,0.0,0,0.0,0,0.0
偏锋走剑,4,3,no_media,0,2,2023-02,0.0,0.0,1.0,0,0.0,0,0.0,0,0.0,0,0.0,3,1.0,0,0.0,0,0.0,0,0.0,0,0.0
做大做强保卫祖国保卫地球冲冲冲,2,1,no_media,0,2,2023-02,0.0,0.0,1.0,0,0.0,0,0.0,0,0.0,0,0.0,1,1.0,0,0.0,0,0.0,0,0.0,0,0.0
做自己的Mars,5,4,no_media,1,5,2023-02,0.25,0.0,0.0,0,0.0,0,0.0,0,0.0,0,0.0,0,0.0,0,0.0,1,0.25,0,0.0,3,0.75
做自我健康主人,2,1,no_media,0,2,2025-01,0.0,0.0,1.0,0,0.0,0,0.0,0,0.0,0,0.0,1,1.0,0,0.0,0,0.0,0,0.0,0,0.0
停止狼狈让错误纯粹,2,1,no_media,0,2,2023-04,0.0,1.0,0.0,0,0.0,0,0.0,1,1.0,0,0.0,0,0.0,0,0.0,0,0.0,0,0.0,0,0.0
健东网上咨询,2,1,no_media,0,2,2023-04,0.0,0.0,0.0,0,0.0,0,0.0,0,0.0,0,0.0,0,0.0,1,1.0,0,0.0,0,0.0,0,0.0
健坤jiankun,2,1,no_media,0,2,2023-02,0.0,0.0,0.0,0,0.0,0,0.0,0,0.0,0,0.0,0,0.0,0,0.0,0,0.0,0,0.0,1,1.0
健康123AAA,2,1,no_media,0,2,2025-01,0.0,0.0,1.0,0,0.0,0,0.0,0,0.0,0,0.0,1,1.0,0,0.0,0,0.0,0,0.0,0,0.0
健康上海12320,5,4,no_media,0,5,2023-03,0.0,0.0,1.0,0,0.0,0,0.0,0,0.0,0,0.0,4,1.0,0,0.0,0,0.0,0,0.0,0,0.0
健康中国,68,67,no_media,0,52,2020-05,0.0,0.0,1.0,0,0.0,0,0.0,0,0.0,0,0.0,67,1.0,0,0.0,0,0.0,0,0.0,0,0.0
健康之初,3,2,no_media,0,3,2022-03,0.0,0.0,1.0,0,0.0,0,0.0,0,0.0,0,0.0,2,1.0,0,0.0,0,0.0,0,0.0,0,0.0
健康公开课,3,2,no_media,0,3,2023-02,0.0,0.0,1.0,0,0.0,0,0.0,0,0.0,0,0.0,2,1.0,0,0.0,0,0.0,0,0.0,0,0.0
健康凯哥,4,3,no_media,0,4,2023-02,0.0,0.0,1.0,0,0.0,0,0.0,0,0.0,0,0.0,3,1.0,0,0.0,0,0.0,0,0.0,0,0.0
健康凯旋医生,2,1,no_media,0,2,2024-12,0.0,0.0,1.0,0,0.0,0,0.0,0,0.0,0,0.0,1,1.0,0,0.0,0,0.0,0,0.0,0,0.0
健康双流,3,2,no_media,1,3,2023-02,0.0,0.0,1.0,0,0.0,0,0.0,0,0.0,0,0.0,2,1.0,0,0.0,0,0.0,0,0.0,0,0.0
健康号角官方微博,2,1,no_media,0,2,2023-02,0.0,0.0,1.0,0,0.0,0,0.0,0,0.0,0,0.0,1,1.0,0,0.0,0,0.0,0,0.0,0,0.0
健康同行栏目,3,2,no_media,0,3,2023-02,0.0,0.0,1.0,0,0.0,0,0.0,0,0.0,0,0.0,2,1.0,0,0.0,0,0.0,0,0.0,0,0.0
健康名医堂,6,5,no_media,0,5,2023-12,0.0,0.0,1.0,0,0.0,0,0.0,0,0.0,0,0.0,5,1.0,0,0.0,0,0.0,0,0.0,0,0.0
健康四川官微,2,1,no_media,0,2,2023-05,0.0,0.0,1.0,0,0.0,0,0.0,0,0.0,0,0.0,1,1.0,0,0.0,0,0.0,0,0.0,0,0.0
健康在关注,3,2,no_media,0,3,2024-03,0.0,0.0,1.0,0,0.0,0,0.0,0,0.0,0,0.0,2,1.0,0,0.0,0,0.0,0,0.0,0,0.0
健康好运酱D姐姐,2,1,wemedia_only,2,2,2023-05,0.0,1.0,0.0,0,0.0,1,1.0,0,0.0,0,0.0,0,0.0,0,0.0,0,0.0,0,0.0,0,0.0
健康安徽,5,4,no_media,0,5,2023-09,0.0,0.0,1.0,0,0.0,0,0.0,0,0.0,0,0.0,4,1.0,0,0.0,0,0.0,0,0.0,0,0.0
健康宜宾,19,18,no_media,0,17,2023-02,0.0,0.0,1.0,0,0.0,0,0.0,0,0.0,0,0.0,18,1.0,0,0.0,0,0.0,0,0.0,0,0.0
健康就是最大的财富_2025版,5,4,no_media,3,5,2023-05,0.25,0.25,0.25,1,0.25,1,0.25,0,0.0,1,0.25,1,0.25,0,0.0,0,0.0,0,0.0,0,0.0
健康广东,28,27,no_media,0,27,2023-02,0.0,0.0,1.0,0,0.0,0,0.0,0,0.0,0,0.0,27,1.0,0,0.0,0,0.0,0,0.0,0,0.0
健康成都官微,15,14,no_media,0,15,2023-02,0.0,0.0,1.0,0,0.0,0,0.0,0,0.0,0,0.0,14,1.0,0,0.0,0,0.0,0,0.0,0,0.0
健康我当家,3,2,no_media,0,3,2023-02,0.0,0.0,1.0,0,0.0,0,0.0,0,0.0,0,0.0,2,1.0,0,0.0,0,0.0,0,0.0,0,0.0
健康房山,6,5,no_media,0,6,2023-02,0.0,0.0,1.0,0,0.0,0,0.0,0,0.0,0,0.0,5,1.0,0,0.0,0,0.0,0,0.0,0,0.0
健康报官方微博,2,1,no_media,0,2,2023-02,0.0,0.0,1.0,0,0.0,0,0.0,0,0.0,0,0.0,1,1.0,0,0.0,0,0.0,0,0.0,0,0.0
健康新海南,15,14,no_media,0,15,2023-02,0.0,0.0,1.0,0,0.0,0,0.0,0,0.0,0,0.0,14,1.0,0,0.0,0,0.0,0,0.0,0,0.0
健康日报,36,35,no_media,0,25,2022-08,0.02857142857142857,0.02857142857142857,0.8857142857142857,2,0.05714285714285714,1,0.02857142857142857,0,0.0,1,0.02857142857142857,31,0.8857142857142857,0,0.0,0,0.0,0,0.0,0,0.0
健康春城,2,1,no_media,0,2,2023-02,0.0,0.0,1.0,0,0.0,0,0.0,0,0.0,0,0.0,1,1.0,0,0.0,0,0.0,0,0.0,0,0.0
健康杭州,3,2,no_media,0,3,2023-02,0.0,0.0,1.0,0,0.0,0,0.0,0,0.0,0,0.0,2,1.0,0,0.0,0,0.0,0,0.0,0,0.0
健康河北官微,10,9,mainstream_only,1,10,2020-03,0.0,0.0,1.0,0,0.0,0,0.0,0,0.0,0,0.0,9,1.0,0,0.0,0,0.0,0,0.0,0,0.0
健康相伴,2,1,no_media,0,2,2023-04,0.0,0.0,1.0,0,0.0,0,0.0,0,0.0,0,0.0,1,1.0,0,0.0,0,0.0,0,0.0,0,0.0
健康知识官,2,1,no_media,0,2,2023-05,0.0,0.0,1.0,0,0.0,0,0.0,0,0.0,0,0.0,1,1.0,0,0.0,0,0.0,0,0.0,0,0.0
健康福建,2,1,no_media,0,1,2023-02,0.0,0.0,1.0,0,0.0,0,0.0,0,0.0,0,0.0,1,1.0,0,0.0,0,0.0,0,0.0,0,0.0
健康积极平安富贵,2,1,mainstream_only,1,2,2023-05,0.0,1.0,0.0,0,0.0,1,1.0,0,0.0,0,0.0,0,0.0,0,0.0,0,0.0,0,0.0,0,0.0
健康管理师紫苏,3,2,no_media,0,3,2023-02,0.0,0.0,1.0,0,0.0,0,0.0,0,0.0,0,0.0,2,1.0,0,0.0,0,0.0,0,0.0,0,0.0
健康美医美,4,3,no_media,0,4,2023-08,0.0,0.0,1.0,0,0.0,0,0.0,0,0.0,0,0.0,3,1.0,0,0.0,0,0.0,0,0.0,0,0.0
健康贵州,2,1,mainstream_only,1,2,2023-05,0.0,0.0,1.0,0,0.0,0,0.0,0,0.0,0,0.0,1,1.0,0,0.0,0,0.0,0,0.0,0,0.0
健康辽宁,2,1,no_media,0,2,2023-04,0.0,0.0,1.0,0,0.0,0,0.0,0,0.0,0,0.0,1,1.0,0,0.0,0,0.0,0,0.0,0,0.0
健康锡山,2,1,no_media,0,2,2023-03,0.0,0.0,1.0,0,0.0,0,0.0,0,0.0,0,0.0,1,1.0,0,0.0,0,0.0,0,0.0,0,0.0
健康闵行,10,9,no_media,0,7,2023-02,0.0,0.0,1.0,0,0.0,0,0.0,0,0.0,0,0.0,9,1.0,0,0.0,0,0.0,0,0.0,0,0.0
健康青海12320,7,6,no_media,0,7,2023-06,0.0,0.0,1.0,0,0.0,0,0.0,0,0.0,0,0.0,6,1.0,0,0.0,0,0.0,0,0.0,0,0.0
健康龙泉驿,6,5,no_media,0,6,2023-02,0.0,0.0,1.0,0,0.0,0,0.0,0,0.0,0,0.0,5,1.0,0,0.0,0,0.0,0,0.0,0,0.0
健忘先锋,3,2,no_media,0,3,2023-02,0.0,0.0,0.0,0,0.0,0,0.0,0,0.0,0,0.0,0,0.0,0,0.0,0,0.0,1,0.5,1,0.5
健识局,20,19,no_media,0,19,2021-04,0.10526315789473684,0.10526315789473684,0.7894736842105263,0,0.0,2,0.10526315789473684,0,0.0,2,0.10526315789473684,15,0.7894736842105263,0,0.0,0,0.0,0,0.0,0,0.0
健身龙Phil-Long,2,1,no_media,0,2,2023-07,0.0,0.0,0.0,0,0.0,0,0.0,0,0.0,0,0.0,0,0.0,1,1.0,0,0.0,0,0.0,0,0.0
偶寄苑,3,2,no_media,0,3,2023-08,0.5,0.5,0.0,0,0.0,1,0.5,0,0.0,1,0.5,0,0.0,0,0.0,0,0.0,0,0.0,0,0.0
傅冯南,2,1,no_media,0,2,2023-08,0.0,0.0,1.0,0,0.0,0,0.0,0,0.0,0,0.0,1,1.0,0,0.0,0,0.0,0,0.0,0,0.0
傅延龄,2,1,no_media,0,2,2023-07,0.0,0.0,1.0,0,0.0,0,0.0,0,0.0,0,0.0,1,1.0,0,0.0,0,0.0,0,0.0,0,0.0
傅松涛,5,4,no_media,0,5,2023-02,0.0,0.0,1.0,0,0.0,0,0.0,0,0.0,0,0.0,4,1.0,0,0.0,0,0.0,0,0.0,0,0.0
催音乖,2,1,no_media,0,2,2023-05,0.0,0.0,0.0,0,0.0,0,0.0,0,0.0,0,0.0,0,0.0,1,1.0,0,0.0,0,0.0,0,0.0
傲娇呆萌云汐汐,2,1,no_media,0,1,2023-06,0.0,0.0,1.0,0,0.0,0,0.0,0,0.0,0,0.0,1,1.0,0,0.0,0,0.0,0,0.0,0,0.0
傲娇的米古月三余,2,1,no_media,0,2,2023-04,0.0,0.0,0.0,0,0.0,0,0.0,0,0.0,0,0.0,0,0.0,0,0.0,0,0.0,1,1.0,0,0.0
傷逝625,2,1,no_media,0,2,2023-02,0.0,1.0,0.0,0,0.0,0,0.0,1,1.0,0,0.0,0,0.0,0,0.0,0,0.0,0,0.0,0,0.0
傻瓜的天才要快乐,2,1,no_media,0,1,2022-12,0.0,0.0,0.0,0,0.0,0,0.0,0,0.0,0,0.0,0,0.0,0,0.0,0,0.0,0,0.0,1,1.0
像猪一样开心02,2,1,wemedia_only,6,2,2024-01,0.0,1.0,0.0,0,0.0,1,1.0,0,0.0,0,0.0,0,0.0,0,0.0,0,0.0,0,0.0,0,0.0
像粗粮一样的apple,2,1,mainstream_only,2,2,2023-02,0.0,1.0,0.0,0,0.0,1,1.0,0,0.0,0,0.0,0,0.0,0,0.0,0,0.0,0,0.0,0,0.0
像素猎手,2,1,no_media,0,2,2025-05,0.0,0.0,1.0,0,0.0,0,0.0,0,0.0,0,0.0,1,1.0,0,0.0,0,0.0,0,0.0,0,0.0
儒家公羊学,2,1,no_media,0,2,2022-12,0.0,0.0,1.0,0,0.0,0,0.0,0,0.0,0,0.0,1,1.0,0,0.0,0,0.0,0,0.0,0,0.0
儿科主任李月萍,3,2,no_media,0,3,2022-12,0.0,0.0,1.0,0,0.0,0,0.0,0,0.0,0,0.0,2,1.0,0,0.0,0,0.0,0,0.0,0,0.0
儿科医生刘华,5,4,no_media,0,5,2023-02,0.0,0.0,1.0,0,0.0,0,0.0,0,0.0,0,0.0,4,1.0,0,0.0,0,0.0,0,0.0,0,0.0
儿科医生李博士,2,1,no_media,0,2,2023-02,0.0,0.0,1.0,0,0.0,0,0.0,0,0.0,0,0.0,1,1.0,0,0.0,0,0.0,0,0.0,0,0.0
儿科医生王志新,5,4,no_media,0,5,2023-03,0.0,0.0,1.0,0,0.0,0,0.0,0,0.0,0,0.0,4,1.0,0,0.0,0,0.0,0,0.0,0,0.0
儿科医生王淑颖,2,1,no_media,2,2,2023-05,0.0,0.0,0.0,0,0.0,0,0.0,0,0.0,0,0.0,0,0.0,0,0.0,0,0.0,1,1.0,0,0.0
儿科医生王青梅,2,1,no_media,0,2,2023-07,0.0,0.0,1.0,0,0.0,0,0.0,0,0.0,0,0.0,1,1.0,0,0.0,0,0.0,0,0.0,0,0.0
儿科医疗总监涂绘玲,2,1,no_media,0,2,2023-05,0.0,0.0,1.0,0,0.0,0,0.0,0,0.0,0,0.0,1,1.0,0,0.0,0,0.0,0,0.0,0,0.0
儿科毛娜副主任,6,5,no_media,0,6,2024-01,0.0,0.0,1.0,0,0.0,0,0.0,0,0.0,0,0.0,5,1.0,0,0.0,0,0.0,0,0.0,0,0.0
儿科王红娟,2,1,no_media,0,2,2024-03,0.0,0.0,1.0,0,0.0,0,0.0,0,0.0,0,0.0,1,1.0,0,0.0,0,0.0,0,0.0,0,0.0
儿童护眼小卫士,2,1,no_media,0,2,2023-05,0.0,0.0,1.0,0,0.0,0,0.0,0,0.0,0,0.0,1,1.0,0,0.0,0,0.0,0,0.0,0,0.0
允恒-回忆-3,3,2,no_media,1,3,2023-11,0.0,0.5,0.0,0,0.0,0,0.0,1,0.5,0,0.0,0,0.0,0,0.0,0,0.0,1,0.5,0,0.0
元久中医,3,2,no_media,0,3,2023-02,0.0,0.0,0.0,0,0.0,0,0.0,0,0.0,0,0.0,0,0.0,1,0.5,0,0.0,1,0.5,0,0.0
元启易道,10,9,no_media,0,8,2023-02,0.0,0.0,1.0,0,0.0,0,0.0,0,0.0,0,0.0,9,1.0,0,0.0,0,0.0,0,0.0,0,0.0
元宝兔兔好运,9,8,wemedia_only,26,9,2023-01,0.0,0.0,1.0,0,0.0,0,0.0,0,0.0,0,0.0,8,1.0,0,0.0,0,0.0,0,0.0,0,0.0
元宝囍囍,2,1,no_media,0,1,2023-10,0.0,0.0,1.0,0,0.0,0,0.0,0,0.0,0,0.0,1,1.0,0,0.0,0,0.0,0,0.0,0,0.0
元岁荣养,10,9,no_media,0,10,2022-04,0.0,0.0,1.0,0,0.0,0,0.0,0,0.0,0,0.0,9,1.0,0,0.0,0,0.0,0,0.0,0,0.0
元气先声合伙人招商中,2,1,no_media,0,1,2023-01,0.0,0.0,0.0,1,1.0,0,0.0,0,0.0,0,0.0,0,0.0,0,0.0,0,0.0,0,0.0,0,0.0
元气植生活馆全国招商,2,1,no_media,0,2,2023-12,0.0,0.0,1.0,0,0.0,0,0.0,0,0.0,0,0.0,1,1.0,0,0.0,0,0.0,0,0.0,0,0.0
元气蔓蔓Oo,2,1,dual,3,2,2023-02,1.0,0.0,0.0,0,0.0,0,0.0,0,0.0,0,0.0,0,0.0,0,0.0,1,1.0,0,0.0,0,0.0
元空医语,2,1,no_media,2,1,2023-08,0.0,0.0,1.0,0,0.0,0,0.0,0,0.0,0,0.0,1,1.0,0,0.0,0,0.0,0,0.0,0,0.0
元素最恨盗号贼,3,2,no_media,2,3,2023-02,0.5,0.5,0.0,0,0.0,1,0.5,0,0.0,1,0.5,0,0.0,0,0.0,0,0.0,0,0.0,0,0.0
元素论道,3,2,wemedia_only,3,3,2022-10,0.0,0.0,0.0,0,0.0,0,0.0,0,0.0,0,0.0,0,0.0,1,0.5,0,0.0,1,0.5,0,0.0
元骋,2,1,dual,5,1,2023-10,0.0,0.0,0.0,0,0.0,0,0.0,0,0.0,0,0.0,0,0.0,0,0.0,0,0.0,0,0.0,1,1.0
先聚焦后改变,29,28,wemedia_only,30,27,2023-04,0.2857142857142857,0.25,0.39285714285714285,0,0.0,5,0.17857142857142858,2,0.07142857142857142,6,0.21428571428571427,11,0.39285714285714285,1,0.03571428571428571,2,0.07142857142857142,1,0.03571428571428571,0,0.0
先锋新闻,3,2,no_media,0,2,2021-03,0.0,0.5,0.5,0,0.0,1,0.5,0,0.0,0,0.0,1,0.5,0,0.0,0,0.0,0,0.0,0,0.0
光之爱MM,6,5,mainstream_only,4,6,2023-04,0.2,0.2,0.6,0,0.0,1,0.2,0,0.0,1,0.2,3,0.6,0,0.0,0,0.0,0,0.0,0,0.0
光头风月,3,2,no_media,2,3,2023-02,0.0,0.5,0.5,0,0.0,1,0.5,0,0.0,0,0.0,1,0.5,0,0.0,0,0.0,0,0.0,0,0.0
光明日报,33,32,no_media,0,32,2020-08,0.0,0.0,1.0,0,0.0,0,0.0,0,0.0,0,0.0,32,1.0,0,0.0,0,0.0,0,0.0,0,0.0
光流影逝,7,6,no_media,0,6,2023-07,0.16666666666666666,0.16666666666666666,0.3333333333333333,0,0.0,0,0.0,1,0.16666666666666666,1,0.16666666666666666,2,0.3333333333333333,0,0.0,0,0.0,2,0.3333333333333333,0,0.0
光照花瓣雨,4,3,no_media,0,4,2023-06,0.0,0.0,0.0,0,0.0,0,0.0,0,0.0,0,0.0,0,0.0,1,0.3333333333333333,0,0.0,1,0.3333333333333333,1,0.3333333333333333
光芒呀光芒,2,1,no_media,0,2,2024-07,1.0,0.0,0.0,0,0.0,0,0.0,0,0.0,1,1.0,0,0.0,0,0.0,0,0.0,0,0.0,0,0.0
兔so星球,3,2,no_media,0,1,2023-06,0.0,0.0,0.5,0,0.0,0,0.0,0,0.0,0,0.0,1,0.5,0,0.0,0,0.0,1,0.5,0,0.0
兔兔吃瓜娱乐,2,1,no_media,0,2,2023-05,0.0,0.0,1.0,0,0.0,0,0.0,0,0.0,0,0.0,1,1.0,0,0.0,0,0.0,0,0.0,0,0.0
兔八歌66,4,3,no_media,3,4,2023-02,0.0,0.0,1.0,0,0.0,0,0.0,0,0.0,0,0.0,3,1.0,0,0.0,0,0.0,0,0.0,0,0.0
兔大哥的虎小妹,2,1,no_media,0,2,2024-03,0.0,1.0,0.0,0,0.0,0,0.0,1,1.0,0,0.0,0,0.0,0,0.0,0,0.0,0,0.0,0,0.0
兔子家的小爱,2,1,no_media,0,2,2023-07,0.0,0.0,0.0,0,0.0,0,0.0,0,0.0,0,0.0,0,0.0,0,0.0,0,0.0,1,1.0,0,0.0
兔玩游戏,5,4,no_media,0,4,2023-06,0.0,0.0,1.0,0,0.0,0,0.0,0,0.0,0,0.0,4,1.0,0,0.0,0,0.0,0,0.0,0,0.0
兔纸今天能摸到鱼吗,2,1,no_media,0,2,2023-05,0.0,0.0,0.0,0,0.0,0,0.0,0,0.0,0,0.0,0,0.0,0,0.0,0,0.0,0,0.0,1,1.0
党报阅览室,6,5,no_media,0,6,2020-11,0.0,0.0,1.0,0,0.0,0,0.0,0,0.0,0,0.0,5,1.0,0,0.0,0,0.0,0,0.0,0,0.0
入江直树的琴子,2,1,no_media,0,2,2024-08,0.0,0.0,0.0,0,0.0,0,0.0,0,0.0,0,0.0,0,0.0,0,0.0,0,0.0,0,0.0,1,1.0
入淮清洛人间欢喜,2,1,mainstream_only,3,2,2024-08,0.0,0.0,1.0,0,0.0,0,0.0,0,0.0,0,0.0,1,1.0,0,0.0,0,0.0,0,0.0,0,0.0
全世界最美的鱼,4,3,no_media,2,4,2023-02,0.3333333333333333,0.0,0.3333333333333333,0,0.0,0,0.0,0,0.0,1,0.3333333333333333,1,0.3333333333333333,0,0.0,0,0.0,1,0.3333333333333333,0,0.0
全世界漂,46,45,wemedia_only,23,42,2023-03,0.2,0.2222222222222222,0.17777777777777778,5,0.1111111111111111,8,0.17777777777777778,2,0.044444444444444446,5,0.1111111111111111,8,0.17777777777777778,7,0.15555555555555556,4,0.08888888888888889,5,0.1111111111111111,1,0.022222222222222223
全仁医务中心TrinityMedical,2,1,no_media,0,2,2023-02,0.0,0.0,1.0,0,0.0,0,0.0,0,0.0,0,0.0,1,1.0,0,0.0,0,0.0,0,0.0,0,0.0
全南发布,15,14,mainstream_only,1,11,2020-04,0.0,0.0,1.0,0,0.0,0,0.0,0,0.0,0,0.0,14,1.0,0,0.0,0,0.0,0,0.0,0,0.0
全国妇联女性之声,12,11,no_media,0,12,2020-04,0.0,0.0,1.0,0,0.0,0,0.0,0,0.0,0,0.0,11,1.0,0,0.0,0,0.0,0,0.0,0,0.0
全国招募高薪试药员,12,11,no_media,0,12,2023-02,0.0,0.0,1.0,0,0.0,0,0.0,0,0.0,0,0.0,11,1.0,0,0.0,0,0.0,0,0.0,0,0.0
全国高薪试药员招募,4,3,no_media,0,4,2023-02,0.0,0.0,1.0,0,0.0,0,0.0,0,0.0,0,0.0,3,1.0,0,0.0,0,0.0,0,0.0,0,0.0
全国高薪试药员招募-黄老师,2,1,no_media,0,2,2023-09,0.0,0.0,1.0,0,0.0,0,0.0,0,0.0,0,0.0,1,1.0,0,0.0,0,0.0,0,0.0,0,0.0
全撸剩饭,4,3,no_media,1,4,2023-08,0.3333333333333333,0.0,0.0,1,0.3333333333333333,0,0.0,0,0.0,0,0.0,0,0.0,0,0.0,1,0.3333333333333333,0,0.0,1,0.3333333333333333
全民wisdom,35,34,dual,11,32,2022-12,0.23529411764705882,0.2647058823529412,0.23529411764705882,6,0.17647058823529413,8,0.23529411764705882,1,0.029411764705882353,8,0.23529411764705882,8,0.23529411764705882,1,0.029411764705882353,0,0.0,2,0.058823529411764705,0,0.0
全球健康药物研发中心-GHDDI,2,1,no_media,0,2,2023-04,0.0,0.0,1.0,0,0.0,0,0.0,0,0.0,0,0.0,1,1.0,0,0.0,0,0.0,0,0.0,0,0.0
全球博客自传第一人,3,2,no_media,0,3,2023-06,0.5,0.0,0.5,0,0.0,0,0.0,0,0.0,1,0.5,1,0.5,0,0.0,0,0.0,0,0.0,0,0.0
全球快乐鸽,13,12,mainstream_only,7,13,2023-02,0.16666666666666666,0.25,0.3333333333333333,2,0.16666666666666666,0,0.0,3,0.25,0,0.0,4,0.3333333333333333,0,0.0,2,0.16666666666666666,1,0.08333333333333333,0,0.0
全网征集,2,1,no_media,0,2,2024-01,0.0,1.0,0.0,0,0.0,0,0.0,1,1.0,0,0.0,0,0.0,0,0.0,0,0.0,0,0.0,0,0.0
八大商人,2,1,no_media,0,2,2023-11,1.0,0.0,0.0,0,0.0,0,0.0,0,0.0,1,1.0,0,0.0,0,0.0,0,0.0,0,0.0,0,0.0
八月前禁止发微博,2,1,wemedia_only,1,2,2023-03,0.0,0.0,0.0,0,0.0,0,0.0,0,0.0,0,0.0,0,0.0,0,0.0,0,0.0,0,0.0,1,1.0
八納KA,2,1,no_media,5,2,2022-12,0.0,0.0,0.0,0,0.0,0,0.0,0,0.0,0,0.0,0,0.0,1,1.0,0,0.0,0,0.0,0,0.0
公务员考试答疑君,2,1,no_media,0,2,2022-08,0.0,0.0,1.0,0,0.0,0,0.0,0,0.0,0,0.0,1,1.0,0,0.0,0,0.0,0,0.0,0,0.0
公司研究室,2,1,no_media,0,2,2023-03,0.0,0.0,1.0,0,0.0,0,0.0,0,0.0,0,0.0,1,1.0,0,0.0,0,0.0,0,0.0,0,0.0
公园里的白牡丹,3,2,no_media,0,3,2023-10,0.0,0.0,1.0,0,0.0,0,0.0,0,0.0,0,0.0,2,1.0,0,0.0,0,0.0,0,0.0,0,0.0
公子云啊,2,1,no_media,3,2,2022-12,0.0,1.0,0.0,0,0.0,0,0.0,1,1.0,0,0.0,0,0.0,0,0.0,0,0.0,0,0.0,0,0.0
公孙清灵,2,1,no_media,0,2,2024-02,0.0,0.0,1.0,0,0.0,0,0.0,0,0.0,0,0.0,1,1.0,0,0.0,0,0.0,0,0.0,0,0.0
公考路上的李three,3,2,no_media,1,3,2024-03,0.0,0.0,0.0,0,0.0,0,0.0,0,0.0,0,0.0,0,0.0,0,0.0,0,0.0,1,0.5,1,0.5
六个点的期货理想,2,1,no_media,0,2,2023-02,0.0,0.0,0.0,0,0.0,0,0.0,0,0.0,0,0.0,0,0.0,1,1.0,0,0.0,0,0.0,0,0.0
六千只羊角面包0-0,2,1,wemedia_only,8,2,2023-07,0.0,0.0,0.0,0,0.0,0,0.0,0,0.0,0,0.0,0,0.0,0,0.0,0,0.0,0,0.0,1,1.0
六叔咨询,11,10,wemedia_only,3,10,2023-02,0.2,0.2,0.4,2,0.2,2,0.2,0,0.0,2,0.2,4,0.4,0,0.0,0,0.0,0,0.0,0,0.0
六安发布,3,2,no_media,0,3,2023-03,0.0,0.0,1.0,0,0.0,0,0.0,0,0.0,0,0.0,2,1.0,0,0.0,0,0.0,0,0.0,0,0.0
六安广播电视台,7,6,no_media,0,7,2020-04,0.0,0.0,1.0,0,0.0,0,0.0,0,0.0,0,0.0,6,1.0,0,0.0,0,0.0,0,0.0,0,0.0
六安新闻网,7,6,no_media,0,7,2021-01,0.0,0.0,1.0,0,0.0,0,0.0,0,0.0,0,0.0,6,1.0,0,0.0,0,0.0,0,0.0,0,0.0
六安新闻网官方微博,2,1,no_media,0,2,2023-03,0.0,0.0,1.0,0,0.0,0,0.0,0,0.0,0,0.0,1,1.0,0,0.0,0,0.0,0,0.0,0,0.0
六盘水网警,3,2,no_media,0,2,2023-02,0.0,0.0,1.0,0,0.0,0,0.0,0,0.0,0,0.0,2,1.0,0,0.0,0,0.0,0,0.0,0,0.0
六经寻集,3,2,mainstream_only,2,3,2023-10,0.5,0.0,0.5,0,0.0,0,0.0,0,0.0,1,0.5,1,0.5,0,0.0,0,0.0,0,0.0,0,0.0
六轴子-,5,4,no_media,0,5,2023-02,0.0,0.0,1.0,0,0.0,0,0.0,0,0.0,0,0.0,4,1.0,0,0.0,0,0.0,0,0.0,0,0.0
兮云云兮,2,1,no_media,0,2,2023-06,0.0,0.0,0.0,0,0.0,0,0.0,0,0.0,0,0.0,0,0.0,0,0.0,0,0.0,0,0.0,1,1.0
兰州发布,15,14,no_media,0,14,2020-03,0.0,0.0,1.0,0,0.0,0,0.0,0,0.0,0,0.0,14,1.0,0,0.0,0,0.0,0,0.0,0,0.0
兰州安宁,9,8,no_media,0,9,2023-02,0.0,0.0,1.0,0,0.0,0,0.0,0,0.0,0,0.0,8,1.0,0,0.0,0,0.0,0,0.0,0,0.0
兰州新区发布,22,21,no_media,0,19,2022-01,0.0,0.0,1.0,0,0.0,0,0.0,0,0.0,0,0.0,21,1.0,0,0.0,0,0.0,0,0.0,0,0.0
兰州检察,6,5,no_media,0,6,2022-07,0.0,0.0,1.0,0,0.0,0,0.0,0,0.0,0,0.0,5,1.0,0,0.0,0,0.0,0,0.0,0,0.0
兰州石化总医院官方,2,1,no_media,0,2,2023-02,0.0,0.0,1.0,0,0.0,0,0.0,0,0.0,0,0.0,1,1.0,0,0.0,0,0.0,0,0.0,0,0.0
兰院长讲心理,18,17,wemedia_only,11,13,2022-12,0.23529411764705882,0.29411764705882354,0.29411764705882354,2,0.11764705882352941,5,0.29411764705882354,0,0.0,3,0.17647058823529413,5,0.29411764705882354,1,0.058823529411764705,1,0.058823529411764705,0,0.0,0,0.0
兰香远,5,4,no_media,0,5,2023-02,0.0,0.0,0.0,0,0.0,0,0.0,0,0.0,0,0.0,0,0.0,1,0.25,0,0.0,2,0.5,1,0.25
共生源,2,1,no_media,0,2,2025-06,0.0,0.0,1.0,0,0.0,0,0.0,0,0.0,0,0.0,1,1.0,0,0.0,0,0.0,0,0.0,0,0.0
共研网,2,1,no_media,0,2,2024-08,0.0,0.0,1.0,0,0.0,0,0.0,0,0.0,0,0.0,1,1.0,0,0.0,0,0.0,0,0.0,0,0.0
共青团大连市委,3,2,no_media,0,3,2023-03,0.0,0.0,1.0,0,0.0,0,0.0,0,0.0,0,0.0,2,1.0,0,0.0,0,0.0,0,0.0,0,0.0
关于爱丽丝的故事,2,1,wemedia_only,3,2,2022-12,0.0,0.0,0.0,0,0.0,0,0.0,0,0.0,0,0.0,0,0.0,0,0.0,0,0.0,0,0.0,1,1.0
关怀的天文世界,3,2,no_media,0,3,2023-05,0.0,0.5,0.5,0,0.0,1,0.5,0,0.0,0,0.0,1,0.5,0,0.0,0,0.0,0,0.0,0,0.0
关注世间冷暖,2,1,no_media,0,2,2023-03,0.0,0.0,1.0,0,0.0,0,0.0,0,0.0,0,0.0,1,1.0,0,0.0,0,0.0,0,0.0,0,0.0
兴火暖,5,4,wemedia_only,4,4,2023-03,0.0,0.25,0.0,3,0.75,1,0.25,0,0.0,0,0.0,0,0.0,0,0.0,0,0.0,0,0.0,0,0.0
兵团号,2,1,no_media,0,2,2020-08,0.0,0.0,1.0,0,0.0,0,0.0,0,0.0,0,0.0,1,1.0,0,0.0,0,0.0,0,0.0,0,0.0
兵团日报,4,3,no_media,0,4,2020-07,0.0,0.0,1.0,0,0.0,0,0.0,0,0.0,0,0.0,3,1.0,0,0.0,0,0.0,0,0.0,0,0.0
其实是谁都不重要,3,2,no_media,0,3,2023-02,0.5,0.5,0.0,0,0.0,0,0.0,1,0.5,0,0.0,0,0.0,0,0.0,1,0.5,0,0.0,0,0.0
养无极牌补肺丸,4,3,no_media,0,4,2023-02,0.0,0.0,1.0,0,0.0,0,0.0,0,0.0,0,0.0,3,1.0,0,0.0,0,0.0,0,0.0,0,0.0
养生沐雪,2,1,no_media,0,2,2023-05,0.0,0.0,1.0,0,0.0,0,0.0,0,0.0,0,0.0,1,1.0,0,0.0,0,0.0,0,0.0,0,0.0
养生的红豆,2,1,no_media,1,2,2023-08,0.0,0.0,1.0,0,0.0,0,0.0,0,0.0,0,0.0,1,1.0,0,0.0,0,0.0,0,0.0,0,0.0
养生长寿V,4,3,no_media,0,4,2023-06,0.0,0.0,1.0,0,0.0,0,0.0,0,0.0,0,0.0,3,1.0,0,0.0,0,0.0,0,0.0,0,0.0
兽医陈满福,4,3,no_media,0,4,2022-08,0.0,0.0,1.0,0,0.0,0,0.0,0,0.0,0,0.0,3,1.0,0,0.0,0,0.0,0,0.0,0,0.0
冀看点,2,1,no_media,0,2,2022-12,0.0,0.0,1.0,0,0.0,0,0.0,0,0.0,0,0.0,1,1.0,0,0.0,0,0.0,0,0.0,0,0.0
内分泌顾锋,3,2,wemedia_only,2,2,2023-02,0.0,0.0,1.0,0,0.0,0,0.0,0,0.0,0,0.0,2,1.0,0,0.0,0,0.0,0,0.0,0,0.0
内含子,2,1,no_media,0,2,2023-10,0.0,0.0,1.0,0,0.0,0,0.0,0,0.0,0,0.0,1,1.0,0,0.0,0,0.0,0,0.0,0,0.0
内幕live_9zov,2,1,no_media,0,2,2024-07,0.0,1.0,0.0,0,0.0,1,1.0,0,0.0,0,0.0,0,0.0,0,0.0,0,0.0,0,0.0,0,0.0
内科茹大夫,8,7,no_media,0,8,2023-09,0.0,0.0,1.0,0,0.0,0,0.0,0,0.0,0,0.0,7,1.0,0,0.0,0,0.0,0,0.0,0,0.0
内蒙古日报,90,89,no_media,0,56,2021-02,0.0,0.0,1.0,0,0.0,0,0.0,0,0.0,0,0.0,89,1.0,0,0.0,0,0.0,0,0.0,0,0.0
内蒙古晨报,35,34,no_media,0,31,2020-03,0.029411764705882353,0.029411764705882353,0.8529411764705882,1,0.029411764705882353,1,0.029411764705882353,0,0.0,1,0.029411764705882353,29,0.8529411764705882,1,0.029411764705882353,0,0.0,1,0.029411764705882353,0,0.0
内蒙古观察,2,1,no_media,0,1,2022-10,0.0,0.0,1.0,0,0.0,0,0.0,0,0.0,0,0.0,1,1.0,0,0.0,0,0.0,0,0.0,0,0.0
内蒙古长安网,11,10,no_media,0,11,2020-04,0.0,0.0,1.0,0,0.0,0,0.0,0,0.0,0,0.0,10,1.0,0,0.0,0,0.0,0,0.0,0,0.0
内蒙古青年,4,3,no_media,0,4,2023-02,0.0,0.0,1.0,0,0.0,0,0.0,0,0.0,0,0.0,3,1.0,0,0.0,0,0.0,0,0.0,0,0.0
内镜满医生,2,1,mainstream_only,1,2,2023-09,0.0,0.0,1.0,0,0.0,0,0.0,0,0.0,0,0.0,1,1.0,0,0.0,0,0.0,0,0.0,0,0.0
册亨头条,2,1,no_media,0,2,2023-02,0.0,0.0,1.0,0,0.0,0,0.0,0,0.0,0,0.0,1,1.0,0,0.0,0,0.0,0,0.0,0,0.0
再不早睡就是five,2,1,no_media,0,2,2023-03,0.0,0.0,0.0,0,0.0,0,0.0,0,0.0,0,0.0,0,0.0,0,0.0,0,0.0,1,1.0,0,0.0
再见谷雨YU,2,1,mainstream_only,1,2,2023-02,0.0,1.0,0.0,0,0.0,1,1.0,0,0.0,0,0.0,0,0.0,0,0.0,0,0.0,0,0.0,0,0.0
写小说手记,3,2,no_media,0,3,2023-03,0.0,0.5,0.0,1,0.5,1,0.5,0,0.0,0,0.0,0,0.0,0,0.0,0,0.0,0,0.0,0,0.0
军哥聊商业,2,1,no_media,0,2,2023-02,0.0,0.0,1.0,0,0.0,0,0.0,0,0.0,0,0.0,1,1.0,0,0.0,0,0.0,0,0.0,0,0.0
军机不可泄露,2,1,no_media,0,2,2022-08,0.0,0.0,1.0,0,0.0,0,0.0,0,0.0,0,0.0,1,1.0,0,0.0,0,0.0,0,0.0,0,0.0
农业科技报V,3,2,no_media,0,3,2021-11,0.0,0.0,1.0,0,0.0,0,0.0,0,0.0,0,0.0,2,1.0,0,0.0,0,0.0,0,0.0,0,0.0
农家大橘123,2,1,no_media,0,2,2024-01,0.0,0.0,1.0,0,0.0,0,0.0,0,0.0,0,0.0,1,1.0,0,0.0,0,0.0,0,0.0,0,0.0
农林卫视,2,1,no_media,0,2,2023-02,0.0,0.0,1.0,0,0.0,0,0.0,0,0.0,0,0.0,1,1.0,0,0.0,0,0.0,0,0.0,0,0.0
农民日报,18,17,no_media,0,15,2022-01,0.0,0.0,1.0,0,0.0,0,0.0,0,0.0,0,0.0,17,1.0,0,0.0,0,0.0,0,0.0,0,0.0
冠波背景辐射,2,1,no_media,4,2,2023-10,0.0,1.0,0.0,0,0.0,1,1.0,0,0.0,0,0.0,0,0.0,0,0.0,0,0.0,0,0.0,0,0.0
冬亚,2,1,no_media,1,2,2025-02,0.0,1.0,0.0,0,0.0,1,1.0,0,0.0,0,0.0,0,0.0,0,0.0,0,0.0,0,0.0,0,0.0
冬凌草168,4,3,no_media,0,4,2023-03,0.0,0.0,1.0,0,0.0,0,0.0,0,0.0,0,0.0,3,1.0,0,0.0,0,0.0,0,0.0,0,0.0
冬天春游,3,2,no_media,0,1,2022-12,0.5,0.5,0.0,0,0.0,1,0.5,0,0.0,0,0.0,0,0.0,0,0.0,1,0.5,0,0.0,0,0.0
冬日暖阳86323,4,3,wemedia_only,27,4,2023-03,0.0,0.0,1.0,0,0.0,0,0.0,0,0.0,0,0.0,3,1.0,0,0.0,0,0.0,0,0.0,0,0.0
冬爱种花,5,4,no_media,0,5,2023-03,0.0,0.0,0.25,0,0.0,0,0.0,0,0.0,0,0.0,1,0.25,1,0.25,0,0.0,1,0.25,1,0.25
冬食萝卜夏吃姜,9,8,no_media,0,9,2023-03,0.125,0.125,0.125,1,0.125,0,0.0,1,0.125,1,0.125,1,0.125,1,0.125,0,0.0,1,0.125,2,0.25
冰临神下的微博,2,1,no_media,2,2,2023-02,0.0,0.0,1.0,0,0.0,0,0.0,0,0.0,0,0.0,1,1.0,0,0.0,0,0.0,0,0.0,0,0.0
冰冰Orz,2,1,no_media,0,2,2024-03,0.0,1.0,0.0,0,0.0,0,0.0,1,1.0,0,0.0,0,0.0,0,0.0,0,0.0,0,0.0,0,0.0
冰妃袭阳,2,1,no_media,0,2,2023-06,0.0,1.0,0.0,0,0.0,1,1.0,0,0.0,0,0.0,0,0.0,0,0.0,0,0.0,0,0.0,0,0.0
冰寒,4,3,no_media,0,4,2023-02,0.0,0.0,0.0,0,0.0,0,0.0,0,0.0,0,0.0,0,0.0,1,0.3333333333333333,0,0.0,1,0.3333333333333333,1,0.3333333333333333
冰彬兵,2,1,no_media,0,2,2023-03,0.0,0.0,1.0,0,0.0,0,0.0,0,0.0,0,0.0,1,1.0,0,0.0,0,0.0,0,0.0,0,0.0
冰雪伦儿,2,1,no_media,0,2,2023-08,0.0,0.0,0.0,0,0.0,0,0.0,0,0.0,0,0.0,0,0.0,1,1.0,0,0.0,0,0.0,0,0.0
冰雪来吐槽_265,2,1,no_media,0,2,2023-04,0.0,0.0,0.0,0,0.0,0,0.0,0,0.0,0,0.0,0,0.0,0,0.0,0,0.0,0,0.0,1,1.0
冰雪说股,2,1,no_media,0,2,2023-02,0.0,0.0,0.0,0,0.0,0,0.0,0,0.0,0,0.0,0,0.0,0,0.0,0,0.0,0,0.0,1,1.0
冲浪新知,4,3,no_media,0,4,2022-10,0.0,0.0,1.0,0,0.0,0,0.0,0,0.0,0,0.0,3,1.0,0,0.0,0,0.0,0,0.0,0,0.0
决定退休之后跳大神的Nic,2,1,no_media,0,2,2023-03,0.0,0.0,0.0,0,0.0,0,0.0,0,0.0,0,0.0,0,0.0,0,0.0,0,0.0,0,0.0,1,1.0
决绝的鱼,2,1,no_media,3,2,2023-02,0.0,0.0,1.0,0,0.0,0,0.0,0,0.0,0,0.0,1,1.0,0,0.0,0,0.0,0,0.0,0,0.0
冷cool的面团,2,1,no_media,0,2,2023-12,0.0,0.0,0.0,0,0.0,0,0.0,0,0.0,0,0.0,0,0.0,1,1.0,0,0.0,0,0.0,0,0.0
冷冷哒哒哒,2,1,no_media,0,2,2023-05,0.0,0.0,0.0,0,0.0,0,0.0,0,0.0,0,0.0,0,0.0,0,0.0,0,0.0,1,1.0,0,0.0
冷心市民艾斯女士,2,1,no_media,0,2,2023-08,0.0,0.0,1.0,0,0.0,0,0.0,0,0.0,0,0.0,1,1.0,0,0.0,0,0.0,0,0.0,0,0.0
冷月如霜,2,1,no_media,0,2,2023-03,0.0,0.0,1.0,0,0.0,0,0.0,0,0.0,0,0.0,1,1.0,0,0.0,0,0.0,0,0.0,0,0.0
冷月如霜疏花影,2,1,no_media,1,2,2024-07,0.0,1.0,0.0,0,0.0,0,0.0,1,1.0,0,0.0,0,0.0,0,0.0,0,0.0,0,0.0,0,0.0
冷水君-,2,1,no_media,1,2,2023-02,0.0,0.0,0.0,0,0.0,0,0.0,0,0.0,0,0.0,0,0.0,0,0.0,0,0.0,0,0.0,1,1.0
净心见如来,2,1,no_media,0,2,2023-05,0.0,0.0,1.0,0,0.0,0,0.0,0,0.0,0,0.0,1,1.0,0,0.0,0,0.0,0,0.0,0,0.0
凉山公安,3,2,mainstream_only,1,3,2023-02,0.0,0.0,1.0,0,0.0,0,0.0,0,0.0,0,0.0,2,1.0,0,0.0,0,0.0,0,0.0,0,0.0
凉山政务,2,1,no_media,0,2,2023-03,0.0,0.0,1.0,0,0.0,0,0.0,0,0.0,0,0.0,1,1.0,0,0.0,0,0.0,0,0.0,0,0.0
凉州融媒,3,2,no_media,0,3,2023-02,0.0,0.0,1.0,0,0.0,0,0.0,0,0.0,0,0.0,2,1.0,0,0.0,0,0.0,0,0.0,0,0.0
凌天舞动,2,1,mainstream_only,1,2,2020-11,0.0,0.0,1.0,0,0.0,0,0.0,0,0.0,0,0.0,1,1.0,0,0.0,0,0.0,0,0.0,0,0.0
凌富贵的小叮当,2,1,no_media,0,2,2022-07,0.0,0.0,1.0,0,0.0,0,0.0,0,0.0,0,0.0,1,1.0,0,0.0,0,0.0,0,0.0,0,0.0
凌水听涛,2,1,dual,3,2,2024-08,0.0,0.0,1.0,0,0.0,0,0.0,0,0.0,0,0.0,1,1.0,0,0.0,0,0.0,0,0.0,0,0.0
凌灵棱,7,6,mainstream_only,4,7,2023-10,0.16666666666666666,0.16666666666666666,0.3333333333333333,1,0.16666666666666666,0,0.0,1,0.16666666666666666,0,0.0,2,0.3333333333333333,0,0.0,1,0.16666666666666666,1,0.16666666666666666,0,0.0
凌秋玲_,8,7,no_media,0,8,2023-02,0.0,0.0,1.0,0,0.0,0,0.0,0,0.0,0,0.0,7,1.0,0,0.0,0,0.0,0,0.0,0,0.0
凌雁医生-儿童心脏病,2,1,no_media,0,2,2023-09,0.0,0.0,1.0,0,0.0,0,0.0,0,0.0,0,0.0,1,1.0,0,0.0,0,0.0,0,0.0,0,0.0
减脂总教练冬妈,2,1,no_media,0,2,2024-12,0.0,0.0,1.0,0,0.0,0,0.0,0,0.0,0,0.0,1,1.0,0,0.0,0,0.0,0,0.0,0,0.0
凔海之泪,2,1,no_media,0,2,2022-10,0.0,1.0,0.0,0,0.0,1,1.0,0,0.0,0,0.0,0,0.0,0,0.0,0,0.0,0,0.0,0,0.0
几几先先,3,2,no_media,0,3,2023-11,0.0,0.0,1.0,0,0.0,0,0.0,0,0.0,0,0.0,2,1.0,0,0.0,0,0.0,0,0.0,0,0.0
几里里不拐歪,2,1,no_media,0,2,2023-07,0.0,0.0,0.0,0,0.0,0,0.0,0,0.0,0,0.0,0,0.0,0,0.0,0,0.0,0,0.0,1,1.0
凡人歌词是以内,2,1,no_media,1,2,2023-11,0.0,0.0,1.0,0,0.0,0,0.0,0,0.0,0,0.0,1,1.0,0,0.0,0,0.0,0,0.0,0,0.0
凡妈就是韩姐,2,1,no_media,0,2,2023-02,1.0,0.0,0.0,0,0.0,0,0.0,0,0.0,0,0.0,0,0.0,0,0.0,1,1.0,0,0.0,0,0.0
凤凰_静观其变,2,1,no_media,0,2,2023-03,0.0,0.0,0.0,1,1.0,0,0.0,0,0.0,0,0.0,0,0.0,0,0.0,0,0.0,0,0.0,0,0.0
凤凰卫视,70,69,no_media,0,65,2020-03,0.014492753623188406,0.014492753623188406,0.9565217391304348,1,0.014492753623188406,1,0.014492753623188406,0,0.0,1,0.014492753623188406,66,0.9565217391304348,0,0.0,0,0.0,0,0.0,0,0.0
凤凰卫视欧洲台,15,14,no_media,0,14,2020-03,0.0,0.0,1.0,0,0.0,0,0.0,0,0.0,0,0.0,14,1.0,0,0.0,0,0.0,0,0.0,0,0.0
凤凰卫视美洲台,10,9,no_media,0,8,2021-02,0.1111111111111111,0.1111111111111111,0.7777777777777778,0,0.0,1,0.1111111111111111,0,0.0,1,0.1111111111111111,7,0.7777777777777778,0,0.0,0,0.0,0,0.0,0,0.0
凤凰周刊,3,2,no_media,0,3,2020-03,0.0,0.0,1.0,0,0.0,0,0.0,0,0.0,0,0.0,2,1.0,0,0.0,0,0.0,0,0.0,0,0.0
凤凰大健康,13,12,no_media,0,12,2023-02,0.16666666666666666,0.16666666666666666,0.5833333333333334,1,0.08333333333333333,2,0.16666666666666666,0,0.0,2,0.16666666666666666,7,0.5833333333333334,0,0.0,0,0.0,0,0.0,0,0.0
凤凰李淼,2,1,no_media,0,2,2022-07,0.0,1.0,0.0,0,0.0,1,1.0,0,0.0,0,0.0,0,0.0,0,0.0,0,0.0,0,0.0,0,0.0
凤凰网,7,6,no_media,0,7,2022-12,0.16666666666666666,0.0,0.8333333333333334,0,0.0,0,0.0,0,0.0,1,0.16666666666666666,5,0.8333333333333334,0,0.0,0,0.0,0,0.0,0,0.0
凤凰网健康,50,49,no_media,0,42,2020-04,0.02040816326530612,0.02040816326530612,0.9591836734693877,0,0.0,1,0.02040816326530612,0,0.0,1,0.02040816326530612,47,0.9591836734693877,0,0.0,0,0.0,0,0.0,0,0.0
凤凰网娱乐,5,4,no_media,0,5,2020-03,0.0,0.0,1.0,0,0.0,0,0.0,0,0.0,0,0.0,4,1.0,0,0.0,0,0.0,0,0.0,0,0.0
凤凰网旅游,9,8,no_media,0,9,2020-06,0.0,0.0,1.0,0,0.0,0,0.0,0,0.0,0,0.0,8,1.0,0,0.0,0,0.0,0,0.0,0,0.0
凤凰网湖北,2,1,no_media,0,1,2023-05,0.0,0.0,1.0,0,0.0,0,0.0,0,0.0,0,0.0,1,1.0,0,0.0,0,0.0,0,0.0,0,0.0
凤凰网科技,19,18,no_media,0,19,2020-05,0.0,0.0,0.8888888888888888,0,0.0,0,0.0,0,0.0,0,0.0,16,0.8888888888888888,1,0.05555555555555555,0,0.0,1,0.05555555555555555,0,0.0
凤凰网美食,2,1,no_media,0,2,2023-12,0.0,0.0,1.0,0,0.0,0,0.0,0,0.0,0,0.0,1,1.0,0,0.0,0,0.0,0,0.0,0,0.0
凤凰网视频,13,12,no_media,0,11,2020-03,0.0,0.0,1.0,0,0.0,0,0.0,0,0.0,0,0.0,12,1.0,0,0.0,0,0.0,0,0.0,0,0.0
凤凰鉴证组FH,7,6,no_media,0,4,2022-03,0.0,0.0,1.0,0,0.0,0,0.0,0,0.0,0,0.0,6,1.0,0,0.0,0,0.0,0,0.0,0,0.0
凤城之声,2,1,no_media,0,2,2023-06,0.0,1.0,0.0,0,0.0,1,1.0,0,0.0,0,0.0,0,0.0,0,0.0,0,0.0,0,0.0,0,0.0
凤影焰,7,6,no_media,2,7,2023-02,0.3333333333333333,0.3333333333333333,0.16666666666666666,1,0.16666666666666666,2,0.3333333333333333,0,0.0,2,0.3333333333333333,1,0.16666666666666666,0,0.0,0,0.0,0,0.0,0,0.0
凤梨休假只想吃睡睡吃,2,1,no_media,2,2,2023-01,0.0,0.0,0.0,0,0.0,0,0.0,0,0.0,0,0.0,0,0.0,0,0.0,0,0.0,0,0.0,1,1.0
凯特琳与紫罗兰,2,1,no_media,0,2,2023-05,0.0,1.0,0.0,0,0.0,0,0.0,1,1.0,0,0.0,0,0.0,0,0.0,0,0.0,0,0.0,0,0.0
凯雷,5,4,no_media,5,4,2023-02,0.0,0.0,1.0,0,0.0,0,0.0,0,0.0,0,0.0,4,1.0,0,0.0,0,0.0,0,0.0,0,0.0
凶狠残暴榴盲兔,2,1,wemedia_only,2,2,2024-05,1.0,0.0,0.0,0,0.0,0,0.0,0,0.0,1,1.0,0,0.0,0,0.0,0,0.0,0,0.0,0,0.0
出版人周筠,10,9,wemedia_only,1,10,2023-02,0.1111111111111111,0.1111111111111111,0.7777777777777778,0,0.0,1,0.1111111111111111,0,0.0,1,0.1111111111111111,7,0.7777777777777778,0,0.0,0,0.0,0,0.0,0,0.0
刀一刃刃,2,1,no_media,0,2,2023-12,0.0,0.0,0.0,0,0.0,0,0.0,0,0.0,0,0.0,0,0.0,0,0.0,0,0.0,0,0.0,1,1.0
刀塔阿彬,3,2,no_media,0,3,2023-06,0.0,0.5,0.0,0,0.0,0,0.0,1,0.5,0,0.0,0,0.0,0,0.0,0,0.0,0,0.0,1,0.5
分宜发布,18,17,no_media,0,17,2020-04,0.0,0.0,1.0,0,0.0,0,0.0,0,0.0,0,0.0,17,1.0,0,0.0,0,0.0,0,0.0,0,0.0
切仔1025,20,19,wemedia_only,19,20,2023-04,0.21052631578947367,0.21052631578947367,0.47368421052631576,2,0.10526315789473684,4,0.21052631578947367,0,0.0,4,0.21052631578947367,9,0.47368421052631576,0,0.0,0,0.0,0,0.0,0,0.0
列车通往圈内路,2,1,no_media,0,2,2023-06,0.0,0.0,1.0,0,0.0,0,0.0,0,0.0,0,0.0,1,1.0,0,0.0,0,0.0,0,0.0,0,0.0
刘备的女儿刘胸毛,2,1,no_media,0,2,2023-07,0.0,0.0,0.0,0,0.0,0,0.0,0,0.0,0,0.0,0,0.0,0,0.0,0,0.0,0,0.0,1,1.0
刘子微_,5,4,no_media,0,4,2024-04,0.0,0.0,1.0,0,0.0,0,0.0,0,0.0,0,0.0,4,1.0,0,0.0,0,0.0,0,0.0,0,0.0
刘子微工作室,23,22,no_media,0,12,2023-11,0.0,0.0,1.0,0,0.0,0,0.0,0,0.0,0,0.0,22,1.0,0,0.0,0,0.0,0,0.0,0,0.0
刘学义一眼万年,2,1,no_media,0,2,2023-09,0.0,0.0,0.0,0,0.0,0,0.0,0,0.0,0,0.0,0,0.0,0,0.0,0,0.0,0,0.0,1,1.0
刘帅168,2,1,no_media,0,2,2023-05,0.0,0.0,1.0,0,0.0,0,0.0,0,0.0,0,0.0,1,1.0,0,0.0,0,0.0,0,0.0,0,0.0
刘平,5,4,no_media,0,5,2023-02,0.0,0.0,1.0,0,0.0,0,0.0,0,0.0,0,0.0,4,1.0,0,0.0,0,0.0,0,0.0,0,0.0
刘广涛健康说,15,14,no_media,0,9,2023-09,0.0,0.0,1.0,0,0.0,0,0.0,0,0.0,0,0.0,14,1.0,0,0.0,0,0.0,0,0.0,0,0.0
刘建冬北京,2,1,no_media,0,2,2023-05,0.0,0.0,1.0,0,0.0,0,0.0,0,0.0,0,0.0,1,1.0,0,0.0,0,0.0,0,0.0,0,0.0
刘思缈就是不秃头回窝了,2,1,no_media,0,2,2023-02,0.0,0.0,0.0,0,0.0,0,0.0,0,0.0,0,0.0,0,0.0,1,1.0,0,0.0,0,0.0,0,0.0
刘怡惠-营养师,6,5,no_media,0,6,2025-01,0.0,0.0,1.0,0,0.0,0,0.0,0,0.0,0,0.0,5,1.0,0,0.0,0,0.0,0,0.0,0,0.0
刘敏主任,2,1,no_media,0,1,2024-08,0.0,0.0,1.0,0,0.0,0,0.0,0,0.0,0,0.0,1,1.0,0,0.0,0,0.0,0,0.0,0,0.0
刘新吾,4,3,no_media,0,4,2023-02,0.0,0.0,1.0,0,0.0,0,0.0,0,0.0,0,0.0,3,1.0,0,0.0,0,0.0,0,0.0,0,0.0
刘朔滕-治咳,2,1,no_media,0,2,2023-06,1.0,0.0,0.0,0,0.0,0,0.0,0,0.0,1,1.0,0,0.0,0,0.0,0,0.0,0,0.0,0,0.0
刘木芳大月亮,4,3,no_media,0,4,2023-05,0.0,0.0,0.3333333333333333,0,0.0,0,0.0,0,0.0,0,0.0,1,0.3333333333333333,1,0.3333333333333333,0,0.0,1,0.3333333333333333,0,0.0
刘枪枪的猪头三生活,4,3,wemedia_only,3,2,2024-02,0.0,0.0,0.3333333333333333,0,0.0,0,0.0,0,0.0,0,0.0,1,0.3333333333333333,0,0.0,0,0.0,1,0.3333333333333333,1,0.3333333333333333
刘沛诚PearsonLIU,5,4,no_media,0,5,2024-04,0.0,0.25,0.75,0,0.0,1,0.25,0,0.0,0,0.0,3,0.75,0,0.0,0,0.0,0,0.0,0,0.0
刘海军300,2,1,no_media,0,2,2023-02,0.0,0.0,1.0,0,0.0,0,0.0,0,0.0,0,0.0,1,1.0,0,0.0,0,0.0,0,0.0,0,0.0
刘继兴,3,2,no_media,2,3,2022-01,0.0,0.0,0.5,0,0.0,0,0.0,0,0.0,0,0.0,1,0.5,1,0.5,0,0.0,0,0.0,0,0.0
刘通789,15,14,no_media,0,6,2025-04,0.0,0.0,1.0,0,0.0,0,0.0,0,0.0,0,0.0,14,1.0,0,0.0,0,0.0,0,0.0,0,0.0
刚洗完澡还没吹干,2,1,no_media,3,2,2023-02,0.0,0.0,1.0,0,0.0,0,0.0,0,0.0,0,0.0,1,1.0,0,0.0,0,0.0,0,0.0,0,0.0
创语生命,2,1,no_media,0,2,2023-03,0.0,0.0,1.0,0,0.0,0,0.0,0,0.0,0,0.0,1,1.0,0,0.0,0,0.0,0,0.0,0,0.0
初夏四人团六方赚全国招商,3,2,no_media,0,3,2023-02,0.5,0.5,0.0,0,0.0,1,0.5,0,0.0,1,0.5,0,0.0,0,0.0,0,0.0,0,0.0,0,0.0
初晓敏,3,2,no_media,0,3,2023-05,0.0,0.0,1.0,0,0.0,0,0.0,0,0.0,0,0.0,2,1.0,0,0.0,0,0.0,0,0.0,0,0.0
初桃椿茶祎,2,1,no_media,0,1,2024-07,0.0,0.0,0.0,1,1.0,0,0.0,0,0.0,0,0.0,0,0.0,0,0.0,0,0.0,0,0.0,0,0.0
利刃空天,2,1,no_media,0,1,2025-03,0.0,0.0,1.0,0,0.0,0,0.0,0,0.0,0,0.0,1,1.0,0,0.0,0,0.0,0,0.0,0,0.0
利璧加,2,1,no_media,0,2,2023-05,0.0,0.0,0.0,0,0.0,0,0.0,0,0.0,0,0.0,0,0.0,0,0.0,0,0.0,1,1.0,0,0.0
利维坦一号机,3,2,no_media,0,3,2024-01,0.0,0.0,0.0,0,0.0,0,0.0,0,0.0,0,0.0,0,0.0,0,0.0,0,0.0,1,0.5,1,0.5
别如玥,2,1,no_media,0,2,2023-05,0.0,0.0,0.0,0,0.0,0,0.0,0,0.0,0,0.0,0,0.0,1,1.0,0,0.0,0,0.0,0,0.0
别安安叫小安,2,1,no_media,0,2,2023-12,0.0,0.0,0.0,0,0.0,0,0.0,0,0.0,0,0.0,0,0.0,0,0.0,0,0.0,0,0.0,1,1.0
别打我猪屁股,2,1,mainstream_only,2,2,2025-05,0.0,0.0,1.0,0,0.0,0,0.0,0,0.0,0,0.0,1,1.0,0,0.0,0,0.0,0,0.0,0,0.0
别梦依稀笑逝川,4,3,no_media,1,4,2022-12,0.3333333333333333,0.0,0.6666666666666666,0,0.0,0,0.0,0,0.0,1,0.3333333333333333,2,0.6666666666666666,0,0.0,0,0.0,0,0.0,0,0.0
别琪负软萌的阳仔,2,1,no_media,0,2,2023-02,0.0,0.0,1.0,0,0.0,0,0.0,0,0.0,0,0.0,1,1.0,0,0.0,0,0.0,0,0.0,0,0.0
别礼猪狗,2,1,no_media,0,1,2024-03,0.0,0.0,1.0,0,0.0,0,0.0,0,0.0,0,0.0,1,1.0,0,0.0,0,0.0,0,0.0,0,0.0
到处不存在的肉桂姐,2,1,no_media,0,1,2023-12,0.0,0.0,0.0,0,0.0,0,0.0,0,0.0,0,0.0,0,0.0,0,0.0,0,0.0,0,0.0,1,1.0
到时间我就睡觉啦,3,2,no_media,0,3,2023-03,0.5,0.0,0.0,0,0.0,0,0.0,0,0.0,0,0.0,0,0.0,1,0.5,1,0.5,0,0.0,0,0.0
制心一处万物同频,15,14,mainstream_only,18,15,2023-05,0.14285714285714285,0.14285714285714285,0.14285714285714285,0,0.0,1,0.07142857142857142,1,0.07142857142857142,1,0.07142857142857142,2,0.14285714285714285,3,0.21428571428571427,1,0.07142857142857142,3,0.21428571428571427,2,0.14285714285714285
券商中国,21,20,no_media,0,19,2020-05,0.05,0.05,0.9,0,0.0,1,0.05,0,0.0,1,0.05,18,0.9,0,0.0,0,0.0,0,0.0,0,0.0
刺客五个六个七,2,1,no_media,3,2,2022-11,0.0,0.0,1.0,0,0.0,0,0.0,0,0.0,0,0.0,1,1.0,0,0.0,0,0.0,0,0.0,0,0.0
前门国医堂,4,3,no_media,0,3,2023-07,0.0,0.0,0.6666666666666666,0,0.0,0,0.0,0,0.0,0,0.0,2,0.6666666666666666,1,0.3333333333333333,0,0.0,0,0.0,0,0.0
剑客2046,3,2,dual,2,3,2023-02,0.0,0.0,1.0,0,0.0,0,0.0,0,0.0,0,0.0,2,1.0,0,0.0,0,0.0,0,0.0,0,0.0
剑胆琴心TCM,2,1,no_media,0,2,2023-04,0.0,0.0,1.0,0,0.0,0,0.0,0,0.0,0,0.0,1,1.0,0,0.0,0,0.0,0,0.0,0,0.0
剡羽咩咩游戏寡妇,2,1,no_media,0,2,2023-05,0.0,0.0,0.0,0,0.0,0,0.0,0,0.0,0,0.0,0,0.0,0,0.0,0,0.0,0,0.0,1,1.0
剧综学姐,3,2,no_media,0,3,2023-06,0.0,0.5,0.5,0,0.0,1,0.5,0,0.0,0,0.0,1,0.5,0,0.0,0,0.0,0,0.0,0,0.0
力氧空间高压氧舱,2,1,no_media,0,2,2023-03,0.0,0.0,1.0,0,0.0,0,0.0,0,0.0,0,0.0,1,1.0,0,0.0,0,0.0,0,0.0,0,0.0
劝你小欣一点,2,1,no_media,0,1,2023-06,0.0,0.0,1.0,0,0.0,0,0.0,0,0.0,0,0.0,1,1.0,0,0.0,0,0.0,0,0.0,0,0.0
动感936,4,3,no_media,0,4,2020-03,0.0,0.0,1.0,0,0.0,0,0.0,0,0.0,0,0.0,3,1.0,0,0.0,0,0.0,0,0.0,0,0.0
动机资本,5,4,no_media,1,4,2023-05,0.0,0.0,1.0,0,0.0,0,0.0,0,0.0,0,0.0,4,1.0,0,0.0,0,0.0,0,0.0,0,0.0
动漫小老虎,15,14,no_media,0,10,2023-11,0.07142857142857142,0.07142857142857142,0.7142857142857143,1,0.07142857142857142,0,0.0,1,0.07142857142857142,1,0.07142857142857142,10,0.7142857142857143,0,0.0,0,0.0,1,0.07142857142857142,0,0.0
动静贵州,12,11,no_media,0,11,2020-03,0.0,0.0,1.0,0,0.0,0,0.0,0,0.0,0,0.0,11,1.0,0,0.0,0,0.0,0,0.0,0,0.0
努力修炼的Lily,2,1,no_media,0,1,2022-12,0.0,0.0,0.0,0,0.0,0,0.0,0,0.0,0,0.0,0,0.0,0,0.0,0,0.0,0,0.0,1,1.0
努力做自己MDY,2,1,no_media,0,2,2024-08,0.0,0.0,0.0,1,1.0,0,0.0,0,0.0,0,0.0,0,0.0,0,0.0,0,0.0,0,0.0,0,0.0
努力才能甩开sb,2,1,no_media,0,2,2022-03,0.0,1.0,0.0,0,0.0,1,1.0,0,0.0,0,0.0,0,0.0,0,0.0,0,0.0,0,0.0,0,0.0
努力生长的小花花,3,2,no_media,3,2,2023-01,0.0,0.0,0.0,0,0.0,0,0.0,0,0.0,0,0.0,0,0.0,0,0.0,0,0.0,0,0.0,2,1.0
励志,2,1,no_media,0,2,2020-11,0.0,0.0,1.0,0,0.0,0,0.0,0,0.0,0,0.0,1,1.0,0,0.0,0,0.0,0,0.0,0,0.0
劳动午报,2,1,no_media,0,2,2023-11,0.0,0.0,1.0,0,0.0,0,0.0,0,0.0,0,0.0,1,1.0,0,0.0,0,0.0,0,0.0,0,0.0
劳模二号,5,4,no_media,2,3,2022-12,0.25,0.25,0.25,1,0.25,1,0.25,0,0.0,1,0.25,1,0.25,0,0.0,0,0.0,0,0.0,0,0.0
劳资要吃螺蛳粉,2,1,no_media,2,2,2023-06,0.0,0.0,0.0,1,1.0,0,0.0,0,0.0,0,0.0,0,0.0,0,0.0,0,0.0,0,0.0,0,0.0
勃事导师老宫医生,3,2,wemedia_only,1,3,2023-02,0.0,0.0,0.5,0,0.0,0,0.0,0,0.0,0,0.0,1,0.5,1,0.5,0,0.0,0,0.0,0,0.0
勇敢的往前走吧,2,1,dual,5,2,2023-06,0.0,1.0,0.0,0,0.0,1,1.0,0,0.0,0,0.0,0,0.0,0,0.0,0,0.0,0,0.0,0,0.0
勇敢的那菈,2,1,no_media,0,2,2023-02,0.0,0.0,0.0,0,0.0,0,0.0,0,0.0,0,0.0,0,0.0,0,0.0,0,0.0,0,0.0,1,1.0
勇者企鹅,2,1,wemedia_only,2,2,2024-04,0.0,0.0,1.0,0,0.0,0,0.0,0,0.0,0,0.0,1,1.0,0,0.0,0,0.0,0,0.0,0,0.0
勉逸思尘,2,1,mainstream_only,2,2,2023-05,1.0,0.0,0.0,0,0.0,0,0.0,0,0.0,1,1.0,0,0.0,0,0.0,0,0.0,0,0.0,0,0.0
勒呦尬,2,1,no_media,0,2,2023-03,0.0,0.0,0.0,0,0.0,0,0.0,0,0.0,0,0.0,0,0.0,0,0.0,0,0.0,0,0.0,1,1.0
勤劳的哈密瓜味儿小蜜蜂,2,1,no_media,0,2,2023-05,0.0,0.0,0.0,0,0.0,0,0.0,0,0.0,0,0.0,0,0.0,0,0.0,0,0.0,1,1.0,0,0.0
勤勤淳朴,3,2,no_media,4,3,2024-09,0.0,0.0,1.0,0,0.0,0,0.0,0,0.0,0,0.0,2,1.0,0,0.0,0,0.0,0,0.0,0,0.0
勤奋的VV118,2,1,no_media,0,2,2023-03,0.0,0.0,0.0,0,0.0,0,0.0,0,0.0,0,0.0,0,0.0,0,0.0,0,0.0,1,1.0,0,0.0
勾陈苍苍风玄武,3,2,no_media,1,3,2024-03,0.5,0.5,0.0,0,0.0,1,0.5,0,0.0,1,0.5,0,0.0,0,0.0,0,0.0,0,0.0,0,0.0
勿忘我gg1995,2,1,no_media,0,2,2022-03,0.0,0.0,1.0,0,0.0,0,0.0,0,0.0,0,0.0,1,1.0,0,0.0,0,0.0,0,0.0,0,0.0
包包饱饱抱宝,2,1,no_media,1,2,2024-12,1.0,0.0,0.0,0,0.0,0,0.0,0,0.0,1,1.0,0,0.0,0,0.0,0,0.0,0,0.0,0,0.0
包头新闻网,17,16,no_media,0,16,2020-04,0.0,0.0,1.0,0,0.0,0,0.0,0,0.0,0,0.0,16,1.0,0,0.0,0,0.0,0,0.0,0,0.0
包子2号机,2,1,no_media,0,2,2023-03,0.0,0.0,0.0,0,0.0,0,0.0,0,0.0,0,0.0,0,0.0,0,0.0,0,0.0,0,0.0,1,1.0
包小姐,3,2,no_media,0,3,2023-07,0.0,0.0,1.0,0,0.0,0,0.0,0,0.0,0,0.0,2,1.0,0,0.0,0,0.0,0,0.0,0,0.0
包融媒,4,3,no_media,0,4,2023-05,0.0,0.0,1.0,0,0.0,0,0.0,0,0.0,0,0.0,3,1.0,0,0.0,0,0.0,0,0.0,0,0.0
化妆师安树,5,4,no_media,2,3,2024-05,0.0,0.25,0.75,0,0.0,1,0.25,0,0.0,0,0.0,3,0.75,0,0.0,0,0.0,0,0.0,0,0.0
北七家努涅斯,3,2,no_media,3,3,2023-06,0.5,0.0,0.0,0,0.0,0,0.0,0,0.0,0,0.0,0,0.0,0,0.0,1,0.5,0,0.0,1,0.5
北七里寨,3,2,wemedia_only,7,1,2023-10,0.5,0.0,0.5,0,0.0,0,0.0,0,0.0,1,0.5,1,0.5,0,0.0,0,0.0,0,0.0,0,0.0
北京-俄罗斯文化中心,2,1,no_media,0,2,2024-01,0.0,0.0,1.0,0,0.0,0,0.0,0,0.0,0,0.0,1,1.0,0,0.0,0,0.0,0,0.0,0,0.0
北京-飒爽英雄,3,2,wemedia_only,2,3,2023-12,0.0,0.5,0.5,0,0.0,1,0.5,0,0.0,0,0.0,1,0.5,0,0.0,0,0.0,0,0.0,0,0.0
北京12320在聆听,19,18,no_media,0,19,2023-03,0.0,0.0,1.0,0,0.0,0,0.0,0,0.0,0,0.0,18,1.0,0,0.0,0,0.0,0,0.0,0,0.0
北京HR老兵,2,1,wemedia_only,2,2,2022-12,0.0,0.0,1.0,0,0.0,0,0.0,0,0.0,0,0.0,1,1.0,0,0.0,0,0.0,0,0.0,0,0.0
北京三甲皮肤性病科高广程主任,2,1,no_media,0,2,2023-06,0.0,0.0,1.0,0,0.0,0,0.0,0,0.0,0,0.0,1,1.0,0,0.0,0,0.0,0,0.0,0,0.0
北京世纪坛医院,5,4,no_media,0,5,2023-03,0.0,0.0,1.0,0,0.0,0,0.0,0,0.0,0,0.0,4,1.0,0,0.0,0,0.0,0,0.0,0,0.0
北京东城,3,2,no_media,0,3,2023-02,0.0,0.0,1.0,0,0.0,0,0.0,0,0.0,0,0.0,2,1.0,0,0.0,0,0.0,0,0.0,0,0.0
北京中医_任巧生,5,4,no_media,1,5,2023-10,0.5,0.5,0.0,0,0.0,2,0.5,0,0.0,2,0.5,0,0.0,0,0.0,0,0.0,0,0.0,0,0.0
北京中医局,4,3,no_media,0,4,2023-02,0.0,0.0,1.0,0,0.0,0,0.0,0,0.0,0,0.0,3,1.0,0,0.0,0,0.0,0,0.0,0,0.0
北京中医王国玮,6,5,no_media,0,6,2023-02,0.0,0.0,1.0,0,0.0,0,0.0,0,0.0,0,0.0,5,1.0,0,0.0,0,0.0,0,0.0,0,0.0
北京中医药大学东方医院,2,1,no_media,0,2,2023-03,0.0,0.0,1.0,0,0.0,0,0.0,0,0.0,0,0.0,1,1.0,0,0.0,0,0.0,0,0.0,0,0.0
北京中医药大学田昕,2,1,no_media,0,2,2024-01,0.0,0.0,1.0,0,0.0,0,0.0,0,0.0,0,0.0,1,1.0,0,0.0,0,0.0,0,0.0,0,0.0
北京中医蒋威,2,1,no_media,0,2,2025-02,0.0,0.0,1.0,0,0.0,0,0.0,0,0.0,0,0.0,1,1.0,0,0.0,0,0.0,0,0.0,0,0.0
北京交通广播,49,48,no_media,0,28,2020-03,0.0,0.0,0.9583333333333334,0,0.0,0,0.0,0,0.0,0,0.0,46,0.9583333333333334,1,0.020833333333333332,0,0.0,1,0.020833333333333332,0,0.0
北京亦庄,12,11,no_media,0,12,2023-02,0.0,0.0,1.0,0,0.0,0,0.0,0,0.0,0,0.0,11,1.0,0,0.0,0,0.0,0,0.0,0,0.0
北京京煤集团总医院,6,5,no_media,0,4,2023-02,0.0,0.0,1.0,0,0.0,0,0.0,0,0.0,0,0.0,5,1.0,0,0.0,0,0.0,0,0.0,0,0.0
北京众成医疗律师团队,5,4,no_media,0,3,2020-07,0.0,0.25,0.75,0,0.0,1,0.25,0,0.0,0,0.0,3,0.75,0,0.0,0,0.0,0,0.0,0,0.0
北京全搜罗,3,2,wemedia_only,2,3,2022-10,0.0,0.0,1.0,0,0.0,0,0.0,0,0.0,0,0.0,2,1.0,0,0.0,0,0.0,0,0.0,0,0.0
北京八大处抗衰激光房林医生,9,8,no_media,0,9,2023-05,0.0,0.0,1.0,0,0.0,0,0.0,0,0.0,0,0.0,8,1.0,0,0.0,0,0.0,0,0.0,0,0.0
北京军颐中医医院,2,1,no_media,0,2,2024-01,0.0,0.0,1.0,0,0.0,0,0.0,0,0.0,0,0.0,1,1.0,0,0.0,0,0.0,0,0.0,0,0.0
北京南郊肿瘤医院,2,1,no_media,0,2,2023-02,0.0,0.0,1.0,0,0.0,0,0.0,0,0.0,0,0.0,1,1.0,0,0.0,0,0.0,0,0.0,0,0.0
北京卫视,2,1,no_media,0,2,2023-10,0.0,0.0,1.0,0,0.0,0,0.0,0,0.0,0,0.0,1,1.0,0,0.0,0,0.0,0,0.0,0,0.0
北京卫视-养生堂,2,1,no_media,0,2,2023-03,0.0,0.0,1.0,0,0.0,0,0.0,0,0.0,0,0.0,1,1.0,0,0.0,0,0.0,0,0.0,0,0.0
北京发布,52,51,no_media,0,41,2020-03,0.0,0.0,1.0,0,0.0,0,0.0,0,0.0,0,0.0,51,1.0,0,0.0,0,0.0,0,0.0,0,0.0
北京同心相随志愿者发展中心,3,2,no_media,0,3,2025-01,0.0,0.0,1.0,0,0.0,0,0.0,0,0.0,0,0.0,2,1.0,0,0.0,0,0.0,0,0.0,0,0.0
北京商报,55,54,no_media,0,54,2020-03,0.0,0.0,0.9629629629629629,0,0.0,0,0.0,0,0.0,0,0.0,52,0.9629629629629629,1,0.018518518518518517,0,0.0,1,0.018518518518518517,0,0.0
北京城市广播FM1073,11,10,no_media,0,9,2023-02,0.0,0.0,1.0,0,0.0,0,0.0,0,0.0,0,0.0,10,1.0,0,0.0,0,0.0,0,0.0,0,0.0
北京大兴,6,5,no_media,1,6,2021-11,0.0,0.0,1.0,0,0.0,0,0.0,0,0.0,0,0.0,5,1.0,0,0.0,0,0.0,0,0.0,0,0.0
北京大兴瀛海健康教育,3,2,no_media,0,3,2023-07,0.0,0.0,1.0,0,0.0,0,0.0,0,0.0,0,0.0,2,1.0,0,0.0,0,0.0,0,0.0,0,0.0
北京大兴黄村医院健康教育,9,8,no_media,0,8,2023-02,0.0,0.0,1.0,0,0.0,0,0.0,0,0.0,0,0.0,8,1.0,0,0.0,0,0.0,0,0.0,0,0.0
北京大学第一医院外科周正飞,4,3,no_media,0,4,2023-04,0.0,0.0,1.0,0,0.0,0,0.0,0,0.0,0,0.0,3,1.0,0,0.0,0,0.0,0,0.0,0,0.0
北京大峰峰,43,42,no_media,0,39,2023-02,0.023809523809523808,0.023809523809523808,0.8571428571428571,0,0.0,1,0.023809523809523808,0,0.0,1,0.023809523809523808,36,0.8571428571428571,2,0.047619047619047616,0,0.0,2,0.047619047619047616,0,0.0
北京天坛普华医院,2,1,no_media,0,2,2023-03,0.0,0.0,1.0,0,0.0,0,0.0,0,0.0,0,0.0,1,1.0,0,0.0,0,0.0,0,0.0,0,0.0
北京头条,72,71,no_media,0,45,2022-04,0.0,0.0,1.0,0,0.0,0,0.0,0,0.0,0,0.0,71,1.0,0,0.0,0,0.0,0,0.0,0,0.0
北京安贞医院健康教育,2,1,no_media,0,2,2024-06,0.0,0.0,1.0,0,0.0,0,0.0,0,0.0,0,0.0,1,1.0,0,0.0,0,0.0,0,0.0,0,0.0
北京小汤山医院康复中心武亮,3,2,no_media,0,1,2023-02,0.0,0.0,1.0,0,0.0,0,0.0,0,0.0,0,0.0,2,1.0,0,0.0,0,0.0,0,0.0,0,0.0
北京市东城区妇幼保健院,3,2,no_media,0,3,2023-11,0.0,0.0,1.0,0,0.0,0,0.0,0,0.0,0,0.0,2,1.0,0,0.0,0,0.0,0,0.0,0,0.0
北京市仁和医院健康教育,5,4,no_media,0,5,2023-02,0.0,0.0,1.0,0,0.0,0,0.0,0,0.0,0,0.0,4,1.0,0,0.0,0,0.0,0,0.0,0,0.0
北京市医疗卫生服务管理指导中心,3,2,no_media,0,3,2023-02,0.0,0.0,1.0,0,0.0,0,0.0,0,0.0,0,0.0,2,1.0,0,0.0,0,0.0,0,0.0,0,0.0
北京市大兴区人民医院,5,4,no_media,0,5,2023-02,0.0,0.0,1.0,0,0.0,0,0.0,0,0.0,0,0.0,4,1.0,0,0.0,0,0.0,0,0.0,0,0.0
北京市大兴区青云店镇中心卫生院,3,2,no_media,0,3,2023-07,0.0,0.0,1.0,0,0.0,0,0.0,0,0.0,0,0.0,2,1.0,0,0.0,0,0.0,0,0.0,0,0.0
北京市房山区良乡医院,3,2,mainstream_only,3,3,2023-02,0.0,0.0,1.0,0,0.0,0,0.0,0,0.0,0,0.0,2,1.0,0,0.0,0,0.0,0,0.0,0,0.0
北京市朝阳区卫生健康委,2,1,no_media,0,2,2023-02,0.0,0.0,1.0,0,0.0,0,0.0,0,0.0,0,0.0,1,1.0,0,0.0,0,0.0,0,0.0,0,0.0
北京市顺义区卫生健康监督所,2,1,no_media,0,1,2024-01,0.0,0.0,1.0,0,0.0,0,0.0,0,0.0,0,0.0,1,1.0,0,0.0,0,0.0,0,0.0,0,0.0
北京平谷,2,1,no_media,0,1,2023-05,0.0,0.0,1.0,0,0.0,0,0.0,0,0.0,0,0.0,1,1.0,0,0.0,0,0.0,0,0.0,0,0.0
北京平谷健康教育,2,1,no_media,0,2,2024-02,0.0,0.0,1.0,0,0.0,0,0.0,0,0.0,0,0.0,1,1.0,0,0.0,0,0.0,0,0.0,0,0.0
北京广播,2,1,no_media,0,2,2020-03,0.0,0.0,1.0,0,0.0,0,0.0,0,0.0,0,0.0,1,1.0,0,0.0,0,0.0,0,0.0,0,0.0
北京广播电视台,5,4,no_media,0,5,2023-02,0.0,0.0,1.0,0,0.0,0,0.0,0,0.0,0,0.0,4,1.0,0,0.0,0,0.0,0,0.0,0,0.0
北京张胖子,2,1,no_media,5,2,2023-03,0.0,1.0,0.0,0,0.0,1,1.0,0,0.0,0,0.0,0,0.0,0,0.0,0,0.0,0,0.0,0,0.0
北京怀柔九渡河健康教育,2,1,no_media,0,1,2024-02,0.0,0.0,1.0,0,0.0,0,0.0,0,0.0,0,0.0,1,1.0,0,0.0,0,0.0,0,0.0,0,0.0
北京怀柔庙城健康教育,2,1,no_media,0,2,2023-11,0.0,0.0,1.0,0,0.0,0,0.0,0,0.0,0,0.0,1,1.0,0,0.0,0,0.0,0,0.0,0,0.0
北京怀柔桥梓健康教育,2,1,no_media,0,2,2023-03,0.0,0.0,1.0,0,0.0,0,0.0,0,0.0,0,0.0,1,1.0,0,0.0,0,0.0,0,0.0,0,0.0
北京房山健康教育,19,18,no_media,0,15,2023-02,0.0,0.0,1.0,0,0.0,0,0.0,0,0.0,0,0.0,18,1.0,0,0.0,0,0.0,0,0.0,0,0.0
北京房山韩村河健康教育,10,9,dual,4,7,2023-02,0.0,0.0,1.0,0,0.0,0,0.0,0,0.0,0,0.0,9,1.0,0,0.0,0,0.0,0,0.0,0,0.0
北京新闻,8,7,no_media,0,7,2023-02,0.0,0.0,1.0,0,0.0,0,0.0,0,0.0,0,0.0,7,1.0,0,0.0,0,0.0,0,0.0,0,0.0
北京新闻广播,11,10,no_media,0,8,2023-02,0.0,0.0,1.0,0,0.0,0,0.0,0,0.0,0,0.0,10,1.0,0,0.0,0,0.0,0,0.0,0,0.0
北京日报,54,53,no_media,0,43,2020-03,0.018867924528301886,0.018867924528301886,0.9622641509433962,0,0.0,1,0.018867924528301886,0,0.0,1,0.018867924528301886,51,0.9622641509433962,0,0.0,0,0.0,0,0.0,0,0.0
北京时间,58,57,no_media,0,38,2020-03,0.0,0.0,1.0,0,0.0,0,0.0,0,0.0,0,0.0,57,1.0,0,0.0,0,0.0,0,0.0,0,0.0
北京时间直播,10,9,no_media,0,9,2021-11,0.0,0.0,1.0,0,0.0,0,0.0,0,0.0,0,0.0,9,1.0,0,0.0,0,0.0,0,0.0,0,0.0
北京昌平,36,35,no_media,0,24,2020-03,0.0,0.0,1.0,0,0.0,0,0.0,0,0.0,0,0.0,35,1.0,0,0.0,0,0.0,0,0.0,0,0.0
北京昌平健康教育,8,7,no_media,0,8,2020-03,0.0,0.0,1.0,0,0.0,0,0.0,0,0.0,0,0.0,7,1.0,0,0.0,0,0.0,0,0.0,0,0.0
北京朝阳健康教育,3,2,no_media,0,2,2023-12,0.0,0.0,1.0,0,0.0,0,0.0,0,0.0,0,0.0,2,1.0,0,0.0,0,0.0,0,0.0,0,0.0
北京朝阳卫生监督,4,3,no_media,0,4,2024-09,0.0,0.0,1.0,0,0.0,0,0.0,0,0.0,0,0.0,3,1.0,0,0.0,0,0.0,0,0.0,0,0.0
北京校园,2,1,no_media,0,2,2022-03,0.0,0.0,1.0,0,0.0,0,0.0,0,0.0,0,0.0,1,1.0,0,0.0,0,0.0,0,0.0,0,0.0
北京民声,2,1,no_media,0,2,2022-07,0.0,0.0,1.0,0,0.0,0,0.0,0,0.0,0,0.0,1,1.0,0,0.0,0,0.0,0,0.0,0,0.0
北京海淀,3,2,no_media,0,3,2023-04,0.0,0.0,1.0,0,0.0,0,0.0,0,0.0,0,0.0,2,1.0,0,0.0,0,0.0,0,0.0,0,0.0
北京海淀健康教育,3,2,no_media,2,3,2023-03,0.0,0.0,1.0,0,0.0,0,0.0,0,0.0,0,0.0,2,1.0,0,0.0,0,0.0,0,0.0,0,0.0
北京海淀法院,7,6,mainstream_only,2,6,2020-03,0.0,0.0,1.0,0,0.0,0,0.0,0,0.0,0,0.0,6,1.0,0,0.0,0,0.0,0,0.0,0,0.0
北京淀长,2,1,no_media,0,2,2020-11,1.0,0.0,0.0,0,0.0,0,0.0,0,0.0,1,1.0,0,0.0,0,0.0,0,0.0,0,0.0,0,0.0
北京清华长庚医院,7,6,no_media,0,7,2023-02,0.0,0.0,1.0,0,0.0,0,0.0,0,0.0,0,0.0,6,1.0,0,0.0,0,0.0,0,0.0,0,0.0
北京牙医钟,2,1,mainstream_only,1,2,2022-12,0.0,0.0,1.0,0,0.0,0,0.0,0,0.0,0,0.0,1,1.0,0,0.0,0,0.0,0,0.0,0,0.0
北京科教_健康北京,3,2,no_media,0,3,2024-08,0.0,0.0,1.0,0,0.0,0,0.0,0,0.0,0,0.0,2,1.0,0,0.0,0,0.0,0,0.0,0,0.0
北京积水潭医院,2,1,no_media,0,2,2023-03,0.0,0.0,1.0,0,0.0,0,0.0,0,0.0,0,0.0,1,1.0,0,0.0,0,0.0,0,0.0,0,0.0
北京窦子明,5,4,no_media,4,3,2023-03,0.0,0.0,1.0,0,0.0,0,0.0,0,0.0,0,0.0,4,1.0,0,0.0,0,0.0,0,0.0,0,0.0
北京维元诊所,3,2,no_media,0,2,2022-12,0.0,0.0,1.0,0,0.0,0,0.0,0,0.0,0,0.0,2,1.0,0,0.0,0,0.0,0,0.0,0,0.0
北京网络举报,2,1,no_media,0,2,2023-04,0.0,0.0,1.0,0,0.0,0,0.0,0,0.0,0,0.0,1,1.0,0,0.0,0,0.0,0,0.0,0,0.0
北京老年医院,2,1,no_media,0,2,2023-02,0.0,0.0,1.0,0,0.0,0,0.0,0,0.0,0,0.0,1,1.0,0,0.0,0,0.0,0,0.0,0,0.0
北京袁超,2,1,no_media,0,2,2023-11,0.0,0.0,0.0,0,0.0,0,0.0,0,0.0,0,0.0,0,0.0,0,0.0,0,0.0,1,1.0,0,0.0
北京西城健康教育,3,2,mainstream_only,3,3,2023-03,0.0,0.0,1.0,0,0.0,0,0.0,0,0.0,0,0.0,2,1.0,0,0.0,0,0.0,0,0.0,0,0.0
北京西鹤年堂中医医院,2,1,no_media,0,2,2023-05,0.0,0.0,1.0,0,0.0,0,0.0,0,0.0,0,0.0,1,1.0,0,0.0,0,0.0,0,0.0,0,0.0
北京通州梨园健康教育,2,1,no_media,0,2,2023-02,0.0,0.0,1.0,0,0.0,0,0.0,0,0.0,0,0.0,1,1.0,0,0.0,0,0.0,0,0.0,0,0.0
北京青年报,8,7,no_media,0,8,2023-01,0.0,0.0,1.0,0,0.0,0,0.0,0,0.0,0,0.0,7,1.0,0,0.0,0,0.0,0,0.0,0,0.0
北京青年报之青睐有约,2,1,no_media,0,2,2022-12,0.0,0.0,1.0,0,0.0,0,0.0,0,0.0,0,0.0,1,1.0,0,0.0,0,0.0,0,0.0,0,0.0
北京风湿逯医生,4,3,no_media,0,4,2025-02,0.0,0.0,1.0,0,0.0,0,0.0,0,0.0,0,0.0,3,1.0,0,0.0,0,0.0,0,0.0,0,0.0
北京鬼见愁,6,5,no_media,0,6,2023-03,0.0,0.0,0.6,0,0.0,0,0.0,0,0.0,0,0.0,3,0.6,1,0.2,0,0.0,1,0.2,0,0.0
北京鲁戈,8,7,no_media,16,7,2022-10,0.14285714285714285,0.14285714285714285,0.7142857142857143,0,0.0,1,0.14285714285714285,0,0.0,1,0.14285714285714285,5,0.7142857142857143,0,0.0,0,0.0,0,0.0,0,0.0
北动义务气氛组,3,2,no_media,6,3,2023-04,0.5,0.0,0.0,0,0.0,0,0.0,0,0.0,0,0.0,0,0.0,1,0.5,1,0.5,0,0.0,0,0.0
北回归线以北ly,2,1,no_media,1,2,2023-08,1.0,0.0,0.0,0,0.0,0,0.0,0,0.0,1,1.0,0,0.0,0,0.0,0,0.0,0,0.0,0,0.0
北国网,4,3,no_media,0,4,2020-03,0.0,0.0,1.0,0,0.0,0,0.0,0,0.0,0,0.0,3,1.0,0,0.0,0,0.0,0,0.0,0,0.0
北城有鱼_,2,1,no_media,0,2,2023-04,0.0,0.0,0.0,1,1.0,0,0.0,0,0.0,0,0.0,0,0.0,0,0.0,0,0.0,0,0.0,0,0.0
北大云龙,4,3,no_media,0,3,2023-05,0.0,0.0,1.0,0,0.0,0,0.0,0,0.0,0,0.0,3,1.0,0,0.0,0,0.0,0,0.0,0,0.0
北方新报,25,24,mainstream_only,5,20,2020-07,0.0,0.0,1.0,0,0.0,0,0.0,0,0.0,0,0.0,24,1.0,0,0.0,0,0.0,0,0.0,0,0.0
北方法制报,9,8,no_media,0,8,2020-03,0.0,0.0,1.0,0,0.0,0,0.0,0,0.0,0,0.0,8,1.0,0,0.0,0,0.0,0,0.0,0,0.0
北方频道,13,12,no_media,0,12,2020-08,0.0,0.0,1.0,0,0.0,0,0.0,0,0.0,0,0.0,12,1.0,0,0.0,0,0.0,0,0.0,0,0.0
北极星所在地,2,1,no_media,0,2,2022-03,0.0,0.0,0.0,0,0.0,0,0.0,0,0.0,0,0.0,0,0.0,1,1.0,0,0.0,0,0.0,0,0.0
北极的蓝调,3,2,no_media,2,3,2023-08,0.0,0.0,0.0,0,0.0,0,0.0,0,0.0,0,0.0,0,0.0,1,0.5,0,0.0,1,0.5,0,0.0
北欧三宝妈,2,1,wemedia_only,18,2,2022-03,0.0,0.0,1.0,0,0.0,0,0.0,0,0.0,0,0.0,1,1.0,0,0.0,0,0.0,0,0.0,0,0.0
北疆女声,3,2,no_media,0,3,2022-03,0.0,0.0,1.0,0,0.0,0,0.0,0,0.0,0,0.0,2,1.0,0,0.0,0,0.0,0,0.0,0,0.0
北碚发布,3,2,no_media,0,3,2020-05,0.0,0.0,1.0,0,0.0,0,0.0,0,0.0,0,0.0,2,1.0,0,0.0,0,0.0,0,0.0,0,0.0
北青体育,3,2,no_media,0,3,2023-02,0.0,0.0,1.0,0,0.0,0,0.0,0,0.0,0,0.0,2,1.0,0,0.0,0,0.0,0,0.0,0,0.0
北青先锋电竞,4,3,no_media,0,3,2023-07,0.0,0.0,1.0,0,0.0,0,0.0,0,0.0,0,0.0,3,1.0,0,0.0,0,0.0,0,0.0,0,0.0
北青即时,13,12,no_media,0,9,2022-12,0.0,0.0,1.0,0,0.0,0,0.0,0,0.0,0,0.0,12,1.0,0,0.0,0,0.0,0,0.0,0,0.0
北青娱见,6,5,no_media,0,5,2023-01,0.0,0.0,0.6,0,0.0,0,0.0,0,0.0,0,0.0,3,0.6,1,0.2,0,0.0,1,0.2,0,0.0
北青深一度,2,1,no_media,0,2,2022-12,0.0,0.0,1.0,0,0.0,0,0.0,0,0.0,0,0.0,1,1.0,0,0.0,0,0.0,0,0.0,0,0.0
北青网,18,17,no_media,0,18,2020-05,0.0,0.0,1.0,0,0.0,0,0.0,0,0.0,0,0.0,17,1.0,0,0.0,0,0.0,0,0.0,0,0.0
北青评论,6,5,no_media,0,6,2023-02,0.0,0.0,1.0,0,0.0,0,0.0,0,0.0,0,0.0,5,1.0,0,0.0,0,0.0,0,0.0,0,0.0
匡宦龙缆,24,23,dual,13,16,2023-05,0.13043478260869565,0.13043478260869565,0.43478260869565216,4,0.17391304347826086,3,0.13043478260869565,0,0.0,2,0.08695652173913043,10,0.43478260869565216,2,0.08695652173913043,1,0.043478260869565216,1,0.043478260869565216,0,0.0
区俊文医生,2,1,no_media,0,2,2023-02,0.0,0.0,1.0,0,0.0,0,0.0,0,0.0,0,0.0,1,1.0,0,0.0,0,0.0,0,0.0,0,0.0
医伴旅,12,11,no_media,0,12,2023-02,0.0,0.09090909090909091,0.9090909090909091,0,0.0,1,0.09090909090909091,0,0.0,0,0.0,10,0.9090909090909091,0,0.0,0,0.0,0,0.0,0,0.0
医和家Pro,2,1,no_media,0,2,2023-05,0.0,0.0,1.0,0,0.0,0,0.0,0,0.0,0,0.0,1,1.0,0,0.0,0,0.0,0,0.0,0,0.0
医学与健康,3,2,no_media,0,2,2023-04,0.0,0.0,1.0,0,0.0,0,0.0,0,0.0,0,0.0,2,1.0,0,0.0,0,0.0,0,0.0,0,0.0
医学手札,3,2,no_media,0,3,2023-12,0.0,0.0,0.5,0,0.0,0,0.0,0,0.0,0,0.0,1,0.5,1,0.5,0,0.0,0,0.0,0,0.0
医学科普阿源老师,4,3,wemedia_only,8,3,2022-03,0.0,0.0,1.0,0,0.0,0,0.0,0,0.0,0,0.0,3,1.0,0,0.0,0,0.0,0,0.0,0,0.0
医家小馆,42,41,no_media,2,40,2023-02,0.0,0.0,0.8536585365853658,0,0.0,0,0.0,0,0.0,0,0.0,35,0.8536585365853658,2,0.04878048780487805,0,0.0,3,0.07317073170731707,1,0.024390243902439025
医师报社,2,1,no_media,0,2,2023-02,0.0,0.0,1.0,0,0.0,0,0.0,0,0.0,0,0.0,1,1.0,0,0.0,0,0.0,0,0.0,0,0.0
医悦汇,2,1,no_media,0,2,2024-05,0.0,0.0,1.0,0,0.0,0,0.0,0,0.0,0,0.0,1,1.0,0,0.0,0,0.0,0,0.0,0,0.0
医生田建华,6,5,no_media,5,4,2023-02,0.2,0.2,0.6,0,0.0,1,0.2,0,0.0,1,0.2,3,0.6,0,0.0,0,0.0,0,0.0,0,0.0
医界观奇2,18,17,no_media,0,18,2023-03,0.17647058823529413,0.17647058823529413,0.29411764705882354,6,0.35294117647058826,3,0.17647058823529413,0,0.0,3,0.17647058823529413,5,0.29411764705882354,0,0.0,0,0.0,0,0.0,0,0.0
医疗圈那点事,2,1,no_media,0,2,2022-12,1.0,0.0,0.0,0,0.0,0,0.0,0,0.0,1,1.0,0,0.0,0,0.0,0,0.0,0,0.0,0,0.0
医疗音乐手绘君,3,2,no_media,0,3,2020-03,0.0,0.0,1.0,0,0.0,0,0.0,0,0.0,0,0.0,2,1.0,0,0.0,0,0.0,0,0.0,0,0.0
医百医药资讯,3,2,no_media,0,1,2024-01,0.0,0.0,1.0,0,0.0,0,0.0,0,0.0,0,0.0,2,1.0,0,0.0,0,0.0,0,0.0,0,0.0
医者仁心心,9,8,no_media,1,7,2022-03,0.0,0.0,0.75,0,0.0,0,0.0,0,0.0,0,0.0,6,0.75,1,0.125,0,0.0,1,0.125,0,0.0
医者仁心洪小惟大夫,4,3,no_media,1,4,2023-02,0.0,0.0,1.0,0,0.0,0,0.0,0,0.0,0,0.0,3,1.0,0,0.0,0,0.0,0,0.0,0,0.0
医者和旅人,2,1,no_media,0,2,2023-02,0.0,0.0,1.0,0,0.0,0,0.0,0,0.0,0,0.0,1,1.0,0,0.0,0,0.0,0,0.0,0,0.0
医者思远,13,12,mainstream_only,1,13,2021-03,0.08333333333333333,0.08333333333333333,0.8333333333333334,0,0.0,1,0.08333333333333333,0,0.0,1,0.08333333333333333,10,0.8333333333333334,0,0.0,0,0.0,0,0.0,0,0.0
医药创新汇,2,1,no_media,0,2,2024-03,0.0,0.0,1.0,0,0.0,0,0.0,0,0.0,0,0.0,1,1.0,0,0.0,0,0.0,0,0.0,0,0.0
医药财税小兵,3,2,no_media,0,3,2023-02,0.0,0.0,1.0,0,0.0,0,0.0,0,0.0,0,0.0,2,1.0,0,0.0,0,0.0,0,0.0,0,0.0
医药魔方,2,1,no_media,0,2,2023-09,0.0,0.0,1.0,0,0.0,0,0.0,0,0.0,0,0.0,1,1.0,0,0.0,0,0.0,0,0.0,0,0.0
医视频,6,5,no_media,0,6,2023-02,0.0,0.0,1.0,0,0.0,0,0.0,0,0.0,0,0.0,5,1.0,0,0.0,0,0.0,0,0.0,0,0.0
医路向前巍子,3,2,no_media,0,3,2022-12,0.5,0.5,0.0,0,0.0,1,0.5,0,0.0,1,0.5,0,0.0,0,0.0,0,0.0,0,0.0,0,0.0
医道社,17,16,no_media,0,16,2023-03,0.0,0.0,1.0,0,0.0,0,0.0,0,0.0,0,0.0,16,1.0,0,0.0,0,0.0,0,0.0,0,0.0
医院推荐助手,2,1,no_media,0,2,2023-09,0.0,0.0,1.0,0,0.0,0,0.0,0,0.0,0,0.0,1,1.0,0,0.0,0,0.0,0,0.0,0,0.0
十一月去吹风,2,1,no_media,3,2,2024-07,0.0,1.0,0.0,0,0.0,1,1.0,0,0.0,0,0.0,0,0.0,0,0.0,0,0.0,0,0.0,0,0.0
十八子金名,11,10,no_media,0,1,2020-11,0.0,0.0,1.0,0,0.0,0,0.0,0,0.0,0,0.0,10,1.0,0,0.0,0,0.0,0,0.0,0,0.0
十四喵喵喵喵,2,1,no_media,1,2,2023-04,0.0,0.0,0.0,0,0.0,0,0.0,0,0.0,0,0.0,0,0.0,0,0.0,0,0.0,0,0.0,1,1.0
十堰晚报,3,2,no_media,0,3,2022-02,0.0,0.0,1.0,0,0.0,0,0.0,0,0.0,0,0.0,2,1.0,0,0.0,0,0.0,0,0.0,0,0.0
十轮网,2,1,no_media,0,2,2023-11,0.0,0.0,1.0,0,0.0,0,0.0,0,0.0,0,0.0,1,1.0,0,0.0,0,0.0,0,0.0,0,0.0
千万别给我放醋,6,5,no_media,8,6,2023-01,0.0,0.0,0.8,0,0.0,0,0.0,0,0.0,0,0.0,4,0.8,1,0.2,0,0.0,0,0.0,0,0.0
千只绵,2,1,no_media,0,2,2023-08,0.0,0.0,0.0,0,0.0,0,0.0,0,0.0,0,0.0,0,0.0,0,0.0,0,0.0,0,0.0,1,1.0
千叶无木,2,1,wemedia_only,2,2,2023-07,1.0,0.0,0.0,0,0.0,0,0.0,0,0.0,0,0.0,0,0.0,0,0.0,1,1.0,0,0.0,0,0.0
千夜梦语,2,1,mainstream_only,5,2,2022-09,0.0,0.0,1.0,0,0.0,0,0.0,0,0.0,0,0.0,1,1.0,0,0.0,0,0.0,0,0.0,0,0.0
千年老人2016,2,1,no_media,6,2,2022-10,0.0,0.0,0.0,1,1.0,0,0.0,0,0.0,0,0.0,0,0.0,0,0.0,0,0.0,0,0.0,0,0.0
千张的电子日记本,2,1,no_media,0,2,2024-10,0.0,0.0,0.0,0,0.0,0,0.0,0,0.0,0,0.0,0,0.0,0,0.0,0,0.0,1,1.0,0,0.0
千彩园,2,1,no_media,0,2,2023-02,0.0,0.0,1.0,0,0.0,0,0.0,0,0.0,0,0.0,1,1.0,0,0.0,0,0.0,0,0.0,0,0.0
千里江山尽览,2,1,no_media,2,2,2023-03,0.0,0.0,1.0,0,0.0,0,0.0,0,0.0,0,0.0,1,1.0,0,0.0,0,0.0,0,0.0,0,0.0
升阶魔法卡-霸王眷龙之力破沙袋,2,1,wemedia_only,3,2,2023-04,0.0,0.0,1.0,0,0.0,0,0.0,0,0.0,0,0.0,1,1.0,0,0.0,0,0.0,0,0.0,0,0.0
半两财经,14,13,no_media,0,13,2021-04,0.0,0.0,1.0,0,0.0,0,0.0,0,0.0,0,0.0,13,1.0,0,0.0,0,0.0,0,0.0,0,0.0
半山一片林木也,4,3,dual,4,4,2023-07,0.0,0.3333333333333333,0.0,0,0.0,1,0.3333333333333333,0,0.0,0,0.0,0,0.0,1,0.3333333333333333,0,0.0,1,0.3333333333333333,0,0.0
半山文集,2,1,no_media,0,2,2023-05,0.0,0.0,0.0,0,0.0,0,0.0,0,0.0,0,0.0,0,0.0,0,0.0,0,0.0,1,1.0,0,0.0
半岛新闻,13,12,no_media,0,12,2020-12,0.0,0.0,1.0,0,0.0,0,0.0,0,0.0,0,0.0,12,1.0,0,0.0,0,0.0,0,0.0,0,0.0
半岛晨报,3,2,no_media,0,3,2023-08,0.0,0.0,1.0,0,0.0,0,0.0,0,0.0,0,0.0,2,1.0,0,0.0,0,0.0,0,0.0,0,0.0
半岛网,16,15,no_media,0,16,2020-03,0.06666666666666667,0.06666666666666667,0.8666666666666667,0,0.0,1,0.06666666666666667,0,0.0,1,0.06666666666666667,13,0.8666666666666667,0,0.0,0,0.0,0,0.0,0,0.0
半月谈,52,51,no_media,0,52,2020-03,0.0196078431372549,0.0196078431372549,0.9607843137254902,0,0.0,1,0.0196078431372549,0,0.0,1,0.0196078431372549,49,0.9607843137254902,0,0.0,0,0.0,0,0.0,0,0.0
半桃喵莓i了,2,1,no_media,0,2,2025-01,0.0,0.0,1.0,0,0.0,0,0.0,0,0.0,0,0.0,1,1.0,0,0.0,0,0.0,0,0.0,0,0.0
半清夏,2,1,no_media,0,2,2022-12,1.0,0.0,0.0,0,0.0,0,0.0,0,0.0,0,0.0,0,0.0,0,0.0,1,1.0,0,0.0,0,0.0
半糖拿铁去冰,2,1,no_media,0,2,2023-05,0.0,0.0,0.0,0,0.0,0,0.0,0,0.0,0,0.0,0,0.0,0,0.0,0,0.0,0,0.0,1,1.0
半面红团扇,4,3,no_media,0,4,2023-02,0.0,0.0,1.0,0,0.0,0,0.0,0,0.0,0,0.0,3,1.0,0,0.0,0,0.0,0,0.0,0,0.0
卍岁娘,4,3,no_media,0,3,2023-05,0.0,0.0,0.3333333333333333,0,0.0,0,0.0,0,0.0,0,0.0,1,0.3333333333333333,1,0.3333333333333333,0,0.0,1,0.3333333333333333,0,0.0
华丽丽的A梦,2,1,no_media,0,2,2023-02,0.0,0.0,0.0,0,0.0,0,0.0,0,0.0,0,0.0,0,0.0,0,0.0,0,0.0,0,0.0,1,1.0
华亭检察,2,1,mainstream_only,3,2,2023-02,0.0,0.0,1.0,0,0.0,0,0.0,0,0.0,0,0.0,1,1.0,0,0.0,0,0.0,0,0.0,0,0.0
华人生活网,7,6,no_media,0,6,2023-02,0.0,0.0,1.0,0,0.0,0,0.0,0,0.0,0,0.0,6,1.0,0,0.0,0,0.0,0,0.0,0,0.0
华俊竹de微博,2,1,no_media,0,2,2023-03,0.0,0.0,1.0,0,0.0,0,0.0,0,0.0,0,0.0,1,1.0,0,0.0,0,0.0,0,0.0,0,0.0
华博向大大楊林清,2,1,no_media,0,2,2023-08,0.0,0.0,1.0,0,0.0,0,0.0,0,0.0,0,0.0,1,1.0,0,0.0,0,0.0,0,0.0,0,0.0
华同医学,2,1,no_media,0,2,2023-05,0.0,0.0,1.0,0,0.0,0,0.0,0,0.0,0,0.0,1,1.0,0,0.0,0,0.0,0,0.0,0,0.0
华哥评论,2,1,no_media,0,2,2022-10,1.0,0.0,0.0,0,0.0,0,0.0,0,0.0,1,1.0,0,0.0,0,0.0,0,0.0,0,0.0,0,0.0
华商报,70,69,no_media,0,51,2022-05,0.014492753623188406,0.014492753623188406,0.9130434782608695,0,0.0,1,0.014492753623188406,0,0.0,1,0.014492753623188406,63,0.9130434782608695,2,0.028985507246376812,0,0.0,2,0.028985507246376812,0,0.0
华商网,35,34,no_media,0,32,2020-10,0.0,0.0,1.0,0,0.0,0,0.0,0,0.0,0,0.0,34,1.0,0,0.0,0,0.0,0,0.0,0,0.0
华声在线,3,2,no_media,0,3,2023-03,0.0,0.0,1.0,0,0.0,0,0.0,0,0.0,0,0.0,2,1.0,0,0.0,0,0.0,0,0.0,0,0.0
华夏时报,5,4,no_media,0,5,2023-02,0.0,0.0,1.0,0,0.0,0,0.0,0,0.0,0,0.0,4,1.0,0,0.0,0,0.0,0,0.0,0,0.0
华夏经纬网,4,3,no_media,0,4,2020-05,0.3333333333333333,0.0,0.0,2,0.6666666666666666,0,0.0,0,0.0,1,0.3333333333333333,0,0.0,0,0.0,0,0.0,0,0.0,0,0.0
华姐的奇葩,3,2,no_media,2,3,2023-05,0.5,0.5,0.0,0,0.0,1,0.5,0,0.0,1,0.5,0,0.0,0,0.0,0,0.0,0,0.0,0,0.0
华媒热榜,2,1,mainstream_only,1,1,2025-05,0.0,0.0,1.0,0,0.0,0,0.0,0,0.0,0,0.0,1,1.0,0,0.0,0,0.0,0,0.0,0,0.0
华尔街金牛,2,1,wemedia_only,2,2,2024-01,1.0,0.0,0.0,0,0.0,0,0.0,0,0.0,1,1.0,0,0.0,0,0.0,0,0.0,0,0.0,0,0.0
华悦来越好,2,1,no_media,0,1,2024-07,0.0,0.0,1.0,0,0.0,0,0.0,0,0.0,0,0.0,1,1.0,0,0.0,0,0.0,0,0.0,0,0.0
华杉2009,2,1,no_media,0,2,2023-02,0.0,0.0,1.0,0,0.0,0,0.0,0,0.0,0,0.0,1,1.0,0,0.0,0,0.0,0,0.0,0,0.0
华杉老姜,2,1,no_media,0,2,2023-02,0.0,0.0,1.0,0,0.0,0,0.0,0,0.0,0,0.0,1,1.0,0,0.0,0,0.0,0,0.0,0,0.0
华美乐章1802,2,1,no_media,0,2,2023-02,0.0,0.0,0.0,0,0.0,0,0.0,0,0.0,0,0.0,0,0.0,0,0.0,0,0.0,0,0.0,1,1.0
华鑫大通,4,3,no_media,0,4,2023-11,0.0,0.0,1.0,0,0.0,0,0.0,0,0.0,0,0.0,3,1.0,0,0.0,0,0.0,0,0.0,0,0.0
华闻周刊,4,3,no_media,0,4,2023-05,0.0,0.0,1.0,0,0.0,0,0.0,0,0.0,0,0.0,3,1.0,0,0.0,0,0.0,0,0.0,0,0.0
卑诗省府GovernmentofBC,3,2,no_media,0,3,2023-10,0.0,0.0,1.0,0,0.0,0,0.0,0,0.0,0,0.0,2,1.0,0,0.0,0,0.0,0,0.0,0,0.0
单桂敏是我,7,6,no_media,7,6,2023-03,0.0,0.0,1.0,0,0.0,0,0.0,0,0.0,0,0.0,6,1.0,0,0.0,0,0.0,0,0.0,0,0.0
单车志Bicycling官方,2,1,no_media,0,2,2024-08,0.0,0.0,1.0,0,0.0,0,0.0,0,0.0,0,0.0,1,1.0,0,0.0,0,0.0,0,0.0,0,0.0
卖情怀的老混子们还在疯狂割nc,2,1,no_media,0,2,2022-12,0.0,1.0,0.0,0,0.0,0,0.0,1,1.0,0,0.0,0,0.0,0,0.0,0,0.0,0,0.0,0,0.0
卖火柴的母女,2,1,no_media,0,2,2023-07,0.0,0.0,0.0,1,1.0,0,0.0,0,0.0,0,0.0,0,0.0,0,0.0,0,0.0,0,0.0,0,0.0
卖红薯的小老太婆儿,3,2,no_media,1,2,2023-10,0.0,0.0,0.0,0,0.0,0,0.0,0,0.0,0,0.0,0,0.0,0,0.0,0,0.0,1,0.5,1,0.5
南也6118815938,2,1,no_media,0,2,2023-03,0.0,0.0,1.0,0,0.0,0,0.0,0,0.0,0,0.0,1,1.0,0,0.0,0,0.0,0,0.0,0,0.0
南京太乙堂中医院,4,3,no_media,0,4,2023-03,0.0,0.0,1.0,0,0.0,0,0.0,0,0.0,0,0.0,3,1.0,0,0.0,0,0.0,0,0.0,0,0.0
南京市场监管,6,5,no_media,0,5,2023-02,0.0,0.0,1.0,0,0.0,0,0.0,0,0.0,0,0.0,5,1.0,0,0.0,0,0.0,0,0.0,0,0.0
南京市第一医院官微,2,1,no_media,0,1,2023-02,0.0,0.0,1.0,0,0.0,0,0.0,0,0.0,0,0.0,1,1.0,0,0.0,0,0.0,0,0.0,0,0.0
南京广播电视台,17,16,no_media,0,17,2020-05,0.0,0.0,1.0,0,0.0,0,0.0,0,0.0,0,0.0,16,1.0,0,0.0,0,0.0,0,0.0,0,0.0
南京晨报,5,4,no_media,0,5,2023-02,0.0,0.0,1.0,0,0.0,0,0.0,0,0.0,0,0.0,4,1.0,0,0.0,0,0.0,0,0.0,0,0.0
南京科技职业学院,3,2,no_media,0,3,2023-02,0.0,0.0,1.0,0,0.0,0,0.0,0,0.0,0,0.0,2,1.0,0,0.0,0,0.0,0,0.0,0,0.0
南京西路没有金刚,2,1,no_media,0,2,2023-05,0.0,0.0,1.0,0,0.0,0,0.0,0,0.0,0,0.0,1,1.0,0,0.0,0,0.0,0,0.0,0,0.0
南京邮电大学,2,1,no_media,0,2,2023-02,0.0,0.0,1.0,0,0.0,0,0.0,0,0.0,0,0.0,1,1.0,0,0.0,0,0.0,0,0.0,0,0.0
南京零距离,12,11,no_media,0,12,2020-09,0.0,0.0,1.0,0,0.0,0,0.0,0,0.0,0,0.0,11,1.0,0,0.0,0,0.0,0,0.0,0,0.0
南充政法,2,1,no_media,0,2,2023-02,0.0,0.0,1.0,0,0.0,0,0.0,0,0.0,0,0.0,1,1.0,0,0.0,0,0.0,0,0.0,0,0.0
南北核心期刊SCI发表,2,1,no_media,0,2,2023-08,0.0,0.0,1.0,0,0.0,0,0.0,0,0.0,0,0.0,1,1.0,0,0.0,0,0.0,0,0.0,0,0.0
南医大细胞治疗中心,5,4,no_media,0,5,2023-03,0.0,0.0,1.0,0,0.0,0,0.0,0,0.0,0,0.0,4,1.0,0,0.0,0,0.0,0,0.0,0,0.0
南医黄老师,2,1,no_media,0,2,2023-07,0.0,0.0,1.0,0,0.0,0,0.0,0,0.0,0,0.0,1,1.0,0,0.0,0,0.0,0,0.0,0,0.0
南华视频,3,2,no_media,0,3,2023-02,0.0,0.0,1.0,0,0.0,0,0.0,0,0.0,0,0.0,2,1.0,0,0.0,0,0.0,0,0.0,0,0.0
南国今报,4,3,no_media,0,3,2023-02,0.0,0.0,1.0,0,0.0,0,0.0,0,0.0,0,0.0,3,1.0,0,0.0,0,0.0,0,0.0,0,0.0
南国早报,3,2,no_media,0,3,2022-03,0.0,0.0,1.0,0,0.0,0,0.0,0,0.0,0,0.0,2,1.0,0,0.0,0,0.0,0,0.0,0,0.0
南国都市报,10,9,no_media,0,10,2020-09,0.0,0.0,1.0,0,0.0,0,0.0,0,0.0,0,0.0,9,1.0,0,0.0,0,0.0,0,0.0,0,0.0
南宁高新区发布,3,2,no_media,0,3,2023-02,0.0,0.0,1.0,0,0.0,0,0.0,0,0.0,0,0.0,2,1.0,0,0.0,0,0.0,0,0.0,0,0.0
南宫猫熊,2,1,no_media,0,2,2023-05,1.0,0.0,0.0,0,0.0,0,0.0,0,0.0,0,0.0,0,0.0,0,0.0,1,1.0,0,0.0,0,0.0
南山医理,2,1,no_media,0,2,2025-06,0.0,0.0,1.0,0,0.0,0,0.0,0,0.0,0,0.0,1,1.0,0,0.0,0,0.0,0,0.0,0,0.0
南山试药,7,6,no_media,0,7,2023-02,0.0,0.0,1.0,0,0.0,0,0.0,0,0.0,0,0.0,6,1.0,0,0.0,0,0.0,0,0.0,0,0.0
南山钺,3,2,mainstream_only,3,3,2022-12,0.5,0.0,0.5,0,0.0,0,0.0,0,0.0,1,0.5,1,0.5,0,0.0,0,0.0,0,0.0,0,0.0
南岸发布,19,18,no_media,0,17,2020-03,0.0,0.0,1.0,0,0.0,0,0.0,0,0.0,0,0.0,18,1.0,0,0.0,0,0.0,0,0.0,0,0.0
南平章,2,1,no_media,0,2,2024-10,0.0,0.0,1.0,0,0.0,0,0.0,0,0.0,0,0.0,1,1.0,0,0.0,0,0.0,0,0.0,0,0.0
南方人物周刊,4,3,no_media,0,4,2022-12,0.0,0.0,1.0,0,0.0,0,0.0,0,0.0,0,0.0,3,1.0,0,0.0,0,0.0,0,0.0,0,0.0
南方医院关节医生王健,3,2,no_media,0,3,2023-11,0.0,0.0,1.0,0,0.0,0,0.0,0,0.0,0,0.0,2,1.0,0,0.0,0,0.0,0,0.0,0,0.0
南方周末,29,28,no_media,0,29,2020-10,0.0,0.0,1.0,0,0.0,0,0.0,0,0.0,0,0.0,28,1.0,0,0.0,0,0.0,0,0.0,0,0.0
南方日报,11,10,no_media,0,9,2023-02,0.0,0.0,1.0,0,0.0,0,0.0,0,0.0,0,0.0,10,1.0,0,0.0,0,0.0,0,0.0,0,0.0
南方科技大学医院,2,1,no_media,0,2,2023-02,0.0,0.0,1.0,0,0.0,0,0.0,0,0.0,0,0.0,1,1.0,0,0.0,0,0.0,0,0.0,0,0.0
南方都市报,7,6,no_media,0,7,2020-04,0.0,0.0,1.0,0,0.0,0,0.0,0,0.0,0,0.0,6,1.0,0,0.0,0,0.0,0,0.0,0,0.0
南方青苹果,3,2,no_media,0,3,2023-06,0.0,0.0,0.5,0,0.0,0,0.0,0,0.0,0,0.0,1,0.5,0,0.0,0,0.0,1,0.5,0,0.0
南方风尚,2,1,no_media,0,2,2023-06,0.0,0.0,1.0,0,0.0,0,0.0,0,0.0,0,0.0,1,1.0,0,0.0,0,0.0,0,0.0,0,0.0
南昌东湖区发布,3,2,no_media,0,3,2022-12,0.0,0.0,1.0,0,0.0,0,0.0,0,0.0,0,0.0,2,1.0,0,0.0,0,0.0,0,0.0,0,0.0
南昌新建发布,13,12,no_media,0,12,2020-03,0.08333333333333333,0.08333333333333333,0.8333333333333334,0,0.0,1,0.08333333333333333,0,0.0,1,0.08333333333333333,10,0.8333333333333334,0,0.0,0,0.0,0,0.0,0,0.0
南昌新闻网,11,10,no_media,0,11,2020-03,0.0,0.0,1.0,0,0.0,0,0.0,0,0.0,0,0.0,10,1.0,0,0.0,0,0.0,0,0.0,0,0.0
南昌日报,11,10,no_media,0,11,2020-03,0.0,0.0,1.0,0,0.0,0,0.0,0,0.0,0,0.0,10,1.0,0,0.0,0,0.0,0,0.0,0,0.0
南昌进贤发布,16,15,no_media,0,16,2020-03,0.0,0.0,1.0,0,0.0,0,0.0,0,0.0,0,0.0,15,1.0,0,0.0,0,0.0,0,0.0,0,0.0
南极没有熊_911,2,1,no_media,0,2,2023-01,0.0,1.0,0.0,0,0.0,0,0.0,1,1.0,0,0.0,0,0.0,0,0.0,0,0.0,0,0.0,0,0.0
南桔北枳2,2,1,no_media,0,1,2022-12,1.0,0.0,0.0,0,0.0,0,0.0,0,0.0,1,1.0,0,0.0,0,0.0,0,0.0,0,0.0,0,0.0
南槐国大宗师,6,5,no_media,5,6,2023-06,0.2,0.2,0.6,0,0.0,1,0.2,0,0.0,1,0.2,3,0.6,0,0.0,0,0.0,0,0.0,0,0.0
南浔阿唐,2,1,no_media,0,2,2023-02,1.0,0.0,0.0,0,0.0,0,0.0,0,0.0,0,0.0,0,0.0,0,0.0,1,1.0,0,0.0,0,0.0
南海发布,5,4,no_media,0,5,2023-02,0.0,0.0,1.0,0,0.0,0,0.0,0,0.0,0,0.0,4,1.0,0,0.0,0,0.0,0,0.0,0,0.0
南海客尘,60,59,no_media,39,50,2023-02,0.1016949152542373,0.1016949152542373,0.6271186440677966,1,0.01694915254237288,6,0.1016949152542373,0,0.0,6,0.1016949152542373,37,0.6271186440677966,4,0.06779661016949153,0,0.0,4,0.06779661016949153,1,0.01694915254237288
南海的浪涛,2,1,no_media,0,2,2023-04,0.0,0.0,1.0,0,0.0,0,0.0,0,0.0,0,0.0,1,1.0,0,0.0,0,0.0,0,0.0,0,0.0
南海网,8,7,no_media,0,8,2020-09,0.0,0.0,1.0,0,0.0,0,0.0,0,0.0,0,0.0,7,1.0,0,0.0,0,0.0,0,0.0,0,0.0
南海议数家,3,2,no_media,0,3,2023-09,0.0,0.0,0.0,0,0.0,0,0.0,0,0.0,0,0.0,0,0.0,0,0.0,0,0.0,0,0.0,2,1.0
南溪发布,2,1,no_media,0,2,2024-11,0.0,0.0,1.0,0,0.0,0,0.0,0,0.0,0,0.0,1,1.0,0,0.0,0,0.0,0,0.0,0,0.0
南瓜叶2099,4,3,no_media,0,4,2023-05,0.6666666666666666,0.3333333333333333,0.0,0,0.0,1,0.3333333333333333,0,0.0,2,0.6666666666666666,0,0.0,0,0.0,0,0.0,0,0.0,0,0.0
南粤女声,2,1,no_media,0,2,2023-05,0.0,0.0,1.0,0,0.0,0,0.0,0,0.0,0,0.0,1,1.0,0,0.0,0,0.0,0,0.0,0,0.0
南蛮子儿哟,5,4,wemedia_only,7,5,2023-04,0.25,0.25,0.5,0,0.0,1,0.25,0,0.0,1,0.25,2,0.5,0,0.0,0,0.0,0,0.0,0,0.0
南通发布,4,3,no_media,0,4,2023-02,0.0,0.0,1.0,0,0.0,0,0.0,0,0.0,0,0.0,3,1.0,0,0.0,0,0.0,0,0.0,0,0.0
南通市人民检察院,2,1,no_media,0,2,2023-01,0.0,0.0,1.0,0,0.0,0,0.0,0,0.0,0,0.0,1,1.0,0,0.0,0,0.0,0,0.0,0,0.0
南通政法,20,19,no_media,0,17,2022-01,0.0,0.0,1.0,0,0.0,0,0.0,0,0.0,0,0.0,19,1.0,0,0.0,0,0.0,0,0.0,0,0.0
南通日报,4,3,no_media,0,4,2022-04,0.0,0.0,1.0,0,0.0,0,0.0,0,0.0,0,0.0,3,1.0,0,0.0,0,0.0,0,0.0,0,0.0
南通老狼,2,1,no_media,0,2,2023-02,0.0,0.0,0.0,0,0.0,0,0.0,0,0.0,0,0.0,0,0.0,1,1.0,0,0.0,0,0.0,0,0.0
南都全娱乐,2,1,no_media,0,1,2023-10,0.0,0.0,1.0,0,0.0,0,0.0,0,0.0,0,0.0,1,1.0,0,0.0,0,0.0,0,0.0,0,0.0
南阳广播电视台,3,2,no_media,0,3,2023-06,0.0,0.0,1.0,0,0.0,0,0.0,0,0.0,0,0.0,2,1.0,0,0.0,0,0.0,0,0.0,0,0.0
南阳政法,3,2,mainstream_only,2,3,2022-10,0.0,0.0,1.0,0,0.0,0,0.0,0,0.0,0,0.0,2,1.0,0,0.0,0,0.0,0,0.0,0,0.0
南阳新闻广播,3,2,no_media,0,3,2020-03,0.0,0.0,1.0,0,0.0,0,0.0,0,0.0,0,0.0,2,1.0,0,0.0,0,0.0,0,0.0,0,0.0
南阳日报,32,31,no_media,0,24,2020-03,0.0,0.0,1.0,0,0.0,0,0.0,0,0.0,0,0.0,31,1.0,0,0.0,0,0.0,0,0.0,0,0.0
南阳晚报,26,25,no_media,0,22,2021-08,0.0,0.0,1.0,0,0.0,0,0.0,0,0.0,0,0.0,25,1.0,0,0.0,0,0.0,0,0.0,0,0.0
南阳网官方微博,6,5,no_media,0,5,2021-09,0.0,0.0,1.0,0,0.0,0,0.0,0,0.0,0,0.0,5,1.0,0,0.0,0,0.0,0,0.0,0,0.0
南风小怪物,2,1,no_media,3,2,2022-12,0.0,0.0,0.0,0,0.0,0,0.0,0,0.0,0,0.0,0,0.0,0,0.0,0,0.0,1,1.0,0,0.0
博妹勇敢飞,3,2,mainstream_only,2,3,2024-01,0.5,0.0,0.0,1,0.5,0,0.0,0,0.0,0,0.0,0,0.0,0,0.0,1,0.5,0,0.0,0,0.0
博戰並肩,2,1,no_media,0,2,2024-06,0.0,0.0,0.0,0,0.0,0,0.0,0,0.0,0,0.0,0,0.0,0,0.0,0,0.0,1,1.0,0,0.0
博爱定西,2,1,no_media,7,2,2020-03,0.0,0.0,1.0,0,0.0,0,0.0,0,0.0,0,0.0,1,1.0,0,0.0,0,0.0,0,0.0,0,0.0
博聆助听器济南经七路,2,1,no_media,0,2,2023-04,0.0,0.0,1.0,0,0.0,0,0.0,0,0.0,0,0.0,1,1.0,0,0.0,0,0.0,0,0.0,0,0.0
博闻视点,5,4,no_media,0,5,2023-02,0.25,0.5,0.0,1,0.25,2,0.5,0,0.0,1,0.25,0,0.0,0,0.0,0,0.0,0,0.0,0,0.0
博鳌亚洲论坛,2,1,no_media,0,2,2023-04,0.0,0.0,1.0,0,0.0,0,0.0,0,0.0,0,0.0,1,1.0,0,0.0,0,0.0,0,0.0,0,0.0
卜卜酱VitaA,2,1,no_media,0,2,2023-04,1.0,0.0,0.0,0,0.0,0,0.0,0,0.0,0,0.0,0,0.0,0,0.0,1,1.0,0,0.0,0,0.0
占得人间一味愚ING,2,1,no_media,0,2,2023-06,0.0,0.0,0.0,0,0.0,0,0.0,0,0.0,0,0.0,0,0.0,0,0.0,0,0.0,0,0.0,1,1.0
占星咨询师梁馨月,2,1,no_media,0,2,2023-03,0.0,0.0,1.0,0,0.0,0,0.0,0,0.0,0,0.0,1,1.0,0,0.0,0,0.0,0,0.0,0,0.0
卡_边,2,1,no_media,0,1,2023-09,0.0,0.0,1.0,0,0.0,0,0.0,0,0.0,0,0.0,1,1.0,0,0.0,0,0.0,0,0.0,0,0.0
卡拉马佐夫大兄弟,2,1,no_media,0,2,2023-08,0.0,0.0,0.0,0,0.0,0,0.0,0,0.0,0,0.0,0,0.0,0,0.0,0,0.0,0,0.0,1,1.0
卡李,3,2,wemedia_only,6,3,2023-02,0.0,0.5,0.0,0,0.0,0,0.0,1,0.5,0,0.0,0,0.0,0,0.0,0,0.0,1,0.5,0,0.0
卢卡斯-Wang,2,1,no_media,1,2,2022-09,1.0,0.0,0.0,0,0.0,0,0.0,0,0.0,1,1.0,0,0.0,0,0.0,0,0.0,0,0.0,0,0.0
卢指导说你还挺懂球啊,2,1,no_media,0,2,2023-02,1.0,0.0,0.0,0,0.0,0,0.0,0,0.0,0,0.0,0,0.0,0,0.0,1,1.0,0,0.0,0,0.0
卢晓周,6,5,no_media,0,6,2022-08,0.0,0.2,0.0,0,0.0,0,0.0,1,0.2,0,0.0,0,0.0,0,0.0,0,0.0,0,0.0,4,0.8
卢瑟希for特摄是本命,2,1,mainstream_only,4,2,2023-02,0.0,0.0,0.0,0,0.0,0,0.0,0,0.0,0,0.0,0,0.0,0,0.0,0,0.0,0,0.0,1,1.0
卢阿鱼鱼,2,1,no_media,0,2,2023-05,1.0,0.0,0.0,0,0.0,0,0.0,0,0.0,0,0.0,0,0.0,0,0.0,1,1.0,0,0.0,0,0.0
卤煮疫苗,38,37,wemedia_only,2,38,2023-02,0.08108108108108109,0.08108108108108109,0.8378378378378378,0,0.0,3,0.08108108108108109,0,0.0,3,0.08108108108108109,31,0.8378378378378378,0,0.0,0,0.0,0,0.0,0,0.0
卧龙观势V,2,1,no_media,1,2,2022-12,0.0,1.0,0.0,0,0.0,1,1.0,0,0.0,0,0.0,0,0.0,0,0.0,0,0.0,0,0.0,0,0.0
卫正言摄影,6,5,no_media,1,5,2023-02,0.0,0.0,1.0,0,0.0,0,0.0,0,0.0,0,0.0,5,1.0,0,0.0,0,0.0,0,0.0,0,0.0
印象烟台,4,3,no_media,0,4,2023-05,0.0,0.0,0.0,0,0.0,0,0.0,0,0.0,0,0.0,0,0.0,1,0.3333333333333333,0,0.0,2,0.6666666666666666,0,0.0
即墨融媒,3,2,no_media,0,3,2023-02,0.0,0.0,1.0,0,0.0,0,0.0,0,0.0,0,0.0,2,1.0,0,0.0,0,0.0,0,0.0,0,0.0
即将成为做饭大师,4,3,no_media,0,4,2023-03,0.3333333333333333,0.6666666666666666,0.0,0,0.0,1,0.3333333333333333,1,0.3333333333333333,1,0.3333333333333333,0,0.0,0,0.0,0,0.0,0,0.0,0,0.0
卿本華清,5,4,mainstream_only,2,4,2023-05,0.25,0.5,0.0,0,0.0,1,0.25,1,0.25,1,0.25,0,0.0,0,0.0,0,0.0,1,0.25,0,0.0
卿缥缥,2,1,no_media,0,2,2023-02,0.0,0.0,0.0,0,0.0,0,0.0,0,0.0,0,0.0,0,0.0,1,1.0,0,0.0,0,0.0,0,0.0
厂长是关同学,2,1,no_media,1,2,2021-11,0.0,1.0,0.0,0,0.0,1,1.0,0,0.0,0,0.0,0,0.0,0,0.0,0,0.0,0,0.0,0,0.0
历史冷幽默,4,3,no_media,0,4,2022-12,0.3333333333333333,0.0,0.0,0,0.0,0,0.0,0,0.0,1,0.3333333333333333,0,0.0,1,0.3333333333333333,0,0.0,1,0.3333333333333333,0,0.0
历史课课戴表,2,1,no_media,0,2,2023-02,0.0,1.0,0.0,0,0.0,1,1.0,0,0.0,0,0.0,0,0.0,0,0.0,0,0.0,0,0.0,0,0.0
厚朴中医健康管理中心西城店,3,2,no_media,0,3,2023-05,0.0,0.0,1.0,0,0.0,0,0.0,0,0.0,0,0.0,2,1.0,0,0.0,0,0.0,0,0.0,0,0.0
厚朴岚光,3,2,no_media,0,3,2024-08,0.0,0.0,1.0,0,0.0,0,0.0,0,0.0,0,0.0,2,1.0,0,0.0,0,0.0,0,0.0,0,0.0
原来是西西弗斯Sisyphus,2,1,no_media,0,2,2023-12,0.0,0.0,0.0,0,0.0,0,0.0,0,0.0,0,0.0,0,0.0,0,0.0,0,0.0,0,0.0,1,1.0
原濑佐田,2,1,no_media,2,2,2024-12,0.0,0.0,1.0,0,0.0,0,0.0,0,0.0,0,0.0,1,1.0,0,0.0,0,0.0,0,0.0,0,0.0
原真yz,4,3,no_media,5,4,2023-03,0.0,0.0,0.3333333333333333,0,0.0,0,0.0,0,0.0,0,0.0,1,0.3333333333333333,1,0.3333333333333333,0,0.0,1,0.3333333333333333,0,0.0
原鹿--,3,2,no_media,1,2,2023-02,0.0,0.0,1.0,0,0.0,0,0.0,0,0.0,0,0.0,2,1.0,0,0.0,0,0.0,0,0.0,0,0.0
厦门广电,7,6,no_media,0,6,2023-02,0.0,0.0,1.0,0,0.0,0,0.0,0,0.0,0,0.0,6,1.0,0,0.0,0,0.0,0,0.0,0,0.0
厦门日报,8,7,no_media,0,8,2023-01,0.0,0.0,1.0,0,0.0,0,0.0,0,0.0,0,0.0,7,1.0,0,0.0,0,0.0,0,0.0,0,0.0
厦门晚报,10,9,no_media,0,8,2020-04,0.0,0.0,1.0,0,0.0,0,0.0,0,0.0,0,0.0,9,1.0,0,0.0,0,0.0,0,0.0,0,0.0
厦门网,13,12,no_media,0,10,2020-03,0.0,0.0,1.0,0,0.0,0,0.0,0,0.0,0,0.0,12,1.0,0,0.0,0,0.0,0,0.0,0,0.0
厶挀旳-,2,1,no_media,0,2,2024-11,0.0,1.0,0.0,0,0.0,0,0.0,1,1.0,0,0.0,0,0.0,0,0.0,0,0.0,0,0.0,0,0.0
去冰三分甜超大杯,3,2,mainstream_only,1,3,2023-05,0.5,0.5,0.0,0,0.0,1,0.5,0,0.0,1,0.5,0,0.0,0,0.0,0,0.0,0,0.0,0,0.0
去撞南墙啊,2,1,no_media,2,2,2023-02,0.0,0.0,1.0,0,0.0,0,0.0,0,0.0,0,0.0,1,1.0,0,0.0,0,0.0,0,0.0,0,0.0
县城青年李大包,2,1,no_media,1,2,2024-07,0.0,0.0,0.0,0,0.0,0,0.0,0,0.0,0,0.0,0,0.0,1,1.0,0,0.0,0,0.0,0,0.0
参考消息,68,67,no_media,0,64,2020-04,0.014925373134328358,0.014925373134328358,0.9701492537313433,0,0.0,1,0.014925373134328358,0,0.0,1,0.014925373134328358,65,0.9701492537313433,0,0.0,0,0.0,0,0.0,0,0.0
又又几几,2,1,no_media,0,2,2023-07,0.0,0.0,0.0,0,0.0,0,0.0,0,0.0,0,0.0,0,0.0,0,0.0,0,0.0,0,0.0,1,1.0
又平又坚又宽,2,1,no_media,0,2,2025-03,0.0,1.0,0.0,0,0.0,0,0.0,1,1.0,0,0.0,0,0.0,0,0.0,0,0.0,0,0.0,0,0.0
又懒又馋熊猫座,2,1,no_media,0,2,2024-02,0.0,0.0,0.0,0,0.0,0,0.0,0,0.0,0,0.0,0,0.0,0,0.0,0,0.0,0,0.0,1,1.0
又简单又趣闻的昵称,13,12,dual,7,11,2023-07,0.16666666666666666,0.16666666666666666,0.3333333333333333,1,0.08333333333333333,2,0.16666666666666666,0,0.0,2,0.16666666666666666,4,0.3333333333333333,1,0.08333333333333333,0,0.0,1,0.08333333333333333,1,0.08333333333333333
友佳202107,2,1,no_media,0,2,2025-05,0.0,0.0,1.0,0,0.0,0,0.0,0,0.0,0,0.0,1,1.0,0,0.0,0,0.0,0,0.0,0,0.0
双刀武士丽丽子,3,2,no_media,0,3,2023-08,0.5,0.0,0.0,0,0.0,0,0.0,0,0.0,0,0.0,0,0.0,0,0.0,1,0.5,0,0.0,1,0.5
双子幺幺儿,5,4,no_media,0,5,2023-01,0.25,0.25,0.0,0,0.0,1,0.25,0,0.0,1,0.25,0,0.0,0,0.0,0,0.0,1,0.25,1,0.25
双流西航港,2,1,no_media,0,2,2023-03,0.0,0.0,1.0,0,0.0,0,0.0,0,0.0,0,0.0,1,1.0,0,0.0,0,0.0,0,0.0,0,0.0
双胞胎伊莲,2,1,no_media,0,2,2022-12,0.0,0.0,1.0,0,0.0,0,0.0,0,0.0,0,0.0,1,1.0,0,0.0,0,0.0,0,0.0,0,0.0
双鱼座的汪小贝,2,1,no_media,0,2,2023-04,0.0,0.0,0.0,0,0.0,0,0.0,0,0.0,0,0.0,0,0.0,0,0.0,0,0.0,1,1.0,0,0.0
反对新世界秩序,10,9,no_media,20,10,2023-02,0.1111111111111111,0.1111111111111111,0.2222222222222222,5,0.5555555555555556,1,0.1111111111111111,0,0.0,1,0.1111111111111111,2,0.2222222222222222,0,0.0,0,0.0,0,0.0,0,0.0
反指标,3,2,no_media,0,3,2024-01,0.5,0.5,0.0,0,0.0,0,0.0,1,0.5,0,0.0,0,0.0,0,0.0,1,0.5,0,0.0,0,0.0
反着来啦,3,2,no_media,2,3,2023-06,0.5,0.5,0.0,0,0.0,0,0.0,1,0.5,0,0.0,0,0.0,0,0.0,1,0.5,0,0.0,0,0.0
反腐败不加V,2,1,no_media,0,2,2022-12,0.0,0.0,1.0,0,0.0,0,0.0,0,0.0,0,0.0,1,1.0,0,0.0,0,0.0,0,0.0,0,0.0
反面教材,2,1,no_media,0,2,2024-06,0.0,0.0,1.0,0,0.0,0,0.0,0,0.0,0,0.0,1,1.0,0,0.0,0,0.0,0,0.0,0,0.0
发呆的肖呆子,2,1,no_media,0,1,2020-03,0.0,0.0,1.0,0,0.0,0,0.0,0,0.0,0,0.0,1,1.0,0,0.0,0,0.0,0,0.0,0,0.0
取个名字太难了00011,2,1,dual,4,2,2023-02,1.0,0.0,0.0,0,0.0,0,0.0,0,0.0,1,1.0,0,0.0,0,0.0,0,0.0,0,0.0,0,0.0
叙州之窗,7,6,no_media,0,6,2023-03,0.16666666666666666,0.16666666666666666,0.6666666666666666,0,0.0,1,0.16666666666666666,0,0.0,1,0.16666666666666666,4,0.6666666666666666,0,0.0,0,0.0,0,0.0,0,0.0
口腔健康从齿开始,22,21,wemedia_only,2,17,2023-04,0.0,0.0,1.0,0,0.0,0,0.0,0,0.0,0,0.0,21,1.0,0,0.0,0,0.0,0,0.0,0,0.0
古今大观园,2,1,no_media,0,2,2025-01,0.0,0.0,1.0,0,0.0,0,0.0,0,0.0,0,0.0,1,1.0,0,0.0,0,0.0,0,0.0,0,0.0
古倫美亞,3,2,no_media,4,3,2023-07,0.5,0.5,0.0,0,0.0,0,0.0,1,0.5,1,0.5,0,0.0,0,0.0,0,0.0,0,0.0,0,0.0
古占味的小满,2,1,no_media,0,2,2023-03,0.0,0.0,0.0,0,0.0,0,0.0,0,0.0,0,0.0,0,0.0,1,1.0,0,0.0,0,0.0,0,0.0
古寺屋,2,1,no_media,0,2,2023-05,1.0,0.0,0.0,0,0.0,0,0.0,0,0.0,1,1.0,0,0.0,0,0.0,0,0.0,0,0.0,0,0.0
古崖花祭司,2,1,no_media,0,2,2024-04,0.0,0.0,0.0,0,0.0,0,0.0,0,0.0,0,0.0,0,0.0,0,0.0,0,0.0,1,1.0,0,0.0
古法煴灸-非遗瑰宝,2,1,no_media,0,2,2024-04,0.0,0.0,1.0,0,0.0,0,0.0,0,0.0,0,0.0,1,1.0,0,0.0,0,0.0,0,0.0,0,0.0
古秋一笑,2,1,no_media,0,2,2024-03,0.0,0.0,1.0,0,0.0,0,0.0,0,0.0,0,0.0,1,1.0,0,0.0,0,0.0,0,0.0,0,0.0
句迷人,6,5,no_media,10,6,2023-02,0.2,0.2,0.0,0,0.0,0,0.0,1,0.2,0,0.0,0,0.0,0,0.0,1,0.2,0,0.0,3,0.6
另类国度,3,2,no_media,0,3,2025-01,0.0,0.0,1.0,0,0.0,0,0.0,0,0.0,0,0.0,2,1.0,0,0.0,0,0.0,0,0.0,0,0.0
另类国度的小螺号,2,1,no_media,0,2,2023-11,0.0,0.0,1.0,0,0.0,0,0.0,0,0.0,0,0.0,1,1.0,0,0.0,0,0.0,0,0.0,0,0.0
叨叨在暴富ING,10,9,no_media,0,10,2023-02,0.2222222222222222,0.2222222222222222,0.1111111111111111,4,0.4444444444444444,2,0.2222222222222222,0,0.0,2,0.2222222222222222,1,0.1111111111111111,0,0.0,0,0.0,0,0.0,0,0.0
只买半价,2,1,no_media,0,2,2023-05,0.0,0.0,0.0,1,1.0,0,0.0,0,0.0,0,0.0,0,0.0,0,0.0,0,0.0,0,0.0,0,0.0
只想做一条快乐的咸鱼666,4,3,no_media,0,4,2023-07,0.0,0.3333333333333333,0.0,0,0.0,0,0.0,1,0.3333333333333333,0,0.0,0,0.0,0,0.0,0,0.0,0,0.0,2,0.6666666666666666
只想天天去玩去嗨皮,2,1,no_media,0,2,2023-05,1.0,0.0,0.0,0,0.0,0,0.0,0,0.0,0,0.0,0,0.0,0,0.0,1,1.0,0,0.0,0,0.0
只有我能做自己的神明,2,1,no_media,0,2,2023-02,0.0,0.0,0.0,0,0.0,0,0.0,0,0.0,0,0.0,0,0.0,0,0.0,0,0.0,0,0.0,1,1.0
叫我女王大人一万次,3,2,no_media,0,3,2023-03,0.0,0.0,0.0,0,0.0,0,0.0,0,0.0,0,0.0,0,0.0,0,0.0,0,0.0,0,0.0,2,1.0
叫我梨花姐姐,2,1,no_media,0,2,2024-01,0.0,0.0,0.0,0,0.0,0,0.0,0,0.0,0,0.0,0,0.0,0,0.0,0,0.0,0,0.0,1,1.0
叮个桄榔,3,2,wemedia_only,5,3,2023-08,0.5,0.5,0.0,0,0.0,1,0.5,0,0.0,1,0.5,0,0.0,0,0.0,0,0.0,0,0.0,0,0.0
叮当_做Lucky锦鲤,3,2,no_media,1,3,2023-02,0.0,0.5,0.0,1,0.5,0,0.0,1,0.5,0,0.0,0,0.0,0,0.0,0,0.0,0,0.0,0,0.0
可乐一来了,9,8,no_media,0,6,2023-02,0.0,0.0,1.0,0,0.0,0,0.0,0,0.0,0,0.0,8,1.0,0,0.0,0,0.0,0,0.0,0,0.0
可乐不要可乐只要冰,2,1,no_media,0,2,2022-12,1.0,0.0,0.0,0,0.0,0,0.0,0,0.0,1,1.0,0,0.0,0,0.0,0,0.0,0,0.0,0,0.0
可于可乐,2,1,wemedia_only,4,1,2022-01,0.0,0.0,1.0,0,0.0,0,0.0,0,0.0,0,0.0,1,1.0,0,0.0,0,0.0,0,0.0,0,0.0
可友健康,3,2,no_media,0,3,2023-05,0.0,0.0,1.0,0,0.0,0,0.0,0,0.0,0,0.0,2,1.0,0,0.0,0,0.0,0,0.0,0,0.0
可口可乐可甜可闲,4,3,no_media,0,3,2022-12,0.0,0.0,0.0,0,0.0,0,0.0,0,0.0,0,0.0,0,0.0,1,0.3333333333333333,0,0.0,2,0.6666666666666666,0,0.0
可可_钱包扇不胖的,2,1,wemedia_only,3,2,2024-06,0.0,0.0,1.0,0,0.0,0,0.0,0,0.0,0,0.0,1,1.0,0,0.0,0,0.0,0,0.0,0,0.0
可可的喵喵台,3,2,no_media,0,3,2023-09,0.0,0.0,0.0,0,0.0,0,0.0,0,0.0,0,0.0,0,0.0,0,0.0,0,0.0,0,0.0,2,1.0
可多yu,2,1,no_media,2,2,2022-03,0.0,0.0,0.0,1,1.0,0,0.0,0,0.0,0,0.0,0,0.0,0,0.0,0,0.0,0,0.0,0,0.0
可爱猴猴头菇,2,1,no_media,0,2,2023-06,0.0,0.0,0.0,0,0.0,0,0.0,0,0.0,0,0.0,0,0.0,0,0.0,0,0.0,0,0.0,1,1.0
可爱皮皮丑宝贝,2,1,no_media,0,2,2023-03,0.0,0.0,0.0,0,0.0,0,0.0,0,0.0,0,0.0,0,0.0,1,1.0,0,0.0,0,0.0,0,0.0
可知季汉柳文鸳,3,2,no_media,3,3,2024-01,0.0,0.0,1.0,0,0.0,0,0.0,0,0.0,0,0.0,2,1.0,0,0.0,0,0.0,0,0.0,0,0.0
可邻君,2,1,no_media,0,2,2023-03,0.0,0.0,1.0,0,0.0,0,0.0,0,0.0,0,0.0,1,1.0,0,0.0,0,0.0,0,0.0,0,0.0
可邻知识君,3,2,no_media,0,3,2023-03,0.0,0.0,1.0,0,0.0,0,0.0,0,0.0,0,0.0,2,1.0,0,0.0,0,0.0,0,0.0,0,0.0
台北爸爸-阿宏,2,1,no_media,0,2,2023-02,0.0,0.0,0.0,1,1.0,0,0.0,0,0.0,0,0.0,0,0.0,0,0.0,0,0.0,0,0.0,0,0.0
台州日报,2,1,no_media,0,2,2023-03,0.0,0.0,1.0,0,0.0,0,0.0,0,0.0,0,0.0,1,1.0,0,0.0,0,0.0,0,0.0,0,0.0
台江发布,3,2,no_media,0,3,2023-02,0.0,0.0,1.0,0,0.0,0,0.0,0,0.0,0,0.0,2,1.0,0,0.0,0,0.0,0,0.0,0,0.0
台海网,2,1,no_media,0,2,2024-02,0.0,0.0,1.0,0,0.0,0,0.0,0,0.0,0,0.0,1,1.0,0,0.0,0,0.0,0,0.0,0,0.0
台湾傻事,2,1,no_media,0,2,2023-07,0.0,0.0,1.0,0,0.0,0,0.0,0,0.0,0,0.0,1,1.0,0,0.0,0,0.0,0,0.0,0,0.0
史主任健康,4,3,no_media,0,4,2024-03,0.0,0.3333333333333333,0.6666666666666666,0,0.0,1,0.3333333333333333,0,0.0,0,0.0,2,0.6666666666666666,0,0.0,0,0.0,0,0.0,0,0.0
史佩杰,2,1,no_media,0,2,2023-06,0.0,0.0,1.0,0,0.0,0,0.0,0,0.0,0,0.0,1,1.0,0,0.0,0,0.0,0,0.0,0,0.0
史墨尘,3,2,no_media,0,3,2023-06,0.0,0.0,1.0,0,0.0,0,0.0,0,0.0,0,0.0,2,1.0,0,0.0,0,0.0,0,0.0,0,0.0
史老柒,3,2,no_media,5,3,2023-02,0.5,0.0,0.0,1,0.5,0,0.0,0,0.0,1,0.5,0,0.0,0,0.0,0,0.0,0,0.0,0,0.0
史诗奇幻小酒馆,3,2,no_media,2,2,2023-03,0.5,0.5,0.0,0,0.0,1,0.5,0,0.0,0,0.0,0,0.0,0,0.0,1,0.5,0,0.0,0,0.0
右江民族医学院,2,1,no_media,0,2,2023-03,0.0,0.0,1.0,0,0.0,0,0.0,0,0.0,0,0.0,1,1.0,0,0.0,0,0.0,0,0.0,0,0.0
叶半夏_新年新气象,2,1,wemedia_only,2,2,2023-06,0.0,0.0,1.0,0,0.0,0,0.0,0,0.0,0,0.0,1,1.0,0,0.0,0,0.0,0,0.0,0,0.0
叶沐槿,2,1,no_media,1,2,2023-02,0.0,0.0,1.0,0,0.0,0,0.0,0,0.0,0,0.0,1,1.0,0,0.0,0,0.0,0,0.0,0,0.0
叶盛医生,4,3,no_media,0,4,2023-02,0.0,0.0,1.0,0,0.0,0,0.0,0,0.0,0,0.0,3,1.0,0,0.0,0,0.0,0,0.0,0,0.0
叶苍茫2022,3,2,no_media,1,3,2023-12,0.0,0.5,0.5,0,0.0,1,0.5,0,0.0,0,0.0,1,0.5,0,0.0,0,0.0,0,0.0,0,0.0
叶行舟_作者大大们今天更新了吗,2,1,no_media,12,2,2023-04,1.0,0.0,0.0,0,0.0,0,0.0,0,0.0,1,1.0,0,0.0,0,0.0,0,0.0,0,0.0,0,0.0
叶青,2,1,no_media,0,2,2023-09,0.0,0.0,1.0,0,0.0,0,0.0,0,0.0,0,0.0,1,1.0,0,0.0,0,0.0,0,0.0,0,0.0
司法公平公正公开,8,7,no_media,8,1,2024-04,0.0,0.0,0.0,7,1.0,0,0.0,0,0.0,0,0.0,0,0.0,0,0.0,0,0.0,0,0.0,0,0.0
司法小秤砣i,2,1,no_media,0,2,2024-08,1.0,0.0,0.0,0,0.0,0,0.0,0,0.0,1,1.0,0,0.0,0,0.0,0,0.0,0,0.0,0,0.0
司空闪,5,4,no_media,3,5,2023-05,0.0,0.25,0.75,0,0.0,1,0.25,0,0.0,0,0.0,3,0.75,0,0.0,0,0.0,0,0.0,0,0.0
司馬子瀟瀟,2,1,no_media,0,2,2023-03,0.0,0.0,1.0,0,0.0,0,0.0,0,0.0,0,0.0,1,1.0,0,0.0,0,0.0,0,0.0,0,0.0
司马兰旦,2,1,no_media,0,2,2023-02,0.0,1.0,0.0,0,0.0,1,1.0,0,0.0,0,0.0,0,0.0,0,0.0,0,0.0,0,0.0,0,0.0
司马南,2,1,no_media,0,2,2023-03,0.0,0.0,1.0,0,0.0,0,0.0,0,0.0,0,0.0,1,1.0,0,0.0,0,0.0,0,0.0,0,0.0
叽叽歪歪唧唧小七,2,1,wemedia_only,1,1,2022-03,0.0,0.0,1.0,0,0.0,0,0.0,0,0.0,0,0.0,1,1.0,0,0.0,0,0.0,0,0.0,0,0.0
吁虞宇Yu_,2,1,no_media,0,1,2022-03,0.0,0.0,0.0,0,0.0,0,0.0,0,0.0,0,0.0,0,0.0,0,0.0,0,0.0,1,1.0,0,0.0
吃了睡醒了笑,2,1,no_media,3,2,2025-03,0.0,0.0,1.0,0,0.0,0,0.0,0,0.0,0,0.0,1,1.0,0,0.0,0,0.0,0,0.0,0,0.0
吃你不吃肉,2,1,no_media,0,2,2023-11,0.0,0.0,1.0,0,0.0,0,0.0,0,0.0,0,0.0,1,1.0,0,0.0,0,0.0,0,0.0,0,0.0
吃水蜜桃的胖桃,2,1,no_media,14,2,2022-12,0.0,0.0,0.0,0,0.0,0,0.0,0,0.0,0,0.0,0,0.0,0,0.0,0,0.0,0,0.0,1,1.0
吃瓜群众岱岱2023,2,1,no_media,0,2,2023-08,1.0,0.0,0.0,0,0.0,0,0.0,0,0.0,0,0.0,0,0.0,0,0.0,1,1.0,0,0.0,0,0.0
吃瓜群众的vip票,2,1,no_media,0,2,2025-01,0.0,0.0,1.0,0,0.0,0,0.0,0,0.0,0,0.0,1,1.0,0,0.0,0,0.0,0,0.0,0,0.0
吃着凉粉刷微博,2,1,no_media,1,1,2024-01,0.0,0.0,0.0,1,1.0,0,0.0,0,0.0,0,0.0,0,0.0,0,0.0,0,0.0,0,0.0,0,0.0
吃羊肉的疯子,2,1,no_media,0,2,2023-05,0.0,0.0,1.0,0,0.0,0,0.0,0,0.0,0,0.0,1,1.0,0,0.0,0,0.0,0,0.0,0,0.0
吃肉开心,2,1,no_media,0,2,2023-02,0.0,0.0,1.0,0,0.0,0,0.0,0,0.0,0,0.0,1,1.0,0,0.0,0,0.0,0,0.0,0,0.0
吃肉肉怕胖的喵酱,2,1,no_media,1,2,2023-05,1.0,0.0,0.0,0,0.0,0,0.0,0,0.0,1,1.0,0,0.0,0,0.0,0,0.0,0,0.0,0,0.0
吃藕是个连音字,6,5,no_media,0,6,2023-10,0.0,0.0,0.0,0,0.0,0,0.0,0,0.0,0,0.0,0,0.0,0,0.0,0,0.0,0,0.0,5,1.0
吃货少女的幸福人生,2,1,no_media,0,2,2023-05,0.0,0.0,0.0,0,0.0,0,0.0,0,0.0,0,0.0,0,0.0,0,0.0,0,0.0,1,1.0,0,0.0
吃货的小表情,3,2,no_media,0,3,2022-12,0.0,0.0,0.0,0,0.0,0,0.0,0,0.0,0,0.0,0,0.0,1,0.5,0,0.0,1,0.5,0,0.0
吃饭睡觉少年郎_,2,1,no_media,0,2,2023-05,0.0,0.0,0.0,0,0.0,0,0.0,0,0.0,0,0.0,0,0.0,0,0.0,0,0.0,0,0.0,1,1.0
吃饱吃好健康快乐,30,29,no_media,0,29,2023-02,0.10344827586206896,0.10344827586206896,0.7586206896551724,0,0.0,3,0.10344827586206896,0,0.0,2,0.06896551724137931,22,0.7586206896551724,1,0.034482758620689655,1,0.034482758620689655,0,0.0,0,0.0
各界导报社官微,66,65,no_media,0,54,2020-04,0.0,0.0,1.0,0,0.0,0,0.0,0,0.0,0,0.0,65,1.0,0,0.0,0,0.0,0,0.0,0,0.0
合创汇知,2,1,mainstream_only,2,1,2021-11,0.0,0.0,1.0,0,0.0,0,0.0,0,0.0,0,0.0,1,1.0,0,0.0,0,0.0,0,0.0,0,0.0
合新闻,3,2,no_media,0,3,2023-09,0.0,0.0,1.0,0,0.0,0,0.0,0,0.0,0,0.0,2,1.0,0,0.0,0,0.0,0,0.0,0,0.0
合肥中医木心,3,2,no_media,0,3,2023-05,0.0,0.0,1.0,0,0.0,0,0.0,0,0.0,0,0.0,2,1.0,0,0.0,0,0.0,0,0.0,0,0.0
合肥京东方医院,2,1,no_media,0,2,2023-03,0.0,0.0,1.0,0,0.0,0,0.0,0,0.0,0,0.0,1,1.0,0,0.0,0,0.0,0,0.0,0,0.0
合肥反邪教,11,10,mainstream_only,3,10,2020-03,0.0,0.0,1.0,0,0.0,0,0.0,0,0.0,0,0.0,10,1.0,0,0.0,0,0.0,0,0.0,0,0.0
合肥在线,19,18,no_media,0,18,2020-03,0.0,0.0,1.0,0,0.0,0,0.0,0,0.0,0,0.0,18,1.0,0,0.0,0,0.0,0,0.0,0,0.0
合肥探长plus,2,1,no_media,0,1,2023-11,0.0,0.0,0.0,0,0.0,0,0.0,0,0.0,0,0.0,0,0.0,0,0.0,0,0.0,0,0.0,1,1.0
合肥新站区,2,1,no_media,0,2,2023-02,0.0,0.0,1.0,0,0.0,0,0.0,0,0.0,0,0.0,1,1.0,0,0.0,0,0.0,0,0.0,0,0.0
合肥新闻频道,2,1,no_media,0,2,2023-02,0.0,0.0,1.0,0,0.0,0,0.0,0,0.0,0,0.0,1,1.0,0,0.0,0,0.0,0,0.0,0,0.0
合肥日报,14,13,no_media,0,12,2020-04,0.0,0.0,1.0,0,0.0,0,0.0,0,0.0,0,0.0,13,1.0,0,0.0,0,0.0,0,0.0,0,0.0
合肥晚报,22,21,no_media,0,20,2020-03,0.0,0.0,1.0,0,0.0,0,0.0,0,0.0,0,0.0,21,1.0,0,0.0,0,0.0,0,0.0,0,0.0
吉传铁的微博,2,1,no_media,1,2,2023-08,0.0,0.0,1.0,0,0.0,0,0.0,0,0.0,0,0.0,1,1.0,0,0.0,0,0.0,0,0.0,0,0.0
吉卡生物官微,2,1,no_media,0,2,2023-02,0.0,0.0,1.0,0,0.0,0,0.0,0,0.0,0,0.0,1,1.0,0,0.0,0,0.0,0,0.0,0,0.0
吉吉吉喆喆喆古古古,2,1,no_media,0,2,2023-02,0.0,0.0,1.0,0,0.0,0,0.0,0,0.0,0,0.0,1,1.0,0,0.0,0,0.0,0,0.0,0,0.0
吉姆加里森,2,1,no_media,1,2,2023-07,0.0,0.0,0.0,0,0.0,0,0.0,0,0.0,0,0.0,0,0.0,0,0.0,0,0.0,0,0.0,1,1.0
吉星拱照1419,2,1,dual,13,2,2023-08,0.0,0.0,1.0,0,0.0,0,0.0,0,0.0,0,0.0,1,1.0,0,0.0,0,0.0,0,0.0,0,0.0
吉星高照-lucky,2,1,mainstream_only,7,2,2023-07,0.0,0.0,1.0,0,0.0,0,0.0,0,0.0,0,0.0,1,1.0,0,0.0,0,0.0,0,0.0,0,0.0
吉林大冷面,2,1,no_media,0,2,2022-12,0.0,0.0,1.0,0,0.0,0,0.0,0,0.0,0,0.0,1,1.0,0,0.0,0,0.0,0,0.0,0,0.0
吉林市发布,58,57,no_media,0,50,2021-03,0.0,0.0,1.0,0,0.0,0,0.0,0,0.0,0,0.0,57,1.0,0,0.0,0,0.0,0,0.0,0,0.0
吉林日报,14,13,no_media,0,13,2020-03,0.0,0.0,1.0,0,0.0,0,0.0,0,0.0,0,0.0,13,1.0,0,0.0,0,0.0,0,0.0,0,0.0
吉林森林消防,7,6,no_media,0,1,2022-10,0.0,0.0,1.0,0,0.0,0,0.0,0,0.0,0,0.0,6,1.0,0,0.0,0,0.0,0,0.0,0,0.0
吉林省卫生健康委,6,5,mainstream_only,5,5,2023-03,0.0,0.0,1.0,0,0.0,0,0.0,0,0.0,0,0.0,5,1.0,0,0.0,0,0.0,0,0.0,0,0.0
吉林郝峰,2,1,no_media,0,2,2021-09,0.0,0.0,1.0,0,0.0,0,0.0,0,0.0,0,0.0,1,1.0,0,0.0,0,0.0,0,0.0,0,0.0
吉林高新区人民检察院,2,1,mainstream_only,1,2,2023-03,0.0,0.0,1.0,0,0.0,0,0.0,0,0.0,0,0.0,1,1.0,0,0.0,0,0.0,0,0.0,0,0.0
吉祥8643,2,1,no_media,18,2,2023-05,0.0,0.0,1.0,0,0.0,0,0.0,0,0.0,0,0.0,1,1.0,0,0.0,0,0.0,0,0.0,0,0.0
吉视频,3,2,no_media,0,3,2023-02,0.0,0.0,1.0,0,0.0,0,0.0,0,0.0,0,0.0,2,1.0,0,0.0,0,0.0,0,0.0,0,0.0
同心相随公益,10,9,no_media,0,9,2023-11,0.0,0.0,1.0,0,0.0,0,0.0,0,0.0,0,0.0,9,1.0,0,0.0,0,0.0,0,0.0,0,0.0
同有三和中医周医生,3,2,no_media,0,3,2023-01,0.0,0.0,1.0,0,0.0,0,0.0,0,0.0,0,0.0,2,1.0,0,0.0,0,0.0,0,0.0,0,0.0
同济大学附属天佑医院,2,1,no_media,0,2,2023-02,0.0,0.0,1.0,0,0.0,0,0.0,0,0.0,0,0.0,1,1.0,0,0.0,0,0.0,0,0.0,0,0.0
同福嗑栈,2,1,no_media,0,2,2023-04,0.0,0.0,1.0,0,0.0,0,0.0,0,0.0,0,0.0,1,1.0,0,0.0,0,0.0,0,0.0,0,0.0
同花顺,4,3,no_media,0,3,2022-10,0.0,0.0,1.0,0,0.0,0,0.0,0,0.0,0,0.0,3,1.0,0,0.0,0,0.0,0,0.0,0,0.0
名为木公,3,2,mainstream_only,3,3,2024-06,0.0,0.5,0.5,0,0.0,1,0.5,0,0.0,0,0.0,1,0.5,0,0.0,0,0.0,0,0.0,0,0.0
名老中医高才达,2,1,no_media,0,2,2024-06,0.0,0.0,1.0,0,0.0,0,0.0,0,0.0,0,0.0,1,1.0,0,0.0,0,0.0,0,0.0,0,0.0
后天晚上下雨吗,6,5,mainstream_only,2,6,2023-08,0.2,0.0,0.2,1,0.2,0,0.0,0,0.0,1,0.2,1,0.2,1,0.2,0,0.0,1,0.2,0,0.0
向上生发,3,2,no_media,0,3,2024-05,0.0,0.0,1.0,0,0.0,0,0.0,0,0.0,0,0.0,2,1.0,0,0.0,0,0.0,0,0.0,0,0.0
向上的妮子,2,1,no_media,0,1,2022-03,0.0,0.0,1.0,0,0.0,0,0.0,0,0.0,0,0.0,1,1.0,0,0.0,0,0.0,0,0.0,0,0.0
向往发展,7,6,dual,4,7,2023-03,0.16666666666666666,0.16666666666666666,0.5,1,0.16666666666666666,1,0.16666666666666666,0,0.0,1,0.16666666666666666,3,0.5,0,0.0,0,0.0,0,0.0,0,0.0
向日葵全盛的夏天2011,3,2,no_media,1,3,2023-02,0.0,0.0,0.0,0,0.0,0,0.0,0,0.0,0,0.0,0,0.0,0,0.0,0,0.0,1,0.5,1,0.5
向着希望抬头看太阳,2,1,no_media,0,2,2023-03,0.0,1.0,0.0,0,0.0,0,0.0,1,1.0,0,0.0,0,0.0,0,0.0,0,0.0,0,0.0,0,0.0
向阳花十字街纽扣,4,3,no_media,0,3,2023-05,0.0,0.0,1.0,0,0.0,0,0.0,0,0.0,0,0.0,3,1.0,0,0.0,0,0.0,0,0.0,0,0.0
吕兆玉刚A,2,1,no_media,1,2,2023-12,0.0,1.0,0.0,0,0.0,0,0.0,1,1.0,0,0.0,0,0.0,0,0.0,0,0.0,0,0.0,0,0.0
吕梁中院,2,1,mainstream_only,4,2,2022-12,0.0,0.0,1.0,0,0.0,0,0.0,0,0.0,0,0.0,1,1.0,0,0.0,0,0.0,0,0.0,0,0.0
吕永岩,4,3,no_media,1,4,2024-05,0.0,0.3333333333333333,0.3333333333333333,1,0.3333333333333333,1,0.3333333333333333,0,0.0,0,0.0,1,0.3333333333333333,0,0.0,0,0.0,0,0.0,0,0.0
吕网融媒,13,12,no_media,0,13,2023-02,0.08333333333333333,0.08333333333333333,0.8333333333333334,0,0.0,1,0.08333333333333333,0,0.0,1,0.08333333333333333,10,0.8333333333333334,0,0.0,0,0.0,0,0.0,0,0.0
吖贝贝吖,2,1,no_media,1,2,2023-05,1.0,0.0,0.0,0,0.0,0,0.0,0,0.0,1,1.0,0,0.0,0,0.0,0,0.0,0,0.0,0,0.0
君子坦荡荡xrcqq,3,2,no_media,3,3,2023-03,0.0,0.0,1.0,0,0.0,0,0.0,0,0.0,0,0.0,2,1.0,0,0.0,0,0.0,0,0.0,0,0.0
君心君二爷,2,1,no_media,0,2,2023-02,0.0,0.0,1.0,0,0.0,0,0.0,0,0.0,0,0.0,1,1.0,0,0.0,0,0.0,0,0.0,0,0.0
吞食泽维尔,2,1,no_media,0,2,2023-07,0.0,0.0,0.0,0,0.0,0,0.0,0,0.0,0,0.0,0,0.0,0,0.0,0,0.0,1,1.0,0,0.0
吟吟公寓,4,3,no_media,0,4,2023-06,0.0,0.0,1.0,0,0.0,0,0.0,0,0.0,0,0.0,3,1.0,0,0.0,0,0.0,0,0.0,0,0.0
吟游诗人xu,2,1,no_media,0,2,2023-02,0.0,0.0,0.0,0,0.0,0,0.0,0,0.0,0,0.0,0,0.0,0,0.0,0,0.0,0,0.0,1,1.0
否极泰来说历史,2,1,no_media,0,2,2023-12,0.0,0.0,1.0,0,0.0,0,0.0,0,0.0,0,0.0,1,1.0,0,0.0,0,0.0,0,0.0,0,0.0
吧吧井,3,2,no_media,0,2,2023-02,0.0,0.0,0.0,0,0.0,0,0.0,0,0.0,0,0.0,0,0.0,0,0.0,0,0.0,0,0.0,2,1.0
含含笑-石狮8中博园,7,6,no_media,0,7,2023-02,0.0,0.0,1.0,0,0.0,0,0.0,0,0.0,0,0.0,6,1.0,0,0.0,0,0.0,0,0.0,0,0.0
含雪love,4,3,no_media,0,3,2023-01,0.0,0.0,0.3333333333333333,0,0.0,0,0.0,0,0.0,0,0.0,1,0.3333333333333333,1,0.3333333333333333,0,0.0,1,0.3333333333333333,0,0.0
听Eason唱情歌-,2,1,no_media,0,2,2025-05,0.0,0.0,0.0,0,0.0,0,0.0,0,0.0,0,0.0,0,0.0,1,1.0,0,0.0,0,0.0,0,0.0
听不动你说什么,5,4,no_media,2,5,2022-12,0.0,0.0,0.0,0,0.0,0,0.0,0,0.0,0,0.0,0,0.0,0,0.0,0,0.0,1,0.25,3,0.75
听中国,40,39,no_media,0,39,2020-04,0.0,0.0,1.0,0,0.0,0,0.0,0,0.0,0,0.0,39,1.0,0,0.0,0,0.0,0,0.0,0,0.0
听到一点薇雨,6,5,mainstream_only,1,6,2023-11,0.0,0.0,1.0,0,0.0,0,0.0,0,0.0,0,0.0,5,1.0,0,0.0,0,0.0,0,0.0,0,0.0
听说取个长名字的人有个性,2,1,no_media,0,2,2023-02,0.0,0.0,0.0,0,0.0,0,0.0,0,0.0,0,0.0,0,0.0,1,1.0,0,0.0,0,0.0,0,0.0
听闲花落地,4,3,no_media,1,4,2023-03,0.3333333333333333,0.0,0.0,1,0.3333333333333333,0,0.0,0,0.0,1,0.3333333333333333,0,0.0,0,0.0,0,0.0,1,0.3333333333333333,0,0.0
听雨寒量子猫,2,1,no_media,0,1,2023-03,0.0,0.0,1.0,0,0.0,0,0.0,0,0.0,0,0.0,1,1.0,0,0.0,0,0.0,0,0.0,0,0.0
听音乐的老猫,2,1,no_media,4,2,2023-02,1.0,0.0,0.0,0,0.0,0,0.0,0,0.0,1,1.0,0,0.0,0,0.0,0,0.0,0,0.0,0,0.0
听风以雨,2,1,no_media,0,2,2023-04,0.0,0.0,1.0,0,0.0,0,0.0,0,0.0,0,0.0,1,1.0,0,0.0,0,0.0,0,0.0,0,0.0
启贺,3,2,wemedia_only,4,3,2022-12,0.0,0.0,1.0,0,0.0,0,0.0,0,0.0,0,0.0,2,1.0,0,0.0,0,0.0,0,0.0,0,0.0
启达力,3,2,no_media,0,3,2025-03,0.0,0.0,1.0,0,0.0,0,0.0,0,0.0,0,0.0,2,1.0,0,0.0,0,0.0,0,0.0,0,0.0
吴_十岁,2,1,no_media,0,2,2023-02,0.0,0.0,0.0,0,0.0,0,0.0,0,0.0,0,0.0,0,0.0,1,1.0,0,0.0,0,0.0,0,0.0
吴从周即吴梅,2,1,no_media,0,2,2023-02,0.0,0.0,0.0,0,0.0,0,0.0,0,0.0,0,0.0,0,0.0,0,0.0,0,0.0,1,1.0,0,0.0
吴同的体育写作本,4,3,no_media,0,4,2024-01,0.0,0.0,1.0,0,0.0,0,0.0,0,0.0,0,0.0,3,1.0,0,0.0,0,0.0,0,0.0,0,0.0
吴希塔-生活美学,3,2,no_media,0,3,2023-04,0.0,0.0,1.0,0,0.0,0,0.0,0,0.0,0,0.0,2,1.0,0,0.0,0,0.0,0,0.0,0,0.0
吴建波医师,2,1,mainstream_only,1,2,2023-03,0.0,1.0,0.0,0,0.0,0,0.0,1,1.0,0,0.0,0,0.0,0,0.0,0,0.0,0,0.0,0,0.0
吴晓达的微博,2,1,wemedia_only,2,2,2023-12,1.0,0.0,0.0,0,0.0,0,0.0,0,0.0,1,1.0,0,0.0,0,0.0,0,0.0,0,0.0,0,0.0
吴泾家园,2,1,no_media,0,2,2023-02,0.0,0.0,1.0,0,0.0,0,0.0,0,0.0,0,0.0,1,1.0,0,0.0,0,0.0,0,0.0,0,0.0
吴秋芳高级健康管理师,2,1,no_media,0,2,2024-07,0.0,0.0,1.0,0,0.0,0,0.0,0,0.0,0,0.0,1,1.0,0,0.0,0,0.0,0,0.0,0,0.0
吴蕴然,2,1,wemedia_only,5,2,2023-03,0.0,0.0,1.0,0,0.0,0,0.0,0,0.0,0,0.0,1,1.0,0,0.0,0,0.0,0,0.0,0,0.0
吴西视点,2,1,wemedia_only,2,2,2022-12,0.0,0.0,1.0,0,0.0,0,0.0,0,0.0,0,0.0,1,1.0,0,0.0,0,0.0,0,0.0,0,0.0
吴远虑又炸号,2,1,mainstream_only,1,2,2023-10,0.0,0.0,1.0,0,0.0,0,0.0,0,0.0,0,0.0,1,1.0,0,0.0,0,0.0,0,0.0,0,0.0
吴门医派小法师,3,2,no_media,4,3,2023-04,0.0,0.0,1.0,0,0.0,0,0.0,0,0.0,0,0.0,2,1.0,0,0.0,0,0.0,0,0.0,0,0.0
吸柚少女阿希Ci,2,1,no_media,1,2,2023-02,0.0,1.0,0.0,0,0.0,1,1.0,0,0.0,0,0.0,0,0.0,0,0.0,0,0.0,0,0.0,0,0.0
吸血鬼密西卡,3,2,no_media,3,3,2023-02,0.0,0.0,0.0,0,0.0,0,0.0,0,0.0,0,0.0,0,0.0,1,0.5,0,0.0,0,0.0,1,0.5
吹吹风听听歌123,2,1,no_media,0,2,2023-02,0.0,0.0,1.0,0,0.0,0,0.0,0,0.0,0,0.0,1,1.0,0,0.0,0,0.0,0,0.0,0,0.0
吹干脑子里的水,2,1,no_media,0,1,2023-10,0.0,1.0,0.0,0,0.0,0,0.0,1,1.0,0,0.0,0,0.0,0,0.0,0,0.0,0,0.0,0,0.0
吾家表叔,7,6,no_media,0,7,2023-02,0.16666666666666666,0.16666666666666666,0.5,1,0.16666666666666666,1,0.16666666666666666,0,0.0,1,0.16666666666666666,3,0.5,0,0.0,0,0.0,0,0.0,0,0.0
呀叽的命也是命,2,1,no_media,0,2,2023-06,0.0,1.0,0.0,0,0.0,0,0.0,1,1.0,0,0.0,0,0.0,0,0.0,0,0.0,0,0.0,0,0.0
呀呀_毅动我心,4,3,no_media,0,4,2025-02,0.0,0.0,0.0,0,0.0,0,0.0,0,0.0,0,0.0,0,0.0,2,0.6666666666666666,0,0.0,1,0.3333333333333333,0,0.0
呆呆_Fiona_Princess,2,1,no_media,0,2,2023-05,0.0,1.0,0.0,0,0.0,0,0.0,1,1.0,0,0.0,0,0.0,0,0.0,0,0.0,0,0.0,0,0.0
呆在原地i,3,2,no_media,0,3,2023-08,0.0,0.0,0.0,0,0.0,0,0.0,0,0.0,0,0.0,0,0.0,1,0.5,0,0.0,1,0.5,0,0.0
呆毛着凉了,5,4,mainstream_only,5,5,2023-08,0.25,0.5,0.25,0,0.0,2,0.5,0,0.0,1,0.25,1,0.25,0,0.0,0,0.0,0,0.0,0,0.0
呈贡发布,13,12,mainstream_only,3,13,2022-12,0.0,0.0,1.0,0,0.0,0,0.0,0,0.0,0,0.0,12,1.0,0,0.0,0,0.0,0,0.0,0,0.0
呜大熊,2,1,no_media,0,2,2023-03,0.0,0.0,0.0,0,0.0,0,0.0,0,0.0,0,0.0,0,0.0,0,0.0,0,0.0,1,1.0,0,0.0
呜米嗷呜,3,2,no_media,0,3,2023-06,0.0,0.0,0.0,0,0.0,0,0.0,0,0.0,0,0.0,0,0.0,0,0.0,0,0.0,0,0.0,2,1.0
呦呦的地瓜餐日记,2,1,no_media,0,2,2023-02,0.0,0.0,1.0,0,0.0,0,0.0,0,0.0,0,0.0,1,1.0,0,0.0,0,0.0,0,0.0,0,0.0
呦呦鹿鸣雪落飘无声,3,2,no_media,0,3,2023-02,0.0,0.5,0.5,0,0.0,1,0.5,0,0.0,0,0.0,1,0.5,0,0.0,0,0.0,0,0.0,0,0.0
呦西酱,2,1,no_media,0,2,2023-07,0.0,0.0,0.0,0,0.0,0,0.0,0,0.0,0,0.0,0,0.0,1,1.0,0,0.0,0,0.0,0,0.0
周到上海,53,52,no_media,0,46,2022-04,0.0,0.0,1.0,0,0.0,0,0.0,0,0.0,0,0.0,52,1.0,0,0.0,0,0.0,0,0.0,0,0.0
周口日报,9,8,no_media,0,9,2020-04,0.0,0.0,1.0,0,0.0,0,0.0,0,0.0,0,0.0,8,1.0,0,0.0,0,0.0,0,0.0,0,0.0
周口晚报zkwb,23,22,no_media,0,21,2020-03,0.0,0.0,1.0,0,0.0,0,0.0,0,0.0,0,0.0,22,1.0,0,0.0,0,0.0,0,0.0,0,0.0
周口网信,2,1,no_media,0,2,2022-12,0.0,0.0,1.0,0,0.0,0,0.0,0,0.0,0,0.0,1,1.0,0,0.0,0,0.0,0,0.0,0,0.0
周周小姨妈,2,1,no_media,0,2,2023-10,0.0,1.0,0.0,0,0.0,0,0.0,1,1.0,0,0.0,0,0.0,0,0.0,0,0.0,0,0.0,0,0.0
周圆圆儿666,2,1,no_media,0,2,2023-05,0.0,0.0,0.0,0,0.0,0,0.0,0,0.0,0,0.0,0,0.0,1,1.0,0,0.0,0,0.0,0,0.0
周大亮医生,4,3,no_media,0,4,2023-02,0.0,0.0,1.0,0,0.0,0,0.0,0,0.0,0,0.0,3,1.0,0,0.0,0,0.0,0,0.0,0,0.0
周威注册营养师,2,1,no_media,0,2,2023-05,0.0,0.0,1.0,0,0.0,0,0.0,0,0.0,0,0.0,1,1.0,0,0.0,0,0.0,0,0.0,0,0.0
周心驰,2,1,no_media,0,2,2023-03,0.0,0.0,1.0,0,0.0,0,0.0,0,0.0,0,0.0,1,1.0,0,0.0,0,0.0,0,0.0,0,0.0
周思CIO,2,1,no_media,2,2,2022-08,0.0,0.0,1.0,0,0.0,0,0.0,0,0.0,0,0.0,1,1.0,0,0.0,0,0.0,0,0.0,0,0.0
周易书院-玄明子,2,1,no_media,2,2,2022-12,0.0,0.0,1.0,0,0.0,0,0.0,0,0.0,0,0.0,1,1.0,0,0.0,0,0.0,0,0.0,0,0.0
周易说,3,2,no_media,0,1,2022-03,0.5,0.5,0.0,0,0.0,1,0.5,0,0.0,1,0.5,0,0.0,0,0.0,0,0.0,0,0.0,0,0.0
周易风水殷浩然,3,2,no_media,0,3,2023-11,0.0,0.0,1.0,0,0.0,0,0.0,0,0.0,0,0.0,2,1.0,0,0.0,0,0.0,0,0.0,0,0.0
周曦同,3,2,dual,7,3,2023-09,0.0,0.0,0.0,0,0.0,0,0.0,0,0.0,0,0.0,0,0.0,1,0.5,0,0.0,1,0.5,0,0.0
周章枝芽金元宝,2,1,no_media,2,2,2023-07,0.0,0.0,0.0,0,0.0,0,0.0,0,0.0,0,0.0,0,0.0,0,0.0,0,0.0,1,1.0,0,0.0
周至法院,4,3,mainstream_only,3,3,2020-03,0.0,0.0,1.0,0,0.0,0,0.0,0,0.0,0,0.0,3,1.0,0,0.0,0,0.0,0,0.0,0,0.0
呱呱不是咕咕,3,2,wemedia_only,4,1,2020-03,0.0,0.0,1.0,0,0.0,0,0.0,0,0.0,0,0.0,2,1.0,0,0.0,0,0.0,0,0.0,0,0.0
呱太浪,3,2,wemedia_only,3,3,2023-01,0.5,0.5,0.0,0,0.0,1,0.5,0,0.0,1,0.5,0,0.0,0,0.0,0,0.0,0,0.0,0,0.0
呵呵上海2012,351,350,dual,196,244,2023-02,0.17142857142857143,0.17142857142857143,0.5028571428571429,27,0.07714285714285714,59,0.16857142857142857,1,0.002857142857142857,52,0.14857142857142858,176,0.5028571428571429,17,0.04857142857142857,8,0.022857142857142857,9,0.025714285714285714,1,0.002857142857142857
呼伦贝尔市融媒体中心,2,1,no_media,0,2,2023-02,0.0,0.0,1.0,0,0.0,0,0.0,0,0.0,0,0.0,1,1.0,0,0.0,0,0.0,0,0.0,0,0.0
呼伦贝尔融媒,2,1,no_media,0,2,2023-02,0.0,0.0,1.0,0,0.0,0,0.0,0,0.0,0,0.0,1,1.0,0,0.0,0,0.0,0,0.0,0,0.0
呼吸科医生杨勋超,2,1,no_media,0,2,2023-11,0.0,0.0,1.0,0,0.0,0,0.0,0,0.0,0,0.0,1,1.0,0,0.0,0,0.0,0,0.0,0,0.0
呼吸科原庆医生,2,1,no_media,0,2,2023-08,0.0,0.0,1.0,0,0.0,0,0.0,0,0.0,0,0.0,1,1.0,0,0.0,0,0.0,0,0.0,0,0.0
呼吸科叶亮医生,7,6,no_media,0,7,2024-05,0.0,0.0,1.0,0,0.0,0,0.0,0,0.0,0,0.0,6,1.0,0,0.0,0,0.0,0,0.0,0,0.0
呼吸科大夫胡洋,118,117,mainstream_only,2,101,2023-02,0.017094017094017096,0.017094017094017096,0.9487179487179487,0,0.0,2,0.017094017094017096,0,0.0,2,0.017094017094017096,111,0.9487179487179487,1,0.008547008547008548,0,0.0,1,0.008547008547008548,0,0.0
呼吸科孙思庆博士,21,20,no_media,0,11,2023-02,0.0,0.0,1.0,0,0.0,0,0.0,0,0.0,0,0.0,20,1.0,0,0.0,0,0.0,0,0.0,0,0.0
呼吸科李瑛医生,2,1,no_media,0,2,2023-02,0.0,0.0,1.0,0,0.0,0,0.0,0,0.0,0,0.0,1,1.0,0,0.0,0,0.0,0,0.0,0,0.0
呼吸科杨宝江主任,2,1,no_media,0,2,2025-03,0.0,0.0,1.0,0,0.0,0,0.0,0,0.0,0,0.0,1,1.0,0,0.0,0,0.0,0,0.0,0,0.0
呼吸科杨效华,31,30,no_media,0,22,2023-02,0.0,0.0,1.0,0,0.0,0,0.0,0,0.0,0,0.0,30,1.0,0,0.0,0,0.0,0,0.0,0,0.0
呼噜噜噜噜zzzzz,2,1,no_media,1,2,2023-08,1.0,0.0,0.0,0,0.0,0,0.0,0,0.0,1,1.0,0,0.0,0,0.0,0,0.0,0,0.0,0,0.0
呼析宝贝,8,7,no_media,0,8,2023-02,0.0,0.0,1.0,0,0.0,0,0.0,0,0.0,0,0.0,7,1.0,0,0.0,0,0.0,0,0.0,0,0.0
命理阿嘉,3,2,no_media,0,3,2023-06,0.0,0.0,1.0,0,0.0,0,0.0,0,0.0,0,0.0,2,1.0,0,0.0,0,0.0,0,0.0,0,0.0
和小遇看每个日落,2,1,no_media,0,2,2023-05,0.0,0.0,0.0,0,0.0,0,0.0,0,0.0,0,0.0,0,0.0,0,0.0,0,0.0,0,0.0,1,1.0
和平渠边上的夏雨荷,2,1,no_media,0,2,2023-05,0.0,0.0,1.0,0,0.0,0,0.0,0,0.0,0,0.0,1,1.0,0,0.0,0,0.0,0,0.0,0,0.0
和气111111,2,1,no_media,1,2,2023-02,1.0,0.0,0.0,0,0.0,0,0.0,0,0.0,1,1.0,0,0.0,0,0.0,0,0.0,0,0.0,0,0.0
和生源集团,2,1,no_media,0,2,2025-06,0.0,0.0,1.0,0,0.0,0,0.0,0,0.0,0,0.0,1,1.0,0,0.0,0,0.0,0,0.0,0,0.0
和田县融媒体中心,2,1,no_media,0,2,2023-02,0.0,0.0,1.0,0,0.0,0,0.0,0,0.0,0,0.0,1,1.0,0,0.0,0,0.0,0,0.0,0,0.0
和美南开,10,9,no_media,0,9,2023-02,0.0,0.0,1.0,0,0.0,0,0.0,0,0.0,0,0.0,9,1.0,0,0.0,0,0.0,0,0.0,0,0.0
和风日暮里,2,1,no_media,0,2,2023-02,0.0,1.0,0.0,0,0.0,1,1.0,0,0.0,0,0.0,0,0.0,0,0.0,0,0.0,0,0.0,0,0.0
咔咔达人一咔就发,3,2,no_media,0,3,2023-10,0.5,0.5,0.0,0,0.0,0,0.0,1,0.5,0,0.0,0,0.0,0,0.0,1,0.5,0,0.0,0,0.0
咕咕大咕咕咕咕哒,4,3,no_media,7,4,2023-07,0.0,0.0,1.0,0,0.0,0,0.0,0,0.0,0,0.0,3,1.0,0,0.0,0,0.0,0,0.0,0,0.0
咕噜尼面包圈_小菲Fei,2,1,no_media,0,1,2023-01,1.0,0.0,0.0,0,0.0,0,0.0,0,0.0,0,0.0,0,0.0,0,0.0,1,1.0,0,0.0,0,0.0
咚咚的碎语,2,1,no_media,1,2,2023-02,0.0,0.0,0.0,0,0.0,0,0.0,0,0.0,0,0.0,0,0.0,0,0.0,0,0.0,0,0.0,1,1.0
咩咩阿姨洗铁路_,2,1,no_media,1,2,2023-09,0.0,1.0,0.0,0,0.0,0,0.0,1,1.0,0,0.0,0,0.0,0,0.0,0,0.0,0,0.0,0,0.0
咩在人间,6,5,no_media,0,6,2023-02,0.0,0.0,0.2,0,0.0,0,0.0,0,0.0,0,0.0,1,0.2,1,0.2,0,0.0,1,0.2,2,0.4
咪呼酱,2,1,wemedia_only,3,2,2023-06,0.0,1.0,0.0,0,0.0,1,1.0,0,0.0,0,0.0,0,0.0,0,0.0,0,0.0,0,0.0,0,0.0
咱们礼尚往来,2,1,no_media,0,2,2023-02,0.0,1.0,0.0,0,0.0,0,0.0,1,1.0,0,0.0,0,0.0,0,0.0,0,0.0,0,0.0,0,0.0
咳嗽神经,2,1,no_media,0,2,2023-08,0.0,1.0,0.0,0,0.0,1,1.0,0,0.0,0,0.0,0,0.0,0,0.0,0,0.0,0,0.0,0,0.0
咸宁新闻网,7,6,no_media,0,7,2020-04,0.0,0.0,1.0,0,0.0,0,0.0,0,0.0,0,0.0,6,1.0,0,0.0,0,0.0,0,0.0,0,0.0
咸阳市广播电视台,3,2,no_media,0,3,2023-05,0.0,0.0,1.0,0,0.0,0,0.0,0,0.0,0,0.0,2,1.0,0,0.0,0,0.0,0,0.0,0,0.0
咸阳师范学院,2,1,no_media,0,2,2024-03,0.0,0.0,1.0,0,0.0,0,0.0,0,0.0,0,0.0,1,1.0,0,0.0,0,0.0,0,0.0,0,0.0
咸阳政法,2,1,no_media,0,2,2023-02,0.0,0.0,1.0,0,0.0,0,0.0,0,0.0,0,0.0,1,1.0,0,0.0,0,0.0,0,0.0,0,0.0
咸阳日报,41,40,no_media,0,30,2020-04,0.0,0.0,1.0,0,0.0,0,0.0,0,0.0,0,0.0,40,1.0,0,0.0,0,0.0,0,0.0,0,0.0
咸阳检察,21,20,mainstream_only,4,18,2020-04,0.0,0.0,1.0,0,0.0,0,0.0,0,0.0,0,0.0,20,1.0,0,0.0,0,0.0,0,0.0,0,0.0
品茶-深圳君,3,2,no_media,0,3,2024-01,0.0,0.0,1.0,0,0.0,0,0.0,0,0.0,0,0.0,2,1.0,0,0.0,0,0.0,0,0.0,0,0.0
品质崇州,3,2,mainstream_only,4,3,2023-05,0.0,0.0,1.0,0,0.0,0,0.0,0,0.0,0,0.0,2,1.0,0,0.0,0,0.0,0,0.0,0,0.0
哈克-泰泽,2,1,mainstream_only,2,2,2023-02,0.0,0.0,1.0,0,0.0,0,0.0,0,0.0,0,0.0,1,1.0,0,0.0,0,0.0,0,0.0,0,0.0
哈勃观察员,6,5,no_media,0,6,2021-04,0.0,0.0,1.0,0,0.0,0,0.0,0,0.0,0,0.0,5,1.0,0,0.0,0,0.0,0,0.0,0,0.0
哈哈哈哈哈哈哈-,2,1,no_media,0,2,2023-06,0.0,1.0,0.0,0,0.0,0,0.0,1,1.0,0,0.0,0,0.0,0,0.0,0,0.0,0,0.0,0,0.0
哈哈哈哈啊秋,3,2,no_media,0,3,2023-02,0.0,0.0,0.0,0,0.0,0,0.0,0,0.0,0,0.0,0,0.0,0,0.0,0,0.0,1,0.5,1,0.5
哈密发布,3,2,no_media,0,3,2023-02,0.0,0.0,1.0,0,0.0,0,0.0,0,0.0,0,0.0,2,1.0,0,0.0,0,0.0,0,0.0,0,0.0
哈尔滨政法,4,3,mainstream_only,2,4,2021-11,0.0,0.0,1.0,0,0.0,0,0.0,0,0.0,0,0.0,3,1.0,0,0.0,0,0.0,0,0.0,0,0.0
哈尔滨日报,37,36,no_media,0,34,2020-03,0.0,0.0,1.0,0,0.0,0,0.0,0,0.0,0,0.0,36,1.0,0,0.0,0,0.0,0,0.0,0,0.0
哈尔滨电视台哈尔滨新闻,2,1,no_media,0,2,2025-06,0.0,0.0,1.0,0,0.0,0,0.0,0,0.0,0,0.0,1,1.0,0,0.0,0,0.0,0,0.0,0,0.0
哈尔滨网警,2,1,mainstream_only,4,2,2020-03,0.0,0.0,1.0,0,0.0,0,0.0,0,0.0,0,0.0,1,1.0,0,0.0,0,0.0,0,0.0,0,0.0
哈尔滨铁路,17,16,no_media,0,15,2021-04,0.0,0.0,1.0,0,0.0,0,0.0,0,0.0,0,0.0,16,1.0,0,0.0,0,0.0,0,0.0,0,0.0
哈瓦洛hawalo,6,5,no_media,0,6,2023-06,0.2,0.2,0.4,0,0.0,0,0.0,1,0.2,1,0.2,2,0.4,0,0.0,0,0.0,1,0.2,0,0.0
哈邱_邱邱邱邱,2,1,no_media,0,2,2024-01,0.0,0.0,0.0,0,0.0,0,0.0,0,0.0,0,0.0,0,0.0,0,0.0,0,0.0,1,1.0,0,0.0
哈鲁格,2,1,no_media,0,2,2023-06,0.0,1.0,0.0,0,0.0,1,1.0,0,0.0,0,0.0,0,0.0,0,0.0,0,0.0,0,0.0,0,0.0
哎呀土豆他娘,2,1,no_media,1,2,2023-04,0.0,1.0,0.0,0,0.0,0,0.0,1,1.0,0,0.0,0,0.0,0,0.0,0,0.0,0,0.0,0,0.0
哎呦发财啦,2,1,no_media,0,2,2023-10,0.0,1.0,0.0,0,0.0,0,0.0,1,1.0,0,0.0,0,0.0,0,0.0,0,0.0,0,0.0,0,0.0
哐哐庄大强,2,1,no_media,0,2,2023-02,1.0,0.0,0.0,0,0.0,0,0.0,0,0.0,1,1.0,0,0.0,0,0.0,0,0.0,0,0.0,0,0.0
哥谭市首富,2,1,no_media,0,2,2023-08,0.0,0.0,0.0,1,1.0,0,0.0,0,0.0,0,0.0,0,0.0,0,0.0,0,0.0,0,0.0,0,0.0
哦是一只富贵呀,2,1,no_media,0,2,2023-03,0.0,0.0,0.0,0,0.0,0,0.0,0,0.0,0,0.0,0,0.0,0,0.0,0,0.0,1,1.0,0,0.0
哲学家小懒,2,1,no_media,0,2,2023-06,0.0,0.0,1.0,0,0.0,0,0.0,0,0.0,0,0.0,1,1.0,0,0.0,0,0.0,0,0.0,0,0.0
哲远优思,4,3,no_media,2,2,2025-05,0.3333333333333333,0.3333333333333333,0.3333333333333333,0,0.0,1,0.3333333333333333,0,0.0,1,0.3333333333333333,1,0.3333333333333333,0,0.0,0,0.0,0,0.0,0,0.0
哼哼唧唧养生,3,2,no_media,0,3,2023-02,0.0,0.0,0.0,0,0.0,0,0.0,0,0.0,0,0.0,0,0.0,1,0.5,0,0.0,1,0.5,0,0.0
哼哼搞事业,2,1,no_media,0,2,2020-11,0.0,0.0,0.0,0,0.0,0,0.0,0,0.0,0,0.0,0,0.0,0,0.0,0,0.0,0,0.0,1,1.0
哼有趣呀,2,1,no_media,0,2,2023-09,0.0,0.0,0.0,0,0.0,0,0.0,0,0.0,0,0.0,0,0.0,0,0.0,0,0.0,0,0.0,1,1.0
唐关的铃铛,2,1,no_media,0,2,2023-11,0.0,0.0,0.0,0,0.0,0,0.0,0,0.0,0,0.0,0,0.0,0,0.0,0,0.0,1,1.0,0,0.0
唐加文双博士,3,2,no_media,0,3,2023-03,0.0,0.0,1.0,0,0.0,0,0.0,0,0.0,0,0.0,2,1.0,0,0.0,0,0.0,0,0.0,0,0.0
唐唐唐雨塵00146,2,1,no_media,0,2,2023-09,0.0,0.0,0.0,0,0.0,0,0.0,0,0.0,0,0.0,0,0.0,0,0.0,0,0.0,1,1.0,0,0.0
唐姐棒棒哒,2,1,no_media,0,2,2023-05,0.0,0.0,0.0,0,0.0,0,0.0,0,0.0,0,0.0,0,0.0,0,0.0,0,0.0,1,1.0,0,0.0
唐汉文主任,2,1,no_media,0,2,2024-03,0.0,0.0,1.0,0,0.0,0,0.0,0,0.0,0,0.0,1,1.0,0,0.0,0,0.0,0,0.0,0,0.0
唐艳营养师V,3,2,no_media,0,3,2024-03,0.0,0.0,1.0,0,0.0,0,0.0,0,0.0,0,0.0,2,1.0,0,0.0,0,0.0,0,0.0,0,0.0
唐诗宋词崇拜者,2,1,no_media,0,2,2023-05,0.0,0.0,1.0,0,0.0,0,0.0,0,0.0,0,0.0,1,1.0,0,0.0,0,0.0,0,0.0,0,0.0
唔啦唔吧唔,2,1,no_media,1,2,2023-06,0.0,0.0,0.0,1,1.0,0,0.0,0,0.0,0,0.0,0,0.0,0,0.0,0,0.0,0,0.0,0,0.0
唤我真名-筱,3,2,no_media,18,3,2023-01,0.0,0.5,0.5,0,0.0,1,0.5,0,0.0,0,0.0,1,0.5,0,0.0,0,0.0,0,0.0,0,0.0
唯儿诺,2,1,no_media,0,2,2023-03,0.0,0.0,1.0,0,0.0,0,0.0,0,0.0,0,0.0,1,1.0,0,0.0,0,0.0,0,0.0,0,0.0
唯唯专瘦肚子和大腿,3,2,no_media,0,3,2024-08,0.0,0.0,0.0,0,0.0,0,0.0,0,0.0,0,0.0,0,0.0,0,0.0,0,0.0,1,0.5,1,0.5
唯毅的秋水哥哥赴山海,2,1,no_media,0,2,2023-02,0.0,0.0,0.0,0,0.0,0,0.0,0,0.0,0,0.0,0,0.0,0,0.0,0,0.0,0,0.0,1,1.0
唯舒的笔记,5,4,no_media,1,5,2024-01,0.0,0.0,1.0,0,0.0,0,0.0,0,0.0,0,0.0,4,1.0,0,0.0,0,0.0,0,0.0,0,0.0
唾面受,2,1,no_media,3,2,2023-12,1.0,0.0,0.0,0,0.0,0,0.0,0,0.0,1,1.0,0,0.0,0,0.0,0,0.0,0,0.0,0,0.0
商丘交通广播,3,2,no_media,0,3,2023-02,0.0,0.0,1.0,0,0.0,0,0.0,0,0.0,0,0.0,2,1.0,0,0.0,0,0.0,0,0.0,0,0.0
商丘广播电视台,2,1,no_media,0,2,2023-02,0.0,0.0,1.0,0,0.0,0,0.0,0,0.0,0,0.0,1,1.0,0,0.0,0,0.0,0,0.0,0,0.0
商丘日报,59,58,no_media,0,49,2021-07,0.0,0.0,1.0,0,0.0,0,0.0,0,0.0,0,0.0,58,1.0,0,0.0,0,0.0,0,0.0,0,0.0
商丘网,78,77,no_media,0,59,2021-09,0.0,0.0,1.0,0,0.0,0,0.0,0,0.0,0,0.0,77,1.0,0,0.0,0,0.0,0,0.0,0,0.0
商学院杂志,7,6,no_media,0,7,2022-04,0.0,0.0,1.0,0,0.0,0,0.0,0,0.0,0,0.0,6,1.0,0,0.0,0,0.0,0,0.0,0,0.0
商州网,2,1,no_media,0,2,2023-03,0.0,0.0,1.0,0,0.0,0,0.0,0,0.0,0,0.0,1,1.0,0,0.0,0,0.0,0,0.0,0,0.0
商悦澜姐,2,1,no_media,0,2,2025-02,0.0,0.0,1.0,0,0.0,0,0.0,0,0.0,0,0.0,1,1.0,0,0.0,0,0.0,0,0.0,0,0.0
啊呀纳米嘞,2,1,no_media,1,2,2022-12,0.0,0.0,1.0,0,0.0,0,0.0,0,0.0,0,0.0,1,1.0,0,0.0,0,0.0,0,0.0,0,0.0
啊塔卡玛,2,1,no_media,0,2,2024-01,0.0,0.0,0.0,0,0.0,0,0.0,0,0.0,0,0.0,0,0.0,1,1.0,0,0.0,0,0.0,0,0.0
啊对对对你说得对000,4,3,wemedia_only,5,4,2022-12,0.3333333333333333,0.3333333333333333,0.0,0,0.0,0,0.0,1,0.3333333333333333,1,0.3333333333333333,0,0.0,0,0.0,0,0.0,1,0.3333333333333333,0,0.0
啊炜投资,2,1,no_media,0,2,2023-06,1.0,0.0,0.0,0,0.0,0,0.0,0,0.0,1,1.0,0,0.0,0,0.0,0,0.0,0,0.0,0,0.0
啊鑫BugIsFuture,2,1,no_media,0,2,2023-02,0.0,0.0,0.0,0,0.0,0,0.0,0,0.0,0,0.0,0,0.0,0,0.0,0,0.0,0,0.0,1,1.0
啡咖17,6,5,no_media,0,6,2024-02,0.0,0.2,0.0,4,0.8,1,0.2,0,0.0,0,0.0,0,0.0,0,0.0,0,0.0,0,0.0,0,0.0
啪嗒Peng,2,1,no_media,0,2,2024-07,0.0,0.0,0.0,0,0.0,0,0.0,0,0.0,0,0.0,0,0.0,0,0.0,0,0.0,0,0.0,1,1.0
啵一口秋秋卷o,2,1,no_media,0,1,2025-05,0.0,0.0,1.0,0,0.0,0,0.0,0,0.0,0,0.0,1,1.0,0,0.0,0,0.0,0,0.0,0,0.0
啵啵虎的接班人,3,2,wemedia_only,2,1,2020-03,0.0,0.0,1.0,0,0.0,0,0.0,0,0.0,0,0.0,2,1.0,0,0.0,0,0.0,0,0.0,0,0.0
善弘居士,2,1,no_media,0,2,2024-05,1.0,0.0,0.0,0,0.0,0,0.0,0,0.0,0,0.0,0,0.0,0,0.0,1,1.0,0,0.0,0,0.0
善明枢一纯质熙和,2,1,no_media,1,2,2023-02,1.0,0.0,0.0,0,0.0,0,0.0,0,0.0,1,1.0,0,0.0,0,0.0,0,0.0,0,0.0,0,0.0
善泰健康,3,2,no_media,0,3,2023-02,0.0,0.0,1.0,0,0.0,0,0.0,0,0.0,0,0.0,2,1.0,0,0.0,0,0.0,0,0.0,0,0.0
善溪子,2,1,mainstream_only,1,2,2024-03,0.0,0.0,1.0,0,0.0,0,0.0,0,0.0,0,0.0,1,1.0,0,0.0,0,0.0,0,0.0,0,0.0
善良亚蕾丶克,2,1,no_media,0,2,2023-05,0.0,0.0,1.0,0,0.0,0,0.0,0,0.0,0,0.0,1,1.0,0,0.0,0,0.0,0,0.0,0,0.0
喜乐无忧富裕健康不胖好看的人,4,3,no_media,0,4,2023-02,0.0,0.0,0.6666666666666666,0,0.0,0,0.0,0,0.0,0,0.0,2,0.6666666666666666,1,0.3333333333333333,0,0.0,0,0.0,0,0.0
喜仙在人间,3,2,no_media,1,3,2023-02,0.0,0.5,0.0,1,0.5,0,0.0,1,0.5,0,0.0,0,0.0,0,0.0,0,0.0,0,0.0,0,0.0
喜欢买买买的orange,2,1,no_media,0,2,2023-04,0.0,0.0,0.0,0,0.0,0,0.0,0,0.0,0,0.0,0,0.0,0,0.0,0,0.0,0,0.0,1,1.0
喜欢健康的女孩,4,3,no_media,0,4,2023-04,0.0,0.0,1.0,0,0.0,0,0.0,0,0.0,0,0.0,3,1.0,0,0.0,0,0.0,0,0.0,0,0.0
喜欢吃螺蛳粉的小黑,2,1,no_media,0,2,2023-02,1.0,0.0,0.0,0,0.0,0,0.0,0,0.0,1,1.0,0,0.0,0,0.0,0,0.0,0,0.0,0,0.0
喜欢娱乐喜欢美食,11,10,wemedia_only,5,8,2023-02,0.3,0.3,0.3,1,0.1,3,0.3,0,0.0,3,0.3,3,0.3,0,0.0,0,0.0,0,0.0,0,0.0
喜爱中医,8,7,no_media,0,8,2023-09,0.0,0.0,1.0,0,0.0,0,0.0,0,0.0,0,0.0,7,1.0,0,0.0,0,0.0,0,0.0,0,0.0
喝下午茶的喵喵,3,2,mainstream_only,8,3,2022-12,0.0,0.0,1.0,0,0.0,0,0.0,0,0.0,0,0.0,2,1.0,0,0.0,0,0.0,0,0.0,0,0.0
喝着墨水长大,2,1,no_media,0,2,2024-01,0.0,0.0,0.0,0,0.0,0,0.0,0,0.0,0,0.0,0,0.0,0,0.0,0,0.0,0,0.0,1,1.0
喳喳丹希,2,1,no_media,0,2,2023-02,1.0,0.0,0.0,0,0.0,0,0.0,0,0.0,0,0.0,0,0.0,0,0.0,1,1.0,0,0.0,0,0.0
喵主子的唠叨与日常,2,1,no_media,0,2,2023-07,0.0,0.0,0.0,0,0.0,0,0.0,0,0.0,0,0.0,0,0.0,1,1.0,0,0.0,0,0.0,0,0.0
喵了个咪凛,2,1,no_media,4,2,2023-09,0.0,0.0,0.0,0,0.0,0,0.0,0,0.0,0,0.0,0,0.0,1,1.0,0,0.0,0,0.0,0,0.0
喵了个磊,2,1,wemedia_only,2,2,2023-01,0.0,0.0,0.0,0,0.0,0,0.0,0,0.0,0,0.0,0,0.0,0,0.0,0,0.0,0,0.0,1,1.0
喵儿姑娘,2,1,no_media,1,2,2023-09,0.0,0.0,0.0,1,1.0,0,0.0,0,0.0,0,0.0,0,0.0,0,0.0,0,0.0,0,0.0,0,0.0
喵后一糖,2,1,no_media,0,2,2022-12,0.0,0.0,0.0,1,1.0,0,0.0,0,0.0,0,0.0,0,0.0,0,0.0,0,0.0,0,0.0,0,0.0
喵君,2,1,no_media,0,2,2023-03,1.0,0.0,0.0,0,0.0,0,0.0,0,0.0,0,0.0,0,0.0,0,0.0,1,1.0,0,0.0,0,0.0
喵哒喵哒喵喵哒,2,1,no_media,0,2,2023-09,0.0,0.0,0.0,0,0.0,0,0.0,0,0.0,0,0.0,0,0.0,0,0.0,0,0.0,0,0.0,1,1.0
喵喵hiyaya,3,2,no_media,0,3,2023-08,0.0,0.0,0.0,0,0.0,0,0.0,0,0.0,0,0.0,0,0.0,0,0.0,0,0.0,0,0.0,2,1.0
喵喵埈,2,1,no_media,0,2,2023-09,1.0,0.0,0.0,0,0.0,0,0.0,0,0.0,1,1.0,0,0.0,0,0.0,0,0.0,0,0.0,0,0.0
喵星人来了快跑啊,12,11,no_media,0,8,2023-02,0.0,0.09090909090909091,0.09090909090909091,9,0.8181818181818182,1,0.09090909090909091,0,0.0,0,0.0,1,0.09090909090909091,0,0.0,0,0.0,0,0.0,0,0.0
喵绒球畏惧版,2,1,no_media,0,2,2023-08,0.0,1.0,0.0,0,0.0,0,0.0,1,1.0,0,0.0,0,0.0,0,0.0,0,0.0,0,0.0,0,0.0
喵酱SousLeVent,2,1,no_media,0,2,2021-11,1.0,0.0,0.0,0,0.0,0,0.0,0,0.0,1,1.0,0,0.0,0,0.0,0,0.0,0,0.0,0,0.0
喷墨水的鱼儿,2,1,no_media,0,2,2023-03,0.0,0.0,0.0,0,0.0,0,0.0,0,0.0,0,0.0,0,0.0,0,0.0,0,0.0,1,1.0,0,0.0
嗓音病科梅祥胜,3,2,no_media,0,3,2023-08,0.0,0.0,1.0,0,0.0,0,0.0,0,0.0,0,0.0,2,1.0,0,0.0,0,0.0,0,0.0,0,0.0
嗨_新时光,2,1,no_media,5,1,2022-03,0.0,0.0,0.0,1,1.0,0,0.0,0,0.0,0,0.0,0,0.0,0,0.0,0,0.0,0,0.0,0,0.0
嗨喽呀啊,3,2,no_media,0,3,2023-11,0.0,0.0,1.0,0,0.0,0,0.0,0,0.0,0,0.0,2,1.0,0,0.0,0,0.0,0,0.0,0,0.0
嗯嘛小小航,2,1,no_media,0,1,2023-02,0.0,0.0,1.0,0,0.0,0,0.0,0,0.0,0,0.0,1,1.0,0,0.0,0,0.0,0,0.0,0,0.0
嗯瞎蹦rainbow,2,1,no_media,0,2,2023-01,0.0,0.0,0.0,0,0.0,0,0.0,0,0.0,0,0.0,0,0.0,0,0.0,0,0.0,0,0.0,1,1.0
嘈点君,2,1,wemedia_only,1,2,2020-03,0.0,0.0,1.0,0,0.0,0,0.0,0,0.0,0,0.0,1,1.0,0,0.0,0,0.0,0,0.0,0,0.0
嘉会医疗_JiahuiHealth,4,3,no_media,0,3,2023-01,0.0,0.0,1.0,0,0.0,0,0.0,0,0.0,0,0.0,3,1.0,0,0.0,0,0.0,0,0.0,0,0.0
嘉兴仲茵康复,2,1,no_media,0,2,2023-02,0.0,0.0,1.0,0,0.0,0,0.0,0,0.0,0,0.0,1,1.0,0,0.0,0,0.0,0,0.0,0,0.0
嘉兴咖啡爸爸,5,4,no_media,0,5,2023-02,0.25,0.25,0.0,2,0.5,1,0.25,0,0.0,1,0.25,0,0.0,0,0.0,0,0.0,0,0.0,0,0.0
嘉兴微博新鲜事,3,2,no_media,1,3,2023-02,0.0,0.0,0.0,0,0.0,0,0.0,0,0.0,0,0.0,0,0.0,1,0.5,0,0.0,1,0.5,0,0.0
嘉善老顾,11,10,mainstream_only,2,9,2022-03,0.1,0.0,0.6,0,0.0,0,0.0,0,0.0,1,0.1,6,0.6,1,0.1,0,0.0,1,0.1,1,0.1
嘉祥融媒,3,2,no_media,0,3,2023-02,0.0,0.0,1.0,0,0.0,0,0.0,0,0.0,0,0.0,2,1.0,0,0.0,0,0.0,0,0.0,0,0.0
嘉言懿行de,2,1,no_media,2,2,2025-06,0.0,1.0,0.0,0,0.0,1,1.0,0,0.0,0,0.0,0,0.0,0,0.0,0,0.0,0,0.0,0,0.0
嘿森音悦休闲吧,3,2,no_media,0,2,2023-12,0.5,0.5,0.0,0,0.0,1,0.5,0,0.0,1,0.5,0,0.0,0,0.0,0,0.0,0,0.0,0,0.0
四分之三Anna,2,1,no_media,0,2,2023-05,0.0,0.0,0.0,0,0.0,0,0.0,0,0.0,0,0.0,0,0.0,0,0.0,0,0.0,1,1.0,0,0.0
四夕子尔,2,1,no_media,0,2,2023-03,0.0,0.0,0.0,0,0.0,0,0.0,0,0.0,0,0.0,0,0.0,0,0.0,0,0.0,0,0.0,1,1.0
四大玛丽呀,2,1,no_media,0,2,2023-02,0.0,0.0,1.0,0,0.0,0,0.0,0,0.0,0,0.0,1,1.0,0,0.0,0,0.0,0,0.0,0,0.0
四川xushu,2,1,wemedia_only,4,1,2020-03,0.0,0.0,1.0,0,0.0,0,0.0,0,0.0,0,0.0,1,1.0,0,0.0,0,0.0,0,0.0,0,0.0
四川中医药,5,4,no_media,0,5,2023-02,0.0,0.0,1.0,0,0.0,0,0.0,0,0.0,0,0.0,4,1.0,0,0.0,0,0.0,0,0.0,0,0.0
四川健康传播,2,1,no_media,0,2,2023-03,0.0,0.0,1.0,0,0.0,0,0.0,0,0.0,0,0.0,1,1.0,0,0.0,0,0.0,0,0.0,0,0.0
四川发布,16,15,no_media,0,14,2020-07,0.0,0.0,1.0,0,0.0,0,0.0,0,0.0,0,0.0,15,1.0,0,0.0,0,0.0,0,0.0,0,0.0
四川名医,2,1,no_media,0,2,2020-03,1.0,0.0,0.0,0,0.0,0,0.0,0,0.0,1,1.0,0,0.0,0,0.0,0,0.0,0,0.0,0,0.0
四川大学华西医院,3,2,no_media,0,3,2023-02,0.0,0.0,1.0,0,0.0,0,0.0,0,0.0,0,0.0,2,1.0,0,0.0,0,0.0,0,0.0,0,0.0
四川工人日报,38,37,no_media,0,33,2020-03,0.02702702702702703,0.02702702702702703,0.9459459459459459,0,0.0,1,0.02702702702702703,0,0.0,1,0.02702702702702703,35,0.9459459459459459,0,0.0,0,0.0,0,0.0,0,0.0
四川广播电视报,2,1,no_media,0,2,2023-02,0.0,0.0,1.0,0,0.0,0,0.0,0,0.0,0,0.0,1,1.0,0,0.0,0,0.0,0,0.0,0,0.0
四川应急,5,4,no_media,0,3,2022-10,0.0,0.0,1.0,0,0.0,0,0.0,0,0.0,0,0.0,4,1.0,0,0.0,0,0.0,0,0.0,0,0.0
四川建设发布,2,1,no_media,0,2,2023-01,0.0,0.0,1.0,0,0.0,0,0.0,0,0.0,0,0.0,1,1.0,0,0.0,0,0.0,0,0.0,0,0.0
四川日报,8,7,no_media,0,7,2020-03,0.0,0.0,1.0,0,0.0,0,0.0,0,0.0,0,0.0,7,1.0,0,0.0,0,0.0,0,0.0,0,0.0
四川现代医院官方微博,3,2,no_media,0,3,2023-09,0.0,0.0,1.0,0,0.0,0,0.0,0,0.0,0,0.0,2,1.0,0,0.0,0,0.0,0,0.0,0,0.0
四川疾控,2,1,no_media,0,2,2023-02,0.0,0.0,1.0,0,0.0,0,0.0,0,0.0,0,0.0,1,1.0,0,0.0,0,0.0,0,0.0,0,0.0
四川药品监管,5,4,no_media,0,5,2023-12,0.0,0.0,1.0,0,0.0,0,0.0,0,0.0,0,0.0,4,1.0,0,0.0,0,0.0,0,0.0,0,0.0
四川观察,14,13,no_media,0,14,2020-03,0.0,0.0,1.0,0,0.0,0,0.0,0,0.0,0,0.0,13,1.0,0,0.0,0,0.0,0,0.0,0,0.0
四川观察新闻眼,3,2,no_media,0,2,2023-01,0.0,0.0,1.0,0,0.0,0,0.0,0,0.0,0,0.0,2,1.0,0,0.0,0,0.0,0,0.0,0,0.0
四川魏静,13,12,no_media,24,5,2021-03,0.08333333333333333,0.16666666666666666,0.75,0,0.0,2,0.16666666666666666,0,0.0,1,0.08333333333333333,9,0.75,0,0.0,0,0.0,0,0.0,0,0.0
四月物语_030,3,2,no_media,0,2,2023-04,0.5,0.0,0.0,0,0.0,0,0.0,0,0.0,1,0.5,0,0.0,0,0.0,0,0.0,1,0.5,0,0.0
四月的天879877,2,1,no_media,0,2,2024-11,0.0,0.0,1.0,0,0.0,0,0.0,0,0.0,0,0.0,1,1.0,0,0.0,0,0.0,0,0.0,0,0.0
四等兵,2,1,no_media,2,2,2024-05,1.0,0.0,0.0,0,0.0,0,0.0,0,0.0,1,1.0,0,0.0,0,0.0,0,0.0,0,0.0,0,0.0
因为叫邓婷,2,1,no_media,0,2,2024-11,0.0,0.0,0.0,0,0.0,0,0.0,0,0.0,0,0.0,0,0.0,0,0.0,0,0.0,0,0.0,1,1.0
因为想要去的地方很多,2,1,no_media,0,2,2023-02,0.0,0.0,0.0,0,0.0,0,0.0,0,0.0,0,0.0,0,0.0,0,0.0,0,0.0,1,1.0,0,0.0
团宝mama,2,1,no_media,0,2,2023-02,0.0,0.0,0.0,1,1.0,0,0.0,0,0.0,0,0.0,0,0.0,0,0.0,0,0.0,0,0.0,0,0.0
园姐,2,1,no_media,0,2,2023-05,0.0,0.0,1.0,0,0.0,0,0.0,0,0.0,0,0.0,1,1.0,0,0.0,0,0.0,0,0.0,0,0.0
园风,3,2,no_media,5,3,2023-08,0.0,0.0,1.0,0,0.0,0,0.0,0,0.0,0,0.0,2,1.0,0,0.0,0,0.0,0,0.0,0,0.0
困难挡不住精神,15,14,no_media,0,15,2023-03,0.2857142857142857,0.2857142857142857,0.07142857142857142,3,0.21428571428571427,4,0.2857142857142857,0,0.0,2,0.14285714285714285,1,0.07142857142857142,2,0.14285714285714285,2,0.14285714285714285,0,0.0,0,0.0
围观体坛,3,2,no_media,0,3,2023-02,0.0,0.0,1.0,0,0.0,0,0.0,0,0.0,0,0.0,2,1.0,0,0.0,0,0.0,0,0.0,0,0.0
围观是种姿势2代,6,5,mainstream_only,2,6,2023-04,0.4,0.2,0.2,0,0.0,1,0.2,0,0.0,2,0.4,1,0.2,0,0.0,0,0.0,1,0.2,0,0.0
国医堂_针灸,2,1,no_media,0,2,2023-09,0.0,0.0,0.0,0,0.0,0,0.0,0,0.0,0,0.0,0,0.0,0,0.0,0,0.0,0,0.0,1,1.0
国医马纯阳,2,1,no_media,0,2,2023-12,0.0,0.0,1.0,0,0.0,0,0.0,0,0.0,0,0.0,1,1.0,0,0.0,0,0.0,0,0.0,0,0.0
国是直通车,69,68,no_media,0,57,2020-03,0.0,0.0,1.0,0,0.0,0,0.0,0,0.0,0,0.0,68,1.0,0,0.0,0,0.0,0,0.0,0,0.0
国药优品城,4,3,no_media,0,4,2023-03,0.0,0.0,1.0,0,0.0,0,0.0,0,0.0,0,0.0,3,1.0,0,0.0,0,0.0,0,0.0,0,0.0
国资小新,6,5,no_media,0,6,2021-01,0.0,0.0,1.0,0,0.0,0,0.0,0,0.0,0,0.0,5,1.0,0,0.0,0,0.0,0,0.0,0,0.0
国际商报,13,12,no_media,0,10,2020-03,0.0,0.0,1.0,0,0.0,0,0.0,0,0.0,0,0.0,12,1.0,0,0.0,0,0.0,0,0.0,0,0.0
国际在线,2,1,no_media,0,2,2023-05,0.0,0.0,1.0,0,0.0,0,0.0,0,0.0,0,0.0,1,1.0,0,0.0,0,0.0,0,0.0,0,0.0
国际在线新闻,6,5,no_media,0,5,2020-04,0.2,0.2,0.6,0,0.0,1,0.2,0,0.0,1,0.2,3,0.6,0,0.0,0,0.0,0,0.0,0,0.0
国际旅游岛商报,24,23,no_media,0,23,2020-03,0.0,0.0,1.0,0,0.0,0,0.0,0,0.0,0,0.0,23,1.0,0,0.0,0,0.0,0,0.0,0,0.0
国际肝病网,3,2,no_media,0,2,2023-02,0.0,0.0,1.0,0,0.0,0,0.0,0,0.0,0,0.0,2,1.0,0,0.0,0,0.0,0,0.0,0,0.0
国际风水大师曹璞,2,1,no_media,0,2,2023-03,0.0,0.0,1.0,0,0.0,0,0.0,0,0.0,0,0.0,1,1.0,0,0.0,0,0.0,0,0.0,0,0.0
图数室,2,1,no_media,0,2,2023-03,0.0,0.0,1.0,0,0.0,0,0.0,0,0.0,0,0.0,1,1.0,0,0.0,0,0.0,0,0.0,0,0.0
图林老姜,2,1,no_media,0,2,2023-06,1.0,0.0,0.0,0,0.0,0,0.0,0,0.0,1,1.0,0,0.0,0,0.0,0,0.0,0,0.0,0,0.0
图瑞试药,9,8,no_media,0,6,2024-03,0.0,0.0,1.0,0,0.0,0,0.0,0,0.0,0,0.0,8,1.0,0,0.0,0,0.0,0,0.0,0,0.0
圆又圆额汤圆二代,2,1,wemedia_only,2,2,2023-02,0.0,0.0,0.0,0,0.0,0,0.0,0,0.0,0,0.0,0,0.0,1,1.0,0,0.0,0,0.0,0,0.0
圆国me2day,2,1,no_media,0,1,2024-12,0.0,0.0,1.0,0,0.0,0,0.0,0,0.0,0,0.0,1,1.0,0,0.0,0,0.0,0,0.0,0,0.0
圆环之手,9,8,wemedia_only,12,9,2023-04,0.375,0.25,0.25,0,0.0,2,0.25,0,0.0,2,0.25,2,0.25,1,0.125,1,0.125,0,0.0,0,0.0
圆融yzu,2,1,no_media,0,2,2023-02,0.0,0.0,1.0,0,0.0,0,0.0,0,0.0,0,0.0,1,1.0,0,0.0,0,0.0,0,0.0,0,0.0
圈内妹妹,6,5,no_media,0,6,2023-02,0.0,0.0,0.8,0,0.0,0,0.0,0,0.0,0,0.0,4,0.8,0,0.0,0,0.0,1,0.2,0,0.0
圈神探,4,3,no_media,0,4,2023-06,0.0,0.0,1.0,0,0.0,0,0.0,0,0.0,0,0.0,3,1.0,0,0.0,0,0.0,0,0.0,0,0.0
國醫東方,13,12,no_media,1,13,2023-04,0.0,0.0,1.0,0,0.0,0,0.0,0,0.0,0,0.0,12,1.0,0,0.0,0,0.0,0,0.0,0,0.0
圍麵,2,1,no_media,0,2,2023-09,0.0,0.0,1.0,0,0.0,0,0.0,0,0.0,0,0.0,1,1.0,0,0.0,0,0.0,0,0.0,0,0.0
土星冲浪手诶,2,1,no_media,2,2,2023-02,0.0,0.0,1.0,0,0.0,0,0.0,0,0.0,0,0.0,1,1.0,0,0.0,0,0.0,0,0.0,0,0.0
土楼先生,4,3,no_media,1,4,2021-03,0.0,0.3333333333333333,0.6666666666666666,0,0.0,1,0.3333333333333333,0,0.0,0,0.0,2,0.6666666666666666,0,0.0,0,0.0,0,0.0,0,0.0
土豆土豆爱老虎油,6,5,mainstream_only,3,6,2023-05,0.4,0.4,0.0,1,0.2,2,0.4,0,0.0,2,0.4,0,0.0,0,0.0,0,0.0,0,0.0,0,0.0
土豆泥和洋葱圈,2,1,no_media,3,2,2023-12,0.0,0.0,0.0,1,1.0,0,0.0,0,0.0,0,0.0,0,0.0,0,0.0,0,0.0,0,0.0,0,0.0
圣元爱心园地,9,8,no_media,0,9,2023-02,0.0,0.0,1.0,0,0.0,0,0.0,0,0.0,0,0.0,8,1.0,0,0.0,0,0.0,0,0.0,0,0.0
圣剑短毛猫,5,4,wemedia_only,3,5,2023-05,0.25,0.25,0.5,0,0.0,1,0.25,0,0.0,1,0.25,2,0.5,0,0.0,0,0.0,0,0.0,0,0.0
圣蛇杖,133,132,no_media,3,126,2023-02,0.14393939393939395,0.14393939393939395,0.6742424242424242,5,0.03787878787878788,19,0.14393939393939395,0,0.0,19,0.14393939393939395,89,0.6742424242424242,0,0.0,0,0.0,0,0.0,0,0.0
在下程程,2,1,no_media,0,2,2023-02,0.0,0.0,1.0,0,0.0,0,0.0,0,0.0,0,0.0,1,1.0,0,0.0,0,0.0,0,0.0,0,0.0
在下非鄙人,2,1,no_media,0,2,2023-02,0.0,0.0,0.0,0,0.0,0,0.0,0,0.0,0,0.0,0,0.0,0,0.0,0,0.0,1,1.0,0,0.0
在你人生闪闪发亮的小太阳,3,2,no_media,0,3,2023-02,0.0,0.0,0.0,2,1.0,0,0.0,0,0.0,0,0.0,0,0.0,0,0.0,0,0.0,0,0.0,0,0.0
在减肥的2m,2,1,no_media,0,2,2023-05,0.0,0.0,0.0,0,0.0,0,0.0,0,0.0,0,0.0,0,0.0,1,1.0,0,0.0,0,0.0,0,0.0
在地球游戏人生,2,1,no_media,2,2,2024-07,0.0,0.0,1.0,0,0.0,0,0.0,0,0.0,0,0.0,1,1.0,0,0.0,0,0.0,0,0.0,0,0.0
在心招募,4,3,no_media,0,3,2023-02,0.0,0.0,1.0,0,0.0,0,0.0,0,0.0,0,0.0,3,1.0,0,0.0,0,0.0,0,0.0,0,0.0
在星河璀璨_,3,2,no_media,0,3,2023-06,0.0,0.5,0.5,0,0.0,1,0.5,0,0.0,0,0.0,1,0.5,0,0.0,0,0.0,0,0.0,0,0.0
在星辰钟塔进入梦境的阿狗,2,1,no_media,0,2,2023-05,0.0,0.0,0.0,0,0.0,0,0.0,0,0.0,0,0.0,0,0.0,0,0.0,0,0.0,0,0.0,1,1.0
在等权志龙开演唱会,2,1,no_media,0,2,2022-12,1.0,0.0,0.0,0,0.0,0,0.0,0,0.0,1,1.0,0,0.0,0,0.0,0,0.0,0,0.0,0,0.0
在路上_Hope岁月静好,5,4,no_media,3,4,2023-03,0.5,0.25,0.25,0,0.0,1,0.25,0,0.0,2,0.5,1,0.25,0,0.0,0,0.0,0,0.0,0,0.0
在阿卡姆潜心观察的Peter布兰德,2,1,no_media,0,2,2023-05,0.0,1.0,0.0,0,0.0,1,1.0,0,0.0,0,0.0,0,0.0,0,0.0,0,0.0,0,0.0,0,0.0
圭属,2,1,no_media,0,2,2023-02,0.0,0.0,0.0,0,0.0,0,0.0,0,0.0,0,0.0,0,0.0,0,0.0,0,0.0,0,0.0,1,1.0
地产大婶,2,1,no_media,0,2,2025-05,0.0,1.0,0.0,0,0.0,1,1.0,0,0.0,0,0.0,0,0.0,0,0.0,0,0.0,0,0.0,0,0.0
地对地的弹道导弹,3,2,no_media,0,1,2023-05,0.0,0.0,0.0,0,0.0,0,0.0,0,0.0,0,0.0,0,0.0,1,0.5,0,0.0,1,0.5,0,0.0
地瓜熊老六,3,2,no_media,11,2,2022-08,0.0,0.0,0.0,2,1.0,0,0.0,0,0.0,0,0.0,0,0.0,0,0.0,0,0.0,0,0.0,0,0.0
坊子融媒,5,4,no_media,0,5,2023-02,0.0,0.0,1.0,0,0.0,0,0.0,0,0.0,0,0.0,4,1.0,0,0.0,0,0.0,0,0.0,0,0.0
坐井观天的小肥羊,7,6,wemedia_only,9,6,2023-05,0.16666666666666666,0.0,0.5,0,0.0,0,0.0,0,0.0,0,0.0,3,0.5,1,0.16666666666666666,1,0.16666666666666666,0,0.0,1,0.16666666666666666
坐在夕阳里看落日,2,1,no_media,0,2,2024-03,1.0,0.0,0.0,0,0.0,0,0.0,0,0.0,0,0.0,0,0.0,0,0.0,1,1.0,0,0.0,0,0.0
坐在海边喝红茶,2,1,no_media,0,2,2023-02,0.0,0.0,0.0,0,0.0,0,0.0,0,0.0,0,0.0,0,0.0,1,1.0,0,0.0,0,0.0,0,0.0
坐揽风月,2,1,no_media,0,2,2023-04,1.0,0.0,0.0,0,0.0,0,0.0,0,0.0,1,1.0,0,0.0,0,0.0,0,0.0,0,0.0,0,0.0
坚韧小王,6,5,no_media,0,6,2023-10,0.4,0.4,0.2,0,0.0,2,0.4,0,0.0,1,0.2,1,0.2,0,0.0,1,0.2,0,0.0,0,0.0
坠落的天使015,5,4,no_media,2,5,2023-04,0.0,0.0,0.0,0,0.0,0,0.0,0,0.0,0,0.0,0,0.0,2,0.5,0,0.0,2,0.5,0,0.0
坤mamori,2,1,no_media,0,2,2023-02,0.0,0.0,0.0,0,0.0,0,0.0,0,0.0,0,0.0,0,0.0,0,0.0,0,0.0,0,0.0,1,1.0
坦斯泼爱父国国美,4,3,wemedia_only,5,3,2023-04,0.0,0.3333333333333333,0.3333333333333333,1,0.3333333333333333,1,0.3333333333333333,0,0.0,0,0.0,1,0.3333333333333333,0,0.0,0,0.0,0,0.0,0,0.0
垳鍺無彊,2,1,no_media,0,2,2023-02,0.0,1.0,0.0,0,0.0,1,1.0,0,0.0,0,0.0,0,0.0,0,0.0,0,0.0,0,0.0,0,0.0
埃噜灰太狼,2,1,no_media,0,2,2023-03,0.0,0.0,1.0,0,0.0,0,0.0,0,0.0,0,0.0,1,1.0,0,0.0,0,0.0,0,0.0,0,0.0
埃里克大番茄,2,1,no_media,0,2,2023-08,0.0,1.0,0.0,0,0.0,0,0.0,1,1.0,0,0.0,0,0.0,0,0.0,0,0.0,0,0.0,0,0.0
城中會山,2,1,no_media,0,2,2023-05,0.0,0.0,1.0,0,0.0,0,0.0,0,0.0,0,0.0,1,1.0,0,0.0,0,0.0,0,0.0,0,0.0
城乡法制聚焦新媒体13837241100,2,1,no_media,0,2,2024-03,1.0,0.0,0.0,0,0.0,0,0.0,0,0.0,0,0.0,0,0.0,0,0.0,1,1.0,0,0.0,0,0.0
城关发布,16,15,no_media,0,14,2021-01,0.0,0.0,1.0,0,0.0,0,0.0,0,0.0,0,0.0,15,1.0,0,0.0,0,0.0,0,0.0,0,0.0
城南江右,3,2,mainstream_only,4,3,2024-06,0.0,0.0,1.0,0,0.0,0,0.0,0,0.0,0,0.0,2,1.0,0,0.0,0,0.0,0,0.0,0,0.0
城市害虫防治,2,1,no_media,0,2,2023-02,0.0,0.0,0.0,0,0.0,0,0.0,0,0.0,0,0.0,0,0.0,0,0.0,0,0.0,0,0.0,1,1.0
城市晚报官方微博,9,8,no_media,0,9,2020-06,0.125,0.125,0.75,0,0.0,1,0.125,0,0.0,1,0.125,6,0.75,0,0.0,0,0.0,0,0.0,0,0.0
城市追擊傳媒,2,1,no_media,0,2,2023-02,0.0,0.0,1.0,0,0.0,0,0.0,0,0.0,0,0.0,1,1.0,0,0.0,0,0.0,0,0.0,0,0.0
城市速递官方微博,20,19,no_media,0,19,2020-05,0.0,0.0,1.0,0,0.0,0,0.0,0,0.0,0,0.0,19,1.0,0,0.0,0,0.0,0,0.0,0,0.0
基层员,2,1,mainstream_only,2,1,2021-11,0.0,0.0,1.0,0,0.0,0,0.0,0,0.0,0,0.0,1,1.0,0,0.0,0,0.0,0,0.0,0,0.0
基源医学在线,29,28,mainstream_only,2,27,2023-02,0.0,0.0,1.0,0,0.0,0,0.0,0,0.0,0,0.0,28,1.0,0,0.0,0,0.0,0,0.0,0,0.0
基础锻炼,9,8,no_media,0,9,2023-02,0.0,0.0,0.625,0,0.0,0,0.0,0,0.0,0,0.0,5,0.625,1,0.125,0,0.0,1,0.125,1,0.125
基选基因官方,2,1,no_media,0,2,2025-03,0.0,0.0,1.0,0,0.0,0,0.0,0,0.0,0,0.0,1,1.0,0,0.0,0,0.0,0,0.0,0,0.0
基选基因官方咨询,2,1,no_media,0,2,2025-04,0.0,0.0,1.0,0,0.0,0,0.0,0,0.0,0,0.0,1,1.0,0,0.0,0,0.0,0,0.0,0,0.0
堂堂的奇行鹄大王_1,3,2,no_media,2,3,2023-03,0.5,0.0,0.0,1,0.5,0,0.0,0,0.0,0,0.0,0,0.0,0,0.0,1,0.5,0,0.0,0,0.0
堂妈家庭育儿,5,4,no_media,0,5,2023-02,0.0,0.0,1.0,0,0.0,0,0.0,0,0.0,0,0.0,4,1.0,0,0.0,0,0.0,0,0.0,0,0.0
塑料树ovo,4,3,no_media,3,4,2023-05,0.3333333333333333,0.0,0.3333333333333333,1,0.3333333333333333,0,0.0,0,0.0,1,0.3333333333333333,1,0.3333333333333333,0,0.0,0,0.0,0,0.0,0,0.0
塔塔莉是獭獭,3,2,mainstream_only,5,3,2023-07,0.0,0.0,0.5,0,0.0,0,0.0,0,0.0,0,0.0,1,0.5,1,0.5,0,0.0,0,0.0,0,0.0
墟里临风,7,6,no_media,1,7,2023-02,0.0,0.0,1.0,0,0.0,0,0.0,0,0.0,0,0.0,6,1.0,0,0.0,0,0.0,0,0.0,0,0.0
墨-不更,3,2,no_media,1,3,2023-12,0.0,0.5,0.0,0,0.0,1,0.5,0,0.0,0,0.0,0,0.0,1,0.5,0,0.0,0,0.0,0,0.0
墨尔本微生活,5,4,no_media,0,5,2023-03,0.0,0.25,0.25,2,0.5,1,0.25,0,0.0,0,0.0,1,0.25,0,0.0,0,0.0,0,0.0,0,0.0
墨迹墨叽墨墨迹-,3,2,no_media,1,3,2024-01,0.0,0.0,0.0,0,0.0,0,0.0,0,0.0,0,0.0,0,0.0,0,0.0,0,0.0,0,0.0,2,1.0
士尤-抱吉他的营养师,2,1,no_media,0,2,2023-02,0.0,0.0,1.0,0,0.0,0,0.0,0,0.0,0,0.0,1,1.0,0,0.0,0,0.0,0,0.0,0,0.0
壬慧印记,3,2,no_media,0,3,2023-05,0.0,0.0,0.0,0,0.0,0,0.0,0,0.0,0,0.0,0,0.0,0,0.0,0,0.0,0,0.0,2,1.0
壹个码天天路演,5,4,no_media,0,4,2023-02,0.0,0.0,1.0,0,0.0,0,0.0,0,0.0,0,0.0,4,1.0,0,0.0,0,0.0,0,0.0,0,0.0
壹零壹捌露西,2,1,no_media,1,2,2023-02,0.0,0.0,0.0,0,0.0,0,0.0,0,0.0,0,0.0,0,0.0,0,0.0,0,0.0,1,1.0,0,0.0
夀司卷Liuhs,2,1,no_media,0,2,2023-05,0.0,0.0,0.0,0,0.0,0,0.0,0,0.0,0,0.0,0,0.0,1,1.0,0,0.0,0,0.0,0,0.0
复旦中山程蕾蕾,10,9,no_media,0,9,2023-02,0.0,0.0,0.8888888888888888,0,0.0,0,0.0,0,0.0,0,0.0,8,0.8888888888888888,0,0.0,0,0.0,1,0.1111111111111111,0,0.0
复旦张_军平,3,2,no_media,0,3,2023-02,0.0,0.0,0.0,0,0.0,0,0.0,0,0.0,0,0.0,0,0.0,1,0.5,0,0.0,1,0.5,0,0.0
复杂的东西都是来消耗你的,2,1,no_media,0,2,2024-02,0.0,0.0,0.0,0,0.0,0,0.0,0,0.0,0,0.0,0,0.0,0,0.0,0,0.0,1,1.0,0,0.0
夏冰雹频道,2,1,no_media,0,2,2023-04,0.0,0.0,1.0,0,0.0,0,0.0,0,0.0,0,0.0,1,1.0,0,0.0,0,0.0,0,0.0,0,0.0
夏和小46,3,2,no_media,0,3,2023-05,0.0,0.0,0.0,2,1.0,0,0.0,0,0.0,0,0.0,0,0.0,0,0.0,0,0.0,0,0.0,0,0.0
夏天了Y_,5,4,no_media,5,4,2023-02,0.0,0.0,1.0,0,0.0,0,0.0,0,0.0,0,0.0,4,1.0,0,0.0,0,0.0,0,0.0,0,0.0
夏天改名X海豚,2,1,no_media,2,2,2023-02,0.0,0.0,1.0,0,0.0,0,0.0,0,0.0,0,0.0,1,1.0,0,0.0,0,0.0,0,0.0,0,0.0
夏威夷旅游局,2,1,no_media,0,2,2023-03,0.0,0.0,1.0,0,0.0,0,0.0,0,0.0,0,0.0,1,1.0,0,0.0,0,0.0,0,0.0,0,0.0
夏小满0411,2,1,no_media,0,2,2024-03,0.0,0.0,0.0,0,0.0,0,0.0,0,0.0,0,0.0,0,0.0,1,1.0,0,0.0,0,0.0,0,0.0
夏昆塔拉,2,1,wemedia_only,3,2,2022-12,0.0,0.0,1.0,0,0.0,0,0.0,0,0.0,0,0.0,1,1.0,0,0.0,0,0.0,0,0.0,0,0.0
夏木鱼-,2,1,wemedia_only,1,2,2023-03,0.0,1.0,0.0,0,0.0,1,1.0,0,0.0,0,0.0,0,0.0,0,0.0,0,0.0,0,0.0,0,0.0
夏木龙,12,11,wemedia_only,2,12,2023-02,0.0,0.0,1.0,0,0.0,0,0.0,0,0.0,0,0.0,11,1.0,0,0.0,0,0.0,0,0.0,0,0.0
夏末秋凉2023,3,2,no_media,8,3,2023-08,0.5,0.0,0.0,1,0.5,0,0.0,0,0.0,1,0.5,0,0.0,0,0.0,0,0.0,0,0.0,0,0.0
夏熊v,2,1,no_media,0,2,2023-03,0.0,0.0,0.0,0,0.0,0,0.0,0,0.0,0,0.0,0,0.0,0,0.0,0,0.0,0,0.0,1,1.0
夏至蝉鸣holly,2,1,no_media,7,2,2022-10,0.0,0.0,1.0,0,0.0,0,0.0,0,0.0,0,0.0,1,1.0,0,0.0,0,0.0,0,0.0,0,0.0
夏芽了,2,1,no_media,1,2,2023-06,0.0,0.0,0.0,0,0.0,0,0.0,0,0.0,0,0.0,0,0.0,0,0.0,0,0.0,1,1.0,0,0.0
夏语冰96,3,2,no_media,0,2,2023-04,0.0,0.0,0.0,0,0.0,0,0.0,0,0.0,0,0.0,0,0.0,0,0.0,0,0.0,1,0.5,1,0.5
夏都西宁,2,1,no_media,0,2,2023-05,0.0,0.0,1.0,0,0.0,0,0.0,0,0.0,0,0.0,1,1.0,0,0.0,0,0.0,0,0.0,0,0.0
夏雨天炎炎双子,2,1,no_media,0,2,2023-07,0.0,0.0,0.0,1,1.0,0,0.0,0,0.0,0,0.0,0,0.0,0,0.0,0,0.0,0,0.0,0,0.0
夏青青的猫,8,7,dual,6,8,2023-09,0.14285714285714285,0.14285714285714285,0.7142857142857143,0,0.0,1,0.14285714285714285,0,0.0,1,0.14285714285714285,5,0.7142857142857143,0,0.0,0,0.0,0,0.0,0,0.0
夕暮并行,2,1,no_media,0,2,2024-09,0.0,0.0,0.0,0,0.0,0,0.0,0,0.0,0,0.0,0,0.0,0,0.0,0,0.0,0,0.0,1,1.0
夕阳月色美,8,7,dual,13,7,2023-08,0.2857142857142857,0.2857142857142857,0.14285714285714285,2,0.2857142857142857,2,0.2857142857142857,0,0.0,2,0.2857142857142857,1,0.14285714285714285,0,0.0,0,0.0,0,0.0,0,0.0
外交部发言人办公室,2,1,no_media,0,2,2023-02,0.0,0.0,1.0,0,0.0,0,0.0,0,0.0,0,0.0,1,1.0,0,0.0,0,0.0,0,0.0,0,0.0
外号SuperWang是标准废物,2,1,no_media,1,2,2023-07,0.0,0.0,1.0,0,0.0,0,0.0,0,0.0,0,0.0,1,1.0,0,0.0,0,0.0,0,0.0,0,0.0
外号小p,5,4,no_media,3,5,2023-06,0.5,0.25,0.0,0,0.0,1,0.25,0,0.0,1,0.25,0,0.0,1,0.25,1,0.25,0,0.0,0,0.0
外星人看地球村民那些事201602,2,1,wemedia_only,1,2,2023-02,0.0,0.0,1.0,0,0.0,0,0.0,0,0.0,0,0.0,1,1.0,0,0.0,0,0.0,0,0.0,0,0.0
多吃蓝莓胡萝卜,6,5,wemedia_only,7,1,2020-03,0.0,0.0,1.0,0,0.0,0,0.0,0,0.0,0,0.0,5,1.0,0,0.0,0,0.0,0,0.0,0,0.0
多少楼台烟雨中009,5,4,no_media,0,5,2020-04,0.0,0.0,1.0,0,0.0,0,0.0,0,0.0,0,0.0,4,1.0,0,0.0,0,0.0,0,0.0,0,0.0
多彩贵州网,14,13,no_media,0,14,2020-05,0.0,0.0,1.0,0,0.0,0,0.0,0,0.0,0,0.0,13,1.0,0,0.0,0,0.0,0,0.0,0,0.0
多看书看报_,2,1,no_media,0,2,2024-08,0.0,0.0,0.0,0,0.0,0,0.0,0,0.0,0,0.0,0,0.0,1,1.0,0,0.0,0,0.0,0,0.0
多空涨跌,2,1,no_media,0,2,2022-10,0.0,0.0,1.0,0,0.0,0,0.0,0,0.0,0,0.0,1,1.0,0,0.0,0,0.0,0,0.0,0,0.0
多米群木,2,1,no_media,3,2,2023-05,0.0,0.0,1.0,0,0.0,0,0.0,0,0.0,0,0.0,1,1.0,0,0.0,0,0.0,0,0.0,0,0.0
多鱼兜福,2,1,no_media,0,2,2025-05,0.0,0.0,1.0,0,0.0,0,0.0,0,0.0,0,0.0,1,1.0,0,0.0,0,0.0,0,0.0,0,0.0
夜寒轩kl,3,2,no_media,0,3,2023-08,0.0,0.0,0.5,0,0.0,0,0.0,0,0.0,0,0.0,1,0.5,0,0.0,0,0.0,1,0.5,0,0.0
夜满月Crystal,27,26,wemedia_only,26,26,2022-04,0.19230769230769232,0.15384615384615385,0.5384615384615384,3,0.11538461538461539,4,0.15384615384615385,0,0.0,5,0.19230769230769232,14,0.5384615384615384,0,0.0,0,0.0,0,0.0,0,0.0
大众卫生报,2,1,no_media,0,2,2023-02,0.0,0.0,1.0,0,0.0,0,0.0,0,0.0,0,0.0,1,1.0,0,0.0,0,0.0,0,0.0,0,0.0
大众新闻-半岛都市报,34,33,no_media,0,28,2021-01,0.0,0.0,1.0,0,0.0,0,0.0,0,0.0,0,0.0,33,1.0,0,0.0,0,0.0,0,0.0,0,0.0
大众新闻-大众日报,4,3,no_media,0,4,2023-02,0.0,0.0,1.0,0,0.0,0,0.0,0,0.0,0,0.0,3,1.0,0,0.0,0,0.0,0,0.0,0,0.0
大众日报,47,46,no_media,0,45,2020-05,0.021739130434782608,0.021739130434782608,0.9565217391304348,0,0.0,1,0.021739130434782608,0,0.0,1,0.021739130434782608,44,0.9565217391304348,0,0.0,0,0.0,0,0.0,0,0.0
大众网·菏泽,2,1,no_media,0,2,2022-12,0.0,0.0,1.0,0,0.0,0,0.0,0,0.0,0,0.0,1,1.0,0,0.0,0,0.0,0,0.0,0,0.0
大佬甜成草莓蛋糕,4,3,no_media,6,4,2023-03,0.0,0.3333333333333333,0.0,1,0.3333333333333333,0,0.0,1,0.3333333333333333,0,0.0,0,0.0,0,0.0,0,0.0,0,0.0,1,0.3333333333333333
大侠王小刀,5,4,no_media,0,5,2023-03,0.0,0.0,0.0,0,0.0,0,0.0,0,0.0,0,0.0,0,0.0,0,0.0,0,0.0,0,0.0,4,1.0
大健康公社,7,6,dual,3,7,2023-01,0.3333333333333333,0.16666666666666666,0.3333333333333333,0,0.0,0,0.0,1,0.16666666666666666,2,0.3333333333333333,2,0.3333333333333333,0,0.0,0,0.0,1,0.16666666666666666,0,0.0
大全先生,2,1,no_media,1,2,2023-06,0.0,0.0,1.0,0,0.0,0,0.0,0,0.0,0,0.0,1,1.0,0,0.0,0,0.0,0,0.0,0,0.0
大公中原,4,3,no_media,0,4,2020-08,0.3333333333333333,0.3333333333333333,0.3333333333333333,0,0.0,1,0.3333333333333333,0,0.0,1,0.3333333333333333,1,0.3333333333333333,0,0.0,0,0.0,0,0.0,0,0.0
大公公橘猫Mike,4,3,no_media,0,4,2023-06,0.0,0.0,1.0,0,0.0,0,0.0,0,0.0,0,0.0,3,1.0,0,0.0,0,0.0,0,0.0,0,0.0
大兴PET王胜军,2,1,no_media,0,2,2023-02,0.0,0.0,1.0,0,0.0,0,0.0,0,0.0,0,0.0,1,1.0,0,0.0,0,0.0,0,0.0,0,0.0
大军主任讲科普,20,19,no_media,0,15,2024-08,0.0,0.0,1.0,0,0.0,0,0.0,0,0.0,0,0.0,19,1.0,0,0.0,0,0.0,0,0.0,0,0.0
大包小包11,2,1,no_media,0,2,2023-03,0.0,0.0,1.0,0,0.0,0,0.0,0,0.0,0,0.0,1,1.0,0,0.0,0,0.0,0,0.0,0,0.0
大医微课,2,1,no_media,0,2,2023-02,0.0,0.0,1.0,0,0.0,0,0.0,0,0.0,0,0.0,1,1.0,0,0.0,0,0.0,0,0.0,0,0.0
大单间,2,1,no_media,37,2,2022-12,0.0,0.0,1.0,0,0.0,0,0.0,0,0.0,0,0.0,1,1.0,0,0.0,0,0.0,0,0.0,0,0.0
大双泉中水,2,1,no_media,0,2,2023-03,0.0,0.0,1.0,0,0.0,0,0.0,0,0.0,0,0.0,1,1.0,0,0.0,0,0.0,0,0.0,0,0.0
大叔咖清了,2,1,no_media,0,2,2025-02,0.0,1.0,0.0,0,0.0,1,1.0,0,0.0,0,0.0,0,0.0,0,0.0,0,0.0,0,0.0,0,0.0
大吉大利-万事如意,2,1,no_media,0,2,2023-11,0.0,0.0,0.0,0,0.0,0,0.0,0,0.0,0,0.0,0,0.0,0,0.0,0,0.0,1,1.0,0,0.0
大同发布,2,1,no_media,0,2,2023-05,0.0,0.0,1.0,0,0.0,0,0.0,0,0.0,0,0.0,1,1.0,0,0.0,0,0.0,0,0.0,0,0.0
大同市12345政务服务便民热线,6,5,no_media,0,6,2023-02,0.0,0.0,1.0,0,0.0,0,0.0,0,0.0,0,0.0,5,1.0,0,0.0,0,0.0,0,0.0,0,0.0
大哥WSH,2,1,no_media,0,1,2023-07,0.0,0.0,1.0,0,0.0,0,0.0,0,0.0,0,0.0,1,1.0,0,0.0,0,0.0,0,0.0,0,0.0
大四玺清一色,2,1,no_media,0,2,2023-05,0.0,0.0,0.0,0,0.0,0,0.0,0,0.0,0,0.0,0,0.0,1,1.0,0,0.0,0,0.0,0,0.0
大圣书斋,2,1,no_media,0,2,2022-03,0.0,0.0,1.0,0,0.0,0,0.0,0,0.0,0,0.0,1,1.0,0,0.0,0,0.0,0,0.0,0,0.0
大声,5,4,no_media,0,5,2023-02,0.0,0.0,1.0,0,0.0,0,0.0,0,0.0,0,0.0,4,1.0,0,0.0,0,0.0,0,0.0,0,0.0
大大大餅干丶,3,2,no_media,2,3,2022-12,0.5,0.0,0.0,1,0.5,0,0.0,0,0.0,1,0.5,0,0.0,0,0.0,0,0.0,0,0.0,0,0.0
大夫不大,3,2,no_media,0,3,2024-03,0.0,0.0,1.0,0,0.0,0,0.0,0,0.0,0,0.0,2,1.0,0,0.0,0,0.0,0,0.0,0,0.0
大头丁他娘,3,2,no_media,0,3,2023-03,0.0,0.0,0.5,0,0.0,0,0.0,0,0.0,0,0.0,1,0.5,0,0.0,0,0.0,1,0.5,0,0.0
大学百问,2,1,no_media,0,1,2024-03,0.0,0.0,1.0,0,0.0,0,0.0,0,0.0,0,0.0,1,1.0,0,0.0,0,0.0,0,0.0,0,0.0
大川说楼市,2,1,no_media,0,2,2024-07,0.0,1.0,0.0,0,0.0,1,1.0,0,0.0,0,0.0,0,0.0,0,0.0,0,0.0,0,0.0,0,0.0
大幸幸-逆转什么时候出新作,3,2,mainstream_only,4,3,2023-02,0.0,0.5,0.5,0,0.0,1,0.5,0,0.0,0,0.0,1,0.5,0,0.0,0,0.0,0,0.0,0,0.0
大庆市中级人民法院,3,2,no_media,0,3,2021-11,0.0,0.0,1.0,0,0.0,0,0.0,0,0.0,0,0.0,2,1.0,0,0.0,0,0.0,0,0.0,0,0.0
大庆油田,4,3,no_media,0,4,2023-02,0.0,0.0,1.0,0,0.0,0,0.0,0,0.0,0,0.0,3,1.0,0,0.0,0,0.0,0,0.0,0,0.0
大庆绝对现场,12,11,no_media,0,12,2023-11,0.0,0.0,1.0,0,0.0,0,0.0,0,0.0,0,0.0,11,1.0,0,0.0,0,0.0,0,0.0,0,0.0
大春花,2,1,no_media,1,1,2023-08,1.0,0.0,0.0,0,0.0,0,0.0,0,0.0,1,1.0,0,0.0,0,0.0,0,0.0,0,0.0,0,0.0
大栗头老师,4,3,no_media,5,4,2023-02,0.3333333333333333,0.3333333333333333,0.3333333333333333,0,0.0,1,0.3333333333333333,0,0.0,1,0.3333333333333333,1,0.3333333333333333,0,0.0,0,0.0,0,0.0,0,0.0
大武汉美食排行榜,3,2,no_media,0,3,2022-12,0.0,0.0,0.0,0,0.0,0,0.0,0,0.0,0,0.0,0,0.0,1,0.5,0,0.0,1,0.5,0,0.0
大江网,11,10,no_media,0,10,2020-07,0.0,0.0,1.0,0,0.0,0,0.0,0,0.0,0,0.0,10,1.0,0,0.0,0,0.0,0,0.0,0,0.0
大河报,3,2,no_media,0,3,2020-03,0.0,0.0,1.0,0,0.0,0,0.0,0,0.0,0,0.0,2,1.0,0,0.0,0,0.0,0,0.0,0,0.0
大河网,57,56,no_media,0,49,2020-05,0.0,0.0,1.0,0,0.0,0,0.0,0,0.0,0,0.0,56,1.0,0,0.0,0,0.0,0,0.0,0,0.0
大泽波霸,2,1,no_media,0,1,2025-02,0.0,0.0,1.0,0,0.0,0,0.0,0,0.0,0,0.0,1,1.0,0,0.0,0,0.0,0,0.0,0,0.0
大熊乖乖,3,2,no_media,0,3,2023-05,0.5,0.5,0.0,0,0.0,1,0.5,0,0.0,1,0.5,0,0.0,0,0.0,0,0.0,0,0.0,0,0.0
大爱伍,2,1,no_media,0,2,2023-04,0.0,0.0,1.0,0,0.0,0,0.0,0,0.0,0,0.0,1,1.0,0,0.0,0,0.0,0,0.0,0,0.0
大爱山妞,2,1,no_media,0,2,2023-02,0.0,0.0,1.0,0,0.0,0,0.0,0,0.0,0,0.0,1,1.0,0,0.0,0,0.0,0,0.0,0,0.0
大爱清尘,4,3,no_media,0,4,2020-07,0.0,0.0,1.0,0,0.0,0,0.0,0,0.0,0,0.0,3,1.0,0,0.0,0,0.0,0,0.0,0,0.0
大爱清尘-广东,3,2,no_media,0,3,2023-02,0.0,0.0,1.0,0,0.0,0,0.0,0,0.0,0,0.0,2,1.0,0,0.0,0,0.0,0,0.0,0,0.0
大爱清尘三川康复中心,4,3,no_media,0,4,2023-02,0.0,0.0,0.6666666666666666,0,0.0,0,0.0,0,0.0,0,0.0,2,0.6666666666666666,1,0.3333333333333333,0,0.0,0,0.0,0,0.0
大爱清尘柴坪康复中心,3,2,no_media,0,3,2023-02,0.0,0.0,1.0,0,0.0,0,0.0,0,0.0,0,0.0,2,1.0,0,0.0,0,0.0,0,0.0,0,0.0
大爱清尘赤山康复中心,3,2,no_media,0,3,2023-03,0.0,0.0,1.0,0,0.0,0,0.0,0,0.0,0,0.0,2,1.0,0,0.0,0,0.0,0,0.0,0,0.0
大牛哥runner,5,4,no_media,0,3,2022-10,0.0,0.0,1.0,0,0.0,0,0.0,0,0.0,0,0.0,4,1.0,0,0.0,0,0.0,0,0.0,0,0.0
大物是也,2,1,no_media,0,2,2023-02,0.0,0.0,1.0,0,0.0,0,0.0,0,0.0,0,0.0,1,1.0,0,0.0,0,0.0,0,0.0,0,0.0
大狍爱生活,2,1,no_media,0,2,2022-03,0.0,0.0,1.0,0,0.0,0,0.0,0,0.0,0,0.0,1,1.0,0,0.0,0,0.0,0,0.0,0,0.0
大狗狗的尾巴,5,4,wemedia_only,3,5,2023-10,0.25,0.25,0.5,0,0.0,1,0.25,0,0.0,1,0.25,2,0.5,0,0.0,0,0.0,0,0.0,0,0.0
大狸子丷,2,1,no_media,2,2,2023-06,0.0,0.0,0.0,0,0.0,0,0.0,0,0.0,0,0.0,0,0.0,0,0.0,0,0.0,1,1.0,0,0.0
大电竞eSportsFocus,2,1,no_media,0,2,2023-12,0.0,0.0,1.0,0,0.0,0,0.0,0,0.0,0,0.0,1,1.0,0,0.0,0,0.0,0,0.0,0,0.0
大的头的爸,2,1,no_media,0,2,2023-02,0.0,0.0,1.0,0,0.0,0,0.0,0,0.0,0,0.0,1,1.0,0,0.0,0,0.0,0,0.0,0,0.0
大皖新闻,5,4,no_media,0,4,2024-12,0.0,0.0,1.0,0,0.0,0,0.0,0,0.0,0,0.0,4,1.0,0,0.0,0,0.0,0,0.0,0,0.0
大眼在说娱,2,1,no_media,0,2,2024-01,0.0,0.0,1.0,0,0.0,0,0.0,0,0.0,0,0.0,1,1.0,0,0.0,0,0.0,0,0.0,0,0.0
大眼它爸爸,5,4,mainstream_only,1,5,2023-02,0.25,0.0,0.0,2,0.5,0,0.0,0,0.0,1,0.25,0,0.0,0,0.0,0,0.0,1,0.25,0,0.0
大眼睛小酒窝的小肥脸,2,1,no_media,0,2,2023-06,0.0,0.0,0.0,0,0.0,0,0.0,0,0.0,0,0.0,0,0.0,0,0.0,0,0.0,0,0.0,1,1.0
大竹发布,13,12,no_media,0,13,2020-04,0.0,0.0,1.0,0,0.0,0,0.0,0,0.0,0,0.0,12,1.0,0,0.0,0,0.0,0,0.0,0,0.0
大米小海,3,2,no_media,1,3,2023-02,0.5,0.5,0.0,0,0.0,0,0.0,1,0.5,1,0.5,0,0.0,0,0.0,0,0.0,0,0.0,0,0.0
大老客大大,3,2,no_media,3,3,2023-02,0.0,0.0,1.0,0,0.0,0,0.0,0,0.0,0,0.0,2,1.0,0,0.0,0,0.0,0,0.0,0,0.0
大耳朵中医,47,46,wemedia_only,33,37,2022-12,0.0,0.0,0.9565217391304348,0,0.0,0,0.0,0,0.0,0,0.0,44,0.9565217391304348,1,0.021739130434782608,0,0.0,1,0.021739130434782608,0,0.0
大肥兔Tangerine,4,3,no_media,0,4,2023-03,0.3333333333333333,0.0,0.0,1,0.3333333333333333,0,0.0,0,0.0,0,0.0,0,0.0,0,0.0,1,0.3333333333333333,0,0.0,1,0.3333333333333333
大胖d儿子,2,1,no_media,3,2,2022-12,0.0,0.0,1.0,0,0.0,0,0.0,0,0.0,0,0.0,1,1.0,0,0.0,0,0.0,0,0.0,0,0.0
大胖大胖,3,2,no_media,0,3,2023-05,0.0,0.0,0.0,0,0.0,0,0.0,0,0.0,0,0.0,0,0.0,0,0.0,0,0.0,0,0.0,2,1.0
大脑瓜不语,2,1,no_media,0,2,2023-03,0.0,0.0,0.0,0,0.0,0,0.0,0,0.0,0,0.0,0,0.0,0,0.0,0,0.0,1,1.0,0,0.0
大脸古板小姐姐,2,1,wemedia_only,14,2,2025-06,0.0,0.0,0.0,0,0.0,0,0.0,0,0.0,0,0.0,0,0.0,1,1.0,0,0.0,0,0.0,0,0.0
大自然AUHG,2,1,no_media,2,2,2024-07,0.0,0.0,1.0,0,0.0,0,0.0,0,0.0,0,0.0,1,1.0,0,0.0,0,0.0,0,0.0,0,0.0
大舟山论坛,12,11,no_media,0,12,2023-03,0.0,0.0,1.0,0,0.0,0,0.0,0,0.0,0,0.0,11,1.0,0,0.0,0,0.0,0,0.0,0,0.0
大虫保平安版,2,1,no_media,0,2,2023-07,0.0,0.0,0.0,0,0.0,0,0.0,0,0.0,0,0.0,0,0.0,0,0.0,0,0.0,0,0.0,1,1.0
大豆钭江明,2,1,no_media,2,2,2023-02,0.0,0.0,0.0,0,0.0,0,0.0,0,0.0,0,0.0,0,0.0,0,0.0,0,0.0,0,0.0,1,1.0
大象新闻,23,22,no_media,0,18,2021-02,0.0,0.0,0.9545454545454546,0,0.0,0,0.0,0,0.0,0,0.0,21,0.9545454545454546,0,0.0,0,0.0,1,0.045454545454545456,0,0.0
大象时政,19,18,no_media,0,18,2020-11,0.0,0.0,0.8888888888888888,0,0.0,0,0.0,0,0.0,0,0.0,16,0.8888888888888888,1,0.05555555555555555,0,0.0,1,0.05555555555555555,0,0.0
大路无遮拦,2,1,no_media,0,2,2023-05,0.0,0.0,1.0,0,0.0,0,0.0,0,0.0,0,0.0,1,1.0,0,0.0,0,0.0,0,0.0,0,0.0
大连日报,2,1,no_media,0,2,2025-05,0.0,0.0,1.0,0,0.0,0,0.0,0,0.0,0,0.0,1,1.0,0,0.0,0,0.0,0,0.0,0,0.0
大连汉唐中医张斌字彧彰,9,8,no_media,0,9,2023-04,0.0,0.0,1.0,0,0.0,0,0.0,0,0.0,0,0.0,8,1.0,0,0.0,0,0.0,0,0.0,0,0.0
大阳光金牛,6,5,no_media,0,6,2023-02,0.0,0.0,1.0,0,0.0,0,0.0,0,0.0,0,0.0,5,1.0,0,0.0,0,0.0,0,0.0,0,0.0
大阳养生,6,5,no_media,0,6,2023-02,0.0,0.0,1.0,0,0.0,0,0.0,0,0.0,0,0.0,5,1.0,0,0.0,0,0.0,0,0.0,0,0.0
大阿图因,3,2,mainstream_only,5,3,2023-02,0.0,0.5,0.5,0,0.0,1,0.5,0,0.0,0,0.0,1,0.5,0,0.0,0,0.0,0,0.0,0,0.0
大风视频,2,1,no_media,0,2,2023-02,0.0,0.0,1.0,0,0.0,0,0.0,0,0.0,0,0.0,1,1.0,0,0.0,0,0.0,0,0.0,0,0.0
大鱼主任,22,21,no_media,0,13,2024-02,0.0,0.0,1.0,0,0.0,0,0.0,0,0.0,0,0.0,21,1.0,0,0.0,0,0.0,0,0.0,0,0.0
大鹅花滑,2,1,mainstream_only,2,2,2024-02,0.0,0.0,1.0,0,0.0,0,0.0,0,0.0,0,0.0,1,1.0,0,0.0,0,0.0,0,0.0,0,0.0
大鹏鹏举,2,1,no_media,0,2,2023-02,0.0,0.0,1.0,0,0.0,0,0.0,0,0.0,0,0.0,1,1.0,0,0.0,0,0.0,0,0.0,0,0.0
天-正气-地,2,1,wemedia_only,3,2,2023-06,0.0,1.0,0.0,0,0.0,1,1.0,0,0.0,0,0.0,0,0.0,0,0.0,0,0.0,0,0.0,0,0.0
天一道场-鹿飞雪,2,1,no_media,0,2,2025-02,0.0,0.0,1.0,0,0.0,0,0.0,0,0.0,0,0.0,1,1.0,0,0.0,0,0.0,0,0.0,0,0.0
天上一日人间一年,2,1,no_media,2,2,2023-05,0.0,1.0,0.0,0,0.0,0,0.0,1,1.0,0,0.0,0,0.0,0,0.0,0,0.0,0,0.0,0,0.0
天上地下唯我荣荣酱,2,1,no_media,0,2,2023-04,0.0,0.0,0.0,0,0.0,0,0.0,0,0.0,0,0.0,0,0.0,0,0.0,0,0.0,0,0.0,1,1.0
天下无敌美少女战士sure,3,2,no_media,0,3,2023-02,0.0,0.0,0.0,0,0.0,0,0.0,0,0.0,0,0.0,0,0.0,0,0.0,0,0.0,1,0.5,1,0.5
天下潮商,2,1,no_media,0,2,2024-06,0.0,0.0,1.0,0,0.0,0,0.0,0,0.0,0,0.0,1,1.0,0,0.0,0,0.0,0,0.0,0,0.0
天之尘埃,3,2,wemedia_only,2,3,2023-07,0.5,0.0,0.5,0,0.0,0,0.0,0,0.0,1,0.5,1,0.5,0,0.0,0,0.0,0,0.0,0,0.0
天二庄主,2,1,no_media,0,2,2023-07,0.0,0.0,0.0,0,0.0,0,0.0,0,0.0,0,0.0,0,0.0,1,1.0,0,0.0,0,0.0,0,0.0
天佳影视,2,1,no_media,0,2,2023-02,0.0,0.0,1.0,0,0.0,0,0.0,0,0.0,0,0.0,1,1.0,0,0.0,0,0.0,0,0.0,0,0.0
天医星工作室,3,2,no_media,0,3,2023-02,0.0,0.0,1.0,0,0.0,0,0.0,0,0.0,0,0.0,2,1.0,0,0.0,0,0.0,0,0.0,0,0.0
天地之间木横土衰,2,1,no_media,0,2,2023-05,0.0,0.0,1.0,0,0.0,0,0.0,0,0.0,0,0.0,1,1.0,0,0.0,0,0.0,0,0.0,0,0.0
天堂放逐者,2,1,no_media,0,2,2023-05,0.0,0.0,0.0,0,0.0,0,0.0,0,0.0,0,0.0,0,0.0,1,1.0,0,0.0,0,0.0,0,0.0
天墉城入学九折代理,2,1,no_media,0,2,2024-06,0.0,1.0,0.0,0,0.0,0,0.0,1,1.0,0,0.0,0,0.0,0,0.0,0,0.0,0,0.0,0,0.0
天天向上好好学习369,2,1,no_media,1,2,2023-07,0.0,0.0,0.0,1,1.0,0,0.0,0,0.0,0,0.0,0,0.0,0,0.0,0,0.0,0,0.0,0,0.0
天天都睡觉,2,1,no_media,11,2,2024-06,0.0,0.0,1.0,0,0.0,0,0.0,0,0.0,0,0.0,1,1.0,0,0.0,0,0.0,0,0.0,0,0.0
天宠猫,3,2,mainstream_only,2,3,2025-02,0.5,0.0,0.5,0,0.0,0,0.0,0,0.0,1,0.5,1,0.5,0,0.0,0,0.0,0,0.0,0,0.0
天山游侠00439,2,1,wemedia_only,2,2,2023-02,0.0,0.0,1.0,0,0.0,0,0.0,0,0.0,0,0.0,1,1.0,0,0.0,0,0.0,0,0.0,0,0.0
天府发布,7,6,no_media,0,5,2020-03,0.0,0.0,1.0,0,0.0,0,0.0,0,0.0,0,0.0,6,1.0,0,0.0,0,0.0,0,0.0,0,0.0
天才可爱na,2,1,no_media,0,2,2023-05,0.0,0.0,0.0,0,0.0,0,0.0,0,0.0,0,0.0,0,0.0,0,0.0,0,0.0,0,0.0,1,1.0
天数此中求,4,3,no_media,1,4,2023-06,0.0,0.0,1.0,0,0.0,0,0.0,0,0.0,0,0.0,3,1.0,0,0.0,0,0.0,0,0.0,0,0.0
天晴什么调5_0,2,1,no_media,0,2,2023-11,0.0,0.0,0.0,0,0.0,0,0.0,0,0.0,0,0.0,0,0.0,1,1.0,0,0.0,0,0.0,0,0.0
天水云视线,2,1,no_media,0,2,2023-02,0.0,0.0,1.0,0,0.0,0,0.0,0,0.0,0,0.0,1,1.0,0,0.0,0,0.0,0,0.0,0,0.0
天水麦积区图书馆,2,1,no_media,0,2,2023-06,0.0,0.0,1.0,0,0.0,0,0.0,0,0.0,0,0.0,1,1.0,0,0.0,0,0.0,0,0.0,0,0.0
天沐白丝带工作站,2,1,no_media,0,2,2023-09,0.0,0.0,1.0,0,0.0,0,0.0,0,0.0,0,0.0,1,1.0,0,0.0,0,0.0,0,0.0,0,0.0
天津人的天津,2,1,no_media,0,2,2022-12,0.0,0.0,1.0,0,0.0,0,0.0,0,0.0,0,0.0,1,1.0,0,0.0,0,0.0,0,0.0,0,0.0
天津健康,3,2,no_media,0,3,2023-02,0.0,0.0,1.0,0,0.0,0,0.0,0,0.0,0,0.0,2,1.0,0,0.0,0,0.0,0,0.0,0,0.0
天津和平,5,4,no_media,0,5,2023-02,0.0,0.0,1.0,0,0.0,0,0.0,0,0.0,0,0.0,4,1.0,0,0.0,0,0.0,0,0.0,0,0.0
天津市医疗健康学会,3,2,no_media,0,3,2023-02,0.0,0.0,1.0,0,0.0,0,0.0,0,0.0,0,0.0,2,1.0,0,0.0,0,0.0,0,0.0,0,0.0
天津市天津医院,2,1,no_media,0,2,2023-02,0.0,0.0,1.0,0,0.0,0,0.0,0,0.0,0,0.0,1,1.0,0,0.0,0,0.0,0,0.0,0,0.0
天津徐玉强,2,1,no_media,1,1,2024-04,0.0,0.0,0.0,1,1.0,0,0.0,0,0.0,0,0.0,0,0.0,0,0.0,0,0.0,0,0.0,0,0.0
天津教育,3,2,no_media,0,3,2023-03,0.0,0.0,1.0,0,0.0,0,0.0,0,0.0,0,0.0,2,1.0,0,0.0,0,0.0,0,0.0,0,0.0
天津日报,49,48,no_media,0,45,2020-03,0.020833333333333332,0.020833333333333332,0.9583333333333334,0,0.0,1,0.020833333333333332,0,0.0,1,0.020833333333333332,46,0.9583333333333334,0,0.0,0,0.0,0,0.0,0,0.0
天津经济广播,3,2,no_media,0,3,2023-03,0.0,0.0,1.0,0,0.0,0,0.0,0,0.0,0,0.0,2,1.0,0,0.0,0,0.0,0,0.0,0,0.0
天津老张,2,1,no_media,0,2,2022-12,0.0,0.0,1.0,0,0.0,0,0.0,0,0.0,0,0.0,1,1.0,0,0.0,0,0.0,0,0.0,0,0.0
天津频率,3,2,no_media,0,3,2023-03,0.0,0.0,1.0,0,0.0,0,0.0,0,0.0,0,0.0,2,1.0,0,0.0,0,0.0,0,0.0,0,0.0
天津鼻炎克星,2,1,no_media,0,2,2024-08,1.0,0.0,0.0,0,0.0,0,0.0,0,0.0,1,1.0,0,0.0,0,0.0,0,0.0,0,0.0,0,0.0
天涯浪子觅知音,3,2,wemedia_only,25,3,2020-11,0.0,0.0,0.0,0,0.0,0,0.0,0,0.0,0,0.0,0,0.0,1,0.5,0,0.0,1,0.5,0,0.0
天涯漁人風林谷,2,1,no_media,0,2,2022-10,0.0,0.0,1.0,0,0.0,0,0.0,0,0.0,0,0.0,1,1.0,0,0.0,0,0.0,0,0.0,0,0.0
天涯社区,2,1,no_media,0,2,2023-05,0.0,0.0,1.0,0,0.0,0,0.0,0,0.0,0,0.0,1,1.0,0,0.0,0,0.0,0,0.0,0,0.0
天涯远1,2,1,no_media,7,2,2024-01,0.0,0.0,1.0,0,0.0,0,0.0,0,0.0,0,0.0,1,1.0,0,0.0,0,0.0,0,0.0,0,0.0
天澜致远,5,4,no_media,0,5,2022-12,0.0,0.0,1.0,0,0.0,0,0.0,0,0.0,0,0.0,4,1.0,0,0.0,0,0.0,0,0.0,0,0.0
天灵心灵_,2,1,no_media,0,2,2024-04,0.0,0.0,0.0,1,1.0,0,0.0,0,0.0,0,0.0,0,0.0,0,0.0,0,0.0,0,0.0,0,0.0
天然蜂蜜和自然养身,4,3,no_media,0,4,2025-03,0.0,0.0,1.0,0,0.0,0,0.0,0,0.0,0,0.0,3,1.0,0,0.0,0,0.0,0,0.0,0,0.0
天狼星alpha,7,6,no_media,6,7,2023-03,0.3333333333333333,0.3333333333333333,0.16666666666666666,1,0.16666666666666666,2,0.3333333333333333,0,0.0,1,0.16666666666666666,1,0.16666666666666666,0,0.0,1,0.16666666666666666,0,0.0,0,0.0
天生丽质胖大海,7,6,no_media,1,7,2023-09,0.16666666666666666,0.16666666666666666,0.5,0,0.0,0,0.0,1,0.16666666666666666,0,0.0,3,0.5,0,0.0,1,0.16666666666666666,1,0.16666666666666666,0,0.0
天真or有邪,4,3,no_media,2,4,2023-02,0.3333333333333333,0.3333333333333333,0.0,1,0.3333333333333333,0,0.0,1,0.3333333333333333,0,0.0,0,0.0,0,0.0,1,0.3333333333333333,0,0.0,0,0.0
天眼新闻,10,9,no_media,0,9,2023-02,0.0,0.0,1.0,0,0.0,0,0.0,0,0.0,0,0.0,9,1.0,0,0.0,0,0.0,0,0.0,0,0.0
天祝县融媒体中心,30,29,no_media,0,30,2023-02,0.0,0.0,1.0,0,0.0,0,0.0,0,0.0,0,0.0,29,1.0,0,0.0,0,0.0,0,0.0,0,0.0
天祥宋瑞,7,6,no_media,3,7,2023-10,0.3333333333333333,0.3333333333333333,0.0,0,0.0,0,0.0,2,0.3333333333333333,0,0.0,0,0.0,1,0.16666666666666666,2,0.3333333333333333,0,0.0,1,0.16666666666666666
天秤座宝姐,3,2,no_media,0,3,2023-05,0.0,0.0,0.0,0,0.0,0,0.0,0,0.0,0,0.0,0,0.0,1,0.5,0,0.0,1,0.5,0,0.0
天籁之音黏土龙,2,1,no_media,0,2,2024-03,0.0,0.0,0.0,1,1.0,0,0.0,0,0.0,0,0.0,0,0.0,0,0.0,0,0.0,0,0.0,0,0.0
天缘有份神州好奇大土豆,5,4,wemedia_only,1,5,2023-03,0.0,0.0,1.0,0,0.0,0,0.0,0,0.0,0,0.0,4,1.0,0,0.0,0,0.0,0,0.0,0,0.0
天葉夜,2,1,mainstream_only,2,2,2023-06,0.0,0.0,1.0,0,0.0,0,0.0,0,0.0,0,0.0,1,1.0,0,0.0,0,0.0,0,0.0,0,0.0
天蓝Photo,2,1,no_media,0,2,2024-04,0.0,0.0,0.0,0,0.0,0,0.0,0,0.0,0,0.0,0,0.0,0,0.0,0,0.0,0,0.0,1,1.0
天蝎凤凰818,2,1,no_media,0,2,2023-04,0.0,0.0,0.0,0,0.0,0,0.0,0,0.0,0,0.0,0,0.0,0,0.0,0,0.0,1,1.0,0,0.0
天边的月牙泉,2,1,no_media,0,2,2023-02,0.0,0.0,0.0,0,0.0,0,0.0,0,0.0,0,0.0,0,0.0,0,0.0,0,0.0,1,1.0,0,0.0
天道V酬勤V,7,6,wemedia_only,4,4,2023-09,0.3333333333333333,0.3333333333333333,0.0,0,0.0,2,0.3333333333333333,0,0.0,2,0.3333333333333333,0,0.0,1,0.16666666666666666,0,0.0,1,0.16666666666666666,0,0.0
天道无亲999,2,1,no_media,0,2,2023-12,0.0,0.0,1.0,0,0.0,0,0.0,0,0.0,0,0.0,1,1.0,0,0.0,0,0.0,0,0.0,0,0.0
天青骤雨,2,1,no_media,1,2,2022-10,0.0,1.0,0.0,0,0.0,1,1.0,0,0.0,0,0.0,0,0.0,0,0.0,0,0.0,0,0.0,0,0.0
太上小君o,2,1,no_media,0,1,2024-11,0.0,0.0,0.0,1,1.0,0,0.0,0,0.0,0,0.0,0,0.0,0,0.0,0,0.0,0,0.0,0,0.0
太刀,2,1,no_media,0,2,2023-05,0.0,0.0,0.0,0,0.0,0,0.0,0,0.0,0,0.0,0,0.0,0,0.0,0,0.0,0,0.0,1,1.0
太原数字城管,4,3,no_media,0,4,2023-02,0.0,0.0,1.0,0,0.0,0,0.0,0,0.0,0,0.0,3,1.0,0,0.0,0,0.0,0,0.0,0,0.0
太原新闻网官方微博,68,67,no_media,0,50,2020-03,0.0,0.0,1.0,0,0.0,0,0.0,0,0.0,0,0.0,67,1.0,0,0.0,0,0.0,0,0.0,0,0.0
太原日报,10,9,no_media,0,10,2022-01,0.0,0.0,1.0,0,0.0,0,0.0,0,0.0,0,0.0,9,1.0,0,0.0,0,0.0,0,0.0,0,0.0
太原晚报,43,42,no_media,0,38,2020-03,0.0,0.0,1.0,0,0.0,0,0.0,0,0.0,0,0.0,42,1.0,0,0.0,0,0.0,0,0.0,0,0.0
太可贵有你在这世界,2,1,no_media,2,2,2023-09,0.0,0.0,0.0,0,0.0,0,0.0,0,0.0,0,0.0,0,0.0,1,1.0,0,0.0,0,0.0,0,0.0
太和道医,2,1,no_media,0,2,2023-12,0.0,0.0,1.0,0,0.0,0,0.0,0,0.0,0,0.0,1,1.0,0,0.0,0,0.0,0,0.0,0,0.0
太极推拿川式采耳培训59229,2,1,no_media,1,2,2023-01,0.0,0.0,0.0,0,0.0,0,0.0,0,0.0,0,0.0,0,0.0,0,0.0,0,0.0,0,0.0,1,1.0
太极正骨陈启锋催眠师,4,3,no_media,0,4,2023-02,0.3333333333333333,0.3333333333333333,0.3333333333333333,0,0.0,1,0.3333333333333333,0,0.0,1,0.3333333333333333,1,0.3333333333333333,0,0.0,0,0.0,0,0.0,0,0.0
太湖微波_29612,2,1,no_media,0,2,2023-10,1.0,0.0,0.0,0,0.0,0,0.0,0,0.0,1,1.0,0,0.0,0,0.0,0,0.0,0,0.0,0,0.0
太素堂_太素脉法,2,1,no_media,0,2,2024-06,0.0,0.0,1.0,0,0.0,0,0.0,0,0.0,0,0.0,1,1.0,0,0.0,0,0.0,0,0.0,0,0.0
太行日报,9,8,no_media,0,9,2020-03,0.0,0.0,1.0,0,0.0,0,0.0,0,0.0,0,0.0,8,1.0,0,0.0,0,0.0,0,0.0,0,0.0
太阳-明光,3,2,no_media,0,3,2023-03,0.0,0.0,1.0,0,0.0,0,0.0,0,0.0,0,0.0,2,1.0,0,0.0,0,0.0,0,0.0,0,0.0
太鼓打人,2,1,no_media,0,2,2023-02,0.0,0.0,0.0,0,0.0,0,0.0,0,0.0,0,0.0,0,0.0,0,0.0,0,0.0,0,0.0,1,1.0
央广网,45,44,no_media,0,44,2021-05,0.0,0.0,1.0,0,0.0,0,0.0,0,0.0,0,0.0,44,1.0,0,0.0,0,0.0,0,0.0,0,0.0
央视新闻,37,36,no_media,0,37,2020-04,0.0,0.0,1.0,0,0.0,0,0.0,0,0.0,0,0.0,36,1.0,0,0.0,0,0.0,0,0.0,0,0.0
央视网,26,25,no_media,0,21,2020-03,0.0,0.0,1.0,0,0.0,0,0.0,0,0.0,0,0.0,25,1.0,0,0.0,0,0.0,0,0.0,0,0.0
央视网快看,26,25,no_media,0,24,2021-01,0.0,0.0,1.0,0,0.0,0,0.0,0,0.0,0,0.0,25,1.0,0,0.0,0,0.0,0,0.0,0,0.0
央视网科技,9,8,no_media,0,8,2020-11,0.0,0.0,1.0,0,0.0,0,0.0,0,0.0,0,0.0,8,1.0,0,0.0,0,0.0,0,0.0,0,0.0
央视财经,2,1,no_media,0,2,2023-11,0.0,0.0,1.0,0,0.0,0,0.0,0,0.0,0,0.0,1,1.0,0,0.0,0,0.0,0,0.0,0,0.0
央视频,2,1,no_media,0,2,2021-03,0.0,1.0,0.0,0,0.0,1,1.0,0,0.0,0,0.0,0,0.0,0,0.0,0,0.0,0,0.0,0,0.0
失心疯老师太,2,1,no_media,0,2,2023-03,0.0,0.0,0.0,0,0.0,0,0.0,0,0.0,0,0.0,0,0.0,1,1.0,0,0.0,0,0.0,0,0.0
失火的天堂hzgxx,2,1,mainstream_only,2,2,2023-02,0.0,0.0,0.0,0,0.0,0,0.0,0,0.0,0,0.0,0,0.0,0,0.0,0,0.0,1,1.0,0,0.0
失眠中的小艾viola,2,1,no_media,0,2,2023-02,0.0,0.0,0.0,1,1.0,0,0.0,0,0.0,0,0.0,0,0.0,0,0.0,0,0.0,0,0.0,0,0.0
失眠狸,3,2,no_media,2,2,2025-05,0.5,0.0,0.5,0,0.0,0,0.0,0,0.0,1,0.5,1,0.5,0,0.0,0,0.0,0,0.0,0,0.0
头条新闻,14,13,no_media,0,13,2023-02,0.0,0.0,0.8461538461538461,0,0.0,0,0.0,0,0.0,0,0.0,11,0.8461538461538461,1,0.07692307692307693,0,0.0,1,0.07692307692307693,0,0.0
头疼小仙,2,1,no_media,1,2,2023-12,0.0,0.0,0.0,1,1.0,0,0.0,0,0.0,0,0.0,0,0.0,0,0.0,0,0.0,0,0.0,0,0.0
头脑灵活赚不完,2,1,no_media,0,2,2023-02,0.0,0.0,0.0,0,0.0,0,0.0,0,0.0,0,0.0,0,0.0,1,1.0,0,0.0,0,0.0,0,0.0
夹心榴莲披萨,2,1,no_media,0,1,2023-04,0.0,0.0,0.0,1,1.0,0,0.0,0,0.0,0,0.0,0,0.0,0,0.0,0,0.0,0,0.0,0,0.0
奇思妙想小苹果,4,3,no_media,1,4,2023-09,0.0,0.0,1.0,0,0.0,0,0.0,0,0.0,0,0.0,3,1.0,0,0.0,0,0.0,0,0.0,0,0.0
奇荒,22,21,no_media,0,8,2022-10,0.047619047619047616,0.047619047619047616,0.9047619047619048,0,0.0,1,0.047619047619047616,0,0.0,1,0.047619047619047616,19,0.9047619047619048,0,0.0,0,0.0,0,0.0,0,0.0
奇门君,3,2,no_media,0,3,2023-04,0.0,0.0,0.5,0,0.0,0,0.0,0,0.0,0,0.0,1,0.5,1,0.5,0,0.0,0,0.0,0,0.0
奈何桥上吾奈何,2,1,no_media,0,2,2023-11,0.0,0.0,0.0,0,0.0,0,0.0,0,0.0,0,0.0,0,0.0,0,0.0,0,0.0,1,1.0,0,0.0
奎文发布,3,2,no_media,0,3,2022-12,0.0,0.0,0.0,0,0.0,0,0.0,0,0.0,0,0.0,0,0.0,1,0.5,0,0.0,1,0.5,0,0.0
奏耐天津,5,4,no_media,0,5,2023-02,0.0,0.0,0.0,0,0.0,0,0.0,0,0.0,0,0.0,0,0.0,2,0.5,0,0.0,2,0.5,0,0.0
奔流新闻,2,1,no_media,0,2,2022-03,0.0,0.0,1.0,0,0.0,0,0.0,0,0.0,0,0.0,1,1.0,0,0.0,0,0.0,0,0.0,0,0.0
奔走云游,2,1,no_media,1,1,2024-08,0.0,0.0,0.0,0,0.0,0,0.0,0,0.0,0,0.0,0,0.0,0,0.0,0,0.0,0,0.0,1,1.0
奔跑吧王大夫TCM,5,4,no_media,5,5,2023-08,0.0,0.0,1.0,0,0.0,0,0.0,0,0.0,0,0.0,4,1.0,0,0.0,0,0.0,0,0.0,0,0.0
奕MM,2,1,no_media,0,2,2023-03,0.0,0.0,0.0,0,0.0,0,0.0,0,0.0,0,0.0,0,0.0,0,0.0,0,0.0,0,0.0,1,1.0
奥加电竞,4,3,no_media,0,4,2023-02,0.0,0.0,1.0,0,0.0,0,0.0,0,0.0,0,0.0,3,1.0,0,0.0,0,0.0,0,0.0,0,0.0
奥卡姆剃刀,2,1,no_media,0,1,2022-11,0.0,0.0,1.0,0,0.0,0,0.0,0,0.0,0,0.0,1,1.0,0,0.0,0,0.0,0,0.0,0,0.0
奥哈卡分解,2,1,no_media,0,2,2023-09,0.0,0.0,0.0,0,0.0,0,0.0,0,0.0,0,0.0,0,0.0,0,0.0,0,0.0,0,0.0,1,1.0
奥唯康健官方,4,3,no_media,0,4,2023-03,0.0,0.0,1.0,0,0.0,0,0.0,0,0.0,0,0.0,3,1.0,0,0.0,0,0.0,0,0.0,0,0.0
奥宝宝,6,5,no_media,1,6,2024-01,0.2,0.2,0.6,0,0.0,1,0.2,0,0.0,1,0.2,3,0.6,0,0.0,0,0.0,0,0.0,0,0.0
奥迪特吴,3,2,no_media,0,3,2023-06,0.0,0.0,0.0,0,0.0,0,0.0,0,0.0,0,0.0,0,0.0,1,0.5,0,0.0,1,0.5,0,0.0
女王的拖把,4,3,no_media,2,4,2023-02,0.0,0.0,1.0,0,0.0,0,0.0,0,0.0,0,0.0,3,1.0,0,0.0,0,0.0,0,0.0,0,0.0
奶绿少冰正常糖,2,1,no_media,0,2,2023-08,0.0,0.0,0.0,0,0.0,0,0.0,0,0.0,0,0.0,0,0.0,0,0.0,0,0.0,0,0.0,1,1.0
奶芙芙苏宝,4,3,no_media,0,4,2023-04,0.0,0.3333333333333333,0.0,2,0.6666666666666666,0,0.0,1,0.3333333333333333,0,0.0,0,0.0,0,0.0,0,0.0,0,0.0,0,0.0
奶霜莓莓绵绵冰,2,1,mainstream_only,1,1,2023-02,0.0,0.0,1.0,0,0.0,0,0.0,0,0.0,0,0.0,1,1.0,0,0.0,0,0.0,0,0.0,0,0.0
奶霸知道,4,3,no_media,2,4,2023-02,0.3333333333333333,0.0,0.6666666666666666,0,0.0,0,0.0,0,0.0,1,0.3333333333333333,2,0.6666666666666666,0,0.0,0,0.0,0,0.0,0,0.0
她不会取,2,1,no_media,1,2,2023-01,0.0,0.0,0.0,1,1.0,0,0.0,0,0.0,0,0.0,0,0.0,0,0.0,0,0.0,0,0.0,0,0.0
她很圆润且具有一定攻击性,19,18,no_media,0,13,2023-05,0.05555555555555555,0.05555555555555555,0.7777777777777778,0,0.0,1,0.05555555555555555,0,0.0,1,0.05555555555555555,14,0.7777777777777778,1,0.05555555555555555,0,0.0,1,0.05555555555555555,0,0.0
她爱的秋天Autumn,2,1,no_media,0,1,2022-03,0.0,0.0,0.0,0,0.0,0,0.0,0,0.0,0,0.0,0,0.0,0,0.0,0,0.0,1,1.0,0,0.0
她说_巷尾的樱花开了,2,1,no_media,0,2,2023-02,0.0,0.0,0.0,0,0.0,0,0.0,0,0.0,0,0.0,0,0.0,0,0.0,0,0.0,0,0.0,1,1.0
好中医部落,4,3,no_media,0,3,2024-06,0.3333333333333333,0.0,0.6666666666666666,0,0.0,0,0.0,0,0.0,1,0.3333333333333333,2,0.6666666666666666,0,0.0,0,0.0,0,0.0,0,0.0
好医生,2,1,no_media,0,2,2023-11,0.0,0.0,1.0,0,0.0,0,0.0,0,0.0,0,0.0,1,1.0,0,0.0,0,0.0,0,0.0,0,0.0
好吃懒做锦标赛冠军,3,2,no_media,0,3,2023-06,0.0,0.0,0.0,2,1.0,0,0.0,0,0.0,0,0.0,0,0.0,0,0.0,0,0.0,0,0.0,0,0.0
好喝还是冰美式,2,1,no_media,0,2,2023-03,0.0,0.0,1.0,0,0.0,0,0.0,0,0.0,0,0.0,1,1.0,0,0.0,0,0.0,0,0.0,0,0.0
好奇本奇,2,1,no_media,2,2,2023-10,0.0,0.0,1.0,0,0.0,0,0.0,0,0.0,0,0.0,1,1.0,0,0.0,0,0.0,0,0.0,0,0.0
好好生活皆如所愿51129锁死,2,1,no_media,0,2,2023-04,0.0,0.0,0.0,1,1.0,0,0.0,0,0.0,0,0.0,0,0.0,0,0.0,0,0.0,0,0.0,0,0.0
好好睡觉才是福,2,1,no_media,0,2,2023-05,0.0,0.0,0.0,0,0.0,0,0.0,0,0.0,0,0.0,0,0.0,1,1.0,0,0.0,0,0.0,0,0.0
好学近知6888,2,1,no_media,8,2,2022-04,1.0,0.0,0.0,0,0.0,0,0.0,0,0.0,1,1.0,0,0.0,0,0.0,0,0.0,0,0.0,0,0.0
好朋友手牵手,2,1,no_media,0,2,2022-03,0.0,0.0,0.0,0,0.0,0,0.0,0,0.0,0,0.0,0,0.0,0,0.0,0,0.0,1,1.0,0,0.0
好来多多多,2,1,no_media,0,2,2023-02,0.0,0.0,1.0,0,0.0,0,0.0,0,0.0,0,0.0,1,1.0,0,0.0,0,0.0,0,0.0,0,0.0
好烦好烦好烦别来沾边,2,1,no_media,0,2,2025-04,0.0,1.0,0.0,0,0.0,0,0.0,1,1.0,0,0.0,0,0.0,0,0.0,0,0.0,0,0.0,0,0.0
好的我明天就走了,2,1,no_media,0,2,2023-05,0.0,1.0,0.0,0,0.0,0,0.0,1,1.0,0,0.0,0,0.0,0,0.0,0,0.0,0,0.0,0,0.0
好的都可以没关系你说得对,6,5,mainstream_only,1,5,2023-03,0.0,0.2,0.0,0,0.0,0,0.0,1,0.2,0,0.0,0,0.0,1,0.2,0,0.0,1,0.2,2,0.4
好评如朝,7,6,no_media,0,5,2022-10,0.0,0.0,1.0,0,0.0,0,0.0,0,0.0,0,0.0,6,1.0,0,0.0,0,0.0,0,0.0,0,0.0
好运兄弟,2,1,no_media,0,2,2023-03,0.0,0.0,0.0,1,1.0,0,0.0,0,0.0,0,0.0,0,0.0,0,0.0,0,0.0,0,0.0,0,0.0
好运年度大锦鲤,2,1,no_media,2,2,2023-01,0.0,0.0,0.0,0,0.0,0,0.0,0,0.0,0,0.0,0,0.0,0,0.0,0,0.0,0,0.0,1,1.0
好音来_,2,1,no_media,1,2,2024-11,0.0,0.0,1.0,0,0.0,0,0.0,0,0.0,0,0.0,1,1.0,0,0.0,0,0.0,0,0.0,0,0.0
如东政法,2,1,no_media,2,2,2022-03,0.0,0.0,1.0,0,0.0,0,0.0,0,0.0,0,0.0,1,1.0,0,0.0,0,0.0,0,0.0,0,0.0
如是天魔显化,3,2,wemedia_only,1,3,2023-02,0.0,0.0,0.0,2,1.0,0,0.0,0,0.0,0,0.0,0,0.0,0,0.0,0,0.0,0,0.0,0,0.0
如月舞2018,15,14,mainstream_only,13,14,2023-05,0.14285714285714285,0.14285714285714285,0.5,1,0.07142857142857142,2,0.14285714285714285,0,0.0,1,0.07142857142857142,7,0.5,2,0.14285714285714285,1,0.07142857142857142,0,0.0,0,0.0
如果我是花的话就能见到你吗,2,1,no_media,0,2,2024-01,1.0,0.0,0.0,0,0.0,0,0.0,0,0.0,0,0.0,0,0.0,0,0.0,1,1.0,0,0.0,0,0.0
如果明天的明天,2,1,no_media,0,1,2023-02,0.0,0.0,1.0,0,0.0,0,0.0,0,0.0,0,0.0,1,1.0,0,0.0,0,0.0,0,0.0,0,0.0
如水就挺好,2,1,no_media,0,2,2023-04,0.0,1.0,0.0,0,0.0,0,0.0,1,1.0,0,0.0,0,0.0,0,0.0,0,0.0,0,0.0,0,0.0
如皋老猫,2,1,mainstream_only,3,2,2022-03,0.0,0.0,0.0,1,1.0,0,0.0,0,0.0,0,0.0,0,0.0,0,0.0,0,0.0,0,0.0,0,0.0
如福至灵,2,1,no_media,0,2,2023-02,0.0,0.0,1.0,0,0.0,0,0.0,0,0.0,0,0.0,1,1.0,0,0.0,0,0.0,0,0.0,0,0.0
如虚微尘,2,1,no_media,0,2,2024-10,1.0,0.0,0.0,0,0.0,0,0.0,0,0.0,1,1.0,0,0.0,0,0.0,0,0.0,0,0.0,0,0.0
妇产医生马良坤,11,10,no_media,0,11,2023-08,0.0,0.0,1.0,0,0.0,0,0.0,0,0.0,0,0.0,10,1.0,0,0.0,0,0.0,0,0.0,0,0.0
妇产科医生代泽辉,2,1,no_media,0,2,2023-05,0.0,0.0,1.0,0,0.0,0,0.0,0,0.0,0,0.0,1,1.0,0,0.0,0,0.0,0,0.0,0,0.0
妇产科的陈大夫,6,5,no_media,0,6,2023-02,0.0,0.0,0.6,0,0.0,0,0.0,0,0.0,0,0.0,3,0.6,1,0.2,0,0.0,1,0.2,0,0.0
妇幼卫士,4,3,no_media,0,4,2023-02,0.0,0.0,1.0,0,0.0,0,0.0,0,0.0,0,0.0,3,1.0,0,0.0,0,0.0,0,0.0,0,0.0
妈咪汇网推荐,2,1,no_media,0,2,2023-02,0.0,0.0,0.0,0,0.0,0,0.0,0,0.0,0,0.0,0,0.0,1,1.0,0,0.0,0,0.0,0,0.0
妈咪的琦琦殿下,5,4,no_media,6,5,2024-06,0.0,0.0,0.5,0,0.0,0,0.0,0,0.0,0,0.0,2,0.5,1,0.25,0,0.0,0,0.0,1,0.25
妙不可言_勿忘她,3,2,no_media,0,3,2023-02,0.0,0.5,0.5,0,0.0,1,0.5,0,0.0,0,0.0,1,0.5,0,0.0,0,0.0,0,0.0,0,0.0
妙手仁医,2,1,no_media,1,2,2024-03,0.0,0.0,0.0,0,0.0,0,0.0,0,0.0,0,0.0,0,0.0,1,1.0,0,0.0,0,0.0,0,0.0
妙识所难_,2,1,no_media,0,2,2023-02,0.0,1.0,0.0,0,0.0,0,0.0,1,1.0,0,0.0,0,0.0,0,0.0,0,0.0,0,0.0,0,0.0
妞的橘子数量,2,1,no_media,3,2,2023-07,0.0,0.0,0.0,1,1.0,0,0.0,0,0.0,0,0.0,0,0.0,0,0.0,0,0.0,0,0.0,0,0.0
妞要向前看,3,2,no_media,0,3,2022-12,0.0,0.0,0.0,0,0.0,0,0.0,0,0.0,0,0.0,0,0.0,0,0.0,0,0.0,1,0.5,1,0.5
妥爸-关心孩子的事,8,7,wemedia_only,4,8,2023-03,0.0,0.0,1.0,0,0.0,0,0.0,0,0.0,0,0.0,7,1.0,0,0.0,0,0.0,0,0.0,0,0.0
妮好201501,2,1,no_media,1,1,2022-12,0.0,0.0,1.0,0,0.0,0,0.0,0,0.0,0,0.0,1,1.0,0,0.0,0,0.0,0,0.0,0,0.0
妮小安-Anny,37,36,no_media,0,35,2023-02,0.08333333333333333,0.08333333333333333,0.027777777777777776,0,0.0,0,0.0,3,0.08333333333333333,0,0.0,1,0.027777777777777776,3,0.08333333333333333,3,0.08333333333333333,3,0.08333333333333333,23,0.6388888888888888
妮诗加油,2,1,no_media,0,2,2023-06,0.0,0.0,1.0,0,0.0,0,0.0,0,0.0,0,0.0,1,1.0,0,0.0,0,0.0,0,0.0,0,0.0
姆们说,6,5,no_media,0,6,2021-03,0.0,0.2,0.8,0,0.0,1,0.2,0,0.0,0,0.0,4,0.8,0,0.0,0,0.0,0,0.0,0,0.0
姐的平凡你们学不来59030,3,2,mainstream_only,3,3,2023-02,0.0,0.0,1.0,0,0.0,0,0.0,0,0.0,0,0.0,2,1.0,0,0.0,0,0.0,0,0.0,0,0.0
姑射山小弟子,2,1,no_media,0,2,2024-06,0.0,0.0,1.0,0,0.0,0,0.0,0,0.0,0,0.0,1,1.0,0,0.0,0,0.0,0,0.0,0,0.0
姑射杨公子,3,2,wemedia_only,5,2,2023-06,0.5,0.5,0.0,0,0.0,1,0.5,0,0.0,1,0.5,0,0.0,0,0.0,0,0.0,0,0.0,0,0.0
姑苏百合轩,2,1,no_media,0,2,2023-02,0.0,0.0,1.0,0,0.0,0,0.0,0,0.0,0,0.0,1,1.0,0,0.0,0,0.0,0,0.0,0,0.0
姑苏蓝氏外门女弟子,2,1,no_media,0,2,2023-02,0.0,0.0,0.0,0,0.0,0,0.0,0,0.0,0,0.0,0,0.0,0,0.0,0,0.0,0,0.0,1,1.0
姓唐的玄丘校尉,2,1,no_media,0,2,2023-02,0.0,0.0,0.0,0,0.0,0,0.0,0,0.0,0,0.0,0,0.0,0,0.0,0,0.0,1,1.0,0,0.0
姚安政法,3,2,mainstream_only,3,3,2023-02,0.0,0.0,1.0,0,0.0,0,0.0,0,0.0,0,0.0,2,1.0,0,0.0,0,0.0,0,0.0,0,0.0
姚琴娟-健康说,15,14,no_media,0,12,2023-03,0.0,0.0,0.6428571428571429,0,0.0,0,0.0,0,0.0,0,0.0,9,0.6428571428571429,2,0.14285714285714285,0,0.0,1,0.07142857142857142,2,0.14285714285714285
姜两元,2,1,no_media,0,1,2024-12,0.0,0.0,0.0,0,0.0,0,0.0,0,0.0,0,0.0,0,0.0,0,0.0,0,0.0,0,0.0,1,1.0
姜豆汁珍珠,4,3,no_media,0,4,2024-06,0.3333333333333333,0.3333333333333333,0.0,0,0.0,0,0.0,1,0.3333333333333333,0,0.0,0,0.0,0,0.0,1,0.3333333333333333,0,0.0,1,0.3333333333333333
姞雪心,8,7,no_media,2,8,2023-02,0.2857142857142857,0.2857142857142857,0.14285714285714285,0,0.0,2,0.2857142857142857,0,0.0,0,0.0,1,0.14285714285714285,2,0.2857142857142857,2,0.2857142857142857,0,0.0,0,0.0
姥姥的2020之二,2,1,no_media,1,2,2023-11,0.0,0.0,0.0,0,0.0,0,0.0,0,0.0,0,0.0,0,0.0,0,0.0,0,0.0,1,1.0,0,0.0
姬永锋,3,2,no_media,0,3,2023-06,0.0,0.0,1.0,0,0.0,0,0.0,0,0.0,0,0.0,2,1.0,0,0.0,0,0.0,0,0.0,0,0.0
姿势那些事儿,5,4,no_media,0,5,2020-03,0.25,0.0,0.75,0,0.0,0,0.0,0,0.0,1,0.25,3,0.75,0,0.0,0,0.0,0,0.0,0,0.0
威利的预言法杖,2,1,no_media,2,2,2023-04,0.0,1.0,0.0,0,0.0,0,0.0,1,1.0,0,0.0,0,0.0,0,0.0,0,0.0,0,0.0,0,0.0
威海日报,7,6,no_media,0,7,2023-02,0.0,0.0,1.0,0,0.0,0,0.0,0,0.0,0,0.0,6,1.0,0,0.0,0,0.0,0,0.0,0,0.0
威海晚报,3,2,no_media,0,3,2023-03,0.0,0.0,1.0,0,0.0,0,0.0,0,0.0,0,0.0,2,1.0,0,0.0,0,0.0,0,0.0,0,0.0
娃娃开心的笑一笑,4,3,no_media,0,3,2023-02,0.0,0.0,1.0,0,0.0,0,0.0,0,0.0,0,0.0,3,1.0,0,0.0,0,0.0,0,0.0,0,0.0
娃娃的小泡泡,2,1,no_media,0,2,2023-02,0.0,1.0,0.0,0,0.0,0,0.0,1,1.0,0,0.0,0,0.0,0,0.0,0,0.0,0,0.0,0,0.0
娃娃的机器人,3,2,no_media,2,2,2020-11,0.0,0.5,0.0,1,0.5,1,0.5,0,0.0,0,0.0,0,0.0,0,0.0,0,0.0,0,0.0,0,0.0
娛樂圈新聞速遞,8,7,no_media,0,8,2023-07,0.0,0.0,1.0,0,0.0,0,0.0,0,0.0,0,0.0,7,1.0,0,0.0,0,0.0,0,0.0,0,0.0
娱乐兜兜屋,24,23,no_media,0,20,2023-03,0.0,0.0,0.9130434782608695,0,0.0,0,0.0,0,0.0,0,0.0,21,0.9130434782608695,1,0.043478260869565216,0,0.0,1,0.043478260869565216,0,0.0
娱乐圈的一夏,4,3,no_media,0,4,2023-04,0.0,0.0,1.0,0,0.0,0,0.0,0,0.0,0,0.0,3,1.0,0,0.0,0,0.0,0,0.0,0,0.0
娱乐壹姐,2,1,no_media,0,1,2023-03,0.0,0.0,1.0,0,0.0,0,0.0,0,0.0,0,0.0,1,1.0,0,0.0,0,0.0,0,0.0,0,0.0
娱乐小浪花er,3,2,no_media,0,3,2023-07,0.0,0.0,1.0,0,0.0,0,0.0,0,0.0,0,0.0,2,1.0,0,0.0,0,0.0,0,0.0,0,0.0
娱乐抹茶圈,20,19,no_media,0,15,2023-04,0.0,0.0,1.0,0,0.0,0,0.0,0,0.0,0,0.0,19,1.0,0,0.0,0,0.0,0,0.0,0,0.0
娱乐探神,3,2,no_media,0,3,2023-06,0.0,0.0,0.5,0,0.0,0,0.0,0,0.0,0,0.0,1,0.5,0,0.0,0,0.0,1,0.5,0,0.0
娱乐杰克,3,2,no_media,0,2,2024-03,0.0,0.0,1.0,0,0.0,0,0.0,0,0.0,0,0.0,2,1.0,0,0.0,0,0.0,0,0.0,0,0.0
娱乐课代表,2,1,no_media,0,1,2025-05,0.0,0.0,1.0,0,0.0,0,0.0,0,0.0,0,0.0,1,1.0,0,0.0,0,0.0,0,0.0,0,0.0
娱乐门客,3,2,no_media,1,3,2023-02,0.5,0.5,0.0,0,0.0,1,0.5,0,0.0,0,0.0,0,0.0,0,0.0,1,0.5,0,0.0,0,0.0
娱侠,2,1,no_media,0,2,2023-04,0.0,0.0,1.0,0,0.0,0,0.0,0,0.0,0,0.0,1,1.0,0,0.0,0,0.0,0,0.0,0,0.0
娱圈趴体天天嗨,2,1,no_media,0,2,2025-05,0.0,0.0,1.0,0,0.0,0,0.0,0,0.0,0,0.0,1,1.0,0,0.0,0,0.0,0,0.0,0,0.0
娱圈逍遥追爱豆,2,1,no_media,0,2,2023-06,0.0,0.0,0.0,0,0.0,0,0.0,0,0.0,0,0.0,0,0.0,1,1.0,0,0.0,0,0.0,0,0.0
娱娱吃鱼,2,1,no_media,0,2,2023-06,0.0,0.0,1.0,0,0.0,0,0.0,0,0.0,0,0.0,1,1.0,0,0.0,0,0.0,0,0.0,0,0.0
娱音少年,2,1,no_media,0,2,2023-04,0.0,0.0,0.0,0,0.0,0,0.0,0,0.0,0,0.0,0,0.0,0,0.0,0,0.0,1,1.0,0,0.0
娴娴心累,2,1,no_media,0,1,2022-12,0.0,0.0,1.0,0,0.0,0,0.0,0,0.0,0,0.0,1,1.0,0,0.0,0,0.0,0,0.0,0,0.0
婉阳-路--远方,2,1,no_media,0,2,2024-12,0.0,0.0,1.0,0,0.0,0,0.0,0,0.0,0,0.0,1,1.0,0,0.0,0,0.0,0,0.0,0,0.0
婧轩婧轩,3,2,no_media,0,3,2023-04,0.5,0.0,0.5,0,0.0,0,0.0,0,0.0,1,0.5,1,0.5,0,0.0,0,0.0,0,0.0,0,0.0
婳祎淡月,4,3,no_media,0,4,2023-02,0.3333333333333333,0.3333333333333333,0.0,0,0.0,1,0.3333333333333333,0,0.0,1,0.3333333333333333,0,0.0,1,0.3333333333333333,0,0.0,0,0.0,0,0.0
媒体人张志威,2,1,no_media,0,2,2023-05,0.0,0.0,1.0,0,0.0,0,0.0,0,0.0,0,0.0,1,1.0,0,0.0,0,0.0,0,0.0,0,0.0
媛媛双胞胎妈妈,3,2,no_media,0,2,2024-02,0.5,0.5,0.0,0,0.0,1,0.5,0,0.0,0,0.0,0,0.0,0,0.0,1,0.5,0,0.0,0,0.0
子_橙C,2,1,no_media,5,2,2023-07,0.0,1.0,0.0,0,0.0,1,1.0,0,0.0,0,0.0,0,0.0,0,0.0,0,0.0,0,0.0,0,0.0
子乐健康,3,2,no_media,1,3,2023-06,0.0,0.0,1.0,0,0.0,0,0.0,0,0.0,0,0.0,2,1.0,0,0.0,0,0.0,0,0.0,0,0.0
子午侠士,5,4,no_media,9,5,2023-03,0.25,0.25,0.25,1,0.25,1,0.25,0,0.0,1,0.25,1,0.25,0,0.0,0,0.0,0,0.0,0,0.0
子啥夏,2,1,no_media,0,2,2023-05,0.0,0.0,0.0,0,0.0,0,0.0,0,0.0,0,0.0,0,0.0,0,0.0,0,0.0,1,1.0,0,0.0
子绿_,2,1,no_media,0,2,2025-06,0.0,0.0,0.0,0,0.0,0,0.0,0,0.0,0,0.0,0,0.0,0,0.0,0,0.0,0,0.0,1,1.0
子羽说易八字七政命理预测,7,6,wemedia_only,1,7,2023-02,0.0,0.0,0.5,0,0.0,0,0.0,0,0.0,0,0.0,3,0.5,1,0.16666666666666666,0,0.0,1,0.16666666666666666,1,0.16666666666666666
子陵在听歌,39,38,no_media,1,38,2023-02,0.0,0.0,1.0,0,0.0,0,0.0,0,0.0,0,0.0,38,1.0,0,0.0,0,0.0,0,0.0,0,0.0
子非于呀咦呀咦gin,2,1,no_media,0,2,2023-10,0.0,0.0,0.0,1,1.0,0,0.0,0,0.0,0,0.0,0,0.0,0,0.0,0,0.0,0,0.0,0,0.0
孔令泉记者,4,3,no_media,0,4,2023-02,0.0,0.0,1.0,0,0.0,0,0.0,0,0.0,0,0.0,3,1.0,0,0.0,0,0.0,0,0.0,0,0.0
孔庆东,2,1,no_media,0,2,2023-02,0.0,0.0,0.0,0,0.0,0,0.0,0,0.0,0,0.0,0,0.0,1,1.0,0,0.0,0,0.0,0,0.0
字母姐DIAM,15,14,no_media,1,13,2023-04,0.07142857142857142,0.07142857142857142,0.2857142857142857,1,0.07142857142857142,1,0.07142857142857142,0,0.0,1,0.07142857142857142,4,0.2857142857142857,3,0.21428571428571427,0,0.0,2,0.14285714285714285,2,0.14285714285714285
孙太一,2,1,no_media,0,2,2023-05,0.0,0.0,1.0,0,0.0,0,0.0,0,0.0,0,0.0,1,1.0,0,0.0,0,0.0,0,0.0,0,0.0
孙想录,2,1,no_media,0,2,2023-09,0.0,0.0,1.0,0,0.0,0,0.0,0,0.0,0,0.0,1,1.0,0,0.0,0,0.0,0,0.0,0,0.0
孙旖Jojo医生,2,1,no_media,0,2,2023-02,0.0,0.0,1.0,0,0.0,0,0.0,0,0.0,0,0.0,1,1.0,0,0.0,0,0.0,0,0.0,0,0.0
孙若乔86,3,2,no_media,0,3,2023-02,0.0,0.0,0.0,0,0.0,0,0.0,0,0.0,0,0.0,0,0.0,0,0.0,0,0.0,0,0.0,2,1.0
孙葭湄,2,1,no_media,0,2,2023-02,0.0,0.0,1.0,0,0.0,0,0.0,0,0.0,0,0.0,1,1.0,0,0.0,0,0.0,0,0.0,0,0.0
孝义发布,3,2,mainstream_only,1,3,2023-05,0.0,0.0,1.0,0,0.0,0,0.0,0,0.0,0,0.0,2,1.0,0,0.0,0,0.0,0,0.0,0,0.0
孝感日报,25,24,no_media,0,23,2020-03,0.0,0.0,1.0,0,0.0,0,0.0,0,0.0,0,0.0,24,1.0,0,0.0,0,0.0,0,0.0,0,0.0
孝视新闻眼,6,5,no_media,0,6,2020-07,0.0,0.0,1.0,0,0.0,0,0.0,0,0.0,0,0.0,5,1.0,0,0.0,0,0.0,0,0.0,0,0.0
孟巍威猛,2,1,no_media,0,2,2023-04,0.0,0.0,1.0,0,0.0,0,0.0,0,0.0,0,0.0,1,1.0,0,0.0,0,0.0,0,0.0,0,0.0
孟静舍,4,3,no_media,0,3,2023-02,0.0,0.0,1.0,0,0.0,0,0.0,0,0.0,0,0.0,3,1.0,0,0.0,0,0.0,0,0.0,0,0.0
季千辰霏,2,1,no_media,0,1,2023-01,0.0,1.0,0.0,0,0.0,0,0.0,1,1.0,0,0.0,0,0.0,0,0.0,0,0.0,0,0.0,0,0.0
季鏻,2,1,no_media,1,2,2023-08,0.0,0.0,1.0,0,0.0,0,0.0,0,0.0,0,0.0,1,1.0,0,0.0,0,0.0,0,0.0,0,0.0
季风故事,2,1,mainstream_only,2,1,2023-04,1.0,0.0,0.0,0,0.0,0,0.0,0,0.0,1,1.0,0,0.0,0,0.0,0,0.0,0,0.0,0,0.0
孤沽,2,1,no_media,0,2,2023-03,0.0,1.0,0.0,0,0.0,0,0.0,1,1.0,0,0.0,0,0.0,0,0.0,0,0.0,0,0.0,0,0.0
孤舟的正能量,25,24,no_media,0,24,2023-02,0.041666666666666664,0.041666666666666664,0.625,0,0.0,0,0.0,1,0.041666666666666664,1,0.041666666666666664,15,0.625,3,0.125,0,0.0,4,0.16666666666666666,0,0.0
孤鸿泽v2,2,1,no_media,1,2,2024-07,0.0,0.0,1.0,0,0.0,0,0.0,0,0.0,0,0.0,1,1.0,0,0.0,0,0.0,0,0.0,0,0.0
学佛人与股票,4,3,mainstream_only,2,4,2021-11,0.0,0.0,1.0,0,0.0,0,0.0,0,0.0,0,0.0,3,1.0,0,0.0,0,0.0,0,0.0,0,0.0
学倪海厦,3,2,wemedia_only,6,3,2023-03,0.0,0.0,1.0,0,0.0,0,0.0,0,0.0,0,0.0,2,1.0,0,0.0,0,0.0,0,0.0,0,0.0
学术大观察,3,2,no_media,0,3,2023-02,0.0,0.5,0.5,0,0.0,1,0.5,0,0.0,0,0.0,1,0.5,0,0.0,0,0.0,0,0.0,0,0.0
学术头条,2,1,no_media,0,2,2021-06,0.0,0.0,1.0,0,0.0,0,0.0,0,0.0,0,0.0,1,1.0,0,0.0,0,0.0,0,0.0,0,0.0
学途官方微博,2,1,no_media,0,2,2023-03,0.0,0.0,1.0,0,0.0,0,0.0,0,0.0,0,0.0,1,1.0,0,0.0,0,0.0,0,0.0,0,0.0
宁夏张聪,2,1,no_media,1,2,2024-03,0.0,0.0,1.0,0,0.0,0,0.0,0,0.0,0,0.0,1,1.0,0,0.0,0,0.0,0,0.0,0,0.0
宁夏新闻网,28,27,no_media,0,25,2021-04,0.0,0.0,1.0,0,0.0,0,0.0,0,0.0,0,0.0,27,1.0,0,0.0,0,0.0,0,0.0,0,0.0
宁夏日报,3,2,no_media,1,3,2023-12,0.0,0.0,1.0,0,0.0,0,0.0,0,0.0,0,0.0,2,1.0,0,0.0,0,0.0,0,0.0,0,0.0
宁少夜未央,8,7,no_media,3,7,2022-12,0.14285714285714285,0.14285714285714285,0.5714285714285714,1,0.14285714285714285,1,0.14285714285714285,0,0.0,1,0.14285714285714285,4,0.5714285714285714,0,0.0,0,0.0,0,0.0,0,0.0
宁思博囡,2,1,wemedia_only,1,2,2024-06,0.0,0.0,1.0,0,0.0,0,0.0,0,0.0,0,0.0,1,1.0,0,0.0,0,0.0,0,0.0,0,0.0
宁思潇潇,2,1,no_media,1,2,2025-05,0.0,1.0,0.0,0,0.0,1,1.0,0,0.0,0,0.0,0,0.0,0,0.0,0,0.0,0,0.0,0,0.0
宁波发布,4,3,no_media,0,4,2023-02,0.0,0.0,1.0,0,0.0,0,0.0,0,0.0,0,0.0,3,1.0,0,0.0,0,0.0,0,0.0,0,0.0
宁波日报,2,1,no_media,0,2,2025-05,0.0,0.0,1.0,0,0.0,0,0.0,0,0.0,0,0.0,1,1.0,0,0.0,0,0.0,0,0.0,0,0.0
宁津融媒,2,1,mainstream_only,3,2,2020-03,0.0,0.0,1.0,0,0.0,0,0.0,0,0.0,0,0.0,1,1.0,0,0.0,0,0.0,0,0.0,0,0.0
宁港升腾,2,1,no_media,0,2,2023-02,0.0,0.0,1.0,0,0.0,0,0.0,0,0.0,0,0.0,1,1.0,0,0.0,0,0.0,0,0.0,0,0.0
宇宙帝皇地铁,2,1,no_media,0,2,2023-05,0.0,0.0,1.0,0,0.0,0,0.0,0,0.0,0,0.0,1,1.0,0,0.0,0,0.0,0,0.0,0,0.0
宇宙无敌美乐大蒂,2,1,no_media,0,2,2023-02,0.0,0.0,0.0,1,1.0,0,0.0,0,0.0,0,0.0,0,0.0,0,0.0,0,0.0,0,0.0,0,0.0
宇宙无敌超级无敌就是超级无敌,3,2,no_media,0,1,2022-12,0.0,0.0,0.0,2,1.0,0,0.0,0,0.0,0,0.0,0,0.0,0,0.0,0,0.0,0,0.0,0,0.0
宇宙星辰05,2,1,no_media,1,2,2023-04,0.0,0.0,0.0,1,1.0,0,0.0,0,0.0,0,0.0,0,0.0,0,0.0,0,0.0,0,0.0,0,0.0
宇宙春爱夏甜,5,4,no_media,4,1,2023-03,0.0,0.0,1.0,0,0.0,0,0.0,0,0.0,0,0.0,4,1.0,0,0.0,0,0.0,0,0.0,0,0.0
宇宙的宠儿_鸿运,3,2,no_media,3,3,2023-11,0.0,0.0,1.0,0,0.0,0,0.0,0,0.0,0,0.0,2,1.0,0,0.0,0,0.0,0,0.0,0,0.0
宇宙级话痨选手,3,2,no_media,0,2,2023-08,0.0,0.0,0.0,0,0.0,0,0.0,0,0.0,0,0.0,0,0.0,0,0.0,0,0.0,0,0.0,2,1.0
宇宙飞行小女警,2,1,no_media,0,2,2023-09,0.0,0.0,0.0,0,0.0,0,0.0,0,0.0,0,0.0,0,0.0,0,0.0,0,0.0,0,0.0,1,1.0
守候幸福4730,2,1,no_media,5,2,2024-03,0.0,0.0,1.0,0,0.0,0,0.0,0,0.0,0,0.0,1,1.0,0,0.0,0,0.0,0,0.0,0,0.0
守备署,3,2,no_media,0,2,2023-06,0.5,0.0,0.5,0,0.0,0,0.0,0,0.0,1,0.5,1,0.5,0,0.0,0,0.0,0,0.0,0,0.0
守护0305号星星,2,1,wemedia_only,10,1,2022-03,0.0,0.0,0.0,0,0.0,0,0.0,0,0.0,0,0.0,0,0.0,0,0.0,0,0.0,0,0.0,1,1.0
守护夏都,2,1,no_media,2,2,2023-02,0.0,0.0,0.0,0,0.0,0,0.0,0,0.0,0,0.0,0,0.0,1,1.0,0,0.0,0,0.0,0,0.0
守望好莱坞,2,1,no_media,0,2,2023-10,0.0,0.0,1.0,0,0.0,0,0.0,0,0.0,0,0.0,1,1.0,0,0.0,0,0.0,0,0.0,0,0.0
守望纯粹_Amour,2,1,no_media,0,2,2023-02,0.0,0.0,0.0,1,1.0,0,0.0,0,0.0,0,0.0,0,0.0,0,0.0,0,0.0,0,0.0,0,0.0
守真守拙,4,3,mainstream_only,2,3,2023-02,0.0,0.0,1.0,0,0.0,0,0.0,0,0.0,0,0.0,3,1.0,0,0.0,0,0.0,0,0.0,0,0.0
安佳琳医生,2,1,no_media,0,2,2023-06,0.0,0.0,1.0,0,0.0,0,0.0,0,0.0,0,0.0,1,1.0,0,0.0,0,0.0,0,0.0,0,0.0
安利云购售后服务,2,1,no_media,0,2,2023-02,1.0,0.0,0.0,0,0.0,0,0.0,0,0.0,1,1.0,0,0.0,0,0.0,0,0.0,0,0.0,0,0.0
安利会员卡注册,4,3,no_media,0,4,2023-02,0.3333333333333333,0.3333333333333333,0.3333333333333333,0,0.0,1,0.3333333333333333,0,0.0,1,0.3333333333333333,1,0.3333333333333333,0,0.0,0,0.0,0,0.0,0,0.0
安吉发布,6,5,no_media,0,6,2020-09,0.0,0.0,1.0,0,0.0,0,0.0,0,0.0,0,0.0,5,1.0,0,0.0,0,0.0,0,0.0,0,0.0
安图森森,2,1,no_media,0,2,2023-02,1.0,0.0,0.0,0,0.0,0,0.0,0,0.0,0,0.0,0,0.0,0,0.0,1,1.0,0,0.0,0,0.0
安布雷拉官微,2,1,no_media,0,2,2023-09,0.0,0.0,1.0,0,0.0,0,0.0,0,0.0,0,0.0,1,1.0,0,0.0,0,0.0,0,0.0,0,0.0
安康检察,12,11,no_media,0,10,2020-03,0.0,0.0,1.0,0,0.0,0,0.0,0,0.0,0,0.0,11,1.0,0,0.0,0,0.0,0,0.0,0,0.0
安康直播,2,1,no_media,0,2,2024-03,0.0,0.0,1.0,0,0.0,0,0.0,0,0.0,0,0.0,1,1.0,0,0.0,0,0.0,0,0.0,0,0.0
安康警务,3,2,no_media,0,3,2023-02,0.0,0.0,1.0,0,0.0,0,0.0,0,0.0,0,0.0,2,1.0,0,0.0,0,0.0,0,0.0,0,0.0
安建雄,2,1,no_media,0,2,2023-04,1.0,0.0,0.0,0,0.0,0,0.0,0,0.0,1,1.0,0,0.0,0,0.0,0,0.0,0,0.0,0,0.0
安德鲁纳伯格公司,3,2,no_media,0,3,2023-06,0.0,0.0,1.0,0,0.0,0,0.0,0,0.0,0,0.0,2,1.0,0,0.0,0,0.0,0,0.0,0,0.0
安徽之声,31,30,no_media,0,28,2020-04,0.0,0.0,1.0,0,0.0,0,0.0,0,0.0,0,0.0,30,1.0,0,0.0,0,0.0,0,0.0,0,0.0
安徽反邪教,8,7,no_media,0,6,2020-03,0.0,0.0,1.0,0,0.0,0,0.0,0,0.0,0,0.0,7,1.0,0,0.0,0,0.0,0,0.0,0,0.0
安徽发布,2,1,no_media,0,2,2023-02,0.0,0.0,1.0,0,0.0,0,0.0,0,0.0,0,0.0,1,1.0,0,0.0,0,0.0,0,0.0,0,0.0
安徽城市之声,2,1,no_media,0,2,2023-02,0.0,0.0,1.0,0,0.0,0,0.0,0,0.0,0,0.0,1,1.0,0,0.0,0,0.0,0,0.0,0,0.0
安徽妇联,2,1,no_media,0,2,2020-03,0.0,0.0,1.0,0,0.0,0,0.0,0,0.0,0,0.0,1,1.0,0,0.0,0,0.0,0,0.0,0,0.0
安徽日报,19,18,no_media,0,19,2020-03,0.0,0.0,1.0,0,0.0,0,0.0,0,0.0,0,0.0,18,1.0,0,0.0,0,0.0,0,0.0,0,0.0
安徽检察,4,3,no_media,0,3,2020-03,0.0,0.0,1.0,0,0.0,0,0.0,0,0.0,0,0.0,3,1.0,0,0.0,0,0.0,0,0.0,0,0.0
安徽科协,4,3,no_media,0,4,2023-02,0.0,0.0,1.0,0,0.0,0,0.0,0,0.0,0,0.0,3,1.0,0,0.0,0,0.0,0,0.0,0,0.0
安徽网,7,6,mainstream_only,1,6,2020-05,0.0,0.0,1.0,0,0.0,0,0.0,0,0.0,0,0.0,6,1.0,0,0.0,0,0.0,0,0.0,0,0.0
安徽视讯,8,7,no_media,0,4,2023-01,0.14285714285714285,0.14285714285714285,0.7142857142857143,0,0.0,1,0.14285714285714285,0,0.0,1,0.14285714285714285,5,0.7142857142857143,0,0.0,0,0.0,0,0.0,0,0.0
安徽阜阳交通广播,3,2,no_media,0,3,2023-03,0.0,0.0,1.0,0,0.0,0,0.0,0,0.0,0,0.0,2,1.0,0,0.0,0,0.0,0,0.0,0,0.0
安折是朵小蘑菇孢子,3,2,no_media,2,3,2023-02,0.0,0.0,0.0,0,0.0,0,0.0,0,0.0,0,0.0,0,0.0,0,0.0,0,0.0,1,0.5,1,0.5
安昌堂何德,9,8,no_media,1,7,2023-06,0.0,0.0,0.625,0,0.0,0,0.0,0,0.0,0,0.0,5,0.625,1,0.125,0,0.0,1,0.125,1,0.125
安然03550,2,1,no_media,0,2,2023-02,1.0,0.0,0.0,0,0.0,0,0.0,0,0.0,0,0.0,0,0.0,0,0.0,1,1.0,0,0.0,0,0.0
安研健康,11,10,no_media,0,11,2023-01,0.0,0.0,1.0,0,0.0,0,0.0,0,0.0,0,0.0,10,1.0,0,0.0,0,0.0,0,0.0,0,0.0
安起飛吧,2,1,no_media,0,2,2023-04,0.0,0.0,0.0,0,0.0,0,0.0,0,0.0,0,0.0,0,0.0,0,0.0,0,0.0,1,1.0,0,0.0
安迪斯晨风,2,1,no_media,2,2,2023-04,0.0,0.0,0.0,0,0.0,0,0.0,0,0.0,0,0.0,0,0.0,1,1.0,0,0.0,0,0.0,0,0.0
安達鯉Adachi,2,1,wemedia_only,1,2,2023-05,0.0,0.0,0.0,1,1.0,0,0.0,0,0.0,0,0.0,0,0.0,0,0.0,0,0.0,0,0.0,0,0.0
安阳云上,3,2,no_media,0,1,2022-03,0.5,0.5,0.0,0,0.0,1,0.5,0,0.0,1,0.5,0,0.0,0,0.0,0,0.0,0,0.0,0,0.0
安阳同城会,3,2,no_media,0,1,2022-03,0.5,0.5,0.0,0,0.0,1,0.5,0,0.0,1,0.5,0,0.0,0,0.0,0,0.0,0,0.0,0,0.0
安阳妈妈帮,3,2,no_media,0,1,2022-03,0.5,0.5,0.0,0,0.0,1,0.5,0,0.0,1,0.5,0,0.0,0,0.0,0,0.0,0,0.0,0,0.0
安阳融媒,10,9,no_media,0,8,2020-04,0.0,0.0,1.0,0,0.0,0,0.0,0,0.0,0,0.0,9,1.0,0,0.0,0,0.0,0,0.0,0,0.0
安阳论坛,3,2,no_media,0,1,2022-03,0.5,0.5,0.0,0,0.0,1,0.5,0,0.0,1,0.5,0,0.0,0,0.0,0,0.0,0,0.0,0,0.0
安阳身边儿事,3,2,no_media,0,1,2022-03,0.5,0.5,0.0,0,0.0,1,0.5,0,0.0,1,0.5,0,0.0,0,0.0,0,0.0,0,0.0,0,0.0
安静支持,2,1,no_media,0,2,2023-02,0.0,0.0,0.0,0,0.0,0,0.0,0,0.0,0,0.0,0,0.0,0,0.0,0,0.0,0,0.0,1,1.0
安静的做个不愿透露姓名的大佬,2,1,no_media,0,2,2023-02,1.0,0.0,0.0,0,0.0,0,0.0,0,0.0,0,0.0,0,0.0,0,0.0,1,1.0,0,0.0,0,0.0
安静的收音机2018,3,2,no_media,0,3,2023-03,0.0,0.0,0.0,0,0.0,0,0.0,0,0.0,0,0.0,0,0.0,1,0.5,0,0.0,0,0.0,1,0.5
安静的遁哥,2,1,no_media,5,2,2023-05,1.0,0.0,0.0,0,0.0,0,0.0,0,0.0,1,1.0,0,0.0,0,0.0,0,0.0,0,0.0,0,0.0
安顺市住房和城乡建设,8,7,no_media,0,8,2023-02,0.0,0.0,1.0,0,0.0,0,0.0,0,0.0,0,0.0,7,1.0,0,0.0,0,0.0,0,0.0,0,0.0
宋中清主任律师,39,38,no_media,1,38,2021-02,0.10526315789473684,0.13157894736842105,0.631578947368421,1,0.02631578947368421,5,0.13157894736842105,0,0.0,4,0.10526315789473684,24,0.631578947368421,2,0.05263157894736842,0,0.0,2,0.05263157894736842,0,0.0
宋小嘻,2,1,no_media,4,2,2023-03,0.0,0.0,0.0,0,0.0,0,0.0,0,0.0,0,0.0,0,0.0,0,0.0,0,0.0,1,1.0,0,0.0
宋师傅轻松育儿,2,1,wemedia_only,1,2,2023-10,0.0,0.0,0.0,0,0.0,0,0.0,0,0.0,0,0.0,0,0.0,1,1.0,0,0.0,0,0.0,0,0.0
宋洪超_,2,1,no_media,0,1,2023-03,0.0,0.0,1.0,0,0.0,0,0.0,0,0.0,0,0.0,1,1.0,0,0.0,0,0.0,0,0.0,0,0.0
宋洪超官方粉丝团,3,2,no_media,0,3,2025-03,0.0,0.0,1.0,0,0.0,0,0.0,0,0.0,0,0.0,2,1.0,0,0.0,0,0.0,0,0.0,0,0.0
宋洪超工作室,7,6,no_media,0,6,2025-05,0.0,0.0,1.0,0,0.0,0,0.0,0,0.0,0,0.0,6,1.0,0,0.0,0,0.0,0,0.0,0,0.0
宋清辉,3,2,no_media,0,3,2020-11,0.0,0.5,0.5,0,0.0,1,0.5,0,0.0,0,0.0,1,0.5,0,0.0,0,0.0,0,0.0,0,0.0
宋药师,5,4,no_media,2,5,2023-03,0.25,0.25,0.5,0,0.0,1,0.25,0,0.0,1,0.25,2,0.5,0,0.0,0,0.0,0,0.0,0,0.0
宋高芬政治,2,1,no_media,0,2,2023-08,0.0,0.0,1.0,0,0.0,0,0.0,0,0.0,0,0.0,1,1.0,0,0.0,0,0.0,0,0.0,0,0.0
宋鹏飞想要卖书,2,1,no_media,0,2,2022-03,0.0,1.0,0.0,0,0.0,1,1.0,0,0.0,0,0.0,0,0.0,0,0.0,0,0.0,0,0.0,0,0.0
完全搞不懂V3,2,1,no_media,0,2,2023-02,0.0,0.0,1.0,0,0.0,0,0.0,0,0.0,0,0.0,1,1.0,0,0.0,0,0.0,0,0.0,0,0.0
宓瑟mise,5,4,wemedia_only,7,5,2023-05,0.25,0.25,0.25,0,0.0,1,0.25,0,0.0,1,0.25,1,0.25,0,0.0,0,0.0,1,0.25,0,0.0
官方魅力石屏,3,2,no_media,0,3,2023-02,0.0,0.0,1.0,0,0.0,0,0.0,0,0.0,0,0.0,2,1.0,0,0.0,0,0.0,0,0.0,0,0.0
定州论坛,5,4,no_media,0,5,2023-02,0.0,0.0,1.0,0,0.0,0,0.0,0,0.0,0,0.0,4,1.0,0,0.0,0,0.0,0,0.0,0,0.0
宛宛的花园,4,3,no_media,0,4,2023-02,0.0,0.3333333333333333,0.0,1,0.3333333333333333,0,0.0,1,0.3333333333333333,0,0.0,0,0.0,0,0.0,0,0.0,0,0.0,1,0.3333333333333333
宛若rainbow,2,1,no_media,0,2,2023-10,0.0,0.0,0.0,0,0.0,0,0.0,0,0.0,0,0.0,0,0.0,0,0.0,0,0.0,0,0.0,1,1.0
宜人宜宾,3,2,no_media,0,3,2023-02,0.0,0.0,1.0,0,0.0,0,0.0,0,0.0,0,0.0,2,1.0,0,0.0,0,0.0,0,0.0,0,0.0
宜善园互联网医院,2,1,no_media,0,2,2023-01,0.0,0.0,1.0,0,0.0,0,0.0,0,0.0,0,0.0,1,1.0,0,0.0,0,0.0,0,0.0,0,0.0
宜宾公安,2,1,mainstream_only,2,2,2022-12,0.0,0.0,1.0,0,0.0,0,0.0,0,0.0,0,0.0,1,1.0,0,0.0,0,0.0,0,0.0,0,0.0
宜昌市第二人民医院,2,1,no_media,0,2,2022-05,0.0,0.0,1.0,0,0.0,0,0.0,0,0.0,0,0.0,1,1.0,0,0.0,0,0.0,0,0.0,0,0.0
宜春日报v,7,6,no_media,0,7,2020-04,0.0,0.0,1.0,0,0.0,0,0.0,0,0.0,0,0.0,6,1.0,0,0.0,0,0.0,0,0.0,0,0.0
宜章法院,2,1,no_media,0,2,2022-12,0.0,0.0,1.0,0,0.0,0,0.0,0,0.0,0,0.0,1,1.0,0,0.0,0,0.0,0,0.0,0,0.0
宜采日本高端医美翻译,3,2,no_media,1,3,2023-02,0.0,0.0,1.0,0,0.0,0,0.0,0,0.0,0,0.0,2,1.0,0,0.0,0,0.0,0,0.0,0,0.0
宝坻发布,4,3,no_media,0,4,2023-05,0.0,0.0,1.0,0,0.0,0,0.0,0,0.0,0,0.0,3,1.0,0,0.0,0,0.0,0,0.0,0,0.0
宝宝猫嗷污,2,1,no_media,1,1,2022-12,0.0,1.0,0.0,0,0.0,1,1.0,0,0.0,0,0.0,0,0.0,0,0.0,0,0.0,0,0.0,0,0.0
宝宝的大白Sir,2,1,no_media,0,2,2023-05,0.0,0.0,1.0,0,0.0,0,0.0,0,0.0,0,0.0,1,1.0,0,0.0,0,0.0,0,0.0,0,0.0
宝榛的动物园儿ww,3,2,no_media,0,3,2023-03,0.0,0.0,0.0,0,0.0,0,0.0,0,0.0,0,0.0,0,0.0,1,0.5,0,0.0,1,0.5,0,0.0
宝肉肉校霸,2,1,no_media,0,2,2023-04,0.0,0.0,0.0,0,0.0,0,0.0,0,0.0,0,0.0,0,0.0,0,0.0,0,0.0,1,1.0,0,0.0
宝贝女儿好妈妈,2,1,no_media,0,2,2024-11,0.0,0.0,1.0,0,0.0,0,0.0,0,0.0,0,0.0,1,1.0,0,0.0,0,0.0,0,0.0,0,0.0
宝鸡市第二人民医院,10,9,no_media,0,7,2023-02,0.0,0.0,0.7777777777777778,0,0.0,0,0.0,0,0.0,0,0.0,7,0.7777777777777778,1,0.1111111111111111,0,0.0,1,0.1111111111111111,0,0.0
宝鸡检察,5,4,mainstream_only,5,5,2020-03,0.0,0.0,1.0,0,0.0,0,0.0,0,0.0,0,0.0,4,1.0,0,0.0,0,0.0,0,0.0,0,0.0
实况神圣,3,2,no_media,0,3,2023-02,0.0,0.0,1.0,0,0.0,0,0.0,0,0.0,0,0.0,2,1.0,0,0.0,0,0.0,0,0.0,0,0.0
实录19730721,2,1,mainstream_only,1,2,2023-06,0.0,0.0,1.0,0,0.0,0,0.0,0,0.0,0,0.0,1,1.0,0,0.0,0,0.0,0,0.0,0,0.0
客堂间大美美,2,1,no_media,0,2,2020-03,0.0,0.0,0.0,0,0.0,0,0.0,0,0.0,0,0.0,0,0.0,1,1.0,0,0.0,0,0.0,0,0.0
宣城市场监督管理,11,10,no_media,0,11,2023-05,0.0,0.0,1.0,0,0.0,0,0.0,0,0.0,0,0.0,10,1.0,0,0.0,0,0.0,0,0.0,0,0.0
宣宣本草膏-素素,5,4,no_media,0,5,2024-04,0.0,0.0,0.5,0,0.0,0,0.0,0,0.0,0,0.0,2,0.5,1,0.25,0,0.0,1,0.25,0,0.0
宣轩妈_2011,5,4,no_media,0,4,2024-08,0.0,0.0,0.0,0,0.0,0,0.0,0,0.0,0,0.0,0,0.0,1,0.25,0,0.0,1,0.25,2,0.5
宫之琳love胖之猫,2,1,no_media,3,1,2023-08,0.0,0.0,1.0,0,0.0,0,0.0,0,0.0,0,0.0,1,1.0,0,0.0,0,0.0,0,0.0,0,0.0
宫廷正骨理筋吴海忠,2,1,no_media,1,2,2022-12,0.0,0.0,1.0,0,0.0,0,0.0,0,0.0,0,0.0,1,1.0,0,0.0,0,0.0,0,0.0,0,0.0
家庭医生在线,4,3,no_media,0,4,2022-01,0.0,0.0,1.0,0,0.0,0,0.0,0,0.0,0,0.0,3,1.0,0,0.0,0,0.0,0,0.0,0,0.0
家庭医生报,3,2,no_media,0,3,2023-02,0.0,0.0,1.0,0,0.0,0,0.0,0,0.0,0,0.0,2,1.0,0,0.0,0,0.0,0,0.0,0,0.0
家庭用药杂志社,10,9,no_media,0,10,2023-02,0.0,0.0,1.0,0,0.0,0,0.0,0,0.0,0,0.0,9,1.0,0,0.0,0,0.0,0,0.0,0,0.0
宸源_方,5,4,no_media,0,5,2023-02,0.0,0.0,1.0,0,0.0,0,0.0,0,0.0,0,0.0,4,1.0,0,0.0,0,0.0,0,0.0,0,0.0
容德中医,6,5,no_media,0,5,2023-05,0.0,0.0,1.0,0,0.0,0,0.0,0,0.0,0,0.0,5,1.0,0,0.0,0,0.0,0,0.0,0,0.0
容祖儿吧主,2,1,no_media,0,2,2023-06,0.0,0.0,0.0,0,0.0,0,0.0,0,0.0,0,0.0,0,0.0,0,0.0,0,0.0,1,1.0,0,0.0
宽容公正麦卡锡,3,2,no_media,1,3,2023-08,0.0,0.0,0.0,0,0.0,0,0.0,0,0.0,0,0.0,0,0.0,1,0.5,0,0.0,1,0.5,0,0.0
宿州发布,2,1,no_media,0,2,2024-03,0.0,0.0,1.0,0,0.0,0,0.0,0,0.0,0,0.0,1,1.0,0,0.0,0,0.0,0,0.0,0,0.0
宿州市场监管,3,2,no_media,0,2,2023-07,0.0,0.0,1.0,0,0.0,0,0.0,0,0.0,0,0.0,2,1.0,0,0.0,0,0.0,0,0.0,0,0.0
宿迁之声,2,1,no_media,0,2,2021-03,0.0,0.0,1.0,0,0.0,0,0.0,0,0.0,0,0.0,1,1.0,0,0.0,0,0.0,0,0.0,0,0.0
寂多蔓生,3,2,no_media,2,3,2025-03,0.5,0.5,0.0,0,0.0,1,0.5,0,0.0,1,0.5,0,0.0,0,0.0,0,0.0,0,0.0,0,0.0
寂慧一切智,2,1,no_media,0,2,2023-10,1.0,0.0,0.0,0,0.0,0,0.0,0,0.0,0,0.0,0,0.0,0,0.0,1,1.0,0,0.0,0,0.0
寅时初白,8,7,no_media,5,8,2022-12,0.0,0.0,1.0,0,0.0,0,0.0,0,0.0,0,0.0,7,1.0,0,0.0,0,0.0,0,0.0,0,0.0
密涅瓦的世界观测者,2,1,no_media,0,2,2023-03,0.0,0.0,0.0,0,0.0,0,0.0,0,0.0,0,0.0,0,0.0,1,1.0,0,0.0,0,0.0,0,0.0
密码要记住,2,1,no_media,0,1,2023-06,0.0,0.0,1.0,0,0.0,0,0.0,0,0.0,0,0.0,1,1.0,0,0.0,0,0.0,0,0.0,0,0.0
富山药品海外旗舰店,2,1,no_media,0,2,2023-01,0.0,0.0,1.0,0,0.0,0,0.0,0,0.0,0,0.0,1,1.0,0,0.0,0,0.0,0,0.0,0,0.0
富平检察,7,6,mainstream_only,4,5,2022-01,0.0,0.0,1.0,0,0.0,0,0.0,0,0.0,0,0.0,6,1.0,0,0.0,0,0.0,0,0.0,0,0.0
富强宜阳,2,1,no_media,0,2,2023-12,0.0,0.0,1.0,0,0.0,0,0.0,0,0.0,0,0.0,1,1.0,0,0.0,0,0.0,0,0.0,0,0.0
寒则温之热则凉,3,2,no_media,0,3,2024-01,0.5,0.5,0.0,0,0.0,1,0.5,0,0.0,1,0.5,0,0.0,0,0.0,0,0.0,0,0.0,0,0.0
寒半仙算命不灵也要钱,2,1,no_media,0,2,2023-02,0.0,0.0,0.0,0,0.0,0,0.0,0,0.0,0,0.0,0,0.0,0,0.0,0,0.0,0,0.0,1,1.0
寒士有瓜不虑矣,7,6,no_media,4,7,2023-05,0.16666666666666666,0.3333333333333333,0.0,0,0.0,2,0.3333333333333333,0,0.0,1,0.16666666666666666,0,0.0,1,0.16666666666666666,0,0.0,1,0.16666666666666666,1,0.16666666666666666
寒夜妖狐2,2,1,no_media,0,2,2023-04,0.0,1.0,0.0,0,0.0,0,0.0,1,1.0,0,0.0,0,0.0,0,0.0,0,0.0,0,0.0,0,0.0
寒寒综艺娱乐,2,1,no_media,0,2,2023-02,0.0,0.0,1.0,0,0.0,0,0.0,0,0.0,0,0.0,1,1.0,0,0.0,0,0.0,0,0.0,0,0.0
寒江独钓僧,18,17,no_media,1,17,2023-02,0.0,0.0,1.0,0,0.0,0,0.0,0,0.0,0,0.0,17,1.0,0,0.0,0,0.0,0,0.0,0,0.0
寒烈_就是寒烈呀,7,6,no_media,2,7,2023-03,0.16666666666666666,0.3333333333333333,0.0,3,0.5,1,0.16666666666666666,1,0.16666666666666666,0,0.0,0,0.0,0,0.0,1,0.16666666666666666,0,0.0,0,0.0
寒舞C,3,2,wemedia_only,5,3,2023-05,0.0,0.0,0.5,0,0.0,0,0.0,0,0.0,0,0.0,1,0.5,1,0.5,0,0.0,0,0.0,0,0.0
寡闻阁主人,2,1,no_media,0,2,2023-02,0.0,0.0,1.0,0,0.0,0,0.0,0,0.0,0,0.0,1,1.0,0,0.0,0,0.0,0,0.0,0,0.0
寰亚SYHP,2,1,no_media,0,2,2022-10,0.0,0.0,0.0,0,0.0,0,0.0,0,0.0,0,0.0,0,0.0,1,1.0,0,0.0,0,0.0,0,0.0
寰球镜头,2,1,no_media,0,2,2023-10,0.0,0.0,1.0,0,0.0,0,0.0,0,0.0,0,0.0,1,1.0,0,0.0,0,0.0,0,0.0,0,0.0
对面的醉蟹,2,1,no_media,0,2,2023-06,0.0,0.0,0.0,0,0.0,0,0.0,0,0.0,0,0.0,0,0.0,0,0.0,0,0.0,0,0.0,1,1.0
对饮于江湖,4,3,wemedia_only,11,4,2023-05,0.0,0.3333333333333333,0.6666666666666666,0,0.0,1,0.3333333333333333,0,0.0,0,0.0,2,0.6666666666666666,0,0.0,0,0.0,0,0.0,0,0.0
寺药而,2,1,no_media,0,2,2023-02,0.0,0.0,0.0,0,0.0,0,0.0,0,0.0,0,0.0,0,0.0,0,0.0,0,0.0,1,1.0,0,0.0
寻找时尚女装,2,1,no_media,0,2,2023-02,0.0,0.0,1.0,0,0.0,0,0.0,0,0.0,0,0.0,1,1.0,0,0.0,0,0.0,0,0.0,0,0.0
寻牛一姐,2,1,no_media,0,2,2025-04,0.0,0.0,1.0,0,0.0,0,0.0,0,0.0,0,0.0,1,1.0,0,0.0,0,0.0,0,0.0,0,0.0
寿世保元国医馆,3,2,no_media,0,3,2023-02,0.0,0.0,1.0,0,0.0,0,0.0,0,0.0,0,0.0,2,1.0,0,0.0,0,0.0,0,0.0,0,0.0
寿县发布,2,1,no_media,0,2,2023-03,0.0,0.0,1.0,0,0.0,0,0.0,0,0.0,0,0.0,1,1.0,0,0.0,0,0.0,0,0.0,0,0.0
封金忠,2,1,no_media,0,2,2023-04,0.0,0.0,0.0,0,0.0,0,0.0,0,0.0,0,0.0,0,0.0,0,0.0,0,0.0,1,1.0,0,0.0
封面新闻,34,33,no_media,0,31,2020-03,0.030303030303030304,0.030303030303030304,0.9393939393939394,0,0.0,1,0.030303030303030304,0,0.0,1,0.030303030303030304,31,0.9393939393939394,0,0.0,0,0.0,0,0.0,0,0.0
小J版权所有,5,4,no_media,3,5,2023-05,0.0,0.25,0.5,1,0.25,1,0.25,0,0.0,0,0.0,2,0.5,0,0.0,0,0.0,0,0.0,0,0.0
小_缪,2,1,wemedia_only,1,2,2024-08,1.0,0.0,0.0,0,0.0,0,0.0,0,0.0,1,1.0,0,0.0,0,0.0,0,0.0,0,0.0,0,0.0
小xiao小萱xuanNmamtfGE,2,1,no_media,3,2,2022-12,0.0,1.0,0.0,0,0.0,0,0.0,1,1.0,0,0.0,0,0.0,0,0.0,0,0.0,0,0.0,0,0.0
小万摸鱼日记,3,2,no_media,2,3,2023-05,0.0,0.0,1.0,0,0.0,0,0.0,0,0.0,0,0.0,2,1.0,0,0.0,0,0.0,0,0.0,0,0.0
小三子世界_sme,2,1,no_media,0,2,2024-01,0.0,1.0,0.0,0,0.0,1,1.0,0,0.0,0,0.0,0,0.0,0,0.0,0,0.0,0,0.0,0,0.0
小九郎札记,2,1,no_media,0,1,2025-05,0.0,0.0,1.0,0,0.0,0,0.0,0,0.0,0,0.0,1,1.0,0,0.0,0,0.0,0,0.0,0,0.0
小二,3,2,mainstream_only,4,3,2023-02,0.0,0.0,1.0,0,0.0,0,0.0,0,0.0,0,0.0,2,1.0,0,0.0,0,0.0,0,0.0,0,0.0
小二二狼,3,2,no_media,0,3,2024-12,0.0,0.0,1.0,0,0.0,0,0.0,0,0.0,0,0.0,2,1.0,0,0.0,0,0.0,0,0.0,0,0.0
小亦11,2,1,no_media,0,2,2023-02,0.0,0.0,0.0,0,0.0,0,0.0,0,0.0,0,0.0,0,0.0,0,0.0,0,0.0,0,0.0,1,1.0
小八真萌,2,1,no_media,1,2,2023-02,1.0,0.0,0.0,0,0.0,0,0.0,0,0.0,0,0.0,0,0.0,0,0.0,1,1.0,0,0.0,0,0.0
小六忠诚,3,2,no_media,0,2,2025-02,0.0,0.0,0.0,0,0.0,0,0.0,0,0.0,0,0.0,0,0.0,0,0.0,0,0.0,1,0.5,1,0.5
小兽睡睡,2,1,no_media,0,2,2024-02,0.0,0.0,1.0,0,0.0,0,0.0,0,0.0,0,0.0,1,1.0,0,0.0,0,0.0,0,0.0,0,0.0
小凡好摄,3,2,no_media,0,3,2024-07,0.0,0.5,0.5,0,0.0,1,0.5,0,0.0,0,0.0,1,0.5,0,0.0,0,0.0,0,0.0,0,0.0
小别姑苏,3,2,no_media,1,3,2023-02,0.5,0.5,0.0,0,0.0,0,0.0,1,0.5,1,0.5,0,0.0,0,0.0,0,0.0,0,0.0,0,0.0
小北药知道,40,39,no_media,0,33,2024-05,0.0,0.0,1.0,0,0.0,0,0.0,0,0.0,0,0.0,39,1.0,0,0.0,0,0.0,0,0.0,0,0.0
小卷毛王炸炸,3,2,no_media,0,3,2023-02,0.0,0.0,0.5,0,0.0,0,0.0,0,0.0,0,0.0,1,0.5,0,0.0,0,0.0,1,0.5,0,0.0
小呆乐是也,2,1,no_media,0,2,2022-12,0.0,0.0,1.0,0,0.0,0,0.0,0,0.0,0,0.0,1,1.0,0,0.0,0,0.0,0,0.0,0,0.0
小周要健康开心-,2,1,no_media,0,2,2023-02,0.0,1.0,0.0,0,0.0,0,0.0,1,1.0,0,0.0,0,0.0,0,0.0,0,0.0,0,0.0,0,0.0
小喵头其乐无穷,2,1,no_media,0,2,2023-06,0.0,0.0,0.0,0,0.0,0,0.0,0,0.0,0,0.0,0,0.0,0,0.0,0,0.0,0,0.0,1,1.0
小嘛小二浪呦,2,1,no_media,1,2,2025-02,0.0,0.0,0.0,1,1.0,0,0.0,0,0.0,0,0.0,0,0.0,0,0.0,0,0.0,0,0.0,0,0.0
小土豆粑粑日常GD,2,1,no_media,0,2,2023-04,1.0,0.0,0.0,0,0.0,0,0.0,0,0.0,0,0.0,0,0.0,0,0.0,1,1.0,0,0.0,0,0.0
小墨鱼202007,2,1,no_media,3,2,2023-02,0.0,1.0,0.0,0,0.0,1,1.0,0,0.0,0,0.0,0,0.0,0,0.0,0,0.0,0,0.0,0,0.0
小夏微博初心者,2,1,no_media,3,2,2023-12,0.0,0.0,0.0,0,0.0,0,0.0,0,0.0,0,0.0,0,0.0,0,0.0,0,0.0,1,1.0,0,0.0
小太空和小鲨鱼,3,2,no_media,5,3,2023-07,0.0,0.0,0.0,0,0.0,0,0.0,0,0.0,0,0.0,0,0.0,0,0.0,0,0.0,0,0.0,2,1.0
小央视频,18,17,no_media,0,16,2020-03,0.058823529411764705,0.058823529411764705,0.8823529411764706,0,0.0,1,0.058823529411764705,0,0.0,1,0.058823529411764705,15,0.8823529411764706,0,0.0,0,0.0,0,0.0,0,0.0
小奥俊,2,1,mainstream_only,5,2,2023-07,0.0,0.0,1.0,0,0.0,0,0.0,0,0.0,0,0.0,1,1.0,0,0.0,0,0.0,0,0.0,0,0.0
小女人爱唠叨,3,2,no_media,0,3,2023-10,0.0,0.5,0.5,0,0.0,1,0.5,0,0.0,0,0.0,1,0.5,0,0.0,0,0.0,0,0.0,0,0.0
小如说娱,14,13,no_media,0,13,2023-05,0.07692307692307693,0.07692307692307693,0.6923076923076923,0,0.0,0,0.0,1,0.07692307692307693,1,0.07692307692307693,9,0.6923076923076923,0,0.0,0,0.0,1,0.07692307692307693,1,0.07692307692307693
小妮儿200706,6,5,no_media,0,4,2023-02,0.0,0.0,1.0,0,0.0,0,0.0,0,0.0,0,0.0,5,1.0,0,0.0,0,0.0,0,0.0,0,0.0
小娱泡泡糖,2,1,no_media,0,2,2023-12,0.0,0.0,0.0,0,0.0,0,0.0,0,0.0,0,0.0,0,0.0,1,1.0,0,0.0,0,0.0,0,0.0
小媌子的妈妈,2,1,mainstream_only,1,2,2023-09,0.0,0.0,1.0,0,0.0,0,0.0,0,0.0,0,0.0,1,1.0,0,0.0,0,0.0,0,0.0,0,0.0
小学生笃笃,2,1,no_media,0,2,2023-04,0.0,0.0,0.0,0,0.0,0,0.0,0,0.0,0,0.0,0,0.0,1,1.0,0,0.0,0,0.0,0,0.0
小小小干,2,1,no_media,0,2,2023-07,1.0,0.0,0.0,0,0.0,0,0.0,0,0.0,0,0.0,0,0.0,0,0.0,1,1.0,0,0.0,0,0.0
小小桂圆呀,2,1,no_media,0,2,2023-07,0.0,0.0,0.0,0,0.0,0,0.0,0,0.0,0,0.0,0,0.0,0,0.0,0,0.0,1,1.0,0,0.0
小小檎,2,1,mainstream_only,1,2,2023-02,0.0,0.0,0.0,0,0.0,0,0.0,0,0.0,0,0.0,0,0.0,0,0.0,0,0.0,0,0.0,1,1.0
小小花圆,2,1,no_media,0,2,2023-02,0.0,0.0,0.0,0,0.0,0,0.0,0,0.0,0,0.0,0,0.0,0,0.0,0,0.0,1,1.0,0,0.0
小小韩--麻麻,2,1,no_media,0,2,2023-03,0.0,0.0,0.0,0,0.0,0,0.0,0,0.0,0,0.0,0,0.0,0,0.0,0,0.0,0,0.0,1,1.0
小岩杂俎,3,2,no_media,3,3,2023-01,0.0,0.0,1.0,0,0.0,0,0.0,0,0.0,0,0.0,2,1.0,0,0.0,0,0.0,0,0.0,0,0.0
小布丁龙珠撞奶,2,1,no_media,8,2,2023-01,0.0,0.0,0.0,0,0.0,0,0.0,0,0.0,0,0.0,0,0.0,0,0.0,0,0.0,0,0.0,1,1.0
小常_per,2,1,no_media,0,2,2023-09,0.0,0.0,0.0,0,0.0,0,0.0,0,0.0,0,0.0,0,0.0,0,0.0,0,0.0,0,0.0,1,1.0
小弟星球,2,1,no_media,0,2,2023-02,1.0,0.0,0.0,0,0.0,0,0.0,0,0.0,1,1.0,0,0.0,0,0.0,0,0.0,0,0.0,0,0.0
小强00195,3,2,no_media,0,3,2023-03,0.5,0.5,0.0,0,0.0,0,0.0,1,0.5,0,0.0,0,0.0,0,0.0,1,0.5,0,0.0,0,0.0
小忆-今天也希望自己是快乐的,2,1,no_media,0,2,2023-03,1.0,0.0,0.0,0,0.0,0,0.0,0,0.0,0,0.0,0,0.0,0,0.0,1,1.0,0,0.0,0,0.0
小怡说车,2,1,no_media,0,2,2024-03,0.0,0.0,0.0,0,0.0,0,0.0,0,0.0,0,0.0,0,0.0,1,1.0,0,0.0,0,0.0,0,0.0
小怪兽在唱歌跳舞,2,1,no_media,4,2,2023-01,0.0,0.0,0.0,0,0.0,0,0.0,0,0.0,0,0.0,0,0.0,0,0.0,0,0.0,0,0.0,1,1.0
小战怪蜀黍MK3,2,1,wemedia_only,1,2,2023-11,0.0,1.0,0.0,0,0.0,1,1.0,0,0.0,0,0.0,0,0.0,0,0.0,0,0.0,0,0.0,0,0.0
小敌鸽,2,1,no_media,1,2,2023-02,0.0,0.0,0.0,0,0.0,0,0.0,0,0.0,0,0.0,0,0.0,0,0.0,0,0.0,1,1.0,0,0.0
小散老焦,2,1,no_media,0,2,2023-02,0.0,0.0,1.0,0,0.0,0,0.0,0,0.0,0,0.0,1,1.0,0,0.0,0,0.0,0,0.0,0,0.0
小散首领,2,1,no_media,2,2,2020-03,1.0,0.0,0.0,0,0.0,0,0.0,0,0.0,1,1.0,0,0.0,0,0.0,0,0.0,0,0.0,0,0.0
小新自宅江户川,2,1,no_media,0,2,2023-10,1.0,0.0,0.0,0,0.0,0,0.0,0,0.0,1,1.0,0,0.0,0,0.0,0,0.0,0,0.0,0,0.0
小时候也叫阿金,2,1,no_media,1,2,2023-02,0.0,0.0,1.0,0,0.0,0,0.0,0,0.0,0,0.0,1,1.0,0,0.0,0,0.0,0,0.0,0,0.0
小易商丘,5,4,no_media,0,5,2023-04,0.0,0.0,1.0,0,0.0,0,0.0,0,0.0,0,0.0,4,1.0,0,0.0,0,0.0,0,0.0,0,0.0
小昭20171314,2,1,no_media,0,2,2023-11,0.0,0.0,0.0,1,1.0,0,0.0,0,0.0,0,0.0,0,0.0,0,0.0,0,0.0,0,0.0,0,0.0
小朱快跑·,3,2,no_media,0,3,2023-06,0.5,0.5,0.0,0,0.0,0,0.0,1,0.5,0,0.0,0,0.0,0,0.0,1,0.5,0,0.0,0,0.0
小李飞刀再出发,7,6,mainstream_only,3,6,2023-02,0.0,0.0,1.0,0,0.0,0,0.0,0,0.0,0,0.0,6,1.0,0,0.0,0,0.0,0,0.0,0,0.0
小杏仁长春美食,2,1,no_media,0,2,2023-05,0.0,0.0,0.0,0,0.0,0,0.0,0,0.0,0,0.0,0,0.0,1,1.0,0,0.0,0,0.0,0,0.0
小杨哥抗衰逆龄延寿,3,2,no_media,0,3,2025-02,0.0,0.0,1.0,0,0.0,0,0.0,0,0.0,0,0.0,2,1.0,0,0.0,0,0.0,0,0.0,0,0.0
小林多喜二_,2,1,no_media,0,2,2023-02,1.0,0.0,0.0,0,0.0,0,0.0,0,0.0,1,1.0,0,0.0,0,0.0,0,0.0,0,0.0,0,0.0
小柒与远方,2,1,no_media,0,2,2023-04,0.0,0.0,1.0,0,0.0,0,0.0,0,0.0,0,0.0,1,1.0,0,0.0,0,0.0,0,0.0,0,0.0
小树张在深圳,2,1,no_media,0,2,2023-02,1.0,0.0,0.0,0,0.0,0,0.0,0,0.0,0,0.0,0,0.0,0,0.0,1,1.0,0,0.0,0,0.0
小格格格格格格呀,2,1,no_media,0,2,2023-03,0.0,0.0,0.0,0,0.0,0,0.0,0,0.0,0,0.0,0,0.0,0,0.0,0,0.0,0,0.0,1,1.0
小桐平平安安,2,1,no_media,0,2,2024-03,0.0,0.0,0.0,0,0.0,0,0.0,0,0.0,0,0.0,0,0.0,1,1.0,0,0.0,0,0.0,0,0.0
小桔灯网,3,2,no_media,0,3,2023-02,0.0,0.0,1.0,0,0.0,0,0.0,0,0.0,0,0.0,2,1.0,0,0.0,0,0.0,0,0.0,0,0.0
小森森-doctor,4,3,no_media,1,4,2023-11,0.0,0.0,1.0,0,0.0,0,0.0,0,0.0,0,0.0,3,1.0,0,0.0,0,0.0,0,0.0,0,0.0
小榕树065,3,2,no_media,0,3,2025-03,0.0,0.0,1.0,0,0.0,0,0.0,0,0.0,0,0.0,2,1.0,0,0.0,0,0.0,0,0.0,0,0.0
小樱小可mm,3,2,no_media,0,3,2023-05,0.0,0.5,0.0,0,0.0,0,0.0,1,0.5,0,0.0,0,0.0,0,0.0,0,0.0,0,0.0,1,0.5
小橙子的妈大姐姐,3,2,no_media,0,3,2023-02,0.5,0.5,0.0,0,0.0,0,0.0,1,0.5,0,0.0,0,0.0,0,0.0,1,0.5,0,0.0,0,0.0
小池寒漪,2,1,no_media,0,2,2023-02,0.0,1.0,0.0,0,0.0,0,0.0,1,1.0,0,0.0,0,0.0,0,0.0,0,0.0,0,0.0,0,0.0
小汤圆0530,3,2,no_media,0,3,2023-03,0.0,0.0,0.0,0,0.0,0,0.0,0,0.0,0,0.0,0,0.0,0,0.0,0,0.0,0,0.0,2,1.0
小浪同学敲黑板,3,2,no_media,0,3,2023-05,0.0,0.0,1.0,0,0.0,0,0.0,0,0.0,0,0.0,2,1.0,0,0.0,0,0.0,0,0.0,0,0.0
小满,5,4,no_media,0,5,2023-07,0.0,0.0,1.0,0,0.0,0,0.0,0,0.0,0,0.0,4,1.0,0,0.0,0,0.0,0,0.0,0,0.0
小熊猫不愿在湖心岛做题,2,1,no_media,0,2,2023-05,0.0,0.0,0.0,0,0.0,0,0.0,0,0.0,0,0.0,0,0.0,1,1.0,0,0.0,0,0.0,0,0.0
小熊软糖夹心草莓味布丁,2,1,no_media,0,2,2025-05,0.0,0.0,0.0,0,0.0,0,0.0,0,0.0,0,0.0,0,0.0,0,0.0,0,0.0,0,0.0,1,1.0
小牙巴和大脑壳,5,4,no_media,0,5,2024-01,0.25,0.0,0.0,3,0.75,0,0.0,0,0.0,1,0.25,0,0.0,0,0.0,0,0.0,0,0.0,0,0.0
小狐狸的围脖,2,1,wemedia_only,3,1,2023-04,0.0,1.0,0.0,0,0.0,1,1.0,0,0.0,0,0.0,0,0.0,0,0.0,0,0.0,0,0.0,0,0.0
小狐狸的大尾巴666,2,1,no_media,1,2,2025-04,0.0,0.0,1.0,0,0.0,0,0.0,0,0.0,0,0.0,1,1.0,0,0.0,0,0.0,0,0.0,0,0.0
小狼1998,4,3,mainstream_only,4,4,2023-02,0.3333333333333333,0.3333333333333333,0.0,0,0.0,1,0.3333333333333333,0,0.0,1,0.3333333333333333,0,0.0,1,0.3333333333333333,0,0.0,0,0.0,0,0.0
小猪取长补短,2,1,no_media,0,2,2024-05,0.0,0.0,0.0,0,0.0,0,0.0,0,0.0,0,0.0,0,0.0,1,1.0,0,0.0,0,0.0,0,0.0
小猪在飞ing,2,1,no_media,0,2,2023-07,0.0,0.0,0.0,0,0.0,0,0.0,0,0.0,0,0.0,0,0.0,0,0.0,0,0.0,0,0.0,1,1.0
小猪钱罐儿V,2,1,mainstream_only,2,2,2023-02,0.0,0.0,1.0,0,0.0,0,0.0,0,0.0,0,0.0,1,1.0,0,0.0,0,0.0,0,0.0,0,0.0
小猫咪来了嗷,9,8,wemedia_only,10,9,2023-05,0.25,0.125,0.25,3,0.375,1,0.125,0,0.0,2,0.25,2,0.25,0,0.0,0,0.0,0,0.0,0,0.0
小瑜不开心日记,2,1,no_media,0,1,2022-12,0.0,0.0,0.0,1,1.0,0,0.0,0,0.0,0,0.0,0,0.0,0,0.0,0,0.0,0,0.0,0,0.0
小璐Q,2,1,no_media,0,2,2023-07,0.0,0.0,0.0,0,0.0,0,0.0,0,0.0,0,0.0,0,0.0,0,0.0,0,0.0,0,0.0,1,1.0
小甜小甜甜过初恋,3,2,no_media,0,3,2023-02,0.0,0.0,0.0,0,0.0,0,0.0,0,0.0,0,0.0,0,0.0,0,0.0,0,0.0,0,0.0,2,1.0
小白兔家的鸡蛋妹妹,2,1,no_media,0,2,2025-03,0.0,0.0,0.0,1,1.0,0,0.0,0,0.0,0,0.0,0,0.0,0,0.0,0,0.0,0,0.0,0,0.0
小石城过客,2,1,no_media,0,2,2023-02,0.0,0.0,0.0,0,0.0,0,0.0,0,0.0,0,0.0,0,0.0,0,0.0,0,0.0,0,0.0,1,1.0
小神甫冰冰,2,1,no_media,0,2,2023-08,0.0,0.0,0.0,1,1.0,0,0.0,0,0.0,0,0.0,0,0.0,0,0.0,0,0.0,0,0.0,0,0.0
小米1532218987,2,1,no_media,0,2,2023-05,0.0,0.0,1.0,0,0.0,0,0.0,0,0.0,0,0.0,1,1.0,0,0.0,0,0.0,0,0.0,0,0.0
小精桃子,2,1,no_media,0,2,2023-02,0.0,0.0,1.0,0,0.0,0,0.0,0,0.0,0,0.0,1,1.0,0,0.0,0,0.0,0,0.0,0,0.0
小糖薇薇,2,1,no_media,0,2,2023-02,0.0,0.0,0.0,0,0.0,0,0.0,0,0.0,0,0.0,0,0.0,1,1.0,0,0.0,0,0.0,0,0.0
小红帽叫狼来了,4,3,no_media,0,4,2023-02,0.0,0.0,0.3333333333333333,0,0.0,0,0.0,0,0.0,0,0.0,1,0.3333333333333333,1,0.3333333333333333,0,0.0,1,0.3333333333333333,0,0.0
小美健康养生生活,2,1,no_media,0,2,2023-05,0.0,0.0,1.0,0,0.0,0,0.0,0,0.0,0,0.0,1,1.0,0,0.0,0,0.0,0,0.0,0,0.0
小老太咔咔酱,2,1,no_media,0,2,2022-12,0.0,0.0,1.0,0,0.0,0,0.0,0,0.0,0,0.0,1,1.0,0,0.0,0,0.0,0,0.0,0,0.0
小老虎蛇年健康,2,1,no_media,0,2,2023-09,0.0,1.0,0.0,0,0.0,1,1.0,0,0.0,0,0.0,0,0.0,0,0.0,0,0.0,0,0.0,0,0.0
小考拉2023,2,1,no_media,1,2,2022-12,0.0,0.0,1.0,0,0.0,0,0.0,0,0.0,0,0.0,1,1.0,0,0.0,0,0.0,0,0.0,0,0.0
小胖HxH,3,2,wemedia_only,5,3,2023-05,0.5,0.5,0.0,0,0.0,1,0.5,0,0.0,1,0.5,0,0.0,0,0.0,0,0.0,0,0.0,0,0.0
小艳疏香67,2,1,no_media,0,2,2023-12,0.0,0.0,0.0,0,0.0,0,0.0,0,0.0,0,0.0,0,0.0,0,0.0,0,0.0,0,0.0,1,1.0
小艾Jewelz,4,3,no_media,6,4,2023-03,0.0,0.3333333333333333,0.3333333333333333,1,0.3333333333333333,1,0.3333333333333333,0,0.0,0,0.0,1,0.3333333333333333,0,0.0,0,0.0,0,0.0,0,0.0
小芳是不是我,2,1,no_media,0,2,2023-05,0.0,0.0,0.0,0,0.0,0,0.0,0,0.0,0,0.0,0,0.0,0,0.0,0,0.0,0,0.0,1,1.0
小荔枝啊吖,2,1,no_media,0,2,2023-02,0.0,0.0,0.0,0,0.0,0,0.0,0,0.0,0,0.0,0,0.0,0,0.0,0,0.0,0,0.0,1,1.0
小虎吉,5,4,mainstream_only,10,5,2022-09,0.5,0.25,0.25,0,0.0,1,0.25,0,0.0,2,0.5,1,0.25,0,0.0,0,0.0,0,0.0,0,0.0
小虎小柴,2,1,no_media,0,2,2023-02,0.0,0.0,0.0,0,0.0,0,0.0,0,0.0,0,0.0,0,0.0,0,0.0,0,0.0,1,1.0,0,0.0
小虫甲,3,2,no_media,0,2,2023-03,0.0,0.0,0.0,0,0.0,0,0.0,0,0.0,0,0.0,0,0.0,0,0.0,0,0.0,1,0.5,1,0.5
小蜗没有牛_,2,1,no_media,2,2,2023-01,0.0,0.0,0.0,0,0.0,0,0.0,0,0.0,0,0.0,0,0.0,0,0.0,0,0.0,0,0.0,1,1.0
小袁读书,5,4,no_media,0,5,2023-02,0.0,0.0,1.0,0,0.0,0,0.0,0,0.0,0,0.0,4,1.0,0,0.0,0,0.0,0,0.0,0,0.0
小透明洛_荣耀不败,4,3,mainstream_only,2,3,2023-06,0.3333333333333333,0.3333333333333333,0.0,1,0.3333333333333333,0,0.0,1,0.3333333333333333,1,0.3333333333333333,0,0.0,0,0.0,0,0.0,0,0.0,0,0.0
小醉猫儿,2,1,no_media,0,2,2023-04,1.0,0.0,0.0,0,0.0,0,0.0,0,0.0,0,0.0,0,0.0,0,0.0,1,1.0,0,0.0,0,0.0
小阿ALICE,2,1,no_media,0,2,2023-08,1.0,0.0,0.0,0,0.0,0,0.0,0,0.0,0,0.0,0,0.0,0,0.0,1,1.0,0,0.0,0,0.0
小雅的围脖20120720,9,8,no_media,7,9,2022-05,0.0,0.0,1.0,0,0.0,0,0.0,0,0.0,0,0.0,8,1.0,0,0.0,0,0.0,0,0.0,0,0.0
小雨姐姐讲故事,2,1,wemedia_only,2,2,2023-01,0.0,1.0,0.0,0,0.0,1,1.0,0,0.0,0,0.0,0,0.0,0,0.0,0,0.0,0,0.0,0,0.0
小雪雪妹仔,2,1,no_media,0,1,2023-01,0.0,0.0,0.0,0,0.0,0,0.0,0,0.0,0,0.0,0,0.0,0,0.0,0,0.0,0,0.0,1,1.0
小马过河SNS,4,3,wemedia_only,6,4,2023-07,0.6666666666666666,0.3333333333333333,0.0,0,0.0,1,0.3333333333333333,0,0.0,2,0.6666666666666666,0,0.0,0,0.0,0,0.0,0,0.0,0,0.0
小鱼炒米饭,2,1,no_media,0,2,2024-06,1.0,0.0,0.0,0,0.0,0,0.0,0,0.0,1,1.0,0,0.0,0,0.0,0,0.0,0,0.0,0,0.0
小鸟80后创业者,3,2,no_media,0,3,2023-03,0.0,0.0,1.0,0,0.0,0,0.0,0,0.0,0,0.0,2,1.0,0,0.0,0,0.0,0,0.0,0,0.0
小黎飞刀2013,2,1,no_media,0,2,2023-02,0.0,0.0,1.0,0,0.0,0,0.0,0,0.0,0,0.0,1,1.0,0,0.0,0,0.0,0,0.0,0,0.0
小黑手儿2241462375,2,1,no_media,1,1,2024-11,0.0,0.0,0.0,0,0.0,0,0.0,0,0.0,0,0.0,0,0.0,0,0.0,0,0.0,0,0.0,1,1.0
小齐搞搞ai,2,1,no_media,0,2,2023-05,0.0,0.0,1.0,0,0.0,0,0.0,0,0.0,0,0.0,1,1.0,0,0.0,0,0.0,0,0.0,0,0.0
小龙8808,2,1,wemedia_only,4,2,2023-09,0.0,0.0,1.0,0,0.0,0,0.0,0,0.0,0,0.0,1,1.0,0,0.0,0,0.0,0,0.0,0,0.0
少主暁小萌,4,3,no_media,0,4,2023-02,0.0,0.0,0.3333333333333333,0,0.0,0,0.0,0,0.0,0,0.0,1,0.3333333333333333,1,0.3333333333333333,0,0.0,1,0.3333333333333333,0,0.0
少塘主呀,2,1,no_media,0,2,2023-12,0.0,0.0,0.0,0,0.0,0,0.0,0,0.0,0,0.0,0,0.0,1,1.0,0,0.0,0,0.0,0,0.0
少女澈-,2,1,no_media,0,2,2023-10,0.0,0.0,0.0,0,0.0,0,0.0,0,0.0,0,0.0,0,0.0,0,0.0,0,0.0,0,0.0,1,1.0
少小离家长胖回,2,1,wemedia_only,2,2,2024-01,1.0,0.0,0.0,0,0.0,0,0.0,0,0.0,1,1.0,0,0.0,0,0.0,0,0.0,0,0.0,0,0.0
少帅的点评,5,4,no_media,1,5,2023-03,0.25,0.25,0.25,1,0.25,1,0.25,0,0.0,1,0.25,1,0.25,0,0.0,0,0.0,0,0.0,0,0.0
少年伯爵,10,9,no_media,0,10,2023-06,0.0,0.0,0.5555555555555556,0,0.0,0,0.0,0,0.0,0,0.0,5,0.5555555555555556,2,0.2222222222222222,0,0.0,2,0.2222222222222222,0,0.0
尓湾阅读,3,2,mainstream_only,2,3,2023-10,0.0,0.0,1.0,0,0.0,0,0.0,0,0.0,0,0.0,2,1.0,0,0.0,0,0.0,0,0.0,0,0.0
尖叫水母,2,1,no_media,0,2,2023-02,1.0,0.0,0.0,0,0.0,0,0.0,0,0.0,0,0.0,0,0.0,0,0.0,1,1.0,0,0.0,0,0.0
尙方,4,3,no_media,0,4,2023-02,0.0,0.0,0.6666666666666666,0,0.0,0,0.0,0,0.0,0,0.0,2,0.6666666666666666,1,0.3333333333333333,0,0.0,0,0.0,0,0.0
尚-娃佳,2,1,no_media,5,2,2023-03,0.0,0.0,0.0,0,0.0,0,0.0,0,0.0,0,0.0,0,0.0,0,0.0,0,0.0,0,0.0,1,1.0
尚古真人,3,2,no_media,0,3,2023-03,0.0,0.0,0.0,0,0.0,0,0.0,0,0.0,0,0.0,0,0.0,1,0.5,0,0.0,0,0.0,1,0.5
尚听风中吟,2,1,no_media,0,2,2023-05,0.0,0.0,0.0,0,0.0,0,0.0,0,0.0,0,0.0,0,0.0,0,0.0,0,0.0,0,0.0,1,1.0
尚善口腔贺刚,4,3,no_media,0,4,2023-08,0.0,0.0,0.3333333333333333,0,0.0,0,0.0,0,0.0,0,0.0,1,0.3333333333333333,1,0.3333333333333333,0,0.0,1,0.3333333333333333,0,0.0
尚有月台z-,2,1,no_media,0,1,2022-12,0.0,1.0,0.0,0,0.0,1,1.0,0,0.0,0,0.0,0,0.0,0,0.0,0,0.0,0,0.0,0,0.0
尚未成年么,4,3,no_media,0,4,2023-10,0.3333333333333333,0.3333333333333333,0.0,0,0.0,0,0.0,1,0.3333333333333333,1,0.3333333333333333,0,0.0,0,0.0,0,0.0,0,0.0,1,0.3333333333333333
尤克菌菌,2,1,wemedia_only,1,2,2023-05,0.0,0.0,0.0,0,0.0,0,0.0,0,0.0,0,0.0,0,0.0,1,1.0,0,0.0,0,0.0,0,0.0
尤戾丝,2,1,no_media,0,2,2024-01,0.0,1.0,0.0,0,0.0,0,0.0,1,1.0,0,0.0,0,0.0,0,0.0,0,0.0,0,0.0,0,0.0
就是热啊,2,1,no_media,0,2,2023-06,0.0,0.0,0.0,0,0.0,0,0.0,0,0.0,0,0.0,0,0.0,0,0.0,0,0.0,0,0.0,1,1.0
尹克伦观天下,2,1,no_media,2,2,2021-11,0.0,0.0,0.0,1,1.0,0,0.0,0,0.0,0,0.0,0,0.0,0,0.0,0,0.0,0,0.0,0,0.0
尹香武,2,1,no_media,3,2,2024-01,0.0,0.0,0.0,0,0.0,0,0.0,0,0.0,0,0.0,0,0.0,0,0.0,0,0.0,1,1.0,0,0.0
尼克安闲,4,3,no_media,2,4,2023-09,0.0,0.0,1.0,0,0.0,0,0.0,0,0.0,0,0.0,3,1.0,0,0.0,0,0.0,0,0.0,0,0.0
尽头是块石头,2,1,no_media,0,2,2023-02,0.0,0.0,0.0,0,0.0,0,0.0,0,0.0,0,0.0,0,0.0,0,0.0,0,0.0,0,0.0,1,1.0
屁屁挖掘机,3,2,no_media,0,3,2023-02,0.0,0.0,0.0,0,0.0,0,0.0,0,0.0,0,0.0,0,0.0,0,0.0,0,0.0,0,0.0,2,1.0
居善地心善渊2021,2,1,wemedia_only,7,2,2023-09,0.0,0.0,1.0,0,0.0,0,0.0,0,0.0,0,0.0,1,1.0,0,0.0,0,0.0,0,0.0,0,0.0
居士妈妈万福-,3,2,wemedia_only,3,3,2023-02,0.0,0.0,0.0,0,0.0,0,0.0,0,0.0,0,0.0,0,0.0,1,0.5,0,0.0,1,0.5,0,0.0
居崽家的三只猫,3,2,no_media,0,3,2023-02,0.0,0.0,0.0,0,0.0,0,0.0,0,0.0,0,0.0,0,0.0,1,0.5,0,0.0,1,0.5,0,0.0
屋顶上的喵喵先生,3,2,no_media,0,3,2023-04,0.5,0.0,0.5,0,0.0,0,0.0,0,0.0,1,0.5,1,0.5,0,0.0,0,0.0,0,0.0,0,0.0
屏山发布,33,32,no_media,0,26,2020-04,0.0,0.0,1.0,0,0.0,0,0.0,0,0.0,0,0.0,32,1.0,0,0.0,0,0.0,0,0.0,0,0.0
山FUu,2,1,no_media,0,2,2024-09,0.0,1.0,0.0,0,0.0,0,0.0,1,1.0,0,0.0,0,0.0,0,0.0,0,0.0,0,0.0,0,0.0
山东健康集团肥城医院,2,1,no_media,0,2,2023-02,0.0,0.0,1.0,0,0.0,0,0.0,0,0.0,0,0.0,1,1.0,0,0.0,0,0.0,0,0.0,0,0.0
山东法制报,2,1,no_media,0,2,2023-08,0.0,0.0,1.0,0,0.0,0,0.0,0,0.0,0,0.0,1,1.0,0,0.0,0,0.0,0,0.0,0,0.0
山东省中西医结合医院,3,2,no_media,0,3,2023-02,0.0,0.0,1.0,0,0.0,0,0.0,0,0.0,0,0.0,2,1.0,0,0.0,0,0.0,0,0.0,0,0.0
山东省科协,8,7,no_media,0,8,2023-02,0.0,0.0,1.0,0,0.0,0,0.0,0,0.0,0,0.0,7,1.0,0,0.0,0,0.0,0,0.0,0,0.0
山东良医学校推拿之家,2,1,no_media,0,2,2023-03,0.0,0.0,1.0,0,0.0,0,0.0,0,0.0,0,0.0,1,1.0,0,0.0,0,0.0,0,0.0,0,0.0
山东辟谣,5,4,no_media,0,4,2023-02,0.0,0.0,1.0,0,0.0,0,0.0,0,0.0,0,0.0,4,1.0,0,0.0,0,0.0,0,0.0,0,0.0
山东长安网,7,6,mainstream_only,2,6,2020-03,0.0,0.0,1.0,0,0.0,0,0.0,0,0.0,0,0.0,6,1.0,0,0.0,0,0.0,0,0.0,0,0.0
山东高法,9,8,no_media,0,8,2021-01,0.0,0.0,1.0,0,0.0,0,0.0,0,0.0,0,0.0,8,1.0,0,0.0,0,0.0,0,0.0,0,0.0
山中听静,2,1,no_media,0,2,2023-02,0.0,0.0,1.0,0,0.0,0,0.0,0,0.0,0,0.0,1,1.0,0,0.0,0,0.0,0,0.0,0,0.0
山亭发布,2,1,mainstream_only,2,2,2023-03,0.0,0.0,1.0,0,0.0,0,0.0,0,0.0,0,0.0,1,1.0,0,0.0,0,0.0,0,0.0,0,0.0
山人I,2,1,no_media,0,2,2023-05,0.0,0.0,0.0,0,0.0,0,0.0,0,0.0,0,0.0,0,0.0,0,0.0,0,0.0,1,1.0,0,0.0
山初云洛·,2,1,wemedia_only,5,1,2020-03,0.0,0.0,1.0,0,0.0,0,0.0,0,0.0,0,0.0,1,1.0,0,0.0,0,0.0,0,0.0,0,0.0
山古老鹰,2,1,no_media,0,2,2021-11,0.0,1.0,0.0,0,0.0,1,1.0,0,0.0,0,0.0,0,0.0,0,0.0,0,0.0,0,0.0,0,0.0
山园记趣,2,1,no_media,0,2,2023-06,1.0,0.0,0.0,0,0.0,0,0.0,0,0.0,1,1.0,0,0.0,0,0.0,0,0.0,0,0.0,0,0.0
山本富也,2,1,no_media,0,2,2024-12,0.0,0.0,1.0,0,0.0,0,0.0,0,0.0,0,0.0,1,1.0,0,0.0,0,0.0,0,0.0,0,0.0
山東_赵军,8,7,no_media,0,8,2023-08,0.0,0.0,1.0,0,0.0,0,0.0,0,0.0,0,0.0,7,1.0,0,0.0,0,0.0,0,0.0,0,0.0
山水怀柔,9,8,no_media,0,9,2023-02,0.0,0.0,1.0,0,0.0,0,0.0,0,0.0,0,0.0,8,1.0,0,0.0,0,0.0,0,0.0,0,0.0
山海_海山,4,3,no_media,3,4,2024-01,0.3333333333333333,0.3333333333333333,0.0,0,0.0,1,0.3333333333333333,0,0.0,1,0.3333333333333333,0,0.0,1,0.3333333333333333,0,0.0,0,0.0,0,0.0
山海牡蛎,2,1,no_media,0,2,2025-05,0.0,1.0,0.0,0,0.0,1,1.0,0,0.0,0,0.0,0,0.0,0,0.0,0,0.0,0,0.0,0,0.0
山清若水2020,2,1,no_media,1,2,2022-12,0.0,0.0,1.0,0,0.0,0,0.0,0,0.0,0,0.0,1,1.0,0,0.0,0,0.0,0,0.0,0,0.0
山花落尽118,3,2,no_media,0,3,2023-04,0.0,0.0,0.0,0,0.0,0,0.0,0,0.0,0,0.0,0,0.0,1,0.5,0,0.0,1,0.5,0,0.0
山西临猗反邪教,2,1,mainstream_only,2,2,2023-05,0.0,0.0,1.0,0,0.0,0,0.0,0,0.0,0,0.0,1,1.0,0,0.0,0,0.0,0,0.0,0,0.0
山西云媒体,15,14,no_media,0,13,2021-01,0.0,0.0,1.0,0,0.0,0,0.0,0,0.0,0,0.0,14,1.0,0,0.0,0,0.0,0,0.0,0,0.0
山西健康之声,3,2,no_media,0,3,2023-12,0.0,0.0,1.0,0,0.0,0,0.0,0,0.0,0,0.0,2,1.0,0,0.0,0,0.0,0,0.0,0,0.0
山西共青团,24,23,no_media,0,19,2020-03,0.0,0.0,1.0,0,0.0,0,0.0,0,0.0,0,0.0,23,1.0,0,0.0,0,0.0,0,0.0,0,0.0
山西农村广播,3,2,no_media,0,3,2023-03,0.0,0.0,1.0,0,0.0,0,0.0,0,0.0,0,0.0,2,1.0,0,0.0,0,0.0,0,0.0,0,0.0
山西政法,20,19,no_media,0,19,2020-03,0.0,0.0,1.0,0,0.0,0,0.0,0,0.0,0,0.0,19,1.0,0,0.0,0,0.0,0,0.0,0,0.0
山西日报,27,26,no_media,0,27,2020-04,0.0,0.0,1.0,0,0.0,0,0.0,0,0.0,0,0.0,26,1.0,0,0.0,0,0.0,0,0.0,0,0.0
山西晚报,33,32,no_media,0,32,2021-03,0.0,0.0,1.0,0,0.0,0,0.0,0,0.0,0,0.0,32,1.0,0,0.0,0,0.0,0,0.0,0,0.0
山西曲沃反邪教,2,1,mainstream_only,2,2,2023-05,0.0,0.0,1.0,0,0.0,0,0.0,0,0.0,0,0.0,1,1.0,0,0.0,0,0.0,0,0.0,0,0.0
山西浮山反邪教,2,1,mainstream_only,2,2,2023-05,0.0,0.0,1.0,0,0.0,0,0.0,0,0.0,0,0.0,1,1.0,0,0.0,0,0.0,0,0.0,0,0.0
山西经济日报社微博,3,2,no_media,0,3,2024-02,0.0,0.0,1.0,0,0.0,0,0.0,0,0.0,0,0.0,2,1.0,0,0.0,0,0.0,0,0.0,0,0.0
山西绛县反邪教,2,1,mainstream_only,2,2,2023-05,0.0,0.0,1.0,0,0.0,0,0.0,0,0.0,0,0.0,1,1.0,0,0.0,0,0.0,0,0.0,0,0.0
山西综合广播,3,2,no_media,0,2,2022-04,0.0,0.0,1.0,0,0.0,0,0.0,0,0.0,0,0.0,2,1.0,0,0.0,0,0.0,0,0.0,0,0.0
山西襄汾反邪教,2,1,mainstream_only,2,2,2023-05,0.0,0.0,1.0,0,0.0,0,0.0,0,0.0,0,0.0,1,1.0,0,0.0,0,0.0,0,0.0,0,0.0
山西隰县反邪教,2,1,mainstream_only,2,2,2023-02,0.0,0.0,1.0,0,0.0,0,0.0,0,0.0,0,0.0,1,1.0,0,0.0,0,0.0,0,0.0,0,0.0
山西青年报,6,5,no_media,0,4,2021-11,0.0,0.0,1.0,0,0.0,0,0.0,0,0.0,0,0.0,5,1.0,0,0.0,0,0.0,0,0.0,0,0.0
山西黄河新闻网传媒忻州分公司,5,4,mainstream_only,1,5,2023-02,0.0,0.0,1.0,0,0.0,0,0.0,0,0.0,0,0.0,4,1.0,0,0.0,0,0.0,0,0.0,0,0.0
山谷花开niuniu食养带教训练营,2,1,no_media,0,2,2024-02,0.0,0.0,1.0,0,0.0,0,0.0,0,0.0,0,0.0,1,1.0,0,0.0,0,0.0,0,0.0,0,0.0
山顶雪女,2,1,no_media,0,2,2023-04,1.0,0.0,0.0,0,0.0,0,0.0,0,0.0,1,1.0,0,0.0,0,0.0,0,0.0,0,0.0,0,0.0
岁月后,2,1,no_media,0,2,2023-06,0.0,0.0,0.0,0,0.0,0,0.0,0,0.0,0,0.0,0,0.0,0,0.0,0,0.0,1,1.0,0,0.0
岁月年华136,2,1,no_media,0,2,2023-05,0.0,0.0,1.0,0,0.0,0,0.0,0,0.0,0,0.0,1,1.0,0,0.0,0,0.0,0,0.0,0,0.0
岁月静好0236,2,1,no_media,0,2,2023-03,1.0,0.0,0.0,0,0.0,0,0.0,0,0.0,0,0.0,0,0.0,0,0.0,1,1.0,0,0.0,0,0.0
岁月饭店,6,5,wemedia_only,4,6,2023-01,0.2,0.0,0.6,1,0.2,0,0.0,0,0.0,1,0.2,3,0.6,0,0.0,0,0.0,0,0.0,0,0.0
岐图8214101,4,3,no_media,0,4,2023-03,0.0,0.0,1.0,0,0.0,0,0.0,0,0.0,0,0.0,3,1.0,0,0.0,0,0.0,0,0.0,0,0.0
岐德堂武医,4,3,no_media,0,4,2023-02,0.0,0.0,1.0,0,0.0,0,0.0,0,0.0,0,0.0,3,1.0,0,0.0,0,0.0,0,0.0,0,0.0
岐黄中医周永志,2,1,no_media,0,2,2025-03,0.0,0.0,1.0,0,0.0,0,0.0,0,0.0,0,0.0,1,1.0,0,0.0,0,0.0,0,0.0,0,0.0
岐黄中医张继胜,3,2,no_media,0,3,2025-01,0.0,0.0,1.0,0,0.0,0,0.0,0,0.0,0,0.0,2,1.0,0,0.0,0,0.0,0,0.0,0,0.0
岐黄之子安多扎西,3,2,no_media,0,3,2023-03,0.5,0.5,0.0,0,0.0,1,0.5,0,0.0,1,0.5,0,0.0,0,0.0,0,0.0,0,0.0,0,0.0
岐黄健康说,8,7,no_media,0,8,2023-05,0.0,0.0,0.7142857142857143,0,0.0,0,0.0,0,0.0,0,0.0,5,0.7142857142857143,1,0.14285714285714285,0,0.0,1,0.14285714285714285,0,0.0
岐黄春燕,2,1,no_media,1,1,2023-02,0.0,0.0,1.0,0,0.0,0,0.0,0,0.0,0,0.0,1,1.0,0,0.0,0,0.0,0,0.0,0,0.0
岚山发布,10,9,no_media,0,6,2022-12,0.0,0.0,1.0,0,0.0,0,0.0,0,0.0,0,0.0,9,1.0,0,0.0,0,0.0,0,0.0,0,0.0
岱青山人,12,11,no_media,0,10,2022-12,0.0,0.0,1.0,0,0.0,0,0.0,0,0.0,0,0.0,11,1.0,0,0.0,0,0.0,0,0.0,0,0.0
岳树存,7,6,no_media,0,7,2023-02,0.0,0.0,0.8333333333333334,0,0.0,0,0.0,0,0.0,0,0.0,5,0.8333333333333334,1,0.16666666666666666,0,0.0,0,0.0,0,0.0
岳阳市中级人民法院,5,4,mainstream_only,2,3,2020-03,0.0,0.0,1.0,0,0.0,0,0.0,0,0.0,0,0.0,4,1.0,0,0.0,0,0.0,0,0.0,0,0.0
岳阳晚报社,2,1,no_media,0,2,2020-11,0.0,0.0,1.0,0,0.0,0,0.0,0,0.0,0,0.0,1,1.0,0,0.0,0,0.0,0,0.0,0,0.0
峰哥一切为了健康,58,57,no_media,0,40,2022-12,0.03508771929824561,0.03508771929824561,0.9122807017543859,1,0.017543859649122806,2,0.03508771929824561,0,0.0,2,0.03508771929824561,52,0.9122807017543859,0,0.0,0,0.0,0,0.0,0,0.0
崔尊健康产业研究院CEO,2,1,no_media,0,2,2024-08,0.0,0.0,0.0,1,1.0,0,0.0,0,0.0,0,0.0,0,0.0,0,0.0,0,0.0,0,0.0,0,0.0
崩壞的魂淡,8,7,no_media,1,5,2023-03,0.14285714285714285,0.14285714285714285,0.14285714285714285,1,0.14285714285714285,1,0.14285714285714285,0,0.0,1,0.14285714285714285,1,0.14285714285714285,1,0.14285714285714285,0,0.0,2,0.2857142857142857,0,0.0
崽崽现在很困,3,2,no_media,0,3,2023-08,0.5,0.0,0.0,0,0.0,0,0.0,0,0.0,0,0.0,0,0.0,0,0.0,1,0.5,0,0.0,1,0.5
嵩明发布,4,3,mainstream_only,1,4,2023-03,0.0,0.0,1.0,0,0.0,0,0.0,0,0.0,0,0.0,3,1.0,0,0.0,0,0.0,0,0.0,0,0.0
川渝小霸王,3,2,no_media,0,3,2023-12,0.5,0.0,0.0,0,0.0,0,0.0,0,0.0,0,0.0,0,0.0,1,0.5,1,0.5,0,0.0,0,0.0
川蕙姐姐,2,1,no_media,0,2,2023-06,0.0,0.0,1.0,0,0.0,0,0.0,0,0.0,0,0.0,1,1.0,0,0.0,0,0.0,0,0.0,0,0.0
工作乱成一锅粥了大家趁热吃了吧,2,1,no_media,0,2,2023-02,1.0,0.0,0.0,0,0.0,0,0.0,0,0.0,0,0.0,0,0.0,0,0.0,1,1.0,0,0.0,0,0.0
左岸小蟋蟀,2,1,no_media,0,2,2023-02,0.0,0.0,0.0,0,0.0,0,0.0,0,0.0,0,0.0,0,0.0,0,0.0,0,0.0,1,1.0,0,0.0
左董英子,8,7,wemedia_only,9,6,2023-02,0.0,0.0,0.7142857142857143,0,0.0,0,0.0,0,0.0,0,0.0,5,0.7142857142857143,1,0.14285714285714285,0,0.0,1,0.14285714285714285,0,0.0
巧鼠0513,2,1,no_media,0,2,2023-05,0.0,0.0,0.0,0,0.0,0,0.0,0,0.0,0,0.0,0,0.0,0,0.0,0,0.0,0,0.0,1,1.0
巨丰财经,2,1,no_media,0,2,2023-12,0.0,0.0,1.0,0,0.0,0,0.0,0,0.0,0,0.0,1,1.0,0,0.0,0,0.0,0,0.0,0,0.0
巨魔_芋,2,1,no_media,2,2,2024-08,0.0,0.0,1.0,0,0.0,0,0.0,0,0.0,0,0.0,1,1.0,0,0.0,0,0.0,0,0.0,0,0.0
巫小花花花,2,1,no_media,0,2,2024-05,0.0,0.0,0.0,0,0.0,0,0.0,0,0.0,0,0.0,0,0.0,1,1.0,0,0.0,0,0.0,0,0.0
巴图鲁那夫,2,1,no_media,0,2,2023-09,1.0,0.0,0.0,0,0.0,0,0.0,0,0.0,1,1.0,0,0.0,0,0.0,0,0.0,0,0.0,0,0.0
巴士驾到博主,2,1,no_media,0,2,2023-04,0.0,0.0,1.0,0,0.0,0,0.0,0,0.0,0,0.0,1,1.0,0,0.0,0,0.0,0,0.0,0,0.0
巴彦淖尔日报社,3,2,no_media,0,3,2023-02,0.0,0.0,1.0,0,0.0,0,0.0,0,0.0,0,0.0,2,1.0,0,0.0,0,0.0,0,0.0,0,0.0
巴淅,8,7,no_media,0,8,2023-02,0.14285714285714285,0.14285714285714285,0.14285714285714285,0,0.0,1,0.14285714285714285,0,0.0,1,0.14285714285714285,1,0.14285714285714285,2,0.2857142857142857,0,0.0,2,0.2857142857142857,0,0.0
巴西南美侨报,27,26,no_media,0,26,2023-02,0.0,0.0,1.0,0,0.0,0,0.0,0,0.0,0,0.0,26,1.0,0,0.0,0,0.0,0,0.0,0,0.0
巴西木旁边种了茑萝,2,1,no_media,1,2,2024-12,0.0,0.0,0.0,0,0.0,0,0.0,0,0.0,0,0.0,0,0.0,0,0.0,0,0.0,0,0.0,1,1.0
巴音布鲁克天鹅湖96,2,1,mainstream_only,9,2,2023-04,0.0,0.0,1.0,0,0.0,0,0.0,0,0.0,0,0.0,1,1.0,0,0.0,0,0.0,0,0.0,0,0.0
巴音郭楞蒙古自治州吾瓦镇窝滴爱,5,4,wemedia_only,3,4,2022-03,0.25,0.5,0.0,1,0.25,1,0.25,1,0.25,0,0.0,0,0.0,0,0.0,1,0.25,0,0.0,0,0.0
巽元堂承庚,2,1,no_media,2,2,2023-01,0.0,0.0,1.0,0,0.0,0,0.0,0,0.0,0,0.0,1,1.0,0,0.0,0,0.0,0,0.0,0,0.0
市场星报,22,21,no_media,0,19,2020-10,0.0,0.0,1.0,0,0.0,0,0.0,0,0.0,0,0.0,21,1.0,0,0.0,0,0.0,0,0.0,0,0.0
市说新语,4,3,no_media,0,3,2022-07,0.0,0.0,1.0,0,0.0,0,0.0,0,0.0,0,0.0,3,1.0,0,0.0,0,0.0,0,0.0,0,0.0
布庶,5,4,no_media,0,5,2023-02,0.0,0.0,1.0,0,0.0,0,0.0,0,0.0,0,0.0,4,1.0,0,0.0,0,0.0,0,0.0,0,0.0
布朗倪Suki,2,1,no_media,0,2,2023-09,0.0,0.0,0.0,1,1.0,0,0.0,0,0.0,0,0.0,0,0.0,0,0.0,0,0.0,0,0.0,0,0.0
布道宽窄,7,6,no_media,0,7,2021-03,0.0,0.16666666666666666,0.5,2,0.3333333333333333,1,0.16666666666666666,0,0.0,0,0.0,3,0.5,0,0.0,0,0.0,0,0.0,0,0.0
布鲁克林奶王,3,2,no_media,0,3,2024-01,0.0,0.0,0.0,0,0.0,0,0.0,0,0.0,0,0.0,0,0.0,0,0.0,0,0.0,0,0.0,2,1.0
帅大爷a,5,4,no_media,0,5,2023-11,0.5,0.5,0.0,0,0.0,1,0.25,1,0.25,1,0.25,0,0.0,0,0.0,1,0.25,0,0.0,0,0.0
帅小伙学长,2,1,no_media,0,2,2025-03,0.0,0.0,1.0,0,0.0,0,0.0,0,0.0,0,0.0,1,1.0,0,0.0,0,0.0,0,0.0,0,0.0
帅帅-5871,2,1,no_media,0,2,2024-02,0.0,0.0,1.0,0,0.0,0,0.0,0,0.0,0,0.0,1,1.0,0,0.0,0,0.0,0,0.0,0,0.0
师永刚,4,3,no_media,1,4,2022-10,0.0,0.0,1.0,0,0.0,0,0.0,0,0.0,0,0.0,3,1.0,0,0.0,0,0.0,0,0.0,0,0.0
希希68100,8,7,mainstream_only,3,7,2023-03,0.2857142857142857,0.2857142857142857,0.2857142857142857,1,0.14285714285714285,2,0.2857142857142857,0,0.0,2,0.2857142857142857,2,0.2857142857142857,0,0.0,0,0.0,0,0.0,0,0.0
希希希希希崽_,2,1,no_media,0,2,2023-06,0.0,0.0,0.0,0,0.0,0,0.0,0,0.0,0,0.0,0,0.0,0,0.0,0,0.0,0,0.0,1,1.0
希腊中希时报,3,2,no_media,0,3,2023-03,0.0,0.0,1.0,0,0.0,0,0.0,0,0.0,0,0.0,2,1.0,0,0.0,0,0.0,0,0.0,0,0.0
帕亚泰保罗医院,10,9,no_media,0,10,2023-02,0.0,0.0,1.0,0,0.0,0,0.0,0,0.0,0,0.0,9,1.0,0,0.0,0,0.0,0,0.0,0,0.0
带着蒲团去外星,2,1,wemedia_only,3,1,2025-06,0.0,1.0,0.0,0,0.0,1,1.0,0,0.0,0,0.0,0,0.0,0,0.0,0,0.0,0,0.0,0,0.0
常叔游记,2,1,no_media,0,2,2023-03,0.0,0.0,1.0,0,0.0,0,0.0,0,0.0,0,0.0,1,1.0,0,0.0,0,0.0,0,0.0,0,0.0
常州大学陈群滥用职权,2,1,no_media,0,2,2023-02,0.0,0.0,1.0,0,0.0,0,0.0,0,0.0,0,0.0,1,1.0,0,0.0,0,0.0,0,0.0,0,0.0
常州网,10,9,no_media,0,10,2020-10,0.0,0.0,1.0,0,0.0,0,0.0,0,0.0,0,0.0,9,1.0,0,0.0,0,0.0,0,0.0,0,0.0
常斌-健康管理,2,1,no_media,0,2,2023-01,0.0,0.0,1.0,0,0.0,0,0.0,0,0.0,0,0.0,1,1.0,0,0.0,0,0.0,0,0.0,0,0.0
常春中国,2,1,no_media,0,2,2023-03,0.0,1.0,0.0,0,0.0,0,0.0,1,1.0,0,0.0,0,0.0,0,0.0,0,0.0,0,0.0,0,0.0
常炳禄工作室,18,17,no_media,0,11,2023-02,0.0,0.0,1.0,0,0.0,0,0.0,0,0.0,0,0.0,17,1.0,0,0.0,0,0.0,0,0.0,0,0.0
常珠之凝,2,1,no_media,0,2,2024-07,0.0,0.0,1.0,0,0.0,0,0.0,0,0.0,0,0.0,1,1.0,0,0.0,0,0.0,0,0.0,0,0.0
幕后煮屎者AS,2,1,no_media,0,2,2023-04,0.0,0.0,0.0,0,0.0,0,0.0,0,0.0,0,0.0,0,0.0,0,0.0,0,0.0,0,0.0,1,1.0
幫港出聲,2,1,no_media,0,2,2023-02,0.0,0.0,1.0,0,0.0,0,0.0,0,0.0,0,0.0,1,1.0,0,0.0,0,0.0,0,0.0,0,0.0
干啥都嘎嘎行,2,1,no_media,0,2,2023-02,0.0,0.0,0.0,0,0.0,0,0.0,0,0.0,0,0.0,0,0.0,0,0.0,0,0.0,1,1.0,0,0.0
干细胞-王老师,3,2,no_media,0,3,2023-01,0.0,0.0,1.0,0,0.0,0,0.0,0,0.0,0,0.0,2,1.0,0,0.0,0,0.0,0,0.0,0,0.0
干细胞-琦琦,28,27,wemedia_only,1,22,2022-03,0.0,0.0,1.0,0,0.0,0,0.0,0,0.0,0,0.0,27,1.0,0,0.0,0,0.0,0,0.0,0,0.0
干细胞健康指南,8,7,no_media,0,8,2023-02,0.0,0.0,1.0,0,0.0,0,0.0,0,0.0,0,0.0,7,1.0,0,0.0,0,0.0,0,0.0,0,0.0
干细胞精研社,2,1,no_media,0,2,2024-04,0.0,0.0,1.0,0,0.0,0,0.0,0,0.0,0,0.0,1,1.0,0,0.0,0,0.0,0,0.0,0,0.0
平-安-顺-遂2024,2,1,no_media,0,2,2022-12,0.0,0.0,0.0,0,0.0,0,0.0,0,0.0,0,0.0,0,0.0,1,1.0,0,0.0,0,0.0,0,0.0
平和的棕子,2,1,no_media,0,2,2023-11,0.0,0.0,0.0,0,0.0,0,0.0,0,0.0,0,0.0,0,0.0,0,0.0,0,0.0,1,1.0,0,0.0
平城阿伟,3,2,no_media,0,2,2023-02,0.5,0.5,0.0,0,0.0,0,0.0,1,0.5,0,0.0,0,0.0,0,0.0,1,0.5,0,0.0,0,0.0
平安南江,2,1,no_media,0,1,2022-03,0.0,0.0,1.0,0,0.0,0,0.0,0,0.0,0,0.0,1,1.0,0,0.0,0,0.0,0,0.0,0,0.0
平安古蔺,10,9,mainstream_only,1,5,2022-10,0.0,0.0,1.0,0,0.0,0,0.0,0,0.0,0,0.0,9,1.0,0,0.0,0,0.0,0,0.0,0,0.0
平安合江,4,3,mainstream_only,1,4,2023-03,0.0,0.0,1.0,0,0.0,0,0.0,0,0.0,0,0.0,3,1.0,0,0.0,0,0.0,0,0.0,0,0.0
平安商丘,12,11,no_media,0,11,2021-02,0.0,0.0,1.0,0,0.0,0,0.0,0,0.0,0,0.0,11,1.0,0,0.0,0,0.0,0,0.0,0,0.0
平安固原,4,3,no_media,0,4,2023-02,0.0,0.0,1.0,0,0.0,0,0.0,0,0.0,0,0.0,3,1.0,0,0.0,0,0.0,0,0.0,0,0.0
平安大竹,2,1,mainstream_only,2,2,2023-02,0.0,0.0,1.0,0,0.0,0,0.0,0,0.0,0,0.0,1,1.0,0,0.0,0,0.0,0,0.0,0,0.0
平安天津滨海,2,1,mainstream_only,1,2,2020-03,0.0,0.0,1.0,0,0.0,0,0.0,0,0.0,0,0.0,1,1.0,0,0.0,0,0.0,0,0.0,0,0.0
平安安州,6,5,no_media,0,3,2022-07,0.0,0.0,1.0,0,0.0,0,0.0,0,0.0,0,0.0,5,1.0,0,0.0,0,0.0,0,0.0,0,0.0
平安小店,2,1,no_media,0,2,2022-03,0.0,0.0,1.0,0,0.0,0,0.0,0,0.0,0,0.0,1,1.0,0,0.0,0,0.0,0,0.0,0,0.0
平安无锡,3,2,no_media,0,3,2023-03,0.0,0.0,1.0,0,0.0,0,0.0,0,0.0,0,0.0,2,1.0,0,0.0,0,0.0,0,0.0,0,0.0
平安曲靖,3,2,mainstream_only,7,2,2022-12,0.0,0.0,1.0,0,0.0,0,0.0,0,0.0,0,0.0,2,1.0,0,0.0,0,0.0,0,0.0,0,0.0
平安江阳,7,6,mainstream_only,6,6,2020-03,0.0,0.0,1.0,0,0.0,0,0.0,0,0.0,0,0.0,6,1.0,0,0.0,0,0.0,0,0.0,0,0.0
平安泸县,2,1,mainstream_only,1,2,2022-10,0.0,0.0,1.0,0,0.0,0,0.0,0,0.0,0,0.0,1,1.0,0,0.0,0,0.0,0,0.0,0,0.0
平安泸州,2,1,mainstream_only,1,2,2023-02,0.0,0.0,1.0,0,0.0,0,0.0,0,0.0,0,0.0,1,1.0,0,0.0,0,0.0,0,0.0,0,0.0
平安温州,29,28,mainstream_only,1,22,2020-05,0.0,0.0,1.0,0,0.0,0,0.0,0,0.0,0,0.0,28,1.0,0,0.0,0,0.0,0,0.0,0,0.0
平安盐源,2,1,mainstream_only,1,2,2025-05,0.0,0.0,1.0,0,0.0,0,0.0,0,0.0,0,0.0,1,1.0,0,0.0,0,0.0,0,0.0,0,0.0
平安纳溪,3,2,mainstream_only,4,3,2020-03,0.0,0.0,1.0,0,0.0,0,0.0,0,0.0,0,0.0,2,1.0,0,0.0,0,0.0,0,0.0,0,0.0
平安绵阳,12,11,mainstream_only,11,10,2022-03,0.0,0.0,1.0,0,0.0,0,0.0,0,0.0,0,0.0,11,1.0,0,0.0,0,0.0,0,0.0,0,0.0
平安金阳,3,2,no_media,0,3,2023-01,0.0,0.0,1.0,0,0.0,0,0.0,0,0.0,0,0.0,2,1.0,0,0.0,0,0.0,0,0.0,0,0.0
平平安安的呢,2,1,no_media,2,2,2023-05,0.0,0.0,0.0,0,0.0,0,0.0,0,0.0,0,0.0,0,0.0,1,1.0,0,0.0,0,0.0,0,0.0
平日照相館,2,1,no_media,0,2,2023-04,0.0,0.0,1.0,0,0.0,0,0.0,0,0.0,0,0.0,1,1.0,0,0.0,0,0.0,0,0.0,0,0.0
平民百姓2013_67533,2,1,no_media,0,2,2023-07,0.0,0.0,0.0,0,0.0,0,0.0,0,0.0,0,0.0,0,0.0,0,0.0,0,0.0,0,0.0,1,1.0
平淡的阿姨,4,3,no_media,0,3,2023-02,0.0,0.0,0.3333333333333333,0,0.0,0,0.0,0,0.0,0,0.0,1,0.3333333333333333,1,0.3333333333333333,0,0.0,1,0.3333333333333333,0,0.0
平淡而热爱,3,2,no_media,0,3,2023-04,0.0,0.0,0.0,0,0.0,0,0.0,0,0.0,0,0.0,0,0.0,0,0.0,0,0.0,1,0.5,1,0.5
平邑融媒,2,1,no_media,0,2,2025-05,0.0,0.0,1.0,0,0.0,0,0.0,0,0.0,0,0.0,1,1.0,0,0.0,0,0.0,0,0.0,0,0.0
平顶山日报,4,3,no_media,0,4,2021-03,0.0,0.0,1.0,0,0.0,0,0.0,0,0.0,0,0.0,3,1.0,0,0.0,0,0.0,0,0.0,0,0.0
年少的陪伴,3,2,mainstream_only,4,3,2023-09,0.0,0.0,0.0,0,0.0,0,0.0,0,0.0,0,0.0,0,0.0,1,0.5,0,0.0,1,0.5,0,0.0
年画房子,2,1,no_media,0,2,2022-12,0.0,0.0,1.0,0,0.0,0,0.0,0,0.0,0,0.0,1,1.0,0,0.0,0,0.0,0,0.0,0,0.0
年纪大了也要上进,2,1,no_media,0,2,2023-07,0.0,0.0,0.0,1,1.0,0,0.0,0,0.0,0,0.0,0,0.0,0,0.0,0,0.0,0,0.0,0,0.0
并不软的软喵子,3,2,no_media,0,2,2023-02,0.5,0.0,0.0,0,0.0,0,0.0,0,0.0,0,0.0,0,0.0,0,0.0,1,0.5,0,0.0,1,0.5
幸福TU味道,2,1,no_media,0,2,2024-03,0.0,0.0,1.0,0,0.0,0,0.0,0,0.0,0,0.0,1,1.0,0,0.0,0,0.0,0,0.0,0,0.0
幸福平安如愿如意常一二,2,1,no_media,0,2,2021-11,0.0,0.0,1.0,0,0.0,0,0.0,0,0.0,0,0.0,1,1.0,0,0.0,0,0.0,0,0.0,0,0.0
幸福春天_空灵,2,1,wemedia_only,11,2,2023-04,0.0,1.0,0.0,0,0.0,1,1.0,0,0.0,0,0.0,0,0.0,0,0.0,0,0.0,0,0.0,0,0.0
幸福科达琳官方微博,5,4,no_media,0,5,2023-02,0.0,0.0,1.0,0,0.0,0,0.0,0,0.0,0,0.0,4,1.0,0,0.0,0,0.0,0,0.0,0,0.0
幸福能量疗愈体系创始人_赵馨,14,13,wemedia_only,1,13,2023-03,0.0,0.0,0.8461538461538461,0,0.0,0,0.0,0,0.0,0,0.0,11,0.8461538461538461,1,0.07692307692307693,0,0.0,1,0.07692307692307693,0,0.0
幸而妤宣,3,2,no_media,0,3,2023-05,0.0,0.0,1.0,0,0.0,0,0.0,0,0.0,0,0.0,2,1.0,0,0.0,0,0.0,0,0.0,0,0.0
幸运宝贝Evelyn,2,1,no_media,0,2,2023-02,0.0,1.0,0.0,0,0.0,0,0.0,1,1.0,0,0.0,0,0.0,0,0.0,0,0.0,0,0.0,0,0.0
幸运的小五上海,2,1,no_media,2,2,2024-02,1.0,0.0,0.0,0,0.0,0,0.0,0,0.0,1,1.0,0,0.0,0,0.0,0,0.0,0,0.0,0,0.0
幸运的小面包子,2,1,no_media,1,2,2023-02,0.0,0.0,0.0,0,0.0,0,0.0,0,0.0,0,0.0,0,0.0,0,0.0,0,0.0,0,0.0,1,1.0
幸运的行者_,2,1,no_media,9,2,2024-01,0.0,0.0,1.0,0,0.0,0,0.0,0,0.0,0,0.0,1,1.0,0,0.0,0,0.0,0,0.0,0,0.0
幻世枯魂,2,1,no_media,0,2,2024-05,0.0,0.0,0.0,1,1.0,0,0.0,0,0.0,0,0.0,0,0.0,0,0.0,0,0.0,0,0.0,0,0.0
幻想家春日田野,2,1,no_media,1,2,2023-03,0.0,1.0,0.0,0,0.0,1,1.0,0,0.0,0,0.0,0,0.0,0,0.0,0,0.0,0,0.0,0,0.0
幻想生态保护研究会,2,1,wemedia_only,1,2,2022-12,1.0,0.0,0.0,0,0.0,0,0.0,0,0.0,1,1.0,0,0.0,0,0.0,0,0.0,0,0.0,0,0.0
幼稚园熊电工,2,1,no_media,0,2,2024-03,0.0,1.0,0.0,0,0.0,0,0.0,1,1.0,0,0.0,0,0.0,0,0.0,0,0.0,0,0.0,0,0.0
幽冥剑,2,1,mainstream_only,3,2,2023-08,0.0,0.0,1.0,0,0.0,0,0.0,0,0.0,0,0.0,1,1.0,0,0.0,0,0.0,0,0.0,0,0.0
幽并游侠儿1,2,1,no_media,0,2,2022-12,1.0,0.0,0.0,0,0.0,0,0.0,0,0.0,1,1.0,0,0.0,0,0.0,0,0.0,0,0.0,0,0.0
幽幽紫了夏,7,6,no_media,0,7,2023-02,0.16666666666666666,0.16666666666666666,0.0,0,0.0,0,0.0,1,0.16666666666666666,0,0.0,0,0.0,0,0.0,1,0.16666666666666666,0,0.0,4,0.6666666666666666
幽灵猫档案,3,2,no_media,0,3,2023-03,0.0,0.0,1.0,0,0.0,0,0.0,0,0.0,0,0.0,2,1.0,0,0.0,0,0.0,0,0.0,0,0.0
幽灵蛞蝓君,2,1,no_media,2,2,2023-06,0.0,1.0,0.0,0,0.0,1,1.0,0,0.0,0,0.0,0,0.0,0,0.0,0,0.0,0,0.0,0,0.0
广东公安,2,1,no_media,0,2,2023-03,0.0,0.0,1.0,0,0.0,0,0.0,0,0.0,0,0.0,1,1.0,0,0.0,0,0.0,0,0.0,0,0.0
广东卫康虫害管理专家,2,1,no_media,0,2,2023-11,0.0,0.0,1.0,0,0.0,0,0.0,0,0.0,0,0.0,1,1.0,0,0.0,0,0.0,0,0.0,0,0.0
广东反邪教,4,3,mainstream_only,1,4,2020-03,0.0,0.0,1.0,0,0.0,0,0.0,0,0.0,0,0.0,3,1.0,0,0.0,0,0.0,0,0.0,0,0.0
广东台触电新闻,21,20,no_media,0,20,2020-03,0.0,0.0,1.0,0,0.0,0,0.0,0,0.0,0,0.0,20,1.0,0,0.0,0,0.0,0,0.0,0,0.0
广东天气,3,2,mainstream_only,3,3,2021-11,0.0,0.0,1.0,0,0.0,0,0.0,0,0.0,0,0.0,2,1.0,0,0.0,0,0.0,0,0.0,0,0.0
广东工会,2,1,no_media,0,2,2023-02,0.0,0.0,1.0,0,0.0,0,0.0,0,0.0,0,0.0,1,1.0,0,0.0,0,0.0,0,0.0,0,0.0
广东广播电视台,4,3,no_media,0,3,2023-03,0.0,0.0,1.0,0,0.0,0,0.0,0,0.0,0,0.0,3,1.0,0,0.0,0,0.0,0,0.0,0,0.0
广东广播电视台城市之声,8,7,no_media,0,7,2022-10,0.0,0.0,1.0,0,0.0,0,0.0,0,0.0,0,0.0,7,1.0,0,0.0,0,0.0,0,0.0,0,0.0
广东新闻广播,2,1,no_media,0,2,2023-02,0.0,0.0,1.0,0,0.0,0,0.0,0,0.0,0,0.0,1,1.0,0,0.0,0,0.0,0,0.0,0,0.0
广东新闻联播,20,19,no_media,0,16,2021-08,0.0,0.0,1.0,0,0.0,0,0.0,0,0.0,0,0.0,19,1.0,0,0.0,0,0.0,0,0.0,0,0.0
广东科普,4,3,no_media,0,4,2023-02,0.0,0.0,1.0,0,0.0,0,0.0,0,0.0,0,0.0,3,1.0,0,0.0,0,0.0,0,0.0,0,0.0
广东阿杰粤,3,2,no_media,0,2,2023-05,0.0,0.0,1.0,0,0.0,0,0.0,0,0.0,0,0.0,2,1.0,0,0.0,0,0.0,0,0.0,0,0.0
广中医深圳医院,3,2,no_media,0,3,2023-05,0.0,0.0,1.0,0,0.0,0,0.0,0,0.0,0,0.0,2,1.0,0,0.0,0,0.0,0,0.0,0,0.0
广元女儿美,2,1,mainstream_only,2,2,2021-11,0.0,0.0,1.0,0,0.0,0,0.0,0,0.0,0,0.0,1,1.0,0,0.0,0,0.0,0,0.0,0,0.0
广州一尘子,3,2,no_media,3,1,2023-02,0.0,0.0,1.0,0,0.0,0,0.0,0,0.0,0,0.0,2,1.0,0,0.0,0,0.0,0,0.0,0,0.0
广州南沙发布,3,2,no_media,0,3,2023-05,0.5,0.0,0.0,1,0.5,0,0.0,0,0.0,1,0.5,0,0.0,0,0.0,0,0.0,0,0.0,0,0.0
广州卫健委,2,1,no_media,0,2,2023-02,0.0,0.0,1.0,0,0.0,0,0.0,0,0.0,0,0.0,1,1.0,0,0.0,0,0.0,0,0.0,0,0.0
广州市番禺区融媒体中心,6,5,no_media,0,6,2023-02,0.0,0.0,1.0,0,0.0,0,0.0,0,0.0,0,0.0,5,1.0,0,0.0,0,0.0,0,0.0,0,0.0
广州新闻电台FM962,2,1,no_media,0,2,2020-12,0.0,1.0,0.0,0,0.0,1,1.0,0,0.0,0,0.0,0,0.0,0,0.0,0,0.0,0,0.0,0,0.0
广州日报,4,3,no_media,0,3,2024-02,0.3333333333333333,0.3333333333333333,0.3333333333333333,0,0.0,1,0.3333333333333333,0,0.0,1,0.3333333333333333,1,0.3333333333333333,0,0.0,0,0.0,0,0.0,0,0.0
广州校园,6,5,no_media,0,5,2020-05,0.0,0.0,1.0,0,0.0,0,0.0,0,0.0,0,0.0,5,1.0,0,0.0,0,0.0,0,0.0,0,0.0
广州检察,4,3,no_media,0,4,2022-10,0.0,0.0,1.0,0,0.0,0,0.0,0,0.0,0,0.0,3,1.0,0,0.0,0,0.0,0,0.0,0,0.0
广州狠美,2,1,no_media,0,2,2023-04,0.0,0.0,1.0,0,0.0,0,0.0,0,0.0,0,0.0,1,1.0,0,0.0,0,0.0,0,0.0,0,0.0
广州花都发布,2,1,no_media,0,2,2022-10,0.0,0.0,1.0,0,0.0,0,0.0,0,0.0,0,0.0,1,1.0,0,0.0,0,0.0,0,0.0,0,0.0
广州铁路,12,11,no_media,0,11,2020-03,0.0,0.0,1.0,0,0.0,0,0.0,0,0.0,0,0.0,11,1.0,0,0.0,0,0.0,0,0.0,0,0.0
广州黄埔发布,2,1,no_media,0,2,2023-02,0.0,0.0,1.0,0,0.0,0,0.0,0,0.0,0,0.0,1,1.0,0,0.0,0,0.0,0,0.0,0,0.0
广德市人民政府发布,2,1,no_media,0,2,2023-02,0.0,0.0,1.0,0,0.0,0,0.0,0,0.0,0,0.0,1,1.0,0,0.0,0,0.0,0,0.0,0,0.0
广文2009,2,1,no_media,0,2,2024-01,0.0,0.0,1.0,0,0.0,0,0.0,0,0.0,0,0.0,1,1.0,0,0.0,0,0.0,0,0.0,0,0.0
广汉融媒,2,1,no_media,0,2,2022-10,0.0,0.0,1.0,0,0.0,0,0.0,0,0.0,0,0.0,1,1.0,0,0.0,0,0.0,0,0.0,0,0.0
广西反邪教,10,9,no_media,0,10,2022-03,0.1111111111111111,0.1111111111111111,0.7777777777777778,0,0.0,1,0.1111111111111111,0,0.0,1,0.1111111111111111,7,0.7777777777777778,0,0.0,0,0.0,0,0.0,0,0.0
广西壮族自治区人民医院,2,1,no_media,0,2,2023-03,0.0,0.0,1.0,0,0.0,0,0.0,0,0.0,0,0.0,1,1.0,0,0.0,0,0.0,0,0.0,0,0.0
广西头条NEWS,8,7,no_media,0,5,2022-12,0.0,0.0,1.0,0,0.0,0,0.0,0,0.0,0,0.0,7,1.0,0,0.0,0,0.0,0,0.0,0,0.0
广西新闻网,10,9,no_media,0,7,2020-03,0.0,0.0,1.0,0,0.0,0,0.0,0,0.0,0,0.0,9,1.0,0,0.0,0,0.0,0,0.0,0,0.0
广西日报,12,11,no_media,0,12,2020-04,0.0,0.0,1.0,0,0.0,0,0.0,0,0.0,0,0.0,11,1.0,0,0.0,0,0.0,0,0.0,0,0.0
广西都市频道,2,1,no_media,0,2,2022-12,0.0,0.0,1.0,0,0.0,0,0.0,0,0.0,0,0.0,1,1.0,0,0.0,0,0.0,0,0.0,0,0.0
广西金嗓子官方微博,2,1,no_media,0,2,2023-02,0.0,0.0,1.0,0,0.0,0,0.0,0,0.0,0,0.0,1,1.0,0,0.0,0,0.0,0,0.0,0,0.0
庄家财经,2,1,no_media,0,2,2024-07,0.0,0.0,1.0,0,0.0,0,0.0,0,0.0,0,0.0,1,1.0,0,0.0,0,0.0,0,0.0,0,0.0
庄志明律师,2,1,no_media,0,2,2023-04,0.0,0.0,0.0,0,0.0,0,0.0,0,0.0,0,0.0,0,0.0,1,1.0,0,0.0,0,0.0,0,0.0
庄时利和,7,6,no_media,1,7,2025-03,0.0,0.0,1.0,0,0.0,0,0.0,0,0.0,0,0.0,6,1.0,0,0.0,0,0.0,0,0.0,0,0.0
庄里微,2,1,no_media,0,2,2023-05,0.0,0.0,1.0,0,0.0,0,0.0,0,0.0,0,0.0,1,1.0,0,0.0,0,0.0,0,0.0,0,0.0
庆阳心,2,1,wemedia_only,1,2,2023-03,0.0,0.0,1.0,0,0.0,0,0.0,0,0.0,0,0.0,1,1.0,0,0.0,0,0.0,0,0.0,0,0.0
庐阳正道,3,2,mainstream_only,5,2,2020-03,0.0,0.0,1.0,0,0.0,0,0.0,0,0.0,0,0.0,2,1.0,0,0.0,0,0.0,0,0.0,0,0.0
庐陵启程,2,1,no_media,0,2,2023-11,0.0,1.0,0.0,0,0.0,1,1.0,0,0.0,0,0.0,0,0.0,0,0.0,0,0.0,0,0.0,0,0.0
库珀太太,2,1,no_media,0,2,2023-02,1.0,0.0,0.0,0,0.0,0,0.0,0,0.0,1,1.0,0,0.0,0,0.0,0,0.0,0,0.0,0,0.0
应急医学小助手,5,4,no_media,0,5,2023-07,0.5,0.25,0.25,0,0.0,1,0.25,0,0.0,2,0.5,1,0.25,0,0.0,0,0.0,0,0.0,0,0.0
庚白星君,25,24,no_media,0,24,2023-02,0.125,0.125,0.7083333333333334,1,0.041666666666666664,3,0.125,0,0.0,3,0.125,17,0.7083333333333334,0,0.0,0,0.0,0,0.0,0,0.0
庞亚辉的海阔天空,3,2,no_media,3,3,2023-09,0.0,0.0,1.0,0,0.0,0,0.0,0,0.0,0,0.0,2,1.0,0,0.0,0,0.0,0,0.0,0,0.0
废柴子_腿部磨爪爱撞门的李叨叨,2,1,no_media,0,2,2023-03,0.0,0.0,0.0,1,1.0,0,0.0,0,0.0,0,0.0,0,0.0,0,0.0,0,0.0,0,0.0,0,0.0
度假活,2,1,no_media,2,2,2024-11,1.0,0.0,0.0,0,0.0,0,0.0,0,0.0,1,1.0,0,0.0,0,0.0,0,0.0,0,0.0,0,0.0
度烬Dodo,2,1,no_media,0,2,2023-05,0.0,0.0,0.0,0,0.0,0,0.0,0,0.0,0,0.0,0,0.0,0,0.0,0,0.0,1,1.0,0,0.0
庭芳葳蕤,3,2,no_media,0,3,2023-08,0.0,0.5,0.0,1,0.5,0,0.0,1,0.5,0,0.0,0,0.0,0,0.0,0,0.0,0,0.0,0,0.0
康复博士卫双囍,2,1,no_media,0,2,2023-08,1.0,0.0,0.0,0,0.0,0,0.0,0,0.0,1,1.0,0,0.0,0,0.0,0,0.0,0,0.0,0,0.0
康复高压氧王泳医生,6,5,no_media,0,6,2023-06,0.0,0.0,1.0,0,0.0,0,0.0,0,0.0,0,0.0,5,1.0,0,0.0,0,0.0,0,0.0,0,0.0
康大夫-悟道中医,28,27,no_media,1,25,2023-02,0.14814814814814814,0.14814814814814814,0.6666666666666666,1,0.037037037037037035,4,0.14814814814814814,0,0.0,4,0.14814814814814814,18,0.6666666666666666,0,0.0,0,0.0,0,0.0,0,0.0
康巴什发布,11,10,mainstream_only,4,10,2022-10,0.0,0.0,1.0,0,0.0,0,0.0,0,0.0,0,0.0,10,1.0,0,0.0,0,0.0,0,0.0,0,0.0
康斯坦丁,2,1,no_media,0,2,2020-11,0.0,0.0,1.0,0,0.0,0,0.0,0,0.0,0,0.0,1,1.0,0,0.0,0,0.0,0,0.0,0,0.0
康源伍行健康管理,3,2,no_media,0,3,2023-04,0.0,0.0,1.0,0,0.0,0,0.0,0,0.0,0,0.0,2,1.0,0,0.0,0,0.0,0,0.0,0,0.0
康米姑娘,3,2,no_media,0,3,2023-07,0.5,0.5,0.0,0,0.0,0,0.0,1,0.5,0,0.0,0,0.0,0,0.0,1,0.5,0,0.0,0,0.0
康缪森,6,5,no_media,1,3,2023-11,0.4,0.4,0.0,1,0.2,2,0.4,0,0.0,2,0.4,0,0.0,0,0.0,0,0.0,0,0.0,0,0.0
康迅网,12,11,no_media,0,12,2022-05,0.0,0.0,1.0,0,0.0,0,0.0,0,0.0,0,0.0,11,1.0,0,0.0,0,0.0,0,0.0,0,0.0
康麦斯官方微博,3,2,no_media,0,3,2020-11,0.0,0.0,1.0,0,0.0,0,0.0,0,0.0,0,0.0,2,1.0,0,0.0,0,0.0,0,0.0,0,0.0
廊坊师范学院微博协会,2,1,no_media,0,2,2023-02,0.0,0.0,1.0,0,0.0,0,0.0,0,0.0,0,0.0,1,1.0,0,0.0,0,0.0,0,0.0,0,0.0
廊坊政务,4,3,no_media,0,4,2023-05,0.0,0.0,1.0,0,0.0,0,0.0,0,0.0,0,0.0,3,1.0,0,0.0,0,0.0,0,0.0,0,0.0
廖小利,2,1,no_media,1,2,2023-02,0.0,0.0,1.0,0,0.0,0,0.0,0,0.0,0,0.0,1,1.0,0,0.0,0,0.0,0,0.0,0,0.0
延安检察,4,3,no_media,0,3,2020-03,0.0,0.0,1.0,0,0.0,0,0.0,0,0.0,0,0.0,3,1.0,0,0.0,0,0.0,0,0.0,0,0.0
延长检察,3,2,no_media,0,3,2020-05,0.0,0.0,1.0,0,0.0,0,0.0,0,0.0,0,0.0,2,1.0,0,0.0,0,0.0,0,0.0,0,0.0
延长法院,4,3,mainstream_only,3,4,2022-01,0.0,0.0,1.0,0,0.0,0,0.0,0,0.0,0,0.0,3,1.0,0,0.0,0,0.0,0,0.0,0,0.0
建邺播报,2,1,no_media,0,2,2023-04,0.0,0.0,1.0,0,0.0,0,0.0,0,0.0,0,0.0,1,1.0,0,0.0,0,0.0,0,0.0,0,0.0
廿小萌,2,1,no_media,0,2,2023-07,0.0,0.0,0.0,1,1.0,0,0.0,0,0.0,0,0.0,0,0.0,0,0.0,0,0.0,0,0.0,0,0.0
开佳开佳,2,1,no_media,0,2,2023-11,0.0,0.0,1.0,0,0.0,0,0.0,0,0.0,0,0.0,1,1.0,0,0.0,0,0.0,0,0.0,0,0.0
开心长寿幸福人,2,1,no_media,0,2,2023-05,0.0,0.0,1.0,0,0.0,0,0.0,0,0.0,0,0.0,1,1.0,0,0.0,0,0.0,0,0.0,0,0.0
开水族馆的生物男,4,3,no_media,3,4,2023-05,0.3333333333333333,0.0,0.6666666666666666,0,0.0,0,0.0,0,0.0,1,0.3333333333333333,2,0.6666666666666666,0,0.0,0,0.0,0,0.0,0,0.0
开疆扩土特狼普,30,29,wemedia_only,21,26,2023-05,0.20689655172413793,0.2413793103448276,0.41379310344827586,0,0.0,7,0.2413793103448276,0,0.0,5,0.1724137931034483,12,0.41379310344827586,3,0.10344827586206896,1,0.034482758620689655,1,0.034482758620689655,0,0.0
开车看白云,3,2,no_media,3,1,2023-02,0.0,0.0,1.0,0,0.0,0,0.0,0,0.0,0,0.0,2,1.0,0,0.0,0,0.0,0,0.0,0,0.0
开阳县检察院,2,1,mainstream_only,6,1,2022-12,0.0,0.0,1.0,0,0.0,0,0.0,0,0.0,0,0.0,1,1.0,0,0.0,0,0.0,0,0.0,0,0.0
异想后天开,4,3,no_media,0,4,2024-07,0.0,0.0,0.3333333333333333,0,0.0,0,0.0,0,0.0,0,0.0,1,0.3333333333333333,1,0.3333333333333333,0,0.0,1,0.3333333333333333,0,0.0
弋瑶姥姥,2,1,no_media,0,2,2023-03,0.0,0.0,0.0,0,0.0,0,0.0,0,0.0,0,0.0,0,0.0,0,0.0,0,0.0,0,0.0,1,1.0
弓先声,5,4,no_media,0,5,2024-03,0.0,0.0,0.0,0,0.0,0,0.0,0,0.0,0,0.0,0,0.0,1,0.25,0,0.0,1,0.25,2,0.5
弓长御徳之软肋,2,1,no_media,2,2,2023-05,0.0,1.0,0.0,0,0.0,1,1.0,0,0.0,0,0.0,0,0.0,0,0.0,0,0.0,0,0.0,0,0.0
弘爱讲糖,2,1,no_media,0,2,2023-02,0.0,0.0,1.0,0,0.0,0,0.0,0,0.0,0,0.0,1,1.0,0,0.0,0,0.0,0,0.0,0,0.0
张云偑,2,1,no_media,0,1,2023-07,0.0,0.0,1.0,0,0.0,0,0.0,0,0.0,0,0.0,1,1.0,0,0.0,0,0.0,0,0.0,0,0.0
张作风流行病学教授UCLA,59,58,no_media,13,43,2022-09,0.0,0.0,1.0,0,0.0,0,0.0,0,0.0,0,0.0,58,1.0,0,0.0,0,0.0,0,0.0,0,0.0
张俊扬导演,2,1,no_media,0,2,2023-10,1.0,0.0,0.0,0,0.0,0,0.0,0,0.0,1,1.0,0,0.0,0,0.0,0,0.0,0,0.0,0,0.0
张元英公主护卫班班长,3,2,no_media,0,3,2023-08,0.0,0.0,1.0,0,0.0,0,0.0,0,0.0,0,0.0,2,1.0,0,0.0,0,0.0,0,0.0,0,0.0
张兽医-长居广州,2,1,no_media,1,2,2023-03,0.0,1.0,0.0,0,0.0,1,1.0,0,0.0,0,0.0,0,0.0,0,0.0,0,0.0,0,0.0,0,0.0
张利成都,8,7,mainstream_only,8,6,2023-02,0.14285714285714285,0.0,0.8571428571428571,0,0.0,0,0.0,0,0.0,1,0.14285714285714285,6,0.8571428571428571,0,0.0,0,0.0,0,0.0,0,0.0
张友平医生,31,30,no_media,0,26,2023-02,0.03333333333333333,0.0,0.9666666666666667,0,0.0,0,0.0,0,0.0,1,0.03333333333333333,29,0.9666666666666667,0,0.0,0,0.0,0,0.0,0,0.0
张向东营养师,3,2,no_media,0,3,2023-03,0.0,0.0,1.0,0,0.0,0,0.0,0,0.0,0,0.0,2,1.0,0,0.0,0,0.0,0,0.0,0,0.0
张嘉森_杠杆哥,5,4,no_media,0,5,2023-02,0.0,0.0,0.75,0,0.0,0,0.0,0,0.0,0,0.0,3,0.75,1,0.25,0,0.0,0,0.0,0,0.0
张国庆看天下,10,9,dual,10,10,2023-01,0.1111111111111111,0.1111111111111111,0.5555555555555556,0,0.0,1,0.1111111111111111,0,0.0,1,0.1111111111111111,5,0.5555555555555556,1,0.1111111111111111,0,0.0,1,0.1111111111111111,0,0.0
张天英tiry,2,1,no_media,2,2,2023-02,0.0,1.0,0.0,0,0.0,1,1.0,0,0.0,0,0.0,0,0.0,0,0.0,0,0.0,0,0.0,0,0.0
张子钿,3,2,no_media,1,3,2020-03,0.0,0.0,1.0,0,0.0,0,0.0,0,0.0,0,0.0,2,1.0,0,0.0,0,0.0,0,0.0,0,0.0
张宇中医小儿推拿,3,2,no_media,0,3,2023-07,0.0,0.5,0.0,1,0.5,1,0.5,0,0.0,0,0.0,0,0.0,0,0.0,0,0.0,0,0.0,0,0.0
张小寨,2,1,no_media,0,2,2023-03,0.0,0.0,1.0,0,0.0,0,0.0,0,0.0,0,0.0,1,1.0,0,0.0,0,0.0,0,0.0,0,0.0
张小豆_冠声,2,1,no_media,0,2,2023-05,0.0,0.0,0.0,0,0.0,0,0.0,0,0.0,0,0.0,0,0.0,1,1.0,0,0.0,0,0.0,0,0.0
张弓惊,2,1,no_media,0,1,2020-03,1.0,0.0,0.0,0,0.0,0,0.0,0,0.0,1,1.0,0,0.0,0,0.0,0,0.0,0,0.0,0,0.0
张张科普健康,24,23,no_media,3,23,2024-01,0.17391304347826086,0.17391304347826086,0.6086956521739131,0,0.0,3,0.13043478260869565,1,0.043478260869565216,4,0.17391304347826086,14,0.6086956521739131,0,0.0,0,0.0,1,0.043478260869565216,0,0.0
张忆安-龙战于野,4,3,no_media,3,4,2020-11,0.3333333333333333,0.3333333333333333,0.0,1,0.3333333333333333,1,0.3333333333333333,0,0.0,1,0.3333333333333333,0,0.0,0,0.0,0,0.0,0,0.0,0,0.0
张忠民悦己,4,3,no_media,0,4,2023-02,0.0,0.0,1.0,0,0.0,0,0.0,0,0.0,0,0.0,3,1.0,0,0.0,0,0.0,0,0.0,0,0.0
张摸摸,9,8,no_media,0,8,2023-06,0.0,0.0,1.0,0,0.0,0,0.0,0,0.0,0,0.0,8,1.0,0,0.0,0,0.0,0,0.0,0,0.0
张斐的百合诗亭,2,1,no_media,0,1,2022-12,0.0,0.0,1.0,0,0.0,0,0.0,0,0.0,0,0.0,1,1.0,0,0.0,0,0.0,0,0.0,0,0.0
张晏华2011,2,1,no_media,0,2,2023-02,0.0,0.0,1.0,0,0.0,0,0.0,0,0.0,0,0.0,1,1.0,0,0.0,0,0.0,0,0.0,0,0.0
张栋伟实战大学生创业,4,3,no_media,0,4,2024-07,0.0,0.0,1.0,0,0.0,0,0.0,0,0.0,0,0.0,3,1.0,0,0.0,0,0.0,0,0.0,0,0.0
张水水,3,2,no_media,0,3,2023-07,0.0,0.0,1.0,0,0.0,0,0.0,0,0.0,0,0.0,2,1.0,0,0.0,0,0.0,0,0.0,0,0.0
张永振2001,2,1,no_media,0,2,2023-08,0.0,0.0,1.0,0,0.0,0,0.0,0,0.0,0,0.0,1,1.0,0,0.0,0,0.0,0,0.0,0,0.0
张江高科技园区,4,3,no_media,0,4,2023-02,0.0,0.0,1.0,0,0.0,0,0.0,0,0.0,0,0.0,3,1.0,0,0.0,0,0.0,0,0.0,0,0.0
张继峰_吉林中医,4,3,no_media,0,4,2023-12,0.0,0.3333333333333333,0.6666666666666666,0,0.0,1,0.3333333333333333,0,0.0,0,0.0,2,0.6666666666666666,0,0.0,0,0.0,0,0.0,0,0.0
张胜军,6,5,no_media,2,5,2020-03,0.0,0.0,1.0,0,0.0,0,0.0,0,0.0,0,0.0,5,1.0,0,0.0,0,0.0,0,0.0,0,0.0
张辛欣,2,1,no_media,0,2,2023-06,0.0,0.0,1.0,0,0.0,0,0.0,0,0.0,0,0.0,1,1.0,0,0.0,0,0.0,0,0.0,0,0.0
张金羽,2,1,no_media,0,2,2023-03,0.0,0.0,1.0,0,0.0,0,0.0,0,0.0,0,0.0,1,1.0,0,0.0,0,0.0,0,0.0,0,0.0
张金金kkk,2,1,no_media,0,1,2022-12,1.0,0.0,0.0,0,0.0,0,0.0,0,0.0,1,1.0,0,0.0,0,0.0,0,0.0,0,0.0,0,0.0
张铭洺m,2,1,wemedia_only,2,2,2023-11,0.0,0.0,1.0,0,0.0,0,0.0,0,0.0,0,0.0,1,1.0,0,0.0,0,0.0,0,0.0,0,0.0
张靖平,3,2,no_media,0,3,2023-05,0.5,0.5,0.0,0,0.0,1,0.5,0,0.0,1,0.5,0,0.0,0,0.0,0,0.0,0,0.0,0,0.0
张颐武,3,2,mainstream_only,3,3,2021-08,0.0,0.5,0.5,0,0.0,1,0.5,0,0.0,0,0.0,1,0.5,0,0.0,0,0.0,0,0.0,0,0.0
张鹏养生说,2,1,no_media,0,2,2023-05,0.0,0.0,1.0,0,0.0,0,0.0,0,0.0,0,0.0,1,1.0,0,0.0,0,0.0,0,0.0,0,0.0
弦维者,5,4,no_media,1,5,2023-02,0.25,0.25,0.0,2,0.5,1,0.25,0,0.0,1,0.25,0,0.0,0,0.0,0,0.0,0,0.0,0,0.0
强势特种兵,2,1,no_media,0,2,2023-04,0.0,0.0,1.0,0,0.0,0,0.0,0,0.0,0,0.0,1,1.0,0,0.0,0,0.0,0,0.0,0,0.0
强吻小猫咪,6,5,mainstream_only,2,6,2023-03,0.4,0.4,0.0,1,0.2,1,0.2,1,0.2,1,0.2,0,0.0,0,0.0,1,0.2,0,0.0,0,0.0
强度榜,2,1,no_media,0,2,2023-12,0.0,0.0,1.0,0,0.0,0,0.0,0,0.0,0,0.0,1,1.0,0,0.0,0,0.0,0,0.0,0,0.0
强手堂,2,1,no_media,0,2,2023-02,0.0,0.0,0.0,0,0.0,0,0.0,0,0.0,0,0.0,0,0.0,1,1.0,0,0.0,0,0.0,0,0.0
强直性脊柱炎会治愈了,3,2,no_media,0,2,2023-04,0.0,0.0,1.0,0,0.0,0,0.0,0,0.0,0,0.0,2,1.0,0,0.0,0,0.0,0,0.0,0,0.0
归港老船,4,3,mainstream_only,2,4,2023-06,0.0,0.0,0.6666666666666666,0,0.0,0,0.0,0,0.0,0,0.0,2,0.6666666666666666,1,0.3333333333333333,0,0.0,0,0.0,0,0.0
当代生活报,12,11,no_media,0,10,2020-03,0.0,0.0,1.0,0,0.0,0,0.0,0,0.0,0,0.0,11,1.0,0,0.0,0,0.0,0,0.0,0,0.0
当代育儿家,4,3,no_media,0,4,2023-11,0.0,0.0,1.0,0,0.0,0,0.0,0,0.0,0,0.0,3,1.0,0,0.0,0,0.0,0,0.0,0,0.0
当前微博无法编辑,2,1,no_media,1,2,2024-07,1.0,0.0,0.0,0,0.0,0,0.0,0,0.0,0,0.0,0,0.0,0,0.0,1,1.0,0,0.0,0,0.0
当姐姐luo,2,1,no_media,0,2,2023-06,0.0,0.0,0.0,0,0.0,0,0.0,0,0.0,0,0.0,0,0.0,1,1.0,0,0.0,0,0.0,0,0.0
当归拉法_Dr段,15,14,no_media,34,14,2023-02,0.0,0.0,1.0,0,0.0,0,0.0,0,0.0,0,0.0,14,1.0,0,0.0,0,0.0,0,0.0,0,0.0
当然有戏__,2,1,wemedia_only,2,1,2020-03,0.0,0.0,1.0,0,0.0,0,0.0,0,0.0,0,0.0,1,1.0,0,0.0,0,0.0,0,0.0,0,0.0
当肯甜甜圈,2,1,mainstream_only,2,2,2023-05,0.0,0.0,1.0,0,0.0,0,0.0,0,0.0,0,0.0,1,1.0,0,0.0,0,0.0,0,0.0,0,0.0
当铺大老板,3,2,no_media,2,3,2022-10,0.0,0.0,1.0,0,0.0,0,0.0,0,0.0,0,0.0,2,1.0,0,0.0,0,0.0,0,0.0,0,0.0
彦汝谈舌相,5,4,no_media,0,5,2023-03,0.5,0.5,0.0,0,0.0,2,0.5,0,0.0,2,0.5,0,0.0,0,0.0,0,0.0,0,0.0,0,0.0
彩云虹宝030,2,1,no_media,0,1,2020-03,0.0,0.0,1.0,0,0.0,0,0.0,0,0.0,0,0.0,1,1.0,0,0.0,0,0.0,0,0.0,0,0.0
彩色的时间染上空白51020,2,1,no_media,0,2,2023-03,0.0,0.0,0.0,0,0.0,0,0.0,0,0.0,0,0.0,0,0.0,0,0.0,0,0.0,0,0.0,1,1.0
彩虹医生,3,2,no_media,0,3,2022-03,0.5,0.5,0.0,0,0.0,1,0.5,0,0.0,1,0.5,0,0.0,0,0.0,0,0.0,0,0.0,0,0.0
彪子在线,3,2,no_media,0,3,2023-02,0.0,0.0,0.0,0,0.0,0,0.0,0,0.0,0,0.0,0,0.0,1,0.5,0,0.0,0,0.0,1,0.5
彭博de健康人生,8,7,no_media,0,8,2023-02,0.0,0.0,1.0,0,0.0,0,0.0,0,0.0,0,0.0,7,1.0,0,0.0,0,0.0,0,0.0,0,0.0
彭国珩,7,6,dual,4,7,2023-02,0.0,0.0,1.0,0,0.0,0,0.0,0,0.0,0,0.0,6,1.0,0,0.0,0,0.0,0,0.0,0,0.0
彭师土,7,6,no_media,0,7,2023-02,0.16666666666666666,0.16666666666666666,0.6666666666666666,0,0.0,1,0.16666666666666666,0,0.0,1,0.16666666666666666,4,0.6666666666666666,0,0.0,0,0.0,0,0.0,0,0.0
彭程音乐旁边,4,3,no_media,2,4,2023-04,0.3333333333333333,0.0,0.3333333333333333,1,0.3333333333333333,0,0.0,0,0.0,1,0.3333333333333333,1,0.3333333333333333,0,0.0,0,0.0,0,0.0,0,0.0
影像科孙静医生,2,1,no_media,0,2,2023-03,0.0,0.0,1.0,0,0.0,0,0.0,0,0.0,0,0.0,1,1.0,0,0.0,0,0.0,0,0.0,0,0.0
影娱同期声,3,2,no_media,0,3,2023-02,0.0,0.0,0.0,0,0.0,0,0.0,0,0.0,0,0.0,0,0.0,1,0.5,0,0.0,0,0.0,1,0.5
影视侃侃圈,11,10,no_media,0,10,2023-06,0.0,0.0,1.0,0,0.0,0,0.0,0,0.0,0,0.0,10,1.0,0,0.0,0,0.0,0,0.0,0,0.0
影视生活社,72,71,no_media,0,63,2023-02,0.028169014084507043,0.028169014084507043,0.8873239436619719,0,0.0,2,0.028169014084507043,0,0.0,2,0.028169014084507043,63,0.8873239436619719,2,0.028169014084507043,0,0.0,2,0.028169014084507043,0,0.0
彼岸星光德尔塔,7,6,mainstream_only,11,7,2023-05,0.3333333333333333,0.16666666666666666,0.3333333333333333,0,0.0,1,0.16666666666666666,0,0.0,2,0.3333333333333333,2,0.3333333333333333,0,0.0,0,0.0,1,0.16666666666666666,0,0.0
彼岸诺坎普i,2,1,no_media,0,2,2023-12,0.0,0.0,1.0,0,0.0,0,0.0,0,0.0,0,0.0,1,1.0,0,0.0,0,0.0,0,0.0,0,0.0
彼时有蝶,3,2,no_media,0,3,2023-01,0.5,0.0,0.0,0,0.0,0,0.0,0,0.0,0,0.0,0,0.0,0,0.0,1,0.5,0,0.0,1,0.5
待风S,3,2,no_media,6,3,2023-05,0.5,0.5,0.0,0,0.0,1,0.5,0,0.0,1,0.5,0,0.0,0,0.0,0,0.0,0,0.0,0,0.0
很是喜欢吸椰奶哦,2,1,no_media,4,1,2022-12,0.0,1.0,0.0,0,0.0,1,1.0,0,0.0,0,0.0,0,0.0,0,0.0,0,0.0,0,0.0,0,0.0
徐书中医,2,1,no_media,0,2,2024-08,0.0,0.0,1.0,0,0.0,0,0.0,0,0.0,0,0.0,1,1.0,0,0.0,0,0.0,0,0.0,0,0.0
徐嘉博士,11,10,no_media,0,10,2023-05,0.0,0.0,1.0,0,0.0,0,0.0,0,0.0,0,0.0,10,1.0,0,0.0,0,0.0,0,0.0,0,0.0
徐州发布,10,9,no_media,0,9,2023-09,0.0,0.0,1.0,0,0.0,0,0.0,0,0.0,0,0.0,9,1.0,0,0.0,0,0.0,0,0.0,0,0.0
徐州和平医院,2,1,no_media,0,2,2023-06,1.0,0.0,0.0,0,0.0,0,0.0,0,0.0,1,1.0,0,0.0,0,0.0,0,0.0,0,0.0,0,0.0
徐州市疾控中心,6,5,no_media,0,6,2024-01,0.0,0.0,1.0,0,0.0,0,0.0,0,0.0,0,0.0,5,1.0,0,0.0,0,0.0,0,0.0,0,0.0
徐州瑞博医院,2,1,no_media,0,2,2023-01,0.0,0.0,1.0,0,0.0,0,0.0,0,0.0,0,0.0,1,1.0,0,0.0,0,0.0,0,0.0,0,0.0
徐州百汇医院,3,2,no_media,0,3,2023-02,0.0,0.0,1.0,0,0.0,0,0.0,0,0.0,0,0.0,2,1.0,0,0.0,0,0.0,0,0.0,0,0.0
徐归尘,6,5,no_media,19,6,2024-04,0.4,0.4,0.2,0,0.0,2,0.4,0,0.0,2,0.4,1,0.2,0,0.0,0,0.0,0,0.0,0,0.0
徐徐拾柒Pluto,2,1,no_media,0,2,2023-10,0.0,0.0,0.0,0,0.0,0,0.0,0,0.0,0,0.0,0,0.0,0,0.0,0,0.0,0,0.0,1,1.0
徐老xuxuxu,2,1,no_media,0,2,2023-06,0.0,0.0,1.0,0,0.0,0,0.0,0,0.0,0,0.0,1,1.0,0,0.0,0,0.0,0,0.0,0,0.0
徐鹏久艾灸,7,6,no_media,0,7,2023-02,0.0,0.0,0.8333333333333334,0,0.0,0,0.0,0,0.0,0,0.0,5,0.8333333333333334,1,0.16666666666666666,0,0.0,0,0.0,0,0.0
得意学堂岱珈,10,9,wemedia_only,141,9,2022-11,0.0,0.0,1.0,0,0.0,0,0.0,0,0.0,0,0.0,9,1.0,0,0.0,0,0.0,0,0.0,0,0.0
得意的弦小二,2,1,wemedia_only,36,2,2022-12,0.0,0.0,1.0,0,0.0,0,0.0,0,0.0,0,0.0,1,1.0,0,0.0,0,0.0,0,0.0,0,0.0
得起个名字123,3,2,no_media,0,3,2023-08,0.5,0.0,0.5,0,0.0,0,0.0,0,0.0,1,0.5,1,0.5,0,0.0,0,0.0,0,0.0,0,0.0
御史在野,3,2,no_media,1,3,2023-06,0.0,0.0,0.0,0,0.0,0,0.0,0,0.0,0,0.0,0,0.0,1,0.5,0,0.0,1,0.5,0,0.0
御封天医,6,5,no_media,0,5,2023-02,0.0,0.0,1.0,0,0.0,0,0.0,0,0.0,0,0.0,5,1.0,0,0.0,0,0.0,0,0.0,0,0.0
御明府君,2,1,no_media,0,2,2023-02,0.0,0.0,0.0,1,1.0,0,0.0,0,0.0,0,0.0,0,0.0,0,0.0,0,0.0,0,0.0,0,0.0
御约道,16,15,no_media,0,16,2024-10,0.0,0.0,1.0,0,0.0,0,0.0,0,0.0,0,0.0,15,1.0,0,0.0,0,0.0,0,0.0,0,0.0
御茶之水,2,1,mainstream_only,5,2,2024-04,0.0,0.0,1.0,0,0.0,0,0.0,0,0.0,0,0.0,1,1.0,0,0.0,0,0.0,0,0.0,0,0.0
御雨烽蕴,2,1,no_media,0,1,2024-07,0.0,0.0,1.0,0,0.0,0,0.0,0,0.0,0,0.0,1,1.0,0,0.0,0,0.0,0,0.0,0,0.0
微冷微冷,2,1,no_media,0,2,2025-03,1.0,0.0,0.0,0,0.0,0,0.0,0,0.0,0,0.0,0,0.0,0,0.0,1,1.0,0,0.0,0,0.0
微创泌尿外科张医生,2,1,no_media,0,2,2023-03,0.0,0.0,0.0,0,0.0,0,0.0,0,0.0,0,0.0,0,0.0,0,0.0,0,0.0,1,1.0,0,0.0
微医,2,1,no_media,0,2,2022-12,0.0,0.0,1.0,0,0.0,0,0.0,0,0.0,0,0.0,1,1.0,0,0.0,0,0.0,0,0.0,0,0.0
微博中医药,7,6,no_media,0,7,2023-03,0.0,0.0,1.0,0,0.0,0,0.0,0,0.0,0,0.0,6,1.0,0,0.0,0,0.0,0,0.0,0,0.0
微博健康,22,21,no_media,0,21,2023-02,0.047619047619047616,0.047619047619047616,0.9047619047619048,0,0.0,0,0.0,1,0.047619047619047616,1,0.047619047619047616,19,0.9047619047619048,0,0.0,0,0.0,0,0.0,0,0.0
微博健康生活,3,2,no_media,0,3,2023-05,0.0,0.0,1.0,0,0.0,0,0.0,0,0.0,0,0.0,2,1.0,0,0.0,0,0.0,0,0.0,0,0.0
微博儿童健康,11,10,no_media,0,11,2023-06,0.0,0.0,1.0,0,0.0,0,0.0,0,0.0,0,0.0,10,1.0,0,0.0,0,0.0,0,0.0,0,0.0
微博兰州,2,1,no_media,0,2,2020-03,0.0,0.0,1.0,0,0.0,0,0.0,0,0.0,0,0.0,1,1.0,0,0.0,0,0.0,0,0.0,0,0.0
微博医生社区,26,25,no_media,0,24,2023-06,0.0,0.0,0.92,0,0.0,0,0.0,0,0.0,0,0.0,23,0.92,1,0.04,0,0.0,1,0.04,0,0.0
微博卫生健康,8,7,mainstream_only,2,7,2023-02,0.0,0.0,1.0,0,0.0,0,0.0,0,0.0,0,0.0,7,1.0,0,0.0,0,0.0,0,0.0,0,0.0
微博发现,3,2,no_media,0,3,2024-07,0.5,0.5,0.0,0,0.0,1,0.5,0,0.0,1,0.5,0,0.0,0,0.0,0,0.0,0,0.0,0,0.0
微博国际医药,12,11,no_media,2,12,2023-05,0.0,0.0,1.0,0,0.0,0,0.0,0,0.0,0,0.0,11,1.0,0,0.0,0,0.0,0,0.0,0,0.0
微博媒体,3,2,no_media,0,3,2023-02,0.0,0.0,1.0,0,0.0,0,0.0,0,0.0,0,0.0,2,1.0,0,0.0,0,0.0,0,0.0,0,0.0
微博时事,5,4,wemedia_only,14,4,2022-12,0.25,0.25,0.5,0,0.0,1,0.25,0,0.0,1,0.25,2,0.5,0,0.0,0,0.0,0,0.0,0,0.0
微博暖视频,2,1,no_media,0,2,2025-02,0.0,0.0,1.0,0,0.0,0,0.0,0,0.0,0,0.0,1,1.0,0,0.0,0,0.0,0,0.0,0,0.0
微博民生,4,3,no_media,0,4,2023-05,0.0,0.0,0.3333333333333333,0,0.0,0,0.0,0,0.0,0,0.0,1,0.3333333333333333,1,0.3333333333333333,0,0.0,1,0.3333333333333333,0,0.0
微博江苏,13,12,no_media,0,13,2020-09,0.0,0.0,1.0,0,0.0,0,0.0,0,0.0,0,0.0,12,1.0,0,0.0,0,0.0,0,0.0,0,0.0
微博沧州,20,19,no_media,0,19,2021-03,0.0,0.0,1.0,0,0.0,0,0.0,0,0.0,0,0.0,19,1.0,0,0.0,0,0.0,0,0.0,0,0.0
微博泛生活,2,1,no_media,0,2,2023-09,0.0,0.0,1.0,0,0.0,0,0.0,0,0.0,0,0.0,1,1.0,0,0.0,0,0.0,0,0.0,0,0.0
微博清苑,9,8,no_media,0,9,2020-09,0.0,0.0,1.0,0,0.0,0,0.0,0,0.0,0,0.0,8,1.0,0,0.0,0,0.0,0,0.0,0,0.0
微博澳大利亚,2,1,wemedia_only,3,2,2022-07,1.0,0.0,0.0,0,0.0,0,0.0,0,0.0,1,1.0,0,0.0,0,0.0,0,0.0,0,0.0,0,0.0
微博禁毒第一人马霄,2,1,no_media,0,2,2020-03,0.0,0.0,1.0,0,0.0,0,0.0,0,0.0,0,0.0,1,1.0,0,0.0,0,0.0,0,0.0,0,0.0
微博营养,2,1,no_media,0,2,2024-02,0.0,0.0,1.0,0,0.0,0,0.0,0,0.0,0,0.0,1,1.0,0,0.0,0,0.0,0,0.0,0,0.0
微尘本是,2,1,no_media,2,2,2023-08,0.0,0.0,0.0,1,1.0,0,0.0,0,0.0,0,0.0,0,0.0,0,0.0,0,0.0,0,0.0,0,0.0
微悦言,2,1,no_media,0,2,2023-02,1.0,0.0,0.0,0,0.0,0,0.0,0,0.0,1,1.0,0,0.0,0,0.0,0,0.0,0,0.0,0,0.0
微明,2,1,no_media,0,2,2023-03,0.0,0.0,1.0,0,0.0,0,0.0,0,0.0,0,0.0,1,1.0,0,0.0,0,0.0,0,0.0,0,0.0
微智营养师,3,2,no_media,0,3,2023-02,0.0,0.0,1.0,0,0.0,0,0.0,0,0.0,0,0.0,2,1.0,0,0.0,0,0.0,0,0.0,0,0.0
微猛小老虎,2,1,no_media,3,2,2022-12,1.0,0.0,0.0,0,0.0,0,0.0,0,0.0,1,1.0,0,0.0,0,0.0,0,0.0,0,0.0,0,0.0
微甜带辣王铁梅,3,2,wemedia_only,1,3,2023-09,0.5,0.0,0.0,0,0.0,0,0.0,0,0.0,0,0.0,0,0.0,0,0.0,1,0.5,0,0.0,1,0.5
微笑红色白开水,3,2,no_media,0,3,2023-02,0.0,0.5,0.5,0,0.0,1,0.5,0,0.0,0,0.0,1,0.5,0,0.0,0,0.0,0,0.0,0,0.0
微荫,2,1,no_media,1,2,2023-06,0.0,0.0,0.0,1,1.0,0,0.0,0,0.0,0,0.0,0,0.0,0,0.0,0,0.0,0,0.0,0,0.0
微观三农官方,2,1,no_media,0,2,2023-02,0.0,0.0,1.0,0,0.0,0,0.0,0,0.0,0,0.0,1,1.0,0,0.0,0,0.0,0,0.0,0,0.0
微观现场,2,1,no_media,0,2,2022-03,0.0,0.0,1.0,0,0.0,0,0.0,0,0.0,0,0.0,1,1.0,0,0.0,0,0.0,0,0.0,0,0.0
微资讯,10,9,no_media,0,10,2023-02,0.0,0.0,1.0,0,0.0,0,0.0,0,0.0,0,0.0,9,1.0,0,0.0,0,0.0,0,0.0,0,0.0
微醺Kay,2,1,no_media,0,2,2023-06,0.0,0.0,0.0,0,0.0,0,0.0,0,0.0,0,0.0,0,0.0,0,0.0,0,0.0,0,0.0,1,1.0
微靖江,2,1,no_media,0,2,2023-04,0.0,0.0,1.0,0,0.0,0,0.0,0,0.0,0,0.0,1,1.0,0,0.0,0,0.0,0,0.0,0,0.0
微风暮雨青烟冷1109,4,3,mainstream_only,1,4,2023-11,0.0,0.0,0.3333333333333333,0,0.0,0,0.0,0,0.0,0,0.0,1,0.3333333333333333,1,0.3333333333333333,0,0.0,1,0.3333333333333333,0,0.0
德国Zoe妈妈,24,23,no_media,0,21,2023-09,0.21739130434782608,0.2608695652173913,0.043478260869565216,10,0.43478260869565216,5,0.21739130434782608,1,0.043478260869565216,5,0.21739130434782608,1,0.043478260869565216,0,0.0,0,0.0,1,0.043478260869565216,0,0.0
德国败吧,2,1,no_media,0,2,2023-09,0.0,0.0,1.0,0,0.0,0,0.0,0,0.0,0,0.0,1,1.0,0,0.0,0,0.0,0,0.0,0,0.0
德国马克MARK,3,2,no_media,0,3,2023-02,0.0,0.0,1.0,0,0.0,0,0.0,0,0.0,0,0.0,2,1.0,0,0.0,0,0.0,0,0.0,0,0.0
德州中院,3,2,mainstream_only,2,2,2023-05,0.0,0.0,1.0,0,0.0,0,0.0,0,0.0,0,0.0,2,1.0,0,0.0,0,0.0,0,0.0,0,0.0
德州发布,18,17,no_media,0,6,2020-03,0.0,0.0,1.0,0,0.0,0,0.0,0,0.0,0,0.0,17,1.0,0,0.0,0,0.0,0,0.0,0,0.0
德昌的春天,2,1,no_media,3,2,2023-02,0.0,1.0,0.0,0,0.0,1,1.0,0,0.0,0,0.0,0,0.0,0,0.0,0,0.0,0,0.0,0,0.0
德欧华商,4,3,no_media,0,4,2022-01,0.0,0.3333333333333333,0.0,2,0.6666666666666666,0,0.0,1,0.3333333333333333,0,0.0,0,0.0,0,0.0,0,0.0,0,0.0,0,0.0
德良民族医药,2,1,no_media,0,2,2023-03,1.0,0.0,0.0,0,0.0,0,0.0,0,0.0,0,0.0,0,0.0,0,0.0,1,1.0,0,0.0,0,0.0
德阳全媒体,12,11,no_media,0,11,2020-04,0.0,0.0,1.0,0,0.0,0,0.0,0,0.0,0,0.0,11,1.0,0,0.0,0,0.0,0,0.0,0,0.0
徽州反邪教,4,3,mainstream_only,2,3,2020-03,0.0,0.0,1.0,0,0.0,0,0.0,0,0.0,0,0.0,3,1.0,0,0.0,0,0.0,0,0.0,0,0.0
心中有你-20130306,2,1,no_media,0,2,2024-03,0.0,0.0,1.0,0,0.0,0,0.0,0,0.0,0,0.0,1,1.0,0,0.0,0,0.0,0,0.0,0,0.0
心中的日月xzdry,3,2,no_media,5,2,2024-05,0.0,0.0,1.0,0,0.0,0,0.0,0,0.0,0,0.0,2,1.0,0,0.0,0,0.0,0,0.0,0,0.0
心之__怡,2,1,no_media,0,2,2023-02,0.0,0.0,1.0,0,0.0,0,0.0,0,0.0,0,0.0,1,1.0,0,0.0,0,0.0,0,0.0,0,0.0
心乐厨房,2,1,no_media,0,2,2023-02,0.0,0.0,0.0,0,0.0,0,0.0,0,0.0,0,0.0,0,0.0,0,0.0,0,0.0,1,1.0,0,0.0
心事与谁知,2,1,no_media,0,2,2023-06,0.0,0.0,1.0,0,0.0,0,0.0,0,0.0,0,0.0,1,1.0,0,0.0,0,0.0,0,0.0,0,0.0
心内小电工,2,1,no_media,0,2,2024-01,0.0,0.0,1.0,0,0.0,0,0.0,0,0.0,0,0.0,1,1.0,0,0.0,0,0.0,0,0.0,0,0.0
心内有微光,3,2,mainstream_only,7,2,2023-05,0.0,0.5,0.0,1,0.5,1,0.5,0,0.0,0,0.0,0,0.0,0,0.0,0,0.0,0,0.0,0,0.0
心内科孟繁蕴医生,2,1,no_media,0,2,2023-09,0.0,0.0,1.0,0,0.0,0,0.0,0,0.0,0,0.0,1,1.0,0,0.0,0,0.0,0,0.0,0,0.0
心内科王医生,3,2,no_media,0,3,2024-08,0.5,0.0,0.5,0,0.0,0,0.0,0,0.0,1,0.5,1,0.5,0,0.0,0,0.0,0,0.0,0,0.0
心动指南录-,2,1,no_media,1,2,2022-12,1.0,0.0,0.0,0,0.0,0,0.0,0,0.0,1,1.0,0,0.0,0,0.0,0,0.0,0,0.0,0,0.0
心善金蟾,3,2,no_media,0,3,2024-05,0.0,0.0,0.0,0,0.0,0,0.0,0,0.0,0,0.0,0,0.0,0,0.0,0,0.0,0,0.0,2,1.0
心塞侠井远,2,1,no_media,1,2,2024-04,0.0,0.0,1.0,0,0.0,0,0.0,0,0.0,0,0.0,1,1.0,0,0.0,0,0.0,0,0.0,0,0.0
心性之光000000001,7,6,no_media,0,7,2023-02,0.16666666666666666,0.3333333333333333,0.5,0,0.0,2,0.3333333333333333,0,0.0,1,0.16666666666666666,3,0.5,0,0.0,0,0.0,0,0.0,0,0.0
心恒安住,2,1,no_media,1,2,2024-04,0.0,0.0,0.0,1,1.0,0,0.0,0,0.0,0,0.0,0,0.0,0,0.0,0,0.0,0,0.0,0,0.0
心恒言若,4,3,mainstream_only,4,1,2022-12,0.0,0.0,1.0,0,0.0,0,0.0,0,0.0,0,0.0,3,1.0,0,0.0,0,0.0,0,0.0,0,0.0
心悦若水2000,3,2,no_media,3,3,2023-02,0.0,0.0,0.0,0,0.0,0,0.0,0,0.0,0,0.0,0,0.0,1,0.5,0,0.0,0,0.0,1,0.5
心扉_Brave,2,1,no_media,1,2,2023-07,0.0,0.0,0.0,0,0.0,0,0.0,0,0.0,0,0.0,0,0.0,0,0.0,0,0.0,0,0.0,1,1.0
心易知心,2,1,no_media,0,2,2023-02,0.0,0.0,1.0,0,0.0,0,0.0,0,0.0,0,0.0,1,1.0,0,0.0,0,0.0,0,0.0,0,0.0
心潮视频,6,5,no_media,0,6,2023-05,0.0,0.0,1.0,0,0.0,0,0.0,0,0.0,0,0.0,5,1.0,0,0.0,0,0.0,0,0.0,0,0.0
心灵修炼凌帅帅Daniel,2,1,no_media,0,2,2023-02,0.0,0.0,1.0,0,0.0,0,0.0,0,0.0,0,0.0,1,1.0,0,0.0,0,0.0,0,0.0,0,0.0
心理学与生活-诚哲,2,1,no_media,0,2,2023-02,0.0,0.0,1.0,0,0.0,0,0.0,0,0.0,0,0.0,1,1.0,0,0.0,0,0.0,0,0.0,0,0.0
心理学情报局,5,4,no_media,0,5,2023-08,0.0,0.0,1.0,0,0.0,0,0.0,0,0.0,0,0.0,4,1.0,0,0.0,0,0.0,0,0.0,0,0.0
心眼看乾坤,12,11,no_media,0,12,2023-04,0.09090909090909091,0.09090909090909091,0.8181818181818182,0,0.0,1,0.09090909090909091,0,0.0,1,0.09090909090909091,9,0.8181818181818182,0,0.0,0,0.0,0,0.0,0,0.0
心脑血管靶向溶血栓,3,2,no_media,0,3,2023-04,0.0,0.0,1.0,0,0.0,0,0.0,0,0.0,0,0.0,2,1.0,0,0.0,0,0.0,0,0.0,0,0.0
心自明在,2,1,no_media,0,2,2024-04,0.0,0.0,1.0,0,0.0,0,0.0,0,0.0,0,0.0,1,1.0,0,0.0,0,0.0,0,0.0,0,0.0
心若坦然yy,2,1,wemedia_only,1,2,2023-04,0.0,1.0,0.0,0,0.0,1,1.0,0,0.0,0,0.0,0,0.0,0,0.0,0,0.0,0,0.0,0,0.0
心若安步步生莲,3,2,no_media,0,3,2023-02,0.0,0.0,0.0,0,0.0,0,0.0,0,0.0,0,0.0,0,0.0,1,0.5,0,0.0,0,0.0,1,0.5
心血管曲家珍医生,3,2,no_media,0,3,2023-06,0.0,0.0,0.0,0,0.0,0,0.0,0,0.0,0,0.0,0,0.0,1,0.5,0,0.0,1,0.5,0,0.0
心言颜施,2,1,no_media,0,2,2025-01,0.0,0.0,0.0,0,0.0,0,0.0,0,0.0,0,0.0,0,0.0,0,0.0,0,0.0,0,0.0,1,1.0
心里的一抹光,2,1,no_media,0,2,2024-02,0.0,0.0,0.0,0,0.0,0,0.0,0,0.0,0,0.0,0,0.0,1,1.0,0,0.0,0,0.0,0,0.0
心静枯木西太后,2,1,wemedia_only,3,2,2024-02,1.0,0.0,0.0,0,0.0,0,0.0,0,0.0,1,1.0,0,0.0,0,0.0,0,0.0,0,0.0,0,0.0
忆南城雪,3,2,no_media,0,3,2023-05,0.0,0.5,0.0,0,0.0,1,0.5,0,0.0,0,0.0,0,0.0,1,0.5,0,0.0,0,0.0,0,0.0
忆果缘M19,164,163,no_media,0,120,2023-01,0.018404907975460124,0.024539877300613498,0.9570552147239264,0,0.0,4,0.024539877300613498,0,0.0,3,0.018404907975460124,156,0.9570552147239264,0,0.0,0,0.0,0,0.0,0,0.0
忌辛辣TaTa,2,1,no_media,1,2,2023-09,0.0,0.0,0.0,0,0.0,0,0.0,0,0.0,0,0.0,0,0.0,0,0.0,0,0.0,1,1.0,0,0.0
忘我在,6,5,no_media,1,6,2023-05,0.2,0.2,0.6,0,0.0,1,0.2,0,0.0,1,0.2,3,0.6,0,0.0,0,0.0,0,0.0,0,0.0
忙里偷闲不得闲的阿宝,3,2,no_media,1,3,2023-05,0.0,0.0,0.0,0,0.0,0,0.0,0,0.0,0,0.0,0,0.0,1,0.5,0,0.0,1,0.5,0,0.0
快乐de小丸子O,7,6,wemedia_only,17,5,2023-04,0.0,0.0,0.6666666666666666,0,0.0,0,0.0,0,0.0,0,0.0,4,0.6666666666666666,1,0.16666666666666666,0,0.0,1,0.16666666666666666,0,0.0
快乐一只萌小米,2,1,no_media,0,2,2023-09,0.0,0.0,0.0,0,0.0,0,0.0,0,0.0,0,0.0,0,0.0,1,1.0,0,0.0,0,0.0,0,0.0
快乐农妇,3,2,no_media,1,3,2023-02,0.0,0.0,1.0,0,0.0,0,0.0,0,0.0,0,0.0,2,1.0,0,0.0,0,0.0,0,0.0,0,0.0
快乐安妮2010,3,2,no_media,5,3,2024-12,0.5,0.5,0.0,0,0.0,1,0.5,0,0.0,1,0.5,0,0.0,0,0.0,0,0.0,0,0.0,0,0.0
快乐投资人李伟,5,4,no_media,5,5,2023-02,0.5,0.25,0.25,0,0.0,1,0.25,0,0.0,2,0.5,1,0.25,0,0.0,0,0.0,0,0.0,0,0.0
快乐星球现任球草,2,1,no_media,0,2,2023-03,1.0,0.0,0.0,0,0.0,0,0.0,0,0.0,0,0.0,0,0.0,0,0.0,1,1.0,0,0.0,0,0.0
快乐的咸鱼哈哈哈,2,1,no_media,0,2,2023-05,1.0,0.0,0.0,0,0.0,0,0.0,0,0.0,1,1.0,0,0.0,0,0.0,0,0.0,0,0.0,0,0.0
快乐芷Ann,3,2,wemedia_only,9,3,2023-01,0.5,0.0,0.0,0,0.0,0,0.0,0,0.0,1,0.5,0,0.0,0,0.0,0,0.0,1,0.5,0,0.0
快兰斯24小时财经直播2,3,2,no_media,0,3,2023-02,0.0,0.0,1.0,0,0.0,0,0.0,0,0.0,0,0.0,2,1.0,0,0.0,0,0.0,0,0.0,0,0.0
快快乐乐的呐,2,1,no_media,4,2,2023-03,0.0,1.0,0.0,0,0.0,0,0.0,1,1.0,0,0.0,0,0.0,0,0.0,0,0.0,0,0.0,0,0.0
快报帮,2,1,no_media,0,2,2023-07,0.0,0.0,1.0,0,0.0,0,0.0,0,0.0,0,0.0,1,1.0,0,0.0,0,0.0,0,0.0,0,0.0
忱忱晚安,3,2,no_media,1,3,2023-05,0.5,0.0,0.0,0,0.0,0,0.0,0,0.0,0,0.0,0,0.0,0,0.0,1,0.5,0,0.0,1,0.5
忻州发布,2,1,no_media,0,2,2023-04,0.0,0.0,1.0,0,0.0,0,0.0,0,0.0,0,0.0,1,1.0,0,0.0,0,0.0,0,0.0,0,0.0
怀柔chill,2,1,no_media,0,2,2023-08,1.0,0.0,0.0,0,0.0,0,0.0,0,0.0,0,0.0,0,0.0,0,0.0,1,1.0,0,0.0,0,0.0
怀柔区第二医院,2,1,no_media,0,2,2024-01,0.0,0.0,1.0,0,0.0,0,0.0,0,0.0,0,0.0,1,1.0,0,0.0,0,0.0,0,0.0,0,0.0
怀闲念同,2,1,wemedia_only,4,2,2024-03,1.0,0.0,0.0,0,0.0,0,0.0,0,0.0,0,0.0,0,0.0,0,0.0,1,1.0,0,0.0,0,0.0
态度岛,4,3,no_media,0,4,2023-05,0.3333333333333333,0.3333333333333333,0.0,0,0.0,1,0.3333333333333333,0,0.0,0,0.0,0,0.0,1,0.3333333333333333,1,0.3333333333333333,0,0.0,0,0.0
怎么昵称又又又被占用了,2,1,no_media,1,2,2024-08,0.0,0.0,1.0,0,0.0,0,0.0,0,0.0,0,0.0,1,1.0,0,0.0,0,0.0,0,0.0,0,0.0
怎么称呼随你,2,1,wemedia_only,3,2,2022-07,0.0,0.0,1.0,0,0.0,0,0.0,0,0.0,0,0.0,1,1.0,0,0.0,0,0.0,0,0.0,0,0.0
怒音十级种子选手,2,1,no_media,0,2,2023-10,0.0,1.0,0.0,0,0.0,0,0.0,1,1.0,0,0.0,0,0.0,0,0.0,0,0.0,0,0.0,0,0.0
思坊菜AND思坊瑜伽,3,2,wemedia_only,1,3,2023-02,0.0,0.0,1.0,0,0.0,0,0.0,0,0.0,0,0.0,2,1.0,0,0.0,0,0.0,0,0.0,0,0.0
思婷LB,4,3,no_media,0,4,2023-02,0.0,0.0,1.0,0,0.0,0,0.0,0,0.0,0,0.0,3,1.0,0,0.0,0,0.0,0,0.0,0,0.0
思念老鼠_qdn,2,1,no_media,0,2,2025-01,0.0,0.0,0.0,0,0.0,0,0.0,0,0.0,0,0.0,0,0.0,0,0.0,0,0.0,1,1.0,0,0.0
思思-Fairy,2,1,no_media,0,2,2024-03,0.0,1.0,0.0,0,0.0,1,1.0,0,0.0,0,0.0,0,0.0,0,0.0,0,0.0,0,0.0,0,0.0
思思-sisizi,2,1,no_media,2,2,2023-06,0.0,0.0,0.0,0,0.0,0,0.0,0,0.0,0,0.0,0,0.0,0,0.0,0,0.0,1,1.0,0,0.0
思想在远方001,3,2,wemedia_only,4,3,2024-02,0.0,0.5,0.0,1,0.5,1,0.5,0,0.0,0,0.0,0,0.0,0,0.0,0,0.0,0,0.0,0,0.0
思想杂谈,2,1,no_media,0,2,2024-06,0.0,0.0,1.0,0,0.0,0,0.0,0,0.0,0,0.0,1,1.0,0,0.0,0,0.0,0,0.0,0,0.0
思想的理由,2,1,no_media,0,2,2023-08,0.0,0.0,1.0,0,0.0,0,0.0,0,0.0,0,0.0,1,1.0,0,0.0,0,0.0,0,0.0,0,0.0
思明博览,2,1,no_media,0,2,2023-04,0.0,0.0,1.0,0,0.0,0,0.0,0,0.0,0,0.0,1,1.0,0,0.0,0,0.0,0,0.0,0,0.0
思茅微博-中国茶城,4,3,no_media,0,4,2022-03,0.0,0.0,1.0,0,0.0,0,0.0,0,0.0,0,0.0,3,1.0,0,0.0,0,0.0,0,0.0,0,0.0
思路敏锐,2,1,wemedia_only,2,2,2022-12,0.0,0.0,1.0,0,0.0,0,0.0,0,0.0,0,0.0,1,1.0,0,0.0,0,0.0,0,0.0,0,0.0
怡味薯蓣锦,18,17,dual,15,17,2023-03,0.23529411764705882,0.29411764705882354,0.23529411764705882,0,0.0,4,0.23529411764705882,1,0.058823529411764705,3,0.17647058823529413,4,0.23529411764705882,2,0.11764705882352941,1,0.058823529411764705,2,0.11764705882352941,0,0.0
怡然自得彬仔仔,2,1,no_media,0,2,2023-06,1.0,0.0,0.0,0,0.0,0,0.0,0,0.0,1,1.0,0,0.0,0,0.0,0,0.0,0,0.0,0,0.0
怡红公子九美,4,3,no_media,0,3,2024-08,0.0,0.0,0.0,3,1.0,0,0.0,0,0.0,0,0.0,0,0.0,0,0.0,0,0.0,0,0.0,0,0.0
急诊石头哥,4,3,no_media,0,4,2023-02,0.0,0.0,1.0,0,0.0,0,0.0,0,0.0,0,0.0,3,1.0,0,0.0,0,0.0,0,0.0,0,0.0
急诊科的大徐,11,10,no_media,0,11,2023-02,0.0,0.0,0.8,0,0.0,0,0.0,0,0.0,0,0.0,8,0.8,1,0.1,0,0.0,1,0.1,0,0.0
性医学长寿医学,3,2,no_media,0,2,2024-05,0.0,0.0,1.0,0,0.0,0,0.0,0,0.0,0,0.0,2,1.0,0,0.0,0,0.0,0,0.0,0,0.0
怪博士李雷,6,5,wemedia_only,14,6,2022-03,0.0,0.0,1.0,0,0.0,0,0.0,0,0.0,0,0.0,5,1.0,0,0.0,0,0.0,0,0.0,0,0.0
怪味儿蚕豆儿,2,1,no_media,0,2,2025-02,0.0,1.0,0.0,0,0.0,0,0.0,1,1.0,0,0.0,0,0.0,0,0.0,0,0.0,0,0.0,0,0.0
怪手堂怪手先生彭一峰,7,6,no_media,8,6,2023-02,0.16666666666666666,0.3333333333333333,0.0,3,0.5,2,0.3333333333333333,0,0.0,1,0.16666666666666666,0,0.0,0,0.0,0,0.0,0,0.0,0,0.0
恨客记录,2,1,no_media,0,2,2023-05,0.0,0.0,0.0,1,1.0,0,0.0,0,0.0,0,0.0,0,0.0,0,0.0,0,0.0,0,0.0,0,0.0
恩施新闻网,4,3,no_media,0,4,2022-07,0.0,0.0,1.0,0,0.0,0,0.0,0,0.0,0,0.0,3,1.0,0,0.0,0,0.0,0,0.0,0,0.0
恬淡荷心,7,6,mainstream_only,3,7,2023-02,0.0,0.16666666666666666,0.0,1,0.16666666666666666,1,0.16666666666666666,0,0.0,0,0.0,0,0.0,2,0.3333333333333333,0,0.0,2,0.3333333333333333,0,0.0
恬然自安入翠微,3,2,no_media,7,3,2022-10,0.0,0.0,1.0,0,0.0,0,0.0,0,0.0,0,0.0,2,1.0,0,0.0,0,0.0,0,0.0,0,0.0
恭喜你又发财了,2,1,no_media,0,2,2020-03,1.0,0.0,0.0,0,0.0,0,0.0,0,0.0,1,1.0,0,0.0,0,0.0,0,0.0,0,0.0,0,0.0
悄悄在远方的小明哥,5,4,wemedia_only,5,5,2024-09,0.25,0.25,0.0,2,0.5,1,0.25,0,0.0,1,0.25,0,0.0,0,0.0,0,0.0,0,0.0,0,0.0
悉尼印象微博,7,6,no_media,0,7,2022-07,0.3333333333333333,0.16666666666666666,0.16666666666666666,2,0.3333333333333333,1,0.16666666666666666,0,0.0,2,0.3333333333333333,1,0.16666666666666666,0,0.0,0,0.0,0,0.0,0,0.0
悖论Nano,23,22,no_media,2,23,2023-02,0.09090909090909091,0.09090909090909091,0.5454545454545454,1,0.045454545454545456,2,0.09090909090909091,0,0.0,2,0.09090909090909091,12,0.5454545454545454,2,0.09090909090909091,0,0.0,2,0.09090909090909091,1,0.045454545454545456
悠悠闲闲猫,2,1,no_media,0,1,2023-08,0.0,0.0,1.0,0,0.0,0,0.0,0,0.0,0,0.0,1,1.0,0,0.0,0,0.0,0,0.0,0,0.0
悠然64197,2,1,no_media,0,2,2023-03,0.0,0.0,0.0,0,0.0,0,0.0,0,0.0,0,0.0,0,0.0,0,0.0,0,0.0,0,0.0,1,1.0
悠然札记,2,1,no_media,0,2,2023-05,0.0,0.0,0.0,0,0.0,0,0.0,0,0.0,0,0.0,0,0.0,0,0.0,0,0.0,1,1.0,0,0.0
悠然米拉,2,1,no_media,0,2,2024-07,0.0,0.0,1.0,0,0.0,0,0.0,0,0.0,0,0.0,1,1.0,0,0.0,0,0.0,0,0.0,0,0.0
悦享莲湖,2,1,no_media,0,2,2023-02,0.0,0.0,1.0,0,0.0,0,0.0,0,0.0,0,0.0,1,1.0,0,0.0,0,0.0,0,0.0,0,0.0
悦如舞,3,2,mainstream_only,4,3,2023-06,0.5,0.5,0.0,0,0.0,0,0.0,1,0.5,1,0.5,0,0.0,0,0.0,0,0.0,0,0.0,0,0.0
悦澄-卓罗的小脑斧,3,2,no_media,0,3,2023-07,0.5,0.0,0.0,1,0.5,0,0.0,0,0.0,1,0.5,0,0.0,0,0.0,0,0.0,0,0.0,0,0.0
悦读人生8,3,2,no_media,2,2,2023-02,0.0,0.5,0.5,0,0.0,1,0.5,0,0.0,0,0.0,1,0.5,0,0.0,0,0.0,0,0.0,0,0.0
悬壶医者中医,15,14,no_media,0,2,2023-10,0.0,0.0,1.0,0,0.0,0,0.0,0,0.0,0,0.0,14,1.0,0,0.0,0,0.0,0,0.0,0,0.0
悬壶恬妞,6,5,no_media,5,6,2023-02,0.2,0.2,0.6,0,0.0,1,0.2,0,0.0,1,0.2,3,0.6,0,0.0,0,0.0,0,0.0,0,0.0
悬壶问茶,2,1,no_media,0,2,2023-06,0.0,0.0,1.0,0,0.0,0,0.0,0,0.0,0,0.0,1,1.0,0,0.0,0,0.0,0,0.0,0,0.0
悲伤的小号大本营1711,2,1,no_media,0,2,2023-05,0.0,0.0,0.0,0,0.0,0,0.0,0,0.0,0,0.0,0,0.0,0,0.0,0,0.0,0,0.0,1,1.0
情感文艺君,2,1,wemedia_only,9,2,2022-12,0.0,0.0,0.0,0,0.0,0,0.0,0,0.0,0,0.0,0,0.0,1,1.0,0,0.0,0,0.0,0,0.0
惟霓心动,2,1,no_media,1,2,2023-10,0.0,0.0,0.0,1,1.0,0,0.0,0,0.0,0,0.0,0,0.0,0,0.0,0,0.0,0,0.0,0,0.0
惠安女刺桐花,2,1,no_media,0,2,2023-06,0.0,0.0,0.0,0,0.0,0,0.0,0,0.0,0,0.0,0,0.0,0,0.0,0,0.0,0,0.0,1,1.0
惠州电台,2,1,no_media,0,2,2023-09,0.0,0.0,1.0,0,0.0,0,0.0,0,0.0,0,0.0,1,1.0,0,0.0,0,0.0,0,0.0,0,0.0
惨绿樱桃猛男,2,1,wemedia_only,2,2,2023-03,0.0,0.0,0.0,0,0.0,0,0.0,0,0.0,0,0.0,0,0.0,0,0.0,0,0.0,1,1.0,0,0.0
想个没用的名字真的好难,2,1,no_media,0,2,2024-08,0.0,0.0,0.0,1,1.0,0,0.0,0,0.0,0,0.0,0,0.0,0,0.0,0,0.0,0,0.0,0,0.0
想名字的金鱼,2,1,no_media,2,2,2023-03,0.0,1.0,0.0,0,0.0,0,0.0,1,1.0,0,0.0,0,0.0,0,0.0,0,0.0,0,0.0,0,0.0
想换名字的Angela,2,1,no_media,1,2,2023-02,0.0,0.0,1.0,0,0.0,0,0.0,0,0.0,0,0.0,1,1.0,0,0.0,0,0.0,0,0.0,0,0.0
想要喝甜甜的tea,2,1,no_media,4,1,2022-12,0.0,0.0,1.0,0,0.0,0,0.0,0,0.0,0,0.0,1,1.0,0,0.0,0,0.0,0,0.0,0,0.0
想要在向日葵园种林阳的Tayme_,2,1,no_media,0,2,2023-04,1.0,0.0,0.0,0,0.0,0,0.0,0,0.0,0,0.0,0,0.0,0,0.0,1,1.0,0,0.0,0,0.0
想说爱我很容易,2,1,no_media,0,2,2023-02,0.0,0.0,0.0,0,0.0,0,0.0,0,0.0,0,0.0,0,0.0,1,1.0,0,0.0,0,0.0,0,0.0
愁小多丶,2,1,wemedia_only,2,2,2023-10,1.0,0.0,0.0,0,0.0,0,0.0,0,0.0,1,1.0,0,0.0,0,0.0,0,0.0,0,0.0,0,0.0
意大利华裔郭医生,43,42,no_media,14,39,2023-02,0.09523809523809523,0.09523809523809523,0.8095238095238095,0,0.0,4,0.09523809523809523,0,0.0,4,0.09523809523809523,34,0.8095238095238095,0,0.0,0,0.0,0,0.0,0,0.0
意志力无下限的废物,2,1,wemedia_only,8,2,2023-07,1.0,0.0,0.0,0,0.0,0,0.0,0,0.0,1,1.0,0,0.0,0,0.0,0,0.0,0,0.0,0,0.0
意自形生,5,4,no_media,0,5,2023-10,0.0,0.0,1.0,0,0.0,0,0.0,0,0.0,0,0.0,4,1.0,0,0.0,0,0.0,0,0.0,0,0.0
愚厚201302,3,2,no_media,0,3,2023-06,0.0,0.5,0.0,1,0.5,1,0.5,0,0.0,0,0.0,0,0.0,0,0.0,0,0.0,0,0.0,0,0.0
愚蠢的大狗,2,1,no_media,1,2,2023-11,1.0,0.0,0.0,0,0.0,0,0.0,0,0.0,1,1.0,0,0.0,0,0.0,0,0.0,0,0.0,0,0.0
感恩戴德1,2,1,no_media,0,2,2023-04,0.0,0.0,0.0,0,0.0,0,0.0,0,0.0,0,0.0,0,0.0,0,0.0,0,0.0,0,0.0,1,1.0
感恩的心143,2,1,no_media,0,1,2022-12,0.0,0.0,1.0,0,0.0,0,0.0,0,0.0,0,0.0,1,1.0,0,0.0,0,0.0,0,0.0,0,0.0
感染医线,4,3,no_media,0,4,2023-03,0.0,0.0,1.0,0,0.0,0,0.0,0,0.0,0,0.0,3,1.0,0,0.0,0,0.0,0,0.0,0,0.0
感觉自己运气很好的七,8,7,no_media,4,7,2023-05,0.14285714285714285,0.0,0.0,0,0.0,0,0.0,0,0.0,0,0.0,0,0.0,2,0.2857142857142857,1,0.14285714285714285,1,0.14285714285714285,3,0.42857142857142855
愿宝宝健康快乐幸福,2,1,no_media,3,2,2023-06,0.0,0.0,0.0,0,0.0,0,0.0,0,0.0,0,0.0,0,0.0,0,0.0,0,0.0,1,1.0,0,0.0
愿闻吉祥,2,1,no_media,2,1,2023-07,0.0,1.0,0.0,0,0.0,0,0.0,1,1.0,0,0.0,0,0.0,0,0.0,0,0.0,0,0.0,0,0.0
愿顺利愿平安,4,3,no_media,0,4,2023-02,0.0,0.0,1.0,0,0.0,0,0.0,0,0.0,0,0.0,3,1.0,0,0.0,0,0.0,0,0.0,0,0.0
慈检不为先,2,1,no_media,0,2,2023-05,0.0,0.0,1.0,0,0.0,0,0.0,0,0.0,0,0.0,1,1.0,0,0.0,0,0.0,0,0.0,0,0.0
慈溪发布,2,1,no_media,0,2,2023-02,0.0,0.0,1.0,0,0.0,0,0.0,0,0.0,0,0.0,1,1.0,0,0.0,0,0.0,0,0.0,0,0.0
慈溪静姨,18,17,wemedia_only,4,16,2023-02,0.23529411764705882,0.23529411764705882,0.0,0,0.0,2,0.11764705882352941,2,0.11764705882352941,1,0.058823529411764705,0,0.0,3,0.17647058823529413,3,0.17647058823529413,3,0.17647058823529413,3,0.17647058823529413
慕容小青,3,2,no_media,2,3,2023-01,0.0,0.0,0.0,0,0.0,0,0.0,0,0.0,0,0.0,0,0.0,0,0.0,0,0.0,0,0.0,2,1.0
慕容蜗蜗,2,1,no_media,0,2,2024-08,0.0,0.0,1.0,0,0.0,0,0.0,0,0.0,0,0.0,1,1.0,0,0.0,0,0.0,0,0.0,0,0.0
慕抵清华说,2,1,no_media,0,2,2023-11,0.0,1.0,0.0,0,0.0,0,0.0,1,1.0,0,0.0,0,0.0,0,0.0,0,0.0,0,0.0,0,0.0
慢活_____,2,1,no_media,0,2,2023-07,1.0,0.0,0.0,0,0.0,0,0.0,0,0.0,0,0.0,0,0.0,0,0.0,1,1.0,0,0.0,0,0.0
慢跑慢跑的我,2,1,no_media,1,2,2023-12,0.0,0.0,0.0,0,0.0,0,0.0,0,0.0,0,0.0,0,0.0,1,1.0,0,0.0,0,0.0,0,0.0
慷河516,2,1,no_media,0,2,2023-04,0.0,0.0,1.0,0,0.0,0,0.0,0,0.0,0,0.0,1,1.0,0,0.0,0,0.0,0,0.0,0,0.0
憨情小子,2,1,no_media,0,2,2023-07,0.0,0.0,1.0,0,0.0,0,0.0,0,0.0,0,0.0,1,1.0,0,0.0,0,0.0,0,0.0,0,0.0
憨憨堡宝,3,2,no_media,0,3,2023-04,0.0,0.0,0.0,0,0.0,0,0.0,0,0.0,0,0.0,0,0.0,0,0.0,0,0.0,0,0.0,2,1.0
憶靈-喵,6,5,no_media,0,5,2023-05,0.4,0.6,0.0,0,0.0,1,0.2,2,0.4,1,0.2,0,0.0,0,0.0,1,0.2,0,0.0,0,0.0
懂了别多说,6,5,no_media,0,6,2023-03,0.2,0.2,0.2,1,0.2,1,0.2,0,0.0,1,0.2,1,0.2,0,0.0,0,0.0,1,0.2,0,0.0
懂猫帝,2,1,no_media,0,2,2023-06,0.0,0.0,1.0,0,0.0,0,0.0,0,0.0,0,0.0,1,1.0,0,0.0,0,0.0,0,0.0,0,0.0
懂生活的人儿,3,2,no_media,0,2,2023-06,0.0,0.0,0.5,0,0.0,0,0.0,0,0.0,0,0.0,1,0.5,0,0.0,0,0.0,1,0.5,0,0.0
懒_妖_,2,1,no_media,0,2,2023-02,0.0,1.0,0.0,0,0.0,0,0.0,1,1.0,0,0.0,0,0.0,0,0.0,0,0.0,0,0.0,0,0.0
懒得说再见再也不见,2,1,no_media,0,2,2023-07,0.0,1.0,0.0,0,0.0,0,0.0,1,1.0,0,0.0,0,0.0,0,0.0,0,0.0,0,0.0,0,0.0
懒散筵席,2,1,no_media,0,2,2024-01,0.0,0.0,0.0,0,0.0,0,0.0,0,0.0,0,0.0,0,0.0,0,0.0,0,0.0,0,0.0,1,1.0
懒羊羊的微微和皮皮,2,1,no_media,0,2,2023-06,1.0,0.0,0.0,0,0.0,0,0.0,0,0.0,0,0.0,0,0.0,0,0.0,1,1.0,0,0.0,0,0.0
懵懵懵Scorpio,2,1,no_media,4,2,2023-01,0.0,1.0,0.0,0,0.0,0,0.0,1,1.0,0,0.0,0,0.0,0,0.0,0,0.0,0,0.0,0,0.0
懵柚日记,5,4,no_media,0,3,2020-03,0.0,0.0,1.0,0,0.0,0,0.0,0,0.0,0,0.0,4,1.0,0,0.0,0,0.0,0,0.0,0,0.0
懿別倆寬,2,1,no_media,0,2,2023-02,0.0,0.0,0.0,0,0.0,0,0.0,0,0.0,0,0.0,0,0.0,0,0.0,0,0.0,0,0.0,1,1.0
戏于鞍·,2,1,no_media,1,2,2023-03,0.0,0.0,0.0,0,0.0,0,0.0,0,0.0,0,0.0,0,0.0,0,0.0,0,0.0,1,1.0,0,0.0
戏晶晶晶的小宇宙,2,1,no_media,0,2,2025-05,0.0,1.0,0.0,0,0.0,0,0.0,1,1.0,0,0.0,0,0.0,0,0.0,0,0.0,0,0.0,0,0.0
戏言小熊猫,2,1,no_media,4,2,2023-05,0.0,0.0,0.0,0,0.0,0,0.0,0,0.0,0,0.0,0,0.0,0,0.0,0,0.0,1,1.0,0,0.0
成人内科徐永聪,5,4,no_media,1,5,2023-05,0.0,0.0,1.0,0,0.0,0,0.0,0,0.0,0,0.0,4,1.0,0,0.0,0,0.0,0,0.0,0,0.0
成小直,4,3,no_media,0,4,2023-02,0.0,0.0,0.3333333333333333,0,0.0,0,0.0,0,0.0,0,0.0,1,0.3333333333333333,1,0.3333333333333333,0,0.0,1,0.3333333333333333,0,0.0
成年的包-包,4,3,no_media,1,4,2023-09,0.0,0.0,1.0,0,0.0,0,0.0,0,0.0,0,0.0,3,1.0,0,0.0,0,0.0,0,0.0,0,0.0
成永明教授,15,14,no_media,1,14,2023-02,0.0,0.0,1.0,0,0.0,0,0.0,0,0.0,0,0.0,14,1.0,0,0.0,0,0.0,0,0.0,0,0.0
成都京东方医院,3,2,no_media,0,3,2023-06,0.0,0.0,1.0,0,0.0,0,0.0,0,0.0,0,0.0,2,1.0,0,0.0,0,0.0,0,0.0,0,0.0
成都共青团,3,2,no_media,0,3,2023-03,0.0,0.0,1.0,0,0.0,0,0.0,0,0.0,0,0.0,2,1.0,0,0.0,0,0.0,0,0.0,0,0.0
成都卢山,2,1,no_media,0,2,2023-05,0.0,0.0,1.0,0,0.0,0,0.0,0,0.0,0,0.0,1,1.0,0,0.0,0,0.0,0,0.0,0,0.0
成都发布,4,3,no_media,0,4,2023-02,0.0,0.0,1.0,0,0.0,0,0.0,0,0.0,0,0.0,3,1.0,0,0.0,0,0.0,0,0.0,0,0.0
成都商报,21,20,no_media,0,19,2020-03,0.05,0.05,0.9,0,0.0,1,0.05,0,0.0,1,0.05,18,0.9,0,0.0,0,0.0,0,0.0,0,0.0
成都商报买够网,2,1,no_media,0,1,2023-10,0.0,0.0,1.0,0,0.0,0,0.0,0,0.0,0,0.0,1,1.0,0,0.0,0,0.0,0,0.0,0,0.0
成都国防动员,2,1,no_media,0,2,2023-11,0.0,0.0,1.0,0,0.0,0,0.0,0,0.0,0,0.0,1,1.0,0,0.0,0,0.0,0,0.0,0,0.0
成都国际铁路港,4,3,mainstream_only,3,4,2023-03,0.0,0.0,1.0,0,0.0,0,0.0,0,0.0,0,0.0,3,1.0,0,0.0,0,0.0,0,0.0,0,0.0
成都大学,2,1,no_media,0,1,2023-02,0.0,0.0,1.0,0,0.0,0,0.0,0,0.0,0,0.0,1,1.0,0,0.0,0,0.0,0,0.0,0,0.0
成都天府国际生物城,3,2,mainstream_only,2,3,2020-03,0.0,0.0,1.0,0,0.0,0,0.0,0,0.0,0,0.0,2,1.0,0,0.0,0,0.0,0,0.0,0,0.0
成都市中级人民法院,3,2,mainstream_only,7,3,2020-03,0.0,0.0,1.0,0,0.0,0,0.0,0,0.0,0,0.0,2,1.0,0,0.0,0,0.0,0,0.0,0,0.0
成都市场监管,5,4,mainstream_only,1,4,2022-03,0.0,0.0,1.0,0,0.0,0,0.0,0,0.0,0,0.0,4,1.0,0,0.0,0,0.0,0,0.0,0,0.0
成都手机报,2,1,no_media,0,2,2022-12,0.0,0.0,1.0,0,0.0,0,0.0,0,0.0,0,0.0,1,1.0,0,0.0,0,0.0,0,0.0,0,0.0
成都暴力抄底哥,3,2,no_media,1,3,2022-12,0.5,0.0,0.5,0,0.0,0,0.0,0,0.0,1,0.5,1,0.5,0,0.0,0,0.0,0,0.0,0,0.0
成都水务,2,1,mainstream_only,3,1,2022-10,0.0,0.0,1.0,0,0.0,0,0.0,0,0.0,0,0.0,1,1.0,0,0.0,0,0.0,0,0.0,0,0.0
成都消防,2,1,no_media,0,2,2022-10,0.0,0.0,1.0,0,0.0,0,0.0,0,0.0,0,0.0,1,1.0,0,0.0,0,0.0,0,0.0,0,0.0
成都肛肠专科医院-公立,7,6,no_media,0,7,2023-02,0.0,0.0,1.0,0,0.0,0,0.0,0,0.0,0,0.0,6,1.0,0,0.0,0,0.0,0,0.0,0,0.0
成都高新市场监管,7,6,mainstream_only,3,7,2021-11,0.0,0.0,1.0,0,0.0,0,0.0,0,0.0,0,0.0,6,1.0,0,0.0,0,0.0,0,0.0,0,0.0
成长医学博士,2,1,no_media,0,2,2023-03,0.0,0.0,1.0,0,0.0,0,0.0,0,0.0,0,0.0,1,1.0,0,0.0,0,0.0,0,0.0,0,0.0
成马大健康网,5,4,no_media,0,5,2022-12,0.0,0.0,1.0,0,0.0,0,0.0,0,0.0,0,0.0,4,1.0,0,0.0,0,0.0,0,0.0,0,0.0
我一定会有三花喵的,5,4,no_media,3,5,2023-02,0.0,0.0,0.25,0,0.0,0,0.0,0,0.0,0,0.0,1,0.25,0,0.0,0,0.0,1,0.25,2,0.5
我不久媳妇儿,2,1,no_media,1,2,2023-04,1.0,0.0,0.0,0,0.0,0,0.0,0,0.0,1,1.0,0,0.0,0,0.0,0,0.0,0,0.0,0,0.0
我不吃外卖了,2,1,no_media,0,2,2023-03,1.0,0.0,0.0,0,0.0,0,0.0,0,0.0,1,1.0,0,0.0,0,0.0,0,0.0,0,0.0,0,0.0
我不认识你-7,2,1,no_media,0,2,2023-05,0.0,1.0,0.0,0,0.0,0,0.0,1,1.0,0,0.0,0,0.0,0,0.0,0,0.0,0,0.0,0,0.0
我们爱听演唱会,2,1,no_media,0,2,2024-03,0.0,0.0,1.0,0,0.0,0,0.0,0,0.0,0,0.0,1,1.0,0,0.0,0,0.0,0,0.0,0,0.0
我们的幸福路,2,1,no_media,3,2,2024-05,0.0,1.0,0.0,0,0.0,1,1.0,0,0.0,0,0.0,0,0.0,0,0.0,0,0.0,0,0.0,0,0.0
我们要有耐心啊,9,8,no_media,0,9,2023-04,0.25,0.125,0.0,5,0.625,1,0.125,0,0.0,2,0.25,0,0.0,0,0.0,0,0.0,0,0.0,0,0.0
我係盲俠,2,1,dual,10,2,2022-09,0.0,0.0,1.0,0,0.0,0,0.0,0,0.0,0,0.0,1,1.0,0,0.0,0,0.0,0,0.0,0,0.0
我叫张三2022,8,7,no_media,0,6,2024-02,0.2857142857142857,0.14285714285714285,0.5714285714285714,0,0.0,1,0.14285714285714285,0,0.0,2,0.2857142857142857,4,0.5714285714285714,0,0.0,0,0.0,0,0.0,0,0.0
我咋没有猫-有猫版,2,1,no_media,0,2,2023-02,1.0,0.0,0.0,0,0.0,0,0.0,0,0.0,0,0.0,0,0.0,0,0.0,1,1.0,0,0.0,0,0.0
我在岛屿森林,2,1,no_media,0,2,2023-04,0.0,0.0,0.0,0,0.0,0,0.0,0,0.0,0,0.0,0,0.0,0,0.0,0,0.0,1,1.0,0,0.0
我在沈阳呼唤您,3,2,no_media,0,3,2023-02,0.0,0.0,1.0,0,0.0,0,0.0,0,0.0,0,0.0,2,1.0,0,0.0,0,0.0,0,0.0,0,0.0
我在现场ing,2,1,no_media,0,2,2022-03,0.0,0.0,1.0,0,0.0,0,0.0,0,0.0,0,0.0,1,1.0,0,0.0,0,0.0,0,0.0,0,0.0
我妈今天咋又骂我了,2,1,no_media,0,2,2023-02,1.0,0.0,0.0,0,0.0,0,0.0,0,0.0,0,0.0,0,0.0,0,0.0,1,1.0,0,0.0,0,0.0
我家狗叫,4,3,no_media,0,4,2023-02,0.0,0.3333333333333333,0.0,0,0.0,0,0.0,1,0.3333333333333333,0,0.0,0,0.0,1,0.3333333333333333,0,0.0,1,0.3333333333333333,0,0.0
我家私厨唐唐,7,6,no_media,0,7,2023-07,0.16666666666666666,0.16666666666666666,0.5,0,0.0,0,0.0,1,0.16666666666666666,1,0.16666666666666666,3,0.5,0,0.0,0,0.0,1,0.16666666666666666,0,0.0
我就是美好呀,2,1,no_media,2,1,2023-08,0.0,0.0,0.0,0,0.0,0,0.0,0,0.0,0,0.0,0,0.0,0,0.0,0,0.0,0,0.0,1,1.0
我就是董亮,3,2,no_media,0,2,2023-06,0.0,0.0,0.0,0,0.0,0,0.0,0,0.0,0,0.0,0,0.0,0,0.0,0,0.0,1,0.5,1,0.5
我岭南人,4,3,no_media,0,4,2023-08,0.3333333333333333,0.3333333333333333,0.3333333333333333,0,0.0,1,0.3333333333333333,0,0.0,1,0.3333333333333333,1,0.3333333333333333,0,0.0,0,0.0,0,0.0,0,0.0
我律社,5,4,no_media,0,5,2023-03,0.0,0.0,1.0,0,0.0,0,0.0,0,0.0,0,0.0,4,1.0,0,0.0,0,0.0,0,0.0,0,0.0
我想成为一束光w-照亮远方,2,1,no_media,0,2,2023-08,0.0,0.0,0.0,1,1.0,0,0.0,0,0.0,0,0.0,0,0.0,0,0.0,0,0.0,0,0.0,0,0.0
我想换个可用的,2,1,no_media,0,2,2024-05,0.0,0.0,1.0,0,0.0,0,0.0,0,0.0,0,0.0,1,1.0,0,0.0,0,0.0,0,0.0,0,0.0
我才是小皮球香蕉梨,5,4,no_media,1,5,2023-02,0.0,0.0,1.0,0,0.0,0,0.0,0,0.0,0,0.0,4,1.0,0,0.0,0,0.0,0,0.0,0,0.0
我才是绻棬,3,2,no_media,1,3,2023-09,0.0,0.5,0.0,0,0.0,0,0.0,1,0.5,0,0.0,0,0.0,0,0.0,0,0.0,0,0.0,1,0.5
我换一个了_,2,1,no_media,0,2,2023-05,0.0,0.0,1.0,0,0.0,0,0.0,0,0.0,0,0.0,1,1.0,0,0.0,0,0.0,0,0.0,0,0.0
我是HYK,5,4,no_media,0,5,2023-05,0.0,0.0,0.25,0,0.0,0,0.0,0,0.0,0,0.0,1,0.25,1,0.25,0,0.0,0,0.0,2,0.5
我是佩儿,3,2,wemedia_only,3,3,2022-12,0.5,0.5,0.0,0,0.0,0,0.0,1,0.5,1,0.5,0,0.0,0,0.0,0,0.0,0,0.0,0,0.0
我是凡仙哈哈,2,1,no_media,0,2,2023-02,0.0,1.0,0.0,0,0.0,1,1.0,0,0.0,0,0.0,0,0.0,0,0.0,0,0.0,0,0.0,0,0.0
我是小妖怪的人,2,1,wemedia_only,9,2,2022-04,0.0,0.0,0.0,0,0.0,0,0.0,0,0.0,0,0.0,0,0.0,1,1.0,0,0.0,0,0.0,0,0.0
我是小胆喵喵,2,1,no_media,0,2,2022-03,0.0,0.0,1.0,0,0.0,0,0.0,0,0.0,0,0.0,1,1.0,0,0.0,0,0.0,0,0.0,0,0.0
我是希尔瑞思,133,132,dual,75,94,2021-08,0.22727272727272727,0.23484848484848486,0.25757575757575757,36,0.2727272727272727,30,0.22727272727272727,1,0.007575757575757576,30,0.22727272727272727,34,0.25757575757575757,0,0.0,0,0.0,1,0.007575757575757576,0,0.0
我是律师的朋友,2,1,no_media,0,2,2022-12,0.0,0.0,1.0,0,0.0,0,0.0,0,0.0,0,0.0,1,1.0,0,0.0,0,0.0,0,0.0,0,0.0
我是无敌战斗,2,1,no_media,0,1,2025-05,0.0,0.0,0.0,1,1.0,0,0.0,0,0.0,0,0.0,0,0.0,0,0.0,0,0.0,0,0.0,0,0.0
我是李翔,2,1,no_media,0,2,2022-12,0.0,0.0,1.0,0,0.0,0,0.0,0,0.0,0,0.0,1,1.0,0,0.0,0,0.0,0,0.0,0,0.0
我是柿缇的虫响,2,1,no_media,0,2,2023-05,0.0,0.0,0.0,0,0.0,0,0.0,0,0.0,0,0.0,0,0.0,0,0.0,0,0.0,0,0.0,1,1.0
我是红蕤呀,3,2,no_media,0,3,2024-01,0.5,0.0,0.0,0,0.0,0,0.0,0,0.0,0,0.0,0,0.0,0,0.0,1,0.5,0,0.0,1,0.5
我是黑则酩,6,5,wemedia_only,9,6,2023-05,0.4,0.2,0.4,0,0.0,1,0.2,0,0.0,2,0.4,2,0.4,0,0.0,0,0.0,0,0.0,0,0.0
我最讨厌星期一,6,5,no_media,0,5,2024-08,0.0,0.0,0.0,0,0.0,0,0.0,0,0.0,0,0.0,0,0.0,1,0.2,0,0.0,1,0.2,3,0.6
我有明珠两颗2,2,1,no_media,1,2,2023-08,0.0,0.0,0.0,0,0.0,0,0.0,0,0.0,0,0.0,0,0.0,0,0.0,0,0.0,0,0.0,1,1.0
我本孤獨何懼寂寞,2,1,mainstream_only,2,2,2023-02,0.0,0.0,1.0,0,0.0,0,0.0,0,0.0,0,0.0,1,1.0,0,0.0,0,0.0,0,0.0,0,0.0
我来码头整点薯条,2,1,no_media,0,2,2024-02,0.0,0.0,1.0,0,0.0,0,0.0,0,0.0,0,0.0,1,1.0,0,0.0,0,0.0,0,0.0,0,0.0
我梦神君_H酱,6,5,no_media,0,4,2023-06,0.0,0.0,0.4,0,0.0,0,0.0,0,0.0,0,0.0,2,0.4,1,0.2,0,0.0,2,0.4,0,0.0
我欲乘风破浪踏破黄沙海洋,5,4,no_media,3,4,2023-11,0.25,0.0,0.75,0,0.0,0,0.0,0,0.0,1,0.25,3,0.75,0,0.0,0,0.0,0,0.0,0,0.0
我没有十元里美,3,2,no_media,2,2,2023-02,0.5,0.5,0.0,0,0.0,1,0.5,0,0.0,0,0.0,0,0.0,0,0.0,1,0.5,0,0.0,0,0.0
我爱丫丫悟,39,38,mainstream_only,26,32,2023-02,0.18421052631578946,0.21052631578947367,0.5789473684210527,1,0.02631578947368421,8,0.21052631578947367,0,0.0,7,0.18421052631578946,22,0.5789473684210527,0,0.0,0,0.0,0,0.0,0,0.0
我爱王嘉尔你打我啊,2,1,no_media,0,2,2023-07,0.0,0.0,0.0,1,1.0,0,0.0,0,0.0,0,0.0,0,0.0,0,0.0,0,0.0,0,0.0,0,0.0
我爸天天偷窥我微博,5,4,no_media,0,5,2023-05,0.25,0.25,0.0,1,0.25,0,0.0,1,0.25,0,0.0,0,0.0,0,0.0,1,0.25,0,0.0,1,0.25
我的健康我做主2016,2,1,no_media,0,2,2023-02,0.0,0.0,1.0,0,0.0,0,0.0,0,0.0,0,0.0,1,1.0,0,0.0,0,0.0,0,0.0,0,0.0
我的兰释在哪里,3,2,no_media,0,3,2023-12,0.0,0.0,0.0,0,0.0,0,0.0,0,0.0,0,0.0,0,0.0,0,0.0,0,0.0,1,0.5,1,0.5
我的孩子我的光,6,5,no_media,6,3,2023-02,0.0,0.0,1.0,0,0.0,0,0.0,0,0.0,0,0.0,5,1.0,0,0.0,0,0.0,0,0.0,0,0.0
我的美式不苦,2,1,no_media,0,2,2024-11,0.0,0.0,1.0,0,0.0,0,0.0,0,0.0,0,0.0,1,1.0,0,0.0,0,0.0,0,0.0,0,0.0
我的记事本-L,2,1,no_media,0,2,2023-06,0.0,0.0,0.0,0,0.0,0,0.0,0,0.0,0,0.0,0,0.0,0,0.0,0,0.0,1,1.0,0,0.0
我脑中的不速之客,2,1,no_media,0,2,2023-07,1.0,0.0,0.0,0,0.0,0,0.0,0,0.0,1,1.0,0,0.0,0,0.0,0,0.0,0,0.0,0,0.0
我苏特稿,9,8,no_media,0,8,2020-10,0.0,0.0,1.0,0,0.0,0,0.0,0,0.0,0,0.0,8,1.0,0,0.0,0,0.0,0,0.0,0,0.0
我被安利了,2,1,no_media,0,2,2025-04,0.0,1.0,0.0,0,0.0,0,0.0,1,1.0,0,0.0,0,0.0,0,0.0,0,0.0,0,0.0,0,0.0
我要是假面骑士我会是这样,2,1,no_media,0,2,2023-03,0.0,0.0,0.0,0,0.0,0,0.0,0,0.0,0,0.0,0,0.0,0,0.0,0,0.0,0,0.0,1,1.0
我谁3,7,6,mainstream_only,6,7,2023-02,0.16666666666666666,0.16666666666666666,0.5,0,0.0,0,0.0,1,0.16666666666666666,1,0.16666666666666666,3,0.5,0,0.0,0,0.0,1,0.16666666666666666,0,0.0
我还是改叫高小达吧,2,1,no_media,0,2,2023-07,0.0,0.0,0.0,0,0.0,0,0.0,0,0.0,0,0.0,0,0.0,0,0.0,0,0.0,0,0.0,1,1.0
我选李泽言有黑卡,2,1,no_media,0,2,2024-11,0.0,0.0,0.0,0,0.0,0,0.0,0,0.0,0,0.0,0,0.0,0,0.0,0,0.0,0,0.0,1,1.0
我醒了以后我就是自己,3,2,no_media,0,3,2023-04,0.0,0.5,0.0,1,0.5,0,0.0,1,0.5,0,0.0,0,0.0,0,0.0,0,0.0,0,0.0,0,0.0
戒心_stacycui,2,1,no_media,0,2,2020-11,0.0,0.0,1.0,0,0.0,0,0.0,0,0.0,0,0.0,1,1.0,0,0.0,0,0.0,0,0.0,0,0.0
戒骄戒躁戒暴食,2,1,no_media,4,2,2024-09,1.0,0.0,0.0,0,0.0,0,0.0,0,0.0,1,1.0,0,0.0,0,0.0,0,0.0,0,0.0,0,0.0
战场观察员,3,2,no_media,0,1,2022-12,0.5,0.0,0.5,0,0.0,0,0.0,0,0.0,1,0.5,1,0.5,0,0.0,0,0.0,0,0.0,0,0.0
战无不胜警官号,5,4,mainstream_only,3,5,2023-05,0.25,0.25,0.0,2,0.5,0,0.0,1,0.25,0,0.0,0,0.0,0,0.0,1,0.25,0,0.0,0,0.0
战甲装研菌,6,5,wemedia_only,7,4,2023-02,0.2,0.2,0.0,0,0.0,0,0.0,1,0.2,0,0.0,0,0.0,1,0.2,1,0.2,1,0.2,1,0.2
戴小卷,2,1,no_media,0,2,2023-04,0.0,0.0,0.0,0,0.0,0,0.0,0,0.0,0,0.0,0,0.0,0,0.0,0,0.0,0,0.0,1,1.0
戴戴訪談3,2,1,no_media,0,2,2023-04,1.0,0.0,0.0,0,0.0,0,0.0,0,0.0,1,1.0,0,0.0,0,0.0,0,0.0,0,0.0,0,0.0
房价之外,2,1,no_media,0,2,2022-12,0.0,0.0,1.0,0,0.0,0,0.0,0,0.0,0,0.0,1,1.0,0,0.0,0,0.0,0,0.0,0,0.0
房山区长沟镇社区卫生服务中心,2,1,no_media,0,2,2023-02,0.0,0.0,1.0,0,0.0,0,0.0,0,0.0,0,0.0,1,1.0,0,0.0,0,0.0,0,0.0,0,0.0
所有登陆名均被用,9,8,no_media,1,8,2023-06,0.125,0.125,0.75,0,0.0,1,0.125,0,0.0,0,0.0,6,0.75,0,0.0,1,0.125,0,0.0,0,0.0
所长别开枪是我,2,1,no_media,0,2,2023-07,0.0,0.0,1.0,0,0.0,0,0.0,0,0.0,0,0.0,1,1.0,0,0.0,0,0.0,0,0.0,0,0.0
扇心纯扇念,4,3,no_media,0,4,2023-03,0.0,0.0,0.0,0,0.0,0,0.0,0,0.0,0,0.0,0,0.0,1,0.3333333333333333,0,0.0,1,0.3333333333333333,1,0.3333333333333333
手感造物,3,2,wemedia_only,1,3,2022-12,0.0,0.0,1.0,0,0.0,0,0.0,0,0.0,0,0.0,2,1.0,0,0.0,0,0.0,0,0.0,0,0.0
手机上的新浪,13,12,no_media,0,12,2023-02,0.0,0.0,1.0,0,0.0,0,0.0,0,0.0,0,0.0,12,1.0,0,0.0,0,0.0,0,0.0,0,0.0
手机头条,3,2,no_media,0,3,2021-03,0.0,0.5,0.5,0,0.0,1,0.5,0,0.0,0,0.0,1,0.5,0,0.0,0,0.0,0,0.0,0,0.0
手机拍客-琳子,2,1,no_media,0,2,2023-12,0.0,1.0,0.0,0,0.0,1,1.0,0,0.0,0,0.0,0,0.0,0,0.0,0,0.0,0,0.0,0,0.0
手机用户3285991060,3,2,no_media,0,3,2023-02,0.0,0.0,1.0,0,0.0,0,0.0,0,0.0,0,0.0,2,1.0,0,0.0,0,0.0,0,0.0,0,0.0
手机用户5156352271,3,2,no_media,3,3,2023-09,0.0,0.0,1.0,0,0.0,0,0.0,0,0.0,0,0.0,2,1.0,0,0.0,0,0.0,0,0.0,0,0.0
才同学-1981,2,1,no_media,0,2,2023-02,0.0,1.0,0.0,0,0.0,1,1.0,0,0.0,0,0.0,0,0.0,0,0.0,0,0.0,0,0.0,0,0.0
扎紧你的篱笆,2,1,wemedia_only,3,2,2021-03,0.0,0.0,0.0,0,0.0,0,0.0,0,0.0,0,0.0,0,0.0,0,0.0,0,0.0,1,1.0,0,0.0
扎西卓玛99999,2,1,no_media,0,2,2024-01,0.0,1.0,0.0,0,0.0,1,1.0,0,0.0,0,0.0,0,0.0,0,0.0,0,0.0,0,0.0,0,0.0
扎西德勒·天珠收藏,2,1,no_media,0,2,2022-01,0.0,0.0,1.0,0,0.0,0,0.0,0,0.0,0,0.0,1,1.0,0,0.0,0,0.0,0,0.0,0,0.0
打一枪换一个地,2,1,no_media,0,2,2023-05,1.0,0.0,0.0,0,0.0,0,0.0,0,0.0,0,0.0,0,0.0,0,0.0,1,1.0,0,0.0,0,0.0
打卡目的地,3,2,no_media,0,3,2024-02,0.0,0.0,1.0,0,0.0,0,0.0,0,0.0,0,0.0,2,1.0,0,0.0,0,0.0,0,0.0,0,0.0
打车去西雅图-椒盐好运种地版,2,1,no_media,0,2,2023-07,0.0,1.0,0.0,0,0.0,0,0.0,1,1.0,0,0.0,0,0.0,0,0.0,0,0.0,0,0.0,0,0.0
托塔天王hkn,2,1,no_media,3,2,2023-07,0.0,0.0,0.0,0,0.0,0,0.0,0,0.0,0,0.0,0,0.0,0,0.0,0,0.0,1,1.0,0,0.0
托尼富,3,2,no_media,0,3,2020-11,0.0,0.0,0.0,2,1.0,0,0.0,0,0.0,0,0.0,0,0.0,0,0.0,0,0.0,0,0.0,0,0.0
托斯卡纳上空的雄鹰,4,3,no_media,0,4,2024-01,0.3333333333333333,0.3333333333333333,0.3333333333333333,0,0.0,1,0.3333333333333333,0,0.0,1,0.3333333333333333,1,0.3333333333333333,0,0.0,0,0.0,0,0.0,0,0.0
托比托2022,2,1,no_media,0,2,2023-05,1.0,0.0,0.0,0,0.0,0,0.0,0,0.0,0,0.0,0,0.0,0,0.0,1,1.0,0,0.0,0,0.0
执业药师讲用药,10,9,no_media,0,10,2024-01,0.0,0.0,1.0,0,0.0,0,0.0,0,0.0,0,0.0,9,1.0,0,0.0,0,0.0,0,0.0,0,0.0
扬子晚报,40,39,no_media,0,37,2020-05,0.02564102564102564,0.02564102564102564,0.9487179487179487,0,0.0,1,0.02564102564102564,0,0.0,1,0.02564102564102564,37,0.9487179487179487,0,0.0,0,0.0,0,0.0,0,0.0
扬州交通广播,8,7,no_media,0,8,2023-03,0.0,0.0,1.0,0,0.0,0,0.0,0,0.0,0,0.0,7,1.0,0,0.0,0,0.0,0,0.0,0,0.0
扬州发布,2,1,no_media,0,2,2023-02,0.0,0.0,1.0,0,0.0,0,0.0,0,0.0,0,0.0,1,1.0,0,0.0,0,0.0,0,0.0,0,0.0
扬州广播电视总台,2,1,no_media,0,2,2023-02,0.0,0.0,1.0,0,0.0,0,0.0,0,0.0,0,0.0,1,1.0,0,0.0,0,0.0,0,0.0,0,0.0
扬州广播电视总台关注,2,1,no_media,0,2,2023-03,0.0,0.0,1.0,0,0.0,0,0.0,0,0.0,0,0.0,1,1.0,0,0.0,0,0.0,0,0.0,0,0.0
扬州日报,3,2,no_media,0,3,2023-05,0.0,0.0,1.0,0,0.0,0,0.0,0,0.0,0,0.0,2,1.0,0,0.0,0,0.0,0,0.0,0,0.0
扬州网,8,7,no_media,0,7,2020-03,0.0,0.0,1.0,0,0.0,0,0.0,0,0.0,0,0.0,7,1.0,0,0.0,0,0.0,0,0.0,0,0.0
扶苏不是复苏,3,2,no_media,2,3,2023-04,0.5,0.0,0.0,0,0.0,0,0.0,0,0.0,1,0.5,0,0.0,0,0.0,0,0.0,1,0.5,0,0.0
找不到那只杯了,2,1,no_media,0,2,2023-02,0.0,0.0,0.0,0,0.0,0,0.0,0,0.0,0,0.0,0,0.0,0,0.0,0,0.0,0,0.0,1,1.0
承岐,2,1,wemedia_only,2,2,2024-01,0.0,0.0,1.0,0,0.0,0,0.0,0,0.0,0,0.0,1,1.0,0,0.0,0,0.0,0,0.0,0,0.0
抄底狂魔,2,1,no_media,0,2,2022-12,0.0,0.0,1.0,0,0.0,0,0.0,0,0.0,0,0.0,1,1.0,0,0.0,0,0.0,0,0.0,0,0.0
投资快报,2,1,no_media,0,2,2024-01,0.0,0.0,1.0,0,0.0,0,0.0,0,0.0,0,0.0,1,1.0,0,0.0,0,0.0,0,0.0,0,0.0
投资研究赵师兄,2,1,no_media,0,2,2024-12,0.0,0.0,0.0,0,0.0,0,0.0,0,0.0,0,0.0,0,0.0,1,1.0,0,0.0,0,0.0,0,0.0
投资者张,2,1,no_media,0,2,2023-02,0.0,0.0,1.0,0,0.0,0,0.0,0,0.0,0,0.0,1,1.0,0,0.0,0,0.0,0,0.0,0,0.0
抗微生物治疗指南,2,1,no_media,0,2,2023-02,0.0,0.0,1.0,0,0.0,0,0.0,0,0.0,0,0.0,1,1.0,0,0.0,0,0.0,0,0.0,0,0.0
抗衰老专家-严文,2,1,no_media,0,2,2023-02,0.0,0.0,1.0,0,0.0,0,0.0,0,0.0,0,0.0,1,1.0,0,0.0,0,0.0,0,0.0,0,0.0
折原露露,2,1,no_media,0,2,2023-06,0.0,0.0,0.0,0,0.0,0,0.0,0,0.0,0,0.0,0,0.0,0,0.0,0,0.0,1,1.0,0,0.0
折多河,2,1,no_media,0,2,2023-12,0.0,0.0,0.0,0,0.0,0,0.0,0,0.0,0,0.0,0,0.0,0,0.0,0,0.0,0,0.0,1,1.0
抚州临川发布,20,19,no_media,0,16,2020-04,0.0,0.0,1.0,0,0.0,0,0.0,0,0.0,0,0.0,19,1.0,0,0.0,0,0.0,0,0.0,0,0.0
抚州发布,9,8,no_media,0,8,2020-11,0.0,0.0,0.875,0,0.0,0,0.0,0,0.0,0,0.0,7,0.875,0,0.0,0,0.0,1,0.125,0,0.0
抚州资溪发布,5,4,mainstream_only,2,5,2020-03,0.0,0.0,1.0,0,0.0,0,0.0,0,0.0,0,0.0,4,1.0,0,0.0,0,0.0,0,0.0,0,0.0
抢我辣条你别跑呀,2,1,no_media,2,2,2022-12,0.0,0.0,0.0,0,0.0,0,0.0,0,0.0,0,0.0,0,0.0,0,0.0,0,0.0,0,0.0,1,1.0
抢救中医黑,7,6,no_media,0,7,2023-03,0.3333333333333333,0.16666666666666666,0.16666666666666666,2,0.3333333333333333,1,0.16666666666666666,0,0.0,2,0.3333333333333333,1,0.16666666666666666,0,0.0,0,0.0,0,0.0,0,0.0
披着海风买一杯果汁,2,1,no_media,0,2,2023-02,0.0,0.0,1.0,0,0.0,0,0.0,0,0.0,0,0.0,1,1.0,0,0.0,0,0.0,0,0.0,0,0.0
抱歉让你等待H,2,1,no_media,0,2,2023-05,0.0,0.0,0.0,0,0.0,0,0.0,0,0.0,0,0.0,0,0.0,0,0.0,0,0.0,0,0.0,1,1.0
抵达悲伤阈值后不再流泪,3,2,no_media,0,2,2023-06,0.0,0.0,1.0,0,0.0,0,0.0,0,0.0,0,0.0,2,1.0,0,0.0,0,0.0,0,0.0,0,0.0
拆台CT,3,2,no_media,0,3,2022-03,0.0,0.5,0.0,1,0.5,1,0.5,0,0.0,0,0.0,0,0.0,0,0.0,0,0.0,0,0.0,0,0.0
拉拉lala尼莫nimo,2,1,no_media,5,2,2023-07,0.0,0.0,0.0,1,1.0,0,0.0,0,0.0,0,0.0,0,0.0,0,0.0,0,0.0,0,0.0,0,0.0
拉斯普廷周可,2,1,no_media,0,2,2023-03,0.0,1.0,0.0,0,0.0,0,0.0,1,1.0,0,0.0,0,0.0,0,0.0,0,0.0,0,0.0,0,0.0
拉格,2,1,no_media,1,2,2023-07,0.0,0.0,0.0,1,1.0,0,0.0,0,0.0,0,0.0,0,0.0,0,0.0,0,0.0,0,0.0,0,0.0
拍帮主,128,127,wemedia_only,37,115,2023-02,0.1732283464566929,0.16535433070866143,0.6141732283464567,6,0.047244094488188976,21,0.16535433070866143,0,0.0,22,0.1732283464566929,78,0.6141732283464567,0,0.0,0,0.0,0,0.0,0,0.0
拍潼南,2,1,no_media,0,2,2024-07,0.0,0.0,1.0,0,0.0,0,0.0,0,0.0,0,0.0,1,1.0,0,0.0,0,0.0,0,0.0,0,0.0
拔丝憨包,2,1,no_media,0,2,2023-04,0.0,0.0,0.0,0,0.0,0,0.0,0,0.0,0,0.0,0,0.0,0,0.0,0,0.0,0,0.0,1,1.0
拙手偶得,6,5,no_media,1,6,2023-02,0.2,0.2,0.4,0,0.0,1,0.2,0,0.0,1,0.2,2,0.4,0,0.0,0,0.0,1,0.2,0,0.0
招募试药员高薪优待,19,18,no_media,0,19,2023-02,0.0,0.0,1.0,0,0.0,0,0.0,0,0.0,0,0.0,18,1.0,0,0.0,0,0.0,0,0.0,0,0.0
招商基金,2,1,no_media,0,2,2023-11,0.0,0.0,1.0,0,0.0,0,0.0,0,0.0,0,0.0,1,1.0,0,0.0,0,0.0,0,0.0,0,0.0
拜占庭帝国王,2,1,no_media,0,2,2024-01,0.0,0.0,0.0,0,0.0,0,0.0,0,0.0,0,0.0,0,0.0,0,0.0,0,0.0,0,0.0,1,1.0
拜托我cp远离58号模型,2,1,no_media,2,2,2023-04,1.0,0.0,0.0,0,0.0,0,0.0,0,0.0,1,1.0,0,0.0,0,0.0,0,0.0,0,0.0,0,0.0
拱墅发布,2,1,no_media,0,2,2022-04,0.0,0.0,1.0,0,0.0,0,0.0,0,0.0,0,0.0,1,1.0,0,0.0,0,0.0,0,0.0,0,0.0
拳妹,2,1,no_media,0,2,2024-05,0.0,0.0,0.0,1,1.0,0,0.0,0,0.0,0,0.0,0,0.0,0,0.0,0,0.0,0,0.0,0,0.0
拼客云Yuntrip,3,2,no_media,2,3,2023-02,0.0,0.0,0.5,0,0.0,0,0.0,0,0.0,0,0.0,1,0.5,0,0.0,0,0.0,1,0.5,0,0.0
拼接峡谷,2,1,no_media,3,2,2024-07,0.0,0.0,1.0,0,0.0,0,0.0,0,0.0,0,0.0,1,1.0,0,0.0,0,0.0,0,0.0,0,0.0
拾叄_Altered,2,1,no_media,0,2,2023-09,0.0,0.0,0.0,0,0.0,0,0.0,0,0.0,0,0.0,0,0.0,1,1.0,0,0.0,0,0.0,0,0.0
拾子儿_,3,2,no_media,0,1,2023-10,0.0,0.0,1.0,0,0.0,0,0.0,0,0.0,0,0.0,2,1.0,0,0.0,0,0.0,0,0.0,0,0.0
拾月21天,2,1,no_media,0,2,2023-05,0.0,0.0,0.0,0,0.0,0,0.0,0,0.0,0,0.0,0,0.0,1,1.0,0,0.0,0,0.0,0,0.0
拿铁二点零,2,1,no_media,0,2,2023-05,0.0,0.0,1.0,0,0.0,0,0.0,0,0.0,0,0.0,1,1.0,0,0.0,0,0.0,0,0.0,0,0.0
持有A股十八年盼解套,6,5,no_media,2,6,2023-06,0.0,0.0,0.4,0,0.0,0,0.0,0,0.0,0,0.0,2,0.4,2,0.4,0,0.0,1,0.2,0,0.0
按尾号摔杯,3,2,no_media,0,3,2021-11,0.0,0.0,1.0,0,0.0,0,0.0,0,0.0,0,0.0,2,1.0,0,0.0,0,0.0,0,0.0,0,0.0
挖坑埋雷小能手,2,1,no_media,0,2,2023-02,0.0,0.0,0.0,0,0.0,0,0.0,0,0.0,0,0.0,0,0.0,1,1.0,0,0.0,0,0.0,0,0.0
挖资本主义墙角的李大锤,3,2,no_media,1,3,2023-01,0.0,0.0,0.0,0,0.0,0,0.0,0,0.0,0,0.0,0,0.0,1,0.5,0,0.0,1,0.5,0,0.0
挡ba股,4,3,mainstream_only,4,3,2024-03,0.3333333333333333,0.0,0.3333333333333333,1,0.3333333333333333,0,0.0,0,0.0,1,0.3333333333333333,1,0.3333333333333333,0,0.0,0,0.0,0,0.0,0,0.0
挡不住的黑科技,5,4,no_media,6,5,2024-01,0.0,0.0,1.0,0,0.0,0,0.0,0,0.0,0,0.0,4,1.0,0,0.0,0,0.0,0,0.0,0,0.0
挪微,2,1,no_media,2,1,2025-03,0.0,0.0,1.0,0,0.0,0,0.0,0,0.0,0,0.0,1,1.0,0,0.0,0,0.0,0,0.0,0,0.0
振东集团,2,1,no_media,0,2,2022-03,0.0,0.0,1.0,0,0.0,0,0.0,0,0.0,0,0.0,1,1.0,0,0.0,0,0.0,0,0.0,0,0.0
振浩辰宇,5,4,no_media,0,5,2023-03,0.0,0.0,1.0,0,0.0,0,0.0,0,0.0,0,0.0,4,1.0,0,0.0,0,0.0,0,0.0,0,0.0
振花宇,2,1,wemedia_only,1,2,2024-03,1.0,0.0,0.0,0,0.0,0,0.0,0,0.0,0,0.0,0,0.0,0,0.0,1,1.0,0,0.0,0,0.0
捂眼联盟,2,1,no_media,0,1,2022-12,0.0,0.0,1.0,0,0.0,0,0.0,0,0.0,0,0.0,1,1.0,0,0.0,0,0.0,0,0.0,0,0.0
捣艾绒记事本,2,1,no_media,0,2,2023-11,0.0,0.0,1.0,0,0.0,0,0.0,0,0.0,0,0.0,1,1.0,0,0.0,0,0.0,0,0.0,0,0.0
据说Gilgamesh和Enkidu是好盆友,2,1,no_media,1,2,2022-10,0.0,1.0,0.0,0,0.0,1,1.0,0,0.0,0,0.0,0,0.0,0,0.0,0,0.0,0,0.0,0,0.0
掀开你的棺材,2,1,no_media,0,2,2023-10,0.0,0.0,0.0,1,1.0,0,0.0,0,0.0,0,0.0,0,0.0,0,0.0,0,0.0,0,0.0,0,0.0
掌心一颗痣_Y,2,1,no_media,0,2,2023-06,0.0,0.0,0.0,1,1.0,0,0.0,0,0.0,0,0.0,0,0.0,0,0.0,0,0.0,0,0.0,0,0.0
掐住一只朵朵,2,1,no_media,0,2,2025-02,0.0,0.0,1.0,0,0.0,0,0.0,0,0.0,0,0.0,1,1.0,0,0.0,0,0.0,0,0.0,0,0.0
探蕊求花小蜜蜂,2,1,wemedia_only,5,2,2023-02,1.0,0.0,0.0,0,0.0,0,0.0,0,0.0,1,1.0,0,0.0,0,0.0,0,0.0,0,0.0,0,0.0
推石上山198505,3,2,mainstream_only,3,3,2022-12,0.5,0.5,0.0,0,0.0,1,0.5,0,0.0,1,0.5,0,0.0,0,0.0,0,0.0,0,0.0,0,0.0
揆度奇恒,18,17,no_media,3,18,2023-02,0.0,0.0,1.0,0,0.0,0,0.0,0,0.0,0,0.0,17,1.0,0,0.0,0,0.0,0,0.0,0,0.0
提拉米苏慕斯咖啡,2,1,no_media,2,2,2023-02,0.0,0.0,1.0,0,0.0,0,0.0,0,0.0,0,0.0,1,1.0,0,0.0,0,0.0,0,0.0,0,0.0
揪鸠就酒,7,6,wemedia_only,12,7,2023-06,0.16666666666666666,0.16666666666666666,0.16666666666666666,1,0.16666666666666666,1,0.16666666666666666,0,0.0,1,0.16666666666666666,1,0.16666666666666666,1,0.16666666666666666,0,0.0,1,0.16666666666666666,0,0.0
揭西随礼汇,4,3,no_media,0,4,2023-05,0.0,0.0,1.0,0,0.0,0,0.0,0,0.0,0,0.0,3,1.0,0,0.0,0,0.0,0,0.0,0,0.0
搜狐健康,29,28,no_media,0,29,2022-05,0.0,0.0,1.0,0,0.0,0,0.0,0,0.0,0,0.0,28,1.0,0,0.0,0,0.0,0,0.0,0,0.0
搜狐新闻客户端,2,1,no_media,0,2,2023-05,0.0,0.0,1.0,0,0.0,0,0.0,0,0.0,0,0.0,1,1.0,0,0.0,0,0.0,0,0.0,0,0.0
搜罗安阳,3,2,no_media,0,1,2022-03,0.5,0.5,0.0,0,0.0,1,0.5,0,0.0,1,0.5,0,0.0,0,0.0,0,0.0,0,0.0,0,0.0
搜讯,2,1,no_media,0,1,2022-03,0.0,0.0,1.0,0,0.0,0,0.0,0,0.0,0,0.0,1,1.0,0,0.0,0,0.0,0,0.0,0,0.0
搞某人,2,1,no_media,0,2,2023-02,1.0,0.0,0.0,0,0.0,0,0.0,0,0.0,1,1.0,0,0.0,0,0.0,0,0.0,0,0.0,0,0.0
摆烂喵日常,2,1,no_media,0,2,2023-02,1.0,0.0,0.0,0,0.0,0,0.0,0,0.0,1,1.0,0,0.0,0,0.0,0,0.0,0,0.0,0,0.0
摇钱树下聚财源,2,1,no_media,0,2,2023-03,0.0,0.0,1.0,0,0.0,0,0.0,0,0.0,0,0.0,1,1.0,0,0.0,0,0.0,0,0.0,0,0.0
摔倒即躺喵,2,1,no_media,0,2,2023-02,0.0,1.0,0.0,0,0.0,0,0.0,1,1.0,0,0.0,0,0.0,0,0.0,0,0.0,0,0.0,0,0.0
摘下一颗小星星呀,4,3,wemedia_only,7,4,2023-05,0.3333333333333333,0.0,0.6666666666666666,0,0.0,0,0.0,0,0.0,1,0.3333333333333333,2,0.6666666666666666,0,0.0,0,0.0,0,0.0,0,0.0
摘日者,3,2,no_media,0,3,2024-06,0.0,0.5,0.5,0,0.0,1,0.5,0,0.0,0,0.0,1,0.5,0,0.0,0,0.0,0,0.0,0,0.0
摘星可晚,2,1,no_media,0,2,2023-07,0.0,0.0,0.0,0,0.0,0,0.0,0,0.0,0,0.0,0,0.0,0,0.0,0,0.0,1,1.0,0,0.0
摩多鱼,2,1,no_media,0,2,2023-02,1.0,0.0,0.0,0,0.0,0,0.0,0,0.0,0,0.0,0,0.0,0,0.0,1,1.0,0,0.0,0,0.0
摩羯锦鲤姐姐,16,15,no_media,1,15,2023-02,0.13333333333333333,0.13333333333333333,0.13333333333333333,2,0.13333333333333333,1,0.06666666666666667,1,0.06666666666666667,0,0.0,2,0.13333333333333333,3,0.2,2,0.13333333333333333,1,0.06666666666666667,3,0.2
摸到云朵了,2,1,no_media,0,2,2023-06,0.0,0.0,0.0,0,0.0,0,0.0,0,0.0,0,0.0,0,0.0,1,1.0,0,0.0,0,0.0,0,0.0
摸摸摸摸了你滴卡,2,1,no_media,0,2,2023-02,0.0,0.0,0.0,0,0.0,0,0.0,0,0.0,0,0.0,0,0.0,0,0.0,0,0.0,0,0.0,1,1.0
操奇制胜,2,1,no_media,0,2,2023-02,0.0,0.0,1.0,0,0.0,0,0.0,0,0.0,0,0.0,1,1.0,0,0.0,0,0.0,0,0.0,0,0.0
擒牛师叶汶昌,3,2,no_media,2,3,2023-02,0.0,0.0,1.0,0,0.0,0,0.0,0,0.0,0,0.0,2,1.0,0,0.0,0,0.0,0,0.0,0,0.0
擦擦拉丁,2,1,wemedia_only,1,2,2023-04,0.0,0.0,0.0,0,0.0,0,0.0,0,0.0,0,0.0,0,0.0,1,1.0,0,0.0,0,0.0,0,0.0
支个小摊儿卖煎饼,2,1,no_media,0,2,2024-01,0.0,0.0,0.0,0,0.0,0,0.0,0,0.0,0,0.0,0,0.0,0,0.0,0,0.0,0,0.0,1,1.0
支点财经,4,3,no_media,0,4,2023-02,0.0,0.0,1.0,0,0.0,0,0.0,0,0.0,0,0.0,3,1.0,0,0.0,0,0.0,0,0.0,0,0.0
改名字咋这么麻烦,2,1,no_media,2,2,2022-03,0.0,0.0,0.0,0,0.0,0,0.0,0,0.0,0,0.0,0,0.0,0,0.0,0,0.0,1,1.0,0,0.0
政知新媒体,10,9,no_media,0,10,2023-12,0.0,0.0,1.0,0,0.0,0,0.0,0,0.0,0,0.0,9,1.0,0,0.0,0,0.0,0,0.0,0,0.0
故国华年,2,1,no_media,0,2,2023-04,0.0,0.0,1.0,0,0.0,0,0.0,0,0.0,0,0.0,1,1.0,0,0.0,0,0.0,0,0.0,0,0.0
故萧桉,2,1,no_media,0,1,2024-12,0.0,0.0,1.0,0,0.0,0,0.0,0,0.0,0,0.0,1,1.0,0,0.0,0,0.0,0,0.0,0,0.0
敏感肌與酒糟肌的肌戒毒皮膚重建,4,3,no_media,0,4,2023-03,0.0,0.0,1.0,0,0.0,0,0.0,0,0.0,0,0.0,3,1.0,0,0.0,0,0.0,0,0.0,0,0.0
敏敏在小森林,2,1,no_media,0,2,2023-05,0.0,0.0,0.0,0,0.0,0,0.0,0,0.0,0,0.0,0,0.0,0,0.0,0,0.0,1,1.0,0,0.0
救命啊------,2,1,no_media,0,2,2022-12,0.0,0.0,0.0,0,0.0,0,0.0,0,0.0,0,0.0,0,0.0,0,0.0,0,0.0,1,1.0,0,0.0
教在麻省,3,2,no_media,0,3,2023-02,0.0,0.0,0.5,0,0.0,0,0.0,0,0.0,0,0.0,1,0.5,0,0.0,0,0.0,1,0.5,0,0.0
教育圆桌,5,4,no_media,0,5,2023-02,0.0,0.0,1.0,0,0.0,0,0.0,0,0.0,0,0.0,4,1.0,0,0.0,0,0.0,0,0.0,0,0.0
敢说我爱你吗,2,1,no_media,0,2,2023-09,0.0,0.0,0.0,0,0.0,0,0.0,0,0.0,0,0.0,0,0.0,0,0.0,0,0.0,0,0.0,1,1.0
数字智慧-平郡蓝,6,5,no_media,0,6,2023-11,0.4,0.4,0.2,0,0.0,2,0.4,0,0.0,2,0.4,1,0.2,0,0.0,0,0.0,0,0.0,0,0.0
数码头条,2,1,no_media,0,2,2022-10,0.0,0.0,1.0,0,0.0,0,0.0,0,0.0,0,0.0,1,1.0,0,0.0,0,0.0,0,0.0,0,0.0
数码王小机,2,1,no_media,0,2,2024-03,0.0,0.0,0.0,0,0.0,0,0.0,0,0.0,0,0.0,0,0.0,0,0.0,0,0.0,0,0.0,1,1.0
敲可爱的瑚小晞,2,1,no_media,0,2,2023-05,1.0,0.0,0.0,0,0.0,0,0.0,0,0.0,0,0.0,0,0.0,0,0.0,1,1.0,0,0.0,0,0.0
敷和中医LI,7,6,wemedia_only,5,7,2023-03,0.0,0.0,1.0,0,0.0,0,0.0,0,0.0,0,0.0,6,1.0,0,0.0,0,0.0,0,0.0,0,0.0
敷着面膜的太阳YM已撤销,4,3,no_media,4,1,2024-12,0.0,0.0,0.0,3,1.0,0,0.0,0,0.0,0,0.0,0,0.0,0,0.0,0,0.0,0,0.0,0,0.0
文化人永远不会错,4,3,mainstream_only,2,4,2023-02,0.3333333333333333,0.3333333333333333,0.3333333333333333,0,0.0,1,0.3333333333333333,0,0.0,1,0.3333333333333333,1,0.3333333333333333,0,0.0,0,0.0,0,0.0,0,0.0
文化知识学习,7,6,no_media,0,7,2023-02,0.16666666666666666,0.16666666666666666,0.3333333333333333,0,0.0,1,0.16666666666666666,0,0.0,1,0.16666666666666666,2,0.3333333333333333,1,0.16666666666666666,0,0.0,1,0.16666666666666666,0,0.0
文化艺术报报社,5,4,no_media,0,5,2020-03,0.0,0.0,1.0,0,0.0,0,0.0,0,0.0,0,0.0,4,1.0,0,0.0,0,0.0,0,0.0,0,0.0
文卿卿我,2,1,no_media,0,2,2024-11,0.0,0.0,0.0,0,0.0,0,0.0,0,0.0,0,0.0,0,0.0,0,0.0,0,0.0,1,1.0,0,0.0
文尔Neco,5,4,no_media,1,5,2023-02,0.25,0.0,0.75,0,0.0,0,0.0,0,0.0,1,0.25,3,0.75,0,0.0,0,0.0,0,0.0,0,0.0
文山发布--官方微博,3,2,no_media,0,3,2023-05,0.0,0.0,1.0,0,0.0,0,0.0,0,0.0,0,0.0,2,1.0,0,0.0,0,0.0,0,0.0,0,0.0
文明三门峡市第三中学,2,1,mainstream_only,1,2,2023-02,0.0,0.0,1.0,0,0.0,0,0.0,0,0.0,0,0.0,1,1.0,0,0.0,0,0.0,0,0.0,0,0.0
文明南昌,2,1,no_media,0,2,2021-01,0.0,0.0,1.0,0,0.0,0,0.0,0,0.0,0,0.0,1,1.0,0,0.0,0,0.0,0,0.0,0,0.0
文明开封市人民医院,4,3,no_media,0,4,2023-03,0.0,0.0,1.0,0,0.0,0,0.0,0,0.0,0,0.0,3,1.0,0,0.0,0,0.0,0,0.0,0,0.0
文明江西,3,2,no_media,0,3,2021-09,0.0,0.0,1.0,0,0.0,0,0.0,0,0.0,0,0.0,2,1.0,0,0.0,0,0.0,0,0.0,0,0.0
文明通州,2,1,no_media,0,2,2023-03,0.0,0.0,1.0,0,0.0,0,0.0,0,0.0,0,0.0,1,1.0,0,0.0,0,0.0,0,0.0,0,0.0
文明长春,2,1,no_media,0,2,2023-02,0.0,0.0,1.0,0,0.0,0,0.0,0,0.0,0,0.0,1,1.0,0,0.0,0,0.0,0,0.0,0,0.0
文森特2019,2,1,no_media,3,2,2023-01,0.0,0.0,0.0,0,0.0,0,0.0,0,0.0,0,0.0,0,0.0,0,0.0,0,0.0,0,0.0,1,1.0
文汇报,18,17,no_media,0,18,2020-04,0.0,0.0,1.0,0,0.0,0,0.0,0,0.0,0,0.0,17,1.0,0,0.0,0,0.0,0,0.0,0,0.0
文理青年,4,3,no_media,0,4,2022-12,0.0,0.0,1.0,0,0.0,0,0.0,0,0.0,0,0.0,3,1.0,0,0.0,0,0.0,0,0.0,0,0.0
文绎·饭醉大师,2,1,no_media,0,2,2023-07,0.0,0.0,0.0,0,0.0,0,0.0,0,0.0,0,0.0,0,0.0,0,0.0,0,0.0,1,1.0,0,0.0
文艺不可无趣,4,3,no_media,0,4,2023-03,0.0,0.0,0.0,0,0.0,0,0.0,0,0.0,0,0.0,0,0.0,0,0.0,0,0.0,1,0.3333333333333333,2,0.6666666666666666
文轩指数,2,1,no_media,0,2,2023-05,0.0,0.0,1.0,0,0.0,0,0.0,0,0.0,0,0.0,1,1.0,0,0.0,0,0.0,0,0.0,0,0.0
斑驳碎光,3,2,wemedia_only,2,2,2023-05,0.0,0.5,0.0,1,0.5,0,0.0,1,0.5,0,0.0,0,0.0,0,0.0,0,0.0,0,0.0,0,0.0
断剑天涯,3,2,wemedia_only,5,2,2022-03,0.0,0.0,1.0,0,0.0,0,0.0,0,0.0,0,0.0,2,1.0,0,0.0,0,0.0,0,0.0,0,0.0
斯坦福大学亚裔肝脏中心,3,2,no_media,0,3,2024-08,0.0,0.0,1.0,0,0.0,0,0.0,0,0.0,0,0.0,2,1.0,0,0.0,0,0.0,0,0.0,0,0.0
斯夫K,6,5,no_media,0,6,2023-08,0.0,0.0,0.0,0,0.0,0,0.0,0,0.0,0,0.0,0,0.0,2,0.4,0,0.0,2,0.4,1,0.2
新京报,16,15,no_media,0,16,2023-02,0.0,0.0,1.0,0,0.0,0,0.0,0,0.0,0,0.0,15,1.0,0,0.0,0,0.0,0,0.0,0,0.0
新京报我们视频,2,1,no_media,0,2,2023-02,0.0,0.0,1.0,0,0.0,0,0.0,0,0.0,0,0.0,1,1.0,0,0.0,0,0.0,0,0.0,0,0.0
新京报教育新闻,2,1,no_media,0,2,2023-02,0.0,0.0,1.0,0,0.0,0,0.0,0,0.0,0,0.0,1,1.0,0,0.0,0,0.0,0,0.0,0,0.0
新侠客行,2,1,no_media,0,2,2023-07,0.0,0.0,1.0,0,0.0,0,0.0,0,0.0,0,0.0,1,1.0,0,0.0,0,0.0,0,0.0,0,0.0
新冠后遗症,3,2,no_media,1,2,2023-07,0.0,0.0,1.0,0,0.0,0,0.0,0,0.0,0,0.0,2,1.0,0,0.0,0,0.0,0,0.0,0,0.0
新创业联盟,2,1,no_media,0,2,2023-10,0.0,0.0,0.0,0,0.0,0,0.0,0,0.0,0,0.0,0,0.0,1,1.0,0,0.0,0,0.0,0,0.0
新华日报,29,28,no_media,0,28,2020-03,0.0,0.0,1.0,0,0.0,0,0.0,0,0.0,0,0.0,28,1.0,0,0.0,0,0.0,0,0.0,0,0.0
新华财经官方微博,3,2,no_media,0,3,2023-02,0.0,0.0,1.0,0,0.0,0,0.0,0,0.0,0,0.0,2,1.0,0,0.0,0,0.0,0,0.0,0,0.0
新叶天天长老--李日新,4,3,wemedia_only,8,4,2023-02,0.0,0.0,1.0,0,0.0,0,0.0,0,0.0,0,0.0,3,1.0,0,0.0,0,0.0,0,0.0,0,0.0
新周刊,2,1,no_media,0,2,2023-11,0.0,0.0,1.0,0,0.0,0,0.0,0,0.0,0,0.0,1,1.0,0,0.0,0,0.0,0,0.0,0,0.0
新天地的小窝,34,33,no_media,0,34,2023-02,0.0,0.0,1.0,0,0.0,0,0.0,0,0.0,0,0.0,33,1.0,0,0.0,0,0.0,0,0.0,0,0.0
新娘无尽夏,2,1,no_media,2,2,2022-12,0.0,0.0,0.0,0,0.0,0,0.0,0,0.0,0,0.0,0,0.0,1,1.0,0,0.0,0,0.0,0,0.0
新快报,2,1,no_media,0,2,2025-05,0.0,0.0,1.0,0,0.0,0,0.0,0,0.0,0,0.0,1,1.0,0,0.0,0,0.0,0,0.0,0,0.0
新思财经,3,2,no_media,0,3,2023-02,0.0,0.0,1.0,0,0.0,0,0.0,0,0.0,0,0.0,2,1.0,0,0.0,0,0.0,0,0.0,0,0.0
新日生物,12,11,no_media,0,11,2023-03,0.0,0.0,1.0,0,0.0,0,0.0,0,0.0,0,0.0,11,1.0,0,0.0,0,0.0,0,0.0,0,0.0
新时代中国外交思想库,3,2,no_media,0,3,2023-02,0.0,0.0,1.0,0,0.0,0,0.0,0,0.0,0,0.0,2,1.0,0,0.0,0,0.0,0,0.0,0,0.0
新时代舆情,2,1,no_media,0,2,2021-11,0.0,0.0,1.0,0,0.0,0,0.0,0,0.0,0,0.0,1,1.0,0,0.0,0,0.0,0,0.0,0,0.0
新晚报,24,23,no_media,0,23,2020-03,0.0,0.0,1.0,0,0.0,0,0.0,0,0.0,0,0.0,23,1.0,0,0.0,0,0.0,0,0.0,0,0.0
新欧洲战法,5,4,no_media,0,5,2021-12,0.0,0.25,0.5,1,0.25,1,0.25,0,0.0,0,0.0,2,0.5,0,0.0,0,0.0,0,0.0,0,0.0
新民周刊,30,29,no_media,0,28,2020-03,0.0,0.0,1.0,0,0.0,0,0.0,0,0.0,0,0.0,29,1.0,0,0.0,0,0.0,0,0.0,0,0.0
新民晚报新民网,55,54,no_media,0,51,2020-03,0.018518518518518517,0.018518518518518517,0.9629629629629629,0,0.0,1,0.018518518518518517,0,0.0,1,0.018518518518518517,52,0.9629629629629629,0,0.0,0,0.0,0,0.0,0,0.0
新法治报,10,9,no_media,0,9,2022-12,0.0,0.0,1.0,0,0.0,0,0.0,0,0.0,0,0.0,9,1.0,0,0.0,0,0.0,0,0.0,0,0.0
新泰麒麟哥,2,1,no_media,0,2,2024-08,0.0,0.0,0.0,0,0.0,0,0.0,0,0.0,0,0.0,0,0.0,0,0.0,0,0.0,1,1.0,0,0.0
新派新闻,5,4,no_media,0,5,2025-02,0.25,0.25,0.5,0,0.0,1,0.25,0,0.0,1,0.25,2,0.5,0,0.0,0,0.0,0,0.0,0,0.0
新浪中医药,12,11,no_media,0,12,2023-03,0.0,0.0,1.0,0,0.0,0,0.0,0,0.0,0,0.0,11,1.0,0,0.0,0,0.0,0,0.0,0,0.0
新浪健康,6,5,wemedia_only,1,6,2023-02,0.0,0.0,1.0,0,0.0,0,0.0,0,0.0,0,0.0,5,1.0,0,0.0,0,0.0,0,0.0,0,0.0
新浪健康派,24,23,no_media,0,22,2023-02,0.0,0.0,1.0,0,0.0,0,0.0,0,0.0,0,0.0,23,1.0,0,0.0,0,0.0,0,0.0,0,0.0
新浪医典,3,2,no_media,0,3,2023-05,0.0,0.0,1.0,0,0.0,0,0.0,0,0.0,0,0.0,2,1.0,0,0.0,0,0.0,0,0.0,0,0.0
新浪医药,73,72,no_media,0,65,2023-05,0.013888888888888888,0.013888888888888888,0.9444444444444444,0,0.0,1,0.013888888888888888,0,0.0,1,0.013888888888888888,68,0.9444444444444444,1,0.013888888888888888,0,0.0,1,0.013888888888888888,0,0.0
新浪博客,4,3,no_media,0,4,2023-03,0.0,0.0,1.0,0,0.0,0,0.0,0,0.0,0,0.0,3,1.0,0,0.0,0,0.0,0,0.0,0,0.0
新浪厦门,3,2,no_media,0,3,2023-05,0.0,0.0,1.0,0,0.0,0,0.0,0,0.0,0,0.0,2,1.0,0,0.0,0,0.0,0,0.0,0,0.0
新浪图片,3,2,no_media,0,3,2023-06,0.0,0.0,1.0,0,0.0,0,0.0,0,0.0,0,0.0,2,1.0,0,0.0,0,0.0,0,0.0,0,0.0
新浪圈子,3,2,no_media,0,3,2023-06,0.0,0.0,1.0,0,0.0,0,0.0,0,0.0,0,0.0,2,1.0,0,0.0,0,0.0,0,0.0,0,0.0
新浪大文娱,2,1,no_media,0,2,2023-04,0.0,0.0,1.0,0,0.0,0,0.0,0,0.0,0,0.0,1,1.0,0,0.0,0,0.0,0,0.0,0,0.0
新浪天津,2,1,no_media,0,2,2025-06,0.0,0.0,1.0,0,0.0,0,0.0,0,0.0,0,0.0,1,1.0,0,0.0,0,0.0,0,0.0,0,0.0
新浪娱乐,3,2,no_media,0,3,2023-04,0.0,0.0,1.0,0,0.0,0,0.0,0,0.0,0,0.0,2,1.0,0,0.0,0,0.0,0,0.0,0,0.0
新浪广东,5,4,no_media,0,5,2023-03,0.0,0.0,0.5,0,0.0,0,0.0,0,0.0,0,0.0,2,0.5,1,0.25,0,0.0,1,0.25,0,0.0
新浪教育,2,1,no_media,0,2,2023-03,0.0,0.0,1.0,0,0.0,0,0.0,0,0.0,0,0.0,1,1.0,0,0.0,0,0.0,0,0.0,0,0.0
新浪文旅,2,1,no_media,0,2,2025-05,0.0,0.0,1.0,0,0.0,0,0.0,0,0.0,0,0.0,1,1.0,0,0.0,0,0.0,0,0.0,0,0.0
新浪新知,9,8,no_media,0,6,2023-02,0.0,0.0,1.0,0,0.0,0,0.0,0,0.0,0,0.0,8,1.0,0,0.0,0,0.0,0,0.0,0,0.0
新浪新闻,26,25,no_media,0,21,2023-02,0.0,0.0,1.0,0,0.0,0,0.0,0,0.0,0,0.0,25,1.0,0,0.0,0,0.0,0,0.0,0,0.0
新浪新闻客户端,5,4,no_media,0,5,2023-06,0.25,0.25,0.5,0,0.0,1,0.25,0,0.0,1,0.25,2,0.5,0,0.0,0,0.0,0,0.0,0,0.0
新浪新闻滚动,12,11,no_media,0,12,2023-03,0.0,0.0,1.0,0,0.0,0,0.0,0,0.0,0,0.0,11,1.0,0,0.0,0,0.0,0,0.0,0,0.0
新浪新闻热榜,4,3,no_media,0,4,2023-05,0.0,0.0,1.0,0,0.0,0,0.0,0,0.0,0,0.0,3,1.0,0,0.0,0,0.0,0,0.0,0,0.0
新浪深圳,2,1,no_media,0,2,2025-05,0.0,0.0,1.0,0,0.0,0,0.0,0,0.0,0,0.0,1,1.0,0,0.0,0,0.0,0,0.0,0,0.0
新浪深圳科技频道,2,1,no_media,0,1,2020-11,0.0,0.0,1.0,0,0.0,0,0.0,0,0.0,0,0.0,1,1.0,0,0.0,0,0.0,0,0.0,0,0.0
新浪湖北健康频道,2,1,no_media,0,2,2022-03,0.0,0.0,1.0,0,0.0,0,0.0,0,0.0,0,0.0,1,1.0,0,0.0,0,0.0,0,0.0,0,0.0
新浪潮流官,2,1,no_media,0,2,2023-10,0.0,0.0,1.0,0,0.0,0,0.0,0,0.0,0,0.0,1,1.0,0,0.0,0,0.0,0,0.0,0,0.0
新浪热点,60,59,wemedia_only,3,54,2023-02,0.03389830508474576,0.03389830508474576,0.9322033898305084,0,0.0,2,0.03389830508474576,0,0.0,2,0.03389830508474576,55,0.9322033898305084,0,0.0,0,0.0,0,0.0,0,0.0
新浪生活,2,1,no_media,0,2,2024-11,0.0,0.0,1.0,0,0.0,0,0.0,0,0.0,0,0.0,1,1.0,0,0.0,0,0.0,0,0.0,0,0.0
新浪看点,2,1,no_media,0,2,2023-10,0.0,0.0,1.0,0,0.0,0,0.0,0,0.0,0,0.0,1,1.0,0,0.0,0,0.0,0,0.0,0,0.0
新浪科技,2,1,no_media,0,2,2023-04,0.0,0.0,1.0,0,0.0,0,0.0,0,0.0,0,0.0,1,1.0,0,0.0,0,0.0,0,0.0,0,0.0
新浪科普,2,1,no_media,0,2,2024-07,0.0,0.0,1.0,0,0.0,0,0.0,0,0.0,0,0.0,1,1.0,0,0.0,0,0.0,0,0.0,0,0.0
新浪视频,7,6,no_media,0,7,2023-03,0.0,0.0,1.0,0,0.0,0,0.0,0,0.0,0,0.0,6,1.0,0,0.0,0,0.0,0,0.0,0,0.0
新浪财经,2,1,no_media,0,1,2024-05,1.0,0.0,0.0,0,0.0,0,0.0,0,0.0,1,1.0,0,0.0,0,0.0,0,0.0,0,0.0,0,0.0
新浪财经VPlus会员服务,2,1,no_media,0,2,2024-05,0.0,0.0,1.0,0,0.0,0,0.0,0,0.0,0,0.0,1,1.0,0,0.0,0,0.0,0,0.0,0,0.0
新浪财经医药,3,2,no_media,0,3,2023-02,0.0,0.0,1.0,0,0.0,0,0.0,0,0.0,0,0.0,2,1.0,0,0.0,0,0.0,0,0.0,0,0.0
新浪陕西,5,4,no_media,0,5,2023-02,0.0,0.0,1.0,0,0.0,0,0.0,0,0.0,0,0.0,4,1.0,0,0.0,0,0.0,0,0.0,0,0.0
新浪青年,5,4,no_media,0,5,2023-06,0.0,0.0,1.0,0,0.0,0,0.0,0,0.0,0,0.0,4,1.0,0,0.0,0,0.0,0,0.0,0,0.0
新浪颜选,2,1,no_media,0,2,2023-04,0.0,0.0,1.0,0,0.0,0,0.0,0,0.0,0,0.0,1,1.0,0,0.0,0,0.0,0,0.0,0,0.0
新火试新茶茶茶,6,5,mainstream_only,2,6,2023-02,0.2,0.2,0.4,1,0.2,1,0.2,0,0.0,1,0.2,2,0.4,0,0.0,0,0.0,0,0.0,0,0.0
新烨文化,2,1,no_media,0,2,2025-02,0.0,0.0,1.0,0,0.0,0,0.0,0,0.0,0,0.0,1,1.0,0,0.0,0,0.0,0,0.0,0,0.0
新疆何淼,7,6,no_media,1,7,2023-02,0.0,0.0,0.5,0,0.0,0,0.0,0,0.0,0,0.0,3,0.5,1,0.16666666666666666,0,0.0,1,0.16666666666666666,1,0.16666666666666666
新疆察叔,2,1,mainstream_only,1,2,2025-02,0.0,0.0,1.0,0,0.0,0,0.0,0,0.0,0,0.0,1,1.0,0,0.0,0,0.0,0,0.0,0,0.0
新疆平安网,2,1,no_media,0,2,2023-02,0.0,0.0,1.0,0,0.0,0,0.0,0,0.0,0,0.0,1,1.0,0,0.0,0,0.0,0,0.0,0,0.0
新疆网络举报,2,1,no_media,0,2,2022-12,0.0,0.0,1.0,0,0.0,0,0.0,0,0.0,0,0.0,1,1.0,0,0.0,0,0.0,0,0.0,0,0.0
新疆西部传媒有限公司,2,1,no_media,0,2,2022-10,0.0,0.0,1.0,0,0.0,0,0.0,0,0.0,0,0.0,1,1.0,0,0.0,0,0.0,0,0.0,0,0.0
新知实验室lab,2,1,no_media,0,2,2023-05,0.0,0.0,1.0,0,0.0,0,0.0,0,0.0,0,0.0,1,1.0,0,0.0,0,0.0,0,0.0,0,0.0
新药临床观察,11,10,no_media,0,11,2023-06,0.0,0.0,1.0,0,0.0,0,0.0,0,0.0,0,0.0,10,1.0,0,0.0,0,0.0,0,0.0,0,0.0
新西兰先驱报中文网,2,1,no_media,0,2,2024-01,0.0,1.0,0.0,0,0.0,1,1.0,0,0.0,0,0.0,0,0.0,0,0.0,0,0.0,0,0.0,0,0.0
新西兰早知道,2,1,no_media,0,2,2022-03,0.0,0.0,0.0,1,1.0,0,0.0,0,0.0,0,0.0,0,0.0,0,0.0,0,0.0,0,0.0,0,0.0
新警事儿,4,3,no_media,0,4,2020-03,0.0,0.0,1.0,0,0.0,0,0.0,0,0.0,0,0.0,3,1.0,0,0.0,0,0.0,0,0.0,0,0.0
新赛罕V,12,11,no_media,0,11,2023-02,0.0,0.0,1.0,0,0.0,0,0.0,0,0.0,0,0.0,11,1.0,0,0.0,0,0.0,0,0.0,0,0.0
新邱宣传,6,5,no_media,0,6,2023-02,0.0,0.0,1.0,0,0.0,0,0.0,0,0.0,0,0.0,5,1.0,0,0.0,0,0.0,0,0.0,0,0.0
新都服务,2,1,no_media,0,2,2023-02,0.0,0.0,1.0,0,0.0,0,0.0,0,0.0,0,0.0,1,1.0,0,0.0,0,0.0,0,0.0,0,0.0
新闻110,3,2,no_media,0,3,2023-03,0.0,0.0,1.0,0,0.0,0,0.0,0,0.0,0,0.0,2,1.0,0,0.0,0,0.0,0,0.0,0,0.0
新闻一加一,4,3,no_media,0,2,2023-02,0.0,0.0,1.0,0,0.0,0,0.0,0,0.0,0,0.0,3,1.0,0,0.0,0,0.0,0,0.0,0,0.0
新闻晨报,68,67,no_media,0,50,2022-12,0.05970149253731343,0.05970149253731343,0.8059701492537313,0,0.0,4,0.05970149253731343,0,0.0,4,0.05970149253731343,54,0.8059701492537313,2,0.029850746268656716,0,0.0,2,0.029850746268656716,1,0.014925373134328358
新闻种草官,27,26,no_media,0,26,2022-04,0.0,0.0,1.0,0,0.0,0,0.0,0,0.0,0,0.0,26,1.0,0,0.0,0,0.0,0,0.0,0,0.0
方俞伟,2,1,no_media,1,2,2023-08,1.0,0.0,0.0,0,0.0,0,0.0,0,0.0,0,0.0,0,0.0,0,0.0,1,1.0,0,0.0,0,0.0
方大同正牌女友,3,2,no_media,0,3,2023-02,0.5,0.0,0.0,0,0.0,0,0.0,0,0.0,0,0.0,0,0.0,0,0.0,1,0.5,0,0.0,1,0.5
方子强,5,4,no_media,1,5,2023-04,0.0,0.0,1.0,0,0.0,0,0.0,0,0.0,0,0.0,4,1.0,0,0.0,0,0.0,0,0.0,0,0.0
方志辉Fang,2,1,no_media,0,2,2024-08,0.0,0.0,1.0,0,0.0,0,0.0,0,0.0,0,0.0,1,1.0,0,0.0,0,0.0,0,0.0,0,0.0
方枪枪去哪儿了,2,1,mainstream_only,1,2,2023-04,0.0,0.0,0.0,0,0.0,0,0.0,0,0.0,0,0.0,0,0.0,0,0.0,0,0.0,1,1.0,0,0.0
方枪枪的小红花儿,2,1,no_media,2,2,2022-12,0.0,0.0,1.0,0,0.0,0,0.0,0,0.0,0,0.0,1,1.0,0,0.0,0,0.0,0,0.0,0,0.0
方正之间,5,4,no_media,0,5,2023-02,0.0,0.0,1.0,0,0.0,0,0.0,0,0.0,0,0.0,4,1.0,0,0.0,0,0.0,0,0.0,0,0.0
方糖山楂片,2,1,no_media,12,2,2023-09,0.0,0.0,1.0,0,0.0,0,0.0,0,0.0,0,0.0,1,1.0,0,0.0,0,0.0,0,0.0,0,0.0
方脉守时,5,4,no_media,0,5,2023-09,0.0,0.0,1.0,0,0.0,0,0.0,0,0.0,0,0.0,4,1.0,0,0.0,0,0.0,0,0.0,0,0.0
方脑壳邓铂鋆,92,91,dual,13,82,2022-10,0.13186813186813187,0.13186813186813187,0.6373626373626373,4,0.04395604395604396,10,0.10989010989010989,2,0.02197802197802198,11,0.12087912087912088,58,0.6373626373626373,2,0.02197802197802198,1,0.01098901098901099,3,0.03296703296703297,0,0.0
方舟健客,11,10,no_media,0,10,2023-02,0.0,0.0,1.0,0,0.0,0,0.0,0,0.0,0,0.0,10,1.0,0,0.0,0,0.0,0,0.0,0,0.0
方苒生,2,1,no_media,0,2,2023-05,0.0,0.0,0.0,0,0.0,0,0.0,0,0.0,0,0.0,0,0.0,0,0.0,0,0.0,1,1.0,0,0.0
旅者云舒,2,1,dual,3,2,2023-06,0.0,0.0,1.0,0,0.0,0,0.0,0,0.0,0,0.0,1,1.0,0,0.0,0,0.0,0,0.0,0,0.0
旅行医学和国际医学,9,8,no_media,0,9,2023-02,0.0,0.0,1.0,0,0.0,0,0.0,0,0.0,0,0.0,8,1.0,0,0.0,0,0.0,0,0.0,0,0.0
旋转的lemon,3,2,no_media,5,3,2023-04,0.0,0.5,0.0,0,0.0,1,0.5,0,0.0,0,0.0,0,0.0,1,0.5,0,0.0,0,0.0,0,0.0
旗帜飞扬爱生活,4,3,no_media,6,4,2022-08,0.0,0.0,1.0,0,0.0,0,0.0,0,0.0,0,0.0,3,1.0,0,0.0,0,0.0,0,0.0,0,0.0
旗木兔子佳,2,1,no_media,0,2,2023-09,0.0,0.0,0.0,0,0.0,0,0.0,0,0.0,0,0.0,0,0.0,0,0.0,0,0.0,1,1.0,0,0.0
无事不轻谈,5,4,no_media,0,5,2023-02,0.0,0.0,1.0,0,0.0,0,0.0,0,0.0,0,0.0,4,1.0,0,0.0,0,0.0,0,0.0,0,0.0
无名代王199910,4,3,no_media,1,4,2023-02,0.0,0.0,0.6666666666666666,0,0.0,0,0.0,0,0.0,0,0.0,2,0.6666666666666666,0,0.0,0,0.0,1,0.3333333333333333,0,0.0
无处可去的童年,2,1,no_media,0,2,2023-02,0.0,0.0,0.0,0,0.0,0,0.0,0,0.0,0,0.0,0,0.0,0,0.0,0,0.0,0,0.0,1,1.0
无尽夏夏子,2,1,no_media,0,2,2023-12,0.0,0.0,0.0,0,0.0,0,0.0,0,0.0,0,0.0,0,0.0,0,0.0,0,0.0,0,0.0,1,1.0
无心之拳,3,2,no_media,1,3,2023-03,0.0,0.0,0.0,2,1.0,0,0.0,0,0.0,0,0.0,0,0.0,0,0.0,0,0.0,0,0.0,0,0.0
无心简影,5,4,no_media,2,5,2023-04,0.0,0.25,0.75,0,0.0,1,0.25,0,0.0,0,0.0,3,0.75,0,0.0,0,0.0,0,0.0,0,0.0
无志老头,4,3,no_media,1,4,2023-03,0.0,0.0,0.0,0,0.0,0,0.0,0,0.0,0,0.0,0,0.0,0,0.0,0,0.0,1,0.3333333333333333,2,0.6666666666666666
无忧差评,6,5,wemedia_only,2,6,2022-03,0.4,0.2,0.2,1,0.2,1,0.2,0,0.0,2,0.4,1,0.2,0,0.0,0,0.0,0,0.0,0,0.0
无所谓ya丶,4,3,no_media,0,3,2022-05,0.0,0.0,1.0,0,0.0,0,0.0,0,0.0,0,0.0,3,1.0,0,0.0,0,0.0,0,0.0,0,0.0
无所谓呦315,3,2,wemedia_only,10,3,2023-07,0.5,0.0,0.0,1,0.5,0,0.0,0,0.0,1,0.5,0,0.0,0,0.0,0,0.0,0,0.0,0,0.0
无敌小九九kaka,2,1,no_media,0,2,2023-06,0.0,0.0,1.0,0,0.0,0,0.0,0,0.0,0,0.0,1,1.0,0,0.0,0,0.0,0,0.0,0,0.0
无敌小米周妈妈,2,1,mainstream_only,2,2,2023-03,0.0,0.0,1.0,0,0.0,0,0.0,0,0.0,0,0.0,1,1.0,0,0.0,0,0.0,0,0.0,0,0.0
无敌幸运小番茄,2,1,dual,4,2,2023-08,0.0,0.0,1.0,0,0.0,0,0.0,0,0.0,0,0.0,1,1.0,0,0.0,0,0.0,0,0.0,0,0.0
无法成为野兽-,2,1,no_media,0,2,2023-02,0.0,0.0,0.0,0,0.0,0,0.0,0,0.0,0,0.0,0,0.0,0,0.0,0,0.0,0,0.0,1,1.0
无法放弃的瞬间,4,3,no_media,0,4,2023-03,0.3333333333333333,0.0,0.0,0,0.0,0,0.0,0,0.0,0,0.0,0,0.0,0,0.0,1,0.3333333333333333,0,0.0,2,0.6666666666666666
无波子,3,2,no_media,0,3,2023-02,0.0,0.0,1.0,0,0.0,0,0.0,0,0.0,0,0.0,2,1.0,0,0.0,0,0.0,0,0.0,0,0.0
无渐次,2,1,no_media,4,2,2023-02,0.0,0.0,1.0,0,0.0,0,0.0,0,0.0,0,0.0,1,1.0,0,0.0,0,0.0,0,0.0,0,0.0
无痕阅盘,3,2,no_media,2,2,2022-04,0.5,0.5,0.0,0,0.0,1,0.5,0,0.0,1,0.5,0,0.0,0,0.0,0,0.0,0,0.0,0,0.0
无目的的鸟,2,1,no_media,0,2,2023-02,0.0,0.0,0.0,0,0.0,0,0.0,0,0.0,0,0.0,0,0.0,0,0.0,0,0.0,0,0.0,1,1.0
无穷的探索2,2,1,no_media,9,2,2023-08,0.0,1.0,0.0,0,0.0,1,1.0,0,0.0,0,0.0,0,0.0,0,0.0,0,0.0,0,0.0,0,0.0
无线鹤壁,5,4,no_media,0,5,2020-03,0.0,0.0,1.0,0,0.0,0,0.0,0,0.0,0,0.0,4,1.0,0,0.0,0,0.0,0,0.0,0,0.0
无芳不成媛,2,1,no_media,0,2,2023-07,0.0,0.0,0.0,0,0.0,0,0.0,0,0.0,0,0.0,0,0.0,1,1.0,0,0.0,0,0.0,0,0.0
无边桃炎,9,8,no_media,2,9,2023-02,0.0,0.0,0.125,0,0.0,0,0.0,0,0.0,0,0.0,1,0.125,2,0.25,0,0.0,3,0.375,2,0.25
无锡eTV,15,14,no_media,0,15,2023-02,0.0,0.0,1.0,0,0.0,0,0.0,0,0.0,0,0.0,14,1.0,0,0.0,0,0.0,0,0.0,0,0.0
无锡博报,17,16,no_media,0,15,2020-05,0.0,0.0,1.0,0,0.0,0,0.0,0,0.0,0,0.0,16,1.0,0,0.0,0,0.0,0,0.0,0,0.0
无锡发布,2,1,no_media,0,2,2023-05,0.0,0.0,1.0,0,0.0,0,0.0,0,0.0,0,0.0,1,1.0,0,0.0,0,0.0,0,0.0,0,0.0
无锡日报,2,1,no_media,0,2,2022-03,0.0,0.0,1.0,0,0.0,0,0.0,0,0.0,0,0.0,1,1.0,0,0.0,0,0.0,0,0.0,0,0.0
日兴总业___日本买房租房,2,1,no_media,0,2,2023-02,0.0,0.0,1.0,0,0.0,0,0.0,0,0.0,0,0.0,1,1.0,0,0.0,0,0.0,0,0.0,0,0.0
日奈绘_,2,1,no_media,0,2,2023-02,1.0,0.0,0.0,0,0.0,0,0.0,0,0.0,0,0.0,0,0.0,0,0.0,1,1.0,0,0.0,0,0.0
日日徒然,4,3,no_media,4,4,2023-06,0.3333333333333333,0.3333333333333333,0.3333333333333333,0,0.0,1,0.3333333333333333,0,0.0,1,0.3333333333333333,1,0.3333333333333333,0,0.0,0,0.0,0,0.0,0,0.0
日本共同社,2,1,no_media,0,2,2023-02,0.0,0.0,1.0,0,0.0,0,0.0,0,0.0,0,0.0,1,1.0,0,0.0,0,0.0,0,0.0,0,0.0
日本医疗-日本体检-L鑫,3,2,no_media,0,3,2024-03,0.0,0.0,1.0,0,0.0,0,0.0,0,0.0,0,0.0,2,1.0,0,0.0,0,0.0,0,0.0,0,0.0
日本国立冈山大学长春上海办事处,4,3,no_media,0,4,2023-12,0.0,0.0,1.0,0,0.0,0,0.0,0,0.0,0,0.0,3,1.0,0,0.0,0,0.0,0,0.0,0,0.0
日本干细胞Motif银座Clinic,5,4,no_media,0,3,2023-01,0.0,0.0,1.0,0,0.0,0,0.0,0,0.0,0,0.0,4,1.0,0,0.0,0,0.0,0,0.0,0,0.0
日本昊宇,2,1,no_media,0,2,2023-08,0.0,0.0,0.0,0,0.0,0,0.0,0,0.0,0,0.0,0,0.0,0,0.0,0,0.0,1,1.0,0,0.0
日本沙雕日常,4,3,no_media,17,4,2022-09,0.0,0.0,0.0,3,1.0,0,0.0,0,0.0,0,0.0,0,0.0,0,0.0,0,0.0,0,0.0,0,0.0
日本现场,2,1,no_media,0,2,2020-08,0.0,0.0,1.0,0,0.0,0,0.0,0,0.0,0,0.0,1,1.0,0,0.0,0,0.0,0,0.0,0,0.0
日本笑死我了,2,1,no_media,12,2,2022-09,1.0,0.0,0.0,0,0.0,0,0.0,0,0.0,1,1.0,0,0.0,0,0.0,0,0.0,0,0.0,0,0.0
日本龟田综合医院,6,5,no_media,0,6,2022-12,0.0,0.0,1.0,0,0.0,0,0.0,0,0.0,0,0.0,5,1.0,0,0.0,0,0.0,0,0.0,0,0.0
日照网,17,16,no_media,0,15,2022-01,0.0,0.0,1.0,0,0.0,0,0.0,0,0.0,0,0.0,16,1.0,0,0.0,0,0.0,0,0.0,0,0.0
日番谷桃子lovetakanori,3,2,mainstream_only,2,3,2023-03,0.0,0.0,0.0,0,0.0,0,0.0,0,0.0,0,0.0,0,0.0,1,0.5,0,0.0,0,0.0,1,0.5
日经中文网,4,3,no_media,0,4,2023-02,0.0,0.0,1.0,0,0.0,0,0.0,0,0.0,0,0.0,3,1.0,0,0.0,0,0.0,0,0.0,0,0.0
日记mine,2,1,no_media,0,2,2023-05,1.0,0.0,0.0,0,0.0,0,0.0,0,0.0,1,1.0,0,0.0,0,0.0,0,0.0,0,0.0,0,0.0
日记君六生,2,1,no_media,1,2,2023-10,0.0,0.0,0.0,0,0.0,0,0.0,0,0.0,0,0.0,0,0.0,0,0.0,0,0.0,0,0.0,1,1.0
早上好各位我是拆家小鹿,2,1,no_media,3,2,2023-05,1.0,0.0,0.0,0,0.0,0,0.0,0,0.0,1,1.0,0,0.0,0,0.0,0,0.0,0,0.0,0,0.0
早婚早育混血女儿,3,2,no_media,31,3,2021-06,0.0,0.5,0.5,0,0.0,1,0.5,0,0.0,0,0.0,1,0.5,0,0.0,0,0.0,0,0.0,0,0.0
早报网,4,3,no_media,0,4,2023-03,0.0,0.0,1.0,0,0.0,0,0.0,0,0.0,0,0.0,3,1.0,0,0.0,0,0.0,0,0.0,0,0.0
早熟,3,2,no_media,2,3,2023-07,0.5,0.0,0.5,0,0.0,0,0.0,0,0.0,1,0.5,1,0.5,0,0.0,0,0.0,0,0.0,0,0.0
早起是新生,2,1,no_media,2,1,2023-04,0.0,1.0,0.0,0,0.0,0,0.0,1,1.0,0,0.0,0,0.0,0,0.0,0,0.0,0,0.0,0,0.0
时代郑观,2,1,no_media,0,2,2023-05,0.0,0.0,1.0,0,0.0,0,0.0,0,0.0,0,0.0,1,1.0,0,0.0,0,0.0,0,0.0,0,0.0
时代风向标栏目组,2,1,no_media,0,2,2022-03,0.0,0.0,1.0,0,0.0,0,0.0,0,0.0,0,0.0,1,1.0,0,0.0,0,0.0,0,0.0,0,0.0
时光2024fhdfjjk,2,1,dual,9,2,2020-03,0.0,0.0,1.0,0,0.0,0,0.0,0,0.0,0,0.0,1,1.0,0,0.0,0,0.0,0,0.0,0,0.0
时光2025年,2,1,mainstream_only,2,2,2023-11,0.0,0.0,1.0,0,0.0,0,0.0,0,0.0,0,0.0,1,1.0,0,0.0,0,0.0,0,0.0,0,0.0
时光之心惟精一,6,5,mainstream_only,5,6,2023-08,0.0,0.0,1.0,0,0.0,0,0.0,0,0.0,0,0.0,5,1.0,0,0.0,0,0.0,0,0.0,0,0.0
时光叽,3,2,no_media,0,3,2024-06,0.5,0.5,0.0,0,0.0,1,0.5,0,0.0,1,0.5,0,0.0,0,0.0,0,0.0,0,0.0,0,0.0
时光旅人yingzi,2,1,no_media,0,2,2023-08,0.0,0.0,0.0,0,0.0,0,0.0,0,0.0,0,0.0,0,0.0,1,1.0,0,0.0,0,0.0,0,0.0
时光站预防中心,2,1,no_media,0,2,2023-01,0.0,0.0,1.0,0,0.0,0,0.0,0,0.0,0,0.0,1,1.0,0,0.0,0,0.0,0,0.0,0,0.0
时宴迷妹,4,3,no_media,0,4,2023-03,0.0,0.0,0.0,0,0.0,0,0.0,0,0.0,0,0.0,0,0.0,0,0.0,0,0.0,1,0.3333333333333333,2,0.6666666666666666
时尚健康,2,1,no_media,0,2,2023-10,0.0,0.0,1.0,0,0.0,0,0.0,0,0.0,0,0.0,1,1.0,0,0.0,0,0.0,0,0.0,0,0.0
时尚小白兔,2,1,no_media,0,2,2024-08,0.0,0.0,1.0,0,0.0,0,0.0,0,0.0,0,0.0,1,1.0,0,0.0,0,0.0,0,0.0,0,0.0
时常惦记颖,3,2,no_media,0,1,2025-05,0.0,0.0,1.0,0,0.0,0,0.0,0,0.0,0,0.0,2,1.0,0,0.0,0,0.0,0,0.0,0,0.0
时悦初一6,2,1,no_media,3,2,2023-01,0.0,0.0,0.0,1,1.0,0,0.0,0,0.0,0,0.0,0,0.0,0,0.0,0,0.0,0,0.0,0,0.0
时时顺心天天开心,3,2,no_media,0,3,2022-03,0.0,0.5,0.0,0,0.0,0,0.0,1,0.5,0,0.0,0,0.0,0,0.0,0,0.0,1,0.5,0,0.0
时知医客,2,1,no_media,0,2,2025-05,0.0,0.0,1.0,0,0.0,0,0.0,0,0.0,0,0.0,1,1.0,0,0.0,0,0.0,0,0.0,0,0.0
时空点播,8,7,no_media,6,7,2022-06,0.2857142857142857,0.14285714285714285,0.5714285714285714,0,0.0,1,0.14285714285714285,0,0.0,2,0.2857142857142857,4,0.5714285714285714,0,0.0,0,0.0,0,0.0,0,0.0
时蝇喜箭,3,2,wemedia_only,2,2,2023-11,0.0,0.0,0.5,0,0.0,0,0.0,0,0.0,0,0.0,1,0.5,0,0.0,0,0.0,1,0.5,0,0.0
时视频,3,2,no_media,0,3,2022-12,0.0,0.0,1.0,0,0.0,0,0.0,0,0.0,0,0.0,2,1.0,0,0.0,0,0.0,0,0.0,0,0.0
时說新舆,2,1,no_media,0,2,2023-05,0.0,0.0,1.0,0,0.0,0,0.0,0,0.0,0,0.0,1,1.0,0,0.0,0,0.0,0,0.0,0,0.0
时间新闻视频,2,1,no_media,0,2,2022-07,0.0,0.0,1.0,0,0.0,0,0.0,0,0.0,0,0.0,1,1.0,0,0.0,0,0.0,0,0.0,0,0.0
时间视频,20,19,no_media,0,17,2020-04,0.0,0.0,1.0,0,0.0,0,0.0,0,0.0,0,0.0,19,1.0,0,0.0,0,0.0,0,0.0,0,0.0
旺仔福气多多唐,2,1,no_media,1,2,2023-04,0.0,0.0,0.0,0,0.0,0,0.0,0,0.0,0,0.0,0,0.0,0,0.0,0,0.0,0,0.0,1,1.0
旺儿的时尚与读书笔记,2,1,no_media,0,2,2023-04,0.0,0.0,1.0,0,0.0,0,0.0,0,0.0,0,0.0,1,1.0,0,0.0,0,0.0,0,0.0,0,0.0
旺旺小元子,2,1,no_media,0,2,2023-04,0.0,0.0,0.0,0,0.0,0,0.0,0,0.0,0,0.0,0,0.0,1,1.0,0,0.0,0,0.0,0,0.0
旺财希望世界和平,3,2,no_media,0,3,2023-11,0.0,0.0,0.0,0,0.0,0,0.0,0,0.0,0,0.0,0,0.0,1,0.5,0,0.0,0,0.0,1,0.5
昆仑轻行,2,1,wemedia_only,3,2,2023-04,0.0,0.0,1.0,0,0.0,0,0.0,0,0.0,0,0.0,1,1.0,0,0.0,0,0.0,0,0.0,0,0.0
昆明三一一医院官微,2,1,no_media,0,2,2023-07,0.0,0.0,1.0,0,0.0,0,0.0,0,0.0,0,0.0,1,1.0,0,0.0,0,0.0,0,0.0,0,0.0
昆明东川发布,13,12,no_media,0,9,2021-02,0.08333333333333333,0.08333333333333333,0.8333333333333334,0,0.0,1,0.08333333333333333,0,0.0,1,0.08333333333333333,10,0.8333333333333334,0,0.0,0,0.0,0,0.0,0,0.0
昆明五华发布,33,32,mainstream_only,1,30,2021-01,0.0,0.0,1.0,0,0.0,0,0.0,0,0.0,0,0.0,32,1.0,0,0.0,0,0.0,0,0.0,0,0.0
昆明信息港,11,10,no_media,0,10,2020-04,0.0,0.0,1.0,0,0.0,0,0.0,0,0.0,0,0.0,10,1.0,0,0.0,0,0.0,0,0.0,0,0.0
昆明友谊医院,3,2,no_media,0,3,2023-01,0.0,0.0,1.0,0,0.0,0,0.0,0,0.0,0,0.0,2,1.0,0,0.0,0,0.0,0,0.0,0,0.0
昆明国家高新区发布,6,5,no_media,0,5,2023-02,0.0,0.0,1.0,0,0.0,0,0.0,0,0.0,0,0.0,5,1.0,0,0.0,0,0.0,0,0.0,0,0.0
昆明富民发布,10,9,no_media,0,9,2021-05,0.0,0.0,1.0,0,0.0,0,0.0,0,0.0,0,0.0,9,1.0,0,0.0,0,0.0,0,0.0,0,0.0
昆明寻甸发布,2,1,no_media,0,2,2022-12,0.0,0.0,1.0,0,0.0,0,0.0,0,0.0,0,0.0,1,1.0,0,0.0,0,0.0,0,0.0,0,0.0
昆明市西山区发布,11,10,mainstream_only,3,9,2023-02,0.0,0.0,1.0,0,0.0,0,0.0,0,0.0,0,0.0,10,1.0,0,0.0,0,0.0,0,0.0,0,0.0
昆明广播电视台,35,34,no_media,0,28,2021-08,0.0,0.0,1.0,0,0.0,0,0.0,0,0.0,0,0.0,34,1.0,0,0.0,0,0.0,0,0.0,0,0.0
昆明日报掌上春城,31,30,no_media,0,29,2021-04,0.0,0.0,1.0,0,0.0,0,0.0,0,0.0,0,0.0,30,1.0,0,0.0,0,0.0,0,0.0,0,0.0
昆明晋宁发布,3,2,no_media,0,3,2023-03,0.0,0.0,1.0,0,0.0,0,0.0,0,0.0,0,0.0,2,1.0,0,0.0,0,0.0,0,0.0,0,0.0
昆明禄劝发布,6,5,no_media,0,6,2022-03,0.0,0.0,1.0,0,0.0,0,0.0,0,0.0,0,0.0,5,1.0,0,0.0,0,0.0,0,0.0,0,0.0
昆明经济技术开发区管委会,2,1,no_media,0,2,2023-05,0.0,0.0,1.0,0,0.0,0,0.0,0,0.0,0,0.0,1,1.0,0,0.0,0,0.0,0,0.0,0,0.0
昆明警方发布,3,2,mainstream_only,1,3,2022-12,0.0,0.0,1.0,0,0.0,0,0.0,0,0.0,0,0.0,2,1.0,0,0.0,0,0.0,0,0.0,0,0.0
昆明防震,2,1,no_media,0,2,2023-02,0.0,0.0,1.0,0,0.0,0,0.0,0,0.0,0,0.0,1,1.0,0,0.0,0,0.0,0,0.0,0,0.0
昆明阳宗海风景名胜区,2,1,no_media,0,2,2023-02,0.0,0.0,1.0,0,0.0,0,0.0,0,0.0,0,0.0,1,1.0,0,0.0,0,0.0,0,0.0,0,0.0
昊939301012020,20,19,no_media,0,14,2024-11,0.10526315789473684,0.10526315789473684,0.42105263157894735,1,0.05263157894736842,2,0.10526315789473684,0,0.0,1,0.05263157894736842,8,0.42105263157894735,4,0.21052631578947367,1,0.05263157894736842,2,0.10526315789473684,0,0.0
昌平报,11,10,no_media,0,11,2020-04,0.0,0.0,1.0,0,0.0,0,0.0,0,0.0,0,0.0,10,1.0,0,0.0,0,0.0,0,0.0,0,0.0
昌邑融媒,3,2,no_media,0,3,2023-06,0.0,0.0,1.0,0,0.0,0,0.0,0,0.0,0,0.0,2,1.0,0,0.0,0,0.0,0,0.0,0,0.0
明东征提督李如松,7,6,mainstream_only,6,4,2023-12,0.3333333333333333,0.16666666666666666,0.3333333333333333,0,0.0,0,0.0,1,0.16666666666666666,1,0.16666666666666666,2,0.3333333333333333,0,0.0,1,0.16666666666666666,0,0.0,1,0.16666666666666666
明亚保险经纪暖麻,3,2,no_media,0,3,2023-02,0.0,0.0,1.0,0,0.0,0,0.0,0,0.0,0,0.0,2,1.0,0,0.0,0,0.0,0,0.0,0,0.0
明亭道人,3,2,no_media,1,3,2023-05,0.0,0.0,0.0,0,0.0,0,0.0,0,0.0,0,0.0,0,0.0,1,0.5,0,0.0,1,0.5,0,0.0
明人不说暗皮,2,1,no_media,0,2,2023-01,0.0,0.0,1.0,0,0.0,0,0.0,0,0.0,0,0.0,1,1.0,0,0.0,0,0.0,0,0.0,0,0.0
明光发布,3,2,no_media,0,3,2023-02,0.0,0.0,1.0,0,0.0,0,0.0,0,0.0,0,0.0,2,1.0,0,0.0,0,0.0,0,0.0,0,0.0
明医好药君和堂,6,5,no_media,0,6,2024-03,0.0,0.0,1.0,0,0.0,0,0.0,0,0.0,0,0.0,5,1.0,0,0.0,0,0.0,0,0.0,0,0.0
明天的明1230,5,4,wemedia_only,12,5,2023-06,0.5,0.25,0.25,0,0.0,1,0.25,0,0.0,2,0.5,1,0.25,0,0.0,0,0.0,0,0.0,0,0.0
明日头条,5,4,no_media,0,5,2023-02,0.0,0.0,1.0,0,0.0,0,0.0,0,0.0,0,0.0,4,1.0,0,0.0,0,0.0,0,0.0,0,0.0
明明如月moon,2,1,no_media,3,2,2023-01,0.0,0.0,0.0,0,0.0,0,0.0,0,0.0,0,0.0,0,0.0,0,0.0,0,0.0,0,0.0,1,1.0
明星特别任务,2,1,no_media,0,2,2023-06,0.0,0.0,1.0,0,0.0,0,0.0,0,0.0,0,0.0,1,1.0,0,0.0,0,0.0,0,0.0,0,0.0
明星视窗,3,2,mainstream_only,1,3,2023-12,0.0,0.0,1.0,0,0.0,0,0.0,0,0.0,0,0.0,2,1.0,0,0.0,0,0.0,0,0.0,0,0.0
明月清风共辞忧,3,2,no_media,0,3,2023-02,0.0,0.0,0.0,0,0.0,0,0.0,0,0.0,0,0.0,0,0.0,0,0.0,0,0.0,0,0.0,2,1.0
明月清风我-CSC,2,1,no_media,0,2,2023-05,0.0,0.0,0.0,0,0.0,0,0.0,0,0.0,0,0.0,0,0.0,1,1.0,0,0.0,0,0.0,0,0.0
易中健,6,5,no_media,0,6,2024-02,0.4,0.2,0.4,0,0.0,1,0.2,0,0.0,2,0.4,2,0.4,0,0.0,0,0.0,0,0.0,0,0.0
易可中医连锁,4,3,no_media,0,4,2023-01,0.0,0.0,1.0,0,0.0,0,0.0,0,0.0,0,0.0,3,1.0,0,0.0,0,0.0,0,0.0,0,0.0
易喜糕,3,2,no_media,6,2,2022-12,0.0,0.0,0.5,0,0.0,0,0.0,0,0.0,0,0.0,1,0.5,0,0.0,0,0.0,1,0.5,0,0.0
易学小盒,2,1,no_media,0,2,2023-06,0.0,0.0,1.0,0,0.0,0,0.0,0,0.0,0,0.0,1,1.0,0,0.0,0,0.0,0,0.0,0,0.0
易拉宝三号,14,13,mainstream_only,13,14,2023-04,0.15384615384615385,0.15384615384615385,0.5384615384615384,0,0.0,2,0.15384615384615385,0,0.0,2,0.15384615384615385,7,0.5384615384615384,1,0.07692307692307693,0,0.0,1,0.07692307692307693,0,0.0
易拉罐和它的扣,2,1,no_media,0,2,2023-02,0.0,1.0,0.0,0,0.0,0,0.0,1,1.0,0,0.0,0,0.0,0,0.0,0,0.0,0,0.0,0,0.0
易灸灸黄雅兰120118992,3,2,no_media,0,3,2023-03,0.0,0.0,1.0,0,0.0,0,0.0,0,0.0,0,0.0,2,1.0,0,0.0,0,0.0,0,0.0,0,0.0
易瑾楠初_EEQ,2,1,no_media,0,2,2022-12,0.0,0.0,0.0,0,0.0,0,0.0,0,0.0,0,0.0,0,0.0,1,1.0,0,0.0,0,0.0,0,0.0
易辰山人,16,15,no_media,0,16,2023-02,0.06666666666666667,0.06666666666666667,0.8666666666666667,0,0.0,1,0.06666666666666667,0,0.0,1,0.06666666666666667,13,0.8666666666666667,0,0.0,0,0.0,0,0.0,0,0.0
易阳先生,6,5,no_media,1,5,2023-02,0.2,0.4,0.4,0,0.0,2,0.4,0,0.0,1,0.2,2,0.4,0,0.0,0,0.0,0,0.0,0,0.0
昔阳发布,2,1,no_media,0,2,2023-12,0.0,0.0,1.0,0,0.0,0,0.0,0,0.0,0,0.0,1,1.0,0,0.0,0,0.0,0,0.0,0,0.0
星sassdcfffvmm,2,1,no_media,5,1,2022-12,0.0,0.0,1.0,0,0.0,0,0.0,0,0.0,0,0.0,1,1.0,0,0.0,0,0.0,0,0.0,0,0.0
星光洒满衣,2,1,mainstream_only,1,2,2023-12,1.0,0.0,0.0,0,0.0,0,0.0,0,0.0,1,1.0,0,0.0,0,0.0,0,0.0,0,0.0,0,0.0
星夜之歌是惩戒骑,2,1,no_media,0,1,2024-01,0.0,0.0,0.0,1,1.0,0,0.0,0,0.0,0,0.0,0,0.0,0,0.0,0,0.0,0,0.0,0,0.0
星島日報歐洲版,10,9,no_media,0,10,2023-03,0.0,0.0,1.0,0,0.0,0,0.0,0,0.0,0,0.0,9,1.0,0,0.0,0,0.0,0,0.0,0,0.0
星弧权益,6,5,dual,8,6,2022-12,0.0,0.0,1.0,0,0.0,0,0.0,0,0.0,0,0.0,5,1.0,0,0.0,0,0.0,0,0.0,0,0.0
星星leo_,15,14,wemedia_only,12,14,2022-10,0.21428571428571427,0.21428571428571427,0.14285714285714285,2,0.14285714285714285,3,0.21428571428571427,0,0.0,3,0.21428571428571427,2,0.14285714285714285,2,0.14285714285714285,0,0.0,2,0.14285714285714285,0,0.0
星星不淋雨-,2,1,no_media,0,1,2025-05,1.0,0.0,0.0,0,0.0,0,0.0,0,0.0,1,1.0,0,0.0,0,0.0,0,0.0,0,0.0,0,0.0
星星住在夏天,2,1,mainstream_only,4,2,2022-03,0.0,0.0,0.0,1,1.0,0,0.0,0,0.0,0,0.0,0,0.0,0,0.0,0,0.0,0,0.0,0,0.0
星星星楼,3,2,no_media,0,3,2024-01,0.5,0.0,0.5,0,0.0,0,0.0,0,0.0,1,0.5,1,0.5,0,0.0,0,0.0,0,0.0,0,0.0
星期二门诊栏目组,2,1,no_media,0,2,2023-02,0.0,0.0,1.0,0,0.0,0,0.0,0,0.0,0,0.0,1,1.0,0,0.0,0,0.0,0,0.0,0,0.0
星期六的咪咪眼,3,2,mainstream_only,3,3,2023-08,0.0,0.0,1.0,0,0.0,0,0.0,0,0.0,0,0.0,2,1.0,0,0.0,0,0.0,0,0.0,0,0.0
星沉的微博,2,1,no_media,0,2,2022-08,0.0,1.0,0.0,0,0.0,1,1.0,0,0.0,0,0.0,0,0.0,0,0.0,0,0.0,0,0.0,0,0.0
星河丹堤月,5,4,no_media,1,5,2023-03,0.25,0.25,0.5,0,0.0,1,0.25,0,0.0,1,0.25,2,0.5,0,0.0,0,0.0,0,0.0,0,0.0
星燧本尊,24,23,no_media,0,19,2023-12,0.13043478260869565,0.17391304347826086,0.21739130434782608,10,0.43478260869565216,4,0.17391304347826086,0,0.0,3,0.13043478260869565,5,0.21739130434782608,1,0.043478260869565216,0,0.0,0,0.0,0,0.0
星球表面22,2,1,wemedia_only,1,2,2023-02,0.0,1.0,0.0,0,0.0,0,0.0,1,1.0,0,0.0,0,0.0,0,0.0,0,0.0,0,0.0,0,0.0
星翁玄象,2,1,no_media,0,2,2023-10,0.0,0.0,1.0,0,0.0,0,0.0,0,0.0,0,0.0,1,1.0,0,0.0,0,0.0,0,0.0,0,0.0
星言说,2,1,no_media,0,2,2023-07,0.0,0.0,0.0,0,0.0,0,0.0,0,0.0,0,0.0,0,0.0,0,0.0,0,0.0,0,0.0,1,1.0
星话大白,89,88,no_media,0,64,2022-12,0.03409090909090909,0.03409090909090909,0.8863636363636364,0,0.0,3,0.03409090909090909,0,0.0,3,0.03409090909090909,78,0.8863636363636364,2,0.022727272727272728,0,0.0,2,0.022727272727272728,0,0.0
星辰终究归位,3,2,no_media,1,2,2024-03,0.5,0.5,0.0,0,0.0,1,0.5,0,0.0,1,0.5,0,0.0,0,0.0,0,0.0,0,0.0,0,0.0
星辰花开之时S,2,1,no_media,0,2,2023-02,0.0,0.0,0.0,1,1.0,0,0.0,0,0.0,0,0.0,0,0.0,0,0.0,0,0.0,0,0.0,0,0.0
星酱_无法摸鱼版,2,1,no_media,0,2,2023-02,0.0,0.0,0.0,0,0.0,0,0.0,0,0.0,0,0.0,0,0.0,0,0.0,0,0.0,0,0.0,1,1.0
星闻趣事,2,1,no_media,0,2,2025-05,1.0,0.0,0.0,0,0.0,0,0.0,0,0.0,1,1.0,0,0.0,0,0.0,0,0.0,0,0.0,0,0.0
春上不吃酸奶鱼,2,1,no_media,0,2,2023-06,0.0,1.0,0.0,0,0.0,0,0.0,1,1.0,0,0.0,0,0.0,0,0.0,0,0.0,0,0.0,0,0.0
春住江南岸,6,5,no_media,0,6,2023-02,0.2,0.2,0.0,0,0.0,0,0.0,1,0.2,0,0.0,0,0.0,0,0.0,1,0.2,1,0.2,2,0.4
春天啊你点快来吧,2,1,no_media,0,1,2023-08,0.0,1.0,0.0,0,0.0,1,1.0,0,0.0,0,0.0,0,0.0,0,0.0,0,0.0,0,0.0,0,0.0
春天的月亮06,3,2,no_media,0,3,2025-01,0.0,0.0,1.0,0,0.0,0,0.0,0,0.0,0,0.0,2,1.0,0,0.0,0,0.0,0,0.0,0,0.0
春天里的常青树,3,2,no_media,0,3,2023-09,0.0,0.0,1.0,0,0.0,0,0.0,0,0.0,0,0.0,2,1.0,0,0.0,0,0.0,0,0.0,0,0.0
春寒梅迟,2,1,no_media,0,2,2023-07,0.0,0.0,0.0,0,0.0,0,0.0,0,0.0,0,0.0,0,0.0,1,1.0,0,0.0,0,0.0,0,0.0
春水秋揽棠海香,2,1,no_media,2,2,2023-10,0.0,0.0,1.0,0,0.0,0,0.0,0,0.0,0,0.0,1,1.0,0,0.0,0,0.0,0,0.0,0,0.0
春江月夜--,2,1,no_media,3,2,2023-02,0.0,0.0,1.0,0,0.0,0,0.0,0,0.0,0,0.0,1,1.0,0,0.0,0,0.0,0,0.0,0,0.0
春润生,4,3,no_media,0,4,2024-01,0.3333333333333333,0.0,0.6666666666666666,0,0.0,0,0.0,0,0.0,1,0.3333333333333333,2,0.6666666666666666,0,0.0,0,0.0,0,0.0,0,0.0
春湖森林,4,3,no_media,1,4,2023-09,0.0,0.3333333333333333,0.6666666666666666,0,0.0,1,0.3333333333333333,0,0.0,0,0.0,2,0.6666666666666666,0,0.0,0,0.0,0,0.0,0,0.0
春野梨绘,2,1,no_media,1,2,2023-05,0.0,0.0,0.0,0,0.0,0,0.0,0,0.0,0,0.0,0,0.0,1,1.0,0,0.0,0,0.0,0,0.0
春雨医生,6,5,no_media,1,6,2023-04,0.0,0.0,1.0,0,0.0,0,0.0,0,0.0,0,0.0,5,1.0,0,0.0,0,0.0,0,0.0,0,0.0
春风之夭夭,3,2,mainstream_only,2,2,2023-11,0.0,0.0,1.0,0,0.0,0,0.0,0,0.0,0,0.0,2,1.0,0,0.0,0,0.0,0,0.0,0,0.0
春风伊人,2,1,mainstream_only,3,2,2022-11,0.0,0.0,1.0,0,0.0,0,0.0,0,0.0,0,0.0,1,1.0,0,0.0,0,0.0,0,0.0,0,0.0
昭亭的袈裟,2,1,no_media,0,2,2023-08,0.0,0.0,0.0,1,1.0,0,0.0,0,0.0,0,0.0,0,0.0,0,0.0,0,0.0,0,0.0,0,0.0
是id酱鸭,2,1,wemedia_only,2,2,2023-07,1.0,0.0,0.0,0,0.0,0,0.0,0,0.0,0,0.0,0,0.0,0,0.0,1,1.0,0,0.0,0,0.0
是一颗丸子的妈妈,2,1,no_media,0,2,2024-01,0.0,1.0,0.0,0,0.0,0,0.0,1,1.0,0,0.0,0,0.0,0,0.0,0,0.0,0,0.0,0,0.0
是个Cool狗,2,1,no_media,0,2,2023-03,1.0,0.0,0.0,0,0.0,0,0.0,0,0.0,0,0.0,0,0.0,0,0.0,1,1.0,0,0.0,0,0.0
是你一辈子的狗,2,1,no_media,0,2,2023-02,0.0,1.0,0.0,0,0.0,0,0.0,1,1.0,0,0.0,0,0.0,0,0.0,0,0.0,0,0.0,0,0.0
是你的夏小姐啦,6,5,no_media,0,6,2023-06,0.2,0.2,0.6,0,0.0,1,0.2,0,0.0,1,0.2,3,0.6,0,0.0,0,0.0,0,0.0,0,0.0
是你的文__,2,1,no_media,0,2,2023-05,0.0,0.0,0.0,0,0.0,0,0.0,0,0.0,0,0.0,0,0.0,1,1.0,0,0.0,0,0.0,0,0.0
是动画不是动漫,2,1,no_media,2,2,2024-03,0.0,0.0,1.0,0,0.0,0,0.0,0,0.0,0,0.0,1,1.0,0,0.0,0,0.0,0,0.0,0,0.0
是啊为什么呢现在我也在当neet呢,2,1,wemedia_only,2,2,2023-05,0.0,1.0,0.0,0,0.0,1,1.0,0,0.0,0,0.0,0,0.0,0,0.0,0,0.0,0,0.0,0,0.0
是天天开心的黛西,5,4,no_media,0,5,2023-03,0.0,0.0,0.0,0,0.0,0,0.0,0,0.0,0,0.0,0,0.0,1,0.25,0,0.0,1,0.25,2,0.5
是娜娜呀51020,2,1,no_media,0,2,2023-03,0.0,0.0,0.0,0,0.0,0,0.0,0,0.0,0,0.0,0,0.0,0,0.0,0,0.0,0,0.0,1,1.0
是娟娟啊_,2,1,no_media,0,2,2023-03,1.0,0.0,0.0,0,0.0,0,0.0,0,0.0,0,0.0,0,0.0,0,0.0,1,1.0,0,0.0,0,0.0
是娟娟米啊,8,7,mainstream_only,3,7,2023-03,0.14285714285714285,0.2857142857142857,0.14285714285714285,0,0.0,1,0.14285714285714285,1,0.14285714285714285,1,0.14285714285714285,1,0.14285714285714285,1,0.14285714285714285,0,0.0,2,0.2857142857142857,0,0.0
是安沐呀,2,1,wemedia_only,5,2,2022-12,1.0,0.0,0.0,0,0.0,0,0.0,0,0.0,0,0.0,0,0.0,0,0.0,1,1.0,0,0.0,0,0.0
是小宝还是大宝,17,16,no_media,4,17,2023-07,0.0,0.0625,0.0,0,0.0,0,0.0,1,0.0625,0,0.0,0,0.0,1,0.0625,0,0.0,1,0.0625,13,0.8125
是弯仔啊,2,1,no_media,0,2,2024-02,0.0,0.0,0.0,0,0.0,0,0.0,0,0.0,0,0.0,0,0.0,0,0.0,0,0.0,0,0.0,1,1.0
是日惊蛰,4,3,wemedia_only,7,4,2023-05,0.0,0.0,1.0,0,0.0,0,0.0,0,0.0,0,0.0,3,1.0,0,0.0,0,0.0,0,0.0,0,0.0
是李刚医生啊,15,14,no_media,0,13,2022-01,0.0,0.0,1.0,0,0.0,0,0.0,0,0.0,0,0.0,14,1.0,0,0.0,0,0.0,0,0.0,0,0.0
是海里呀,2,1,no_media,1,2,2023-03,0.0,0.0,0.0,0,0.0,0,0.0,0,0.0,0,0.0,0,0.0,0,0.0,0,0.0,0,0.0,1,1.0
是猫猫Neko呀,2,1,no_media,1,2,2023-08,0.0,0.0,0.0,0,0.0,0,0.0,0,0.0,0,0.0,0,0.0,0,0.0,0,0.0,0,0.0,1,1.0
是理礼呀,2,1,no_media,0,2,2023-04,0.0,0.0,0.0,0,0.0,0,0.0,0,0.0,0,0.0,0,0.0,0,0.0,0,0.0,0,0.0,1,1.0
是秃子总会发光,2,1,no_media,2,2,2024-05,1.0,0.0,0.0,0,0.0,0,0.0,0,0.0,1,1.0,0,0.0,0,0.0,0,0.0,0,0.0,0,0.0
是茜茜小姐,2,1,no_media,0,2,2024-06,0.0,0.0,0.0,0,0.0,0,0.0,0,0.0,0,0.0,0,0.0,0,0.0,0,0.0,0,0.0,1,1.0
是荔枝和杨梅啊,2,1,no_media,9,2,2023-10,0.0,0.0,0.0,0,0.0,0,0.0,0,0.0,0,0.0,0,0.0,0,0.0,0,0.0,0,0.0,1,1.0
昰达科技,2,1,no_media,0,2,2023-07,0.0,0.0,1.0,0,0.0,0,0.0,0,0.0,0,0.0,1,1.0,0,0.0,0,0.0,0,0.0,0,0.0
昱渐_,2,1,no_media,3,1,2022-03,0.0,1.0,0.0,0,0.0,1,1.0,0,0.0,0,0.0,0,0.0,0,0.0,0,0.0,0,0.0,0,0.0
昵称不可用1002567,2,1,no_media,2,2,2023-10,0.0,1.0,0.0,0,0.0,1,1.0,0,0.0,0,0.0,0,0.0,0,0.0,0,0.0,0,0.0,0,0.0
昵称都没一个能用,3,2,wemedia_only,1,3,2023-09,0.5,0.5,0.0,0,0.0,0,0.0,1,0.5,1,0.5,0,0.0,0,0.0,0,0.0,0,0.0,0,0.0
显卡吧的那些事,2,1,no_media,0,2,2023-02,0.0,0.0,1.0,0,0.0,0,0.0,0,0.0,0,0.0,1,1.0,0,0.0,0,0.0,0,0.0,0,0.0
時光古典,2,1,no_media,0,2,2022-05,0.0,0.0,1.0,0,0.0,0,0.0,0,0.0,0,0.0,1,1.0,0,0.0,0,0.0,0,0.0,0,0.0
晋江大状王金龙13959718271,2,1,no_media,0,2,2023-02,0.0,0.0,1.0,0,0.0,0,0.0,0,0.0,0,0.0,1,1.0,0,0.0,0,0.0,0,0.0,0,0.0
晋江布丁酱,2,1,no_media,0,2,2023-04,0.0,0.0,0.0,0,0.0,0,0.0,0,0.0,0,0.0,0,0.0,1,1.0,0,0.0,0,0.0,0,0.0
晋江瑜眠,2,1,no_media,0,2,2023-05,0.0,0.0,0.0,0,0.0,0,0.0,0,0.0,0,0.0,0,0.0,0,0.0,0,0.0,0,0.0,1,1.0
晏秋秋,23,22,no_media,0,12,2023-02,0.045454545454545456,0.045454545454545456,0.6818181818181818,0,0.0,0,0.0,1,0.045454545454545456,1,0.045454545454545456,15,0.6818181818181818,2,0.09090909090909091,0,0.0,3,0.13636363636363635,0,0.0
晒豆酱不是调味料,2,1,no_media,0,2,2023-02,0.0,0.0,0.0,0,0.0,0,0.0,0,0.0,0,0.0,0,0.0,0,0.0,0,0.0,0,0.0,1,1.0
晓佳营养师,2,1,no_media,1,2,2023-05,0.0,0.0,0.0,0,0.0,0,0.0,0,0.0,0,0.0,0,0.0,1,1.0,0,0.0,0,0.0,0,0.0
晓平文俨,5,4,no_media,0,5,2023-02,0.0,0.0,0.0,0,0.0,0,0.0,0,0.0,0,0.0,0,0.0,2,0.5,0,0.0,2,0.5,0,0.0
晓旋枫,4,3,no_media,2,4,2023-02,0.0,0.3333333333333333,0.0,2,0.6666666666666666,1,0.3333333333333333,0,0.0,0,0.0,0,0.0,0,0.0,0,0.0,0,0.0,0,0.0
晖姐的新微博,5,4,no_media,13,4,2023-01,0.0,0.0,0.5,0,0.0,0,0.0,0,0.0,0,0.0,2,0.5,1,0.25,0,0.0,0,0.0,1,0.25
晚潮畏渡_,2,1,no_media,0,2,2023-05,0.0,0.0,0.0,0,0.0,0,0.0,0,0.0,0,0.0,0,0.0,0,0.0,0,0.0,1,1.0,0,0.0
晟妈于淑靜,2,1,no_media,0,2,2023-04,0.0,0.0,0.0,1,1.0,0,0.0,0,0.0,0,0.0,0,0.0,0,0.0,0,0.0,0,0.0,0,0.0
晨光总裁,2,1,no_media,0,2,2024-04,0.0,0.0,0.0,1,1.0,0,0.0,0,0.0,0,0.0,0,0.0,0,0.0,0,0.0,0,0.0,0,0.0
晨报文艺,3,2,no_media,0,2,2022-07,0.0,0.0,1.0,0,0.0,0,0.0,0,0.0,0,0.0,2,1.0,0,0.0,0,0.0,0,0.0,0,0.0
晨晓同学,2,1,no_media,2,2,2023-06,0.0,0.0,0.0,0,0.0,0,0.0,0,0.0,0,0.0,0,0.0,0,0.0,0,0.0,1,1.0,0,0.0
晨辉问道,2,1,no_media,0,2,2023-06,0.0,0.0,1.0,0,0.0,0,0.0,0,0.0,0,0.0,1,1.0,0,0.0,0,0.0,0,0.0,0,0.0
普利制药官方,6,5,no_media,0,6,2023-02,0.0,0.0,1.0,0,0.0,0,0.0,0,0.0,0,0.0,5,1.0,0,0.0,0,0.0,0,0.0,0,0.0
普洱市思茅区法院,2,1,mainstream_only,1,2,2023-05,0.0,0.0,1.0,0,0.0,0,0.0,0,0.0,0,0.0,1,1.0,0,0.0,0,0.0,0,0.0,0,0.0
普洱政法,8,7,mainstream_only,3,8,2022-04,0.0,0.0,1.0,0,0.0,0,0.0,0,0.0,0,0.0,7,1.0,0,0.0,0,0.0,0,0.0,0,0.0
普通人987,2,1,no_media,1,2,2023-05,1.0,0.0,0.0,0,0.0,0,0.0,0,0.0,1,1.0,0,0.0,0,0.0,0,0.0,0,0.0,0,0.0
普通网友冲浪,4,3,no_media,1,4,2023-02,0.3333333333333333,0.3333333333333333,0.0,0,0.0,0,0.0,1,0.3333333333333333,1,0.3333333333333333,0,0.0,0,0.0,0,0.0,1,0.3333333333333333,0,0.0
景德镇日报社,5,4,no_media,0,5,2020-04,0.0,0.0,1.0,0,0.0,0,0.0,0,0.0,0,0.0,4,1.0,0,0.0,0,0.0,0,0.0,0,0.0
景成健康,2,1,no_media,0,2,2023-02,0.0,0.0,1.0,0,0.0,0,0.0,0,0.0,0,0.0,1,1.0,0,0.0,0,0.0,0,0.0,0,0.0
晴烽覆海一颗糖,2,1,no_media,0,2,2024-12,0.0,0.0,1.0,0,0.0,0,0.0,0,0.0,0,0.0,1,1.0,0,0.0,0,0.0,0,0.0,0,0.0
晴空霹雳金箍棒,2,1,no_media,1,2,2023-12,1.0,0.0,0.0,0,0.0,0,0.0,0,0.0,1,1.0,0,0.0,0,0.0,0,0.0,0,0.0,0,0.0
晴耕雨读728,2,1,no_media,2,2,2023-05,0.0,0.0,1.0,0,0.0,0,0.0,0,0.0,0,0.0,1,1.0,0,0.0,0,0.0,0,0.0,0,0.0
晶报,8,7,no_media,0,6,2023-02,0.0,0.0,1.0,0,0.0,0,0.0,0,0.0,0,0.0,7,1.0,0,0.0,0,0.0,0,0.0,0,0.0
智安联生活,2,1,no_media,0,2,2020-11,0.0,0.0,0.0,1,1.0,0,0.0,0,0.0,0,0.0,0,0.0,0,0.0,0,0.0,0,0.0,0,0.0
智慧健康管理,2,1,no_media,0,2,2023-11,0.0,0.0,1.0,0,0.0,0,0.0,0,0.0,0,0.0,1,1.0,0,0.0,0,0.0,0,0.0,0,0.0
智慧生活报,2,1,no_media,0,2,2022-01,0.0,0.0,1.0,0,0.0,0,0.0,0,0.0,0,0.0,1,1.0,0,0.0,0,0.0,0,0.0,0,0.0
智慧科技迷,2,1,no_media,0,2,2021-11,0.0,0.0,1.0,0,0.0,0,0.0,0,0.0,0,0.0,1,1.0,0,0.0,0,0.0,0,0.0,0,0.0
智昊今天玩什么,3,2,no_media,3,3,2023-06,0.0,0.0,0.0,0,0.0,0,0.0,0,0.0,0,0.0,0,0.0,1,0.5,0,0.0,1,0.5,0,0.0
暖庐_中医,8,7,no_media,0,8,2023-02,0.14285714285714285,0.0,0.7142857142857143,0,0.0,0,0.0,0,0.0,0,0.0,5,0.7142857142857143,1,0.14285714285714285,1,0.14285714285714285,0,0.0,0,0.0
暖新闻,4,3,no_media,0,4,2023-04,0.0,0.0,1.0,0,0.0,0,0.0,0,0.0,0,0.0,3,1.0,0,0.0,0,0.0,0,0.0,0,0.0
暖暖琉璃光,5,4,no_media,0,5,2023-07,0.0,0.0,1.0,0,0.0,0,0.0,0,0.0,0,0.0,4,1.0,0,0.0,0,0.0,0,0.0,0,0.0
暖米米Mitzi,2,1,wemedia_only,2,2,2023-08,0.0,0.0,1.0,0,0.0,0,0.0,0,0.0,0,0.0,1,1.0,0,0.0,0,0.0,0,0.0,0,0.0
暖阳zxcv,2,1,no_media,0,2,2025-02,0.0,1.0,0.0,0,0.0,0,0.0,1,1.0,0,0.0,0,0.0,0,0.0,0,0.0,0,0.0,0,0.0
暗能量泡泡,2,1,mainstream_only,7,2,2023-03,1.0,0.0,0.0,0,0.0,0,0.0,0,0.0,0,0.0,0,0.0,0,0.0,1,1.0,0,0.0,0,0.0
暮夏十七77,12,11,no_media,0,12,2023-02,0.18181818181818182,0.09090909090909091,0.09090909090909091,1,0.09090909090909091,0,0.0,1,0.09090909090909091,1,0.09090909090909091,1,0.09090909090909091,1,0.09090909090909091,1,0.09090909090909091,1,0.09090909090909091,4,0.36363636363636365
暮林子,3,2,no_media,0,3,2023-02,0.0,0.0,0.0,0,0.0,0,0.0,0,0.0,0,0.0,0,0.0,0,0.0,0,0.0,0,0.0,2,1.0
暮色沉舟-,3,2,no_media,0,3,2024-08,0.0,0.0,0.0,0,0.0,0,0.0,0,0.0,0,0.0,0,0.0,1,0.5,0,0.0,1,0.5,0,0.0
暮雨浥轻尘,2,1,no_media,2,2,2023-02,0.0,0.0,0.0,0,0.0,0,0.0,0,0.0,0,0.0,0,0.0,0,0.0,0,0.0,0,0.0,1,1.0
暴躁的猫猫兔,2,1,no_media,0,2,2023-02,1.0,0.0,0.0,0,0.0,0,0.0,0,0.0,0,0.0,0,0.0,0,0.0,1,1.0,0,0.0,0,0.0
暴躁邪恶蓝猫,2,1,no_media,0,2,2023-06,0.0,1.0,0.0,0,0.0,0,0.0,1,1.0,0,0.0,0,0.0,0,0.0,0,0.0,0,0.0,0,0.0
暴龙电竞,2,1,no_media,0,2,2023-07,0.0,0.0,1.0,0,0.0,0,0.0,0,0.0,0,0.0,1,1.0,0,0.0,0,0.0,0,0.0,0,0.0
暹罗猫腰缠暹罗鳄,2,1,no_media,0,2,2023-05,0.0,0.0,0.0,0,0.0,0,0.0,0,0.0,0,0.0,0,0.0,0,0.0,0,0.0,0,0.0,1,1.0
暻昕,3,2,no_media,0,3,2023-05,0.0,0.0,1.0,0,0.0,0,0.0,0,0.0,0,0.0,2,1.0,0,0.0,0,0.0,0,0.0,0,0.0
曉辰,2,1,no_media,2,2,2023-05,0.0,0.0,1.0,0,0.0,0,0.0,0,0.0,0,0.0,1,1.0,0,0.0,0,0.0,0,0.0,0,0.0
曟光书坊,2,1,no_media,0,2,2025-05,0.0,0.0,1.0,0,0.0,0,0.0,0,0.0,0,0.0,1,1.0,0,0.0,0,0.0,0,0.0,0,0.0
曦宝宝是只喵,2,1,no_media,3,2,2023-02,0.0,1.0,0.0,0,0.0,0,0.0,1,1.0,0,0.0,0,0.0,0,0.0,0,0.0,0,0.0,0,0.0
曲QUQUQU,3,2,no_media,0,3,2022-12,0.0,0.0,1.0,0,0.0,0,0.0,0,0.0,0,0.0,2,1.0,0,0.0,0,0.0,0,0.0,0,0.0
曲星_花与蝶,2,1,no_media,0,2,2023-06,0.0,0.0,0.0,0,0.0,0,0.0,0,0.0,0,0.0,0,0.0,1,1.0,0,0.0,0,0.0,0,0.0
曲阜市融媒体中心,6,5,no_media,0,6,2023-02,0.0,0.0,1.0,0,0.0,0,0.0,0,0.0,0,0.0,5,1.0,0,0.0,0,0.0,0,0.0,0,0.0
曲靖检察,3,2,no_media,0,3,2023-02,0.0,0.0,1.0,0,0.0,0,0.0,0,0.0,0,0.0,2,1.0,0,0.0,0,0.0,0,0.0,0,0.0
曹小美掉了,2,1,no_media,0,1,2024-08,0.0,0.0,0.0,0,0.0,0,0.0,0,0.0,0,0.0,0,0.0,1,1.0,0,0.0,0,0.0,0,0.0
曹舟力,7,6,no_media,0,7,2022-03,0.0,0.0,0.5,0,0.0,0,0.0,0,0.0,0,0.0,3,0.5,1,0.16666666666666666,0,0.0,1,0.16666666666666666,1,0.16666666666666666
曾娘娘牌--活性多肽,2,1,no_media,0,2,2024-02,0.0,0.0,1.0,0,0.0,0,0.0,0,0.0,0,0.0,1,1.0,0,0.0,0,0.0,0,0.0,0,0.0
最后一支多巴胺,3,2,no_media,0,3,2023-03,0.0,0.0,1.0,0,0.0,0,0.0,0,0.0,0,0.0,2,1.0,0,0.0,0,0.0,0,0.0,0,0.0
最江阴,3,2,no_media,0,3,2023-02,0.0,0.0,1.0,0,0.0,0,0.0,0,0.0,0,0.0,2,1.0,0,0.0,0,0.0,0,0.0,0,0.0
最爱广元,2,1,no_media,0,1,2023-02,0.0,0.0,1.0,0,0.0,0,0.0,0,0.0,0,0.0,1,1.0,0,0.0,0,0.0,0,0.0,0,0.0
最爱的是龙马,2,1,no_media,0,2,2023-02,0.0,0.0,0.0,0,0.0,0,0.0,0,0.0,0,0.0,0,0.0,0,0.0,0,0.0,0,0.0,1,1.0
最美的你值得拥有1,16,15,no_media,0,11,2025-03,0.06666666666666667,0.06666666666666667,0.8,1,0.06666666666666667,1,0.06666666666666667,0,0.0,1,0.06666666666666667,12,0.8,0,0.0,0,0.0,0,0.0,0,0.0
會發光的喪病少女,2,1,no_media,0,2,2023-05,0.0,0.0,0.0,1,1.0,0,0.0,0,0.0,0,0.0,0,0.0,0,0.0,0,0.0,0,0.0,0,0.0
月下吟松风,2,1,no_media,0,1,2023-04,0.0,0.0,1.0,0,0.0,0,0.0,0,0.0,0,0.0,1,1.0,0,0.0,0,0.0,0,0.0,0,0.0
月下闻笛,2,1,no_media,2,2,2023-07,0.0,0.0,0.0,0,0.0,0,0.0,0,0.0,0,0.0,0,0.0,1,1.0,0,0.0,0,0.0,0,0.0
月亮上的六便士LY,2,1,no_media,0,1,2023-07,0.0,0.0,0.0,1,1.0,0,0.0,0,0.0,0,0.0,0,0.0,0,0.0,0,0.0,0,0.0,0,0.0
月亮也有圆的时候,2,1,no_media,0,2,2023-02,0.0,0.0,0.0,0,0.0,0,0.0,0,0.0,0,0.0,0,0.0,0,0.0,0,0.0,0,0.0,1,1.0
月亮的星星鱼,2,1,no_media,0,1,2023-08,0.0,0.0,1.0,0,0.0,0,0.0,0,0.0,0,0.0,1,1.0,0,0.0,0,0.0,0,0.0,0,0.0
月半柠檬酸酸酸,19,18,no_media,4,19,2023-02,0.2222222222222222,0.2222222222222222,0.16666666666666666,0,0.0,3,0.16666666666666666,1,0.05555555555555555,2,0.1111111111111111,3,0.16666666666666666,3,0.16666666666666666,2,0.1111111111111111,3,0.16666666666666666,1,0.05555555555555555
月如无恨月自圆,6,5,wemedia_only,7,6,2023-05,0.0,0.2,0.8,0,0.0,1,0.2,0,0.0,0,0.0,4,0.8,0,0.0,0,0.0,0,0.0,0,0.0
月影见诗,2,1,no_media,2,2,2023-05,0.0,0.0,0.0,0,0.0,0,0.0,0,0.0,0,0.0,0,0.0,1,1.0,0,0.0,0,0.0,0,0.0
月月爱豆豆,2,1,no_media,0,2,2023-02,0.0,1.0,0.0,0,0.0,0,0.0,1,1.0,0,0.0,0,0.0,0,0.0,0,0.0,0,0.0,0,0.0
月朗风清0927,2,1,no_media,0,2,2023-03,0.0,0.0,1.0,0,0.0,0,0.0,0,0.0,0,0.0,1,1.0,0,0.0,0,0.0,0,0.0,0,0.0
月桂酿__,2,1,no_media,0,2,2023-06,0.0,0.0,1.0,0,0.0,0,0.0,0,0.0,0,0.0,1,1.0,0,0.0,0,0.0,0,0.0,0,0.0
月满磕睡ing,2,1,no_media,0,2,2023-06,0.0,0.0,0.0,0,0.0,0,0.0,0,0.0,0,0.0,0,0.0,0,0.0,0,0.0,0,0.0,1,1.0
月球上的蛮牛,2,1,no_media,15,2,2022-12,0.0,0.0,1.0,0,0.0,0,0.0,0,0.0,0,0.0,1,1.0,0,0.0,0,0.0,0,0.0,0,0.0
月球表面陨石坑组,3,2,mainstream_only,4,3,2023-05,0.0,0.5,0.0,0,0.0,1,0.5,0,0.0,0,0.0,0,0.0,1,0.5,0,0.0,0,0.0,0,0.0
月紫天华,2,1,mainstream_only,5,2,2022-09,1.0,0.0,0.0,0,0.0,0,0.0,0,0.0,1,1.0,0,0.0,0,0.0,0,0.0,0,0.0,0,0.0
月隐寒霜,6,5,no_media,0,6,2023-02,0.2,0.2,0.4,0,0.0,1,0.2,0,0.0,0,0.0,2,0.4,1,0.2,1,0.2,0,0.0,0,0.0
有一样的视界观,7,6,no_media,0,7,2024-02,0.0,0.0,1.0,0,0.0,0,0.0,0,0.0,0,0.0,6,1.0,0,0.0,0,0.0,0,0.0,0,0.0
有个小鹰,2,1,no_media,0,2,2023-02,0.0,0.0,0.0,0,0.0,0,0.0,0,0.0,0,0.0,0,0.0,1,1.0,0,0.0,0,0.0,0,0.0
有个梨GPT,19,18,no_media,7,18,2023-02,0.05555555555555555,0.0,0.9444444444444444,0,0.0,0,0.0,0,0.0,1,0.05555555555555555,17,0.9444444444444444,0,0.0,0,0.0,0,0.0,0,0.0
有事问彭叔,6,5,no_media,0,6,2022-03,0.2,0.2,0.4,1,0.2,1,0.2,0,0.0,1,0.2,2,0.4,0,0.0,0,0.0,0,0.0,0,0.0
有价值的阅读2,2,1,no_media,3,2,2023-05,0.0,0.0,1.0,0,0.0,0,0.0,0,0.0,0,0.0,1,1.0,0,0.0,0,0.0,0,0.0,0,0.0
有你我很幸福呀,2,1,no_media,0,2,2023-11,0.0,1.0,0.0,0,0.0,0,0.0,1,1.0,0,0.0,0,0.0,0,0.0,0,0.0,0,0.0,0,0.0
有你的星海,2,1,no_media,4,1,2022-03,0.0,0.0,0.0,0,0.0,0,0.0,0,0.0,0,0.0,0,0.0,0,0.0,0,0.0,1,1.0,0,0.0
有偿健康志愿者招聘,2,1,no_media,0,2,2023-02,0.0,0.0,1.0,0,0.0,0,0.0,0,0.0,0,0.0,1,1.0,0,0.0,0,0.0,0,0.0,0,0.0
有多少癌可以重来,2,1,no_media,0,2,2023-09,0.0,0.0,1.0,0,0.0,0,0.0,0,0.0,0,0.0,1,1.0,0,0.0,0,0.0,0,0.0,0,0.0
有太阳有花花草草,2,1,wemedia_only,2,2,2024-09,0.0,0.0,1.0,0,0.0,0,0.0,0,0.0,0,0.0,1,1.0,0,0.0,0,0.0,0,0.0,0,0.0
有好运加持的小乖酱的日记,2,1,no_media,0,2,2023-05,0.0,0.0,0.0,0,0.0,0,0.0,0,0.0,0,0.0,0,0.0,0,0.0,0,0.0,1,1.0,0,0.0
有愿望有星光,3,2,no_media,0,3,2023-06,0.0,0.0,0.0,0,0.0,0,0.0,0,0.0,0,0.0,0,0.0,0,0.0,0,0.0,1,0.5,1,0.5
有所思-小阳,2,1,no_media,0,2,2025-02,0.0,0.0,1.0,0,0.0,0,0.0,0,0.0,0,0.0,1,1.0,0,0.0,0,0.0,0,0.0,0,0.0
有故事的娱乐人和你相遇,2,1,no_media,0,2,2023-06,0.0,0.0,1.0,0,0.0,0,0.0,0,0.0,0,0.0,1,1.0,0,0.0,0,0.0,0,0.0,0,0.0
有村花纯字幕组,2,1,no_media,0,2,2023-12,0.0,0.0,0.0,0,0.0,0,0.0,0,0.0,0,0.0,0,0.0,1,1.0,0,0.0,0,0.0,0,0.0
有来医生video君,2,1,no_media,0,2,2023-01,0.0,0.0,1.0,0,0.0,0,0.0,0,0.0,0,0.0,1,1.0,0,0.0,0,0.0,0,0.0,0,0.0
有瓜瓜,2,1,wemedia_only,3,1,2022-03,0.0,0.0,1.0,0,0.0,0,0.0,0,0.0,0,0.0,1,1.0,0,0.0,0,0.0,0,0.0,0,0.0
有生之年总会轮到我当锦鲤,5,4,wemedia_only,11,5,2023-04,0.25,0.25,0.0,2,0.5,1,0.25,0,0.0,1,0.25,0,0.0,0,0.0,0,0.0,0,0.0,0,0.0
有趣的医学冷知识,3,2,mainstream_only,1,3,2023-09,0.0,0.0,1.0,0,0.0,0,0.0,0,0.0,0,0.0,2,1.0,0,0.0,0,0.0,0,0.0,0,0.0
有软肋的意达,2,1,no_media,1,2,2024-12,0.0,0.0,0.0,0,0.0,0,0.0,0,0.0,0,0.0,0,0.0,0,0.0,0,0.0,0,0.0,1,1.0
有魔法棒的美少女战士,2,1,no_media,0,2,2023-02,0.0,0.0,0.0,0,0.0,0,0.0,0,0.0,0,0.0,0,0.0,0,0.0,0,0.0,1,1.0,0,0.0
朔依求健康求顺利求通过,2,1,no_media,0,2,2023-02,0.0,0.0,0.0,0,0.0,0,0.0,0,0.0,0,0.0,0,0.0,0,0.0,0,0.0,0,0.0,1,1.0
朔州政法,2,1,mainstream_only,2,2,2020-03,0.0,0.0,1.0,0,0.0,0,0.0,0,0.0,0,0.0,1,1.0,0,0.0,0,0.0,0,0.0,0,0.0
朕有财,2,1,no_media,3,2,2023-12,1.0,0.0,0.0,0,0.0,0,0.0,0,0.0,1,1.0,0,0.0,0,0.0,0,0.0,0,0.0,0,0.0
望旎幸福,2,1,no_media,0,1,2023-02,0.0,0.0,0.0,0,0.0,0,0.0,0,0.0,0,0.0,0,0.0,0,0.0,0,0.0,0,0.0,1,1.0
望江防邪,2,1,mainstream_only,8,1,2020-03,0.0,0.0,1.0,0,0.0,0,0.0,0,0.0,0,0.0,1,1.0,0,0.0,0,0.0,0,0.0,0,0.0
望谟检察,2,1,mainstream_only,1,2,2021-03,0.0,1.0,0.0,0,0.0,1,1.0,0,0.0,0,0.0,0,0.0,0,0.0,0,0.0,0,0.0,0,0.0
朝露露l,2,1,no_media,0,2,2023-07,0.0,0.0,0.0,0,0.0,0,0.0,0,0.0,0,0.0,0,0.0,0,0.0,0,0.0,0,0.0,1,1.0
期待美丽人生DG,2,1,no_media,2,1,2023-08,0.0,0.0,0.0,0,0.0,0,0.0,0,0.0,0,0.0,0,0.0,0,0.0,0,0.0,0,0.0,1,1.0
木兰发布,3,2,no_media,0,3,2023-03,0.0,0.0,1.0,0,0.0,0,0.0,0,0.0,0,0.0,2,1.0,0,0.0,0,0.0,0,0.0,0,0.0
木南是无垢巨人,2,1,no_media,0,2,2023-04,0.0,0.0,0.0,1,1.0,0,0.0,0,0.0,0,0.0,0,0.0,0,0.0,0,0.0,0,0.0,0,0.0
木木_健康发财版,2,1,no_media,0,2,2024-05,0.0,0.0,0.0,0,0.0,0,0.0,0,0.0,0,0.0,0,0.0,0,0.0,0,0.0,1,1.0,0,0.0
木木兮可可,2,1,no_media,1,2,2023-05,0.0,0.0,0.0,0,0.0,0,0.0,0,0.0,0,0.0,0,0.0,0,0.0,0,0.0,1,1.0,0,0.0
木木很瘦丫,3,2,no_media,0,2,2024-01,0.0,0.0,1.0,0,0.0,0,0.0,0,0.0,0,0.0,2,1.0,0,0.0,0,0.0,0,0.0,0,0.0
木析AlexanDENG,2,1,no_media,0,2,2023-08,0.0,0.0,0.0,0,0.0,0,0.0,0,0.0,0,0.0,0,0.0,1,1.0,0,0.0,0,0.0,0,0.0
木烨彌,11,10,wemedia_only,8,11,2023-02,0.4,0.3,0.2,0,0.0,3,0.3,0,0.0,3,0.3,2,0.2,0,0.0,1,0.1,0,0.0,1,0.1
木白弓虽,28,27,wemedia_only,9,15,2023-02,0.037037037037037035,0.037037037037037035,0.9259259259259259,0,0.0,1,0.037037037037037035,0,0.0,1,0.037037037037037035,25,0.9259259259259259,0,0.0,0,0.0,0,0.0,0,0.0
木禾-青兮,19,18,no_media,5,10,2023-03,0.1111111111111111,0.1111111111111111,0.6666666666666666,0,0.0,2,0.1111111111111111,0,0.0,2,0.1111111111111111,12,0.6666666666666666,1,0.05555555555555555,0,0.0,1,0.05555555555555555,0,0.0
木耳6,2,1,no_media,0,2,2023-11,0.0,0.0,0.0,0,0.0,0,0.0,0,0.0,0,0.0,0,0.0,0,0.0,0,0.0,0,0.0,1,1.0
未央roxanne,2,1,mainstream_only,1,2,2023-07,0.0,0.0,0.0,0,0.0,0,0.0,0,0.0,0,0.0,0,0.0,0,0.0,0,0.0,0,0.0,1,1.0
未报椿萱,4,3,no_media,0,4,2023-07,0.0,0.0,1.0,0,0.0,0,0.0,0,0.0,0,0.0,3,1.0,0,0.0,0,0.0,0,0.0,0,0.0
未来_原点回帰,2,1,no_media,0,2,2025-01,0.0,0.0,0.0,0,0.0,0,0.0,0,0.0,0,0.0,0,0.0,1,1.0,0,0.0,0,0.0,0,0.0
未来之路脚下的路,2,1,no_media,0,2,2023-10,1.0,0.0,0.0,0,0.0,0,0.0,0,0.0,0,0.0,0,0.0,0,0.0,1,1.0,0,0.0,0,0.0
未来式18927,2,1,no_media,0,2,2023-02,0.0,0.0,1.0,0,0.0,0,0.0,0,0.0,0,0.0,1,1.0,0,0.0,0,0.0,0,0.0,0,0.0
未来科技,2,1,no_media,0,2,2024-11,0.0,0.0,1.0,0,0.0,0,0.0,0,0.0,0,0.0,1,1.0,0,0.0,0,0.0,0,0.0,0,0.0
未注明八倍镜,2,1,no_media,0,2,2023-03,1.0,0.0,0.0,0,0.0,0,0.0,0,0.0,0,0.0,0,0.0,0,0.0,1,1.0,0,0.0,0,0.0
未眠_13,2,1,wemedia_only,4,1,2022-03,0.0,0.0,0.0,0,0.0,0,0.0,0,0.0,0,0.0,0,0.0,0,0.0,0,0.0,0,0.0,1,1.0
未闻鲤,2,1,no_media,0,2,2023-02,0.0,1.0,0.0,0,0.0,1,1.0,0,0.0,0,0.0,0,0.0,0,0.0,0,0.0,0,0.0,0,0.0
末世生还者,2,1,no_media,0,2,2023-06,0.0,0.0,1.0,0,0.0,0,0.0,0,0.0,0,0.0,1,1.0,0,0.0,0,0.0,0,0.0,0,0.0
末路公子,2,1,no_media,0,2,2022-12,0.0,0.0,1.0,0,0.0,0,0.0,0,0.0,0,0.0,1,1.0,0,0.0,0,0.0,0,0.0,0,0.0
本人耗子1994,2,1,no_media,0,2,2022-10,0.0,0.0,1.0,0,0.0,0,0.0,0,0.0,0,0.0,1,1.0,0,0.0,0,0.0,0,0.0,0,0.0
本宅女真的不想出门,2,1,no_media,0,2,2020-11,0.0,0.0,0.0,0,0.0,0,0.0,0,0.0,0,0.0,0,0.0,1,1.0,0,0.0,0,0.0,0,0.0
本来如一,3,2,no_media,0,3,2023-09,0.5,0.5,0.0,0,0.0,1,0.5,0,0.0,1,0.5,0,0.0,0,0.0,0,0.0,0,0.0,0,0.0
朱吾汐,4,3,no_media,1,4,2022-12,0.3333333333333333,0.3333333333333333,0.3333333333333333,0,0.0,1,0.3333333333333333,0,0.0,1,0.3333333333333333,1,0.3333333333333333,0,0.0,0,0.0,0,0.0,0,0.0
朱大夫说健康,6,5,no_media,0,5,2024-02,0.0,0.0,1.0,0,0.0,0,0.0,0,0.0,0,0.0,5,1.0,0,0.0,0,0.0,0,0.0,0,0.0
朱强律师,2,1,no_media,0,2,2022-12,0.0,0.0,1.0,0,0.0,0,0.0,0,0.0,0,0.0,1,1.0,0,0.0,0,0.0,0,0.0,0,0.0
朱映茵,2,1,no_media,0,2,2024-09,0.0,0.0,0.0,0,0.0,0,0.0,0,0.0,0,0.0,0,0.0,0,0.0,0,0.0,0,0.0,1,1.0
朱泉雨先生,2,1,no_media,0,2,2024-04,0.0,0.0,0.0,1,1.0,0,0.0,0,0.0,0,0.0,0,0.0,0,0.0,0,0.0,0,0.0,0,0.0
朱海峤医生,24,23,no_media,1,24,2020-11,0.0,0.0,1.0,0,0.0,0,0.0,0,0.0,0,0.0,23,1.0,0,0.0,0,0.0,0,0.0,0,0.0
朱漆方台,2,1,no_media,41,2,2023-05,0.0,0.0,1.0,0,0.0,0,0.0,0,0.0,0,0.0,1,1.0,0,0.0,0,0.0,0,0.0,0,0.0
朱玉龙-YL,2,1,no_media,1,2,2023-03,0.0,0.0,0.0,0,0.0,0,0.0,0,0.0,0,0.0,0,0.0,0,0.0,0,0.0,1,1.0,0,0.0
朱理明-中医肿瘤君,5,4,dual,2,5,2023-05,0.0,0.0,1.0,0,0.0,0,0.0,0,0.0,0,0.0,4,1.0,0,0.0,0,0.0,0,0.0,0,0.0
朱简喵,2,1,no_media,0,2,2023-05,1.0,0.0,0.0,0,0.0,0,0.0,0,0.0,1,1.0,0,0.0,0,0.0,0,0.0,0,0.0,0,0.0
朴实敦厚,2,1,no_media,0,2,2023-02,0.0,0.0,0.0,0,0.0,0,0.0,0,0.0,0,0.0,0,0.0,0,0.0,0,0.0,0,0.0,1,1.0
朵令,2,1,no_media,0,2,2023-02,0.0,0.0,0.0,0,0.0,0,0.0,0,0.0,0,0.0,0,0.0,0,0.0,0,0.0,0,0.0,1,1.0
机吉斯卡,6,5,wemedia_only,5,6,2023-04,0.0,0.0,0.6,0,0.0,0,0.0,0,0.0,0,0.0,3,0.6,1,0.2,0,0.0,1,0.2,0,0.0
机海风云,2,1,no_media,4,2,2022-12,0.0,0.0,1.0,0,0.0,0,0.0,0,0.0,0,0.0,1,1.0,0,0.0,0,0.0,0,0.0,0,0.0
机甲将军的发言,2,1,no_media,0,2,2024-01,1.0,0.0,0.0,0,0.0,0,0.0,0,0.0,0,0.0,0,0.0,0,0.0,1,1.0,0,0.0,0,0.0
杀手小兔Nicoooo,2,1,no_media,0,2,2022-12,0.0,0.0,0.0,0,0.0,0,0.0,0,0.0,0,0.0,0,0.0,0,0.0,0,0.0,0,0.0,1,1.0
杉何可见,2,1,wemedia_only,2,1,2020-03,0.0,0.0,0.0,0,0.0,0,0.0,0,0.0,0,0.0,0,0.0,0,0.0,0,0.0,0,0.0,1,1.0
杉林__,4,3,no_media,1,2,2022-12,0.0,0.0,0.0,0,0.0,0,0.0,0,0.0,0,0.0,0,0.0,1,0.3333333333333333,0,0.0,0,0.0,2,0.6666666666666666
李Sir的宙斯门派,2,1,no_media,0,2,2024-06,1.0,0.0,0.0,0,0.0,0,0.0,0,0.0,1,1.0,0,0.0,0,0.0,0,0.0,0,0.0,0,0.0
李三金Alex看世界,4,3,no_media,0,4,2023-02,0.0,0.0,1.0,0,0.0,0,0.0,0,0.0,0,0.0,3,1.0,0,0.0,0,0.0,0,0.0,0,0.0
李亦銘M,3,2,no_media,0,3,2023-07,0.0,0.0,1.0,0,0.0,0,0.0,0,0.0,0,0.0,2,1.0,0,0.0,0,0.0,0,0.0,0,0.0
李伟需,2,1,no_media,0,2,2023-05,0.0,0.0,1.0,0,0.0,0,0.0,0,0.0,0,0.0,1,1.0,0,0.0,0,0.0,0,0.0,0,0.0
李先创,2,1,no_media,0,2,2023-03,1.0,0.0,0.0,0,0.0,0,0.0,0,0.0,1,1.0,0,0.0,0,0.0,0,0.0,0,0.0,0,0.0
李冬西,3,2,mainstream_only,1,3,2023-03,0.0,0.0,1.0,0,0.0,0,0.0,0,0.0,0,0.0,2,1.0,0,0.0,0,0.0,0,0.0,0,0.0
李博士视界,2,1,no_media,0,1,2024-09,1.0,0.0,0.0,0,0.0,0,0.0,0,0.0,1,1.0,0,0.0,0,0.0,0,0.0,0,0.0,0,0.0
李啸财经,2,1,no_media,0,2,2024-03,0.0,0.0,1.0,0,0.0,0,0.0,0,0.0,0,0.0,1,1.0,0,0.0,0,0.0,0,0.0,0,0.0
李喜猫,2,1,no_media,0,2,2023-02,0.0,0.0,1.0,0,0.0,0,0.0,0,0.0,0,0.0,1,1.0,0,0.0,0,0.0,0,0.0,0,0.0
李塘-生态无添加食品,2,1,no_media,6,2,2021-09,0.0,0.0,1.0,0,0.0,0,0.0,0,0.0,0,0.0,1,1.0,0,0.0,0,0.0,0,0.0,0,0.0
李好宽同学,2,1,no_media,0,2,2024-01,0.0,1.0,0.0,0,0.0,1,1.0,0,0.0,0,0.0,0,0.0,0,0.0,0,0.0,0,0.0,0,0.0
李媋天_,2,1,no_media,0,2,2023-11,0.0,0.0,1.0,0,0.0,0,0.0,0,0.0,0,0.0,1,1.0,0,0.0,0,0.0,0,0.0,0,0.0
李子留白,2,1,no_media,2,2,2022-12,0.0,1.0,0.0,0,0.0,1,1.0,0,0.0,0,0.0,0,0.0,0,0.0,0,0.0,0,0.0,0,0.0
李实Sebastian,4,3,no_media,8,4,2023-02,0.0,0.0,0.6666666666666666,0,0.0,0,0.0,0,0.0,0,0.0,2,0.6666666666666666,1,0.3333333333333333,0,0.0,0,0.0,0,0.0
李小安0626,2,1,no_media,1,2,2023-02,1.0,0.0,0.0,0,0.0,0,0.0,0,0.0,1,1.0,0,0.0,0,0.0,0,0.0,0,0.0,0,0.0
李小平中医门诊,2,1,no_media,0,2,2023-10,0.0,0.0,1.0,0,0.0,0,0.0,0,0.0,0,0.0,1,1.0,0,0.0,0,0.0,0,0.0,0,0.0
李小米2015,2,1,no_media,0,2,2024-07,0.0,0.0,1.0,0,0.0,0,0.0,0,0.0,0,0.0,1,1.0,0,0.0,0,0.0,0,0.0,0,0.0
李彦明__,3,2,no_media,0,3,2022-12,0.5,0.5,0.0,0,0.0,1,0.5,0,0.0,1,0.5,0,0.0,0,0.0,0,0.0,0,0.0,0,0.0
李思-sz,2,1,mainstream_only,1,2,2022-12,0.0,0.0,1.0,0,0.0,0,0.0,0,0.0,0,0.0,1,1.0,0,0.0,0,0.0,0,0.0,0,0.0
李恒爽医生,3,2,no_media,0,3,2023-02,0.0,0.0,1.0,0,0.0,0,0.0,0,0.0,0,0.0,2,1.0,0,0.0,0,0.0,0,0.0,0,0.0
李恩庆LEQ,2,1,no_media,0,2,2024-12,0.0,0.0,1.0,0,0.0,0,0.0,0,0.0,0,0.0,1,1.0,0,0.0,0,0.0,0,0.0,0,0.0
李成东,5,4,no_media,1,4,2024-03,0.0,0.25,0.75,0,0.0,1,0.25,0,0.0,0,0.0,3,0.75,0,0.0,0,0.0,0,0.0,0,0.0
李敬医生,4,3,no_media,0,4,2024-09,0.0,0.0,1.0,0,0.0,0,0.0,0,0.0,0,0.0,3,1.0,0,0.0,0,0.0,0,0.0,0,0.0
李李-Joan,2,1,no_media,0,2,2023-03,0.0,0.0,0.0,0,0.0,0,0.0,0,0.0,0,0.0,0,0.0,0,0.0,0,0.0,1,1.0,0,0.0
李李李李李国柱,2,1,no_media,0,2,2023-08,0.0,0.0,0.0,0,0.0,0,0.0,0,0.0,0,0.0,0,0.0,0,0.0,0,0.0,0,0.0,1,1.0
李沧检察,6,5,no_media,1,6,2020-04,0.0,0.0,1.0,0,0.0,0,0.0,0,0.0,0,0.0,5,1.0,0,0.0,0,0.0,0,0.0,0,0.0
李涛中医,33,32,no_media,0,32,2023-02,0.125,0.125,0.75,0,0.0,4,0.125,0,0.0,4,0.125,24,0.75,0,0.0,0,0.0,0,0.0,0,0.0
李灿灿Chan,2,1,no_media,0,2,2023-11,1.0,0.0,0.0,0,0.0,0,0.0,0,0.0,0,0.0,0,0.0,0,0.0,1,1.0,0,0.0,0,0.0
李爷无为,3,2,no_media,5,3,2022-12,0.5,0.0,0.0,1,0.5,0,0.0,0,0.0,1,0.5,0,0.0,0,0.0,0,0.0,0,0.0,0,0.0
李羽蕃,5,4,no_media,0,2,2023-07,0.25,0.25,0.0,2,0.5,1,0.25,0,0.0,1,0.25,0,0.0,0,0.0,0,0.0,0,0.0,0,0.0
李翔看世界,3,2,no_media,0,3,2023-05,0.0,0.0,1.0,0,0.0,0,0.0,0,0.0,0,0.0,2,1.0,0,0.0,0,0.0,0,0.0,0,0.0
李耀武微博,93,92,no_media,0,82,2023-02,0.03260869565217391,0.03260869565217391,0.9021739130434783,0,0.0,3,0.03260869565217391,0,0.0,3,0.03260869565217391,83,0.9021739130434783,1,0.010869565217391304,0,0.0,1,0.010869565217391304,1,0.010869565217391304
李老黑ll,2,1,no_media,0,2,2023-03,0.0,0.0,1.0,0,0.0,0,0.0,0,0.0,0,0.0,1,1.0,0,0.0,0,0.0,0,0.0,0,0.0
李苦舟,80,79,no_media,1,61,2023-04,0.0379746835443038,0.0379746835443038,0.9240506329113924,0,0.0,3,0.0379746835443038,0,0.0,3,0.0379746835443038,73,0.9240506329113924,0,0.0,0,0.0,0,0.0,0,0.0
李茂盛中医师,4,3,no_media,0,4,2023-02,0.0,0.0,1.0,0,0.0,0,0.0,0,0.0,0,0.0,3,1.0,0,0.0,0,0.0,0,0.0,0,0.0
李荣强2011,2,1,no_media,0,2,2023-04,0.0,0.0,0.0,0,0.0,0,0.0,0,0.0,0,0.0,0,0.0,0,0.0,0,0.0,1,1.0,0,0.0
李药师谈健康,25,24,no_media,0,17,2022-03,0.0,0.0,1.0,0,0.0,0,0.0,0,0.0,0,0.0,24,1.0,0,0.0,0,0.0,0,0.0,0,0.0
李觉林,7,6,wemedia_only,2,7,2023-02,0.0,0.0,1.0,0,0.0,0,0.0,0,0.0,0,0.0,6,1.0,0,0.0,0,0.0,0,0.0,0,0.0
李贵明-医生,8,7,wemedia_only,3,8,2023-01,0.14285714285714285,0.14285714285714285,0.7142857142857143,0,0.0,1,0.14285714285714285,0,0.0,1,0.14285714285714285,5,0.7142857142857143,0,0.0,0,0.0,0,0.0,0,0.0
李逾求,2,1,no_media,1,2,2023-05,0.0,1.0,0.0,0,0.0,0,0.0,1,1.0,0,0.0,0,0.0,0,0.0,0,0.0,0,0.0,0,0.0
李重边,2,1,no_media,3,2,2023-07,0.0,1.0,0.0,0,0.0,1,1.0,0,0.0,0,0.0,0,0.0,0,0.0,0,0.0,0,0.0,0,0.0
李金平-国际医学营养研究,2,1,no_media,0,1,2023-02,0.0,0.0,1.0,0,0.0,0,0.0,0,0.0,0,0.0,1,1.0,0,0.0,0,0.0,0,0.0,0,0.0
李隐枫,2,1,no_media,0,2,2023-10,0.0,0.0,1.0,0,0.0,0,0.0,0,0.0,0,0.0,1,1.0,0,0.0,0,0.0,0,0.0,0,0.0
李青大夫,9,8,no_media,0,8,2023-02,0.125,0.125,0.75,0,0.0,1,0.125,0,0.0,1,0.125,6,0.75,0,0.0,0,0.0,0,0.0,0,0.0
李鸿政,6,5,no_media,0,6,2023-03,0.0,0.0,1.0,0,0.0,0,0.0,0,0.0,0,0.0,5,1.0,0,0.0,0,0.0,0,0.0,0,0.0
杏仁郎中,2,1,no_media,0,2,2025-03,0.0,0.0,1.0,0,0.0,0,0.0,0,0.0,0,0.0,1,1.0,0,0.0,0,0.0,0,0.0,0,0.0
杏林天下事,2,1,no_media,2,2,2023-02,0.0,1.0,0.0,0,0.0,0,0.0,1,1.0,0,0.0,0,0.0,0,0.0,0,0.0,0,0.0,0,0.0
杏林寻道,18,17,no_media,4,18,2023-01,0.11764705882352941,0.058823529411764705,0.8235294117647058,0,0.0,1,0.058823529411764705,0,0.0,2,0.11764705882352941,14,0.8235294117647058,0,0.0,0,0.0,0,0.0,0,0.0
杏林荟宝,5,4,no_media,0,5,2023-06,0.0,0.0,1.0,0,0.0,0,0.0,0,0.0,0,0.0,4,1.0,0,0.0,0,0.0,0,0.0,0,0.0
杏林蔓草,4,3,no_media,4,4,2022-11,0.0,0.0,1.0,0,0.0,0,0.0,0,0.0,0,0.0,3,1.0,0,0.0,0,0.0,0,0.0,0,0.0
杏林陈亮,4,3,no_media,1,4,2023-02,0.0,0.0,0.3333333333333333,0,0.0,0,0.0,0,0.0,0,0.0,1,0.3333333333333333,1,0.3333333333333333,0,0.0,1,0.3333333333333333,0,0.0
杜嘟嘟嘴毒毒,3,2,no_media,0,3,2023-02,0.5,0.5,0.0,0,0.0,0,0.0,1,0.5,0,0.0,0,0.0,0,0.0,1,0.5,0,0.0,0,0.0
杜杜207,2,1,no_media,0,2,2023-03,0.0,0.0,0.0,0,0.0,0,0.0,0,0.0,0,0.0,0,0.0,0,0.0,0,0.0,0,0.0,1,1.0
杞晓,2,1,no_media,0,2,2024-01,0.0,0.0,0.0,0,0.0,0,0.0,0,0.0,0,0.0,0,0.0,1,1.0,0,0.0,0,0.0,0,0.0
杞檀樨,3,2,no_media,0,3,2023-05,0.0,0.0,0.0,0,0.0,0,0.0,0,0.0,0,0.0,0,0.0,1,0.5,0,0.0,1,0.5,0,0.0
来一杯营养剂218,2,1,no_media,3,2,2023-05,0.0,0.0,0.0,0,0.0,0,0.0,0,0.0,0,0.0,0,0.0,0,0.0,0,0.0,1,1.0,0,0.0
来去之间,3,2,wemedia_only,7,3,2023-05,0.0,0.0,1.0,0,0.0,0,0.0,0,0.0,0,0.0,2,1.0,0,0.0,0,0.0,0,0.0,0,0.0
来如13,3,2,no_media,3,3,2023-03,0.0,0.0,0.5,0,0.0,0,0.0,0,0.0,0,0.0,1,0.5,0,0.0,0,0.0,1,0.5,0,0.0
来学斋,2,1,no_media,0,2,2023-06,0.0,0.0,1.0,0,0.0,0,0.0,0,0.0,0,0.0,1,1.0,0,0.0,0,0.0,0,0.0,0,0.0
来日方长的天空,4,3,no_media,0,4,2023-02,0.0,0.0,0.3333333333333333,0,0.0,0,0.0,0,0.0,0,0.0,1,0.3333333333333333,1,0.3333333333333333,0,0.0,1,0.3333333333333333,0,0.0
来来往往202308,11,10,no_media,1,11,2023-09,0.0,0.0,0.3,0,0.0,0,0.0,0,0.0,0,0.0,3,0.3,3,0.3,0,0.0,3,0.3,1,0.1
来来来喝完一杯还有一杯,2,1,no_media,7,2,2023-08,0.0,0.0,0.0,1,1.0,0,0.0,0,0.0,0,0.0,0,0.0,0,0.0,0,0.0,0,0.0,0,0.0
来点石锤,5,4,no_media,0,5,2022-03,0.0,0.0,1.0,0,0.0,0,0.0,0,0.0,0,0.0,4,1.0,0,0.0,0,0.0,0,0.0,0,0.0
来碗饸络面,9,8,dual,8,9,2023-07,0.0,0.0,1.0,0,0.0,0,0.0,0,0.0,0,0.0,8,1.0,0,0.0,0,0.0,0,0.0,0,0.0
来自星云滴Sun,2,1,no_media,0,2,2023-02,0.0,0.0,1.0,0,0.0,0,0.0,0,0.0,0,0.0,1,1.0,0,0.0,0,0.0,0,0.0,0,0.0
来自远方的气球,3,2,no_media,0,3,2023-03,0.0,0.0,0.0,2,1.0,0,0.0,0,0.0,0,0.0,0,0.0,0,0.0,0,0.0,0,0.0,0,0.0
杨七郎微博,2,1,no_media,2,1,2022-12,0.0,0.0,1.0,0,0.0,0,0.0,0,0.0,0,0.0,1,1.0,0,0.0,0,0.0,0,0.0,0,0.0
杨东辉,2,1,no_media,0,2,2023-12,0.0,0.0,1.0,0,0.0,0,0.0,0,0.0,0,0.0,1,1.0,0,0.0,0,0.0,0,0.0,0,0.0
杨书喻,2,1,no_media,0,2,2023-05,0.0,0.0,1.0,0,0.0,0,0.0,0,0.0,0,0.0,1,1.0,0,0.0,0,0.0,0,0.0,0,0.0
杨凤池,2,1,no_media,0,2,2023-06,0.0,0.0,1.0,0,0.0,0,0.0,0,0.0,0,0.0,1,1.0,0,0.0,0,0.0,0,0.0,0,0.0
杨博俊,2,1,no_media,0,2,2022-12,1.0,0.0,0.0,0,0.0,0,0.0,0,0.0,0,0.0,0,0.0,0,0.0,1,1.0,0,0.0,0,0.0
杨哥看港剧,2,1,no_media,0,2,2024-04,0.0,0.0,1.0,0,0.0,0,0.0,0,0.0,0,0.0,1,1.0,0,0.0,0,0.0,0,0.0,0,0.0
杨大宝在思考,2,1,no_media,0,2,2023-05,0.0,1.0,0.0,0,0.0,1,1.0,0,0.0,0,0.0,0,0.0,0,0.0,0,0.0,0,0.0,0,0.0
杨姐的往后余生,12,11,no_media,0,7,2023-02,0.09090909090909091,0.09090909090909091,0.09090909090909091,0,0.0,1,0.09090909090909091,0,0.0,1,0.09090909090909091,1,0.09090909090909091,3,0.2727272727272727,0,0.0,2,0.18181818181818182,3,0.2727272727272727
杨定一博士专栏,8,7,no_media,0,8,2023-05,0.0,0.0,1.0,0,0.0,0,0.0,0,0.0,0,0.0,7,1.0,0,0.0,0,0.0,0,0.0,0,0.0
杨小屁ing,3,2,no_media,0,3,2024-05,0.0,0.5,0.0,0,0.0,0,0.0,1,0.5,0,0.0,0,0.0,0,0.0,0,0.0,0,0.0,1,0.5
杨帆教授,2,1,no_media,0,2,2023-01,0.0,1.0,0.0,0,0.0,0,0.0,1,1.0,0,0.0,0,0.0,0,0.0,0,0.0,0,0.0,0,0.0
杨新新大侠,2,1,no_media,1,2,2023-01,0.0,0.0,0.0,1,1.0,0,0.0,0,0.0,0,0.0,0,0.0,0,0.0,0,0.0,0,0.0,0,0.0
杨晓升,3,2,no_media,0,3,2023-02,0.0,0.0,1.0,0,0.0,0,0.0,0,0.0,0,0.0,2,1.0,0,0.0,0,0.0,0,0.0,0,0.0
杨晓峰医生,53,52,wemedia_only,2,45,2022-12,0.07692307692307693,0.07692307692307693,0.75,0,0.0,4,0.07692307692307693,0,0.0,3,0.057692307692307696,39,0.75,3,0.057692307692307696,1,0.019230769230769232,2,0.038461538461538464,0,0.0
杨杨de洋洋,2,1,no_media,0,2,2023-06,0.0,0.0,0.0,0,0.0,0,0.0,0,0.0,0,0.0,0,0.0,0,0.0,0,0.0,0,0.0,1,1.0
杨柳齐齐,2,1,dual,5,2,2023-06,1.0,0.0,0.0,0,0.0,0,0.0,0,0.0,1,1.0,0,0.0,0,0.0,0,0.0,0,0.0,0,0.0
杨栋1153,2,1,no_media,0,2,2023-04,1.0,0.0,0.0,0,0.0,0,0.0,0,0.0,1,1.0,0,0.0,0,0.0,0,0.0,0,0.0,0,0.0
杨梅的韶光记事,2,1,no_media,0,2,2023-02,0.0,0.0,0.0,0,0.0,0,0.0,0,0.0,0,0.0,0,0.0,0,0.0,0,0.0,0,0.0,1,1.0
杨沛华医生,3,2,no_media,0,2,2023-09,0.0,0.0,1.0,0,0.0,0,0.0,0,0.0,0,0.0,2,1.0,0,0.0,0,0.0,0,0.0,0,0.0
杨琴不懂琴,11,10,no_media,2,11,2023-04,0.1,0.1,0.3,0,0.0,1,0.1,0,0.0,0,0.0,3,0.3,3,0.3,1,0.1,2,0.2,0,0.0
杨瑞腾生肖姓名学,3,2,no_media,0,3,2023-08,0.0,0.0,1.0,0,0.0,0,0.0,0,0.0,0,0.0,2,1.0,0,0.0,0,0.0,0,0.0,0,0.0
杨逢春2015,2,1,wemedia_only,14,2,2023-02,0.0,0.0,1.0,0,0.0,0,0.0,0,0.0,0,0.0,1,1.0,0,0.0,0,0.0,0,0.0,0,0.0
杭之冯玥希望我好自为之,18,17,no_media,2,18,2023-02,0.0,0.0,1.0,0,0.0,0,0.0,0,0.0,0,0.0,17,1.0,0,0.0,0,0.0,0,0.0,0,0.0
杭州中医尹小奇,2,1,no_media,0,2,2023-03,0.0,0.0,1.0,0,0.0,0,0.0,0,0.0,0,0.0,1,1.0,0,0.0,0,0.0,0,0.0,0,0.0
杭州中医李一群,6,5,wemedia_only,2,6,2023-02,0.0,0.0,1.0,0,0.0,0,0.0,0,0.0,0,0.0,5,1.0,0,0.0,0,0.0,0,0.0,0,0.0
杭州交通918,6,5,no_media,0,6,2023-02,0.2,0.2,0.6,0,0.0,1,0.2,0,0.0,1,0.2,3,0.6,0,0.0,0,0.0,0,0.0,0,0.0
杭州吃货,2,1,no_media,0,2,2023-02,0.0,0.0,1.0,0,0.0,0,0.0,0,0.0,0,0.0,1,1.0,0,0.0,0,0.0,0,0.0,0,0.0
杭州圈,2,1,no_media,0,2,2023-03,0.0,0.0,0.0,0,0.0,0,0.0,0,0.0,0,0.0,0,0.0,0,0.0,0,0.0,1,1.0,0,0.0
杭州文仲中医医院官微,3,2,no_media,0,3,2023-02,0.0,0.0,1.0,0,0.0,0,0.0,0,0.0,0,0.0,2,1.0,0,0.0,0,0.0,0,0.0,0,0.0
杭州日报,2,1,no_media,0,2,2025-05,0.0,0.0,1.0,0,0.0,0,0.0,0,0.0,0,0.0,1,1.0,0,0.0,0,0.0,0,0.0,0,0.0
杭州检察,2,1,mainstream_only,1,2,2020-03,0.0,0.0,1.0,0,0.0,0,0.0,0,0.0,0,0.0,1,1.0,0,0.0,0,0.0,0,0.0,0,0.0
杭州网,39,38,no_media,0,35,2020-03,0.0,0.0,1.0,0,0.0,0,0.0,0,0.0,0,0.0,38,1.0,0,0.0,0,0.0,0,0.0,0,0.0
杭梦雨-,2,1,no_media,5,2,2023-05,0.0,1.0,0.0,0,0.0,0,0.0,1,1.0,0,0.0,0,0.0,0,0.0,0,0.0,0,0.0,0,0.0
杰坤聊易,3,2,no_media,0,3,2023-05,0.0,0.0,1.0,0,0.0,0,0.0,0,0.0,0,0.0,2,1.0,0,0.0,0,0.0,0,0.0,0,0.0
杰歪今天要早睡,4,3,no_media,9,4,2022-10,0.0,0.0,1.0,0,0.0,0,0.0,0,0.0,0,0.0,3,1.0,0,0.0,0,0.0,0,0.0,0,0.0
杰米可爱多,2,1,no_media,1,2,2023-07,0.0,1.0,0.0,0,0.0,1,1.0,0,0.0,0,0.0,0,0.0,0,0.0,0,0.0,0,0.0,0,0.0
東京血管外科_SPECTRUM,3,2,no_media,1,3,2022-05,0.0,0.0,1.0,0,0.0,0,0.0,0,0.0,0,0.0,2,1.0,0,0.0,0,0.0,0,0.0,0,0.0
杳杳三三,2,1,no_media,0,2,2023-05,0.0,1.0,0.0,0,0.0,1,1.0,0,0.0,0,0.0,0,0.0,0,0.0,0,0.0,0,0.0,0,0.0
松吉俄热,2,1,mainstream_only,2,2,2023-02,0.0,0.0,1.0,0,0.0,0,0.0,0,0.0,0,0.0,1,1.0,0,0.0,0,0.0,0,0.0,0,0.0
松窗杂记,2,1,no_media,0,2,2023-02,0.0,0.0,1.0,0,0.0,0,0.0,0,0.0,0,0.0,1,1.0,0,0.0,0,0.0,0,0.0,0,0.0
松雪绘刊,4,3,no_media,0,1,2025-05,0.0,0.3333333333333333,0.3333333333333333,1,0.3333333333333333,1,0.3333333333333333,0,0.0,0,0.0,1,0.3333333333333333,0,0.0,0,0.0,0,0.0,0,0.0
松鹤延年SH,2,1,no_media,4,2,2024-07,0.0,1.0,0.0,0,0.0,1,1.0,0,0.0,0,0.0,0,0.0,0,0.0,0,0.0,0,0.0,0,0.0
极乐鬼los,2,1,no_media,1,2,2024-02,1.0,0.0,0.0,0,0.0,0,0.0,0,0.0,1,1.0,0,0.0,0,0.0,0,0.0,0,0.0,0,0.0
极客红石,95,94,wemedia_only,63,84,2022-03,0.1595744680851064,0.1702127659574468,0.5425531914893617,6,0.06382978723404255,15,0.1595744680851064,1,0.010638297872340425,14,0.14893617021276595,51,0.5425531914893617,3,0.031914893617021274,1,0.010638297872340425,3,0.031914893617021274,0,0.0
极度深寒L,7,6,no_media,0,5,2023-07,0.3333333333333333,0.16666666666666666,0.0,3,0.5,1,0.16666666666666666,0,0.0,2,0.3333333333333333,0,0.0,0,0.0,0,0.0,0,0.0,0,0.0
极目新闻,8,7,no_media,0,6,2024-06,0.14285714285714285,0.14285714285714285,0.5714285714285714,0,0.0,1,0.14285714285714285,0,0.0,0,0.0,4,0.5714285714285714,1,0.14285714285714285,1,0.14285714285714285,0,0.0,0,0.0
极目视频,2,1,no_media,0,2,2024-06,0.0,0.0,1.0,0,0.0,0,0.0,0,0.0,0,0.0,1,1.0,0,0.0,0,0.0,0,0.0,0,0.0
林_优里,15,14,no_media,0,15,2023-09,0.21428571428571427,0.21428571428571427,0.5714285714285714,0,0.0,3,0.21428571428571427,0,0.0,3,0.21428571428571427,8,0.5714285714285714,0,0.0,0,0.0,0,0.0,0,0.0
林中松鼠花间蝶,2,1,mainstream_only,21,2,2023-05,0.0,0.0,1.0,0,0.0,0,0.0,0,0.0,0,0.0,1,1.0,0,0.0,0,0.0,0,0.0,0,0.0
林中的霞光,2,1,no_media,4,2,2023-11,0.0,0.0,1.0,0,0.0,0,0.0,0,0.0,0,0.0,1,1.0,0,0.0,0,0.0,0,0.0,0,0.0
林之鹤V,2,1,no_media,0,2,2023-03,0.0,0.0,1.0,0,0.0,0,0.0,0,0.0,0,0.0,1,1.0,0,0.0,0,0.0,0,0.0,0,0.0
林克林克厨,2,1,wemedia_only,3,2,2023-10,1.0,0.0,0.0,0,0.0,0,0.0,0,0.0,1,1.0,0,0.0,0,0.0,0,0.0,0,0.0,0,0.0
林妤芬LinYuFen,3,2,wemedia_only,5,3,2025-03,0.0,0.0,1.0,0,0.0,0,0.0,0,0.0,0,0.0,2,1.0,0,0.0,0,0.0,0,0.0,0,0.0
林小暖bella,3,2,no_media,0,3,2024-01,0.0,0.0,0.0,0,0.0,0,0.0,0,0.0,0,0.0,0,0.0,1,0.5,0,0.0,0,0.0,1,0.5
林晓海瑜伽行者,3,2,wemedia_only,1,3,2023-05,0.0,0.0,1.0,0,0.0,0,0.0,0,0.0,0,0.0,2,1.0,0,0.0,0,0.0,0,0.0,0,0.0
林晚灯灯灯灯,2,1,no_media,0,2,2023-02,0.0,0.0,1.0,0,0.0,0,0.0,0,0.0,0,0.0,1,1.0,0,0.0,0,0.0,0,0.0,0,0.0
林步里,330,329,wemedia_only,21,236,2022-09,0.1762917933130699,0.17325227963525835,0.44680851063829785,22,0.0668693009118541,51,0.15501519756838905,6,0.0182370820668693,53,0.16109422492401215,147,0.44680851063829785,21,0.06382978723404255,5,0.015197568389057751,22,0.0668693009118541,2,0.0060790273556231
林然林然iieao,2,1,no_media,0,2,2023-02,0.0,0.0,0.0,0,0.0,0,0.0,0,0.0,0,0.0,0,0.0,0,0.0,0,0.0,0,0.0,1,1.0
林熙淙淙,2,1,no_media,0,2,2023-03,0.0,0.0,0.0,0,0.0,0,0.0,0,0.0,0,0.0,0,0.0,1,1.0,0,0.0,0,0.0,0,0.0
林盈同学,2,1,wemedia_only,7,2,2022-10,0.0,0.0,1.0,0,0.0,0,0.0,0,0.0,0,0.0,1,1.0,0,0.0,0,0.0,0,0.0,0,0.0
林耘,3,2,no_media,0,3,2023-05,0.0,0.0,1.0,0,0.0,0,0.0,0,0.0,0,0.0,2,1.0,0,0.0,0,0.0,0,0.0,0,0.0
果宝呀加油,2,1,no_media,0,2,2023-06,0.0,0.0,0.0,0,0.0,0,0.0,0,0.0,0,0.0,0,0.0,0,0.0,0,0.0,1,1.0,0,0.0
果然乡霍小兵,3,2,no_media,0,2,2023-05,0.0,0.0,1.0,0,0.0,0,0.0,0,0.0,0,0.0,2,1.0,0,0.0,0,0.0,0,0.0,0,0.0
果然视频,2,1,no_media,0,2,2020-03,0.0,0.0,1.0,0,0.0,0,0.0,0,0.0,0,0.0,1,1.0,0,0.0,0,0.0,0,0.0,0,0.0
枝头偷月亮,2,1,no_media,0,2,2023-03,0.0,0.0,0.0,0,0.0,0,0.0,0,0.0,0,0.0,0,0.0,0,0.0,0,0.0,0,0.0,1,1.0
枝江发布,2,1,no_media,0,2,2022-04,0.0,0.0,1.0,0,0.0,0,0.0,0,0.0,0,0.0,1,1.0,0,0.0,0,0.0,0,0.0,0,0.0
枣庄公安,2,1,mainstream_only,1,2,2024-10,0.0,0.0,1.0,0,0.0,0,0.0,0,0.0,0,0.0,1,1.0,0,0.0,0,0.0,0,0.0,0,0.0
枣庄在线,8,7,no_media,1,8,2023-05,0.0,0.0,1.0,0,0.0,0,0.0,0,0.0,0,0.0,7,1.0,0,0.0,0,0.0,0,0.0,0,0.0
枣庄聚焦,7,6,no_media,0,7,2021-01,0.0,0.0,1.0,0,0.0,0,0.0,0,0.0,0,0.0,6,1.0,0,0.0,0,0.0,0,0.0,0,0.0
枫斋斋,3,2,no_media,0,3,2024-07,0.0,0.0,1.0,0,0.0,0,0.0,0,0.0,0,0.0,2,1.0,0,0.0,0,0.0,0,0.0,0,0.0
枫林秋露,4,3,no_media,0,4,2023-02,0.0,0.0,1.0,0,0.0,0,0.0,0,0.0,0,0.0,3,1.0,0,0.0,0,0.0,0,0.0,0,0.0
枫翎科技,2,1,mainstream_only,3,2,2021-11,0.0,0.0,1.0,0,0.0,0,0.0,0,0.0,0,0.0,1,1.0,0,0.0,0,0.0,0,0.0,0,0.0
枯碧竹,4,3,no_media,0,4,2024-04,0.0,0.0,0.6666666666666666,0,0.0,0,0.0,0,0.0,0,0.0,2,0.6666666666666666,1,0.3333333333333333,0,0.0,0,0.0,0,0.0
枳乚,8,7,no_media,1,8,2023-02,0.2857142857142857,0.42857142857142855,0.14285714285714285,0,0.0,1,0.14285714285714285,2,0.2857142857142857,0,0.0,1,0.14285714285714285,0,0.0,2,0.2857142857142857,0,0.0,1,0.14285714285714285
某一个沈先生,2,1,no_media,0,2,2023-04,0.0,0.0,0.0,0,0.0,0,0.0,0,0.0,0,0.0,0,0.0,0,0.0,0,0.0,1,1.0,0,0.0
某瓜_肝尽人亡型,2,1,no_media,0,2,2023-04,0.0,1.0,0.0,0,0.0,0,0.0,1,1.0,0,0.0,0,0.0,0,0.0,0,0.0,0,0.0,0,0.0
柚子SAyumiE,2,1,no_media,0,2,2023-05,0.0,0.0,1.0,0,0.0,0,0.0,0,0.0,0,0.0,1,1.0,0,0.0,0,0.0,0,0.0,0,0.0
柚子柚子就是柚子呀,2,1,no_media,2,2,2023-03,0.0,0.0,0.0,0,0.0,0,0.0,0,0.0,0,0.0,0,0.0,0,0.0,0,0.0,1,1.0,0,0.0
柚子精哟喂,2,1,no_media,0,2,2023-06,0.0,0.0,0.0,0,0.0,0,0.0,0,0.0,0,0.0,0,0.0,0,0.0,0,0.0,0,0.0,1,1.0
柠安雅萃,5,4,no_media,0,4,2022-04,0.0,0.0,1.0,0,0.0,0,0.0,0,0.0,0,0.0,4,1.0,0,0.0,0,0.0,0,0.0,0,0.0
柠檬树下2010,2,1,no_media,0,2,2023-11,0.0,0.0,1.0,0,0.0,0,0.0,0,0.0,0,0.0,1,1.0,0,0.0,0,0.0,0,0.0,0,0.0
柠檬留学会社,2,1,no_media,0,2,2023-02,0.0,0.0,1.0,0,0.0,0,0.0,0,0.0,0,0.0,1,1.0,0,0.0,0,0.0,0,0.0,0,0.0
柠檬露清香,3,2,mainstream_only,3,3,2024-12,0.0,0.0,1.0,0,0.0,0,0.0,0,0.0,0,0.0,2,1.0,0,0.0,0,0.0,0,0.0,0,0.0
查理怪蜀黍Alter,2,1,no_media,2,2,2023-11,0.0,0.0,0.0,1,1.0,0,0.0,0,0.0,0,0.0,0,0.0,0,0.0,0,0.0,0,0.0,0,0.0
柯依伯带小行星,4,3,no_media,3,4,2023-05,0.0,0.0,1.0,0,0.0,0,0.0,0,0.0,0,0.0,3,1.0,0,0.0,0,0.0,0,0.0,0,0.0
柯大夫儿科科普,6,5,no_media,0,6,2023-03,0.0,0.0,1.0,0,0.0,0,0.0,0,0.0,0,0.0,5,1.0,0,0.0,0,0.0,0,0.0,0,0.0
柳-杉,2,1,no_media,2,1,2025-03,0.0,0.0,1.0,0,0.0,0,0.0,0,0.0,0,0.0,1,1.0,0,0.0,0,0.0,0,0.0,0,0.0
柳叶不可刀,2,1,no_media,1,2,2023-08,0.0,1.0,0.0,0,0.0,0,0.0,1,1.0,0,0.0,0,0.0,0,0.0,0,0.0,0,0.0,0,0.0
柳叶刀TheLancet,23,22,no_media,0,22,2023-02,0.0,0.0,1.0,0,0.0,0,0.0,0,0.0,0,0.0,22,1.0,0,0.0,0,0.0,0,0.0,0,0.0
柳杨梓林,2,1,no_media,1,2,2023-06,0.0,0.0,0.0,0,0.0,0,0.0,0,0.0,0,0.0,0,0.0,0,0.0,0,0.0,1,1.0,0,0.0
柳营曲,2,1,no_media,1,2,2024-05,0.0,0.0,0.0,0,0.0,0,0.0,0,0.0,0,0.0,0,0.0,0,0.0,0,0.0,1,1.0,0,0.0
栀子橘子汽水味,2,1,no_media,0,2,2024-09,0.0,0.0,1.0,0,0.0,0,0.0,0,0.0,0,0.0,1,1.0,0,0.0,0,0.0,0,0.0,0,0.0
树冰棱,2,1,no_media,0,2,2023-03,0.0,0.0,0.0,0,0.0,0,0.0,0,0.0,0,0.0,0,0.0,0,0.0,0,0.0,0,0.0,1,1.0
栖霞市融媒体中心,3,2,no_media,0,3,2023-07,0.0,0.0,1.0,0,0.0,0,0.0,0,0.0,0,0.0,2,1.0,0,0.0,0,0.0,0,0.0,0,0.0
栗子liz同学,2,1,no_media,0,2,2023-02,0.0,0.0,0.0,0,0.0,0,0.0,0,0.0,0,0.0,0,0.0,1,1.0,0,0.0,0,0.0,0,0.0
栗子上学我上班,3,2,wemedia_only,2,3,2024-01,0.5,0.5,0.0,0,0.0,0,0.0,1,0.5,1,0.5,0,0.0,0,0.0,0,0.0,0,0.0,0,0.0
栗香小焙,2,1,no_media,0,2,2023-09,0.0,0.0,0.0,0,0.0,0,0.0,0,0.0,0,0.0,0,0.0,0,0.0,0,0.0,1,1.0,0,0.0
株洲发布,26,25,no_media,0,25,2021-08,0.0,0.0,1.0,0,0.0,0,0.0,0,0.0,0,0.0,25,1.0,0,0.0,0,0.0,0,0.0,0,0.0
株洲新闻广播,3,2,no_media,0,3,2021-08,0.0,0.0,1.0,0,0.0,0,0.0,0,0.0,0,0.0,2,1.0,0,0.0,0,0.0,0,0.0,0,0.0
核聚变ju,27,26,dual,24,26,2023-02,0.15384615384615385,0.11538461538461539,0.5,2,0.07692307692307693,3,0.11538461538461539,0,0.0,4,0.15384615384615385,13,0.5,2,0.07692307692307693,0,0.0,2,0.07692307692307693,0,0.0
根深叶茂_和光同尘,2,1,wemedia_only,3,2,2022-04,0.0,0.0,1.0,0,0.0,0,0.0,0,0.0,0,0.0,1,1.0,0,0.0,0,0.0,0,0.0,0,0.0
格尔达别怂,2,1,no_media,5,1,2022-12,0.0,0.0,0.0,0,0.0,0,0.0,0,0.0,0,0.0,0,0.0,0,0.0,0,0.0,0,0.0,1,1.0
格式化52756,2,1,no_media,3,2,2020-11,0.0,1.0,0.0,0,0.0,1,1.0,0,0.0,0,0.0,0,0.0,0,0.0,0,0.0,0,0.0,0,0.0
格格雪红,3,2,wemedia_only,1,3,2023-02,0.0,0.0,0.0,0,0.0,0,0.0,0,0.0,0,0.0,0,0.0,0,0.0,0,0.0,1,0.5,1,0.5
桂哥猎手VIP777,6,5,no_media,5,6,2022-11,0.2,0.4,0.4,0,0.0,2,0.4,0,0.0,1,0.2,2,0.4,0,0.0,0,0.0,0,0.0,0,0.0
桃乐茜的来信,3,2,no_media,0,3,2023-06,0.0,0.0,0.0,0,0.0,0,0.0,0,0.0,0,0.0,0,0.0,1,0.5,0,0.0,1,0.5,0,0.0
桃嘿嘿哦,2,1,no_media,0,2,2023-04,0.0,0.0,0.0,0,0.0,0,0.0,0,0.0,0,0.0,0,0.0,0,0.0,0,0.0,1,1.0,0,0.0
桃妖家的大兔子,2,1,no_media,0,2,2023-03,0.0,0.0,0.0,1,1.0,0,0.0,0,0.0,0,0.0,0,0.0,0,0.0,0,0.0,0,0.0,0,0.0
桃子柚柚冰ovo,2,1,no_media,0,1,2025-05,0.0,0.0,1.0,0,0.0,0,0.0,0,0.0,0,0.0,1,1.0,0,0.0,0,0.0,0,0.0,0,0.0
桃李在,2,1,no_media,1,2,2023-11,0.0,1.0,0.0,0,0.0,1,1.0,0,0.0,0,0.0,0,0.0,0,0.0,0,0.0,0,0.0,0,0.0
桃花岛一派,14,13,no_media,0,13,2023-02,0.15384615384615385,0.15384615384615385,0.46153846153846156,2,0.15384615384615385,1,0.07692307692307693,1,0.07692307692307693,2,0.15384615384615385,6,0.46153846153846156,0,0.0,0,0.0,1,0.07692307692307693,0,0.0
桃花流水鳜鱼肥333,2,1,no_media,2,2,2023-02,0.0,0.0,1.0,0,0.0,0,0.0,0,0.0,0,0.0,1,1.0,0,0.0,0,0.0,0,0.0,0,0.0
框框心情不好脸很臭,2,1,no_media,0,2,2023-06,0.0,0.0,0.0,0,0.0,0,0.0,0,0.0,0,0.0,0,0.0,0,0.0,0,0.0,0,0.0,1,1.0
桑芝影视推荐,2,1,no_media,0,2,2023-02,0.0,0.0,1.0,0,0.0,0,0.0,0,0.0,0,0.0,1,1.0,0,0.0,0,0.0,0,0.0,0,0.0
桑黄灵芝邓大为,29,28,no_media,0,22,2023-11,0.07142857142857142,0.07142857142857142,0.8571428571428571,0,0.0,2,0.07142857142857142,0,0.0,2,0.07142857142857142,24,0.8571428571428571,0,0.0,0,0.0,0,0.0,0,0.0
桓台融媒,2,1,no_media,0,2,2023-12,0.0,0.0,1.0,0,0.0,0,0.0,0,0.0,0,0.0,1,1.0,0,0.0,0,0.0,0,0.0,0,0.0
桥边男孩May,3,2,no_media,2,2,2022-12,0.5,0.0,0.5,0,0.0,0,0.0,0,0.0,1,0.5,1,0.5,0,0.0,0,0.0,0,0.0,0,0.0
梁大白的幸福生活,2,1,no_media,2,2,2023-09,0.0,0.0,0.0,0,0.0,0,0.0,0,0.0,0,0.0,0,0.0,0,0.0,0,0.0,0,0.0,1,1.0
梁山县融媒体中心,3,2,no_media,0,3,2023-02,0.0,0.0,1.0,0,0.0,0,0.0,0,0.0,0,0.0,2,1.0,0,0.0,0,0.0,0,0.0,0,0.0
梁水才,2,1,no_media,0,2,2020-03,0.0,0.0,1.0,0,0.0,0,0.0,0,0.0,0,0.0,1,1.0,0,0.0,0,0.0,0,0.0,0,0.0
梁湘,2,1,no_media,1,2,2024-05,0.0,0.0,0.0,0,0.0,0,0.0,0,0.0,0,0.0,0,0.0,0,0.0,0,0.0,1,1.0,0,0.0
梁群医生,14,13,no_media,0,14,2023-02,0.0,0.0,0.8461538461538461,0,0.0,0,0.0,0,0.0,0,0.0,11,0.8461538461538461,1,0.07692307692307693,0,0.0,1,0.07692307692307693,0,0.0
梁老师_北极ASD,3,2,no_media,1,3,2023-12,0.0,0.0,0.0,0,0.0,0,0.0,0,0.0,0,0.0,0,0.0,0,0.0,0,0.0,1,0.5,1,0.5
梁观鱼先生,2,1,no_media,0,2,2023-02,0.0,0.0,1.0,0,0.0,0,0.0,0,0.0,0,0.0,1,1.0,0,0.0,0,0.0,0,0.0,0,0.0
梅主任健康科普,7,6,no_media,0,7,2024-01,0.0,0.0,1.0,0,0.0,0,0.0,0,0.0,0,0.0,6,1.0,0,0.0,0,0.0,0,0.0,0,0.0
梅子在想什么,70,69,no_media,172,47,2022-12,0.15942028985507245,0.17391304347826086,0.14492753623188406,4,0.057971014492753624,5,0.07246376811594203,7,0.10144927536231885,4,0.057971014492753624,10,0.14492753623188406,11,0.15942028985507245,7,0.10144927536231885,10,0.14492753623188406,11,0.15942028985507245
梅干菜好吃,3,2,wemedia_only,3,3,2023-02,0.5,0.5,0.0,0,0.0,1,0.5,0,0.0,1,0.5,0,0.0,0,0.0,0,0.0,0,0.0,0,0.0
梅梅主任,8,7,no_media,0,8,2024-03,0.14285714285714285,0.14285714285714285,0.42857142857142855,0,0.0,1,0.14285714285714285,0,0.0,1,0.14285714285714285,3,0.42857142857142855,1,0.14285714285714285,0,0.0,1,0.14285714285714285,0,0.0
梓墨悠然,2,1,mainstream_only,1,2,2023-02,0.0,1.0,0.0,0,0.0,1,1.0,0,0.0,0,0.0,0,0.0,0,0.0,0,0.0,0,0.0,0,0.0
梓曈,2,1,no_media,0,2,2023-02,0.0,0.0,0.0,0,0.0,0,0.0,0,0.0,0,0.0,0,0.0,0,0.0,0,0.0,0,0.0,1,1.0
梦___穿越时空,4,3,no_media,0,4,2023-08,0.3333333333333333,0.3333333333333333,0.0,1,0.3333333333333333,0,0.0,1,0.3333333333333333,0,0.0,0,0.0,0,0.0,1,0.3333333333333333,0,0.0,0,0.0
梦一场1015,2,1,no_media,0,2,2023-02,0.0,0.0,0.0,0,0.0,0,0.0,0,0.0,0,0.0,0,0.0,0,0.0,0,0.0,0,0.0,1,1.0
梦华夜心,2,1,no_media,0,2,2023-05,0.0,0.0,1.0,0,0.0,0,0.0,0,0.0,0,0.0,1,1.0,0,0.0,0,0.0,0,0.0,0,0.0
梦境飞行模式开启,2,1,no_media,0,2,2023-02,0.0,1.0,0.0,0,0.0,0,0.0,1,1.0,0,0.0,0,0.0,0,0.0,0,0.0,0,0.0,0,0.0
梦宅1942,2,1,wemedia_only,2,2,2023-12,0.0,0.0,1.0,0,0.0,0,0.0,0,0.0,0,0.0,1,1.0,0,0.0,0,0.0,0,0.0,0,0.0
梦幻天罗图形永在,3,2,no_media,1,3,2023-03,0.0,0.0,1.0,0,0.0,0,0.0,0,0.0,0,0.0,2,1.0,0,0.0,0,0.0,0,0.0,0,0.0
梦幻泡影镜中花Q,10,9,no_media,0,7,2023-07,0.2222222222222222,0.3333333333333333,0.2222222222222222,2,0.2222222222222222,3,0.3333333333333333,0,0.0,2,0.2222222222222222,2,0.2222222222222222,0,0.0,0,0.0,0,0.0,0,0.0
梦想若近若远,4,3,no_media,0,4,2023-06,0.0,0.0,0.0,0,0.0,0,0.0,0,0.0,0,0.0,0,0.0,1,0.3333333333333333,0,0.0,2,0.6666666666666666,0,0.0
梦想零落成妮,3,2,no_media,3,3,2023-01,0.0,0.0,0.5,0,0.0,0,0.0,0,0.0,0,0.0,1,0.5,1,0.5,0,0.0,0,0.0,0,0.0
梦若神机0,2,1,no_media,0,1,2024-01,0.0,0.0,1.0,0,0.0,0,0.0,0,0.0,0,0.0,1,1.0,0,0.0,0,0.0,0,0.0,0,0.0
梦见的星辰大海,22,21,no_media,5,18,2023-02,0.047619047619047616,0.09523809523809523,0.0,0,0.0,0,0.0,2,0.09523809523809523,1,0.047619047619047616,0,0.0,1,0.047619047619047616,0,0.0,2,0.09523809523809523,15,0.7142857142857143
梦里初雪香_,3,2,no_media,0,3,2023-06,0.0,0.0,0.0,0,0.0,0,0.0,0,0.0,0,0.0,0,0.0,1,0.5,0,0.0,0,0.0,1,0.5
梦里花落soso,13,12,mainstream_only,11,13,2023-05,0.16666666666666666,0.08333333333333333,0.5,1,0.08333333333333333,1,0.08333333333333333,0,0.0,2,0.16666666666666666,6,0.5,1,0.08333333333333333,0,0.0,1,0.08333333333333333,0,0.0
梨涡浅笑-s,2,1,no_media,2,2,2022-12,0.0,0.0,0.0,0,0.0,0,0.0,0,0.0,0,0.0,0,0.0,1,1.0,0,0.0,0,0.0,0,0.0
梨视频,2,1,no_media,0,2,2023-05,0.0,0.0,1.0,0,0.0,0,0.0,0,0.0,0,0.0,1,1.0,0,0.0,0,0.0,0,0.0,0,0.0
梳子不打结,2,1,no_media,0,2,2023-03,0.0,0.0,0.0,0,0.0,0,0.0,0,0.0,0,0.0,0,0.0,0,0.0,0,0.0,0,0.0,1,1.0
梵如夏花,2,1,wemedia_only,6,2,2023-05,0.0,0.0,1.0,0,0.0,0,0.0,0,0.0,0,0.0,1,1.0,0,0.0,0,0.0,0,0.0,0,0.0
梵迪迩,2,1,no_media,2,2,2023-03,0.0,0.0,0.0,0,0.0,0,0.0,0,0.0,0,0.0,0,0.0,0,0.0,0,0.0,0,0.0,1,1.0
梵高影视,2,1,no_media,0,2,2023-02,0.0,0.0,1.0,0,0.0,0,0.0,0,0.0,0,0.0,1,1.0,0,0.0,0,0.0,0,0.0,0,0.0
棋童之家,3,2,no_media,0,3,2024-02,0.0,0.0,1.0,0,0.0,0,0.0,0,0.0,0,0.0,2,1.0,0,0.0,0,0.0,0,0.0,0,0.0
棒棒糖想拥有徐一宁签名照,2,1,wemedia_only,2,1,2020-03,0.0,0.0,1.0,0,0.0,0,0.0,0,0.0,0,0.0,1,1.0,0,0.0,0,0.0,0,0.0,0,0.0
棕色皮蛋_,2,1,no_media,0,2,2023-05,0.0,1.0,0.0,0,0.0,0,0.0,1,1.0,0,0.0,0,0.0,0,0.0,0,0.0,0,0.0,0,0.0
森南有鹿_apv,4,3,no_media,33,4,2023-08,0.3333333333333333,0.3333333333333333,0.0,1,0.3333333333333333,1,0.3333333333333333,0,0.0,1,0.3333333333333333,0,0.0,0,0.0,0,0.0,0,0.0,0,0.0
森林女王的微观世界,2,1,no_media,0,2,2024-03,0.0,0.0,1.0,0,0.0,0,0.0,0,0.0,0,0.0,1,1.0,0,0.0,0,0.0,0,0.0,0,0.0
森森hania,3,2,no_media,0,3,2023-03,0.5,0.5,0.0,0,0.0,0,0.0,1,0.5,0,0.0,0,0.0,0,0.0,1,0.5,0,0.0,0,0.0
棱角冥顽de酣欢,3,2,no_media,0,3,2023-03,0.0,0.0,1.0,0,0.0,0,0.0,0,0.0,0,0.0,2,1.0,0,0.0,0,0.0,0,0.0,0,0.0
植物人史军,2,1,no_media,1,2,2025-02,0.0,0.0,1.0,0,0.0,0,0.0,0,0.0,0,0.0,1,1.0,0,0.0,0,0.0,0,0.0,0,0.0
植物流沙,3,2,no_media,0,3,2023-02,0.0,0.0,0.0,0,0.0,0,0.0,0,0.0,0,0.0,0,0.0,1,0.5,0,0.0,1,0.5,0,0.0
植紊震颤咨询bjzyt1816,21,20,no_media,0,14,2023-04,0.0,0.0,0.75,0,0.0,0,0.0,0,0.0,0,0.0,15,0.75,2,0.1,0,0.0,2,0.1,1,0.05
椟菽荫,6,5,no_media,22,6,2023-05,0.0,0.0,1.0,0,0.0,0,0.0,0,0.0,0,0.0,5,1.0,0,0.0,0,0.0,0,0.0,0,0.0
椿意颂,2,1,no_media,0,2,2024-08,0.0,0.0,1.0,0,0.0,0,0.0,0,0.0,0,0.0,1,1.0,0,0.0,0,0.0,0,0.0,0,0.0
楊光的易经空间,11,10,no_media,10,10,2023-10,0.3,0.2,0.4,1,0.1,2,0.2,0,0.0,3,0.3,4,0.4,0,0.0,0,0.0,0,0.0,0,0.0
楊培安RogerYang,2,1,no_media,0,2,2022-10,0.0,0.0,1.0,0,0.0,0,0.0,0,0.0,0,0.0,1,1.0,0,0.0,0,0.0,0,0.0,0,0.0
楊文長君,4,3,no_media,0,4,2023-02,0.0,0.0,1.0,0,0.0,0,0.0,0,0.0,0,0.0,3,1.0,0,0.0,0,0.0,0,0.0,0,0.0
楊楊_esquisse,5,4,no_media,1,5,2024-03,0.0,0.0,0.25,0,0.0,0,0.0,0,0.0,0,0.0,1,0.25,0,0.0,0,0.0,1,0.25,2,0.5
楚团长聊聊天,4,3,no_media,0,4,2023-02,0.0,0.0,1.0,0,0.0,0,0.0,0,0.0,0,0.0,3,1.0,0,0.0,0,0.0,0,0.0,0,0.0
楚复生,3,2,wemedia_only,4,3,2022-11,0.0,0.0,1.0,0,0.0,0,0.0,0,0.0,0,0.0,2,1.0,0,0.0,0,0.0,0,0.0,0,0.0
楚曼之吃苦又耐劳,3,2,no_media,1,3,2024-02,0.0,0.0,0.0,0,0.0,0,0.0,0,0.0,0,0.0,0,0.0,0,0.0,0,0.0,1,0.5,1,0.5
楚月今萧,4,3,no_media,1,4,2023-10,0.3333333333333333,0.0,0.6666666666666666,0,0.0,0,0.0,0,0.0,1,0.3333333333333333,2,0.6666666666666666,0,0.0,0,0.0,0,0.0,0,0.0
楚楚生活_,2,1,no_media,0,2,2023-03,1.0,0.0,0.0,0,0.0,0,0.0,0,0.0,0,0.0,0,0.0,0,0.0,1,1.0,0,0.0,0,0.0
楚江冬艳,3,2,no_media,0,3,2023-02,0.0,0.0,1.0,0,0.0,0,0.0,0,0.0,0,0.0,2,1.0,0,0.0,0,0.0,0,0.0,0,0.0
楚萍微客,4,3,no_media,6,4,2020-03,0.3333333333333333,0.3333333333333333,0.3333333333333333,0,0.0,1,0.3333333333333333,0,0.0,1,0.3333333333333333,1,0.3333333333333333,0,0.0,0,0.0,0,0.0,0,0.0
楷恩医院,2,1,no_media,0,2,2022-05,0.0,0.0,1.0,0,0.0,0,0.0,0,0.0,0,0.0,1,1.0,0,0.0,0,0.0,0,0.0,0,0.0
楼上的爱丽丝,2,1,no_media,0,2,2023-04,0.0,0.0,0.0,0,0.0,0,0.0,0,0.0,0,0.0,0,0.0,0,0.0,0,0.0,0,0.0,1,1.0
楼市政国策,2,1,wemedia_only,2,2,2022-12,0.0,0.0,0.0,0,0.0,0,0.0,0,0.0,0,0.0,0,0.0,0,0.0,0,0.0,1,1.0,0,0.0
楼观燕飞翔,2,1,no_media,1,2,2023-05,0.0,0.0,1.0,0,0.0,0,0.0,0,0.0,0,0.0,1,1.0,0,0.0,0,0.0,0,0.0,0,0.0
榆林TV,33,32,no_media,0,26,2020-04,0.0,0.0,1.0,0,0.0,0,0.0,0,0.0,0,0.0,32,1.0,0,0.0,0,0.0,0,0.0,0,0.0
榆林日报,47,46,no_media,0,42,2020-03,0.0,0.0,1.0,0,0.0,0,0.0,0,0.0,0,0.0,46,1.0,0,0.0,0,0.0,0,0.0,0,0.0
榴莲冰棒ec,6,5,no_media,4,5,2025-02,0.2,0.0,0.2,0,0.0,0,0.0,0,0.0,1,0.2,1,0.2,1,0.2,0,0.0,2,0.4,0,0.0
槑小公子Mannie,2,1,no_media,0,2,2023-01,0.0,0.0,1.0,0,0.0,0,0.0,0,0.0,0,0.0,1,1.0,0,0.0,0,0.0,0,0.0,0,0.0
樂托邦,2,1,no_media,0,2,2023-06,0.0,0.0,1.0,0,0.0,0,0.0,0,0.0,0,0.0,1,1.0,0,0.0,0,0.0,0,0.0,0,0.0
樊建川,2,1,no_media,0,2,2023-03,0.0,0.0,1.0,0,0.0,0,0.0,0,0.0,0,0.0,1,1.0,0,0.0,0,0.0,0,0.0,0,0.0
模_人,5,4,no_media,4,3,2024-05,0.0,0.25,0.75,0,0.0,1,0.25,0,0.0,0,0.0,3,0.75,0,0.0,0,0.0,0,0.0,0,0.0
樱花树下野草生,3,2,no_media,0,3,2023-07,0.5,0.0,0.0,0,0.0,0,0.0,0,0.0,0,0.0,0,0.0,0,0.0,1,0.5,0,0.0,1,0.5
樵门草木深,2,1,no_media,0,2,2024-07,0.0,0.0,1.0,0,0.0,0,0.0,0,0.0,0,0.0,1,1.0,0,0.0,0,0.0,0,0.0,0,0.0
樸西西滴莉莉,2,1,no_media,0,2,2023-02,0.0,0.0,1.0,0,0.0,0,0.0,0,0.0,0,0.0,1,1.0,0,0.0,0,0.0,0,0.0,0,0.0
樹TreeNamu,2,1,no_media,0,2,2023-06,0.0,0.0,0.0,0,0.0,0,0.0,0,0.0,0,0.0,0,0.0,0,0.0,0,0.0,1,1.0,0,0.0
橄榄枝健康,4,3,no_media,0,4,2023-02,0.0,0.0,1.0,0,0.0,0,0.0,0,0.0,0,0.0,3,1.0,0,0.0,0,0.0,0,0.0,0,0.0
橘井抚琴,2,1,no_media,0,2,2023-05,0.0,0.0,1.0,0,0.0,0,0.0,0,0.0,0,0.0,1,1.0,0,0.0,0,0.0,0,0.0,0,0.0
橘夜0824,2,1,no_media,0,2,2023-12,0.0,1.0,0.0,0,0.0,0,0.0,1,1.0,0,0.0,0,0.0,0,0.0,0,0.0,0,0.0,0,0.0
橘子5号财经之经济学家,2,1,no_media,0,2,2023-06,0.0,0.0,0.0,0,0.0,0,0.0,0,0.0,0,0.0,0,0.0,0,0.0,0,0.0,1,1.0,0,0.0
橘子可乐芒果汁,2,1,no_media,6,2,2024-01,0.0,1.0,0.0,0,0.0,0,0.0,1,1.0,0,0.0,0,0.0,0,0.0,0,0.0,0,0.0,0,0.0
橘子味的EVA,2,1,no_media,0,1,2023-04,0.0,0.0,1.0,0,0.0,0,0.0,0,0.0,0,0.0,1,1.0,0,0.0,0,0.0,0,0.0,0,0.0
橘是一团火,2,1,no_media,0,2,2023-02,0.0,0.0,1.0,0,0.0,0,0.0,0,0.0,0,0.0,1,1.0,0,0.0,0,0.0,0,0.0,0,0.0
橘猫量贩看电影,2,1,no_media,0,2,2024-08,0.0,0.0,0.0,0,0.0,0,0.0,0,0.0,0,0.0,0,0.0,1,1.0,0,0.0,0,0.0,0,0.0
橘里姬社,2,1,no_media,0,2,2023-02,0.0,1.0,0.0,0,0.0,1,1.0,0,0.0,0,0.0,0,0.0,0,0.0,0,0.0,0,0.0,0,0.0
橙子里有个咕噜噜,4,3,wemedia_only,2,1,2020-03,0.0,0.0,0.6666666666666666,0,0.0,0,0.0,0,0.0,0,0.0,2,0.6666666666666666,0,0.0,0,0.0,1,0.3333333333333333,0,0.0
橙新聞,24,23,no_media,0,22,2022-03,0.043478260869565216,0.043478260869565216,0.9130434782608695,0,0.0,1,0.043478260869565216,0,0.0,1,0.043478260869565216,21,0.9130434782608695,0,0.0,0,0.0,0,0.0,0,0.0
機智的銀河系漫遊事件簿,2,1,no_media,0,2,2024-05,0.0,0.0,0.0,0,0.0,0,0.0,0,0.0,0,0.0,0,0.0,0,0.0,0,0.0,0,0.0,1,1.0
檀莫流也,2,1,no_media,0,2,2024-02,0.0,0.0,0.0,0,0.0,0,0.0,0,0.0,0,0.0,0,0.0,1,1.0,0,0.0,0,0.0,0,0.0
欢乐爆笑,2,1,no_media,0,2,2025-05,0.0,0.0,1.0,0,0.0,0,0.0,0,0.0,0,0.0,1,1.0,0,0.0,0,0.0,0,0.0,0,0.0
欢喜春秋5555,2,1,no_media,0,2,2023-03,0.0,0.0,1.0,0,0.0,0,0.0,0,0.0,0,0.0,1,1.0,0,0.0,0,0.0,0,0.0,0,0.0
欢迎入住本院,2,1,no_media,0,2,2024-11,0.0,0.0,0.0,0,0.0,0,0.0,0,0.0,0,0.0,0,0.0,0,0.0,0,0.0,0,0.0,1,1.0
欣Angelia,2,1,no_media,0,2,2024-02,0.0,0.0,0.0,0,0.0,0,0.0,0,0.0,0,0.0,0,0.0,0,0.0,0,0.0,0,0.0,1,1.0
欣湘冰奕,4,3,no_media,0,4,2023-02,0.0,0.0,1.0,0,0.0,0,0.0,0,0.0,0,0.0,3,1.0,0,0.0,0,0.0,0,0.0,0,0.0
欣蔚本尊,2,1,no_media,2,2,2024-04,0.0,0.0,0.0,0,0.0,0,0.0,0,0.0,0,0.0,0,0.0,0,0.0,0,0.0,0,0.0,1,1.0
欧洲时报,3,2,no_media,0,3,2023-05,0.0,0.0,1.0,0,0.0,0,0.0,0,0.0,0,0.0,2,1.0,0,0.0,0,0.0,0,0.0,0,0.0
欧美二线品牌,2,1,no_media,4,2,2023-02,0.0,0.0,1.0,0,0.0,0,0.0,0,0.0,0,0.0,1,1.0,0,0.0,0,0.0,0,0.0,0,0.0
欧阳秋叶,25,24,no_media,0,24,2023-02,0.08333333333333333,0.08333333333333333,0.7916666666666666,1,0.041666666666666664,2,0.08333333333333333,0,0.0,2,0.08333333333333333,19,0.7916666666666666,0,0.0,0,0.0,0,0.0,0,0.0
歌莉雅第五代,7,6,no_media,0,1,2023-06,0.0,0.0,1.0,0,0.0,0,0.0,0,0.0,0,0.0,6,1.0,0,0.0,0,0.0,0,0.0,0,0.0
止谣君,2,1,mainstream_only,10,2,2022-12,1.0,0.0,0.0,0,0.0,0,0.0,0,0.0,1,1.0,0,0.0,0,0.0,0,0.0,0,0.0,0,0.0
正义无敌-欣哥无敌发布微博,5,4,no_media,0,4,2023-02,0.0,0.0,1.0,0,0.0,0,0.0,0,0.0,0,0.0,4,1.0,0,0.0,0,0.0,0,0.0,0,0.0
正义的小六,2,1,no_media,0,2,2023-02,0.0,0.0,1.0,0,0.0,0,0.0,0,0.0,0,0.0,1,1.0,0,0.0,0,0.0,0,0.0,0,0.0
正义网,15,14,no_media,0,15,2020-05,0.0,0.0,1.0,0,0.0,0,0.0,0,0.0,0,0.0,14,1.0,0,0.0,0,0.0,0,0.0,0,0.0
正保王艳龙讲会计,2,1,no_media,0,2,2024-01,0.0,0.0,0.0,0,0.0,0,0.0,0,0.0,0,0.0,0,0.0,0,0.0,0,0.0,1,1.0,0,0.0
正合函子,2,1,no_media,8,2,2023-04,1.0,0.0,0.0,0,0.0,0,0.0,0,0.0,1,1.0,0,0.0,0,0.0,0,0.0,0,0.0,0,0.0
正在看电影中,3,2,no_media,0,3,2023-03,0.0,0.0,0.0,0,0.0,0,0.0,0,0.0,0,0.0,0,0.0,1,0.5,0,0.0,1,0.5,0,0.0
正心-正能量,2,1,no_media,0,2,2023-05,0.0,0.0,1.0,0,0.0,0,0.0,0,0.0,0,0.0,1,1.0,0,0.0,0,0.0,0,0.0,0,0.0
正月初琪,2,1,no_media,0,2,2023-09,1.0,0.0,0.0,0,0.0,0,0.0,0,0.0,1,1.0,0,0.0,0,0.0,0,0.0,0,0.0,0,0.0
正牌一旧云Angel,4,3,no_media,0,4,2023-02,0.0,0.0,1.0,0,0.0,0,0.0,0,0.0,0,0.0,3,1.0,0,0.0,0,0.0,0,0.0,0,0.0
正胜1949,3,2,wemedia_only,4,3,2023-06,0.0,0.5,0.0,1,0.5,0,0.0,1,0.5,0,0.0,0,0.0,0,0.0,0,0.0,0,0.0,0,0.0
正能量de黄跳跳O,2,1,no_media,0,2,2023-02,0.0,0.0,1.0,0,0.0,0,0.0,0,0.0,0,0.0,1,1.0,0,0.0,0,0.0,0,0.0,0,0.0
正要说啥,2,1,no_media,0,2,2021-01,1.0,0.0,0.0,0,0.0,0,0.0,0,0.0,1,1.0,0,0.0,0,0.0,0,0.0,0,0.0,0,0.0
正观新闻,55,54,no_media,0,47,2021-02,0.0,0.0,1.0,0,0.0,0,0.0,0,0.0,0,0.0,54,1.0,0,0.0,0,0.0,0,0.0,0,0.0
正返馈,2,1,wemedia_only,3,2,2024-08,0.0,0.0,1.0,0,0.0,0,0.0,0,0.0,0,0.0,1,1.0,0,0.0,0,0.0,0,0.0,0,0.0
此O非彼O啊,2,1,no_media,0,2,2023-03,0.0,0.0,0.0,0,0.0,0,0.0,0,0.0,0,0.0,0,0.0,0,0.0,0,0.0,1,1.0,0,0.0
此人名曰狗血,2,1,no_media,0,2,2023-10,0.0,0.0,0.0,0,0.0,0,0.0,0,0.0,0,0.0,0,0.0,0,0.0,0,0.0,1,1.0,0,0.0
步天歌与山海经,2,1,no_media,0,2,2023-03,1.0,0.0,0.0,0,0.0,0,0.0,0,0.0,1,1.0,0,0.0,0,0.0,0,0.0,0,0.0,0,0.0
武庆凤,2,1,no_media,0,2,2023-12,0.0,0.0,1.0,0,0.0,0,0.0,0,0.0,0,0.0,1,1.0,0,0.0,0,0.0,0,0.0,0,0.0
武毅智,2,1,no_media,8,2,2024-08,0.0,0.0,0.0,0,0.0,0,0.0,0,0.0,0,0.0,0,0.0,0,0.0,0,0.0,0,0.0,1,1.0
武汉中医熊本富,3,2,no_media,0,3,2023-02,0.0,0.0,1.0,0,0.0,0,0.0,0,0.0,0,0.0,2,1.0,0,0.0,0,0.0,0,0.0,0,0.0
武汉交通广播,50,49,no_media,0,43,2020-03,0.0,0.0,1.0,0,0.0,0,0.0,0,0.0,0,0.0,49,1.0,0,0.0,0,0.0,0,0.0,0,0.0
武汉刘正涛,21,20,no_media,1,20,2023-04,0.2,0.15,0.3,4,0.2,2,0.1,1,0.05,3,0.15,6,0.3,1,0.05,1,0.05,1,0.05,1,0.05
武汉发布,43,42,no_media,0,36,2020-03,0.0,0.0,1.0,0,0.0,0,0.0,0,0.0,0,0.0,42,1.0,0,0.0,0,0.0,0,0.0,0,0.0
武汉市场监管,8,7,no_media,0,8,2023-02,0.0,0.0,1.0,0,0.0,0,0.0,0,0.0,0,0.0,7,1.0,0,0.0,0,0.0,0,0.0,0,0.0
武汉市普仁医院,2,1,no_media,0,2,2023-10,0.0,0.0,1.0,0,0.0,0,0.0,0,0.0,0,0.0,1,1.0,0,0.0,0,0.0,0,0.0,0,0.0
武汉市第一医院,3,2,no_media,0,3,2023-02,0.0,0.0,1.0,0,0.0,0,0.0,0,0.0,0,0.0,2,1.0,0,0.0,0,0.0,0,0.0,0,0.0
武汉广播电视台,22,21,no_media,0,19,2020-03,0.0,0.0,1.0,0,0.0,0,0.0,0,0.0,0,0.0,21,1.0,0,0.0,0,0.0,0,0.0,0,0.0
武汉德佑中医医院,2,1,no_media,0,2,2024-09,0.0,0.0,1.0,0,0.0,0,0.0,0,0.0,0,0.0,1,1.0,0,0.0,0,0.0,0,0.0,0,0.0
武汉新闻,12,11,no_media,0,10,2021-12,0.0,0.0,1.0,0,0.0,0,0.0,0,0.0,0,0.0,11,1.0,0,0.0,0,0.0,0,0.0,0,0.0
武汉新闻广播,8,7,no_media,0,8,2020-03,0.0,0.0,1.0,0,0.0,0,0.0,0,0.0,0,0.0,7,1.0,0,0.0,0,0.0,0,0.0,0,0.0
武汉晚报,3,2,no_media,0,3,2023-02,0.0,0.0,1.0,0,0.0,0,0.0,0,0.0,0,0.0,2,1.0,0,0.0,0,0.0,0,0.0,0,0.0
武汉潘唯杰,4,3,no_media,0,4,2023-05,0.0,0.0,1.0,0,0.0,0,0.0,0,0.0,0,0.0,3,1.0,0,0.0,0,0.0,0,0.0,0,0.0
武汉紫荆医院,2,1,no_media,0,2,2023-03,0.0,0.0,1.0,0,0.0,0,0.0,0,0.0,0,0.0,1,1.0,0,0.0,0,0.0,0,0.0,0,0.0
武汉经方中医吕东红,3,2,no_media,1,3,2023-02,0.0,0.0,1.0,0,0.0,0,0.0,0,0.0,0,0.0,2,1.0,0,0.0,0,0.0,0,0.0,0,0.0
武汉诚顺和中医门诊部,8,7,no_media,0,8,2023-02,0.0,0.0,1.0,0,0.0,0,0.0,0,0.0,0,0.0,7,1.0,0,0.0,0,0.0,0,0.0,0,0.0
武汉诚顺和中医馆,2,1,no_media,0,2,2023-12,0.0,0.0,1.0,0,0.0,0,0.0,0,0.0,0,0.0,1,1.0,0,0.0,0,0.0,0,0.0,0,0.0
武清发布,3,2,no_media,0,3,2024-09,0.0,0.0,1.0,0,0.0,0,0.0,0,0.0,0,0.0,2,1.0,0,0.0,0,0.0,0,0.0,0,0.0
武郎中,3,2,no_media,2,3,2023-02,0.0,0.0,0.5,0,0.0,0,0.0,0,0.0,0,0.0,1,0.5,1,0.5,0,0.0,0,0.0,0,0.0
武鑫垚LM,2,1,no_media,1,2,2022-12,0.0,0.0,0.0,0,0.0,0,0.0,0,0.0,0,0.0,0,0.0,0,0.0,0,0.0,0,0.0,1,1.0
歪丶是我,2,1,no_media,1,2,2024-08,0.0,0.0,0.0,1,1.0,0,0.0,0,0.0,0,0.0,0,0.0,0,0.0,0,0.0,0,0.0,0,0.0
歪歪歪欧猫,4,3,no_media,0,4,2023-04,0.0,0.0,0.6666666666666666,0,0.0,0,0.0,0,0.0,0,0.0,2,0.6666666666666666,1,0.3333333333333333,0,0.0,0,0.0,0,0.0
死孩面包,2,1,no_media,0,2,2023-02,0.0,1.0,0.0,0,0.0,1,1.0,0,0.0,0,0.0,0,0.0,0,0.0,0,0.0,0,0.0,0,0.0
死海里的燕巴虎,2,1,no_media,0,2,2023-02,0.0,1.0,0.0,0,0.0,1,1.0,0,0.0,0,0.0,0,0.0,0,0.0,0,0.0,0,0.0,0,0.0
死肥宅学长,2,1,wemedia_only,1,1,2022-12,0.0,0.0,1.0,0,0.0,0,0.0,0,0.0,0,0.0,1,1.0,0,0.0,0,0.0,0,0.0,0,0.0
殊小沐,3,2,no_media,5,3,2023-05,0.5,0.0,0.0,1,0.5,0,0.0,0,0.0,1,0.5,0,0.0,0,0.0,0,0.0,0,0.0,0,0.0
残云吹雨,2,1,no_media,2,2,2022-12,1.0,0.0,0.0,0,0.0,0,0.0,0,0.0,1,1.0,0,0.0,0,0.0,0,0.0,0,0.0,0,0.0
段冬Arthur,4,3,no_media,0,3,2022-12,0.0,0.0,1.0,0,0.0,0,0.0,0,0.0,0,0.0,3,1.0,0,0.0,0,0.0,0,0.0,0,0.0
段涛医生,4,3,no_media,0,4,2023-02,0.0,0.0,1.0,0,0.0,0,0.0,0,0.0,0,0.0,3,1.0,0,0.0,0,0.0,0,0.0,0,0.0
殷宜-,6,5,no_media,0,6,2023-06,0.0,0.0,1.0,0,0.0,0,0.0,0,0.0,0,0.0,5,1.0,0,0.0,0,0.0,0,0.0,0,0.0
殷洛潇潇,2,1,no_media,4,2,2023-10,0.0,0.0,1.0,0,0.0,0,0.0,0,0.0,0,0.0,1,1.0,0,0.0,0,0.0,0,0.0,0,0.0
母亲巴巴托斯,3,2,no_media,3,2,2023-04,0.0,0.0,0.0,2,1.0,0,0.0,0,0.0,0,0.0,0,0.0,0,0.0,0,0.0,0,0.0,0,0.0
每天健康说,61,60,no_media,0,36,2024-05,0.0,0.0,1.0,0,0.0,0,0.0,0,0.0,0,0.0,60,1.0,0,0.0,0,0.0,0,0.0,0,0.0
每天早晨喂喜鹊,2,1,no_media,3,2,2025-06,0.0,0.0,1.0,0,0.0,0,0.0,0,0.0,0,0.0,1,1.0,0,0.0,0,0.0,0,0.0,0,0.0
每天涨盈泓,6,5,no_media,6,6,2023-07,0.4,0.4,0.0,1,0.2,1,0.2,1,0.2,1,0.2,0,0.0,0,0.0,1,0.2,0,0.0,0,0.0
每天读点正能量,5,4,no_media,0,5,2023-02,0.0,0.0,1.0,0,0.0,0,0.0,0,0.0,0,0.0,4,1.0,0,0.0,0,0.0,0,0.0,0,0.0
每天都不变异,2,1,no_media,0,2,2023-07,1.0,0.0,0.0,0,0.0,0,0.0,0,0.0,0,0.0,0,0.0,0,0.0,1,1.0,0,0.0,0,0.0
每日医学资讯,21,20,no_media,0,19,2023-02,0.0,0.0,1.0,0,0.0,0,0.0,0,0.0,0,0.0,20,1.0,0,0.0,0,0.0,0,0.0,0,0.0
每日商报,18,17,no_media,0,18,2020-03,0.0,0.0,1.0,0,0.0,0,0.0,0,0.0,0,0.0,17,1.0,0,0.0,0,0.0,0,0.0,0,0.0
每日文艺播报,2,1,no_media,0,2,2023-10,0.0,0.0,1.0,0,0.0,0,0.0,0,0.0,0,0.0,1,1.0,0,0.0,0,0.0,0,0.0,0,0.0
每日新闻官方微博,2,1,no_media,0,2,2023-02,0.0,0.0,1.0,0,0.0,0,0.0,0,0.0,0,0.0,1,1.0,0,0.0,0,0.0,0,0.0,0,0.0
每日经济新闻,110,109,no_media,0,87,2020-08,0.01834862385321101,0.01834862385321101,0.963302752293578,0,0.0,2,0.01834862385321101,0,0.0,2,0.01834862385321101,105,0.963302752293578,0,0.0,0,0.0,0,0.0,0,0.0
毒药糖糖_k0b,6,5,no_media,0,6,2023-02,0.0,0.2,0.0,0,0.0,0,0.0,1,0.2,0,0.0,0,0.0,1,0.2,0,0.0,2,0.4,1,0.2
毓舫医疗,4,3,no_media,0,4,2023-02,0.0,0.0,1.0,0,0.0,0,0.0,0,0.0,0,0.0,3,1.0,0,0.0,0,0.0,0,0.0,0,0.0
比亚迪什么时候做新能源房车,2,1,mainstream_only,6,2,2023-07,0.0,1.0,0.0,0,0.0,1,1.0,0,0.0,0,0.0,0,0.0,0,0.0,0,0.0,0,0.0,0,0.0
比奇堡法外狂徒,2,1,no_media,1,2,2023-02,1.0,0.0,0.0,0,0.0,0,0.0,0,0.0,0,0.0,0,0.0,0,0.0,1,1.0,0,0.0,0,0.0
毕节网警,2,1,no_media,0,2,2023-03,0.0,0.0,1.0,0,0.0,0,0.0,0,0.0,0,0.0,1,1.0,0,0.0,0,0.0,0,0.0,0,0.0
毕雯小郡主,3,2,no_media,0,3,2023-05,0.0,0.5,0.5,0,0.0,1,0.5,0,0.0,0,0.0,1,0.5,0,0.0,0,0.0,0,0.0,0,0.0
毛毛雨mmy要发财,2,1,no_media,0,1,2023-02,0.0,0.0,0.0,0,0.0,0,0.0,0,0.0,0,0.0,0,0.0,1,1.0,0,0.0,0,0.0,0,0.0
毛玉,2,1,no_media,2,2,2023-10,0.0,0.0,0.0,1,1.0,0,0.0,0,0.0,0,0.0,0,0.0,0,0.0,0,0.0,0,0.0,0,0.0
毛范进,2,1,no_media,0,2,2023-02,0.0,0.0,0.0,0,0.0,0,0.0,0,0.0,0,0.0,0,0.0,0,0.0,0,0.0,0,0.0,1,1.0
毛茸茸标本天使,2,1,no_media,0,2,2024-08,0.0,1.0,0.0,0,0.0,0,0.0,1,1.0,0,0.0,0,0.0,0,0.0,0,0.0,0,0.0,0,0.0
毫河餐厅主理人,2,1,wemedia_only,1,2,2023-01,1.0,0.0,0.0,0,0.0,0,0.0,0,0.0,1,1.0,0,0.0,0,0.0,0,0.0,0,0.0,0,0.0
毯子-SerieA,2,1,wemedia_only,5,2,2023-04,0.0,1.0,0.0,0,0.0,1,1.0,0,0.0,0,0.0,0,0.0,0,0.0,0,0.0,0,0.0,0,0.0
毽客逆风飞扬,5,4,no_media,0,5,2023-02,0.0,0.0,0.0,4,1.0,0,0.0,0,0.0,0,0.0,0,0.0,0,0.0,0,0.0,0,0.0,0,0.0
民丰县融媒体中心,9,8,no_media,0,9,2023-03,0.0,0.0,1.0,0,0.0,0,0.0,0,0.0,0,0.0,8,1.0,0,0.0,0,0.0,0,0.0,0,0.0
民勤县融媒体中心,5,4,mainstream_only,1,5,2022-12,0.0,0.0,1.0,0,0.0,0,0.0,0,0.0,0,0.0,4,1.0,0,0.0,0,0.0,0,0.0,0,0.0
民心河的河,7,6,no_media,0,7,2024-03,0.3333333333333333,0.3333333333333333,0.16666666666666666,1,0.16666666666666666,2,0.3333333333333333,0,0.0,2,0.3333333333333333,1,0.16666666666666666,0,0.0,0,0.0,0,0.0,0,0.0
民权网,4,3,no_media,0,4,2021-08,0.0,0.0,1.0,0,0.0,0,0.0,0,0.0,0,0.0,3,1.0,0,0.0,0,0.0,0,0.0,0,0.0
民生关注,14,13,no_media,0,14,2020-04,0.0,0.0,1.0,0,0.0,0,0.0,0,0.0,0,0.0,13,1.0,0,0.0,0,0.0,0,0.0,0,0.0
民生温度计,9,8,no_media,0,9,2023-04,0.0,0.0,1.0,0,0.0,0,0.0,0,0.0,0,0.0,8,1.0,0,0.0,0,0.0,0,0.0,0,0.0
民间研究员,2,1,no_media,0,1,2023-05,1.0,0.0,0.0,0,0.0,0,0.0,0,0.0,1,1.0,0,0.0,0,0.0,0,0.0,0,0.0,0,0.0
气吞八碗猛如虎,3,2,no_media,2,3,2024-02,0.0,0.0,0.0,0,0.0,0,0.0,0,0.0,0,0.0,0,0.0,1,0.5,0,0.0,1,0.5,0,0.0
气气的保蜜橘,3,2,no_media,0,3,2023-02,0.0,0.0,0.0,0,0.0,0,0.0,0,0.0,0,0.0,0,0.0,0,0.0,0,0.0,0,0.0,2,1.0
水claudiajy,2,1,no_media,0,2,2023-10,0.0,1.0,0.0,0,0.0,0,0.0,1,1.0,0,0.0,0,0.0,0,0.0,0,0.0,0,0.0,0,0.0
水丽净水器,2,1,mainstream_only,6,2,2021-11,0.0,0.0,1.0,0,0.0,0,0.0,0,0.0,0,0.0,1,1.0,0,0.0,0,0.0,0,0.0,0,0.0
水亩年华,2,1,no_media,1,2,2022-10,0.0,0.0,1.0,0,0.0,0,0.0,0,0.0,0,0.0,1,1.0,0,0.0,0,0.0,0,0.0,0,0.0
水围脖,2,1,no_media,0,2,2023-03,0.0,1.0,0.0,0,0.0,0,0.0,1,1.0,0,0.0,0,0.0,0,0.0,0,0.0,0,0.0,0,0.0
水墨蓝风,2,1,no_media,2,2,2022-03,0.0,0.0,0.0,0,0.0,0,0.0,0,0.0,0,0.0,0,0.0,1,1.0,0,0.0,0,0.0,0,0.0
水大度,2,1,wemedia_only,2,2,2023-08,1.0,0.0,0.0,0,0.0,0,0.0,0,0.0,1,1.0,0,0.0,0,0.0,0,0.0,0,0.0,0,0.0
水无痕的小鱼儿,2,1,no_media,0,2,2025-07,0.0,0.0,0.0,0,0.0,0,0.0,0,0.0,0,0.0,0,0.0,0,0.0,0,0.0,1,1.0,0,0.0
水晶熊价格有力量叶如龙,3,2,no_media,0,3,2024-10,0.0,0.0,1.0,0,0.0,0,0.0,0,0.0,0,0.0,2,1.0,0,0.0,0,0.0,0,0.0,0,0.0
水木丁,2,1,mainstream_only,2,2,2023-08,0.0,1.0,0.0,0,0.0,1,1.0,0,0.0,0,0.0,0,0.0,0,0.0,0,0.0,0,0.0,0,0.0
水木梅花,2,1,no_media,0,2,2023-03,0.0,0.0,1.0,0,0.0,0,0.0,0,0.0,0,0.0,1,1.0,0,0.0,0,0.0,0,0.0,0,0.0
水母网,4,3,no_media,0,2,2022-10,0.0,0.0,1.0,0,0.0,0,0.0,0,0.0,0,0.0,3,1.0,0,0.0,0,0.0,0,0.0,0,0.0
水水修言,4,3,no_media,0,4,2023-02,0.3333333333333333,0.3333333333333333,0.0,0,0.0,0,0.0,1,0.3333333333333333,0,0.0,0,0.0,0,0.0,1,0.3333333333333333,0,0.0,1,0.3333333333333333
水沐年华润人生,2,1,no_media,0,2,2023-12,0.0,0.0,1.0,0,0.0,0,0.0,0,0.0,0,0.0,1,1.0,0,0.0,0,0.0,0,0.0,0,0.0
水泽容丽,3,2,wemedia_only,19,3,2023-03,0.5,0.5,0.0,0,0.0,1,0.5,0,0.0,1,0.5,0,0.0,0,0.0,0,0.0,0,0.0,0,0.0
水漾chi,2,1,no_media,0,2,2023-06,0.0,0.0,0.0,0,0.0,0,0.0,0,0.0,0,0.0,0,0.0,0,0.0,0,0.0,0,0.0,1,1.0
水煮蛋殿下,2,1,no_media,0,2,2024-08,1.0,0.0,0.0,0,0.0,0,0.0,0,0.0,0,0.0,0,0.0,0,0.0,1,1.0,0,0.0,0,0.0
水獭一般编-阿怡,3,2,wemedia_only,1,3,2024-06,0.0,0.5,0.5,0,0.0,1,0.5,0,0.0,0,0.0,1,0.5,0,0.0,0,0.0,0,0.0,0,0.0
水瓶纸,2,1,no_media,0,2,2023-10,0.0,1.0,0.0,0,0.0,0,0.0,1,1.0,0,0.0,0,0.0,0,0.0,0,0.0,0,0.0,0,0.0
水瓶那一抹绿,2,1,mainstream_only,5,1,2023-10,1.0,0.0,0.0,0,0.0,0,0.0,0,0.0,0,0.0,0,0.0,0,0.0,1,1.0,0,0.0,0,0.0
水磨沟区融媒体中心,5,4,no_media,0,4,2023-11,0.0,0.0,1.0,0,0.0,0,0.0,0,0.0,0,0.0,4,1.0,0,0.0,0,0.0,0,0.0,0,0.0
水花四溅_勇士国度,2,1,no_media,0,2,2023-02,0.0,0.0,1.0,0,0.0,0,0.0,0,0.0,0,0.0,1,1.0,0,0.0,0,0.0,0,0.0,0,0.0
水草精L,2,1,no_media,0,2,2023-04,0.0,0.0,0.0,0,0.0,0,0.0,0,0.0,0,0.0,0,0.0,0,0.0,0,0.0,0,0.0,1,1.0
水西视野,5,4,no_media,0,4,2023-03,0.0,0.0,1.0,0,0.0,0,0.0,0,0.0,0,0.0,4,1.0,0,0.0,0,0.0,0,0.0,0,0.0
水辛然,2,1,no_media,0,2,2024-04,1.0,0.0,0.0,0,0.0,0,0.0,0,0.0,0,0.0,0,0.0,0,0.0,1,1.0,0,0.0,0,0.0
水镜先生学中医,11,10,no_media,1,11,2023-02,0.0,0.0,0.7,0,0.0,0,0.0,0,0.0,0,0.0,7,0.7,1,0.1,0,0.0,2,0.2,0,0.0
永州发布,34,33,mainstream_only,4,28,2022-01,0.0,0.0,1.0,0,0.0,0,0.0,0,0.0,0,0.0,33,1.0,0,0.0,0,0.0,0,0.0,0,0.0
永州禁毒,2,1,mainstream_only,1,2,2022-12,0.0,0.0,1.0,0,0.0,0,0.0,0,0.0,0,0.0,1,1.0,0,0.0,0,0.0,0,0.0,0,0.0
永州警事,3,2,mainstream_only,1,3,2023-02,0.0,0.0,1.0,0,0.0,0,0.0,0,0.0,0,0.0,2,1.0,0,0.0,0,0.0,0,0.0,0,0.0
永昌发布,3,2,no_media,0,2,2023-02,0.0,0.0,1.0,0,0.0,0,0.0,0,0.0,0,0.0,2,1.0,0,0.0,0,0.0,0,0.0,0,0.0
永远喜欢昌邑路,3,2,no_media,0,3,2022-12,0.0,0.0,1.0,0,0.0,0,0.0,0,0.0,0,0.0,2,1.0,0,0.0,0,0.0,0,0.0,0,0.0
永远守护你的大猫,2,1,no_media,2,2,2023-11,0.0,0.0,0.0,0,0.0,0,0.0,0,0.0,0,0.0,0,0.0,1,1.0,0,0.0,0,0.0,0,0.0
永远年轻漂亮健康,37,36,no_media,0,31,2023-07,0.1388888888888889,0.16666666666666666,0.5833333333333334,3,0.08333333333333333,6,0.16666666666666666,0,0.0,4,0.1111111111111111,21,0.5833333333333334,1,0.027777777777777776,1,0.027777777777777776,0,0.0,0,0.0
永远快乐wmx,2,1,no_media,0,2,2023-07,0.0,0.0,1.0,0,0.0,0,0.0,0,0.0,0,0.0,1,1.0,0,0.0,0,0.0,0,0.0,0,0.0
永远的交界都市里的超能力者,2,1,no_media,1,2,2023-04,0.0,0.0,0.0,0,0.0,0,0.0,0,0.0,0,0.0,0,0.0,0,0.0,0,0.0,1,1.0,0,0.0
永远的华西,2,1,no_media,0,2,2023-02,0.0,0.0,1.0,0,0.0,0,0.0,0,0.0,0,0.0,1,1.0,0,0.0,0,0.0,0,0.0,0,0.0
永远的李大小姐,2,1,no_media,0,2,2024-02,0.0,0.0,0.0,0,0.0,0,0.0,0,0.0,0,0.0,0,0.0,0,0.0,0,0.0,1,1.0,0,0.0
求知求证的一个号,2,1,no_media,0,2,2023-06,0.0,0.0,0.0,0,0.0,0,0.0,0,0.0,0,0.0,0,0.0,0,0.0,0,0.0,1,1.0,0,0.0
汇娱,2,1,no_media,0,2,2023-03,0.0,0.0,1.0,0,0.0,0,0.0,0,0.0,0,0.0,1,1.0,0,0.0,0,0.0,0,0.0,0,0.0
汉-元宁,2,1,wemedia_only,4,2,2023-10,0.0,1.0,0.0,0,0.0,1,1.0,0,0.0,0,0.0,0,0.0,0,0.0,0,0.0,0,0.0,0,0.0
汉中发布,18,17,no_media,0,14,2020-12,0.0,0.0,1.0,0,0.0,0,0.0,0,0.0,0,0.0,17,1.0,0,0.0,0,0.0,0,0.0,0,0.0
汉中市检察院,7,6,mainstream_only,2,7,2020-03,0.0,0.0,1.0,0,0.0,0,0.0,0,0.0,0,0.0,6,1.0,0,0.0,0,0.0,0,0.0,0,0.0
汉唐经方一古道中医,2,1,no_media,0,2,2023-08,0.0,0.0,1.0,0,0.0,0,0.0,0,0.0,0,0.0,1,1.0,0,0.0,0,0.0,0,0.0,0,0.0
汉唐长安中医郭仲凯,20,19,mainstream_only,19,19,2023-02,0.21052631578947367,0.15789473684210525,0.3684210526315789,3,0.15789473684210525,3,0.15789473684210525,0,0.0,4,0.21052631578947367,7,0.3684210526315789,1,0.05263157894736842,0,0.0,1,0.05263157894736842,0,0.0
汉恒生物科技,3,2,no_media,0,3,2023-04,0.0,0.0,1.0,0,0.0,0,0.0,0,0.0,0,0.0,2,1.0,0,0.0,0,0.0,0,0.0,0,0.0
汉新闻,3,2,no_media,0,3,2023-02,0.0,0.0,1.0,0,0.0,0,0.0,0,0.0,0,0.0,2,1.0,0,0.0,0,0.0,0,0.0,0,0.0
汉方之家,6,5,mainstream_only,1,5,2023-02,0.0,0.0,1.0,0,0.0,0,0.0,0,0.0,0,0.0,5,1.0,0,0.0,0,0.0,0,0.0,0,0.0
汉武紫薇,4,3,no_media,0,4,2023-02,0.3333333333333333,0.0,0.0,0,0.0,0,0.0,0,0.0,1,0.3333333333333333,0,0.0,1,0.3333333333333333,0,0.0,1,0.3333333333333333,0,0.0
汉港国际医旅,2,1,no_media,0,1,2023-12,0.0,0.0,1.0,0,0.0,0,0.0,0,0.0,0,0.0,1,1.0,0,0.0,0,0.0,0,0.0,0,0.0
汉滨发布,5,4,no_media,0,5,2023-05,0.0,0.0,1.0,0,0.0,0,0.0,0,0.0,0,0.0,4,1.0,0,0.0,0,0.0,0,0.0,0,0.0
汉谟拉比小姐百分之五的改变,3,2,no_media,0,3,2023-05,0.0,0.5,0.0,0,0.0,0,0.0,1,0.5,0,0.0,0,0.0,0,0.0,0,0.0,0,0.0,1,0.5
汝定君,2,1,no_media,5,2,2023-01,0.0,0.0,1.0,0,0.0,0,0.0,0,0.0,0,0.0,1,1.0,0,0.0,0,0.0,0,0.0,0,0.0
江东·布衣,9,8,wemedia_only,4,9,2020-11,0.0,0.125,0.375,0,0.0,1,0.125,0,0.0,0,0.0,3,0.375,2,0.25,0,0.0,1,0.125,1,0.125
江了个球,2,1,no_media,0,2,2025-05,0.0,0.0,0.0,0,0.0,0,0.0,0,0.0,0,0.0,0,0.0,0,0.0,0,0.0,0,0.0,1,1.0
江北发布,2,1,no_media,0,2,2023-02,0.0,0.0,1.0,0,0.0,0,0.0,0,0.0,0,0.0,1,1.0,0,0.0,0,0.0,0,0.0,0,0.0
江医养生,43,42,no_media,0,34,2024-01,0.023809523809523808,0.023809523809523808,0.9047619047619048,0,0.0,1,0.023809523809523808,0,0.0,1,0.023809523809523808,38,0.9047619047619048,1,0.023809523809523808,0,0.0,1,0.023809523809523808,0,0.0
江华发布,2,1,no_media,0,2,2023-02,0.0,0.0,1.0,0,0.0,0,0.0,0,0.0,0,0.0,1,1.0,0,0.0,0,0.0,0,0.0,0,0.0
江卓尔_大号,132,131,no_media,29,95,2023-03,0.20610687022900764,0.20610687022900764,0.3969465648854962,21,0.16030534351145037,27,0.20610687022900764,0,0.0,27,0.20610687022900764,52,0.3969465648854962,2,0.015267175572519083,0,0.0,2,0.015267175572519083,0,0.0
江南小蝶52,43,42,no_media,5,39,2023-03,0.14285714285714285,0.16666666666666666,0.4523809523809524,9,0.21428571428571427,6,0.14285714285714285,1,0.023809523809523808,6,0.14285714285714285,19,0.4523809523809524,0,0.0,0,0.0,1,0.023809523809523808,0,0.0
江南晚报,28,27,no_media,0,26,2020-10,0.0,0.0,1.0,0,0.0,0,0.0,0,0.0,0,0.0,27,1.0,0,0.0,0,0.0,0,0.0,0,0.0
江南江北何处旧家乡,3,2,no_media,1,3,2023-05,0.5,0.5,0.0,0,0.0,1,0.5,0,0.0,1,0.5,0,0.0,0,0.0,0,0.0,0,0.0,0,0.0
江宁发布,2,1,no_media,0,2,2020-03,0.0,0.0,1.0,0,0.0,0,0.0,0,0.0,0,0.0,1,1.0,0,0.0,0,0.0,0,0.0,0,0.0
江川社情,15,14,no_media,0,12,2023-02,0.0,0.0,1.0,0,0.0,0,0.0,0,0.0,0,0.0,14,1.0,0,0.0,0,0.0,0,0.0,0,0.0
江帆,2,1,no_media,0,2,2023-02,0.0,0.0,1.0,0,0.0,0,0.0,0,0.0,0,0.0,1,1.0,0,0.0,0,0.0,0,0.0,0,0.0
江昕愉,2,1,no_media,1,2,2020-11,0.0,0.0,1.0,0,0.0,0,0.0,0,0.0,0,0.0,1,1.0,0,0.0,0,0.0,0,0.0,0,0.0
江江爱家,3,2,no_media,0,3,2025-02,0.0,0.0,1.0,0,0.0,0,0.0,0,0.0,0,0.0,2,1.0,0,0.0,0,0.0,0,0.0,0,0.0
江河湖海水得一手好水的水哥,4,3,no_media,0,4,2023-10,0.3333333333333333,0.3333333333333333,0.0,1,0.3333333333333333,1,0.3333333333333333,0,0.0,1,0.3333333333333333,0,0.0,0,0.0,0,0.0,0,0.0,0,0.0
江淮晨报,7,6,no_media,0,7,2021-09,0.0,0.0,1.0,0,0.0,0,0.0,0,0.0,0,0.0,6,1.0,0,0.0,0,0.0,0,0.0,0,0.0
江湖人称发展哥,2,1,no_media,0,1,2023-08,0.0,0.0,0.0,1,1.0,0,0.0,0,0.0,0,0.0,0,0.0,0,0.0,0,0.0,0,0.0,0,0.0
江湖海,4,3,no_media,0,4,2023-02,0.3333333333333333,0.3333333333333333,0.3333333333333333,0,0.0,1,0.3333333333333333,0,0.0,0,0.0,1,0.3333333333333333,0,0.0,1,0.3333333333333333,0,0.0,0,0.0
江湖游医哇,2,1,no_media,0,2,2023-06,0.0,0.0,1.0,0,0.0,0,0.0,0,0.0,0,0.0,1,1.0,0,0.0,0,0.0,0,0.0,0,0.0
江湖逸娱,2,1,mainstream_only,7,2,2023-09,0.0,1.0,0.0,0,0.0,1,1.0,0,0.0,0,0.0,0,0.0,0,0.0,0,0.0,0,0.0,0,0.0
江苏市场监管,2,1,mainstream_only,1,2,2023-02,0.0,0.0,1.0,0,0.0,0,0.0,0,0.0,0,0.0,1,1.0,0,0.0,0,0.0,0,0.0,0,0.0
江苏广播,8,7,no_media,0,8,2020-06,0.0,0.0,1.0,0,0.0,0,0.0,0,0.0,0,0.0,7,1.0,0,0.0,0,0.0,0,0.0,0,0.0
江苏新闻,37,36,no_media,0,35,2020-04,0.0,0.0,1.0,0,0.0,0,0.0,0,0.0,0,0.0,36,1.0,0,0.0,0,0.0,0,0.0,0,0.0
江苏气象,2,1,no_media,0,2,2023-02,0.0,0.0,1.0,0,0.0,0,0.0,0,0.0,0,0.0,1,1.0,0,0.0,0,0.0,0,0.0,0,0.0
江苏省中医院,3,2,no_media,0,3,2023-02,0.0,0.0,1.0,0,0.0,0,0.0,0,0.0,0,0.0,2,1.0,0,0.0,0,0.0,0,0.0,0,0.0
江苏省科协,2,1,no_media,0,2,2023-02,0.0,0.0,0.0,0,0.0,0,0.0,0,0.0,0,0.0,0,0.0,0,0.0,0,0.0,1,1.0,0,0.0
江苏看客,2,1,no_media,0,2,2020-11,0.0,1.0,0.0,0,0.0,1,1.0,0,0.0,0,0.0,0,0.0,0,0.0,0,0.0,0,0.0,0,0.0
江西交通广播,8,7,no_media,0,7,2020-03,0.0,0.0,1.0,0,0.0,0,0.0,0,0.0,0,0.0,7,1.0,0,0.0,0,0.0,0,0.0,0,0.0
江西发布,17,16,no_media,0,16,2020-04,0.0,0.0,1.0,0,0.0,0,0.0,0,0.0,0,0.0,16,1.0,0,0.0,0,0.0,0,0.0,0,0.0
江西师范大学,2,1,no_media,0,2,2023-05,0.0,0.0,1.0,0,0.0,0,0.0,0,0.0,0,0.0,1,1.0,0,0.0,0,0.0,0,0.0,0,0.0
江西日报,2,1,no_media,0,2,2023-02,0.0,0.0,1.0,0,0.0,0,0.0,0,0.0,0,0.0,1,1.0,0,0.0,0,0.0,0,0.0,0,0.0
江西晨报,4,3,no_media,0,3,2021-11,0.0,0.0,1.0,0,0.0,0,0.0,0,0.0,0,0.0,3,1.0,0,0.0,0,0.0,0,0.0,0,0.0
江边的小妖,2,1,wemedia_only,1,2,2024-01,0.0,0.0,1.0,0,0.0,0,0.0,0,0.0,0,0.0,1,1.0,0,0.0,0,0.0,0,0.0,0,0.0
江都融媒,2,1,no_media,0,2,2023-02,0.0,0.0,1.0,0,0.0,0,0.0,0,0.0,0,0.0,1,1.0,0,0.0,0,0.0,0,0.0,0,0.0
江门日报,3,2,no_media,0,2,2023-02,0.0,0.0,1.0,0,0.0,0,0.0,0,0.0,0,0.0,2,1.0,0,0.0,0,0.0,0,0.0,0,0.0
江阴发布,10,9,no_media,0,10,2023-03,0.0,0.0,1.0,0,0.0,0,0.0,0,0.0,0,0.0,9,1.0,0,0.0,0,0.0,0,0.0,0,0.0
污搞啥百叶结,2,1,wemedia_only,2,2,2023-03,0.0,0.0,0.0,0,0.0,0,0.0,0,0.0,0,0.0,0,0.0,0,0.0,0,0.0,1,1.0,0,0.0
汤泼雪中医非遗,2,1,no_media,0,2,2025-07,0.0,0.0,1.0,0,0.0,0,0.0,0,0.0,0,0.0,1,1.0,0,0.0,0,0.0,0,0.0,0,0.0
汤达人料理仙姬,2,1,no_media,0,2,2024-06,0.0,0.0,0.0,0,0.0,0,0.0,0,0.0,0,0.0,0,0.0,0,0.0,0,0.0,1,1.0,0,0.0
汪亚民,12,11,no_media,0,12,2023-02,0.09090909090909091,0.09090909090909091,0.8181818181818182,0,0.0,1,0.09090909090909091,0,0.0,1,0.09090909090909091,9,0.8181818181818182,0,0.0,0,0.0,0,0.0,0,0.0
汪卓亚,2,1,no_media,0,2,2023-03,0.0,1.0,0.0,0,0.0,0,0.0,1,1.0,0,0.0,0,0.0,0,0.0,0,0.0,0,0.0,0,0.0
汪志鹏_peng,2,1,no_media,1,2,2023-01,1.0,0.0,0.0,0,0.0,0,0.0,0,0.0,0,0.0,0,0.0,0,0.0,1,1.0,0,0.0,0,0.0
汪海林,3,2,no_media,3,3,2025-01,0.0,0.0,0.0,2,1.0,0,0.0,0,0.0,0,0.0,0,0.0,0,0.0,0,0.0,0,0.0,0,0.0
沂源发布,2,1,no_media,0,1,2025-05,0.0,0.0,1.0,0,0.0,0,0.0,0,0.0,0,0.0,1,1.0,0,0.0,0,0.0,0,0.0,0,0.0
沂蒙山上一匹狼,3,2,no_media,0,3,2025-02,0.0,0.0,0.0,2,1.0,0,0.0,0,0.0,0,0.0,0,0.0,0,0.0,0,0.0,0,0.0,0,0.0
沂蒙晚报,3,2,no_media,0,2,2023-05,0.0,0.0,1.0,0,0.0,0,0.0,0,0.0,0,0.0,2,1.0,0,0.0,0,0.0,0,0.0,0,0.0
沈先生nature,8,7,no_media,1,7,2022-12,0.0,0.0,1.0,0,0.0,0,0.0,0,0.0,0,0.0,7,1.0,0,0.0,0,0.0,0,0.0,0,0.0
沈棠栗,2,1,no_media,0,2,2023-02,0.0,0.0,1.0,0,0.0,0,0.0,0,0.0,0,0.0,1,1.0,0,0.0,0,0.0,0,0.0,0,0.0
沈水之阳,3,2,no_media,0,3,2023-02,0.0,0.0,1.0,0,0.0,0,0.0,0,0.0,0,0.0,2,1.0,0,0.0,0,0.0,0,0.0,0,0.0
沈河发布,4,3,no_media,0,4,2023-02,0.0,0.0,1.0,0,0.0,0,0.0,0,0.0,0,0.0,3,1.0,0,0.0,0,0.0,0,0.0,0,0.0
沈良-宏观价值投资,2,1,mainstream_only,1,2,2023-12,0.0,0.0,1.0,0,0.0,0,0.0,0,0.0,0,0.0,1,1.0,0,0.0,0,0.0,0,0.0,0,0.0
沈阳发布,6,5,no_media,0,5,2023-02,0.0,0.0,1.0,0,0.0,0,0.0,0,0.0,0,0.0,5,1.0,0,0.0,0,0.0,0,0.0,0,0.0
沈阳感染科赵医生,4,3,no_media,0,4,2024-01,0.0,0.0,1.0,0,0.0,0,0.0,0,0.0,0,0.0,3,1.0,0,0.0,0,0.0,0,0.0,0,0.0
沈阳日报,24,23,no_media,0,23,2020-06,0.0,0.0,1.0,0,0.0,0,0.0,0,0.0,0,0.0,23,1.0,0,0.0,0,0.0,0,0.0,0,0.0
沈阳生活广播,3,2,no_media,0,3,2023-02,0.0,0.0,1.0,0,0.0,0,0.0,0,0.0,0,0.0,2,1.0,0,0.0,0,0.0,0,0.0,0,0.0
沈阳网,40,39,no_media,0,35,2020-04,0.0,0.0,1.0,0,0.0,0,0.0,0,0.0,0,0.0,39,1.0,0,0.0,0,0.0,0,0.0,0,0.0
沈阳铁路,20,19,no_media,0,18,2020-04,0.0,0.0,1.0,0,0.0,0,0.0,0,0.0,0,0.0,19,1.0,0,0.0,0,0.0,0,0.0,0,0.0
沉睡之书11,6,5,no_media,0,6,2023-12,0.2,0.0,0.8,0,0.0,0,0.0,0,0.0,1,0.2,4,0.8,0,0.0,0,0.0,0,0.0,0,0.0
沐喵是只猫,2,1,no_media,1,2,2022-12,0.0,0.0,0.0,0,0.0,0,0.0,0,0.0,0,0.0,0,0.0,0,0.0,0,0.0,0,0.0,1,1.0
沐嗷嗷,2,1,no_media,0,2,2023-06,0.0,1.0,0.0,0,0.0,0,0.0,1,1.0,0,0.0,0,0.0,0,0.0,0,0.0,0,0.0,0,0.0
沐恩,2,1,wemedia_only,12,2,2023-08,0.0,0.0,1.0,0,0.0,0,0.0,0,0.0,0,0.0,1,1.0,0,0.0,0,0.0,0,0.0,0,0.0
沐沐沐子井,3,2,no_media,0,3,2023-05,0.5,0.5,0.0,0,0.0,0,0.0,1,0.5,0,0.0,0,0.0,0,0.0,1,0.5,0,0.0,0,0.0
沐沐沐沐沐沐爱吃肉,2,1,no_media,0,2,2023-09,0.0,1.0,0.0,0,0.0,0,0.0,1,1.0,0,0.0,0,0.0,0,0.0,0,0.0,0,0.0,0,0.0
沐璃小金宝,2,1,no_media,0,2,2025-01,0.0,0.0,1.0,0,0.0,0,0.0,0,0.0,0,0.0,1,1.0,0,0.0,0,0.0,0,0.0,0,0.0
沐缘小沸,5,4,no_media,0,5,2023-11,0.25,0.5,0.0,1,0.25,1,0.25,1,0.25,0,0.0,0,0.0,0,0.0,1,0.25,0,0.0,0,0.0
沐雨晨风来,6,5,no_media,0,6,2023-02,0.0,0.0,1.0,0,0.0,0,0.0,0,0.0,0,0.0,5,1.0,0,0.0,0,0.0,0,0.0,0,0.0
沐雪明颜369,3,2,no_media,0,3,2024-04,0.5,0.5,0.0,0,0.0,1,0.5,0,0.0,1,0.5,0,0.0,0,0.0,0,0.0,0,0.0,0,0.0
沙入墨_这是第几个号了呢,2,1,no_media,0,2,2023-02,1.0,0.0,0.0,0,0.0,0,0.0,0,0.0,0,0.0,0,0.0,0,0.0,1,1.0,0,0.0,0,0.0
沙堆里的鸵鸟,2,1,no_media,0,2,2023-05,0.0,1.0,0.0,0,0.0,1,1.0,0,0.0,0,0.0,0,0.0,0,0.0,0,0.0,0,0.0,0,0.0
沙沙要娶九姑娘_05,2,1,no_media,2,2,2023-02,0.0,0.0,1.0,0,0.0,0,0.0,0,0.0,0,0.0,1,1.0,0,0.0,0,0.0,0,0.0,0,0.0
沙雕墙,2,1,no_media,0,1,2020-11,0.0,0.0,0.0,1,1.0,0,0.0,0,0.0,0,0.0,0,0.0,0,0.0,0,0.0,0,0.0,0,0.0
沛县发布,4,3,no_media,0,4,2020-03,0.0,0.0,1.0,0,0.0,0,0.0,0,0.0,0,0.0,3,1.0,0,0.0,0,0.0,0,0.0,0,0.0
沛沛是锦鲤,2,1,no_media,0,2,2025-05,0.0,1.0,0.0,0,0.0,1,1.0,0,0.0,0,0.0,0,0.0,0,0.0,0,0.0,0,0.0,0,0.0
没事儿离我远点,7,6,no_media,0,7,2023-02,0.16666666666666666,0.16666666666666666,0.16666666666666666,1,0.16666666666666666,1,0.16666666666666666,0,0.0,0,0.0,1,0.16666666666666666,1,0.16666666666666666,1,0.16666666666666666,0,0.0,1,0.16666666666666666
没什么事就快睡吧,2,1,no_media,0,2,2023-03,0.0,0.0,0.0,0,0.0,0,0.0,0,0.0,0,0.0,0,0.0,0,0.0,0,0.0,0,0.0,1,1.0
没吃过火锅_,2,1,no_media,5,2,2022-12,0.0,1.0,0.0,0,0.0,0,0.0,1,1.0,0,0.0,0,0.0,0,0.0,0,0.0,0,0.0,0,0.0
没故事的飘飘,2,1,no_media,0,2,2023-05,0.0,0.0,1.0,0,0.0,0,0.0,0,0.0,0,0.0,1,1.0,0,0.0,0,0.0,0,0.0,0,0.0
没有八个爪的章鱼啊,2,1,no_media,0,2,2023-02,0.0,0.0,0.0,0,0.0,0,0.0,0,0.0,0,0.0,0,0.0,0,0.0,0,0.0,0,0.0,1,1.0
没有外援到终究之战,3,2,no_media,1,3,2023-02,0.0,0.0,0.0,2,1.0,0,0.0,0,0.0,0,0.0,0,0.0,0,0.0,0,0.0,0,0.0,0,0.0
没有姜味糖霜小甜饼人生毫无意义,2,1,no_media,0,2,2023-04,0.0,0.0,0.0,0,0.0,0,0.0,0,0.0,0,0.0,0,0.0,1,1.0,0,0.0,0,0.0,0,0.0
没有烧鸭子的魔芋,4,3,no_media,1,4,2023-01,0.0,0.0,0.0,0,0.0,0,0.0,0,0.0,0,0.0,0,0.0,0,0.0,0,0.0,0,0.0,3,1.0
沧州新鲜事,3,2,no_media,0,3,2023-02,0.0,0.0,1.0,0,0.0,0,0.0,0,0.0,0,0.0,2,1.0,0,0.0,0,0.0,0,0.0,0,0.0
沧州晚报,4,3,no_media,0,4,2020-03,0.0,0.0,1.0,0,0.0,0,0.0,0,0.0,0,0.0,3,1.0,0,0.0,0,0.0,0,0.0,0,0.0
沧海一声笑20250130,2,1,no_media,0,2,2024-06,0.0,0.0,0.0,0,0.0,0,0.0,0,0.0,0,0.0,0,0.0,1,1.0,0,0.0,0,0.0,0,0.0
沧海桑田无有尽,2,1,no_media,1,2,2023-08,1.0,0.0,0.0,0,0.0,0,0.0,0,0.0,1,1.0,0,0.0,0,0.0,0,0.0,0,0.0,0,0.0
沫灵_with邓孝慈,2,1,no_media,0,2,2023-11,0.0,1.0,0.0,0,0.0,0,0.0,1,1.0,0,0.0,0,0.0,0,0.0,0,0.0,0,0.0,0,0.0
河东发布,8,7,no_media,0,8,2023-02,0.0,0.0,1.0,0,0.0,0,0.0,0,0.0,0,0.0,7,1.0,0,0.0,0,0.0,0,0.0,0,0.0
河北区发布,5,4,no_media,0,5,2023-02,0.0,0.0,1.0,0,0.0,0,0.0,0,0.0,0,0.0,4,1.0,0,0.0,0,0.0,0,0.0,0,0.0
河北新闻广播,34,33,no_media,0,26,2021-01,0.0,0.0,1.0,0,0.0,0,0.0,0,0.0,0,0.0,33,1.0,0,0.0,0,0.0,0,0.0,0,0.0
河北新闻网,3,2,no_media,0,3,2021-02,0.0,0.0,1.0,0,0.0,0,0.0,0,0.0,0,0.0,2,1.0,0,0.0,0,0.0,0,0.0,0,0.0
河北新闻联播,15,14,no_media,0,14,2020-03,0.0,0.0,1.0,0,0.0,0,0.0,0,0.0,0,0.0,14,1.0,0,0.0,0,0.0,0,0.0,0,0.0
河北法治报,21,20,no_media,0,20,2020-09,0.0,0.0,1.0,0,0.0,0,0.0,0,0.0,0,0.0,20,1.0,0,0.0,0,0.0,0,0.0,0,0.0
河北长城网,32,31,no_media,0,30,2020-03,0.0,0.0,1.0,0,0.0,0,0.0,0,0.0,0,0.0,31,1.0,0,0.0,0,0.0,0,0.0,0,0.0
河南一百度,2,1,no_media,0,1,2023-02,0.0,0.0,1.0,0,0.0,0,0.0,0,0.0,0,0.0,1,1.0,0,0.0,0,0.0,0,0.0,0,0.0
河南一骏,2,1,no_media,0,2,2022-12,0.0,0.0,1.0,0,0.0,0,0.0,0,0.0,0,0.0,1,1.0,0,0.0,0,0.0,0,0.0,0,0.0
河南之声,6,5,no_media,0,5,2021-03,0.0,0.0,1.0,0,0.0,0,0.0,0,0.0,0,0.0,5,1.0,0,0.0,0,0.0,0,0.0,0,0.0
河南商报,10,9,no_media,0,10,2023-02,0.0,0.0,1.0,0,0.0,0,0.0,0,0.0,0,0.0,9,1.0,0,0.0,0,0.0,0,0.0,0,0.0
河南国资,2,1,no_media,1,1,2025-05,0.0,0.0,1.0,0,0.0,0,0.0,0,0.0,0,0.0,1,1.0,0,0.0,0,0.0,0,0.0,0,0.0
河南工人日报,2,1,no_media,0,2,2023-03,0.0,0.0,1.0,0,0.0,0,0.0,0,0.0,0,0.0,1,1.0,0,0.0,0,0.0,0,0.0,0,0.0
河南手机报,9,8,no_media,0,9,2023-02,0.0,0.0,1.0,0,0.0,0,0.0,0,0.0,0,0.0,8,1.0,0,0.0,0,0.0,0,0.0,0,0.0
河南政府网,11,10,no_media,0,10,2022-03,0.0,0.0,1.0,0,0.0,0,0.0,0,0.0,0,0.0,10,1.0,0,0.0,0,0.0,0,0.0,0,0.0
河南日报,2,1,no_media,0,2,2025-05,0.0,0.0,1.0,0,0.0,0,0.0,0,0.0,0,0.0,1,1.0,0,0.0,0,0.0,0,0.0,0,0.0
河南日报农村版,22,21,no_media,0,19,2020-07,0.0,0.0,1.0,0,0.0,0,0.0,0,0.0,0,0.0,21,1.0,0,0.0,0,0.0,0,0.0,0,0.0
河南明亚保险经纪刘校辉,3,2,no_media,0,3,2023-02,0.0,0.0,1.0,0,0.0,0,0.0,0,0.0,0,0.0,2,1.0,0,0.0,0,0.0,0,0.0,0,0.0
河南法治报,4,3,no_media,0,4,2023-03,0.0,0.0,1.0,0,0.0,0,0.0,0,0.0,0,0.0,3,1.0,0,0.0,0,0.0,0,0.0,0,0.0
河南省教育网,2,1,no_media,0,2,2023-02,0.0,0.0,1.0,0,0.0,0,0.0,0,0.0,0,0.0,1,1.0,0,0.0,0,0.0,0,0.0,0,0.0
河南科协,2,1,no_media,0,2,2023-03,0.0,0.0,1.0,0,0.0,0,0.0,0,0.0,0,0.0,1,1.0,0,0.0,0,0.0,0,0.0,0,0.0
河南银晨锅炉,14,13,no_media,148,4,2020-11,0.0,0.0,1.0,0,0.0,0,0.0,0,0.0,0,0.0,13,1.0,0,0.0,0,0.0,0,0.0,0,0.0
河南青年时报,2,1,no_media,0,2,2021-11,0.0,0.0,1.0,0,0.0,0,0.0,0,0.0,0,0.0,1,1.0,0,0.0,0,0.0,0,0.0,0,0.0
河南音乐广播,2,1,no_media,0,2,2023-02,0.0,0.0,1.0,0,0.0,0,0.0,0,0.0,0,0.0,1,1.0,0,0.0,0,0.0,0,0.0,0,0.0
河口广电,5,4,mainstream_only,1,5,2023-01,0.0,0.0,1.0,0,0.0,0,0.0,0,0.0,0,0.0,4,1.0,0,0.0,0,0.0,0,0.0,0,0.0
河口融媒,5,4,no_media,0,5,2023-05,0.0,0.0,1.0,0,0.0,0,0.0,0,0.0,0,0.0,4,1.0,0,0.0,0,0.0,0,0.0,0,0.0
河老了雨不小,2,1,no_media,0,2,2023-03,0.0,0.0,1.0,0,0.0,0,0.0,0,0.0,0,0.0,1,1.0,0,0.0,0,0.0,0,0.0,0,0.0
河西发布,7,6,no_media,0,7,2023-07,0.0,0.0,1.0,0,0.0,0,0.0,0,0.0,0,0.0,6,1.0,0,0.0,0,0.0,0,0.0,0,0.0
河边的金砖,3,2,no_media,3,3,2024-05,0.0,0.0,0.0,2,1.0,0,0.0,0,0.0,0,0.0,0,0.0,0,0.0,0,0.0,0,0.0,0,0.0
沸小腾Agnes,2,1,no_media,0,2,2023-08,0.0,0.0,0.0,0,0.0,0,0.0,0,0.0,0,0.0,0,0.0,0,0.0,0,0.0,0,0.0,1,1.0
油画家天泓,2,1,no_media,0,2,2023-02,0.0,0.0,0.0,0,0.0,0,0.0,0,0.0,0,0.0,0,0.0,0,0.0,0,0.0,1,1.0,0,0.0
治痛经丰胸10年和澳洲高端抗衰,2,1,no_media,0,2,2023-03,0.0,0.0,1.0,0,0.0,0,0.0,0,0.0,0,0.0,1,1.0,0,0.0,0,0.0,0,0.0,0,0.0
沿河宣传,9,8,no_media,0,8,2023-02,0.0,0.0,1.0,0,0.0,0,0.0,0,0.0,0,0.0,8,1.0,0,0.0,0,0.0,0,0.0,0,0.0
泉州眼界,3,2,no_media,0,3,2023-03,0.0,0.0,1.0,0,0.0,0,0.0,0,0.0,0,0.0,2,1.0,0,0.0,0,0.0,0,0.0,0,0.0
泉州那些事儿,4,3,no_media,0,4,2023-02,0.0,0.0,1.0,0,0.0,0,0.0,0,0.0,0,0.0,3,1.0,0,0.0,0,0.0,0,0.0,0,0.0
泉网视角,21,20,no_media,0,17,2021-03,0.15,0.2,0.65,0,0.0,4,0.2,0,0.0,3,0.15,13,0.65,0,0.0,0,0.0,0,0.0,0,0.0
泊烟小chun,6,5,no_media,0,3,2023-08,0.0,0.2,0.4,0,0.0,1,0.2,0,0.0,0,0.0,2,0.4,1,0.2,0,0.0,1,0.2,0,0.0
泓凯生物,2,1,no_media,0,2,2023-02,0.0,0.0,1.0,0,0.0,0,0.0,0,0.0,0,0.0,1,1.0,0,0.0,0,0.0,0,0.0,0,0.0
法人杂志,2,1,no_media,0,1,2023-02,0.0,0.0,1.0,0,0.0,0,0.0,0,0.0,0,0.0,1,1.0,0,0.0,0,0.0,0,0.0,0,0.0
法国漂,3,2,no_media,0,3,2023-04,0.0,0.0,1.0,0,0.0,0,0.0,0,0.0,0,0.0,2,1.0,0,0.0,0,0.0,0,0.0,0,0.0
法律江湖梦,3,2,no_media,0,3,2023-08,0.0,0.0,0.5,0,0.0,0,0.0,0,0.0,0,0.0,1,0.5,1,0.5,0,0.0,0,0.0,0,0.0
法治中原,2,1,no_media,0,2,2023-05,0.0,0.0,1.0,0,0.0,0,0.0,0,0.0,0,0.0,1,1.0,0,0.0,0,0.0,0,0.0,0,0.0
法治日报,13,12,no_media,0,12,2021-02,0.0,0.0,1.0,0,0.0,0,0.0,0,0.0,0,0.0,12,1.0,0,0.0,0,0.0,0,0.0,0,0.0
法的背后,3,2,no_media,2,3,2022-12,0.5,0.0,0.0,1,0.5,0,0.0,0,0.0,0,0.0,0,0.0,0,0.0,1,0.5,0,0.0,0,0.0
泗玺玩棉花,2,1,no_media,0,2,2023-03,0.0,0.0,0.0,0,0.0,0,0.0,0,0.0,0,0.0,0,0.0,0,0.0,0,0.0,0,0.0,1,1.0
泠_Lin,2,1,no_media,2,1,2023-04,0.0,0.0,0.0,0,0.0,0,0.0,0,0.0,0,0.0,0,0.0,0,0.0,0,0.0,0,0.0,1,1.0
泡泡养崽日常,2,1,no_media,0,2,2023-06,0.0,0.0,0.0,1,1.0,0,0.0,0,0.0,0,0.0,0,0.0,0,0.0,0,0.0,0,0.0,0,0.0
泡芙奶油妹,3,2,no_media,3,3,2023-06,0.0,0.0,0.5,0,0.0,0,0.0,0,0.0,0,0.0,1,0.5,0,0.0,0,0.0,1,0.5,0,0.0
泡财经APP,7,6,no_media,0,7,2022-06,0.0,0.0,1.0,0,0.0,0,0.0,0,0.0,0,0.0,6,1.0,0,0.0,0,0.0,0,0.0,0,0.0
泡财经官方微博,5,4,no_media,0,4,2023-04,0.25,0.0,0.75,0,0.0,0,0.0,0,0.0,1,0.25,3,0.75,0,0.0,0,0.0,0,0.0,0,0.0
波妞的复利日记,2,1,no_media,0,2,2023-02,0.0,0.0,1.0,0,0.0,0,0.0,0,0.0,0,0.0,1,1.0,0,0.0,0,0.0,0,0.0,0,0.0
波妞的故事,2,1,no_media,0,2,2023-02,0.0,0.0,0.0,0,0.0,0,0.0,0,0.0,0,0.0,0,0.0,0,0.0,0,0.0,0,0.0,1,1.0
波子哥-廖新波,3,2,no_media,0,3,2023-02,0.0,0.0,1.0,0,0.0,0,0.0,0,0.0,0,0.0,2,1.0,0,0.0,0,0.0,0,0.0,0,0.0
波斯小昭1,2,1,no_media,2,2,2023-02,1.0,0.0,0.0,0,0.0,0,0.0,0,0.0,1,1.0,0,0.0,0,0.0,0,0.0,0,0.0,0,0.0
波波的风吹到头疼,2,1,no_media,3,2,2023-06,1.0,0.0,0.0,0,0.0,0,0.0,0,0.0,0,0.0,0,0.0,0,0.0,1,1.0,0,0.0,0,0.0
波浪女郎,18,17,dual,12,16,2023-02,0.058823529411764705,0.0,0.9411764705882353,0,0.0,0,0.0,0,0.0,1,0.058823529411764705,16,0.9411764705882353,0,0.0,0,0.0,0,0.0,0,0.0
波种太阳_发现美丽,2,1,no_media,0,1,2023-07,1.0,0.0,0.0,0,0.0,0,0.0,0,0.0,1,1.0,0,0.0,0,0.0,0,0.0,0,0.0,0,0.0
波纹小猫饼干,2,1,no_media,1,2,2023-04,0.0,0.0,0.0,0,0.0,0,0.0,0,0.0,0,0.0,0,0.0,0,0.0,0,0.0,0,0.0,1,1.0
泥妹靓心,2,1,no_media,1,2,2023-05,0.0,0.0,0.0,0,0.0,0,0.0,0,0.0,0,0.0,0,0.0,0,0.0,0,0.0,1,1.0,0,0.0
注册营养师李捷,2,1,no_media,0,2,2023-02,0.0,0.0,1.0,0,0.0,0,0.0,0,0.0,0,0.0,1,1.0,0,0.0,0,0.0,0,0.0,0,0.0
注册营养师薛荣涛,3,2,no_media,0,3,2023-05,0.0,0.0,1.0,0,0.0,0,0.0,0,0.0,0,0.0,2,1.0,0,0.0,0,0.0,0,0.0,0,0.0
泰国华人论坛,7,6,no_media,0,7,2023-05,0.0,0.0,1.0,0,0.0,0,0.0,0,0.0,0,0.0,6,1.0,0,0.0,0,0.0,0,0.0,0,0.0
泰国头条新闻,7,6,no_media,0,7,2023-04,0.0,0.0,1.0,0,0.0,0,0.0,0,0.0,0,0.0,6,1.0,0,0.0,0,0.0,0,0.0,0,0.0
泰国星暹传媒,11,10,no_media,0,11,2023-02,0.0,0.0,1.0,0,0.0,0,0.0,0,0.0,0,0.0,10,1.0,0,0.0,0,0.0,0,0.0,0,0.0
泰国网,8,7,no_media,0,8,2023-02,0.0,0.0,1.0,0,0.0,0,0.0,0,0.0,0,0.0,7,1.0,0,0.0,0,0.0,0,0.0,0,0.0
泰国金胶囊大健康产业,5,4,no_media,0,5,2024-06,0.25,0.25,0.5,0,0.0,1,0.25,0,0.0,1,0.25,2,0.5,0,0.0,0,0.0,0,0.0,0,0.0
泰子基因DNA检测,2,1,no_media,0,2,2024-08,0.0,0.0,1.0,0,0.0,0,0.0,0,0.0,0,0.0,1,1.0,0,0.0,0,0.0,0,0.0,0,0.0
泰子基因检测中心,5,4,no_media,0,4,2024-08,0.0,0.0,1.0,0,0.0,0,0.0,0,0.0,0,0.0,4,1.0,0,0.0,0,0.0,0,0.0,0,0.0
泰安发布,2,1,no_media,0,2,2021-06,0.0,0.0,1.0,0,0.0,0,0.0,0,0.0,0,0.0,1,1.0,0,0.0,0,0.0,0,0.0,0,0.0
泰安首条,2,1,no_media,0,2,2023-02,0.0,0.0,1.0,0,0.0,0,0.0,0,0.0,0,0.0,1,1.0,0,0.0,0,0.0,0,0.0,0,0.0
泰山护理职业学院招就平台,4,3,no_media,0,4,2023-11,0.0,0.0,1.0,0,0.0,0,0.0,0,0.0,0,0.0,3,1.0,0,0.0,0,0.0,0,0.0,0,0.0
泰山晚报,5,4,no_media,0,5,2023-02,0.0,0.0,1.0,0,0.0,0,0.0,0,0.0,0,0.0,4,1.0,0,0.0,0,0.0,0,0.0,0,0.0
泰州发布,10,9,no_media,0,8,2021-01,0.0,0.0,1.0,0,0.0,0,0.0,0,0.0,0,0.0,9,1.0,0,0.0,0,0.0,0,0.0,0,0.0
泰康仙林鼓楼医院官博,2,1,no_media,0,1,2023-02,0.0,0.0,1.0,0,0.0,0,0.0,0,0.0,0,0.0,1,1.0,0,0.0,0,0.0,0,0.0,0,0.0
泰松有极,5,4,wemedia_only,13,5,2023-08,0.0,0.0,0.5,0,0.0,0,0.0,0,0.0,0,0.0,2,0.5,1,0.25,0,0.0,1,0.25,0,0.0
泰瑞的远方,2,1,no_media,0,2,2023-06,0.0,1.0,0.0,0,0.0,1,1.0,0,0.0,0,0.0,0,0.0,0,0.0,0,0.0,0,0.0,0,0.0
泰香堂2020,2,1,no_media,0,2,2024-07,0.0,0.0,1.0,0,0.0,0,0.0,0,0.0,0,0.0,1,1.0,0,0.0,0,0.0,0,0.0,0,0.0
泽仁阳光,3,2,no_media,1,3,2024-05,0.0,0.0,1.0,0,0.0,0,0.0,0,0.0,0,0.0,2,1.0,0,0.0,0,0.0,0,0.0,0,0.0
泽维尔天赋青少年学院-保安-丞叽,3,2,no_media,2,3,2023-03,0.0,0.0,0.0,0,0.0,0,0.0,0,0.0,0,0.0,0,0.0,1,0.5,0,0.0,0,0.0,1,0.5
洋浦政务,10,9,no_media,0,10,2023-02,0.0,0.0,1.0,0,0.0,0,0.0,0,0.0,0,0.0,9,1.0,0,0.0,0,0.0,0,0.0,0,0.0
洗桐女史,3,2,no_media,0,3,2023-02,0.5,0.5,0.0,0,0.0,0,0.0,1,0.5,0,0.0,0,0.0,0,0.0,1,0.5,0,0.0,0,0.0
洗脚池的NEO,2,1,wemedia_only,3,2,2025-01,1.0,0.0,0.0,0,0.0,0,0.0,0,0.0,1,1.0,0,0.0,0,0.0,0,0.0,0,0.0,0,0.0
洛小蕊子,4,3,no_media,0,4,2023-05,0.0,0.0,1.0,0,0.0,0,0.0,0,0.0,0,0.0,3,1.0,0,0.0,0,0.0,0,0.0,0,0.0
洛杉矶华人资讯网,2,1,no_media,0,2,2020-12,1.0,0.0,0.0,0,0.0,0,0.0,0,0.0,1,1.0,0,0.0,0,0.0,0,0.0,0,0.0,0,0.0
洛波斯啤儿,3,2,no_media,0,3,2025-01,0.0,0.5,0.0,1,0.5,0,0.0,1,0.5,0,0.0,0,0.0,0,0.0,0,0.0,0,0.0,0,0.0
洛爷William,7,6,wemedia_only,1,6,2021-03,0.0,0.0,1.0,0,0.0,0,0.0,0,0.0,0,0.0,6,1.0,0,0.0,0,0.0,0,0.0,0,0.0
洛阳广电台,2,1,no_media,0,2,2023-02,0.0,0.0,1.0,0,0.0,0,0.0,0,0.0,0,0.0,1,1.0,0,0.0,0,0.0,0,0.0,0,0.0
洛阳晚报,2,1,no_media,0,2,2023-02,0.0,0.0,1.0,0,0.0,0,0.0,0,0.0,0,0.0,1,1.0,0,0.0,0,0.0,0,0.0,0,0.0
洛阳理工学院,3,2,no_media,0,3,2024-01,0.0,0.0,1.0,0,0.0,0,0.0,0,0.0,0,0.0,2,1.0,0,0.0,0,0.0,0,0.0,0,0.0
津云,56,55,no_media,0,49,2021-05,0.01818181818181818,0.01818181818181818,0.9636363636363636,0,0.0,1,0.01818181818181818,0,0.0,1,0.01818181818181818,53,0.9636363636363636,0,0.0,0,0.0,0,0.0,0,0.0
津云新闻,66,65,mainstream_only,3,58,2020-03,0.015384615384615385,0.015384615384615385,0.9692307692307692,0,0.0,1,0.015384615384615385,0,0.0,1,0.015384615384615385,63,0.9692307692307692,0,0.0,0,0.0,0,0.0,0,0.0
津南发布,2,1,no_media,0,2,2023-03,0.0,0.0,1.0,0,0.0,0,0.0,0,0.0,0,0.0,1,1.0,0,0.0,0,0.0,0,0.0,0,0.0
津彩生活,3,2,no_media,0,3,2023-02,0.0,0.0,1.0,0,0.0,0,0.0,0,0.0,0,0.0,2,1.0,0,0.0,0,0.0,0,0.0,0,0.0
津彩青春,2,1,no_media,0,2,2023-03,0.0,0.0,1.0,0,0.0,0,0.0,0,0.0,0,0.0,1,1.0,0,0.0,0,0.0,0,0.0,0,0.0
津门玄竹,4,3,no_media,0,4,2022-10,0.0,0.3333333333333333,0.0,0,0.0,0,0.0,1,0.3333333333333333,0,0.0,0,0.0,0,0.0,0,0.0,1,0.3333333333333333,1,0.3333333333333333
洪福广奇,2,1,no_media,0,2,2023-05,0.0,0.0,1.0,0,0.0,0,0.0,0,0.0,0,0.0,1,1.0,0,0.0,0,0.0,0,0.0,0,0.0
活到现在已经很不容易了,2,1,no_media,0,2,2024-07,1.0,0.0,0.0,0,0.0,0,0.0,0,0.0,0,0.0,0,0.0,0,0.0,1,1.0,0,0.0,0,0.0
活泼的小白羊_,2,1,no_media,1,2,2021-11,0.0,1.0,0.0,0,0.0,1,1.0,0,0.0,0,0.0,0,0.0,0,0.0,0,0.0,0,0.0,0,0.0
活着很心苦,3,2,no_media,1,3,2023-08,0.5,0.5,0.0,0,0.0,0,0.0,1,0.5,0,0.0,0,0.0,0,0.0,1,0.5,0,0.0,0,0.0
派派运回中,2,1,no_media,0,2,2023-06,0.0,0.0,0.0,1,1.0,0,0.0,0,0.0,0,0.0,0,0.0,0,0.0,0,0.0,0,0.0,0,0.0
派蒙2520,3,2,no_media,0,3,2025-06,0.0,0.0,1.0,0,0.0,0,0.0,0,0.0,0,0.0,2,1.0,0,0.0,0,0.0,0,0.0,0,0.0
流了个年呀呀呀呀,3,2,dual,3,3,2023-08,0.0,0.0,1.0,0,0.0,0,0.0,0,0.0,0,0.0,2,1.0,0,0.0,0,0.0,0,0.0,0,0.0
流云寂寞无言,2,1,wemedia_only,2,2,2024-03,0.0,0.0,0.0,1,1.0,0,0.0,0,0.0,0,0.0,0,0.0,0,0.0,0,0.0,0,0.0,0,0.0
流浪的猫当好吸血鬼,2,1,no_media,0,2,2025-01,0.0,0.0,0.0,0,0.0,0,0.0,0,0.0,0,0.0,0,0.0,0,0.0,0,0.0,1,1.0,0,0.0
流萤_MEMEBER,2,1,no_media,1,2,2023-07,0.0,0.0,0.0,0,0.0,0,0.0,0,0.0,0,0.0,0,0.0,0,0.0,0,0.0,0,0.0,1,1.0
流著藍血的魚,2,1,no_media,0,2,2023-09,0.0,0.0,0.0,0,0.0,0,0.0,0,0.0,0,0.0,0,0.0,0,0.0,0,0.0,1,1.0,0,0.0
浅末风尘,3,2,no_media,2,3,2022-04,0.0,0.0,1.0,0,0.0,0,0.0,0,0.0,0,0.0,2,1.0,0,0.0,0,0.0,0,0.0,0,0.0
浅水湛湛,4,3,no_media,0,4,2023-04,0.0,0.0,0.6666666666666666,0,0.0,0,0.0,0,0.0,0,0.0,2,0.6666666666666666,1,0.3333333333333333,0,0.0,0,0.0,0,0.0
浅淡眉,2,1,no_media,0,2,2023-02,0.0,0.0,1.0,0,0.0,0,0.0,0,0.0,0,0.0,1,1.0,0,0.0,0,0.0,0,0.0,0,0.0
浅禾聊人物,2,1,no_media,0,2,2023-01,0.0,0.0,0.0,0,0.0,0,0.0,0,0.0,0,0.0,0,0.0,0,0.0,0,0.0,0,0.0,1,1.0
浅野遥遥遥,4,3,no_media,4,4,2023-04,0.3333333333333333,0.3333333333333333,0.0,1,0.3333333333333333,1,0.3333333333333333,0,0.0,1,0.3333333333333333,0,0.0,0,0.0,0,0.0,0,0.0,0,0.0
测评小铺,2,1,no_media,1,2,2022-12,0.0,0.0,1.0,0,0.0,0,0.0,0,0.0,0,0.0,1,1.0,0,0.0,0,0.0,0,0.0,0,0.0
浍火,2,1,no_media,0,2,2025-03,1.0,0.0,0.0,0,0.0,0,0.0,0,0.0,1,1.0,0,0.0,0,0.0,0,0.0,0,0.0,0,0.0
济南日报,28,27,no_media,0,27,2020-03,0.0,0.0,1.0,0,0.0,0,0.0,0,0.0,0,0.0,27,1.0,0,0.0,0,0.0,0,0.0,0,0.0
济南都市频道,7,6,no_media,0,7,2021-01,0.0,0.0,1.0,0,0.0,0,0.0,0,0.0,0,0.0,6,1.0,0,0.0,0,0.0,0,0.0,0,0.0
济宁市全媒体辟谣平台,3,2,no_media,0,3,2022-12,0.0,0.0,1.0,0,0.0,0,0.0,0,0.0,0,0.0,2,1.0,0,0.0,0,0.0,0,0.0,0,0.0
济宁新闻网,54,53,no_media,0,43,2021-02,0.0,0.0,1.0,0,0.0,0,0.0,0,0.0,0,0.0,53,1.0,0,0.0,0,0.0,0,0.0,0,0.0
济宁日报,2,1,no_media,0,2,2023-02,0.0,0.0,1.0,0,0.0,0,0.0,0,0.0,0,0.0,1,1.0,0,0.0,0,0.0,0,0.0,0,0.0
济宁晚报,10,9,no_media,0,10,2023-02,0.0,0.0,1.0,0,0.0,0,0.0,0,0.0,0,0.0,9,1.0,0,0.0,0,0.0,0,0.0,0,0.0
济宁高新,2,1,mainstream_only,6,2,2023-02,0.0,0.0,1.0,0,0.0,0,0.0,0,0.0,0,0.0,1,1.0,0,0.0,0,0.0,0,0.0,0,0.0
济报鲁中,35,34,no_media,0,30,2021-04,0.0,0.0,1.0,0,0.0,0,0.0,0,0.0,0,0.0,34,1.0,0,0.0,0,0.0,0,0.0,0,0.0
济阳检察,2,1,mainstream_only,5,2,2020-11,0.0,0.0,1.0,0,0.0,0,0.0,0,0.0,0,0.0,1,1.0,0,0.0,0,0.0,0,0.0,0,0.0
浔阳街头,2,1,no_media,0,2,2023-10,0.0,0.0,1.0,0,0.0,0,0.0,0,0.0,0,0.0,1,1.0,0,0.0,0,0.0,0,0.0,0,0.0
浙人无为,2,1,no_media,2,2,2025-05,0.0,0.0,0.0,1,1.0,0,0.0,0,0.0,0,0.0,0,0.0,0,0.0,0,0.0,0,0.0,0,0.0
浙大二院急诊科卢骁医生,4,3,no_media,0,4,2023-02,0.0,0.0,0.6666666666666666,0,0.0,0,0.0,0,0.0,0,0.0,2,0.6666666666666666,1,0.3333333333333333,0,0.0,0,0.0,0,0.0
浙江仁泰健康,3,2,no_media,0,3,2023-05,0.0,0.0,1.0,0,0.0,0,0.0,0,0.0,0,0.0,2,1.0,0,0.0,0,0.0,0,0.0,0,0.0
浙江医疗律师徐志宏,3,2,no_media,0,3,2023-02,0.0,0.0,1.0,0,0.0,0,0.0,0,0.0,0,0.0,2,1.0,0,0.0,0,0.0,0,0.0,0,0.0
浙江发布,2,1,no_media,0,2,2023-02,0.0,0.0,1.0,0,0.0,0,0.0,0,0.0,0,0.0,1,1.0,0,0.0,0,0.0,0,0.0,0,0.0
浙江在线,16,15,no_media,0,15,2020-03,0.0,0.0,1.0,0,0.0,0,0.0,0,0.0,0,0.0,15,1.0,0,0.0,0,0.0,0,0.0,0,0.0
浙江日报,5,4,no_media,0,5,2023-02,0.0,0.0,1.0,0,0.0,0,0.0,0,0.0,0,0.0,4,1.0,0,0.0,0,0.0,0,0.0,0,0.0
浙江科普,3,2,no_media,0,3,2023-02,0.0,0.0,1.0,0,0.0,0,0.0,0,0.0,0,0.0,2,1.0,0,0.0,0,0.0,0,0.0,0,0.0
浙江老田埂,13,12,no_media,0,12,2023-02,0.08333333333333333,0.08333333333333333,0.6666666666666666,0,0.0,1,0.08333333333333333,0,0.0,1,0.08333333333333333,8,0.6666666666666666,1,0.08333333333333333,0,0.0,1,0.08333333333333333,0,0.0
浙江越秀外国语学院,2,1,no_media,0,2,2023-03,0.0,0.0,1.0,0,0.0,0,0.0,0,0.0,0,0.0,1,1.0,0,0.0,0,0.0,0,0.0,0,0.0
浣浣陀,3,2,no_media,0,3,2023-05,0.0,0.0,0.0,0,0.0,0,0.0,0,0.0,0,0.0,0,0.0,0,0.0,0,0.0,0,0.0,2,1.0
浣纱园艺,2,1,wemedia_only,4,2,2023-03,0.0,0.0,1.0,0,0.0,0,0.0,0,0.0,0,0.0,1,1.0,0,0.0,0,0.0,0,0.0,0,0.0
浦东发布,35,34,wemedia_only,2,33,2020-03,0.0,0.0,1.0,0,0.0,0,0.0,0,0.0,0,0.0,34,1.0,0,0.0,0,0.0,0,0.0,0,0.0
浦东时报,2,1,no_media,0,2,2020-05,0.0,0.0,1.0,0,0.0,0,0.0,0,0.0,0,0.0,1,1.0,0,0.0,0,0.0,0,0.0,0,0.0
浦江发布,19,18,no_media,0,15,2020-12,0.0,0.0,1.0,0,0.0,0,0.0,0,0.0,0,0.0,18,1.0,0,0.0,0,0.0,0,0.0,0,0.0
浩丹中医,2,1,no_media,0,2,2023-02,0.0,0.0,1.0,0,0.0,0,0.0,0,0.0,0,0.0,1,1.0,0,0.0,0,0.0,0,0.0,0,0.0
浩渺星河1026,2,1,no_media,2,2,2023-10,0.0,0.0,1.0,0,0.0,0,0.0,0,0.0,0,0.0,1,1.0,0,0.0,0,0.0,0,0.0,0,0.0
浪味仙518,2,1,no_media,1,2,2023-03,0.0,0.0,0.0,1,1.0,0,0.0,0,0.0,0,0.0,0,0.0,0,0.0,0,0.0,0,0.0,0,0.0
浪味仙人掌中刀,2,1,no_media,0,2,2023-02,0.0,0.0,0.0,0,0.0,0,0.0,0,0.0,0,0.0,0,0.0,1,1.0,0,0.0,0,0.0,0,0.0
浪花一朵朵--汐,2,1,no_media,1,2,2023-06,0.0,0.0,0.0,1,1.0,0,0.0,0,0.0,0,0.0,0,0.0,0,0.0,0,0.0,0,0.0,0,0.0
浪费飞鸟,3,2,no_media,0,3,2024-06,0.5,0.0,0.5,0,0.0,0,0.0,0,0.0,1,0.5,1,0.5,0,0.0,0,0.0,0,0.0,0,0.0
浪迹天涯su,2,1,no_media,0,2,2023-02,0.0,0.0,0.0,0,0.0,0,0.0,0,0.0,0,0.0,0,0.0,0,0.0,0,0.0,0,0.0,1,1.0
浪里白糖赛博转生,7,6,no_media,1,5,2023-02,0.16666666666666666,0.16666666666666666,0.0,1,0.16666666666666666,1,0.16666666666666666,0,0.0,1,0.16666666666666666,0,0.0,1,0.16666666666666666,0,0.0,0,0.0,2,0.3333333333333333
浮生六记吧,2,1,no_media,0,2,2023-03,0.0,0.0,0.0,1,1.0,0,0.0,0,0.0,0,0.0,0,0.0,0,0.0,0,0.0,0,0.0,0,0.0
浮生梦玉鸾,2,1,no_media,0,2,2023-02,0.0,0.0,0.0,0,0.0,0,0.0,0,0.0,0,0.0,0,0.0,1,1.0,0,0.0,0,0.0,0,0.0
浮针大世界,7,6,no_media,0,5,2023-02,0.16666666666666666,0.16666666666666666,0.6666666666666666,0,0.0,1,0.16666666666666666,0,0.0,1,0.16666666666666666,4,0.6666666666666666,0,0.0,0,0.0,0,0.0,0,0.0
海_KAI,2,1,no_media,0,2,2023-11,0.0,0.0,0.0,0,0.0,0,0.0,0,0.0,0,0.0,0,0.0,0,0.0,0,0.0,1,1.0,0,0.0
海上有鹭,2,1,no_media,2,2,2023-04,0.0,0.0,0.0,0,0.0,0,0.0,0,0.0,0,0.0,0,0.0,0,0.0,0,0.0,1,1.0,0,0.0
海东日报社,7,6,no_media,0,7,2020-03,0.0,0.0,1.0,0,0.0,0,0.0,0,0.0,0,0.0,6,1.0,0,0.0,0,0.0,0,0.0,0,0.0
海云姐的碎碎念,2,1,no_media,0,2,2023-02,0.0,0.0,0.0,0,0.0,0,0.0,0,0.0,0,0.0,0,0.0,0,0.0,0,0.0,0,0.0,1,1.0
海伦朵鱼,3,2,no_media,0,3,2023-08,0.0,0.0,1.0,0,0.0,0,0.0,0,0.0,0,0.0,2,1.0,0,0.0,0,0.0,0,0.0,0,0.0
海南广播电视总台微博,17,16,no_media,0,16,2020-03,0.0,0.0,1.0,0,0.0,0,0.0,0,0.0,0,0.0,16,1.0,0,0.0,0,0.0,0,0.0,0,0.0
海南廖孝炳,2,1,no_media,0,2,2022-03,0.0,0.0,1.0,0,0.0,0,0.0,0,0.0,0,0.0,1,1.0,0,0.0,0,0.0,0,0.0,0,0.0
海南文旅频道,71,70,no_media,0,44,2022-12,0.014285714285714285,0.014285714285714285,0.9714285714285714,0,0.0,1,0.014285714285714285,0,0.0,1,0.014285714285714285,68,0.9714285714285714,0,0.0,0,0.0,0,0.0,0,0.0
海南新闻广播,13,12,no_media,0,13,2020-03,0.0,0.0,1.0,0,0.0,0,0.0,0,0.0,0,0.0,12,1.0,0,0.0,0,0.0,0,0.0,0,0.0
海南日报,36,35,no_media,0,34,2021-04,0.0,0.0,1.0,0,0.0,0,0.0,0,0.0,0,0.0,35,1.0,0,0.0,0,0.0,0,0.0,0,0.0
海南特区报,30,29,no_media,0,29,2020-06,0.0,0.0,1.0,0,0.0,0,0.0,0,0.0,0,0.0,29,1.0,0,0.0,0,0.0,0,0.0,0,0.0
海南网络举报,3,2,no_media,0,3,2023-02,0.0,0.0,1.0,0,0.0,0,0.0,0,0.0,0,0.0,2,1.0,0,0.0,0,0.0,0,0.0,0,0.0
海南网络广播电视台,15,14,no_media,0,15,2020-04,0.0,0.0,1.0,0,0.0,0,0.0,0,0.0,0,0.0,14,1.0,0,0.0,0,0.0,0,0.0,0,0.0
海南药品监管,4,3,no_media,0,2,2023-02,0.0,0.0,1.0,0,0.0,0,0.0,0,0.0,0,0.0,3,1.0,0,0.0,0,0.0,0,0.0,0,0.0
海南青少频道,2,1,no_media,0,2,2023-04,0.0,0.0,1.0,0,0.0,0,0.0,0,0.0,0,0.0,1,1.0,0,0.0,0,0.0,0,0.0,0,0.0
海南风启水上运动中心,4,3,no_media,0,4,2023-02,0.3333333333333333,0.3333333333333333,0.3333333333333333,0,0.0,0,0.0,1,0.3333333333333333,1,0.3333333333333333,1,0.3333333333333333,0,0.0,0,0.0,0,0.0,0,0.0
海口健康教育,2,1,no_media,0,2,2023-04,0.0,0.0,1.0,0,0.0,0,0.0,0,0.0,0,0.0,1,1.0,0,0.0,0,0.0,0,0.0,0,0.0
海口直播12345,20,19,no_media,0,18,2020-05,0.0,0.0,1.0,0,0.0,0,0.0,0,0.0,0,0.0,19,1.0,0,0.0,0,0.0,0,0.0,0,0.0
海啸男,2,1,no_media,0,2,2023-02,0.0,0.0,0.0,0,0.0,0,0.0,0,0.0,0,0.0,0,0.0,0,0.0,0,0.0,0,0.0,1,1.0
海国图智研究院,3,2,no_media,0,3,2021-07,0.0,0.0,1.0,0,0.0,0,0.0,0,0.0,0,0.0,2,1.0,0,0.0,0,0.0,0,0.0,0,0.0
海外悬壶,4,3,no_media,0,4,2023-06,0.0,0.0,1.0,0,0.0,0,0.0,0,0.0,0,0.0,3,1.0,0,0.0,0,0.0,0,0.0,0,0.0
海外抗癌重疾用药介绍,2,1,no_media,0,2,2025-05,0.0,0.0,1.0,0,0.0,0,0.0,0,0.0,0,0.0,1,1.0,0,0.0,0,0.0,0,0.0,0,0.0
海安发布,2,1,no_media,0,2,2022-12,0.0,0.0,1.0,0,0.0,0,0.0,0,0.0,0,0.0,1,1.0,0,0.0,0,0.0,0,0.0,0,0.0
海客499,2,1,no_media,2,2,2023-08,0.0,0.0,1.0,0,0.0,0,0.0,0,0.0,0,0.0,1,1.0,0,0.0,0,0.0,0,0.0,0,0.0
海峡导报,44,43,no_media,0,41,2020-03,0.0,0.0,1.0,0,0.0,0,0.0,0,0.0,0,0.0,43,1.0,0,0.0,0,0.0,0,0.0,0,0.0
海峡都市报,16,15,no_media,0,16,2023-02,0.0,0.0,1.0,0,0.0,0,0.0,0,0.0,0,0.0,15,1.0,0,0.0,0,0.0,0,0.0,0,0.0
海州宣传,2,1,no_media,0,2,2024-10,0.0,0.0,1.0,0,0.0,0,0.0,0,0.0,0,0.0,1,1.0,0,0.0,0,0.0,0,0.0,0,0.0
海市蜃楼任漂流,3,2,no_media,0,3,2024-03,0.0,0.5,0.0,0,0.0,0,0.0,1,0.5,0,0.0,0,0.0,0,0.0,0,0.0,0,0.0,1,0.5
海心無明,2,1,no_media,0,2,2023-03,0.0,0.0,1.0,0,0.0,0,0.0,0,0.0,0,0.0,1,1.0,0,0.0,0,0.0,0,0.0,0,0.0
海报新闻,4,3,no_media,0,4,2023-02,0.0,0.0,1.0,0,0.0,0,0.0,0,0.0,0,0.0,3,1.0,0,0.0,0,0.0,0,0.0,0,0.0
海树苍穹,2,1,no_media,0,2,2023-03,0.0,0.0,0.0,0,0.0,0,0.0,0,0.0,0,0.0,0,0.0,0,0.0,0,0.0,0,0.0,1,1.0
海浪15636ooo1o6,2,1,no_media,0,2,2023-01,0.0,0.0,1.0,0,0.0,0,0.0,0,0.0,0,0.0,1,1.0,0,0.0,0,0.0,0,0.0,0,0.0
海淀区万寿路健康教育,5,4,no_media,0,5,2023-05,0.0,0.0,1.0,0,0.0,0,0.0,0,0.0,0,0.0,4,1.0,0,0.0,0,0.0,0,0.0,0,0.0
海淀区八里庄健康教育,2,1,no_media,0,2,2023-09,0.0,0.0,1.0,0,0.0,0,0.0,0,0.0,0,0.0,1,1.0,0,0.0,0,0.0,0,0.0,0,0.0
海淀区北安河社区卫生服务中心,3,2,no_media,0,3,2023-06,0.0,0.0,1.0,0,0.0,0,0.0,0,0.0,0,0.0,2,1.0,0,0.0,0,0.0,0,0.0,0,0.0
海淀宣传,2,1,no_media,0,1,2022-03,0.0,0.0,1.0,0,0.0,0,0.0,0,0.0,0,0.0,1,1.0,0,0.0,0,0.0,0,0.0,0,0.0
海獭本獭_,2,1,no_media,0,2,2023-03,1.0,0.0,0.0,0,0.0,0,0.0,0,0.0,1,1.0,0,0.0,0,0.0,0,0.0,0,0.0,0,0.0
海盐蜜桃季风,3,2,no_media,0,3,2023-02,0.0,0.5,0.0,0,0.0,0,0.0,1,0.5,0,0.0,0,0.0,0,0.0,0,0.0,0,0.0,1,0.5
海盗糖包,15,14,no_media,4,14,2023-02,0.21428571428571427,0.14285714285714285,0.2857142857142857,3,0.21428571428571427,2,0.14285714285714285,0,0.0,3,0.21428571428571427,4,0.2857142857142857,1,0.07142857142857142,0,0.0,1,0.07142857142857142,0,0.0
海苔味浪味仙__,2,1,no_media,0,2,2025-04,0.0,0.0,0.0,0,0.0,0,0.0,0,0.0,0,0.0,0,0.0,1,1.0,0,0.0,0,0.0,0,0.0
海蛰_愤世嫉俗,2,1,no_media,0,2,2023-02,0.0,0.0,0.0,1,1.0,0,0.0,0,0.0,0,0.0,0,0.0,0,0.0,0,0.0,0,0.0,0,0.0
海螺湾里的大吸盘鱼,2,1,no_media,0,2,2024-01,0.0,1.0,0.0,0,0.0,0,0.0,1,1.0,0,0.0,0,0.0,0,0.0,0,0.0,0,0.0,0,0.0
海边大红袍,5,4,wemedia_only,4,5,2023-04,0.0,0.25,0.5,1,0.25,1,0.25,0,0.0,0,0.0,2,0.5,0,0.0,0,0.0,0,0.0,0,0.0
海边的柚茜尹,2,1,no_media,0,2,2023-02,0.0,0.0,1.0,0,0.0,0,0.0,0,0.0,0,0.0,1,1.0,0,0.0,0,0.0,0,0.0,0,0.0
海边的马妮拉,2,1,no_media,0,2,2023-10,1.0,0.0,0.0,0,0.0,0,0.0,0,0.0,0,0.0,0,0.0,0,0.0,1,1.0,0,0.0,0,0.0
海门之窗,13,12,no_media,0,12,2022-03,0.0,0.0,1.0,0,0.0,0,0.0,0,0.0,0,0.0,12,1.0,0,0.0,0,0.0,0,0.0,0,0.0
海霸霸叭叭,2,1,no_media,0,2,2023-08,0.0,0.0,0.0,0,0.0,0,0.0,0,0.0,0,0.0,0,0.0,0,0.0,0,0.0,1,1.0,0,0.0
海鲲余,2,1,no_media,0,2,2023-10,0.0,1.0,0.0,0,0.0,0,0.0,1,1.0,0,0.0,0,0.0,0,0.0,0,0.0,0,0.0,0,0.0
消费报道栏目,3,2,no_media,0,3,2023-02,0.0,0.0,1.0,0,0.0,0,0.0,0,0.0,0,0.0,2,1.0,0,0.0,0,0.0,0,0.0,0,0.0
涣予澄心,3,2,no_media,0,3,2022-03,0.0,0.0,1.0,0,0.0,0,0.0,0,0.0,0,0.0,2,1.0,0,0.0,0,0.0,0,0.0,0,0.0
涤吾袭明,3,2,no_media,0,3,2023-05,0.0,0.0,0.5,0,0.0,0,0.0,0,0.0,0,0.0,1,0.5,1,0.5,0,0.0,0,0.0,0,0.0
涧水幽兰1121,5,4,no_media,0,5,2023-02,0.0,0.0,1.0,0,0.0,0,0.0,0,0.0,0,0.0,4,1.0,0,0.0,0,0.0,0,0.0,0,0.0
涪城公安,3,2,mainstream_only,1,3,2022-03,0.0,0.0,1.0,0,0.0,0,0.0,0,0.0,0,0.0,2,1.0,0,0.0,0,0.0,0,0.0,0,0.0
涿光之山嚣水出焉而西流注于河,2,1,no_media,3,2,2023-07,0.0,0.0,1.0,0,0.0,0,0.0,0,0.0,0,0.0,1,1.0,0,0.0,0,0.0,0,0.0,0,0.0
淄博警方,3,2,no_media,0,3,2022-03,0.0,0.0,1.0,0,0.0,0,0.0,0,0.0,0,0.0,2,1.0,0,0.0,0,0.0,0,0.0,0,0.0
淄川发布-融媒体,2,1,no_media,0,2,2023-03,0.0,0.0,1.0,0,0.0,0,0.0,0,0.0,0,0.0,1,1.0,0,0.0,0,0.0,0,0.0,0,0.0
淇水记,2,1,no_media,0,2,2024-10,0.0,0.0,0.0,0,0.0,0,0.0,0,0.0,0,0.0,0,0.0,0,0.0,0,0.0,1,1.0,0,0.0
淑艳_妍加分全国招商,2,1,no_media,0,2,2023-07,0.0,0.0,1.0,0,0.0,0,0.0,0,0.0,0,0.0,1,1.0,0,0.0,0,0.0,0,0.0,0,0.0
淘主妇,2,1,no_media,2,2,2025-02,0.0,0.0,1.0,0,0.0,0,0.0,0,0.0,0,0.0,1,1.0,0,0.0,0,0.0,0,0.0,0,0.0
淘淘姐66,2,1,dual,9,2,2023-08,0.0,0.0,1.0,0,0.0,0,0.0,0,0.0,0,0.0,1,1.0,0,0.0,0,0.0,0,0.0,0,0.0
淘途有你,3,2,no_media,0,3,2023-02,0.0,0.0,1.0,0,0.0,0,0.0,0,0.0,0,0.0,2,1.0,0,0.0,0,0.0,0,0.0,0,0.0
淡斋达原,4,3,no_media,0,4,2023-12,0.0,0.0,1.0,0,0.0,0,0.0,0,0.0,0,0.0,3,1.0,0,0.0,0,0.0,0,0.0,0,0.0
淡极的花,2,1,mainstream_only,2,2,2023-04,0.0,0.0,0.0,0,0.0,0,0.0,0,0.0,0,0.0,0,0.0,1,1.0,0,0.0,0,0.0,0,0.0
淡淡颦颦,2,1,no_media,0,2,2023-06,0.0,0.0,0.0,0,0.0,0,0.0,0,0.0,0,0.0,0,0.0,1,1.0,0,0.0,0,0.0,0,0.0
淡若浅紫,2,1,no_media,0,2,2023-05,0.0,0.0,1.0,0,0.0,0,0.0,0,0.0,0,0.0,1,1.0,0,0.0,0,0.0,0,0.0,0,0.0
淮北新闻网,8,7,no_media,0,8,2020-03,0.0,0.0,1.0,0,0.0,0,0.0,0,0.0,0,0.0,7,1.0,0,0.0,0,0.0,0,0.0,0,0.0
淮南检察,3,2,no_media,0,3,2020-03,0.0,0.0,1.0,0,0.0,0,0.0,0,0.0,0,0.0,2,1.0,0,0.0,0,0.0,0,0.0,0,0.0
淮安发布,2,1,no_media,0,2,2023-02,0.0,0.0,1.0,0,0.0,0,0.0,0,0.0,0,0.0,1,1.0,0,0.0,0,0.0,0,0.0,0,0.0
淮安感染肝病顾生旺主任,9,8,no_media,0,9,2024-02,0.125,0.125,0.75,0,0.0,1,0.125,0,0.0,1,0.125,6,0.75,0,0.0,0,0.0,0,0.0,0,0.0
淮阴发布,6,5,no_media,0,5,2023-12,0.0,0.0,1.0,0,0.0,0,0.0,0,0.0,0,0.0,5,1.0,0,0.0,0,0.0,0,0.0,0,0.0
深圳万治门诊部,4,3,no_media,0,4,2023-05,0.0,0.0,1.0,0,0.0,0,0.0,0,0.0,0,0.0,3,1.0,0,0.0,0,0.0,0,0.0,0,0.0
深圳卫健委,2,1,no_media,0,2,2023-04,0.0,0.0,1.0,0,0.0,0,0.0,0,0.0,0,0.0,1,1.0,0,0.0,0,0.0,0,0.0,0,0.0
深圳市场监管,6,5,no_media,0,6,2023-02,0.0,0.0,1.0,0,0.0,0,0.0,0,0.0,0,0.0,5,1.0,0,0.0,0,0.0,0,0.0,0,0.0
深圳市龙越慈善基金会,2,1,no_media,0,2,2023-02,0.0,0.0,1.0,0,0.0,0,0.0,0,0.0,0,0.0,1,1.0,0,0.0,0,0.0,0,0.0,0,0.0
深圳心血管虞主任,2,1,no_media,0,2,2023-10,0.0,0.0,1.0,0,0.0,0,0.0,0,0.0,0,0.0,1,1.0,0,0.0,0,0.0,0,0.0,0,0.0
深圳新闻网,32,31,no_media,0,31,2020-03,0.0,0.0,1.0,0,0.0,0,0.0,0,0.0,0,0.0,31,1.0,0,0.0,0,0.0,0,0.0,0,0.0
深圳新风和睦家医院,2,1,no_media,0,2,2023-02,0.0,0.0,1.0,0,0.0,0,0.0,0,0.0,0,0.0,1,1.0,0,0.0,0,0.0,0,0.0,0,0.0
深圳日报-英文,3,2,no_media,0,3,2023-04,0.0,0.0,1.0,0,0.0,0,0.0,0,0.0,0,0.0,2,1.0,0,0.0,0,0.0,0,0.0,0,0.0
深圳湾岸线,2,1,wemedia_only,1,2,2023-05,0.0,0.0,0.0,0,0.0,0,0.0,0,0.0,0,0.0,0,0.0,0,0.0,0,0.0,1,1.0,0,0.0
深圳热点事儿,2,1,no_media,0,1,2020-03,0.0,0.0,1.0,0,0.0,0,0.0,0,0.0,0,0.0,1,1.0,0,0.0,0,0.0,0,0.0,0,0.0
深圳特区报,43,42,no_media,0,36,2020-03,0.0,0.0,1.0,0,0.0,0,0.0,0,0.0,0,0.0,42,1.0,0,0.0,0,0.0,0,0.0,0,0.0
深圳科技园三毛,2,1,no_media,0,2,2025-05,0.0,0.0,1.0,0,0.0,0,0.0,0,0.0,0,0.0,1,1.0,0,0.0,0,0.0,0,0.0,0,0.0
深圳蓝生脑科医院,3,2,no_media,1,2,2023-02,0.0,0.0,1.0,0,0.0,0,0.0,0,0.0,0,0.0,2,1.0,0,0.0,0,0.0,0,0.0,0,0.0
深圳阙江华,2,1,no_media,0,2,2023-05,0.0,0.0,1.0,0,0.0,0,0.0,0,0.0,0,0.0,1,1.0,0,0.0,0,0.0,0,0.0,0,0.0
深柳斋,3,2,no_media,0,3,2024-01,0.0,0.0,1.0,0,0.0,0,0.0,0,0.0,0,0.0,2,1.0,0,0.0,0,0.0,0,0.0,0,0.0
深汕发布,3,2,mainstream_only,1,3,2023-02,0.0,0.0,1.0,0,0.0,0,0.0,0,0.0,0,0.0,2,1.0,0,0.0,0,0.0,0,0.0,0,0.0
深海小天,5,4,no_media,0,4,2025-05,0.0,0.0,1.0,0,0.0,0,0.0,0,0.0,0,0.0,4,1.0,0,0.0,0,0.0,0,0.0,0,0.0
深深霄霄,2,1,no_media,0,2,2024-12,0.0,0.0,1.0,0,0.0,0,0.0,0,0.0,0,0.0,1,1.0,0,0.0,0,0.0,0,0.0,0,0.0
深究科学,4,3,no_media,0,4,2023-05,0.0,0.0,1.0,0,0.0,0,0.0,0,0.0,0,0.0,3,1.0,0,0.0,0,0.0,0,0.0,0,0.0
深视新闻,3,2,no_media,0,3,2023-04,0.0,0.0,1.0,0,0.0,0,0.0,0,0.0,0,0.0,2,1.0,0,0.0,0,0.0,0,0.0,0,0.0
深钉空净磊哥,25,24,no_media,2,20,2023-07,0.16666666666666666,0.16666666666666666,0.625,1,0.041666666666666664,4,0.16666666666666666,0,0.0,4,0.16666666666666666,15,0.625,0,0.0,0,0.0,0,0.0,0,0.0
淳德经筋针灸,6,5,no_media,0,6,2025-03,0.0,0.0,1.0,0,0.0,0,0.0,0,0.0,0,0.0,5,1.0,0,0.0,0,0.0,0,0.0,0,0.0
混沌和秩序2,2,1,no_media,2,2,2024-01,0.0,0.0,1.0,0,0.0,0,0.0,0,0.0,0,0.0,1,1.0,0,0.0,0,0.0,0,0.0,0,0.0
添金liu,2,1,no_media,1,2,2023-04,0.0,0.0,0.0,0,0.0,0,0.0,0,0.0,0,0.0,0,0.0,0,0.0,0,0.0,1,1.0,0,0.0
清伟邴,8,7,no_media,0,1,2024-02,0.0,0.0,1.0,0,0.0,0,0.0,0,0.0,0,0.0,7,1.0,0,0.0,0,0.0,0,0.0,0,0.0
清冷破碎青年,2,1,no_media,0,2,2025-01,0.0,0.0,1.0,0,0.0,0,0.0,0,0.0,0,0.0,1,1.0,0,0.0,0,0.0,0,0.0,0,0.0
清华大学,2,1,no_media,0,2,2023-02,0.0,0.0,1.0,0,0.0,0,0.0,0,0.0,0,0.0,1,1.0,0,0.0,0,0.0,0,0.0,0,0.0
清华大学第一附属医院,5,4,no_media,0,5,2023-03,0.0,0.0,0.5,0,0.0,0,0.0,0,0.0,0,0.0,2,0.5,1,0.25,0,0.0,1,0.25,0,0.0
清影人,2,1,no_media,0,2,2023-02,0.0,0.0,1.0,0,0.0,0,0.0,0,0.0,0,0.0,1,1.0,0,0.0,0,0.0,0,0.0,0,0.0
清快丸,2,1,no_media,0,2,2023-06,1.0,0.0,0.0,0,0.0,0,0.0,0,0.0,0,0.0,0,0.0,0,0.0,1,1.0,0,0.0,0,0.0
清新的小森林,7,6,no_media,0,7,2024-06,0.0,0.0,0.6666666666666666,0,0.0,0,0.0,0,0.0,0,0.0,4,0.6666666666666666,1,0.16666666666666666,0,0.0,1,0.16666666666666666,0,0.0
清檬养老,6,5,no_media,0,6,2022-06,0.0,0.0,1.0,0,0.0,0,0.0,0,0.0,0,0.0,5,1.0,0,0.0,0,0.0,0,0.0,0,0.0
清欢Teresa_,3,2,no_media,0,2,2023-08,0.0,0.0,0.0,0,0.0,0,0.0,0,0.0,0,0.0,0,0.0,1,0.5,0,0.0,1,0.5,0,0.0
清水河宣传,4,3,no_media,0,3,2023-05,0.0,0.0,1.0,0,0.0,0,0.0,0,0.0,0,0.0,3,1.0,0,0.0,0,0.0,0,0.0,0,0.0
清氵青静青争,2,1,no_media,2,2,2023-02,0.0,1.0,0.0,0,0.0,1,1.0,0,0.0,0,0.0,0,0.0,0,0.0,0,0.0,0,0.0,0,0.0
清河社区卫生服务中心,2,1,no_media,0,2,2023-02,0.0,0.0,1.0,0,0.0,0,0.0,0,0.0,0,0.0,1,1.0,0,0.0,0,0.0,0,0.0,0,0.0
清泉Talk,4,3,no_media,0,3,2022-03,0.0,0.0,1.0,0,0.0,0,0.0,0,0.0,0,0.0,3,1.0,0,0.0,0,0.0,0,0.0,0,0.0
清源0116,2,1,no_media,2,2,2023-08,1.0,0.0,0.0,0,0.0,0,0.0,0,0.0,1,1.0,0,0.0,0,0.0,0,0.0,0,0.0,0,0.0
清澈609,2,1,no_media,0,2,2024-02,0.0,0.0,1.0,0,0.0,0,0.0,0,0.0,0,0.0,1,1.0,0,0.0,0,0.0,0,0.0,0,0.0
清风姑娘DD,2,1,no_media,0,2,2023-05,0.0,0.0,0.0,0,0.0,0,0.0,0,0.0,0,0.0,0,0.0,0,0.0,0,0.0,0,0.0,1,1.0
清风欲叶j,2,1,no_media,0,2,2020-11,0.0,0.0,1.0,0,0.0,0,0.0,0,0.0,0,0.0,1,1.0,0,0.0,0,0.0,0,0.0,0,0.0
清风看行情,2,1,no_media,0,1,2024-03,0.0,0.0,1.0,0,0.0,0,0.0,0,0.0,0,0.0,1,1.0,0,0.0,0,0.0,0,0.0,0,0.0
清风网官博,7,6,no_media,0,7,2023-03,0.0,0.0,1.0,0,0.0,0,0.0,0,0.0,0,0.0,6,1.0,0,0.0,0,0.0,0,0.0,0,0.0
清风老徐2011,2,1,no_media,0,2,2023-08,0.0,0.0,0.0,1,1.0,0,0.0,0,0.0,0,0.0,0,0.0,0,0.0,0,0.0,0,0.0,0,0.0
清风舞藤,3,2,no_media,3,3,2023-05,0.5,0.0,0.5,0,0.0,0,0.0,0,0.0,1,0.5,1,0.5,0,0.0,0,0.0,0,0.0,0,0.0
渐冻人张红,2,1,no_media,0,2,2023-02,0.0,0.0,0.0,0,0.0,0,0.0,0,0.0,0,0.0,0,0.0,1,1.0,0,0.0,0,0.0,0,0.0
渔夫遇海,2,1,no_media,0,2,2022-10,0.0,0.0,0.0,0,0.0,0,0.0,0,0.0,0,0.0,0,0.0,0,0.0,0,0.0,1,1.0,0,0.0
渝北法院,2,1,no_media,1,2,2022-03,0.0,0.0,1.0,0,0.0,0,0.0,0,0.0,0,0.0,1,1.0,0,0.0,0,0.0,0,0.0,0,0.0
渠兮,4,3,wemedia_only,1,4,2022-10,0.3333333333333333,0.3333333333333333,0.0,1,0.3333333333333333,0,0.0,1,0.3333333333333333,0,0.0,0,0.0,0,0.0,1,0.3333333333333333,0,0.0,0,0.0
渠县发布,2,1,no_media,0,2,2023-03,0.0,0.0,1.0,0,0.0,0,0.0,0,0.0,0,0.0,1,1.0,0,0.0,0,0.0,0,0.0,0,0.0
渡潇枫,3,2,no_media,0,3,2023-06,0.0,0.0,0.0,2,1.0,0,0.0,0,0.0,0,0.0,0,0.0,0,0.0,0,0.0,0,0.0,0,0.0
渣浪这个粪坑有挺多盯梢的蛆虫,3,2,no_media,0,3,2023-09,0.5,0.5,0.0,0,0.0,0,0.0,1,0.5,1,0.5,0,0.0,0,0.0,0,0.0,0,0.0,0,0.0
温婉的塔尖,2,1,no_media,0,2,2022-10,0.0,0.0,1.0,0,0.0,0,0.0,0,0.0,0,0.0,1,1.0,0,0.0,0,0.0,0,0.0,0,0.0
温宿县融媒体中心,6,5,no_media,0,6,2023-02,0.0,0.0,1.0,0,0.0,0,0.0,0,0.0,0,0.0,5,1.0,0,0.0,0,0.0,0,0.0,0,0.0
温州刑事律师13738778655,3,2,no_media,0,3,2023-03,0.0,0.0,1.0,0,0.0,0,0.0,0,0.0,0,0.0,2,1.0,0,0.0,0,0.0,0,0.0,0,0.0
温州发布,8,7,mainstream_only,2,7,2021-01,0.0,0.0,1.0,0,0.0,0,0.0,0,0.0,0,0.0,7,1.0,0,0.0,0,0.0,0,0.0,0,0.0
温州微博大事小事,2,1,no_media,0,2,2021-11,0.0,1.0,0.0,0,0.0,1,1.0,0,0.0,0,0.0,0,0.0,0,0.0,0,0.0,0,0.0,0,0.0
温柔刀居士,2,1,no_media,1,2,2023-04,0.0,0.0,0.0,1,1.0,0,0.0,0,0.0,0,0.0,0,0.0,0,0.0,0,0.0,0,0.0,0,0.0
温言软语钟晓岚,3,2,wemedia_only,3,3,2023-10,0.0,0.0,0.0,0,0.0,0,0.0,0,0.0,0,0.0,0,0.0,1,0.5,0,0.0,1,0.5,0,0.0
渭北春天江东日暮,2,1,no_media,1,2,2023-04,0.0,0.0,0.0,0,0.0,0,0.0,0,0.0,0,0.0,0,0.0,0,0.0,0,0.0,1,1.0,0,0.0
渭南日报社,42,41,no_media,0,37,2020-03,0.0,0.0,1.0,0,0.0,0,0.0,0,0.0,0,0.0,41,1.0,0,0.0,0,0.0,0,0.0,0,0.0
渭南检察,7,6,mainstream_only,1,7,2020-03,0.0,0.0,1.0,0,0.0,0,0.0,0,0.0,0,0.0,6,1.0,0,0.0,0,0.0,0,0.0,0,0.0
港剧辣评社,7,6,no_media,0,7,2023-03,0.0,0.0,0.6666666666666666,0,0.0,0,0.0,0,0.0,0,0.0,4,0.6666666666666666,1,0.16666666666666666,0,0.0,1,0.16666666666666666,0,0.0
港大医学,2,1,no_media,0,2,2023-06,0.0,0.0,1.0,0,0.0,0,0.0,0,0.0,0,0.0,1,1.0,0,0.0,0,0.0,0,0.0,0,0.0
游仙公安,5,4,mainstream_only,12,4,2022-10,0.0,0.0,1.0,0,0.0,0,0.0,0,0.0,0,0.0,4,1.0,0,0.0,0,0.0,0,0.0,0,0.0
游侠Xiaopeng,6,5,no_media,0,6,2021-11,0.2,0.0,0.2,0,0.0,0,0.0,0,0.0,1,0.2,1,0.2,1,0.2,0,0.0,1,0.2,1,0.2
游戏组长,2,1,no_media,0,2,2023-07,0.0,0.0,1.0,0,0.0,0,0.0,0,0.0,0,0.0,1,1.0,0,0.0,0,0.0,0,0.0,0,0.0
游来游去不是鱼,3,2,no_media,0,3,2023-04,0.0,0.0,0.0,0,0.0,0,0.0,0,0.0,0,0.0,0,0.0,1,0.5,0,0.0,1,0.5,0,0.0
游泳不会换气的小姐姐,2,1,no_media,1,2,2023-07,0.0,0.0,0.0,0,0.0,0,0.0,0,0.0,0,0.0,0,0.0,1,1.0,0,0.0,0,0.0,0,0.0
游游尔Doing,9,8,no_media,2,9,2023-02,0.125,0.25,0.0,4,0.5,1,0.125,1,0.125,0,0.0,0,0.0,1,0.125,1,0.125,0,0.0,0,0.0
游走厨师,2,1,wemedia_only,1,2,2022-10,0.0,0.0,1.0,0,0.0,0,0.0,0,0.0,0,0.0,1,1.0,0,0.0,0,0.0,0,0.0,0,0.0
渺渺天涯渺渺客,2,1,no_media,0,1,2024-04,0.0,0.0,1.0,0,0.0,0,0.0,0,0.0,0,0.0,1,1.0,0,0.0,0,0.0,0,0.0,0,0.0
湖北之声,56,55,no_media,0,47,2020-03,0.0,0.0,0.9636363636363636,0,0.0,0,0.0,0,0.0,0,0.0,53,0.9636363636363636,1,0.01818181818181818,0,0.0,1,0.01818181818181818,0,0.0
湖北农村广播,5,4,no_media,0,5,2023-02,0.0,0.0,1.0,0,0.0,0,0.0,0,0.0,0,0.0,4,1.0,0,0.0,0,0.0,0,0.0,0,0.0
湖北发布,40,39,no_media,0,36,2020-03,0.0,0.0,1.0,0,0.0,0,0.0,0,0.0,0,0.0,39,1.0,0,0.0,0,0.0,0,0.0,0,0.0
湖北新闻,63,62,no_media,0,53,2020-05,0.016129032258064516,0.016129032258064516,0.967741935483871,0,0.0,1,0.016129032258064516,0,0.0,1,0.016129032258064516,60,0.967741935483871,0,0.0,0,0.0,0,0.0,0,0.0
湖北电视台官方微博,8,7,no_media,0,8,2021-03,0.0,0.0,1.0,0,0.0,0,0.0,0,0.0,0,0.0,7,1.0,0,0.0,0,0.0,0,0.0,0,0.0
湖北省政府门户网站,39,38,no_media,0,37,2020-03,0.0,0.0,1.0,0,0.0,0,0.0,0,0.0,0,0.0,38,1.0,0,0.0,0,0.0,0,0.0,0,0.0
湖北经典音乐广播,3,2,no_media,0,3,2020-03,0.0,0.0,1.0,0,0.0,0,0.0,0,0.0,0,0.0,2,1.0,0,0.0,0,0.0,0,0.0,0,0.0
湖北经视,3,2,no_media,0,3,2023-10,0.0,0.0,1.0,0,0.0,0,0.0,0,0.0,0,0.0,2,1.0,0,0.0,0,0.0,0,0.0,0,0.0
湖南中医药大学第一附属医院,4,3,no_media,0,4,2023-02,0.0,0.0,1.0,0,0.0,0,0.0,0,0.0,0,0.0,3,1.0,0,0.0,0,0.0,0,0.0,0,0.0
湖南事儿,3,2,no_media,0,3,2023-02,0.0,0.0,1.0,0,0.0,0,0.0,0,0.0,0,0.0,2,1.0,0,0.0,0,0.0,0,0.0,0,0.0
湖南刘凤中,2,1,no_media,0,2,2023-04,0.0,0.0,1.0,0,0.0,0,0.0,0,0.0,0,0.0,1,1.0,0,0.0,0,0.0,0,0.0,0,0.0
湖南山水体检中心,11,10,no_media,0,11,2023-02,0.0,0.0,1.0,0,0.0,0,0.0,0,0.0,0,0.0,10,1.0,0,0.0,0,0.0,0,0.0,0,0.0
湖南日报,6,5,no_media,0,6,2023-02,0.0,0.0,1.0,0,0.0,0,0.0,0,0.0,0,0.0,5,1.0,0,0.0,0,0.0,0,0.0,0,0.0
湖南民生网,5,4,no_media,0,5,2020-05,0.0,0.0,1.0,0,0.0,0,0.0,0,0.0,0,0.0,4,1.0,0,0.0,0,0.0,0,0.0,0,0.0
湖南电台,2,1,no_media,0,2,2023-02,0.0,0.0,1.0,0,0.0,0,0.0,0,0.0,0,0.0,1,1.0,0,0.0,0,0.0,0,0.0,0,0.0
湖南省老龄事业发展基金会,2,1,no_media,0,2,2023-04,0.0,0.0,1.0,0,0.0,0,0.0,0,0.0,0,0.0,1,1.0,0,0.0,0,0.0,0,0.0,0,0.0
湖南高院,2,1,mainstream_only,2,2,2020-03,0.0,0.0,1.0,0,0.0,0,0.0,0,0.0,0,0.0,1,1.0,0,0.0,0,0.0,0,0.0,0,0.0
湖报体育,5,4,no_media,0,5,2020-12,0.0,0.0,0.5,0,0.0,0,0.0,0,0.0,0,0.0,2,0.5,1,0.25,0,0.0,1,0.25,0,0.0
湘-E我反对,2,1,no_media,0,2,2023-10,0.0,0.0,0.0,0,0.0,0,0.0,0,0.0,0,0.0,0,0.0,1,1.0,0,0.0,0,0.0,0,0.0
湘潭台,4,3,no_media,0,3,2023-11,0.0,0.0,1.0,0,0.0,0,0.0,0,0.0,0,0.0,3,1.0,0,0.0,0,0.0,0,0.0,0,0.0
湮云鞝城,3,2,no_media,0,3,2023-05,0.0,0.0,0.0,0,0.0,0,0.0,0,0.0,0,0.0,0,0.0,1,0.5,0,0.0,1,0.5,0,0.0
湾区最新闻,3,2,no_media,0,3,2023-02,0.0,0.0,1.0,0,0.0,0,0.0,0,0.0,0,0.0,2,1.0,0,0.0,0,0.0,0,0.0,0,0.0
源-氏-物-语,7,6,no_media,13,6,2022-12,0.16666666666666666,0.16666666666666666,0.0,0,0.0,0,0.0,1,0.16666666666666666,0,0.0,0,0.0,1,0.16666666666666666,1,0.16666666666666666,2,0.3333333333333333,1,0.16666666666666666
溜溜逛逛转转,5,4,no_media,0,5,2023-02,0.0,0.0,1.0,0,0.0,0,0.0,0,0.0,0,0.0,4,1.0,0,0.0,0,0.0,0,0.0,0,0.0
溧阳人在珀斯,36,35,dual,19,26,2021-08,0.2,0.2,0.6,0,0.0,7,0.2,0,0.0,7,0.2,21,0.6,0,0.0,0,0.0,0,0.0,0,0.0
滁州市人民政府发布,2,1,no_media,0,2,2023-02,0.0,0.0,1.0,0,0.0,0,0.0,0,0.0,0,0.0,1,1.0,0,0.0,0,0.0,0,0.0,0,0.0
滁州楼市,7,6,no_media,0,7,2022-05,0.0,0.0,1.0,0,0.0,0,0.0,0,0.0,0,0.0,6,1.0,0,0.0,0,0.0,0,0.0,0,0.0
滇池旅游度假区,24,23,no_media,0,20,2022-10,0.0,0.0,1.0,0,0.0,0,0.0,0,0.0,0,0.0,23,1.0,0,0.0,0,0.0,0,0.0,0,0.0
滕州融媒,2,1,no_media,0,2,2023-02,0.0,0.0,1.0,0,0.0,0,0.0,0,0.0,0,0.0,1,1.0,0,0.0,0,0.0,0,0.0,0,0.0
满了不要怂,2,1,mainstream_only,6,2,2023-08,0.0,0.0,1.0,0,0.0,0,0.0,0,0.0,0,0.0,1,1.0,0,0.0,0,0.0,0,0.0,0,0.0
滨城时报,4,3,no_media,0,4,2020-03,0.0,0.0,1.0,0,0.0,0,0.0,0,0.0,0,0.0,3,1.0,0,0.0,0,0.0,0,0.0,0,0.0
滨州传媒网,6,5,no_media,0,5,2023-02,0.0,0.0,1.0,0,0.0,0,0.0,0,0.0,0,0.0,5,1.0,0,0.0,0,0.0,0,0.0,0,0.0
滨州日报,2,1,no_media,0,2,2023-02,0.0,0.0,1.0,0,0.0,0,0.0,0,0.0,0,0.0,1,1.0,0,0.0,0,0.0,0,0.0,0,0.0
滨州随拍,2,1,no_media,0,2,2024-01,0.0,0.0,1.0,0,0.0,0,0.0,0,0.0,0,0.0,1,1.0,0,0.0,0,0.0,0,0.0,0,0.0
漂亮小猫美色如狼似虎,2,1,no_media,1,2,2023-02,0.0,0.0,0.0,1,1.0,0,0.0,0,0.0,0,0.0,0,0.0,0,0.0,0,0.0,0,0.0,0,0.0
漆园隐吏在巴黎,2,1,no_media,0,2,2023-02,0.0,0.0,1.0,0,0.0,0,0.0,0,0.0,0,0.0,1,1.0,0,0.0,0,0.0,0,0.0,0,0.0
漠宏庵,4,3,no_media,12,4,2020-03,0.0,0.0,1.0,0,0.0,0,0.0,0,0.0,0,0.0,3,1.0,0,0.0,0,0.0,0,0.0,0,0.0
漠彻骨兰,2,1,no_media,2,2,2024-01,0.0,0.0,1.0,0,0.0,0,0.0,0,0.0,0,0.0,1,1.0,0,0.0,0,0.0,0,0.0,0,0.0
漫说健康,4,3,no_media,0,3,2023-03,0.0,0.0,1.0,0,0.0,0,0.0,0,0.0,0,0.0,3,1.0,0,0.0,0,0.0,0,0.0,0,0.0
漫长岁月,4,3,wemedia_only,3,4,2022-10,0.0,0.0,0.3333333333333333,0,0.0,0,0.0,0,0.0,0,0.0,1,0.3333333333333333,1,0.3333333333333333,0,0.0,1,0.3333333333333333,0,0.0
漯河市源汇区科学技术协会,5,4,no_media,0,5,2023-02,0.0,0.0,1.0,0,0.0,0,0.0,0,0.0,0,0.0,4,1.0,0,0.0,0,0.0,0,0.0,0,0.0
漯河网信,2,1,no_media,0,2,2023-02,0.0,0.0,1.0,0,0.0,0,0.0,0,0.0,0,0.0,1,1.0,0,0.0,0,0.0,0,0.0,0,0.0
漳州消防,2,1,no_media,0,2,2023-04,0.0,0.0,1.0,0,0.0,0,0.0,0,0.0,0,0.0,1,1.0,0,0.0,0,0.0,0,0.0,0,0.0
潇洒友A,3,2,no_media,0,3,2024-03,0.0,0.0,1.0,0,0.0,0,0.0,0,0.0,0,0.0,2,1.0,0,0.0,0,0.0,0,0.0,0,0.0
潇洒的瑷娃,11,10,no_media,7,7,2022-12,0.0,0.0,0.4,0,0.0,0,0.0,0,0.0,0,0.0,4,0.4,2,0.2,0,0.0,2,0.2,2,0.2
潇湘晨报,6,5,no_media,0,4,2023-02,0.0,0.0,1.0,0,0.0,0,0.0,0,0.0,0,0.0,5,1.0,0,0.0,0,0.0,0,0.0,0,0.0
潍坊市寒亭公证处,2,1,no_media,0,1,2022-10,0.0,0.0,1.0,0,0.0,0,0.0,0,0.0,0,0.0,1,1.0,0,0.0,0,0.0,0,0.0,0,0.0
潍坊新闻网,4,3,no_media,0,4,2021-08,0.0,0.0,1.0,0,0.0,0,0.0,0,0.0,0,0.0,3,1.0,0,0.0,0,0.0,0,0.0,0,0.0
潍坊高新传媒,2,1,no_media,0,2,2022-03,0.0,0.0,1.0,0,0.0,0,0.0,0,0.0,0,0.0,1,1.0,0,0.0,0,0.0,0,0.0,0,0.0
潓美医疗科技,4,3,no_media,0,4,2023-01,0.0,0.0,1.0,0,0.0,0,0.0,0,0.0,0,0.0,3,1.0,0,0.0,0,0.0,0,0.0,0,0.0
潘学才,8,7,no_media,2,8,2023-02,0.0,0.0,1.0,0,0.0,0,0.0,0,0.0,0,0.0,7,1.0,0,0.0,0,0.0,0,0.0,0,0.0
潘彼得PeterPan,2,1,wemedia_only,5,2,2022-12,0.0,0.0,0.0,0,0.0,0,0.0,0,0.0,0,0.0,0,0.0,0,0.0,0,0.0,1,1.0,0,0.0
潘达PADA,2,1,no_media,0,2,2023-03,0.0,0.0,0.0,0,0.0,0,0.0,0,0.0,0,0.0,0,0.0,0,0.0,0,0.0,1,1.0,0,0.0
潜伏的波段客,2,1,no_media,0,2,2025-06,0.0,0.0,1.0,0,0.0,0,0.0,0,0.0,0,0.0,1,1.0,0,0.0,0,0.0,0,0.0,0,0.0
潜水吃瓜一级选手,4,3,mainstream_only,2,4,2023-02,0.0,0.3333333333333333,0.0,0,0.0,1,0.3333333333333333,0,0.0,0,0.0,0,0.0,1,0.3333333333333333,0,0.0,0,0.0,1,0.3333333333333333
潜龙爆笑,2,1,no_media,0,2,2021-12,0.0,0.0,1.0,0,0.0,0,0.0,0,0.0,0,0.0,1,1.0,0,0.0,0,0.0,0,0.0,0,0.0
潮视频,5,4,no_media,0,5,2021-03,0.0,0.25,0.75,0,0.0,1,0.25,0,0.0,0,0.0,3,0.75,0,0.0,0,0.0,0,0.0,0,0.0
澄城检察,14,13,no_media,0,14,2020-03,0.0,0.0,1.0,0,0.0,0,0.0,0,0.0,0,0.0,13,1.0,0,0.0,0,0.0,0,0.0,0,0.0
澄承要平安健康幸福成长,3,2,no_media,0,3,2023-07,0.0,0.0,0.5,0,0.0,0,0.0,0,0.0,0,0.0,1,0.5,0,0.0,0,0.0,1,0.5,0,0.0
澄澄青溪水,3,2,no_media,4,3,2025-01,0.0,0.5,0.0,1,0.5,1,0.5,0,0.0,0,0.0,0,0.0,0,0.0,0,0.0,0,0.0,0,0.0
澎湃新闻,74,73,no_media,0,59,2020-03,0.0,0.0,1.0,0,0.0,0,0.0,0,0.0,0,0.0,73,1.0,0,0.0,0,0.0,0,0.0,0,0.0
澎湃质量观,5,4,no_media,0,4,2021-02,0.0,0.0,1.0,0,0.0,0,0.0,0,0.0,0,0.0,4,1.0,0,0.0,0,0.0,0,0.0,0,0.0
澳亚卫视,2,1,no_media,0,2,2023-07,0.0,0.0,1.0,0,0.0,0,0.0,0,0.0,0,0.0,1,1.0,0,0.0,0,0.0,0,0.0,0,0.0
澳大利亚SBS广播公司,7,6,no_media,0,7,2023-02,0.16666666666666666,0.16666666666666666,0.6666666666666666,0,0.0,1,0.16666666666666666,0,0.0,1,0.16666666666666666,4,0.6666666666666666,0,0.0,0,0.0,0,0.0,0,0.0
澳洲微报AuweNews,5,4,no_media,0,5,2020-05,0.25,0.25,0.0,2,0.5,1,0.25,0,0.0,1,0.25,0,0.0,0,0.0,0,0.0,0,0.0,0,0.0
澳海资本,3,2,no_media,0,3,2023-02,0.5,0.0,0.0,1,0.5,0,0.0,0,0.0,1,0.5,0,0.0,0,0.0,0,0.0,0,0.0,0,0.0
澳門廣播電視股份有限公司_TDM,2,1,no_media,0,2,2023-02,0.0,0.0,1.0,0,0.0,0,0.0,0,0.0,0,0.0,1,1.0,0,0.0,0,0.0,0,0.0,0,0.0
澳門日報,4,3,no_media,0,4,2023-05,0.0,0.0,1.0,0,0.0,0,0.0,0,0.0,0,0.0,3,1.0,0,0.0,0,0.0,0,0.0,0,0.0
澳门特区发布,3,2,no_media,0,3,2023-02,0.0,0.0,1.0,0,0.0,0,0.0,0,0.0,0,0.0,2,1.0,0,0.0,0,0.0,0,0.0,0,0.0
瀛寰孤客,2,1,no_media,0,2,2020-03,0.0,0.0,1.0,0,0.0,0,0.0,0,0.0,0,0.0,1,1.0,0,0.0,0,0.0,0,0.0,0,0.0
火山上的烟火,2,1,no_media,0,2,2025-04,0.0,0.0,1.0,0,0.0,0,0.0,0,0.0,0,0.0,1,1.0,0,0.0,0,0.0,0,0.0,0,0.0
火星第一猫,4,3,no_media,0,4,2023-07,0.0,0.0,1.0,0,0.0,0,0.0,0,0.0,0,0.0,3,1.0,0,0.0,0,0.0,0,0.0,0,0.0
火晶视频,2,1,no_media,0,2,2023-11,0.0,0.0,1.0,0,0.0,0,0.0,0,0.0,0,0.0,1,1.0,0,0.0,0,0.0,0,0.0,0,0.0
火爸朱剑笛,6,5,no_media,3,6,2022-12,0.0,0.0,1.0,0,0.0,0,0.0,0,0.0,0,0.0,5,1.0,0,0.0,0,0.0,0,0.0,0,0.0
火锅味蛋黄派,2,1,no_media,1,2,2023-03,0.0,0.0,0.0,1,1.0,0,0.0,0,0.0,0,0.0,0,0.0,0,0.0,0,0.0,0,0.0,0,0.0
灬氵-,2,1,mainstream_only,2,2,2023-02,0.0,0.0,1.0,0,0.0,0,0.0,0,0.0,0,0.0,1,1.0,0,0.0,0,0.0,0,0.0,0,0.0
灯辉西渡刘露,3,2,wemedia_only,6,3,2023-06,0.0,0.0,1.0,0,0.0,0,0.0,0,0.0,0,0.0,2,1.0,0,0.0,0,0.0,0,0.0,0,0.0
灰产圈_,8,7,no_media,0,7,2022-11,0.14285714285714285,0.2857142857142857,0.5714285714285714,0,0.0,2,0.2857142857142857,0,0.0,1,0.14285714285714285,4,0.5714285714285714,0,0.0,0,0.0,0,0.0,0,0.0
灰大Miu,3,2,mainstream_only,1,2,2024-08,0.0,0.0,0.0,0,0.0,0,0.0,0,0.0,0,0.0,0,0.0,1,0.5,0,0.0,0,0.0,1,0.5
灰色轨迹GreyTracks,2,1,no_media,0,2,2023-03,0.0,0.0,1.0,0,0.0,0,0.0,0,0.0,0,0.0,1,1.0,0,0.0,0,0.0,0,0.0,0,0.0
灵武卫生健康,5,4,no_media,0,5,2023-02,0.0,0.0,1.0,0,0.0,0,0.0,0,0.0,0,0.0,4,1.0,0,0.0,0,0.0,0,0.0,0,0.0
灵素acupuncture,4,3,no_media,0,4,2023-02,0.0,0.0,1.0,0,0.0,0,0.0,0,0.0,0,0.0,3,1.0,0,0.0,0,0.0,0,0.0,0,0.0
灵蘭仙子,11,10,no_media,10,11,2023-07,0.2,0.2,0.4,0,0.0,2,0.2,0,0.0,2,0.2,4,0.4,1,0.1,0,0.0,1,0.1,0,0.0
灵道154488,4,3,no_media,0,4,2024-03,0.0,0.0,1.0,0,0.0,0,0.0,0,0.0,0,0.0,3,1.0,0,0.0,0,0.0,0,0.0,0,0.0
灵骢,8,7,no_media,0,8,2023-05,0.0,0.0,0.0,0,0.0,0,0.0,0,0.0,0,0.0,0,0.0,1,0.14285714285714285,0,0.0,2,0.2857142857142857,4,0.5714285714285714
災巠,2,1,no_media,3,2,2024-02,1.0,0.0,0.0,0,0.0,0,0.0,0,0.0,1,1.0,0,0.0,0,0.0,0,0.0,0,0.0,0,0.0
灿烂金丝雀,2,1,no_media,0,2,2023-11,0.0,0.0,1.0,0,0.0,0,0.0,0,0.0,0,0.0,1,1.0,0,0.0,0,0.0,0,0.0,0,0.0
炒饭大人Bay,4,3,no_media,0,4,2023-02,0.3333333333333333,0.6666666666666666,0.0,0,0.0,0,0.0,2,0.6666666666666666,0,0.0,0,0.0,0,0.0,1,0.3333333333333333,0,0.0,0,0.0
炒饭殿下007,2,1,wemedia_only,13,2,2023-02,0.0,0.0,0.0,0,0.0,0,0.0,0,0.0,0,0.0,0,0.0,0,0.0,0,0.0,1,1.0,0,0.0
炜炜_道来,38,37,no_media,1,37,2023-02,0.0,0.0,1.0,0,0.0,0,0.0,0,0.0,0,0.0,37,1.0,0,0.0,0,0.0,0,0.0,0,0.0
炭烧牛肉饭,2,1,no_media,0,2,2023-02,0.0,0.0,0.0,0,0.0,0,0.0,0,0.0,0,0.0,0,0.0,0,0.0,0,0.0,0,0.0,1,1.0
点金榜榜首-石水淼,2,1,no_media,10,2,2023-01,0.0,0.0,1.0,0,0.0,0,0.0,0,0.0,0,0.0,1,1.0,0,0.0,0,0.0,0,0.0,0,0.0
炼金术士五月姐姐,2,1,no_media,0,2,2023-04,0.0,0.0,0.0,0,0.0,0,0.0,0,0.0,0,0.0,0,0.0,1,1.0,0,0.0,0,0.0,0,0.0
炼金术师噼哩啪啦Pobby,2,1,no_media,3,2,2023-07,1.0,0.0,0.0,0,0.0,0,0.0,0,0.0,1,1.0,0,0.0,0,0.0,0,0.0,0,0.0,0,0.0
烟台广播,4,3,no_media,0,4,2023-02,0.0,0.0,1.0,0,0.0,0,0.0,0,0.0,0,0.0,3,1.0,0,0.0,0,0.0,0,0.0,0,0.0
烟台急救,2,1,no_media,0,2,2023-05,0.0,0.0,1.0,0,0.0,0,0.0,0,0.0,0,0.0,1,1.0,0,0.0,0,0.0,0,0.0,0,0.0
烟台日报传媒集团,2,1,no_media,0,2,2022-12,0.0,0.0,1.0,0,0.0,0,0.0,0,0.0,0,0.0,1,1.0,0,0.0,0,0.0,0,0.0,0,0.0
烟台问家,4,3,no_media,0,3,2023-01,0.0,0.0,1.0,0,0.0,0,0.0,0,0.0,0,0.0,3,1.0,0,0.0,0,0.0,0,0.0,0,0.0
烟台音乐广播,3,2,no_media,0,3,2023-02,0.0,0.0,1.0,0,0.0,0,0.0,0,0.0,0,0.0,2,1.0,0,0.0,0,0.0,0,0.0,0,0.0
烟波江上使人愁999,3,2,no_media,0,3,2024-01,0.5,0.0,0.5,0,0.0,0,0.0,0,0.0,1,0.5,1,0.5,0,0.0,0,0.0,0,0.0,0,0.0
烟火人生1,2,1,no_media,0,2,2025-05,0.0,0.0,1.0,0,0.0,0,0.0,0,0.0,0,0.0,1,1.0,0,0.0,0,0.0,0,0.0,0,0.0
烟雨楼百年孤独,11,10,wemedia_only,8,10,2022-10,0.1,0.0,0.7,0,0.0,0,0.0,0,0.0,1,0.1,7,0.7,1,0.1,0,0.0,1,0.1,0,0.0
烟雨笙笙,9,8,mainstream_only,9,6,2023-02,0.125,0.0,0.875,0,0.0,0,0.0,0,0.0,1,0.125,7,0.875,0,0.0,0,0.0,0,0.0,0,0.0
烨烨妈咪NA,2,1,no_media,0,2,2023-05,0.0,0.0,1.0,0,0.0,0,0.0,0,0.0,0,0.0,1,1.0,0,0.0,0,0.0,0,0.0,0,0.0
热干面塑料袋,40,39,mainstream_only,16,38,2023-03,0.1794871794871795,0.1794871794871795,0.5128205128205128,4,0.10256410256410256,6,0.15384615384615385,1,0.02564102564102564,7,0.1794871794871795,20,0.5128205128205128,0,0.0,0,0.0,1,0.02564102564102564,0,0.0
热度新闻,6,5,no_media,0,3,2024-10,0.0,0.0,1.0,0,0.0,0,0.0,0,0.0,0,0.0,5,1.0,0,0.0,0,0.0,0,0.0,0,0.0
热心肠先生,4,3,no_media,0,4,2023-02,0.0,0.0,1.0,0,0.0,0,0.0,0,0.0,0,0.0,3,1.0,0,0.0,0,0.0,0,0.0,0,0.0
热浪直播间,3,2,no_media,0,3,2023-04,0.0,0.0,1.0,0,0.0,0,0.0,0,0.0,0,0.0,2,1.0,0,0.0,0,0.0,0,0.0,0,0.0
热点视频,2,1,no_media,0,2,2022-03,0.0,0.0,1.0,0,0.0,0,0.0,0,0.0,0,0.0,1,1.0,0,0.0,0,0.0,0,0.0,0,0.0
热爱生活的小巴乔呀,2,1,no_media,0,2,2023-02,0.0,0.0,1.0,0,0.0,0,0.0,0,0.0,0,0.0,1,1.0,0,0.0,0,0.0,0,0.0,0,0.0
热爱美好生活的小富婆,2,1,no_media,2,2,2024-08,0.0,1.0,0.0,0,0.0,0,0.0,1,1.0,0,0.0,0,0.0,0,0.0,0,0.0,0,0.0,0,0.0
热血系食梦者夙零,2,1,no_media,1,2,2024-08,0.0,0.0,1.0,0,0.0,0,0.0,0,0.0,0,0.0,1,1.0,0,0.0,0,0.0,0,0.0,0,0.0
热铁不要摸,3,2,no_media,1,3,2025-02,0.0,0.0,1.0,0,0.0,0,0.0,0,0.0,0,0.0,2,1.0,0,0.0,0,0.0,0,0.0,0,0.0
焊武帝,3,2,no_media,0,3,2023-02,0.0,0.0,1.0,0,0.0,0,0.0,0,0.0,0,0.0,2,1.0,0,0.0,0,0.0,0,0.0,0,0.0
無名無相02,2,1,mainstream_only,2,2,2023-06,0.0,0.0,1.0,0,0.0,0,0.0,0,0.0,0,0.0,1,1.0,0,0.0,0,0.0,0,0.0,0,0.0
焦作广播电视台,4,3,no_media,0,4,2020-11,0.0,0.0,1.0,0,0.0,0,0.0,0,0.0,0,0.0,3,1.0,0,0.0,0,0.0,0,0.0,0,0.0
焦糖牛奶阿昆达,2,1,no_media,0,2,2023-09,0.0,0.0,0.0,0,0.0,0,0.0,0,0.0,0,0.0,0,0.0,0,0.0,0,0.0,0,0.0,1,1.0
焦糖马祺多,2,1,no_media,0,2,2024-06,0.0,0.0,0.0,1,1.0,0,0.0,0,0.0,0,0.0,0,0.0,0,0.0,0,0.0,0,0.0,0,0.0
煎饼果子子_,2,1,no_media,0,2,2023-02,0.0,1.0,0.0,0,0.0,0,0.0,1,1.0,0,0.0,0,0.0,0,0.0,0,0.0,0,0.0,0,0.0
煖垸有很多小故事,2,1,no_media,0,1,2024-08,0.0,0.0,1.0,0,0.0,0,0.0,0,0.0,0,0.0,1,1.0,0,0.0,0,0.0,0,0.0,0,0.0
照仙境,2,1,no_media,0,2,2024-01,0.0,0.0,0.0,0,0.0,0,0.0,0,0.0,0,0.0,0,0.0,0,0.0,0,0.0,0,0.0,1,1.0
照完镜子正衣冠,98,97,no_media,2,91,2023-02,0.010309278350515464,0.010309278350515464,0.979381443298969,0,0.0,1,0.010309278350515464,0,0.0,1,0.010309278350515464,95,0.979381443298969,0,0.0,0,0.0,0,0.0,0,0.0
照那都里,2,1,no_media,1,2,2023-09,0.0,0.0,1.0,0,0.0,0,0.0,0,0.0,0,0.0,1,1.0,0,0.0,0,0.0,0,0.0,0,0.0
煮著呢,8,7,no_media,0,1,2024-08,0.0,0.0,0.0,7,1.0,0,0.0,0,0.0,0,0.0,0,0.0,0,0.0,0,0.0,0,0.0,0,0.0
熊猫和朋友们,3,2,no_media,7,3,2022-12,0.0,0.0,1.0,0,0.0,0,0.0,0,0.0,0,0.0,2,1.0,0,0.0,0,0.0,0,0.0,0,0.0
熊猫白露,6,5,no_media,8,6,2023-11,0.0,0.0,1.0,0,0.0,0,0.0,0,0.0,0,0.0,5,1.0,0,0.0,0,0.0,0,0.0,0,0.0
熊若有言,2,1,no_media,0,2,2023-10,0.0,0.0,0.0,0,0.0,0,0.0,0,0.0,0,0.0,0,0.0,0,0.0,0,0.0,1,1.0,0,0.0
熙熙攘攘独木桥·,2,1,wemedia_only,2,1,2020-03,0.0,0.0,1.0,0,0.0,0,0.0,0,0.0,0,0.0,1,1.0,0,0.0,0,0.0,0,0.0,0,0.0
熟悉的谢谢,2,1,no_media,0,2,2023-08,0.0,0.0,0.0,0,0.0,0,0.0,0,0.0,0,0.0,0,0.0,1,1.0,0,0.0,0,0.0,0,0.0
燁明,2,1,no_media,0,2,2023-04,0.0,0.0,0.0,0,0.0,0,0.0,0,0.0,0,0.0,0,0.0,0,0.0,0,0.0,1,1.0,0,0.0
燃新闻,2,1,no_media,0,2,2023-02,0.0,0.0,1.0,0,0.0,0,0.0,0,0.0,0,0.0,1,1.0,0,0.0,0,0.0,0,0.0,0,0.0
燃炑RayMoon,2,1,no_media,0,2,2023-02,0.0,0.0,0.0,0,0.0,0,0.0,0,0.0,0,0.0,0,0.0,0,0.0,0,0.0,1,1.0,0,0.0
燃烧的水手解,10,9,no_media,0,10,2023-02,0.1111111111111111,0.2222222222222222,0.1111111111111111,0,0.0,0,0.0,2,0.2222222222222222,1,0.1111111111111111,1,0.1111111111111111,2,0.2222222222222222,0,0.0,3,0.3333333333333333,0,0.0
燕化医院,2,1,no_media,0,2,2023-02,0.0,0.0,1.0,0,0.0,0,0.0,0,0.0,0,0.0,1,1.0,0,0.0,0,0.0,0,0.0,0,0.0
燕北翔,2,1,mainstream_only,4,2,2022-12,1.0,0.0,0.0,0,0.0,0,0.0,0,0.0,1,1.0,0,0.0,0,0.0,0,0.0,0,0.0,0,0.0
燕姞夫人,2,1,no_media,0,2,2023-02,0.0,0.0,0.0,0,0.0,0,0.0,0,0.0,0,0.0,0,0.0,0,0.0,0,0.0,0,0.0,1,1.0
燕子sxsxsx,5,4,no_media,4,5,2024-06,0.0,0.0,1.0,0,0.0,0,0.0,0,0.0,0,0.0,4,1.0,0,0.0,0,0.0,0,0.0,0,0.0
燕弧白_剑崎一真joker,2,1,no_media,1,2,2023-12,0.0,0.0,0.0,0,0.0,0,0.0,0,0.0,0,0.0,0,0.0,0,0.0,0,0.0,1,1.0,0,0.0
燕窝工厂源于自然馈赠,2,1,no_media,0,2,2023-02,0.0,0.0,1.0,0,0.0,0,0.0,0,0.0,0,0.0,1,1.0,0,0.0,0,0.0,0,0.0,0,0.0
燕紫Qc乔木,3,2,no_media,0,3,2023-08,0.0,0.5,0.0,0,0.0,0,0.0,1,0.5,0,0.0,0,0.0,0,0.0,0,0.0,0,0.0,1,0.5
燕赵晚报,11,10,no_media,0,11,2020-03,0.0,0.0,1.0,0,0.0,0,0.0,0,0.0,0,0.0,10,1.0,0,0.0,0,0.0,0,0.0,0,0.0
燚橙健康,2,1,no_media,0,1,2022-03,0.0,1.0,0.0,0,0.0,1,1.0,0,0.0,0,0.0,0,0.0,0,0.0,0,0.0,0,0.0,0,0.0
爆笑脱口秀名场面,2,1,no_media,0,2,2023-03,0.0,0.0,1.0,0,0.0,0,0.0,0,0.0,0,0.0,1,1.0,0,0.0,0,0.0,0,0.0,0,0.0
爱上昌平,5,4,no_media,0,4,2020-12,0.0,0.0,1.0,0,0.0,0,0.0,0,0.0,0,0.0,4,1.0,0,0.0,0,0.0,0,0.0,0,0.0
爱与光的茶世界,2,1,no_media,0,2,2024-02,0.0,1.0,0.0,0,0.0,1,1.0,0,0.0,0,0.0,0,0.0,0,0.0,0,0.0,0,0.0,0,0.0
爱你的胡阿椒,2,1,no_media,0,2,2024-01,0.0,1.0,0.0,0,0.0,0,0.0,1,1.0,0,0.0,0,0.0,0,0.0,0,0.0,0,0.0,0,0.0
爱依晨的小草莓,2,1,no_media,0,2,2023-02,0.0,0.0,0.0,0,0.0,0,0.0,0,0.0,0,0.0,0,0.0,0,0.0,0,0.0,1,1.0,0,0.0
爱健身滴阿茶smiling,3,2,no_media,0,3,2023-01,0.0,0.0,0.0,0,0.0,0,0.0,0,0.0,0,0.0,0,0.0,0,0.0,0,0.0,0,0.0,2,1.0
爱吃果冻的长颈鹿,19,18,no_media,3,18,2023-04,0.2222222222222222,0.2222222222222222,0.05555555555555555,2,0.1111111111111111,3,0.16666666666666666,1,0.05555555555555555,2,0.1111111111111111,1,0.05555555555555555,2,0.1111111111111111,2,0.1111111111111111,2,0.1111111111111111,3,0.16666666666666666
爱吃烤鱼的糖包儿,3,2,no_media,0,3,2023-03,0.5,0.5,0.0,0,0.0,0,0.0,1,0.5,1,0.5,0,0.0,0,0.0,0,0.0,0,0.0,0,0.0
爱吃的汤圆是番薯皮的,2,1,wemedia_only,2,1,2020-03,0.0,0.0,1.0,0,0.0,0,0.0,0,0.0,0,0.0,1,1.0,0,0.0,0,0.0,0,0.0,0,0.0
爱吃的馋嘴熊熊,2,1,no_media,0,2,2023-05,0.0,0.0,0.0,0,0.0,0,0.0,0,0.0,0,0.0,0,0.0,0,0.0,0,0.0,1,1.0,0,0.0
爱吃虾饼的小饼同学,2,1,no_media,0,2,2023-02,0.0,1.0,0.0,0,0.0,1,1.0,0,0.0,0,0.0,0,0.0,0,0.0,0,0.0,0,0.0,0,0.0
爱吃饭的饭饭小姑娘,2,1,no_media,0,2,2023-04,0.0,0.0,0.0,0,0.0,0,0.0,0,0.0,0,0.0,0,0.0,0,0.0,0,0.0,0,0.0,1,1.0
爱启东,23,22,no_media,0,22,2023-02,0.0,0.0,1.0,0,0.0,0,0.0,0,0.0,0,0.0,22,1.0,0,0.0,0,0.0,0,0.0,0,0.0
爱品味i时尚,2,1,no_media,0,2,2023-01,0.0,0.0,1.0,0,0.0,0,0.0,0,0.0,0,0.0,1,1.0,0,0.0,0,0.0,0,0.0,0,0.0
爱喝茉莉的奶绿,2,1,no_media,0,2,2024-03,0.0,1.0,0.0,0,0.0,1,1.0,0,0.0,0,0.0,0,0.0,0,0.0,0,0.0,0,0.0,0,0.0
爱喝酸梨水的饭团妈,2,1,no_media,0,2,2024-01,0.0,0.0,0.0,0,0.0,0,0.0,0,0.0,0,0.0,0,0.0,0,0.0,0,0.0,1,1.0,0,0.0
爱国青年刘战神,2,1,no_media,0,2,2022-12,1.0,0.0,0.0,0,0.0,0,0.0,0,0.0,1,1.0,0,0.0,0,0.0,0,0.0,0,0.0,0,0.0
爱塌爱光的star同样爱芭比,18,17,wemedia_only,25,16,2023-02,0.17647058823529413,0.23529411764705882,0.29411764705882354,5,0.29411764705882354,4,0.23529411764705882,0,0.0,3,0.17647058823529413,5,0.29411764705882354,0,0.0,0,0.0,0,0.0,0,0.0
爱好中医,25,24,no_media,6,24,2023-02,0.041666666666666664,0.041666666666666664,0.625,0,0.0,0,0.0,1,0.041666666666666664,1,0.041666666666666664,15,0.625,3,0.125,0,0.0,4,0.16666666666666666,0,0.0
爱好吃喝玩乐的画家,2,1,no_media,0,2,2023-01,0.0,0.0,1.0,0,0.0,0,0.0,0,0.0,0,0.0,1,1.0,0,0.0,0,0.0,0,0.0,0,0.0
爱好手工和养生的微风细雨GX,3,2,no_media,0,3,2023-04,0.0,0.0,0.5,0,0.0,0,0.0,0,0.0,0,0.0,1,0.5,1,0.5,0,0.0,0,0.0,0,0.0
爱娱大师,2,1,no_media,0,2,2024-08,0.0,0.0,1.0,0,0.0,0,0.0,0,0.0,0,0.0,1,1.0,0,0.0,0,0.0,0,0.0,0,0.0
爱学习爱生活爱我,7,6,no_media,5,4,2024-05,0.16666666666666666,0.16666666666666666,0.16666666666666666,0,0.0,1,0.16666666666666666,0,0.0,1,0.16666666666666666,1,0.16666666666666666,2,0.3333333333333333,0,0.0,1,0.16666666666666666,0,0.0
爱寒希,2,1,no_media,0,2,2023-02,0.0,0.0,1.0,0,0.0,0,0.0,0,0.0,0,0.0,1,1.0,0,0.0,0,0.0,0,0.0,0,0.0
爱归者,2,1,no_media,0,2,2023-06,0.0,0.0,0.0,0,0.0,0,0.0,0,0.0,0,0.0,0,0.0,0,0.0,0,0.0,1,1.0,0,0.0
爱必若互联网医院,3,2,no_media,0,2,2023-02,0.0,0.0,1.0,0,0.0,0,0.0,0,0.0,0,0.0,2,1.0,0,0.0,0,0.0,0,0.0,0,0.0
爱思唯尔服务号,3,2,no_media,0,3,2023-02,0.0,0.0,1.0,0,0.0,0,0.0,0,0.0,0,0.0,2,1.0,0,0.0,0,0.0,0,0.0,0,0.0
爱我大兴社区网,4,3,no_media,0,4,2023-02,0.0,0.0,1.0,0,0.0,0,0.0,0,0.0,0,0.0,3,1.0,0,0.0,0,0.0,0,0.0,0,0.0
爱新觉罗小皇,2,1,no_media,0,2,2023-02,0.0,1.0,0.0,0,0.0,1,1.0,0,0.0,0,0.0,0,0.0,0,0.0,0,0.0,0,0.0,0,0.0
爱是四月份的玫瑰迎着夏日盛放,2,1,no_media,1,2,2023-03,1.0,0.0,0.0,0,0.0,0,0.0,0,0.0,0,0.0,0,0.0,0,0.0,1,1.0,0,0.0,0,0.0
爱晒太阳的兔子猫,5,4,no_media,0,5,2023-02,0.0,0.0,0.0,0,0.0,0,0.0,0,0.0,0,0.0,0,0.0,2,0.5,0,0.0,2,0.5,0,0.0
爱济南发布,9,8,no_media,0,8,2021-08,0.0,0.0,1.0,0,0.0,0,0.0,0,0.0,0,0.0,8,1.0,0,0.0,0,0.0,0,0.0,0,0.0
爱生活的有志青年,3,2,mainstream_only,2,2,2023-11,0.0,0.5,0.0,0,0.0,1,0.5,0,0.0,0,0.0,0,0.0,1,0.5,0,0.0,0,0.0,0,0.0
爱画画的Hilary,5,4,no_media,0,5,2023-03,0.25,0.25,0.0,0,0.0,1,0.25,0,0.0,0,0.0,0,0.0,1,0.25,1,0.25,0,0.0,1,0.25
爱看书的Moon,2,1,no_media,0,2,2024-10,0.0,1.0,0.0,0,0.0,1,1.0,0,0.0,0,0.0,0,0.0,0,0.0,0,0.0,0,0.0,0,0.0
爱看头条,42,41,no_media,0,41,2020-03,0.0,0.0,1.0,0,0.0,0,0.0,0,0.0,0,0.0,41,1.0,0,0.0,0,0.0,0,0.0,0,0.0
爱看特摄剧的老顾,3,2,wemedia_only,3,3,2024-09,0.0,0.0,0.0,2,1.0,0,0.0,0,0.0,0,0.0,0,0.0,0,0.0,0,0.0,0,0.0,0,0.0
爱笑的颜悦,2,1,wemedia_only,6,2,2023-05,0.0,0.0,1.0,0,0.0,0,0.0,0,0.0,0,0.0,1,1.0,0,0.0,0,0.0,0,0.0,0,0.0
爱翻易的大裱姐,2,1,no_media,0,2,2025-05,0.0,0.0,0.0,1,1.0,0,0.0,0,0.0,0,0.0,0,0.0,0,0.0,0,0.0,0,0.0,0,0.0
爱若丰狂SOYO历,6,5,no_media,2,6,2023-07,0.6,0.4,0.0,0,0.0,1,0.2,1,0.2,2,0.4,0,0.0,0,0.0,1,0.2,0,0.0,0,0.0
爱范儿,2,1,no_media,0,2,2021-03,0.0,0.0,0.0,0,0.0,0,0.0,0,0.0,0,0.0,0,0.0,0,0.0,0,0.0,1,1.0,0,0.0
爱豆时尚影音,2,1,no_media,0,1,2020-03,0.0,1.0,0.0,0,0.0,0,0.0,1,1.0,0,0.0,0,0.0,0,0.0,0,0.0,0,0.0,0,0.0
爱跳的青蛙2017,2,1,no_media,0,2,2024-02,0.0,0.0,1.0,0,0.0,0,0.0,0,0.0,0,0.0,1,1.0,0,0.0,0,0.0,0,0.0,0,0.0
爱踩盘的他爸,2,1,no_media,0,2,2023-06,1.0,0.0,0.0,0,0.0,0,0.0,0,0.0,1,1.0,0,0.0,0,0.0,0,0.0,0,0.0,0,0.0
爱问健康精选,2,1,no_media,0,2,2023-07,0.0,0.0,1.0,0,0.0,0,0.0,0,0.0,0,0.0,1,1.0,0,0.0,0,0.0,0,0.0,0,0.0
爱靓的心777,2,1,no_media,0,2,2024-01,0.0,0.0,0.0,0,0.0,0,0.0,0,0.0,0,0.0,0,0.0,0,0.0,0,0.0,0,0.0,1,1.0
爸比的小姚晨,2,1,no_media,0,2,2024-05,0.0,0.0,0.0,0,0.0,0,0.0,0,0.0,0,0.0,0,0.0,0,0.0,0,0.0,0,0.0,1,1.0
爽爽爽易,2,1,no_media,0,2,2024-01,0.0,0.0,0.0,0,0.0,0,0.0,0,0.0,0,0.0,0,0.0,0,0.0,0,0.0,1,1.0,0,0.0
爽爽贵阳·文昌云岩,10,9,no_media,0,10,2023-03,0.0,0.0,0.7777777777777778,0,0.0,0,0.0,0,0.0,0,0.0,7,0.7777777777777778,1,0.1111111111111111,0,0.0,1,0.1111111111111111,0,0.0
爽爽贵阳品质白云,6,5,no_media,0,6,2023-02,0.0,0.0,1.0,0,0.0,0,0.0,0,0.0,0,0.0,5,1.0,0,0.0,0,0.0,0,0.0,0,0.0
牙医景的无痛生涯,2,1,no_media,0,2,2023-02,0.0,0.0,1.0,0,0.0,0,0.0,0,0.0,0,0.0,1,1.0,0,0.0,0,0.0,0,0.0,0,0.0
牙科有科牙,2,1,mainstream_only,5,2,2023-04,0.0,0.0,0.0,0,0.0,0,0.0,0,0.0,0,0.0,0,0.0,0,0.0,0,0.0,1,1.0,0,0.0
牛城晚报,5,4,no_media,0,5,2020-06,0.0,0.0,1.0,0,0.0,0,0.0,0,0.0,0,0.0,4,1.0,0,0.0,0,0.0,0,0.0,0,0.0
牛尔的移动城堡,3,2,no_media,8,3,2023-07,0.0,0.0,1.0,0,0.0,0,0.0,0,0.0,0,0.0,2,1.0,0,0.0,0,0.0,0,0.0,0,0.0
牛河梁到南海,29,28,no_media,5,28,2023-02,0.03571428571428571,0.03571428571428571,0.9285714285714286,0,0.0,1,0.03571428571428571,0,0.0,1,0.03571428571428571,26,0.9285714285714286,0,0.0,0,0.0,0,0.0,0,0.0
牛牛牛牛我爱你,3,2,no_media,0,3,2023-05,0.0,0.0,0.0,0,0.0,0,0.0,0,0.0,0,0.0,0,0.0,0,0.0,0,0.0,0,0.0,2,1.0
牛瑲,2,1,no_media,2,2,2023-03,0.0,0.0,0.0,0,0.0,0,0.0,0,0.0,0,0.0,0,0.0,0,0.0,0,0.0,1,1.0,0,0.0
牛神nddpg111,3,2,wemedia_only,3,2,2022-10,0.0,0.0,1.0,0,0.0,0,0.0,0,0.0,0,0.0,2,1.0,0,0.0,0,0.0,0,0.0,0,0.0
牛肉包子兔,3,2,mainstream_only,4,3,2023-02,0.0,0.5,0.0,1,0.5,1,0.5,0,0.0,0,0.0,0,0.0,0,0.0,0,0.0,0,0.0,0,0.0
牟建平谈艺术看市场,2,1,no_media,0,2,2023-06,0.0,0.0,1.0,0,0.0,0,0.0,0,0.0,0,0.0,1,1.0,0,0.0,0,0.0,0,0.0,0,0.0
牡丹江市妇女儿童医院,3,2,no_media,0,3,2023-12,0.0,0.0,1.0,0,0.0,0,0.0,0,0.0,0,0.0,2,1.0,0,0.0,0,0.0,0,0.0,0,0.0
牡丹融媒,11,10,no_media,0,11,2023-02,0.0,0.0,1.0,0,0.0,0,0.0,0,0.0,0,0.0,10,1.0,0,0.0,0,0.0,0,0.0,0,0.0
牡丹陈敏,3,2,no_media,0,3,2023-02,0.0,0.0,1.0,0,0.0,0,0.0,0,0.0,0,0.0,2,1.0,0,0.0,0,0.0,0,0.0,0,0.0
牧笛啵,2,1,no_media,1,2,2023-02,0.0,0.0,0.0,0,0.0,0,0.0,0,0.0,0,0.0,0,0.0,0,0.0,0,0.0,0,0.0,1,1.0
牧笛声声188,3,2,no_media,0,3,2023-02,0.0,0.0,1.0,0,0.0,0,0.0,0,0.0,0,0.0,2,1.0,0,0.0,0,0.0,0,0.0,0,0.0
牧笛斯乔薄健成音悦情书万物生,4,3,no_media,0,4,2024-01,0.3333333333333333,0.0,0.3333333333333333,1,0.3333333333333333,0,0.0,0,0.0,1,0.3333333333333333,1,0.3333333333333333,0,0.0,0,0.0,0,0.0,0,0.0
物知者有为,2,1,no_media,0,2,2023-05,0.0,0.0,1.0,0,0.0,0,0.0,0,0.0,0,0.0,1,1.0,0,0.0,0,0.0,0,0.0,0,0.0
牵伊伊小手,5,4,wemedia_only,6,1,2020-03,0.0,0.0,1.0,0,0.0,0,0.0,0,0.0,0,0.0,4,1.0,0,0.0,0,0.0,0,0.0,0,0.0
特克斯岛大使,16,15,no_media,0,16,2023-02,0.0,0.0,0.8666666666666667,0,0.0,0,0.0,0,0.0,0,0.0,13,0.8666666666666667,1,0.06666666666666667,0,0.0,1,0.06666666666666667,0,0.0
特喜欢做饭,4,3,no_media,0,4,2023-06,0.0,0.0,1.0,0,0.0,0,0.0,0,0.0,0,0.0,3,1.0,0,0.0,0,0.0,0,0.0,0,0.0
特威克尔说,2,1,no_media,0,2,2023-02,0.0,1.0,0.0,0,0.0,0,0.0,1,1.0,0,0.0,0,0.0,0,0.0,0,0.0,0,0.0,0,0.0
犀小莉,3,2,no_media,0,3,2023-02,0.0,0.0,0.0,0,0.0,0,0.0,0,0.0,0,0.0,0,0.0,1,0.5,0,0.0,1,0.5,0,0.0
犬左Z,2,1,no_media,0,2,2024-06,0.0,1.0,0.0,0,0.0,0,0.0,1,1.0,0,0.0,0,0.0,0,0.0,0,0.0,0,0.0,0,0.0
犹曼罗依,2,1,no_media,0,2,2023-07,0.0,0.0,0.0,1,1.0,0,0.0,0,0.0,0,0.0,0,0.0,0,0.0,0,0.0,0,0.0,0,0.0
犹龙子,2,1,no_media,0,2,2024-03,0.0,0.0,0.0,1,1.0,0,0.0,0,0.0,0,0.0,0,0.0,0,0.0,0,0.0,0,0.0,0,0.0
狂奔的旗安,2,1,no_media,0,2,2023-09,0.0,1.0,0.0,0,0.0,0,0.0,1,1.0,0,0.0,0,0.0,0,0.0,0,0.0,0,0.0,0,0.0
狂想小纨纸,3,2,no_media,1,3,2024-03,0.0,0.0,0.0,0,0.0,0,0.0,0,0.0,0,0.0,0,0.0,0,0.0,0,0.0,0,0.0,2,1.0
狂战士1904,2,1,no_media,0,2,2023-05,0.0,0.0,0.0,0,0.0,0,0.0,0,0.0,0,0.0,0,0.0,1,1.0,0,0.0,0,0.0,0,0.0
狐狸去冰七分糖,3,2,no_media,1,3,2023-02,0.0,0.0,0.0,2,1.0,0,0.0,0,0.0,0,0.0,0,0.0,0,0.0,0,0.0,0,0.0,0,0.0
狐眼看天下,3,2,no_media,0,3,2023-02,0.0,0.0,1.0,0,0.0,0,0.0,0,0.0,0,0.0,2,1.0,0,0.0,0,0.0,0,0.0,0,0.0
狗头军师脏老六,3,2,no_media,0,3,2024-03,0.0,0.0,0.5,0,0.0,0,0.0,0,0.0,0,0.0,1,0.5,0,0.0,0,0.0,1,0.5,0,0.0
狗娘娘,2,1,no_media,0,2,2023-04,0.0,0.0,0.0,0,0.0,0,0.0,0,0.0,0,0.0,0,0.0,0,0.0,0,0.0,1,1.0,0,0.0
狗尾草2023,4,3,no_media,0,2,2023-06,0.3333333333333333,0.0,0.6666666666666666,0,0.0,0,0.0,0,0.0,1,0.3333333333333333,2,0.6666666666666666,0,0.0,0,0.0,0,0.0,0,0.0
狙击手伍德,2,1,no_media,0,2,2023-02,0.0,0.0,1.0,0,0.0,0,0.0,0,0.0,0,0.0,1,1.0,0,0.0,0,0.0,0,0.0,0,0.0
狩夜猫,2,1,no_media,0,2,2023-06,0.0,1.0,0.0,0,0.0,0,0.0,1,1.0,0,0.0,0,0.0,0,0.0,0,0.0,0,0.0,0,0.0
狩砂Karisa,2,1,no_media,0,2,2023-03,0.0,0.0,0.0,0,0.0,0,0.0,0,0.0,0,0.0,0,0.0,0,0.0,0,0.0,0,0.0,1,1.0
独嘉記憶0622,2,1,no_media,0,2,2023-05,0.0,0.0,0.0,0,0.0,0,0.0,0,0.0,0,0.0,0,0.0,0,0.0,0,0.0,0,0.0,1,1.0
独坐看云对晓风,7,6,no_media,0,7,2023-11,0.0,0.0,1.0,0,0.0,0,0.0,0,0.0,0,0.0,6,1.0,0,0.0,0,0.0,0,0.0,0,0.0
独恋猫的鱼v,2,1,no_media,0,2,2023-11,0.0,0.0,1.0,0,0.0,0,0.0,0,0.0,0,0.0,1,1.0,0,0.0,0,0.0,0,0.0,0,0.0
独立小楼99,13,12,dual,10,13,2021-11,0.08333333333333333,0.08333333333333333,0.8333333333333334,0,0.0,1,0.08333333333333333,0,0.0,1,0.08333333333333333,10,0.8333333333333334,0,0.0,0,0.0,0,0.0,0,0.0
独立文化志,2,1,no_media,2,2,2023-01,1.0,0.0,0.0,0,0.0,0,0.0,0,0.0,1,1.0,0,0.0,0,0.0,0,0.0,0,0.0,0,0.0
独行骑士·Lwf,2,1,no_media,0,2,2023-02,0.0,0.0,1.0,0,0.0,0,0.0,0,0.0,0,0.0,1,1.0,0,0.0,0,0.0,0,0.0,0,0.0
狮子Leo9,2,1,no_media,0,2,2023-06,0.0,0.0,0.0,0,0.0,0,0.0,0,0.0,0,0.0,0,0.0,0,0.0,0,0.0,0,0.0,1,1.0
狮子岭的天空2023,3,2,no_media,0,3,2023-06,0.0,0.5,0.0,1,0.5,1,0.5,0,0.0,0,0.0,0,0.0,0,0.0,0,0.0,0,0.0,0,0.0
狲狲球球,5,4,wemedia_only,4,5,2023-07,0.5,0.25,0.25,0,0.0,1,0.25,0,0.0,2,0.5,1,0.25,0,0.0,0,0.0,0,0.0,0,0.0
狸猫映雪唤蔂蔂,2,1,no_media,0,2,2023-02,0.0,0.0,0.0,0,0.0,0,0.0,0,0.0,0,0.0,0,0.0,0,0.0,0,0.0,1,1.0,0,0.0
狸花花躲猫猫,2,1,no_media,2,2,2024-10,0.0,0.0,1.0,0,0.0,0,0.0,0,0.0,0,0.0,1,1.0,0,0.0,0,0.0,0,0.0,0,0.0
狼狼狼狼狼狼狼七匹狼,20,19,no_media,0,18,2023-02,0.0,0.0,1.0,0,0.0,0,0.0,0,0.0,0,0.0,19,1.0,0,0.0,0,0.0,0,0.0,0,0.0
猎人说房,3,2,no_media,0,3,2023-02,0.5,0.0,0.0,0,0.0,0,0.0,0,0.0,1,0.5,0,0.0,0,0.0,0,0.0,1,0.5,0,0.0
猛犸新闻,3,2,no_media,0,3,2023-02,0.0,0.0,1.0,0,0.0,0,0.0,0,0.0,0,0.0,2,1.0,0,0.0,0,0.0,0,0.0,0,0.0
猪zhu饲养员,2,1,no_media,0,2,2023-05,1.0,0.0,0.0,0,0.0,0,0.0,0,0.0,0,0.0,0,0.0,0,0.0,1,1.0,0,0.0,0,0.0
猪晓多,2,1,no_media,1,2,2023-02,0.0,0.0,1.0,0,0.0,0,0.0,0,0.0,0,0.0,1,1.0,0,0.0,0,0.0,0,0.0,0,0.0
猪猪侠476,10,9,no_media,0,10,2023-02,0.0,0.0,0.5555555555555556,0,0.0,0,0.0,0,0.0,0,0.0,5,0.5555555555555556,2,0.2222222222222222,0,0.0,2,0.2222222222222222,0,0.0
猪猪猪猪猪猪猪66666,2,1,no_media,0,2,2023-02,0.0,0.0,1.0,0,0.0,0,0.0,0,0.0,0,0.0,1,1.0,0,0.0,0,0.0,0,0.0,0,0.0
猪肉老好切咯,2,1,wemedia_only,4,2,2023-02,0.0,1.0,0.0,0,0.0,0,0.0,1,1.0,0,0.0,0,0.0,0,0.0,0,0.0,0,0.0,0,0.0
猫依Sansan,2,1,wemedia_only,1,2,2024-02,0.0,0.0,1.0,0,0.0,0,0.0,0,0.0,0,0.0,1,1.0,0,0.0,0,0.0,0,0.0,0,0.0
猫喵便利店,2,1,no_media,1,2,2023-05,0.0,0.0,0.0,0,0.0,0,0.0,0,0.0,0,0.0,0,0.0,0,0.0,0,0.0,1,1.0,0,0.0
猫头鹰快艇,2,1,no_media,1,2,2023-10,0.0,1.0,0.0,0,0.0,1,1.0,0,0.0,0,0.0,0,0.0,0,0.0,0,0.0,0,0.0,0,0.0
猫步华尔兹,2,1,no_media,2,2,2023-07,0.0,0.0,0.0,0,0.0,0,0.0,0,0.0,0,0.0,0,0.0,0,0.0,0,0.0,0,0.0,1,1.0
猫步旅人_,4,3,wemedia_only,1,4,2022-12,0.0,0.0,0.3333333333333333,0,0.0,0,0.0,0,0.0,0,0.0,1,0.3333333333333333,1,0.3333333333333333,0,0.0,1,0.3333333333333333,0,0.0
猫猫妙可爱,2,1,no_media,0,1,2025-05,0.0,0.0,1.0,0,0.0,0,0.0,0,0.0,0,0.0,1,1.0,0,0.0,0,0.0,0,0.0,0,0.0
猫猫猫粮管够,2,1,wemedia_only,5,2,2023-02,0.0,0.0,0.0,0,0.0,0,0.0,0,0.0,0,0.0,0,0.0,1,1.0,0,0.0,0,0.0,0,0.0
猫猫超能吃,2,1,no_media,0,2,2023-04,1.0,0.0,0.0,0,0.0,0,0.0,0,0.0,0,0.0,0,0.0,0,0.0,1,1.0,0,0.0,0,0.0
猫饼继电器,2,1,no_media,0,2,2024-01,0.0,0.0,1.0,0,0.0,0,0.0,0,0.0,0,0.0,1,1.0,0,0.0,0,0.0,0,0.0,0,0.0
猴叽叽叽,2,1,no_media,0,2,2023-05,1.0,0.0,0.0,0,0.0,0,0.0,0,0.0,0,0.0,0,0.0,0,0.0,1,1.0,0,0.0,0,0.0
猴大宝,19,18,no_media,0,17,2023-02,0.0,0.0,1.0,0,0.0,0,0.0,0,0.0,0,0.0,18,1.0,0,0.0,0,0.0,0,0.0,0,0.0
猴子瘦身记,2,1,no_media,0,2,2024-04,0.0,1.0,0.0,0,0.0,1,1.0,0,0.0,0,0.0,0,0.0,0,0.0,0,0.0,0,0.0,0,0.0
猹斯拉,5,4,no_media,3,5,2023-04,0.25,0.25,0.25,1,0.25,1,0.25,0,0.0,1,0.25,1,0.25,0,0.0,0,0.0,0,0.0,0,0.0
猹猹猹克,2,1,no_media,1,2,2023-06,0.0,0.0,0.0,0,0.0,0,0.0,0,0.0,0,0.0,0,0.0,0,0.0,0,0.0,0,0.0,1,1.0
玄乙禾,2,1,no_media,0,2,2022-03,0.0,0.0,0.0,0,0.0,0,0.0,0,0.0,0,0.0,0,0.0,1,1.0,0,0.0,0,0.0,0,0.0
玄圃小拙,4,3,no_media,0,4,2023-04,0.0,0.0,1.0,0,0.0,0,0.0,0,0.0,0,0.0,3,1.0,0,0.0,0,0.0,0,0.0,0,0.0
玄子---丹医传人,2,1,no_media,0,2,2023-05,0.0,0.0,1.0,0,0.0,0,0.0,0,0.0,0,0.0,1,1.0,0,0.0,0,0.0,0,0.0,0,0.0
玄易策,2,1,no_media,0,2,2025-03,0.0,1.0,0.0,0,0.0,0,0.0,1,1.0,0,0.0,0,0.0,0,0.0,0,0.0,0,0.0,0,0.0
玄析_,4,3,no_media,3,4,2024-08,0.3333333333333333,0.0,0.6666666666666666,0,0.0,0,0.0,0,0.0,1,0.3333333333333333,2,0.6666666666666666,0,0.0,0,0.0,0,0.0,0,0.0
玄棠棠,2,1,no_media,0,1,2023-12,0.0,1.0,0.0,0,0.0,1,1.0,0,0.0,0,0.0,0,0.0,0,0.0,0,0.0,0,0.0,0,0.0
玄武爱吃肉,2,1,no_media,2,2,2022-12,0.0,0.0,0.0,0,0.0,0,0.0,0,0.0,0,0.0,0,0.0,1,1.0,0,0.0,0,0.0,0,0.0
玄清茉,2,1,no_media,0,2,2023-01,0.0,0.0,0.0,0,0.0,0,0.0,0,0.0,0,0.0,0,0.0,0,0.0,0,0.0,0,0.0,1,1.0
玄玄子,2,1,no_media,0,2,2023-03,1.0,0.0,0.0,0,0.0,0,0.0,0,0.0,1,1.0,0,0.0,0,0.0,0,0.0,0,0.0,0,0.0
玄门医宗,3,2,no_media,0,3,2023-03,0.0,0.0,1.0,0,0.0,0,0.0,0,0.0,0,0.0,2,1.0,0,0.0,0,0.0,0,0.0,0,0.0
玉昆子,4,3,no_media,0,4,2023-02,0.3333333333333333,0.3333333333333333,0.3333333333333333,0,0.0,1,0.3333333333333333,0,0.0,1,0.3333333333333333,1,0.3333333333333333,0,0.0,0,0.0,0,0.0,0,0.0
玉溪善者,10,9,no_media,0,10,2023-02,0.1111111111111111,0.0,0.8888888888888888,0,0.0,0,0.0,0,0.0,1,0.1111111111111111,8,0.8888888888888888,0,0.0,0,0.0,0,0.0,0,0.0
玉溪网,4,3,no_media,0,4,2023-02,0.0,0.0,1.0,0,0.0,0,0.0,0,0.0,0,0.0,3,1.0,0,0.0,0,0.0,0,0.0,0,0.0
玉禾抗癌日记,2,1,no_media,0,2,2024-02,0.0,0.0,0.0,0,0.0,0,0.0,0,0.0,0,0.0,0,0.0,1,1.0,0,0.0,0,0.0,0,0.0
玉门市融媒体中心,8,7,no_media,0,5,2022-12,0.0,0.0,1.0,0,0.0,0,0.0,0,0.0,0,0.0,7,1.0,0,0.0,0,0.0,0,0.0,0,0.0
玉麒麟宋灏,2,1,no_media,1,2,2025-01,0.0,0.0,1.0,0,0.0,0,0.0,0,0.0,0,0.0,1,1.0,0,0.0,0,0.0,0,0.0,0,0.0
王-笑-寒,2,1,no_media,2,2,2023-02,0.0,0.0,1.0,0,0.0,0,0.0,0,0.0,0,0.0,1,1.0,0,0.0,0,0.0,0,0.0,0,0.0
王一博著名圈外女友,2,1,no_media,0,2,2025-05,0.0,0.0,1.0,0,0.0,0,0.0,0,0.0,0,0.0,1,1.0,0,0.0,0,0.0,0,0.0,0,0.0
王丹华医生,4,3,no_media,0,4,2023-02,0.0,0.0,1.0,0,0.0,0,0.0,0,0.0,0,0.0,3,1.0,0,0.0,0,0.0,0,0.0,0,0.0
王二媛,2,1,no_media,0,2,2023-08,0.0,0.0,0.0,0,0.0,0,0.0,0,0.0,0,0.0,0,0.0,0,0.0,0,0.0,0,0.0,1,1.0
王克勤,2,1,no_media,0,2,2023-03,0.0,0.0,1.0,0,0.0,0,0.0,0,0.0,0,0.0,1,1.0,0,0.0,0,0.0,0,0.0,0,0.0
王公子的三分地,30,29,no_media,0,29,2023-02,0.06896551724137931,0.06896551724137931,0.0,0,0.0,1,0.034482758620689655,1,0.034482758620689655,0,0.0,0,0.0,4,0.13793103448275862,2,0.06896551724137931,3,0.10344827586206896,18,0.6206896551724138
王凌主任聊妇产,4,3,no_media,0,3,2025-01,0.0,0.0,1.0,0,0.0,0,0.0,0,0.0,0,0.0,3,1.0,0,0.0,0,0.0,0,0.0,0,0.0
王凯莉国际教育KWIE,7,6,no_media,0,7,2023-02,0.16666666666666666,0.16666666666666666,0.5,0,0.0,1,0.16666666666666666,0,0.0,0,0.0,3,0.5,1,0.16666666666666666,1,0.16666666666666666,0,0.0,0,0.0
王姐聊财经,2,1,no_media,0,2,2025-02,0.0,0.0,1.0,0,0.0,0,0.0,0,0.0,0,0.0,1,1.0,0,0.0,0,0.0,0,0.0,0,0.0
王孟源dudu,6,5,no_media,0,5,2021-08,0.0,0.0,1.0,0,0.0,0,0.0,0,0.0,0,0.0,5,1.0,0,0.0,0,0.0,0,0.0,0,0.0
王安珍666,3,2,no_media,0,3,2025-05,0.0,0.0,1.0,0,0.0,0,0.0,0,0.0,0,0.0,2,1.0,0,0.0,0,0.0,0,0.0,0,0.0
王宗如1515,2,1,no_media,5,2,2025-03,0.0,0.0,1.0,0,0.0,0,0.0,0,0.0,0,0.0,1,1.0,0,0.0,0,0.0,0,0.0,0,0.0
王宗石,2,1,no_media,0,2,2023-08,0.0,0.0,1.0,0,0.0,0,0.0,0,0.0,0,0.0,1,1.0,0,0.0,0,0.0,0,0.0,0,0.0
王室历史与珠宝,2,1,no_media,0,2,2024-03,0.0,0.0,1.0,0,0.0,0,0.0,0,0.0,0,0.0,1,1.0,0,0.0,0,0.0,0,0.0,0,0.0
王室网,2,1,no_media,0,2,2024-03,0.0,0.0,1.0,0,0.0,0,0.0,0,0.0,0,0.0,1,1.0,0,0.0,0,0.0,0,0.0,0,0.0
王家三千斤,2,1,no_media,6,2,2023-02,0.0,1.0,0.0,0,0.0,1,1.0,0,0.0,0,0.0,0,0.0,0,0.0,0,0.0,0,0.0,0,0.0
王富棍,2,1,no_media,2,2,2022-04,0.0,0.0,1.0,0,0.0,0,0.0,0,0.0,0,0.0,1,1.0,0,0.0,0,0.0,0,0.0,0,0.0
王小亚,9,8,no_media,6,8,2023-04,0.125,0.125,0.25,0,0.0,1,0.125,0,0.0,0,0.0,2,0.25,2,0.25,1,0.125,1,0.125,1,0.125
王小峰_带三个表,4,3,no_media,0,3,2024-09,0.3333333333333333,0.3333333333333333,0.0,0,0.0,1,0.3333333333333333,0,0.0,1,0.3333333333333333,0,0.0,0,0.0,0,0.0,1,0.3333333333333333,0,0.0
王小律的法与情,3,2,no_media,0,3,2023-05,0.5,0.0,0.0,0,0.0,0,0.0,0,0.0,0,0.0,0,0.0,0,0.0,1,0.5,0,0.0,1,0.5
王小石江湖历险记,2,1,no_media,0,2,2023-09,0.0,1.0,0.0,0,0.0,1,1.0,0,0.0,0,0.0,0,0.0,0,0.0,0,0.0,0,0.0,0,0.0
王小花108,3,2,no_media,0,3,2023-08,0.0,0.0,0.0,0,0.0,0,0.0,0,0.0,0,0.0,0,0.0,1,0.5,0,0.0,1,0.5,0,0.0
王小馍,2,1,no_media,0,2,2023-05,0.0,0.0,0.0,0,0.0,0,0.0,0,0.0,0,0.0,0,0.0,0,0.0,0,0.0,1,1.0,0,0.0
王建军童鞋,2,1,no_media,0,2,2023-05,0.0,0.0,1.0,0,0.0,0,0.0,0,0.0,0,0.0,1,1.0,0,0.0,0,0.0,0,0.0,0,0.0
王彦权13663870165,2,1,no_media,0,2,2023-05,0.0,0.0,1.0,0,0.0,0,0.0,0,0.0,0,0.0,1,1.0,0,0.0,0,0.0,0,0.0,0,0.0
王成之NJ,3,2,no_media,0,3,2023-03,0.0,0.0,1.0,0,0.0,0,0.0,0,0.0,0,0.0,2,1.0,0,0.0,0,0.0,0,0.0,0,0.0
王成康Kingod,2,1,no_media,8,2,2024-08,0.0,0.0,0.0,1,1.0,0,0.0,0,0.0,0,0.0,0,0.0,0,0.0,0,0.0,0,0.0,0,0.0
王敬刮痧,8,7,no_media,6,8,2023-01,0.0,0.0,1.0,0,0.0,0,0.0,0,0.0,0,0.0,7,1.0,0,0.0,0,0.0,0,0.0,0,0.0
王文胜水哥,2,1,no_media,0,2,2025-05,0.0,0.0,1.0,0,0.0,0,0.0,0,0.0,0,0.0,1,1.0,0,0.0,0,0.0,0,0.0,0,0.0
王旭明,2,1,no_media,0,2,2023-05,0.0,0.0,1.0,0,0.0,0,0.0,0,0.0,0,0.0,1,1.0,0,0.0,0,0.0,0,0.0,0,0.0
王易,2,1,no_media,3,2,2023-06,0.0,0.0,1.0,0,0.0,0,0.0,0,0.0,0,0.0,1,1.0,0,0.0,0,0.0,0,0.0,0,0.0
王春亮抓龙筋培训与传承,2,1,no_media,0,2,2025-05,1.0,0.0,0.0,0,0.0,0,0.0,0,0.0,1,1.0,0,0.0,0,0.0,0,0.0,0,0.0,0,0.0
王晓伟琳,3,2,no_media,7,3,2023-06,0.0,0.0,0.0,0,0.0,0,0.0,0,0.0,0,0.0,0,0.0,1,0.5,0,0.0,1,0.5,0,0.0
王欠男,3,2,no_media,0,3,2023-04,0.5,0.0,0.0,1,0.5,0,0.0,0,0.0,1,0.5,0,0.0,0,0.0,0,0.0,0,0.0,0,0.0
王氏海鲜大排档,2,1,no_media,1,2,2023-02,0.0,0.0,0.0,1,1.0,0,0.0,0,0.0,0,0.0,0,0.0,0,0.0,0,0.0,0,0.0,0,0.0
王浣熊的生活日记,6,5,no_media,1,6,2023-04,0.0,0.0,1.0,0,0.0,0,0.0,0,0.0,0,0.0,5,1.0,0,0.0,0,0.0,0,0.0,0,0.0
王王今天开心了嘛,3,2,no_media,0,3,2023-02,0.0,0.5,0.0,0,0.0,0,0.0,1,0.5,0,0.0,0,0.0,0,0.0,0,0.0,0,0.0,1,0.5
王继勇胸外科医生,5,4,no_media,0,5,2023-03,0.0,0.0,1.0,0,0.0,0,0.0,0,0.0,0,0.0,4,1.0,0,0.0,0,0.0,0,0.0,0,0.0
王老师周易,3,2,no_media,0,3,2023-07,0.0,0.0,1.0,0,0.0,0,0.0,0,0.0,0,0.0,2,1.0,0,0.0,0,0.0,0,0.0,0,0.0
王虎应,7,6,no_media,0,7,2024-08,0.0,0.0,1.0,0,0.0,0,0.0,0,0.0,0,0.0,6,1.0,0,0.0,0,0.0,0,0.0,0,0.0
王虎的舰桥,2,1,no_media,0,2,2023-08,0.0,1.0,0.0,0,0.0,1,1.0,0,0.0,0,0.0,0,0.0,0,0.0,0,0.0,0,0.0,0,0.0
王裕庆_台湾省,2,1,no_media,0,1,2025-05,0.0,0.0,1.0,0,0.0,0,0.0,0,0.0,0,0.0,1,1.0,0,0.0,0,0.0,0,0.0,0,0.0
王言之小築,2,1,no_media,0,2,2023-05,0.0,0.0,0.0,0,0.0,0,0.0,0,0.0,0,0.0,0,0.0,0,0.0,0,0.0,1,1.0,0,0.0
王言嘉-,5,4,wemedia_only,5,5,2022-12,0.0,0.0,1.0,0,0.0,0,0.0,0,0.0,0,0.0,4,1.0,0,0.0,0,0.0,0,0.0,0,0.0
王赟,4,3,no_media,0,4,2023-11,0.0,0.0,1.0,0,0.0,0,0.0,0,0.0,0,0.0,3,1.0,0,0.0,0,0.0,0,0.0,0,0.0
王进学医生,3,2,no_media,0,3,2023-03,0.0,0.0,1.0,0,0.0,0,0.0,0,0.0,0,0.0,2,1.0,0,0.0,0,0.0,0,0.0,0,0.0
王阊,4,3,no_media,0,4,2024-06,0.3333333333333333,0.3333333333333333,0.3333333333333333,0,0.0,1,0.3333333333333333,0,0.0,1,0.3333333333333333,1,0.3333333333333333,0,0.0,0,0.0,0,0.0,0,0.0
玖玖酒窝er,4,3,no_media,0,4,2023-02,0.0,0.0,1.0,0,0.0,0,0.0,0,0.0,0,0.0,3,1.0,0,0.0,0,0.0,0,0.0,0,0.0
玛丽就是Mary,2,1,no_media,0,2,2024-03,0.0,0.0,0.0,0,0.0,0,0.0,0,0.0,0,0.0,0,0.0,0,0.0,0,0.0,1,1.0,0,0.0
玥妈小店分享好物,2,1,no_media,0,2,2023-07,0.0,0.0,1.0,0,0.0,0,0.0,0,0.0,0,0.0,1,1.0,0,0.0,0,0.0,0,0.0,0,0.0
玥玥有好股V,2,1,no_media,0,2,2023-02,0.0,0.0,1.0,0,0.0,0,0.0,0,0.0,0,0.0,1,1.0,0,0.0,0,0.0,0,0.0,0,0.0
玩加电竞,2,1,no_media,0,2,2023-07,0.0,0.0,1.0,0,0.0,0,0.0,0,0.0,0,0.0,1,1.0,0,0.0,0,0.0,0,0.0,0,0.0
玩喽玩,2,1,no_media,0,2,2023-11,0.0,1.0,0.0,0,0.0,0,0.0,1,1.0,0,0.0,0,0.0,0,0.0,0,0.0,0,0.0,0,0.0
环京津新闻网,13,12,no_media,0,11,2023-02,0.0,0.0,1.0,0,0.0,0,0.0,0,0.0,0,0.0,12,1.0,0,0.0,0,0.0,0,0.0,0,0.0
环保袋袋头,2,1,no_media,0,2,2023-10,1.0,0.0,0.0,0,0.0,0,0.0,0,0.0,0,0.0,0,0.0,0,0.0,1,1.0,0,0.0,0,0.0
环县融媒,4,3,no_media,0,4,2023-02,0.0,0.0,1.0,0,0.0,0,0.0,0,0.0,0,0.0,3,1.0,0,0.0,0,0.0,0,0.0,0,0.0
环球人物,4,3,no_media,0,4,2020-09,0.0,0.0,1.0,0,0.0,0,0.0,0,0.0,0,0.0,3,1.0,0,0.0,0,0.0,0,0.0,0,0.0
环球新视界,21,20,no_media,0,20,2023-02,0.0,0.0,0.9,0,0.0,0,0.0,0,0.0,0,0.0,18,0.9,1,0.05,0,0.0,1,0.05,0,0.0
环球时报,51,50,no_media,0,49,2020-08,0.0,0.0,1.0,0,0.0,0,0.0,0,0.0,0,0.0,50,1.0,0,0.0,0,0.0,0,0.0,0,0.0
环球时报文娱,2,1,no_media,0,1,2023-10,0.0,0.0,1.0,0,0.0,0,0.0,0,0.0,0,0.0,1,1.0,0,0.0,0,0.0,0,0.0,0,0.0
环球时报环球旅游,9,8,no_media,0,9,2020-05,0.0,0.0,1.0,0,0.0,0,0.0,0,0.0,0,0.0,8,1.0,0,0.0,0,0.0,0,0.0,0,0.0
环球潮流生活,2,1,no_media,0,1,2020-03,0.0,0.0,1.0,0,0.0,0,0.0,0,0.0,0,0.0,1,1.0,0,0.0,0,0.0,0,0.0,0,0.0
环球科学杂志社,2,1,no_media,0,2,2023-08,0.0,0.0,1.0,0,0.0,0,0.0,0,0.0,0,0.0,1,1.0,0,0.0,0,0.0,0,0.0,0,0.0
环球网-环球公益,2,1,no_media,0,2,2023-10,0.0,0.0,1.0,0,0.0,0,0.0,0,0.0,0,0.0,1,1.0,0,0.0,0,0.0,0,0.0,0,0.0
环球网健康,2,1,no_media,0,2,2020-03,0.0,0.0,1.0,0,0.0,0,0.0,0,0.0,0,0.0,1,1.0,0,0.0,0,0.0,0,0.0,0,0.0
环球趣多多,3,2,no_media,0,3,2023-02,0.0,0.0,1.0,0,0.0,0,0.0,0,0.0,0,0.0,2,1.0,0,0.0,0,0.0,0,0.0,0,0.0
环翠发布,2,1,no_media,0,2,2022-10,0.0,0.0,1.0,0,0.0,0,0.0,0,0.0,0,0.0,1,1.0,0,0.0,0,0.0,0,0.0,0,0.0
环视频,5,4,no_media,0,5,2020-12,0.0,0.0,1.0,0,0.0,0,0.0,0,0.0,0,0.0,4,1.0,0,0.0,0,0.0,0,0.0,0,0.0
现代快报,24,23,no_media,0,22,2020-10,0.0,0.0,1.0,0,0.0,0,0.0,0,0.0,0,0.0,23,1.0,0,0.0,0,0.0,0,0.0,0,0.0
现代诗人牛彪,5,4,no_media,0,5,2024-04,0.0,0.0,0.75,0,0.0,0,0.0,0,0.0,0,0.0,3,0.75,0,0.0,0,0.0,1,0.25,0,0.0
现在喜欢禾野来得及吗,2,1,no_media,0,2,2023-04,0.0,0.0,0.0,0,0.0,0,0.0,0,0.0,0,0.0,0,0.0,1,1.0,0,0.0,0,0.0,0,0.0
玲儿叮铛烧仙草,2,1,no_media,1,2,2024-08,0.0,0.0,1.0,0,0.0,0,0.0,0,0.0,0,0.0,1,1.0,0,0.0,0,0.0,0,0.0,0,0.0
玲子123内蒙,3,2,no_media,0,3,2023-03,0.0,0.0,1.0,0,0.0,0,0.0,0,0.0,0,0.0,2,1.0,0,0.0,0,0.0,0,0.0,0,0.0
玲玲爱养生,2,1,no_media,0,2,2024-04,0.0,0.0,1.0,0,0.0,0,0.0,0,0.0,0,0.0,1,1.0,0,0.0,0,0.0,0,0.0,0,0.0
珀溪_,2,1,wemedia_only,2,2,2023-02,0.0,0.0,0.0,0,0.0,0,0.0,0,0.0,0,0.0,0,0.0,0,0.0,0,0.0,1,1.0,0,0.0
珊san世界,2,1,no_media,0,2,2024-01,1.0,0.0,0.0,0,0.0,0,0.0,0,0.0,0,0.0,0,0.0,0,0.0,1,1.0,0,0.0,0,0.0
珊珊-幸运小猪猪,2,1,no_media,0,2,2023-04,0.0,0.0,0.0,0,0.0,0,0.0,0,0.0,0,0.0,0,0.0,0,0.0,0,0.0,1,1.0,0,0.0
珍宝岛药业,8,7,no_media,0,8,2023-03,0.0,0.0,1.0,0,0.0,0,0.0,0,0.0,0,0.0,7,1.0,0,0.0,0,0.0,0,0.0,0,0.0
珍惜当今,2,1,no_media,3,2,2024-01,0.0,0.0,0.0,0,0.0,0,0.0,0,0.0,0,0.0,0,0.0,0,0.0,0,0.0,1,1.0,0,0.0
珍珠滩1,5,4,wemedia_only,6,5,2023-02,0.0,0.0,1.0,0,0.0,0,0.0,0,0.0,0,0.0,4,1.0,0,0.0,0,0.0,0,0.0,0,0.0
珍石部落,2,1,no_media,0,2,2024-05,0.0,0.0,0.0,1,1.0,0,0.0,0,0.0,0,0.0,0,0.0,0,0.0,0,0.0,0,0.0,0,0.0
珙县发布,2,1,no_media,0,2,2023-03,0.0,0.0,1.0,0,0.0,0,0.0,0,0.0,0,0.0,1,1.0,0,0.0,0,0.0,0,0.0,0,0.0
珠峰峥嵘,2,1,no_media,0,2,2023-05,0.0,0.0,1.0,0,0.0,0,0.0,0,0.0,0,0.0,1,1.0,0,0.0,0,0.0,0,0.0,0,0.0
珠江新闻,7,6,no_media,0,7,2020-03,0.0,0.0,1.0,0,0.0,0,0.0,0,0.0,0,0.0,6,1.0,0,0.0,0,0.0,0,0.0,0,0.0
珠江频道,2,1,no_media,0,2,2025-05,0.0,0.0,1.0,0,0.0,0,0.0,0,0.0,0,0.0,1,1.0,0,0.0,0,0.0,0,0.0,0,0.0
珺雅口腔,4,3,no_media,0,3,2022-12,0.0,0.0,1.0,0,0.0,0,0.0,0,0.0,0,0.0,3,1.0,0,0.0,0,0.0,0,0.0,0,0.0
球场见626,2,1,no_media,0,2,2020-03,0.0,0.0,0.0,0,0.0,0,0.0,0,0.0,0,0.0,0,0.0,1,1.0,0,0.0,0,0.0,0,0.0
球球要午睡,2,1,no_media,0,2,2022-03,0.0,0.0,0.0,0,0.0,0,0.0,0,0.0,0,0.0,0,0.0,1,1.0,0,0.0,0,0.0,0,0.0
理中ker不贬义,2,1,no_media,0,1,2022-12,0.0,0.0,1.0,0,0.0,0,0.0,0,0.0,0,0.0,1,1.0,0,0.0,0,0.0,0,0.0,0,0.0
理想型J哥哥澈旭脆骨的杏,2,1,no_media,0,2,2024-01,0.0,0.0,0.0,0,0.0,0,0.0,0,0.0,0,0.0,0,0.0,0,0.0,0,0.0,0,0.0,1,1.0
琉璃厂人,2,1,no_media,0,2,2023-03,0.0,0.0,0.0,0,0.0,0,0.0,0,0.0,0,0.0,0,0.0,0,0.0,0,0.0,1,1.0,0,0.0
琉璃瓶的记忆-,2,1,wemedia_only,4,1,2022-03,0.0,0.0,0.0,0,0.0,0,0.0,0,0.0,0,0.0,0,0.0,0,0.0,0,0.0,0,0.0,1,1.0
琉雾柒,3,2,no_media,4,3,2023-05,0.0,0.0,1.0,0,0.0,0,0.0,0,0.0,0,0.0,2,1.0,0,0.0,0,0.0,0,0.0,0,0.0
琥珀柏林,40,39,dual,31,33,2023-03,0.23076923076923078,0.20512820512820512,0.46153846153846156,4,0.10256410256410256,8,0.20512820512820512,0,0.0,9,0.23076923076923078,18,0.46153846153846156,0,0.0,0,0.0,0,0.0,0,0.0
琦玉红蝎子队队长短指甲的龙子,2,1,no_media,0,2,2023-02,0.0,0.0,0.0,0,0.0,0,0.0,0,0.0,0,0.0,0,0.0,0,0.0,0,0.0,1,1.0,0,0.0
琪乐说育儿,7,6,no_media,0,7,2023-02,0.0,0.0,0.6666666666666666,0,0.0,0,0.0,0,0.0,0,0.0,4,0.6666666666666666,1,0.16666666666666666,0,0.0,1,0.16666666666666666,0,0.0
琪琪aqua,2,1,no_media,0,2,2024-04,0.0,0.0,0.0,0,0.0,0,0.0,0,0.0,0,0.0,0,0.0,0,0.0,0,0.0,1,1.0,0,0.0
琪琪爱微笑,3,2,no_media,0,3,2023-04,0.0,0.0,0.0,2,1.0,0,0.0,0,0.0,0,0.0,0,0.0,0,0.0,0,0.0,0,0.0,0,0.0
琴哥小惑,2,1,no_media,2,1,2023-10,0.0,0.0,0.0,1,1.0,0,0.0,0,0.0,0,0.0,0,0.0,0,0.0,0,0.0,0,0.0,0,0.0
琵琶村的琵琶女,2,1,no_media,1,2,2023-05,0.0,0.0,0.0,0,0.0,0,0.0,0,0.0,0,0.0,0,0.0,0,0.0,0,0.0,1,1.0,0,0.0
琶洲西小哥,2,1,no_media,0,2,2023-12,0.0,0.0,1.0,0,0.0,0,0.0,0,0.0,0,0.0,1,1.0,0,0.0,0,0.0,0,0.0,0,0.0
瑞乡的故事,2,1,no_media,0,2,2023-05,0.0,0.0,0.0,0,0.0,0,0.0,0,0.0,0,0.0,0,0.0,0,0.0,0,0.0,1,1.0,0,0.0
瑞安发布,3,2,no_media,0,3,2023-03,0.0,0.0,1.0,0,0.0,0,0.0,0,0.0,0,0.0,2,1.0,0,0.0,0,0.0,0,0.0,0,0.0
瑞安融媒,2,1,no_media,0,2,2025-05,0.0,0.0,0.0,0,0.0,0,0.0,0,0.0,0,0.0,0,0.0,1,1.0,0,0.0,0,0.0,0,0.0
瑞峰财经,5,4,no_media,0,5,2023-05,0.0,0.0,1.0,0,0.0,0,0.0,0,0.0,0,0.0,4,1.0,0,0.0,0,0.0,0,0.0,0,0.0
瑞文·莱特,3,2,no_media,0,3,2023-05,0.0,0.0,0.0,0,0.0,0,0.0,0,0.0,0,0.0,0,0.0,1,0.5,0,0.0,1,0.5,0,0.0
瑞萱盈,3,2,no_media,0,3,2025-04,0.0,0.0,1.0,0,0.0,0,0.0,0,0.0,0,0.0,2,1.0,0,0.0,0,0.0,0,0.0,0,0.0
瑞雪兆丰年ffff,2,1,no_media,0,2,2023-05,0.0,0.0,0.0,1,1.0,0,0.0,0,0.0,0,0.0,0,0.0,0,0.0,0,0.0,0,0.0,0,0.0
瑟颜瑟语,5,4,wemedia_only,5,4,2023-02,0.25,0.25,0.5,0,0.0,1,0.25,0,0.0,1,0.25,2,0.5,0,0.0,0,0.0,0,0.0,0,0.0
瑶碧丹华,4,3,wemedia_only,1,4,2023-04,0.3333333333333333,0.0,0.6666666666666666,0,0.0,0,0.0,0,0.0,1,0.3333333333333333,2,0.6666666666666666,0,0.0,0,0.0,0,0.0,0,0.0
瑶雨轩,2,1,no_media,0,2,2023-08,1.0,0.0,0.0,0,0.0,0,0.0,0,0.0,0,0.0,0,0.0,0,0.0,1,1.0,0,0.0,0,0.0
璎珞牡丹,3,2,wemedia_only,1,3,2023-02,0.5,0.5,0.0,0,0.0,1,0.5,0,0.0,1,0.5,0,0.0,0,0.0,0,0.0,0,0.0,0,0.0
璐璐给妈妈的信,2,1,no_media,0,2,2023-02,0.0,0.0,0.0,0,0.0,0,0.0,0,0.0,0,0.0,0,0.0,0,0.0,0,0.0,0,0.0,1,1.0
璞玉无痕,4,3,no_media,0,4,2023-04,0.3333333333333333,0.6666666666666666,0.0,0,0.0,1,0.3333333333333333,1,0.3333333333333333,1,0.3333333333333333,0,0.0,0,0.0,0,0.0,0,0.0,0,0.0
甘肃共青团,8,7,no_media,0,7,2021-04,0.0,0.0,1.0,0,0.0,0,0.0,0,0.0,0,0.0,7,1.0,0,0.0,0,0.0,0,0.0,0,0.0
甘肃卫生12320,3,2,no_media,0,3,2024-08,0.0,0.0,1.0,0,0.0,0,0.0,0,0.0,0,0.0,2,1.0,0,0.0,0,0.0,0,0.0,0,0.0
甘肃日报,8,7,no_media,0,7,2021-10,0.0,0.0,1.0,0,0.0,0,0.0,0,0.0,0,0.0,7,1.0,0,0.0,0,0.0,0,0.0,0,0.0
甘肃网络辟谣举报平台,3,2,no_media,0,3,2023-02,0.0,0.0,1.0,0,0.0,0,0.0,0,0.0,0,0.0,2,1.0,0,0.0,0,0.0,0,0.0,0,0.0
甜丁优孕,5,4,no_media,0,5,2023-05,0.0,0.0,1.0,0,0.0,0,0.0,0,0.0,0,0.0,4,1.0,0,0.0,0,0.0,0,0.0,0,0.0
甜味鹿鹿,4,3,no_media,0,4,2023-06,0.3333333333333333,0.3333333333333333,0.0,1,0.3333333333333333,0,0.0,1,0.3333333333333333,0,0.0,0,0.0,0,0.0,1,0.3333333333333333,0,0.0,0,0.0
甜心娱姐,2,1,no_media,0,1,2023-09,0.0,0.0,1.0,0,0.0,0,0.0,0,0.0,0,0.0,1,1.0,0,0.0,0,0.0,0,0.0,0,0.0
甜汤墨角兰,2,1,no_media,1,2,2023-05,0.0,0.0,0.0,0,0.0,0,0.0,0,0.0,0,0.0,0,0.0,0,0.0,0,0.0,1,1.0,0,0.0
甜猫代言人,2,1,no_media,0,2,2023-03,0.0,0.0,1.0,0,0.0,0,0.0,0,0.0,0,0.0,1,1.0,0,0.0,0,0.0,0,0.0,0,0.0
甜甜圈的洞-,2,1,no_media,6,2,2023-05,0.0,0.0,0.0,0,0.0,0,0.0,0,0.0,0,0.0,0,0.0,0,0.0,0,0.0,1,1.0,0,0.0
甜甜大王万岁万岁万万岁,2,1,no_media,0,2,2023-04,0.0,0.0,0.0,0,0.0,0,0.0,0,0.0,0,0.0,0,0.0,0,0.0,0,0.0,0,0.0,1,1.0
甜蛋超人xi,2,1,no_media,2,2,2023-01,0.0,1.0,0.0,0,0.0,0,0.0,1,1.0,0,0.0,0,0.0,0,0.0,0,0.0,0,0.0,0,0.0
甜趣娱小酱,18,17,no_media,0,14,2023-06,0.0,0.0,1.0,0,0.0,0,0.0,0,0.0,0,0.0,17,1.0,0,0.0,0,0.0,0,0.0,0,0.0
甜鲨和辣螃蟹,2,1,no_media,1,2,2023-06,0.0,0.0,0.0,1,1.0,0,0.0,0,0.0,0,0.0,0,0.0,0,0.0,0,0.0,0,0.0,0,0.0
生于忧患boomboom,2,1,no_media,0,1,2023-01,0.0,0.0,0.0,0,0.0,0,0.0,0,0.0,0,0.0,0,0.0,0,0.0,0,0.0,0,0.0,1,1.0
生产队巡查员,2,1,no_media,0,2,2024-07,0.0,0.0,0.0,0,0.0,0,0.0,0,0.0,0,0.0,0,0.0,0,0.0,0,0.0,1,1.0,0,0.0
生命时报,75,74,no_media,0,65,2020-03,0.0,0.0,1.0,0,0.0,0,0.0,0,0.0,0,0.0,74,1.0,0,0.0,0,0.0,0,0.0,0,0.0
生命泉SMQ,2,1,no_media,0,2,2023-02,0.0,0.0,1.0,0,0.0,0,0.0,0,0.0,0,0.0,1,1.0,0,0.0,0,0.0,0,0.0,0,0.0
生态梦人,3,2,mainstream_only,2,3,2023-02,0.0,0.0,1.0,0,0.0,0,0.0,0,0.0,0,0.0,2,1.0,0,0.0,0,0.0,0,0.0,0,0.0
生殖科老钱,2,1,no_media,0,2,2023-02,1.0,0.0,0.0,0,0.0,0,0.0,0,0.0,0,0.0,0,0.0,0,0.0,1,1.0,0,0.0,0,0.0
生活中的中医,3,2,no_media,0,3,2023-10,0.0,0.0,1.0,0,0.0,0,0.0,0,0.0,0,0.0,2,1.0,0,0.0,0,0.0,0,0.0,0,0.0
生活小观众,3,2,no_media,0,2,2022-03,0.0,0.0,1.0,0,0.0,0,0.0,0,0.0,0,0.0,2,1.0,0,0.0,0,0.0,0,0.0,0,0.0
生活规划整理师-夏夏,2,1,no_media,1,2,2023-02,0.0,1.0,0.0,0,0.0,1,1.0,0,0.0,0,0.0,0,0.0,0,0.0,0,0.0,0,0.0,0,0.0
生煎馒头的滋资知味,2,1,no_media,0,2,2023-05,0.0,0.0,1.0,0,0.0,0,0.0,0,0.0,0,0.0,1,1.0,0,0.0,0,0.0,0,0.0,0,0.0
生物探索,3,2,no_media,0,3,2022-04,0.0,0.0,1.0,0,0.0,0,0.0,0,0.0,0,0.0,2,1.0,0,0.0,0,0.0,0,0.0,0,0.0
生物狗Y博,4,3,wemedia_only,2,4,2022-10,0.0,0.0,1.0,0,0.0,0,0.0,0,0.0,0,0.0,3,1.0,0,0.0,0,0.0,0,0.0,0,0.0
生物谷,5,4,no_media,0,5,2023-09,0.0,0.0,1.0,0,0.0,0,0.0,0,0.0,0,0.0,4,1.0,0,0.0,0,0.0,0,0.0,0,0.0
生物钟盗梦者,2,1,no_media,0,2,2023-03,0.0,0.0,1.0,0,0.0,0,0.0,0,0.0,0,0.0,1,1.0,0,0.0,0,0.0,0,0.0,0,0.0
生田辉情报站,2,1,no_media,0,1,2023-06,0.0,0.0,1.0,0,0.0,0,0.0,0,0.0,0,0.0,1,1.0,0,0.0,0,0.0,0,0.0,0,0.0
生草字幕组,14,13,no_media,18,14,2022-08,0.23076923076923078,0.23076923076923078,0.23076923076923078,2,0.15384615384615385,3,0.23076923076923078,0,0.0,3,0.23076923076923078,3,0.23076923076923078,1,0.07692307692307693,0,0.0,1,0.07692307692307693,0,0.0
生酪拿铁少冰全糖,2,1,no_media,3,2,2023-02,0.0,0.0,0.0,0,0.0,0,0.0,0,0.0,0,0.0,0,0.0,1,1.0,0,0.0,0,0.0,0,0.0
用户1091773117,6,5,no_media,0,6,2023-07,0.2,0.2,0.6,0,0.0,1,0.2,0,0.0,1,0.2,3,0.6,0,0.0,0,0.0,0,0.0,0,0.0
用户1707943980幸福如意,2,1,no_media,1,2,2023-02,1.0,0.0,0.0,0,0.0,0,0.0,0,0.0,1,1.0,0,0.0,0,0.0,0,0.0,0,0.0,0,0.0
用户1796753123,2,1,no_media,0,2,2023-01,0.0,0.0,1.0,0,0.0,0,0.0,0,0.0,0,0.0,1,1.0,0,0.0,0,0.0,0,0.0,0,0.0
用户211985211985,2,1,no_media,0,2,2023-06,0.0,1.0,0.0,0,0.0,0,0.0,1,1.0,0,0.0,0,0.0,0,0.0,0,0.0,0,0.0,0,0.0
用户2163528025,2,1,no_media,0,2,2023-02,0.0,0.0,1.0,0,0.0,0,0.0,0,0.0,0,0.0,1,1.0,0,0.0,0,0.0,0,0.0,0,0.0
用户2361383961,2,1,no_media,0,2,2020-09,0.0,0.0,1.0,0,0.0,0,0.0,0,0.0,0,0.0,1,1.0,0,0.0,0,0.0,0,0.0,0,0.0
用户2548212507,3,2,no_media,2,3,2023-05,0.0,0.0,1.0,0,0.0,0,0.0,0,0.0,0,0.0,2,1.0,0,0.0,0,0.0,0,0.0,0,0.0
用户2733751065,4,3,no_media,53,3,2024-07,0.3333333333333333,0.0,0.0,2,0.6666666666666666,0,0.0,0,0.0,1,0.3333333333333333,0,0.0,0,0.0,0,0.0,0,0.0,0,0.0
用户3010459150,7,6,no_media,2,6,2023-02,0.3333333333333333,0.3333333333333333,0.16666666666666666,1,0.16666666666666666,1,0.16666666666666666,1,0.16666666666666666,1,0.16666666666666666,1,0.16666666666666666,0,0.0,1,0.16666666666666666,0,0.0,0,0.0
用户3201021583,2,1,no_media,0,2,2023-03,0.0,0.0,1.0,0,0.0,0,0.0,0,0.0,0,0.0,1,1.0,0,0.0,0,0.0,0,0.0,0,0.0
用户3206104064,3,2,no_media,0,3,2023-02,0.5,0.5,0.0,0,0.0,1,0.5,0,0.0,1,0.5,0,0.0,0,0.0,0,0.0,0,0.0,0,0.0
用户371216645,4,3,no_media,0,4,2024-01,0.0,0.0,1.0,0,0.0,0,0.0,0,0.0,0,0.0,3,1.0,0,0.0,0,0.0,0,0.0,0,0.0
用户4686458869,2,1,no_media,0,2,2024-02,0.0,0.0,0.0,1,1.0,0,0.0,0,0.0,0,0.0,0,0.0,0,0.0,0,0.0,0,0.0,0,0.0
用户4712827314,3,2,no_media,0,3,2023-02,0.0,0.5,0.0,1,0.5,1,0.5,0,0.0,0,0.0,0,0.0,0,0.0,0,0.0,0,0.0,0,0.0
用户4912606809,2,1,wemedia_only,7,2,2023-04,0.0,0.0,1.0,0,0.0,0,0.0,0,0.0,0,0.0,1,1.0,0,0.0,0,0.0,0,0.0,0,0.0
用户5080869403,2,1,wemedia_only,1,2,2023-04,0.0,0.0,1.0,0,0.0,0,0.0,0,0.0,0,0.0,1,1.0,0,0.0,0,0.0,0,0.0,0,0.0
用户5158106713,3,2,no_media,0,2,2020-11,0.0,0.0,1.0,0,0.0,0,0.0,0,0.0,0,0.0,2,1.0,0,0.0,0,0.0,0,0.0,0,0.0
用户5160002505,3,2,no_media,0,2,2023-02,0.5,0.0,0.5,0,0.0,0,0.0,0,0.0,1,0.5,1,0.5,0,0.0,0,0.0,0,0.0,0,0.0
用户5371581768,12,11,wemedia_only,13,10,2023-02,0.0,0.0,1.0,0,0.0,0,0.0,0,0.0,0,0.0,11,1.0,0,0.0,0,0.0,0,0.0,0,0.0
用户5397680752,8,7,no_media,0,8,2023-02,0.0,0.0,1.0,0,0.0,0,0.0,0,0.0,0,0.0,7,1.0,0,0.0,0,0.0,0,0.0,0,0.0
用户5431561957,2,1,no_media,0,2,2023-07,1.0,0.0,0.0,0,0.0,0,0.0,0,0.0,0,0.0,0,0.0,0,0.0,1,1.0,0,0.0,0,0.0
用户5494427807,5,4,wemedia_only,8,4,2023-04,0.5,0.5,0.0,0,0.0,2,0.5,0,0.0,2,0.5,0,0.0,0,0.0,0,0.0,0,0.0,0,0.0
用户5504759502,3,2,no_media,0,2,2024-08,0.5,0.0,0.0,1,0.5,0,0.0,0,0.0,1,0.5,0,0.0,0,0.0,0,0.0,0,0.0,0,0.0
用户5655084485,2,1,mainstream_only,3,2,2023-06,0.0,1.0,0.0,0,0.0,1,1.0,0,0.0,0,0.0,0,0.0,0,0.0,0,0.0,0,0.0,0,0.0
用户5889073289波波,8,7,no_media,16,6,2023-01,0.2857142857142857,0.2857142857142857,0.0,2,0.2857142857142857,0,0.0,2,0.2857142857142857,0,0.0,0,0.0,0,0.0,2,0.2857142857142857,1,0.14285714285714285,0,0.0
用户5938021283,2,1,no_media,0,2,2023-02,0.0,0.0,1.0,0,0.0,0,0.0,0,0.0,0,0.0,1,1.0,0,0.0,0,0.0,0,0.0,0,0.0
用户6016697856,13,12,mainstream_only,11,10,2023-09,0.16666666666666666,0.16666666666666666,0.6666666666666666,0,0.0,2,0.16666666666666666,0,0.0,2,0.16666666666666666,8,0.6666666666666666,0,0.0,0,0.0,0,0.0,0,0.0
用户6048720324,7,6,no_media,0,5,2023-10,0.3333333333333333,0.16666666666666666,0.0,0,0.0,1,0.16666666666666666,0,0.0,0,0.0,0,0.0,1,0.16666666666666666,2,0.3333333333333333,0,0.0,2,0.3333333333333333
用户6049374728,3,2,no_media,0,3,2023-08,0.0,0.0,1.0,0,0.0,0,0.0,0,0.0,0,0.0,2,1.0,0,0.0,0,0.0,0,0.0,0,0.0
用户6096251526,2,1,no_media,0,2,2023-06,0.0,0.0,0.0,1,1.0,0,0.0,0,0.0,0,0.0,0,0.0,0,0.0,0,0.0,0,0.0,0,0.0
用户6177357494,2,1,no_media,0,2,2020-03,0.0,0.0,0.0,1,1.0,0,0.0,0,0.0,0,0.0,0,0.0,0,0.0,0,0.0,0,0.0,0,0.0
用户6306416909,3,2,wemedia_only,7,3,2023-03,0.5,0.5,0.0,0,0.0,1,0.5,0,0.0,1,0.5,0,0.0,0,0.0,0,0.0,0,0.0,0,0.0
用户6469127525,4,3,wemedia_only,4,4,2024-03,0.3333333333333333,0.6666666666666666,0.0,0,0.0,2,0.6666666666666666,0,0.0,1,0.3333333333333333,0,0.0,0,0.0,0,0.0,0,0.0,0,0.0
用户6510550296,3,2,wemedia_only,7,3,2023-10,0.5,0.5,0.0,0,0.0,1,0.5,0,0.0,1,0.5,0,0.0,0,0.0,0,0.0,0,0.0,0,0.0
用户6523665229,2,1,no_media,0,2,2023-02,0.0,1.0,0.0,0,0.0,1,1.0,0,0.0,0,0.0,0,0.0,0,0.0,0,0.0,0,0.0,0,0.0
用户6591200250,7,6,no_media,0,1,2020-11,0.0,0.0,1.0,0,0.0,0,0.0,0,0.0,0,0.0,6,1.0,0,0.0,0,0.0,0,0.0,0,0.0
用户6860704310,2,1,no_media,4,2,2023-03,0.0,0.0,1.0,0,0.0,0,0.0,0,0.0,0,0.0,1,1.0,0,0.0,0,0.0,0,0.0,0,0.0
用户6885555981,2,1,no_media,2,2,2023-09,0.0,0.0,0.0,0,0.0,0,0.0,0,0.0,0,0.0,0,0.0,0,0.0,0,0.0,1,1.0,0,0.0
用户7072992641,4,3,no_media,0,4,2024-06,0.0,0.0,1.0,0,0.0,0,0.0,0,0.0,0,0.0,3,1.0,0,0.0,0,0.0,0,0.0,0,0.0
用户7312363303,2,1,no_media,0,2,2023-07,0.0,0.0,0.0,0,0.0,0,0.0,0,0.0,0,0.0,0,0.0,1,1.0,0,0.0,0,0.0,0,0.0
用户7315040476,2,1,no_media,0,2,2023-02,0.0,0.0,1.0,0,0.0,0,0.0,0,0.0,0,0.0,1,1.0,0,0.0,0,0.0,0,0.0,0,0.0
用户7339054377,2,1,no_media,0,2,2023-06,0.0,0.0,0.0,0,0.0,0,0.0,0,0.0,0,0.0,0,0.0,0,0.0,0,0.0,0,0.0,1,1.0
用户7367012954,2,1,no_media,0,2,2023-05,0.0,0.0,1.0,0,0.0,0,0.0,0,0.0,0,0.0,1,1.0,0,0.0,0,0.0,0,0.0,0,0.0
用户7372894235,2,1,no_media,0,2,2023-05,0.0,0.0,0.0,0,0.0,0,0.0,0,0.0,0,0.0,0,0.0,1,1.0,0,0.0,0,0.0,0,0.0
用户7392690691,5,4,no_media,0,5,2023-03,0.25,0.25,0.5,0,0.0,1,0.25,0,0.0,1,0.25,2,0.5,0,0.0,0,0.0,0,0.0,0,0.0
用户7487702549,2,1,no_media,0,2,2023-02,0.0,0.0,1.0,0,0.0,0,0.0,0,0.0,0,0.0,1,1.0,0,0.0,0,0.0,0,0.0,0,0.0
用户7593173089,5,4,no_media,0,1,2023-02,0.0,0.0,0.0,0,0.0,0,0.0,0,0.0,0,0.0,0,0.0,0,0.0,0,0.0,0,0.0,4,1.0
用户7612030497,11,10,dual,11,7,2023-04,0.2,0.1,0.4,3,0.3,1,0.1,0,0.0,2,0.2,4,0.4,0,0.0,0,0.0,0,0.0,0,0.0
用户7639880182,33,32,no_media,0,29,2023-10,0.03125,0.0625,0.0625,26,0.8125,2,0.0625,0,0.0,0,0.0,2,0.0625,1,0.03125,1,0.03125,0,0.0,0,0.0
用户7658421803,3,2,no_media,0,1,2023-02,0.0,0.0,1.0,0,0.0,0,0.0,0,0.0,0,0.0,2,1.0,0,0.0,0,0.0,0,0.0,0,0.0
用户7721230748,2,1,wemedia_only,2,2,2023-07,0.0,0.0,1.0,0,0.0,0,0.0,0,0.0,0,0.0,1,1.0,0,0.0,0,0.0,0,0.0,0,0.0
用户7726407220,2,1,no_media,0,2,2023-08,0.0,0.0,0.0,0,0.0,0,0.0,0,0.0,0,0.0,0,0.0,0,0.0,0,0.0,1,1.0,0,0.0
用户7727382583仙人球开花啦,2,1,no_media,0,2,2023-02,0.0,0.0,0.0,0,0.0,0,0.0,0,0.0,0,0.0,0,0.0,1,1.0,0,0.0,0,0.0,0,0.0
用户7742252324,4,3,no_media,0,4,2023-02,0.0,0.0,1.0,0,0.0,0,0.0,0,0.0,0,0.0,3,1.0,0,0.0,0,0.0,0,0.0,0,0.0
用户7746310790,3,2,no_media,0,1,2025-04,0.0,0.0,1.0,0,0.0,0,0.0,0,0.0,0,0.0,2,1.0,0,0.0,0,0.0,0,0.0,0,0.0
用户7796056424,2,1,no_media,0,2,2023-05,0.0,1.0,0.0,0,0.0,1,1.0,0,0.0,0,0.0,0,0.0,0,0.0,0,0.0,0,0.0,0,0.0
用户7821370827,29,28,dual,40,23,2023-02,0.21428571428571427,0.21428571428571427,0.4642857142857143,3,0.10714285714285714,6,0.21428571428571427,0,0.0,6,0.21428571428571427,13,0.4642857142857143,0,0.0,0,0.0,0,0.0,0,0.0
用户8185922155,2,1,no_media,0,2,2023-03,0.0,0.0,0.0,0,0.0,0,0.0,0,0.0,0,0.0,0,0.0,0,0.0,0,0.0,1,1.0,0,0.0
用户dgd6o483oi,3,2,wemedia_only,3,3,2023-07,0.0,0.5,0.5,0,0.0,1,0.5,0,0.0,0,0.0,1,0.5,0,0.0,0,0.0,0,0.0,0,0.0
用户izjqlv0oek,2,1,no_media,0,2,2023-10,0.0,0.0,0.0,0,0.0,0,0.0,0,0.0,0,0.0,0,0.0,0,0.0,0,0.0,1,1.0,0,0.0
用户破帽遮丑颜,4,3,no_media,2,4,2024-12,0.3333333333333333,0.0,0.0,2,0.6666666666666666,0,0.0,0,0.0,1,0.3333333333333333,0,0.0,0,0.0,0,0.0,0,0.0,0,0.0
用户离45岁退休还有9年,2,1,no_media,0,2,2023-06,0.0,0.0,0.0,0,0.0,0,0.0,0,0.0,0,0.0,0,0.0,0,0.0,0,0.0,0,0.0,1,1.0
田家庵区人民政府发布,6,5,no_media,0,6,2023-02,0.0,0.0,1.0,0,0.0,0,0.0,0,0.0,0,0.0,5,1.0,0,0.0,0,0.0,0,0.0,0,0.0
田朗朗,2,1,no_media,0,2,2023-02,0.0,1.0,0.0,0,0.0,1,1.0,0,0.0,0,0.0,0,0.0,0,0.0,0,0.0,0,0.0,0,0.0
田胤齐x2,4,3,no_media,9,4,2023-06,0.3333333333333333,0.0,0.6666666666666666,0,0.0,0,0.0,0,0.0,1,0.3333333333333333,2,0.6666666666666666,0,0.0,0,0.0,0,0.0,0,0.0
田胤齐之见,3,2,no_media,2,3,2023-04,0.0,0.0,1.0,0,0.0,0,0.0,0,0.0,0,0.0,2,1.0,0,0.0,0,0.0,0,0.0,0,0.0
甲秀又一村,2,1,no_media,0,2,2023-04,0.0,0.0,1.0,0,0.0,0,0.0,0,0.0,0,0.0,1,1.0,0,0.0,0,0.0,0,0.0,0,0.0
电影事件簿,2,1,no_media,0,2,2023-05,0.0,0.0,0.0,0,0.0,0,0.0,0,0.0,0,0.0,0,0.0,0,0.0,0,0.0,0,0.0,1,1.0
电搅,6,5,wemedia_only,6,6,2023-06,0.2,0.2,0.6,0,0.0,1,0.2,0,0.0,1,0.2,3,0.6,0,0.0,0,0.0,0,0.0,0,0.0
男科中医王阳生,5,4,no_media,0,5,2023-02,0.0,0.0,1.0,0,0.0,0,0.0,0,0.0,0,0.0,4,1.0,0,0.0,0,0.0,0,0.0,0,0.0
男科医生王古道,9,8,no_media,0,9,2022-11,0.0,0.0,1.0,0,0.0,0,0.0,0,0.0,0,0.0,8,1.0,0,0.0,0,0.0,0,0.0,0,0.0
男科问题手到病除,2,1,no_media,0,2,2024-09,1.0,0.0,0.0,0,0.0,0,0.0,0,0.0,0,0.0,0,0.0,0,0.0,1,1.0,0,0.0,0,0.0
画画的鲨鱼丹,2,1,no_media,3,2,2023-02,1.0,0.0,0.0,0,0.0,0,0.0,0,0.0,1,1.0,0,0.0,0,0.0,0,0.0,0,0.0,0,0.0
画画真恶心,2,1,no_media,0,2,2023-09,0.0,1.0,0.0,0,0.0,0,0.0,1,1.0,0,0.0,0,0.0,0,0.0,0,0.0,0,0.0,0,0.0
界面新闻,38,37,no_media,0,34,2020-03,0.0,0.0,1.0,0,0.0,0,0.0,0,0.0,0,0.0,37,1.0,0,0.0,0,0.0,0,0.0,0,0.0
留一颗星星,2,1,no_media,0,2,2023-05,0.0,0.0,0.0,0,0.0,0,0.0,0,0.0,0,0.0,0,0.0,0,0.0,0,0.0,0,0.0,1,1.0
留在夏末吧,2,1,no_media,0,2,2023-04,0.0,1.0,0.0,0,0.0,0,0.0,1,1.0,0,0.0,0,0.0,0,0.0,0,0.0,0,0.0,0,0.0
留坝检察院,3,2,mainstream_only,2,2,2023-02,0.0,0.0,1.0,0,0.0,0,0.0,0,0.0,0,0.0,2,1.0,0,0.0,0,0.0,0,0.0,0,0.0
留心shuo,2,1,no_media,0,2,2022-03,0.0,0.0,0.0,0,0.0,0,0.0,0,0.0,0,0.0,0,0.0,1,1.0,0,0.0,0,0.0,0,0.0
番茄肥牛不加油,3,2,no_media,0,3,2023-03,0.5,0.5,0.0,0,0.0,1,0.5,0,0.0,1,0.5,0,0.0,0,0.0,0,0.0,0,0.0,0,0.0
畸形蓇,2,1,no_media,0,2,2023-03,0.0,1.0,0.0,0,0.0,0,0.0,1,1.0,0,0.0,0,0.0,0,0.0,0,0.0,0,0.0,0,0.0
疯批美人裴掌印,2,1,no_media,0,2,2023-10,1.0,0.0,0.0,0,0.0,0,0.0,0,0.0,0,0.0,0,0.0,0,0.0,1,1.0,0,0.0,0,0.0
疯技工,2,1,no_media,1,2,2023-03,1.0,0.0,0.0,0,0.0,0,0.0,0,0.0,1,1.0,0,0.0,0,0.0,0,0.0,0,0.0,0,0.0
疯狂大象,10,9,no_media,4,10,2021-03,0.1111111111111111,0.2222222222222222,0.4444444444444444,0,0.0,2,0.2222222222222222,0,0.0,0,0.0,4,0.4444444444444444,1,0.1111111111111111,1,0.1111111111111111,0,0.0,1,0.1111111111111111
疯狂怪叫鹦,2,1,no_media,0,2,2023-07,0.0,1.0,0.0,0,0.0,0,0.0,1,1.0,0,0.0,0,0.0,0,0.0,0,0.0,0,0.0,0,0.0
疯魔JojO,2,1,no_media,0,2,2023-01,0.0,1.0,0.0,0,0.0,1,1.0,0,0.0,0,0.0,0,0.0,0,0.0,0,0.0,0,0.0,0,0.0
疾病咨询处,4,3,no_media,0,3,2023-03,0.0,0.0,0.3333333333333333,0,0.0,0,0.0,0,0.0,0,0.0,1,0.3333333333333333,1,0.3333333333333333,0,0.0,1,0.3333333333333333,0,0.0
疾风中青勁草,2,1,no_media,13,2,2022-10,0.0,1.0,0.0,0,0.0,1,1.0,0,0.0,0,0.0,0,0.0,0,0.0,0,0.0,0,0.0,0,0.0
病久学医,2,1,no_media,1,2,2024-08,0.0,0.0,1.0,0,0.0,0,0.0,0,0.0,0,0.0,1,1.0,0,0.0,0,0.0,0,0.0,0,0.0
痴史,2,1,no_media,0,2,2023-04,0.0,0.0,1.0,0,0.0,0,0.0,0,0.0,0,0.0,1,1.0,0,0.0,0,0.0,0,0.0,0,0.0
瘟疫之地老弗丁,6,5,mainstream_only,3,6,2023-02,0.2,0.2,0.6,0,0.0,1,0.2,0,0.0,1,0.2,3,0.6,0,0.0,0,0.0,0,0.0,0,0.0
瘦不了的中医肥猫,18,17,no_media,7,18,2022-10,0.29411764705882354,0.35294117647058826,0.35294117647058826,0,0.0,5,0.29411764705882354,1,0.058823529411764705,4,0.23529411764705882,6,0.35294117647058826,0,0.0,1,0.058823529411764705,0,0.0,0,0.0
瘦司七格格,3,2,no_media,0,3,2023-06,0.0,0.5,0.5,0,0.0,1,0.5,0,0.0,0,0.0,1,0.5,0,0.0,0,0.0,0,0.0,0,0.0
癸源堂中医馆,4,3,no_media,0,3,2023-02,0.0,0.0,1.0,0,0.0,0,0.0,0,0.0,0,0.0,3,1.0,0,0.0,0,0.0,0,0.0,0,0.0
登高_2023,2,1,mainstream_only,1,2,2022-12,0.0,0.0,1.0,0,0.0,0,0.0,0,0.0,0,0.0,1,1.0,0,0.0,0,0.0,0,0.0,0,0.0
白剑BJ凌德祥AF6271431038,6,5,no_media,0,5,2023-03,0.0,0.0,1.0,0,0.0,0,0.0,0,0.0,0,0.0,5,1.0,0,0.0,0,0.0,0,0.0,0,0.0
白天沉默的夜鸮,2,1,no_media,1,2,2023-12,0.0,0.0,1.0,0,0.0,0,0.0,0,0.0,0,0.0,1,1.0,0,0.0,0,0.0,0,0.0,0,0.0
白如珂月,6,5,no_media,0,6,2023-06,0.2,0.2,0.4,0,0.0,1,0.2,0,0.0,1,0.2,2,0.4,0,0.0,0,0.0,1,0.2,0,0.0
白水检察,11,10,mainstream_only,4,10,2020-03,0.0,0.0,1.0,0,0.0,0,0.0,0,0.0,0,0.0,10,1.0,0,0.0,0,0.0,0,0.0,0,0.0
白沙融媒,2,1,no_media,0,2,2023-02,0.0,0.0,1.0,0,0.0,0,0.0,0,0.0,0,0.0,1,1.0,0,0.0,0,0.0,0,0.0,0,0.0
白眉大侠5995,3,2,mainstream_only,2,3,2023-03,0.0,0.0,1.0,0,0.0,0,0.0,0,0.0,0,0.0,2,1.0,0,0.0,0,0.0,0,0.0,0,0.0
白糖·K,2,1,no_media,0,2,2023-03,0.0,0.0,0.0,1,1.0,0,0.0,0,0.0,0,0.0,0,0.0,0,0.0,0,0.0,0,0.0,0,0.0
白罗斯理想社,4,3,no_media,0,4,2024-04,0.0,0.0,1.0,0,0.0,0,0.0,0,0.0,0,0.0,3,1.0,0,0.0,0,0.0,0,0.0,0,0.0
白腊,2,1,no_media,0,2,2023-04,0.0,0.0,1.0,0,0.0,0,0.0,0,0.0,0,0.0,1,1.0,0,0.0,0,0.0,0,0.0,0,0.0
白色彩色Motherhood,2,1,no_media,2,2,2023-11,0.0,0.0,1.0,0,0.0,0,0.0,0,0.0,0,0.0,1,1.0,0,0.0,0,0.0,0,0.0,0,0.0
白衣咸饭,2,1,no_media,0,2,2023-05,0.0,0.0,1.0,0,0.0,0,0.0,0,0.0,0,0.0,1,1.0,0,0.0,0,0.0,0,0.0,0,0.0
白衣山猫,11,10,no_media,1,11,2022-12,0.1,0.1,0.8,0,0.0,1,0.1,0,0.0,1,0.1,8,0.8,0,0.0,0,0.0,0,0.0,0,0.0
白衫缺个衬,9,8,no_media,23,9,2023-01,0.0,0.0,0.0,0,0.0,0,0.0,0,0.0,0,0.0,0,0.0,0,0.0,0,0.0,0,0.0,8,1.0
白银区融媒,2,1,no_media,0,1,2023-05,0.0,0.0,1.0,0,0.0,0,0.0,0,0.0,0,0.0,1,1.0,0,0.0,0,0.0,0,0.0,0,0.0
白雪下的小麦,4,3,wemedia_only,5,3,2023-08,0.3333333333333333,0.3333333333333333,0.0,0,0.0,0,0.0,1,0.3333333333333333,1,0.3333333333333333,0,0.0,0,0.0,0,0.0,0,0.0,1,0.3333333333333333
白马王爷112,5,4,no_media,3,4,2023-08,0.0,0.25,0.75,0,0.0,1,0.25,0,0.0,0,0.0,3,0.75,0,0.0,0,0.0,0,0.0,0,0.0
白鸽聊健康,2,1,no_media,0,1,2023-02,0.0,0.0,1.0,0,0.0,0,0.0,0,0.0,0,0.0,1,1.0,0,0.0,0,0.0,0,0.0,0,0.0
白鹿视频,6,5,no_media,0,5,2022-12,0.0,0.0,1.0,0,0.0,0,0.0,0,0.0,0,0.0,5,1.0,0,0.0,0,0.0,0,0.0,0,0.0
百分百自由,4,3,no_media,0,4,2023-02,0.0,0.0,1.0,0,0.0,0,0.0,0,0.0,0,0.0,3,1.0,0,0.0,0,0.0,0,0.0,0,0.0
百变小豆魔术卡,2,1,no_media,0,2,2024-03,0.0,1.0,0.0,0,0.0,0,0.0,1,1.0,0,0.0,0,0.0,0,0.0,0,0.0,0,0.0,0,0.0
百姓关注,7,6,no_media,0,6,2021-03,0.0,0.16666666666666666,0.8333333333333334,0,0.0,1,0.16666666666666666,0,0.0,0,0.0,5,0.8333333333333334,0,0.0,0,0.0,0,0.0,0,0.0
百度健康医典,2,1,no_media,0,2,2023-05,0.0,0.0,1.0,0,0.0,0,0.0,0,0.0,0,0.0,1,1.0,0,0.0,0,0.0,0,0.0,0,0.0
百津禾,6,5,no_media,1,2,2022-12,0.2,0.4,0.2,1,0.2,2,0.4,0,0.0,1,0.2,1,0.2,0,0.0,0,0.0,0,0.0,0,0.0
百科事务所,3,2,no_media,0,3,2023-03,0.0,0.0,1.0,0,0.0,0,0.0,0,0.0,0,0.0,2,1.0,0,0.0,0,0.0,0,0.0,0,0.0
百脚陆,2,1,wemedia_only,2,2,2024-05,0.0,1.0,0.0,0,0.0,1,1.0,0,0.0,0,0.0,0,0.0,0,0.0,0,0.0,0,0.0,0,0.0
百草传奇·真品优选,2,1,no_media,0,1,2023-12,0.0,0.0,1.0,0,0.0,0,0.0,0,0.0,0,0.0,1,1.0,0,0.0,0,0.0,0,0.0,0,0.0
百香果柠檬绿茶,2,1,no_media,0,2,2022-03,0.0,0.0,1.0,0,0.0,0,0.0,0,0.0,0,0.0,1,1.0,0,0.0,0,0.0,0,0.0,0,0.0
百龄干细胞,4,3,no_media,0,4,2023-01,0.0,0.0,1.0,0,0.0,0,0.0,0,0.0,0,0.0,3,1.0,0,0.0,0,0.0,0,0.0,0,0.0
皇姑发布,2,1,no_media,0,2,2023-12,0.0,0.0,1.0,0,0.0,0,0.0,0,0.0,0,0.0,1,1.0,0,0.0,0,0.0,0,0.0,0,0.0
皇族养心堂卢阿姨,2,1,wemedia_only,1,2,2023-02,0.0,0.0,0.0,0,0.0,0,0.0,0,0.0,0,0.0,0,0.0,1,1.0,0,0.0,0,0.0,0,0.0
皇汉1976,28,27,wemedia_only,24,17,2023-02,0.25925925925925924,0.25925925925925924,0.4074074074074074,0,0.0,7,0.25925925925925924,0,0.0,7,0.25925925925925924,11,0.4074074074074074,1,0.037037037037037035,0,0.0,1,0.037037037037037035,0,0.0
皇甫钢柱,2,1,no_media,0,2,2022-03,0.0,0.0,0.0,1,1.0,0,0.0,0,0.0,0,0.0,0,0.0,0,0.0,0,0.0,0,0.0,0,0.0
皇郁筠_Ferrets,3,2,mainstream_only,2,3,2023-05,0.0,0.5,0.0,1,0.5,1,0.5,0,0.0,0,0.0,0,0.0,0,0.0,0,0.0,0,0.0,0,0.0
皇马春林,2,1,no_media,0,2,2023-05,0.0,0.0,1.0,0,0.0,0,0.0,0,0.0,0,0.0,1,1.0,0,0.0,0,0.0,0,0.0,0,0.0
皎然老师,2,1,no_media,0,1,2024-09,0.0,0.0,1.0,0,0.0,0,0.0,0,0.0,0,0.0,1,1.0,0,0.0,0,0.0,0,0.0,0,0.0
皓月长歌长歌皓月,2,1,no_media,0,2,2023-02,1.0,0.0,0.0,0,0.0,0,0.0,0,0.0,0,0.0,0,0.0,0,0.0,1,1.0,0,0.0,0,0.0
皮皮虾的谷子,4,3,no_media,0,4,2023-02,0.0,0.0,0.0,0,0.0,0,0.0,0,0.0,0,0.0,0,0.0,1,0.3333333333333333,0,0.0,1,0.3333333333333333,1,0.3333333333333333
皮肤病专家李志忠,18,17,no_media,0,18,2023-02,0.0,0.0,1.0,0,0.0,0,0.0,0,0.0,0,0.0,17,1.0,0,0.0,0,0.0,0,0.0,0,0.0
皮肤科医师赵玢,2,1,no_media,0,2,2022-12,0.0,0.0,0.0,0,0.0,0,0.0,0,0.0,0,0.0,0,0.0,0,0.0,0,0.0,1,1.0,0,0.0
皮肤科医生王子洋,4,3,no_media,0,4,2023-05,0.0,0.0,1.0,0,0.0,0,0.0,0,0.0,0,0.0,3,1.0,0,0.0,0,0.0,0,0.0,0,0.0
皮肤科杨希川教授,3,2,no_media,0,3,2023-02,0.0,0.0,1.0,0,0.0,0,0.0,0,0.0,0,0.0,2,1.0,0,0.0,0,0.0,0,0.0,0,0.0
皮肤美容李远宏教授,3,2,no_media,0,3,2023-10,0.5,0.5,0.0,0,0.0,1,0.5,0,0.0,1,0.5,0,0.0,0,0.0,0,0.0,0,0.0,0,0.0
皮肤都金辉医生,2,1,no_media,0,2,2024-03,0.0,0.0,1.0,0,0.0,0,0.0,0,0.0,0,0.0,1,1.0,0,0.0,0,0.0,0,0.0,0,0.0
皱纹里的花,2,1,no_media,0,2,2023-03,0.0,0.0,0.0,0,0.0,0,0.0,0,0.0,0,0.0,0,0.0,0,0.0,0,0.0,0,0.0,1,1.0
皿煮不死地图头,2,1,no_media,1,2,2023-02,1.0,0.0,0.0,0,0.0,0,0.0,0,0.0,0,0.0,0,0.0,0,0.0,1,1.0,0,0.0,0,0.0
盈盈的赢,3,2,no_media,0,3,2023-02,0.5,0.0,0.0,0,0.0,0,0.0,0,0.0,1,0.5,0,0.0,0,0.0,0,0.0,1,0.5,0,0.0
盈盈飞絮,5,4,no_media,0,4,2023-10,0.25,0.25,0.5,0,0.0,1,0.25,0,0.0,1,0.25,2,0.5,0,0.0,0,0.0,0,0.0,0,0.0
益记码头,2,1,no_media,0,2,2024-08,0.0,0.0,1.0,0,0.0,0,0.0,0,0.0,0,0.0,1,1.0,0,0.0,0,0.0,0,0.0,0,0.0
益阳日报社,2,1,no_media,0,2,2021-03,0.0,0.0,1.0,0,0.0,0,0.0,0,0.0,0,0.0,1,1.0,0,0.0,0,0.0,0,0.0,0,0.0
盏心冯文亮,2,1,no_media,1,2,2023-03,1.0,0.0,0.0,0,0.0,0,0.0,0,0.0,1,1.0,0,0.0,0,0.0,0,0.0,0,0.0,0,0.0
盐城发布,2,1,no_media,0,2,2023-02,0.0,0.0,1.0,0,0.0,0,0.0,0,0.0,0,0.0,1,1.0,0,0.0,0,0.0,0,0.0,0,0.0
盐城德馨医院官方微博,2,1,no_media,0,2,2024-04,0.0,0.0,1.0,0,0.0,0,0.0,0,0.0,0,0.0,1,1.0,0,0.0,0,0.0,0,0.0,0,0.0
盐焗虾_SY,2,1,no_media,1,2,2025-02,0.0,1.0,0.0,0,0.0,0,0.0,1,1.0,0,0.0,0,0.0,0,0.0,0,0.0,0,0.0,0,0.0
盖世英雄玉椒龙,27,26,wemedia_only,5,24,2023-02,0.3076923076923077,0.3076923076923077,0.15384615384615385,6,0.23076923076923078,7,0.2692307692307692,1,0.038461538461538464,6,0.23076923076923078,4,0.15384615384615385,0,0.0,2,0.07692307692307693,0,0.0,0,0.0
盘活使者二零一八,6,5,no_media,0,1,2020-03,0.0,0.0,1.0,0,0.0,0,0.0,0,0.0,0,0.0,5,1.0,0,0.0,0,0.0,0,0.0,0,0.0
盛哥聊体育,5,4,no_media,0,5,2024-02,0.0,0.0,1.0,0,0.0,0,0.0,0,0.0,0,0.0,4,1.0,0,0.0,0,0.0,0,0.0,0,0.0
盛唐唐唐,10,9,no_media,59,9,2024-07,0.0,0.0,0.0,9,1.0,0,0.0,0,0.0,0,0.0,0,0.0,0,0.0,0,0.0,0,0.0,0,0.0
盛夏-018,4,3,no_media,61,4,2024-07,0.0,0.0,0.0,3,1.0,0,0.0,0,0.0,0,0.0,0,0.0,0,0.0,0,0.0,0,0.0,0,0.0
盛夏花知晓,6,5,no_media,4,6,2023-02,0.0,0.0,0.4,0,0.0,0,0.0,0,0.0,0,0.0,2,0.4,2,0.4,0,0.0,1,0.2,0,0.0
盛怒的羔羊,3,2,no_media,6,3,2023-07,0.0,0.0,1.0,0,0.0,0,0.0,0,0.0,0,0.0,2,1.0,0,0.0,0,0.0,0,0.0,0,0.0
盛景和营养医学,4,3,no_media,0,4,2022-12,0.0,0.0,1.0,0,0.0,0,0.0,0,0.0,0,0.0,3,1.0,0,0.0,0,0.0,0,0.0,0,0.0
盛诺一家官方微博,3,2,no_media,0,3,2023-01,0.0,0.0,1.0,0,0.0,0,0.0,0,0.0,0,0.0,2,1.0,0,0.0,0,0.0,0,0.0,0,0.0
盧聲聲小醫生,6,5,no_media,0,6,2023-02,0.0,0.0,1.0,0,0.0,0,0.0,0,0.0,0,0.0,5,1.0,0,0.0,0,0.0,0,0.0,0,0.0
目标达成Absolutely,5,4,no_media,3,5,2023-03,0.0,0.25,0.25,2,0.5,1,0.25,0,0.0,0,0.0,1,0.25,0,0.0,0,0.0,0,0.0,0,0.0
直播南京官方版,4,3,no_media,0,4,2023-01,0.0,0.0,1.0,0,0.0,0,0.0,0,0.0,0,0.0,3,1.0,0,0.0,0,0.0,0,0.0,0,0.0
直播海南,10,9,no_media,0,8,2021-04,0.0,0.0,1.0,0,0.0,0,0.0,0,0.0,0,0.0,9,1.0,0,0.0,0,0.0,0,0.0,0,0.0
直播遵义,2,1,no_media,0,2,2021-11,0.0,0.0,1.0,0,0.0,0,0.0,0,0.0,0,0.0,1,1.0,0,0.0,0,0.0,0,0.0,0,0.0
直新闻,6,5,no_media,0,5,2022-10,0.0,0.0,1.0,0,0.0,0,0.0,0,0.0,0,0.0,5,1.0,0,0.0,0,0.0,0,0.0,0,0.0
相三三三,5,4,no_media,0,5,2023-02,0.0,0.0,1.0,0,0.0,0,0.0,0,0.0,0,0.0,4,1.0,0,0.0,0,0.0,0,0.0,0,0.0
相信自己的判断并谨慎,5,4,no_media,0,5,2023-11,0.0,0.0,1.0,0,0.0,0,0.0,0,0.0,0,0.0,4,1.0,0,0.0,0,0.0,0,0.0,0,0.0
相忘後念,2,1,no_media,0,2,2023-07,0.0,0.0,1.0,0,0.0,0,0.0,0,0.0,0,0.0,1,1.0,0,0.0,0,0.0,0,0.0,0,0.0
相思枫叶丹WJ,2,1,no_media,0,1,2023-02,0.0,0.0,0.0,0,0.0,0,0.0,0,0.0,0,0.0,0,0.0,0,0.0,0,0.0,0,0.0,1,1.0
相思漫,4,3,no_media,0,3,2025-05,0.0,0.0,1.0,0,0.0,0,0.0,0,0.0,0,0.0,3,1.0,0,0.0,0,0.0,0,0.0,0,0.0
盼公道的老阿姨,10,9,no_media,17,3,2024-08,0.0,0.0,0.0,9,1.0,0,0.0,0,0.0,0,0.0,0,0.0,0,0.0,0,0.0,0,0.0,0,0.0
看到彩虹微笑,2,1,no_media,0,2,2023-06,0.0,0.0,1.0,0,0.0,0,0.0,0,0.0,0,0.0,1,1.0,0,0.0,0,0.0,0,0.0,0,0.0
看台海,2,1,no_media,0,2,2023-12,0.0,0.0,1.0,0,0.0,0,0.0,0,0.0,0,0.0,1,1.0,0,0.0,0,0.0,0,0.0,0,0.0
看呼吸科普,71,70,no_media,0,55,2022-03,0.014285714285714285,0.014285714285714285,0.9714285714285714,0,0.0,1,0.014285714285714285,0,0.0,1,0.014285714285714285,68,0.9714285714285714,0,0.0,0,0.0,0,0.0,0,0.0
看宜兴,7,6,mainstream_only,1,7,2023-02,0.0,0.0,1.0,0,0.0,0,0.0,0,0.0,0,0.0,6,1.0,0,0.0,0,0.0,0,0.0,0,0.0
看客零贰,2,1,no_media,2,1,2023-05,0.0,0.0,0.0,0,0.0,0,0.0,0,0.0,0,0.0,0,0.0,0,0.0,0,0.0,0,0.0,1,1.0
看山的叔叔,2,1,no_media,0,2,2023-02,0.0,0.0,1.0,0,0.0,0,0.0,0,0.0,0,0.0,1,1.0,0,0.0,0,0.0,0,0.0,0,0.0
看成都,3,2,mainstream_only,1,3,2023-02,0.0,0.0,1.0,0,0.0,0,0.0,0,0.0,0,0.0,2,1.0,0,0.0,0,0.0,0,0.0,0,0.0
看电影,2,1,no_media,0,2,2023-07,0.0,0.0,1.0,0,0.0,0,0.0,0,0.0,0,0.0,1,1.0,0,0.0,0,0.0,0,0.0,0,0.0
看看新闻KNEWS,55,54,no_media,0,50,2020-03,0.0,0.0,1.0,0,0.0,0,0.0,0,0.0,0,0.0,54,1.0,0,0.0,0,0.0,0,0.0,0,0.0
看看新闻全球眼,10,9,no_media,0,10,2020-10,0.0,0.0,1.0,0,0.0,0,0.0,0,0.0,0,0.0,9,1.0,0,0.0,0,0.0,0,0.0,0,0.0
看看新闻正能量,26,25,no_media,0,18,2021-10,0.0,0.0,1.0,0,0.0,0,0.0,0,0.0,0,0.0,25,1.0,0,0.0,0,0.0,0,0.0,0,0.0
看见泰国-VISIONTHAI,3,2,no_media,0,3,2024-08,0.0,0.0,1.0,0,0.0,0,0.0,0,0.0,0,0.0,2,1.0,0,0.0,0,0.0,0,0.0,0,0.0
看见鲸了,4,3,no_media,0,4,2023-02,0.0,0.3333333333333333,0.0,2,0.6666666666666666,0,0.0,1,0.3333333333333333,0,0.0,0,0.0,0,0.0,0,0.0,0,0.0,0,0.0
看金坛,3,2,no_media,0,3,2023-02,0.0,0.0,1.0,0,0.0,0,0.0,0,0.0,0,0.0,2,1.0,0,0.0,0,0.0,0,0.0,0,0.0
真实之艾丽卡,2,1,no_media,4,2,2023-07,0.0,0.0,0.0,0,0.0,0,0.0,0,0.0,0,0.0,0,0.0,0,0.0,0,0.0,1,1.0,0,0.0
真爱粉99,3,2,no_media,1,3,2023-06,0.0,0.0,1.0,0,0.0,0,0.0,0,0.0,0,0.0,2,1.0,0,0.0,0,0.0,0,0.0,0,0.0
真的贾英子,2,1,no_media,0,2,2023-02,0.0,0.0,0.0,0,0.0,0,0.0,0,0.0,0,0.0,0,0.0,1,1.0,0,0.0,0,0.0,0,0.0
真花无色-连环炸,2,1,no_media,0,2,2023-07,0.0,1.0,0.0,0,0.0,1,1.0,0,0.0,0,0.0,0,0.0,0,0.0,0,0.0,0,0.0,0,0.0
真诚的知识分享,2,1,no_media,0,2,2023-05,0.0,0.0,0.0,0,0.0,0,0.0,0,0.0,0,0.0,0,0.0,0,0.0,0,0.0,1,1.0,0,0.0
眼中的星月大海,4,3,wemedia_only,4,4,2023-05,0.6666666666666666,0.3333333333333333,0.0,0,0.0,0,0.0,1,0.3333333333333333,0,0.0,0,0.0,0,0.0,2,0.6666666666666666,0,0.0,0,0.0
眼中颖心中玺,2,1,no_media,0,1,2025-05,0.0,0.0,1.0,0,0.0,0,0.0,0,0.0,0,0.0,1,1.0,0,0.0,0,0.0,0,0.0,0,0.0
眼倦天涯,3,2,no_media,0,3,2023-03,0.0,0.0,0.0,0,0.0,0,0.0,0,0.0,0,0.0,0,0.0,0,0.0,0,0.0,0,0.0,2,1.0
眼睛里有星星的迪雅,3,2,no_media,2,3,2023-03,0.5,0.5,0.0,0,0.0,1,0.5,0,0.0,1,0.5,0,0.0,0,0.0,0,0.0,0,0.0,0,0.0
眼镜大叔万春晖,3,2,no_media,0,3,2023-03,0.0,0.0,0.0,0,0.0,0,0.0,0,0.0,0,0.0,0,0.0,1,0.5,0,0.0,1,0.5,0,0.0
眼镜猫miwumiwu,9,8,wemedia_only,4,9,2023-02,0.25,0.25,0.125,1,0.125,2,0.25,0,0.0,1,0.125,1,0.125,1,0.125,1,0.125,1,0.125,0,0.0
眾人表妹就係我,2,1,wemedia_only,4,2,2023-03,0.0,0.0,1.0,0,0.0,0,0.0,0,0.0,0,0.0,1,1.0,0,0.0,0,0.0,0,0.0,0,0.0
睛空万里一,2,1,no_media,0,2,2024-10,0.0,0.0,1.0,0,0.0,0,0.0,0,0.0,0,0.0,1,1.0,0,0.0,0,0.0,0,0.0,0,0.0
睡仙超级萌,2,1,no_media,0,2,2023-04,0.0,0.0,0.0,0,0.0,0,0.0,0,0.0,0,0.0,0,0.0,1,1.0,0,0.0,0,0.0,0,0.0
睡觉在雨天,2,1,no_media,0,2,2024-05,0.0,0.0,0.0,0,0.0,0,0.0,0,0.0,0,0.0,0,0.0,1,1.0,0,0.0,0,0.0,0,0.0
睡觉巅峰赛冠军,2,1,no_media,0,2,2023-06,0.0,0.0,0.0,0,0.0,0,0.0,0,0.0,0,0.0,0,0.0,0,0.0,0,0.0,1,1.0,0,0.0
督脉张,4,3,no_media,0,4,2023-06,0.0,0.0,1.0,0,0.0,0,0.0,0,0.0,0,0.0,3,1.0,0,0.0,0,0.0,0,0.0,0,0.0
睿歆2264161335,2,1,no_media,0,2,2025-06,0.0,0.0,1.0,0,0.0,0,0.0,0,0.0,0,0.0,1,1.0,0,0.0,0,0.0,0,0.0,0,0.0
瞧着你呢,3,2,no_media,4,3,2023-10,0.0,0.5,0.0,1,0.5,1,0.5,0,0.0,0,0.0,0,0.0,0,0.0,0,0.0,0,0.0,0,0.0
瞬-神狼后方支援,2,1,no_media,1,2,2023-06,0.0,1.0,0.0,0,0.0,1,1.0,0,0.0,0,0.0,0,0.0,0,0.0,0,0.0,0,0.0,0,0.0
瞭望东方周刊,9,8,no_media,0,9,2020-06,0.0,0.0,0.75,0,0.0,0,0.0,0,0.0,0,0.0,6,0.75,1,0.125,0,0.0,1,0.125,0,0.0
瞻云Mind,6,5,no_media,0,5,2023-04,0.0,0.0,1.0,0,0.0,0,0.0,0,0.0,0,0.0,5,1.0,0,0.0,0,0.0,0,0.0,0,0.0
瞻云云,2,1,wemedia_only,1,2,2023-05,0.0,0.0,0.0,0,0.0,0,0.0,0,0.0,0,0.0,0,0.0,0,0.0,0,0.0,1,1.0,0,0.0
矛盾波动睡眠,2,1,no_media,0,2,2023-06,0.0,1.0,0.0,0,0.0,0,0.0,1,1.0,0,0.0,0,0.0,0,0.0,0,0.0,0,0.0,0,0.0
知书达礼谓之幸福99圣骑士之招聘,6,5,no_media,0,2,2024-03,0.0,0.0,1.0,0,0.0,0,0.0,0,0.0,0,0.0,5,1.0,0,0.0,0,0.0,0,0.0,0,0.0
知了知了听不见了,2,1,no_media,0,2,2023-09,0.0,0.0,0.0,0,0.0,0,0.0,0,0.0,0,0.0,0,0.0,0,0.0,0,0.0,1,1.0,0,0.0
知产女侠,4,3,no_media,4,4,2023-02,0.0,0.0,0.0,0,0.0,0,0.0,0,0.0,0,0.0,0,0.0,2,0.6666666666666666,0,0.0,1,0.3333333333333333,0,0.0
知你青年陈锦,2,1,no_media,0,2,2023-05,0.0,0.0,0.0,0,0.0,0,0.0,0,0.0,0,0.0,0,0.0,0,0.0,0,0.0,1,1.0,0,0.0
知名小姐姐就是我,2,1,no_media,0,2,2023-03,0.0,0.0,0.0,0,0.0,0,0.0,0,0.0,0,0.0,0,0.0,1,1.0,0,0.0,0,0.0,0,0.0
知味健康,19,18,no_media,0,19,2023-02,0.05555555555555555,0.05555555555555555,0.8888888888888888,0,0.0,1,0.05555555555555555,0,0.0,1,0.05555555555555555,16,0.8888888888888888,0,0.0,0,0.0,0,0.0,0,0.0
知命才能改命,2,1,no_media,0,2,2023-12,0.0,0.0,1.0,0,0.0,0,0.0,0,0.0,0,0.0,1,1.0,0,0.0,0,0.0,0,0.0,0,0.0
知書club,3,2,no_media,0,3,2023-04,0.0,0.0,1.0,0,0.0,0,0.0,0,0.0,0,0.0,2,1.0,0,0.0,0,0.0,0,0.0,0,0.0
知河北,30,29,no_media,0,28,2020-03,0.0,0.0,1.0,0,0.0,0,0.0,0,0.0,0,0.0,29,1.0,0,0.0,0,0.0,0,0.0,0,0.0
知知贵阳,16,15,no_media,0,16,2020-03,0.0,0.0,1.0,0,0.0,0,0.0,0,0.0,0,0.0,15,1.0,0,0.0,0,0.0,0,0.0,0,0.0
知行合一_2023-3,6,5,dual,12,6,2023-04,0.2,0.0,0.8,0,0.0,0,0.0,0,0.0,1,0.2,4,0.8,0,0.0,0,0.0,0,0.0,0,0.0
知闲者也,2,1,no_media,0,2,2022-12,1.0,0.0,0.0,0,0.0,0,0.0,0,0.0,0,0.0,0,0.0,0,0.0,1,1.0,0,0.0,0,0.0
知音汉阳,2,1,mainstream_only,1,2,2021-11,0.0,0.0,1.0,0,0.0,0,0.0,0,0.0,0,0.0,1,1.0,0,0.0,0,0.0,0,0.0,0,0.0
矫若游龙郭小胖,2,1,no_media,1,2,2023-05,1.0,0.0,0.0,0,0.0,0,0.0,0,0.0,1,1.0,0,0.0,0,0.0,0,0.0,0,0.0,0,0.0
短线-老金,2,1,no_media,0,2,2023-02,0.0,0.0,1.0,0,0.0,0,0.0,0,0.0,0,0.0,1,1.0,0,0.0,0,0.0,0,0.0,0,0.0
短线投资大斌,2,1,no_media,0,2,2023-02,0.0,0.0,1.0,0,0.0,0,0.0,0,0.0,0,0.0,1,1.0,0,0.0,0,0.0,0,0.0,0,0.0
短线龙头彪哥,6,5,no_media,0,2,2022-03,0.0,0.0,1.0,0,0.0,0,0.0,0,0.0,0,0.0,5,1.0,0,0.0,0,0.0,0,0.0,0,0.0
石中柔55,18,17,no_media,8,16,2023-03,0.11764705882352941,0.11764705882352941,0.47058823529411764,1,0.058823529411764705,2,0.11764705882352941,0,0.0,1,0.058823529411764705,8,0.47058823529411764,2,0.11764705882352941,1,0.058823529411764705,2,0.11764705882352941,0,0.0
石佛看投资,2,1,wemedia_only,1,1,2023-05,0.0,0.0,0.0,0,0.0,0,0.0,0,0.0,0,0.0,0,0.0,0,0.0,0,0.0,1,1.0,0,0.0
石头s剪刀不,2,1,no_media,0,2,2023-10,0.0,0.0,0.0,0,0.0,0,0.0,0,0.0,0,0.0,0,0.0,1,1.0,0,0.0,0,0.0,0,0.0
石家庄卫生健康,5,4,mainstream_only,1,5,2020-03,0.0,0.0,1.0,0,0.0,0,0.0,0,0.0,0,0.0,4,1.0,0,0.0,0,0.0,0,0.0,0,0.0
石家庄广播电视台,31,30,no_media,0,30,2020-12,0.0,0.0,1.0,0,0.0,0,0.0,0,0.0,0,0.0,30,1.0,0,0.0,0,0.0,0,0.0,0,0.0
石家庄文旅之声,2,1,no_media,1,2,2021-04,0.0,0.0,1.0,0,0.0,0,0.0,0,0.0,0,0.0,1,1.0,0,0.0,0,0.0,0,0.0,0,0.0
石家庄日报,22,21,no_media,0,22,2020-12,0.0,0.0,1.0,0,0.0,0,0.0,0,0.0,0,0.0,21,1.0,0,0.0,0,0.0,0,0.0,0,0.0
石昆牧,16,15,no_media,6,15,2022-10,0.13333333333333333,0.2,0.5333333333333333,0,0.0,3,0.2,0,0.0,2,0.13333333333333333,8,0.5333333333333333,1,0.06666666666666667,0,0.0,1,0.06666666666666667,0,0.0
石油海洋哥,2,1,no_media,4,2,2023-12,0.0,0.0,1.0,0,0.0,0,0.0,0,0.0,0,0.0,1,1.0,0,0.0,0,0.0,0,0.0,0,0.0
石泉人在东莞,5,4,no_media,0,3,2025-05,0.0,0.0,1.0,0,0.0,0,0.0,0,0.0,0,0.0,4,1.0,0,0.0,0,0.0,0,0.0,0,0.0
石法武博士,2,1,no_media,0,2,2023-06,0.0,0.0,1.0,0,0.0,0,0.0,0,0.0,0,0.0,1,1.0,0,0.0,0,0.0,0,0.0,0,0.0
石洪印-,3,2,no_media,0,2,2025-05,0.0,0.0,1.0,0,0.0,0,0.0,0,0.0,0,0.0,2,1.0,0,0.0,0,0.0,0,0.0,0,0.0
石浩强教你合理用药,11,10,no_media,0,10,2023-02,0.0,0.0,1.0,0,0.0,0,0.0,0,0.0,0,0.0,10,1.0,0,0.0,0,0.0,0,0.0,0,0.0
石狮公安,3,2,mainstream_only,2,3,2021-11,0.0,0.0,1.0,0,0.0,0,0.0,0,0.0,0,0.0,2,1.0,0,0.0,0,0.0,0,0.0,0,0.0
砀山发布,2,1,no_media,0,2,2022-03,0.0,0.0,1.0,0,0.0,0,0.0,0,0.0,0,0.0,1,1.0,0,0.0,0,0.0,0,0.0,0,0.0
码文案的严徐徐,2,1,no_media,0,2,2023-02,1.0,0.0,0.0,0,0.0,0,0.0,0,0.0,1,1.0,0,0.0,0,0.0,0,0.0,0,0.0,0,0.0
研茶问股,2,1,no_media,0,1,2023-02,1.0,0.0,0.0,0,0.0,0,0.0,0,0.0,0,0.0,0,0.0,0,0.0,1,1.0,0,0.0,0,0.0
砚辞ZZ,3,2,no_media,0,3,2023-04,0.0,0.0,0.0,2,1.0,0,0.0,0,0.0,0,0.0,0,0.0,0,0.0,0,0.0,0,0.0,0,0.0
破了要走,3,2,no_media,1,3,2023-06,0.0,0.0,1.0,0,0.0,0,0.0,0,0.0,0,0.0,2,1.0,0,0.0,0,0.0,0,0.0,0,0.0
破执无我,2,1,no_media,1,2,2023-10,0.0,0.0,1.0,0,0.0,0,0.0,0,0.0,0,0.0,1,1.0,0,0.0,0,0.0,0,0.0,0,0.0
硚口发布,30,29,no_media,0,23,2020-03,0.034482758620689655,0.034482758620689655,0.9310344827586207,0,0.0,1,0.034482758620689655,0,0.0,1,0.034482758620689655,27,0.9310344827586207,0,0.0,0,0.0,0,0.0,0,0.0
硬嫂-Anita,2,1,no_media,0,2,2023-03,0.0,0.0,0.0,0,0.0,0,0.0,0,0.0,0,0.0,0,0.0,1,1.0,0,0.0,0,0.0,0,0.0
硬核大脑,4,3,no_media,0,4,2023-02,0.0,0.0,1.0,0,0.0,0,0.0,0,0.0,0,0.0,3,1.0,0,0.0,0,0.0,0,0.0,0,0.0
硯琳,2,1,no_media,0,2,2023-02,0.0,0.0,0.0,0,0.0,0,0.0,0,0.0,0,0.0,0,0.0,0,0.0,0,0.0,0,0.0,1,1.0
碎碎念的狮酱,3,2,no_media,0,3,2023-03,0.5,0.5,0.0,0,0.0,0,0.0,1,0.5,0,0.0,0,0.0,0,0.0,1,0.5,0,0.0,0,0.0
碧绡朱绉,4,3,no_media,2,4,2023-02,0.3333333333333333,0.0,0.0,2,0.6666666666666666,0,0.0,0,0.0,1,0.3333333333333333,0,0.0,0,0.0,0,0.0,0,0.0,0,0.0
碧落深处一点心,3,2,wemedia_only,5,3,2023-04,0.0,0.0,0.5,0,0.0,0,0.0,0,0.0,0,0.0,1,0.5,1,0.5,0,0.0,0,0.0,0,0.0
磕的头秃,2,1,no_media,0,2,2023-03,0.0,0.0,0.0,0,0.0,0,0.0,0,0.0,0,0.0,0,0.0,0,0.0,0,0.0,0,0.0,1,1.0
磕磕盗盗了了,2,1,no_media,0,2,2023-02,0.0,0.0,0.0,0,0.0,0,0.0,0,0.0,0,0.0,0,0.0,0,0.0,0,0.0,0,0.0,1,1.0
礼凹无界限-,2,1,no_media,0,2,2025-05,0.0,0.0,1.0,0,0.0,0,0.0,0,0.0,0,0.0,1,1.0,0,0.0,0,0.0,0,0.0,0,0.0
礼泉检察,2,1,mainstream_only,2,1,2023-05,0.0,0.0,1.0,0,0.0,0,0.0,0,0.0,0,0.0,1,1.0,0,0.0,0,0.0,0,0.0,0,0.0
社会与法频道阎肃,7,6,no_media,0,7,2023-03,0.0,0.0,1.0,0,0.0,0,0.0,0,0.0,0,0.0,6,1.0,0,0.0,0,0.0,0,0.0,0,0.0
社会人王强女士,4,3,no_media,0,4,2023-07,0.3333333333333333,0.3333333333333333,0.3333333333333333,0,0.0,1,0.3333333333333333,0,0.0,0,0.0,1,0.3333333333333333,0,0.0,1,0.3333333333333333,0,0.0,0,0.0
社会科学报,2,1,no_media,0,2,2024-01,0.0,0.0,1.0,0,0.0,0,0.0,0,0.0,0,0.0,1,1.0,0,0.0,0,0.0,0,0.0,0,0.0
社会观察员李东,2,1,no_media,0,2,2023-09,1.0,0.0,0.0,0,0.0,0,0.0,0,0.0,1,1.0,0,0.0,0,0.0,0,0.0,0,0.0,0,0.0
社长加息卡,2,1,no_media,1,2,2024-01,0.0,0.0,1.0,0,0.0,0,0.0,0,0.0,0,0.0,1,1.0,0,0.0,0,0.0,0,0.0,0,0.0
祁人祁语,4,3,no_media,0,4,2022-12,0.0,0.0,1.0,0,0.0,0,0.0,0,0.0,0,0.0,3,1.0,0,0.0,0,0.0,0,0.0,0,0.0
祁文清儿,2,1,no_media,0,2,2023-02,0.0,0.0,0.0,0,0.0,0,0.0,0,0.0,0,0.0,0,0.0,0,0.0,0,0.0,0,0.0,1,1.0
祁营洲,2,1,no_media,0,2,2023-05,0.0,0.0,1.0,0,0.0,0,0.0,0,0.0,0,0.0,1,1.0,0,0.0,0,0.0,0,0.0,0,0.0
祂的0816小宝宝,3,2,no_media,0,1,2023-06,0.0,0.0,1.0,0,0.0,0,0.0,0,0.0,0,0.0,2,1.0,0,0.0,0,0.0,0,0.0,0,0.0
祈祷用户6214623290,2,1,no_media,0,2,2023-02,0.0,0.0,1.0,0,0.0,0,0.0,0,0.0,0,0.0,1,1.0,0,0.0,0,0.0,0,0.0,0,0.0
祖传中医妇科韩悦,2,1,no_media,0,2,2023-01,0.0,0.0,1.0,0,0.0,0,0.0,0,0.0,0,0.0,1,1.0,0,0.0,0,0.0,0,0.0,0,0.0
祖传中医肖春林,8,7,wemedia_only,1,7,2023-02,0.0,0.0,1.0,0,0.0,0,0.0,0,0.0,0,0.0,7,1.0,0,0.0,0,0.0,0,0.0,0,0.0
祝由院,3,2,no_media,0,3,2023-01,0.0,0.0,1.0,0,0.0,0,0.0,0,0.0,0,0.0,2,1.0,0,0.0,0,0.0,0,0.0,0,0.0
祝老师的小郭同学,3,2,no_media,0,3,2023-02,0.0,0.0,0.0,0,0.0,0,0.0,0,0.0,0,0.0,0,0.0,1,0.5,0,0.0,0,0.0,1,0.5
神农养生宝典,86,85,no_media,0,81,2023-02,0.12941176470588237,0.12941176470588237,0.7058823529411765,1,0.011764705882352941,11,0.12941176470588237,0,0.0,11,0.12941176470588237,60,0.7058823529411765,1,0.011764705882352941,0,0.0,1,0.011764705882352941,0,0.0
神剑木木,2,1,no_media,2,2,2023-02,0.0,0.0,1.0,0,0.0,0,0.0,0,0.0,0,0.0,1,1.0,0,0.0,0,0.0,0,0.0,0,0.0
神勇小白兎,2,1,no_media,0,2,2023-05,0.0,0.0,0.0,0,0.0,0,0.0,0,0.0,0,0.0,0,0.0,1,1.0,0,0.0,0,0.0,0,0.0
神厨JENNYLIU,2,1,no_media,0,2,2023-02,0.0,0.0,0.0,0,0.0,0,0.0,0,0.0,0,0.0,0,0.0,0,0.0,0,0.0,1,1.0,0,0.0
神嘛事儿,4,3,no_media,0,4,2023-11,0.3333333333333333,0.3333333333333333,0.3333333333333333,0,0.0,1,0.3333333333333333,0,0.0,0,0.0,1,0.3333333333333333,0,0.0,1,0.3333333333333333,0,0.0,0,0.0
神话pirategirl,2,1,mainstream_only,2,2,2023-07,0.0,0.0,0.0,1,1.0,0,0.0,0,0.0,0,0.0,0,0.0,0,0.0,0,0.0,0,0.0,0,0.0
祺沅,6,5,no_media,1,6,2023-06,0.2,0.2,0.6,0,0.0,1,0.2,0,0.0,1,0.2,3,0.6,0,0.0,0,0.0,0,0.0,0,0.0
禅中七祖,3,2,no_media,0,3,2023-04,0.5,0.0,0.0,0,0.0,0,0.0,0,0.0,0,0.0,0,0.0,1,0.5,1,0.5,0,0.0,0,0.0
禅定度一切苦厄,2,1,no_media,0,2,2023-04,0.0,0.0,0.0,1,1.0,0,0.0,0,0.0,0,0.0,0,0.0,0,0.0,0,0.0,0,0.0,0,0.0
禅拍_玲,3,2,no_media,0,3,2023-12,0.5,0.0,0.0,0,0.0,0,0.0,0,0.0,0,0.0,0,0.0,1,0.5,1,0.5,0,0.0,0,0.0
福尔摩怪味豆,2,1,no_media,0,1,2023-04,0.0,0.0,0.0,0,0.0,0,0.0,0,0.0,0,0.0,0,0.0,0,0.0,0,0.0,0,0.0,1,1.0
福山发布,6,5,no_media,0,6,2023-02,0.0,0.0,1.0,0,0.0,0,0.0,0,0.0,0,0.0,5,1.0,0,0.0,0,0.0,0,0.0,0,0.0
福州发布,5,4,no_media,0,5,2023-02,0.0,0.0,1.0,0,0.0,0,0.0,0,0.0,0,0.0,4,1.0,0,0.0,0,0.0,0,0.0,0,0.0
福州新闻网fznews,19,18,no_media,0,17,2020-04,0.0,0.0,1.0,0,0.0,0,0.0,0,0.0,0,0.0,18,1.0,0,0.0,0,0.0,0,0.0,0,0.0
福州日报,4,3,no_media,0,4,2023-02,0.0,0.0,1.0,0,0.0,0,0.0,0,0.0,0,0.0,3,1.0,0,0.0,0,0.0,0,0.0,0,0.0
福州虎纠人,3,2,no_media,0,3,2020-11,0.0,0.0,1.0,0,0.0,0,0.0,0,0.0,0,0.0,2,1.0,0,0.0,0,0.0,0,0.0,0,0.0
福建东南网,19,18,no_media,0,19,2020-03,0.05555555555555555,0.05555555555555555,0.8888888888888888,0,0.0,1,0.05555555555555555,0,0.0,1,0.05555555555555555,16,0.8888888888888888,0,0.0,0,0.0,0,0.0,0,0.0
福建医科大学附属闽东医院,3,2,no_media,0,3,2023-02,0.0,0.0,1.0,0,0.0,0,0.0,0,0.0,0,0.0,2,1.0,0,0.0,0,0.0,0,0.0,0,0.0
福建卫生报,10,9,no_media,0,9,2021-12,0.0,0.0,1.0,0,0.0,0,0.0,0,0.0,0,0.0,9,1.0,0,0.0,0,0.0,0,0.0,0,0.0
福建政务,2,1,no_media,0,2,2023-02,0.0,0.0,1.0,0,0.0,0,0.0,0,0.0,0,0.0,1,1.0,0,0.0,0,0.0,0,0.0,0,0.0
福建日报,19,18,no_media,0,17,2020-03,0.0,0.0,1.0,0,0.0,0,0.0,0,0.0,0,0.0,18,1.0,0,0.0,0,0.0,0,0.0,0,0.0
福建森林消防,6,5,no_media,0,5,2020-04,0.0,0.0,1.0,0,0.0,0,0.0,0,0.0,0,0.0,5,1.0,0,0.0,0,0.0,0,0.0,0,0.0
福建海博TV,5,4,no_media,0,5,2021-11,0.0,0.0,1.0,0,0.0,0,0.0,0,0.0,0,0.0,4,1.0,0,0.0,0,0.0,0,0.0,0,0.0
福建消防,2,1,no_media,0,2,2021-11,0.0,0.0,1.0,0,0.0,0,0.0,0,0.0,0,0.0,1,1.0,0,0.0,0,0.0,0,0.0,0,0.0
福禄寿喜吉祥茶,2,1,no_media,0,2,2023-02,0.0,0.0,0.0,0,0.0,0,0.0,0,0.0,0,0.0,0,0.0,0,0.0,0,0.0,1,1.0,0,0.0
禹州民政,2,1,no_media,0,2,2023-11,0.0,0.0,1.0,0,0.0,0,0.0,0,0.0,0,0.0,1,1.0,0,0.0,0,0.0,0,0.0,0,0.0
离岛两年多,2,1,no_media,0,2,2023-03,0.0,0.0,0.0,1,1.0,0,0.0,0,0.0,0,0.0,0,0.0,0,0.0,0,0.0,0,0.0,0,0.0
离岛晴空的夏天,2,1,no_media,0,2,2023-04,0.0,0.0,0.0,0,0.0,0,0.0,0,0.0,0,0.0,0,0.0,0,0.0,0,0.0,0,0.0,1,1.0
禾扇Xx,3,2,no_media,0,3,2023-05,0.0,0.5,0.0,1,0.5,0,0.0,1,0.5,0,0.0,0,0.0,0,0.0,0,0.0,0,0.0,0,0.0
私家车999广播,3,2,no_media,0,3,2023-03,0.0,0.0,1.0,0,0.0,0,0.0,0,0.0,0,0.0,2,1.0,0,0.0,0,0.0,0,0.0,0,0.0
秃头小王想退休,2,1,no_media,0,2,2023-06,0.0,0.0,0.0,0,0.0,0,0.0,0,0.0,0,0.0,0,0.0,0,0.0,0,0.0,0,0.0,1,1.0
秋分天下,2,1,dual,13,2,2023-04,0.0,0.0,1.0,0,0.0,0,0.0,0,0.0,0,0.0,1,1.0,0,0.0,0,0.0,0,0.0,0,0.0
秋日限定Vick酱,2,1,no_media,0,2,2023-02,1.0,0.0,0.0,0,0.0,0,0.0,0,0.0,0,0.0,0,0.0,0,0.0,1,1.0,0,0.0,0,0.0
秋色连波2010,3,2,no_media,0,3,2024-05,0.5,0.5,0.0,0,0.0,0,0.0,1,0.5,1,0.5,0,0.0,0,0.0,0,0.0,0,0.0,0,0.0
秋高气爽湛蓝天儿,3,2,no_media,2,3,2023-10,0.5,0.5,0.0,0,0.0,1,0.5,0,0.0,1,0.5,0,0.0,0,0.0,0,0.0,0,0.0,0,0.0
种什么不开花呐,2,1,no_media,0,2,2025-01,0.0,0.0,0.0,0,0.0,0,0.0,0,0.0,0,0.0,0,0.0,1,1.0,0,0.0,0,0.0,0,0.0
种花家的熊猫猫,2,1,no_media,0,2,2023-06,0.0,0.0,0.0,0,0.0,0,0.0,0,0.0,0,0.0,0,0.0,1,1.0,0,0.0,0,0.0,0,0.0
种草长草,2,1,no_media,0,2,2023-07,0.0,0.0,1.0,0,0.0,0,0.0,0,0.0,0,0.0,1,1.0,0,0.0,0,0.0,0,0.0,0,0.0
科大大科学家庭育儿,2,1,no_media,0,2,2023-02,0.0,0.0,1.0,0,0.0,0,0.0,0,0.0,0,0.0,1,1.0,0,0.0,0,0.0,0,0.0,0,0.0
科学导报社,12,11,no_media,0,10,2023-02,0.0,0.0,1.0,0,0.0,0,0.0,0,0.0,0,0.0,11,1.0,0,0.0,0,0.0,0,0.0,0,0.0
科学未来人,7,6,no_media,1,7,2022-10,0.0,0.0,1.0,0,0.0,0,0.0,0,0.0,0,0.0,6,1.0,0,0.0,0,0.0,0,0.0,0,0.0
科学网,3,2,no_media,0,3,2023-04,0.0,0.0,1.0,0,0.0,0,0.0,0,0.0,0,0.0,2,1.0,0,0.0,0,0.0,0,0.0,0,0.0
科幻作家王迪菲,2,1,no_media,0,2,2023-09,0.0,0.0,1.0,0,0.0,0,0.0,0,0.0,0,0.0,1,1.0,0,0.0,0,0.0,0,0.0,0,0.0
科技INF,8,7,no_media,1,7,2023-02,0.14285714285714285,0.0,0.8571428571428571,0,0.0,0,0.0,0,0.0,1,0.14285714285714285,6,0.8571428571428571,0,0.0,0,0.0,0,0.0,0,0.0
科技与女性,9,8,no_media,4,9,2023-04,0.375,0.375,0.25,0,0.0,3,0.375,0,0.0,3,0.375,2,0.25,0,0.0,0,0.0,0,0.0,0,0.0
科技主观说,2,1,no_media,0,2,2023-05,0.0,1.0,0.0,0,0.0,0,0.0,1,1.0,0,0.0,0,0.0,0,0.0,0,0.0,0,0.0,0,0.0
科技事儿,2,1,no_media,0,2,2022-12,0.0,0.0,1.0,0,0.0,0,0.0,0,0.0,0,0.0,1,1.0,0,0.0,0,0.0,0,0.0,0,0.0
科技小丸,2,1,no_media,0,1,2024-08,0.0,0.0,1.0,0,0.0,0,0.0,0,0.0,0,0.0,1,1.0,0,0.0,0,0.0,0,0.0,0,0.0
科技日报,62,61,no_media,0,59,2020-03,0.01639344262295082,0.01639344262295082,0.9672131147540983,0,0.0,1,0.01639344262295082,0,0.0,1,0.01639344262295082,59,0.9672131147540983,0,0.0,0,0.0,0,0.0,0,0.0
科技明星君,2,1,no_media,0,1,2024-03,0.0,0.0,1.0,0,0.0,0,0.0,0,0.0,0,0.0,1,1.0,0,0.0,0,0.0,0,0.0,0,0.0
科技犬建哥,2,1,no_media,0,2,2023-02,0.0,1.0,0.0,0,0.0,1,1.0,0,0.0,0,0.0,0,0.0,0,0.0,0,0.0,0,0.0,0,0.0
科普中国,21,20,no_media,0,17,2020-03,0.0,0.0,1.0,0,0.0,0,0.0,0,0.0,0,0.0,20,1.0,0,0.0,0,0.0,0,0.0,0,0.0
科普重庆,7,6,no_media,0,7,2022-03,0.0,0.0,1.0,0,0.0,0,0.0,0,0.0,0,0.0,6,1.0,0,0.0,0,0.0,0,0.0,0,0.0
科普陕西,2,1,no_media,0,2,2020-03,0.0,0.0,1.0,0,0.0,0,0.0,0,0.0,0,0.0,1,1.0,0,0.0,0,0.0,0,0.0,0,0.0
科研表锅,2,1,no_media,0,2,2023-02,0.0,0.0,1.0,0,0.0,0,0.0,0,0.0,0,0.0,1,1.0,0,0.0,0,0.0,0,0.0,0,0.0
科金院,2,1,no_media,0,2,2024-08,0.0,1.0,0.0,0,0.0,1,1.0,0,0.0,0,0.0,0,0.0,0,0.0,0,0.0,0,0.0,0,0.0
秦一梅吉祥,5,4,no_media,0,5,2023-04,0.0,0.25,0.0,2,0.5,1,0.25,0,0.0,0,0.0,0,0.0,1,0.25,0,0.0,0,0.0,0,0.0
秦东记,3,2,no_media,0,2,2022-12,0.0,0.0,1.0,0,0.0,0,0.0,0,0.0,0,0.0,2,1.0,0,0.0,0,0.0,0,0.0,0,0.0
秦书宝不夜汪,6,5,no_media,1,6,2023-08,0.4,0.2,0.0,1,0.2,1,0.2,0,0.0,1,0.2,0,0.0,1,0.2,1,0.2,0,0.0,0,0.0
秦子雄大队长,2,1,mainstream_only,1,2,2023-07,0.0,1.0,0.0,0,0.0,1,1.0,0,0.0,0,0.0,0,0.0,0,0.0,0,0.0,0,0.0,0,0.0
秦梦琉,5,4,dual,9,3,2022-12,0.25,0.25,0.5,0,0.0,1,0.25,0,0.0,1,0.25,2,0.5,0,0.0,0,0.0,0,0.0,0,0.0
秦永臣DXY,2,1,no_media,1,2,2022-12,0.0,0.0,1.0,0,0.0,0,0.0,0,0.0,0,0.0,1,1.0,0,0.0,0,0.0,0,0.0,0,0.0
秦皇岛微报,2,1,no_media,0,2,2023-11,0.0,0.0,1.0,0,0.0,0,0.0,0,0.0,0,0.0,1,1.0,0,0.0,0,0.0,0,0.0,0,0.0
秦皇岛新闻网,9,8,no_media,0,9,2020-03,0.0,0.0,1.0,0,0.0,0,0.0,0,0.0,0,0.0,8,1.0,0,0.0,0,0.0,0,0.0,0,0.0
秦皇岛电视台今日报道,2,1,no_media,0,2,2023-02,0.0,0.0,1.0,0,0.0,0,0.0,0,0.0,0,0.0,1,1.0,0,0.0,0,0.0,0,0.0,0,0.0
秦砖汉瓦莫言,2,1,no_media,0,2,2022-12,0.0,0.0,1.0,0,0.0,0,0.0,0,0.0,0,0.0,1,1.0,0,0.0,0,0.0,0,0.0,0,0.0
秭归发布,3,2,mainstream_only,1,3,2023-05,0.0,0.0,1.0,0,0.0,0,0.0,0,0.0,0,0.0,2,1.0,0,0.0,0,0.0,0,0.0,0,0.0
积极心理学绘画疗愈,3,2,no_media,1,3,2023-02,0.0,0.0,1.0,0,0.0,0,0.0,0,0.0,0,0.0,2,1.0,0,0.0,0,0.0,0,0.0,0,0.0
稀碎心情,2,1,mainstream_only,9,2,2023-04,0.0,0.0,1.0,0,0.0,0,0.0,0,0.0,0,0.0,1,1.0,0,0.0,0,0.0,0,0.0,0,0.0
程博士身体运动矫正,6,5,no_media,0,6,2023-02,0.2,0.2,0.6,0,0.0,1,0.2,0,0.0,1,0.2,3,0.6,0,0.0,0,0.0,0,0.0,0,0.0
稚奴啃的鸡脖脖,3,2,no_media,1,3,2023-02,0.5,0.5,0.0,0,0.0,1,0.5,0,0.0,1,0.5,0,0.0,0,0.0,0,0.0,0,0.0,0,0.0
稳稳的豆豆,2,1,mainstream_only,3,2,2023-08,0.0,0.0,1.0,0,0.0,0,0.0,0,0.0,0,0.0,1,1.0,0,0.0,0,0.0,0,0.0,0,0.0
稻城小道,2,1,no_media,0,2,2024-01,0.0,0.0,0.0,0,0.0,0,0.0,0,0.0,0,0.0,0,0.0,0,0.0,0,0.0,0,0.0,1,1.0
稻谷与小麦,2,1,no_media,0,1,2023-07,0.0,0.0,1.0,0,0.0,0,0.0,0,0.0,0,0.0,1,1.0,0,0.0,0,0.0,0,0.0,0,0.0
稽首地藏菩萨,3,2,no_media,0,1,2023-07,0.0,0.0,1.0,0,0.0,0,0.0,0,0.0,0,0.0,2,1.0,0,0.0,0,0.0,0,0.0,0,0.0
穆国龙13904582878,9,8,no_media,16,5,2024-07,0.0,0.0,0.0,8,1.0,0,0.0,0,0.0,0,0.0,0,0.0,0,0.0,0,0.0,0,0.0,0,0.0
究竟视频,7,6,no_media,0,7,2020-09,0.0,0.0,1.0,0,0.0,0,0.0,0,0.0,0,0.0,6,1.0,0,0.0,0,0.0,0,0.0,0,0.0
穹庐外的星辰大海,2,1,no_media,0,2,2023-03,0.0,0.0,0.0,1,1.0,0,0.0,0,0.0,0,0.0,0,0.0,0,0.0,0,0.0,0,0.0,0,0.0
穹顶之上话玄学,2,1,no_media,0,2,2024-10,0.0,0.0,1.0,0,0.0,0,0.0,0,0.0,0,0.0,1,1.0,0,0.0,0,0.0,0,0.0,0,0.0
空中漫谈--王新,7,6,no_media,0,7,2023-02,0.0,0.0,1.0,0,0.0,0,0.0,0,0.0,0,0.0,6,1.0,0,0.0,0,0.0,0,0.0,0,0.0
空中飞人666,4,3,no_media,0,4,2023-02,0.3333333333333333,0.3333333333333333,0.0,0,0.0,0,0.0,1,0.3333333333333333,1,0.3333333333333333,0,0.0,0,0.0,0,0.0,1,0.3333333333333333,0,0.0
空壑藏山,2,1,no_media,0,2,2023-04,0.0,0.0,0.0,0,0.0,0,0.0,0,0.0,0,0.0,0,0.0,0,0.0,0,0.0,1,1.0,0,0.0
空手入白刃__,2,1,no_media,2,2,2023-06,0.0,0.0,1.0,0,0.0,0,0.0,0,0.0,0,0.0,1,1.0,0,0.0,0,0.0,0,0.0,0,0.0
空明红莓,2,1,no_media,0,2,2023-02,0.0,0.0,1.0,0,0.0,0,0.0,0,0.0,0,0.0,1,1.0,0,0.0,0,0.0,0,0.0,0,0.0
空空空空rrr,3,2,wemedia_only,9,3,2023-04,0.5,0.5,0.0,0,0.0,1,0.5,0,0.0,1,0.5,0,0.0,0,0.0,0,0.0,0,0.0,0,0.0
空警世界,2,1,no_media,0,2,2023-07,0.0,0.0,1.0,0,0.0,0,0.0,0,0.0,0,0.0,1,1.0,0,0.0,0,0.0,0,0.0,0,0.0
空闻人,2,1,no_media,0,2,2022-12,0.0,0.0,1.0,0,0.0,0,0.0,0,0.0,0,0.0,1,1.0,0,0.0,0,0.0,0,0.0,0,0.0
空陵吸管,2,1,no_media,2,2,2022-12,0.0,0.0,1.0,0,0.0,0,0.0,0,0.0,0,0.0,1,1.0,0,0.0,0,0.0,0,0.0,0,0.0
穿山透地传真,2,1,no_media,0,2,2023-04,0.0,0.0,0.0,0,0.0,0,0.0,0,0.0,0,0.0,0,0.0,1,1.0,0,0.0,0,0.0,0,0.0
穿斗篷的绿色日光灯管安装工,2,1,no_media,0,2,2023-02,0.0,0.0,0.0,0,0.0,0,0.0,0,0.0,0,0.0,0,0.0,0,0.0,0,0.0,0,0.0,1,1.0
穿羽绒服的眯眯眼,9,8,no_media,11,7,2022-12,0.125,0.0,0.0,0,0.0,0,0.0,0,0.0,0,0.0,0,0.0,2,0.25,1,0.125,2,0.25,3,0.375
穿越的冰红茶,3,2,no_media,4,3,2023-03,0.5,0.0,0.0,0,0.0,0,0.0,0,0.0,1,0.5,0,0.0,0,0.0,0,0.0,1,0.5,0,0.0
突泉风韵,3,2,no_media,0,3,2023-02,0.0,0.0,1.0,0,0.0,0,0.0,0,0.0,0,0.0,2,1.0,0,0.0,0,0.0,0,0.0,0,0.0
突袭手,3,2,no_media,0,3,2023-02,0.5,0.5,0.0,0,0.0,0,0.0,1,0.5,1,0.5,0,0.0,0,0.0,0,0.0,0,0.0,0,0.0
窗前的kelly,6,5,mainstream_only,18,6,2023-06,0.4,0.4,0.2,0,0.0,2,0.4,0,0.0,2,0.4,1,0.2,0,0.0,0,0.0,0,0.0,0,0.0
窝头没猫饼,2,1,no_media,0,2,2023-05,0.0,0.0,0.0,0,0.0,0,0.0,0,0.0,0,0.0,0,0.0,1,1.0,0,0.0,0,0.0,0,0.0
窦店健康教育,2,1,no_media,0,2,2023-02,0.0,0.0,1.0,0,0.0,0,0.0,0,0.0,0,0.0,1,1.0,0,0.0,0,0.0,0,0.0,0,0.0
立花岚雪,3,2,no_media,0,3,2023-05,0.0,0.0,0.0,0,0.0,0,0.0,0,0.0,0,0.0,0,0.0,1,0.5,0,0.0,0,0.0,1,0.5
章登政药师,2,1,no_media,0,1,2023-05,0.0,0.0,1.0,0,0.0,0,0.0,0,0.0,0,0.0,1,1.0,0,0.0,0,0.0,0,0.0,0,0.0
章鱼哥R,3,2,no_media,2,3,2024-05,0.0,0.0,1.0,0,0.0,0,0.0,0,0.0,0,0.0,2,1.0,0,0.0,0,0.0,0,0.0,0,0.0
章鱼大神秒天下,2,1,no_media,1,2,2023-04,0.0,1.0,0.0,0,0.0,0,0.0,1,1.0,0,0.0,0,0.0,0,0.0,0,0.0,0,0.0,0,0.0
章鱼洋洋,2,1,wemedia_only,3,1,2022-12,0.0,0.0,1.0,0,0.0,0,0.0,0,0.0,0,0.0,1,1.0,0,0.0,0,0.0,0,0.0,0,0.0
章鱼的海洋之心,2,1,no_media,0,2,2023-02,0.0,0.0,0.0,0,0.0,0,0.0,0,0.0,0,0.0,0,0.0,0,0.0,0,0.0,0,0.0,1,1.0
童姐营养师和小炟同学,3,2,no_media,1,3,2023-01,0.0,0.0,1.0,0,0.0,0,0.0,0,0.0,0,0.0,2,1.0,0,0.0,0,0.0,0,0.0,0,0.0
童宜棠,6,5,no_media,0,4,2022-12,0.0,0.0,1.0,0,0.0,0,0.0,0,0.0,0,0.0,5,1.0,0,0.0,0,0.0,0,0.0,0,0.0
童淇读书,3,2,no_media,0,3,2023-03,0.0,0.0,0.0,0,0.0,0,0.0,0,0.0,0,0.0,0,0.0,0,0.0,0,0.0,0,0.0,2,1.0
童琪雅,2,1,no_media,1,2,2023-04,1.0,0.0,0.0,0,0.0,0,0.0,0,0.0,1,1.0,0,0.0,0,0.0,0,0.0,0,0.0,0,0.0
童童叶1598,2,1,wemedia_only,2,1,2023-01,1.0,0.0,0.0,0,0.0,0,0.0,0,0.0,0,0.0,0,0.0,0,0.0,1,1.0,0,0.0,0,0.0
童鞋的利剑_777,5,4,no_media,0,5,2023-10,0.25,0.0,0.25,2,0.5,0,0.0,0,0.0,1,0.25,1,0.25,0,0.0,0,0.0,0,0.0,0,0.0
童颜永在--心理医生,2,1,mainstream_only,5,2,2023-12,0.0,0.0,0.0,0,0.0,0,0.0,0,0.0,0,0.0,0,0.0,1,1.0,0,0.0,0,0.0,0,0.0
端木小甜心,2,1,no_media,0,2,2023-01,0.0,0.0,0.0,0,0.0,0,0.0,0,0.0,0,0.0,0,0.0,1,1.0,0,0.0,0,0.0,0,0.0
竹外莲花,3,2,no_media,1,3,2023-10,0.0,0.0,1.0,0,0.0,0,0.0,0,0.0,0,0.0,2,1.0,0,0.0,0,0.0,0,0.0,0,0.0
竹庄讲道,37,36,mainstream_only,16,21,2023-08,0.05555555555555555,0.027777777777777776,0.8611111111111112,0,0.0,1,0.027777777777777776,0,0.0,2,0.05555555555555555,31,0.8611111111111112,1,0.027777777777777776,0,0.0,1,0.027777777777777776,0,0.0
竹林三弦,2,1,no_media,0,2,2023-02,0.0,0.0,0.0,1,1.0,0,0.0,0,0.0,0,0.0,0,0.0,0,0.0,0,0.0,0,0.0,0,0.0
笑痴他人醉,3,2,no_media,0,3,2023-03,0.0,0.0,0.0,2,1.0,0,0.0,0,0.0,0,0.0,0,0.0,0,0.0,0,0.0,0,0.0,0,0.0
笑看红绿,2,1,no_media,2,2,2022-04,0.0,0.0,1.0,0,0.0,0,0.0,0,0.0,0,0.0,1,1.0,0,0.0,0,0.0,0,0.0,0,0.0
笑笑一言斋,3,2,no_media,0,3,2023-08,0.0,0.0,0.5,0,0.0,0,0.0,0,0.0,0,0.0,1,0.5,1,0.5,0,0.0,0,0.0,0,0.0
笑笑无心,4,3,no_media,0,4,2024-03,0.3333333333333333,0.0,0.0,2,0.6666666666666666,0,0.0,0,0.0,0,0.0,0,0.0,0,0.0,1,0.3333333333333333,0,0.0,0,0.0
笑而倾城,2,1,no_media,0,2,2023-09,1.0,0.0,0.0,0,0.0,0,0.0,0,0.0,0,0.0,0,0.0,0,0.0,1,1.0,0,0.0,0,0.0
笔月风水师,2,1,no_media,0,2,2023-05,0.0,0.0,1.0,0,0.0,0,0.0,0,0.0,0,0.0,1,1.0,0,0.0,0,0.0,0,0.0,0,0.0
笔耕太行,5,4,no_media,0,4,2022-11,0.0,0.0,1.0,0,0.0,0,0.0,0,0.0,0,0.0,4,1.0,0,0.0,0,0.0,0,0.0,0,0.0
笙歌未凉,2,1,no_media,0,2,2023-08,0.0,0.0,0.0,0,0.0,0,0.0,0,0.0,0,0.0,0,0.0,0,0.0,0,0.0,0,0.0,1,1.0
笛卡吾,2,1,wemedia_only,3,1,2023-02,0.0,0.0,1.0,0,0.0,0,0.0,0,0.0,0,0.0,1,1.0,0,0.0,0,0.0,0,0.0,0,0.0
笨笨是个有知识的好青年,2,1,no_media,5,2,2023-02,0.0,1.0,0.0,0,0.0,1,1.0,0,0.0,0,0.0,0,0.0,0,0.0,0,0.0,0,0.0,0,0.0
第1眼视频,4,3,no_media,0,4,2022-03,0.0,0.3333333333333333,0.0,0,0.0,1,0.3333333333333333,0,0.0,0,0.0,0,0.0,1,0.3333333333333333,0,0.0,1,0.3333333333333333,0,0.0
第一合肥,2,1,mainstream_only,1,2,2023-05,0.0,0.0,1.0,0,0.0,0,0.0,0,0.0,0,0.0,1,1.0,0,0.0,0,0.0,0,0.0,0,0.0
第一帮帮团,4,3,no_media,0,3,2023-03,0.0,0.0,1.0,0,0.0,0,0.0,0,0.0,0,0.0,3,1.0,0,0.0,0,0.0,0,0.0,0,0.0
第一时间,3,2,no_media,0,3,2023-09,0.0,0.0,1.0,0,0.0,0,0.0,0,0.0,0,0.0,2,1.0,0,0.0,0,0.0,0,0.0,0,0.0
第一现场,2,1,no_media,0,2,2023-02,0.0,0.0,1.0,0,0.0,0,0.0,0,0.0,0,0.0,1,1.0,0,0.0,0,0.0,0,0.0,0,0.0
第一球迷胖哥,10,9,mainstream_only,2,10,2022-04,0.0,0.1111111111111111,0.8888888888888888,0,0.0,1,0.1111111111111111,0,0.0,0,0.0,8,0.8888888888888888,0,0.0,0,0.0,0,0.0,0,0.0
第一财经YiMagazine,5,4,no_media,0,5,2020-03,0.0,0.0,1.0,0,0.0,0,0.0,0,0.0,0,0.0,4,1.0,0,0.0,0,0.0,0,0.0,0,0.0
第一财经广播,5,4,no_media,0,5,2021-12,0.0,0.0,1.0,0,0.0,0,0.0,0,0.0,0,0.0,4,1.0,0,0.0,0,0.0,0,0.0,0,0.0
第一财经日报,20,19,no_media,0,20,2023-02,0.0,0.0,1.0,0,0.0,0,0.0,0,0.0,0,0.0,19,1.0,0,0.0,0,0.0,0,0.0,0,0.0
第一辣妹,3,2,no_media,0,3,2024-02,0.0,0.0,1.0,0,0.0,0,0.0,0,0.0,0,0.0,2,1.0,0,0.0,0,0.0,0,0.0,0,0.0
第三人造天堂,2,1,wemedia_only,3,2,2023-05,1.0,0.0,0.0,0,0.0,0,0.0,0,0.0,1,1.0,0,0.0,0,0.0,0,0.0,0,0.0,0,0.0
第五生命体征,2,1,no_media,0,2,2023-02,0.0,0.0,1.0,0,0.0,0,0.0,0,0.0,0,0.0,1,1.0,0,0.0,0,0.0,0,0.0,0,0.0
第十一诊室,2,1,no_media,0,2,2023-02,0.0,0.0,1.0,0,0.0,0,0.0,0,0.0,0,0.0,1,1.0,0,0.0,0,0.0,0,0.0,0,0.0
等一下不就行了,3,2,no_media,6,2,2024-12,0.0,0.5,0.5,0,0.0,1,0.5,0,0.0,0,0.0,1,0.5,0,0.0,0,0.0,0,0.0,0,0.0
等待夏天65794,4,3,no_media,0,3,2025-05,0.0,0.0,1.0,0,0.0,0,0.0,0,0.0,0,0.0,3,1.0,0,0.0,0,0.0,0,0.0,0,0.0
等电子的氯,2,1,no_media,3,2,2023-12,0.0,0.0,1.0,0,0.0,0,0.0,0,0.0,0,0.0,1,1.0,0,0.0,0,0.0,0,0.0,0,0.0
等等手作,3,2,no_media,0,3,2024-11,0.5,0.5,0.0,0,0.0,0,0.0,1,0.5,0,0.0,0,0.0,0,0.0,1,0.5,0,0.0,0,0.0
策划人毛庆海,14,13,no_media,0,13,2022-12,0.0,0.0,1.0,0,0.0,0,0.0,0,0.0,0,0.0,13,1.0,0,0.0,0,0.0,0,0.0,0,0.0
筝的在,2,1,no_media,1,2,2023-04,1.0,0.0,0.0,0,0.0,0,0.0,0,0.0,1,1.0,0,0.0,0,0.0,0,0.0,0,0.0,0,0.0
筠子花树,2,1,no_media,0,2,2023-02,0.0,0.0,0.0,0,0.0,0,0.0,0,0.0,0,0.0,0,0.0,1,1.0,0,0.0,0,0.0,0,0.0
筷子子OvO,2,1,no_media,0,2,2023-11,0.0,0.0,0.0,0,0.0,0,0.0,0,0.0,0,0.0,0,0.0,0,0.0,0,0.0,1,1.0,0,0.0
简书阳,2,1,no_media,0,2,2022-12,0.0,1.0,0.0,0,0.0,0,0.0,1,1.0,0,0.0,0,0.0,0,0.0,0,0.0,0,0.0,0,0.0
简喵JaneMeow_骨折恢复中,4,3,no_media,0,4,2023-02,0.3333333333333333,0.3333333333333333,0.0,0,0.0,1,0.3333333333333333,0,0.0,0,0.0,0,0.0,0,0.0,1,0.3333333333333333,0,0.0,1,0.3333333333333333
簌簌花微雨,3,2,wemedia_only,5,3,2023-08,0.5,0.5,0.0,0,0.0,1,0.5,0,0.0,1,0.5,0,0.0,0,0.0,0,0.0,0,0.0,0,0.0
米什卡_讨厌曲面屏版,2,1,no_media,0,2,2023-06,1.0,0.0,0.0,0,0.0,0,0.0,0,0.0,1,1.0,0,0.0,0,0.0,0,0.0,0,0.0,0,0.0
米儿不知道自己做错了什么,2,1,no_media,1,2,2023-02,0.0,0.0,0.0,0,0.0,0,0.0,0,0.0,0,0.0,0,0.0,1,1.0,0,0.0,0,0.0,0,0.0
米兰达物语_,2,1,no_media,0,1,2023-04,0.0,0.0,1.0,0,0.0,0,0.0,0,0.0,0,0.0,1,1.0,0,0.0,0,0.0,0,0.0,0,0.0
米咖哆,2,1,no_media,0,2,2023-09,0.0,0.0,0.0,0,0.0,0,0.0,0,0.0,0,0.0,0,0.0,0,0.0,0,0.0,1,1.0,0,0.0
米小贝壳,3,2,no_media,2,3,2023-02,0.0,0.0,0.5,0,0.0,0,0.0,0,0.0,0,0.0,1,0.5,1,0.5,0,0.0,0,0.0,0,0.0
米池michi,3,2,no_media,0,3,2023-05,0.0,0.0,0.0,0,0.0,0,0.0,0,0.0,0,0.0,0,0.0,1,0.5,0,0.0,1,0.5,0,0.0
米溯saku,2,1,no_media,0,2,2023-06,0.0,0.0,1.0,0,0.0,0,0.0,0,0.0,0,0.0,1,1.0,0,0.0,0,0.0,0,0.0,0,0.0
米米油,2,1,mainstream_only,1,2,2023-02,0.0,0.0,1.0,0,0.0,0,0.0,0,0.0,0,0.0,1,1.0,0,0.0,0,0.0,0,0.0,0,0.0
米线忠实爱好者_095,2,1,no_media,0,2,2024-09,0.0,0.0,0.0,0,0.0,0,0.0,0,0.0,0,0.0,0,0.0,0,0.0,0,0.0,0,0.0,1,1.0
米虫王,6,5,no_media,2,6,2023-03,0.2,0.4,0.4,0,0.0,2,0.4,0,0.0,1,0.2,2,0.4,0,0.0,0,0.0,0,0.0,0,0.0
类人幻觉体验师,2,1,wemedia_only,1,2,2023-04,1.0,0.0,0.0,0,0.0,0,0.0,0,0.0,1,1.0,0,0.0,0,0.0,0,0.0,0,0.0,0,0.0
粉条炖冬瓜,2,1,no_media,0,2,2022-12,0.0,0.0,1.0,0,0.0,0,0.0,0,0.0,0,0.0,1,1.0,0,0.0,0,0.0,0,0.0,0,0.0
粉红玫瑰的微博,6,5,no_media,4,6,2023-10,0.4,0.2,0.0,2,0.4,1,0.2,0,0.0,2,0.4,0,0.0,0,0.0,0,0.0,0,0.0,0,0.0
粉红砒霜,2,1,no_media,0,2,2023-06,0.0,0.0,1.0,0,0.0,0,0.0,0,0.0,0,0.0,1,1.0,0,0.0,0,0.0,0,0.0,0,0.0
粤TV,5,4,no_media,0,5,2023-02,0.0,0.0,1.0,0,0.0,0,0.0,0,0.0,0,0.0,4,1.0,0,0.0,0,0.0,0,0.0,0,0.0
精彩东方,6,5,no_media,12,5,2022-09,0.0,0.0,1.0,0,0.0,0,0.0,0,0.0,0,0.0,5,1.0,0,0.0,0,0.0,0,0.0,0,0.0
精彩好精彩,2,1,no_media,0,2,2023-02,0.0,0.0,0.0,0,0.0,0,0.0,0,0.0,0,0.0,0,0.0,0,0.0,0,0.0,1,1.0,0,0.0
精神病怨长,2,1,no_media,1,2,2023-12,0.0,1.0,0.0,0,0.0,0,0.0,1,1.0,0,0.0,0,0.0,0,0.0,0,0.0,0,0.0,0,0.0
精致梨,2,1,no_media,0,2,2023-08,0.0,0.0,0.0,0,0.0,0,0.0,0,0.0,0,0.0,0,0.0,0,0.0,0,0.0,0,0.0,1,1.0
糕冷小宝y,2,1,no_media,0,2,2023-07,0.0,0.0,1.0,0,0.0,0,0.0,0,0.0,0,0.0,1,1.0,0,0.0,0,0.0,0,0.0,0,0.0
糖友程翻译,3,2,no_media,0,3,2020-03,0.0,0.0,1.0,0,0.0,0,0.0,0,0.0,0,0.0,2,1.0,0,0.0,0,0.0,0,0.0,0,0.0
糖尿病营养师-郝孟忠,3,2,no_media,0,3,2023-02,0.0,0.0,0.5,0,0.0,0,0.0,0,0.0,0,0.0,1,0.5,0,0.0,0,0.0,1,0.5,0,0.0
糖葫芦可太好吃了-,4,3,no_media,0,4,2023-08,0.0,0.3333333333333333,0.0,0,0.0,1,0.3333333333333333,0,0.0,0,0.0,0,0.0,1,0.3333333333333333,0,0.0,0,0.0,1,0.3333333333333333
糜稽Milluki,10,9,no_media,0,8,2023-03,0.1111111111111111,0.1111111111111111,0.1111111111111111,1,0.1111111111111111,0,0.0,1,0.1111111111111111,1,0.1111111111111111,1,0.1111111111111111,2,0.2222222222222222,0,0.0,2,0.2222222222222222,1,0.1111111111111111
系咪帝,2,1,no_media,0,2,2024-02,0.0,1.0,0.0,0,0.0,0,0.0,1,1.0,0,0.0,0,0.0,0,0.0,0,0.0,0,0.0,0,0.0
系好想见你的海大米呀,2,1,no_media,1,2,2024-01,0.0,0.0,0.0,1,1.0,0,0.0,0,0.0,0,0.0,0,0.0,0,0.0,0,0.0,0,0.0,0,0.0
素芳1,2,1,no_media,0,2,2023-02,0.0,0.0,0.0,0,0.0,0,0.0,0,0.0,0,0.0,0,0.0,0,0.0,0,0.0,0,0.0,1,1.0
素魅瓶笙,2,1,no_media,0,2,2023-05,1.0,0.0,0.0,0,0.0,0,0.0,0,0.0,0,0.0,0,0.0,0,0.0,1,1.0,0,0.0,0,0.0
索南拉姆可以Mdrt,2,1,no_media,0,2,2023-07,0.0,0.0,0.0,0,0.0,0,0.0,0,0.0,0,0.0,0,0.0,0,0.0,0,0.0,0,0.0,1,1.0
紧急扩散寻人,2,1,no_media,0,2,2023-02,0.0,0.0,1.0,0,0.0,0,0.0,0,0.0,0,0.0,1,1.0,0,0.0,0,0.0,0,0.0,0,0.0
紫予心晴,2,1,no_media,0,2,2023-03,0.0,1.0,0.0,0,0.0,0,0.0,1,1.0,0,0.0,0,0.0,0,0.0,0,0.0,0,0.0,0,0.0
紫凝0212,2,1,no_media,0,2,2023-02,0.0,0.0,0.0,0,0.0,0,0.0,0,0.0,0,0.0,0,0.0,0,0.0,0,0.0,1,1.0,0,0.0
紫去独闲,5,4,no_media,0,5,2023-02,0.0,0.0,0.0,0,0.0,0,0.0,0,0.0,0,0.0,0,0.0,0,0.0,0,0.0,0,0.0,4,1.0
紫府求真,2,1,no_media,10,2,2023-09,0.0,0.0,1.0,0,0.0,0,0.0,0,0.0,0,0.0,1,1.0,0,0.0,0,0.0,0,0.0,0,0.0
紫悦_梅花诗,2,1,no_media,1,2,2025-01,0.0,0.0,0.0,0,0.0,0,0.0,0,0.0,0,0.0,0,0.0,0,0.0,0,0.0,1,1.0,0,0.0
紫晶靈玲,8,7,no_media,0,7,2023-07,0.0,0.0,0.7142857142857143,0,0.0,0,0.0,0,0.0,0,0.0,5,0.7142857142857143,1,0.14285714285714285,0,0.0,1,0.14285714285714285,0,0.0
紫水晶1998上海,5,4,no_media,0,5,2023-09,0.0,0.0,1.0,0,0.0,0,0.0,0,0.0,0,0.0,4,1.0,0,0.0,0,0.0,0,0.0,0,0.0
紫烟文化,2,1,no_media,0,2,2023-03,0.0,0.0,1.0,0,0.0,0,0.0,0,0.0,0,0.0,1,1.0,0,0.0,0,0.0,0,0.0,0,0.0
紫牛新闻,2,1,no_media,0,2,2023-02,1.0,0.0,0.0,0,0.0,0,0.0,0,0.0,1,1.0,0,0.0,0,0.0,0,0.0,0,0.0,0,0.0
紫竹仙姑_KnK,21,20,no_media,0,21,2023-02,0.05,0.05,0.9,0,0.0,1,0.05,0,0.0,1,0.05,18,0.9,0,0.0,0,0.0,0,0.0,0,0.0
紫苏雪泪,2,1,no_media,0,2,2023-07,0.0,0.0,0.0,0,0.0,0,0.0,0,0.0,0,0.0,0,0.0,0,0.0,0,0.0,1,1.0,0,0.0
紫苑远志,2,1,no_media,2,2,2023-07,0.0,0.0,1.0,0,0.0,0,0.0,0,0.0,0,0.0,1,1.0,0,0.0,0,0.0,0,0.0,0,0.0
紫荆树,2,1,no_media,0,2,2023-02,0.0,0.0,0.0,0,0.0,0,0.0,0,0.0,0,0.0,0,0.0,0,0.0,0,0.0,1,1.0,0,0.0
紫菜包的美乐地,2,1,no_media,0,1,2023-02,0.0,0.0,1.0,0,0.0,0,0.0,0,0.0,0,0.0,1,1.0,0,0.0,0,0.0,0,0.0,0,0.0
紫钰_自然,2,1,no_media,0,2,2023-02,0.0,0.0,0.0,0,0.0,0,0.0,0,0.0,0,0.0,0,0.0,0,0.0,0,0.0,1,1.0,0,0.0
紫霄时雨_,2,1,no_media,0,2,2023-03,0.0,0.0,0.0,0,0.0,0,0.0,0,0.0,0,0.0,0,0.0,0,0.0,0,0.0,0,0.0,1,1.0
細數窗外雪飄落多繽紛-,2,1,no_media,0,1,2023-06,0.0,0.0,1.0,0,0.0,0,0.0,0,0.0,0,0.0,1,1.0,0,0.0,0,0.0,0,0.0,0,0.0
終焉魔女,2,1,no_media,0,2,2023-05,0.0,1.0,0.0,0,0.0,0,0.0,1,1.0,0,0.0,0,0.0,0,0.0,0,0.0,0,0.0,0,0.0
綺麗夢境,3,2,no_media,0,3,2023-05,0.0,0.0,0.0,0,0.0,0,0.0,0,0.0,0,0.0,0,0.0,1,0.5,0,0.0,1,0.5,0,0.0
繁榕小妹,2,1,no_media,0,2,2023-03,0.0,0.0,0.0,0,0.0,0,0.0,0,0.0,0,0.0,0,0.0,0,0.0,0,0.0,0,0.0,1,1.0
繇kp,2,1,no_media,0,1,2023-04,0.0,0.0,1.0,0,0.0,0,0.0,0,0.0,0,0.0,1,1.0,0,0.0,0,0.0,0,0.0,0,0.0
红塔区发布,11,10,no_media,0,9,2022-05,0.0,0.0,1.0,0,0.0,0,0.0,0,0.0,0,0.0,10,1.0,0,0.0,0,0.0,0,0.0,0,0.0
红姐文娱,2,1,no_media,0,2,2024-09,0.0,1.0,0.0,0,0.0,0,0.0,1,1.0,0,0.0,0,0.0,0,0.0,0,0.0,0,0.0,0,0.0
红星新闻,41,40,no_media,0,38,2020-03,0.025,0.025,0.95,0,0.0,1,0.025,0,0.0,1,0.025,38,0.95,0,0.0,0,0.0,0,0.0,0,0.0
红星视频,9,8,no_media,0,8,2020-03,0.0,0.0,1.0,0,0.0,0,0.0,0,0.0,0,0.0,8,1.0,0,0.0,0,0.0,0,0.0,0,0.0
红星资本局,13,12,no_media,0,9,2022-01,0.0,0.0,1.0,0,0.0,0,0.0,0,0.0,0,0.0,12,1.0,0,0.0,0,0.0,0,0.0,0,0.0
红枫湾,2,1,no_media,0,2,2023-06,0.0,0.0,1.0,0,0.0,0,0.0,0,0.0,0,0.0,1,1.0,0,0.0,0,0.0,0,0.0,0,0.0
红桥发布,20,19,no_media,0,20,2023-02,0.0,0.0,1.0,0,0.0,0,0.0,0,0.0,0,0.0,19,1.0,0,0.0,0,0.0,0,0.0,0,0.0
红歌会网,8,7,no_media,0,8,2023-02,0.0,0.0,1.0,0,0.0,0,0.0,0,0.0,0,0.0,7,1.0,0,0.0,0,0.0,0,0.0,0,0.0
红糖蒸糕,2,1,wemedia_only,1,2,2023-09,1.0,0.0,0.0,0,0.0,0,0.0,0,0.0,1,1.0,0,0.0,0,0.0,0,0.0,0,0.0,0,0.0
红色光芒2017,2,1,no_media,4,2,2022-10,0.0,0.0,1.0,0,0.0,0,0.0,0,0.0,0,0.0,1,1.0,0,0.0,0,0.0,0,0.0,0,0.0
红色科学家,2,1,no_media,2,2,2023-08,0.0,0.0,1.0,0,0.0,0,0.0,0,0.0,0,0.0,1,1.0,0,0.0,0,0.0,0,0.0,0,0.0
红色经典白,11,10,wemedia_only,11,5,2025-01,0.0,0.0,1.0,0,0.0,0,0.0,0,0.0,0,0.0,10,1.0,0,0.0,0,0.0,0,0.0,0,0.0
红色高墙,2,1,no_media,0,2,2023-11,0.0,0.0,1.0,0,0.0,0,0.0,0,0.0,0,0.0,1,1.0,0,0.0,0,0.0,0,0.0,0,0.0
红遍天A市,3,2,no_media,0,3,2024-04,0.0,0.5,0.0,1,0.5,1,0.5,0,0.0,0,0.0,0,0.0,0,0.0,0,0.0,0,0.0,0,0.0
约好看日出27,4,3,no_media,0,4,2023-05,0.3333333333333333,0.3333333333333333,0.0,0,0.0,0,0.0,1,0.3333333333333333,0,0.0,0,0.0,0,0.0,1,0.3333333333333333,0,0.0,1,0.3333333333333333
约翰霍普金斯医疗集团,2,1,no_media,0,2,2023-10,0.0,0.0,1.0,0,0.0,0,0.0,0,0.0,0,0.0,1,1.0,0,0.0,0,0.0,0,0.0,0,0.0
纯尚女神,2,1,no_media,2,2,2025-05,0.0,0.0,1.0,0,0.0,0,0.0,0,0.0,0,0.0,1,1.0,0,0.0,0,0.0,0,0.0,0,0.0
纯情鲫鱼汤,2,1,no_media,0,1,2025-06,0.0,0.0,0.0,1,1.0,0,0.0,0,0.0,0,0.0,0,0.0,0,0.0,0,0.0,0,0.0,0,0.0
纯洁的万事屋,3,2,no_media,2,3,2023-02,0.0,0.0,0.0,0,0.0,0,0.0,0,0.0,0,0.0,0,0.0,1,0.5,0,0.0,1,0.5,0,0.0
纯爱水豚,4,3,no_media,2,4,2023-05,0.3333333333333333,0.3333333333333333,0.3333333333333333,0,0.0,1,0.3333333333333333,0,0.0,1,0.3333333333333333,1,0.3333333333333333,0,0.0,0,0.0,0,0.0,0,0.0
纯纯的喜欢0119,2,1,no_media,0,2,2023-10,0.0,0.0,0.0,0,0.0,0,0.0,0,0.0,0,0.0,0,0.0,0,0.0,0,0.0,0,0.0,1,1.0
纳薇山居,2,1,no_media,1,2,2023-08,0.0,0.0,0.0,1,1.0,0,0.0,0,0.0,0,0.0,0,0.0,0,0.0,0,0.0,0,0.0,0,0.0
纵相新闻,8,7,no_media,0,8,2020-12,0.14285714285714285,0.14285714285714285,0.7142857142857143,0,0.0,1,0.14285714285714285,0,0.0,1,0.14285714285714285,5,0.7142857142857143,0,0.0,0,0.0,0,0.0,0,0.0
纶柒紗琉,4,3,wemedia_only,6,1,2020-03,0.0,0.0,1.0,0,0.0,0,0.0,0,0.0,0,0.0,3,1.0,0,0.0,0,0.0,0,0.0,0,0.0
纽约圣诞节,3,2,no_media,2,3,2023-05,0.0,0.0,1.0,0,0.0,0,0.0,0,0.0,0,0.0,2,1.0,0,0.0,0,0.0,0,0.0,0,0.0
纽约桃花S,2,1,no_media,0,2,2024-11,0.0,0.0,1.0,0,0.0,0,0.0,0,0.0,0,0.0,1,1.0,0,0.0,0,0.0,0,0.0,0,0.0
绅士的喵月大人,2,1,mainstream_only,2,2,2023-12,0.0,0.0,1.0,0,0.0,0,0.0,0,0.0,0,0.0,1,1.0,0,0.0,0,0.0,0,0.0,0,0.0
细嗅蔷薇_la,2,1,no_media,5,2,2023-01,0.0,0.0,0.0,0,0.0,0,0.0,0,0.0,0,0.0,0,0.0,0,0.0,0,0.0,0,0.0,1,1.0
细河区发布,4,3,no_media,0,4,2023-09,0.0,0.0,1.0,0,0.0,0,0.0,0,0.0,0,0.0,3,1.0,0,0.0,0,0.0,0,0.0,0,0.0
细胞健康博主,5,4,no_media,0,5,2024-04,0.0,0.0,1.0,0,0.0,0,0.0,0,0.0,0,0.0,4,1.0,0,0.0,0,0.0,0,0.0,0,0.0
细胞医疗健康,3,2,no_media,0,3,2023-06,0.0,0.0,1.0,0,0.0,0,0.0,0,0.0,0,0.0,2,1.0,0,0.0,0,0.0,0,0.0,0,0.0
细雨骑驴打滚,2,1,mainstream_only,2,2,2023-06,0.0,0.0,1.0,0,0.0,0,0.0,0,0.0,0,0.0,1,1.0,0,0.0,0,0.0,0,0.0,0,0.0
绍兴交警,2,1,no_media,0,2,2022-04,0.0,0.0,1.0,0,0.0,0,0.0,0,0.0,0,0.0,1,1.0,0,0.0,0,0.0,0,0.0,0,0.0
绍兴公安,4,3,no_media,1,4,2020-04,0.0,0.0,1.0,0,0.0,0,0.0,0,0.0,0,0.0,3,1.0,0,0.0,0,0.0,0,0.0,0,0.0
绍兴发布,2,1,mainstream_only,2,2,2023-02,0.0,0.0,1.0,0,0.0,0,0.0,0,0.0,0,0.0,1,1.0,0,0.0,0,0.0,0,0.0,0,0.0
绎萦在努力,2,1,no_media,3,2,2022-12,0.0,0.0,0.0,0,0.0,0,0.0,0,0.0,0,0.0,0,0.0,0,0.0,0,0.0,0,0.0,1,1.0
经方中医张先生,50,49,no_media,0,42,2023-02,0.02040816326530612,0.02040816326530612,0.9591836734693877,0,0.0,1,0.02040816326530612,0,0.0,1,0.02040816326530612,47,0.9591836734693877,0,0.0,0,0.0,0,0.0,0,0.0
经方中医黄波,15,14,no_media,0,15,2023-08,0.0,0.0,0.7142857142857143,0,0.0,0,0.0,0,0.0,0,0.0,10,0.7142857142857143,2,0.14285714285714285,0,0.0,2,0.14285714285714285,0,0.0
经方李正阳,2,1,no_media,0,2,2025-05,0.0,0.0,1.0,0,0.0,0,0.0,0,0.0,0,0.0,1,1.0,0,0.0,0,0.0,0,0.0,0,0.0
经方梧桐先生,37,36,no_media,7,34,2023-05,0.08333333333333333,0.08333333333333333,0.75,0,0.0,3,0.08333333333333333,0,0.0,3,0.08333333333333333,27,0.75,1,0.027777777777777776,0,0.0,1,0.027777777777777776,1,0.027777777777777776
经济参考报,8,7,no_media,0,7,2022-05,0.0,0.0,1.0,0,0.0,0,0.0,0,0.0,0,0.0,7,1.0,0,0.0,0,0.0,0,0.0,0,0.0
经济学人集团,2,1,no_media,0,2,2023-03,0.0,0.0,1.0,0,0.0,0,0.0,0,0.0,0,0.0,1,1.0,0,0.0,0,0.0,0,0.0,0,0.0
经济学圈,2,1,no_media,0,2,2023-06,0.0,0.0,1.0,0,0.0,0,0.0,0,0.0,0,0.0,1,1.0,0,0.0,0,0.0,0,0.0,0,0.0
经济日报,11,10,no_media,0,10,2021-08,0.0,0.0,1.0,0,0.0,0,0.0,0,0.0,0,0.0,10,1.0,0,0.0,0,0.0,0,0.0,0,0.0
经济观察报,13,12,no_media,0,11,2023-02,0.0,0.0,0.8333333333333334,0,0.0,0,0.0,0,0.0,0,0.0,10,0.8333333333333334,1,0.08333333333333333,0,0.0,1,0.08333333333333333,0,0.0
经海九路,3,2,no_media,0,2,2023-05,0.0,0.0,0.0,0,0.0,0,0.0,0,0.0,0,0.0,0,0.0,0,0.0,0,0.0,1,0.5,1,0.5
经纬航空医疗OAMA,16,15,no_media,0,15,2023-02,0.0,0.0,1.0,0,0.0,0,0.0,0,0.0,0,0.0,15,1.0,0,0.0,0,0.0,0,0.0,0,0.0
经视直播,7,6,no_media,0,7,2023-02,0.0,0.0,1.0,0,0.0,0,0.0,0,0.0,0,0.0,6,1.0,0,0.0,0,0.0,0,0.0,0,0.0
绒绒毛毛兔,4,3,no_media,0,4,2023-02,0.0,0.0,1.0,0,0.0,0,0.0,0,0.0,0,0.0,3,1.0,0,0.0,0,0.0,0,0.0,0,0.0
绘灵-CleverCool,2,1,no_media,0,2,2023-06,0.0,0.0,1.0,0,0.0,0,0.0,0,0.0,0,0.0,1,1.0,0,0.0,0,0.0,0,0.0,0,0.0
给你点超大杯冷萃,11,10,no_media,2,11,2023-05,0.1,0.0,0.7,0,0.0,0,0.0,0,0.0,1,0.1,7,0.7,1,0.1,0,0.0,1,0.1,0,0.0
给生活加点蜜2018,2,1,no_media,0,2,2024-08,0.0,0.0,0.0,0,0.0,0,0.0,0,0.0,0,0.0,0,0.0,0,0.0,0,0.0,0,0.0,1,1.0
络通生物中医橘络小分子果胶,18,17,no_media,0,15,2023-02,0.0,0.0,1.0,0,0.0,0,0.0,0,0.0,0,0.0,17,1.0,0,0.0,0,0.0,0,0.0,0,0.0
绝不打酱油1,2,1,no_media,0,2,2024-06,0.0,0.0,1.0,0,0.0,0,0.0,0,0.0,0,0.0,1,1.0,0,0.0,0,0.0,0,0.0,0,0.0
绝对美受厨,3,2,no_media,0,3,2023-02,0.5,0.0,0.0,0,0.0,0,0.0,0,0.0,0,0.0,0,0.0,0,0.0,1,0.5,0,0.0,1,0.5
绥阳人民检察,2,1,no_media,0,2,2023-01,0.0,0.0,1.0,0,0.0,0,0.0,0,0.0,0,0.0,1,1.0,0,0.0,0,0.0,0,0.0,0,0.0
绥阳检察院,8,7,no_media,0,7,2022-03,0.0,0.0,1.0,0,0.0,0,0.0,0,0.0,0,0.0,7,1.0,0,0.0,0,0.0,0,0.0,0,0.0
绪刚观天,4,3,no_media,0,4,2022-01,0.0,0.0,1.0,0,0.0,0,0.0,0,0.0,0,0.0,3,1.0,0,0.0,0,0.0,0,0.0,0,0.0
绮梦珀,2,1,no_media,0,2,2023-02,1.0,0.0,0.0,0,0.0,0,0.0,0,0.0,0,0.0,0,0.0,0,0.0,1,1.0,0,0.0,0,0.0
绮蝶夕_,3,2,no_media,4,3,2024-01,0.5,0.0,0.0,0,0.0,0,0.0,0,0.0,1,0.5,0,0.0,0,0.0,0,0.0,1,0.5,0,0.0
绯翼_TAKI燏麒麟,2,1,no_media,0,2,2023-06,0.0,1.0,0.0,0,0.0,1,1.0,0,0.0,0,0.0,0,0.0,0,0.0,0,0.0,0,0.0,0,0.0
维c也晴Fklm,2,1,no_media,0,2,2023-12,0.0,0.0,0.0,0,0.0,0,0.0,0,0.0,0,0.0,0,0.0,0,0.0,0,0.0,0,0.0,1,1.0
维卡斯啦啦啦啦啦,8,7,wemedia_only,12,8,2023-02,0.14285714285714285,0.14285714285714285,0.0,1,0.14285714285714285,0,0.0,1,0.14285714285714285,1,0.14285714285714285,0,0.0,1,0.14285714285714285,0,0.0,2,0.2857142857142857,1,0.14285714285714285
维奈托克15306538483,3,2,no_media,0,3,2023-02,0.0,0.0,1.0,0,0.0,0,0.0,0,0.0,0,0.0,2,1.0,0,0.0,0,0.0,0,0.0,0,0.0
维德医疗官方微博,4,3,no_media,1,4,2023-06,0.0,0.0,1.0,0,0.0,0,0.0,0,0.0,0,0.0,3,1.0,0,0.0,0,0.0,0,0.0,0,0.0
维斯托派,2,1,no_media,0,2,2025-04,0.0,0.0,1.0,0,0.0,0,0.0,0,0.0,0,0.0,1,1.0,0,0.0,0,0.0,0,0.0,0,0.0
维港健康平台,4,3,no_media,0,3,2023-02,0.0,0.0,1.0,0,0.0,0,0.0,0,0.0,0,0.0,3,1.0,0,0.0,0,0.0,0,0.0,0,0.0
维维滴豆奶么么哒,7,6,dual,13,7,2023-06,0.16666666666666666,0.16666666666666666,0.16666666666666666,0,0.0,1,0.16666666666666666,0,0.0,0,0.0,1,0.16666666666666666,2,0.3333333333333333,1,0.16666666666666666,1,0.16666666666666666,0,0.0
绵阳公安交警,2,1,no_media,0,2,2022-10,0.0,0.0,1.0,0,0.0,0,0.0,0,0.0,0,0.0,1,1.0,0,0.0,0,0.0,0,0.0,0,0.0
综艺星私藏,2,1,no_media,0,1,2025-02,0.0,0.0,1.0,0,0.0,0,0.0,0,0.0,0,0.0,1,1.0,0,0.0,0,0.0,0,0.0,0,0.0
综艺轨迹线,2,1,no_media,0,2,2023-02,0.0,0.0,1.0,0,0.0,0,0.0,0,0.0,0,0.0,1,1.0,0,0.0,0,0.0,0,0.0,0,0.0
绿A螺旋藻官方微博,3,2,no_media,0,3,2023-11,0.0,0.0,1.0,0,0.0,0,0.0,0,0.0,0,0.0,2,1.0,0,0.0,0,0.0,0,0.0,0,0.0
绿叶枇杷,2,1,no_media,0,2,2023-02,0.0,0.0,0.0,1,1.0,0,0.0,0,0.0,0,0.0,0,0.0,0,0.0,0,0.0,0,0.0,0,0.0
绿山墙的Marion,2,1,no_media,5,2,2024-10,1.0,0.0,0.0,0,0.0,0,0.0,0,0.0,1,1.0,0,0.0,0,0.0,0,0.0,0,0.0,0,0.0
绿春融媒,2,1,no_media,0,2,2023-02,0.0,0.0,1.0,0,0.0,0,0.0,0,0.0,0,0.0,1,1.0,0,0.0,0,0.0,0,0.0,0,0.0
绿水青山碧螺春,3,2,no_media,3,2,2023-03,0.0,0.0,1.0,0,0.0,0,0.0,0,0.0,0,0.0,2,1.0,0,0.0,0,0.0,0,0.0,0,0.0
绿洲猎鹰,3,2,wemedia_only,1,3,2023-04,0.5,0.0,0.0,1,0.5,0,0.0,0,0.0,1,0.5,0,0.0,0,0.0,0,0.0,0,0.0,0,0.0
绿绿绿绿绿绿子greenjade,3,2,mainstream_only,4,2,2023-03,0.0,0.5,0.0,1,0.5,1,0.5,0,0.0,0,0.0,0,0.0,0,0.0,0,0.0,0,0.0,0,0.0
绿色一瞥81,3,2,no_media,0,2,2023-09,0.0,0.0,1.0,0,0.0,0,0.0,0,0.0,0,0.0,2,1.0,0,0.0,0,0.0,0,0.0,0,0.0
绿色蒲江,2,1,no_media,0,2,2022-10,0.0,0.0,1.0,0,0.0,0,0.0,0,0.0,0,0.0,1,1.0,0,0.0,0,0.0,0,0.0,0,0.0
绿色青浦,4,3,no_media,0,4,2022-10,0.0,0.0,1.0,0,0.0,0,0.0,0,0.0,0,0.0,3,1.0,0,0.0,0,0.0,0,0.0,0,0.0
编剧王斌,3,2,no_media,0,3,2023-02,0.0,0.0,1.0,0,0.0,0,0.0,0,0.0,0,0.0,2,1.0,0,0.0,0,0.0,0,0.0,0,0.0
缝缝补补又壹年,2,1,no_media,0,2,2023-08,0.0,0.0,1.0,0,0.0,0,0.0,0,0.0,0,0.0,1,1.0,0,0.0,0,0.0,0,0.0,0,0.0
网人君剑,2,1,wemedia_only,1,2,2024-12,0.0,1.0,0.0,0,0.0,1,1.0,0,0.0,0,0.0,0,0.0,0,0.0,0,0.0,0,0.0,0,0.0
网信丰台,2,1,no_media,0,2,2023-05,0.0,0.0,1.0,0,0.0,0,0.0,0,0.0,0,0.0,1,1.0,0,0.0,0,0.0,0,0.0,0,0.0
网信义县,2,1,no_media,0,2,2023-11,0.0,0.0,1.0,0,0.0,0,0.0,0,0.0,0,0.0,1,1.0,0,0.0,0,0.0,0,0.0,0,0.0
网信凌海,33,32,no_media,0,24,2023-02,0.0,0.0,1.0,0,0.0,0,0.0,0,0.0,0,0.0,32,1.0,0,0.0,0,0.0,0,0.0,0,0.0
网信北辰,8,7,no_media,0,8,2023-02,0.0,0.0,1.0,0,0.0,0,0.0,0,0.0,0,0.0,7,1.0,0,0.0,0,0.0,0,0.0,0,0.0
网信南开,13,12,no_media,0,13,2023-02,0.0,0.0,1.0,0,0.0,0,0.0,0,0.0,0,0.0,12,1.0,0,0.0,0,0.0,0,0.0,0,0.0
网信南阳,4,3,no_media,0,4,2023-02,0.0,0.0,1.0,0,0.0,0,0.0,0,0.0,0,0.0,3,1.0,0,0.0,0,0.0,0,0.0,0,0.0
网信古塔,2,1,no_media,0,2,2023-10,0.0,0.0,1.0,0,0.0,0,0.0,0,0.0,0,0.0,1,1.0,0,0.0,0,0.0,0,0.0,0,0.0
网信呼和浩特,2,1,no_media,0,2,2022-10,0.0,0.0,1.0,0,0.0,0,0.0,0,0.0,0,0.0,1,1.0,0,0.0,0,0.0,0,0.0,0,0.0
网信大石桥,2,1,no_media,0,2,2023-02,0.0,0.0,1.0,0,0.0,0,0.0,0,0.0,0,0.0,1,1.0,0,0.0,0,0.0,0,0.0,0,0.0
网信安阳,2,1,no_media,0,2,2023-05,0.0,0.0,1.0,0,0.0,0,0.0,0,0.0,0,0.0,1,1.0,0,0.0,0,0.0,0,0.0,0,0.0
网信宝坻,6,5,no_media,0,6,2023-02,0.0,0.0,1.0,0,0.0,0,0.0,0,0.0,0,0.0,5,1.0,0,0.0,0,0.0,0,0.0,0,0.0
网信廊坊,10,9,no_media,0,9,2023-02,0.0,0.0,1.0,0,0.0,0,0.0,0,0.0,0,0.0,9,1.0,0,0.0,0,0.0,0,0.0,0,0.0
网信河西,5,4,no_media,0,5,2023-02,0.0,0.0,1.0,0,0.0,0,0.0,0,0.0,0,0.0,4,1.0,0,0.0,0,0.0,0,0.0,0,0.0
网信驻马店,6,5,no_media,0,5,2023-02,0.0,0.0,1.0,0,0.0,0,0.0,0,0.0,0,0.0,5,1.0,0,0.0,0,0.0,0,0.0,0,0.0
网名渊浩,2,1,no_media,0,2,2023-02,0.0,0.0,1.0,0,0.0,0,0.0,0,0.0,0,0.0,1,1.0,0,0.0,0,0.0,0,0.0,0,0.0
网易体育频道,2,1,no_media,0,2,2023-06,0.0,0.0,1.0,0,0.0,0,0.0,0,0.0,0,0.0,1,1.0,0,0.0,0,0.0,0,0.0,0,0.0
网易健康,19,18,no_media,0,19,2021-11,0.0,0.0,1.0,0,0.0,0,0.0,0,0.0,0,0.0,18,1.0,0,0.0,0,0.0,0,0.0,0,0.0
网易号,5,4,no_media,0,5,2022-03,0.0,0.0,1.0,0,0.0,0,0.0,0,0.0,0,0.0,4,1.0,0,0.0,0,0.0,0,0.0,0,0.0
网易山西,3,2,no_media,0,3,2023-12,0.0,0.0,1.0,0,0.0,0,0.0,0,0.0,0,0.0,2,1.0,0,0.0,0,0.0,0,0.0,0,0.0
网红山人,2,1,no_media,0,2,2020-03,0.0,0.0,0.0,0,0.0,0,0.0,0,0.0,0,0.0,0,0.0,1,1.0,0,0.0,0,0.0,0,0.0
罕见病爱心会,4,3,no_media,0,3,2023-01,0.3333333333333333,0.0,0.6666666666666666,0,0.0,0,0.0,0,0.0,1,0.3333333333333333,2,0.6666666666666666,0,0.0,0,0.0,0,0.0,0,0.0
罗兰老李,2,1,no_media,1,2,2023-02,0.0,0.0,1.0,0,0.0,0,0.0,0,0.0,0,0.0,1,1.0,0,0.0,0,0.0,0,0.0,0,0.0
罗大伦,9,8,no_media,1,9,2023-07,0.0,0.0,0.75,0,0.0,0,0.0,0,0.0,0,0.0,6,0.75,1,0.125,0,0.0,1,0.125,0,0.0
罗家豆豆,2,1,no_media,0,2,2023-05,0.0,0.0,1.0,0,0.0,0,0.0,0,0.0,0,0.0,1,1.0,0,0.0,0,0.0,0,0.0,0,0.0
罗密的茜茜,2,1,no_media,0,2,2023-06,0.0,0.0,0.0,0,0.0,0,0.0,0,0.0,0,0.0,0,0.0,0,0.0,0,0.0,1,1.0,0,0.0
罗庄发布,2,1,no_media,0,2,2023-02,0.0,0.0,1.0,0,0.0,0,0.0,0,0.0,0,0.0,1,1.0,0,0.0,0,0.0,0,0.0,0,0.0
罗思文医生,7,6,no_media,0,7,2023-02,0.16666666666666666,0.16666666666666666,0.6666666666666666,0,0.0,1,0.16666666666666666,0,0.0,1,0.16666666666666666,4,0.6666666666666666,0,0.0,0,0.0,0,0.0,0,0.0
罗百竹,43,42,wemedia_only,13,41,2021-11,0.023809523809523808,0.023809523809523808,0.9047619047619048,0,0.0,1,0.023809523809523808,0,0.0,1,0.023809523809523808,38,0.9047619047619048,1,0.023809523809523808,0,0.0,1,0.023809523809523808,0,0.0
罗祎明医生,4,3,no_media,4,4,2023-02,0.0,0.0,1.0,0,0.0,0,0.0,0,0.0,0,0.0,3,1.0,0,0.0,0,0.0,0,0.0,0,0.0
罗莉WE-LOURY,2,1,no_media,1,2,2023-06,0.0,1.0,0.0,0,0.0,1,1.0,0,0.0,0,0.0,0,0.0,0,0.0,0,0.0,0,0.0,0,0.0
罗赛迩,3,2,no_media,1,3,2023-05,0.0,0.0,0.0,0,0.0,0,0.0,0,0.0,0,0.0,0,0.0,0,0.0,0,0.0,0,0.0,2,1.0
罡牙贵阳正畸失败,2,1,no_media,1,2,2023-01,0.0,1.0,0.0,0,0.0,0,0.0,1,1.0,0,0.0,0,0.0,0,0.0,0,0.0,0,0.0,0,0.0
羊城晚报,31,30,no_media,0,27,2020-03,0.0,0.0,1.0,0,0.0,0,0.0,0,0.0,0,0.0,30,1.0,0,0.0,0,0.0,0,0.0,0,0.0
羊城晚报金羊网,48,47,no_media,0,35,2020-03,0.0,0.0,1.0,0,0.0,0,0.0,0,0.0,0,0.0,47,1.0,0,0.0,0,0.0,0,0.0,0,0.0
羊城派,11,10,no_media,0,11,2020-03,0.0,0.0,1.0,0,0.0,0,0.0,0,0.0,0,0.0,10,1.0,0,0.0,0,0.0,0,0.0,0,0.0
羊肝jelly,2,1,no_media,0,2,2023-02,0.0,0.0,0.0,0,0.0,0,0.0,0,0.0,0,0.0,0,0.0,0,0.0,0,0.0,0,0.0,1,1.0
美ye,3,2,no_media,0,3,2023-06,0.0,0.0,0.0,0,0.0,0,0.0,0,0.0,0,0.0,0,0.0,0,0.0,0,0.0,1,0.5,1,0.5
美东侨报,12,11,no_media,0,12,2022-10,0.09090909090909091,0.09090909090909091,0.8181818181818182,0,0.0,1,0.09090909090909091,0,0.0,1,0.09090909090909091,9,0.8181818181818182,0,0.0,0,0.0,0,0.0,0,0.0
美丽_爱_成功,2,1,no_media,2,2,2023-03,1.0,0.0,0.0,0,0.0,0,0.0,0,0.0,1,1.0,0,0.0,0,0.0,0,0.0,0,0.0,0,0.0
美乐1016936,2,1,no_media,0,2,2024-05,0.0,0.0,1.0,0,0.0,0,0.0,0,0.0,0,0.0,1,1.0,0,0.0,0,0.0,0,0.0,0,0.0
美剧头条菌,2,1,no_media,0,2,2022-02,0.0,0.0,1.0,0,0.0,0,0.0,0,0.0,0,0.0,1,1.0,0,0.0,0,0.0,0,0.0,0,0.0
美嘟嘟左卫门大人,2,1,no_media,0,2,2023-06,0.0,0.0,0.0,0,0.0,0,0.0,0,0.0,0,0.0,0,0.0,1,1.0,0,0.0,0,0.0,0,0.0
美国中文电视,5,4,no_media,0,5,2022-04,0.0,0.0,1.0,0,0.0,0,0.0,0,0.0,0,0.0,4,1.0,0,0.0,0,0.0,0,0.0,0,0.0
美国人权大观察,5,4,no_media,0,5,2023-07,0.25,0.25,0.5,0,0.0,1,0.25,0,0.0,1,0.25,2,0.5,0,0.0,0,0.0,0,0.0,0,0.0
美国侨报网,50,49,no_media,0,47,2020-03,0.08163265306122448,0.08163265306122448,0.8367346938775511,0,0.0,4,0.08163265306122448,0,0.0,4,0.08163265306122448,41,0.8367346938775511,0,0.0,0,0.0,0,0.0,0,0.0
美国侨报网视频,12,11,no_media,0,11,2021-01,0.0,0.0,1.0,0,0.0,0,0.0,0,0.0,0,0.0,11,1.0,0,0.0,0,0.0,0,0.0,0,0.0
美国医级资源_Sonmore,8,7,wemedia_only,8,8,2022-10,0.0,0.0,1.0,0,0.0,0,0.0,0,0.0,0,0.0,7,1.0,0,0.0,0,0.0,0,0.0,0,0.0
美国驻华大使馆,2,1,no_media,0,2,2023-03,0.0,0.0,1.0,0,0.0,0,0.0,0,0.0,0,0.0,1,1.0,0,0.0,0,0.0,0,0.0,0,0.0
美域康MiracleCells,16,15,no_media,0,14,2023-05,0.0,0.0,1.0,0,0.0,0,0.0,0,0.0,0,0.0,15,1.0,0,0.0,0,0.0,0,0.0,0,0.0
美好滁州,14,13,no_media,0,14,2020-04,0.0,0.0,1.0,0,0.0,0,0.0,0,0.0,0,0.0,13,1.0,0,0.0,0,0.0,0,0.0,0,0.0
美好的圆溜溜,54,53,wemedia_only,1,41,2023-02,0.05660377358490566,0.05660377358490566,0.7735849056603774,0,0.0,3,0.05660377358490566,0,0.0,3,0.05660377358490566,41,0.7735849056603774,3,0.05660377358490566,0,0.0,3,0.05660377358490566,0,0.0
美帝花凌g2了没,3,2,wemedia_only,2,3,2023-10,0.0,0.0,1.0,0,0.0,0,0.0,0,0.0,0,0.0,2,1.0,0,0.0,0,0.0,0,0.0,0,0.0
美洋洋Plum,2,1,no_media,0,2,2023-07,0.0,0.0,0.0,0,0.0,0,0.0,0,0.0,0,0.0,0,0.0,1,1.0,0,0.0,0,0.0,0,0.0
美爾塞蒂絲,2,1,no_media,0,2,2023-11,0.0,0.0,1.0,0,0.0,0,0.0,0,0.0,0,0.0,1,1.0,0,0.0,0,0.0,0,0.0,0,0.0
美美的你_2,2,1,no_media,0,2,2025-01,0.0,0.0,1.0,0,0.0,0,0.0,0,0.0,0,0.0,1,1.0,0,0.0,0,0.0,0,0.0,0,0.0
美食少女李湘湘,14,13,no_media,0,14,2023-02,0.0,0.0,0.8461538461538461,0,0.0,0,0.0,0,0.0,0,0.0,11,0.8461538461538461,1,0.07692307692307693,0,0.0,1,0.07692307692307693,0,0.0
美鸥译丛,2,1,no_media,0,2,2023-08,0.0,0.0,0.0,0,0.0,0,0.0,0,0.0,0,0.0,0,0.0,0,0.0,0,0.0,1,1.0,0,0.0
美鸥阅读,2,1,no_media,0,2,2024-05,0.0,0.0,1.0,0,0.0,0,0.0,0,0.0,0,0.0,1,1.0,0,0.0,0,0.0,0,0.0,0,0.0
群众新闻网,13,12,no_media,0,13,2020-03,0.0,0.0,1.0,0,0.0,0,0.0,0,0.0,0,0.0,12,1.0,0,0.0,0,0.0,0,0.0,0,0.0
羽族皇子15u,3,2,wemedia_only,4,1,2020-03,0.0,0.0,1.0,0,0.0,0,0.0,0,0.0,0,0.0,2,1.0,0,0.0,0,0.0,0,0.0,0,0.0
羽萱LZN,2,1,no_media,0,2,2023-03,0.0,0.0,0.0,0,0.0,0,0.0,0,0.0,0,0.0,0,0.0,0,0.0,0,0.0,1,1.0,0,0.0
羽衣之蓝,2,1,no_media,0,2,2023-05,0.0,0.0,1.0,0,0.0,0,0.0,0,0.0,0,0.0,1,1.0,0,0.0,0,0.0,0,0.0,0,0.0
羽鑫东圣,3,2,no_media,0,3,2024-03,0.0,0.5,0.0,1,0.5,0,0.0,1,0.5,0,0.0,0,0.0,0,0.0,0,0.0,0,0.0,0,0.0
羿斌,2,1,no_media,0,2,2023-07,0.0,0.0,1.0,0,0.0,0,0.0,0,0.0,0,0.0,1,1.0,0,0.0,0,0.0,0,0.0,0,0.0
翔nigen,2,1,no_media,0,2,2023-02,0.0,0.0,0.0,0,0.0,0,0.0,0,0.0,0,0.0,0,0.0,1,1.0,0,0.0,0,0.0,0,0.0
翟峰搞清这世界,9,8,wemedia_only,9,9,2022-07,0.125,0.125,0.125,1,0.125,1,0.125,0,0.0,0,0.0,1,0.125,1,0.125,1,0.125,0,0.0,3,0.375
翠屏发布,2,1,no_media,0,2,2023-10,0.0,0.0,1.0,0,0.0,0,0.0,0,0.0,0,0.0,1,1.0,0,0.0,0,0.0,0,0.0,0,0.0
翠峰Cuifeng,2,1,no_media,2,2,2023-06,0.0,0.0,1.0,0,0.0,0,0.0,0,0.0,0,0.0,1,1.0,0,0.0,0,0.0,0,0.0,0,0.0
翠竹松柏,2,1,no_media,0,2,2023-06,0.0,1.0,0.0,0,0.0,0,0.0,1,1.0,0,0.0,0,0.0,0,0.0,0,0.0,0,0.0,0,0.0
翰蓝,2,1,no_media,1,2,2023-02,0.0,0.0,0.0,0,0.0,0,0.0,0,0.0,0,0.0,0,0.0,1,1.0,0,0.0,0,0.0,0,0.0
翻滚吧小狗,2,1,no_media,0,2,2023-03,1.0,0.0,0.0,0,0.0,0,0.0,0,0.0,0,0.0,0,0.0,0,0.0,1,1.0,0,0.0,0,0.0
翻滚的小雨啊,2,1,no_media,1,2,2023-05,0.0,0.0,1.0,0,0.0,0,0.0,0,0.0,0,0.0,1,1.0,0,0.0,0,0.0,0,0.0,0,0.0
翻译硕士考研网,2,1,wemedia_only,1,2,2023-10,0.0,0.0,1.0,0,0.0,0,0.0,0,0.0,0,0.0,1,1.0,0,0.0,0,0.0,0,0.0,0,0.0
翾野居,4,3,mainstream_only,4,4,2023-02,0.3333333333333333,0.3333333333333333,0.0,0,0.0,1,0.3333333333333333,0,0.0,0,0.0,0,0.0,1,0.3333333333333333,1,0.3333333333333333,0,0.0,0,0.0
耀眼多温,7,6,wemedia_only,1,7,2023-04,0.3333333333333333,0.3333333333333333,0.16666666666666666,0,0.0,2,0.3333333333333333,0,0.0,1,0.16666666666666666,1,0.16666666666666666,1,0.16666666666666666,1,0.16666666666666666,0,0.0,0,0.0
耀眼的星火-ly,2,1,no_media,0,2,2023-05,0.0,0.0,0.0,0,0.0,0,0.0,0,0.0,0,0.0,0,0.0,0,0.0,0,0.0,0,0.0,1,1.0
老中医陈凤鸣,2,1,no_media,0,2,2023-12,0.0,0.0,1.0,0,0.0,0,0.0,0,0.0,0,0.0,1,1.0,0,0.0,0,0.0,0,0.0,0,0.0
老佳解说,6,5,no_media,0,6,2023-05,0.0,0.0,0.0,0,0.0,0,0.0,0,0.0,0,0.0,0,0.0,1,0.2,0,0.0,2,0.4,2,0.4
老公的老婆云淡风淸,2,1,no_media,0,2,2023-02,0.0,1.0,0.0,0,0.0,0,0.0,1,1.0,0,0.0,0,0.0,0,0.0,0,0.0,0,0.0,0,0.0
老兵--MNT筋膜康复,2,1,no_media,0,2,2025-02,0.0,0.0,1.0,0,0.0,0,0.0,0,0.0,0,0.0,1,1.0,0,0.0,0,0.0,0,0.0,0,0.0
老出差的程序员,3,2,no_media,0,3,2023-02,0.0,0.0,1.0,0,0.0,0,0.0,0,0.0,0,0.0,2,1.0,0,0.0,0,0.0,0,0.0,0,0.0
老刘答问,10,9,no_media,0,9,2023-03,0.2222222222222222,0.1111111111111111,0.5555555555555556,1,0.1111111111111111,1,0.1111111111111111,0,0.0,1,0.1111111111111111,5,0.5555555555555556,0,0.0,1,0.1111111111111111,0,0.0,0,0.0
老北鼻的屋屋酱,4,3,no_media,0,4,2022-03,0.3333333333333333,0.3333333333333333,0.0,0,0.0,1,0.3333333333333333,0,0.0,1,0.3333333333333333,0,0.0,0,0.0,0,0.0,1,0.3333333333333333,0,0.0
老友记TV,4,3,no_media,0,4,2022-12,0.0,0.0,1.0,0,0.0,0,0.0,0,0.0,0,0.0,3,1.0,0,0.0,0,0.0,0,0.0,0,0.0
老天使,2,1,no_media,0,2,2023-02,0.0,0.0,1.0,0,0.0,0,0.0,0,0.0,0,0.0,1,1.0,0,0.0,0,0.0,0,0.0,0,0.0
老天鹅啊33,2,1,no_media,0,1,2023-05,0.0,0.0,0.0,0,0.0,0,0.0,0,0.0,0,0.0,0,0.0,0,0.0,0,0.0,0,0.0,1,1.0
老太长智齿,2,1,no_media,1,2,2023-04,0.0,0.0,0.0,1,1.0,0,0.0,0,0.0,0,0.0,0,0.0,0,0.0,0,0.0,0,0.0,0,0.0
老夫新意,3,2,no_media,0,3,2023-05,0.0,0.0,0.0,0,0.0,0,0.0,0,0.0,0,0.0,0,0.0,0,0.0,0,0.0,1,0.5,1,0.5
老宅哥,12,11,no_media,0,12,2023-07,0.0,0.0,1.0,0,0.0,0,0.0,0,0.0,0,0.0,11,1.0,0,0.0,0,0.0,0,0.0,0,0.0
老张评论,11,10,no_media,11,7,2025-01,0.1,0.1,0.6,0,0.0,1,0.1,0,0.0,1,0.1,6,0.6,1,0.1,0,0.0,1,0.1,0,0.0
老李乐观天下,5,4,no_media,0,5,2022-10,0.0,0.0,1.0,0,0.0,0,0.0,0,0.0,0,0.0,4,1.0,0,0.0,0,0.0,0,0.0,0,0.0
老李谈兵,5,4,no_media,1,5,2023-04,0.0,0.25,0.0,3,0.75,1,0.25,0,0.0,0,0.0,0,0.0,0,0.0,0,0.0,0,0.0,0,0.0
老牟的微博,2,1,mainstream_only,1,2,2023-05,0.0,0.0,0.0,1,1.0,0,0.0,0,0.0,0,0.0,0,0.0,0,0.0,0,0.0,0,0.0,0,0.0
老狼6088511902,2,1,no_media,0,2,2023-05,0.0,0.0,0.0,1,1.0,0,0.0,0,0.0,0,0.0,0,0.0,0,0.0,0,0.0,0,0.0,0,0.0
老猫浅谈养生,2,1,no_media,0,2,2024-07,0.0,0.0,1.0,0,0.0,0,0.0,0,0.0,0,0.0,1,1.0,0,0.0,0,0.0,0,0.0,0,0.0
老王读书,2,1,no_media,0,2,2023-09,0.0,0.0,1.0,0,0.0,0,0.0,0,0.0,0,0.0,1,1.0,0,0.0,0,0.0,0,0.0,0,0.0
老白要瘦啊,3,2,no_media,4,3,2023-05,0.5,0.0,0.5,0,0.0,0,0.0,0,0.0,1,0.5,1,0.5,0,0.0,0,0.0,0,0.0,0,0.0
老白论坛,2,1,no_media,0,2,2024-04,0.0,1.0,0.0,0,0.0,1,1.0,0,0.0,0,0.0,0,0.0,0,0.0,0,0.0,0,0.0,0,0.0
老移民summer,3,2,no_media,0,2,2023-02,0.0,0.0,1.0,0,0.0,0,0.0,0,0.0,0,0.0,2,1.0,0,0.0,0,0.0,0,0.0,0,0.0
老老树昏昏鸦,3,2,no_media,0,3,2024-05,0.0,0.0,0.0,0,0.0,0,0.0,0,0.0,0,0.0,0,0.0,1,0.5,0,0.0,1,0.5,0,0.0
老莊孫子吴氏唠,2,1,no_media,1,2,2022-11,0.0,0.0,1.0,0,0.0,0,0.0,0,0.0,0,0.0,1,1.0,0,0.0,0,0.0,0,0.0,0,0.0
老莦,2,1,no_media,2,2,2023-06,1.0,0.0,0.0,0,0.0,0,0.0,0,0.0,1,1.0,0,0.0,0,0.0,0,0.0,0,0.0,0,0.0
老记宋军,3,2,no_media,0,2,2020-03,0.0,0.0,1.0,0,0.0,0,0.0,0,0.0,0,0.0,2,1.0,0,0.0,0,0.0,0,0.0,0,0.0
老阿姨在抗衰,2,1,no_media,0,2,2023-05,0.0,0.0,1.0,0,0.0,0,0.0,0,0.0,0,0.0,1,1.0,0,0.0,0,0.0,0,0.0,0,0.0
老马自奋蹄,3,2,no_media,0,3,2023-03,0.0,0.0,1.0,0,0.0,0,0.0,0,0.0,0,0.0,2,1.0,0,0.0,0,0.0,0,0.0,0,0.0
考拉宝崽,2,1,no_media,0,2,2023-05,0.0,0.0,0.0,0,0.0,0,0.0,0,0.0,0,0.0,0,0.0,1,1.0,0,0.0,0,0.0,0,0.0
者耳孤寡日记,2,1,no_media,0,2,2023-06,0.0,1.0,0.0,0,0.0,0,0.0,1,1.0,0,0.0,0,0.0,0,0.0,0,0.0,0,0.0,0,0.0
而立之人81,3,2,dual,5,3,2023-02,0.5,0.0,0.0,1,0.5,0,0.0,0,0.0,1,0.5,0,0.0,0,0.0,0,0.0,0,0.0,0,0.0
耐思生命NEST,2,1,no_media,0,2,2023-10,0.0,0.0,1.0,0,0.0,0,0.0,0,0.0,0,0.0,1,1.0,0,0.0,0,0.0,0,0.0,0,0.0
耕夫中医,2,1,no_media,0,2,2023-05,0.0,0.0,1.0,0,0.0,0,0.0,0,0.0,0,0.0,1,1.0,0,0.0,0,0.0,0,0.0,0,0.0
耗材天敌,2,1,no_media,3,2,2022-04,0.0,0.0,1.0,0,0.0,0,0.0,0,0.0,0,0.0,1,1.0,0,0.0,0,0.0,0,0.0,0,0.0
耳鼻喉科喏斯医生,4,3,no_media,0,4,2023-05,0.0,0.0,1.0,0,0.0,0,0.0,0,0.0,0,0.0,3,1.0,0,0.0,0,0.0,0,0.0,0,0.0
耶咖绒岛-,3,2,no_media,0,2,2025-05,0.0,0.0,1.0,0,0.0,0,0.0,0,0.0,0,0.0,2,1.0,0,0.0,0,0.0,0,0.0,0,0.0
聊健康的崔主任,3,2,no_media,0,3,2023-02,0.0,0.0,0.5,0,0.0,0,0.0,0,0.0,0,0.0,1,0.5,0,0.0,0,0.0,1,0.5,0,0.0
聊城市疾病预防控制中心,5,4,no_media,0,3,2023-02,0.0,0.0,1.0,0,0.0,0,0.0,0,0.0,0,0.0,4,1.0,0,0.0,0,0.0,0,0.0,0,0.0
联合国,11,10,no_media,0,11,2023-02,0.0,0.0,1.0,0,0.0,0,0.0,0,0.0,0,0.0,10,1.0,0,0.0,0,0.0,0,0.0,0,0.0
联合国新闻中心,34,33,no_media,0,27,2021-02,0.0,0.0,1.0,0,0.0,0,0.0,0,0.0,0,0.0,33,1.0,0,0.0,0,0.0,0,0.0,0,0.0
联新国际医疗上海禾新医院,2,1,no_media,0,2,2023-02,0.0,0.0,1.0,0,0.0,0,0.0,0,0.0,0,0.0,1,1.0,0,0.0,0,0.0,0,0.0,0,0.0
聚一路散一路,7,6,no_media,0,7,2023-02,0.0,0.0,0.6666666666666666,0,0.0,0,0.0,0,0.0,0,0.0,4,0.6666666666666666,1,0.16666666666666666,0,0.0,1,0.16666666666666666,0,0.0
聚焦附加值,6,5,no_media,2,6,2023-03,0.2,0.2,0.6,0,0.0,1,0.2,0,0.0,1,0.2,3,0.6,0,0.0,0,0.0,0,0.0,0,0.0
肉圆姑娘,2,1,no_media,0,2,2023-06,0.0,0.0,0.0,0,0.0,0,0.0,0,0.0,0,0.0,0,0.0,1,1.0,0,0.0,0,0.0,0,0.0
肉肉_Ning,2,1,no_media,0,1,2020-03,0.0,0.0,0.0,0,0.0,0,0.0,0,0.0,0,0.0,0,0.0,1,1.0,0,0.0,0,0.0,0,0.0
肖家可爱坚果果,2,1,no_media,0,2,2023-03,0.0,0.0,0.0,0,0.0,0,0.0,0,0.0,0,0.0,0,0.0,1,1.0,0,0.0,0,0.0,0,0.0
肖星圆_,2,1,no_media,0,2,2023-03,0.0,0.0,0.0,0,0.0,0,0.0,0,0.0,0,0.0,0,0.0,0,0.0,0,0.0,0,0.0,1,1.0
肖肖家的鑫福星,2,1,no_media,0,2,2023-07,1.0,0.0,0.0,0,0.0,0,0.0,0,0.0,0,0.0,0,0.0,0,0.0,1,1.0,0,0.0,0,0.0
肝病梁韬,4,3,no_media,0,4,2023-02,0.0,0.0,0.3333333333333333,0,0.0,0,0.0,0,0.0,0,0.0,1,0.3333333333333333,1,0.3333333333333333,0,0.0,1,0.3333333333333333,0,0.0
肝胆外科李照医生,2,1,no_media,0,2,2024-03,0.0,0.0,1.0,0,0.0,0,0.0,0,0.0,0,0.0,1,1.0,0,0.0,0,0.0,0,0.0,0,0.0
股-海扬-帆,2,1,no_media,0,2,2023-05,0.0,0.0,1.0,0,0.0,0,0.0,0,0.0,0,0.0,1,1.0,0,0.0,0,0.0,0,0.0,0,0.0
股市韭菜苗,2,1,no_media,0,2,2023-02,0.0,0.0,1.0,0,0.0,0,0.0,0,0.0,0,0.0,1,1.0,0,0.0,0,0.0,0,0.0,0,0.0
股林飞鸟,7,6,no_media,0,7,2023-03,0.16666666666666666,0.16666666666666666,0.6666666666666666,0,0.0,1,0.16666666666666666,0,0.0,0,0.0,4,0.6666666666666666,0,0.0,1,0.16666666666666666,0,0.0,0,0.0
股民玉苑,2,1,no_media,0,2,2023-02,0.0,1.0,0.0,0,0.0,0,0.0,1,1.0,0,0.0,0,0.0,0,0.0,0,0.0,0,0.0,0,0.0
股行人生,2,1,wemedia_only,4,2,2023-02,0.0,0.0,0.0,0,0.0,0,0.0,0,0.0,0,0.0,0,0.0,0,0.0,0,0.0,0,0.0,1,1.0
股道酬勤LRY,5,4,no_media,0,5,2020-03,0.0,0.0,1.0,0,0.0,0,0.0,0,0.0,0,0.0,4,1.0,0,0.0,0,0.0,0,0.0,0,0.0
肥唐说,2,1,no_media,0,2,2020-11,1.0,0.0,0.0,0,0.0,0,0.0,0,0.0,1,1.0,0,0.0,0,0.0,0,0.0,0,0.0,0,0.0
肥啾电影,3,2,no_media,0,3,2023-09,0.0,0.0,0.5,0,0.0,0,0.0,0,0.0,0,0.0,1,0.5,0,0.0,0,0.0,1,0.5,0,0.0
肥木有,2,1,no_media,3,2,2024-04,1.0,0.0,0.0,0,0.0,0,0.0,0,0.0,1,1.0,0,0.0,0,0.0,0,0.0,0,0.0,0,0.0
肥猫998,3,2,no_media,1,3,2023-02,0.0,0.5,0.0,0,0.0,0,0.0,1,0.5,0,0.0,0,0.0,0,0.0,0,0.0,0,0.0,1,0.5
肥肥小炸虾,10,9,wemedia_only,8,10,2023-08,0.1111111111111111,0.1111111111111111,0.5555555555555556,1,0.1111111111111111,0,0.0,1,0.1111111111111111,1,0.1111111111111111,5,0.5555555555555556,0,0.0,0,0.0,1,0.1111111111111111,0,0.0
肥肥的大屁屁,2,1,no_media,0,2,2023-02,0.0,0.0,0.0,1,1.0,0,0.0,0,0.0,0,0.0,0,0.0,0,0.0,0,0.0,0,0.0,0,0.0
育儿专家-王玉玮,2,1,wemedia_only,7,1,2022-12,0.0,0.0,1.0,0,0.0,0,0.0,0,0.0,0,0.0,1,1.0,0,0.0,0,0.0,0,0.0,0,0.0
育儿专家张思莱,2,1,mainstream_only,4,2,2022-11,0.0,0.0,1.0,0,0.0,0,0.0,0,0.0,0,0.0,1,1.0,0,0.0,0,0.0,0,0.0,0,0.0
育儿专家鱼小南,8,7,no_media,0,6,2023-02,0.0,0.0,1.0,0,0.0,0,0.0,0,0.0,0,0.0,7,1.0,0,0.0,0,0.0,0,0.0,0,0.0
育见新闻,3,2,no_media,0,3,2021-11,0.0,0.0,1.0,0,0.0,0,0.0,0,0.0,0,0.0,2,1.0,0,0.0,0,0.0,0,0.0,0,0.0
肺你莫属Rocky,2,1,no_media,0,2,2023-08,0.0,0.0,1.0,0,0.0,0,0.0,0,0.0,0,0.0,1,1.0,0,0.0,0,0.0,0,0.0,0,0.0
肽美姿,2,1,no_media,0,2,2023-02,0.0,0.0,1.0,0,0.0,0,0.0,0,0.0,0,0.0,1,1.0,0,0.0,0,0.0,0,0.0,0,0.0
肿瘤医生孙宏新,2,1,no_media,0,2,2024-03,0.0,0.0,1.0,0,0.0,0,0.0,0,0.0,0,0.0,1,1.0,0,0.0,0,0.0,0,0.0,0,0.0
肿瘤科医生施俊博士,2,1,no_media,0,2,2023-01,0.0,0.0,1.0,0,0.0,0,0.0,0,0.0,0,0.0,1,1.0,0,0.0,0,0.0,0,0.0,0,0.0
胃里发现恐龙残骸的化石猫,2,1,no_media,3,2,2023-03,0.0,1.0,0.0,0,0.0,1,1.0,0,0.0,0,0.0,0,0.0,0,0.0,0,0.0,0,0.0,0,0.0
胖书虫2008,4,3,wemedia_only,6,4,2023-02,0.0,0.3333333333333333,0.6666666666666666,0,0.0,1,0.3333333333333333,0,0.0,0,0.0,2,0.6666666666666666,0,0.0,0,0.0,0,0.0,0,0.0
胖子李老太太,3,2,no_media,0,3,2023-02,0.0,0.0,0.0,0,0.0,0,0.0,0,0.0,0,0.0,0,0.0,0,0.0,0,0.0,0,0.0,2,1.0
胖胖Grenouille,4,3,wemedia_only,1,4,2023-04,0.3333333333333333,0.3333333333333333,0.0,0,0.0,0,0.0,1,0.3333333333333333,1,0.3333333333333333,0,0.0,0,0.0,0,0.0,1,0.3333333333333333,0,0.0
胜利主义章北海,4,3,no_media,0,4,2022-03,0.0,0.0,0.0,0,0.0,0,0.0,0,0.0,0,0.0,0,0.0,1,0.3333333333333333,0,0.0,1,0.3333333333333333,1,0.3333333333333333
胜利油田中心医院感染医生吕其军,14,13,no_media,0,12,2024-01,0.0,0.0,0.9230769230769231,0,0.0,0,0.0,0,0.0,0,0.0,12,0.9230769230769231,1,0.07692307692307693,0,0.0,0,0.0,0,0.0
胜友Danny,2,1,no_media,0,2,2023-02,0.0,0.0,0.0,0,0.0,0,0.0,0,0.0,0,0.0,0,0.0,0,0.0,0,0.0,0,0.0,1,1.0
胜意k,2,1,no_media,0,2,2023-02,0.0,0.0,0.0,0,0.0,0,0.0,0,0.0,0,0.0,0,0.0,1,1.0,0,0.0,0,0.0,0,0.0
胡亮医生,3,2,no_media,0,3,2023-02,0.0,0.0,1.0,0,0.0,0,0.0,0,0.0,0,0.0,2,1.0,0,0.0,0,0.0,0,0.0,0,0.0
胡卉珠,4,3,no_media,7,1,2020-12,0.0,0.0,1.0,0,0.0,0,0.0,0,0.0,0,0.0,3,1.0,0,0.0,0,0.0,0,0.0,0,0.0
胡壹刀5298,2,1,no_media,2,2,2023-03,1.0,0.0,0.0,0,0.0,0,0.0,0,0.0,1,1.0,0,0.0,0,0.0,0,0.0,0,0.0,0,0.0
胡宇格-没在乎的人版,3,2,no_media,0,3,2023-03,0.0,0.0,0.5,0,0.0,0,0.0,0,0.0,0,0.0,1,0.5,0,0.0,0,0.0,1,0.5,0,0.0
胡彦评2,2,1,no_media,3,2,2024-11,0.0,1.0,0.0,0,0.0,1,1.0,0,0.0,0,0.0,0,0.0,0,0.0,0,0.0,0,0.0,0,0.0
胡思乱想的花,5,4,mainstream_only,13,5,2022-12,0.25,0.5,0.0,1,0.25,2,0.5,0,0.0,1,0.25,0,0.0,0,0.0,0,0.0,0,0.0,0,0.0
胡扯鸡蛋,15,14,no_media,0,14,2022-04,0.07142857142857142,0.14285714285714285,0.7142857142857143,1,0.07142857142857142,2,0.14285714285714285,0,0.0,1,0.07142857142857142,10,0.7142857142857143,0,0.0,0,0.0,0,0.0,0,0.0
胡格,2,1,no_media,0,2,2023-05,1.0,0.0,0.0,0,0.0,0,0.0,0,0.0,0,0.0,0,0.0,0,0.0,1,1.0,0,0.0,0,0.0
胡江波在北京,3,2,no_media,0,3,2023-03,0.0,0.0,1.0,0,0.0,0,0.0,0,0.0,0,0.0,2,1.0,0,0.0,0,0.0,0,0.0,0,0.0
胡胡胡蘿蔔欣,2,1,no_media,0,1,2024-01,0.0,0.0,0.0,0,0.0,0,0.0,0,0.0,0,0.0,0,0.0,0,0.0,0,0.0,0,0.0,1,1.0
胡镉近,2,1,no_media,0,1,2024-07,0.0,0.0,0.0,1,1.0,0,0.0,0,0.0,0,0.0,0,0.0,0,0.0,0,0.0,0,0.0,0,0.0
胡非,3,2,no_media,0,3,2023-08,0.0,0.0,1.0,0,0.0,0,0.0,0,0.0,0,0.0,2,1.0,0,0.0,0,0.0,0,0.0,0,0.0
胥荣东主任医师,3,2,no_media,4,3,2023-02,0.0,0.5,0.5,0,0.0,1,0.5,0,0.0,0,0.0,1,0.5,0,0.0,0,0.0,0,0.0,0,0.0
胧月真理亚,2,1,no_media,1,2,2023-05,0.0,0.0,0.0,0,0.0,0,0.0,0,0.0,0,0.0,0,0.0,1,1.0,0,0.0,0,0.0,0,0.0
胶佬WJ,9,8,mainstream_only,11,9,2023-02,0.25,0.25,0.25,2,0.25,2,0.25,0,0.0,2,0.25,2,0.25,0,0.0,0,0.0,0,0.0,0,0.0
胸口碎大石呀,7,6,no_media,0,6,2022-09,0.0,0.16666666666666666,0.0,5,0.8333333333333334,1,0.16666666666666666,0,0.0,0,0.0,0,0.0,0,0.0,0,0.0,0,0.0,0,0.0
胸外科乔贵宾医生,5,4,no_media,0,5,2023-03,0.0,0.0,1.0,0,0.0,0,0.0,0,0.0,0,0.0,4,1.0,0,0.0,0,0.0,0,0.0,0,0.0
能信就管,24,23,no_media,4,22,2023-06,0.08695652173913043,0.08695652173913043,0.782608695652174,0,0.0,2,0.08695652173913043,0,0.0,2,0.08695652173913043,18,0.782608695652174,1,0.043478260869565216,0,0.0,0,0.0,0,0.0
脆弱的老师,2,1,no_media,0,2,2023-02,0.0,0.0,1.0,0,0.0,0,0.0,0,0.0,0,0.0,1,1.0,0,0.0,0,0.0,0,0.0,0,0.0
脊柱侧弯吴老师,2,1,no_media,1,2,2022-03,0.0,0.0,1.0,0,0.0,0,0.0,0,0.0,0,0.0,1,1.0,0,0.0,0,0.0,0,0.0,0,0.0
脑病罗树云,2,1,no_media,0,2,2024-07,0.0,1.0,0.0,0,0.0,1,1.0,0,0.0,0,0.0,0,0.0,0,0.0,0,0.0,0,0.0,0,0.0
脑科学世界,10,9,no_media,0,9,2023-02,0.0,0.0,1.0,0,0.0,0,0.0,0,0.0,0,0.0,9,1.0,0,0.0,0,0.0,0,0.0,0,0.0
脚踏实地的Fay,3,2,no_media,0,3,2023-04,0.0,0.0,1.0,0,0.0,0,0.0,0,0.0,0,0.0,2,1.0,0,0.0,0,0.0,0,0.0,0,0.0
脸颊红红哒,3,2,no_media,0,3,2023-02,0.0,0.0,0.5,0,0.0,0,0.0,0,0.0,0,0.0,1,0.5,1,0.5,0,0.0,0,0.0,0,0.0
脾胃养生找老邓,9,8,no_media,0,8,2023-06,0.0,0.0,1.0,0,0.0,0,0.0,0,0.0,0,0.0,8,1.0,0,0.0,0,0.0,0,0.0,0,0.0
脾胃科樊利杰主任,2,1,no_media,0,2,2024-02,0.0,0.0,1.0,0,0.0,0,0.0,0,0.0,0,0.0,1,1.0,0,0.0,0,0.0,0,0.0,0,0.0
脾胃老中医赵国秀,3,2,no_media,0,1,2024-01,0.0,0.0,1.0,0,0.0,0,0.0,0,0.0,0,0.0,2,1.0,0,0.0,0,0.0,0,0.0,0,0.0
腰窝盛酒,2,1,no_media,0,2,2023-05,0.0,1.0,0.0,0,0.0,0,0.0,1,1.0,0,0.0,0,0.0,0,0.0,0,0.0,0,0.0,0,0.0
腻莫似吧,2,1,no_media,0,1,2022-12,0.0,0.0,0.0,0,0.0,0,0.0,0,0.0,0,0.0,0,0.0,1,1.0,0,0.0,0,0.0,0,0.0
腾讯医典,2,1,no_media,0,2,2022-12,0.0,0.0,1.0,0,0.0,0,0.0,0,0.0,0,0.0,1,1.0,0,0.0,0,0.0,0,0.0,0,0.0
腾龙御史,3,2,no_media,0,3,2023-02,0.0,0.0,1.0,0,0.0,0,0.0,0,0.0,0,0.0,2,1.0,0,0.0,0,0.0,0,0.0,0,0.0
腿毛女侠客在此,2,1,no_media,0,2,2023-11,0.0,0.0,0.0,0,0.0,0,0.0,0,0.0,0,0.0,0,0.0,0,0.0,0,0.0,0,0.0,1,1.0
膳健云医学营养,2,1,no_media,0,2,2020-07,0.0,0.0,1.0,0,0.0,0,0.0,0,0.0,0,0.0,1,1.0,0,0.0,0,0.0,0,0.0,0,0.0
自媒体是自媒体,2,1,no_media,1,1,2024-07,0.0,0.0,1.0,0,0.0,0,0.0,0,0.0,0,0.0,1,1.0,0,0.0,0,0.0,0,0.0,0,0.0
自尊魔界之主,2,1,no_media,0,2,2023-02,1.0,0.0,0.0,0,0.0,0,0.0,0,0.0,1,1.0,0,0.0,0,0.0,0,0.0,0,0.0,0,0.0
自己去实现英雄梦想叭,2,1,no_media,0,2,2023-05,1.0,0.0,0.0,0,0.0,0,0.0,0,0.0,0,0.0,0,0.0,0,0.0,1,1.0,0,0.0,0,0.0
自律修行self-discipline,2,1,no_media,0,2,2023-05,0.0,0.0,0.0,0,0.0,0,0.0,0,0.0,0,0.0,0,0.0,1,1.0,0,0.0,0,0.0,0,0.0
自然而然_Li,7,6,no_media,0,6,2023-02,0.0,0.0,1.0,0,0.0,0,0.0,0,0.0,0,0.0,6,1.0,0,0.0,0,0.0,0,0.0,0,0.0
自然而然ltzz,2,1,no_media,0,2,2023-02,0.0,0.0,0.0,0,0.0,0,0.0,0,0.0,0,0.0,0,0.0,0,0.0,0,0.0,0,0.0,1,1.0
自由的四四,3,2,no_media,0,3,2023-02,0.0,0.0,0.5,0,0.0,0,0.0,0,0.0,0,0.0,1,0.5,0,0.0,0,0.0,1,0.5,0,0.0
自由自在的上官真韵,2,1,no_media,2,2,2023-03,0.0,0.0,0.0,0,0.0,0,0.0,0,0.0,0,0.0,0,0.0,1,1.0,0,0.0,0,0.0,0,0.0
自由迷糊,2,1,no_media,0,2,2023-12,0.0,0.0,1.0,0,0.0,0,0.0,0,0.0,0,0.0,1,1.0,0,0.0,0,0.0,0,0.0,0,0.0
自话财经,2,1,no_media,0,2,2022-11,0.0,0.0,1.0,0,0.0,0,0.0,0,0.0,0,0.0,1,1.0,0,0.0,0,0.0,0,0.0,0,0.0
臭臭牛牛的日记本,2,1,no_media,0,2,2023-05,0.0,0.0,1.0,0,0.0,0,0.0,0,0.0,0,0.0,1,1.0,0,0.0,0,0.0,0,0.0,0,0.0
至深至淳,2,1,no_media,2,2,2023-05,0.0,0.0,0.0,0,0.0,0,0.0,0,0.0,0,0.0,0,0.0,0,0.0,0,0.0,1,1.0,0,0.0
至行予,2,1,no_media,0,2,2024-06,0.0,0.0,0.0,1,1.0,0,0.0,0,0.0,0,0.0,0,0.0,0,0.0,0,0.0,0,0.0,0,0.0
舒Law,3,2,no_media,0,3,2023-10,0.0,0.0,0.5,0,0.0,0,0.0,0,0.0,0,0.0,1,0.5,1,0.5,0,0.0,0,0.0,0,0.0
舒朗清心丸,2,1,no_media,0,2,2023-06,0.0,0.0,0.0,1,1.0,0,0.0,0,0.0,0,0.0,0,0.0,0,0.0,0,0.0,0,0.0,0,0.0
舔狗就得多洗脚,2,1,no_media,0,1,2024-10,0.0,0.0,1.0,0,0.0,0,0.0,0,0.0,0,0.0,1,1.0,0,0.0,0,0.0,0,0.0,0,0.0
舞动红,2,1,no_media,0,2,2022-12,0.0,1.0,0.0,0,0.0,0,0.0,1,1.0,0,0.0,0,0.0,0,0.0,0,0.0,0,0.0,0,0.0
船新小白,2,1,mainstream_only,1,2,2024-10,0.0,0.0,1.0,0,0.0,0,0.0,0,0.0,0,0.0,1,1.0,0,0.0,0,0.0,0,0.0,0,0.0
良医200304,5,4,no_media,0,5,2023-05,0.0,0.0,0.75,0,0.0,0,0.0,0,0.0,0,0.0,3,0.75,0,0.0,0,0.0,1,0.25,0,0.0
艺术论坛Artforum,2,1,no_media,0,2,2023-02,0.0,0.0,1.0,0,0.0,0,0.0,0,0.0,0,0.0,1,1.0,0,0.0,0,0.0,0,0.0,0,0.0
艾佳ay,3,2,no_media,3,2,2023-02,0.0,0.0,1.0,0,0.0,0,0.0,0,0.0,0,0.0,2,1.0,0,0.0,0,0.0,0,0.0,0,0.0
艾卿hz,2,1,no_media,0,1,2022-12,0.0,0.0,1.0,0,0.0,0,0.0,0,0.0,0,0.0,1,1.0,0,0.0,0,0.0,0,0.0,0,0.0
艾因Eine,2,1,no_media,0,2,2023-09,0.0,0.0,0.0,0,0.0,0,0.0,0,0.0,0,0.0,0,0.0,0,0.0,0,0.0,1,1.0,0,0.0
艾洛梦游记,6,5,wemedia_only,2,1,2020-03,0.0,0.0,1.0,0,0.0,0,0.0,0,0.0,0,0.0,5,1.0,0,0.0,0,0.0,0,0.0,0,0.0
艾田宝宝,3,2,no_media,0,3,2023-03,0.5,0.5,0.0,0,0.0,1,0.5,0,0.0,1,0.5,0,0.0,0,0.0,0,0.0,0,0.0,0,0.0
艾蜜莉艾蜜莉夕陽掉進我心裡,9,8,no_media,0,5,2023-02,0.25,0.125,0.125,0,0.0,1,0.125,0,0.0,1,0.125,1,0.125,2,0.25,1,0.125,1,0.125,1,0.125
艾路Elric,2,1,no_media,0,2,2023-09,0.0,0.0,0.0,0,0.0,0,0.0,0,0.0,0,0.0,0,0.0,1,1.0,0,0.0,0,0.0,0,0.0
艾迪迪哦,4,3,no_media,0,4,2025-05,0.0,0.0,0.6666666666666666,0,0.0,0,0.0,0,0.0,0,0.0,2,0.6666666666666666,0,0.0,0,0.0,1,0.3333333333333333,0,0.0
芈芈盟-著名掉凳儿表演艺术家,2,1,no_media,1,2,2023-03,0.0,1.0,0.0,0,0.0,0,0.0,1,1.0,0,0.0,0,0.0,0,0.0,0,0.0,0,0.0,0,0.0
芋圆滚滚R,2,1,no_media,0,2,2023-03,0.0,0.0,0.0,0,0.0,0,0.0,0,0.0,0,0.0,0,0.0,1,1.0,0,0.0,0,0.0,0,0.0
芋头微波,4,3,no_media,7,4,2024-07,0.3333333333333333,0.3333333333333333,0.3333333333333333,0,0.0,1,0.3333333333333333,0,0.0,1,0.3333333333333333,1,0.3333333333333333,0,0.0,0,0.0,0,0.0,0,0.0
芋头烧肉5555,2,1,no_media,0,2,2024-06,0.0,0.0,1.0,0,0.0,0,0.0,0,0.0,0,0.0,1,1.0,0,0.0,0,0.0,0,0.0,0,0.0
芋泥青稞奶绿1,2,1,no_media,0,1,2022-03,0.0,0.0,0.0,0,0.0,0,0.0,0,0.0,0,0.0,0,0.0,1,1.0,0,0.0,0,0.0,0,0.0
芋頭芝汁-,2,1,no_media,0,2,2023-05,0.0,0.0,0.0,0,0.0,0,0.0,0,0.0,0,0.0,0,0.0,1,1.0,0,0.0,0,0.0,0,0.0
芍子杂记,2,1,no_media,0,2,2023-03,0.0,0.0,0.0,0,0.0,0,0.0,0,0.0,0,0.0,0,0.0,0,0.0,0,0.0,0,0.0,1,1.0
芒果健康长大,2,1,no_media,0,2,2023-03,0.0,0.0,0.0,0,0.0,0,0.0,0,0.0,0,0.0,0,0.0,0,0.0,0,0.0,0,0.0,1,1.0
芒果捞微微,3,2,no_media,0,3,2023-03,0.0,0.0,1.0,0,0.0,0,0.0,0,0.0,0,0.0,2,1.0,0,0.0,0,0.0,0,0.0,0,0.0
芒果橙月亮,2,1,no_media,0,2,2023-02,0.0,0.0,0.0,0,0.0,0,0.0,0,0.0,0,0.0,0,0.0,0,0.0,0,0.0,0,0.0,1,1.0
芜湖-邦邦邦邦,2,1,no_media,1,1,2022-12,0.0,0.0,1.0,0,0.0,0,0.0,0,0.0,0,0.0,1,1.0,0,0.0,0,0.0,0,0.0,0,0.0
芜湖大队长,4,3,no_media,0,4,2024-03,0.3333333333333333,0.3333333333333333,0.3333333333333333,0,0.0,1,0.3333333333333333,0,0.0,1,0.3333333333333333,1,0.3333333333333333,0,0.0,0,0.0,0,0.0,0,0.0
芜湖广济医院,2,1,no_media,0,2,2023-01,0.0,0.0,1.0,0,0.0,0,0.0,0,0.0,0,0.0,1,1.0,0,0.0,0,0.0,0,0.0,0,0.0
芜湖广济妇产科医生符荣莲,2,1,no_media,0,2,2023-01,0.0,0.0,1.0,0,0.0,0,0.0,0,0.0,0,0.0,1,1.0,0,0.0,0,0.0,0,0.0,0,0.0
芜湖弋江检察,2,1,no_media,0,2,2021-04,0.0,0.0,1.0,0,0.0,0,0.0,0,0.0,0,0.0,1,1.0,0,0.0,0,0.0,0,0.0,0,0.0
芜湖检察,2,1,no_media,0,2,2022-04,0.0,0.0,1.0,0,0.0,0,0.0,0,0.0,0,0.0,1,1.0,0,0.0,0,0.0,0,0.0,0,0.0
芝士加倍吖,2,1,no_media,2,2,2023-09,0.0,0.0,0.0,0,0.0,0,0.0,0,0.0,0,0.0,0,0.0,0,0.0,0,0.0,1,1.0,0,0.0
芝士拿铁不加糖hh,2,1,no_media,0,2,2023-04,0.0,0.0,0.0,0,0.0,0,0.0,0,0.0,0,0.0,0,0.0,0,0.0,0,0.0,0,0.0,1,1.0
芝士撒粉yyds,2,1,no_media,0,2,2022-03,1.0,0.0,0.0,0,0.0,0,0.0,0,0.0,1,1.0,0,0.0,0,0.0,0,0.0,0,0.0,0,0.0
芝麻关门88,3,2,no_media,0,3,2023-03,0.0,0.0,0.0,0,0.0,0,0.0,0,0.0,0,0.0,0,0.0,0,0.0,0,0.0,1,0.5,1,0.5
芥塻,2,1,no_media,0,2,2023-11,0.0,0.0,0.0,0,0.0,0,0.0,0,0.0,0,0.0,0,0.0,0,0.0,0,0.0,1,1.0,0,0.0
芦小果同学,2,1,no_media,0,2,2023-01,1.0,0.0,0.0,0,0.0,0,0.0,0,0.0,0,0.0,0,0.0,0,0.0,1,1.0,0,0.0,0,0.0
芦野雄一,2,1,no_media,0,2,2023-05,0.0,0.0,1.0,0,0.0,0,0.0,0,0.0,0,0.0,1,1.0,0,0.0,0,0.0,0,0.0,0,0.0
芭莎蔓集团,2,1,no_media,0,2,2023-02,0.0,0.0,1.0,0,0.0,0,0.0,0,0.0,0,0.0,1,1.0,0,0.0,0,0.0,0,0.0,0,0.0
花姐聊宫颈,3,2,no_media,0,2,2023-01,0.0,0.5,0.0,0,0.0,0,0.0,1,0.5,0,0.0,0,0.0,0,0.0,0,0.0,1,0.5,0,0.0
花开v忘忧,2,1,no_media,0,2,2023-08,0.0,0.0,1.0,0,0.0,0,0.0,0,0.0,0,0.0,1,1.0,0,0.0,0,0.0,0,0.0,0,0.0
花开邹平耿宏业,2,1,wemedia_only,2,1,2023-02,0.0,0.0,1.0,0,0.0,0,0.0,0,0.0,0,0.0,1,1.0,0,0.0,0,0.0,0,0.0,0,0.0
花影恨月光1,23,22,no_media,0,23,2023-07,0.22727272727272727,0.2727272727272727,0.18181818181818182,7,0.3181818181818182,6,0.2727272727272727,0,0.0,5,0.22727272727272727,4,0.18181818181818182,0,0.0,0,0.0,0,0.0,0,0.0
花影恨月光_,7,6,no_media,0,7,2024-02,0.16666666666666666,0.3333333333333333,0.3333333333333333,1,0.16666666666666666,2,0.3333333333333333,0,0.0,1,0.16666666666666666,2,0.3333333333333333,0,0.0,0,0.0,0,0.0,0,0.0
花惜晴朝,3,2,no_media,1,3,2023-07,0.0,0.0,0.0,0,0.0,0,0.0,0,0.0,0,0.0,0,0.0,1,0.5,0,0.0,0,0.0,1,0.5
花样馨蕊,2,1,no_media,2,2,2022-12,0.0,0.0,1.0,0,0.0,0,0.0,0,0.0,0,0.0,1,1.0,0,0.0,0,0.0,0,0.0,0,0.0
花浅觅,2,1,no_media,0,2,2023-12,0.0,0.0,0.0,0,0.0,0,0.0,0,0.0,0,0.0,0,0.0,0,0.0,0,0.0,0,0.0,1,1.0
花非花藕非藕_330,2,1,no_media,0,2,2023-05,1.0,0.0,0.0,0,0.0,0,0.0,0,0.0,1,1.0,0,0.0,0,0.0,0,0.0,0,0.0,0,0.0
花鲤2018,2,1,no_media,0,2,2023-12,0.0,1.0,0.0,0,0.0,0,0.0,1,1.0,0,0.0,0,0.0,0,0.0,0,0.0,0,0.0,0,0.0
芳孩-想去有风的地方玩,2,1,no_media,3,2,2023-07,0.0,0.0,1.0,0,0.0,0,0.0,0,0.0,0,0.0,1,1.0,0,0.0,0,0.0,0,0.0,0,0.0
芸芸众生01796,2,1,no_media,0,2,2023-02,0.0,0.0,1.0,0,0.0,0,0.0,0,0.0,0,0.0,1,1.0,0,0.0,0,0.0,0,0.0,0,0.0
苍梧晚报,2,1,no_media,0,2,2022-10,0.0,0.0,1.0,0,0.0,0,0.0,0,0.0,0,0.0,1,1.0,0,0.0,0,0.0,0,0.0,0,0.0
苍海一粟89496,6,5,no_media,0,6,2024-04,0.0,0.0,1.0,0,0.0,0,0.0,0,0.0,0,0.0,5,1.0,0,0.0,0,0.0,0,0.0,0,0.0
苍苍蒹葭永忆故乡,2,1,wemedia_only,6,2,2024-08,0.0,0.0,1.0,0,0.0,0,0.0,0,0.0,0,0.0,1,1.0,0,0.0,0,0.0,0,0.0,0,0.0
苍鹰落在钓鱼岛888,2,1,no_media,0,2,2023-03,1.0,0.0,0.0,0,0.0,0,0.0,0,0.0,0,0.0,0,0.0,0,0.0,1,1.0,0,0.0,0,0.0
苍龙飞天79,16,15,no_media,1,15,2022-03,0.06666666666666667,0.06666666666666667,0.7333333333333333,0,0.0,1,0.06666666666666667,0,0.0,1,0.06666666666666667,11,0.7333333333333333,1,0.06666666666666667,0,0.0,1,0.06666666666666667,0,0.0
苏一狗SusYiDog,3,2,no_media,2,3,2023-07,0.5,0.0,0.0,1,0.5,0,0.0,0,0.0,0,0.0,0,0.0,0,0.0,1,0.5,0,0.0,0,0.0
苏孟氏芳邻,5,4,no_media,0,5,2023-05,0.0,0.0,1.0,0,0.0,0,0.0,0,0.0,0,0.0,4,1.0,0,0.0,0,0.0,0,0.0,0,0.0
苏家屯发布,2,1,no_media,0,2,2023-05,0.0,0.0,1.0,0,0.0,0,0.0,0,0.0,0,0.0,1,1.0,0,0.0,0,0.0,0,0.0,0,0.0
苏小小杺,2,1,no_media,0,2,2025-02,0.0,0.0,0.0,0,0.0,0,0.0,0,0.0,0,0.0,0,0.0,0,0.0,0,0.0,0,0.0,1,1.0
苏州高新区人民医院,5,4,no_media,0,5,2023-02,0.0,0.0,1.0,0,0.0,0,0.0,0,0.0,0,0.0,4,1.0,0,0.0,0,0.0,0,0.0,0,0.0
苏木京墨,2,1,no_media,3,2,2024-12,0.0,0.0,0.0,0,0.0,0,0.0,0,0.0,0,0.0,0,0.0,0,0.0,0,0.0,0,0.0,1,1.0
苏柏全美国博士副教授,9,8,no_media,0,9,2023-02,0.125,0.125,0.75,0,0.0,1,0.125,0,0.0,1,0.125,6,0.75,0,0.0,0,0.0,0,0.0,0,0.0
苏格道机,3,2,no_media,0,3,2023-12,0.0,0.5,0.5,0,0.0,1,0.5,0,0.0,0,0.0,1,0.5,0,0.0,0,0.0,0,0.0,0,0.0
苏美好怎么不可以,2,1,no_media,0,2,2024-06,0.0,0.0,1.0,0,0.0,0,0.0,0,0.0,0,0.0,1,1.0,0,0.0,0,0.0,0,0.0,0,0.0
苏菲日记Sophia,2,1,no_media,0,2,2023-05,0.0,0.0,0.0,0,0.0,0,0.0,0,0.0,0,0.0,0,0.0,1,1.0,0,0.0,0,0.0,0,0.0
苏蒂小骑,2,1,no_media,0,2,2023-06,0.0,0.0,0.0,0,0.0,0,0.0,0,0.0,0,0.0,0,0.0,0,0.0,0,0.0,0,0.0,1,1.0
苏雪舞,2,1,no_media,0,2,2023-11,0.0,0.0,1.0,0,0.0,0,0.0,0,0.0,0,0.0,1,1.0,0,0.0,0,0.0,0,0.0,0,0.0
苏鹿娱乐,2,1,no_media,0,2,2023-04,0.0,0.0,0.0,0,0.0,0,0.0,0,0.0,0,0.0,0,0.0,1,1.0,0,0.0,0,0.0,0,0.0
苗苗和壮壮的粑粑,3,2,no_media,1,3,2023-09,0.0,0.0,0.0,0,0.0,0,0.0,0,0.0,0,0.0,0,0.0,0,0.0,0,0.0,1,0.5,1,0.5
若vs衡,2,1,wemedia_only,3,2,2022-12,0.0,0.0,0.0,0,0.0,0,0.0,0,0.0,0,0.0,0,0.0,0,0.0,0,0.0,1,1.0,0,0.0
若有若无之间,2,1,no_media,0,2,2023-03,0.0,0.0,0.0,0,0.0,0,0.0,0,0.0,0,0.0,0,0.0,0,0.0,0,0.0,1,1.0,0,0.0
苦丁山,2,1,no_media,0,2,2023-07,0.0,0.0,1.0,0,0.0,0,0.0,0,0.0,0,0.0,1,1.0,0,0.0,0,0.0,0,0.0,0,0.0
苦修百夜炼成球,2,1,no_media,1,2,2023-02,0.0,1.0,0.0,0,0.0,1,1.0,0,0.0,0,0.0,0,0.0,0,0.0,0,0.0,0,0.0,0,0.0
苦杏仁,2,1,no_media,1,2,2023-08,0.0,0.0,1.0,0,0.0,0,0.0,0,0.0,0,0.0,1,1.0,0,0.0,0,0.0,0,0.0,0,0.0
英之cai,6,5,mainstream_only,8,5,2023-03,0.0,0.0,1.0,0,0.0,0,0.0,0,0.0,0,0.0,5,1.0,0,0.0,0,0.0,0,0.0,0,0.0
英伦圈,2,1,no_media,0,2,2021-01,0.0,0.0,0.0,1,1.0,0,0.0,0,0.0,0,0.0,0,0.0,0,0.0,0,0.0,0,0.0,0,0.0
英兄好杰,2,1,no_media,0,2,2023-03,1.0,0.0,0.0,0,0.0,0,0.0,0,0.0,1,1.0,0,0.0,0,0.0,0,0.0,0,0.0,0,0.0
英国Cytoplan营养补充品,3,2,no_media,2,3,2023-01,0.0,0.0,1.0,0,0.0,0,0.0,0,0.0,0,0.0,2,1.0,0,0.0,0,0.0,0,0.0,0,0.0
英国富鑫法务,3,2,no_media,0,3,2025-02,0.0,0.0,1.0,0,0.0,0,0.0,0,0.0,0,0.0,2,1.0,0,0.0,0,0.0,0,0.0,0,0.0
英国小博主,2,1,no_media,0,2,2023-03,0.0,0.0,1.0,0,0.0,0,0.0,0,0.0,0,0.0,1,1.0,0,0.0,0,0.0,0,0.0,0,0.0
英国长颈鹿,6,5,no_media,0,6,2022-07,0.0,0.0,1.0,0,0.0,0,0.0,0,0.0,0,0.0,5,1.0,0,0.0,0,0.0,0,0.0,0,0.0
英定文,2,1,no_media,1,2,2023-09,0.0,0.0,1.0,0,0.0,0,0.0,0,0.0,0,0.0,1,1.0,0,0.0,0,0.0,0,0.0,0,0.0
苴国布衣,8,7,no_media,0,8,2023-03,0.0,0.0,1.0,0,0.0,0,0.0,0,0.0,0,0.0,7,1.0,0,0.0,0,0.0,0,0.0,0,0.0
苹果树上的小叶子,4,3,no_media,0,3,2025-05,0.3333333333333333,0.3333333333333333,0.0,1,0.3333333333333333,0,0.0,1,0.3333333333333333,0,0.0,0,0.0,0,0.0,1,0.3333333333333333,0,0.0,0,0.0
苹果肖肖樂,2,1,wemedia_only,2,1,2020-03,0.0,0.0,1.0,0,0.0,0,0.0,0,0.0,0,0.0,1,1.0,0,0.0,0,0.0,0,0.0,0,0.0
茂哥日记,5,4,no_media,7,4,2022-10,0.0,0.0,1.0,0,0.0,0,0.0,0,0.0,0,0.0,4,1.0,0,0.0,0,0.0,0,0.0,0,0.0
茂林修竹哒,4,3,no_media,1,4,2023-03,0.0,0.0,0.0,0,0.0,0,0.0,0,0.0,0,0.0,0,0.0,1,0.3333333333333333,0,0.0,1,0.3333333333333333,1,0.3333333333333333
范三少女,2,1,no_media,0,2,2023-06,0.0,0.0,0.0,0,0.0,0,0.0,0,0.0,0,0.0,0,0.0,0,0.0,0,0.0,1,1.0,0,0.0
范勇鹏-,3,2,no_media,0,3,2023-06,0.0,0.0,0.0,0,0.0,0,0.0,0,0.0,0,0.0,0,0.0,1,0.5,0,0.0,1,0.5,0,0.0
范志红_原创营养信息,8,7,no_media,0,8,2023-02,0.0,0.0,0.7142857142857143,0,0.0,0,0.0,0,0.0,0,0.0,5,0.7142857142857143,1,0.14285714285714285,0,0.0,1,0.14285714285714285,0,0.0
范景翔_FAN,39,38,no_media,0,34,2023-02,0.0,0.0,1.0,0,0.0,0,0.0,0,0.0,0,0.0,38,1.0,0,0.0,0,0.0,0,0.0,0,0.0
范松中医,6,5,no_media,0,6,2025-01,0.2,0.2,0.4,0,0.0,1,0.2,0,0.0,1,0.2,2,0.4,0,0.0,0,0.0,1,0.2,0,0.0
范炮炮,2,1,no_media,0,2,2023-06,0.0,0.0,1.0,0,0.0,0,0.0,0,0.0,0,0.0,1,1.0,0,0.0,0,0.0,0,0.0,0,0.0
茉莉茉莉1989,2,1,wemedia_only,2,2,2023-08,1.0,0.0,0.0,0,0.0,0,0.0,0,0.0,1,1.0,0,0.0,0,0.0,0,0.0,0,0.0,0,0.0
茗2002,4,3,no_media,0,4,2025-05,0.0,0.0,1.0,0,0.0,0,0.0,0,0.0,0,0.0,3,1.0,0,0.0,0,0.0,0,0.0,0,0.0
茜噜噜啦嗒嗒c,2,1,no_media,0,2,2023-07,0.0,0.0,1.0,0,0.0,0,0.0,0,0.0,0,0.0,1,1.0,0,0.0,0,0.0,0,0.0,0,0.0
茧破JianPo,4,3,no_media,0,3,2023-12,0.0,0.0,1.0,0,0.0,0,0.0,0,0.0,0,0.0,3,1.0,0,0.0,0,0.0,0,0.0,0,0.0
茫茫本尊,2,1,dual,12,1,2023-02,0.0,0.0,0.0,0,0.0,0,0.0,0,0.0,0,0.0,0,0.0,0,0.0,0,0.0,0,0.0,1,1.0
茶姐的茶1211,3,2,no_media,1,3,2023-05,0.0,0.5,0.5,0,0.0,1,0.5,0,0.0,0,0.0,1,0.5,0,0.0,0,0.0,0,0.0,0,0.0
茶杯不泡Tea,2,1,no_media,0,2,2023-04,0.0,1.0,0.0,0,0.0,0,0.0,1,1.0,0,0.0,0,0.0,0,0.0,0,0.0,0,0.0,0,0.0
茶色素研发推广中心,3,2,no_media,0,2,2023-03,0.0,0.0,1.0,0,0.0,0,0.0,0,0.0,0,0.0,2,1.0,0,0.0,0,0.0,0,0.0,0,0.0
茶茶山茶花,2,1,no_media,0,2,2023-02,0.0,1.0,0.0,0,0.0,1,1.0,0,0.0,0,0.0,0,0.0,0,0.0,0,0.0,0,0.0,0,0.0
茶馆小厮-,3,2,no_media,1,3,2024-03,0.0,0.5,0.0,0,0.0,1,0.5,0,0.0,0,0.0,0,0.0,1,0.5,0,0.0,0,0.0,0,0.0
茶馆论道,5,4,no_media,0,5,2021-02,0.0,0.25,0.75,0,0.0,1,0.25,0,0.0,0,0.0,3,0.75,0,0.0,0,0.0,0,0.0,0,0.0
荆州发布,2,1,no_media,0,2,2020-06,0.0,0.0,1.0,0,0.0,0,0.0,0,0.0,0,0.0,1,1.0,0,0.0,0,0.0,0,0.0,0,0.0
荆楚名医汇,2,1,no_media,0,2,2021-11,0.0,0.0,1.0,0,0.0,0,0.0,0,0.0,0,0.0,1,1.0,0,0.0,0,0.0,0,0.0,0,0.0
荆楚网,19,18,no_media,0,17,2020-03,0.0,0.0,1.0,0,0.0,0,0.0,0,0.0,0,0.0,18,1.0,0,0.0,0,0.0,0,0.0,0,0.0
荆门发布,6,5,no_media,0,6,2021-08,0.0,0.0,1.0,0,0.0,0,0.0,0,0.0,0,0.0,5,1.0,0,0.0,0,0.0,0,0.0,0,0.0
荆门广播电视台,5,4,no_media,0,5,2020-03,0.0,0.0,1.0,0,0.0,0,0.0,0,0.0,0,0.0,4,1.0,0,0.0,0,0.0,0,0.0,0,0.0
草原明珠锡林浩特,8,7,no_media,0,8,2023-02,0.0,0.0,1.0,0,0.0,0,0.0,0,0.0,0,0.0,7,1.0,0,0.0,0,0.0,0,0.0,0,0.0
草木云天,2,1,no_media,0,2,2023-03,0.0,0.0,0.0,0,0.0,0,0.0,0,0.0,0,0.0,0,0.0,1,1.0,0,0.0,0,0.0,0,0.0
草莓不是梨汁味,2,1,no_media,0,2,2023-09,0.0,1.0,0.0,0,0.0,0,0.0,1,1.0,0,0.0,0,0.0,0,0.0,0,0.0,0,0.0,0,0.0
草莓味小熊weini,3,2,no_media,0,3,2023-11,0.0,0.5,0.0,0,0.0,0,0.0,1,0.5,0,0.0,0,0.0,0,0.0,0,0.0,0,0.0,1,0.5
草莓味的山楂酱,3,2,mainstream_only,1,3,2022-03,0.0,0.0,1.0,0,0.0,0,0.0,0,0.0,0,0.0,2,1.0,0,0.0,0,0.0,0,0.0,0,0.0
草莓大萌神tt,2,1,no_media,0,2,2023-12,0.0,0.0,0.0,0,0.0,0,0.0,0,0.0,0,0.0,0,0.0,0,0.0,0,0.0,0,0.0,1,1.0
草雉水素,2,1,no_media,1,2,2023-06,0.0,0.0,0.0,0,0.0,0,0.0,0,0.0,0,0.0,0,0.0,1,1.0,0,0.0,0,0.0,0,0.0
草香阁减肥美容瘦脸瘦身健康氧吧,2,1,no_media,0,2,2023-03,0.0,0.0,1.0,0,0.0,0,0.0,0,0.0,0,0.0,1,1.0,0,0.0,0,0.0,0,0.0,0,0.0
荒颐,3,2,no_media,0,2,2022-12,0.0,0.0,1.0,0,0.0,0,0.0,0,0.0,0,0.0,2,1.0,0,0.0,0,0.0,0,0.0,0,0.0
荔枝健康,3,2,no_media,0,3,2023-01,0.0,0.0,1.0,0,0.0,0,0.0,0,0.0,0,0.0,2,1.0,0,0.0,0,0.0,0,0.0,0,0.0
荔枝新闻,42,41,no_media,0,41,2020-10,0.0,0.0,1.0,0,0.0,0,0.0,0,0.0,0,0.0,41,1.0,0,0.0,0,0.0,0,0.0,0,0.0
荔枝网,4,3,no_media,0,4,2021-07,0.0,0.0,1.0,0,0.0,0,0.0,0,0.0,0,0.0,3,1.0,0,0.0,0,0.0,0,0.0,0,0.0
荔直播,13,12,no_media,0,13,2021-03,0.0,0.0,1.0,0,0.0,0,0.0,0,0.0,0,0.0,12,1.0,0,0.0,0,0.0,0,0.0,0,0.0
荚心飯團,2,1,no_media,0,2,2023-05,0.0,0.0,0.0,0,0.0,0,0.0,0,0.0,0,0.0,0,0.0,0,0.0,0,0.0,0,0.0,1,1.0
荣耀西安网,3,2,no_media,0,3,2020-03,0.0,0.0,1.0,0,0.0,0,0.0,0,0.0,0,0.0,2,1.0,0,0.0,0,0.0,0,0.0,0,0.0
荣荣酱快卖萌,2,1,no_media,1,2,2023-02,0.0,0.0,1.0,0,0.0,0,0.0,0,0.0,0,0.0,1,1.0,0,0.0,0,0.0,0,0.0,0,0.0
荧光小炮弹,3,2,no_media,0,3,2023-08,0.0,0.0,0.5,0,0.0,0,0.0,0,0.0,0,0.0,1,0.5,1,0.5,0,0.0,0,0.0,0,0.0
药子陌,17,16,wemedia_only,4,16,2022-12,0.0625,0.0625,0.875,0,0.0,1,0.0625,0,0.0,1,0.0625,14,0.875,0,0.0,0,0.0,0,0.0,0,0.0
药师方健,5,4,no_media,0,5,2023-03,0.0,0.0,1.0,0,0.0,0,0.0,0,0.0,0,0.0,4,1.0,0,0.0,0,0.0,0,0.0,0,0.0
药师驾到助健康,2,1,wemedia_only,1,1,2022-12,0.0,0.0,1.0,0,0.0,0,0.0,0,0.0,0,0.0,1,1.0,0,0.0,0,0.0,0,0.0,0,0.0
药明康德,2,1,no_media,0,2,2023-03,0.0,0.0,1.0,0,0.0,0,0.0,0,0.0,0,0.0,1,1.0,0,0.0,0,0.0,0,0.0,0,0.0
药有温热,2,1,no_media,0,1,2023-04,0.0,0.0,0.0,0,0.0,0,0.0,0,0.0,0,0.0,0,0.0,1,1.0,0,0.0,0,0.0,0,0.0
药神林小仙,2,1,no_media,0,2,2023-02,0.0,0.0,0.0,0,0.0,0,0.0,0,0.0,0,0.0,0,0.0,0,0.0,0,0.0,1,1.0,0,0.0
药融圈,8,7,no_media,0,7,2023-01,0.0,0.0,1.0,0,0.0,0,0.0,0,0.0,0,0.0,7,1.0,0,0.0,0,0.0,0,0.0,0,0.0
药都和旭升,3,2,no_media,0,3,2023-02,0.0,0.0,1.0,0,0.0,0,0.0,0,0.0,0,0.0,2,1.0,0,0.0,0,0.0,0,0.0,0,0.0
荷塘月色100812,2,1,no_media,0,2,2023-05,0.0,0.0,0.0,0,0.0,0,0.0,0,0.0,0,0.0,0,0.0,1,1.0,0,0.0,0,0.0,0,0.0
荷塘月色1996a,2,1,no_media,0,2,2023-05,0.0,0.0,1.0,0,0.0,0,0.0,0,0.0,0,0.0,1,1.0,0,0.0,0,0.0,0,0.0,0,0.0
荷珍的日子,4,3,no_media,0,4,2023-03,0.3333333333333333,0.3333333333333333,0.0,1,0.3333333333333333,1,0.3333333333333333,0,0.0,0,0.0,0,0.0,0,0.0,1,0.3333333333333333,0,0.0,0,0.0
荷香物语,3,2,dual,5,3,2023-04,0.0,0.0,0.0,0,0.0,0,0.0,0,0.0,0,0.0,0,0.0,1,0.5,0,0.0,1,0.5,0,0.0
莆田网新闻,5,4,no_media,0,5,2023-02,0.0,0.0,1.0,0,0.0,0,0.0,0,0.0,0,0.0,4,1.0,0,0.0,0,0.0,0,0.0,0,0.0
莉莉钰鑫,2,1,no_media,0,2,2023-09,0.0,0.0,0.0,0,0.0,0,0.0,0,0.0,0,0.0,0,0.0,0,0.0,0,0.0,0,0.0,1,1.0
莉莎医生,2,1,no_media,0,2,2023-01,0.0,0.0,1.0,0,0.0,0,0.0,0,0.0,0,0.0,1,1.0,0,0.0,0,0.0,0,0.0,0,0.0
莎莎的藏金库,4,3,no_media,1,4,2023-02,0.0,0.0,0.3333333333333333,0,0.0,0,0.0,0,0.0,0,0.0,1,0.3333333333333333,1,0.3333333333333333,0,0.0,0,0.0,1,0.3333333333333333
莘县融媒体中心,3,2,mainstream_only,2,3,2023-05,0.0,0.0,1.0,0,0.0,0,0.0,0,0.0,0,0.0,2,1.0,0,0.0,0,0.0,0,0.0,0,0.0
莫七呀,2,1,no_media,0,2,2023-06,0.0,0.0,1.0,0,0.0,0,0.0,0,0.0,0,0.0,1,1.0,0,0.0,0,0.0,0,0.0,0,0.0
莫哭莫闹,6,5,no_media,0,6,2022-12,0.0,0.2,0.0,1,0.2,0,0.0,1,0.2,0,0.0,0,0.0,0,0.0,0,0.0,0,0.0,3,0.6
莫小時小莫,3,2,no_media,0,3,2024-06,0.0,0.0,0.0,0,0.0,0,0.0,0,0.0,0,0.0,0,0.0,0,0.0,0,0.0,0,0.0,2,1.0
莫莫不迷糊,2,1,no_media,0,2,2023-01,0.0,0.0,0.0,0,0.0,0,0.0,0,0.0,0,0.0,0,0.0,0,0.0,0,0.0,0,0.0,1,1.0
莫雨轩C,2,1,wemedia_only,4,2,2023-12,0.0,1.0,0.0,0,0.0,1,1.0,0,0.0,0,0.0,0,0.0,0,0.0,0,0.0,0,0.0,0,0.0
莲子白鹤,11,10,no_media,1,11,2023-02,0.1,0.1,0.1,1,0.1,1,0.1,0,0.0,1,0.1,1,0.1,2,0.2,0,0.0,2,0.2,2,0.2
莴苣与土豆,2,1,mainstream_only,2,2,2024-10,1.0,0.0,0.0,0,0.0,0,0.0,0,0.0,1,1.0,0,0.0,0,0.0,0,0.0,0,0.0,0,0.0
莺时二十,2,1,no_media,0,2,2023-09,0.0,0.0,1.0,0,0.0,0,0.0,0,0.0,0,0.0,1,1.0,0,0.0,0,0.0,0,0.0,0,0.0
菁铮,2,1,wemedia_only,2,2,2023-03,0.0,0.0,0.0,0,0.0,0,0.0,0,0.0,0,0.0,0,0.0,0,0.0,0,0.0,0,0.0,1,1.0
菏泽市图书馆,3,2,no_media,0,3,2023-02,0.0,0.0,1.0,0,0.0,0,0.0,0,0.0,0,0.0,2,1.0,0,0.0,0,0.0,0,0.0,0,0.0
菏泽日报,3,2,no_media,1,3,2021-03,0.0,0.0,1.0,0,0.0,0,0.0,0,0.0,0,0.0,2,1.0,0,0.0,0,0.0,0,0.0,0,0.0
菏泽鲁西新区管委会,2,1,no_media,0,2,2023-02,0.0,0.0,1.0,0,0.0,0,0.0,0,0.0,0,0.0,1,1.0,0,0.0,0,0.0,0,0.0,0,0.0
菜九段001,5,4,no_media,0,5,2023-03,0.0,0.0,1.0,0,0.0,0,0.0,0,0.0,0,0.0,4,1.0,0,0.0,0,0.0,0,0.0,0,0.0
菜頭醬,3,2,no_media,1,3,2023-08,0.5,0.0,0.5,0,0.0,0,0.0,0,0.0,1,0.5,1,0.5,0,0.0,0,0.0,0,0.0,0,0.0
菠萝小丸子啦,2,1,no_media,1,2,2024-01,1.0,0.0,0.0,0,0.0,0,0.0,0,0.0,0,0.0,0,0.0,0,0.0,1,1.0,0,0.0,0,0.0
菱雪影视推荐,2,1,no_media,0,2,2023-02,0.0,0.0,1.0,0,0.0,0,0.0,0,0.0,0,0.0,1,1.0,0,0.0,0,0.0,0,0.0,0,0.0
菲小象,4,3,mainstream_only,4,3,2023-03,0.0,0.0,0.0,0,0.0,0,0.0,0,0.0,0,0.0,0,0.0,0,0.0,0,0.0,0,0.0,3,1.0
菲菲姐的小花园,11,10,no_media,2,11,2023-01,0.0,0.0,0.8,0,0.0,0,0.0,0,0.0,0,0.0,8,0.8,1,0.1,0,0.0,1,0.1,0,0.0
菲菲菲珞呀,3,2,no_media,0,2,2023-02,0.0,0.0,1.0,0,0.0,0,0.0,0,0.0,0,0.0,2,1.0,0,0.0,0,0.0,0,0.0,0,0.0
菲龙网,8,7,no_media,0,8,2023-02,0.0,0.0,1.0,0,0.0,0,0.0,0,0.0,0,0.0,7,1.0,0,0.0,0,0.0,0,0.0,0,0.0
萌宠秀2020,2,1,no_media,0,2,2020-03,0.0,0.0,1.0,0,0.0,0,0.0,0,0.0,0,0.0,1,1.0,0,0.0,0,0.0,0,0.0,0,0.0
萌涼兒,3,2,wemedia_only,3,3,2023-03,0.5,0.0,0.0,1,0.5,0,0.0,0,0.0,0,0.0,0,0.0,0,0.0,1,0.5,0,0.0,0,0.0
萌芽不是门牙,2,1,no_media,0,2,2023-07,1.0,0.0,0.0,0,0.0,0,0.0,0,0.0,1,1.0,0,0.0,0,0.0,0,0.0,0,0.0,0,0.0
萌萌and花花,2,1,no_media,0,2,2023-06,0.0,0.0,0.0,0,0.0,0,0.0,0,0.0,0,0.0,0,0.0,0,0.0,0,0.0,0,0.0,1,1.0
萌萌的花Dr,2,1,no_media,0,2,2025-01,1.0,0.0,0.0,0,0.0,0,0.0,0,0.0,1,1.0,0,0.0,0,0.0,0,0.0,0,0.0,0,0.0
萌釉妹,2,1,no_media,0,2,2023-12,0.0,0.0,1.0,0,0.0,0,0.0,0,0.0,0,0.0,1,1.0,0,0.0,0,0.0,0,0.0,0,0.0
萌面超人lx,2,1,no_media,0,2,2022-09,0.0,0.0,1.0,0,0.0,0,0.0,0,0.0,0,0.0,1,1.0,0,0.0,0,0.0,0,0.0,0,0.0
萍妤33,2,1,no_media,0,2,2023-12,0.0,0.0,0.0,0,0.0,0,0.0,0,0.0,0,0.0,0,0.0,0,0.0,0,0.0,1,1.0,0,0.0
萍踪寻影,23,22,no_media,7,22,2023-02,0.18181818181818182,0.18181818181818182,0.0,9,0.4090909090909091,0,0.0,4,0.18181818181818182,0,0.0,0,0.0,1,0.045454545454545456,4,0.18181818181818182,1,0.045454545454545456,3,0.13636363636363635
萝卜投研,4,3,no_media,0,4,2023-10,0.0,0.0,1.0,0,0.0,0,0.0,0,0.0,0,0.0,3,1.0,0,0.0,0,0.0,0,0.0,0,0.0
萝卜青菜的青,2,1,no_media,0,2,2023-02,0.0,0.0,0.0,1,1.0,0,0.0,0,0.0,0,0.0,0,0.0,0,0.0,0,0.0,0,0.0,0,0.0
营养健康晨晨,6,5,no_media,0,6,2023-10,0.0,0.0,1.0,0,0.0,0,0.0,0,0.0,0,0.0,5,1.0,0,0.0,0,0.0,0,0.0,0,0.0
营养医学志愿者李晓峰,5,4,no_media,0,5,2023-04,0.0,0.0,0.5,0,0.0,0,0.0,0,0.0,0,0.0,2,0.5,1,0.25,0,0.0,1,0.25,0,0.0
营养医师王兴国,13,12,no_media,1,11,2023-02,0.0,0.0,0.5833333333333334,0,0.0,0,0.0,0,0.0,0,0.0,7,0.5833333333333334,2,0.16666666666666666,0,0.0,2,0.16666666666666666,1,0.08333333333333333
营养咨询王小淳,4,3,no_media,0,3,2023-05,0.0,0.0,1.0,0,0.0,0,0.0,0,0.0,0,0.0,3,1.0,0,0.0,0,0.0,0,0.0,0,0.0
营养学界的小学生-孙宁,2,1,no_media,0,2,2024-03,0.0,0.0,1.0,0,0.0,0,0.0,0,0.0,0,0.0,1,1.0,0,0.0,0,0.0,0,0.0,0,0.0
营养师Steven李珈贤,4,3,no_media,0,4,2021-11,0.0,0.3333333333333333,0.3333333333333333,1,0.3333333333333333,1,0.3333333333333333,0,0.0,0,0.0,1,0.3333333333333333,0,0.0,0,0.0,0,0.0,0,0.0
营养师_梅梅老师,3,2,wemedia_only,1,3,2024-05,0.5,0.5,0.0,0,0.0,1,0.5,0,0.0,1,0.5,0,0.0,0,0.0,0,0.0,0,0.0,0,0.0
营养师丁晓丽,8,7,no_media,0,5,2023-03,0.0,0.0,0.5714285714285714,0,0.0,0,0.0,0,0.0,0,0.0,4,0.5714285714285714,1,0.14285714285714285,0,0.0,1,0.14285714285714285,1,0.14285714285714285
营养师刘遂谦,2,1,no_media,2,2,2023-01,0.0,0.0,1.0,0,0.0,0,0.0,0,0.0,0,0.0,1,1.0,0,0.0,0,0.0,0,0.0,0,0.0
营养师孟庆嘉,2,1,no_media,0,2,2023-06,0.0,0.0,1.0,0,0.0,0,0.0,0,0.0,0,0.0,1,1.0,0,0.0,0,0.0,0,0.0,0,0.0
营养师张淋琳,11,10,no_media,0,9,2021-11,0.0,0.0,1.0,0,0.0,0,0.0,0,0.0,0,0.0,10,1.0,0,0.0,0,0.0,0,0.0,0,0.0
营养师王丰收,15,14,no_media,0,13,2023-02,0.14285714285714285,0.07142857142857142,0.7857142857142857,0,0.0,1,0.07142857142857142,0,0.0,2,0.14285714285714285,11,0.7857142857142857,0,0.0,0,0.0,0,0.0,0,0.0
营养师王佶,4,3,no_media,5,4,2022-03,0.3333333333333333,0.3333333333333333,0.3333333333333333,0,0.0,1,0.3333333333333333,0,0.0,1,0.3333333333333333,1,0.3333333333333333,0,0.0,0,0.0,0,0.0,0,0.0
营养师王文博,2,1,no_media,0,2,2023-05,0.0,0.0,1.0,0,0.0,0,0.0,0,0.0,0,0.0,1,1.0,0,0.0,0,0.0,0,0.0,0,0.0
营养师空谷阿亮,2,1,no_media,0,2,2023-02,0.0,0.0,1.0,0,0.0,0,0.0,0,0.0,0,0.0,1,1.0,0,0.0,0,0.0,0,0.0,0,0.0
营养师赢心,2,1,no_media,0,2,2023-02,0.0,0.0,1.0,0,0.0,0,0.0,0,0.0,0,0.0,1,1.0,0,0.0,0,0.0,0,0.0,0,0.0
营养师顾中一,6,5,no_media,0,6,2024-03,0.0,0.0,1.0,0,0.0,0,0.0,0,0.0,0,0.0,5,1.0,0,0.0,0,0.0,0,0.0,0,0.0
营口身边事,2,1,no_media,0,2,2023-11,0.0,0.0,1.0,0,0.0,0,0.0,0,0.0,0,0.0,1,1.0,0,0.0,0,0.0,0,0.0,0,0.0
萧亚轩新男朋友是谁,2,1,no_media,0,2,2022-10,0.0,1.0,0.0,0,0.0,0,0.0,1,1.0,0,0.0,0,0.0,0,0.0,0,0.0,0,0.0,0,0.0
萧县发布,3,2,no_media,0,3,2020-03,0.0,0.0,1.0,0,0.0,0,0.0,0,0.0,0,0.0,2,1.0,0,0.0,0,0.0,0,0.0,0,0.0
萧山发布,2,1,no_media,0,2,2020-03,0.0,0.0,1.0,0,0.0,0,0.0,0,0.0,0,0.0,1,1.0,0,0.0,0,0.0,0,0.0,0,0.0
萧林翼,2,1,no_media,0,2,2023-02,0.0,0.0,0.0,0,0.0,0,0.0,0,0.0,0,0.0,0,0.0,0,0.0,0,0.0,1,1.0,0,0.0
萱叔宝,6,5,no_media,7,6,2023-05,0.2,0.2,0.4,1,0.2,1,0.2,0,0.0,1,0.2,2,0.4,0,0.0,0,0.0,0,0.0,0,0.0
萱宣姆妈,2,1,no_media,1,2,2022-12,0.0,0.0,1.0,0,0.0,0,0.0,0,0.0,0,0.0,1,1.0,0,0.0,0,0.0,0,0.0,0,0.0
萱草-Vita,3,2,no_media,0,1,2024-08,0.0,0.0,1.0,0,0.0,0,0.0,0,0.0,0,0.0,2,1.0,0,0.0,0,0.0,0,0.0,0,0.0
萱草妖花,2,1,no_media,0,2,2024-03,0.0,0.0,0.0,1,1.0,0,0.0,0,0.0,0,0.0,0,0.0,0,0.0,0,0.0,0,0.0,0,0.0
落欣然,2,1,no_media,3,1,2023-10,0.0,1.0,0.0,0,0.0,0,0.0,1,1.0,0,0.0,0,0.0,0,0.0,0,0.0,0,0.0,0,0.0
落霞染,2,1,no_media,0,2,2022-03,0.0,0.0,1.0,0,0.0,0,0.0,0,0.0,0,0.0,1,1.0,0,0.0,0,0.0,0,0.0,0,0.0
著名酒后表脸艺术家,3,2,wemedia_only,2,2,2024-02,0.5,0.5,0.0,0,0.0,1,0.5,0,0.0,1,0.5,0,0.0,0,0.0,0,0.0,0,0.0,0,0.0
葛珮帆Elizabeth_Quat,8,7,no_media,0,8,2023-02,0.0,0.0,1.0,0,0.0,0,0.0,0,0.0,0,0.0,7,1.0,0,0.0,0,0.0,0,0.0,0,0.0
葡糖糖三心口服,2,1,no_media,0,2,2023-02,1.0,0.0,0.0,0,0.0,0,0.0,0,0.0,0,0.0,0,0.0,0,0.0,1,1.0,0,0.0,0,0.0
葡萄气泡水aa,6,5,no_media,3,6,2023-03,0.0,0.0,0.4,0,0.0,0,0.0,0,0.0,0,0.0,2,0.4,1,0.2,0,0.0,0,0.0,2,0.4
董叔UncleDong,5,4,no_media,0,5,2023-05,0.5,0.5,0.0,0,0.0,2,0.5,0,0.0,2,0.5,0,0.0,0,0.0,0,0.0,0,0.0,0,0.0
董老师幸福课,2,1,no_media,3,2,2022-10,0.0,0.0,1.0,0,0.0,0,0.0,0,0.0,0,0.0,1,1.0,0,0.0,0,0.0,0,0.0,0,0.0
葫芦mn,5,4,no_media,0,4,2023-09,0.0,0.0,0.75,0,0.0,0,0.0,0,0.0,0,0.0,3,0.75,1,0.25,0,0.0,0,0.0,0,0.0
葬剑叹箫心,12,11,wemedia_only,10,12,2024-08,0.18181818181818182,0.18181818181818182,0.45454545454545453,1,0.09090909090909091,2,0.18181818181818182,0,0.0,1,0.09090909090909091,5,0.45454545454545453,1,0.09090909090909091,1,0.09090909090909091,0,0.0,0,0.0
葱油拌面2010,3,2,mainstream_only,2,3,2023-03,0.0,0.5,0.5,0,0.0,1,0.5,0,0.0,0,0.0,1,0.5,0,0.0,0,0.0,0,0.0,0,0.0
葱白白白白白白白白白,2,1,no_media,0,2,2023-07,0.0,0.0,0.0,0,0.0,0,0.0,0,0.0,0,0.0,0,0.0,0,0.0,0,0.0,1,1.0,0,0.0
葵坚强,2,1,no_media,0,2,2023-06,0.0,0.0,0.0,0,0.0,0,0.0,0,0.0,0,0.0,0,0.0,0,0.0,0,0.0,1,1.0,0,0.0
葵视界,3,2,no_media,0,3,2023-04,0.0,0.5,0.0,1,0.5,0,0.0,1,0.5,0,0.0,0,0.0,0,0.0,0,0.0,0,0.0,0,0.0
蒋佩茹医生,2,1,no_media,0,2,2023-02,0.0,0.0,0.0,0,0.0,0,0.0,0,0.0,0,0.0,0,0.0,0,0.0,0,0.0,1,1.0,0,0.0
蒋杰森TVC影视动画拍摄制作,2,1,no_media,0,2,2022-01,0.0,1.0,0.0,0,0.0,1,1.0,0,0.0,0,0.0,0,0.0,0,0.0,0,0.0,0,0.0,0,0.0
蒋雍巴姆,4,3,no_media,8,4,2023-07,0.3333333333333333,0.0,0.0,1,0.3333333333333333,0,0.0,0,0.0,1,0.3333333333333333,0,0.0,0,0.0,0,0.0,1,0.3333333333333333,0,0.0
蒙古前单,4,3,no_media,6,4,2023-09,0.3333333333333333,0.0,0.6666666666666666,0,0.0,0,0.0,0,0.0,1,0.3333333333333333,2,0.6666666666666666,0,0.0,0,0.0,0,0.0,0,0.0
蒙味始觉,7,6,wemedia_only,20,7,2022-08,0.16666666666666666,0.16666666666666666,0.6666666666666666,0,0.0,1,0.16666666666666666,0,0.0,1,0.16666666666666666,4,0.6666666666666666,0,0.0,0,0.0,0,0.0,0,0.0
蒙阴县杨海波中医,3,2,no_media,0,3,2023-02,0.0,0.0,0.5,0,0.0,0,0.0,0,0.0,0,0.0,1,0.5,0,0.0,0,0.0,1,0.5,0,0.0
蒙面巨星羊骨头,2,1,no_media,0,2,2023-12,0.0,1.0,0.0,0,0.0,0,0.0,1,1.0,0,0.0,0,0.0,0,0.0,0,0.0,0,0.0,0,0.0
蒜头他叔,2,1,no_media,1,2,2022-12,0.0,0.0,1.0,0,0.0,0,0.0,0,0.0,0,0.0,1,1.0,0,0.0,0,0.0,0,0.0,0,0.0
蓋依與母,2,1,no_media,0,1,2024-10,1.0,0.0,0.0,0,0.0,0,0.0,0,0.0,0,0.0,0,0.0,0,0.0,1,1.0,0,0.0,0,0.0
蓖麻叶子,3,2,no_media,0,3,2023-03,0.0,0.0,0.0,0,0.0,0,0.0,0,0.0,0,0.0,0,0.0,1,0.5,0,0.0,1,0.5,0,0.0
蓝之未央,2,1,no_media,0,2,2023-02,0.0,0.0,0.0,0,0.0,0,0.0,0,0.0,0,0.0,0,0.0,0,0.0,0,0.0,0,0.0,1,1.0
蓝天2285343111,16,15,no_media,2,15,2023-05,0.13333333333333333,0.2,0.4,4,0.26666666666666666,3,0.2,0,0.0,2,0.13333333333333333,6,0.4,0,0.0,0,0.0,0,0.0,0,0.0
蓝天_无垠,2,1,no_media,4,2,2022-08,0.0,0.0,1.0,0,0.0,0,0.0,0,0.0,0,0.0,1,1.0,0,0.0,0,0.0,0,0.0,0,0.0
蓝帆小蓝,28,27,wemedia_only,2,26,2023-05,0.2222222222222222,0.2222222222222222,0.5555555555555556,0,0.0,6,0.2222222222222222,0,0.0,6,0.2222222222222222,15,0.5555555555555556,0,0.0,0,0.0,0,0.0,0,0.0
蓝星圣母守护兔,3,2,no_media,1,2,2024-02,0.5,0.5,0.0,0,0.0,1,0.5,0,0.0,1,0.5,0,0.0,0,0.0,0,0.0,0,0.0,0,0.0
蓝牙bluetooth,2,1,no_media,0,2,2022-10,0.0,0.0,1.0,0,0.0,0,0.0,0,0.0,0,0.0,1,1.0,0,0.0,0,0.0,0,0.0,0,0.0
蓝色幻象,2,1,no_media,4,2,2023-09,0.0,0.0,1.0,0,0.0,0,0.0,0,0.0,0,0.0,1,1.0,0,0.0,0,0.0,0,0.0,0,0.0
蓝色调大叔,2,1,no_media,0,2,2022-03,0.0,1.0,0.0,0,0.0,1,1.0,0,0.0,0,0.0,0,0.0,0,0.0,0,0.0,0,0.0,0,0.0
蓝色鱼,8,7,no_media,0,8,2023-03,0.2857142857142857,0.14285714285714285,0.0,0,0.0,1,0.14285714285714285,0,0.0,1,0.14285714285714285,0,0.0,1,0.14285714285714285,1,0.14285714285714285,1,0.14285714285714285,2,0.2857142857142857
蓝花甜甜,2,1,mainstream_only,4,2,2023-08,0.0,0.0,1.0,0,0.0,0,0.0,0,0.0,0,0.0,1,1.0,0,0.0,0,0.0,0,0.0,0,0.0
蓝莓医生,2,1,no_media,1,2,2023-02,0.0,0.0,1.0,0,0.0,0,0.0,0,0.0,0,0.0,1,1.0,0,0.0,0,0.0,0,0.0,0,0.0
蓝蝴蝶,3,2,no_media,0,3,2023-10,0.0,0.5,0.0,0,0.0,1,0.5,0,0.0,0,0.0,0,0.0,1,0.5,0,0.0,0,0.0,0,0.0
蓝鲸P,2,1,no_media,0,2,2024-03,0.0,0.0,0.0,0,0.0,0,0.0,0,0.0,0,0.0,0,0.0,0,0.0,0,0.0,1,1.0,0,0.0
蓝鲸新闻,3,2,no_media,0,3,2023-02,0.0,0.0,1.0,0,0.0,0,0.0,0,0.0,0,0.0,2,1.0,0,0.0,0,0.0,0,0.0,0,0.0
蓟州发布,3,2,no_media,0,3,2023-03,0.0,0.0,1.0,0,0.0,0,0.0,0,0.0,0,0.0,2,1.0,0,0.0,0,0.0,0,0.0,0,0.0
蓬松不是我的错,2,1,no_media,0,2,2024-04,0.0,0.0,1.0,0,0.0,0,0.0,0,0.0,0,0.0,1,1.0,0,0.0,0,0.0,0,0.0,0,0.0
蓬生麻中-不扶自直,2,1,no_media,8,2,2023-12,0.0,0.0,1.0,0,0.0,0,0.0,0,0.0,0,0.0,1,1.0,0,0.0,0,0.0,0,0.0,0,0.0
蓬莱融媒,6,5,no_media,0,6,2023-02,0.0,0.0,1.0,0,0.0,0,0.0,0,0.0,0,0.0,5,1.0,0,0.0,0,0.0,0,0.0,0,0.0
蔚蓝森林公园,2,1,wemedia_only,3,2,2023-01,0.0,0.0,1.0,0,0.0,0,0.0,0,0.0,0,0.0,1,1.0,0,0.0,0,0.0,0,0.0,0,0.0
蔡医生讲健康,11,10,no_media,0,11,2023-05,0.0,0.0,1.0,0,0.0,0,0.0,0,0.0,0,0.0,10,1.0,0,0.0,0,0.0,0,0.0,0,0.0
蔡子博士,7,6,no_media,0,6,2021-11,0.16666666666666666,0.16666666666666666,0.6666666666666666,0,0.0,1,0.16666666666666666,0,0.0,1,0.16666666666666666,4,0.6666666666666666,0,0.0,0,0.0,0,0.0,0,0.0
蔡尹珊珊,2,1,no_media,0,2,2023-03,0.0,0.0,1.0,0,0.0,0,0.0,0,0.0,0,0.0,1,1.0,0,0.0,0,0.0,0,0.0,0,0.0
蔡福顺微博,11,10,no_media,0,11,2023-03,0.0,0.0,1.0,0,0.0,0,0.0,0,0.0,0,0.0,10,1.0,0,0.0,0,0.0,0,0.0,0,0.0
蔬福你我它,2,1,no_media,0,2,2023-11,0.0,0.0,1.0,0,0.0,0,0.0,0,0.0,0,0.0,1,1.0,0,0.0,0,0.0,0,0.0,0,0.0
蔷薇之恋0818,2,1,no_media,0,2,2023-03,0.0,0.0,1.0,0,0.0,0,0.0,0,0.0,0,0.0,1,1.0,0,0.0,0,0.0,0,0.0,0,0.0
蔺荠,2,1,no_media,0,2,2024-08,0.0,1.0,0.0,0,0.0,1,1.0,0,0.0,0,0.0,0,0.0,0,0.0,0,0.0,0,0.0,0,0.0
蕙柏电池,2,1,no_media,0,2,2023-02,0.0,0.0,1.0,0,0.0,0,0.0,0,0.0,0,0.0,1,1.0,0,0.0,0,0.0,0,0.0,0,0.0
蕾儿洋,3,2,no_media,2,3,2024-11,0.0,0.0,1.0,0,0.0,0,0.0,0,0.0,0,0.0,2,1.0,0,0.0,0,0.0,0,0.0,0,0.0
薇笙苏8咖啡喵,3,2,no_media,1,3,2023-03,0.0,0.0,0.5,0,0.0,0,0.0,0,0.0,0,0.0,1,0.5,1,0.5,0,0.0,0,0.0,0,0.0
薏米薏米酱_,4,3,wemedia_only,6,1,2020-03,0.0,0.0,1.0,0,0.0,0,0.0,0,0.0,0,0.0,3,1.0,0,0.0,0,0.0,0,0.0,0,0.0
薛亦樊,6,5,no_media,0,6,2023-09,0.0,0.0,0.6,0,0.0,0,0.0,0,0.0,0,0.0,3,0.6,1,0.2,0,0.0,1,0.2,0,0.0
薛峤说科普,2,1,no_media,0,2,2024-02,0.0,0.0,1.0,0,0.0,0,0.0,0,0.0,0,0.0,1,1.0,0,0.0,0,0.0,0,0.0,0,0.0
薛氏正骨美容,5,4,no_media,0,3,2025-02,0.0,0.0,1.0,0,0.0,0,0.0,0,0.0,0,0.0,4,1.0,0,0.0,0,0.0,0,0.0,0,0.0
薛沐川,2,1,no_media,0,2,2025-02,0.0,1.0,0.0,0,0.0,1,1.0,0,0.0,0,0.0,0,0.0,0,0.0,0,0.0,0,0.0,0,0.0
薪火天后,2,1,no_media,0,2,2023-02,0.0,0.0,0.0,1,1.0,0,0.0,0,0.0,0,0.0,0,0.0,0,0.0,0,0.0,0,0.0,0,0.0
藍小喵_Jade,2,1,no_media,0,2,2022-09,1.0,0.0,0.0,0,0.0,0,0.0,0,0.0,1,1.0,0,0.0,0,0.0,0,0.0,0,0.0,0,0.0
藏区赵水龙,2,1,no_media,0,2,2023-05,0.0,1.0,0.0,0,0.0,1,1.0,0,0.0,0,0.0,0,0.0,0,0.0,0,0.0,0,0.0,0,0.0
藏在花絮里,2,1,no_media,0,2,2023-03,0.0,0.0,0.0,0,0.0,0,0.0,0,0.0,0,0.0,0,0.0,0,0.0,0,0.0,0,0.0,1,1.0
藏武堂的一芥,2,1,no_media,0,2,2023-11,0.0,0.0,1.0,0,0.0,0,0.0,0,0.0,0,0.0,1,1.0,0,0.0,0,0.0,0,0.0,0,0.0
藏羚羊,2,1,no_media,2,2,2023-03,0.0,0.0,1.0,0,0.0,0,0.0,0,0.0,0,0.0,1,1.0,0,0.0,0,0.0,0,0.0,0,0.0
藤宫彩,2,1,no_media,1,2,2023-03,1.0,0.0,0.0,0,0.0,0,0.0,0,0.0,1,1.0,0,0.0,0,0.0,0,0.0,0,0.0,0,0.0
蘑菇江湖,2,1,no_media,0,2,2023-05,0.0,1.0,0.0,0,0.0,0,0.0,1,1.0,0,0.0,0,0.0,0,0.0,0,0.0,0,0.0,0,0.0
蘸盐,2,1,no_media,3,2,2024-03,0.0,0.0,1.0,0,0.0,0,0.0,0,0.0,0,0.0,1,1.0,0,0.0,0,0.0,0,0.0,0,0.0
虎伦贝尔,2,1,no_media,0,2,2023-02,1.0,0.0,0.0,0,0.0,0,0.0,0,0.0,0,0.0,0,0.0,0,0.0,1,1.0,0,0.0,0,0.0
虎嗅APP,4,3,no_media,0,4,2020-03,0.0,0.0,1.0,0,0.0,0,0.0,0,0.0,0,0.0,3,1.0,0,0.0,0,0.0,0,0.0,0,0.0
虎座鸟,12,11,no_media,0,12,2020-12,0.0,0.0,1.0,0,0.0,0,0.0,0,0.0,0,0.0,11,1.0,0,0.0,0,0.0,0,0.0,0,0.0
虎葵Hug,2,1,no_media,3,2,2023-02,0.0,0.0,1.0,0,0.0,0,0.0,0,0.0,0,0.0,1,1.0,0,0.0,0,0.0,0,0.0,0,0.0
虔诚义工,4,3,no_media,0,4,2023-08,0.0,0.0,0.0,0,0.0,0,0.0,0,0.0,0,0.0,0,0.0,0,0.0,0,0.0,0,0.0,3,1.0
虚室生白_YXB02,4,3,no_media,0,4,2023-02,0.0,0.0,1.0,0,0.0,0,0.0,0,0.0,0,0.0,3,1.0,0,0.0,0,0.0,0,0.0,0,0.0
虚弱巨婴,2,1,no_media,0,2,2023-06,0.0,1.0,0.0,0,0.0,1,1.0,0,0.0,0,0.0,0,0.0,0,0.0,0,0.0,0,0.0,0,0.0
虫虫同学,2,1,no_media,1,2,2023-05,0.0,0.0,0.0,0,0.0,0,0.0,0,0.0,0,0.0,0,0.0,0,0.0,0,0.0,1,1.0,0,0.0
虾米妈咪,2,1,no_media,0,2,2023-03,0.0,0.0,1.0,0,0.0,0,0.0,0,0.0,0,0.0,1,1.0,0,0.0,0,0.0,0,0.0,0,0.0
虾虾偏头痛,2,1,no_media,0,2,2023-03,0.0,0.0,0.0,1,1.0,0,0.0,0,0.0,0,0.0,0,0.0,0,0.0,0,0.0,0,0.0,0,0.0
蚌埠发布,2,1,no_media,0,2,2024-07,0.0,0.0,1.0,0,0.0,0,0.0,0,0.0,0,0.0,1,1.0,0,0.0,0,0.0,0,0.0,0,0.0
蚌埠市教育局,2,1,no_media,0,2,2023-02,0.0,0.0,1.0,0,0.0,0,0.0,0,0.0,0,0.0,1,1.0,0,0.0,0,0.0,0,0.0,0,0.0
蚌埠日报,12,11,no_media,0,12,2020-03,0.0,0.0,1.0,0,0.0,0,0.0,0,0.0,0,0.0,11,1.0,0,0.0,0,0.0,0,0.0,0,0.0
蚌埠检察,7,6,no_media,0,7,2020-03,0.0,0.0,1.0,0,0.0,0,0.0,0,0.0,0,0.0,6,1.0,0,0.0,0,0.0,0,0.0,0,0.0
蛋团滴裤衩子_,3,2,no_media,0,2,2025-05,0.0,0.0,1.0,0,0.0,0,0.0,0,0.0,0,0.0,2,1.0,0,0.0,0,0.0,0,0.0,0,0.0
蛋黄椰椰,2,1,no_media,0,2,2023-04,0.0,0.0,0.0,0,0.0,0,0.0,0,0.0,0,0.0,0,0.0,0,0.0,0,0.0,0,0.0,1,1.0
蛋黄酥饼Y,2,1,no_media,1,2,2023-02,0.0,1.0,0.0,0,0.0,1,1.0,0,0.0,0,0.0,0,0.0,0,0.0,0,0.0,0,0.0,0,0.0
蛙蛙伙食超好哦,2,1,no_media,0,2,2023-05,0.0,1.0,0.0,0,0.0,1,1.0,0,0.0,0,0.0,0,0.0,0,0.0,0,0.0,0,0.0,0,0.0
蜀道女侠,7,6,no_media,0,6,2024-03,0.3333333333333333,0.3333333333333333,0.0,0,0.0,1,0.16666666666666666,1,0.16666666666666666,1,0.16666666666666666,0,0.0,0,0.0,1,0.16666666666666666,1,0.16666666666666666,1,0.16666666666666666
蜀黍不油腻,2,1,no_media,0,2,2023-07,1.0,0.0,0.0,0,0.0,0,0.0,0,0.0,0,0.0,0,0.0,0,0.0,1,1.0,0,0.0,0,0.0
蜘蛛蛛在织网,2,1,no_media,1,2,2023-05,0.0,0.0,0.0,0,0.0,0,0.0,0,0.0,0,0.0,0,0.0,0,0.0,0,0.0,0,0.0,1,1.0
蜜妈陈,8,7,no_media,0,8,2023-02,0.2857142857142857,0.2857142857142857,0.0,0,0.0,1,0.14285714285714285,1,0.14285714285714285,1,0.14285714285714285,0,0.0,1,0.14285714285714285,1,0.14285714285714285,2,0.2857142857142857,0,0.0
蜜柚春日酒,2,1,wemedia_only,4,1,2020-03,0.0,0.0,1.0,0,0.0,0,0.0,0,0.0,0,0.0,1,1.0,0,0.0,0,0.0,0,0.0,0,0.0
蜜桃奶茨·,2,1,mainstream_only,2,2,2023-06,0.0,0.0,1.0,0,0.0,0,0.0,0,0.0,0,0.0,1,1.0,0,0.0,0,0.0,0,0.0,0,0.0
蜜桃莓莓摇摇冰,2,1,wemedia_only,2,1,2020-03,0.0,0.0,1.0,0,0.0,0,0.0,0,0.0,0,0.0,1,1.0,0,0.0,0,0.0,0,0.0,0,0.0
蜡笔咔咔一,2,1,no_media,4,1,2020-03,0.0,0.0,1.0,0,0.0,0,0.0,0,0.0,0,0.0,1,1.0,0,0.0,0,0.0,0,0.0,0,0.0
蝶语秋音,2,1,no_media,0,2,2023-02,0.0,1.0,0.0,0,0.0,0,0.0,1,1.0,0,0.0,0,0.0,0,0.0,0,0.0,0,0.0,0,0.0
融媒吴江,2,1,no_media,0,2,2023-12,0.0,0.0,1.0,0,0.0,0,0.0,0,0.0,0,0.0,1,1.0,0,0.0,0,0.0,0,0.0,0,0.0
蟹武大D,2,1,no_media,3,2,2023-08,0.0,1.0,0.0,0,0.0,1,1.0,0,0.0,0,0.0,0,0.0,0,0.0,0,0.0,0,0.0,0,0.0
蠡溪青莲,5,4,mainstream_only,6,5,2023-04,0.0,0.0,1.0,0,0.0,0,0.0,0,0.0,0,0.0,4,1.0,0,0.0,0,0.0,0,0.0,0,0.0
血液科周医生,2,1,no_media,2,2,2023-02,0.0,0.0,0.0,0,0.0,0,0.0,0,0.0,0,0.0,0,0.0,0,0.0,0,0.0,1,1.0,0,0.0
行动的苍鹰,4,3,mainstream_only,2,4,2023-03,0.3333333333333333,0.0,0.3333333333333333,0,0.0,0,0.0,0,0.0,1,0.3333333333333333,1,0.3333333333333333,0,0.0,0,0.0,1,0.3333333333333333,0,0.0
行者66778899,2,1,no_media,0,2,2023-03,0.0,0.0,1.0,0,0.0,0,0.0,0,0.0,0,0.0,1,1.0,0,0.0,0,0.0,0,0.0,0,0.0
衝鋒号角,7,6,no_media,0,7,2023-02,0.16666666666666666,0.0,0.6666666666666666,1,0.16666666666666666,0,0.0,0,0.0,1,0.16666666666666666,4,0.6666666666666666,0,0.0,0,0.0,0,0.0,0,0.0
袁小谭,5,4,no_media,0,5,2023-07,0.25,0.25,0.0,0,0.0,0,0.0,1,0.25,0,0.0,0,0.0,0,0.0,1,0.25,1,0.25,1,0.25
袁建树眼科大夫,2,1,no_media,0,1,2023-03,0.0,0.0,1.0,0,0.0,0,0.0,0,0.0,0,0.0,1,1.0,0,0.0,0,0.0,0,0.0,0,0.0
袁立主任说健康,76,75,no_media,0,54,2024-01,0.0,0.0,1.0,0,0.0,0,0.0,0,0.0,0,0.0,75,1.0,0,0.0,0,0.0,0,0.0,0,0.0
袅袅水芝红nnszh,8,7,mainstream_only,1,7,2022-12,0.2857142857142857,0.42857142857142855,0.14285714285714285,1,0.14285714285714285,2,0.2857142857142857,1,0.14285714285714285,1,0.14285714285714285,1,0.14285714285714285,0,0.0,1,0.14285714285714285,0,0.0,0,0.0
袜子批发中心,2,1,no_media,0,1,2024-05,0.0,0.0,0.0,0,0.0,0,0.0,0,0.0,0,0.0,0,0.0,1,1.0,0,0.0,0,0.0,0,0.0
被_的菌菇,2,1,mainstream_only,1,2,2023-06,0.0,0.0,1.0,0,0.0,0,0.0,0,0.0,0,0.0,1,1.0,0,0.0,0,0.0,0,0.0,0,0.0
被动发财躺赢人生就是我,8,7,mainstream_only,7,8,2023-08,0.2857142857142857,0.14285714285714285,0.5714285714285714,0,0.0,1,0.14285714285714285,0,0.0,2,0.2857142857142857,4,0.5714285714285714,0,0.0,0,0.0,0,0.0,0,0.0
被子盖横了小绿,2,1,no_media,0,2,2023-05,0.0,1.0,0.0,0,0.0,0,0.0,1,1.0,0,0.0,0,0.0,0,0.0,0,0.0,0,0.0,0,0.0
被情感伤透了的东北虎,3,2,no_media,0,3,2023-05,0.0,0.0,1.0,0,0.0,0,0.0,0,0.0,0,0.0,2,1.0,0,0.0,0,0.0,0,0.0,0,0.0
被披萨闯空门了,2,1,no_media,0,2,2024-04,0.0,0.0,0.0,0,0.0,0,0.0,0,0.0,0,0.0,0,0.0,0,0.0,0,0.0,0,0.0,1,1.0
被生活强奸的你,7,6,no_media,0,6,2023-07,0.0,0.0,1.0,0,0.0,0,0.0,0,0.0,0,0.0,6,1.0,0,0.0,0,0.0,0,0.0,0,0.0
被辐射的女拖拉机手,5,4,wemedia_only,4,5,2023-05,0.0,0.0,1.0,0,0.0,0,0.0,0,0.0,0,0.0,4,1.0,0,0.0,0,0.0,0,0.0,0,0.0
装点此关山9,2,1,no_media,3,2,2023-10,0.0,0.0,1.0,0,0.0,0,0.0,0,0.0,0,0.0,1,1.0,0,0.0,0,0.0,0,0.0,0,0.0
褚赛42,3,2,no_media,0,3,2023-02,0.0,0.0,1.0,0,0.0,0,0.0,0,0.0,0,0.0,2,1.0,0,0.0,0,0.0,0,0.0,0,0.0
襄阳人家2015,2,1,no_media,1,2,2024-01,0.0,0.0,1.0,0,0.0,0,0.0,0,0.0,0,0.0,1,1.0,0,0.0,0,0.0,0,0.0,0,0.0
西北信息报,3,2,no_media,0,3,2023-03,0.0,0.0,1.0,0,0.0,0,0.0,0,0.0,0,0.0,2,1.0,0,0.0,0,0.0,0,0.0,0,0.0
西北偏东南2020,4,3,mainstream_only,6,3,2023-06,0.0,0.0,1.0,0,0.0,0,0.0,0,0.0,0,0.0,3,1.0,0,0.0,0,0.0,0,0.0,0,0.0
西双版纳报社,3,2,no_media,0,3,2023-02,0.0,0.0,1.0,0,0.0,0,0.0,0,0.0,0,0.0,2,1.0,0,0.0,0,0.0,0,0.0,0,0.0
西固发布,8,7,no_media,0,8,2021-07,0.0,0.0,1.0,0,0.0,0,0.0,0,0.0,0,0.0,7,1.0,0,0.0,0,0.0,0,0.0,0,0.0
西坪小农,3,2,no_media,0,3,2024-05,0.5,0.0,0.5,0,0.0,0,0.0,0,0.0,1,0.5,1,0.5,0,0.0,0,0.0,0,0.0,0,0.0
西墨西墨,3,2,no_media,3,3,2023-01,0.0,0.0,0.0,0,0.0,0,0.0,0,0.0,0,0.0,0,0.0,0,0.0,0,0.0,0,0.0,2,1.0
西奈跑男萨达特,2,1,no_media,1,2,2023-04,0.0,0.0,1.0,0,0.0,0,0.0,0,0.0,0,0.0,1,1.0,0,0.0,0,0.0,0,0.0,0,0.0
西宁城北,2,1,no_media,0,2,2023-02,0.0,0.0,1.0,0,0.0,0,0.0,0,0.0,0,0.0,1,1.0,0,0.0,0,0.0,0,0.0,0,0.0
西宁晚报官方微博,18,17,no_media,0,15,2020-03,0.0,0.0,1.0,0,0.0,0,0.0,0,0.0,0,0.0,17,1.0,0,0.0,0,0.0,0,0.0,0,0.0
西安交通大学第二附属医院,2,1,no_media,0,2,2023-03,0.0,0.0,1.0,0,0.0,0,0.0,0,0.0,0,0.0,1,1.0,0,0.0,0,0.0,0,0.0,0,0.0
西安余热,4,3,no_media,0,4,2023-06,0.6666666666666666,0.3333333333333333,0.0,0,0.0,1,0.3333333333333333,0,0.0,2,0.6666666666666666,0,0.0,0,0.0,0,0.0,0,0.0,0,0.0
西安市第四医院1889,9,8,no_media,0,8,2022-10,0.0,0.0,1.0,0,0.0,0,0.0,0,0.0,0,0.0,8,1.0,0,0.0,0,0.0,0,0.0,0,0.0
西安市红会医院官微,3,2,no_media,0,2,2022-03,0.0,0.0,1.0,0,0.0,0,0.0,0,0.0,0,0.0,2,1.0,0,0.0,0,0.0,0,0.0,0,0.0
西安广播电视台,64,63,no_media,0,50,2020-03,0.0,0.0,1.0,0,0.0,0,0.0,0,0.0,0,0.0,63,1.0,0,0.0,0,0.0,0,0.0,0,0.0
西安康复哥,3,2,no_media,0,3,2023-02,0.0,0.0,0.5,0,0.0,0,0.0,0,0.0,0,0.0,1,0.5,0,0.0,0,0.0,1,0.5,0,0.0
西安新闻网,61,60,no_media,0,50,2022-01,0.0,0.0,1.0,0,0.0,0,0.0,0,0.0,0,0.0,60,1.0,0,0.0,0,0.0,0,0.0,0,0.0
西安日报,2,1,no_media,0,2,2023-02,0.0,0.0,1.0,0,0.0,0,0.0,0,0.0,0,0.0,1,1.0,0,0.0,0,0.0,0,0.0,0,0.0
西安晚报,52,51,no_media,0,48,2020-06,0.0,0.0,1.0,0,0.0,0,0.0,0,0.0,0,0.0,51,1.0,0,0.0,0,0.0,0,0.0,0,0.0
西安校园学长,4,3,no_media,0,3,2022-11,0.0,0.3333333333333333,0.6666666666666666,0,0.0,1,0.3333333333333333,0,0.0,0,0.0,2,0.6666666666666666,0,0.0,0,0.0,0,0.0,0,0.0
西安检察,2,1,mainstream_only,4,2,2020-03,0.0,0.0,1.0,0,0.0,0,0.0,0,0.0,0,0.0,1,1.0,0,0.0,0,0.0,0,0.0,0,0.0
西安海棠职业学院,3,2,no_media,0,3,2023-06,0.0,0.0,1.0,0,0.0,0,0.0,0,0.0,0,0.0,2,1.0,0,0.0,0,0.0,0,0.0,0,0.0
西安网,54,53,no_media,0,51,2022-03,0.0,0.0,1.0,0,0.0,0,0.0,0,0.0,0,0.0,53,1.0,0,0.0,0,0.0,0,0.0,0,0.0
西安网络广播电视台,55,54,no_media,0,50,2020-03,0.0,0.0,1.0,0,0.0,0,0.0,0,0.0,0,0.0,54,1.0,0,0.0,0,0.0,0,0.0,0,0.0
西尾芭蕉哆啦,2,1,no_media,0,2,2023-06,1.0,0.0,0.0,0,0.0,0,0.0,0,0.0,0,0.0,0,0.0,0,0.0,1,1.0,0,0.0,0,0.0
西山不可刘,3,2,wemedia_only,5,3,2023-12,0.0,0.0,1.0,0,0.0,0,0.0,0,0.0,0,0.0,2,1.0,0,0.0,0,0.0,0,0.0,0,0.0
西平郡御史,2,1,no_media,0,2,2022-12,0.0,1.0,0.0,0,0.0,1,1.0,0,0.0,0,0.0,0,0.0,0,0.0,0,0.0,0,0.0,0,0.0
西木子喵,2,1,no_media,0,2,2023-06,0.0,0.0,0.0,0,0.0,0,0.0,0,0.0,0,0.0,0,0.0,0,0.0,0,0.0,0,0.0,1,1.0
西木日沉,3,2,no_media,0,3,2023-02,0.5,0.0,0.0,0,0.0,0,0.0,0,0.0,0,0.0,0,0.0,0,0.0,1,0.5,0,0.0,1,0.5
西江潮新闻,2,1,no_media,0,2,2023-05,0.0,0.0,1.0,0,0.0,0,0.0,0,0.0,0,0.0,1,1.0,0,0.0,0,0.0,0,0.0,0,0.0
西洛_下班歇菜版,2,1,no_media,0,2,2023-06,0.0,0.0,0.0,0,0.0,0,0.0,0,0.0,0,0.0,0,0.0,0,0.0,0,0.0,0,0.0,1,1.0
西海都市报官方微博,30,29,no_media,0,27,2020-04,0.0,0.0,1.0,0,0.0,0,0.0,0,0.0,0,0.0,29,1.0,0,0.0,0,0.0,0,0.0,0,0.0
西瓜bernice,3,2,no_media,3,3,2023-09,0.0,0.5,0.0,0,0.0,0,0.0,1,0.5,0,0.0,0,0.0,0,0.0,0,0.0,1,0.5,0,0.0
西皮娱乐,2,1,no_media,0,2,2023-02,0.0,0.0,1.0,0,0.0,0,0.0,0,0.0,0,0.0,1,1.0,0,0.0,0,0.0,0,0.0,0,0.0
西科经管青志中心,2,1,no_media,0,2,2023-05,0.0,0.0,1.0,0,0.0,0,0.0,0,0.0,0,0.0,1,1.0,0,0.0,0,0.0,0,0.0,0,0.0
西藏举报,5,4,no_media,0,5,2023-05,0.0,0.0,1.0,0,0.0,0,0.0,0,0.0,0,0.0,4,1.0,0,0.0,0,0.0,0,0.0,0,0.0
西藏日报,2,1,no_media,0,2,2022-12,0.0,0.0,1.0,0,0.0,0,0.0,0,0.0,0,0.0,1,1.0,0,0.0,0,0.0,0,0.0,0,0.0
西部决策,2,1,no_media,0,2,2023-02,0.0,0.0,1.0,0,0.0,0,0.0,0,0.0,0,0.0,1,1.0,0,0.0,0,0.0,0,0.0,0,0.0
西部大开发杂志,11,10,no_media,0,8,2020-03,0.0,0.0,1.0,0,0.0,0,0.0,0,0.0,0,0.0,10,1.0,0,0.0,0,0.0,0,0.0,0,0.0
西部法制报,7,6,no_media,0,7,2020-03,0.0,0.0,1.0,0,0.0,0,0.0,0,0.0,0,0.0,6,1.0,0,0.0,0,0.0,0,0.0,0,0.0
西部网,40,39,no_media,0,29,2021-02,0.0,0.0,1.0,0,0.0,0,0.0,0,0.0,0,0.0,39,1.0,0,0.0,0,0.0,0,0.0,0,0.0
西铁资讯,2,1,no_media,27,1,2022-03,0.0,0.0,1.0,0,0.0,0,0.0,0,0.0,0,0.0,1,1.0,0,0.0,0,0.0,0,0.0,0,0.0
西门大妈,2,1,no_media,0,2,2023-07,0.0,0.0,0.0,0,0.0,0,0.0,0,0.0,0,0.0,0,0.0,1,1.0,0,0.0,0,0.0,0,0.0
西麦提斯全球购,3,2,no_media,0,3,2023-07,0.5,0.5,0.0,0,0.0,1,0.5,0,0.0,1,0.5,0,0.0,0,0.0,0,0.0,0,0.0,0,0.0
要做超酷酷酷的人鸭,2,1,no_media,0,2,2023-02,0.0,0.0,0.0,0,0.0,0,0.0,0,0.0,0,0.0,0,0.0,0,0.0,0,0.0,1,1.0,0,0.0
要健康要努力,7,6,no_media,7,7,2024-06,0.3333333333333333,0.3333333333333333,0.16666666666666666,0,0.0,1,0.16666666666666666,1,0.16666666666666666,2,0.3333333333333333,1,0.16666666666666666,0,0.0,0,0.0,1,0.16666666666666666,0,0.0
要和凉介谈恋爱,2,1,no_media,0,2,2024-03,0.0,0.0,0.0,0,0.0,0,0.0,0,0.0,0,0.0,0,0.0,0,0.0,0,0.0,0,0.0,1,1.0
要多睡觉的仙女呀,2,1,no_media,0,2,2023-09,0.0,1.0,0.0,0,0.0,0,0.0,1,1.0,0,0.0,0,0.0,0,0.0,0,0.0,0,0.0,0,0.0
要我如何懂得,2,1,no_media,0,2,2023-02,0.0,0.0,0.0,0,0.0,0,0.0,0,0.0,0,0.0,0,0.0,0,0.0,0,0.0,0,0.0,1,1.0
要改正要学好,13,12,dual,30,13,2023-09,0.25,0.25,0.4166666666666667,0,0.0,3,0.25,0,0.0,3,0.25,5,0.4166666666666667,1,0.08333333333333333,0,0.0,0,0.0,0,0.0
见嫻思齐,2,1,no_media,0,2,2023-02,0.0,0.0,0.0,1,1.0,0,0.0,0,0.0,0,0.0,0,0.0,0,0.0,0,0.0,0,0.0,0,0.0
见征锗,3,2,no_media,0,3,2023-03,0.5,0.5,0.0,0,0.0,0,0.0,1,0.5,0,0.0,0,0.0,0,0.0,1,0.5,0,0.0,0,0.0
见微知著的变色龙,2,1,no_media,0,2,2022-12,0.0,0.0,0.0,0,0.0,0,0.0,0,0.0,0,0.0,0,0.0,1,1.0,0,0.0,0,0.0,0,0.0
见本觉,2,1,no_media,0,2,2023-04,0.0,0.0,0.0,0,0.0,0,0.0,0,0.0,0,0.0,0,0.0,0,0.0,0,0.0,0,0.0,1,1.0
见识财经,2,1,mainstream_only,1,2,2023-03,0.0,0.0,1.0,0,0.0,0,0.0,0,0.0,0,0.0,1,1.0,0,0.0,0,0.0,0,0.0,0,0.0
观云见月,2,1,mainstream_only,2,2,2023-06,0.0,0.0,1.0,0,0.0,0,0.0,0,0.0,0,0.0,1,1.0,0,0.0,0,0.0,0,0.0,0,0.0
观南鹤归,2,1,no_media,0,2,2023-04,0.0,0.0,1.0,0,0.0,0,0.0,0,0.0,0,0.0,1,1.0,0,0.0,0,0.0,0,0.0,0,0.0
观察者网,91,90,no_media,0,61,2021-11,0.011111111111111112,0.011111111111111112,0.9777777777777777,0,0.0,1,0.011111111111111112,0,0.0,1,0.011111111111111112,88,0.9777777777777777,0,0.0,0,0.0,0,0.0,0,0.0
观察者网微丢视频,5,4,no_media,0,5,2020-04,0.25,0.0,0.75,0,0.0,0,0.0,0,0.0,1,0.25,3,0.75,0,0.0,0,0.0,0,0.0,0,0.0
观察者网新闻客户端,3,2,no_media,0,3,2020-04,0.5,0.0,0.5,0,0.0,0,0.0,0,0.0,1,0.5,1,0.5,0,0.0,0,0.0,0,0.0,0,0.0
观自在悟如来,4,3,mainstream_only,4,1,2023-02,0.0,0.0,1.0,0,0.0,0,0.0,0,0.0,0,0.0,3,1.0,0,0.0,0,0.0,0,0.0,0,0.0
观谨,2,1,wemedia_only,4,2,2023-06,0.0,0.0,0.0,0,0.0,0,0.0,0,0.0,0,0.0,0,0.0,1,1.0,0,0.0,0,0.0,0,0.0
观雨大神经,3,2,no_media,0,3,2023-05,0.0,0.5,0.5,0,0.0,1,0.5,0,0.0,0,0.0,1,0.5,0,0.0,0,0.0,0,0.0,0,0.0
视观,2,1,no_media,1,1,2020-11,1.0,0.0,0.0,0,0.0,0,0.0,0,0.0,1,1.0,0,0.0,0,0.0,0,0.0,0,0.0,0,0.0
觉主Joyce,2,1,no_media,0,2,2023-05,0.0,0.0,0.0,0,0.0,0,0.0,0,0.0,0,0.0,0,0.0,0,0.0,0,0.0,0,0.0,1,1.0
觐頔,2,1,no_media,0,2,2023-12,0.0,0.0,1.0,0,0.0,0,0.0,0,0.0,0,0.0,1,1.0,0,0.0,0,0.0,0,0.0,0,0.0
解惑医学知识,3,2,no_media,0,3,2023-02,0.0,0.0,1.0,0,0.0,0,0.0,0,0.0,0,0.0,2,1.0,0,0.0,0,0.0,0,0.0,0,0.0
解放军报,5,4,no_media,0,5,2023-02,0.0,0.0,1.0,0,0.0,0,0.0,0,0.0,0,0.0,4,1.0,0,0.0,0,0.0,0,0.0,0,0.0
解放日报,33,32,no_media,0,30,2020-03,0.0,0.0,1.0,0,0.0,0,0.0,0,0.0,0,0.0,32,1.0,0,0.0,0,0.0,0,0.0,0,0.0
解语花乐园,2,1,no_media,0,2,2023-03,0.0,0.0,0.0,0,0.0,0,0.0,0,0.0,0,0.0,0,0.0,0,0.0,0,0.0,0,0.0,1,1.0
触手可及的Oo_幸福_oO,3,2,no_media,0,3,2024-01,0.5,0.0,0.0,0,0.0,0,0.0,0,0.0,0,0.0,0,0.0,1,0.5,1,0.5,0,0.0,0,0.0
触碰过魔法,2,1,no_media,0,2,2023-03,0.0,0.0,1.0,0,0.0,0,0.0,0,0.0,0,0.0,1,1.0,0,0.0,0,0.0,0,0.0,0,0.0
言安堂,3,2,no_media,0,3,2023-01,0.0,0.0,1.0,0,0.0,0,0.0,0,0.0,0,0.0,2,1.0,0,0.0,0,0.0,0,0.0,0,0.0
言语的力量我若不赋予他人,5,4,no_media,0,4,2025-05,0.0,0.0,1.0,0,0.0,0,0.0,0,0.0,0,0.0,4,1.0,0,0.0,0,0.0,0,0.0,0,0.0
詹志斌同学,4,3,no_media,8,4,2022-12,0.3333333333333333,0.0,0.0,0,0.0,0,0.0,0,0.0,1,0.3333333333333333,0,0.0,1,0.3333333333333333,0,0.0,1,0.3333333333333333,0,0.0
警惕颜色革命-,2,1,no_media,0,2,2023-03,0.0,1.0,0.0,0,0.0,0,0.0,1,1.0,0,0.0,0,0.0,0,0.0,0,0.0,0,0.0,0,0.0
计蕾JILEI,7,6,no_media,0,7,2023-02,0.0,0.0,1.0,0,0.0,0,0.0,0,0.0,0,0.0,6,1.0,0,0.0,0,0.0,0,0.0,0,0.0
认真的吉吉,3,2,wemedia_only,3,3,2024-06,0.0,0.0,1.0,0,0.0,0,0.0,0,0.0,0,0.0,2,1.0,0,0.0,0,0.0,0,0.0,0,0.0
讨伐型豌豆射手公主,2,1,no_media,0,2,2023-09,0.0,0.0,0.0,1,1.0,0,0.0,0,0.0,0,0.0,0,0.0,0,0.0,0,0.0,0,0.0,0,0.0
让我们一起喵喵喵,2,1,no_media,0,2,2023-02,0.0,0.0,0.0,0,0.0,0,0.0,0,0.0,0,0.0,0,0.0,1,1.0,0,0.0,0,0.0,0,0.0
让我们唱一首锡安的歌吧,2,1,no_media,5,2,2022-12,0.0,0.0,0.0,0,0.0,0,0.0,0,0.0,0,0.0,0,0.0,0,0.0,0,0.0,0,0.0,1,1.0
让我来看看今天有什么新的气生,2,1,no_media,1,2,2023-10,1.0,0.0,0.0,0,0.0,0,0.0,0,0.0,1,1.0,0,0.0,0,0.0,0,0.0,0,0.0,0,0.0
让我發啦,3,2,wemedia_only,2,3,2023-02,0.0,0.0,1.0,0,0.0,0,0.0,0,0.0,0,0.0,2,1.0,0,0.0,0,0.0,0,0.0,0,0.0
让正义休息一会,2,1,no_media,4,1,2024-07,0.0,0.0,0.0,1,1.0,0,0.0,0,0.0,0,0.0,0,0.0,0,0.0,0,0.0,0,0.0,0,0.0
记录者寒冰,2,1,no_media,0,2,2023-08,0.0,0.0,1.0,0,0.0,0,0.0,0,0.0,0,0.0,1,1.0,0,0.0,0,0.0,0,0.0,0,0.0
记忆与印象-,2,1,no_media,0,2,2023-11,0.0,0.0,0.0,0,0.0,0,0.0,0,0.0,0,0.0,0,0.0,1,1.0,0,0.0,0,0.0,0,0.0
记者坚帅,2,1,no_media,0,2,2024-07,0.0,1.0,0.0,0,0.0,1,1.0,0,0.0,0,0.0,0,0.0,0,0.0,0,0.0,0,0.0,0,0.0
讲真话要打脸,2,1,no_media,0,2,2023-05,0.0,0.0,0.0,0,0.0,0,0.0,0,0.0,0,0.0,0,0.0,0,0.0,0,0.0,0,0.0,1,1.0
许住琪KiKi,2,1,wemedia_only,2,1,2022-03,0.0,1.0,0.0,0,0.0,1,1.0,0,0.0,0,0.0,0,0.0,0,0.0,0,0.0,0,0.0,0,0.0
许华_guitar,2,1,no_media,0,2,2024-01,0.0,0.0,1.0,0,0.0,0,0.0,0,0.0,0,0.0,1,1.0,0,0.0,0,0.0,0,0.0,0,0.0
许多橙子,3,2,no_media,1,3,2023-08,0.0,0.0,0.0,0,0.0,0,0.0,0,0.0,0,0.0,0,0.0,0,0.0,0,0.0,1,0.5,1,0.5
许家栋经典经方,6,5,no_media,0,6,2023-02,0.0,0.0,1.0,0,0.0,0,0.0,0,0.0,0,0.0,5,1.0,0,0.0,0,0.0,0,0.0,0,0.0
许开祯,3,2,no_media,0,3,2023-02,0.0,0.0,0.0,0,0.0,0,0.0,0,0.0,0,0.0,0,0.0,0,0.0,0,0.0,0,0.0,2,1.0
许昌学院,2,1,no_media,0,2,2023-02,0.0,0.0,1.0,0,0.0,0,0.0,0,0.0,0,0.0,1,1.0,0,0.0,0,0.0,0,0.0,0,0.0
许昌日报,14,13,no_media,0,14,2021-02,0.0,0.0,1.0,0,0.0,0,0.0,0,0.0,0,0.0,13,1.0,0,0.0,0,0.0,0,0.0,0,0.0
许昌郑维娟1941,6,5,no_media,0,6,2023-05,0.2,0.2,0.2,0,0.0,0,0.0,1,0.2,1,0.2,1,0.2,0,0.0,0,0.0,1,0.2,1,0.2
许歌探险决疫,3,2,no_media,0,3,2023-11,0.0,0.5,0.5,0,0.0,1,0.5,0,0.0,0,0.0,1,0.5,0,0.0,0,0.0,0,0.0,0,0.0
许秋凌,4,3,no_media,0,3,2023-02,0.0,0.0,1.0,0,0.0,0,0.0,0,0.0,0,0.0,3,1.0,0,0.0,0,0.0,0,0.0,0,0.0
许超医生,3,2,no_media,3,3,2020-03,0.0,0.0,1.0,0,0.0,0,0.0,0,0.0,0,0.0,2,1.0,0,0.0,0,0.0,0,0.0,0,0.0
论一位敏感用户的自我修养,2,1,no_media,0,2,2023-07,0.0,0.0,0.0,0,0.0,0,0.0,0,0.0,0,0.0,0,0.0,0,0.0,0,0.0,0,0.0,1,1.0
证券日报之声,8,7,no_media,0,7,2020-03,0.0,0.0,1.0,0,0.0,0,0.0,0,0.0,0,0.0,7,1.0,0,0.0,0,0.0,0,0.0,0,0.0
证券时报e公司,4,3,no_media,0,4,2022-09,0.0,0.0,1.0,0,0.0,0,0.0,0,0.0,0,0.0,3,1.0,0,0.0,0,0.0,0,0.0,0,0.0
诉粟桃梨,2,1,no_media,0,2,2023-09,0.0,0.0,0.0,0,0.0,0,0.0,0,0.0,0,0.0,0,0.0,0,0.0,0,0.0,0,0.0,1,1.0
诊所是我家祖传的,12,11,no_media,1,9,2023-04,0.2727272727272727,0.2727272727272727,0.0,2,0.18181818181818182,2,0.18181818181818182,1,0.09090909090909091,2,0.18181818181818182,0,0.0,1,0.09090909090909091,1,0.09090909090909091,1,0.09090909090909091,1,0.09090909090909091
译鸣Babel,2,1,no_media,0,2,2023-05,0.0,0.0,1.0,0,0.0,0,0.0,0,0.0,0,0.0,1,1.0,0,0.0,0,0.0,0,0.0,0,0.0
试药招募中心,2,1,no_media,0,2,2023-07,0.0,0.0,1.0,0,0.0,0,0.0,0,0.0,0,0.0,1,1.0,0,0.0,0,0.0,0,0.0,0,0.0
试药招募报名,2,1,no_media,0,2,2023-02,0.0,0.0,1.0,0,0.0,0,0.0,0,0.0,0,0.0,1,1.0,0,0.0,0,0.0,0,0.0,0,0.0
诗人谷梨,2,1,no_media,0,2,2023-05,1.0,0.0,0.0,0,0.0,0,0.0,0,0.0,0,0.0,0,0.0,0,0.0,1,1.0,0,0.0,0,0.0
诗人陈丝,2,1,no_media,0,1,2023-09,0.0,0.0,1.0,0,0.0,0,0.0,0,0.0,0,0.0,1,1.0,0,0.0,0,0.0,0,0.0,0,0.0
诗莉TzeLay,5,4,no_media,0,5,2022-02,0.0,0.0,1.0,0,0.0,0,0.0,0,0.0,0,0.0,4,1.0,0,0.0,0,0.0,0,0.0,0,0.0
诗酒趁年华_forest,2,1,no_media,0,2,2023-07,0.0,0.0,0.0,0,0.0,0,0.0,0,0.0,0,0.0,0,0.0,0,0.0,0,0.0,0,0.0,1,1.0
诚信广东,2,1,no_media,0,2,2022-12,0.0,0.0,1.0,0,0.0,0,0.0,0,0.0,0,0.0,1,1.0,0,0.0,0,0.0,0,0.0,0,0.0
诚顺和中医馆女科病诊治调理中心,3,2,mainstream_only,1,3,2023-02,0.5,0.0,0.5,0,0.0,0,0.0,0,0.0,1,0.5,1,0.5,0,0.0,0,0.0,0,0.0,0,0.0
诛砂,10,9,no_media,7,10,2023-08,0.4444444444444444,0.3333333333333333,0.1111111111111111,0,0.0,3,0.3333333333333333,0,0.0,4,0.4444444444444444,1,0.1111111111111111,0,0.0,0,0.0,1,0.1111111111111111,0,0.0
话匣子FM,9,8,no_media,0,8,2020-03,0.0,0.0,1.0,0,0.0,0,0.0,0,0.0,0,0.0,8,1.0,0,0.0,0,0.0,0,0.0,0,0.0
话说三秦,2,1,wemedia_only,2,2,2022-03,0.0,0.0,1.0,0,0.0,0,0.0,0,0.0,0,0.0,1,1.0,0,0.0,0,0.0,0,0.0,0,0.0
诞诞旦,2,1,wemedia_only,2,2,2022-03,0.0,0.0,1.0,0,0.0,0,0.0,0,0.0,0,0.0,1,1.0,0,0.0,0,0.0,0,0.0,0,0.0
语文阅刊,5,4,no_media,0,3,2023-06,0.0,0.0,1.0,0,0.0,0,0.0,0,0.0,0,0.0,4,1.0,0,0.0,0,0.0,0,0.0,0,0.0
说关于脾胃的,2,1,no_media,0,2,2024-04,0.0,0.0,1.0,0,0.0,0,0.0,0,0.0,0,0.0,1,1.0,0,0.0,0,0.0,0,0.0,0,0.0
说是改昵称才能看到发出的评论,11,10,wemedia_only,10,11,2023-02,0.3,0.2,0.5,0,0.0,2,0.2,0,0.0,3,0.3,5,0.5,0,0.0,0,0.0,0,0.0,0,0.0
说真话的毛星火,2,1,no_media,0,1,2025-04,0.0,0.0,0.0,1,1.0,0,0.0,0,0.0,0,0.0,0,0.0,0,0.0,0,0.0,0,0.0,0,0.0
说给美少女的洞爷,11,10,no_media,0,11,2023-02,0.0,0.0,0.0,0,0.0,0,0.0,0,0.0,0,0.0,0,0.0,1,0.1,0,0.0,1,0.1,8,0.8
说走就走的潇洒,3,2,no_media,2,3,2023-07,0.0,0.5,0.5,0,0.0,1,0.5,0,0.0,0,0.0,1,0.5,0,0.0,0,0.0,0,0.0,0,0.0
说顶流是顶流,2,1,no_media,0,2,2023-06,0.0,0.0,1.0,0,0.0,0,0.0,0,0.0,0,0.0,1,1.0,0,0.0,0,0.0,0,0.0,0,0.0
请不要再拖延了小姐,3,2,no_media,0,3,2023-03,0.0,0.0,0.0,0,0.0,0,0.0,0,0.0,0,0.0,0,0.0,1,0.5,0,0.0,0,0.0,1,0.5
请不要在梦游的时候叫我名字,2,1,no_media,0,2,2023-07,0.0,1.0,0.0,0,0.0,0,0.0,1,1.0,0,0.0,0,0.0,0,0.0,0,0.0,0,0.0,0,0.0
请你吃甜甜的冰激凌,2,1,no_media,0,2,2023-03,0.0,0.0,0.0,0,0.0,0,0.0,0,0.0,0,0.0,0,0.0,0,0.0,0,0.0,0,0.0,1,1.0
请你看好说明书,7,6,wemedia_only,5,4,2023-08,0.3333333333333333,0.3333333333333333,0.0,0,0.0,2,0.3333333333333333,0,0.0,2,0.3333333333333333,0,0.0,1,0.16666666666666666,0,0.0,0,0.0,1,0.16666666666666666
读特新闻,3,2,no_media,0,3,2024-02,0.0,0.0,1.0,0,0.0,0,0.0,0,0.0,0,0.0,2,1.0,0,0.0,0,0.0,0,0.0,0,0.0
谁人花解语,2,1,no_media,0,2,2023-03,1.0,0.0,0.0,0,0.0,0,0.0,0,0.0,1,1.0,0,0.0,0,0.0,0,0.0,0,0.0,0,0.0
谁回来啦,2,1,no_media,0,2,2023-02,0.0,0.0,0.0,0,0.0,0,0.0,0,0.0,0,0.0,0,0.0,0,0.0,0,0.0,0,0.0,1,1.0
调啡师,11,10,no_media,1,11,2022-07,0.1,0.1,0.8,0,0.0,1,0.1,0,0.0,1,0.1,8,0.8,0,0.0,0,0.0,0,0.0,0,0.0
谈经道股,3,2,no_media,1,3,2023-02,0.5,0.5,0.0,0,0.0,1,0.5,0,0.0,1,0.5,0,0.0,0,0.0,0,0.0,0,0.0,0,0.0
谜之免女郎X,2,1,no_media,3,2,2022-10,0.0,1.0,0.0,0,0.0,1,1.0,0,0.0,0,0.0,0,0.0,0,0.0,0,0.0,0,0.0,0,0.0
谢大海的生活,2,1,no_media,0,2,2023-01,0.0,0.0,0.0,0,0.0,0,0.0,0,0.0,0,0.0,0,0.0,0,0.0,0,0.0,0,0.0,1,1.0
谢宗桓,2,1,no_media,0,2,2023-05,0.0,0.0,0.0,0,0.0,0,0.0,0,0.0,0,0.0,0,0.0,0,0.0,0,0.0,1,1.0,0,0.0
谢小瓷St_Locia,5,4,no_media,2,5,2023-02,0.25,0.0,0.0,0,0.0,0,0.0,0,0.0,1,0.25,0,0.0,1,0.25,0,0.0,1,0.25,1,0.25
谢德清2018,2,1,no_media,0,2,2023-02,0.0,0.0,1.0,0,0.0,0,0.0,0,0.0,0,0.0,1,1.0,0,0.0,0,0.0,0,0.0,0,0.0
谢怡谢宴,2,1,no_media,0,2,2023-10,0.0,0.0,1.0,0,0.0,0,0.0,0,0.0,0,0.0,1,1.0,0,0.0,0,0.0,0,0.0,0,0.0
谢耘,7,6,mainstream_only,5,7,2023-02,0.16666666666666666,0.16666666666666666,0.3333333333333333,2,0.3333333333333333,1,0.16666666666666666,0,0.0,1,0.16666666666666666,2,0.3333333333333333,0,0.0,0,0.0,0,0.0,0,0.0
谢耳朵费曼森林,3,2,no_media,3,2,2025-02,0.5,0.0,0.0,0,0.0,0,0.0,0,0.0,1,0.5,0,0.0,0,0.0,0,0.0,1,0.5,0,0.0
谦卑侯爷,6,5,no_media,0,6,2022-12,0.0,0.0,0.6,0,0.0,0,0.0,0,0.0,0,0.0,3,0.6,1,0.2,0,0.0,1,0.2,0,0.0
谦虚的水晶球球,6,5,no_media,0,6,2023-02,0.2,0.4,0.2,1,0.2,2,0.4,0,0.0,1,0.2,1,0.2,0,0.0,0,0.0,0,0.0,0,0.0
谦谦达人23,3,2,no_media,1,3,2023-06,0.0,0.5,0.0,1,0.5,1,0.5,0,0.0,0,0.0,0,0.0,0,0.0,0,0.0,0,0.0,0,0.0
谦铖健康官方微博,2,1,no_media,0,2,2025-04,0.0,0.0,1.0,0,0.0,0,0.0,0,0.0,0,0.0,1,1.0,0,0.0,0,0.0,0,0.0,0,0.0
谨言慎行201803,4,3,no_media,0,4,2023-03,0.3333333333333333,0.3333333333333333,0.0,0,0.0,1,0.3333333333333333,0,0.0,1,0.3333333333333333,0,0.0,0,0.0,0,0.0,1,0.3333333333333333,0,0.0
谯华,4,3,no_media,0,4,2023-03,0.3333333333333333,0.3333333333333333,0.3333333333333333,0,0.0,1,0.3333333333333333,0,0.0,0,0.0,1,0.3333333333333333,0,0.0,1,0.3333333333333333,0,0.0,0,0.0
谷妙极,3,2,mainstream_only,3,3,2023-02,0.0,0.5,0.5,0,0.0,1,0.5,0,0.0,0,0.0,1,0.5,0,0.0,0,0.0,0,0.0,0,0.0
谷禾君,2,1,no_media,0,2,2023-03,0.0,0.0,1.0,0,0.0,0,0.0,0,0.0,0,0.0,1,1.0,0,0.0,0,0.0,0,0.0,0,0.0
谷贴贴,3,2,no_media,0,3,2023-03,0.0,0.0,1.0,0,0.0,0,0.0,0,0.0,0,0.0,2,1.0,0,0.0,0,0.0,0,0.0,0,0.0
谷道护卫队,2,1,no_media,0,2,2023-08,0.0,0.0,1.0,0,0.0,0,0.0,0,0.0,0,0.0,1,1.0,0,0.0,0,0.0,0,0.0,0,0.0
谷雨0805,2,1,no_media,0,2,2023-02,0.0,0.0,0.0,0,0.0,0,0.0,0,0.0,0,0.0,0,0.0,0,0.0,0,0.0,0,0.0,1,1.0
豆妈刘芳,4,3,no_media,0,4,2025-02,0.0,0.0,1.0,0,0.0,0,0.0,0,0.0,0,0.0,3,1.0,0,0.0,0,0.0,0,0.0,0,0.0
豆婶儿是只猫,2,1,no_media,6,2,2024-09,0.0,0.0,1.0,0,0.0,0,0.0,0,0.0,0,0.0,1,1.0,0,0.0,0,0.0,0,0.0,0,0.0
豆汁焦圈303,5,4,no_media,6,5,2023-03,0.25,0.25,0.5,0,0.0,1,0.25,0,0.0,1,0.25,2,0.5,0,0.0,0,0.0,0,0.0,0,0.0
豆溪东,2,1,no_media,0,2,2023-06,0.0,0.0,0.0,0,0.0,0,0.0,0,0.0,0,0.0,0,0.0,0,0.0,0,0.0,0,0.0,1,1.0
豆腐君-闲散听剧聊个天,7,6,no_media,0,7,2023-04,0.0,0.0,0.3333333333333333,0,0.0,0,0.0,0,0.0,0,0.0,2,0.3333333333333333,2,0.3333333333333333,0,0.0,1,0.16666666666666666,1,0.16666666666666666
豆豆vera在香港,6,5,no_media,0,6,2023-06,0.2,0.0,0.8,0,0.0,0,0.0,0,0.0,1,0.2,4,0.8,0,0.0,0,0.0,0,0.0,0,0.0
豪斯医生MD,2,1,no_media,1,2,2021-03,0.0,0.0,1.0,0,0.0,0,0.0,0,0.0,0,0.0,1,1.0,0,0.0,0,0.0,0,0.0,0,0.0
豬仔錢罌,2,1,wemedia_only,1,2,2023-05,0.0,0.0,1.0,0,0.0,0,0.0,0,0.0,0,0.0,1,1.0,0,0.0,0,0.0,0,0.0,0,0.0
貔恘移山,11,10,mainstream_only,8,11,2023-04,0.1,0.2,0.5,0,0.0,1,0.1,1,0.1,1,0.1,5,0.5,1,0.1,0,0.0,1,0.1,0,0.0
貔貅趴枕,2,1,no_media,1,2,2023-03,0.0,0.0,0.0,1,1.0,0,0.0,0,0.0,0,0.0,0,0.0,0,0.0,0,0.0,0,0.0,0,0.0
贝乐斯微博,2,1,no_media,0,1,2025-02,0.0,1.0,0.0,0,0.0,1,1.0,0,0.0,0,0.0,0,0.0,0,0.0,0,0.0,0,0.0,0,0.0
贝勒王·,5,4,mainstream_only,10,5,2023-02,0.25,0.25,0.0,1,0.25,0,0.0,1,0.25,1,0.25,0,0.0,0,0.0,0,0.0,1,0.25,0,0.0
贝壳螺旋,5,4,wemedia_only,8,5,2023-11,0.25,0.0,0.25,1,0.25,0,0.0,0,0.0,1,0.25,1,0.25,0,0.0,0,0.0,1,0.25,0,0.0
贝壳财经,19,18,no_media,0,15,2022-10,0.0,0.0,1.0,0,0.0,0,0.0,0,0.0,0,0.0,18,1.0,0,0.0,0,0.0,0,0.0,0,0.0
贝壳财经视频,2,1,no_media,0,2,2022-10,1.0,0.0,0.0,0,0.0,0,0.0,0,0.0,1,1.0,0,0.0,0,0.0,0,0.0,0,0.0,0,0.0
贝果财经,2,1,no_media,0,2,2023-03,0.0,0.0,1.0,0,0.0,0,0.0,0,0.0,0,0.0,1,1.0,0,0.0,0,0.0,0,0.0,0,0.0
贝罗尼科技,5,4,no_media,5,5,2023-02,0.0,0.0,1.0,0,0.0,0,0.0,0,0.0,0,0.0,4,1.0,0,0.0,0,0.0,0,0.0,0,0.0
贠克强,2,1,no_media,0,2,2023-02,0.0,0.0,1.0,0,0.0,0,0.0,0,0.0,0,0.0,1,1.0,0,0.0,0,0.0,0,0.0,0,0.0
财乔乔777,2,1,no_media,0,1,2025-05,0.0,0.0,1.0,0,0.0,0,0.0,0,0.0,0,0.0,1,1.0,0,0.0,0,0.0,0,0.0,0,0.0
财入门,5,4,mainstream_only,2,5,2023-03,0.0,0.0,0.75,0,0.0,0,0.0,0,0.0,0,0.0,3,0.75,0,0.0,0,0.0,1,0.25,0,0.0
财富中文网,3,2,no_media,0,3,2023-02,0.0,0.0,1.0,0,0.0,0,0.0,0,0.0,0,0.0,2,1.0,0,0.0,0,0.0,0,0.0,0,0.0
财富美666,2,1,no_media,0,2,2025-05,0.0,1.0,0.0,0,0.0,1,1.0,0,0.0,0,0.0,0,0.0,0,0.0,0,0.0,0,0.0,0,0.0
财小掌柜,2,1,no_media,0,1,2025-05,0.0,0.0,0.0,0,0.0,0,0.0,0,0.0,0,0.0,0,0.0,1,1.0,0,0.0,0,0.0,0,0.0
财小桔,2,1,no_media,0,2,2025-05,1.0,0.0,0.0,0,0.0,0,0.0,0,0.0,1,1.0,0,0.0,0,0.0,0,0.0,0,0.0,0,0.0
财师爷,3,2,no_media,0,3,2023-03,0.0,0.0,1.0,0,0.0,0,0.0,0,0.0,0,0.0,2,1.0,0,0.0,0,0.0,0,0.0,0,0.0
财文书,2,1,no_media,2,2,2023-07,0.0,1.0,0.0,0,0.0,0,0.0,1,1.0,0,0.0,0,0.0,0,0.0,0,0.0,0,0.0,0,0.0
财新mini,4,3,no_media,0,4,2023-02,0.0,0.0,1.0,0,0.0,0,0.0,0,0.0,0,0.0,3,1.0,0,0.0,0,0.0,0,0.0,0,0.0
财新周刊,2,1,no_media,0,2,2024-04,0.0,0.0,1.0,0,0.0,0,0.0,0,0.0,0,0.0,1,1.0,0,0.0,0,0.0,0,0.0,0,0.0
财晋厨神,2,1,no_media,1,2,2025-05,0.0,0.0,0.0,0,0.0,0,0.0,0,0.0,0,0.0,0,0.0,0,0.0,0,0.0,1,1.0,0,0.0
财源广进看剧娱乐,7,6,no_media,4,7,2024-10,0.16666666666666666,0.3333333333333333,0.16666666666666666,1,0.16666666666666666,2,0.3333333333333333,0,0.0,0,0.0,1,0.16666666666666666,1,0.16666666666666666,1,0.16666666666666666,0,0.0,0,0.0
财神赵公明的小弟,2,1,no_media,0,2,2024-12,0.0,0.0,1.0,0,0.0,0,0.0,0,0.0,0,0.0,1,1.0,0,0.0,0,0.0,0,0.0,0,0.0
财福人生_连续幸福_行识宇宙,2,1,no_media,0,2,2022-10,0.0,0.0,1.0,0,0.0,0,0.0,0,0.0,0,0.0,1,1.0,0,0.0,0,0.0,0,0.0,0,0.0
财窝窝呀,2,1,no_media,0,2,2025-05,0.0,0.0,0.0,0,0.0,0,0.0,0,0.0,0,0.0,0,0.0,1,1.0,0,0.0,0,0.0,0,0.0
财经早餐,3,2,wemedia_only,1,3,2021-03,0.0,0.5,0.5,0,0.0,1,0.5,0,0.0,0,0.0,1,0.5,0,0.0,0,0.0,0,0.0,0,0.0
财经杂志,6,5,no_media,0,6,2023-02,0.0,0.0,0.8,0,0.0,0,0.0,0,0.0,0,0.0,4,0.8,1,0.2,0,0.0,0,0.0,0,0.0
财经洞察2030,2,1,no_media,0,2,2023-02,1.0,0.0,0.0,0,0.0,0,0.0,0,0.0,1,1.0,0,0.0,0,0.0,0,0.0,0,0.0,0,0.0
财经网,15,14,no_media,0,15,2023-02,0.0,0.0,0.8571428571428571,0,0.0,0,0.0,0,0.0,0,0.0,12,0.8571428571428571,1,0.07142857142857142,0,0.0,1,0.07142857142857142,0,0.0
财经评论,3,2,no_media,0,3,2023-02,0.0,0.0,1.0,0,0.0,0,0.0,0,0.0,0,0.0,2,1.0,0,0.0,0,0.0,0,0.0,0,0.0
财经香姐,2,1,no_media,0,2,2023-11,0.0,0.0,1.0,0,0.0,0,0.0,0,0.0,0,0.0,1,1.0,0,0.0,0,0.0,0,0.0,0,0.0
财联社APP,35,34,no_media,0,29,2020-04,0.0,0.0,1.0,0,0.0,0,0.0,0,0.0,0,0.0,34,1.0,0,0.0,0,0.0,0,0.0,0,0.0
财茱茱,2,1,no_media,0,2,2025-05,0.0,0.0,1.0,0,0.0,0,0.0,0,0.0,0,0.0,1,1.0,0,0.0,0,0.0,0,0.0,0,0.0
财越达,2,1,wemedia_only,1,2,2023-10,0.0,0.0,1.0,0,0.0,0,0.0,0,0.0,0,0.0,1,1.0,0,0.0,0,0.0,0,0.0,0,0.0
财麦兜,2,1,no_media,0,2,2025-05,0.0,0.0,1.0,0,0.0,0,0.0,0,0.0,0,0.0,1,1.0,0,0.0,0,0.0,0,0.0,0,0.0
财黎黎呀,7,6,no_media,3,6,2023-08,0.3333333333333333,0.3333333333333333,0.16666666666666666,1,0.16666666666666666,1,0.16666666666666666,1,0.16666666666666666,2,0.3333333333333333,1,0.16666666666666666,0,0.0,0,0.0,0,0.0,0,0.0
败家的米总,2,1,no_media,0,2,2023-02,0.0,1.0,0.0,0,0.0,0,0.0,1,1.0,0,0.0,0,0.0,0,0.0,0,0.0,0,0.0,0,0.0
贪T吃蛇,2,1,no_media,0,2,2023-06,1.0,0.0,0.0,0,0.0,0,0.0,0,0.0,0,0.0,0,0.0,0,0.0,1,1.0,0,0.0,0,0.0
贪心的小狮子,5,4,no_media,0,5,2023-10,0.0,0.0,0.0,0,0.0,0,0.0,0,0.0,0,0.0,0,0.0,0,0.0,0,0.0,0,0.0,4,1.0
贰手艺术家,2,1,no_media,0,2,2023-10,0.0,0.0,0.0,0,0.0,0,0.0,0,0.0,0,0.0,0,0.0,0,0.0,0,0.0,1,1.0,0,0.0
贵圈研究员,2,1,no_media,0,2,2025-05,0.0,1.0,0.0,0,0.0,1,1.0,0,0.0,0,0.0,0,0.0,0,0.0,0,0.0,0,0.0,0,0.0
贵州德福堂,3,2,no_media,0,3,2024-08,0.5,0.0,0.5,0,0.0,0,0.0,0,0.0,1,0.5,1,0.5,0,0.0,0,0.0,0,0.0,0,0.0
贵州戒毒,2,1,mainstream_only,2,2,2022-03,0.0,0.0,1.0,0,0.0,0,0.0,0,0.0,0,0.0,1,1.0,0,0.0,0,0.0,0,0.0,0,0.0
贵州日报官微,4,3,no_media,0,3,2023-02,0.0,0.0,1.0,0,0.0,0,0.0,0,0.0,0,0.0,3,1.0,0,0.0,0,0.0,0,0.0,0,0.0
贵州民政,2,1,no_media,0,2,2023-02,0.0,0.0,1.0,0,0.0,0,0.0,0,0.0,0,0.0,1,1.0,0,0.0,0,0.0,0,0.0,0,0.0
贵州省中科细胞治疗工程研究院,2,1,no_media,0,1,2024-01,0.0,0.0,1.0,0,0.0,0,0.0,0,0.0,0,0.0,1,1.0,0,0.0,0,0.0,0,0.0,0,0.0
贵州都市报,2,1,no_media,0,2,2022-03,0.0,0.0,1.0,0,0.0,0,0.0,0,0.0,0,0.0,1,1.0,0,0.0,0,0.0,0,0.0,0,0.0
贵族老王哥,2,1,no_media,0,2,2023-02,0.0,0.0,1.0,0,0.0,0,0.0,0,0.0,0,0.0,1,1.0,0,0.0,0,0.0,0,0.0,0,0.0
贵阳交通广播,3,2,no_media,0,3,2024-01,0.0,0.0,1.0,0,0.0,0,0.0,0,0.0,0,0.0,2,1.0,0,0.0,0,0.0,0,0.0,0,0.0
贵阳市文化和旅游局,2,1,no_media,0,2,2023-03,0.0,0.0,1.0,0,0.0,0,0.0,0,0.0,0,0.0,1,1.0,0,0.0,0,0.0,0,0.0,0,0.0
贵阳新闻网,41,40,no_media,0,31,2020-08,0.0,0.0,1.0,0,0.0,0,0.0,0,0.0,0,0.0,40,1.0,0,0.0,0,0.0,0,0.0,0,0.0
贵阳日报官方微博,41,40,no_media,0,31,2020-08,0.0,0.0,1.0,0,0.0,0,0.0,0,0.0,0,0.0,40,1.0,0,0.0,0,0.0,0,0.0,0,0.0
贵阳晚报官方微博,48,47,no_media,0,37,2020-03,0.02127659574468085,0.02127659574468085,0.9148936170212766,0,0.0,1,0.02127659574468085,0,0.0,1,0.02127659574468085,43,0.9148936170212766,1,0.02127659574468085,0,0.0,1,0.02127659574468085,0,0.0
贵阳网,2,1,no_media,0,2,2023-02,0.0,0.0,1.0,0,0.0,0,0.0,0,0.0,0,0.0,1,1.0,0,0.0,0,0.0,0,0.0,0,0.0
费县融媒,2,1,no_media,0,2,2023-06,0.0,0.0,1.0,0,0.0,0,0.0,0,0.0,0,0.0,1,1.0,0,0.0,0,0.0,0,0.0,0,0.0
费小米,2,1,no_media,0,2,2023-02,0.0,0.0,0.0,0,0.0,0,0.0,0,0.0,0,0.0,0,0.0,0,0.0,0,0.0,0,0.0,1,1.0
贺伊曼,2,1,no_media,0,2,2023-05,0.0,0.0,0.0,0,0.0,0,0.0,0,0.0,0,0.0,0,0.0,1,1.0,0,0.0,0,0.0,0,0.0
贺荷文化科技,8,7,no_media,1,8,2022-12,0.0,0.0,1.0,0,0.0,0,0.0,0,0.0,0,0.0,7,1.0,0,0.0,0,0.0,0,0.0,0,0.0
贾斯托愛瓜瓜,2,1,mainstream_only,1,2,2023-06,0.0,0.0,1.0,0,0.0,0,0.0,0,0.0,0,0.0,1,1.0,0,0.0,0,0.0,0,0.0,0,0.0
贾林州大河之南,2,1,no_media,1,2,2025-01,0.0,0.0,1.0,0,0.0,0,0.0,0,0.0,0,0.0,1,1.0,0,0.0,0,0.0,0,0.0,0,0.0
贾老师营养健康ABC,2,1,no_media,0,2,2020-12,0.0,0.0,1.0,0,0.0,0,0.0,0,0.0,0,0.0,1,1.0,0,0.0,0,0.0,0,0.0,0,0.0
赐祯_94764,2,1,no_media,0,2,2023-10,0.0,0.0,0.0,0,0.0,0,0.0,0,0.0,0,0.0,0,0.0,1,1.0,0,0.0,0,0.0,0,0.0
赛博的龙利鱼,2,1,no_media,0,1,2022-12,0.0,0.0,1.0,0,0.0,0,0.0,0,0.0,0,0.0,1,1.0,0,0.0,0,0.0,0,0.0,0,0.0
赞叹无垢光明佛,4,3,no_media,0,4,2025-01,0.0,0.0,1.0,0,0.0,0,0.0,0,0.0,0,0.0,3,1.0,0,0.0,0,0.0,0,0.0,0,0.0
赢学源流考,2,1,no_media,0,2,2023-10,0.0,0.0,1.0,0,0.0,0,0.0,0,0.0,0,0.0,1,1.0,0,0.0,0,0.0,0,0.0,0,0.0
赢崧传媒,3,2,no_media,0,3,2023-02,0.0,0.0,1.0,0,0.0,0,0.0,0,0.0,0,0.0,2,1.0,0,0.0,0,0.0,0,0.0,0,0.0
赣南日报,2,1,no_media,0,2,2020-04,0.0,0.0,1.0,0,0.0,0,0.0,0,0.0,0,0.0,1,1.0,0,0.0,0,0.0,0,0.0,0,0.0
赤jio熊喵,100,99,mainstream_only,30,70,2023-02,0.18181818181818182,0.18181818181818182,0.5353535353535354,7,0.0707070707070707,16,0.16161616161616163,2,0.020202020202020204,18,0.18181818181818182,53,0.5353535353535354,0,0.0,0,0.0,2,0.020202020202020204,1,0.010101010101010102
赤峰之窗,2,1,no_media,0,2,2023-05,0.0,0.0,1.0,0,0.0,0,0.0,0,0.0,0,0.0,1,1.0,0,0.0,0,0.0,0,0.0,0,0.0
赤峰学院官微,2,1,no_media,0,2,2023-02,0.0,0.0,1.0,0,0.0,0,0.0,0,0.0,0,0.0,1,1.0,0,0.0,0,0.0,0,0.0,0,0.0
赤峰综合广播,5,4,no_media,0,5,2024-01,0.0,0.0,1.0,0,0.0,0,0.0,0,0.0,0,0.0,4,1.0,0,0.0,0,0.0,0,0.0,0,0.0
赤慧,3,2,no_media,0,3,2023-09,0.0,0.5,0.0,1,0.5,1,0.5,0,0.0,0,0.0,0,0.0,0,0.0,0,0.0,0,0.0,0,0.0
赤胆忠心Moss酱,33,32,no_media,14,30,2023-05,0.125,0.125,0.53125,1,0.03125,4,0.125,0,0.0,4,0.125,17,0.53125,3,0.09375,0,0.0,3,0.09375,0,0.0
赤脚漫谈,2,1,no_media,0,2,2023-11,0.0,0.0,1.0,0,0.0,0,0.0,0,0.0,0,0.0,1,1.0,0,0.0,0,0.0,0,0.0,0,0.0
赫尔松摸鱼熊,2,1,wemedia_only,3,2,2023-04,0.0,0.0,0.0,1,1.0,0,0.0,0,0.0,0,0.0,0,0.0,0,0.0,0,0.0,0,0.0,0,0.0
走不了原地修习,3,2,no_media,0,3,2023-03,0.5,0.0,0.5,0,0.0,0,0.0,0,0.0,1,0.5,1,0.5,0,0.0,0,0.0,0,0.0,0,0.0
走在半山,4,3,no_media,0,1,2023-06,0.0,0.3333333333333333,0.6666666666666666,0,0.0,1,0.3333333333333333,0,0.0,0,0.0,2,0.6666666666666666,0,0.0,0,0.0,0,0.0,0,0.0
走属于自己的路517,2,1,no_media,2,2,2024-09,1.0,0.0,0.0,0,0.0,0,0.0,0,0.0,1,1.0,0,0.0,0,0.0,0,0.0,0,0.0,0,0.0
走过大桥下,2,1,no_media,0,2,2023-04,0.0,0.0,0.0,1,1.0,0,0.0,0,0.0,0,0.0,0,0.0,0,0.0,0,0.0,0,0.0,0,0.0
赵保建小儿推拿,6,5,no_media,0,5,2023-05,0.0,0.0,1.0,0,0.0,0,0.0,0,0.0,0,0.0,5,1.0,0,0.0,0,0.0,0,0.0,0,0.0
赵岗,2,1,no_media,1,2,2022-11,0.0,0.0,1.0,0,0.0,0,0.0,0,0.0,0,0.0,1,1.0,0,0.0,0,0.0,0,0.0,0,0.0
赵庆英语,13,12,wemedia_only,2,13,2023-03,0.08333333333333333,0.08333333333333333,0.6666666666666666,1,0.08333333333333333,1,0.08333333333333333,0,0.0,1,0.08333333333333333,8,0.6666666666666666,0,0.0,0,0.0,1,0.08333333333333333,0,0.0
赵燚燚燚燚,2,1,no_media,0,2,2023-06,0.0,0.0,0.0,1,1.0,0,0.0,0,0.0,0,0.0,0,0.0,0,0.0,0,0.0,0,0.0,0,0.0
赵盛烨,13,12,no_media,4,13,2023-02,0.16666666666666666,0.16666666666666666,0.5,1,0.08333333333333333,2,0.16666666666666666,0,0.0,2,0.16666666666666666,6,0.5,0,0.0,0,0.0,1,0.08333333333333333,0,0.0
赵秀池,3,2,no_media,0,3,2022-03,0.0,0.5,0.0,1,0.5,1,0.5,0,0.0,0,0.0,0,0.0,0,0.0,0,0.0,0,0.0,0,0.0
赵赵赵小姐少吃点,2,1,no_media,0,2,2023-06,1.0,0.0,0.0,0,0.0,0,0.0,0,0.0,0,0.0,0,0.0,0,0.0,1,1.0,0,0.0,0,0.0
赵铮-同志,2,1,no_media,0,2,2023-04,0.0,0.0,1.0,0,0.0,0,0.0,0,0.0,0,0.0,1,1.0,0,0.0,0,0.0,0,0.0,0,0.0
赵鹏飞,4,3,no_media,0,3,2022-03,0.3333333333333333,0.3333333333333333,0.3333333333333333,0,0.0,1,0.3333333333333333,0,0.0,1,0.3333333333333333,1,0.3333333333333333,0,0.0,0,0.0,0,0.0,0,0.0
起点新闻,2,1,no_media,0,2,2023-02,0.0,0.0,1.0,0,0.0,0,0.0,0,0.0,0,0.0,1,1.0,0,0.0,0,0.0,0,0.0,0,0.0
超无趣的人是我,2,1,no_media,0,2,2023-05,0.0,0.0,0.0,0,0.0,0,0.0,0,0.0,0,0.0,0,0.0,0,0.0,0,0.0,0,0.0,1,1.0
超梦的超梦,2,1,no_media,0,2,2023-02,0.0,0.0,0.0,0,0.0,0,0.0,0,0.0,0,0.0,0,0.0,0,0.0,0,0.0,0,0.0,1,1.0
超级猪猪球,6,5,no_media,10,6,2023-04,0.4,0.2,0.2,1,0.2,0,0.0,1,0.2,1,0.2,1,0.2,0,0.0,1,0.2,0,0.0,0,0.0
超级豌豆颠,2,1,no_media,0,2,2024-02,0.0,1.0,0.0,0,0.0,0,0.0,1,1.0,0,0.0,0,0.0,0,0.0,0,0.0,0,0.0,0,0.0
趋势高控盘,3,2,no_media,0,3,2023-02,0.0,0.0,1.0,0,0.0,0,0.0,0,0.0,0,0.0,2,1.0,0,0.0,0,0.0,0,0.0,0,0.0
趋吉避凶_易学预测轩,4,3,no_media,0,4,2023-06,0.0,0.0,1.0,0,0.0,0,0.0,0,0.0,0,0.0,3,1.0,0,0.0,0,0.0,0,0.0,0,0.0
趣丸,2,1,no_media,0,2,2023-07,0.0,0.0,1.0,0,0.0,0,0.0,0,0.0,0,0.0,1,1.0,0,0.0,0,0.0,0,0.0,0,0.0
跑街工作室,2,1,no_media,0,2,2024-01,0.0,0.0,1.0,0,0.0,0,0.0,0,0.0,0,0.0,1,1.0,0,0.0,0,0.0,0,0.0,0,0.0
跪式服务打工人,2,1,no_media,1,2,2023-02,0.0,0.0,0.0,0,0.0,0,0.0,0,0.0,0,0.0,0,0.0,1,1.0,0,0.0,0,0.0,0,0.0
路人丁开挖掘机,30,29,no_media,38,30,2022-10,0.06896551724137931,0.06896551724137931,0.1724137931034483,0,0.0,1,0.034482758620689655,1,0.034482758620689655,1,0.034482758620689655,5,0.1724137931034483,5,0.1724137931034483,1,0.034482758620689655,5,0.1724137931034483,10,0.3448275862068966
路人甲乙丙丁程,2,1,wemedia_only,2,2,2023-05,0.0,0.0,0.0,0,0.0,0,0.0,0,0.0,0,0.0,0,0.0,1,1.0,0,0.0,0,0.0,0,0.0
路德维稀van贝多芬,2,1,no_media,1,2,2023-03,0.0,0.0,1.0,0,0.0,0,0.0,0,0.0,0,0.0,1,1.0,0,0.0,0,0.0,0,0.0,0,0.0
路琳洁,2,1,no_media,0,1,2023-02,0.0,0.0,1.0,0,0.0,0,0.0,0,0.0,0,0.0,1,1.0,0,0.0,0,0.0,0,0.0,0,0.0
路西法没有六翼,2,1,mainstream_only,5,2,2024-07,0.0,0.0,0.0,0,0.0,0,0.0,0,0.0,0,0.0,0,0.0,0,0.0,0,0.0,1,1.0,0,0.0
路过12332144,2,1,no_media,2,1,2022-03,0.0,0.0,1.0,0,0.0,0,0.0,0,0.0,0,0.0,1,1.0,0,0.0,0,0.0,0,0.0,0,0.0
踏准节奏嗨,2,1,no_media,1,2,2023-11,0.0,0.0,1.0,0,0.0,0,0.0,0,0.0,0,0.0,1,1.0,0,0.0,0,0.0,0,0.0,0,0.0
踏浪天下,2,1,no_media,0,2,2023-01,0.0,0.0,1.0,0,0.0,0,0.0,0,0.0,0,0.0,1,1.0,0,0.0,0,0.0,0,0.0,0,0.0
踏雪无痕小宇宙,2,1,no_media,0,2,2023-03,0.0,0.0,1.0,0,0.0,0,0.0,0,0.0,0,0.0,1,1.0,0,0.0,0,0.0,0,0.0,0,0.0
踩星星的猫,2,1,no_media,0,2,2023-02,0.0,1.0,0.0,0,0.0,1,1.0,0,0.0,0,0.0,0,0.0,0,0.0,0,0.0,0,0.0,0,0.0
踩财蔡,5,4,no_media,2,5,2022-10,0.0,0.0,1.0,0,0.0,0,0.0,0,0.0,0,0.0,4,1.0,0,0.0,0,0.0,0,0.0,0,0.0
蹦蹦跳跳的阿龙,2,1,no_media,0,2,2023-07,1.0,0.0,0.0,0,0.0,0,0.0,0,0.0,1,1.0,0,0.0,0,0.0,0,0.0,0,0.0,0,0.0
身为里中横,10,9,no_media,0,10,2023-02,0.1111111111111111,0.2222222222222222,0.6666666666666666,0,0.0,2,0.2222222222222222,0,0.0,1,0.1111111111111111,6,0.6666666666666666,0,0.0,0,0.0,0,0.0,0,0.0
軍醫周曉峰,9,8,no_media,0,8,2023-02,0.0,0.0,1.0,0,0.0,0,0.0,0,0.0,0,0.0,8,1.0,0,0.0,0,0.0,0,0.0,0,0.0
车厂不阳人,6,5,no_media,5,6,2023-06,0.4,0.6,0.0,0,0.0,3,0.6,0,0.0,2,0.4,0,0.0,0,0.0,0,0.0,0,0.0,0,0.0
车厘子等,2,1,no_media,0,2,2024-10,0.0,0.0,0.0,0,0.0,0,0.0,0,0.0,0,0.0,0,0.0,0,0.0,0,0.0,1,1.0,0,0.0
车圈新视界,5,4,no_media,0,5,2023-02,0.0,0.0,1.0,0,0.0,0,0.0,0,0.0,0,0.0,4,1.0,0,0.0,0,0.0,0,0.0,0,0.0
车记-,2,1,no_media,1,2,2024-11,0.0,0.0,0.0,0,0.0,0,0.0,0,0.0,0,0.0,0,0.0,1,1.0,0,0.0,0,0.0,0,0.0
轩辕剑新木屋,3,2,no_media,1,1,2022-12,0.5,0.0,0.0,1,0.5,0,0.0,0,0.0,1,0.5,0,0.0,0,0.0,0,0.0,0,0.0,0,0.0
轩辕小泽,2,1,no_media,3,2,2023-10,1.0,0.0,0.0,0,0.0,0,0.0,0,0.0,1,1.0,0,0.0,0,0.0,0,0.0,0,0.0,0,0.0
轩辕有巢,2,1,mainstream_only,3,2,2024-03,1.0,0.0,0.0,0,0.0,0,0.0,0,0.0,1,1.0,0,0.0,0,0.0,0,0.0,0,0.0,0,0.0
轮到我发财了哈哈哈哈,2,1,no_media,0,2,2023-02,0.0,1.0,0.0,0,0.0,0,0.0,1,1.0,0,0.0,0,0.0,0,0.0,0,0.0,0,0.0,0,0.0
软件钢琴师,5,4,mainstream_only,2,5,2023-05,0.25,0.25,0.5,0,0.0,1,0.25,0,0.0,1,0.25,2,0.5,0,0.0,0,0.0,0,0.0,0,0.0
轻创客振辉,2,1,no_media,0,2,2023-03,0.0,0.0,1.0,0,0.0,0,0.0,0,0.0,0,0.0,1,1.0,0,0.0,0,0.0,0,0.0,0,0.0
轻微YB症,2,1,no_media,0,2,2023-04,1.0,0.0,0.0,0,0.0,0,0.0,0,0.0,1,1.0,0,0.0,0,0.0,0,0.0,0,0.0,0,0.0
轻心斋主人,3,2,no_media,0,3,2023-03,0.0,0.0,0.0,0,0.0,0,0.0,0,0.0,0,0.0,0,0.0,0,0.0,0,0.0,0,0.0,2,1.0
轻纱胧寒月,2,1,no_media,0,2,2023-07,0.0,0.0,0.0,0,0.0,0,0.0,0,0.0,0,0.0,0,0.0,0,0.0,0,0.0,1,1.0,0,0.0
轻轻吹一口风,2,1,no_media,2,2,2023-06,0.0,1.0,0.0,0,0.0,0,0.0,1,1.0,0,0.0,0,0.0,0,0.0,0,0.0,0,0.0,0,0.0
轻风拂山岗-明月照大江,2,1,no_media,0,2,2023-02,0.0,0.0,0.0,0,0.0,0,0.0,0,0.0,0,0.0,0,0.0,0,0.0,0,0.0,0,0.0,1,1.0
辛巴爸_,2,1,no_media,3,2,2024-01,0.0,0.0,1.0,0,0.0,0,0.0,0,0.0,0,0.0,1,1.0,0,0.0,0,0.0,0,0.0,0,0.0
辛金伴月,2,1,no_media,1,2,2023-10,1.0,0.0,0.0,0,0.0,0,0.0,0,0.0,1,1.0,0,0.0,0,0.0,0,0.0,0,0.0,0,0.0
辣叶摧秋,2,1,mainstream_only,1,2,2023-11,0.0,1.0,0.0,0,0.0,0,0.0,1,1.0,0,0.0,0,0.0,0,0.0,0,0.0,0,0.0,0,0.0
辣白菜炖羊肉不加韭菜,2,1,no_media,1,2,2023-05,0.0,1.0,0.0,0,0.0,0,0.0,1,1.0,0,0.0,0,0.0,0,0.0,0,0.0,0,0.0,0,0.0
辰尘kira,8,7,no_media,112,8,2023-05,0.14285714285714285,0.2857142857142857,0.5714285714285714,0,0.0,2,0.2857142857142857,0,0.0,1,0.14285714285714285,4,0.5714285714285714,0,0.0,0,0.0,0,0.0,0,0.0
辽宁交通广播,7,6,no_media,0,7,2020-03,0.0,0.0,1.0,0,0.0,0,0.0,0,0.0,0,0.0,6,1.0,0,0.0,0,0.0,0,0.0,0,0.0
辽宁日报,21,20,no_media,0,20,2020-03,0.0,0.0,1.0,0,0.0,0,0.0,0,0.0,0,0.0,20,1.0,0,0.0,0,0.0,0,0.0,0,0.0
辽宁疾控家园,4,3,no_media,0,4,2023-10,0.0,0.0,1.0,0,0.0,0,0.0,0,0.0,0,0.0,3,1.0,0,0.0,0,0.0,0,0.0,0,0.0
辽宁经济广播官方微博,2,1,no_media,0,2,2023-02,0.0,0.0,1.0,0,0.0,0,0.0,0,0.0,0,0.0,1,1.0,0,0.0,0,0.0,0,0.0,0,0.0
辽沈晚报,9,8,no_media,0,9,2023-03,0.0,0.0,1.0,0,0.0,0,0.0,0,0.0,0,0.0,8,1.0,0,0.0,0,0.0,0,0.0,0,0.0
达州之心通川,3,2,no_media,0,3,2023-03,0.0,0.0,1.0,0,0.0,0,0.0,0,0.0,0,0.0,2,1.0,0,0.0,0,0.0,0,0.0,0,0.0
达州发布,12,11,no_media,0,9,2021-07,0.0,0.0,1.0,0,0.0,0,0.0,0,0.0,0,0.0,11,1.0,0,0.0,0,0.0,0,0.0,0,0.0
达拉崩吧斑得贝迪卜多比鲁翁骑士,2,1,no_media,0,2,2023-03,0.0,1.0,0.0,0,0.0,1,1.0,0,0.0,0,0.0,0,0.0,0,0.0,0,0.0,0,0.0,0,0.0
达摩康养国际醫学中心,2,1,no_media,0,2,2023-05,0.0,0.0,1.0,0,0.0,0,0.0,0,0.0,0,0.0,1,1.0,0,0.0,0,0.0,0,0.0,0,0.0
达文-人类两栖进化学说创始人,4,3,no_media,0,3,2023-02,0.0,0.0,1.0,0,0.0,0,0.0,0,0.0,0,0.0,3,1.0,0,0.0,0,0.0,0,0.0,0,0.0
达棍香蕉棒,2,1,no_media,9,2,2024-02,0.0,0.0,1.0,0,0.0,0,0.0,0,0.0,0,0.0,1,1.0,0,0.0,0,0.0,0,0.0,0,0.0
过眼云烟随风去,2,1,no_media,0,2,2023-09,0.0,0.0,1.0,0,0.0,0,0.0,0,0.0,0,0.0,1,1.0,0,0.0,0,0.0,0,0.0,0,0.0
过秋燕主任,21,20,no_media,0,21,2024-06,0.0,0.0,0.85,0,0.0,0,0.0,0,0.0,0,0.0,17,0.85,1,0.05,0,0.0,1,0.05,1,0.05
运动小酥肉,2,1,no_media,0,2,2024-12,0.0,0.0,1.0,0,0.0,0,0.0,0,0.0,0,0.0,1,1.0,0,0.0,0,0.0,0,0.0,0,0.0
运动康复陈老师,4,3,no_media,0,4,2023-05,0.0,0.0,1.0,0,0.0,0,0.0,0,0.0,0,0.0,3,1.0,0,0.0,0,0.0,0,0.0,0,0.0
运城发布,3,2,no_media,0,2,2023-04,0.0,0.0,1.0,0,0.0,0,0.0,0,0.0,0,0.0,2,1.0,0,0.0,0,0.0,0,0.0,0,0.0
近卫步兵师,31,30,no_media,23,30,2023-01,0.3,0.3,0.3,2,0.06666666666666667,7,0.23333333333333334,2,0.06666666666666667,8,0.26666666666666666,9,0.3,0,0.0,1,0.03333333333333333,1,0.03333333333333333,0,0.0
返朴,6,5,no_media,0,6,2023-02,0.0,0.0,1.0,0,0.0,0,0.0,0,0.0,0,0.0,5,1.0,0,0.0,0,0.0,0,0.0,0,0.0
还必须说不定不,11,10,mainstream_only,12,11,2023-04,0.3,0.3,0.2,0,0.0,3,0.3,0,0.0,1,0.1,2,0.2,2,0.2,2,0.2,0,0.0,0,0.0
还是你们的瓜总呀,3,2,no_media,5,2,2022-12,0.0,0.0,1.0,0,0.0,0,0.0,0,0.0,0,0.0,2,1.0,0,0.0,0,0.0,0,0.0,0,0.0
还是喜欢冬天tjy,2,1,no_media,0,2,2023-05,0.0,0.0,1.0,0,0.0,0,0.0,0,0.0,0,0.0,1,1.0,0,0.0,0,0.0,0,0.0,0,0.0
还是无敌夹炉石,2,1,mainstream_only,6,2,2023-02,1.0,0.0,0.0,0,0.0,0,0.0,0,0.0,1,1.0,0,0.0,0,0.0,0,0.0,0,0.0,0,0.0
还是韦恩,2,1,no_media,0,2,2025-05,0.0,0.0,1.0,0,0.0,0,0.0,0,0.0,0,0.0,1,1.0,0,0.0,0,0.0,0,0.0,0,0.0
这可怎么办是好啊,2,1,no_media,1,2,2024-02,0.0,0.0,1.0,0,0.0,0,0.0,0,0.0,0,0.0,1,1.0,0,0.0,0,0.0,0,0.0,0,0.0
这学不上了,2,1,mainstream_only,2,1,2023-02,0.0,0.0,1.0,0,0.0,0,0.0,0,0.0,0,0.0,1,1.0,0,0.0,0,0.0,0,0.0,0,0.0
这得有多大仇,5,4,no_media,24,5,2023-08,0.25,0.25,0.25,0,0.0,0,0.0,1,0.25,1,0.25,1,0.25,0,0.0,0,0.0,1,0.25,0,0.0
这里people,2,1,no_media,0,2,2023-02,0.0,0.0,1.0,0,0.0,0,0.0,0,0.0,0,0.0,1,1.0,0,0.0,0,0.0,0,0.0,0,0.0
这里是儋州,2,1,mainstream_only,1,2,2023-07,0.0,0.0,1.0,0,0.0,0,0.0,0,0.0,0,0.0,1,1.0,0,0.0,0,0.0,0,0.0,0,0.0
这里有读,2,1,no_media,1,2,2025-06,0.0,0.0,1.0,0,0.0,0,0.0,0,0.0,0,0.0,1,1.0,0,0.0,0,0.0,0,0.0,0,0.0
进击非洲的小欢总,2,1,dual,10,1,2022-04,0.0,1.0,0.0,0,0.0,1,1.0,0,0.0,0,0.0,0,0.0,0,0.0,0,0.0,0,0.0,0,0.0
远方的诗意生活,2,1,no_media,0,2,2022-10,0.0,0.0,0.0,1,1.0,0,0.0,0,0.0,0,0.0,0,0.0,0,0.0,0,0.0,0,0.0,0,0.0
远离成瘾做自己,3,2,no_media,0,3,2023-03,0.5,0.5,0.0,0,0.0,0,0.0,1,0.5,0,0.0,0,0.0,0,0.0,1,0.5,0,0.0,0,0.0
远行的蔓蔓,2,1,no_media,0,2,2024-03,0.0,0.0,1.0,0,0.0,0,0.0,0,0.0,0,0.0,1,1.0,0,0.0,0,0.0,0,0.0,0,0.0
连云港日报,14,13,no_media,0,14,2020-03,0.0,0.0,1.0,0,0.0,0,0.0,0,0.0,0,0.0,13,1.0,0,0.0,0,0.0,0,0.0,0,0.0
连云港法院,3,2,mainstream_only,4,3,2020-03,0.0,0.0,1.0,0,0.0,0,0.0,0,0.0,0,0.0,2,1.0,0,0.0,0,0.0,0,0.0,0,0.0
连城网事公开,7,6,no_media,0,7,2023-09,0.0,0.0,1.0,0,0.0,0,0.0,0,0.0,0,0.0,6,1.0,0,0.0,0,0.0,0,0.0,0,0.0
连山归藏_Tide,3,2,no_media,0,3,2022-12,0.0,0.0,0.5,0,0.0,0,0.0,0,0.0,0,0.0,1,0.5,0,0.0,0,0.0,1,0.5,0,0.0
连花健康生活研究所,4,3,no_media,0,4,2024-01,0.0,0.0,1.0,0,0.0,0,0.0,0,0.0,0,0.0,3,1.0,0,0.0,0,0.0,0,0.0,0,0.0
连芳菲,2,1,no_media,0,2,2023-02,0.0,0.0,0.0,0,0.0,0,0.0,0,0.0,0,0.0,0,0.0,0,0.0,0,0.0,0,0.0,1,1.0
迪拜中阿卫视,3,2,no_media,3,3,2022-03,0.5,0.0,0.5,0,0.0,0,0.0,0,0.0,1,0.5,1,0.5,0,0.0,0,0.0,0,0.0,0,0.0
迪迦与夫人的日常0424,2,1,no_media,0,2,2023-05,0.0,0.0,0.0,1,1.0,0,0.0,0,0.0,0,0.0,0,0.0,0,0.0,0,0.0,0,0.0,0,0.0
迷上馒头人,2,1,no_media,2,2,2022-12,0.0,1.0,0.0,0,0.0,1,1.0,0,0.0,0,0.0,0,0.0,0,0.0,0,0.0,0,0.0,0,0.0
迷你可乐威,2,1,no_media,0,2,2023-04,0.0,0.0,0.0,0,0.0,0,0.0,0,0.0,0,0.0,0,0.0,0,0.0,0,0.0,0,0.0,1,1.0
迷失的飛星小星星,2,1,no_media,0,2,2020-03,0.0,0.0,1.0,0,0.0,0,0.0,0,0.0,0,0.0,1,1.0,0,0.0,0,0.0,0,0.0,0,0.0
迷迷瞪瞪不太好,4,3,no_media,5,3,2023-08,0.3333333333333333,0.3333333333333333,0.3333333333333333,0,0.0,1,0.3333333333333333,0,0.0,1,0.3333333333333333,1,0.3333333333333333,0,0.0,0,0.0,0,0.0,0,0.0
追剧少女的日常,2,1,no_media,0,2,2023-03,0.0,0.0,1.0,0,0.0,0,0.0,0,0.0,0,0.0,1,1.0,0,0.0,0,0.0,0,0.0,0,0.0
追木木木,2,1,no_media,1,2,2023-02,0.0,0.0,0.0,0,0.0,0,0.0,0,0.0,0,0.0,0,0.0,0,0.0,0,0.0,1,1.0,0,0.0
追阳光的小魔仙,2,1,no_media,0,2,2023-02,0.0,0.0,0.0,0,0.0,0,0.0,0,0.0,0,0.0,0,0.0,0,0.0,0,0.0,0,0.0,1,1.0
追风琦士录,2,1,no_media,1,2,2023-04,0.0,0.0,1.0,0,0.0,0,0.0,0,0.0,0,0.0,1,1.0,0,0.0,0,0.0,0,0.0,0,0.0
退堂鼓表演艺术家裘卿卿,7,6,no_media,2,7,2023-04,0.3333333333333333,0.16666666666666666,0.0,2,0.3333333333333333,0,0.0,1,0.16666666666666666,0,0.0,0,0.0,1,0.16666666666666666,2,0.3333333333333333,0,0.0,0,0.0
退格-Backspace,2,1,no_media,1,2,2023-06,0.0,1.0,0.0,0,0.0,1,1.0,0,0.0,0,0.0,0,0.0,0,0.0,0,0.0,0,0.0,0,0.0
送了一朵小红花,2,1,no_media,2,2,2023-04,0.0,0.0,0.0,0,0.0,0,0.0,0,0.0,0,0.0,0,0.0,1,1.0,0,0.0,0,0.0,0,0.0
逃离陌上的软耳甜兔,4,3,wemedia_only,1,4,2022-01,0.0,0.0,1.0,0,0.0,0,0.0,0,0.0,0,0.0,3,1.0,0,0.0,0,0.0,0,0.0,0,0.0
逆着光影前行,2,1,no_media,0,2,2023-04,0.0,0.0,0.0,1,1.0,0,0.0,0,0.0,0,0.0,0,0.0,0,0.0,0,0.0,0,0.0,0,0.0
选择中医__董洪涛,100,99,no_media,2,91,2023-02,0.020202020202020204,0.020202020202020204,0.9595959595959596,0,0.0,2,0.020202020202020204,0,0.0,2,0.020202020202020204,95,0.9595959595959596,0,0.0,0,0.0,0,0.0,0,0.0
选择中医_中华经络健康,2,1,no_media,0,2,2023-02,0.0,0.0,1.0,0,0.0,0,0.0,0,0.0,0,0.0,1,1.0,0,0.0,0,0.0,0,0.0,0,0.0
选择中医_余正安,3,2,no_media,0,3,2023-07,0.0,0.0,1.0,0,0.0,0,0.0,0,0.0,0,0.0,2,1.0,0,0.0,0,0.0,0,0.0,0,0.0
选择中医_樊喜乐,3,2,no_media,0,3,2023-09,0.0,0.0,1.0,0,0.0,0,0.0,0,0.0,0,0.0,2,1.0,0,0.0,0,0.0,0,0.0,0,0.0
选择中医工作室,2,1,no_media,0,2,2023-03,0.0,0.0,1.0,0,0.0,0,0.0,0,0.0,0,0.0,1,1.0,0,0.0,0,0.0,0,0.0,0,0.0
逍遥岁月166,8,7,no_media,0,8,2023-03,0.2857142857142857,0.2857142857142857,0.14285714285714285,2,0.2857142857142857,1,0.14285714285714285,1,0.14285714285714285,2,0.2857142857142857,1,0.14285714285714285,0,0.0,0,0.0,0,0.0,0,0.0
逐浪新闻,5,4,no_media,0,5,2020-03,0.0,0.0,1.0,0,0.0,0,0.0,0,0.0,0,0.0,4,1.0,0,0.0,0,0.0,0,0.0,0,0.0
逗比黑腹鼠,2,1,no_media,2,2,2022-11,0.0,1.0,0.0,0,0.0,1,1.0,0,0.0,0,0.0,0,0.0,0,0.0,0,0.0,0,0.0,0,0.0
通化发布,2,1,no_media,0,2,2023-02,0.0,0.0,1.0,0,0.0,0,0.0,0,0.0,0,0.0,1,1.0,0,0.0,0,0.0,0,0.0,0,0.0
通州大峰,2,1,no_media,0,2,2023-04,0.0,0.0,1.0,0,0.0,0,0.0,0,0.0,0,0.0,1,1.0,0,0.0,0,0.0,0,0.0,0,0.0
通用技术环球医疗,6,5,no_media,0,6,2023-02,0.0,0.0,1.0,0,0.0,0,0.0,0,0.0,0,0.0,5,1.0,0,0.0,0,0.0,0,0.0,0,0.0
通货朋仗,4,3,no_media,0,4,2023-06,0.0,0.0,0.3333333333333333,0,0.0,0,0.0,0,0.0,0,0.0,1,0.3333333333333333,0,0.0,0,0.0,1,0.3333333333333333,1,0.3333333333333333
通辽可汗大人帐下N品小学学士,2,1,no_media,7,2,2023-10,0.0,0.0,1.0,0,0.0,0,0.0,0,0.0,0,0.0,1,1.0,0,0.0,0,0.0,0,0.0,0,0.0
逮终钾,11,10,mainstream_only,4,7,2023-05,0.2,0.1,0.6,1,0.1,1,0.1,0,0.0,2,0.2,6,0.6,0,0.0,0,0.0,0,0.0,0,0.0
逸菲七分甜Lucky,2,1,no_media,0,2,2023-05,0.0,0.0,1.0,0,0.0,0,0.0,0,0.0,0,0.0,1,1.0,0,0.0,0,0.0,0,0.0,0,0.0
逸问医答,9,8,no_media,0,9,2023-05,0.0,0.0,1.0,0,0.0,0,0.0,0,0.0,0,0.0,8,1.0,0,0.0,0,0.0,0,0.0,0,0.0
逸龙阁2,3,2,no_media,2,3,2023-11,0.0,0.5,0.0,1,0.5,1,0.5,0,0.0,0,0.0,0,0.0,0,0.0,0,0.0,0,0.0,0,0.0
逻各斯批发商,2,1,no_media,0,1,2022-12,0.0,0.0,1.0,0,0.0,0,0.0,0,0.0,0,0.0,1,1.0,0,0.0,0,0.0,0,0.0,0,0.0
逻辑中医和相帝护肤,4,3,no_media,2,3,2023-02,0.0,0.3333333333333333,0.6666666666666666,0,0.0,1,0.3333333333333333,0,0.0,0,0.0,2,0.6666666666666666,0,0.0,0,0.0,0,0.0,0,0.0
逻辑医道翁晴,2,1,no_media,0,2,2023-02,0.0,0.0,1.0,0,0.0,0,0.0,0,0.0,0,0.0,1,1.0,0,0.0,0,0.0,0,0.0,0,0.0
遂昌快活林,4,3,no_media,0,3,2023-02,0.0,0.0,1.0,0,0.0,0,0.0,0,0.0,0,0.0,3,1.0,0,0.0,0,0.0,0,0.0,0,0.0
遇水04,2,1,wemedia_only,7,1,2024-02,0.0,0.0,0.0,0,0.0,0,0.0,0,0.0,0,0.0,0,0.0,0,0.0,0,0.0,0,0.0,1,1.0
遇求得岛,2,1,no_media,0,2,2023-02,0.0,0.0,0.0,1,1.0,0,0.0,0,0.0,0,0.0,0,0.0,0,0.0,0,0.0,0,0.0,0,0.0
遇见Reality,2,1,no_media,1,2,2024-03,0.0,0.0,0.0,0,0.0,0,0.0,0,0.0,0,0.0,0,0.0,0,0.0,0,0.0,0,0.0,1,1.0
遇见干细胞,4,3,no_media,0,4,2023-02,0.3333333333333333,0.3333333333333333,0.3333333333333333,0,0.0,1,0.3333333333333333,0,0.0,1,0.3333333333333333,1,0.3333333333333333,0,0.0,0,0.0,0,0.0,0,0.0
遊_小培,2,1,no_media,4,2,2023-12,0.0,1.0,0.0,0,0.0,1,1.0,0,0.0,0,0.0,0,0.0,0,0.0,0,0.0,0,0.0,0,0.0
道佛与魔不两立,3,2,no_media,3,3,2024-07,0.0,0.0,1.0,0,0.0,0,0.0,0,0.0,0,0.0,2,1.0,0,0.0,0,0.0,0,0.0,0,0.0
道具师B叔-界王拳修炼中,2,1,no_media,0,2,2023-08,1.0,0.0,0.0,0,0.0,0,0.0,0,0.0,0,0.0,0,0.0,0,0.0,1,1.0,0,0.0,0,0.0
道北老男孩,2,1,no_media,0,1,2023-02,0.0,0.0,1.0,0,0.0,0,0.0,0,0.0,0,0.0,1,1.0,0,0.0,0,0.0,0,0.0,0,0.0
道理不深言语多,2,1,no_media,2,2,2023-03,0.0,0.0,0.0,1,1.0,0,0.0,0,0.0,0,0.0,0,0.0,0,0.0,0,0.0,0,0.0,0,0.0
道群互联网医院,9,8,no_media,0,9,2023-02,0.0,0.0,1.0,0,0.0,0,0.0,0,0.0,0,0.0,8,1.0,0,0.0,0,0.0,0,0.0,0,0.0
道董,2,1,no_media,0,2,2025-05,0.0,0.0,1.0,0,0.0,0,0.0,0,0.0,0,0.0,1,1.0,0,0.0,0,0.0,0,0.0,0,0.0
道遒,16,15,wemedia_only,4,16,2023-07,0.2,0.26666666666666666,0.0,0,0.0,2,0.13333333333333333,2,0.13333333333333333,1,0.06666666666666667,0,0.0,4,0.26666666666666666,2,0.13333333333333333,3,0.2,1,0.06666666666666667
遗忘的小满,2,1,no_media,0,2,2021-11,0.0,0.0,0.0,0,0.0,0,0.0,0,0.0,0,0.0,0,0.0,0,0.0,0,0.0,1,1.0,0,0.0
遨游星海的金色茱莉亚,2,1,no_media,0,2,2023-11,0.0,0.0,0.0,0,0.0,0,0.0,0,0.0,0,0.0,0,0.0,1,1.0,0,0.0,0,0.0,0,0.0
邑迪影视推荐,2,1,no_media,0,2,2023-02,0.0,0.0,1.0,0,0.0,0,0.0,0,0.0,0,0.0,1,1.0,0,0.0,0,0.0,0,0.0,0,0.0
邓布利多邓布利少和邓布利刚刚好,2,1,no_media,0,2,2023-07,0.0,0.0,0.0,0,0.0,0,0.0,0,0.0,0,0.0,0,0.0,0,0.0,0,0.0,1,1.0,0,0.0
邓林子乐,6,5,mainstream_only,2,6,2023-03,0.4,0.4,0.0,1,0.2,2,0.4,0,0.0,2,0.4,0,0.0,0,0.0,0,0.0,0,0.0,0,0.0
邓氏十三脉创始医学,4,3,no_media,3,4,2023-04,0.0,0.0,0.0,3,1.0,0,0.0,0,0.0,0,0.0,0,0.0,0,0.0,0,0.0,0,0.0,0,0.0
邢台政务,2,1,no_media,0,2,2023-04,0.0,0.0,1.0,0,0.0,0,0.0,0,0.0,0,0.0,1,1.0,0,0.0,0,0.0,0,0.0,0,0.0
那个Hawk啊,2,1,no_media,0,2,2023-04,0.0,0.0,1.0,0,0.0,0,0.0,0,0.0,0,0.0,1,1.0,0,0.0,0,0.0,0,0.0,0,0.0
那鱼还活着吗,2,1,no_media,1,2,2023-06,1.0,0.0,0.0,0,0.0,0,0.0,0,0.0,1,1.0,0,0.0,0,0.0,0,0.0,0,0.0,0,0.0
邯郸新闻网,15,14,no_media,0,13,2020-08,0.0,0.0,1.0,0,0.0,0,0.0,0,0.0,0,0.0,14,1.0,0,0.0,0,0.0,0,0.0,0,0.0
邱天道,4,3,no_media,0,4,2021-03,0.0,0.3333333333333333,0.6666666666666666,0,0.0,1,0.3333333333333333,0,0.0,0,0.0,2,0.6666666666666666,0,0.0,0,0.0,0,0.0,0,0.0
邵侠乐园,2,1,no_media,0,2,2023-05,0.0,1.0,0.0,0,0.0,1,1.0,0,0.0,0,0.0,0,0.0,0,0.0,0,0.0,0,0.0,0,0.0
邵健明,2,1,no_media,0,2,2024-07,0.0,0.0,1.0,0,0.0,0,0.0,0,0.0,0,0.0,1,1.0,0,0.0,0,0.0,0,0.0,0,0.0
邵逸夫医院,2,1,no_media,0,2,2023-02,0.0,1.0,0.0,0,0.0,1,1.0,0,0.0,0,0.0,0,0.0,0,0.0,0,0.0,0,0.0,0,0.0
邵阳日报,9,8,no_media,0,9,2020-03,0.0,0.0,1.0,0,0.0,0,0.0,0,0.0,0,0.0,8,1.0,0,0.0,0,0.0,0,0.0,0,0.0
邹以默,3,2,no_media,1,3,2024-07,0.0,0.5,0.5,0,0.0,1,0.5,0,0.0,0,0.0,1,0.5,0,0.0,0,0.0,0,0.0,0,0.0
邹健论道,13,12,no_media,1,13,2023-12,0.3333333333333333,0.25,0.25,1,0.08333333333333333,2,0.16666666666666666,1,0.08333333333333333,2,0.16666666666666666,3,0.25,1,0.08333333333333333,2,0.16666666666666666,0,0.0,0,0.0
邹健论道寅,24,23,no_media,1,20,2024-02,0.2608695652173913,0.21739130434782608,0.17391304347826086,8,0.34782608695652173,5,0.21739130434782608,0,0.0,6,0.2608695652173913,4,0.17391304347826086,0,0.0,0,0.0,0,0.0,0,0.0
邹叔的任性,6,5,no_media,0,3,2022-12,0.0,0.0,1.0,0,0.0,0,0.0,0,0.0,0,0.0,5,1.0,0,0.0,0,0.0,0,0.0,0,0.0
邹城发布,10,9,no_media,0,7,2022-09,0.0,0.0,1.0,0,0.0,0,0.0,0,0.0,0,0.0,9,1.0,0,0.0,0,0.0,0,0.0,0,0.0
邹大进,2,1,wemedia_only,2,2,2023-08,0.0,0.0,1.0,0,0.0,0,0.0,0,0.0,0,0.0,1,1.0,0,0.0,0,0.0,0,0.0,0,0.0
邹忌与城北徐公不得不说的故事,2,1,no_media,0,2,2024-02,0.0,1.0,0.0,0,0.0,0,0.0,1,1.0,0,0.0,0,0.0,0,0.0,0,0.0,0,0.0,0,0.0
郁闷假逍遥,2,1,mainstream_only,7,2,2023-02,1.0,0.0,0.0,0,0.0,0,0.0,0,0.0,1,1.0,0,0.0,0,0.0,0,0.0,0,0.0,0,0.0
郎叔减肥塑型,3,2,no_media,0,3,2023-02,0.0,0.0,1.0,0,0.0,0,0.0,0,0.0,0,0.0,2,1.0,0,0.0,0,0.0,0,0.0,0,0.0
郑79-虎,5,4,no_media,5,5,2022-03,0.0,0.25,0.75,0,0.0,1,0.25,0,0.0,0,0.0,3,0.75,0,0.0,0,0.0,0,0.0,0,0.0
郑商奇黑化版,2,1,no_media,0,2,2023-06,0.0,0.0,1.0,0,0.0,0,0.0,0,0.0,0,0.0,1,1.0,0,0.0,0,0.0,0,0.0,0,0.0
郑在办,3,2,no_media,0,3,2023-02,0.0,0.0,1.0,0,0.0,0,0.0,0,0.0,0,0.0,2,1.0,0,0.0,0,0.0,0,0.0,0,0.0
郑好肖可爱,4,3,no_media,1,4,2023-02,0.3333333333333333,0.3333333333333333,0.0,1,0.3333333333333333,1,0.3333333333333333,0,0.0,1,0.3333333333333333,0,0.0,0,0.0,0,0.0,0,0.0,0,0.0
郑州交通广播,2,1,no_media,0,2,2023-02,0.0,0.0,1.0,0,0.0,0,0.0,0,0.0,0,0.0,1,1.0,0,0.0,0,0.0,0,0.0,0,0.0
郑州发布,7,6,no_media,0,7,2023-03,0.0,0.0,1.0,0,0.0,0,0.0,0,0.0,0,0.0,6,1.0,0,0.0,0,0.0,0,0.0,0,0.0
郑州大学第五附属医院官博,9,8,no_media,0,9,2023-03,0.125,0.125,0.625,0,0.0,0,0.0,1,0.125,1,0.125,5,0.625,0,0.0,0,0.0,1,0.125,0,0.0
郑州市教育局,2,1,no_media,0,2,2023-03,0.0,0.0,1.0,0,0.0,0,0.0,0,0.0,0,0.0,1,1.0,0,0.0,0,0.0,0,0.0,0,0.0
郑州广播电视台,4,3,no_media,0,4,2022-03,0.0,0.0,1.0,0,0.0,0,0.0,0,0.0,0,0.0,3,1.0,0,0.0,0,0.0,0,0.0,0,0.0
郑州新闻广播,2,1,no_media,0,2,2023-03,0.0,0.0,1.0,0,0.0,0,0.0,0,0.0,0,0.0,1,1.0,0,0.0,0,0.0,0,0.0,0,0.0
郑州日报,2,1,no_media,0,2,2024-03,0.0,0.0,1.0,0,0.0,0,0.0,0,0.0,0,0.0,1,1.0,0,0.0,0,0.0,0,0.0,0,0.0
郑州甲乳中医院,2,1,no_media,0,2,2023-03,0.0,0.0,1.0,0,0.0,0,0.0,0,0.0,0,0.0,1,1.0,0,0.0,0,0.0,0,0.0,0,0.0
郑州金庚中医康复医院,2,1,no_media,0,2,2023-01,0.0,0.0,1.0,0,0.0,0,0.0,0,0.0,0,0.0,1,1.0,0,0.0,0,0.0,0,0.0,0,0.0
郑州铁路,7,6,mainstream_only,1,6,2020-03,0.0,0.0,1.0,0,0.0,0,0.0,0,0.0,0,0.0,6,1.0,0,0.0,0,0.0,0,0.0,0,0.0
郑昀,3,2,no_media,1,3,2023-08,0.0,0.0,1.0,0,0.0,0,0.0,0,0.0,0,0.0,2,1.0,0,0.0,0,0.0,0,0.0,0,0.0
郑秀文米饭铺子,4,3,no_media,0,3,2023-06,0.0,0.0,0.0,0,0.0,0,0.0,0,0.0,0,0.0,0,0.0,1,0.3333333333333333,0,0.0,2,0.6666666666666666,0,0.0
郑腾1998,2,1,no_media,0,2,2024-05,0.0,0.0,1.0,0,0.0,0,0.0,0,0.0,0,0.0,1,1.0,0,0.0,0,0.0,0,0.0,0,0.0
郑良霄,3,2,mainstream_only,2,3,2023-03,0.0,0.0,0.0,0,0.0,0,0.0,0,0.0,0,0.0,0,0.0,1,0.5,0,0.0,1,0.5,0,0.0
郑说呼吸,2,1,no_media,1,2,2023-08,0.0,0.0,1.0,0,0.0,0,0.0,0,0.0,0,0.0,1,1.0,0,0.0,0,0.0,0,0.0,0,0.0
郝智伟,2,1,no_media,0,2,2023-09,0.0,0.0,1.0,0,0.0,0,0.0,0,0.0,0,0.0,1,1.0,0,0.0,0,0.0,0,0.0,0,0.0
郝海涛医生,2,1,no_media,0,2,2024-01,0.0,0.0,0.0,1,1.0,0,0.0,0,0.0,0,0.0,0,0.0,0,0.0,0,0.0,0,0.0,0,0.0
郭大V的博,2,1,no_media,0,2,2023-02,1.0,0.0,0.0,0,0.0,0,0.0,0,0.0,0,0.0,0,0.0,0,0.0,1,1.0,0,0.0,0,0.0
郭建华大夫,2,1,no_media,0,2,2024-05,1.0,0.0,0.0,0,0.0,0,0.0,0,0.0,1,1.0,0,0.0,0,0.0,0,0.0,0,0.0,0,0.0
郭晓东_,5,4,dual,7,5,2023-01,0.25,0.0,0.25,0,0.0,0,0.0,0,0.0,1,0.25,1,0.25,1,0.25,0,0.0,1,0.25,0,0.0
郴州中院,2,1,mainstream_only,3,2,2022-10,0.0,0.0,1.0,0,0.0,0,0.0,0,0.0,0,0.0,1,1.0,0,0.0,0,0.0,0,0.0,0,0.0
都市丽人46688,5,4,mainstream_only,1,5,2023-02,0.0,0.25,0.75,0,0.0,1,0.25,0,0.0,0,0.0,3,0.75,0,0.0,0,0.0,0,0.0,0,0.0
都市快报,7,6,no_media,0,3,2023-02,0.0,0.16666666666666666,0.3333333333333333,3,0.5,1,0.16666666666666666,0,0.0,0,0.0,2,0.3333333333333333,0,0.0,0,0.0,0,0.0,0,0.0
都市报道,4,3,no_media,0,4,2023-02,0.3333333333333333,0.0,0.6666666666666666,0,0.0,0,0.0,0,0.0,1,0.3333333333333333,2,0.6666666666666666,0,0.0,0,0.0,0,0.0,0,0.0
都市时报,7,6,no_media,0,7,2021-01,0.0,0.0,1.0,0,0.0,0,0.0,0,0.0,0,0.0,6,1.0,0,0.0,0,0.0,0,0.0,0,0.0
鄂温克族自治旗融媒体中心,2,1,no_media,0,2,2024-02,0.0,0.0,1.0,0,0.0,0,0.0,0,0.0,0,0.0,1,1.0,0,0.0,0,0.0,0,0.0,0,0.0
鄞州发布,2,1,mainstream_only,1,2,2023-05,0.0,0.0,1.0,0,0.0,0,0.0,0,0.0,0,0.0,1,1.0,0,0.0,0,0.0,0,0.0,0,0.0
酒仙dongdong,3,2,no_media,0,3,2020-11,0.0,0.5,0.5,0,0.0,1,0.5,0,0.0,0,0.0,1,0.5,0,0.0,0,0.0,0,0.0,0,0.0
酒窝团子_,2,1,no_media,1,2,2023-12,0.0,0.0,0.0,0,0.0,0,0.0,0,0.0,0,0.0,0,0.0,0,0.0,0,0.0,1,1.0,0,0.0
酒醒有星陪吖,2,1,no_media,2,2,2024-05,0.0,0.0,0.0,0,0.0,0,0.0,0,0.0,0,0.0,0,0.0,0,0.0,0,0.0,0,0.0,1,1.0
酱紫色饭团,60,59,mainstream_only,38,54,2023-03,0.23728813559322035,0.23728813559322035,0.288135593220339,4,0.06779661016949153,12,0.2033898305084746,2,0.03389830508474576,10,0.1694915254237288,17,0.288135593220339,6,0.1016949152542373,4,0.06779661016949153,4,0.06779661016949153,0,0.0
酶化学医学孙海波,7,6,no_media,0,7,2023-02,0.3333333333333333,0.3333333333333333,0.3333333333333333,0,0.0,2,0.3333333333333333,0,0.0,2,0.3333333333333333,2,0.3333333333333333,0,0.0,0,0.0,0,0.0,0,0.0
酷哥2011V天下,4,3,no_media,0,4,2023-03,0.0,0.0,1.0,0,0.0,0,0.0,0,0.0,0,0.0,3,1.0,0,0.0,0,0.0,0,0.0,0,0.0
酷模科技,4,3,no_media,0,3,2024-05,0.3333333333333333,0.0,0.6666666666666666,0,0.0,0,0.0,0,0.0,1,0.3333333333333333,2,0.6666666666666666,0,0.0,0,0.0,0,0.0,0,0.0
酷炫心理所,2,1,no_media,0,2,2024-07,0.0,0.0,1.0,0,0.0,0,0.0,0,0.0,0,0.0,1,1.0,0,0.0,0,0.0,0,0.0,0,0.0
酷风传媒,7,6,no_media,0,7,2023-05,0.0,0.0,1.0,0,0.0,0,0.0,0,0.0,0,0.0,6,1.0,0,0.0,0,0.0,0,0.0,0,0.0
酷风时评,2,1,no_media,0,2,2023-05,0.0,0.0,1.0,0,0.0,0,0.0,0,0.0,0,0.0,1,1.0,0,0.0,0,0.0,0,0.0,0,0.0
酸李子手工养生膏,2,1,no_media,0,2,2024-10,0.0,0.0,1.0,0,0.0,0,0.0,0,0.0,0,0.0,1,1.0,0,0.0,0,0.0,0,0.0,0,0.0
酸苗双拒,5,4,wemedia_only,8,5,2023-03,0.0,0.25,0.25,1,0.25,0,0.0,1,0.25,0,0.0,1,0.25,0,0.0,0,0.0,1,0.25,0,0.0
醉美郧阳,2,1,no_media,0,2,2023-11,0.0,0.0,1.0,0,0.0,0,0.0,0,0.0,0,0.0,1,1.0,0,0.0,0,0.0,0,0.0,0,0.0
醉胆孤峰,6,5,no_media,4,6,2022-11,0.2,0.0,0.8,0,0.0,0,0.0,0,0.0,1,0.2,4,0.8,0,0.0,0,0.0,0,0.0,0,0.0
醉酒狮子头,3,2,no_media,0,3,2023-05,0.0,0.5,0.0,1,0.5,0,0.0,1,0.5,0,0.0,0,0.0,0,0.0,0,0.0,0,0.0,0,0.0
醍醐守正君,2,1,no_media,0,2,2025-02,0.0,1.0,0.0,0,0.0,1,1.0,0,0.0,0,0.0,0,0.0,0,0.0,0,0.0,0,0.0,0,0.0
醫林問道,2,1,no_media,0,2,2023-07,0.0,0.0,1.0,0,0.0,0,0.0,0,0.0,0,0.0,1,1.0,0,0.0,0,0.0,0,0.0,0,0.0
采蘑菇的司马公公,2,1,no_media,0,2,2023-06,0.0,1.0,0.0,0,0.0,0,0.0,1,1.0,0,0.0,0,0.0,0,0.0,0,0.0,0,0.0,0,0.0
释衔不如雨_,3,2,no_media,1,3,2023-08,0.5,0.5,0.0,0,0.0,1,0.5,0,0.0,0,0.0,0,0.0,0,0.0,1,0.5,0,0.0,0,0.0
里奥哟西yaoxi,5,4,no_media,2,5,2023-10,0.0,0.0,0.75,0,0.0,0,0.0,0,0.0,0,0.0,3,0.75,0,0.0,0,0.0,1,0.25,0,0.0
重庆人社,2,1,no_media,0,2,2023-05,0.0,0.0,1.0,0,0.0,0,0.0,0,0.0,0,0.0,1,1.0,0,0.0,0,0.0,0,0.0,0,0.0
重庆医科大学附属康复医院,2,1,no_media,0,1,2023-02,0.0,0.0,1.0,0,0.0,0,0.0,0,0.0,0,0.0,1,1.0,0,0.0,0,0.0,0,0.0,0,0.0
重庆南岸李华兰,2,1,no_media,16,1,2024-10,0.0,0.0,0.0,1,1.0,0,0.0,0,0.0,0,0.0,0,0.0,0,0.0,0,0.0,0,0.0,0,0.0
重庆发布,2,1,no_media,0,2,2022-12,0.0,0.0,1.0,0,0.0,0,0.0,0,0.0,0,0.0,1,1.0,0,0.0,0,0.0,0,0.0,0,0.0
重庆广电第1眼,18,17,no_media,0,14,2021-03,0.0,0.0,1.0,0,0.0,0,0.0,0,0.0,0,0.0,17,1.0,0,0.0,0,0.0,0,0.0,0,0.0
重庆日报,2,1,no_media,0,2,2023-11,0.0,0.0,1.0,0,0.0,0,0.0,0,0.0,0,0.0,1,1.0,0,0.0,0,0.0,0,0.0,0,0.0
重庆朕尔EHS,2,1,no_media,0,2,2023-07,0.0,0.0,1.0,0,0.0,0,0.0,0,0.0,0,0.0,1,1.0,0,0.0,0,0.0,0,0.0,0,0.0
重庆江北发布,4,3,no_media,0,4,2020-03,0.0,0.0,1.0,0,0.0,0,0.0,0,0.0,0,0.0,3,1.0,0,0.0,0,0.0,0,0.0,0,0.0
重庆江津法院,2,1,mainstream_only,4,2,2021-11,0.0,0.0,1.0,0,0.0,0,0.0,0,0.0,0,0.0,1,1.0,0,0.0,0,0.0,0,0.0,0,0.0
重庆科协,3,2,mainstream_only,1,3,2023-05,0.0,0.0,1.0,0,0.0,0,0.0,0,0.0,0,0.0,2,1.0,0,0.0,0,0.0,0,0.0,0,0.0
重庆舒忠余奇案,2,1,no_media,5,1,2024-07,0.0,1.0,0.0,0,0.0,1,1.0,0,0.0,0,0.0,0,0.0,0,0.0,0,0.0,0,0.0,0,0.0
重庆舒忠余窝案,2,1,no_media,9,2,2024-07,0.0,0.0,0.0,1,1.0,0,0.0,0,0.0,0,0.0,0,0.0,0,0.0,0,0.0,0,0.0,0,0.0
重庆陈泽华喵汪家园,2,1,no_media,0,2,2023-04,0.0,0.0,1.0,0,0.0,0,0.0,0,0.0,0,0.0,1,1.0,0,0.0,0,0.0,0,0.0,0,0.0
重庆青年报,10,9,no_media,0,10,2021-04,0.0,0.0,1.0,0,0.0,0,0.0,0,0.0,0,0.0,9,1.0,0,0.0,0,0.0,0,0.0,0,0.0
重庆马文胜的微博,2,1,wemedia_only,3,2,2023-02,0.0,1.0,0.0,0,0.0,1,1.0,0,0.0,0,0.0,0,0.0,0,0.0,0,0.0,0,0.0,0,0.0
重拾o未来,3,2,no_media,16,3,2023-05,0.0,0.0,1.0,0,0.0,0,0.0,0,0.0,0,0.0,2,1.0,0,0.0,0,0.0,0,0.0,0,0.0
重生之坚强的母亲,3,2,no_media,0,3,2023-03,0.0,0.0,0.0,0,0.0,0,0.0,0,0.0,0,0.0,0,0.0,0,0.0,0,0.0,0,0.0,2,1.0
重生之我是尼玛,2,1,no_media,0,2,2023-08,0.0,1.0,0.0,0,0.0,0,0.0,1,1.0,0,0.0,0,0.0,0,0.0,0,0.0,0,0.0,0,0.0
重生的一朵柳絮2001,6,5,no_media,4,6,2024-04,0.4,0.4,0.0,0,0.0,0,0.0,2,0.4,0,0.0,0,0.0,0,0.0,2,0.4,0,0.0,1,0.2
野人yaruki,2,1,no_media,1,2,2023-02,0.0,0.0,0.0,0,0.0,0,0.0,0,0.0,0,0.0,0,0.0,0,0.0,0,0.0,1,1.0,0,0.0
野生三角风,2,1,no_media,0,2,2023-04,1.0,0.0,0.0,0,0.0,0,0.0,0,0.0,0,0.0,0,0.0,0,0.0,1,1.0,0,0.0,0,0.0
野生小笼包_壮实麻麻版,2,1,no_media,0,2,2023-01,1.0,0.0,0.0,0,0.0,0,0.0,0,0.0,0,0.0,0,0.0,0,0.0,1,1.0,0,0.0,0,0.0
金刀王,11,10,no_media,3,11,2020-03,0.1,0.1,0.7,0,0.0,1,0.1,0,0.0,1,0.1,7,0.7,1,0.1,0,0.0,0,0.0,0,0.0
金华晚报,2,1,no_media,0,2,2025-05,0.0,0.0,1.0,0,0.0,0,0.0,0,0.0,0,0.0,1,1.0,0,0.0,0,0.0,0,0.0,0,0.0
金华直播间,2,1,no_media,0,2,2023-02,0.0,0.0,0.0,0,0.0,0,0.0,0,0.0,0,0.0,0,0.0,0,0.0,0,0.0,1,1.0,0,0.0
金华磊哥,3,2,no_media,3,2,2022-12,0.0,0.0,1.0,0,0.0,0,0.0,0,0.0,0,0.0,2,1.0,0,0.0,0,0.0,0,0.0,0,0.0
金域医学官方微博,2,1,no_media,0,2,2023-02,0.0,1.0,0.0,0,0.0,1,1.0,0,0.0,0,0.0,0,0.0,0,0.0,0,0.0,0,0.0,0,0.0
金堂发布,2,1,no_media,0,2,2022-03,0.0,0.0,1.0,0,0.0,0,0.0,0,0.0,0,0.0,1,1.0,0,0.0,0,0.0,0,0.0,0,0.0
金家玉食,2,1,no_media,0,2,2023-02,0.0,0.0,1.0,0,0.0,0,0.0,0,0.0,0,0.0,1,1.0,0,0.0,0,0.0,0,0.0,0,0.0
金山传播,2,1,no_media,0,2,2020-04,0.0,0.0,1.0,0,0.0,0,0.0,0,0.0,0,0.0,1,1.0,0,0.0,0,0.0,0,0.0,0,0.0
金州检察,4,3,mainstream_only,3,4,2022-03,0.0,0.0,1.0,0,0.0,0,0.0,0,0.0,0,0.0,3,1.0,0,0.0,0,0.0,0,0.0,0,0.0
金斯瑞,3,2,no_media,0,3,2023-04,0.0,0.0,1.0,0,0.0,0,0.0,0,0.0,0,0.0,2,1.0,0,0.0,0,0.0,0,0.0,0,0.0
金昌发布,2,1,no_media,0,2,2023-02,0.0,0.0,1.0,0,0.0,0,0.0,0,0.0,0,0.0,1,1.0,0,0.0,0,0.0,0,0.0,0,0.0
金池荷涟涟,34,33,dual,36,31,2023-06,0.09090909090909091,0.09090909090909091,0.6666666666666666,2,0.06060606060606061,3,0.09090909090909091,0,0.0,2,0.06060606060606061,22,0.6666666666666666,2,0.06060606060606061,1,0.030303030303030304,1,0.030303030303030304,0,0.0
金温江,3,2,no_media,0,3,2023-02,0.0,0.0,1.0,0,0.0,0,0.0,0,0.0,0,0.0,2,1.0,0,0.0,0,0.0,0,0.0,0,0.0
金湖法院,5,4,no_media,0,5,2022-12,0.0,0.0,1.0,0,0.0,0,0.0,0,0.0,0,0.0,4,1.0,0,0.0,0,0.0,0,0.0,0,0.0
金湾发布,13,12,no_media,0,13,2023-02,0.0,0.0,1.0,0,0.0,0,0.0,0,0.0,0,0.0,12,1.0,0,0.0,0,0.0,0,0.0,0,0.0
金点子谭,2,1,no_media,2,2,2025-05,1.0,0.0,0.0,0,0.0,0,0.0,0,0.0,1,1.0,0,0.0,0,0.0,0,0.0,0,0.0,0,0.0
金牛座warairen,3,2,no_media,0,3,2023-02,0.0,0.0,1.0,0,0.0,0,0.0,0,0.0,0,0.0,2,1.0,0,0.0,0,0.0,0,0.0,0,0.0
金牛座的_兔子,2,1,no_media,0,2,2023-02,0.0,0.0,0.0,0,0.0,0,0.0,0,0.0,0,0.0,0,0.0,0,0.0,0,0.0,0,0.0,1,1.0
金牛法院,2,1,mainstream_only,5,2,2022-10,0.0,0.0,1.0,0,0.0,0,0.0,0,0.0,0,0.0,1,1.0,0,0.0,0,0.0,0,0.0,0,0.0
金翅大鹏哥哥,2,1,no_media,0,2,2023-02,0.0,0.0,1.0,0,0.0,0,0.0,0,0.0,0,0.0,1,1.0,0,0.0,0,0.0,0,0.0,0,0.0
金聊斋,4,3,no_media,0,4,2022-12,0.3333333333333333,0.3333333333333333,0.3333333333333333,0,0.0,1,0.3333333333333333,0,0.0,1,0.3333333333333333,1,0.3333333333333333,0,0.0,0,0.0,0,0.0,0,0.0
金蝴蝶探索者杨永兴,6,5,no_media,0,6,2022-03,0.0,0.0,1.0,0,0.0,0,0.0,0,0.0,0,0.0,5,1.0,0,0.0,0,0.0,0,0.0,0,0.0
鉴挞大师,2,1,no_media,0,2,2023-05,0.0,0.0,0.0,0,0.0,0,0.0,0,0.0,0,0.0,0,0.0,0,0.0,0,0.0,0,0.0,1,1.0
鋆言天下,3,2,no_media,0,3,2023-02,0.0,0.0,1.0,0,0.0,0,0.0,0,0.0,0,0.0,2,1.0,0,0.0,0,0.0,0,0.0,0,0.0
鑫淼鑫淼鑫淼鑫淼鑫淼鑫淼鑫淼鑫,3,2,no_media,0,3,2023-02,0.0,0.0,0.5,0,0.0,0,0.0,0,0.0,0,0.0,1,0.5,0,0.0,0,0.0,1,0.5,0,0.0
针不戳先森,3,2,wemedia_only,9,3,2023-03,0.5,0.5,0.0,0,0.0,1,0.5,0,0.0,0,0.0,0,0.0,0,0.0,1,0.5,0,0.0,0,0.0
针灸匠张宝旬,5,4,no_media,2,5,2023-02,0.0,0.0,1.0,0,0.0,0,0.0,0,0.0,0,0.0,4,1.0,0,0.0,0,0.0,0,0.0,0,0.0
针灸罗强,2,1,no_media,0,2,2023-02,0.0,0.0,1.0,0,0.0,0,0.0,0,0.0,0,0.0,1,1.0,0,0.0,0,0.0,0,0.0,0,0.0
钉子1666,3,2,no_media,120,2,2023-06,0.5,0.5,0.0,0,0.0,1,0.5,0,0.0,1,0.5,0,0.0,0,0.0,0,0.0,0,0.0,0,0.0
钊哥科普,3,2,no_media,0,3,2023-02,0.5,0.5,0.0,0,0.0,1,0.5,0,0.0,1,0.5,0,0.0,0,0.0,0,0.0,0,0.0,0,0.0
钛媒体APP,4,3,no_media,0,4,2022-12,0.0,0.0,1.0,0,0.0,0,0.0,0,0.0,0,0.0,3,1.0,0,0.0,0,0.0,0,0.0,0,0.0
钟文泽,2,1,no_media,0,2,2023-08,0.0,0.0,1.0,0,0.0,0,0.0,0,0.0,0,0.0,1,1.0,0,0.0,0,0.0,0,0.0,0,0.0
钟灵儿yu,3,2,no_media,0,3,2024-03,0.0,0.0,0.5,0,0.0,0,0.0,0,0.0,0,0.0,1,0.5,1,0.5,0,0.0,0,0.0,0,0.0
钢七连的高老七,3,2,no_media,1,3,2022-03,0.0,0.0,0.5,0,0.0,0,0.0,0,0.0,0,0.0,1,0.5,0,0.0,0,0.0,1,0.5,0,0.0
钢的王十二,3,2,no_media,0,3,2023-05,0.0,0.0,0.5,0,0.0,0,0.0,0,0.0,0,0.0,1,0.5,1,0.5,0,0.0,0,0.0,0,0.0
钮祜禄_蕾,4,3,mainstream_only,6,4,2023-03,0.0,0.0,0.3333333333333333,0,0.0,0,0.0,0,0.0,0,0.0,1,0.3333333333333333,1,0.3333333333333333,0,0.0,1,0.3333333333333333,0,0.0
钮钴禄那拉蓉儿,2,1,no_media,0,2,2023-07,0.0,0.0,1.0,0,0.0,0,0.0,0,0.0,0,0.0,1,1.0,0,0.0,0,0.0,0,0.0,0,0.0
钱局长本人,4,3,mainstream_only,2,4,2022-10,0.3333333333333333,0.3333333333333333,0.3333333333333333,0,0.0,1,0.3333333333333333,0,0.0,1,0.3333333333333333,1,0.3333333333333333,0,0.0,0,0.0,0,0.0,0,0.0
钱昭部医师,2,1,no_media,0,2,2023-12,0.0,0.0,1.0,0,0.0,0,0.0,0,0.0,0,0.0,1,1.0,0,0.0,0,0.0,0,0.0,0,0.0
钱江晚报,9,8,no_media,0,3,2020-03,0.0,0.0,1.0,0,0.0,0,0.0,0,0.0,0,0.0,8,1.0,0,0.0,0,0.0,0,0.0,0,0.0
钱江晚报地产,2,1,no_media,0,2,2023-10,0.0,0.0,1.0,0,0.0,0,0.0,0,0.0,0,0.0,1,1.0,0,0.0,0,0.0,0,0.0,0,0.0
钱江视频,2,1,no_media,0,2,2023-02,0.0,0.0,1.0,0,0.0,0,0.0,0,0.0,0,0.0,1,1.0,0,0.0,0,0.0,0,0.0,0,0.0
钱理德,2,1,wemedia_only,3,2,2023-08,0.0,1.0,0.0,0,0.0,1,1.0,0,0.0,0,0.0,0,0.0,0,0.0,0,0.0,0,0.0,0,0.0
钱辉_医学美容,2,1,no_media,0,2,2022-03,0.0,0.0,1.0,0,0.0,0,0.0,0,0.0,0,0.0,1,1.0,0,0.0,0,0.0,0,0.0,0,0.0
钱钱钱钱钱多多多多多Q,2,1,no_media,0,2,2023-03,1.0,0.0,0.0,0,0.0,0,0.0,0,0.0,0,0.0,0,0.0,0,0.0,1,1.0,0,0.0,0,0.0
铁皮黑鸟,2,1,no_media,0,2,2023-05,0.0,0.0,0.0,0,0.0,0,0.0,0,0.0,0,0.0,0,0.0,0,0.0,0,0.0,1,1.0,0,0.0
铁肩妙手djy000,2,1,no_media,0,2,2023-08,0.0,0.0,1.0,0,0.0,0,0.0,0,0.0,0,0.0,1,1.0,0,0.0,0,0.0,0,0.0,0,0.0
铁骥视频,3,2,no_media,0,3,2023-02,0.0,0.0,1.0,0,0.0,0,0.0,0,0.0,0,0.0,2,1.0,0,0.0,0,0.0,0,0.0,0,0.0
铅医蔷薇,7,6,wemedia_only,1,7,2025-03,0.0,0.0,0.5,0,0.0,0,0.0,0,0.0,0,0.0,3,0.5,1,0.16666666666666666,0,0.0,2,0.3333333333333333,0,0.0
铅山发布,2,1,no_media,0,2,2023-07,0.0,0.0,1.0,0,0.0,0,0.0,0,0.0,0,0.0,1,1.0,0,0.0,0,0.0,0,0.0,0,0.0
铜川发布,4,3,no_media,0,3,2021-01,0.0,0.0,1.0,0,0.0,0,0.0,0,0.0,0,0.0,3,1.0,0,0.0,0,0.0,0,0.0,0,0.0
铜钱元宝小人退散,5,4,no_media,1,5,2023-10,0.25,0.25,0.25,0,0.0,0,0.0,1,0.25,1,0.25,1,0.25,0,0.0,0,0.0,0,0.0,1,0.25
铜陵发布,3,2,mainstream_only,2,3,2020-03,0.0,0.0,1.0,0,0.0,0,0.0,0,0.0,0,0.0,2,1.0,0,0.0,0,0.0,0,0.0,0,0.0
银卓金融YZ银卓法律,27,26,no_media,29,14,2022-12,0.0,0.0,1.0,0,0.0,0,0.0,0,0.0,0,0.0,26,1.0,0,0.0,0,0.0,0,0.0,0,0.0
银子堆成山,4,3,no_media,0,4,2023-03,0.0,0.0,1.0,0,0.0,0,0.0,0,0.0,0,0.0,3,1.0,0,0.0,0,0.0,0,0.0,0,0.0
银川发布,2,1,no_media,0,2,2023-04,0.0,0.0,1.0,0,0.0,0,0.0,0,0.0,0,0.0,1,1.0,0,0.0,0,0.0,0,0.0,0,0.0
银川新闻网,21,20,no_media,0,21,2020-03,0.0,0.0,1.0,0,0.0,0,0.0,0,0.0,0,0.0,20,1.0,0,0.0,0,0.0,0,0.0,0,0.0
银川疾控中心,3,2,no_media,0,3,2023-02,0.0,0.0,1.0,0,0.0,0,0.0,0,0.0,0,0.0,2,1.0,0,0.0,0,0.0,0,0.0,0,0.0
银座血液检查中心,2,1,no_media,0,2,2023-02,0.0,0.0,1.0,0,0.0,0,0.0,0,0.0,0,0.0,1,1.0,0,0.0,0,0.0,0,0.0,0,0.0
银河美少女战士哈瓦,3,2,no_media,0,3,2023-02,0.0,0.0,1.0,0,0.0,0,0.0,0,0.0,0,0.0,2,1.0,0,0.0,0,0.0,0,0.0,0,0.0
银炸,2,1,mainstream_only,2,2,2024-02,0.0,0.0,0.0,1,1.0,0,0.0,0,0.0,0,0.0,0,0.0,0,0.0,0,0.0,0,0.0,0,0.0
锋回路转369,4,3,no_media,0,4,2024-02,0.6666666666666666,0.3333333333333333,0.0,0,0.0,0,0.0,1,0.3333333333333333,1,0.3333333333333333,0,0.0,0,0.0,1,0.3333333333333333,0,0.0,0,0.0
锋潮科技,2,1,no_media,1,2,2022-03,0.0,0.0,1.0,0,0.0,0,0.0,0,0.0,0,0.0,1,1.0,0,0.0,0,0.0,0,0.0,0,0.0
锋线视频,8,7,no_media,0,7,2023-02,0.0,0.0,1.0,0,0.0,0,0.0,0,0.0,0,0.0,7,1.0,0,0.0,0,0.0,0,0.0,0,0.0
锡望精彩,3,2,no_media,0,2,2022-03,0.0,0.0,1.0,0,0.0,0,0.0,0,0.0,0,0.0,2,1.0,0,0.0,0,0.0,0,0.0,0,0.0
锡盟融媒,2,1,no_media,0,2,2023-02,0.0,0.0,1.0,0,0.0,0,0.0,0,0.0,0,0.0,1,1.0,0,0.0,0,0.0,0,0.0,0,0.0
锦年鎏苏,5,4,no_media,0,5,2023-09,0.0,0.0,0.0,0,0.0,0,0.0,0,0.0,0,0.0,0,0.0,2,0.5,0,0.0,2,0.5,0,0.0
锦瑟_Hygeia,2,1,no_media,0,2,2023-02,0.0,0.0,0.0,0,0.0,0,0.0,0,0.0,0,0.0,0,0.0,0,0.0,0,0.0,1,1.0,0,0.0
锦艺·忆灵练琴了吗,4,3,no_media,1,4,2023-09,0.3333333333333333,0.3333333333333333,0.0,1,0.3333333333333333,0,0.0,1,0.3333333333333333,0,0.0,0,0.0,0,0.0,1,0.3333333333333333,0,0.0,0,0.0
锦衣卫在线冲浪,2,1,no_media,0,2,2023-03,0.0,1.0,0.0,0,0.0,0,0.0,1,1.0,0,0.0,0,0.0,0,0.0,0,0.0,0,0.0,0,0.0
锦观新闻,9,8,no_media,0,6,2023-02,0.125,0.125,0.75,0,0.0,1,0.125,0,0.0,1,0.125,6,0.75,0,0.0,0,0.0,0,0.0,0,0.0
锦锦锦沐沐,2,1,no_media,0,2,2023-02,0.0,1.0,0.0,0,0.0,0,0.0,1,1.0,0,0.0,0,0.0,0,0.0,0,0.0,0,0.0,0,0.0
锦鲤一杯微糖去冰,3,2,no_media,3,1,2023-08,0.0,0.0,0.0,0,0.0,0,0.0,0,0.0,0,0.0,0,0.0,1,0.5,0,0.0,1,0.5,0,0.0
锦鲤正能量,2,1,no_media,0,2,2024-01,0.0,0.0,1.0,0,0.0,0,0.0,0,0.0,0,0.0,1,1.0,0,0.0,0,0.0,0,0.0,0,0.0
锦鲤附体嘻嘻18,3,2,no_media,0,3,2023-03,0.0,0.0,1.0,0,0.0,0,0.0,0,0.0,0,0.0,2,1.0,0,0.0,0,0.0,0,0.0,0,0.0
镇原融媒,4,3,no_media,0,4,2023-02,0.0,0.0,1.0,0,0.0,0,0.0,0,0.0,0,0.0,3,1.0,0,0.0,0,0.0,0,0.0,0,0.0
镇疫,4,3,no_media,0,4,2023-02,0.0,0.0,1.0,0,0.0,0,0.0,0,0.0,0,0.0,3,1.0,0,0.0,0,0.0,0,0.0,0,0.0
镜子裂缝,2,1,no_media,0,2,2023-05,0.0,0.0,0.0,0,0.0,0,0.0,0,0.0,0,0.0,0,0.0,0,0.0,0,0.0,1,1.0,0,0.0
镜子里的财经,3,2,no_media,0,3,2024-11,0.0,0.5,0.5,0,0.0,1,0.5,0,0.0,0,0.0,1,0.5,0,0.0,0,0.0,0,0.0,0,0.0
長春夜風,2,1,no_media,1,2,2024-01,0.0,0.0,0.0,0,0.0,0,0.0,0,0.0,0,0.0,0,0.0,0,0.0,0,0.0,1,1.0,0,0.0
长三角之声,2,1,no_media,0,2,2023-06,0.0,0.0,1.0,0,0.0,0,0.0,0,0.0,0,0.0,1,1.0,0,0.0,0,0.0,0,0.0,0,0.0
长不大的同学,3,2,no_media,0,3,2023-11,0.5,0.5,0.0,0,0.0,0,0.0,1,0.5,0,0.0,0,0.0,0,0.0,1,0.5,0,0.0,0,0.0
长夜漫漫揉碎了写诗,2,1,no_media,0,2,2023-07,0.0,0.0,0.0,0,0.0,0,0.0,0,0.0,0,0.0,0,0.0,0,0.0,0,0.0,0,0.0,1,1.0
长宁发布,4,3,no_media,0,4,2023-02,0.0,0.0,0.3333333333333333,0,0.0,0,0.0,0,0.0,0,0.0,1,0.3333333333333333,1,0.3333333333333333,0,0.0,1,0.3333333333333333,0,0.0
长安万里行,2,1,no_media,0,2,2023-02,0.0,0.0,0.0,0,0.0,0,0.0,0,0.0,0,0.0,0,0.0,1,1.0,0,0.0,0,0.0,0,0.0
长安卧龙V,2,1,wemedia_only,2,2,2022-12,0.0,0.0,1.0,0,0.0,0,0.0,0,0.0,0,0.0,1,1.0,0,0.0,0,0.0,0,0.0,0,0.0
长安号官微,6,5,no_media,0,5,2020-03,0.0,0.0,1.0,0,0.0,0,0.0,0,0.0,0,0.0,5,1.0,0,0.0,0,0.0,0,0.0,0,0.0
长安街知事,14,13,no_media,0,13,2022-04,0.0,0.0,1.0,0,0.0,0,0.0,0,0.0,0,0.0,13,1.0,0,0.0,0,0.0,0,0.0,0,0.0
长春发布,2,1,no_media,0,2,2023-02,0.0,0.0,1.0,0,0.0,0,0.0,0,0.0,0,0.0,1,1.0,0,0.0,0,0.0,0,0.0,0,0.0
长春城市生活,4,3,no_media,0,4,2023-02,0.0,0.0,1.0,0,0.0,0,0.0,0,0.0,0,0.0,3,1.0,0,0.0,0,0.0,0,0.0,0,0.0
长春晚报,4,3,no_media,0,4,2022-12,0.0,0.0,1.0,0,0.0,0,0.0,0,0.0,0,0.0,3,1.0,0,0.0,0,0.0,0,0.0,0,0.0
长春点哥,5,4,no_media,0,5,2023-02,0.0,0.0,1.0,0,0.0,0,0.0,0,0.0,0,0.0,4,1.0,0,0.0,0,0.0,0,0.0,0,0.0
长水校尉渣渣樊,3,2,no_media,0,3,2022-12,0.0,0.0,1.0,0,0.0,0,0.0,0,0.0,0,0.0,2,1.0,0,0.0,0,0.0,0,0.0,0,0.0
长江云官方微博,14,13,no_media,0,14,2020-03,0.0,0.0,1.0,0,0.0,0,0.0,0,0.0,0,0.0,13,1.0,0,0.0,0,0.0,0,0.0,0,0.0
长江云新闻,24,23,no_media,0,17,2020-03,0.0,0.0,1.0,0,0.0,0,0.0,0,0.0,0,0.0,23,1.0,0,0.0,0,0.0,0,0.0,0,0.0
长江日报,2,1,no_media,0,2,2020-07,0.0,0.0,1.0,0,0.0,0,0.0,0,0.0,0,0.0,1,1.0,0,0.0,0,0.0,0,0.0,0,0.0
长江网_留言板,10,9,no_media,0,10,2020-03,0.0,0.0,1.0,0,0.0,0,0.0,0,0.0,0,0.0,9,1.0,0,0.0,0,0.0,0,0.0,0,0.0
长沙市疾控中心,8,7,no_media,0,8,2023-05,0.0,0.0,1.0,0,0.0,0,0.0,0,0.0,0,0.0,7,1.0,0,0.0,0,0.0,0,0.0,0,0.0
长沙晚报,21,20,no_media,0,21,2021-08,0.0,0.0,1.0,0,0.0,0,0.0,0,0.0,0,0.0,20,1.0,0,0.0,0,0.0,0,0.0,0,0.0
长沙馍,2,1,no_media,0,2,2024-06,1.0,0.0,0.0,0,0.0,0,0.0,0,0.0,0,0.0,0,0.0,0,0.0,1,1.0,0,0.0,0,0.0
长治政法,10,9,no_media,0,9,2021-08,0.0,0.0,1.0,0,0.0,0,0.0,0,0.0,0,0.0,9,1.0,0,0.0,0,0.0,0,0.0,0,0.0
长生树南田屈yisheng,7,6,no_media,0,6,2024-03,0.0,0.0,0.5,0,0.0,0,0.0,0,0.0,0,0.0,3,0.5,1,0.16666666666666666,0,0.0,1,0.16666666666666666,1,0.16666666666666666
长生自习室,2,1,no_media,0,2,2023-04,0.0,0.0,1.0,0,0.0,0,0.0,0,0.0,0,0.0,1,1.0,0,0.0,0,0.0,0,0.0,0,0.0
长空看本质-众生好妒见不得第一,12,11,no_media,1,11,2023-02,0.18181818181818182,0.18181818181818182,0.6363636363636364,0,0.0,2,0.18181818181818182,0,0.0,2,0.18181818181818182,7,0.6363636363636364,0,0.0,0,0.0,0,0.0,0,0.0
长途奔袭制造点球,3,2,no_media,1,3,2022-12,0.0,0.0,0.0,0,0.0,0,0.0,0,0.0,0,0.0,0,0.0,1,0.5,0,0.0,1,0.5,0,0.0
长风皓月1020,3,2,no_media,0,3,2023-03,0.0,0.0,0.0,0,0.0,0,0.0,0,0.0,0,0.0,0,0.0,0,0.0,0,0.0,1,0.5,1,0.5
闪亮的紫红色,3,2,wemedia_only,5,3,2023-02,0.5,0.5,0.0,0,0.0,1,0.5,0,0.0,1,0.5,0,0.0,0,0.0,0,0.0,0,0.0,0,0.0
闪电与麦大叔,2,1,no_media,0,1,2025-06,0.0,0.0,1.0,0,0.0,0,0.0,0,0.0,0,0.0,1,1.0,0,0.0,0,0.0,0,0.0,0,0.0
闪电新闻,15,14,no_media,0,15,2020-03,0.0,0.0,1.0,0,0.0,0,0.0,0,0.0,0,0.0,14,1.0,0,0.0,0,0.0,0,0.0,0,0.0
闪直播,2,1,no_media,0,2,2023-04,0.0,0.0,1.0,0,0.0,0,0.0,0,0.0,0,0.0,1,1.0,0,0.0,0,0.0,0,0.0,0,0.0
闪闪发光贾小姐,3,2,no_media,0,2,2023-02,0.0,0.5,0.0,1,0.5,1,0.5,0,0.0,0,0.0,0,0.0,0,0.0,0,0.0,0,0.0,0,0.0
闫大夫聊肝病,4,3,no_media,1,4,2023-02,0.0,0.0,1.0,0,0.0,0,0.0,0,0.0,0,0.0,3,1.0,0,0.0,0,0.0,0,0.0,0,0.0
闫跃龙,2,1,no_media,0,2,2025-02,0.0,0.0,1.0,0,0.0,0,0.0,0,0.0,0,0.0,1,1.0,0,0.0,0,0.0,0,0.0,0,0.0
闲-小柒,2,1,no_media,0,2,2023-01,0.0,0.0,0.0,0,0.0,0,0.0,0,0.0,0,0.0,0,0.0,0,0.0,0,0.0,0,0.0,1,1.0
闲云战鹤,3,2,mainstream_only,3,3,2024-01,0.0,0.0,0.5,0,0.0,0,0.0,0,0.0,0,0.0,1,0.5,0,0.0,0,0.0,1,0.5,0,0.0
闲人二师兄,4,3,no_media,3,4,2023-08,0.0,0.0,0.0,3,1.0,0,0.0,0,0.0,0,0.0,0,0.0,0,0.0,0,0.0,0,0.0,0,0.0
闲闲e色,7,6,no_media,7,7,2023-03,0.16666666666666666,0.16666666666666666,0.6666666666666666,0,0.0,1,0.16666666666666666,0,0.0,1,0.16666666666666666,4,0.6666666666666666,0,0.0,0,0.0,0,0.0,0,0.0
闵行梅陇镇,7,6,no_media,0,6,2023-02,0.0,0.16666666666666666,0.16666666666666666,0,0.0,1,0.16666666666666666,0,0.0,0,0.0,1,0.16666666666666666,2,0.3333333333333333,0,0.0,2,0.3333333333333333,0,0.0
闹家维尼,2,1,no_media,0,2,2023-05,0.0,0.0,0.0,0,0.0,0,0.0,0,0.0,0,0.0,0,0.0,0,0.0,0,0.0,0,0.0,1,1.0
闹腾杂文,2,1,no_media,0,2,2022-12,0.0,0.0,0.0,1,1.0,0,0.0,0,0.0,0,0.0,0,0.0,0,0.0,0,0.0,0,0.0,0,0.0
阁楼上的安妮,2,1,no_media,0,2,2023-02,0.0,0.0,1.0,0,0.0,0,0.0,0,0.0,0,0.0,1,1.0,0,0.0,0,0.0,0,0.0,0,0.0
阆中公安,3,2,mainstream_only,2,2,2022-12,0.0,0.0,1.0,0,0.0,0,0.0,0,0.0,0,0.0,2,1.0,0,0.0,0,0.0,0,0.0,0,0.0
阜阳广告,6,5,no_media,0,6,2023-04,0.0,0.0,1.0,0,0.0,0,0.0,0,0.0,0,0.0,5,1.0,0,0.0,0,0.0,0,0.0,0,0.0
阜阳新闻综合频道,17,16,no_media,0,16,2021-12,0.0,0.0,1.0,0,0.0,0,0.0,0,0.0,0,0.0,16,1.0,0,0.0,0,0.0,0,0.0,0,0.0
防务的避风港,3,2,no_media,0,3,2023-04,0.5,0.0,0.0,0,0.0,0,0.0,0,0.0,1,0.5,0,0.0,0,0.0,0,0.0,1,0.5,0,0.0
防疫拉满的厂长,17,16,no_media,15,17,2023-07,0.1875,0.1875,0.0,1,0.0625,0,0.0,3,0.1875,2,0.125,0,0.0,2,0.125,1,0.0625,4,0.25,3,0.1875
防脱发小助手,2,1,no_media,0,2,2020-11,0.0,0.0,1.0,0,0.0,0,0.0,0,0.0,0,0.0,1,1.0,0,0.0,0,0.0,0,0.0,0,0.0
防臭地漏老尹,2,1,no_media,0,2,2022-03,0.0,1.0,0.0,0,0.0,1,1.0,0,0.0,0,0.0,0,0.0,0,0.0,0,0.0,0,0.0,0,0.0
阳光下的星星Glitter,2,1,no_media,0,2,2024-01,1.0,0.0,0.0,0,0.0,0,0.0,0,0.0,0,0.0,0,0.0,0,0.0,1,1.0,0,0.0,0,0.0
阳光不在吃饭,2,1,no_media,1,2,2023-04,0.0,0.0,1.0,0,0.0,0,0.0,0,0.0,0,0.0,1,1.0,0,0.0,0,0.0,0,0.0,0,0.0
阳光新视界集团,3,2,no_media,0,3,2023-03,0.0,0.0,1.0,0,0.0,0,0.0,0,0.0,0,0.0,2,1.0,0,0.0,0,0.0,0,0.0,0,0.0
阳光枫叶V5,2,1,no_media,4,2,2023-05,0.0,0.0,1.0,0,0.0,0,0.0,0,0.0,0,0.0,1,1.0,0,0.0,0,0.0,0,0.0,0,0.0
阳光蝶依,2,1,wemedia_only,2,1,2020-03,0.0,0.0,1.0,0,0.0,0,0.0,0,0.0,0,0.0,1,1.0,0,0.0,0,0.0,0,0.0,0,0.0
阳和平说事儿,2,1,no_media,0,2,2023-10,0.0,0.0,1.0,0,0.0,0,0.0,0,0.0,0,0.0,1,1.0,0,0.0,0,0.0,0,0.0,0,0.0
阳春在线,6,5,no_media,0,6,2023-02,0.0,0.0,1.0,0,0.0,0,0.0,0,0.0,0,0.0,5,1.0,0,0.0,0,0.0,0,0.0,0,0.0
阳泉日报--阳泉新闻网,24,23,no_media,0,22,2020-03,0.0,0.0,1.0,0,0.0,0,0.0,0,0.0,0,0.0,23,1.0,0,0.0,0,0.0,0,0.0,0,0.0
阿专有点酷,3,2,no_media,0,3,2023-06,0.0,0.0,0.0,0,0.0,0,0.0,0,0.0,0,0.0,0,0.0,0,0.0,0,0.0,1,0.5,1,0.5
阿丽塔-,2,1,no_media,0,2,2023-02,0.0,0.0,0.0,0,0.0,0,0.0,0,0.0,0,0.0,0,0.0,0,0.0,0,0.0,1,1.0,0,0.0
阿克蒙噜,2,1,no_media,0,2,2023-02,0.0,0.0,0.0,1,1.0,0,0.0,0,0.0,0,0.0,0,0.0,0,0.0,0,0.0,0,0.0,0,0.0
阿凡达潘,3,2,no_media,0,3,2023-02,0.0,0.0,1.0,0,0.0,0,0.0,0,0.0,0,0.0,2,1.0,0,0.0,0,0.0,0,0.0,0,0.0
阿包peggy嘉,2,1,mainstream_only,2,2,2023-06,0.0,0.0,0.0,0,0.0,0,0.0,0,0.0,0,0.0,0,0.0,0,0.0,0,0.0,1,1.0,0,0.0
阿叶爱码代码,2,1,no_media,5,2,2024-09,0.0,0.0,1.0,0,0.0,0,0.0,0,0.0,0,0.0,1,1.0,0,0.0,0,0.0,0,0.0,0,0.0
阿司匹林42195米,22,21,no_media,33,22,2021-03,0.09523809523809523,0.09523809523809523,0.8095238095238095,0,0.0,2,0.09523809523809523,0,0.0,2,0.09523809523809523,17,0.8095238095238095,0,0.0,0,0.0,0,0.0,0,0.0
阿君给爹攒退休钱,4,3,wemedia_only,2,4,2023-05,0.6666666666666666,0.3333333333333333,0.0,0,0.0,1,0.3333333333333333,0,0.0,2,0.6666666666666666,0,0.0,0,0.0,0,0.0,0,0.0,0,0.0
阿囡爷叔,2,1,no_media,4,2,2023-11,0.0,0.0,0.0,0,0.0,0,0.0,0,0.0,0,0.0,0,0.0,0,0.0,0,0.0,1,1.0,0,0.0
阿图-,2,1,no_media,0,2,2023-02,0.0,0.0,1.0,0,0.0,0,0.0,0,0.0,0,0.0,1,1.0,0,0.0,0,0.0,0,0.0,0,0.0
阿奴日记,2,1,no_media,0,2,2023-02,0.0,0.0,0.0,0,0.0,0,0.0,0,0.0,0,0.0,0,0.0,0,0.0,0,0.0,1,1.0,0,0.0
阿妹壮士,4,3,no_media,0,4,2023-02,0.3333333333333333,0.3333333333333333,0.0,0,0.0,0,0.0,1,0.3333333333333333,1,0.3333333333333333,0,0.0,0,0.0,0,0.0,0,0.0,1,0.3333333333333333
阿宁很优秀_,4,3,no_media,0,4,2022-12,0.0,0.0,0.6666666666666666,0,0.0,0,0.0,0,0.0,0,0.0,2,0.6666666666666666,1,0.3333333333333333,0,0.0,0,0.0,0,0.0
阿岚不是阿懒,2,1,no_media,0,2,2023-06,0.0,0.0,0.0,0,0.0,0,0.0,0,0.0,0,0.0,0,0.0,0,0.0,0,0.0,1,1.0,0,0.0
阿希一败涂地,2,1,no_media,0,2,2023-04,0.0,0.0,0.0,0,0.0,0,0.0,0,0.0,0,0.0,0,0.0,0,0.0,0,0.0,1,1.0,0,0.0
阿张你别跑啊药物临床试验招募,4,3,no_media,0,4,2023-08,0.0,0.0,1.0,0,0.0,0,0.0,0,0.0,0,0.0,3,1.0,0,0.0,0,0.0,0,0.0,0,0.0
阿拉华Halona,2,1,no_media,1,2,2023-04,0.0,0.0,0.0,1,1.0,0,0.0,0,0.0,0,0.0,0,0.0,0,0.0,0,0.0,0,0.0,0,0.0
阿拉神灯漫游,2,1,no_media,0,2,2023-10,0.0,0.0,0.0,0,0.0,0,0.0,0,0.0,0,0.0,0,0.0,0,0.0,0,0.0,0,0.0,1,1.0
阿普游记,2,1,wemedia_only,1,1,2022-12,1.0,0.0,0.0,0,0.0,0,0.0,0,0.0,1,1.0,0,0.0,0,0.0,0,0.0,0,0.0,0,0.0
阿杰橹,2,1,no_media,0,2,2023-11,0.0,0.0,0.0,0,0.0,0,0.0,0,0.0,0,0.0,0,0.0,0,0.0,0,0.0,1,1.0,0,0.0
阿正悟道,3,2,no_media,6,3,2022-10,0.0,0.0,1.0,0,0.0,0,0.0,0,0.0,0,0.0,2,1.0,0,0.0,0,0.0,0,0.0,0,0.0
阿正时光,2,1,dual,3,2,2022-04,0.0,0.0,1.0,0,0.0,0,0.0,0,0.0,0,0.0,1,1.0,0,0.0,0,0.0,0,0.0,0,0.0
阿段drch,2,1,no_media,0,2,2023-02,0.0,0.0,1.0,0,0.0,0,0.0,0,0.0,0,0.0,1,1.0,0,0.0,0,0.0,0,0.0,0,0.0
阿水的艾生活,3,2,no_media,0,3,2023-02,0.0,0.0,0.0,0,0.0,0,0.0,0,0.0,0,0.0,0,0.0,1,0.5,0,0.0,1,0.5,0,0.0
阿狸阿狸2023,5,4,no_media,4,5,2023-03,0.25,0.25,0.25,0,0.0,0,0.0,1,0.25,1,0.25,1,0.25,0,0.0,0,0.0,1,0.25,0,0.0
阿珍珍珍要早睡早起Y,2,1,no_media,0,2,2023-02,0.0,0.0,0.0,0,0.0,0,0.0,0,0.0,0,0.0,0,0.0,0,0.0,0,0.0,0,0.0,1,1.0
阿瓦达索命Next,3,2,no_media,0,3,2024-01,0.5,0.5,0.0,0,0.0,0,0.0,1,0.5,1,0.5,0,0.0,0,0.0,0,0.0,0,0.0,0,0.0
阿白的皛宇宙,2,1,no_media,0,2,2023-02,1.0,0.0,0.0,0,0.0,0,0.0,0,0.0,0,0.0,0,0.0,0,0.0,1,1.0,0,0.0,0,0.0
阿盏布知道,2,1,wemedia_only,1,2,2023-02,1.0,0.0,0.0,0,0.0,0,0.0,0,0.0,1,1.0,0,0.0,0,0.0,0,0.0,0,0.0,0,0.0
阿盟卫生健康委微博,3,2,no_media,0,3,2023-11,0.0,0.0,1.0,0,0.0,0,0.0,0,0.0,0,0.0,2,1.0,0,0.0,0,0.0,0,0.0,0,0.0
阿福保持围笑,2,1,no_media,3,2,2023-05,0.0,0.0,0.0,0,0.0,0,0.0,0,0.0,0,0.0,0,0.0,0,0.0,0,0.0,0,0.0,1,1.0
阿竹嚯焦糖可可,2,1,no_media,0,2,2023-08,0.0,0.0,0.0,1,1.0,0,0.0,0,0.0,0,0.0,0,0.0,0,0.0,0,0.0,0,0.0,0,0.0
阿莲宝贝儿,2,1,no_media,0,2,2023-02,0.0,0.0,1.0,0,0.0,0,0.0,0,0.0,0,0.0,1,1.0,0,0.0,0,0.0,0,0.0,0,0.0
阿莲瑞也,2,1,wemedia_only,14,2,2023-08,0.0,0.0,1.0,0,0.0,0,0.0,0,0.0,0,0.0,1,1.0,0,0.0,0,0.0,0,0.0,0,0.0
阿萌8644,2,1,no_media,0,2,2023-02,0.0,0.0,1.0,0,0.0,0,0.0,0,0.0,0,0.0,1,1.0,0,0.0,0,0.0,0,0.0,0,0.0
阿贤upup,6,5,no_media,1,5,2024-05,0.0,0.0,1.0,0,0.0,0,0.0,0,0.0,0,0.0,5,1.0,0,0.0,0,0.0,0,0.0,0,0.0
阿超_港媒视点,14,13,mainstream_only,6,13,2021-03,0.0,0.07692307692307693,0.9230769230769231,0,0.0,1,0.07692307692307693,0,0.0,0,0.0,12,0.9230769230769231,0,0.0,0,0.0,0,0.0,0,0.0
阿龙哥BLOG,7,6,wemedia_only,6,7,2020-11,0.16666666666666666,0.16666666666666666,0.6666666666666666,0,0.0,1,0.16666666666666666,0,0.0,1,0.16666666666666666,4,0.6666666666666666,0,0.0,0,0.0,0,0.0,0,0.0
陀螺不自转,9,8,no_media,22,9,2023-05,0.25,0.25,0.125,0,0.0,2,0.25,0,0.0,2,0.25,1,0.125,1,0.125,0,0.0,1,0.125,1,0.125
陆丰发布,2,1,no_media,0,2,2023-02,0.0,0.0,1.0,0,0.0,0,0.0,0,0.0,0,0.0,1,1.0,0,0.0,0,0.0,0,0.0,0,0.0
陆冬芸,14,13,no_media,0,14,2023-02,0.07692307692307693,0.07692307692307693,0.23076923076923078,0,0.0,1,0.07692307692307693,0,0.0,1,0.07692307692307693,3,0.23076923076923078,4,0.3076923076923077,0,0.0,3,0.23076923076923078,1,0.07692307692307693
陆北客闲,2,1,no_media,0,2,2023-05,0.0,0.0,0.0,0,0.0,0,0.0,0,0.0,0,0.0,0,0.0,0,0.0,0,0.0,0,0.0,1,1.0
陆梦羽-小豆蔻健康科技,2,1,no_media,4,1,2022-03,0.0,0.0,1.0,0,0.0,0,0.0,0,0.0,0,0.0,1,1.0,0,0.0,0,0.0,0,0.0,0,0.0
陆江Maxime,2,1,wemedia_only,7,2,2023-06,0.0,0.0,0.0,0,0.0,0,0.0,0,0.0,0,0.0,0,0.0,0,0.0,0,0.0,1,1.0,0,0.0
陆锡鑫,10,9,no_media,0,9,2022-10,0.0,0.0,0.7777777777777778,0,0.0,0,0.0,0,0.0,0,0.0,7,0.7777777777777778,1,0.1111111111111111,0,0.0,1,0.1111111111111111,0,0.0
陇东报,7,6,no_media,0,7,2020-04,0.0,0.0,1.0,0,0.0,0,0.0,0,0.0,0,0.0,6,1.0,0,0.0,0,0.0,0,0.0,0,0.0
陇南发布,21,20,no_media,0,19,2020-03,0.0,0.0,1.0,0,0.0,0,0.0,0,0.0,0,0.0,20,1.0,0,0.0,0,0.0,0,0.0,0,0.0
陇南司法,2,1,no_media,0,2,2023-02,0.0,0.0,1.0,0,0.0,0,0.0,0,0.0,0,0.0,1,1.0,0,0.0,0,0.0,0,0.0,0,0.0
陇南康县发布,5,4,no_media,0,5,2020-04,0.0,0.0,1.0,0,0.0,0,0.0,0,0.0,0,0.0,4,1.0,0,0.0,0,0.0,0,0.0,0,0.0
陇南徽县信访,2,1,no_media,0,2,2023-01,0.0,0.0,1.0,0,0.0,0,0.0,0,0.0,0,0.0,1,1.0,0,0.0,0,0.0,0,0.0,0,0.0
陇南徽县发布,6,5,no_media,0,6,2021-10,0.0,0.0,1.0,0,0.0,0,0.0,0,0.0,0,0.0,5,1.0,0,0.0,0,0.0,0,0.0,0,0.0
陇南成县发布,11,10,no_media,0,8,2021-10,0.0,0.0,1.0,0,0.0,0,0.0,0,0.0,0,0.0,10,1.0,0,0.0,0,0.0,0,0.0,0,0.0
陇南文县发布,6,5,no_media,0,5,2022-04,0.0,0.0,1.0,0,0.0,0,0.0,0,0.0,0,0.0,5,1.0,0,0.0,0,0.0,0,0.0,0,0.0
陇南日报社,6,5,no_media,0,6,2020-03,0.0,0.0,1.0,0,0.0,0,0.0,0,0.0,0,0.0,5,1.0,0,0.0,0,0.0,0,0.0,0,0.0
陇南武都社保局,2,1,no_media,0,2,2021-11,0.0,0.0,1.0,0,0.0,0,0.0,0,0.0,0,0.0,1,1.0,0,0.0,0,0.0,0,0.0,0,0.0
陇南礼县发布,21,20,no_media,0,16,2020-03,0.0,0.0,1.0,0,0.0,0,0.0,0,0.0,0,0.0,20,1.0,0,0.0,0,0.0,0,0.0,0,0.0
陇南西和团委,7,6,no_media,0,5,2022-12,0.0,0.0,1.0,0,0.0,0,0.0,0,0.0,0,0.0,6,1.0,0,0.0,0,0.0,0,0.0,0,0.0
陈丙阳奇门国学,2,1,no_media,0,2,2023-02,0.0,0.0,1.0,0,0.0,0,0.0,0,0.0,0,0.0,1,1.0,0,0.0,0,0.0,0,0.0,0,0.0
陈云鹤道长,2,1,no_media,0,2,2024-05,0.0,0.0,1.0,0,0.0,0,0.0,0,0.0,0,0.0,1,1.0,0,0.0,0,0.0,0,0.0,0,0.0
陈厚霖中医,4,3,no_media,0,3,2023-06,0.0,0.0,1.0,0,0.0,0,0.0,0,0.0,0,0.0,3,1.0,0,0.0,0,0.0,0,0.0,0,0.0
陈如是说,2,1,no_media,3,2,2022-01,0.0,0.0,1.0,0,0.0,0,0.0,0,0.0,0,0.0,1,1.0,0,0.0,0,0.0,0,0.0,0,0.0
陈宇同学Nutrition,6,5,no_media,0,6,2024-04,0.0,0.0,1.0,0,0.0,0,0.0,0,0.0,0,0.0,5,1.0,0,0.0,0,0.0,0,0.0,0,0.0
陈家晓易,2,1,no_media,0,2,2023-06,0.0,0.0,0.0,0,0.0,0,0.0,0,0.0,0,0.0,0,0.0,0,0.0,0,0.0,0,0.0,1,1.0
陈小兜律师,3,2,no_media,0,3,2023-02,0.0,0.0,0.0,0,0.0,0,0.0,0,0.0,0,0.0,0,0.0,0,0.0,0,0.0,0,0.0,2,1.0
陈彩霞注册营养师,2,1,no_media,0,2,2023-06,0.0,0.0,0.0,0,0.0,0,0.0,0,0.0,0,0.0,0,0.0,1,1.0,0,0.0,0,0.0,0,0.0
陈思进,2,1,no_media,1,2,2023-02,1.0,0.0,0.0,0,0.0,0,0.0,0,0.0,1,1.0,0,0.0,0,0.0,0,0.0,0,0.0,0,0.0
陈总是搞事,17,16,mainstream_only,5,15,2022-12,0.25,0.25,0.375,0,0.0,4,0.25,0,0.0,4,0.25,6,0.375,1,0.0625,0,0.0,1,0.0625,0,0.0
陈折折,2,1,no_media,0,2,2023-07,0.0,0.0,1.0,0,0.0,0,0.0,0,0.0,0,0.0,1,1.0,0,0.0,0,0.0,0,0.0,0,0.0
陈文伍,3,2,no_media,0,3,2020-11,0.5,0.5,0.0,0,0.0,1,0.5,0,0.0,1,0.5,0,0.0,0,0.0,0,0.0,0,0.0,0,0.0
陈文直医生,19,18,no_media,0,19,2023-02,0.1111111111111111,0.1111111111111111,0.6111111111111112,0,0.0,2,0.1111111111111111,0,0.0,2,0.1111111111111111,11,0.6111111111111112,1,0.05555555555555555,0,0.0,1,0.05555555555555555,1,0.05555555555555555
陈晨脑科医生,2,1,no_media,0,2,2023-02,0.0,0.0,1.0,0,0.0,0,0.0,0,0.0,0,0.0,1,1.0,0,0.0,0,0.0,0,0.0,0,0.0
陈有点皮Pro,2,1,no_media,0,2,2024-01,0.0,1.0,0.0,0,0.0,1,1.0,0,0.0,0,0.0,0,0.0,0,0.0,0,0.0,0,0.0,0,0.0
陈根微博,2,1,no_media,0,2,2025-04,0.0,0.0,1.0,0,0.0,0,0.0,0,0.0,0,0.0,1,1.0,0,0.0,0,0.0,0,0.0,0,0.0
陈根谈科技,2,1,no_media,0,2,2025-05,0.0,0.0,1.0,0,0.0,0,0.0,0,0.0,0,0.0,1,1.0,0,0.0,0,0.0,0,0.0,0,0.0
陈渡西风小雪,3,2,no_media,0,3,2023-04,0.0,0.0,0.0,0,0.0,0,0.0,0,0.0,0,0.0,0,0.0,0,0.0,0,0.0,0,0.0,2,1.0
陈然注册营养师,6,5,no_media,0,6,2020-09,0.2,0.0,0.8,0,0.0,0,0.0,0,0.0,1,0.2,4,0.8,0,0.0,0,0.0,0,0.0,0,0.0
陈猿猿李狮狮,2,1,no_media,0,2,2024-11,0.0,0.0,1.0,0,0.0,0,0.0,0,0.0,0,0.0,1,1.0,0,0.0,0,0.0,0,0.0,0,0.0
陈白青-,2,1,no_media,2,2,2023-07,0.0,0.0,1.0,0,0.0,0,0.0,0,0.0,0,0.0,1,1.0,0,0.0,0,0.0,0,0.0,0,0.0
陈锦庄,4,3,no_media,0,4,2023-05,0.0,0.0,0.0,0,0.0,0,0.0,0,0.0,0,0.0,0,0.0,0,0.0,0,0.0,0,0.0,3,1.0
陈震-有困难找华振,2,1,no_media,0,2,2021-03,0.0,1.0,0.0,0,0.0,1,1.0,0,0.0,0,0.0,0,0.0,0,0.0,0,0.0,0,0.0,0,0.0
陈静瑜肺腑之言,3,2,no_media,0,3,2023-02,0.0,0.0,1.0,0,0.0,0,0.0,0,0.0,0,0.0,2,1.0,0,0.0,0,0.0,0,0.0,0,0.0
陋医精舍,4,3,no_media,0,4,2023-05,0.0,0.0,1.0,0,0.0,0,0.0,0,0.0,0,0.0,3,1.0,0,0.0,0,0.0,0,0.0,0,0.0
陌上清浅-,2,1,no_media,2,2,2023-02,0.0,0.0,0.0,0,0.0,0,0.0,0,0.0,0,0.0,0,0.0,1,1.0,0,0.0,0,0.0,0,0.0
陌上蝴蝶飞52,4,3,wemedia_only,3,3,2023-01,0.3333333333333333,0.3333333333333333,0.3333333333333333,0,0.0,1,0.3333333333333333,0,0.0,1,0.3333333333333333,1,0.3333333333333333,0,0.0,0,0.0,0,0.0,0,0.0
陌人陌言c,2,1,no_media,0,1,2023-02,0.0,0.0,1.0,0,0.0,0,0.0,0,0.0,0,0.0,1,1.0,0,0.0,0,0.0,0,0.0,0,0.0
陌小鹿lu,2,1,no_media,0,2,2023-02,1.0,0.0,0.0,0,0.0,0,0.0,0,0.0,0,0.0,0,0.0,0,0.0,1,1.0,0,0.0,0,0.0
陌默sky,2,1,no_media,0,2,2023-02,0.0,0.0,0.0,0,0.0,0,0.0,0,0.0,0,0.0,0,0.0,0,0.0,0,0.0,0,0.0,1,1.0
陕西健康,2,1,no_media,0,2,2023-02,0.0,0.0,1.0,0,0.0,0,0.0,0,0.0,0,0.0,1,1.0,0,0.0,0,0.0,0,0.0,0,0.0
陕西农村网,22,21,no_media,0,14,2021-03,0.0,0.0,1.0,0,0.0,0,0.0,0,0.0,0,0.0,21,1.0,0,0.0,0,0.0,0,0.0,0,0.0
陕西发布,37,36,no_media,0,33,2020-03,0.0,0.0,1.0,0,0.0,0,0.0,0,0.0,0,0.0,36,1.0,0,0.0,0,0.0,0,0.0,0,0.0
陕西德盛传媒,2,1,no_media,1,2,2023-12,0.0,0.0,1.0,0,0.0,0,0.0,0,0.0,0,0.0,1,1.0,0,0.0,0,0.0,0,0.0,0,0.0
陕西政协,6,5,mainstream_only,2,6,2022-08,0.0,0.0,1.0,0,0.0,0,0.0,0,0.0,0,0.0,5,1.0,0,0.0,0,0.0,0,0.0,0,0.0
陕西新闻广播,9,8,no_media,0,8,2023-02,0.0,0.0,1.0,0,0.0,0,0.0,0,0.0,0,0.0,8,1.0,0,0.0,0,0.0,0,0.0,0,0.0
陕西检察,10,9,mainstream_only,1,8,2020-03,0.0,0.0,1.0,0,0.0,0,0.0,0,0.0,0,0.0,9,1.0,0,0.0,0,0.0,0,0.0,0,0.0
陕西气象,5,4,no_media,0,4,2022-03,0.0,0.0,1.0,0,0.0,0,0.0,0,0.0,0,0.0,4,1.0,0,0.0,0,0.0,0,0.0,0,0.0
陕西汉书下酒,195,194,dual,57,155,2023-01,0.010309278350515464,0.010309278350515464,0.9278350515463918,0,0.0,2,0.010309278350515464,0,0.0,2,0.010309278350515464,180,0.9278350515463918,5,0.02577319587628866,0,0.0,5,0.02577319587628866,0,0.0
陕西消防,2,1,mainstream_only,8,2,2022-10,0.0,0.0,1.0,0,0.0,0,0.0,0,0.0,0,0.0,1,1.0,0,0.0,0,0.0,0,0.0,0,0.0
陕西省禁毒,2,1,no_media,0,2,2024-01,0.0,0.0,1.0,0,0.0,0,0.0,0,0.0,0,0.0,1,1.0,0,0.0,0,0.0,0,0.0,0,0.0
陕西网,11,10,no_media,0,10,2020-05,0.0,0.0,1.0,0,0.0,0,0.0,0,0.0,0,0.0,10,1.0,0,0.0,0,0.0,0,0.0,0,0.0
陕西网络广播电视台,5,4,no_media,0,5,2021-01,0.0,0.0,1.0,0,0.0,0,0.0,0,0.0,0,0.0,4,1.0,0,0.0,0,0.0,0,0.0,0,0.0
陕西虎牙,4,3,no_media,0,4,2022-01,0.0,0.0,1.0,0,0.0,0,0.0,0,0.0,0,0.0,3,1.0,0,0.0,0,0.0,0,0.0,0,0.0
陕西都市快报,16,15,no_media,0,16,2023-02,0.0,0.0,1.0,0,0.0,0,0.0,0,0.0,0,0.0,15,1.0,0,0.0,0,0.0,0,0.0,0,0.0
陕西都市热线,3,2,no_media,0,3,2023-02,0.0,0.0,1.0,0,0.0,0,0.0,0,0.0,0,0.0,2,1.0,0,0.0,0,0.0,0,0.0,0,0.0
陕西铁检,2,1,mainstream_only,3,2,2020-03,0.0,0.0,1.0,0,0.0,0,0.0,0,0.0,0,0.0,1,1.0,0,0.0,0,0.0,0,0.0,0,0.0
陕西阳光网,14,13,no_media,0,14,2020-03,0.0,0.0,1.0,0,0.0,0,0.0,0,0.0,0,0.0,13,1.0,0,0.0,0,0.0,0,0.0,0,0.0
陕西高院,2,1,mainstream_only,1,2,2023-02,0.0,0.0,1.0,0,0.0,0,0.0,0,0.0,0,0.0,1,1.0,0,0.0,0,0.0,0,0.0,0,0.0
陕视新闻,15,14,no_media,0,14,2020-03,0.0,0.0,1.0,0,0.0,0,0.0,0,0.0,0,0.0,14,1.0,0,0.0,0,0.0,0,0.0,0,0.0
陨石之谜123,7,6,no_media,5,6,2022-12,0.0,0.0,1.0,0,0.0,0,0.0,0,0.0,0,0.0,6,1.0,0,0.0,0,0.0,0,0.0,0,0.0
陪托马斯度过,2,1,no_media,0,2,2022-12,0.0,0.0,0.0,0,0.0,0,0.0,0,0.0,0,0.0,0,0.0,0,0.0,0,0.0,0,0.0,1,1.0
陪着你逆风飞扬,4,3,no_media,1,1,2023-06,0.0,0.0,0.6666666666666666,0,0.0,0,0.0,0,0.0,0,0.0,2,0.6666666666666666,1,0.3333333333333333,0,0.0,0,0.0,0,0.0
陪肖砚去烟巷,2,1,mainstream_only,1,2,2023-03,1.0,0.0,0.0,0,0.0,0,0.0,0,0.0,1,1.0,0,0.0,0,0.0,0,0.0,0,0.0,0,0.0
陳Chen-X,2,1,no_media,0,2,2023-03,0.0,0.0,0.0,1,1.0,0,0.0,0,0.0,0,0.0,0,0.0,0,0.0,0,0.0,0,0.0,0,0.0
陳炫達叔叔,12,11,mainstream_only,8,9,2023-02,0.18181818181818182,0.18181818181818182,0.36363636363636365,1,0.09090909090909091,1,0.09090909090909091,1,0.09090909090909091,1,0.09090909090909091,4,0.36363636363636365,1,0.09090909090909091,1,0.09090909090909091,1,0.09090909090909091,0,0.0
陶侃疫苗,12,11,wemedia_only,6,11,2023-02,0.09090909090909091,0.09090909090909091,0.8181818181818182,0,0.0,1,0.09090909090909091,0,0.0,1,0.09090909090909091,9,0.8181818181818182,0,0.0,0,0.0,0,0.0,0,0.0
陶唐中医TaotangTCM,4,3,no_media,1,4,2023-12,0.3333333333333333,0.3333333333333333,0.3333333333333333,0,0.0,1,0.3333333333333333,0,0.0,1,0.3333333333333333,1,0.3333333333333333,0,0.0,0,0.0,0,0.0,0,0.0
隋予扬猫猫女王茶茶_爱羊花版,2,1,no_media,0,2,2023-10,0.0,0.0,0.0,0,0.0,0,0.0,0,0.0,0,0.0,0,0.0,0,0.0,0,0.0,1,1.0,0,0.0
随州综合广播,2,1,no_media,0,2,2023-02,0.0,0.0,1.0,0,0.0,0,0.0,0,0.0,0,0.0,1,1.0,0,0.0,0,0.0,0,0.0,0,0.0
随心所欲的三蹦子,2,1,no_media,0,2,2024-02,1.0,0.0,0.0,0,0.0,0,0.0,0,0.0,0,0.0,0,0.0,0,0.0,1,1.0,0,0.0,0,0.0
随手保存SE,3,2,no_media,0,3,2023-02,0.5,0.5,0.0,0,0.0,0,0.0,1,0.5,0,0.0,0,0.0,0,0.0,1,0.5,0,0.0,0,0.0
随申Hi,2,1,no_media,0,2,2023-11,0.0,0.0,1.0,0,0.0,0,0.0,0,0.0,0,0.0,1,1.0,0,0.0,0,0.0,0,0.0,0,0.0
随缘度世林一生,24,23,no_media,12,21,2023-06,0.17391304347826086,0.13043478260869565,0.391304347826087,3,0.13043478260869565,3,0.13043478260869565,0,0.0,4,0.17391304347826086,9,0.391304347826087,2,0.08695652173913043,0,0.0,2,0.08695652173913043,0,0.0
隐士解惑,5,4,mainstream_only,4,5,2022-02,0.0,0.0,1.0,0,0.0,0,0.0,0,0.0,0,0.0,4,1.0,0,0.0,0,0.0,0,0.0,0,0.0
隐默_32238,9,8,no_media,6,6,2023-07,0.125,0.125,0.625,1,0.125,1,0.125,0,0.0,1,0.125,5,0.625,0,0.0,0,0.0,0,0.0,0,0.0
隔壁班的二哈哈,2,1,mainstream_only,2,2,2023-02,0.0,0.0,0.0,0,0.0,0,0.0,0,0.0,0,0.0,0,0.0,0,0.0,0,0.0,1,1.0,0,0.0
隱世畫家,3,2,no_media,0,2,2025-05,0.0,0.0,1.0,0,0.0,0,0.0,0,0.0,0,0.0,2,1.0,0,0.0,0,0.0,0,0.0,0,0.0
难舍深蓝,3,2,no_media,0,3,2025-05,0.0,0.5,0.5,0,0.0,1,0.5,0,0.0,0,0.0,1,0.5,0,0.0,0,0.0,0,0.0,0,0.0
难般聊聊,41,40,wemedia_only,57,23,2023-02,0.15,0.125,0.15,0,0.0,4,0.1,1,0.025,5,0.125,6,0.15,9,0.225,1,0.025,10,0.25,4,0.1
雁塔检察,4,3,no_media,0,3,2020-04,0.0,0.0,1.0,0,0.0,0,0.0,0,0.0,0,0.0,3,1.0,0,0.0,0,0.0,0,0.0,0,0.0
雁行千里-远红外线居家养生,3,2,no_media,0,3,2023-02,0.0,0.0,1.0,0,0.0,0,0.0,0,0.0,0,0.0,2,1.0,0,0.0,0,0.0,0,0.0,0,0.0
雁过薅毛,2,1,no_media,0,2,2022-03,0.0,1.0,0.0,0,0.0,1,1.0,0,0.0,0,0.0,0,0.0,0,0.0,0,0.0,0,0.0,0,0.0
雍州白菜菜,4,3,no_media,0,4,2023-03,0.0,0.0,0.3333333333333333,0,0.0,0,0.0,0,0.0,0,0.0,1,0.3333333333333333,1,0.3333333333333333,0,0.0,1,0.3333333333333333,0,0.0
雨shytz,5,4,no_media,0,5,2023-03,0.0,0.0,0.75,0,0.0,0,0.0,0,0.0,0,0.0,3,0.75,0,0.0,0,0.0,1,0.25,0,0.0
雨中曲漫话,3,2,no_media,0,2,2025-05,0.0,0.0,1.0,0,0.0,0,0.0,0,0.0,0,0.0,2,1.0,0,0.0,0,0.0,0,0.0,0,0.0
雨中漫步-天地人和,2,1,no_media,0,2,2022-12,0.0,0.0,1.0,0,0.0,0,0.0,0,0.0,0,0.0,1,1.0,0,0.0,0,0.0,0,0.0,0,0.0
雨后的彩虹MJM,2,1,no_media,0,2,2023-04,0.0,0.0,0.0,0,0.0,0,0.0,0,0.0,0,0.0,0,0.0,0,0.0,0,0.0,0,0.0,1,1.0
雨城A,6,5,dual,7,6,2022-10,0.2,0.2,0.0,3,0.6,1,0.2,0,0.0,1,0.2,0,0.0,0,0.0,0,0.0,0,0.0,0,0.0
雨打松枝之幸福,2,1,wemedia_only,1,2,2024-01,0.0,0.0,1.0,0,0.0,0,0.0,0,0.0,0,0.0,1,1.0,0,0.0,0,0.0,0,0.0,0,0.0
雨是爱笑的眼睛啊,2,1,no_media,0,2,2023-02,0.0,0.0,0.0,0,0.0,0,0.0,0,0.0,0,0.0,0,0.0,1,1.0,0,0.0,0,0.0,0,0.0
雨朦公子,3,2,no_media,1,3,2023-02,0.0,0.0,0.0,0,0.0,0,0.0,0,0.0,0,0.0,0,0.0,0,0.0,0,0.0,0,0.0,2,1.0
雨杨NANA,2,1,no_media,0,2,2023-04,0.0,0.0,0.0,0,0.0,0,0.0,0,0.0,0,0.0,0,0.0,0,0.0,0,0.0,0,0.0,1,1.0
雨桐-身心协同健康,2,1,no_media,0,2,2023-04,0.0,0.0,1.0,0,0.0,0,0.0,0,0.0,0,0.0,1,1.0,0,0.0,0,0.0,0,0.0,0,0.0
雨里的河445,2,1,no_media,0,2,2023-10,0.0,0.0,0.0,0,0.0,0,0.0,0,0.0,0,0.0,0,0.0,0,0.0,0,0.0,1,1.0,0,0.0
雨雪霏霏然,5,4,no_media,2,5,2023-04,0.0,0.25,0.75,0,0.0,1,0.25,0,0.0,0,0.0,3,0.75,0,0.0,0,0.0,0,0.0,0,0.0
雨雪霏霏然2,4,3,mainstream_only,3,3,2024-11,0.0,0.0,1.0,0,0.0,0,0.0,0,0.0,0,0.0,3,1.0,0,0.0,0,0.0,0,0.0,0,0.0
雪儿妹妮_1906,2,1,no_media,1,2,2024-08,0.0,0.0,0.0,0,0.0,0,0.0,0,0.0,0,0.0,0,0.0,0,0.0,0,0.0,1,1.0,0,0.0
雪冰杰,158,157,wemedia_only,30,147,2023-05,0.03184713375796178,0.03184713375796178,0.8280254777070064,0,0.0,5,0.03184713375796178,0,0.0,5,0.03184713375796178,130,0.8280254777070064,8,0.050955414012738856,0,0.0,9,0.05732484076433121,0,0.0
雪啸魔吟,3,2,no_media,0,3,2023-03,0.0,0.0,0.0,2,1.0,0,0.0,0,0.0,0,0.0,0,0.0,0,0.0,0,0.0,0,0.0,0,0.0
雪山空心菜,5,4,mainstream_only,2,5,2023-09,0.0,0.0,1.0,0,0.0,0,0.0,0,0.0,0,0.0,4,1.0,0,0.0,0,0.0,0,0.0,0,0.0
雪果噢,3,2,no_media,0,3,2023-11,0.0,0.0,0.5,0,0.0,0,0.0,0,0.0,0,0.0,1,0.5,1,0.5,0,0.0,0,0.0,0,0.0
雪海飘樱,4,3,no_media,1,4,2023-02,0.3333333333333333,0.3333333333333333,0.0,1,0.3333333333333333,1,0.3333333333333333,0,0.0,1,0.3333333333333333,0,0.0,0,0.0,0,0.0,0,0.0,0,0.0
雪清晨,2,1,no_media,2,2,2023-08,0.0,0.0,1.0,0,0.0,0,0.0,0,0.0,0,0.0,1,1.0,0,0.0,0,0.0,0,0.0,0,0.0
雪纸_Lust,2,1,no_media,1,2,2023-05,0.0,1.0,0.0,0,0.0,0,0.0,1,1.0,0,0.0,0,0.0,0,0.0,0,0.0,0,0.0,0,0.0
雪花灰雾,3,2,no_media,0,3,2023-01,0.0,0.0,1.0,0,0.0,0,0.0,0,0.0,0,0.0,2,1.0,0,0.0,0,0.0,0,0.0,0,0.0
雪莉的发夹,7,6,no_media,6,7,2023-05,0.16666666666666666,0.16666666666666666,0.16666666666666666,0,0.0,1,0.16666666666666666,0,0.0,0,0.0,1,0.16666666666666666,1,0.16666666666666666,1,0.16666666666666666,0,0.0,2,0.3333333333333333
雪语悄悄,2,1,no_media,0,2,2023-02,0.0,0.0,0.0,0,0.0,0,0.0,0,0.0,0,0.0,0,0.0,0,0.0,0,0.0,0,0.0,1,1.0
雪遇哈哦,3,2,no_media,0,1,2023-08,0.0,0.0,1.0,0,0.0,0,0.0,0,0.0,0,0.0,2,1.0,0,0.0,0,0.0,0,0.0,0,0.0
雪饼Gy,2,1,no_media,0,2,2022-03,0.0,0.0,0.0,0,0.0,0,0.0,0,0.0,0,0.0,0,0.0,1,1.0,0,0.0,0,0.0,0,0.0
雯子ExcellEncY,3,2,no_media,0,2,2024-08,0.5,0.0,0.0,0,0.0,0,0.0,0,0.0,0,0.0,0,0.0,0,0.0,1,0.5,0,0.0,1,0.5
雯子菇酿,2,1,no_media,0,2,2023-05,0.0,0.0,1.0,0,0.0,0,0.0,0,0.0,0,0.0,1,1.0,0,0.0,0,0.0,0,0.0,0,0.0
零下一度的棉花糖,2,1,no_media,2,1,2023-03,0.0,1.0,0.0,0,0.0,1,1.0,0,0.0,0,0.0,0,0.0,0,0.0,0,0.0,0,0.0,0,0.0
零态LT,2,1,no_media,0,2,2025-05,0.0,0.0,1.0,0,0.0,0,0.0,0,0.0,0,0.0,1,1.0,0,0.0,0,0.0,0,0.0,0,0.0
雷家茂律师,4,3,no_media,0,4,2023-03,0.0,0.0,0.6666666666666666,0,0.0,0,0.0,0,0.0,0,0.0,2,0.6666666666666666,0,0.0,0,0.0,1,0.3333333333333333,0,0.0
雷斯林Raist,3,2,no_media,0,3,2023-05,0.0,0.0,1.0,0,0.0,0,0.0,0,0.0,0,0.0,2,1.0,0,0.0,0,0.0,0,0.0,0,0.0
雷晨leichen,3,2,no_media,0,3,2023-10,0.0,0.0,1.0,0,0.0,0,0.0,0,0.0,0,0.0,2,1.0,0,0.0,0,0.0,0,0.0,0,0.0
雷氏普爱,3,2,no_media,0,2,2023-05,0.0,0.0,1.0,0,0.0,0,0.0,0,0.0,0,0.0,2,1.0,0,0.0,0,0.0,0,0.0,0,0.0
雷神1999,101,100,dual,80,54,2023-07,0.22,0.23,0.19,21,0.21,17,0.17,6,0.06,18,0.18,19,0.19,6,0.06,4,0.04,8,0.08,1,0.01
電波無,2,1,no_media,0,2,2023-05,0.0,0.0,0.0,0,0.0,0,0.0,0,0.0,0,0.0,0,0.0,0,0.0,0,0.0,0,0.0,1,1.0
需要多多学习的小画家的日记,2,1,no_media,0,2,2023-03,0.0,0.0,1.0,0,0.0,0,0.0,0,0.0,0,0.0,1,1.0,0,0.0,0,0.0,0,0.0,0,0.0
霍小兵,5,4,no_media,1,5,2023-02,0.0,0.0,1.0,0,0.0,0,0.0,0,0.0,0,0.0,4,1.0,0,0.0,0,0.0,0,0.0,0,0.0
霍山发布,3,2,no_media,0,3,2023-03,0.0,0.0,1.0,0,0.0,0,0.0,0,0.0,0,0.0,2,1.0,0,0.0,0,0.0,0,0.0,0,0.0
霍春山,2,1,no_media,1,2,2023-02,0.0,0.0,1.0,0,0.0,0,0.0,0,0.0,0,0.0,1,1.0,0,0.0,0,0.0,0,0.0,0,0.0
露丝小师哥,8,7,mainstream_only,7,7,2023-10,0.14285714285714285,0.14285714285714285,0.42857142857142855,0,0.0,0,0.0,1,0.14285714285714285,1,0.14285714285714285,3,0.42857142857142855,1,0.14285714285714285,0,0.0,1,0.14285714285714285,0,0.0
露婆婆1999,2,1,no_media,0,2,2023-02,0.0,1.0,0.0,0,0.0,1,1.0,0,0.0,0,0.0,0,0.0,0,0.0,0,0.0,0,0.0,0,0.0
露杉2025,2,1,no_media,0,2,2024-06,0.0,0.0,0.0,0,0.0,0,0.0,0,0.0,0,0.0,0,0.0,0,0.0,0,0.0,0,0.0,1,1.0
霸波尔奔波灞,2,1,no_media,0,2,2023-07,0.0,0.0,0.0,0,0.0,0,0.0,0,0.0,0,0.0,0,0.0,0,0.0,0,0.0,0,0.0,1,1.0
青丘冷月,4,3,wemedia_only,4,4,2023-05,0.0,0.0,1.0,0,0.0,0,0.0,0,0.0,0,0.0,3,1.0,0,0.0,0,0.0,0,0.0,0,0.0
青云在美国,6,5,no_media,0,5,2023-05,0.0,0.0,1.0,0,0.0,0,0.0,0,0.0,0,0.0,5,1.0,0,0.0,0,0.0,0,0.0,0,0.0
青县司法,3,2,no_media,0,3,2020-04,0.0,0.0,1.0,0,0.0,0,0.0,0,0.0,0,0.0,2,1.0,0,0.0,0,0.0,0,0.0,0,0.0
青宝贝是小豆豆吖,2,1,no_media,0,1,2023-06,0.0,0.0,0.0,0,0.0,0,0.0,0,0.0,0,0.0,0,0.0,1,1.0,0,0.0,0,0.0,0,0.0
青尘3141,32,31,wemedia_only,12,31,2023-02,0.16129032258064516,0.16129032258064516,0.5483870967741935,2,0.06451612903225806,4,0.12903225806451613,1,0.03225806451612903,4,0.12903225806451613,17,0.5483870967741935,1,0.03225806451612903,1,0.03225806451612903,1,0.03225806451612903,0,0.0
青尘财经,2,1,wemedia_only,2,2,2022-07,1.0,0.0,0.0,0,0.0,0,0.0,0,0.0,1,1.0,0,0.0,0,0.0,0,0.0,0,0.0,0,0.0
青山刚昌快完结,2,1,no_media,2,2,2023-05,0.0,1.0,0.0,0,0.0,1,1.0,0,0.0,0,0.0,0,0.0,0,0.0,0,0.0,0,0.0,0,0.0
青岛发布,8,7,mainstream_only,2,6,2021-11,0.0,0.0,1.0,0,0.0,0,0.0,0,0.0,0,0.0,7,1.0,0,0.0,0,0.0,0,0.0,0,0.0
青岛地中海水产食品,2,1,no_media,0,2,2023-10,0.0,0.0,1.0,0,0.0,0,0.0,0,0.0,0,0.0,1,1.0,0,0.0,0,0.0,0,0.0,0,0.0
青岛市市立医院,2,1,no_media,0,1,2023-04,0.0,0.0,1.0,0,0.0,0,0.0,0,0.0,0,0.0,1,1.0,0,0.0,0,0.0,0,0.0,0,0.0
青岛日报,4,3,no_media,0,4,2023-03,0.0,0.0,1.0,0,0.0,0,0.0,0,0.0,0,0.0,3,1.0,0,0.0,0,0.0,0,0.0,0,0.0
青岛晚报,2,1,no_media,0,2,2023-02,0.0,0.0,1.0,0,0.0,0,0.0,0,0.0,0,0.0,1,1.0,0,0.0,0,0.0,0,0.0,0,0.0
青岛西海岸新闻网,19,18,mainstream_only,1,16,2020-03,0.0,0.0,1.0,0,0.0,0,0.0,0,0.0,0,0.0,18,1.0,0,0.0,0,0.0,0,0.0,0,0.0
青岛郑浩,3,2,no_media,5,1,2024-11,0.0,0.0,0.0,2,1.0,0,0.0,0,0.0,0,0.0,0,0.0,0,0.0,0,0.0,0,0.0,0,0.0
青岛静康中医肾病医院,4,3,no_media,0,4,2023-11,0.0,0.0,1.0,0,0.0,0,0.0,0,0.0,0,0.0,3,1.0,0,0.0,0,0.0,0,0.0,0,0.0
青岩慕雪,2,1,no_media,0,2,2023-05,0.0,1.0,0.0,0,0.0,0,0.0,1,1.0,0,0.0,0,0.0,0,0.0,0,0.0,0,0.0,0,0.0
青峰散人168,2,1,mainstream_only,1,2,2023-06,0.0,1.0,0.0,0,0.0,1,1.0,0,0.0,0,0.0,0,0.0,0,0.0,0,0.0,0,0.0,0,0.0
青崖君,2,1,no_media,0,2,2023-10,0.0,0.0,1.0,0,0.0,0,0.0,0,0.0,0,0.0,1,1.0,0,0.0,0,0.0,0,0.0,0,0.0
青年参考,6,5,no_media,0,6,2020-09,0.0,0.0,1.0,0,0.0,0,0.0,0,0.0,0,0.0,5,1.0,0,0.0,0,0.0,0,0.0,0,0.0
青年报,3,2,no_media,0,3,2020-11,0.0,0.0,1.0,0,0.0,0,0.0,0,0.0,0,0.0,2,1.0,0,0.0,0,0.0,0,0.0,0,0.0
青年油条,26,25,no_media,0,26,2023-04,0.0,0.0,1.0,0,0.0,0,0.0,0,0.0,0,0.0,25,1.0,0,0.0,0,0.0,0,0.0,0,0.0
青春宜昌,2,1,no_media,0,2,2023-06,0.0,0.0,1.0,0,0.0,0,0.0,0,0.0,0,0.0,1,1.0,0,0.0,0,0.0,0,0.0,0,0.0
青春常驻619,2,1,no_media,0,2,2023-04,0.0,0.0,1.0,0,0.0,0,0.0,0,0.0,0,0.0,1,1.0,0,0.0,0,0.0,0,0.0,0,0.0
青春广元,2,1,no_media,0,2,2020-03,0.0,0.0,1.0,0,0.0,0,0.0,0,0.0,0,0.0,1,1.0,0,0.0,0,0.0,0,0.0,0,0.0
青春湖北,4,3,no_media,0,4,2021-03,0.0,0.0,1.0,0,0.0,0,0.0,0,0.0,0,0.0,3,1.0,0,0.0,0,0.0,0,0.0,0,0.0
青春的最近爱听歌,5,4,wemedia_only,3,4,2023-11,0.25,0.5,0.25,0,0.0,2,0.5,0,0.0,1,0.25,1,0.25,0,0.0,0,0.0,0,0.0,0,0.0
青春红河,2,1,no_media,0,2,2023-05,0.0,0.0,1.0,0,0.0,0,0.0,0,0.0,0,0.0,1,1.0,0,0.0,0,0.0,0,0.0,0,0.0
青木在德国,4,3,no_media,0,3,2022-12,0.0,0.0,1.0,0,0.0,0,0.0,0,0.0,0,0.0,3,1.0,0,0.0,0,0.0,0,0.0,0,0.0
青枫林大刺猬zz,3,2,no_media,0,3,2023-11,0.0,0.5,0.5,0,0.0,1,0.5,0,0.0,0,0.0,1,0.5,0,0.0,0,0.0,0,0.0,0,0.0
青梅,7,6,no_media,2,6,2023-06,0.0,0.0,1.0,0,0.0,0,0.0,0,0.0,0,0.0,6,1.0,0,0.0,0,0.0,0,0.0,0,0.0
青梅糖呀,6,5,dual,11,6,2022-09,0.4,0.2,0.2,0,0.0,1,0.2,0,0.0,1,0.2,1,0.2,1,0.2,1,0.2,0,0.0,0,0.0
青梧桐,7,6,no_media,1,7,2023-03,0.0,0.0,0.5,0,0.0,0,0.0,0,0.0,0,0.0,3,0.5,1,0.16666666666666666,0,0.0,2,0.3333333333333333,0,0.0
青橙扇下,2,1,no_media,1,2,2024-09,0.0,0.0,1.0,0,0.0,0,0.0,0,0.0,0,0.0,1,1.0,0,0.0,0,0.0,0,0.0,0,0.0
青洋131798,2,1,no_media,0,2,2023-11,0.0,0.0,1.0,0,0.0,0,0.0,0,0.0,0,0.0,1,1.0,0,0.0,0,0.0,0,0.0,0,0.0
青流视频,10,9,no_media,0,10,2020-03,0.0,0.0,1.0,0,0.0,0,0.0,0,0.0,0,0.0,9,1.0,0,0.0,0,0.0,0,0.0,0,0.0
青海头条,2,1,no_media,0,2,2023-04,0.0,0.0,1.0,0,0.0,0,0.0,0,0.0,0,0.0,1,1.0,0,0.0,0,0.0,0,0.0,0,0.0
青海日报官方微博,14,13,no_media,0,14,2020-03,0.0,0.0,1.0,0,0.0,0,0.0,0,0.0,0,0.0,13,1.0,0,0.0,0,0.0,0,0.0,0,0.0
青海省科学技术馆,3,2,no_media,0,2,2023-06,0.0,0.0,1.0,0,0.0,0,0.0,0,0.0,0,0.0,2,1.0,0,0.0,0,0.0,0,0.0,0,0.0
青灯照璧-杏仁小札,2,1,no_media,0,2,2023-06,0.0,0.0,0.0,0,0.0,0,0.0,0,0.0,0,0.0,0,0.0,0,0.0,0,0.0,0,0.0,1,1.0
青白江应急,2,1,mainstream_only,3,2,2025-02,0.0,0.0,1.0,0,0.0,0,0.0,0,0.0,0,0.0,1,1.0,0,0.0,0,0.0,0,0.0,0,0.0
青白江服务,3,2,no_media,0,3,2023-02,0.0,0.0,1.0,0,0.0,0,0.0,0,0.0,0,0.0,2,1.0,0,0.0,0,0.0,0,0.0,0,0.0
青白江生态环境,6,5,mainstream_only,1,6,2023-02,0.0,0.0,1.0,0,0.0,0,0.0,0,0.0,0,0.0,5,1.0,0,0.0,0,0.0,0,0.0,0,0.0
青砖猫印啊,3,2,no_media,2,3,2023-02,0.0,0.5,0.0,1,0.5,1,0.5,0,0.0,0,0.0,0,0.0,0,0.0,0,0.0,0,0.0,0,0.0
青葱源木,2,1,no_media,2,2,2024-08,1.0,0.0,0.0,0,0.0,0,0.0,0,0.0,1,1.0,0,0.0,0,0.0,0,0.0,0,0.0,0,0.0
青蔓蔓y,2,1,no_media,0,2,2023-03,0.0,0.0,0.0,0,0.0,0,0.0,0,0.0,0,0.0,0,0.0,0,0.0,0,0.0,1,1.0,0,0.0
青蕉视频,2,1,no_media,0,2,2023-03,0.0,0.0,1.0,0,0.0,0,0.0,0,0.0,0,0.0,1,1.0,0,0.0,0,0.0,0,0.0,0,0.0
青豆视频,4,3,no_media,0,2,2023-05,0.0,0.0,1.0,0,0.0,0,0.0,0,0.0,0,0.0,3,1.0,0,0.0,0,0.0,0,0.0,0,0.0
青龙针客,15,14,no_media,7,15,2023-02,0.14285714285714285,0.14285714285714285,0.5714285714285714,1,0.07142857142857142,2,0.14285714285714285,0,0.0,1,0.07142857142857142,8,0.5714285714285714,1,0.07142857142857142,1,0.07142857142857142,0,0.0,0,0.0
靓仔鹏,2,1,no_media,0,2,2023-05,0.0,0.0,1.0,0,0.0,0,0.0,0,0.0,0,0.0,1,1.0,0,0.0,0,0.0,0,0.0,0,0.0
静即动,2,1,wemedia_only,3,2,2023-02,0.0,0.0,0.0,1,1.0,0,0.0,0,0.0,0,0.0,0,0.0,0,0.0,0,0.0,0,0.0,0,0.0
静姐姐吃的学问,3,2,wemedia_only,1,3,2022-12,0.0,0.0,1.0,0,0.0,0,0.0,0,0.0,0,0.0,2,1.0,0,0.0,0,0.0,0,0.0,0,0.0
静子努力开荒中,2,1,no_media,0,2,2023-05,0.0,0.0,0.0,0,0.0,0,0.0,0,0.0,0,0.0,0,0.0,0,0.0,0,0.0,0,0.0,1,1.0
静瞰中,2,1,no_media,0,2,2023-02,0.0,1.0,0.0,0,0.0,1,1.0,0,0.0,0,0.0,0,0.0,0,0.0,0,0.0,0,0.0,0,0.0
静谧的夜花园,2,1,no_media,0,1,2022-12,0.0,1.0,0.0,0,0.0,1,1.0,0,0.0,0,0.0,0,0.0,0,0.0,0,0.0,0,0.0,0,0.0
静默是一种状态,2,1,no_media,0,2,2023-04,0.0,0.0,0.0,0,0.0,0,0.0,0,0.0,0,0.0,0,0.0,0,0.0,0,0.0,0,0.0,1,1.0
非予,3,2,no_media,1,3,2023-02,0.0,0.0,0.0,0,0.0,0,0.0,0,0.0,0,0.0,0,0.0,1,0.5,0,0.0,0,0.0,1,0.5
非公认precure_cure_vapour,2,1,no_media,0,2,2023-05,0.0,0.0,0.0,0,0.0,0,0.0,0,0.0,0,0.0,0,0.0,0,0.0,0,0.0,0,0.0,1,1.0
非歌如梦,9,8,wemedia_only,8,7,2023-05,0.0,0.0,0.0,8,1.0,0,0.0,0,0.0,0,0.0,0,0.0,0,0.0,0,0.0,0,0.0,0,0.0
非的橄榄树和无花果,2,1,no_media,0,2,2024-07,0.0,0.0,0.0,0,0.0,0,0.0,0,0.0,0,0.0,0,0.0,1,1.0,0,0.0,0,0.0,0,0.0
非药健康调理,3,2,no_media,0,3,2023-02,0.0,0.0,1.0,0,0.0,0,0.0,0,0.0,0,0.0,2,1.0,0,0.0,0,0.0,0,0.0,0,0.0
靠濮姐,9,8,no_media,0,9,2023-09,0.125,0.0,0.875,0,0.0,0,0.0,0,0.0,1,0.125,7,0.875,0,0.0,0,0.0,0,0.0,0,0.0
靠谱二姐Jieny66,4,3,no_media,0,4,2023-02,0.0,0.0,1.0,0,0.0,0,0.0,0,0.0,0,0.0,3,1.0,0,0.0,0,0.0,0,0.0,0,0.0
面相与命运,2,1,no_media,0,2,2024-02,0.0,0.0,1.0,0,0.0,0,0.0,0,0.0,0,0.0,1,1.0,0,0.0,0,0.0,0,0.0,0,0.0
革成先生,6,5,no_media,0,6,2023-02,0.2,0.0,0.8,0,0.0,0,0.0,0,0.0,1,0.2,4,0.8,0,0.0,0,0.0,0,0.0,0,0.0
鞍山市12355,8,7,no_media,0,8,2023-05,0.0,0.0,1.0,0,0.0,0,0.0,0,0.0,0,0.0,7,1.0,0,0.0,0,0.0,0,0.0,0,0.0
韦良渠,96,95,no_media,0,72,2023-02,0.0,0.0,1.0,0,0.0,0,0.0,0,0.0,0,0.0,95,1.0,0,0.0,0,0.0,0,0.0,0,0.0
韩华春fighting,2,1,no_media,0,2,2023-07,0.0,0.0,1.0,0,0.0,0,0.0,0,0.0,0,0.0,1,1.0,0,0.0,0,0.0,0,0.0,0,0.0
韩国中央日报,5,4,no_media,0,5,2020-08,0.25,0.25,0.25,0,0.0,1,0.25,0,0.0,1,0.25,1,0.25,1,0.25,0,0.0,0,0.0,0,0.0
韩国每经中文网,6,5,no_media,0,6,2020-04,0.0,0.0,1.0,0,0.0,0,0.0,0,0.0,0,0.0,5,1.0,0,0.0,0,0.0,0,0.0,0,0.0
韩少坤生命论,2,1,no_media,2,2,2023-07,0.0,1.0,0.0,0,0.0,1,1.0,0,0.0,0,0.0,0,0.0,0,0.0,0,0.0,0,0.0,0,0.0
韩民族日报中文网,2,1,no_media,0,2,2021-01,1.0,0.0,0.0,0,0.0,0,0.0,0,0.0,1,1.0,0,0.0,0,0.0,0,0.0,0,0.0,0,0.0
音乐先声,2,1,no_media,0,2,2025-03,0.0,0.0,0.0,0,0.0,0,0.0,0,0.0,0,0.0,0,0.0,0,0.0,0,0.0,0,0.0,1,1.0
音乐高屹,4,3,no_media,5,3,2023-06,0.3333333333333333,0.3333333333333333,0.0,1,0.3333333333333333,1,0.3333333333333333,0,0.0,1,0.3333333333333333,0,0.0,0,0.0,0,0.0,0,0.0,0,0.0
音未足,2,1,no_media,0,2,2023-02,0.0,0.0,0.0,0,0.0,0,0.0,0,0.0,0,0.0,0,0.0,1,1.0,0,0.0,0,0.0,0,0.0
韵子小超人,2,1,no_media,0,2,2023-06,0.0,0.0,1.0,0,0.0,0,0.0,0,0.0,0,0.0,1,1.0,0,0.0,0,0.0,0,0.0,0,0.0
顏佑亮-到台灣治病,13,12,no_media,0,13,2023-01,0.08333333333333333,0.08333333333333333,0.75,1,0.08333333333333333,1,0.08333333333333333,0,0.0,1,0.08333333333333333,9,0.75,0,0.0,0,0.0,0,0.0,0,0.0
顶端新闻,59,58,no_media,0,46,2021-08,0.0,0.0,1.0,0,0.0,0,0.0,0,0.0,0,0.0,58,1.0,0,0.0,0,0.0,0,0.0,0,0.0
顺义区疾病预防控制中心,7,6,no_media,0,7,2023-10,0.0,0.0,1.0,0,0.0,0,0.0,0,0.0,0,0.0,6,1.0,0,0.0,0,0.0,0,0.0,0,0.0
顺和本草,3,2,no_media,0,3,2023-01,0.0,0.5,0.5,0,0.0,1,0.5,0,0.0,0,0.0,1,0.5,0,0.0,0,0.0,0,0.0,0,0.0
顺庆公安,2,1,no_media,0,2,2022-10,0.0,0.0,1.0,0,0.0,0,0.0,0,0.0,0,0.0,1,1.0,0,0.0,0,0.0,0,0.0,0,0.0
顺顺利利开心生活,2,1,no_media,0,2,2023-02,0.0,0.0,0.0,0,0.0,0,0.0,0,0.0,0,0.0,0,0.0,0,0.0,0,0.0,1,1.0,0,0.0
顺风顺水顺吉利,3,2,no_media,0,3,2023-08,0.0,0.0,0.0,0,0.0,0,0.0,0,0.0,0,0.0,0,0.0,1,0.5,0,0.0,1,0.5,0,0.0
顽固的Ada,3,2,no_media,0,3,2023-06,0.0,0.5,0.0,0,0.0,1,0.5,0,0.0,0,0.0,0,0.0,1,0.5,0,0.0,0,0.0,0,0.0
顽皮的郭贝勒,4,3,no_media,7,4,2022-12,0.0,0.0,0.3333333333333333,0,0.0,0,0.0,0,0.0,0,0.0,1,0.3333333333333333,1,0.3333333333333333,0,0.0,0,0.0,1,0.3333333333333333
顾小白笔记,2,1,no_media,0,2,2023-02,0.0,0.0,0.0,0,0.0,0,0.0,0,0.0,0,0.0,0,0.0,0,0.0,0,0.0,0,0.0,1,1.0
顾小萱阅读,7,6,no_media,0,4,2025-05,0.0,0.0,1.0,0,0.0,0,0.0,0,0.0,0,0.0,6,1.0,0,0.0,0,0.0,0,0.0,0,0.0
顾彦城你在哪里,3,2,no_media,1,2,2023-09,0.5,0.5,0.0,0,0.0,1,0.5,0,0.0,1,0.5,0,0.0,0,0.0,0,0.0,0,0.0,0,0.0
顾潇楠,2,1,no_media,0,2,2023-02,0.0,0.0,1.0,0,0.0,0,0.0,0,0.0,0,0.0,1,1.0,0,0.0,0,0.0,0,0.0,0,0.0
顾良逢,3,2,no_media,1,3,2023-09,0.0,0.0,0.0,2,1.0,0,0.0,0,0.0,0,0.0,0,0.0,0,0.0,0,0.0,0,0.0,0,0.0
顾西知,4,3,no_media,0,3,2023-08,0.0,0.0,1.0,0,0.0,0,0.0,0,0.0,0,0.0,3,1.0,0,0.0,0,0.0,0,0.0,0,0.0
顾言右,3,2,no_media,0,3,2022-12,0.5,0.0,0.0,0,0.0,0,0.0,0,0.0,0,0.0,0,0.0,1,0.5,1,0.5,0,0.0,0,0.0
预医大健康,22,21,no_media,0,22,2023-02,0.14285714285714285,0.14285714285714285,0.6666666666666666,1,0.047619047619047616,3,0.14285714285714285,0,0.0,3,0.14285714285714285,14,0.6666666666666666,0,0.0,0,0.0,0,0.0,0,0.0
领事闲谈,54,53,no_media,1,48,2022-04,0.03773584905660377,0.03773584905660377,0.9245283018867925,0,0.0,2,0.03773584905660377,0,0.0,2,0.03773584905660377,49,0.9245283018867925,0,0.0,0,0.0,0,0.0,0,0.0
领头羊201707,2,1,no_media,0,2,2023-02,0.0,0.0,1.0,0,0.0,0,0.0,0,0.0,0,0.0,1,1.0,0,0.0,0,0.0,0,0.0,0,0.0
颈椎腰椎-脊椎,2,1,no_media,1,2,2023-02,0.0,0.0,1.0,0,0.0,0,0.0,0,0.0,0,0.0,1,1.0,0,0.0,0,0.0,0,0.0,0,0.0
颍州晚报,9,8,no_media,0,9,2022-03,0.0,0.0,1.0,0,0.0,0,0.0,0,0.0,0,0.0,8,1.0,0,0.0,0,0.0,0,0.0,0,0.0
颜即正义_神爱本人,3,2,no_media,0,3,2024-01,0.5,0.5,0.0,0,0.0,1,0.5,0,0.0,1,0.5,0,0.0,0,0.0,0,0.0,0,0.0,0,0.0
颜新好大夫,4,3,no_media,0,3,2023-03,0.0,0.0,1.0,0,0.0,0,0.0,0,0.0,0,0.0,3,1.0,0,0.0,0,0.0,0,0.0,0,0.0
额额就,2,1,no_media,1,2,2022-04,0.0,0.0,0.0,0,0.0,0,0.0,0,0.0,0,0.0,0,0.0,1,1.0,0,0.0,0,0.0,0,0.0
风一更的庄园,2,1,no_media,0,2,2023-02,1.0,0.0,0.0,0,0.0,0,0.0,0,0.0,0,0.0,0,0.0,0,0.0,1,1.0,0,0.0,0,0.0
风中文叶成林,3,2,no_media,0,3,2023-02,0.0,0.0,0.0,0,0.0,0,0.0,0,0.0,0,0.0,0,0.0,0,0.0,0,0.0,1,0.5,1,0.5
风中白猫,12,11,no_media,0,12,2023-02,0.09090909090909091,0.09090909090909091,0.8181818181818182,0,0.0,1,0.09090909090909091,0,0.0,1,0.09090909090909091,9,0.8181818181818182,0,0.0,0,0.0,0,0.0,0,0.0
风中的厂长,2,1,no_media,0,2,2023-02,1.0,0.0,0.0,0,0.0,0,0.0,0,0.0,0,0.0,0,0.0,0,0.0,1,1.0,0,0.0,0,0.0
风中的蒲公英94,2,1,no_media,0,2,2023-05,0.0,0.0,0.0,0,0.0,0,0.0,0,0.0,0,0.0,0,0.0,0,0.0,0,0.0,0,0.0,1,1.0
风之旅5940000873,2,1,no_media,0,2,2024-09,0.0,0.0,1.0,0,0.0,0,0.0,0,0.0,0,0.0,1,1.0,0,0.0,0,0.0,0,0.0,0,0.0
风云得得鱼,2,1,no_media,0,2,2025-05,0.0,0.0,1.0,0,0.0,0,0.0,0,0.0,0,0.0,1,1.0,0,0.0,0,0.0,0,0.0,0,0.0
风信子-dan,2,1,no_media,0,2,2023-05,0.0,0.0,0.0,0,0.0,0,0.0,0,0.0,0,0.0,0,0.0,0,0.0,0,0.0,0,0.0,1,1.0
风再等等我吧,2,1,no_media,0,2,2022-12,0.0,0.0,1.0,0,0.0,0,0.0,0,0.0,0,0.0,1,1.0,0,0.0,0,0.0,0,0.0,0,0.0
风凛星,2,1,no_media,1,1,2022-12,0.0,0.0,1.0,0,0.0,0,0.0,0,0.0,0,0.0,1,1.0,0,0.0,0,0.0,0,0.0,0,0.0
风向标社工中心,2,1,no_media,0,2,2023-02,0.0,0.0,1.0,0,0.0,0,0.0,0,0.0,0,0.0,1,1.0,0,0.0,0,0.0,0,0.0,0,0.0
风吹稻花fcdh,4,3,no_media,0,3,2023-02,0.0,0.0,0.3333333333333333,0,0.0,0,0.0,0,0.0,0,0.0,1,0.3333333333333333,1,0.3333333333333333,0,0.0,1,0.3333333333333333,0,0.0
风吹过谁侧脸,2,1,no_media,0,1,2023-04,0.0,0.0,0.0,0,0.0,0,0.0,0,0.0,0,0.0,0,0.0,1,1.0,0,0.0,0,0.0,0,0.0
风吹铃冬,2,1,no_media,1,2,2023-07,1.0,0.0,0.0,0,0.0,0,0.0,0,0.0,0,0.0,0,0.0,0,0.0,1,1.0,0,0.0,0,0.0
风林火山DavidLau,2,1,mainstream_only,1,2,2023-08,0.0,0.0,0.0,0,0.0,0,0.0,0,0.0,0,0.0,0,0.0,1,1.0,0,0.0,0,0.0,0,0.0
风正语评,3,2,no_media,0,3,2023-03,0.0,0.5,0.0,1,0.5,1,0.5,0,0.0,0,0.0,0,0.0,0,0.0,0,0.0,0,0.0,0,0.0
风水智语,2,1,wemedia_only,3,2,2023-08,1.0,0.0,0.0,0,0.0,0,0.0,0,0.0,1,1.0,0,0.0,0,0.0,0,0.0,0,0.0,0,0.0
风湿免疫庄坚博士,4,3,no_media,0,4,2024-01,0.0,0.0,1.0,0,0.0,0,0.0,0,0.0,0,0.0,3,1.0,0,0.0,0,0.0,0,0.0,0,0.0
风湿科聂医生,21,20,dual,3,19,2023-09,0.0,0.0,1.0,0,0.0,0,0.0,0,0.0,0,0.0,20,1.0,0,0.0,0,0.0,0,0.0,0,0.0
风紧雁行高·,7,6,mainstream_only,4,6,2023-03,0.3333333333333333,0.3333333333333333,0.0,0,0.0,0,0.0,2,0.3333333333333333,1,0.16666666666666666,0,0.0,1,0.16666666666666666,1,0.16666666666666666,1,0.16666666666666666,0,0.0
风舞_涟漪,2,1,no_media,3,2,2023-02,0.0,0.0,1.0,0,0.0,0,0.0,0,0.0,0,0.0,1,1.0,0,0.0,0,0.0,0,0.0,0,0.0
风袖月,3,2,no_media,0,3,2023-11,0.5,0.5,0.0,0,0.0,1,0.5,0,0.0,1,0.5,0,0.0,0,0.0,0,0.0,0,0.0,0,0.0
风闻社区,82,81,no_media,0,70,2022-02,0.037037037037037035,0.037037037037037035,0.9012345679012346,1,0.012345679012345678,3,0.037037037037037035,0,0.0,2,0.024691358024691357,73,0.9012345679012346,1,0.012345679012345678,1,0.012345679012345678,0,0.0,0,0.0
飒爽英姿的女科学家,2,1,no_media,0,2,2023-10,0.0,0.0,1.0,0,0.0,0,0.0,0,0.0,0,0.0,1,1.0,0,0.0,0,0.0,0,0.0,0,0.0
飒飒宝,2,1,no_media,0,2,2023-11,0.0,0.0,0.0,0,0.0,0,0.0,0,0.0,0,0.0,0,0.0,0,0.0,0,0.0,1,1.0,0,0.0
飘过繁华世界,5,4,wemedia_only,4,4,2023-12,0.0,0.0,1.0,0,0.0,0,0.0,0,0.0,0,0.0,4,1.0,0,0.0,0,0.0,0,0.0,0,0.0
飘逸清风_初心,2,1,no_media,0,2,2023-02,0.0,1.0,0.0,0,0.0,1,1.0,0,0.0,0,0.0,0,0.0,0,0.0,0,0.0,0,0.0,0,0.0
飘雪无垠97993,2,1,no_media,0,2,2023-02,0.0,0.0,1.0,0,0.0,0,0.0,0,0.0,0,0.0,1,1.0,0,0.0,0,0.0,0,0.0,0,0.0
飘零秋雨2013,2,1,no_media,0,2,2023-05,0.0,0.0,0.0,0,0.0,0,0.0,0,0.0,0,0.0,0,0.0,0,0.0,0,0.0,0,0.0,1,1.0
飞出囹圄的小号,2,1,no_media,0,2,2023-02,0.0,0.0,0.0,0,0.0,0,0.0,0,0.0,0,0.0,0,0.0,0,0.0,0,0.0,0,0.0,1,1.0
飞天神猪的欢乐窝,12,11,dual,7,10,2023-02,0.18181818181818182,0.18181818181818182,0.45454545454545453,0,0.0,1,0.09090909090909091,1,0.09090909090909091,1,0.09090909090909091,5,0.45454545454545453,1,0.09090909090909091,1,0.09090909090909091,1,0.09090909090909091,0,0.0
飞天老男警Believe,2,1,no_media,0,2,2020-03,0.0,0.0,1.0,0,0.0,0,0.0,0,0.0,0,0.0,1,1.0,0,0.0,0,0.0,0,0.0,0,0.0
飞杨看市168,2,1,no_media,0,2,2024-12,0.0,0.0,1.0,0,0.0,0,0.0,0,0.0,0,0.0,1,1.0,0,0.0,0,0.0,0,0.0,0,0.0
飞羽的领域,2,1,no_media,2,2,2022-09,0.0,0.0,0.0,1,1.0,0,0.0,0,0.0,0,0.0,0,0.0,0,0.0,0,0.0,0,0.0,0,0.0
飞花_四月,3,2,no_media,2,3,2023-06,0.0,0.0,0.0,0,0.0,0,0.0,0,0.0,0,0.0,0,0.0,1,0.5,0,0.0,1,0.5,0,0.0
飞鱼佳儿,3,2,no_media,4,3,2024-08,0.5,0.5,0.0,0,0.0,0,0.0,1,0.5,1,0.5,0,0.0,0,0.0,0,0.0,0,0.0,0,0.0
飞鹏319,2,1,no_media,0,2,2023-02,0.0,0.0,1.0,0,0.0,0,0.0,0,0.0,0,0.0,1,1.0,0,0.0,0,0.0,0,0.0,0,0.0
飞龙中医,27,26,no_media,46,26,2023-02,0.07692307692307693,0.07692307692307693,0.8076923076923077,1,0.038461538461538464,2,0.07692307692307693,0,0.0,2,0.07692307692307693,21,0.8076923076923077,0,0.0,0,0.0,0,0.0,0,0.0
食之道道,2,1,no_media,0,2,2025-01,0.0,0.0,1.0,0,0.0,0,0.0,0,0.0,0,0.0,1,1.0,0,0.0,0,0.0,0,0.0,0,0.0
食人老贝,2,1,no_media,0,2,2023-05,0.0,0.0,0.0,0,0.0,0,0.0,0,0.0,0,0.0,0,0.0,0,0.0,0,0.0,0,0.0,1,1.0
食莲花叶,3,2,no_media,1,3,2023-02,0.5,0.5,0.0,0,0.0,1,0.5,0,0.0,1,0.5,0,0.0,0,0.0,0,0.0,0,0.0,0,0.0
餐饮测评,3,2,no_media,0,3,2022-12,0.0,0.0,1.0,0,0.0,0,0.0,0,0.0,0,0.0,2,1.0,0,0.0,0,0.0,0,0.0,0,0.0
饭小毛爷,2,1,no_media,1,2,2023-09,0.0,0.0,1.0,0,0.0,0,0.0,0,0.0,0,0.0,1,1.0,0,0.0,0,0.0,0,0.0,0,0.0
饱乐促和谐反极端,16,15,mainstream_only,12,16,2023-02,0.13333333333333333,0.13333333333333333,0.4,5,0.3333333333333333,2,0.13333333333333333,0,0.0,2,0.13333333333333333,6,0.4,0,0.0,0,0.0,0,0.0,0,0.0
饺子加醋加蒜,3,2,no_media,0,3,2023-01,0.0,0.0,0.0,2,1.0,0,0.0,0,0.0,0,0.0,0,0.0,0,0.0,0,0.0,0,0.0,0,0.0
馅梨,2,1,no_media,0,2,2023-02,1.0,0.0,0.0,0,0.0,0,0.0,0,0.0,0,0.0,0,0.0,0,0.0,1,1.0,0,0.0,0,0.0
馋你身子很久了,2,1,no_media,0,1,2022-03,0.0,0.0,1.0,0,0.0,0,0.0,0,0.0,0,0.0,1,1.0,0,0.0,0,0.0,0,0.0,0,0.0
首映礼,2,1,wemedia_only,1,2,2023-03,0.0,0.0,1.0,0,0.0,0,0.0,0,0.0,0,0.0,1,1.0,0,0.0,0,0.0,0,0.0,0,0.0
首荟商城,2,1,no_media,0,2,2024-05,0.0,0.0,1.0,0,0.0,0,0.0,0,0.0,0,0.0,1,1.0,0,0.0,0,0.0,0,0.0,0,0.0
首都健康,5,4,no_media,0,5,2023-02,0.0,0.0,1.0,0,0.0,0,0.0,0,0.0,0,0.0,4,1.0,0,0.0,0,0.0,0,0.0,0,0.0
首都儿研所孙淑英,2,1,no_media,0,2,2023-03,0.0,0.0,1.0,0,0.0,0,0.0,0,0.0,0,0.0,1,1.0,0,0.0,0,0.0,0,0.0,0,0.0
首都医科大学附属北京潞河医院,2,1,no_media,0,2,2023-02,0.0,0.0,1.0,0,0.0,0,0.0,0,0.0,0,0.0,1,1.0,0,0.0,0,0.0,0,0.0,0,0.0
首都经贸大学刘颖,4,3,no_media,0,4,2023-02,0.0,0.0,0.3333333333333333,0,0.0,0,0.0,0,0.0,0,0.0,1,0.3333333333333333,1,0.3333333333333333,0,0.0,1,0.3333333333333333,0,0.0
香樟树下采金瓜,3,2,no_media,0,3,2022-12,0.0,0.5,0.0,0,0.0,1,0.5,0,0.0,0,0.0,0,0.0,1,0.5,0,0.0,0,0.0,0,0.0
香港TVB资讯台,2,1,no_media,0,2,2025-01,0.0,0.0,1.0,0,0.0,0,0.0,0,0.0,0,0.0,1,1.0,0,0.0,0,0.0,0,0.0,0,0.0
香港中文大学CUHK,4,3,no_media,0,4,2022-03,0.0,0.0,1.0,0,0.0,0,0.0,0,0.0,0,0.0,3,1.0,0,0.0,0,0.0,0,0.0,0,0.0
香港中文大学医学院_香港,10,9,no_media,0,10,2023-04,0.0,0.0,1.0,0,0.0,0,0.0,0,0.0,0,0.0,9,1.0,0,0.0,0,0.0,0,0.0,0,0.0
香港中通社,67,66,no_media,0,32,2020-10,0.045454545454545456,0.045454545454545456,0.8787878787878788,2,0.030303030303030304,3,0.045454545454545456,0,0.0,3,0.045454545454545456,58,0.8787878787878788,0,0.0,0,0.0,0,0.0,0,0.0
香港商報,83,82,no_media,0,73,2021-02,0.024390243902439025,0.024390243902439025,0.9512195121951219,0,0.0,2,0.024390243902439025,0,0.0,2,0.024390243902439025,78,0.9512195121951219,0,0.0,0,0.0,0,0.0,0,0.0
香港商報網,2,1,no_media,0,2,2021-11,0.0,0.0,1.0,0,0.0,0,0.0,0,0.0,0,0.0,1,1.0,0,0.0,0,0.0,0,0.0,0,0.0
香港文匯報,13,12,no_media,0,11,2020-12,0.16666666666666666,0.25,0.4166666666666667,2,0.16666666666666666,3,0.25,0,0.0,2,0.16666666666666666,5,0.4166666666666667,0,0.0,0,0.0,0,0.0,0,0.0
香港文匯網,10,9,no_media,0,10,2022-10,0.0,0.0,1.0,0,0.0,0,0.0,0,0.0,0,0.0,9,1.0,0,0.0,0,0.0,0,0.0,0,0.0
香港浸会大学,4,3,no_media,0,4,2022-12,0.0,0.0,1.0,0,0.0,0,0.0,0,0.0,0,0.0,3,1.0,0,0.0,0,0.0,0,0.0,0,0.0
香港的谭叔,7,6,no_media,1,7,2023-02,0.0,0.0,1.0,0,0.0,0,0.0,0,0.0,0,0.0,6,1.0,0,0.0,0,0.0,0,0.0,0,0.0
香港红馆,3,2,no_media,0,3,2024-03,0.0,0.0,1.0,0,0.0,0,0.0,0,0.0,0,0.0,2,1.0,0,0.0,0,0.0,0,0.0,0,0.0
香港经济导报,3,2,no_media,0,3,2021-11,0.0,0.0,1.0,0,0.0,0,0.0,0,0.0,0,0.0,2,1.0,0,0.0,0,0.0,0,0.0,0,0.0
香港自由行加加,2,1,mainstream_only,1,2,2023-04,0.0,0.0,1.0,0,0.0,0,0.0,0,0.0,0,0.0,1,1.0,0,0.0,0,0.0,0,0.0,0,0.0
香草拉面,3,2,dual,5,3,2022-09,0.5,0.5,0.0,0,0.0,1,0.5,0,0.0,1,0.5,0,0.0,0,0.0,0,0.0,0,0.0,0,0.0
香草柠檬冻绿豆糕,4,3,no_media,0,4,2023-05,0.0,0.0,0.0,0,0.0,0,0.0,0,0.0,0,0.0,0,0.0,0,0.0,0,0.0,0,0.0,3,1.0
香锅火锅酸菜鱼,2,1,no_media,3,1,2024-03,1.0,0.0,0.0,0,0.0,0,0.0,0,0.0,1,1.0,0,0.0,0,0.0,0,0.0,0,0.0,0,0.0
马丁的早晨围脖,2,1,no_media,0,2,2023-02,1.0,0.0,0.0,0,0.0,0,0.0,0,0.0,0,0.0,0,0.0,0,0.0,1,1.0,0,0.0,0,0.0
马上谈,5,4,no_media,0,5,2023-05,0.0,0.0,1.0,0,0.0,0,0.0,0,0.0,0,0.0,4,1.0,0,0.0,0,0.0,0,0.0,0,0.0
马仕健,3,2,no_media,0,3,2022-05,0.0,0.0,1.0,0,0.0,0,0.0,0,0.0,0,0.0,2,1.0,0,0.0,0,0.0,0,0.0,0,0.0
马佳健康学,2,1,no_media,0,2,2023-06,0.0,0.0,1.0,0,0.0,0,0.0,0,0.0,0,0.0,1,1.0,0,0.0,0,0.0,0,0.0,0,0.0
马宝琳谈房颤,93,92,wemedia_only,3,76,2023-01,0.06521739130434782,0.06521739130434782,0.7934782608695652,0,0.0,6,0.06521739130434782,0,0.0,5,0.05434782608695652,73,0.7934782608695652,4,0.043478260869565216,1,0.010869565217391304,3,0.03260869565217391,0,0.0
马思特99,3,2,no_media,4,1,2023-08,0.5,0.5,0.0,0,0.0,1,0.5,0,0.0,1,0.5,0,0.0,0,0.0,0,0.0,0,0.0,0,0.0
马成福文冠果,12,11,no_media,0,10,2023-02,0.18181818181818182,0.09090909090909091,0.36363636363636365,4,0.36363636363636365,1,0.09090909090909091,0,0.0,2,0.18181818181818182,4,0.36363636363636365,0,0.0,0,0.0,0,0.0,0,0.0
马拉个萌,2,1,no_media,0,2,2022-12,0.0,0.0,1.0,0,0.0,0,0.0,0,0.0,0,0.0,1,1.0,0,0.0,0,0.0,0,0.0,0,0.0
马昆中医,3,2,no_media,0,3,2023-05,0.0,0.0,1.0,0,0.0,0,0.0,0,0.0,0,0.0,2,1.0,0,0.0,0,0.0,0,0.0,0,0.0
马村长很忙,2,1,no_media,0,2,2023-03,0.0,0.0,0.0,0,0.0,0,0.0,0,0.0,0,0.0,0,0.0,1,1.0,0,0.0,0,0.0,0,0.0
马编为所欲为,4,3,no_media,0,4,2023-08,0.3333333333333333,0.3333333333333333,0.3333333333333333,0,0.0,0,0.0,1,0.3333333333333333,1,0.3333333333333333,1,0.3333333333333333,0,0.0,0,0.0,0,0.0,0,0.0
马英明主任,2,1,no_media,0,2,2024-03,0.0,0.0,1.0,0,0.0,0,0.0,0,0.0,0,0.0,1,1.0,0,0.0,0,0.0,0,0.0,0,0.0
马跃成,5,4,no_media,0,5,2023-02,0.25,0.25,0.25,1,0.25,1,0.25,0,0.0,1,0.25,1,0.25,0,0.0,0,0.0,0,0.0,0,0.0
驰月流萤,2,1,no_media,0,2,2023-02,0.0,0.0,0.0,0,0.0,0,0.0,0,0.0,0,0.0,0,0.0,0,0.0,0,0.0,0,0.0,1,1.0
骄傲去哪了_,2,1,no_media,0,1,2023-06,0.0,0.0,1.0,0,0.0,0,0.0,0,0.0,0,0.0,1,1.0,0,0.0,0,0.0,0,0.0,0,0.0
骄傲的孤独的守望者,2,1,no_media,0,2,2022-12,0.0,0.0,0.0,0,0.0,0,0.0,0,0.0,0,0.0,0,0.0,0,0.0,0,0.0,0,0.0,1,1.0
骆越文化研究会,4,3,no_media,0,2,2023-02,0.0,0.0,1.0,0,0.0,0,0.0,0,0.0,0,0.0,3,1.0,0,0.0,0,0.0,0,0.0,0,0.0
骏丰科技官方微博,4,3,no_media,0,4,2023-05,0.0,0.0,1.0,0,0.0,0,0.0,0,0.0,0,0.0,3,1.0,0,0.0,0,0.0,0,0.0,0,0.0
骑士hj666,2,1,no_media,0,2,2025-05,0.0,0.0,1.0,0,0.0,0,0.0,0,0.0,0,0.0,1,1.0,0,0.0,0,0.0,0,0.0,0,0.0
骑牛看周期,6,5,wemedia_only,3,6,2023-02,0.2,0.2,0.2,2,0.4,1,0.2,0,0.0,1,0.2,1,0.2,0,0.0,0,0.0,0,0.0,0,0.0
骑着大象去游荡,3,2,no_media,0,3,2023-02,0.0,0.5,0.0,1,0.5,1,0.5,0,0.0,0,0.0,0,0.0,0,0.0,0,0.0,0,0.0,0,0.0
骑车增肌肉,2,1,no_media,0,2,2023-03,0.0,0.0,0.0,0,0.0,0,0.0,0,0.0,0,0.0,0,0.0,1,1.0,0,0.0,0,0.0,0,0.0
骡木木,4,3,no_media,1,4,2023-09,0.0,0.0,0.3333333333333333,0,0.0,0,0.0,0,0.0,0,0.0,1,0.3333333333333333,0,0.0,0,0.0,1,0.3333333333333333,1,0.3333333333333333
骨哥林,2,1,no_media,0,2,2022-12,0.0,0.0,0.0,0,0.0,0,0.0,0,0.0,0,0.0,0,0.0,0,0.0,0,0.0,1,1.0,0,0.0
高15个妞妞球,2,1,no_media,1,2,2023-09,0.0,1.0,0.0,0,0.0,1,1.0,0,0.0,0,0.0,0,0.0,0,0.0,0,0.0,0,0.0,0,0.0
高zhenyi,2,1,no_media,0,2,2023-11,0.0,0.0,1.0,0,0.0,0,0.0,0,0.0,0,0.0,1,1.0,0,0.0,0,0.0,0,0.0,0,0.0
高举双手法兰西,3,2,wemedia_only,1,3,2023-03,0.5,0.0,0.5,0,0.0,0,0.0,0,0.0,1,0.5,1,0.5,0,0.0,0,0.0,0,0.0,0,0.0
高冷女师姐,3,2,no_media,0,3,2023-02,0.0,0.0,1.0,0,0.0,0,0.0,0,0.0,0,0.0,2,1.0,0,0.0,0,0.0,0,0.0,0,0.0
高县公安,3,2,no_media,0,2,2024-02,0.0,0.0,1.0,0,0.0,0,0.0,0,0.0,0,0.0,2,1.0,0,0.0,0,0.0,0,0.0,0,0.0
高台县融媒体中心,3,2,no_media,0,3,2023-02,0.0,0.0,1.0,0,0.0,0,0.0,0,0.0,0,0.0,2,1.0,0,0.0,0,0.0,0,0.0,0,0.0
高娓娓,3,2,no_media,0,2,2023-03,0.0,0.0,1.0,0,0.0,0,0.0,0,0.0,0,0.0,2,1.0,0,0.0,0,0.0,0,0.0,0,0.0
高宇-高级健康管理师,2,1,no_media,0,2,2023-06,0.0,0.0,1.0,0,0.0,0,0.0,0,0.0,0,0.0,1,1.0,0,0.0,0,0.0,0,0.0,0,0.0
高密市融媒体中心,2,1,no_media,0,2,2023-03,0.0,0.0,1.0,0,0.0,0,0.0,0,0.0,0,0.0,1,1.0,0,0.0,0,0.0,0,0.0,0,0.0
高小猫001,2,1,no_media,3,2,2022-09,0.0,1.0,0.0,0,0.0,1,1.0,0,0.0,0,0.0,0,0.0,0,0.0,0,0.0,0,0.0,0,0.0
高新服务,3,2,mainstream_only,8,3,2023-05,0.0,0.0,1.0,0,0.0,0,0.0,0,0.0,0,0.0,2,1.0,0,0.0,0,0.0,0,0.0,0,0.0
高春梅的天空,4,3,no_media,56,3,2024-07,0.3333333333333333,0.3333333333333333,0.0,1,0.3333333333333333,1,0.3333333333333333,0,0.0,1,0.3333333333333333,0,0.0,0,0.0,0,0.0,0,0.0,0,0.0
高来益营养疗法,33,32,no_media,0,33,2022-12,0.125,0.125,0.625,0,0.0,4,0.125,0,0.0,4,0.125,20,0.625,2,0.0625,0,0.0,2,0.0625,0,0.0
高熊律狂睡黑历史冬亚,2,1,no_media,1,2,2023-12,1.0,0.0,0.0,0,0.0,0,0.0,0,0.0,1,1.0,0,0.0,0,0.0,0,0.0,0,0.0,0,0.0
高牛奶_Milkko,3,2,no_media,1,3,2023-02,0.5,0.0,0.0,0,0.0,0,0.0,0,0.0,0,0.0,0,0.0,0,0.0,1,0.5,0,0.0,1,0.5
高碑店戴尔金钻店,3,2,no_media,3,3,2023-08,0.0,0.0,1.0,0,0.0,0,0.0,0,0.0,0,0.0,2,1.0,0,0.0,0,0.0,0,0.0,0,0.0
高科技的小魔术师,3,2,no_media,0,3,2024-08,0.0,0.0,1.0,0,0.0,0,0.0,0,0.0,0,0.0,2,1.0,0,0.0,0,0.0,0,0.0,0,0.0
高薪招募临床试药员,3,2,no_media,0,2,2023-02,0.0,0.0,1.0,0,0.0,0,0.0,0,0.0,0,0.0,2,1.0,0,0.0,0,0.0,0,0.0,0,0.0
高队,3,2,no_media,0,3,2023-03,0.0,0.0,1.0,0,0.0,0,0.0,0,0.0,0,0.0,2,1.0,0,0.0,0,0.0,0,0.0,0,0.0
高饱腹度海胆子,5,4,no_media,1,5,2023-02,0.25,0.25,0.0,0,0.0,0,0.0,1,0.25,0,0.0,0,0.0,1,0.25,1,0.25,0,0.0,1,0.25
鬼哥看趋势,2,1,no_media,0,2,2025-05,0.0,0.0,1.0,0,0.0,0,0.0,0,0.0,0,0.0,1,1.0,0,0.0,0,0.0,0,0.0,0,0.0
鬼灵鸡怪,2,1,no_media,0,2,2024-01,1.0,0.0,0.0,0,0.0,0,0.0,0,0.0,1,1.0,0,0.0,0,0.0,0,0.0,0,0.0,0,0.0
鬼老醫,8,7,no_media,0,8,2023-04,0.14285714285714285,0.2857142857142857,0.5714285714285714,0,0.0,2,0.2857142857142857,0,0.0,1,0.14285714285714285,4,0.5714285714285714,0,0.0,0,0.0,0,0.0,0,0.0
鬼谷子兔爷,4,3,no_media,0,4,2023-02,0.0,0.3333333333333333,0.6666666666666666,0,0.0,1,0.3333333333333333,0,0.0,0,0.0,2,0.6666666666666666,0,0.0,0,0.0,0,0.0,0,0.0
魅力义安,2,1,no_media,0,2,2023-02,0.0,0.0,1.0,0,0.0,0,0.0,0,0.0,0,0.0,1,1.0,0,0.0,0,0.0,0,0.0,0,0.0
魅力安宁,3,2,no_media,0,3,2023-03,0.0,0.0,1.0,0,0.0,0,0.0,0,0.0,0,0.0,2,1.0,0,0.0,0,0.0,0,0.0,0,0.0
魅力皋兰,2,1,no_media,0,2,2023-02,0.0,0.0,1.0,0,0.0,0,0.0,0,0.0,0,0.0,1,1.0,0,0.0,0,0.0,0,0.0,0,0.0
魅魔晴晴,2,1,no_media,0,2,2023-02,0.0,0.0,1.0,0,0.0,0,0.0,0,0.0,0,0.0,1,1.0,0,0.0,0,0.0,0,0.0,0,0.0
魏正宗教授,2,1,no_media,0,2,2023-02,0.0,0.0,1.0,0,0.0,0,0.0,0,0.0,0,0.0,1,1.0,0,0.0,0,0.0,0,0.0,0,0.0
魏铁军_W-TJ,4,3,no_media,0,4,2023-03,0.3333333333333333,0.3333333333333333,0.3333333333333333,0,0.0,1,0.3333333333333333,0,0.0,1,0.3333333333333333,1,0.3333333333333333,0,0.0,0,0.0,0,0.0,0,0.0
魔仙剑侠,2,1,no_media,0,2,2023-05,0.0,0.0,0.0,0,0.0,0,0.0,0,0.0,0,0.0,0,0.0,1,1.0,0,0.0,0,0.0,0,0.0
魔法少年熊喵喵,2,1,mainstream_only,2,2,2023-04,1.0,0.0,0.0,0,0.0,0,0.0,0,0.0,1,1.0,0,0.0,0,0.0,0,0.0,0,0.0,0,0.0
魔法少年阿七七,5,4,wemedia_only,4,5,2023-07,0.25,0.25,0.0,0,0.0,0,0.0,1,0.25,0,0.0,0,0.0,1,0.25,1,0.25,1,0.25,0,0.0
魔法师蛋小丁,4,3,wemedia_only,1,4,2024-01,0.3333333333333333,0.3333333333333333,0.3333333333333333,0,0.0,0,0.0,1,0.3333333333333333,1,0.3333333333333333,1,0.3333333333333333,0,0.0,0,0.0,0,0.0,0,0.0
魔法气咩妖子酱,2,1,no_media,0,2,2023-02,0.0,0.0,0.0,0,0.0,0,0.0,0,0.0,0,0.0,0,0.0,1,1.0,0,0.0,0,0.0,0,0.0
魔画精灵,2,1,no_media,0,1,2020-03,0.0,0.0,0.0,0,0.0,0,0.0,0,0.0,0,0.0,0,0.0,0,0.0,0,0.0,1,1.0,0,0.0
魔都-女魔头,3,2,no_media,0,3,2023-02,0.0,0.0,0.0,0,0.0,0,0.0,0,0.0,0,0.0,0,0.0,0,0.0,0,0.0,0,0.0,2,1.0
魔都乡下人佩恩,2,1,no_media,1,2,2024-04,0.0,0.0,1.0,0,0.0,0,0.0,0,0.0,0,0.0,1,1.0,0,0.0,0,0.0,0,0.0,0,0.0
魚尛茜,3,2,no_media,1,3,2023-06,0.0,0.0,1.0,0,0.0,0,0.0,0,0.0,0,0.0,2,1.0,0,0.0,0,0.0,0,0.0,0,0.0
鮪仙贝贝,2,1,no_media,0,2,2023-05,0.0,0.0,0.0,0,0.0,0,0.0,0,0.0,0,0.0,0,0.0,0,0.0,0,0.0,0,0.0,1,1.0
鱼呆呆噜呀,8,7,no_media,0,8,2024-03,0.0,0.0,0.2857142857142857,0,0.0,0,0.0,0,0.0,0,0.0,2,0.2857142857142857,1,0.14285714285714285,0,0.0,1,0.14285714285714285,3,0.42857142857142855
鱿鱼甜甜圈,2,1,no_media,0,2,2023-05,0.0,0.0,0.0,0,0.0,0,0.0,0,0.0,0,0.0,0,0.0,0,0.0,0,0.0,0,0.0,1,1.0
鲁中晨报,27,26,no_media,0,21,2020-12,0.038461538461538464,0.038461538461538464,0.9230769230769231,0,0.0,1,0.038461538461538464,0,0.0,1,0.038461538461538464,24,0.9230769230769231,0,0.0,0,0.0,0,0.0,0,0.0
鲁南制药-健康世界,2,1,no_media,0,2,2023-06,0.0,0.0,1.0,0,0.0,0,0.0,0,0.0,0,0.0,1,1.0,0,0.0,0,0.0,0,0.0,0,0.0
鲁比的小毛儿,2,1,no_media,0,2,2023-05,0.0,1.0,0.0,0,0.0,0,0.0,1,1.0,0,0.0,0,0.0,0,0.0,0,0.0,0,0.0,0,0.0
鲁网潍坊,3,2,no_media,0,3,2022-01,0.0,0.0,1.0,0,0.0,0,0.0,0,0.0,0,0.0,2,1.0,0,0.0,0,0.0,0,0.0,0,0.0
鲁艺兵,2,1,no_media,4,2,2022-03,0.0,0.0,1.0,0,0.0,0,0.0,0,0.0,0,0.0,1,1.0,0,0.0,0,0.0,0,0.0,0,0.0
鲍秀兰诊室,7,6,mainstream_only,1,7,2023-05,0.0,0.0,1.0,0,0.0,0,0.0,0,0.0,0,0.0,6,1.0,0,0.0,0,0.0,0,0.0,0,0.0
鲨鮽,8,7,no_media,0,8,2023-04,0.0,0.0,0.42857142857142855,0,0.0,0,0.0,0,0.0,0,0.0,3,0.42857142857142855,2,0.2857142857142857,0,0.0,2,0.2857142857142857,0,0.0
鲲鹏_编辑,2,1,no_media,0,2,2023-08,0.0,0.0,1.0,0,0.0,0,0.0,0,0.0,0,0.0,1,1.0,0,0.0,0,0.0,0,0.0,0,0.0
鲸伏,2,1,no_media,0,2,2023-08,0.0,1.0,0.0,0,0.0,1,1.0,0,0.0,0,0.0,0,0.0,0,0.0,0,0.0,0,0.0,0,0.0
鲸鱼的鲸鲸鱼的鱼鲸鱼的鲸鱼,2,1,no_media,0,2,2024-09,1.0,0.0,0.0,0,0.0,0,0.0,0,0.0,0,0.0,0,0.0,0,0.0,1,1.0,0,0.0,0,0.0
鳗鳗_lovelucinda,2,1,no_media,0,2,2023-09,0.0,0.0,0.0,0,0.0,0,0.0,0,0.0,0,0.0,0,0.0,0,0.0,0,0.0,0,0.0,1,1.0
鸟人-桃之妖妖,7,6,wemedia_only,5,7,2023-05,0.3333333333333333,0.16666666666666666,0.0,2,0.3333333333333333,1,0.16666666666666666,0,0.0,1,0.16666666666666666,0,0.0,1,0.16666666666666666,1,0.16666666666666666,0,0.0,0,0.0
鸟儿问答2020,2,1,wemedia_only,1,2,2023-07,0.0,0.0,1.0,0,0.0,0,0.0,0,0.0,0,0.0,1,1.0,0,0.0,0,0.0,0,0.0,0,0.0
鸟姐Cynthia,2,1,no_media,0,2,2023-05,0.0,0.0,1.0,0,0.0,0,0.0,0,0.0,0,0.0,1,1.0,0,0.0,0,0.0,0,0.0,0,0.0
鸡西微生活,2,1,no_media,0,2,2020-03,0.0,0.0,1.0,0,0.0,0,0.0,0,0.0,0,0.0,1,1.0,0,0.0,0,0.0,0,0.0,0,0.0
鸽毛古尔沙,2,1,no_media,0,2,2024-08,1.0,0.0,0.0,0,0.0,0,0.0,0,0.0,1,1.0,0,0.0,0,0.0,0,0.0,0,0.0,0,0.0
鸿影_91836,2,1,no_media,0,2,2023-03,0.0,0.0,0.0,0,0.0,0,0.0,0,0.0,0,0.0,0,0.0,0,0.0,0,0.0,0,0.0,1,1.0
鹅鹅咕咕咕,2,1,no_media,0,2,2023-05,0.0,0.0,0.0,1,1.0,0,0.0,0,0.0,0,0.0,0,0.0,0,0.0,0,0.0,0,0.0,0,0.0
鹤城晚报,2,1,no_media,0,2,2023-02,0.0,0.0,1.0,0,0.0,0,0.0,0,0.0,0,0.0,1,1.0,0,0.0,0,0.0,0,0.0,0,0.0
鹤壁日报,11,10,no_media,0,11,2021-08,0.0,0.0,1.0,0,0.0,0,0.0,0,0.0,0,0.0,10,1.0,0,0.0,0,0.0,0,0.0,0,0.0
鹤壁网,2,1,no_media,0,2,2020-04,0.0,0.0,1.0,0,0.0,0,0.0,0,0.0,0,0.0,1,1.0,0,0.0,0,0.0,0,0.0,0,0.0
鹤峰气象,2,1,no_media,0,2,2023-11,0.0,0.0,1.0,0,0.0,0,0.0,0,0.0,0,0.0,1,1.0,0,0.0,0,0.0,0,0.0,0,0.0
鹤祥泰-中医,3,2,no_media,0,3,2023-01,0.0,0.0,1.0,0,0.0,0,0.0,0,0.0,0,0.0,2,1.0,0,0.0,0,0.0,0,0.0,0,0.0
鹤翔九天9861,2,1,wemedia_only,15,2,2024-07,0.0,0.0,1.0,0,0.0,0,0.0,0,0.0,0,0.0,1,1.0,0,0.0,0,0.0,0,0.0,0,0.0
鹰击8000里,7,6,wemedia_only,5,6,2023-04,0.16666666666666666,0.16666666666666666,0.5,1,0.16666666666666666,1,0.16666666666666666,0,0.0,1,0.16666666666666666,3,0.5,0,0.0,0,0.0,0,0.0,0,0.0
鹿泉发布,3,2,no_media,0,3,2023-06,0.0,0.0,1.0,0,0.0,0,0.0,0,0.0,0,0.0,2,1.0,0,0.0,0,0.0,0,0.0,0,0.0
鹿豆泥,2,1,no_media,0,2,2023-03,0.0,1.0,0.0,0,0.0,1,1.0,0,0.0,0,0.0,0,0.0,0,0.0,0,0.0,0,0.0,0,0.0
鹿鹿子护卫,4,3,no_media,3,3,2024-05,0.0,0.3333333333333333,0.3333333333333333,1,0.3333333333333333,1,0.3333333333333333,0,0.0,0,0.0,1,0.3333333333333333,0,0.0,0,0.0,0,0.0,0,0.0
麒麟神侯,3,2,no_media,0,3,2023-03,0.0,0.5,0.0,0,0.0,0,0.0,1,0.5,0,0.0,0,0.0,0,0.0,0,0.0,0,0.0,1,0.5
麟麒在墙头吃瓜,3,2,wemedia_only,4,3,2023-05,0.0,0.5,0.5,0,0.0,1,0.5,0,0.0,0,0.0,1,0.5,0,0.0,0,0.0,0,0.0,0,0.0
麦可依然香饽饽,28,27,mainstream_only,23,28,2023-02,0.2222222222222222,0.2222222222222222,0.3333333333333333,3,0.1111111111111111,5,0.18518518518518517,1,0.037037037037037035,4,0.14814814814814814,9,0.3333333333333333,2,0.07407407407407407,2,0.07407407407407407,1,0.037037037037037035,0,0.0
麦姐的日常,2,1,no_media,0,2,2024-08,0.0,0.0,1.0,0,0.0,0,0.0,0,0.0,0,0.0,1,1.0,0,0.0,0,0.0,0,0.0,0,0.0
麦子俊i,3,2,no_media,2,3,2022-12,0.0,0.0,1.0,0,0.0,0,0.0,0,0.0,0,0.0,2,1.0,0,0.0,0,0.0,0,0.0,0,0.0
麦片灯,2,1,no_media,0,2,2023-02,0.0,0.0,0.0,0,0.0,0,0.0,0,0.0,0,0.0,0,0.0,1,1.0,0,0.0,0,0.0,0,0.0
麦芽么么,2,1,no_media,0,2,2023-03,1.0,0.0,0.0,0,0.0,0,0.0,0,0.0,0,0.0,0,0.0,0,0.0,1,1.0,0,0.0,0,0.0
麦莉酥酥,3,2,no_media,1,2,2022-12,0.0,0.0,0.5,0,0.0,0,0.0,0,0.0,0,0.0,1,0.5,0,0.0,0,0.0,1,0.5,0,0.0
麻布女孩yy,2,1,no_media,0,2,2023-05,0.0,0.0,0.0,0,0.0,0,0.0,0,0.0,0,0.0,0,0.0,0,0.0,0,0.0,0,0.0,1,1.0
麻省理工科技评论,4,3,no_media,0,4,2022-12,0.0,0.0,1.0,0,0.0,0,0.0,0,0.0,0,0.0,3,1.0,0,0.0,0,0.0,0,0.0,0,0.0
麻簌簌,2,1,no_media,0,2,2023-05,0.0,0.0,1.0,0,0.0,0,0.0,0,0.0,0,0.0,1,1.0,0,0.0,0,0.0,0,0.0,0,0.0
麻酱大果ER,2,1,no_media,0,2,2023-03,0.0,0.0,0.0,0,0.0,0,0.0,0,0.0,0,0.0,0,0.0,0,0.0,0,0.0,0,0.0,1,1.0
麻醉医生凌楚眠,4,3,mainstream_only,1,4,2024-09,0.0,0.0,1.0,0,0.0,0,0.0,0,0.0,0,0.0,3,1.0,0,0.0,0,0.0,0,0.0,0,0.0
黄xixi,2,1,no_media,0,2,2023-06,0.0,0.0,0.0,0,0.0,0,0.0,0,0.0,0,0.0,0,0.0,0,0.0,0,0.0,1,1.0,0,0.0
黄健Peter,2,1,no_media,0,2,2023-12,0.0,0.0,1.0,0,0.0,0,0.0,0,0.0,0,0.0,1,1.0,0,0.0,0,0.0,0,0.0,0,0.0
黄冈政府门户网,11,10,no_media,0,10,2020-03,0.0,0.0,1.0,0,0.0,0,0.0,0,0.0,0,0.0,10,1.0,0,0.0,0,0.0,0,0.0,0,0.0
黄勇刚,2,1,wemedia_only,1,2,2023-10,0.0,0.0,1.0,0,0.0,0,0.0,0,0.0,0,0.0,1,1.0,0,0.0,0,0.0,0,0.0,0,0.0
黄嘟嘟cq,3,2,no_media,0,3,2023-04,0.0,0.0,1.0,0,0.0,0,0.0,0,0.0,0,0.0,2,1.0,0,0.0,0,0.0,0,0.0,0,0.0
黄圆媛医师,2,1,wemedia_only,2,2,2021-03,0.0,0.0,1.0,0,0.0,0,0.0,0,0.0,0,0.0,1,1.0,0,0.0,0,0.0,0,0.0,0,0.0
黄埔检察,2,1,mainstream_only,2,2,2022-10,0.0,0.0,1.0,0,0.0,0,0.0,0,0.0,0,0.0,1,1.0,0,0.0,0,0.0,0,0.0,0,0.0
黄奕江海南呼吸病,2,1,no_media,0,2,2023-05,0.0,0.0,1.0,0,0.0,0,0.0,0,0.0,0,0.0,1,1.0,0,0.0,0,0.0,0,0.0,0,0.0
黄安,5,4,no_media,0,5,2023-02,0.0,0.0,0.0,0,0.0,0,0.0,0,0.0,0,0.0,0,0.0,1,0.25,0,0.0,1,0.25,2,0.5
黄小霖机灵聪明,2,1,no_media,0,2,2023-08,1.0,0.0,0.0,0,0.0,0,0.0,0,0.0,0,0.0,0,0.0,0,0.0,1,1.0,0,0.0,0,0.0
黄德德荣,3,2,no_media,0,3,2023-02,0.0,0.0,1.0,0,0.0,0,0.0,0,0.0,0,0.0,2,1.0,0,0.0,0,0.0,0,0.0,0,0.0
黄打油,14,13,mainstream_only,6,13,2023-02,0.15384615384615385,0.23076923076923078,0.15384615384615385,0,0.0,2,0.15384615384615385,1,0.07692307692307693,0,0.0,2,0.15384615384615385,2,0.15384615384615385,2,0.15384615384615385,1,0.07692307692307693,3,0.23076923076923078
黄斌-元御传人,5,4,no_media,0,5,2023-08,0.0,0.0,1.0,0,0.0,0,0.0,0,0.0,0,0.0,4,1.0,0,0.0,0,0.0,0,0.0,0,0.0
黄昏起了雪犹其宁静,2,1,wemedia_only,1,1,2022-12,0.0,1.0,0.0,0,0.0,1,1.0,0,0.0,0,0.0,0,0.0,0,0.0,0,0.0,0,0.0,0,0.0
黄毛秋莎,2,1,mainstream_only,6,2,2020-03,0.0,0.0,1.0,0,0.0,0,0.0,0,0.0,0,0.0,1,1.0,0,0.0,0,0.0,0,0.0,0,0.0
黄河万里浪,7,6,no_media,0,7,2023-05,0.16666666666666666,0.16666666666666666,0.6666666666666666,0,0.0,1,0.16666666666666666,0,0.0,1,0.16666666666666666,4,0.6666666666666666,0,0.0,0,0.0,0,0.0,0,0.0
黄河中心医院,2,1,no_media,0,2,2023-11,0.0,0.0,1.0,0,0.0,0,0.0,0,0.0,0,0.0,1,1.0,0,0.0,0,0.0,0,0.0,0,0.0
黄河坝上天选人,2,1,no_media,0,2,2024-09,0.0,0.0,0.0,0,0.0,0,0.0,0,0.0,0,0.0,0,0.0,1,1.0,0,0.0,0,0.0,0,0.0
黄河新流域,2,1,no_media,0,2,2023-03,0.0,0.0,0.0,1,1.0,0,0.0,0,0.0,0,0.0,0,0.0,0,0.0,0,0.0,0,0.0,0,0.0
黄河新闻网,5,4,no_media,0,5,2021-08,0.0,0.0,1.0,0,0.0,0,0.0,0,0.0,0,0.0,4,1.0,0,0.0,0,0.0,0,0.0,0,0.0
黄河新闻网吕梁频道,27,26,no_media,0,25,2023-02,0.0,0.0,1.0,0,0.0,0,0.0,0,0.0,0,0.0,26,1.0,0,0.0,0,0.0,0,0.0,0,0.0
黄河新闻网忻州频道,3,2,no_media,0,3,2022-12,0.0,0.0,1.0,0,0.0,0,0.0,0,0.0,0,0.0,2,1.0,0,0.0,0,0.0,0,0.0,0,0.0
黄点点的微博,2,1,mainstream_only,1,2,2024-04,0.0,0.0,1.0,0,0.0,0,0.0,0,0.0,0,0.0,1,1.0,0,0.0,0,0.0,0,0.0,0,0.0
黄狗子喵喵喵,2,1,no_media,0,2,2023-03,0.0,1.0,0.0,0,0.0,1,1.0,0,0.0,0,0.0,0,0.0,0,0.0,0,0.0,0,0.0,0,0.0
黄登承,2,1,no_media,0,2,2023-02,0.0,0.0,0.0,0,0.0,0,0.0,0,0.0,0,0.0,0,0.0,0,0.0,0,0.0,1,1.0,0,0.0
黄石发布,21,20,no_media,0,20,2020-03,0.0,0.0,1.0,0,0.0,0,0.0,0,0.0,0,0.0,20,1.0,0,0.0,0,0.0,0,0.0,0,0.0
黄石市广播电视台,18,17,no_media,0,17,2020-03,0.0,0.0,1.0,0,0.0,0,0.0,0,0.0,0,0.0,17,1.0,0,0.0,0,0.0,0,0.0,0,0.0
黄胜友,4,3,no_media,0,4,2021-03,0.3333333333333333,0.3333333333333333,0.3333333333333333,0,0.0,1,0.3333333333333333,0,0.0,1,0.3333333333333333,1,0.3333333333333333,0,0.0,0,0.0,0,0.0,0,0.0
黄茂欣,2,1,no_media,2,2,2022-12,0.0,0.0,0.0,0,0.0,0,0.0,0,0.0,0,0.0,0,0.0,0,0.0,0,0.0,0,0.0,1,1.0
黄荣健27304,2,1,no_media,0,2,2023-02,1.0,0.0,0.0,0,0.0,0,0.0,0,0.0,1,1.0,0,0.0,0,0.0,0,0.0,0,0.0,0,0.0
黄葵红锦墨旱莲,2,1,no_media,4,2,2023-03,1.0,0.0,0.0,0,0.0,0,0.0,0,0.0,0,0.0,0,0.0,0,0.0,1,1.0,0,0.0,0,0.0
黄薏如负离子养生法,2,1,no_media,0,2,2024-01,0.0,0.0,1.0,0,0.0,0,0.0,0,0.0,0,0.0,1,1.0,0,0.0,0,0.0,0,0.0,0,0.0
黄道带1977,2,1,no_media,1,2,2022-12,0.0,0.0,1.0,0,0.0,0,0.0,0,0.0,0,0.0,1,1.0,0,0.0,0,0.0,0,0.0,0,0.0
黎夕朝暮一朵耘,2,1,no_media,0,2,2023-05,0.0,0.0,0.0,0,0.0,0,0.0,0,0.0,0,0.0,0,0.0,0,0.0,0,0.0,0,0.0,1,1.0
黎明的希望夕阳的悲伤,3,2,no_media,1,3,2023-07,0.5,0.5,0.0,0,0.0,1,0.5,0,0.0,0,0.0,0,0.0,0,0.0,1,0.5,0,0.0,0,0.0
黑人cccp二号,2,1,wemedia_only,3,2,2023-04,0.0,0.0,1.0,0,0.0,0,0.0,0,0.0,0,0.0,1,1.0,0,0.0,0,0.0,0,0.0,0,0.0
黑化小鼠猫,2,1,no_media,0,2,2023-02,0.0,1.0,0.0,0,0.0,0,0.0,1,1.0,0,0.0,0,0.0,0,0.0,0,0.0,0,0.0,0,0.0
黑夜让我安眠,2,1,no_media,1,2,2023-07,0.0,0.0,1.0,0,0.0,0,0.0,0,0.0,0,0.0,1,1.0,0,0.0,0,0.0,0,0.0,0,0.0
黑妹速记,2,1,no_media,0,1,2025-05,0.0,0.0,1.0,0,0.0,0,0.0,0,0.0,0,0.0,1,1.0,0,0.0,0,0.0,0,0.0,0,0.0
黑暗W森林,2,1,no_media,0,2,2024-02,0.0,0.0,0.0,0,0.0,0,0.0,0,0.0,0,0.0,0,0.0,0,0.0,0,0.0,0,0.0,1,1.0
黑桐亁也,3,2,wemedia_only,3,3,2024-01,0.0,0.5,0.5,0,0.0,1,0.5,0,0.0,0,0.0,1,0.5,0,0.0,0,0.0,0,0.0,0,0.0
黑洞大叔说,2,1,no_media,0,2,2025-05,0.0,1.0,0.0,0,0.0,1,1.0,0,0.0,0,0.0,0,0.0,0,0.0,0,0.0,0,0.0,0,0.0
黑潮君,3,2,no_media,1,3,2023-04,0.5,0.0,0.0,0,0.0,0,0.0,0,0.0,1,0.5,0,0.0,0,0.0,0,0.0,1,0.5,0,0.0
黑猫,2,1,no_media,0,2,2023-02,0.0,0.0,0.0,0,0.0,0,0.0,0,0.0,0,0.0,0,0.0,1,1.0,0,0.0,0,0.0,0,0.0
黑珍珠启航,2,1,wemedia_only,4,1,2023-03,0.0,0.0,1.0,0,0.0,0,0.0,0,0.0,0,0.0,1,1.0,0,0.0,0,0.0,0,0.0,0,0.0
黑白红AIA,2,1,no_media,0,1,2024-10,0.0,0.0,1.0,0,0.0,0,0.0,0,0.0,0,0.0,1,1.0,0,0.0,0,0.0,0,0.0,0,0.0
黑色水晶钥匙,2,1,no_media,0,2,2024-03,1.0,0.0,0.0,0,0.0,0,0.0,0,0.0,0,0.0,0,0.0,0,0.0,1,1.0,0,0.0,0,0.0
黑铁流仪410,2,1,no_media,0,2,2023-12,0.0,0.0,0.0,0,0.0,0,0.0,0,0.0,0,0.0,0,0.0,0,0.0,0,0.0,0,0.0,1,1.0
黑风岭的牛魔王,6,5,no_media,0,6,2023-05,0.0,0.2,0.2,2,0.4,0,0.0,1,0.2,0,0.0,1,0.2,0,0.0,0,0.0,1,0.2,0,0.0
黑黑_gunner,2,1,mainstream_only,2,2,2024-03,0.0,0.0,1.0,0,0.0,0,0.0,0,0.0,0,0.0,1,1.0,0,0.0,0,0.0,0,0.0,0,0.0
黑龙江广播电视台,3,2,no_media,0,3,2022-12,0.0,0.0,1.0,0,0.0,0,0.0,0,0.0,0,0.0,2,1.0,0,0.0,0,0.0,0,0.0,0,0.0
黑龙江日报,28,27,no_media,0,24,2020-12,0.037037037037037035,0.037037037037037035,0.9259259259259259,0,0.0,1,0.037037037037037035,0,0.0,1,0.037037037037037035,25,0.9259259259259259,0,0.0,0,0.0,0,0.0,0,0.0
黑龙江瑞京糖尿病医院,2,1,no_media,0,2,2023-03,0.0,0.0,1.0,0,0.0,0,0.0,0,0.0,0,0.0,1,1.0,0,0.0,0,0.0,0,0.0,0,0.0
黑龙江疾控,5,4,no_media,0,5,2023-04,0.0,0.0,1.0,0,0.0,0,0.0,0,0.0,0,0.0,4,1.0,0,0.0,0,0.0,0,0.0,0,0.0
黑龙江省总工会,3,2,no_media,0,3,2025-02,0.0,0.0,1.0,0,0.0,0,0.0,0,0.0,0,0.0,2,1.0,0,0.0,0,0.0,0,0.0,0,0.0
黔东南政务微博,4,3,no_media,0,4,2023-02,0.0,0.0,1.0,0,0.0,0,0.0,0,0.0,0,0.0,3,1.0,0,0.0,0,0.0,0,0.0,0,0.0
黔东南新闻网官方微博,21,20,no_media,0,20,2020-03,0.0,0.0,1.0,0,0.0,0,0.0,0,0.0,0,0.0,20,1.0,0,0.0,0,0.0,0,0.0,0,0.0
黔南检察,3,2,mainstream_only,1,3,2021-03,0.0,0.5,0.5,0,0.0,1,0.5,0,0.0,0,0.0,1,0.5,0,0.0,0,0.0,0,0.0,0,0.0
默存涵德,2,1,dual,9,2,2023-02,0.0,0.0,1.0,0,0.0,0,0.0,0,0.0,0,0.0,1,1.0,0,0.0,0,0.0,0,0.0,0,0.0
默客2024,2,1,no_media,0,2,2023-03,1.0,0.0,0.0,0,0.0,0,0.0,0,0.0,0,0.0,0,0.0,0,0.0,1,1.0,0,0.0,0,0.0
默斋主人v,3,2,no_media,0,3,2023-03,0.0,0.0,1.0,0,0.0,0,0.0,0,0.0,0,0.0,2,1.0,0,0.0,0,0.0,0,0.0,0,0.0
點新聞dotdotnews,17,16,no_media,0,17,2022-03,0.0,0.0,1.0,0,0.0,0,0.0,0,0.0,0,0.0,16,1.0,0,0.0,0,0.0,0,0.0,0,0.0
鼎湖子虚庐_2010,2,1,no_media,0,2,2023-03,0.0,0.0,0.0,0,0.0,0,0.0,0,0.0,0,0.0,0,0.0,0,0.0,0,0.0,0,0.0,1,1.0
鼎象航服-特价机票,3,2,no_media,0,2,2020-11,0.0,0.0,1.0,0,0.0,0,0.0,0,0.0,0,0.0,2,1.0,0,0.0,0,0.0,0,0.0,0,0.0
鼠鼠学长帅帅帅,36,35,no_media,0,20,2023-09,0.08571428571428572,0.08571428571428572,0.6857142857142857,2,0.05714285714285714,3,0.08571428571428572,0,0.0,3,0.08571428571428572,24,0.6857142857142857,1,0.02857142857142857,0,0.0,1,0.02857142857142857,1,0.02857142857142857
鼠鼠的三楼实验室,4,3,no_media,4,4,2023-02,0.0,0.0,0.6666666666666666,0,0.0,0,0.0,0,0.0,0,0.0,2,0.6666666666666666,0,0.0,0,0.0,1,0.3333333333333333,0,0.0
齐云圣帝洛珊,5,4,wemedia_only,3,5,2023-06,0.25,0.25,0.5,0,0.0,1,0.25,0,0.0,1,0.25,2,0.5,0,0.0,0,0.0,0,0.0,0,0.0
齐天大圣的花果山上,2,1,no_media,0,2,2024-04,0.0,0.0,1.0,0,0.0,0,0.0,0,0.0,0,0.0,1,1.0,0,0.0,0,0.0,0,0.0,0,0.0
齐梦情感,2,1,no_media,0,2,2025-03,1.0,0.0,0.0,0,0.0,0,0.0,0,0.0,0,0.0,0,0.0,0,0.0,1,1.0,0,0.0,0,0.0
齐鲁壹点,27,26,no_media,0,20,2020-03,0.0,0.0,1.0,0,0.0,0,0.0,0,0.0,0,0.0,26,1.0,0,0.0,0,0.0,0,0.0,0,0.0
齐鲁晚报,41,40,no_media,0,32,2020-03,0.05,0.05,0.875,1,0.025,2,0.05,0,0.0,2,0.05,35,0.875,0,0.0,0,0.0,0,0.0,0,0.0
齐鲁晚报-今日菏泽,8,7,no_media,0,7,2021-06,0.0,0.0,1.0,0,0.0,0,0.0,0,0.0,0,0.0,7,1.0,0,0.0,0,0.0,0,0.0,0,0.0
齐鲁青未了-3,26,25,wemedia_only,14,26,2022-12,0.08,0.08,0.8,1,0.04,2,0.08,0,0.0,2,0.08,20,0.8,0,0.0,0,0.0,0,0.0,0,0.0
齐齐哈尔新闻网,11,10,no_media,0,11,2023-02,0.0,0.0,1.0,0,0.0,0,0.0,0,0.0,0,0.0,10,1.0,0,0.0,0,0.0,0,0.0,0,0.0
龍宮輝夜,3,2,wemedia_only,4,3,2022-10,0.5,0.5,0.0,0,0.0,1,0.5,0,0.0,0,0.0,0,0.0,0,0.0,1,0.5,0,0.0,0,0.0
龙哥数学之旅,2,1,no_media,6,2,2022-03,0.0,0.0,1.0,0,0.0,0,0.0,0,0.0,0,0.0,1,1.0,0,0.0,0,0.0,0,0.0,0,0.0
龙唯依,4,3,no_media,0,4,2022-03,0.3333333333333333,0.3333333333333333,0.0,0,0.0,0,0.0,1,0.3333333333333333,1,0.3333333333333333,0,0.0,0,0.0,0,0.0,1,0.3333333333333333,0,0.0
龙头视野,8,7,no_media,0,6,2020-04,0.0,0.0,1.0,0,0.0,0,0.0,0,0.0,0,0.0,7,1.0,0,0.0,0,0.0,0,0.0,0,0.0
龙家天道苑,7,6,no_media,0,7,2023-02,0.0,0.0,1.0,0,0.0,0,0.0,0,0.0,0,0.0,6,1.0,0,0.0,0,0.0,0,0.0,0,0.0
龙山懂王,2,1,no_media,1,2,2024-02,0.0,0.0,1.0,0,0.0,0,0.0,0,0.0,0,0.0,1,1.0,0,0.0,0,0.0,0,0.0,0,0.0
龙岩市融媒体中心,5,4,no_media,0,5,2023-12,0.0,0.0,1.0,0,0.0,0,0.0,0,0.0,0,0.0,4,1.0,0,0.0,0,0.0,0,0.0,0,0.0
龙帅江,8,7,no_media,0,8,2023-02,0.0,0.0,1.0,0,0.0,0,0.0,0,0.0,0,0.0,7,1.0,0,0.0,0,0.0,0,0.0,0,0.0
龙报名医,2,1,no_media,0,2,2023-03,0.0,0.0,1.0,0,0.0,0,0.0,0,0.0,0,0.0,1,1.0,0,0.0,0,0.0,0,0.0,0,0.0
龙晓愉Alvin,3,2,no_media,0,3,2023-02,0.0,0.0,0.0,0,0.0,0,0.0,0,0.0,0,0.0,0,0.0,0,0.0,0,0.0,0,0.0,2,1.0
龙江气象,3,2,no_media,0,3,2022-03,0.0,0.0,1.0,0,0.0,0,0.0,0,0.0,0,0.0,2,1.0,0,0.0,0,0.0,0,0.0,0,0.0
龙瑞见观天下,2,1,no_media,2,2,2022-12,0.0,0.0,1.0,0,0.0,0,0.0,0,0.0,0,0.0,1,1.0,0,0.0,0,0.0,0,0.0,0,0.0
龙腾2021-2049,2,1,no_media,0,2,2025-03,0.0,0.0,1.0,0,0.0,0,0.0,0,0.0,0,0.0,1,1.0,0,0.0,0,0.0,0,0.0,0,0.0
龙里县人民政府网,28,27,no_media,0,25,2023-04,0.0,0.0,1.0,0,0.0,0,0.0,0,0.0,0,0.0,27,1.0,0,0.0,0,0.0,0,0.0,0,0.0
龚凯杰,5,4,no_media,0,5,2023-02,0.0,0.25,0.25,0,0.0,1,0.25,0,0.0,0,0.0,1,0.25,1,0.25,0,0.0,1,0.25,0,0.0
龚晓明医生,2,1,no_media,0,2,2023-02,0.0,0.0,1.0,0,0.0,0,0.0,0,0.0,0,0.0,1,1.0,0,0.0,0,0.0,0,0.0,0,0.0
龜龜龜3999,5,4,no_media,2,5,2023-02,0.25,0.25,0.25,0,0.0,1,0.25,0,0.0,1,0.25,1,0.25,1,0.25,0,0.0,0,0.0,0,0.0
