user_name,exposure_group,prev_time,curr_time,transition,env_type,env_risk_ratio,next_state,gap_days,time_fe,n_posts,n_total_interactions,active_days,z_n_total_interactions,z_active_days,z_n_posts
-食品与养生-,mainstream_only,2023-02-02 22:03:00,2023-02-07 12:51:00,M->M,risk,1.0,M,4.616666666666666,2023Q1,7,8,7,-0.4182087029502085,-0.7790091682732011,-0.7723732204402822
-食品与养生-,mainstream_only,2023-02-07 12:51:00,2023-02-08 22:28:00,M->M,risk,1.0,M,1.4006944444444445,2023Q1,7,8,7,-0.4182087029502085,-0.7790091682732011,-0.7723732204402822
-食品与养生-,mainstream_only,2023-02-08 22:28:00,2023-07-21 22:00:00,M->M,risk,1.0,M,162.98055555555555,2023Q3,7,8,7,-0.4182087029502085,-0.7790091682732011,-0.7723732204402822
-食品与养生-,mainstream_only,2024-01-31 21:52:00,2024-05-07 22:03:00,M->M,norisk,0.0,M,97.00763888888889,2024Q2,7,8,7,-0.4182087029502085,-0.7790091682732011,-0.7723732204402822
17度生活,mainstream_only,2023-02-20 06:33:00,2024-12-01 03:42:00,L->M,norisk,0.0,M,649.88125,2024Q4,2,1,2,-0.6337022045549524,-0.8736034762056902,-0.8450113378100864
2019novelCOronaVirus,mainstream_only,2023-06-14 00:33:00,2023-09-25 00:56:00,M->M,risk,1.0,M,103.01597222222222,2023Q3,3,8,3,-0.4182087029502085,-0.8546846146191924,-0.8304837143361256
2024来了,wemedia_only,2022-03-14 14:35:00,2022-03-14 14:38:00,M->M,risk,1.0,M,0.0020833333333333333,2022Q1,2,2,1,-0.6029174186114176,-0.892522337792188,-0.8450113378100864
21世纪经济报道,mainstream_only,2022-12-16 09:50:00,2023-03-06 16:57:00,M->M,norisk,0.0,M,80.29652777777778,2023Q1,11,1,11,-0.6337022045549524,-0.7033337219272098,-0.7142627265444388
21世纪经济报道,mainstream_only,2023-03-06 16:57:00,2023-03-14 10:51:00,M->M,norisk,0.0,M,7.745833333333334,2023Q1,11,1,11,-0.6337022045549524,-0.7033337219272098,-0.7142627265444388
21世纪经济报道,mainstream_only,2023-03-14 10:51:00,2023-03-23 14:23:00,M->M,norisk,0.0,M,9.147222222222222,2023Q1,11,1,11,-0.6337022045549524,-0.7033337219272098,-0.7142627265444388
21世纪经济报道,mainstream_only,2023-03-23 14:23:00,2023-04-08 16:30:00,M->M,norisk,0.0,M,16.088194444444444,2023Q2,11,1,11,-0.6337022045549524,-0.7033337219272098,-0.7142627265444388
21世纪经济报道,mainstream_only,2023-04-08 16:30:00,2023-08-01 20:48:00,M->M,norisk,0.0,M,115.17916666666666,2023Q3,11,1,11,-0.6337022045549524,-0.7033337219272098,-0.7142627265444388
21世纪经济报道,mainstream_only,2023-08-01 20:48:00,2024-01-14 20:58:00,M->M,norisk,0.0,M,166.00694444444446,2024Q1,11,1,11,-0.6337022045549524,-0.7033337219272098,-0.7142627265444388
21世纪经济报道,mainstream_only,2024-01-14 20:58:00,2024-08-14 18:13:00,M->M,norisk,0.0,M,212.88541666666666,2024Q3,11,1,11,-0.6337022045549524,-0.7033337219272098,-0.7142627265444388
21世纪经济报道,mainstream_only,2024-08-14 18:13:00,2025-05-15 23:31:00,M->M,norisk,0.0,M,274.22083333333336,2025Q2,11,1,11,-0.6337022045549524,-0.7033337219272098,-0.7142627265444388
21世纪经济报道,mainstream_only,2025-05-15 23:31:00,2025-05-21 07:18:00,M->M,norisk,0.0,M,5.324305555555555,2025Q2,11,1,11,-0.6337022045549524,-0.7033337219272098,-0.7142627265444388
21世纪经济报道,mainstream_only,2025-05-21 07:18:00,2025-05-24 13:07:00,M->M,norisk,0.0,M,3.2423611111111112,2025Q2,11,1,11,-0.6337022045549524,-0.7033337219272098,-0.7142627265444388
911苏州新闻广播,mainstream_only,2022-10-14 10:21:00,2023-02-09 15:24:00,M->M,risk,1.0,M,118.21041666666666,2023Q1,5,1,5,-0.6337022045549524,-0.8168468914461967,-0.8014284673882038
911苏州新闻广播,mainstream_only,2023-02-09 15:24:00,2023-05-28 18:32:00,M->M,norisk,0.0,M,108.13055555555556,2023Q2,5,1,5,-0.6337022045549524,-0.8168468914461967,-0.8014284673882038
911苏州新闻广播,mainstream_only,2023-05-28 18:32:00,2023-11-22 19:54:00,M->M,norisk,0.0,M,178.05694444444444,2023Q4,5,1,5,-0.6337022045549524,-0.8168468914461967,-0.8014284673882038
911苏州新闻广播,mainstream_only,2023-11-22 19:54:00,2024-01-12 14:00:00,M->M,norisk,0.0,M,50.75416666666667,2024Q1,5,1,5,-0.6337022045549524,-0.8168468914461967,-0.8014284673882038
ATAO颜值上分中,wemedia_only,2023-02-28 18:17:00,2023-03-02 19:57:00,H->H,risk,1.0,H,2.0694444444444446,2023Q1,2,3,2,-0.5721326326678827,-0.8736034762056902,-0.8450113378100864
Apocalypse-锐,wemedia_only,2023-05-02 00:06:00,2023-06-02 23:55:00,M->H,risk,1.0,H,31.992361111111112,2023Q2,93,11,88,-0.3258543451196039,0.7534186202331231,0.47700239832035096
Apocalypse-锐,wemedia_only,2023-06-02 23:55:00,2023-06-28 18:01:00,H->H,norisk,0.0,H,25.754166666666666,2023Q2,93,11,88,-0.3258543451196039,0.7534186202331231,0.47700239832035096
Apocalypse-锐,wemedia_only,2023-06-28 18:01:00,2023-07-04 22:16:00,H->M,risk,1.0,M,6.177083333333333,2023Q3,93,11,88,-0.3258543451196039,0.7534186202331231,0.47700239832035096
Apocalypse-锐,wemedia_only,2023-07-04 22:16:00,2023-07-16 20:56:00,M->H,norisk,0.0,H,11.944444444444445,2023Q3,93,11,88,-0.3258543451196039,0.7534186202331231,0.47700239832035096
Apocalypse-锐,wemedia_only,2023-07-16 20:56:00,2023-09-03 22:26:00,H->M,norisk,0.0,M,49.0625,2023Q3,93,11,88,-0.3258543451196039,0.7534186202331231,0.47700239832035096
Apocalypse-锐,wemedia_only,2023-09-03 22:26:00,2023-09-11 07:41:00,M->M,risk,1.0,M,7.385416666666667,2023Q3,93,11,88,-0.3258543451196039,0.7534186202331231,0.47700239832035096
Apocalypse-锐,wemedia_only,2023-09-11 07:41:00,2023-09-16 19:19:00,M->M,norisk,0.0,M,5.4847222222222225,2023Q3,93,11,88,-0.3258543451196039,0.7534186202331231,0.47700239832035096
Apocalypse-锐,wemedia_only,2023-09-16 19:19:00,2023-09-21 23:44:00,M->M,risk,1.0,M,5.184027777777778,2023Q3,93,11,88,-0.3258543451196039,0.7534186202331231,0.47700239832035096
Apocalypse-锐,wemedia_only,2023-09-21 23:44:00,2023-09-25 18:11:00,M->H,risk,1.0,H,3.76875,2023Q3,93,11,88,-0.3258543451196039,0.7534186202331231,0.47700239832035096
Apocalypse-锐,wemedia_only,2023-09-25 18:11:00,2023-10-03 14:17:00,H->L,risk,1.0,L,7.8375,2023Q4,93,11,88,-0.3258543451196039,0.7534186202331231,0.47700239832035096
Apocalypse-锐,wemedia_only,2023-10-03 14:17:00,2023-10-16 21:36:00,L->M,risk,1.0,M,13.30486111111111,2023Q4,93,11,88,-0.3258543451196039,0.7534186202331231,0.47700239832035096
Apocalypse-锐,wemedia_only,2023-10-16 21:36:00,2023-10-17 22:13:00,M->M,norisk,0.0,M,1.0256944444444445,2023Q4,93,11,88,-0.3258543451196039,0.7534186202331231,0.47700239832035096
Apocalypse-锐,wemedia_only,2023-10-17 22:13:00,2023-10-25 13:42:00,M->M,risk,1.0,M,7.645138888888889,2023Q4,93,11,88,-0.3258543451196039,0.7534186202331231,0.47700239832035096
Apocalypse-锐,wemedia_only,2023-10-25 13:42:00,2023-11-01 16:53:00,M->M,norisk,0.0,M,7.132638888888889,2023Q4,93,11,88,-0.3258543451196039,0.7534186202331231,0.47700239832035096
Apocalypse-锐,wemedia_only,2023-11-01 16:53:00,2023-11-23 19:20:00,M->M,risk,1.0,M,22.102083333333333,2023Q4,93,11,88,-0.3258543451196039,0.7534186202331231,0.47700239832035096
Apocalypse-锐,wemedia_only,2023-11-23 19:20:00,2023-11-24 23:26:00,M->M,norisk,0.0,M,1.1708333333333334,2023Q4,93,11,88,-0.3258543451196039,0.7534186202331231,0.47700239832035096
Apocalypse-锐,wemedia_only,2023-11-24 23:26:00,2023-12-06 22:05:00,M->M,norisk,0.0,M,11.94375,2023Q4,93,11,88,-0.3258543451196039,0.7534186202331231,0.47700239832035096
Apocalypse-锐,wemedia_only,2023-12-06 22:05:00,2023-12-06 22:07:00,M->M,risk,1.0,M,0.001388888888888889,2023Q4,93,11,88,-0.3258543451196039,0.7534186202331231,0.47700239832035096
Apocalypse-锐,wemedia_only,2023-12-06 22:07:00,2023-12-14 17:20:00,M->M,risk,1.0,M,7.800694444444445,2023Q4,93,11,88,-0.3258543451196039,0.7534186202331231,0.47700239832035096
Apocalypse-锐,wemedia_only,2023-12-14 17:20:00,2023-12-14 21:52:00,M->M,norisk,0.0,M,0.18888888888888888,2023Q4,93,11,88,-0.3258543451196039,0.7534186202331231,0.47700239832035096
Apocalypse-锐,wemedia_only,2023-12-14 21:52:00,2023-12-18 19:34:00,M->M,norisk,0.0,M,3.904166666666667,2023Q4,93,11,88,-0.3258543451196039,0.7534186202331231,0.47700239832035096
Apocalypse-锐,wemedia_only,2023-12-18 19:34:00,2023-12-21 18:01:00,M->H,risk,1.0,H,2.935416666666667,2023Q4,93,11,88,-0.3258543451196039,0.7534186202331231,0.47700239832035096
Apocalypse-锐,wemedia_only,2023-12-21 18:01:00,2023-12-21 22:20:00,H->H,risk,1.0,H,0.1798611111111111,2023Q4,93,11,88,-0.3258543451196039,0.7534186202331231,0.47700239832035096
Apocalypse-锐,wemedia_only,2023-12-21 22:20:00,2023-12-31 11:13:00,H->H,risk,1.0,H,9.536805555555556,2023Q4,93,11,88,-0.3258543451196039,0.7534186202331231,0.47700239832035096
Apocalypse-锐,wemedia_only,2023-12-31 11:13:00,2024-01-04 10:57:00,H->M,risk,1.0,M,3.988888888888889,2024Q1,93,11,88,-0.3258543451196039,0.7534186202331231,0.47700239832035096
Apocalypse-锐,wemedia_only,2024-01-04 10:57:00,2024-01-07 20:24:00,M->M,risk,1.0,M,3.39375,2024Q1,93,11,88,-0.3258543451196039,0.7534186202331231,0.47700239832035096
Apocalypse-锐,wemedia_only,2024-01-07 20:24:00,2024-01-15 22:23:00,M->M,risk,1.0,M,8.082638888888889,2024Q1,93,11,88,-0.3258543451196039,0.7534186202331231,0.47700239832035096
Apocalypse-锐,wemedia_only,2024-01-15 22:23:00,2024-01-25 12:29:00,M->M,risk,1.0,M,9.5875,2024Q1,93,11,88,-0.3258543451196039,0.7534186202331231,0.47700239832035096
Apocalypse-锐,wemedia_only,2024-01-25 12:29:00,2024-03-03 17:59:00,M->M,risk,1.0,M,38.229166666666664,2024Q1,93,11,88,-0.3258543451196039,0.7534186202331231,0.47700239832035096
Apocalypse-锐,wemedia_only,2024-03-03 17:59:00,2024-03-09 19:30:00,M->M,norisk,0.0,M,6.063194444444444,2024Q1,93,11,88,-0.3258543451196039,0.7534186202331231,0.47700239832035096
Apocalypse-锐,wemedia_only,2024-03-09 19:30:00,2024-03-12 17:18:00,M->M,norisk,0.0,M,2.908333333333333,2024Q1,93,11,88,-0.3258543451196039,0.7534186202331231,0.47700239832035096
Apocalypse-锐,wemedia_only,2024-03-12 17:18:00,2024-03-15 17:58:00,M->M,risk,1.0,M,3.0277777777777777,2024Q1,93,11,88,-0.3258543451196039,0.7534186202331231,0.47700239832035096
Apocalypse-锐,wemedia_only,2024-03-15 17:58:00,2024-03-24 14:52:00,M->H,norisk,0.0,H,8.870833333333334,2024Q1,93,11,88,-0.3258543451196039,0.7534186202331231,0.47700239832035096
Apocalypse-锐,wemedia_only,2024-03-24 14:52:00,2024-03-25 22:16:00,H->M,risk,1.0,M,1.3083333333333333,2024Q1,93,11,88,-0.3258543451196039,0.7534186202331231,0.47700239832035096
Apocalypse-锐,wemedia_only,2024-03-25 22:16:00,2024-04-09 23:26:00,M->M,norisk,0.0,M,15.04861111111111,2024Q2,93,11,88,-0.3258543451196039,0.7534186202331231,0.47700239832035096
Apocalypse-锐,wemedia_only,2024-04-09 23:26:00,2024-04-11 17:52:00,M->M,norisk,0.0,M,1.7680555555555555,2024Q2,93,11,88,-0.3258543451196039,0.7534186202331231,0.47700239832035096
Apocalypse-锐,wemedia_only,2024-04-11 17:52:00,2024-04-26 17:01:00,M->M,risk,1.0,M,14.964583333333334,2024Q2,93,11,88,-0.3258543451196039,0.7534186202331231,0.47700239832035096
Apocalypse-锐,wemedia_only,2024-04-26 17:01:00,2024-05-19 21:24:00,M->M,risk,1.0,M,23.18263888888889,2024Q2,93,11,88,-0.3258543451196039,0.7534186202331231,0.47700239832035096
Apocalypse-锐,wemedia_only,2024-05-19 21:24:00,2024-05-20 16:12:00,M->L,norisk,0.0,L,0.7833333333333333,2024Q2,93,11,88,-0.3258543451196039,0.7534186202331231,0.47700239832035096
Apocalypse-锐,wemedia_only,2024-05-20 16:12:00,2024-05-21 22:36:00,L->M,risk,1.0,M,1.2666666666666666,2024Q2,93,11,88,-0.3258543451196039,0.7534186202331231,0.47700239832035096
Apocalypse-锐,wemedia_only,2024-05-21 22:36:00,2024-05-22 16:56:00,M->M,risk,1.0,M,0.7638888888888888,2024Q2,93,11,88,-0.3258543451196039,0.7534186202331231,0.47700239832035096
Apocalypse-锐,wemedia_only,2024-05-22 16:56:00,2024-06-19 19:31:00,M->M,risk,1.0,M,28.10763888888889,2024Q2,93,11,88,-0.3258543451196039,0.7534186202331231,0.47700239832035096
Apocalypse-锐,wemedia_only,2024-06-19 19:31:00,2024-06-23 16:42:00,M->M,risk,1.0,M,3.8826388888888888,2024Q2,93,11,88,-0.3258543451196039,0.7534186202331231,0.47700239832035096
Apocalypse-锐,wemedia_only,2024-06-23 16:42:00,2024-06-29 21:14:00,M->M,risk,1.0,M,6.188888888888889,2024Q2,93,11,88,-0.3258543451196039,0.7534186202331231,0.47700239832035096
Apocalypse-锐,wemedia_only,2024-06-29 21:14:00,2024-07-07 17:19:00,M->M,risk,1.0,M,7.836805555555555,2024Q3,93,11,88,-0.3258543451196039,0.7534186202331231,0.47700239832035096
Apocalypse-锐,wemedia_only,2024-07-07 17:19:00,2024-07-08 11:52:00,M->M,risk,1.0,M,0.7729166666666667,2024Q3,93,11,88,-0.3258543451196039,0.7534186202331231,0.47700239832035096
Apocalypse-锐,wemedia_only,2024-07-08 11:52:00,2024-07-08 12:03:00,M->M,norisk,0.0,M,0.007638888888888889,2024Q3,93,11,88,-0.3258543451196039,0.7534186202331231,0.47700239832035096
Apocalypse-锐,wemedia_only,2024-07-08 12:03:00,2024-07-11 17:00:00,M->M,norisk,0.0,M,3.20625,2024Q3,93,11,88,-0.3258543451196039,0.7534186202331231,0.47700239832035096
Apocalypse-锐,wemedia_only,2024-07-11 17:00:00,2024-07-21 10:57:00,M->H,risk,1.0,H,9.747916666666667,2024Q3,93,11,88,-0.3258543451196039,0.7534186202331231,0.47700239832035096
Apocalypse-锐,wemedia_only,2024-07-21 10:57:00,2024-08-16 16:23:00,H->M,norisk,0.0,M,26.226388888888888,2024Q3,93,11,88,-0.3258543451196039,0.7534186202331231,0.47700239832035096
Apocalypse-锐,wemedia_only,2024-08-16 16:23:00,2024-08-20 17:39:00,M->M,norisk,0.0,M,4.052777777777778,2024Q3,93,11,88,-0.3258543451196039,0.7534186202331231,0.47700239832035096
Apocalypse-锐,wemedia_only,2024-08-20 17:39:00,2024-10-12 16:31:00,M->M,norisk,0.0,M,52.952777777777776,2024Q4,93,11,88,-0.3258543451196039,0.7534186202331231,0.47700239832035096
Apocalypse-锐,wemedia_only,2024-10-12 16:31:00,2024-10-13 22:07:00,M->M,risk,1.0,M,1.2333333333333334,2024Q4,93,11,88,-0.3258543451196039,0.7534186202331231,0.47700239832035096
Apocalypse-锐,wemedia_only,2024-10-13 22:07:00,2024-10-16 14:58:00,M->M,risk,1.0,M,2.7020833333333334,2024Q4,93,11,88,-0.3258543451196039,0.7534186202331231,0.47700239832035096
Apocalypse-锐,wemedia_only,2024-10-16 14:58:00,2024-10-21 15:45:00,M->M,norisk,0.0,M,5.032638888888889,2024Q4,93,11,88,-0.3258543451196039,0.7534186202331231,0.47700239832035096
Apocalypse-锐,wemedia_only,2024-10-21 15:45:00,2024-10-23 14:09:00,M->H,risk,1.0,H,1.9333333333333333,2024Q4,93,11,88,-0.3258543451196039,0.7534186202331231,0.47700239832035096
Apocalypse-锐,wemedia_only,2024-10-23 14:09:00,2024-10-23 15:54:00,H->M,risk,1.0,M,0.07291666666666667,2024Q4,93,11,88,-0.3258543451196039,0.7534186202331231,0.47700239832035096
Apocalypse-锐,wemedia_only,2024-10-23 15:54:00,2024-12-04 18:26:00,M->M,risk,1.0,M,42.105555555555554,2024Q4,93,11,88,-0.3258543451196039,0.7534186202331231,0.47700239832035096
Apocalypse-锐,wemedia_only,2024-12-04 18:26:00,2024-12-17 18:14:00,M->M,norisk,0.0,M,12.991666666666667,2024Q4,93,11,88,-0.3258543451196039,0.7534186202331231,0.47700239832035096
Apocalypse-锐,wemedia_only,2024-12-17 18:14:00,2024-12-18 23:14:00,M->M,norisk,0.0,M,1.2083333333333333,2024Q4,93,11,88,-0.3258543451196039,0.7534186202331231,0.47700239832035096
Apocalypse-锐,wemedia_only,2024-12-18 23:14:00,2024-12-19 22:15:00,M->M,risk,1.0,M,0.9590277777777778,2024Q4,93,11,88,-0.3258543451196039,0.7534186202331231,0.47700239832035096
Apocalypse-锐,wemedia_only,2024-12-19 22:15:00,2024-12-21 22:56:00,M->M,risk,1.0,M,2.0284722222222222,2024Q4,93,11,88,-0.3258543451196039,0.7534186202331231,0.47700239832035096
Apocalypse-锐,wemedia_only,2024-12-21 22:56:00,2025-01-12 22:54:00,M->M,norisk,0.0,M,21.99861111111111,2025Q1,93,11,88,-0.3258543451196039,0.7534186202331231,0.47700239832035096
Apocalypse-锐,wemedia_only,2025-01-12 22:54:00,2025-01-14 11:52:00,M->M,norisk,0.0,M,1.5402777777777779,2025Q1,93,11,88,-0.3258543451196039,0.7534186202331231,0.47700239832035096
Apocalypse-锐,wemedia_only,2025-01-14 11:52:00,2025-02-17 11:13:00,M->H,risk,1.0,H,33.97291666666667,2025Q1,93,11,88,-0.3258543451196039,0.7534186202331231,0.47700239832035096
Apocalypse-锐,wemedia_only,2025-02-17 11:13:00,2025-02-25 17:01:00,H->M,norisk,0.0,M,8.241666666666667,2025Q1,93,11,88,-0.3258543451196039,0.7534186202331231,0.47700239832035096
Apocalypse-锐,wemedia_only,2025-02-25 17:01:00,2025-03-05 15:39:00,M->M,risk,1.0,M,7.9430555555555555,2025Q1,93,11,88,-0.3258543451196039,0.7534186202331231,0.47700239832035096
Apocalypse-锐,wemedia_only,2025-03-05 15:39:00,2025-03-10 13:28:00,M->H,risk,1.0,H,4.909027777777778,2025Q1,93,11,88,-0.3258543451196039,0.7534186202331231,0.47700239832035096
Apocalypse-锐,wemedia_only,2025-03-10 13:28:00,2025-03-17 23:28:00,H->M,risk,1.0,M,7.416666666666667,2025Q1,93,11,88,-0.3258543451196039,0.7534186202331231,0.47700239832035096
Apocalypse-锐,wemedia_only,2025-03-17 23:28:00,2025-03-20 14:16:00,M->M,norisk,0.0,M,2.6166666666666667,2025Q1,93,11,88,-0.3258543451196039,0.7534186202331231,0.47700239832035096
Apocalypse-锐,wemedia_only,2025-03-20 14:16:00,2025-03-26 14:36:00,M->H,norisk,0.0,H,6.013888888888889,2025Q1,93,11,88,-0.3258543451196039,0.7534186202331231,0.47700239832035096
Apocalypse-锐,wemedia_only,2025-03-26 14:36:00,2025-03-30 20:10:00,H->M,risk,1.0,M,4.231944444444444,2025Q1,93,11,88,-0.3258543451196039,0.7534186202331231,0.47700239832035096
Apocalypse-锐,wemedia_only,2025-03-30 20:10:00,2025-04-07 16:59:00,M->M,risk,1.0,M,7.867361111111111,2025Q2,93,11,88,-0.3258543451196039,0.7534186202331231,0.47700239832035096
Apocalypse-锐,wemedia_only,2025-04-07 16:59:00,2025-04-08 17:18:00,M->M,norisk,0.0,M,1.0131944444444445,2025Q2,93,11,88,-0.3258543451196039,0.7534186202331231,0.47700239832035096
Apocalypse-锐,wemedia_only,2025-04-08 17:18:00,2025-04-19 19:43:00,M->M,risk,1.0,M,11.100694444444445,2025Q2,93,11,88,-0.3258543451196039,0.7534186202331231,0.47700239832035096
Apocalypse-锐,wemedia_only,2025-04-19 19:43:00,2025-05-06 16:10:00,M->M,risk,1.0,M,16.852083333333333,2025Q2,93,11,88,-0.3258543451196039,0.7534186202331231,0.47700239832035096
Apocalypse-锐,wemedia_only,2025-05-06 16:10:00,2025-05-13 14:55:00,M->M,risk,1.0,M,6.947916666666667,2025Q2,93,11,88,-0.3258543451196039,0.7534186202331231,0.47700239832035096
Apocalypse-锐,wemedia_only,2025-05-13 14:55:00,2025-05-20 07:14:00,M->H,norisk,0.0,H,6.679861111111111,2025Q2,93,11,88,-0.3258543451196039,0.7534186202331231,0.47700239832035096
Apocalypse-锐,wemedia_only,2025-05-20 07:14:00,2025-05-21 12:31:00,H->M,risk,1.0,M,1.2201388888888889,2025Q2,93,11,88,-0.3258543451196039,0.7534186202331231,0.47700239832035096
Apocalypse-锐,wemedia_only,2025-05-21 12:31:00,2025-05-25 16:02:00,M->M,norisk,0.0,M,4.146527777777778,2025Q2,93,11,88,-0.3258543451196039,0.7534186202331231,0.47700239832035096
Apocalypse-锐,wemedia_only,2025-05-25 16:02:00,2025-05-27 17:40:00,M->M,risk,1.0,M,2.0680555555555555,2025Q2,93,11,88,-0.3258543451196039,0.7534186202331231,0.47700239832035096
Apocalypse-锐,wemedia_only,2025-05-27 17:40:00,2025-05-28 14:12:00,M->H,norisk,0.0,H,0.8555555555555555,2025Q2,93,11,88,-0.3258543451196039,0.7534186202331231,0.47700239832035096
Apocalypse-锐,wemedia_only,2025-05-28 14:12:00,2025-06-05 17:56:00,H->M,risk,1.0,M,8.155555555555555,2025Q2,93,11,88,-0.3258543451196039,0.7534186202331231,0.47700239832035096
Apocalypse-锐,wemedia_only,2025-06-05 17:56:00,2025-06-18 07:26:00,M->M,norisk,0.0,M,12.5625,2025Q2,93,11,88,-0.3258543451196039,0.7534186202331231,0.47700239832035096
Apocalypse-锐,wemedia_only,2025-06-18 07:26:00,2025-06-23 17:10:00,M->M,risk,1.0,M,5.405555555555556,2025Q2,93,11,88,-0.3258543451196039,0.7534186202331231,0.47700239832035096
Apocalypse-锐,wemedia_only,2025-06-23 17:10:00,2025-06-25 17:07:00,M->M,risk,1.0,M,1.9979166666666666,2025Q2,93,11,88,-0.3258543451196039,0.7534186202331231,0.47700239832035096
Apocalypse-锐,wemedia_only,2025-06-25 17:07:00,2025-06-30 16:55:00,M->M,risk,1.0,M,4.991666666666666,2025Q2,93,11,88,-0.3258543451196039,0.7534186202331231,0.47700239832035096
Apocalypse-锐,wemedia_only,2025-06-30 16:55:00,2025-07-01 17:14:00,M->M,norisk,0.0,M,1.0131944444444445,2025Q3,93,11,88,-0.3258543451196039,0.7534186202331231,0.47700239832035096
Apocalypse-锐,wemedia_only,2025-07-01 17:14:00,2025-07-05 21:58:00,M->M,risk,1.0,M,4.197222222222222,2025Q3,93,11,88,-0.3258543451196039,0.7534186202331231,0.47700239832035096
Apocalypse-锐,wemedia_only,2025-07-05 21:58:00,2025-07-06 23:29:00,M->M,risk,1.0,M,1.0631944444444446,2025Q3,93,11,88,-0.3258543451196039,0.7534186202331231,0.47700239832035096
Apocalypse-锐,wemedia_only,2025-07-06 23:29:00,2025-07-07 08:32:00,M->M,norisk,0.0,M,0.3770833333333333,2025Q3,93,11,88,-0.3258543451196039,0.7534186202331231,0.47700239832035096
Apocalypse-锐,wemedia_only,2025-07-07 08:32:00,2025-07-10 14:43:00,M->H,norisk,0.0,H,3.2576388888888888,2025Q3,93,11,88,-0.3258543451196039,0.7534186202331231,0.47700239832035096
CBS0086,mainstream_only,2023-08-14 05:49:00,2023-09-06 09:53:00,H->H,risk,1.0,H,23.169444444444444,2023Q3,5,6,3,-0.4797782748372782,-0.8546846146191924,-0.8014284673882038
Creamy蕉,wemedia_only,2022-09-07 18:08:00,2022-09-07 18:25:00,H->H,risk,1.0,H,0.011805555555555555,2022Q3,9,5,8,-0.510563060780813,-0.7600903066867033,-0.7433179734923605
Creamy蕉,wemedia_only,2022-09-07 18:25:00,2022-09-09 03:49:00,H->H,risk,1.0,H,1.3916666666666666,2022Q3,9,5,8,-0.510563060780813,-0.7600903066867033,-0.7433179734923605
Creamy蕉,wemedia_only,2022-09-09 03:49:00,2023-04-01 09:49:00,H->H,risk,1.0,H,204.25,2023Q2,9,5,8,-0.510563060780813,-0.7600903066867033,-0.7433179734923605
DB浩浩耗,wemedia_only,2022-01-21 14:36:00,2023-01-28 00:46:00,M->M,risk,1.0,M,371.4236111111111,2023Q1,3,2,3,-0.6029174186114176,-0.8546846146191924,-0.8304837143361256
DB浩浩耗,wemedia_only,2023-01-28 00:46:00,2023-06-13 19:25:00,M->M,risk,1.0,M,136.77708333333334,2023Q2,3,2,3,-0.6029174186114176,-0.8546846146191924,-0.8304837143361256
Dr嘚嘚,wemedia_only,2022-10-14 11:11:00,2023-02-07 16:20:00,L->M,risk,1.0,M,116.21458333333334,2023Q1,18,2,15,-0.6029174186114176,-0.6276582755812184,-0.6125693622267129
Dr嘚嘚,wemedia_only,2023-02-07 16:20:00,2023-02-12 16:55:00,M->M,norisk,0.0,M,5.024305555555555,2023Q1,18,2,15,-0.6029174186114176,-0.6276582755812184,-0.6125693622267129
Dr嘚嘚,wemedia_only,2023-02-12 16:55:00,2023-02-20 12:00:00,M->M,risk,1.0,M,7.795138888888889,2023Q1,18,2,15,-0.6029174186114176,-0.6276582755812184,-0.6125693622267129
Dr嘚嘚,wemedia_only,2023-02-20 12:00:00,2023-03-12 11:40:00,M->M,norisk,0.0,M,19.98611111111111,2023Q1,18,2,15,-0.6029174186114176,-0.6276582755812184,-0.6125693622267129
Dr嘚嘚,wemedia_only,2023-03-12 11:40:00,2023-03-12 12:17:00,M->M,risk,1.0,M,0.025694444444444443,2023Q1,18,2,15,-0.6029174186114176,-0.6276582755812184,-0.6125693622267129
Dr嘚嘚,wemedia_only,2023-03-12 12:17:00,2023-03-12 21:51:00,M->M,risk,1.0,M,0.39861111111111114,2023Q1,18,2,15,-0.6029174186114176,-0.6276582755812184,-0.6125693622267129
Dr嘚嘚,wemedia_only,2023-03-12 21:51:00,2023-03-28 17:25:00,M->M,risk,1.0,M,15.815277777777778,2023Q1,18,2,15,-0.6029174186114176,-0.6276582755812184,-0.6125693622267129
Dr嘚嘚,wemedia_only,2023-03-28 17:25:00,2023-03-28 17:56:00,M->M,norisk,0.0,M,0.021527777777777778,2023Q1,18,2,15,-0.6029174186114176,-0.6276582755812184,-0.6125693622267129
Dr嘚嘚,wemedia_only,2023-03-28 17:56:00,2023-04-19 17:28:00,M->L,norisk,0.0,L,21.980555555555554,2023Q2,18,2,15,-0.6029174186114176,-0.6276582755812184,-0.6125693622267129
Dr嘚嘚,wemedia_only,2023-04-19 17:28:00,2023-05-10 20:14:00,L->M,risk,1.0,M,21.115277777777777,2023Q2,18,2,15,-0.6029174186114176,-0.6276582755812184,-0.6125693622267129
Dr嘚嘚,wemedia_only,2023-05-10 20:14:00,2023-08-17 19:57:00,M->M,risk,1.0,M,98.98819444444445,2023Q3,18,2,15,-0.6029174186114176,-0.6276582755812184,-0.6125693622267129
Dr嘚嘚,wemedia_only,2023-08-17 19:57:00,2023-10-30 16:57:00,M->M,norisk,0.0,M,73.875,2023Q4,18,2,15,-0.6029174186114176,-0.6276582755812184,-0.6125693622267129
Dr嘚嘚,wemedia_only,2023-10-30 16:57:00,2023-11-21 12:43:00,M->M,norisk,0.0,M,21.823611111111113,2023Q4,18,2,15,-0.6029174186114176,-0.6276582755812184,-0.6125693622267129
Dr嘚嘚,wemedia_only,2023-11-21 12:43:00,2023-11-23 18:27:00,M->M,risk,1.0,M,2.238888888888889,2023Q4,18,2,15,-0.6029174186114176,-0.6276582755812184,-0.6125693622267129
Dr嘚嘚,wemedia_only,2023-11-23 18:27:00,2024-01-20 19:20:00,M->M,norisk,0.0,M,58.03680555555555,2024Q1,18,2,15,-0.6029174186114176,-0.6276582755812184,-0.6125693622267129
Dr嘚嘚,wemedia_only,2024-01-20 19:20:00,2024-05-01 16:55:00,M->M,norisk,0.0,M,101.89930555555556,2024Q2,18,2,15,-0.6029174186114176,-0.6276582755812184,-0.6125693622267129
Dr嘚嘚,wemedia_only,2024-05-01 16:55:00,2024-06-23 16:15:00,M->M,norisk,0.0,M,52.97222222222222,2024Q2,18,2,15,-0.6029174186114176,-0.6276582755812184,-0.6125693622267129
Ellenfish,wemedia_only,2022-03-15 16:18:00,2023-01-03 13:22:00,M->M,norisk,0.0,M,293.8777777777778,2023Q1,2,1,2,-0.6337022045549524,-0.8736034762056902,-0.8450113378100864
EveNinG夜p,wemedia_only,2022-12-02 14:31:00,2023-08-23 14:47:00,M->H,norisk,0.0,H,264.0111111111111,2023Q3,3,7,3,-0.44899348889374335,-0.8546846146191924,-0.8304837143361256
FLOOR_Ning,wemedia_only,2020-03-18 19:27:00,2020-03-18 19:30:00,M->M,risk,1.0,M,0.0020833333333333333,2020Q1,6,10,1,-0.35663913106313877,-0.892522337792188,-0.7869008439142431
FLOOR_Ning,wemedia_only,2020-03-18 19:30:00,2020-03-18 19:41:00,M->M,risk,1.0,M,0.007638888888888889,2020Q1,6,10,1,-0.35663913106313877,-0.892522337792188,-0.7869008439142431
FLOOR_Ning,wemedia_only,2020-03-18 19:41:00,2020-03-18 20:03:00,M->M,risk,1.0,M,0.015277777777777777,2020Q1,6,10,1,-0.35663913106313877,-0.892522337792188,-0.7869008439142431
FLOOR_Ning,wemedia_only,2020-03-18 20:03:00,2020-03-18 22:48:00,M->M,risk,1.0,M,0.11458333333333333,2020Q1,6,10,1,-0.35663913106313877,-0.892522337792188,-0.7869008439142431
FLOOR_Ning,wemedia_only,2020-03-18 22:48:00,2020-03-18 23:44:00,M->M,risk,1.0,M,0.03888888888888889,2020Q1,6,10,1,-0.35663913106313877,-0.892522337792188,-0.7869008439142431
FrancesCJ,mainstream_only,2022-12-01 17:15:00,2022-12-01 18:00:00,M->M,norisk,0.0,M,0.03125,2022Q4,2,1,1,-0.6337022045549524,-0.892522337792188,-0.8450113378100864
HRA-惠斯安普,mainstream_only,2021-11-25 09:45:00,2025-05-20 14:10:00,M->M,risk,1.0,M,1272.1840277777778,2025Q2,2,2,2,-0.6029174186114176,-0.8736034762056902,-0.8450113378100864
IssacOnly,wemedia_only,2023-02-08 02:02:00,2023-02-11 00:02:00,L->M,risk,1.0,M,2.9166666666666665,2023Q1,5,10,4,-0.35663913106313877,-0.8357657530326946,-0.8014284673882038
IssacOnly,wemedia_only,2023-02-11 00:02:00,2023-02-11 20:03:00,M->M,norisk,0.0,M,0.8340277777777778,2023Q1,5,10,4,-0.35663913106313877,-0.8357657530326946,-0.8014284673882038
IssacOnly,wemedia_only,2023-02-11 20:03:00,2023-02-18 15:59:00,M->M,norisk,0.0,M,6.830555555555556,2023Q1,5,10,4,-0.35663913106313877,-0.8357657530326946,-0.8014284673882038
IssacOnly,wemedia_only,2023-02-18 15:59:00,2023-07-23 23:32:00,M->L,risk,1.0,L,155.31458333333333,2023Q3,5,10,4,-0.35663913106313877,-0.8357657530326946,-0.8014284673882038
Kathy_run,mainstream_only,2022-03-14 15:48:00,2022-03-14 16:02:00,M->M,risk,1.0,M,0.009722222222222222,2022Q1,2,1,1,-0.6337022045549524,-0.892522337792188,-0.8450113378100864
Lyra_Garuru改二,wemedia_only,2023-05-02 18:56:00,2024-02-12 16:09:00,H->M,risk,1.0,M,285.88402777777776,2024Q1,3,3,3,-0.5721326326678827,-0.8546846146191924,-0.8304837143361256
MaoTaiPianzhi茅台片仔癀,dual,2023-04-17 06:44:00,2023-06-18 09:49:00,L->H,norisk,0.5,H,62.12847222222222,2023Q2,60,80,39,1.798295884984301,-0.17360559750527055,-0.002409176320357098
MaoTaiPianzhi茅台片仔癀,dual,2023-06-18 09:49:00,2023-06-26 23:28:00,H->L,risk,1.0,L,8.56875,2023Q2,60,80,39,1.798295884984301,-0.17360559750527055,-0.002409176320357098
MaoTaiPianzhi茅台片仔癀,dual,2023-07-22 17:17:00,2023-07-23 10:45:00,M->M,risk,1.0,M,0.7277777777777777,2023Q3,60,80,39,1.798295884984301,-0.17360559750527055,-0.002409176320357098
MaoTaiPianzhi茅台片仔癀,dual,2023-07-23 10:45:00,2023-07-23 10:48:00,M->L,risk,0.6666666666666666,L,0.0020833333333333333,2023Q3,60,80,39,1.798295884984301,-0.17360559750527055,-0.002409176320357098
MaoTaiPianzhi茅台片仔癀,dual,2023-07-23 10:48:00,2023-07-23 21:08:00,L->M,risk,0.6666666666666666,M,0.4305555555555556,2023Q3,60,80,39,1.798295884984301,-0.17360559750527055,-0.002409176320357098
MaoTaiPianzhi茅台片仔癀,dual,2023-07-23 21:08:00,2023-07-24 09:37:00,M->L,risk,0.6666666666666666,L,0.5201388888888889,2023Q3,60,80,39,1.798295884984301,-0.17360559750527055,-0.002409176320357098
MaoTaiPianzhi茅台片仔癀,dual,2023-07-24 09:37:00,2023-07-26 11:13:00,L->H,risk,1.0,H,2.066666666666667,2023Q3,60,80,39,1.798295884984301,-0.17360559750527055,-0.002409176320357098
MaoTaiPianzhi茅台片仔癀,dual,2023-07-28 05:23:00,2023-07-28 05:43:00,M->M,risk,1.0,M,0.013888888888888888,2023Q3,60,80,39,1.798295884984301,-0.17360559750527055,-0.002409176320357098
MaoTaiPianzhi茅台片仔癀,dual,2023-07-28 05:43:00,2023-07-31 07:57:00,M->L,risk,1.0,L,3.0930555555555554,2023Q3,60,80,39,1.798295884984301,-0.17360559750527055,-0.002409176320357098
MaoTaiPianzhi茅台片仔癀,dual,2023-07-31 07:57:00,2023-07-31 17:19:00,L->L,norisk,0.5,L,0.3902777777777778,2023Q3,60,80,39,1.798295884984301,-0.17360559750527055,-0.002409176320357098
MaoTaiPianzhi茅台片仔癀,dual,2023-07-31 17:19:00,2023-08-01 17:40:00,L->M,norisk,0.5,M,1.0145833333333334,2023Q3,60,80,39,1.798295884984301,-0.17360559750527055,-0.002409176320357098
MaoTaiPianzhi茅台片仔癀,dual,2023-08-04 04:55:00,2023-08-04 07:34:00,M->M,norisk,0.5,M,0.11041666666666666,2023Q3,60,80,39,1.798295884984301,-0.17360559750527055,-0.002409176320357098
MaoTaiPianzhi茅台片仔癀,dual,2023-08-04 07:34:00,2023-08-05 00:43:00,M->H,norisk,0.5,H,0.7145833333333333,2023Q3,60,80,39,1.798295884984301,-0.17360559750527055,-0.002409176320357098
MaoTaiPianzhi茅台片仔癀,dual,2023-08-05 00:43:00,2023-08-05 19:09:00,H->L,risk,1.0,L,0.7680555555555556,2023Q3,60,80,39,1.798295884984301,-0.17360559750527055,-0.002409176320357098
MaoTaiPianzhi茅台片仔癀,dual,2023-08-05 19:09:00,2023-08-06 00:51:00,L->M,risk,1.0,M,0.2375,2023Q3,60,80,39,1.798295884984301,-0.17360559750527055,-0.002409176320357098
MaoTaiPianzhi茅台片仔癀,dual,2023-08-06 00:51:00,2023-08-06 00:51:00,M->H,risk,1.0,H,0.0,2023Q3,60,80,39,1.798295884984301,-0.17360559750527055,-0.002409176320357098
MaoTaiPianzhi茅台片仔癀,dual,2023-08-06 00:51:00,2023-08-07 07:41:00,H->M,risk,1.0,M,1.2847222222222223,2023Q3,60,80,39,1.798295884984301,-0.17360559750527055,-0.002409176320357098
MaoTaiPianzhi茅台片仔癀,dual,2023-08-07 07:41:00,2023-08-09 14:27:00,M->H,norisk,0.5,H,2.2819444444444446,2023Q3,60,80,39,1.798295884984301,-0.17360559750527055,-0.002409176320357098
MaoTaiPianzhi茅台片仔癀,dual,2023-08-09 14:27:00,2023-08-15 14:23:00,H->M,norisk,0.5,M,5.997222222222222,2023Q3,60,80,39,1.798295884984301,-0.17360559750527055,-0.002409176320357098
MaoTaiPianzhi茅台片仔癀,dual,2023-08-15 14:23:00,2023-08-16 17:06:00,M->M,risk,1.0,M,1.1131944444444444,2023Q3,60,80,39,1.798295884984301,-0.17360559750527055,-0.002409176320357098
MaoTaiPianzhi茅台片仔癀,dual,2023-08-16 17:06:00,2023-08-16 17:10:00,M->M,risk,1.0,M,0.002777777777777778,2023Q3,60,80,39,1.798295884984301,-0.17360559750527055,-0.002409176320357098
MaoTaiPianzhi茅台片仔癀,dual,2023-08-16 17:10:00,2023-08-16 17:19:00,M->M,risk,1.0,M,0.00625,2023Q3,60,80,39,1.798295884984301,-0.17360559750527055,-0.002409176320357098
MaoTaiPianzhi茅台片仔癀,dual,2023-08-16 17:19:00,2023-08-17 05:25:00,M->M,risk,1.0,M,0.5041666666666667,2023Q3,60,80,39,1.798295884984301,-0.17360559750527055,-0.002409176320357098
MaoTaiPianzhi茅台片仔癀,dual,2023-08-18 15:39:00,2023-08-18 21:46:00,M->H,risk,0.6666666666666666,H,0.2548611111111111,2023Q3,60,80,39,1.798295884984301,-0.17360559750527055,-0.002409176320357098
MaoTaiPianzhi茅台片仔癀,dual,2023-08-18 21:46:00,2023-08-18 21:49:00,H->L,risk,0.6666666666666666,L,0.0020833333333333333,2023Q3,60,80,39,1.798295884984301,-0.17360559750527055,-0.002409176320357098
MaoTaiPianzhi茅台片仔癀,dual,2023-08-18 21:49:00,2023-08-19 23:48:00,L->M,risk,0.6666666666666666,M,1.082638888888889,2023Q3,60,80,39,1.798295884984301,-0.17360559750527055,-0.002409176320357098
MaoTaiPianzhi茅台片仔癀,dual,2023-08-19 23:48:00,2023-08-20 04:21:00,M->L,risk,1.0,L,0.18958333333333333,2023Q3,60,80,39,1.798295884984301,-0.17360559750527055,-0.002409176320357098
MaoTaiPianzhi茅台片仔癀,dual,2023-08-20 04:21:00,2023-08-20 17:18:00,L->H,risk,1.0,H,0.5395833333333333,2023Q3,60,80,39,1.798295884984301,-0.17360559750527055,-0.002409176320357098
MaoTaiPianzhi茅台片仔癀,dual,2023-08-20 17:18:00,2023-08-21 17:13:00,H->M,risk,1.0,M,0.9965277777777778,2023Q3,60,80,39,1.798295884984301,-0.17360559750527055,-0.002409176320357098
MaoTaiPianzhi茅台片仔癀,dual,2023-08-23 18:22:00,2023-08-29 14:29:00,M->M,risk,1.0,M,5.8381944444444445,2023Q3,60,80,39,1.798295884984301,-0.17360559750527055,-0.002409176320357098
MaoTaiPianzhi茅台片仔癀,dual,2023-09-07 12:18:00,2023-09-07 12:18:00,M->L,norisk,0.0,L,0.0,2023Q3,60,80,39,1.798295884984301,-0.17360559750527055,-0.002409176320357098
MaoTaiPianzhi茅台片仔癀,dual,2023-09-07 12:18:00,2023-09-22 00:06:00,L->M,norisk,0.0,M,14.491666666666667,2023Q3,60,80,39,1.798295884984301,-0.17360559750527055,-0.002409176320357098
MaoTaiPianzhi茅台片仔癀,dual,2023-09-22 00:06:00,2023-09-23 12:13:00,M->M,risk,1.0,M,1.5048611111111112,2023Q3,60,80,39,1.798295884984301,-0.17360559750527055,-0.002409176320357098
MaoTaiPianzhi茅台片仔癀,dual,2023-09-28 11:45:00,2023-11-15 15:32:00,M->M,norisk,0.0,M,48.15763888888889,2023Q4,60,80,39,1.798295884984301,-0.17360559750527055,-0.002409176320357098
NOSTUPID3,wemedia_only,2023-02-13 15:27:00,2023-02-13 21:20:00,H->M,norisk,0.0,M,0.24513888888888888,2023Q1,33,19,26,-0.07957605757132512,-0.41955079812974233,-0.3946550101173001
NOSTUPID3,wemedia_only,2023-02-13 21:20:00,2023-02-14 19:58:00,M->M,norisk,0.0,M,0.9430555555555555,2023Q1,33,19,26,-0.07957605757132512,-0.41955079812974233,-0.3946550101173001
NOSTUPID3,wemedia_only,2023-02-14 19:58:00,2023-03-01 10:23:00,M->M,risk,1.0,M,14.600694444444445,2023Q1,33,19,26,-0.07957605757132512,-0.41955079812974233,-0.3946550101173001
NOSTUPID3,wemedia_only,2023-03-01 10:23:00,2023-03-02 14:13:00,M->M,risk,1.0,M,1.1597222222222223,2023Q1,33,19,26,-0.07957605757132512,-0.41955079812974233,-0.3946550101173001
NOSTUPID3,wemedia_only,2023-03-02 14:13:00,2023-06-15 20:13:00,M->H,risk,1.0,H,105.25,2023Q2,33,19,26,-0.07957605757132512,-0.41955079812974233,-0.3946550101173001
NOSTUPID3,wemedia_only,2023-06-15 20:13:00,2023-08-03 08:22:00,H->M,risk,1.0,M,48.50625,2023Q3,33,19,26,-0.07957605757132512,-0.41955079812974233,-0.3946550101173001
NOSTUPID3,wemedia_only,2023-08-03 08:22:00,2023-08-13 14:35:00,M->M,risk,1.0,M,10.259027777777778,2023Q3,33,19,26,-0.07957605757132512,-0.41955079812974233,-0.3946550101173001
NOSTUPID3,wemedia_only,2023-08-13 14:35:00,2023-08-15 07:28:00,M->M,risk,1.0,M,1.7034722222222223,2023Q3,33,19,26,-0.07957605757132512,-0.41955079812974233,-0.3946550101173001
NOSTUPID3,wemedia_only,2023-08-15 07:28:00,2023-08-31 20:43:00,M->H,risk,1.0,H,16.552083333333332,2023Q3,33,19,26,-0.07957605757132512,-0.41955079812974233,-0.3946550101173001
NOSTUPID3,wemedia_only,2023-08-31 20:43:00,2023-12-09 12:22:00,H->H,risk,1.0,H,99.65208333333334,2023Q4,33,19,26,-0.07957605757132512,-0.41955079812974233,-0.3946550101173001
NOSTUPID3,wemedia_only,2023-12-09 12:22:00,2023-12-11 03:29:00,H->M,risk,1.0,M,1.6298611111111112,2023Q4,33,19,26,-0.07957605757132512,-0.41955079812974233,-0.3946550101173001
NOSTUPID3,wemedia_only,2023-12-11 03:29:00,2024-01-15 11:42:00,M->M,risk,1.0,M,35.34236111111111,2024Q1,33,19,26,-0.07957605757132512,-0.41955079812974233,-0.3946550101173001
NOSTUPID3,wemedia_only,2024-01-15 11:42:00,2024-02-22 10:14:00,M->M,risk,1.0,M,37.93888888888889,2024Q1,33,19,26,-0.07957605757132512,-0.41955079812974233,-0.3946550101173001
NOSTUPID3,wemedia_only,2024-02-22 10:14:00,2024-02-22 10:38:00,M->H,risk,1.0,H,0.016666666666666666,2024Q1,33,19,26,-0.07957605757132512,-0.41955079812974233,-0.3946550101173001
NOSTUPID3,wemedia_only,2024-02-22 10:38:00,2024-03-09 16:45:00,H->H,risk,1.0,H,16.25486111111111,2024Q1,33,19,26,-0.07957605757132512,-0.41955079812974233,-0.3946550101173001
NOSTUPID3,wemedia_only,2024-03-09 16:45:00,2024-03-11 13:24:00,H->M,risk,1.0,M,1.8604166666666666,2024Q1,33,19,26,-0.07957605757132512,-0.41955079812974233,-0.3946550101173001
NOSTUPID3,wemedia_only,2024-03-11 13:24:00,2024-03-16 23:49:00,M->M,norisk,0.0,M,5.434027777777778,2024Q1,33,19,26,-0.07957605757132512,-0.41955079812974233,-0.3946550101173001
NOSTUPID3,wemedia_only,2024-03-16 23:49:00,2024-05-11 13:28:00,M->M,norisk,0.0,M,55.56875,2024Q2,33,19,26,-0.07957605757132512,-0.41955079812974233,-0.3946550101173001
NOSTUPID3,wemedia_only,2024-05-11 13:28:00,2024-06-06 13:31:00,M->M,risk,1.0,M,26.002083333333335,2024Q2,33,19,26,-0.07957605757132512,-0.41955079812974233,-0.3946550101173001
NOSTUPID3,wemedia_only,2024-06-06 13:31:00,2024-06-16 10:16:00,M->H,norisk,0.0,H,9.864583333333334,2024Q2,33,19,26,-0.07957605757132512,-0.41955079812974233,-0.3946550101173001
NOSTUPID3,wemedia_only,2024-06-16 10:16:00,2024-06-20 02:00:00,H->H,risk,1.0,H,3.6555555555555554,2024Q2,33,19,26,-0.07957605757132512,-0.41955079812974233,-0.3946550101173001
NOSTUPID3,wemedia_only,2024-06-20 02:00:00,2024-09-02 00:29:00,H->M,risk,1.0,M,73.93680555555555,2024Q3,33,19,26,-0.07957605757132512,-0.41955079812974233,-0.3946550101173001
NOSTUPID3,wemedia_only,2024-09-02 00:29:00,2024-11-16 20:59:00,M->M,norisk,0.0,M,75.85416666666667,2024Q4,33,19,26,-0.07957605757132512,-0.41955079812974233,-0.3946550101173001
NOSTUPID3,wemedia_only,2024-11-16 20:59:00,2024-11-16 21:34:00,M->H,norisk,0.0,H,0.024305555555555556,2024Q4,33,19,26,-0.07957605757132512,-0.41955079812974233,-0.3946550101173001
NOSTUPID3,wemedia_only,2024-11-16 21:34:00,2024-11-17 19:57:00,H->M,norisk,0.0,M,0.9326388888888889,2024Q4,33,19,26,-0.07957605757132512,-0.41955079812974233,-0.3946550101173001
NOSTUPID3,wemedia_only,2024-11-17 19:57:00,2024-11-17 22:44:00,M->H,norisk,0.0,H,0.11597222222222223,2024Q4,33,19,26,-0.07957605757132512,-0.41955079812974233,-0.3946550101173001
NOSTUPID3,wemedia_only,2024-11-17 22:44:00,2024-11-19 07:40:00,H->M,norisk,0.0,M,1.3722222222222222,2024Q4,33,19,26,-0.07957605757132512,-0.41955079812974233,-0.3946550101173001
NOSTUPID3,wemedia_only,2024-11-19 07:40:00,2024-11-19 16:34:00,M->M,norisk,0.25,M,0.37083333333333335,2024Q4,33,19,26,-0.07957605757132512,-0.41955079812974233,-0.3946550101173001
NOSTUPID3,wemedia_only,2024-11-19 16:34:00,2024-11-19 17:40:00,M->M,norisk,0.25,M,0.04583333333333333,2024Q4,33,19,26,-0.07957605757132512,-0.41955079812974233,-0.3946550101173001
NOSTUPID3,wemedia_only,2024-11-19 17:40:00,2024-11-19 19:27:00,M->M,norisk,0.25,M,0.07430555555555556,2024Q4,33,19,26,-0.07957605757132512,-0.41955079812974233,-0.3946550101173001
NOSTUPID3,wemedia_only,2024-11-19 19:27:00,2024-11-20 11:48:00,M->M,norisk,0.25,M,0.68125,2024Q4,33,19,26,-0.07957605757132512,-0.41955079812974233,-0.3946550101173001
NOSTUPID3,wemedia_only,2024-11-20 11:48:00,2024-11-24 12:48:00,M->H,risk,1.0,H,4.041666666666667,2024Q4,33,19,26,-0.07957605757132512,-0.41955079812974233,-0.3946550101173001
NS_foreveryoung,dual,2023-03-02 19:59:00,2023-05-19 19:54:00,H->M,risk,1.0,M,77.99652777777777,2023Q2,8,7,8,-0.44899348889374335,-0.7600903066867033,-0.7578455969663214
NS_foreveryoung,dual,2023-05-19 19:54:00,2023-08-19 19:21:00,M->M,norisk,0.0,M,91.97708333333334,2023Q3,8,7,8,-0.44899348889374335,-0.7600903066867033,-0.7578455969663214
PSproca,wemedia_only,2024-11-24 20:40:00,2024-12-17 20:28:00,M->M,norisk,0.5,M,22.991666666666667,2024Q4,6,5,6,-0.510563060780813,-0.7979280298596989,-0.7869008439142431
Zenobruto,mainstream_only,2023-02-06 10:08:00,2023-02-16 14:36:00,L->M,norisk,0.0,M,10.186111111111112,2023Q1,11,8,10,-0.4182087029502085,-0.7222525835137076,-0.7142627265444388
Zenobruto,mainstream_only,2023-02-16 14:36:00,2023-02-20 10:34:00,M->M,norisk,0.0,M,3.8319444444444444,2023Q1,11,8,10,-0.4182087029502085,-0.7222525835137076,-0.7142627265444388
_清香集,mainstream_only,2023-12-09 14:13:00,2024-01-13 00:11:00,H->M,norisk,0.0,M,34.415277777777774,2024Q1,5,3,5,-0.5721326326678827,-0.8168468914461967,-0.8014284673882038
_苏沐瑶_,dual,2023-05-21 22:21:00,2023-06-09 10:23:00,M->H,risk,1.0,H,18.50138888888889,2023Q2,5,6,5,-0.4797782748372782,-0.8168468914461967,-0.8014284673882038
_苏沐瑶_,dual,2023-06-09 10:23:00,2024-11-07 17:48:00,H->M,risk,1.0,M,517.3090277777778,2024Q4,5,6,5,-0.4797782748372782,-0.8168468914461967,-0.8014284673882038
_苏沐瑶_,dual,2024-11-20 16:23:00,2024-12-05 15:28:00,M->M,risk,1.0,M,14.961805555555555,2024Q4,5,6,5,-0.4797782748372782,-0.8168468914461967,-0.8014284673882038
_阿阿阿阿阿晶er,wemedia_only,2023-01-03 12:58:00,2023-01-11 01:25:00,L->L,risk,1.0,L,7.51875,2023Q1,2,2,2,-0.6029174186114176,-0.8736034762056902,-0.8450113378100864
baby-unicorn,dual,2022-12-01 14:55:00,2023-02-06 18:47:00,M->M,norisk,0.0,M,67.16111111111111,2023Q1,44,28,43,0.19748701592048856,-0.09793015115927922,-0.2348511519037307
baby-unicorn,dual,2023-06-28 18:51:00,2023-07-21 13:58:00,H->M,risk,1.0,M,22.79652777777778,2023Q3,44,28,43,0.19748701592048856,-0.09793015115927922,-0.2348511519037307
dingxiang50,mainstream_only,2023-08-02 21:47:00,2023-08-12 19:25:00,L->H,risk,1.0,H,9.901388888888889,2023Q3,22,7,18,-0.44899348889374335,-0.5709016908217249,-0.5544588683308694
dingxiang50,mainstream_only,2023-08-12 19:25:00,2023-08-13 19:10:00,H->M,risk,1.0,M,0.9895833333333334,2023Q3,22,7,18,-0.44899348889374335,-0.5709016908217249,-0.5544588683308694
dingxiang50,mainstream_only,2023-08-13 19:10:00,2023-08-19 13:28:00,M->M,risk,1.0,M,5.7625,2023Q3,22,7,18,-0.44899348889374335,-0.5709016908217249,-0.5544588683308694
dingxiang50,mainstream_only,2023-08-19 13:28:00,2023-08-19 13:28:00,M->M,risk,1.0,M,0.0,2023Q3,22,7,18,-0.44899348889374335,-0.5709016908217249,-0.5544588683308694
dingxiang50,mainstream_only,2023-08-19 13:28:00,2023-08-19 13:28:00,M->M,risk,1.0,M,0.0,2023Q3,22,7,18,-0.44899348889374335,-0.5709016908217249,-0.5544588683308694
dingxiang50,mainstream_only,2023-08-19 13:28:00,2023-08-21 17:11:00,M->H,risk,1.0,H,2.154861111111111,2023Q3,22,7,18,-0.44899348889374335,-0.5709016908217249,-0.5544588683308694
dingxiang50,mainstream_only,2023-08-23 08:29:00,2023-09-23 15:56:00,M->M,risk,1.0,M,31.310416666666665,2023Q3,22,7,18,-0.44899348889374335,-0.5709016908217249,-0.5544588683308694
dingxiang50,mainstream_only,2023-09-24 00:20:00,2023-09-26 21:45:00,H->L,risk,1.0,L,2.892361111111111,2023Q3,22,7,18,-0.44899348889374335,-0.5709016908217249,-0.5544588683308694
dingxiang50,mainstream_only,2023-09-26 21:45:00,2023-10-24 11:15:00,L->M,risk,1.0,M,27.5625,2023Q4,22,7,18,-0.44899348889374335,-0.5709016908217249,-0.5544588683308694
dlnsz,wemedia_only,2024-08-15 06:40:00,2024-08-20 18:42:00,H->H,norisk,0.5,H,5.501388888888889,2024Q3,9,7,9,-0.44899348889374335,-0.7411714451002055,-0.7433179734923605
dlnsz,wemedia_only,2024-08-20 18:42:00,2024-09-07 07:04:00,H->H,norisk,0.0,H,17.51527777777778,2024Q3,9,7,9,-0.44899348889374335,-0.7411714451002055,-0.7433179734923605
dlnsz,wemedia_only,2024-09-12 22:23:00,2024-09-15 18:30:00,H->H,norisk,0.0,H,2.8381944444444445,2024Q3,9,7,9,-0.44899348889374335,-0.7411714451002055,-0.7433179734923605
dlnsz,wemedia_only,2024-09-20 12:40:00,2024-09-26 13:07:00,H->H,risk,1.0,H,6.01875,2024Q3,9,7,9,-0.44899348889374335,-0.7411714451002055,-0.7433179734923605
dlnsz,wemedia_only,2024-09-26 13:07:00,2024-09-27 18:22:00,H->H,norisk,0.0,H,1.21875,2024Q3,9,7,9,-0.44899348889374335,-0.7411714451002055,-0.7433179734923605
doomgnu_,mainstream_only,2023-09-13 09:25:00,2023-10-02 08:40:00,M->M,norisk,0.0,M,18.96875,2023Q4,2,3,2,-0.5721326326678827,-0.8736034762056902,-0.8450113378100864
ebnash,wemedia_only,2023-05-21 14:46:00,2023-06-09 22:16:00,M->H,risk,1.0,H,19.3125,2023Q2,31,35,29,0.4129805175252325,-0.36279421337024886,-0.42371025706522175
ebnash,wemedia_only,2023-07-23 15:43:00,2023-09-25 08:46:00,H->L,norisk,0.5,L,63.71041666666667,2023Q3,31,35,29,0.4129805175252325,-0.36279421337024886,-0.42371025706522175
ebnash,wemedia_only,2024-09-02 20:48:00,2024-09-04 16:49:00,M->M,norisk,0.0,M,1.8340277777777778,2024Q3,31,35,29,0.4129805175252325,-0.36279421337024886,-0.42371025706522175
ebnash,wemedia_only,2024-11-20 08:55:00,2024-11-23 21:20:00,M->M,risk,1.0,M,3.517361111111111,2024Q4,31,35,29,0.4129805175252325,-0.36279421337024886,-0.42371025706522175
ebnash,wemedia_only,2024-11-23 21:20:00,2024-11-28 18:44:00,M->M,risk,1.0,M,4.891666666666667,2024Q4,31,35,29,0.4129805175252325,-0.36279421337024886,-0.42371025706522175
ebnash,wemedia_only,2025-02-15 12:52:00,2025-03-07 09:58:00,M->H,norisk,0.0,H,19.879166666666666,2025Q1,31,35,29,0.4129805175252325,-0.36279421337024886,-0.42371025706522175
flex66,wemedia_only,2024-05-27 07:37:00,2024-05-30 19:51:00,M->M,risk,1.0,M,3.5097222222222224,2024Q2,11,16,10,-0.1719304154019297,-0.7222525835137076,-0.7142627265444388
flex66,wemedia_only,2024-05-30 19:51:00,2024-09-14 09:46:00,M->M,norisk,0.5,M,106.57986111111111,2024Q3,11,16,10,-0.1719304154019297,-0.7222525835137076,-0.7142627265444388
huabiwei,dual,2023-06-09 22:47:00,2023-06-22 20:21:00,M->M,risk,1.0,M,12.89861111111111,2023Q2,12,18,12,-0.11036084351485997,-0.684414860340712,-0.6997351030704779
huabiwei,dual,2023-08-06 11:11:00,2023-08-27 23:35:00,M->M,risk,1.0,M,21.516666666666666,2023Q3,12,18,12,-0.11036084351485997,-0.684414860340712,-0.6997351030704779
huabiwei,dual,2023-08-27 23:35:00,2023-09-15 08:06:00,M->M,norisk,0.0,M,18.354861111111113,2023Q3,12,18,12,-0.11036084351485997,-0.684414860340712,-0.6997351030704779
huabiwei,dual,2023-11-13 09:38:00,2024-03-13 08:58:00,M->M,norisk,0.0,M,120.97222222222223,2024Q1,12,18,12,-0.11036084351485997,-0.684414860340712,-0.6997351030704779
loskyyyyloccyy,wemedia_only,2023-01-15 14:37:00,2023-01-15 18:41:00,M->M,norisk,0.5,M,0.16944444444444445,2023Q1,3,4,2,-0.5413478467243479,-0.8736034762056902,-0.8304837143361256
loskyyyyloccyy,wemedia_only,2023-01-15 18:41:00,2023-01-16 14:57:00,M->M,norisk,0.5,M,0.8444444444444444,2023Q1,3,4,2,-0.5413478467243479,-0.8736034762056902,-0.8304837143361256
lrine伊琳,wemedia_only,2022-12-29 13:46:00,2023-01-06 00:48:00,L->L,risk,1.0,L,7.459722222222222,2023Q1,2,2,2,-0.6029174186114176,-0.8736034762056902,-0.8450113378100864
olisa912,mainstream_only,2021-11-25 10:17:00,2022-03-14 14:52:00,M->M,risk,1.0,M,109.19097222222223,2022Q1,2,5,2,-0.510563060780813,-0.8736034762056902,-0.8450113378100864
ousmz,wemedia_only,2023-02-24 14:26:00,2023-03-08 23:59:00,M->L,risk,1.0,L,12.397916666666667,2023Q1,27,25,23,0.10513265808988399,-0.4763073828892358,-0.4818207509610652
ousmz,wemedia_only,2023-06-07 15:52:00,2023-06-20 14:10:00,M->M,risk,1.0,M,12.929166666666667,2023Q2,27,25,23,0.10513265808988399,-0.4763073828892358,-0.4818207509610652
ousmz,wemedia_only,2023-09-12 10:47:00,2023-09-24 20:24:00,M->M,risk,1.0,M,12.400694444444444,2023Q3,27,25,23,0.10513265808988399,-0.4763073828892358,-0.4818207509610652
swu宋明,wemedia_only,2022-12-01 13:57:00,2025-05-20 12:37:00,M->M,norisk,0.0,M,900.9444444444445,2025Q2,2,1,2,-0.6337022045549524,-0.8736034762056902,-0.8450113378100864
wenray来了,mainstream_only,2023-05-17 11:05:00,2023-09-11 16:31:00,L->M,norisk,0.0,M,117.22638888888889,2023Q3,5,6,4,-0.4797782748372782,-0.8357657530326946,-0.8014284673882038
wenray来了,mainstream_only,2023-09-11 16:31:00,2023-10-28 15:18:00,M->M,norisk,0.0,M,46.949305555555554,2023Q4,5,6,4,-0.4797782748372782,-0.8357657530326946,-0.8014284673882038
wenray来了,mainstream_only,2023-10-28 15:18:00,2023-10-28 22:25:00,M->M,norisk,0.0,M,0.2965277777777778,2023Q4,5,6,4,-0.4797782748372782,-0.8357657530326946,-0.8014284673882038
wenray来了,mainstream_only,2023-10-28 22:25:00,2025-06-29 13:46:00,M->H,norisk,0.0,H,609.6395833333333,2025Q2,5,6,4,-0.4797782748372782,-0.8357657530326946,-0.8014284673882038
will_harris,wemedia_only,2022-03-14 12:56:00,2022-12-01 13:44:00,H->M,norisk,0.0,M,262.03333333333336,2022Q4,2,4,2,-0.5413478467243479,-0.8736034762056902,-0.8450113378100864
yuankong198610,dual,2023-06-01 00:54:00,2023-06-13 08:39:00,M->M,norisk,0.0,M,12.322916666666666,2023Q2,22,19,19,-0.07957605757132512,-0.5519828292352271,-0.5544588683308694
yuankong198610,dual,2023-07-23 01:57:00,2023-07-23 02:00:00,M->M,risk,0.5833333333333333,M,0.0020833333333333333,2023Q3,22,19,19,-0.07957605757132512,-0.5519828292352271,-0.5544588683308694
yuankong198610,dual,2023-07-23 02:00:00,2023-09-05 13:24:00,M->H,risk,0.5833333333333333,H,44.475,2023Q3,22,19,19,-0.07957605757132512,-0.5519828292352271,-0.5544588683308694
yuankong198610,dual,2023-09-10 08:57:00,2023-09-18 15:07:00,M->H,norisk,0.0,H,8.256944444444445,2023Q3,22,19,19,-0.07957605757132512,-0.5519828292352271,-0.5544588683308694
yuankong198610,dual,2023-09-18 15:07:00,2023-09-19 19:35:00,H->M,risk,1.0,M,1.1861111111111111,2023Q3,22,19,19,-0.07957605757132512,-0.5519828292352271,-0.5544588683308694
yuankong198610,dual,2023-09-19 19:35:00,2023-09-20 10:59:00,M->M,risk,1.0,M,0.6416666666666667,2023Q3,22,19,19,-0.07957605757132512,-0.5519828292352271,-0.5544588683308694
yuankong198610,dual,2023-09-20 10:59:00,2023-09-20 23:04:00,M->M,risk,1.0,M,0.5034722222222222,2023Q3,22,19,19,-0.07957605757132512,-0.5519828292352271,-0.5544588683308694
yuankong198610,dual,2023-09-20 23:04:00,2023-09-20 23:09:00,M->L,risk,1.0,L,0.003472222222222222,2023Q3,22,19,19,-0.07957605757132512,-0.5519828292352271,-0.5544588683308694
yuankong198610,dual,2023-09-20 23:09:00,2023-09-27 09:08:00,L->M,risk,1.0,M,6.415972222222222,2023Q3,22,19,19,-0.07957605757132512,-0.5519828292352271,-0.5544588683308694
yuankong198610,dual,2023-10-29 12:57:00,2023-11-13 10:48:00,M->M,risk,1.0,M,14.910416666666666,2023Q4,22,19,19,-0.07957605757132512,-0.5519828292352271,-0.5544588683308694
yuankong198610,dual,2023-11-13 10:48:00,2023-11-18 22:06:00,M->M,norisk,0.0,M,5.470833333333333,2023Q4,22,19,19,-0.07957605757132512,-0.5519828292352271,-0.5544588683308694
yuankong198610,dual,2023-12-01 10:42:00,2024-02-09 01:01:00,M->L,norisk,0.0,L,69.59652777777778,2024Q1,22,19,19,-0.07957605757132512,-0.5519828292352271,-0.5544588683308694
一团矛盾-中医药探讨,mainstream_only,2023-09-19 21:11:00,2023-10-14 17:52:00,M->M,risk,1.0,M,24.861805555555556,2023Q4,35,38,31,0.5053348753558371,-0.3249564901972532,-0.36559976316937837
一团矛盾-中医药探讨,mainstream_only,2023-10-30 16:59:00,2023-11-14 15:32:00,M->M,norisk,0.0,M,14.939583333333333,2023Q4,35,38,31,0.5053348753558371,-0.3249564901972532,-0.36559976316937837
一团矛盾-中医药探讨,mainstream_only,2023-12-01 09:58:00,2023-12-01 21:35:00,M->M,norisk,0.0,M,0.4840277777777778,2023Q4,35,38,31,0.5053348753558371,-0.3249564901972532,-0.36559976316937837
一团矛盾-中医药探讨,mainstream_only,2023-12-01 21:35:00,2023-12-07 21:35:00,M->M,norisk,0.0,M,6.0,2023Q4,35,38,31,0.5053348753558371,-0.3249564901972532,-0.36559976316937837
一团矛盾-中医药探讨,mainstream_only,2023-12-07 21:35:00,2023-12-11 10:24:00,M->M,norisk,0.0,M,3.5340277777777778,2023Q4,35,38,31,0.5053348753558371,-0.3249564901972532,-0.36559976316937837
一团矛盾-中医药探讨,mainstream_only,2024-12-08 20:22:00,2024-12-13 19:50:00,M->L,risk,1.0,L,4.977777777777778,2024Q4,35,38,31,0.5053348753558371,-0.3249564901972532,-0.36559976316937837
三友化工小股民600409,mainstream_only,2020-03-18 21:42:00,2023-02-27 12:08:00,M->M,norisk,0.0,M,1075.6013888888888,2023Q1,3,1,3,-0.6337022045549524,-0.8546846146191924,-0.8304837143361256
三无_六不,dual,2024-03-17 19:31:00,2024-07-20 14:07:00,M->M,risk,1.0,M,124.775,2024Q3,5,8,5,-0.4182087029502085,-0.8168468914461967,-0.8014284673882038
上饶信使,wemedia_only,2020-03-19 01:07:00,2022-03-14 15:28:00,M->M,norisk,0.0,M,725.5979166666667,2022Q1,2,1,2,-0.6337022045549524,-0.8736034762056902,-0.8450113378100864
下午茶2599,mainstream_only,2023-05-28 16:51:00,2023-10-02 18:53:00,M->M,norisk,0.5,M,127.08472222222223,2023Q4,14,5,13,-0.510563060780813,-0.6654959987542142,-0.6706798561225562
下午茶2599,mainstream_only,2023-11-10 14:34:00,2024-01-31 17:33:00,M->M,risk,1.0,M,82.12430555555555,2024Q1,14,5,13,-0.510563060780813,-0.6654959987542142,-0.6706798561225562
不zuo的ph-4,wemedia_only,2023-06-28 17:15:00,2023-07-05 16:46:00,M->L,risk,1.0,L,6.979861111111111,2023Q3,38,19,35,-0.07957605757132512,-0.24928104385126187,-0.32201689274749584
不zuo的ph-4,wemedia_only,2023-10-25 15:41:00,2023-11-17 04:27:00,L->H,norisk,0.0,H,22.531944444444445,2023Q4,38,19,35,-0.07957605757132512,-0.24928104385126187,-0.32201689274749584
不zuo的ph-4,wemedia_only,2023-12-06 22:16:00,2023-12-15 07:38:00,H->H,risk,1.0,H,8.390277777777778,2023Q4,38,19,35,-0.07957605757132512,-0.24928104385126187,-0.32201689274749584
不zuo的ph-4,wemedia_only,2023-12-18 19:43:00,2024-01-15 12:24:00,M->H,risk,1.0,H,27.695138888888888,2024Q1,38,19,35,-0.07957605757132512,-0.24928104385126187,-0.32201689274749584
不zuo的ph-4,wemedia_only,2024-01-15 12:24:00,2024-02-17 14:40:00,H->M,risk,1.0,M,33.09444444444444,2024Q1,38,19,35,-0.07957605757132512,-0.24928104385126187,-0.32201689274749584
不zuo的ph-4,wemedia_only,2024-04-11 22:19:00,2024-05-22 11:35:00,H->M,risk,1.0,M,40.55277777777778,2024Q2,38,19,35,-0.07957605757132512,-0.24928104385126187,-0.32201689274749584
不zuo的ph-4,wemedia_only,2024-05-22 11:35:00,2024-05-31 06:54:00,M->M,risk,1.0,M,8.80486111111111,2024Q2,38,19,35,-0.07957605757132512,-0.24928104385126187,-0.32201689274749584
不zuo的ph-4,wemedia_only,2024-07-07 20:43:00,2024-08-21 20:31:00,M->M,risk,1.0,M,44.99166666666667,2024Q3,38,19,35,-0.07957605757132512,-0.24928104385126187,-0.32201689274749584
不zuo的ph-4,wemedia_only,2024-12-21 09:30:00,2025-06-05 22:20:00,H->M,norisk,0.0,M,166.53472222222223,2025Q2,38,19,35,-0.07957605757132512,-0.24928104385126187,-0.32201689274749584
不吃糖不吃糖就是不吃糖,wemedia_only,2023-02-08 10:18:00,2023-02-12 13:14:00,M->M,risk,1.0,M,4.122222222222222,2023Q1,17,16,10,-0.1719304154019297,-0.7222525835137076,-0.6270969857006737
不爱吃粽子的蜗牛,mainstream_only,2022-06-21 10:06:00,2022-06-21 23:14:00,H->H,risk,1.0,H,0.5472222222222223,2022Q2,20,8,13,-0.4182087029502085,-0.6654959987542142,-0.5835141152787912
不爱吃粽子的蜗牛,mainstream_only,2022-06-21 23:14:00,2022-06-21 23:16:00,H->H,risk,1.0,H,0.001388888888888889,2022Q2,20,8,13,-0.4182087029502085,-0.6654959987542142,-0.5835141152787912
不爱吃粽子的蜗牛,mainstream_only,2022-06-21 23:16:00,2022-06-22 09:17:00,H->H,risk,1.0,H,0.4173611111111111,2022Q2,20,8,13,-0.4182087029502085,-0.6654959987542142,-0.5835141152787912
不知名的摄影师Glacier,wemedia_only,2022-03-14 15:41:00,2023-05-15 20:56:00,M->M,risk,1.0,M,427.21875,2023Q2,2,5,2,-0.510563060780813,-0.8736034762056902,-0.8450113378100864
且慢明朝,wemedia_only,2022-10-14 10:33:00,2022-10-14 10:38:00,H->H,norisk,0.5,H,0.003472222222222222,2022Q4,3,1,2,-0.6337022045549524,-0.8736034762056902,-0.8304837143361256
且慢明朝,wemedia_only,2022-10-14 10:38:00,2022-12-01 16:12:00,H->M,norisk,0.5,M,48.231944444444444,2022Q4,3,1,2,-0.6337022045549524,-0.8736034762056902,-0.8304837143361256
中医刘双,wemedia_only,2023-07-05 17:06:00,2023-09-14 16:14:00,M->M,norisk,0.0,M,70.96388888888889,2023Q3,4,2,4,-0.6029174186114176,-0.8357657530326946,-0.8159560908621647
中医刘双,wemedia_only,2023-09-14 16:14:00,2023-09-26 11:02:00,M->M,risk,1.0,M,11.783333333333333,2023Q3,4,2,4,-0.6029174186114176,-0.8357657530326946,-0.8159560908621647
中医刘双,wemedia_only,2023-09-26 11:02:00,2024-08-22 16:34:00,M->M,risk,1.0,M,331.23055555555555,2024Q3,4,2,4,-0.6029174186114176,-0.8357657530326946,-0.8159560908621647
中医刘茜檬,wemedia_only,2023-08-21 23:09:00,2023-08-23 21:51:00,H->H,norisk,0.0,H,1.9458333333333333,2023Q3,54,10,47,-0.35663913106313877,-0.022254704813287906,-0.0895749171641222
中医吴昌树,wemedia_only,2023-04-14 13:57:00,2023-06-06 14:28:00,M->M,risk,1.0,M,53.02152777777778,2023Q2,13,8,13,-0.4182087029502085,-0.6654959987542142,-0.6852074795965171
中医吴昌树,wemedia_only,2023-06-06 14:28:00,2023-06-09 09:46:00,M->M,norisk,0.0,M,2.8041666666666667,2023Q2,13,8,13,-0.4182087029502085,-0.6654959987542142,-0.6852074795965171
中医吴昌树,wemedia_only,2023-06-09 09:46:00,2023-06-27 10:51:00,M->M,norisk,0.0,M,18.04513888888889,2023Q2,13,8,13,-0.4182087029502085,-0.6654959987542142,-0.6852074795965171
中医吴昌树,wemedia_only,2023-06-27 10:51:00,2023-07-04 11:23:00,M->M,risk,1.0,M,7.022222222222222,2023Q3,13,8,13,-0.4182087029502085,-0.6654959987542142,-0.6852074795965171
中医吴昌树,wemedia_only,2023-07-04 11:23:00,2023-07-05 18:45:00,M->M,norisk,0.0,M,1.3069444444444445,2023Q3,13,8,13,-0.4182087029502085,-0.6654959987542142,-0.6852074795965171
中医吴昌树,wemedia_only,2023-07-05 18:45:00,2023-07-17 12:02:00,M->M,norisk,0.0,M,11.720138888888888,2023Q3,13,8,13,-0.4182087029502085,-0.6654959987542142,-0.6852074795965171
中医吴昌树,wemedia_only,2023-07-17 12:02:00,2023-08-03 10:06:00,M->M,norisk,0.0,M,16.919444444444444,2023Q3,13,8,13,-0.4182087029502085,-0.6654959987542142,-0.6852074795965171
中医吴昌树,wemedia_only,2023-08-03 10:06:00,2023-08-11 12:36:00,M->M,norisk,0.0,M,8.104166666666666,2023Q3,13,8,13,-0.4182087029502085,-0.6654959987542142,-0.6852074795965171
中医吴昌树,wemedia_only,2023-08-11 12:36:00,2023-08-19 16:00:00,M->M,norisk,0.0,M,8.141666666666667,2023Q3,13,8,13,-0.4182087029502085,-0.6654959987542142,-0.6852074795965171
中医吴昌树,wemedia_only,2023-08-19 16:00:00,2023-08-26 10:47:00,M->M,norisk,0.0,M,6.782638888888889,2023Q3,13,8,13,-0.4182087029502085,-0.6654959987542142,-0.6852074795965171
中医吴昌树,wemedia_only,2023-08-26 10:47:00,2023-10-23 10:27:00,M->M,norisk,0.0,M,57.986111111111114,2023Q4,13,8,13,-0.4182087029502085,-0.6654959987542142,-0.6852074795965171
中医吴昌树,wemedia_only,2023-10-23 10:27:00,2023-12-10 11:53:00,M->H,risk,1.0,H,48.05972222222222,2023Q4,13,8,13,-0.4182087029502085,-0.6654959987542142,-0.6852074795965171
中医妇科张继芝,wemedia_only,2022-03-14 16:24:00,2022-03-14 20:56:00,M->M,norisk,0.5,M,0.18888888888888888,2022Q1,2,1,1,-0.6337022045549524,-0.892522337792188,-0.8450113378100864
中医张恒毅,wemedia_only,2023-02-24 16:22:00,2023-08-04 09:05:00,M->M,risk,1.0,M,160.6965277777778,2023Q3,24,21,22,-0.018006485684255412,-0.49522624447573366,-0.5254036213829477
中医张恒毅,wemedia_only,2023-08-04 09:05:00,2023-08-07 20:46:00,M->L,norisk,0.0,L,3.4868055555555557,2023Q3,24,21,22,-0.018006485684255412,-0.49522624447573366,-0.5254036213829477
中医张恒毅,wemedia_only,2023-08-07 20:46:00,2023-08-11 09:36:00,L->M,risk,1.0,M,3.5347222222222223,2023Q3,24,21,22,-0.018006485684255412,-0.49522624447573366,-0.5254036213829477
中医张恒毅,wemedia_only,2023-08-11 09:36:00,2023-08-13 10:14:00,M->M,risk,1.0,M,2.026388888888889,2023Q3,24,21,22,-0.018006485684255412,-0.49522624447573366,-0.5254036213829477
中医张恒毅,wemedia_only,2023-08-13 10:14:00,2023-08-13 21:30:00,M->M,risk,1.0,M,0.46944444444444444,2023Q3,24,21,22,-0.018006485684255412,-0.49522624447573366,-0.5254036213829477
中医张恒毅,wemedia_only,2023-08-13 21:30:00,2023-08-15 13:50:00,M->M,risk,1.0,M,1.6805555555555556,2023Q3,24,21,22,-0.018006485684255412,-0.49522624447573366,-0.5254036213829477
中医张恒毅,wemedia_only,2023-08-15 13:50:00,2023-08-18 13:52:00,M->L,risk,1.0,L,3.001388888888889,2023Q3,24,21,22,-0.018006485684255412,-0.49522624447573366,-0.5254036213829477
中医张恒毅,wemedia_only,2023-08-18 13:52:00,2023-08-25 14:18:00,L->M,risk,1.0,M,7.018055555555556,2023Q3,24,21,22,-0.018006485684255412,-0.49522624447573366,-0.5254036213829477
中医张恒毅,wemedia_only,2023-08-25 14:18:00,2023-09-01 09:56:00,M->M,risk,1.0,M,6.8180555555555555,2023Q3,24,21,22,-0.018006485684255412,-0.49522624447573366,-0.5254036213829477
中医张恒毅,wemedia_only,2023-09-01 09:56:00,2023-09-11 11:35:00,M->M,norisk,0.0,M,10.06875,2023Q3,24,21,22,-0.018006485684255412,-0.49522624447573366,-0.5254036213829477
中医张恒毅,wemedia_only,2023-09-11 11:35:00,2023-09-12 14:45:00,M->M,risk,1.0,M,1.1319444444444444,2023Q3,24,21,22,-0.018006485684255412,-0.49522624447573366,-0.5254036213829477
中医张恒毅,wemedia_only,2023-09-12 14:45:00,2023-09-21 21:15:00,M->M,risk,1.0,M,9.270833333333334,2023Q3,24,21,22,-0.018006485684255412,-0.49522624447573366,-0.5254036213829477
中医张恒毅,wemedia_only,2023-09-21 21:15:00,2023-09-29 09:38:00,M->M,risk,1.0,M,7.5159722222222225,2023Q3,24,21,22,-0.018006485684255412,-0.49522624447573366,-0.5254036213829477
中医张恒毅,wemedia_only,2023-09-29 09:38:00,2023-10-14 10:18:00,M->H,risk,1.0,H,15.027777777777779,2023Q4,24,21,22,-0.018006485684255412,-0.49522624447573366,-0.5254036213829477
中医张恒毅,wemedia_only,2023-10-14 10:18:00,2023-10-14 14:42:00,H->M,risk,1.0,M,0.18333333333333332,2023Q4,24,21,22,-0.018006485684255412,-0.49522624447573366,-0.5254036213829477
中医张恒毅,wemedia_only,2023-10-14 14:42:00,2023-10-21 18:35:00,M->L,risk,1.0,L,7.1618055555555555,2023Q4,24,21,22,-0.018006485684255412,-0.49522624447573366,-0.5254036213829477
中医张恒毅,wemedia_only,2023-10-21 18:35:00,2023-10-22 09:53:00,L->M,risk,1.0,M,0.6375,2023Q4,24,21,22,-0.018006485684255412,-0.49522624447573366,-0.5254036213829477
中医张恒毅,wemedia_only,2023-10-22 09:53:00,2023-10-29 09:23:00,M->M,risk,1.0,M,6.979166666666667,2023Q4,24,21,22,-0.018006485684255412,-0.49522624447573366,-0.5254036213829477
中医张恒毅,wemedia_only,2023-10-29 09:23:00,2023-11-05 09:42:00,M->M,risk,1.0,M,7.013194444444444,2023Q4,24,21,22,-0.018006485684255412,-0.49522624447573366,-0.5254036213829477
中医张恒毅,wemedia_only,2023-11-05 09:42:00,2024-02-11 22:35:00,M->M,risk,1.0,M,98.53680555555556,2024Q1,24,21,22,-0.018006485684255412,-0.49522624447573366,-0.5254036213829477
中医张恒毅,wemedia_only,2024-02-11 22:35:00,2024-02-29 15:08:00,M->M,norisk,0.0,M,17.689583333333335,2024Q1,24,21,22,-0.018006485684255412,-0.49522624447573366,-0.5254036213829477
中医张恒毅,wemedia_only,2024-02-29 15:08:00,2024-08-18 22:38:00,M->H,risk,1.0,H,171.3125,2024Q3,24,21,22,-0.018006485684255412,-0.49522624447573366,-0.5254036213829477
中医张恒毅,wemedia_only,2024-08-18 22:38:00,2024-09-23 21:43:00,H->M,risk,1.0,M,35.96180555555556,2024Q3,24,21,22,-0.018006485684255412,-0.49522624447573366,-0.5254036213829477
中医李杰,wemedia_only,2023-11-07 22:27:00,2023-11-23 10:29:00,M->M,risk,1.0,M,15.501388888888888,2023Q4,4,1,4,-0.6337022045549524,-0.8357657530326946,-0.8159560908621647
中医李杰,wemedia_only,2023-11-23 10:29:00,2024-03-29 09:29:00,M->M,norisk,0.0,M,126.95833333333333,2024Q1,4,1,4,-0.6337022045549524,-0.8357657530326946,-0.8159560908621647
中医李杰,wemedia_only,2024-03-29 09:29:00,2024-04-11 09:49:00,M->M,norisk,0.0,M,13.01388888888889,2024Q2,4,1,4,-0.6337022045549524,-0.8357657530326946,-0.8159560908621647
中医田应旭,wemedia_only,2023-02-24 15:35:00,2023-03-02 00:44:00,M->M,risk,1.0,M,5.38125,2023Q1,81,99,66,2.3832068179114634,0.3372036653301709,0.30267091663282075
中医田应旭,wemedia_only,2023-06-06 01:18:00,2023-06-17 23:40:00,M->M,norisk,0.0,M,11.931944444444444,2023Q2,81,99,66,2.3832068179114634,0.3372036653301709,0.30267091663282075
中医田应旭,wemedia_only,2023-07-04 18:05:00,2023-07-21 15:26:00,M->M,norisk,0.0,M,16.889583333333334,2023Q3,81,99,66,2.3832068179114634,0.3372036653301709,0.30267091663282075
中医田应旭,wemedia_only,2023-07-24 15:56:00,2023-07-28 00:04:00,M->M,norisk,0.0,M,3.338888888888889,2023Q3,81,99,66,2.3832068179114634,0.3372036653301709,0.30267091663282075
中医田应旭,wemedia_only,2023-07-28 00:04:00,2023-07-28 01:15:00,M->M,risk,1.0,M,0.049305555555555554,2023Q3,81,99,66,2.3832068179114634,0.3372036653301709,0.30267091663282075
中医田应旭,wemedia_only,2023-07-28 01:15:00,2023-07-30 02:35:00,M->M,risk,1.0,M,2.0555555555555554,2023Q3,81,99,66,2.3832068179114634,0.3372036653301709,0.30267091663282075
中医田应旭,wemedia_only,2023-08-03 13:02:00,2023-08-04 17:24:00,M->M,norisk,0.0,M,1.1819444444444445,2023Q3,81,99,66,2.3832068179114634,0.3372036653301709,0.30267091663282075
中医田应旭,wemedia_only,2023-08-04 17:24:00,2023-08-04 21:45:00,M->M,norisk,0.0,M,0.18125,2023Q3,81,99,66,2.3832068179114634,0.3372036653301709,0.30267091663282075
中医田应旭,wemedia_only,2023-08-04 21:45:00,2023-08-05 09:04:00,M->M,norisk,0.0,M,0.47152777777777777,2023Q3,81,99,66,2.3832068179114634,0.3372036653301709,0.30267091663282075
中医田应旭,wemedia_only,2023-08-07 22:39:00,2023-08-08 20:34:00,M->H,risk,1.0,H,0.9131944444444444,2023Q3,81,99,66,2.3832068179114634,0.3372036653301709,0.30267091663282075
中医田应旭,wemedia_only,2023-08-11 02:24:00,2023-08-12 20:23:00,L->M,norisk,0.5,M,1.7493055555555554,2023Q3,81,99,66,2.3832068179114634,0.3372036653301709,0.30267091663282075
中医田应旭,wemedia_only,2023-08-13 13:48:00,2023-08-14 12:47:00,M->H,risk,1.0,H,0.9576388888888889,2023Q3,81,99,66,2.3832068179114634,0.3372036653301709,0.30267091663282075
中医田应旭,wemedia_only,2023-08-15 15:19:00,2023-08-18 13:53:00,M->M,risk,1.0,M,2.9402777777777778,2023Q3,81,99,66,2.3832068179114634,0.3372036653301709,0.30267091663282075
中医田应旭,wemedia_only,2023-08-18 13:53:00,2023-08-21 18:53:00,M->M,risk,1.0,M,3.2083333333333335,2023Q3,81,99,66,2.3832068179114634,0.3372036653301709,0.30267091663282075
中医田应旭,wemedia_only,2023-08-21 18:53:00,2023-08-24 02:22:00,M->M,norisk,0.0,M,2.3118055555555554,2023Q3,81,99,66,2.3832068179114634,0.3372036653301709,0.30267091663282075
中医田应旭,wemedia_only,2023-08-25 22:30:00,2023-09-01 14:10:00,M->L,risk,1.0,L,6.652777777777778,2023Q3,81,99,66,2.3832068179114634,0.3372036653301709,0.30267091663282075
中医田应旭,wemedia_only,2023-09-01 14:10:00,2023-09-03 09:59:00,L->M,norisk,0.0,M,1.8256944444444445,2023Q3,81,99,66,2.3832068179114634,0.3372036653301709,0.30267091663282075
中医田应旭,wemedia_only,2023-11-17 00:16:00,2023-11-23 17:50:00,M->L,risk,1.0,L,6.731944444444444,2023Q4,81,99,66,2.3832068179114634,0.3372036653301709,0.30267091663282075
中医田应旭,wemedia_only,2023-12-10 10:39:00,2024-01-11 16:11:00,H->L,risk,1.0,L,32.230555555555554,2024Q1,81,99,66,2.3832068179114634,0.3372036653301709,0.30267091663282075
中医范圣华,wemedia_only,2023-01-07 11:59:00,2023-01-15 12:09:00,M->M,risk,1.0,M,8.006944444444445,2023Q1,18,6,18,-0.4797782748372782,-0.5709016908217249,-0.6125693622267129
中医范圣华,wemedia_only,2023-01-15 12:09:00,2023-01-16 08:30:00,M->M,risk,1.0,M,0.8479166666666667,2023Q1,18,6,18,-0.4797782748372782,-0.5709016908217249,-0.6125693622267129
中医范圣华,wemedia_only,2023-01-16 08:30:00,2023-01-17 08:30:00,M->M,risk,1.0,M,1.0,2023Q1,18,6,18,-0.4797782748372782,-0.5709016908217249,-0.6125693622267129
中医范圣华,wemedia_only,2023-01-17 08:30:00,2023-01-18 08:30:00,M->M,risk,1.0,M,1.0,2023Q1,18,6,18,-0.4797782748372782,-0.5709016908217249,-0.6125693622267129
中医范圣华,wemedia_only,2023-01-18 08:30:00,2023-01-19 08:30:00,M->M,risk,1.0,M,1.0,2023Q1,18,6,18,-0.4797782748372782,-0.5709016908217249,-0.6125693622267129
中医范圣华,wemedia_only,2023-01-19 08:30:00,2023-01-20 08:30:00,M->M,norisk,0.0,M,1.0,2023Q1,18,6,18,-0.4797782748372782,-0.5709016908217249,-0.6125693622267129
中医范圣华,wemedia_only,2023-01-20 08:30:00,2023-01-21 12:18:00,M->M,risk,1.0,M,1.1583333333333334,2023Q1,18,6,18,-0.4797782748372782,-0.5709016908217249,-0.6125693622267129
中医范圣华,wemedia_only,2023-01-21 12:18:00,2023-01-22 12:30:00,M->M,norisk,0.0,M,1.0083333333333333,2023Q1,18,6,18,-0.4797782748372782,-0.5709016908217249,-0.6125693622267129
中医范圣华,wemedia_only,2023-01-22 12:30:00,2023-02-20 14:59:00,M->M,risk,1.0,M,29.103472222222223,2023Q1,18,6,18,-0.4797782748372782,-0.5709016908217249,-0.6125693622267129
中医范圣华,wemedia_only,2023-02-20 14:59:00,2023-02-22 08:45:00,M->M,risk,1.0,M,1.7402777777777778,2023Q1,18,6,18,-0.4797782748372782,-0.5709016908217249,-0.6125693622267129
中医范圣华,wemedia_only,2023-02-22 08:45:00,2023-02-24 07:54:00,M->M,norisk,0.0,M,1.9645833333333333,2023Q1,18,6,18,-0.4797782748372782,-0.5709016908217249,-0.6125693622267129
中医范圣华,wemedia_only,2023-02-24 07:54:00,2023-02-25 07:54:00,M->M,norisk,0.0,M,1.0,2023Q1,18,6,18,-0.4797782748372782,-0.5709016908217249,-0.6125693622267129
中医范圣华,wemedia_only,2023-02-25 07:54:00,2023-02-28 08:31:00,M->M,norisk,0.0,M,3.0256944444444445,2023Q1,18,6,18,-0.4797782748372782,-0.5709016908217249,-0.6125693622267129
中医范圣华,wemedia_only,2023-02-28 08:31:00,2023-03-04 08:04:00,M->M,norisk,0.0,M,3.98125,2023Q1,18,6,18,-0.4797782748372782,-0.5709016908217249,-0.6125693622267129
中医范圣华,wemedia_only,2023-03-04 08:04:00,2023-05-31 16:47:00,M->M,norisk,0.0,M,88.36319444444445,2023Q2,18,6,18,-0.4797782748372782,-0.5709016908217249,-0.6125693622267129
中医范圣华,wemedia_only,2023-05-31 16:47:00,2023-06-13 09:00:00,M->M,norisk,0.0,M,12.675694444444444,2023Q2,18,6,18,-0.4797782748372782,-0.5709016908217249,-0.6125693622267129
中医范圣华,wemedia_only,2023-06-13 09:00:00,2023-06-28 08:30:00,M->M,norisk,0.0,M,14.979166666666666,2023Q2,18,6,18,-0.4797782748372782,-0.5709016908217249,-0.6125693622267129
中医许煜超,wemedia_only,2023-08-04 11:57:00,2023-09-04 12:02:00,M->M,risk,1.0,M,31.00347222222222,2023Q3,2,2,2,-0.6029174186114176,-0.8736034762056902,-0.8450113378100864
中医黄锐,wemedia_only,2023-07-24 12:14:00,2023-07-28 17:24:00,M->M,norisk,0.0,M,4.215277777777778,2023Q3,6,22,6,0.012778300259279441,-0.7979280298596989,-0.7869008439142431
中医黄锐,wemedia_only,2023-07-28 17:24:00,2023-08-18 12:21:00,M->M,risk,1.0,M,20.789583333333333,2023Q3,6,22,6,0.012778300259279441,-0.7979280298596989,-0.7869008439142431
中医黄锐,wemedia_only,2023-08-18 12:21:00,2023-08-21 19:20:00,M->M,risk,1.0,M,3.2909722222222224,2023Q3,6,22,6,0.012778300259279441,-0.7979280298596989,-0.7869008439142431
中医黄锐,wemedia_only,2023-08-21 19:20:00,2023-11-17 07:44:00,M->M,norisk,0.0,M,87.51666666666667,2023Q4,6,22,6,0.012778300259279441,-0.7979280298596989,-0.7869008439142431
中医黄锐,wemedia_only,2023-11-17 07:44:00,2024-01-27 12:35:00,M->M,risk,1.0,M,71.20208333333333,2024Q1,6,22,6,0.012778300259279441,-0.7979280298596989,-0.7869008439142431
中央网信办举报中心,mainstream_only,2023-02-07 14:26:00,2023-06-20 21:05:00,M->M,norisk,0.5,M,133.27708333333334,2023Q2,2,2,2,-0.6029174186114176,-0.8736034762056902,-0.8450113378100864
中西医结合医学微博,dual,2023-02-02 14:04:00,2023-02-03 07:19:00,M->M,risk,1.0,M,0.71875,2023Q1,30,21,25,-0.018006485684255412,-0.4384696597162402,-0.4382378805391826
中西医结合医学微博,dual,2023-02-03 07:19:00,2023-02-03 16:24:00,M->M,risk,1.0,M,0.3784722222222222,2023Q1,30,21,25,-0.018006485684255412,-0.4384696597162402,-0.4382378805391826
中西医结合医学微博,dual,2023-02-03 16:24:00,2023-02-04 05:42:00,M->M,risk,1.0,M,0.5541666666666667,2023Q1,30,21,25,-0.018006485684255412,-0.4384696597162402,-0.4382378805391826
中西医结合医学微博,dual,2023-02-04 05:42:00,2023-02-07 10:44:00,M->M,risk,1.0,M,3.209722222222222,2023Q1,30,21,25,-0.018006485684255412,-0.4384696597162402,-0.4382378805391826
中西医结合医学微博,dual,2023-02-07 10:44:00,2023-02-08 10:23:00,M->M,risk,1.0,M,0.9854166666666667,2023Q1,30,21,25,-0.018006485684255412,-0.4384696597162402,-0.4382378805391826
中西医结合医学微博,dual,2023-02-08 10:23:00,2023-02-08 10:27:00,M->M,risk,1.0,M,0.002777777777777778,2023Q1,30,21,25,-0.018006485684255412,-0.4384696597162402,-0.4382378805391826
中西医结合医学微博,dual,2023-02-08 10:27:00,2023-03-12 21:00:00,M->M,risk,1.0,M,32.43958333333333,2023Q1,30,21,25,-0.018006485684255412,-0.4384696597162402,-0.4382378805391826
中西医结合医学微博,dual,2023-09-07 14:23:00,2023-09-19 17:41:00,M->M,norisk,0.0,M,12.1375,2023Q3,30,21,25,-0.018006485684255412,-0.4384696597162402,-0.4382378805391826
中西医结合医学微博,dual,2023-09-19 17:41:00,2023-12-12 16:58:00,M->M,risk,1.0,M,83.97013888888888,2023Q4,30,21,25,-0.018006485684255412,-0.4384696597162402,-0.4382378805391826
中西医结合医学微博,dual,2024-01-31 19:10:00,2024-03-05 11:05:00,M->M,norisk,0.0,M,33.66319444444444,2024Q1,30,21,25,-0.018006485684255412,-0.4384696597162402,-0.4382378805391826
临沧政法,mainstream_only,2022-12-01 14:47:00,2023-01-03 10:43:00,M->M,norisk,0.0,M,32.830555555555556,2023Q1,3,4,2,-0.5413478467243479,-0.8736034762056902,-0.8304837143361256
临沧政法,mainstream_only,2023-01-03 10:43:00,2023-01-03 10:48:51,M->M,norisk,0.0,M,0.0040625,2023Q1,3,4,2,-0.5413478467243479,-0.8736034762056902,-0.8304837143361256
为了唯一的爱豆开微博的白粥,wemedia_only,2020-03-18 19:33:00,2020-03-18 19:34:00,M->M,norisk,0.0,M,0.0006944444444444445,2020Q1,2,1,1,-0.6337022045549524,-0.892522337792188,-0.8450113378100864
乌兰浩特政法,mainstream_only,2022-10-14 13:15:00,2022-10-14 13:15:26,M->M,risk,0.5833333333333333,M,0.00030092592592592595,2022Q4,37,8,32,-0.4182087029502085,-0.30603762861075534,-0.33654451622145665
乌兰浩特政法,mainstream_only,2022-10-14 13:15:26,2022-11-29 20:35:46,M->M,risk,0.5833333333333333,M,46.305787037037035,2022Q4,37,8,32,-0.4182087029502085,-0.30603762861075534,-0.33654451622145665
乌兰浩特政法,mainstream_only,2023-01-02 16:04:45,2023-01-03 09:58:48,M->M,risk,1.0,M,0.7458680555555556,2023Q1,37,8,32,-0.4182087029502085,-0.30603762861075534,-0.33654451622145665
九思想丫一丫,wemedia_only,2022-03-14 17:21:00,2022-03-14 17:31:00,H->M,norisk,0.5,M,0.006944444444444444,2022Q1,2,8,1,-0.4182087029502085,-0.892522337792188,-0.8450113378100864
乾坤赢得一闲人,dual,2023-11-05 16:38:00,2024-08-25 07:57:00,H->H,risk,1.0,H,293.6381944444444,2024Q3,5,21,5,-0.018006485684255412,-0.8168468914461967,-0.8014284673882038
乾坤风标,mainstream_only,2023-12-12 09:22:00,2023-12-14 15:06:00,M->M,norisk,0.0,M,2.238888888888889,2023Q4,6,1,6,-0.6337022045549524,-0.7979280298596989,-0.7869008439142431
云南政法,mainstream_only,2022-10-14 10:11:00,2022-10-14 10:11:26,M->M,norisk,0.16666666666666666,M,0.00030092592592592595,2022Q4,41,3,35,-0.5721326326678827,-0.24928104385126187,-0.27843402232561326
云南政法,mainstream_only,2022-10-14 10:11:26,2022-11-29 21:39:31,M->M,norisk,0.16666666666666666,M,46.47783564814815,2022Q4,41,3,35,-0.5721326326678827,-0.24928104385126187,-0.27843402232561326
云南政法,mainstream_only,2022-12-07 14:42:22,2022-12-11 09:54:53,M->M,norisk,0.0,M,3.800358796296296,2022Q4,41,3,35,-0.5721326326678827,-0.24928104385126187,-0.27843402232561326
云南政法,mainstream_only,2022-12-15 19:23:20,2022-12-18 17:00:06,M->M,norisk,0.0,M,2.9005324074074075,2022Q4,41,3,35,-0.5721326326678827,-0.24928104385126187,-0.27843402232561326
云南政法,mainstream_only,2023-01-02 08:32:56,2023-01-02 14:42:31,M->M,risk,1.0,M,0.2566550925925926,2023Q1,41,3,35,-0.5721326326678827,-0.24928104385126187,-0.27843402232561326
云南政法,mainstream_only,2023-01-02 14:42:31,2023-01-03 10:37:35,M->M,risk,1.0,M,0.8299074074074074,2023Q1,41,3,35,-0.5721326326678827,-0.24928104385126187,-0.27843402232561326
云南政法,mainstream_only,2023-02-26 14:08:00,2023-02-26 16:15:00,M->M,norisk,0.0,M,0.08819444444444445,2023Q1,41,3,35,-0.5721326326678827,-0.24928104385126187,-0.27843402232561326
云南政法,mainstream_only,2023-02-26 16:15:00,2023-03-03 09:35:00,M->M,norisk,0.0,M,4.722222222222222,2023Q1,41,3,35,-0.5721326326678827,-0.24928104385126187,-0.27843402232561326
人民日报健康客户端,mainstream_only,2023-02-02 19:03:00,2023-02-04 17:19:00,M->M,norisk,0.0,M,1.9277777777777778,2023Q1,33,1,28,-0.6337022045549524,-0.38171307495674667,-0.3946550101173001
人民日报健康客户端,mainstream_only,2023-02-04 17:19:00,2023-02-05 11:39:00,M->M,norisk,0.0,M,0.7638888888888888,2023Q1,33,1,28,-0.6337022045549524,-0.38171307495674667,-0.3946550101173001
人民日报健康客户端,mainstream_only,2023-02-05 11:39:00,2023-02-09 15:55:00,M->M,norisk,0.0,M,4.177777777777778,2023Q1,33,1,28,-0.6337022045549524,-0.38171307495674667,-0.3946550101173001
人民日报健康客户端,mainstream_only,2023-02-09 15:55:00,2023-02-13 09:46:00,M->M,norisk,0.0,M,3.74375,2023Q1,33,1,28,-0.6337022045549524,-0.38171307495674667,-0.3946550101173001
人民日报健康客户端,mainstream_only,2023-02-13 09:46:00,2023-02-15 10:30:00,M->M,norisk,0.0,M,2.0305555555555554,2023Q1,33,1,28,-0.6337022045549524,-0.38171307495674667,-0.3946550101173001
人民日报健康客户端,mainstream_only,2023-02-15 10:30:00,2023-02-16 12:58:00,M->M,norisk,0.0,M,1.1027777777777779,2023Q1,33,1,28,-0.6337022045549524,-0.38171307495674667,-0.3946550101173001
人民日报健康客户端,mainstream_only,2023-02-16 12:58:00,2023-02-18 21:10:00,M->M,norisk,0.0,M,2.341666666666667,2023Q1,33,1,28,-0.6337022045549524,-0.38171307495674667,-0.3946550101173001
人民日报健康客户端,mainstream_only,2023-02-18 21:10:00,2023-02-20 10:48:00,M->M,norisk,0.0,M,1.5680555555555555,2023Q1,33,1,28,-0.6337022045549524,-0.38171307495674667,-0.3946550101173001
人民日报健康客户端,mainstream_only,2023-02-20 10:48:00,2023-02-21 16:59:00,M->M,norisk,0.0,M,1.257638888888889,2023Q1,33,1,28,-0.6337022045549524,-0.38171307495674667,-0.3946550101173001
人民日报健康客户端,mainstream_only,2023-02-21 16:59:00,2023-02-21 18:16:00,M->M,norisk,0.5,M,0.05347222222222222,2023Q1,33,1,28,-0.6337022045549524,-0.38171307495674667,-0.3946550101173001
人民日报健康客户端,mainstream_only,2023-02-21 18:16:00,2023-02-22 13:24:00,M->M,norisk,0.5,M,0.7972222222222223,2023Q1,33,1,28,-0.6337022045549524,-0.38171307495674667,-0.3946550101173001
人民日报健康客户端,mainstream_only,2023-02-22 13:24:00,2023-02-26 22:22:00,M->M,norisk,0.0,M,4.373611111111111,2023Q1,33,1,28,-0.6337022045549524,-0.38171307495674667,-0.3946550101173001
人民日报健康客户端,mainstream_only,2023-02-26 22:22:00,2023-02-28 09:52:00,M->M,norisk,0.0,M,1.4791666666666667,2023Q1,33,1,28,-0.6337022045549524,-0.38171307495674667,-0.3946550101173001
人民日报健康客户端,mainstream_only,2023-02-28 09:52:00,2023-03-02 17:49:00,M->M,risk,1.0,M,2.33125,2023Q1,33,1,28,-0.6337022045549524,-0.38171307495674667,-0.3946550101173001
人民日报健康客户端,mainstream_only,2023-03-02 17:49:00,2023-03-12 15:15:00,M->M,risk,1.0,M,9.893055555555556,2023Q1,33,1,28,-0.6337022045549524,-0.38171307495674667,-0.3946550101173001
人民日报健康客户端,mainstream_only,2023-03-12 15:15:00,2023-03-24 17:46:00,M->M,norisk,0.0,M,12.104861111111111,2023Q1,33,1,28,-0.6337022045549524,-0.38171307495674667,-0.3946550101173001
人民日报健康客户端,mainstream_only,2023-03-24 17:46:00,2023-05-18 14:43:00,M->M,norisk,0.0,M,54.87291666666667,2023Q2,33,1,28,-0.6337022045549524,-0.38171307495674667,-0.3946550101173001
人民日报健康客户端,mainstream_only,2023-05-18 14:43:00,2023-05-18 16:07:00,M->M,norisk,0.0,M,0.058333333333333334,2023Q2,33,1,28,-0.6337022045549524,-0.38171307495674667,-0.3946550101173001
人民日报健康客户端,mainstream_only,2023-05-18 16:07:00,2023-05-21 14:55:00,M->M,norisk,0.0,M,2.95,2023Q2,33,1,28,-0.6337022045549524,-0.38171307495674667,-0.3946550101173001
人民日报健康客户端,mainstream_only,2023-05-21 14:55:00,2023-05-27 13:43:00,M->M,norisk,0.0,M,5.95,2023Q2,33,1,28,-0.6337022045549524,-0.38171307495674667,-0.3946550101173001
人民日报健康客户端,mainstream_only,2023-05-27 13:43:00,2023-05-29 11:46:00,M->M,norisk,0.0,M,1.91875,2023Q2,33,1,28,-0.6337022045549524,-0.38171307495674667,-0.3946550101173001
人民日报健康客户端,mainstream_only,2023-05-29 11:46:00,2023-06-13 15:39:00,M->M,risk,1.0,M,15.161805555555556,2023Q2,33,1,28,-0.6337022045549524,-0.38171307495674667,-0.3946550101173001
人民日报健康客户端,mainstream_only,2023-06-13 15:39:00,2023-06-14 11:45:00,M->M,risk,1.0,M,0.8375,2023Q2,33,1,28,-0.6337022045549524,-0.38171307495674667,-0.3946550101173001
人民日报健康客户端,mainstream_only,2023-06-14 11:45:00,2023-11-10 09:52:00,M->M,risk,1.0,M,148.92152777777778,2023Q4,33,1,28,-0.6337022045549524,-0.38171307495674667,-0.3946550101173001
人民日报健康客户端,mainstream_only,2023-11-10 09:52:00,2023-11-10 12:06:00,M->M,risk,1.0,M,0.09305555555555556,2023Q4,33,1,28,-0.6337022045549524,-0.38171307495674667,-0.3946550101173001
人民日报健康客户端,mainstream_only,2023-11-10 12:06:00,2023-12-13 16:40:00,M->M,risk,1.0,M,33.19027777777778,2023Q4,33,1,28,-0.6337022045549524,-0.38171307495674667,-0.3946550101173001
人民日报健康客户端,mainstream_only,2023-12-13 16:40:00,2023-12-13 17:15:00,M->M,norisk,0.0,M,0.024305555555555556,2023Q4,33,1,28,-0.6337022045549524,-0.38171307495674667,-0.3946550101173001
人民日报健康客户端,mainstream_only,2023-12-13 17:15:00,2023-12-24 21:39:00,M->M,norisk,0.0,M,11.183333333333334,2023Q4,33,1,28,-0.6337022045549524,-0.38171307495674667,-0.3946550101173001
人民日报健康客户端,mainstream_only,2023-12-24 21:39:00,2024-04-26 10:26:00,M->M,norisk,0.0,M,123.53263888888888,2024Q2,33,1,28,-0.6337022045549524,-0.38171307495674667,-0.3946550101173001
人民日报健康客户端,mainstream_only,2024-04-26 10:26:00,2025-05-18 19:45:00,M->M,norisk,0.0,M,387.3881944444444,2025Q2,33,1,28,-0.6337022045549524,-0.38171307495674667,-0.3946550101173001
人民日报健康客户端,mainstream_only,2025-05-18 19:45:00,2025-05-18 20:06:00,M->M,norisk,0.5,M,0.014583333333333334,2025Q2,33,1,28,-0.6337022045549524,-0.38171307495674667,-0.3946550101173001
人民日报健康客户端,mainstream_only,2025-05-18 20:06:00,2025-05-24 12:52:00,M->M,norisk,0.5,M,5.698611111111111,2025Q2,33,1,28,-0.6337022045549524,-0.38171307495674667,-0.3946550101173001
今天也想睡够八小时呀,wemedia_only,2020-03-18 19:28:00,2020-03-18 19:35:00,M->M,norisk,0.5,M,0.004861111111111111,2020Q1,2,4,1,-0.5413478467243479,-0.892522337792188,-0.8450113378100864
伯阳先生-段本司,dual,2023-05-19 18:12:00,2023-06-07 19:01:00,M->M,norisk,0.0,M,19.034027777777776,2023Q2,36,22,36,0.012778300259279441,-0.23036218226476404,-0.3510721396954175
余柑果儿,mainstream_only,2023-05-19 13:17:00,2023-05-23 22:27:00,L->L,norisk,0.0,L,4.381944444444445,2023Q2,3,1,3,-0.6337022045549524,-0.8546846146191924,-0.8304837143361256
倪佩婕PeggyNie,wemedia_only,2021-03-23 04:44:00,2022-12-01 16:03:00,L->M,risk,1.0,M,618.4715277777777,2022Q4,37,2,33,-0.6029174186114176,-0.28711876702425754,-0.33654451622145665
倪佩婕PeggyNie,wemedia_only,2022-12-01 16:03:00,2023-02-01 06:02:00,M->M,norisk,0.0,M,61.58263888888889,2023Q1,37,2,33,-0.6029174186114176,-0.28711876702425754,-0.33654451622145665
倪佩婕PeggyNie,wemedia_only,2023-02-01 06:02:00,2023-02-06 10:17:00,M->M,norisk,0.0,M,5.177083333333333,2023Q1,37,2,33,-0.6029174186114176,-0.28711876702425754,-0.33654451622145665
倪佩婕PeggyNie,wemedia_only,2023-02-06 10:17:00,2023-02-18 12:50:00,M->M,norisk,0.0,M,12.10625,2023Q1,37,2,33,-0.6029174186114176,-0.28711876702425754,-0.33654451622145665
倪佩婕PeggyNie,wemedia_only,2023-02-18 12:50:00,2023-02-24 10:36:00,M->M,norisk,0.0,M,5.906944444444444,2023Q1,37,2,33,-0.6029174186114176,-0.28711876702425754,-0.33654451622145665
倪佩婕PeggyNie,wemedia_only,2023-02-24 10:36:00,2023-02-26 06:00:00,M->M,norisk,0.0,M,1.8083333333333333,2023Q1,37,2,33,-0.6029174186114176,-0.28711876702425754,-0.33654451622145665
倪佩婕PeggyNie,wemedia_only,2023-02-26 06:00:00,2023-03-13 12:42:00,M->M,norisk,0.0,M,15.279166666666667,2023Q1,37,2,33,-0.6029174186114176,-0.28711876702425754,-0.33654451622145665
倪佩婕PeggyNie,wemedia_only,2023-03-13 12:42:00,2023-05-03 20:14:00,M->L,norisk,0.0,L,51.31388888888889,2023Q2,37,2,33,-0.6029174186114176,-0.28711876702425754,-0.33654451622145665
倪佩婕PeggyNie,wemedia_only,2023-05-03 20:14:00,2023-05-06 05:59:00,L->M,norisk,0.0,M,2.40625,2023Q2,37,2,33,-0.6029174186114176,-0.28711876702425754,-0.33654451622145665
倪佩婕PeggyNie,wemedia_only,2023-05-06 05:59:00,2023-05-13 05:49:00,M->L,norisk,0.0,L,6.993055555555555,2023Q2,37,2,33,-0.6029174186114176,-0.28711876702425754,-0.33654451622145665
倪佩婕PeggyNie,wemedia_only,2023-05-13 05:49:00,2023-05-18 09:13:00,L->M,risk,1.0,M,5.141666666666667,2023Q2,37,2,33,-0.6029174186114176,-0.28711876702425754,-0.33654451622145665
倪佩婕PeggyNie,wemedia_only,2023-05-18 09:13:00,2023-07-25 06:21:00,M->L,risk,1.0,L,67.88055555555556,2023Q3,37,2,33,-0.6029174186114176,-0.28711876702425754,-0.33654451622145665
倪佩婕PeggyNie,wemedia_only,2023-07-25 06:21:00,2023-07-28 16:57:00,L->L,risk,1.0,L,3.441666666666667,2023Q3,37,2,33,-0.6029174186114176,-0.28711876702425754,-0.33654451622145665
倪佩婕PeggyNie,wemedia_only,2023-07-28 16:57:00,2023-09-09 13:39:00,L->M,risk,1.0,M,42.8625,2023Q3,37,2,33,-0.6029174186114176,-0.28711876702425754,-0.33654451622145665
倪佩婕PeggyNie,wemedia_only,2023-09-09 13:39:00,2023-09-17 13:11:00,M->L,risk,1.0,L,7.980555555555555,2023Q3,37,2,33,-0.6029174186114176,-0.28711876702425754,-0.33654451622145665
倪佩婕PeggyNie,wemedia_only,2023-09-17 13:11:00,2023-09-17 16:03:00,L->L,risk,1.0,L,0.11944444444444445,2023Q3,37,2,33,-0.6029174186114176,-0.28711876702425754,-0.33654451622145665
倪佩婕PeggyNie,wemedia_only,2023-09-17 16:03:00,2023-09-23 10:07:00,L->M,risk,1.0,M,5.752777777777778,2023Q3,37,2,33,-0.6029174186114176,-0.28711876702425754,-0.33654451622145665
倪佩婕PeggyNie,wemedia_only,2023-09-23 10:07:00,2023-09-25 06:04:00,M->M,risk,1.0,M,1.83125,2023Q3,37,2,33,-0.6029174186114176,-0.28711876702425754,-0.33654451622145665
倪佩婕PeggyNie,wemedia_only,2023-09-25 06:04:00,2023-09-26 12:31:00,M->L,norisk,0.0,L,1.26875,2023Q3,37,2,33,-0.6029174186114176,-0.28711876702425754,-0.33654451622145665
倪佩婕PeggyNie,wemedia_only,2023-09-26 12:31:00,2023-09-28 05:56:00,L->L,risk,1.0,L,1.7256944444444444,2023Q3,37,2,33,-0.6029174186114176,-0.28711876702425754,-0.33654451622145665
倪佩婕PeggyNie,wemedia_only,2023-09-28 05:56:00,2023-09-28 12:00:00,L->L,risk,1.0,L,0.25277777777777777,2023Q3,37,2,33,-0.6029174186114176,-0.28711876702425754,-0.33654451622145665
倪佩婕PeggyNie,wemedia_only,2023-09-28 12:00:00,2023-09-30 06:17:00,L->L,risk,1.0,L,1.7618055555555556,2023Q3,37,2,33,-0.6029174186114176,-0.28711876702425754,-0.33654451622145665
倪佩婕PeggyNie,wemedia_only,2023-09-30 06:17:00,2023-09-30 08:37:00,L->H,risk,1.0,H,0.09722222222222222,2023Q3,37,2,33,-0.6029174186114176,-0.28711876702425754,-0.33654451622145665
倪佩婕PeggyNie,wemedia_only,2023-09-30 08:37:00,2023-10-01 10:39:00,H->M,risk,1.0,M,1.0847222222222221,2023Q4,37,2,33,-0.6029174186114176,-0.28711876702425754,-0.33654451622145665
倪佩婕PeggyNie,wemedia_only,2023-10-01 10:39:00,2023-10-11 05:55:00,M->H,norisk,0.0,H,9.802777777777777,2023Q4,37,2,33,-0.6029174186114176,-0.28711876702425754,-0.33654451622145665
倪佩婕PeggyNie,wemedia_only,2023-10-11 05:55:00,2023-10-29 11:58:00,H->M,risk,1.0,M,18.252083333333335,2023Q4,37,2,33,-0.6029174186114176,-0.28711876702425754,-0.33654451622145665
倪佩婕PeggyNie,wemedia_only,2023-10-29 11:58:00,2023-11-10 09:50:00,M->M,risk,1.0,M,11.911111111111111,2023Q4,37,2,33,-0.6029174186114176,-0.28711876702425754,-0.33654451622145665
倪佩婕PeggyNie,wemedia_only,2023-11-10 09:50:00,2023-11-24 06:13:00,M->M,risk,1.0,M,13.849305555555556,2023Q4,37,2,33,-0.6029174186114176,-0.28711876702425754,-0.33654451622145665
倪佩婕PeggyNie,wemedia_only,2023-11-24 06:13:00,2023-12-12 18:08:00,M->L,risk,1.0,L,18.49652777777778,2023Q4,37,2,33,-0.6029174186114176,-0.28711876702425754,-0.33654451622145665
倪佩婕PeggyNie,wemedia_only,2023-12-12 18:08:00,2023-12-12 22:09:00,L->H,risk,1.0,H,0.1673611111111111,2023Q4,37,2,33,-0.6029174186114176,-0.28711876702425754,-0.33654451622145665
倪佩婕PeggyNie,wemedia_only,2023-12-12 22:09:00,2023-12-18 11:10:00,H->H,risk,1.0,H,5.542361111111111,2023Q4,37,2,33,-0.6029174186114176,-0.28711876702425754,-0.33654451622145665
倪佩婕PeggyNie,wemedia_only,2023-12-18 11:10:00,2024-03-31 20:41:00,H->M,risk,1.0,M,104.39652777777778,2024Q1,37,2,33,-0.6029174186114176,-0.28711876702425754,-0.33654451622145665
倪佩婕PeggyNie,wemedia_only,2024-03-31 20:41:00,2024-04-23 18:24:00,M->M,norisk,0.0,M,22.90486111111111,2024Q2,37,2,33,-0.6029174186114176,-0.28711876702425754,-0.33654451622145665
倪佩婕PeggyNie,wemedia_only,2024-04-23 18:24:00,2024-04-29 08:40:00,M->M,risk,1.0,M,5.594444444444444,2024Q2,37,2,33,-0.6029174186114176,-0.28711876702425754,-0.33654451622145665
倪佩婕PeggyNie,wemedia_only,2024-04-29 08:40:00,2025-02-16 12:36:00,M->L,risk,1.0,L,293.1638888888889,2025Q1,37,2,33,-0.6029174186114176,-0.28711876702425754,-0.33654451622145665
倪佩婕PeggyNie,wemedia_only,2025-02-16 12:36:00,2025-06-24 13:38:00,L->L,risk,1.0,L,128.04305555555555,2025Q2,37,2,33,-0.6029174186114176,-0.28711876702425754,-0.33654451622145665
健康河北官微,mainstream_only,2023-02-10 08:45:00,2023-04-13 10:20:00,M->M,norisk,0.0,M,62.06597222222222,2023Q2,10,1,10,-0.6337022045549524,-0.7222525835137076,-0.7287903500183996
健康河北官微,mainstream_only,2023-05-30 14:19:00,2023-09-06 10:19:00,M->M,norisk,0.5,M,98.83333333333333,2023Q3,10,1,10,-0.6337022045549524,-0.7222525835137076,-0.7287903500183996
健康贵州,mainstream_only,2023-05-30 15:41:00,2024-01-29 15:19:00,M->M,norisk,0.5,M,243.98472222222222,2024Q1,2,1,2,-0.6337022045549524,-0.8736034762056902,-0.8450113378100864
元宝兔兔好运,wemedia_only,2023-03-08 19:27:00,2023-07-24 12:43:00,M->M,risk,1.0,M,137.71944444444443,2023Q3,9,26,9,0.13591744403341885,-0.7411714451002055,-0.7433179734923605
元宝兔兔好运,wemedia_only,2023-08-04 10:37:00,2023-08-10 17:39:00,M->M,norisk,0.0,M,6.293055555555555,2023Q3,9,26,9,0.13591744403341885,-0.7411714451002055,-0.7433179734923605
先聚焦后改变,wemedia_only,2023-04-18 15:07:00,2023-06-15 20:21:00,M->H,norisk,0.0,H,58.21805555555556,2023Q2,29,30,27,0.25905658780755825,-0.4006319365432445,-0.45276550401314347
先聚焦后改变,wemedia_only,2023-09-21 22:32:00,2023-09-27 06:51:00,M->H,risk,1.0,H,5.346527777777778,2023Q3,29,30,27,0.25905658780755825,-0.4006319365432445,-0.45276550401314347
先聚焦后改变,wemedia_only,2023-10-07 23:03:00,2024-01-28 21:58:00,M->M,risk,1.0,M,112.95486111111111,2024Q1,29,30,27,0.25905658780755825,-0.4006319365432445,-0.45276550401314347
光之爱MM,mainstream_only,2023-06-09 11:18:00,2023-07-05 18:06:00,M->M,risk,1.0,M,26.283333333333335,2023Q3,6,4,6,-0.5413478467243479,-0.7979280298596989,-0.7869008439142431
光之爱MM,mainstream_only,2023-07-05 18:06:00,2023-08-09 10:33:00,M->H,risk,1.0,H,34.68541666666667,2023Q3,6,4,6,-0.5413478467243479,-0.7979280298596989,-0.7869008439142431
光之爱MM,mainstream_only,2023-08-09 10:33:00,2023-12-07 20:33:00,H->M,norisk,0.5,M,120.41666666666667,2023Q4,6,4,6,-0.5413478467243479,-0.7979280298596989,-0.7869008439142431
全南发布,mainstream_only,2020-04-20 10:53:27,2022-04-04 14:19:56,M->M,norisk,0.0,M,714.1433912037037,2022Q2,15,1,11,-0.6337022045549524,-0.7033337219272098,-0.6561522326485953
全南发布,mainstream_only,2022-04-04 14:19:56,2022-12-01 12:55:00,M->M,norisk,0.0,M,240.94101851851852,2022Q4,15,1,11,-0.6337022045549524,-0.7033337219272098,-0.6561522326485953
全南发布,mainstream_only,2022-12-01 12:55:00,2022-12-01 12:55:57,M->M,norisk,0.3333333333333333,M,0.0006597222222222222,2022Q4,15,1,11,-0.6337022045549524,-0.7033337219272098,-0.6561522326485953
全南发布,mainstream_only,2022-12-01 12:55:57,2022-12-01 17:59:45,M->M,norisk,0.3333333333333333,M,0.21097222222222223,2022Q4,15,1,11,-0.6337022045549524,-0.7033337219272098,-0.6561522326485953
全南发布,mainstream_only,2022-12-01 17:59:45,2022-12-09 15:12:00,M->M,norisk,0.3333333333333333,M,7.883506944444444,2022Q4,15,1,11,-0.6337022045549524,-0.7033337219272098,-0.6561522326485953
全南发布,mainstream_only,2022-12-09 15:12:00,2022-12-10 22:34:10,M->M,norisk,0.0,M,1.307060185185185,2022Q4,15,1,11,-0.6337022045549524,-0.7033337219272098,-0.6561522326485953
全南发布,mainstream_only,2022-12-10 22:34:10,2022-12-10 22:44:36,M->M,norisk,0.5,M,0.007245370370370371,2022Q4,15,1,11,-0.6337022045549524,-0.7033337219272098,-0.6561522326485953
全南发布,mainstream_only,2022-12-10 22:44:36,2022-12-11 09:52:25,M->M,norisk,0.5,M,0.4637615740740741,2022Q4,15,1,11,-0.6337022045549524,-0.7033337219272098,-0.6561522326485953
全南发布,mainstream_only,2022-12-11 09:52:25,2022-12-12 21:27:31,M->M,norisk,0.0,M,1.4827083333333333,2022Q4,15,1,11,-0.6337022045549524,-0.7033337219272098,-0.6561522326485953
全南发布,mainstream_only,2022-12-12 21:27:31,2022-12-15 18:38:31,M->M,norisk,0.0,M,2.8826388888888888,2022Q4,15,1,11,-0.6337022045549524,-0.7033337219272098,-0.6561522326485953
全南发布,mainstream_only,2022-12-15 18:38:31,2022-12-26 20:38:38,M->M,norisk,0.0,M,11.083414351851852,2022Q4,15,1,11,-0.6337022045549524,-0.7033337219272098,-0.6561522326485953
全南发布,mainstream_only,2022-12-26 20:38:38,2022-12-26 20:40:28,M->M,norisk,0.5,M,0.0012731481481481483,2022Q4,15,1,11,-0.6337022045549524,-0.7033337219272098,-0.6561522326485953
全南发布,mainstream_only,2022-12-26 20:40:28,2023-01-03 22:39:51,M->M,norisk,0.5,M,8.082905092592593,2023Q1,15,1,11,-0.6337022045549524,-0.7033337219272098,-0.6561522326485953
全南发布,mainstream_only,2023-01-03 22:39:51,2023-02-09 17:00:00,M->M,risk,1.0,M,36.76399305555555,2023Q1,15,1,11,-0.6337022045549524,-0.7033337219272098,-0.6561522326485953
全民wisdom,dual,2022-12-01 19:48:00,2022-12-30 15:54:00,H->H,norisk,0.0,H,28.8375,2022Q4,35,11,32,-0.3258543451196039,-0.30603762861075534,-0.36559976316937837
全民wisdom,dual,2022-12-30 15:54:00,2023-03-06 14:25:00,H->H,risk,1.0,H,65.93819444444445,2023Q1,35,11,32,-0.3258543451196039,-0.30603762861075534,-0.36559976316937837
全民wisdom,dual,2023-03-06 14:25:00,2023-08-11 13:03:00,H->M,risk,1.0,M,157.94305555555556,2023Q3,35,11,32,-0.3258543451196039,-0.30603762861075534,-0.36559976316937837
全民wisdom,dual,2023-08-11 13:03:00,2023-08-20 14:14:00,M->L,risk,1.0,L,9.049305555555556,2023Q3,35,11,32,-0.3258543451196039,-0.30603762861075534,-0.36559976316937837
全民wisdom,dual,2023-08-20 14:14:00,2023-10-19 16:00:00,L->M,risk,1.0,M,60.07361111111111,2023Q4,35,11,32,-0.3258543451196039,-0.30603762861075534,-0.36559976316937837
全民wisdom,dual,2023-10-19 16:00:00,2023-10-25 20:20:00,M->M,norisk,0.0,M,6.180555555555555,2023Q4,35,11,32,-0.3258543451196039,-0.30603762861075534,-0.36559976316937837
全民wisdom,dual,2023-10-25 20:20:00,2023-10-25 23:25:00,M->H,risk,1.0,H,0.1284722222222222,2023Q4,35,11,32,-0.3258543451196039,-0.30603762861075534,-0.36559976316937837
全民wisdom,dual,2023-10-25 23:25:00,2023-10-29 21:23:00,H->M,risk,1.0,M,3.915277777777778,2023Q4,35,11,32,-0.3258543451196039,-0.30603762861075534,-0.36559976316937837
全民wisdom,dual,2023-10-29 21:23:00,2023-11-10 11:28:00,M->M,risk,1.0,M,11.586805555555555,2023Q4,35,11,32,-0.3258543451196039,-0.30603762861075534,-0.36559976316937837
全民wisdom,dual,2023-11-10 11:28:00,2023-11-12 23:27:00,M->M,risk,1.0,M,2.4993055555555554,2023Q4,35,11,32,-0.3258543451196039,-0.30603762861075534,-0.36559976316937837
全民wisdom,dual,2023-11-12 23:27:00,2023-12-09 18:13:00,M->M,norisk,0.0,M,26.781944444444445,2023Q4,35,11,32,-0.3258543451196039,-0.30603762861075534,-0.36559976316937837
全民wisdom,dual,2023-12-09 18:13:00,2023-12-11 10:58:00,M->M,risk,1.0,M,1.6979166666666667,2023Q4,35,11,32,-0.3258543451196039,-0.30603762861075534,-0.36559976316937837
全民wisdom,dual,2023-12-11 10:58:00,2024-01-27 11:48:00,M->M,norisk,0.0,M,47.03472222222222,2024Q1,35,11,32,-0.3258543451196039,-0.30603762861075534,-0.36559976316937837
全民wisdom,dual,2024-01-27 11:48:00,2024-05-25 18:36:00,M->H,norisk,0.0,H,119.28333333333333,2024Q2,35,11,32,-0.3258543451196039,-0.30603762861075534,-0.36559976316937837
全民wisdom,dual,2024-05-25 18:36:00,2024-06-01 22:57:00,H->L,risk,1.0,L,7.18125,2024Q2,35,11,32,-0.3258543451196039,-0.30603762861075534,-0.36559976316937837
全民wisdom,dual,2024-06-01 22:57:00,2024-08-07 11:12:00,L->M,risk,1.0,M,66.51041666666667,2024Q3,35,11,32,-0.3258543451196039,-0.30603762861075534,-0.36559976316937837
全民wisdom,dual,2024-08-07 11:12:00,2024-08-12 17:45:00,M->M,norisk,0.0,M,5.272916666666666,2024Q3,35,11,32,-0.3258543451196039,-0.30603762861075534,-0.36559976316937837
全民wisdom,dual,2024-08-12 17:45:00,2024-08-13 11:24:00,M->M,norisk,0.0,M,0.7354166666666667,2024Q3,35,11,32,-0.3258543451196039,-0.30603762861075534,-0.36559976316937837
全民wisdom,dual,2024-08-13 11:24:00,2024-08-18 15:41:00,M->H,norisk,0.0,H,5.178472222222222,2024Q3,35,11,32,-0.3258543451196039,-0.30603762861075534,-0.36559976316937837
全民wisdom,dual,2024-08-18 15:41:00,2024-09-04 15:24:00,H->M,risk,1.0,M,16.988194444444446,2024Q3,35,11,32,-0.3258543451196039,-0.30603762861075534,-0.36559976316937837
全民wisdom,dual,2024-09-04 15:24:00,2024-09-13 14:55:00,M->H,norisk,0.0,H,8.979861111111111,2024Q3,35,11,32,-0.3258543451196039,-0.30603762861075534,-0.36559976316937837
全民wisdom,dual,2024-09-13 14:55:00,2024-09-18 21:58:00,H->M,risk,1.0,M,5.29375,2024Q3,35,11,32,-0.3258543451196039,-0.30603762861075534,-0.36559976316937837
全民wisdom,dual,2024-09-18 21:58:00,2024-09-27 19:36:00,M->H,norisk,0.0,H,8.901388888888889,2024Q3,35,11,32,-0.3258543451196039,-0.30603762861075534,-0.36559976316937837
全民wisdom,dual,2024-09-27 19:36:00,2024-09-27 22:04:00,H->M,risk,1.0,M,0.10277777777777777,2024Q3,35,11,32,-0.3258543451196039,-0.30603762861075534,-0.36559976316937837
全民wisdom,dual,2024-09-27 22:04:00,2024-09-28 11:46:00,M->H,risk,1.0,H,0.5708333333333333,2024Q3,35,11,32,-0.3258543451196039,-0.30603762861075534,-0.36559976316937837
全民wisdom,dual,2024-09-28 11:46:00,2024-10-11 18:49:00,H->H,risk,1.0,H,13.29375,2024Q4,35,11,32,-0.3258543451196039,-0.30603762861075534,-0.36559976316937837
全民wisdom,dual,2024-10-11 18:49:00,2024-10-14 14:25:00,H->M,risk,1.0,M,2.816666666666667,2024Q4,35,11,32,-0.3258543451196039,-0.30603762861075534,-0.36559976316937837
全民wisdom,dual,2024-10-14 14:25:00,2025-04-08 17:37:00,M->H,norisk,0.0,H,176.13333333333333,2025Q2,35,11,32,-0.3258543451196039,-0.30603762861075534,-0.36559976316937837
全民wisdom,dual,2025-04-08 17:37:00,2025-04-18 21:43:00,H->M,risk,1.0,M,10.170833333333333,2025Q2,35,11,32,-0.3258543451196039,-0.30603762861075534,-0.36559976316937837
全民wisdom,dual,2025-04-18 21:43:00,2025-05-18 14:55:00,M->H,risk,1.0,H,29.716666666666665,2025Q2,35,11,32,-0.3258543451196039,-0.30603762861075534,-0.36559976316937837
全民wisdom,dual,2025-05-18 14:55:00,2025-05-24 11:37:00,H->H,risk,1.0,H,5.8625,2025Q2,35,11,32,-0.3258543451196039,-0.30603762861075534,-0.36559976316937837
全民wisdom,dual,2025-05-24 11:37:00,2025-05-28 19:32:00,H->H,risk,1.0,H,4.329861111111111,2025Q2,35,11,32,-0.3258543451196039,-0.30603762861075534,-0.36559976316937837
全民wisdom,dual,2025-05-28 19:32:00,2025-06-06 09:26:00,H->H,risk,1.0,H,8.579166666666667,2025Q2,35,11,32,-0.3258543451196039,-0.30603762861075534,-0.36559976316937837
全民wisdom,dual,2025-06-06 09:26:00,2025-06-06 15:11:00,H->M,norisk,0.5,M,0.23958333333333334,2025Q2,35,11,32,-0.3258543451196039,-0.30603762861075534,-0.36559976316937837
六叔咨询,wemedia_only,2023-02-02 08:53:00,2023-02-03 12:17:00,M->M,risk,1.0,M,1.1416666666666666,2023Q1,11,3,10,-0.5721326326678827,-0.7222525835137076,-0.7142627265444388
六叔咨询,wemedia_only,2023-02-04 09:55:00,2023-02-08 11:14:00,H->H,risk,1.0,H,4.054861111111111,2023Q1,11,3,10,-0.5721326326678827,-0.7222525835137076,-0.7142627265444388
六叔咨询,wemedia_only,2023-02-08 11:14:00,2023-02-08 11:23:00,H->M,risk,1.0,M,0.00625,2023Q1,11,3,10,-0.5721326326678827,-0.7222525835137076,-0.7142627265444388
六叔咨询,wemedia_only,2023-02-08 11:23:00,2023-02-17 17:12:00,M->M,risk,1.0,M,9.24236111111111,2023Q1,11,3,10,-0.5721326326678827,-0.7222525835137076,-0.7142627265444388
六叔咨询,wemedia_only,2023-02-17 17:12:00,2023-02-19 11:07:00,M->H,risk,0.6666666666666666,H,1.7465277777777777,2023Q1,11,3,10,-0.5721326326678827,-0.7222525835137076,-0.7142627265444388
六叔咨询,wemedia_only,2023-02-19 11:07:00,2023-03-04 08:23:00,H->H,risk,1.0,H,12.886111111111111,2023Q1,11,3,10,-0.5721326326678827,-0.7222525835137076,-0.7142627265444388
内分泌顾锋,wemedia_only,2023-02-09 18:28:00,2023-02-09 18:29:00,M->M,risk,1.0,M,0.0006944444444444445,2023Q1,3,2,2,-0.6029174186114176,-0.8736034762056902,-0.8304837143361256
内分泌顾锋,wemedia_only,2023-02-09 18:29:00,2023-04-28 20:54:00,M->M,risk,1.0,M,78.10069444444444,2023Q2,3,2,2,-0.6029174186114176,-0.8736034762056902,-0.8304837143361256
内镜满医生,mainstream_only,2023-09-05 21:14:00,2025-02-03 13:18:00,M->M,risk,1.0,M,516.6694444444445,2025Q1,2,1,2,-0.6337022045549524,-0.8736034762056902,-0.8450113378100864
再见谷雨YU,mainstream_only,2023-02-03 00:11:00,2023-09-14 23:44:00,H->M,risk,1.0,M,223.98125,2023Q3,2,1,2,-0.6337022045549524,-0.8736034762056902,-0.8450113378100864
凉山公安,mainstream_only,2023-02-26 15:10:00,2023-05-28 09:23:00,M->M,norisk,0.0,M,90.75902777777777,2023Q2,3,1,3,-0.6337022045549524,-0.8546846146191924,-0.8304837143361256
刘枪枪的猪头三生活,wemedia_only,2024-02-07 23:16:00,2024-05-12 20:58:00,L->L,risk,1.0,L,94.90416666666667,2024Q2,4,3,2,-0.5721326326678827,-0.8736034762056902,-0.8159560908621647
刘枪枪的猪头三生活,wemedia_only,2024-05-12 20:58:00,2024-05-12 22:13:00,L->M,norisk,0.3333333333333333,M,0.052083333333333336,2024Q2,4,3,2,-0.5721326326678827,-0.8736034762056902,-0.8159560908621647
刘枪枪的猪头三生活,wemedia_only,2024-05-12 22:13:00,2024-05-12 22:18:00,M->M,norisk,0.3333333333333333,M,0.003472222222222222,2024Q2,4,3,2,-0.5721326326678827,-0.8736034762056902,-0.8159560908621647
别打我猪屁股,mainstream_only,2025-05-20 12:05:00,2025-05-24 12:56:00,M->M,norisk,0.0,M,4.035416666666666,2025Q2,2,2,2,-0.6029174186114176,-0.8736034762056902,-0.8450113378100864
制心一处万物同频,mainstream_only,2023-08-03 17:53:00,2023-10-24 18:31:00,L->L,risk,1.0,L,82.02638888888889,2023Q4,15,18,15,-0.11036084351485997,-0.6276582755812184,-0.6561522326485953
制心一处万物同频,mainstream_only,2024-12-09 15:23:00,2024-12-28 20:07:00,M->L,risk,1.0,L,19.197222222222223,2024Q4,15,18,15,-0.11036084351485997,-0.6276582755812184,-0.6561522326485953
制心一处万物同频,mainstream_only,2024-12-28 20:07:00,2025-03-03 19:57:00,L->M,risk,1.0,M,64.99305555555556,2025Q1,15,18,15,-0.11036084351485997,-0.6276582755812184,-0.6561522326485953
剑客2046,dual,2023-03-07 18:05:00,2024-01-21 17:51:00,M->M,norisk,0.0,M,319.9902777777778,2024Q1,3,2,3,-0.6029174186114176,-0.8546846146191924,-0.8304837143361256
勃事导师老宫医生,wemedia_only,2023-02-16 13:20:00,2023-05-16 12:20:00,M->M,norisk,0.0,M,88.95833333333333,2023Q2,3,1,3,-0.6337022045549524,-0.8546846146191924,-0.8304837143361256
勃事导师老宫医生,wemedia_only,2023-05-16 12:20:00,2024-05-16 06:40:00,M->L,risk,1.0,L,365.7638888888889,2024Q2,3,1,3,-0.6337022045549524,-0.8546846146191924,-0.8304837143361256
北京HR老兵,wemedia_only,2022-12-01 13:52:00,2023-09-05 11:22:00,M->M,norisk,0.0,M,277.8958333333333,2023Q3,2,2,2,-0.6029174186114176,-0.8736034762056902,-0.8450113378100864
北京全搜罗,wemedia_only,2022-10-14 10:20:00,2023-03-17 20:41:00,M->M,risk,1.0,M,154.43125,2023Q1,3,2,3,-0.6029174186114176,-0.8546846146191924,-0.8304837143361256
北京全搜罗,wemedia_only,2023-03-17 20:41:00,2023-05-25 12:09:00,M->M,norisk,0.0,M,68.64444444444445,2023Q2,3,2,3,-0.6029174186114176,-0.8546846146191924,-0.8304837143361256
北京市房山区良乡医院,mainstream_only,2023-02-10 08:16:00,2023-05-31 08:06:00,M->M,norisk,0.0,M,109.99305555555556,2023Q2,3,3,3,-0.5721326326678827,-0.8546846146191924,-0.8304837143361256
北京房山韩村河健康教育,dual,2023-02-10 10:18:00,2023-02-15 15:07:00,M->M,norisk,0.0,M,5.200694444444444,2023Q1,10,4,7,-0.5413478467243479,-0.7790091682732011,-0.7287903500183996
北京牙医钟,mainstream_only,2022-12-18 13:55:00,2024-03-02 09:22:00,M->M,norisk,0.0,M,439.81041666666664,2024Q1,2,1,2,-0.6337022045549524,-0.8736034762056902,-0.8450113378100864
北方新报,mainstream_only,2022-04-04 16:41:26,2022-04-19 09:52:20,M->M,norisk,0.0,M,14.715902777777778,2022Q2,25,5,20,-0.510563060780813,-0.5330639676487293,-0.5108759979089869
北方新报,mainstream_only,2022-07-12 10:22:43,2022-10-14 09:15:00,M->M,norisk,0.0,M,93.95297453703704,2022Q4,25,5,20,-0.510563060780813,-0.5330639676487293,-0.5108759979089869
北方新报,mainstream_only,2022-10-14 09:15:00,2022-10-14 09:15:49,M->M,norisk,0.3684210526315789,M,0.0005671296296296297,2022Q4,25,5,20,-0.510563060780813,-0.5330639676487293,-0.5108759979089869
北方新报,mainstream_only,2022-10-14 09:15:49,2022-10-14 10:31:00,M->M,norisk,0.3684210526315789,M,0.052210648148148145,2022Q4,25,5,20,-0.510563060780813,-0.5330639676487293,-0.5108759979089869
北方新报,mainstream_only,2022-10-14 10:31:00,2022-11-10 18:17:33,M->M,norisk,0.3684210526315789,M,27.323993055555555,2022Q4,25,5,20,-0.510563060780813,-0.5330639676487293,-0.5108759979089869
北方新报,mainstream_only,2022-11-10 18:17:33,2022-12-11 08:14:53,M->M,norisk,0.0,M,30.581481481481482,2022Q4,25,5,20,-0.510563060780813,-0.5330639676487293,-0.5108759979089869
北方新报,mainstream_only,2022-12-11 08:14:53,2022-12-11 16:26:46,M->M,norisk,0.0,M,0.3415856481481481,2022Q4,25,5,20,-0.510563060780813,-0.5330639676487293,-0.5108759979089869
北方新报,mainstream_only,2022-12-11 16:26:46,2022-12-11 16:27:02,M->M,norisk,0.0,M,0.00018518518518518518,2022Q4,25,5,20,-0.510563060780813,-0.5330639676487293,-0.5108759979089869
北方新报,mainstream_only,2022-12-11 16:27:02,2022-12-26 10:17:08,M->M,norisk,0.0,M,14.743125,2022Q4,25,5,20,-0.510563060780813,-0.5330639676487293,-0.5108759979089869
北方新报,mainstream_only,2022-12-26 10:17:08,2022-12-27 07:43:48,M->M,norisk,0.0,M,0.8935185185185185,2022Q4,25,5,20,-0.510563060780813,-0.5330639676487293,-0.5108759979089869
北方新报,mainstream_only,2023-02-13 09:32:00,2023-02-28 22:16:00,M->M,norisk,0.0,M,15.530555555555555,2023Q1,25,5,20,-0.510563060780813,-0.5330639676487293,-0.5108759979089869
北欧三宝妈,wemedia_only,2022-03-14 16:53:00,2022-03-16 17:11:00,M->M,risk,1.0,M,2.0125,2022Q1,2,18,2,-0.11036084351485997,-0.8736034762056902,-0.8450113378100864
匡宦龙缆,dual,2023-05-28 15:13:00,2023-05-28 15:15:00,M->H,norisk,0.5,H,0.001388888888888889,2023Q2,24,13,16,-0.26428477323253424,-0.6087394139947206,-0.5254036213829477
匡宦龙缆,dual,2023-05-28 15:15:00,2023-06-01 22:35:00,H->M,norisk,0.5,M,4.305555555555555,2023Q2,24,13,16,-0.26428477323253424,-0.6087394139947206,-0.5254036213829477
医学科普阿源老师,wemedia_only,2022-03-14 16:24:00,2022-03-14 17:26:00,M->M,risk,1.0,M,0.043055555555555555,2022Q1,4,8,3,-0.4182087029502085,-0.8546846146191924,-0.8159560908621647
医学科普阿源老师,wemedia_only,2022-03-14 17:26:00,2023-05-26 09:16:00,M->M,risk,1.0,M,437.65972222222223,2023Q2,4,8,3,-0.4182087029502085,-0.8546846146191924,-0.8159560908621647
医者思远,mainstream_only,2021-11-25 10:11:00,2022-03-14 13:40:00,M->M,risk,1.0,M,109.1451388888889,2022Q1,13,1,13,-0.6337022045549524,-0.6654959987542142,-0.6852074795965171
医者思远,mainstream_only,2023-04-01 18:55:00,2023-11-10 11:24:00,H->M,norisk,0.0,M,222.68680555555557,2023Q4,13,1,13,-0.6337022045549524,-0.6654959987542142,-0.6852074795965171
叽叽歪歪唧唧小七,wemedia_only,2022-03-14 16:30:00,2022-03-14 16:45:00,M->M,risk,1.0,M,0.010416666666666666,2022Q1,2,1,1,-0.6337022045549524,-0.892522337792188,-0.8450113378100864
合创汇知,mainstream_only,2021-11-25 10:24:00,2021-11-25 17:28:00,M->M,risk,1.0,M,0.29444444444444445,2021Q4,2,2,1,-0.6029174186114176,-0.892522337792188,-0.8450113378100864
合肥反邪教,mainstream_only,2020-03-01 19:50:48,2020-03-19 13:58:00,M->M,norisk,0.0,M,17.755,2020Q1,11,3,10,-0.5721326326678827,-0.7222525835137076,-0.7142627265444388
合肥反邪教,mainstream_only,2021-04-13 10:04:31,2022-01-08 20:19:54,M->M,risk,1.0,M,270.42734953703706,2022Q1,11,3,10,-0.5721326326678827,-0.7222525835137076,-0.7142627265444388
吉星拱照1419,dual,2023-08-09 02:35:00,2025-07-06 18:38:00,M->M,norisk,0.5,M,697.66875,2025Q3,2,13,2,-0.26428477323253424,-0.8736034762056902,-0.8450113378100864
吉星高照-lucky,mainstream_only,2023-07-23 10:45:00,2023-08-24 06:05:00,M->M,risk,0.6666666666666666,M,31.805555555555557,2023Q3,2,7,2,-0.44899348889374335,-0.8736034762056902,-0.8450113378100864
吉林省卫生健康委,mainstream_only,2023-05-28 12:48:00,2023-05-28 12:52:00,M->M,norisk,0.0,M,0.002777777777777778,2023Q2,6,5,5,-0.510563060780813,-0.8168468914461967,-0.7869008439142431
吉林省卫生健康委,mainstream_only,2023-05-28 12:52:00,2023-05-31 09:24:00,M->M,norisk,0.0,M,2.8555555555555556,2023Q2,6,5,5,-0.510563060780813,-0.8168468914461967,-0.7869008439142431
吉林高新区人民检察院,mainstream_only,2023-03-14 21:17:00,2023-05-29 21:31:00,M->M,norisk,0.0,M,76.00972222222222,2023Q2,2,1,2,-0.6337022045549524,-0.8736034762056902,-0.8450113378100864
向往发展,dual,2023-03-14 07:50:00,2023-03-21 09:48:00,M->M,norisk,0.0,M,7.081944444444445,2023Q1,7,4,7,-0.5413478467243479,-0.7790091682732011,-0.7723732204402822
吕梁中院,mainstream_only,2022-12-16 11:20:00,2023-12-13 18:33:00,M->M,norisk,0.0,M,362.30069444444445,2023Q4,2,4,2,-0.5413478467243479,-0.8736034762056902,-0.8450113378100864
启贺,wemedia_only,2022-12-01 12:56:00,2022-12-02 10:40:00,M->M,norisk,0.0,M,0.9055555555555556,2022Q4,3,4,3,-0.5413478467243479,-0.8546846146191924,-0.8304837143361256
启贺,wemedia_only,2022-12-02 10:40:00,2023-04-22 21:23:00,M->M,norisk,0.0,M,141.4465277777778,2023Q2,3,4,3,-0.5413478467243479,-0.8546846146191924,-0.8304837143361256
呆毛着凉了,mainstream_only,2023-09-16 17:26:00,2023-11-28 21:26:00,M->H,norisk,0.0,H,73.16666666666667,2023Q4,5,5,5,-0.510563060780813,-0.8168468914461967,-0.8014284673882038
呈贡发布,mainstream_only,2023-03-06 11:17:00,2023-05-08 13:52:00,M->M,norisk,0.0,M,63.107638888888886,2023Q2,13,3,13,-0.5721326326678827,-0.6654959987542142,-0.6852074795965171
周至法院,mainstream_only,2022-10-14 08:35:00,2022-10-14 11:15:00,M->M,norisk,0.3333333333333333,M,0.1111111111111111,2022Q4,4,3,3,-0.5721326326678827,-0.8546846146191924,-0.8159560908621647
周至法院,mainstream_only,2022-10-14 11:15:00,2022-12-16 09:41:00,M->M,norisk,0.3333333333333333,M,62.93472222222222,2022Q4,4,3,3,-0.5721326326678827,-0.8546846146191924,-0.8159560908621647
呱呱不是咕咕,wemedia_only,2020-03-18 20:54:00,2020-03-18 20:54:00,M->M,risk,0.6666666666666666,M,0.0,2020Q1,3,4,1,-0.5413478467243479,-0.892522337792188,-0.8304837143361256
呱呱不是咕咕,wemedia_only,2020-03-18 20:54:00,2020-03-18 20:55:00,M->M,risk,0.6666666666666666,M,0.0006944444444444445,2020Q1,3,4,1,-0.5413478467243479,-0.892522337792188,-0.8304837143361256
呵呵上海2012,dual,2023-02-28 13:31:00,2023-04-30 23:36:00,M->M,norisk,0.0,M,61.420138888888886,2023Q2,351,196,244,5.369331054434344,3.7047610277267844,4.22512925460225
呵呵上海2012,dual,2023-05-18 09:21:00,2023-05-18 10:11:00,M->M,norisk,0.0,M,0.034722222222222224,2023Q2,351,196,244,5.369331054434344,3.7047610277267844,4.22512925460225
呵呵上海2012,dual,2023-05-18 10:11:00,2023-05-18 10:49:00,M->M,norisk,0.0,M,0.02638888888888889,2023Q2,351,196,244,5.369331054434344,3.7047610277267844,4.22512925460225
呵呵上海2012,dual,2023-05-18 10:49:00,2023-05-23 14:48:00,M->M,norisk,0.0,M,5.165972222222222,2023Q2,351,196,244,5.369331054434344,3.7047610277267844,4.22512925460225
呵呵上海2012,dual,2023-05-29 23:32:00,2023-05-30 10:29:00,H->M,norisk,0.0,M,0.45625,2023Q2,351,196,244,5.369331054434344,3.7047610277267844,4.22512925460225
呵呵上海2012,dual,2023-05-30 10:29:00,2023-05-30 14:34:00,M->M,norisk,0.0,M,0.1701388888888889,2023Q2,351,196,244,5.369331054434344,3.7047610277267844,4.22512925460225
呵呵上海2012,dual,2023-05-30 14:34:00,2023-05-31 00:04:00,M->M,norisk,0.0,M,0.3958333333333333,2023Q2,351,196,244,5.369331054434344,3.7047610277267844,4.22512925460225
呵呵上海2012,dual,2023-06-01 19:11:00,2023-06-01 22:43:00,M->M,norisk,0.0,M,0.14722222222222223,2023Q2,351,196,244,5.369331054434344,3.7047610277267844,4.22512925460225
呵呵上海2012,dual,2023-06-01 22:43:00,2023-06-02 00:03:00,M->H,norisk,0.0,H,0.05555555555555555,2023Q2,351,196,244,5.369331054434344,3.7047610277267844,4.22512925460225
呵呵上海2012,dual,2023-10-09 09:54:00,2023-10-09 12:32:00,M->H,norisk,0.0,H,0.10972222222222222,2023Q4,351,196,244,5.369331054434344,3.7047610277267844,4.22512925460225
呵呵上海2012,dual,2023-10-09 12:32:00,2023-10-10 10:58:00,H->M,norisk,0.0,M,0.9347222222222222,2023Q4,351,196,244,5.369331054434344,3.7047610277267844,4.22512925460225
呵呵上海2012,dual,2023-11-29 18:04:00,2023-12-01 22:35:00,H->M,norisk,0.0,M,2.1881944444444446,2023Q4,351,196,244,5.369331054434344,3.7047610277267844,4.22512925460225
呵呵上海2012,dual,2023-12-17 00:23:00,2023-12-21 09:33:00,M->H,risk,1.0,H,4.381944444444445,2023Q4,351,196,244,5.369331054434344,3.7047610277267844,4.22512925460225
呵呵上海2012,dual,2023-12-29 14:27:00,2024-01-18 17:43:00,H->H,norisk,0.5,H,20.136111111111113,2024Q1,351,196,244,5.369331054434344,3.7047610277267844,4.22512925460225
呵呵上海2012,dual,2024-03-24 14:29:00,2024-03-26 08:51:00,H->M,risk,1.0,M,1.7652777777777777,2024Q1,351,196,244,5.369331054434344,3.7047610277267844,4.22512925460225
呵呵上海2012,dual,2024-03-30 16:34:00,2024-04-01 10:32:00,M->M,norisk,0.0,M,1.7486111111111111,2024Q2,351,196,244,5.369331054434344,3.7047610277267844,4.22512925460225
呵呵上海2012,dual,2024-05-23 09:59:00,2024-05-23 10:07:00,M->M,norisk,0.0,M,0.005555555555555556,2024Q2,351,196,244,5.369331054434344,3.7047610277267844,4.22512925460225
呵呵上海2012,dual,2024-05-23 10:07:00,2024-05-23 13:46:00,M->M,norisk,0.0,M,0.15208333333333332,2024Q2,351,196,244,5.369331054434344,3.7047610277267844,4.22512925460225
呵呵上海2012,dual,2024-05-23 13:46:00,2024-05-24 09:28:00,M->M,norisk,0.0,M,0.8208333333333333,2024Q2,351,196,244,5.369331054434344,3.7047610277267844,4.22512925460225
呵呵上海2012,dual,2024-05-26 21:01:00,2024-05-26 21:07:00,H->M,risk,1.0,M,0.004166666666666667,2024Q2,351,196,244,5.369331054434344,3.7047610277267844,4.22512925460225
呵呵上海2012,dual,2024-05-26 21:07:00,2024-05-29 12:40:00,M->M,risk,1.0,M,2.6479166666666667,2024Q2,351,196,244,5.369331054434344,3.7047610277267844,4.22512925460225
呵呵上海2012,dual,2024-05-29 12:40:00,2024-05-30 13:11:00,M->L,norisk,0.0,L,1.0215277777777778,2024Q2,351,196,244,5.369331054434344,3.7047610277267844,4.22512925460225
呵呵上海2012,dual,2024-08-12 00:41:00,2024-08-14 21:33:00,M->L,norisk,0.0,L,2.8694444444444445,2024Q3,351,196,244,5.369331054434344,3.7047610277267844,4.22512925460225
呵呵上海2012,dual,2024-08-15 16:08:00,2024-08-15 16:21:00,M->M,risk,1.0,M,0.009027777777777777,2024Q3,351,196,244,5.369331054434344,3.7047610277267844,4.22512925460225
呵呵上海2012,dual,2024-08-15 16:21:00,2024-08-16 18:56:00,M->M,risk,1.0,M,1.1076388888888888,2024Q3,351,196,244,5.369331054434344,3.7047610277267844,4.22512925460225
呵呵上海2012,dual,2024-09-08 15:02:00,2024-09-10 23:30:00,M->M,risk,1.0,M,2.352777777777778,2024Q3,351,196,244,5.369331054434344,3.7047610277267844,4.22512925460225
呵呵上海2012,dual,2024-09-13 22:42:00,2024-09-14 08:50:00,M->M,norisk,0.0,M,0.4222222222222222,2024Q3,351,196,244,5.369331054434344,3.7047610277267844,4.22512925460225
呵呵上海2012,dual,2025-05-19 08:05:00,2025-05-24 13:24:00,H->M,norisk,0.0,M,5.221527777777778,2025Q2,351,196,244,5.369331054434344,3.7047610277267844,4.22512925460225
呼吸科大夫胡洋,mainstream_only,2023-02-02 16:19:00,2023-02-02 22:45:00,M->M,norisk,0.0,M,0.26805555555555555,2023Q1,118,2,101,-0.6029174186114176,0.9993638208575949,0.8401929851693722
呼吸科大夫胡洋,mainstream_only,2023-02-02 22:45:00,2023-02-03 07:36:00,M->H,norisk,0.0,H,0.36875,2023Q1,118,2,101,-0.6029174186114176,0.9993638208575949,0.8401929851693722
呼吸科大夫胡洋,mainstream_only,2023-02-04 07:25:00,2023-02-04 23:03:00,M->M,norisk,0.0,M,0.6513888888888889,2023Q1,118,2,101,-0.6029174186114176,0.9993638208575949,0.8401929851693722
呼吸科大夫胡洋,mainstream_only,2023-02-04 23:03:00,2023-02-05 21:07:00,M->M,norisk,0.0,M,0.9194444444444444,2023Q1,118,2,101,-0.6029174186114176,0.9993638208575949,0.8401929851693722
呼吸科大夫胡洋,mainstream_only,2023-02-05 21:07:00,2023-02-05 21:38:00,M->M,norisk,0.0,M,0.021527777777777778,2023Q1,118,2,101,-0.6029174186114176,0.9993638208575949,0.8401929851693722
呼吸科大夫胡洋,mainstream_only,2023-02-05 21:38:00,2023-02-06 20:07:00,M->M,norisk,0.0,M,0.9368055555555556,2023Q1,118,2,101,-0.6029174186114176,0.9993638208575949,0.8401929851693722
呼吸科大夫胡洋,mainstream_only,2023-02-21 17:00:00,2023-02-22 07:01:00,M->M,norisk,0.5,M,0.5840277777777778,2023Q1,118,2,101,-0.6029174186114176,0.9993638208575949,0.8401929851693722
呼吸科大夫胡洋,mainstream_only,2023-02-22 07:01:00,2023-02-22 07:25:00,M->H,norisk,0.0,H,0.016666666666666666,2023Q1,118,2,101,-0.6029174186114176,0.9993638208575949,0.8401929851693722
呼吸科大夫胡洋,mainstream_only,2023-02-22 07:25:00,2023-02-23 15:32:00,H->M,norisk,0.0,M,1.3381944444444445,2023Q1,118,2,101,-0.6029174186114176,0.9993638208575949,0.8401929851693722
呼吸科大夫胡洋,mainstream_only,2023-03-02 10:12:00,2023-03-06 07:52:00,M->M,risk,1.0,M,3.9027777777777777,2023Q1,118,2,101,-0.6029174186114176,0.9993638208575949,0.8401929851693722
呼吸科大夫胡洋,mainstream_only,2023-03-12 14:54:00,2023-03-19 10:26:00,M->M,norisk,0.0,M,6.813888888888889,2023Q1,118,2,101,-0.6029174186114176,0.9993638208575949,0.8401929851693722
呼吸科大夫胡洋,mainstream_only,2023-05-18 17:25:00,2023-05-18 20:57:00,M->M,norisk,0.0,M,0.14722222222222223,2023Q2,118,2,101,-0.6029174186114176,0.9993638208575949,0.8401929851693722
呼吸科大夫胡洋,mainstream_only,2023-05-18 20:57:00,2023-05-18 21:01:00,M->M,norisk,0.0,M,0.002777777777777778,2023Q2,118,2,101,-0.6029174186114176,0.9993638208575949,0.8401929851693722
呼吸科大夫胡洋,mainstream_only,2023-05-18 21:01:00,2023-05-21 23:21:00,M->M,norisk,0.0,M,3.0972222222222223,2023Q2,118,2,101,-0.6029174186114176,0.9993638208575949,0.8401929851693722
呼吸科大夫胡洋,mainstream_only,2023-05-21 23:21:00,2023-05-24 17:05:00,M->M,norisk,0.0,M,2.738888888888889,2023Q2,118,2,101,-0.6029174186114176,0.9993638208575949,0.8401929851693722
呼吸科大夫胡洋,mainstream_only,2023-05-27 17:10:00,2023-05-30 06:50:00,M->M,norisk,0.0,M,2.5694444444444446,2023Q2,118,2,101,-0.6029174186114176,0.9993638208575949,0.8401929851693722
呼吸科大夫胡洋,mainstream_only,2023-06-13 10:46:00,2023-06-13 20:31:00,M->M,risk,1.0,M,0.40625,2023Q2,118,2,101,-0.6029174186114176,0.9993638208575949,0.8401929851693722
呼吸科大夫胡洋,mainstream_only,2023-06-13 20:31:00,2023-06-13 20:37:00,M->M,risk,1.0,M,0.004166666666666667,2023Q2,118,2,101,-0.6029174186114176,0.9993638208575949,0.8401929851693722
呼吸科大夫胡洋,mainstream_only,2023-06-13 20:37:00,2023-06-13 21:16:00,M->M,risk,1.0,M,0.027083333333333334,2023Q2,118,2,101,-0.6029174186114176,0.9993638208575949,0.8401929851693722
呼吸科大夫胡洋,mainstream_only,2023-06-13 21:16:00,2023-06-15 08:51:00,M->M,risk,1.0,M,1.4826388888888888,2023Q2,118,2,101,-0.6029174186114176,0.9993638208575949,0.8401929851693722
呼吸科大夫胡洋,mainstream_only,2023-11-10 19:50:00,2023-12-05 16:29:00,M->M,risk,1.0,M,24.860416666666666,2023Q4,118,2,101,-0.6029174186114176,0.9993638208575949,0.8401929851693722
咸阳检察,mainstream_only,2022-12-07 09:43:05,2022-12-07 14:57:31,M->M,norisk,0.0,M,0.21835648148148148,2022Q4,21,4,18,-0.5413478467243479,-0.5709016908217249,-0.5689864918048303
咸阳检察,mainstream_only,2022-12-07 14:57:31,2022-12-09 14:28:04,M->M,norisk,0.0,M,1.9795486111111111,2022Q4,21,4,18,-0.5413478467243479,-0.5709016908217249,-0.5689864918048303
咸阳检察,mainstream_only,2022-12-15 16:33:37,2022-12-15 16:45:43,M->M,norisk,0.0,M,0.008402777777777778,2022Q4,21,4,18,-0.5413478467243479,-0.5709016908217249,-0.5689864918048303
咸阳检察,mainstream_only,2022-12-15 16:45:43,2022-12-27 10:46:51,M->M,norisk,0.0,M,11.750787037037037,2022Q4,21,4,18,-0.5413478467243479,-0.5709016908217249,-0.5689864918048303
啵啵虎的接班人,wemedia_only,2020-03-18 19:50:00,2020-03-18 19:51:00,M->M,norisk,0.0,M,0.0006944444444444445,2020Q1,3,2,1,-0.6029174186114176,-0.892522337792188,-0.8304837143361256
啵啵虎的接班人,wemedia_only,2020-03-18 19:51:00,2020-03-18 21:29:00,M->M,norisk,0.0,M,0.06805555555555555,2020Q1,3,2,1,-0.6029174186114176,-0.892522337792188,-0.8304837143361256
喜欢娱乐喜欢美食,wemedia_only,2024-12-28 11:18:00,2025-01-24 07:43:00,M->H,norisk,0.0,H,26.850694444444443,2025Q1,11,5,8,-0.510563060780813,-0.7600903066867033,-0.7142627265444388
喵了个磊,wemedia_only,2023-01-10 17:14:00,2023-05-31 10:08:00,L->L,risk,1.0,L,140.70416666666668,2023Q2,2,2,2,-0.6029174186114176,-0.8736034762056902,-0.8450113378100864
四川xushu,wemedia_only,2020-03-18 23:29:00,2020-03-18 23:38:00,M->M,norisk,0.0,M,0.00625,2020Q1,2,4,1,-0.5413478467243479,-0.892522337792188,-0.8450113378100864
坐井观天的小肥羊,wemedia_only,2023-06-15 18:15:00,2023-06-18 16:22:00,M->M,risk,1.0,M,2.921527777777778,2023Q2,7,9,6,-0.38742391700667367,-0.7979280298596989,-0.7723732204402822
基层员,mainstream_only,2021-11-25 10:07:00,2021-11-25 10:10:00,M->M,risk,1.0,M,0.0020833333333333333,2021Q4,2,2,1,-0.6029174186114176,-0.892522337792188,-0.8450113378100864
基源医学在线,mainstream_only,2023-05-29 10:40:00,2023-06-01 09:00:00,M->M,norisk,0.0,M,2.9305555555555554,2023Q2,29,2,27,-0.6029174186114176,-0.4006319365432445,-0.45276550401314347
塔塔莉是獭獭,mainstream_only,2023-11-10 17:46:00,2024-01-06 11:34:00,M->L,risk,1.0,L,56.74166666666667,2024Q1,3,5,3,-0.510563060780813,-0.8546846146191924,-0.8304837143361256
夏昆塔拉,wemedia_only,2022-12-02 13:24:00,2022-12-09 14:55:00,M->M,norisk,0.0,M,7.063194444444444,2022Q4,2,3,2,-0.5721326326678827,-0.8736034762056902,-0.8450113378100864
夏木龙,wemedia_only,2023-02-25 11:21:00,2023-12-06 15:57:00,M->M,risk,1.0,M,284.19166666666666,2023Q4,12,2,12,-0.6029174186114176,-0.684414860340712,-0.6997351030704779
夏木龙,wemedia_only,2023-12-06 15:57:00,2023-12-27 12:17:00,M->M,risk,1.0,M,20.84722222222222,2023Q4,12,2,12,-0.6029174186114176,-0.684414860340712,-0.6997351030704779
夏木龙,wemedia_only,2023-12-27 12:17:00,2024-01-13 10:24:00,M->M,norisk,0.0,M,16.92152777777778,2024Q1,12,2,12,-0.6029174186114176,-0.684414860340712,-0.6997351030704779
夏木龙,wemedia_only,2024-01-13 10:24:00,2024-08-02 10:14:00,M->M,norisk,0.0,M,201.99305555555554,2024Q3,12,2,12,-0.6029174186114176,-0.684414860340712,-0.6997351030704779
夏木龙,wemedia_only,2024-08-02 10:14:00,2025-05-19 20:21:00,M->M,risk,1.0,M,290.4215277777778,2025Q2,12,2,12,-0.6029174186114176,-0.684414860340712,-0.6997351030704779
夏木龙,wemedia_only,2025-05-19 20:21:00,2025-05-22 16:00:00,M->M,risk,1.0,M,2.81875,2025Q2,12,2,12,-0.6029174186114176,-0.684414860340712,-0.6997351030704779
夏木龙,wemedia_only,2025-05-22 16:00:00,2025-05-26 18:50:00,M->M,norisk,0.0,M,4.118055555555555,2025Q2,12,2,12,-0.6029174186114176,-0.684414860340712,-0.6997351030704779
夏木龙,wemedia_only,2025-05-26 18:50:00,2025-05-29 08:31:00,M->M,risk,1.0,M,2.5701388888888888,2025Q2,12,2,12,-0.6029174186114176,-0.684414860340712,-0.6997351030704779
夏木龙,wemedia_only,2025-05-29 08:31:00,2025-06-14 08:44:00,M->M,norisk,0.0,M,16.009027777777778,2025Q2,12,2,12,-0.6029174186114176,-0.684414860340712,-0.6997351030704779
夏木龙,wemedia_only,2025-06-14 08:44:00,2025-06-17 05:35:00,M->M,norisk,0.0,M,2.86875,2025Q2,12,2,12,-0.6029174186114176,-0.684414860340712,-0.6997351030704779
夏木龙,wemedia_only,2025-06-17 05:35:00,2025-07-06 09:51:00,M->M,norisk,0.0,M,19.177777777777777,2025Q3,12,2,12,-0.6029174186114176,-0.684414860340712,-0.6997351030704779
夏青青的猫,dual,2024-07-11 17:22:00,2024-09-08 13:23:00,M->M,risk,1.0,M,58.83402777777778,2024Q3,8,6,8,-0.4797782748372782,-0.7600903066867033,-0.7578455969663214
多吃蓝莓胡萝卜,wemedia_only,2020-03-18 19:23:00,2020-03-18 19:26:00,M->M,norisk,0.5,M,0.0020833333333333333,2020Q1,6,7,1,-0.44899348889374335,-0.892522337792188,-0.7869008439142431
多吃蓝莓胡萝卜,wemedia_only,2020-03-18 19:26:00,2020-03-18 19:33:00,M->M,norisk,0.5,M,0.004861111111111111,2020Q1,6,7,1,-0.44899348889374335,-0.892522337792188,-0.7869008439142431
多吃蓝莓胡萝卜,wemedia_only,2020-03-18 19:33:00,2020-03-18 19:35:00,M->M,norisk,0.5,M,0.001388888888888889,2020Q1,6,7,1,-0.44899348889374335,-0.892522337792188,-0.7869008439142431
多吃蓝莓胡萝卜,wemedia_only,2020-03-18 19:35:00,2020-03-18 20:38:00,M->M,norisk,0.5,M,0.04375,2020Q1,6,7,1,-0.44899348889374335,-0.892522337792188,-0.7869008439142431
多吃蓝莓胡萝卜,wemedia_only,2020-03-18 20:38:00,2020-03-18 20:38:00,M->M,norisk,0.5,M,0.0,2020Q1,6,7,1,-0.44899348889374335,-0.892522337792188,-0.7869008439142431
天之尘埃,wemedia_only,2023-10-01 14:30:00,2025-07-08 21:38:00,M->H,risk,1.0,H,646.2972222222222,2025Q3,3,2,3,-0.6029174186114176,-0.8546846146191924,-0.8304837143361256
天涯浪子觅知音,wemedia_only,2020-11-25 18:16:00,2024-02-22 10:37:00,M->L,norisk,0.0,L,1183.68125,2024Q1,3,25,3,0.10513265808988399,-0.8546846146191924,-0.8304837143361256
天涯浪子觅知音,wemedia_only,2024-02-22 10:37:00,2025-05-19 22:53:00,L->M,risk,1.0,M,452.5111111111111,2025Q2,3,25,3,0.10513265808988399,-0.8546846146191924,-0.8304837143361256
好的都可以没关系你说得对,mainstream_only,2023-03-03 19:09:00,2023-03-15 11:56:00,H->L,norisk,0.0,L,11.699305555555556,2023Q1,6,1,5,-0.6337022045549524,-0.8168468914461967,-0.7869008439142431
姐的平凡你们学不来59030,mainstream_only,2023-02-09 18:21:00,2023-04-15 01:12:00,M->M,norisk,0.0,M,64.28541666666666,2023Q2,3,3,3,-0.5721326326678827,-0.8546846146191924,-0.8304837143361256
子羽说易八字七政命理预测,wemedia_only,2023-02-16 17:34:00,2023-06-16 19:23:00,M->M,risk,1.0,M,120.07569444444445,2023Q2,7,1,7,-0.6337022045549524,-0.7790091682732011,-0.7723732204402822
子羽说易八字七政命理预测,wemedia_only,2023-06-16 19:23:00,2024-04-11 19:42:00,M->M,norisk,0.0,M,300.0131944444444,2024Q2,7,1,7,-0.6337022045549524,-0.7790091682732011,-0.7723732204402822
子羽说易八字七政命理预测,wemedia_only,2024-04-11 19:42:00,2024-04-16 19:31:00,M->M,risk,1.0,M,4.992361111111111,2024Q2,7,1,7,-0.6337022045549524,-0.7790091682732011,-0.7723732204402822
子羽说易八字七政命理预测,wemedia_only,2024-04-16 19:31:00,2024-07-01 22:42:00,M->L,norisk,0.0,L,76.13263888888889,2024Q3,7,1,7,-0.6337022045549524,-0.7790091682732011,-0.7723732204402822
子羽说易八字七政命理预测,wemedia_only,2024-07-01 22:42:00,2024-08-28 21:15:00,L->L,risk,1.0,L,57.93958333333333,2024Q3,7,1,7,-0.6337022045549524,-0.7790091682732011,-0.7723732204402822
子羽说易八字七政命理预测,wemedia_only,2024-08-28 21:15:00,2024-10-19 22:12:00,L->M,norisk,0.0,M,52.03958333333333,2024Q4,7,1,7,-0.6337022045549524,-0.7790091682732011,-0.7723732204402822
孝义发布,mainstream_only,2023-05-28 18:56:00,2023-12-17 09:04:00,M->M,norisk,0.0,M,202.5888888888889,2023Q4,3,1,3,-0.6337022045549524,-0.8546846146191924,-0.8304837143361256
守护0305号星星,wemedia_only,2022-03-14 12:36:00,2022-03-14 13:30:00,L->L,risk,1.0,L,0.0375,2022Q1,2,10,1,-0.35663913106313877,-0.892522337792188,-0.8450113378100864
守真守拙,mainstream_only,2023-02-10 18:33:00,2023-08-22 06:49:00,M->M,norisk,0.0,M,192.51111111111112,2023Q3,4,2,3,-0.6029174186114176,-0.8546846146191924,-0.8159560908621647
守真守拙,mainstream_only,2023-08-22 06:49:00,2023-08-22 08:55:00,M->M,risk,1.0,M,0.0875,2023Q3,4,2,3,-0.6029174186114176,-0.8546846146191924,-0.8159560908621647
守真守拙,mainstream_only,2023-08-22 08:55:00,2023-10-01 12:17:00,M->M,risk,1.0,M,40.140277777777776,2023Q4,4,2,3,-0.6029174186114176,-0.8546846146191924,-0.8159560908621647
宋师傅轻松育儿,wemedia_only,2023-10-01 15:19:00,2023-11-17 04:54:00,M->L,risk,1.0,L,46.56597222222222,2023Q4,2,1,2,-0.6337022045549524,-0.8736034762056902,-0.8450113378100864
实录19730721,mainstream_only,2023-06-14 05:58:00,2024-04-18 10:17:00,M->M,risk,1.0,M,309.1798611111111,2024Q2,2,1,2,-0.6337022045549524,-0.8736034762056902,-0.8450113378100864
富平检察,mainstream_only,2022-03-14 15:30:00,2022-03-14 15:30:29,M->M,risk,1.0,M,0.0003356481481481481,2022Q1,7,4,5,-0.5413478467243479,-0.8168468914461967,-0.7723732204402822
富平检察,mainstream_only,2022-03-14 15:30:29,2022-04-25 20:00:55,M->M,risk,1.0,M,42.18780092592593,2022Q2,7,4,5,-0.5413478467243479,-0.8168468914461967,-0.7723732204402822
小战怪蜀黍MK3,wemedia_only,2023-11-10 15:49:00,2024-01-21 10:46:00,H->M,norisk,0.0,M,71.78958333333334,2024Q1,2,1,2,-0.6337022045549524,-0.8736034762056902,-0.8450113378100864
小李飞刀再出发,mainstream_only,2023-05-18 08:03:00,2023-05-18 08:23:00,M->M,norisk,0.0,M,0.013888888888888888,2023Q2,7,3,6,-0.5721326326678827,-0.7979280298596989,-0.7723732204402822
小李飞刀再出发,mainstream_only,2023-05-18 08:23:00,2023-05-27 20:19:00,M->M,norisk,0.0,M,9.497222222222222,2023Q2,7,3,6,-0.5721326326678827,-0.7979280298596989,-0.7723732204402822
小雨姐姐讲故事,wemedia_only,2023-01-11 12:40:00,2023-03-14 12:28:00,H->M,risk,1.0,M,61.99166666666667,2023Q1,2,2,2,-0.6029174186114176,-0.8736034762056902,-0.8450113378100864
山东长安网,mainstream_only,2020-03-18 20:27:00,2020-03-18 20:27:59,M->M,norisk,0.0,M,0.0006828703703703704,2020Q1,7,2,6,-0.6029174186114176,-0.7979280298596989,-0.7723732204402822
山东长安网,mainstream_only,2020-03-18 20:27:59,2022-12-05 00:31:53,M->M,norisk,0.0,M,991.169375,2022Q4,7,2,6,-0.6029174186114176,-0.7979280298596989,-0.7723732204402822
山东长安网,mainstream_only,2022-12-07 14:43:51,2022-12-15 18:17:32,M->M,norisk,0.0,M,8.148391203703703,2022Q4,7,2,6,-0.6029174186114176,-0.7979280298596989,-0.7723732204402822
山东长安网,mainstream_only,2022-12-15 18:17:32,2023-01-18 16:51:32,M->M,norisk,0.0,M,33.94027777777778,2023Q1,7,2,6,-0.6029174186114176,-0.7979280298596989,-0.7723732204402822
山初云洛·,wemedia_only,2020-03-18 19:48:00,2020-03-18 19:48:00,M->M,norisk,0.0,M,0.0,2020Q1,2,5,1,-0.510563060780813,-0.892522337792188,-0.8450113378100864
山西曲沃反邪教,mainstream_only,2023-05-29 10:56:00,2023-05-31 08:06:00,M->M,norisk,0.0,M,1.8819444444444444,2023Q2,2,2,2,-0.6029174186114176,-0.8736034762056902,-0.8450113378100864
山西绛县反邪教,mainstream_only,2023-05-29 18:53:00,2023-05-30 19:52:00,M->M,norisk,0.0,M,1.0409722222222222,2023Q2,2,2,2,-0.6029174186114176,-0.8736034762056902,-0.8450113378100864
山西黄河新闻网传媒忻州分公司,mainstream_only,2023-05-28 09:11:00,2023-12-16 21:51:00,M->M,norisk,0.0,M,202.52777777777777,2023Q4,5,1,5,-0.6337022045549524,-0.8168468914461967,-0.8014284673882038
岳阳市中级人民法院,mainstream_only,2023-05-28 16:38:00,2023-05-28 16:38:25,M->M,norisk,0.0,M,0.00028935185185185184,2023Q2,5,2,3,-0.6029174186114176,-0.8546846146191924,-0.8014284673882038
巴音郭楞蒙古自治州吾瓦镇窝滴爱,wemedia_only,2022-03-14 13:24:00,2022-03-14 23:31:00,H->H,risk,1.0,H,0.4215277777777778,2022Q1,5,3,4,-0.5721326326678827,-0.8357657530326946,-0.8014284673882038
巴音郭楞蒙古自治州吾瓦镇窝滴爱,wemedia_only,2022-03-14 23:31:00,2022-04-22 08:13:00,H->L,risk,1.0,L,38.3625,2022Q2,5,3,4,-0.5721326326678827,-0.8357657530326946,-0.8014284673882038
希希68100,mainstream_only,2023-03-06 16:09:00,2023-03-12 07:18:00,H->M,norisk,0.0,M,5.63125,2023Q1,8,3,7,-0.5721326326678827,-0.7790091682732011,-0.7578455969663214
干细胞-琦琦,wemedia_only,2022-03-25 12:47:00,2023-01-11 21:05:00,M->M,risk,1.0,M,292.34583333333336,2023Q1,28,1,22,-0.6337022045549524,-0.49522624447573366,-0.46729312748710433
干细胞-琦琦,wemedia_only,2023-01-11 21:05:00,2023-01-17 11:25:00,M->M,norisk,0.0,M,5.597222222222222,2023Q1,28,1,22,-0.6337022045549524,-0.49522624447573366,-0.46729312748710433
干细胞-琦琦,wemedia_only,2023-01-17 11:25:00,2023-01-17 14:19:00,M->M,risk,1.0,M,0.12083333333333333,2023Q1,28,1,22,-0.6337022045549524,-0.49522624447573366,-0.46729312748710433
干细胞-琦琦,wemedia_only,2023-01-17 14:19:00,2023-01-18 18:28:00,M->M,risk,1.0,M,1.1729166666666666,2023Q1,28,1,22,-0.6337022045549524,-0.49522624447573366,-0.46729312748710433
干细胞-琦琦,wemedia_only,2023-01-18 18:28:00,2023-01-19 19:44:00,M->M,norisk,0.0,M,1.0527777777777778,2023Q1,28,1,22,-0.6337022045549524,-0.49522624447573366,-0.46729312748710433
干细胞-琦琦,wemedia_only,2023-01-19 19:44:00,2023-01-30 16:54:00,M->M,norisk,0.0,M,10.881944444444445,2023Q1,28,1,22,-0.6337022045549524,-0.49522624447573366,-0.46729312748710433
干细胞-琦琦,wemedia_only,2023-01-30 16:54:00,2023-02-04 11:18:00,M->M,norisk,0.0,M,4.766666666666667,2023Q1,28,1,22,-0.6337022045549524,-0.49522624447573366,-0.46729312748710433
干细胞-琦琦,wemedia_only,2023-02-04 11:18:00,2023-02-06 19:28:00,M->M,norisk,0.0,M,2.3402777777777777,2023Q1,28,1,22,-0.6337022045549524,-0.49522624447573366,-0.46729312748710433
干细胞-琦琦,wemedia_only,2023-02-06 19:28:00,2023-02-08 12:58:00,M->M,norisk,0.0,M,1.7291666666666667,2023Q1,28,1,22,-0.6337022045549524,-0.49522624447573366,-0.46729312748710433
干细胞-琦琦,wemedia_only,2023-02-08 12:58:00,2023-02-09 09:42:00,M->M,norisk,0.0,M,0.8638888888888889,2023Q1,28,1,22,-0.6337022045549524,-0.49522624447573366,-0.46729312748710433
干细胞-琦琦,wemedia_only,2023-02-09 09:42:00,2023-02-09 15:13:00,M->M,norisk,0.0,M,0.2298611111111111,2023Q1,28,1,22,-0.6337022045549524,-0.49522624447573366,-0.46729312748710433
干细胞-琦琦,wemedia_only,2023-02-09 15:13:00,2023-02-09 22:47:00,M->M,norisk,0.0,M,0.31527777777777777,2023Q1,28,1,22,-0.6337022045549524,-0.49522624447573366,-0.46729312748710433
干细胞-琦琦,wemedia_only,2023-02-09 22:47:00,2023-02-10 09:21:00,M->M,norisk,0.0,M,0.44027777777777777,2023Q1,28,1,22,-0.6337022045549524,-0.49522624447573366,-0.46729312748710433
干细胞-琦琦,wemedia_only,2023-02-10 09:21:00,2023-02-10 15:03:00,M->M,norisk,0.0,M,0.2375,2023Q1,28,1,22,-0.6337022045549524,-0.49522624447573366,-0.46729312748710433
干细胞-琦琦,wemedia_only,2023-02-10 15:03:00,2023-02-14 18:15:00,M->M,norisk,0.0,M,4.133333333333334,2023Q1,28,1,22,-0.6337022045549524,-0.49522624447573366,-0.46729312748710433
干细胞-琦琦,wemedia_only,2023-02-14 18:15:00,2023-02-15 10:35:00,M->M,norisk,0.0,M,0.6805555555555556,2023Q1,28,1,22,-0.6337022045549524,-0.49522624447573366,-0.46729312748710433
干细胞-琦琦,wemedia_only,2023-02-15 10:35:00,2023-02-15 14:43:00,M->M,norisk,0.5,M,0.17222222222222222,2023Q1,28,1,22,-0.6337022045549524,-0.49522624447573366,-0.46729312748710433
干细胞-琦琦,wemedia_only,2023-02-15 14:43:00,2023-02-20 16:10:00,M->M,norisk,0.5,M,5.060416666666667,2023Q1,28,1,22,-0.6337022045549524,-0.49522624447573366,-0.46729312748710433
干细胞-琦琦,wemedia_only,2023-02-20 16:10:00,2023-08-23 15:51:00,M->M,norisk,0.0,M,183.98680555555555,2023Q3,28,1,22,-0.6337022045549524,-0.49522624447573366,-0.46729312748710433
干细胞-琦琦,wemedia_only,2023-08-23 15:51:00,2023-08-23 19:27:00,M->M,norisk,0.0,M,0.15,2023Q3,28,1,22,-0.6337022045549524,-0.49522624447573366,-0.46729312748710433
干细胞-琦琦,wemedia_only,2023-08-23 19:27:00,2023-08-29 11:48:00,M->M,norisk,0.0,M,5.68125,2023Q3,28,1,22,-0.6337022045549524,-0.49522624447573366,-0.46729312748710433
干细胞-琦琦,wemedia_only,2023-08-29 11:48:00,2023-08-30 07:43:00,M->M,risk,1.0,M,0.8298611111111112,2023Q3,28,1,22,-0.6337022045549524,-0.49522624447573366,-0.46729312748710433
干细胞-琦琦,wemedia_only,2023-08-30 07:43:00,2023-08-31 19:20:00,M->M,norisk,0.0,M,1.4840277777777777,2023Q3,28,1,22,-0.6337022045549524,-0.49522624447573366,-0.46729312748710433
干细胞-琦琦,wemedia_only,2023-08-31 19:20:00,2023-09-04 21:47:00,M->M,norisk,0.0,M,4.102083333333334,2023Q3,28,1,22,-0.6337022045549524,-0.49522624447573366,-0.46729312748710433
干细胞-琦琦,wemedia_only,2023-09-04 21:47:00,2023-09-10 09:11:00,M->M,risk,1.0,M,5.475,2023Q3,28,1,22,-0.6337022045549524,-0.49522624447573366,-0.46729312748710433
干细胞-琦琦,wemedia_only,2023-09-10 09:11:00,2023-09-17 17:38:00,M->M,risk,1.0,M,7.352083333333334,2023Q3,28,1,22,-0.6337022045549524,-0.49522624447573366,-0.46729312748710433
干细胞-琦琦,wemedia_only,2023-09-17 17:38:00,2023-10-10 12:03:00,M->M,norisk,0.0,M,22.76736111111111,2023Q4,28,1,22,-0.6337022045549524,-0.49522624447573366,-0.46729312748710433
平安古蔺,mainstream_only,2022-10-14 09:15:00,2022-10-14 09:15:27,M->M,risk,1.0,M,0.0003125,2022Q4,10,1,5,-0.6337022045549524,-0.8168468914461967,-0.7287903500183996
平安古蔺,mainstream_only,2022-10-14 09:15:27,2022-10-14 10:00:00,M->M,risk,1.0,M,0.0309375,2022Q4,10,1,5,-0.6337022045549524,-0.8168468914461967,-0.7287903500183996
平安古蔺,mainstream_only,2022-10-14 10:00:00,2022-10-14 10:58:00,M->M,risk,1.0,M,0.04027777777777778,2022Q4,10,1,5,-0.6337022045549524,-0.8168468914461967,-0.7287903500183996
平安古蔺,mainstream_only,2022-10-14 10:58:00,2022-10-14 11:10:00,M->M,risk,1.0,M,0.008333333333333333,2022Q4,10,1,5,-0.6337022045549524,-0.8168468914461967,-0.7287903500183996
平安古蔺,mainstream_only,2022-10-14 11:10:00,2022-12-16 16:55:05,M->M,risk,1.0,M,63.239641203703705,2022Q4,10,1,5,-0.6337022045549524,-0.8168468914461967,-0.7287903500183996
平安曲靖,mainstream_only,2023-01-03 08:59:44,2023-01-03 09:05:55,M->M,norisk,0.0,M,0.004293981481481481,2023Q1,3,7,2,-0.44899348889374335,-0.8736034762056902,-0.8304837143361256
平安江阳,mainstream_only,2020-03-18 19:54:00,2020-03-18 19:54:51,M->M,norisk,0.0,M,0.0005902777777777778,2020Q1,7,6,6,-0.4797782748372782,-0.7979280298596989,-0.7723732204402822
平安江阳,mainstream_only,2020-03-18 19:54:51,2020-04-23 19:04:28,M->M,norisk,0.0,M,35.965011574074076,2020Q2,7,6,6,-0.4797782748372782,-0.7979280298596989,-0.7723732204402822
平安江阳,mainstream_only,2021-01-07 21:37:49,2022-05-05 09:36:27,M->M,norisk,0.0,M,482.4990509259259,2022Q2,7,6,6,-0.4797782748372782,-0.7979280298596989,-0.7723732204402822
平安泸县,mainstream_only,2022-10-14 09:03:00,2023-02-09 16:42:00,M->M,risk,1.0,M,118.31875,2023Q1,2,1,2,-0.6337022045549524,-0.8736034762056902,-0.8450113378100864
平安温州,mainstream_only,2022-03-14 14:47:00,2022-03-14 14:47:53,M->M,risk,1.0,M,0.0006134259259259259,2022Q1,29,1,22,-0.6337022045549524,-0.49522624447573366,-0.45276550401314347
平安温州,mainstream_only,2022-03-14 14:47:53,2022-03-14 15:02:00,M->M,risk,1.0,M,0.00980324074074074,2022Q1,29,1,22,-0.6337022045549524,-0.49522624447573366,-0.45276550401314347
平安温州,mainstream_only,2022-03-14 15:02:00,2022-04-24 08:18:55,M->M,risk,1.0,M,40.72008101851852,2022Q2,29,1,22,-0.6337022045549524,-0.49522624447573366,-0.45276550401314347
平安绵阳,mainstream_only,2022-03-14 14:50:00,2022-10-14 09:54:00,M->M,norisk,0.16666666666666666,M,213.79444444444445,2022Q4,12,11,10,-0.3258543451196039,-0.7222525835137076,-0.6997351030704779
平安绵阳,mainstream_only,2022-10-14 09:54:00,2022-10-14 10:16:00,M->M,risk,1.0,M,0.015277777777777777,2022Q4,12,11,10,-0.3258543451196039,-0.7222525835137076,-0.6997351030704779
平安绵阳,mainstream_only,2022-10-14 10:16:00,2022-10-14 10:40:00,M->M,risk,1.0,M,0.016666666666666666,2022Q4,12,11,10,-0.3258543451196039,-0.7222525835137076,-0.6997351030704779
平安绵阳,mainstream_only,2022-10-14 10:40:00,2023-01-02 09:04:28,M->M,risk,1.0,M,79.93365740740741,2023Q1,12,11,10,-0.3258543451196039,-0.7222525835137076,-0.6997351030704779
幸福能量疗愈体系创始人_赵馨,wemedia_only,2023-03-14 12:16:00,2023-03-15 12:31:00,M->M,risk,1.0,M,1.0104166666666667,2023Q1,14,1,13,-0.6337022045549524,-0.6654959987542142,-0.6706798561225562
幸福能量疗愈体系创始人_赵馨,wemedia_only,2023-03-15 12:31:00,2023-03-16 20:15:00,M->M,norisk,0.0,M,1.3222222222222222,2023Q1,14,1,13,-0.6337022045549524,-0.6654959987542142,-0.6706798561225562
幸福能量疗愈体系创始人_赵馨,wemedia_only,2023-03-16 20:15:00,2023-03-17 20:20:00,M->M,norisk,0.0,M,1.0034722222222223,2023Q1,14,1,13,-0.6337022045549524,-0.6654959987542142,-0.6706798561225562
幸福能量疗愈体系创始人_赵馨,wemedia_only,2023-03-17 20:20:00,2023-03-18 20:27:00,M->M,norisk,0.0,M,1.0048611111111112,2023Q1,14,1,13,-0.6337022045549524,-0.6654959987542142,-0.6706798561225562
幸福能量疗愈体系创始人_赵馨,wemedia_only,2023-03-18 20:27:00,2023-03-20 11:58:00,M->M,norisk,0.0,M,1.6465277777777778,2023Q1,14,1,13,-0.6337022045549524,-0.6654959987542142,-0.6706798561225562
幸福能量疗愈体系创始人_赵馨,wemedia_only,2023-03-20 11:58:00,2023-03-21 12:04:00,M->M,norisk,0.0,M,1.0041666666666667,2023Q1,14,1,13,-0.6337022045549524,-0.6654959987542142,-0.6706798561225562
幸福能量疗愈体系创始人_赵馨,wemedia_only,2023-03-21 12:04:00,2023-03-23 20:23:00,M->M,norisk,0.0,M,2.3465277777777778,2023Q1,14,1,13,-0.6337022045549524,-0.6654959987542142,-0.6706798561225562
幸福能量疗愈体系创始人_赵馨,wemedia_only,2023-03-23 20:23:00,2023-03-24 20:41:00,M->M,norisk,0.0,M,1.0125,2023Q1,14,1,13,-0.6337022045549524,-0.6654959987542142,-0.6706798561225562
幸福能量疗愈体系创始人_赵馨,wemedia_only,2023-03-24 20:41:00,2023-03-30 20:19:00,M->L,norisk,0.0,L,5.9847222222222225,2023Q1,14,1,13,-0.6337022045549524,-0.6654959987542142,-0.6706798561225562
幸福能量疗愈体系创始人_赵馨,wemedia_only,2023-03-30 20:19:00,2023-03-31 19:26:00,L->M,risk,1.0,M,0.9631944444444445,2023Q1,14,1,13,-0.6337022045549524,-0.6654959987542142,-0.6706798561225562
幸福能量疗愈体系创始人_赵馨,wemedia_only,2023-03-31 19:26:00,2023-03-31 20:21:00,M->M,norisk,0.0,M,0.03819444444444445,2023Q1,14,1,13,-0.6337022045549524,-0.6654959987542142,-0.6706798561225562
幸福能量疗愈体系创始人_赵馨,wemedia_only,2023-03-31 20:21:00,2023-04-06 20:29:00,M->M,norisk,0.0,M,6.0055555555555555,2023Q2,14,1,13,-0.6337022045549524,-0.6654959987542142,-0.6706798561225562
幸福能量疗愈体系创始人_赵馨,wemedia_only,2023-04-06 20:29:00,2023-04-07 21:08:00,M->M,norisk,0.0,M,1.0270833333333333,2023Q2,14,1,13,-0.6337022045549524,-0.6654959987542142,-0.6706798561225562
广东天气,mainstream_only,2021-11-25 10:31:00,2023-03-03 14:00:00,M->M,norisk,0.0,M,463.1451388888889,2023Q1,3,3,3,-0.5721326326678827,-0.8546846146191924,-0.8304837143361256
广东天气,mainstream_only,2023-03-03 14:00:00,2023-03-04 14:21:00,M->M,norisk,0.0,M,1.0145833333333334,2023Q1,3,3,3,-0.5721326326678827,-0.8546846146191924,-0.8304837143361256
广元女儿美,mainstream_only,2021-11-25 09:41:00,2023-02-09 15:59:00,M->M,risk,1.0,M,441.2625,2023Q1,2,2,2,-0.6029174186114176,-0.8736034762056902,-0.8450113378100864
康巴什发布,mainstream_only,2023-03-14 17:03:00,2023-05-22 20:43:00,M->M,norisk,0.0,M,69.15277777777777,2023Q2,11,4,10,-0.5413478467243479,-0.7222525835137076,-0.7142627265444388
延长法院,mainstream_only,2022-10-14 09:24:00,2022-11-18 10:37:33,M->M,risk,1.0,M,35.05107638888889,2022Q4,4,3,4,-0.5721326326678827,-0.8357657530326946,-0.8159560908621647
开疆扩土特狼普,wemedia_only,2023-12-17 05:10:00,2024-02-13 15:01:00,M->M,risk,1.0,M,58.41041666666667,2024Q1,30,21,26,-0.018006485684255412,-0.41955079812974233,-0.4382378805391826
开疆扩土特狼普,wemedia_only,2024-05-11 06:58:00,2024-07-01 20:04:00,M->M,risk,1.0,M,51.545833333333334,2024Q3,30,21,26,-0.018006485684255412,-0.41955079812974233,-0.4382378805391826
开阳县检察院,mainstream_only,2022-12-16 09:02:00,2022-12-16 09:18:00,M->M,norisk,0.0,M,0.011111111111111112,2022Q4,2,6,1,-0.4797782748372782,-0.892522337792188,-0.8450113378100864
张国庆看天下,dual,2023-01-18 21:13:00,2023-02-03 16:31:00,M->M,norisk,0.0,M,15.804166666666667,2023Q1,10,10,10,-0.35663913106313877,-0.7222525835137076,-0.7287903500183996
张国庆看天下,dual,2023-05-19 19:53:00,2023-05-26 22:17:00,M->M,norisk,0.0,M,7.1,2023Q2,10,10,10,-0.35663913106313877,-0.7222525835137076,-0.7287903500183996
张铭洺m,wemedia_only,2023-11-05 09:02:00,2025-01-26 21:58:00,M->M,risk,1.0,M,448.5388888888889,2025Q1,2,2,2,-0.6029174186114176,-0.8736034762056902,-0.8450113378100864
张颐武,mainstream_only,2021-08-12 02:19:00,2023-05-25 23:53:00,H->M,risk,1.0,M,651.8986111111111,2023Q2,3,3,3,-0.5721326326678827,-0.8546846146191924,-0.8304837143361256
得意的弦小二,wemedia_only,2022-12-24 10:56:00,2023-02-03 19:30:00,M->M,risk,1.0,M,41.356944444444444,2023Q1,2,36,2,0.44376530346876736,-0.8736034762056902,-0.8450113378100864
微博卫生健康,mainstream_only,2023-02-09 17:55:00,2023-02-17 19:33:00,M->M,norisk,0.0,M,8.068055555555556,2023Q1,8,2,7,-0.6029174186114176,-0.7790091682732011,-0.7578455969663214
微博澳大利亚,wemedia_only,2022-07-10 05:30:00,2023-11-04 11:45:00,M->H,risk,1.0,H,482.2604166666667,2023Q4,2,3,2,-0.5721326326678827,-0.8736034762056902,-0.8450113378100864
徽州反邪教,mainstream_only,2020-03-18 21:07:00,2023-05-30 17:12:00,M->M,norisk,0.0,M,1167.8368055555557,2023Q2,4,2,3,-0.6029174186114176,-0.8546846146191924,-0.8159560908621647
心内有微光,mainstream_only,2023-05-19 18:34:00,2023-05-19 22:41:00,H->H,norisk,0.0,H,0.17152777777777778,2023Q2,3,7,2,-0.44899348889374335,-0.8736034762056902,-0.8304837143361256
心内有微光,mainstream_only,2023-05-19 22:41:00,2024-11-08 09:47:00,H->M,norisk,0.0,M,538.4625,2024Q4,3,7,2,-0.44899348889374335,-0.8736034762056902,-0.8304837143361256
快乐de小丸子O,wemedia_only,2023-04-02 13:40:00,2023-05-23 11:03:00,M->M,risk,1.0,M,50.890972222222224,2023Q2,7,17,5,-0.14114562945839482,-0.8168468914461967,-0.7723732204402822
快乐de小丸子O,wemedia_only,2023-05-23 11:03:00,2023-06-05 22:37:00,M->M,risk,1.0,M,13.481944444444444,2023Q2,7,17,5,-0.14114562945839482,-0.8168468914461967,-0.7723732204402822
快乐de小丸子O,wemedia_only,2023-06-05 22:37:00,2023-07-01 08:51:00,M->L,norisk,0.0,L,25.426388888888887,2023Q3,7,17,5,-0.14114562945839482,-0.8168468914461967,-0.7723732204402822
快乐de小丸子O,wemedia_only,2023-07-03 14:49:00,2023-07-03 22:10:00,M->M,norisk,0.5,M,0.30625,2023Q3,7,17,5,-0.14114562945839482,-0.8168468914461967,-0.7723732204402822
思路敏锐,wemedia_only,2022-12-01 14:06:00,2024-05-04 15:35:00,M->M,norisk,0.0,M,520.0618055555556,2024Q2,2,2,2,-0.6029174186114176,-0.8736034762056902,-0.8450113378100864
怡味薯蓣锦,dual,2023-04-20 13:04:00,2023-05-19 19:58:00,L->M,norisk,0.0,M,29.2875,2023Q2,18,15,17,-0.20271520134546453,-0.5898205524082228,-0.6125693622267129
情感文艺君,wemedia_only,2022-12-28 19:07:00,2023-01-11 11:49:00,M->L,risk,1.0,L,13.695833333333333,2023Q1,2,9,2,-0.38742391700667367,-0.8736034762056902,-0.8450113378100864
慈溪静姨,wemedia_only,2023-02-02 21:24:00,2023-02-05 17:55:00,L->H,risk,1.0,H,2.854861111111111,2023Q1,18,4,16,-0.5413478467243479,-0.6087394139947206,-0.6125693622267129
慈溪静姨,wemedia_only,2023-02-06 19:30:00,2023-02-06 20:19:00,L->L,risk,1.0,L,0.034027777777777775,2023Q1,18,4,16,-0.5413478467243479,-0.6087394139947206,-0.6125693622267129
慈溪静姨,wemedia_only,2023-02-06 20:19:00,2023-03-16 05:37:00,L->L,risk,1.0,L,37.3875,2023Q1,18,4,16,-0.5413478467243479,-0.6087394139947206,-0.6125693622267129
成都国际铁路港,mainstream_only,2023-03-01 10:04:00,2023-03-15 09:20:00,M->M,norisk,0.0,M,13.969444444444445,2023Q1,4,3,4,-0.5721326326678827,-0.8357657530326946,-0.8159560908621647
成都国际铁路港,mainstream_only,2023-05-29 09:53:00,2025-02-05 11:29:00,M->M,norisk,0.0,M,618.0666666666667,2025Q1,4,3,4,-0.5721326326678827,-0.8357657530326946,-0.8159560908621647
成都天府国际生物城,mainstream_only,2020-03-18 21:07:00,2021-11-25 09:48:00,M->M,norisk,0.0,M,616.5284722222223,2021Q4,3,2,3,-0.6029174186114176,-0.8546846146191924,-0.8304837143361256
成都天府国际生物城,mainstream_only,2021-11-25 09:48:00,2022-03-14 17:56:00,M->M,risk,1.0,M,109.33888888888889,2022Q1,3,2,3,-0.6029174186114176,-0.8546846146191924,-0.8304837143361256
成都市场监管,mainstream_only,2022-03-14 15:26:00,2023-02-09 19:22:00,M->M,risk,1.0,M,332.1638888888889,2023Q1,5,1,4,-0.6337022045549524,-0.8357657530326946,-0.8014284673882038
成都水务,mainstream_only,2022-10-14 09:59:00,2022-10-14 16:17:00,M->M,norisk,0.0,M,0.2625,2022Q4,2,3,1,-0.5721326326678827,-0.892522337792188,-0.8450113378100864
成都高新市场监管,mainstream_only,2022-10-14 09:55:00,2023-03-01 10:30:00,M->M,risk,0.6666666666666666,M,138.02430555555554,2023Q1,7,3,7,-0.5721326326678827,-0.7790091682732011,-0.7723732204402822
成都高新市场监管,mainstream_only,2023-05-30 17:31:00,2023-09-06 10:30:00,M->M,risk,1.0,M,98.7076388888889,2023Q3,7,3,7,-0.5721326326678827,-0.7790091682732011,-0.7723732204402822
我是佩儿,wemedia_only,2022-12-01 12:44:00,2023-02-15 18:02:00,M->H,norisk,0.0,H,76.22083333333333,2023Q1,3,3,3,-0.5721326326678827,-0.8546846146191924,-0.8304837143361256
我是佩儿,wemedia_only,2023-02-15 18:02:00,2023-04-23 12:06:00,H->L,risk,1.0,L,66.75277777777778,2023Q2,3,3,3,-0.5721326326678827,-0.8546846146191924,-0.8304837143361256
我是小妖怪的人,wemedia_only,2022-04-02 20:43:00,2022-07-09 12:05:00,M->L,risk,1.0,L,97.64027777777778,2022Q3,2,9,2,-0.38742391700667367,-0.8736034762056902,-0.8450113378100864
我是希尔瑞思,dual,2021-08-12 16:38:00,2021-08-17 01:42:00,H->H,risk,1.0,H,4.377777777777778,2021Q3,133,75,94,1.6443719552666267,0.86693178975211,1.058107337278785
我是希尔瑞思,dual,2021-08-17 01:42:00,2021-08-17 03:32:00,H->H,norisk,0.5,H,0.0763888888888889,2021Q3,133,75,94,1.6443719552666267,0.86693178975211,1.058107337278785
我是希尔瑞思,dual,2021-08-17 03:32:00,2021-08-30 07:43:00,H->H,norisk,0.5,H,13.174305555555556,2021Q3,133,75,94,1.6443719552666267,0.86693178975211,1.058107337278785
我是希尔瑞思,dual,2021-08-30 07:43:00,2021-08-31 01:33:00,H->H,risk,1.0,H,0.7430555555555556,2021Q3,133,75,94,1.6443719552666267,0.86693178975211,1.058107337278785
我是希尔瑞思,dual,2022-03-14 19:13:00,2022-03-19 10:12:00,H->H,risk,1.0,H,4.624305555555556,2022Q1,133,75,94,1.6443719552666267,0.86693178975211,1.058107337278785
我是希尔瑞思,dual,2022-03-19 10:12:00,2022-03-21 15:49:00,H->H,norisk,0.3333333333333333,H,2.234027777777778,2022Q1,133,75,94,1.6443719552666267,0.86693178975211,1.058107337278785
我是希尔瑞思,dual,2022-03-21 15:49:00,2022-03-23 09:00:00,H->H,risk,1.0,H,1.7159722222222222,2022Q1,133,75,94,1.6443719552666267,0.86693178975211,1.058107337278785
我是希尔瑞思,dual,2022-04-08 06:17:00,2022-04-09 14:46:00,H->H,norisk,0.0,H,1.3534722222222222,2022Q2,133,75,94,1.6443719552666267,0.86693178975211,1.058107337278785
我是希尔瑞思,dual,2022-04-09 14:46:00,2022-04-09 18:17:00,H->M,norisk,0.0,M,0.14652777777777778,2022Q2,133,75,94,1.6443719552666267,0.86693178975211,1.058107337278785
我是希尔瑞思,dual,2022-04-09 18:17:00,2022-04-10 09:08:00,M->H,norisk,0.0,H,0.61875,2022Q2,133,75,94,1.6443719552666267,0.86693178975211,1.058107337278785
我是希尔瑞思,dual,2022-04-17 06:41:00,2022-04-23 12:34:00,M->H,norisk,0.0,H,6.245138888888889,2022Q2,133,75,94,1.6443719552666267,0.86693178975211,1.058107337278785
我是希尔瑞思,dual,2022-04-23 12:34:00,2022-04-25 12:34:00,H->M,norisk,0.0,M,2.0,2022Q2,133,75,94,1.6443719552666267,0.86693178975211,1.058107337278785
我是希尔瑞思,dual,2022-04-25 12:34:00,2022-04-27 07:48:00,M->H,risk,0.8333333333333334,H,1.801388888888889,2022Q2,133,75,94,1.6443719552666267,0.86693178975211,1.058107337278785
我是希尔瑞思,dual,2022-04-27 07:48:00,2022-04-27 10:52:00,H->M,norisk,0.5,M,0.12777777777777777,2022Q2,133,75,94,1.6443719552666267,0.86693178975211,1.058107337278785
我是希尔瑞思,dual,2022-04-27 10:52:00,2022-05-02 17:07:00,M->M,norisk,0.5,M,5.260416666666667,2022Q2,133,75,94,1.6443719552666267,0.86693178975211,1.058107337278785
我是希尔瑞思,dual,2022-05-02 17:07:00,2022-05-07 17:59:00,M->H,norisk,0.0,H,5.036111111111111,2022Q2,133,75,94,1.6443719552666267,0.86693178975211,1.058107337278785
我是希尔瑞思,dual,2022-05-07 17:59:00,2022-05-26 16:35:00,H->M,norisk,0.5,M,18.941666666666666,2022Q2,133,75,94,1.6443719552666267,0.86693178975211,1.058107337278785
我是希尔瑞思,dual,2022-05-26 16:35:00,2022-05-27 13:47:00,M->M,norisk,0.0,M,0.8833333333333333,2022Q2,133,75,94,1.6443719552666267,0.86693178975211,1.058107337278785
我是希尔瑞思,dual,2022-05-27 13:47:00,2022-05-28 18:14:00,M->M,norisk,0.0,M,1.1854166666666666,2022Q2,133,75,94,1.6443719552666267,0.86693178975211,1.058107337278785
我是希尔瑞思,dual,2022-05-28 18:14:00,2022-05-30 19:20:00,M->M,risk,1.0,M,2.0458333333333334,2022Q2,133,75,94,1.6443719552666267,0.86693178975211,1.058107337278785
我是希尔瑞思,dual,2022-07-04 14:03:00,2022-07-04 22:53:00,H->H,norisk,0.0,H,0.3680555555555556,2022Q3,133,75,94,1.6443719552666267,0.86693178975211,1.058107337278785
我是希尔瑞思,dual,2022-07-04 22:53:00,2022-07-07 08:48:00,H->M,norisk,0.0,M,2.4131944444444446,2022Q3,133,75,94,1.6443719552666267,0.86693178975211,1.058107337278785
我是希尔瑞思,dual,2022-07-07 08:48:00,2022-07-07 08:55:00,M->H,norisk,0.0,H,0.004861111111111111,2022Q3,133,75,94,1.6443719552666267,0.86693178975211,1.058107337278785
我是希尔瑞思,dual,2022-07-07 08:55:00,2022-07-08 16:52:00,H->M,norisk,0.0,M,1.33125,2022Q3,133,75,94,1.6443719552666267,0.86693178975211,1.058107337278785
我是希尔瑞思,dual,2022-07-19 12:57:00,2022-07-21 21:50:00,M->M,risk,1.0,M,2.370138888888889,2022Q3,133,75,94,1.6443719552666267,0.86693178975211,1.058107337278785
我是希尔瑞思,dual,2022-07-21 21:50:00,2022-07-27 23:25:00,M->H,risk,1.0,H,6.065972222222222,2022Q3,133,75,94,1.6443719552666267,0.86693178975211,1.058107337278785
我是希尔瑞思,dual,2022-11-09 21:22:00,2022-11-13 13:15:00,H->H,risk,1.0,H,3.6618055555555555,2022Q4,133,75,94,1.6443719552666267,0.86693178975211,1.058107337278785
我是希尔瑞思,dual,2022-11-13 13:15:00,2022-11-14 10:00:00,H->M,norisk,0.0,M,0.8645833333333334,2022Q4,133,75,94,1.6443719552666267,0.86693178975211,1.058107337278785
我是希尔瑞思,dual,2022-11-21 10:53:00,2022-11-21 10:59:00,M->M,norisk,0.0,M,0.004166666666666667,2022Q4,133,75,94,1.6443719552666267,0.86693178975211,1.058107337278785
我是希尔瑞思,dual,2022-11-21 10:59:00,2022-11-26 08:02:00,M->M,norisk,0.0,M,4.877083333333333,2022Q4,133,75,94,1.6443719552666267,0.86693178975211,1.058107337278785
我是希尔瑞思,dual,2022-11-27 10:03:00,2022-11-28 08:16:00,H->H,norisk,0.0,H,0.9256944444444445,2022Q4,133,75,94,1.6443719552666267,0.86693178975211,1.058107337278785
我是希尔瑞思,dual,2022-11-29 14:17:00,2022-11-30 00:08:00,M->H,norisk,0.25,H,0.41041666666666665,2022Q4,133,75,94,1.6443719552666267,0.86693178975211,1.058107337278785
我是希尔瑞思,dual,2022-12-01 11:14:00,2022-12-02 10:57:00,M->H,norisk,0.16666666666666666,H,0.9881944444444445,2022Q4,133,75,94,1.6443719552666267,0.86693178975211,1.058107337278785
我是希尔瑞思,dual,2022-12-03 09:12:00,2022-12-03 11:09:00,M->M,norisk,0.0,M,0.08125,2022Q4,133,75,94,1.6443719552666267,0.86693178975211,1.058107337278785
我是希尔瑞思,dual,2022-12-03 11:09:00,2022-12-03 13:14:00,M->M,norisk,0.0,M,0.08680555555555555,2022Q4,133,75,94,1.6443719552666267,0.86693178975211,1.058107337278785
我是希尔瑞思,dual,2022-12-03 13:14:00,2022-12-04 18:53:00,M->H,norisk,0.0,H,1.2354166666666666,2022Q4,133,75,94,1.6443719552666267,0.86693178975211,1.058107337278785
我是希尔瑞思,dual,2022-12-04 18:53:00,2022-12-06 10:13:00,H->H,norisk,0.0,H,1.6388888888888888,2022Q4,133,75,94,1.6443719552666267,0.86693178975211,1.058107337278785
我是希尔瑞思,dual,2022-12-06 10:13:00,2022-12-08 06:50:00,H->H,norisk,0.0,H,1.8590277777777777,2022Q4,133,75,94,1.6443719552666267,0.86693178975211,1.058107337278785
我是希尔瑞思,dual,2022-12-08 06:50:00,2022-12-08 14:24:00,H->H,norisk,0.0,H,0.31527777777777777,2022Q4,133,75,94,1.6443719552666267,0.86693178975211,1.058107337278785
我是希尔瑞思,dual,2022-12-08 14:24:00,2022-12-08 19:01:00,H->M,norisk,0.0,M,0.19236111111111112,2022Q4,133,75,94,1.6443719552666267,0.86693178975211,1.058107337278785
我是希尔瑞思,dual,2022-12-08 19:01:00,2022-12-09 10:14:00,M->M,norisk,0.0,M,0.6340277777777777,2022Q4,133,75,94,1.6443719552666267,0.86693178975211,1.058107337278785
我是希尔瑞思,dual,2022-12-09 10:14:00,2022-12-09 18:40:00,M->M,norisk,0.0,M,0.35138888888888886,2022Q4,133,75,94,1.6443719552666267,0.86693178975211,1.058107337278785
我是希尔瑞思,dual,2022-12-09 18:40:00,2022-12-09 20:34:00,M->M,norisk,0.0,M,0.07916666666666666,2022Q4,133,75,94,1.6443719552666267,0.86693178975211,1.058107337278785
我是希尔瑞思,dual,2022-12-09 20:34:00,2022-12-10 09:23:00,M->M,norisk,0.0,M,0.5340277777777778,2022Q4,133,75,94,1.6443719552666267,0.86693178975211,1.058107337278785
我是希尔瑞思,dual,2022-12-10 09:23:00,2022-12-11 09:08:00,M->M,norisk,0.0,M,0.9895833333333334,2022Q4,133,75,94,1.6443719552666267,0.86693178975211,1.058107337278785
我是希尔瑞思,dual,2022-12-11 09:08:00,2022-12-11 09:14:00,M->M,norisk,0.0,M,0.004166666666666667,2022Q4,133,75,94,1.6443719552666267,0.86693178975211,1.058107337278785
我是希尔瑞思,dual,2022-12-11 09:14:00,2022-12-11 10:58:00,M->M,norisk,0.0,M,0.07222222222222222,2022Q4,133,75,94,1.6443719552666267,0.86693178975211,1.058107337278785
我是希尔瑞思,dual,2022-12-11 10:58:00,2022-12-15 15:44:00,M->H,norisk,0.0,H,4.198611111111111,2022Q4,133,75,94,1.6443719552666267,0.86693178975211,1.058107337278785
我是希尔瑞思,dual,2022-12-15 15:44:00,2023-01-02 16:41:00,H->H,norisk,0.125,H,18.039583333333333,2023Q1,133,75,94,1.6443719552666267,0.86693178975211,1.058107337278785
我是希尔瑞思,dual,2023-01-02 16:41:00,2023-01-03 16:24:00,H->H,risk,0.65,H,0.9881944444444445,2023Q1,133,75,94,1.6443719552666267,0.86693178975211,1.058107337278785
我是希尔瑞思,dual,2023-01-03 16:24:00,2023-01-04 00:17:00,H->H,norisk,0.35416666666666663,H,0.3284722222222222,2023Q1,133,75,94,1.6443719552666267,0.86693178975211,1.058107337278785
我是希尔瑞思,dual,2023-01-04 00:17:00,2023-01-04 09:26:00,H->H,norisk,0.5,H,0.38125,2023Q1,133,75,94,1.6443719552666267,0.86693178975211,1.058107337278785
我是希尔瑞思,dual,2023-01-04 09:26:00,2023-01-04 22:40:00,H->M,norisk,0.5,M,0.5513888888888889,2023Q1,133,75,94,1.6443719552666267,0.86693178975211,1.058107337278785
我是希尔瑞思,dual,2023-01-04 22:40:00,2023-01-05 11:13:00,M->H,norisk,0.5,H,0.5229166666666667,2023Q1,133,75,94,1.6443719552666267,0.86693178975211,1.058107337278785
我是希尔瑞思,dual,2023-01-05 11:13:00,2023-01-07 14:52:00,H->H,norisk,0.0,H,2.152083333333333,2023Q1,133,75,94,1.6443719552666267,0.86693178975211,1.058107337278785
我是希尔瑞思,dual,2023-01-07 14:52:00,2023-01-07 15:22:00,H->M,norisk,0.0,M,0.020833333333333332,2023Q1,133,75,94,1.6443719552666267,0.86693178975211,1.058107337278785
我是希尔瑞思,dual,2023-01-07 15:22:00,2023-01-08 10:47:00,M->M,norisk,0.0,M,0.8090277777777778,2023Q1,133,75,94,1.6443719552666267,0.86693178975211,1.058107337278785
我是希尔瑞思,dual,2023-01-08 10:47:00,2023-01-09 22:41:00,M->H,norisk,0.0,H,1.4958333333333333,2023Q1,133,75,94,1.6443719552666267,0.86693178975211,1.058107337278785
我是希尔瑞思,dual,2023-01-09 22:41:00,2023-01-13 09:57:00,H->M,norisk,0.5,M,3.4694444444444446,2023Q1,133,75,94,1.6443719552666267,0.86693178975211,1.058107337278785
我是希尔瑞思,dual,2023-01-13 09:57:00,2023-01-14 15:55:00,M->M,norisk,0.0,M,1.2486111111111111,2023Q1,133,75,94,1.6443719552666267,0.86693178975211,1.058107337278785
我是希尔瑞思,dual,2023-01-15 22:23:00,2023-01-16 10:35:00,H->L,norisk,0.0,L,0.5083333333333333,2023Q1,133,75,94,1.6443719552666267,0.86693178975211,1.058107337278785
我是希尔瑞思,dual,2023-01-16 10:35:00,2023-04-23 09:07:00,L->M,norisk,0.0,M,96.93888888888888,2023Q2,133,75,94,1.6443719552666267,0.86693178975211,1.058107337278785
我是希尔瑞思,dual,2023-05-19 09:06:00,2023-05-21 08:23:00,M->M,norisk,0.0,M,1.9701388888888889,2023Q2,133,75,94,1.6443719552666267,0.86693178975211,1.058107337278785
手感造物,wemedia_only,2022-12-18 11:11:00,2022-12-20 12:29:00,M->M,norisk,0.0,M,2.0541666666666667,2022Q4,3,1,3,-0.6337022045549524,-0.8546846146191924,-0.8304837143361256
手感造物,wemedia_only,2022-12-20 12:29:00,2023-05-23 13:40:00,M->M,risk,1.0,M,154.04930555555555,2023Q2,3,1,3,-0.6337022045549524,-0.8546846146191924,-0.8304837143361256
扎紧你的篱笆,wemedia_only,2021-03-22 23:24:00,2023-08-15 18:31:00,L->M,norisk,0.0,M,875.7965277777778,2023Q3,2,3,2,-0.5721326326678827,-0.8736034762056902,-0.8450113378100864
抚州资溪发布,mainstream_only,2023-02-09 17:58:00,2023-02-26 21:18:00,M->M,norisk,0.0,M,17.13888888888889,2023Q1,5,2,5,-0.6029174186114176,-0.8168468914461967,-0.8014284673882038
拍帮主,wemedia_only,2023-06-02 15:16:00,2023-06-12 11:57:00,M->M,norisk,0.0,M,9.861805555555556,2023Q2,128,37,115,0.47455008941230226,1.2642278830685645,0.9854692199089808
拍帮主,wemedia_only,2023-09-25 13:43:00,2023-09-26 08:37:00,H->H,risk,1.0,H,0.7875,2023Q3,128,37,115,0.47455008941230226,1.2642278830685645,0.9854692199089808
拍帮主,wemedia_only,2023-12-06 21:18:00,2023-12-06 21:22:00,M->M,risk,1.0,M,0.002777777777777778,2023Q4,128,37,115,0.47455008941230226,1.2642278830685645,0.9854692199089808
拍帮主,wemedia_only,2023-12-06 21:22:00,2023-12-09 17:26:00,M->M,risk,1.0,M,2.8361111111111112,2023Q4,128,37,115,0.47455008941230226,1.2642278830685645,0.9854692199089808
拍帮主,wemedia_only,2024-01-25 19:11:00,2024-02-14 13:22:00,M->M,risk,1.0,M,19.757638888888888,2024Q1,128,37,115,0.47455008941230226,1.2642278830685645,0.9854692199089808
拍帮主,wemedia_only,2024-03-15 13:40:00,2024-03-16 13:55:00,M->M,norisk,0.0,M,1.0104166666666667,2024Q1,128,37,115,0.47455008941230226,1.2642278830685645,0.9854692199089808
拍帮主,wemedia_only,2024-04-11 22:28:00,2024-04-17 19:21:00,M->M,risk,1.0,M,5.870138888888889,2024Q2,128,37,115,0.47455008941230226,1.2642278830685645,0.9854692199089808
拍帮主,wemedia_only,2024-05-20 15:34:00,2024-06-02 09:38:00,H->M,risk,1.0,M,12.752777777777778,2024Q2,128,37,115,0.47455008941230226,1.2642278830685645,0.9854692199089808
拍帮主,wemedia_only,2024-06-19 19:03:00,2024-06-19 20:00:00,M->H,risk,1.0,H,0.03958333333333333,2024Q2,128,37,115,0.47455008941230226,1.2642278830685645,0.9854692199089808
拍帮主,wemedia_only,2024-06-19 20:00:00,2024-06-20 21:44:00,H->M,risk,1.0,M,1.0722222222222222,2024Q2,128,37,115,0.47455008941230226,1.2642278830685645,0.9854692199089808
拍帮主,wemedia_only,2024-07-08 14:48:00,2024-07-08 15:03:00,M->M,norisk,0.0,M,0.010416666666666666,2024Q3,128,37,115,0.47455008941230226,1.2642278830685645,0.9854692199089808
拍帮主,wemedia_only,2024-07-08 15:03:00,2024-07-12 10:46:00,M->M,norisk,0.0,M,3.821527777777778,2024Q3,128,37,115,0.47455008941230226,1.2642278830685645,0.9854692199089808
拍帮主,wemedia_only,2024-12-04 08:59:00,2024-12-11 23:54:00,H->H,norisk,0.0,H,7.621527777777778,2024Q4,128,37,115,0.47455008941230226,1.2642278830685645,0.9854692199089808
拍帮主,wemedia_only,2024-12-19 21:57:00,2024-12-23 08:29:00,H->M,risk,1.0,M,3.438888888888889,2024Q4,128,37,115,0.47455008941230226,1.2642278830685645,0.9854692199089808
拍帮主,wemedia_only,2025-04-07 14:34:00,2025-04-16 12:14:00,M->M,norisk,0.0,M,8.902777777777779,2025Q2,128,37,115,0.47455008941230226,1.2642278830685645,0.9854692199089808
揪鸠就酒,wemedia_only,2023-06-28 18:46:00,2023-08-21 01:02:00,M->H,risk,1.0,H,53.26111111111111,2023Q3,7,12,7,-0.2950695591760691,-0.7790091682732011,-0.7723732204402822
敷和中医LI,wemedia_only,2023-03-03 19:03:00,2023-03-19 07:36:00,M->M,risk,1.0,M,15.522916666666667,2023Q1,7,5,7,-0.510563060780813,-0.7790091682732011,-0.7723732204402822
敷和中医LI,wemedia_only,2023-03-19 07:36:00,2023-04-07 21:16:00,M->M,norisk,0.0,M,19.569444444444443,2023Q2,7,5,7,-0.510563060780813,-0.7790091682732011,-0.7723732204402822
敷和中医LI,wemedia_only,2023-04-07 21:16:00,2023-08-26 08:24:00,M->M,risk,1.0,M,140.4638888888889,2023Q3,7,5,7,-0.510563060780813,-0.7790091682732011,-0.7723732204402822
敷和中医LI,wemedia_only,2023-08-26 08:24:00,2023-09-03 07:27:00,M->M,norisk,0.0,M,7.960416666666666,2023Q3,7,5,7,-0.510563060780813,-0.7790091682732011,-0.7723732204402822
敷和中医LI,wemedia_only,2023-09-03 07:27:00,2023-09-05 08:08:00,M->M,norisk,0.0,M,2.0284722222222222,2023Q3,7,5,7,-0.510563060780813,-0.7790091682732011,-0.7723732204402822
敷和中医LI,wemedia_only,2023-09-05 08:08:00,2023-09-09 07:14:00,M->M,norisk,0.0,M,3.9625,2023Q3,7,5,7,-0.510563060780813,-0.7790091682732011,-0.7723732204402822
斑驳碎光,wemedia_only,2023-05-02 19:15:00,2023-05-02 20:45:00,H->H,risk,1.0,H,0.0625,2023Q2,3,2,2,-0.6029174186114176,-0.8736034762056902,-0.8304837143361256
斑驳碎光,wemedia_only,2023-05-02 20:45:00,2023-08-12 22:56:00,H->L,risk,1.0,L,102.09097222222222,2023Q3,3,2,2,-0.6029174186114176,-0.8736034762056902,-0.8304837143361256
断剑天涯,wemedia_only,2022-03-14 13:52:00,2022-03-14 15:09:00,M->M,norisk,0.5,M,0.05347222222222222,2022Q1,3,5,2,-0.510563060780813,-0.8736034762056902,-0.8304837143361256
断剑天涯,wemedia_only,2022-03-14 15:09:00,2022-12-01 13:58:00,M->M,norisk,0.5,M,261.9506944444444,2022Q4,3,5,2,-0.510563060780813,-0.8736034762056902,-0.8304837143361256
新叶天天长老--李日新,wemedia_only,2023-06-08 23:12:00,2023-08-20 19:13:00,M->M,norisk,0.0,M,72.83402777777778,2023Q3,4,8,4,-0.4182087029502085,-0.8357657530326946,-0.8159560908621647
新浪热点,wemedia_only,2023-02-02 13:10:00,2023-02-02 14:25:00,M->M,risk,1.0,M,0.052083333333333336,2023Q1,60,3,54,-0.5721326326678827,0.11017732629219691,-0.002409176320357098
新浪热点,wemedia_only,2023-02-02 14:25:00,2023-02-27 10:10:00,M->M,risk,1.0,M,24.822916666666668,2023Q1,60,3,54,-0.5721326326678827,0.11017732629219691,-0.002409176320357098
方脑壳邓铂鋆,dual,2022-10-14 12:25:00,2023-03-14 15:44:00,M->M,risk,1.0,M,151.13819444444445,2023Q1,92,13,82,-0.26428477323253424,0.6399054507141362,0.4624747748463901
方脑壳邓铂鋆,dual,2023-03-14 15:44:00,2023-04-30 20:17:00,M->M,norisk,0.0,M,47.18958333333333,2023Q2,92,13,82,-0.26428477323253424,0.6399054507141362,0.4624747748463901
方脑壳邓铂鋆,dual,2023-09-11 15:43:00,2023-09-12 12:01:00,M->M,norisk,0.0,M,0.8458333333333333,2023Q3,92,13,82,-0.26428477323253424,0.6399054507141362,0.4624747748463901
方脑壳邓铂鋆,dual,2024-05-19 11:42:00,2024-06-17 01:44:00,L->M,norisk,0.0,M,28.584722222222222,2024Q2,92,13,82,-0.26428477323253424,0.6399054507141362,0.4624747748463901
方脑壳邓铂鋆,dual,2024-07-11 12:53:00,2024-07-25 10:10:00,H->H,risk,1.0,H,13.886805555555556,2024Q3,92,13,82,-0.26428477323253424,0.6399054507141362,0.4624747748463901
方脑壳邓铂鋆,dual,2024-10-23 09:30:00,2024-11-10 21:16:00,H->L,risk,1.0,L,18.490277777777777,2024Q4,92,13,82,-0.26428477323253424,0.6399054507141362,0.4624747748463901
方脑壳邓铂鋆,dual,2024-12-19 21:03:00,2024-12-23 20:45:00,H->M,risk,1.0,M,3.9875,2024Q4,92,13,82,-0.26428477323253424,0.6399054507141362,0.4624747748463901
方脑壳邓铂鋆,dual,2025-03-20 15:46:00,2025-04-30 12:56:00,M->M,norisk,0.0,M,40.88194444444444,2025Q2,92,13,82,-0.26428477323253424,0.6399054507141362,0.4624747748463901
方脑壳邓铂鋆,dual,2025-05-18 21:17:00,2025-05-21 07:02:00,M->H,norisk,0.0,H,2.40625,2025Q2,92,13,82,-0.26428477323253424,0.6399054507141362,0.4624747748463901
方脑壳邓铂鋆,dual,2025-05-21 07:02:00,2025-05-21 08:30:00,H->M,norisk,0.0,M,0.06111111111111111,2025Q2,92,13,82,-0.26428477323253424,0.6399054507141362,0.4624747748463901
方脑壳邓铂鋆,dual,2025-05-21 08:30:00,2025-05-29 09:00:00,M->M,norisk,0.0,M,8.020833333333334,2025Q2,92,13,82,-0.26428477323253424,0.6399054507141362,0.4624747748463901
旅者云舒,dual,2023-06-15 18:56:00,2024-04-01 19:53:00,M->M,risk,1.0,M,291.0395833333333,2024Q2,2,3,2,-0.5721326326678827,-0.8736034762056902,-0.8450113378100864
无忧差评,wemedia_only,2022-03-30 19:24:00,2022-12-01 13:39:00,M->H,norisk,0.0,H,245.76041666666666,2022Q4,6,2,6,-0.6029174186114176,-0.7979280298596989,-0.7869008439142431
无忧差评,wemedia_only,2022-12-01 13:39:00,2022-12-29 15:00:00,H->H,risk,1.0,H,28.05625,2022Q4,6,2,6,-0.6029174186114176,-0.7979280298596989,-0.7869008439142431
无忧差评,wemedia_only,2022-12-29 15:00:00,2022-12-30 06:55:00,H->M,norisk,0.0,M,0.6631944444444444,2022Q4,6,2,6,-0.6029174186114176,-0.7979280298596989,-0.7869008439142431
无忧差评,wemedia_only,2022-12-30 06:55:00,2023-08-07 17:36:00,M->M,norisk,0.0,M,220.4451388888889,2023Q3,6,2,6,-0.6029174186114176,-0.7979280298596989,-0.7869008439142431
无忧差评,wemedia_only,2023-08-07 17:36:00,2023-09-24 21:43:00,M->H,norisk,0.0,H,48.171527777777776,2023Q3,6,2,6,-0.6029174186114176,-0.7979280298596989,-0.7869008439142431
无敌小米周妈妈,mainstream_only,2023-03-14 12:49:00,2023-09-13 22:41:00,M->M,norisk,0.0,M,183.4111111111111,2023Q3,2,2,2,-0.6029174186114176,-0.8736034762056902,-0.8450113378100864
无敌幸运小番茄,dual,2023-08-04 11:35:00,2024-10-10 08:31:00,M->M,risk,1.0,M,432.8722222222222,2024Q4,2,4,2,-0.5413478467243479,-0.8736034762056902,-0.8450113378100864
时光2024fhdfjjk,dual,2020-03-18 20:07:00,2022-03-14 18:24:00,M->M,norisk,0.0,M,725.9284722222222,2022Q1,2,9,2,-0.38742391700667367,-0.8736034762056902,-0.8450113378100864
时光2025年,mainstream_only,2023-11-10 13:24:00,2024-05-18 20:59:00,M->M,risk,1.0,M,190.31597222222223,2024Q2,2,2,2,-0.6029174186114176,-0.8736034762056902,-0.8450113378100864
时光之心惟精一,mainstream_only,2023-08-03 18:36:00,2023-09-10 11:03:00,M->M,risk,1.0,M,37.68541666666667,2023Q3,6,5,6,-0.510563060780813,-0.7979280298596989,-0.7869008439142431
时光之心惟精一,mainstream_only,2023-09-10 11:03:00,2023-09-24 14:34:00,M->M,norisk,0.0,M,14.146527777777777,2023Q3,6,5,6,-0.510563060780813,-0.7979280298596989,-0.7869008439142431
时光之心惟精一,mainstream_only,2023-09-24 14:34:00,2023-12-07 12:18:00,M->M,risk,1.0,M,73.90555555555555,2023Q4,6,5,6,-0.510563060780813,-0.7979280298596989,-0.7869008439142431
时光之心惟精一,mainstream_only,2023-12-07 12:18:00,2023-12-29 14:26:00,M->M,norisk,0.0,M,22.08888888888889,2023Q4,6,5,6,-0.510563060780813,-0.7979280298596989,-0.7869008439142431
昆明市西山区发布,mainstream_only,2023-02-26 09:53:00,2023-02-28 09:23:00,M->M,norisk,0.0,M,1.9791666666666667,2023Q1,11,3,9,-0.5721326326678827,-0.7411714451002055,-0.7142627265444388
昆明市西山区发布,mainstream_only,2023-03-01 17:03:00,2023-03-06 13:52:00,M->M,norisk,0.0,M,4.867361111111111,2023Q1,11,3,9,-0.5721326326678827,-0.7411714451002055,-0.7142627265444388
昆明市西山区发布,mainstream_only,2023-03-06 13:52:00,2023-03-14 09:22:00,M->M,norisk,0.0,M,7.8125,2023Q1,11,3,9,-0.5721326326678827,-0.7411714451002055,-0.7142627265444388
明天的明1230,wemedia_only,2023-10-29 17:55:00,2023-12-09 01:46:00,M->H,risk,1.0,H,40.327083333333334,2023Q4,5,12,5,-0.2950695591760691,-0.8168468914461967,-0.8014284673882038
星弧权益,dual,2022-12-01 23:25:00,2022-12-15 23:41:00,M->M,norisk,0.0,M,14.011111111111111,2022Q4,6,8,6,-0.4182087029502085,-0.7979280298596989,-0.7869008439142431
星弧权益,dual,2022-12-15 23:41:00,2023-02-09 23:01:00,M->M,norisk,0.0,M,55.97222222222222,2023Q1,6,8,6,-0.4182087029502085,-0.7979280298596989,-0.7869008439142431
星弧权益,dual,2023-02-09 23:01:00,2023-05-09 23:36:00,M->M,norisk,0.0,M,89.02430555555556,2023Q2,6,8,6,-0.4182087029502085,-0.7979280298596989,-0.7869008439142431
星弧权益,dual,2023-05-09 23:36:00,2023-05-28 16:05:00,M->M,risk,1.0,M,18.686805555555555,2023Q2,6,8,6,-0.4182087029502085,-0.7979280298596989,-0.7869008439142431
星弧权益,dual,2023-05-28 16:05:00,2025-02-09 23:06:00,M->M,norisk,0.0,M,623.2923611111111,2025Q1,6,8,6,-0.4182087029502085,-0.7979280298596989,-0.7869008439142431
星星leo_,wemedia_only,2023-07-10 23:32:00,2023-07-22 21:45:00,M->H,norisk,0.0,H,11.925694444444444,2023Q3,15,12,14,-0.2950695591760691,-0.6465771371677163,-0.6561522326485953
星期六的咪咪眼,mainstream_only,2023-08-27 19:10:00,2023-09-09 19:24:00,M->M,norisk,0.0,M,13.009722222222223,2023Q3,3,3,3,-0.5721326326678827,-0.8546846146191924,-0.8304837143361256
星球表面22,wemedia_only,2023-02-06 11:47:00,2023-06-02 21:08:00,H->L,risk,1.0,L,116.38958333333333,2023Q2,2,1,2,-0.6337022045549524,-0.8736034762056902,-0.8450113378100864
是啊为什么呢现在我也在当neet呢,wemedia_only,2023-05-02 18:39:00,2023-12-14 23:27:00,H->M,risk,1.0,M,226.2,2023Q4,2,2,2,-0.6029174186114176,-0.8736034762056902,-0.8450113378100864
是安沐呀,wemedia_only,2022-12-27 14:36:00,2022-12-29 09:12:00,L->H,risk,1.0,H,1.775,2022Q4,2,5,2,-0.510563060780813,-0.8736034762056902,-0.8450113378100864
普洱市思茅区法院,mainstream_only,2023-05-28 10:47:00,2023-05-31 08:03:00,M->M,norisk,0.0,M,2.886111111111111,2023Q2,2,1,2,-0.6337022045549524,-0.8736034762056902,-0.8450113378100864
普洱政法,mainstream_only,2022-05-26 07:49:15,2022-12-11 12:51:53,M->M,norisk,0.0,M,199.21016203703704,2022Q4,8,3,8,-0.5721326326678827,-0.7600903066867033,-0.7578455969663214
普洱政法,mainstream_only,2022-12-11 12:51:53,2022-12-15 20:40:28,M->M,norisk,0.0,M,4.325405092592592,2022Q4,8,3,8,-0.5721326326678827,-0.7600903066867033,-0.7578455969663214
普洱政法,mainstream_only,2022-12-15 20:40:28,2022-12-18 17:08:54,M->M,norisk,0.0,M,2.8530787037037038,2022Q4,8,3,8,-0.5721326326678827,-0.7600903066867033,-0.7578455969663214
普洱政法,mainstream_only,2022-12-18 17:08:54,2022-12-25 15:50:14,M->M,norisk,0.5,M,6.94537037037037,2022Q4,8,3,8,-0.5721326326678827,-0.7600903066867033,-0.7578455969663214
有瓜瓜,wemedia_only,2022-03-14 14:15:00,2022-03-14 14:48:00,M->M,risk,1.0,M,0.022916666666666665,2022Q1,2,3,1,-0.5721326326678827,-0.892522337792188,-0.8450113378100864
有趣的医学冷知识,mainstream_only,2023-09-16 20:29:00,2023-09-30 19:17:00,M->M,norisk,0.0,M,13.95,2023Q3,3,1,3,-0.6337022045549524,-0.8546846146191924,-0.8304837143361256
朔州政法,mainstream_only,2020-03-18 21:34:00,2023-05-29 17:09:00,M->M,norisk,0.0,M,1166.8159722222222,2023Q2,2,2,2,-0.6029174186114176,-0.8736034762056902,-0.8450113378100864
望谟检察,mainstream_only,2021-03-23 09:26:00,2023-11-30 14:47:00,H->M,norisk,0.0,M,982.2229166666667,2023Q4,2,1,2,-0.6337022045549524,-0.8736034762056902,-0.8450113378100864
木白弓虽,wemedia_only,2023-02-05 21:56:00,2023-02-08 06:36:00,M->M,norisk,0.0,M,2.361111111111111,2023Q1,28,9,15,-0.38742391700667367,-0.6276582755812184,-0.46729312748710433
木白弓虽,wemedia_only,2023-02-08 06:36:00,2023-04-02 12:35:00,M->M,norisk,0.0,M,53.24930555555556,2023Q2,28,9,15,-0.38742391700667367,-0.6276582755812184,-0.46729312748710433
木白弓虽,wemedia_only,2023-04-02 12:35:00,2023-05-01 12:50:00,M->H,risk,1.0,H,29.010416666666668,2023Q2,28,9,15,-0.38742391700667367,-0.6276582755812184,-0.46729312748710433
木白弓虽,wemedia_only,2023-05-01 12:50:00,2023-05-23 10:26:00,H->M,risk,1.0,M,21.9,2023Q2,28,9,15,-0.38742391700667367,-0.6276582755812184,-0.46729312748710433
木白弓虽,wemedia_only,2023-05-23 10:26:00,2023-05-29 02:02:00,M->M,risk,1.0,M,5.65,2023Q2,28,9,15,-0.38742391700667367,-0.6276582755812184,-0.46729312748710433
木白弓虽,wemedia_only,2023-05-29 02:02:00,2023-05-29 02:04:00,M->M,norisk,0.0,M,0.001388888888888889,2023Q2,28,9,15,-0.38742391700667367,-0.6276582755812184,-0.46729312748710433
木白弓虽,wemedia_only,2023-05-29 02:04:00,2023-05-29 02:05:00,M->M,norisk,0.0,M,0.0006944444444444445,2023Q2,28,9,15,-0.38742391700667367,-0.6276582755812184,-0.46729312748710433
木白弓虽,wemedia_only,2023-05-29 02:05:00,2023-05-29 02:05:00,M->M,norisk,0.0,M,0.0,2023Q2,28,9,15,-0.38742391700667367,-0.6276582755812184,-0.46729312748710433
木白弓虽,wemedia_only,2023-05-29 02:05:00,2023-05-29 02:06:00,M->M,norisk,0.0,M,0.0006944444444444445,2023Q2,28,9,15,-0.38742391700667367,-0.6276582755812184,-0.46729312748710433
木白弓虽,wemedia_only,2023-05-29 02:06:00,2023-05-29 02:08:00,M->M,norisk,0.0,M,0.001388888888888889,2023Q2,28,9,15,-0.38742391700667367,-0.6276582755812184,-0.46729312748710433
木白弓虽,wemedia_only,2023-05-29 02:08:00,2023-05-29 02:08:00,M->M,norisk,0.0,M,0.0,2023Q2,28,9,15,-0.38742391700667367,-0.6276582755812184,-0.46729312748710433
木白弓虽,wemedia_only,2023-05-29 02:08:00,2023-05-29 02:09:00,M->M,norisk,0.0,M,0.0006944444444444445,2023Q2,28,9,15,-0.38742391700667367,-0.6276582755812184,-0.46729312748710433
木白弓虽,wemedia_only,2023-05-29 02:09:00,2023-05-29 02:10:00,M->M,norisk,0.0,M,0.0006944444444444445,2023Q2,28,9,15,-0.38742391700667367,-0.6276582755812184,-0.46729312748710433
木白弓虽,wemedia_only,2023-05-29 02:10:00,2023-05-29 02:12:00,M->M,norisk,0.0,M,0.001388888888888889,2023Q2,28,9,15,-0.38742391700667367,-0.6276582755812184,-0.46729312748710433
木白弓虽,wemedia_only,2023-05-29 02:12:00,2023-05-29 02:12:00,M->M,norisk,0.0,M,0.0,2023Q2,28,9,15,-0.38742391700667367,-0.6276582755812184,-0.46729312748710433
木白弓虽,wemedia_only,2023-05-29 02:12:00,2023-05-29 02:13:00,M->M,norisk,0.0,M,0.0006944444444444445,2023Q2,28,9,15,-0.38742391700667367,-0.6276582755812184,-0.46729312748710433
木白弓虽,wemedia_only,2023-05-29 02:13:00,2023-05-29 02:14:00,M->M,norisk,0.0,M,0.0006944444444444445,2023Q2,28,9,15,-0.38742391700667367,-0.6276582755812184,-0.46729312748710433
木白弓虽,wemedia_only,2023-05-29 02:14:00,2023-06-05 21:48:00,M->M,norisk,0.0,M,7.815277777777778,2023Q2,28,9,15,-0.38742391700667367,-0.6276582755812184,-0.46729312748710433
木白弓虽,wemedia_only,2023-06-05 21:48:00,2023-06-08 20:37:00,M->M,norisk,0.0,M,2.9506944444444443,2023Q2,28,9,15,-0.38742391700667367,-0.6276582755812184,-0.46729312748710433
木白弓虽,wemedia_only,2023-06-08 20:37:00,2023-06-23 07:16:00,M->M,norisk,0.0,M,14.44375,2023Q2,28,9,15,-0.38742391700667367,-0.6276582755812184,-0.46729312748710433
木白弓虽,wemedia_only,2023-06-23 07:16:00,2023-06-30 08:27:00,M->M,risk,1.0,M,7.049305555555556,2023Q2,28,9,15,-0.38742391700667367,-0.6276582755812184,-0.46729312748710433
木白弓虽,wemedia_only,2023-06-30 08:27:00,2023-07-03 14:41:00,M->M,risk,1.0,M,3.2597222222222224,2023Q3,28,9,15,-0.38742391700667367,-0.6276582755812184,-0.46729312748710433
木白弓虽,wemedia_only,2023-07-03 14:41:00,2023-07-03 15:19:00,M->M,norisk,0.5,M,0.02638888888888889,2023Q3,28,9,15,-0.38742391700667367,-0.6276582755812184,-0.46729312748710433
木白弓虽,wemedia_only,2023-07-03 15:19:00,2023-07-20 15:42:00,M->M,norisk,0.5,M,17.01597222222222,2023Q3,28,9,15,-0.38742391700667367,-0.6276582755812184,-0.46729312748710433
木白弓虽,wemedia_only,2023-07-20 15:42:00,2023-08-11 17:49:00,M->M,risk,1.0,M,22.088194444444444,2023Q3,28,9,15,-0.38742391700667367,-0.6276582755812184,-0.46729312748710433
木白弓虽,wemedia_only,2023-08-11 17:49:00,2023-10-17 23:06:00,M->M,norisk,0.0,M,67.22013888888888,2023Q4,28,9,15,-0.38742391700667367,-0.6276582755812184,-0.46729312748710433
木白弓虽,wemedia_only,2023-10-17 23:06:00,2024-12-10 00:36:00,M->M,norisk,0.0,M,419.0625,2024Q4,28,9,15,-0.38742391700667367,-0.6276582755812184,-0.46729312748710433
未眠_13,wemedia_only,2022-03-14 12:38:00,2022-03-14 12:39:00,L->L,risk,1.0,L,0.0006944444444444445,2022Q1,2,4,1,-0.5413478467243479,-0.892522337792188,-0.8450113378100864
朱理明-中医肿瘤君,dual,2023-05-21 10:52:00,2023-07-19 21:01:00,M->M,norisk,0.0,M,59.422916666666666,2023Q3,5,2,5,-0.6029174186114176,-0.8168468914461967,-0.8014284673882038
朱理明-中医肿瘤君,dual,2023-07-19 21:01:00,2023-11-11 20:34:00,M->M,risk,1.0,M,114.98125,2023Q4,5,2,5,-0.6029174186114176,-0.8168468914461967,-0.8014284673882038
机吉斯卡,wemedia_only,2024-01-04 16:12:00,2024-07-25 15:16:00,M->M,risk,1.0,M,202.9611111111111,2024Q3,6,5,6,-0.510563060780813,-0.7979280298596989,-0.7869008439142431
杉何可见,wemedia_only,2020-03-18 20:18:00,2020-03-18 20:22:00,L->L,risk,1.0,L,0.002777777777777778,2020Q1,2,2,1,-0.6029174186114176,-0.892522337792188,-0.8450113378100864
李贵明-医生,wemedia_only,2023-01-18 20:47:00,2023-02-05 09:01:00,M->M,norisk,0.0,M,17.509722222222223,2023Q1,8,3,8,-0.5721326326678827,-0.7600903066867033,-0.7578455969663214
李贵明-医生,wemedia_only,2023-02-05 09:01:00,2023-02-11 19:14:00,M->M,risk,1.0,M,6.425694444444445,2023Q1,8,3,8,-0.5721326326678827,-0.7600903066867033,-0.7578455969663214
李贵明-医生,wemedia_only,2023-02-11 19:14:00,2023-05-24 14:24:00,M->H,norisk,0.0,H,101.79861111111111,2023Q2,8,3,8,-0.5721326326678827,-0.7600903066867033,-0.7578455969663214
李贵明-医生,wemedia_only,2023-05-24 14:24:00,2023-05-26 09:29:00,H->M,risk,1.0,M,1.7951388888888888,2023Q2,8,3,8,-0.5721326326678827,-0.7600903066867033,-0.7578455969663214
李贵明-医生,wemedia_only,2023-05-26 09:29:00,2023-07-04 14:29:00,M->M,risk,1.0,M,39.208333333333336,2023Q3,8,3,8,-0.5721326326678827,-0.7600903066867033,-0.7578455969663214
李贵明-医生,wemedia_only,2023-07-04 14:29:00,2023-08-18 08:30:00,M->M,norisk,0.0,M,44.75069444444444,2023Q3,8,3,8,-0.5721326326678827,-0.7600903066867033,-0.7578455969663214
李贵明-医生,wemedia_only,2023-08-18 08:30:00,2023-12-20 13:48:00,M->M,norisk,0.0,M,124.22083333333333,2023Q4,8,3,8,-0.5721326326678827,-0.7600903066867033,-0.7578455969663214
来碗饸络面,dual,2023-07-22 08:28:00,2023-08-03 08:55:00,M->M,risk,1.0,M,12.01875,2023Q3,9,8,9,-0.4182087029502085,-0.7411714451002055,-0.7433179734923605
来碗饸络面,dual,2023-08-03 08:55:00,2023-08-08 17:25:00,M->M,risk,1.0,M,5.354166666666667,2023Q3,9,8,9,-0.4182087029502085,-0.7411714451002055,-0.7433179734923605
来碗饸络面,dual,2023-08-08 17:25:00,2023-09-10 13:44:00,M->M,norisk,0.5,M,32.84652777777778,2023Q3,9,8,9,-0.4182087029502085,-0.7411714451002055,-0.7433179734923605
来碗饸络面,dual,2023-09-10 13:44:00,2023-09-19 13:10:00,M->M,norisk,0.0,M,8.97638888888889,2023Q3,9,8,9,-0.4182087029502085,-0.7411714451002055,-0.7433179734923605
来碗饸络面,dual,2023-09-19 13:10:00,2023-09-23 01:03:00,M->M,risk,1.0,M,3.495138888888889,2023Q3,9,8,9,-0.4182087029502085,-0.7411714451002055,-0.7433179734923605
来碗饸络面,dual,2023-12-06 23:04:00,2023-12-31 08:25:00,M->M,norisk,0.0,M,24.389583333333334,2023Q4,9,8,9,-0.4182087029502085,-0.7411714451002055,-0.7433179734923605
来碗饸络面,dual,2023-12-31 08:25:00,2024-01-16 06:56:00,M->M,norisk,0.0,M,15.938194444444445,2024Q1,9,8,9,-0.4182087029502085,-0.7411714451002055,-0.7433179734923605
杨晓峰医生,wemedia_only,2022-12-29 20:25:00,2023-01-02 00:05:00,M->M,risk,1.0,M,3.1527777777777777,2023Q1,53,2,45,-0.6029174186114176,-0.060092427986283566,-0.10410254063808305
杨晓峰医生,wemedia_only,2023-01-02 00:05:00,2023-01-02 00:20:00,M->M,norisk,0.0,M,0.010416666666666666,2023Q1,53,2,45,-0.6029174186114176,-0.060092427986283566,-0.10410254063808305
杨晓峰医生,wemedia_only,2023-01-02 00:20:00,2023-01-09 22:07:00,M->M,norisk,0.0,M,7.907638888888889,2023Q1,53,2,45,-0.6029174186114176,-0.060092427986283566,-0.10410254063808305
杨晓峰医生,wemedia_only,2023-01-09 22:07:00,2023-01-09 22:37:00,M->M,risk,1.0,M,0.020833333333333332,2023Q1,53,2,45,-0.6029174186114176,-0.060092427986283566,-0.10410254063808305
杨晓峰医生,wemedia_only,2023-01-09 22:37:00,2023-01-11 00:05:00,M->M,risk,1.0,M,1.0611111111111111,2023Q1,53,2,45,-0.6029174186114176,-0.060092427986283566,-0.10410254063808305
杨晓峰医生,wemedia_only,2023-01-11 00:05:00,2023-01-11 00:24:00,M->M,norisk,0.5,M,0.013194444444444444,2023Q1,53,2,45,-0.6029174186114176,-0.060092427986283566,-0.10410254063808305
杨晓峰医生,wemedia_only,2023-01-11 00:24:00,2023-01-12 16:52:00,M->M,norisk,0.5,M,1.6861111111111111,2023Q1,53,2,45,-0.6029174186114176,-0.060092427986283566,-0.10410254063808305
杨晓峰医生,wemedia_only,2023-01-12 16:52:00,2023-01-13 23:23:00,M->M,risk,1.0,M,1.2715277777777778,2023Q1,53,2,45,-0.6029174186114176,-0.060092427986283566,-0.10410254063808305
杨晓峰医生,wemedia_only,2023-01-13 23:23:00,2023-01-14 22:30:00,M->M,norisk,0.0,M,0.9631944444444445,2023Q1,53,2,45,-0.6029174186114176,-0.060092427986283566,-0.10410254063808305
杨晓峰医生,wemedia_only,2023-01-14 22:30:00,2023-01-15 21:46:00,M->M,norisk,0.0,M,0.9694444444444444,2023Q1,53,2,45,-0.6029174186114176,-0.060092427986283566,-0.10410254063808305
杨晓峰医生,wemedia_only,2023-01-15 21:46:00,2023-01-16 23:51:00,M->M,norisk,0.0,M,1.0868055555555556,2023Q1,53,2,45,-0.6029174186114176,-0.060092427986283566,-0.10410254063808305
杨晓峰医生,wemedia_only,2023-01-16 23:51:00,2023-01-20 21:16:00,M->M,norisk,0.0,M,3.892361111111111,2023Q1,53,2,45,-0.6029174186114176,-0.060092427986283566,-0.10410254063808305
杨晓峰医生,wemedia_only,2023-01-20 21:16:00,2023-01-20 21:26:00,M->M,norisk,0.5,M,0.006944444444444444,2023Q1,53,2,45,-0.6029174186114176,-0.060092427986283566,-0.10410254063808305
杨晓峰医生,wemedia_only,2023-01-20 21:26:00,2023-01-21 15:14:00,M->M,norisk,0.5,M,0.7416666666666667,2023Q1,53,2,45,-0.6029174186114176,-0.060092427986283566,-0.10410254063808305
杨晓峰医生,wemedia_only,2023-01-21 15:14:00,2023-01-28 23:47:00,M->M,norisk,0.0,M,7.35625,2023Q1,53,2,45,-0.6029174186114176,-0.060092427986283566,-0.10410254063808305
杨晓峰医生,wemedia_only,2023-01-28 23:47:00,2023-01-29 21:38:00,M->M,risk,1.0,M,0.9104166666666667,2023Q1,53,2,45,-0.6029174186114176,-0.060092427986283566,-0.10410254063808305
杨晓峰医生,wemedia_only,2023-01-29 21:38:00,2023-02-03 17:06:00,M->L,risk,1.0,L,4.811111111111111,2023Q1,53,2,45,-0.6029174186114176,-0.060092427986283566,-0.10410254063808305
杨晓峰医生,wemedia_only,2023-02-03 17:06:00,2023-02-18 12:02:00,L->M,norisk,0.0,M,14.78888888888889,2023Q1,53,2,45,-0.6029174186114176,-0.060092427986283566,-0.10410254063808305
杨晓峰医生,wemedia_only,2023-02-18 12:02:00,2023-03-03 14:47:00,M->M,norisk,0.0,M,13.114583333333334,2023Q1,53,2,45,-0.6029174186114176,-0.060092427986283566,-0.10410254063808305
杨晓峰医生,wemedia_only,2023-03-03 14:47:00,2023-03-03 16:01:00,M->M,norisk,0.5,M,0.05138888888888889,2023Q1,53,2,45,-0.6029174186114176,-0.060092427986283566,-0.10410254063808305
杨晓峰医生,wemedia_only,2023-03-03 16:01:00,2023-03-05 21:36:00,M->M,norisk,0.5,M,2.232638888888889,2023Q1,53,2,45,-0.6029174186114176,-0.060092427986283566,-0.10410254063808305
杨晓峰医生,wemedia_only,2023-03-05 21:36:00,2023-03-05 21:44:00,M->M,norisk,0.0,M,0.005555555555555556,2023Q1,53,2,45,-0.6029174186114176,-0.060092427986283566,-0.10410254063808305
杨晓峰医生,wemedia_only,2023-03-05 21:44:00,2023-03-07 14:17:00,M->M,norisk,0.0,M,1.6895833333333334,2023Q1,53,2,45,-0.6029174186114176,-0.060092427986283566,-0.10410254063808305
杨晓峰医生,wemedia_only,2023-03-07 14:17:00,2023-03-07 18:09:00,M->H,norisk,0.5,H,0.16111111111111112,2023Q1,53,2,45,-0.6029174186114176,-0.060092427986283566,-0.10410254063808305
杨晓峰医生,wemedia_only,2023-03-07 18:09:00,2023-03-20 19:59:00,H->M,norisk,0.5,M,13.07638888888889,2023Q1,53,2,45,-0.6029174186114176,-0.060092427986283566,-0.10410254063808305
杨晓峰医生,wemedia_only,2023-03-20 19:59:00,2023-03-22 16:56:00,M->M,risk,1.0,M,1.8729166666666666,2023Q1,53,2,45,-0.6029174186114176,-0.060092427986283566,-0.10410254063808305
杨晓峰医生,wemedia_only,2023-03-22 16:56:00,2023-03-26 22:30:00,M->M,norisk,0.0,M,4.231944444444444,2023Q1,53,2,45,-0.6029174186114176,-0.060092427986283566,-0.10410254063808305
杨晓峰医生,wemedia_only,2023-03-26 22:30:00,2023-03-29 20:41:00,M->M,risk,1.0,M,2.9243055555555557,2023Q1,53,2,45,-0.6029174186114176,-0.060092427986283566,-0.10410254063808305
杨晓峰医生,wemedia_only,2023-03-29 20:41:00,2023-03-30 19:47:00,M->M,risk,1.0,M,0.9625,2023Q1,53,2,45,-0.6029174186114176,-0.060092427986283566,-0.10410254063808305
杨晓峰医生,wemedia_only,2023-03-30 19:47:00,2023-04-06 11:17:00,M->M,risk,1.0,M,6.645833333333333,2023Q2,53,2,45,-0.6029174186114176,-0.060092427986283566,-0.10410254063808305
杨晓峰医生,wemedia_only,2023-04-06 11:17:00,2023-04-18 14:06:00,M->M,risk,1.0,M,12.11736111111111,2023Q2,53,2,45,-0.6029174186114176,-0.060092427986283566,-0.10410254063808305
杨晓峰医生,wemedia_only,2023-04-18 14:06:00,2023-05-05 15:48:00,M->M,risk,1.0,M,17.070833333333333,2023Q2,53,2,45,-0.6029174186114176,-0.060092427986283566,-0.10410254063808305
杨晓峰医生,wemedia_only,2023-05-05 15:48:00,2023-05-25 15:36:00,M->H,norisk,0.0,H,19.991666666666667,2023Q2,53,2,45,-0.6029174186114176,-0.060092427986283566,-0.10410254063808305
杨晓峰医生,wemedia_only,2023-05-25 15:36:00,2023-06-02 17:55:00,H->M,risk,1.0,M,8.096527777777778,2023Q2,53,2,45,-0.6029174186114176,-0.060092427986283566,-0.10410254063808305
杨晓峰医生,wemedia_only,2023-06-02 17:55:00,2023-06-19 14:16:00,M->M,risk,1.0,M,16.847916666666666,2023Q2,53,2,45,-0.6029174186114176,-0.060092427986283566,-0.10410254063808305
杨晓峰医生,wemedia_only,2023-06-19 14:16:00,2023-07-06 22:27:00,M->H,norisk,0.0,H,17.340972222222224,2023Q3,53,2,45,-0.6029174186114176,-0.060092427986283566,-0.10410254063808305
杨晓峰医生,wemedia_only,2023-07-06 22:27:00,2023-07-12 22:27:00,H->M,risk,1.0,M,6.0,2023Q3,53,2,45,-0.6029174186114176,-0.060092427986283566,-0.10410254063808305
杨晓峰医生,wemedia_only,2023-07-12 22:27:00,2023-07-12 22:35:00,M->M,risk,1.0,M,0.005555555555555556,2023Q3,53,2,45,-0.6029174186114176,-0.060092427986283566,-0.10410254063808305
杨晓峰医生,wemedia_only,2023-07-12 22:35:00,2023-07-19 18:53:00,M->M,risk,1.0,M,6.845833333333333,2023Q3,53,2,45,-0.6029174186114176,-0.060092427986283566,-0.10410254063808305
杨晓峰医生,wemedia_only,2023-07-19 18:53:00,2023-07-22 19:05:00,M->L,norisk,0.0,L,3.0083333333333333,2023Q3,53,2,45,-0.6029174186114176,-0.060092427986283566,-0.10410254063808305
杨晓峰医生,wemedia_only,2023-07-22 19:05:00,2023-08-10 20:45:00,L->M,risk,1.0,M,19.069444444444443,2023Q3,53,2,45,-0.6029174186114176,-0.060092427986283566,-0.10410254063808305
杨晓峰医生,wemedia_only,2023-08-10 20:45:00,2023-08-11 20:10:00,M->M,risk,1.0,M,0.9756944444444444,2023Q3,53,2,45,-0.6029174186114176,-0.060092427986283566,-0.10410254063808305
杨晓峰医生,wemedia_only,2023-08-11 20:10:00,2023-08-12 21:22:00,M->M,risk,1.0,M,1.05,2023Q3,53,2,45,-0.6029174186114176,-0.060092427986283566,-0.10410254063808305
杨晓峰医生,wemedia_only,2023-08-12 21:22:00,2023-08-15 15:32:00,M->M,norisk,0.0,M,2.7569444444444446,2023Q3,53,2,45,-0.6029174186114176,-0.060092427986283566,-0.10410254063808305
杨晓峰医生,wemedia_only,2023-08-15 15:32:00,2023-08-17 14:55:00,M->M,risk,1.0,M,1.9743055555555555,2023Q3,53,2,45,-0.6029174186114176,-0.060092427986283566,-0.10410254063808305
杨晓峰医生,wemedia_only,2023-08-17 14:55:00,2023-08-19 14:23:00,M->M,norisk,0.0,M,1.9777777777777779,2023Q3,53,2,45,-0.6029174186114176,-0.060092427986283566,-0.10410254063808305
杨晓峰医生,wemedia_only,2023-08-19 14:23:00,2023-09-18 15:16:00,M->M,risk,1.0,M,30.036805555555556,2023Q3,53,2,45,-0.6029174186114176,-0.060092427986283566,-0.10410254063808305
杨晓峰医生,wemedia_only,2023-09-18 15:16:00,2023-09-20 13:36:00,M->M,norisk,0.0,M,1.9305555555555556,2023Q3,53,2,45,-0.6029174186114176,-0.060092427986283566,-0.10410254063808305
杨晓峰医生,wemedia_only,2023-09-20 13:36:00,2023-09-22 22:06:00,M->M,risk,1.0,M,2.3541666666666665,2023Q3,53,2,45,-0.6029174186114176,-0.060092427986283566,-0.10410254063808305
杨晓峰医生,wemedia_only,2023-09-22 22:06:00,2023-09-29 22:56:00,M->L,risk,1.0,L,7.034722222222222,2023Q3,53,2,45,-0.6029174186114176,-0.060092427986283566,-0.10410254063808305
杨晓峰医生,wemedia_only,2023-09-29 22:56:00,2023-10-07 20:26:00,L->H,risk,1.0,H,7.895833333333333,2023Q4,53,2,45,-0.6029174186114176,-0.060092427986283566,-0.10410254063808305
杨晓峰医生,wemedia_only,2023-10-07 20:26:00,2023-12-10 21:21:00,H->M,risk,1.0,M,64.03819444444444,2023Q4,53,2,45,-0.6029174186114176,-0.060092427986283566,-0.10410254063808305
杨柳齐齐,dual,2023-06-15 14:21:00,2024-10-17 15:12:00,M->H,risk,1.0,H,490.03541666666666,2024Q4,2,5,2,-0.510563060780813,-0.8736034762056902,-0.8450113378100864
林晓海瑜伽行者,wemedia_only,2023-05-22 23:50:00,2023-05-27 17:53:00,M->M,norisk,0.0,M,4.752083333333333,2023Q2,3,1,3,-0.6337022045549524,-0.8546846146191924,-0.8304837143361256
林晓海瑜伽行者,wemedia_only,2023-05-27 17:53:00,2023-05-31 19:54:00,M->M,risk,1.0,M,4.084027777777778,2023Q2,3,1,3,-0.6337022045549524,-0.8546846146191924,-0.8304837143361256
林步里,wemedia_only,2024-08-15 08:49:00,2024-08-15 22:53:00,M->M,norisk,0.0,M,0.5861111111111111,2024Q3,330,21,236,-0.018006485684255412,3.553410135034802,3.920049161649073
林步里,wemedia_only,2024-08-15 22:53:00,2024-08-18 14:30:00,M->H,norisk,0.0,H,2.6506944444444445,2024Q3,330,21,236,-0.018006485684255412,3.553410135034802,3.920049161649073
林步里,wemedia_only,2024-09-07 09:05:00,2024-09-08 12:45:00,M->L,norisk,0.0,L,1.1527777777777777,2024Q3,330,21,236,-0.018006485684255412,3.553410135034802,3.920049161649073
林盈同学,wemedia_only,2022-10-14 09:10:00,2024-08-12 15:29:00,M->M,risk,1.0,M,668.2631944444445,2024Q3,2,7,2,-0.44899348889374335,-0.8736034762056902,-0.8450113378100864
枫翎科技,mainstream_only,2021-11-25 10:34:00,2024-08-29 16:44:00,M->M,risk,1.0,M,1008.2569444444445,2024Q3,2,3,2,-0.5721326326678827,-0.8736034762056902,-0.8450113378100864
柠檬露清香,mainstream_only,2024-12-28 23:59:00,2024-12-29 00:00:00,M->M,risk,1.0,M,0.0006944444444444445,2024Q4,3,3,3,-0.5721326326678827,-0.8546846146191924,-0.8304837143361256
核聚变ju,dual,2023-02-05 20:05:00,2023-02-19 09:59:00,M->H,risk,1.0,H,13.579166666666667,2023Q1,27,24,26,0.07434787214634915,-0.41955079812974233,-0.4818207509610652
核聚变ju,dual,2024-03-15 01:05:00,2024-05-01 08:26:00,H->M,risk,1.0,M,47.30625,2024Q2,27,24,26,0.07434787214634915,-0.41955079812974233,-0.4818207509610652
根深叶茂_和光同尘,wemedia_only,2022-04-04 17:02:00,2023-03-31 10:45:00,M->M,risk,1.0,M,360.73819444444445,2023Q1,2,3,2,-0.5721326326678827,-0.8736034762056902,-0.8450113378100864
梦宅1942,wemedia_only,2023-12-21 11:52:00,2023-12-24 18:19:00,M->M,norisk,0.0,M,3.26875,2023Q4,2,2,2,-0.6029174186114176,-0.8736034762056902,-0.8450113378100864
棒棒糖想拥有徐一宁签名照,wemedia_only,2020-03-18 19:44:00,2020-03-18 19:45:00,M->M,risk,1.0,M,0.0006944444444444445,2020Q1,2,2,1,-0.6029174186114176,-0.892522337792188,-0.8450113378100864
楚复生,wemedia_only,2022-11-04 13:23:00,2022-11-15 23:17:00,M->M,norisk,0.0,M,11.4125,2022Q4,3,4,3,-0.5413478467243479,-0.8546846146191924,-0.8304837143361256
楚复生,wemedia_only,2022-11-15 23:17:00,2022-12-07 10:20:00,M->M,norisk,0.0,M,21.460416666666667,2022Q4,3,4,3,-0.5413478467243479,-0.8546846146191924,-0.8304837143361256
楼市政国策,wemedia_only,2022-12-02 13:55:00,2023-03-30 08:04:00,L->M,norisk,0.0,M,117.75625,2023Q1,2,2,2,-0.6029174186114176,-0.8736034762056902,-0.8450113378100864
橙子里有个咕噜噜,wemedia_only,2020-03-18 20:36:00,2020-03-18 20:46:00,L->M,norisk,0.25,M,0.006944444444444444,2020Q1,4,2,1,-0.6029174186114176,-0.892522337792188,-0.8159560908621647
橙子里有个咕噜噜,wemedia_only,2020-03-18 20:46:00,2020-03-18 20:52:00,M->M,norisk,0.25,M,0.004166666666666667,2020Q1,4,2,1,-0.6029174186114176,-0.892522337792188,-0.8159560908621647
橙子里有个咕噜噜,wemedia_only,2020-03-18 20:52:00,2020-03-18 20:55:00,M->M,norisk,0.25,M,0.0020833333333333333,2020Q1,4,2,1,-0.6029174186114176,-0.892522337792188,-0.8159560908621647
死肥宅学长,wemedia_only,2022-12-01 15:04:00,2022-12-01 15:21:00,M->M,norisk,0.0,M,0.011805555555555555,2022Q4,2,1,1,-0.6337022045549524,-0.892522337792188,-0.8450113378100864
毯子-SerieA,wemedia_only,2023-04-02 13:32:00,2024-09-16 21:46:00,H->M,risk,1.0,M,533.3430555555556,2024Q3,2,5,2,-0.510563060780813,-0.8736034762056902,-0.8450113378100864
水丽净水器,mainstream_only,2021-11-25 09:54:00,2022-12-01 11:52:00,M->M,risk,1.0,M,371.08194444444445,2022Q4,2,6,2,-0.4797782748372782,-0.8736034762056902,-0.8450113378100864
水獭一般编-阿怡,wemedia_only,2024-10-06 18:25:00,2024-11-04 14:37:00,M->M,norisk,0.0,M,28.841666666666665,2024Q4,3,1,3,-0.6337022045549524,-0.8546846146191924,-0.8304837143361256
永州发布,mainstream_only,2022-01-12 10:51:33,2022-03-04 16:47:42,M->M,norisk,0.0,M,51.24732638888889,2022Q1,34,4,28,-0.5413478467243479,-0.38171307495674667,-0.3801273866433392
永州发布,mainstream_only,2022-03-04 16:47:42,2022-03-19 13:46:15,M->M,norisk,0.0,M,14.873993055555555,2022Q1,34,4,28,-0.5413478467243479,-0.38171307495674667,-0.3801273866433392
永州发布,mainstream_only,2022-03-19 13:46:15,2022-03-30 10:22:59,M->M,norisk,0.0,M,10.858842592592593,2022Q1,34,4,28,-0.5413478467243479,-0.38171307495674667,-0.3801273866433392
永州发布,mainstream_only,2022-03-30 10:22:59,2022-04-09 18:17:38,M->M,norisk,0.0,M,10.329618055555555,2022Q2,34,4,28,-0.5413478467243479,-0.38171307495674667,-0.3801273866433392
永州发布,mainstream_only,2022-04-09 18:17:38,2022-04-09 18:41:49,M->M,norisk,0.0,M,0.016793981481481483,2022Q2,34,4,28,-0.5413478467243479,-0.38171307495674667,-0.3801273866433392
永州发布,mainstream_only,2022-04-09 18:41:49,2022-04-19 09:44:17,M->M,norisk,0.0,M,9.626712962962962,2022Q2,34,4,28,-0.5413478467243479,-0.38171307495674667,-0.3801273866433392
永州发布,mainstream_only,2022-04-19 09:44:17,2022-10-20 10:40:11,M->M,norisk,0.0,M,184.03881944444444,2022Q4,34,4,28,-0.5413478467243479,-0.38171307495674667,-0.3801273866433392
永州发布,mainstream_only,2022-10-20 10:40:11,2022-11-03 10:46:51,M->M,norisk,0.0,M,14.00462962962963,2022Q4,34,4,28,-0.5413478467243479,-0.38171307495674667,-0.3801273866433392
永州发布,mainstream_only,2022-11-03 10:46:51,2022-11-04 13:45:50,M->M,norisk,0.0,M,1.1242939814814814,2022Q4,34,4,28,-0.5413478467243479,-0.38171307495674667,-0.3801273866433392
永州发布,mainstream_only,2022-11-04 13:45:50,2022-11-05 08:59:46,M->M,norisk,0.0,M,0.8013425925925926,2022Q4,34,4,28,-0.5413478467243479,-0.38171307495674667,-0.3801273866433392
永州发布,mainstream_only,2022-11-05 08:59:46,2022-11-05 11:34:05,M->M,norisk,0.0,M,0.10716435185185186,2022Q4,34,4,28,-0.5413478467243479,-0.38171307495674667,-0.3801273866433392
永州发布,mainstream_only,2022-11-05 11:34:05,2022-11-26 09:31:51,M->M,norisk,0.0,M,20.91511574074074,2022Q4,34,4,28,-0.5413478467243479,-0.38171307495674667,-0.3801273866433392
永州发布,mainstream_only,2022-11-26 09:31:51,2022-11-27 09:06:51,M->M,norisk,0.0,M,0.9826388888888888,2022Q4,34,4,28,-0.5413478467243479,-0.38171307495674667,-0.3801273866433392
永州发布,mainstream_only,2022-11-27 09:06:51,2022-11-30 08:55:03,M->M,norisk,0.0,M,2.9918055555555556,2022Q4,34,4,28,-0.5413478467243479,-0.38171307495674667,-0.3801273866433392
永州发布,mainstream_only,2022-11-30 08:55:03,2022-12-09 10:03:20,M->M,norisk,0.0,M,9.047418981481481,2022Q4,34,4,28,-0.5413478467243479,-0.38171307495674667,-0.3801273866433392
永州发布,mainstream_only,2022-12-09 10:03:20,2022-12-09 15:09:09,M->M,norisk,0.0,M,0.21237268518518518,2022Q4,34,4,28,-0.5413478467243479,-0.38171307495674667,-0.3801273866433392
永州发布,mainstream_only,2022-12-09 15:09:09,2022-12-09 16:12:08,M->M,norisk,0.0,M,0.043738425925925924,2022Q4,34,4,28,-0.5413478467243479,-0.38171307495674667,-0.3801273866433392
永州发布,mainstream_only,2022-12-09 16:12:08,2022-12-16 09:00:00,M->M,norisk,0.0,M,6.699907407407407,2022Q4,34,4,28,-0.5413478467243479,-0.38171307495674667,-0.3801273866433392
永州发布,mainstream_only,2022-12-16 09:00:00,2022-12-16 09:00:29,M->M,norisk,0.0,M,0.0003356481481481481,2022Q4,34,4,28,-0.5413478467243479,-0.38171307495674667,-0.3801273866433392
永州发布,mainstream_only,2022-12-16 09:00:29,2022-12-18 13:17:35,M->M,norisk,0.0,M,2.178541666666667,2022Q4,34,4,28,-0.5413478467243479,-0.38171307495674667,-0.3801273866433392
永州发布,mainstream_only,2022-12-18 13:17:35,2022-12-26 14:14:38,M->M,norisk,0.0,M,8.039618055555556,2022Q4,34,4,28,-0.5413478467243479,-0.38171307495674667,-0.3801273866433392
永州发布,mainstream_only,2022-12-26 14:14:38,2022-12-27 08:13:29,M->M,norisk,0.0,M,0.7492013888888889,2022Q4,34,4,28,-0.5413478467243479,-0.38171307495674667,-0.3801273866433392
永州发布,mainstream_only,2022-12-27 08:13:29,2022-12-30 09:33:25,M->M,norisk,0.0,M,3.055509259259259,2022Q4,34,4,28,-0.5413478467243479,-0.38171307495674667,-0.3801273866433392
永州发布,mainstream_only,2022-12-30 09:33:25,2022-12-31 13:15:56,M->M,norisk,0.0,M,1.1545254629629629,2022Q4,34,4,28,-0.5413478467243479,-0.38171307495674667,-0.3801273866433392
永州发布,mainstream_only,2022-12-31 13:15:56,2023-01-02 16:23:44,M->M,risk,1.0,M,2.1304166666666666,2023Q1,34,4,28,-0.5413478467243479,-0.38171307495674667,-0.3801273866433392
永州发布,mainstream_only,2023-01-02 16:23:44,2023-01-04 11:01:03,M->M,risk,1.0,M,1.7759143518518519,2023Q1,34,4,28,-0.5413478467243479,-0.38171307495674667,-0.3801273866433392
永州发布,mainstream_only,2023-01-04 11:01:03,2023-01-12 07:58:41,M->M,risk,1.0,M,7.873356481481482,2023Q1,34,4,28,-0.5413478467243479,-0.38171307495674667,-0.3801273866433392
永州发布,mainstream_only,2023-01-12 07:58:41,2023-01-13 21:27:17,M->M,risk,1.0,M,1.5615277777777778,2023Q1,34,4,28,-0.5413478467243479,-0.38171307495674667,-0.3801273866433392
永州发布,mainstream_only,2023-01-13 21:27:17,2023-01-15 08:57:17,M->M,norisk,0.0,M,1.4791666666666667,2023Q1,34,4,28,-0.5413478467243479,-0.38171307495674667,-0.3801273866433392
永州发布,mainstream_only,2023-01-15 08:57:17,2023-03-06 22:07:00,M->M,risk,1.0,M,50.548414351851854,2023Q1,34,4,28,-0.5413478467243479,-0.38171307495674667,-0.3801273866433392
永州发布,mainstream_only,2023-03-06 22:07:00,2023-03-08 20:52:00,M->M,norisk,0.0,M,1.9479166666666667,2023Q1,34,4,28,-0.5413478467243479,-0.38171307495674667,-0.3801273866433392
永州发布,mainstream_only,2023-03-08 20:52:00,2024-03-17 18:43:00,M->M,norisk,0.0,M,374.91041666666666,2024Q1,34,4,28,-0.5413478467243479,-0.38171307495674667,-0.3801273866433392
永州发布,mainstream_only,2024-03-17 18:43:00,2024-03-17 18:43:44,M->M,risk,1.0,M,0.0005092592592592592,2024Q1,34,4,28,-0.5413478467243479,-0.38171307495674667,-0.3801273866433392
永州禁毒,mainstream_only,2022-12-16 09:11:00,2023-03-07 08:32:00,M->M,norisk,0.0,M,80.97291666666666,2023Q1,2,1,2,-0.6337022045549524,-0.8736034762056902,-0.8450113378100864
污搞啥百叶结,wemedia_only,2023-03-21 12:28:00,2024-10-25 15:56:00,L->M,risk,1.0,M,584.1444444444444,2024Q4,2,2,2,-0.6029174186114176,-0.8736034762056902,-0.8450113378100864
河口广电,mainstream_only,2023-01-02 15:20:36,2023-02-09 16:29:00,M->M,risk,1.0,M,38.0475,2023Q1,5,1,5,-0.6337022045549524,-0.8168468914461967,-0.8014284673882038
波浪女郎,dual,2023-02-06 08:28:00,2023-04-24 20:19:00,M->M,risk,1.0,M,77.49375,2023Q2,18,12,16,-0.2950695591760691,-0.6087394139947206,-0.6125693622267129
波浪女郎,dual,2023-08-16 15:41:00,2023-08-17 08:43:00,M->M,risk,1.0,M,0.7097222222222223,2023Q3,18,12,16,-0.2950695591760691,-0.6087394139947206,-0.6125693622267129
波浪女郎,dual,2023-09-18 13:13:00,2023-09-26 09:31:00,M->M,risk,1.0,M,7.845833333333333,2023Q3,18,12,16,-0.2950695591760691,-0.6087394139947206,-0.6125693622267129
波浪女郎,dual,2023-09-26 09:31:00,2023-09-27 13:39:00,M->M,risk,1.0,M,1.1722222222222223,2023Q3,18,12,16,-0.2950695591760691,-0.6087394139947206,-0.6125693622267129
波浪女郎,dual,2023-10-23 19:02:00,2023-10-30 14:59:00,M->M,norisk,0.0,M,6.83125,2023Q4,18,12,16,-0.2950695591760691,-0.6087394139947206,-0.6125693622267129
波浪女郎,dual,2023-10-30 14:59:00,2023-11-01 02:56:00,M->M,norisk,0.0,M,1.4979166666666666,2023Q4,18,12,16,-0.2950695591760691,-0.6087394139947206,-0.6125693622267129
波浪女郎,dual,2024-03-04 14:38:00,2024-08-12 08:29:00,M->H,risk,1.0,H,160.74375,2024Q3,18,12,16,-0.2950695591760691,-0.6087394139947206,-0.6125693622267129
洛爷William,wemedia_only,2021-03-23 05:48:00,2021-03-23 07:16:00,M->M,norisk,0.0,M,0.06111111111111111,2021Q1,7,1,6,-0.6337022045549524,-0.7979280298596989,-0.7723732204402822
洛爷William,wemedia_only,2021-03-23 07:16:00,2022-03-14 17:25:00,M->M,norisk,0.0,M,356.42291666666665,2022Q1,7,1,6,-0.6337022045549524,-0.7979280298596989,-0.7723732204402822
洛爷William,wemedia_only,2022-03-14 17:25:00,2022-12-01 13:46:00,M->M,norisk,0.0,M,261.84791666666666,2022Q4,7,1,6,-0.6337022045549524,-0.7979280298596989,-0.7723732204402822
洛爷William,wemedia_only,2022-12-01 13:46:00,2023-02-11 11:42:00,M->M,norisk,0.0,M,71.91388888888889,2023Q1,7,1,6,-0.6337022045549524,-0.7979280298596989,-0.7723732204402822
洛爷William,wemedia_only,2023-02-11 11:42:00,2023-10-27 07:35:00,M->M,norisk,0.0,M,257.8284722222222,2023Q4,7,1,6,-0.6337022045549524,-0.7979280298596989,-0.7723732204402822
洛爷William,wemedia_only,2023-10-27 07:35:00,2024-03-07 08:03:00,M->M,risk,1.0,M,132.01944444444445,2024Q1,7,1,6,-0.6337022045549524,-0.7979280298596989,-0.7723732204402822
津云新闻,mainstream_only,2020-03-01 14:15:03,2020-03-05 21:01:03,M->M,risk,1.0,M,4.281944444444444,2020Q1,66,3,58,-0.5721326326678827,0.18585277263818822,0.084756564523408
津云新闻,mainstream_only,2020-03-05 21:01:03,2020-03-24 18:45:03,M->M,norisk,0.0,M,18.905555555555555,2020Q1,66,3,58,-0.5721326326678827,0.18585277263818822,0.084756564523408
津云新闻,mainstream_only,2020-03-24 18:45:03,2020-04-12 13:15:03,M->M,norisk,0.0,M,18.770833333333332,2020Q2,66,3,58,-0.5721326326678827,0.18585277263818822,0.084756564523408
津云新闻,mainstream_only,2020-04-12 13:15:03,2020-05-26 21:05:03,M->M,norisk,0.0,M,44.326388888888886,2020Q2,66,3,58,-0.5721326326678827,0.18585277263818822,0.084756564523408
津云新闻,mainstream_only,2020-05-26 21:05:03,2020-05-28 10:15:03,M->M,norisk,0.0,M,1.5486111111111112,2020Q2,66,3,58,-0.5721326326678827,0.18585277263818822,0.084756564523408
津云新闻,mainstream_only,2020-05-28 10:15:03,2020-06-24 22:20:03,M->M,norisk,0.0,M,27.50347222222222,2020Q2,66,3,58,-0.5721326326678827,0.18585277263818822,0.084756564523408
津云新闻,mainstream_only,2020-06-24 22:20:03,2020-10-10 08:38:35,M->M,norisk,0.0,M,107.42953703703704,2020Q4,66,3,58,-0.5721326326678827,0.18585277263818822,0.084756564523408
津云新闻,mainstream_only,2020-10-10 08:38:35,2020-12-21 21:13:03,M->M,norisk,0.0,M,72.52393518518518,2020Q4,66,3,58,-0.5721326326678827,0.18585277263818822,0.084756564523408
津云新闻,mainstream_only,2020-12-21 21:13:03,2021-01-07 21:42:23,M->M,norisk,0.0,M,17.02037037037037,2021Q1,66,3,58,-0.5721326326678827,0.18585277263818822,0.084756564523408
津云新闻,mainstream_only,2021-01-07 21:42:23,2021-01-22 16:32:47,M->M,norisk,0.0,M,14.785,2021Q1,66,3,58,-0.5721326326678827,0.18585277263818822,0.084756564523408
津云新闻,mainstream_only,2021-01-22 16:32:47,2021-02-21 21:19:16,M->M,norisk,0.0,M,30.198946759259258,2021Q1,66,3,58,-0.5721326326678827,0.18585277263818822,0.084756564523408
津云新闻,mainstream_only,2021-02-21 21:19:16,2021-03-15 13:20:03,M->M,norisk,0.0,M,21.66721064814815,2021Q1,66,3,58,-0.5721326326678827,0.18585277263818822,0.084756564523408
津云新闻,mainstream_only,2021-03-15 13:20:03,2021-03-25 18:40:03,M->M,norisk,0.0,M,10.222222222222221,2021Q1,66,3,58,-0.5721326326678827,0.18585277263818822,0.084756564523408
津云新闻,mainstream_only,2021-03-25 18:40:03,2021-04-06 15:20:03,M->M,norisk,0.0,M,11.86111111111111,2021Q2,66,3,58,-0.5721326326678827,0.18585277263818822,0.084756564523408
津云新闻,mainstream_only,2021-04-06 15:20:03,2021-04-21 20:14:29,M->M,norisk,0.0,M,15.204467592592593,2021Q2,66,3,58,-0.5721326326678827,0.18585277263818822,0.084756564523408
津云新闻,mainstream_only,2021-04-21 20:14:29,2021-08-03 18:40:03,M->M,norisk,0.0,M,103.93442129629629,2021Q3,66,3,58,-0.5721326326678827,0.18585277263818822,0.084756564523408
津云新闻,mainstream_only,2021-08-03 18:40:03,2021-10-28 19:40:00,M->M,norisk,0.0,M,86.04163194444445,2021Q4,66,3,58,-0.5721326326678827,0.18585277263818822,0.084756564523408
津云新闻,mainstream_only,2021-10-28 19:40:00,2022-03-23 15:17:44,M->M,norisk,0.0,M,145.81787037037037,2022Q1,66,3,58,-0.5721326326678827,0.18585277263818822,0.084756564523408
津云新闻,mainstream_only,2022-03-23 15:17:44,2022-03-24 20:40:00,M->M,norisk,0.0,M,1.2237962962962963,2022Q1,66,3,58,-0.5721326326678827,0.18585277263818822,0.084756564523408
津云新闻,mainstream_only,2022-03-24 20:40:00,2022-04-04 14:24:00,M->M,norisk,0.0,M,10.738888888888889,2022Q2,66,3,58,-0.5721326326678827,0.18585277263818822,0.084756564523408
津云新闻,mainstream_only,2022-04-04 14:24:00,2022-04-09 19:00:04,M->M,norisk,0.0,M,5.191712962962963,2022Q2,66,3,58,-0.5721326326678827,0.18585277263818822,0.084756564523408
津云新闻,mainstream_only,2022-04-09 19:00:04,2022-04-23 08:20:00,M->M,norisk,0.0,M,13.55550925925926,2022Q2,66,3,58,-0.5721326326678827,0.18585277263818822,0.084756564523408
津云新闻,mainstream_only,2022-04-23 08:20:00,2022-04-25 09:00:05,M->M,norisk,0.0,M,2.027835648148148,2022Q2,66,3,58,-0.5721326326678827,0.18585277263818822,0.084756564523408
津云新闻,mainstream_only,2022-04-25 09:00:05,2022-04-26 09:00:03,M->M,risk,1.0,M,0.9999768518518518,2022Q2,66,3,58,-0.5721326326678827,0.18585277263818822,0.084756564523408
津云新闻,mainstream_only,2022-04-26 09:00:03,2022-04-28 08:40:00,M->M,norisk,0.0,M,1.9860763888888888,2022Q2,66,3,58,-0.5721326326678827,0.18585277263818822,0.084756564523408
津云新闻,mainstream_only,2022-04-28 08:40:00,2022-04-30 09:30:00,M->M,risk,1.0,M,2.0347222222222223,2022Q2,66,3,58,-0.5721326326678827,0.18585277263818822,0.084756564523408
津云新闻,mainstream_only,2022-04-30 09:30:00,2022-05-01 10:41:00,M->M,norisk,0.0,M,1.0493055555555555,2022Q2,66,3,58,-0.5721326326678827,0.18585277263818822,0.084756564523408
津云新闻,mainstream_only,2022-05-01 10:41:00,2022-05-02 13:40:01,M->M,risk,1.0,M,1.1243171296296297,2022Q2,66,3,58,-0.5721326326678827,0.18585277263818822,0.084756564523408
津云新闻,mainstream_only,2022-05-02 13:40:01,2022-05-09 09:20:01,M->M,risk,1.0,M,6.819444444444445,2022Q2,66,3,58,-0.5721326326678827,0.18585277263818822,0.084756564523408
津云新闻,mainstream_only,2022-05-09 09:20:01,2022-05-10 09:20:01,M->M,norisk,0.0,M,1.0,2022Q2,66,3,58,-0.5721326326678827,0.18585277263818822,0.084756564523408
津云新闻,mainstream_only,2022-05-10 09:20:01,2022-05-11 09:20:00,M->M,norisk,0.0,M,0.999988425925926,2022Q2,66,3,58,-0.5721326326678827,0.18585277263818822,0.084756564523408
津云新闻,mainstream_only,2022-05-11 09:20:00,2022-05-16 09:00:03,M->M,risk,1.0,M,4.9861458333333335,2022Q2,66,3,58,-0.5721326326678827,0.18585277263818822,0.084756564523408
津云新闻,mainstream_only,2022-05-16 09:00:03,2022-05-20 21:28:00,M->M,norisk,0.0,M,4.519409722222222,2022Q2,66,3,58,-0.5721326326678827,0.18585277263818822,0.084756564523408
津云新闻,mainstream_only,2022-05-20 21:28:00,2022-05-26 08:40:01,M->M,norisk,0.0,M,5.466678240740741,2022Q2,66,3,58,-0.5721326326678827,0.18585277263818822,0.084756564523408
津云新闻,mainstream_only,2022-05-26 08:40:01,2022-07-05 20:15:54,M->M,norisk,0.0,M,40.48325231481481,2022Q3,66,3,58,-0.5721326326678827,0.18585277263818822,0.084756564523408
津云新闻,mainstream_only,2022-07-05 20:15:54,2022-07-05 22:18:00,M->M,norisk,0.0,M,0.08479166666666667,2022Q3,66,3,58,-0.5721326326678827,0.18585277263818822,0.084756564523408
津云新闻,mainstream_only,2022-07-05 22:18:00,2022-08-25 16:20:03,M->M,norisk,0.0,M,50.751423611111115,2022Q3,66,3,58,-0.5721326326678827,0.18585277263818822,0.084756564523408
津云新闻,mainstream_only,2022-08-25 16:20:03,2022-11-10 11:00:01,M->M,norisk,0.0,M,76.77775462962963,2022Q4,66,3,58,-0.5721326326678827,0.18585277263818822,0.084756564523408
津云新闻,mainstream_only,2022-11-10 11:00:01,2022-12-06 15:00:03,M->M,norisk,0.0,M,26.166689814814816,2022Q4,66,3,58,-0.5721326326678827,0.18585277263818822,0.084756564523408
津云新闻,mainstream_only,2022-12-06 15:00:03,2022-12-07 13:31:08,M->M,norisk,0.0,M,0.9382523148148149,2022Q4,66,3,58,-0.5721326326678827,0.18585277263818822,0.084756564523408
津云新闻,mainstream_only,2022-12-07 13:31:08,2022-12-08 23:02:14,M->M,norisk,0.0,M,1.3965972222222223,2022Q4,66,3,58,-0.5721326326678827,0.18585277263818822,0.084756564523408
津云新闻,mainstream_only,2022-12-08 23:02:14,2022-12-16 11:20:01,M->H,norisk,0.0,H,7.5123495370370375,2022Q4,66,3,58,-0.5721326326678827,0.18585277263818822,0.084756564523408
津云新闻,mainstream_only,2022-12-16 11:20:01,2022-12-16 21:00:03,H->M,norisk,0.5,M,0.4028009259259259,2022Q4,66,3,58,-0.5721326326678827,0.18585277263818822,0.084756564523408
津云新闻,mainstream_only,2022-12-16 21:00:03,2022-12-18 16:18:29,M->M,norisk,0.5,M,1.8044675925925926,2022Q4,66,3,58,-0.5721326326678827,0.18585277263818822,0.084756564523408
津云新闻,mainstream_only,2022-12-18 16:18:29,2022-12-21 22:40:02,M->M,norisk,0.0,M,3.264965277777778,2022Q4,66,3,58,-0.5721326326678827,0.18585277263818822,0.084756564523408
津云新闻,mainstream_only,2022-12-21 22:40:02,2022-12-26 17:20:00,M->M,norisk,0.0,M,4.77775462962963,2022Q4,66,3,58,-0.5721326326678827,0.18585277263818822,0.084756564523408
津云新闻,mainstream_only,2022-12-26 17:20:00,2022-12-27 09:00:01,M->M,norisk,0.0,M,0.6527893518518518,2022Q4,66,3,58,-0.5721326326678827,0.18585277263818822,0.084756564523408
津云新闻,mainstream_only,2022-12-27 09:00:01,2022-12-31 10:20:00,M->M,norisk,0.0,M,4.055543981481481,2022Q4,66,3,58,-0.5721326326678827,0.18585277263818822,0.084756564523408
津云新闻,mainstream_only,2022-12-31 10:20:00,2023-01-02 21:20:00,M->M,risk,1.0,M,2.4583333333333335,2023Q1,66,3,58,-0.5721326326678827,0.18585277263818822,0.084756564523408
津云新闻,mainstream_only,2023-01-02 21:20:00,2023-01-03 07:40:00,M->M,risk,1.0,M,0.4305555555555556,2023Q1,66,3,58,-0.5721326326678827,0.18585277263818822,0.084756564523408
津云新闻,mainstream_only,2023-01-03 07:40:00,2023-01-03 20:25:30,M->M,norisk,0.5,M,0.5315972222222223,2023Q1,66,3,58,-0.5721326326678827,0.18585277263818822,0.084756564523408
津云新闻,mainstream_only,2023-01-03 20:25:30,2023-02-09 15:40:00,M->M,norisk,0.5,M,36.80173611111111,2023Q1,66,3,58,-0.5721326326678827,0.18585277263818822,0.084756564523408
津云新闻,mainstream_only,2023-02-09 15:40:00,2023-03-02 14:20:00,M->M,norisk,0.0,M,20.944444444444443,2023Q1,66,3,58,-0.5721326326678827,0.18585277263818822,0.084756564523408
津云新闻,mainstream_only,2023-03-02 14:20:00,2023-03-02 14:20:01,M->M,norisk,0.0,M,1.1574074074074073e-05,2023Q1,66,3,58,-0.5721326326678827,0.18585277263818822,0.084756564523408
津云新闻,mainstream_only,2023-03-02 14:20:01,2023-03-14 10:40:00,M->M,norisk,0.0,M,11.847210648148149,2023Q1,66,3,58,-0.5721326326678827,0.18585277263818822,0.084756564523408
津云新闻,mainstream_only,2023-03-14 10:40:00,2023-05-28 18:55:00,M->M,norisk,0.0,M,75.34375,2023Q2,66,3,58,-0.5721326326678827,0.18585277263818822,0.084756564523408
津云新闻,mainstream_only,2023-05-28 18:55:00,2023-05-28 18:55:00,M->M,norisk,0.0,M,0.0,2023Q2,66,3,58,-0.5721326326678827,0.18585277263818822,0.084756564523408
津云新闻,mainstream_only,2023-05-28 18:55:00,2023-05-30 14:20:00,M->M,norisk,0.0,M,1.8090277777777777,2023Q2,66,3,58,-0.5721326326678827,0.18585277263818822,0.084756564523408
津云新闻,mainstream_only,2023-05-30 14:20:00,2025-05-19 14:55:00,M->M,norisk,0.0,M,720.0243055555555,2025Q2,66,3,58,-0.5721326326678827,0.18585277263818822,0.084756564523408
津云新闻,mainstream_only,2025-05-19 14:55:00,2025-05-19 15:44:00,M->M,norisk,0.0,M,0.034027777777777775,2025Q2,66,3,58,-0.5721326326678827,0.18585277263818822,0.084756564523408
津云新闻,mainstream_only,2025-05-19 15:44:00,2025-05-19 19:07:00,M->M,norisk,0.0,M,0.14097222222222222,2025Q2,66,3,58,-0.5721326326678827,0.18585277263818822,0.084756564523408
津云新闻,mainstream_only,2025-05-19 19:07:00,2025-05-19 19:39:00,M->M,norisk,0.0,M,0.022222222222222223,2025Q2,66,3,58,-0.5721326326678827,0.18585277263818822,0.084756564523408
津云新闻,mainstream_only,2025-05-19 19:39:00,2025-05-21 07:01:00,M->M,norisk,0.0,M,1.4736111111111112,2025Q2,66,3,58,-0.5721326326678827,0.18585277263818822,0.084756564523408
津云新闻,mainstream_only,2025-05-21 07:01:00,2025-05-22 21:36:00,M->M,norisk,0.0,M,1.6076388888888888,2025Q2,66,3,58,-0.5721326326678827,0.18585277263818822,0.084756564523408
津云新闻,mainstream_only,2025-05-22 21:36:00,2025-05-24 12:08:00,M->M,norisk,0.0,M,1.6055555555555556,2025Q2,66,3,58,-0.5721326326678827,0.18585277263818822,0.084756564523408
流了个年呀呀呀呀,dual,2023-08-13 22:23:00,2023-09-04 07:25:00,M->M,risk,1.0,M,21.37638888888889,2023Q3,3,3,3,-0.5721326326678827,-0.8546846146191924,-0.8304837143361256
流了个年呀呀呀呀,dual,2023-09-04 07:25:00,2023-09-20 13:21:00,M->M,norisk,0.5,M,16.247222222222224,2023Q3,3,3,3,-0.5721326326678827,-0.8546846146191924,-0.8304837143361256
浦东发布,wemedia_only,2020-03-18 19:00:00,2020-03-18 19:00:50,M->M,norisk,0.0,M,0.0005787037037037037,2020Q1,35,2,33,-0.6029174186114176,-0.28711876702425754,-0.36559976316937837
浦东发布,wemedia_only,2020-03-18 19:00:50,2020-05-20 14:15:52,M->M,norisk,0.0,M,62.80210648148148,2020Q2,35,2,33,-0.6029174186114176,-0.28711876702425754,-0.36559976316937837
浦东发布,wemedia_only,2020-05-20 14:15:52,2020-07-28 13:38:03,M->M,norisk,0.0,M,68.97373842592593,2020Q3,35,2,33,-0.6029174186114176,-0.28711876702425754,-0.36559976316937837
浦东发布,wemedia_only,2020-07-28 13:38:03,2021-04-08 17:03:00,M->M,norisk,0.0,M,254.14232638888888,2021Q2,35,2,33,-0.6029174186114176,-0.28711876702425754,-0.36559976316937837
浦东发布,wemedia_only,2021-04-08 17:03:00,2021-05-18 09:16:02,M->M,norisk,0.0,M,39.67571759259259,2021Q2,35,2,33,-0.6029174186114176,-0.28711876702425754,-0.36559976316937837
浦东发布,wemedia_only,2021-05-18 09:16:02,2021-07-17 19:35:53,M->M,norisk,0.0,M,60.43045138888889,2021Q3,35,2,33,-0.6029174186114176,-0.28711876702425754,-0.36559976316937837
浦东发布,wemedia_only,2021-07-17 19:35:53,2021-08-03 14:55:28,M->M,norisk,0.0,M,16.805266203703702,2021Q3,35,2,33,-0.6029174186114176,-0.28711876702425754,-0.36559976316937837
浦东发布,wemedia_only,2021-08-03 14:55:28,2021-12-03 22:06:52,M->M,norisk,0.0,M,122.29958333333333,2021Q4,35,2,33,-0.6029174186114176,-0.28711876702425754,-0.36559976316937837
浦东发布,wemedia_only,2021-12-03 22:06:52,2021-12-10 20:44:14,M->M,norisk,0.0,M,6.942615740740741,2021Q4,35,2,33,-0.6029174186114176,-0.28711876702425754,-0.36559976316937837
浦东发布,wemedia_only,2021-12-10 20:44:14,2021-12-11 21:07:23,M->M,norisk,0.0,M,1.0160763888888888,2021Q4,35,2,33,-0.6029174186114176,-0.28711876702425754,-0.36559976316937837
浦东发布,wemedia_only,2021-12-11 21:07:23,2022-04-19 10:34:08,M->M,norisk,0.0,M,128.56024305555556,2022Q2,35,2,33,-0.6029174186114176,-0.28711876702425754,-0.36559976316937837
浦东发布,wemedia_only,2022-04-19 10:34:08,2022-05-01 10:33:29,M->M,norisk,0.0,M,11.999548611111111,2022Q2,35,2,33,-0.6029174186114176,-0.28711876702425754,-0.36559976316937837
浦东发布,wemedia_only,2022-05-01 10:33:29,2022-05-06 12:39:02,M->M,norisk,0.0,M,5.0871875,2022Q2,35,2,33,-0.6029174186114176,-0.28711876702425754,-0.36559976316937837
浦东发布,wemedia_only,2022-05-06 12:39:02,2022-05-15 10:48:48,M->M,norisk,0.0,M,8.923449074074075,2022Q2,35,2,33,-0.6029174186114176,-0.28711876702425754,-0.36559976316937837
浦东发布,wemedia_only,2022-05-15 10:48:48,2022-05-16 12:19:58,M->M,norisk,0.0,M,1.0633101851851852,2022Q2,35,2,33,-0.6029174186114176,-0.28711876702425754,-0.36559976316937837
浦东发布,wemedia_only,2022-05-16 12:19:58,2022-05-18 10:21:56,M->M,norisk,0.0,M,1.9180324074074073,2022Q2,35,2,33,-0.6029174186114176,-0.28711876702425754,-0.36559976316937837
浦东发布,wemedia_only,2022-05-18 10:21:56,2022-05-22 10:30:20,M->M,norisk,0.0,M,4.005833333333333,2022Q2,35,2,33,-0.6029174186114176,-0.28711876702425754,-0.36559976316937837
浦东发布,wemedia_only,2022-05-22 10:30:20,2022-05-24 10:19:09,M->M,norisk,0.0,M,1.9922337962962964,2022Q2,35,2,33,-0.6029174186114176,-0.28711876702425754,-0.36559976316937837
浦东发布,wemedia_only,2022-05-24 10:19:09,2022-06-05 15:15:47,M->M,norisk,0.0,M,12.20599537037037,2022Q2,35,2,33,-0.6029174186114176,-0.28711876702425754,-0.36559976316937837
浦东发布,wemedia_only,2022-06-05 15:15:47,2022-06-23 18:15:57,M->M,norisk,0.0,M,18.12511574074074,2022Q2,35,2,33,-0.6029174186114176,-0.28711876702425754,-0.36559976316937837
浦东发布,wemedia_only,2022-06-23 18:15:57,2022-06-26 19:40:01,M->M,norisk,0.0,M,3.0583796296296297,2022Q2,35,2,33,-0.6029174186114176,-0.28711876702425754,-0.36559976316937837
浦东发布,wemedia_only,2022-06-26 19:40:01,2022-07-24 09:33:14,M->M,norisk,0.0,M,27.578622685185184,2022Q3,35,2,33,-0.6029174186114176,-0.28711876702425754,-0.36559976316937837
浦东发布,wemedia_only,2022-07-24 09:33:14,2022-07-28 18:25:00,M->M,norisk,0.0,M,4.3692824074074075,2022Q3,35,2,33,-0.6029174186114176,-0.28711876702425754,-0.36559976316937837
浦东发布,wemedia_only,2022-07-28 18:25:00,2022-11-15 08:54:13,M->M,norisk,0.0,M,109.60362268518519,2022Q4,35,2,33,-0.6029174186114176,-0.28711876702425754,-0.36559976316937837
浦东发布,wemedia_only,2022-11-15 08:54:13,2022-12-08 14:27:05,M->M,norisk,0.0,M,23.23115740740741,2022Q4,35,2,33,-0.6029174186114176,-0.28711876702425754,-0.36559976316937837
浦东发布,wemedia_only,2022-12-08 14:27:05,2022-12-08 14:44:53,M->M,norisk,0.0,M,0.012361111111111111,2022Q4,35,2,33,-0.6029174186114176,-0.28711876702425754,-0.36559976316937837
浦东发布,wemedia_only,2022-12-08 14:44:53,2022-12-15 20:33:53,M->M,norisk,0.0,M,7.242361111111111,2022Q4,35,2,33,-0.6029174186114176,-0.28711876702425754,-0.36559976316937837
浦东发布,wemedia_only,2022-12-15 20:33:53,2022-12-16 16:58:51,M->M,norisk,0.0,M,0.8506712962962963,2022Q4,35,2,33,-0.6029174186114176,-0.28711876702425754,-0.36559976316937837
浦东发布,wemedia_only,2022-12-16 16:58:51,2022-12-20 14:21:27,M->M,norisk,0.0,M,3.8906944444444442,2022Q4,35,2,33,-0.6029174186114176,-0.28711876702425754,-0.36559976316937837
浦东发布,wemedia_only,2022-12-20 14:21:27,2022-12-21 11:18:23,M->M,norisk,0.0,M,0.8728703703703704,2022Q4,35,2,33,-0.6029174186114176,-0.28711876702425754,-0.36559976316937837
浦东发布,wemedia_only,2022-12-21 11:18:23,2022-12-27 15:08:43,M->M,risk,1.0,M,6.159953703703704,2022Q4,35,2,33,-0.6029174186114176,-0.28711876702425754,-0.36559976316937837
浦东发布,wemedia_only,2022-12-27 15:08:43,2023-01-20 09:22:08,M->M,risk,1.0,M,23.75931712962963,2023Q1,35,2,33,-0.6029174186114176,-0.28711876702425754,-0.36559976316937837
浦东发布,wemedia_only,2023-01-20 09:22:08,2023-02-07 14:53:00,M->M,norisk,0.0,M,18.22976851851852,2023Q1,35,2,33,-0.6029174186114176,-0.28711876702425754,-0.36559976316937837
浦东发布,wemedia_only,2023-02-07 14:53:00,2023-03-05 18:29:01,M->M,norisk,0.0,M,26.150011574074075,2023Q1,35,2,33,-0.6029174186114176,-0.28711876702425754,-0.36559976316937837
涪城公安,mainstream_only,2022-03-14 16:33:00,2023-05-29 09:23:00,M->M,risk,1.0,M,440.7013888888889,2023Q2,3,1,3,-0.6337022045549524,-0.8546846146191924,-0.8304837143361256
涪城公安,mainstream_only,2023-05-29 09:23:00,2024-03-30 21:08:00,M->M,norisk,0.0,M,306.4895833333333,2024Q1,3,1,3,-0.6337022045549524,-0.8546846146191924,-0.8304837143361256
淘淘姐66,dual,2023-08-11 22:17:00,2023-09-14 23:03:00,M->M,risk,1.0,M,34.03194444444444,2023Q3,2,9,2,-0.38742391700667367,-0.8736034762056902,-0.8450113378100864
深汕发布,mainstream_only,2023-05-30 18:12:00,2025-05-19 17:50:00,M->M,risk,1.0,M,719.9847222222222,2025Q2,3,1,3,-0.6337022045549524,-0.8546846146191924,-0.8304837143361256
渠兮,wemedia_only,2023-02-21 10:44:00,2023-08-11 19:58:00,L->H,risk,1.0,H,171.38472222222222,2023Q3,4,1,4,-0.6337022045549524,-0.8357657530326946,-0.8159560908621647
渠兮,wemedia_only,2023-08-11 19:58:00,2023-09-20 10:28:00,H->H,risk,1.0,H,39.604166666666664,2023Q3,4,1,4,-0.6337022045549524,-0.8357657530326946,-0.8159560908621647
温州发布,mainstream_only,2023-02-07 18:05:00,2023-02-07 18:05:13,M->M,norisk,0.0,M,0.00015046296296296297,2023Q1,8,2,7,-0.6029174186114176,-0.7790091682732011,-0.7578455969663214
温州发布,mainstream_only,2023-02-07 18:05:13,2023-02-09 19:42:00,M->M,norisk,0.0,M,2.0672106481481483,2023Q1,8,2,7,-0.6029174186114176,-0.7790091682732011,-0.7578455969663214
温言软语钟晓岚,wemedia_only,2023-10-01 13:44:00,2025-04-06 16:09:00,M->L,risk,1.0,L,553.1006944444445,2025Q2,3,3,3,-0.5721326326678827,-0.8546846146191924,-0.8304837143361256
渭南检察,mainstream_only,2020-05-28 11:45:03,2021-01-07 20:38:12,M->M,norisk,0.0,M,224.37024305555556,2021Q1,7,1,7,-0.6337022045549524,-0.7790091682732011,-0.7723732204402822
游仙公安,mainstream_only,2022-10-14 10:58:00,2022-10-14 10:58:00,M->M,risk,0.5833333333333333,M,0.0,2022Q4,5,12,4,-0.2950695591760691,-0.8357657530326946,-0.8014284673882038
游仙公安,mainstream_only,2022-10-14 10:58:00,2023-05-30 14:17:00,M->M,risk,0.5833333333333333,M,228.13819444444445,2023Q2,5,12,4,-0.2950695591760691,-0.8357657530326946,-0.8014284673882038
游仙公安,mainstream_only,2023-05-30 14:17:00,2023-11-27 19:14:00,M->M,norisk,0.0,M,181.20625,2023Q4,5,12,4,-0.2950695591760691,-0.8357657530326946,-0.8014284673882038
游走厨师,wemedia_only,2022-10-14 13:29:00,2023-06-01 23:47:00,M->M,risk,1.0,M,230.42916666666667,2023Q2,2,1,2,-0.6337022045549524,-0.8736034762056902,-0.8450113378100864
溧阳人在珀斯,dual,2022-12-07 11:49:00,2022-12-08 16:53:00,H->M,norisk,0.0,M,1.211111111111111,2022Q4,36,19,26,-0.07957605757132512,-0.41955079812974233,-0.3510721396954175
溧阳人在珀斯,dual,2022-12-08 16:53:00,2022-12-08 18:26:00,M->H,norisk,0.0,H,0.06458333333333334,2022Q4,36,19,26,-0.07957605757132512,-0.41955079812974233,-0.3510721396954175
溧阳人在珀斯,dual,2022-12-08 18:26:00,2022-12-09 14:36:00,H->M,norisk,0.0,M,0.8402777777777778,2022Q4,36,19,26,-0.07957605757132512,-0.41955079812974233,-0.3510721396954175
溧阳人在珀斯,dual,2022-12-09 14:36:00,2022-12-15 23:14:00,M->M,norisk,0.0,M,6.3597222222222225,2022Q4,36,19,26,-0.07957605757132512,-0.41955079812974233,-0.3510721396954175
溧阳人在珀斯,dual,2022-12-15 23:14:00,2022-12-16 11:19:00,M->M,norisk,0.0,M,0.5034722222222222,2022Q4,36,19,26,-0.07957605757132512,-0.41955079812974233,-0.3510721396954175
漫长岁月,wemedia_only,2022-10-14 09:15:00,2023-02-21 09:08:00,M->L,norisk,0.0,L,129.9951388888889,2023Q1,4,3,4,-0.5721326326678827,-0.8357657530326946,-0.8159560908621647
漫长岁月,wemedia_only,2023-02-21 09:08:00,2023-05-03 22:44:00,L->M,norisk,0.0,M,71.56666666666666,2023Q2,4,3,4,-0.5721326326678827,-0.8357657530326946,-0.8159560908621647
漫长岁月,wemedia_only,2023-05-03 22:44:00,2023-05-22 19:15:00,M->M,norisk,0.0,M,18.854861111111113,2023Q2,4,3,4,-0.5721326326678827,-0.8357657530326946,-0.8159560908621647
潘彼得PeterPan,wemedia_only,2022-12-01 15:53:00,2022-12-05 12:09:00,L->M,risk,1.0,M,3.8444444444444446,2022Q4,2,5,2,-0.510563060780813,-0.8736034762056902,-0.8450113378100864
灯辉西渡刘露,wemedia_only,2023-06-09 12:16:00,2023-09-08 09:05:00,M->M,norisk,0.0,M,90.86736111111111,2023Q3,3,6,3,-0.4797782748372782,-0.8546846146191924,-0.8304837143361256
烟雨楼百年孤独,wemedia_only,2024-02-29 00:27:00,2024-03-17 20:20:00,M->M,norisk,0.0,M,17.82847222222222,2024Q1,11,8,10,-0.4182087029502085,-0.7222525835137076,-0.7142627265444388
烟雨楼百年孤独,wemedia_only,2024-03-17 20:20:00,2024-08-14 22:57:00,M->H,risk,1.0,H,150.10902777777778,2024Q3,11,8,10,-0.4182087029502085,-0.7222525835137076,-0.7142627265444388
热干面塑料袋,mainstream_only,2023-05-29 00:48:00,2023-06-28 20:42:00,M->H,norisk,0.0,H,30.829166666666666,2023Q2,40,16,38,-0.1719304154019297,-0.19252445909176838,-0.2929616457995741
热干面塑料袋,mainstream_only,2023-09-16 11:19:00,2023-10-03 15:25:00,M->M,norisk,0.0,M,17.170833333333334,2023Q4,40,16,38,-0.1719304154019297,-0.19252445909176838,-0.2929616457995741
無名無相02,mainstream_only,2023-06-21 20:01:00,2023-09-14 22:13:00,M->M,norisk,0.0,M,85.09166666666667,2023Q3,2,2,2,-0.6029174186114176,-0.8736034762056902,-0.8450113378100864
熙熙攘攘独木桥·,wemedia_only,2020-03-18 19:19:00,2020-03-18 19:25:00,M->M,risk,1.0,M,0.004166666666666667,2020Q1,2,2,1,-0.6029174186114176,-0.892522337792188,-0.8450113378100864
爱吃的汤圆是番薯皮的,wemedia_only,2020-03-18 20:50:00,2020-03-18 21:06:00,M->M,norisk,0.5,M,0.011111111111111112,2020Q1,2,2,1,-0.6029174186114176,-0.892522337792188,-0.8450113378100864
爱生活的有志青年,mainstream_only,2023-11-10 09:04:00,2023-11-10 11:29:00,H->M,risk,1.0,M,0.10069444444444445,2023Q4,3,2,2,-0.6029174186114176,-0.8736034762056902,-0.8304837143361256
爱生活的有志青年,mainstream_only,2023-11-10 11:29:00,2023-12-29 10:15:00,M->L,risk,1.0,L,48.94861111111111,2023Q4,3,2,2,-0.6029174186114176,-0.8736034762056902,-0.8304837143361256
爱看特摄剧的老顾,wemedia_only,2024-09-21 04:29:00,2024-11-24 03:56:00,H->H,risk,1.0,H,63.97708333333333,2024Q4,3,3,3,-0.5721326326678827,-0.8546846146191924,-0.8304837143361256
爱看特摄剧的老顾,wemedia_only,2024-11-24 03:56:00,2025-04-21 19:55:00,H->H,norisk,0.5,H,148.66597222222222,2025Q2,3,3,3,-0.5721326326678827,-0.8546846146191924,-0.8304837143361256
牛神nddpg111,wemedia_only,2022-10-14 12:05:00,2022-12-01 12:45:00,M->M,risk,1.0,M,48.02777777777778,2022Q4,3,3,2,-0.5721326326678827,-0.8736034762056902,-0.8304837143361256
牛神nddpg111,wemedia_only,2022-12-01 12:45:00,2022-12-01 12:55:00,M->M,norisk,0.0,M,0.006944444444444444,2022Q4,3,3,2,-0.5721326326678827,-0.8736034762056902,-0.8304837143361256
牵伊伊小手,wemedia_only,2020-03-18 19:33:00,2020-03-18 19:35:00,M->M,norisk,0.0,M,0.001388888888888889,2020Q1,5,6,1,-0.4797782748372782,-0.892522337792188,-0.8014284673882038
牵伊伊小手,wemedia_only,2020-03-18 19:35:00,2020-03-18 19:43:00,M->M,norisk,0.0,M,0.005555555555555556,2020Q1,5,6,1,-0.4797782748372782,-0.892522337792188,-0.8014284673882038
牵伊伊小手,wemedia_only,2020-03-18 19:43:00,2020-03-18 19:44:00,M->M,norisk,0.0,M,0.0006944444444444445,2020Q1,5,6,1,-0.4797782748372782,-0.892522337792188,-0.8014284673882038
牵伊伊小手,wemedia_only,2020-03-18 19:44:00,2020-03-18 19:49:00,M->M,norisk,0.0,M,0.003472222222222222,2020Q1,5,6,1,-0.4797782748372782,-0.892522337792188,-0.8014284673882038
独立小楼99,dual,2021-11-25 09:44:00,2022-12-03 15:35:00,M->H,risk,1.0,H,373.24375,2022Q4,13,10,13,-0.35663913106313877,-0.6654959987542142,-0.6852074795965171
独立小楼99,dual,2022-12-03 15:35:00,2022-12-04 18:49:00,H->M,norisk,0.0,M,1.1347222222222222,2022Q4,13,10,13,-0.35663913106313877,-0.6654959987542142,-0.6852074795965171
独立小楼99,dual,2022-12-30 15:26:00,2022-12-31 15:00:00,M->M,norisk,0.25,M,0.9819444444444444,2022Q4,13,10,13,-0.35663913106313877,-0.6654959987542142,-0.6852074795965171
独立小楼99,dual,2022-12-31 15:00:00,2023-01-08 14:50:00,M->M,norisk,0.0,M,7.993055555555555,2023Q1,13,10,13,-0.35663913106313877,-0.6654959987542142,-0.6852074795965171
独立小楼99,dual,2023-01-08 14:50:00,2023-01-10 11:48:00,M->M,norisk,0.0,M,1.8736111111111111,2023Q1,13,10,13,-0.35663913106313877,-0.6654959987542142,-0.6852074795965171
独立小楼99,dual,2023-01-10 11:48:00,2023-03-08 17:29:00,M->M,risk,1.0,M,57.236805555555556,2023Q1,13,10,13,-0.35663913106313877,-0.6654959987542142,-0.6852074795965171
独立小楼99,dual,2023-03-08 17:29:00,2023-03-10 16:01:00,M->M,norisk,0.0,M,1.9388888888888889,2023Q1,13,10,13,-0.35663913106313877,-0.6654959987542142,-0.6852074795965171
独立小楼99,dual,2023-06-13 15:11:00,2023-06-30 21:19:00,M->M,risk,1.0,M,17.255555555555556,2023Q2,13,10,13,-0.35663913106313877,-0.6654959987542142,-0.6852074795965171
猫步旅人_,wemedia_only,2022-12-01 11:52:00,2023-10-28 05:27:00,M->L,norisk,0.0,L,330.7326388888889,2023Q4,4,1,4,-0.6337022045549524,-0.8357657530326946,-0.8159560908621647
猫步旅人_,wemedia_only,2023-10-28 05:27:00,2023-10-29 12:12:00,L->M,risk,1.0,M,1.28125,2023Q4,4,1,4,-0.6337022045549524,-0.8357657530326946,-0.8159560908621647
猫步旅人_,wemedia_only,2023-10-29 12:12:00,2023-11-11 11:15:00,M->M,risk,1.0,M,12.960416666666667,2023Q4,4,1,4,-0.6337022045549524,-0.8357657530326946,-0.8159560908621647
王言嘉-,wemedia_only,2022-12-04 16:37:00,2022-12-16 10:49:00,M->M,norisk,0.0,M,11.758333333333333,2022Q4,5,5,5,-0.510563060780813,-0.8168468914461967,-0.8014284673882038
王言嘉-,wemedia_only,2022-12-16 10:49:00,2023-01-14 11:20:00,M->M,norisk,0.0,M,29.021527777777777,2023Q1,5,5,5,-0.510563060780813,-0.8168468914461967,-0.8014284673882038
王言嘉-,wemedia_only,2023-01-14 11:20:00,2023-01-16 21:27:00,M->M,risk,1.0,M,2.421527777777778,2023Q1,5,5,5,-0.510563060780813,-0.8168468914461967,-0.8014284673882038
王言嘉-,wemedia_only,2023-01-16 21:27:00,2023-01-28 20:48:00,M->M,norisk,0.0,M,11.972916666666666,2023Q1,5,5,5,-0.510563060780813,-0.8168468914461967,-0.8014284673882038
琉璃瓶的记忆-,wemedia_only,2022-03-14 12:43:00,2022-03-14 12:44:00,L->L,risk,1.0,L,0.0006944444444444445,2022Q1,2,4,1,-0.5413478467243479,-0.892522337792188,-0.8450113378100864
琥珀柏林,dual,2023-06-14 06:04:00,2023-06-14 07:32:00,M->H,risk,1.0,H,0.06111111111111111,2023Q2,40,31,33,0.2898413737510931,-0.28711876702425754,-0.2929616457995741
琥珀柏林,dual,2023-06-14 07:32:00,2023-06-24 08:05:00,H->M,risk,1.0,M,10.022916666666667,2023Q2,40,31,33,0.2898413737510931,-0.28711876702425754,-0.2929616457995741
瑶碧丹华,wemedia_only,2023-04-09 10:22:00,2023-04-18 14:55:00,M->M,norisk,0.0,M,9.189583333333333,2023Q2,4,1,4,-0.6337022045549524,-0.8357657530326946,-0.8159560908621647
瑶碧丹华,wemedia_only,2023-04-18 14:55:00,2024-04-30 13:57:00,M->M,norisk,0.0,M,377.95972222222224,2024Q2,4,1,4,-0.6337022045549524,-0.8357657530326946,-0.8159560908621647
瑶碧丹华,wemedia_only,2024-04-30 13:57:00,2025-01-08 10:06:00,M->H,norisk,0.0,H,252.83958333333334,2025Q1,4,1,4,-0.6337022045549524,-0.8357657530326946,-0.8159560908621647
生物狗Y博,wemedia_only,2022-10-21 07:57:00,2023-05-02 10:15:00,M->M,norisk,0.0,M,193.09583333333333,2023Q2,4,2,4,-0.6029174186114176,-0.8357657530326946,-0.8159560908621647
生物狗Y博,wemedia_only,2023-05-02 10:15:00,2023-05-06 08:18:00,M->M,norisk,0.0,M,3.91875,2023Q2,4,2,4,-0.6029174186114176,-0.8357657530326946,-0.8159560908621647
生物狗Y博,wemedia_only,2023-05-06 08:18:00,2023-07-22 09:18:00,M->M,norisk,0.0,M,77.04166666666667,2023Q3,4,2,4,-0.6029174186114176,-0.8357657530326946,-0.8159560908621647
用户5371581768,wemedia_only,2023-05-30 23:37:00,2023-07-30 10:22:00,M->M,risk,1.0,M,60.447916666666664,2023Q3,12,13,10,-0.26428477323253424,-0.7222525835137076,-0.6997351030704779
用户5655084485,mainstream_only,2023-06-09 10:13:00,2023-09-09 21:05:00,H->M,risk,1.0,M,92.45277777777778,2023Q3,2,3,2,-0.5721326326678827,-0.8736034762056902,-0.8450113378100864
用户6469127525,wemedia_only,2024-03-12 23:44:00,2024-10-13 08:48:00,H->M,risk,1.0,M,214.37777777777777,2024Q4,4,4,4,-0.5413478467243479,-0.8357657530326946,-0.8159560908621647
用户6469127525,wemedia_only,2024-10-13 08:48:00,2024-12-19 22:46:00,M->H,risk,1.0,H,67.58194444444445,2024Q4,4,4,4,-0.5413478467243479,-0.8357657530326946,-0.8159560908621647
用户6469127525,wemedia_only,2024-12-19 22:46:00,2025-03-08 23:02:00,H->M,risk,1.0,M,79.0111111111111,2025Q1,4,4,4,-0.5413478467243479,-0.8357657530326946,-0.8159560908621647
登高_2023,mainstream_only,2022-12-01 11:48:00,2022-12-03 17:35:00,M->M,norisk,0.0,M,2.240972222222222,2022Q4,2,1,2,-0.6337022045549524,-0.8736034762056902,-0.8450113378100864
白眉大侠5995,mainstream_only,2023-03-14 11:43:00,2023-06-08 06:35:00,M->M,norisk,0.0,M,85.78611111111111,2023Q2,3,2,3,-0.6029174186114176,-0.8546846146191924,-0.8304837143361256
皇族养心堂卢阿姨,wemedia_only,2023-02-13 17:53:00,2023-02-16 09:36:00,M->L,risk,1.0,L,2.654861111111111,2023Q1,2,1,2,-0.6337022045549524,-0.8736034762056902,-0.8450113378100864
看宜兴,mainstream_only,2023-02-09 16:43:00,2023-02-10 06:47:00,M->M,norisk,0.0,M,0.5861111111111111,2023Q1,7,1,7,-0.6337022045549524,-0.7790091682732011,-0.7723732204402822
看宜兴,mainstream_only,2023-05-28 10:09:00,2023-11-30 10:28:00,M->M,norisk,0.0,M,186.01319444444445,2023Q4,7,1,7,-0.6337022045549524,-0.7790091682732011,-0.7723732204402822
瞻云云,wemedia_only,2023-05-25 09:51:00,2023-06-06 08:59:00,L->M,risk,1.0,M,11.963888888888889,2023Q2,2,1,2,-0.6337022045549524,-0.8736034762056902,-0.8450113378100864
知行合一_2023-3,dual,2023-04-17 16:14:00,2023-06-09 10:26:00,M->M,norisk,0.5,M,52.75833333333333,2023Q2,6,12,6,-0.2950695591760691,-0.7979280298596989,-0.7869008439142431
知行合一_2023-3,dual,2023-06-09 10:26:00,2023-10-25 22:43:00,M->M,risk,1.0,M,138.51180555555555,2023Q4,6,12,6,-0.2950695591760691,-0.7979280298596989,-0.7869008439142431
石佛看投资,wemedia_only,2023-05-06 14:20:00,2023-05-06 16:08:00,L->M,risk,1.0,M,0.075,2023Q2,2,1,1,-0.6337022045549524,-0.892522337792188,-0.8450113378100864
石家庄卫生健康,mainstream_only,2023-05-30 14:17:00,2023-09-08 19:05:00,M->M,norisk,0.5,M,101.2,2023Q3,5,1,5,-0.6337022045549524,-0.8168468914461967,-0.8014284673882038
祖传中医肖春林,wemedia_only,2023-02-02 17:13:00,2023-02-04 09:53:00,M->M,norisk,0.0,M,1.6944444444444444,2023Q1,8,1,7,-0.6337022045549524,-0.7790091682732011,-0.7578455969663214
祖传中医肖春林,wemedia_only,2023-02-04 09:53:00,2023-02-24 16:05:00,M->M,norisk,0.0,M,20.258333333333333,2023Q1,8,1,7,-0.6337022045549524,-0.7790091682732011,-0.7578455969663214
祖传中医肖春林,wemedia_only,2023-02-24 16:05:00,2023-02-24 16:12:00,M->M,norisk,0.0,M,0.004861111111111111,2023Q1,8,1,7,-0.6337022045549524,-0.7790091682732011,-0.7578455969663214
祖传中医肖春林,wemedia_only,2023-02-24 16:12:00,2023-05-17 22:11:00,M->M,norisk,0.0,M,82.24930555555555,2023Q2,8,1,7,-0.6337022045549524,-0.7790091682732011,-0.7578455969663214
祖传中医肖春林,wemedia_only,2023-05-17 22:11:00,2023-07-20 20:59:00,M->M,norisk,0.0,M,63.95,2023Q3,8,1,7,-0.6337022045549524,-0.7790091682732011,-0.7578455969663214
祖传中医肖春林,wemedia_only,2023-07-20 20:59:00,2023-07-27 19:55:00,M->M,norisk,0.0,M,6.955555555555556,2023Q3,8,1,7,-0.6337022045549524,-0.7790091682732011,-0.7578455969663214
祖传中医肖春林,wemedia_only,2023-07-27 19:55:00,2023-11-29 20:59:00,M->M,risk,1.0,M,125.04444444444445,2023Q4,8,1,7,-0.6337022045549524,-0.7790091682732011,-0.7578455969663214
秭归发布,mainstream_only,2023-05-28 10:34:00,2023-05-29 09:34:00,M->M,norisk,0.0,M,0.9583333333333334,2023Q2,3,1,3,-0.6337022045549524,-0.8546846146191924,-0.8304837143361256
窗前的kelly,mainstream_only,2023-06-21 22:49:00,2023-07-23 11:59:00,M->H,norisk,0.0,H,31.54861111111111,2023Q3,6,18,6,-0.11036084351485997,-0.7979280298596989,-0.7869008439142431
窗前的kelly,mainstream_only,2023-07-23 11:59:00,2023-08-05 21:16:00,H->M,risk,0.6666666666666666,M,13.386805555555556,2023Q3,6,18,6,-0.11036084351485997,-0.7979280298596989,-0.7869008439142431
窗前的kelly,mainstream_only,2023-08-05 21:16:00,2023-09-14 22:48:00,M->M,risk,1.0,M,40.06388888888889,2023Q3,6,18,6,-0.11036084351485997,-0.7979280298596989,-0.7869008439142431
窗前的kelly,mainstream_only,2023-09-14 22:48:00,2023-09-26 20:13:00,M->H,norisk,0.0,H,11.89236111111111,2023Q3,6,18,6,-0.11036084351485997,-0.7979280298596989,-0.7869008439142431
窗前的kelly,mainstream_only,2023-09-26 20:13:00,2025-07-01 22:37:00,H->M,risk,1.0,M,644.1,2025Q3,6,18,6,-0.11036084351485997,-0.7979280298596989,-0.7869008439142431
章鱼洋洋,wemedia_only,2022-12-01 17:24:00,2022-12-01 17:49:00,M->M,norisk,0.0,M,0.017361111111111112,2022Q4,2,3,1,-0.5721326326678827,-0.892522337792188,-0.8450113378100864
童童叶1598,wemedia_only,2023-01-10 11:40:00,2023-01-10 11:46:00,L->H,risk,1.0,H,0.004166666666666667,2023Q1,2,2,1,-0.6029174186114176,-0.892522337792188,-0.8450113378100864
竹庄讲道,mainstream_only,2023-08-01 12:32:00,2023-08-02 17:02:00,M->M,norisk,0.0,M,1.1875,2023Q3,37,16,21,-0.1719304154019297,-0.5141451060622315,-0.33654451622145665
第一球迷胖哥,mainstream_only,2023-11-10 09:58:00,2024-02-22 08:50:00,M->M,risk,1.0,M,103.95277777777778,2024Q1,10,2,10,-0.6029174186114176,-0.7222525835137076,-0.7287903500183996
红色经典白,wemedia_only,2025-01-25 08:19:00,2025-01-25 15:19:00,M->M,norisk,0.0,M,0.2916666666666667,2025Q1,11,11,5,-0.3258543451196039,-0.8168468914461967,-0.7142627265444388
红色经典白,wemedia_only,2025-01-25 15:19:00,2025-01-25 15:19:00,M->M,norisk,0.0,M,0.0,2025Q1,11,11,5,-0.3258543451196039,-0.8168468914461967,-0.7142627265444388
红色经典白,wemedia_only,2025-01-25 15:19:00,2025-01-25 22:00:00,M->M,norisk,0.0,M,0.27847222222222223,2025Q1,11,11,5,-0.3258543451196039,-0.8168468914461967,-0.7142627265444388
红色经典白,wemedia_only,2025-01-25 22:00:00,2025-01-25 22:02:00,M->M,norisk,0.0,M,0.001388888888888889,2025Q1,11,11,5,-0.3258543451196039,-0.8168468914461967,-0.7142627265444388
红色经典白,wemedia_only,2025-01-25 22:02:00,2025-01-26 05:23:00,M->M,norisk,0.0,M,0.30625,2025Q1,11,11,5,-0.3258543451196039,-0.8168468914461967,-0.7142627265444388
红色经典白,wemedia_only,2025-01-26 05:23:00,2025-01-26 19:37:00,M->M,norisk,0.0,M,0.5930555555555556,2025Q1,11,11,5,-0.3258543451196039,-0.8168468914461967,-0.7142627265444388
红色经典白,wemedia_only,2025-01-26 19:37:00,2025-01-27 08:13:00,M->M,norisk,0.0,M,0.525,2025Q1,11,11,5,-0.3258543451196039,-0.8168468914461967,-0.7142627265444388
红色经典白,wemedia_only,2025-01-27 08:13:00,2025-01-28 14:05:00,M->M,norisk,0.0,M,1.2444444444444445,2025Q1,11,11,5,-0.3258543451196039,-0.8168468914461967,-0.7142627265444388
红色经典白,wemedia_only,2025-01-28 14:05:00,2025-01-29 13:52:00,M->M,norisk,0.0,M,0.9909722222222223,2025Q1,11,11,5,-0.3258543451196039,-0.8168468914461967,-0.7142627265444388
红色经典白,wemedia_only,2025-01-29 13:52:00,2025-01-29 13:52:00,M->M,norisk,0.0,M,0.0,2025Q1,11,11,5,-0.3258543451196039,-0.8168468914461967,-0.7142627265444388
纶柒紗琉,wemedia_only,2020-03-18 19:20:00,2020-03-18 19:20:00,M->M,norisk,0.0,M,0.0,2020Q1,4,6,1,-0.4797782748372782,-0.892522337792188,-0.8159560908621647
纶柒紗琉,wemedia_only,2020-03-18 19:20:00,2020-03-18 19:21:00,M->M,norisk,0.0,M,0.0006944444444444445,2020Q1,4,6,1,-0.4797782748372782,-0.892522337792188,-0.8159560908621647
纶柒紗琉,wemedia_only,2020-03-18 19:21:00,2020-03-18 19:23:00,M->M,norisk,0.0,M,0.001388888888888889,2020Q1,4,6,1,-0.4797782748372782,-0.892522337792188,-0.8159560908621647
绍兴发布,mainstream_only,2023-02-07 18:19:00,2023-02-09 20:30:00,M->M,norisk,0.0,M,2.0909722222222222,2023Q1,2,2,2,-0.6029174186114176,-0.8736034762056902,-0.8450113378100864
绿绿绿绿绿绿子greenjade,mainstream_only,2023-04-01 12:10:00,2023-04-01 20:49:00,H->M,norisk,0.0,M,0.36041666666666666,2023Q2,3,4,2,-0.5413478467243479,-0.8736034762056902,-0.8304837143361256
罗百竹,wemedia_only,2023-03-05 10:10:00,2023-03-06 10:27:00,M->M,norisk,0.0,M,1.0118055555555556,2023Q1,43,13,41,-0.26428477323253424,-0.13576787433227488,-0.24937877537769157
罗百竹,wemedia_only,2023-06-09 09:46:00,2023-07-08 14:09:00,M->M,norisk,0.0,M,29.18263888888889,2023Q3,43,13,41,-0.26428477323253424,-0.13576787433227488,-0.24937877537769157
美国医级资源_Sonmore,wemedia_only,2022-10-15 10:08:00,2022-10-22 23:13:00,M->M,risk,1.0,M,7.545138888888889,2022Q4,8,8,8,-0.4182087029502085,-0.7600903066867033,-0.7578455969663214
美国医级资源_Sonmore,wemedia_only,2022-10-22 23:13:00,2023-04-23 12:22:00,M->M,risk,1.0,M,182.54791666666668,2023Q2,8,8,8,-0.4182087029502085,-0.7600903066867033,-0.7578455969663214
美国医级资源_Sonmore,wemedia_only,2023-04-23 12:22:00,2023-05-02 10:40:00,M->M,norisk,0.0,M,8.929166666666667,2023Q2,8,8,8,-0.4182087029502085,-0.7600903066867033,-0.7578455969663214
美国医级资源_Sonmore,wemedia_only,2023-05-02 10:40:00,2023-10-30 21:02:00,M->M,norisk,0.0,M,181.43194444444444,2023Q4,8,8,8,-0.4182087029502085,-0.7600903066867033,-0.7578455969663214
美国医级资源_Sonmore,wemedia_only,2023-10-30 21:02:00,2023-11-24 08:46:00,M->M,norisk,0.0,M,24.488888888888887,2023Q4,8,8,8,-0.4182087029502085,-0.7600903066867033,-0.7578455969663214
美国医级资源_Sonmore,wemedia_only,2023-11-24 08:46:00,2024-03-18 06:47:00,M->M,risk,1.0,M,114.9173611111111,2024Q1,8,8,8,-0.4182087029502085,-0.7600903066867033,-0.7578455969663214
美国医级资源_Sonmore,wemedia_only,2024-03-18 06:47:00,2025-05-25 09:23:00,M->M,norisk,0.0,M,433.10833333333335,2025Q2,8,8,8,-0.4182087029502085,-0.7600903066867033,-0.7578455969663214
美好的圆溜溜,wemedia_only,2023-02-04 14:50:00,2023-02-04 14:53:00,M->M,risk,1.0,M,0.0020833333333333333,2023Q1,54,1,41,-0.6337022045549524,-0.13576787433227488,-0.0895749171641222
美好的圆溜溜,wemedia_only,2023-02-04 14:53:00,2023-02-27 17:17:00,M->M,risk,1.0,M,23.1,2023Q1,54,1,41,-0.6337022045549524,-0.13576787433227488,-0.0895749171641222
美好的圆溜溜,wemedia_only,2023-02-28 19:16:00,2023-03-12 21:32:00,M->M,risk,1.0,M,12.094444444444445,2023Q1,54,1,41,-0.6337022045549524,-0.13576787433227488,-0.0895749171641222
美好的圆溜溜,wemedia_only,2023-03-29 14:56:00,2023-03-29 14:57:00,H->M,risk,1.0,M,0.0006944444444444445,2023Q1,54,1,41,-0.6337022045549524,-0.13576787433227488,-0.0895749171641222
美好的圆溜溜,wemedia_only,2023-03-29 14:57:00,2023-03-31 02:35:00,M->L,risk,1.0,L,1.4847222222222223,2023Q1,54,1,41,-0.6337022045549524,-0.13576787433227488,-0.0895749171641222
美好的圆溜溜,wemedia_only,2023-03-31 02:35:00,2023-04-03 17:02:00,L->M,risk,1.0,M,3.6020833333333333,2023Q2,54,1,41,-0.6337022045549524,-0.13576787433227488,-0.0895749171641222
美好的圆溜溜,wemedia_only,2023-04-03 17:02:00,2023-05-04 11:38:00,M->M,risk,1.0,M,30.775,2023Q2,54,1,41,-0.6337022045549524,-0.13576787433227488,-0.0895749171641222
美好的圆溜溜,wemedia_only,2023-05-04 11:38:00,2023-05-27 00:18:00,M->M,norisk,0.0,M,22.52777777777778,2023Q2,54,1,41,-0.6337022045549524,-0.13576787433227488,-0.0895749171641222
美好的圆溜溜,wemedia_only,2023-05-27 00:18:00,2023-05-27 17:22:00,M->H,risk,1.0,H,0.7111111111111111,2023Q2,54,1,41,-0.6337022045549524,-0.13576787433227488,-0.0895749171641222
美好的圆溜溜,wemedia_only,2023-05-27 17:22:00,2023-05-27 17:38:00,H->M,risk,1.0,M,0.011111111111111112,2023Q2,54,1,41,-0.6337022045549524,-0.13576787433227488,-0.0895749171641222
美好的圆溜溜,wemedia_only,2023-05-27 17:38:00,2023-05-27 18:09:00,M->M,risk,1.0,M,0.021527777777777778,2023Q2,54,1,41,-0.6337022045549524,-0.13576787433227488,-0.0895749171641222
美好的圆溜溜,wemedia_only,2023-05-27 18:09:00,2023-05-27 20:22:00,M->M,risk,1.0,M,0.09236111111111112,2023Q2,54,1,41,-0.6337022045549524,-0.13576787433227488,-0.0895749171641222
美好的圆溜溜,wemedia_only,2023-05-27 20:22:00,2023-05-30 13:06:00,M->M,risk,1.0,M,2.6972222222222224,2023Q2,54,1,41,-0.6337022045549524,-0.13576787433227488,-0.0895749171641222
美好的圆溜溜,wemedia_only,2023-05-30 13:06:00,2023-06-03 17:40:00,M->M,norisk,0.0,M,4.190277777777778,2023Q2,54,1,41,-0.6337022045549524,-0.13576787433227488,-0.0895749171641222
美好的圆溜溜,wemedia_only,2023-06-03 17:40:00,2023-06-06 03:56:00,M->M,norisk,0.0,M,2.4277777777777776,2023Q2,54,1,41,-0.6337022045549524,-0.13576787433227488,-0.0895749171641222
美好的圆溜溜,wemedia_only,2023-06-06 03:56:00,2023-06-06 17:07:00,M->M,risk,1.0,M,0.5493055555555556,2023Q2,54,1,41,-0.6337022045549524,-0.13576787433227488,-0.0895749171641222
美好的圆溜溜,wemedia_only,2023-06-06 17:07:00,2023-06-07 02:56:00,M->M,risk,1.0,M,0.40902777777777777,2023Q2,54,1,41,-0.6337022045549524,-0.13576787433227488,-0.0895749171641222
美好的圆溜溜,wemedia_only,2023-06-07 02:56:00,2023-06-10 04:29:00,M->M,risk,1.0,M,3.064583333333333,2023Q2,54,1,41,-0.6337022045549524,-0.13576787433227488,-0.0895749171641222
美好的圆溜溜,wemedia_only,2023-06-10 04:29:00,2023-06-11 00:04:00,M->M,risk,1.0,M,0.8159722222222222,2023Q2,54,1,41,-0.6337022045549524,-0.13576787433227488,-0.0895749171641222
美好的圆溜溜,wemedia_only,2023-06-11 00:04:00,2023-06-11 00:12:00,M->M,norisk,0.5,M,0.005555555555555556,2023Q2,54,1,41,-0.6337022045549524,-0.13576787433227488,-0.0895749171641222
美好的圆溜溜,wemedia_only,2023-06-11 00:12:00,2023-06-12 07:54:00,M->L,norisk,0.5,L,1.3208333333333333,2023Q2,54,1,41,-0.6337022045549524,-0.13576787433227488,-0.0895749171641222
美好的圆溜溜,wemedia_only,2023-06-12 07:54:00,2023-06-12 07:55:00,L->M,risk,1.0,M,0.0006944444444444445,2023Q2,54,1,41,-0.6337022045549524,-0.13576787433227488,-0.0895749171641222
美好的圆溜溜,wemedia_only,2023-06-12 07:55:00,2023-06-13 17:00:00,M->M,risk,1.0,M,1.3784722222222223,2023Q2,54,1,41,-0.6337022045549524,-0.13576787433227488,-0.0895749171641222
美好的圆溜溜,wemedia_only,2023-06-13 17:00:00,2023-06-15 06:34:00,M->M,risk,1.0,M,1.5652777777777778,2023Q2,54,1,41,-0.6337022045549524,-0.13576787433227488,-0.0895749171641222
美好的圆溜溜,wemedia_only,2023-06-15 06:34:00,2023-06-22 18:45:00,M->M,risk,1.0,M,7.507638888888889,2023Q2,54,1,41,-0.6337022045549524,-0.13576787433227488,-0.0895749171641222
美好的圆溜溜,wemedia_only,2023-06-28 21:12:00,2023-06-29 21:07:00,M->M,norisk,0.0,M,0.9965277777777778,2023Q2,54,1,41,-0.6337022045549524,-0.13576787433227488,-0.0895749171641222
美好的圆溜溜,wemedia_only,2023-06-29 21:07:00,2023-07-02 01:32:00,M->M,norisk,0.0,M,2.1840277777777777,2023Q3,54,1,41,-0.6337022045549524,-0.13576787433227488,-0.0895749171641222
美好的圆溜溜,wemedia_only,2023-08-15 21:04:00,2023-08-18 01:39:00,M->M,risk,1.0,M,2.1909722222222223,2023Q3,54,1,41,-0.6337022045549524,-0.13576787433227488,-0.0895749171641222
美好的圆溜溜,wemedia_only,2023-10-16 18:43:00,2023-11-03 19:33:00,M->M,risk,1.0,M,18.03472222222222,2023Q4,54,1,41,-0.6337022045549524,-0.13576787433227488,-0.0895749171641222
美好的圆溜溜,wemedia_only,2023-11-03 19:33:00,2023-12-09 16:50:00,M->L,risk,1.0,L,35.886805555555554,2023Q4,54,1,41,-0.6337022045549524,-0.13576787433227488,-0.0895749171641222
美好的圆溜溜,wemedia_only,2023-12-09 16:50:00,2023-12-18 14:59:00,L->M,risk,1.0,M,8.922916666666667,2023Q4,54,1,41,-0.6337022045549524,-0.13576787433227488,-0.0895749171641222
美好的圆溜溜,wemedia_only,2023-12-18 14:59:00,2023-12-27 21:37:00,M->M,norisk,0.0,M,9.276388888888889,2023Q4,54,1,41,-0.6337022045549524,-0.13576787433227488,-0.0895749171641222
美好的圆溜溜,wemedia_only,2023-12-27 21:37:00,2024-01-23 16:44:00,M->H,norisk,0.0,H,26.79652777777778,2024Q1,54,1,41,-0.6337022045549524,-0.13576787433227488,-0.0895749171641222
美好的圆溜溜,wemedia_only,2024-01-23 16:44:00,2024-02-23 17:20:00,H->M,risk,1.0,M,31.025,2024Q1,54,1,41,-0.6337022045549524,-0.13576787433227488,-0.0895749171641222
美帝花凌g2了没,wemedia_only,2024-06-23 15:13:00,2024-10-21 19:31:00,M->M,risk,1.0,M,120.17916666666666,2024Q4,3,2,3,-0.6029174186114176,-0.8546846146191924,-0.8304837143361256
羽族皇子15u,wemedia_only,2020-03-18 19:29:00,2020-03-18 20:48:00,M->M,risk,1.0,M,0.05486111111111111,2020Q1,3,4,1,-0.5413478467243479,-0.892522337792188,-0.8304837143361256
羽族皇子15u,wemedia_only,2020-03-18 20:48:00,2020-03-18 22:08:00,M->M,risk,1.0,M,0.05555555555555555,2020Q1,3,4,1,-0.5413478467243479,-0.892522337792188,-0.8304837143361256
翟峰搞清这世界,wemedia_only,2022-07-25 10:39:00,2022-09-03 00:50:00,L->H,risk,1.0,H,39.59097222222222,2022Q3,9,9,9,-0.38742391700667367,-0.7411714451002055,-0.7433179734923605
翟峰搞清这世界,wemedia_only,2022-09-03 00:50:00,2022-09-18 09:40:00,H->H,risk,1.0,H,15.368055555555555,2022Q3,9,9,9,-0.38742391700667367,-0.7411714451002055,-0.7433179734923605
翟峰搞清这世界,wemedia_only,2022-09-18 09:40:00,2022-09-25 07:44:00,H->M,risk,1.0,M,6.919444444444444,2022Q3,9,9,9,-0.38742391700667367,-0.7411714451002055,-0.7433179734923605
翟峰搞清这世界,wemedia_only,2022-09-25 07:44:00,2023-02-02 18:52:00,M->M,risk,1.0,M,130.4638888888889,2023Q1,9,9,9,-0.38742391700667367,-0.7411714451002055,-0.7433179734923605
翟峰搞清这世界,wemedia_only,2023-02-02 18:52:00,2023-07-24 00:13:00,M->L,norisk,0.0,L,171.22291666666666,2023Q3,9,9,9,-0.38742391700667367,-0.7411714451002055,-0.7433179734923605
翟峰搞清这世界,wemedia_only,2023-07-24 00:13:00,2023-09-03 01:36:00,L->L,risk,1.0,L,41.05763888888889,2023Q3,9,9,9,-0.38742391700667367,-0.7411714451002055,-0.7433179734923605
翟峰搞清这世界,wemedia_only,2023-09-03 01:36:00,2024-08-29 11:08:00,L->L,risk,1.0,L,361.39722222222224,2024Q3,9,9,9,-0.38742391700667367,-0.7411714451002055,-0.7433179734923605
翟峰搞清这世界,wemedia_only,2024-08-29 11:08:00,2025-03-02 20:46:00,L->L,risk,1.0,L,185.4013888888889,2025Q1,9,9,9,-0.38742391700667367,-0.7411714451002055,-0.7433179734923605
翻译硕士考研网,wemedia_only,2023-10-31 10:30:00,2023-11-01 17:42:00,M->M,norisk,0.0,M,1.3,2023Q4,2,1,2,-0.6337022045549524,-0.8736034762056902,-0.8450113378100864
育儿专家-王玉玮,wemedia_only,2022-12-07 09:31:00,2022-12-07 10:29:00,M->M,norisk,0.0,M,0.04027777777777778,2022Q4,2,7,1,-0.44899348889374335,-0.892522337792188,-0.8450113378100864
艾洛梦游记,wemedia_only,2020-03-18 20:08:00,2020-03-18 20:24:00,M->M,risk,0.8333333333333334,M,0.011111111111111112,2020Q1,6,2,1,-0.6029174186114176,-0.892522337792188,-0.7869008439142431
艾洛梦游记,wemedia_only,2020-03-18 20:24:00,2020-03-18 20:30:00,M->M,risk,0.8333333333333334,M,0.004166666666666667,2020Q1,6,2,1,-0.6029174186114176,-0.892522337792188,-0.7869008439142431
艾洛梦游记,wemedia_only,2020-03-18 20:30:00,2020-03-18 20:53:00,M->M,risk,0.8333333333333334,M,0.01597222222222222,2020Q1,6,2,1,-0.6029174186114176,-0.892522337792188,-0.7869008439142431
艾洛梦游记,wemedia_only,2020-03-18 20:53:00,2020-03-18 20:53:00,M->M,risk,0.8333333333333334,M,0.0,2020Q1,6,2,1,-0.6029174186114176,-0.892522337792188,-0.7869008439142431
艾洛梦游记,wemedia_only,2020-03-18 20:53:00,2020-03-18 20:55:00,M->M,risk,0.8333333333333334,M,0.001388888888888889,2020Q1,6,2,1,-0.6029174186114176,-0.892522337792188,-0.7869008439142431
若vs衡,wemedia_only,2022-12-26 18:28:00,2022-12-29 10:42:00,L->M,risk,1.0,M,2.676388888888889,2022Q4,2,3,2,-0.5721326326678827,-0.8736034762056902,-0.8450113378100864
苹果肖肖樂,wemedia_only,2020-03-18 19:37:00,2020-03-18 20:13:00,M->M,norisk,0.0,M,0.025,2020Q1,2,2,1,-0.6029174186114176,-0.892522337792188,-0.8450113378100864
茫茫本尊,dual,2023-02-04 14:22:00,2023-02-04 14:29:00,L->L,risk,1.0,L,0.004861111111111111,2023Q1,2,12,1,-0.2950695591760691,-0.892522337792188,-0.8450113378100864
草莓味的山楂酱,mainstream_only,2022-03-14 16:56:00,2023-10-04 11:14:00,M->M,risk,1.0,M,568.7625,2023Q4,3,1,3,-0.6337022045549524,-0.8546846146191924,-0.8304837143361256
药子陌,wemedia_only,2023-02-04 11:06:00,2023-02-09 15:09:00,M->M,norisk,0.0,M,5.16875,2023Q1,17,4,16,-0.5413478467243479,-0.6087394139947206,-0.6270969857006737
药子陌,wemedia_only,2023-02-09 15:09:00,2023-03-15 20:33:00,M->M,norisk,0.0,M,34.225,2023Q1,17,4,16,-0.5413478467243479,-0.6087394139947206,-0.6270969857006737
药子陌,wemedia_only,2023-03-15 20:33:00,2023-03-24 11:53:00,M->M,norisk,0.0,M,8.63888888888889,2023Q1,17,4,16,-0.5413478467243479,-0.6087394139947206,-0.6270969857006737
药子陌,wemedia_only,2023-03-24 11:53:00,2023-05-18 15:02:00,M->M,norisk,0.0,M,55.13125,2023Q2,17,4,16,-0.5413478467243479,-0.6087394139947206,-0.6270969857006737
药子陌,wemedia_only,2023-05-18 15:02:00,2023-05-22 18:05:00,M->M,norisk,0.0,M,4.127083333333333,2023Q2,17,4,16,-0.5413478467243479,-0.6087394139947206,-0.6270969857006737
药子陌,wemedia_only,2023-05-22 18:05:00,2023-09-25 07:33:00,M->H,norisk,0.0,H,125.56111111111112,2023Q3,17,4,16,-0.5413478467243479,-0.6087394139947206,-0.6270969857006737
药子陌,wemedia_only,2023-09-25 07:33:00,2023-09-25 08:06:00,H->M,norisk,0.5,M,0.022916666666666665,2023Q3,17,4,16,-0.5413478467243479,-0.6087394139947206,-0.6270969857006737
药子陌,wemedia_only,2023-09-25 08:06:00,2023-11-24 10:53:00,M->M,norisk,0.5,M,60.115972222222226,2023Q4,17,4,16,-0.5413478467243479,-0.6087394139947206,-0.6270969857006737
药子陌,wemedia_only,2023-11-24 10:53:00,2023-12-14 18:01:00,M->M,norisk,0.0,M,20.29722222222222,2023Q4,17,4,16,-0.5413478467243479,-0.6087394139947206,-0.6270969857006737
药子陌,wemedia_only,2023-12-14 18:01:00,2024-01-09 19:14:00,M->M,risk,1.0,M,26.050694444444446,2024Q1,17,4,16,-0.5413478467243479,-0.6087394139947206,-0.6270969857006737
药子陌,wemedia_only,2024-01-09 19:14:00,2024-05-16 20:00:00,M->M,norisk,0.0,M,128.03194444444443,2024Q2,17,4,16,-0.5413478467243479,-0.6087394139947206,-0.6270969857006737
药子陌,wemedia_only,2024-05-16 20:00:00,2024-05-17 20:00:00,M->M,risk,1.0,M,1.0,2024Q2,17,4,16,-0.5413478467243479,-0.6087394139947206,-0.6270969857006737
药子陌,wemedia_only,2024-05-17 20:00:00,2024-05-21 23:10:00,M->M,norisk,0.0,M,4.131944444444445,2024Q2,17,4,16,-0.5413478467243479,-0.6087394139947206,-0.6270969857006737
药子陌,wemedia_only,2024-05-21 23:10:00,2024-05-23 20:30:00,M->M,risk,1.0,M,1.8888888888888888,2024Q2,17,4,16,-0.5413478467243479,-0.6087394139947206,-0.6270969857006737
药子陌,wemedia_only,2024-05-23 20:30:00,2024-09-17 14:34:00,M->M,norisk,0.0,M,116.75277777777778,2024Q3,17,4,16,-0.5413478467243479,-0.6087394139947206,-0.6270969857006737
药师驾到助健康,wemedia_only,2022-12-23 15:38:00,2022-12-23 15:39:00,M->M,risk,1.0,M,0.0006944444444444445,2022Q4,2,1,1,-0.6337022045549524,-0.892522337792188,-0.8450113378100864
荷香物语,dual,2023-05-01 16:24:00,2023-07-30 13:54:00,M->L,norisk,0.0,L,89.89583333333333,2023Q3,3,5,3,-0.510563060780813,-0.8546846146191924,-0.8304837143361256
莘县融媒体中心,mainstream_only,2023-05-28 11:55:00,2023-06-02 10:52:00,M->M,norisk,0.0,M,4.95625,2023Q2,3,2,3,-0.6029174186114176,-0.8546846146191924,-0.8304837143361256
莴苣与土豆,mainstream_only,2024-10-16 14:07:00,2025-05-26 08:35:00,M->H,risk,1.0,H,221.76944444444445,2025Q2,2,2,2,-0.6029174186114176,-0.8736034762056902,-0.8450113378100864
著名酒后表脸艺术家,wemedia_only,2024-05-12 22:11:00,2024-05-12 22:16:00,H->M,norisk,0.3333333333333333,M,0.003472222222222222,2024Q2,3,2,2,-0.6029174186114176,-0.8736034762056902,-0.8304837143361256
葬剑叹箫心,wemedia_only,2024-08-15 13:01:00,2024-09-04 20:06:00,M->M,norisk,0.0,M,20.29513888888889,2024Q3,12,10,12,-0.35663913106313877,-0.684414860340712,-0.6997351030704779
蒙味始觉,wemedia_only,2022-08-30 07:04:00,2022-09-01 07:31:00,M->M,risk,1.0,M,2.01875,2022Q3,7,20,7,-0.04879127162779026,-0.7790091682732011,-0.7723732204402822
蒙味始觉,wemedia_only,2022-09-01 07:31:00,2022-09-05 06:12:00,M->H,risk,1.0,H,3.9451388888888888,2022Q3,7,20,7,-0.04879127162779026,-0.7790091682732011,-0.7723732204402822
蒙味始觉,wemedia_only,2022-09-05 06:12:00,2022-10-14 11:35:00,H->M,risk,1.0,M,39.22430555555555,2022Q4,7,20,7,-0.04879127162779026,-0.7790091682732011,-0.7723732204402822
蒙味始觉,wemedia_only,2022-10-14 11:35:00,2022-10-15 06:51:00,M->M,risk,1.0,M,0.8027777777777778,2022Q4,7,20,7,-0.04879127162779026,-0.7790091682732011,-0.7723732204402822
蒙味始觉,wemedia_only,2022-10-15 06:51:00,2022-12-01 16:54:00,M->M,risk,1.0,M,47.41875,2022Q4,7,20,7,-0.04879127162779026,-0.7790091682732011,-0.7723732204402822
蒙味始觉,wemedia_only,2022-12-01 16:54:00,2023-09-27 09:11:00,M->M,norisk,0.0,M,299.67847222222224,2023Q3,7,20,7,-0.04879127162779026,-0.7790091682732011,-0.7723732204402822
薏米薏米酱_,wemedia_only,2020-03-18 19:44:00,2020-03-18 19:47:00,M->M,risk,0.75,M,0.0020833333333333333,2020Q1,4,6,1,-0.4797782748372782,-0.892522337792188,-0.8159560908621647
薏米薏米酱_,wemedia_only,2020-03-18 19:47:00,2020-03-18 19:55:00,M->M,risk,0.75,M,0.005555555555555556,2020Q1,4,6,1,-0.4797782748372782,-0.892522337792188,-0.8159560908621647
薏米薏米酱_,wemedia_only,2020-03-18 19:55:00,2020-03-18 20:01:00,M->M,risk,0.75,M,0.004166666666666667,2020Q1,4,6,1,-0.4797782748372782,-0.892522337792188,-0.8159560908621647
蜜柚春日酒,wemedia_only,2020-03-18 20:14:00,2020-03-18 20:16:00,M->M,norisk,0.0,M,0.001388888888888889,2020Q1,2,4,1,-0.5413478467243479,-0.892522337792188,-0.8450113378100864
蜜桃莓莓摇摇冰,wemedia_only,2020-03-18 20:48:00,2020-03-18 20:48:00,M->M,norisk,0.0,M,0.0,2020Q1,2,2,1,-0.6029174186114176,-0.892522337792188,-0.8450113378100864
行动的苍鹰,mainstream_only,2023-05-17 23:26:00,2023-06-12 22:24:00,M->H,risk,1.0,H,25.956944444444446,2023Q2,4,2,4,-0.6029174186114176,-0.8357657530326946,-0.8159560908621647
袅袅水芝红nnszh,mainstream_only,2023-02-05 12:47:00,2023-02-06 08:53:00,M->H,norisk,0.0,H,0.8375,2023Q1,8,1,7,-0.6337022045549524,-0.7790091682732011,-0.7578455969663214
被动发财躺赢人生就是我,mainstream_only,2023-08-13 05:09:00,2023-09-10 08:35:00,M->M,risk,1.0,M,28.143055555555556,2023Q3,8,7,8,-0.44899348889374335,-0.7600903066867033,-0.7578455969663214
被动发财躺赢人生就是我,mainstream_only,2023-09-10 08:35:00,2023-09-20 03:22:00,M->M,norisk,0.0,M,9.782638888888888,2023Q3,8,7,8,-0.44899348889374335,-0.7600903066867033,-0.7578455969663214
被动发财躺赢人生就是我,mainstream_only,2023-09-20 03:22:00,2023-11-19 13:07:00,M->H,risk,1.0,H,60.40625,2023Q4,8,7,8,-0.44899348889374335,-0.7600903066867033,-0.7578455969663214
被辐射的女拖拉机手,wemedia_only,2023-09-11 11:53:00,2024-03-15 15:20:00,M->M,norisk,0.0,M,186.14375,2024Q1,5,4,5,-0.5413478467243479,-0.8168468914461967,-0.8014284673882038
被辐射的女拖拉机手,wemedia_only,2024-03-15 15:20:00,2024-09-21 21:42:00,M->M,norisk,0.0,M,190.26527777777778,2024Q3,5,4,5,-0.5413478467243479,-0.8168468914461967,-0.8014284673882038
西北偏东南2020,mainstream_only,2023-08-14 07:29:00,2023-08-14 07:32:00,M->M,risk,1.0,M,0.0020833333333333333,2023Q3,4,6,3,-0.4797782748372782,-0.8546846146191924,-0.8159560908621647
西北偏东南2020,mainstream_only,2023-08-14 07:32:00,2024-08-05 20:05:00,M->M,risk,1.0,M,357.5229166666667,2024Q3,4,6,3,-0.4797782748372782,-0.8546846146191924,-0.8159560908621647
西安检察,mainstream_only,2020-03-18 18:51:00,2021-02-26 09:12:55,M->M,norisk,0.0,M,344.5985532407407,2021Q1,2,4,2,-0.5413478467243479,-0.8736034762056902,-0.8450113378100864
西山不可刘,wemedia_only,2023-12-12 20:40:00,2023-12-13 17:10:00,M->M,norisk,0.0,M,0.8541666666666666,2023Q4,3,5,3,-0.510563060780813,-0.8546846146191924,-0.8304837143361256
西山不可刘,wemedia_only,2023-12-13 17:10:00,2024-01-25 16:14:00,M->M,norisk,0.0,M,42.96111111111111,2024Q1,3,5,3,-0.510563060780813,-0.8546846146191924,-0.8304837143361256
要改正要学好,dual,2023-10-05 21:11:00,2023-10-25 21:58:00,M->M,risk,1.0,M,20.03263888888889,2023Q4,13,30,13,0.25905658780755825,-0.6654959987542142,-0.6852074795965171
要改正要学好,dual,2023-12-07 12:17:00,2023-12-08 23:07:00,M->H,norisk,0.0,H,1.4513888888888888,2023Q4,13,30,13,0.25905658780755825,-0.6654959987542142,-0.6852074795965171
要改正要学好,dual,2024-09-30 23:45:00,2024-10-16 19:03:00,M->H,risk,1.0,H,15.804166666666667,2024Q4,13,30,13,0.25905658780755825,-0.6654959987542142,-0.6852074795965171
要改正要学好,dual,2024-10-16 19:03:00,2024-12-15 23:23:00,H->M,risk,1.0,M,60.18055555555556,2024Q4,13,30,13,0.25905658780755825,-0.6654959987542142,-0.6852074795965171
要改正要学好,dual,2024-12-15 23:23:00,2024-12-16 19:21:00,M->H,risk,1.0,H,0.8319444444444445,2024Q4,13,30,13,0.25905658780755825,-0.6654959987542142,-0.6852074795965171
认真的吉吉,wemedia_only,2024-06-23 18:56:00,2024-07-09 12:01:00,M->M,risk,1.0,M,15.711805555555555,2024Q3,3,3,3,-0.5721326326678827,-0.8546846146191924,-0.8304837143361256
许住琪KiKi,wemedia_only,2022-03-14 14:22:00,2022-03-14 15:44:00,H->M,norisk,0.0,M,0.05694444444444444,2022Q1,2,2,1,-0.6029174186114176,-0.892522337792188,-0.8450113378100864
话说三秦,wemedia_only,2022-03-14 16:40:00,2022-10-14 09:12:00,M->M,risk,1.0,M,213.6888888888889,2022Q4,2,2,2,-0.6029174186114176,-0.8736034762056902,-0.8450113378100864
诞诞旦,wemedia_only,2022-03-14 12:38:00,2023-06-01 23:48:00,M->M,norisk,0.0,M,444.46527777777777,2023Q2,2,2,2,-0.6029174186114176,-0.8736034762056902,-0.8450113378100864
财经早餐,wemedia_only,2021-03-23 10:08:00,2022-03-14 16:17:00,H->M,risk,1.0,M,356.25625,2022Q1,3,1,3,-0.6337022045549524,-0.8546846146191924,-0.8304837143361256
财经早餐,wemedia_only,2022-03-14 16:17:00,2023-02-09 16:48:00,M->M,risk,1.0,M,332.0215277777778,2023Q1,3,1,3,-0.6337022045549524,-0.8546846146191924,-0.8304837143361256
财越达,wemedia_only,2023-10-01 23:16:00,2025-05-19 13:23:00,M->M,risk,1.0,M,595.5881944444444,2025Q2,2,1,2,-0.6337022045549524,-0.8736034762056902,-0.8450113378100864
贵州戒毒,mainstream_only,2022-03-14 16:14:00,2023-02-03 08:58:00,M->M,risk,1.0,M,325.6972222222222,2023Q1,2,2,2,-0.6029174186114176,-0.8736034762056902,-0.8450113378100864
赤jio熊喵,mainstream_only,2023-02-10 23:14:00,2023-02-13 20:47:00,M->M,norisk,0.0,M,2.8979166666666667,2023Q1,100,30,70,0.25905658780755825,0.4128791116761622,0.578695762638077
赤jio熊喵,mainstream_only,2023-03-17 14:26:00,2023-03-18 13:30:00,M->M,norisk,0.0,M,0.9611111111111111,2023Q1,100,30,70,0.25905658780755825,0.4128791116761622,0.578695762638077
赵庆英语,wemedia_only,2023-03-06 10:13:00,2023-06-07 23:31:00,L->M,risk,1.0,M,93.55416666666666,2023Q2,13,2,13,-0.6029174186114176,-0.6654959987542142,-0.6852074795965171
赵庆英语,wemedia_only,2023-06-07 23:31:00,2023-06-15 15:35:00,M->M,risk,1.0,M,7.669444444444444,2023Q2,13,2,13,-0.6029174186114176,-0.6654959987542142,-0.6852074795965171
赵庆英语,wemedia_only,2023-06-15 15:35:00,2023-06-16 19:02:00,M->M,norisk,0.0,M,1.14375,2023Q2,13,2,13,-0.6029174186114176,-0.6654959987542142,-0.6852074795965171
赵庆英语,wemedia_only,2023-06-16 19:02:00,2023-10-24 10:37:00,M->M,norisk,0.0,M,129.64930555555554,2023Q4,13,2,13,-0.6029174186114176,-0.6654959987542142,-0.6852074795965171
赵庆英语,wemedia_only,2023-10-24 10:37:00,2023-10-31 09:49:00,M->H,norisk,0.0,H,6.966666666666667,2023Q4,13,2,13,-0.6029174186114176,-0.6654959987542142,-0.6852074795965171
赵庆英语,wemedia_only,2023-10-31 09:49:00,2023-11-06 22:25:00,H->H,risk,1.0,H,6.525,2023Q4,13,2,13,-0.6029174186114176,-0.6654959987542142,-0.6852074795965171
赵庆英语,wemedia_only,2023-11-06 22:25:00,2023-12-28 19:05:00,H->M,risk,1.0,M,51.861111111111114,2023Q4,13,2,13,-0.6029174186114176,-0.6654959987542142,-0.6852074795965171
赵庆英语,wemedia_only,2023-12-28 19:05:00,2024-02-25 16:49:00,M->M,norisk,0.0,M,58.90555555555556,2024Q1,13,2,13,-0.6029174186114176,-0.6654959987542142,-0.6852074795965171
赵庆英语,wemedia_only,2024-02-25 16:49:00,2024-03-01 07:01:00,M->M,norisk,0.0,M,4.591666666666667,2024Q1,13,2,13,-0.6029174186114176,-0.6654959987542142,-0.6852074795965171
赵庆英语,wemedia_only,2024-03-01 07:01:00,2024-04-08 08:40:00,M->M,norisk,0.0,M,38.06875,2024Q2,13,2,13,-0.6029174186114176,-0.6654959987542142,-0.6852074795965171
赵庆英语,wemedia_only,2024-04-08 08:40:00,2024-08-04 13:27:00,M->M,risk,1.0,M,118.19930555555555,2024Q3,13,2,13,-0.6029174186114176,-0.6654959987542142,-0.6852074795965171
赵庆英语,wemedia_only,2024-08-04 13:27:00,2024-09-01 23:35:00,M->M,risk,1.0,M,28.42222222222222,2024Q3,13,2,13,-0.6029174186114176,-0.6654959987542142,-0.6852074795965171
辣叶摧秋,mainstream_only,2023-11-10 10:46:00,2024-03-29 22:18:00,H->L,risk,1.0,L,140.48055555555555,2024Q1,2,1,2,-0.6337022045549524,-0.8736034762056902,-0.8450113378100864
还必须说不定不,mainstream_only,2023-05-18 08:39:00,2023-06-15 07:41:00,M->L,risk,1.0,L,27.959722222222222,2023Q2,11,12,11,-0.2950695591760691,-0.7033337219272098,-0.7142627265444388
还必须说不定不,mainstream_only,2023-06-15 07:41:00,2023-06-27 23:11:00,L->H,norisk,0.0,H,12.645833333333334,2023Q2,11,12,11,-0.2950695591760691,-0.7033337219272098,-0.7142627265444388
逃离陌上的软耳甜兔,wemedia_only,2022-01-15 20:02:00,2022-10-14 13:49:00,M->M,risk,1.0,M,271.74097222222224,2022Q4,4,1,4,-0.6337022045549524,-0.8357657530326946,-0.8159560908621647
逃离陌上的软耳甜兔,wemedia_only,2022-10-14 13:49:00,2022-12-01 12:39:00,M->M,norisk,0.0,M,47.951388888888886,2022Q4,4,1,4,-0.6337022045549524,-0.8357657530326946,-0.8159560908621647
逃离陌上的软耳甜兔,wemedia_only,2022-12-01 12:39:00,2023-04-01 08:08:00,M->M,norisk,0.0,M,120.81180555555555,2023Q2,4,1,4,-0.6337022045549524,-0.8357657530326946,-0.8159560908621647
道遒,wemedia_only,2023-08-13 23:41:00,2023-08-23 11:23:00,M->L,risk,1.0,L,9.4875,2023Q3,16,4,16,-0.5413478467243479,-0.6087394139947206,-0.6416246091746345
邹大进,wemedia_only,2023-08-05 07:38:00,2024-08-05 10:15:00,M->M,norisk,0.0,M,366.1090277777778,2024Q3,2,2,2,-0.6029174186114176,-0.8736034762056902,-0.8450113378100864
郑良霄,mainstream_only,2023-03-07 19:48:00,2023-07-03 18:21:00,M->L,norisk,0.0,L,117.93958333333333,2023Q3,3,2,3,-0.6029174186114176,-0.8546846146191924,-0.8304837143361256
郭晓东_,dual,2023-03-22 18:24:00,2023-05-19 20:54:00,M->M,norisk,0.0,M,58.104166666666664,2023Q2,5,7,5,-0.44899348889374335,-0.8168468914461967,-0.8014284673882038
郭晓东_,dual,2023-05-19 20:54:00,2024-02-14 07:25:00,M->H,norisk,0.5,H,270.43819444444443,2024Q1,5,7,5,-0.44899348889374335,-0.8168468914461967,-0.8014284673882038
郴州中院,mainstream_only,2022-10-14 09:29:00,2023-03-03 09:51:00,M->M,risk,0.6666666666666666,M,140.01527777777778,2023Q1,2,3,2,-0.5721326326678827,-0.8736034762056902,-0.8450113378100864
鄞州发布,mainstream_only,2023-05-30 15:20:00,2025-05-21 08:42:00,M->M,norisk,0.5,M,721.7236111111112,2025Q2,2,1,2,-0.6337022045549524,-0.8736034762056902,-0.8450113378100864
酱紫色饭团,mainstream_only,2023-03-14 16:56:00,2023-04-02 08:12:00,M->M,norisk,0.0,M,18.636111111111113,2023Q2,60,38,54,0.5053348753558371,0.11017732629219691,-0.002409176320357098
酱紫色饭团,mainstream_only,2023-05-18 17:26:00,2023-05-21 22:16:00,M->L,norisk,0.0,L,3.201388888888889,2023Q2,60,38,54,0.5053348753558371,0.11017732629219691,-0.002409176320357098
酱紫色饭团,mainstream_only,2023-05-21 22:16:00,2023-05-28 10:38:00,L->H,norisk,0.0,H,6.5152777777777775,2023Q2,60,38,54,0.5053348753558371,0.11017732629219691,-0.002409176320357098
酱紫色饭团,mainstream_only,2023-05-28 10:38:00,2023-05-28 13:44:00,H->M,norisk,0.0,M,0.12916666666666668,2023Q2,60,38,54,0.5053348753558371,0.11017732629219691,-0.002409176320357098
酱紫色饭团,mainstream_only,2023-05-28 13:44:00,2023-06-02 07:35:00,M->M,norisk,0.0,M,4.74375,2023Q2,60,38,54,0.5053348753558371,0.11017732629219691,-0.002409176320357098
酱紫色饭团,mainstream_only,2023-08-17 20:22:00,2023-08-28 20:51:00,H->M,norisk,0.0,M,11.020138888888889,2023Q3,60,38,54,0.5053348753558371,0.11017732629219691,-0.002409176320357098
酱紫色饭团,mainstream_only,2023-11-09 08:16:00,2023-11-24 11:55:00,L->H,norisk,0.5,H,15.152083333333334,2023Q4,60,38,54,0.5053348753558371,0.11017732629219691,-0.002409176320357098
酱紫色饭团,mainstream_only,2024-01-11 17:05:00,2024-01-11 19:31:00,M->M,risk,1.0,M,0.10138888888888889,2024Q1,60,38,54,0.5053348753558371,0.11017732629219691,-0.002409176320357098
酱紫色饭团,mainstream_only,2024-01-11 19:31:00,2024-01-12 17:07:00,M->M,risk,1.0,M,0.9,2024Q1,60,38,54,0.5053348753558371,0.11017732629219691,-0.002409176320357098
酱紫色饭团,mainstream_only,2024-02-22 07:35:00,2024-02-24 19:44:00,M->H,risk,1.0,H,2.50625,2024Q1,60,38,54,0.5053348753558371,0.11017732629219691,-0.002409176320357098
酱紫色饭团,mainstream_only,2024-03-16 13:52:00,2024-03-25 16:57:00,M->L,norisk,0.0,L,9.128472222222221,2024Q1,60,38,54,0.5053348753558371,0.11017732629219691,-0.002409176320357098
重庆科协,mainstream_only,2023-05-08 13:58:00,2023-05-29 14:48:00,M->M,norisk,0.0,M,21.03472222222222,2023Q2,3,1,3,-0.6337022045549524,-0.8546846146191924,-0.8304837143361256
重庆科协,mainstream_only,2023-05-29 14:48:00,2024-06-20 16:48:00,M->M,norisk,0.0,M,388.0833333333333,2024Q2,3,1,3,-0.6337022045549524,-0.8546846146191924,-0.8304837143361256
金州检察,mainstream_only,2022-03-14 14:11:00,2022-10-14 10:36:00,M->M,risk,1.0,M,213.85069444444446,2022Q4,4,3,4,-0.5721326326678827,-0.8357657530326946,-0.8159560908621647
金州检察,mainstream_only,2022-10-14 10:36:00,2022-12-16 08:48:00,M->M,norisk,0.3333333333333333,M,62.925,2022Q4,4,3,4,-0.5721326326678827,-0.8357657530326946,-0.8159560908621647
金州检察,mainstream_only,2022-12-16 08:48:00,2023-02-09 17:02:00,M->M,norisk,0.5,M,55.34305555555556,2023Q1,4,3,4,-0.5721326326678827,-0.8357657530326946,-0.8159560908621647
金池荷涟涟,dual,2023-06-08 17:38:00,2023-06-21 20:41:00,M->M,norisk,0.0,M,13.127083333333333,2023Q2,34,36,31,0.44376530346876736,-0.3249564901972532,-0.3801273866433392
金池荷涟涟,dual,2023-06-21 20:41:00,2023-08-05 21:56:00,M->M,norisk,0.0,M,45.052083333333336,2023Q3,34,36,31,0.44376530346876736,-0.3249564901972532,-0.3801273866433392
金池荷涟涟,dual,2023-08-05 21:56:00,2023-08-13 21:24:00,M->M,risk,1.0,M,7.977777777777778,2023Q3,34,36,31,0.44376530346876736,-0.3249564901972532,-0.3801273866433392
金池荷涟涟,dual,2023-08-13 21:24:00,2023-08-16 22:05:00,M->M,risk,1.0,M,3.0284722222222222,2023Q3,34,36,31,0.44376530346876736,-0.3249564901972532,-0.3801273866433392
金池荷涟涟,dual,2023-08-16 22:05:00,2023-09-10 20:40:00,M->M,risk,1.0,M,24.94097222222222,2023Q3,34,36,31,0.44376530346876736,-0.3249564901972532,-0.3801273866433392
金池荷涟涟,dual,2023-09-10 20:40:00,2023-09-14 22:23:00,M->M,norisk,0.0,M,4.071527777777778,2023Q3,34,36,31,0.44376530346876736,-0.3249564901972532,-0.3801273866433392
金池荷涟涟,dual,2023-09-14 22:23:00,2023-09-26 22:47:00,M->L,norisk,0.0,L,12.016666666666667,2023Q3,34,36,31,0.44376530346876736,-0.3249564901972532,-0.3801273866433392
金池荷涟涟,dual,2023-09-26 22:47:00,2023-10-26 00:05:00,L->M,risk,1.0,M,29.054166666666667,2023Q4,34,36,31,0.44376530346876736,-0.3249564901972532,-0.3801273866433392
金池荷涟涟,dual,2023-10-29 19:45:00,2023-11-03 21:21:00,M->H,risk,1.0,H,5.066666666666666,2023Q4,34,36,31,0.44376530346876736,-0.3249564901972532,-0.3801273866433392
金池荷涟涟,dual,2023-12-06 17:51:00,2024-01-13 00:15:00,M->M,norisk,0.0,M,37.266666666666666,2024Q1,34,36,31,0.44376530346876736,-0.3249564901972532,-0.3801273866433392
金池荷涟涟,dual,2024-12-15 22:32:00,2024-12-29 23:24:00,M->M,risk,1.0,M,14.036111111111111,2024Q4,34,36,31,0.44376530346876736,-0.3249564901972532,-0.3801273866433392
金牛法院,mainstream_only,2022-10-14 14:00:00,2023-05-29 10:25:00,M->M,norisk,0.4444444444444444,M,226.85069444444446,2023Q2,2,5,2,-0.510563060780813,-0.8736034762056902,-0.8450113378100864
针不戳先森,wemedia_only,2023-03-15 12:51:00,2023-06-14 20:39:00,L->H,risk,1.0,H,91.325,2023Q2,3,9,3,-0.38742391700667367,-0.8546846146191924,-0.8304837143361256
针不戳先森,wemedia_only,2023-06-14 20:39:00,2023-06-15 20:39:00,H->M,risk,1.0,M,1.0,2023Q2,3,9,3,-0.38742391700667367,-0.8546846146191924,-0.8304837143361256
钱局长本人,mainstream_only,2022-10-14 09:11:00,2023-02-19 10:51:00,M->H,risk,1.0,H,128.06944444444446,2023Q1,4,2,4,-0.6029174186114176,-0.8357657530326946,-0.8159560908621647
长安卧龙V,wemedia_only,2022-12-01 11:51:00,2025-06-12 10:10:00,M->M,norisk,0.0,M,923.9298611111111,2025Q2,2,2,2,-0.6029174186114176,-0.8736034762056902,-0.8450113378100864
阳光蝶依,wemedia_only,2020-03-18 20:49:00,2020-03-18 20:57:00,M->M,risk,1.0,M,0.005555555555555556,2020Q1,2,2,1,-0.6029174186114176,-0.892522337792188,-0.8450113378100864
阿君给爹攒退休钱,wemedia_only,2023-09-11 12:18:00,2025-01-04 21:04:00,M->H,norisk,0.0,H,481.3652777777778,2025Q1,4,2,4,-0.6029174186114176,-0.8357657530326946,-0.8159560908621647
阿普游记,wemedia_only,2022-12-01 11:47:00,2022-12-01 17:48:00,M->H,norisk,0.5,H,0.25069444444444444,2022Q4,2,1,1,-0.6337022045549524,-0.892522337792188,-0.8450113378100864
阿莲瑞也,wemedia_only,2023-08-15 05:30:00,2024-01-10 05:44:00,M->M,risk,1.0,M,148.00972222222222,2024Q1,2,14,2,-0.23349998728899937,-0.8736034762056902,-0.8450113378100864
阿超_港媒视点,mainstream_only,2023-02-09 18:37:00,2023-05-09 23:33:00,M->M,norisk,0.0,M,89.20555555555555,2023Q2,14,6,13,-0.4797782748372782,-0.6654959987542142,-0.6706798561225562
阿超_港媒视点,mainstream_only,2023-05-28 09:46:00,2023-05-28 19:27:00,M->M,norisk,0.0,M,0.40347222222222223,2023Q2,14,6,13,-0.4797782748372782,-0.6654959987542142,-0.6706798561225562
阿超_港媒视点,mainstream_only,2023-05-28 19:27:00,2025-02-09 21:56:00,M->M,norisk,0.0,M,623.1034722222222,2025Q1,14,6,13,-0.4797782748372782,-0.6654959987542142,-0.6706798561225562
阿龙哥BLOG,wemedia_only,2020-11-26 06:56:00,2022-03-14 16:47:00,M->M,risk,1.0,M,473.41041666666666,2022Q1,7,6,7,-0.4797782748372782,-0.7790091682732011,-0.7723732204402822
阿龙哥BLOG,wemedia_only,2022-03-14 16:47:00,2022-09-26 08:00:00,M->M,norisk,0.0,M,195.6340277777778,2022Q3,7,6,7,-0.4797782748372782,-0.7790091682732011,-0.7723732204402822
阿龙哥BLOG,wemedia_only,2022-09-26 08:00:00,2022-10-14 13:11:00,M->M,norisk,0.0,M,18.215972222222224,2022Q4,7,6,7,-0.4797782748372782,-0.7790091682732011,-0.7723732204402822
阿龙哥BLOG,wemedia_only,2022-10-14 13:11:00,2023-02-23 08:18:00,M->H,risk,1.0,H,131.79652777777778,2023Q1,7,6,7,-0.4797782748372782,-0.7790091682732011,-0.7723732204402822
阿龙哥BLOG,wemedia_only,2023-02-23 08:18:00,2023-03-12 08:17:00,H->M,risk,1.0,M,16.999305555555555,2023Q1,7,6,7,-0.4797782748372782,-0.7790091682732011,-0.7723732204402822
阿龙哥BLOG,wemedia_only,2023-03-12 08:17:00,2023-08-13 07:01:00,M->M,risk,1.0,M,153.94722222222222,2023Q3,7,6,7,-0.4797782748372782,-0.7790091682732011,-0.7723732204402822
陆江Maxime,wemedia_only,2023-06-12 23:31:00,2023-08-25 14:50:00,L->M,risk,1.0,M,73.63819444444445,2023Q3,2,7,2,-0.44899348889374335,-0.8736034762056902,-0.8450113378100864
陕西政协,mainstream_only,2022-08-16 16:36:00,2022-10-14 13:15:00,M->M,risk,1.0,M,58.860416666666666,2022Q4,6,2,6,-0.6029174186114176,-0.7979280298596989,-0.7869008439142431
陕西政协,mainstream_only,2023-02-09 19:15:00,2023-03-14 13:20:00,M->M,norisk,0.0,M,32.75347222222222,2023Q1,6,2,6,-0.6029174186114176,-0.7979280298596989,-0.7869008439142431
陕西政协,mainstream_only,2023-03-14 13:20:00,2023-07-03 10:30:00,M->M,norisk,0.0,M,110.88194444444444,2023Q3,6,2,6,-0.6029174186114176,-0.7979280298596989,-0.7869008439142431
陕西汉书下酒,dual,2023-01-15 19:56:00,2023-01-15 20:49:00,M->M,risk,1.0,M,0.03680555555555556,2023Q1,195,57,155,1.0902458082829993,2.0209823465284775,1.958819992664358
陕西汉书下酒,dual,2023-01-15 20:49:00,2023-01-16 08:53:00,M->M,risk,1.0,M,0.5027777777777778,2023Q1,195,57,155,1.0902458082829993,2.0209823465284775,1.958819992664358
陕西汉书下酒,dual,2023-01-16 08:53:00,2023-01-16 11:49:00,M->M,norisk,0.5,M,0.12222222222222222,2023Q1,195,57,155,1.0902458082829993,2.0209823465284775,1.958819992664358
陕西汉书下酒,dual,2023-01-16 11:49:00,2023-01-16 20:32:00,M->M,norisk,0.5,M,0.36319444444444443,2023Q1,195,57,155,1.0902458082829993,2.0209823465284775,1.958819992664358
陕西汉书下酒,dual,2023-01-16 20:32:00,2023-01-16 22:01:00,M->M,norisk,0.5,M,0.06180555555555556,2023Q1,195,57,155,1.0902458082829993,2.0209823465284775,1.958819992664358
陕西汉书下酒,dual,2023-01-16 22:01:00,2023-01-17 08:24:00,M->M,norisk,0.5,M,0.4326388888888889,2023Q1,195,57,155,1.0902458082829993,2.0209823465284775,1.958819992664358
陕西汉书下酒,dual,2023-01-17 08:24:00,2023-01-18 10:41:00,M->M,risk,1.0,M,1.0951388888888889,2023Q1,195,57,155,1.0902458082829993,2.0209823465284775,1.958819992664358
陕西汉书下酒,dual,2023-01-18 10:41:00,2023-01-21 07:20:00,M->M,norisk,0.0,M,2.8604166666666666,2023Q1,195,57,155,1.0902458082829993,2.0209823465284775,1.958819992664358
陕西汉书下酒,dual,2023-01-21 07:20:00,2023-01-21 09:23:00,M->M,norisk,0.5,M,0.08541666666666667,2023Q1,195,57,155,1.0902458082829993,2.0209823465284775,1.958819992664358
陕西汉书下酒,dual,2023-01-21 09:23:00,2023-01-23 07:14:00,M->M,norisk,0.5,M,1.9104166666666667,2023Q1,195,57,155,1.0902458082829993,2.0209823465284775,1.958819992664358
陕西汉书下酒,dual,2023-01-23 07:14:00,2023-01-23 07:17:00,M->M,risk,0.6666666666666666,M,0.0020833333333333333,2023Q1,195,57,155,1.0902458082829993,2.0209823465284775,1.958819992664358
陕西汉书下酒,dual,2023-01-23 07:17:00,2023-01-23 11:55:00,M->M,risk,0.6666666666666666,M,0.19305555555555556,2023Q1,195,57,155,1.0902458082829993,2.0209823465284775,1.958819992664358
陕西汉书下酒,dual,2023-01-23 11:55:00,2023-01-24 11:51:00,M->L,risk,0.6666666666666666,L,0.9972222222222222,2023Q1,195,57,155,1.0902458082829993,2.0209823465284775,1.958819992664358
陕西汉书下酒,dual,2023-01-24 11:51:00,2023-01-25 08:13:00,L->M,risk,1.0,M,0.8486111111111111,2023Q1,195,57,155,1.0902458082829993,2.0209823465284775,1.958819992664358
陕西汉书下酒,dual,2023-01-25 08:13:00,2023-01-25 09:42:00,M->M,norisk,0.5,M,0.06180555555555556,2023Q1,195,57,155,1.0902458082829993,2.0209823465284775,1.958819992664358
陕西汉书下酒,dual,2023-01-25 09:42:00,2023-01-25 12:31:00,M->M,norisk,0.5,M,0.11736111111111111,2023Q1,195,57,155,1.0902458082829993,2.0209823465284775,1.958819992664358
陕西汉书下酒,dual,2023-01-25 12:31:00,2023-01-25 19:53:00,M->M,norisk,0.5,M,0.30694444444444446,2023Q1,195,57,155,1.0902458082829993,2.0209823465284775,1.958819992664358
陕西汉书下酒,dual,2023-01-25 19:53:00,2023-01-26 08:00:00,M->M,norisk,0.5,M,0.5048611111111111,2023Q1,195,57,155,1.0902458082829993,2.0209823465284775,1.958819992664358
陕西汉书下酒,dual,2023-01-26 08:00:00,2023-01-26 08:44:00,M->M,risk,1.0,M,0.030555555555555555,2023Q1,195,57,155,1.0902458082829993,2.0209823465284775,1.958819992664358
陕西汉书下酒,dual,2023-01-26 08:44:00,2023-01-26 10:35:00,M->M,risk,1.0,M,0.07708333333333334,2023Q1,195,57,155,1.0902458082829993,2.0209823465284775,1.958819992664358
陕西汉书下酒,dual,2023-01-26 10:35:00,2023-01-26 19:28:00,M->M,risk,1.0,M,0.3701388888888889,2023Q1,195,57,155,1.0902458082829993,2.0209823465284775,1.958819992664358
陕西汉书下酒,dual,2023-01-26 19:28:00,2023-01-27 07:33:00,M->M,risk,1.0,M,0.5034722222222222,2023Q1,195,57,155,1.0902458082829993,2.0209823465284775,1.958819992664358
陕西汉书下酒,dual,2023-01-27 07:33:00,2023-01-28 07:59:00,M->M,norisk,0.0,M,1.0180555555555555,2023Q1,195,57,155,1.0902458082829993,2.0209823465284775,1.958819992664358
陕西汉书下酒,dual,2023-01-28 07:59:00,2023-01-28 10:11:00,M->M,risk,1.0,M,0.09166666666666666,2023Q1,195,57,155,1.0902458082829993,2.0209823465284775,1.958819992664358
陕西汉书下酒,dual,2023-01-28 10:11:00,2023-01-28 18:34:00,M->M,risk,1.0,M,0.34930555555555554,2023Q1,195,57,155,1.0902458082829993,2.0209823465284775,1.958819992664358
陕西汉书下酒,dual,2023-01-28 18:34:00,2023-01-29 14:14:00,M->M,risk,1.0,M,0.8194444444444444,2023Q1,195,57,155,1.0902458082829993,2.0209823465284775,1.958819992664358
陕西汉书下酒,dual,2023-01-29 14:14:00,2023-01-30 09:31:00,M->M,norisk,0.0,M,0.8034722222222223,2023Q1,195,57,155,1.0902458082829993,2.0209823465284775,1.958819992664358
陕西汉书下酒,dual,2023-01-30 09:31:00,2023-01-30 16:10:00,M->M,risk,1.0,M,0.27708333333333335,2023Q1,195,57,155,1.0902458082829993,2.0209823465284775,1.958819992664358
陕西汉书下酒,dual,2023-01-30 16:10:00,2023-02-02 09:32:00,M->M,risk,1.0,M,2.723611111111111,2023Q1,195,57,155,1.0902458082829993,2.0209823465284775,1.958819992664358
陕西汉书下酒,dual,2023-02-02 09:32:00,2023-02-03 11:00:00,M->M,risk,1.0,M,1.0611111111111111,2023Q1,195,57,155,1.0902458082829993,2.0209823465284775,1.958819992664358
陕西汉书下酒,dual,2023-02-03 11:00:00,2023-02-03 14:34:00,M->M,risk,1.0,M,0.1486111111111111,2023Q1,195,57,155,1.0902458082829993,2.0209823465284775,1.958819992664358
陕西汉书下酒,dual,2023-02-03 14:34:00,2023-02-03 20:02:00,M->M,risk,1.0,M,0.22777777777777777,2023Q1,195,57,155,1.0902458082829993,2.0209823465284775,1.958819992664358
陕西汉书下酒,dual,2023-02-03 20:02:00,2023-02-04 20:37:00,M->M,risk,1.0,M,1.0243055555555556,2023Q1,195,57,155,1.0902458082829993,2.0209823465284775,1.958819992664358
陕西汉书下酒,dual,2023-02-04 20:37:00,2023-02-05 17:08:00,M->M,risk,1.0,M,0.8548611111111111,2023Q1,195,57,155,1.0902458082829993,2.0209823465284775,1.958819992664358
陕西汉书下酒,dual,2023-02-05 17:08:00,2023-02-05 20:48:00,M->M,risk,1.0,M,0.1527777777777778,2023Q1,195,57,155,1.0902458082829993,2.0209823465284775,1.958819992664358
陕西汉书下酒,dual,2023-02-05 20:48:00,2023-02-07 06:25:00,M->M,risk,1.0,M,1.4006944444444445,2023Q1,195,57,155,1.0902458082829993,2.0209823465284775,1.958819992664358
陕西汉书下酒,dual,2023-02-07 06:25:00,2023-02-07 15:05:00,M->L,risk,1.0,L,0.3611111111111111,2023Q1,195,57,155,1.0902458082829993,2.0209823465284775,1.958819992664358
陕西汉书下酒,dual,2023-02-07 15:05:00,2023-02-08 11:58:00,L->M,risk,1.0,M,0.8701388888888889,2023Q1,195,57,155,1.0902458082829993,2.0209823465284775,1.958819992664358
陕西汉书下酒,dual,2023-02-08 11:58:00,2023-02-09 15:07:00,M->M,risk,1.0,M,1.13125,2023Q1,195,57,155,1.0902458082829993,2.0209823465284775,1.958819992664358
陕西汉书下酒,dual,2023-02-09 15:07:00,2023-02-10 17:00:00,M->M,risk,1.0,M,1.0784722222222223,2023Q1,195,57,155,1.0902458082829993,2.0209823465284775,1.958819992664358
陕西汉书下酒,dual,2023-02-10 17:00:00,2023-02-12 16:39:00,M->M,norisk,0.25,M,1.9854166666666666,2023Q1,195,57,155,1.0902458082829993,2.0209823465284775,1.958819992664358
陕西汉书下酒,dual,2023-02-12 16:39:00,2023-02-13 15:28:00,M->M,risk,1.0,M,0.9506944444444444,2023Q1,195,57,155,1.0902458082829993,2.0209823465284775,1.958819992664358
陕西汉书下酒,dual,2023-02-13 15:28:00,2023-02-20 08:24:00,M->M,norisk,0.0,M,6.705555555555556,2023Q1,195,57,155,1.0902458082829993,2.0209823465284775,1.958819992664358
陕西汉书下酒,dual,2023-02-20 08:24:00,2023-02-28 15:16:00,M->M,norisk,0.0,M,8.286111111111111,2023Q1,195,57,155,1.0902458082829993,2.0209823465284775,1.958819992664358
陕西汉书下酒,dual,2023-02-28 15:16:00,2023-03-03 18:22:00,M->M,risk,1.0,M,3.129166666666667,2023Q1,195,57,155,1.0902458082829993,2.0209823465284775,1.958819992664358
陕西汉书下酒,dual,2023-03-03 18:22:00,2023-03-06 17:24:00,M->M,risk,1.0,M,2.959722222222222,2023Q1,195,57,155,1.0902458082829993,2.0209823465284775,1.958819992664358
陕西汉书下酒,dual,2023-03-06 17:24:00,2023-03-11 07:54:00,M->M,risk,1.0,M,4.604166666666667,2023Q1,195,57,155,1.0902458082829993,2.0209823465284775,1.958819992664358
陕西汉书下酒,dual,2023-03-11 07:54:00,2023-03-17 15:16:00,M->M,norisk,0.0,M,6.3069444444444445,2023Q1,195,57,155,1.0902458082829993,2.0209823465284775,1.958819992664358
陕西汉书下酒,dual,2023-03-17 15:16:00,2023-03-19 16:59:00,M->M,risk,1.0,M,2.071527777777778,2023Q1,195,57,155,1.0902458082829993,2.0209823465284775,1.958819992664358
陕西汉书下酒,dual,2023-03-19 16:59:00,2023-03-22 19:15:00,M->M,norisk,0.0,M,3.0944444444444446,2023Q1,195,57,155,1.0902458082829993,2.0209823465284775,1.958819992664358
陕西汉书下酒,dual,2023-03-22 19:15:00,2023-03-23 08:14:00,M->M,norisk,0.0,M,0.5409722222222222,2023Q1,195,57,155,1.0902458082829993,2.0209823465284775,1.958819992664358
陕西汉书下酒,dual,2023-03-23 08:14:00,2023-03-24 20:38:00,M->M,norisk,0.5,M,1.5166666666666666,2023Q1,195,57,155,1.0902458082829993,2.0209823465284775,1.958819992664358
陕西汉书下酒,dual,2023-03-24 20:38:00,2023-03-25 09:42:00,M->M,norisk,0.0,M,0.5444444444444444,2023Q1,195,57,155,1.0902458082829993,2.0209823465284775,1.958819992664358
陕西汉书下酒,dual,2023-03-25 09:42:00,2023-03-26 09:45:00,M->H,norisk,0.0,H,1.0020833333333334,2023Q1,195,57,155,1.0902458082829993,2.0209823465284775,1.958819992664358
陕西汉书下酒,dual,2023-03-26 09:45:00,2023-03-30 19:46:00,H->M,risk,1.0,M,4.417361111111111,2023Q1,195,57,155,1.0902458082829993,2.0209823465284775,1.958819992664358
陕西汉书下酒,dual,2023-03-30 19:46:00,2023-04-01 15:45:00,M->M,norisk,0.0,M,1.832638888888889,2023Q2,195,57,155,1.0902458082829993,2.0209823465284775,1.958819992664358
陕西汉书下酒,dual,2023-04-01 15:45:00,2023-04-06 10:20:00,M->M,risk,1.0,M,4.774305555555555,2023Q2,195,57,155,1.0902458082829993,2.0209823465284775,1.958819992664358
陕西汉书下酒,dual,2023-04-06 10:20:00,2023-04-06 15:51:00,M->M,norisk,0.0,M,0.2298611111111111,2023Q2,195,57,155,1.0902458082829993,2.0209823465284775,1.958819992664358
陕西汉书下酒,dual,2023-04-06 15:51:00,2023-04-07 15:05:00,M->M,norisk,0.0,M,0.9680555555555556,2023Q2,195,57,155,1.0902458082829993,2.0209823465284775,1.958819992664358
陕西汉书下酒,dual,2023-04-07 15:05:00,2023-04-09 08:24:00,M->M,norisk,0.0,M,1.7215277777777778,2023Q2,195,57,155,1.0902458082829993,2.0209823465284775,1.958819992664358
陕西汉书下酒,dual,2023-04-09 08:24:00,2023-04-12 09:27:00,M->M,risk,1.0,M,3.04375,2023Q2,195,57,155,1.0902458082829993,2.0209823465284775,1.958819992664358
陕西汉书下酒,dual,2023-04-12 09:27:00,2023-04-14 07:24:00,M->M,risk,1.0,M,1.9145833333333333,2023Q2,195,57,155,1.0902458082829993,2.0209823465284775,1.958819992664358
陕西汉书下酒,dual,2023-04-14 07:24:00,2023-04-17 08:01:00,M->M,norisk,0.0,M,3.0256944444444445,2023Q2,195,57,155,1.0902458082829993,2.0209823465284775,1.958819992664358
陕西汉书下酒,dual,2023-04-17 08:01:00,2023-04-17 19:13:00,M->M,norisk,0.5,M,0.4666666666666667,2023Q2,195,57,155,1.0902458082829993,2.0209823465284775,1.958819992664358
陕西汉书下酒,dual,2023-04-17 19:13:00,2023-04-21 06:27:00,M->M,norisk,0.5,M,3.4680555555555554,2023Q2,195,57,155,1.0902458082829993,2.0209823465284775,1.958819992664358
陕西汉书下酒,dual,2023-04-21 06:27:00,2023-04-30 16:30:00,M->M,norisk,0.0,M,9.41875,2023Q2,195,57,155,1.0902458082829993,2.0209823465284775,1.958819992664358
陕西汉书下酒,dual,2023-04-30 16:30:00,2023-05-01 10:01:00,M->M,norisk,0.0,M,0.7298611111111111,2023Q2,195,57,155,1.0902458082829993,2.0209823465284775,1.958819992664358
陕西汉书下酒,dual,2023-05-01 10:01:00,2023-05-12 06:09:00,M->M,norisk,0.0,M,10.838888888888889,2023Q2,195,57,155,1.0902458082829993,2.0209823465284775,1.958819992664358
陕西汉书下酒,dual,2023-05-12 06:09:00,2023-05-22 06:52:00,M->M,norisk,0.0,M,10.029861111111112,2023Q2,195,57,155,1.0902458082829993,2.0209823465284775,1.958819992664358
陕西汉书下酒,dual,2023-05-22 06:52:00,2023-05-23 06:45:00,M->M,risk,1.0,M,0.9951388888888889,2023Q2,195,57,155,1.0902458082829993,2.0209823465284775,1.958819992664358
陕西汉书下酒,dual,2023-05-23 06:45:00,2023-05-26 05:45:00,M->M,risk,1.0,M,2.9583333333333335,2023Q2,195,57,155,1.0902458082829993,2.0209823465284775,1.958819992664358
陕西汉书下酒,dual,2023-05-26 05:45:00,2023-05-27 05:49:00,M->M,risk,1.0,M,1.0027777777777778,2023Q2,195,57,155,1.0902458082829993,2.0209823465284775,1.958819992664358
陕西汉书下酒,dual,2023-05-27 05:49:00,2023-05-27 16:50:00,M->M,norisk,0.5,M,0.45902777777777776,2023Q2,195,57,155,1.0902458082829993,2.0209823465284775,1.958819992664358
陕西汉书下酒,dual,2023-05-27 16:50:00,2023-05-31 06:17:00,M->M,norisk,0.5,M,3.560416666666667,2023Q2,195,57,155,1.0902458082829993,2.0209823465284775,1.958819992664358
陕西汉书下酒,dual,2023-05-31 06:17:00,2023-06-01 06:00:00,M->M,norisk,0.0,M,0.9881944444444445,2023Q2,195,57,155,1.0902458082829993,2.0209823465284775,1.958819992664358
陕西汉书下酒,dual,2023-06-01 06:00:00,2023-06-05 05:55:00,M->M,norisk,0.0,M,3.9965277777777777,2023Q2,195,57,155,1.0902458082829993,2.0209823465284775,1.958819992664358
陕西汉书下酒,dual,2023-06-05 05:55:00,2023-06-09 10:11:00,M->H,risk,1.0,H,4.177777777777778,2023Q2,195,57,155,1.0902458082829993,2.0209823465284775,1.958819992664358
陕西汉书下酒,dual,2023-06-09 10:11:00,2023-06-12 06:50:00,H->M,risk,1.0,M,2.8604166666666666,2023Q2,195,57,155,1.0902458082829993,2.0209823465284775,1.958819992664358
陕西汉书下酒,dual,2023-06-12 06:50:00,2023-06-15 05:48:00,M->M,norisk,0.5,M,2.9569444444444444,2023Q2,195,57,155,1.0902458082829993,2.0209823465284775,1.958819992664358
陕西汉书下酒,dual,2023-06-15 05:48:00,2023-06-18 05:56:00,M->M,risk,1.0,M,3.0055555555555555,2023Q2,195,57,155,1.0902458082829993,2.0209823465284775,1.958819992664358
陕西汉书下酒,dual,2023-06-18 05:56:00,2023-06-20 05:54:00,M->M,risk,1.0,M,1.9986111111111111,2023Q2,195,57,155,1.0902458082829993,2.0209823465284775,1.958819992664358
陕西汉书下酒,dual,2023-06-20 05:54:00,2023-06-21 06:04:00,M->M,norisk,0.0,M,1.0069444444444444,2023Q2,195,57,155,1.0902458082829993,2.0209823465284775,1.958819992664358
陕西汉书下酒,dual,2023-06-21 06:04:00,2023-06-21 19:48:00,M->M,norisk,0.0,M,0.5722222222222222,2023Q2,195,57,155,1.0902458082829993,2.0209823465284775,1.958819992664358
陕西汉书下酒,dual,2023-06-21 19:48:00,2023-07-02 06:33:00,M->M,norisk,0.0,M,10.447916666666666,2023Q3,195,57,155,1.0902458082829993,2.0209823465284775,1.958819992664358
陕西汉书下酒,dual,2023-07-02 06:33:00,2023-07-03 06:04:00,M->M,norisk,0.0,M,0.9798611111111111,2023Q3,195,57,155,1.0902458082829993,2.0209823465284775,1.958819992664358
陕西汉书下酒,dual,2023-07-03 06:04:00,2023-07-04 06:00:00,M->M,risk,1.0,M,0.9972222222222222,2023Q3,195,57,155,1.0902458082829993,2.0209823465284775,1.958819992664358
陕西汉书下酒,dual,2023-07-04 06:00:00,2023-07-05 06:02:00,M->M,norisk,0.0,M,1.0013888888888889,2023Q3,195,57,155,1.0902458082829993,2.0209823465284775,1.958819992664358
陕西汉书下酒,dual,2023-07-05 06:02:00,2023-07-16 08:59:00,M->M,risk,1.0,M,11.122916666666667,2023Q3,195,57,155,1.0902458082829993,2.0209823465284775,1.958819992664358
陕西汉书下酒,dual,2023-07-16 08:59:00,2023-07-17 11:44:00,M->M,norisk,0.0,M,1.1145833333333333,2023Q3,195,57,155,1.0902458082829993,2.0209823465284775,1.958819992664358
陕西汉书下酒,dual,2023-07-17 11:44:00,2023-07-20 10:53:00,M->M,risk,1.0,M,2.964583333333333,2023Q3,195,57,155,1.0902458082829993,2.0209823465284775,1.958819992664358
陕西汉书下酒,dual,2023-07-20 10:53:00,2023-07-22 15:35:00,M->M,risk,1.0,M,2.1958333333333333,2023Q3,195,57,155,1.0902458082829993,2.0209823465284775,1.958819992664358
陕西汉书下酒,dual,2023-07-22 15:35:00,2023-07-23 06:09:00,M->M,risk,1.0,M,0.6069444444444444,2023Q3,195,57,155,1.0902458082829993,2.0209823465284775,1.958819992664358
陕西汉书下酒,dual,2023-07-23 06:09:00,2023-07-23 14:47:00,M->M,risk,0.5833333333333333,M,0.3597222222222222,2023Q3,195,57,155,1.0902458082829993,2.0209823465284775,1.958819992664358
陕西汉书下酒,dual,2023-07-23 14:47:00,2023-07-23 20:09:00,M->M,risk,0.5833333333333333,M,0.22361111111111112,2023Q3,195,57,155,1.0902458082829993,2.0209823465284775,1.958819992664358
陕西汉书下酒,dual,2023-07-23 20:09:00,2023-07-24 08:22:00,M->M,risk,0.5833333333333333,M,0.5090277777777777,2023Q3,195,57,155,1.0902458082829993,2.0209823465284775,1.958819992664358
陕西汉书下酒,dual,2023-07-24 08:22:00,2023-07-25 17:46:00,M->M,risk,1.0,M,1.3916666666666666,2023Q3,195,57,155,1.0902458082829993,2.0209823465284775,1.958819992664358
陕西汉书下酒,dual,2023-07-25 17:46:00,2023-07-28 19:14:00,M->M,risk,1.0,M,3.061111111111111,2023Q3,195,57,155,1.0902458082829993,2.0209823465284775,1.958819992664358
陕西汉书下酒,dual,2023-07-28 19:14:00,2023-07-30 21:52:00,M->M,risk,1.0,M,2.109722222222222,2023Q3,195,57,155,1.0902458082829993,2.0209823465284775,1.958819992664358
陕西汉书下酒,dual,2023-07-30 21:52:00,2023-07-31 07:37:00,M->M,risk,1.0,M,0.40625,2023Q3,195,57,155,1.0902458082829993,2.0209823465284775,1.958819992664358
陕西汉书下酒,dual,2023-07-31 07:37:00,2023-07-31 20:50:00,M->M,norisk,0.5,M,0.5506944444444445,2023Q3,195,57,155,1.0902458082829993,2.0209823465284775,1.958819992664358
陕西汉书下酒,dual,2023-07-31 20:50:00,2023-08-02 11:39:00,M->M,norisk,0.5,M,1.617361111111111,2023Q3,195,57,155,1.0902458082829993,2.0209823465284775,1.958819992664358
陕西汉书下酒,dual,2023-08-02 11:39:00,2023-08-03 17:05:00,M->M,risk,1.0,M,1.226388888888889,2023Q3,195,57,155,1.0902458082829993,2.0209823465284775,1.958819992664358
陕西汉书下酒,dual,2023-08-03 17:05:00,2023-08-04 15:50:00,M->M,risk,1.0,M,0.9479166666666666,2023Q3,195,57,155,1.0902458082829993,2.0209823465284775,1.958819992664358
陕西汉书下酒,dual,2023-08-04 15:50:00,2023-08-05 07:48:00,M->M,risk,1.0,M,0.6652777777777777,2023Q3,195,57,155,1.0902458082829993,2.0209823465284775,1.958819992664358
陕西汉书下酒,dual,2023-08-05 07:48:00,2023-08-05 20:41:00,M->L,risk,1.0,L,0.5368055555555555,2023Q3,195,57,155,1.0902458082829993,2.0209823465284775,1.958819992664358
陕西汉书下酒,dual,2023-08-05 20:41:00,2023-08-06 08:30:00,L->M,risk,1.0,M,0.49236111111111114,2023Q3,195,57,155,1.0902458082829993,2.0209823465284775,1.958819992664358
陕西汉书下酒,dual,2023-08-06 08:30:00,2023-08-06 18:12:00,M->M,risk,1.0,M,0.4041666666666667,2023Q3,195,57,155,1.0902458082829993,2.0209823465284775,1.958819992664358
陕西汉书下酒,dual,2023-08-06 18:12:00,2023-08-07 15:37:00,M->M,risk,1.0,M,0.8923611111111112,2023Q3,195,57,155,1.0902458082829993,2.0209823465284775,1.958819992664358
陕西汉书下酒,dual,2023-08-07 15:37:00,2023-08-08 08:38:00,M->M,norisk,0.0,M,0.7090277777777778,2023Q3,195,57,155,1.0902458082829993,2.0209823465284775,1.958819992664358
陕西汉书下酒,dual,2023-08-08 08:38:00,2023-08-08 20:03:00,M->M,norisk,0.5,M,0.4756944444444444,2023Q3,195,57,155,1.0902458082829993,2.0209823465284775,1.958819992664358
陕西汉书下酒,dual,2023-08-08 20:03:00,2023-08-09 07:07:00,M->M,norisk,0.5,M,0.46111111111111114,2023Q3,195,57,155,1.0902458082829993,2.0209823465284775,1.958819992664358
陕西汉书下酒,dual,2023-08-09 07:07:00,2023-08-09 16:08:00,M->M,norisk,0.5,M,0.37569444444444444,2023Q3,195,57,155,1.0902458082829993,2.0209823465284775,1.958819992664358
陕西汉书下酒,dual,2023-08-09 16:08:00,2023-08-10 07:34:00,M->M,norisk,0.5,M,0.6430555555555556,2023Q3,195,57,155,1.0902458082829993,2.0209823465284775,1.958819992664358
陕西汉书下酒,dual,2023-08-10 07:34:00,2023-08-10 19:49:00,M->M,norisk,0.5,M,0.5104166666666666,2023Q3,195,57,155,1.0902458082829993,2.0209823465284775,1.958819992664358
陕西汉书下酒,dual,2023-08-10 19:49:00,2023-08-11 07:40:00,M->M,norisk,0.5,M,0.49375,2023Q3,195,57,155,1.0902458082829993,2.0209823465284775,1.958819992664358
陕西汉书下酒,dual,2023-08-11 07:40:00,2023-08-12 20:47:00,M->M,risk,1.0,M,1.5465277777777777,2023Q3,195,57,155,1.0902458082829993,2.0209823465284775,1.958819992664358
陕西汉书下酒,dual,2023-08-12 20:47:00,2023-08-13 08:14:00,M->M,risk,1.0,M,0.47708333333333336,2023Q3,195,57,155,1.0902458082829993,2.0209823465284775,1.958819992664358
陕西汉书下酒,dual,2023-08-13 08:14:00,2023-08-13 20:47:00,M->M,risk,1.0,M,0.5229166666666667,2023Q3,195,57,155,1.0902458082829993,2.0209823465284775,1.958819992664358
陕西汉书下酒,dual,2023-08-13 20:47:00,2023-08-14 07:53:00,M->M,risk,1.0,M,0.4625,2023Q3,195,57,155,1.0902458082829993,2.0209823465284775,1.958819992664358
陕西汉书下酒,dual,2023-08-14 07:53:00,2023-08-15 08:03:00,M->M,risk,1.0,M,1.0069444444444444,2023Q3,195,57,155,1.0902458082829993,2.0209823465284775,1.958819992664358
陕西汉书下酒,dual,2023-08-15 08:03:00,2023-08-16 08:01:00,M->M,risk,1.0,M,0.9986111111111111,2023Q3,195,57,155,1.0902458082829993,2.0209823465284775,1.958819992664358
陕西汉书下酒,dual,2023-08-16 08:01:00,2023-08-16 18:16:00,M->M,risk,1.0,M,0.4270833333333333,2023Q3,195,57,155,1.0902458082829993,2.0209823465284775,1.958819992664358
陕西汉书下酒,dual,2023-08-16 18:16:00,2023-08-18 20:14:00,M->M,risk,1.0,M,2.0819444444444444,2023Q3,195,57,155,1.0902458082829993,2.0209823465284775,1.958819992664358
陕西汉书下酒,dual,2023-08-18 20:14:00,2023-08-19 07:47:00,M->M,risk,1.0,M,0.48125,2023Q3,195,57,155,1.0902458082829993,2.0209823465284775,1.958819992664358
陕西汉书下酒,dual,2023-08-19 07:47:00,2023-08-20 07:37:00,M->M,risk,1.0,M,0.9930555555555556,2023Q3,195,57,155,1.0902458082829993,2.0209823465284775,1.958819992664358
陕西汉书下酒,dual,2023-08-20 07:37:00,2023-08-22 14:17:00,M->M,risk,1.0,M,2.2777777777777777,2023Q3,195,57,155,1.0902458082829993,2.0209823465284775,1.958819992664358
陕西汉书下酒,dual,2023-08-22 14:17:00,2023-08-23 19:16:00,M->M,risk,1.0,M,1.207638888888889,2023Q3,195,57,155,1.0902458082829993,2.0209823465284775,1.958819992664358
陕西汉书下酒,dual,2023-08-23 19:16:00,2023-08-24 08:13:00,M->M,risk,1.0,M,0.5395833333333333,2023Q3,195,57,155,1.0902458082829993,2.0209823465284775,1.958819992664358
陕西汉书下酒,dual,2023-08-24 08:13:00,2023-08-25 07:31:00,M->M,norisk,0.0,M,0.9708333333333333,2023Q3,195,57,155,1.0902458082829993,2.0209823465284775,1.958819992664358
陕西汉书下酒,dual,2023-08-25 07:31:00,2023-08-26 07:50:00,M->M,norisk,0.0,M,1.0131944444444445,2023Q3,195,57,155,1.0902458082829993,2.0209823465284775,1.958819992664358
陕西汉书下酒,dual,2023-08-26 07:50:00,2023-08-27 08:16:00,M->M,norisk,0.0,M,1.0180555555555555,2023Q3,195,57,155,1.0902458082829993,2.0209823465284775,1.958819992664358
陕西汉书下酒,dual,2023-08-27 08:16:00,2023-08-28 07:44:00,M->M,norisk,0.5,M,0.9777777777777777,2023Q3,195,57,155,1.0902458082829993,2.0209823465284775,1.958819992664358
陕西汉书下酒,dual,2023-08-28 07:44:00,2023-08-28 08:47:00,M->M,norisk,0.0,M,0.04375,2023Q3,195,57,155,1.0902458082829993,2.0209823465284775,1.958819992664358
陕西汉书下酒,dual,2023-08-28 08:47:00,2023-09-02 06:31:00,M->M,norisk,0.0,M,4.905555555555556,2023Q3,195,57,155,1.0902458082829993,2.0209823465284775,1.958819992664358
陕西汉书下酒,dual,2023-09-02 06:31:00,2023-09-03 10:03:00,M->M,norisk,0.0,M,1.1472222222222221,2023Q3,195,57,155,1.0902458082829993,2.0209823465284775,1.958819992664358
陕西汉书下酒,dual,2023-09-03 10:03:00,2023-09-04 07:44:00,M->M,norisk,0.0,M,0.9034722222222222,2023Q3,195,57,155,1.0902458082829993,2.0209823465284775,1.958819992664358
陕西汉书下酒,dual,2023-09-04 07:44:00,2023-09-04 10:19:00,M->M,norisk,0.5,M,0.1076388888888889,2023Q3,195,57,155,1.0902458082829993,2.0209823465284775,1.958819992664358
陕西汉书下酒,dual,2023-09-04 10:19:00,2023-09-07 07:45:00,M->M,norisk,0.5,M,2.8930555555555557,2023Q3,195,57,155,1.0902458082829993,2.0209823465284775,1.958819992664358
陕西汉书下酒,dual,2023-09-07 07:45:00,2023-09-10 09:30:00,M->M,norisk,0.0,M,3.0729166666666665,2023Q3,195,57,155,1.0902458082829993,2.0209823465284775,1.958819992664358
陕西汉书下酒,dual,2023-09-10 09:30:00,2023-09-12 07:24:00,M->M,norisk,0.0,M,1.9125,2023Q3,195,57,155,1.0902458082829993,2.0209823465284775,1.958819992664358
陕西汉书下酒,dual,2023-09-12 07:24:00,2023-09-13 07:50:00,M->M,risk,1.0,M,1.0180555555555555,2023Q3,195,57,155,1.0902458082829993,2.0209823465284775,1.958819992664358
陕西汉书下酒,dual,2023-09-13 07:50:00,2023-09-14 22:09:00,M->M,norisk,0.0,M,1.5965277777777778,2023Q3,195,57,155,1.0902458082829993,2.0209823465284775,1.958819992664358
陕西汉书下酒,dual,2023-09-14 22:09:00,2023-09-18 16:12:00,M->M,norisk,0.0,M,3.752083333333333,2023Q3,195,57,155,1.0902458082829993,2.0209823465284775,1.958819992664358
陕西汉书下酒,dual,2023-09-18 16:12:00,2023-09-19 11:45:00,M->M,risk,1.0,M,0.8145833333333333,2023Q3,195,57,155,1.0902458082829993,2.0209823465284775,1.958819992664358
陕西汉书下酒,dual,2023-09-19 11:45:00,2023-09-19 20:14:00,M->M,risk,1.0,M,0.35347222222222224,2023Q3,195,57,155,1.0902458082829993,2.0209823465284775,1.958819992664358
陕西汉书下酒,dual,2023-09-19 20:14:00,2023-09-20 14:18:00,M->M,risk,1.0,M,0.7527777777777778,2023Q3,195,57,155,1.0902458082829993,2.0209823465284775,1.958819992664358
陕西汉书下酒,dual,2023-09-20 14:18:00,2023-09-22 07:36:00,M->M,risk,1.0,M,1.7208333333333334,2023Q3,195,57,155,1.0902458082829993,2.0209823465284775,1.958819992664358
陕西汉书下酒,dual,2023-09-22 07:36:00,2023-09-24 14:10:00,M->M,risk,1.0,M,2.2736111111111112,2023Q3,195,57,155,1.0902458082829993,2.0209823465284775,1.958819992664358
陕西汉书下酒,dual,2023-09-24 14:10:00,2023-09-26 07:24:00,M->M,risk,1.0,M,1.7180555555555554,2023Q3,195,57,155,1.0902458082829993,2.0209823465284775,1.958819992664358
陕西汉书下酒,dual,2023-09-26 07:24:00,2023-09-28 14:44:00,M->M,risk,1.0,M,2.3055555555555554,2023Q3,195,57,155,1.0902458082829993,2.0209823465284775,1.958819992664358
陕西汉书下酒,dual,2023-09-28 14:44:00,2023-10-02 07:42:00,M->M,norisk,0.0,M,3.7069444444444444,2023Q4,195,57,155,1.0902458082829993,2.0209823465284775,1.958819992664358
陕西汉书下酒,dual,2023-10-02 07:42:00,2023-10-05 06:33:00,M->M,risk,1.0,M,2.9520833333333334,2023Q4,195,57,155,1.0902458082829993,2.0209823465284775,1.958819992664358
陕西汉书下酒,dual,2023-10-05 06:33:00,2023-10-10 06:47:00,M->M,risk,1.0,M,5.009722222222222,2023Q4,195,57,155,1.0902458082829993,2.0209823465284775,1.958819992664358
陕西汉书下酒,dual,2023-10-10 06:47:00,2023-10-11 07:50:00,M->M,norisk,0.0,M,1.04375,2023Q4,195,57,155,1.0902458082829993,2.0209823465284775,1.958819992664358
陕西汉书下酒,dual,2023-10-11 07:50:00,2023-10-17 11:10:00,M->M,norisk,0.0,M,6.138888888888889,2023Q4,195,57,155,1.0902458082829993,2.0209823465284775,1.958819992664358
陕西汉书下酒,dual,2023-10-17 11:10:00,2023-10-23 11:32:00,M->M,risk,1.0,M,6.0152777777777775,2023Q4,195,57,155,1.0902458082829993,2.0209823465284775,1.958819992664358
陕西汉书下酒,dual,2023-10-23 11:32:00,2023-10-28 20:29:00,M->M,norisk,0.0,M,5.372916666666667,2023Q4,195,57,155,1.0902458082829993,2.0209823465284775,1.958819992664358
陕西汉书下酒,dual,2023-10-28 20:29:00,2023-10-29 11:56:00,M->M,norisk,0.0,M,0.64375,2023Q4,195,57,155,1.0902458082829993,2.0209823465284775,1.958819992664358
陕西汉书下酒,dual,2023-10-29 11:56:00,2023-10-30 11:50:00,M->M,risk,1.0,M,0.9958333333333333,2023Q4,195,57,155,1.0902458082829993,2.0209823465284775,1.958819992664358
陕西汉书下酒,dual,2023-10-30 11:50:00,2023-11-05 11:48:00,M->M,norisk,0.0,M,5.998611111111111,2023Q4,195,57,155,1.0902458082829993,2.0209823465284775,1.958819992664358
陕西汉书下酒,dual,2023-11-05 11:48:00,2023-11-06 16:38:00,M->M,risk,1.0,M,1.2013888888888888,2023Q4,195,57,155,1.0902458082829993,2.0209823465284775,1.958819992664358
陕西汉书下酒,dual,2023-11-06 16:38:00,2023-11-13 09:18:00,M->M,norisk,0.0,M,6.694444444444445,2023Q4,195,57,155,1.0902458082829993,2.0209823465284775,1.958819992664358
陕西汉书下酒,dual,2023-11-13 09:18:00,2023-11-30 18:13:00,M->M,norisk,0.0,M,17.37152777777778,2023Q4,195,57,155,1.0902458082829993,2.0209823465284775,1.958819992664358
陕西汉书下酒,dual,2023-11-30 18:13:00,2023-12-01 17:44:00,M->M,norisk,0.0,M,0.9798611111111111,2023Q4,195,57,155,1.0902458082829993,2.0209823465284775,1.958819992664358
陕西汉书下酒,dual,2023-12-01 17:44:00,2023-12-02 07:15:00,M->M,norisk,0.0,M,0.5631944444444444,2023Q4,195,57,155,1.0902458082829993,2.0209823465284775,1.958819992664358
陕西汉书下酒,dual,2023-12-02 07:15:00,2023-12-03 11:37:00,M->M,norisk,0.0,M,1.1819444444444445,2023Q4,195,57,155,1.0902458082829993,2.0209823465284775,1.958819992664358
陕西汉书下酒,dual,2023-12-03 11:37:00,2023-12-04 08:45:00,M->M,norisk,0.0,M,0.8805555555555555,2023Q4,195,57,155,1.0902458082829993,2.0209823465284775,1.958819992664358
陕西汉书下酒,dual,2023-12-04 08:45:00,2023-12-06 10:05:00,M->M,risk,1.0,M,2.0555555555555554,2023Q4,195,57,155,1.0902458082829993,2.0209823465284775,1.958819992664358
陕西汉书下酒,dual,2023-12-06 10:05:00,2023-12-07 09:47:00,M->M,norisk,0.0,M,0.9875,2023Q4,195,57,155,1.0902458082829993,2.0209823465284775,1.958819992664358
陕西汉书下酒,dual,2023-12-07 09:47:00,2023-12-31 20:23:00,M->M,norisk,0.0,M,24.441666666666666,2023Q4,195,57,155,1.0902458082829993,2.0209823465284775,1.958819992664358
陕西汉书下酒,dual,2023-12-31 20:23:00,2024-01-31 17:19:00,M->M,norisk,0.0,M,30.872222222222224,2024Q1,195,57,155,1.0902458082829993,2.0209823465284775,1.958819992664358
陕西汉书下酒,dual,2024-01-31 17:19:00,2024-04-20 17:33:00,M->M,norisk,0.0,M,80.00972222222222,2024Q2,195,57,155,1.0902458082829993,2.0209823465284775,1.958819992664358
陕西汉书下酒,dual,2024-04-20 17:33:00,2024-09-18 06:45:00,M->M,norisk,0.0,M,150.55,2024Q3,195,57,155,1.0902458082829993,2.0209823465284775,1.958819992664358
陕西汉书下酒,dual,2024-09-18 06:45:00,2024-09-19 22:14:00,M->M,norisk,0.0,M,1.645138888888889,2024Q3,195,57,155,1.0902458082829993,2.0209823465284775,1.958819992664358
陕西汉书下酒,dual,2024-09-19 22:14:00,2024-09-28 19:10:00,M->M,norisk,0.0,M,8.872222222222222,2024Q3,195,57,155,1.0902458082829993,2.0209823465284775,1.958819992664358
陕西汉书下酒,dual,2024-09-28 19:10:00,2024-09-28 20:52:00,M->M,risk,1.0,M,0.07083333333333333,2024Q3,195,57,155,1.0902458082829993,2.0209823465284775,1.958819992664358
陕西汉书下酒,dual,2024-09-28 20:52:00,2024-09-30 19:45:00,M->L,risk,1.0,L,1.9534722222222223,2024Q3,195,57,155,1.0902458082829993,2.0209823465284775,1.958819992664358
陕西汉书下酒,dual,2024-09-30 19:45:00,2024-10-07 07:45:00,L->M,risk,1.0,M,6.5,2024Q4,195,57,155,1.0902458082829993,2.0209823465284775,1.958819992664358
陕西汉书下酒,dual,2024-10-07 07:45:00,2024-10-08 07:11:00,M->M,norisk,0.0,M,0.9763888888888889,2024Q4,195,57,155,1.0902458082829993,2.0209823465284775,1.958819992664358
陕西汉书下酒,dual,2024-10-08 07:11:00,2024-10-09 19:09:00,M->M,risk,1.0,M,1.4986111111111111,2024Q4,195,57,155,1.0902458082829993,2.0209823465284775,1.958819992664358
陕西汉书下酒,dual,2024-10-09 19:09:00,2024-10-13 20:52:00,M->M,risk,1.0,M,4.071527777777778,2024Q4,195,57,155,1.0902458082829993,2.0209823465284775,1.958819992664358
陕西汉书下酒,dual,2024-10-13 20:52:00,2024-10-14 21:45:00,M->M,risk,1.0,M,1.0368055555555555,2024Q4,195,57,155,1.0902458082829993,2.0209823465284775,1.958819992664358
陕西汉书下酒,dual,2024-10-14 21:45:00,2024-10-16 12:47:00,M->M,risk,1.0,M,1.6263888888888889,2024Q4,195,57,155,1.0902458082829993,2.0209823465284775,1.958819992664358
陕西汉书下酒,dual,2024-10-16 12:47:00,2024-10-16 17:16:00,M->M,risk,1.0,M,0.18680555555555556,2024Q4,195,57,155,1.0902458082829993,2.0209823465284775,1.958819992664358
陕西汉书下酒,dual,2024-10-16 17:16:00,2024-11-28 08:38:00,M->M,risk,1.0,M,42.640277777777776,2024Q4,195,57,155,1.0902458082829993,2.0209823465284775,1.958819992664358
陕西汉书下酒,dual,2024-11-28 08:38:00,2024-12-04 20:08:00,M->M,risk,1.0,M,6.479166666666667,2024Q4,195,57,155,1.0902458082829993,2.0209823465284775,1.958819992664358
陕西汉书下酒,dual,2024-12-04 20:08:00,2024-12-05 07:46:00,M->M,risk,1.0,M,0.4847222222222222,2024Q4,195,57,155,1.0902458082829993,2.0209823465284775,1.958819992664358
陕西汉书下酒,dual,2024-12-05 07:46:00,2024-12-08 18:14:00,M->L,norisk,0.0,L,3.436111111111111,2024Q4,195,57,155,1.0902458082829993,2.0209823465284775,1.958819992664358
陕西汉书下酒,dual,2024-12-08 18:14:00,2024-12-09 11:13:00,L->M,risk,1.0,M,0.7076388888888889,2024Q4,195,57,155,1.0902458082829993,2.0209823465284775,1.958819992664358
陕西汉书下酒,dual,2024-12-09 11:13:00,2024-12-09 16:30:00,M->M,risk,1.0,M,0.22013888888888888,2024Q4,195,57,155,1.0902458082829993,2.0209823465284775,1.958819992664358
陕西汉书下酒,dual,2024-12-09 16:30:00,2024-12-15 15:13:00,M->M,risk,1.0,M,5.946527777777778,2024Q4,195,57,155,1.0902458082829993,2.0209823465284775,1.958819992664358
陕西汉书下酒,dual,2024-12-15 15:13:00,2024-12-28 11:30:00,M->M,risk,1.0,M,12.845138888888888,2024Q4,195,57,155,1.0902458082829993,2.0209823465284775,1.958819992664358
陕西汉书下酒,dual,2024-12-28 11:30:00,2024-12-31 15:57:00,M->M,risk,1.0,M,3.185416666666667,2024Q4,195,57,155,1.0902458082829993,2.0209823465284775,1.958819992664358
陕西汉书下酒,dual,2024-12-31 15:57:00,2025-01-09 10:33:00,M->M,norisk,0.0,M,8.775,2025Q1,195,57,155,1.0902458082829993,2.0209823465284775,1.958819992664358
陕西消防,mainstream_only,2022-10-14 14:12:00,2022-12-19 19:26:00,M->M,norisk,0.0,M,66.21805555555555,2022Q4,2,8,2,-0.4182087029502085,-0.8736034762056902,-0.8450113378100864
陕西铁检,mainstream_only,2020-03-18 23:10:00,2022-10-14 12:23:00,M->M,norisk,0.0,M,939.5506944444444,2022Q4,2,3,2,-0.5721326326678827,-0.8736034762056902,-0.8450113378100864
难般聊聊,wemedia_only,2023-02-02 21:22:00,2023-02-04 09:26:00,L->M,risk,1.0,M,1.5027777777777778,2023Q1,41,57,23,1.0902458082829993,-0.4763073828892358,-0.27843402232561326
难般聊聊,wemedia_only,2023-02-04 09:26:00,2023-02-04 12:09:00,M->M,risk,1.0,M,0.11319444444444444,2023Q1,41,57,23,1.0902458082829993,-0.4763073828892358,-0.27843402232561326
难般聊聊,wemedia_only,2023-02-04 12:09:00,2023-02-06 08:59:00,M->L,risk,1.0,L,1.8680555555555556,2023Q1,41,57,23,1.0902458082829993,-0.4763073828892358,-0.27843402232561326
难般聊聊,wemedia_only,2023-02-06 08:59:00,2023-02-07 10:37:00,L->L,risk,1.0,L,1.0680555555555555,2023Q1,41,57,23,1.0902458082829993,-0.4763073828892358,-0.27843402232561326
难般聊聊,wemedia_only,2023-02-07 10:37:00,2023-02-08 09:02:00,L->L,risk,1.0,L,0.9340277777777778,2023Q1,41,57,23,1.0902458082829993,-0.4763073828892358,-0.27843402232561326
难般聊聊,wemedia_only,2023-02-08 09:02:00,2023-02-08 15:11:00,L->L,risk,1.0,L,0.25625,2023Q1,41,57,23,1.0902458082829993,-0.4763073828892358,-0.27843402232561326
难般聊聊,wemedia_only,2023-02-08 15:11:00,2023-02-09 18:24:00,L->M,risk,1.0,M,1.1340277777777779,2023Q1,41,57,23,1.0902458082829993,-0.4763073828892358,-0.27843402232561326
难般聊聊,wemedia_only,2023-02-09 18:24:00,2023-02-10 14:43:00,M->M,risk,1.0,M,0.8465277777777778,2023Q1,41,57,23,1.0902458082829993,-0.4763073828892358,-0.27843402232561326
难般聊聊,wemedia_only,2023-02-10 14:43:00,2023-02-13 12:52:00,M->L,risk,1.0,L,2.9229166666666666,2023Q1,41,57,23,1.0902458082829993,-0.4763073828892358,-0.27843402232561326
难般聊聊,wemedia_only,2023-02-13 12:52:00,2023-02-13 20:16:00,L->M,risk,1.0,M,0.30833333333333335,2023Q1,41,57,23,1.0902458082829993,-0.4763073828892358,-0.27843402232561326
难般聊聊,wemedia_only,2023-02-13 20:16:00,2023-02-14 08:34:00,M->H,risk,1.0,H,0.5125,2023Q1,41,57,23,1.0902458082829993,-0.4763073828892358,-0.27843402232561326
难般聊聊,wemedia_only,2023-02-14 08:34:00,2023-02-14 09:45:00,H->L,risk,1.0,L,0.049305555555555554,2023Q1,41,57,23,1.0902458082829993,-0.4763073828892358,-0.27843402232561326
难般聊聊,wemedia_only,2023-02-14 09:45:00,2023-02-14 10:19:00,L->M,risk,1.0,M,0.02361111111111111,2023Q1,41,57,23,1.0902458082829993,-0.4763073828892358,-0.27843402232561326
难般聊聊,wemedia_only,2023-02-14 10:19:00,2023-02-14 13:32:00,M->H,risk,1.0,H,0.13402777777777777,2023Q1,41,57,23,1.0902458082829993,-0.4763073828892358,-0.27843402232561326
难般聊聊,wemedia_only,2023-02-14 13:32:00,2023-02-14 20:54:00,H->M,risk,1.0,M,0.30694444444444446,2023Q1,41,57,23,1.0902458082829993,-0.4763073828892358,-0.27843402232561326
难般聊聊,wemedia_only,2023-02-14 20:54:00,2023-02-15 10:15:00,M->H,risk,1.0,H,0.55625,2023Q1,41,57,23,1.0902458082829993,-0.4763073828892358,-0.27843402232561326
难般聊聊,wemedia_only,2023-02-15 10:15:00,2023-02-15 11:04:00,H->M,risk,1.0,M,0.034027777777777775,2023Q1,41,57,23,1.0902458082829993,-0.4763073828892358,-0.27843402232561326
难般聊聊,wemedia_only,2023-02-15 11:04:00,2023-02-16 07:59:00,M->M,risk,1.0,M,0.8715277777777778,2023Q1,41,57,23,1.0902458082829993,-0.4763073828892358,-0.27843402232561326
难般聊聊,wemedia_only,2023-02-16 07:59:00,2023-02-16 09:10:00,M->H,risk,1.0,H,0.049305555555555554,2023Q1,41,57,23,1.0902458082829993,-0.4763073828892358,-0.27843402232561326
难般聊聊,wemedia_only,2023-02-16 09:10:00,2023-02-16 12:45:00,H->M,risk,1.0,M,0.14930555555555555,2023Q1,41,57,23,1.0902458082829993,-0.4763073828892358,-0.27843402232561326
难般聊聊,wemedia_only,2023-02-16 12:45:00,2023-02-16 13:32:00,M->L,risk,1.0,L,0.03263888888888889,2023Q1,41,57,23,1.0902458082829993,-0.4763073828892358,-0.27843402232561326
难般聊聊,wemedia_only,2023-02-16 13:32:00,2023-02-16 14:31:00,L->M,risk,1.0,M,0.04097222222222222,2023Q1,41,57,23,1.0902458082829993,-0.4763073828892358,-0.27843402232561326
难般聊聊,wemedia_only,2023-02-16 14:31:00,2023-02-17 08:14:00,M->L,risk,1.0,L,0.7381944444444445,2023Q1,41,57,23,1.0902458082829993,-0.4763073828892358,-0.27843402232561326
难般聊聊,wemedia_only,2023-02-17 08:14:00,2023-02-17 13:12:00,L->L,risk,0.6666666666666666,L,0.20694444444444443,2023Q1,41,57,23,1.0902458082829993,-0.4763073828892358,-0.27843402232561326
难般聊聊,wemedia_only,2023-02-17 13:12:00,2023-02-17 14:22:00,L->M,risk,0.6666666666666666,M,0.04861111111111111,2023Q1,41,57,23,1.0902458082829993,-0.4763073828892358,-0.27843402232561326
难般聊聊,wemedia_only,2023-02-17 14:22:00,2023-02-18 04:11:00,M->M,risk,0.6666666666666666,M,0.5756944444444444,2023Q1,41,57,23,1.0902458082829993,-0.4763073828892358,-0.27843402232561326
难般聊聊,wemedia_only,2023-02-18 04:11:00,2023-02-18 08:23:00,M->L,risk,1.0,L,0.175,2023Q1,41,57,23,1.0902458082829993,-0.4763073828892358,-0.27843402232561326
难般聊聊,wemedia_only,2023-02-18 08:23:00,2023-02-18 09:52:00,L->M,risk,1.0,M,0.06180555555555556,2023Q1,41,57,23,1.0902458082829993,-0.4763073828892358,-0.27843402232561326
难般聊聊,wemedia_only,2023-02-18 09:52:00,2023-02-19 08:35:00,M->L,risk,1.0,L,0.9465277777777777,2023Q1,41,57,23,1.0902458082829993,-0.4763073828892358,-0.27843402232561326
难般聊聊,wemedia_only,2023-02-19 08:35:00,2023-02-19 15:12:00,L->H,risk,1.0,H,0.27569444444444446,2023Q1,41,57,23,1.0902458082829993,-0.4763073828892358,-0.27843402232561326
难般聊聊,wemedia_only,2023-02-19 15:12:00,2023-02-20 14:58:00,H->M,risk,1.0,M,0.9902777777777778,2023Q1,41,57,23,1.0902458082829993,-0.4763073828892358,-0.27843402232561326
难般聊聊,wemedia_only,2023-02-20 14:58:00,2023-02-22 16:47:00,M->L,risk,1.0,L,2.0756944444444443,2023Q1,41,57,23,1.0902458082829993,-0.4763073828892358,-0.27843402232561326
难般聊聊,wemedia_only,2023-02-22 16:47:00,2023-02-25 17:03:00,L->M,risk,1.0,M,3.011111111111111,2023Q1,41,57,23,1.0902458082829993,-0.4763073828892358,-0.27843402232561326
难般聊聊,wemedia_only,2023-02-25 17:03:00,2023-02-26 17:18:00,M->M,risk,1.0,M,1.0104166666666667,2023Q1,41,57,23,1.0902458082829993,-0.4763073828892358,-0.27843402232561326
难般聊聊,wemedia_only,2023-02-26 17:18:00,2023-02-27 09:56:00,M->L,norisk,0.0,L,0.6930555555555555,2023Q1,41,57,23,1.0902458082829993,-0.4763073828892358,-0.27843402232561326
难般聊聊,wemedia_only,2023-02-27 09:56:00,2023-02-28 09:55:00,L->M,risk,1.0,M,0.9993055555555556,2023Q1,41,57,23,1.0902458082829993,-0.4763073828892358,-0.27843402232561326
难般聊聊,wemedia_only,2023-02-28 09:55:00,2023-03-01 17:34:00,M->M,risk,1.0,M,1.31875,2023Q1,41,57,23,1.0902458082829993,-0.4763073828892358,-0.27843402232561326
难般聊聊,wemedia_only,2023-03-01 17:34:00,2023-03-01 23:23:00,M->L,risk,1.0,L,0.2423611111111111,2023Q1,41,57,23,1.0902458082829993,-0.4763073828892358,-0.27843402232561326
难般聊聊,wemedia_only,2023-03-01 23:23:00,2023-03-08 16:47:00,L->M,risk,1.0,M,6.725,2023Q1,41,57,23,1.0902458082829993,-0.4763073828892358,-0.27843402232561326
难般聊聊,wemedia_only,2023-03-08 16:47:00,2023-03-11 10:02:00,M->H,risk,1.0,H,2.71875,2023Q1,41,57,23,1.0902458082829993,-0.4763073828892358,-0.27843402232561326
雪冰杰,wemedia_only,2023-12-21 20:06:00,2023-12-25 20:52:00,M->M,risk,1.0,M,4.031944444444444,2023Q4,158,30,147,0.25905658780755825,1.869631453836495,1.4212979241278063
雪冰杰,wemedia_only,2024-01-04 01:34:00,2024-01-06 20:57:00,M->M,risk,1.0,M,2.807638888888889,2024Q1,158,30,147,0.25905658780755825,1.869631453836495,1.4212979241278063
雪冰杰,wemedia_only,2024-01-15 20:53:00,2024-01-19 22:23:00,M->M,risk,1.0,M,4.0625,2024Q1,158,30,147,0.25905658780755825,1.869631453836495,1.4212979241278063
雪冰杰,wemedia_only,2024-03-25 21:02:00,2024-04-06 20:25:00,M->M,norisk,0.0,M,11.974305555555556,2024Q2,158,30,147,0.25905658780755825,1.869631453836495,1.4212979241278063
雪冰杰,wemedia_only,2024-05-22 21:16:00,2024-05-29 19:26:00,M->M,risk,1.0,M,6.923611111111111,2024Q2,158,30,147,0.25905658780755825,1.869631453836495,1.4212979241278063
雪冰杰,wemedia_only,2024-06-29 21:01:00,2024-07-01 20:23:00,L->M,risk,1.0,M,1.9736111111111112,2024Q3,158,30,147,0.25905658780755825,1.869631453836495,1.4212979241278063
雪冰杰,wemedia_only,2024-07-08 19:29:00,2024-07-10 19:32:00,M->M,norisk,0.0,M,2.002083333333333,2024Q3,158,30,147,0.25905658780755825,1.869631453836495,1.4212979241278063
雪冰杰,wemedia_only,2024-07-11 19:47:00,2024-07-16 16:58:00,M->M,risk,1.0,M,4.882638888888889,2024Q3,158,30,147,0.25905658780755825,1.869631453836495,1.4212979241278063
雪冰杰,wemedia_only,2024-10-12 18:29:00,2024-10-14 19:18:00,M->M,risk,1.0,M,2.0340277777777778,2024Q4,158,30,147,0.25905658780755825,1.869631453836495,1.4212979241278063
雪冰杰,wemedia_only,2024-12-21 16:46:00,2024-12-23 18:45:00,M->M,norisk,0.0,M,2.082638888888889,2024Q4,158,30,147,0.25905658780755825,1.869631453836495,1.4212979241278063
雪冰杰,wemedia_only,2025-02-17 17:28:00,2025-03-05 17:35:00,M->M,norisk,0.0,M,16.00486111111111,2025Q1,158,30,147,0.25905658780755825,1.869631453836495,1.4212979241278063
雪冰杰,wemedia_only,2025-03-05 17:35:00,2025-03-07 17:22:00,M->M,risk,1.0,M,1.9909722222222221,2025Q1,158,30,147,0.25905658780755825,1.869631453836495,1.4212979241278063
雪冰杰,wemedia_only,2025-03-10 18:06:00,2025-03-12 17:52:00,M->M,risk,1.0,M,1.9902777777777778,2025Q1,158,30,147,0.25905658780755825,1.869631453836495,1.4212979241278063
雪冰杰,wemedia_only,2025-03-26 18:49:00,2025-04-07 19:01:00,L->M,risk,1.0,M,12.008333333333333,2025Q2,158,30,147,0.25905658780755825,1.869631453836495,1.4212979241278063
雪冰杰,wemedia_only,2025-04-07 19:01:00,2025-04-09 20:02:00,M->M,norisk,0.0,M,2.042361111111111,2025Q2,158,30,147,0.25905658780755825,1.869631453836495,1.4212979241278063
雪冰杰,wemedia_only,2025-05-21 18:39:00,2025-05-23 23:14:00,M->M,norisk,0.0,M,2.1909722222222223,2025Q2,158,30,147,0.25905658780755825,1.869631453836495,1.4212979241278063
雪冰杰,wemedia_only,2025-06-18 19:28:00,2025-06-23 17:59:00,M->M,risk,1.0,M,4.938194444444444,2025Q2,158,30,147,0.25905658780755825,1.869631453836495,1.4212979241278063
雪冰杰,wemedia_only,2025-06-23 17:59:00,2025-07-07 20:16:00,M->M,risk,1.0,M,14.095138888888888,2025Q3,158,30,147,0.25905658780755825,1.869631453836495,1.4212979241278063
雷神1999,dual,2023-07-22 17:52:00,2023-07-26 14:43:00,H->H,risk,1.0,H,3.86875,2023Q3,101,80,54,1.798295884984301,0.11017732629219691,0.5932233861120377
雷神1999,dual,2023-07-28 00:09:00,2023-07-28 23:40:00,H->L,risk,1.0,L,0.9798611111111111,2023Q3,101,80,54,1.798295884984301,0.11017732629219691,0.5932233861120377
雷神1999,dual,2023-07-28 23:40:00,2023-07-29 00:50:00,L->H,risk,1.0,H,0.04861111111111111,2023Q3,101,80,54,1.798295884984301,0.11017732629219691,0.5932233861120377
雷神1999,dual,2023-07-30 16:56:00,2023-07-31 15:45:00,M->L,risk,1.0,L,0.9506944444444444,2023Q3,101,80,54,1.798295884984301,0.11017732629219691,0.5932233861120377
雷神1999,dual,2023-07-31 15:45:00,2023-08-01 15:52:00,L->M,norisk,0.5,M,1.0048611111111112,2023Q3,101,80,54,1.798295884984301,0.11017732629219691,0.5932233861120377
雷神1999,dual,2023-08-01 15:52:00,2023-08-01 15:58:00,M->H,risk,1.0,H,0.004166666666666667,2023Q3,101,80,54,1.798295884984301,0.11017732629219691,0.5932233861120377
雷神1999,dual,2023-08-01 15:58:00,2023-08-01 18:06:00,H->M,risk,1.0,M,0.08888888888888889,2023Q3,101,80,54,1.798295884984301,0.11017732629219691,0.5932233861120377
雷神1999,dual,2023-08-01 18:06:00,2023-08-01 18:19:00,M->M,risk,1.0,M,0.009027777777777777,2023Q3,101,80,54,1.798295884984301,0.11017732629219691,0.5932233861120377
雷神1999,dual,2023-08-01 18:19:00,2023-08-02 10:25:00,M->M,risk,1.0,M,0.6708333333333333,2023Q3,101,80,54,1.798295884984301,0.11017732629219691,0.5932233861120377
雷神1999,dual,2023-08-02 10:25:00,2023-08-02 14:18:00,M->M,risk,1.0,M,0.16180555555555556,2023Q3,101,80,54,1.798295884984301,0.11017732629219691,0.5932233861120377
雷神1999,dual,2023-08-02 14:18:00,2023-08-02 14:22:00,M->H,risk,1.0,H,0.002777777777777778,2023Q3,101,80,54,1.798295884984301,0.11017732629219691,0.5932233861120377
雷神1999,dual,2023-08-02 14:22:00,2023-08-02 19:47:00,H->L,risk,1.0,L,0.22569444444444445,2023Q3,101,80,54,1.798295884984301,0.11017732629219691,0.5932233861120377
雷神1999,dual,2023-08-02 19:47:00,2023-08-02 22:22:00,L->H,risk,1.0,H,0.1076388888888889,2023Q3,101,80,54,1.798295884984301,0.11017732629219691,0.5932233861120377
雷神1999,dual,2023-08-02 22:22:00,2023-08-02 22:25:00,H->H,risk,1.0,H,0.0020833333333333333,2023Q3,101,80,54,1.798295884984301,0.11017732629219691,0.5932233861120377
雷神1999,dual,2023-08-02 22:25:00,2023-08-03 17:28:00,H->M,risk,1.0,M,0.79375,2023Q3,101,80,54,1.798295884984301,0.11017732629219691,0.5932233861120377
雷神1999,dual,2023-08-03 17:28:00,2023-08-04 18:49:00,M->M,risk,1.0,M,1.05625,2023Q3,101,80,54,1.798295884984301,0.11017732629219691,0.5932233861120377
雷神1999,dual,2023-08-04 18:49:00,2023-08-04 18:54:00,M->H,risk,1.0,H,0.003472222222222222,2023Q3,101,80,54,1.798295884984301,0.11017732629219691,0.5932233861120377
雷神1999,dual,2023-08-04 18:54:00,2023-08-05 13:11:00,H->M,risk,1.0,M,0.7618055555555555,2023Q3,101,80,54,1.798295884984301,0.11017732629219691,0.5932233861120377
雷神1999,dual,2023-08-05 13:11:00,2023-08-05 16:35:00,M->M,risk,1.0,M,0.14166666666666666,2023Q3,101,80,54,1.798295884984301,0.11017732629219691,0.5932233861120377
雷神1999,dual,2023-08-05 16:35:00,2023-08-06 12:00:00,M->L,risk,1.0,L,0.8090277777777778,2023Q3,101,80,54,1.798295884984301,0.11017732629219691,0.5932233861120377
雷神1999,dual,2023-08-06 12:00:00,2023-08-06 22:58:00,L->H,risk,1.0,H,0.45694444444444443,2023Q3,101,80,54,1.798295884984301,0.11017732629219691,0.5932233861120377
雷神1999,dual,2023-08-06 22:58:00,2023-08-06 23:14:00,H->H,risk,1.0,H,0.011111111111111112,2023Q3,101,80,54,1.798295884984301,0.11017732629219691,0.5932233861120377
雷神1999,dual,2023-08-06 23:14:00,2023-08-07 01:05:00,H->M,risk,1.0,M,0.07708333333333334,2023Q3,101,80,54,1.798295884984301,0.11017732629219691,0.5932233861120377
雷神1999,dual,2023-08-07 01:05:00,2023-08-07 13:58:00,M->M,norisk,0.0,M,0.5368055555555555,2023Q3,101,80,54,1.798295884984301,0.11017732629219691,0.5932233861120377
雷神1999,dual,2023-08-07 13:58:00,2023-08-07 14:40:00,M->M,norisk,0.0,M,0.029166666666666667,2023Q3,101,80,54,1.798295884984301,0.11017732629219691,0.5932233861120377
雷神1999,dual,2023-08-07 14:40:00,2023-08-22 11:45:00,M->M,norisk,0.0,M,14.878472222222221,2023Q3,101,80,54,1.798295884984301,0.11017732629219691,0.5932233861120377
雷神1999,dual,2023-08-22 11:45:00,2023-08-22 23:32:00,M->H,risk,1.0,H,0.4909722222222222,2023Q3,101,80,54,1.798295884984301,0.11017732629219691,0.5932233861120377
雷神1999,dual,2023-08-22 23:32:00,2023-08-22 23:36:00,H->M,risk,1.0,M,0.002777777777777778,2023Q3,101,80,54,1.798295884984301,0.11017732629219691,0.5932233861120377
雷神1999,dual,2023-08-22 23:36:00,2023-08-25 11:59:00,M->M,risk,1.0,M,2.515972222222222,2023Q3,101,80,54,1.798295884984301,0.11017732629219691,0.5932233861120377
雷神1999,dual,2023-08-25 11:59:00,2023-08-26 10:50:00,M->H,norisk,0.0,H,0.9520833333333333,2023Q3,101,80,54,1.798295884984301,0.11017732629219691,0.5932233861120377
雷神1999,dual,2023-08-26 10:50:00,2023-09-17 16:27:00,H->L,norisk,0.0,L,22.23402777777778,2023Q3,101,80,54,1.798295884984301,0.11017732629219691,0.5932233861120377
雷神1999,dual,2023-09-22 14:41:00,2023-09-23 18:39:00,L->M,risk,1.0,M,1.1652777777777779,2023Q3,101,80,54,1.798295884984301,0.11017732629219691,0.5932233861120377
雷神1999,dual,2023-09-24 22:26:00,2023-09-25 13:59:00,H->M,risk,1.0,M,0.6479166666666667,2023Q3,101,80,54,1.798295884984301,0.11017732629219691,0.5932233861120377
雷神1999,dual,2023-09-28 09:39:00,2023-10-01 23:12:00,H->H,norisk,0.0,H,3.564583333333333,2023Q4,101,80,54,1.798295884984301,0.11017732629219691,0.5932233861120377
雷神1999,dual,2023-10-02 00:23:00,2023-10-02 00:24:00,H->H,risk,1.0,H,0.0006944444444444445,2023Q4,101,80,54,1.798295884984301,0.11017732629219691,0.5932233861120377
雷神1999,dual,2023-10-02 00:24:00,2023-10-02 00:26:00,H->M,risk,1.0,M,0.001388888888888889,2023Q4,101,80,54,1.798295884984301,0.11017732629219691,0.5932233861120377
雷神1999,dual,2023-10-02 00:26:00,2023-10-03 21:48:00,M->M,risk,1.0,M,1.8902777777777777,2023Q4,101,80,54,1.798295884984301,0.11017732629219691,0.5932233861120377
雷神1999,dual,2023-11-05 13:25:00,2023-11-10 18:15:00,M->L,risk,1.0,L,5.201388888888889,2023Q4,101,80,54,1.798295884984301,0.11017732629219691,0.5932233861120377
雷神1999,dual,2023-11-13 19:06:00,2023-11-26 08:25:00,M->H,norisk,0.0,H,12.55486111111111,2023Q4,101,80,54,1.798295884984301,0.11017732629219691,0.5932233861120377
露丝小师哥,mainstream_only,2023-11-10 12:21:00,2023-11-10 16:14:00,M->M,risk,1.0,M,0.16180555555555556,2023Q4,8,7,7,-0.44899348889374335,-0.7790091682732011,-0.7578455969663214
露丝小师哥,mainstream_only,2023-11-10 16:14:00,2023-11-11 10:55:00,M->M,risk,1.0,M,0.7784722222222222,2023Q4,8,7,7,-0.44899348889374335,-0.7790091682732011,-0.7578455969663214
青尘3141,wemedia_only,2023-02-18 06:03:00,2023-03-11 08:56:00,M->M,norisk,0.0,M,21.12013888888889,2023Q1,32,12,31,-0.2950695591760691,-0.3249564901972532,-0.40918263359126095
青尘3141,wemedia_only,2023-03-11 08:56:00,2023-03-26 13:47:00,M->M,norisk,0.0,M,15.202083333333333,2023Q1,32,12,31,-0.2950695591760691,-0.3249564901972532,-0.40918263359126095
青尘3141,wemedia_only,2023-03-26 13:47:00,2023-04-10 14:48:00,M->M,risk,1.0,M,15.042361111111111,2023Q2,32,12,31,-0.2950695591760691,-0.3249564901972532,-0.40918263359126095
青尘3141,wemedia_only,2023-04-10 14:48:00,2023-04-26 07:13:00,M->M,risk,1.0,M,15.684027777777779,2023Q2,32,12,31,-0.2950695591760691,-0.3249564901972532,-0.40918263359126095
青尘3141,wemedia_only,2023-04-26 07:13:00,2023-05-05 05:16:00,M->M,risk,1.0,M,8.91875,2023Q2,32,12,31,-0.2950695591760691,-0.3249564901972532,-0.40918263359126095
青尘3141,wemedia_only,2023-05-05 05:16:00,2023-05-15 17:32:00,M->L,norisk,0.0,L,10.511111111111111,2023Q2,32,12,31,-0.2950695591760691,-0.3249564901972532,-0.40918263359126095
青尘3141,wemedia_only,2023-05-15 17:32:00,2023-05-16 01:02:00,L->H,risk,1.0,H,0.3125,2023Q2,32,12,31,-0.2950695591760691,-0.3249564901972532,-0.40918263359126095
青尘3141,wemedia_only,2023-05-16 01:02:00,2023-05-18 07:32:00,H->M,risk,1.0,M,2.2708333333333335,2023Q2,32,12,31,-0.2950695591760691,-0.3249564901972532,-0.40918263359126095
青尘3141,wemedia_only,2023-05-18 07:32:00,2023-08-31 00:45:00,M->M,norisk,0.0,M,104.71736111111112,2023Q3,32,12,31,-0.2950695591760691,-0.3249564901972532,-0.40918263359126095
青尘3141,wemedia_only,2023-08-31 00:45:00,2023-09-10 09:41:00,M->M,risk,1.0,M,10.372222222222222,2023Q3,32,12,31,-0.2950695591760691,-0.3249564901972532,-0.40918263359126095
青尘3141,wemedia_only,2023-09-10 09:41:00,2023-09-27 07:27:00,M->M,norisk,0.0,M,16.906944444444445,2023Q3,32,12,31,-0.2950695591760691,-0.3249564901972532,-0.40918263359126095
青尘3141,wemedia_only,2023-09-27 07:27:00,2023-11-03 19:33:00,M->M,norisk,0.0,M,37.50416666666667,2023Q4,32,12,31,-0.2950695591760691,-0.3249564901972532,-0.40918263359126095
青尘3141,wemedia_only,2023-11-03 19:33:00,2023-11-22 18:00:00,M->M,norisk,0.0,M,18.935416666666665,2023Q4,32,12,31,-0.2950695591760691,-0.3249564901972532,-0.40918263359126095
青尘3141,wemedia_only,2023-11-22 18:00:00,2023-11-24 15:12:00,M->M,risk,1.0,M,1.8833333333333333,2023Q4,32,12,31,-0.2950695591760691,-0.3249564901972532,-0.40918263359126095
青尘3141,wemedia_only,2023-11-24 15:12:00,2023-11-24 17:32:00,M->M,norisk,0.0,M,0.09722222222222222,2023Q4,32,12,31,-0.2950695591760691,-0.3249564901972532,-0.40918263359126095
青尘3141,wemedia_only,2023-11-24 17:32:00,2023-12-10 22:11:00,M->M,norisk,0.0,M,16.19375,2023Q4,32,12,31,-0.2950695591760691,-0.3249564901972532,-0.40918263359126095
青尘3141,wemedia_only,2023-12-10 22:11:00,2023-12-11 07:32:00,M->M,norisk,0.0,M,0.38958333333333334,2023Q4,32,12,31,-0.2950695591760691,-0.3249564901972532,-0.40918263359126095
青尘3141,wemedia_only,2023-12-11 07:32:00,2023-12-14 12:49:00,M->H,risk,1.0,H,3.220138888888889,2023Q4,32,12,31,-0.2950695591760691,-0.3249564901972532,-0.40918263359126095
青尘3141,wemedia_only,2023-12-14 12:49:00,2023-12-20 08:40:00,H->M,risk,1.0,M,5.827083333333333,2023Q4,32,12,31,-0.2950695591760691,-0.3249564901972532,-0.40918263359126095
青尘3141,wemedia_only,2023-12-20 08:40:00,2024-01-22 07:44:00,M->H,norisk,0.0,H,32.96111111111111,2024Q1,32,12,31,-0.2950695591760691,-0.3249564901972532,-0.40918263359126095
青尘3141,wemedia_only,2024-01-22 07:44:00,2024-03-18 08:55:00,H->M,risk,1.0,M,56.049305555555556,2024Q1,32,12,31,-0.2950695591760691,-0.3249564901972532,-0.40918263359126095
青尘3141,wemedia_only,2024-03-18 08:55:00,2024-04-20 08:11:00,M->M,risk,1.0,M,32.96944444444444,2024Q2,32,12,31,-0.2950695591760691,-0.3249564901972532,-0.40918263359126095
青尘3141,wemedia_only,2024-04-20 08:11:00,2024-05-25 20:38:00,M->H,risk,1.0,H,35.51875,2024Q2,32,12,31,-0.2950695591760691,-0.3249564901972532,-0.40918263359126095
青尘3141,wemedia_only,2024-05-25 20:38:00,2024-06-05 15:31:00,H->L,risk,1.0,L,10.786805555555556,2024Q2,32,12,31,-0.2950695591760691,-0.3249564901972532,-0.40918263359126095
青尘3141,wemedia_only,2024-06-05 15:31:00,2024-06-14 22:16:00,L->M,risk,1.0,M,9.28125,2024Q2,32,12,31,-0.2950695591760691,-0.3249564901972532,-0.40918263359126095
青尘3141,wemedia_only,2024-06-14 22:16:00,2024-06-30 06:07:00,M->M,risk,1.0,M,15.327083333333333,2024Q2,32,12,31,-0.2950695591760691,-0.3249564901972532,-0.40918263359126095
青尘3141,wemedia_only,2024-06-30 06:07:00,2024-07-01 20:36:00,M->H,risk,1.0,H,1.6034722222222222,2024Q3,32,12,31,-0.2950695591760691,-0.3249564901972532,-0.40918263359126095
青尘3141,wemedia_only,2024-07-01 20:36:00,2024-08-11 09:51:00,H->H,risk,1.0,H,40.552083333333336,2024Q3,32,12,31,-0.2950695591760691,-0.3249564901972532,-0.40918263359126095
青尘3141,wemedia_only,2024-08-11 09:51:00,2024-08-18 11:53:00,H->H,risk,1.0,H,7.084722222222222,2024Q3,32,12,31,-0.2950695591760691,-0.3249564901972532,-0.40918263359126095
青尘3141,wemedia_only,2024-08-18 11:53:00,2025-02-08 08:50:00,H->M,risk,1.0,M,173.87291666666667,2025Q1,32,12,31,-0.2950695591760691,-0.3249564901972532,-0.40918263359126095
青尘3141,wemedia_only,2025-02-08 08:50:00,2025-02-15 05:58:00,M->M,risk,1.0,M,6.8805555555555555,2025Q1,32,12,31,-0.2950695591760691,-0.3249564901972532,-0.40918263359126095
青尘财经,wemedia_only,2022-07-21 07:25:00,2023-12-16 17:29:00,M->H,norisk,0.0,H,513.4194444444445,2023Q4,2,2,2,-0.6029174186114176,-0.8736034762056902,-0.8450113378100864
青岛发布,mainstream_only,2021-11-25 09:20:00,2022-03-14 14:11:00,M->M,risk,1.0,M,109.20208333333333,2022Q1,8,2,6,-0.6029174186114176,-0.7979280298596989,-0.7578455969663214
青岛发布,mainstream_only,2022-10-14 10:07:00,2022-10-14 13:58:00,M->M,risk,1.0,M,0.16041666666666668,2022Q4,8,2,6,-0.6029174186114176,-0.7979280298596989,-0.7578455969663214
青岛发布,mainstream_only,2022-10-14 13:58:00,2022-10-14 16:53:00,M->M,risk,1.0,M,0.12152777777777778,2022Q4,8,2,6,-0.6029174186114176,-0.7979280298596989,-0.7578455969663214
青岛发布,mainstream_only,2022-10-14 16:53:00,2023-02-09 18:02:00,M->M,risk,1.0,M,118.04791666666667,2023Q1,8,2,6,-0.6029174186114176,-0.7979280298596989,-0.7578455969663214
青岛发布,mainstream_only,2023-02-09 18:02:00,2023-03-09 19:31:00,M->M,norisk,0.0,M,28.061805555555555,2023Q1,8,2,6,-0.6029174186114176,-0.7979280298596989,-0.7578455969663214
静姐姐吃的学问,wemedia_only,2022-12-31 21:46:00,2023-01-03 19:07:00,M->M,norisk,0.0,M,2.8895833333333334,2023Q1,3,1,3,-0.6337022045549524,-0.8546846146191924,-0.8304837143361256
静姐姐吃的学问,wemedia_only,2023-01-03 19:07:00,2023-01-06 18:15:00,M->M,risk,1.0,M,2.963888888888889,2023Q1,3,1,3,-0.6337022045549524,-0.8546846146191924,-0.8304837143361256
非歌如梦,wemedia_only,2023-05-24 07:52:00,2023-05-24 15:12:00,H->H,risk,1.0,H,0.3055555555555556,2023Q2,9,8,7,-0.4182087029502085,-0.7790091682732011,-0.7433179734923605
非歌如梦,wemedia_only,2023-05-24 15:12:00,2023-05-24 19:53:00,H->H,risk,1.0,H,0.1951388888888889,2023Q2,9,8,7,-0.4182087029502085,-0.7790091682732011,-0.7433179734923605
非歌如梦,wemedia_only,2023-05-24 19:53:00,2023-05-27 17:30:00,H->H,risk,1.0,H,2.9006944444444445,2023Q2,9,8,7,-0.4182087029502085,-0.7790091682732011,-0.7433179734923605
非歌如梦,wemedia_only,2023-05-27 17:30:00,2023-05-28 15:01:00,H->H,risk,1.0,H,0.8965277777777778,2023Q2,9,8,7,-0.4182087029502085,-0.7790091682732011,-0.7433179734923605
非歌如梦,wemedia_only,2023-05-28 15:01:00,2023-05-30 06:46:00,H->H,risk,1.0,H,1.65625,2023Q2,9,8,7,-0.4182087029502085,-0.7790091682732011,-0.7433179734923605
非歌如梦,wemedia_only,2023-05-30 06:46:00,2023-06-05 06:16:00,H->H,risk,1.0,H,5.979166666666667,2023Q2,9,8,7,-0.4182087029502085,-0.7790091682732011,-0.7433179734923605
非歌如梦,wemedia_only,2023-06-05 06:16:00,2023-06-06 16:38:00,H->H,risk,1.0,H,1.4319444444444445,2023Q2,9,8,7,-0.4182087029502085,-0.7790091682732011,-0.7433179734923605
非歌如梦,wemedia_only,2023-06-06 16:38:00,2023-06-15 05:22:00,H->H,risk,1.0,H,8.530555555555555,2023Q2,9,8,7,-0.4182087029502085,-0.7790091682732011,-0.7433179734923605
风紧雁行高·,mainstream_only,2023-03-11 18:04:00,2023-03-11 19:01:00,M->L,norisk,0.0,L,0.03958333333333333,2023Q1,7,4,6,-0.5413478467243479,-0.7979280298596989,-0.7723732204402822
风紧雁行高·,mainstream_only,2023-03-11 19:01:00,2023-06-08 18:21:00,L->H,norisk,0.0,H,88.97222222222223,2023Q2,7,4,6,-0.5413478467243479,-0.7979280298596989,-0.7723732204402822
饱乐促和谐反极端,mainstream_only,2023-03-20 17:34:00,2023-03-31 17:07:00,H->H,norisk,0.0,H,10.98125,2023Q1,16,12,16,-0.2950695591760691,-0.6087394139947206,-0.6416246091746345
饱乐促和谐反极端,mainstream_only,2023-06-02 13:06:00,2023-06-08 20:28:00,H->M,risk,1.0,M,6.3069444444444445,2023Q2,16,12,16,-0.2950695591760691,-0.6087394139947206,-0.6416246091746345
饱乐促和谐反极端,mainstream_only,2023-11-11 21:39:00,2023-11-14 15:57:00,M->M,norisk,0.0,M,2.7625,2023Q4,16,12,16,-0.2950695591760691,-0.6087394139947206,-0.6416246091746345
马宝琳谈房颤,wemedia_only,2023-02-02 07:52:00,2023-02-02 19:32:00,M->M,risk,1.0,M,0.4861111111111111,2023Q1,93,3,76,-0.5721326326678827,0.5263922811951491,0.47700239832035096
马宝琳谈房颤,wemedia_only,2023-02-02 19:32:00,2023-02-06 10:42:00,M->M,risk,1.0,M,3.6319444444444446,2023Q1,93,3,76,-0.5721326326678827,0.5263922811951491,0.47700239832035096
马宝琳谈房颤,wemedia_only,2023-02-06 10:42:00,2023-02-09 19:10:00,M->M,risk,1.0,M,3.352777777777778,2023Q1,93,3,76,-0.5721326326678827,0.5263922811951491,0.47700239832035096
马宝琳谈房颤,wemedia_only,2023-02-09 19:10:00,2023-02-10 08:43:00,M->M,risk,1.0,M,0.5645833333333333,2023Q1,93,3,76,-0.5721326326678827,0.5263922811951491,0.47700239832035096
马宝琳谈房颤,wemedia_only,2023-02-10 08:43:00,2023-02-10 14:38:00,M->M,norisk,0.5,M,0.2465277777777778,2023Q1,93,3,76,-0.5721326326678827,0.5263922811951491,0.47700239832035096
马宝琳谈房颤,wemedia_only,2023-02-10 14:38:00,2023-02-14 18:58:00,M->M,norisk,0.5,M,4.180555555555555,2023Q1,93,3,76,-0.5721326326678827,0.5263922811951491,0.47700239832035096
马宝琳谈房颤,wemedia_only,2023-02-14 18:58:00,2023-02-25 12:10:00,M->M,risk,1.0,M,10.716666666666667,2023Q1,93,3,76,-0.5721326326678827,0.5263922811951491,0.47700239832035096
马宝琳谈房颤,wemedia_only,2023-02-25 12:10:00,2023-02-25 21:07:00,M->M,risk,1.0,M,0.3729166666666667,2023Q1,93,3,76,-0.5721326326678827,0.5263922811951491,0.47700239832035096
马宝琳谈房颤,wemedia_only,2023-02-25 21:07:00,2023-03-05 23:12:00,M->M,risk,1.0,M,8.086805555555555,2023Q1,93,3,76,-0.5721326326678827,0.5263922811951491,0.47700239832035096
马宝琳谈房颤,wemedia_only,2023-03-05 23:12:00,2023-03-08 13:07:00,M->M,risk,1.0,M,2.579861111111111,2023Q1,93,3,76,-0.5721326326678827,0.5263922811951491,0.47700239832035096
马宝琳谈房颤,wemedia_only,2023-03-08 13:07:00,2023-03-23 09:39:00,M->M,risk,1.0,M,14.855555555555556,2023Q1,93,3,76,-0.5721326326678827,0.5263922811951491,0.47700239832035096
马宝琳谈房颤,wemedia_only,2023-03-23 09:39:00,2023-05-08 22:56:00,M->M,risk,1.0,M,46.553472222222226,2023Q2,93,3,76,-0.5721326326678827,0.5263922811951491,0.47700239832035096
马宝琳谈房颤,wemedia_only,2023-05-08 22:56:00,2023-05-21 08:28:00,M->M,risk,1.0,M,12.397222222222222,2023Q2,93,3,76,-0.5721326326678827,0.5263922811951491,0.47700239832035096
马宝琳谈房颤,wemedia_only,2023-05-21 08:28:00,2023-05-21 19:33:00,M->M,risk,1.0,M,0.4618055555555556,2023Q2,93,3,76,-0.5721326326678827,0.5263922811951491,0.47700239832035096
马宝琳谈房颤,wemedia_only,2023-05-21 19:33:00,2023-05-30 22:30:00,M->M,risk,1.0,M,9.122916666666667,2023Q2,93,3,76,-0.5721326326678827,0.5263922811951491,0.47700239832035096
马宝琳谈房颤,wemedia_only,2023-05-30 22:30:00,2023-06-03 13:28:00,M->M,risk,1.0,M,3.623611111111111,2023Q2,93,3,76,-0.5721326326678827,0.5263922811951491,0.47700239832035096
马宝琳谈房颤,wemedia_only,2023-06-03 13:28:00,2023-06-03 21:55:00,M->M,risk,1.0,M,0.35208333333333336,2023Q2,93,3,76,-0.5721326326678827,0.5263922811951491,0.47700239832035096
马宝琳谈房颤,wemedia_only,2023-06-03 21:55:00,2023-06-04 09:03:00,M->M,risk,1.0,M,0.4638888888888889,2023Q2,93,3,76,-0.5721326326678827,0.5263922811951491,0.47700239832035096
马宝琳谈房颤,wemedia_only,2023-06-04 09:03:00,2023-06-07 23:16:00,M->M,norisk,0.0,M,3.592361111111111,2023Q2,93,3,76,-0.5721326326678827,0.5263922811951491,0.47700239832035096
马宝琳谈房颤,wemedia_only,2023-06-07 23:16:00,2023-06-08 13:03:00,M->M,risk,1.0,M,0.5743055555555555,2023Q2,93,3,76,-0.5721326326678827,0.5263922811951491,0.47700239832035096
马宝琳谈房颤,wemedia_only,2023-06-08 13:03:00,2023-06-08 16:21:00,M->M,norisk,0.0,M,0.1375,2023Q2,93,3,76,-0.5721326326678827,0.5263922811951491,0.47700239832035096
马宝琳谈房颤,wemedia_only,2023-06-08 16:21:00,2023-06-10 08:24:00,M->M,norisk,0.0,M,1.66875,2023Q2,93,3,76,-0.5721326326678827,0.5263922811951491,0.47700239832035096
马宝琳谈房颤,wemedia_only,2023-06-10 08:24:00,2023-06-11 08:37:00,M->M,risk,1.0,M,1.0090277777777779,2023Q2,93,3,76,-0.5721326326678827,0.5263922811951491,0.47700239832035096
马宝琳谈房颤,wemedia_only,2023-06-11 08:37:00,2023-06-12 13:35:00,M->M,risk,1.0,M,1.2069444444444444,2023Q2,93,3,76,-0.5721326326678827,0.5263922811951491,0.47700239832035096
马宝琳谈房颤,wemedia_only,2023-06-12 13:35:00,2023-06-15 07:44:00,M->M,risk,1.0,M,2.75625,2023Q2,93,3,76,-0.5721326326678827,0.5263922811951491,0.47700239832035096
马宝琳谈房颤,wemedia_only,2023-06-15 07:44:00,2023-06-16 11:16:00,M->M,risk,1.0,M,1.1472222222222221,2023Q2,93,3,76,-0.5721326326678827,0.5263922811951491,0.47700239832035096
马宝琳谈房颤,wemedia_only,2023-06-16 11:16:00,2023-07-23 11:17:00,M->M,norisk,0.0,M,37.00069444444444,2023Q3,93,3,76,-0.5721326326678827,0.5263922811951491,0.47700239832035096
马宝琳谈房颤,wemedia_only,2023-07-23 11:17:00,2023-07-23 12:07:00,M->M,norisk,0.5,M,0.034722222222222224,2023Q3,93,3,76,-0.5721326326678827,0.5263922811951491,0.47700239832035096
马宝琳谈房颤,wemedia_only,2023-07-23 12:07:00,2023-07-27 13:56:00,M->M,norisk,0.5,M,4.075694444444444,2023Q3,93,3,76,-0.5721326326678827,0.5263922811951491,0.47700239832035096
马宝琳谈房颤,wemedia_only,2023-07-27 13:56:00,2023-07-28 14:46:00,M->M,risk,1.0,M,1.0347222222222223,2023Q3,93,3,76,-0.5721326326678827,0.5263922811951491,0.47700239832035096
马宝琳谈房颤,wemedia_only,2023-07-28 14:46:00,2023-08-16 23:46:00,M->M,risk,1.0,M,19.375,2023Q3,93,3,76,-0.5721326326678827,0.5263922811951491,0.47700239832035096
马宝琳谈房颤,wemedia_only,2023-08-16 23:46:00,2023-08-27 07:51:00,M->H,risk,1.0,H,10.336805555555555,2023Q3,93,3,76,-0.5721326326678827,0.5263922811951491,0.47700239832035096
马宝琳谈房颤,wemedia_only,2023-08-27 07:51:00,2023-10-02 19:26:00,H->M,risk,1.0,M,36.482638888888886,2023Q4,93,3,76,-0.5721326326678827,0.5263922811951491,0.47700239832035096
马宝琳谈房颤,wemedia_only,2023-10-02 19:26:00,2023-11-07 17:51:00,M->M,risk,1.0,M,35.93402777777778,2023Q4,93,3,76,-0.5721326326678827,0.5263922811951491,0.47700239832035096
马宝琳谈房颤,wemedia_only,2023-11-07 17:51:00,2024-01-03 18:34:00,M->M,risk,1.0,M,57.02986111111111,2024Q1,93,3,76,-0.5721326326678827,0.5263922811951491,0.47700239832035096
马宝琳谈房颤,wemedia_only,2024-01-03 18:34:00,2024-01-04 14:00:00,M->M,risk,1.0,M,0.8097222222222222,2024Q1,93,3,76,-0.5721326326678827,0.5263922811951491,0.47700239832035096
马宝琳谈房颤,wemedia_only,2024-01-04 14:00:00,2024-01-25 22:26:00,M->M,risk,1.0,M,21.351388888888888,2024Q1,93,3,76,-0.5721326326678827,0.5263922811951491,0.47700239832035096
马宝琳谈房颤,wemedia_only,2024-01-25 22:26:00,2024-02-19 13:12:00,M->M,norisk,0.0,M,24.615277777777777,2024Q1,93,3,76,-0.5721326326678827,0.5263922811951491,0.47700239832035096
马宝琳谈房颤,wemedia_only,2024-02-19 13:12:00,2024-02-21 20:24:00,M->M,norisk,0.0,M,2.3,2024Q1,93,3,76,-0.5721326326678827,0.5263922811951491,0.47700239832035096
马宝琳谈房颤,wemedia_only,2024-02-21 20:24:00,2024-02-29 16:31:00,M->M,norisk,0.0,M,7.8381944444444445,2024Q1,93,3,76,-0.5721326326678827,0.5263922811951491,0.47700239832035096
马宝琳谈房颤,wemedia_only,2024-02-29 16:31:00,2024-03-04 20:28:00,M->H,norisk,0.0,H,4.164583333333334,2024Q1,93,3,76,-0.5721326326678827,0.5263922811951491,0.47700239832035096
马宝琳谈房颤,wemedia_only,2024-03-04 20:28:00,2024-03-22 21:45:00,H->M,risk,1.0,M,18.053472222222222,2024Q1,93,3,76,-0.5721326326678827,0.5263922811951491,0.47700239832035096
马宝琳谈房颤,wemedia_only,2024-03-22 21:45:00,2024-04-22 11:41:00,M->M,norisk,0.0,M,30.580555555555556,2024Q2,93,3,76,-0.5721326326678827,0.5263922811951491,0.47700239832035096
马宝琳谈房颤,wemedia_only,2024-04-22 11:41:00,2024-05-06 16:46:00,M->H,norisk,0.0,H,14.211805555555555,2024Q2,93,3,76,-0.5721326326678827,0.5263922811951491,0.47700239832035096
马宝琳谈房颤,wemedia_only,2024-05-06 16:46:00,2024-05-08 12:39:00,H->M,risk,1.0,M,1.8284722222222223,2024Q2,93,3,76,-0.5721326326678827,0.5263922811951491,0.47700239832035096
马宝琳谈房颤,wemedia_only,2024-05-08 12:39:00,2024-05-10 19:05:00,M->M,risk,1.0,M,2.2680555555555557,2024Q2,93,3,76,-0.5721326326678827,0.5263922811951491,0.47700239832035096
马宝琳谈房颤,wemedia_only,2024-05-10 19:05:00,2024-05-15 12:22:00,M->L,norisk,0.0,L,4.720138888888889,2024Q2,93,3,76,-0.5721326326678827,0.5263922811951491,0.47700239832035096
马宝琳谈房颤,wemedia_only,2024-05-15 12:22:00,2024-05-15 18:33:00,L->M,norisk,0.3333333333333333,M,0.25763888888888886,2024Q2,93,3,76,-0.5721326326678827,0.5263922811951491,0.47700239832035096
马宝琳谈房颤,wemedia_only,2024-05-15 18:33:00,2024-05-15 23:06:00,M->M,norisk,0.3333333333333333,M,0.18958333333333333,2024Q2,93,3,76,-0.5721326326678827,0.5263922811951491,0.47700239832035096
马宝琳谈房颤,wemedia_only,2024-05-15 23:06:00,2024-05-17 09:45:00,M->M,norisk,0.3333333333333333,M,1.44375,2024Q2,93,3,76,-0.5721326326678827,0.5263922811951491,0.47700239832035096
马宝琳谈房颤,wemedia_only,2024-05-17 09:45:00,2024-05-27 10:08:00,M->M,norisk,0.0,M,10.015972222222222,2024Q2,93,3,76,-0.5721326326678827,0.5263922811951491,0.47700239832035096
马宝琳谈房颤,wemedia_only,2024-05-27 10:08:00,2024-05-30 11:26:00,M->M,risk,1.0,M,3.0541666666666667,2024Q2,93,3,76,-0.5721326326678827,0.5263922811951491,0.47700239832035096
马宝琳谈房颤,wemedia_only,2024-05-30 11:26:00,2024-05-30 13:14:00,M->M,norisk,0.5,M,0.075,2024Q2,93,3,76,-0.5721326326678827,0.5263922811951491,0.47700239832035096
马宝琳谈房颤,wemedia_only,2024-05-30 13:14:00,2024-05-31 08:06:00,M->M,norisk,0.5,M,0.7861111111111111,2024Q2,93,3,76,-0.5721326326678827,0.5263922811951491,0.47700239832035096
马宝琳谈房颤,wemedia_only,2024-05-31 08:06:00,2024-06-05 11:11:00,M->L,risk,1.0,L,5.128472222222222,2024Q2,93,3,76,-0.5721326326678827,0.5263922811951491,0.47700239832035096
马宝琳谈房颤,wemedia_only,2024-06-05 11:11:00,2024-06-05 18:58:00,L->M,risk,0.6666666666666666,M,0.32430555555555557,2024Q2,93,3,76,-0.5721326326678827,0.5263922811951491,0.47700239832035096
马宝琳谈房颤,wemedia_only,2024-06-05 18:58:00,2024-06-05 20:38:00,M->M,risk,0.6666666666666666,M,0.06944444444444445,2024Q2,93,3,76,-0.5721326326678827,0.5263922811951491,0.47700239832035096
马宝琳谈房颤,wemedia_only,2024-06-05 20:38:00,2024-06-21 16:52:00,M->M,risk,0.6666666666666666,M,15.843055555555555,2024Q2,93,3,76,-0.5721326326678827,0.5263922811951491,0.47700239832035096
马宝琳谈房颤,wemedia_only,2024-06-21 16:52:00,2024-07-11 10:20:00,M->M,norisk,0.0,M,19.727777777777778,2024Q3,93,3,76,-0.5721326326678827,0.5263922811951491,0.47700239832035096
马宝琳谈房颤,wemedia_only,2024-07-11 10:20:00,2024-07-18 18:32:00,M->M,risk,1.0,M,7.341666666666667,2024Q3,93,3,76,-0.5721326326678827,0.5263922811951491,0.47700239832035096
马宝琳谈房颤,wemedia_only,2024-07-18 18:32:00,2024-08-11 22:19:00,M->M,risk,1.0,M,24.15763888888889,2024Q3,93,3,76,-0.5721326326678827,0.5263922811951491,0.47700239832035096
马宝琳谈房颤,wemedia_only,2024-08-11 22:19:00,2024-08-14 13:25:00,M->M,norisk,0.0,M,2.629166666666667,2024Q3,93,3,76,-0.5721326326678827,0.5263922811951491,0.47700239832035096
马宝琳谈房颤,wemedia_only,2024-08-14 13:25:00,2024-08-27 18:13:00,M->M,risk,1.0,M,13.2,2024Q3,93,3,76,-0.5721326326678827,0.5263922811951491,0.47700239832035096
马宝琳谈房颤,wemedia_only,2024-08-27 18:13:00,2024-08-30 11:28:00,M->M,risk,1.0,M,2.71875,2024Q3,93,3,76,-0.5721326326678827,0.5263922811951491,0.47700239832035096
马宝琳谈房颤,wemedia_only,2024-08-30 11:28:00,2024-09-21 18:44:00,M->M,norisk,0.0,M,22.302777777777777,2024Q3,93,3,76,-0.5721326326678827,0.5263922811951491,0.47700239832035096
马宝琳谈房颤,wemedia_only,2024-09-21 18:44:00,2024-10-18 22:45:00,M->M,risk,1.0,M,27.167361111111113,2024Q4,93,3,76,-0.5721326326678827,0.5263922811951491,0.47700239832035096
马宝琳谈房颤,wemedia_only,2024-10-18 22:45:00,2024-11-15 12:26:00,M->M,risk,1.0,M,27.570138888888888,2024Q4,93,3,76,-0.5721326326678827,0.5263922811951491,0.47700239832035096
马宝琳谈房颤,wemedia_only,2024-11-15 12:26:00,2024-11-19 17:55:00,M->M,risk,1.0,M,4.228472222222222,2024Q4,93,3,76,-0.5721326326678827,0.5263922811951491,0.47700239832035096
马宝琳谈房颤,wemedia_only,2024-11-19 17:55:00,2024-11-19 23:18:00,M->M,risk,1.0,M,0.22430555555555556,2024Q4,93,3,76,-0.5721326326678827,0.5263922811951491,0.47700239832035096
马宝琳谈房颤,wemedia_only,2024-11-19 23:18:00,2024-11-20 19:06:00,M->L,risk,1.0,L,0.825,2024Q4,93,3,76,-0.5721326326678827,0.5263922811951491,0.47700239832035096
马宝琳谈房颤,wemedia_only,2024-11-20 19:06:00,2024-11-22 10:59:00,L->H,risk,1.0,H,1.6618055555555555,2024Q4,93,3,76,-0.5721326326678827,0.5263922811951491,0.47700239832035096
马宝琳谈房颤,wemedia_only,2024-11-22 10:59:00,2024-11-23 19:06:00,H->M,risk,1.0,M,1.3381944444444445,2024Q4,93,3,76,-0.5721326326678827,0.5263922811951491,0.47700239832035096
马宝琳谈房颤,wemedia_only,2024-11-23 19:06:00,2024-11-24 09:04:00,M->M,risk,1.0,M,0.5819444444444445,2024Q4,93,3,76,-0.5721326326678827,0.5263922811951491,0.47700239832035096
马宝琳谈房颤,wemedia_only,2024-11-24 09:04:00,2024-11-24 21:30:00,M->M,norisk,0.5,M,0.5180555555555556,2024Q4,93,3,76,-0.5721326326678827,0.5263922811951491,0.47700239832035096
马宝琳谈房颤,wemedia_only,2024-11-24 21:30:00,2024-11-26 16:50:00,M->M,norisk,0.5,M,1.8055555555555556,2024Q4,93,3,76,-0.5721326326678827,0.5263922811951491,0.47700239832035096
马宝琳谈房颤,wemedia_only,2024-11-26 16:50:00,2024-12-03 09:40:00,M->M,norisk,0.0,M,6.701388888888889,2024Q4,93,3,76,-0.5721326326678827,0.5263922811951491,0.47700239832035096
马宝琳谈房颤,wemedia_only,2024-12-03 09:40:00,2024-12-03 23:08:00,M->M,risk,1.0,M,0.5611111111111111,2024Q4,93,3,76,-0.5721326326678827,0.5263922811951491,0.47700239832035096
马宝琳谈房颤,wemedia_only,2024-12-03 23:08:00,2024-12-11 12:33:00,M->M,risk,1.0,M,7.559027777777778,2024Q4,93,3,76,-0.5721326326678827,0.5263922811951491,0.47700239832035096
马宝琳谈房颤,wemedia_only,2024-12-11 12:33:00,2024-12-11 14:56:00,M->M,risk,1.0,M,0.09930555555555555,2024Q4,93,3,76,-0.5721326326678827,0.5263922811951491,0.47700239832035096
马宝琳谈房颤,wemedia_only,2024-12-11 14:56:00,2024-12-13 15:08:00,M->H,risk,1.0,H,2.0083333333333333,2024Q4,93,3,76,-0.5721326326678827,0.5263922811951491,0.47700239832035096
马宝琳谈房颤,wemedia_only,2024-12-13 15:08:00,2024-12-14 09:14:00,H->M,risk,1.0,M,0.7541666666666667,2024Q4,93,3,76,-0.5721326326678827,0.5263922811951491,0.47700239832035096
马宝琳谈房颤,wemedia_only,2024-12-14 09:14:00,2024-12-20 19:03:00,M->M,risk,1.0,M,6.409027777777778,2024Q4,93,3,76,-0.5721326326678827,0.5263922811951491,0.47700239832035096
马宝琳谈房颤,wemedia_only,2024-12-20 19:03:00,2025-01-05 23:24:00,M->M,norisk,0.0,M,16.18125,2025Q1,93,3,76,-0.5721326326678827,0.5263922811951491,0.47700239832035096
马宝琳谈房颤,wemedia_only,2025-01-05 23:24:00,2025-01-24 19:54:00,M->M,risk,1.0,M,18.854166666666668,2025Q1,93,3,76,-0.5721326326678827,0.5263922811951491,0.47700239832035096
马宝琳谈房颤,wemedia_only,2025-01-24 19:54:00,2025-02-15 20:35:00,M->M,risk,1.0,M,22.028472222222224,2025Q1,93,3,76,-0.5721326326678827,0.5263922811951491,0.47700239832035096
马宝琳谈房颤,wemedia_only,2025-02-15 20:35:00,2025-02-16 12:48:00,M->M,norisk,0.0,M,0.6756944444444445,2025Q1,93,3,76,-0.5721326326678827,0.5263922811951491,0.47700239832035096
马宝琳谈房颤,wemedia_only,2025-02-16 12:48:00,2025-05-30 21:03:00,M->H,risk,1.0,H,103.34375,2025Q2,93,3,76,-0.5721326326678827,0.5263922811951491,0.47700239832035096
马宝琳谈房颤,wemedia_only,2025-05-30 21:03:00,2025-06-04 12:22:00,H->M,norisk,0.0,M,4.638194444444444,2025Q2,93,3,76,-0.5721326326678827,0.5263922811951491,0.47700239832035096
马宝琳谈房颤,wemedia_only,2025-06-04 12:22:00,2025-06-27 15:55:00,M->M,risk,1.0,M,23.147916666666667,2025Q2,93,3,76,-0.5721326326678827,0.5263922811951491,0.47700239832035096
骑牛看周期,wemedia_only,2023-06-23 17:04:00,2024-01-10 21:59:00,M->M,norisk,0.0,M,201.20486111111111,2024Q1,6,3,6,-0.5721326326678827,-0.7979280298596989,-0.7869008439142431
魔法师蛋小丁,wemedia_only,2024-06-23 13:52:00,2024-07-08 12:56:00,M->H,risk,1.0,H,14.96111111111111,2024Q3,4,1,4,-0.6337022045549524,-0.8357657530326946,-0.8159560908621647
鹤翔九天9861,wemedia_only,2024-07-11 22:36:00,2025-05-28 06:03:00,M->M,risk,1.0,M,320.31041666666664,2025Q2,2,15,2,-0.20271520134546453,-0.8736034762056902,-0.8450113378100864
麦可依然香饽饽,mainstream_only,2023-02-26 22:34:00,2023-02-27 00:24:00,M->H,risk,1.0,H,0.0763888888888889,2023Q1,28,23,28,0.043563086202814294,-0.38171307495674667,-0.46729312748710433
麦可依然香饽饽,mainstream_only,2023-12-09 22:36:00,2024-02-07 21:21:00,H->H,norisk,0.0,H,59.947916666666664,2024Q1,28,23,28,0.043563086202814294,-0.38171307495674667,-0.46729312748710433
黄勇刚,wemedia_only,2023-10-01 13:37:00,2024-10-22 12:49:00,M->M,risk,1.0,M,386.96666666666664,2024Q4,2,1,2,-0.6337022045549524,-0.8736034762056902,-0.8450113378100864
黄圆媛医师,wemedia_only,2021-03-23 09:48:00,2023-05-31 14:18:00,M->M,risk,1.0,M,799.1875,2023Q2,2,2,2,-0.6029174186114176,-0.8736034762056902,-0.8450113378100864
黄埔检察,mainstream_only,2022-10-14 11:48:00,2023-03-06 17:00:11,M->M,risk,1.0,M,143.2167939814815,2023Q1,2,2,2,-0.6029174186114176,-0.8736034762056902,-0.8450113378100864
黄昏起了雪犹其宁静,wemedia_only,2022-12-01 13:39:00,2022-12-01 13:41:00,H->M,norisk,0.5,M,0.001388888888888889,2022Q4,2,1,1,-0.6337022045549524,-0.892522337792188,-0.8450113378100864
黔南检察,mainstream_only,2022-10-14 10:43:00,2023-05-30 15:30:00,M->M,norisk,0.3333333333333333,M,228.19930555555555,2023Q2,3,1,3,-0.6337022045549524,-0.8546846146191924,-0.8304837143361256
齐鲁青未了-3,wemedia_only,2022-12-24 09:27:00,2023-01-07 23:35:00,M->M,risk,1.0,M,14.588888888888889,2023Q1,26,14,26,-0.23349998728899937,-0.41955079812974233,-0.49634837443502605
齐鲁青未了-3,wemedia_only,2023-10-09 13:55:00,2023-11-20 09:07:00,H->H,risk,1.0,H,41.8,2023Q4,26,14,26,-0.23349998728899937,-0.41955079812974233,-0.49634837443502605
